[{"Modalità dinamica :":false,"Q : ":2,"STARTING PARTITION: ":{"11":4,"12":5,"13":10,"14":8,"15":6,"16":1,"17":6,"18":4,"19":5,"1":5,"2":8,"3":10,"4":3,"5":5,"6":2,"7":2,"8":5,"9":3,"20":2,"10":3},"LAST COALITION":[[],[{"utility":0,"ID":16}],[{"utility":59,"ID":2},{"utility":82,"ID":3}],[{"utility":92,"ID":4},{"utility":99,"ID":10}],[{"utility":0,"ID":19}],[{"utility":0,"ID":13}],[{"utility":98,"ID":8},{"utility":61,"ID":20}],[{"utility":97,"ID":6},{"utility":15,"ID":18}],[{"utility":0,"ID":5}],[],[{"utility":60,"ID":11},{"utility":52,"ID":14}],[{"utility":92,"ID":9},{"utility":75,"ID":17}],[{"utility":83,"ID":7},{"utility":61,"ID":12}],[{"utility":7,"ID":1},{"utility":60,"ID":15}],[],[],[],[],[],[],[]],"STARTING COALITION: ":[[null],[{"utility":0,"ID":16}],[{"utility":40,"ID":6},{"utility":10,"ID":7},{"utility":63.5,"ID":20}],[{"utility":61,"ID":4},{"utility":16.5,"ID":9},{"utility":74.5,"ID":10}],[{"utility":17,"ID":11},{"utility":0,"ID":18}],[{"utility":8.75,"ID":1},{"utility":56.5,"ID":5},{"utility":72.25,"ID":8},{"utility":57.25,"ID":12},{"utility":59.75,"ID":19}],[{"utility":86,"ID":15},{"utility":11,"ID":17}],[],[{"utility":10,"ID":2},{"utility":0,"ID":14}],[],[{"utility":76,"ID":3},{"utility":27,"ID":13}],[],[],[],[],[],[],[],[],[],[]],"CORE :":false,"Relazioni :":340,"Time : ":0.1,"LAST PARTITION":{"11":10,"12":12,"13":5,"14":10,"15":13,"16":1,"17":11,"18":7,"19":4,"1":13,"2":2,"3":2,"4":3,"5":8,"6":7,"7":12,"8":6,"9":11,"20":6,"10":3}},{"Modalità dinamica :":false,"Q : ":2,"STARTING PARTITION: ":{"11":4,"12":5,"13":10,"14":8,"15":6,"16":1,"17":6,"18":4,"19":5,"1":5,"2":8,"3":10,"4":3,"5":5,"6":2,"7":2,"8":5,"9":3,"20":2,"10":3},"LAST COALITION":[[],[{"utility":0,"ID":16}],[{"utility":59,"ID":2},{"utility":82,"ID":3}],[{"utility":92,"ID":4},{"utility":99,"ID":10}],[{"utility":0,"ID":19}],[{"utility":0,"ID":13}],[{"utility":98,"ID":8},{"utility":61,"ID":20}],[{"utility":97,"ID":6},{"utility":15,"ID":18}],[],[{"utility":87,"ID":5},{"utility":86,"ID":12}],[{"utility":60,"ID":11},{"utility":52,"ID":14}],[{"utility":92,"ID":9},{"utility":75,"ID":17}],[{"utility":0,"ID":7}],[{"utility":7,"ID":1},{"utility":60,"ID":15}],[],[],[],[],[],[],[]],"STARTING COALITION: ":[[null],[{"utility":0,"ID":16}],[{"utility":40,"ID":6},{"utility":10,"ID":7},{"utility":63.5,"ID":20}],[{"utility":61,"ID":4},{"utility":16.5,"ID":9},{"utility":74.5,"ID":10}],[{"utility":17,"ID":11},{"utility":0,"ID":18}],[{"utility":8.75,"ID":1},{"utility":56.5,"ID":5},{"utility":72.25,"ID":8},{"utility":57.25,"ID":12},{"utility":59.75,"ID":19}],[{"utility":86,"ID":15},{"utility":11,"ID":17}],[],[{"utility":10,"ID":2},{"utility":0,"ID":14}],[],[{"utility":76,"ID":3},{"utility":27,"ID":13}],[],[],[],[],[],[],[],[],[],[]],"CORE :":false,"Relazioni :":340,"Time : ":0.2,"LAST PARTITION":{"11":10,"12":9,"13":5,"14":10,"15":13,"16":1,"17":11,"18":7,"19":4,"1":13,"2":2,"3":2,"4":3,"5":9,"6":7,"7":12,"8":6,"9":11,"20":6,"10":3}},{"Modalità dinamica :":false,"Q : ":3,"STARTING PARTITION: ":{"11":4,"12":5,"13":10,"14":8,"15":6,"16":1,"17":6,"18":4,"19":5,"1":5,"2":8,"3":10,"4":3,"5":5,"6":2,"7":2,"8":5,"9":3,"20":2,"10":3},"LAST COALITION":[[],[{"utility":0,"ID":16}],[{"utility":59,"ID":2},{"utility":82,"ID":3}],[{"utility":92,"ID":4},{"utility":99,"ID":10}],[{"utility":0,"ID":19}],[{"utility":0,"ID":13}],[{"utility":98,"ID":8},{"utility":61,"ID":20}],[{"utility":97,"ID":6},{"utility":15,"ID":18}],[{"utility":0,"ID":1}],[],[{"utility":60,"ID":11},{"utility":52,"ID":14}],[{"utility":92,"ID":9},{"utility":75,"ID":17}],[{"utility":95,"ID":5},{"utility":45,"ID":15}],[{"utility":83,"ID":7},{"utility":61,"ID":12}],[],[],[],[],[],[],[]],"STARTING COALITION: ":[[null],[{"utility":0,"ID":16}],[{"utility":40,"ID":6},{"utility":10,"ID":7},{"utility":63.5,"ID":20}],[{"utility":61,"ID":4},{"utility":16.5,"ID":9},{"utility":74.5,"ID":10}],[{"utility":17,"ID":11},{"utility":0,"ID":18}],[{"utility":8.75,"ID":1},{"utility":56.5,"ID":5},{"utility":72.25,"ID":8},{"utility":57.25,"ID":12},{"utility":59.75,"ID":19}],[{"utility":86,"ID":15},{"utility":11,"ID":17}],[],[{"utility":10,"ID":2},{"utility":0,"ID":14}],[],[{"utility":76,"ID":3},{"utility":27,"ID":13}],[],[],[],[],[],[],[],[],[],[]],"CORE :":false,"Relazioni :":340,"Time : ":0.1,"LAST PARTITION":{"11":10,"12":13,"13":5,"14":10,"15":12,"16":1,"17":11,"18":7,"19":4,"1":8,"2":2,"3":2,"4":3,"5":12,"6":7,"7":13,"8":6,"9":11,"20":6,"10":3}},{"Modalità dinamica :":false,"Q : ":3,"STARTING PARTITION: ":{"11":4,"12":5,"13":10,"14":8,"15":6,"16":1,"17":6,"18":4,"19":5,"1":5,"2":8,"3":10,"4":3,"5":5,"6":2,"7":2,"8":5,"9":3,"20":2,"10":3},"LAST COALITION":[[],[{"utility":0,"ID":16}],[{"utility":59,"ID":2},{"utility":82,"ID":3}],[{"utility":92,"ID":4},{"utility":99,"ID":10}],[{"utility":0,"ID":19}],[{"utility":0,"ID":13}],[{"utility":98,"ID":8},{"utility":61,"ID":20}],[{"utility":97,"ID":6},{"utility":15,"ID":18}],[],[{"utility":83,"ID":7},{"utility":61,"ID":12}],[{"utility":60,"ID":11},{"utility":52,"ID":14}],[{"utility":92,"ID":9},{"utility":75,"ID":17}],[{"utility":0,"ID":1}],[{"utility":95,"ID":5},{"utility":45,"ID":15}],[],[],[],[],[],[],[]],"STARTING COALITION: ":[[null],[{"utility":0,"ID":16}],[{"utility":40,"ID":6},{"utility":10,"ID":7},{"utility":63.5,"ID":20}],[{"utility":61,"ID":4},{"utility":16.5,"ID":9},{"utility":74.5,"ID":10}],[{"utility":17,"ID":11},{"utility":0,"ID":18}],[{"utility":8.75,"ID":1},{"utility":56.5,"ID":5},{"utility":72.25,"ID":8},{"utility":57.25,"ID":12},{"utility":59.75,"ID":19}],[{"utility":86,"ID":15},{"utility":11,"ID":17}],[],[{"utility":10,"ID":2},{"utility":0,"ID":14}],[],[{"utility":76,"ID":3},{"utility":27,"ID":13}],[],[],[],[],[],[],[],[],[],[]],"CORE :":false,"Relazioni :":340,"Time : ":0.2,"LAST PARTITION":{"11":10,"12":9,"13":5,"14":10,"15":13,"16":1,"17":11,"18":7,"19":4,"1":12,"2":2,"3":2,"4":3,"5":13,"6":7,"7":9,"8":6,"9":11,"20":6,"10":3}},{"Modalità dinamica :":false,"Q : ":4,"STARTING PARTITION: ":{"11":4,"12":5,"13":10,"14":8,"15":6,"16":1,"17":6,"18":4,"19":5,"1":5,"2":8,"3":10,"4":3,"5":5,"6":2,"7":2,"8":5,"9":3,"20":2,"10":3},"LAST COALITION":[[],[{"utility":0,"ID":16}],[{"utility":59,"ID":2},{"utility":82,"ID":3}],[{"utility":92,"ID":4},{"utility":99,"ID":10}],[{"utility":0,"ID":19}],[{"utility":0,"ID":13}],[{"utility":61,"ID":20},{"utility":98,"ID":8}],[{"utility":15,"ID":18},{"utility":97,"ID":6}],[{"utility":0,"ID":12}],[],[{"utility":60,"ID":11},{"utility":52,"ID":14}],[{"utility":75,"ID":17},{"utility":92,"ID":9}],[{"utility":34,"ID":1},{"utility":81,"ID":7}],[{"utility":95,"ID":5},{"utility":45,"ID":15}],[],[],[],[],[],[],[]],"STARTING COALITION: ":[[null],[{"utility":0,"ID":16}],[{"utility":40,"ID":6},{"utility":10,"ID":7},{"utility":63.5,"ID":20}],[{"utility":61,"ID":4},{"utility":16.5,"ID":9},{"utility":74.5,"ID":10}],[{"utility":17,"ID":11},{"utility":0,"ID":18}],[{"utility":8.75,"ID":1},{"utility":56.5,"ID":5},{"utility":72.25,"ID":8},{"utility":57.25,"ID":12},{"utility":59.75,"ID":19}],[{"utility":86,"ID":15},{"utility":11,"ID":17}],[],[{"utility":10,"ID":2},{"utility":0,"ID":14}],[],[{"utility":76,"ID":3},{"utility":27,"ID":13}],[],[],[],[],[],[],[],[],[],[]],"CORE :":false,"Relazioni :":340,"Time : ":0.1,"LAST PARTITION":{"11":10,"12":8,"13":5,"14":10,"15":13,"16":1,"17":11,"18":7,"19":4,"1":12,"2":2,"3":2,"4":3,"5":13,"6":7,"7":12,"8":6,"9":11,"20":6,"10":3}},{"Modalità dinamica :":false,"Q : ":4,"STARTING PARTITION: ":{"11":4,"12":5,"13":10,"14":8,"15":6,"16":1,"17":6,"18":4,"19":5,"1":5,"2":8,"3":10,"4":3,"5":5,"6":2,"7":2,"8":5,"9":3,"20":2,"10":3},"LAST COALITION":[[],[{"utility":0,"ID":16}],[{"utility":59,"ID":2},{"utility":82,"ID":3}],[{"utility":92,"ID":4},{"utility":99,"ID":10}],[{"utility":0,"ID":19}],[{"utility":0,"ID":13}],[{"utility":61,"ID":20},{"utility":98,"ID":8}],[{"utility":15,"ID":18},{"utility":97,"ID":6}],[{"utility":0,"ID":1}],[],[{"utility":60,"ID":11},{"utility":52,"ID":14}],[{"utility":75,"ID":17},{"utility":92,"ID":9}],[{"utility":95,"ID":5},{"utility":45,"ID":15}],[{"utility":83,"ID":7},{"utility":61,"ID":12}],[],[],[],[],[],[],[]],"STARTING COALITION: ":[[null],[{"utility":0,"ID":16}],[{"utility":40,"ID":6},{"utility":10,"ID":7},{"utility":63.5,"ID":20}],[{"utility":61,"ID":4},{"utility":16.5,"ID":9},{"utility":74.5,"ID":10}],[{"utility":17,"ID":11},{"utility":0,"ID":18}],[{"utility":8.75,"ID":1},{"utility":56.5,"ID":5},{"utility":72.25,"ID":8},{"utility":57.25,"ID":12},{"utility":59.75,"ID":19}],[{"utility":86,"ID":15},{"utility":11,"ID":17}],[],[{"utility":10,"ID":2},{"utility":0,"ID":14}],[],[{"utility":76,"ID":3},{"utility":27,"ID":13}],[],[],[],[],[],[],[],[],[],[]],"CORE :":false,"Relazioni :":340,"Time : ":0.2,"LAST PARTITION":{"11":10,"12":13,"13":5,"14":10,"15":12,"16":1,"17":11,"18":7,"19":4,"1":8,"2":2,"3":2,"4":3,"5":12,"6":7,"7":13,"8":6,"9":11,"20":6,"10":3}},{"Modalità dinamica :":false,"Q : ":5,"STARTING PARTITION: ":{"11":4,"12":5,"13":10,"14":8,"15":6,"16":1,"17":6,"18":4,"19":5,"1":5,"2":8,"3":10,"4":3,"5":5,"6":2,"7":2,"8":5,"9":3,"20":2,"10":3},"LAST COALITION":[[],[{"utility":0,"ID":16}],[{"utility":59,"ID":2},{"utility":82,"ID":3}],[{"utility":92,"ID":4},{"utility":99,"ID":10}],[{"utility":0,"ID":19}],[{"utility":0,"ID":13}],[{"utility":61,"ID":20},{"utility":98,"ID":8}],[{"utility":15,"ID":18},{"utility":97,"ID":6}],[{"utility":87,"ID":5},{"utility":86,"ID":12}],[{"utility":0,"ID":15}],[{"utility":60,"ID":11},{"utility":52,"ID":14}],[{"utility":75,"ID":17},{"utility":92,"ID":9}],[{"utility":34,"ID":1},{"utility":81,"ID":7}],[],[],[],[],[],[],[],[]],"STARTING COALITION: ":[[null],[{"utility":0,"ID":16}],[{"utility":40,"ID":6},{"utility":10,"ID":7},{"utility":63.5,"ID":20}],[{"utility":61,"ID":4},{"utility":16.5,"ID":9},{"utility":74.5,"ID":10}],[{"utility":17,"ID":11},{"utility":0,"ID":18}],[{"utility":8.75,"ID":1},{"utility":56.5,"ID":5},{"utility":72.25,"ID":8},{"utility":57.25,"ID":12},{"utility":59.75,"ID":19}],[{"utility":86,"ID":15},{"utility":11,"ID":17}],[],[{"utility":10,"ID":2},{"utility":0,"ID":14}],[],[{"utility":76,"ID":3},{"utility":27,"ID":13}],[],[],[],[],[],[],[],[],[],[]],"CORE :":false,"Relazioni :":340,"Time : ":0.1,"LAST PARTITION":{"11":10,"12":8,"13":5,"14":10,"15":9,"16":1,"17":11,"18":7,"19":4,"1":12,"2":2,"3":2,"4":3,"5":8,"6":7,"7":12,"8":6,"9":11,"20":6,"10":3}},{"Modalità dinamica :":false,"Q : ":5,"STARTING PARTITION: ":{"11":4,"12":5,"13":10,"14":8,"15":6,"16":1,"17":6,"18":4,"19":5,"1":5,"2":8,"3":10,"4":3,"5":5,"6":2,"7":2,"8":5,"9":3,"20":2,"10":3},"LAST COALITION":[[],[{"utility":0,"ID":16}],[{"utility":59,"ID":2},{"utility":82,"ID":3}],[{"utility":92,"ID":4},{"utility":99,"ID":10}],[{"utility":0,"ID":19}],[{"utility":0,"ID":13}],[{"utility":61,"ID":20},{"utility":98,"ID":8}],[{"utility":15,"ID":18},{"utility":97,"ID":6}],[{"utility":87,"ID":5},{"utility":86,"ID":12}],[{"utility":7,"ID":1},{"utility":60,"ID":15}],[{"utility":60,"ID":11},{"utility":52,"ID":14}],[{"utility":75,"ID":17},{"utility":92,"ID":9}],[],[{"utility":0,"ID":7}],[],[],[],[],[],[],[]],"STARTING COALITION: ":[[null],[{"utility":0,"ID":16}],[{"utility":40,"ID":6},{"utility":10,"ID":7},{"utility":63.5,"ID":20}],[{"utility":61,"ID":4},{"utility":16.5,"ID":9},{"utility":74.5,"ID":10}],[{"utility":17,"ID":11},{"utility":0,"ID":18}],[{"utility":8.75,"ID":1},{"utility":56.5,"ID":5},{"utility":72.25,"ID":8},{"utility":57.25,"ID":12},{"utility":59.75,"ID":19}],[{"utility":86,"ID":15},{"utility":11,"ID":17}],[],[{"utility":10,"ID":2},{"utility":0,"ID":14}],[],[{"utility":76,"ID":3},{"utility":27,"ID":13}],[],[],[],[],[],[],[],[],[],[]],"CORE :":false,"Relazioni :":340,"Time : ":0.2,"LAST PARTITION":{"11":10,"12":8,"13":5,"14":10,"15":9,"16":1,"17":11,"18":7,"19":4,"1":9,"2":2,"3":2,"4":3,"5":8,"6":7,"7":13,"8":6,"9":11,"20":6,"10":3}},{"Modalità dinamica :":false,"Q : ":6,"STARTING PARTITION: ":{"11":4,"12":5,"13":10,"14":8,"15":6,"16":1,"17":6,"18":4,"19":5,"1":5,"2":8,"3":10,"4":3,"5":5,"6":2,"7":2,"8":5,"9":3,"20":2,"10":3},"LAST COALITION":[[],[{"utility":0,"ID":16}],[{"utility":59,"ID":2},{"utility":82,"ID":3}],[{"utility":92,"ID":4},{"utility":99,"ID":10}],[{"utility":0,"ID":19}],[{"utility":0,"ID":13}],[{"utility":61,"ID":20},{"utility":98,"ID":8}],[{"utility":15,"ID":18},{"utility":97,"ID":6}],[{"utility":87,"ID":5},{"utility":86,"ID":12}],[{"utility":7,"ID":1},{"utility":60,"ID":15}],[{"utility":60,"ID":11},{"utility":52,"ID":14}],[{"utility":75,"ID":17},{"utility":92,"ID":9}],[],[{"utility":0,"ID":7}],[],[],[],[],[],[],[]],"STARTING COALITION: ":[[null],[{"utility":0,"ID":16}],[{"utility":40,"ID":6},{"utility":10,"ID":7},{"utility":63.5,"ID":20}],[{"utility":61,"ID":4},{"utility":16.5,"ID":9},{"utility":74.5,"ID":10}],[{"utility":17,"ID":11},{"utility":0,"ID":18}],[{"utility":8.75,"ID":1},{"utility":56.5,"ID":5},{"utility":72.25,"ID":8},{"utility":57.25,"ID":12},{"utility":59.75,"ID":19}],[{"utility":86,"ID":15},{"utility":11,"ID":17}],[],[{"utility":10,"ID":2},{"utility":0,"ID":14}],[],[{"utility":76,"ID":3},{"utility":27,"ID":13}],[],[],[],[],[],[],[],[],[],[]],"CORE :":false,"Relazioni :":340,"Time : ":0.1,"LAST PARTITION":{"11":10,"12":8,"13":5,"14":10,"15":9,"16":1,"17":11,"18":7,"19":4,"1":9,"2":2,"3":2,"4":3,"5":8,"6":7,"7":13,"8":6,"9":11,"20":6,"10":3}},{"Modalità dinamica :":false,"Q : ":6,"STARTING PARTITION: ":{"11":4,"12":5,"13":10,"14":8,"15":6,"16":1,"17":6,"18":4,"19":5,"1":5,"2":8,"3":10,"4":3,"5":5,"6":2,"7":2,"8":5,"9":3,"20":2,"10":3},"LAST COALITION":[[],[{"utility":0,"ID":16}],[{"utility":59,"ID":2},{"utility":82,"ID":3}],[{"utility":92,"ID":4},{"utility":99,"ID":10}],[{"utility":0,"ID":19}],[{"utility":0,"ID":13}],[{"utility":61,"ID":20},{"utility":98,"ID":8}],[{"utility":15,"ID":18},{"utility":97,"ID":6}],[{"utility":0,"ID":12}],[],[{"utility":60,"ID":11},{"utility":52,"ID":14}],[{"utility":75,"ID":17},{"utility":92,"ID":9}],[{"utility":34,"ID":1},{"utility":81,"ID":7}],[{"utility":95,"ID":5},{"utility":45,"ID":15}],[],[],[],[],[],[],[]],"STARTING COALITION: ":[[null],[{"utility":0,"ID":16}],[{"utility":40,"ID":6},{"utility":10,"ID":7},{"utility":63.5,"ID":20}],[{"utility":61,"ID":4},{"utility":16.5,"ID":9},{"utility":74.5,"ID":10}],[{"utility":17,"ID":11},{"utility":0,"ID":18}],[{"utility":8.75,"ID":1},{"utility":56.5,"ID":5},{"utility":72.25,"ID":8},{"utility":57.25,"ID":12},{"utility":59.75,"ID":19}],[{"utility":86,"ID":15},{"utility":11,"ID":17}],[],[{"utility":10,"ID":2},{"utility":0,"ID":14}],[],[{"utility":76,"ID":3},{"utility":27,"ID":13}],[],[],[],[],[],[],[],[],[],[]],"CORE :":false,"Relazioni :":340,"Time : ":0.2,"LAST PARTITION":{"11":10,"12":8,"13":5,"14":10,"15":13,"16":1,"17":11,"18":7,"19":4,"1":12,"2":2,"3":2,"4":3,"5":13,"6":7,"7":12,"8":6,"9":11,"20":6,"10":3}},{"Modalità dinamica :":false,"Q : ":7,"STARTING PARTITION: ":{"11":4,"12":5,"13":10,"14":8,"15":6,"16":1,"17":6,"18":4,"19":5,"1":5,"2":8,"3":10,"4":3,"5":5,"6":2,"7":2,"8":5,"9":3,"20":2,"10":3},"LAST COALITION":[[],[{"utility":0,"ID":16}],[{"utility":59,"ID":2},{"utility":82,"ID":3}],[{"utility":92,"ID":4},{"utility":99,"ID":10}],[{"utility":0,"ID":19}],[{"utility":0,"ID":13}],[{"utility":61,"ID":20},{"utility":98,"ID":8}],[{"utility":15,"ID":18},{"utility":97,"ID":6}],[],[{"utility":34,"ID":1},{"utility":81,"ID":7}],[{"utility":60,"ID":11},{"utility":52,"ID":14}],[{"utility":75,"ID":17},{"utility":92,"ID":9}],[{"utility":0,"ID":15}],[{"utility":87,"ID":5},{"utility":86,"ID":12}],[],[],[],[],[],[],[]],"STARTING COALITION: ":[[null],[{"utility":0,"ID":16}],[{"utility":40,"ID":6},{"utility":10,"ID":7},{"utility":63.5,"ID":20}],[{"utility":61,"ID":4},{"utility":16.5,"ID":9},{"utility":74.5,"ID":10}],[{"utility":17,"ID":11},{"utility":0,"ID":18}],[{"utility":8.75,"ID":1},{"utility":56.5,"ID":5},{"utility":72.25,"ID":8},{"utility":57.25,"ID":12},{"utility":59.75,"ID":19}],[{"utility":86,"ID":15},{"utility":11,"ID":17}],[],[{"utility":10,"ID":2},{"utility":0,"ID":14}],[],[{"utility":76,"ID":3},{"utility":27,"ID":13}],[],[],[],[],[],[],[],[],[],[]],"CORE :":false,"Relazioni :":340,"Time : ":0.1,"LAST PARTITION":{"11":10,"12":13,"13":5,"14":10,"15":12,"16":1,"17":11,"18":7,"19":4,"1":9,"2":2,"3":2,"4":3,"5":13,"6":7,"7":9,"8":6,"9":11,"20":6,"10":3}},{"Modalità dinamica :":false,"Q : ":7,"STARTING PARTITION: ":{"11":4,"12":5,"13":10,"14":8,"15":6,"16":1,"17":6,"18":4,"19":5,"1":5,"2":8,"3":10,"4":3,"5":5,"6":2,"7":2,"8":5,"9":3,"20":2,"10":3},"LAST COALITION":[[],[{"utility":0,"ID":16}],[{"utility":59,"ID":2},{"utility":82,"ID":3}],[{"utility":92,"ID":4},{"utility":99,"ID":10}],[{"utility":0,"ID":19}],[{"utility":0,"ID":13}],[{"utility":61,"ID":20},{"utility":98,"ID":8}],[{"utility":15,"ID":18},{"utility":97,"ID":6}],[{"utility":87,"ID":5},{"utility":86,"ID":12}],[{"utility":7,"ID":1},{"utility":60,"ID":15}],[{"utility":60,"ID":11},{"utility":52,"ID":14}],[{"utility":75,"ID":17},{"utility":92,"ID":9}],[],[{"utility":0,"ID":7}],[],[],[],[],[],[],[]],"STARTING COALITION: ":[[null],[{"utility":0,"ID":16}],[{"utility":40,"ID":6},{"utility":10,"ID":7},{"utility":63.5,"ID":20}],[{"utility":61,"ID":4},{"utility":16.5,"ID":9},{"utility":74.5,"ID":10}],[{"utility":17,"ID":11},{"utility":0,"ID":18}],[{"utility":8.75,"ID":1},{"utility":56.5,"ID":5},{"utility":72.25,"ID":8},{"utility":57.25,"ID":12},{"utility":59.75,"ID":19}],[{"utility":86,"ID":15},{"utility":11,"ID":17}],[],[{"utility":10,"ID":2},{"utility":0,"ID":14}],[],[{"utility":76,"ID":3},{"utility":27,"ID":13}],[],[],[],[],[],[],[],[],[],[]],"CORE :":false,"Relazioni :":340,"Time : ":0.2,"LAST PARTITION":{"11":10,"12":8,"13":5,"14":10,"15":9,"16":1,"17":11,"18":7,"19":4,"1":9,"2":2,"3":2,"4":3,"5":8,"6":7,"7":13,"8":6,"9":11,"20":6,"10":3}},{"Modalità dinamica :":false,"Q : ":8,"STARTING PARTITION: ":{"11":4,"12":5,"13":10,"14":8,"15":6,"16":1,"17":6,"18":4,"19":5,"1":5,"2":8,"3":10,"4":3,"5":5,"6":2,"7":2,"8":5,"9":3,"20":2,"10":3},"LAST COALITION":[[],[{"utility":0,"ID":16}],[{"utility":59,"ID":2},{"utility":82,"ID":3}],[{"utility":92,"ID":4},{"utility":99,"ID":10}],[{"utility":0,"ID":19}],[{"utility":0,"ID":13}],[{"utility":61,"ID":20},{"utility":98,"ID":8}],[{"utility":15,"ID":18},{"utility":97,"ID":6}],[{"utility":0,"ID":7}],[],[{"utility":60,"ID":11},{"utility":52,"ID":14}],[{"utility":75,"ID":17},{"utility":92,"ID":9}],[{"utility":7,"ID":1},{"utility":60,"ID":15}],[{"utility":87,"ID":5},{"utility":86,"ID":12}],[],[],[],[],[],[],[]],"STARTING COALITION: ":[[null],[{"utility":0,"ID":16}],[{"utility":40,"ID":6},{"utility":10,"ID":7},{"utility":63.5,"ID":20}],[{"utility":61,"ID":4},{"utility":16.5,"ID":9},{"utility":74.5,"ID":10}],[{"utility":17,"ID":11},{"utility":0,"ID":18}],[{"utility":8.75,"ID":1},{"utility":56.5,"ID":5},{"utility":72.25,"ID":8},{"utility":57.25,"ID":12},{"utility":59.75,"ID":19}],[{"utility":86,"ID":15},{"utility":11,"ID":17}],[],[{"utility":10,"ID":2},{"utility":0,"ID":14}],[],[{"utility":76,"ID":3},{"utility":27,"ID":13}],[],[],[],[],[],[],[],[],[],[]],"CORE :":false,"Relazioni :":340,"Time : ":0.1,"LAST PARTITION":{"11":10,"12":13,"13":5,"14":10,"15":12,"16":1,"17":11,"18":7,"19":4,"1":12,"2":2,"3":2,"4":3,"5":13,"6":7,"7":8,"8":6,"9":11,"20":6,"10":3}},{"Modalità dinamica :":false,"Q : ":8,"STARTING PARTITION: ":{"11":4,"12":5,"13":10,"14":8,"15":6,"16":1,"17":6,"18":4,"19":5,"1":5,"2":8,"3":10,"4":3,"5":5,"6":2,"7":2,"8":5,"9":3,"20":2,"10":3},"LAST COALITION":[[],[{"utility":0,"ID":16}],[{"utility":59,"ID":2},{"utility":82,"ID":3}],[{"utility":92,"ID":4},{"utility":99,"ID":10}],[{"utility":0,"ID":19}],[{"utility":0,"ID":13}],[{"utility":61,"ID":20},{"utility":98,"ID":8}],[{"utility":15,"ID":18},{"utility":97,"ID":6}],[],[{"utility":95,"ID":5},{"utility":45,"ID":15}],[{"utility":60,"ID":11},{"utility":52,"ID":14}],[{"utility":75,"ID":17},{"utility":92,"ID":9}],[{"utility":0,"ID":12}],[{"utility":34,"ID":1},{"utility":81,"ID":7}],[],[],[],[],[],[],[]],"STARTING COALITION: ":[[null],[{"utility":0,"ID":16}],[{"utility":40,"ID":6},{"utility":10,"ID":7},{"utility":63.5,"ID":20}],[{"utility":61,"ID":4},{"utility":16.5,"ID":9},{"utility":74.5,"ID":10}],[{"utility":17,"ID":11},{"utility":0,"ID":18}],[{"utility":8.75,"ID":1},{"utility":56.5,"ID":5},{"utility":72.25,"ID":8},{"utility":57.25,"ID":12},{"utility":59.75,"ID":19}],[{"utility":86,"ID":15},{"utility":11,"ID":17}],[],[{"utility":10,"ID":2},{"utility":0,"ID":14}],[],[{"utility":76,"ID":3},{"utility":27,"ID":13}],[],[],[],[],[],[],[],[],[],[]],"CORE :":false,"Relazioni :":340,"Time : ":0.2,"LAST PARTITION":{"11":10,"12":12,"13":5,"14":10,"15":9,"16":1,"17":11,"18":7,"19":4,"1":13,"2":2,"3":2,"4":3,"5":9,"6":7,"7":13,"8":6,"9":11,"20":6,"10":3}},{"Modalità dinamica :":false,"Q : ":9,"STARTING PARTITION: ":{"11":4,"12":5,"13":10,"14":8,"15":6,"16":1,"17":6,"18":4,"19":5,"1":5,"2":8,"3":10,"4":3,"5":5,"6":2,"7":2,"8":5,"9":3,"20":2,"10":3},"LAST COALITION":[[],[{"utility":0,"ID":16}],[{"utility":59,"ID":2},{"utility":82,"ID":3}],[{"utility":92,"ID":4},{"utility":99,"ID":10}],[{"utility":0,"ID":19}],[{"utility":0,"ID":13}],[{"utility":61,"ID":20},{"utility":98,"ID":8}],[{"utility":15,"ID":18},{"utility":97,"ID":6}],[{"utility":0,"ID":1}],[],[{"utility":60,"ID":11},{"utility":52,"ID":14}],[{"utility":75,"ID":17},{"utility":92,"ID":9}],[{"utility":95,"ID":5},{"utility":45,"ID":15}],[{"utility":83,"ID":7},{"utility":61,"ID":12}],[],[],[],[],[],[],[]],"STARTING COALITION: ":[[null],[{"utility":0,"ID":16}],[{"utility":40,"ID":6},{"utility":10,"ID":7},{"utility":63.5,"ID":20}],[{"utility":61,"ID":4},{"utility":16.5,"ID":9},{"utility":74.5,"ID":10}],[{"utility":17,"ID":11},{"utility":0,"ID":18}],[{"utility":8.75,"ID":1},{"utility":56.5,"ID":5},{"utility":72.25,"ID":8},{"utility":57.25,"ID":12},{"utility":59.75,"ID":19}],[{"utility":86,"ID":15},{"utility":11,"ID":17}],[],[{"utility":10,"ID":2},{"utility":0,"ID":14}],[],[{"utility":76,"ID":3},{"utility":27,"ID":13}],[],[],[],[],[],[],[],[],[],[]],"CORE :":false,"Relazioni :":340,"Time : ":0.1,"LAST PARTITION":{"11":10,"12":13,"13":5,"14":10,"15":12,"16":1,"17":11,"18":7,"19":4,"1":8,"2":2,"3":2,"4":3,"5":12,"6":7,"7":13,"8":6,"9":11,"20":6,"10":3}},{"Modalità dinamica :":false,"Q : ":9,"STARTING PARTITION: ":{"11":4,"12":5,"13":10,"14":8,"15":6,"16":1,"17":6,"18":4,"19":5,"1":5,"2":8,"3":10,"4":3,"5":5,"6":2,"7":2,"8":5,"9":3,"20":2,"10":3},"LAST COALITION":[[],[{"utility":0,"ID":16}],[{"utility":59,"ID":2},{"utility":82,"ID":3}],[{"utility":92,"ID":4},{"utility":99,"ID":10}],[{"utility":0,"ID":19}],[{"utility":0,"ID":13}],[{"utility":61,"ID":20},{"utility":98,"ID":8}],[{"utility":15,"ID":18},{"utility":97,"ID":6}],[],[{"utility":95,"ID":5},{"utility":45,"ID":15}],[{"utility":60,"ID":11},{"utility":52,"ID":14}],[{"utility":75,"ID":17},{"utility":92,"ID":9}],[{"utility":0,"ID":12}],[{"utility":34,"ID":1},{"utility":81,"ID":7}],[],[],[],[],[],[],[]],"STARTING COALITION: ":[[null],[{"utility":0,"ID":16}],[{"utility":40,"ID":6},{"utility":10,"ID":7},{"utility":63.5,"ID":20}],[{"utility":61,"ID":4},{"utility":16.5,"ID":9},{"utility":74.5,"ID":10}],[{"utility":17,"ID":11},{"utility":0,"ID":18}],[{"utility":8.75,"ID":1},{"utility":56.5,"ID":5},{"utility":72.25,"ID":8},{"utility":57.25,"ID":12},{"utility":59.75,"ID":19}],[{"utility":86,"ID":15},{"utility":11,"ID":17}],[],[{"utility":10,"ID":2},{"utility":0,"ID":14}],[],[{"utility":76,"ID":3},{"utility":27,"ID":13}],[],[],[],[],[],[],[],[],[],[]],"CORE :":false,"Relazioni :":340,"Time : ":0.2,"LAST PARTITION":{"11":10,"12":12,"13":5,"14":10,"15":9,"16":1,"17":11,"18":7,"19":4,"1":13,"2":2,"3":2,"4":3,"5":9,"6":7,"7":13,"8":6,"9":11,"20":6,"10":3}},{"Modalità dinamica :":false,"Q : ":10,"STARTING PARTITION: ":{"11":4,"12":5,"13":10,"14":8,"15":6,"16":1,"17":6,"18":4,"19":5,"1":5,"2":8,"3":10,"4":3,"5":5,"6":2,"7":2,"8":5,"9":3,"20":2,"10":3},"LAST COALITION":[[],[{"utility":0,"ID":16}],[{"utility":59,"ID":2},{"utility":82,"ID":3}],[{"utility":92,"ID":4},{"utility":99,"ID":10}],[{"utility":0,"ID":19}],[{"utility":0,"ID":13}],[{"utility":61,"ID":20},{"utility":98,"ID":8}],[{"utility":15,"ID":18},{"utility":97,"ID":6}],[{"utility":0,"ID":12}],[],[{"utility":60,"ID":11},{"utility":52,"ID":14}],[{"utility":75,"ID":17},{"utility":92,"ID":9}],[{"utility":34,"ID":1},{"utility":81,"ID":7}],[{"utility":95,"ID":5},{"utility":45,"ID":15}],[],[],[],[],[],[],[]],"STARTING COALITION: ":[[null],[{"utility":0,"ID":16}],[{"utility":40,"ID":6},{"utility":10,"ID":7},{"utility":63.5,"ID":20}],[{"utility":61,"ID":4},{"utility":16.5,"ID":9},{"utility":74.5,"ID":10}],[{"utility":17,"ID":11},{"utility":0,"ID":18}],[{"utility":8.75,"ID":1},{"utility":56.5,"ID":5},{"utility":72.25,"ID":8},{"utility":57.25,"ID":12},{"utility":59.75,"ID":19}],[{"utility":86,"ID":15},{"utility":11,"ID":17}],[],[{"utility":10,"ID":2},{"utility":0,"ID":14}],[],[{"utility":76,"ID":3},{"utility":27,"ID":13}],[],[],[],[],[],[],[],[],[],[]],"CORE :":false,"Relazioni :":340,"Time : ":0.1,"LAST PARTITION":{"11":10,"12":8,"13":5,"14":10,"15":13,"16":1,"17":11,"18":7,"19":4,"1":12,"2":2,"3":2,"4":3,"5":13,"6":7,"7":12,"8":6,"9":11,"20":6,"10":3}},{"Modalità dinamica :":false,"Q : ":10,"STARTING PARTITION: ":{"11":4,"12":5,"13":10,"14":8,"15":6,"16":1,"17":6,"18":4,"19":5,"1":5,"2":8,"3":10,"4":3,"5":5,"6":2,"7":2,"8":5,"9":3,"20":2,"10":3},"LAST COALITION":[[],[{"utility":0,"ID":16}],[{"utility":59,"ID":2},{"utility":82,"ID":3}],[{"utility":92,"ID":4},{"utility":99,"ID":10}],[{"utility":0,"ID":19}],[{"utility":0,"ID":13}],[{"utility":61,"ID":20},{"utility":98,"ID":8}],[{"utility":15,"ID":18},{"utility":97,"ID":6}],[{"utility":0,"ID":12}],[],[{"utility":60,"ID":11},{"utility":52,"ID":14}],[{"utility":75,"ID":17},{"utility":92,"ID":9}],[{"utility":34,"ID":1},{"utility":81,"ID":7}],[{"utility":95,"ID":5},{"utility":45,"ID":15}],[],[],[],[],[],[],[]],"STARTING COALITION: ":[[null],[{"utility":0,"ID":16}],[{"utility":40,"ID":6},{"utility":10,"ID":7},{"utility":63.5,"ID":20}],[{"utility":61,"ID":4},{"utility":16.5,"ID":9},{"utility":74.5,"ID":10}],[{"utility":17,"ID":11},{"utility":0,"ID":18}],[{"utility":8.75,"ID":1},{"utility":56.5,"ID":5},{"utility":72.25,"ID":8},{"utility":57.25,"ID":12},{"utility":59.75,"ID":19}],[{"utility":86,"ID":15},{"utility":11,"ID":17}],[],[{"utility":10,"ID":2},{"utility":0,"ID":14}],[],[{"utility":76,"ID":3},{"utility":27,"ID":13}],[],[],[],[],[],[],[],[],[],[]],"CORE :":false,"Relazioni :":340,"Time : ":0.2,"LAST PARTITION":{"11":10,"12":8,"13":5,"14":10,"15":13,"16":1,"17":11,"18":7,"19":4,"1":12,"2":2,"3":2,"4":3,"5":13,"6":7,"7":12,"8":6,"9":11,"20":6,"10":3}},{"Modalità dinamica :":true,"Q : ":2,"STARTING PARTITION: ":{"11":4,"12":5,"13":10,"14":8,"15":6,"16":1,"17":6,"18":4,"19":5,"1":5,"2":8,"3":10,"4":3,"5":5,"6":2,"7":2,"8":5,"9":3,"20":2,"10":3},"LAST COALITION":[[],[{"utility":0,"ID":16}],[{"utility":71,"ID":11},{"utility":96,"ID":15}],[{"utility":40,"ID":4},{"utility":64,"ID":20}],[{"utility":54,"ID":8},{"utility":14,"ID":14}],[{"utility":0,"ID":9}],[],[{"utility":65,"ID":5},{"utility":97,"ID":13}],[{"utility":0,"ID":1}],[{"utility":84,"ID":6},{"utility":98,"ID":12}],[],[{"utility":0,"ID":10}],[{"utility":99,"ID":2},{"utility":47,"ID":7}],[{"utility":82,"ID":17},{"utility":9,"ID":18}],[{"utility":44,"ID":3},{"utility":66,"ID":19}],[],[],[],[],[],[]],"STARTING COALITION: ":[[null],[{"utility":0,"ID":16}],[{"utility":40,"ID":6},{"utility":10,"ID":7},{"utility":63.5,"ID":20}],[{"utility":61,"ID":4},{"utility":16.5,"ID":9},{"utility":74.5,"ID":10}],[{"utility":17,"ID":11},{"utility":0,"ID":18}],[{"utility":8.75,"ID":1},{"utility":56.5,"ID":5},{"utility":72.25,"ID":8},{"utility":57.25,"ID":12},{"utility":59.75,"ID":19}],[{"utility":86,"ID":15},{"utility":11,"ID":17}],[],[{"utility":10,"ID":2},{"utility":0,"ID":14}],[],[{"utility":76,"ID":3},{"utility":27,"ID":13}],[],[],[],[],[],[],[],[],[],[]],"CORE :":false,"Relazioni :":340,"Time : ":0.1,"LAST PARTITION":{"11":2,"12":9,"13":7,"14":4,"15":2,"16":1,"17":13,"18":13,"19":14,"1":8,"2":12,"3":14,"4":3,"5":7,"6":9,"7":12,"8":4,"9":5,"20":3,"10":11}},{"Modalità dinamica :":true,"Q : ":2,"STARTING PARTITION: ":{"11":4,"12":5,"13":10,"14":8,"15":6,"16":1,"17":6,"18":4,"19":5,"1":5,"2":8,"3":10,"4":3,"5":5,"6":2,"7":2,"8":5,"9":3,"20":2,"10":3},"LAST COALITION":[[],[{"utility":0,"ID":9}],[{"utility":0,"ID":19}],[{"utility":71,"ID":11},{"utility":96,"ID":15}],[{"utility":92,"ID":4},{"utility":99,"ID":10}],[{"utility":59,"ID":2},{"utility":82,"ID":3}],[{"utility":48,"ID":16},{"utility":88,"ID":18}],[{"utility":87,"ID":5},{"utility":86,"ID":12}],[],[{"utility":0,"ID":8}],[{"utility":68,"ID":7},{"utility":92,"ID":14}],[{"utility":91,"ID":6},{"utility":60,"ID":17}],[{"utility":0,"ID":20}],[{"utility":0,"ID":1}],[{"utility":0,"ID":13}],[],[],[],[],[],[]],"STARTING COALITION: ":[[null],[{"utility":0,"ID":16}],[{"utility":40,"ID":6},{"utility":10,"ID":7},{"utility":63.5,"ID":20}],[{"utility":61,"ID":4},{"utility":16.5,"ID":9},{"utility":74.5,"ID":10}],[{"utility":17,"ID":11},{"utility":0,"ID":18}],[{"utility":8.75,"ID":1},{"utility":56.5,"ID":5},{"utility":72.25,"ID":8},{"utility":57.25,"ID":12},{"utility":59.75,"ID":19}],[{"utility":86,"ID":15},{"utility":11,"ID":17}],[],[{"utility":10,"ID":2},{"utility":0,"ID":14}],[],[{"utility":76,"ID":3},{"utility":27,"ID":13}],[],[],[],[],[],[],[],[],[],[]],"CORE :":false,"Relazioni :":340,"Time : ":0.2,"LAST PARTITION":{"11":3,"12":7,"13":14,"14":10,"15":3,"16":6,"17":11,"18":6,"19":2,"1":13,"2":5,"3":5,"4":4,"5":7,"6":11,"7":10,"8":9,"9":1,"20":12,"10":4}},{"Modalità dinamica :":true,"Q : ":3,"STARTING PARTITION: ":{"11":4,"12":5,"13":10,"14":8,"15":6,"16":1,"17":6,"18":4,"19":5,"1":5,"2":8,"3":10,"4":3,"5":5,"6":2,"7":2,"8":5,"9":3,"20":2,"10":3},"LAST COALITION":[[],[],[{"utility":59,"ID":2},{"utility":82,"ID":3}],[{"utility":68,"ID":7},{"utility":92,"ID":14}],[{"utility":0,"ID":18}],[{"utility":98,"ID":8},{"utility":61,"ID":20}],[{"utility":71,"ID":11},{"utility":96,"ID":15}],[{"utility":92,"ID":4},{"utility":99,"ID":10}],[{"utility":84,"ID":6},{"utility":98,"ID":12}],[{"utility":65,"ID":5},{"utility":97,"ID":13}],[{"utility":0,"ID":19}],[{"utility":92,"ID":9},{"utility":75,"ID":17}],[],[{"utility":5,"ID":1},{"utility":75,"ID":16}],[],[],[],[],[],[],[]],"STARTING COALITION: ":[[null],[{"utility":0,"ID":16}],[{"utility":40,"ID":6},{"utility":10,"ID":7},{"utility":63.5,"ID":20}],[{"utility":61,"ID":4},{"utility":16.5,"ID":9},{"utility":74.5,"ID":10}],[{"utility":17,"ID":11},{"utility":0,"ID":18}],[{"utility":8.75,"ID":1},{"utility":56.5,"ID":5},{"utility":72.25,"ID":8},{"utility":57.25,"ID":12},{"utility":59.75,"ID":19}],[{"utility":86,"ID":15},{"utility":11,"ID":17}],[],[{"utility":10,"ID":2},{"utility":0,"ID":14}],[],[{"utility":76,"ID":3},{"utility":27,"ID":13}],[],[],[],[],[],[],[],[],[],[]],"CORE :":false,"Relazioni :":340,"Time : ":0.1,"LAST PARTITION":{"11":6,"12":8,"13":9,"14":3,"15":6,"16":13,"17":11,"18":4,"19":10,"1":13,"2":2,"3":2,"4":7,"5":9,"6":8,"7":3,"8":5,"9":11,"20":5,"10":7}},{"Modalità dinamica :":true,"Q : ":3,"STARTING PARTITION: ":{"11":4,"12":5,"13":10,"14":8,"15":6,"16":1,"17":6,"18":4,"19":5,"1":5,"2":8,"3":10,"4":3,"5":5,"6":2,"7":2,"8":5,"9":3,"20":2,"10":3},"LAST COALITION":[[],[{"utility":73.5,"ID":5},{"utility":68.5,"ID":13},{"utility":73.5,"ID":16}],[{"utility":84,"ID":6},{"utility":98,"ID":12}],[{"utility":60,"ID":18},{"utility":88,"ID":20}],[{"utility":0,"ID":8}],[{"utility":71,"ID":11},{"utility":96,"ID":15}],[{"utility":76.5,"ID":1},{"utility":89,"ID":9},{"utility":66,"ID":17}],[],[{"utility":59,"ID":2},{"utility":82,"ID":3}],[{"utility":92,"ID":4},{"utility":99,"ID":10}],[{"utility":0,"ID":19}],[],[],[{"utility":68,"ID":7},{"utility":92,"ID":14}],[],[],[],[],[],[],[]],"STARTING COALITION: ":[[null],[{"utility":0,"ID":16}],[{"utility":40,"ID":6},{"utility":10,"ID":7},{"utility":63.5,"ID":20}],[{"utility":61,"ID":4},{"utility":16.5,"ID":9},{"utility":74.5,"ID":10}],[{"utility":17,"ID":11},{"utility":0,"ID":18}],[{"utility":8.75,"ID":1},{"utility":56.5,"ID":5},{"utility":72.25,"ID":8},{"utility":57.25,"ID":12},{"utility":59.75,"ID":19}],[{"utility":86,"ID":15},{"utility":11,"ID":17}],[],[{"utility":10,"ID":2},{"utility":0,"ID":14}],[],[{"utility":76,"ID":3},{"utility":27,"ID":13}],[],[],[],[],[],[],[],[],[],[]],"CORE :":false,"Relazioni :":340,"Time : ":0.2,"LAST PARTITION":{"11":5,"12":2,"13":1,"14":13,"15":5,"16":1,"17":6,"18":3,"19":10,"1":6,"2":8,"3":8,"4":9,"5":1,"6":2,"7":13,"8":4,"9":6,"20":3,"10":9}},{"Modalità dinamica :":true,"Q : ":4,"STARTING PARTITION: ":{"11":4,"12":5,"13":10,"14":8,"15":6,"16":1,"17":6,"18":4,"19":5,"1":5,"2":8,"3":10,"4":3,"5":5,"6":2,"7":2,"8":5,"9":3,"20":2,"10":3},"LAST COALITION":[[],[],[{"utility":0,"ID":13}],[{"utility":92,"ID":4},{"utility":99,"ID":10}],[{"utility":0,"ID":18}],[{"utility":98,"ID":8},{"utility":61,"ID":20}],[{"utility":68,"ID":7},{"utility":92,"ID":14}],[{"utility":82,"ID":5},{"utility":56,"ID":16}],[{"utility":49,"ID":2},{"utility":79,"ID":19}],[{"utility":0,"ID":1}],[{"utility":0,"ID":3}],[{"utility":92,"ID":9},{"utility":75,"ID":17}],[{"utility":71,"ID":11},{"utility":96,"ID":15}],[{"utility":84,"ID":6},{"utility":98,"ID":12}],[],[],[],[],[],[],[]],"STARTING COALITION: ":[[null],[{"utility":0,"ID":16}],[{"utility":40,"ID":6},{"utility":10,"ID":7},{"utility":63.5,"ID":20}],[{"utility":61,"ID":4},{"utility":16.5,"ID":9},{"utility":74.5,"ID":10}],[{"utility":17,"ID":11},{"utility":0,"ID":18}],[{"utility":8.75,"ID":1},{"utility":56.5,"ID":5},{"utility":72.25,"ID":8},{"utility":57.25,"ID":12},{"utility":59.75,"ID":19}],[{"utility":86,"ID":15},{"utility":11,"ID":17}],[],[{"utility":10,"ID":2},{"utility":0,"ID":14}],[],[{"utility":76,"ID":3},{"utility":27,"ID":13}],[],[],[],[],[],[],[],[],[],[]],"CORE :":false,"Relazioni :":340,"Time : ":0.1,"LAST PARTITION":{"11":12,"12":13,"13":2,"14":6,"15":12,"16":7,"17":11,"18":4,"19":8,"1":9,"2":8,"3":10,"4":3,"5":7,"6":13,"7":6,"8":5,"9":11,"20":5,"10":3}},{"Modalità dinamica :":true,"Q : ":4,"STARTING PARTITION: ":{"11":4,"12":5,"13":10,"14":8,"15":6,"16":1,"17":6,"18":4,"19":5,"1":5,"2":8,"3":10,"4":3,"5":5,"6":2,"7":2,"8":5,"9":3,"20":2,"10":3},"LAST COALITION":[[],[{"utility":11.5,"ID":2},{"utility":66.5,"ID":16},{"utility":76.5,"ID":18}],[{"utility":98,"ID":8},{"utility":61,"ID":20}],[{"utility":68,"ID":7},{"utility":92,"ID":14}],[{"utility":84,"ID":6},{"utility":98,"ID":12}],[{"utility":71,"ID":11},{"utility":96,"ID":15}],[{"utility":65,"ID":5},{"utility":97,"ID":13}],[{"utility":92,"ID":9},{"utility":75,"ID":17}],[{"utility":0,"ID":19}],[{"utility":92,"ID":4},{"utility":99,"ID":10}],[{"utility":0,"ID":3}],[{"utility":0,"ID":1}],[],[],[],[],[],[],[],[],[]],"STARTING COALITION: ":[[null],[{"utility":0,"ID":16}],[{"utility":40,"ID":6},{"utility":10,"ID":7},{"utility":63.5,"ID":20}],[{"utility":61,"ID":4},{"utility":16.5,"ID":9},{"utility":74.5,"ID":10}],[{"utility":17,"ID":11},{"utility":0,"ID":18}],[{"utility":8.75,"ID":1},{"utility":56.5,"ID":5},{"utility":72.25,"ID":8},{"utility":57.25,"ID":12},{"utility":59.75,"ID":19}],[{"utility":86,"ID":15},{"utility":11,"ID":17}],[],[{"utility":10,"ID":2},{"utility":0,"ID":14}],[],[{"utility":76,"ID":3},{"utility":27,"ID":13}],[],[],[],[],[],[],[],[],[],[]],"CORE :":false,"Relazioni :":340,"Time : ":0.2,"LAST PARTITION":{"11":5,"12":4,"13":6,"14":3,"15":5,"16":1,"17":7,"18":1,"19":8,"1":11,"2":1,"3":10,"4":9,"5":6,"6":4,"7":3,"8":2,"9":7,"20":2,"10":9}},{"Modalità dinamica :":true,"Q : ":5,"STARTING PARTITION: ":{"11":4,"12":5,"13":10,"14":8,"15":6,"16":1,"17":6,"18":4,"19":5,"1":5,"2":8,"3":10,"4":3,"5":5,"6":2,"7":2,"8":5,"9":3,"20":2,"10":3},"LAST COALITION":[[],[{"utility":68,"ID":7},{"utility":92,"ID":14}],[{"utility":73.5,"ID":5},{"utility":68.5,"ID":13},{"utility":73.5,"ID":16}],[{"utility":71,"ID":11},{"utility":96,"ID":15}],[{"utility":63,"ID":1},{"utility":86,"ID":9}],[{"utility":59,"ID":2},{"utility":82,"ID":3}],[{"utility":98,"ID":8},{"utility":61,"ID":20}],[{"utility":92,"ID":12},{"utility":82,"ID":18}],[{"utility":0,"ID":6}],[{"utility":85,"ID":17},{"utility":65,"ID":19}],[],[{"utility":92,"ID":4},{"utility":99,"ID":10}],[],[],[],[],[],[],[],[],[]],"STARTING COALITION: ":[[null],[{"utility":0,"ID":16}],[{"utility":40,"ID":6},{"utility":10,"ID":7},{"utility":63.5,"ID":20}],[{"utility":61,"ID":4},{"utility":16.5,"ID":9},{"utility":74.5,"ID":10}],[{"utility":17,"ID":11},{"utility":0,"ID":18}],[{"utility":8.75,"ID":1},{"utility":56.5,"ID":5},{"utility":72.25,"ID":8},{"utility":57.25,"ID":12},{"utility":59.75,"ID":19}],[{"utility":86,"ID":15},{"utility":11,"ID":17}],[],[{"utility":10,"ID":2},{"utility":0,"ID":14}],[],[{"utility":76,"ID":3},{"utility":27,"ID":13}],[],[],[],[],[],[],[],[],[],[]],"CORE :":false,"Relazioni :":340,"Time : ":0.1,"LAST PARTITION":{"11":3,"12":7,"13":2,"14":1,"15":3,"16":2,"17":9,"18":7,"19":9,"1":4,"2":5,"3":5,"4":11,"5":2,"6":8,"7":1,"8":6,"9":4,"20":6,"10":11}},{"Modalità dinamica :":true,"Q : ":5,"STARTING PARTITION: ":{"11":4,"12":5,"13":10,"14":8,"15":6,"16":1,"17":6,"18":4,"19":5,"1":5,"2":8,"3":10,"4":3,"5":5,"6":2,"7":2,"8":5,"9":3,"20":2,"10":3},"LAST COALITION":[[],[{"utility":0,"ID":14}],[{"utility":0,"ID":9}],[{"utility":92,"ID":4},{"utility":99,"ID":10}],[{"utility":0,"ID":16}],[{"utility":0,"ID":7}],[{"utility":17.5,"ID":1},{"utility":63.5,"ID":5},{"utility":71.5,"ID":8}],[{"utility":59,"ID":2},{"utility":82,"ID":3}],[{"utility":0,"ID":20}],[{"utility":92,"ID":12},{"utility":82,"ID":18}],[{"utility":50,"ID":6},{"utility":50,"ID":13}],[{"utility":85,"ID":17},{"utility":65,"ID":19}],[],[{"utility":71,"ID":11},{"utility":96,"ID":15}],[],[],[],[],[],[],[]],"STARTING COALITION: ":[[null],[{"utility":0,"ID":16}],[{"utility":40,"ID":6},{"utility":10,"ID":7},{"utility":63.5,"ID":20}],[{"utility":61,"ID":4},{"utility":16.5,"ID":9},{"utility":74.5,"ID":10}],[{"utility":17,"ID":11},{"utility":0,"ID":18}],[{"utility":8.75,"ID":1},{"utility":56.5,"ID":5},{"utility":72.25,"ID":8},{"utility":57.25,"ID":12},{"utility":59.75,"ID":19}],[{"utility":86,"ID":15},{"utility":11,"ID":17}],[],[{"utility":10,"ID":2},{"utility":0,"ID":14}],[],[{"utility":76,"ID":3},{"utility":27,"ID":13}],[],[],[],[],[],[],[],[],[],[]],"CORE :":false,"Relazioni :":340,"Time : ":0.2,"LAST PARTITION":{"11":13,"12":9,"13":10,"14":1,"15":13,"16":4,"17":11,"18":9,"19":11,"1":6,"2":7,"3":7,"4":3,"5":6,"6":10,"7":5,"8":6,"9":2,"20":8,"10":3}},{"Modalità dinamica :":true,"Q : ":6,"STARTING PARTITION: ":{"11":4,"12":5,"13":10,"14":8,"15":6,"16":1,"17":6,"18":4,"19":5,"1":5,"2":8,"3":10,"4":3,"5":5,"6":2,"7":2,"8":5,"9":3,"20":2,"10":3},"LAST COALITION":[[],[{"utility":43,"ID":7},{"utility":34.333333333333336,"ID":13},{"utility":55.333333333333336,"ID":14},{"utility":60,"ID":16}],[{"utility":0,"ID":1}],[{"utility":0,"ID":9}],[{"utility":0,"ID":12}],[{"utility":97,"ID":6},{"utility":15,"ID":18}],[{"utility":0,"ID":17}],[{"utility":62,"ID":5},{"utility":90,"ID":20}],[{"utility":71,"ID":11},{"utility":96,"ID":15}],[{"utility":74,"ID":8},{"utility":81,"ID":19}],[{"utility":59,"ID":2},{"utility":82,"ID":3}],[{"utility":92,"ID":4},{"utility":99,"ID":10}],[],[],[],[],[],[],[],[],[]],"STARTING COALITION: ":[[null],[{"utility":0,"ID":16}],[{"utility":40,"ID":6},{"utility":10,"ID":7},{"utility":63.5,"ID":20}],[{"utility":61,"ID":4},{"utility":16.5,"ID":9},{"utility":74.5,"ID":10}],[{"utility":17,"ID":11},{"utility":0,"ID":18}],[{"utility":8.75,"ID":1},{"utility":56.5,"ID":5},{"utility":72.25,"ID":8},{"utility":57.25,"ID":12},{"utility":59.75,"ID":19}],[{"utility":86,"ID":15},{"utility":11,"ID":17}],[],[{"utility":10,"ID":2},{"utility":0,"ID":14}],[],[{"utility":76,"ID":3},{"utility":27,"ID":13}],[],[],[],[],[],[],[],[],[],[]],"CORE :":false,"Relazioni :":340,"Time : ":0.1,"LAST PARTITION":{"11":8,"12":4,"13":1,"14":1,"15":8,"16":1,"17":6,"18":5,"19":9,"1":2,"2":10,"3":10,"4":11,"5":7,"6":5,"7":1,"8":9,"9":3,"20":7,"10":11}},{"Modalità dinamica :":true,"Q : ":6,"STARTING PARTITION: ":{"11":4,"12":5,"13":10,"14":8,"15":6,"16":1,"17":6,"18":4,"19":5,"1":5,"2":8,"3":10,"4":3,"5":5,"6":2,"7":2,"8":5,"9":3,"20":2,"10":3},"LAST COALITION":[[],[{"utility":0,"ID":19}],[{"utility":76.5,"ID":1},{"utility":89,"ID":9},{"utility":66,"ID":17}],[{"utility":92,"ID":4},{"utility":99,"ID":10}],[{"utility":98,"ID":8},{"utility":61,"ID":20}],[{"utility":71,"ID":11},{"utility":96,"ID":15}],[{"utility":68,"ID":7},{"utility":92,"ID":14}],[{"utility":59,"ID":2},{"utility":82,"ID":3}],[{"utility":84,"ID":6},{"utility":98,"ID":12}],[{"utility":82,"ID":5},{"utility":56,"ID":16}],[{"utility":0,"ID":13}],[{"utility":0,"ID":18}],[],[],[],[],[],[],[],[],[]],"STARTING COALITION: ":[[null],[{"utility":0,"ID":16}],[{"utility":40,"ID":6},{"utility":10,"ID":7},{"utility":63.5,"ID":20}],[{"utility":61,"ID":4},{"utility":16.5,"ID":9},{"utility":74.5,"ID":10}],[{"utility":17,"ID":11},{"utility":0,"ID":18}],[{"utility":8.75,"ID":1},{"utility":56.5,"ID":5},{"utility":72.25,"ID":8},{"utility":57.25,"ID":12},{"utility":59.75,"ID":19}],[{"utility":86,"ID":15},{"utility":11,"ID":17}],[],[{"utility":10,"ID":2},{"utility":0,"ID":14}],[],[{"utility":76,"ID":3},{"utility":27,"ID":13}],[],[],[],[],[],[],[],[],[],[]],"CORE :":false,"Relazioni :":340,"Time : ":0.2,"LAST PARTITION":{"11":5,"12":8,"13":10,"14":6,"15":5,"16":9,"17":2,"18":11,"19":1,"1":2,"2":7,"3":7,"4":3,"5":9,"6":8,"7":6,"8":4,"9":2,"20":4,"10":3}},{"Modalità dinamica :":true,"Q : ":7,"STARTING PARTITION: ":{"11":4,"12":5,"13":10,"14":8,"15":6,"16":1,"17":6,"18":4,"19":5,"1":5,"2":8,"3":10,"4":3,"5":5,"6":2,"7":2,"8":5,"9":3,"20":2,"10":3},"LAST COALITION":[[],[{"utility":24,"ID":14},{"utility":89,"ID":16}],[{"utility":71,"ID":11},{"utility":96,"ID":15}],[{"utility":92,"ID":4},{"utility":99,"ID":10}],[{"utility":84,"ID":6},{"utility":98,"ID":12}],[{"utility":99,"ID":2},{"utility":47,"ID":7}],[{"utility":0,"ID":13}],[{"utility":92,"ID":9},{"utility":75,"ID":17}],[{"utility":25,"ID":5},{"utility":91,"ID":18}],[{"utility":17.5,"ID":1},{"utility":73,"ID":8},{"utility":64,"ID":19}],[{"utility":45,"ID":3},{"utility":78,"ID":20}],[],[],[],[],[],[],[],[],[],[]],"STARTING COALITION: ":[[null],[{"utility":0,"ID":16}],[{"utility":40,"ID":6},{"utility":10,"ID":7},{"utility":63.5,"ID":20}],[{"utility":61,"ID":4},{"utility":16.5,"ID":9},{"utility":74.5,"ID":10}],[{"utility":17,"ID":11},{"utility":0,"ID":18}],[{"utility":8.75,"ID":1},{"utility":56.5,"ID":5},{"utility":72.25,"ID":8},{"utility":57.25,"ID":12},{"utility":59.75,"ID":19}],[{"utility":86,"ID":15},{"utility":11,"ID":17}],[],[{"utility":10,"ID":2},{"utility":0,"ID":14}],[],[{"utility":76,"ID":3},{"utility":27,"ID":13}],[],[],[],[],[],[],[],[],[],[]],"CORE :":false,"Relazioni :":340,"Time : ":0.1,"LAST PARTITION":{"11":2,"12":4,"13":6,"14":1,"15":2,"16":1,"17":7,"18":8,"19":9,"1":9,"2":5,"3":10,"4":3,"5":8,"6":4,"7":5,"8":9,"9":7,"20":10,"10":3}},{"Modalità dinamica :":true,"Q : ":7,"STARTING PARTITION: ":{"11":4,"12":5,"13":10,"14":8,"15":6,"16":1,"17":6,"18":4,"19":5,"1":5,"2":8,"3":10,"4":3,"5":5,"6":2,"7":2,"8":5,"9":3,"20":2,"10":3},"LAST COALITION":[[],[{"utility":85,"ID":17},{"utility":65,"ID":19}],[{"utility":63,"ID":1},{"utility":86,"ID":9}],[{"utility":92,"ID":4},{"utility":99,"ID":10}],[{"utility":65,"ID":5},{"utility":97,"ID":13}],[{"utility":98,"ID":8},{"utility":61,"ID":20}],[{"utility":71,"ID":11},{"utility":96,"ID":15}],[{"utility":48,"ID":16},{"utility":88,"ID":18}],[{"utility":84,"ID":6},{"utility":98,"ID":12}],[],[{"utility":59,"ID":2},{"utility":82,"ID":3}],[],[{"utility":68,"ID":7},{"utility":92,"ID":14}],[],[],[],[],[],[],[],[]],"STARTING COALITION: ":[[null],[{"utility":0,"ID":16}],[{"utility":40,"ID":6},{"utility":10,"ID":7},{"utility":63.5,"ID":20}],[{"utility":61,"ID":4},{"utility":16.5,"ID":9},{"utility":74.5,"ID":10}],[{"utility":17,"ID":11},{"utility":0,"ID":18}],[{"utility":8.75,"ID":1},{"utility":56.5,"ID":5},{"utility":72.25,"ID":8},{"utility":57.25,"ID":12},{"utility":59.75,"ID":19}],[{"utility":86,"ID":15},{"utility":11,"ID":17}],[],[{"utility":10,"ID":2},{"utility":0,"ID":14}],[],[{"utility":76,"ID":3},{"utility":27,"ID":13}],[],[],[],[],[],[],[],[],[],[]],"CORE :":false,"Relazioni :":340,"Time : ":0.2,"LAST PARTITION":{"11":6,"12":8,"13":4,"14":12,"15":6,"16":7,"17":1,"18":7,"19":1,"1":2,"2":10,"3":10,"4":3,"5":4,"6":8,"7":12,"8":5,"9":2,"20":5,"10":3}},{"Modalità dinamica :":true,"Q : ":8,"STARTING PARTITION: ":{"11":4,"12":5,"13":10,"14":8,"15":6,"16":1,"17":6,"18":4,"19":5,"1":5,"2":8,"3":10,"4":3,"5":5,"6":2,"7":2,"8":5,"9":3,"20":2,"10":3},"LAST COALITION":[[],[{"utility":65,"ID":5},{"utility":97,"ID":13}],[{"utility":0,"ID":8}],[{"utility":92,"ID":4},{"utility":99,"ID":10}],[{"utility":62,"ID":1},{"utility":81.5,"ID":7},{"utility":38,"ID":17}],[{"utility":71,"ID":11},{"utility":96,"ID":15}],[{"utility":84,"ID":6},{"utility":98,"ID":12}],[{"utility":24,"ID":14},{"utility":89,"ID":16}],[{"utility":87,"ID":19},{"utility":30,"ID":20}],[{"utility":59,"ID":2},{"utility":82,"ID":3}],[{"utility":69,"ID":9},{"utility":65,"ID":18}],[],[],[],[],[],[],[],[],[],[]],"STARTING COALITION: ":[[null],[{"utility":0,"ID":16}],[{"utility":40,"ID":6},{"utility":10,"ID":7},{"utility":63.5,"ID":20}],[{"utility":61,"ID":4},{"utility":16.5,"ID":9},{"utility":74.5,"ID":10}],[{"utility":17,"ID":11},{"utility":0,"ID":18}],[{"utility":8.75,"ID":1},{"utility":56.5,"ID":5},{"utility":72.25,"ID":8},{"utility":57.25,"ID":12},{"utility":59.75,"ID":19}],[{"utility":86,"ID":15},{"utility":11,"ID":17}],[],[{"utility":10,"ID":2},{"utility":0,"ID":14}],[],[{"utility":76,"ID":3},{"utility":27,"ID":13}],[],[],[],[],[],[],[],[],[],[]],"CORE :":false,"Relazioni :":340,"Time : ":0.1,"LAST PARTITION":{"11":5,"12":6,"13":1,"14":7,"15":5,"16":7,"17":4,"18":10,"19":8,"1":4,"2":9,"3":9,"4":3,"5":1,"6":6,"7":4,"8":2,"9":10,"20":8,"10":3}},{"Modalità dinamica :":true,"Q : ":8,"STARTING PARTITION: ":{"11":4,"12":5,"13":10,"14":8,"15":6,"16":1,"17":6,"18":4,"19":5,"1":5,"2":8,"3":10,"4":3,"5":5,"6":2,"7":2,"8":5,"9":3,"20":2,"10":3},"LAST COALITION":[[],[{"utility":84,"ID":6},{"utility":98,"ID":12}],[{"utility":67,"ID":5},{"utility":35.5,"ID":11},{"utility":70.5,"ID":15}],[{"utility":92,"ID":4},{"utility":99,"ID":10}],[{"utility":0,"ID":16}],[{"utility":35,"ID":1},{"utility":72,"ID":8}],[{"utility":0,"ID":13}],[{"utility":92,"ID":9},{"utility":75,"ID":17}],[{"utility":0,"ID":19}],[],[{"utility":59,"ID":2},{"utility":82,"ID":3}],[{"utility":0,"ID":20}],[],[{"utility":68,"ID":7},{"utility":92,"ID":14}],[{"utility":0,"ID":18}],[],[],[],[],[],[]],"STARTING COALITION: ":[[null],[{"utility":0,"ID":16}],[{"utility":40,"ID":6},{"utility":10,"ID":7},{"utility":63.5,"ID":20}],[{"utility":61,"ID":4},{"utility":16.5,"ID":9},{"utility":74.5,"ID":10}],[{"utility":17,"ID":11},{"utility":0,"ID":18}],[{"utility":8.75,"ID":1},{"utility":56.5,"ID":5},{"utility":72.25,"ID":8},{"utility":57.25,"ID":12},{"utility":59.75,"ID":19}],[{"utility":86,"ID":15},{"utility":11,"ID":17}],[],[{"utility":10,"ID":2},{"utility":0,"ID":14}],[],[{"utility":76,"ID":3},{"utility":27,"ID":13}],[],[],[],[],[],[],[],[],[],[]],"CORE :":false,"Relazioni :":340,"Time : ":0.2,"LAST PARTITION":{"11":2,"12":1,"13":6,"14":13,"15":2,"16":4,"17":7,"18":14,"19":8,"1":5,"2":10,"3":10,"4":3,"5":2,"6":1,"7":13,"8":5,"9":7,"20":11,"10":3}},{"Modalità dinamica :":true,"Q : ":9,"STARTING PARTITION: ":{"11":4,"12":5,"13":10,"14":8,"15":6,"16":1,"17":6,"18":4,"19":5,"1":5,"2":8,"3":10,"4":3,"5":5,"6":2,"7":2,"8":5,"9":3,"20":2,"10":3},"LAST COALITION":[[],[{"utility":92,"ID":9},{"utility":75,"ID":17}],[{"utility":0,"ID":1}],[{"utility":92,"ID":4},{"utility":99,"ID":10}],[{"utility":59,"ID":2},{"utility":82,"ID":3}],[{"utility":68,"ID":7},{"utility":92,"ID":14}],[],[{"utility":84,"ID":6},{"utility":98,"ID":12}],[{"utility":52,"ID":18},{"utility":88,"ID":19}],[{"utility":82,"ID":5},{"utility":56,"ID":16}],[{"utility":71,"ID":11},{"utility":96,"ID":15}],[],[],[{"utility":0,"ID":13}],[{"utility":98,"ID":8},{"utility":61,"ID":20}],[],[],[],[],[],[]],"STARTING COALITION: ":[[null],[{"utility":0,"ID":16}],[{"utility":40,"ID":6},{"utility":10,"ID":7},{"utility":63.5,"ID":20}],[{"utility":61,"ID":4},{"utility":16.5,"ID":9},{"utility":74.5,"ID":10}],[{"utility":17,"ID":11},{"utility":0,"ID":18}],[{"utility":8.75,"ID":1},{"utility":56.5,"ID":5},{"utility":72.25,"ID":8},{"utility":57.25,"ID":12},{"utility":59.75,"ID":19}],[{"utility":86,"ID":15},{"utility":11,"ID":17}],[],[{"utility":10,"ID":2},{"utility":0,"ID":14}],[],[{"utility":76,"ID":3},{"utility":27,"ID":13}],[],[],[],[],[],[],[],[],[],[]],"CORE :":false,"Relazioni :":340,"Time : ":0.1,"LAST PARTITION":{"11":10,"12":7,"13":13,"14":5,"15":10,"16":9,"17":1,"18":8,"19":8,"1":2,"2":4,"3":4,"4":3,"5":9,"6":7,"7":5,"8":14,"9":1,"20":14,"10":3}},{"Modalità dinamica :":true,"Q : ":9,"STARTING PARTITION: ":{"11":4,"12":5,"13":10,"14":8,"15":6,"16":1,"17":6,"18":4,"19":5,"1":5,"2":8,"3":10,"4":3,"5":5,"6":2,"7":2,"8":5,"9":3,"20":2,"10":3},"LAST COALITION":[[],[{"utility":71,"ID":11},{"utility":96,"ID":15}],[{"utility":82,"ID":5},{"utility":56,"ID":16}],[{"utility":0,"ID":20}],[{"utility":59,"ID":2},{"utility":82,"ID":3}],[{"utility":84,"ID":6},{"utility":98,"ID":12}],[{"utility":0,"ID":1}],[{"utility":0,"ID":13}],[{"utility":68,"ID":7},{"utility":92,"ID":14}],[{"utility":74,"ID":8},{"utility":81,"ID":19}],[{"utility":92,"ID":4},{"utility":99,"ID":10}],[{"utility":92,"ID":9},{"utility":75,"ID":17}],[{"utility":0,"ID":18}],[],[],[],[],[],[],[],[]],"STARTING COALITION: ":[[null],[{"utility":0,"ID":16}],[{"utility":40,"ID":6},{"utility":10,"ID":7},{"utility":63.5,"ID":20}],[{"utility":61,"ID":4},{"utility":16.5,"ID":9},{"utility":74.5,"ID":10}],[{"utility":17,"ID":11},{"utility":0,"ID":18}],[{"utility":8.75,"ID":1},{"utility":56.5,"ID":5},{"utility":72.25,"ID":8},{"utility":57.25,"ID":12},{"utility":59.75,"ID":19}],[{"utility":86,"ID":15},{"utility":11,"ID":17}],[],[{"utility":10,"ID":2},{"utility":0,"ID":14}],[],[{"utility":76,"ID":3},{"utility":27,"ID":13}],[],[],[],[],[],[],[],[],[],[]],"CORE :":false,"Relazioni :":340,"Time : ":0.2,"LAST PARTITION":{"11":1,"12":5,"13":7,"14":8,"15":1,"16":2,"17":11,"18":12,"19":9,"1":6,"2":4,"3":4,"4":10,"5":2,"6":5,"7":8,"8":9,"9":11,"20":3,"10":10}},{"Modalità dinamica :":true,"Q : ":10,"STARTING PARTITION: ":{"11":4,"12":5,"13":10,"14":8,"15":6,"16":1,"17":6,"18":4,"19":5,"1":5,"2":8,"3":10,"4":3,"5":5,"6":2,"7":2,"8":5,"9":3,"20":2,"10":3},"LAST COALITION":[[],[{"utility":92,"ID":4},{"utility":99,"ID":10}],[{"utility":43.5,"ID":7},{"utility":91,"ID":14},{"utility":90,"ID":20}],[{"utility":66,"ID":9},{"utility":29,"ID":19}],[{"utility":82,"ID":5},{"utility":56,"ID":16}],[{"utility":71,"ID":11},{"utility":96,"ID":15}],[{"utility":0,"ID":8}],[{"utility":90,"ID":1},{"utility":57,"ID":17}],[{"utility":0,"ID":2}],[{"utility":57,"ID":3},{"utility":51,"ID":6},{"utility":38.5,"ID":13}],[{"utility":92,"ID":12},{"utility":82,"ID":18}],[],[],[],[],[],[],[],[],[],[]],"STARTING COALITION: ":[[null],[{"utility":0,"ID":16}],[{"utility":40,"ID":6},{"utility":10,"ID":7},{"utility":63.5,"ID":20}],[{"utility":61,"ID":4},{"utility":16.5,"ID":9},{"utility":74.5,"ID":10}],[{"utility":17,"ID":11},{"utility":0,"ID":18}],[{"utility":8.75,"ID":1},{"utility":56.5,"ID":5},{"utility":72.25,"ID":8},{"utility":57.25,"ID":12},{"utility":59.75,"ID":19}],[{"utility":86,"ID":15},{"utility":11,"ID":17}],[],[{"utility":10,"ID":2},{"utility":0,"ID":14}],[],[{"utility":76,"ID":3},{"utility":27,"ID":13}],[],[],[],[],[],[],[],[],[],[]],"CORE :":false,"Relazioni :":340,"Time : ":0.1,"LAST PARTITION":{"11":5,"12":10,"13":9,"14":2,"15":5,"16":4,"17":7,"18":10,"19":3,"1":7,"2":8,"3":9,"4":1,"5":4,"6":9,"7":2,"8":6,"9":3,"20":2,"10":1}},{"Modalità dinamica :":true,"Q : ":10,"STARTING PARTITION: ":{"11":4,"12":5,"13":10,"14":8,"15":6,"16":1,"17":6,"18":4,"19":5,"1":5,"2":8,"3":10,"4":3,"5":5,"6":2,"7":2,"8":5,"9":3,"20":2,"10":3},"LAST COALITION":[[],[{"utility":44,"ID":3},{"utility":66,"ID":19}],[{"utility":0,"ID":2}],[{"utility":92,"ID":4},{"utility":99,"ID":10}],[{"utility":84,"ID":6},{"utility":98,"ID":12}],[{"utility":0,"ID":8}],[{"utility":63,"ID":1},{"utility":86,"ID":9}],[{"utility":0,"ID":18}],[{"utility":0,"ID":17}],[{"utility":90,"ID":14},{"utility":86,"ID":20}],[{"utility":0,"ID":11},{"utility":74,"ID":16}],[{"utility":65,"ID":5},{"utility":97,"ID":13}],[{"utility":75,"ID":7},{"utility":80,"ID":15}],[],[],[],[],[],[],[],[]],"STARTING COALITION: ":[[null],[{"utility":0,"ID":16}],[{"utility":40,"ID":6},{"utility":10,"ID":7},{"utility":63.5,"ID":20}],[{"utility":61,"ID":4},{"utility":16.5,"ID":9},{"utility":74.5,"ID":10}],[{"utility":17,"ID":11},{"utility":0,"ID":18}],[{"utility":8.75,"ID":1},{"utility":56.5,"ID":5},{"utility":72.25,"ID":8},{"utility":57.25,"ID":12},{"utility":59.75,"ID":19}],[{"utility":86,"ID":15},{"utility":11,"ID":17}],[],[{"utility":10,"ID":2},{"utility":0,"ID":14}],[],[{"utility":76,"ID":3},{"utility":27,"ID":13}],[],[],[],[],[],[],[],[],[],[]],"CORE :":false,"Relazioni :":340,"Time : ":0.2,"LAST PARTITION":{"11":10,"12":4,"13":11,"14":9,"15":12,"16":10,"17":8,"18":7,"19":1,"1":6,"2":2,"3":1,"4":3,"5":11,"6":4,"7":12,"8":5,"9":6,"20":9,"10":3}},{"END OF FILE:" : true}]