[{"Modalità dinamica :":false,"Q : ":2,"STARTING PARTITION: ":{"11":10,"12":2,"13":7,"14":4,"15":10,"16":3,"17":6,"18":4,"19":8,"1":2,"2":7,"3":9,"4":3,"5":9,"6":9,"7":10,"8":7,"9":5,"20":5,"10":10},"LAST COALITION":[[],[{"utility":23,"ID":1},{"utility":92,"ID":3}],[{"utility":0,"ID":15}],[{"utility":61,"ID":6},{"utility":26,"ID":7}],[{"utility":0,"ID":14}],[{"utility":71,"ID":10},{"utility":83,"ID":12}],[{"utility":91,"ID":8},{"utility":68,"ID":17}],[{"utility":0,"ID":4}],[{"utility":88,"ID":5},{"utility":61,"ID":16}],[{"utility":0,"ID":20}],[{"utility":42,"ID":9},{"utility":56,"ID":11}],[],[{"utility":19,"ID":2},{"utility":3,"ID":19}],[{"utility":37,"ID":13},{"utility":87,"ID":18}],[],[],[],[],[],[],[]],"STARTING COALITION: ":[[null],[],[{"utility":0,"ID":1},{"utility":0,"ID":12}],[{"utility":91,"ID":4},{"utility":31,"ID":16}],[{"utility":0,"ID":14},{"utility":0,"ID":18}],[{"utility":0,"ID":9},{"utility":8,"ID":20}],[{"utility":0,"ID":17}],[{"utility":0,"ID":2},{"utility":28,"ID":8},{"utility":73,"ID":13}],[{"utility":0,"ID":19}],[{"utility":0,"ID":3},{"utility":0,"ID":5},{"utility":40,"ID":6}],[{"utility":34,"ID":7},{"utility":0,"ID":10},{"utility":33.333333333333336,"ID":11},{"utility":0,"ID":15}],[],[],[],[],[],[],[],[],[],[]],"CORE :":true,"Relazioni :":140,"Time : ":0.1,"LAST PARTITION":{"11":10,"12":5,"13":13,"14":4,"15":2,"16":8,"17":6,"18":13,"19":12,"1":1,"2":12,"3":1,"4":7,"5":8,"6":3,"7":3,"8":6,"9":10,"20":9,"10":5}},{"Modalità dinamica :":false,"Q : ":2,"STARTING PARTITION: ":{"11":10,"12":2,"13":7,"14":4,"15":10,"16":3,"17":6,"18":4,"19":8,"1":2,"2":7,"3":9,"4":3,"5":9,"6":9,"7":10,"8":7,"9":5,"20":5,"10":10},"LAST COALITION":[[],[{"utility":23,"ID":1},{"utility":92,"ID":3}],[{"utility":0,"ID":15}],[{"utility":61,"ID":6},{"utility":26,"ID":7}],[{"utility":0,"ID":14}],[{"utility":71,"ID":10},{"utility":83,"ID":12}],[{"utility":91,"ID":8},{"utility":68,"ID":17}],[{"utility":0,"ID":4}],[{"utility":88,"ID":5},{"utility":61,"ID":16}],[{"utility":0,"ID":20}],[{"utility":42,"ID":9},{"utility":56,"ID":11}],[],[{"utility":19,"ID":2},{"utility":3,"ID":19}],[{"utility":37,"ID":13},{"utility":87,"ID":18}],[],[],[],[],[],[],[]],"STARTING COALITION: ":[[null],[],[{"utility":0,"ID":1},{"utility":0,"ID":12}],[{"utility":91,"ID":4},{"utility":31,"ID":16}],[{"utility":0,"ID":14},{"utility":0,"ID":18}],[{"utility":0,"ID":9},{"utility":8,"ID":20}],[{"utility":0,"ID":17}],[{"utility":0,"ID":2},{"utility":28,"ID":8},{"utility":73,"ID":13}],[{"utility":0,"ID":19}],[{"utility":0,"ID":3},{"utility":0,"ID":5},{"utility":40,"ID":6}],[{"utility":34,"ID":7},{"utility":0,"ID":10},{"utility":33.333333333333336,"ID":11},{"utility":0,"ID":15}],[],[],[],[],[],[],[],[],[],[]],"CORE :":true,"Relazioni :":140,"Time : ":0.2,"LAST PARTITION":{"11":10,"12":5,"13":13,"14":4,"15":2,"16":8,"17":6,"18":13,"19":12,"1":1,"2":12,"3":1,"4":7,"5":8,"6":3,"7":3,"8":6,"9":10,"20":9,"10":5}},{"Modalità dinamica :":false,"Q : ":3,"STARTING PARTITION: ":{"11":10,"12":2,"13":7,"14":4,"15":10,"16":3,"17":6,"18":4,"19":8,"1":2,"2":7,"3":9,"4":3,"5":9,"6":9,"7":10,"8":7,"9":5,"20":5,"10":10},"LAST COALITION":[[],[{"utility":23,"ID":1},{"utility":92,"ID":3}],[],[{"utility":61,"ID":6},{"utility":26,"ID":7}],[{"utility":0,"ID":14}],[{"utility":71,"ID":10},{"utility":83,"ID":12}],[{"utility":91,"ID":8},{"utility":68,"ID":17}],[{"utility":0,"ID":4}],[{"utility":88,"ID":5},{"utility":61,"ID":16}],[{"utility":0,"ID":20}],[{"utility":42,"ID":9},{"utility":56,"ID":11}],[{"utility":26.5,"ID":2},{"utility":63.5,"ID":13},{"utility":8.5,"ID":15}],[{"utility":0,"ID":19}],[{"utility":0,"ID":18}],[],[],[],[],[],[],[]],"STARTING COALITION: ":[[null],[],[{"utility":0,"ID":1},{"utility":0,"ID":12}],[{"utility":91,"ID":4},{"utility":31,"ID":16}],[{"utility":0,"ID":14},{"utility":0,"ID":18}],[{"utility":0,"ID":9},{"utility":8,"ID":20}],[{"utility":0,"ID":17}],[{"utility":0,"ID":2},{"utility":28,"ID":8},{"utility":73,"ID":13}],[{"utility":0,"ID":19}],[{"utility":0,"ID":3},{"utility":0,"ID":5},{"utility":40,"ID":6}],[{"utility":34,"ID":7},{"utility":0,"ID":10},{"utility":33.333333333333336,"ID":11},{"utility":0,"ID":15}],[],[],[],[],[],[],[],[],[],[]],"CORE :":true,"Relazioni :":140,"Time : ":0.1,"LAST PARTITION":{"11":10,"12":5,"13":11,"14":4,"15":11,"16":8,"17":6,"18":13,"19":12,"1":1,"2":11,"3":1,"4":7,"5":8,"6":3,"7":3,"8":6,"9":10,"20":9,"10":5}},{"Modalità dinamica :":false,"Q : ":3,"STARTING PARTITION: ":{"11":10,"12":2,"13":7,"14":4,"15":10,"16":3,"17":6,"18":4,"19":8,"1":2,"2":7,"3":9,"4":3,"5":9,"6":9,"7":10,"8":7,"9":5,"20":5,"10":10},"LAST COALITION":[[],[{"utility":23,"ID":1},{"utility":92,"ID":3}],[],[{"utility":61,"ID":6},{"utility":26,"ID":7}],[{"utility":0,"ID":14}],[{"utility":71,"ID":10},{"utility":83,"ID":12}],[{"utility":91,"ID":8},{"utility":68,"ID":17}],[{"utility":0,"ID":4}],[{"utility":88,"ID":5},{"utility":61,"ID":16}],[{"utility":0,"ID":20}],[{"utility":42,"ID":9},{"utility":56,"ID":11}],[{"utility":26.5,"ID":2},{"utility":63.5,"ID":13},{"utility":8.5,"ID":15}],[{"utility":0,"ID":19}],[{"utility":0,"ID":18}],[],[],[],[],[],[],[]],"STARTING COALITION: ":[[null],[],[{"utility":0,"ID":1},{"utility":0,"ID":12}],[{"utility":91,"ID":4},{"utility":31,"ID":16}],[{"utility":0,"ID":14},{"utility":0,"ID":18}],[{"utility":0,"ID":9},{"utility":8,"ID":20}],[{"utility":0,"ID":17}],[{"utility":0,"ID":2},{"utility":28,"ID":8},{"utility":73,"ID":13}],[{"utility":0,"ID":19}],[{"utility":0,"ID":3},{"utility":0,"ID":5},{"utility":40,"ID":6}],[{"utility":34,"ID":7},{"utility":0,"ID":10},{"utility":33.333333333333336,"ID":11},{"utility":0,"ID":15}],[],[],[],[],[],[],[],[],[],[]],"CORE :":true,"Relazioni :":140,"Time : ":0.2,"LAST PARTITION":{"11":10,"12":5,"13":11,"14":4,"15":11,"16":8,"17":6,"18":13,"19":12,"1":1,"2":11,"3":1,"4":7,"5":8,"6":3,"7":3,"8":6,"9":10,"20":9,"10":5}},{"Modalità dinamica :":false,"Q : ":4,"STARTING PARTITION: ":{"11":10,"12":2,"13":7,"14":4,"15":10,"16":3,"17":6,"18":4,"19":8,"1":2,"2":7,"3":9,"4":3,"5":9,"6":9,"7":10,"8":7,"9":5,"20":5,"10":10},"LAST COALITION":[[],[{"utility":87,"ID":18},{"utility":37,"ID":13}],[{"utility":0,"ID":15}],[{"utility":42,"ID":9},{"utility":56,"ID":11}],[{"utility":0,"ID":2}],[{"utility":71,"ID":10},{"utility":83,"ID":12}],[{"utility":68,"ID":17},{"utility":91,"ID":8}],[{"utility":0,"ID":6}],[{"utility":0,"ID":4}],[{"utility":61,"ID":16},{"utility":88,"ID":5}],[{"utility":23,"ID":1},{"utility":92,"ID":3}],[{"utility":29,"ID":19},{"utility":14,"ID":20},{"utility":27.333333333333332,"ID":7},{"utility":12.333333333333334,"ID":14}],[],[],[],[],[],[],[],[],[]],"STARTING COALITION: ":[[null],[],[{"utility":0,"ID":1},{"utility":0,"ID":12}],[{"utility":91,"ID":4},{"utility":31,"ID":16}],[{"utility":0,"ID":14},{"utility":0,"ID":18}],[{"utility":0,"ID":9},{"utility":8,"ID":20}],[{"utility":0,"ID":17}],[{"utility":0,"ID":2},{"utility":28,"ID":8},{"utility":73,"ID":13}],[{"utility":0,"ID":19}],[{"utility":0,"ID":3},{"utility":0,"ID":5},{"utility":40,"ID":6}],[{"utility":34,"ID":7},{"utility":0,"ID":10},{"utility":33.333333333333336,"ID":11},{"utility":0,"ID":15}],[],[],[],[],[],[],[],[],[],[]],"CORE :":true,"Relazioni :":140,"Time : ":0.1,"LAST PARTITION":{"11":3,"12":5,"13":1,"14":11,"15":2,"16":9,"17":6,"18":1,"19":11,"1":10,"2":4,"3":10,"4":8,"5":9,"6":7,"7":11,"8":6,"9":3,"20":11,"10":5}},{"Modalità dinamica :":false,"Q : ":4,"STARTING PARTITION: ":{"11":10,"12":2,"13":7,"14":4,"15":10,"16":3,"17":6,"18":4,"19":8,"1":2,"2":7,"3":9,"4":3,"5":9,"6":9,"7":10,"8":7,"9":5,"20":5,"10":10},"LAST COALITION":[[],[{"utility":87,"ID":18},{"utility":37,"ID":13}],[{"utility":0,"ID":15}],[{"utility":42,"ID":9},{"utility":56,"ID":11}],[{"utility":0,"ID":2}],[{"utility":71,"ID":10},{"utility":83,"ID":12}],[{"utility":68,"ID":17},{"utility":91,"ID":8}],[{"utility":0,"ID":6}],[{"utility":0,"ID":4}],[{"utility":61,"ID":16},{"utility":88,"ID":5}],[{"utility":23,"ID":1},{"utility":92,"ID":3}],[{"utility":29,"ID":19},{"utility":14,"ID":20},{"utility":27.333333333333332,"ID":7},{"utility":12.333333333333334,"ID":14}],[],[],[],[],[],[],[],[],[]],"STARTING COALITION: ":[[null],[],[{"utility":0,"ID":1},{"utility":0,"ID":12}],[{"utility":91,"ID":4},{"utility":31,"ID":16}],[{"utility":0,"ID":14},{"utility":0,"ID":18}],[{"utility":0,"ID":9},{"utility":8,"ID":20}],[{"utility":0,"ID":17}],[{"utility":0,"ID":2},{"utility":28,"ID":8},{"utility":73,"ID":13}],[{"utility":0,"ID":19}],[{"utility":0,"ID":3},{"utility":0,"ID":5},{"utility":40,"ID":6}],[{"utility":34,"ID":7},{"utility":0,"ID":10},{"utility":33.333333333333336,"ID":11},{"utility":0,"ID":15}],[],[],[],[],[],[],[],[],[],[]],"CORE :":true,"Relazioni :":140,"Time : ":0.2,"LAST PARTITION":{"11":3,"12":5,"13":1,"14":11,"15":2,"16":9,"17":6,"18":1,"19":11,"1":10,"2":4,"3":10,"4":8,"5":9,"6":7,"7":11,"8":6,"9":3,"20":11,"10":5}},{"Modalità dinamica :":false,"Q : ":5,"STARTING PARTITION: ":{"11":10,"12":2,"13":7,"14":4,"15":10,"16":3,"17":6,"18":4,"19":8,"1":2,"2":7,"3":9,"4":3,"5":9,"6":9,"7":10,"8":7,"9":5,"20":5,"10":10},"LAST COALITION":[[],[{"utility":87,"ID":18},{"utility":37,"ID":13}],[{"utility":0,"ID":15}],[{"utility":42,"ID":9},{"utility":56,"ID":11}],[{"utility":0,"ID":2}],[{"utility":71,"ID":10},{"utility":83,"ID":12}],[{"utility":68,"ID":17},{"utility":91,"ID":8}],[{"utility":0,"ID":6}],[{"utility":0,"ID":4}],[{"utility":23,"ID":1},{"utility":92,"ID":3}],[{"utility":61,"ID":16},{"utility":88,"ID":5}],[{"utility":29,"ID":19},{"utility":14,"ID":20},{"utility":27.333333333333332,"ID":7},{"utility":12.333333333333334,"ID":14}],[],[],[],[],[],[],[],[],[]],"STARTING COALITION: ":[[null],[],[{"utility":0,"ID":1},{"utility":0,"ID":12}],[{"utility":91,"ID":4},{"utility":31,"ID":16}],[{"utility":0,"ID":14},{"utility":0,"ID":18}],[{"utility":0,"ID":9},{"utility":8,"ID":20}],[{"utility":0,"ID":17}],[{"utility":0,"ID":2},{"utility":28,"ID":8},{"utility":73,"ID":13}],[{"utility":0,"ID":19}],[{"utility":0,"ID":3},{"utility":0,"ID":5},{"utility":40,"ID":6}],[{"utility":34,"ID":7},{"utility":0,"ID":10},{"utility":33.333333333333336,"ID":11},{"utility":0,"ID":15}],[],[],[],[],[],[],[],[],[],[]],"CORE :":true,"Relazioni :":140,"Time : ":0.1,"LAST PARTITION":{"11":3,"12":5,"13":1,"14":11,"15":2,"16":10,"17":6,"18":1,"19":11,"1":9,"2":4,"3":9,"4":8,"5":10,"6":7,"7":11,"8":6,"9":3,"20":11,"10":5}},{"Modalità dinamica :":false,"Q : ":5,"STARTING PARTITION: ":{"11":10,"12":2,"13":7,"14":4,"15":10,"16":3,"17":6,"18":4,"19":8,"1":2,"2":7,"3":9,"4":3,"5":9,"6":9,"7":10,"8":7,"9":5,"20":5,"10":10},"LAST COALITION":[[],[{"utility":19,"ID":2},{"utility":3,"ID":19}],[{"utility":24.666666666666668,"ID":1},{"utility":58.666666666666664,"ID":11},{"utility":27.666666666666668,"ID":14},{"utility":59.333333333333336,"ID":15}],[{"utility":0,"ID":20}],[],[{"utility":71,"ID":10},{"utility":83,"ID":12}],[{"utility":68,"ID":17},{"utility":91,"ID":8}],[{"utility":61,"ID":16},{"utility":88,"ID":5}],[{"utility":0,"ID":13}],[],[{"utility":25,"ID":18},{"utility":80,"ID":3}],[{"utility":61,"ID":6},{"utility":26,"ID":7}],[{"utility":0,"ID":4}],[{"utility":0,"ID":9}],[],[],[],[],[],[],[]],"STARTING COALITION: ":[[null],[],[{"utility":0,"ID":1},{"utility":0,"ID":12}],[{"utility":91,"ID":4},{"utility":31,"ID":16}],[{"utility":0,"ID":14},{"utility":0,"ID":18}],[{"utility":0,"ID":9},{"utility":8,"ID":20}],[{"utility":0,"ID":17}],[{"utility":0,"ID":2},{"utility":28,"ID":8},{"utility":73,"ID":13}],[{"utility":0,"ID":19}],[{"utility":0,"ID":3},{"utility":0,"ID":5},{"utility":40,"ID":6}],[{"utility":34,"ID":7},{"utility":0,"ID":10},{"utility":33.333333333333336,"ID":11},{"utility":0,"ID":15}],[],[],[],[],[],[],[],[],[],[]],"CORE :":true,"Relazioni :":140,"Time : ":0.2,"LAST PARTITION":{"11":2,"12":5,"13":8,"14":2,"15":2,"16":7,"17":6,"18":10,"19":1,"1":2,"2":1,"3":10,"4":12,"5":7,"6":11,"7":11,"8":6,"9":13,"20":3,"10":5}},{"Modalità dinamica :":false,"Q : ":6,"STARTING PARTITION: ":{"11":10,"12":2,"13":7,"14":4,"15":10,"16":3,"17":6,"18":4,"19":8,"1":2,"2":7,"3":9,"4":3,"5":9,"6":9,"7":10,"8":7,"9":5,"20":5,"10":10},"LAST COALITION":[[],[{"utility":0,"ID":2}],[{"utility":0,"ID":15}],[{"utility":87,"ID":18},{"utility":37,"ID":13}],[{"utility":42,"ID":9},{"utility":56,"ID":11}],[{"utility":71,"ID":10},{"utility":83,"ID":12}],[{"utility":68,"ID":17},{"utility":91,"ID":8}],[{"utility":0,"ID":6}],[{"utility":0,"ID":4}],[{"utility":23,"ID":1},{"utility":92,"ID":3}],[{"utility":61,"ID":16},{"utility":88,"ID":5}],[{"utility":29,"ID":19},{"utility":14,"ID":20},{"utility":27.333333333333332,"ID":7},{"utility":12.333333333333334,"ID":14}],[],[],[],[],[],[],[],[],[]],"STARTING COALITION: ":[[null],[],[{"utility":0,"ID":1},{"utility":0,"ID":12}],[{"utility":91,"ID":4},{"utility":31,"ID":16}],[{"utility":0,"ID":14},{"utility":0,"ID":18}],[{"utility":0,"ID":9},{"utility":8,"ID":20}],[{"utility":0,"ID":17}],[{"utility":0,"ID":2},{"utility":28,"ID":8},{"utility":73,"ID":13}],[{"utility":0,"ID":19}],[{"utility":0,"ID":3},{"utility":0,"ID":5},{"utility":40,"ID":6}],[{"utility":34,"ID":7},{"utility":0,"ID":10},{"utility":33.333333333333336,"ID":11},{"utility":0,"ID":15}],[],[],[],[],[],[],[],[],[],[]],"CORE :":true,"Relazioni :":140,"Time : ":0.1,"LAST PARTITION":{"11":4,"12":5,"13":3,"14":11,"15":2,"16":10,"17":6,"18":3,"19":11,"1":9,"2":1,"3":9,"4":8,"5":10,"6":7,"7":11,"8":6,"9":4,"20":11,"10":5}},{"Modalità dinamica :":false,"Q : ":6,"STARTING PARTITION: ":{"11":10,"12":2,"13":7,"14":4,"15":10,"16":3,"17":6,"18":4,"19":8,"1":2,"2":7,"3":9,"4":3,"5":9,"6":9,"7":10,"8":7,"9":5,"20":5,"10":10},"LAST COALITION":[[],[],[{"utility":0,"ID":15}],[{"utility":0,"ID":2}],[{"utility":87,"ID":18},{"utility":37,"ID":13}],[{"utility":71,"ID":10},{"utility":83,"ID":12}],[{"utility":68,"ID":17},{"utility":91,"ID":8}],[{"utility":91,"ID":16},{"utility":13,"ID":9}],[{"utility":0,"ID":4}],[{"utility":0,"ID":5}],[{"utility":23,"ID":1},{"utility":92,"ID":3}],[{"utility":29,"ID":19},{"utility":14,"ID":20},{"utility":27.333333333333332,"ID":7},{"utility":12.333333333333334,"ID":14}],[{"utility":34,"ID":6},{"utility":70,"ID":11}],[],[],[],[],[],[],[],[]],"STARTING COALITION: ":[[null],[],[{"utility":0,"ID":1},{"utility":0,"ID":12}],[{"utility":91,"ID":4},{"utility":31,"ID":16}],[{"utility":0,"ID":14},{"utility":0,"ID":18}],[{"utility":0,"ID":9},{"utility":8,"ID":20}],[{"utility":0,"ID":17}],[{"utility":0,"ID":2},{"utility":28,"ID":8},{"utility":73,"ID":13}],[{"utility":0,"ID":19}],[{"utility":0,"ID":3},{"utility":0,"ID":5},{"utility":40,"ID":6}],[{"utility":34,"ID":7},{"utility":0,"ID":10},{"utility":33.333333333333336,"ID":11},{"utility":0,"ID":15}],[],[],[],[],[],[],[],[],[],[]],"CORE :":true,"Relazioni :":140,"Time : ":0.2,"LAST PARTITION":{"11":12,"12":5,"13":4,"14":11,"15":2,"16":7,"17":6,"18":4,"19":11,"1":10,"2":3,"3":10,"4":8,"5":9,"6":12,"7":11,"8":6,"9":7,"20":11,"10":5}},{"Modalità dinamica :":false,"Q : ":7,"STARTING PARTITION: ":{"11":10,"12":2,"13":7,"14":4,"15":10,"16":3,"17":6,"18":4,"19":8,"1":2,"2":7,"3":9,"4":3,"5":9,"6":9,"7":10,"8":7,"9":5,"20":5,"10":10},"LAST COALITION":[[],[{"utility":87,"ID":18},{"utility":37,"ID":13}],[{"utility":0,"ID":15}],[{"utility":42,"ID":9},{"utility":56,"ID":11}],[{"utility":0,"ID":2}],[{"utility":71,"ID":10},{"utility":83,"ID":12}],[{"utility":68,"ID":17},{"utility":91,"ID":8}],[{"utility":0,"ID":6}],[{"utility":0,"ID":4}],[{"utility":23,"ID":1},{"utility":92,"ID":3}],[{"utility":61,"ID":16},{"utility":88,"ID":5}],[{"utility":29,"ID":19},{"utility":14,"ID":20},{"utility":27.333333333333332,"ID":7},{"utility":12.333333333333334,"ID":14}],[],[],[],[],[],[],[],[],[]],"STARTING COALITION: ":[[null],[],[{"utility":0,"ID":1},{"utility":0,"ID":12}],[{"utility":91,"ID":4},{"utility":31,"ID":16}],[{"utility":0,"ID":14},{"utility":0,"ID":18}],[{"utility":0,"ID":9},{"utility":8,"ID":20}],[{"utility":0,"ID":17}],[{"utility":0,"ID":2},{"utility":28,"ID":8},{"utility":73,"ID":13}],[{"utility":0,"ID":19}],[{"utility":0,"ID":3},{"utility":0,"ID":5},{"utility":40,"ID":6}],[{"utility":34,"ID":7},{"utility":0,"ID":10},{"utility":33.333333333333336,"ID":11},{"utility":0,"ID":15}],[],[],[],[],[],[],[],[],[],[]],"CORE :":true,"Relazioni :":140,"Time : ":0.1,"LAST PARTITION":{"11":3,"12":5,"13":1,"14":11,"15":2,"16":10,"17":6,"18":1,"19":11,"1":9,"2":4,"3":9,"4":8,"5":10,"6":7,"7":11,"8":6,"9":3,"20":11,"10":5}},{"Modalità dinamica :":false,"Q : ":7,"STARTING PARTITION: ":{"11":10,"12":2,"13":7,"14":4,"15":10,"16":3,"17":6,"18":4,"19":8,"1":2,"2":7,"3":9,"4":3,"5":9,"6":9,"7":10,"8":7,"9":5,"20":5,"10":10},"LAST COALITION":[[],[{"utility":0,"ID":18}],[{"utility":24.666666666666668,"ID":1},{"utility":58.666666666666664,"ID":11},{"utility":27.666666666666668,"ID":14},{"utility":59.333333333333336,"ID":15}],[{"utility":0,"ID":20}],[{"utility":61,"ID":6},{"utility":26,"ID":7}],[{"utility":71,"ID":10},{"utility":83,"ID":12}],[{"utility":68,"ID":17},{"utility":91,"ID":8}],[{"utility":61,"ID":16},{"utility":88,"ID":5}],[{"utility":0,"ID":2},{"utility":94,"ID":13}],[{"utility":0,"ID":19}],[{"utility":0,"ID":3}],[],[{"utility":0,"ID":4}],[{"utility":0,"ID":9}],[],[],[],[],[],[],[]],"STARTING COALITION: ":[[null],[],[{"utility":0,"ID":1},{"utility":0,"ID":12}],[{"utility":91,"ID":4},{"utility":31,"ID":16}],[{"utility":0,"ID":14},{"utility":0,"ID":18}],[{"utility":0,"ID":9},{"utility":8,"ID":20}],[{"utility":0,"ID":17}],[{"utility":0,"ID":2},{"utility":28,"ID":8},{"utility":73,"ID":13}],[{"utility":0,"ID":19}],[{"utility":0,"ID":3},{"utility":0,"ID":5},{"utility":40,"ID":6}],[{"utility":34,"ID":7},{"utility":0,"ID":10},{"utility":33.333333333333336,"ID":11},{"utility":0,"ID":15}],[],[],[],[],[],[],[],[],[],[]],"CORE :":true,"Relazioni :":140,"Time : ":0.2,"LAST PARTITION":{"11":2,"12":5,"13":8,"14":2,"15":2,"16":7,"17":6,"18":1,"19":9,"1":2,"2":8,"3":10,"4":12,"5":7,"6":4,"7":4,"8":6,"9":13,"20":3,"10":5}},{"Modalità dinamica :":false,"Q : ":8,"STARTING PARTITION: ":{"11":10,"12":2,"13":7,"14":4,"15":10,"16":3,"17":6,"18":4,"19":8,"1":2,"2":7,"3":9,"4":3,"5":9,"6":9,"7":10,"8":7,"9":5,"20":5,"10":10},"LAST COALITION":[[],[{"utility":0,"ID":2}],[{"utility":0,"ID":15}],[{"utility":87,"ID":18},{"utility":37,"ID":13}],[{"utility":0,"ID":9}],[{"utility":71,"ID":10},{"utility":83,"ID":12}],[{"utility":68,"ID":17},{"utility":91,"ID":8}],[],[{"utility":0,"ID":4}],[{"utility":61,"ID":16},{"utility":88,"ID":5}],[{"utility":23,"ID":1},{"utility":92,"ID":3}],[{"utility":29,"ID":19},{"utility":14,"ID":20},{"utility":27.333333333333332,"ID":7},{"utility":12.333333333333334,"ID":14}],[{"utility":34,"ID":6},{"utility":70,"ID":11}],[],[],[],[],[],[],[],[]],"STARTING COALITION: ":[[null],[],[{"utility":0,"ID":1},{"utility":0,"ID":12}],[{"utility":91,"ID":4},{"utility":31,"ID":16}],[{"utility":0,"ID":14},{"utility":0,"ID":18}],[{"utility":0,"ID":9},{"utility":8,"ID":20}],[{"utility":0,"ID":17}],[{"utility":0,"ID":2},{"utility":28,"ID":8},{"utility":73,"ID":13}],[{"utility":0,"ID":19}],[{"utility":0,"ID":3},{"utility":0,"ID":5},{"utility":40,"ID":6}],[{"utility":34,"ID":7},{"utility":0,"ID":10},{"utility":33.333333333333336,"ID":11},{"utility":0,"ID":15}],[],[],[],[],[],[],[],[],[],[]],"CORE :":true,"Relazioni :":140,"Time : ":0.1,"LAST PARTITION":{"11":12,"12":5,"13":3,"14":11,"15":2,"16":9,"17":6,"18":3,"19":11,"1":10,"2":1,"3":10,"4":8,"5":9,"6":12,"7":11,"8":6,"9":4,"20":11,"10":5}},{"Modalità dinamica :":false,"Q : ":8,"STARTING PARTITION: ":{"11":10,"12":2,"13":7,"14":4,"15":10,"16":3,"17":6,"18":4,"19":8,"1":2,"2":7,"3":9,"4":3,"5":9,"6":9,"7":10,"8":7,"9":5,"20":5,"10":10},"LAST COALITION":[[],[{"utility":0,"ID":20}],[{"utility":24.666666666666668,"ID":1},{"utility":58.666666666666664,"ID":11},{"utility":27.666666666666668,"ID":14},{"utility":59.333333333333336,"ID":15}],[{"utility":61,"ID":6},{"utility":26,"ID":7}],[{"utility":0,"ID":18}],[{"utility":71,"ID":10},{"utility":83,"ID":12}],[{"utility":68,"ID":17},{"utility":91,"ID":8}],[{"utility":61,"ID":16},{"utility":88,"ID":5}],[{"utility":0,"ID":2},{"utility":94,"ID":13}],[{"utility":0,"ID":3}],[{"utility":0,"ID":19}],[],[{"utility":0,"ID":4}],[{"utility":0,"ID":9}],[],[],[],[],[],[],[]],"STARTING COALITION: ":[[null],[],[{"utility":0,"ID":1},{"utility":0,"ID":12}],[{"utility":91,"ID":4},{"utility":31,"ID":16}],[{"utility":0,"ID":14},{"utility":0,"ID":18}],[{"utility":0,"ID":9},{"utility":8,"ID":20}],[{"utility":0,"ID":17}],[{"utility":0,"ID":2},{"utility":28,"ID":8},{"utility":73,"ID":13}],[{"utility":0,"ID":19}],[{"utility":0,"ID":3},{"utility":0,"ID":5},{"utility":40,"ID":6}],[{"utility":34,"ID":7},{"utility":0,"ID":10},{"utility":33.333333333333336,"ID":11},{"utility":0,"ID":15}],[],[],[],[],[],[],[],[],[],[]],"CORE :":true,"Relazioni :":140,"Time : ":0.2,"LAST PARTITION":{"11":2,"12":5,"13":8,"14":2,"15":2,"16":7,"17":6,"18":4,"19":10,"1":2,"2":8,"3":9,"4":12,"5":7,"6":3,"7":3,"8":6,"9":13,"20":1,"10":5}},{"Modalità dinamica :":false,"Q : ":9,"STARTING PARTITION: ":{"11":10,"12":2,"13":7,"14":4,"15":10,"16":3,"17":6,"18":4,"19":8,"1":2,"2":7,"3":9,"4":3,"5":9,"6":9,"7":10,"8":7,"9":5,"20":5,"10":10},"LAST COALITION":[[],[{"utility":0,"ID":20}],[{"utility":24.666666666666668,"ID":1},{"utility":58.666666666666664,"ID":11},{"utility":27.666666666666668,"ID":14},{"utility":59.333333333333336,"ID":15}],[{"utility":61,"ID":6},{"utility":26,"ID":7}],[{"utility":0,"ID":18}],[{"utility":71,"ID":10},{"utility":83,"ID":12}],[{"utility":68,"ID":17},{"utility":91,"ID":8}],[{"utility":61,"ID":16},{"utility":88,"ID":5}],[{"utility":0,"ID":2},{"utility":94,"ID":13}],[{"utility":0,"ID":19}],[{"utility":0,"ID":3}],[],[{"utility":0,"ID":4}],[{"utility":0,"ID":9}],[],[],[],[],[],[],[]],"STARTING COALITION: ":[[null],[],[{"utility":0,"ID":1},{"utility":0,"ID":12}],[{"utility":91,"ID":4},{"utility":31,"ID":16}],[{"utility":0,"ID":14},{"utility":0,"ID":18}],[{"utility":0,"ID":9},{"utility":8,"ID":20}],[{"utility":0,"ID":17}],[{"utility":0,"ID":2},{"utility":28,"ID":8},{"utility":73,"ID":13}],[{"utility":0,"ID":19}],[{"utility":0,"ID":3},{"utility":0,"ID":5},{"utility":40,"ID":6}],[{"utility":34,"ID":7},{"utility":0,"ID":10},{"utility":33.333333333333336,"ID":11},{"utility":0,"ID":15}],[],[],[],[],[],[],[],[],[],[]],"CORE :":true,"Relazioni :":140,"Time : ":0.1,"LAST PARTITION":{"11":2,"12":5,"13":8,"14":2,"15":2,"16":7,"17":6,"18":4,"19":9,"1":2,"2":8,"3":10,"4":12,"5":7,"6":3,"7":3,"8":6,"9":13,"20":1,"10":5}},{"Modalità dinamica :":false,"Q : ":9,"STARTING PARTITION: ":{"11":10,"12":2,"13":7,"14":4,"15":10,"16":3,"17":6,"18":4,"19":8,"1":2,"2":7,"3":9,"4":3,"5":9,"6":9,"7":10,"8":7,"9":5,"20":5,"10":10},"LAST COALITION":[[],[{"utility":0,"ID":2}],[{"utility":0,"ID":15}],[{"utility":87,"ID":18},{"utility":37,"ID":13}],[{"utility":42,"ID":9},{"utility":56,"ID":11}],[{"utility":71,"ID":10},{"utility":83,"ID":12}],[{"utility":68,"ID":17},{"utility":91,"ID":8}],[{"utility":0,"ID":6}],[{"utility":0,"ID":4}],[{"utility":61,"ID":16},{"utility":88,"ID":5}],[{"utility":23,"ID":1},{"utility":92,"ID":3}],[{"utility":29,"ID":19},{"utility":14,"ID":20},{"utility":27.333333333333332,"ID":7},{"utility":12.333333333333334,"ID":14}],[],[],[],[],[],[],[],[],[]],"STARTING COALITION: ":[[null],[],[{"utility":0,"ID":1},{"utility":0,"ID":12}],[{"utility":91,"ID":4},{"utility":31,"ID":16}],[{"utility":0,"ID":14},{"utility":0,"ID":18}],[{"utility":0,"ID":9},{"utility":8,"ID":20}],[{"utility":0,"ID":17}],[{"utility":0,"ID":2},{"utility":28,"ID":8},{"utility":73,"ID":13}],[{"utility":0,"ID":19}],[{"utility":0,"ID":3},{"utility":0,"ID":5},{"utility":40,"ID":6}],[{"utility":34,"ID":7},{"utility":0,"ID":10},{"utility":33.333333333333336,"ID":11},{"utility":0,"ID":15}],[],[],[],[],[],[],[],[],[],[]],"CORE :":true,"Relazioni :":140,"Time : ":0.2,"LAST PARTITION":{"11":4,"12":5,"13":3,"14":11,"15":2,"16":9,"17":6,"18":3,"19":11,"1":10,"2":1,"3":10,"4":8,"5":9,"6":7,"7":11,"8":6,"9":4,"20":11,"10":5}},{"Modalità dinamica :":false,"Q : ":10,"STARTING PARTITION: ":{"11":10,"12":2,"13":7,"14":4,"15":10,"16":3,"17":6,"18":4,"19":8,"1":2,"2":7,"3":9,"4":3,"5":9,"6":9,"7":10,"8":7,"9":5,"20":5,"10":10},"LAST COALITION":[[],[{"utility":0,"ID":2}],[{"utility":0,"ID":15}],[{"utility":87,"ID":18},{"utility":37,"ID":13}],[{"utility":42,"ID":9},{"utility":56,"ID":11}],[{"utility":71,"ID":10},{"utility":83,"ID":12}],[{"utility":68,"ID":17},{"utility":91,"ID":8}],[{"utility":0,"ID":6}],[{"utility":0,"ID":4}],[{"utility":61,"ID":16},{"utility":88,"ID":5}],[{"utility":23,"ID":1},{"utility":92,"ID":3}],[{"utility":29,"ID":19},{"utility":14,"ID":20},{"utility":27.333333333333332,"ID":7},{"utility":12.333333333333334,"ID":14}],[],[],[],[],[],[],[],[],[]],"STARTING COALITION: ":[[null],[],[{"utility":0,"ID":1},{"utility":0,"ID":12}],[{"utility":91,"ID":4},{"utility":31,"ID":16}],[{"utility":0,"ID":14},{"utility":0,"ID":18}],[{"utility":0,"ID":9},{"utility":8,"ID":20}],[{"utility":0,"ID":17}],[{"utility":0,"ID":2},{"utility":28,"ID":8},{"utility":73,"ID":13}],[{"utility":0,"ID":19}],[{"utility":0,"ID":3},{"utility":0,"ID":5},{"utility":40,"ID":6}],[{"utility":34,"ID":7},{"utility":0,"ID":10},{"utility":33.333333333333336,"ID":11},{"utility":0,"ID":15}],[],[],[],[],[],[],[],[],[],[]],"CORE :":true,"Relazioni :":140,"Time : ":0.1,"LAST PARTITION":{"11":4,"12":5,"13":3,"14":11,"15":2,"16":9,"17":6,"18":3,"19":11,"1":10,"2":1,"3":10,"4":8,"5":9,"6":7,"7":11,"8":6,"9":4,"20":11,"10":5}},{"Modalità dinamica :":false,"Q : ":10,"STARTING PARTITION: ":{"11":10,"12":2,"13":7,"14":4,"15":10,"16":3,"17":6,"18":4,"19":8,"1":2,"2":7,"3":9,"4":3,"5":9,"6":9,"7":10,"8":7,"9":5,"20":5,"10":10},"LAST COALITION":[[],[{"utility":87,"ID":18},{"utility":37,"ID":13}],[{"utility":0,"ID":15}],[{"utility":42,"ID":9},{"utility":56,"ID":11}],[{"utility":0,"ID":2}],[{"utility":71,"ID":10},{"utility":83,"ID":12}],[{"utility":68,"ID":17},{"utility":91,"ID":8}],[{"utility":0,"ID":6}],[{"utility":0,"ID":4}],[{"utility":61,"ID":16},{"utility":88,"ID":5}],[{"utility":23,"ID":1},{"utility":92,"ID":3}],[{"utility":29,"ID":19},{"utility":14,"ID":20},{"utility":27.333333333333332,"ID":7},{"utility":12.333333333333334,"ID":14}],[],[],[],[],[],[],[],[],[]],"STARTING COALITION: ":[[null],[],[{"utility":0,"ID":1},{"utility":0,"ID":12}],[{"utility":91,"ID":4},{"utility":31,"ID":16}],[{"utility":0,"ID":14},{"utility":0,"ID":18}],[{"utility":0,"ID":9},{"utility":8,"ID":20}],[{"utility":0,"ID":17}],[{"utility":0,"ID":2},{"utility":28,"ID":8},{"utility":73,"ID":13}],[{"utility":0,"ID":19}],[{"utility":0,"ID":3},{"utility":0,"ID":5},{"utility":40,"ID":6}],[{"utility":34,"ID":7},{"utility":0,"ID":10},{"utility":33.333333333333336,"ID":11},{"utility":0,"ID":15}],[],[],[],[],[],[],[],[],[],[]],"CORE :":true,"Relazioni :":140,"Time : ":0.2,"LAST PARTITION":{"11":3,"12":5,"13":1,"14":11,"15":2,"16":9,"17":6,"18":1,"19":11,"1":10,"2":4,"3":10,"4":8,"5":9,"6":7,"7":11,"8":6,"9":3,"20":11,"10":5}},{"Modalità dinamica :":true,"Q : ":2,"STARTING PARTITION: ":{"11":10,"12":2,"13":7,"14":4,"15":10,"16":3,"17":6,"18":4,"19":8,"1":2,"2":7,"3":9,"4":3,"5":9,"6":9,"7":10,"8":7,"9":5,"20":5,"10":10},"LAST COALITION":[[],[{"utility":23,"ID":1},{"utility":92,"ID":3}],[{"utility":91,"ID":8},{"utility":68,"ID":17}],[{"utility":0,"ID":4}],[{"utility":0,"ID":14}],[{"utility":61,"ID":6},{"utility":26,"ID":7}],[{"utility":37,"ID":13},{"utility":87,"ID":18}],[{"utility":0,"ID":20}],[{"utility":88,"ID":5},{"utility":61,"ID":16}],[{"utility":42,"ID":9},{"utility":56,"ID":11}],[{"utility":0,"ID":15}],[{"utility":19,"ID":2},{"utility":3,"ID":19}],[{"utility":71,"ID":10},{"utility":83,"ID":12}],[],[],[],[],[],[],[],[]],"STARTING COALITION: ":[[null],[],[{"utility":0,"ID":1},{"utility":0,"ID":12}],[{"utility":91,"ID":4},{"utility":31,"ID":16}],[{"utility":0,"ID":14},{"utility":0,"ID":18}],[{"utility":0,"ID":9},{"utility":8,"ID":20}],[{"utility":0,"ID":17}],[{"utility":0,"ID":2},{"utility":28,"ID":8},{"utility":73,"ID":13}],[{"utility":0,"ID":19}],[{"utility":0,"ID":3},{"utility":0,"ID":5},{"utility":40,"ID":6}],[{"utility":34,"ID":7},{"utility":0,"ID":10},{"utility":33.333333333333336,"ID":11},{"utility":0,"ID":15}],[],[],[],[],[],[],[],[],[],[]],"CORE :":true,"Relazioni :":140,"Time : ":0.1,"LAST PARTITION":{"11":9,"12":12,"13":6,"14":4,"15":10,"16":8,"17":2,"18":6,"19":11,"1":1,"2":11,"3":1,"4":3,"5":8,"6":5,"7":5,"8":2,"9":9,"20":7,"10":12}},{"Modalità dinamica :":true,"Q : ":2,"STARTING PARTITION: ":{"11":10,"12":2,"13":7,"14":4,"15":10,"16":3,"17":6,"18":4,"19":8,"1":2,"2":7,"3":9,"4":3,"5":9,"6":9,"7":10,"8":7,"9":5,"20":5,"10":10},"LAST COALITION":[[],[{"utility":61,"ID":6},{"utility":26,"ID":7}],[{"utility":37,"ID":13},{"utility":87,"ID":18}],[{"utility":71,"ID":10},{"utility":83,"ID":12}],[{"utility":0,"ID":14}],[{"utility":42,"ID":9},{"utility":56,"ID":11}],[{"utility":91,"ID":8},{"utility":68,"ID":17}],[{"utility":19,"ID":2},{"utility":3,"ID":19}],[{"utility":0,"ID":4}],[],[{"utility":23,"ID":1},{"utility":92,"ID":3}],[{"utility":88,"ID":5},{"utility":61,"ID":16}],[{"utility":0,"ID":20}],[],[{"utility":0,"ID":15}],[],[],[],[],[],[]],"STARTING COALITION: ":[[null],[],[{"utility":0,"ID":1},{"utility":0,"ID":12}],[{"utility":91,"ID":4},{"utility":31,"ID":16}],[{"utility":0,"ID":14},{"utility":0,"ID":18}],[{"utility":0,"ID":9},{"utility":8,"ID":20}],[{"utility":0,"ID":17}],[{"utility":0,"ID":2},{"utility":28,"ID":8},{"utility":73,"ID":13}],[{"utility":0,"ID":19}],[{"utility":0,"ID":3},{"utility":0,"ID":5},{"utility":40,"ID":6}],[{"utility":34,"ID":7},{"utility":0,"ID":10},{"utility":33.333333333333336,"ID":11},{"utility":0,"ID":15}],[],[],[],[],[],[],[],[],[],[]],"CORE :":true,"Relazioni :":140,"Time : ":0.2,"LAST PARTITION":{"11":5,"12":3,"13":2,"14":4,"15":14,"16":11,"17":6,"18":2,"19":7,"1":10,"2":7,"3":10,"4":8,"5":11,"6":1,"7":1,"8":6,"9":5,"20":12,"10":3}},{"Modalità dinamica :":true,"Q : ":3,"STARTING PARTITION: ":{"11":10,"12":2,"13":7,"14":4,"15":10,"16":3,"17":6,"18":4,"19":8,"1":2,"2":7,"3":9,"4":3,"5":9,"6":9,"7":10,"8":7,"9":5,"20":5,"10":10},"LAST COALITION":[[],[{"utility":26.5,"ID":2},{"utility":63.5,"ID":13},{"utility":8.5,"ID":15}],[{"utility":0,"ID":20}],[],[{"utility":61,"ID":6},{"utility":26,"ID":7}],[{"utility":0,"ID":19}],[{"utility":23,"ID":1},{"utility":92,"ID":3}],[{"utility":0,"ID":4}],[{"utility":88,"ID":5},{"utility":61,"ID":16}],[{"utility":0,"ID":18}],[],[],[{"utility":91,"ID":8},{"utility":68,"ID":17}],[{"utility":0,"ID":14}],[{"utility":71,"ID":10},{"utility":83,"ID":12}],[{"utility":42,"ID":9},{"utility":56,"ID":11}],[],[],[],[],[]],"STARTING COALITION: ":[[null],[],[{"utility":0,"ID":1},{"utility":0,"ID":12}],[{"utility":91,"ID":4},{"utility":31,"ID":16}],[{"utility":0,"ID":14},{"utility":0,"ID":18}],[{"utility":0,"ID":9},{"utility":8,"ID":20}],[{"utility":0,"ID":17}],[{"utility":0,"ID":2},{"utility":28,"ID":8},{"utility":73,"ID":13}],[{"utility":0,"ID":19}],[{"utility":0,"ID":3},{"utility":0,"ID":5},{"utility":40,"ID":6}],[{"utility":34,"ID":7},{"utility":0,"ID":10},{"utility":33.333333333333336,"ID":11},{"utility":0,"ID":15}],[],[],[],[],[],[],[],[],[],[]],"CORE :":true,"Relazioni :":140,"Time : ":0.1,"LAST PARTITION":{"11":15,"12":14,"13":1,"14":13,"15":1,"16":8,"17":12,"18":9,"19":5,"1":6,"2":1,"3":6,"4":7,"5":8,"6":4,"7":4,"8":12,"9":15,"20":2,"10":14}},{"Modalità dinamica :":true,"Q : ":3,"STARTING PARTITION: ":{"11":10,"12":2,"13":7,"14":4,"15":10,"16":3,"17":6,"18":4,"19":8,"1":2,"2":7,"3":9,"4":3,"5":9,"6":9,"7":10,"8":7,"9":5,"20":5,"10":10},"LAST COALITION":[[],[{"utility":0,"ID":4}],[{"utility":88,"ID":5},{"utility":61,"ID":16}],[{"utility":26.5,"ID":2},{"utility":63.5,"ID":13},{"utility":8.5,"ID":15}],[{"utility":61,"ID":6},{"utility":26,"ID":7}],[{"utility":91,"ID":8},{"utility":68,"ID":17}],[],[{"utility":0,"ID":20}],[{"utility":71,"ID":10},{"utility":83,"ID":12}],[{"utility":0,"ID":19}],[{"utility":23,"ID":1},{"utility":92,"ID":3}],[],[{"utility":21,"ID":9},{"utility":70.5,"ID":11},{"utility":40.5,"ID":14}],[{"utility":0,"ID":18}],[],[],[],[],[],[],[]],"STARTING COALITION: ":[[null],[],[{"utility":0,"ID":1},{"utility":0,"ID":12}],[{"utility":91,"ID":4},{"utility":31,"ID":16}],[{"utility":0,"ID":14},{"utility":0,"ID":18}],[{"utility":0,"ID":9},{"utility":8,"ID":20}],[{"utility":0,"ID":17}],[{"utility":0,"ID":2},{"utility":28,"ID":8},{"utility":73,"ID":13}],[{"utility":0,"ID":19}],[{"utility":0,"ID":3},{"utility":0,"ID":5},{"utility":40,"ID":6}],[{"utility":34,"ID":7},{"utility":0,"ID":10},{"utility":33.333333333333336,"ID":11},{"utility":0,"ID":15}],[],[],[],[],[],[],[],[],[],[]],"CORE :":true,"Relazioni :":140,"Time : ":0.2,"LAST PARTITION":{"11":12,"12":8,"13":3,"14":12,"15":3,"16":2,"17":5,"18":13,"19":9,"1":10,"2":3,"3":10,"4":1,"5":2,"6":4,"7":4,"8":5,"9":12,"20":7,"10":8}},{"Modalità dinamica :":true,"Q : ":4,"STARTING PARTITION: ":{"11":10,"12":2,"13":7,"14":4,"15":10,"16":3,"17":6,"18":4,"19":8,"1":2,"2":7,"3":9,"4":3,"5":9,"6":9,"7":10,"8":7,"9":5,"20":5,"10":10},"LAST COALITION":[[],[{"utility":0,"ID":4},{"utility":91,"ID":18}],[{"utility":17,"ID":6},{"utility":77.5,"ID":11},{"utility":44.5,"ID":14}],[{"utility":40,"ID":7},{"utility":0,"ID":19}],[{"utility":23,"ID":1},{"utility":92,"ID":3}],[{"utility":71,"ID":10},{"utility":83,"ID":12}],[],[{"utility":13,"ID":9},{"utility":91,"ID":16}],[{"utility":91,"ID":8},{"utility":68,"ID":17}],[{"utility":74,"ID":5},{"utility":89,"ID":20}],[],[],[{"utility":26.5,"ID":2},{"utility":63.5,"ID":13},{"utility":8.5,"ID":15}],[],[],[],[],[],[],[],[]],"STARTING COALITION: ":[[null],[],[{"utility":0,"ID":1},{"utility":0,"ID":12}],[{"utility":91,"ID":4},{"utility":31,"ID":16}],[{"utility":0,"ID":14},{"utility":0,"ID":18}],[{"utility":0,"ID":9},{"utility":8,"ID":20}],[{"utility":0,"ID":17}],[{"utility":0,"ID":2},{"utility":28,"ID":8},{"utility":73,"ID":13}],[{"utility":0,"ID":19}],[{"utility":0,"ID":3},{"utility":0,"ID":5},{"utility":40,"ID":6}],[{"utility":34,"ID":7},{"utility":0,"ID":10},{"utility":33.333333333333336,"ID":11},{"utility":0,"ID":15}],[],[],[],[],[],[],[],[],[],[]],"CORE :":true,"Relazioni :":140,"Time : ":0.1,"LAST PARTITION":{"11":2,"12":5,"13":12,"14":2,"15":12,"16":7,"17":8,"18":1,"19":3,"1":4,"2":12,"3":4,"4":1,"5":9,"6":2,"7":3,"8":8,"9":7,"20":9,"10":5}},{"Modalità dinamica :":true,"Q : ":4,"STARTING PARTITION: ":{"11":10,"12":2,"13":7,"14":4,"15":10,"16":3,"17":6,"18":4,"19":8,"1":2,"2":7,"3":9,"4":3,"5":9,"6":9,"7":10,"8":7,"9":5,"20":5,"10":10},"LAST COALITION":[[],[{"utility":88,"ID":5},{"utility":61,"ID":16}],[{"utility":61,"ID":6},{"utility":26,"ID":7}],[{"utility":19,"ID":2},{"utility":3,"ID":19}],[{"utility":37,"ID":13},{"utility":87,"ID":18}],[{"utility":0,"ID":20}],[{"utility":21,"ID":9},{"utility":70.5,"ID":11},{"utility":40.5,"ID":14}],[],[{"utility":91,"ID":8},{"utility":68,"ID":17}],[{"utility":23,"ID":1},{"utility":92,"ID":3}],[{"utility":0,"ID":4},{"utility":52,"ID":15}],[],[],[{"utility":71,"ID":10},{"utility":83,"ID":12}],[],[],[],[],[],[],[]],"STARTING COALITION: ":[[null],[],[{"utility":0,"ID":1},{"utility":0,"ID":12}],[{"utility":91,"ID":4},{"utility":31,"ID":16}],[{"utility":0,"ID":14},{"utility":0,"ID":18}],[{"utility":0,"ID":9},{"utility":8,"ID":20}],[{"utility":0,"ID":17}],[{"utility":0,"ID":2},{"utility":28,"ID":8},{"utility":73,"ID":13}],[{"utility":0,"ID":19}],[{"utility":0,"ID":3},{"utility":0,"ID":5},{"utility":40,"ID":6}],[{"utility":34,"ID":7},{"utility":0,"ID":10},{"utility":33.333333333333336,"ID":11},{"utility":0,"ID":15}],[],[],[],[],[],[],[],[],[],[]],"CORE :":true,"Relazioni :":140,"Time : ":0.2,"LAST PARTITION":{"11":6,"12":13,"13":4,"14":6,"15":10,"16":1,"17":8,"18":4,"19":3,"1":9,"2":3,"3":9,"4":10,"5":1,"6":2,"7":2,"8":8,"9":6,"20":5,"10":13}},{"Modalità dinamica :":true,"Q : ":5,"STARTING PARTITION: ":{"11":10,"12":2,"13":7,"14":4,"15":10,"16":3,"17":6,"18":4,"19":8,"1":2,"2":7,"3":9,"4":3,"5":9,"6":9,"7":10,"8":7,"9":5,"20":5,"10":10},"LAST COALITION":[[],[{"utility":71,"ID":10},{"utility":83,"ID":12}],[{"utility":85,"ID":11},{"utility":0,"ID":14}],[{"utility":61,"ID":6},{"utility":26,"ID":7}],[{"utility":91,"ID":8},{"utility":68,"ID":17}],[{"utility":0,"ID":19}],[{"utility":13,"ID":9},{"utility":91,"ID":16}],[{"utility":0,"ID":4}],[{"utility":74,"ID":5},{"utility":89,"ID":20}],[{"utility":0,"ID":18}],[{"utility":23,"ID":1},{"utility":92,"ID":3}],[{"utility":26.5,"ID":2},{"utility":63.5,"ID":13},{"utility":8.5,"ID":15}],[],[],[],[],[],[],[],[],[]],"STARTING COALITION: ":[[null],[],[{"utility":0,"ID":1},{"utility":0,"ID":12}],[{"utility":91,"ID":4},{"utility":31,"ID":16}],[{"utility":0,"ID":14},{"utility":0,"ID":18}],[{"utility":0,"ID":9},{"utility":8,"ID":20}],[{"utility":0,"ID":17}],[{"utility":0,"ID":2},{"utility":28,"ID":8},{"utility":73,"ID":13}],[{"utility":0,"ID":19}],[{"utility":0,"ID":3},{"utility":0,"ID":5},{"utility":40,"ID":6}],[{"utility":34,"ID":7},{"utility":0,"ID":10},{"utility":33.333333333333336,"ID":11},{"utility":0,"ID":15}],[],[],[],[],[],[],[],[],[],[]],"CORE :":true,"Relazioni :":140,"Time : ":0.1,"LAST PARTITION":{"11":2,"12":1,"13":11,"14":2,"15":11,"16":6,"17":4,"18":9,"19":5,"1":10,"2":11,"3":10,"4":7,"5":8,"6":3,"7":3,"8":4,"9":6,"20":8,"10":1}},{"Modalità dinamica :":true,"Q : ":5,"STARTING PARTITION: ":{"11":10,"12":2,"13":7,"14":4,"15":10,"16":3,"17":6,"18":4,"19":8,"1":2,"2":7,"3":9,"4":3,"5":9,"6":9,"7":10,"8":7,"9":5,"20":5,"10":10},"LAST COALITION":[[],[{"utility":23,"ID":1},{"utility":92,"ID":3}],[{"utility":0,"ID":20}],[{"utility":88,"ID":5},{"utility":61,"ID":16}],[{"utility":91,"ID":8},{"utility":68,"ID":17}],[{"utility":71,"ID":10},{"utility":83,"ID":12}],[{"utility":21,"ID":9},{"utility":70.5,"ID":11},{"utility":40.5,"ID":14}],[{"utility":0,"ID":4}],[{"utility":61,"ID":6},{"utility":26,"ID":7}],[{"utility":0,"ID":19}],[{"utility":26.5,"ID":2},{"utility":63.5,"ID":13},{"utility":8.5,"ID":15}],[{"utility":0,"ID":18}],[],[],[],[],[],[],[],[],[]],"STARTING COALITION: ":[[null],[],[{"utility":0,"ID":1},{"utility":0,"ID":12}],[{"utility":91,"ID":4},{"utility":31,"ID":16}],[{"utility":0,"ID":14},{"utility":0,"ID":18}],[{"utility":0,"ID":9},{"utility":8,"ID":20}],[{"utility":0,"ID":17}],[{"utility":0,"ID":2},{"utility":28,"ID":8},{"utility":73,"ID":13}],[{"utility":0,"ID":19}],[{"utility":0,"ID":3},{"utility":0,"ID":5},{"utility":40,"ID":6}],[{"utility":34,"ID":7},{"utility":0,"ID":10},{"utility":33.333333333333336,"ID":11},{"utility":0,"ID":15}],[],[],[],[],[],[],[],[],[],[]],"CORE :":true,"Relazioni :":140,"Time : ":0.2,"LAST PARTITION":{"11":6,"12":5,"13":10,"14":6,"15":10,"16":3,"17":4,"18":11,"19":9,"1":1,"2":10,"3":1,"4":7,"5":3,"6":8,"7":8,"8":4,"9":6,"20":2,"10":5}},{"Modalità dinamica :":true,"Q : ":6,"STARTING PARTITION: ":{"11":10,"12":2,"13":7,"14":4,"15":10,"16":3,"17":6,"18":4,"19":8,"1":2,"2":7,"3":9,"4":3,"5":9,"6":9,"7":10,"8":7,"9":5,"20":5,"10":10},"LAST COALITION":[[],[{"utility":88,"ID":5},{"utility":61,"ID":16}],[{"utility":71,"ID":10},{"utility":83,"ID":12}],[{"utility":0,"ID":18}],[{"utility":0,"ID":4}],[],[{"utility":21,"ID":9},{"utility":70.5,"ID":11},{"utility":40.5,"ID":14}],[{"utility":23,"ID":1},{"utility":92,"ID":3}],[{"utility":91,"ID":8},{"utility":68,"ID":17}],[{"utility":0,"ID":20}],[{"utility":61,"ID":6},{"utility":26,"ID":7}],[{"utility":26.5,"ID":2},{"utility":63.5,"ID":13},{"utility":8.5,"ID":15}],[],[],[{"utility":0,"ID":19}],[],[],[],[],[],[]],"STARTING COALITION: ":[[null],[],[{"utility":0,"ID":1},{"utility":0,"ID":12}],[{"utility":91,"ID":4},{"utility":31,"ID":16}],[{"utility":0,"ID":14},{"utility":0,"ID":18}],[{"utility":0,"ID":9},{"utility":8,"ID":20}],[{"utility":0,"ID":17}],[{"utility":0,"ID":2},{"utility":28,"ID":8},{"utility":73,"ID":13}],[{"utility":0,"ID":19}],[{"utility":0,"ID":3},{"utility":0,"ID":5},{"utility":40,"ID":6}],[{"utility":34,"ID":7},{"utility":0,"ID":10},{"utility":33.333333333333336,"ID":11},{"utility":0,"ID":15}],[],[],[],[],[],[],[],[],[],[]],"CORE :":true,"Relazioni :":140,"Time : ":0.1,"LAST PARTITION":{"11":6,"12":2,"13":11,"14":6,"15":11,"16":1,"17":8,"18":3,"19":14,"1":7,"2":11,"3":7,"4":4,"5":1,"6":10,"7":10,"8":8,"9":6,"20":9,"10":2}},{"Modalità dinamica :":true,"Q : ":6,"STARTING PARTITION: ":{"11":10,"12":2,"13":7,"14":4,"15":10,"16":3,"17":6,"18":4,"19":8,"1":2,"2":7,"3":9,"4":3,"5":9,"6":9,"7":10,"8":7,"9":5,"20":5,"10":10},"LAST COALITION":[[],[{"utility":37,"ID":13},{"utility":87,"ID":18}],[{"utility":0,"ID":4}],[{"utility":0,"ID":19}],[{"utility":23,"ID":1},{"utility":92,"ID":3}],[{"utility":21,"ID":9},{"utility":70.5,"ID":11},{"utility":40.5,"ID":14}],[{"utility":91,"ID":8},{"utility":68,"ID":17}],[{"utility":61,"ID":6},{"utility":26,"ID":7}],[],[],[{"utility":26.5,"ID":2},{"utility":0,"ID":15},{"utility":0,"ID":20}],[{"utility":71,"ID":10},{"utility":83,"ID":12}],[{"utility":88,"ID":5},{"utility":61,"ID":16}],[],[],[],[],[],[],[],[]],"STARTING COALITION: ":[[null],[],[{"utility":0,"ID":1},{"utility":0,"ID":12}],[{"utility":91,"ID":4},{"utility":31,"ID":16}],[{"utility":0,"ID":14},{"utility":0,"ID":18}],[{"utility":0,"ID":9},{"utility":8,"ID":20}],[{"utility":0,"ID":17}],[{"utility":0,"ID":2},{"utility":28,"ID":8},{"utility":73,"ID":13}],[{"utility":0,"ID":19}],[{"utility":0,"ID":3},{"utility":0,"ID":5},{"utility":40,"ID":6}],[{"utility":34,"ID":7},{"utility":0,"ID":10},{"utility":33.333333333333336,"ID":11},{"utility":0,"ID":15}],[],[],[],[],[],[],[],[],[],[]],"CORE :":true,"Relazioni :":140,"Time : ":0.2,"LAST PARTITION":{"11":5,"12":11,"13":1,"14":5,"15":10,"16":12,"17":6,"18":1,"19":3,"1":4,"2":10,"3":4,"4":2,"5":12,"6":7,"7":7,"8":6,"9":5,"20":10,"10":11}},{"Modalità dinamica :":true,"Q : ":7,"STARTING PARTITION: ":{"11":10,"12":2,"13":7,"14":4,"15":10,"16":3,"17":6,"18":4,"19":8,"1":2,"2":7,"3":9,"4":3,"5":9,"6":9,"7":10,"8":7,"9":5,"20":5,"10":10},"LAST COALITION":[[],[{"utility":71,"ID":10},{"utility":83,"ID":12}],[{"utility":61,"ID":6},{"utility":26,"ID":7}],[{"utility":0,"ID":18}],[{"utility":21,"ID":9},{"utility":70.5,"ID":11},{"utility":40.5,"ID":14}],[{"utility":91,"ID":8},{"utility":68,"ID":17}],[],[{"utility":0,"ID":19}],[{"utility":0,"ID":4}],[{"utility":23,"ID":1},{"utility":92,"ID":3}],[{"utility":88,"ID":5},{"utility":61,"ID":16}],[{"utility":0,"ID":20}],[{"utility":26.5,"ID":2},{"utility":63.5,"ID":13},{"utility":8.5,"ID":15}],[],[],[],[],[],[],[],[]],"STARTING COALITION: ":[[null],[],[{"utility":0,"ID":1},{"utility":0,"ID":12}],[{"utility":91,"ID":4},{"utility":31,"ID":16}],[{"utility":0,"ID":14},{"utility":0,"ID":18}],[{"utility":0,"ID":9},{"utility":8,"ID":20}],[{"utility":0,"ID":17}],[{"utility":0,"ID":2},{"utility":28,"ID":8},{"utility":73,"ID":13}],[{"utility":0,"ID":19}],[{"utility":0,"ID":3},{"utility":0,"ID":5},{"utility":40,"ID":6}],[{"utility":34,"ID":7},{"utility":0,"ID":10},{"utility":33.333333333333336,"ID":11},{"utility":0,"ID":15}],[],[],[],[],[],[],[],[],[],[]],"CORE :":true,"Relazioni :":140,"Time : ":0.1,"LAST PARTITION":{"11":4,"12":1,"13":12,"14":4,"15":12,"16":10,"17":5,"18":3,"19":7,"1":9,"2":12,"3":9,"4":8,"5":10,"6":2,"7":2,"8":5,"9":4,"20":11,"10":1}},{"Modalità dinamica :":true,"Q : ":7,"STARTING PARTITION: ":{"11":10,"12":2,"13":7,"14":4,"15":10,"16":3,"17":6,"18":4,"19":8,"1":2,"2":7,"3":9,"4":3,"5":9,"6":9,"7":10,"8":7,"9":5,"20":5,"10":10},"LAST COALITION":[[],[{"utility":17,"ID":6},{"utility":77.5,"ID":11},{"utility":44.5,"ID":14}],[{"utility":74,"ID":5},{"utility":89,"ID":20}],[{"utility":13,"ID":9},{"utility":91,"ID":16}],[{"utility":26.5,"ID":2},{"utility":63.5,"ID":13},{"utility":8.5,"ID":15}],[{"utility":71,"ID":10},{"utility":83,"ID":12}],[{"utility":91,"ID":8},{"utility":68,"ID":17}],[{"utility":0,"ID":4},{"utility":91,"ID":18}],[],[{"utility":40,"ID":7},{"utility":0,"ID":19}],[],[],[{"utility":23,"ID":1},{"utility":92,"ID":3}],[],[],[],[],[],[],[],[]],"STARTING COALITION: ":[[null],[],[{"utility":0,"ID":1},{"utility":0,"ID":12}],[{"utility":91,"ID":4},{"utility":31,"ID":16}],[{"utility":0,"ID":14},{"utility":0,"ID":18}],[{"utility":0,"ID":9},{"utility":8,"ID":20}],[{"utility":0,"ID":17}],[{"utility":0,"ID":2},{"utility":28,"ID":8},{"utility":73,"ID":13}],[{"utility":0,"ID":19}],[{"utility":0,"ID":3},{"utility":0,"ID":5},{"utility":40,"ID":6}],[{"utility":34,"ID":7},{"utility":0,"ID":10},{"utility":33.333333333333336,"ID":11},{"utility":0,"ID":15}],[],[],[],[],[],[],[],[],[],[]],"CORE :":true,"Relazioni :":140,"Time : ":0.2,"LAST PARTITION":{"11":1,"12":5,"13":4,"14":1,"15":4,"16":3,"17":6,"18":7,"19":9,"1":12,"2":4,"3":12,"4":7,"5":2,"6":1,"7":9,"8":6,"9":3,"20":2,"10":5}},{"Modalità dinamica :":true,"Q : ":8,"STARTING PARTITION: ":{"11":10,"12":2,"13":7,"14":4,"15":10,"16":3,"17":6,"18":4,"19":8,"1":2,"2":7,"3":9,"4":3,"5":9,"6":9,"7":10,"8":7,"9":5,"20":5,"10":10},"LAST COALITION":[[],[{"utility":91,"ID":8},{"utility":68,"ID":17}],[{"utility":87,"ID":19},{"utility":0,"ID":20}],[],[{"utility":37,"ID":13},{"utility":87,"ID":18}],[{"utility":88,"ID":5},{"utility":61,"ID":16}],[{"utility":14,"ID":9},{"utility":77.33333333333333,"ID":11},{"utility":27,"ID":14},{"utility":33,"ID":15}],[{"utility":23,"ID":1},{"utility":92,"ID":3}],[{"utility":12,"ID":2},{"utility":30.5,"ID":6},{"utility":61,"ID":7}],[],[],[{"utility":0,"ID":4}],[{"utility":71,"ID":10},{"utility":83,"ID":12}],[],[],[],[],[],[],[],[]],"STARTING COALITION: ":[[null],[],[{"utility":0,"ID":1},{"utility":0,"ID":12}],[{"utility":91,"ID":4},{"utility":31,"ID":16}],[{"utility":0,"ID":14},{"utility":0,"ID":18}],[{"utility":0,"ID":9},{"utility":8,"ID":20}],[{"utility":0,"ID":17}],[{"utility":0,"ID":2},{"utility":28,"ID":8},{"utility":73,"ID":13}],[{"utility":0,"ID":19}],[{"utility":0,"ID":3},{"utility":0,"ID":5},{"utility":40,"ID":6}],[{"utility":34,"ID":7},{"utility":0,"ID":10},{"utility":33.333333333333336,"ID":11},{"utility":0,"ID":15}],[],[],[],[],[],[],[],[],[],[]],"CORE :":true,"Relazioni :":140,"Time : ":0.1,"LAST PARTITION":{"11":6,"12":12,"13":4,"14":6,"15":6,"16":5,"17":1,"18":4,"19":2,"1":7,"2":8,"3":7,"4":11,"5":5,"6":8,"7":8,"8":1,"9":6,"20":2,"10":12}},{"Modalità dinamica :":true,"Q : ":8,"STARTING PARTITION: ":{"11":10,"12":2,"13":7,"14":4,"15":10,"16":3,"17":6,"18":4,"19":8,"1":2,"2":7,"3":9,"4":3,"5":9,"6":9,"7":10,"8":7,"9":5,"20":5,"10":10},"LAST COALITION":[[],[{"utility":0,"ID":4},{"utility":91,"ID":18}],[{"utility":19,"ID":2},{"utility":3,"ID":19}],[],[{"utility":13,"ID":9},{"utility":91,"ID":16}],[{"utility":61,"ID":6},{"utility":26,"ID":7}],[{"utility":71,"ID":10},{"utility":83,"ID":12}],[{"utility":74,"ID":5},{"utility":89,"ID":20}],[{"utility":85,"ID":11},{"utility":0,"ID":14}],[{"utility":33,"ID":13},{"utility":17,"ID":15}],[{"utility":23,"ID":1},{"utility":92,"ID":3}],[],[],[{"utility":91,"ID":8},{"utility":68,"ID":17}],[],[],[],[],[],[],[]],"STARTING COALITION: ":[[null],[],[{"utility":0,"ID":1},{"utility":0,"ID":12}],[{"utility":91,"ID":4},{"utility":31,"ID":16}],[{"utility":0,"ID":14},{"utility":0,"ID":18}],[{"utility":0,"ID":9},{"utility":8,"ID":20}],[{"utility":0,"ID":17}],[{"utility":0,"ID":2},{"utility":28,"ID":8},{"utility":73,"ID":13}],[{"utility":0,"ID":19}],[{"utility":0,"ID":3},{"utility":0,"ID":5},{"utility":40,"ID":6}],[{"utility":34,"ID":7},{"utility":0,"ID":10},{"utility":33.333333333333336,"ID":11},{"utility":0,"ID":15}],[],[],[],[],[],[],[],[],[],[]],"CORE :":true,"Relazioni :":140,"Time : ":0.2,"LAST PARTITION":{"11":8,"12":6,"13":9,"14":8,"15":9,"16":4,"17":13,"18":1,"19":2,"1":10,"2":2,"3":10,"4":1,"5":7,"6":5,"7":5,"8":13,"9":4,"20":7,"10":6}},{"Modalità dinamica :":true,"Q : ":9,"STARTING PARTITION: ":{"11":10,"12":2,"13":7,"14":4,"15":10,"16":3,"17":6,"18":4,"19":8,"1":2,"2":7,"3":9,"4":3,"5":9,"6":9,"7":10,"8":7,"9":5,"20":5,"10":10},"LAST COALITION":[[],[{"utility":23,"ID":1},{"utility":92,"ID":3}],[],[{"utility":17,"ID":6},{"utility":77.5,"ID":11},{"utility":44.5,"ID":14}],[{"utility":71,"ID":10},{"utility":83,"ID":12}],[],[{"utility":26.5,"ID":2},{"utility":63.5,"ID":13},{"utility":8.5,"ID":15}],[{"utility":0,"ID":4},{"utility":91,"ID":18}],[{"utility":40,"ID":7},{"utility":0,"ID":19}],[{"utility":74,"ID":5},{"utility":89,"ID":20}],[{"utility":13,"ID":9},{"utility":91,"ID":16}],[{"utility":91,"ID":8},{"utility":68,"ID":17}],[],[],[],[],[],[],[],[],[]],"STARTING COALITION: ":[[null],[],[{"utility":0,"ID":1},{"utility":0,"ID":12}],[{"utility":91,"ID":4},{"utility":31,"ID":16}],[{"utility":0,"ID":14},{"utility":0,"ID":18}],[{"utility":0,"ID":9},{"utility":8,"ID":20}],[{"utility":0,"ID":17}],[{"utility":0,"ID":2},{"utility":28,"ID":8},{"utility":73,"ID":13}],[{"utility":0,"ID":19}],[{"utility":0,"ID":3},{"utility":0,"ID":5},{"utility":40,"ID":6}],[{"utility":34,"ID":7},{"utility":0,"ID":10},{"utility":33.333333333333336,"ID":11},{"utility":0,"ID":15}],[],[],[],[],[],[],[],[],[],[]],"CORE :":true,"Relazioni :":140,"Time : ":0.1,"LAST PARTITION":{"11":3,"12":4,"13":6,"14":3,"15":6,"16":10,"17":11,"18":7,"19":8,"1":1,"2":6,"3":1,"4":7,"5":9,"6":3,"7":8,"8":11,"9":10,"20":9,"10":4}},{"Modalità dinamica :":true,"Q : ":9,"STARTING PARTITION: ":{"11":10,"12":2,"13":7,"14":4,"15":10,"16":3,"17":6,"18":4,"19":8,"1":2,"2":7,"3":9,"4":3,"5":9,"6":9,"7":10,"8":7,"9":5,"20":5,"10":10},"LAST COALITION":[[],[{"utility":0,"ID":4}],[{"utility":91,"ID":8},{"utility":68,"ID":17}],[{"utility":0,"ID":19}],[{"utility":61,"ID":6},{"utility":26,"ID":7}],[{"utility":74,"ID":5},{"utility":89,"ID":20}],[],[{"utility":85,"ID":11},{"utility":0,"ID":14}],[{"utility":13,"ID":9},{"utility":91,"ID":16}],[{"utility":71,"ID":10},{"utility":83,"ID":12}],[],[{"utility":26.5,"ID":2},{"utility":63.5,"ID":13},{"utility":8.5,"ID":15}],[{"utility":0,"ID":18}],[{"utility":23,"ID":1},{"utility":92,"ID":3}],[],[],[],[],[],[],[]],"STARTING COALITION: ":[[null],[],[{"utility":0,"ID":1},{"utility":0,"ID":12}],[{"utility":91,"ID":4},{"utility":31,"ID":16}],[{"utility":0,"ID":14},{"utility":0,"ID":18}],[{"utility":0,"ID":9},{"utility":8,"ID":20}],[{"utility":0,"ID":17}],[{"utility":0,"ID":2},{"utility":28,"ID":8},{"utility":73,"ID":13}],[{"utility":0,"ID":19}],[{"utility":0,"ID":3},{"utility":0,"ID":5},{"utility":40,"ID":6}],[{"utility":34,"ID":7},{"utility":0,"ID":10},{"utility":33.333333333333336,"ID":11},{"utility":0,"ID":15}],[],[],[],[],[],[],[],[],[],[]],"CORE :":true,"Relazioni :":140,"Time : ":0.2,"LAST PARTITION":{"11":7,"12":9,"13":11,"14":7,"15":11,"16":8,"17":2,"18":12,"19":3,"1":13,"2":11,"3":13,"4":1,"5":5,"6":4,"7":4,"8":2,"9":8,"20":5,"10":9}},{"Modalità dinamica :":true,"Q : ":10,"STARTING PARTITION: ":{"11":10,"12":2,"13":7,"14":4,"15":10,"16":3,"17":6,"18":4,"19":8,"1":2,"2":7,"3":9,"4":3,"5":9,"6":9,"7":10,"8":7,"9":5,"20":5,"10":10},"LAST COALITION":[[],[{"utility":91,"ID":8},{"utility":68,"ID":17}],[{"utility":0,"ID":20}],[{"utility":21,"ID":9},{"utility":70.5,"ID":11},{"utility":40.5,"ID":14}],[{"utility":88,"ID":5},{"utility":61,"ID":16}],[{"utility":23,"ID":1},{"utility":92,"ID":3}],[],[{"utility":0,"ID":4}],[{"utility":61,"ID":6},{"utility":26,"ID":7}],[{"utility":71,"ID":10},{"utility":83,"ID":12}],[{"utility":26.5,"ID":2},{"utility":63.5,"ID":13},{"utility":8.5,"ID":15}],[],[{"utility":0,"ID":18}],[{"utility":0,"ID":19}],[],[],[],[],[],[],[]],"STARTING COALITION: ":[[null],[],[{"utility":0,"ID":1},{"utility":0,"ID":12}],[{"utility":91,"ID":4},{"utility":31,"ID":16}],[{"utility":0,"ID":14},{"utility":0,"ID":18}],[{"utility":0,"ID":9},{"utility":8,"ID":20}],[{"utility":0,"ID":17}],[{"utility":0,"ID":2},{"utility":28,"ID":8},{"utility":73,"ID":13}],[{"utility":0,"ID":19}],[{"utility":0,"ID":3},{"utility":0,"ID":5},{"utility":40,"ID":6}],[{"utility":34,"ID":7},{"utility":0,"ID":10},{"utility":33.333333333333336,"ID":11},{"utility":0,"ID":15}],[],[],[],[],[],[],[],[],[],[]],"CORE :":true,"Relazioni :":140,"Time : ":0.1,"LAST PARTITION":{"11":3,"12":9,"13":10,"14":3,"15":10,"16":4,"17":1,"18":12,"19":13,"1":5,"2":10,"3":5,"4":7,"5":4,"6":8,"7":8,"8":1,"9":3,"20":2,"10":9}},{"Modalità dinamica :":true,"Q : ":10,"STARTING PARTITION: ":{"11":10,"12":2,"13":7,"14":4,"15":10,"16":3,"17":6,"18":4,"19":8,"1":2,"2":7,"3":9,"4":3,"5":9,"6":9,"7":10,"8":7,"9":5,"20":5,"10":10},"LAST COALITION":[[],[{"utility":0,"ID":4}],[{"utility":0,"ID":20}],[{"utility":0,"ID":19}],[{"utility":21,"ID":9},{"utility":70.5,"ID":11},{"utility":40.5,"ID":14}],[],[{"utility":91,"ID":8},{"utility":68,"ID":17}],[{"utility":88,"ID":5},{"utility":61,"ID":16}],[{"utility":61,"ID":6},{"utility":26,"ID":7}],[{"utility":23,"ID":1},{"utility":92,"ID":3}],[{"utility":26.5,"ID":2},{"utility":63.5,"ID":13},{"utility":8.5,"ID":15}],[{"utility":0,"ID":18}],[{"utility":71,"ID":10},{"utility":83,"ID":12}],[],[],[],[],[],[],[],[]],"STARTING COALITION: ":[[null],[],[{"utility":0,"ID":1},{"utility":0,"ID":12}],[{"utility":91,"ID":4},{"utility":31,"ID":16}],[{"utility":0,"ID":14},{"utility":0,"ID":18}],[{"utility":0,"ID":9},{"utility":8,"ID":20}],[{"utility":0,"ID":17}],[{"utility":0,"ID":2},{"utility":28,"ID":8},{"utility":73,"ID":13}],[{"utility":0,"ID":19}],[{"utility":0,"ID":3},{"utility":0,"ID":5},{"utility":40,"ID":6}],[{"utility":34,"ID":7},{"utility":0,"ID":10},{"utility":33.333333333333336,"ID":11},{"utility":0,"ID":15}],[],[],[],[],[],[],[],[],[],[]],"CORE :":true,"Relazioni :":140,"Time : ":0.2,"LAST PARTITION":{"11":4,"12":12,"13":10,"14":4,"15":10,"16":7,"17":6,"18":11,"19":3,"1":9,"2":10,"3":9,"4":1,"5":7,"6":8,"7":8,"8":6,"9":4,"20":2,"10":12}},{"END OF FILE:" : true}]