[{"Modalità dinamica :":false,"Q : ":2,"STARTING PARTITION: ":{"11":10,"12":6,"13":3,"14":10,"15":6,"16":5,"17":2,"18":5,"19":1,"1":7,"2":2,"3":3,"4":6,"5":4,"6":3,"7":9,"8":8,"9":10,"20":7,"10":7},"LAST COALITION":[[],[{"utility":0,"ID":19}],[{"utility":0,"ID":17}],[{"utility":0,"ID":13}],[{"utility":79,"ID":4},{"utility":29,"ID":18}],[{"utility":0,"ID":16}],[{"utility":0,"ID":12}],[{"utility":31,"ID":10},{"utility":82,"ID":20}],[{"utility":0,"ID":6}],[{"utility":99,"ID":2},{"utility":96,"ID":14}],[{"utility":98,"ID":3},{"utility":77,"ID":15}],[{"utility":84,"ID":7},{"utility":34,"ID":9}],[],[{"utility":78,"ID":1},{"utility":42,"ID":11}],[],[{"utility":81,"ID":5},{"utility":58,"ID":8}],[],[],[],[],[]],"STARTING COALITION: ":[[null],[{"utility":0,"ID":19}],[{"utility":66,"ID":2},{"utility":69,"ID":17}],[{"utility":51,"ID":3},{"utility":40.5,"ID":6},{"utility":43,"ID":13}],[{"utility":0,"ID":5}],[{"utility":0,"ID":16},{"utility":0,"ID":18}],[{"utility":0,"ID":4},{"utility":0,"ID":12},{"utility":60,"ID":15}],[{"utility":0,"ID":1},{"utility":15.5,"ID":10},{"utility":68,"ID":20}],[{"utility":0,"ID":8}],[{"utility":0,"ID":7}],[{"utility":14.5,"ID":9},{"utility":18,"ID":11},{"utility":57.5,"ID":14}],[],[],[],[],[],[],[],[],[],[]],"CORE :":false,"Relazioni :":240,"Time : ":0.1,"LAST PARTITION":{"11":13,"12":6,"13":3,"14":9,"15":10,"16":5,"17":2,"18":4,"19":1,"1":13,"2":9,"3":10,"4":4,"5":15,"6":8,"7":11,"8":15,"9":11,"20":7,"10":7}},{"Modalità dinamica :":false,"Q : ":2,"STARTING PARTITION: ":{"11":10,"12":6,"13":3,"14":10,"15":6,"16":5,"17":2,"18":5,"19":1,"1":7,"2":2,"3":3,"4":6,"5":4,"6":3,"7":9,"8":8,"9":10,"20":7,"10":7},"LAST COALITION":[[],[{"utility":0,"ID":19}],[{"utility":0,"ID":17}],[{"utility":0,"ID":13}],[{"utility":79,"ID":4},{"utility":29,"ID":18}],[{"utility":0,"ID":16}],[{"utility":0,"ID":12}],[{"utility":31,"ID":10},{"utility":82,"ID":20}],[],[{"utility":99,"ID":2},{"utility":96,"ID":14}],[{"utility":98,"ID":3},{"utility":77,"ID":15}],[{"utility":0,"ID":7}],[{"utility":54,"ID":6},{"utility":63,"ID":9}],[{"utility":78,"ID":1},{"utility":42,"ID":11}],[],[{"utility":81,"ID":5},{"utility":58,"ID":8}],[],[],[],[],[]],"STARTING COALITION: ":[[null],[{"utility":0,"ID":19}],[{"utility":66,"ID":2},{"utility":69,"ID":17}],[{"utility":51,"ID":3},{"utility":40.5,"ID":6},{"utility":43,"ID":13}],[{"utility":0,"ID":5}],[{"utility":0,"ID":16},{"utility":0,"ID":18}],[{"utility":0,"ID":4},{"utility":0,"ID":12},{"utility":60,"ID":15}],[{"utility":0,"ID":1},{"utility":15.5,"ID":10},{"utility":68,"ID":20}],[{"utility":0,"ID":8}],[{"utility":0,"ID":7}],[{"utility":14.5,"ID":9},{"utility":18,"ID":11},{"utility":57.5,"ID":14}],[],[],[],[],[],[],[],[],[],[]],"CORE :":false,"Relazioni :":240,"Time : ":0.2,"LAST PARTITION":{"11":13,"12":6,"13":3,"14":9,"15":10,"16":5,"17":2,"18":4,"19":1,"1":13,"2":9,"3":10,"4":4,"5":15,"6":12,"7":11,"8":15,"9":12,"20":7,"10":7}},{"Modalità dinamica :":false,"Q : ":3,"STARTING PARTITION: ":{"11":10,"12":6,"13":3,"14":10,"15":6,"16":5,"17":2,"18":5,"19":1,"1":7,"2":2,"3":3,"4":6,"5":4,"6":3,"7":9,"8":8,"9":10,"20":7,"10":7},"LAST COALITION":[[],[{"utility":0,"ID":19}],[{"utility":0,"ID":17}],[{"utility":0,"ID":13}],[{"utility":79,"ID":4},{"utility":29,"ID":18}],[{"utility":0,"ID":16}],[{"utility":0,"ID":12}],[{"utility":31,"ID":10},{"utility":82,"ID":20}],[{"utility":0,"ID":6}],[{"utility":99,"ID":2},{"utility":96,"ID":14}],[{"utility":98,"ID":3},{"utility":77,"ID":15}],[{"utility":84,"ID":7},{"utility":34,"ID":9}],[],[{"utility":78,"ID":1},{"utility":42,"ID":11}],[],[{"utility":81,"ID":5},{"utility":58,"ID":8}],[],[],[],[],[]],"STARTING COALITION: ":[[null],[{"utility":0,"ID":19}],[{"utility":66,"ID":2},{"utility":69,"ID":17}],[{"utility":51,"ID":3},{"utility":40.5,"ID":6},{"utility":43,"ID":13}],[{"utility":0,"ID":5}],[{"utility":0,"ID":16},{"utility":0,"ID":18}],[{"utility":0,"ID":4},{"utility":0,"ID":12},{"utility":60,"ID":15}],[{"utility":0,"ID":1},{"utility":15.5,"ID":10},{"utility":68,"ID":20}],[{"utility":0,"ID":8}],[{"utility":0,"ID":7}],[{"utility":14.5,"ID":9},{"utility":18,"ID":11},{"utility":57.5,"ID":14}],[],[],[],[],[],[],[],[],[],[]],"CORE :":false,"Relazioni :":240,"Time : ":0.1,"LAST PARTITION":{"11":13,"12":6,"13":3,"14":9,"15":10,"16":5,"17":2,"18":4,"19":1,"1":13,"2":9,"3":10,"4":4,"5":15,"6":8,"7":11,"8":15,"9":11,"20":7,"10":7}},{"Modalità dinamica :":false,"Q : ":3,"STARTING PARTITION: ":{"11":10,"12":6,"13":3,"14":10,"15":6,"16":5,"17":2,"18":5,"19":1,"1":7,"2":2,"3":3,"4":6,"5":4,"6":3,"7":9,"8":8,"9":10,"20":7,"10":7},"LAST COALITION":[[],[{"utility":0,"ID":19}],[{"utility":0,"ID":17}],[{"utility":0,"ID":13}],[{"utility":79,"ID":4},{"utility":29,"ID":18}],[{"utility":0,"ID":16}],[{"utility":0,"ID":12}],[{"utility":31,"ID":10},{"utility":82,"ID":20}],[{"utility":98,"ID":6},{"utility":15,"ID":7}],[{"utility":99,"ID":2},{"utility":96,"ID":14}],[{"utility":98,"ID":3},{"utility":77,"ID":15}],[],[{"utility":0,"ID":9}],[{"utility":78,"ID":1},{"utility":42,"ID":11}],[],[{"utility":81,"ID":5},{"utility":58,"ID":8}],[],[],[],[],[]],"STARTING COALITION: ":[[null],[{"utility":0,"ID":19}],[{"utility":66,"ID":2},{"utility":69,"ID":17}],[{"utility":51,"ID":3},{"utility":40.5,"ID":6},{"utility":43,"ID":13}],[{"utility":0,"ID":5}],[{"utility":0,"ID":16},{"utility":0,"ID":18}],[{"utility":0,"ID":4},{"utility":0,"ID":12},{"utility":60,"ID":15}],[{"utility":0,"ID":1},{"utility":15.5,"ID":10},{"utility":68,"ID":20}],[{"utility":0,"ID":8}],[{"utility":0,"ID":7}],[{"utility":14.5,"ID":9},{"utility":18,"ID":11},{"utility":57.5,"ID":14}],[],[],[],[],[],[],[],[],[],[]],"CORE :":false,"Relazioni :":240,"Time : ":0.2,"LAST PARTITION":{"11":13,"12":6,"13":3,"14":9,"15":10,"16":5,"17":2,"18":4,"19":1,"1":13,"2":9,"3":10,"4":4,"5":15,"6":8,"7":8,"8":15,"9":12,"20":7,"10":7}},{"Modalità dinamica :":false,"Q : ":4,"STARTING PARTITION: ":{"11":10,"12":6,"13":3,"14":10,"15":6,"16":5,"17":2,"18":5,"19":1,"1":7,"2":2,"3":3,"4":6,"5":4,"6":3,"7":9,"8":8,"9":10,"20":7,"10":7},"LAST COALITION":[[],[{"utility":0,"ID":19}],[{"utility":0,"ID":17}],[{"utility":0,"ID":13}],[{"utility":29,"ID":18},{"utility":79,"ID":4}],[{"utility":0,"ID":16}],[{"utility":0,"ID":12}],[{"utility":31,"ID":10},{"utility":82,"ID":20}],[{"utility":98,"ID":6},{"utility":15,"ID":7}],[{"utility":99,"ID":2},{"utility":96,"ID":14}],[{"utility":98,"ID":3},{"utility":77,"ID":15}],[],[{"utility":0,"ID":9}],[{"utility":78,"ID":1},{"utility":42,"ID":11}],[],[{"utility":81,"ID":5},{"utility":58,"ID":8}],[],[],[],[],[]],"STARTING COALITION: ":[[null],[{"utility":0,"ID":19}],[{"utility":66,"ID":2},{"utility":69,"ID":17}],[{"utility":51,"ID":3},{"utility":40.5,"ID":6},{"utility":43,"ID":13}],[{"utility":0,"ID":5}],[{"utility":0,"ID":16},{"utility":0,"ID":18}],[{"utility":0,"ID":4},{"utility":0,"ID":12},{"utility":60,"ID":15}],[{"utility":0,"ID":1},{"utility":15.5,"ID":10},{"utility":68,"ID":20}],[{"utility":0,"ID":8}],[{"utility":0,"ID":7}],[{"utility":14.5,"ID":9},{"utility":18,"ID":11},{"utility":57.5,"ID":14}],[],[],[],[],[],[],[],[],[],[]],"CORE :":false,"Relazioni :":240,"Time : ":0.1,"LAST PARTITION":{"11":13,"12":6,"13":3,"14":9,"15":10,"16":5,"17":2,"18":4,"19":1,"1":13,"2":9,"3":10,"4":4,"5":15,"6":8,"7":8,"8":15,"9":12,"20":7,"10":7}},{"Modalità dinamica :":false,"Q : ":4,"STARTING PARTITION: ":{"11":10,"12":6,"13":3,"14":10,"15":6,"16":5,"17":2,"18":5,"19":1,"1":7,"2":2,"3":3,"4":6,"5":4,"6":3,"7":9,"8":8,"9":10,"20":7,"10":7},"LAST COALITION":[[],[{"utility":0,"ID":19}],[{"utility":0,"ID":17}],[{"utility":0,"ID":13}],[{"utility":29,"ID":18},{"utility":79,"ID":4}],[{"utility":0,"ID":16}],[{"utility":0,"ID":12}],[{"utility":31,"ID":10},{"utility":82,"ID":20}],[{"utility":98,"ID":6},{"utility":15,"ID":7}],[{"utility":99,"ID":2},{"utility":96,"ID":14}],[{"utility":98,"ID":3},{"utility":77,"ID":15}],[],[{"utility":0,"ID":9}],[{"utility":78,"ID":1},{"utility":42,"ID":11}],[],[{"utility":81,"ID":5},{"utility":58,"ID":8}],[],[],[],[],[]],"STARTING COALITION: ":[[null],[{"utility":0,"ID":19}],[{"utility":66,"ID":2},{"utility":69,"ID":17}],[{"utility":51,"ID":3},{"utility":40.5,"ID":6},{"utility":43,"ID":13}],[{"utility":0,"ID":5}],[{"utility":0,"ID":16},{"utility":0,"ID":18}],[{"utility":0,"ID":4},{"utility":0,"ID":12},{"utility":60,"ID":15}],[{"utility":0,"ID":1},{"utility":15.5,"ID":10},{"utility":68,"ID":20}],[{"utility":0,"ID":8}],[{"utility":0,"ID":7}],[{"utility":14.5,"ID":9},{"utility":18,"ID":11},{"utility":57.5,"ID":14}],[],[],[],[],[],[],[],[],[],[]],"CORE :":false,"Relazioni :":240,"Time : ":0.2,"LAST PARTITION":{"11":13,"12":6,"13":3,"14":9,"15":10,"16":5,"17":2,"18":4,"19":1,"1":13,"2":9,"3":10,"4":4,"5":15,"6":8,"7":8,"8":15,"9":12,"20":7,"10":7}},{"Modalità dinamica :":false,"Q : ":5,"STARTING PARTITION: ":{"11":10,"12":6,"13":3,"14":10,"15":6,"16":5,"17":2,"18":5,"19":1,"1":7,"2":2,"3":3,"4":6,"5":4,"6":3,"7":9,"8":8,"9":10,"20":7,"10":7},"LAST COALITION":[[],[{"utility":0,"ID":19}],[{"utility":0,"ID":17}],[{"utility":0,"ID":13}],[{"utility":29,"ID":18},{"utility":79,"ID":4}],[{"utility":0,"ID":16}],[{"utility":0,"ID":12}],[{"utility":31,"ID":10},{"utility":82,"ID":20}],[],[{"utility":99,"ID":2},{"utility":96,"ID":14}],[{"utility":98,"ID":3},{"utility":77,"ID":15}],[{"utility":0,"ID":7}],[{"utility":54,"ID":6},{"utility":63,"ID":9}],[{"utility":78,"ID":1},{"utility":42,"ID":11}],[],[{"utility":81,"ID":5},{"utility":58,"ID":8}],[],[],[],[],[]],"STARTING COALITION: ":[[null],[{"utility":0,"ID":19}],[{"utility":66,"ID":2},{"utility":69,"ID":17}],[{"utility":51,"ID":3},{"utility":40.5,"ID":6},{"utility":43,"ID":13}],[{"utility":0,"ID":5}],[{"utility":0,"ID":16},{"utility":0,"ID":18}],[{"utility":0,"ID":4},{"utility":0,"ID":12},{"utility":60,"ID":15}],[{"utility":0,"ID":1},{"utility":15.5,"ID":10},{"utility":68,"ID":20}],[{"utility":0,"ID":8}],[{"utility":0,"ID":7}],[{"utility":14.5,"ID":9},{"utility":18,"ID":11},{"utility":57.5,"ID":14}],[],[],[],[],[],[],[],[],[],[]],"CORE :":false,"Relazioni :":240,"Time : ":0.1,"LAST PARTITION":{"11":13,"12":6,"13":3,"14":9,"15":10,"16":5,"17":2,"18":4,"19":1,"1":13,"2":9,"3":10,"4":4,"5":15,"6":12,"7":11,"8":15,"9":12,"20":7,"10":7}},{"Modalità dinamica :":false,"Q : ":5,"STARTING PARTITION: ":{"11":10,"12":6,"13":3,"14":10,"15":6,"16":5,"17":2,"18":5,"19":1,"1":7,"2":2,"3":3,"4":6,"5":4,"6":3,"7":9,"8":8,"9":10,"20":7,"10":7},"LAST COALITION":[[],[{"utility":0,"ID":19}],[{"utility":0,"ID":17}],[{"utility":0,"ID":13}],[{"utility":29,"ID":18},{"utility":79,"ID":4}],[{"utility":0,"ID":16}],[{"utility":0,"ID":12}],[{"utility":31,"ID":10},{"utility":82,"ID":20}],[],[{"utility":99,"ID":2},{"utility":96,"ID":14}],[{"utility":98,"ID":3},{"utility":77,"ID":15}],[{"utility":0,"ID":7}],[{"utility":54,"ID":6},{"utility":63,"ID":9}],[{"utility":78,"ID":1},{"utility":42,"ID":11}],[],[{"utility":81,"ID":5},{"utility":58,"ID":8}],[],[],[],[],[]],"STARTING COALITION: ":[[null],[{"utility":0,"ID":19}],[{"utility":66,"ID":2},{"utility":69,"ID":17}],[{"utility":51,"ID":3},{"utility":40.5,"ID":6},{"utility":43,"ID":13}],[{"utility":0,"ID":5}],[{"utility":0,"ID":16},{"utility":0,"ID":18}],[{"utility":0,"ID":4},{"utility":0,"ID":12},{"utility":60,"ID":15}],[{"utility":0,"ID":1},{"utility":15.5,"ID":10},{"utility":68,"ID":20}],[{"utility":0,"ID":8}],[{"utility":0,"ID":7}],[{"utility":14.5,"ID":9},{"utility":18,"ID":11},{"utility":57.5,"ID":14}],[],[],[],[],[],[],[],[],[],[]],"CORE :":false,"Relazioni :":240,"Time : ":0.2,"LAST PARTITION":{"11":13,"12":6,"13":3,"14":9,"15":10,"16":5,"17":2,"18":4,"19":1,"1":13,"2":9,"3":10,"4":4,"5":15,"6":12,"7":11,"8":15,"9":12,"20":7,"10":7}},{"Modalità dinamica :":false,"Q : ":6,"STARTING PARTITION: ":{"11":10,"12":6,"13":3,"14":10,"15":6,"16":5,"17":2,"18":5,"19":1,"1":7,"2":2,"3":3,"4":6,"5":4,"6":3,"7":9,"8":8,"9":10,"20":7,"10":7},"LAST COALITION":[[],[{"utility":0,"ID":19}],[{"utility":0,"ID":17}],[{"utility":0,"ID":13}],[{"utility":29,"ID":18},{"utility":79,"ID":4}],[{"utility":0,"ID":16}],[{"utility":0,"ID":12}],[{"utility":31,"ID":10},{"utility":82,"ID":20}],[{"utility":0,"ID":6}],[{"utility":99,"ID":2},{"utility":96,"ID":14}],[{"utility":98,"ID":3},{"utility":77,"ID":15}],[{"utility":84,"ID":7},{"utility":34,"ID":9}],[],[{"utility":78,"ID":1},{"utility":42,"ID":11}],[],[{"utility":81,"ID":5},{"utility":58,"ID":8}],[],[],[],[],[]],"STARTING COALITION: ":[[null],[{"utility":0,"ID":19}],[{"utility":66,"ID":2},{"utility":69,"ID":17}],[{"utility":51,"ID":3},{"utility":40.5,"ID":6},{"utility":43,"ID":13}],[{"utility":0,"ID":5}],[{"utility":0,"ID":16},{"utility":0,"ID":18}],[{"utility":0,"ID":4},{"utility":0,"ID":12},{"utility":60,"ID":15}],[{"utility":0,"ID":1},{"utility":15.5,"ID":10},{"utility":68,"ID":20}],[{"utility":0,"ID":8}],[{"utility":0,"ID":7}],[{"utility":14.5,"ID":9},{"utility":18,"ID":11},{"utility":57.5,"ID":14}],[],[],[],[],[],[],[],[],[],[]],"CORE :":false,"Relazioni :":240,"Time : ":0.1,"LAST PARTITION":{"11":13,"12":6,"13":3,"14":9,"15":10,"16":5,"17":2,"18":4,"19":1,"1":13,"2":9,"3":10,"4":4,"5":15,"6":8,"7":11,"8":15,"9":11,"20":7,"10":7}},{"Modalità dinamica :":false,"Q : ":6,"STARTING PARTITION: ":{"11":10,"12":6,"13":3,"14":10,"15":6,"16":5,"17":2,"18":5,"19":1,"1":7,"2":2,"3":3,"4":6,"5":4,"6":3,"7":9,"8":8,"9":10,"20":7,"10":7},"LAST COALITION":[[],[{"utility":0,"ID":19}],[{"utility":0,"ID":17}],[{"utility":0,"ID":13}],[{"utility":29,"ID":18},{"utility":79,"ID":4}],[{"utility":0,"ID":16}],[{"utility":0,"ID":12}],[{"utility":31,"ID":10},{"utility":82,"ID":20}],[{"utility":98,"ID":6},{"utility":15,"ID":7}],[{"utility":99,"ID":2},{"utility":96,"ID":14}],[{"utility":98,"ID":3},{"utility":77,"ID":15}],[],[{"utility":0,"ID":9}],[{"utility":78,"ID":1},{"utility":42,"ID":11}],[],[{"utility":81,"ID":5},{"utility":58,"ID":8}],[],[],[],[],[]],"STARTING COALITION: ":[[null],[{"utility":0,"ID":19}],[{"utility":66,"ID":2},{"utility":69,"ID":17}],[{"utility":51,"ID":3},{"utility":40.5,"ID":6},{"utility":43,"ID":13}],[{"utility":0,"ID":5}],[{"utility":0,"ID":16},{"utility":0,"ID":18}],[{"utility":0,"ID":4},{"utility":0,"ID":12},{"utility":60,"ID":15}],[{"utility":0,"ID":1},{"utility":15.5,"ID":10},{"utility":68,"ID":20}],[{"utility":0,"ID":8}],[{"utility":0,"ID":7}],[{"utility":14.5,"ID":9},{"utility":18,"ID":11},{"utility":57.5,"ID":14}],[],[],[],[],[],[],[],[],[],[]],"CORE :":false,"Relazioni :":240,"Time : ":0.2,"LAST PARTITION":{"11":13,"12":6,"13":3,"14":9,"15":10,"16":5,"17":2,"18":4,"19":1,"1":13,"2":9,"3":10,"4":4,"5":15,"6":8,"7":8,"8":15,"9":12,"20":7,"10":7}},{"Modalità dinamica :":false,"Q : ":7,"STARTING PARTITION: ":{"11":10,"12":6,"13":3,"14":10,"15":6,"16":5,"17":2,"18":5,"19":1,"1":7,"2":2,"3":3,"4":6,"5":4,"6":3,"7":9,"8":8,"9":10,"20":7,"10":7},"LAST COALITION":[[],[{"utility":0,"ID":19}],[{"utility":0,"ID":17}],[{"utility":0,"ID":13}],[{"utility":29,"ID":18},{"utility":79,"ID":4}],[{"utility":0,"ID":16}],[{"utility":0,"ID":12}],[{"utility":31,"ID":10},{"utility":82,"ID":20}],[{"utility":98,"ID":6},{"utility":15,"ID":7}],[{"utility":99,"ID":2},{"utility":96,"ID":14}],[{"utility":98,"ID":3},{"utility":77,"ID":15}],[],[{"utility":0,"ID":9}],[{"utility":78,"ID":1},{"utility":42,"ID":11}],[],[{"utility":81,"ID":5},{"utility":58,"ID":8}],[],[],[],[],[]],"STARTING COALITION: ":[[null],[{"utility":0,"ID":19}],[{"utility":66,"ID":2},{"utility":69,"ID":17}],[{"utility":51,"ID":3},{"utility":40.5,"ID":6},{"utility":43,"ID":13}],[{"utility":0,"ID":5}],[{"utility":0,"ID":16},{"utility":0,"ID":18}],[{"utility":0,"ID":4},{"utility":0,"ID":12},{"utility":60,"ID":15}],[{"utility":0,"ID":1},{"utility":15.5,"ID":10},{"utility":68,"ID":20}],[{"utility":0,"ID":8}],[{"utility":0,"ID":7}],[{"utility":14.5,"ID":9},{"utility":18,"ID":11},{"utility":57.5,"ID":14}],[],[],[],[],[],[],[],[],[],[]],"CORE :":false,"Relazioni :":240,"Time : ":0.1,"LAST PARTITION":{"11":13,"12":6,"13":3,"14":9,"15":10,"16":5,"17":2,"18":4,"19":1,"1":13,"2":9,"3":10,"4":4,"5":15,"6":8,"7":8,"8":15,"9":12,"20":7,"10":7}},{"Modalità dinamica :":false,"Q : ":7,"STARTING PARTITION: ":{"11":10,"12":6,"13":3,"14":10,"15":6,"16":5,"17":2,"18":5,"19":1,"1":7,"2":2,"3":3,"4":6,"5":4,"6":3,"7":9,"8":8,"9":10,"20":7,"10":7},"LAST COALITION":[[],[{"utility":0,"ID":19}],[{"utility":0,"ID":17}],[{"utility":0,"ID":13}],[{"utility":29,"ID":18},{"utility":79,"ID":4}],[{"utility":0,"ID":16}],[{"utility":0,"ID":12}],[{"utility":31,"ID":10},{"utility":82,"ID":20}],[],[{"utility":99,"ID":2},{"utility":96,"ID":14}],[{"utility":98,"ID":3},{"utility":77,"ID":15}],[{"utility":0,"ID":7}],[{"utility":54,"ID":6},{"utility":63,"ID":9}],[{"utility":78,"ID":1},{"utility":42,"ID":11}],[],[{"utility":81,"ID":5},{"utility":58,"ID":8}],[],[],[],[],[]],"STARTING COALITION: ":[[null],[{"utility":0,"ID":19}],[{"utility":66,"ID":2},{"utility":69,"ID":17}],[{"utility":51,"ID":3},{"utility":40.5,"ID":6},{"utility":43,"ID":13}],[{"utility":0,"ID":5}],[{"utility":0,"ID":16},{"utility":0,"ID":18}],[{"utility":0,"ID":4},{"utility":0,"ID":12},{"utility":60,"ID":15}],[{"utility":0,"ID":1},{"utility":15.5,"ID":10},{"utility":68,"ID":20}],[{"utility":0,"ID":8}],[{"utility":0,"ID":7}],[{"utility":14.5,"ID":9},{"utility":18,"ID":11},{"utility":57.5,"ID":14}],[],[],[],[],[],[],[],[],[],[]],"CORE :":false,"Relazioni :":240,"Time : ":0.2,"LAST PARTITION":{"11":13,"12":6,"13":3,"14":9,"15":10,"16":5,"17":2,"18":4,"19":1,"1":13,"2":9,"3":10,"4":4,"5":15,"6":12,"7":11,"8":15,"9":12,"20":7,"10":7}},{"Modalità dinamica :":false,"Q : ":8,"STARTING PARTITION: ":{"11":10,"12":6,"13":3,"14":10,"15":6,"16":5,"17":2,"18":5,"19":1,"1":7,"2":2,"3":3,"4":6,"5":4,"6":3,"7":9,"8":8,"9":10,"20":7,"10":7},"LAST COALITION":[[],[{"utility":0,"ID":19}],[{"utility":0,"ID":17}],[{"utility":0,"ID":13}],[{"utility":29,"ID":18},{"utility":79,"ID":4}],[{"utility":0,"ID":16}],[{"utility":0,"ID":12}],[{"utility":31,"ID":10},{"utility":82,"ID":20}],[{"utility":98,"ID":6},{"utility":15,"ID":7}],[{"utility":99,"ID":2},{"utility":96,"ID":14}],[{"utility":98,"ID":3},{"utility":77,"ID":15}],[],[{"utility":0,"ID":9}],[{"utility":78,"ID":1},{"utility":42,"ID":11}],[],[{"utility":81,"ID":5},{"utility":58,"ID":8}],[],[],[],[],[]],"STARTING COALITION: ":[[null],[{"utility":0,"ID":19}],[{"utility":66,"ID":2},{"utility":69,"ID":17}],[{"utility":51,"ID":3},{"utility":40.5,"ID":6},{"utility":43,"ID":13}],[{"utility":0,"ID":5}],[{"utility":0,"ID":16},{"utility":0,"ID":18}],[{"utility":0,"ID":4},{"utility":0,"ID":12},{"utility":60,"ID":15}],[{"utility":0,"ID":1},{"utility":15.5,"ID":10},{"utility":68,"ID":20}],[{"utility":0,"ID":8}],[{"utility":0,"ID":7}],[{"utility":14.5,"ID":9},{"utility":18,"ID":11},{"utility":57.5,"ID":14}],[],[],[],[],[],[],[],[],[],[]],"CORE :":false,"Relazioni :":240,"Time : ":0.1,"LAST PARTITION":{"11":13,"12":6,"13":3,"14":9,"15":10,"16":5,"17":2,"18":4,"19":1,"1":13,"2":9,"3":10,"4":4,"5":15,"6":8,"7":8,"8":15,"9":12,"20":7,"10":7}},{"Modalità dinamica :":false,"Q : ":8,"STARTING PARTITION: ":{"11":10,"12":6,"13":3,"14":10,"15":6,"16":5,"17":2,"18":5,"19":1,"1":7,"2":2,"3":3,"4":6,"5":4,"6":3,"7":9,"8":8,"9":10,"20":7,"10":7},"LAST COALITION":[[],[{"utility":0,"ID":19}],[{"utility":0,"ID":17}],[{"utility":0,"ID":13}],[{"utility":29,"ID":18},{"utility":79,"ID":4}],[{"utility":0,"ID":16}],[{"utility":0,"ID":12}],[{"utility":31,"ID":10},{"utility":82,"ID":20}],[{"utility":0,"ID":6}],[{"utility":99,"ID":2},{"utility":96,"ID":14}],[{"utility":98,"ID":3},{"utility":77,"ID":15}],[{"utility":84,"ID":7},{"utility":34,"ID":9}],[],[{"utility":78,"ID":1},{"utility":42,"ID":11}],[],[{"utility":81,"ID":5},{"utility":58,"ID":8}],[],[],[],[],[]],"STARTING COALITION: ":[[null],[{"utility":0,"ID":19}],[{"utility":66,"ID":2},{"utility":69,"ID":17}],[{"utility":51,"ID":3},{"utility":40.5,"ID":6},{"utility":43,"ID":13}],[{"utility":0,"ID":5}],[{"utility":0,"ID":16},{"utility":0,"ID":18}],[{"utility":0,"ID":4},{"utility":0,"ID":12},{"utility":60,"ID":15}],[{"utility":0,"ID":1},{"utility":15.5,"ID":10},{"utility":68,"ID":20}],[{"utility":0,"ID":8}],[{"utility":0,"ID":7}],[{"utility":14.5,"ID":9},{"utility":18,"ID":11},{"utility":57.5,"ID":14}],[],[],[],[],[],[],[],[],[],[]],"CORE :":false,"Relazioni :":240,"Time : ":0.2,"LAST PARTITION":{"11":13,"12":6,"13":3,"14":9,"15":10,"16":5,"17":2,"18":4,"19":1,"1":13,"2":9,"3":10,"4":4,"5":15,"6":8,"7":11,"8":15,"9":11,"20":7,"10":7}},{"Modalità dinamica :":false,"Q : ":9,"STARTING PARTITION: ":{"11":10,"12":6,"13":3,"14":10,"15":6,"16":5,"17":2,"18":5,"19":1,"1":7,"2":2,"3":3,"4":6,"5":4,"6":3,"7":9,"8":8,"9":10,"20":7,"10":7},"LAST COALITION":[[],[{"utility":0,"ID":19}],[{"utility":0,"ID":17}],[{"utility":0,"ID":13}],[{"utility":29,"ID":18},{"utility":79,"ID":4}],[{"utility":0,"ID":16}],[{"utility":0,"ID":12}],[{"utility":31,"ID":10},{"utility":82,"ID":20}],[{"utility":98,"ID":6},{"utility":15,"ID":7}],[{"utility":99,"ID":2},{"utility":96,"ID":14}],[{"utility":98,"ID":3},{"utility":77,"ID":15}],[],[{"utility":0,"ID":9}],[{"utility":78,"ID":1},{"utility":42,"ID":11}],[],[{"utility":81,"ID":5},{"utility":58,"ID":8}],[],[],[],[],[]],"STARTING COALITION: ":[[null],[{"utility":0,"ID":19}],[{"utility":66,"ID":2},{"utility":69,"ID":17}],[{"utility":51,"ID":3},{"utility":40.5,"ID":6},{"utility":43,"ID":13}],[{"utility":0,"ID":5}],[{"utility":0,"ID":16},{"utility":0,"ID":18}],[{"utility":0,"ID":4},{"utility":0,"ID":12},{"utility":60,"ID":15}],[{"utility":0,"ID":1},{"utility":15.5,"ID":10},{"utility":68,"ID":20}],[{"utility":0,"ID":8}],[{"utility":0,"ID":7}],[{"utility":14.5,"ID":9},{"utility":18,"ID":11},{"utility":57.5,"ID":14}],[],[],[],[],[],[],[],[],[],[]],"CORE :":false,"Relazioni :":240,"Time : ":0.1,"LAST PARTITION":{"11":13,"12":6,"13":3,"14":9,"15":10,"16":5,"17":2,"18":4,"19":1,"1":13,"2":9,"3":10,"4":4,"5":15,"6":8,"7":8,"8":15,"9":12,"20":7,"10":7}},{"Modalità dinamica :":false,"Q : ":9,"STARTING PARTITION: ":{"11":10,"12":6,"13":3,"14":10,"15":6,"16":5,"17":2,"18":5,"19":1,"1":7,"2":2,"3":3,"4":6,"5":4,"6":3,"7":9,"8":8,"9":10,"20":7,"10":7},"LAST COALITION":[[],[{"utility":0,"ID":19}],[{"utility":0,"ID":17}],[{"utility":0,"ID":13}],[{"utility":29,"ID":18},{"utility":79,"ID":4}],[{"utility":0,"ID":16}],[{"utility":0,"ID":12}],[{"utility":31,"ID":10},{"utility":82,"ID":20}],[{"utility":0,"ID":6}],[{"utility":99,"ID":2},{"utility":96,"ID":14}],[{"utility":98,"ID":3},{"utility":77,"ID":15}],[{"utility":84,"ID":7},{"utility":34,"ID":9}],[],[{"utility":78,"ID":1},{"utility":42,"ID":11}],[],[{"utility":81,"ID":5},{"utility":58,"ID":8}],[],[],[],[],[]],"STARTING COALITION: ":[[null],[{"utility":0,"ID":19}],[{"utility":66,"ID":2},{"utility":69,"ID":17}],[{"utility":51,"ID":3},{"utility":40.5,"ID":6},{"utility":43,"ID":13}],[{"utility":0,"ID":5}],[{"utility":0,"ID":16},{"utility":0,"ID":18}],[{"utility":0,"ID":4},{"utility":0,"ID":12},{"utility":60,"ID":15}],[{"utility":0,"ID":1},{"utility":15.5,"ID":10},{"utility":68,"ID":20}],[{"utility":0,"ID":8}],[{"utility":0,"ID":7}],[{"utility":14.5,"ID":9},{"utility":18,"ID":11},{"utility":57.5,"ID":14}],[],[],[],[],[],[],[],[],[],[]],"CORE :":false,"Relazioni :":240,"Time : ":0.2,"LAST PARTITION":{"11":13,"12":6,"13":3,"14":9,"15":10,"16":5,"17":2,"18":4,"19":1,"1":13,"2":9,"3":10,"4":4,"5":15,"6":8,"7":11,"8":15,"9":11,"20":7,"10":7}},{"Modalità dinamica :":false,"Q : ":10,"STARTING PARTITION: ":{"11":10,"12":6,"13":3,"14":10,"15":6,"16":5,"17":2,"18":5,"19":1,"1":7,"2":2,"3":3,"4":6,"5":4,"6":3,"7":9,"8":8,"9":10,"20":7,"10":7},"LAST COALITION":[[],[{"utility":0,"ID":19}],[{"utility":0,"ID":17}],[{"utility":0,"ID":13}],[{"utility":29,"ID":18},{"utility":79,"ID":4}],[{"utility":0,"ID":16}],[{"utility":0,"ID":12}],[{"utility":31,"ID":10},{"utility":82,"ID":20}],[{"utility":98,"ID":6},{"utility":15,"ID":7}],[{"utility":99,"ID":2},{"utility":96,"ID":14}],[{"utility":98,"ID":3},{"utility":77,"ID":15}],[],[{"utility":0,"ID":9}],[{"utility":78,"ID":1},{"utility":42,"ID":11}],[],[{"utility":81,"ID":5},{"utility":58,"ID":8}],[],[],[],[],[]],"STARTING COALITION: ":[[null],[{"utility":0,"ID":19}],[{"utility":66,"ID":2},{"utility":69,"ID":17}],[{"utility":51,"ID":3},{"utility":40.5,"ID":6},{"utility":43,"ID":13}],[{"utility":0,"ID":5}],[{"utility":0,"ID":16},{"utility":0,"ID":18}],[{"utility":0,"ID":4},{"utility":0,"ID":12},{"utility":60,"ID":15}],[{"utility":0,"ID":1},{"utility":15.5,"ID":10},{"utility":68,"ID":20}],[{"utility":0,"ID":8}],[{"utility":0,"ID":7}],[{"utility":14.5,"ID":9},{"utility":18,"ID":11},{"utility":57.5,"ID":14}],[],[],[],[],[],[],[],[],[],[]],"CORE :":false,"Relazioni :":240,"Time : ":0.1,"LAST PARTITION":{"11":13,"12":6,"13":3,"14":9,"15":10,"16":5,"17":2,"18":4,"19":1,"1":13,"2":9,"3":10,"4":4,"5":15,"6":8,"7":8,"8":15,"9":12,"20":7,"10":7}},{"Modalità dinamica :":false,"Q : ":10,"STARTING PARTITION: ":{"11":10,"12":6,"13":3,"14":10,"15":6,"16":5,"17":2,"18":5,"19":1,"1":7,"2":2,"3":3,"4":6,"5":4,"6":3,"7":9,"8":8,"9":10,"20":7,"10":7},"LAST COALITION":[[],[{"utility":0,"ID":19}],[{"utility":0,"ID":17}],[{"utility":0,"ID":13}],[{"utility":29,"ID":18},{"utility":79,"ID":4}],[{"utility":0,"ID":16}],[{"utility":0,"ID":12}],[{"utility":31,"ID":10},{"utility":82,"ID":20}],[{"utility":98,"ID":6},{"utility":15,"ID":7}],[{"utility":99,"ID":2},{"utility":96,"ID":14}],[{"utility":98,"ID":3},{"utility":77,"ID":15}],[],[{"utility":0,"ID":9}],[{"utility":78,"ID":1},{"utility":42,"ID":11}],[],[{"utility":81,"ID":5},{"utility":58,"ID":8}],[],[],[],[],[]],"STARTING COALITION: ":[[null],[{"utility":0,"ID":19}],[{"utility":66,"ID":2},{"utility":69,"ID":17}],[{"utility":51,"ID":3},{"utility":40.5,"ID":6},{"utility":43,"ID":13}],[{"utility":0,"ID":5}],[{"utility":0,"ID":16},{"utility":0,"ID":18}],[{"utility":0,"ID":4},{"utility":0,"ID":12},{"utility":60,"ID":15}],[{"utility":0,"ID":1},{"utility":15.5,"ID":10},{"utility":68,"ID":20}],[{"utility":0,"ID":8}],[{"utility":0,"ID":7}],[{"utility":14.5,"ID":9},{"utility":18,"ID":11},{"utility":57.5,"ID":14}],[],[],[],[],[],[],[],[],[],[]],"CORE :":false,"Relazioni :":240,"Time : ":0.2,"LAST PARTITION":{"11":13,"12":6,"13":3,"14":9,"15":10,"16":5,"17":2,"18":4,"19":1,"1":13,"2":9,"3":10,"4":4,"5":15,"6":8,"7":8,"8":15,"9":12,"20":7,"10":7}},{"Modalità dinamica :":true,"Q : ":2,"STARTING PARTITION: ":{"11":10,"12":6,"13":3,"14":10,"15":6,"16":5,"17":2,"18":5,"19":1,"1":7,"2":2,"3":3,"4":6,"5":4,"6":3,"7":9,"8":8,"9":10,"20":7,"10":7},"LAST COALITION":[[],[{"utility":12,"ID":1},{"utility":95,"ID":3}],[{"utility":18,"ID":5},{"utility":80,"ID":11}],[{"utility":0,"ID":19}],[{"utility":98,"ID":6},{"utility":15,"ID":7}],[{"utility":75,"ID":8},{"utility":86,"ID":15}],[{"utility":99,"ID":2},{"utility":96,"ID":14}],[{"utility":68,"ID":9},{"utility":69,"ID":13}],[],[{"utility":94,"ID":12},{"utility":63,"ID":18}],[{"utility":0,"ID":10}],[],[],[{"utility":57,"ID":4},{"utility":97,"ID":20}],[{"utility":35,"ID":16},{"utility":85,"ID":17}],[],[],[],[],[],[]],"STARTING COALITION: ":[[null],[{"utility":0,"ID":19}],[{"utility":66,"ID":2},{"utility":69,"ID":17}],[{"utility":51,"ID":3},{"utility":40.5,"ID":6},{"utility":43,"ID":13}],[{"utility":0,"ID":5}],[{"utility":0,"ID":16},{"utility":0,"ID":18}],[{"utility":0,"ID":4},{"utility":0,"ID":12},{"utility":60,"ID":15}],[{"utility":0,"ID":1},{"utility":15.5,"ID":10},{"utility":68,"ID":20}],[{"utility":0,"ID":8}],[{"utility":0,"ID":7}],[{"utility":14.5,"ID":9},{"utility":18,"ID":11},{"utility":57.5,"ID":14}],[],[],[],[],[],[],[],[],[],[]],"CORE :":true,"Relazioni :":240,"Time : ":0.1,"LAST PARTITION":{"11":2,"12":9,"13":7,"14":6,"15":5,"16":14,"17":14,"18":9,"19":3,"1":1,"2":6,"3":1,"4":13,"5":2,"6":4,"7":4,"8":5,"9":7,"20":13,"10":10}},{"Modalità dinamica :":true,"Q : ":2,"STARTING PARTITION: ":{"11":10,"12":6,"13":3,"14":10,"15":6,"16":5,"17":2,"18":5,"19":1,"1":7,"2":2,"3":3,"4":6,"5":4,"6":3,"7":9,"8":8,"9":10,"20":7,"10":7},"LAST COALITION":[[],[{"utility":94,"ID":12},{"utility":63,"ID":18}],[{"utility":0,"ID":10}],[{"utility":35,"ID":16},{"utility":85,"ID":17}],[{"utility":18,"ID":5},{"utility":80,"ID":11}],[{"utility":12,"ID":1},{"utility":95,"ID":3}],[{"utility":75,"ID":8},{"utility":86,"ID":15}],[{"utility":84,"ID":7},{"utility":34,"ID":9}],[],[{"utility":57,"ID":4},{"utility":97,"ID":20}],[],[{"utility":79,"ID":6},{"utility":86,"ID":13}],[{"utility":99,"ID":2},{"utility":96,"ID":14}],[],[],[{"utility":0,"ID":19}],[],[],[],[],[]],"STARTING COALITION: ":[[null],[{"utility":0,"ID":19}],[{"utility":66,"ID":2},{"utility":69,"ID":17}],[{"utility":51,"ID":3},{"utility":40.5,"ID":6},{"utility":43,"ID":13}],[{"utility":0,"ID":5}],[{"utility":0,"ID":16},{"utility":0,"ID":18}],[{"utility":0,"ID":4},{"utility":0,"ID":12},{"utility":60,"ID":15}],[{"utility":0,"ID":1},{"utility":15.5,"ID":10},{"utility":68,"ID":20}],[{"utility":0,"ID":8}],[{"utility":0,"ID":7}],[{"utility":14.5,"ID":9},{"utility":18,"ID":11},{"utility":57.5,"ID":14}],[],[],[],[],[],[],[],[],[],[]],"CORE :":true,"Relazioni :":240,"Time : ":0.2,"LAST PARTITION":{"11":4,"12":1,"13":11,"14":12,"15":6,"16":3,"17":3,"18":1,"19":15,"1":5,"2":12,"3":5,"4":9,"5":4,"6":11,"7":7,"8":6,"9":7,"20":9,"10":2}},{"Modalità dinamica :":true,"Q : ":3,"STARTING PARTITION: ":{"11":10,"12":6,"13":3,"14":10,"15":6,"16":5,"17":2,"18":5,"19":1,"1":7,"2":2,"3":3,"4":6,"5":4,"6":3,"7":9,"8":8,"9":10,"20":7,"10":7},"LAST COALITION":[[],[],[{"utility":79,"ID":6},{"utility":86,"ID":13}],[{"utility":94,"ID":12},{"utility":63,"ID":18}],[{"utility":99,"ID":2},{"utility":96,"ID":14}],[],[{"utility":75,"ID":8},{"utility":86,"ID":15}],[{"utility":12,"ID":1},{"utility":95,"ID":3}],[{"utility":0,"ID":19}],[{"utility":18,"ID":5},{"utility":80,"ID":11}],[{"utility":57,"ID":4},{"utility":97,"ID":20}],[{"utility":84,"ID":7},{"utility":34,"ID":9}],[{"utility":0,"ID":10}],[{"utility":35,"ID":16},{"utility":85,"ID":17}],[],[],[],[],[],[],[]],"STARTING COALITION: ":[[null],[{"utility":0,"ID":19}],[{"utility":66,"ID":2},{"utility":69,"ID":17}],[{"utility":51,"ID":3},{"utility":40.5,"ID":6},{"utility":43,"ID":13}],[{"utility":0,"ID":5}],[{"utility":0,"ID":16},{"utility":0,"ID":18}],[{"utility":0,"ID":4},{"utility":0,"ID":12},{"utility":60,"ID":15}],[{"utility":0,"ID":1},{"utility":15.5,"ID":10},{"utility":68,"ID":20}],[{"utility":0,"ID":8}],[{"utility":0,"ID":7}],[{"utility":14.5,"ID":9},{"utility":18,"ID":11},{"utility":57.5,"ID":14}],[],[],[],[],[],[],[],[],[],[]],"CORE :":true,"Relazioni :":240,"Time : ":0.1,"LAST PARTITION":{"11":9,"12":3,"13":2,"14":4,"15":6,"16":13,"17":13,"18":3,"19":8,"1":7,"2":4,"3":7,"4":10,"5":9,"6":2,"7":11,"8":6,"9":11,"20":10,"10":12}},{"Modalità dinamica :":true,"Q : ":3,"STARTING PARTITION: ":{"11":10,"12":6,"13":3,"14":10,"15":6,"16":5,"17":2,"18":5,"19":1,"1":7,"2":2,"3":3,"4":6,"5":4,"6":3,"7":9,"8":8,"9":10,"20":7,"10":7},"LAST COALITION":[[],[],[{"utility":99,"ID":2},{"utility":96,"ID":14}],[{"utility":79,"ID":6},{"utility":86,"ID":13}],[{"utility":18,"ID":5},{"utility":80,"ID":11}],[{"utility":0,"ID":19}],[{"utility":94,"ID":12},{"utility":63,"ID":18}],[{"utility":31,"ID":10},{"utility":82,"ID":20}],[],[],[{"utility":63.5,"ID":4},{"utility":17.5,"ID":16},{"utility":90.5,"ID":17}],[{"utility":84,"ID":7},{"utility":34,"ID":9}],[{"utility":75,"ID":8},{"utility":86,"ID":15}],[{"utility":12,"ID":1},{"utility":95,"ID":3}],[],[],[],[],[],[],[]],"STARTING COALITION: ":[[null],[{"utility":0,"ID":19}],[{"utility":66,"ID":2},{"utility":69,"ID":17}],[{"utility":51,"ID":3},{"utility":40.5,"ID":6},{"utility":43,"ID":13}],[{"utility":0,"ID":5}],[{"utility":0,"ID":16},{"utility":0,"ID":18}],[{"utility":0,"ID":4},{"utility":0,"ID":12},{"utility":60,"ID":15}],[{"utility":0,"ID":1},{"utility":15.5,"ID":10},{"utility":68,"ID":20}],[{"utility":0,"ID":8}],[{"utility":0,"ID":7}],[{"utility":14.5,"ID":9},{"utility":18,"ID":11},{"utility":57.5,"ID":14}],[],[],[],[],[],[],[],[],[],[]],"CORE :":true,"Relazioni :":240,"Time : ":0.2,"LAST PARTITION":{"11":4,"12":6,"13":3,"14":2,"15":12,"16":10,"17":10,"18":6,"19":5,"1":13,"2":2,"3":13,"4":10,"5":4,"6":3,"7":11,"8":12,"9":11,"20":7,"10":7}},{"Modalità dinamica :":true,"Q : ":4,"STARTING PARTITION: ":{"11":10,"12":6,"13":3,"14":10,"15":6,"16":5,"17":2,"18":5,"19":1,"1":7,"2":2,"3":3,"4":6,"5":4,"6":3,"7":9,"8":8,"9":10,"20":7,"10":7},"LAST COALITION":[[],[{"utility":6.5,"ID":10},{"utility":17.5,"ID":16},{"utility":86.5,"ID":17}],[{"utility":12,"ID":1},{"utility":95,"ID":3}],[{"utility":79,"ID":6},{"utility":86,"ID":13}],[{"utility":75,"ID":8},{"utility":86,"ID":15}],[],[{"utility":57,"ID":4},{"utility":97,"ID":20}],[{"utility":94,"ID":12},{"utility":63,"ID":18}],[],[{"utility":84,"ID":7},{"utility":34,"ID":9}],[{"utility":99,"ID":2},{"utility":96,"ID":14}],[],[{"utility":18,"ID":5},{"utility":80,"ID":11}],[{"utility":0,"ID":19}],[],[],[],[],[],[],[]],"STARTING COALITION: ":[[null],[{"utility":0,"ID":19}],[{"utility":66,"ID":2},{"utility":69,"ID":17}],[{"utility":51,"ID":3},{"utility":40.5,"ID":6},{"utility":43,"ID":13}],[{"utility":0,"ID":5}],[{"utility":0,"ID":16},{"utility":0,"ID":18}],[{"utility":0,"ID":4},{"utility":0,"ID":12},{"utility":60,"ID":15}],[{"utility":0,"ID":1},{"utility":15.5,"ID":10},{"utility":68,"ID":20}],[{"utility":0,"ID":8}],[{"utility":0,"ID":7}],[{"utility":14.5,"ID":9},{"utility":18,"ID":11},{"utility":57.5,"ID":14}],[],[],[],[],[],[],[],[],[],[]],"CORE :":true,"Relazioni :":240,"Time : ":0.1,"LAST PARTITION":{"11":12,"12":7,"13":3,"14":10,"15":4,"16":1,"17":1,"18":7,"19":13,"1":2,"2":10,"3":2,"4":6,"5":12,"6":3,"7":9,"8":4,"9":9,"20":6,"10":1}},{"Modalità dinamica :":true,"Q : ":4,"STARTING PARTITION: ":{"11":10,"12":6,"13":3,"14":10,"15":6,"16":5,"17":2,"18":5,"19":1,"1":7,"2":2,"3":3,"4":6,"5":4,"6":3,"7":9,"8":8,"9":10,"20":7,"10":7},"LAST COALITION":[[],[{"utility":75,"ID":8},{"utility":86,"ID":15}],[{"utility":57,"ID":4},{"utility":97,"ID":20}],[{"utility":94,"ID":12},{"utility":63,"ID":18}],[],[{"utility":35,"ID":16},{"utility":85,"ID":17}],[{"utility":0,"ID":19}],[{"utility":99,"ID":2},{"utility":96,"ID":14}],[{"utility":0,"ID":10}],[],[{"utility":18,"ID":5},{"utility":80,"ID":11}],[{"utility":84,"ID":7},{"utility":34,"ID":9}],[{"utility":12,"ID":1},{"utility":95,"ID":3}],[{"utility":79,"ID":6},{"utility":86,"ID":13}],[],[],[],[],[],[],[]],"STARTING COALITION: ":[[null],[{"utility":0,"ID":19}],[{"utility":66,"ID":2},{"utility":69,"ID":17}],[{"utility":51,"ID":3},{"utility":40.5,"ID":6},{"utility":43,"ID":13}],[{"utility":0,"ID":5}],[{"utility":0,"ID":16},{"utility":0,"ID":18}],[{"utility":0,"ID":4},{"utility":0,"ID":12},{"utility":60,"ID":15}],[{"utility":0,"ID":1},{"utility":15.5,"ID":10},{"utility":68,"ID":20}],[{"utility":0,"ID":8}],[{"utility":0,"ID":7}],[{"utility":14.5,"ID":9},{"utility":18,"ID":11},{"utility":57.5,"ID":14}],[],[],[],[],[],[],[],[],[],[]],"CORE :":true,"Relazioni :":240,"Time : ":0.2,"LAST PARTITION":{"11":10,"12":3,"13":13,"14":7,"15":1,"16":5,"17":5,"18":3,"19":6,"1":12,"2":7,"3":12,"4":2,"5":10,"6":13,"7":11,"8":1,"9":11,"20":2,"10":8}},{"Modalità dinamica :":true,"Q : ":5,"STARTING PARTITION: ":{"11":10,"12":6,"13":3,"14":10,"15":6,"16":5,"17":2,"18":5,"19":1,"1":7,"2":2,"3":3,"4":6,"5":4,"6":3,"7":9,"8":8,"9":10,"20":7,"10":7},"LAST COALITION":[[],[{"utility":79,"ID":6},{"utility":86,"ID":13}],[{"utility":0,"ID":10}],[{"utility":99,"ID":2},{"utility":96,"ID":14}],[{"utility":57,"ID":4},{"utility":97,"ID":20}],[{"utility":84,"ID":7},{"utility":34,"ID":9}],[{"utility":0,"ID":19}],[{"utility":94,"ID":12},{"utility":63,"ID":18}],[],[{"utility":12,"ID":1},{"utility":95,"ID":3}],[{"utility":18,"ID":5},{"utility":80,"ID":11}],[{"utility":75,"ID":8},{"utility":86,"ID":15}],[{"utility":35,"ID":16},{"utility":85,"ID":17}],[],[],[],[],[],[],[],[]],"STARTING COALITION: ":[[null],[{"utility":0,"ID":19}],[{"utility":66,"ID":2},{"utility":69,"ID":17}],[{"utility":51,"ID":3},{"utility":40.5,"ID":6},{"utility":43,"ID":13}],[{"utility":0,"ID":5}],[{"utility":0,"ID":16},{"utility":0,"ID":18}],[{"utility":0,"ID":4},{"utility":0,"ID":12},{"utility":60,"ID":15}],[{"utility":0,"ID":1},{"utility":15.5,"ID":10},{"utility":68,"ID":20}],[{"utility":0,"ID":8}],[{"utility":0,"ID":7}],[{"utility":14.5,"ID":9},{"utility":18,"ID":11},{"utility":57.5,"ID":14}],[],[],[],[],[],[],[],[],[],[]],"CORE :":true,"Relazioni :":240,"Time : ":0.1,"LAST PARTITION":{"11":10,"12":7,"13":1,"14":3,"15":11,"16":12,"17":12,"18":7,"19":6,"1":9,"2":3,"3":9,"4":4,"5":10,"6":1,"7":5,"8":11,"9":5,"20":4,"10":2}},{"Modalità dinamica :":true,"Q : ":5,"STARTING PARTITION: ":{"11":10,"12":6,"13":3,"14":10,"15":6,"16":5,"17":2,"18":5,"19":1,"1":7,"2":2,"3":3,"4":6,"5":4,"6":3,"7":9,"8":8,"9":10,"20":7,"10":7},"LAST COALITION":[[],[{"utility":0,"ID":19}],[{"utility":94,"ID":12},{"utility":63,"ID":18}],[{"utility":79,"ID":6},{"utility":86,"ID":13}],[{"utility":35,"ID":16},{"utility":85,"ID":17}],[{"utility":12,"ID":1},{"utility":95,"ID":3}],[{"utility":99,"ID":2},{"utility":96,"ID":14}],[{"utility":0,"ID":10}],[{"utility":84,"ID":7},{"utility":34,"ID":9}],[{"utility":57,"ID":4},{"utility":97,"ID":20}],[{"utility":18,"ID":5},{"utility":80,"ID":11}],[],[],[{"utility":75,"ID":8},{"utility":86,"ID":15}],[],[],[],[],[],[],[]],"STARTING COALITION: ":[[null],[{"utility":0,"ID":19}],[{"utility":66,"ID":2},{"utility":69,"ID":17}],[{"utility":51,"ID":3},{"utility":40.5,"ID":6},{"utility":43,"ID":13}],[{"utility":0,"ID":5}],[{"utility":0,"ID":16},{"utility":0,"ID":18}],[{"utility":0,"ID":4},{"utility":0,"ID":12},{"utility":60,"ID":15}],[{"utility":0,"ID":1},{"utility":15.5,"ID":10},{"utility":68,"ID":20}],[{"utility":0,"ID":8}],[{"utility":0,"ID":7}],[{"utility":14.5,"ID":9},{"utility":18,"ID":11},{"utility":57.5,"ID":14}],[],[],[],[],[],[],[],[],[],[]],"CORE :":true,"Relazioni :":240,"Time : ":0.2,"LAST PARTITION":{"11":10,"12":2,"13":3,"14":6,"15":13,"16":4,"17":4,"18":2,"19":1,"1":5,"2":6,"3":5,"4":9,"5":10,"6":3,"7":8,"8":13,"9":8,"20":9,"10":7}},{"Modalità dinamica :":true,"Q : ":6,"STARTING PARTITION: ":{"11":10,"12":6,"13":3,"14":10,"15":6,"16":5,"17":2,"18":5,"19":1,"1":7,"2":2,"3":3,"4":6,"5":4,"6":3,"7":9,"8":8,"9":10,"20":7,"10":7},"LAST COALITION":[[],[{"utility":18,"ID":5},{"utility":80,"ID":11}],[{"utility":79,"ID":6},{"utility":86,"ID":13}],[{"utility":35,"ID":16},{"utility":85,"ID":17}],[{"utility":99,"ID":2},{"utility":96,"ID":14}],[{"utility":0,"ID":19}],[{"utility":12,"ID":1},{"utility":95,"ID":3}],[{"utility":75,"ID":8},{"utility":86,"ID":15}],[{"utility":57,"ID":4},{"utility":97,"ID":20}],[],[{"utility":94,"ID":12},{"utility":63,"ID":18}],[{"utility":0,"ID":10}],[],[{"utility":84,"ID":7},{"utility":34,"ID":9}],[],[],[],[],[],[],[]],"STARTING COALITION: ":[[null],[{"utility":0,"ID":19}],[{"utility":66,"ID":2},{"utility":69,"ID":17}],[{"utility":51,"ID":3},{"utility":40.5,"ID":6},{"utility":43,"ID":13}],[{"utility":0,"ID":5}],[{"utility":0,"ID":16},{"utility":0,"ID":18}],[{"utility":0,"ID":4},{"utility":0,"ID":12},{"utility":60,"ID":15}],[{"utility":0,"ID":1},{"utility":15.5,"ID":10},{"utility":68,"ID":20}],[{"utility":0,"ID":8}],[{"utility":0,"ID":7}],[{"utility":14.5,"ID":9},{"utility":18,"ID":11},{"utility":57.5,"ID":14}],[],[],[],[],[],[],[],[],[],[]],"CORE :":true,"Relazioni :":240,"Time : ":0.1,"LAST PARTITION":{"11":1,"12":10,"13":2,"14":4,"15":7,"16":3,"17":3,"18":10,"19":5,"1":6,"2":4,"3":6,"4":8,"5":1,"6":2,"7":13,"8":7,"9":13,"20":8,"10":11}},{"Modalità dinamica :":true,"Q : ":6,"STARTING PARTITION: ":{"11":10,"12":6,"13":3,"14":10,"15":6,"16":5,"17":2,"18":5,"19":1,"1":7,"2":2,"3":3,"4":6,"5":4,"6":3,"7":9,"8":8,"9":10,"20":7,"10":7},"LAST COALITION":[[],[{"utility":57,"ID":4},{"utility":97,"ID":20}],[{"utility":99,"ID":2},{"utility":96,"ID":14}],[{"utility":75,"ID":8},{"utility":86,"ID":15}],[{"utility":79,"ID":6},{"utility":86,"ID":13}],[{"utility":84,"ID":7},{"utility":34,"ID":9}],[{"utility":35,"ID":16},{"utility":85,"ID":17}],[{"utility":12,"ID":1},{"utility":95,"ID":3}],[],[{"utility":0,"ID":19}],[{"utility":18,"ID":5},{"utility":80,"ID":11}],[{"utility":94,"ID":12},{"utility":63,"ID":18}],[],[{"utility":0,"ID":10}],[],[],[],[],[],[],[]],"STARTING COALITION: ":[[null],[{"utility":0,"ID":19}],[{"utility":66,"ID":2},{"utility":69,"ID":17}],[{"utility":51,"ID":3},{"utility":40.5,"ID":6},{"utility":43,"ID":13}],[{"utility":0,"ID":5}],[{"utility":0,"ID":16},{"utility":0,"ID":18}],[{"utility":0,"ID":4},{"utility":0,"ID":12},{"utility":60,"ID":15}],[{"utility":0,"ID":1},{"utility":15.5,"ID":10},{"utility":68,"ID":20}],[{"utility":0,"ID":8}],[{"utility":0,"ID":7}],[{"utility":14.5,"ID":9},{"utility":18,"ID":11},{"utility":57.5,"ID":14}],[],[],[],[],[],[],[],[],[],[]],"CORE :":true,"Relazioni :":240,"Time : ":0.2,"LAST PARTITION":{"11":10,"12":11,"13":4,"14":2,"15":3,"16":6,"17":6,"18":11,"19":9,"1":7,"2":2,"3":7,"4":1,"5":10,"6":4,"7":5,"8":3,"9":5,"20":1,"10":13}},{"Modalità dinamica :":true,"Q : ":7,"STARTING PARTITION: ":{"11":10,"12":6,"13":3,"14":10,"15":6,"16":5,"17":2,"18":5,"19":1,"1":7,"2":2,"3":3,"4":6,"5":4,"6":3,"7":9,"8":8,"9":10,"20":7,"10":7},"LAST COALITION":[[],[{"utility":99,"ID":2},{"utility":96,"ID":14}],[{"utility":35,"ID":16},{"utility":85,"ID":17}],[{"utility":84,"ID":7},{"utility":34,"ID":9}],[],[{"utility":0,"ID":19}],[{"utility":79,"ID":6},{"utility":86,"ID":13}],[{"utility":18,"ID":5},{"utility":80,"ID":11}],[{"utility":12,"ID":1},{"utility":95,"ID":3}],[{"utility":75,"ID":8},{"utility":86,"ID":15}],[],[{"utility":57,"ID":4},{"utility":97,"ID":20}],[{"utility":0,"ID":10}],[{"utility":94,"ID":12},{"utility":63,"ID":18}],[],[],[],[],[],[],[]],"STARTING COALITION: ":[[null],[{"utility":0,"ID":19}],[{"utility":66,"ID":2},{"utility":69,"ID":17}],[{"utility":51,"ID":3},{"utility":40.5,"ID":6},{"utility":43,"ID":13}],[{"utility":0,"ID":5}],[{"utility":0,"ID":16},{"utility":0,"ID":18}],[{"utility":0,"ID":4},{"utility":0,"ID":12},{"utility":60,"ID":15}],[{"utility":0,"ID":1},{"utility":15.5,"ID":10},{"utility":68,"ID":20}],[{"utility":0,"ID":8}],[{"utility":0,"ID":7}],[{"utility":14.5,"ID":9},{"utility":18,"ID":11},{"utility":57.5,"ID":14}],[],[],[],[],[],[],[],[],[],[]],"CORE :":true,"Relazioni :":240,"Time : ":0.1,"LAST PARTITION":{"11":7,"12":13,"13":6,"14":1,"15":9,"16":2,"17":2,"18":13,"19":5,"1":8,"2":1,"3":8,"4":11,"5":7,"6":6,"7":3,"8":9,"9":3,"20":11,"10":12}},{"Modalità dinamica :":true,"Q : ":7,"STARTING PARTITION: ":{"11":10,"12":6,"13":3,"14":10,"15":6,"16":5,"17":2,"18":5,"19":1,"1":7,"2":2,"3":3,"4":6,"5":4,"6":3,"7":9,"8":8,"9":10,"20":7,"10":7},"LAST COALITION":[[],[{"utility":75,"ID":8},{"utility":86,"ID":15}],[{"utility":0,"ID":10}],[{"utility":18,"ID":5},{"utility":80,"ID":11}],[],[{"utility":0,"ID":19}],[{"utility":84,"ID":7},{"utility":34,"ID":9}],[{"utility":94,"ID":12},{"utility":63,"ID":18}],[{"utility":99,"ID":2},{"utility":96,"ID":14}],[{"utility":79,"ID":6},{"utility":86,"ID":13}],[{"utility":57,"ID":4},{"utility":97,"ID":20}],[{"utility":12,"ID":1},{"utility":95,"ID":3}],[{"utility":35,"ID":16},{"utility":85,"ID":17}],[],[],[],[],[],[],[],[]],"STARTING COALITION: ":[[null],[{"utility":0,"ID":19}],[{"utility":66,"ID":2},{"utility":69,"ID":17}],[{"utility":51,"ID":3},{"utility":40.5,"ID":6},{"utility":43,"ID":13}],[{"utility":0,"ID":5}],[{"utility":0,"ID":16},{"utility":0,"ID":18}],[{"utility":0,"ID":4},{"utility":0,"ID":12},{"utility":60,"ID":15}],[{"utility":0,"ID":1},{"utility":15.5,"ID":10},{"utility":68,"ID":20}],[{"utility":0,"ID":8}],[{"utility":0,"ID":7}],[{"utility":14.5,"ID":9},{"utility":18,"ID":11},{"utility":57.5,"ID":14}],[],[],[],[],[],[],[],[],[],[]],"CORE :":true,"Relazioni :":240,"Time : ":0.2,"LAST PARTITION":{"11":3,"12":7,"13":9,"14":8,"15":1,"16":12,"17":12,"18":7,"19":5,"1":11,"2":8,"3":11,"4":10,"5":3,"6":9,"7":6,"8":1,"9":6,"20":10,"10":2}},{"Modalità dinamica :":true,"Q : ":8,"STARTING PARTITION: ":{"11":10,"12":6,"13":3,"14":10,"15":6,"16":5,"17":2,"18":5,"19":1,"1":7,"2":2,"3":3,"4":6,"5":4,"6":3,"7":9,"8":8,"9":10,"20":7,"10":7},"LAST COALITION":[[],[{"utility":57,"ID":4},{"utility":97,"ID":20}],[{"utility":0,"ID":10}],[{"utility":79,"ID":6},{"utility":86,"ID":13}],[],[{"utility":18,"ID":5},{"utility":80,"ID":11}],[{"utility":84,"ID":7},{"utility":34,"ID":9}],[{"utility":99,"ID":2},{"utility":96,"ID":14}],[{"utility":0,"ID":19}],[],[{"utility":35,"ID":16},{"utility":85,"ID":17}],[{"utility":94,"ID":12},{"utility":63,"ID":18}],[{"utility":75,"ID":8},{"utility":86,"ID":15}],[{"utility":12,"ID":1},{"utility":95,"ID":3}],[],[],[],[],[],[],[]],"STARTING COALITION: ":[[null],[{"utility":0,"ID":19}],[{"utility":66,"ID":2},{"utility":69,"ID":17}],[{"utility":51,"ID":3},{"utility":40.5,"ID":6},{"utility":43,"ID":13}],[{"utility":0,"ID":5}],[{"utility":0,"ID":16},{"utility":0,"ID":18}],[{"utility":0,"ID":4},{"utility":0,"ID":12},{"utility":60,"ID":15}],[{"utility":0,"ID":1},{"utility":15.5,"ID":10},{"utility":68,"ID":20}],[{"utility":0,"ID":8}],[{"utility":0,"ID":7}],[{"utility":14.5,"ID":9},{"utility":18,"ID":11},{"utility":57.5,"ID":14}],[],[],[],[],[],[],[],[],[],[]],"CORE :":true,"Relazioni :":240,"Time : ":0.1,"LAST PARTITION":{"11":5,"12":11,"13":3,"14":7,"15":12,"16":10,"17":10,"18":11,"19":8,"1":13,"2":7,"3":13,"4":1,"5":5,"6":3,"7":6,"8":12,"9":6,"20":1,"10":2}},{"Modalità dinamica :":true,"Q : ":8,"STARTING PARTITION: ":{"11":10,"12":6,"13":3,"14":10,"15":6,"16":5,"17":2,"18":5,"19":1,"1":7,"2":2,"3":3,"4":6,"5":4,"6":3,"7":9,"8":8,"9":10,"20":7,"10":7},"LAST COALITION":[[],[{"utility":99,"ID":2},{"utility":96,"ID":14}],[{"utility":84,"ID":7},{"utility":34,"ID":9}],[{"utility":79,"ID":6},{"utility":86,"ID":13}],[{"utility":0,"ID":10}],[{"utility":35,"ID":16},{"utility":85,"ID":17}],[{"utility":94,"ID":12},{"utility":63,"ID":18}],[{"utility":0,"ID":19}],[{"utility":18,"ID":5},{"utility":80,"ID":11}],[],[{"utility":75,"ID":8},{"utility":86,"ID":15}],[{"utility":12,"ID":1},{"utility":95,"ID":3}],[{"utility":57,"ID":4},{"utility":97,"ID":20}],[],[],[],[],[],[],[],[]],"STARTING COALITION: ":[[null],[{"utility":0,"ID":19}],[{"utility":66,"ID":2},{"utility":69,"ID":17}],[{"utility":51,"ID":3},{"utility":40.5,"ID":6},{"utility":43,"ID":13}],[{"utility":0,"ID":5}],[{"utility":0,"ID":16},{"utility":0,"ID":18}],[{"utility":0,"ID":4},{"utility":0,"ID":12},{"utility":60,"ID":15}],[{"utility":0,"ID":1},{"utility":15.5,"ID":10},{"utility":68,"ID":20}],[{"utility":0,"ID":8}],[{"utility":0,"ID":7}],[{"utility":14.5,"ID":9},{"utility":18,"ID":11},{"utility":57.5,"ID":14}],[],[],[],[],[],[],[],[],[],[]],"CORE :":true,"Relazioni :":240,"Time : ":0.2,"LAST PARTITION":{"11":8,"12":6,"13":3,"14":1,"15":10,"16":5,"17":5,"18":6,"19":7,"1":11,"2":1,"3":11,"4":12,"5":8,"6":3,"7":2,"8":10,"9":2,"20":12,"10":4}},{"Modalità dinamica :":true,"Q : ":9,"STARTING PARTITION: ":{"11":10,"12":6,"13":3,"14":10,"15":6,"16":5,"17":2,"18":5,"19":1,"1":7,"2":2,"3":3,"4":6,"5":4,"6":3,"7":9,"8":8,"9":10,"20":7,"10":7},"LAST COALITION":[[],[{"utility":57,"ID":4},{"utility":97,"ID":20}],[{"utility":0,"ID":10}],[],[{"utility":94,"ID":12},{"utility":63,"ID":18}],[{"utility":99,"ID":2},{"utility":96,"ID":14}],[{"utility":0,"ID":19}],[{"utility":12,"ID":1},{"utility":95,"ID":3}],[{"utility":35,"ID":16},{"utility":85,"ID":17}],[{"utility":18,"ID":5},{"utility":80,"ID":11}],[{"utility":79,"ID":6},{"utility":86,"ID":13}],[],[{"utility":84,"ID":7},{"utility":34,"ID":9}],[{"utility":75,"ID":8},{"utility":86,"ID":15}],[],[],[],[],[],[],[]],"STARTING COALITION: ":[[null],[{"utility":0,"ID":19}],[{"utility":66,"ID":2},{"utility":69,"ID":17}],[{"utility":51,"ID":3},{"utility":40.5,"ID":6},{"utility":43,"ID":13}],[{"utility":0,"ID":5}],[{"utility":0,"ID":16},{"utility":0,"ID":18}],[{"utility":0,"ID":4},{"utility":0,"ID":12},{"utility":60,"ID":15}],[{"utility":0,"ID":1},{"utility":15.5,"ID":10},{"utility":68,"ID":20}],[{"utility":0,"ID":8}],[{"utility":0,"ID":7}],[{"utility":14.5,"ID":9},{"utility":18,"ID":11},{"utility":57.5,"ID":14}],[],[],[],[],[],[],[],[],[],[]],"CORE :":true,"Relazioni :":240,"Time : ":0.1,"LAST PARTITION":{"11":9,"12":4,"13":10,"14":5,"15":13,"16":8,"17":8,"18":4,"19":6,"1":7,"2":5,"3":7,"4":1,"5":9,"6":10,"7":12,"8":13,"9":12,"20":1,"10":2}},{"Modalità dinamica :":true,"Q : ":9,"STARTING PARTITION: ":{"11":10,"12":6,"13":3,"14":10,"15":6,"16":5,"17":2,"18":5,"19":1,"1":7,"2":2,"3":3,"4":6,"5":4,"6":3,"7":9,"8":8,"9":10,"20":7,"10":7},"LAST COALITION":[[],[{"utility":79,"ID":6},{"utility":86,"ID":13}],[{"utility":75,"ID":8},{"utility":86,"ID":15}],[{"utility":35,"ID":16},{"utility":85,"ID":17}],[{"utility":0,"ID":10}],[],[{"utility":94,"ID":12},{"utility":63,"ID":18}],[{"utility":12,"ID":1},{"utility":95,"ID":3}],[{"utility":0,"ID":19}],[{"utility":84,"ID":7},{"utility":34,"ID":9}],[{"utility":99,"ID":2},{"utility":96,"ID":14}],[{"utility":18,"ID":5},{"utility":80,"ID":11}],[{"utility":57,"ID":4},{"utility":97,"ID":20}],[],[],[],[],[],[],[],[]],"STARTING COALITION: ":[[null],[{"utility":0,"ID":19}],[{"utility":66,"ID":2},{"utility":69,"ID":17}],[{"utility":51,"ID":3},{"utility":40.5,"ID":6},{"utility":43,"ID":13}],[{"utility":0,"ID":5}],[{"utility":0,"ID":16},{"utility":0,"ID":18}],[{"utility":0,"ID":4},{"utility":0,"ID":12},{"utility":60,"ID":15}],[{"utility":0,"ID":1},{"utility":15.5,"ID":10},{"utility":68,"ID":20}],[{"utility":0,"ID":8}],[{"utility":0,"ID":7}],[{"utility":14.5,"ID":9},{"utility":18,"ID":11},{"utility":57.5,"ID":14}],[],[],[],[],[],[],[],[],[],[]],"CORE :":true,"Relazioni :":240,"Time : ":0.2,"LAST PARTITION":{"11":11,"12":6,"13":1,"14":10,"15":2,"16":3,"17":3,"18":6,"19":8,"1":7,"2":10,"3":7,"4":12,"5":11,"6":1,"7":9,"8":2,"9":9,"20":12,"10":4}},{"Modalità dinamica :":true,"Q : ":10,"STARTING PARTITION: ":{"11":10,"12":6,"13":3,"14":10,"15":6,"16":5,"17":2,"18":5,"19":1,"1":7,"2":2,"3":3,"4":6,"5":4,"6":3,"7":9,"8":8,"9":10,"20":7,"10":7},"LAST COALITION":[[],[{"utility":18,"ID":5},{"utility":80,"ID":11}],[{"utility":12,"ID":1},{"utility":95,"ID":3}],[{"utility":94,"ID":12},{"utility":63,"ID":18}],[{"utility":0,"ID":10}],[{"utility":99,"ID":2},{"utility":96,"ID":14}],[{"utility":75,"ID":8},{"utility":86,"ID":15}],[{"utility":57,"ID":4},{"utility":97,"ID":20}],[{"utility":79,"ID":6},{"utility":86,"ID":13}],[],[{"utility":0,"ID":19}],[{"utility":84,"ID":7},{"utility":34,"ID":9}],[{"utility":35,"ID":16},{"utility":85,"ID":17}],[],[],[],[],[],[],[],[]],"STARTING COALITION: ":[[null],[{"utility":0,"ID":19}],[{"utility":66,"ID":2},{"utility":69,"ID":17}],[{"utility":51,"ID":3},{"utility":40.5,"ID":6},{"utility":43,"ID":13}],[{"utility":0,"ID":5}],[{"utility":0,"ID":16},{"utility":0,"ID":18}],[{"utility":0,"ID":4},{"utility":0,"ID":12},{"utility":60,"ID":15}],[{"utility":0,"ID":1},{"utility":15.5,"ID":10},{"utility":68,"ID":20}],[{"utility":0,"ID":8}],[{"utility":0,"ID":7}],[{"utility":14.5,"ID":9},{"utility":18,"ID":11},{"utility":57.5,"ID":14}],[],[],[],[],[],[],[],[],[],[]],"CORE :":true,"Relazioni :":240,"Time : ":0.1,"LAST PARTITION":{"11":1,"12":3,"13":8,"14":5,"15":6,"16":12,"17":12,"18":3,"19":10,"1":2,"2":5,"3":2,"4":7,"5":1,"6":8,"7":11,"8":6,"9":11,"20":7,"10":4}},{"Modalità dinamica :":true,"Q : ":10,"STARTING PARTITION: ":{"11":10,"12":6,"13":3,"14":10,"15":6,"16":5,"17":2,"18":5,"19":1,"1":7,"2":2,"3":3,"4":6,"5":4,"6":3,"7":9,"8":8,"9":10,"20":7,"10":7},"LAST COALITION":[[],[{"utility":0,"ID":10}],[{"utility":99,"ID":2},{"utility":96,"ID":14}],[],[{"utility":79,"ID":6},{"utility":86,"ID":13}],[{"utility":57,"ID":4},{"utility":97,"ID":20}],[{"utility":12,"ID":1},{"utility":95,"ID":3}],[{"utility":18,"ID":5},{"utility":80,"ID":11}],[{"utility":84,"ID":7},{"utility":34,"ID":9}],[{"utility":94,"ID":12},{"utility":63,"ID":18}],[{"utility":75,"ID":8},{"utility":86,"ID":15}],[{"utility":0,"ID":19}],[],[{"utility":35,"ID":16},{"utility":85,"ID":17}],[],[],[],[],[],[],[]],"STARTING COALITION: ":[[null],[{"utility":0,"ID":19}],[{"utility":66,"ID":2},{"utility":69,"ID":17}],[{"utility":51,"ID":3},{"utility":40.5,"ID":6},{"utility":43,"ID":13}],[{"utility":0,"ID":5}],[{"utility":0,"ID":16},{"utility":0,"ID":18}],[{"utility":0,"ID":4},{"utility":0,"ID":12},{"utility":60,"ID":15}],[{"utility":0,"ID":1},{"utility":15.5,"ID":10},{"utility":68,"ID":20}],[{"utility":0,"ID":8}],[{"utility":0,"ID":7}],[{"utility":14.5,"ID":9},{"utility":18,"ID":11},{"utility":57.5,"ID":14}],[],[],[],[],[],[],[],[],[],[]],"CORE :":true,"Relazioni :":240,"Time : ":0.2,"LAST PARTITION":{"11":7,"12":9,"13":4,"14":2,"15":10,"16":13,"17":13,"18":9,"19":11,"1":6,"2":2,"3":6,"4":5,"5":7,"6":4,"7":8,"8":10,"9":8,"20":5,"10":1}},{"END OF FILE:" : true}]