[{"Modalità dinamica :":false,"Q : ":2,"STARTING PARTITION: ":{"11":5,"12":5,"13":3,"14":4,"15":8,"16":2,"17":8,"18":7,"19":5,"1":8,"2":5,"3":3,"4":10,"5":4,"6":4,"7":2,"8":3,"9":10,"20":9,"10":6},"LAST COALITION":[[],[{"utility":0,"ID":1}],[{"utility":91,"ID":7},{"utility":57,"ID":16}],[{"utility":0,"ID":5}],[{"utility":0,"ID":14}],[{"utility":0,"ID":12}],[{"utility":0,"ID":10}],[{"utility":0,"ID":18}],[{"utility":97,"ID":15},{"utility":74,"ID":17}],[{"utility":0,"ID":20}],[{"utility":0,"ID":8}],[{"utility":89,"ID":4},{"utility":72,"ID":6}],[{"utility":0,"ID":11}],[{"utility":96,"ID":3},{"utility":69,"ID":9}],[],[{"utility":76,"ID":2},{"utility":96,"ID":13}],[{"utility":0,"ID":19}],[],[],[],[]],"STARTING COALITION: ":[[null],[],[{"utility":91,"ID":7},{"utility":57,"ID":16}],[{"utility":41.5,"ID":3},{"utility":43,"ID":8},{"utility":9.5,"ID":13}],[{"utility":30,"ID":5},{"utility":54.5,"ID":6},{"utility":71.5,"ID":14}],[{"utility":42.666666666666664,"ID":2},{"utility":42.333333333333336,"ID":11},{"utility":27,"ID":12},{"utility":31,"ID":19}],[{"utility":0,"ID":10}],[{"utility":0,"ID":18}],[{"utility":49.5,"ID":1},{"utility":83,"ID":15},{"utility":49,"ID":17}],[{"utility":0,"ID":20}],[{"utility":56,"ID":4},{"utility":0,"ID":9}],[],[],[],[],[],[],[],[],[],[]],"CORE :":false,"Relazioni :":340,"Time : ":0.1,"LAST PARTITION":{"11":12,"12":5,"13":15,"14":4,"15":8,"16":2,"17":8,"18":7,"19":16,"1":1,"2":15,"3":13,"4":11,"5":3,"6":11,"7":2,"8":10,"9":13,"20":9,"10":6}},{"Modalità dinamica :":false,"Q : ":2,"STARTING PARTITION: ":{"11":5,"12":5,"13":3,"14":4,"15":8,"16":2,"17":8,"18":7,"19":5,"1":8,"2":5,"3":3,"4":10,"5":4,"6":4,"7":2,"8":3,"9":10,"20":9,"10":6},"LAST COALITION":[[],[{"utility":89,"ID":4},{"utility":72,"ID":6}],[{"utility":91,"ID":7},{"utility":57,"ID":16}],[{"utility":0,"ID":19}],[{"utility":0,"ID":14}],[{"utility":0,"ID":12}],[{"utility":0,"ID":10}],[{"utility":0,"ID":18}],[{"utility":97,"ID":15},{"utility":74,"ID":17}],[{"utility":0,"ID":20}],[{"utility":0,"ID":11}],[],[{"utility":0,"ID":13}],[{"utility":96,"ID":3},{"utility":69,"ID":9}],[{"utility":46,"ID":1},{"utility":77,"ID":2}],[{"utility":0,"ID":5}],[{"utility":0,"ID":8}],[],[],[],[]],"STARTING COALITION: ":[[null],[],[{"utility":91,"ID":7},{"utility":57,"ID":16}],[{"utility":41.5,"ID":3},{"utility":43,"ID":8},{"utility":9.5,"ID":13}],[{"utility":30,"ID":5},{"utility":54.5,"ID":6},{"utility":71.5,"ID":14}],[{"utility":42.666666666666664,"ID":2},{"utility":42.333333333333336,"ID":11},{"utility":27,"ID":12},{"utility":31,"ID":19}],[{"utility":0,"ID":10}],[{"utility":0,"ID":18}],[{"utility":49.5,"ID":1},{"utility":83,"ID":15},{"utility":49,"ID":17}],[{"utility":0,"ID":20}],[{"utility":56,"ID":4},{"utility":0,"ID":9}],[],[],[],[],[],[],[],[],[],[]],"CORE :":false,"Relazioni :":340,"Time : ":0.2,"LAST PARTITION":{"11":10,"12":5,"13":12,"14":4,"15":8,"16":2,"17":8,"18":7,"19":3,"1":14,"2":14,"3":13,"4":1,"5":15,"6":1,"7":2,"8":16,"9":13,"20":9,"10":6}},{"Modalità dinamica :":false,"Q : ":3,"STARTING PARTITION: ":{"11":5,"12":5,"13":3,"14":4,"15":8,"16":2,"17":8,"18":7,"19":5,"1":8,"2":5,"3":3,"4":10,"5":4,"6":4,"7":2,"8":3,"9":10,"20":9,"10":6},"LAST COALITION":[[],[{"utility":0,"ID":1}],[{"utility":91,"ID":7},{"utility":57,"ID":16}],[{"utility":76,"ID":2},{"utility":96,"ID":13}],[{"utility":0,"ID":14}],[{"utility":0,"ID":12}],[{"utility":0,"ID":10}],[{"utility":0,"ID":18}],[{"utility":97,"ID":15},{"utility":74,"ID":17}],[{"utility":0,"ID":20}],[{"utility":0,"ID":19}],[{"utility":89,"ID":4},{"utility":72,"ID":6}],[{"utility":0,"ID":8}],[{"utility":96,"ID":3},{"utility":69,"ID":9}],[],[{"utility":0,"ID":11}],[{"utility":0,"ID":5}],[],[],[],[]],"STARTING COALITION: ":[[null],[],[{"utility":91,"ID":7},{"utility":57,"ID":16}],[{"utility":41.5,"ID":3},{"utility":43,"ID":8},{"utility":9.5,"ID":13}],[{"utility":30,"ID":5},{"utility":54.5,"ID":6},{"utility":71.5,"ID":14}],[{"utility":42.666666666666664,"ID":2},{"utility":42.333333333333336,"ID":11},{"utility":27,"ID":12},{"utility":31,"ID":19}],[{"utility":0,"ID":10}],[{"utility":0,"ID":18}],[{"utility":49.5,"ID":1},{"utility":83,"ID":15},{"utility":49,"ID":17}],[{"utility":0,"ID":20}],[{"utility":56,"ID":4},{"utility":0,"ID":9}],[],[],[],[],[],[],[],[],[],[]],"CORE :":false,"Relazioni :":340,"Time : ":0.1,"LAST PARTITION":{"11":15,"12":5,"13":3,"14":4,"15":8,"16":2,"17":8,"18":7,"19":10,"1":1,"2":3,"3":13,"4":11,"5":16,"6":11,"7":2,"8":12,"9":13,"20":9,"10":6}},{"Modalità dinamica :":false,"Q : ":3,"STARTING PARTITION: ":{"11":5,"12":5,"13":3,"14":4,"15":8,"16":2,"17":8,"18":7,"19":5,"1":8,"2":5,"3":3,"4":10,"5":4,"6":4,"7":2,"8":3,"9":10,"20":9,"10":6},"LAST COALITION":[[],[{"utility":91,"ID":1},{"utility":52,"ID":6}],[{"utility":91,"ID":7},{"utility":57,"ID":16}],[{"utility":0,"ID":11}],[{"utility":0,"ID":14}],[{"utility":0,"ID":12}],[{"utility":0,"ID":10}],[{"utility":0,"ID":18}],[{"utility":97,"ID":15},{"utility":74,"ID":17}],[{"utility":0,"ID":20}],[{"utility":0,"ID":19}],[{"utility":0,"ID":5}],[{"utility":59,"ID":2},{"utility":62,"ID":8}],[{"utility":96,"ID":3},{"utility":69,"ID":9}],[{"utility":0,"ID":4}],[],[{"utility":0,"ID":13}],[],[],[],[]],"STARTING COALITION: ":[[null],[],[{"utility":91,"ID":7},{"utility":57,"ID":16}],[{"utility":41.5,"ID":3},{"utility":43,"ID":8},{"utility":9.5,"ID":13}],[{"utility":30,"ID":5},{"utility":54.5,"ID":6},{"utility":71.5,"ID":14}],[{"utility":42.666666666666664,"ID":2},{"utility":42.333333333333336,"ID":11},{"utility":27,"ID":12},{"utility":31,"ID":19}],[{"utility":0,"ID":10}],[{"utility":0,"ID":18}],[{"utility":49.5,"ID":1},{"utility":83,"ID":15},{"utility":49,"ID":17}],[{"utility":0,"ID":20}],[{"utility":56,"ID":4},{"utility":0,"ID":9}],[],[],[],[],[],[],[],[],[],[]],"CORE :":false,"Relazioni :":340,"Time : ":0.2,"LAST PARTITION":{"11":3,"12":5,"13":16,"14":4,"15":8,"16":2,"17":8,"18":7,"19":10,"1":1,"2":12,"3":13,"4":14,"5":11,"6":1,"7":2,"8":12,"9":13,"20":9,"10":6}},{"Modalità dinamica :":false,"Q : ":4,"STARTING PARTITION: ":{"11":5,"12":5,"13":3,"14":4,"15":8,"16":2,"17":8,"18":7,"19":5,"1":8,"2":5,"3":3,"4":10,"5":4,"6":4,"7":2,"8":3,"9":10,"20":9,"10":6},"LAST COALITION":[[],[{"utility":0,"ID":5}],[{"utility":91,"ID":7},{"utility":57,"ID":16}],[{"utility":0,"ID":19}],[{"utility":0,"ID":14}],[{"utility":0,"ID":12}],[{"utility":0,"ID":10}],[{"utility":0,"ID":18}],[{"utility":97,"ID":15},{"utility":74,"ID":17}],[{"utility":0,"ID":20}],[{"utility":61,"ID":2},{"utility":82,"ID":11}],[{"utility":91,"ID":1},{"utility":52,"ID":6}],[],[{"utility":96,"ID":3},{"utility":69,"ID":9}],[{"utility":0,"ID":4}],[{"utility":0,"ID":13}],[{"utility":0,"ID":8}],[],[],[],[]],"STARTING COALITION: ":[[null],[],[{"utility":91,"ID":7},{"utility":57,"ID":16}],[{"utility":41.5,"ID":3},{"utility":43,"ID":8},{"utility":9.5,"ID":13}],[{"utility":30,"ID":5},{"utility":54.5,"ID":6},{"utility":71.5,"ID":14}],[{"utility":42.666666666666664,"ID":2},{"utility":42.333333333333336,"ID":11},{"utility":27,"ID":12},{"utility":31,"ID":19}],[{"utility":0,"ID":10}],[{"utility":0,"ID":18}],[{"utility":49.5,"ID":1},{"utility":83,"ID":15},{"utility":49,"ID":17}],[{"utility":0,"ID":20}],[{"utility":56,"ID":4},{"utility":0,"ID":9}],[],[],[],[],[],[],[],[],[],[]],"CORE :":false,"Relazioni :":340,"Time : ":0.1,"LAST PARTITION":{"11":10,"12":5,"13":15,"14":4,"15":8,"16":2,"17":8,"18":7,"19":3,"1":11,"2":10,"3":13,"4":14,"5":1,"6":11,"7":2,"8":16,"9":13,"20":9,"10":6}},{"Modalità dinamica :":false,"Q : ":4,"STARTING PARTITION: ":{"11":5,"12":5,"13":3,"14":4,"15":8,"16":2,"17":8,"18":7,"19":5,"1":8,"2":5,"3":3,"4":10,"5":4,"6":4,"7":2,"8":3,"9":10,"20":9,"10":6},"LAST COALITION":[[],[{"utility":89,"ID":4},{"utility":72,"ID":6}],[{"utility":91,"ID":7},{"utility":57,"ID":16}],[{"utility":0,"ID":5}],[{"utility":0,"ID":14}],[{"utility":0,"ID":12}],[{"utility":0,"ID":10}],[{"utility":0,"ID":18}],[{"utility":97,"ID":15},{"utility":74,"ID":17}],[{"utility":0,"ID":20}],[{"utility":0,"ID":8}],[{"utility":0,"ID":1}],[{"utility":0,"ID":11}],[{"utility":96,"ID":3},{"utility":69,"ID":9}],[],[{"utility":76,"ID":2},{"utility":96,"ID":13}],[{"utility":0,"ID":19}],[],[],[],[]],"STARTING COALITION: ":[[null],[],[{"utility":91,"ID":7},{"utility":57,"ID":16}],[{"utility":41.5,"ID":3},{"utility":43,"ID":8},{"utility":9.5,"ID":13}],[{"utility":30,"ID":5},{"utility":54.5,"ID":6},{"utility":71.5,"ID":14}],[{"utility":42.666666666666664,"ID":2},{"utility":42.333333333333336,"ID":11},{"utility":27,"ID":12},{"utility":31,"ID":19}],[{"utility":0,"ID":10}],[{"utility":0,"ID":18}],[{"utility":49.5,"ID":1},{"utility":83,"ID":15},{"utility":49,"ID":17}],[{"utility":0,"ID":20}],[{"utility":56,"ID":4},{"utility":0,"ID":9}],[],[],[],[],[],[],[],[],[],[]],"CORE :":false,"Relazioni :":340,"Time : ":0.2,"LAST PARTITION":{"11":12,"12":5,"13":15,"14":4,"15":8,"16":2,"17":8,"18":7,"19":16,"1":11,"2":15,"3":13,"4":1,"5":3,"6":1,"7":2,"8":10,"9":13,"20":9,"10":6}},{"Modalità dinamica :":false,"Q : ":5,"STARTING PARTITION: ":{"11":5,"12":5,"13":3,"14":4,"15":8,"16":2,"17":8,"18":7,"19":5,"1":8,"2":5,"3":3,"4":10,"5":4,"6":4,"7":2,"8":3,"9":10,"20":9,"10":6},"LAST COALITION":[[],[{"utility":0,"ID":5}],[{"utility":91,"ID":7},{"utility":57,"ID":16}],[{"utility":0,"ID":11}],[{"utility":0,"ID":14}],[{"utility":0,"ID":12}],[{"utility":0,"ID":10}],[{"utility":0,"ID":18}],[{"utility":97,"ID":15},{"utility":74,"ID":17}],[{"utility":0,"ID":20}],[{"utility":0,"ID":19}],[{"utility":91,"ID":1},{"utility":52,"ID":6}],[],[{"utility":96,"ID":3},{"utility":69,"ID":9}],[{"utility":55,"ID":2},{"utility":53,"ID":4}],[{"utility":0,"ID":8}],[{"utility":0,"ID":13}],[],[],[],[]],"STARTING COALITION: ":[[null],[],[{"utility":91,"ID":7},{"utility":57,"ID":16}],[{"utility":41.5,"ID":3},{"utility":43,"ID":8},{"utility":9.5,"ID":13}],[{"utility":30,"ID":5},{"utility":54.5,"ID":6},{"utility":71.5,"ID":14}],[{"utility":42.666666666666664,"ID":2},{"utility":42.333333333333336,"ID":11},{"utility":27,"ID":12},{"utility":31,"ID":19}],[{"utility":0,"ID":10}],[{"utility":0,"ID":18}],[{"utility":49.5,"ID":1},{"utility":83,"ID":15},{"utility":49,"ID":17}],[{"utility":0,"ID":20}],[{"utility":56,"ID":4},{"utility":0,"ID":9}],[],[],[],[],[],[],[],[],[],[]],"CORE :":false,"Relazioni :":340,"Time : ":0.1,"LAST PARTITION":{"11":3,"12":5,"13":16,"14":4,"15":8,"16":2,"17":8,"18":7,"19":10,"1":11,"2":14,"3":13,"4":14,"5":1,"6":11,"7":2,"8":15,"9":13,"20":9,"10":6}},{"Modalità dinamica :":false,"Q : ":5,"STARTING PARTITION: ":{"11":5,"12":5,"13":3,"14":4,"15":8,"16":2,"17":8,"18":7,"19":5,"1":8,"2":5,"3":3,"4":10,"5":4,"6":4,"7":2,"8":3,"9":10,"20":9,"10":6},"LAST COALITION":[[],[{"utility":89,"ID":4},{"utility":72,"ID":6}],[{"utility":91,"ID":7},{"utility":57,"ID":16}],[{"utility":0,"ID":11}],[{"utility":0,"ID":14}],[{"utility":0,"ID":12}],[{"utility":0,"ID":10}],[{"utility":0,"ID":18}],[{"utility":97,"ID":15},{"utility":74,"ID":17}],[{"utility":0,"ID":20}],[],[{"utility":78,"ID":1},{"utility":63,"ID":5}],[{"utility":0,"ID":19}],[{"utility":96,"ID":3},{"utility":69,"ID":9}],[{"utility":0,"ID":2}],[{"utility":0,"ID":8}],[{"utility":0,"ID":13}],[],[],[],[]],"STARTING COALITION: ":[[null],[],[{"utility":91,"ID":7},{"utility":57,"ID":16}],[{"utility":41.5,"ID":3},{"utility":43,"ID":8},{"utility":9.5,"ID":13}],[{"utility":30,"ID":5},{"utility":54.5,"ID":6},{"utility":71.5,"ID":14}],[{"utility":42.666666666666664,"ID":2},{"utility":42.333333333333336,"ID":11},{"utility":27,"ID":12},{"utility":31,"ID":19}],[{"utility":0,"ID":10}],[{"utility":0,"ID":18}],[{"utility":49.5,"ID":1},{"utility":83,"ID":15},{"utility":49,"ID":17}],[{"utility":0,"ID":20}],[{"utility":56,"ID":4},{"utility":0,"ID":9}],[],[],[],[],[],[],[],[],[],[]],"CORE :":false,"Relazioni :":340,"Time : ":0.2,"LAST PARTITION":{"11":3,"12":5,"13":16,"14":4,"15":8,"16":2,"17":8,"18":7,"19":12,"1":11,"2":14,"3":13,"4":1,"5":11,"6":1,"7":2,"8":15,"9":13,"20":9,"10":6}},{"Modalità dinamica :":false,"Q : ":6,"STARTING PARTITION: ":{"11":5,"12":5,"13":3,"14":4,"15":8,"16":2,"17":8,"18":7,"19":5,"1":8,"2":5,"3":3,"4":10,"5":4,"6":4,"7":2,"8":3,"9":10,"20":9,"10":6},"LAST COALITION":[[],[{"utility":89,"ID":4},{"utility":72,"ID":6}],[{"utility":91,"ID":7},{"utility":57,"ID":16}],[],[{"utility":0,"ID":14}],[{"utility":0,"ID":12}],[{"utility":0,"ID":10}],[{"utility":0,"ID":18}],[{"utility":97,"ID":15},{"utility":74,"ID":17}],[{"utility":0,"ID":20}],[{"utility":0,"ID":8}],[{"utility":78,"ID":1},{"utility":63,"ID":5}],[{"utility":0,"ID":11}],[{"utility":96,"ID":3},{"utility":69,"ID":9}],[{"utility":0,"ID":2}],[{"utility":0,"ID":13}],[{"utility":0,"ID":19}],[],[],[],[]],"STARTING COALITION: ":[[null],[],[{"utility":91,"ID":7},{"utility":57,"ID":16}],[{"utility":41.5,"ID":3},{"utility":43,"ID":8},{"utility":9.5,"ID":13}],[{"utility":30,"ID":5},{"utility":54.5,"ID":6},{"utility":71.5,"ID":14}],[{"utility":42.666666666666664,"ID":2},{"utility":42.333333333333336,"ID":11},{"utility":27,"ID":12},{"utility":31,"ID":19}],[{"utility":0,"ID":10}],[{"utility":0,"ID":18}],[{"utility":49.5,"ID":1},{"utility":83,"ID":15},{"utility":49,"ID":17}],[{"utility":0,"ID":20}],[{"utility":56,"ID":4},{"utility":0,"ID":9}],[],[],[],[],[],[],[],[],[],[]],"CORE :":false,"Relazioni :":340,"Time : ":0.1,"LAST PARTITION":{"11":12,"12":5,"13":15,"14":4,"15":8,"16":2,"17":8,"18":7,"19":16,"1":11,"2":14,"3":13,"4":1,"5":11,"6":1,"7":2,"8":10,"9":13,"20":9,"10":6}},{"Modalità dinamica :":false,"Q : ":6,"STARTING PARTITION: ":{"11":5,"12":5,"13":3,"14":4,"15":8,"16":2,"17":8,"18":7,"19":5,"1":8,"2":5,"3":3,"4":10,"5":4,"6":4,"7":2,"8":3,"9":10,"20":9,"10":6},"LAST COALITION":[[],[],[{"utility":91,"ID":7},{"utility":57,"ID":16}],[{"utility":0,"ID":19}],[{"utility":0,"ID":14}],[{"utility":0,"ID":12}],[{"utility":0,"ID":10}],[{"utility":0,"ID":18}],[{"utility":97,"ID":15},{"utility":74,"ID":17}],[{"utility":0,"ID":20}],[{"utility":0,"ID":11}],[{"utility":91,"ID":1},{"utility":52,"ID":6}],[{"utility":76,"ID":2},{"utility":96,"ID":13}],[{"utility":96,"ID":3},{"utility":69,"ID":9}],[],[{"utility":70,"ID":4},{"utility":69,"ID":5}],[{"utility":0,"ID":8}],[],[],[],[]],"STARTING COALITION: ":[[null],[],[{"utility":91,"ID":7},{"utility":57,"ID":16}],[{"utility":41.5,"ID":3},{"utility":43,"ID":8},{"utility":9.5,"ID":13}],[{"utility":30,"ID":5},{"utility":54.5,"ID":6},{"utility":71.5,"ID":14}],[{"utility":42.666666666666664,"ID":2},{"utility":42.333333333333336,"ID":11},{"utility":27,"ID":12},{"utility":31,"ID":19}],[{"utility":0,"ID":10}],[{"utility":0,"ID":18}],[{"utility":49.5,"ID":1},{"utility":83,"ID":15},{"utility":49,"ID":17}],[{"utility":0,"ID":20}],[{"utility":56,"ID":4},{"utility":0,"ID":9}],[],[],[],[],[],[],[],[],[],[]],"CORE :":false,"Relazioni :":340,"Time : ":0.2,"LAST PARTITION":{"11":10,"12":5,"13":12,"14":4,"15":8,"16":2,"17":8,"18":7,"19":3,"1":11,"2":12,"3":13,"4":15,"5":15,"6":11,"7":2,"8":16,"9":13,"20":9,"10":6}},{"Modalità dinamica :":false,"Q : ":7,"STARTING PARTITION: ":{"11":5,"12":5,"13":3,"14":4,"15":8,"16":2,"17":8,"18":7,"19":5,"1":8,"2":5,"3":3,"4":10,"5":4,"6":4,"7":2,"8":3,"9":10,"20":9,"10":6},"LAST COALITION":[[],[{"utility":0,"ID":5}],[{"utility":91,"ID":7},{"utility":57,"ID":16}],[{"utility":61,"ID":2},{"utility":82,"ID":11}],[{"utility":0,"ID":14}],[{"utility":0,"ID":12}],[{"utility":0,"ID":10}],[{"utility":0,"ID":18}],[{"utility":97,"ID":15},{"utility":74,"ID":17}],[{"utility":0,"ID":20}],[{"utility":0,"ID":13}],[{"utility":91,"ID":1},{"utility":52,"ID":6}],[{"utility":0,"ID":19}],[{"utility":96,"ID":3},{"utility":69,"ID":9}],[{"utility":0,"ID":4}],[{"utility":0,"ID":8}],[],[],[],[],[]],"STARTING COALITION: ":[[null],[],[{"utility":91,"ID":7},{"utility":57,"ID":16}],[{"utility":41.5,"ID":3},{"utility":43,"ID":8},{"utility":9.5,"ID":13}],[{"utility":30,"ID":5},{"utility":54.5,"ID":6},{"utility":71.5,"ID":14}],[{"utility":42.666666666666664,"ID":2},{"utility":42.333333333333336,"ID":11},{"utility":27,"ID":12},{"utility":31,"ID":19}],[{"utility":0,"ID":10}],[{"utility":0,"ID":18}],[{"utility":49.5,"ID":1},{"utility":83,"ID":15},{"utility":49,"ID":17}],[{"utility":0,"ID":20}],[{"utility":56,"ID":4},{"utility":0,"ID":9}],[],[],[],[],[],[],[],[],[],[]],"CORE :":false,"Relazioni :":340,"Time : ":0.1,"LAST PARTITION":{"11":3,"12":5,"13":10,"14":4,"15":8,"16":2,"17":8,"18":7,"19":12,"1":11,"2":3,"3":13,"4":14,"5":1,"6":11,"7":2,"8":15,"9":13,"20":9,"10":6}},{"Modalità dinamica :":false,"Q : ":7,"STARTING PARTITION: ":{"11":5,"12":5,"13":3,"14":4,"15":8,"16":2,"17":8,"18":7,"19":5,"1":8,"2":5,"3":3,"4":10,"5":4,"6":4,"7":2,"8":3,"9":10,"20":9,"10":6},"LAST COALITION":[[],[{"utility":91,"ID":1},{"utility":52,"ID":6}],[{"utility":91,"ID":7},{"utility":57,"ID":16}],[{"utility":0,"ID":19}],[{"utility":0,"ID":14}],[{"utility":0,"ID":12}],[{"utility":0,"ID":10}],[{"utility":0,"ID":18}],[{"utility":97,"ID":15},{"utility":74,"ID":17}],[{"utility":0,"ID":20}],[{"utility":0,"ID":11}],[],[{"utility":76,"ID":2},{"utility":96,"ID":13}],[{"utility":96,"ID":3},{"utility":69,"ID":9}],[],[{"utility":70,"ID":4},{"utility":69,"ID":5}],[{"utility":0,"ID":8}],[],[],[],[]],"STARTING COALITION: ":[[null],[],[{"utility":91,"ID":7},{"utility":57,"ID":16}],[{"utility":41.5,"ID":3},{"utility":43,"ID":8},{"utility":9.5,"ID":13}],[{"utility":30,"ID":5},{"utility":54.5,"ID":6},{"utility":71.5,"ID":14}],[{"utility":42.666666666666664,"ID":2},{"utility":42.333333333333336,"ID":11},{"utility":27,"ID":12},{"utility":31,"ID":19}],[{"utility":0,"ID":10}],[{"utility":0,"ID":18}],[{"utility":49.5,"ID":1},{"utility":83,"ID":15},{"utility":49,"ID":17}],[{"utility":0,"ID":20}],[{"utility":56,"ID":4},{"utility":0,"ID":9}],[],[],[],[],[],[],[],[],[],[]],"CORE :":false,"Relazioni :":340,"Time : ":0.2,"LAST PARTITION":{"11":10,"12":5,"13":12,"14":4,"15":8,"16":2,"17":8,"18":7,"19":3,"1":1,"2":12,"3":13,"4":15,"5":15,"6":1,"7":2,"8":16,"9":13,"20":9,"10":6}},{"Modalità dinamica :":false,"Q : ":8,"STARTING PARTITION: ":{"11":5,"12":5,"13":3,"14":4,"15":8,"16":2,"17":8,"18":7,"19":5,"1":8,"2":5,"3":3,"4":10,"5":4,"6":4,"7":2,"8":3,"9":10,"20":9,"10":6},"LAST COALITION":[[],[{"utility":0,"ID":5}],[{"utility":91,"ID":7},{"utility":57,"ID":16}],[{"utility":0,"ID":19}],[{"utility":0,"ID":14}],[{"utility":0,"ID":12}],[{"utility":0,"ID":10}],[{"utility":0,"ID":18}],[{"utility":97,"ID":15},{"utility":74,"ID":17}],[{"utility":0,"ID":20}],[],[{"utility":91,"ID":1},{"utility":52,"ID":6}],[{"utility":0,"ID":11}],[{"utility":96,"ID":3},{"utility":69,"ID":9}],[{"utility":0,"ID":4}],[{"utility":0,"ID":13}],[{"utility":59,"ID":2},{"utility":62,"ID":8}],[],[],[],[]],"STARTING COALITION: ":[[null],[],[{"utility":91,"ID":7},{"utility":57,"ID":16}],[{"utility":41.5,"ID":3},{"utility":43,"ID":8},{"utility":9.5,"ID":13}],[{"utility":30,"ID":5},{"utility":54.5,"ID":6},{"utility":71.5,"ID":14}],[{"utility":42.666666666666664,"ID":2},{"utility":42.333333333333336,"ID":11},{"utility":27,"ID":12},{"utility":31,"ID":19}],[{"utility":0,"ID":10}],[{"utility":0,"ID":18}],[{"utility":49.5,"ID":1},{"utility":83,"ID":15},{"utility":49,"ID":17}],[{"utility":0,"ID":20}],[{"utility":56,"ID":4},{"utility":0,"ID":9}],[],[],[],[],[],[],[],[],[],[]],"CORE :":false,"Relazioni :":340,"Time : ":0.1,"LAST PARTITION":{"11":12,"12":5,"13":15,"14":4,"15":8,"16":2,"17":8,"18":7,"19":3,"1":11,"2":16,"3":13,"4":14,"5":1,"6":11,"7":2,"8":16,"9":13,"20":9,"10":6}},{"Modalità dinamica :":false,"Q : ":8,"STARTING PARTITION: ":{"11":5,"12":5,"13":3,"14":4,"15":8,"16":2,"17":8,"18":7,"19":5,"1":8,"2":5,"3":3,"4":10,"5":4,"6":4,"7":2,"8":3,"9":10,"20":9,"10":6},"LAST COALITION":[[],[{"utility":0,"ID":5}],[{"utility":91,"ID":7},{"utility":57,"ID":16}],[{"utility":0,"ID":19}],[{"utility":0,"ID":14}],[{"utility":0,"ID":12}],[{"utility":0,"ID":10}],[{"utility":0,"ID":18}],[{"utility":97,"ID":15},{"utility":74,"ID":17}],[{"utility":0,"ID":20}],[{"utility":61,"ID":2},{"utility":82,"ID":11}],[{"utility":91,"ID":1},{"utility":52,"ID":6}],[],[{"utility":96,"ID":3},{"utility":69,"ID":9}],[{"utility":0,"ID":4}],[{"utility":0,"ID":13}],[{"utility":0,"ID":8}],[],[],[],[]],"STARTING COALITION: ":[[null],[],[{"utility":91,"ID":7},{"utility":57,"ID":16}],[{"utility":41.5,"ID":3},{"utility":43,"ID":8},{"utility":9.5,"ID":13}],[{"utility":30,"ID":5},{"utility":54.5,"ID":6},{"utility":71.5,"ID":14}],[{"utility":42.666666666666664,"ID":2},{"utility":42.333333333333336,"ID":11},{"utility":27,"ID":12},{"utility":31,"ID":19}],[{"utility":0,"ID":10}],[{"utility":0,"ID":18}],[{"utility":49.5,"ID":1},{"utility":83,"ID":15},{"utility":49,"ID":17}],[{"utility":0,"ID":20}],[{"utility":56,"ID":4},{"utility":0,"ID":9}],[],[],[],[],[],[],[],[],[],[]],"CORE :":false,"Relazioni :":340,"Time : ":0.2,"LAST PARTITION":{"11":10,"12":5,"13":15,"14":4,"15":8,"16":2,"17":8,"18":7,"19":3,"1":11,"2":10,"3":13,"4":14,"5":1,"6":11,"7":2,"8":16,"9":13,"20":9,"10":6}},{"Modalità dinamica :":false,"Q : ":9,"STARTING PARTITION: ":{"11":5,"12":5,"13":3,"14":4,"15":8,"16":2,"17":8,"18":7,"19":5,"1":8,"2":5,"3":3,"4":10,"5":4,"6":4,"7":2,"8":3,"9":10,"20":9,"10":6},"LAST COALITION":[[],[{"utility":0,"ID":5}],[{"utility":91,"ID":7},{"utility":57,"ID":16}],[],[{"utility":0,"ID":14}],[{"utility":0,"ID":12}],[{"utility":0,"ID":10}],[{"utility":0,"ID":18}],[{"utility":97,"ID":15},{"utility":74,"ID":17}],[{"utility":0,"ID":20}],[{"utility":0,"ID":11}],[{"utility":91,"ID":1},{"utility":52,"ID":6}],[{"utility":0,"ID":13}],[{"utility":96,"ID":3},{"utility":69,"ID":9}],[{"utility":55,"ID":2},{"utility":53,"ID":4}],[{"utility":0,"ID":19}],[{"utility":0,"ID":8}],[],[],[],[]],"STARTING COALITION: ":[[null],[],[{"utility":91,"ID":7},{"utility":57,"ID":16}],[{"utility":41.5,"ID":3},{"utility":43,"ID":8},{"utility":9.5,"ID":13}],[{"utility":30,"ID":5},{"utility":54.5,"ID":6},{"utility":71.5,"ID":14}],[{"utility":42.666666666666664,"ID":2},{"utility":42.333333333333336,"ID":11},{"utility":27,"ID":12},{"utility":31,"ID":19}],[{"utility":0,"ID":10}],[{"utility":0,"ID":18}],[{"utility":49.5,"ID":1},{"utility":83,"ID":15},{"utility":49,"ID":17}],[{"utility":0,"ID":20}],[{"utility":56,"ID":4},{"utility":0,"ID":9}],[],[],[],[],[],[],[],[],[],[]],"CORE :":false,"Relazioni :":340,"Time : ":0.1,"LAST PARTITION":{"11":10,"12":5,"13":12,"14":4,"15":8,"16":2,"17":8,"18":7,"19":15,"1":11,"2":14,"3":13,"4":14,"5":1,"6":11,"7":2,"8":16,"9":13,"20":9,"10":6}},{"Modalità dinamica :":false,"Q : ":9,"STARTING PARTITION: ":{"11":5,"12":5,"13":3,"14":4,"15":8,"16":2,"17":8,"18":7,"19":5,"1":8,"2":5,"3":3,"4":10,"5":4,"6":4,"7":2,"8":3,"9":10,"20":9,"10":6},"LAST COALITION":[[],[{"utility":0,"ID":4}],[{"utility":91,"ID":7},{"utility":57,"ID":16}],[{"utility":0,"ID":13}],[{"utility":0,"ID":14}],[{"utility":0,"ID":12}],[{"utility":0,"ID":10}],[{"utility":0,"ID":18}],[{"utility":97,"ID":15},{"utility":74,"ID":17}],[{"utility":0,"ID":20}],[{"utility":41,"ID":2},{"utility":84,"ID":6}],[{"utility":0,"ID":5}],[{"utility":0,"ID":8}],[{"utility":96,"ID":3},{"utility":69,"ID":9}],[],[{"utility":0,"ID":11}],[{"utility":84,"ID":1},{"utility":75,"ID":19}],[],[],[],[]],"STARTING COALITION: ":[[null],[],[{"utility":91,"ID":7},{"utility":57,"ID":16}],[{"utility":41.5,"ID":3},{"utility":43,"ID":8},{"utility":9.5,"ID":13}],[{"utility":30,"ID":5},{"utility":54.5,"ID":6},{"utility":71.5,"ID":14}],[{"utility":42.666666666666664,"ID":2},{"utility":42.333333333333336,"ID":11},{"utility":27,"ID":12},{"utility":31,"ID":19}],[{"utility":0,"ID":10}],[{"utility":0,"ID":18}],[{"utility":49.5,"ID":1},{"utility":83,"ID":15},{"utility":49,"ID":17}],[{"utility":0,"ID":20}],[{"utility":56,"ID":4},{"utility":0,"ID":9}],[],[],[],[],[],[],[],[],[],[]],"CORE :":false,"Relazioni :":340,"Time : ":0.2,"LAST PARTITION":{"11":15,"12":5,"13":3,"14":4,"15":8,"16":2,"17":8,"18":7,"19":16,"1":16,"2":10,"3":13,"4":1,"5":11,"6":10,"7":2,"8":12,"9":13,"20":9,"10":6}},{"Modalità dinamica :":false,"Q : ":10,"STARTING PARTITION: ":{"11":5,"12":5,"13":3,"14":4,"15":8,"16":2,"17":8,"18":7,"19":5,"1":8,"2":5,"3":3,"4":10,"5":4,"6":4,"7":2,"8":3,"9":10,"20":9,"10":6},"LAST COALITION":[[],[{"utility":89,"ID":4},{"utility":72,"ID":6}],[{"utility":91,"ID":7},{"utility":57,"ID":16}],[{"utility":0,"ID":5}],[{"utility":0,"ID":14}],[{"utility":0,"ID":12}],[{"utility":0,"ID":10}],[{"utility":0,"ID":18}],[{"utility":97,"ID":15},{"utility":74,"ID":17}],[{"utility":0,"ID":20}],[{"utility":0,"ID":8}],[],[{"utility":0,"ID":11}],[{"utility":96,"ID":3},{"utility":69,"ID":9}],[{"utility":46,"ID":1},{"utility":77,"ID":2}],[{"utility":0,"ID":13}],[{"utility":0,"ID":19}],[],[],[],[]],"STARTING COALITION: ":[[null],[],[{"utility":91,"ID":7},{"utility":57,"ID":16}],[{"utility":41.5,"ID":3},{"utility":43,"ID":8},{"utility":9.5,"ID":13}],[{"utility":30,"ID":5},{"utility":54.5,"ID":6},{"utility":71.5,"ID":14}],[{"utility":42.666666666666664,"ID":2},{"utility":42.333333333333336,"ID":11},{"utility":27,"ID":12},{"utility":31,"ID":19}],[{"utility":0,"ID":10}],[{"utility":0,"ID":18}],[{"utility":49.5,"ID":1},{"utility":83,"ID":15},{"utility":49,"ID":17}],[{"utility":0,"ID":20}],[{"utility":56,"ID":4},{"utility":0,"ID":9}],[],[],[],[],[],[],[],[],[],[]],"CORE :":false,"Relazioni :":340,"Time : ":0.1,"LAST PARTITION":{"11":12,"12":5,"13":15,"14":4,"15":8,"16":2,"17":8,"18":7,"19":16,"1":14,"2":14,"3":13,"4":1,"5":3,"6":1,"7":2,"8":10,"9":13,"20":9,"10":6}},{"Modalità dinamica :":false,"Q : ":10,"STARTING PARTITION: ":{"11":5,"12":5,"13":3,"14":4,"15":8,"16":2,"17":8,"18":7,"19":5,"1":8,"2":5,"3":3,"4":10,"5":4,"6":4,"7":2,"8":3,"9":10,"20":9,"10":6},"LAST COALITION":[[],[{"utility":0,"ID":5}],[{"utility":91,"ID":7},{"utility":57,"ID":16}],[{"utility":0,"ID":11}],[{"utility":0,"ID":14}],[{"utility":0,"ID":12}],[{"utility":0,"ID":10}],[{"utility":0,"ID":18}],[{"utility":97,"ID":15},{"utility":74,"ID":17}],[{"utility":0,"ID":20}],[{"utility":0,"ID":19}],[{"utility":91,"ID":1},{"utility":52,"ID":6}],[{"utility":59,"ID":2},{"utility":62,"ID":8}],[{"utility":96,"ID":3},{"utility":69,"ID":9}],[{"utility":0,"ID":4}],[],[{"utility":0,"ID":13}],[],[],[],[]],"STARTING COALITION: ":[[null],[],[{"utility":91,"ID":7},{"utility":57,"ID":16}],[{"utility":41.5,"ID":3},{"utility":43,"ID":8},{"utility":9.5,"ID":13}],[{"utility":30,"ID":5},{"utility":54.5,"ID":6},{"utility":71.5,"ID":14}],[{"utility":42.666666666666664,"ID":2},{"utility":42.333333333333336,"ID":11},{"utility":27,"ID":12},{"utility":31,"ID":19}],[{"utility":0,"ID":10}],[{"utility":0,"ID":18}],[{"utility":49.5,"ID":1},{"utility":83,"ID":15},{"utility":49,"ID":17}],[{"utility":0,"ID":20}],[{"utility":56,"ID":4},{"utility":0,"ID":9}],[],[],[],[],[],[],[],[],[],[]],"CORE :":false,"Relazioni :":340,"Time : ":0.2,"LAST PARTITION":{"11":3,"12":5,"13":16,"14":4,"15":8,"16":2,"17":8,"18":7,"19":10,"1":11,"2":12,"3":13,"4":14,"5":1,"6":11,"7":2,"8":12,"9":13,"20":9,"10":6}},{"Modalità dinamica :":true,"Q : ":2,"STARTING PARTITION: ":{"11":5,"12":5,"13":3,"14":4,"15":8,"16":2,"17":8,"18":7,"19":5,"1":8,"2":5,"3":3,"4":10,"5":4,"6":4,"7":2,"8":3,"9":10,"20":9,"10":6},"LAST COALITION":[[],[{"utility":0,"ID":18}],[{"utility":70,"ID":8},{"utility":90,"ID":17}],[{"utility":84,"ID":1},{"utility":75,"ID":19}],[{"utility":59,"ID":2},{"utility":80,"ID":15}],[],[{"utility":70,"ID":16},{"utility":69,"ID":20}],[{"utility":92,"ID":12},{"utility":63,"ID":13}],[{"utility":0,"ID":5}],[{"utility":0,"ID":3}],[{"utility":95,"ID":6},{"utility":72,"ID":11}],[{"utility":74,"ID":4},{"utility":78,"ID":10}],[{"utility":7,"ID":7},{"utility":97,"ID":9}],[{"utility":0,"ID":14}],[],[],[],[],[],[],[]],"STARTING COALITION: ":[[null],[],[{"utility":91,"ID":7},{"utility":57,"ID":16}],[{"utility":41.5,"ID":3},{"utility":43,"ID":8},{"utility":9.5,"ID":13}],[{"utility":30,"ID":5},{"utility":54.5,"ID":6},{"utility":71.5,"ID":14}],[{"utility":42.666666666666664,"ID":2},{"utility":42.333333333333336,"ID":11},{"utility":27,"ID":12},{"utility":31,"ID":19}],[{"utility":0,"ID":10}],[{"utility":0,"ID":18}],[{"utility":49.5,"ID":1},{"utility":83,"ID":15},{"utility":49,"ID":17}],[{"utility":0,"ID":20}],[{"utility":56,"ID":4},{"utility":0,"ID":9}],[],[],[],[],[],[],[],[],[],[]],"CORE :":false,"Relazioni :":340,"Time : ":0.1,"LAST PARTITION":{"11":10,"12":7,"13":7,"14":13,"15":4,"16":6,"17":2,"18":1,"19":3,"1":3,"2":4,"3":9,"4":11,"5":8,"6":10,"7":12,"8":2,"9":12,"20":6,"10":11}},{"Modalità dinamica :":true,"Q : ":2,"STARTING PARTITION: ":{"11":5,"12":5,"13":3,"14":4,"15":8,"16":2,"17":8,"18":7,"19":5,"1":8,"2":5,"3":3,"4":10,"5":4,"6":4,"7":2,"8":3,"9":10,"20":9,"10":6},"LAST COALITION":[[],[{"utility":0,"ID":7}],[{"utility":0,"ID":16}],[{"utility":0,"ID":13}],[{"utility":95,"ID":6},{"utility":72,"ID":11}],[{"utility":82,"ID":9},{"utility":84,"ID":18}],[{"utility":0,"ID":5}],[{"utility":43,"ID":4},{"utility":91,"ID":19}],[{"utility":97,"ID":15},{"utility":74,"ID":17}],[{"utility":0,"ID":10}],[{"utility":92,"ID":3},{"utility":72,"ID":12}],[{"utility":46,"ID":1},{"utility":77,"ID":2}],[{"utility":7,"ID":14},{"utility":83,"ID":20}],[],[{"utility":0,"ID":8}],[],[],[],[],[],[]],"STARTING COALITION: ":[[null],[],[{"utility":91,"ID":7},{"utility":57,"ID":16}],[{"utility":41.5,"ID":3},{"utility":43,"ID":8},{"utility":9.5,"ID":13}],[{"utility":30,"ID":5},{"utility":54.5,"ID":6},{"utility":71.5,"ID":14}],[{"utility":42.666666666666664,"ID":2},{"utility":42.333333333333336,"ID":11},{"utility":27,"ID":12},{"utility":31,"ID":19}],[{"utility":0,"ID":10}],[{"utility":0,"ID":18}],[{"utility":49.5,"ID":1},{"utility":83,"ID":15},{"utility":49,"ID":17}],[{"utility":0,"ID":20}],[{"utility":56,"ID":4},{"utility":0,"ID":9}],[],[],[],[],[],[],[],[],[],[]],"CORE :":false,"Relazioni :":340,"Time : ":0.2,"LAST PARTITION":{"11":4,"12":10,"13":3,"14":12,"15":8,"16":2,"17":8,"18":5,"19":7,"1":11,"2":11,"3":10,"4":7,"5":6,"6":4,"7":1,"8":14,"9":5,"20":12,"10":9}},{"Modalità dinamica :":true,"Q : ":3,"STARTING PARTITION: ":{"11":5,"12":5,"13":3,"14":4,"15":8,"16":2,"17":8,"18":7,"19":5,"1":8,"2":5,"3":3,"4":10,"5":4,"6":4,"7":2,"8":3,"9":10,"20":9,"10":6},"LAST COALITION":[[],[{"utility":82,"ID":4},{"utility":79,"ID":18}],[{"utility":0,"ID":20}],[{"utility":70,"ID":1},{"utility":26.5,"ID":14},{"utility":79,"ID":19}],[{"utility":97,"ID":15},{"utility":74,"ID":17}],[{"utility":99,"ID":8},{"utility":39,"ID":10}],[{"utility":92,"ID":12},{"utility":63,"ID":13}],[{"utility":85,"ID":2},{"utility":86,"ID":7}],[],[],[{"utility":77,"ID":5},{"utility":94,"ID":9}],[{"utility":95,"ID":6},{"utility":72,"ID":11}],[],[{"utility":55,"ID":3},{"utility":95,"ID":16}],[],[],[],[],[],[],[]],"STARTING COALITION: ":[[null],[],[{"utility":91,"ID":7},{"utility":57,"ID":16}],[{"utility":41.5,"ID":3},{"utility":43,"ID":8},{"utility":9.5,"ID":13}],[{"utility":30,"ID":5},{"utility":54.5,"ID":6},{"utility":71.5,"ID":14}],[{"utility":42.666666666666664,"ID":2},{"utility":42.333333333333336,"ID":11},{"utility":27,"ID":12},{"utility":31,"ID":19}],[{"utility":0,"ID":10}],[{"utility":0,"ID":18}],[{"utility":49.5,"ID":1},{"utility":83,"ID":15},{"utility":49,"ID":17}],[{"utility":0,"ID":20}],[{"utility":56,"ID":4},{"utility":0,"ID":9}],[],[],[],[],[],[],[],[],[],[]],"CORE :":true,"Relazioni :":340,"Time : ":0.1,"LAST PARTITION":{"11":11,"12":6,"13":6,"14":3,"15":4,"16":13,"17":4,"18":1,"19":3,"1":3,"2":7,"3":13,"4":1,"5":10,"6":11,"7":7,"8":5,"9":10,"20":2,"10":5}},{"Modalità dinamica :":true,"Q : ":3,"STARTING PARTITION: ":{"11":5,"12":5,"13":3,"14":4,"15":8,"16":2,"17":8,"18":7,"19":5,"1":8,"2":5,"3":3,"4":10,"5":4,"6":4,"7":2,"8":3,"9":10,"20":9,"10":6},"LAST COALITION":[[],[{"utility":97,"ID":15},{"utility":74,"ID":17}],[{"utility":99,"ID":8},{"utility":39,"ID":10}],[{"utility":55,"ID":3},{"utility":95,"ID":16}],[],[{"utility":85,"ID":2},{"utility":86,"ID":7}],[{"utility":70,"ID":1},{"utility":26.5,"ID":14},{"utility":79,"ID":19}],[{"utility":77,"ID":5},{"utility":94,"ID":9}],[{"utility":95,"ID":6},{"utility":72,"ID":11}],[],[],[{"utility":82,"ID":4},{"utility":79,"ID":18}],[{"utility":0,"ID":20}],[{"utility":92,"ID":12},{"utility":63,"ID":13}],[],[],[],[],[],[],[]],"STARTING COALITION: ":[[null],[],[{"utility":91,"ID":7},{"utility":57,"ID":16}],[{"utility":41.5,"ID":3},{"utility":43,"ID":8},{"utility":9.5,"ID":13}],[{"utility":30,"ID":5},{"utility":54.5,"ID":6},{"utility":71.5,"ID":14}],[{"utility":42.666666666666664,"ID":2},{"utility":42.333333333333336,"ID":11},{"utility":27,"ID":12},{"utility":31,"ID":19}],[{"utility":0,"ID":10}],[{"utility":0,"ID":18}],[{"utility":49.5,"ID":1},{"utility":83,"ID":15},{"utility":49,"ID":17}],[{"utility":0,"ID":20}],[{"utility":56,"ID":4},{"utility":0,"ID":9}],[],[],[],[],[],[],[],[],[],[]],"CORE :":true,"Relazioni :":340,"Time : ":0.2,"LAST PARTITION":{"11":8,"12":13,"13":13,"14":6,"15":1,"16":3,"17":1,"18":11,"19":6,"1":6,"2":5,"3":3,"4":11,"5":7,"6":8,"7":5,"8":2,"9":7,"20":12,"10":2}},{"Modalità dinamica :":true,"Q : ":4,"STARTING PARTITION: ":{"11":5,"12":5,"13":3,"14":4,"15":8,"16":2,"17":8,"18":7,"19":5,"1":8,"2":5,"3":3,"4":10,"5":4,"6":4,"7":2,"8":3,"9":10,"20":9,"10":6},"LAST COALITION":[[],[{"utility":76,"ID":2},{"utility":96,"ID":13}],[{"utility":95,"ID":6},{"utility":72,"ID":11}],[{"utility":77,"ID":5},{"utility":94,"ID":9}],[{"utility":15,"ID":7},{"utility":81,"ID":15}],[{"utility":0,"ID":20}],[],[{"utility":91,"ID":12},{"utility":96,"ID":18}],[{"utility":55,"ID":3},{"utility":95,"ID":16}],[{"utility":70,"ID":8},{"utility":90,"ID":17}],[{"utility":74,"ID":4},{"utility":78,"ID":10}],[{"utility":84,"ID":1},{"utility":75,"ID":19}],[{"utility":0,"ID":14}],[],[],[],[],[],[],[],[]],"STARTING COALITION: ":[[null],[],[{"utility":91,"ID":7},{"utility":57,"ID":16}],[{"utility":41.5,"ID":3},{"utility":43,"ID":8},{"utility":9.5,"ID":13}],[{"utility":30,"ID":5},{"utility":54.5,"ID":6},{"utility":71.5,"ID":14}],[{"utility":42.666666666666664,"ID":2},{"utility":42.333333333333336,"ID":11},{"utility":27,"ID":12},{"utility":31,"ID":19}],[{"utility":0,"ID":10}],[{"utility":0,"ID":18}],[{"utility":49.5,"ID":1},{"utility":83,"ID":15},{"utility":49,"ID":17}],[{"utility":0,"ID":20}],[{"utility":56,"ID":4},{"utility":0,"ID":9}],[],[],[],[],[],[],[],[],[],[]],"CORE :":true,"Relazioni :":340,"Time : ":0.1,"LAST PARTITION":{"11":2,"12":7,"13":1,"14":12,"15":4,"16":8,"17":9,"18":7,"19":11,"1":11,"2":1,"3":8,"4":10,"5":3,"6":2,"7":4,"8":9,"9":3,"20":5,"10":10}},{"Modalità dinamica :":true,"Q : ":4,"STARTING PARTITION: ":{"11":5,"12":5,"13":3,"14":4,"15":8,"16":2,"17":8,"18":7,"19":5,"1":8,"2":5,"3":3,"4":10,"5":4,"6":4,"7":2,"8":3,"9":10,"20":9,"10":6},"LAST COALITION":[[],[{"utility":85,"ID":2},{"utility":86,"ID":7}],[{"utility":82,"ID":4},{"utility":79,"ID":18}],[{"utility":97,"ID":15},{"utility":74,"ID":17}],[{"utility":70,"ID":1},{"utility":26.5,"ID":14},{"utility":79,"ID":19}],[{"utility":92,"ID":12},{"utility":63,"ID":13}],[{"utility":0,"ID":20}],[{"utility":77,"ID":5},{"utility":94,"ID":9}],[],[{"utility":99,"ID":8},{"utility":39,"ID":10}],[{"utility":95,"ID":6},{"utility":72,"ID":11}],[{"utility":55,"ID":3},{"utility":95,"ID":16}],[],[],[],[],[],[],[],[],[]],"STARTING COALITION: ":[[null],[],[{"utility":91,"ID":7},{"utility":57,"ID":16}],[{"utility":41.5,"ID":3},{"utility":43,"ID":8},{"utility":9.5,"ID":13}],[{"utility":30,"ID":5},{"utility":54.5,"ID":6},{"utility":71.5,"ID":14}],[{"utility":42.666666666666664,"ID":2},{"utility":42.333333333333336,"ID":11},{"utility":27,"ID":12},{"utility":31,"ID":19}],[{"utility":0,"ID":10}],[{"utility":0,"ID":18}],[{"utility":49.5,"ID":1},{"utility":83,"ID":15},{"utility":49,"ID":17}],[{"utility":0,"ID":20}],[{"utility":56,"ID":4},{"utility":0,"ID":9}],[],[],[],[],[],[],[],[],[],[]],"CORE :":true,"Relazioni :":340,"Time : ":0.2,"LAST PARTITION":{"11":10,"12":5,"13":5,"14":4,"15":3,"16":11,"17":3,"18":2,"19":4,"1":4,"2":1,"3":11,"4":2,"5":7,"6":10,"7":1,"8":9,"9":7,"20":6,"10":9}},{"Modalità dinamica :":true,"Q : ":5,"STARTING PARTITION: ":{"11":5,"12":5,"13":3,"14":4,"15":8,"16":2,"17":8,"18":7,"19":5,"1":8,"2":5,"3":3,"4":10,"5":4,"6":4,"7":2,"8":3,"9":10,"20":9,"10":6},"LAST COALITION":[[],[],[{"utility":85,"ID":2},{"utility":86,"ID":7}],[{"utility":70,"ID":1},{"utility":26.5,"ID":14},{"utility":79,"ID":19}],[{"utility":55,"ID":3},{"utility":95,"ID":16}],[{"utility":95,"ID":6},{"utility":72,"ID":11}],[],[{"utility":97,"ID":15},{"utility":74,"ID":17}],[{"utility":92,"ID":12},{"utility":63,"ID":13}],[{"utility":82,"ID":4},{"utility":79,"ID":18}],[{"utility":0,"ID":20}],[{"utility":99,"ID":8},{"utility":39,"ID":10}],[{"utility":77,"ID":5},{"utility":94,"ID":9}],[],[],[],[],[],[],[],[]],"STARTING COALITION: ":[[null],[],[{"utility":91,"ID":7},{"utility":57,"ID":16}],[{"utility":41.5,"ID":3},{"utility":43,"ID":8},{"utility":9.5,"ID":13}],[{"utility":30,"ID":5},{"utility":54.5,"ID":6},{"utility":71.5,"ID":14}],[{"utility":42.666666666666664,"ID":2},{"utility":42.333333333333336,"ID":11},{"utility":27,"ID":12},{"utility":31,"ID":19}],[{"utility":0,"ID":10}],[{"utility":0,"ID":18}],[{"utility":49.5,"ID":1},{"utility":83,"ID":15},{"utility":49,"ID":17}],[{"utility":0,"ID":20}],[{"utility":56,"ID":4},{"utility":0,"ID":9}],[],[],[],[],[],[],[],[],[],[]],"CORE :":true,"Relazioni :":340,"Time : ":0.1,"LAST PARTITION":{"11":5,"12":8,"13":8,"14":3,"15":7,"16":4,"17":7,"18":9,"19":3,"1":3,"2":2,"3":4,"4":9,"5":12,"6":5,"7":2,"8":11,"9":12,"20":10,"10":11}},{"Modalità dinamica :":true,"Q : ":5,"STARTING PARTITION: ":{"11":5,"12":5,"13":3,"14":4,"15":8,"16":2,"17":8,"18":7,"19":5,"1":8,"2":5,"3":3,"4":10,"5":4,"6":4,"7":2,"8":3,"9":10,"20":9,"10":6},"LAST COALITION":[[],[{"utility":77,"ID":5},{"utility":94,"ID":9}],[],[{"utility":92,"ID":12},{"utility":63,"ID":13}],[{"utility":82,"ID":4},{"utility":79,"ID":18}],[{"utility":85,"ID":2},{"utility":86,"ID":7}],[],[{"utility":55,"ID":3},{"utility":95,"ID":16}],[{"utility":97,"ID":15},{"utility":74,"ID":17}],[{"utility":95,"ID":6},{"utility":72,"ID":11}],[{"utility":70,"ID":1},{"utility":26.5,"ID":14},{"utility":79,"ID":19}],[],[{"utility":99,"ID":8},{"utility":39,"ID":10}],[{"utility":0,"ID":20}],[],[],[],[],[],[],[]],"STARTING COALITION: ":[[null],[],[{"utility":91,"ID":7},{"utility":57,"ID":16}],[{"utility":41.5,"ID":3},{"utility":43,"ID":8},{"utility":9.5,"ID":13}],[{"utility":30,"ID":5},{"utility":54.5,"ID":6},{"utility":71.5,"ID":14}],[{"utility":42.666666666666664,"ID":2},{"utility":42.333333333333336,"ID":11},{"utility":27,"ID":12},{"utility":31,"ID":19}],[{"utility":0,"ID":10}],[{"utility":0,"ID":18}],[{"utility":49.5,"ID":1},{"utility":83,"ID":15},{"utility":49,"ID":17}],[{"utility":0,"ID":20}],[{"utility":56,"ID":4},{"utility":0,"ID":9}],[],[],[],[],[],[],[],[],[],[]],"CORE :":true,"Relazioni :":340,"Time : ":0.2,"LAST PARTITION":{"11":9,"12":3,"13":3,"14":10,"15":8,"16":7,"17":8,"18":4,"19":10,"1":10,"2":5,"3":7,"4":4,"5":1,"6":9,"7":5,"8":12,"9":1,"20":13,"10":12}},{"Modalità dinamica :":true,"Q : ":6,"STARTING PARTITION: ":{"11":5,"12":5,"13":3,"14":4,"15":8,"16":2,"17":8,"18":7,"19":5,"1":8,"2":5,"3":3,"4":10,"5":4,"6":4,"7":2,"8":3,"9":10,"20":9,"10":6},"LAST COALITION":[[],[],[{"utility":99,"ID":8},{"utility":39,"ID":10}],[{"utility":95,"ID":6},{"utility":72,"ID":11}],[],[{"utility":92,"ID":12},{"utility":63,"ID":13}],[{"utility":85,"ID":2},{"utility":86,"ID":7}],[{"utility":77,"ID":5},{"utility":94,"ID":9}],[{"utility":70,"ID":1},{"utility":26.5,"ID":14},{"utility":79,"ID":19}],[{"utility":55,"ID":3},{"utility":95,"ID":16}],[],[{"utility":97,"ID":15},{"utility":74,"ID":17}],[{"utility":82,"ID":4},{"utility":79,"ID":18}],[{"utility":0,"ID":20}],[],[],[],[],[],[],[]],"STARTING COALITION: ":[[null],[],[{"utility":91,"ID":7},{"utility":57,"ID":16}],[{"utility":41.5,"ID":3},{"utility":43,"ID":8},{"utility":9.5,"ID":13}],[{"utility":30,"ID":5},{"utility":54.5,"ID":6},{"utility":71.5,"ID":14}],[{"utility":42.666666666666664,"ID":2},{"utility":42.333333333333336,"ID":11},{"utility":27,"ID":12},{"utility":31,"ID":19}],[{"utility":0,"ID":10}],[{"utility":0,"ID":18}],[{"utility":49.5,"ID":1},{"utility":83,"ID":15},{"utility":49,"ID":17}],[{"utility":0,"ID":20}],[{"utility":56,"ID":4},{"utility":0,"ID":9}],[],[],[],[],[],[],[],[],[],[]],"CORE :":true,"Relazioni :":340,"Time : ":0.1,"LAST PARTITION":{"11":3,"12":5,"13":5,"14":8,"15":11,"16":9,"17":11,"18":12,"19":8,"1":8,"2":6,"3":9,"4":12,"5":7,"6":3,"7":6,"8":2,"9":7,"20":13,"10":2}},{"Modalità dinamica :":true,"Q : ":6,"STARTING PARTITION: ":{"11":5,"12":5,"13":3,"14":4,"15":8,"16":2,"17":8,"18":7,"19":5,"1":8,"2":5,"3":3,"4":10,"5":4,"6":4,"7":2,"8":3,"9":10,"20":9,"10":6},"LAST COALITION":[[],[{"utility":70,"ID":1},{"utility":26.5,"ID":14},{"utility":79,"ID":19}],[{"utility":0,"ID":20}],[{"utility":97,"ID":15},{"utility":74,"ID":17}],[{"utility":85,"ID":2},{"utility":86,"ID":7}],[{"utility":55,"ID":3},{"utility":95,"ID":16}],[],[],[{"utility":99,"ID":8},{"utility":39,"ID":10}],[{"utility":77,"ID":5},{"utility":94,"ID":9}],[{"utility":92,"ID":12},{"utility":63,"ID":13}],[],[{"utility":95,"ID":6},{"utility":72,"ID":11}],[],[{"utility":82,"ID":4},{"utility":79,"ID":18}],[],[],[],[],[],[]],"STARTING COALITION: ":[[null],[],[{"utility":91,"ID":7},{"utility":57,"ID":16}],[{"utility":41.5,"ID":3},{"utility":43,"ID":8},{"utility":9.5,"ID":13}],[{"utility":30,"ID":5},{"utility":54.5,"ID":6},{"utility":71.5,"ID":14}],[{"utility":42.666666666666664,"ID":2},{"utility":42.333333333333336,"ID":11},{"utility":27,"ID":12},{"utility":31,"ID":19}],[{"utility":0,"ID":10}],[{"utility":0,"ID":18}],[{"utility":49.5,"ID":1},{"utility":83,"ID":15},{"utility":49,"ID":17}],[{"utility":0,"ID":20}],[{"utility":56,"ID":4},{"utility":0,"ID":9}],[],[],[],[],[],[],[],[],[],[]],"CORE :":true,"Relazioni :":340,"Time : ":0.2,"LAST PARTITION":{"11":12,"12":10,"13":10,"14":1,"15":3,"16":5,"17":3,"18":14,"19":1,"1":1,"2":4,"3":5,"4":14,"5":9,"6":12,"7":4,"8":8,"9":9,"20":2,"10":8}},{"Modalità dinamica :":true,"Q : ":7,"STARTING PARTITION: ":{"11":5,"12":5,"13":3,"14":4,"15":8,"16":2,"17":8,"18":7,"19":5,"1":8,"2":5,"3":3,"4":10,"5":4,"6":4,"7":2,"8":3,"9":10,"20":9,"10":6},"LAST COALITION":[[],[{"utility":82,"ID":4},{"utility":79,"ID":18}],[],[{"utility":95,"ID":6},{"utility":72,"ID":11}],[{"utility":70,"ID":1},{"utility":26.5,"ID":14},{"utility":79,"ID":19}],[{"utility":55,"ID":3},{"utility":95,"ID":16}],[{"utility":97,"ID":15},{"utility":74,"ID":17}],[{"utility":85,"ID":2},{"utility":86,"ID":7}],[{"utility":77,"ID":5},{"utility":94,"ID":9}],[{"utility":0,"ID":20}],[],[{"utility":92,"ID":12},{"utility":63,"ID":13}],[],[],[{"utility":99,"ID":8},{"utility":39,"ID":10}],[],[],[],[],[],[]],"STARTING COALITION: ":[[null],[],[{"utility":91,"ID":7},{"utility":57,"ID":16}],[{"utility":41.5,"ID":3},{"utility":43,"ID":8},{"utility":9.5,"ID":13}],[{"utility":30,"ID":5},{"utility":54.5,"ID":6},{"utility":71.5,"ID":14}],[{"utility":42.666666666666664,"ID":2},{"utility":42.333333333333336,"ID":11},{"utility":27,"ID":12},{"utility":31,"ID":19}],[{"utility":0,"ID":10}],[{"utility":0,"ID":18}],[{"utility":49.5,"ID":1},{"utility":83,"ID":15},{"utility":49,"ID":17}],[{"utility":0,"ID":20}],[{"utility":56,"ID":4},{"utility":0,"ID":9}],[],[],[],[],[],[],[],[],[],[]],"CORE :":true,"Relazioni :":340,"Time : ":0.1,"LAST PARTITION":{"11":3,"12":11,"13":11,"14":4,"15":6,"16":5,"17":6,"18":1,"19":4,"1":4,"2":7,"3":5,"4":1,"5":8,"6":3,"7":7,"8":14,"9":8,"20":9,"10":14}},{"Modalità dinamica :":true,"Q : ":7,"STARTING PARTITION: ":{"11":5,"12":5,"13":3,"14":4,"15":8,"16":2,"17":8,"18":7,"19":5,"1":8,"2":5,"3":3,"4":10,"5":4,"6":4,"7":2,"8":3,"9":10,"20":9,"10":6},"LAST COALITION":[[],[],[{"utility":99,"ID":8},{"utility":39,"ID":10}],[{"utility":82,"ID":4},{"utility":79,"ID":18}],[{"utility":85,"ID":2},{"utility":86,"ID":7}],[{"utility":92,"ID":12},{"utility":63,"ID":13}],[{"utility":77,"ID":5},{"utility":94,"ID":9}],[{"utility":95,"ID":6},{"utility":72,"ID":11}],[{"utility":0,"ID":20}],[{"utility":97,"ID":15},{"utility":74,"ID":17}],[{"utility":70,"ID":1},{"utility":26.5,"ID":14},{"utility":79,"ID":19}],[],[],[{"utility":55,"ID":3},{"utility":95,"ID":16}],[],[],[],[],[],[],[]],"STARTING COALITION: ":[[null],[],[{"utility":91,"ID":7},{"utility":57,"ID":16}],[{"utility":41.5,"ID":3},{"utility":43,"ID":8},{"utility":9.5,"ID":13}],[{"utility":30,"ID":5},{"utility":54.5,"ID":6},{"utility":71.5,"ID":14}],[{"utility":42.666666666666664,"ID":2},{"utility":42.333333333333336,"ID":11},{"utility":27,"ID":12},{"utility":31,"ID":19}],[{"utility":0,"ID":10}],[{"utility":0,"ID":18}],[{"utility":49.5,"ID":1},{"utility":83,"ID":15},{"utility":49,"ID":17}],[{"utility":0,"ID":20}],[{"utility":56,"ID":4},{"utility":0,"ID":9}],[],[],[],[],[],[],[],[],[],[]],"CORE :":true,"Relazioni :":340,"Time : ":0.2,"LAST PARTITION":{"11":7,"12":5,"13":5,"14":10,"15":9,"16":13,"17":9,"18":3,"19":10,"1":10,"2":4,"3":13,"4":3,"5":6,"6":7,"7":4,"8":2,"9":6,"20":8,"10":2}},{"Modalità dinamica :":true,"Q : ":8,"STARTING PARTITION: ":{"11":5,"12":5,"13":3,"14":4,"15":8,"16":2,"17":8,"18":7,"19":5,"1":8,"2":5,"3":3,"4":10,"5":4,"6":4,"7":2,"8":3,"9":10,"20":9,"10":6},"LAST COALITION":[[],[{"utility":77,"ID":5},{"utility":94,"ID":9}],[{"utility":74,"ID":14},{"utility":93,"ID":16}],[{"utility":99,"ID":8},{"utility":39,"ID":10}],[{"utility":0,"ID":20}],[{"utility":92,"ID":3},{"utility":72,"ID":12}],[{"utility":84,"ID":1},{"utility":75,"ID":19}],[{"utility":89,"ID":4},{"utility":72,"ID":6}],[],[{"utility":0,"ID":7}],[{"utility":13,"ID":11},{"utility":99,"ID":18}],[{"utility":76,"ID":2},{"utility":96,"ID":13}],[],[{"utility":97,"ID":15},{"utility":74,"ID":17}],[],[],[],[],[],[],[]],"STARTING COALITION: ":[[null],[],[{"utility":91,"ID":7},{"utility":57,"ID":16}],[{"utility":41.5,"ID":3},{"utility":43,"ID":8},{"utility":9.5,"ID":13}],[{"utility":30,"ID":5},{"utility":54.5,"ID":6},{"utility":71.5,"ID":14}],[{"utility":42.666666666666664,"ID":2},{"utility":42.333333333333336,"ID":11},{"utility":27,"ID":12},{"utility":31,"ID":19}],[{"utility":0,"ID":10}],[{"utility":0,"ID":18}],[{"utility":49.5,"ID":1},{"utility":83,"ID":15},{"utility":49,"ID":17}],[{"utility":0,"ID":20}],[{"utility":56,"ID":4},{"utility":0,"ID":9}],[],[],[],[],[],[],[],[],[],[]],"CORE :":true,"Relazioni :":340,"Time : ":0.1,"LAST PARTITION":{"11":10,"12":5,"13":11,"14":2,"15":13,"16":2,"17":13,"18":10,"19":6,"1":6,"2":11,"3":5,"4":7,"5":1,"6":7,"7":9,"8":3,"9":1,"20":4,"10":3}},{"Modalità dinamica :":true,"Q : ":8,"STARTING PARTITION: ":{"11":5,"12":5,"13":3,"14":4,"15":8,"16":2,"17":8,"18":7,"19":5,"1":8,"2":5,"3":3,"4":10,"5":4,"6":4,"7":2,"8":3,"9":10,"20":9,"10":6},"LAST COALITION":[[],[{"utility":70,"ID":1},{"utility":26.5,"ID":14},{"utility":79,"ID":19}],[{"utility":92,"ID":12},{"utility":63,"ID":13}],[{"utility":0,"ID":20}],[{"utility":99,"ID":8},{"utility":39,"ID":10}],[{"utility":55,"ID":3},{"utility":95,"ID":16}],[{"utility":82,"ID":4},{"utility":79,"ID":18}],[],[{"utility":77,"ID":5},{"utility":94,"ID":9}],[{"utility":97,"ID":15},{"utility":74,"ID":17}],[],[{"utility":85,"ID":2},{"utility":86,"ID":7}],[],[{"utility":95,"ID":6},{"utility":72,"ID":11}],[],[],[],[],[],[],[]],"STARTING COALITION: ":[[null],[],[{"utility":91,"ID":7},{"utility":57,"ID":16}],[{"utility":41.5,"ID":3},{"utility":43,"ID":8},{"utility":9.5,"ID":13}],[{"utility":30,"ID":5},{"utility":54.5,"ID":6},{"utility":71.5,"ID":14}],[{"utility":42.666666666666664,"ID":2},{"utility":42.333333333333336,"ID":11},{"utility":27,"ID":12},{"utility":31,"ID":19}],[{"utility":0,"ID":10}],[{"utility":0,"ID":18}],[{"utility":49.5,"ID":1},{"utility":83,"ID":15},{"utility":49,"ID":17}],[{"utility":0,"ID":20}],[{"utility":56,"ID":4},{"utility":0,"ID":9}],[],[],[],[],[],[],[],[],[],[]],"CORE :":true,"Relazioni :":340,"Time : ":0.2,"LAST PARTITION":{"11":13,"12":2,"13":2,"14":1,"15":9,"16":5,"17":9,"18":6,"19":1,"1":1,"2":11,"3":5,"4":6,"5":8,"6":13,"7":11,"8":4,"9":8,"20":3,"10":4}},{"Modalità dinamica :":true,"Q : ":9,"STARTING PARTITION: ":{"11":5,"12":5,"13":3,"14":4,"15":8,"16":2,"17":8,"18":7,"19":5,"1":8,"2":5,"3":3,"4":10,"5":4,"6":4,"7":2,"8":3,"9":10,"20":9,"10":6},"LAST COALITION":[[],[{"utility":87,"ID":5},{"utility":67,"ID":19}],[{"utility":74,"ID":14},{"utility":93,"ID":16}],[{"utility":0,"ID":18}],[{"utility":7,"ID":7},{"utility":97,"ID":9}],[{"utility":70,"ID":8},{"utility":90,"ID":17}],[{"utility":0,"ID":20}],[{"utility":98,"ID":2},{"utility":46,"ID":3}],[{"utility":74,"ID":4},{"utility":78,"ID":10}],[],[{"utility":95,"ID":6},{"utility":72,"ID":11}],[{"utility":92,"ID":12},{"utility":63,"ID":13}],[],[{"utility":47,"ID":1},{"utility":69,"ID":15}],[],[],[],[],[],[],[]],"STARTING COALITION: ":[[null],[],[{"utility":91,"ID":7},{"utility":57,"ID":16}],[{"utility":41.5,"ID":3},{"utility":43,"ID":8},{"utility":9.5,"ID":13}],[{"utility":30,"ID":5},{"utility":54.5,"ID":6},{"utility":71.5,"ID":14}],[{"utility":42.666666666666664,"ID":2},{"utility":42.333333333333336,"ID":11},{"utility":27,"ID":12},{"utility":31,"ID":19}],[{"utility":0,"ID":10}],[{"utility":0,"ID":18}],[{"utility":49.5,"ID":1},{"utility":83,"ID":15},{"utility":49,"ID":17}],[{"utility":0,"ID":20}],[{"utility":56,"ID":4},{"utility":0,"ID":9}],[],[],[],[],[],[],[],[],[],[]],"CORE :":true,"Relazioni :":340,"Time : ":0.1,"LAST PARTITION":{"11":10,"12":11,"13":11,"14":2,"15":13,"16":2,"17":5,"18":3,"19":1,"1":13,"2":7,"3":7,"4":8,"5":1,"6":10,"7":4,"8":5,"9":4,"20":6,"10":8}},{"Modalità dinamica :":true,"Q : ":9,"STARTING PARTITION: ":{"11":5,"12":5,"13":3,"14":4,"15":8,"16":2,"17":8,"18":7,"19":5,"1":8,"2":5,"3":3,"4":10,"5":4,"6":4,"7":2,"8":3,"9":10,"20":9,"10":6},"LAST COALITION":[[],[{"utility":55,"ID":3},{"utility":95,"ID":16}],[{"utility":70,"ID":8},{"utility":90,"ID":17}],[{"utility":26,"ID":10},{"utility":93,"ID":11}],[{"utility":77,"ID":5},{"utility":94,"ID":9}],[{"utility":85,"ID":2},{"utility":86,"ID":7}],[{"utility":61,"ID":13},{"utility":28,"ID":14}],[{"utility":90,"ID":4},{"utility":79,"ID":15}],[{"utility":91,"ID":1},{"utility":52,"ID":6}],[{"utility":91,"ID":12},{"utility":96,"ID":18}],[{"utility":0,"ID":20}],[{"utility":0,"ID":19}],[],[],[],[],[],[],[],[],[]],"STARTING COALITION: ":[[null],[],[{"utility":91,"ID":7},{"utility":57,"ID":16}],[{"utility":41.5,"ID":3},{"utility":43,"ID":8},{"utility":9.5,"ID":13}],[{"utility":30,"ID":5},{"utility":54.5,"ID":6},{"utility":71.5,"ID":14}],[{"utility":42.666666666666664,"ID":2},{"utility":42.333333333333336,"ID":11},{"utility":27,"ID":12},{"utility":31,"ID":19}],[{"utility":0,"ID":10}],[{"utility":0,"ID":18}],[{"utility":49.5,"ID":1},{"utility":83,"ID":15},{"utility":49,"ID":17}],[{"utility":0,"ID":20}],[{"utility":56,"ID":4},{"utility":0,"ID":9}],[],[],[],[],[],[],[],[],[],[]],"CORE :":true,"Relazioni :":340,"Time : ":0.2,"LAST PARTITION":{"11":3,"12":9,"13":6,"14":6,"15":7,"16":1,"17":2,"18":9,"19":11,"1":8,"2":5,"3":1,"4":7,"5":4,"6":8,"7":5,"8":2,"9":4,"20":10,"10":3}},{"Modalità dinamica :":true,"Q : ":10,"STARTING PARTITION: ":{"11":5,"12":5,"13":3,"14":4,"15":8,"16":2,"17":8,"18":7,"19":5,"1":8,"2":5,"3":3,"4":10,"5":4,"6":4,"7":2,"8":3,"9":10,"20":9,"10":6},"LAST COALITION":[[],[{"utility":85,"ID":2},{"utility":86,"ID":7}],[{"utility":95,"ID":6},{"utility":72,"ID":11}],[{"utility":82,"ID":4},{"utility":79,"ID":18}],[{"utility":55,"ID":3},{"utility":95,"ID":16}],[{"utility":99,"ID":8},{"utility":39,"ID":10}],[{"utility":77,"ID":5},{"utility":94,"ID":9}],[{"utility":97,"ID":15},{"utility":74,"ID":17}],[],[{"utility":70,"ID":1},{"utility":26.5,"ID":14},{"utility":79,"ID":19}],[],[{"utility":0,"ID":20}],[{"utility":92,"ID":12},{"utility":63,"ID":13}],[],[],[],[],[],[],[],[]],"STARTING COALITION: ":[[null],[],[{"utility":91,"ID":7},{"utility":57,"ID":16}],[{"utility":41.5,"ID":3},{"utility":43,"ID":8},{"utility":9.5,"ID":13}],[{"utility":30,"ID":5},{"utility":54.5,"ID":6},{"utility":71.5,"ID":14}],[{"utility":42.666666666666664,"ID":2},{"utility":42.333333333333336,"ID":11},{"utility":27,"ID":12},{"utility":31,"ID":19}],[{"utility":0,"ID":10}],[{"utility":0,"ID":18}],[{"utility":49.5,"ID":1},{"utility":83,"ID":15},{"utility":49,"ID":17}],[{"utility":0,"ID":20}],[{"utility":56,"ID":4},{"utility":0,"ID":9}],[],[],[],[],[],[],[],[],[],[]],"CORE :":true,"Relazioni :":340,"Time : ":0.1,"LAST PARTITION":{"11":2,"12":12,"13":12,"14":9,"15":7,"16":4,"17":7,"18":3,"19":9,"1":9,"2":1,"3":4,"4":3,"5":6,"6":2,"7":1,"8":5,"9":6,"20":11,"10":5}},{"Modalità dinamica :":true,"Q : ":10,"STARTING PARTITION: ":{"11":5,"12":5,"13":3,"14":4,"15":8,"16":2,"17":8,"18":7,"19":5,"1":8,"2":5,"3":3,"4":10,"5":4,"6":4,"7":2,"8":3,"9":10,"20":9,"10":6},"LAST COALITION":[[],[{"utility":92,"ID":12},{"utility":63,"ID":13}],[{"utility":77,"ID":5},{"utility":94,"ID":9}],[{"utility":82,"ID":4},{"utility":79,"ID":18}],[{"utility":95,"ID":6},{"utility":72,"ID":11}],[{"utility":0,"ID":20}],[],[{"utility":85,"ID":2},{"utility":86,"ID":7}],[],[{"utility":99,"ID":8},{"utility":39,"ID":10}],[{"utility":55,"ID":3},{"utility":95,"ID":16}],[{"utility":97,"ID":15},{"utility":74,"ID":17}],[{"utility":70,"ID":1},{"utility":26.5,"ID":14},{"utility":79,"ID":19}],[],[],[],[],[],[],[],[]],"STARTING COALITION: ":[[null],[],[{"utility":91,"ID":7},{"utility":57,"ID":16}],[{"utility":41.5,"ID":3},{"utility":43,"ID":8},{"utility":9.5,"ID":13}],[{"utility":30,"ID":5},{"utility":54.5,"ID":6},{"utility":71.5,"ID":14}],[{"utility":42.666666666666664,"ID":2},{"utility":42.333333333333336,"ID":11},{"utility":27,"ID":12},{"utility":31,"ID":19}],[{"utility":0,"ID":10}],[{"utility":0,"ID":18}],[{"utility":49.5,"ID":1},{"utility":83,"ID":15},{"utility":49,"ID":17}],[{"utility":0,"ID":20}],[{"utility":56,"ID":4},{"utility":0,"ID":9}],[],[],[],[],[],[],[],[],[],[]],"CORE :":true,"Relazioni :":340,"Time : ":0.2,"LAST PARTITION":{"11":4,"12":1,"13":1,"14":12,"15":11,"16":10,"17":11,"18":3,"19":12,"1":12,"2":7,"3":10,"4":3,"5":2,"6":4,"7":7,"8":9,"9":2,"20":5,"10":9}},{"END OF FILE:" : true}]