[{"Modalità dinamica :":false,"Q : ":2,"STARTING PARTITION: ":{"11":5,"12":9,"13":2,"14":4,"15":8,"16":10,"17":7,"18":4,"19":3,"1":5,"2":4,"3":10,"4":8,"5":1,"6":6,"7":10,"8":9,"9":5,"20":6,"10":10},"LAST COALITION":[[],[{"utility":21,"ID":14},{"utility":56,"ID":15}],[{"utility":79,"ID":8},{"utility":98,"ID":19}],[{"utility":57,"ID":9},{"utility":57,"ID":17}],[{"utility":0,"ID":18}],[{"utility":0,"ID":11}],[],[{"utility":59,"ID":10},{"utility":73,"ID":20}],[{"utility":82,"ID":7},{"utility":41,"ID":12}],[{"utility":25,"ID":5},{"utility":33,"ID":6}],[{"utility":0,"ID":13}],[{"utility":55,"ID":1},{"utility":33,"ID":16}],[{"utility":69,"ID":2},{"utility":95,"ID":3}],[{"utility":0,"ID":4}],[],[],[],[],[],[],[]],"STARTING COALITION: ":[[null],[{"utility":0,"ID":5}],[{"utility":0,"ID":13}],[{"utility":0,"ID":19}],[{"utility":33.5,"ID":2},{"utility":0,"ID":14},{"utility":37.5,"ID":18}],[{"utility":0,"ID":1},{"utility":0,"ID":9},{"utility":5.5,"ID":11}],[{"utility":0,"ID":6},{"utility":0,"ID":20}],[{"utility":0,"ID":17}],[{"utility":0,"ID":4},{"utility":90,"ID":15}],[{"utility":0,"ID":8},{"utility":0,"ID":12}],[{"utility":9,"ID":3},{"utility":14.333333333333334,"ID":7},{"utility":0,"ID":10},{"utility":6.333333333333333,"ID":16}],[],[],[],[],[],[],[],[],[],[]],"CORE :":true,"Relazioni :":140,"Time : ":0.1,"LAST PARTITION":{"11":5,"12":8,"13":10,"14":1,"15":1,"16":11,"17":3,"18":4,"19":2,"1":11,"2":12,"3":12,"4":13,"5":9,"6":9,"7":8,"8":2,"9":3,"20":7,"10":7}},{"Modalità dinamica :":false,"Q : ":2,"STARTING PARTITION: ":{"11":5,"12":9,"13":2,"14":4,"15":8,"16":10,"17":7,"18":4,"19":3,"1":5,"2":4,"3":10,"4":8,"5":1,"6":6,"7":10,"8":9,"9":5,"20":6,"10":10},"LAST COALITION":[[],[{"utility":21,"ID":14},{"utility":56,"ID":15}],[{"utility":79,"ID":8},{"utility":98,"ID":19}],[{"utility":57,"ID":9},{"utility":57,"ID":17}],[{"utility":0,"ID":18}],[{"utility":0,"ID":11}],[],[{"utility":59,"ID":10},{"utility":73,"ID":20}],[{"utility":82,"ID":7},{"utility":41,"ID":12}],[{"utility":25,"ID":5},{"utility":33,"ID":6}],[{"utility":0,"ID":13}],[{"utility":55,"ID":1},{"utility":33,"ID":16}],[{"utility":69,"ID":2},{"utility":95,"ID":3}],[{"utility":0,"ID":4}],[],[],[],[],[],[],[]],"STARTING COALITION: ":[[null],[{"utility":0,"ID":5}],[{"utility":0,"ID":13}],[{"utility":0,"ID":19}],[{"utility":33.5,"ID":2},{"utility":0,"ID":14},{"utility":37.5,"ID":18}],[{"utility":0,"ID":1},{"utility":0,"ID":9},{"utility":5.5,"ID":11}],[{"utility":0,"ID":6},{"utility":0,"ID":20}],[{"utility":0,"ID":17}],[{"utility":0,"ID":4},{"utility":90,"ID":15}],[{"utility":0,"ID":8},{"utility":0,"ID":12}],[{"utility":9,"ID":3},{"utility":14.333333333333334,"ID":7},{"utility":0,"ID":10},{"utility":6.333333333333333,"ID":16}],[],[],[],[],[],[],[],[],[],[]],"CORE :":true,"Relazioni :":140,"Time : ":0.2,"LAST PARTITION":{"11":5,"12":8,"13":10,"14":1,"15":1,"16":11,"17":3,"18":4,"19":2,"1":11,"2":12,"3":12,"4":13,"5":9,"6":9,"7":8,"8":2,"9":3,"20":7,"10":7}},{"Modalità dinamica :":false,"Q : ":3,"STARTING PARTITION: ":{"11":5,"12":9,"13":2,"14":4,"15":8,"16":10,"17":7,"18":4,"19":3,"1":5,"2":4,"3":10,"4":8,"5":1,"6":6,"7":10,"8":9,"9":5,"20":6,"10":10},"LAST COALITION":[[],[{"utility":36,"ID":4},{"utility":0,"ID":11}],[{"utility":79,"ID":8},{"utility":98,"ID":19}],[{"utility":57,"ID":9},{"utility":57,"ID":17}],[{"utility":0,"ID":18}],[{"utility":55,"ID":1},{"utility":33,"ID":16}],[{"utility":25,"ID":5},{"utility":33,"ID":6}],[{"utility":59,"ID":10},{"utility":73,"ID":20}],[{"utility":82,"ID":7},{"utility":41,"ID":12}],[],[{"utility":0,"ID":13}],[{"utility":21,"ID":14},{"utility":56,"ID":15}],[{"utility":69,"ID":2},{"utility":95,"ID":3}],[],[],[],[],[],[],[],[]],"STARTING COALITION: ":[[null],[{"utility":0,"ID":5}],[{"utility":0,"ID":13}],[{"utility":0,"ID":19}],[{"utility":33.5,"ID":2},{"utility":0,"ID":14},{"utility":37.5,"ID":18}],[{"utility":0,"ID":1},{"utility":0,"ID":9},{"utility":5.5,"ID":11}],[{"utility":0,"ID":6},{"utility":0,"ID":20}],[{"utility":0,"ID":17}],[{"utility":0,"ID":4},{"utility":90,"ID":15}],[{"utility":0,"ID":8},{"utility":0,"ID":12}],[{"utility":9,"ID":3},{"utility":14.333333333333334,"ID":7},{"utility":0,"ID":10},{"utility":6.333333333333333,"ID":16}],[],[],[],[],[],[],[],[],[],[]],"CORE :":true,"Relazioni :":140,"Time : ":0.1,"LAST PARTITION":{"11":1,"12":8,"13":10,"14":11,"15":11,"16":5,"17":3,"18":4,"19":2,"1":5,"2":12,"3":12,"4":1,"5":6,"6":6,"7":8,"8":2,"9":3,"20":7,"10":7}},{"Modalità dinamica :":false,"Q : ":3,"STARTING PARTITION: ":{"11":5,"12":9,"13":2,"14":4,"15":8,"16":10,"17":7,"18":4,"19":3,"1":5,"2":4,"3":10,"4":8,"5":1,"6":6,"7":10,"8":9,"9":5,"20":6,"10":10},"LAST COALITION":[[],[{"utility":36,"ID":4},{"utility":0,"ID":11}],[{"utility":79,"ID":8},{"utility":98,"ID":19}],[{"utility":57,"ID":9},{"utility":57,"ID":17}],[{"utility":0,"ID":18}],[{"utility":55,"ID":1},{"utility":33,"ID":16}],[{"utility":25,"ID":5},{"utility":33,"ID":6}],[{"utility":59,"ID":10},{"utility":73,"ID":20}],[{"utility":82,"ID":7},{"utility":41,"ID":12}],[],[{"utility":0,"ID":13}],[{"utility":21,"ID":14},{"utility":56,"ID":15}],[{"utility":69,"ID":2},{"utility":95,"ID":3}],[],[],[],[],[],[],[],[]],"STARTING COALITION: ":[[null],[{"utility":0,"ID":5}],[{"utility":0,"ID":13}],[{"utility":0,"ID":19}],[{"utility":33.5,"ID":2},{"utility":0,"ID":14},{"utility":37.5,"ID":18}],[{"utility":0,"ID":1},{"utility":0,"ID":9},{"utility":5.5,"ID":11}],[{"utility":0,"ID":6},{"utility":0,"ID":20}],[{"utility":0,"ID":17}],[{"utility":0,"ID":4},{"utility":90,"ID":15}],[{"utility":0,"ID":8},{"utility":0,"ID":12}],[{"utility":9,"ID":3},{"utility":14.333333333333334,"ID":7},{"utility":0,"ID":10},{"utility":6.333333333333333,"ID":16}],[],[],[],[],[],[],[],[],[],[]],"CORE :":true,"Relazioni :":140,"Time : ":0.2,"LAST PARTITION":{"11":1,"12":8,"13":10,"14":11,"15":11,"16":5,"17":3,"18":4,"19":2,"1":5,"2":12,"3":12,"4":1,"5":6,"6":6,"7":8,"8":2,"9":3,"20":7,"10":7}},{"Modalità dinamica :":false,"Q : ":4,"STARTING PARTITION: ":{"11":5,"12":9,"13":2,"14":4,"15":8,"16":10,"17":7,"18":4,"19":3,"1":5,"2":4,"3":10,"4":8,"5":1,"6":6,"7":10,"8":9,"9":5,"20":6,"10":10},"LAST COALITION":[[],[{"utility":36,"ID":4},{"utility":0,"ID":11}],[{"utility":98,"ID":19},{"utility":79,"ID":8}],[{"utility":57,"ID":17},{"utility":57,"ID":9}],[{"utility":0,"ID":18}],[{"utility":33,"ID":16},{"utility":55,"ID":1}],[{"utility":25,"ID":5},{"utility":33,"ID":6}],[{"utility":73,"ID":20},{"utility":59,"ID":10}],[{"utility":82,"ID":7},{"utility":41,"ID":12}],[],[{"utility":0,"ID":13}],[{"utility":21,"ID":14},{"utility":56,"ID":15}],[{"utility":69,"ID":2},{"utility":95,"ID":3}],[],[],[],[],[],[],[],[]],"STARTING COALITION: ":[[null],[{"utility":0,"ID":5}],[{"utility":0,"ID":13}],[{"utility":0,"ID":19}],[{"utility":33.5,"ID":2},{"utility":0,"ID":14},{"utility":37.5,"ID":18}],[{"utility":0,"ID":1},{"utility":0,"ID":9},{"utility":5.5,"ID":11}],[{"utility":0,"ID":6},{"utility":0,"ID":20}],[{"utility":0,"ID":17}],[{"utility":0,"ID":4},{"utility":90,"ID":15}],[{"utility":0,"ID":8},{"utility":0,"ID":12}],[{"utility":9,"ID":3},{"utility":14.333333333333334,"ID":7},{"utility":0,"ID":10},{"utility":6.333333333333333,"ID":16}],[],[],[],[],[],[],[],[],[],[]],"CORE :":true,"Relazioni :":140,"Time : ":0.1,"LAST PARTITION":{"11":1,"12":8,"13":10,"14":11,"15":11,"16":5,"17":3,"18":4,"19":2,"1":5,"2":12,"3":12,"4":1,"5":6,"6":6,"7":8,"8":2,"9":3,"20":7,"10":7}},{"Modalità dinamica :":false,"Q : ":4,"STARTING PARTITION: ":{"11":5,"12":9,"13":2,"14":4,"15":8,"16":10,"17":7,"18":4,"19":3,"1":5,"2":4,"3":10,"4":8,"5":1,"6":6,"7":10,"8":9,"9":5,"20":6,"10":10},"LAST COALITION":[[],[{"utility":36,"ID":4},{"utility":0,"ID":11}],[{"utility":98,"ID":19},{"utility":79,"ID":8}],[{"utility":57,"ID":17},{"utility":57,"ID":9}],[{"utility":0,"ID":18}],[{"utility":33,"ID":16},{"utility":55,"ID":1}],[{"utility":25,"ID":5},{"utility":33,"ID":6}],[{"utility":73,"ID":20},{"utility":59,"ID":10}],[{"utility":82,"ID":7},{"utility":41,"ID":12}],[],[{"utility":0,"ID":13}],[{"utility":21,"ID":14},{"utility":56,"ID":15}],[{"utility":69,"ID":2},{"utility":95,"ID":3}],[],[],[],[],[],[],[],[]],"STARTING COALITION: ":[[null],[{"utility":0,"ID":5}],[{"utility":0,"ID":13}],[{"utility":0,"ID":19}],[{"utility":33.5,"ID":2},{"utility":0,"ID":14},{"utility":37.5,"ID":18}],[{"utility":0,"ID":1},{"utility":0,"ID":9},{"utility":5.5,"ID":11}],[{"utility":0,"ID":6},{"utility":0,"ID":20}],[{"utility":0,"ID":17}],[{"utility":0,"ID":4},{"utility":90,"ID":15}],[{"utility":0,"ID":8},{"utility":0,"ID":12}],[{"utility":9,"ID":3},{"utility":14.333333333333334,"ID":7},{"utility":0,"ID":10},{"utility":6.333333333333333,"ID":16}],[],[],[],[],[],[],[],[],[],[]],"CORE :":true,"Relazioni :":140,"Time : ":0.2,"LAST PARTITION":{"11":1,"12":8,"13":10,"14":11,"15":11,"16":5,"17":3,"18":4,"19":2,"1":5,"2":12,"3":12,"4":1,"5":6,"6":6,"7":8,"8":2,"9":3,"20":7,"10":7}},{"Modalità dinamica :":false,"Q : ":5,"STARTING PARTITION: ":{"11":5,"12":9,"13":2,"14":4,"15":8,"16":10,"17":7,"18":4,"19":3,"1":5,"2":4,"3":10,"4":8,"5":1,"6":6,"7":10,"8":9,"9":5,"20":6,"10":10},"LAST COALITION":[[],[{"utility":36,"ID":4},{"utility":0,"ID":11}],[{"utility":98,"ID":19},{"utility":79,"ID":8}],[{"utility":57,"ID":17},{"utility":57,"ID":9}],[{"utility":0,"ID":18}],[{"utility":33,"ID":16},{"utility":55,"ID":1}],[{"utility":25,"ID":5},{"utility":33,"ID":6}],[{"utility":73,"ID":20},{"utility":59,"ID":10}],[{"utility":82,"ID":7},{"utility":41,"ID":12}],[],[{"utility":0,"ID":13}],[{"utility":21,"ID":14},{"utility":56,"ID":15}],[{"utility":69,"ID":2},{"utility":95,"ID":3}],[],[],[],[],[],[],[],[]],"STARTING COALITION: ":[[null],[{"utility":0,"ID":5}],[{"utility":0,"ID":13}],[{"utility":0,"ID":19}],[{"utility":33.5,"ID":2},{"utility":0,"ID":14},{"utility":37.5,"ID":18}],[{"utility":0,"ID":1},{"utility":0,"ID":9},{"utility":5.5,"ID":11}],[{"utility":0,"ID":6},{"utility":0,"ID":20}],[{"utility":0,"ID":17}],[{"utility":0,"ID":4},{"utility":90,"ID":15}],[{"utility":0,"ID":8},{"utility":0,"ID":12}],[{"utility":9,"ID":3},{"utility":14.333333333333334,"ID":7},{"utility":0,"ID":10},{"utility":6.333333333333333,"ID":16}],[],[],[],[],[],[],[],[],[],[]],"CORE :":true,"Relazioni :":140,"Time : ":0.1,"LAST PARTITION":{"11":1,"12":8,"13":10,"14":11,"15":11,"16":5,"17":3,"18":4,"19":2,"1":5,"2":12,"3":12,"4":1,"5":6,"6":6,"7":8,"8":2,"9":3,"20":7,"10":7}},{"Modalità dinamica :":false,"Q : ":5,"STARTING PARTITION: ":{"11":5,"12":9,"13":2,"14":4,"15":8,"16":10,"17":7,"18":4,"19":3,"1":5,"2":4,"3":10,"4":8,"5":1,"6":6,"7":10,"8":9,"9":5,"20":6,"10":10},"LAST COALITION":[[],[{"utility":36,"ID":4},{"utility":0,"ID":11}],[{"utility":98,"ID":19},{"utility":79,"ID":8}],[{"utility":57,"ID":17},{"utility":57,"ID":9}],[{"utility":0,"ID":18}],[{"utility":33,"ID":16},{"utility":55,"ID":1}],[{"utility":25,"ID":5},{"utility":33,"ID":6}],[{"utility":73,"ID":20},{"utility":59,"ID":10}],[{"utility":82,"ID":7},{"utility":41,"ID":12}],[],[{"utility":0,"ID":13}],[{"utility":21,"ID":14},{"utility":56,"ID":15}],[{"utility":69,"ID":2},{"utility":95,"ID":3}],[],[],[],[],[],[],[],[]],"STARTING COALITION: ":[[null],[{"utility":0,"ID":5}],[{"utility":0,"ID":13}],[{"utility":0,"ID":19}],[{"utility":33.5,"ID":2},{"utility":0,"ID":14},{"utility":37.5,"ID":18}],[{"utility":0,"ID":1},{"utility":0,"ID":9},{"utility":5.5,"ID":11}],[{"utility":0,"ID":6},{"utility":0,"ID":20}],[{"utility":0,"ID":17}],[{"utility":0,"ID":4},{"utility":90,"ID":15}],[{"utility":0,"ID":8},{"utility":0,"ID":12}],[{"utility":9,"ID":3},{"utility":14.333333333333334,"ID":7},{"utility":0,"ID":10},{"utility":6.333333333333333,"ID":16}],[],[],[],[],[],[],[],[],[],[]],"CORE :":true,"Relazioni :":140,"Time : ":0.2,"LAST PARTITION":{"11":1,"12":8,"13":10,"14":11,"15":11,"16":5,"17":3,"18":4,"19":2,"1":5,"2":12,"3":12,"4":1,"5":6,"6":6,"7":8,"8":2,"9":3,"20":7,"10":7}},{"Modalità dinamica :":false,"Q : ":6,"STARTING PARTITION: ":{"11":5,"12":9,"13":2,"14":4,"15":8,"16":10,"17":7,"18":4,"19":3,"1":5,"2":4,"3":10,"4":8,"5":1,"6":6,"7":10,"8":9,"9":5,"20":6,"10":10},"LAST COALITION":[[],[{"utility":36,"ID":4},{"utility":0,"ID":11}],[{"utility":98,"ID":19},{"utility":79,"ID":8}],[{"utility":57,"ID":17},{"utility":57,"ID":9}],[{"utility":0,"ID":18}],[{"utility":33,"ID":16},{"utility":55,"ID":1}],[{"utility":25,"ID":5},{"utility":33,"ID":6}],[{"utility":73,"ID":20},{"utility":59,"ID":10}],[{"utility":82,"ID":7},{"utility":41,"ID":12}],[],[{"utility":0,"ID":13}],[{"utility":21,"ID":14},{"utility":56,"ID":15}],[{"utility":69,"ID":2},{"utility":95,"ID":3}],[],[],[],[],[],[],[],[]],"STARTING COALITION: ":[[null],[{"utility":0,"ID":5}],[{"utility":0,"ID":13}],[{"utility":0,"ID":19}],[{"utility":33.5,"ID":2},{"utility":0,"ID":14},{"utility":37.5,"ID":18}],[{"utility":0,"ID":1},{"utility":0,"ID":9},{"utility":5.5,"ID":11}],[{"utility":0,"ID":6},{"utility":0,"ID":20}],[{"utility":0,"ID":17}],[{"utility":0,"ID":4},{"utility":90,"ID":15}],[{"utility":0,"ID":8},{"utility":0,"ID":12}],[{"utility":9,"ID":3},{"utility":14.333333333333334,"ID":7},{"utility":0,"ID":10},{"utility":6.333333333333333,"ID":16}],[],[],[],[],[],[],[],[],[],[]],"CORE :":true,"Relazioni :":140,"Time : ":0.1,"LAST PARTITION":{"11":1,"12":8,"13":10,"14":11,"15":11,"16":5,"17":3,"18":4,"19":2,"1":5,"2":12,"3":12,"4":1,"5":6,"6":6,"7":8,"8":2,"9":3,"20":7,"10":7}},{"Modalità dinamica :":false,"Q : ":6,"STARTING PARTITION: ":{"11":5,"12":9,"13":2,"14":4,"15":8,"16":10,"17":7,"18":4,"19":3,"1":5,"2":4,"3":10,"4":8,"5":1,"6":6,"7":10,"8":9,"9":5,"20":6,"10":10},"LAST COALITION":[[],[{"utility":36,"ID":4},{"utility":0,"ID":11}],[{"utility":98,"ID":19},{"utility":79,"ID":8}],[{"utility":57,"ID":17},{"utility":57,"ID":9}],[{"utility":0,"ID":18}],[{"utility":33,"ID":16},{"utility":55,"ID":1}],[{"utility":25,"ID":5},{"utility":33,"ID":6}],[{"utility":73,"ID":20},{"utility":59,"ID":10}],[{"utility":82,"ID":7},{"utility":41,"ID":12}],[],[{"utility":0,"ID":13}],[{"utility":21,"ID":14},{"utility":56,"ID":15}],[{"utility":69,"ID":2},{"utility":95,"ID":3}],[],[],[],[],[],[],[],[]],"STARTING COALITION: ":[[null],[{"utility":0,"ID":5}],[{"utility":0,"ID":13}],[{"utility":0,"ID":19}],[{"utility":33.5,"ID":2},{"utility":0,"ID":14},{"utility":37.5,"ID":18}],[{"utility":0,"ID":1},{"utility":0,"ID":9},{"utility":5.5,"ID":11}],[{"utility":0,"ID":6},{"utility":0,"ID":20}],[{"utility":0,"ID":17}],[{"utility":0,"ID":4},{"utility":90,"ID":15}],[{"utility":0,"ID":8},{"utility":0,"ID":12}],[{"utility":9,"ID":3},{"utility":14.333333333333334,"ID":7},{"utility":0,"ID":10},{"utility":6.333333333333333,"ID":16}],[],[],[],[],[],[],[],[],[],[]],"CORE :":true,"Relazioni :":140,"Time : ":0.2,"LAST PARTITION":{"11":1,"12":8,"13":10,"14":11,"15":11,"16":5,"17":3,"18":4,"19":2,"1":5,"2":12,"3":12,"4":1,"5":6,"6":6,"7":8,"8":2,"9":3,"20":7,"10":7}},{"Modalità dinamica :":false,"Q : ":7,"STARTING PARTITION: ":{"11":5,"12":9,"13":2,"14":4,"15":8,"16":10,"17":7,"18":4,"19":3,"1":5,"2":4,"3":10,"4":8,"5":1,"6":6,"7":10,"8":9,"9":5,"20":6,"10":10},"LAST COALITION":[[],[{"utility":36,"ID":4},{"utility":0,"ID":11}],[{"utility":98,"ID":19},{"utility":79,"ID":8}],[{"utility":57,"ID":17},{"utility":57,"ID":9}],[{"utility":0,"ID":18}],[{"utility":33,"ID":16},{"utility":55,"ID":1}],[{"utility":25,"ID":5},{"utility":33,"ID":6}],[{"utility":73,"ID":20},{"utility":59,"ID":10}],[{"utility":82,"ID":7},{"utility":41,"ID":12}],[],[{"utility":0,"ID":13}],[{"utility":21,"ID":14},{"utility":56,"ID":15}],[{"utility":69,"ID":2},{"utility":95,"ID":3}],[],[],[],[],[],[],[],[]],"STARTING COALITION: ":[[null],[{"utility":0,"ID":5}],[{"utility":0,"ID":13}],[{"utility":0,"ID":19}],[{"utility":33.5,"ID":2},{"utility":0,"ID":14},{"utility":37.5,"ID":18}],[{"utility":0,"ID":1},{"utility":0,"ID":9},{"utility":5.5,"ID":11}],[{"utility":0,"ID":6},{"utility":0,"ID":20}],[{"utility":0,"ID":17}],[{"utility":0,"ID":4},{"utility":90,"ID":15}],[{"utility":0,"ID":8},{"utility":0,"ID":12}],[{"utility":9,"ID":3},{"utility":14.333333333333334,"ID":7},{"utility":0,"ID":10},{"utility":6.333333333333333,"ID":16}],[],[],[],[],[],[],[],[],[],[]],"CORE :":true,"Relazioni :":140,"Time : ":0.1,"LAST PARTITION":{"11":1,"12":8,"13":10,"14":11,"15":11,"16":5,"17":3,"18":4,"19":2,"1":5,"2":12,"3":12,"4":1,"5":6,"6":6,"7":8,"8":2,"9":3,"20":7,"10":7}},{"Modalità dinamica :":false,"Q : ":7,"STARTING PARTITION: ":{"11":5,"12":9,"13":2,"14":4,"15":8,"16":10,"17":7,"18":4,"19":3,"1":5,"2":4,"3":10,"4":8,"5":1,"6":6,"7":10,"8":9,"9":5,"20":6,"10":10},"LAST COALITION":[[],[{"utility":36,"ID":4},{"utility":0,"ID":11}],[{"utility":98,"ID":19},{"utility":79,"ID":8}],[{"utility":57,"ID":17},{"utility":57,"ID":9}],[{"utility":0,"ID":18}],[{"utility":33,"ID":16},{"utility":55,"ID":1}],[{"utility":25,"ID":5},{"utility":33,"ID":6}],[{"utility":73,"ID":20},{"utility":59,"ID":10}],[{"utility":82,"ID":7},{"utility":41,"ID":12}],[],[{"utility":0,"ID":13}],[{"utility":21,"ID":14},{"utility":56,"ID":15}],[{"utility":69,"ID":2},{"utility":95,"ID":3}],[],[],[],[],[],[],[],[]],"STARTING COALITION: ":[[null],[{"utility":0,"ID":5}],[{"utility":0,"ID":13}],[{"utility":0,"ID":19}],[{"utility":33.5,"ID":2},{"utility":0,"ID":14},{"utility":37.5,"ID":18}],[{"utility":0,"ID":1},{"utility":0,"ID":9},{"utility":5.5,"ID":11}],[{"utility":0,"ID":6},{"utility":0,"ID":20}],[{"utility":0,"ID":17}],[{"utility":0,"ID":4},{"utility":90,"ID":15}],[{"utility":0,"ID":8},{"utility":0,"ID":12}],[{"utility":9,"ID":3},{"utility":14.333333333333334,"ID":7},{"utility":0,"ID":10},{"utility":6.333333333333333,"ID":16}],[],[],[],[],[],[],[],[],[],[]],"CORE :":true,"Relazioni :":140,"Time : ":0.2,"LAST PARTITION":{"11":1,"12":8,"13":10,"14":11,"15":11,"16":5,"17":3,"18":4,"19":2,"1":5,"2":12,"3":12,"4":1,"5":6,"6":6,"7":8,"8":2,"9":3,"20":7,"10":7}},{"Modalità dinamica :":false,"Q : ":8,"STARTING PARTITION: ":{"11":5,"12":9,"13":2,"14":4,"15":8,"16":10,"17":7,"18":4,"19":3,"1":5,"2":4,"3":10,"4":8,"5":1,"6":6,"7":10,"8":9,"9":5,"20":6,"10":10},"LAST COALITION":[[],[{"utility":36,"ID":4},{"utility":0,"ID":11}],[{"utility":98,"ID":19},{"utility":79,"ID":8}],[{"utility":57,"ID":17},{"utility":57,"ID":9}],[{"utility":0,"ID":18}],[{"utility":33,"ID":16},{"utility":55,"ID":1}],[{"utility":25,"ID":5},{"utility":33,"ID":6}],[{"utility":73,"ID":20},{"utility":59,"ID":10}],[{"utility":82,"ID":7},{"utility":41,"ID":12}],[],[{"utility":0,"ID":13}],[{"utility":21,"ID":14},{"utility":56,"ID":15}],[{"utility":69,"ID":2},{"utility":95,"ID":3}],[],[],[],[],[],[],[],[]],"STARTING COALITION: ":[[null],[{"utility":0,"ID":5}],[{"utility":0,"ID":13}],[{"utility":0,"ID":19}],[{"utility":33.5,"ID":2},{"utility":0,"ID":14},{"utility":37.5,"ID":18}],[{"utility":0,"ID":1},{"utility":0,"ID":9},{"utility":5.5,"ID":11}],[{"utility":0,"ID":6},{"utility":0,"ID":20}],[{"utility":0,"ID":17}],[{"utility":0,"ID":4},{"utility":90,"ID":15}],[{"utility":0,"ID":8},{"utility":0,"ID":12}],[{"utility":9,"ID":3},{"utility":14.333333333333334,"ID":7},{"utility":0,"ID":10},{"utility":6.333333333333333,"ID":16}],[],[],[],[],[],[],[],[],[],[]],"CORE :":true,"Relazioni :":140,"Time : ":0.1,"LAST PARTITION":{"11":1,"12":8,"13":10,"14":11,"15":11,"16":5,"17":3,"18":4,"19":2,"1":5,"2":12,"3":12,"4":1,"5":6,"6":6,"7":8,"8":2,"9":3,"20":7,"10":7}},{"Modalità dinamica :":false,"Q : ":8,"STARTING PARTITION: ":{"11":5,"12":9,"13":2,"14":4,"15":8,"16":10,"17":7,"18":4,"19":3,"1":5,"2":4,"3":10,"4":8,"5":1,"6":6,"7":10,"8":9,"9":5,"20":6,"10":10},"LAST COALITION":[[],[{"utility":36,"ID":4},{"utility":0,"ID":11}],[{"utility":98,"ID":19},{"utility":79,"ID":8}],[{"utility":57,"ID":17},{"utility":57,"ID":9}],[{"utility":0,"ID":18}],[{"utility":33,"ID":16},{"utility":55,"ID":1}],[{"utility":25,"ID":5},{"utility":33,"ID":6}],[{"utility":73,"ID":20},{"utility":59,"ID":10}],[{"utility":82,"ID":7},{"utility":41,"ID":12}],[],[{"utility":0,"ID":13}],[{"utility":21,"ID":14},{"utility":56,"ID":15}],[{"utility":69,"ID":2},{"utility":95,"ID":3}],[],[],[],[],[],[],[],[]],"STARTING COALITION: ":[[null],[{"utility":0,"ID":5}],[{"utility":0,"ID":13}],[{"utility":0,"ID":19}],[{"utility":33.5,"ID":2},{"utility":0,"ID":14},{"utility":37.5,"ID":18}],[{"utility":0,"ID":1},{"utility":0,"ID":9},{"utility":5.5,"ID":11}],[{"utility":0,"ID":6},{"utility":0,"ID":20}],[{"utility":0,"ID":17}],[{"utility":0,"ID":4},{"utility":90,"ID":15}],[{"utility":0,"ID":8},{"utility":0,"ID":12}],[{"utility":9,"ID":3},{"utility":14.333333333333334,"ID":7},{"utility":0,"ID":10},{"utility":6.333333333333333,"ID":16}],[],[],[],[],[],[],[],[],[],[]],"CORE :":true,"Relazioni :":140,"Time : ":0.2,"LAST PARTITION":{"11":1,"12":8,"13":10,"14":11,"15":11,"16":5,"17":3,"18":4,"19":2,"1":5,"2":12,"3":12,"4":1,"5":6,"6":6,"7":8,"8":2,"9":3,"20":7,"10":7}},{"Modalità dinamica :":false,"Q : ":9,"STARTING PARTITION: ":{"11":5,"12":9,"13":2,"14":4,"15":8,"16":10,"17":7,"18":4,"19":3,"1":5,"2":4,"3":10,"4":8,"5":1,"6":6,"7":10,"8":9,"9":5,"20":6,"10":10},"LAST COALITION":[[],[{"utility":36,"ID":4},{"utility":0,"ID":11}],[{"utility":98,"ID":19},{"utility":79,"ID":8}],[{"utility":57,"ID":17},{"utility":57,"ID":9}],[{"utility":0,"ID":18}],[{"utility":33,"ID":16},{"utility":55,"ID":1}],[{"utility":25,"ID":5},{"utility":33,"ID":6}],[{"utility":73,"ID":20},{"utility":59,"ID":10}],[{"utility":82,"ID":7},{"utility":41,"ID":12}],[],[{"utility":0,"ID":13}],[{"utility":21,"ID":14},{"utility":56,"ID":15}],[{"utility":69,"ID":2},{"utility":95,"ID":3}],[],[],[],[],[],[],[],[]],"STARTING COALITION: ":[[null],[{"utility":0,"ID":5}],[{"utility":0,"ID":13}],[{"utility":0,"ID":19}],[{"utility":33.5,"ID":2},{"utility":0,"ID":14},{"utility":37.5,"ID":18}],[{"utility":0,"ID":1},{"utility":0,"ID":9},{"utility":5.5,"ID":11}],[{"utility":0,"ID":6},{"utility":0,"ID":20}],[{"utility":0,"ID":17}],[{"utility":0,"ID":4},{"utility":90,"ID":15}],[{"utility":0,"ID":8},{"utility":0,"ID":12}],[{"utility":9,"ID":3},{"utility":14.333333333333334,"ID":7},{"utility":0,"ID":10},{"utility":6.333333333333333,"ID":16}],[],[],[],[],[],[],[],[],[],[]],"CORE :":true,"Relazioni :":140,"Time : ":0.1,"LAST PARTITION":{"11":1,"12":8,"13":10,"14":11,"15":11,"16":5,"17":3,"18":4,"19":2,"1":5,"2":12,"3":12,"4":1,"5":6,"6":6,"7":8,"8":2,"9":3,"20":7,"10":7}},{"Modalità dinamica :":false,"Q : ":9,"STARTING PARTITION: ":{"11":5,"12":9,"13":2,"14":4,"15":8,"16":10,"17":7,"18":4,"19":3,"1":5,"2":4,"3":10,"4":8,"5":1,"6":6,"7":10,"8":9,"9":5,"20":6,"10":10},"LAST COALITION":[[],[{"utility":36,"ID":4},{"utility":0,"ID":11}],[{"utility":98,"ID":19},{"utility":79,"ID":8}],[{"utility":57,"ID":17},{"utility":57,"ID":9}],[{"utility":0,"ID":18}],[{"utility":33,"ID":16},{"utility":55,"ID":1}],[{"utility":25,"ID":5},{"utility":33,"ID":6}],[{"utility":73,"ID":20},{"utility":59,"ID":10}],[{"utility":82,"ID":7},{"utility":41,"ID":12}],[],[{"utility":0,"ID":13}],[{"utility":21,"ID":14},{"utility":56,"ID":15}],[{"utility":69,"ID":2},{"utility":95,"ID":3}],[],[],[],[],[],[],[],[]],"STARTING COALITION: ":[[null],[{"utility":0,"ID":5}],[{"utility":0,"ID":13}],[{"utility":0,"ID":19}],[{"utility":33.5,"ID":2},{"utility":0,"ID":14},{"utility":37.5,"ID":18}],[{"utility":0,"ID":1},{"utility":0,"ID":9},{"utility":5.5,"ID":11}],[{"utility":0,"ID":6},{"utility":0,"ID":20}],[{"utility":0,"ID":17}],[{"utility":0,"ID":4},{"utility":90,"ID":15}],[{"utility":0,"ID":8},{"utility":0,"ID":12}],[{"utility":9,"ID":3},{"utility":14.333333333333334,"ID":7},{"utility":0,"ID":10},{"utility":6.333333333333333,"ID":16}],[],[],[],[],[],[],[],[],[],[]],"CORE :":true,"Relazioni :":140,"Time : ":0.2,"LAST PARTITION":{"11":1,"12":8,"13":10,"14":11,"15":11,"16":5,"17":3,"18":4,"19":2,"1":5,"2":12,"3":12,"4":1,"5":6,"6":6,"7":8,"8":2,"9":3,"20":7,"10":7}},{"Modalità dinamica :":false,"Q : ":10,"STARTING PARTITION: ":{"11":5,"12":9,"13":2,"14":4,"15":8,"16":10,"17":7,"18":4,"19":3,"1":5,"2":4,"3":10,"4":8,"5":1,"6":6,"7":10,"8":9,"9":5,"20":6,"10":10},"LAST COALITION":[[],[{"utility":36,"ID":4},{"utility":0,"ID":11}],[{"utility":98,"ID":19},{"utility":79,"ID":8}],[{"utility":57,"ID":17},{"utility":57,"ID":9}],[{"utility":0,"ID":18}],[{"utility":33,"ID":16},{"utility":55,"ID":1}],[{"utility":25,"ID":5},{"utility":33,"ID":6}],[{"utility":73,"ID":20},{"utility":59,"ID":10}],[{"utility":82,"ID":7},{"utility":41,"ID":12}],[],[{"utility":0,"ID":13}],[{"utility":21,"ID":14},{"utility":56,"ID":15}],[{"utility":69,"ID":2},{"utility":95,"ID":3}],[],[],[],[],[],[],[],[]],"STARTING COALITION: ":[[null],[{"utility":0,"ID":5}],[{"utility":0,"ID":13}],[{"utility":0,"ID":19}],[{"utility":33.5,"ID":2},{"utility":0,"ID":14},{"utility":37.5,"ID":18}],[{"utility":0,"ID":1},{"utility":0,"ID":9},{"utility":5.5,"ID":11}],[{"utility":0,"ID":6},{"utility":0,"ID":20}],[{"utility":0,"ID":17}],[{"utility":0,"ID":4},{"utility":90,"ID":15}],[{"utility":0,"ID":8},{"utility":0,"ID":12}],[{"utility":9,"ID":3},{"utility":14.333333333333334,"ID":7},{"utility":0,"ID":10},{"utility":6.333333333333333,"ID":16}],[],[],[],[],[],[],[],[],[],[]],"CORE :":true,"Relazioni :":140,"Time : ":0.1,"LAST PARTITION":{"11":1,"12":8,"13":10,"14":11,"15":11,"16":5,"17":3,"18":4,"19":2,"1":5,"2":12,"3":12,"4":1,"5":6,"6":6,"7":8,"8":2,"9":3,"20":7,"10":7}},{"Modalità dinamica :":false,"Q : ":10,"STARTING PARTITION: ":{"11":5,"12":9,"13":2,"14":4,"15":8,"16":10,"17":7,"18":4,"19":3,"1":5,"2":4,"3":10,"4":8,"5":1,"6":6,"7":10,"8":9,"9":5,"20":6,"10":10},"LAST COALITION":[[],[{"utility":36,"ID":4},{"utility":0,"ID":11}],[{"utility":98,"ID":19},{"utility":79,"ID":8}],[{"utility":57,"ID":17},{"utility":57,"ID":9}],[{"utility":0,"ID":18}],[{"utility":33,"ID":16},{"utility":55,"ID":1}],[{"utility":25,"ID":5},{"utility":33,"ID":6}],[{"utility":73,"ID":20},{"utility":59,"ID":10}],[{"utility":82,"ID":7},{"utility":41,"ID":12}],[],[{"utility":0,"ID":13}],[{"utility":21,"ID":14},{"utility":56,"ID":15}],[{"utility":69,"ID":2},{"utility":95,"ID":3}],[],[],[],[],[],[],[],[]],"STARTING COALITION: ":[[null],[{"utility":0,"ID":5}],[{"utility":0,"ID":13}],[{"utility":0,"ID":19}],[{"utility":33.5,"ID":2},{"utility":0,"ID":14},{"utility":37.5,"ID":18}],[{"utility":0,"ID":1},{"utility":0,"ID":9},{"utility":5.5,"ID":11}],[{"utility":0,"ID":6},{"utility":0,"ID":20}],[{"utility":0,"ID":17}],[{"utility":0,"ID":4},{"utility":90,"ID":15}],[{"utility":0,"ID":8},{"utility":0,"ID":12}],[{"utility":9,"ID":3},{"utility":14.333333333333334,"ID":7},{"utility":0,"ID":10},{"utility":6.333333333333333,"ID":16}],[],[],[],[],[],[],[],[],[],[]],"CORE :":true,"Relazioni :":140,"Time : ":0.2,"LAST PARTITION":{"11":1,"12":8,"13":10,"14":11,"15":11,"16":5,"17":3,"18":4,"19":2,"1":5,"2":12,"3":12,"4":1,"5":6,"6":6,"7":8,"8":2,"9":3,"20":7,"10":7}},{"Modalità dinamica :":true,"Q : ":2,"STARTING PARTITION: ":{"11":5,"12":9,"13":2,"14":4,"15":8,"16":10,"17":7,"18":4,"19":3,"1":5,"2":4,"3":10,"4":8,"5":1,"6":6,"7":10,"8":9,"9":5,"20":6,"10":10},"LAST COALITION":[[],[],[{"utility":0,"ID":13}],[{"utility":69,"ID":2},{"utility":95,"ID":3}],[{"utility":0,"ID":18}],[{"utility":25,"ID":5},{"utility":33,"ID":6}],[{"utility":57,"ID":9},{"utility":57,"ID":17}],[{"utility":55,"ID":1},{"utility":33,"ID":16}],[{"utility":0,"ID":4},{"utility":90,"ID":15}],[],[],[{"utility":59,"ID":10},{"utility":73,"ID":20}],[{"utility":0,"ID":14}],[{"utility":0,"ID":11}],[{"utility":82,"ID":7},{"utility":41,"ID":12}],[],[{"utility":79,"ID":8},{"utility":98,"ID":19}],[],[],[],[]],"STARTING COALITION: ":[[null],[{"utility":0,"ID":5}],[{"utility":0,"ID":13}],[{"utility":0,"ID":19}],[{"utility":33.5,"ID":2},{"utility":0,"ID":14},{"utility":37.5,"ID":18}],[{"utility":0,"ID":1},{"utility":0,"ID":9},{"utility":5.5,"ID":11}],[{"utility":0,"ID":6},{"utility":0,"ID":20}],[{"utility":0,"ID":17}],[{"utility":0,"ID":4},{"utility":90,"ID":15}],[{"utility":0,"ID":8},{"utility":0,"ID":12}],[{"utility":9,"ID":3},{"utility":14.333333333333334,"ID":7},{"utility":0,"ID":10},{"utility":6.333333333333333,"ID":16}],[],[],[],[],[],[],[],[],[],[]],"CORE :":true,"Relazioni :":140,"Time : ":0.1,"LAST PARTITION":{"11":13,"12":14,"13":2,"14":12,"15":8,"16":7,"17":6,"18":4,"19":16,"1":7,"2":3,"3":3,"4":8,"5":5,"6":5,"7":14,"8":16,"9":6,"20":11,"10":11}},{"Modalità dinamica :":true,"Q : ":2,"STARTING PARTITION: ":{"11":5,"12":9,"13":2,"14":4,"15":8,"16":10,"17":7,"18":4,"19":3,"1":5,"2":4,"3":10,"4":8,"5":1,"6":6,"7":10,"8":9,"9":5,"20":6,"10":10},"LAST COALITION":[[],[{"utility":0,"ID":14}],[{"utility":0,"ID":13}],[{"utility":55,"ID":1},{"utility":33,"ID":16}],[{"utility":0,"ID":18}],[{"utility":0,"ID":11}],[{"utility":82,"ID":7},{"utility":41,"ID":12}],[],[{"utility":0,"ID":4},{"utility":90,"ID":15}],[{"utility":57,"ID":9},{"utility":57,"ID":17}],[{"utility":69,"ID":2},{"utility":95,"ID":3}],[{"utility":79,"ID":8},{"utility":98,"ID":19}],[],[{"utility":59,"ID":10},{"utility":73,"ID":20}],[],[{"utility":25,"ID":5},{"utility":33,"ID":6}],[],[],[],[],[]],"STARTING COALITION: ":[[null],[{"utility":0,"ID":5}],[{"utility":0,"ID":13}],[{"utility":0,"ID":19}],[{"utility":33.5,"ID":2},{"utility":0,"ID":14},{"utility":37.5,"ID":18}],[{"utility":0,"ID":1},{"utility":0,"ID":9},{"utility":5.5,"ID":11}],[{"utility":0,"ID":6},{"utility":0,"ID":20}],[{"utility":0,"ID":17}],[{"utility":0,"ID":4},{"utility":90,"ID":15}],[{"utility":0,"ID":8},{"utility":0,"ID":12}],[{"utility":9,"ID":3},{"utility":14.333333333333334,"ID":7},{"utility":0,"ID":10},{"utility":6.333333333333333,"ID":16}],[],[],[],[],[],[],[],[],[],[]],"CORE :":true,"Relazioni :":140,"Time : ":0.2,"LAST PARTITION":{"11":5,"12":6,"13":2,"14":1,"15":8,"16":3,"17":9,"18":4,"19":11,"1":3,"2":10,"3":10,"4":8,"5":15,"6":15,"7":6,"8":11,"9":9,"20":13,"10":13}},{"Modalità dinamica :":true,"Q : ":3,"STARTING PARTITION: ":{"11":5,"12":9,"13":2,"14":4,"15":8,"16":10,"17":7,"18":4,"19":3,"1":5,"2":4,"3":10,"4":8,"5":1,"6":6,"7":10,"8":9,"9":5,"20":6,"10":10},"LAST COALITION":[[],[{"utility":82,"ID":7},{"utility":41,"ID":12}],[{"utility":59,"ID":10},{"utility":73,"ID":20}],[{"utility":26.5,"ID":1},{"utility":18,"ID":4},{"utility":5.5,"ID":11}],[{"utility":0,"ID":18}],[{"utility":0,"ID":6}],[{"utility":0,"ID":16}],[{"utility":57,"ID":9},{"utility":57,"ID":17}],[{"utility":0,"ID":5}],[],[{"utility":0,"ID":13}],[{"utility":69,"ID":2},{"utility":95,"ID":3}],[{"utility":79,"ID":8},{"utility":98,"ID":19}],[{"utility":21,"ID":14},{"utility":56,"ID":15}],[],[],[],[],[],[],[]],"STARTING COALITION: ":[[null],[{"utility":0,"ID":5}],[{"utility":0,"ID":13}],[{"utility":0,"ID":19}],[{"utility":33.5,"ID":2},{"utility":0,"ID":14},{"utility":37.5,"ID":18}],[{"utility":0,"ID":1},{"utility":0,"ID":9},{"utility":5.5,"ID":11}],[{"utility":0,"ID":6},{"utility":0,"ID":20}],[{"utility":0,"ID":17}],[{"utility":0,"ID":4},{"utility":90,"ID":15}],[{"utility":0,"ID":8},{"utility":0,"ID":12}],[{"utility":9,"ID":3},{"utility":14.333333333333334,"ID":7},{"utility":0,"ID":10},{"utility":6.333333333333333,"ID":16}],[],[],[],[],[],[],[],[],[],[]],"CORE :":true,"Relazioni :":140,"Time : ":0.1,"LAST PARTITION":{"11":3,"12":1,"13":10,"14":13,"15":13,"16":6,"17":7,"18":4,"19":12,"1":3,"2":11,"3":11,"4":3,"5":8,"6":5,"7":1,"8":12,"9":7,"20":2,"10":2}},{"Modalità dinamica :":true,"Q : ":3,"STARTING PARTITION: ":{"11":5,"12":9,"13":2,"14":4,"15":8,"16":10,"17":7,"18":4,"19":3,"1":5,"2":4,"3":10,"4":8,"5":1,"6":6,"7":10,"8":9,"9":5,"20":6,"10":10},"LAST COALITION":[[],[{"utility":59,"ID":10},{"utility":73,"ID":20}],[{"utility":25,"ID":5},{"utility":33,"ID":6}],[{"utility":0,"ID":1}],[{"utility":79,"ID":8},{"utility":98,"ID":19}],[{"utility":0,"ID":18}],[{"utility":82,"ID":7},{"utility":41,"ID":12}],[{"utility":4.5,"ID":4},{"utility":21.5,"ID":14},{"utility":43,"ID":16}],[{"utility":57,"ID":9},{"utility":57,"ID":17}],[{"utility":0,"ID":11}],[{"utility":0,"ID":15}],[],[{"utility":69,"ID":2},{"utility":95,"ID":3}],[],[],[{"utility":0,"ID":13}],[],[],[],[],[]],"STARTING COALITION: ":[[null],[{"utility":0,"ID":5}],[{"utility":0,"ID":13}],[{"utility":0,"ID":19}],[{"utility":33.5,"ID":2},{"utility":0,"ID":14},{"utility":37.5,"ID":18}],[{"utility":0,"ID":1},{"utility":0,"ID":9},{"utility":5.5,"ID":11}],[{"utility":0,"ID":6},{"utility":0,"ID":20}],[{"utility":0,"ID":17}],[{"utility":0,"ID":4},{"utility":90,"ID":15}],[{"utility":0,"ID":8},{"utility":0,"ID":12}],[{"utility":9,"ID":3},{"utility":14.333333333333334,"ID":7},{"utility":0,"ID":10},{"utility":6.333333333333333,"ID":16}],[],[],[],[],[],[],[],[],[],[]],"CORE :":true,"Relazioni :":140,"Time : ":0.2,"LAST PARTITION":{"11":9,"12":6,"13":15,"14":7,"15":10,"16":7,"17":8,"18":5,"19":4,"1":3,"2":12,"3":12,"4":7,"5":2,"6":2,"7":6,"8":4,"9":8,"20":1,"10":1}},{"Modalità dinamica :":true,"Q : ":4,"STARTING PARTITION: ":{"11":5,"12":9,"13":2,"14":4,"15":8,"16":10,"17":7,"18":4,"19":3,"1":5,"2":4,"3":10,"4":8,"5":1,"6":6,"7":10,"8":9,"9":5,"20":6,"10":10},"LAST COALITION":[[],[],[{"utility":0,"ID":13}],[{"utility":21,"ID":14},{"utility":56,"ID":15}],[{"utility":0,"ID":18}],[{"utility":0,"ID":11}],[{"utility":79,"ID":8},{"utility":98,"ID":19}],[],[{"utility":82,"ID":7},{"utility":41,"ID":12}],[{"utility":55,"ID":1},{"utility":33,"ID":16}],[{"utility":69,"ID":2},{"utility":95,"ID":3}],[{"utility":0,"ID":4}],[{"utility":59,"ID":10},{"utility":73,"ID":20}],[{"utility":25,"ID":5},{"utility":33,"ID":6}],[{"utility":57,"ID":9},{"utility":57,"ID":17}],[],[],[],[],[],[]],"STARTING COALITION: ":[[null],[{"utility":0,"ID":5}],[{"utility":0,"ID":13}],[{"utility":0,"ID":19}],[{"utility":33.5,"ID":2},{"utility":0,"ID":14},{"utility":37.5,"ID":18}],[{"utility":0,"ID":1},{"utility":0,"ID":9},{"utility":5.5,"ID":11}],[{"utility":0,"ID":6},{"utility":0,"ID":20}],[{"utility":0,"ID":17}],[{"utility":0,"ID":4},{"utility":90,"ID":15}],[{"utility":0,"ID":8},{"utility":0,"ID":12}],[{"utility":9,"ID":3},{"utility":14.333333333333334,"ID":7},{"utility":0,"ID":10},{"utility":6.333333333333333,"ID":16}],[],[],[],[],[],[],[],[],[],[]],"CORE :":true,"Relazioni :":140,"Time : ":0.1,"LAST PARTITION":{"11":5,"12":8,"13":2,"14":3,"15":3,"16":9,"17":14,"18":4,"19":6,"1":9,"2":10,"3":10,"4":11,"5":13,"6":13,"7":8,"8":6,"9":14,"20":12,"10":12}},{"Modalità dinamica :":true,"Q : ":4,"STARTING PARTITION: ":{"11":5,"12":9,"13":2,"14":4,"15":8,"16":10,"17":7,"18":4,"19":3,"1":5,"2":4,"3":10,"4":8,"5":1,"6":6,"7":10,"8":9,"9":5,"20":6,"10":10},"LAST COALITION":[[],[{"utility":29.5,"ID":10},{"utility":34.5,"ID":12},{"utility":60,"ID":20}],[{"utility":0,"ID":13}],[],[{"utility":0,"ID":2}],[{"utility":0,"ID":11}],[{"utility":0,"ID":6}],[{"utility":29.333333333333332,"ID":3},{"utility":27.333333333333332,"ID":5},{"utility":32.333333333333336,"ID":18},{"utility":34.666666666666664,"ID":19}],[{"utility":0,"ID":4},{"utility":90,"ID":15}],[],[{"utility":0,"ID":7}],[{"utility":67.5,"ID":1},{"utility":29.5,"ID":8},{"utility":16.5,"ID":16}],[{"utility":75,"ID":9},{"utility":0,"ID":14},{"utility":67.5,"ID":17}],[],[],[],[],[],[],[],[]],"STARTING COALITION: ":[[null],[{"utility":0,"ID":5}],[{"utility":0,"ID":13}],[{"utility":0,"ID":19}],[{"utility":33.5,"ID":2},{"utility":0,"ID":14},{"utility":37.5,"ID":18}],[{"utility":0,"ID":1},{"utility":0,"ID":9},{"utility":5.5,"ID":11}],[{"utility":0,"ID":6},{"utility":0,"ID":20}],[{"utility":0,"ID":17}],[{"utility":0,"ID":4},{"utility":90,"ID":15}],[{"utility":0,"ID":8},{"utility":0,"ID":12}],[{"utility":9,"ID":3},{"utility":14.333333333333334,"ID":7},{"utility":0,"ID":10},{"utility":6.333333333333333,"ID":16}],[],[],[],[],[],[],[],[],[],[]],"CORE :":true,"Relazioni :":140,"Time : ":0.2,"LAST PARTITION":{"11":5,"12":1,"13":2,"14":12,"15":8,"16":11,"17":12,"18":7,"19":7,"1":11,"2":4,"3":7,"4":8,"5":7,"6":6,"7":10,"8":11,"9":12,"20":1,"10":1}},{"Modalità dinamica :":true,"Q : ":5,"STARTING PARTITION: ":{"11":5,"12":9,"13":2,"14":4,"15":8,"16":10,"17":7,"18":4,"19":3,"1":5,"2":4,"3":10,"4":8,"5":1,"6":6,"7":10,"8":9,"9":5,"20":6,"10":10},"LAST COALITION":[[],[{"utility":0,"ID":16}],[{"utility":82,"ID":7},{"utility":41,"ID":12}],[{"utility":59,"ID":10},{"utility":73,"ID":20}],[{"utility":0,"ID":18}],[{"utility":18,"ID":4},{"utility":34.5,"ID":11},{"utility":45.5,"ID":15}],[{"utility":79,"ID":8},{"utility":98,"ID":19}],[],[{"utility":0,"ID":6}],[{"utility":87,"ID":1},{"utility":0,"ID":5}],[{"utility":57,"ID":9},{"utility":57,"ID":17}],[{"utility":0,"ID":14}],[{"utility":0,"ID":13}],[],[],[{"utility":69,"ID":2},{"utility":95,"ID":3}],[],[],[],[],[]],"STARTING COALITION: ":[[null],[{"utility":0,"ID":5}],[{"utility":0,"ID":13}],[{"utility":0,"ID":19}],[{"utility":33.5,"ID":2},{"utility":0,"ID":14},{"utility":37.5,"ID":18}],[{"utility":0,"ID":1},{"utility":0,"ID":9},{"utility":5.5,"ID":11}],[{"utility":0,"ID":6},{"utility":0,"ID":20}],[{"utility":0,"ID":17}],[{"utility":0,"ID":4},{"utility":90,"ID":15}],[{"utility":0,"ID":8},{"utility":0,"ID":12}],[{"utility":9,"ID":3},{"utility":14.333333333333334,"ID":7},{"utility":0,"ID":10},{"utility":6.333333333333333,"ID":16}],[],[],[],[],[],[],[],[],[],[]],"CORE :":true,"Relazioni :":140,"Time : ":0.1,"LAST PARTITION":{"11":5,"12":2,"13":12,"14":11,"15":5,"16":1,"17":10,"18":4,"19":6,"1":9,"2":15,"3":15,"4":5,"5":9,"6":8,"7":2,"8":6,"9":10,"20":3,"10":3}},{"Modalità dinamica :":true,"Q : ":5,"STARTING PARTITION: ":{"11":5,"12":9,"13":2,"14":4,"15":8,"16":10,"17":7,"18":4,"19":3,"1":5,"2":4,"3":10,"4":8,"5":1,"6":6,"7":10,"8":9,"9":5,"20":6,"10":10},"LAST COALITION":[[],[{"utility":55,"ID":1},{"utility":33,"ID":16}],[{"utility":59,"ID":10},{"utility":73,"ID":20}],[{"utility":53,"ID":6},{"utility":0,"ID":18}],[{"utility":79,"ID":8},{"utility":98,"ID":19}],[],[{"utility":0,"ID":13}],[{"utility":69,"ID":2},{"utility":95,"ID":3}],[{"utility":0,"ID":5}],[{"utility":82,"ID":7},{"utility":41,"ID":12}],[{"utility":57,"ID":9},{"utility":57,"ID":17}],[{"utility":0,"ID":14}],[],[],[{"utility":18,"ID":4},{"utility":34.5,"ID":11},{"utility":45.5,"ID":15}],[],[],[],[],[],[]],"STARTING COALITION: ":[[null],[{"utility":0,"ID":5}],[{"utility":0,"ID":13}],[{"utility":0,"ID":19}],[{"utility":33.5,"ID":2},{"utility":0,"ID":14},{"utility":37.5,"ID":18}],[{"utility":0,"ID":1},{"utility":0,"ID":9},{"utility":5.5,"ID":11}],[{"utility":0,"ID":6},{"utility":0,"ID":20}],[{"utility":0,"ID":17}],[{"utility":0,"ID":4},{"utility":90,"ID":15}],[{"utility":0,"ID":8},{"utility":0,"ID":12}],[{"utility":9,"ID":3},{"utility":14.333333333333334,"ID":7},{"utility":0,"ID":10},{"utility":6.333333333333333,"ID":16}],[],[],[],[],[],[],[],[],[],[]],"CORE :":true,"Relazioni :":140,"Time : ":0.2,"LAST PARTITION":{"11":14,"12":9,"13":6,"14":11,"15":14,"16":1,"17":10,"18":3,"19":4,"1":1,"2":7,"3":7,"4":14,"5":8,"6":3,"7":9,"8":4,"9":10,"20":2,"10":2}},{"Modalità dinamica :":true,"Q : ":6,"STARTING PARTITION: ":{"11":5,"12":9,"13":2,"14":4,"15":8,"16":10,"17":7,"18":4,"19":3,"1":5,"2":4,"3":10,"4":8,"5":1,"6":6,"7":10,"8":9,"9":5,"20":6,"10":10},"LAST COALITION":[[],[{"utility":0,"ID":13}],[{"utility":26.5,"ID":1},{"utility":18,"ID":4},{"utility":5.5,"ID":11}],[],[{"utility":0,"ID":18}],[{"utility":82,"ID":7},{"utility":41,"ID":12}],[{"utility":59,"ID":10},{"utility":73,"ID":20}],[{"utility":0,"ID":16}],[{"utility":57,"ID":9},{"utility":57,"ID":17}],[{"utility":21,"ID":14},{"utility":56,"ID":15}],[{"utility":79,"ID":8},{"utility":98,"ID":19}],[{"utility":25,"ID":5},{"utility":33,"ID":6}],[{"utility":69,"ID":2},{"utility":95,"ID":3}],[],[],[],[],[],[],[],[]],"STARTING COALITION: ":[[null],[{"utility":0,"ID":5}],[{"utility":0,"ID":13}],[{"utility":0,"ID":19}],[{"utility":33.5,"ID":2},{"utility":0,"ID":14},{"utility":37.5,"ID":18}],[{"utility":0,"ID":1},{"utility":0,"ID":9},{"utility":5.5,"ID":11}],[{"utility":0,"ID":6},{"utility":0,"ID":20}],[{"utility":0,"ID":17}],[{"utility":0,"ID":4},{"utility":90,"ID":15}],[{"utility":0,"ID":8},{"utility":0,"ID":12}],[{"utility":9,"ID":3},{"utility":14.333333333333334,"ID":7},{"utility":0,"ID":10},{"utility":6.333333333333333,"ID":16}],[],[],[],[],[],[],[],[],[],[]],"CORE :":true,"Relazioni :":140,"Time : ":0.1,"LAST PARTITION":{"11":2,"12":5,"13":1,"14":9,"15":9,"16":7,"17":8,"18":4,"19":10,"1":2,"2":12,"3":12,"4":2,"5":11,"6":11,"7":5,"8":10,"9":8,"20":6,"10":6}},{"Modalità dinamica :":true,"Q : ":6,"STARTING PARTITION: ":{"11":5,"12":9,"13":2,"14":4,"15":8,"16":10,"17":7,"18":4,"19":3,"1":5,"2":4,"3":10,"4":8,"5":1,"6":6,"7":10,"8":9,"9":5,"20":6,"10":10},"LAST COALITION":[[],[],[{"utility":57,"ID":9},{"utility":57,"ID":17}],[{"utility":17.666666666666668,"ID":1},{"utility":12,"ID":4},{"utility":26.666666666666668,"ID":11},{"utility":45.666666666666664,"ID":15}],[{"utility":0,"ID":13}],[{"utility":0,"ID":16}],[{"utility":0,"ID":18}],[],[{"utility":27,"ID":14},{"utility":63,"ID":20}],[{"utility":0,"ID":10}],[{"utility":25,"ID":5},{"utility":33,"ID":6}],[{"utility":69,"ID":2},{"utility":95,"ID":3}],[{"utility":82,"ID":7},{"utility":41,"ID":12}],[{"utility":79,"ID":8},{"utility":98,"ID":19}],[],[],[],[],[],[],[]],"STARTING COALITION: ":[[null],[{"utility":0,"ID":5}],[{"utility":0,"ID":13}],[{"utility":0,"ID":19}],[{"utility":33.5,"ID":2},{"utility":0,"ID":14},{"utility":37.5,"ID":18}],[{"utility":0,"ID":1},{"utility":0,"ID":9},{"utility":5.5,"ID":11}],[{"utility":0,"ID":6},{"utility":0,"ID":20}],[{"utility":0,"ID":17}],[{"utility":0,"ID":4},{"utility":90,"ID":15}],[{"utility":0,"ID":8},{"utility":0,"ID":12}],[{"utility":9,"ID":3},{"utility":14.333333333333334,"ID":7},{"utility":0,"ID":10},{"utility":6.333333333333333,"ID":16}],[],[],[],[],[],[],[],[],[],[]],"CORE :":true,"Relazioni :":140,"Time : ":0.2,"LAST PARTITION":{"11":3,"12":12,"13":4,"14":8,"15":3,"16":5,"17":2,"18":6,"19":13,"1":3,"2":11,"3":11,"4":3,"5":10,"6":10,"7":12,"8":13,"9":2,"20":8,"10":9}},{"Modalità dinamica :":true,"Q : ":7,"STARTING PARTITION: ":{"11":5,"12":9,"13":2,"14":4,"15":8,"16":10,"17":7,"18":4,"19":3,"1":5,"2":4,"3":10,"4":8,"5":1,"6":6,"7":10,"8":9,"9":5,"20":6,"10":10},"LAST COALITION":[[],[{"utility":57,"ID":9},{"utility":57,"ID":17}],[{"utility":55,"ID":1},{"utility":33,"ID":16}],[{"utility":0,"ID":11}],[],[],[{"utility":0,"ID":2}],[{"utility":59,"ID":10},{"utility":73,"ID":20}],[{"utility":27.333333333333332,"ID":7},{"utility":13.666666666666666,"ID":12},{"utility":13.333333333333334,"ID":13},{"utility":30,"ID":18}],[{"utility":25,"ID":5},{"utility":33,"ID":6}],[{"utility":21,"ID":14},{"utility":56,"ID":15}],[],[{"utility":44,"ID":3},{"utility":25.333333333333332,"ID":4},{"utility":26.333333333333332,"ID":8},{"utility":61.333333333333336,"ID":19}],[],[],[],[],[],[],[],[]],"STARTING COALITION: ":[[null],[{"utility":0,"ID":5}],[{"utility":0,"ID":13}],[{"utility":0,"ID":19}],[{"utility":33.5,"ID":2},{"utility":0,"ID":14},{"utility":37.5,"ID":18}],[{"utility":0,"ID":1},{"utility":0,"ID":9},{"utility":5.5,"ID":11}],[{"utility":0,"ID":6},{"utility":0,"ID":20}],[{"utility":0,"ID":17}],[{"utility":0,"ID":4},{"utility":90,"ID":15}],[{"utility":0,"ID":8},{"utility":0,"ID":12}],[{"utility":9,"ID":3},{"utility":14.333333333333334,"ID":7},{"utility":0,"ID":10},{"utility":6.333333333333333,"ID":16}],[],[],[],[],[],[],[],[],[],[]],"CORE :":true,"Relazioni :":140,"Time : ":0.1,"LAST PARTITION":{"11":3,"12":8,"13":8,"14":10,"15":10,"16":2,"17":1,"18":8,"19":12,"1":2,"2":6,"3":12,"4":12,"5":9,"6":9,"7":8,"8":12,"9":1,"20":7,"10":7}},{"Modalità dinamica :":true,"Q : ":7,"STARTING PARTITION: ":{"11":5,"12":9,"13":2,"14":4,"15":8,"16":10,"17":7,"18":4,"19":3,"1":5,"2":4,"3":10,"4":8,"5":1,"6":6,"7":10,"8":9,"9":5,"20":6,"10":10},"LAST COALITION":[[],[{"utility":57,"ID":9},{"utility":57,"ID":17}],[{"utility":84,"ID":5},{"utility":4,"ID":15}],[{"utility":26.5,"ID":1},{"utility":18,"ID":4},{"utility":5.5,"ID":11}],[{"utility":0,"ID":13}],[],[{"utility":0,"ID":18}],[],[{"utility":0,"ID":6}],[{"utility":69,"ID":2},{"utility":95,"ID":3}],[{"utility":82,"ID":7},{"utility":41,"ID":12}],[{"utility":43,"ID":14},{"utility":0,"ID":16}],[{"utility":59,"ID":10},{"utility":73,"ID":20}],[{"utility":79,"ID":8},{"utility":98,"ID":19}],[],[],[],[],[],[],[]],"STARTING COALITION: ":[[null],[{"utility":0,"ID":5}],[{"utility":0,"ID":13}],[{"utility":0,"ID":19}],[{"utility":33.5,"ID":2},{"utility":0,"ID":14},{"utility":37.5,"ID":18}],[{"utility":0,"ID":1},{"utility":0,"ID":9},{"utility":5.5,"ID":11}],[{"utility":0,"ID":6},{"utility":0,"ID":20}],[{"utility":0,"ID":17}],[{"utility":0,"ID":4},{"utility":90,"ID":15}],[{"utility":0,"ID":8},{"utility":0,"ID":12}],[{"utility":9,"ID":3},{"utility":14.333333333333334,"ID":7},{"utility":0,"ID":10},{"utility":6.333333333333333,"ID":16}],[],[],[],[],[],[],[],[],[],[]],"CORE :":true,"Relazioni :":140,"Time : ":0.2,"LAST PARTITION":{"11":3,"12":10,"13":4,"14":11,"15":2,"16":11,"17":1,"18":6,"19":13,"1":3,"2":9,"3":9,"4":3,"5":2,"6":8,"7":10,"8":13,"9":1,"20":12,"10":12}},{"Modalità dinamica :":true,"Q : ":8,"STARTING PARTITION: ":{"11":5,"12":9,"13":2,"14":4,"15":8,"16":10,"17":7,"18":4,"19":3,"1":5,"2":4,"3":10,"4":8,"5":1,"6":6,"7":10,"8":9,"9":5,"20":6,"10":10},"LAST COALITION":[[],[{"utility":59,"ID":10},{"utility":73,"ID":20}],[{"utility":82,"ID":7},{"utility":41,"ID":12}],[{"utility":55,"ID":1},{"utility":33,"ID":16}],[{"utility":0,"ID":18}],[{"utility":0,"ID":6}],[{"utility":0,"ID":13}],[{"utility":76,"ID":5},{"utility":0,"ID":11}],[{"utility":0,"ID":4},{"utility":90,"ID":15}],[{"utility":69,"ID":2},{"utility":95,"ID":3}],[{"utility":79,"ID":8},{"utility":98,"ID":19}],[{"utility":0,"ID":14}],[{"utility":57,"ID":9},{"utility":57,"ID":17}],[],[],[],[],[],[],[],[]],"STARTING COALITION: ":[[null],[{"utility":0,"ID":5}],[{"utility":0,"ID":13}],[{"utility":0,"ID":19}],[{"utility":33.5,"ID":2},{"utility":0,"ID":14},{"utility":37.5,"ID":18}],[{"utility":0,"ID":1},{"utility":0,"ID":9},{"utility":5.5,"ID":11}],[{"utility":0,"ID":6},{"utility":0,"ID":20}],[{"utility":0,"ID":17}],[{"utility":0,"ID":4},{"utility":90,"ID":15}],[{"utility":0,"ID":8},{"utility":0,"ID":12}],[{"utility":9,"ID":3},{"utility":14.333333333333334,"ID":7},{"utility":0,"ID":10},{"utility":6.333333333333333,"ID":16}],[],[],[],[],[],[],[],[],[],[]],"CORE :":true,"Relazioni :":140,"Time : ":0.1,"LAST PARTITION":{"11":7,"12":2,"13":6,"14":11,"15":8,"16":3,"17":12,"18":4,"19":10,"1":3,"2":9,"3":9,"4":8,"5":7,"6":5,"7":2,"8":10,"9":12,"20":1,"10":1}},{"Modalità dinamica :":true,"Q : ":8,"STARTING PARTITION: ":{"11":5,"12":9,"13":2,"14":4,"15":8,"16":10,"17":7,"18":4,"19":3,"1":5,"2":4,"3":10,"4":8,"5":1,"6":6,"7":10,"8":9,"9":5,"20":6,"10":10},"LAST COALITION":[[],[{"utility":21,"ID":14},{"utility":56,"ID":15}],[{"utility":0,"ID":13}],[{"utility":25,"ID":5},{"utility":33,"ID":6}],[{"utility":0,"ID":18}],[{"utility":59,"ID":10},{"utility":73,"ID":20}],[{"utility":69,"ID":2},{"utility":95,"ID":3}],[{"utility":82,"ID":7},{"utility":41,"ID":12}],[{"utility":55,"ID":1},{"utility":33,"ID":16}],[],[{"utility":36,"ID":4},{"utility":0,"ID":11}],[],[{"utility":79,"ID":8},{"utility":98,"ID":19}],[{"utility":57,"ID":9},{"utility":57,"ID":17}],[],[],[],[],[],[],[]],"STARTING COALITION: ":[[null],[{"utility":0,"ID":5}],[{"utility":0,"ID":13}],[{"utility":0,"ID":19}],[{"utility":33.5,"ID":2},{"utility":0,"ID":14},{"utility":37.5,"ID":18}],[{"utility":0,"ID":1},{"utility":0,"ID":9},{"utility":5.5,"ID":11}],[{"utility":0,"ID":6},{"utility":0,"ID":20}],[{"utility":0,"ID":17}],[{"utility":0,"ID":4},{"utility":90,"ID":15}],[{"utility":0,"ID":8},{"utility":0,"ID":12}],[{"utility":9,"ID":3},{"utility":14.333333333333334,"ID":7},{"utility":0,"ID":10},{"utility":6.333333333333333,"ID":16}],[],[],[],[],[],[],[],[],[],[]],"CORE :":true,"Relazioni :":140,"Time : ":0.2,"LAST PARTITION":{"11":10,"12":7,"13":2,"14":1,"15":1,"16":8,"17":13,"18":4,"19":12,"1":8,"2":6,"3":6,"4":10,"5":3,"6":3,"7":7,"8":12,"9":13,"20":5,"10":5}},{"Modalità dinamica :":true,"Q : ":9,"STARTING PARTITION: ":{"11":5,"12":9,"13":2,"14":4,"15":8,"16":10,"17":7,"18":4,"19":3,"1":5,"2":4,"3":10,"4":8,"5":1,"6":6,"7":10,"8":9,"9":5,"20":6,"10":10},"LAST COALITION":[[],[{"utility":0,"ID":12},{"utility":0,"ID":13}],[{"utility":0,"ID":6}],[{"utility":69,"ID":11},{"utility":1,"ID":15}],[{"utility":0,"ID":18}],[{"utility":27,"ID":14},{"utility":63,"ID":20}],[{"utility":43,"ID":7},{"utility":19,"ID":16}],[{"utility":79,"ID":8},{"utility":98,"ID":19}],[],[{"utility":69,"ID":2},{"utility":95,"ID":3}],[{"utility":43.5,"ID":1},{"utility":28.5,"ID":5},{"utility":27,"ID":10}],[{"utility":0,"ID":4},{"utility":69,"ID":17}],[{"utility":0,"ID":9}],[],[],[],[],[],[],[],[]],"STARTING COALITION: ":[[null],[{"utility":0,"ID":5}],[{"utility":0,"ID":13}],[{"utility":0,"ID":19}],[{"utility":33.5,"ID":2},{"utility":0,"ID":14},{"utility":37.5,"ID":18}],[{"utility":0,"ID":1},{"utility":0,"ID":9},{"utility":5.5,"ID":11}],[{"utility":0,"ID":6},{"utility":0,"ID":20}],[{"utility":0,"ID":17}],[{"utility":0,"ID":4},{"utility":90,"ID":15}],[{"utility":0,"ID":8},{"utility":0,"ID":12}],[{"utility":9,"ID":3},{"utility":14.333333333333334,"ID":7},{"utility":0,"ID":10},{"utility":6.333333333333333,"ID":16}],[],[],[],[],[],[],[],[],[],[]],"CORE :":true,"Relazioni :":140,"Time : ":0.1,"LAST PARTITION":{"11":3,"12":1,"13":1,"14":5,"15":3,"16":6,"17":11,"18":4,"19":7,"1":10,"2":9,"3":9,"4":11,"5":10,"6":2,"7":6,"8":7,"9":12,"20":5,"10":10}},{"Modalità dinamica :":true,"Q : ":9,"STARTING PARTITION: ":{"11":5,"12":9,"13":2,"14":4,"15":8,"16":10,"17":7,"18":4,"19":3,"1":5,"2":4,"3":10,"4":8,"5":1,"6":6,"7":10,"8":9,"9":5,"20":6,"10":10},"LAST COALITION":[[],[{"utility":21,"ID":14},{"utility":56,"ID":15}],[{"utility":79,"ID":8},{"utility":98,"ID":19}],[{"utility":82,"ID":7},{"utility":41,"ID":12}],[{"utility":0,"ID":6}],[{"utility":59,"ID":10},{"utility":73,"ID":20}],[],[],[{"utility":0,"ID":18}],[{"utility":36,"ID":4},{"utility":0,"ID":11}],[{"utility":0,"ID":13}],[{"utility":69,"ID":2},{"utility":95,"ID":3}],[{"utility":0,"ID":5}],[{"utility":55,"ID":1},{"utility":33,"ID":16}],[{"utility":57,"ID":9},{"utility":57,"ID":17}],[],[],[],[],[],[]],"STARTING COALITION: ":[[null],[{"utility":0,"ID":5}],[{"utility":0,"ID":13}],[{"utility":0,"ID":19}],[{"utility":33.5,"ID":2},{"utility":0,"ID":14},{"utility":37.5,"ID":18}],[{"utility":0,"ID":1},{"utility":0,"ID":9},{"utility":5.5,"ID":11}],[{"utility":0,"ID":6},{"utility":0,"ID":20}],[{"utility":0,"ID":17}],[{"utility":0,"ID":4},{"utility":90,"ID":15}],[{"utility":0,"ID":8},{"utility":0,"ID":12}],[{"utility":9,"ID":3},{"utility":14.333333333333334,"ID":7},{"utility":0,"ID":10},{"utility":6.333333333333333,"ID":16}],[],[],[],[],[],[],[],[],[],[]],"CORE :":true,"Relazioni :":140,"Time : ":0.2,"LAST PARTITION":{"11":9,"12":3,"13":10,"14":1,"15":1,"16":13,"17":14,"18":8,"19":2,"1":13,"2":11,"3":11,"4":9,"5":12,"6":4,"7":3,"8":2,"9":14,"20":5,"10":5}},{"Modalità dinamica :":true,"Q : ":10,"STARTING PARTITION: ":{"11":5,"12":9,"13":2,"14":4,"15":8,"16":10,"17":7,"18":4,"19":3,"1":5,"2":4,"3":10,"4":8,"5":1,"6":6,"7":10,"8":9,"9":5,"20":6,"10":10},"LAST COALITION":[[],[{"utility":0,"ID":14}],[{"utility":55,"ID":1},{"utility":33,"ID":16}],[{"utility":22,"ID":3},{"utility":36.5,"ID":5},{"utility":14,"ID":6},{"utility":20.25,"ID":13},{"utility":1,"ID":15}],[{"utility":0,"ID":18}],[{"utility":0,"ID":9}],[{"utility":82,"ID":7},{"utility":41,"ID":12}],[{"utility":79,"ID":8},{"utility":98,"ID":19}],[{"utility":46,"ID":2},{"utility":53,"ID":11}],[{"utility":59,"ID":10},{"utility":73,"ID":20}],[],[],[{"utility":0,"ID":4},{"utility":69,"ID":17}],[],[],[],[],[],[],[],[]],"STARTING COALITION: ":[[null],[{"utility":0,"ID":5}],[{"utility":0,"ID":13}],[{"utility":0,"ID":19}],[{"utility":33.5,"ID":2},{"utility":0,"ID":14},{"utility":37.5,"ID":18}],[{"utility":0,"ID":1},{"utility":0,"ID":9},{"utility":5.5,"ID":11}],[{"utility":0,"ID":6},{"utility":0,"ID":20}],[{"utility":0,"ID":17}],[{"utility":0,"ID":4},{"utility":90,"ID":15}],[{"utility":0,"ID":8},{"utility":0,"ID":12}],[{"utility":9,"ID":3},{"utility":14.333333333333334,"ID":7},{"utility":0,"ID":10},{"utility":6.333333333333333,"ID":16}],[],[],[],[],[],[],[],[],[],[]],"CORE :":true,"Relazioni :":140,"Time : ":0.1,"LAST PARTITION":{"11":8,"12":6,"13":3,"14":1,"15":3,"16":2,"17":12,"18":4,"19":7,"1":2,"2":8,"3":3,"4":12,"5":3,"6":3,"7":6,"8":7,"9":5,"20":9,"10":9}},{"Modalità dinamica :":true,"Q : ":10,"STARTING PARTITION: ":{"11":5,"12":9,"13":2,"14":4,"15":8,"16":10,"17":7,"18":4,"19":3,"1":5,"2":4,"3":10,"4":8,"5":1,"6":6,"7":10,"8":9,"9":5,"20":6,"10":10},"LAST COALITION":[[],[{"utility":0,"ID":1}],[{"utility":57.5,"ID":2},{"utility":41,"ID":7},{"utility":67.5,"ID":12}],[{"utility":0,"ID":3}],[{"utility":0,"ID":18}],[{"utility":22,"ID":4},{"utility":29.5,"ID":8},{"utility":43,"ID":16}],[{"utility":59,"ID":10},{"utility":73,"ID":20}],[{"utility":0,"ID":19}],[{"utility":21,"ID":14},{"utility":56,"ID":15}],[{"utility":57,"ID":9},{"utility":57,"ID":17}],[],[{"utility":0,"ID":13}],[{"utility":0,"ID":6}],[{"utility":76,"ID":5},{"utility":0,"ID":11}],[],[],[],[],[],[],[]],"STARTING COALITION: ":[[null],[{"utility":0,"ID":5}],[{"utility":0,"ID":13}],[{"utility":0,"ID":19}],[{"utility":33.5,"ID":2},{"utility":0,"ID":14},{"utility":37.5,"ID":18}],[{"utility":0,"ID":1},{"utility":0,"ID":9},{"utility":5.5,"ID":11}],[{"utility":0,"ID":6},{"utility":0,"ID":20}],[{"utility":0,"ID":17}],[{"utility":0,"ID":4},{"utility":90,"ID":15}],[{"utility":0,"ID":8},{"utility":0,"ID":12}],[{"utility":9,"ID":3},{"utility":14.333333333333334,"ID":7},{"utility":0,"ID":10},{"utility":6.333333333333333,"ID":16}],[],[],[],[],[],[],[],[],[],[]],"CORE :":true,"Relazioni :":140,"Time : ":0.2,"LAST PARTITION":{"11":13,"12":2,"13":11,"14":8,"15":8,"16":5,"17":9,"18":4,"19":7,"1":1,"2":2,"3":3,"4":5,"5":13,"6":12,"7":2,"8":5,"9":9,"20":6,"10":6}},{"END OF FILE:" : true}]