[{"Modalità dinamica :":false,"Q : ":2,"STARTING PARTITION: ":{"11":9,"12":3,"13":5,"14":7,"15":3,"16":7,"17":8,"18":5,"19":7,"1":8,"2":7,"3":7,"4":5,"5":2,"6":10,"7":1,"8":7,"9":5,"20":3,"10":4},"LAST COALITION":[[],[{"utility":61,"ID":7},{"utility":29,"ID":17}],[{"utility":82,"ID":12},{"utility":78,"ID":15}],[],[{"utility":94,"ID":8},{"utility":70,"ID":11}],[{"utility":98,"ID":9},{"utility":45,"ID":18}],[],[{"utility":53,"ID":16},{"utility":53,"ID":19}],[{"utility":0,"ID":5}],[{"utility":97,"ID":6},{"utility":57,"ID":10}],[{"utility":0,"ID":4}],[],[{"utility":96,"ID":2},{"utility":99,"ID":13}],[{"utility":95,"ID":3},{"utility":99,"ID":14}],[{"utility":96,"ID":1},{"utility":35,"ID":20}],[],[],[],[],[],[]],"STARTING COALITION: ":[[null],[{"utility":0,"ID":7}],[{"utility":0,"ID":5}],[{"utility":56,"ID":12},{"utility":39,"ID":15},{"utility":48.5,"ID":20}],[{"utility":0,"ID":10}],[{"utility":5.666666666666667,"ID":4},{"utility":49.333333333333336,"ID":9},{"utility":22.333333333333332,"ID":13},{"utility":15,"ID":18}],[],[{"utility":28.2,"ID":2},{"utility":62.4,"ID":3},{"utility":20,"ID":8},{"utility":51,"ID":14},{"utility":38.8,"ID":16},{"utility":33.6,"ID":19}],[{"utility":68,"ID":1},{"utility":11,"ID":17}],[{"utility":0,"ID":11}],[{"utility":0,"ID":6}],[],[],[],[],[],[],[],[],[],[]],"CORE :":false,"Relazioni :":240,"Time : ":0.1,"LAST PARTITION":{"11":4,"12":2,"13":12,"14":13,"15":2,"16":7,"17":1,"18":5,"19":7,"1":14,"2":12,"3":13,"4":10,"5":8,"6":9,"7":1,"8":4,"9":5,"20":14,"10":9}},{"Modalità dinamica :":false,"Q : ":2,"STARTING PARTITION: ":{"11":9,"12":3,"13":5,"14":7,"15":3,"16":7,"17":8,"18":5,"19":7,"1":8,"2":7,"3":7,"4":5,"5":2,"6":10,"7":1,"8":7,"9":5,"20":3,"10":4},"LAST COALITION":[[],[{"utility":34,"ID":8},{"utility":76,"ID":10}],[{"utility":61,"ID":7},{"utility":29,"ID":17}],[],[],[{"utility":98,"ID":9},{"utility":45,"ID":18}],[{"utility":0,"ID":15}],[{"utility":53,"ID":16},{"utility":53,"ID":19}],[{"utility":36,"ID":5},{"utility":12,"ID":11}],[{"utility":0,"ID":6}],[{"utility":97,"ID":4},{"utility":81,"ID":12}],[],[{"utility":96,"ID":2},{"utility":99,"ID":13}],[{"utility":95,"ID":3},{"utility":99,"ID":14}],[{"utility":96,"ID":1},{"utility":35,"ID":20}],[],[],[],[],[],[]],"STARTING COALITION: ":[[null],[{"utility":0,"ID":7}],[{"utility":0,"ID":5}],[{"utility":56,"ID":12},{"utility":39,"ID":15},{"utility":48.5,"ID":20}],[{"utility":0,"ID":10}],[{"utility":5.666666666666667,"ID":4},{"utility":49.333333333333336,"ID":9},{"utility":22.333333333333332,"ID":13},{"utility":15,"ID":18}],[],[{"utility":28.2,"ID":2},{"utility":62.4,"ID":3},{"utility":20,"ID":8},{"utility":51,"ID":14},{"utility":38.8,"ID":16},{"utility":33.6,"ID":19}],[{"utility":68,"ID":1},{"utility":11,"ID":17}],[{"utility":0,"ID":11}],[{"utility":0,"ID":6}],[],[],[],[],[],[],[],[],[],[]],"CORE :":false,"Relazioni :":240,"Time : ":0.2,"LAST PARTITION":{"11":8,"12":10,"13":12,"14":13,"15":6,"16":7,"17":2,"18":5,"19":7,"1":14,"2":12,"3":13,"4":10,"5":8,"6":9,"7":2,"8":1,"9":5,"20":14,"10":1}},{"Modalità dinamica :":false,"Q : ":3,"STARTING PARTITION: ":{"11":9,"12":3,"13":5,"14":7,"15":3,"16":7,"17":8,"18":5,"19":7,"1":8,"2":7,"3":7,"4":5,"5":2,"6":10,"7":1,"8":7,"9":5,"20":3,"10":4},"LAST COALITION":[[],[],[{"utility":0,"ID":17}],[{"utility":0,"ID":7}],[{"utility":94,"ID":8},{"utility":70,"ID":11}],[{"utility":98,"ID":9},{"utility":45,"ID":18}],[{"utility":0,"ID":15}],[{"utility":53,"ID":16},{"utility":53,"ID":19}],[{"utility":0,"ID":5}],[{"utility":97,"ID":6},{"utility":57,"ID":10}],[{"utility":97,"ID":4},{"utility":81,"ID":12}],[],[{"utility":96,"ID":2},{"utility":99,"ID":13}],[{"utility":95,"ID":3},{"utility":99,"ID":14}],[{"utility":96,"ID":1},{"utility":35,"ID":20}],[],[],[],[],[],[]],"STARTING COALITION: ":[[null],[{"utility":0,"ID":7}],[{"utility":0,"ID":5}],[{"utility":56,"ID":12},{"utility":39,"ID":15},{"utility":48.5,"ID":20}],[{"utility":0,"ID":10}],[{"utility":5.666666666666667,"ID":4},{"utility":49.333333333333336,"ID":9},{"utility":22.333333333333332,"ID":13},{"utility":15,"ID":18}],[],[{"utility":28.2,"ID":2},{"utility":62.4,"ID":3},{"utility":20,"ID":8},{"utility":51,"ID":14},{"utility":38.8,"ID":16},{"utility":33.6,"ID":19}],[{"utility":68,"ID":1},{"utility":11,"ID":17}],[{"utility":0,"ID":11}],[{"utility":0,"ID":6}],[],[],[],[],[],[],[],[],[],[]],"CORE :":false,"Relazioni :":240,"Time : ":0.1,"LAST PARTITION":{"11":4,"12":10,"13":12,"14":13,"15":6,"16":7,"17":2,"18":5,"19":7,"1":14,"2":12,"3":13,"4":10,"5":8,"6":9,"7":3,"8":4,"9":5,"20":14,"10":9}},{"Modalità dinamica :":false,"Q : ":3,"STARTING PARTITION: ":{"11":9,"12":3,"13":5,"14":7,"15":3,"16":7,"17":8,"18":5,"19":7,"1":8,"2":7,"3":7,"4":5,"5":2,"6":10,"7":1,"8":7,"9":5,"20":3,"10":4},"LAST COALITION":[[],[{"utility":0,"ID":17}],[{"utility":82,"ID":12},{"utility":78,"ID":15}],[{"utility":36,"ID":4},{"utility":78,"ID":7}],[{"utility":94,"ID":8},{"utility":70,"ID":11}],[{"utility":98,"ID":9},{"utility":45,"ID":18}],[],[{"utility":53,"ID":16},{"utility":53,"ID":19}],[{"utility":0,"ID":5}],[{"utility":97,"ID":6},{"utility":57,"ID":10}],[],[],[{"utility":96,"ID":2},{"utility":99,"ID":13}],[{"utility":95,"ID":3},{"utility":99,"ID":14}],[{"utility":96,"ID":1},{"utility":35,"ID":20}],[],[],[],[],[],[]],"STARTING COALITION: ":[[null],[{"utility":0,"ID":7}],[{"utility":0,"ID":5}],[{"utility":56,"ID":12},{"utility":39,"ID":15},{"utility":48.5,"ID":20}],[{"utility":0,"ID":10}],[{"utility":5.666666666666667,"ID":4},{"utility":49.333333333333336,"ID":9},{"utility":22.333333333333332,"ID":13},{"utility":15,"ID":18}],[],[{"utility":28.2,"ID":2},{"utility":62.4,"ID":3},{"utility":20,"ID":8},{"utility":51,"ID":14},{"utility":38.8,"ID":16},{"utility":33.6,"ID":19}],[{"utility":68,"ID":1},{"utility":11,"ID":17}],[{"utility":0,"ID":11}],[{"utility":0,"ID":6}],[],[],[],[],[],[],[],[],[],[]],"CORE :":false,"Relazioni :":240,"Time : ":0.2,"LAST PARTITION":{"11":4,"12":2,"13":12,"14":13,"15":2,"16":7,"17":1,"18":5,"19":7,"1":14,"2":12,"3":13,"4":3,"5":8,"6":9,"7":3,"8":4,"9":5,"20":14,"10":9}},{"Modalità dinamica :":false,"Q : ":4,"STARTING PARTITION: ":{"11":9,"12":3,"13":5,"14":7,"15":3,"16":7,"17":8,"18":5,"19":7,"1":8,"2":7,"3":7,"4":5,"5":2,"6":10,"7":1,"8":7,"9":5,"20":3,"10":4},"LAST COALITION":[[],[{"utility":0,"ID":17}],[{"utility":52,"ID":7},{"utility":80,"ID":11}],[{"utility":9,"ID":5},{"utility":24,"ID":8}],[],[{"utility":98,"ID":9},{"utility":45,"ID":18}],[{"utility":0,"ID":15}],[{"utility":53,"ID":16},{"utility":53,"ID":19}],[],[{"utility":97,"ID":6},{"utility":57,"ID":10}],[{"utility":97,"ID":4},{"utility":81,"ID":12}],[],[{"utility":96,"ID":2},{"utility":99,"ID":13}],[{"utility":95,"ID":3},{"utility":99,"ID":14}],[{"utility":96,"ID":1},{"utility":35,"ID":20}],[],[],[],[],[],[]],"STARTING COALITION: ":[[null],[{"utility":0,"ID":7}],[{"utility":0,"ID":5}],[{"utility":56,"ID":12},{"utility":39,"ID":15},{"utility":48.5,"ID":20}],[{"utility":0,"ID":10}],[{"utility":5.666666666666667,"ID":4},{"utility":49.333333333333336,"ID":9},{"utility":22.333333333333332,"ID":13},{"utility":15,"ID":18}],[],[{"utility":28.2,"ID":2},{"utility":62.4,"ID":3},{"utility":20,"ID":8},{"utility":51,"ID":14},{"utility":38.8,"ID":16},{"utility":33.6,"ID":19}],[{"utility":68,"ID":1},{"utility":11,"ID":17}],[{"utility":0,"ID":11}],[{"utility":0,"ID":6}],[],[],[],[],[],[],[],[],[],[]],"CORE :":false,"Relazioni :":240,"Time : ":0.1,"LAST PARTITION":{"11":2,"12":10,"13":12,"14":13,"15":6,"16":7,"17":1,"18":5,"19":7,"1":14,"2":12,"3":13,"4":10,"5":3,"6":9,"7":2,"8":3,"9":5,"20":14,"10":9}},{"Modalità dinamica :":false,"Q : ":4,"STARTING PARTITION: ":{"11":9,"12":3,"13":5,"14":7,"15":3,"16":7,"17":8,"18":5,"19":7,"1":8,"2":7,"3":7,"4":5,"5":2,"6":10,"7":1,"8":7,"9":5,"20":3,"10":4},"LAST COALITION":[[],[{"utility":82,"ID":12},{"utility":78,"ID":15}],[{"utility":29,"ID":17},{"utility":61,"ID":7}],[],[{"utility":94,"ID":8},{"utility":70,"ID":11}],[{"utility":98,"ID":9},{"utility":45,"ID":18}],[],[{"utility":53,"ID":16},{"utility":53,"ID":19}],[{"utility":0,"ID":5}],[{"utility":97,"ID":6},{"utility":57,"ID":10}],[{"utility":0,"ID":4}],[],[{"utility":96,"ID":2},{"utility":99,"ID":13}],[{"utility":95,"ID":3},{"utility":99,"ID":14}],[{"utility":96,"ID":1},{"utility":35,"ID":20}],[],[],[],[],[],[]],"STARTING COALITION: ":[[null],[{"utility":0,"ID":7}],[{"utility":0,"ID":5}],[{"utility":56,"ID":12},{"utility":39,"ID":15},{"utility":48.5,"ID":20}],[{"utility":0,"ID":10}],[{"utility":5.666666666666667,"ID":4},{"utility":49.333333333333336,"ID":9},{"utility":22.333333333333332,"ID":13},{"utility":15,"ID":18}],[],[{"utility":28.2,"ID":2},{"utility":62.4,"ID":3},{"utility":20,"ID":8},{"utility":51,"ID":14},{"utility":38.8,"ID":16},{"utility":33.6,"ID":19}],[{"utility":68,"ID":1},{"utility":11,"ID":17}],[{"utility":0,"ID":11}],[{"utility":0,"ID":6}],[],[],[],[],[],[],[],[],[],[]],"CORE :":false,"Relazioni :":240,"Time : ":0.2,"LAST PARTITION":{"11":4,"12":1,"13":12,"14":13,"15":1,"16":7,"17":2,"18":5,"19":7,"1":14,"2":12,"3":13,"4":10,"5":8,"6":9,"7":2,"8":4,"9":5,"20":14,"10":9}},{"Modalità dinamica :":false,"Q : ":5,"STARTING PARTITION: ":{"11":9,"12":3,"13":5,"14":7,"15":3,"16":7,"17":8,"18":5,"19":7,"1":8,"2":7,"3":7,"4":5,"5":2,"6":10,"7":1,"8":7,"9":5,"20":3,"10":4},"LAST COALITION":[[],[{"utility":52,"ID":7},{"utility":80,"ID":11}],[{"utility":0,"ID":17}],[],[{"utility":0,"ID":8}],[{"utility":98,"ID":9},{"utility":45,"ID":18}],[{"utility":0,"ID":15}],[{"utility":53,"ID":16},{"utility":53,"ID":19}],[{"utility":0,"ID":5}],[{"utility":97,"ID":6},{"utility":57,"ID":10}],[{"utility":97,"ID":4},{"utility":81,"ID":12}],[],[{"utility":96,"ID":2},{"utility":99,"ID":13}],[{"utility":95,"ID":3},{"utility":99,"ID":14}],[{"utility":96,"ID":1},{"utility":35,"ID":20}],[],[],[],[],[],[]],"STARTING COALITION: ":[[null],[{"utility":0,"ID":7}],[{"utility":0,"ID":5}],[{"utility":56,"ID":12},{"utility":39,"ID":15},{"utility":48.5,"ID":20}],[{"utility":0,"ID":10}],[{"utility":5.666666666666667,"ID":4},{"utility":49.333333333333336,"ID":9},{"utility":22.333333333333332,"ID":13},{"utility":15,"ID":18}],[],[{"utility":28.2,"ID":2},{"utility":62.4,"ID":3},{"utility":20,"ID":8},{"utility":51,"ID":14},{"utility":38.8,"ID":16},{"utility":33.6,"ID":19}],[{"utility":68,"ID":1},{"utility":11,"ID":17}],[{"utility":0,"ID":11}],[{"utility":0,"ID":6}],[],[],[],[],[],[],[],[],[],[]],"CORE :":false,"Relazioni :":240,"Time : ":0.1,"LAST PARTITION":{"11":1,"12":10,"13":12,"14":13,"15":6,"16":7,"17":2,"18":5,"19":7,"1":14,"2":12,"3":13,"4":10,"5":8,"6":9,"7":1,"8":4,"9":5,"20":14,"10":9}},{"Modalità dinamica :":false,"Q : ":5,"STARTING PARTITION: ":{"11":9,"12":3,"13":5,"14":7,"15":3,"16":7,"17":8,"18":5,"19":7,"1":8,"2":7,"3":7,"4":5,"5":2,"6":10,"7":1,"8":7,"9":5,"20":3,"10":4},"LAST COALITION":[[],[{"utility":82,"ID":12},{"utility":78,"ID":15}],[{"utility":29,"ID":17},{"utility":61,"ID":7}],[],[{"utility":94,"ID":8},{"utility":70,"ID":11}],[{"utility":98,"ID":9},{"utility":45,"ID":18}],[],[{"utility":53,"ID":16},{"utility":53,"ID":19}],[{"utility":0,"ID":5}],[{"utility":97,"ID":6},{"utility":57,"ID":10}],[{"utility":0,"ID":4}],[],[{"utility":96,"ID":2},{"utility":99,"ID":13}],[{"utility":95,"ID":3},{"utility":99,"ID":14}],[{"utility":96,"ID":1},{"utility":35,"ID":20}],[],[],[],[],[],[]],"STARTING COALITION: ":[[null],[{"utility":0,"ID":7}],[{"utility":0,"ID":5}],[{"utility":56,"ID":12},{"utility":39,"ID":15},{"utility":48.5,"ID":20}],[{"utility":0,"ID":10}],[{"utility":5.666666666666667,"ID":4},{"utility":49.333333333333336,"ID":9},{"utility":22.333333333333332,"ID":13},{"utility":15,"ID":18}],[],[{"utility":28.2,"ID":2},{"utility":62.4,"ID":3},{"utility":20,"ID":8},{"utility":51,"ID":14},{"utility":38.8,"ID":16},{"utility":33.6,"ID":19}],[{"utility":68,"ID":1},{"utility":11,"ID":17}],[{"utility":0,"ID":11}],[{"utility":0,"ID":6}],[],[],[],[],[],[],[],[],[],[]],"CORE :":false,"Relazioni :":240,"Time : ":0.2,"LAST PARTITION":{"11":4,"12":1,"13":12,"14":13,"15":1,"16":7,"17":2,"18":5,"19":7,"1":14,"2":12,"3":13,"4":10,"5":8,"6":9,"7":2,"8":4,"9":5,"20":14,"10":9}},{"Modalità dinamica :":false,"Q : ":6,"STARTING PARTITION: ":{"11":9,"12":3,"13":5,"14":7,"15":3,"16":7,"17":8,"18":5,"19":7,"1":8,"2":7,"3":7,"4":5,"5":2,"6":10,"7":1,"8":7,"9":5,"20":3,"10":4},"LAST COALITION":[[],[],[{"utility":29,"ID":17},{"utility":61,"ID":7}],[],[{"utility":94,"ID":8},{"utility":70,"ID":11}],[{"utility":98,"ID":9},{"utility":45,"ID":18}],[{"utility":0,"ID":15}],[{"utility":53,"ID":16},{"utility":53,"ID":19}],[{"utility":0,"ID":5}],[{"utility":97,"ID":6},{"utility":57,"ID":10}],[{"utility":97,"ID":4},{"utility":81,"ID":12}],[],[{"utility":96,"ID":2},{"utility":99,"ID":13}],[{"utility":95,"ID":3},{"utility":99,"ID":14}],[{"utility":96,"ID":1},{"utility":35,"ID":20}],[],[],[],[],[],[]],"STARTING COALITION: ":[[null],[{"utility":0,"ID":7}],[{"utility":0,"ID":5}],[{"utility":56,"ID":12},{"utility":39,"ID":15},{"utility":48.5,"ID":20}],[{"utility":0,"ID":10}],[{"utility":5.666666666666667,"ID":4},{"utility":49.333333333333336,"ID":9},{"utility":22.333333333333332,"ID":13},{"utility":15,"ID":18}],[],[{"utility":28.2,"ID":2},{"utility":62.4,"ID":3},{"utility":20,"ID":8},{"utility":51,"ID":14},{"utility":38.8,"ID":16},{"utility":33.6,"ID":19}],[{"utility":68,"ID":1},{"utility":11,"ID":17}],[{"utility":0,"ID":11}],[{"utility":0,"ID":6}],[],[],[],[],[],[],[],[],[],[]],"CORE :":false,"Relazioni :":240,"Time : ":0.1,"LAST PARTITION":{"11":4,"12":10,"13":12,"14":13,"15":6,"16":7,"17":2,"18":5,"19":7,"1":14,"2":12,"3":13,"4":10,"5":8,"6":9,"7":2,"8":4,"9":5,"20":14,"10":9}},{"Modalità dinamica :":false,"Q : ":6,"STARTING PARTITION: ":{"11":9,"12":3,"13":5,"14":7,"15":3,"16":7,"17":8,"18":5,"19":7,"1":8,"2":7,"3":7,"4":5,"5":2,"6":10,"7":1,"8":7,"9":5,"20":3,"10":4},"LAST COALITION":[[],[{"utility":29,"ID":17},{"utility":61,"ID":7}],[{"utility":0,"ID":10}],[{"utility":0,"ID":6}],[{"utility":94,"ID":8},{"utility":70,"ID":11}],[{"utility":98,"ID":9},{"utility":45,"ID":18}],[{"utility":0,"ID":15}],[{"utility":53,"ID":16},{"utility":53,"ID":19}],[{"utility":0,"ID":5}],[],[{"utility":97,"ID":4},{"utility":81,"ID":12}],[],[{"utility":96,"ID":2},{"utility":99,"ID":13}],[{"utility":95,"ID":3},{"utility":99,"ID":14}],[{"utility":96,"ID":1},{"utility":35,"ID":20}],[],[],[],[],[],[]],"STARTING COALITION: ":[[null],[{"utility":0,"ID":7}],[{"utility":0,"ID":5}],[{"utility":56,"ID":12},{"utility":39,"ID":15},{"utility":48.5,"ID":20}],[{"utility":0,"ID":10}],[{"utility":5.666666666666667,"ID":4},{"utility":49.333333333333336,"ID":9},{"utility":22.333333333333332,"ID":13},{"utility":15,"ID":18}],[],[{"utility":28.2,"ID":2},{"utility":62.4,"ID":3},{"utility":20,"ID":8},{"utility":51,"ID":14},{"utility":38.8,"ID":16},{"utility":33.6,"ID":19}],[{"utility":68,"ID":1},{"utility":11,"ID":17}],[{"utility":0,"ID":11}],[{"utility":0,"ID":6}],[],[],[],[],[],[],[],[],[],[]],"CORE :":false,"Relazioni :":240,"Time : ":0.2,"LAST PARTITION":{"11":4,"12":10,"13":12,"14":13,"15":6,"16":7,"17":1,"18":5,"19":7,"1":14,"2":12,"3":13,"4":10,"5":8,"6":3,"7":1,"8":4,"9":5,"20":14,"10":2}},{"Modalità dinamica :":false,"Q : ":7,"STARTING PARTITION: ":{"11":9,"12":3,"13":5,"14":7,"15":3,"16":7,"17":8,"18":5,"19":7,"1":8,"2":7,"3":7,"4":5,"5":2,"6":10,"7":1,"8":7,"9":5,"20":3,"10":4},"LAST COALITION":[[],[{"utility":29,"ID":17},{"utility":61,"ID":7}],[{"utility":82,"ID":12},{"utility":78,"ID":15}],[],[{"utility":94,"ID":8},{"utility":70,"ID":11}],[{"utility":98,"ID":9},{"utility":45,"ID":18}],[],[{"utility":53,"ID":16},{"utility":53,"ID":19}],[{"utility":0,"ID":5}],[{"utility":97,"ID":6},{"utility":57,"ID":10}],[{"utility":0,"ID":4}],[],[{"utility":96,"ID":2},{"utility":99,"ID":13}],[{"utility":95,"ID":3},{"utility":99,"ID":14}],[{"utility":96,"ID":1},{"utility":35,"ID":20}],[],[],[],[],[],[]],"STARTING COALITION: ":[[null],[{"utility":0,"ID":7}],[{"utility":0,"ID":5}],[{"utility":56,"ID":12},{"utility":39,"ID":15},{"utility":48.5,"ID":20}],[{"utility":0,"ID":10}],[{"utility":5.666666666666667,"ID":4},{"utility":49.333333333333336,"ID":9},{"utility":22.333333333333332,"ID":13},{"utility":15,"ID":18}],[],[{"utility":28.2,"ID":2},{"utility":62.4,"ID":3},{"utility":20,"ID":8},{"utility":51,"ID":14},{"utility":38.8,"ID":16},{"utility":33.6,"ID":19}],[{"utility":68,"ID":1},{"utility":11,"ID":17}],[{"utility":0,"ID":11}],[{"utility":0,"ID":6}],[],[],[],[],[],[],[],[],[],[]],"CORE :":false,"Relazioni :":240,"Time : ":0.1,"LAST PARTITION":{"11":4,"12":2,"13":12,"14":13,"15":2,"16":7,"17":1,"18":5,"19":7,"1":14,"2":12,"3":13,"4":10,"5":8,"6":9,"7":1,"8":4,"9":5,"20":14,"10":9}},{"Modalità dinamica :":false,"Q : ":7,"STARTING PARTITION: ":{"11":9,"12":3,"13":5,"14":7,"15":3,"16":7,"17":8,"18":5,"19":7,"1":8,"2":7,"3":7,"4":5,"5":2,"6":10,"7":1,"8":7,"9":5,"20":3,"10":4},"LAST COALITION":[[],[{"utility":0,"ID":11}],[{"utility":0,"ID":17}],[{"utility":0,"ID":5}],[{"utility":53,"ID":7},{"utility":44,"ID":8}],[{"utility":98,"ID":9},{"utility":45,"ID":18}],[{"utility":0,"ID":15}],[{"utility":53,"ID":16},{"utility":53,"ID":19}],[],[{"utility":97,"ID":6},{"utility":57,"ID":10}],[{"utility":97,"ID":4},{"utility":81,"ID":12}],[],[{"utility":96,"ID":2},{"utility":99,"ID":13}],[{"utility":95,"ID":3},{"utility":99,"ID":14}],[{"utility":96,"ID":1},{"utility":35,"ID":20}],[],[],[],[],[],[]],"STARTING COALITION: ":[[null],[{"utility":0,"ID":7}],[{"utility":0,"ID":5}],[{"utility":56,"ID":12},{"utility":39,"ID":15},{"utility":48.5,"ID":20}],[{"utility":0,"ID":10}],[{"utility":5.666666666666667,"ID":4},{"utility":49.333333333333336,"ID":9},{"utility":22.333333333333332,"ID":13},{"utility":15,"ID":18}],[],[{"utility":28.2,"ID":2},{"utility":62.4,"ID":3},{"utility":20,"ID":8},{"utility":51,"ID":14},{"utility":38.8,"ID":16},{"utility":33.6,"ID":19}],[{"utility":68,"ID":1},{"utility":11,"ID":17}],[{"utility":0,"ID":11}],[{"utility":0,"ID":6}],[],[],[],[],[],[],[],[],[],[]],"CORE :":false,"Relazioni :":240,"Time : ":0.2,"LAST PARTITION":{"11":1,"12":10,"13":12,"14":13,"15":6,"16":7,"17":2,"18":5,"19":7,"1":14,"2":12,"3":13,"4":10,"5":3,"6":9,"7":4,"8":4,"9":5,"20":14,"10":9}},{"Modalità dinamica :":false,"Q : ":8,"STARTING PARTITION: ":{"11":9,"12":3,"13":5,"14":7,"15":3,"16":7,"17":8,"18":5,"19":7,"1":8,"2":7,"3":7,"4":5,"5":2,"6":10,"7":1,"8":7,"9":5,"20":3,"10":4},"LAST COALITION":[[],[{"utility":0,"ID":17}],[{"utility":0,"ID":11}],[{"utility":0,"ID":5}],[{"utility":53,"ID":7},{"utility":44,"ID":8}],[{"utility":98,"ID":9},{"utility":45,"ID":18}],[{"utility":0,"ID":15}],[{"utility":53,"ID":16},{"utility":53,"ID":19}],[],[{"utility":97,"ID":6},{"utility":57,"ID":10}],[{"utility":97,"ID":4},{"utility":81,"ID":12}],[],[{"utility":96,"ID":2},{"utility":99,"ID":13}],[{"utility":95,"ID":3},{"utility":99,"ID":14}],[{"utility":96,"ID":1},{"utility":35,"ID":20}],[],[],[],[],[],[]],"STARTING COALITION: ":[[null],[{"utility":0,"ID":7}],[{"utility":0,"ID":5}],[{"utility":56,"ID":12},{"utility":39,"ID":15},{"utility":48.5,"ID":20}],[{"utility":0,"ID":10}],[{"utility":5.666666666666667,"ID":4},{"utility":49.333333333333336,"ID":9},{"utility":22.333333333333332,"ID":13},{"utility":15,"ID":18}],[],[{"utility":28.2,"ID":2},{"utility":62.4,"ID":3},{"utility":20,"ID":8},{"utility":51,"ID":14},{"utility":38.8,"ID":16},{"utility":33.6,"ID":19}],[{"utility":68,"ID":1},{"utility":11,"ID":17}],[{"utility":0,"ID":11}],[{"utility":0,"ID":6}],[],[],[],[],[],[],[],[],[],[]],"CORE :":false,"Relazioni :":240,"Time : ":0.1,"LAST PARTITION":{"11":2,"12":10,"13":12,"14":13,"15":6,"16":7,"17":1,"18":5,"19":7,"1":14,"2":12,"3":13,"4":10,"5":3,"6":9,"7":4,"8":4,"9":5,"20":14,"10":9}},{"Modalità dinamica :":false,"Q : ":8,"STARTING PARTITION: ":{"11":9,"12":3,"13":5,"14":7,"15":3,"16":7,"17":8,"18":5,"19":7,"1":8,"2":7,"3":7,"4":5,"5":2,"6":10,"7":1,"8":7,"9":5,"20":3,"10":4},"LAST COALITION":[[],[{"utility":82,"ID":12},{"utility":78,"ID":15}],[{"utility":0,"ID":17}],[{"utility":36,"ID":4},{"utility":78,"ID":7}],[{"utility":94,"ID":8},{"utility":70,"ID":11}],[{"utility":98,"ID":9},{"utility":45,"ID":18}],[],[{"utility":53,"ID":16},{"utility":53,"ID":19}],[{"utility":0,"ID":5}],[{"utility":97,"ID":6},{"utility":57,"ID":10}],[],[],[{"utility":96,"ID":2},{"utility":99,"ID":13}],[{"utility":95,"ID":3},{"utility":99,"ID":14}],[{"utility":96,"ID":1},{"utility":35,"ID":20}],[],[],[],[],[],[]],"STARTING COALITION: ":[[null],[{"utility":0,"ID":7}],[{"utility":0,"ID":5}],[{"utility":56,"ID":12},{"utility":39,"ID":15},{"utility":48.5,"ID":20}],[{"utility":0,"ID":10}],[{"utility":5.666666666666667,"ID":4},{"utility":49.333333333333336,"ID":9},{"utility":22.333333333333332,"ID":13},{"utility":15,"ID":18}],[],[{"utility":28.2,"ID":2},{"utility":62.4,"ID":3},{"utility":20,"ID":8},{"utility":51,"ID":14},{"utility":38.8,"ID":16},{"utility":33.6,"ID":19}],[{"utility":68,"ID":1},{"utility":11,"ID":17}],[{"utility":0,"ID":11}],[{"utility":0,"ID":6}],[],[],[],[],[],[],[],[],[],[]],"CORE :":false,"Relazioni :":240,"Time : ":0.2,"LAST PARTITION":{"11":4,"12":1,"13":12,"14":13,"15":1,"16":7,"17":2,"18":5,"19":7,"1":14,"2":12,"3":13,"4":3,"5":8,"6":9,"7":3,"8":4,"9":5,"20":14,"10":9}},{"Modalità dinamica :":false,"Q : ":9,"STARTING PARTITION: ":{"11":9,"12":3,"13":5,"14":7,"15":3,"16":7,"17":8,"18":5,"19":7,"1":8,"2":7,"3":7,"4":5,"5":2,"6":10,"7":1,"8":7,"9":5,"20":3,"10":4},"LAST COALITION":[[],[{"utility":0,"ID":17}],[{"utility":0,"ID":11}],[{"utility":0,"ID":5}],[{"utility":53,"ID":7},{"utility":44,"ID":8}],[{"utility":98,"ID":9},{"utility":45,"ID":18}],[{"utility":0,"ID":15}],[{"utility":53,"ID":16},{"utility":53,"ID":19}],[],[{"utility":97,"ID":6},{"utility":57,"ID":10}],[{"utility":97,"ID":4},{"utility":81,"ID":12}],[],[{"utility":96,"ID":2},{"utility":99,"ID":13}],[{"utility":95,"ID":3},{"utility":99,"ID":14}],[{"utility":96,"ID":1},{"utility":35,"ID":20}],[],[],[],[],[],[]],"STARTING COALITION: ":[[null],[{"utility":0,"ID":7}],[{"utility":0,"ID":5}],[{"utility":56,"ID":12},{"utility":39,"ID":15},{"utility":48.5,"ID":20}],[{"utility":0,"ID":10}],[{"utility":5.666666666666667,"ID":4},{"utility":49.333333333333336,"ID":9},{"utility":22.333333333333332,"ID":13},{"utility":15,"ID":18}],[],[{"utility":28.2,"ID":2},{"utility":62.4,"ID":3},{"utility":20,"ID":8},{"utility":51,"ID":14},{"utility":38.8,"ID":16},{"utility":33.6,"ID":19}],[{"utility":68,"ID":1},{"utility":11,"ID":17}],[{"utility":0,"ID":11}],[{"utility":0,"ID":6}],[],[],[],[],[],[],[],[],[],[]],"CORE :":false,"Relazioni :":240,"Time : ":0.1,"LAST PARTITION":{"11":2,"12":10,"13":12,"14":13,"15":6,"16":7,"17":1,"18":5,"19":7,"1":14,"2":12,"3":13,"4":10,"5":3,"6":9,"7":4,"8":4,"9":5,"20":14,"10":9}},{"Modalità dinamica :":false,"Q : ":9,"STARTING PARTITION: ":{"11":9,"12":3,"13":5,"14":7,"15":3,"16":7,"17":8,"18":5,"19":7,"1":8,"2":7,"3":7,"4":5,"5":2,"6":10,"7":1,"8":7,"9":5,"20":3,"10":4},"LAST COALITION":[[],[{"utility":0,"ID":12}],[{"utility":0,"ID":17}],[{"utility":0,"ID":7}],[{"utility":94,"ID":8},{"utility":70,"ID":11}],[{"utility":98,"ID":9},{"utility":45,"ID":18}],[{"utility":37,"ID":4},{"utility":87,"ID":15}],[{"utility":53,"ID":16},{"utility":53,"ID":19}],[{"utility":0,"ID":5}],[{"utility":97,"ID":6},{"utility":57,"ID":10}],[],[],[{"utility":96,"ID":2},{"utility":99,"ID":13}],[{"utility":95,"ID":3},{"utility":99,"ID":14}],[{"utility":96,"ID":1},{"utility":35,"ID":20}],[],[],[],[],[],[]],"STARTING COALITION: ":[[null],[{"utility":0,"ID":7}],[{"utility":0,"ID":5}],[{"utility":56,"ID":12},{"utility":39,"ID":15},{"utility":48.5,"ID":20}],[{"utility":0,"ID":10}],[{"utility":5.666666666666667,"ID":4},{"utility":49.333333333333336,"ID":9},{"utility":22.333333333333332,"ID":13},{"utility":15,"ID":18}],[],[{"utility":28.2,"ID":2},{"utility":62.4,"ID":3},{"utility":20,"ID":8},{"utility":51,"ID":14},{"utility":38.8,"ID":16},{"utility":33.6,"ID":19}],[{"utility":68,"ID":1},{"utility":11,"ID":17}],[{"utility":0,"ID":11}],[{"utility":0,"ID":6}],[],[],[],[],[],[],[],[],[],[]],"CORE :":false,"Relazioni :":240,"Time : ":0.2,"LAST PARTITION":{"11":4,"12":1,"13":12,"14":13,"15":6,"16":7,"17":2,"18":5,"19":7,"1":14,"2":12,"3":13,"4":6,"5":8,"6":9,"7":3,"8":4,"9":5,"20":14,"10":9}},{"Modalità dinamica :":false,"Q : ":10,"STARTING PARTITION: ":{"11":9,"12":3,"13":5,"14":7,"15":3,"16":7,"17":8,"18":5,"19":7,"1":8,"2":7,"3":7,"4":5,"5":2,"6":10,"7":1,"8":7,"9":5,"20":3,"10":4},"LAST COALITION":[[],[{"utility":0,"ID":17}],[{"utility":0,"ID":12}],[{"utility":0,"ID":7}],[{"utility":94,"ID":8},{"utility":70,"ID":11}],[{"utility":98,"ID":9},{"utility":45,"ID":18}],[{"utility":37,"ID":4},{"utility":87,"ID":15}],[{"utility":53,"ID":16},{"utility":53,"ID":19}],[{"utility":0,"ID":5}],[{"utility":97,"ID":6},{"utility":57,"ID":10}],[],[],[{"utility":96,"ID":2},{"utility":99,"ID":13}],[{"utility":95,"ID":3},{"utility":99,"ID":14}],[{"utility":96,"ID":1},{"utility":35,"ID":20}],[],[],[],[],[],[]],"STARTING COALITION: ":[[null],[{"utility":0,"ID":7}],[{"utility":0,"ID":5}],[{"utility":56,"ID":12},{"utility":39,"ID":15},{"utility":48.5,"ID":20}],[{"utility":0,"ID":10}],[{"utility":5.666666666666667,"ID":4},{"utility":49.333333333333336,"ID":9},{"utility":22.333333333333332,"ID":13},{"utility":15,"ID":18}],[],[{"utility":28.2,"ID":2},{"utility":62.4,"ID":3},{"utility":20,"ID":8},{"utility":51,"ID":14},{"utility":38.8,"ID":16},{"utility":33.6,"ID":19}],[{"utility":68,"ID":1},{"utility":11,"ID":17}],[{"utility":0,"ID":11}],[{"utility":0,"ID":6}],[],[],[],[],[],[],[],[],[],[]],"CORE :":false,"Relazioni :":240,"Time : ":0.1,"LAST PARTITION":{"11":4,"12":2,"13":12,"14":13,"15":6,"16":7,"17":1,"18":5,"19":7,"1":14,"2":12,"3":13,"4":6,"5":8,"6":9,"7":3,"8":4,"9":5,"20":14,"10":9}},{"Modalità dinamica :":false,"Q : ":10,"STARTING PARTITION: ":{"11":9,"12":3,"13":5,"14":7,"15":3,"16":7,"17":8,"18":5,"19":7,"1":8,"2":7,"3":7,"4":5,"5":2,"6":10,"7":1,"8":7,"9":5,"20":3,"10":4},"LAST COALITION":[[],[{"utility":0,"ID":11}],[{"utility":0,"ID":17}],[{"utility":0,"ID":5}],[{"utility":53,"ID":7},{"utility":44,"ID":8}],[{"utility":98,"ID":9},{"utility":45,"ID":18}],[{"utility":0,"ID":15}],[{"utility":53,"ID":16},{"utility":53,"ID":19}],[],[{"utility":97,"ID":6},{"utility":57,"ID":10}],[{"utility":97,"ID":4},{"utility":81,"ID":12}],[],[{"utility":96,"ID":2},{"utility":99,"ID":13}],[{"utility":95,"ID":3},{"utility":99,"ID":14}],[{"utility":96,"ID":1},{"utility":35,"ID":20}],[],[],[],[],[],[]],"STARTING COALITION: ":[[null],[{"utility":0,"ID":7}],[{"utility":0,"ID":5}],[{"utility":56,"ID":12},{"utility":39,"ID":15},{"utility":48.5,"ID":20}],[{"utility":0,"ID":10}],[{"utility":5.666666666666667,"ID":4},{"utility":49.333333333333336,"ID":9},{"utility":22.333333333333332,"ID":13},{"utility":15,"ID":18}],[],[{"utility":28.2,"ID":2},{"utility":62.4,"ID":3},{"utility":20,"ID":8},{"utility":51,"ID":14},{"utility":38.8,"ID":16},{"utility":33.6,"ID":19}],[{"utility":68,"ID":1},{"utility":11,"ID":17}],[{"utility":0,"ID":11}],[{"utility":0,"ID":6}],[],[],[],[],[],[],[],[],[],[]],"CORE :":false,"Relazioni :":240,"Time : ":0.2,"LAST PARTITION":{"11":1,"12":10,"13":12,"14":13,"15":6,"16":7,"17":2,"18":5,"19":7,"1":14,"2":12,"3":13,"4":10,"5":3,"6":9,"7":4,"8":4,"9":5,"20":14,"10":9}},{"Modalità dinamica :":true,"Q : ":2,"STARTING PARTITION: ":{"11":9,"12":3,"13":5,"14":7,"15":3,"16":7,"17":8,"18":5,"19":7,"1":8,"2":7,"3":7,"4":5,"5":2,"6":10,"7":1,"8":7,"9":5,"20":3,"10":4},"LAST COALITION":[[],[{"utility":98,"ID":14},{"utility":88,"ID":17}],[{"utility":37,"ID":4},{"utility":87,"ID":15}],[{"utility":99,"ID":7},{"utility":33,"ID":16}],[{"utility":97,"ID":12},{"utility":80,"ID":19}],[{"utility":84,"ID":6},{"utility":32,"ID":11}],[{"utility":98,"ID":9},{"utility":45,"ID":18}],[{"utility":0,"ID":8}],[{"utility":47,"ID":3},{"utility":37,"ID":20}],[],[{"utility":96,"ID":2},{"utility":99,"ID":13}],[{"utility":56,"ID":1},{"utility":94,"ID":10}],[],[{"utility":0,"ID":5}],[],[],[],[],[],[],[]],"STARTING COALITION: ":[[null],[{"utility":0,"ID":7}],[{"utility":0,"ID":5}],[{"utility":56,"ID":12},{"utility":39,"ID":15},{"utility":48.5,"ID":20}],[{"utility":0,"ID":10}],[{"utility":5.666666666666667,"ID":4},{"utility":49.333333333333336,"ID":9},{"utility":22.333333333333332,"ID":13},{"utility":15,"ID":18}],[],[{"utility":28.2,"ID":2},{"utility":62.4,"ID":3},{"utility":20,"ID":8},{"utility":51,"ID":14},{"utility":38.8,"ID":16},{"utility":33.6,"ID":19}],[{"utility":68,"ID":1},{"utility":11,"ID":17}],[{"utility":0,"ID":11}],[{"utility":0,"ID":6}],[],[],[],[],[],[],[],[],[],[]],"CORE :":false,"Relazioni :":240,"Time : ":0.1,"LAST PARTITION":{"11":5,"12":4,"13":10,"14":1,"15":2,"16":3,"17":1,"18":6,"19":4,"1":11,"2":10,"3":8,"4":2,"5":13,"6":5,"7":3,"8":7,"9":6,"20":8,"10":11}},{"Modalità dinamica :":true,"Q : ":2,"STARTING PARTITION: ":{"11":9,"12":3,"13":5,"14":7,"15":3,"16":7,"17":8,"18":5,"19":7,"1":8,"2":7,"3":7,"4":5,"5":2,"6":10,"7":1,"8":7,"9":5,"20":3,"10":4},"LAST COALITION":[[],[],[{"utility":0,"ID":5}],[{"utility":56,"ID":12},{"utility":39,"ID":15},{"utility":48.5,"ID":20}],[{"utility":53,"ID":16},{"utility":53,"ID":19}],[{"utility":5.666666666666667,"ID":4},{"utility":49.333333333333336,"ID":9},{"utility":22.333333333333332,"ID":13},{"utility":15,"ID":18}],[{"utility":97,"ID":6},{"utility":57,"ID":10}],[{"utility":20.333333333333332,"ID":2},{"utility":64.66666666666667,"ID":3},{"utility":33.333333333333336,"ID":8},{"utility":64,"ID":14}],[{"utility":0,"ID":1}],[{"utility":0,"ID":11}],[{"utility":61,"ID":7},{"utility":29,"ID":17}],[],[],[],[],[],[],[],[],[],[]],"STARTING COALITION: ":[[null],[{"utility":0,"ID":7}],[{"utility":0,"ID":5}],[{"utility":56,"ID":12},{"utility":39,"ID":15},{"utility":48.5,"ID":20}],[{"utility":0,"ID":10}],[{"utility":5.666666666666667,"ID":4},{"utility":49.333333333333336,"ID":9},{"utility":22.333333333333332,"ID":13},{"utility":15,"ID":18}],[],[{"utility":28.2,"ID":2},{"utility":62.4,"ID":3},{"utility":20,"ID":8},{"utility":51,"ID":14},{"utility":38.8,"ID":16},{"utility":33.6,"ID":19}],[{"utility":68,"ID":1},{"utility":11,"ID":17}],[{"utility":0,"ID":11}],[{"utility":0,"ID":6}],[],[],[],[],[],[],[],[],[],[]],"CORE :":false,"Relazioni :":240,"Time : ":0.2,"LAST PARTITION":{"11":9,"12":3,"13":5,"14":7,"15":3,"16":4,"17":10,"18":5,"19":4,"1":8,"2":7,"3":7,"4":5,"5":2,"6":6,"7":10,"8":7,"9":5,"20":3,"10":6}},{"Modalità dinamica :":true,"Q : ":3,"STARTING PARTITION: ":{"11":9,"12":3,"13":5,"14":7,"15":3,"16":7,"17":8,"18":5,"19":7,"1":8,"2":7,"3":7,"4":5,"5":2,"6":10,"7":1,"8":7,"9":5,"20":3,"10":4},"LAST COALITION":[[],[{"utility":0,"ID":8}],[{"utility":96,"ID":1},{"utility":35,"ID":20}],[{"utility":96,"ID":2},{"utility":99,"ID":13}],[{"utility":37,"ID":4},{"utility":87,"ID":15}],[{"utility":98,"ID":9},{"utility":45,"ID":18}],[{"utility":52,"ID":7},{"utility":80,"ID":11}],[{"utility":95,"ID":3},{"utility":99,"ID":14}],[{"utility":97,"ID":12},{"utility":80,"ID":19}],[{"utility":97,"ID":6},{"utility":57,"ID":10}],[],[{"utility":0,"ID":5}],[{"utility":78,"ID":16},{"utility":75,"ID":17}],[],[],[],[],[],[],[],[]],"STARTING COALITION: ":[[null],[{"utility":0,"ID":7}],[{"utility":0,"ID":5}],[{"utility":56,"ID":12},{"utility":39,"ID":15},{"utility":48.5,"ID":20}],[{"utility":0,"ID":10}],[{"utility":5.666666666666667,"ID":4},{"utility":49.333333333333336,"ID":9},{"utility":22.333333333333332,"ID":13},{"utility":15,"ID":18}],[],[{"utility":28.2,"ID":2},{"utility":62.4,"ID":3},{"utility":20,"ID":8},{"utility":51,"ID":14},{"utility":38.8,"ID":16},{"utility":33.6,"ID":19}],[{"utility":68,"ID":1},{"utility":11,"ID":17}],[{"utility":0,"ID":11}],[{"utility":0,"ID":6}],[],[],[],[],[],[],[],[],[],[]],"CORE :":false,"Relazioni :":240,"Time : ":0.1,"LAST PARTITION":{"11":6,"12":8,"13":3,"14":7,"15":4,"16":12,"17":12,"18":5,"19":8,"1":2,"2":3,"3":7,"4":4,"5":11,"6":9,"7":6,"8":1,"9":5,"20":2,"10":9}},{"Modalità dinamica :":true,"Q : ":3,"STARTING PARTITION: ":{"11":9,"12":3,"13":5,"14":7,"15":3,"16":7,"17":8,"18":5,"19":7,"1":8,"2":7,"3":7,"4":5,"5":2,"6":10,"7":1,"8":7,"9":5,"20":3,"10":4},"LAST COALITION":[[],[{"utility":98,"ID":9},{"utility":45,"ID":18}],[{"utility":37,"ID":4},{"utility":87,"ID":15}],[{"utility":95,"ID":3},{"utility":99,"ID":14}],[{"utility":0,"ID":5}],[{"utility":96,"ID":1},{"utility":35,"ID":20}],[{"utility":0,"ID":7}],[{"utility":96,"ID":2},{"utility":99,"ID":13}],[{"utility":97,"ID":12},{"utility":80,"ID":19}],[{"utility":94,"ID":8},{"utility":70,"ID":11}],[],[],[],[],[{"utility":97,"ID":6},{"utility":57,"ID":10}],[{"utility":78,"ID":16},{"utility":75,"ID":17}],[],[],[],[],[]],"STARTING COALITION: ":[[null],[{"utility":0,"ID":7}],[{"utility":0,"ID":5}],[{"utility":56,"ID":12},{"utility":39,"ID":15},{"utility":48.5,"ID":20}],[{"utility":0,"ID":10}],[{"utility":5.666666666666667,"ID":4},{"utility":49.333333333333336,"ID":9},{"utility":22.333333333333332,"ID":13},{"utility":15,"ID":18}],[],[{"utility":28.2,"ID":2},{"utility":62.4,"ID":3},{"utility":20,"ID":8},{"utility":51,"ID":14},{"utility":38.8,"ID":16},{"utility":33.6,"ID":19}],[{"utility":68,"ID":1},{"utility":11,"ID":17}],[{"utility":0,"ID":11}],[{"utility":0,"ID":6}],[],[],[],[],[],[],[],[],[],[]],"CORE :":false,"Relazioni :":240,"Time : ":0.2,"LAST PARTITION":{"11":9,"12":8,"13":7,"14":3,"15":2,"16":15,"17":15,"18":1,"19":8,"1":5,"2":7,"3":3,"4":2,"5":4,"6":14,"7":6,"8":9,"9":1,"20":5,"10":14}},{"Modalità dinamica :":true,"Q : ":4,"STARTING PARTITION: ":{"11":9,"12":3,"13":5,"14":7,"15":3,"16":7,"17":8,"18":5,"19":7,"1":8,"2":7,"3":7,"4":5,"5":2,"6":10,"7":1,"8":7,"9":5,"20":3,"10":4},"LAST COALITION":[[],[{"utility":97,"ID":4},{"utility":81,"ID":12}],[{"utility":96,"ID":1},{"utility":35,"ID":20}],[{"utility":71,"ID":18},{"utility":78,"ID":19}],[{"utility":0,"ID":5}],[{"utility":53,"ID":7},{"utility":44,"ID":8}],[{"utility":96,"ID":2},{"utility":99,"ID":13}],[{"utility":95,"ID":3},{"utility":99,"ID":14}],[],[{"utility":78,"ID":16},{"utility":75,"ID":17}],[{"utility":61,"ID":9},{"utility":10,"ID":11}],[{"utility":0,"ID":15}],[],[{"utility":97,"ID":6},{"utility":57,"ID":10}],[],[],[],[],[],[],[]],"STARTING COALITION: ":[[null],[{"utility":0,"ID":7}],[{"utility":0,"ID":5}],[{"utility":56,"ID":12},{"utility":39,"ID":15},{"utility":48.5,"ID":20}],[{"utility":0,"ID":10}],[{"utility":5.666666666666667,"ID":4},{"utility":49.333333333333336,"ID":9},{"utility":22.333333333333332,"ID":13},{"utility":15,"ID":18}],[],[{"utility":28.2,"ID":2},{"utility":62.4,"ID":3},{"utility":20,"ID":8},{"utility":51,"ID":14},{"utility":38.8,"ID":16},{"utility":33.6,"ID":19}],[{"utility":68,"ID":1},{"utility":11,"ID":17}],[{"utility":0,"ID":11}],[{"utility":0,"ID":6}],[],[],[],[],[],[],[],[],[],[]],"CORE :":false,"Relazioni :":240,"Time : ":0.1,"LAST PARTITION":{"11":10,"12":1,"13":6,"14":7,"15":11,"16":9,"17":9,"18":3,"19":3,"1":2,"2":6,"3":7,"4":1,"5":4,"6":13,"7":5,"8":5,"9":10,"20":2,"10":13}},{"Modalità dinamica :":true,"Q : ":4,"STARTING PARTITION: ":{"11":9,"12":3,"13":5,"14":7,"15":3,"16":7,"17":8,"18":5,"19":7,"1":8,"2":7,"3":7,"4":5,"5":2,"6":10,"7":1,"8":7,"9":5,"20":3,"10":4},"LAST COALITION":[[],[{"utility":36,"ID":5},{"utility":12,"ID":11}],[{"utility":97,"ID":6},{"utility":57,"ID":10}],[{"utility":0,"ID":15}],[{"utility":97,"ID":12},{"utility":80,"ID":19}],[{"utility":98,"ID":9},{"utility":45,"ID":18}],[{"utility":53,"ID":7},{"utility":44,"ID":8}],[{"utility":90,"ID":1},{"utility":31,"ID":4}],[{"utility":95,"ID":3},{"utility":99,"ID":14}],[{"utility":96,"ID":2},{"utility":99,"ID":13}],[{"utility":78,"ID":16},{"utility":75,"ID":17}],[],[],[{"utility":0,"ID":20}],[],[],[],[],[],[],[]],"STARTING COALITION: ":[[null],[{"utility":0,"ID":7}],[{"utility":0,"ID":5}],[{"utility":56,"ID":12},{"utility":39,"ID":15},{"utility":48.5,"ID":20}],[{"utility":0,"ID":10}],[{"utility":5.666666666666667,"ID":4},{"utility":49.333333333333336,"ID":9},{"utility":22.333333333333332,"ID":13},{"utility":15,"ID":18}],[],[{"utility":28.2,"ID":2},{"utility":62.4,"ID":3},{"utility":20,"ID":8},{"utility":51,"ID":14},{"utility":38.8,"ID":16},{"utility":33.6,"ID":19}],[{"utility":68,"ID":1},{"utility":11,"ID":17}],[{"utility":0,"ID":11}],[{"utility":0,"ID":6}],[],[],[],[],[],[],[],[],[],[]],"CORE :":false,"Relazioni :":240,"Time : ":0.2,"LAST PARTITION":{"11":1,"12":4,"13":9,"14":8,"15":3,"16":10,"17":10,"18":5,"19":4,"1":7,"2":9,"3":8,"4":7,"5":1,"6":2,"7":6,"8":6,"9":5,"20":13,"10":2}},{"Modalità dinamica :":true,"Q : ":5,"STARTING PARTITION: ":{"11":9,"12":3,"13":5,"14":7,"15":3,"16":7,"17":8,"18":5,"19":7,"1":8,"2":7,"3":7,"4":5,"5":2,"6":10,"7":1,"8":7,"9":5,"20":3,"10":4},"LAST COALITION":[[],[{"utility":96,"ID":2},{"utility":99,"ID":13}],[{"utility":0,"ID":5}],[{"utility":36,"ID":4},{"utility":78,"ID":7}],[{"utility":97,"ID":12},{"utility":80,"ID":19}],[{"utility":56,"ID":9},{"utility":71,"ID":15}],[{"utility":21,"ID":18},{"utility":94,"ID":20}],[{"utility":95,"ID":3},{"utility":99,"ID":14}],[{"utility":56,"ID":1},{"utility":94,"ID":10}],[{"utility":0,"ID":11}],[{"utility":78,"ID":16},{"utility":75,"ID":17}],[{"utility":0,"ID":8}],[{"utility":0,"ID":6}],[],[],[],[],[],[],[],[]],"STARTING COALITION: ":[[null],[{"utility":0,"ID":7}],[{"utility":0,"ID":5}],[{"utility":56,"ID":12},{"utility":39,"ID":15},{"utility":48.5,"ID":20}],[{"utility":0,"ID":10}],[{"utility":5.666666666666667,"ID":4},{"utility":49.333333333333336,"ID":9},{"utility":22.333333333333332,"ID":13},{"utility":15,"ID":18}],[],[{"utility":28.2,"ID":2},{"utility":62.4,"ID":3},{"utility":20,"ID":8},{"utility":51,"ID":14},{"utility":38.8,"ID":16},{"utility":33.6,"ID":19}],[{"utility":68,"ID":1},{"utility":11,"ID":17}],[{"utility":0,"ID":11}],[{"utility":0,"ID":6}],[],[],[],[],[],[],[],[],[],[]],"CORE :":false,"Relazioni :":240,"Time : ":0.1,"LAST PARTITION":{"11":9,"12":4,"13":1,"14":7,"15":5,"16":10,"17":10,"18":6,"19":4,"1":8,"2":1,"3":7,"4":3,"5":2,"6":12,"7":3,"8":11,"9":5,"20":6,"10":8}},{"Modalità dinamica :":true,"Q : ":5,"STARTING PARTITION: ":{"11":9,"12":3,"13":5,"14":7,"15":3,"16":7,"17":8,"18":5,"19":7,"1":8,"2":7,"3":7,"4":5,"5":2,"6":10,"7":1,"8":7,"9":5,"20":3,"10":4},"LAST COALITION":[[],[{"utility":98,"ID":9},{"utility":45,"ID":18}],[{"utility":95,"ID":3},{"utility":99,"ID":14}],[{"utility":57,"ID":4},{"utility":23,"ID":10}],[{"utility":0,"ID":7}],[{"utility":0,"ID":16}],[{"utility":96,"ID":2},{"utility":99,"ID":13}],[{"utility":96,"ID":1},{"utility":35,"ID":20}],[{"utility":0,"ID":5}],[{"utility":14,"ID":6},{"utility":83,"ID":17}],[],[],[{"utility":97,"ID":12},{"utility":80,"ID":19}],[{"utility":94,"ID":8},{"utility":70,"ID":11}],[{"utility":0,"ID":15}],[],[],[],[],[],[]],"STARTING COALITION: ":[[null],[{"utility":0,"ID":7}],[{"utility":0,"ID":5}],[{"utility":56,"ID":12},{"utility":39,"ID":15},{"utility":48.5,"ID":20}],[{"utility":0,"ID":10}],[{"utility":5.666666666666667,"ID":4},{"utility":49.333333333333336,"ID":9},{"utility":22.333333333333332,"ID":13},{"utility":15,"ID":18}],[],[{"utility":28.2,"ID":2},{"utility":62.4,"ID":3},{"utility":20,"ID":8},{"utility":51,"ID":14},{"utility":38.8,"ID":16},{"utility":33.6,"ID":19}],[{"utility":68,"ID":1},{"utility":11,"ID":17}],[{"utility":0,"ID":11}],[{"utility":0,"ID":6}],[],[],[],[],[],[],[],[],[],[]],"CORE :":false,"Relazioni :":240,"Time : ":0.2,"LAST PARTITION":{"11":13,"12":12,"13":6,"14":2,"15":14,"16":5,"17":9,"18":1,"19":12,"1":7,"2":6,"3":2,"4":3,"5":8,"6":9,"7":4,"8":13,"9":1,"20":7,"10":3}},{"Modalità dinamica :":true,"Q : ":6,"STARTING PARTITION: ":{"11":9,"12":3,"13":5,"14":7,"15":3,"16":7,"17":8,"18":5,"19":7,"1":8,"2":7,"3":7,"4":5,"5":2,"6":10,"7":1,"8":7,"9":5,"20":3,"10":4},"LAST COALITION":[[],[{"utility":82,"ID":12},{"utility":78,"ID":15}],[{"utility":96,"ID":2},{"utility":99,"ID":13}],[{"utility":71,"ID":18},{"utility":78,"ID":19}],[],[{"utility":0,"ID":8}],[{"utility":0,"ID":4}],[{"utility":36,"ID":5},{"utility":12,"ID":11}],[{"utility":97,"ID":6},{"utility":57,"ID":10}],[{"utility":0,"ID":9}],[{"utility":78,"ID":16},{"utility":75,"ID":17}],[],[{"utility":0,"ID":7}],[{"utility":95,"ID":3},{"utility":99,"ID":14}],[{"utility":96,"ID":1},{"utility":35,"ID":20}],[],[],[],[],[],[]],"STARTING COALITION: ":[[null],[{"utility":0,"ID":7}],[{"utility":0,"ID":5}],[{"utility":56,"ID":12},{"utility":39,"ID":15},{"utility":48.5,"ID":20}],[{"utility":0,"ID":10}],[{"utility":5.666666666666667,"ID":4},{"utility":49.333333333333336,"ID":9},{"utility":22.333333333333332,"ID":13},{"utility":15,"ID":18}],[],[{"utility":28.2,"ID":2},{"utility":62.4,"ID":3},{"utility":20,"ID":8},{"utility":51,"ID":14},{"utility":38.8,"ID":16},{"utility":33.6,"ID":19}],[{"utility":68,"ID":1},{"utility":11,"ID":17}],[{"utility":0,"ID":11}],[{"utility":0,"ID":6}],[],[],[],[],[],[],[],[],[],[]],"CORE :":false,"Relazioni :":240,"Time : ":0.1,"LAST PARTITION":{"11":7,"12":1,"13":2,"14":13,"15":1,"16":10,"17":10,"18":3,"19":3,"1":14,"2":2,"3":13,"4":6,"5":7,"6":8,"7":12,"8":5,"9":9,"20":14,"10":8}},{"Modalità dinamica :":true,"Q : ":6,"STARTING PARTITION: ":{"11":9,"12":3,"13":5,"14":7,"15":3,"16":7,"17":8,"18":5,"19":7,"1":8,"2":7,"3":7,"4":5,"5":2,"6":10,"7":1,"8":7,"9":5,"20":3,"10":4},"LAST COALITION":[[],[{"utility":97,"ID":12},{"utility":80,"ID":19}],[{"utility":0,"ID":8}],[{"utility":96,"ID":1},{"utility":35,"ID":20}],[{"utility":97,"ID":6},{"utility":57,"ID":10}],[{"utility":37,"ID":4},{"utility":87,"ID":15}],[{"utility":98,"ID":9},{"utility":45,"ID":18}],[{"utility":95,"ID":3},{"utility":99,"ID":14}],[{"utility":52,"ID":7},{"utility":80,"ID":11}],[{"utility":96,"ID":2},{"utility":99,"ID":13}],[{"utility":78,"ID":16},{"utility":75,"ID":17}],[],[{"utility":0,"ID":5}],[],[],[],[],[],[],[],[]],"STARTING COALITION: ":[[null],[{"utility":0,"ID":7}],[{"utility":0,"ID":5}],[{"utility":56,"ID":12},{"utility":39,"ID":15},{"utility":48.5,"ID":20}],[{"utility":0,"ID":10}],[{"utility":5.666666666666667,"ID":4},{"utility":49.333333333333336,"ID":9},{"utility":22.333333333333332,"ID":13},{"utility":15,"ID":18}],[],[{"utility":28.2,"ID":2},{"utility":62.4,"ID":3},{"utility":20,"ID":8},{"utility":51,"ID":14},{"utility":38.8,"ID":16},{"utility":33.6,"ID":19}],[{"utility":68,"ID":1},{"utility":11,"ID":17}],[{"utility":0,"ID":11}],[{"utility":0,"ID":6}],[],[],[],[],[],[],[],[],[],[]],"CORE :":false,"Relazioni :":240,"Time : ":0.2,"LAST PARTITION":{"11":8,"12":1,"13":9,"14":7,"15":5,"16":10,"17":10,"18":6,"19":1,"1":3,"2":9,"3":7,"4":5,"5":12,"6":4,"7":8,"8":2,"9":6,"20":3,"10":4}},{"Modalità dinamica :":true,"Q : ":7,"STARTING PARTITION: ":{"11":9,"12":3,"13":5,"14":7,"15":3,"16":7,"17":8,"18":5,"19":7,"1":8,"2":7,"3":7,"4":5,"5":2,"6":10,"7":1,"8":7,"9":5,"20":3,"10":4},"LAST COALITION":[[],[{"utility":96,"ID":2},{"utility":99,"ID":13}],[{"utility":97,"ID":12},{"utility":80,"ID":19}],[{"utility":21,"ID":18},{"utility":94,"ID":20}],[{"utility":94,"ID":8},{"utility":70,"ID":11}],[],[{"utility":0,"ID":15}],[],[],[{"utility":90,"ID":1},{"utility":31,"ID":4}],[{"utility":95,"ID":3},{"utility":99,"ID":14}],[{"utility":61,"ID":7},{"utility":29,"ID":17}],[{"utility":0,"ID":9}],[{"utility":46,"ID":5},{"utility":18.5,"ID":10},{"utility":32.5,"ID":16}],[{"utility":0,"ID":6}],[],[],[],[],[],[]],"STARTING COALITION: ":[[null],[{"utility":0,"ID":7}],[{"utility":0,"ID":5}],[{"utility":56,"ID":12},{"utility":39,"ID":15},{"utility":48.5,"ID":20}],[{"utility":0,"ID":10}],[{"utility":5.666666666666667,"ID":4},{"utility":49.333333333333336,"ID":9},{"utility":22.333333333333332,"ID":13},{"utility":15,"ID":18}],[],[{"utility":28.2,"ID":2},{"utility":62.4,"ID":3},{"utility":20,"ID":8},{"utility":51,"ID":14},{"utility":38.8,"ID":16},{"utility":33.6,"ID":19}],[{"utility":68,"ID":1},{"utility":11,"ID":17}],[{"utility":0,"ID":11}],[{"utility":0,"ID":6}],[],[],[],[],[],[],[],[],[],[]],"CORE :":false,"Relazioni :":240,"Time : ":0.1,"LAST PARTITION":{"11":4,"12":2,"13":1,"14":10,"15":6,"16":13,"17":11,"18":3,"19":2,"1":9,"2":1,"3":10,"4":9,"5":13,"6":14,"7":11,"8":4,"9":12,"20":3,"10":13}},{"Modalità dinamica :":true,"Q : ":7,"STARTING PARTITION: ":{"11":9,"12":3,"13":5,"14":7,"15":3,"16":7,"17":8,"18":5,"19":7,"1":8,"2":7,"3":7,"4":5,"5":2,"6":10,"7":1,"8":7,"9":5,"20":3,"10":4},"LAST COALITION":[[],[{"utility":94,"ID":8},{"utility":70,"ID":11}],[{"utility":0,"ID":5}],[{"utility":0,"ID":12}],[{"utility":96,"ID":2},{"utility":99,"ID":13}],[{"utility":97,"ID":6},{"utility":57,"ID":10}],[{"utility":37,"ID":4},{"utility":87,"ID":15}],[{"utility":95,"ID":3},{"utility":99,"ID":14}],[{"utility":71,"ID":18},{"utility":78,"ID":19}],[{"utility":0,"ID":7}],[{"utility":0,"ID":9}],[{"utility":78,"ID":16},{"utility":75,"ID":17}],[],[],[{"utility":96,"ID":1},{"utility":35,"ID":20}],[],[],[],[],[],[]],"STARTING COALITION: ":[[null],[{"utility":0,"ID":7}],[{"utility":0,"ID":5}],[{"utility":56,"ID":12},{"utility":39,"ID":15},{"utility":48.5,"ID":20}],[{"utility":0,"ID":10}],[{"utility":5.666666666666667,"ID":4},{"utility":49.333333333333336,"ID":9},{"utility":22.333333333333332,"ID":13},{"utility":15,"ID":18}],[],[{"utility":28.2,"ID":2},{"utility":62.4,"ID":3},{"utility":20,"ID":8},{"utility":51,"ID":14},{"utility":38.8,"ID":16},{"utility":33.6,"ID":19}],[{"utility":68,"ID":1},{"utility":11,"ID":17}],[{"utility":0,"ID":11}],[{"utility":0,"ID":6}],[],[],[],[],[],[],[],[],[],[]],"CORE :":false,"Relazioni :":240,"Time : ":0.2,"LAST PARTITION":{"11":1,"12":3,"13":4,"14":7,"15":6,"16":11,"17":11,"18":8,"19":8,"1":14,"2":4,"3":7,"4":6,"5":2,"6":5,"7":9,"8":1,"9":10,"20":14,"10":5}},{"Modalità dinamica :":true,"Q : ":8,"STARTING PARTITION: ":{"11":9,"12":3,"13":5,"14":7,"15":3,"16":7,"17":8,"18":5,"19":7,"1":8,"2":7,"3":7,"4":5,"5":2,"6":10,"7":1,"8":7,"9":5,"20":3,"10":4},"LAST COALITION":[[],[{"utility":0,"ID":11}],[{"utility":96,"ID":1},{"utility":35,"ID":20}],[{"utility":0,"ID":19}],[{"utility":85,"ID":2},{"utility":89,"ID":15}],[{"utility":66.66666666666667,"ID":6},{"utility":68.66666666666667,"ID":7},{"utility":26,"ID":8},{"utility":46.333333333333336,"ID":10}],[],[{"utility":95,"ID":3},{"utility":99,"ID":14}],[{"utility":97,"ID":4},{"utility":81,"ID":12}],[{"utility":78,"ID":16},{"utility":75,"ID":17}],[{"utility":98,"ID":9},{"utility":45,"ID":18}],[{"utility":36,"ID":5},{"utility":0,"ID":13}],[],[],[],[],[],[],[],[],[]],"STARTING COALITION: ":[[null],[{"utility":0,"ID":7}],[{"utility":0,"ID":5}],[{"utility":56,"ID":12},{"utility":39,"ID":15},{"utility":48.5,"ID":20}],[{"utility":0,"ID":10}],[{"utility":5.666666666666667,"ID":4},{"utility":49.333333333333336,"ID":9},{"utility":22.333333333333332,"ID":13},{"utility":15,"ID":18}],[],[{"utility":28.2,"ID":2},{"utility":62.4,"ID":3},{"utility":20,"ID":8},{"utility":51,"ID":14},{"utility":38.8,"ID":16},{"utility":33.6,"ID":19}],[{"utility":68,"ID":1},{"utility":11,"ID":17}],[{"utility":0,"ID":11}],[{"utility":0,"ID":6}],[],[],[],[],[],[],[],[],[],[]],"CORE :":false,"Relazioni :":240,"Time : ":0.1,"LAST PARTITION":{"11":1,"12":8,"13":11,"14":7,"15":4,"16":9,"17":9,"18":10,"19":3,"1":2,"2":4,"3":7,"4":8,"5":11,"6":5,"7":5,"8":5,"9":10,"20":2,"10":5}},{"Modalità dinamica :":true,"Q : ":8,"STARTING PARTITION: ":{"11":9,"12":3,"13":5,"14":7,"15":3,"16":7,"17":8,"18":5,"19":7,"1":8,"2":7,"3":7,"4":5,"5":2,"6":10,"7":1,"8":7,"9":5,"20":3,"10":4},"LAST COALITION":[[],[{"utility":78,"ID":16},{"utility":75,"ID":17}],[{"utility":96,"ID":2},{"utility":99,"ID":13}],[{"utility":0,"ID":20}],[{"utility":94,"ID":8},{"utility":70,"ID":11}],[{"utility":36,"ID":4},{"utility":78,"ID":7}],[{"utility":97,"ID":6},{"utility":57,"ID":10}],[{"utility":95,"ID":3},{"utility":99,"ID":14}],[{"utility":0,"ID":5}],[{"utility":71,"ID":18},{"utility":78,"ID":19}],[{"utility":22,"ID":9},{"utility":63,"ID":12}],[{"utility":0,"ID":15}],[],[{"utility":0,"ID":1}],[],[],[],[],[],[],[]],"STARTING COALITION: ":[[null],[{"utility":0,"ID":7}],[{"utility":0,"ID":5}],[{"utility":56,"ID":12},{"utility":39,"ID":15},{"utility":48.5,"ID":20}],[{"utility":0,"ID":10}],[{"utility":5.666666666666667,"ID":4},{"utility":49.333333333333336,"ID":9},{"utility":22.333333333333332,"ID":13},{"utility":15,"ID":18}],[],[{"utility":28.2,"ID":2},{"utility":62.4,"ID":3},{"utility":20,"ID":8},{"utility":51,"ID":14},{"utility":38.8,"ID":16},{"utility":33.6,"ID":19}],[{"utility":68,"ID":1},{"utility":11,"ID":17}],[{"utility":0,"ID":11}],[{"utility":0,"ID":6}],[],[],[],[],[],[],[],[],[],[]],"CORE :":false,"Relazioni :":240,"Time : ":0.2,"LAST PARTITION":{"11":4,"12":10,"13":2,"14":7,"15":11,"16":1,"17":1,"18":9,"19":9,"1":13,"2":2,"3":7,"4":5,"5":8,"6":6,"7":5,"8":4,"9":10,"20":3,"10":6}},{"Modalità dinamica :":true,"Q : ":9,"STARTING PARTITION: ":{"11":9,"12":3,"13":5,"14":7,"15":3,"16":7,"17":8,"18":5,"19":7,"1":8,"2":7,"3":7,"4":5,"5":2,"6":10,"7":1,"8":7,"9":5,"20":3,"10":4},"LAST COALITION":[[],[{"utility":78,"ID":16},{"utility":75,"ID":17}],[{"utility":71,"ID":18},{"utility":78,"ID":19}],[{"utility":0,"ID":10}],[{"utility":97,"ID":4},{"utility":81,"ID":12}],[{"utility":0,"ID":9}],[{"utility":61,"ID":6},{"utility":58,"ID":7}],[{"utility":96,"ID":1},{"utility":35,"ID":20}],[{"utility":47,"ID":8},{"utility":35,"ID":11},{"utility":85.5,"ID":13}],[],[{"utility":85,"ID":2},{"utility":89,"ID":15}],[{"utility":95,"ID":3},{"utility":99,"ID":14}],[{"utility":0,"ID":5}],[],[],[],[],[],[],[],[]],"STARTING COALITION: ":[[null],[{"utility":0,"ID":7}],[{"utility":0,"ID":5}],[{"utility":56,"ID":12},{"utility":39,"ID":15},{"utility":48.5,"ID":20}],[{"utility":0,"ID":10}],[{"utility":5.666666666666667,"ID":4},{"utility":49.333333333333336,"ID":9},{"utility":22.333333333333332,"ID":13},{"utility":15,"ID":18}],[],[{"utility":28.2,"ID":2},{"utility":62.4,"ID":3},{"utility":20,"ID":8},{"utility":51,"ID":14},{"utility":38.8,"ID":16},{"utility":33.6,"ID":19}],[{"utility":68,"ID":1},{"utility":11,"ID":17}],[{"utility":0,"ID":11}],[{"utility":0,"ID":6}],[],[],[],[],[],[],[],[],[],[]],"CORE :":false,"Relazioni :":240,"Time : ":0.1,"LAST PARTITION":{"11":8,"12":4,"13":8,"14":11,"15":10,"16":1,"17":1,"18":2,"19":2,"1":7,"2":10,"3":11,"4":4,"5":12,"6":6,"7":6,"8":8,"9":5,"20":7,"10":3}},{"Modalità dinamica :":true,"Q : ":9,"STARTING PARTITION: ":{"11":9,"12":3,"13":5,"14":7,"15":3,"16":7,"17":8,"18":5,"19":7,"1":8,"2":7,"3":7,"4":5,"5":2,"6":10,"7":1,"8":7,"9":5,"20":3,"10":4},"LAST COALITION":[[],[{"utility":97,"ID":12},{"utility":80,"ID":19}],[{"utility":98,"ID":9},{"utility":45,"ID":18}],[{"utility":37,"ID":4},{"utility":87,"ID":15}],[{"utility":96,"ID":1},{"utility":35,"ID":20}],[],[{"utility":94,"ID":8},{"utility":70,"ID":11}],[{"utility":95,"ID":3},{"utility":99,"ID":14}],[{"utility":27,"ID":5},{"utility":27,"ID":16}],[{"utility":95,"ID":7},{"utility":6,"ID":10}],[{"utility":14,"ID":6},{"utility":83,"ID":17}],[],[{"utility":96,"ID":2},{"utility":99,"ID":13}],[],[],[],[],[],[],[],[]],"STARTING COALITION: ":[[null],[{"utility":0,"ID":7}],[{"utility":0,"ID":5}],[{"utility":56,"ID":12},{"utility":39,"ID":15},{"utility":48.5,"ID":20}],[{"utility":0,"ID":10}],[{"utility":5.666666666666667,"ID":4},{"utility":49.333333333333336,"ID":9},{"utility":22.333333333333332,"ID":13},{"utility":15,"ID":18}],[],[{"utility":28.2,"ID":2},{"utility":62.4,"ID":3},{"utility":20,"ID":8},{"utility":51,"ID":14},{"utility":38.8,"ID":16},{"utility":33.6,"ID":19}],[{"utility":68,"ID":1},{"utility":11,"ID":17}],[{"utility":0,"ID":11}],[{"utility":0,"ID":6}],[],[],[],[],[],[],[],[],[],[]],"CORE :":false,"Relazioni :":240,"Time : ":0.2,"LAST PARTITION":{"11":6,"12":1,"13":12,"14":7,"15":3,"16":8,"17":10,"18":2,"19":1,"1":4,"2":12,"3":7,"4":3,"5":8,"6":10,"7":9,"8":6,"9":2,"20":4,"10":9}},{"Modalità dinamica :":true,"Q : ":10,"STARTING PARTITION: ":{"11":9,"12":3,"13":5,"14":7,"15":3,"16":7,"17":8,"18":5,"19":7,"1":8,"2":7,"3":7,"4":5,"5":2,"6":10,"7":1,"8":7,"9":5,"20":3,"10":4},"LAST COALITION":[[],[{"utility":90,"ID":15},{"utility":42,"ID":19}],[{"utility":30,"ID":12},{"utility":90,"ID":20}],[{"utility":95,"ID":3},{"utility":99,"ID":14}],[{"utility":94,"ID":8},{"utility":70,"ID":11}],[{"utility":98,"ID":9},{"utility":45,"ID":18}],[],[{"utility":0,"ID":7}],[{"utility":45,"ID":1},{"utility":42,"ID":4},{"utility":42,"ID":16}],[{"utility":97,"ID":6},{"utility":57,"ID":10}],[{"utility":0,"ID":5}],[{"utility":0,"ID":17}],[],[{"utility":96,"ID":2},{"utility":99,"ID":13}],[],[],[],[],[],[],[]],"STARTING COALITION: ":[[null],[{"utility":0,"ID":7}],[{"utility":0,"ID":5}],[{"utility":56,"ID":12},{"utility":39,"ID":15},{"utility":48.5,"ID":20}],[{"utility":0,"ID":10}],[{"utility":5.666666666666667,"ID":4},{"utility":49.333333333333336,"ID":9},{"utility":22.333333333333332,"ID":13},{"utility":15,"ID":18}],[],[{"utility":28.2,"ID":2},{"utility":62.4,"ID":3},{"utility":20,"ID":8},{"utility":51,"ID":14},{"utility":38.8,"ID":16},{"utility":33.6,"ID":19}],[{"utility":68,"ID":1},{"utility":11,"ID":17}],[{"utility":0,"ID":11}],[{"utility":0,"ID":6}],[],[],[],[],[],[],[],[],[],[]],"CORE :":false,"Relazioni :":240,"Time : ":0.1,"LAST PARTITION":{"11":4,"12":2,"13":13,"14":3,"15":1,"16":8,"17":11,"18":5,"19":1,"1":8,"2":13,"3":3,"4":8,"5":10,"6":9,"7":7,"8":4,"9":5,"20":2,"10":9}},{"Modalità dinamica :":true,"Q : ":10,"STARTING PARTITION: ":{"11":9,"12":3,"13":5,"14":7,"15":3,"16":7,"17":8,"18":5,"19":7,"1":8,"2":7,"3":7,"4":5,"5":2,"6":10,"7":1,"8":7,"9":5,"20":3,"10":4},"LAST COALITION":[[],[{"utility":98,"ID":9},{"utility":45,"ID":18}],[],[{"utility":96,"ID":1},{"utility":35,"ID":20}],[{"utility":95,"ID":3},{"utility":99,"ID":14}],[],[{"utility":52,"ID":7},{"utility":80,"ID":11}],[{"utility":9,"ID":5},{"utility":24,"ID":8}],[{"utility":96,"ID":2},{"utility":99,"ID":13}],[{"utility":37,"ID":4},{"utility":87,"ID":15}],[{"utility":97,"ID":12},{"utility":80,"ID":19}],[{"utility":97,"ID":6},{"utility":57,"ID":10}],[{"utility":78,"ID":16},{"utility":75,"ID":17}],[],[],[],[],[],[],[],[]],"STARTING COALITION: ":[[null],[{"utility":0,"ID":7}],[{"utility":0,"ID":5}],[{"utility":56,"ID":12},{"utility":39,"ID":15},{"utility":48.5,"ID":20}],[{"utility":0,"ID":10}],[{"utility":5.666666666666667,"ID":4},{"utility":49.333333333333336,"ID":9},{"utility":22.333333333333332,"ID":13},{"utility":15,"ID":18}],[],[{"utility":28.2,"ID":2},{"utility":62.4,"ID":3},{"utility":20,"ID":8},{"utility":51,"ID":14},{"utility":38.8,"ID":16},{"utility":33.6,"ID":19}],[{"utility":68,"ID":1},{"utility":11,"ID":17}],[{"utility":0,"ID":11}],[{"utility":0,"ID":6}],[],[],[],[],[],[],[],[],[],[]],"CORE :":false,"Relazioni :":240,"Time : ":0.2,"LAST PARTITION":{"11":6,"12":10,"13":8,"14":4,"15":9,"16":12,"17":12,"18":1,"19":10,"1":3,"2":8,"3":4,"4":9,"5":7,"6":11,"7":6,"8":7,"9":1,"20":3,"10":11}},{"END OF FILE:" : true}]