[{"STARTING PARTITION: ":{"1":2,"2":2,"3":2,"4":1},"Agents":[null,{"utility":39,"ID":1},{"utility":41,"ID":2},{"utility":28,"ID":3},{"utility":66,"ID":4}],"LAST COALITION":[[],[{"utility":39,"ID":1},{"utility":28,"ID":3}],[],[],[{"utility":41,"ID":2},{"utility":66,"ID":4}]],"STARTING COALITION: ":[[null],[{"utility":0,"ID":4}],[{"utility":53.5,"ID":1},{"utility":21.5,"ID":2},{"utility":42.5,"ID":3}],[],[]],"CORE :":true,"LAST PARTITION":{"1":1,"2":4,"3":1,"4":4}},{"STARTING PARTITION: ":{"1":2,"2":2,"3":1,"4":2},"Agents":[null,{"utility":39,"ID":1},{"utility":41,"ID":2},{"utility":28,"ID":3},{"utility":66,"ID":4}],"LAST COALITION":[[],[],[],[{"utility":41,"ID":2},{"utility":66,"ID":4}],[{"utility":39,"ID":1},{"utility":28,"ID":3}]],"STARTING COALITION: ":[[null],[{"utility":0,"ID":3}],[{"utility":57,"ID":1},{"utility":38.5,"ID":2},{"utility":51,"ID":4}],[],[]],"CORE :":true,"LAST PARTITION":{"1":4,"2":3,"3":4,"4":3}},{"STARTING PARTITION: ":{"1":2,"2":2,"3":2,"4":1},"Agents":[null,{"utility":39,"ID":1},{"utility":41,"ID":2},{"utility":28,"ID":3},{"utility":66,"ID":4}],"LAST COALITION":[[],[{"utility":39,"ID":1},{"utility":28,"ID":3}],[],[],[{"utility":41,"ID":2},{"utility":66,"ID":4}]],"STARTING COALITION: ":[[null],[{"utility":0,"ID":4}],[{"utility":53.5,"ID":1},{"utility":21.5,"ID":2},{"utility":42.5,"ID":3}],[],[]],"CORE :":true,"LAST PARTITION":{"1":1,"2":4,"3":1,"4":4}},{"STARTING PARTITION: ":{"1":2,"2":2,"3":2,"4":1},"Agents":[null,{"utility":39,"ID":1},{"utility":41,"ID":2},{"utility":28,"ID":3},{"utility":66,"ID":4}],"LAST COALITION":[[],[{"utility":39,"ID":1},{"utility":28,"ID":3}],[],[],[{"utility":41,"ID":2},{"utility":66,"ID":4}]],"STARTING COALITION: ":[[null],[{"utility":0,"ID":4}],[{"utility":53.5,"ID":1},{"utility":21.5,"ID":2},{"utility":42.5,"ID":3}],[],[]],"CORE :":true,"LAST PARTITION":{"1":1,"2":4,"3":1,"4":4}},{"STARTING PARTITION: ":{"1":1,"2":1,"3":1,"4":1},"Agents":[null,{"utility":39,"ID":1},{"utility":41,"ID":2},{"utility":28,"ID":3},{"utility":66,"ID":4}],"LAST COALITION":[[],[],[],[{"utility":41,"ID":2},{"utility":66,"ID":4}],[{"utility":39,"ID":1},{"utility":28,"ID":3}]],"STARTING COALITION: ":[[null],[{"utility":51,"ID":1},{"utility":28,"ID":2},{"utility":35.333333333333336,"ID":3},{"utility":41.333333333333336,"ID":4}],[],[],[]],"CORE :":true,"LAST PARTITION":{"1":4,"2":3,"3":4,"4":3}},{"STARTING PARTITION: ":{"1":1,"2":1,"3":2,"4":2},"Agents":[null,{"utility":39,"ID":1},{"utility":41,"ID":2},{"utility":28,"ID":3},{"utility":66,"ID":4}],"LAST COALITION":[[],[],[],[{"utility":41,"ID":2},{"utility":66,"ID":4}],[{"utility":39,"ID":1},{"utility":28,"ID":3}]],"STARTING COALITION: ":[[null],[{"utility":68,"ID":1},{"utility":36,"ID":2}],[{"utility":21,"ID":3},{"utility":22,"ID":4}],[],[]],"CORE :":true,"LAST PARTITION":{"1":4,"2":3,"3":4,"4":3}},{"STARTING PARTITION: ":{"1":2,"2":2,"3":2,"4":2},"Agents":[null,{"utility":39,"ID":1},{"utility":41,"ID":2},{"utility":28,"ID":3},{"utility":66,"ID":4}],"LAST COALITION":[[],[],[],[{"utility":41,"ID":2},{"utility":66,"ID":4}],[{"utility":39,"ID":1},{"utility":28,"ID":3}]],"STARTING COALITION: ":[[null],[],[{"utility":51,"ID":1},{"utility":28,"ID":2},{"utility":35.333333333333336,"ID":3},{"utility":41.333333333333336,"ID":4}],[],[]],"CORE :":true,"LAST PARTITION":{"1":4,"2":3,"3":4,"4":3}},{"STARTING PARTITION: ":{"1":1,"2":1,"3":2,"4":2},"Agents":[null,{"utility":39,"ID":1},{"utility":41,"ID":2},{"utility":28,"ID":3},{"utility":66,"ID":4}],"LAST COALITION":[[],[],[],[{"utility":41,"ID":2},{"utility":66,"ID":4}],[{"utility":39,"ID":1},{"utility":28,"ID":3}]],"STARTING COALITION: ":[[null],[{"utility":68,"ID":1},{"utility":36,"ID":2}],[{"utility":21,"ID":3},{"utility":22,"ID":4}],[],[]],"CORE :":true,"LAST PARTITION":{"1":4,"2":3,"3":4,"4":3}},{"STARTING PARTITION: ":{"1":1,"2":2,"3":2,"4":1},"Agents":[null,{"utility":39,"ID":1},{"utility":41,"ID":2},{"utility":28,"ID":3},{"utility":66,"ID":4}],"LAST COALITION":[[],[{"utility":39,"ID":1},{"utility":28,"ID":3}],[],[],[{"utility":41,"ID":2},{"utility":66,"ID":4}]],"STARTING COALITION: ":[[null],[{"utility":46,"ID":1},{"utility":36,"ID":4}],[{"utility":7,"ID":2},{"utility":57,"ID":3}],[],[]],"CORE :":true,"LAST PARTITION":{"1":1,"2":4,"3":1,"4":4}},{"STARTING PARTITION: ":{"1":1,"2":2,"3":2,"4":1},"Agents":[null,{"utility":39,"ID":1},{"utility":41,"ID":2},{"utility":28,"ID":3},{"utility":66,"ID":4}],"LAST COALITION":[[],[{"utility":39,"ID":1},{"utility":28,"ID":3}],[],[],[{"utility":41,"ID":2},{"utility":66,"ID":4}]],"STARTING COALITION: ":[[null],[{"utility":46,"ID":1},{"utility":36,"ID":4}],[{"utility":7,"ID":2},{"utility":57,"ID":3}],[],[]],"CORE :":true,"LAST PARTITION":{"1":1,"2":4,"3":1,"4":4}},{"END OF FILE:" : true}]