[{"STARTING PARTITION: ":{"1":1,"2":2,"3":1,"4":2},"Agents":[null,{"utility":79,"ID":1},{"utility":36,"ID":2},{"utility":89,"ID":3},{"utility":86,"ID":4}],"LAST COALITION":[[],[{"utility":79,"ID":1},{"utility":89,"ID":3}],[{"utility":36,"ID":2},{"utility":86,"ID":4}],[],[]],"STARTING COALITION: ":[[null],[{"utility":79,"ID":1},{"utility":89,"ID":3}],[{"utility":36,"ID":2},{"utility":86,"ID":4}],[],[]],"CORE :":true,"LAST PARTITION":{"1":1,"2":2,"3":1,"4":2}},{"STARTING PARTITION: ":{"1":1,"2":1,"3":1,"4":1},"Agents":[null,{"utility":79,"ID":1},{"utility":36,"ID":2},{"utility":89,"ID":3},{"utility":86,"ID":4}],"LAST COALITION":[[],[],[],[{"utility":79,"ID":1},{"utility":89,"ID":3}],[{"utility":36,"ID":2},{"utility":86,"ID":4}]],"STARTING COALITION: ":[[null],[{"utility":55.333333333333336,"ID":1},{"utility":53,"ID":2},{"utility":71.33333333333333,"ID":3},{"utility":51.666666666666664,"ID":4}],[],[],[]],"CORE :":true,"LAST PARTITION":{"1":3,"2":4,"3":3,"4":4}},{"STARTING PARTITION: ":{"1":1,"2":1,"3":1,"4":2},"Agents":[null,{"utility":79,"ID":1},{"utility":36,"ID":2},{"utility":89,"ID":3},{"utility":86,"ID":4}],"LAST COALITION":[[],[],[],[{"utility":79,"ID":1},{"utility":89,"ID":3}],[{"utility":36,"ID":2},{"utility":86,"ID":4}]],"STARTING COALITION: ":[[null],[{"utility":74.5,"ID":1},{"utility":61.5,"ID":2},{"utility":70.5,"ID":3}],[{"utility":0,"ID":4}],[],[]],"CORE :":true,"LAST PARTITION":{"1":3,"2":4,"3":3,"4":4}},{"STARTING PARTITION: ":{"1":2,"2":2,"3":1,"4":2},"Agents":[null,{"utility":79,"ID":1},{"utility":36,"ID":2},{"utility":89,"ID":3},{"utility":86,"ID":4}],"LAST COALITION":[[],[{"utility":36,"ID":2},{"utility":86,"ID":4}],[],[],[{"utility":79,"ID":1},{"utility":89,"ID":3}]],"STARTING COALITION: ":[[null],[{"utility":0,"ID":3}],[{"utility":43.5,"ID":1},{"utility":51,"ID":2},{"utility":59,"ID":4}],[],[]],"CORE :":true,"LAST PARTITION":{"1":4,"2":1,"3":4,"4":1}},{"STARTING PARTITION: ":{"1":2,"2":1,"3":1,"4":1},"Agents":[null,{"utility":79,"ID":1},{"utility":36,"ID":2},{"utility":89,"ID":3},{"utility":86,"ID":4}],"LAST COALITION":[[],[],[{"utility":79,"ID":1},{"utility":89,"ID":3}],[],[{"utility":36,"ID":2},{"utility":86,"ID":4}]],"STARTING COALITION: ":[[null],[{"utility":46.5,"ID":2},{"utility":62.5,"ID":3},{"utility":61.5,"ID":4}],[{"utility":0,"ID":1}],[],[]],"CORE :":true,"LAST PARTITION":{"1":2,"2":4,"3":2,"4":4}},{"STARTING PARTITION: ":{"1":1,"2":1,"3":1,"4":1},"Agents":[null,{"utility":79,"ID":1},{"utility":36,"ID":2},{"utility":89,"ID":3},{"utility":86,"ID":4}],"LAST COALITION":[[],[],[],[{"utility":79,"ID":1},{"utility":89,"ID":3}],[{"utility":36,"ID":2},{"utility":86,"ID":4}]],"STARTING COALITION: ":[[null],[{"utility":55.333333333333336,"ID":1},{"utility":53,"ID":2},{"utility":71.33333333333333,"ID":3},{"utility":51.666666666666664,"ID":4}],[],[],[]],"CORE :":true,"LAST PARTITION":{"1":3,"2":4,"3":3,"4":4}},{"STARTING PARTITION: ":{"1":1,"2":1,"3":2,"4":2},"Agents":[null,{"utility":79,"ID":1},{"utility":36,"ID":2},{"utility":89,"ID":3},{"utility":86,"ID":4}],"LAST COALITION":[[],[],[],[{"utility":79,"ID":1},{"utility":89,"ID":3}],[{"utility":36,"ID":2},{"utility":86,"ID":4}]],"STARTING COALITION: ":[[null],[{"utility":70,"ID":1},{"utility":66,"ID":2}],[{"utility":73,"ID":3},{"utility":37,"ID":4}],[],[]],"CORE :":true,"LAST PARTITION":{"1":3,"2":4,"3":3,"4":4}},{"STARTING PARTITION: ":{"1":1,"2":2,"3":2,"4":2},"Agents":[null,{"utility":79,"ID":1},{"utility":36,"ID":2},{"utility":89,"ID":3},{"utility":86,"ID":4}],"LAST COALITION":[[],[{"utility":79,"ID":1},{"utility":89,"ID":3}],[],[],[{"utility":36,"ID":2},{"utility":86,"ID":4}]],"STARTING COALITION: ":[[null],[{"utility":0,"ID":1}],[{"utility":46.5,"ID":2},{"utility":62.5,"ID":3},{"utility":61.5,"ID":4}],[],[]],"CORE :":true,"LAST PARTITION":{"1":1,"2":4,"3":1,"4":4}},{"STARTING PARTITION: ":{"1":1,"2":1,"3":2,"4":1},"Agents":[null,{"utility":79,"ID":1},{"utility":36,"ID":2},{"utility":89,"ID":3},{"utility":86,"ID":4}],"LAST COALITION":[[],[],[{"utility":36,"ID":2},{"utility":86,"ID":4}],[],[{"utility":79,"ID":1},{"utility":89,"ID":3}]],"STARTING COALITION: ":[[null],[{"utility":43.5,"ID":1},{"utility":51,"ID":2},{"utility":59,"ID":4}],[{"utility":0,"ID":3}],[],[]],"CORE :":true,"LAST PARTITION":{"1":4,"2":2,"3":4,"4":2}},{"STARTING PARTITION: ":{"1":2,"2":2,"3":2,"4":1},"Agents":[null,{"utility":79,"ID":1},{"utility":36,"ID":2},{"utility":89,"ID":3},{"utility":86,"ID":4}],"LAST COALITION":[[],[],[],[{"utility":79,"ID":1},{"utility":89,"ID":3}],[{"utility":36,"ID":2},{"utility":86,"ID":4}]],"STARTING COALITION: ":[[null],[{"utility":0,"ID":4}],[{"utility":74.5,"ID":1},{"utility":61.5,"ID":2},{"utility":70.5,"ID":3}],[],[]],"CORE :":true,"LAST PARTITION":{"1":3,"2":4,"3":3,"4":4}},{"END OF FILE:" : true}]