[{"STARTING PARTITION: ":{"1":2,"2":1,"3":1,"4":1},"Agents":[null,{"utility":92,"ID":1},{"utility":62,"ID":2},{"utility":49,"ID":3},{"utility":91,"ID":4}],"LAST COALITION":[[],[],[{"utility":92,"ID":1},{"utility":91,"ID":4}],[],[{"utility":62,"ID":2},{"utility":49,"ID":3}]],"STARTING COALITION: ":[[null],[{"utility":42,"ID":2},{"utility":67.5,"ID":3},{"utility":48.5,"ID":4}],[{"utility":0,"ID":1}],[],[]],"CORE :":true,"LAST PARTITION":{"1":2,"2":4,"3":4,"4":2}},{"STARTING PARTITION: ":{"1":1,"2":2,"3":1,"4":1},"Agents":[null,{"utility":92,"ID":1},{"utility":62,"ID":2},{"utility":49,"ID":3},{"utility":91,"ID":4}],"LAST COALITION":[[],[],[{"utility":92,"ID":1},{"utility":91,"ID":4}],[],[{"utility":62,"ID":2},{"utility":49,"ID":3}]],"STARTING COALITION: ":[[null],[{"utility":72,"ID":1},{"utility":91,"ID":3},{"utility":67,"ID":4}],[{"utility":0,"ID":2}],[],[]],"CORE :":true,"LAST PARTITION":{"1":2,"2":4,"3":4,"4":2}},{"STARTING PARTITION: ":{"1":1,"2":1,"3":1,"4":1},"Agents":[null,{"utility":92,"ID":1},{"utility":62,"ID":2},{"utility":49,"ID":3},{"utility":91,"ID":4}],"LAST COALITION":[[],[{"utility":62,"ID":2},{"utility":49,"ID":3}],[{"utility":92,"ID":1},{"utility":91,"ID":4}],[],[]],"STARTING COALITION: ":[[null],[{"utility":75.33333333333333,"ID":1},{"utility":30,"ID":2},{"utility":77,"ID":3},{"utility":62.666666666666664,"ID":4}],[],[],[]],"CORE :":true,"LAST PARTITION":{"1":2,"2":1,"3":1,"4":2}},{"STARTING PARTITION: ":{"1":2,"2":2,"3":2,"4":2},"Agents":[null,{"utility":92,"ID":1},{"utility":62,"ID":2},{"utility":49,"ID":3},{"utility":91,"ID":4}],"LAST COALITION":[[],[{"utility":92,"ID":1},{"utility":91,"ID":4}],[{"utility":62,"ID":2},{"utility":49,"ID":3}],[],[]],"STARTING COALITION: ":[[null],[],[{"utility":75.33333333333333,"ID":1},{"utility":30,"ID":2},{"utility":77,"ID":3},{"utility":62.666666666666664,"ID":4}],[],[]],"CORE :":true,"LAST PARTITION":{"1":1,"2":2,"3":2,"4":1}},{"STARTING PARTITION: ":{"1":1,"2":2,"3":1,"4":2},"Agents":[null,{"utility":92,"ID":1},{"utility":62,"ID":2},{"utility":49,"ID":3},{"utility":91,"ID":4}],"LAST COALITION":[[],[],[],[{"utility":92,"ID":1},{"utility":91,"ID":4}],[{"utility":62,"ID":2},{"utility":49,"ID":3}]],"STARTING COALITION: ":[[null],[{"utility":52,"ID":1},{"utility":96,"ID":3}],[{"utility":22,"ID":2},{"utility":54,"ID":4}],[],[]],"CORE :":true,"LAST PARTITION":{"1":3,"2":4,"3":4,"4":3}},{"STARTING PARTITION: ":{"1":1,"2":1,"3":2,"4":1},"Agents":[null,{"utility":92,"ID":1},{"utility":62,"ID":2},{"utility":49,"ID":3},{"utility":91,"ID":4}],"LAST COALITION":[[],[],[],[{"utility":92,"ID":1},{"utility":91,"ID":4}],[{"utility":62,"ID":2},{"utility":49,"ID":3}]],"STARTING COALITION: ":[[null],[{"utility":87,"ID":1},{"utility":14,"ID":2},{"utility":72.5,"ID":4}],[{"utility":0,"ID":3}],[],[]],"CORE :":true,"LAST PARTITION":{"1":3,"2":4,"3":4,"4":3}},{"STARTING PARTITION: ":{"1":1,"2":2,"3":2,"4":1},"Agents":[null,{"utility":92,"ID":1},{"utility":62,"ID":2},{"utility":49,"ID":3},{"utility":91,"ID":4}],"LAST COALITION":[[],[{"utility":92,"ID":1},{"utility":91,"ID":4}],[{"utility":62,"ID":2},{"utility":49,"ID":3}],[],[]],"STARTING COALITION: ":[[null],[{"utility":92,"ID":1},{"utility":91,"ID":4}],[{"utility":62,"ID":2},{"utility":49,"ID":3}],[],[]],"CORE :":true,"LAST PARTITION":{"1":1,"2":2,"3":2,"4":1}},{"STARTING PARTITION: ":{"1":1,"2":2,"3":1,"4":1},"Agents":[null,{"utility":92,"ID":1},{"utility":62,"ID":2},{"utility":49,"ID":3},{"utility":91,"ID":4}],"LAST COALITION":[[],[],[{"utility":92,"ID":1},{"utility":91,"ID":4}],[],[{"utility":62,"ID":2},{"utility":49,"ID":3}]],"STARTING COALITION: ":[[null],[{"utility":72,"ID":1},{"utility":91,"ID":3},{"utility":67,"ID":4}],[{"utility":0,"ID":2}],[],[]],"CORE :":true,"LAST PARTITION":{"1":2,"2":4,"3":4,"4":2}},{"STARTING PARTITION: ":{"1":1,"2":2,"3":1,"4":1},"Agents":[null,{"utility":92,"ID":1},{"utility":62,"ID":2},{"utility":49,"ID":3},{"utility":91,"ID":4}],"LAST COALITION":[[],[],[{"utility":92,"ID":1},{"utility":91,"ID":4}],[],[{"utility":62,"ID":2},{"utility":49,"ID":3}]],"STARTING COALITION: ":[[null],[{"utility":72,"ID":1},{"utility":91,"ID":3},{"utility":67,"ID":4}],[{"utility":0,"ID":2}],[],[]],"CORE :":true,"LAST PARTITION":{"1":2,"2":4,"3":4,"4":2}},{"STARTING PARTITION: ":{"1":1,"2":1,"3":2,"4":2},"Agents":[null,{"utility":92,"ID":1},{"utility":62,"ID":2},{"utility":49,"ID":3},{"utility":91,"ID":4}],"LAST COALITION":[[],[],[],[{"utility":92,"ID":1},{"utility":91,"ID":4}],[{"utility":62,"ID":2},{"utility":49,"ID":3}]],"STARTING COALITION: ":[[null],[{"utility":82,"ID":1},{"utility":6,"ID":2}],[{"utility":86,"ID":3},{"utility":43,"ID":4}],[],[]],"CORE :":true,"LAST PARTITION":{"1":3,"2":4,"3":4,"4":3}},{"END OF FILE:" : true}]