[{"STARTING PARTITION: ":{"1":2,"2":2,"3":2,"4":2},"Agents":[null,{"utility":95,"ID":1},{"utility":67,"ID":2},{"utility":97,"ID":3},{"utility":87,"ID":4}],"LAST COALITION":[[],[{"utility":95,"ID":1},{"utility":67,"ID":2}],[{"utility":97,"ID":3},{"utility":87,"ID":4}],[],[]],"STARTING COALITION: ":[[null],[],[{"utility":52.333333333333336,"ID":1},{"utility":31,"ID":2},{"utility":83.66666666666667,"ID":3},{"utility":57,"ID":4}],[],[]],"CORE :":true,"LAST PARTITION":{"1":1,"2":1,"3":2,"4":2}},{"STARTING PARTITION: ":{"1":2,"2":2,"3":2,"4":2},"Agents":[null,{"utility":95,"ID":1},{"utility":67,"ID":2},{"utility":97,"ID":3},{"utility":87,"ID":4}],"LAST COALITION":[[],[{"utility":95,"ID":1},{"utility":67,"ID":2}],[{"utility":97,"ID":3},{"utility":87,"ID":4}],[],[]],"STARTING COALITION: ":[[null],[],[{"utility":52.333333333333336,"ID":1},{"utility":31,"ID":2},{"utility":83.66666666666667,"ID":3},{"utility":57,"ID":4}],[],[]],"CORE :":true,"LAST PARTITION":{"1":1,"2":1,"3":2,"4":2}},{"STARTING PARTITION: ":{"1":1,"2":2,"3":1,"4":2},"Agents":[null,{"utility":95,"ID":1},{"utility":67,"ID":2},{"utility":97,"ID":3},{"utility":87,"ID":4}],"LAST COALITION":[[],[],[],[{"utility":95,"ID":1},{"utility":67,"ID":2}],[{"utility":97,"ID":3},{"utility":87,"ID":4}]],"STARTING COALITION: ":[[null],[{"utility":55,"ID":1},{"utility":67,"ID":3}],[{"utility":18,"ID":2},{"utility":24,"ID":4}],[],[]],"CORE :":true,"LAST PARTITION":{"1":3,"2":3,"3":4,"4":4}},{"STARTING PARTITION: ":{"1":2,"2":1,"3":2,"4":2},"Agents":[null,{"utility":95,"ID":1},{"utility":67,"ID":2},{"utility":97,"ID":3},{"utility":87,"ID":4}],"LAST COALITION":[[],[],[{"utility":97,"ID":3},{"utility":87,"ID":4}],[{"utility":95,"ID":1},{"utility":67,"ID":2}],[]],"STARTING COALITION: ":[[null],[{"utility":0,"ID":2}],[{"utility":31,"ID":1},{"utility":82,"ID":3},{"utility":73.5,"ID":4}],[],[]],"CORE :":true,"LAST PARTITION":{"1":3,"2":3,"3":2,"4":2}},{"STARTING PARTITION: ":{"1":2,"2":2,"3":1,"4":2},"Agents":[null,{"utility":95,"ID":1},{"utility":67,"ID":2},{"utility":97,"ID":3},{"utility":87,"ID":4}],"LAST COALITION":[[],[],[],[{"utility":95,"ID":1},{"utility":67,"ID":2}],[{"utility":97,"ID":3},{"utility":87,"ID":4}]],"STARTING COALITION: ":[[null],[{"utility":0,"ID":3}],[{"utility":51,"ID":1},{"utility":42.5,"ID":2},{"utility":42,"ID":4}],[],[]],"CORE :":true,"LAST PARTITION":{"1":3,"2":3,"3":4,"4":4}},{"STARTING PARTITION: ":{"1":2,"2":1,"3":2,"4":1},"Agents":[null,{"utility":95,"ID":1},{"utility":67,"ID":2},{"utility":97,"ID":3},{"utility":87,"ID":4}],"LAST COALITION":[[],[],[],[{"utility":95,"ID":1},{"utility":67,"ID":2}],[{"utility":97,"ID":3},{"utility":87,"ID":4}]],"STARTING COALITION: ":[[null],[{"utility":18,"ID":2},{"utility":24,"ID":4}],[{"utility":55,"ID":1},{"utility":67,"ID":3}],[],[]],"CORE :":true,"LAST PARTITION":{"1":3,"2":3,"3":4,"4":4}},{"STARTING PARTITION: ":{"1":1,"2":2,"3":1,"4":2},"Agents":[null,{"utility":95,"ID":1},{"utility":67,"ID":2},{"utility":97,"ID":3},{"utility":87,"ID":4}],"LAST COALITION":[[],[],[],[{"utility":95,"ID":1},{"utility":67,"ID":2}],[{"utility":97,"ID":3},{"utility":87,"ID":4}]],"STARTING COALITION: ":[[null],[{"utility":55,"ID":1},{"utility":67,"ID":3}],[{"utility":18,"ID":2},{"utility":24,"ID":4}],[],[]],"CORE :":true,"LAST PARTITION":{"1":3,"2":3,"3":4,"4":4}},{"STARTING PARTITION: ":{"1":1,"2":1,"3":1,"4":1},"Agents":[null,{"utility":95,"ID":1},{"utility":67,"ID":2},{"utility":97,"ID":3},{"utility":87,"ID":4}],"LAST COALITION":[[],[{"utility":97,"ID":3},{"utility":87,"ID":4}],[{"utility":95,"ID":1},{"utility":67,"ID":2}],[],[]],"STARTING COALITION: ":[[null],[{"utility":52.333333333333336,"ID":1},{"utility":31,"ID":2},{"utility":83.66666666666667,"ID":3},{"utility":57,"ID":4}],[],[],[]],"CORE :":true,"LAST PARTITION":{"1":2,"2":2,"3":1,"4":1}},{"STARTING PARTITION: ":{"1":2,"2":1,"3":2,"4":2},"Agents":[null,{"utility":95,"ID":1},{"utility":67,"ID":2},{"utility":97,"ID":3},{"utility":87,"ID":4}],"LAST COALITION":[[],[],[{"utility":97,"ID":3},{"utility":87,"ID":4}],[{"utility":95,"ID":1},{"utility":67,"ID":2}],[]],"STARTING COALITION: ":[[null],[{"utility":0,"ID":2}],[{"utility":31,"ID":1},{"utility":82,"ID":3},{"utility":73.5,"ID":4}],[],[]],"CORE :":true,"LAST PARTITION":{"1":3,"2":3,"3":2,"4":2}},{"STARTING PARTITION: ":{"1":2,"2":2,"3":1,"4":1},"Agents":[null,{"utility":95,"ID":1},{"utility":67,"ID":2},{"utility":97,"ID":3},{"utility":87,"ID":4}],"LAST COALITION":[[],[{"utility":97,"ID":3},{"utility":87,"ID":4}],[{"utility":95,"ID":1},{"utility":67,"ID":2}],[],[]],"STARTING COALITION: ":[[null],[{"utility":97,"ID":3},{"utility":87,"ID":4}],[{"utility":95,"ID":1},{"utility":67,"ID":2}],[],[]],"CORE :":true,"LAST PARTITION":{"1":2,"2":2,"3":1,"4":1}},{"END OF FILE:" : true}]