[{"STARTING PARTITION: ":{"1":2,"2":1,"3":1,"4":1},"Agents":[null,{"utility":86,"ID":1},{"utility":0,"ID":2},{"utility":39,"ID":3},{"utility":0,"ID":4}],"LAST COALITION":[[],[{"utility":0,"ID":4}],[{"utility":86,"ID":1},{"utility":39,"ID":3}],[{"utility":0,"ID":2}],[]],"STARTING COALITION: ":[[null],[{"utility":38,"ID":2},{"utility":46.5,"ID":3},{"utility":78.5,"ID":4}],[{"utility":0,"ID":1}],[],[]],"CORE :":false,"LAST PARTITION":{"1":2,"2":3,"3":2,"4":1}},{"STARTING PARTITION: ":{"1":1,"2":1,"3":2,"4":1},"Agents":[null,{"utility":86,"ID":1},{"utility":62,"ID":2},{"utility":39,"ID":3},{"utility":69,"ID":4}],"LAST COALITION":[[],[{"utility":62,"ID":2},{"utility":69,"ID":4}],[],[{"utility":86,"ID":1},{"utility":39,"ID":3}],[]],"STARTING COALITION: ":[[null],[{"utility":62.5,"ID":1},{"utility":69.5,"ID":2},{"utility":76.5,"ID":4}],[{"utility":0,"ID":3}],[],[]],"CORE :":true,"LAST PARTITION":{"1":3,"2":1,"3":3,"4":1}},{"STARTING PARTITION: ":{"1":1,"2":2,"3":1,"4":1},"Agents":[null,{"utility":61,"ID":1},{"utility":77,"ID":2},{"utility":0,"ID":3},{"utility":0,"ID":4}],"LAST COALITION":[[],[{"utility":0,"ID":4}],[{"utility":61,"ID":1},{"utility":77,"ID":2}],[],[{"utility":0,"ID":3}]],"STARTING COALITION: ":[[null],[{"utility":75,"ID":1},{"utility":26,"ID":3},{"utility":86,"ID":4}],[{"utility":0,"ID":2}],[],[]],"CORE :":false,"LAST PARTITION":{"1":2,"2":2,"3":4,"4":1}},{"STARTING PARTITION: ":{"1":2,"2":2,"3":1,"4":1},"Agents":[null,{"utility":86,"ID":1},{"utility":0,"ID":2},{"utility":39,"ID":3},{"utility":0,"ID":4}],"LAST COALITION":[[],[{"utility":0,"ID":4}],[{"utility":0,"ID":2}],[{"utility":86,"ID":1},{"utility":39,"ID":3}],[]],"STARTING COALITION: ":[[null],[{"utility":13,"ID":3},{"utility":88,"ID":4}],[{"utility":61,"ID":1},{"utility":77,"ID":2}],[],[]],"CORE :":false,"LAST PARTITION":{"1":3,"2":2,"3":3,"4":1}},{"STARTING PARTITION: ":{"1":1,"2":2,"3":1,"4":1},"Agents":[null,{"utility":86,"ID":1},{"utility":0,"ID":2},{"utility":39,"ID":3},{"utility":0,"ID":4}],"LAST COALITION":[[],[{"utility":0,"ID":4}],[{"utility":0,"ID":2}],[{"utility":86,"ID":1},{"utility":39,"ID":3}],[]],"STARTING COALITION: ":[[null],[{"utility":75,"ID":1},{"utility":26,"ID":3},{"utility":86,"ID":4}],[{"utility":0,"ID":2}],[],[]],"CORE :":false,"LAST PARTITION":{"1":3,"2":2,"3":3,"4":1}},{"STARTING PARTITION: ":{"1":2,"2":1,"3":2,"4":1},"Agents":[null,{"utility":86,"ID":1},{"utility":62,"ID":2},{"utility":39,"ID":3},{"utility":69,"ID":4}],"LAST COALITION":[[],[{"utility":62,"ID":2},{"utility":69,"ID":4}],[{"utility":86,"ID":1},{"utility":39,"ID":3}],[],[]],"STARTING COALITION: ":[[null],[{"utility":62,"ID":2},{"utility":69,"ID":4}],[{"utility":86,"ID":1},{"utility":39,"ID":3}],[],[]],"CORE :":true,"LAST PARTITION":{"1":2,"2":1,"3":2,"4":1}},{"STARTING PARTITION: ":{"1":1,"2":1,"3":1,"4":1},"Agents":[null,{"utility":70.33333333333333,"ID":1},{"utility":51,"ID":2},{"utility":44,"ID":3},{"utility":80.33333333333333,"ID":4}],"LAST COALITION":[[],[{"utility":70.33333333333333,"ID":1},{"utility":51,"ID":2},{"utility":44,"ID":3},{"utility":80.33333333333333,"ID":4}],[],[],[]],"STARTING COALITION: ":[[null],[{"utility":70.33333333333333,"ID":1},{"utility":51,"ID":2},{"utility":44,"ID":3},{"utility":80.33333333333333,"ID":4}],[],[],[]],"CORE :":true,"LAST PARTITION":{"1":1,"2":1,"3":1,"4":1}},{"STARTING PARTITION: ":{"1":2,"2":2,"3":1,"4":1},"Agents":[null,{"utility":0,"ID":1},{"utility":14,"ID":2},{"utility":80,"ID":3},{"utility":0,"ID":4}],"LAST COALITION":[[],[{"utility":0,"ID":4}],[],[{"utility":0,"ID":1}],[{"utility":14,"ID":2},{"utility":80,"ID":3}]],"STARTING COALITION: ":[[null],[{"utility":13,"ID":3},{"utility":88,"ID":4}],[{"utility":61,"ID":1},{"utility":77,"ID":2}],[],[]],"CORE :":false,"LAST PARTITION":{"1":3,"2":4,"3":4,"4":1}},{"STARTING PARTITION: ":{"1":2,"2":1,"3":2,"4":2},"Agents":[null,{"utility":86,"ID":1},{"utility":0,"ID":2},{"utility":39,"ID":3},{"utility":0,"ID":4}],"LAST COALITION":[[],[{"utility":0,"ID":2}],[{"utility":0,"ID":4}],[{"utility":86,"ID":1},{"utility":39,"ID":3}],[]],"STARTING COALITION: ":[[null],[{"utility":0,"ID":2}],[{"utility":75,"ID":1},{"utility":26,"ID":3},{"utility":86,"ID":4}],[],[]],"CORE :":false,"LAST PARTITION":{"1":3,"2":1,"3":3,"4":2}},{"STARTING PARTITION: ":{"1":1,"2":1,"3":2,"4":1},"Agents":[null,{"utility":86,"ID":1},{"utility":62,"ID":2},{"utility":39,"ID":3},{"utility":69,"ID":4}],"LAST COALITION":[[],[{"utility":62,"ID":2},{"utility":69,"ID":4}],[],[{"utility":86,"ID":1},{"utility":39,"ID":3}],[]],"STARTING COALITION: ":[[null],[{"utility":62.5,"ID":1},{"utility":69.5,"ID":2},{"utility":76.5,"ID":4}],[{"utility":0,"ID":3}],[],[]],"CORE :":true,"LAST PARTITION":{"1":3,"2":1,"3":3,"4":1}},{"END OF FILE:" : true}]