[{"STARTING PARTITION: ":{"1":1,"2":2,"3":2,"4":1},"Agents":[null,{"utility":56,"ID":1},{"utility":45,"ID":2},{"utility":70,"ID":3},{"utility":95,"ID":4}],"LAST COALITION":[[],[{"utility":56,"ID":1},{"utility":70,"ID":3}],[],[],[{"utility":45,"ID":2},{"utility":95,"ID":4}]],"STARTING COALITION: ":[[null],[{"utility":51,"ID":1},{"utility":94,"ID":4}],[{"utility":12,"ID":2},{"utility":41,"ID":3}],[],[]],"CORE :":true,"LAST PARTITION":{"1":1,"2":4,"3":1,"4":4}},{"STARTING PARTITION: ":{"1":2,"2":1,"3":2,"4":1},"Agents":[null,{"utility":56,"ID":1},{"utility":45,"ID":2},{"utility":70,"ID":3},{"utility":95,"ID":4}],"LAST COALITION":[[],[{"utility":45,"ID":2},{"utility":95,"ID":4}],[{"utility":56,"ID":1},{"utility":70,"ID":3}],[],[]],"STARTING COALITION: ":[[null],[{"utility":45,"ID":2},{"utility":95,"ID":4}],[{"utility":56,"ID":1},{"utility":70,"ID":3}],[],[]],"CORE :":true,"LAST PARTITION":{"1":2,"2":1,"3":2,"4":1}},{"STARTING PARTITION: ":{"1":2,"2":1,"3":2,"4":2},"Agents":[null,{"utility":56,"ID":1},{"utility":45,"ID":2},{"utility":70,"ID":3},{"utility":95,"ID":4}],"LAST COALITION":[[],[{"utility":45,"ID":2},{"utility":95,"ID":4}],[],[],[{"utility":56,"ID":1},{"utility":70,"ID":3}]],"STARTING COALITION: ":[[null],[{"utility":0,"ID":2}],[{"utility":53.5,"ID":1},{"utility":72.5,"ID":3},{"utility":74,"ID":4}],[],[]],"CORE :":true,"LAST PARTITION":{"1":4,"2":1,"3":4,"4":1}},{"STARTING PARTITION: ":{"1":2,"2":1,"3":2,"4":1},"Agents":[null,{"utility":56,"ID":1},{"utility":45,"ID":2},{"utility":70,"ID":3},{"utility":95,"ID":4}],"LAST COALITION":[[],[{"utility":45,"ID":2},{"utility":95,"ID":4}],[{"utility":56,"ID":1},{"utility":70,"ID":3}],[],[]],"STARTING COALITION: ":[[null],[{"utility":45,"ID":2},{"utility":95,"ID":4}],[{"utility":56,"ID":1},{"utility":70,"ID":3}],[],[]],"CORE :":true,"LAST PARTITION":{"1":2,"2":1,"3":2,"4":1}},{"STARTING PARTITION: ":{"1":1,"2":1,"3":1,"4":1},"Agents":[null,{"utility":56,"ID":1},{"utility":45,"ID":2},{"utility":70,"ID":3},{"utility":95,"ID":4}],"LAST COALITION":[[],[],[],[{"utility":45,"ID":2},{"utility":95,"ID":4}],[{"utility":56,"ID":1},{"utility":70,"ID":3}]],"STARTING COALITION: ":[[null],[{"utility":57,"ID":1},{"utility":32,"ID":2},{"utility":62,"ID":3},{"utility":81,"ID":4}],[],[],[]],"CORE :":true,"LAST PARTITION":{"1":4,"2":3,"3":4,"4":3}},{"STARTING PARTITION: ":{"1":1,"2":1,"3":1,"4":2},"Agents":[null,{"utility":56,"ID":1},{"utility":45,"ID":2},{"utility":70,"ID":3},{"utility":95,"ID":4}],"LAST COALITION":[[],[],[{"utility":56,"ID":1},{"utility":70,"ID":3}],[],[{"utility":45,"ID":2},{"utility":95,"ID":4}]],"STARTING COALITION: ":[[null],[{"utility":60,"ID":1},{"utility":25.5,"ID":2},{"utility":55.5,"ID":3}],[{"utility":0,"ID":4}],[],[]],"CORE :":true,"LAST PARTITION":{"1":2,"2":4,"3":2,"4":4}},{"STARTING PARTITION: ":{"1":2,"2":1,"3":1,"4":1},"Agents":[null,{"utility":56,"ID":1},{"utility":45,"ID":2},{"utility":70,"ID":3},{"utility":95,"ID":4}],"LAST COALITION":[[],[],[{"utility":45,"ID":2},{"utility":95,"ID":4}],[],[{"utility":56,"ID":1},{"utility":70,"ID":3}]],"STARTING COALITION: ":[[null],[{"utility":28.5,"ID":2},{"utility":58,"ID":3},{"utility":74.5,"ID":4}],[{"utility":0,"ID":1}],[],[]],"CORE :":true,"LAST PARTITION":{"1":4,"2":2,"3":4,"4":2}},{"STARTING PARTITION: ":{"1":1,"2":2,"3":1,"4":1},"Agents":[null,{"utility":56,"ID":1},{"utility":45,"ID":2},{"utility":70,"ID":3},{"utility":95,"ID":4}],"LAST COALITION":[[],[],[{"utility":45,"ID":2},{"utility":95,"ID":4}],[],[{"utility":56,"ID":1},{"utility":70,"ID":3}]],"STARTING COALITION: ":[[null],[{"utility":53.5,"ID":1},{"utility":72.5,"ID":3},{"utility":74,"ID":4}],[{"utility":0,"ID":2}],[],[]],"CORE :":true,"LAST PARTITION":{"1":4,"2":2,"3":4,"4":2}},{"STARTING PARTITION: ":{"1":2,"2":1,"3":2,"4":1},"Agents":[null,{"utility":56,"ID":1},{"utility":45,"ID":2},{"utility":70,"ID":3},{"utility":95,"ID":4}],"LAST COALITION":[[],[{"utility":45,"ID":2},{"utility":95,"ID":4}],[{"utility":56,"ID":1},{"utility":70,"ID":3}],[],[]],"STARTING COALITION: ":[[null],[{"utility":45,"ID":2},{"utility":95,"ID":4}],[{"utility":56,"ID":1},{"utility":70,"ID":3}],[],[]],"CORE :":true,"LAST PARTITION":{"1":2,"2":1,"3":2,"4":1}},{"STARTING PARTITION: ":{"1":1,"2":1,"3":2,"4":1},"Agents":[null,{"utility":56,"ID":1},{"utility":45,"ID":2},{"utility":70,"ID":3},{"utility":95,"ID":4}],"LAST COALITION":[[],[],[],[{"utility":45,"ID":2},{"utility":95,"ID":4}],[{"utility":56,"ID":1},{"utility":70,"ID":3}]],"STARTING COALITION: ":[[null],[{"utility":57.5,"ID":1},{"utility":42,"ID":2},{"utility":94.5,"ID":4}],[{"utility":0,"ID":3}],[],[]],"CORE :":true,"LAST PARTITION":{"1":4,"2":3,"3":4,"4":3}},{"END OF FILE:" : true}]