[{"STARTING PARTITION: ":{"1":1,"2":2,"3":1,"4":1},"Agents":[null,{"utility":88,"ID":1},{"utility":51,"ID":2},{"utility":92,"ID":3},{"utility":59,"ID":4}],"LAST COALITION":[[],[],[],[{"utility":88,"ID":1},{"utility":92,"ID":3}],[{"utility":51,"ID":2},{"utility":59,"ID":4}]],"STARTING COALITION: ":[[null],[{"utility":80.5,"ID":1},{"utility":68,"ID":3},{"utility":45,"ID":4}],[{"utility":0,"ID":2}],[],[]],"CORE :":true,"LAST PARTITION":{"1":3,"2":4,"3":3,"4":4}},{"STARTING PARTITION: ":{"1":2,"2":2,"3":1,"4":1},"Agents":[null,{"utility":88,"ID":1},{"utility":51,"ID":2},{"utility":92,"ID":3},{"utility":59,"ID":4}],"LAST COALITION":[[],[],[],[{"utility":88,"ID":1},{"utility":92,"ID":3}],[{"utility":51,"ID":2},{"utility":59,"ID":4}]],"STARTING COALITION: ":[[null],[{"utility":44,"ID":3},{"utility":28,"ID":4}],[{"utility":70,"ID":1},{"utility":68,"ID":2}],[],[]],"CORE :":true,"LAST PARTITION":{"1":3,"2":4,"3":3,"4":4}},{"STARTING PARTITION: ":{"1":1,"2":1,"3":1,"4":1},"Agents":[null,{"utility":88,"ID":1},{"utility":51,"ID":2},{"utility":92,"ID":3},{"utility":59,"ID":4}],"LAST COALITION":[[],[{"utility":51,"ID":2},{"utility":59,"ID":4}],[{"utility":88,"ID":1},{"utility":92,"ID":3}],[],[]],"STARTING COALITION: ":[[null],[{"utility":77,"ID":1},{"utility":55.666666666666664,"ID":2},{"utility":62.666666666666664,"ID":3},{"utility":49.666666666666664,"ID":4}],[],[],[]],"CORE :":true,"LAST PARTITION":{"1":2,"2":1,"3":2,"4":1}},{"STARTING PARTITION: ":{"1":1,"2":2,"3":1,"4":2},"Agents":[null,{"utility":88,"ID":1},{"utility":51,"ID":2},{"utility":92,"ID":3},{"utility":59,"ID":4}],"LAST COALITION":[[],[{"utility":88,"ID":1},{"utility":92,"ID":3}],[{"utility":51,"ID":2},{"utility":59,"ID":4}],[],[]],"STARTING COALITION: ":[[null],[{"utility":88,"ID":1},{"utility":92,"ID":3}],[{"utility":51,"ID":2},{"utility":59,"ID":4}],[],[]],"CORE :":true,"LAST PARTITION":{"1":1,"2":2,"3":1,"4":2}},{"STARTING PARTITION: ":{"1":2,"2":2,"3":1,"4":1},"Agents":[null,{"utility":88,"ID":1},{"utility":51,"ID":2},{"utility":92,"ID":3},{"utility":59,"ID":4}],"LAST COALITION":[[],[],[],[{"utility":88,"ID":1},{"utility":92,"ID":3}],[{"utility":51,"ID":2},{"utility":59,"ID":4}]],"STARTING COALITION: ":[[null],[{"utility":44,"ID":3},{"utility":28,"ID":4}],[{"utility":70,"ID":1},{"utility":68,"ID":2}],[],[]],"CORE :":true,"LAST PARTITION":{"1":3,"2":4,"3":3,"4":4}},{"STARTING PARTITION: ":{"1":1,"2":2,"3":1,"4":2},"Agents":[null,{"utility":88,"ID":1},{"utility":51,"ID":2},{"utility":92,"ID":3},{"utility":59,"ID":4}],"LAST COALITION":[[],[{"utility":88,"ID":1},{"utility":92,"ID":3}],[{"utility":51,"ID":2},{"utility":59,"ID":4}],[],[]],"STARTING COALITION: ":[[null],[{"utility":88,"ID":1},{"utility":92,"ID":3}],[{"utility":51,"ID":2},{"utility":59,"ID":4}],[],[]],"CORE :":true,"LAST PARTITION":{"1":1,"2":2,"3":1,"4":2}},{"STARTING PARTITION: ":{"1":1,"2":2,"3":1,"4":2},"Agents":[null,{"utility":88,"ID":1},{"utility":51,"ID":2},{"utility":92,"ID":3},{"utility":59,"ID":4}],"LAST COALITION":[[],[{"utility":88,"ID":1},{"utility":92,"ID":3}],[{"utility":51,"ID":2},{"utility":59,"ID":4}],[],[]],"STARTING COALITION: ":[[null],[{"utility":88,"ID":1},{"utility":92,"ID":3}],[{"utility":51,"ID":2},{"utility":59,"ID":4}],[],[]],"CORE :":true,"LAST PARTITION":{"1":1,"2":2,"3":1,"4":2}},{"STARTING PARTITION: ":{"1":1,"2":1,"3":2,"4":1},"Agents":[null,{"utility":88,"ID":1},{"utility":51,"ID":2},{"utility":92,"ID":3},{"utility":59,"ID":4}],"LAST COALITION":[[],[{"utility":51,"ID":2},{"utility":59,"ID":4}],[],[{"utility":88,"ID":1},{"utility":92,"ID":3}],[]],"STARTING COALITION: ":[[null],[{"utility":71.5,"ID":1},{"utility":59.5,"ID":2},{"utility":60.5,"ID":4}],[{"utility":0,"ID":3}],[],[]],"CORE :":true,"LAST PARTITION":{"1":3,"2":1,"3":3,"4":1}},{"STARTING PARTITION: ":{"1":1,"2":2,"3":2,"4":2},"Agents":[null,{"utility":88,"ID":1},{"utility":51,"ID":2},{"utility":92,"ID":3},{"utility":59,"ID":4}],"LAST COALITION":[[],[{"utility":88,"ID":1},{"utility":92,"ID":3}],[],[],[{"utility":51,"ID":2},{"utility":59,"ID":4}]],"STARTING COALITION: ":[[null],[{"utility":0,"ID":1}],[{"utility":49.5,"ID":2},{"utility":48,"ID":3},{"utility":43.5,"ID":4}],[],[]],"CORE :":true,"LAST PARTITION":{"1":1,"2":4,"3":1,"4":4}},{"STARTING PARTITION: ":{"1":1,"2":2,"3":2,"4":1},"Agents":[null,{"utility":88,"ID":1},{"utility":51,"ID":2},{"utility":92,"ID":3},{"utility":59,"ID":4}],"LAST COALITION":[[],[],[],[{"utility":88,"ID":1},{"utility":92,"ID":3}],[{"utility":51,"ID":2},{"utility":59,"ID":4}]],"STARTING COALITION: ":[[null],[{"utility":73,"ID":1},{"utility":62,"ID":4}],[{"utility":48,"ID":2},{"utility":52,"ID":3}],[],[]],"CORE :":true,"LAST PARTITION":{"1":3,"2":4,"3":3,"4":4}},{"END OF FILE:" : true}]