[{"STARTING PARTITION: ":{"1":1,"2":1,"3":2,"4":2},"Agents":[null,{"utility":95,"ID":1},{"utility":68,"ID":2},{"utility":59,"ID":3},{"utility":20,"ID":4}],"LAST COALITION":[[],[],[],[{"utility":95,"ID":1},{"utility":59,"ID":3}],[{"utility":68,"ID":2},{"utility":20,"ID":4}]],"STARTING COALITION: ":[[null],[{"utility":56,"ID":1},{"utility":22,"ID":2}],[{"utility":47,"ID":3},{"utility":89,"ID":4}],[],[]],"CORE :":true,"LAST PARTITION":{"1":3,"2":4,"3":3,"4":4}},{"STARTING PARTITION: ":{"1":1,"2":1,"3":1,"4":2},"Agents":[null,{"utility":95,"ID":1},{"utility":68,"ID":2},{"utility":59,"ID":3},{"utility":20,"ID":4}],"LAST COALITION":[[],[],[],[{"utility":95,"ID":1},{"utility":59,"ID":3}],[{"utility":68,"ID":2},{"utility":20,"ID":4}]],"STARTING COALITION: ":[[null],[{"utility":75.5,"ID":1},{"utility":31.5,"ID":2},{"utility":53.5,"ID":3}],[{"utility":0,"ID":4}],[],[]],"CORE :":true,"LAST PARTITION":{"1":3,"2":4,"3":3,"4":4}},{"STARTING PARTITION: ":{"1":1,"2":1,"3":1,"4":2},"Agents":[null,{"utility":95,"ID":1},{"utility":68,"ID":2},{"utility":59,"ID":3},{"utility":20,"ID":4}],"LAST COALITION":[[],[],[],[{"utility":95,"ID":1},{"utility":59,"ID":3}],[{"utility":68,"ID":2},{"utility":20,"ID":4}]],"STARTING COALITION: ":[[null],[{"utility":75.5,"ID":1},{"utility":31.5,"ID":2},{"utility":53.5,"ID":3}],[{"utility":0,"ID":4}],[],[]],"CORE :":true,"LAST PARTITION":{"1":3,"2":4,"3":3,"4":4}},{"STARTING PARTITION: ":{"1":2,"2":1,"3":1,"4":1},"Agents":[null,{"utility":95,"ID":1},{"utility":68,"ID":2},{"utility":59,"ID":3},{"utility":20,"ID":4}],"LAST COALITION":[[],[{"utility":68,"ID":2},{"utility":20,"ID":4}],[],[{"utility":95,"ID":1},{"utility":59,"ID":3}],[]],"STARTING COALITION: ":[[null],[{"utility":54.5,"ID":2},{"utility":47.5,"ID":3},{"utility":54.5,"ID":4}],[{"utility":0,"ID":1}],[],[]],"CORE :":true,"LAST PARTITION":{"1":3,"2":1,"3":3,"4":1}},{"STARTING PARTITION: ":{"1":1,"2":2,"3":1,"4":2},"Agents":[null,{"utility":95,"ID":1},{"utility":68,"ID":2},{"utility":59,"ID":3},{"utility":20,"ID":4}],"LAST COALITION":[[],[{"utility":95,"ID":1},{"utility":59,"ID":3}],[{"utility":68,"ID":2},{"utility":20,"ID":4}],[],[]],"STARTING COALITION: ":[[null],[{"utility":95,"ID":1},{"utility":59,"ID":3}],[{"utility":68,"ID":2},{"utility":20,"ID":4}],[],[]],"CORE :":true,"LAST PARTITION":{"1":1,"2":2,"3":1,"4":2}},{"STARTING PARTITION: ":{"1":1,"2":2,"3":1,"4":2},"Agents":[null,{"utility":95,"ID":1},{"utility":68,"ID":2},{"utility":59,"ID":3},{"utility":20,"ID":4}],"LAST COALITION":[[],[{"utility":95,"ID":1},{"utility":59,"ID":3}],[{"utility":68,"ID":2},{"utility":20,"ID":4}],[],[]],"STARTING COALITION: ":[[null],[{"utility":95,"ID":1},{"utility":59,"ID":3}],[{"utility":68,"ID":2},{"utility":20,"ID":4}],[],[]],"CORE :":true,"LAST PARTITION":{"1":1,"2":2,"3":1,"4":2}},{"STARTING PARTITION: ":{"1":2,"2":1,"3":1,"4":1},"Agents":[null,{"utility":95,"ID":1},{"utility":68,"ID":2},{"utility":59,"ID":3},{"utility":20,"ID":4}],"LAST COALITION":[[],[{"utility":68,"ID":2},{"utility":20,"ID":4}],[],[{"utility":95,"ID":1},{"utility":59,"ID":3}],[]],"STARTING COALITION: ":[[null],[{"utility":54.5,"ID":2},{"utility":47.5,"ID":3},{"utility":54.5,"ID":4}],[{"utility":0,"ID":1}],[],[]],"CORE :":true,"LAST PARTITION":{"1":3,"2":1,"3":3,"4":1}},{"STARTING PARTITION: ":{"1":1,"2":2,"3":1,"4":2},"Agents":[null,{"utility":95,"ID":1},{"utility":68,"ID":2},{"utility":59,"ID":3},{"utility":20,"ID":4}],"LAST COALITION":[[],[{"utility":95,"ID":1},{"utility":59,"ID":3}],[{"utility":68,"ID":2},{"utility":20,"ID":4}],[],[]],"STARTING COALITION: ":[[null],[{"utility":95,"ID":1},{"utility":59,"ID":3}],[{"utility":68,"ID":2},{"utility":20,"ID":4}],[],[]],"CORE :":true,"LAST PARTITION":{"1":1,"2":2,"3":1,"4":2}},{"STARTING PARTITION: ":{"1":1,"2":1,"3":2,"4":2},"Agents":[null,{"utility":95,"ID":1},{"utility":68,"ID":2},{"utility":59,"ID":3},{"utility":20,"ID":4}],"LAST COALITION":[[],[],[],[{"utility":95,"ID":1},{"utility":59,"ID":3}],[{"utility":68,"ID":2},{"utility":20,"ID":4}]],"STARTING COALITION: ":[[null],[{"utility":56,"ID":1},{"utility":22,"ID":2}],[{"utility":47,"ID":3},{"utility":89,"ID":4}],[],[]],"CORE :":true,"LAST PARTITION":{"1":3,"2":4,"3":3,"4":4}},{"STARTING PARTITION: ":{"1":1,"2":1,"3":2,"4":1},"Agents":[null,{"utility":95,"ID":1},{"utility":68,"ID":2},{"utility":59,"ID":3},{"utility":20,"ID":4}],"LAST COALITION":[[],[{"utility":68,"ID":2},{"utility":20,"ID":4}],[],[{"utility":95,"ID":1},{"utility":59,"ID":3}],[]],"STARTING COALITION: ":[[null],[{"utility":70.5,"ID":1},{"utility":45,"ID":2},{"utility":12.5,"ID":4}],[{"utility":0,"ID":3}],[],[]],"CORE :":true,"LAST PARTITION":{"1":3,"2":1,"3":3,"4":1}},{"END OF FILE:" : true}]