[{"STARTING PARTITION: ":{"1":1,"2":1,"3":1,"4":1},"Agents":[null,{"utility":60,"ID":1},{"utility":30,"ID":2},{"utility":74,"ID":3},{"utility":82,"ID":4}],"LAST COALITION":[[],[],[],[{"utility":30,"ID":2},{"utility":74,"ID":3}],[{"utility":60,"ID":1},{"utility":82,"ID":4}]],"STARTING COALITION: ":[[null],[{"utility":58,"ID":1},{"utility":15.666666666666666,"ID":2},{"utility":48.666666666666664,"ID":3},{"utility":59.333333333333336,"ID":4}],[],[],[]],"CORE :":true,"LAST PARTITION":{"1":4,"2":3,"3":3,"4":4}},{"STARTING PARTITION: ":{"1":2,"2":1,"3":1,"4":2},"Agents":[null,{"utility":60,"ID":1},{"utility":30,"ID":2},{"utility":74,"ID":3},{"utility":82,"ID":4}],"LAST COALITION":[[],[{"utility":30,"ID":2},{"utility":74,"ID":3}],[{"utility":60,"ID":1},{"utility":82,"ID":4}],[],[]],"STARTING COALITION: ":[[null],[{"utility":30,"ID":2},{"utility":74,"ID":3}],[{"utility":60,"ID":1},{"utility":82,"ID":4}],[],[]],"CORE :":true,"LAST PARTITION":{"1":2,"2":1,"3":1,"4":2}},{"STARTING PARTITION: ":{"1":1,"2":2,"3":2,"4":2},"Agents":[null,{"utility":60,"ID":1},{"utility":30,"ID":2},{"utility":74,"ID":3},{"utility":82,"ID":4}],"LAST COALITION":[[],[{"utility":30,"ID":2},{"utility":74,"ID":3}],[],[],[{"utility":60,"ID":1},{"utility":82,"ID":4}]],"STARTING COALITION: ":[[null],[{"utility":0,"ID":1}],[{"utility":15.5,"ID":2},{"utility":57.5,"ID":3},{"utility":48,"ID":4}],[],[]],"CORE :":true,"LAST PARTITION":{"1":4,"2":1,"3":1,"4":4}},{"STARTING PARTITION: ":{"1":1,"2":1,"3":2,"4":2},"Agents":[null,{"utility":60,"ID":1},{"utility":30,"ID":2},{"utility":74,"ID":3},{"utility":82,"ID":4}],"LAST COALITION":[[],[],[],[{"utility":30,"ID":2},{"utility":74,"ID":3}],[{"utility":60,"ID":1},{"utility":82,"ID":4}]],"STARTING COALITION: ":[[null],[{"utility":95,"ID":1},{"utility":16,"ID":2}],[{"utility":41,"ID":3},{"utility":56,"ID":4}],[],[]],"CORE :":true,"LAST PARTITION":{"1":4,"2":3,"3":3,"4":4}},{"STARTING PARTITION: ":{"1":2,"2":2,"3":1,"4":1},"Agents":[null,{"utility":60,"ID":1},{"utility":30,"ID":2},{"utility":74,"ID":3},{"utility":82,"ID":4}],"LAST COALITION":[[],[],[],[{"utility":30,"ID":2},{"utility":74,"ID":3}],[{"utility":60,"ID":1},{"utility":82,"ID":4}]],"STARTING COALITION: ":[[null],[{"utility":41,"ID":3},{"utility":56,"ID":4}],[{"utility":95,"ID":1},{"utility":16,"ID":2}],[],[]],"CORE :":true,"LAST PARTITION":{"1":4,"2":3,"3":3,"4":4}},{"STARTING PARTITION: ":{"1":1,"2":2,"3":1,"4":2},"Agents":[null,{"utility":60,"ID":1},{"utility":30,"ID":2},{"utility":74,"ID":3},{"utility":82,"ID":4}],"LAST COALITION":[[],[{"utility":60,"ID":1},{"utility":82,"ID":4}],[],[],[{"utility":30,"ID":2},{"utility":74,"ID":3}]],"STARTING COALITION: ":[[null],[{"utility":19,"ID":1},{"utility":31,"ID":3}],[{"utility":1,"ID":2},{"utility":40,"ID":4}],[],[]],"CORE :":true,"LAST PARTITION":{"1":1,"2":4,"3":4,"4":1}},{"STARTING PARTITION: ":{"1":1,"2":2,"3":1,"4":2},"Agents":[null,{"utility":60,"ID":1},{"utility":30,"ID":2},{"utility":74,"ID":3},{"utility":82,"ID":4}],"LAST COALITION":[[],[{"utility":60,"ID":1},{"utility":82,"ID":4}],[],[],[{"utility":30,"ID":2},{"utility":74,"ID":3}]],"STARTING COALITION: ":[[null],[{"utility":19,"ID":1},{"utility":31,"ID":3}],[{"utility":1,"ID":2},{"utility":40,"ID":4}],[],[]],"CORE :":true,"LAST PARTITION":{"1":1,"2":4,"3":4,"4":1}},{"STARTING PARTITION: ":{"1":2,"2":2,"3":1,"4":2},"Agents":[null,{"utility":60,"ID":1},{"utility":30,"ID":2},{"utility":74,"ID":3},{"utility":82,"ID":4}],"LAST COALITION":[[],[{"utility":60,"ID":1},{"utility":82,"ID":4}],[],[],[{"utility":30,"ID":2},{"utility":74,"ID":3}]],"STARTING COALITION: ":[[null],[{"utility":0,"ID":3}],[{"utility":77.5,"ID":1},{"utility":8.5,"ID":2},{"utility":61,"ID":4}],[],[]],"CORE :":true,"LAST PARTITION":{"1":1,"2":4,"3":4,"4":1}},{"STARTING PARTITION: ":{"1":2,"2":2,"3":2,"4":2},"Agents":[null,{"utility":60,"ID":1},{"utility":30,"ID":2},{"utility":74,"ID":3},{"utility":82,"ID":4}],"LAST COALITION":[[],[],[],[{"utility":30,"ID":2},{"utility":74,"ID":3}],[{"utility":60,"ID":1},{"utility":82,"ID":4}]],"STARTING COALITION: ":[[null],[],[{"utility":58,"ID":1},{"utility":15.666666666666666,"ID":2},{"utility":48.666666666666664,"ID":3},{"utility":59.333333333333336,"ID":4}],[],[]],"CORE :":true,"LAST PARTITION":{"1":4,"2":3,"3":3,"4":4}},{"STARTING PARTITION: ":{"1":2,"2":2,"3":1,"4":1},"Agents":[null,{"utility":60,"ID":1},{"utility":30,"ID":2},{"utility":74,"ID":3},{"utility":82,"ID":4}],"LAST COALITION":[[],[],[],[{"utility":30,"ID":2},{"utility":74,"ID":3}],[{"utility":60,"ID":1},{"utility":82,"ID":4}]],"STARTING COALITION: ":[[null],[{"utility":41,"ID":3},{"utility":56,"ID":4}],[{"utility":95,"ID":1},{"utility":16,"ID":2}],[],[]],"CORE :":true,"LAST PARTITION":{"1":4,"2":3,"3":3,"4":4}},{"END OF FILE:" : true}]