[{"STARTING PARTITION: ":{"1":1,"2":2,"3":2,"4":2},"Agents":[null,{"utility":80,"ID":1},{"utility":30,"ID":2},{"utility":93,"ID":3},{"utility":86,"ID":4}],"LAST COALITION":[[],[{"utility":80,"ID":1},{"utility":93,"ID":3}],[],[],[{"utility":30,"ID":2},{"utility":86,"ID":4}]],"STARTING COALITION: ":[[null],[{"utility":0,"ID":1}],[{"utility":16.5,"ID":2},{"utility":63.5,"ID":3},{"utility":84.5,"ID":4}],[],[]],"CORE :":true,"LAST PARTITION":{"1":1,"2":4,"3":1,"4":4}},{"STARTING PARTITION: ":{"1":2,"2":1,"3":2,"4":2},"Agents":[null,{"utility":80,"ID":1},{"utility":30,"ID":2},{"utility":93,"ID":3},{"utility":86,"ID":4}],"LAST COALITION":[[],[{"utility":80,"ID":1},{"utility":93,"ID":3}],[],[],[{"utility":30,"ID":2},{"utility":86,"ID":4}]],"STARTING COALITION: ":[[null],[{"utility":0,"ID":2}],[{"utility":48.5,"ID":1},{"utility":67.5,"ID":3},{"utility":72.5,"ID":4}],[],[]],"CORE :":true,"LAST PARTITION":{"1":1,"2":4,"3":1,"4":4}},{"STARTING PARTITION: ":{"1":2,"2":2,"3":1,"4":2},"Agents":[null,{"utility":80,"ID":1},{"utility":30,"ID":2},{"utility":93,"ID":3},{"utility":86,"ID":4}],"LAST COALITION":[[],[{"utility":30,"ID":2},{"utility":86,"ID":4}],[],[],[{"utility":80,"ID":1},{"utility":93,"ID":3}]],"STARTING COALITION: ":[[null],[{"utility":0,"ID":3}],[{"utility":43,"ID":1},{"utility":43.5,"ID":2},{"utility":74,"ID":4}],[],[]],"CORE :":true,"LAST PARTITION":{"1":4,"2":1,"3":4,"4":1}},{"STARTING PARTITION: ":{"1":1,"2":2,"3":2,"4":2},"Agents":[null,{"utility":80,"ID":1},{"utility":30,"ID":2},{"utility":93,"ID":3},{"utility":86,"ID":4}],"LAST COALITION":[[],[{"utility":80,"ID":1},{"utility":93,"ID":3}],[],[],[{"utility":30,"ID":2},{"utility":86,"ID":4}]],"STARTING COALITION: ":[[null],[{"utility":0,"ID":1}],[{"utility":16.5,"ID":2},{"utility":63.5,"ID":3},{"utility":84.5,"ID":4}],[],[]],"CORE :":true,"LAST PARTITION":{"1":1,"2":4,"3":1,"4":4}},{"STARTING PARTITION: ":{"1":2,"2":2,"3":1,"4":1},"Agents":[null,{"utility":80,"ID":1},{"utility":30,"ID":2},{"utility":93,"ID":3},{"utility":86,"ID":4}],"LAST COALITION":[[],[],[],[{"utility":80,"ID":1},{"utility":93,"ID":3}],[{"utility":30,"ID":2},{"utility":86,"ID":4}]],"STARTING COALITION: ":[[null],[{"utility":42,"ID":3},{"utility":83,"ID":4}],[{"utility":69,"ID":1},{"utility":57,"ID":2}],[],[]],"CORE :":true,"LAST PARTITION":{"1":3,"2":4,"3":3,"4":4}},{"STARTING PARTITION: ":{"1":1,"2":1,"3":1,"4":1},"Agents":[null,{"utility":80,"ID":1},{"utility":30,"ID":2},{"utility":93,"ID":3},{"utility":86,"ID":4}],"LAST COALITION":[[],[],[],[{"utility":80,"ID":1},{"utility":93,"ID":3}],[{"utility":30,"ID":2},{"utility":86,"ID":4}]],"STARTING COALITION: ":[[null],[{"utility":55.333333333333336,"ID":1},{"utility":30,"ID":2},{"utility":73.33333333333333,"ID":3},{"utility":77,"ID":4}],[],[],[]],"CORE :":true,"LAST PARTITION":{"1":3,"2":4,"3":3,"4":4}},{"STARTING PARTITION: ":{"1":2,"2":1,"3":2,"4":1},"Agents":[null,{"utility":80,"ID":1},{"utility":30,"ID":2},{"utility":93,"ID":3},{"utility":86,"ID":4}],"LAST COALITION":[[],[{"utility":30,"ID":2},{"utility":86,"ID":4}],[{"utility":80,"ID":1},{"utility":93,"ID":3}],[],[]],"STARTING COALITION: ":[[null],[{"utility":30,"ID":2},{"utility":86,"ID":4}],[{"utility":80,"ID":1},{"utility":93,"ID":3}],[],[]],"CORE :":true,"LAST PARTITION":{"1":2,"2":1,"3":2,"4":1}},{"STARTING PARTITION: ":{"1":2,"2":1,"3":2,"4":1},"Agents":[null,{"utility":80,"ID":1},{"utility":30,"ID":2},{"utility":93,"ID":3},{"utility":86,"ID":4}],"LAST COALITION":[[],[{"utility":30,"ID":2},{"utility":86,"ID":4}],[{"utility":80,"ID":1},{"utility":93,"ID":3}],[],[]],"STARTING COALITION: ":[[null],[{"utility":30,"ID":2},{"utility":86,"ID":4}],[{"utility":80,"ID":1},{"utility":93,"ID":3}],[],[]],"CORE :":true,"LAST PARTITION":{"1":2,"2":1,"3":2,"4":1}},{"STARTING PARTITION: ":{"1":1,"2":2,"3":1,"4":1},"Agents":[null,{"utility":80,"ID":1},{"utility":30,"ID":2},{"utility":93,"ID":3},{"utility":86,"ID":4}],"LAST COALITION":[[],[],[{"utility":80,"ID":1},{"utility":93,"ID":3}],[],[{"utility":30,"ID":2},{"utility":86,"ID":4}]],"STARTING COALITION: ":[[null],[{"utility":48.5,"ID":1},{"utility":67.5,"ID":3},{"utility":72.5,"ID":4}],[{"utility":0,"ID":2}],[],[]],"CORE :":true,"LAST PARTITION":{"1":2,"2":4,"3":2,"4":4}},{"STARTING PARTITION: ":{"1":1,"2":2,"3":1,"4":2},"Agents":[null,{"utility":80,"ID":1},{"utility":30,"ID":2},{"utility":93,"ID":3},{"utility":86,"ID":4}],"LAST COALITION":[[],[{"utility":80,"ID":1},{"utility":93,"ID":3}],[{"utility":30,"ID":2},{"utility":86,"ID":4}],[],[]],"STARTING COALITION: ":[[null],[{"utility":80,"ID":1},{"utility":93,"ID":3}],[{"utility":30,"ID":2},{"utility":86,"ID":4}],[],[]],"CORE :":true,"LAST PARTITION":{"1":1,"2":2,"3":1,"4":2}},{"END OF FILE:" : true}]