[{"Modalità dinamica :":false,"Q : ":2,"STARTING PARTITION: ":{"1":1,"2":1,"3":2,"4":1},"LAST COALITION":[[],[{"utility":0,"ID":4}],[{"utility":0,"ID":3}],[{"utility":74,"ID":1},{"utility":90,"ID":2}],[]],"STARTING COALITION: ":[[null],[{"utility":62,"ID":1},{"utility":53,"ID":2},{"utility":49,"ID":4}],[{"utility":0,"ID":3}],[],[]],"CORE :":true,"Relazioni :":11,"Time : ":0.2,"LAST PARTITION":{"1":3,"2":3,"3":2,"4":1}},{"Modalità dinamica :":false,"Q : ":3,"STARTING PARTITION: ":{"1":1,"2":1,"3":2,"4":1},"LAST COALITION":[[],[{"utility":0,"ID":4}],[{"utility":0,"ID":3}],[{"utility":74,"ID":1},{"utility":90,"ID":2}],[]],"STARTING COALITION: ":[[null],[{"utility":62,"ID":1},{"utility":53,"ID":2},{"utility":49,"ID":4}],[{"utility":0,"ID":3}],[],[]],"CORE :":true,"Relazioni :":11,"Time : ":0.2,"LAST PARTITION":{"1":3,"2":3,"3":2,"4":1}},{"Modalità dinamica :":true,"Q : ":2,"STARTING PARTITION: ":{"1":1,"2":1,"3":2,"4":1},"LAST COALITION":[[],[{"utility":0,"ID":4}],[{"utility":0,"ID":3}],[{"utility":74,"ID":1},{"utility":90,"ID":2}],[]],"STARTING COALITION: ":[[null],[{"utility":62,"ID":1},{"utility":53,"ID":2},{"utility":49,"ID":4}],[{"utility":0,"ID":3}],[],[]],"CORE :":true,"Relazioni :":11,"Time : ":0.2,"LAST PARTITION":{"1":3,"2":3,"3":2,"4":1}},{"Modalità dinamica :":true,"Q : ":3,"STARTING PARTITION: ":{"1":1,"2":1,"3":2,"4":1},"LAST COALITION":[[],[{"utility":0,"ID":4}],[{"utility":0,"ID":3}],[{"utility":74,"ID":1},{"utility":90,"ID":2}],[]],"STARTING COALITION: ":[[null],[{"utility":62,"ID":1},{"utility":53,"ID":2},{"utility":49,"ID":4}],[{"utility":0,"ID":3}],[],[]],"CORE :":true,"Relazioni :":11,"Time : ":0.2,"LAST PARTITION":{"1":3,"2":3,"3":2,"4":1}},{"END OF FILE:" : true}]