[{"Modalità dinamica :":false,"Q : ":2,"STARTING PARTITION: ":{"1":2,"2":2,"3":2,"4":1},"LAST COALITION":[[],[{"utility":81,"ID":2},{"utility":72,"ID":4}],[],[],[{"utility":46,"ID":1},{"utility":31,"ID":3}]],"STARTING COALITION: ":[[null],[{"utility":0,"ID":4}],[{"utility":28.5,"ID":1},{"utility":52,"ID":2},{"utility":58.5,"ID":3}],[],[]],"CORE :":true,"Relazioni :":12,"Time : ":0.2,"LAST PARTITION":{"1":4,"2":1,"3":4,"4":1}},{"Modalità dinamica :":false,"Q : ":3,"STARTING PARTITION: ":{"1":2,"2":2,"3":2,"4":1},"LAST COALITION":[[],[{"utility":81,"ID":2},{"utility":72,"ID":4}],[],[],[{"utility":46,"ID":1},{"utility":31,"ID":3}]],"STARTING COALITION: ":[[null],[{"utility":0,"ID":4}],[{"utility":28.5,"ID":1},{"utility":52,"ID":2},{"utility":58.5,"ID":3}],[],[]],"CORE :":true,"Relazioni :":12,"Time : ":0.2,"LAST PARTITION":{"1":4,"2":1,"3":4,"4":1}},{"Modalità dinamica :":true,"Q : ":2,"STARTING PARTITION: ":{"1":2,"2":2,"3":2,"4":1},"LAST COALITION":[[],[],[{"utility":46,"ID":1},{"utility":31,"ID":3}],[{"utility":81,"ID":2},{"utility":72,"ID":4}],[]],"STARTING COALITION: ":[[null],[{"utility":0,"ID":4}],[{"utility":28.5,"ID":1},{"utility":52,"ID":2},{"utility":58.5,"ID":3}],[],[]],"CORE :":true,"Relazioni :":12,"Time : ":0.2,"LAST PARTITION":{"1":2,"2":3,"3":2,"4":3}},{"Modalità dinamica :":true,"Q : ":3,"STARTING PARTITION: ":{"1":2,"2":2,"3":2,"4":1},"LAST COALITION":[[],[],[{"utility":46,"ID":1},{"utility":31,"ID":3}],[{"utility":81,"ID":2},{"utility":72,"ID":4}],[]],"STARTING COALITION: ":[[null],[{"utility":0,"ID":4}],[{"utility":28.5,"ID":1},{"utility":52,"ID":2},{"utility":58.5,"ID":3}],[],[]],"CORE :":true,"Relazioni :":12,"Time : ":0.2,"LAST PARTITION":{"1":2,"2":3,"3":2,"4":3}},{"END OF FILE:" : true}]