[{"STARTING PARTITION: ":{"1":2,"2":1,"3":1,"4":1,"5":2,"6":1},"Agents":[null,{"utility":96,"ID":1},{"utility":18,"ID":2},{"utility":68,"ID":3},{"utility":44,"ID":4},{"utility":88,"ID":5},{"utility":19,"ID":6}],"LAST COALITION":[[],[{"utility":18,"ID":2},{"utility":44,"ID":4}],[{"utility":96,"ID":1},{"utility":88,"ID":5}],[{"utility":68,"ID":3},{"utility":19,"ID":6}],[],[],[]],"STARTING COALITION: ":[[null],[{"utility":29,"ID":2},{"utility":27,"ID":3},{"utility":34.333333333333336,"ID":4},{"utility":13,"ID":6}],[{"utility":96,"ID":1},{"utility":88,"ID":5}],[],[],[],[]],"CORE :":true,"LAST PARTITION":{"1":2,"2":1,"3":3,"4":1,"5":2,"6":3}},{"STARTING PARTITION: ":{"1":3,"2":3,"3":1,"4":1,"5":1,"6":1},"Agents":[null,{"utility":96,"ID":1},{"utility":18,"ID":2},{"utility":68,"ID":3},{"utility":44,"ID":4},{"utility":88,"ID":5},{"utility":19,"ID":6}],"LAST COALITION":[[],[{"utility":68,"ID":3},{"utility":19,"ID":6}],[{"utility":96,"ID":1},{"utility":88,"ID":5}],[],[{"utility":18,"ID":2},{"utility":44,"ID":4}],[],[]],"STARTING COALITION: ":[[null],[{"utility":27,"ID":3},{"utility":51,"ID":4},{"utility":6.666666666666667,"ID":5},{"utility":13,"ID":6}],[],[{"utility":28,"ID":1},{"utility":0,"ID":2}],[],[],[]],"CORE :":true,"LAST PARTITION":{"1":2,"2":4,"3":1,"4":4,"5":2,"6":1}},{"STARTING PARTITION: ":{"1":3,"2":2,"3":3,"4":2,"5":2,"6":1},"Agents":[null,{"utility":96,"ID":1},{"utility":18,"ID":2},{"utility":68,"ID":3},{"utility":44,"ID":4},{"utility":88,"ID":5},{"utility":19,"ID":6}],"LAST COALITION":[[],[],[{"utility":18,"ID":2},{"utility":44,"ID":4}],[],[{"utility":96,"ID":1},{"utility":88,"ID":5}],[{"utility":68,"ID":3},{"utility":19,"ID":6}],[]],"STARTING COALITION: ":[[null],[{"utility":0,"ID":6}],[{"utility":40,"ID":2},{"utility":69,"ID":4},{"utility":0,"ID":5}],[{"utility":0,"ID":1},{"utility":0,"ID":3}],[],[],[]],"CORE :":true,"LAST PARTITION":{"1":4,"2":2,"3":5,"4":2,"5":4,"6":5}},{"STARTING PARTITION: ":{"1":3,"2":1,"3":1,"4":3,"5":3,"6":2},"Agents":[null,{"utility":96,"ID":1},{"utility":18,"ID":2},{"utility":68,"ID":3},{"utility":44,"ID":4},{"utility":88,"ID":5},{"utility":19,"ID":6}],"LAST COALITION":[[],[],[],[{"utility":68,"ID":3},{"utility":19,"ID":6}],[{"utility":96,"ID":1},{"utility":88,"ID":5}],[{"utility":18,"ID":2},{"utility":44,"ID":4}],[]],"STARTING COALITION: ":[[null],[{"utility":0,"ID":2},{"utility":0,"ID":3}],[{"utility":0,"ID":6}],[{"utility":55,"ID":1},{"utility":76,"ID":4},{"utility":44,"ID":5}],[],[],[]],"CORE :":true,"LAST PARTITION":{"1":4,"2":5,"3":3,"4":5,"5":4,"6":3}},{"STARTING PARTITION: ":{"1":2,"2":2,"3":3,"4":1,"5":2,"6":2},"Agents":[null,{"utility":96,"ID":1},{"utility":18,"ID":2},{"utility":68,"ID":3},{"utility":44,"ID":4},{"utility":88,"ID":5},{"utility":19,"ID":6}],"LAST COALITION":[[],[{"utility":68,"ID":3},{"utility":19,"ID":6}],[],[{"utility":18,"ID":2},{"utility":44,"ID":4}],[{"utility":96,"ID":1},{"utility":88,"ID":5}],[],[]],"STARTING COALITION: ":[[null],[{"utility":0,"ID":4}],[{"utility":41.333333333333336,"ID":1},{"utility":43.666666666666664,"ID":2},{"utility":29.333333333333332,"ID":5},{"utility":16.333333333333332,"ID":6}],[{"utility":0,"ID":3}],[],[],[]],"CORE :":true,"LAST PARTITION":{"1":4,"2":3,"3":1,"4":3,"5":4,"6":1}},{"STARTING PARTITION: ":{"1":1,"2":3,"3":3,"4":3,"5":1,"6":3},"Agents":[null,{"utility":96,"ID":1},{"utility":18,"ID":2},{"utility":68,"ID":3},{"utility":44,"ID":4},{"utility":88,"ID":5},{"utility":19,"ID":6}],"LAST COALITION":[[],[{"utility":96,"ID":1},{"utility":88,"ID":5}],[{"utility":68,"ID":3},{"utility":19,"ID":6}],[{"utility":18,"ID":2},{"utility":44,"ID":4}],[],[],[]],"STARTING COALITION: ":[[null],[{"utility":96,"ID":1},{"utility":88,"ID":5}],[],[{"utility":29,"ID":2},{"utility":27,"ID":3},{"utility":34.333333333333336,"ID":4},{"utility":13,"ID":6}],[],[],[]],"CORE :":true,"LAST PARTITION":{"1":1,"2":3,"3":2,"4":3,"5":1,"6":2}},{"STARTING PARTITION: ":{"1":2,"2":2,"3":3,"4":1,"5":3,"6":2},"Agents":[null,{"utility":96,"ID":1},{"utility":18,"ID":2},{"utility":68,"ID":3},{"utility":44,"ID":4},{"utility":88,"ID":5},{"utility":19,"ID":6}],"LAST COALITION":[[],[{"utility":68,"ID":3},{"utility":19,"ID":6}],[],[{"utility":18,"ID":2},{"utility":44,"ID":4}],[{"utility":96,"ID":1},{"utility":88,"ID":5}],[],[]],"STARTING COALITION: ":[[null],[{"utility":0,"ID":4}],[{"utility":14,"ID":1},{"utility":34.5,"ID":2},{"utility":24.5,"ID":6}],[{"utility":0,"ID":3},{"utility":20,"ID":5}],[],[],[]],"CORE :":true,"LAST PARTITION":{"1":4,"2":3,"3":1,"4":3,"5":4,"6":1}},{"STARTING PARTITION: ":{"1":2,"2":2,"3":1,"4":1,"5":2,"6":1},"Agents":[null,{"utility":96,"ID":1},{"utility":18,"ID":2},{"utility":68,"ID":3},{"utility":44,"ID":4},{"utility":88,"ID":5},{"utility":19,"ID":6}],"LAST COALITION":[[],[{"utility":68,"ID":3},{"utility":19,"ID":6}],[],[{"utility":96,"ID":1},{"utility":88,"ID":5}],[{"utility":18,"ID":2},{"utility":44,"ID":4}],[],[]],"STARTING COALITION: ":[[null],[{"utility":40.5,"ID":3},{"utility":29.5,"ID":4},{"utility":19.5,"ID":6}],[{"utility":62,"ID":1},{"utility":31,"ID":2},{"utility":44,"ID":5}],[],[],[],[]],"CORE :":true,"LAST PARTITION":{"1":3,"2":4,"3":1,"4":4,"5":3,"6":1}},{"STARTING PARTITION: ":{"1":3,"2":3,"3":3,"4":2,"5":3,"6":1},"Agents":[null,{"utility":96,"ID":1},{"utility":18,"ID":2},{"utility":68,"ID":3},{"utility":44,"ID":4},{"utility":88,"ID":5},{"utility":19,"ID":6}],"LAST COALITION":[[],[],[{"utility":68,"ID":3},{"utility":19,"ID":6}],[],[{"utility":96,"ID":1},{"utility":88,"ID":5}],[{"utility":18,"ID":2},{"utility":44,"ID":4}],[]],"STARTING COALITION: ":[[null],[{"utility":0,"ID":6}],[{"utility":0,"ID":4}],[{"utility":41.333333333333336,"ID":1},{"utility":20.666666666666668,"ID":2},{"utility":0,"ID":3},{"utility":36,"ID":5}],[],[],[]],"CORE :":true,"LAST PARTITION":{"1":4,"2":5,"3":2,"4":5,"5":4,"6":2}},{"STARTING PARTITION: ":{"1":3,"2":3,"3":1,"4":2,"5":3,"6":2},"Agents":[null,{"utility":96,"ID":1},{"utility":18,"ID":2},{"utility":68,"ID":3},{"utility":44,"ID":4},{"utility":88,"ID":5},{"utility":19,"ID":6}],"LAST COALITION":[[],[],[],[{"utility":68,"ID":3},{"utility":19,"ID":6}],[{"utility":96,"ID":1},{"utility":88,"ID":5}],[{"utility":18,"ID":2},{"utility":44,"ID":4}],[]],"STARTING COALITION: ":[[null],[{"utility":0,"ID":3}],[{"utility":37,"ID":4},{"utility":20,"ID":6}],[{"utility":62,"ID":1},{"utility":31,"ID":2},{"utility":44,"ID":5}],[],[],[]],"CORE :":true,"LAST PARTITION":{"1":4,"2":5,"3":3,"4":5,"5":4,"6":3}},{"END OF FILE:" : true}]