[{"STARTING PARTITION: ":{"1":3,"2":2,"3":3,"4":2,"5":2,"6":2},"Agents":[null,{"utility":82,"ID":1},{"utility":60,"ID":2},{"utility":62,"ID":3},{"utility":50,"ID":4},{"utility":67,"ID":5},{"utility":74,"ID":6}],"LAST COALITION":[[],[{"utility":50,"ID":4},{"utility":74,"ID":6}],[],[{"utility":60,"ID":2},{"utility":62,"ID":3}],[{"utility":82,"ID":1},{"utility":67,"ID":5}],[],[]],"STARTING COALITION: ":[[null],[],[{"utility":51,"ID":2},{"utility":78.33333333333333,"ID":4},{"utility":24.333333333333332,"ID":5},{"utility":34.666666666666664,"ID":6}],[{"utility":62,"ID":1},{"utility":22,"ID":3}],[],[],[]],"CORE :":true,"LAST PARTITION":{"1":4,"2":3,"3":3,"4":1,"5":4,"6":1}},{"STARTING PARTITION: ":{"1":3,"2":1,"3":2,"4":2,"5":3,"6":2},"Agents":[null,{"utility":82,"ID":1},{"utility":60,"ID":2},{"utility":62,"ID":3},{"utility":50,"ID":4},{"utility":67,"ID":5},{"utility":74,"ID":6}],"LAST COALITION":[[],[],[{"utility":50,"ID":4},{"utility":74,"ID":6}],[{"utility":82,"ID":1},{"utility":67,"ID":5}],[{"utility":60,"ID":2},{"utility":62,"ID":3}],[],[]],"STARTING COALITION: ":[[null],[{"utility":0,"ID":2}],[{"utility":28.5,"ID":3},{"utility":48,"ID":4},{"utility":59.5,"ID":6}],[{"utility":82,"ID":1},{"utility":67,"ID":5}],[],[],[]],"CORE :":true,"LAST PARTITION":{"1":3,"2":4,"3":4,"4":2,"5":3,"6":2}},{"STARTING PARTITION: ":{"1":3,"2":1,"3":3,"4":2,"5":2,"6":3},"Agents":[null,{"utility":82,"ID":1},{"utility":60,"ID":2},{"utility":62,"ID":3},{"utility":50,"ID":4},{"utility":67,"ID":5},{"utility":74,"ID":6}],"LAST COALITION":[[],[],[{"utility":50,"ID":4},{"utility":74,"ID":6}],[],[{"utility":60,"ID":2},{"utility":62,"ID":3}],[{"utility":82,"ID":1},{"utility":67,"ID":5}],[]],"STARTING COALITION: ":[[null],[{"utility":0,"ID":2}],[{"utility":98,"ID":4},{"utility":9,"ID":5}],[{"utility":53,"ID":1},{"utility":20.5,"ID":3},{"utility":29.5,"ID":6}],[],[],[]],"CORE :":true,"LAST PARTITION":{"1":5,"2":4,"3":4,"4":2,"5":5,"6":2}},{"STARTING PARTITION: ":{"1":2,"2":1,"3":1,"4":2,"5":1,"6":2},"Agents":[null,{"utility":82,"ID":1},{"utility":60,"ID":2},{"utility":62,"ID":3},{"utility":50,"ID":4},{"utility":67,"ID":5},{"utility":74,"ID":6}],"LAST COALITION":[[],[{"utility":50,"ID":4},{"utility":74,"ID":6}],[],[{"utility":60,"ID":2},{"utility":62,"ID":3}],[{"utility":82,"ID":1},{"utility":67,"ID":5}],[],[]],"STARTING COALITION: ":[[null],[{"utility":46,"ID":2},{"utility":75.5,"ID":3},{"utility":38,"ID":5}],[{"utility":57.5,"ID":1},{"utility":67.5,"ID":4},{"utility":44,"ID":6}],[],[],[],[]],"CORE :":true,"LAST PARTITION":{"1":4,"2":3,"3":3,"4":1,"5":4,"6":1}},{"STARTING PARTITION: ":{"1":3,"2":2,"3":1,"4":1,"5":1,"6":2},"Agents":[null,{"utility":82,"ID":1},{"utility":60,"ID":2},{"utility":62,"ID":3},{"utility":50,"ID":4},{"utility":67,"ID":5},{"utility":74,"ID":6}],"LAST COALITION":[[],[{"utility":50,"ID":4},{"utility":74,"ID":6}],[],[{"utility":82,"ID":1},{"utility":67,"ID":5}],[{"utility":60,"ID":2},{"utility":62,"ID":3}],[],[]],"STARTING COALITION: ":[[null],[{"utility":63.5,"ID":3},{"utility":72,"ID":4},{"utility":23,"ID":5}],[{"utility":80,"ID":2},{"utility":1,"ID":6}],[{"utility":0,"ID":1}],[],[],[]],"CORE :":true,"LAST PARTITION":{"1":3,"2":4,"3":4,"4":1,"5":3,"6":1}},{"STARTING PARTITION: ":{"1":1,"2":2,"3":3,"4":1,"5":2,"6":3},"Agents":[null,{"utility":82,"ID":1},{"utility":60,"ID":2},{"utility":62,"ID":3},{"utility":50,"ID":4},{"utility":67,"ID":5},{"utility":74,"ID":6}],"LAST COALITION":[[],[{"utility":50,"ID":4},{"utility":74,"ID":6}],[],[],[{"utility":82,"ID":1},{"utility":67,"ID":5}],[{"utility":60,"ID":2},{"utility":62,"ID":3}],[]],"STARTING COALITION: ":[[null],[{"utility":71,"ID":1},{"utility":85,"ID":4}],[{"utility":32,"ID":2},{"utility":39,"ID":5}],[{"utility":19,"ID":3},{"utility":45,"ID":6}],[],[],[]],"CORE :":true,"LAST PARTITION":{"1":4,"2":5,"3":5,"4":1,"5":4,"6":1}},{"STARTING PARTITION: ":{"1":3,"2":2,"3":1,"4":1,"5":3,"6":2},"Agents":[null,{"utility":82,"ID":1},{"utility":60,"ID":2},{"utility":62,"ID":3},{"utility":50,"ID":4},{"utility":67,"ID":5},{"utility":74,"ID":6}],"LAST COALITION":[[],[],[],[{"utility":82,"ID":1},{"utility":67,"ID":5}],[{"utility":50,"ID":4},{"utility":74,"ID":6}],[{"utility":60,"ID":2},{"utility":62,"ID":3}],[]],"STARTING COALITION: ":[[null],[{"utility":38,"ID":3},{"utility":46,"ID":4}],[{"utility":80,"ID":2},{"utility":1,"ID":6}],[{"utility":82,"ID":1},{"utility":67,"ID":5}],[],[],[]],"CORE :":true,"LAST PARTITION":{"1":3,"2":5,"3":5,"4":4,"5":3,"6":4}},{"STARTING PARTITION: ":{"1":2,"2":1,"3":1,"4":3,"5":3,"6":1},"Agents":[null,{"utility":82,"ID":1},{"utility":60,"ID":2},{"utility":62,"ID":3},{"utility":50,"ID":4},{"utility":67,"ID":5},{"utility":74,"ID":6}],"LAST COALITION":[[],[{"utility":60,"ID":2},{"utility":62,"ID":3}],[{"utility":50,"ID":4},{"utility":74,"ID":6}],[],[{"utility":82,"ID":1},{"utility":67,"ID":5}],[],[]],"STARTING COALITION: ":[[null],[{"utility":70,"ID":2},{"utility":40.5,"ID":3},{"utility":23,"ID":6}],[{"utility":0,"ID":1}],[{"utility":98,"ID":4},{"utility":9,"ID":5}],[],[],[]],"CORE :":true,"LAST PARTITION":{"1":4,"2":1,"3":1,"4":2,"5":4,"6":2}},{"STARTING PARTITION: ":{"1":2,"2":1,"3":1,"4":2,"5":1,"6":3},"Agents":[null,{"utility":82,"ID":1},{"utility":60,"ID":2},{"utility":62,"ID":3},{"utility":50,"ID":4},{"utility":67,"ID":5},{"utility":74,"ID":6}],"LAST COALITION":[[],[{"utility":50,"ID":4},{"utility":74,"ID":6}],[{"utility":60,"ID":2},{"utility":62,"ID":3}],[],[{"utility":82,"ID":1},{"utility":67,"ID":5}],[],[]],"STARTING COALITION: ":[[null],[{"utility":46,"ID":2},{"utility":75.5,"ID":3},{"utility":38,"ID":5}],[{"utility":71,"ID":1},{"utility":85,"ID":4}],[{"utility":0,"ID":6}],[],[],[]],"CORE :":true,"LAST PARTITION":{"1":4,"2":2,"3":2,"4":1,"5":4,"6":1}},{"STARTING PARTITION: ":{"1":3,"2":2,"3":1,"4":3,"5":1,"6":1},"Agents":[null,{"utility":82,"ID":1},{"utility":60,"ID":2},{"utility":62,"ID":3},{"utility":50,"ID":4},{"utility":67,"ID":5},{"utility":74,"ID":6}],"LAST COALITION":[[],[],[],[{"utility":50,"ID":4},{"utility":74,"ID":6}],[{"utility":82,"ID":1},{"utility":67,"ID":5}],[{"utility":60,"ID":2},{"utility":62,"ID":3}],[]],"STARTING COALITION: ":[[null],[{"utility":54,"ID":3},{"utility":31,"ID":5},{"utility":37,"ID":6}],[{"utility":0,"ID":2}],[{"utility":71,"ID":1},{"utility":85,"ID":4}],[],[],[]],"CORE :":true,"LAST PARTITION":{"1":4,"2":5,"3":5,"4":3,"5":4,"6":3}},{"END OF FILE:" : true}]