[{"STARTING PARTITION: ":{"88":23,"89":11,"90":20,"91":25,"92":2,"93":15,"94":41,"95":9,"96":13,"97":19,"10":33,"98":12,"11":28,"99":34,"12":2,"13":45,"14":22,"15":11,"16":39,"17":43,"18":21,"19":41,"1":41,"2":19,"3":50,"4":12,"5":38,"6":28,"7":41,"8":30,"9":14,"20":36,"21":37,"22":37,"23":24,"24":24,"25":32,"26":9,"27":31,"28":17,"29":48,"30":32,"31":5,"32":49,"33":25,"34":28,"35":50,"36":7,"37":40,"38":10,"39":37,"40":19,"41":34,"42":13,"43":19,"44":44,"45":37,"46":27,"47":6,"48":47,"49":48,"50":3,"51":30,"52":2,"53":34,"54":39,"55":43,"56":6,"57":16,"58":16,"59":33,"60":48,"61":36,"62":4,"63":37,"64":3,"65":5,"66":22,"67":31,"68":14,"69":47,"70":32,"71":40,"72":10,"73":17,"74":9,"75":22,"76":37,"77":16,"78":47,"79":22,"100":42,"80":8,"81":6,"82":47,"83":45,"84":20,"85":22,"86":22,"87":25},"Agents":[null,{"utility":99,"ID":1},{"utility":98,"ID":2},{"utility":50,"ID":3},{"utility":99,"ID":4},{"utility":97,"ID":5},{"utility":63,"ID":6},{"utility":0,"ID":7},{"utility":92,"ID":8},{"utility":84,"ID":9},{"utility":64,"ID":10},{"utility":96,"ID":11},{"utility":0,"ID":12},{"utility":89,"ID":13},{"utility":8,"ID":14},{"utility":0,"ID":15},{"utility":0,"ID":16},{"utility":0,"ID":17},{"utility":0,"ID":18},{"utility":93,"ID":19},{"utility":33,"ID":20},{"utility":0,"ID":21},{"utility":62.75,"ID":22},{"utility":73,"ID":23},{"utility":14,"ID":24},{"utility":99,"ID":25},{"utility":0,"ID":26},{"utility":0,"ID":27},{"utility":17,"ID":28},{"utility":47,"ID":29},{"utility":69,"ID":30},{"utility":28,"ID":31},{"utility":0,"ID":32},{"utility":54,"ID":33},{"utility":0,"ID":34},{"utility":0,"ID":35},{"utility":0,"ID":36},{"utility":75,"ID":37},{"utility":63,"ID":38},{"utility":68.25,"ID":39},{"utility":60,"ID":40},{"utility":21,"ID":41},{"utility":32,"ID":42},{"utility":26,"ID":43},{"utility":0,"ID":44},{"utility":23.75,"ID":45},{"utility":0,"ID":46},{"utility":79,"ID":47},{"utility":24.333333333333332,"ID":48},{"utility":28,"ID":49},{"utility":30,"ID":50},{"utility":56,"ID":51},{"utility":54.5,"ID":52},{"utility":48.5,"ID":53},{"utility":0,"ID":54},{"utility":86,"ID":55},{"utility":78,"ID":56},{"utility":69,"ID":57},{"utility":76.5,"ID":58},{"utility":0,"ID":59},{"utility":26.5,"ID":60},{"utility":16,"ID":61},{"utility":0,"ID":62},{"utility":60.75,"ID":63},{"utility":28,"ID":64},{"utility":50,"ID":65},{"utility":44.75,"ID":66},{"utility":36,"ID":67},{"utility":21,"ID":68},{"utility":77,"ID":69},{"utility":83,"ID":70},{"utility":88,"ID":71},{"utility":5,"ID":72},{"utility":81,"ID":73},{"utility":18,"ID":74},{"utility":41.25,"ID":75},{"utility":65.75,"ID":76},{"utility":32.5,"ID":77},{"utility":51.666666666666664,"ID":78},{"utility":50.5,"ID":79},{"utility":0,"ID":80},{"utility":38.5,"ID":81},{"utility":71,"ID":82},{"utility":82,"ID":83},{"utility":9,"ID":84},{"utility":60,"ID":85},{"utility":63.25,"ID":86},{"utility":3,"ID":87},{"utility":0,"ID":88},{"utility":0,"ID":89},{"utility":4,"ID":90},{"utility":34,"ID":91},{"utility":40,"ID":92},{"utility":0,"ID":93},{"utility":12,"ID":94},{"utility":93,"ID":95},{"utility":74,"ID":96},{"utility":54,"ID":97},{"utility":0,"ID":98},{"utility":64,"ID":99},{"utility":0,"ID":100}],"LAST COALITION":[[],[{"utility":99,"ID":4},{"utility":99,"ID":25}],[{"utility":0,"ID":12},{"utility":54.5,"ID":52},{"utility":40,"ID":92}],[{"utility":30,"ID":50},{"utility":28,"ID":64}],[{"utility":0,"ID":62}],[{"utility":28,"ID":31},{"utility":50,"ID":65}],[{"utility":79,"ID":47},{"utility":78,"ID":56},{"utility":38.5,"ID":81}],[{"utility":0,"ID":36}],[{"utility":0,"ID":80}],[{"utility":18,"ID":74},{"utility":93,"ID":95}],[{"utility":63,"ID":38},{"utility":5,"ID":72}],[{"utility":0,"ID":89}],[{"utility":0,"ID":98}],[{"utility":32,"ID":42},{"utility":74,"ID":96}],[{"utility":84,"ID":9},{"utility":21,"ID":68}],[{"utility":0,"ID":93}],[{"utility":69,"ID":57},{"utility":76.5,"ID":58},{"utility":32.5,"ID":77}],[{"utility":17,"ID":28},{"utility":81,"ID":73}],[{"utility":0,"ID":18}],[{"utility":26,"ID":43},{"utility":54,"ID":97}],[{"utility":9,"ID":84},{"utility":4,"ID":90}],[{"utility":50,"ID":3},{"utility":96,"ID":11}],[{"utility":44.75,"ID":66},{"utility":41.25,"ID":75},{"utility":50.5,"ID":79},{"utility":60,"ID":85},{"utility":63.25,"ID":86}],[{"utility":0,"ID":88}],[{"utility":73,"ID":23},{"utility":14,"ID":24}],[{"utility":54,"ID":33},{"utility":3,"ID":87}],[{"utility":0,"ID":7}],[{"utility":0,"ID":46}],[{"utility":0,"ID":34}],[{"utility":0,"ID":16}],[{"utility":92,"ID":8},{"utility":56,"ID":51}],[{"utility":0,"ID":27},{"utility":36,"ID":67}],[{"utility":69,"ID":30},{"utility":83,"ID":70}],[{"utility":64,"ID":10},{"utility":0,"ID":59}],[{"utility":21,"ID":41},{"utility":48.5,"ID":53},{"utility":64,"ID":99}],[{"utility":0,"ID":21}],[{"utility":33,"ID":20},{"utility":16,"ID":61}],[{"utility":62.75,"ID":22},{"utility":68.25,"ID":39},{"utility":23.75,"ID":45},{"utility":60.75,"ID":63},{"utility":65.75,"ID":76}],[{"utility":99,"ID":1},{"utility":86,"ID":55}],[{"utility":0,"ID":54}],[{"utility":75,"ID":37},{"utility":88,"ID":71}],[{"utility":93,"ID":19},{"utility":12,"ID":94}],[{"utility":0,"ID":100}],[{"utility":0,"ID":17}],[{"utility":0,"ID":44}],[{"utility":89,"ID":13},{"utility":82,"ID":83}],[{"utility":0,"ID":26}],[{"utility":24.333333333333332,"ID":48},{"utility":77,"ID":69},{"utility":51.666666666666664,"ID":78},{"utility":71,"ID":82}],[{"utility":47,"ID":29},{"utility":28,"ID":49},{"utility":26.5,"ID":60}],[{"utility":0,"ID":32}],[{"utility":0,"ID":35}],[],[{"utility":98,"ID":2},{"utility":34,"ID":91}],[{"utility":97,"ID":5},{"utility":60,"ID":40}],[{"utility":63,"ID":6},{"utility":8,"ID":14}],[{"utility":0,"ID":15}],[],[],[],[],[],[],[],[],[],[],[],[],[],[],[],[],[],[],[],[],[],[],[],[],[],[],[],[],[],[],[],[],[],[],[],[],[],[],[],[],[],[],[],[],[]],"STARTING COALITION: ":[[null],[],[{"utility":0,"ID":12},{"utility":54.5,"ID":52},{"utility":40,"ID":92}],[{"utility":30,"ID":50},{"utility":28,"ID":64}],[{"utility":0,"ID":62}],[{"utility":28,"ID":31},{"utility":50,"ID":65}],[{"utility":79,"ID":47},{"utility":78,"ID":56},{"utility":38.5,"ID":81}],[{"utility":0,"ID":36}],[{"utility":0,"ID":80}],[{"utility":48,"ID":26},{"utility":45.5,"ID":74},{"utility":81.5,"ID":95}],[{"utility":63,"ID":38},{"utility":5,"ID":72}],[{"utility":1,"ID":15},{"utility":21,"ID":89}],[{"utility":50,"ID":4},{"utility":45,"ID":98}],[{"utility":32,"ID":42},{"utility":74,"ID":96}],[{"utility":84,"ID":9},{"utility":21,"ID":68}],[{"utility":0,"ID":93}],[{"utility":69,"ID":57},{"utility":76.5,"ID":58},{"utility":32.5,"ID":77}],[{"utility":17,"ID":28},{"utility":81,"ID":73}],[],[{"utility":44.333333333333336,"ID":2},{"utility":39,"ID":40},{"utility":19,"ID":43},{"utility":44.666666666666664,"ID":97}],[{"utility":9,"ID":84},{"utility":4,"ID":90}],[{"utility":0,"ID":18}],[{"utility":52,"ID":14},{"utility":48,"ID":66},{"utility":33,"ID":75},{"utility":55.6,"ID":79},{"utility":67,"ID":85},{"utility":68,"ID":86}],[{"utility":0,"ID":88}],[{"utility":73,"ID":23},{"utility":14,"ID":24}],[{"utility":44.5,"ID":33},{"utility":13.5,"ID":87},{"utility":25,"ID":91}],[],[{"utility":0,"ID":46}],[{"utility":32,"ID":6},{"utility":57,"ID":11},{"utility":27.5,"ID":34}],[],[{"utility":92,"ID":8},{"utility":56,"ID":51}],[{"utility":0,"ID":27},{"utility":36,"ID":67}],[{"utility":79,"ID":25},{"utility":34.5,"ID":30},{"utility":66,"ID":70}],[{"utility":64,"ID":10},{"utility":0,"ID":59}],[{"utility":21,"ID":41},{"utility":48.5,"ID":53},{"utility":64,"ID":99}],[],[{"utility":33,"ID":20},{"utility":16,"ID":61}],[{"utility":13.8,"ID":21},{"utility":65.8,"ID":22},{"utility":55.6,"ID":39},{"utility":32,"ID":45},{"utility":68,"ID":63},{"utility":54.4,"ID":76}],[{"utility":0,"ID":5}],[{"utility":36,"ID":16},{"utility":2,"ID":54}],[{"utility":75,"ID":37},{"utility":88,"ID":71}],[{"utility":47.333333333333336,"ID":1},{"utility":20,"ID":7},{"utility":69,"ID":19},{"utility":35.333333333333336,"ID":94}],[{"utility":0,"ID":100}],[{"utility":6,"ID":17},{"utility":6,"ID":55}],[{"utility":0,"ID":44}],[{"utility":89,"ID":13},{"utility":82,"ID":83}],[],[{"utility":24.333333333333332,"ID":48},{"utility":77,"ID":69},{"utility":51.666666666666664,"ID":78},{"utility":71,"ID":82}],[{"utility":47,"ID":29},{"utility":28,"ID":49},{"utility":26.5,"ID":60}],[{"utility":0,"ID":32}],[{"utility":30,"ID":3},{"utility":4,"ID":35}],[],[],[],[],[],[],[],[],[],[],[],[],[],[],[],[],[],[],[],[],[],[],[],[],[],[],[],[],[],[],[],[],[],[],[],[],[],[],[],[],[],[],[],[],[],[],[],[],[],[]],"CORE :":false,"LAST PARTITION":{"88":23,"89":11,"90":20,"91":52,"92":2,"93":15,"94":41,"95":9,"96":13,"97":19,"10":33,"98":12,"11":21,"99":34,"12":2,"13":45,"14":54,"15":55,"16":29,"17":43,"18":18,"19":41,"1":38,"2":52,"3":21,"4":1,"5":53,"6":54,"7":26,"8":30,"9":14,"20":36,"21":35,"22":37,"23":24,"24":24,"25":1,"26":46,"27":31,"28":17,"29":48,"30":32,"31":5,"32":49,"33":25,"34":28,"35":50,"36":7,"37":40,"38":10,"39":37,"40":53,"41":34,"42":13,"43":19,"44":44,"45":37,"46":27,"47":6,"48":47,"49":48,"50":3,"51":30,"52":2,"53":34,"54":39,"55":38,"56":6,"57":16,"58":16,"59":33,"60":48,"61":36,"62":4,"63":37,"64":3,"65":5,"66":22,"67":31,"68":14,"69":47,"70":32,"71":40,"72":10,"73":17,"74":9,"75":22,"76":37,"77":16,"78":47,"79":22,"100":42,"80":8,"81":6,"82":47,"83":45,"84":20,"85":22,"86":22,"87":25}},{"STARTING PARTITION: ":{"88":27,"89":16,"90":49,"91":4,"92":19,"93":18,"94":18,"95":32,"96":19,"97":7,"10":5,"98":12,"11":43,"99":8,"12":14,"13":34,"14":41,"15":19,"16":36,"17":47,"18":13,"19":18,"1":45,"2":7,"3":22,"4":49,"5":18,"6":40,"7":16,"8":49,"9":31,"20":38,"21":47,"22":24,"23":37,"24":22,"25":20,"26":24,"27":3,"28":10,"29":10,"30":40,"31":2,"32":22,"33":29,"34":19,"35":34,"36":8,"37":32,"38":20,"39":18,"40":32,"41":5,"42":23,"43":7,"44":30,"45":32,"46":44,"47":35,"48":19,"49":50,"50":31,"51":12,"52":46,"53":36,"54":8,"55":36,"56":13,"57":43,"58":15,"59":3,"60":36,"61":14,"62":19,"63":25,"64":48,"65":25,"66":27,"67":23,"68":25,"69":42,"70":49,"71":27,"72":46,"73":50,"74":30,"75":30,"76":9,"77":6,"78":47,"79":48,"100":31,"80":33,"81":32,"82":38,"83":43,"84":40,"85":2,"86":2,"87":39},"Agents":[null,{"utility":99,"ID":1},{"utility":98,"ID":2},{"utility":98,"ID":3},{"utility":99,"ID":4},{"utility":96,"ID":5},{"utility":99,"ID":6},{"utility":99,"ID":7},{"utility":99,"ID":8},{"utility":65,"ID":9},{"utility":99,"ID":10},{"utility":98,"ID":11},{"utility":21,"ID":12},{"utility":82,"ID":13},{"utility":0,"ID":14},{"utility":67,"ID":15},{"utility":0,"ID":16},{"utility":0,"ID":17},{"utility":83,"ID":18},{"utility":0,"ID":19},{"utility":0,"ID":20},{"utility":0,"ID":21},{"utility":0,"ID":22},{"utility":0,"ID":23},{"utility":0,"ID":24},{"utility":99,"ID":25},{"utility":0,"ID":26},{"utility":0,"ID":27},{"utility":68,"ID":28},{"utility":75,"ID":29},{"utility":84,"ID":30},{"utility":0,"ID":31},{"utility":0,"ID":32},{"utility":0,"ID":33},{"utility":68.75,"ID":34},{"utility":73,"ID":35},{"utility":0,"ID":36},{"utility":16.333333333333332,"ID":37},{"utility":0,"ID":38},{"utility":46,"ID":39},{"utility":77,"ID":40},{"utility":0,"ID":41},{"utility":0,"ID":42},{"utility":0,"ID":43},{"utility":68.5,"ID":44},{"utility":56,"ID":45},{"utility":0,"ID":46},{"utility":0,"ID":47},{"utility":35.5,"ID":48},{"utility":81,"ID":49},{"utility":86,"ID":50},{"utility":48,"ID":51},{"utility":13,"ID":52},{"utility":0,"ID":53},{"utility":99,"ID":54},{"utility":86,"ID":55},{"utility":0,"ID":56},{"utility":72,"ID":57},{"utility":93,"ID":58},{"utility":0,"ID":59},{"utility":0,"ID":60},{"utility":0,"ID":61},{"utility":66.75,"ID":62},{"utility":17,"ID":63},{"utility":60,"ID":64},{"utility":18,"ID":65},{"utility":78,"ID":66},{"utility":37,"ID":67},{"utility":46.5,"ID":68},{"utility":0,"ID":69},{"utility":14,"ID":70},{"utility":50.5,"ID":71},{"utility":88,"ID":72},{"utility":21,"ID":73},{"utility":79,"ID":74},{"utility":66,"ID":75},{"utility":0,"ID":76},{"utility":0,"ID":77},{"utility":36,"ID":78},{"utility":92,"ID":79},{"utility":48,"ID":80},{"utility":0,"ID":81},{"utility":0,"ID":82},{"utility":7,"ID":83},{"utility":41,"ID":84},{"utility":85,"ID":85},{"utility":90,"ID":86},{"utility":0,"ID":87},{"utility":34,"ID":88},{"utility":0,"ID":89},{"utility":33,"ID":90},{"utility":34,"ID":91},{"utility":43,"ID":92},{"utility":65,"ID":93},{"utility":25.5,"ID":94},{"utility":40.666666666666664,"ID":95},{"utility":33.25,"ID":96},{"utility":0,"ID":97},{"utility":25,"ID":98},{"utility":37,"ID":99},{"utility":69,"ID":100}],"LAST COALITION":[[],[{"utility":99,"ID":4},{"utility":99,"ID":25}],[{"utility":85,"ID":85},{"utility":90,"ID":86}],[{"utility":0,"ID":59}],[{"utility":0,"ID":32}],[{"utility":0,"ID":41}],[{"utility":0,"ID":77}],[{"utility":0,"ID":97}],[{"utility":99,"ID":54},{"utility":37,"ID":99}],[{"utility":0,"ID":81}],[{"utility":68,"ID":28},{"utility":75,"ID":29}],[{"utility":48,"ID":80},{"utility":99,"ID":10}],[{"utility":48,"ID":51},{"utility":25,"ID":98}],[{"utility":0,"ID":56}],[{"utility":0,"ID":61}],[{"utility":0,"ID":36}],[{"utility":0,"ID":89}],[{"utility":99,"ID":7},{"utility":21,"ID":12}],[{"utility":46,"ID":39},{"utility":65,"ID":93},{"utility":25.5,"ID":94}],[{"utility":68.75,"ID":34},{"utility":35.5,"ID":48},{"utility":66.75,"ID":62},{"utility":43,"ID":92},{"utility":33.25,"ID":96}],[{"utility":0,"ID":38}],[{"utility":0,"ID":21}],[{"utility":0,"ID":24}],[{"utility":0,"ID":42},{"utility":37,"ID":67}],[{"utility":0,"ID":22}],[{"utility":17,"ID":63},{"utility":18,"ID":65},{"utility":46.5,"ID":68}],[{"utility":99,"ID":1},{"utility":86,"ID":55}],[{"utility":78,"ID":66},{"utility":50.5,"ID":71},{"utility":34,"ID":88}],[{"utility":99,"ID":6},{"utility":72,"ID":57}],[{"utility":0,"ID":33}],[{"utility":68.5,"ID":44},{"utility":79,"ID":74},{"utility":66,"ID":75}],[{"utility":86,"ID":50},{"utility":69,"ID":100}],[{"utility":16.333333333333332,"ID":37},{"utility":77,"ID":40},{"utility":56,"ID":45},{"utility":40.666666666666664,"ID":95}],[{"utility":0,"ID":27}],[{"utility":82,"ID":13},{"utility":73,"ID":35}],[{"utility":65,"ID":9},{"utility":67,"ID":15}],[{"utility":0,"ID":53},{"utility":0,"ID":60}],[{"utility":0,"ID":23}],[{"utility":0,"ID":82}],[{"utility":0,"ID":87}],[{"utility":84,"ID":30},{"utility":41,"ID":84}],[{"utility":93,"ID":58},{"utility":98,"ID":11}],[{"utility":0,"ID":19}],[],[{"utility":0,"ID":46}],[{"utility":98,"ID":2},{"utility":34,"ID":91}],[{"utility":13,"ID":52},{"utility":88,"ID":72}],[{"utility":0,"ID":17}],[{"utility":60,"ID":64},{"utility":92,"ID":79}],[{"utility":14,"ID":70},{"utility":33,"ID":90}],[{"utility":81,"ID":49},{"utility":21,"ID":73}],[{"utility":0,"ID":20}],[{"utility":0,"ID":69}],[{"utility":0,"ID":31}],[{"utility":0,"ID":76}],[{"utility":83,"ID":18},{"utility":96,"ID":5}],[{"utility":98,"ID":3},{"utility":7,"ID":83}],[{"utility":0,"ID":47}],[{"utility":0,"ID":16}],[{"utility":0,"ID":26}],[{"utility":0,"ID":43}],[{"utility":99,"ID":8},{"utility":36,"ID":78}],[{"utility":0,"ID":14}],[],[],[],[],[],[],[],[],[],[],[],[],[],[],[],[],[],[],[],[],[],[],[],[],[],[],[],[],[],[],[],[],[],[],[],[],[],[]],"STARTING COALITION: ":[[null],[],[{"utility":39,"ID":31},{"utility":85,"ID":85},{"utility":68.5,"ID":86}],[{"utility":66,"ID":27},{"utility":0,"ID":59}],[{"utility":0,"ID":91}],[{"utility":24,"ID":10},{"utility":41,"ID":41}],[{"utility":0,"ID":77}],[{"utility":32.5,"ID":2},{"utility":13,"ID":43},{"utility":67,"ID":97}],[{"utility":52.5,"ID":36},{"utility":84,"ID":54},{"utility":18.5,"ID":99}],[{"utility":0,"ID":76}],[{"utility":68,"ID":28},{"utility":75,"ID":29}],[],[{"utility":48,"ID":51},{"utility":25,"ID":98}],[{"utility":10,"ID":18},{"utility":13,"ID":56}],[{"utility":37,"ID":12},{"utility":0,"ID":61}],[{"utility":0,"ID":58}],[{"utility":12,"ID":7},{"utility":16,"ID":89}],[],[{"utility":54,"ID":5},{"utility":31.75,"ID":19},{"utility":23,"ID":39},{"utility":65,"ID":93},{"utility":15.75,"ID":94}],[{"utility":32.6,"ID":15},{"utility":56.4,"ID":34},{"utility":47.8,"ID":48},{"utility":67,"ID":62},{"utility":34.4,"ID":92},{"utility":43.4,"ID":96}],[{"utility":23,"ID":25},{"utility":0,"ID":38}],[],[{"utility":57.5,"ID":3},{"utility":92,"ID":24},{"utility":47.5,"ID":32}],[{"utility":0,"ID":42},{"utility":37,"ID":67}],[{"utility":56,"ID":22},{"utility":3,"ID":26}],[{"utility":17,"ID":63},{"utility":18,"ID":65},{"utility":46.5,"ID":68}],[],[{"utility":78,"ID":66},{"utility":50.5,"ID":71},{"utility":34,"ID":88}],[],[{"utility":0,"ID":33}],[{"utility":68.5,"ID":44},{"utility":79,"ID":74},{"utility":66,"ID":75}],[{"utility":30,"ID":9},{"utility":56,"ID":50},{"utility":56.5,"ID":100}],[{"utility":36.5,"ID":37},{"utility":78.25,"ID":40},{"utility":43.5,"ID":45},{"utility":58.75,"ID":81},{"utility":30.5,"ID":95}],[{"utility":0,"ID":80}],[{"utility":82,"ID":13},{"utility":73,"ID":35}],[{"utility":0,"ID":47}],[{"utility":24,"ID":16},{"utility":34.666666666666664,"ID":53},{"utility":38.333333333333336,"ID":55},{"utility":32.333333333333336,"ID":60}],[{"utility":0,"ID":23}],[{"utility":3,"ID":20},{"utility":5,"ID":82}],[{"utility":0,"ID":87}],[{"utility":50,"ID":6},{"utility":62.5,"ID":30},{"utility":20.5,"ID":84}],[{"utility":0,"ID":14}],[{"utility":0,"ID":69}],[{"utility":7.5,"ID":11},{"utility":68,"ID":57},{"utility":87.5,"ID":83}],[{"utility":0,"ID":46}],[{"utility":0,"ID":1}],[{"utility":13,"ID":52},{"utility":88,"ID":72}],[{"utility":25,"ID":17},{"utility":34.5,"ID":21},{"utility":38,"ID":78}],[{"utility":60,"ID":64},{"utility":92,"ID":79}],[{"utility":34,"ID":4},{"utility":54.666666666666664,"ID":8},{"utility":13.333333333333334,"ID":70},{"utility":11,"ID":90}],[{"utility":81,"ID":49},{"utility":21,"ID":73}],[],[],[],[],[],[],[],[],[],[],[],[],[],[],[],[],[],[],[],[],[],[],[],[],[],[],[],[],[],[],[],[],[],[],[],[],[],[],[],[],[],[],[],[],[],[],[],[],[],[]],"CORE :":false,"LAST PARTITION":{"88":27,"89":16,"90":49,"91":45,"92":19,"93":18,"94":18,"95":32,"96":19,"97":7,"10":11,"98":12,"11":41,"99":8,"12":17,"13":34,"14":62,"15":35,"16":58,"17":47,"18":55,"19":42,"1":26,"2":45,"3":56,"4":1,"5":55,"6":28,"7":17,"8":61,"9":35,"20":51,"21":21,"22":24,"23":37,"24":22,"25":1,"26":59,"27":33,"28":10,"29":10,"30":40,"31":53,"32":4,"33":29,"34":19,"35":34,"36":15,"37":32,"38":20,"39":18,"40":32,"41":5,"42":23,"43":60,"44":30,"45":32,"46":44,"47":57,"48":19,"49":50,"50":31,"51":12,"52":46,"53":36,"54":8,"55":26,"56":13,"57":28,"58":41,"59":3,"60":36,"61":14,"62":19,"63":25,"64":48,"65":25,"66":27,"67":23,"68":25,"69":52,"70":49,"71":27,"72":46,"73":50,"74":30,"75":30,"76":54,"77":6,"78":61,"79":48,"100":31,"80":11,"81":9,"82":38,"83":56,"84":40,"85":2,"86":2,"87":39}},{"STARTING PARTITION: ":{"88":21,"89":45,"90":9,"91":35,"92":14,"93":9,"94":36,"95":35,"96":23,"97":36,"10":1,"98":47,"11":49,"99":9,"12":40,"13":23,"14":34,"15":28,"16":14,"17":7,"18":38,"19":45,"1":47,"2":28,"3":10,"4":11,"5":9,"6":45,"7":22,"8":32,"9":44,"20":36,"21":15,"22":8,"23":10,"24":24,"25":39,"26":24,"27":42,"28":14,"29":7,"30":25,"31":7,"32":3,"33":41,"34":50,"35":7,"36":29,"37":27,"38":32,"39":27,"40":6,"41":5,"42":38,"43":2,"44":50,"45":25,"46":38,"47":15,"48":30,"49":41,"50":32,"51":10,"52":33,"53":38,"54":37,"55":46,"56":13,"57":4,"58":47,"59":19,"60":4,"61":15,"62":25,"63":3,"64":38,"65":9,"66":24,"67":10,"68":16,"69":48,"70":45,"71":34,"72":26,"73":50,"74":2,"75":26,"76":14,"77":2,"78":15,"79":44,"100":11,"80":43,"81":41,"82":3,"83":12,"84":37,"85":39,"86":48,"87":33},"Agents":[null,{"utility":99,"ID":1},{"utility":96,"ID":2},{"utility":98,"ID":3},{"utility":99,"ID":4},{"utility":0,"ID":5},{"utility":99,"ID":6},{"utility":99,"ID":7},{"utility":83,"ID":8},{"utility":96,"ID":9},{"utility":66,"ID":10},{"utility":0,"ID":11},{"utility":21,"ID":12},{"utility":84,"ID":13},{"utility":31,"ID":14},{"utility":0,"ID":15},{"utility":0,"ID":16},{"utility":53,"ID":17},{"utility":0,"ID":18},{"utility":53.5,"ID":19},{"utility":43.5,"ID":20},{"utility":0,"ID":21},{"utility":0,"ID":22},{"utility":72.5,"ID":23},{"utility":0,"ID":24},{"utility":3,"ID":25},{"utility":0,"ID":26},{"utility":0,"ID":27},{"utility":33,"ID":28},{"utility":44,"ID":29},{"utility":9,"ID":30},{"utility":37.666666666666664,"ID":31},{"utility":61,"ID":32},{"utility":43.5,"ID":33},{"utility":66,"ID":34},{"utility":35.666666666666664,"ID":35},{"utility":0,"ID":36},{"utility":98,"ID":37},{"utility":84,"ID":38},{"utility":93,"ID":39},{"utility":0,"ID":40},{"utility":0,"ID":41},{"utility":66.66666666666667,"ID":42},{"utility":33,"ID":43},{"utility":86,"ID":44},{"utility":49.5,"ID":45},{"utility":67.33333333333333,"ID":46},{"utility":1,"ID":47},{"utility":0,"ID":48},{"utility":60,"ID":49},{"utility":90,"ID":50},{"utility":78.5,"ID":51},{"utility":26,"ID":52},{"utility":46.333333333333336,"ID":53},{"utility":2,"ID":54},{"utility":86,"ID":55},{"utility":0,"ID":56},{"utility":72,"ID":57},{"utility":80,"ID":58},{"utility":0,"ID":59},{"utility":0,"ID":60},{"utility":96,"ID":61},{"utility":68.5,"ID":62},{"utility":46,"ID":63},{"utility":61,"ID":64},{"utility":66.66666666666667,"ID":65},{"utility":0,"ID":66},{"utility":31,"ID":67},{"utility":0,"ID":68},{"utility":4,"ID":69},{"utility":78.5,"ID":70},{"utility":28,"ID":71},{"utility":80,"ID":72},{"utility":57.5,"ID":73},{"utility":29.5,"ID":74},{"utility":49,"ID":75},{"utility":48,"ID":76},{"utility":0.5,"ID":77},{"utility":0,"ID":78},{"utility":64,"ID":79},{"utility":0,"ID":80},{"utility":39,"ID":81},{"utility":53.5,"ID":82},{"utility":7,"ID":83},{"utility":6,"ID":84},{"utility":9,"ID":85},{"utility":79,"ID":86},{"utility":75,"ID":87},{"utility":0,"ID":88},{"utility":40.5,"ID":89},{"utility":4.666666666666667,"ID":90},{"utility":63,"ID":91},{"utility":18.5,"ID":92},{"utility":61,"ID":93},{"utility":13,"ID":94},{"utility":61,"ID":95},{"utility":0,"ID":96},{"utility":23,"ID":97},{"utility":0,"ID":98},{"utility":50,"ID":99},{"utility":28,"ID":100}],"LAST COALITION":[[],[{"utility":0,"ID":16}],[{"utility":33,"ID":43},{"utility":29.5,"ID":74},{"utility":0.5,"ID":77}],[{"utility":61,"ID":32},{"utility":46,"ID":63},{"utility":53.5,"ID":82}],[{"utility":0,"ID":60}],[{"utility":0,"ID":41}],[{"utility":0,"ID":15}],[{"utility":53,"ID":17},{"utility":44,"ID":29},{"utility":37.666666666666664,"ID":31},{"utility":35.666666666666664,"ID":35}],[{"utility":0,"ID":22}],[{"utility":66.66666666666667,"ID":65},{"utility":4.666666666666667,"ID":90},{"utility":61,"ID":93},{"utility":50,"ID":99}],[{"utility":72.5,"ID":23},{"utility":78.5,"ID":51},{"utility":31,"ID":67}],[{"utility":99,"ID":4},{"utility":28,"ID":100}],[{"utility":0,"ID":18}],[{"utility":0,"ID":56}],[{"utility":33,"ID":28},{"utility":48,"ID":76},{"utility":18.5,"ID":92}],[{"utility":96,"ID":61},{"utility":0,"ID":78}],[{"utility":0,"ID":68}],[{"utility":0,"ID":11}],[{"utility":0,"ID":21}],[{"utility":0,"ID":59}],[{"utility":99,"ID":1},{"utility":86,"ID":55}],[{"utility":0,"ID":88}],[{"utility":0,"ID":26}],[{"utility":84,"ID":13},{"utility":0,"ID":96}],[{"utility":0,"ID":66}],[{"utility":9,"ID":30},{"utility":49.5,"ID":45},{"utility":68.5,"ID":62}],[{"utility":80,"ID":72},{"utility":49,"ID":75}],[{"utility":98,"ID":37},{"utility":93,"ID":39}],[{"utility":0,"ID":5}],[{"utility":0,"ID":36}],[{"utility":0,"ID":48}],[],[{"utility":84,"ID":38},{"utility":90,"ID":50}],[{"utility":26,"ID":52},{"utility":75,"ID":87}],[{"utility":31,"ID":14},{"utility":28,"ID":71}],[{"utility":63,"ID":91},{"utility":61,"ID":95}],[{"utility":43.5,"ID":20},{"utility":13,"ID":94},{"utility":23,"ID":97}],[{"utility":2,"ID":54},{"utility":6,"ID":84}],[{"utility":66.66666666666667,"ID":42},{"utility":67.33333333333333,"ID":46},{"utility":46.333333333333336,"ID":53},{"utility":61,"ID":64}],[{"utility":3,"ID":25},{"utility":9,"ID":85}],[{"utility":83,"ID":8},{"utility":66,"ID":10}],[{"utility":43.5,"ID":33},{"utility":60,"ID":49},{"utility":39,"ID":81}],[{"utility":0,"ID":27}],[{"utility":0,"ID":80}],[{"utility":96,"ID":9},{"utility":64,"ID":79}],[{"utility":53.5,"ID":19},{"utility":78.5,"ID":70},{"utility":40.5,"ID":89}],[{"utility":0,"ID":40}],[{"utility":80,"ID":58},{"utility":0,"ID":98}],[{"utility":4,"ID":69},{"utility":79,"ID":86}],[{"utility":99,"ID":7},{"utility":21,"ID":12}],[{"utility":66,"ID":34},{"utility":86,"ID":44},{"utility":57.5,"ID":73}],[{"utility":98,"ID":3},{"utility":7,"ID":83}],[{"utility":96,"ID":2},{"utility":1,"ID":47}],[{"utility":99,"ID":6},{"utility":72,"ID":57}],[{"utility":0,"ID":24}],[],[],[],[],[],[],[],[],[],[],[],[],[],[],[],[],[],[],[],[],[],[],[],[],[],[],[],[],[],[],[],[],[],[],[],[],[],[],[],[],[],[],[],[],[],[]],"STARTING COALITION: ":[[null],[{"utility":0,"ID":10}],[{"utility":33,"ID":43},{"utility":29.5,"ID":74},{"utility":0.5,"ID":77}],[{"utility":61,"ID":32},{"utility":46,"ID":63},{"utility":53.5,"ID":82}],[{"utility":19,"ID":57},{"utility":4,"ID":60}],[{"utility":0,"ID":41}],[{"utility":0,"ID":40}],[{"utility":53,"ID":17},{"utility":44,"ID":29},{"utility":37.666666666666664,"ID":31},{"utility":35.666666666666664,"ID":35}],[{"utility":0,"ID":22}],[{"utility":48,"ID":5},{"utility":53.5,"ID":65},{"utility":3.5,"ID":90},{"utility":66.75,"ID":93},{"utility":39,"ID":99}],[{"utility":28,"ID":3},{"utility":79.33333333333333,"ID":23},{"utility":65.33333333333333,"ID":51},{"utility":32,"ID":67}],[{"utility":99,"ID":4},{"utility":28,"ID":100}],[{"utility":0,"ID":83}],[{"utility":0,"ID":56}],[{"utility":45.666666666666664,"ID":16},{"utility":22,"ID":28},{"utility":42.333333333333336,"ID":76},{"utility":27.333333333333332,"ID":92}],[{"utility":15.333333333333334,"ID":21},{"utility":32.666666666666664,"ID":47},{"utility":63.333333333333336,"ID":61},{"utility":20,"ID":78}],[{"utility":0,"ID":68}],[],[],[{"utility":0,"ID":59}],[],[{"utility":0,"ID":88}],[{"utility":0,"ID":7}],[{"utility":84,"ID":13},{"utility":0,"ID":96}],[{"utility":7.5,"ID":24},{"utility":41.5,"ID":26},{"utility":39.5,"ID":66}],[{"utility":9,"ID":30},{"utility":49.5,"ID":45},{"utility":68.5,"ID":62}],[{"utility":80,"ID":72},{"utility":49,"ID":75}],[{"utility":98,"ID":37},{"utility":93,"ID":39}],[{"utility":57,"ID":2},{"utility":90,"ID":15}],[{"utility":0,"ID":36}],[{"utility":0,"ID":48}],[],[{"utility":30.5,"ID":8},{"utility":57,"ID":38},{"utility":51,"ID":50}],[{"utility":26,"ID":52},{"utility":75,"ID":87}],[{"utility":31,"ID":14},{"utility":28,"ID":71}],[{"utility":63,"ID":91},{"utility":61,"ID":95}],[{"utility":43.5,"ID":20},{"utility":13,"ID":94},{"utility":23,"ID":97}],[{"utility":2,"ID":54},{"utility":6,"ID":84}],[{"utility":48.25,"ID":18},{"utility":50,"ID":42},{"utility":71,"ID":46},{"utility":37.5,"ID":53},{"utility":62,"ID":64}],[{"utility":3,"ID":25},{"utility":9,"ID":85}],[{"utility":0,"ID":12}],[{"utility":43.5,"ID":33},{"utility":60,"ID":49},{"utility":39,"ID":81}],[{"utility":0,"ID":27}],[{"utility":0,"ID":80}],[{"utility":96,"ID":9},{"utility":64,"ID":79}],[{"utility":48.333333333333336,"ID":6},{"utility":65.66666666666667,"ID":19},{"utility":53.666666666666664,"ID":70},{"utility":27,"ID":89}],[{"utility":0,"ID":55}],[{"utility":22,"ID":1},{"utility":40,"ID":58},{"utility":26,"ID":98}],[{"utility":4,"ID":69},{"utility":79,"ID":86}],[{"utility":0,"ID":11}],[{"utility":66,"ID":34},{"utility":86,"ID":44},{"utility":57.5,"ID":73}],[],[],[],[],[],[],[],[],[],[],[],[],[],[],[],[],[],[],[],[],[],[],[],[],[],[],[],[],[],[],[],[],[],[],[],[],[],[],[],[],[],[],[],[],[],[],[],[],[],[]],"CORE :":false,"LAST PARTITION":{"88":21,"89":45,"90":9,"91":35,"92":14,"93":9,"94":36,"95":35,"96":23,"97":36,"10":40,"98":47,"11":17,"99":9,"12":49,"13":23,"14":34,"15":6,"16":1,"17":7,"18":12,"19":45,"1":20,"2":52,"3":51,"4":11,"5":28,"6":53,"7":49,"8":40,"9":44,"20":36,"21":18,"22":8,"23":10,"24":54,"25":39,"26":22,"27":42,"28":14,"29":7,"30":25,"31":7,"32":3,"33":41,"34":50,"35":7,"36":29,"37":27,"38":32,"39":27,"40":46,"41":5,"42":38,"43":2,"44":50,"45":25,"46":38,"47":52,"48":30,"49":41,"50":32,"51":10,"52":33,"53":38,"54":37,"55":20,"56":13,"57":53,"58":47,"59":19,"60":4,"61":15,"62":25,"63":3,"64":38,"65":9,"66":24,"67":10,"68":16,"69":48,"70":45,"71":34,"72":26,"73":50,"74":2,"75":26,"76":14,"77":2,"78":15,"79":44,"100":11,"80":43,"81":41,"82":3,"83":51,"84":37,"85":39,"86":48,"87":33}},{"STARTING PARTITION: ":{"88":8,"89":25,"90":47,"91":23,"92":27,"93":45,"94":18,"95":13,"96":24,"97":36,"10":40,"98":10,"11":36,"99":3,"12":38,"13":43,"14":29,"15":46,"16":31,"17":46,"18":12,"19":42,"1":21,"2":32,"3":19,"4":19,"5":5,"6":35,"7":9,"8":37,"9":35,"20":20,"21":34,"22":25,"23":13,"24":21,"25":19,"26":12,"27":19,"28":25,"29":49,"30":44,"31":50,"32":10,"33":19,"34":45,"35":16,"36":9,"37":1,"38":35,"39":23,"40":9,"41":35,"42":9,"43":19,"44":50,"45":31,"46":28,"47":7,"48":45,"49":7,"50":27,"51":17,"52":29,"53":30,"54":16,"55":40,"56":49,"57":3,"58":16,"59":18,"60":33,"61":26,"62":32,"63":50,"64":24,"65":27,"66":34,"67":15,"68":7,"69":29,"70":32,"71":44,"72":2,"73":15,"74":10,"75":17,"76":37,"77":34,"78":44,"79":14,"100":13,"80":34,"81":30,"82":50,"83":33,"84":13,"85":10,"86":41,"87":48},"Agents":[null,{"utility":99,"ID":1},{"utility":98,"ID":2},{"utility":97,"ID":3},{"utility":99,"ID":4},{"utility":99,"ID":5},{"utility":98,"ID":6},{"utility":0,"ID":7},{"utility":96,"ID":8},{"utility":98,"ID":9},{"utility":97,"ID":10},{"utility":90,"ID":11},{"utility":91,"ID":12},{"utility":37,"ID":13},{"utility":76.5,"ID":14},{"utility":0,"ID":15},{"utility":23,"ID":16},{"utility":0,"ID":17},{"utility":0,"ID":18},{"utility":0,"ID":19},{"utility":0,"ID":20},{"utility":62.666666666666664,"ID":21},{"utility":67,"ID":22},{"utility":83.33333333333333,"ID":23},{"utility":0,"ID":24},{"utility":99,"ID":25},{"utility":0,"ID":26},{"utility":0,"ID":27},{"utility":0,"ID":28},{"utility":84,"ID":29},{"utility":40,"ID":30},{"utility":17.666666666666668,"ID":31},{"utility":96,"ID":32},{"utility":3,"ID":33},{"utility":38.5,"ID":34},{"utility":0,"ID":35},{"utility":40,"ID":36},{"utility":0,"ID":37},{"utility":58,"ID":38},{"utility":0,"ID":39},{"utility":55,"ID":40},{"utility":0,"ID":41},{"utility":13,"ID":42},{"utility":81,"ID":43},{"utility":68.66666666666667,"ID":44},{"utility":70,"ID":45},{"utility":0,"ID":46},{"utility":74,"ID":47},{"utility":70,"ID":48},{"utility":78,"ID":49},{"utility":25,"ID":50},{"utility":0,"ID":51},{"utility":28.5,"ID":52},{"utility":0,"ID":53},{"utility":12,"ID":54},{"utility":86,"ID":55},{"utility":75,"ID":56},{"utility":85,"ID":57},{"utility":18,"ID":58},{"utility":0,"ID":59},{"utility":79,"ID":60},{"utility":0,"ID":61},{"utility":31,"ID":62},{"utility":38.666666666666664,"ID":63},{"utility":74,"ID":64},{"utility":41,"ID":65},{"utility":35.666666666666664,"ID":66},{"utility":52,"ID":67},{"utility":85,"ID":68},{"utility":63,"ID":69},{"utility":34,"ID":70},{"utility":77,"ID":71},{"utility":0,"ID":72},{"utility":0,"ID":73},{"utility":58.5,"ID":74},{"utility":14,"ID":75},{"utility":0,"ID":76},{"utility":27.666666666666668,"ID":77},{"utility":45.5,"ID":78},{"utility":0,"ID":79},{"utility":70,"ID":80},{"utility":0,"ID":81},{"utility":62,"ID":82},{"utility":54,"ID":83},{"utility":14.666666666666666,"ID":84},{"utility":51.5,"ID":85},{"utility":0,"ID":86},{"utility":0,"ID":87},{"utility":0,"ID":88},{"utility":26,"ID":89},{"utility":0,"ID":90},{"utility":34,"ID":91},{"utility":61.5,"ID":92},{"utility":37.5,"ID":93},{"utility":0,"ID":94},{"utility":49.666666666666664,"ID":95},{"utility":68,"ID":96},{"utility":0,"ID":97},{"utility":81,"ID":98},{"utility":52,"ID":99},{"utility":72,"ID":100}],"LAST COALITION":[[],[{"utility":0,"ID":37}],[{"utility":0,"ID":72}],[{"utility":85,"ID":57},{"utility":52,"ID":99}],[{"utility":40,"ID":36},{"utility":98,"ID":9}],[{"utility":98,"ID":6},{"utility":74,"ID":47}],[{"utility":0,"ID":35}],[{"utility":78,"ID":49},{"utility":85,"ID":68}],[{"utility":0,"ID":88}],[{"utility":55,"ID":40},{"utility":13,"ID":42}],[{"utility":58.5,"ID":74},{"utility":51.5,"ID":85},{"utility":81,"ID":98}],[{"utility":99,"ID":1},{"utility":86,"ID":55}],[{"utility":0,"ID":15}],[{"utility":83.33333333333333,"ID":23},{"utility":14.666666666666666,"ID":84},{"utility":49.666666666666664,"ID":95},{"utility":72,"ID":100}],[{"utility":0,"ID":79}],[{"utility":0,"ID":73}],[{"utility":12,"ID":54},{"utility":18,"ID":58}],[{"utility":0,"ID":59}],[{"utility":0,"ID":94}],[{"utility":3,"ID":33},{"utility":81,"ID":43}],[{"utility":0,"ID":51}],[{"utility":0,"ID":24}],[{"utility":98,"ID":2},{"utility":34,"ID":91}],[{"utility":0,"ID":39}],[{"utility":74,"ID":64},{"utility":68,"ID":96}],[{"utility":67,"ID":22},{"utility":26,"ID":89}],[{"utility":0,"ID":61}],[{"utility":25,"ID":50},{"utility":41,"ID":65},{"utility":61.5,"ID":92}],[{"utility":0,"ID":46}],[{"utility":76.5,"ID":14},{"utility":28.5,"ID":52},{"utility":63,"ID":69}],[{"utility":0,"ID":53}],[{"utility":23,"ID":16},{"utility":70,"ID":45}],[{"utility":31,"ID":62},{"utility":34,"ID":70}],[{"utility":79,"ID":60},{"utility":54,"ID":83}],[{"utility":62.666666666666664,"ID":21},{"utility":35.666666666666664,"ID":66},{"utility":27.666666666666668,"ID":77},{"utility":70,"ID":80}],[{"utility":58,"ID":38},{"utility":0,"ID":41}],[{"utility":0,"ID":97}],[{"utility":0,"ID":81}],[{"utility":0,"ID":17}],[{"utility":99,"ID":4},{"utility":99,"ID":25}],[{"utility":0,"ID":27}],[{"utility":0,"ID":86}],[{"utility":0,"ID":20}],[{"utility":0,"ID":19}],[{"utility":40,"ID":30},{"utility":77,"ID":71},{"utility":45.5,"ID":78}],[{"utility":38.5,"ID":34},{"utility":70,"ID":48},{"utility":37.5,"ID":93}],[{"utility":97,"ID":3},{"utility":14,"ID":75}],[{"utility":0,"ID":90}],[{"utility":0,"ID":87}],[{"utility":84,"ID":29},{"utility":75,"ID":56}],[{"utility":17.666666666666668,"ID":31},{"utility":68.66666666666667,"ID":44},{"utility":38.666666666666664,"ID":63},{"utility":62,"ID":82}],[{"utility":0,"ID":7}],[{"utility":90,"ID":11},{"utility":91,"ID":12}],[{"utility":99,"ID":5},{"utility":37,"ID":13}],[{"utility":0,"ID":18}],[{"utility":0,"ID":76}],[],[{"utility":52,"ID":67},{"utility":96,"ID":8}],[{"utility":0,"ID":26}],[{"utility":0,"ID":28}],[{"utility":96,"ID":32},{"utility":97,"ID":10}],[],[],[],[],[],[],[],[],[],[],[],[],[],[],[],[],[],[],[],[],[],[],[],[],[],[],[],[],[],[],[],[],[],[],[],[],[],[],[],[]],"STARTING COALITION: ":[[null],[{"utility":0,"ID":37}],[{"utility":0,"ID":72}],[{"utility":85,"ID":57},{"utility":52,"ID":99}],[],[{"utility":0,"ID":5}],[],[{"utility":72,"ID":47},{"utility":55,"ID":49},{"utility":84.5,"ID":68}],[{"utility":0,"ID":88}],[{"utility":58.333333333333336,"ID":7},{"utility":40,"ID":36},{"utility":21.333333333333332,"ID":40},{"utility":39.333333333333336,"ID":42}],[{"utility":53,"ID":32},{"utility":60,"ID":74},{"utility":46.333333333333336,"ID":85},{"utility":60.666666666666664,"ID":98}],[],[{"utility":0,"ID":18},{"utility":22,"ID":26}],[{"utility":83.33333333333333,"ID":23},{"utility":14.666666666666666,"ID":84},{"utility":49.666666666666664,"ID":95},{"utility":72,"ID":100}],[{"utility":0,"ID":79}],[{"utility":0,"ID":67},{"utility":57,"ID":73}],[{"utility":45,"ID":35},{"utility":31.5,"ID":54},{"utility":26.5,"ID":58}],[{"utility":0,"ID":51},{"utility":76,"ID":75}],[{"utility":77,"ID":59},{"utility":39,"ID":94}],[{"utility":62.2,"ID":3},{"utility":47,"ID":4},{"utility":55.2,"ID":25},{"utility":19.8,"ID":27},{"utility":33.8,"ID":33},{"utility":53,"ID":43}],[{"utility":0,"ID":20}],[{"utility":87,"ID":1},{"utility":89,"ID":24}],[],[{"utility":41,"ID":39},{"utility":15,"ID":91}],[{"utility":74,"ID":64},{"utility":68,"ID":96}],[{"utility":70.5,"ID":22},{"utility":26.5,"ID":28},{"utility":13,"ID":89}],[{"utility":0,"ID":61}],[{"utility":25,"ID":50},{"utility":41,"ID":65},{"utility":61.5,"ID":92}],[{"utility":0,"ID":46}],[{"utility":76.5,"ID":14},{"utility":28.5,"ID":52},{"utility":63,"ID":69}],[{"utility":46,"ID":53},{"utility":80,"ID":81}],[{"utility":23,"ID":16},{"utility":70,"ID":45}],[{"utility":32.5,"ID":2},{"utility":21.5,"ID":62},{"utility":61,"ID":70}],[{"utility":79,"ID":60},{"utility":54,"ID":83}],[{"utility":62.666666666666664,"ID":21},{"utility":35.666666666666664,"ID":66},{"utility":27.666666666666668,"ID":77},{"utility":70,"ID":80}],[{"utility":21,"ID":6},{"utility":57.666666666666664,"ID":9},{"utility":61.666666666666664,"ID":38},{"utility":50.333333333333336,"ID":41}],[{"utility":54,"ID":11},{"utility":19,"ID":97}],[{"utility":12,"ID":8},{"utility":57,"ID":76}],[{"utility":0,"ID":12}],[],[{"utility":11,"ID":10},{"utility":11,"ID":55}],[{"utility":0,"ID":86}],[{"utility":0,"ID":19}],[{"utility":0,"ID":13}],[{"utility":40,"ID":30},{"utility":77,"ID":71},{"utility":45.5,"ID":78}],[{"utility":38.5,"ID":34},{"utility":70,"ID":48},{"utility":37.5,"ID":93}],[{"utility":10,"ID":15},{"utility":76,"ID":17}],[{"utility":0,"ID":90}],[{"utility":0,"ID":87}],[{"utility":84,"ID":29},{"utility":75,"ID":56}],[{"utility":17.666666666666668,"ID":31},{"utility":68.66666666666667,"ID":44},{"utility":38.666666666666664,"ID":63},{"utility":62,"ID":82}],[],[],[],[],[],[],[],[],[],[],[],[],[],[],[],[],[],[],[],[],[],[],[],[],[],[],[],[],[],[],[],[],[],[],[],[],[],[],[],[],[],[],[],[],[],[],[],[],[],[]],"CORE :":false,"LAST PARTITION":{"88":8,"89":25,"90":47,"91":22,"92":27,"93":45,"94":18,"95":13,"96":24,"97":36,"10":60,"98":10,"11":52,"99":3,"12":52,"13":53,"14":29,"15":12,"16":31,"17":38,"18":54,"19":43,"1":11,"2":22,"3":46,"4":39,"5":53,"6":5,"7":51,"8":57,"9":4,"20":42,"21":34,"22":25,"23":13,"24":21,"25":39,"26":58,"27":40,"28":59,"29":49,"30":44,"31":50,"32":60,"33":19,"34":45,"35":6,"36":4,"37":1,"38":35,"39":23,"40":9,"41":35,"42":9,"43":19,"44":50,"45":31,"46":28,"47":5,"48":45,"49":7,"50":27,"51":20,"52":29,"53":30,"54":16,"55":11,"56":49,"57":3,"58":16,"59":17,"60":33,"61":26,"62":32,"63":50,"64":24,"65":27,"66":34,"67":57,"68":7,"69":29,"70":32,"71":44,"72":2,"73":15,"74":10,"75":46,"76":55,"77":34,"78":44,"79":14,"100":13,"80":34,"81":37,"82":50,"83":33,"84":13,"85":10,"86":41,"87":48}},{"STARTING PARTITION: ":{"88":39,"89":42,"90":28,"91":13,"92":42,"93":49,"94":14,"95":10,"96":31,"97":31,"10":3,"98":11,"11":41,"99":47,"12":3,"13":29,"14":46,"15":49,"16":29,"17":39,"18":33,"19":24,"1":6,"2":4,"3":44,"4":7,"5":40,"6":14,"7":3,"8":23,"9":44,"20":31,"21":32,"22":48,"23":21,"24":20,"25":2,"26":16,"27":48,"28":3,"29":39,"30":35,"31":1,"32":6,"33":8,"34":42,"35":36,"36":15,"37":4,"38":18,"39":40,"40":32,"41":6,"42":44,"43":21,"44":6,"45":40,"46":27,"47":43,"48":39,"49":1,"50":7,"51":10,"52":27,"53":49,"54":37,"55":34,"56":50,"57":3,"58":10,"59":41,"60":31,"61":10,"62":34,"63":41,"64":6,"65":47,"66":11,"67":20,"68":23,"69":47,"70":46,"71":2,"72":49,"73":28,"74":47,"75":5,"76":4,"77":44,"78":8,"79":21,"100":11,"80":18,"81":19,"82":34,"83":6,"84":5,"85":48,"86":42,"87":40},"Agents":[null,{"utility":99,"ID":1},{"utility":98,"ID":2},{"utility":97,"ID":3},{"utility":99,"ID":4},{"utility":99,"ID":5},{"utility":99,"ID":6},{"utility":98,"ID":7},{"utility":99,"ID":8},{"utility":98,"ID":9},{"utility":99,"ID":10},{"utility":98,"ID":11},{"utility":99,"ID":12},{"utility":98,"ID":13},{"utility":99,"ID":14},{"utility":93,"ID":15},{"utility":98,"ID":16},{"utility":96,"ID":17},{"utility":92,"ID":18},{"utility":0,"ID":19},{"utility":0,"ID":20},{"utility":0,"ID":21},{"utility":0,"ID":22},{"utility":0,"ID":23},{"utility":20,"ID":24},{"utility":99,"ID":25},{"utility":0,"ID":26},{"utility":0,"ID":27},{"utility":0,"ID":28},{"utility":80.5,"ID":29},{"utility":0,"ID":30},{"utility":70,"ID":31},{"utility":0,"ID":32},{"utility":1,"ID":33},{"utility":82.66666666666667,"ID":34},{"utility":0,"ID":35},{"utility":40,"ID":36},{"utility":85,"ID":37},{"utility":0,"ID":38},{"utility":59,"ID":39},{"utility":0,"ID":40},{"utility":0,"ID":41},{"utility":80,"ID":42},{"utility":0,"ID":43},{"utility":61,"ID":44},{"utility":30,"ID":45},{"utility":14,"ID":46},{"utility":0,"ID":47},{"utility":43,"ID":48},{"utility":41,"ID":49},{"utility":67,"ID":50},{"utility":71.5,"ID":51},{"utility":0,"ID":52},{"utility":21,"ID":53},{"utility":0,"ID":54},{"utility":86,"ID":55},{"utility":0,"ID":56},{"utility":72,"ID":57},{"utility":93,"ID":58},{"utility":50,"ID":59},{"utility":54,"ID":60},{"utility":22.5,"ID":61},{"utility":54,"ID":62},{"utility":34,"ID":63},{"utility":61,"ID":64},{"utility":57.666666666666664,"ID":65},{"utility":23,"ID":66},{"utility":88,"ID":67},{"utility":0,"ID":68},{"utility":82,"ID":69},{"utility":0,"ID":70},{"utility":0,"ID":71},{"utility":73,"ID":72},{"utility":56,"ID":73},{"utility":22.333333333333332,"ID":74},{"utility":14,"ID":75},{"utility":62,"ID":76},{"utility":25,"ID":77},{"utility":36,"ID":78},{"utility":30,"ID":79},{"utility":48,"ID":80},{"utility":0,"ID":81},{"utility":9,"ID":82},{"utility":54,"ID":83},{"utility":0,"ID":84},{"utility":83,"ID":85},{"utility":41.666666666666664,"ID":86},{"utility":59.5,"ID":87},{"utility":45.5,"ID":88},{"utility":27.333333333333332,"ID":89},{"utility":6,"ID":90},{"utility":34,"ID":91},{"utility":38.666666666666664,"ID":92},{"utility":67,"ID":93},{"utility":0,"ID":94},{"utility":9.5,"ID":95},{"utility":73,"ID":96},{"utility":0,"ID":97},{"utility":4,"ID":98},{"utility":32.666666666666664,"ID":99},{"utility":70,"ID":100}],"LAST COALITION":[[],[{"utility":70,"ID":31},{"utility":41,"ID":49}],[{"utility":0,"ID":71}],[{"utility":0,"ID":32}],[{"utility":85,"ID":37},{"utility":62,"ID":76}],[{"utility":0,"ID":84}],[{"utility":61,"ID":64},{"utility":54,"ID":83}],[{"utility":0,"ID":20}],[{"utility":1,"ID":33},{"utility":92,"ID":18}],[{"utility":99,"ID":4},{"utility":99,"ID":25}],[{"utility":71.5,"ID":51},{"utility":22.5,"ID":61},{"utility":9.5,"ID":95}],[{"utility":23,"ID":66},{"utility":4,"ID":98}],[],[{"utility":0,"ID":26}],[{"utility":0,"ID":94}],[{"utility":0,"ID":19}],[{"utility":0,"ID":40}],[{"utility":99,"ID":1},{"utility":86,"ID":55}],[{"utility":0,"ID":47}],[{"utility":0,"ID":43}],[{"utility":20,"ID":24},{"utility":88,"ID":67}],[{"utility":0,"ID":41}],[{"utility":99,"ID":6},{"utility":72,"ID":57}],[{"utility":73,"ID":72},{"utility":99,"ID":12}],[{"utility":99,"ID":14},{"utility":14,"ID":46}],[{"utility":0,"ID":23}],[{"utility":0,"ID":27}],[{"utility":0,"ID":52}],[{"utility":56,"ID":73},{"utility":6,"ID":90}],[{"utility":67,"ID":50},{"utility":93,"ID":15}],[{"utility":93,"ID":58},{"utility":98,"ID":11}],[{"utility":73,"ID":96},{"utility":0,"ID":97}],[{"utility":0,"ID":22}],[{"utility":0,"ID":28}],[{"utility":54,"ID":62},{"utility":9,"ID":82}],[{"utility":0,"ID":30}],[{"utility":0,"ID":35}],[{"utility":0,"ID":54}],[{"utility":0,"ID":21}],[{"utility":80.5,"ID":29},{"utility":43,"ID":48},{"utility":45.5,"ID":88}],[{"utility":59,"ID":39},{"utility":30,"ID":45},{"utility":59.5,"ID":87}],[{"utility":50,"ID":59},{"utility":34,"ID":63}],[{"utility":82.66666666666667,"ID":34},{"utility":41.666666666666664,"ID":86},{"utility":27.333333333333332,"ID":89},{"utility":38.666666666666664,"ID":92}],[{"utility":98,"ID":2},{"utility":34,"ID":91}],[{"utility":80,"ID":42},{"utility":25,"ID":77}],[{"utility":48,"ID":80},{"utility":99,"ID":10}],[{"utility":0,"ID":70}],[{"utility":57.666666666666664,"ID":65},{"utility":82,"ID":69},{"utility":22.333333333333332,"ID":74},{"utility":32.666666666666664,"ID":99}],[{"utility":98,"ID":16},{"utility":61,"ID":44}],[{"utility":21,"ID":53},{"utility":67,"ID":93}],[{"utility":0,"ID":56}],[{"utility":0,"ID":81}],[{"utility":99,"ID":5},{"utility":30,"ID":79}],[{"utility":40,"ID":36},{"utility":98,"ID":9}],[{"utility":0,"ID":38}],[{"utility":99,"ID":8},{"utility":36,"ID":78}],[{"utility":0,"ID":68}],[{"utility":70,"ID":100},{"utility":98,"ID":13}],[{"utility":83,"ID":85},{"utility":98,"ID":7}],[{"utility":96,"ID":17},{"utility":54,"ID":60}],[],[{"utility":97,"ID":3},{"utility":14,"ID":75}],[],[],[],[],[],[],[],[],[],[],[],[],[],[],[],[],[],[],[],[],[],[],[],[],[],[],[],[],[],[],[],[],[],[],[],[],[],[],[]],"STARTING COALITION: ":[[null],[{"utility":70,"ID":31},{"utility":41,"ID":49}],[{"utility":38,"ID":25},{"utility":33,"ID":71}],[{"utility":52.75,"ID":7},{"utility":56.25,"ID":10},{"utility":27.5,"ID":12},{"utility":43.5,"ID":28},{"utility":30.25,"ID":57}],[{"utility":54.5,"ID":2},{"utility":42.5,"ID":37},{"utility":31,"ID":76}],[{"utility":55,"ID":75},{"utility":22,"ID":84}],[{"utility":41.6,"ID":1},{"utility":34.8,"ID":32},{"utility":26.4,"ID":41},{"utility":42.6,"ID":44},{"utility":41,"ID":64},{"utility":21.6,"ID":83}],[{"utility":31,"ID":4},{"utility":47,"ID":50}],[{"utility":23,"ID":33},{"utility":31,"ID":78}],[],[{"utility":65,"ID":51},{"utility":61,"ID":58},{"utility":47.666666666666664,"ID":61},{"utility":7.666666666666667,"ID":95}],[{"utility":11.5,"ID":66},{"utility":32,"ID":98},{"utility":66,"ID":100}],[],[{"utility":0,"ID":91}],[{"utility":58,"ID":6},{"utility":0,"ID":94}],[{"utility":0,"ID":36}],[{"utility":0,"ID":26}],[],[{"utility":0,"ID":38},{"utility":38,"ID":80}],[{"utility":0,"ID":81}],[{"utility":20,"ID":24},{"utility":88,"ID":67}],[{"utility":77.5,"ID":23},{"utility":11.5,"ID":43},{"utility":42.5,"ID":79}],[],[{"utility":42,"ID":8},{"utility":78,"ID":68}],[{"utility":0,"ID":19}],[],[],[{"utility":55,"ID":46},{"utility":57,"ID":52}],[{"utility":56,"ID":73},{"utility":6,"ID":90}],[{"utility":60,"ID":13},{"utility":89,"ID":16}],[],[{"utility":52.333333333333336,"ID":20},{"utility":59,"ID":60},{"utility":72.66666666666667,"ID":96},{"utility":15.333333333333334,"ID":97}],[{"utility":18,"ID":21},{"utility":0,"ID":40}],[{"utility":0,"ID":18}],[{"utility":76.5,"ID":55},{"utility":29.5,"ID":62},{"utility":22.5,"ID":82}],[{"utility":0,"ID":30}],[{"utility":0,"ID":35}],[{"utility":0,"ID":54}],[],[{"utility":29.666666666666668,"ID":17},{"utility":68,"ID":29},{"utility":29.666666666666668,"ID":48},{"utility":43.333333333333336,"ID":88}],[{"utility":59.333333333333336,"ID":5},{"utility":39.333333333333336,"ID":39},{"utility":27,"ID":45},{"utility":59,"ID":87}],[{"utility":8,"ID":11},{"utility":27,"ID":59},{"utility":44.5,"ID":63}],[{"utility":82.66666666666667,"ID":34},{"utility":41.666666666666664,"ID":86},{"utility":27.333333333333332,"ID":89},{"utility":38.666666666666664,"ID":92}],[{"utility":0,"ID":47}],[{"utility":32.666666666666664,"ID":3},{"utility":25,"ID":9},{"utility":51.333333333333336,"ID":42},{"utility":34,"ID":77}],[],[{"utility":10,"ID":14},{"utility":64,"ID":70}],[{"utility":57.666666666666664,"ID":65},{"utility":82,"ID":69},{"utility":22.333333333333332,"ID":74},{"utility":32.666666666666664,"ID":99}],[{"utility":55.5,"ID":22},{"utility":49,"ID":27},{"utility":34,"ID":85}],[{"utility":80.66666666666667,"ID":15},{"utility":37.666666666666664,"ID":53},{"utility":38.333333333333336,"ID":72},{"utility":27,"ID":93}],[{"utility":0,"ID":56}],[],[],[],[],[],[],[],[],[],[],[],[],[],[],[],[],[],[],[],[],[],[],[],[],[],[],[],[],[],[],[],[],[],[],[],[],[],[],[],[],[],[],[],[],[],[],[],[],[],[]],"CORE :":false,"LAST PARTITION":{"88":39,"89":42,"90":28,"91":43,"92":42,"93":49,"94":14,"95":10,"96":31,"97":31,"10":45,"98":11,"11":30,"99":47,"12":23,"13":57,"14":24,"15":29,"16":48,"17":59,"18":8,"19":15,"1":17,"2":43,"3":61,"4":9,"5":52,"6":22,"7":58,"8":55,"9":53,"20":7,"21":38,"22":32,"23":25,"24":20,"25":9,"26":13,"27":26,"28":33,"29":39,"30":35,"31":1,"32":3,"33":8,"34":42,"35":36,"36":53,"37":4,"38":54,"39":40,"40":16,"41":21,"42":44,"43":19,"44":48,"45":40,"46":24,"47":18,"48":39,"49":1,"50":29,"51":10,"52":27,"53":49,"54":37,"55":17,"56":50,"57":22,"58":30,"59":41,"60":59,"61":10,"62":34,"63":41,"64":6,"65":47,"66":11,"67":20,"68":56,"69":47,"70":46,"71":2,"72":23,"73":28,"74":47,"75":61,"76":4,"77":44,"78":55,"79":52,"100":57,"80":45,"81":51,"82":34,"83":6,"84":5,"85":58,"86":42,"87":40}},{"STARTING PARTITION: ":{"88":46,"89":32,"90":38,"91":28,"92":14,"93":21,"94":7,"95":48,"96":15,"97":49,"10":50,"98":42,"11":24,"99":48,"12":1,"13":42,"14":49,"15":13,"16":31,"17":28,"18":25,"19":16,"1":29,"2":35,"3":42,"4":32,"5":15,"6":36,"7":5,"8":47,"9":38,"20":18,"21":29,"22":40,"23":7,"24":9,"25":5,"26":25,"27":31,"28":15,"29":49,"30":26,"31":22,"32":43,"33":2,"34":39,"35":18,"36":17,"37":16,"38":33,"39":42,"40":4,"41":39,"42":12,"43":37,"44":17,"45":1,"46":28,"47":37,"48":33,"49":4,"50":26,"51":33,"52":48,"53":14,"54":33,"55":29,"56":49,"57":17,"58":12,"59":39,"60":25,"61":35,"62":50,"63":16,"64":39,"65":10,"66":13,"67":35,"68":16,"69":46,"70":6,"71":32,"72":6,"73":15,"74":49,"75":6,"76":34,"77":49,"78":2,"79":33,"100":16,"80":4,"81":11,"82":35,"83":38,"84":22,"85":1,"86":28,"87":35},"Agents":[null,{"utility":99,"ID":1},{"utility":29,"ID":2},{"utility":94,"ID":3},{"utility":99,"ID":4},{"utility":96,"ID":5},{"utility":99,"ID":6},{"utility":98,"ID":7},{"utility":0,"ID":8},{"utility":54,"ID":9},{"utility":83,"ID":10},{"utility":0,"ID":11},{"utility":95,"ID":12},{"utility":80,"ID":13},{"utility":71,"ID":14},{"utility":0,"ID":15},{"utility":0,"ID":16},{"utility":55.333333333333336,"ID":17},{"utility":83,"ID":18},{"utility":0,"ID":19},{"utility":9,"ID":20},{"utility":0,"ID":21},{"utility":0,"ID":22},{"utility":29,"ID":23},{"utility":0,"ID":24},{"utility":99,"ID":25},{"utility":0,"ID":26},{"utility":66,"ID":27},{"utility":12,"ID":28},{"utility":58,"ID":29},{"utility":9,"ID":30},{"utility":0,"ID":31},{"utility":0,"ID":32},{"utility":23,"ID":33},{"utility":23,"ID":34},{"utility":1,"ID":35},{"utility":85,"ID":36},{"utility":24.333333333333332,"ID":37},{"utility":30.5,"ID":38},{"utility":80.5,"ID":39},{"utility":24,"ID":40},{"utility":8.333333333333334,"ID":41},{"utility":68,"ID":42},{"utility":0,"ID":43},{"utility":12,"ID":44},{"utility":9,"ID":45},{"utility":70.66666666666667,"ID":46},{"utility":0,"ID":47},{"utility":67.25,"ID":48},{"utility":36.5,"ID":49},{"utility":50,"ID":50},{"utility":50,"ID":51},{"utility":48,"ID":52},{"utility":20,"ID":53},{"utility":33.75,"ID":54},{"utility":86,"ID":55},{"utility":40.8,"ID":56},{"utility":72,"ID":57},{"utility":56,"ID":58},{"utility":58,"ID":59},{"utility":0,"ID":60},{"utility":4.666666666666667,"ID":61},{"utility":0,"ID":62},{"utility":43.333333333333336,"ID":63},{"utility":84.33333333333333,"ID":64},{"utility":0,"ID":65},{"utility":0,"ID":66},{"utility":36,"ID":67},{"utility":21.333333333333332,"ID":68},{"utility":13,"ID":69},{"utility":33.5,"ID":70},{"utility":65,"ID":71},{"utility":44,"ID":72},{"utility":49,"ID":73},{"utility":19.4,"ID":74},{"utility":58,"ID":75},{"utility":0,"ID":76},{"utility":44.2,"ID":77},{"utility":31,"ID":78},{"utility":67.5,"ID":79},{"utility":11,"ID":80},{"utility":91,"ID":81},{"utility":37,"ID":82},{"utility":33.5,"ID":83},{"utility":0,"ID":84},{"utility":83,"ID":85},{"utility":7,"ID":86},{"utility":23.333333333333332,"ID":87},{"utility":65,"ID":88},{"utility":42,"ID":89},{"utility":58,"ID":90},{"utility":46,"ID":91},{"utility":35,"ID":92},{"utility":0,"ID":93},{"utility":47,"ID":94},{"utility":64,"ID":95},{"utility":21.5,"ID":96},{"utility":49.2,"ID":97},{"utility":38,"ID":98},{"utility":83,"ID":99},{"utility":22.333333333333332,"ID":100}],"LAST COALITION":[[],[{"utility":95,"ID":12},{"utility":9,"ID":45}],[{"utility":23,"ID":33},{"utility":31,"ID":78}],[{"utility":99,"ID":1},{"utility":86,"ID":55}],[{"utility":24,"ID":40},{"utility":36.5,"ID":49},{"utility":11,"ID":80}],[{"utility":0,"ID":15}],[{"utility":33.5,"ID":70},{"utility":44,"ID":72},{"utility":58,"ID":75}],[{"utility":29,"ID":23},{"utility":47,"ID":94}],[{"utility":0,"ID":19}],[{"utility":0,"ID":47}],[{"utility":0,"ID":65}],[],[{"utility":68,"ID":42},{"utility":56,"ID":58}],[{"utility":0,"ID":66}],[{"utility":20,"ID":53},{"utility":35,"ID":92}],[{"utility":12,"ID":28},{"utility":49,"ID":73},{"utility":21.5,"ID":96}],[{"utility":24.333333333333332,"ID":37},{"utility":43.333333333333336,"ID":63},{"utility":21.333333333333332,"ID":68},{"utility":22.333333333333332,"ID":100}],[{"utility":85,"ID":36},{"utility":12,"ID":44}],[{"utility":9,"ID":20},{"utility":1,"ID":35}],[{"utility":0,"ID":11}],[{"utility":99,"ID":4},{"utility":99,"ID":25}],[{"utility":0,"ID":93}],[{"utility":0,"ID":84}],[{"utility":0,"ID":31}],[{"utility":83,"ID":85},{"utility":98,"ID":7}],[{"utility":0,"ID":60}],[{"utility":9,"ID":30},{"utility":50,"ID":50}],[{"utility":83,"ID":18},{"utility":96,"ID":5}],[{"utility":55.333333333333336,"ID":17},{"utility":70.66666666666667,"ID":46},{"utility":7,"ID":86},{"utility":46,"ID":91}],[{"utility":0,"ID":21}],[{"utility":99,"ID":6},{"utility":72,"ID":57}],[{"utility":0,"ID":16},{"utility":66,"ID":27}],[{"utility":65,"ID":71},{"utility":42,"ID":89}],[{"utility":30.5,"ID":38},{"utility":67.25,"ID":48},{"utility":50,"ID":51},{"utility":33.75,"ID":54},{"utility":67.5,"ID":79}],[{"utility":91,"ID":81},{"utility":94,"ID":3}],[{"utility":4.666666666666667,"ID":61},{"utility":36,"ID":67},{"utility":37,"ID":82},{"utility":23.333333333333332,"ID":87}],[{"utility":0,"ID":32}],[{"utility":0,"ID":43}],[{"utility":54,"ID":9},{"utility":33.5,"ID":83},{"utility":58,"ID":90}],[{"utility":23,"ID":34},{"utility":8.333333333333334,"ID":41},{"utility":58,"ID":59},{"utility":84.33333333333333,"ID":64}],[{"utility":0,"ID":22}],[{"utility":0,"ID":76}],[{"utility":80,"ID":13},{"utility":80.5,"ID":39},{"utility":38,"ID":98}],[{"utility":29,"ID":2},{"utility":83,"ID":10}],[{"utility":0,"ID":26}],[{"utility":0,"ID":24}],[{"utility":13,"ID":69},{"utility":65,"ID":88}],[{"utility":0,"ID":8}],[{"utility":48,"ID":52},{"utility":64,"ID":95},{"utility":83,"ID":99}],[{"utility":71,"ID":14},{"utility":58,"ID":29},{"utility":40.8,"ID":56},{"utility":19.4,"ID":74},{"utility":44.2,"ID":77},{"utility":49.2,"ID":97}],[{"utility":0,"ID":62}],[],[],[],[],[],[],[],[],[],[],[],[],[],[],[],[],[],[],[],[],[],[],[],[],[],[],[],[],[],[],[],[],[],[],[],[],[],[],[],[],[],[],[],[],[],[],[],[],[],[]],"STARTING COALITION: ":[[null],[{"utility":61,"ID":12},{"utility":8,"ID":45},{"utility":80.5,"ID":85}],[{"utility":23,"ID":33},{"utility":31,"ID":78}],[],[{"utility":24,"ID":40},{"utility":36.5,"ID":49},{"utility":11,"ID":80}],[{"utility":5,"ID":7},{"utility":42,"ID":25}],[{"utility":33.5,"ID":70},{"utility":44,"ID":72},{"utility":58,"ID":75}],[{"utility":29,"ID":23},{"utility":47,"ID":94}],[],[{"utility":0,"ID":24}],[{"utility":0,"ID":65}],[{"utility":0,"ID":81}],[{"utility":68,"ID":42},{"utility":56,"ID":58}],[{"utility":9,"ID":15},{"utility":87,"ID":66}],[{"utility":20,"ID":53},{"utility":35,"ID":92}],[{"utility":27.666666666666668,"ID":5},{"utility":14,"ID":28},{"utility":32.666666666666664,"ID":73},{"utility":43,"ID":96}],[{"utility":32.25,"ID":19},{"utility":37,"ID":37},{"utility":32.5,"ID":63},{"utility":27.75,"ID":68},{"utility":31.25,"ID":100}],[{"utility":89,"ID":36},{"utility":6,"ID":44},{"utility":55,"ID":57}],[{"utility":9,"ID":20},{"utility":1,"ID":35}],[],[],[{"utility":0,"ID":93}],[{"utility":18,"ID":31},{"utility":59,"ID":84}],[],[{"utility":0,"ID":11}],[{"utility":37,"ID":18},{"utility":11.5,"ID":26},{"utility":42,"ID":60}],[{"utility":9,"ID":30},{"utility":50,"ID":50}],[],[{"utility":55.333333333333336,"ID":17},{"utility":70.66666666666667,"ID":46},{"utility":7,"ID":86},{"utility":46,"ID":91}],[{"utility":98.5,"ID":1},{"utility":63,"ID":21},{"utility":49.5,"ID":55}],[],[{"utility":0,"ID":16},{"utility":66,"ID":27}],[{"utility":45.5,"ID":4},{"utility":73.5,"ID":71},{"utility":51.5,"ID":89}],[{"utility":30.5,"ID":38},{"utility":67.25,"ID":48},{"utility":50,"ID":51},{"utility":33.75,"ID":54},{"utility":67.5,"ID":79}],[{"utility":0,"ID":76}],[{"utility":28,"ID":2},{"utility":15.25,"ID":61},{"utility":30.25,"ID":67},{"utility":41.75,"ID":82},{"utility":21,"ID":87}],[{"utility":0,"ID":6}],[{"utility":79,"ID":43},{"utility":56,"ID":47}],[{"utility":54,"ID":9},{"utility":33.5,"ID":83},{"utility":58,"ID":90}],[{"utility":23,"ID":34},{"utility":8.333333333333334,"ID":41},{"utility":58,"ID":59},{"utility":84.33333333333333,"ID":64}],[{"utility":0,"ID":22}],[],[{"utility":26,"ID":3},{"utility":80.33333333333333,"ID":13},{"utility":61,"ID":39},{"utility":38.333333333333336,"ID":98}],[{"utility":0,"ID":32}],[],[],[{"utility":13,"ID":69},{"utility":65,"ID":88}],[{"utility":0,"ID":8}],[{"utility":48,"ID":52},{"utility":64,"ID":95},{"utility":83,"ID":99}],[{"utility":71,"ID":14},{"utility":58,"ID":29},{"utility":40.8,"ID":56},{"utility":19.4,"ID":74},{"utility":44.2,"ID":77},{"utility":49.2,"ID":97}],[{"utility":52,"ID":10},{"utility":6,"ID":62}],[],[],[],[],[],[],[],[],[],[],[],[],[],[],[],[],[],[],[],[],[],[],[],[],[],[],[],[],[],[],[],[],[],[],[],[],[],[],[],[],[],[],[],[],[],[],[],[],[],[]],"CORE :":false,"LAST PARTITION":{"88":46,"89":32,"90":38,"91":28,"92":14,"93":21,"94":7,"95":48,"96":15,"97":49,"10":43,"98":42,"11":19,"99":48,"12":1,"13":42,"14":49,"15":5,"16":31,"17":28,"18":27,"19":8,"1":3,"2":43,"3":34,"4":20,"5":27,"6":30,"7":24,"8":47,"9":38,"20":18,"21":29,"22":40,"23":7,"24":45,"25":20,"26":44,"27":31,"28":15,"29":49,"30":26,"31":23,"32":36,"33":2,"34":39,"35":18,"36":17,"37":16,"38":33,"39":42,"40":4,"41":39,"42":12,"43":37,"44":17,"45":1,"46":28,"47":9,"48":33,"49":4,"50":26,"51":33,"52":48,"53":14,"54":33,"55":3,"56":49,"57":30,"58":12,"59":39,"60":25,"61":35,"62":50,"63":16,"64":39,"65":10,"66":13,"67":35,"68":16,"69":46,"70":6,"71":32,"72":6,"73":15,"74":49,"75":6,"76":41,"77":49,"78":2,"79":33,"100":16,"80":4,"81":34,"82":35,"83":38,"84":22,"85":24,"86":28,"87":35}},{"STARTING PARTITION: ":{"88":28,"89":24,"90":37,"91":21,"92":49,"93":9,"94":40,"95":41,"96":30,"97":19,"10":32,"98":13,"11":29,"99":25,"12":7,"13":15,"14":33,"15":5,"16":12,"17":1,"18":43,"19":1,"1":46,"2":24,"3":45,"4":43,"5":14,"6":23,"7":10,"8":1,"9":27,"20":11,"21":42,"22":39,"23":14,"24":23,"25":32,"26":29,"27":21,"28":5,"29":44,"30":48,"31":15,"32":7,"33":17,"34":22,"35":43,"36":5,"37":12,"38":1,"39":29,"40":17,"41":5,"42":49,"43":9,"44":43,"45":3,"46":17,"47":30,"48":38,"49":8,"50":34,"51":9,"52":35,"53":19,"54":6,"55":12,"56":8,"57":37,"58":3,"59":21,"60":36,"61":22,"62":29,"63":22,"64":12,"65":5,"66":39,"67":40,"68":43,"69":38,"70":8,"71":26,"72":8,"73":22,"74":19,"75":48,"76":40,"77":16,"78":12,"79":2,"100":23,"80":17,"81":37,"82":9,"83":50,"84":1,"85":20,"86":12,"87":29},"Agents":[null,{"utility":99,"ID":1},{"utility":98,"ID":2},{"utility":98,"ID":3},{"utility":99,"ID":4},{"utility":99,"ID":5},{"utility":98,"ID":6},{"utility":99,"ID":7},{"utility":98,"ID":8},{"utility":71,"ID":9},{"utility":97,"ID":10},{"utility":93,"ID":11},{"utility":21,"ID":12},{"utility":91,"ID":13},{"utility":0,"ID":14},{"utility":0,"ID":15},{"utility":0,"ID":16},{"utility":22,"ID":17},{"utility":0,"ID":18},{"utility":97,"ID":19},{"utility":0,"ID":20},{"utility":0,"ID":21},{"utility":0,"ID":22},{"utility":0,"ID":23},{"utility":86,"ID":24},{"utility":99,"ID":25},{"utility":0,"ID":26},{"utility":66,"ID":27},{"utility":47.5,"ID":28},{"utility":0,"ID":29},{"utility":0,"ID":30},{"utility":80,"ID":31},{"utility":96,"ID":32},{"utility":72,"ID":33},{"utility":82.66666666666667,"ID":34},{"utility":35.5,"ID":35},{"utility":0,"ID":36},{"utility":47.666666666666664,"ID":37},{"utility":19,"ID":38},{"utility":43,"ID":39},{"utility":42.333333333333336,"ID":40},{"utility":39.5,"ID":41},{"utility":31,"ID":42},{"utility":72,"ID":43},{"utility":22,"ID":44},{"utility":82,"ID":45},{"utility":48.666666666666664,"ID":46},{"utility":81,"ID":47},{"utility":14,"ID":48},{"utility":57,"ID":49},{"utility":0,"ID":50},{"utility":50,"ID":51},{"utility":0,"ID":52},{"utility":15,"ID":53},{"utility":0,"ID":54},{"utility":86,"ID":55},{"utility":51.666666666666664,"ID":56},{"utility":72.5,"ID":57},{"utility":98,"ID":58},{"utility":0,"ID":59},{"utility":0,"ID":60},{"utility":31.333333333333332,"ID":61},{"utility":20.5,"ID":62},{"utility":63.666666666666664,"ID":63},{"utility":57.666666666666664,"ID":64},{"utility":42.5,"ID":65},{"utility":53,"ID":66},{"utility":62.5,"ID":67},{"utility":53.5,"ID":68},{"utility":42,"ID":69},{"utility":62.666666666666664,"ID":70},{"utility":0,"ID":71},{"utility":20.333333333333332,"ID":72},{"utility":55.333333333333336,"ID":73},{"utility":11.5,"ID":74},{"utility":82,"ID":75},{"utility":26.5,"ID":76},{"utility":0,"ID":77},{"utility":58.666666666666664,"ID":78},{"utility":30,"ID":79},{"utility":55.333333333333336,"ID":80},{"utility":20,"ID":81},{"utility":69.5,"ID":82},{"utility":7,"ID":83},{"utility":22,"ID":84},{"utility":0,"ID":85},{"utility":23.333333333333332,"ID":86},{"utility":67,"ID":87},{"utility":0,"ID":88},{"utility":0,"ID":89},{"utility":47.5,"ID":90},{"utility":34,"ID":91},{"utility":16,"ID":92},{"utility":12.5,"ID":93},{"utility":50,"ID":94},{"utility":0,"ID":95},{"utility":0,"ID":96},{"utility":47.5,"ID":97},{"utility":0,"ID":98},{"utility":0,"ID":99},{"utility":8,"ID":100}],"LAST COALITION":[[],[{"utility":19,"ID":38},{"utility":22,"ID":84}],[{"utility":22,"ID":17},{"utility":71,"ID":9}],[{"utility":82,"ID":45},{"utility":98,"ID":58}],[{"utility":98,"ID":3},{"utility":7,"ID":83}],[{"utility":47.5,"ID":28},{"utility":39.5,"ID":41},{"utility":42.5,"ID":65}],[{"utility":0,"ID":54}],[{"utility":0,"ID":18}],[{"utility":57,"ID":49},{"utility":51.666666666666664,"ID":56},{"utility":62.666666666666664,"ID":70},{"utility":20.333333333333332,"ID":72}],[{"utility":50,"ID":51},{"utility":69.5,"ID":82},{"utility":12.5,"ID":93}],[],[{"utility":0,"ID":36}],[{"utility":47.666666666666664,"ID":37},{"utility":57.666666666666664,"ID":64},{"utility":58.666666666666664,"ID":78},{"utility":23.333333333333332,"ID":86}],[{"utility":0,"ID":98}],[{"utility":0,"ID":23}],[{"utility":91,"ID":13},{"utility":80,"ID":31}],[{"utility":0,"ID":77}],[{"utility":72,"ID":33},{"utility":42.333333333333336,"ID":40},{"utility":48.666666666666664,"ID":46},{"utility":55.333333333333336,"ID":80}],[{"utility":98,"ID":6},{"utility":82,"ID":75}],[{"utility":15,"ID":53},{"utility":11.5,"ID":74},{"utility":47.5,"ID":97}],[{"utility":97,"ID":19},{"utility":93,"ID":11}],[{"utility":66,"ID":27},{"utility":0,"ID":59}],[{"utility":82.66666666666667,"ID":34},{"utility":31.333333333333332,"ID":61},{"utility":63.666666666666664,"ID":63},{"utility":55.333333333333336,"ID":73}],[{"utility":86,"ID":24},{"utility":8,"ID":100}],[{"utility":0,"ID":89}],[{"utility":0,"ID":99}],[{"utility":0,"ID":71}],[{"utility":96,"ID":32},{"utility":97,"ID":10}],[{"utility":0,"ID":88}],[{"utility":43,"ID":39},{"utility":20.5,"ID":62},{"utility":67,"ID":87}],[{"utility":81,"ID":47},{"utility":0,"ID":96}],[{"utility":99,"ID":7},{"utility":21,"ID":12}],[{"utility":0,"ID":20}],[{"utility":99,"ID":4},{"utility":99,"ID":25}],[{"utility":0,"ID":50}],[{"utility":0,"ID":52}],[{"utility":0,"ID":60}],[{"utility":72.5,"ID":57},{"utility":20,"ID":81},{"utility":47.5,"ID":90}],[{"utility":14,"ID":48},{"utility":42,"ID":69}],[{"utility":0,"ID":22},{"utility":53,"ID":66}],[{"utility":62.5,"ID":67},{"utility":26.5,"ID":76},{"utility":50,"ID":94}],[{"utility":0,"ID":95}],[{"utility":99,"ID":1},{"utility":86,"ID":55}],[{"utility":35.5,"ID":35},{"utility":22,"ID":44},{"utility":53.5,"ID":68}],[{"utility":0,"ID":29}],[{"utility":0,"ID":26}],[{"utility":0,"ID":21}],[{"utility":98,"ID":2},{"utility":34,"ID":91}],[{"utility":0,"ID":30}],[{"utility":31,"ID":42},{"utility":16,"ID":92}],[{"utility":0,"ID":15}],[{"utility":98,"ID":8},{"utility":72,"ID":43}],[{"utility":99,"ID":5},{"utility":30,"ID":79}],[{"utility":0,"ID":16}],[{"utility":0,"ID":85}],[{"utility":0,"ID":14}],[],[],[],[],[],[],[],[],[],[],[],[],[],[],[],[],[],[],[],[],[],[],[],[],[],[],[],[],[],[],[],[],[],[],[],[],[],[],[],[],[],[],[],[],[]],"STARTING COALITION: ":[[null],[{"utility":38.5,"ID":8},{"utility":43.75,"ID":17},{"utility":56.25,"ID":19},{"utility":26,"ID":38},{"utility":38,"ID":84}],[{"utility":0,"ID":79}],[{"utility":82,"ID":45},{"utility":98,"ID":58}],[],[{"utility":36.25,"ID":15},{"utility":47.75,"ID":28},{"utility":37,"ID":36},{"utility":36.75,"ID":41},{"utility":64,"ID":65}],[{"utility":0,"ID":54}],[{"utility":49,"ID":12},{"utility":70,"ID":32}],[{"utility":57,"ID":49},{"utility":51.666666666666664,"ID":56},{"utility":62.666666666666664,"ID":70},{"utility":20.333333333333332,"ID":72}],[{"utility":70,"ID":43},{"utility":55.666666666666664,"ID":51},{"utility":75.66666666666667,"ID":82},{"utility":8.333333333333334,"ID":93}],[{"utility":0,"ID":7}],[{"utility":0,"ID":20}],[{"utility":30.2,"ID":16},{"utility":55.2,"ID":37},{"utility":38.2,"ID":55},{"utility":40.4,"ID":64},{"utility":61.4,"ID":78},{"utility":14.8,"ID":86}],[{"utility":0,"ID":98}],[{"utility":65,"ID":5},{"utility":43,"ID":23}],[{"utility":91,"ID":13},{"utility":80,"ID":31}],[{"utility":0,"ID":77}],[{"utility":72,"ID":33},{"utility":42.333333333333336,"ID":40},{"utility":48.666666666666664,"ID":46},{"utility":55.333333333333336,"ID":80}],[],[{"utility":15,"ID":53},{"utility":11.5,"ID":74},{"utility":47.5,"ID":97}],[{"utility":0,"ID":85}],[{"utility":33,"ID":27},{"utility":48,"ID":59},{"utility":11,"ID":91}],[{"utility":82.66666666666667,"ID":34},{"utility":31.333333333333332,"ID":61},{"utility":63.666666666666664,"ID":63},{"utility":55.333333333333336,"ID":73}],[{"utility":74,"ID":6},{"utility":59,"ID":24},{"utility":35,"ID":100}],[{"utility":19,"ID":2},{"utility":26,"ID":89}],[{"utility":0,"ID":99}],[{"utility":0,"ID":71}],[{"utility":0,"ID":9}],[{"utility":0,"ID":88}],[{"utility":24.75,"ID":11},{"utility":51.75,"ID":26},{"utility":55.25,"ID":39},{"utility":45,"ID":62},{"utility":48.25,"ID":87}],[{"utility":81,"ID":47},{"utility":0,"ID":96}],[],[{"utility":58,"ID":10},{"utility":15,"ID":25}],[{"utility":0,"ID":14}],[{"utility":0,"ID":50}],[{"utility":0,"ID":52}],[{"utility":0,"ID":60}],[{"utility":72.5,"ID":57},{"utility":20,"ID":81},{"utility":47.5,"ID":90}],[{"utility":14,"ID":48},{"utility":42,"ID":69}],[{"utility":0,"ID":22},{"utility":53,"ID":66}],[{"utility":62.5,"ID":67},{"utility":26.5,"ID":76},{"utility":50,"ID":94}],[{"utility":0,"ID":95}],[{"utility":0,"ID":21}],[{"utility":72.75,"ID":4},{"utility":47.5,"ID":18},{"utility":42.75,"ID":35},{"utility":32.25,"ID":44},{"utility":41.25,"ID":68}],[{"utility":0,"ID":29}],[{"utility":0,"ID":3}],[{"utility":0,"ID":1}],[],[{"utility":49,"ID":30},{"utility":74,"ID":75}],[{"utility":31,"ID":42},{"utility":16,"ID":92}],[{"utility":0,"ID":83}],[],[],[],[],[],[],[],[],[],[],[],[],[],[],[],[],[],[],[],[],[],[],[],[],[],[],[],[],[],[],[],[],[],[],[],[],[],[],[],[],[],[],[],[],[],[],[],[],[],[]],"CORE :":false,"LAST PARTITION":{"88":28,"89":24,"90":37,"91":47,"92":49,"93":9,"94":40,"95":41,"96":30,"97":19,"10":27,"98":13,"11":20,"99":25,"12":31,"13":15,"14":55,"15":50,"16":53,"17":2,"18":7,"19":20,"1":42,"2":47,"3":4,"4":33,"5":52,"6":18,"7":31,"8":51,"9":2,"20":32,"21":46,"22":39,"23":14,"24":23,"25":33,"26":45,"27":21,"28":5,"29":44,"30":48,"31":15,"32":27,"33":17,"34":22,"35":43,"36":11,"37":12,"38":1,"39":29,"40":17,"41":5,"42":49,"43":51,"44":43,"45":3,"46":17,"47":30,"48":38,"49":8,"50":34,"51":9,"52":35,"53":19,"54":6,"55":42,"56":8,"57":37,"58":3,"59":21,"60":36,"61":22,"62":29,"63":22,"64":12,"65":5,"66":39,"67":40,"68":43,"69":38,"70":8,"71":26,"72":8,"73":22,"74":19,"75":18,"76":40,"77":16,"78":12,"79":52,"100":23,"80":17,"81":37,"82":9,"83":4,"84":1,"85":54,"86":12,"87":29}},{"STARTING PARTITION: ":{"88":12,"89":8,"90":8,"91":15,"92":15,"93":48,"94":49,"95":25,"96":41,"97":34,"10":46,"98":36,"11":26,"99":32,"12":24,"13":14,"14":23,"15":16,"16":47,"17":26,"18":1,"19":16,"1":40,"2":16,"3":31,"4":50,"5":33,"6":21,"7":45,"8":42,"9":11,"20":25,"21":21,"22":24,"23":49,"24":32,"25":42,"26":45,"27":48,"28":3,"29":20,"30":39,"31":48,"32":33,"33":2,"34":26,"35":34,"36":8,"37":15,"38":45,"39":19,"40":29,"41":21,"42":9,"43":22,"44":7,"45":37,"46":25,"47":30,"48":46,"49":23,"50":3,"51":48,"52":36,"53":18,"54":17,"55":27,"56":16,"57":24,"58":6,"59":17,"60":27,"61":25,"62":15,"63":37,"64":9,"65":12,"66":13,"67":1,"68":30,"69":35,"70":12,"71":33,"72":40,"73":34,"74":42,"75":41,"76":50,"77":8,"78":34,"79":16,"100":12,"80":8,"81":45,"82":18,"83":14,"84":4,"85":43,"86":40,"87":27},"Agents":[null,{"utility":99,"ID":1},{"utility":95,"ID":2},{"utility":98,"ID":3},{"utility":99,"ID":4},{"utility":97,"ID":5},{"utility":99,"ID":6},{"utility":98,"ID":7},{"utility":99,"ID":8},{"utility":98,"ID":9},{"utility":97,"ID":10},{"utility":98,"ID":11},{"utility":96,"ID":12},{"utility":98,"ID":13},{"utility":99,"ID":14},{"utility":98,"ID":15},{"utility":98,"ID":16},{"utility":96,"ID":17},{"utility":92,"ID":18},{"utility":0,"ID":19},{"utility":0,"ID":20},{"utility":0,"ID":21},{"utility":0,"ID":22},{"utility":0,"ID":23},{"utility":0,"ID":24},{"utility":99,"ID":25},{"utility":72,"ID":26},{"utility":80.33333333333333,"ID":27},{"utility":0,"ID":28},{"utility":0,"ID":29},{"utility":0,"ID":30},{"utility":53.333333333333336,"ID":31},{"utility":96,"ID":32},{"utility":1,"ID":33},{"utility":0,"ID":34},{"utility":0,"ID":35},{"utility":40,"ID":36},{"utility":37.333333333333336,"ID":37},{"utility":0,"ID":38},{"utility":0,"ID":39},{"utility":60,"ID":40},{"utility":0,"ID":41},{"utility":0,"ID":42},{"utility":0,"ID":43},{"utility":61,"ID":44},{"utility":0,"ID":45},{"utility":14,"ID":46},{"utility":78,"ID":47},{"utility":0,"ID":48},{"utility":0,"ID":49},{"utility":0,"ID":50},{"utility":57.333333333333336,"ID":51},{"utility":14,"ID":52},{"utility":0,"ID":53},{"utility":0,"ID":54},{"utility":86,"ID":55},{"utility":45,"ID":56},{"utility":72,"ID":57},{"utility":93,"ID":58},{"utility":24,"ID":59},{"utility":54,"ID":60},{"utility":45,"ID":61},{"utility":88.33333333333333,"ID":62},{"utility":0,"ID":63},{"utility":0,"ID":64},{"utility":39,"ID":65},{"utility":0,"ID":66},{"utility":0,"ID":67},{"utility":84,"ID":68},{"utility":0,"ID":69},{"utility":28,"ID":70},{"utility":0,"ID":71},{"utility":75,"ID":72},{"utility":56,"ID":73},{"utility":0,"ID":74},{"utility":0,"ID":75},{"utility":0,"ID":76},{"utility":20.333333333333332,"ID":77},{"utility":36,"ID":78},{"utility":70,"ID":79},{"utility":67.33333333333333,"ID":80},{"utility":0,"ID":81},{"utility":0,"ID":82},{"utility":7,"ID":83},{"utility":0,"ID":84},{"utility":83,"ID":85},{"utility":63,"ID":86},{"utility":0,"ID":87},{"utility":26.5,"ID":88},{"utility":51,"ID":89},{"utility":79,"ID":90},{"utility":56.666666666666664,"ID":91},{"utility":42.666666666666664,"ID":92},{"utility":33.333333333333336,"ID":93},{"utility":0,"ID":94},{"utility":9,"ID":95},{"utility":0,"ID":96},{"utility":37,"ID":97},{"utility":84,"ID":98},{"utility":6,"ID":99},{"utility":70,"ID":100}],"LAST COALITION":[[],[{"utility":0,"ID":67}],[{"utility":1,"ID":33},{"utility":92,"ID":18}],[{"utility":6,"ID":99},{"utility":98,"ID":15}],[{"utility":0,"ID":84}],[{"utility":99,"ID":4},{"utility":99,"ID":25}],[{"utility":0,"ID":41}],[{"utility":0,"ID":20}],[{"utility":20.333333333333332,"ID":77},{"utility":67.33333333333333,"ID":80},{"utility":51,"ID":89},{"utility":79,"ID":90}],[{"utility":0,"ID":64}],[{"utility":99,"ID":14},{"utility":14,"ID":46}],[{"utility":0,"ID":19}],[{"utility":39,"ID":65},{"utility":28,"ID":70},{"utility":26.5,"ID":88}],[{"utility":0,"ID":66}],[{"utility":0,"ID":75}],[{"utility":37.333333333333336,"ID":37},{"utility":88.33333333333333,"ID":62},{"utility":56.666666666666664,"ID":91},{"utility":42.666666666666664,"ID":92}],[{"utility":45,"ID":56},{"utility":70,"ID":79}],[{"utility":0,"ID":54}],[{"utility":0,"ID":82}],[{"utility":0,"ID":39}],[{"utility":0,"ID":29}],[{"utility":96,"ID":17},{"utility":54,"ID":60}],[{"utility":99,"ID":8},{"utility":36,"ID":78}],[{"utility":0,"ID":49}],[{"utility":0,"ID":38}],[{"utility":45,"ID":61},{"utility":9,"ID":95}],[{"utility":0,"ID":69}],[{"utility":0,"ID":87}],[{"utility":0,"ID":24}],[{"utility":0,"ID":42}],[{"utility":78,"ID":47},{"utility":84,"ID":68}],[{"utility":40,"ID":36},{"utility":98,"ID":9}],[],[{"utility":0,"ID":71}],[{"utility":56,"ID":73},{"utility":37,"ID":97}],[{"utility":97,"ID":5},{"utility":60,"ID":40}],[{"utility":14,"ID":52},{"utility":84,"ID":98}],[{"utility":0,"ID":63}],[{"utility":0,"ID":34}],[{"utility":0,"ID":30}],[{"utility":75,"ID":72},{"utility":63,"ID":86}],[{"utility":0,"ID":96}],[{"utility":0,"ID":74}],[{"utility":83,"ID":85},{"utility":98,"ID":7}],[{"utility":0,"ID":35}],[{"utility":0,"ID":45}],[{"utility":93,"ID":58},{"utility":98,"ID":11}],[{"utility":99,"ID":1},{"utility":86,"ID":55}],[{"utility":80.33333333333333,"ID":27},{"utility":53.333333333333336,"ID":31},{"utility":57.333333333333336,"ID":51},{"utility":33.333333333333336,"ID":93}],[{"utility":0,"ID":94}],[{"utility":0,"ID":81}],[{"utility":0,"ID":22}],[],[{"utility":98,"ID":16},{"utility":61,"ID":44}],[{"utility":0,"ID":28}],[{"utility":95,"ID":2},{"utility":72,"ID":26}],[{"utility":0,"ID":48}],[{"utility":0,"ID":76}],[{"utility":0,"ID":43}],[],[{"utility":0,"ID":53}],[{"utility":99,"ID":6},{"utility":72,"ID":57}],[{"utility":96,"ID":32},{"utility":97,"ID":10}],[{"utility":0,"ID":21}],[{"utility":24,"ID":59},{"utility":96,"ID":12}],[{"utility":0,"ID":23}],[{"utility":98,"ID":3},{"utility":7,"ID":83}],[{"utility":70,"ID":100},{"utility":98,"ID":13}],[{"utility":0,"ID":50}],[],[],[],[],[],[],[],[],[],[],[],[],[],[],[],[],[],[],[],[],[],[],[],[],[],[],[],[],[],[],[],[]],"STARTING COALITION: ":[[null],[{"utility":82,"ID":18},{"utility":25,"ID":67}],[{"utility":0,"ID":33}],[{"utility":24,"ID":28},{"utility":84,"ID":50}],[{"utility":0,"ID":84}],[],[{"utility":0,"ID":58}],[{"utility":0,"ID":44}],[{"utility":55.75,"ID":36},{"utility":17,"ID":77},{"utility":73.25,"ID":80},{"utility":60,"ID":89},{"utility":67.75,"ID":90}],[{"utility":57,"ID":42},{"utility":9,"ID":64}],[],[{"utility":0,"ID":9}],[{"utility":46.333333333333336,"ID":65},{"utility":29.666666666666668,"ID":70},{"utility":19,"ID":88},{"utility":5,"ID":100}],[{"utility":0,"ID":66}],[{"utility":89,"ID":13},{"utility":82,"ID":83}],[{"utility":37.333333333333336,"ID":37},{"utility":88.33333333333333,"ID":62},{"utility":56.666666666666664,"ID":91},{"utility":42.666666666666664,"ID":92}],[{"utility":58.25,"ID":2},{"utility":53.25,"ID":15},{"utility":32,"ID":19},{"utility":55.25,"ID":56},{"utility":52.5,"ID":79}],[{"utility":66,"ID":54},{"utility":16,"ID":59}],[{"utility":2,"ID":53},{"utility":48,"ID":82}],[{"utility":0,"ID":39}],[{"utility":0,"ID":29}],[{"utility":17,"ID":6},{"utility":61.5,"ID":21},{"utility":85,"ID":41}],[{"utility":0,"ID":43}],[{"utility":72,"ID":14},{"utility":49,"ID":49}],[{"utility":50.5,"ID":12},{"utility":80,"ID":22},{"utility":41.5,"ID":57}],[{"utility":53.666666666666664,"ID":20},{"utility":50.333333333333336,"ID":46},{"utility":20.333333333333332,"ID":61},{"utility":45.666666666666664,"ID":95}],[{"utility":26,"ID":11},{"utility":74.5,"ID":17},{"utility":23,"ID":34}],[{"utility":49.5,"ID":55},{"utility":30,"ID":60},{"utility":69.5,"ID":87}],[],[{"utility":0,"ID":40}],[{"utility":78,"ID":47},{"utility":84,"ID":68}],[{"utility":0,"ID":3}],[{"utility":51,"ID":24},{"utility":66,"ID":99}],[{"utility":41,"ID":5},{"utility":29.5,"ID":32},{"utility":63.5,"ID":71}],[{"utility":8,"ID":35},{"utility":41,"ID":73},{"utility":32.333333333333336,"ID":78},{"utility":53.333333333333336,"ID":97}],[{"utility":0,"ID":69}],[{"utility":14,"ID":52},{"utility":84,"ID":98}],[{"utility":8,"ID":45},{"utility":30,"ID":63}],[],[{"utility":0,"ID":30}],[{"utility":46.5,"ID":1},{"utility":82,"ID":72},{"utility":72,"ID":86}],[{"utility":50,"ID":75},{"utility":4,"ID":96}],[{"utility":36.5,"ID":8},{"utility":77,"ID":25},{"utility":49.5,"ID":74}],[{"utility":0,"ID":85}],[],[{"utility":24,"ID":7},{"utility":20,"ID":26},{"utility":41.666666666666664,"ID":38},{"utility":58,"ID":81}],[{"utility":45,"ID":10},{"utility":66,"ID":48}],[{"utility":0,"ID":16}],[{"utility":80.33333333333333,"ID":27},{"utility":53.333333333333336,"ID":31},{"utility":57.333333333333336,"ID":51},{"utility":33.333333333333336,"ID":93}],[{"utility":29,"ID":23},{"utility":47,"ID":94}],[{"utility":22,"ID":4},{"utility":28,"ID":76}],[],[],[],[],[],[],[],[],[],[],[],[],[],[],[],[],[],[],[],[],[],[],[],[],[],[],[],[],[],[],[],[],[],[],[],[],[],[],[],[],[],[],[],[],[],[],[],[],[],[]],"CORE :":false,"LAST PARTITION":{"88":12,"89":8,"90":8,"91":15,"92":15,"93":48,"94":49,"95":25,"96":41,"97":34,"10":62,"98":36,"11":46,"99":3,"12":64,"13":67,"14":10,"15":3,"16":53,"17":21,"18":2,"19":11,"1":47,"2":55,"3":66,"4":5,"5":35,"6":61,"7":43,"8":22,"9":31,"20":7,"21":63,"22":51,"23":65,"24":28,"25":5,"26":55,"27":48,"28":54,"29":20,"30":39,"31":48,"32":62,"33":2,"34":38,"35":44,"36":31,"37":15,"38":24,"39":19,"40":35,"41":6,"42":29,"43":58,"44":53,"45":45,"46":10,"47":30,"48":56,"49":23,"50":68,"51":48,"52":36,"53":60,"54":17,"55":47,"56":16,"57":61,"58":46,"59":64,"60":21,"61":25,"62":15,"63":37,"64":9,"65":12,"66":13,"67":1,"68":30,"69":26,"70":12,"71":33,"72":40,"73":34,"74":42,"75":14,"76":57,"77":8,"78":22,"79":16,"100":67,"80":8,"81":50,"82":18,"83":66,"84":4,"85":43,"86":40,"87":27}},{"STARTING PARTITION: ":{"88":46,"89":34,"90":26,"91":49,"92":34,"93":33,"94":42,"95":12,"96":26,"97":15,"10":26,"98":28,"11":11,"99":12,"12":31,"13":17,"14":19,"15":10,"16":12,"17":23,"18":16,"19":19,"1":20,"2":8,"3":46,"4":47,"5":24,"6":1,"7":18,"8":8,"9":47,"20":21,"21":1,"22":35,"23":37,"24":8,"25":38,"26":9,"27":36,"28":37,"29":45,"30":48,"31":39,"32":24,"33":20,"34":37,"35":43,"36":14,"37":39,"38":21,"39":12,"40":42,"41":36,"42":6,"43":23,"44":16,"45":28,"46":11,"47":13,"48":47,"49":45,"50":3,"51":40,"52":35,"53":50,"54":19,"55":36,"56":11,"57":15,"58":29,"59":8,"60":22,"61":9,"62":10,"63":42,"64":25,"65":42,"66":10,"67":20,"68":43,"69":31,"70":10,"71":39,"72":2,"73":18,"74":11,"75":38,"76":48,"77":9,"78":33,"79":47,"100":33,"80":35,"81":3,"82":48,"83":38,"84":49,"85":2,"86":13,"87":18},"Agents":[null,{"utility":98,"ID":1},{"utility":98,"ID":2},{"utility":0,"ID":3},{"utility":99,"ID":4},{"utility":99,"ID":5},{"utility":63,"ID":6},{"utility":0,"ID":7},{"utility":94,"ID":8},{"utility":80,"ID":9},{"utility":65.5,"ID":10},{"utility":0,"ID":11},{"utility":22,"ID":12},{"utility":37,"ID":13},{"utility":8,"ID":14},{"utility":0,"ID":15},{"utility":0,"ID":16},{"utility":33,"ID":17},{"utility":0,"ID":18},{"utility":2,"ID":19},{"utility":66,"ID":20},{"utility":38,"ID":21},{"utility":60,"ID":22},{"utility":50,"ID":23},{"utility":0,"ID":24},{"utility":99,"ID":25},{"utility":0,"ID":26},{"utility":0,"ID":27},{"utility":56.5,"ID":28},{"utility":80,"ID":29},{"utility":27,"ID":30},{"utility":37,"ID":31},{"utility":0,"ID":32},{"utility":44,"ID":33},{"utility":49.5,"ID":34},{"utility":0,"ID":35},{"utility":0,"ID":36},{"utility":70.5,"ID":37},{"utility":33,"ID":38},{"utility":47.5,"ID":39},{"utility":19,"ID":40},{"utility":0,"ID":41},{"utility":0,"ID":42},{"utility":69,"ID":43},{"utility":35,"ID":44},{"utility":12,"ID":45},{"utility":48.5,"ID":46},{"utility":30,"ID":47},{"utility":82,"ID":48},{"utility":17,"ID":49},{"utility":70,"ID":50},{"utility":0,"ID":51},{"utility":19.5,"ID":52},{"utility":0,"ID":53},{"utility":0,"ID":54},{"utility":86,"ID":55},{"utility":28.5,"ID":56},{"utility":0,"ID":57},{"utility":0,"ID":58},{"utility":98,"ID":59},{"utility":0,"ID":60},{"utility":72,"ID":61},{"utility":64.5,"ID":62},{"utility":42.666666666666664,"ID":63},{"utility":0,"ID":64},{"utility":25.333333333333332,"ID":65},{"utility":12.5,"ID":66},{"utility":83,"ID":67},{"utility":0,"ID":68},{"utility":93,"ID":69},{"utility":21,"ID":70},{"utility":69,"ID":71},{"utility":0,"ID":72},{"utility":94,"ID":73},{"utility":48.5,"ID":74},{"utility":49,"ID":75},{"utility":67,"ID":76},{"utility":0,"ID":77},{"utility":91,"ID":78},{"utility":75,"ID":79},{"utility":52.5,"ID":80},{"utility":77,"ID":81},{"utility":61,"ID":82},{"utility":13,"ID":83},{"utility":0,"ID":84},{"utility":62,"ID":85},{"utility":79,"ID":86},{"utility":94,"ID":87},{"utility":0,"ID":88},{"utility":0,"ID":89},{"utility":4.5,"ID":90},{"utility":34,"ID":91},{"utility":16,"ID":92},{"utility":56,"ID":93},{"utility":29.666666666666668,"ID":94},{"utility":53.5,"ID":95},{"utility":72.5,"ID":96},{"utility":0,"ID":97},{"utility":15,"ID":98},{"utility":70,"ID":99},{"utility":69.5,"ID":100}],"LAST COALITION":[[],[{"utility":99,"ID":5},{"utility":37,"ID":13}],[{"utility":0,"ID":72},{"utility":62,"ID":85}],[{"utility":70,"ID":50},{"utility":77,"ID":81}],[{"utility":99,"ID":4},{"utility":99,"ID":25}],[{"utility":0,"ID":11}],[{"utility":0,"ID":42}],[{"utility":0,"ID":7}],[{"utility":94,"ID":8},{"utility":98,"ID":59}],[{"utility":72,"ID":61},{"utility":0,"ID":77}],[{"utility":64.5,"ID":62},{"utility":12.5,"ID":66},{"utility":21,"ID":70}],[{"utility":48.5,"ID":46},{"utility":28.5,"ID":56},{"utility":48.5,"ID":74}],[{"utility":47.5,"ID":39},{"utility":53.5,"ID":95},{"utility":70,"ID":99}],[{"utility":30,"ID":47},{"utility":79,"ID":86}],[{"utility":0,"ID":36}],[{"utility":0,"ID":97}],[{"utility":0,"ID":18},{"utility":35,"ID":44}],[{"utility":0,"ID":16}],[{"utility":94,"ID":73},{"utility":94,"ID":87}],[{"utility":2,"ID":19},{"utility":0,"ID":54}],[{"utility":44,"ID":33},{"utility":83,"ID":67}],[{"utility":66,"ID":20},{"utility":33,"ID":38}],[{"utility":0,"ID":60}],[{"utility":33,"ID":17},{"utility":69,"ID":43}],[{"utility":0,"ID":32}],[{"utility":0,"ID":64}],[{"utility":65.5,"ID":10},{"utility":4.5,"ID":90},{"utility":72.5,"ID":96}],[{"utility":0,"ID":24}],[{"utility":12,"ID":45},{"utility":15,"ID":98}],[{"utility":0,"ID":58}],[{"utility":0,"ID":27}],[{"utility":22,"ID":12},{"utility":93,"ID":69}],[{"utility":0,"ID":35}],[{"utility":91,"ID":78},{"utility":56,"ID":93},{"utility":69.5,"ID":100}],[{"utility":0,"ID":89},{"utility":16,"ID":92}],[{"utility":60,"ID":22},{"utility":19.5,"ID":52},{"utility":52.5,"ID":80}],[{"utility":0,"ID":41},{"utility":86,"ID":55}],[{"utility":50,"ID":23},{"utility":56.5,"ID":28},{"utility":49.5,"ID":34}],[{"utility":49,"ID":75},{"utility":13,"ID":83}],[{"utility":37,"ID":31},{"utility":70.5,"ID":37},{"utility":69,"ID":71}],[{"utility":0,"ID":51}],[{"utility":98,"ID":2},{"utility":34,"ID":91}],[{"utility":19,"ID":40},{"utility":42.666666666666664,"ID":63},{"utility":25.333333333333332,"ID":65},{"utility":29.666666666666668,"ID":94}],[{"utility":0,"ID":68}],[{"utility":63,"ID":6},{"utility":8,"ID":14}],[{"utility":80,"ID":29},{"utility":17,"ID":49}],[{"utility":0,"ID":88}],[{"utility":80,"ID":9},{"utility":82,"ID":48},{"utility":75,"ID":79}],[{"utility":27,"ID":30},{"utility":67,"ID":76},{"utility":61,"ID":82}],[{"utility":0,"ID":84}],[{"utility":0,"ID":53}],[{"utility":0,"ID":26}],[{"utility":98,"ID":1},{"utility":38,"ID":21}],[],[{"utility":0,"ID":57}],[{"utility":0,"ID":15}],[{"utility":0,"ID":3}],[],[],[],[],[],[],[],[],[],[],[],[],[],[],[],[],[],[],[],[],[],[],[],[],[],[],[],[],[],[],[],[],[],[],[],[],[],[],[],[],[],[],[],[]],"STARTING COALITION: ":[[null],[{"utility":0,"ID":6},{"utility":46,"ID":21}],[{"utility":0,"ID":72},{"utility":62,"ID":85}],[{"utility":70,"ID":50},{"utility":77,"ID":81}],[],[],[{"utility":0,"ID":42}],[],[{"utility":77.33333333333333,"ID":2},{"utility":59,"ID":8},{"utility":45,"ID":24},{"utility":72.66666666666667,"ID":59}],[{"utility":26,"ID":26},{"utility":77,"ID":61},{"utility":9.5,"ID":77}],[{"utility":12,"ID":15},{"utility":65.66666666666667,"ID":62},{"utility":37.333333333333336,"ID":66},{"utility":32.333333333333336,"ID":70}],[{"utility":71,"ID":11},{"utility":44.333333333333336,"ID":46},{"utility":20.333333333333332,"ID":56},{"utility":52,"ID":74}],[{"utility":48,"ID":16},{"utility":39.666666666666664,"ID":39},{"utility":35.666666666666664,"ID":95},{"utility":64.33333333333333,"ID":99}],[{"utility":30,"ID":47},{"utility":79,"ID":86}],[{"utility":0,"ID":36}],[{"utility":6,"ID":57},{"utility":94,"ID":97}],[{"utility":0,"ID":18},{"utility":35,"ID":44}],[{"utility":0,"ID":13}],[{"utility":14.5,"ID":7},{"utility":93.5,"ID":73},{"utility":89,"ID":87}],[{"utility":24,"ID":14},{"utility":32,"ID":19},{"utility":49.5,"ID":54}],[{"utility":49,"ID":1},{"utility":27,"ID":33},{"utility":71.5,"ID":67}],[{"utility":66,"ID":20},{"utility":33,"ID":38}],[{"utility":0,"ID":60}],[{"utility":33,"ID":17},{"utility":69,"ID":43}],[{"utility":38,"ID":5},{"utility":0,"ID":32}],[{"utility":0,"ID":64}],[{"utility":65.5,"ID":10},{"utility":4.5,"ID":90},{"utility":72.5,"ID":96}],[],[{"utility":12,"ID":45},{"utility":15,"ID":98}],[{"utility":0,"ID":58}],[],[{"utility":22,"ID":12},{"utility":93,"ID":69}],[],[{"utility":91,"ID":78},{"utility":56,"ID":93},{"utility":69.5,"ID":100}],[{"utility":0,"ID":89},{"utility":16,"ID":92}],[{"utility":60,"ID":22},{"utility":19.5,"ID":52},{"utility":52.5,"ID":80}],[{"utility":32,"ID":27},{"utility":29,"ID":41},{"utility":53.5,"ID":55}],[{"utility":50,"ID":23},{"utility":56.5,"ID":28},{"utility":49.5,"ID":34}],[{"utility":79,"ID":25},{"utility":55,"ID":75},{"utility":35.5,"ID":83}],[{"utility":37,"ID":31},{"utility":70.5,"ID":37},{"utility":69,"ID":71}],[{"utility":0,"ID":51}],[],[{"utility":19,"ID":40},{"utility":42.666666666666664,"ID":63},{"utility":25.333333333333332,"ID":65},{"utility":29.666666666666668,"ID":94}],[{"utility":27,"ID":35},{"utility":52,"ID":68}],[],[{"utility":80,"ID":29},{"utility":17,"ID":49}],[{"utility":36,"ID":3},{"utility":79,"ID":88}],[{"utility":34.333333333333336,"ID":4},{"utility":85.66666666666667,"ID":9},{"utility":74,"ID":48},{"utility":55,"ID":79}],[{"utility":27,"ID":30},{"utility":67,"ID":76},{"utility":61,"ID":82}],[{"utility":34,"ID":84},{"utility":81,"ID":91}],[{"utility":0,"ID":53}],[],[],[],[],[],[],[],[],[],[],[],[],[],[],[],[],[],[],[],[],[],[],[],[],[],[],[],[],[],[],[],[],[],[],[],[],[],[],[],[],[],[],[],[],[],[],[],[],[],[]],"CORE :":false,"LAST PARTITION":{"88":46,"89":34,"90":26,"91":41,"92":34,"93":33,"94":42,"95":12,"96":26,"97":15,"10":26,"98":28,"11":5,"99":12,"12":31,"13":1,"14":44,"15":55,"16":17,"17":23,"18":16,"19":19,"1":52,"2":41,"3":56,"4":4,"5":1,"6":44,"7":7,"8":8,"9":47,"20":21,"21":52,"22":35,"23":37,"24":27,"25":4,"26":51,"27":30,"28":37,"29":45,"30":48,"31":39,"32":24,"33":20,"34":37,"35":32,"36":14,"37":39,"38":21,"39":12,"40":42,"41":36,"42":6,"43":23,"44":16,"45":28,"46":11,"47":13,"48":47,"49":45,"50":3,"51":40,"52":35,"53":50,"54":19,"55":36,"56":11,"57":54,"58":29,"59":8,"60":22,"61":9,"62":10,"63":42,"64":25,"65":42,"66":10,"67":20,"68":43,"69":31,"70":10,"71":39,"72":2,"73":18,"74":11,"75":38,"76":48,"77":9,"78":33,"79":47,"100":33,"80":35,"81":3,"82":48,"83":38,"84":49,"85":2,"86":13,"87":18}},{"STARTING PARTITION: ":{"88":41,"89":49,"90":16,"91":6,"92":36,"93":28,"94":27,"95":39,"96":23,"97":34,"10":45,"98":19,"11":3,"99":45,"12":46,"13":19,"14":19,"15":4,"16":34,"17":39,"18":17,"19":41,"1":16,"2":8,"3":3,"4":47,"5":48,"6":25,"7":40,"8":5,"9":34,"20":44,"21":31,"22":12,"23":31,"24":4,"25":38,"26":45,"27":24,"28":26,"29":49,"30":20,"31":33,"32":36,"33":14,"34":24,"35":13,"36":30,"37":39,"38":17,"39":20,"40":24,"41":11,"42":23,"43":10,"44":2,"45":6,"46":36,"47":10,"48":48,"49":28,"50":3,"51":4,"52":9,"53":9,"54":5,"55":22,"56":26,"57":26,"58":11,"59":43,"60":1,"61":28,"62":8,"63":42,"64":29,"65":35,"66":43,"67":26,"68":36,"69":41,"70":41,"71":16,"72":42,"73":37,"74":32,"75":40,"76":31,"77":19,"78":30,"79":44,"100":27,"80":27,"81":40,"82":19,"83":50,"84":48,"85":42,"86":25,"87":37},"Agents":[null,{"utility":99,"ID":1},{"utility":99,"ID":2},{"utility":98,"ID":3},{"utility":99,"ID":4},{"utility":95,"ID":5},{"utility":99,"ID":6},{"utility":99,"ID":7},{"utility":99,"ID":8},{"utility":97,"ID":9},{"utility":5,"ID":10},{"utility":70,"ID":11},{"utility":21,"ID":12},{"utility":70,"ID":13},{"utility":0,"ID":14},{"utility":0,"ID":15},{"utility":0,"ID":16},{"utility":56,"ID":17},{"utility":0,"ID":18},{"utility":54,"ID":19},{"utility":47,"ID":20},{"utility":46.5,"ID":21},{"utility":0,"ID":22},{"utility":64,"ID":23},{"utility":0,"ID":24},{"utility":99,"ID":25},{"utility":0,"ID":26},{"utility":0,"ID":27},{"utility":47.5,"ID":28},{"utility":56,"ID":29},{"utility":35,"ID":30},{"utility":0,"ID":31},{"utility":31,"ID":32},{"utility":0,"ID":33},{"utility":0,"ID":34},{"utility":0,"ID":35},{"utility":86,"ID":36},{"utility":34.5,"ID":37},{"utility":0,"ID":38},{"utility":96,"ID":39},{"utility":0,"ID":40},{"utility":34,"ID":41},{"utility":32,"ID":42},{"utility":0,"ID":43},{"utility":0,"ID":44},{"utility":39,"ID":45},{"utility":43.333333333333336,"ID":46},{"utility":0,"ID":47},{"utility":52,"ID":48},{"utility":49.5,"ID":49},{"utility":1,"ID":50},{"utility":0,"ID":51},{"utility":53,"ID":52},{"utility":26,"ID":53},{"utility":0,"ID":54},{"utility":86,"ID":55},{"utility":26,"ID":56},{"utility":72,"ID":57},{"utility":21,"ID":58},{"utility":33,"ID":59},{"utility":0,"ID":60},{"utility":66.5,"ID":61},{"utility":4,"ID":62},{"utility":84,"ID":63},{"utility":0,"ID":64},{"utility":0,"ID":65},{"utility":43,"ID":66},{"utility":60,"ID":67},{"utility":38.333333333333336,"ID":68},{"utility":15,"ID":69},{"utility":41,"ID":70},{"utility":0,"ID":71},{"utility":44.5,"ID":72},{"utility":94,"ID":73},{"utility":0,"ID":74},{"utility":0,"ID":75},{"utility":42,"ID":76},{"utility":16,"ID":77},{"utility":99,"ID":78},{"utility":95,"ID":79},{"utility":36,"ID":80},{"utility":0,"ID":81},{"utility":72.5,"ID":82},{"utility":7,"ID":83},{"utility":27,"ID":84},{"utility":53,"ID":85},{"utility":0,"ID":86},{"utility":94,"ID":87},{"utility":28.5,"ID":88},{"utility":8,"ID":89},{"utility":77,"ID":90},{"utility":37,"ID":91},{"utility":34.333333333333336,"ID":92},{"utility":83.5,"ID":93},{"utility":38,"ID":94},{"utility":77,"ID":95},{"utility":74,"ID":96},{"utility":0,"ID":97},{"utility":48.5,"ID":98},{"utility":0,"ID":99},{"utility":35.5,"ID":100}],"LAST COALITION":[[],[{"utility":0,"ID":60}],[{"utility":0,"ID":44}],[{"utility":70,"ID":11},{"utility":1,"ID":50}],[{"utility":0,"ID":51}],[{"utility":0,"ID":54}],[{"utility":39,"ID":45},{"utility":37,"ID":91}],[{"utility":98,"ID":3},{"utility":7,"ID":83}],[{"utility":0,"ID":47}],[{"utility":53,"ID":52},{"utility":26,"ID":53}],[{"utility":99,"ID":8},{"utility":4,"ID":62}],[{"utility":34,"ID":41},{"utility":21,"ID":58}],[{"utility":0,"ID":22}],[{"utility":99,"ID":1},{"utility":86,"ID":55}],[{"utility":0,"ID":33}],[{"utility":99,"ID":4},{"utility":99,"ID":25}],[{"utility":0,"ID":71},{"utility":77,"ID":90}],[{"utility":0,"ID":38}],[{"utility":0,"ID":14}],[{"utility":16,"ID":77},{"utility":72.5,"ID":82},{"utility":48.5,"ID":98}],[{"utility":35,"ID":30},{"utility":96,"ID":39}],[{"utility":0,"ID":16}],[{"utility":15,"ID":69},{"utility":97,"ID":9}],[{"utility":32,"ID":42},{"utility":74,"ID":96}],[{"utility":0,"ID":34}],[{"utility":0,"ID":86}],[{"utility":47.5,"ID":28},{"utility":26,"ID":56},{"utility":60,"ID":67}],[{"utility":36,"ID":80},{"utility":38,"ID":94},{"utility":35.5,"ID":100}],[{"utility":49.5,"ID":49},{"utility":66.5,"ID":61},{"utility":83.5,"ID":93}],[{"utility":0,"ID":64}],[{"utility":86,"ID":36},{"utility":99,"ID":78}],[{"utility":46.5,"ID":21},{"utility":64,"ID":23},{"utility":42,"ID":76}],[{"utility":0,"ID":74}],[{"utility":0,"ID":31}],[{"utility":0,"ID":97}],[{"utility":0,"ID":65}],[{"utility":31,"ID":32},{"utility":43.333333333333336,"ID":46},{"utility":38.333333333333336,"ID":68},{"utility":34.333333333333336,"ID":92}],[{"utility":94,"ID":73},{"utility":94,"ID":87}],[],[{"utility":56,"ID":17},{"utility":34.5,"ID":37},{"utility":77,"ID":95}],[{"utility":0,"ID":75},{"utility":0,"ID":81}],[{"utility":54,"ID":19},{"utility":41,"ID":70},{"utility":28.5,"ID":88}],[{"utility":84,"ID":63},{"utility":44.5,"ID":72},{"utility":53,"ID":85}],[{"utility":33,"ID":59},{"utility":43,"ID":66}],[{"utility":47,"ID":20},{"utility":95,"ID":79}],[{"utility":0,"ID":99}],[{"utility":0,"ID":27}],[{"utility":0,"ID":18}],[{"utility":52,"ID":48},{"utility":27,"ID":84}],[{"utility":56,"ID":29},{"utility":8,"ID":89}],[{"utility":99,"ID":2},{"utility":95,"ID":5}],[{"utility":0,"ID":43}],[{"utility":0,"ID":35}],[{"utility":99,"ID":7},{"utility":21,"ID":12}],[{"utility":0,"ID":15}],[{"utility":99,"ID":6},{"utility":72,"ID":57}],[{"utility":0,"ID":24}],[{"utility":0,"ID":40}],[{"utility":0,"ID":26}],[{"utility":5,"ID":10},{"utility":70,"ID":13}],[],[],[],[],[],[],[],[],[],[],[],[],[],[],[],[],[],[],[],[],[],[],[],[],[],[],[],[],[],[],[],[],[],[],[],[],[],[],[],[],[]],"STARTING COALITION: ":[[null],[{"utility":0,"ID":60}],[{"utility":0,"ID":44}],[{"utility":57.5,"ID":3},{"utility":83,"ID":11},{"utility":14,"ID":50}],[{"utility":17.5,"ID":15},{"utility":49,"ID":24},{"utility":34.5,"ID":51}],[{"utility":7,"ID":8},{"utility":0,"ID":54}],[{"utility":39,"ID":45},{"utility":37,"ID":91}],[],[{"utility":65,"ID":2},{"utility":12,"ID":62}],[{"utility":53,"ID":52},{"utility":26,"ID":53}],[{"utility":79,"ID":43},{"utility":56,"ID":47}],[{"utility":34,"ID":41},{"utility":21,"ID":58}],[{"utility":0,"ID":22}],[{"utility":0,"ID":35}],[{"utility":0,"ID":33}],[],[{"utility":38.5,"ID":1},{"utility":39,"ID":71},{"utility":60,"ID":90}],[{"utility":35,"ID":18},{"utility":0,"ID":38}],[],[{"utility":56.5,"ID":13},{"utility":40.25,"ID":14},{"utility":21,"ID":77},{"utility":49.25,"ID":82},{"utility":58.25,"ID":98}],[{"utility":35,"ID":30},{"utility":96,"ID":39}],[],[{"utility":0,"ID":55}],[{"utility":32,"ID":42},{"utility":74,"ID":96}],[{"utility":35,"ID":27},{"utility":60,"ID":34},{"utility":14.5,"ID":40}],[{"utility":35,"ID":6},{"utility":29,"ID":86}],[{"utility":47.666666666666664,"ID":28},{"utility":27.333333333333332,"ID":56},{"utility":59.666666666666664,"ID":57},{"utility":49.666666666666664,"ID":67}],[{"utility":36,"ID":80},{"utility":38,"ID":94},{"utility":35.5,"ID":100}],[{"utility":49.5,"ID":49},{"utility":66.5,"ID":61},{"utility":83.5,"ID":93}],[{"utility":0,"ID":64}],[{"utility":86,"ID":36},{"utility":99,"ID":78}],[{"utility":46.5,"ID":21},{"utility":64,"ID":23},{"utility":42,"ID":76}],[{"utility":0,"ID":74}],[{"utility":0,"ID":31}],[{"utility":70,"ID":9},{"utility":12.5,"ID":16},{"utility":30,"ID":97}],[{"utility":0,"ID":65}],[{"utility":31,"ID":32},{"utility":43.333333333333336,"ID":46},{"utility":38.333333333333336,"ID":68},{"utility":34.333333333333336,"ID":92}],[{"utility":94,"ID":73},{"utility":94,"ID":87}],[{"utility":0,"ID":25}],[{"utility":56,"ID":17},{"utility":34.5,"ID":37},{"utility":77,"ID":95}],[{"utility":22,"ID":7},{"utility":41.5,"ID":75},{"utility":6,"ID":81}],[{"utility":43,"ID":19},{"utility":9.333333333333334,"ID":69},{"utility":44,"ID":70},{"utility":40.666666666666664,"ID":88}],[{"utility":84,"ID":63},{"utility":44.5,"ID":72},{"utility":53,"ID":85}],[{"utility":33,"ID":59},{"utility":43,"ID":66}],[{"utility":47,"ID":20},{"utility":95,"ID":79}],[{"utility":35.5,"ID":10},{"utility":59.5,"ID":26},{"utility":56,"ID":99}],[{"utility":0,"ID":12}],[{"utility":0,"ID":4}],[{"utility":58,"ID":5},{"utility":30,"ID":48},{"utility":13.5,"ID":84}],[{"utility":56,"ID":29},{"utility":8,"ID":89}],[{"utility":0,"ID":83}],[],[],[],[],[],[],[],[],[],[],[],[],[],[],[],[],[],[],[],[],[],[],[],[],[],[],[],[],[],[],[],[],[],[],[],[],[],[],[],[],[],[],[],[],[],[],[],[],[],[]],"CORE :":false,"LAST PARTITION":{"88":41,"89":49,"90":16,"91":6,"92":36,"93":28,"94":27,"95":39,"96":23,"97":34,"10":59,"98":19,"11":3,"99":45,"12":53,"13":59,"14":18,"15":54,"16":21,"17":39,"18":47,"19":41,"1":13,"2":50,"3":7,"4":15,"5":50,"6":55,"7":53,"8":10,"9":22,"20":44,"21":31,"22":12,"23":31,"24":56,"25":15,"26":58,"27":46,"28":26,"29":49,"30":20,"31":33,"32":36,"33":14,"34":24,"35":52,"36":30,"37":39,"38":17,"39":20,"40":57,"41":11,"42":23,"43":51,"44":2,"45":6,"46":36,"47":8,"48":48,"49":28,"50":3,"51":4,"52":9,"53":9,"54":5,"55":13,"56":26,"57":55,"58":11,"59":43,"60":1,"61":28,"62":10,"63":42,"64":29,"65":35,"66":43,"67":26,"68":36,"69":22,"70":41,"71":16,"72":42,"73":37,"74":32,"75":40,"76":31,"77":19,"78":30,"79":44,"100":27,"80":27,"81":40,"82":19,"83":7,"84":48,"85":42,"86":25,"87":37}},{"END OF FILE:" : true}]