[{"STARTING PARTITION: ":{"1":1,"2":1,"3":3,"4":1,"5":3,"6":2},"Agents":[null,{"utility":98,"ID":1},{"utility":74,"ID":2},{"utility":92,"ID":3},{"utility":5,"ID":4},{"utility":89,"ID":5},{"utility":65,"ID":6}],"LAST COALITION":[[],[],[],[{"utility":92,"ID":3},{"utility":89,"ID":5}],[{"utility":98,"ID":1},{"utility":74,"ID":2}],[{"utility":5,"ID":4},{"utility":65,"ID":6}],[]],"STARTING COALITION: ":[[null],[{"utility":60,"ID":1},{"utility":51.5,"ID":2},{"utility":19,"ID":4}],[{"utility":0,"ID":6}],[{"utility":92,"ID":3},{"utility":89,"ID":5}],[],[],[]],"CORE :":true,"LAST PARTITION":{"1":4,"2":4,"3":3,"4":5,"5":3,"6":5}},{"STARTING PARTITION: ":{"1":2,"2":1,"3":3,"4":3,"5":1,"6":1},"Agents":[null,{"utility":98,"ID":1},{"utility":74,"ID":2},{"utility":92,"ID":3},{"utility":5,"ID":4},{"utility":89,"ID":5},{"utility":65,"ID":6}],"LAST COALITION":[[],[],[{"utility":92,"ID":3},{"utility":89,"ID":5}],[],[{"utility":98,"ID":1},{"utility":74,"ID":2}],[{"utility":5,"ID":4},{"utility":65,"ID":6}],[]],"STARTING COALITION: ":[[null],[{"utility":51.5,"ID":2},{"utility":50,"ID":5},{"utility":12,"ID":6}],[{"utility":0,"ID":1}],[{"utility":39,"ID":3},{"utility":59,"ID":4}],[],[],[]],"CORE :":true,"LAST PARTITION":{"1":4,"2":4,"3":2,"4":5,"5":2,"6":5}},{"STARTING PARTITION: ":{"1":2,"2":3,"3":3,"4":2,"5":2,"6":2},"Agents":[null,{"utility":98,"ID":1},{"utility":74,"ID":2},{"utility":92,"ID":3},{"utility":5,"ID":4},{"utility":89,"ID":5},{"utility":65,"ID":6}],"LAST COALITION":[[],[{"utility":98,"ID":1},{"utility":74,"ID":2}],[],[{"utility":92,"ID":3},{"utility":89,"ID":5}],[],[{"utility":5,"ID":4},{"utility":65,"ID":6}],[]],"STARTING COALITION: ":[[null],[],[{"utility":29.333333333333332,"ID":1},{"utility":35,"ID":4},{"utility":68.33333333333333,"ID":5},{"utility":55,"ID":6}],[{"utility":2,"ID":2},{"utility":34,"ID":3}],[],[],[]],"CORE :":true,"LAST PARTITION":{"1":1,"2":1,"3":3,"4":5,"5":3,"6":5}},{"STARTING PARTITION: ":{"1":3,"2":1,"3":2,"4":3,"5":3,"6":2},"Agents":[null,{"utility":98,"ID":1},{"utility":74,"ID":2},{"utility":92,"ID":3},{"utility":5,"ID":4},{"utility":89,"ID":5},{"utility":65,"ID":6}],"LAST COALITION":[[],[{"utility":92,"ID":3},{"utility":89,"ID":5}],[],[],[{"utility":98,"ID":1},{"utility":74,"ID":2}],[{"utility":5,"ID":4},{"utility":65,"ID":6}],[]],"STARTING COALITION: ":[[null],[{"utility":0,"ID":2}],[{"utility":82,"ID":3},{"utility":8,"ID":6}],[{"utility":25.5,"ID":1},{"utility":50,"ID":4},{"utility":85.5,"ID":5}],[],[],[]],"CORE :":true,"LAST PARTITION":{"1":4,"2":4,"3":1,"4":5,"5":1,"6":5}},{"STARTING PARTITION: ":{"1":2,"2":2,"3":3,"4":1,"5":3,"6":3},"Agents":[null,{"utility":98,"ID":1},{"utility":74,"ID":2},{"utility":92,"ID":3},{"utility":5,"ID":4},{"utility":89,"ID":5},{"utility":65,"ID":6}],"LAST COALITION":[[],[],[{"utility":98,"ID":1},{"utility":74,"ID":2}],[],[{"utility":92,"ID":3},{"utility":89,"ID":5}],[{"utility":5,"ID":4},{"utility":65,"ID":6}],[]],"STARTING COALITION: ":[[null],[{"utility":0,"ID":4}],[{"utility":98,"ID":1},{"utility":74,"ID":2}],[{"utility":87,"ID":3},{"utility":61.5,"ID":5},{"utility":7.5,"ID":6}],[],[],[]],"CORE :":true,"LAST PARTITION":{"1":2,"2":2,"3":4,"4":5,"5":4,"6":5}},{"STARTING PARTITION: ":{"1":3,"2":1,"3":2,"4":3,"5":2,"6":3},"Agents":[null,{"utility":98,"ID":1},{"utility":74,"ID":2},{"utility":92,"ID":3},{"utility":5,"ID":4},{"utility":89,"ID":5},{"utility":65,"ID":6}],"LAST COALITION":[[],[],[{"utility":92,"ID":3},{"utility":89,"ID":5}],[{"utility":5,"ID":4},{"utility":65,"ID":6}],[{"utility":98,"ID":1},{"utility":74,"ID":2}],[],[]],"STARTING COALITION: ":[[null],[{"utility":0,"ID":2}],[{"utility":92,"ID":3},{"utility":89,"ID":5}],[{"utility":29.5,"ID":1},{"utility":10.5,"ID":4},{"utility":79,"ID":6}],[],[],[]],"CORE :":true,"LAST PARTITION":{"1":4,"2":4,"3":2,"4":3,"5":2,"6":3}},{"STARTING PARTITION: ":{"1":3,"2":3,"3":3,"4":1,"5":2,"6":1},"Agents":[null,{"utility":98,"ID":1},{"utility":74,"ID":2},{"utility":92,"ID":3},{"utility":5,"ID":4},{"utility":89,"ID":5},{"utility":65,"ID":6}],"LAST COALITION":[[],[],[{"utility":5,"ID":4},{"utility":65,"ID":6}],[{"utility":92,"ID":3},{"utility":89,"ID":5}],[{"utility":98,"ID":1},{"utility":74,"ID":2}],[],[]],"STARTING COALITION: ":[[null],[{"utility":5,"ID":4},{"utility":65,"ID":6}],[{"utility":0,"ID":5}],[{"utility":53.5,"ID":1},{"utility":38,"ID":2},{"utility":54.5,"ID":3}],[],[],[]],"CORE :":true,"LAST PARTITION":{"1":4,"2":4,"3":3,"4":2,"5":3,"6":2}},{"STARTING PARTITION: ":{"1":2,"2":1,"3":3,"4":3,"5":3,"6":1},"Agents":[null,{"utility":98,"ID":1},{"utility":74,"ID":2},{"utility":92,"ID":3},{"utility":5,"ID":4},{"utility":89,"ID":5},{"utility":65,"ID":6}],"LAST COALITION":[[],[],[{"utility":92,"ID":3},{"utility":89,"ID":5}],[],[{"utility":98,"ID":1},{"utility":74,"ID":2}],[{"utility":5,"ID":4},{"utility":65,"ID":6}],[]],"STARTING COALITION: ":[[null],[{"utility":45,"ID":2},{"utility":17,"ID":6}],[{"utility":0,"ID":1}],[{"utility":65.5,"ID":3},{"utility":71.5,"ID":4},{"utility":85.5,"ID":5}],[],[],[]],"CORE :":true,"LAST PARTITION":{"1":4,"2":4,"3":2,"4":5,"5":2,"6":5}},{"STARTING PARTITION: ":{"1":2,"2":2,"3":2,"4":1,"5":3,"6":2},"Agents":[null,{"utility":98,"ID":1},{"utility":74,"ID":2},{"utility":92,"ID":3},{"utility":5,"ID":4},{"utility":89,"ID":5},{"utility":65,"ID":6}],"LAST COALITION":[[],[],[],[{"utility":5,"ID":4},{"utility":65,"ID":6}],[{"utility":98,"ID":1},{"utility":74,"ID":2}],[{"utility":92,"ID":3},{"utility":89,"ID":5}],[]],"STARTING COALITION: ":[[null],[{"utility":0,"ID":4}],[{"utility":48,"ID":1},{"utility":40.333333333333336,"ID":2},{"utility":63.666666666666664,"ID":3},{"utility":39.333333333333336,"ID":6}],[{"utility":0,"ID":5}],[],[],[]],"CORE :":true,"LAST PARTITION":{"1":4,"2":4,"3":5,"4":3,"5":5,"6":3}},{"STARTING PARTITION: ":{"1":2,"2":1,"3":2,"4":1,"5":3,"6":3},"Agents":[null,{"utility":98,"ID":1},{"utility":74,"ID":2},{"utility":92,"ID":3},{"utility":5,"ID":4},{"utility":89,"ID":5},{"utility":65,"ID":6}],"LAST COALITION":[[],[{"utility":92,"ID":3},{"utility":89,"ID":5}],[{"utility":5,"ID":4},{"utility":65,"ID":6}],[],[{"utility":98,"ID":1},{"utility":74,"ID":2}],[],[]],"STARTING COALITION: ":[[null],[{"utility":29,"ID":2},{"utility":22,"ID":4}],[{"utility":9,"ID":1},{"utility":75,"ID":3}],[{"utility":34,"ID":5},{"utility":7,"ID":6}],[],[],[]],"CORE :":true,"LAST PARTITION":{"1":4,"2":4,"3":1,"4":2,"5":1,"6":2}},{"END OF FILE:" : true}]