[{"STARTING PARTITION: ":{"88":24,"89":36,"90":1,"91":33,"92":31,"93":33,"94":29,"95":21,"96":20,"97":6,"10":39,"98":9,"11":9,"99":19,"12":41,"13":33,"14":10,"15":29,"16":44,"17":47,"18":30,"19":6,"1":46,"2":36,"3":6,"4":37,"5":47,"6":28,"7":47,"8":40,"9":33,"20":4,"21":39,"22":48,"23":8,"24":47,"25":1,"26":33,"27":46,"28":10,"29":24,"30":47,"31":12,"32":18,"33":38,"34":16,"35":28,"36":32,"37":3,"38":50,"39":22,"40":25,"41":16,"42":38,"43":23,"44":24,"45":50,"46":37,"47":28,"48":47,"49":43,"50":3,"51":37,"52":32,"53":27,"54":4,"55":19,"56":29,"57":6,"58":44,"59":24,"60":49,"61":30,"62":8,"63":7,"64":36,"65":11,"66":26,"67":14,"68":6,"69":7,"70":39,"71":32,"72":14,"73":23,"74":29,"75":47,"76":24,"77":15,"78":33,"79":34,"100":15,"80":18,"81":15,"82":30,"83":49,"84":17,"85":18,"86":45,"87":46},"Agents":[null,{"utility":99,"ID":1},{"utility":95,"ID":2},{"utility":98,"ID":3},{"utility":99,"ID":4},{"utility":94,"ID":5},{"utility":99,"ID":6},{"utility":99,"ID":7},{"utility":97,"ID":8},{"utility":98,"ID":9},{"utility":96,"ID":10},{"utility":99,"ID":11},{"utility":99,"ID":12},{"utility":98,"ID":13},{"utility":99,"ID":14},{"utility":96,"ID":15},{"utility":99,"ID":16},{"utility":99,"ID":17},{"utility":97,"ID":18},{"utility":98,"ID":19},{"utility":99,"ID":20},{"utility":3,"ID":21},{"utility":82,"ID":22},{"utility":46,"ID":23},{"utility":0,"ID":24},{"utility":0,"ID":25},{"utility":0,"ID":26},{"utility":81,"ID":27},{"utility":0,"ID":28},{"utility":90,"ID":29},{"utility":0,"ID":30},{"utility":0,"ID":31},{"utility":91,"ID":32},{"utility":57,"ID":33},{"utility":71,"ID":34},{"utility":0,"ID":35},{"utility":34,"ID":36},{"utility":0,"ID":37},{"utility":45,"ID":38},{"utility":0,"ID":39},{"utility":0,"ID":40},{"utility":0,"ID":41},{"utility":0,"ID":42},{"utility":0,"ID":43},{"utility":7,"ID":44},{"utility":0,"ID":45},{"utility":0,"ID":46},{"utility":0,"ID":47},{"utility":0,"ID":48},{"utility":2,"ID":49},{"utility":0,"ID":50},{"utility":69,"ID":51},{"utility":75.5,"ID":52},{"utility":57,"ID":53},{"utility":0,"ID":54},{"utility":21,"ID":55},{"utility":57,"ID":56},{"utility":81,"ID":57},{"utility":0,"ID":58},{"utility":32.5,"ID":59},{"utility":0,"ID":60},{"utility":9,"ID":61},{"utility":40,"ID":62},{"utility":94,"ID":63},{"utility":0,"ID":64},{"utility":69,"ID":65},{"utility":19,"ID":66},{"utility":85,"ID":67},{"utility":0,"ID":68},{"utility":64,"ID":69},{"utility":0,"ID":70},{"utility":50,"ID":71},{"utility":0,"ID":72},{"utility":0,"ID":73},{"utility":70.5,"ID":74},{"utility":0,"ID":75},{"utility":51,"ID":76},{"utility":58,"ID":77},{"utility":65,"ID":78},{"utility":0,"ID":79},{"utility":86,"ID":80},{"utility":35.5,"ID":81},{"utility":0,"ID":82},{"utility":0,"ID":83},{"utility":0,"ID":84},{"utility":48,"ID":85},{"utility":0,"ID":86},{"utility":0,"ID":87},{"utility":26,"ID":88},{"utility":37,"ID":89},{"utility":0,"ID":90},{"utility":18.5,"ID":91},{"utility":0,"ID":92},{"utility":81,"ID":93},{"utility":28,"ID":94},{"utility":0,"ID":95},{"utility":14,"ID":96},{"utility":81,"ID":97},{"utility":19,"ID":98},{"utility":53,"ID":99},{"utility":50,"ID":100}],"LAST COALITION":[[],[{"utility":0,"ID":90}],[{"utility":71,"ID":34},{"utility":94,"ID":5}],[{"utility":0,"ID":50}],[{"utility":0,"ID":54}],[{"utility":0,"ID":25}],[{"utility":0,"ID":68},{"utility":81,"ID":97}],[{"utility":94,"ID":63},{"utility":64,"ID":69}],[{"utility":99,"ID":16},{"utility":2,"ID":49}],[{"utility":95,"ID":2},{"utility":46,"ID":23}],[{"utility":86,"ID":80},{"utility":96,"ID":15}],[{"utility":3,"ID":21},{"utility":82,"ID":22}],[{"utility":97,"ID":8},{"utility":81,"ID":57}],[{"utility":99,"ID":1},{"utility":69,"ID":65}],[{"utility":85,"ID":67},{"utility":0,"ID":72}],[{"utility":58,"ID":77},{"utility":35.5,"ID":81},{"utility":50,"ID":100}],[{"utility":0,"ID":41}],[{"utility":0,"ID":84}],[{"utility":91,"ID":32},{"utility":48,"ID":85}],[{"utility":53,"ID":99},{"utility":99,"ID":12}],[{"utility":0,"ID":28}],[{"utility":0,"ID":95}],[{"utility":0,"ID":39}],[{"utility":0,"ID":73}],[{"utility":7,"ID":44},{"utility":32.5,"ID":59},{"utility":26,"ID":88}],[{"utility":0,"ID":35}],[{"utility":0,"ID":75}],[{"utility":99,"ID":20},{"utility":81,"ID":27}],[{"utility":57,"ID":53},{"utility":99,"ID":14}],[{"utility":57,"ID":56},{"utility":70.5,"ID":74},{"utility":28,"ID":94}],[{"utility":9,"ID":61},{"utility":0,"ID":82}],[{"utility":0,"ID":92}],[{"utility":34,"ID":36},{"utility":75.5,"ID":52},{"utility":50,"ID":71}],[{"utility":65,"ID":78},{"utility":18.5,"ID":91},{"utility":81,"ID":93}],[{"utility":0,"ID":79}],[{"utility":98,"ID":19},{"utility":90,"ID":29}],[{"utility":0,"ID":64}],[{"utility":0,"ID":46}],[{"utility":0,"ID":42}],[{"utility":0,"ID":70}],[{"utility":0,"ID":48}],[{"utility":14,"ID":96},{"utility":99,"ID":6}],[{"utility":69,"ID":51},{"utility":98,"ID":13}],[{"utility":0,"ID":24}],[{"utility":0,"ID":58}],[{"utility":0,"ID":86}],[{"utility":0,"ID":87}],[{"utility":0,"ID":60}],[{"utility":45,"ID":38},{"utility":99,"ID":7}],[{"utility":0,"ID":83}],[{"utility":0,"ID":45}],[{"utility":0,"ID":30}],[{"utility":0,"ID":47}],[{"utility":0,"ID":37}],[{"utility":19,"ID":66},{"utility":99,"ID":4}],[{"utility":0,"ID":31}],[{"utility":99,"ID":17},{"utility":21,"ID":55}],[{"utility":19,"ID":98},{"utility":96,"ID":10}],[{"utility":57,"ID":33},{"utility":98,"ID":3}],[{"utility":97,"ID":18},{"utility":40,"ID":62}],[{"utility":37,"ID":89},{"utility":99,"ID":11}],[{"utility":0,"ID":40}],[],[{"utility":98,"ID":9},{"utility":51,"ID":76}],[{"utility":0,"ID":26}],[{"utility":0,"ID":43}],[],[],[],[],[],[],[],[],[],[],[],[],[],[],[],[],[],[],[],[],[],[],[],[],[],[],[],[],[],[],[],[],[],[],[]],"STARTING COALITION: ":[[null],[{"utility":16,"ID":25},{"utility":72,"ID":90}],[],[{"utility":0,"ID":37},{"utility":3,"ID":50}],[{"utility":84,"ID":20},{"utility":79,"ID":54}],[],[{"utility":58,"ID":3},{"utility":32.5,"ID":19},{"utility":66.75,"ID":57},{"utility":26.5,"ID":68},{"utility":61.75,"ID":97}],[{"utility":94,"ID":63},{"utility":64,"ID":69}],[{"utility":20,"ID":23},{"utility":9,"ID":62}],[{"utility":46,"ID":11},{"utility":0,"ID":98}],[{"utility":75,"ID":14},{"utility":64,"ID":28}],[{"utility":0,"ID":65}],[{"utility":0,"ID":31}],[],[{"utility":85,"ID":67},{"utility":0,"ID":72}],[{"utility":58,"ID":77},{"utility":35.5,"ID":81},{"utility":50,"ID":100}],[{"utility":25,"ID":34},{"utility":2,"ID":41}],[{"utility":0,"ID":84}],[{"utility":77,"ID":32},{"utility":58.5,"ID":80},{"utility":32.5,"ID":85}],[{"utility":0,"ID":55},{"utility":86,"ID":99}],[{"utility":0,"ID":96}],[{"utility":0,"ID":95}],[{"utility":0,"ID":39}],[{"utility":16,"ID":43},{"utility":30,"ID":73}],[{"utility":45.25,"ID":29},{"utility":27,"ID":44},{"utility":35.75,"ID":59},{"utility":51.5,"ID":76},{"utility":43.25,"ID":88}],[{"utility":0,"ID":40}],[{"utility":0,"ID":66}],[{"utility":0,"ID":53}],[{"utility":21.5,"ID":6},{"utility":63.5,"ID":35},{"utility":31,"ID":47}],[{"utility":69,"ID":15},{"utility":41,"ID":56},{"utility":76.66666666666667,"ID":74},{"utility":47,"ID":94}],[{"utility":33,"ID":18},{"utility":5.5,"ID":61},{"utility":43,"ID":82}],[{"utility":0,"ID":92}],[{"utility":34,"ID":36},{"utility":75.5,"ID":52},{"utility":50,"ID":71}],[{"utility":46.8,"ID":9},{"utility":33.8,"ID":13},{"utility":70.6,"ID":26},{"utility":56,"ID":78},{"utility":37.2,"ID":91},{"utility":42,"ID":93}],[{"utility":0,"ID":79}],[],[{"utility":39,"ID":2},{"utility":95,"ID":64},{"utility":24,"ID":89}],[{"utility":71,"ID":4},{"utility":27.5,"ID":46},{"utility":56,"ID":51}],[{"utility":57,"ID":33},{"utility":51,"ID":42}],[{"utility":60,"ID":10},{"utility":65.5,"ID":21},{"utility":18.5,"ID":70}],[{"utility":0,"ID":8}],[{"utility":0,"ID":12}],[],[{"utility":0,"ID":49}],[{"utility":67,"ID":16},{"utility":49,"ID":58}],[{"utility":0,"ID":86}],[{"utility":36.5,"ID":1},{"utility":41.5,"ID":27},{"utility":54.5,"ID":87}],[{"utility":56,"ID":5},{"utility":54.166666666666664,"ID":7},{"utility":48.5,"ID":17},{"utility":41.666666666666664,"ID":24},{"utility":24.5,"ID":30},{"utility":25.5,"ID":48},{"utility":55.5,"ID":75}],[{"utility":0,"ID":22}],[{"utility":26,"ID":60},{"utility":0,"ID":83}],[{"utility":0,"ID":38},{"utility":91,"ID":45}],[],[],[],[],[],[],[],[],[],[],[],[],[],[],[],[],[],[],[],[],[],[],[],[],[],[],[],[],[],[],[],[],[],[],[],[],[],[],[],[],[],[],[],[],[],[],[],[],[],[]],"CORE :":false,"LAST PARTITION":{"88":24,"89":60,"90":1,"91":33,"92":31,"93":33,"94":29,"95":21,"96":41,"97":6,"10":57,"98":57,"11":60,"99":19,"12":19,"13":42,"14":28,"15":10,"16":8,"17":56,"18":59,"19":35,"1":13,"2":9,"3":58,"4":54,"5":2,"6":41,"7":48,"8":12,"9":63,"20":27,"21":11,"22":11,"23":9,"24":43,"25":5,"26":64,"27":27,"28":20,"29":35,"30":51,"31":55,"32":18,"33":58,"34":2,"35":25,"36":32,"37":53,"38":48,"39":22,"40":61,"41":16,"42":38,"43":65,"44":24,"45":50,"46":37,"47":52,"48":40,"49":8,"50":3,"51":42,"52":32,"53":28,"54":4,"55":56,"56":29,"57":12,"58":44,"59":24,"60":47,"61":30,"62":59,"63":7,"64":36,"65":13,"66":54,"67":14,"68":6,"69":7,"70":39,"71":32,"72":14,"73":23,"74":29,"75":26,"76":63,"77":15,"78":33,"79":34,"100":15,"80":10,"81":15,"82":30,"83":49,"84":17,"85":18,"86":45,"87":46}},{"STARTING PARTITION: ":{"88":35,"89":32,"90":13,"91":21,"92":11,"93":19,"94":1,"95":29,"96":22,"97":44,"10":10,"98":12,"11":27,"99":33,"12":29,"13":18,"14":13,"15":7,"16":10,"17":46,"18":17,"19":27,"1":47,"2":25,"3":22,"4":7,"5":3,"6":43,"7":36,"8":46,"9":35,"20":14,"21":13,"22":35,"23":30,"24":14,"25":39,"26":41,"27":27,"28":4,"29":3,"30":28,"31":50,"32":38,"33":5,"34":26,"35":3,"36":11,"37":26,"38":1,"39":15,"40":6,"41":27,"42":12,"43":8,"44":13,"45":29,"46":18,"47":28,"48":4,"49":12,"50":15,"51":1,"52":43,"53":6,"54":19,"55":13,"56":15,"57":35,"58":28,"59":25,"60":42,"61":25,"62":1,"63":12,"64":21,"65":9,"66":11,"67":35,"68":30,"69":5,"70":25,"71":16,"72":43,"73":24,"74":1,"75":20,"76":22,"77":31,"78":6,"79":13,"100":16,"80":11,"81":28,"82":36,"83":4,"84":42,"85":24,"86":4,"87":6},"Agents":[null,{"utility":99,"ID":1},{"utility":95,"ID":2},{"utility":98,"ID":3},{"utility":99,"ID":4},{"utility":92,"ID":5},{"utility":99,"ID":6},{"utility":92,"ID":7},{"utility":97,"ID":8},{"utility":98,"ID":9},{"utility":94,"ID":10},{"utility":99,"ID":11},{"utility":99,"ID":12},{"utility":99,"ID":13},{"utility":99,"ID":14},{"utility":96,"ID":15},{"utility":99,"ID":16},{"utility":0,"ID":17},{"utility":79,"ID":18},{"utility":0,"ID":19},{"utility":0,"ID":20},{"utility":0,"ID":21},{"utility":81.5,"ID":22},{"utility":46,"ID":23},{"utility":0,"ID":24},{"utility":0,"ID":25},{"utility":88,"ID":26},{"utility":81,"ID":27},{"utility":0,"ID":28},{"utility":0,"ID":29},{"utility":0,"ID":30},{"utility":0,"ID":31},{"utility":0,"ID":32},{"utility":57,"ID":33},{"utility":89,"ID":34},{"utility":54,"ID":35},{"utility":11,"ID":36},{"utility":0,"ID":37},{"utility":0,"ID":38},{"utility":27.5,"ID":39},{"utility":0,"ID":40},{"utility":91,"ID":41},{"utility":49.333333333333336,"ID":42},{"utility":0,"ID":43},{"utility":43.5,"ID":44},{"utility":79,"ID":45},{"utility":0,"ID":46},{"utility":43.5,"ID":47},{"utility":30,"ID":48},{"utility":36,"ID":49},{"utility":70.5,"ID":50},{"utility":0,"ID":51},{"utility":44,"ID":52},{"utility":57,"ID":53},{"utility":86,"ID":54},{"utility":88,"ID":55},{"utility":56.5,"ID":56},{"utility":81,"ID":57},{"utility":80.5,"ID":58},{"utility":69,"ID":59},{"utility":72,"ID":60},{"utility":70,"ID":61},{"utility":0,"ID":62},{"utility":9,"ID":63},{"utility":83,"ID":64},{"utility":69,"ID":65},{"utility":19,"ID":66},{"utility":52,"ID":67},{"utility":0,"ID":68},{"utility":0,"ID":69},{"utility":72,"ID":70},{"utility":83,"ID":71},{"utility":0,"ID":72},{"utility":0,"ID":73},{"utility":86,"ID":74},{"utility":0,"ID":75},{"utility":51,"ID":76},{"utility":24,"ID":77},{"utility":35,"ID":78},{"utility":0,"ID":79},{"utility":86,"ID":80},{"utility":32,"ID":81},{"utility":0,"ID":82},{"utility":27.5,"ID":83},{"utility":18,"ID":84},{"utility":0,"ID":85},{"utility":75,"ID":86},{"utility":99,"ID":87},{"utility":39.5,"ID":88},{"utility":37,"ID":89},{"utility":15.5,"ID":90},{"utility":96,"ID":91},{"utility":77,"ID":92},{"utility":60,"ID":93},{"utility":40,"ID":94},{"utility":95,"ID":95},{"utility":14,"ID":96},{"utility":0,"ID":97},{"utility":46.666666666666664,"ID":98},{"utility":53,"ID":99},{"utility":48,"ID":100}],"LAST COALITION":[[],[{"utility":86,"ID":74},{"utility":40,"ID":94}],[{"utility":0,"ID":21}],[{"utility":0,"ID":29}],[{"utility":30,"ID":48},{"utility":27.5,"ID":83},{"utility":75,"ID":86}],[{"utility":0,"ID":69}],[{"utility":35,"ID":78},{"utility":99,"ID":87}],[{"utility":0,"ID":30}],[{"utility":19,"ID":66},{"utility":99,"ID":4}],[{"utility":0,"ID":62}],[{"utility":0,"ID":32}],[{"utility":11,"ID":36},{"utility":77,"ID":92}],[{"utility":49.333333333333336,"ID":42},{"utility":36,"ID":49},{"utility":9,"ID":63},{"utility":46.666666666666664,"ID":98}],[{"utility":43.5,"ID":44},{"utility":88,"ID":55},{"utility":15.5,"ID":90}],[{"utility":89,"ID":34},{"utility":92,"ID":7}],[{"utility":27.5,"ID":39},{"utility":70.5,"ID":50},{"utility":56.5,"ID":56}],[{"utility":83,"ID":71},{"utility":48,"ID":100}],[{"utility":0,"ID":20}],[{"utility":0,"ID":46}],[{"utility":86,"ID":54},{"utility":60,"ID":93}],[{"utility":37,"ID":89},{"utility":99,"ID":11}],[{"utility":83,"ID":64},{"utility":96,"ID":91}],[{"utility":98,"ID":9},{"utility":51,"ID":76}],[{"utility":0,"ID":24}],[{"utility":0,"ID":85}],[{"utility":70,"ID":61},{"utility":72,"ID":70}],[{"utility":0,"ID":37}],[{"utility":81,"ID":27},{"utility":91,"ID":41}],[{"utility":43.5,"ID":47},{"utility":80.5,"ID":58},{"utility":32,"ID":81}],[{"utility":79,"ID":45},{"utility":95,"ID":95}],[{"utility":0,"ID":68}],[{"utility":54,"ID":35},{"utility":94,"ID":10}],[{"utility":0,"ID":75}],[{"utility":53,"ID":99},{"utility":99,"ID":12}],[{"utility":99,"ID":1},{"utility":69,"ID":65}],[{"utility":81.5,"ID":22},{"utility":52,"ID":67},{"utility":39.5,"ID":88}],[{"utility":0,"ID":82}],[{"utility":0,"ID":73}],[{"utility":0,"ID":38}],[{"utility":14,"ID":96},{"utility":99,"ID":6}],[{"utility":0,"ID":79}],[{"utility":95,"ID":2},{"utility":46,"ID":23}],[{"utility":72,"ID":60},{"utility":18,"ID":84}],[{"utility":0,"ID":72}],[{"utility":0,"ID":97}],[{"utility":79,"ID":18},{"utility":88,"ID":26}],[{"utility":0,"ID":19}],[{"utility":0,"ID":31}],[{"utility":0,"ID":28}],[{"utility":0,"ID":40}],[{"utility":97,"ID":8},{"utility":81,"ID":57}],[{"utility":57,"ID":33},{"utility":98,"ID":3}],[{"utility":0,"ID":43}],[{"utility":0,"ID":51}],[{"utility":0,"ID":25}],[{"utility":44,"ID":52},{"utility":99,"ID":13}],[{"utility":92,"ID":5},{"utility":69,"ID":59}],[{"utility":86,"ID":80},{"utility":96,"ID":15}],[{"utility":99,"ID":16},{"utility":24,"ID":77}],[],[{"utility":0,"ID":17}],[{"utility":57,"ID":53},{"utility":99,"ID":14}],[],[],[],[],[],[],[],[],[],[],[],[],[],[],[],[],[],[],[],[],[],[],[],[],[],[],[],[],[],[],[],[],[],[],[],[],[],[],[]],"STARTING COALITION: ":[[null],[{"utility":48.75,"ID":38},{"utility":22.25,"ID":51},{"utility":56.5,"ID":62},{"utility":59.25,"ID":74},{"utility":48.5,"ID":94}],[],[{"utility":45.5,"ID":5},{"utility":45.5,"ID":29},{"utility":64.5,"ID":35}],[{"utility":58.333333333333336,"ID":28},{"utility":31.666666666666668,"ID":48},{"utility":31,"ID":83},{"utility":55.333333333333336,"ID":86}],[{"utility":33,"ID":33},{"utility":20,"ID":69}],[{"utility":17,"ID":40},{"utility":39.666666666666664,"ID":53},{"utility":34.333333333333336,"ID":78},{"utility":54.333333333333336,"ID":87}],[{"utility":3,"ID":4},{"utility":0,"ID":15}],[{"utility":0,"ID":43}],[{"utility":0,"ID":65}],[{"utility":48,"ID":10},{"utility":93,"ID":16}],[{"utility":15.666666666666666,"ID":36},{"utility":25.333333333333332,"ID":66},{"utility":43,"ID":80},{"utility":28,"ID":92}],[{"utility":49.333333333333336,"ID":42},{"utility":36,"ID":49},{"utility":9,"ID":63},{"utility":46.666666666666664,"ID":98}],[{"utility":45,"ID":14},{"utility":48.6,"ID":21},{"utility":53,"ID":44},{"utility":64.2,"ID":55},{"utility":35.6,"ID":79},{"utility":32.4,"ID":90}],[{"utility":77,"ID":20},{"utility":23,"ID":24}],[{"utility":27.5,"ID":39},{"utility":70.5,"ID":50},{"utility":56.5,"ID":56}],[{"utility":83,"ID":71},{"utility":48,"ID":100}],[{"utility":0,"ID":18}],[{"utility":28,"ID":13},{"utility":33,"ID":46}],[{"utility":86,"ID":54},{"utility":60,"ID":93}],[{"utility":0,"ID":75}],[{"utility":83,"ID":64},{"utility":96,"ID":91}],[{"utility":72,"ID":3},{"utility":65,"ID":76},{"utility":56,"ID":96}],[],[{"utility":0,"ID":73},{"utility":53,"ID":85}],[{"utility":37,"ID":2},{"utility":40.333333333333336,"ID":59},{"utility":23.333333333333332,"ID":61},{"utility":66.66666666666667,"ID":70}],[{"utility":29,"ID":34},{"utility":47,"ID":37}],[{"utility":75,"ID":11},{"utility":36.333333333333336,"ID":19},{"utility":57.666666666666664,"ID":27},{"utility":36,"ID":41}],[{"utility":35.666666666666664,"ID":30},{"utility":57.333333333333336,"ID":47},{"utility":53.666666666666664,"ID":58},{"utility":41.333333333333336,"ID":81}],[{"utility":41.5,"ID":12},{"utility":46.5,"ID":45},{"utility":61,"ID":95}],[{"utility":38,"ID":23},{"utility":18,"ID":68}],[{"utility":0,"ID":77}],[{"utility":0,"ID":89}],[{"utility":0,"ID":99}],[],[{"utility":44.25,"ID":9},{"utility":69.75,"ID":22},{"utility":11.75,"ID":57},{"utility":26.75,"ID":67},{"utility":24.25,"ID":88}],[{"utility":62,"ID":7},{"utility":25,"ID":82}],[],[{"utility":0,"ID":32}],[{"utility":0,"ID":25}],[],[{"utility":0,"ID":26}],[{"utility":72,"ID":60},{"utility":18,"ID":84}],[{"utility":64,"ID":6},{"utility":18.5,"ID":52},{"utility":27.5,"ID":72}],[{"utility":0,"ID":97}],[],[{"utility":86,"ID":8},{"utility":81,"ID":17}],[{"utility":0,"ID":1}],[],[],[{"utility":0,"ID":31}],[],[],[],[],[],[],[],[],[],[],[],[],[],[],[],[],[],[],[],[],[],[],[],[],[],[],[],[],[],[],[],[],[],[],[],[],[],[],[],[],[],[],[],[],[],[],[],[],[],[]],"CORE :":false,"LAST PARTITION":{"88":35,"89":20,"90":13,"91":21,"92":11,"93":19,"94":1,"95":29,"96":39,"97":44,"10":31,"98":12,"11":20,"99":33,"12":33,"13":55,"14":61,"15":57,"16":58,"17":60,"18":45,"19":46,"1":34,"2":41,"3":51,"4":8,"5":56,"6":39,"7":14,"8":50,"9":22,"20":17,"21":2,"22":35,"23":41,"24":23,"25":54,"26":45,"27":27,"28":48,"29":3,"30":7,"31":47,"32":10,"33":51,"34":14,"35":31,"36":11,"37":26,"38":38,"39":15,"40":49,"41":27,"42":12,"43":52,"44":13,"45":29,"46":18,"47":28,"48":4,"49":12,"50":15,"51":53,"52":55,"53":61,"54":19,"55":13,"56":15,"57":50,"58":28,"59":56,"60":42,"61":25,"62":9,"63":12,"64":21,"65":34,"66":8,"67":35,"68":30,"69":5,"70":25,"71":16,"72":43,"73":37,"74":1,"75":32,"76":22,"77":58,"78":6,"79":40,"100":16,"80":57,"81":28,"82":36,"83":4,"84":42,"85":24,"86":4,"87":6}},{"STARTING PARTITION: ":{"88":6,"89":7,"90":25,"91":4,"92":22,"93":41,"94":8,"95":42,"96":4,"97":35,"10":19,"98":29,"11":47,"99":6,"12":26,"13":39,"14":16,"15":31,"16":48,"17":47,"18":35,"19":42,"1":47,"2":28,"3":4,"4":48,"5":39,"6":24,"7":22,"8":50,"9":12,"20":37,"21":50,"22":14,"23":4,"24":45,"25":5,"26":26,"27":13,"28":41,"29":34,"30":49,"31":8,"32":18,"33":6,"34":21,"35":35,"36":37,"37":29,"38":10,"39":47,"40":27,"41":42,"42":32,"43":38,"44":38,"45":17,"46":43,"47":3,"48":35,"49":18,"50":36,"51":25,"52":40,"53":50,"54":8,"55":22,"56":37,"57":9,"58":32,"59":3,"60":2,"61":26,"62":32,"63":26,"64":11,"65":8,"66":35,"67":46,"68":9,"69":32,"70":3,"71":29,"72":16,"73":5,"74":19,"75":26,"76":41,"77":40,"78":39,"79":47,"100":10,"80":19,"81":24,"82":45,"83":6,"84":38,"85":25,"86":28,"87":39},"Agents":[null,{"utility":99,"ID":1},{"utility":95,"ID":2},{"utility":97,"ID":3},{"utility":98,"ID":4},{"utility":94,"ID":5},{"utility":98,"ID":6},{"utility":99,"ID":7},{"utility":97,"ID":8},{"utility":98,"ID":9},{"utility":96,"ID":10},{"utility":99,"ID":11},{"utility":99,"ID":12},{"utility":99,"ID":13},{"utility":99,"ID":14},{"utility":96,"ID":15},{"utility":99,"ID":16},{"utility":99,"ID":17},{"utility":97,"ID":18},{"utility":98,"ID":19},{"utility":99,"ID":20},{"utility":3,"ID":21},{"utility":82,"ID":22},{"utility":46,"ID":23},{"utility":0,"ID":24},{"utility":0,"ID":25},{"utility":0,"ID":26},{"utility":81,"ID":27},{"utility":0,"ID":28},{"utility":90,"ID":29},{"utility":0,"ID":30},{"utility":0,"ID":31},{"utility":0,"ID":32},{"utility":79,"ID":33},{"utility":71,"ID":34},{"utility":0,"ID":35},{"utility":62,"ID":36},{"utility":0,"ID":37},{"utility":54,"ID":38},{"utility":0,"ID":39},{"utility":0,"ID":40},{"utility":30,"ID":41},{"utility":71.5,"ID":42},{"utility":0,"ID":43},{"utility":84,"ID":44},{"utility":0,"ID":45},{"utility":0,"ID":46},{"utility":80,"ID":47},{"utility":10,"ID":48},{"utility":2,"ID":49},{"utility":0,"ID":50},{"utility":72.5,"ID":51},{"utility":44,"ID":52},{"utility":57,"ID":53},{"utility":79,"ID":54},{"utility":21,"ID":55},{"utility":3,"ID":56},{"utility":81,"ID":57},{"utility":17.5,"ID":58},{"utility":51,"ID":59},{"utility":0,"ID":60},{"utility":74,"ID":61},{"utility":40,"ID":62},{"utility":9,"ID":63},{"utility":0,"ID":64},{"utility":69,"ID":65},{"utility":77,"ID":66},{"utility":0,"ID":67},{"utility":0,"ID":68},{"utility":39,"ID":69},{"utility":65.5,"ID":70},{"utility":0,"ID":71},{"utility":0,"ID":72},{"utility":87,"ID":73},{"utility":0,"ID":74},{"utility":0,"ID":75},{"utility":51,"ID":76},{"utility":21,"ID":77},{"utility":35,"ID":78},{"utility":0,"ID":79},{"utility":86,"ID":80},{"utility":0,"ID":81},{"utility":0,"ID":82},{"utility":0,"ID":83},{"utility":19,"ID":84},{"utility":45,"ID":85},{"utility":0,"ID":86},{"utility":99,"ID":87},{"utility":32,"ID":88},{"utility":37,"ID":89},{"utility":18,"ID":90},{"utility":52,"ID":91},{"utility":0,"ID":92},{"utility":0,"ID":93},{"utility":0,"ID":94},{"utility":77,"ID":95},{"utility":72,"ID":96},{"utility":2,"ID":97},{"utility":19,"ID":98},{"utility":53,"ID":99},{"utility":57,"ID":100}],"LAST COALITION":[[],[{"utility":0,"ID":30}],[{"utility":95,"ID":2},{"utility":46,"ID":23}],[{"utility":80,"ID":47},{"utility":51,"ID":59},{"utility":65.5,"ID":70}],[{"utility":52,"ID":91},{"utility":72,"ID":96}],[{"utility":0,"ID":75}],[{"utility":0,"ID":83},{"utility":32,"ID":88}],[{"utility":0,"ID":43}],[{"utility":79,"ID":54},{"utility":0,"ID":94}],[{"utility":0,"ID":68}],[{"utility":54,"ID":38},{"utility":57,"ID":100}],[{"utility":0,"ID":64}],[{"utility":0,"ID":35}],[{"utility":0,"ID":28}],[{"utility":98,"ID":19},{"utility":90,"ID":29}],[{"utility":3,"ID":21},{"utility":82,"ID":22}],[{"utility":0,"ID":72}],[{"utility":0,"ID":45}],[{"utility":0,"ID":79}],[{"utility":0,"ID":74}],[{"utility":99,"ID":1},{"utility":69,"ID":65}],[{"utility":0,"ID":31}],[{"utility":0,"ID":92}],[{"utility":99,"ID":20},{"utility":81,"ID":27}],[{"utility":0,"ID":81}],[{"utility":72.5,"ID":51},{"utility":45,"ID":85},{"utility":18,"ID":90}],[{"utility":74,"ID":61},{"utility":9,"ID":63}],[{"utility":10,"ID":48},{"utility":99,"ID":7}],[{"utility":0,"ID":86}],[{"utility":0,"ID":71}],[{"utility":79,"ID":33},{"utility":98,"ID":6}],[{"utility":97,"ID":3},{"utility":21,"ID":77}],[{"utility":71.5,"ID":42},{"utility":17.5,"ID":58},{"utility":39,"ID":69}],[],[{"utility":98,"ID":4},{"utility":87,"ID":73}],[{"utility":77,"ID":66},{"utility":2,"ID":97}],[{"utility":0,"ID":50}],[{"utility":62,"ID":36},{"utility":3,"ID":56}],[{"utility":84,"ID":44},{"utility":19,"ID":84}],[{"utility":35,"ID":78},{"utility":99,"ID":87}],[{"utility":97,"ID":8},{"utility":81,"ID":57}],[{"utility":0,"ID":93}],[{"utility":30,"ID":41},{"utility":77,"ID":95}],[{"utility":0,"ID":46}],[{"utility":37,"ID":89},{"utility":99,"ID":11}],[{"utility":0,"ID":82}],[{"utility":0,"ID":67}],[{"utility":0,"ID":39}],[{"utility":0,"ID":26}],[{"utility":0,"ID":25}],[{"utility":0,"ID":37}],[{"utility":71,"ID":34},{"utility":94,"ID":5}],[{"utility":0,"ID":24}],[{"utility":99,"ID":16},{"utility":2,"ID":49}],[{"utility":99,"ID":17},{"utility":21,"ID":55}],[{"utility":0,"ID":60}],[],[{"utility":98,"ID":9},{"utility":51,"ID":76}],[{"utility":0,"ID":40}],[],[{"utility":53,"ID":99},{"utility":99,"ID":12}],[{"utility":86,"ID":80},{"utility":96,"ID":15}],[{"utility":44,"ID":52},{"utility":99,"ID":13}],[{"utility":57,"ID":53},{"utility":99,"ID":14}],[{"utility":0,"ID":32}],[{"utility":19,"ID":98},{"utility":96,"ID":10}],[],[{"utility":97,"ID":18},{"utility":40,"ID":62}],[],[],[],[],[],[],[],[],[],[],[],[],[],[],[],[],[],[],[],[],[],[],[],[],[],[],[],[],[],[],[],[],[]],"STARTING COALITION: ":[[null],[],[{"utility":0,"ID":60}],[{"utility":80,"ID":47},{"utility":51,"ID":59},{"utility":65.5,"ID":70}],[{"utility":26,"ID":3},{"utility":52.666666666666664,"ID":23},{"utility":66,"ID":91},{"utility":47.666666666666664,"ID":96}],[{"utility":21,"ID":25},{"utility":66,"ID":73}],[{"utility":35.333333333333336,"ID":33},{"utility":35,"ID":83},{"utility":50,"ID":88},{"utility":6.333333333333333,"ID":99}],[{"utility":0,"ID":89}],[{"utility":24.666666666666668,"ID":31},{"utility":58,"ID":54},{"utility":53.333333333333336,"ID":65},{"utility":26.333333333333332,"ID":94}],[{"utility":32,"ID":57},{"utility":37,"ID":68}],[{"utility":54,"ID":38},{"utility":57,"ID":100}],[{"utility":0,"ID":64}],[{"utility":0,"ID":9}],[{"utility":0,"ID":27}],[{"utility":0,"ID":22}],[],[{"utility":56,"ID":14},{"utility":39,"ID":72}],[{"utility":0,"ID":45}],[{"utility":0,"ID":32},{"utility":29,"ID":49}],[{"utility":53,"ID":10},{"utility":30.5,"ID":74},{"utility":14,"ID":80}],[],[{"utility":0,"ID":34}],[{"utility":41,"ID":7},{"utility":26,"ID":55},{"utility":45.5,"ID":92}],[],[{"utility":16,"ID":6},{"utility":85,"ID":81}],[{"utility":72.5,"ID":51},{"utility":45,"ID":85},{"utility":18,"ID":90}],[{"utility":52.5,"ID":12},{"utility":49.25,"ID":26},{"utility":34.25,"ID":61},{"utility":23.75,"ID":63},{"utility":48,"ID":75}],[{"utility":0,"ID":40}],[{"utility":56,"ID":2},{"utility":26,"ID":86}],[{"utility":62.5,"ID":37},{"utility":39.5,"ID":71},{"utility":54,"ID":98}],[],[{"utility":0,"ID":15}],[{"utility":57.666666666666664,"ID":42},{"utility":35.666666666666664,"ID":58},{"utility":18.666666666666668,"ID":62},{"utility":45,"ID":69}],[],[{"utility":0,"ID":29}],[{"utility":33,"ID":18},{"utility":40.25,"ID":35},{"utility":41.75,"ID":48},{"utility":69.5,"ID":66},{"utility":49.5,"ID":97}],[{"utility":0,"ID":50}],[{"utility":35,"ID":20},{"utility":33,"ID":36},{"utility":18.5,"ID":56}],[{"utility":65.5,"ID":43},{"utility":63,"ID":44},{"utility":28,"ID":84}],[{"utility":40.333333333333336,"ID":5},{"utility":74.33333333333333,"ID":13},{"utility":33.666666666666664,"ID":78},{"utility":43.666666666666664,"ID":87}],[{"utility":31,"ID":52},{"utility":0,"ID":77}],[{"utility":53.5,"ID":28},{"utility":35.5,"ID":76},{"utility":0,"ID":93}],[{"utility":32.5,"ID":19},{"utility":23.5,"ID":41},{"utility":39.5,"ID":95}],[{"utility":0,"ID":46}],[],[{"utility":46,"ID":24},{"utility":2,"ID":82}],[{"utility":0,"ID":67}],[{"utility":65.5,"ID":1},{"utility":49.5,"ID":11},{"utility":71.25,"ID":17},{"utility":24.5,"ID":39},{"utility":58,"ID":79}],[{"utility":11,"ID":4},{"utility":97,"ID":16}],[{"utility":0,"ID":30}],[{"utility":15.5,"ID":8},{"utility":58,"ID":21},{"utility":88,"ID":53}],[],[],[],[],[],[],[],[],[],[],[],[],[],[],[],[],[],[],[],[],[],[],[],[],[],[],[],[],[],[],[],[],[],[],[],[],[],[],[],[],[],[],[],[],[],[],[],[],[],[]],"CORE :":false,"LAST PARTITION":{"88":6,"89":44,"90":25,"91":4,"92":22,"93":41,"94":8,"95":42,"96":4,"97":35,"10":65,"98":65,"11":44,"99":60,"12":60,"13":62,"14":63,"15":61,"16":53,"17":54,"18":67,"19":14,"1":20,"2":2,"3":31,"4":34,"5":51,"6":30,"7":27,"8":40,"9":57,"20":23,"21":15,"22":15,"23":2,"24":52,"25":49,"26":48,"27":23,"28":13,"29":14,"30":1,"31":21,"32":64,"33":30,"34":51,"35":12,"36":37,"37":50,"38":10,"39":47,"40":58,"41":42,"42":32,"43":7,"44":38,"45":17,"46":43,"47":3,"48":27,"49":53,"50":36,"51":25,"52":62,"53":63,"54":8,"55":54,"56":37,"57":40,"58":32,"59":3,"60":55,"61":26,"62":67,"63":26,"64":11,"65":20,"66":35,"67":46,"68":9,"69":32,"70":3,"71":29,"72":16,"73":34,"74":19,"75":5,"76":57,"77":31,"78":39,"79":18,"100":10,"80":61,"81":24,"82":45,"83":6,"84":38,"85":25,"86":28,"87":39}},{"STARTING PARTITION: ":{"88":7,"89":15,"90":25,"91":23,"92":22,"93":16,"94":15,"95":14,"96":42,"97":12,"10":4,"98":30,"11":23,"99":13,"12":23,"13":2,"14":13,"15":38,"16":4,"17":26,"18":3,"19":10,"1":3,"2":33,"3":11,"4":48,"5":30,"6":13,"7":19,"8":26,"9":46,"20":4,"21":12,"22":7,"23":24,"24":8,"25":32,"26":25,"27":12,"28":14,"29":20,"30":18,"31":26,"32":48,"33":4,"34":7,"35":26,"36":10,"37":33,"38":38,"39":39,"40":3,"41":41,"42":2,"43":17,"44":4,"45":31,"46":8,"47":25,"48":46,"49":38,"50":1,"51":44,"52":1,"53":23,"54":17,"55":38,"56":10,"57":48,"58":9,"59":35,"60":7,"61":4,"62":48,"63":1,"64":48,"65":1,"66":48,"67":13,"68":28,"69":47,"70":41,"71":3,"72":44,"73":16,"74":33,"75":43,"76":3,"77":32,"78":42,"79":28,"100":23,"80":42,"81":5,"82":3,"83":22,"84":3,"85":15,"86":28,"87":1},"Agents":[null,{"utility":95,"ID":1},{"utility":95,"ID":2},{"utility":98,"ID":3},{"utility":98,"ID":4},{"utility":99,"ID":5},{"utility":98,"ID":6},{"utility":99,"ID":7},{"utility":97,"ID":8},{"utility":98,"ID":9},{"utility":96,"ID":10},{"utility":0,"ID":11},{"utility":76,"ID":12},{"utility":32,"ID":13},{"utility":77,"ID":14},{"utility":0,"ID":15},{"utility":0,"ID":16},{"utility":0,"ID":17},{"utility":44,"ID":18},{"utility":37.5,"ID":19},{"utility":0,"ID":20},{"utility":0,"ID":21},{"utility":0,"ID":22},{"utility":46,"ID":23},{"utility":0,"ID":24},{"utility":24,"ID":25},{"utility":0,"ID":26},{"utility":39,"ID":27},{"utility":48,"ID":28},{"utility":0,"ID":29},{"utility":0,"ID":30},{"utility":68,"ID":31},{"utility":31,"ID":32},{"utility":57,"ID":33},{"utility":0,"ID":34},{"utility":22,"ID":35},{"utility":35,"ID":36},{"utility":80,"ID":37},{"utility":45,"ID":38},{"utility":0,"ID":39},{"utility":29,"ID":40},{"utility":89,"ID":41},{"utility":0,"ID":42},{"utility":71,"ID":43},{"utility":69,"ID":44},{"utility":0,"ID":45},{"utility":0,"ID":46},{"utility":66,"ID":47},{"utility":0,"ID":48},{"utility":69,"ID":49},{"utility":60.666666666666664,"ID":50},{"utility":13,"ID":51},{"utility":0,"ID":52},{"utility":73,"ID":53},{"utility":87,"ID":54},{"utility":17,"ID":55},{"utility":1.5,"ID":56},{"utility":81,"ID":57},{"utility":0,"ID":58},{"utility":0,"ID":59},{"utility":34,"ID":60},{"utility":3,"ID":61},{"utility":70.66666666666667,"ID":62},{"utility":43,"ID":63},{"utility":37.666666666666664,"ID":64},{"utility":87.33333333333333,"ID":65},{"utility":39.333333333333336,"ID":66},{"utility":0,"ID":67},{"utility":81.5,"ID":68},{"utility":0,"ID":69},{"utility":82,"ID":70},{"utility":69.5,"ID":71},{"utility":31,"ID":72},{"utility":94,"ID":73},{"utility":86,"ID":74},{"utility":0,"ID":75},{"utility":51,"ID":76},{"utility":12,"ID":77},{"utility":52.5,"ID":78},{"utility":69,"ID":79},{"utility":40,"ID":80},{"utility":0,"ID":81},{"utility":81,"ID":82},{"utility":0,"ID":83},{"utility":62.75,"ID":84},{"utility":72.5,"ID":85},{"utility":65,"ID":86},{"utility":59.666666666666664,"ID":87},{"utility":0,"ID":88},{"utility":39.5,"ID":89},{"utility":22,"ID":90},{"utility":76.5,"ID":91},{"utility":71,"ID":92},{"utility":0,"ID":93},{"utility":44,"ID":94},{"utility":40,"ID":95},{"utility":38.5,"ID":96},{"utility":12,"ID":97},{"utility":0,"ID":98},{"utility":15,"ID":99},{"utility":48.5,"ID":100}],"LAST COALITION":[[],[{"utility":60.666666666666664,"ID":50},{"utility":43,"ID":63},{"utility":87.33333333333333,"ID":65},{"utility":59.666666666666664,"ID":87}],[{"utility":0,"ID":42}],[{"utility":44,"ID":18},{"utility":29,"ID":40},{"utility":69.5,"ID":71},{"utility":81,"ID":82},{"utility":62.75,"ID":84}],[{"utility":69,"ID":44},{"utility":3,"ID":61}],[{"utility":0,"ID":81}],[{"utility":57,"ID":33},{"utility":98,"ID":3}],[{"utility":34,"ID":60},{"utility":0,"ID":88}],[{"utility":0,"ID":46}],[{"utility":0,"ID":58}],[{"utility":37.5,"ID":19},{"utility":35,"ID":36},{"utility":1.5,"ID":56}],[{"utility":0,"ID":17}],[{"utility":39,"ID":27},{"utility":12,"ID":97}],[{"utility":0,"ID":67},{"utility":15,"ID":99}],[{"utility":48,"ID":28},{"utility":40,"ID":95}],[{"utility":72.5,"ID":85},{"utility":39.5,"ID":89},{"utility":44,"ID":94}],[{"utility":94,"ID":73},{"utility":0,"ID":93}],[{"utility":71,"ID":43},{"utility":87,"ID":54}],[{"utility":0,"ID":24}],[{"utility":0,"ID":20}],[{"utility":0,"ID":29}],[{"utility":95,"ID":1},{"utility":98,"ID":4}],[{"utility":0,"ID":83},{"utility":71,"ID":92}],[{"utility":73,"ID":53},{"utility":76.5,"ID":91},{"utility":48.5,"ID":100}],[{"utility":0,"ID":15}],[{"utility":66,"ID":47},{"utility":22,"ID":90}],[{"utility":68,"ID":31},{"utility":22,"ID":35}],[{"utility":76,"ID":12},{"utility":32,"ID":13}],[{"utility":81.5,"ID":68},{"utility":69,"ID":79},{"utility":65,"ID":86}],[],[{"utility":0,"ID":98}],[{"utility":0,"ID":45}],[{"utility":45,"ID":38},{"utility":99,"ID":7}],[{"utility":80,"ID":37},{"utility":86,"ID":74}],[{"utility":0,"ID":21}],[{"utility":0,"ID":59}],[{"utility":0,"ID":22}],[{"utility":98,"ID":9},{"utility":51,"ID":76}],[{"utility":69,"ID":49},{"utility":17,"ID":55}],[{"utility":0,"ID":39}],[{"utility":0,"ID":52}],[{"utility":89,"ID":41},{"utility":82,"ID":70}],[{"utility":52.5,"ID":78},{"utility":40,"ID":80},{"utility":38.5,"ID":96}],[{"utility":96,"ID":10},{"utility":77,"ID":14}],[{"utility":13,"ID":51},{"utility":31,"ID":72}],[{"utility":0,"ID":30}],[{"utility":0,"ID":48}],[{"utility":0,"ID":69}],[{"utility":31,"ID":32},{"utility":70.66666666666667,"ID":62},{"utility":37.666666666666664,"ID":64},{"utility":39.333333333333336,"ID":66}],[{"utility":0,"ID":26}],[{"utility":0,"ID":16}],[{"utility":95,"ID":2},{"utility":46,"ID":23}],[{"utility":0,"ID":34}],[{"utility":99,"ID":5},{"utility":12,"ID":77}],[{"utility":98,"ID":6},{"utility":24,"ID":25}],[{"utility":97,"ID":8},{"utility":81,"ID":57}],[{"utility":0,"ID":75}],[{"utility":0,"ID":11}],[],[],[],[],[],[],[],[],[],[],[],[],[],[],[],[],[],[],[],[],[],[],[],[],[],[],[],[],[],[],[],[],[],[],[],[],[],[],[],[],[],[],[]],"STARTING COALITION: ":[[null],[{"utility":62,"ID":50},{"utility":58,"ID":52},{"utility":32.25,"ID":63},{"utility":89.75,"ID":65},{"utility":56.5,"ID":87}],[{"utility":31,"ID":13},{"utility":0,"ID":42}],[{"utility":55.333333333333336,"ID":1},{"utility":42.166666666666664,"ID":18},{"utility":34.666666666666664,"ID":40},{"utility":62.333333333333336,"ID":71},{"utility":39.833333333333336,"ID":76},{"utility":57.666666666666664,"ID":82},{"utility":61.5,"ID":84}],[{"utility":70.8,"ID":10},{"utility":44.6,"ID":16},{"utility":27.8,"ID":20},{"utility":48.8,"ID":33},{"utility":43.2,"ID":44},{"utility":41.8,"ID":61}],[{"utility":0,"ID":81}],[],[{"utility":56.666666666666664,"ID":22},{"utility":43.333333333333336,"ID":34},{"utility":36,"ID":60},{"utility":10.666666666666666,"ID":88}],[{"utility":0,"ID":24},{"utility":44,"ID":46}],[{"utility":0,"ID":58}],[{"utility":37.5,"ID":19},{"utility":35,"ID":36},{"utility":1.5,"ID":56}],[{"utility":0,"ID":3}],[{"utility":35.5,"ID":21},{"utility":33.5,"ID":27},{"utility":29.5,"ID":97}],[{"utility":26.666666666666668,"ID":6},{"utility":13,"ID":14},{"utility":37,"ID":67},{"utility":55.666666666666664,"ID":99}],[{"utility":48,"ID":28},{"utility":40,"ID":95}],[{"utility":72.5,"ID":85},{"utility":39.5,"ID":89},{"utility":44,"ID":94}],[{"utility":94,"ID":73},{"utility":0,"ID":93}],[{"utility":71,"ID":43},{"utility":87,"ID":54}],[{"utility":0,"ID":30}],[{"utility":0,"ID":7}],[{"utility":0,"ID":29}],[],[{"utility":0,"ID":83},{"utility":71,"ID":92}],[{"utility":59.5,"ID":11},{"utility":43,"ID":12},{"utility":56.5,"ID":53},{"utility":41.5,"ID":91},{"utility":50.75,"ID":100}],[{"utility":0,"ID":23}],[{"utility":69.5,"ID":26},{"utility":69.5,"ID":47},{"utility":22,"ID":90}],[{"utility":58.333333333333336,"ID":8},{"utility":58.333333333333336,"ID":17},{"utility":40.333333333333336,"ID":31},{"utility":33.333333333333336,"ID":35}],[],[{"utility":81.5,"ID":68},{"utility":69,"ID":79},{"utility":65,"ID":86}],[],[{"utility":93,"ID":5},{"utility":0,"ID":98}],[{"utility":0,"ID":45}],[{"utility":16,"ID":25},{"utility":59,"ID":77}],[{"utility":46.5,"ID":2},{"utility":59.5,"ID":37},{"utility":43.5,"ID":74}],[],[{"utility":0,"ID":59}],[],[],[{"utility":46,"ID":15},{"utility":44.333333333333336,"ID":38},{"utility":45,"ID":49},{"utility":56.333333333333336,"ID":55}],[{"utility":0,"ID":39}],[],[{"utility":89,"ID":41},{"utility":82,"ID":70}],[{"utility":52.5,"ID":78},{"utility":40,"ID":80},{"utility":38.5,"ID":96}],[{"utility":0,"ID":75}],[{"utility":13,"ID":51},{"utility":31,"ID":72}],[],[{"utility":14,"ID":9},{"utility":92,"ID":48}],[{"utility":0,"ID":69}],[{"utility":51.6,"ID":4},{"utility":51.8,"ID":32},{"utility":77.6,"ID":57},{"utility":55.2,"ID":62},{"utility":46.2,"ID":64},{"utility":45.6,"ID":66}],[],[],[],[],[],[],[],[],[],[],[],[],[],[],[],[],[],[],[],[],[],[],[],[],[],[],[],[],[],[],[],[],[],[],[],[],[],[],[],[],[],[],[],[],[],[],[],[],[],[],[],[]],"CORE :":false,"LAST PARTITION":{"88":7,"89":15,"90":25,"91":23,"92":22,"93":16,"94":15,"95":14,"96":42,"97":12,"10":43,"98":30,"11":57,"99":13,"12":27,"13":27,"14":43,"15":24,"16":50,"17":11,"18":3,"19":10,"1":21,"2":51,"3":6,"4":21,"5":53,"6":54,"7":32,"8":55,"9":37,"20":19,"21":34,"22":36,"23":51,"24":18,"25":54,"26":49,"27":12,"28":14,"29":20,"30":45,"31":26,"32":48,"33":6,"34":52,"35":26,"36":10,"37":33,"38":32,"39":39,"40":3,"41":41,"42":2,"43":17,"44":4,"45":31,"46":8,"47":25,"48":46,"49":38,"50":1,"51":44,"52":40,"53":23,"54":17,"55":38,"56":10,"57":55,"58":9,"59":35,"60":7,"61":4,"62":48,"63":1,"64":48,"65":1,"66":48,"67":13,"68":28,"69":47,"70":41,"71":3,"72":44,"73":16,"74":33,"75":56,"76":37,"77":53,"78":42,"79":28,"100":23,"80":42,"81":5,"82":3,"83":22,"84":3,"85":15,"86":28,"87":1}},{"STARTING PARTITION: ":{"88":19,"89":45,"90":2,"91":30,"92":32,"93":25,"94":47,"95":17,"96":32,"97":38,"10":10,"98":44,"11":39,"99":26,"12":21,"13":14,"14":46,"15":37,"16":1,"17":22,"18":42,"19":7,"1":41,"2":3,"3":2,"4":14,"5":14,"6":30,"7":45,"8":47,"9":47,"20":8,"21":17,"22":3,"23":7,"24":46,"25":44,"26":25,"27":8,"28":12,"29":41,"30":32,"31":13,"32":43,"33":23,"34":16,"35":2,"36":14,"37":35,"38":49,"39":44,"40":37,"41":13,"42":23,"43":17,"44":46,"45":25,"46":41,"47":28,"48":43,"49":30,"50":40,"51":27,"52":24,"53":37,"54":22,"55":41,"56":29,"57":12,"58":40,"59":49,"60":50,"61":8,"62":22,"63":21,"64":1,"65":14,"66":22,"67":10,"68":44,"69":44,"70":2,"71":6,"72":36,"73":28,"74":17,"75":15,"76":14,"77":32,"78":12,"79":9,"100":41,"80":18,"81":48,"82":11,"83":27,"84":42,"85":14,"86":33,"87":39},"Agents":[null,{"utility":99,"ID":1},{"utility":95,"ID":2},{"utility":97,"ID":3},{"utility":98,"ID":4},{"utility":94,"ID":5},{"utility":98,"ID":6},{"utility":99,"ID":7},{"utility":95,"ID":8},{"utility":98,"ID":9},{"utility":94,"ID":10},{"utility":99,"ID":11},{"utility":99,"ID":12},{"utility":98,"ID":13},{"utility":99,"ID":14},{"utility":96,"ID":15},{"utility":99,"ID":16},{"utility":99,"ID":17},{"utility":97,"ID":18},{"utility":98,"ID":19},{"utility":99,"ID":20},{"utility":3,"ID":21},{"utility":82,"ID":22},{"utility":46,"ID":23},{"utility":0,"ID":24},{"utility":72.5,"ID":25},{"utility":93,"ID":26},{"utility":81,"ID":27},{"utility":0,"ID":28},{"utility":90,"ID":29},{"utility":83.66666666666667,"ID":30},{"utility":0,"ID":31},{"utility":96,"ID":32},{"utility":79,"ID":33},{"utility":71,"ID":34},{"utility":54,"ID":35},{"utility":59,"ID":36},{"utility":0,"ID":37},{"utility":45,"ID":38},{"utility":29,"ID":39},{"utility":0,"ID":40},{"utility":0,"ID":41},{"utility":0,"ID":42},{"utility":24,"ID":43},{"utility":0,"ID":44},{"utility":60.5,"ID":45},{"utility":0,"ID":46},{"utility":0,"ID":47},{"utility":95,"ID":48},{"utility":2,"ID":49},{"utility":0,"ID":50},{"utility":69,"ID":51},{"utility":74,"ID":52},{"utility":57,"ID":53},{"utility":72,"ID":54},{"utility":47,"ID":55},{"utility":0,"ID":56},{"utility":94,"ID":57},{"utility":0,"ID":58},{"utility":0,"ID":59},{"utility":0,"ID":60},{"utility":0,"ID":61},{"utility":40,"ID":62},{"utility":0,"ID":63},{"utility":0,"ID":64},{"utility":69,"ID":65},{"utility":62,"ID":66},{"utility":0,"ID":67},{"utility":41,"ID":68},{"utility":32,"ID":69},{"utility":5,"ID":70},{"utility":0,"ID":71},{"utility":0,"ID":72},{"utility":87,"ID":73},{"utility":1,"ID":74},{"utility":0,"ID":75},{"utility":51,"ID":76},{"utility":38,"ID":77},{"utility":71,"ID":78},{"utility":0,"ID":79},{"utility":86,"ID":80},{"utility":0,"ID":81},{"utility":0,"ID":82},{"utility":0,"ID":83},{"utility":0,"ID":84},{"utility":32,"ID":85},{"utility":0,"ID":86},{"utility":0,"ID":87},{"utility":0,"ID":88},{"utility":37,"ID":89},{"utility":66,"ID":90},{"utility":20,"ID":91},{"utility":24.666666666666668,"ID":92},{"utility":33.5,"ID":93},{"utility":0,"ID":94},{"utility":53,"ID":95},{"utility":26.666666666666668,"ID":96},{"utility":0,"ID":97},{"utility":19.75,"ID":98},{"utility":53,"ID":99},{"utility":63,"ID":100}],"LAST COALITION":[[],[{"utility":0,"ID":64}],[{"utility":5,"ID":70},{"utility":66,"ID":90}],[{"utility":45,"ID":38},{"utility":99,"ID":7}],[{"utility":98,"ID":9},{"utility":51,"ID":76}],[{"utility":99,"ID":1},{"utility":69,"ID":65}],[{"utility":0,"ID":71}],[{"utility":69,"ID":51},{"utility":98,"ID":13}],[{"utility":0,"ID":61}],[{"utility":0,"ID":79}],[{"utility":0,"ID":67}],[{"utility":0,"ID":82}],[{"utility":94,"ID":57},{"utility":71,"ID":78}],[{"utility":0,"ID":41}],[{"utility":59,"ID":36},{"utility":32,"ID":85}],[{"utility":37,"ID":89},{"utility":99,"ID":11}],[{"utility":98,"ID":19},{"utility":90,"ID":29}],[{"utility":1,"ID":74},{"utility":53,"ID":95}],[{"utility":0,"ID":24}],[{"utility":0,"ID":88}],[{"utility":0,"ID":75}],[{"utility":0,"ID":63}],[{"utility":72,"ID":54},{"utility":62,"ID":66}],[{"utility":0,"ID":42}],[{"utility":95,"ID":2},{"utility":46,"ID":23}],[{"utility":93,"ID":26},{"utility":60.5,"ID":45},{"utility":33.5,"ID":93}],[{"utility":0,"ID":60}],[{"utility":0,"ID":83}],[{"utility":0,"ID":28}],[{"utility":0,"ID":56}],[{"utility":57,"ID":53},{"utility":99,"ID":14}],[],[{"utility":83.66666666666667,"ID":30},{"utility":38,"ID":77},{"utility":24.666666666666668,"ID":92},{"utility":26.666666666666668,"ID":96}],[{"utility":0,"ID":86}],[{"utility":86,"ID":80},{"utility":96,"ID":15}],[{"utility":97,"ID":18},{"utility":40,"ID":62}],[{"utility":99,"ID":17},{"utility":20,"ID":91}],[{"utility":0,"ID":37}],[{"utility":0,"ID":97}],[{"utility":0,"ID":87}],[{"utility":0,"ID":50},{"utility":0,"ID":58}],[{"utility":47,"ID":55},{"utility":63,"ID":100}],[{"utility":0,"ID":84}],[{"utility":96,"ID":32},{"utility":95,"ID":48}],[{"utility":72.5,"ID":25},{"utility":29,"ID":39},{"utility":41,"ID":68},{"utility":32,"ID":69},{"utility":19.75,"ID":98}],[{"utility":0,"ID":47}],[{"utility":0,"ID":44}],[{"utility":0,"ID":94}],[{"utility":0,"ID":81}],[{"utility":0,"ID":59}],[{"utility":3,"ID":21},{"utility":82,"ID":22}],[{"utility":97,"ID":3},{"utility":24,"ID":43}],[{"utility":99,"ID":20},{"utility":81,"ID":27}],[],[{"utility":98,"ID":4},{"utility":87,"ID":73}],[{"utility":53,"ID":99},{"utility":99,"ID":12}],[{"utility":0,"ID":46}],[{"utility":0,"ID":40}],[{"utility":0,"ID":31}],[{"utility":71,"ID":34},{"utility":94,"ID":5}],[{"utility":74,"ID":52},{"utility":95,"ID":8}],[{"utility":54,"ID":35},{"utility":94,"ID":10}],[{"utility":79,"ID":33},{"utility":98,"ID":6}],[],[],[{"utility":0,"ID":72}],[{"utility":99,"ID":16},{"utility":2,"ID":49}],[],[],[],[],[],[],[],[],[],[],[],[],[],[],[],[],[],[],[],[],[],[],[],[],[],[],[],[],[],[],[],[],[],[]],"STARTING COALITION: ":[[null],[{"utility":20,"ID":16},{"utility":94,"ID":64}],[{"utility":29,"ID":3},{"utility":50.333333333333336,"ID":35},{"utility":28,"ID":70},{"utility":52,"ID":90}],[{"utility":69,"ID":2},{"utility":61,"ID":22}],[],[],[{"utility":0,"ID":71}],[{"utility":89,"ID":19},{"utility":13,"ID":23}],[{"utility":49.5,"ID":20},{"utility":48.5,"ID":27},{"utility":48.5,"ID":61}],[{"utility":0,"ID":79}],[{"utility":57,"ID":10},{"utility":56,"ID":67}],[{"utility":0,"ID":82}],[{"utility":15.5,"ID":28},{"utility":77.5,"ID":57},{"utility":73.5,"ID":78}],[{"utility":18,"ID":31},{"utility":68,"ID":41}],[{"utility":51.5,"ID":4},{"utility":55.666666666666664,"ID":5},{"utility":30.333333333333332,"ID":13},{"utility":43.166666666666664,"ID":36},{"utility":47,"ID":65},{"utility":18.5,"ID":76},{"utility":45.5,"ID":85}],[{"utility":0,"ID":75}],[{"utility":0,"ID":34}],[{"utility":52.333333333333336,"ID":21},{"utility":33,"ID":43},{"utility":13.666666666666666,"ID":74},{"utility":68.66666666666667,"ID":95}],[{"utility":0,"ID":80}],[{"utility":0,"ID":88}],[],[{"utility":49,"ID":12},{"utility":69,"ID":63}],[{"utility":48.333333333333336,"ID":17},{"utility":39.666666666666664,"ID":54},{"utility":44.666666666666664,"ID":62},{"utility":48.666666666666664,"ID":66}],[{"utility":57,"ID":33},{"utility":51,"ID":42}],[{"utility":0,"ID":52}],[{"utility":93,"ID":26},{"utility":60.5,"ID":45},{"utility":33.5,"ID":93}],[{"utility":0,"ID":99}],[{"utility":15,"ID":51},{"utility":79,"ID":83}],[{"utility":76,"ID":47},{"utility":54,"ID":73}],[{"utility":0,"ID":56}],[{"utility":21.5,"ID":6},{"utility":25,"ID":49},{"utility":38,"ID":91}],[],[{"utility":83.66666666666667,"ID":30},{"utility":38,"ID":77},{"utility":24.666666666666668,"ID":92},{"utility":26.666666666666668,"ID":96}],[{"utility":0,"ID":86}],[],[{"utility":0,"ID":37}],[{"utility":0,"ID":72}],[{"utility":51.5,"ID":15},{"utility":16,"ID":40},{"utility":45.5,"ID":53}],[{"utility":0,"ID":97}],[{"utility":96,"ID":11},{"utility":70,"ID":87}],[{"utility":0,"ID":50},{"utility":0,"ID":58}],[{"utility":49,"ID":1},{"utility":25.5,"ID":29},{"utility":32.75,"ID":46},{"utility":68.75,"ID":55},{"utility":64.5,"ID":100}],[{"utility":76,"ID":18},{"utility":1,"ID":84}],[{"utility":96,"ID":32},{"utility":95,"ID":48}],[{"utility":72.5,"ID":25},{"utility":29,"ID":39},{"utility":41,"ID":68},{"utility":32,"ID":69},{"utility":19.75,"ID":98}],[{"utility":33,"ID":7},{"utility":51,"ID":89}],[{"utility":60,"ID":14},{"utility":13.5,"ID":24},{"utility":53,"ID":44}],[{"utility":60.5,"ID":8},{"utility":51.5,"ID":9},{"utility":67.5,"ID":94}],[{"utility":0,"ID":81}],[{"utility":39,"ID":38},{"utility":17,"ID":59}],[{"utility":0,"ID":60}],[],[],[],[],[],[],[],[],[],[],[],[],[],[],[],[],[],[],[],[],[],[],[],[],[],[],[],[],[],[],[],[],[],[],[],[],[],[],[],[],[],[],[],[],[],[],[],[],[],[]],"CORE :":false,"LAST PARTITION":{"88":19,"89":15,"90":2,"91":36,"92":32,"93":25,"94":47,"95":17,"96":32,"97":38,"10":61,"98":44,"11":15,"99":55,"12":55,"13":7,"14":30,"15":34,"16":66,"17":36,"18":35,"19":16,"1":5,"2":24,"3":51,"4":54,"5":59,"6":62,"7":3,"8":60,"9":4,"20":52,"21":50,"22":50,"23":24,"24":18,"25":44,"26":25,"27":52,"28":28,"29":16,"30":32,"31":58,"32":43,"33":62,"34":59,"35":61,"36":14,"37":37,"38":3,"39":44,"40":57,"41":13,"42":23,"43":51,"44":46,"45":25,"46":56,"47":45,"48":43,"49":66,"50":40,"51":7,"52":60,"53":30,"54":22,"55":41,"56":29,"57":12,"58":40,"59":49,"60":26,"61":8,"62":35,"63":21,"64":1,"65":5,"66":22,"67":10,"68":44,"69":44,"70":2,"71":6,"72":65,"73":54,"74":17,"75":20,"76":4,"77":32,"78":12,"79":9,"100":41,"80":34,"81":48,"82":11,"83":27,"84":42,"85":14,"86":33,"87":39}},{"STARTING PARTITION: ":{"88":44,"89":43,"90":21,"91":38,"92":47,"93":17,"94":5,"95":18,"96":3,"97":42,"10":2,"98":1,"11":43,"99":16,"12":33,"13":5,"14":12,"15":26,"16":47,"17":13,"18":42,"19":24,"1":10,"2":18,"3":31,"4":22,"5":47,"6":26,"7":39,"8":7,"9":13,"20":11,"21":10,"22":46,"23":23,"24":22,"25":11,"26":26,"27":32,"28":8,"29":22,"30":29,"31":30,"32":25,"33":7,"34":20,"35":16,"36":27,"37":27,"38":10,"39":38,"40":16,"41":44,"42":49,"43":9,"44":9,"45":42,"46":50,"47":2,"48":16,"49":5,"50":46,"51":11,"52":3,"53":20,"54":41,"55":44,"56":4,"57":20,"58":26,"59":34,"60":43,"61":38,"62":35,"63":4,"64":34,"65":16,"66":17,"67":21,"68":18,"69":49,"70":33,"71":19,"72":48,"73":41,"74":16,"75":36,"76":26,"77":39,"78":9,"79":44,"100":11,"80":46,"81":15,"82":25,"83":33,"84":30,"85":8,"86":19,"87":19},"Agents":[null,{"utility":99,"ID":1},{"utility":95,"ID":2},{"utility":97,"ID":3},{"utility":98,"ID":4},{"utility":94,"ID":5},{"utility":98,"ID":6},{"utility":99,"ID":7},{"utility":97,"ID":8},{"utility":97,"ID":9},{"utility":96,"ID":10},{"utility":97,"ID":11},{"utility":48,"ID":12},{"utility":0,"ID":13},{"utility":77,"ID":14},{"utility":0,"ID":15},{"utility":0,"ID":16},{"utility":0,"ID":17},{"utility":35,"ID":18},{"utility":0,"ID":19},{"utility":0,"ID":20},{"utility":0,"ID":21},{"utility":75,"ID":22},{"utility":46,"ID":23},{"utility":0,"ID":24},{"utility":50,"ID":25},{"utility":0,"ID":26},{"utility":0,"ID":27},{"utility":45,"ID":28},{"utility":0,"ID":29},{"utility":0,"ID":30},{"utility":83,"ID":31},{"utility":13,"ID":32},{"utility":79,"ID":33},{"utility":71,"ID":34},{"utility":66.25,"ID":35},{"utility":83,"ID":36},{"utility":70,"ID":37},{"utility":45,"ID":38},{"utility":39.5,"ID":39},{"utility":55.25,"ID":40},{"utility":65.66666666666667,"ID":41},{"utility":49,"ID":42},{"utility":95,"ID":43},{"utility":51,"ID":44},{"utility":49.5,"ID":45},{"utility":0,"ID":46},{"utility":0,"ID":47},{"utility":69.5,"ID":48},{"utility":26,"ID":49},{"utility":23,"ID":50},{"utility":28.5,"ID":51},{"utility":80,"ID":52},{"utility":0,"ID":53},{"utility":0,"ID":54},{"utility":57.666666666666664,"ID":55},{"utility":20,"ID":56},{"utility":81,"ID":57},{"utility":8,"ID":58},{"utility":88,"ID":59},{"utility":1,"ID":60},{"utility":58.5,"ID":61},{"utility":0,"ID":62},{"utility":81,"ID":63},{"utility":31,"ID":64},{"utility":69,"ID":65},{"utility":51,"ID":66},{"utility":14,"ID":67},{"utility":7,"ID":68},{"utility":11,"ID":69},{"utility":94,"ID":70},{"utility":41.5,"ID":71},{"utility":0,"ID":72},{"utility":87,"ID":73},{"utility":77.75,"ID":74},{"utility":77,"ID":75},{"utility":92,"ID":76},{"utility":21,"ID":77},{"utility":42.5,"ID":78},{"utility":48.333333333333336,"ID":79},{"utility":33.5,"ID":80},{"utility":0,"ID":81},{"utility":81,"ID":82},{"utility":32,"ID":83},{"utility":59,"ID":84},{"utility":14,"ID":85},{"utility":35.5,"ID":86},{"utility":22,"ID":87},{"utility":31.666666666666668,"ID":88},{"utility":43,"ID":89},{"utility":96,"ID":90},{"utility":72,"ID":91},{"utility":0,"ID":92},{"utility":6,"ID":93},{"utility":59,"ID":94},{"utility":93,"ID":95},{"utility":97,"ID":96},{"utility":55.5,"ID":97},{"utility":0,"ID":98},{"utility":21.75,"ID":99},{"utility":23,"ID":100}],"LAST COALITION":[[],[{"utility":0,"ID":98}],[{"utility":0,"ID":47}],[{"utility":80,"ID":52},{"utility":97,"ID":96}],[{"utility":20,"ID":56},{"utility":81,"ID":63}],[{"utility":26,"ID":49},{"utility":59,"ID":94}],[{"utility":0,"ID":20}],[{"utility":0,"ID":16}],[{"utility":45,"ID":28},{"utility":14,"ID":85}],[{"utility":95,"ID":43},{"utility":51,"ID":44},{"utility":42.5,"ID":78}],[{"utility":0,"ID":30}],[{"utility":50,"ID":25},{"utility":28.5,"ID":51},{"utility":23,"ID":100}],[{"utility":0,"ID":15}],[{"utility":97,"ID":8},{"utility":81,"ID":57}],[{"utility":0,"ID":13}],[{"utility":0,"ID":81}],[{"utility":66.25,"ID":35},{"utility":55.25,"ID":40},{"utility":69.5,"ID":48},{"utility":77.75,"ID":74},{"utility":21.75,"ID":99}],[{"utility":51,"ID":66},{"utility":6,"ID":93}],[{"utility":7,"ID":68},{"utility":93,"ID":95}],[{"utility":41.5,"ID":71},{"utility":35.5,"ID":86},{"utility":22,"ID":87}],[{"utility":0,"ID":53}],[{"utility":14,"ID":67},{"utility":96,"ID":90}],[{"utility":95,"ID":2},{"utility":46,"ID":23}],[{"utility":45,"ID":38},{"utility":99,"ID":7}],[{"utility":97,"ID":11},{"utility":48,"ID":12}],[{"utility":13,"ID":32},{"utility":81,"ID":82}],[{"utility":8,"ID":58},{"utility":92,"ID":76}],[{"utility":83,"ID":36},{"utility":70,"ID":37}],[{"utility":99,"ID":1},{"utility":69,"ID":65}],[{"utility":97,"ID":9},{"utility":77,"ID":75}],[{"utility":83,"ID":31},{"utility":59,"ID":84}],[{"utility":96,"ID":10},{"utility":77,"ID":14}],[{"utility":0,"ID":27}],[{"utility":94,"ID":70},{"utility":32,"ID":83}],[{"utility":88,"ID":59},{"utility":31,"ID":64}],[{"utility":0,"ID":62}],[{"utility":0,"ID":29}],[{"utility":0,"ID":21}],[{"utility":39.5,"ID":39},{"utility":58.5,"ID":61},{"utility":72,"ID":91}],[{"utility":0,"ID":19}],[{"utility":0,"ID":26}],[{"utility":0,"ID":54}],[{"utility":35,"ID":18},{"utility":49.5,"ID":45},{"utility":55.5,"ID":97}],[{"utility":1,"ID":60},{"utility":43,"ID":89}],[{"utility":65.66666666666667,"ID":41},{"utility":57.666666666666664,"ID":55},{"utility":48.333333333333336,"ID":79},{"utility":31.666666666666668,"ID":88}],[{"utility":71,"ID":34},{"utility":94,"ID":5}],[{"utility":75,"ID":22},{"utility":23,"ID":50},{"utility":33.5,"ID":80}],[{"utility":0,"ID":92}],[{"utility":0,"ID":72}],[{"utility":49,"ID":42},{"utility":11,"ID":69}],[{"utility":97,"ID":3},{"utility":21,"ID":77}],[{"utility":0,"ID":24}],[{"utility":98,"ID":4},{"utility":87,"ID":73}],[{"utility":79,"ID":33},{"utility":98,"ID":6}],[],[{"utility":0,"ID":17}],[],[],[{"utility":0,"ID":46}],[],[],[],[],[],[],[],[],[],[],[],[],[],[],[],[],[],[],[],[],[],[],[],[],[],[],[],[],[],[],[],[],[],[],[],[],[],[],[],[],[],[]],"STARTING COALITION: ":[[null],[{"utility":0,"ID":98}],[{"utility":34,"ID":10},{"utility":65,"ID":47}],[{"utility":80,"ID":52},{"utility":97,"ID":96}],[{"utility":20,"ID":56},{"utility":81,"ID":63}],[{"utility":40,"ID":13},{"utility":39,"ID":49},{"utility":29.5,"ID":94}],[],[{"utility":0,"ID":8},{"utility":36,"ID":33}],[{"utility":45,"ID":28},{"utility":14,"ID":85}],[{"utility":95,"ID":43},{"utility":51,"ID":44},{"utility":42.5,"ID":78}],[{"utility":57,"ID":1},{"utility":21.5,"ID":21},{"utility":61,"ID":38}],[{"utility":36,"ID":20},{"utility":33.333333333333336,"ID":25},{"utility":19,"ID":51},{"utility":20.333333333333332,"ID":100}],[{"utility":0,"ID":14}],[{"utility":58,"ID":9},{"utility":56,"ID":17}],[],[{"utility":0,"ID":81}],[{"utility":63.8,"ID":35},{"utility":50.8,"ID":40},{"utility":64.6,"ID":48},{"utility":32.8,"ID":65},{"utility":75.8,"ID":74},{"utility":20.8,"ID":99}],[{"utility":51,"ID":66},{"utility":6,"ID":93}],[{"utility":45.5,"ID":2},{"utility":50.5,"ID":68},{"utility":55.5,"ID":95}],[{"utility":41.5,"ID":71},{"utility":35.5,"ID":86},{"utility":22,"ID":87}],[{"utility":41,"ID":34},{"utility":79,"ID":53},{"utility":26,"ID":57}],[{"utility":14,"ID":67},{"utility":96,"ID":90}],[{"utility":55.5,"ID":4},{"utility":88.5,"ID":24},{"utility":22,"ID":29}],[{"utility":0,"ID":23}],[{"utility":0,"ID":19}],[{"utility":13,"ID":32},{"utility":81,"ID":82}],[{"utility":61,"ID":6},{"utility":68.25,"ID":15},{"utility":47.75,"ID":26},{"utility":41.25,"ID":58},{"utility":47.75,"ID":76}],[{"utility":83,"ID":36},{"utility":70,"ID":37}],[],[{"utility":0,"ID":30}],[{"utility":83,"ID":31},{"utility":59,"ID":84}],[{"utility":0,"ID":3}],[{"utility":0,"ID":27}],[{"utility":32.5,"ID":12},{"utility":91,"ID":70},{"utility":28.5,"ID":83}],[{"utility":88,"ID":59},{"utility":31,"ID":64}],[{"utility":0,"ID":62}],[{"utility":0,"ID":75}],[],[{"utility":39.5,"ID":39},{"utility":58.5,"ID":61},{"utility":72,"ID":91}],[{"utility":37,"ID":7},{"utility":11,"ID":77}],[],[{"utility":77,"ID":54},{"utility":6,"ID":73}],[{"utility":35,"ID":18},{"utility":49.5,"ID":45},{"utility":55.5,"ID":97}],[{"utility":67.5,"ID":11},{"utility":31,"ID":60},{"utility":40,"ID":89}],[{"utility":65.66666666666667,"ID":41},{"utility":57.666666666666664,"ID":55},{"utility":48.333333333333336,"ID":79},{"utility":31.666666666666668,"ID":88}],[],[{"utility":75,"ID":22},{"utility":23,"ID":50},{"utility":33.5,"ID":80}],[{"utility":41.5,"ID":5},{"utility":64.5,"ID":16},{"utility":25,"ID":92}],[{"utility":0,"ID":72}],[{"utility":49,"ID":42},{"utility":11,"ID":69}],[{"utility":0,"ID":46}],[],[],[],[],[],[],[],[],[],[],[],[],[],[],[],[],[],[],[],[],[],[],[],[],[],[],[],[],[],[],[],[],[],[],[],[],[],[],[],[],[],[],[],[],[],[],[],[],[],[]],"CORE :":false,"LAST PARTITION":{"88":44,"89":43,"90":21,"91":38,"92":47,"93":17,"94":5,"95":18,"96":3,"97":42,"10":31,"98":1,"11":24,"99":16,"12":24,"13":14,"14":31,"15":12,"16":7,"17":55,"18":42,"19":39,"1":28,"2":22,"3":50,"4":52,"5":45,"6":53,"7":23,"8":13,"9":29,"20":6,"21":37,"22":46,"23":22,"24":51,"25":11,"26":40,"27":32,"28":8,"29":36,"30":10,"31":30,"32":25,"33":53,"34":45,"35":16,"36":27,"37":27,"38":23,"39":38,"40":16,"41":44,"42":49,"43":9,"44":9,"45":42,"46":58,"47":2,"48":16,"49":5,"50":46,"51":11,"52":3,"53":20,"54":41,"55":44,"56":4,"57":13,"58":26,"59":34,"60":43,"61":38,"62":35,"63":4,"64":34,"65":28,"66":17,"67":21,"68":18,"69":49,"70":33,"71":19,"72":48,"73":52,"74":16,"75":29,"76":26,"77":50,"78":9,"79":44,"100":11,"80":46,"81":15,"82":25,"83":33,"84":30,"85":8,"86":19,"87":19}},{"STARTING PARTITION: ":{"88":13,"89":32,"90":9,"91":26,"92":12,"93":6,"94":19,"95":23,"96":27,"97":40,"10":34,"98":19,"11":22,"99":29,"12":18,"13":4,"14":50,"15":41,"16":45,"17":45,"18":26,"19":4,"1":14,"2":22,"3":42,"4":26,"5":3,"6":23,"7":4,"8":2,"9":12,"20":5,"21":46,"22":7,"23":17,"24":28,"25":32,"26":46,"27":17,"28":5,"29":28,"30":24,"31":44,"32":8,"33":14,"34":44,"35":45,"36":36,"37":37,"38":26,"39":48,"40":42,"41":29,"42":47,"43":29,"44":4,"45":28,"46":8,"47":28,"48":17,"49":20,"50":35,"51":20,"52":16,"53":30,"54":41,"55":8,"56":18,"57":9,"58":11,"59":46,"60":49,"61":43,"62":31,"63":15,"64":43,"65":5,"66":21,"67":10,"68":25,"69":15,"70":26,"71":31,"72":35,"73":23,"74":50,"75":17,"76":14,"77":49,"78":43,"79":19,"100":25,"80":16,"81":45,"82":38,"83":40,"84":25,"85":11,"86":14,"87":10},"Agents":[null,{"utility":99,"ID":1},{"utility":92,"ID":2},{"utility":97,"ID":3},{"utility":99,"ID":4},{"utility":94,"ID":5},{"utility":99,"ID":6},{"utility":99,"ID":7},{"utility":97,"ID":8},{"utility":97,"ID":9},{"utility":85,"ID":10},{"utility":99,"ID":11},{"utility":99,"ID":12},{"utility":99,"ID":13},{"utility":99,"ID":14},{"utility":96,"ID":15},{"utility":99,"ID":16},{"utility":0,"ID":17},{"utility":53.5,"ID":18},{"utility":95,"ID":19},{"utility":0,"ID":20},{"utility":0,"ID":21},{"utility":0,"ID":22},{"utility":0,"ID":23},{"utility":0,"ID":24},{"utility":0,"ID":25},{"utility":0,"ID":26},{"utility":69,"ID":27},{"utility":0,"ID":28},{"utility":88,"ID":29},{"utility":46,"ID":30},{"utility":0,"ID":31},{"utility":11.5,"ID":32},{"utility":71,"ID":33},{"utility":71,"ID":34},{"utility":83,"ID":35},{"utility":0,"ID":36},{"utility":0,"ID":37},{"utility":45,"ID":38},{"utility":0,"ID":39},{"utility":0,"ID":40},{"utility":0,"ID":41},{"utility":0,"ID":42},{"utility":24,"ID":43},{"utility":56,"ID":44},{"utility":79,"ID":45},{"utility":23,"ID":46},{"utility":0,"ID":47},{"utility":97,"ID":48},{"utility":2,"ID":49},{"utility":0,"ID":50},{"utility":0,"ID":51},{"utility":44,"ID":52},{"utility":57,"ID":53},{"utility":0,"ID":54},{"utility":62,"ID":55},{"utility":0,"ID":56},{"utility":81,"ID":57},{"utility":35,"ID":58},{"utility":0,"ID":59},{"utility":69,"ID":60},{"utility":47.5,"ID":61},{"utility":0,"ID":62},{"utility":94,"ID":63},{"utility":82.5,"ID":64},{"utility":69,"ID":65},{"utility":19,"ID":66},{"utility":68,"ID":67},{"utility":43.5,"ID":68},{"utility":64,"ID":69},{"utility":89,"ID":70},{"utility":0,"ID":71},{"utility":38,"ID":72},{"utility":0,"ID":73},{"utility":0,"ID":74},{"utility":77,"ID":75},{"utility":67,"ID":76},{"utility":14,"ID":77},{"utility":80.5,"ID":78},{"utility":48,"ID":79},{"utility":86,"ID":80},{"utility":59,"ID":81},{"utility":0,"ID":82},{"utility":1,"ID":83},{"utility":41.5,"ID":84},{"utility":14,"ID":85},{"utility":76,"ID":86},{"utility":38,"ID":87},{"utility":0,"ID":88},{"utility":37,"ID":89},{"utility":0,"ID":90},{"utility":38.5,"ID":91},{"utility":0,"ID":92},{"utility":0,"ID":93},{"utility":56,"ID":94},{"utility":54,"ID":95},{"utility":14,"ID":96},{"utility":2,"ID":97},{"utility":25.5,"ID":98},{"utility":53,"ID":99},{"utility":59.5,"ID":100}],"LAST COALITION":[[],[{"utility":0,"ID":37}],[{"utility":0,"ID":62}],[{"utility":0,"ID":22}],[{"utility":95,"ID":19},{"utility":56,"ID":44}],[{"utility":86,"ID":80},{"utility":96,"ID":15}],[{"utility":0,"ID":93}],[{"utility":0,"ID":26}],[{"utility":11.5,"ID":32},{"utility":23,"ID":46},{"utility":62,"ID":55}],[{"utility":0,"ID":90}],[{"utility":68,"ID":67},{"utility":38,"ID":87}],[{"utility":35,"ID":58},{"utility":14,"ID":85}],[{"utility":0,"ID":92}],[{"utility":0,"ID":88}],[{"utility":67,"ID":76},{"utility":76,"ID":86}],[{"utility":94,"ID":63},{"utility":64,"ID":69}],[{"utility":97,"ID":3},{"utility":24,"ID":43}],[{"utility":69,"ID":27},{"utility":97,"ID":48}],[{"utility":37,"ID":89},{"utility":99,"ID":11}],[{"utility":48,"ID":79},{"utility":56,"ID":94},{"utility":25.5,"ID":98}],[{"utility":0,"ID":24}],[{"utility":97,"ID":9},{"utility":77,"ID":75}],[{"utility":0,"ID":20}],[{"utility":0,"ID":73},{"utility":54,"ID":95}],[{"utility":0,"ID":21}],[{"utility":43.5,"ID":68},{"utility":41.5,"ID":84},{"utility":59.5,"ID":100}],[{"utility":53.5,"ID":18},{"utility":89,"ID":70},{"utility":38.5,"ID":91}],[],[{"utility":88,"ID":29},{"utility":79,"ID":45}],[{"utility":0,"ID":41}],[{"utility":99,"ID":16},{"utility":2,"ID":49}],[{"utility":0,"ID":71}],[{"utility":0,"ID":25}],[{"utility":45,"ID":38},{"utility":99,"ID":7}],[{"utility":92,"ID":2},{"utility":46,"ID":30}],[{"utility":0,"ID":50},{"utility":38,"ID":72}],[{"utility":0,"ID":36}],[{"utility":0,"ID":56}],[{"utility":0,"ID":82}],[{"utility":14,"ID":96},{"utility":99,"ID":6}],[{"utility":1,"ID":83},{"utility":2,"ID":97}],[{"utility":0,"ID":54}],[{"utility":0,"ID":28}],[{"utility":47.5,"ID":61},{"utility":82.5,"ID":64},{"utility":80.5,"ID":78}],[{"utility":0,"ID":40}],[{"utility":83,"ID":35},{"utility":59,"ID":81}],[{"utility":0,"ID":59}],[{"utility":0,"ID":42}],[{"utility":0,"ID":39}],[{"utility":69,"ID":60},{"utility":14,"ID":77}],[{"utility":0,"ID":74}],[{"utility":71,"ID":33},{"utility":85,"ID":10}],[],[{"utility":0,"ID":23}],[{"utility":19,"ID":66},{"utility":99,"ID":4}],[{"utility":0,"ID":31}],[{"utility":0,"ID":17}],[{"utility":71,"ID":34},{"utility":94,"ID":5}],[{"utility":97,"ID":8},{"utility":81,"ID":57}],[{"utility":99,"ID":1},{"utility":69,"ID":65}],[{"utility":53,"ID":99},{"utility":99,"ID":12}],[{"utility":0,"ID":47}],[],[{"utility":0,"ID":51}],[{"utility":44,"ID":52},{"utility":99,"ID":13}],[{"utility":57,"ID":53},{"utility":99,"ID":14}],[],[],[],[],[],[],[],[],[],[],[],[],[],[],[],[],[],[],[],[],[],[],[],[],[],[],[],[],[],[],[],[],[],[],[]],"STARTING COALITION: ":[[null],[],[{"utility":0,"ID":8}],[{"utility":0,"ID":5}],[{"utility":71,"ID":7},{"utility":75.33333333333333,"ID":13},{"utility":65.33333333333333,"ID":19},{"utility":39.333333333333336,"ID":44}],[{"utility":42,"ID":20},{"utility":89,"ID":28},{"utility":72,"ID":65}],[{"utility":0,"ID":93}],[{"utility":0,"ID":22}],[{"utility":11.5,"ID":32},{"utility":23,"ID":46},{"utility":62,"ID":55}],[{"utility":0,"ID":57},{"utility":22,"ID":90}],[{"utility":68,"ID":67},{"utility":38,"ID":87}],[{"utility":35,"ID":58},{"utility":14,"ID":85}],[{"utility":63,"ID":9},{"utility":53,"ID":92}],[{"utility":0,"ID":88}],[{"utility":57.666666666666664,"ID":1},{"utility":5.333333333333333,"ID":33},{"utility":58.666666666666664,"ID":76},{"utility":56,"ID":86}],[{"utility":94,"ID":63},{"utility":64,"ID":69}],[{"utility":60,"ID":52},{"utility":76,"ID":80}],[{"utility":43.333333333333336,"ID":23},{"utility":75,"ID":27},{"utility":66,"ID":48},{"utility":29.666666666666668,"ID":75}],[{"utility":82,"ID":12},{"utility":38,"ID":56}],[{"utility":48,"ID":79},{"utility":56,"ID":94},{"utility":25.5,"ID":98}],[{"utility":54,"ID":49},{"utility":8,"ID":51}],[{"utility":0,"ID":66}],[{"utility":65,"ID":2},{"utility":38,"ID":11}],[{"utility":0,"ID":6},{"utility":29.5,"ID":73},{"utility":66,"ID":95}],[{"utility":0,"ID":30}],[{"utility":43.5,"ID":68},{"utility":41.5,"ID":84},{"utility":59.5,"ID":100}],[{"utility":79.5,"ID":4},{"utility":50,"ID":18},{"utility":25.25,"ID":38},{"utility":60.25,"ID":70},{"utility":31.5,"ID":91}],[{"utility":0,"ID":96}],[{"utility":55.333333333333336,"ID":24},{"utility":41,"ID":29},{"utility":65,"ID":45},{"utility":11.666666666666666,"ID":47}],[{"utility":0,"ID":41},{"utility":42,"ID":43},{"utility":35.5,"ID":99}],[{"utility":0,"ID":53}],[{"utility":14,"ID":62},{"utility":13,"ID":71}],[{"utility":16,"ID":25},{"utility":0,"ID":89}],[],[{"utility":0,"ID":10}],[{"utility":0,"ID":50},{"utility":38,"ID":72}],[{"utility":0,"ID":36}],[{"utility":0,"ID":37}],[{"utility":0,"ID":82}],[],[{"utility":1,"ID":83},{"utility":2,"ID":97}],[{"utility":0,"ID":15},{"utility":51,"ID":54}],[{"utility":0,"ID":3},{"utility":0,"ID":40}],[{"utility":47.5,"ID":61},{"utility":82.5,"ID":64},{"utility":80.5,"ID":78}],[{"utility":0,"ID":31},{"utility":42,"ID":34}],[{"utility":37.333333333333336,"ID":16},{"utility":58.333333333333336,"ID":17},{"utility":38.666666666666664,"ID":35},{"utility":46,"ID":81}],[{"utility":66.5,"ID":21},{"utility":68,"ID":26},{"utility":13.5,"ID":59}],[{"utility":0,"ID":42}],[{"utility":0,"ID":39}],[{"utility":69,"ID":60},{"utility":14,"ID":77}],[{"utility":68,"ID":14},{"utility":44,"ID":74}],[],[],[],[],[],[],[],[],[],[],[],[],[],[],[],[],[],[],[],[],[],[],[],[],[],[],[],[],[],[],[],[],[],[],[],[],[],[],[],[],[],[],[],[],[],[],[],[],[],[]],"CORE :":false,"LAST PARTITION":{"88":13,"89":18,"90":9,"91":26,"92":12,"93":6,"94":19,"95":23,"96":39,"97":40,"10":51,"98":19,"11":18,"99":60,"12":60,"13":64,"14":65,"15":5,"16":30,"17":56,"18":26,"19":4,"1":59,"2":34,"3":16,"4":54,"5":57,"6":39,"7":33,"8":58,"9":21,"20":22,"21":24,"22":3,"23":53,"24":20,"25":32,"26":7,"27":17,"28":42,"29":28,"30":34,"31":55,"32":8,"33":51,"34":57,"35":45,"36":36,"37":1,"38":33,"39":48,"40":44,"41":29,"42":47,"43":16,"44":4,"45":28,"46":8,"47":61,"48":17,"49":30,"50":35,"51":63,"52":64,"53":65,"54":41,"55":8,"56":37,"57":58,"58":11,"59":46,"60":49,"61":43,"62":2,"63":15,"64":43,"65":59,"66":54,"67":10,"68":25,"69":15,"70":26,"71":31,"72":35,"73":23,"74":50,"75":21,"76":14,"77":49,"78":43,"79":19,"100":25,"80":5,"81":45,"82":38,"83":40,"84":25,"85":11,"86":14,"87":10}},{"STARTING PARTITION: ":{"88":23,"89":24,"90":47,"91":48,"92":36,"93":28,"94":7,"95":34,"96":5,"97":48,"10":7,"98":10,"11":38,"99":42,"12":26,"13":43,"14":13,"15":44,"16":39,"17":3,"18":6,"19":5,"1":17,"2":6,"3":22,"4":30,"5":40,"6":45,"7":18,"8":30,"9":46,"20":34,"21":28,"22":23,"23":12,"24":43,"25":31,"26":40,"27":11,"28":36,"29":7,"30":46,"31":3,"32":27,"33":16,"34":26,"35":13,"36":22,"37":7,"38":13,"39":2,"40":14,"41":25,"42":7,"43":9,"44":2,"45":47,"46":32,"47":14,"48":24,"49":10,"50":3,"51":24,"52":25,"53":30,"54":6,"55":30,"56":32,"57":23,"58":2,"59":5,"60":17,"61":24,"62":49,"63":47,"64":35,"65":27,"66":25,"67":23,"68":45,"69":15,"70":32,"71":41,"72":11,"73":34,"74":42,"75":44,"76":35,"77":19,"78":5,"79":47,"100":5,"80":2,"81":30,"82":46,"83":1,"84":22,"85":14,"86":43,"87":39},"Agents":[null,{"utility":95,"ID":1},{"utility":95,"ID":2},{"utility":97,"ID":3},{"utility":99,"ID":4},{"utility":94,"ID":5},{"utility":98,"ID":6},{"utility":99,"ID":7},{"utility":97,"ID":8},{"utility":98,"ID":9},{"utility":94,"ID":10},{"utility":99,"ID":11},{"utility":99,"ID":12},{"utility":99,"ID":13},{"utility":99,"ID":14},{"utility":96,"ID":15},{"utility":99,"ID":16},{"utility":97,"ID":17},{"utility":97,"ID":18},{"utility":98,"ID":19},{"utility":99,"ID":20},{"utility":3,"ID":21},{"utility":82,"ID":22},{"utility":46,"ID":23},{"utility":0,"ID":24},{"utility":0,"ID":25},{"utility":0,"ID":26},{"utility":81,"ID":27},{"utility":0,"ID":28},{"utility":90,"ID":29},{"utility":0,"ID":30},{"utility":0,"ID":31},{"utility":62,"ID":32},{"utility":79,"ID":33},{"utility":71,"ID":34},{"utility":54,"ID":35},{"utility":98,"ID":36},{"utility":0,"ID":37},{"utility":45,"ID":38},{"utility":26,"ID":39},{"utility":68,"ID":40},{"utility":0,"ID":41},{"utility":71,"ID":42},{"utility":24,"ID":43},{"utility":63.5,"ID":44},{"utility":52.5,"ID":45},{"utility":58.5,"ID":46},{"utility":21.5,"ID":47},{"utility":41,"ID":48},{"utility":28,"ID":49},{"utility":0,"ID":50},{"utility":0,"ID":51},{"utility":44,"ID":52},{"utility":57,"ID":53},{"utility":0,"ID":54},{"utility":90,"ID":55},{"utility":64.5,"ID":56},{"utility":81,"ID":57},{"utility":52.5,"ID":58},{"utility":19,"ID":59},{"utility":0,"ID":60},{"utility":43,"ID":61},{"utility":40,"ID":62},{"utility":83.5,"ID":63},{"utility":0,"ID":64},{"utility":70,"ID":65},{"utility":19,"ID":66},{"utility":25,"ID":67},{"utility":0,"ID":68},{"utility":0,"ID":69},{"utility":15,"ID":70},{"utility":0,"ID":71},{"utility":74,"ID":72},{"utility":0,"ID":73},{"utility":0,"ID":74},{"utility":0,"ID":75},{"utility":51,"ID":76},{"utility":24,"ID":77},{"utility":49.5,"ID":78},{"utility":0,"ID":79},{"utility":86,"ID":80},{"utility":57,"ID":81},{"utility":0,"ID":82},{"utility":0,"ID":83},{"utility":84,"ID":84},{"utility":2,"ID":85},{"utility":0,"ID":86},{"utility":0,"ID":87},{"utility":52,"ID":88},{"utility":37,"ID":89},{"utility":41.5,"ID":90},{"utility":31,"ID":91},{"utility":0,"ID":92},{"utility":0,"ID":93},{"utility":19,"ID":94},{"utility":0,"ID":95},{"utility":38,"ID":96},{"utility":26,"ID":97},{"utility":98,"ID":98},{"utility":53,"ID":99},{"utility":70,"ID":100}],"LAST COALITION":[[],[{"utility":0,"ID":83}],[{"utility":26,"ID":39},{"utility":63.5,"ID":44},{"utility":52.5,"ID":58}],[{"utility":0,"ID":50}],[{"utility":95,"ID":1},{"utility":70,"ID":100}],[{"utility":19,"ID":59},{"utility":49.5,"ID":78},{"utility":38,"ID":96}],[{"utility":0,"ID":54}],[{"utility":71,"ID":42},{"utility":19,"ID":94}],[{"utility":0,"ID":26}],[{"utility":97,"ID":17},{"utility":74,"ID":72}],[{"utility":28,"ID":49},{"utility":98,"ID":98}],[{"utility":0,"ID":30}],[{"utility":37,"ID":89},{"utility":99,"ID":11}],[{"utility":0,"ID":25}],[{"utility":68,"ID":40},{"utility":21.5,"ID":47},{"utility":2,"ID":85}],[{"utility":0,"ID":69}],[{"utility":0,"ID":73}],[{"utility":3,"ID":21},{"utility":82,"ID":22}],[],[{"utility":0,"ID":28}],[{"utility":98,"ID":19},{"utility":90,"ID":29}],[{"utility":0,"ID":79}],[{"utility":98,"ID":36},{"utility":84,"ID":84}],[{"utility":25,"ID":67},{"utility":52,"ID":88}],[{"utility":41,"ID":48},{"utility":43,"ID":61}],[{"utility":99,"ID":20},{"utility":81,"ID":27}],[{"utility":19,"ID":66},{"utility":99,"ID":4}],[{"utility":62,"ID":32},{"utility":70,"ID":65}],[{"utility":0,"ID":93}],[{"utility":0,"ID":41}],[{"utility":90,"ID":55},{"utility":57,"ID":81}],[{"utility":95,"ID":2},{"utility":46,"ID":23}],[{"utility":58.5,"ID":46},{"utility":64.5,"ID":56},{"utility":15,"ID":70}],[{"utility":0,"ID":75}],[{"utility":0,"ID":95}],[{"utility":0,"ID":64}],[{"utility":0,"ID":92}],[{"utility":98,"ID":9},{"utility":51,"ID":76}],[{"utility":54,"ID":35},{"utility":94,"ID":10}],[{"utility":0,"ID":87}],[{"utility":97,"ID":18},{"utility":40,"ID":62}],[{"utility":0,"ID":71}],[{"utility":0,"ID":74}],[{"utility":0,"ID":86}],[{"utility":45,"ID":38},{"utility":99,"ID":7}],[{"utility":0,"ID":68}],[{"utility":0,"ID":82}],[{"utility":52.5,"ID":45},{"utility":83.5,"ID":63},{"utility":41.5,"ID":90}],[{"utility":31,"ID":91},{"utility":26,"ID":97}],[{"utility":53,"ID":99},{"utility":99,"ID":12}],[{"utility":0,"ID":37}],[{"utility":57,"ID":53},{"utility":99,"ID":14}],[{"utility":0,"ID":31}],[{"utility":99,"ID":16},{"utility":24,"ID":77}],[{"utility":97,"ID":8},{"utility":81,"ID":57}],[{"utility":0,"ID":24}],[{"utility":79,"ID":33},{"utility":98,"ID":6}],[{"utility":0,"ID":60}],[{"utility":0,"ID":51}],[{"utility":44,"ID":52},{"utility":99,"ID":13}],[{"utility":86,"ID":80},{"utility":96,"ID":15}],[{"utility":71,"ID":34},{"utility":94,"ID":5}],[{"utility":97,"ID":3},{"utility":24,"ID":43}],[],[],[],[],[],[],[],[],[],[],[],[],[],[],[],[],[],[],[],[],[],[],[],[],[],[],[],[],[],[],[],[],[],[],[],[],[],[]],"STARTING COALITION: ":[[null],[{"utility":0,"ID":83}],[{"utility":47,"ID":39},{"utility":64.66666666666667,"ID":44},{"utility":35,"ID":58},{"utility":41.333333333333336,"ID":80}],[{"utility":59.5,"ID":17},{"utility":12,"ID":31},{"utility":85,"ID":50}],[],[{"utility":31.25,"ID":19},{"utility":44.5,"ID":59},{"utility":58,"ID":78},{"utility":27.5,"ID":96},{"utility":47.5,"ID":100}],[{"utility":39,"ID":2},{"utility":12.5,"ID":18},{"utility":73,"ID":54}],[{"utility":15.25,"ID":10},{"utility":48.75,"ID":29},{"utility":36.5,"ID":37},{"utility":25.25,"ID":42},{"utility":52.75,"ID":94}],[],[{"utility":0,"ID":43}],[{"utility":28,"ID":49},{"utility":98,"ID":98}],[{"utility":52,"ID":27},{"utility":35,"ID":72}],[{"utility":0,"ID":23}],[{"utility":62,"ID":14},{"utility":34,"ID":35},{"utility":46,"ID":38}],[{"utility":68,"ID":40},{"utility":21.5,"ID":47},{"utility":2,"ID":85}],[{"utility":0,"ID":69}],[{"utility":0,"ID":33}],[{"utility":94,"ID":1},{"utility":15,"ID":60}],[{"utility":0,"ID":7}],[{"utility":0,"ID":77}],[],[],[{"utility":26.5,"ID":3},{"utility":73.5,"ID":36},{"utility":88,"ID":84}],[{"utility":73,"ID":22},{"utility":13.333333333333334,"ID":57},{"utility":34.666666666666664,"ID":67},{"utility":28.666666666666668,"ID":88}],[{"utility":33,"ID":48},{"utility":30,"ID":51},{"utility":37.666666666666664,"ID":61},{"utility":30,"ID":89}],[{"utility":24.5,"ID":41},{"utility":35,"ID":52},{"utility":0,"ID":66}],[{"utility":11,"ID":12},{"utility":52,"ID":34}],[{"utility":62,"ID":32},{"utility":70,"ID":65}],[{"utility":71,"ID":21},{"utility":97,"ID":93}],[],[{"utility":57.25,"ID":4},{"utility":32.25,"ID":8},{"utility":56.75,"ID":53},{"utility":56.75,"ID":55},{"utility":52.25,"ID":81}],[{"utility":0,"ID":25}],[{"utility":58.5,"ID":46},{"utility":64.5,"ID":56},{"utility":15,"ID":70}],[],[{"utility":34.5,"ID":20},{"utility":24.5,"ID":73},{"utility":53,"ID":95}],[{"utility":78,"ID":64},{"utility":24,"ID":76}],[{"utility":18,"ID":28},{"utility":17,"ID":92}],[],[{"utility":0,"ID":11}],[{"utility":8,"ID":16},{"utility":60,"ID":87}],[{"utility":91,"ID":5},{"utility":85,"ID":26}],[{"utility":0,"ID":71}],[{"utility":93,"ID":74},{"utility":0,"ID":99}],[{"utility":41.5,"ID":13},{"utility":34,"ID":24},{"utility":40,"ID":86}],[{"utility":11,"ID":15},{"utility":89,"ID":75}],[{"utility":81,"ID":6},{"utility":10,"ID":68}],[{"utility":45.5,"ID":9},{"utility":31,"ID":30},{"utility":58,"ID":82}],[{"utility":48.666666666666664,"ID":45},{"utility":77,"ID":63},{"utility":30.666666666666668,"ID":79},{"utility":33.333333333333336,"ID":90}],[{"utility":31,"ID":91},{"utility":26,"ID":97}],[{"utility":0,"ID":62}],[],[],[],[],[],[],[],[],[],[],[],[],[],[],[],[],[],[],[],[],[],[],[],[],[],[],[],[],[],[],[],[],[],[],[],[],[],[],[],[],[],[],[],[],[],[],[],[],[],[],[]],"CORE :":false,"LAST PARTITION":{"88":23,"89":12,"90":47,"91":48,"92":36,"93":28,"94":7,"95":34,"96":5,"97":48,"10":38,"98":10,"11":12,"99":49,"12":49,"13":59,"14":51,"15":60,"16":53,"17":9,"18":40,"19":20,"1":4,"2":31,"3":62,"4":26,"5":61,"6":56,"7":44,"8":54,"9":37,"20":25,"21":17,"22":17,"23":31,"24":55,"25":13,"26":8,"27":25,"28":19,"29":20,"30":11,"31":52,"32":27,"33":56,"34":61,"35":38,"36":22,"37":50,"38":44,"39":2,"40":14,"41":29,"42":7,"43":62,"44":2,"45":47,"46":32,"47":14,"48":24,"49":10,"50":3,"51":58,"52":59,"53":51,"54":6,"55":30,"56":32,"57":54,"58":2,"59":5,"60":57,"61":24,"62":40,"63":47,"64":35,"65":27,"66":26,"67":23,"68":45,"69":15,"70":32,"71":41,"72":9,"73":16,"74":42,"75":33,"76":37,"77":53,"78":5,"79":21,"100":4,"80":60,"81":30,"82":46,"83":1,"84":22,"85":14,"86":43,"87":39}},{"STARTING PARTITION: ":{"88":37,"89":49,"90":49,"91":40,"92":35,"93":20,"94":44,"95":47,"96":32,"97":40,"10":50,"98":23,"11":35,"99":2,"12":17,"13":32,"14":5,"15":6,"16":37,"17":20,"18":14,"19":18,"1":23,"2":25,"3":38,"4":35,"5":50,"6":44,"7":45,"8":33,"9":25,"20":8,"21":27,"22":32,"23":24,"24":33,"25":14,"26":41,"27":13,"28":10,"29":32,"30":17,"31":31,"32":48,"33":43,"34":36,"35":38,"36":25,"37":41,"38":39,"39":31,"40":9,"41":14,"42":44,"43":42,"44":33,"45":18,"46":27,"47":48,"48":10,"49":10,"50":2,"51":1,"52":18,"53":23,"54":29,"55":7,"56":2,"57":40,"58":36,"59":13,"60":6,"61":11,"62":11,"63":19,"64":24,"65":9,"66":40,"67":18,"68":1,"69":23,"70":33,"71":20,"72":32,"73":13,"74":31,"75":18,"76":19,"77":43,"78":11,"79":36,"100":49,"80":34,"81":31,"82":7,"83":47,"84":33,"85":16,"86":33,"87":15},"Agents":[null,{"utility":99,"ID":1},{"utility":95,"ID":2},{"utility":97,"ID":3},{"utility":98,"ID":4},{"utility":94,"ID":5},{"utility":98,"ID":6},{"utility":99,"ID":7},{"utility":97,"ID":8},{"utility":97,"ID":9},{"utility":96,"ID":10},{"utility":99,"ID":11},{"utility":95,"ID":12},{"utility":99,"ID":13},{"utility":96,"ID":14},{"utility":96,"ID":15},{"utility":99,"ID":16},{"utility":99,"ID":17},{"utility":96,"ID":18},{"utility":98,"ID":19},{"utility":99,"ID":20},{"utility":3,"ID":21},{"utility":82,"ID":22},{"utility":46,"ID":23},{"utility":0,"ID":24},{"utility":78,"ID":25},{"utility":0,"ID":26},{"utility":81,"ID":27},{"utility":0,"ID":28},{"utility":90,"ID":29},{"utility":0,"ID":30},{"utility":0,"ID":31},{"utility":89,"ID":32},{"utility":79,"ID":33},{"utility":71,"ID":34},{"utility":0,"ID":35},{"utility":0,"ID":36},{"utility":87,"ID":37},{"utility":45,"ID":38},{"utility":74.5,"ID":39},{"utility":0,"ID":40},{"utility":69,"ID":41},{"utility":71,"ID":42},{"utility":0,"ID":43},{"utility":49.666666666666664,"ID":44},{"utility":49,"ID":45},{"utility":0,"ID":46},{"utility":42,"ID":47},{"utility":0,"ID":48},{"utility":2,"ID":49},{"utility":50.5,"ID":50},{"utility":0,"ID":51},{"utility":44,"ID":52},{"utility":57,"ID":53},{"utility":0,"ID":54},{"utility":21,"ID":55},{"utility":48.5,"ID":56},{"utility":81,"ID":57},{"utility":84,"ID":58},{"utility":0,"ID":59},{"utility":0,"ID":60},{"utility":26,"ID":61},{"utility":69,"ID":62},{"utility":61,"ID":63},{"utility":0,"ID":64},{"utility":69,"ID":65},{"utility":95,"ID":66},{"utility":1,"ID":67},{"utility":0,"ID":68},{"utility":0,"ID":69},{"utility":59.333333333333336,"ID":70},{"utility":25,"ID":71},{"utility":17,"ID":72},{"utility":87,"ID":73},{"utility":23,"ID":74},{"utility":77,"ID":75},{"utility":77,"ID":76},{"utility":21,"ID":77},{"utility":65,"ID":78},{"utility":35,"ID":79},{"utility":86,"ID":80},{"utility":50.5,"ID":81},{"utility":0,"ID":82},{"utility":0,"ID":83},{"utility":40,"ID":84},{"utility":0,"ID":85},{"utility":31.666666666666668,"ID":86},{"utility":0,"ID":87},{"utility":0,"ID":88},{"utility":37,"ID":89},{"utility":25,"ID":90},{"utility":31,"ID":91},{"utility":0,"ID":92},{"utility":89,"ID":93},{"utility":19,"ID":94},{"utility":8,"ID":95},{"utility":26,"ID":96},{"utility":26,"ID":97},{"utility":19,"ID":98},{"utility":89,"ID":99},{"utility":66,"ID":100}],"LAST COALITION":[[],[{"utility":97,"ID":3},{"utility":21,"ID":77}],[{"utility":50.5,"ID":50},{"utility":48.5,"ID":56},{"utility":89,"ID":99}],[{"utility":37,"ID":89},{"utility":99,"ID":11}],[{"utility":79,"ID":33},{"utility":98,"ID":6}],[{"utility":71,"ID":34},{"utility":94,"ID":5}],[{"utility":95,"ID":12},{"utility":69,"ID":62}],[{"utility":0,"ID":82}],[{"utility":45,"ID":38},{"utility":99,"ID":7}],[{"utility":0,"ID":43}],[{"utility":0,"ID":28}],[{"utility":26,"ID":61},{"utility":65,"ID":78}],[{"utility":99,"ID":1},{"utility":69,"ID":65}],[{"utility":0,"ID":59}],[{"utility":78,"ID":25},{"utility":69,"ID":41}],[{"utility":0,"ID":87}],[{"utility":0,"ID":85}],[{"utility":0,"ID":31}],[{"utility":49,"ID":45},{"utility":1,"ID":67}],[{"utility":61,"ID":63},{"utility":77,"ID":76}],[{"utility":25,"ID":71},{"utility":89,"ID":93}],[{"utility":0,"ID":60}],[{"utility":97,"ID":9},{"utility":77,"ID":75}],[{"utility":57,"ID":53},{"utility":0,"ID":69}],[{"utility":0,"ID":64}],[{"utility":0,"ID":36}],[{"utility":86,"ID":80},{"utility":96,"ID":15}],[{"utility":0,"ID":46}],[{"utility":95,"ID":2},{"utility":46,"ID":23}],[{"utility":0,"ID":54}],[{"utility":0,"ID":35}],[{"utility":74.5,"ID":39},{"utility":23,"ID":74},{"utility":50.5,"ID":81}],[{"utility":17,"ID":72},{"utility":26,"ID":96}],[{"utility":49.666666666666664,"ID":44},{"utility":59.333333333333336,"ID":70},{"utility":40,"ID":84},{"utility":31.666666666666668,"ID":86}],[{"utility":0,"ID":24}],[{"utility":0,"ID":92}],[{"utility":84,"ID":58},{"utility":35,"ID":79}],[{"utility":0,"ID":88}],[{"utility":19,"ID":98},{"utility":96,"ID":10}],[{"utility":99,"ID":17},{"utility":21,"ID":55}],[{"utility":31,"ID":91},{"utility":26,"ID":97}],[{"utility":3,"ID":21},{"utility":82,"ID":22}],[{"utility":0,"ID":26}],[{"utility":0,"ID":48}],[{"utility":71,"ID":42},{"utility":19,"ID":94}],[{"utility":96,"ID":18},{"utility":87,"ID":37}],[{"utility":99,"ID":16},{"utility":2,"ID":49}],[{"utility":0,"ID":83},{"utility":8,"ID":95}],[{"utility":89,"ID":32},{"utility":42,"ID":47}],[{"utility":25,"ID":90},{"utility":66,"ID":100}],[{"utility":0,"ID":68}],[{"utility":99,"ID":20},{"utility":81,"ID":27}],[{"utility":98,"ID":4},{"utility":87,"ID":73}],[{"utility":0,"ID":30}],[],[],[{"utility":98,"ID":19},{"utility":90,"ID":29}],[{"utility":95,"ID":66},{"utility":96,"ID":14}],[{"utility":0,"ID":51}],[],[],[{"utility":0,"ID":40}],[],[{"utility":97,"ID":8},{"utility":81,"ID":57}],[{"utility":44,"ID":52},{"utility":99,"ID":13}],[],[],[],[],[],[],[],[],[],[],[],[],[],[],[],[],[],[],[],[],[],[],[],[],[],[],[],[],[],[],[],[],[],[],[],[]],"STARTING COALITION: ":[[null],[{"utility":3,"ID":51},{"utility":51,"ID":68}],[{"utility":50.5,"ID":50},{"utility":48.5,"ID":56},{"utility":89,"ID":99}],[],[],[{"utility":0,"ID":14}],[{"utility":36,"ID":15},{"utility":52,"ID":60}],[{"utility":0,"ID":55},{"utility":70,"ID":82}],[{"utility":0,"ID":20}],[{"utility":33,"ID":40},{"utility":23,"ID":65}],[{"utility":85.5,"ID":28},{"utility":46,"ID":48},{"utility":27,"ID":49}],[{"utility":53.5,"ID":61},{"utility":23,"ID":62},{"utility":51,"ID":78}],[],[{"utility":65.5,"ID":27},{"utility":81.5,"ID":59},{"utility":51,"ID":73}],[{"utility":53.5,"ID":18},{"utility":52,"ID":25},{"utility":79.5,"ID":41}],[{"utility":0,"ID":87}],[{"utility":0,"ID":85}],[{"utility":44,"ID":12},{"utility":11,"ID":30}],[{"utility":14,"ID":19},{"utility":56,"ID":45},{"utility":43.75,"ID":52},{"utility":47.25,"ID":67},{"utility":42.75,"ID":75}],[{"utility":61,"ID":63},{"utility":77,"ID":76}],[{"utility":20.5,"ID":17},{"utility":52.5,"ID":71},{"utility":63,"ID":93}],[],[],[{"utility":29.666666666666668,"ID":1},{"utility":45.666666666666664,"ID":53},{"utility":37.666666666666664,"ID":69},{"utility":38,"ID":98}],[{"utility":57,"ID":23},{"utility":34,"ID":64}],[{"utility":41.5,"ID":2},{"utility":37.5,"ID":9},{"utility":33,"ID":36}],[],[{"utility":79,"ID":21},{"utility":75,"ID":46}],[],[{"utility":0,"ID":54}],[],[{"utility":44.666666666666664,"ID":31},{"utility":65.66666666666667,"ID":39},{"utility":26,"ID":74},{"utility":49.666666666666664,"ID":81}],[{"utility":46.5,"ID":13},{"utility":60.75,"ID":22},{"utility":30,"ID":29},{"utility":16.75,"ID":72},{"utility":47,"ID":96}],[{"utility":25.6,"ID":8},{"utility":56,"ID":24},{"utility":33.8,"ID":44},{"utility":56.4,"ID":70},{"utility":37.2,"ID":84},{"utility":38,"ID":86}],[{"utility":0,"ID":80}],[{"utility":66,"ID":4},{"utility":50,"ID":11},{"utility":13,"ID":92}],[{"utility":7,"ID":34},{"utility":42.5,"ID":58},{"utility":61.5,"ID":79}],[{"utility":92,"ID":16},{"utility":0,"ID":88}],[{"utility":0,"ID":3},{"utility":63,"ID":35}],[{"utility":0,"ID":38}],[{"utility":84,"ID":57},{"utility":87.33333333333333,"ID":66},{"utility":42,"ID":91},{"utility":42,"ID":97}],[{"utility":43,"ID":26},{"utility":19,"ID":37}],[{"utility":0,"ID":43}],[{"utility":74,"ID":33},{"utility":64,"ID":77}],[{"utility":50,"ID":6},{"utility":35.5,"ID":42},{"utility":52,"ID":94}],[{"utility":0,"ID":7}],[],[{"utility":0,"ID":83},{"utility":8,"ID":95}],[{"utility":89,"ID":32},{"utility":42,"ID":47}],[{"utility":32,"ID":89},{"utility":14.5,"ID":90},{"utility":69,"ID":100}],[{"utility":41,"ID":5},{"utility":0,"ID":10}],[],[],[],[],[],[],[],[],[],[],[],[],[],[],[],[],[],[],[],[],[],[],[],[],[],[],[],[],[],[],[],[],[],[],[],[],[],[],[],[],[],[],[],[],[],[],[],[],[],[]],"CORE :":false,"LAST PARTITION":{"88":37,"89":3,"90":49,"91":40,"92":35,"93":20,"94":44,"95":47,"96":32,"97":40,"10":38,"98":38,"11":3,"99":2,"12":6,"13":64,"14":57,"15":26,"16":46,"17":39,"18":45,"19":56,"1":12,"2":28,"3":1,"4":52,"5":5,"6":4,"7":8,"8":63,"9":22,"20":51,"21":41,"22":41,"23":28,"24":34,"25":14,"26":42,"27":51,"28":10,"29":56,"30":53,"31":17,"32":48,"33":4,"34":5,"35":30,"36":25,"37":45,"38":8,"39":31,"40":61,"41":14,"42":44,"43":9,"44":33,"45":18,"46":27,"47":48,"48":43,"49":46,"50":2,"51":58,"52":64,"53":23,"54":29,"55":39,"56":2,"57":63,"58":36,"59":13,"60":21,"61":11,"62":6,"63":19,"64":24,"65":12,"66":57,"67":18,"68":50,"69":23,"70":33,"71":20,"72":32,"73":52,"74":31,"75":22,"76":19,"77":1,"78":11,"79":36,"100":49,"80":26,"81":31,"82":7,"83":47,"84":33,"85":16,"86":33,"87":15}},{"STARTING PARTITION: ":{"88":27,"89":41,"90":21,"91":40,"92":27,"93":10,"94":26,"95":3,"96":33,"97":27,"10":30,"98":29,"11":48,"99":8,"12":10,"13":26,"14":6,"15":20,"16":24,"17":30,"18":9,"19":1,"1":45,"2":4,"3":27,"4":28,"5":1,"6":26,"7":22,"8":29,"9":23,"20":6,"21":49,"22":3,"23":35,"24":5,"25":43,"26":50,"27":24,"28":17,"29":47,"30":41,"31":40,"32":27,"33":43,"34":14,"35":14,"36":42,"37":37,"38":19,"39":11,"40":1,"41":1,"42":40,"43":45,"44":21,"45":22,"46":31,"47":16,"48":29,"49":49,"50":13,"51":48,"52":25,"53":34,"54":9,"55":8,"56":2,"57":8,"58":43,"59":19,"60":2,"61":4,"62":22,"63":5,"64":43,"65":18,"66":6,"67":39,"68":33,"69":41,"70":22,"71":32,"72":5,"73":25,"74":9,"75":39,"76":34,"77":26,"78":27,"79":36,"100":44,"80":29,"81":34,"82":15,"83":4,"84":38,"85":7,"86":38,"87":2},"Agents":[null,{"utility":99,"ID":1},{"utility":0,"ID":2},{"utility":98,"ID":3},{"utility":99,"ID":4},{"utility":94,"ID":5},{"utility":98,"ID":6},{"utility":99,"ID":7},{"utility":97,"ID":8},{"utility":96,"ID":9},{"utility":94,"ID":10},{"utility":96,"ID":11},{"utility":99,"ID":12},{"utility":99,"ID":13},{"utility":99,"ID":14},{"utility":96,"ID":15},{"utility":99,"ID":16},{"utility":99,"ID":17},{"utility":97,"ID":18},{"utility":98,"ID":19},{"utility":99,"ID":20},{"utility":21,"ID":21},{"utility":82,"ID":22},{"utility":84,"ID":23},{"utility":0,"ID":24},{"utility":66.5,"ID":25},{"utility":0,"ID":26},{"utility":81,"ID":27},{"utility":0,"ID":28},{"utility":90,"ID":29},{"utility":0,"ID":30},{"utility":79,"ID":31},{"utility":57.5,"ID":32},{"utility":57,"ID":33},{"utility":71,"ID":34},{"utility":54,"ID":35},{"utility":0,"ID":36},{"utility":0,"ID":37},{"utility":45,"ID":38},{"utility":0,"ID":39},{"utility":0,"ID":40},{"utility":0,"ID":41},{"utility":52,"ID":42},{"utility":0,"ID":43},{"utility":2,"ID":44},{"utility":92,"ID":45},{"utility":0,"ID":46},{"utility":0,"ID":47},{"utility":78,"ID":48},{"utility":2,"ID":49},{"utility":0,"ID":50},{"utility":0,"ID":51},{"utility":44,"ID":52},{"utility":57,"ID":53},{"utility":75,"ID":54},{"utility":21,"ID":55},{"utility":0,"ID":56},{"utility":81,"ID":57},{"utility":68,"ID":58},{"utility":0,"ID":59},{"utility":0,"ID":60},{"utility":56,"ID":61},{"utility":40,"ID":62},{"utility":93,"ID":63},{"utility":57,"ID":64},{"utility":69,"ID":65},{"utility":19,"ID":66},{"utility":95,"ID":67},{"utility":84,"ID":68},{"utility":93,"ID":69},{"utility":36,"ID":70},{"utility":0,"ID":71},{"utility":34,"ID":72},{"utility":0,"ID":73},{"utility":47,"ID":74},{"utility":84,"ID":75},{"utility":88,"ID":76},{"utility":67,"ID":77},{"utility":72.75,"ID":78},{"utility":0,"ID":79},{"utility":86,"ID":80},{"utility":66,"ID":81},{"utility":0,"ID":82},{"utility":63,"ID":83},{"utility":96,"ID":84},{"utility":0,"ID":85},{"utility":0,"ID":86},{"utility":70,"ID":87},{"utility":40,"ID":88},{"utility":94,"ID":89},{"utility":23,"ID":90},{"utility":51.5,"ID":91},{"utility":58.75,"ID":92},{"utility":0,"ID":93},{"utility":65,"ID":94},{"utility":23,"ID":95},{"utility":27,"ID":96},{"utility":56,"ID":97},{"utility":54,"ID":98},{"utility":53,"ID":99},{"utility":0,"ID":100}],"LAST COALITION":[[],[{"utility":0,"ID":41}],[{"utility":0,"ID":56}],[{"utility":82,"ID":22},{"utility":23,"ID":95}],[{"utility":56,"ID":61},{"utility":63,"ID":83}],[{"utility":93,"ID":63},{"utility":34,"ID":72}],[{"utility":0,"ID":26}],[{"utility":0,"ID":85}],[{"utility":53,"ID":99},{"utility":99,"ID":12}],[{"utility":75,"ID":54},{"utility":47,"ID":74}],[{"utility":0,"ID":93}],[{"utility":0,"ID":39}],[{"utility":99,"ID":16},{"utility":2,"ID":49}],[{"utility":0,"ID":50}],[{"utility":0,"ID":40}],[{"utility":0,"ID":82}],[{"utility":57,"ID":53},{"utility":99,"ID":14}],[{"utility":0,"ID":37}],[{"utility":0,"ID":28}],[{"utility":0,"ID":59}],[{"utility":71,"ID":34},{"utility":94,"ID":5}],[{"utility":2,"ID":44},{"utility":23,"ID":90}],[{"utility":92,"ID":45},{"utility":36,"ID":70}],[{"utility":0,"ID":73}],[{"utility":98,"ID":19},{"utility":90,"ID":29}],[{"utility":97,"ID":8},{"utility":81,"ID":57}],[{"utility":67,"ID":77},{"utility":65,"ID":94}],[{"utility":57.5,"ID":32},{"utility":72.75,"ID":78},{"utility":40,"ID":88},{"utility":58.75,"ID":92},{"utility":56,"ID":97}],[{"utility":99,"ID":1},{"utility":69,"ID":65}],[{"utility":78,"ID":48},{"utility":54,"ID":98}],[{"utility":0,"ID":60}],[{"utility":0,"ID":46}],[{"utility":0,"ID":71}],[{"utility":84,"ID":68},{"utility":27,"ID":96}],[{"utility":88,"ID":76},{"utility":66,"ID":81}],[{"utility":21,"ID":21},{"utility":84,"ID":23}],[{"utility":0,"ID":79}],[{"utility":97,"ID":18},{"utility":40,"ID":62}],[{"utility":96,"ID":84},{"utility":0,"ID":86}],[{"utility":95,"ID":67},{"utility":84,"ID":75}],[{"utility":79,"ID":31},{"utility":52,"ID":42},{"utility":51.5,"ID":91}],[{"utility":93,"ID":69},{"utility":94,"ID":89}],[{"utility":0,"ID":36}],[{"utility":66.5,"ID":25},{"utility":68,"ID":58},{"utility":57,"ID":64}],[{"utility":0,"ID":100}],[{"utility":0,"ID":47}],[{"utility":99,"ID":17},{"utility":21,"ID":55}],[{"utility":0,"ID":24}],[{"utility":44,"ID":52},{"utility":99,"ID":13}],[{"utility":99,"ID":20},{"utility":81,"ID":27}],[{"utility":86,"ID":80},{"utility":96,"ID":15}],[{"utility":0,"ID":30}],[{"utility":57,"ID":33},{"utility":98,"ID":3}],[],[{"utility":0,"ID":2}],[{"utility":98,"ID":6},{"utility":96,"ID":9}],[{"utility":54,"ID":35},{"utility":94,"ID":10}],[],[{"utility":45,"ID":38},{"utility":99,"ID":7}],[],[{"utility":70,"ID":87},{"utility":96,"ID":11}],[{"utility":0,"ID":51}],[],[{"utility":19,"ID":66},{"utility":99,"ID":4}],[{"utility":0,"ID":43}],[],[],[],[],[],[],[],[],[],[],[],[],[],[],[],[],[],[],[],[],[],[],[],[],[],[],[],[],[],[],[],[],[],[],[],[]],"STARTING COALITION: ":[[null],[{"utility":41,"ID":5},{"utility":64.33333333333333,"ID":19},{"utility":17.333333333333332,"ID":40},{"utility":59.666666666666664,"ID":41}],[{"utility":33,"ID":56},{"utility":4.5,"ID":60},{"utility":28.5,"ID":87}],[{"utility":82,"ID":22},{"utility":23,"ID":95}],[{"utility":65.5,"ID":2},{"utility":28,"ID":61},{"utility":64.5,"ID":83}],[{"utility":33,"ID":24},{"utility":75.5,"ID":63},{"utility":43,"ID":72}],[{"utility":76.5,"ID":14},{"utility":27,"ID":20},{"utility":57,"ID":66}],[{"utility":0,"ID":85}],[{"utility":35.5,"ID":55},{"utility":55,"ID":57},{"utility":77.5,"ID":99}],[{"utility":4,"ID":18},{"utility":61,"ID":54},{"utility":44.5,"ID":74}],[{"utility":82,"ID":12},{"utility":53,"ID":93}],[{"utility":0,"ID":39}],[],[{"utility":0,"ID":50}],[{"utility":59,"ID":34},{"utility":57,"ID":35}],[{"utility":0,"ID":82}],[{"utility":0,"ID":47}],[{"utility":0,"ID":28}],[{"utility":0,"ID":65}],[{"utility":39,"ID":38},{"utility":17,"ID":59}],[{"utility":0,"ID":15}],[{"utility":2,"ID":44},{"utility":23,"ID":90}],[{"utility":64,"ID":7},{"utility":53.333333333333336,"ID":45},{"utility":64.33333333333333,"ID":62},{"utility":67.33333333333333,"ID":70}],[{"utility":0,"ID":9}],[{"utility":57,"ID":16},{"utility":21,"ID":27}],[{"utility":0,"ID":52},{"utility":32,"ID":73}],[{"utility":56,"ID":6},{"utility":43.333333333333336,"ID":13},{"utility":61.666666666666664,"ID":77},{"utility":50,"ID":94}],[{"utility":34.4,"ID":3},{"utility":48.2,"ID":32},{"utility":64.4,"ID":78},{"utility":38.4,"ID":88},{"utility":47.4,"ID":92},{"utility":48.4,"ID":97}],[{"utility":0,"ID":4}],[{"utility":36.666666666666664,"ID":8},{"utility":63.333333333333336,"ID":48},{"utility":85.33333333333333,"ID":80},{"utility":67.66666666666667,"ID":98}],[{"utility":29,"ID":10},{"utility":0,"ID":17}],[{"utility":0,"ID":46}],[{"utility":0,"ID":71}],[{"utility":84,"ID":68},{"utility":27,"ID":96}],[{"utility":34.5,"ID":53},{"utility":86,"ID":76},{"utility":44.5,"ID":81}],[{"utility":0,"ID":23}],[{"utility":0,"ID":79}],[{"utility":0,"ID":37}],[{"utility":96,"ID":84},{"utility":0,"ID":86}],[{"utility":95,"ID":67},{"utility":84,"ID":75}],[{"utility":79,"ID":31},{"utility":52,"ID":42},{"utility":51.5,"ID":91}],[{"utility":28.5,"ID":30},{"utility":76,"ID":69},{"utility":75.5,"ID":89}],[{"utility":0,"ID":36}],[{"utility":57,"ID":25},{"utility":10,"ID":33},{"utility":63,"ID":58},{"utility":64.66666666666667,"ID":64}],[{"utility":0,"ID":100}],[{"utility":29,"ID":1},{"utility":84,"ID":43}],[],[{"utility":0,"ID":29}],[{"utility":79,"ID":11},{"utility":14,"ID":51}],[{"utility":60,"ID":21},{"utility":36,"ID":49}],[{"utility":0,"ID":26}],[],[],[],[],[],[],[],[],[],[],[],[],[],[],[],[],[],[],[],[],[],[],[],[],[],[],[],[],[],[],[],[],[],[],[],[],[],[],[],[],[],[],[],[],[],[],[],[],[],[]],"CORE :":false,"LAST PARTITION":{"88":27,"89":41,"90":21,"91":40,"92":27,"93":10,"94":26,"95":3,"96":33,"97":27,"10":56,"98":29,"11":60,"99":8,"12":8,"13":48,"14":16,"15":50,"16":12,"17":46,"18":37,"19":24,"1":28,"2":54,"3":52,"4":63,"5":20,"6":55,"7":58,"8":25,"9":55,"20":49,"21":35,"22":3,"23":35,"24":47,"25":43,"26":6,"27":49,"28":18,"29":24,"30":51,"31":40,"32":27,"33":52,"34":20,"35":56,"36":42,"37":17,"38":58,"39":11,"40":14,"41":1,"42":40,"43":64,"44":21,"45":22,"46":31,"47":45,"48":29,"49":12,"50":13,"51":61,"52":48,"53":16,"54":9,"55":46,"56":2,"57":25,"58":43,"59":19,"60":30,"61":4,"62":37,"63":5,"64":43,"65":28,"66":63,"67":39,"68":33,"69":41,"70":22,"71":32,"72":5,"73":23,"74":9,"75":39,"76":34,"77":26,"78":27,"79":36,"100":44,"80":50,"81":34,"82":15,"83":4,"84":38,"85":7,"86":38,"87":60}},{"END OF FILE:" : true}]