[{"STARTING PARTITION: ":{"88":25,"89":11,"90":7,"91":39,"92":17,"93":26,"94":31,"95":50,"96":50,"97":10,"10":2,"98":35,"11":40,"99":42,"12":10,"13":30,"14":26,"15":49,"16":4,"17":20,"18":50,"19":5,"1":19,"2":45,"3":14,"4":49,"5":49,"6":43,"7":41,"8":39,"9":29,"20":31,"21":1,"22":46,"23":45,"24":38,"25":38,"26":24,"27":28,"28":34,"29":13,"30":22,"31":40,"32":5,"33":28,"34":41,"35":9,"36":26,"37":37,"38":13,"39":38,"40":44,"41":3,"42":36,"43":6,"44":5,"45":47,"46":27,"47":4,"48":9,"49":32,"50":38,"51":6,"52":38,"53":42,"54":3,"55":22,"56":13,"57":48,"58":34,"59":14,"60":28,"61":44,"62":34,"63":9,"64":49,"65":23,"66":33,"67":35,"68":31,"69":35,"70":48,"71":29,"72":36,"73":13,"74":34,"75":49,"76":12,"77":5,"78":15,"79":1,"100":19,"80":18,"81":38,"82":32,"83":42,"84":26,"85":29,"86":12,"87":3},"Agents":[null,{"utility":98,"ID":1},{"utility":99,"ID":2},{"utility":98,"ID":3},{"utility":97,"ID":4},{"utility":98,"ID":5},{"utility":98,"ID":6},{"utility":99,"ID":7},{"utility":99,"ID":8},{"utility":93,"ID":9},{"utility":97,"ID":10},{"utility":98,"ID":11},{"utility":99,"ID":12},{"utility":98,"ID":13},{"utility":98,"ID":14},{"utility":99,"ID":15},{"utility":96,"ID":16},{"utility":97,"ID":17},{"utility":98,"ID":18},{"utility":51,"ID":19},{"utility":0,"ID":20},{"utility":0,"ID":21},{"utility":0,"ID":22},{"utility":73,"ID":23},{"utility":0,"ID":24},{"utility":0,"ID":25},{"utility":0,"ID":26},{"utility":87,"ID":27},{"utility":74,"ID":28},{"utility":0,"ID":29},{"utility":0,"ID":30},{"utility":0,"ID":31},{"utility":58,"ID":32},{"utility":0,"ID":33},{"utility":83,"ID":34},{"utility":0,"ID":35},{"utility":39,"ID":36},{"utility":0,"ID":37},{"utility":0,"ID":38},{"utility":0,"ID":39},{"utility":44,"ID":40},{"utility":0,"ID":41},{"utility":0,"ID":42},{"utility":98,"ID":43},{"utility":0,"ID":44},{"utility":0,"ID":45},{"utility":0,"ID":46},{"utility":0,"ID":47},{"utility":0,"ID":48},{"utility":66,"ID":49},{"utility":31,"ID":50},{"utility":0,"ID":51},{"utility":74,"ID":52},{"utility":81,"ID":53},{"utility":10,"ID":54},{"utility":0,"ID":55},{"utility":92,"ID":56},{"utility":41,"ID":57},{"utility":63,"ID":58},{"utility":27,"ID":59},{"utility":0,"ID":60},{"utility":0,"ID":61},{"utility":55,"ID":62},{"utility":74,"ID":63},{"utility":29,"ID":64},{"utility":0,"ID":65},{"utility":0,"ID":66},{"utility":0,"ID":67},{"utility":53,"ID":68},{"utility":57,"ID":69},{"utility":33,"ID":70},{"utility":58,"ID":71},{"utility":99,"ID":72},{"utility":59,"ID":73},{"utility":33,"ID":74},{"utility":53,"ID":75},{"utility":76,"ID":76},{"utility":94,"ID":77},{"utility":0,"ID":78},{"utility":0,"ID":79},{"utility":75,"ID":80},{"utility":63,"ID":81},{"utility":81,"ID":82},{"utility":17,"ID":83},{"utility":55.5,"ID":84},{"utility":80,"ID":85},{"utility":86,"ID":86},{"utility":78,"ID":87},{"utility":0,"ID":88},{"utility":0,"ID":89},{"utility":0,"ID":90},{"utility":20,"ID":91},{"utility":16,"ID":92},{"utility":50,"ID":93},{"utility":0,"ID":94},{"utility":0,"ID":95},{"utility":89,"ID":96},{"utility":0,"ID":97},{"utility":34,"ID":98},{"utility":41,"ID":99},{"utility":0,"ID":100}],"LAST COALITION":[[],[{"utility":0,"ID":79}],[{"utility":75,"ID":80},{"utility":99,"ID":8}],[{"utility":10,"ID":54},{"utility":78,"ID":87}],[{"utility":0,"ID":67}],[{"utility":74,"ID":52},{"utility":98,"ID":14}],[{"utility":0,"ID":51}],[{"utility":0,"ID":90}],[{"utility":0,"ID":47}],[{"utility":0,"ID":48}],[{"utility":0,"ID":97}],[{"utility":0,"ID":89}],[{"utility":76,"ID":76},{"utility":86,"ID":86}],[{"utility":0,"ID":38}],[{"utility":0,"ID":24}],[{"utility":0,"ID":78}],[{"utility":0,"ID":44}],[{"utility":0,"ID":26}],[{"utility":27,"ID":59},{"utility":98,"ID":13}],[{"utility":0,"ID":100}],[{"utility":53,"ID":68},{"utility":97,"ID":10}],[{"utility":98,"ID":1},{"utility":81,"ID":53}],[{"utility":0,"ID":55}],[{"utility":0,"ID":65}],[{"utility":51,"ID":19},{"utility":73,"ID":23}],[{"utility":0,"ID":88}],[{"utility":39,"ID":36},{"utility":55.5,"ID":84},{"utility":50,"ID":93}],[{"utility":0,"ID":46}],[{"utility":0,"ID":22}],[{"utility":58,"ID":71},{"utility":80,"ID":85}],[{"utility":0,"ID":30}],[{"utility":0,"ID":94}],[{"utility":66,"ID":49},{"utility":81,"ID":82}],[{"utility":0,"ID":66}],[{"utility":63,"ID":58},{"utility":55,"ID":62},{"utility":33,"ID":74}],[{"utility":57,"ID":69},{"utility":34,"ID":98}],[{"utility":0,"ID":25}],[{"utility":0,"ID":37}],[{"utility":31,"ID":50},{"utility":63,"ID":81}],[{"utility":98,"ID":18},{"utility":16,"ID":92}],[{"utility":0,"ID":39}],[{"utility":98,"ID":11},{"utility":20,"ID":91}],[{"utility":17,"ID":83},{"utility":41,"ID":99}],[{"utility":58,"ID":32},{"utility":98,"ID":6}],[{"utility":97,"ID":17},{"utility":94,"ID":77}],[{"utility":0,"ID":20}],[{"utility":0,"ID":33}],[{"utility":0,"ID":45}],[{"utility":41,"ID":57},{"utility":33,"ID":70}],[{"utility":29,"ID":64},{"utility":53,"ID":75}],[{"utility":0,"ID":95},{"utility":89,"ID":96}],[{"utility":0,"ID":29}],[{"utility":99,"ID":2},{"utility":74,"ID":63}],[{"utility":93,"ID":9},{"utility":87,"ID":27}],[{"utility":92,"ID":56},{"utility":99,"ID":15}],[{"utility":83,"ID":34},{"utility":97,"ID":4}],[{"utility":98,"ID":3},{"utility":74,"ID":28}],[{"utility":0,"ID":35}],[{"utility":0,"ID":31}],[{"utility":98,"ID":5},{"utility":99,"ID":72}],[{"utility":99,"ID":7},{"utility":98,"ID":43}],[{"utility":0,"ID":41}],[{"utility":0,"ID":60}],[{"utility":59,"ID":73},{"utility":99,"ID":12}],[{"utility":0,"ID":42}],[{"utility":96,"ID":16},{"utility":44,"ID":40}],[{"utility":0,"ID":61}],[],[{"utility":0,"ID":21}],[],[],[],[],[],[],[],[],[],[],[],[],[],[],[],[],[],[],[],[],[],[],[],[],[],[],[],[],[],[],[],[]],"STARTING COALITION: ":[[null],[{"utility":21,"ID":21},{"utility":24,"ID":79}],[{"utility":0,"ID":10}],[{"utility":23,"ID":41},{"utility":19,"ID":54},{"utility":77.5,"ID":87}],[{"utility":39,"ID":16},{"utility":9,"ID":47}],[{"utility":43.333333333333336,"ID":19},{"utility":71.33333333333333,"ID":32},{"utility":67,"ID":44},{"utility":53.333333333333336,"ID":77}],[{"utility":86,"ID":43},{"utility":29,"ID":51}],[{"utility":0,"ID":90}],[],[{"utility":44,"ID":35},{"utility":51,"ID":48},{"utility":31,"ID":63}],[{"utility":39,"ID":12},{"utility":59,"ID":97}],[{"utility":0,"ID":89}],[{"utility":76,"ID":76},{"utility":86,"ID":86}],[{"utility":54.333333333333336,"ID":29},{"utility":31,"ID":38},{"utility":15,"ID":56},{"utility":23,"ID":73}],[{"utility":24,"ID":3},{"utility":58,"ID":59}],[{"utility":0,"ID":78}],[],[{"utility":0,"ID":92}],[{"utility":0,"ID":80}],[{"utility":84,"ID":1},{"utility":14,"ID":100}],[{"utility":0,"ID":17}],[],[{"utility":71,"ID":30},{"utility":66,"ID":55}],[{"utility":0,"ID":65}],[{"utility":0,"ID":26}],[{"utility":0,"ID":88}],[{"utility":24.333333333333332,"ID":14},{"utility":47,"ID":36},{"utility":59.333333333333336,"ID":84},{"utility":33.333333333333336,"ID":93}],[{"utility":0,"ID":46}],[{"utility":28,"ID":27},{"utility":49.5,"ID":33},{"utility":54.5,"ID":60}],[{"utility":31.5,"ID":9},{"utility":78,"ID":71},{"utility":57,"ID":85}],[{"utility":0,"ID":13}],[{"utility":56,"ID":20},{"utility":50.5,"ID":68},{"utility":61,"ID":94}],[{"utility":66,"ID":49},{"utility":81,"ID":82}],[{"utility":0,"ID":66}],[{"utility":49,"ID":28},{"utility":54.666666666666664,"ID":58},{"utility":60,"ID":62},{"utility":31,"ID":74}],[{"utility":40.5,"ID":67},{"utility":59.5,"ID":69},{"utility":35.5,"ID":98}],[{"utility":16,"ID":42},{"utility":45,"ID":72}],[{"utility":0,"ID":37}],[{"utility":54.4,"ID":24},{"utility":33.4,"ID":25},{"utility":56.6,"ID":39},{"utility":14.8,"ID":50},{"utility":50.8,"ID":52},{"utility":53.4,"ID":81}],[{"utility":33,"ID":8},{"utility":0,"ID":91}],[{"utility":50,"ID":11},{"utility":14,"ID":31}],[{"utility":49,"ID":7},{"utility":90,"ID":34}],[{"utility":17.5,"ID":53},{"utility":40.5,"ID":83},{"utility":60,"ID":99}],[{"utility":0,"ID":6}],[{"utility":4,"ID":40},{"utility":80,"ID":61}],[{"utility":46,"ID":2},{"utility":96,"ID":23}],[{"utility":0,"ID":22}],[{"utility":0,"ID":45}],[{"utility":41,"ID":57},{"utility":33,"ID":70}],[{"utility":43.5,"ID":4},{"utility":43.25,"ID":5},{"utility":49.75,"ID":15},{"utility":56.5,"ID":64},{"utility":38.75,"ID":75}],[{"utility":60.5,"ID":18},{"utility":19.5,"ID":95},{"utility":60.5,"ID":96}],[],[],[],[],[],[],[],[],[],[],[],[],[],[],[],[],[],[],[],[],[],[],[],[],[],[],[],[],[],[],[],[],[],[],[],[],[],[],[],[],[],[],[],[],[],[],[],[],[],[]],"CORE :":false,"LAST PARTITION":{"88":25,"89":11,"90":7,"91":41,"92":39,"93":26,"94":31,"95":50,"96":50,"97":10,"10":20,"98":35,"11":41,"99":42,"12":63,"13":18,"14":5,"15":54,"16":65,"17":44,"18":39,"19":24,"1":21,"2":52,"3":56,"4":55,"5":59,"6":43,"7":60,"8":2,"9":53,"20":45,"21":68,"22":28,"23":24,"24":14,"25":36,"26":17,"27":53,"28":56,"29":51,"30":30,"31":58,"32":43,"33":46,"34":55,"35":57,"36":26,"37":37,"38":13,"39":40,"40":65,"41":61,"42":64,"43":60,"44":16,"45":47,"46":27,"47":8,"48":9,"49":32,"50":38,"51":6,"52":5,"53":21,"54":3,"55":22,"56":54,"57":48,"58":34,"59":18,"60":62,"61":66,"62":34,"63":52,"64":49,"65":23,"66":33,"67":4,"68":20,"69":35,"70":48,"71":29,"72":59,"73":63,"74":34,"75":49,"76":12,"77":44,"78":15,"79":1,"100":19,"80":2,"81":38,"82":32,"83":42,"84":26,"85":29,"86":12,"87":3}},{"STARTING PARTITION: ":{"88":46,"89":40,"90":34,"91":4,"92":1,"93":5,"94":30,"95":46,"96":8,"97":15,"10":46,"98":34,"11":49,"99":28,"12":15,"13":20,"14":18,"15":24,"16":32,"17":25,"18":25,"19":33,"1":1,"2":44,"3":50,"4":46,"5":28,"6":2,"7":7,"8":45,"9":9,"20":1,"21":38,"22":40,"23":41,"24":24,"25":17,"26":45,"27":18,"28":31,"29":13,"30":10,"31":27,"32":14,"33":28,"34":14,"35":8,"36":15,"37":13,"38":31,"39":17,"40":19,"41":44,"42":2,"43":13,"44":36,"45":33,"46":14,"47":48,"48":41,"49":1,"50":47,"51":18,"52":31,"53":32,"54":42,"55":27,"56":50,"57":31,"58":47,"59":12,"60":34,"61":20,"62":5,"63":21,"64":14,"65":36,"66":6,"67":21,"68":33,"69":5,"70":3,"71":8,"72":30,"73":29,"74":40,"75":11,"76":30,"77":19,"78":45,"79":12,"100":5,"80":28,"81":29,"82":12,"83":20,"84":4,"85":38,"86":18,"87":9},"Agents":[null,{"utility":98,"ID":1},{"utility":92,"ID":2},{"utility":98,"ID":3},{"utility":97,"ID":4},{"utility":98,"ID":5},{"utility":98,"ID":6},{"utility":99,"ID":7},{"utility":99,"ID":8},{"utility":98,"ID":9},{"utility":95,"ID":10},{"utility":97,"ID":11},{"utility":99,"ID":12},{"utility":94,"ID":13},{"utility":96,"ID":14},{"utility":99,"ID":15},{"utility":0,"ID":16},{"utility":58,"ID":17},{"utility":35,"ID":18},{"utility":0,"ID":19},{"utility":0,"ID":20},{"utility":95,"ID":21},{"utility":56.5,"ID":22},{"utility":1,"ID":23},{"utility":6,"ID":24},{"utility":0,"ID":25},{"utility":0,"ID":26},{"utility":0,"ID":27},{"utility":74,"ID":28},{"utility":0,"ID":29},{"utility":0,"ID":30},{"utility":0,"ID":31},{"utility":58,"ID":32},{"utility":86,"ID":33},{"utility":83,"ID":34},{"utility":65,"ID":35},{"utility":40,"ID":36},{"utility":0,"ID":37},{"utility":0,"ID":38},{"utility":0,"ID":39},{"utility":0,"ID":40},{"utility":0,"ID":41},{"utility":30,"ID":42},{"utility":98,"ID":43},{"utility":78,"ID":44},{"utility":80,"ID":45},{"utility":0,"ID":46},{"utility":0,"ID":47},{"utility":0,"ID":48},{"utility":45,"ID":49},{"utility":0,"ID":50},{"utility":0,"ID":51},{"utility":95,"ID":52},{"utility":0,"ID":53},{"utility":0,"ID":54},{"utility":0,"ID":55},{"utility":92,"ID":56},{"utility":69,"ID":57},{"utility":82,"ID":58},{"utility":62.5,"ID":59},{"utility":35,"ID":60},{"utility":0,"ID":61},{"utility":32,"ID":62},{"utility":76,"ID":63},{"utility":0,"ID":64},{"utility":0,"ID":65},{"utility":0,"ID":66},{"utility":60,"ID":67},{"utility":97,"ID":68},{"utility":57,"ID":69},{"utility":0,"ID":70},{"utility":98,"ID":71},{"utility":99,"ID":72},{"utility":91,"ID":73},{"utility":8,"ID":74},{"utility":0,"ID":75},{"utility":13,"ID":76},{"utility":84,"ID":77},{"utility":0,"ID":78},{"utility":55.5,"ID":79},{"utility":75,"ID":80},{"utility":28,"ID":81},{"utility":73.5,"ID":82},{"utility":0,"ID":83},{"utility":49,"ID":84},{"utility":90,"ID":85},{"utility":44,"ID":86},{"utility":26,"ID":87},{"utility":3,"ID":88},{"utility":34,"ID":89},{"utility":76,"ID":90},{"utility":84,"ID":91},{"utility":10,"ID":92},{"utility":45.666666666666664,"ID":93},{"utility":55,"ID":94},{"utility":11,"ID":95},{"utility":0,"ID":96},{"utility":31,"ID":97},{"utility":22.5,"ID":98},{"utility":24,"ID":99},{"utility":73.66666666666667,"ID":100}],"LAST COALITION":[[],[{"utility":45,"ID":49},{"utility":10,"ID":92}],[{"utility":92,"ID":2},{"utility":78,"ID":44}],[{"utility":0,"ID":70}],[{"utility":49,"ID":84},{"utility":84,"ID":91}],[{"utility":32,"ID":62},{"utility":57,"ID":69},{"utility":45.666666666666664,"ID":93},{"utility":73.66666666666667,"ID":100}],[{"utility":0,"ID":66}],[],[{"utility":0,"ID":25}],[{"utility":0,"ID":26}],[{"utility":0,"ID":37}],[{"utility":0,"ID":75}],[{"utility":62.5,"ID":59},{"utility":55.5,"ID":79},{"utility":73.5,"ID":82}],[{"utility":0,"ID":29}],[{"utility":0,"ID":46},{"utility":0,"ID":64}],[{"utility":40,"ID":36},{"utility":31,"ID":97}],[{"utility":0,"ID":20}],[{"utility":58,"ID":32},{"utility":98,"ID":6}],[{"utility":0,"ID":51}],[{"utility":0,"ID":40},{"utility":84,"ID":77}],[{"utility":0,"ID":83}],[{"utility":76,"ID":63},{"utility":60,"ID":67}],[{"utility":0,"ID":55}],[{"utility":0,"ID":61}],[{"utility":0,"ID":31}],[{"utility":0,"ID":30}],[{"utility":98,"ID":1},{"utility":44,"ID":86}],[{"utility":92,"ID":56},{"utility":99,"ID":15}],[{"utility":86,"ID":33},{"utility":24,"ID":99}],[{"utility":91,"ID":73},{"utility":28,"ID":81}],[{"utility":13,"ID":76},{"utility":55,"ID":94}],[{"utility":95,"ID":52},{"utility":69,"ID":57}],[{"utility":26,"ID":87},{"utility":99,"ID":12}],[{"utility":80,"ID":45},{"utility":97,"ID":68}],[{"utility":35,"ID":60},{"utility":76,"ID":90},{"utility":22.5,"ID":98}],[{"utility":1,"ID":23},{"utility":98,"ID":9}],[{"utility":0,"ID":65}],[{"utility":83,"ID":34},{"utility":97,"ID":4}],[{"utility":95,"ID":21},{"utility":90,"ID":85}],[{"utility":58,"ID":17},{"utility":35,"ID":18}],[{"utility":56.5,"ID":22},{"utility":8,"ID":74},{"utility":34,"ID":89}],[{"utility":0,"ID":48}],[{"utility":0,"ID":54}],[{"utility":75,"ID":80},{"utility":99,"ID":8}],[{"utility":95,"ID":10},{"utility":30,"ID":42}],[{"utility":0,"ID":78}],[{"utility":3,"ID":88},{"utility":11,"ID":95}],[{"utility":0,"ID":50},{"utility":82,"ID":58}],[{"utility":0,"ID":47}],[{"utility":6,"ID":24},{"utility":94,"ID":13}],[{"utility":0,"ID":16}],[{"utility":98,"ID":3},{"utility":74,"ID":28}],[{"utility":0,"ID":39}],[{"utility":98,"ID":71},{"utility":96,"ID":14}],[{"utility":98,"ID":5},{"utility":99,"ID":72}],[{"utility":0,"ID":96}],[{"utility":0,"ID":27}],[{"utility":0,"ID":41}],[{"utility":0,"ID":38}],[{"utility":99,"ID":7},{"utility":98,"ID":43}],[{"utility":0,"ID":53}],[{"utility":65,"ID":35},{"utility":97,"ID":11}],[{"utility":0,"ID":19}],[],[],[],[],[],[],[],[],[],[],[],[],[],[],[],[],[],[],[],[],[],[],[],[],[],[],[],[],[],[],[],[],[],[],[],[],[],[]],"STARTING COALITION: ":[[null],[{"utility":49.666666666666664,"ID":1},{"utility":33.333333333333336,"ID":20},{"utility":67,"ID":49},{"utility":12,"ID":92}],[{"utility":90,"ID":6},{"utility":10,"ID":42}],[{"utility":0,"ID":70}],[{"utility":49,"ID":84},{"utility":84,"ID":91}],[{"utility":32,"ID":62},{"utility":57,"ID":69},{"utility":45.666666666666664,"ID":93},{"utility":73.66666666666667,"ID":100}],[{"utility":0,"ID":66}],[{"utility":0,"ID":7}],[{"utility":58,"ID":35},{"utility":46.5,"ID":71},{"utility":52.5,"ID":96}],[{"utility":18,"ID":9},{"utility":68,"ID":87}],[{"utility":0,"ID":30}],[{"utility":0,"ID":75}],[{"utility":62.5,"ID":59},{"utility":55.5,"ID":79},{"utility":73.5,"ID":82}],[{"utility":88.5,"ID":29},{"utility":5,"ID":37},{"utility":4,"ID":43}],[{"utility":68.33333333333333,"ID":32},{"utility":38,"ID":34},{"utility":19.333333333333332,"ID":46},{"utility":37,"ID":64}],[{"utility":38,"ID":12},{"utility":27.5,"ID":36},{"utility":45,"ID":97}],[],[{"utility":78,"ID":25},{"utility":52,"ID":39}],[{"utility":43,"ID":14},{"utility":55.666666666666664,"ID":27},{"utility":35,"ID":51},{"utility":27,"ID":86}],[{"utility":0,"ID":40},{"utility":84,"ID":77}],[{"utility":62.5,"ID":13},{"utility":44,"ID":61},{"utility":21.5,"ID":83}],[{"utility":76,"ID":63},{"utility":60,"ID":67}],[],[],[{"utility":87,"ID":15},{"utility":62,"ID":24}],[{"utility":58,"ID":17},{"utility":35,"ID":18}],[],[{"utility":79,"ID":31},{"utility":72,"ID":55}],[{"utility":44,"ID":5},{"utility":30.666666666666668,"ID":33},{"utility":17.333333333333332,"ID":80},{"utility":28.333333333333332,"ID":99}],[{"utility":91,"ID":73},{"utility":28,"ID":81}],[{"utility":82.5,"ID":72},{"utility":48,"ID":76},{"utility":61.5,"ID":94}],[{"utility":34.333333333333336,"ID":28},{"utility":18.666666666666668,"ID":38},{"utility":77.66666666666667,"ID":52},{"utility":58.666666666666664,"ID":57}],[{"utility":0,"ID":16},{"utility":98,"ID":53}],[{"utility":52.5,"ID":19},{"utility":70,"ID":45},{"utility":68.5,"ID":68}],[{"utility":35,"ID":60},{"utility":76,"ID":90},{"utility":22.5,"ID":98}],[],[{"utility":20,"ID":44},{"utility":0,"ID":65}],[],[{"utility":95,"ID":21},{"utility":90,"ID":85}],[],[{"utility":56.5,"ID":22},{"utility":8,"ID":74},{"utility":34,"ID":89}],[{"utility":0,"ID":23},{"utility":14,"ID":48}],[{"utility":0,"ID":54}],[],[{"utility":58,"ID":2},{"utility":65,"ID":41}],[{"utility":41,"ID":8},{"utility":52,"ID":26},{"utility":68,"ID":78}],[{"utility":80.66666666666667,"ID":4},{"utility":70.33333333333333,"ID":10},{"utility":11.333333333333334,"ID":88},{"utility":10,"ID":95}],[{"utility":0,"ID":50},{"utility":82,"ID":58}],[{"utility":0,"ID":47}],[{"utility":0,"ID":11}],[{"utility":41,"ID":3},{"utility":94,"ID":56}],[],[],[],[],[],[],[],[],[],[],[],[],[],[],[],[],[],[],[],[],[],[],[],[],[],[],[],[],[],[],[],[],[],[],[],[],[],[],[],[],[],[],[],[],[],[],[],[],[],[]],"CORE :":false,"LAST PARTITION":{"88":46,"89":40,"90":34,"91":4,"92":1,"93":5,"94":30,"95":46,"96":55,"97":15,"10":44,"98":34,"11":61,"99":28,"12":32,"13":49,"14":53,"15":27,"16":50,"17":39,"18":39,"19":62,"1":26,"2":2,"3":51,"4":37,"5":54,"6":17,"7":59,"8":43,"9":35,"20":16,"21":38,"22":40,"23":35,"24":49,"25":8,"26":9,"27":56,"28":51,"29":13,"30":25,"31":24,"32":17,"33":28,"34":37,"35":61,"36":15,"37":10,"38":58,"39":52,"40":19,"41":57,"42":44,"43":59,"44":2,"45":33,"46":14,"47":48,"48":41,"49":1,"50":47,"51":18,"52":31,"53":60,"54":42,"55":22,"56":27,"57":31,"58":47,"59":12,"60":34,"61":23,"62":5,"63":21,"64":14,"65":36,"66":6,"67":21,"68":33,"69":5,"70":3,"71":53,"72":54,"73":29,"74":40,"75":11,"76":30,"77":19,"78":45,"79":12,"100":5,"80":43,"81":29,"82":12,"83":20,"84":4,"85":38,"86":26,"87":32}},{"STARTING PARTITION: ":{"88":12,"89":37,"90":38,"91":7,"92":5,"93":31,"94":42,"95":15,"96":35,"97":32,"10":36,"98":36,"11":1,"99":31,"12":42,"13":33,"14":9,"15":3,"16":45,"17":43,"18":34,"19":27,"1":5,"2":28,"3":33,"4":44,"5":26,"6":30,"7":26,"8":24,"9":37,"20":21,"21":28,"22":26,"23":39,"24":25,"25":27,"26":16,"27":38,"28":12,"29":3,"30":48,"31":9,"32":50,"33":7,"34":48,"35":19,"36":41,"37":36,"38":7,"39":28,"40":5,"41":28,"42":26,"43":47,"44":45,"45":11,"46":34,"47":13,"48":16,"49":11,"50":30,"51":18,"52":10,"53":22,"54":31,"55":19,"56":15,"57":15,"58":24,"59":39,"60":23,"61":21,"62":4,"63":40,"64":21,"65":33,"66":46,"67":6,"68":29,"69":32,"70":8,"71":6,"72":20,"73":45,"74":37,"75":26,"76":17,"77":31,"78":46,"79":41,"100":25,"80":45,"81":14,"82":40,"83":16,"84":37,"85":2,"86":15,"87":2},"Agents":[null,{"utility":98,"ID":1},{"utility":99,"ID":2},{"utility":98,"ID":3},{"utility":98,"ID":4},{"utility":98,"ID":5},{"utility":0,"ID":6},{"utility":99,"ID":7},{"utility":99,"ID":8},{"utility":91,"ID":9},{"utility":97,"ID":10},{"utility":98,"ID":11},{"utility":99,"ID":12},{"utility":98,"ID":13},{"utility":98,"ID":14},{"utility":99,"ID":15},{"utility":96,"ID":16},{"utility":97,"ID":17},{"utility":98,"ID":18},{"utility":96,"ID":19},{"utility":99,"ID":20},{"utility":98,"ID":21},{"utility":99,"ID":22},{"utility":98,"ID":23},{"utility":99,"ID":24},{"utility":98,"ID":25},{"utility":98,"ID":26},{"utility":94,"ID":27},{"utility":97,"ID":28},{"utility":98,"ID":29},{"utility":96,"ID":30},{"utility":82,"ID":31},{"utility":81,"ID":32},{"utility":0,"ID":33},{"utility":0,"ID":34},{"utility":99,"ID":35},{"utility":74,"ID":36},{"utility":0,"ID":37},{"utility":57,"ID":38},{"utility":0,"ID":39},{"utility":44,"ID":40},{"utility":85,"ID":41},{"utility":98,"ID":42},{"utility":98,"ID":43},{"utility":0,"ID":44},{"utility":0,"ID":45},{"utility":0,"ID":46},{"utility":0,"ID":47},{"utility":51,"ID":48},{"utility":0,"ID":49},{"utility":0,"ID":50},{"utility":0,"ID":51},{"utility":74,"ID":52},{"utility":81,"ID":53},{"utility":68,"ID":54},{"utility":16,"ID":55},{"utility":92,"ID":56},{"utility":52,"ID":57},{"utility":0,"ID":58},{"utility":27,"ID":59},{"utility":18,"ID":60},{"utility":93,"ID":61},{"utility":0,"ID":62},{"utility":74,"ID":63},{"utility":0,"ID":64},{"utility":0,"ID":65},{"utility":63,"ID":66},{"utility":0,"ID":67},{"utility":53,"ID":68},{"utility":0,"ID":69},{"utility":0,"ID":70},{"utility":69,"ID":71},{"utility":99,"ID":72},{"utility":86,"ID":73},{"utility":36.5,"ID":74},{"utility":0,"ID":75},{"utility":90,"ID":76},{"utility":94,"ID":77},{"utility":1,"ID":78},{"utility":89,"ID":79},{"utility":75,"ID":80},{"utility":0,"ID":81},{"utility":73,"ID":82},{"utility":56,"ID":83},{"utility":47,"ID":84},{"utility":58,"ID":85},{"utility":46,"ID":86},{"utility":26,"ID":87},{"utility":0,"ID":88},{"utility":46.5,"ID":89},{"utility":0,"ID":90},{"utility":20,"ID":91},{"utility":16,"ID":92},{"utility":70,"ID":93},{"utility":0,"ID":94},{"utility":41,"ID":95},{"utility":0,"ID":96},{"utility":0,"ID":97},{"utility":0,"ID":98},{"utility":15,"ID":99},{"utility":97,"ID":100}],"LAST COALITION":[[],[{"utility":75,"ID":80},{"utility":99,"ID":8}],[{"utility":0,"ID":34}],[{"utility":98,"ID":5},{"utility":99,"ID":72}],[{"utility":96,"ID":30},{"utility":41,"ID":95}],[{"utility":0,"ID":6}],[{"utility":98,"ID":18},{"utility":16,"ID":92}],[{"utility":0,"ID":45}],[{"utility":0,"ID":70}],[{"utility":92,"ID":56},{"utility":99,"ID":15}],[{"utility":26,"ID":87},{"utility":99,"ID":12}],[{"utility":0,"ID":44}],[{"utility":0,"ID":88}],[{"utility":99,"ID":35},{"utility":98,"ID":29}],[{"utility":0,"ID":81}],[{"utility":52,"ID":57},{"utility":46,"ID":86}],[{"utility":51,"ID":48},{"utility":56,"ID":83}],[{"utility":99,"ID":2},{"utility":74,"ID":63}],[{"utility":99,"ID":20},{"utility":86,"ID":73}],[{"utility":74,"ID":52},{"utility":98,"ID":14}],[{"utility":0,"ID":47}],[{"utility":0,"ID":64}],[{"utility":98,"ID":3},{"utility":85,"ID":41}],[{"utility":0,"ID":33}],[{"utility":0,"ID":58}],[{"utility":57,"ID":38},{"utility":99,"ID":24}],[{"utility":0,"ID":75}],[],[{"utility":0,"ID":39}],[{"utility":0,"ID":62}],[{"utility":0,"ID":50}],[{"utility":70,"ID":93},{"utility":15,"ID":99}],[{"utility":0,"ID":69}],[{"utility":0,"ID":65}],[{"utility":0,"ID":46}],[{"utility":0,"ID":96}],[{"utility":0,"ID":98}],[{"utility":36.5,"ID":74},{"utility":47,"ID":84},{"utility":46.5,"ID":89}],[{"utility":0,"ID":90}],[{"utility":68,"ID":54},{"utility":91,"ID":9}],[{"utility":0,"ID":37}],[{"utility":74,"ID":36},{"utility":89,"ID":79}],[{"utility":0,"ID":94}],[{"utility":0,"ID":51}],[{"utility":0,"ID":49}],[{"utility":98,"ID":21},{"utility":16,"ID":55}],[{"utility":63,"ID":66},{"utility":1,"ID":78}],[{"utility":97,"ID":100},{"utility":99,"ID":22}],[{"utility":98,"ID":25},{"utility":93,"ID":61}],[{"utility":0,"ID":67}],[{"utility":98,"ID":1},{"utility":81,"ID":53}],[{"utility":99,"ID":7},{"utility":98,"ID":43}],[{"utility":98,"ID":26},{"utility":98,"ID":42}],[{"utility":98,"ID":23},{"utility":69,"ID":71}],[{"utility":27,"ID":59},{"utility":98,"ID":13}],[{"utility":97,"ID":28},{"utility":18,"ID":60}],[{"utility":81,"ID":32},{"utility":82,"ID":31}],[{"utility":0,"ID":97}],[{"utility":94,"ID":27},{"utility":90,"ID":76}],[{"utility":96,"ID":19},{"utility":58,"ID":85}],[{"utility":73,"ID":82},{"utility":98,"ID":4}],[{"utility":96,"ID":16},{"utility":44,"ID":40}],[],[],[],[],[{"utility":53,"ID":68},{"utility":97,"ID":10}],[{"utility":97,"ID":17},{"utility":94,"ID":77}],[{"utility":98,"ID":11},{"utility":20,"ID":91}],[],[],[],[],[],[],[],[],[],[],[],[],[],[],[],[],[],[],[],[],[],[],[],[],[],[],[],[],[],[],[],[]],"STARTING COALITION: ":[[null],[{"utility":0,"ID":11}],[{"utility":46,"ID":85},{"utility":95,"ID":87}],[{"utility":19,"ID":15},{"utility":11,"ID":29}],[{"utility":0,"ID":62}],[{"utility":30.5,"ID":1},{"utility":86.5,"ID":40},{"utility":26.5,"ID":92}],[{"utility":18,"ID":67},{"utility":70,"ID":71}],[{"utility":42,"ID":33},{"utility":28.5,"ID":38},{"utility":59.5,"ID":91}],[{"utility":0,"ID":70}],[{"utility":0,"ID":14},{"utility":80,"ID":31}],[{"utility":0,"ID":52}],[{"utility":24,"ID":45},{"utility":70,"ID":49}],[{"utility":48,"ID":28},{"utility":50,"ID":88}],[{"utility":0,"ID":47}],[{"utility":0,"ID":81}],[{"utility":29.666666666666668,"ID":56},{"utility":23,"ID":57},{"utility":54,"ID":86},{"utility":52.666666666666664,"ID":95}],[{"utility":27,"ID":26},{"utility":53.5,"ID":48},{"utility":28,"ID":83}],[{"utility":0,"ID":76}],[{"utility":0,"ID":51}],[{"utility":89,"ID":35},{"utility":85,"ID":55}],[{"utility":0,"ID":72}],[{"utility":39.5,"ID":20},{"utility":65.5,"ID":61},{"utility":83,"ID":64}],[{"utility":0,"ID":53}],[{"utility":0,"ID":60}],[{"utility":11,"ID":8},{"utility":88,"ID":58}],[{"utility":2,"ID":24},{"utility":63,"ID":100}],[{"utility":28.25,"ID":5},{"utility":25.25,"ID":7},{"utility":52.75,"ID":22},{"utility":54.75,"ID":42},{"utility":57.5,"ID":75}],[{"utility":9,"ID":19},{"utility":22,"ID":25}],[{"utility":53,"ID":2},{"utility":10.666666666666666,"ID":21},{"utility":28.666666666666668,"ID":39},{"utility":60.666666666666664,"ID":41}],[{"utility":0,"ID":68}],[{"utility":45,"ID":6},{"utility":54,"ID":50}],[{"utility":43.666666666666664,"ID":54},{"utility":47.666666666666664,"ID":77},{"utility":50.333333333333336,"ID":93},{"utility":23.666666666666668,"ID":99}],[{"utility":0,"ID":69},{"utility":57,"ID":97}],[{"utility":38,"ID":3},{"utility":67.5,"ID":13},{"utility":10,"ID":65}],[{"utility":67,"ID":18},{"utility":29,"ID":46}],[{"utility":0,"ID":96}],[{"utility":50,"ID":10},{"utility":64,"ID":37},{"utility":56.5,"ID":98}],[{"utility":67.66666666666667,"ID":9},{"utility":54.333333333333336,"ID":74},{"utility":56.333333333333336,"ID":84},{"utility":47,"ID":89}],[{"utility":61,"ID":27},{"utility":11,"ID":90}],[{"utility":30,"ID":23},{"utility":49,"ID":59}],[{"utility":91,"ID":63},{"utility":1,"ID":82}],[{"utility":74,"ID":36},{"utility":89,"ID":79}],[{"utility":6,"ID":12},{"utility":7,"ID":94}],[{"utility":0,"ID":17}],[{"utility":0,"ID":4}],[{"utility":10.333333333333334,"ID":16},{"utility":60.333333333333336,"ID":44},{"utility":2.6666666666666665,"ID":73},{"utility":44,"ID":80}],[{"utility":63,"ID":66},{"utility":1,"ID":78}],[{"utility":0,"ID":43}],[{"utility":72,"ID":30},{"utility":53,"ID":34}],[],[{"utility":0,"ID":32}],[],[],[],[],[],[],[],[],[],[],[],[],[],[],[],[],[],[],[],[],[],[],[],[],[],[],[],[],[],[],[],[],[],[],[],[],[],[],[],[],[],[],[],[],[],[],[],[],[],[]],"CORE :":false,"LAST PARTITION":{"88":12,"89":37,"90":38,"91":68,"92":6,"93":31,"94":42,"95":4,"96":35,"97":57,"10":66,"98":36,"11":68,"99":31,"12":10,"13":54,"14":19,"15":9,"16":61,"17":67,"18":6,"19":59,"1":50,"2":17,"3":22,"4":60,"5":3,"6":5,"7":51,"8":1,"9":39,"20":18,"21":45,"22":47,"23":53,"24":25,"25":48,"26":52,"27":58,"28":55,"29":13,"30":4,"31":56,"32":56,"33":23,"34":2,"35":13,"36":41,"37":40,"38":25,"39":28,"40":61,"41":22,"42":52,"43":51,"44":11,"45":7,"46":34,"47":20,"48":16,"49":44,"50":30,"51":43,"52":19,"53":50,"54":39,"55":45,"56":9,"57":15,"58":24,"59":54,"60":55,"61":48,"62":29,"63":17,"64":21,"65":33,"66":46,"67":49,"68":66,"69":32,"70":8,"71":53,"72":3,"73":18,"74":37,"75":26,"76":58,"77":67,"78":46,"79":41,"100":47,"80":1,"81":14,"82":60,"83":16,"84":37,"85":59,"86":15,"87":10}},{"STARTING PARTITION: ":{"88":25,"89":44,"90":21,"91":27,"92":19,"93":20,"94":11,"95":12,"96":37,"97":24,"10":33,"98":40,"11":40,"99":1,"12":43,"13":41,"14":17,"15":34,"16":11,"17":15,"18":50,"19":49,"1":26,"2":32,"3":3,"4":19,"5":49,"6":33,"7":41,"8":27,"9":5,"20":36,"21":21,"22":48,"23":40,"24":10,"25":7,"26":42,"27":16,"28":23,"29":20,"30":10,"31":34,"32":47,"33":15,"34":12,"35":21,"36":12,"37":11,"38":21,"39":38,"40":47,"41":21,"42":42,"43":34,"44":41,"45":45,"46":48,"47":7,"48":38,"49":32,"50":8,"51":17,"52":34,"53":44,"54":46,"55":27,"56":34,"57":26,"58":8,"59":2,"60":41,"61":46,"62":49,"63":22,"64":27,"65":38,"66":35,"67":35,"68":8,"69":15,"70":19,"71":17,"72":18,"73":2,"74":4,"75":22,"76":38,"77":15,"78":38,"79":34,"100":2,"80":3,"81":50,"82":34,"83":32,"84":34,"85":29,"86":31,"87":1},"Agents":[null,{"utility":98,"ID":1},{"utility":92,"ID":2},{"utility":0,"ID":3},{"utility":98,"ID":4},{"utility":98,"ID":5},{"utility":98,"ID":6},{"utility":99,"ID":7},{"utility":99,"ID":8},{"utility":37,"ID":9},{"utility":97,"ID":10},{"utility":97,"ID":11},{"utility":97,"ID":12},{"utility":98,"ID":13},{"utility":98,"ID":14},{"utility":99,"ID":15},{"utility":96,"ID":16},{"utility":97,"ID":17},{"utility":96,"ID":18},{"utility":96,"ID":19},{"utility":99,"ID":20},{"utility":98,"ID":21},{"utility":99,"ID":22},{"utility":98,"ID":23},{"utility":97,"ID":24},{"utility":98,"ID":25},{"utility":98,"ID":26},{"utility":90,"ID":27},{"utility":92,"ID":28},{"utility":0,"ID":29},{"utility":0,"ID":30},{"utility":0,"ID":31},{"utility":58,"ID":32},{"utility":0,"ID":33},{"utility":0,"ID":34},{"utility":65,"ID":35},{"utility":0,"ID":36},{"utility":68,"ID":37},{"utility":72,"ID":38},{"utility":0,"ID":39},{"utility":44,"ID":40},{"utility":0,"ID":41},{"utility":98,"ID":42},{"utility":98,"ID":43},{"utility":78,"ID":44},{"utility":0,"ID":45},{"utility":0,"ID":46},{"utility":0,"ID":47},{"utility":71.66666666666667,"ID":48},{"utility":52,"ID":49},{"utility":0,"ID":50},{"utility":0,"ID":51},{"utility":74,"ID":52},{"utility":81,"ID":53},{"utility":86,"ID":54},{"utility":16,"ID":55},{"utility":92,"ID":56},{"utility":0,"ID":57},{"utility":82,"ID":58},{"utility":27,"ID":59},{"utility":0,"ID":60},{"utility":93,"ID":61},{"utility":0,"ID":62},{"utility":82,"ID":63},{"utility":37,"ID":64},{"utility":59.666666666666664,"ID":65},{"utility":0,"ID":66},{"utility":0,"ID":67},{"utility":53,"ID":68},{"utility":0,"ID":69},{"utility":57,"ID":70},{"utility":26,"ID":71},{"utility":99,"ID":72},{"utility":86,"ID":73},{"utility":0,"ID":74},{"utility":0,"ID":75},{"utility":12.666666666666666,"ID":76},{"utility":94,"ID":77},{"utility":48,"ID":78},{"utility":68,"ID":79},{"utility":75,"ID":80},{"utility":0,"ID":81},{"utility":73,"ID":82},{"utility":0,"ID":83},{"utility":71,"ID":84},{"utility":58,"ID":85},{"utility":0,"ID":86},{"utility":74,"ID":87},{"utility":0,"ID":88},{"utility":99,"ID":89},{"utility":52,"ID":90},{"utility":49,"ID":91},{"utility":77,"ID":92},{"utility":0,"ID":93},{"utility":75,"ID":94},{"utility":49,"ID":95},{"utility":0,"ID":96},{"utility":0,"ID":97},{"utility":0,"ID":98},{"utility":51,"ID":99},{"utility":97,"ID":100}],"LAST COALITION":[[],[{"utility":74,"ID":87},{"utility":51,"ID":99}],[{"utility":52,"ID":49},{"utility":98,"ID":23}],[{"utility":97,"ID":100},{"utility":99,"ID":22}],[{"utility":0,"ID":74}],[{"utility":99,"ID":7},{"utility":98,"ID":43}],[{"utility":0,"ID":47}],[{"utility":90,"ID":27},{"utility":82,"ID":63}],[{"utility":0,"ID":50},{"utility":82,"ID":58}],[{"utility":0,"ID":3}],[],[{"utility":68,"ID":37},{"utility":75,"ID":94}],[{"utility":0,"ID":36},{"utility":49,"ID":95}],[{"utility":0,"ID":34}],[{"utility":27,"ID":59},{"utility":98,"ID":13}],[{"utility":0,"ID":69}],[{"utility":96,"ID":16},{"utility":44,"ID":40}],[{"utility":99,"ID":20},{"utility":86,"ID":73}],[{"utility":75,"ID":80},{"utility":99,"ID":8}],[{"utility":57,"ID":70},{"utility":77,"ID":92}],[{"utility":0,"ID":93}],[{"utility":72,"ID":38},{"utility":52,"ID":90}],[{"utility":0,"ID":75}],[{"utility":37,"ID":9},{"utility":92,"ID":28}],[{"utility":0,"ID":97}],[{"utility":0,"ID":88}],[{"utility":0,"ID":57}],[{"utility":37,"ID":64},{"utility":49,"ID":91}],[{"utility":58,"ID":32},{"utility":98,"ID":6}],[{"utility":74,"ID":52},{"utility":98,"ID":14}],[{"utility":98,"ID":1},{"utility":81,"ID":53}],[{"utility":0,"ID":86}],[{"utility":0,"ID":83}],[{"utility":0,"ID":41}],[{"utility":68,"ID":79},{"utility":71,"ID":84}],[{"utility":0,"ID":66}],[{"utility":0,"ID":45}],[{"utility":0,"ID":96}],[{"utility":71.66666666666667,"ID":48},{"utility":59.666666666666664,"ID":65},{"utility":12.666666666666666,"ID":76},{"utility":48,"ID":78}],[{"utility":98,"ID":25},{"utility":93,"ID":61}],[{"utility":0,"ID":98}],[{"utility":0,"ID":30}],[{"utility":98,"ID":26},{"utility":98,"ID":42}],[{"utility":0,"ID":39}],[{"utility":0,"ID":29}],[{"utility":0,"ID":51}],[{"utility":97,"ID":17},{"utility":94,"ID":77}],[{"utility":0,"ID":67}],[{"utility":0,"ID":46}],[{"utility":0,"ID":62}],[{"utility":0,"ID":81}],[{"utility":92,"ID":2},{"utility":78,"ID":44}],[{"utility":73,"ID":82},{"utility":98,"ID":4}],[{"utility":0,"ID":31}],[{"utility":96,"ID":19},{"utility":58,"ID":85}],[{"utility":65,"ID":35},{"utility":97,"ID":11}],[{"utility":98,"ID":5},{"utility":99,"ID":72}],[{"utility":0,"ID":33}],[{"utility":92,"ID":56},{"utility":99,"ID":15}],[{"utility":53,"ID":68},{"utility":97,"ID":10}],[{"utility":98,"ID":21},{"utility":16,"ID":55}],[{"utility":99,"ID":89},{"utility":97,"ID":12}],[{"utility":0,"ID":60}],[{"utility":86,"ID":54},{"utility":97,"ID":24}],[],[{"utility":96,"ID":18},{"utility":26,"ID":71}],[],[],[],[],[],[],[],[],[],[],[],[],[],[],[],[],[],[],[],[],[],[],[],[],[],[],[],[],[],[],[],[],[],[],[]],"STARTING COALITION: ":[[null],[{"utility":74,"ID":87},{"utility":51,"ID":99}],[{"utility":45.5,"ID":59},{"utility":42,"ID":73},{"utility":2.5,"ID":100}],[{"utility":53,"ID":3},{"utility":10,"ID":80}],[{"utility":0,"ID":74}],[{"utility":0,"ID":9}],[],[{"utility":65,"ID":25},{"utility":47,"ID":47}],[{"utility":17.5,"ID":50},{"utility":49,"ID":58},{"utility":45,"ID":68}],[],[{"utility":31,"ID":24},{"utility":9,"ID":30}],[{"utility":29,"ID":16},{"utility":72.5,"ID":37},{"utility":77,"ID":94}],[{"utility":18.5,"ID":34},{"utility":47,"ID":36},{"utility":28,"ID":95}],[],[],[{"utility":54,"ID":17},{"utility":92.66666666666667,"ID":33},{"utility":29.666666666666668,"ID":69},{"utility":43,"ID":77}],[{"utility":0,"ID":27}],[{"utility":63.5,"ID":14},{"utility":50,"ID":51},{"utility":85.5,"ID":71}],[{"utility":0,"ID":72}],[{"utility":40,"ID":4},{"utility":51.5,"ID":70},{"utility":84.5,"ID":92}],[{"utility":44,"ID":29},{"utility":93,"ID":93}],[{"utility":18.75,"ID":21},{"utility":30,"ID":35},{"utility":40.5,"ID":38},{"utility":45.25,"ID":41},{"utility":54.25,"ID":90}],[{"utility":49,"ID":63},{"utility":11,"ID":75}],[{"utility":0,"ID":28}],[{"utility":0,"ID":97}],[{"utility":0,"ID":88}],[{"utility":34,"ID":1},{"utility":13,"ID":57}],[{"utility":62,"ID":8},{"utility":71.33333333333333,"ID":55},{"utility":16.333333333333332,"ID":64},{"utility":32.333333333333336,"ID":91}],[],[{"utility":0,"ID":85}],[],[{"utility":0,"ID":86}],[{"utility":32,"ID":2},{"utility":5.5,"ID":49},{"utility":49.5,"ID":83}],[{"utility":33,"ID":6},{"utility":95,"ID":10}],[{"utility":36.714285714285715,"ID":15},{"utility":55.42857142857143,"ID":31},{"utility":35.857142857142854,"ID":43},{"utility":55.857142857142854,"ID":52},{"utility":64.85714285714286,"ID":56},{"utility":58.42857142857143,"ID":79},{"utility":52.714285714285715,"ID":82},{"utility":48.57142857142857,"ID":84}],[{"utility":63,"ID":66},{"utility":26,"ID":67}],[{"utility":0,"ID":20}],[{"utility":0,"ID":96}],[{"utility":43.75,"ID":39},{"utility":73.25,"ID":48},{"utility":57.75,"ID":65},{"utility":19.25,"ID":76},{"utility":45,"ID":78}],[],[{"utility":44,"ID":11},{"utility":92.5,"ID":23},{"utility":50.5,"ID":98}],[{"utility":47.666666666666664,"ID":7},{"utility":39.666666666666664,"ID":13},{"utility":47.333333333333336,"ID":44},{"utility":51,"ID":60}],[{"utility":98,"ID":26},{"utility":98,"ID":42}],[{"utility":0,"ID":12}],[{"utility":39,"ID":53},{"utility":19,"ID":89}],[{"utility":0,"ID":45}],[{"utility":25,"ID":54},{"utility":98,"ID":61}],[{"utility":82,"ID":32},{"utility":0,"ID":40}],[{"utility":68,"ID":22},{"utility":75,"ID":46}],[{"utility":58,"ID":5},{"utility":45.5,"ID":19},{"utility":53.5,"ID":62}],[{"utility":23,"ID":18},{"utility":28,"ID":81}],[],[],[],[],[],[],[],[],[],[],[],[],[],[],[],[],[],[],[],[],[],[],[],[],[],[],[],[],[],[],[],[],[],[],[],[],[],[],[],[],[],[],[],[],[],[],[],[],[],[]],"CORE :":false,"LAST PARTITION":{"88":25,"89":61,"90":21,"91":27,"92":19,"93":20,"94":11,"95":12,"96":37,"97":24,"10":59,"98":40,"11":55,"99":1,"12":61,"13":14,"14":29,"15":58,"16":16,"17":46,"18":65,"19":54,"1":30,"2":51,"3":9,"4":52,"5":56,"6":28,"7":5,"8":18,"9":23,"20":17,"21":60,"22":3,"23":2,"24":63,"25":39,"26":42,"27":7,"28":23,"29":44,"30":41,"31":53,"32":28,"33":57,"34":13,"35":55,"36":12,"37":11,"38":21,"39":43,"40":16,"41":33,"42":42,"43":5,"44":51,"45":36,"46":48,"47":6,"48":38,"49":2,"50":8,"51":45,"52":29,"53":30,"54":63,"55":60,"56":58,"57":26,"58":8,"59":14,"60":62,"61":39,"62":49,"63":7,"64":27,"65":38,"66":35,"67":47,"68":59,"69":15,"70":19,"71":65,"72":56,"73":17,"74":4,"75":22,"76":38,"77":46,"78":38,"79":34,"100":3,"80":18,"81":50,"82":52,"83":32,"84":34,"85":54,"86":31,"87":1}},{"STARTING PARTITION: ":{"88":6,"89":26,"90":37,"91":34,"92":18,"93":12,"94":26,"95":26,"96":11,"97":31,"10":29,"98":47,"11":25,"99":31,"12":21,"13":15,"14":6,"15":44,"16":30,"17":24,"18":36,"19":11,"1":6,"2":9,"3":48,"4":42,"5":44,"6":8,"7":47,"8":43,"9":4,"20":36,"21":21,"22":7,"23":21,"24":38,"25":36,"26":5,"27":16,"28":12,"29":17,"30":47,"31":44,"32":4,"33":41,"34":6,"35":20,"36":8,"37":24,"38":7,"39":48,"40":13,"41":46,"42":50,"43":39,"44":29,"45":4,"46":14,"47":20,"48":29,"49":45,"50":22,"51":23,"52":11,"53":19,"54":40,"55":25,"56":28,"57":14,"58":25,"59":16,"60":8,"61":6,"62":11,"63":30,"64":27,"65":43,"66":27,"67":28,"68":50,"69":50,"70":37,"71":27,"72":38,"73":16,"74":6,"75":50,"76":10,"77":36,"78":23,"79":28,"100":44,"80":36,"81":26,"82":33,"83":9,"84":33,"85":11,"86":38,"87":22},"Agents":[null,{"utility":98,"ID":1},{"utility":99,"ID":2},{"utility":98,"ID":3},{"utility":98,"ID":4},{"utility":98,"ID":5},{"utility":98,"ID":6},{"utility":99,"ID":7},{"utility":99,"ID":8},{"utility":93,"ID":9},{"utility":95,"ID":10},{"utility":98,"ID":11},{"utility":97,"ID":12},{"utility":98,"ID":13},{"utility":98,"ID":14},{"utility":99,"ID":15},{"utility":96,"ID":16},{"utility":97,"ID":17},{"utility":98,"ID":18},{"utility":96,"ID":19},{"utility":99,"ID":20},{"utility":99,"ID":21},{"utility":99,"ID":22},{"utility":99,"ID":23},{"utility":99,"ID":24},{"utility":98,"ID":25},{"utility":0,"ID":26},{"utility":87,"ID":27},{"utility":74,"ID":28},{"utility":0,"ID":29},{"utility":0,"ID":30},{"utility":0,"ID":31},{"utility":50,"ID":32},{"utility":0,"ID":33},{"utility":66.5,"ID":34},{"utility":0,"ID":35},{"utility":0,"ID":36},{"utility":0,"ID":37},{"utility":57,"ID":38},{"utility":0,"ID":39},{"utility":44,"ID":40},{"utility":0,"ID":41},{"utility":21,"ID":42},{"utility":98,"ID":43},{"utility":0,"ID":44},{"utility":0,"ID":45},{"utility":90,"ID":46},{"utility":0,"ID":47},{"utility":0,"ID":48},{"utility":0,"ID":49},{"utility":6,"ID":50},{"utility":0,"ID":51},{"utility":74,"ID":52},{"utility":81,"ID":53},{"utility":0,"ID":54},{"utility":99,"ID":55},{"utility":92,"ID":56},{"utility":85,"ID":57},{"utility":65,"ID":58},{"utility":27,"ID":59},{"utility":0,"ID":60},{"utility":93,"ID":61},{"utility":53,"ID":62},{"utility":74,"ID":63},{"utility":69,"ID":64},{"utility":0,"ID":65},{"utility":81,"ID":66},{"utility":78,"ID":67},{"utility":57.5,"ID":68},{"utility":49.5,"ID":69},{"utility":93,"ID":70},{"utility":31.5,"ID":71},{"utility":99,"ID":72},{"utility":86,"ID":73},{"utility":48.5,"ID":74},{"utility":74,"ID":75},{"utility":0,"ID":76},{"utility":94,"ID":77},{"utility":0,"ID":78},{"utility":32,"ID":79},{"utility":75,"ID":80},{"utility":87,"ID":81},{"utility":73,"ID":82},{"utility":0,"ID":83},{"utility":0,"ID":84},{"utility":58,"ID":85},{"utility":4,"ID":86},{"utility":60,"ID":87},{"utility":1,"ID":88},{"utility":99,"ID":89},{"utility":43,"ID":90},{"utility":20,"ID":91},{"utility":16,"ID":92},{"utility":0,"ID":93},{"utility":48,"ID":94},{"utility":15,"ID":95},{"utility":26,"ID":96},{"utility":57,"ID":97},{"utility":0,"ID":98},{"utility":64,"ID":99},{"utility":97,"ID":100}],"LAST COALITION":[[],[],[{"utility":0,"ID":41}],[{"utility":98,"ID":1},{"utility":81,"ID":53}],[{"utility":0,"ID":51}],[{"utility":97,"ID":100},{"utility":99,"ID":22}],[{"utility":66.5,"ID":34},{"utility":48.5,"ID":74},{"utility":1,"ID":88}],[{"utility":0,"ID":33}],[{"utility":0,"ID":36}],[{"utility":0,"ID":83}],[{"utility":0,"ID":76}],[{"utility":53,"ID":62},{"utility":26,"ID":96}],[{"utility":0,"ID":93}],[{"utility":0,"ID":30}],[{"utility":90,"ID":46},{"utility":85,"ID":57}],[{"utility":98,"ID":3},{"utility":74,"ID":28}],[{"utility":0,"ID":35}],[{"utility":98,"ID":5},{"utility":99,"ID":72}],[{"utility":0,"ID":31}],[{"utility":98,"ID":18},{"utility":16,"ID":92}],[{"utility":74,"ID":52},{"utility":98,"ID":14}],[{"utility":57,"ID":38},{"utility":99,"ID":24}],[{"utility":6,"ID":50},{"utility":60,"ID":87}],[{"utility":0,"ID":78}],[{"utility":99,"ID":7},{"utility":98,"ID":43}],[{"utility":99,"ID":55},{"utility":65,"ID":58}],[{"utility":87,"ID":81},{"utility":48,"ID":94}],[{"utility":69,"ID":64},{"utility":81,"ID":66},{"utility":31.5,"ID":71}],[{"utility":78,"ID":67},{"utility":32,"ID":79}],[{"utility":0,"ID":48}],[{"utility":0,"ID":37}],[{"utility":57,"ID":97},{"utility":64,"ID":99}],[{"utility":73,"ID":82},{"utility":98,"ID":4}],[{"utility":0,"ID":84}],[{"utility":0,"ID":49}],[{"utility":96,"ID":16},{"utility":44,"ID":40}],[{"utility":50,"ID":32},{"utility":99,"ID":23}],[{"utility":93,"ID":70},{"utility":43,"ID":90}],[{"utility":0,"ID":44}],[{"utility":0,"ID":26}],[{"utility":4,"ID":86},{"utility":95,"ID":10}],[{"utility":0,"ID":29}],[{"utility":0,"ID":47}],[{"utility":0,"ID":65}],[{"utility":93,"ID":9},{"utility":87,"ID":27}],[{"utility":0,"ID":45}],[{"utility":99,"ID":2},{"utility":74,"ID":63}],[{"utility":0,"ID":98}],[{"utility":0,"ID":39}],[{"utility":98,"ID":6},{"utility":15,"ID":95}],[{"utility":57.5,"ID":68},{"utility":49.5,"ID":69},{"utility":74,"ID":75}],[{"utility":98,"ID":25},{"utility":93,"ID":61}],[{"utility":0,"ID":54}],[{"utility":99,"ID":21},{"utility":21,"ID":42}],[],[],[{"utility":75,"ID":80},{"utility":99,"ID":8}],[{"utility":98,"ID":11},{"utility":20,"ID":91}],[{"utility":0,"ID":60}],[{"utility":99,"ID":89},{"utility":97,"ID":12}],[],[{"utility":99,"ID":20},{"utility":86,"ID":73}],[{"utility":92,"ID":56},{"utility":99,"ID":15}],[{"utility":97,"ID":17},{"utility":94,"ID":77}],[{"utility":96,"ID":19},{"utility":58,"ID":85}],[{"utility":27,"ID":59},{"utility":98,"ID":13}],[],[],[],[],[],[],[],[],[],[],[],[],[],[],[],[],[],[],[],[],[],[],[],[],[],[],[],[],[],[],[],[],[],[],[]],"STARTING COALITION: ":[[null],[],[],[],[{"utility":61,"ID":9},{"utility":45,"ID":32},{"utility":49,"ID":45}],[{"utility":0,"ID":26}],[{"utility":45.8,"ID":1},{"utility":50.2,"ID":14},{"utility":58.2,"ID":34},{"utility":40,"ID":61},{"utility":45.6,"ID":74},{"utility":14,"ID":88}],[{"utility":65,"ID":22},{"utility":39,"ID":38}],[{"utility":27.5,"ID":6},{"utility":46.5,"ID":36},{"utility":45,"ID":60}],[{"utility":20,"ID":2},{"utility":37,"ID":83}],[{"utility":0,"ID":76}],[{"utility":70.75,"ID":19},{"utility":50.25,"ID":52},{"utility":53.25,"ID":62},{"utility":44.5,"ID":85},{"utility":54.75,"ID":96}],[{"utility":50,"ID":28},{"utility":43,"ID":93}],[{"utility":0,"ID":40}],[{"utility":90,"ID":46},{"utility":85,"ID":57}],[{"utility":0,"ID":13}],[{"utility":55.5,"ID":27},{"utility":50.5,"ID":59},{"utility":87.5,"ID":73}],[{"utility":0,"ID":29}],[{"utility":0,"ID":92}],[{"utility":0,"ID":53}],[{"utility":93,"ID":35},{"utility":52,"ID":47}],[{"utility":54,"ID":12},{"utility":66.5,"ID":21},{"utility":54.5,"ID":23}],[{"utility":6,"ID":50},{"utility":60,"ID":87}],[{"utility":33,"ID":51},{"utility":1,"ID":78}],[{"utility":80,"ID":17},{"utility":40,"ID":37}],[{"utility":64,"ID":11},{"utility":64,"ID":55},{"utility":56,"ID":58}],[{"utility":43.666666666666664,"ID":81},{"utility":39.666666666666664,"ID":89},{"utility":51,"ID":94},{"utility":8.666666666666666,"ID":95}],[{"utility":69,"ID":64},{"utility":81,"ID":66},{"utility":31.5,"ID":71}],[{"utility":53,"ID":56},{"utility":70.5,"ID":67},{"utility":18,"ID":79}],[{"utility":84.5,"ID":10},{"utility":16.5,"ID":44},{"utility":36.5,"ID":48}],[{"utility":76,"ID":16},{"utility":51,"ID":63}],[{"utility":57,"ID":97},{"utility":64,"ID":99}],[],[{"utility":18,"ID":82},{"utility":41,"ID":84}],[{"utility":0,"ID":91}],[],[{"utility":60.75,"ID":18},{"utility":37.25,"ID":20},{"utility":36.25,"ID":25},{"utility":37.75,"ID":77},{"utility":62.25,"ID":80}],[{"utility":93,"ID":70},{"utility":43,"ID":90}],[{"utility":11,"ID":24},{"utility":68,"ID":72},{"utility":54.5,"ID":86}],[{"utility":0,"ID":43}],[{"utility":0,"ID":54}],[{"utility":0,"ID":33}],[{"utility":0,"ID":4}],[{"utility":63,"ID":8},{"utility":3,"ID":65}],[{"utility":41.666666666666664,"ID":5},{"utility":73.66666666666667,"ID":15},{"utility":20.333333333333332,"ID":31},{"utility":33.333333333333336,"ID":100}],[{"utility":0,"ID":49}],[{"utility":0,"ID":41}],[{"utility":4,"ID":7},{"utility":9.5,"ID":30},{"utility":19,"ID":98}],[{"utility":9,"ID":3},{"utility":68,"ID":39}],[],[{"utility":18,"ID":42},{"utility":44.666666666666664,"ID":68},{"utility":45.333333333333336,"ID":69},{"utility":72.66666666666667,"ID":75}],[],[],[],[],[],[],[],[],[],[],[],[],[],[],[],[],[],[],[],[],[],[],[],[],[],[],[],[],[],[],[],[],[],[],[],[],[],[],[],[],[],[],[],[],[],[],[],[],[],[]],"CORE :":false,"LAST PARTITION":{"88":6,"89":59,"90":37,"91":57,"92":19,"93":12,"94":26,"95":49,"96":11,"97":31,"10":40,"98":47,"11":57,"99":31,"12":59,"13":65,"14":20,"15":62,"16":35,"17":63,"18":19,"19":64,"1":3,"2":46,"3":15,"4":32,"5":17,"6":49,"7":24,"8":56,"9":44,"20":61,"21":53,"22":5,"23":36,"24":21,"25":51,"26":39,"27":44,"28":15,"29":41,"30":13,"31":18,"32":36,"33":7,"34":6,"35":16,"36":8,"37":30,"38":21,"39":48,"40":35,"41":2,"42":53,"43":24,"44":38,"45":45,"46":14,"47":42,"48":29,"49":34,"50":22,"51":4,"52":20,"53":3,"54":52,"55":25,"56":62,"57":14,"58":25,"59":65,"60":58,"61":51,"62":11,"63":46,"64":27,"65":43,"66":27,"67":28,"68":50,"69":50,"70":37,"71":27,"72":17,"73":61,"74":6,"75":50,"76":10,"77":63,"78":23,"79":28,"100":5,"80":56,"81":26,"82":32,"83":9,"84":33,"85":64,"86":40,"87":22}},{"STARTING PARTITION: ":{"88":46,"89":2,"90":10,"91":29,"92":28,"93":24,"94":45,"95":44,"96":10,"97":9,"10":22,"98":10,"11":33,"99":46,"12":5,"13":10,"14":29,"15":47,"16":23,"17":32,"18":8,"19":18,"1":32,"2":34,"3":9,"4":17,"5":16,"6":9,"7":42,"8":44,"9":47,"20":20,"21":47,"22":5,"23":6,"24":18,"25":34,"26":27,"27":2,"28":9,"29":47,"30":46,"31":12,"32":42,"33":2,"34":22,"35":42,"36":26,"37":30,"38":48,"39":28,"40":32,"41":47,"42":19,"43":25,"44":38,"45":12,"46":24,"47":34,"48":17,"49":21,"50":9,"51":48,"52":42,"53":29,"54":25,"55":37,"56":8,"57":17,"58":45,"59":34,"60":24,"61":16,"62":14,"63":46,"64":38,"65":25,"66":42,"67":12,"68":33,"69":29,"70":1,"71":31,"72":21,"73":36,"74":38,"75":49,"76":14,"77":23,"78":27,"79":32,"100":45,"80":31,"81":13,"82":13,"83":22,"84":47,"85":15,"86":34,"87":12},"Agents":[null,{"utility":98,"ID":1},{"utility":99,"ID":2},{"utility":98,"ID":3},{"utility":98,"ID":4},{"utility":98,"ID":5},{"utility":98,"ID":6},{"utility":99,"ID":7},{"utility":0,"ID":8},{"utility":98,"ID":9},{"utility":97,"ID":10},{"utility":97,"ID":11},{"utility":42,"ID":12},{"utility":46.333333333333336,"ID":13},{"utility":82.5,"ID":14},{"utility":0,"ID":15},{"utility":0,"ID":16},{"utility":84.5,"ID":17},{"utility":32,"ID":18},{"utility":0,"ID":19},{"utility":0,"ID":20},{"utility":0,"ID":21},{"utility":0,"ID":22},{"utility":1,"ID":23},{"utility":0,"ID":24},{"utility":0,"ID":25},{"utility":0,"ID":26},{"utility":41.5,"ID":27},{"utility":97.5,"ID":28},{"utility":0,"ID":29},{"utility":22.5,"ID":30},{"utility":27,"ID":31},{"utility":58,"ID":32},{"utility":11.5,"ID":33},{"utility":89,"ID":34},{"utility":54.5,"ID":35},{"utility":0,"ID":36},{"utility":0,"ID":37},{"utility":35,"ID":38},{"utility":4,"ID":39},{"utility":11.5,"ID":40},{"utility":85,"ID":41},{"utility":0,"ID":42},{"utility":98,"ID":43},{"utility":42.5,"ID":44},{"utility":55.333333333333336,"ID":45},{"utility":42.5,"ID":46},{"utility":59.5,"ID":47},{"utility":70,"ID":48},{"utility":0,"ID":49},{"utility":0,"ID":50},{"utility":4,"ID":51},{"utility":65,"ID":52},{"utility":81,"ID":53},{"utility":67,"ID":54},{"utility":0,"ID":55},{"utility":2,"ID":56},{"utility":22,"ID":57},{"utility":80.5,"ID":58},{"utility":33.5,"ID":59},{"utility":18,"ID":60},{"utility":0,"ID":61},{"utility":14,"ID":62},{"utility":74,"ID":63},{"utility":73.5,"ID":64},{"utility":63,"ID":65},{"utility":68.5,"ID":66},{"utility":73.33333333333333,"ID":67},{"utility":53,"ID":68},{"utility":21.5,"ID":69},{"utility":0,"ID":70},{"utility":53,"ID":71},{"utility":99,"ID":72},{"utility":0,"ID":73},{"utility":14.5,"ID":74},{"utility":0,"ID":75},{"utility":63,"ID":76},{"utility":0,"ID":77},{"utility":0,"ID":78},{"utility":52,"ID":79},{"utility":98,"ID":80},{"utility":0,"ID":81},{"utility":73,"ID":82},{"utility":83,"ID":83},{"utility":0,"ID":84},{"utility":0,"ID":85},{"utility":48,"ID":86},{"utility":53.333333333333336,"ID":87},{"utility":44,"ID":88},{"utility":31,"ID":89},{"utility":60.333333333333336,"ID":90},{"utility":28.5,"ID":91},{"utility":0,"ID":92},{"utility":67.5,"ID":93},{"utility":52.5,"ID":94},{"utility":0,"ID":95},{"utility":49.666666666666664,"ID":96},{"utility":76,"ID":97},{"utility":47,"ID":98},{"utility":18,"ID":99},{"utility":39,"ID":100}],"LAST COALITION":[[],[{"utility":0,"ID":70}],[{"utility":41.5,"ID":27},{"utility":11.5,"ID":33},{"utility":31,"ID":89}],[{"utility":73,"ID":82},{"utility":98,"ID":4}],[{"utility":0,"ID":36}],[{"utility":0,"ID":22}],[{"utility":0,"ID":37}],[{"utility":0,"ID":42}],[{"utility":32,"ID":18},{"utility":2,"ID":56}],[{"utility":97.5,"ID":28},{"utility":0,"ID":50},{"utility":76,"ID":97}],[{"utility":46.333333333333336,"ID":13},{"utility":60.333333333333336,"ID":90},{"utility":49.666666666666664,"ID":96},{"utility":47,"ID":98}],[{"utility":0,"ID":24}],[{"utility":27,"ID":31},{"utility":55.333333333333336,"ID":45},{"utility":73.33333333333333,"ID":67},{"utility":53.333333333333336,"ID":87}],[{"utility":0,"ID":81}],[{"utility":14,"ID":62},{"utility":63,"ID":76}],[{"utility":0,"ID":85}],[{"utility":0,"ID":61}],[{"utility":70,"ID":48},{"utility":22,"ID":57}],[{"utility":0,"ID":21}],[{"utility":99,"ID":2},{"utility":74,"ID":63}],[{"utility":53,"ID":68},{"utility":97,"ID":10}],[{"utility":0,"ID":49}],[{"utility":89,"ID":34},{"utility":83,"ID":83}],[{"utility":0,"ID":77}],[{"utility":42.5,"ID":46},{"utility":18,"ID":60},{"utility":67.5,"ID":93}],[{"utility":67,"ID":54},{"utility":63,"ID":65}],[{"utility":98,"ID":3},{"utility":85,"ID":41}],[{"utility":0,"ID":78}],[{"utility":4,"ID":39},{"utility":0,"ID":92}],[{"utility":82.5,"ID":14},{"utility":21.5,"ID":69},{"utility":28.5,"ID":91}],[{"utility":99,"ID":7},{"utility":98,"ID":43}],[{"utility":53,"ID":71},{"utility":98,"ID":80}],[{"utility":84.5,"ID":17},{"utility":11.5,"ID":40},{"utility":52,"ID":79}],[],[{"utility":59.5,"ID":47},{"utility":33.5,"ID":59},{"utility":48,"ID":86}],[{"utility":0,"ID":26}],[{"utility":0,"ID":73}],[{"utility":0,"ID":55}],[{"utility":42.5,"ID":44},{"utility":73.5,"ID":64},{"utility":14.5,"ID":74}],[{"utility":0,"ID":16}],[{"utility":98,"ID":1},{"utility":81,"ID":53}],[{"utility":0,"ID":19}],[{"utility":54.5,"ID":35},{"utility":65,"ID":52},{"utility":68.5,"ID":66}],[{"utility":97,"ID":11},{"utility":42,"ID":12}],[{"utility":0,"ID":95}],[{"utility":80.5,"ID":58},{"utility":52.5,"ID":94},{"utility":39,"ID":100}],[{"utility":22.5,"ID":30},{"utility":44,"ID":88},{"utility":18,"ID":99}],[{"utility":0,"ID":84}],[{"utility":35,"ID":38},{"utility":4,"ID":51}],[{"utility":0,"ID":75}],[{"utility":1,"ID":23},{"utility":98,"ID":9}],[{"utility":0,"ID":29}],[{"utility":0,"ID":20}],[{"utility":98,"ID":5},{"utility":99,"ID":72}],[{"utility":0,"ID":15}],[{"utility":0,"ID":8}],[{"utility":0,"ID":25}],[{"utility":58,"ID":32},{"utility":98,"ID":6}],[],[],[],[],[],[],[],[],[],[],[],[],[],[],[],[],[],[],[],[],[],[],[],[],[],[],[],[],[],[],[],[],[],[],[],[],[],[],[],[],[],[],[]],"STARTING COALITION: ":[[null],[{"utility":0,"ID":70}],[{"utility":41.5,"ID":27},{"utility":11.5,"ID":33},{"utility":31,"ID":89}],[],[],[{"utility":52,"ID":12},{"utility":52,"ID":22}],[{"utility":0,"ID":23}],[],[{"utility":32,"ID":18},{"utility":2,"ID":56}],[{"utility":73,"ID":3},{"utility":27.75,"ID":6},{"utility":74.25,"ID":28},{"utility":37.75,"ID":50},{"utility":63,"ID":97}],[{"utility":46.333333333333336,"ID":13},{"utility":60.333333333333336,"ID":90},{"utility":49.666666666666664,"ID":96},{"utility":47,"ID":98}],[],[{"utility":27,"ID":31},{"utility":55.333333333333336,"ID":45},{"utility":73.33333333333333,"ID":67},{"utility":53.333333333333336,"ID":87}],[{"utility":46,"ID":81},{"utility":21,"ID":82}],[{"utility":14,"ID":62},{"utility":63,"ID":76}],[{"utility":0,"ID":85}],[{"utility":19,"ID":5},{"utility":65,"ID":61}],[{"utility":55.5,"ID":4},{"utility":35,"ID":48},{"utility":60,"ID":57}],[{"utility":34,"ID":19},{"utility":1,"ID":24}],[{"utility":0,"ID":42}],[{"utility":0,"ID":20}],[{"utility":44,"ID":49},{"utility":8,"ID":72}],[{"utility":30,"ID":10},{"utility":51.5,"ID":34},{"utility":90.5,"ID":83}],[{"utility":29,"ID":16},{"utility":72,"ID":77}],[{"utility":42.5,"ID":46},{"utility":18,"ID":60},{"utility":67.5,"ID":93}],[{"utility":45.5,"ID":43},{"utility":37.5,"ID":54},{"utility":56,"ID":65}],[{"utility":0,"ID":36}],[{"utility":48,"ID":26},{"utility":66,"ID":78}],[{"utility":4,"ID":39},{"utility":0,"ID":92}],[{"utility":68,"ID":14},{"utility":45.666666666666664,"ID":53},{"utility":16.666666666666668,"ID":69},{"utility":49.333333333333336,"ID":91}],[{"utility":0,"ID":37}],[{"utility":53,"ID":71},{"utility":98,"ID":80}],[{"utility":26.333333333333332,"ID":1},{"utility":75.33333333333333,"ID":17},{"utility":36.333333333333336,"ID":40},{"utility":53.666666666666664,"ID":79}],[{"utility":15,"ID":11},{"utility":94,"ID":68}],[{"utility":38.75,"ID":2},{"utility":49.75,"ID":25},{"utility":41.5,"ID":47},{"utility":18,"ID":59},{"utility":60.5,"ID":86}],[],[{"utility":0,"ID":73}],[{"utility":0,"ID":55}],[{"utility":42.5,"ID":44},{"utility":73.5,"ID":64},{"utility":14.5,"ID":74}],[],[],[],[{"utility":35.75,"ID":7},{"utility":36.75,"ID":32},{"utility":47,"ID":35},{"utility":66,"ID":52},{"utility":66.75,"ID":66}],[],[{"utility":66,"ID":8},{"utility":31,"ID":95}],[{"utility":80.5,"ID":58},{"utility":52.5,"ID":94},{"utility":39,"ID":100}],[{"utility":41.666666666666664,"ID":30},{"utility":45.333333333333336,"ID":63},{"utility":29.333333333333332,"ID":88},{"utility":18.666666666666668,"ID":99}],[{"utility":36.4,"ID":9},{"utility":12,"ID":15},{"utility":32.2,"ID":21},{"utility":54.4,"ID":29},{"utility":65.4,"ID":41},{"utility":50,"ID":84}],[{"utility":35,"ID":38},{"utility":4,"ID":51}],[{"utility":0,"ID":75}],[],[],[],[],[],[],[],[],[],[],[],[],[],[],[],[],[],[],[],[],[],[],[],[],[],[],[],[],[],[],[],[],[],[],[],[],[],[],[],[],[],[],[],[],[],[],[],[],[],[],[]],"CORE :":false,"LAST PARTITION":{"88":46,"89":2,"90":10,"91":29,"92":28,"93":24,"94":45,"95":44,"96":10,"97":9,"10":20,"98":10,"11":43,"99":46,"12":43,"13":10,"14":29,"15":54,"16":39,"17":32,"18":8,"19":41,"1":40,"2":19,"3":26,"4":3,"5":53,"6":57,"7":30,"8":55,"9":50,"20":52,"21":18,"22":5,"23":50,"24":11,"25":56,"26":35,"27":2,"28":9,"29":51,"30":46,"31":12,"32":57,"33":2,"34":22,"35":42,"36":4,"37":6,"38":48,"39":28,"40":32,"41":26,"42":7,"43":30,"44":38,"45":12,"46":24,"47":34,"48":17,"49":21,"50":9,"51":48,"52":42,"53":40,"54":25,"55":37,"56":8,"57":17,"58":45,"59":34,"60":24,"61":16,"62":14,"63":19,"64":38,"65":25,"66":42,"67":12,"68":20,"69":29,"70":1,"71":31,"72":53,"73":36,"74":38,"75":49,"76":14,"77":23,"78":27,"79":32,"100":45,"80":31,"81":13,"82":3,"83":22,"84":47,"85":15,"86":34,"87":12}},{"STARTING PARTITION: ":{"88":27,"89":43,"90":21,"91":8,"92":16,"93":50,"94":12,"95":32,"96":26,"97":12,"10":15,"98":4,"11":26,"99":28,"12":5,"13":28,"14":16,"15":39,"16":27,"17":21,"18":36,"19":40,"1":23,"2":36,"3":9,"4":41,"5":34,"6":19,"7":44,"8":1,"9":28,"20":32,"21":17,"22":37,"23":13,"24":7,"25":35,"26":6,"27":47,"28":24,"29":50,"30":23,"31":5,"32":42,"33":15,"34":11,"35":20,"36":23,"37":48,"38":28,"39":10,"40":20,"41":12,"42":6,"43":48,"44":14,"45":39,"46":2,"47":22,"48":18,"49":19,"50":20,"51":48,"52":26,"53":46,"54":5,"55":40,"56":40,"57":31,"58":46,"59":9,"60":23,"61":17,"62":1,"63":19,"64":33,"65":44,"66":50,"67":34,"68":31,"69":47,"70":7,"71":20,"72":26,"73":45,"74":6,"75":5,"76":41,"77":10,"78":16,"79":13,"100":39,"80":7,"81":17,"82":45,"83":40,"84":1,"85":31,"86":9,"87":8},"Agents":[null,{"utility":98,"ID":1},{"utility":99,"ID":2},{"utility":98,"ID":3},{"utility":98,"ID":4},{"utility":98,"ID":5},{"utility":98,"ID":6},{"utility":99,"ID":7},{"utility":99,"ID":8},{"utility":93,"ID":9},{"utility":97,"ID":10},{"utility":97,"ID":11},{"utility":97,"ID":12},{"utility":98,"ID":13},{"utility":98,"ID":14},{"utility":99,"ID":15},{"utility":96,"ID":16},{"utility":97,"ID":17},{"utility":95,"ID":18},{"utility":96,"ID":19},{"utility":99,"ID":20},{"utility":98,"ID":21},{"utility":99,"ID":22},{"utility":99,"ID":23},{"utility":99,"ID":24},{"utility":98,"ID":25},{"utility":65,"ID":26},{"utility":87,"ID":27},{"utility":74,"ID":28},{"utility":0,"ID":29},{"utility":47,"ID":30},{"utility":48.5,"ID":31},{"utility":50,"ID":32},{"utility":0,"ID":33},{"utility":0,"ID":34},{"utility":65,"ID":35},{"utility":0,"ID":36},{"utility":0,"ID":37},{"utility":57,"ID":38},{"utility":0,"ID":39},{"utility":44,"ID":40},{"utility":0,"ID":41},{"utility":79,"ID":42},{"utility":98,"ID":43},{"utility":0,"ID":44},{"utility":0,"ID":45},{"utility":0,"ID":46},{"utility":0,"ID":47},{"utility":0,"ID":48},{"utility":0,"ID":49},{"utility":41.5,"ID":50},{"utility":0,"ID":51},{"utility":74,"ID":52},{"utility":81,"ID":53},{"utility":79,"ID":54},{"utility":16,"ID":55},{"utility":92,"ID":56},{"utility":0,"ID":57},{"utility":0,"ID":58},{"utility":27,"ID":59},{"utility":0,"ID":60},{"utility":93,"ID":61},{"utility":84,"ID":62},{"utility":74,"ID":63},{"utility":0,"ID":64},{"utility":0,"ID":65},{"utility":15,"ID":66},{"utility":75,"ID":67},{"utility":53,"ID":68},{"utility":0,"ID":69},{"utility":0,"ID":70},{"utility":73.5,"ID":71},{"utility":99,"ID":72},{"utility":86,"ID":73},{"utility":48,"ID":74},{"utility":31,"ID":75},{"utility":0,"ID":76},{"utility":94,"ID":77},{"utility":44,"ID":78},{"utility":0,"ID":79},{"utility":75,"ID":80},{"utility":0,"ID":81},{"utility":73,"ID":82},{"utility":0,"ID":83},{"utility":89,"ID":84},{"utility":58,"ID":85},{"utility":0,"ID":86},{"utility":36,"ID":87},{"utility":0,"ID":88},{"utility":99,"ID":89},{"utility":0,"ID":90},{"utility":78,"ID":91},{"utility":34,"ID":92},{"utility":59,"ID":93},{"utility":78,"ID":94},{"utility":15,"ID":95},{"utility":25,"ID":96},{"utility":0,"ID":97},{"utility":0,"ID":98},{"utility":0,"ID":99},{"utility":97,"ID":100}],"LAST COALITION":[[],[{"utility":84,"ID":62},{"utility":89,"ID":84}],[{"utility":0,"ID":46}],[{"utility":97,"ID":100},{"utility":99,"ID":22}],[{"utility":0,"ID":98}],[{"utility":48.5,"ID":31},{"utility":79,"ID":54},{"utility":31,"ID":75}],[{"utility":79,"ID":42},{"utility":48,"ID":74}],[{"utility":0,"ID":70}],[{"utility":36,"ID":87},{"utility":78,"ID":91}],[{"utility":0,"ID":86}],[{"utility":0,"ID":39}],[{"utility":65,"ID":35},{"utility":97,"ID":11}],[{"utility":78,"ID":94},{"utility":0,"ID":97}],[{"utility":0,"ID":79}],[{"utility":95,"ID":18},{"utility":75,"ID":67}],[{"utility":65,"ID":26},{"utility":47,"ID":30}],[{"utility":44,"ID":78},{"utility":34,"ID":92}],[{"utility":0,"ID":81}],[{"utility":0,"ID":48}],[{"utility":92,"ID":56},{"utility":99,"ID":15}],[{"utility":44,"ID":40},{"utility":41.5,"ID":50},{"utility":73.5,"ID":71}],[{"utility":0,"ID":90}],[{"utility":0,"ID":33}],[{"utility":0,"ID":36}],[{"utility":96,"ID":19},{"utility":58,"ID":85}],[{"utility":50,"ID":32},{"utility":99,"ID":23}],[{"utility":0,"ID":45}],[{"utility":0,"ID":88}],[{"utility":0,"ID":99}],[{"utility":98,"ID":1},{"utility":81,"ID":53}],[{"utility":99,"ID":2},{"utility":74,"ID":63}],[{"utility":0,"ID":57}],[{"utility":98,"ID":25},{"utility":93,"ID":61}],[{"utility":0,"ID":64}],[{"utility":98,"ID":21},{"utility":16,"ID":55}],[{"utility":98,"ID":6},{"utility":15,"ID":95}],[{"utility":57,"ID":38},{"utility":99,"ID":24}],[{"utility":0,"ID":47}],[{"utility":97,"ID":17},{"utility":94,"ID":77}],[],[{"utility":0,"ID":83}],[{"utility":0,"ID":76}],[{"utility":99,"ID":7},{"utility":98,"ID":43}],[{"utility":0,"ID":34}],[{"utility":53,"ID":68},{"utility":97,"ID":10}],[{"utility":0,"ID":49}],[{"utility":0,"ID":58}],[{"utility":0,"ID":69}],[{"utility":0,"ID":37}],[{"utility":73,"ID":82},{"utility":98,"ID":4}],[{"utility":15,"ID":66},{"utility":59,"ID":93}],[{"utility":0,"ID":44}],[{"utility":98,"ID":3},{"utility":74,"ID":28}],[{"utility":74,"ID":52},{"utility":98,"ID":14}],[{"utility":98,"ID":5},{"utility":99,"ID":72}],[{"utility":0,"ID":29}],[{"utility":0,"ID":41}],[],[{"utility":93,"ID":9},{"utility":87,"ID":27}],[{"utility":75,"ID":80},{"utility":99,"ID":8}],[],[{"utility":0,"ID":65}],[{"utility":96,"ID":16},{"utility":25,"ID":96}],[{"utility":99,"ID":89},{"utility":97,"ID":12}],[{"utility":0,"ID":60}],[{"utility":27,"ID":59},{"utility":98,"ID":13}],[{"utility":0,"ID":51}],[{"utility":99,"ID":20},{"utility":86,"ID":73}],[],[],[],[],[],[],[],[],[],[],[],[],[],[],[],[],[],[],[],[],[],[],[],[],[],[],[],[],[],[],[],[],[]],"STARTING COALITION: ":[[null],[{"utility":38,"ID":8},{"utility":58,"ID":62},{"utility":83.5,"ID":84}],[{"utility":0,"ID":46}],[],[{"utility":0,"ID":98}],[{"utility":52.333333333333336,"ID":12},{"utility":64.66666666666667,"ID":31},{"utility":78.33333333333333,"ID":54},{"utility":42,"ID":75}],[{"utility":89.5,"ID":26},{"utility":88.5,"ID":42},{"utility":73,"ID":74}],[{"utility":51.5,"ID":24},{"utility":64.5,"ID":70},{"utility":45.5,"ID":80}],[{"utility":36,"ID":87},{"utility":78,"ID":91}],[{"utility":32,"ID":3},{"utility":41,"ID":59},{"utility":34,"ID":86}],[{"utility":82,"ID":39},{"utility":14,"ID":77}],[{"utility":0,"ID":34}],[{"utility":53,"ID":41},{"utility":39,"ID":94},{"utility":15.5,"ID":97}],[{"utility":27,"ID":23},{"utility":13,"ID":79}],[{"utility":0,"ID":44}],[{"utility":7,"ID":10},{"utility":0,"ID":33}],[{"utility":44.5,"ID":14},{"utility":33,"ID":78},{"utility":50.5,"ID":92}],[{"utility":40.5,"ID":21},{"utility":90,"ID":61},{"utility":59.5,"ID":81}],[{"utility":0,"ID":48}],[{"utility":48.5,"ID":6},{"utility":64.5,"ID":49},{"utility":77,"ID":63}],[{"utility":24,"ID":35},{"utility":41.333333333333336,"ID":40},{"utility":57.333333333333336,"ID":50},{"utility":79.66666666666667,"ID":71}],[{"utility":57,"ID":17},{"utility":99,"ID":90}],[{"utility":0,"ID":47}],[{"utility":55,"ID":1},{"utility":50,"ID":30},{"utility":55.666666666666664,"ID":36},{"utility":61,"ID":60}],[{"utility":0,"ID":28}],[],[{"utility":14.666666666666666,"ID":11},{"utility":33,"ID":52},{"utility":79.66666666666667,"ID":72},{"utility":71.33333333333333,"ID":96}],[{"utility":90,"ID":16},{"utility":0,"ID":88}],[{"utility":33.666666666666664,"ID":9},{"utility":56.333333333333336,"ID":13},{"utility":42.333333333333336,"ID":38},{"utility":43.666666666666664,"ID":99}],[],[],[{"utility":86,"ID":57},{"utility":42,"ID":68},{"utility":0,"ID":85}],[{"utility":45,"ID":20},{"utility":64,"ID":95}],[{"utility":0,"ID":64}],[{"utility":18,"ID":5},{"utility":77,"ID":67}],[{"utility":0,"ID":25}],[{"utility":21,"ID":2},{"utility":22,"ID":18}],[{"utility":0,"ID":22}],[],[{"utility":43.5,"ID":15},{"utility":66.5,"ID":45},{"utility":54,"ID":100}],[{"utility":26.333333333333332,"ID":19},{"utility":35,"ID":55},{"utility":32.666666666666664,"ID":56},{"utility":78.66666666666667,"ID":83}],[{"utility":67,"ID":4},{"utility":12,"ID":76}],[{"utility":0,"ID":32}],[{"utility":0,"ID":89}],[{"utility":93,"ID":7},{"utility":70,"ID":65}],[{"utility":0,"ID":73},{"utility":43,"ID":82}],[{"utility":35,"ID":53},{"utility":96,"ID":58}],[{"utility":61,"ID":27},{"utility":0,"ID":69}],[{"utility":8,"ID":37},{"utility":47,"ID":43},{"utility":35.5,"ID":51}],[],[{"utility":52.5,"ID":29},{"utility":21.5,"ID":66},{"utility":76,"ID":93}],[],[],[],[],[],[],[],[],[],[],[],[],[],[],[],[],[],[],[],[],[],[],[],[],[],[],[],[],[],[],[],[],[],[],[],[],[],[],[],[],[],[],[],[],[],[],[],[],[],[]],"CORE :":false,"LAST PARTITION":{"88":27,"89":63,"90":21,"91":8,"92":16,"93":50,"94":12,"95":35,"96":62,"97":12,"10":44,"98":4,"11":11,"99":28,"12":63,"13":65,"14":53,"15":19,"16":62,"17":38,"18":14,"19":24,"1":29,"2":30,"3":52,"4":49,"5":54,"6":35,"7":42,"8":59,"9":58,"20":67,"21":34,"22":3,"23":25,"24":36,"25":32,"26":15,"27":58,"28":52,"29":55,"30":15,"31":5,"32":25,"33":22,"34":43,"35":11,"36":23,"37":48,"38":36,"39":10,"40":20,"41":56,"42":6,"43":42,"44":51,"45":26,"46":2,"47":37,"48":18,"49":45,"50":20,"51":66,"52":53,"53":29,"54":5,"55":34,"56":19,"57":31,"58":46,"59":65,"60":64,"61":32,"62":1,"63":30,"64":33,"65":61,"66":50,"67":14,"68":44,"69":47,"70":7,"71":20,"72":54,"73":67,"74":6,"75":5,"76":41,"77":38,"78":16,"79":13,"100":3,"80":59,"81":17,"82":49,"83":40,"84":1,"85":24,"86":9,"87":8}},{"STARTING PARTITION: ":{"88":2,"89":20,"90":16,"91":31,"92":22,"93":50,"94":35,"95":19,"96":28,"97":46,"10":38,"98":15,"11":30,"99":12,"12":41,"13":41,"14":39,"15":27,"16":7,"17":46,"18":13,"19":2,"1":49,"2":24,"3":48,"4":33,"5":48,"6":10,"7":14,"8":49,"9":27,"20":20,"21":31,"22":32,"23":28,"24":21,"25":35,"26":27,"27":23,"28":9,"29":44,"30":1,"31":40,"32":35,"33":1,"34":18,"35":27,"36":34,"37":10,"38":49,"39":8,"40":17,"41":50,"42":28,"43":26,"44":19,"45":19,"46":23,"47":6,"48":34,"49":40,"50":18,"51":49,"52":3,"53":23,"54":34,"55":7,"56":10,"57":30,"58":50,"59":7,"60":28,"61":14,"62":27,"63":9,"64":17,"65":1,"66":48,"67":50,"68":10,"69":2,"70":16,"71":42,"72":1,"73":8,"74":48,"75":16,"76":30,"77":49,"78":14,"79":33,"100":11,"80":25,"81":47,"82":46,"83":41,"84":6,"85":1,"86":3,"87":26},"Agents":[null,{"utility":98,"ID":1},{"utility":99,"ID":2},{"utility":98,"ID":3},{"utility":97,"ID":4},{"utility":98,"ID":5},{"utility":0,"ID":6},{"utility":99,"ID":7},{"utility":99,"ID":8},{"utility":93,"ID":9},{"utility":97,"ID":10},{"utility":99,"ID":11},{"utility":99,"ID":12},{"utility":98,"ID":13},{"utility":96,"ID":14},{"utility":99,"ID":15},{"utility":99,"ID":16},{"utility":58,"ID":17},{"utility":35,"ID":18},{"utility":27,"ID":19},{"utility":0,"ID":20},{"utility":96,"ID":21},{"utility":0,"ID":22},{"utility":94,"ID":23},{"utility":0,"ID":24},{"utility":0,"ID":25},{"utility":40.5,"ID":26},{"utility":87,"ID":27},{"utility":74,"ID":28},{"utility":0,"ID":29},{"utility":0,"ID":30},{"utility":0,"ID":31},{"utility":59,"ID":32},{"utility":0,"ID":33},{"utility":83,"ID":34},{"utility":59.5,"ID":35},{"utility":89,"ID":36},{"utility":0,"ID":37},{"utility":22,"ID":38},{"utility":0,"ID":39},{"utility":79,"ID":40},{"utility":59.666666666666664,"ID":41},{"utility":0,"ID":42},{"utility":98,"ID":43},{"utility":51,"ID":44},{"utility":0,"ID":45},{"utility":0,"ID":46},{"utility":36,"ID":47},{"utility":31,"ID":48},{"utility":0,"ID":49},{"utility":0,"ID":50},{"utility":38.5,"ID":51},{"utility":91,"ID":52},{"utility":81,"ID":53},{"utility":65.5,"ID":54},{"utility":0,"ID":55},{"utility":92,"ID":56},{"utility":56,"ID":57},{"utility":67,"ID":58},{"utility":27,"ID":59},{"utility":0,"ID":60},{"utility":23,"ID":61},{"utility":8.5,"ID":62},{"utility":74,"ID":63},{"utility":36,"ID":64},{"utility":0,"ID":65},{"utility":50,"ID":66},{"utility":50.666666666666664,"ID":67},{"utility":53,"ID":68},{"utility":51,"ID":69},{"utility":72,"ID":70},{"utility":0,"ID":71},{"utility":99,"ID":72},{"utility":59,"ID":73},{"utility":86,"ID":74},{"utility":24,"ID":75},{"utility":90,"ID":76},{"utility":62.5,"ID":77},{"utility":57,"ID":78},{"utility":0,"ID":79},{"utility":75,"ID":80},{"utility":0,"ID":81},{"utility":93,"ID":82},{"utility":0,"ID":83},{"utility":97,"ID":84},{"utility":37,"ID":85},{"utility":20,"ID":86},{"utility":25,"ID":87},{"utility":57.5,"ID":88},{"utility":0,"ID":89},{"utility":60,"ID":90},{"utility":92,"ID":91},{"utility":0,"ID":92},{"utility":41.333333333333336,"ID":93},{"utility":0,"ID":94},{"utility":20,"ID":95},{"utility":92,"ID":96},{"utility":68,"ID":97},{"utility":0,"ID":98},{"utility":0,"ID":99},{"utility":0,"ID":100}],"LAST COALITION":[[],[{"utility":0,"ID":65}],[{"utility":27,"ID":19},{"utility":51,"ID":69},{"utility":57.5,"ID":88}],[{"utility":91,"ID":52},{"utility":20,"ID":86}],[{"utility":83,"ID":34},{"utility":97,"ID":4}],[{"utility":98,"ID":1},{"utility":81,"ID":53}],[{"utility":36,"ID":47},{"utility":97,"ID":84}],[{"utility":0,"ID":24}],[{"utility":0,"ID":20}],[{"utility":0,"ID":31}],[],[{"utility":0,"ID":100}],[{"utility":0,"ID":99}],[{"utility":0,"ID":30}],[{"utility":23,"ID":61},{"utility":57,"ID":78}],[{"utility":0,"ID":98}],[{"utility":72,"ID":70},{"utility":24,"ID":75},{"utility":60,"ID":90}],[{"utility":79,"ID":40},{"utility":36,"ID":64}],[{"utility":0,"ID":50}],[{"utility":0,"ID":45},{"utility":20,"ID":95}],[{"utility":0,"ID":89}],[{"utility":0,"ID":25}],[{"utility":0,"ID":92}],[{"utility":0,"ID":46}],[{"utility":93,"ID":9},{"utility":87,"ID":27}],[{"utility":0,"ID":29}],[{"utility":27,"ID":59},{"utility":98,"ID":13}],[{"utility":40.5,"ID":26},{"utility":59.5,"ID":35},{"utility":8.5,"ID":62}],[{"utility":94,"ID":23},{"utility":92,"ID":96}],[{"utility":0,"ID":33}],[{"utility":56,"ID":57},{"utility":90,"ID":76}],[{"utility":96,"ID":21},{"utility":92,"ID":91}],[{"utility":0,"ID":22}],[{"utility":0,"ID":79}],[{"utility":89,"ID":36},{"utility":31,"ID":48},{"utility":65.5,"ID":54}],[{"utility":59,"ID":32},{"utility":0,"ID":94}],[{"utility":25,"ID":87},{"utility":99,"ID":11}],[{"utility":0,"ID":6}],[{"utility":51,"ID":44},{"utility":96,"ID":14}],[{"utility":0,"ID":37}],[{"utility":0,"ID":49}],[{"utility":0,"ID":83}],[{"utility":0,"ID":71}],[{"utility":99,"ID":2},{"utility":74,"ID":63}],[{"utility":98,"ID":5},{"utility":99,"ID":72}],[{"utility":92,"ID":56},{"utility":99,"ID":15}],[{"utility":93,"ID":82},{"utility":68,"ID":97}],[{"utility":0,"ID":81}],[{"utility":50,"ID":66},{"utility":86,"ID":74}],[{"utility":22,"ID":38},{"utility":38.5,"ID":51},{"utility":62.5,"ID":77}],[{"utility":59.666666666666664,"ID":41},{"utility":67,"ID":58},{"utility":50.666666666666664,"ID":67},{"utility":41.333333333333336,"ID":93}],[{"utility":98,"ID":3},{"utility":74,"ID":28}],[{"utility":99,"ID":16},{"utility":37,"ID":85}],[{"utility":58,"ID":17},{"utility":35,"ID":18}],[{"utility":99,"ID":7},{"utility":98,"ID":43}],[],[{"utility":0,"ID":39}],[{"utility":0,"ID":55}],[{"utility":75,"ID":80},{"utility":99,"ID":8}],[{"utility":0,"ID":42}],[{"utility":53,"ID":68},{"utility":97,"ID":10}],[{"utility":0,"ID":60}],[{"utility":59,"ID":73},{"utility":99,"ID":12}],[],[],[],[],[],[],[],[],[],[],[],[],[],[],[],[],[],[],[],[],[],[],[],[],[],[],[],[],[],[],[],[],[],[],[],[],[],[]],"STARTING COALITION: ":[[null],[{"utility":62,"ID":30},{"utility":47,"ID":33},{"utility":56.25,"ID":65},{"utility":20,"ID":72},{"utility":32.5,"ID":85}],[{"utility":27,"ID":19},{"utility":51,"ID":69},{"utility":57.5,"ID":88}],[{"utility":91,"ID":52},{"utility":20,"ID":86}],[],[],[{"utility":36,"ID":47},{"utility":97,"ID":84}],[{"utility":20,"ID":16},{"utility":65.5,"ID":55},{"utility":33.5,"ID":59}],[{"utility":58,"ID":39},{"utility":33,"ID":73}],[{"utility":8,"ID":28},{"utility":54,"ID":63}],[{"utility":47.333333333333336,"ID":6},{"utility":33.666666666666664,"ID":37},{"utility":69.33333333333333,"ID":56},{"utility":23.666666666666668,"ID":68}],[{"utility":0,"ID":100}],[{"utility":0,"ID":99}],[{"utility":0,"ID":18}],[{"utility":47,"ID":7},{"utility":56.5,"ID":61},{"utility":38,"ID":78}],[{"utility":0,"ID":98}],[{"utility":72,"ID":70},{"utility":24,"ID":75},{"utility":60,"ID":90}],[{"utility":79,"ID":40},{"utility":36,"ID":64}],[{"utility":56,"ID":34},{"utility":20,"ID":50}],[{"utility":30,"ID":44},{"utility":0,"ID":45},{"utility":39.5,"ID":95}],[{"utility":17,"ID":20},{"utility":0,"ID":89}],[{"utility":0,"ID":24}],[{"utility":0,"ID":92}],[{"utility":0,"ID":27},{"utility":38,"ID":46},{"utility":35.5,"ID":53}],[{"utility":0,"ID":2}],[{"utility":0,"ID":80}],[{"utility":73,"ID":43},{"utility":1,"ID":87}],[{"utility":53.25,"ID":9},{"utility":39.75,"ID":15},{"utility":42.5,"ID":26},{"utility":35.25,"ID":35},{"utility":27.25,"ID":62}],[{"utility":70.66666666666667,"ID":23},{"utility":26.333333333333332,"ID":42},{"utility":38,"ID":60},{"utility":58,"ID":96}],[],[{"utility":24,"ID":11},{"utility":77,"ID":57},{"utility":71,"ID":76}],[{"utility":96,"ID":21},{"utility":92,"ID":91}],[{"utility":0,"ID":22}],[{"utility":49,"ID":4},{"utility":47,"ID":79}],[{"utility":89,"ID":36},{"utility":31,"ID":48},{"utility":65.5,"ID":54}],[{"utility":72.5,"ID":25},{"utility":78.5,"ID":32},{"utility":4,"ID":94}],[],[],[{"utility":0,"ID":10}],[{"utility":0,"ID":14}],[{"utility":2,"ID":31},{"utility":31,"ID":49}],[{"utility":22,"ID":12},{"utility":72.5,"ID":13},{"utility":24.5,"ID":83}],[{"utility":0,"ID":71}],[],[{"utility":0,"ID":29}],[],[{"utility":60,"ID":17},{"utility":71,"ID":82},{"utility":72,"ID":97}],[{"utility":0,"ID":81}],[{"utility":53.333333333333336,"ID":3},{"utility":32,"ID":5},{"utility":72.33333333333333,"ID":66},{"utility":79.66666666666667,"ID":74}],[{"utility":23.5,"ID":1},{"utility":54.25,"ID":8},{"utility":42.25,"ID":38},{"utility":43.25,"ID":51},{"utility":66.25,"ID":77}],[{"utility":59.666666666666664,"ID":41},{"utility":67,"ID":58},{"utility":50.666666666666664,"ID":67},{"utility":41.333333333333336,"ID":93}],[],[],[],[],[],[],[],[],[],[],[],[],[],[],[],[],[],[],[],[],[],[],[],[],[],[],[],[],[],[],[],[],[],[],[],[],[],[],[],[],[],[],[],[],[],[],[],[],[],[]],"CORE :":false,"LAST PARTITION":{"88":2,"89":20,"90":16,"91":31,"92":22,"93":50,"94":35,"95":19,"96":28,"97":46,"10":60,"98":15,"11":36,"99":12,"12":62,"13":26,"14":38,"15":45,"16":52,"17":53,"18":53,"19":2,"1":5,"2":43,"3":51,"4":4,"5":44,"6":37,"7":54,"8":58,"9":24,"20":8,"21":31,"22":32,"23":28,"24":7,"25":21,"26":27,"27":24,"28":51,"29":25,"30":13,"31":9,"32":35,"33":29,"34":4,"35":27,"36":34,"37":39,"38":49,"39":56,"40":17,"41":50,"42":59,"43":54,"44":38,"45":19,"46":23,"47":6,"48":34,"49":40,"50":18,"51":49,"52":3,"53":5,"54":34,"55":57,"56":45,"57":30,"58":50,"59":26,"60":61,"61":14,"62":27,"63":43,"64":17,"65":1,"66":48,"67":50,"68":60,"69":2,"70":16,"71":42,"72":44,"73":62,"74":48,"75":16,"76":30,"77":49,"78":14,"79":33,"100":11,"80":58,"81":47,"82":46,"83":41,"84":6,"85":52,"86":3,"87":36}},{"STARTING PARTITION: ":{"88":27,"89":36,"90":41,"91":20,"92":35,"93":14,"94":40,"95":4,"96":19,"97":27,"10":31,"98":24,"11":38,"99":35,"12":11,"13":11,"14":23,"15":35,"16":33,"17":43,"18":48,"19":7,"1":28,"2":13,"3":15,"4":48,"5":31,"6":26,"7":43,"8":39,"9":45,"20":7,"21":4,"22":33,"23":7,"24":29,"25":33,"26":18,"27":41,"28":15,"29":25,"30":3,"31":27,"32":9,"33":46,"34":27,"35":11,"36":36,"37":50,"38":4,"39":26,"40":30,"41":8,"42":2,"43":12,"44":19,"45":32,"46":36,"47":43,"48":20,"49":18,"50":12,"51":10,"52":3,"53":13,"54":22,"55":27,"56":17,"57":23,"58":20,"59":7,"60":27,"61":37,"62":26,"63":16,"64":8,"65":25,"66":26,"67":17,"68":20,"69":23,"70":49,"71":28,"72":24,"73":14,"74":47,"75":21,"76":9,"77":35,"78":26,"79":33,"100":47,"80":33,"81":21,"82":48,"83":50,"84":9,"85":3,"86":1,"87":48},"Agents":[null,{"utility":98,"ID":1},{"utility":99,"ID":2},{"utility":98,"ID":3},{"utility":98,"ID":4},{"utility":98,"ID":5},{"utility":98,"ID":6},{"utility":99,"ID":7},{"utility":99,"ID":8},{"utility":93,"ID":9},{"utility":97,"ID":10},{"utility":97,"ID":11},{"utility":99,"ID":12},{"utility":98,"ID":13},{"utility":98,"ID":14},{"utility":99,"ID":15},{"utility":96,"ID":16},{"utility":97,"ID":17},{"utility":98,"ID":18},{"utility":96,"ID":19},{"utility":99,"ID":20},{"utility":99,"ID":21},{"utility":99,"ID":22},{"utility":99,"ID":23},{"utility":99,"ID":24},{"utility":98,"ID":25},{"utility":76,"ID":26},{"utility":87,"ID":27},{"utility":74,"ID":28},{"utility":0,"ID":29},{"utility":0,"ID":30},{"utility":32,"ID":31},{"utility":50,"ID":32},{"utility":0,"ID":33},{"utility":0,"ID":34},{"utility":65,"ID":35},{"utility":79,"ID":36},{"utility":0,"ID":37},{"utility":57,"ID":38},{"utility":0,"ID":39},{"utility":44,"ID":40},{"utility":80,"ID":41},{"utility":21,"ID":42},{"utility":98,"ID":43},{"utility":91,"ID":44},{"utility":0,"ID":45},{"utility":68,"ID":46},{"utility":0,"ID":47},{"utility":80,"ID":48},{"utility":0,"ID":49},{"utility":0,"ID":50},{"utility":0,"ID":51},{"utility":74,"ID":52},{"utility":81,"ID":53},{"utility":0,"ID":54},{"utility":50.5,"ID":55},{"utility":92,"ID":56},{"utility":53,"ID":57},{"utility":59,"ID":58},{"utility":27,"ID":59},{"utility":0,"ID":60},{"utility":93,"ID":61},{"utility":29,"ID":62},{"utility":74,"ID":63},{"utility":53,"ID":64},{"utility":0,"ID":65},{"utility":53.5,"ID":66},{"utility":0,"ID":67},{"utility":53,"ID":68},{"utility":45,"ID":69},{"utility":0,"ID":70},{"utility":0,"ID":71},{"utility":99,"ID":72},{"utility":86,"ID":73},{"utility":0,"ID":74},{"utility":45,"ID":75},{"utility":61,"ID":76},{"utility":94,"ID":77},{"utility":41,"ID":78},{"utility":0,"ID":79},{"utility":75,"ID":80},{"utility":58,"ID":81},{"utility":73,"ID":82},{"utility":0,"ID":83},{"utility":61,"ID":84},{"utility":58,"ID":85},{"utility":0,"ID":86},{"utility":26,"ID":87},{"utility":69.5,"ID":88},{"utility":0,"ID":89},{"utility":0,"ID":90},{"utility":22,"ID":91},{"utility":16,"ID":92},{"utility":0,"ID":93},{"utility":0,"ID":94},{"utility":15,"ID":95},{"utility":86,"ID":96},{"utility":24.5,"ID":97},{"utility":0,"ID":98},{"utility":0,"ID":99},{"utility":97,"ID":100}],"LAST COALITION":[[],[{"utility":0,"ID":86}],[{"utility":99,"ID":2},{"utility":74,"ID":63}],[{"utility":65,"ID":35},{"utility":97,"ID":11}],[{"utility":0,"ID":51}],[{"utility":73,"ID":82},{"utility":98,"ID":4}],[{"utility":98,"ID":1},{"utility":81,"ID":53}],[{"utility":96,"ID":19},{"utility":58,"ID":85}],[{"utility":80,"ID":41},{"utility":53,"ID":64}],[{"utility":61,"ID":76},{"utility":61,"ID":84}],[{"utility":99,"ID":20},{"utility":86,"ID":73}],[{"utility":76,"ID":26},{"utility":32,"ID":31}],[{"utility":0,"ID":50}],[{"utility":92,"ID":56},{"utility":99,"ID":15}],[{"utility":0,"ID":93}],[{"utility":98,"ID":3},{"utility":74,"ID":28}],[{"utility":0,"ID":33}],[{"utility":98,"ID":18},{"utility":16,"ID":92}],[{"utility":0,"ID":30}],[{"utility":91,"ID":44},{"utility":86,"ID":96}],[{"utility":80,"ID":48},{"utility":59,"ID":58},{"utility":22,"ID":91}],[{"utility":45,"ID":75},{"utility":58,"ID":81}],[{"utility":0,"ID":54}],[{"utility":53,"ID":57},{"utility":45,"ID":69}],[{"utility":0,"ID":98}],[{"utility":0,"ID":65}],[{"utility":29,"ID":62},{"utility":53.5,"ID":66},{"utility":41,"ID":78}],[{"utility":50.5,"ID":55},{"utility":69.5,"ID":88},{"utility":24.5,"ID":97}],[{"utility":98,"ID":25},{"utility":93,"ID":61}],[{"utility":0,"ID":29}],[],[{"utility":75,"ID":80},{"utility":99,"ID":8}],[{"utility":0,"ID":45}],[{"utility":0,"ID":79}],[{"utility":53,"ID":68},{"utility":97,"ID":10}],[{"utility":0,"ID":99}],[{"utility":79,"ID":36},{"utility":68,"ID":46}],[{"utility":97,"ID":17},{"utility":94,"ID":77}],[{"utility":0,"ID":37}],[{"utility":50,"ID":32},{"utility":99,"ID":23}],[{"utility":0,"ID":94}],[{"utility":0,"ID":90}],[{"utility":97,"ID":100},{"utility":99,"ID":22}],[{"utility":0,"ID":71}],[{"utility":98,"ID":5},{"utility":99,"ID":72}],[{"utility":0,"ID":34}],[{"utility":96,"ID":16},{"utility":44,"ID":40}],[{"utility":0,"ID":74}],[{"utility":26,"ID":87},{"utility":99,"ID":12}],[{"utility":0,"ID":70}],[{"utility":0,"ID":83}],[{"utility":99,"ID":7},{"utility":98,"ID":43}],[],[{"utility":74,"ID":52},{"utility":98,"ID":14}],[{"utility":57,"ID":38},{"utility":99,"ID":24}],[{"utility":93,"ID":9},{"utility":87,"ID":27}],[{"utility":0,"ID":39}],[{"utility":0,"ID":49}],[{"utility":0,"ID":47}],[],[{"utility":98,"ID":6},{"utility":15,"ID":95}],[{"utility":0,"ID":67}],[{"utility":99,"ID":21},{"utility":21,"ID":42}],[{"utility":0,"ID":60}],[{"utility":0,"ID":89}],[{"utility":27,"ID":59},{"utility":98,"ID":13}],[],[],[],[],[],[],[],[],[],[],[],[],[],[],[],[],[],[],[],[],[],[],[],[],[],[],[],[],[],[],[],[],[],[],[]],"STARTING COALITION: ":[[null],[{"utility":0,"ID":86}],[{"utility":0,"ID":42}],[{"utility":33,"ID":30},{"utility":53.5,"ID":52},{"utility":52.5,"ID":85}],[{"utility":30,"ID":21},{"utility":53.5,"ID":38},{"utility":34,"ID":95}],[],[],[{"utility":75,"ID":19},{"utility":57.333333333333336,"ID":20},{"utility":54.333333333333336,"ID":23},{"utility":37,"ID":59}],[{"utility":80,"ID":41},{"utility":53,"ID":64}],[{"utility":61,"ID":32},{"utility":68,"ID":76},{"utility":31,"ID":84}],[{"utility":0,"ID":51}],[{"utility":28,"ID":12},{"utility":69.5,"ID":13},{"utility":12,"ID":35}],[{"utility":0,"ID":43},{"utility":0,"ID":50}],[{"utility":19,"ID":2},{"utility":86,"ID":53}],[{"utility":74,"ID":73},{"utility":39,"ID":93}],[{"utility":98,"ID":3},{"utility":74,"ID":28}],[{"utility":0,"ID":63}],[{"utility":21,"ID":56},{"utility":63,"ID":67}],[{"utility":20,"ID":26},{"utility":0,"ID":49}],[{"utility":91,"ID":44},{"utility":86,"ID":96}],[{"utility":76.33333333333333,"ID":48},{"utility":44.666666666666664,"ID":58},{"utility":23.333333333333332,"ID":68},{"utility":32,"ID":91}],[{"utility":45,"ID":75},{"utility":58,"ID":81}],[{"utility":0,"ID":54}],[{"utility":90,"ID":14},{"utility":71.5,"ID":57},{"utility":22.5,"ID":69}],[{"utility":8,"ID":72},{"utility":18,"ID":98}],[{"utility":19,"ID":29},{"utility":43,"ID":65}],[{"utility":15,"ID":6},{"utility":21.75,"ID":39},{"utility":38,"ID":62},{"utility":69.5,"ID":66},{"utility":52.25,"ID":78}],[{"utility":59.2,"ID":31},{"utility":40.6,"ID":34},{"utility":48.6,"ID":55},{"utility":53.2,"ID":60},{"utility":28.2,"ID":88},{"utility":40.4,"ID":97}],[{"utility":72,"ID":1},{"utility":75,"ID":71}],[{"utility":0,"ID":24}],[{"utility":0,"ID":40}],[{"utility":50,"ID":5},{"utility":87,"ID":10}],[{"utility":0,"ID":45}],[{"utility":14,"ID":16},{"utility":43,"ID":22},{"utility":60,"ID":25},{"utility":43.75,"ID":79},{"utility":35.75,"ID":80}],[],[{"utility":56.333333333333336,"ID":15},{"utility":48.666666666666664,"ID":77},{"utility":45.333333333333336,"ID":92},{"utility":44.333333333333336,"ID":99}],[{"utility":58.5,"ID":36},{"utility":42.5,"ID":46},{"utility":20,"ID":89}],[{"utility":0,"ID":61}],[{"utility":0,"ID":11}],[{"utility":0,"ID":8}],[{"utility":0,"ID":94}],[{"utility":61,"ID":27},{"utility":11,"ID":90}],[],[{"utility":63.5,"ID":7},{"utility":48.5,"ID":17},{"utility":65,"ID":47}],[],[{"utility":0,"ID":9}],[{"utility":0,"ID":33}],[{"utility":90,"ID":74},{"utility":50,"ID":100}],[{"utility":58.666666666666664,"ID":4},{"utility":36.333333333333336,"ID":18},{"utility":36.333333333333336,"ID":82},{"utility":48.666666666666664,"ID":87}],[{"utility":0,"ID":70}],[{"utility":20,"ID":37},{"utility":35,"ID":83}],[],[],[],[],[],[],[],[],[],[],[],[],[],[],[],[],[],[],[],[],[],[],[],[],[],[],[],[],[],[],[],[],[],[],[],[],[],[],[],[],[],[],[],[],[],[],[],[],[],[]],"CORE :":false,"LAST PARTITION":{"88":27,"89":64,"90":41,"91":20,"92":17,"93":14,"94":40,"95":60,"96":19,"97":27,"10":34,"98":24,"11":3,"99":35,"12":48,"13":65,"14":53,"15":13,"16":46,"17":37,"18":17,"19":7,"1":6,"2":2,"3":15,"4":5,"5":44,"6":60,"7":51,"8":31,"9":55,"20":10,"21":62,"22":42,"23":39,"24":54,"25":28,"26":11,"27":55,"28":15,"29":29,"30":18,"31":11,"32":39,"33":16,"34":45,"35":3,"36":36,"37":38,"38":54,"39":56,"40":46,"41":8,"42":62,"43":51,"44":19,"45":32,"46":36,"47":58,"48":20,"49":57,"50":12,"51":4,"52":53,"53":6,"54":22,"55":27,"56":13,"57":23,"58":20,"59":65,"60":63,"61":28,"62":26,"63":2,"64":8,"65":25,"66":26,"67":61,"68":34,"69":23,"70":49,"71":43,"72":44,"73":10,"74":47,"75":21,"76":9,"77":37,"78":26,"79":33,"100":42,"80":31,"81":21,"82":5,"83":50,"84":9,"85":7,"86":1,"87":48}},{"STARTING PARTITION: ":{"88":21,"89":11,"90":42,"91":1,"92":39,"93":25,"94":21,"95":37,"96":14,"97":49,"10":18,"98":28,"11":6,"99":31,"12":21,"13":15,"14":48,"15":46,"16":22,"17":22,"18":13,"19":21,"1":14,"2":26,"3":11,"4":29,"5":1,"6":16,"7":8,"8":1,"9":46,"20":40,"21":14,"22":20,"23":49,"24":32,"25":10,"26":35,"27":18,"28":10,"29":38,"30":30,"31":1,"32":40,"33":1,"34":3,"35":31,"36":41,"37":19,"38":2,"39":43,"40":40,"41":31,"42":5,"43":21,"44":25,"45":49,"46":15,"47":8,"48":26,"49":2,"50":46,"51":46,"52":34,"53":8,"54":49,"55":26,"56":34,"57":10,"58":29,"59":46,"60":35,"61":49,"62":31,"63":34,"64":24,"65":13,"66":34,"67":12,"68":2,"69":24,"70":6,"71":48,"72":34,"73":40,"74":13,"75":38,"76":44,"77":11,"78":8,"79":49,"100":26,"80":1,"81":22,"82":39,"83":8,"84":26,"85":14,"86":27,"87":10},"Agents":[null,{"utility":98,"ID":1},{"utility":99,"ID":2},{"utility":98,"ID":3},{"utility":98,"ID":4},{"utility":98,"ID":5},{"utility":98,"ID":6},{"utility":99,"ID":7},{"utility":99,"ID":8},{"utility":0,"ID":9},{"utility":95,"ID":10},{"utility":97,"ID":11},{"utility":99,"ID":12},{"utility":97,"ID":13},{"utility":98,"ID":14},{"utility":99,"ID":15},{"utility":96,"ID":16},{"utility":97,"ID":17},{"utility":45,"ID":18},{"utility":96,"ID":19},{"utility":99,"ID":20},{"utility":91,"ID":21},{"utility":0,"ID":22},{"utility":11,"ID":23},{"utility":0,"ID":24},{"utility":0,"ID":25},{"utility":0,"ID":26},{"utility":0,"ID":27},{"utility":74,"ID":28},{"utility":0,"ID":29},{"utility":0,"ID":30},{"utility":50,"ID":31},{"utility":58,"ID":32},{"utility":0,"ID":33},{"utility":0,"ID":34},{"utility":65,"ID":35},{"utility":0,"ID":36},{"utility":0,"ID":37},{"utility":85,"ID":38},{"utility":0,"ID":39},{"utility":44,"ID":40},{"utility":67.5,"ID":41},{"utility":30,"ID":42},{"utility":98,"ID":43},{"utility":93,"ID":44},{"utility":34.666666666666664,"ID":45},{"utility":0,"ID":46},{"utility":83,"ID":47},{"utility":50.333333333333336,"ID":48},{"utility":0,"ID":49},{"utility":36,"ID":50},{"utility":43,"ID":51},{"utility":74,"ID":52},{"utility":81,"ID":53},{"utility":16.666666666666668,"ID":54},{"utility":35.666666666666664,"ID":55},{"utility":92,"ID":56},{"utility":0,"ID":57},{"utility":0,"ID":58},{"utility":75,"ID":59},{"utility":0,"ID":60},{"utility":0,"ID":61},{"utility":55,"ID":62},{"utility":74,"ID":63},{"utility":34,"ID":64},{"utility":43,"ID":65},{"utility":0,"ID":66},{"utility":0,"ID":67},{"utility":92,"ID":68},{"utility":16,"ID":69},{"utility":0,"ID":70},{"utility":0,"ID":71},{"utility":99,"ID":72},{"utility":86,"ID":73},{"utility":62,"ID":74},{"utility":0,"ID":75},{"utility":0,"ID":76},{"utility":94,"ID":77},{"utility":31,"ID":78},{"utility":78.33333333333333,"ID":79},{"utility":75,"ID":80},{"utility":0,"ID":81},{"utility":73,"ID":82},{"utility":28.5,"ID":83},{"utility":95.33333333333333,"ID":84},{"utility":58,"ID":85},{"utility":0,"ID":86},{"utility":26,"ID":87},{"utility":78,"ID":88},{"utility":0,"ID":89},{"utility":0,"ID":90},{"utility":67,"ID":91},{"utility":0,"ID":92},{"utility":53,"ID":93},{"utility":45,"ID":94},{"utility":0,"ID":95},{"utility":0,"ID":96},{"utility":62.333333333333336,"ID":97},{"utility":0,"ID":98},{"utility":28,"ID":99},{"utility":50.333333333333336,"ID":100}],"LAST COALITION":[[],[{"utility":50,"ID":31},{"utility":67,"ID":91}],[{"utility":85,"ID":38},{"utility":92,"ID":68}],[{"utility":73,"ID":82},{"utility":98,"ID":4}],[{"utility":96,"ID":19},{"utility":58,"ID":85}],[{"utility":99,"ID":2},{"utility":74,"ID":63}],[{"utility":0,"ID":70}],[{"utility":98,"ID":1},{"utility":81,"ID":53}],[{"utility":83,"ID":47},{"utility":31,"ID":78},{"utility":28.5,"ID":83}],[{"utility":0,"ID":26}],[{"utility":0,"ID":57}],[{"utility":0,"ID":89}],[{"utility":0,"ID":71}],[{"utility":43,"ID":65},{"utility":62,"ID":74}],[{"utility":0,"ID":96}],[{"utility":0,"ID":46}],[{"utility":58,"ID":32},{"utility":98,"ID":6}],[{"utility":0,"ID":49}],[{"utility":0,"ID":29}],[{"utility":0,"ID":37}],[{"utility":65,"ID":35},{"utility":97,"ID":11}],[{"utility":78,"ID":88},{"utility":45,"ID":94}],[{"utility":0,"ID":81}],[{"utility":0,"ID":27}],[{"utility":34,"ID":64},{"utility":16,"ID":69}],[{"utility":93,"ID":44},{"utility":53,"ID":93}],[{"utility":50.333333333333336,"ID":48},{"utility":35.666666666666664,"ID":55},{"utility":95.33333333333333,"ID":84},{"utility":50.333333333333336,"ID":100}],[{"utility":0,"ID":86}],[{"utility":0,"ID":98}],[{"utility":0,"ID":58}],[{"utility":0,"ID":30}],[{"utility":67.5,"ID":41},{"utility":55,"ID":62},{"utility":28,"ID":99}],[{"utility":0,"ID":9}],[{"utility":0,"ID":34}],[{"utility":0,"ID":66}],[{"utility":0,"ID":24}],[{"utility":75,"ID":80},{"utility":99,"ID":8}],[{"utility":0,"ID":95}],[{"utility":0,"ID":75}],[{"utility":0,"ID":25}],[{"utility":99,"ID":20},{"utility":86,"ID":73}],[{"utility":0,"ID":61}],[{"utility":0,"ID":90}],[{"utility":0,"ID":39}],[{"utility":0,"ID":76}],[{"utility":98,"ID":3},{"utility":74,"ID":28}],[{"utility":36,"ID":50},{"utility":43,"ID":51},{"utility":75,"ID":59}],[{"utility":0,"ID":33}],[{"utility":0,"ID":92}],[{"utility":34.666666666666664,"ID":45},{"utility":16.666666666666668,"ID":54},{"utility":78.33333333333333,"ID":79},{"utility":62.333333333333336,"ID":97}],[{"utility":98,"ID":5},{"utility":99,"ID":72}],[{"utility":91,"ID":21},{"utility":97,"ID":13}],[{"utility":99,"ID":7},{"utility":98,"ID":43}],[],[{"utility":95,"ID":10},{"utility":30,"ID":42}],[{"utility":0,"ID":60}],[{"utility":0,"ID":67}],[{"utility":26,"ID":87},{"utility":99,"ID":12}],[{"utility":0,"ID":36}],[{"utility":92,"ID":56},{"utility":99,"ID":15}],[{"utility":74,"ID":52},{"utility":98,"ID":14}],[{"utility":97,"ID":17},{"utility":94,"ID":77}],[{"utility":0,"ID":22}],[{"utility":96,"ID":16},{"utility":44,"ID":40}],[{"utility":45,"ID":18},{"utility":11,"ID":23}],[],[],[],[],[],[],[],[],[],[],[],[],[],[],[],[],[],[],[],[],[],[],[],[],[],[],[],[],[],[],[],[],[],[],[],[]],"STARTING COALITION: ":[[null],[{"utility":32.4,"ID":5},{"utility":42.6,"ID":8},{"utility":40,"ID":31},{"utility":35.8,"ID":33},{"utility":37.2,"ID":80},{"utility":37,"ID":91}],[{"utility":72.5,"ID":38},{"utility":34,"ID":49},{"utility":71.5,"ID":68}],[{"utility":0,"ID":34}],[],[{"utility":0,"ID":42}],[{"utility":0,"ID":11},{"utility":14,"ID":70}],[],[{"utility":45,"ID":7},{"utility":66.5,"ID":47},{"utility":33,"ID":53},{"utility":20.25,"ID":78},{"utility":41.75,"ID":83}],[],[{"utility":16.666666666666668,"ID":25},{"utility":25,"ID":28},{"utility":48.333333333333336,"ID":57},{"utility":29,"ID":87}],[{"utility":59,"ID":3},{"utility":43,"ID":77},{"utility":30,"ID":89}],[{"utility":0,"ID":67}],[{"utility":54,"ID":18},{"utility":69,"ID":65},{"utility":74.5,"ID":74}],[{"utility":32,"ID":1},{"utility":63,"ID":21},{"utility":55.333333333333336,"ID":85},{"utility":51,"ID":96}],[{"utility":37,"ID":13},{"utility":40,"ID":46}],[{"utility":0,"ID":6}],[],[{"utility":57,"ID":10},{"utility":0,"ID":27}],[{"utility":0,"ID":37}],[{"utility":0,"ID":22}],[{"utility":28,"ID":12},{"utility":44.75,"ID":19},{"utility":36.75,"ID":43},{"utility":56.5,"ID":88},{"utility":38,"ID":94}],[{"utility":65,"ID":16},{"utility":6,"ID":17},{"utility":38.5,"ID":81}],[],[{"utility":34,"ID":64},{"utility":16,"ID":69}],[{"utility":93,"ID":44},{"utility":53,"ID":93}],[{"utility":25.25,"ID":2},{"utility":37.75,"ID":48},{"utility":41,"ID":55},{"utility":74.25,"ID":84},{"utility":40.25,"ID":100}],[{"utility":0,"ID":86}],[{"utility":0,"ID":98}],[{"utility":0,"ID":4},{"utility":0,"ID":58}],[{"utility":0,"ID":30}],[{"utility":44.666666666666664,"ID":35},{"utility":67.66666666666667,"ID":41},{"utility":42.333333333333336,"ID":62},{"utility":36,"ID":99}],[{"utility":0,"ID":24}],[],[{"utility":35.5,"ID":52},{"utility":57.25,"ID":56},{"utility":58,"ID":63},{"utility":36.5,"ID":66},{"utility":60,"ID":72}],[{"utility":54,"ID":26},{"utility":73,"ID":60}],[],[{"utility":0,"ID":95}],[{"utility":36,"ID":29},{"utility":70,"ID":75}],[{"utility":14,"ID":82},{"utility":9,"ID":92}],[{"utility":64.66666666666667,"ID":20},{"utility":38.666666666666664,"ID":32},{"utility":19.666666666666668,"ID":40},{"utility":60.666666666666664,"ID":73}],[{"utility":0,"ID":36}],[{"utility":0,"ID":90}],[{"utility":0,"ID":39}],[{"utility":0,"ID":76}],[],[{"utility":13,"ID":9},{"utility":50.75,"ID":15},{"utility":40,"ID":50},{"utility":47.25,"ID":51},{"utility":55.75,"ID":59}],[],[{"utility":96,"ID":14},{"utility":98,"ID":71}],[{"utility":29.6,"ID":23},{"utility":31.4,"ID":45},{"utility":25,"ID":54},{"utility":40.6,"ID":61},{"utility":56.6,"ID":79},{"utility":57.6,"ID":97}],[],[],[],[],[],[],[],[],[],[],[],[],[],[],[],[],[],[],[],[],[],[],[],[],[],[],[],[],[],[],[],[],[],[],[],[],[],[],[],[],[],[],[],[],[],[],[],[],[],[],[]],"CORE :":false,"LAST PARTITION":{"88":21,"89":11,"90":42,"91":1,"92":48,"93":25,"94":21,"95":37,"96":14,"97":49,"10":54,"98":28,"11":20,"99":31,"12":57,"13":51,"14":60,"15":59,"16":63,"17":61,"18":64,"19":4,"1":7,"2":5,"3":45,"4":3,"5":50,"6":16,"7":52,"8":36,"9":32,"20":40,"21":51,"22":62,"23":64,"24":35,"25":39,"26":9,"27":23,"28":45,"29":18,"30":30,"31":1,"32":16,"33":47,"34":33,"35":20,"36":58,"37":19,"38":2,"39":43,"40":63,"41":31,"42":54,"43":52,"44":25,"45":49,"46":15,"47":8,"48":26,"49":17,"50":46,"51":46,"52":60,"53":7,"54":49,"55":26,"56":59,"57":10,"58":29,"59":46,"60":55,"61":41,"62":31,"63":5,"64":24,"65":13,"66":34,"67":56,"68":2,"69":24,"70":6,"71":12,"72":50,"73":40,"74":13,"75":38,"76":44,"77":61,"78":8,"79":49,"100":26,"80":36,"81":22,"82":3,"83":8,"84":26,"85":4,"86":27,"87":57}},{"END OF FILE:" : true}]