[{"STARTING PARTITION: ":{"88":14,"89":33,"90":43,"91":43,"92":46,"93":30,"94":13,"95":26,"96":32,"97":41,"10":26,"98":14,"11":1,"99":34,"12":40,"13":3,"14":21,"15":19,"16":30,"17":43,"18":16,"19":15,"1":47,"2":13,"3":9,"4":15,"5":1,"6":6,"7":33,"8":46,"9":9,"20":50,"21":1,"22":8,"23":41,"24":17,"25":32,"26":21,"27":40,"28":20,"29":26,"30":36,"31":41,"32":25,"33":7,"34":21,"35":5,"36":49,"37":9,"38":32,"39":23,"40":35,"41":15,"42":45,"43":34,"44":18,"45":1,"46":1,"47":9,"48":42,"49":26,"50":23,"51":37,"52":43,"53":36,"54":25,"55":17,"56":45,"57":2,"58":15,"59":27,"60":3,"61":15,"62":34,"63":39,"64":18,"65":49,"66":12,"67":34,"68":30,"69":27,"70":32,"71":25,"72":28,"73":14,"74":9,"75":23,"76":43,"77":33,"78":24,"79":19,"100":9,"80":5,"81":46,"82":25,"83":42,"84":19,"85":49,"86":47,"87":36},"Agents":[null,{"utility":96,"ID":1},{"utility":95,"ID":2},{"utility":98,"ID":3},{"utility":99,"ID":4},{"utility":92,"ID":5},{"utility":99,"ID":6},{"utility":93,"ID":7},{"utility":98,"ID":8},{"utility":96,"ID":9},{"utility":98,"ID":10},{"utility":99,"ID":11},{"utility":99,"ID":12},{"utility":96,"ID":13},{"utility":98,"ID":14},{"utility":98,"ID":15},{"utility":95,"ID":16},{"utility":97,"ID":17},{"utility":99,"ID":18},{"utility":94,"ID":19},{"utility":98,"ID":20},{"utility":99,"ID":21},{"utility":34,"ID":22},{"utility":0,"ID":23},{"utility":0,"ID":24},{"utility":50,"ID":25},{"utility":43,"ID":26},{"utility":0,"ID":27},{"utility":0,"ID":28},{"utility":73,"ID":29},{"utility":0,"ID":30},{"utility":64,"ID":31},{"utility":84,"ID":32},{"utility":0,"ID":33},{"utility":76,"ID":34},{"utility":39,"ID":35},{"utility":86,"ID":36},{"utility":0,"ID":37},{"utility":60,"ID":38},{"utility":0,"ID":39},{"utility":0,"ID":40},{"utility":0,"ID":41},{"utility":85,"ID":42},{"utility":0,"ID":43},{"utility":97,"ID":44},{"utility":0,"ID":45},{"utility":0,"ID":46},{"utility":91,"ID":47},{"utility":62,"ID":48},{"utility":93,"ID":49},{"utility":68,"ID":50},{"utility":0,"ID":51},{"utility":50,"ID":52},{"utility":60,"ID":53},{"utility":8,"ID":54},{"utility":0,"ID":55},{"utility":14,"ID":56},{"utility":0,"ID":57},{"utility":3,"ID":58},{"utility":0,"ID":59},{"utility":0,"ID":60},{"utility":67,"ID":61},{"utility":93,"ID":62},{"utility":4,"ID":63},{"utility":69,"ID":64},{"utility":27,"ID":65},{"utility":0,"ID":66},{"utility":0,"ID":67},{"utility":52,"ID":68},{"utility":27,"ID":69},{"utility":0,"ID":70},{"utility":86,"ID":71},{"utility":0,"ID":72},{"utility":72.5,"ID":73},{"utility":89,"ID":74},{"utility":78,"ID":75},{"utility":85,"ID":76},{"utility":45,"ID":77},{"utility":48,"ID":78},{"utility":39,"ID":79},{"utility":0,"ID":80},{"utility":33,"ID":81},{"utility":98,"ID":82},{"utility":80,"ID":83},{"utility":93,"ID":84},{"utility":74,"ID":85},{"utility":0,"ID":86},{"utility":64,"ID":87},{"utility":51.5,"ID":88},{"utility":85,"ID":89},{"utility":16.5,"ID":90},{"utility":49.5,"ID":91},{"utility":80,"ID":92},{"utility":19,"ID":93},{"utility":44,"ID":94},{"utility":8,"ID":95},{"utility":18,"ID":96},{"utility":0,"ID":97},{"utility":15,"ID":98},{"utility":37,"ID":99},{"utility":44,"ID":100}],"LAST COALITION":[[],[{"utility":98,"ID":3},{"utility":48,"ID":78}],[{"utility":0,"ID":57}],[{"utility":0,"ID":60}],[{"utility":99,"ID":18},{"utility":98,"ID":20}],[{"utility":39,"ID":35},{"utility":0,"ID":80}],[{"utility":0,"ID":27}],[{"utility":0,"ID":24}],[{"utility":74,"ID":85},{"utility":96,"ID":13}],[{"utility":89,"ID":74},{"utility":44,"ID":100}],[{"utility":0,"ID":70}],[{"utility":68,"ID":50},{"utility":92,"ID":5}],[{"utility":0,"ID":66}],[{"utility":0,"ID":37}],[{"utility":72.5,"ID":73},{"utility":51.5,"ID":88},{"utility":15,"ID":98}],[{"utility":97,"ID":17},{"utility":44,"ID":94}],[{"utility":93,"ID":49},{"utility":99,"ID":11}],[{"utility":0,"ID":55}],[{"utility":97,"ID":44},{"utility":69,"ID":64}],[{"utility":39,"ID":79},{"utility":93,"ID":84}],[],[{"utility":34,"ID":22},{"utility":50,"ID":25}],[{"utility":96,"ID":1},{"utility":45,"ID":77}],[{"utility":0,"ID":39},{"utility":78,"ID":75}],[{"utility":96,"ID":9},{"utility":91,"ID":47}],[{"utility":8,"ID":54},{"utility":86,"ID":71}],[{"utility":73,"ID":29},{"utility":8,"ID":95}],[{"utility":0,"ID":59}],[{"utility":0,"ID":72}],[{"utility":94,"ID":19},{"utility":64,"ID":31}],[{"utility":52,"ID":68},{"utility":19,"ID":93}],[{"utility":0,"ID":28}],[{"utility":60,"ID":38},{"utility":18,"ID":96}],[{"utility":84,"ID":32},{"utility":99,"ID":6}],[{"utility":93,"ID":62},{"utility":37,"ID":99}],[{"utility":99,"ID":21},{"utility":43,"ID":26}],[{"utility":0,"ID":30},{"utility":64,"ID":87}],[{"utility":0,"ID":51}],[{"utility":0,"ID":67}],[{"utility":0,"ID":33}],[{"utility":50,"ID":52},{"utility":98,"ID":14}],[{"utility":0,"ID":97}],[{"utility":62,"ID":48},{"utility":80,"ID":83}],[{"utility":85,"ID":76},{"utility":16.5,"ID":90},{"utility":49.5,"ID":91}],[{"utility":76,"ID":34},{"utility":98,"ID":15}],[{"utility":85,"ID":42},{"utility":14,"ID":56}],[{"utility":33,"ID":81},{"utility":80,"ID":92}],[{"utility":0,"ID":86}],[{"utility":99,"ID":4},{"utility":85,"ID":89}],[{"utility":86,"ID":36},{"utility":27,"ID":65}],[{"utility":0,"ID":46}],[{"utility":0,"ID":23}],[{"utility":27,"ID":69},{"utility":93,"ID":7}],[{"utility":0,"ID":43}],[{"utility":99,"ID":12},{"utility":4,"ID":63}],[{"utility":98,"ID":82},{"utility":98,"ID":8}],[{"utility":95,"ID":16},{"utility":67,"ID":61}],[{"utility":0,"ID":41}],[{"utility":98,"ID":10},{"utility":3,"ID":58}],[{"utility":0,"ID":40}],[],[{"utility":0,"ID":45}],[{"utility":95,"ID":2},{"utility":60,"ID":53}],[],[],[],[],[],[],[],[],[],[],[],[],[],[],[],[],[],[],[],[],[],[],[],[],[],[],[],[],[],[],[],[],[],[],[],[],[],[]],"STARTING COALITION: ":[[null],[{"utility":54,"ID":5},{"utility":54.5,"ID":11},{"utility":29,"ID":21},{"utility":80.25,"ID":45},{"utility":53.5,"ID":46}],[{"utility":0,"ID":57}],[{"utility":72,"ID":13},{"utility":28,"ID":60}],[],[{"utility":39,"ID":35},{"utility":0,"ID":80}],[{"utility":0,"ID":6}],[{"utility":0,"ID":33}],[{"utility":0,"ID":22}],[{"utility":39,"ID":3},{"utility":64,"ID":9},{"utility":51.6,"ID":37},{"utility":52.4,"ID":47},{"utility":64.2,"ID":74},{"utility":41.2,"ID":100}],[],[],[{"utility":0,"ID":66}],[{"utility":41,"ID":2},{"utility":25,"ID":94}],[{"utility":72.5,"ID":73},{"utility":51.5,"ID":88},{"utility":15,"ID":98}],[{"utility":45.5,"ID":4},{"utility":34.5,"ID":19},{"utility":31.5,"ID":41},{"utility":36.75,"ID":58},{"utility":17.5,"ID":61}],[{"utility":0,"ID":18}],[{"utility":0,"ID":24},{"utility":90,"ID":55}],[{"utility":97,"ID":44},{"utility":69,"ID":64}],[{"utility":47.5,"ID":15},{"utility":33,"ID":79},{"utility":92,"ID":84}],[{"utility":0,"ID":28}],[{"utility":40.5,"ID":14},{"utility":83,"ID":26},{"utility":19.5,"ID":34}],[],[{"utility":26.5,"ID":39},{"utility":59,"ID":50},{"utility":82,"ID":75}],[{"utility":0,"ID":78}],[{"utility":61.666666666666664,"ID":32},{"utility":3.6666666666666665,"ID":54},{"utility":89.33333333333333,"ID":71},{"utility":29.333333333333332,"ID":82}],[{"utility":58.333333333333336,"ID":10},{"utility":75,"ID":29},{"utility":43.333333333333336,"ID":49},{"utility":52.333333333333336,"ID":95}],[{"utility":36,"ID":59},{"utility":1,"ID":69}],[{"utility":0,"ID":72}],[],[{"utility":26.5,"ID":16},{"utility":27,"ID":68},{"utility":9.5,"ID":93}],[],[{"utility":79,"ID":25},{"utility":51.666666666666664,"ID":38},{"utility":54.333333333333336,"ID":70},{"utility":35,"ID":96}],[{"utility":30,"ID":7},{"utility":34.5,"ID":77},{"utility":80.5,"ID":89}],[{"utility":43,"ID":43},{"utility":31,"ID":62},{"utility":21.333333333333332,"ID":67},{"utility":43.333333333333336,"ID":99}],[{"utility":0,"ID":40}],[{"utility":40.5,"ID":30},{"utility":23,"ID":53},{"utility":70.5,"ID":87}],[{"utility":0,"ID":51}],[],[{"utility":0,"ID":63}],[{"utility":93,"ID":12},{"utility":81,"ID":27}],[{"utility":10.5,"ID":23},{"utility":72,"ID":31},{"utility":87.5,"ID":97}],[{"utility":62,"ID":48},{"utility":80,"ID":83}],[{"utility":52.25,"ID":17},{"utility":48.25,"ID":52},{"utility":55,"ID":76},{"utility":37.25,"ID":90},{"utility":56.5,"ID":91}],[],[{"utility":85,"ID":42},{"utility":14,"ID":56}],[{"utility":90.5,"ID":8},{"utility":16.5,"ID":81},{"utility":57.5,"ID":92}],[{"utility":33,"ID":1},{"utility":41,"ID":86}],[],[{"utility":66.5,"ID":36},{"utility":53.5,"ID":65},{"utility":13,"ID":85}],[{"utility":0,"ID":20}],[],[],[],[],[],[],[],[],[],[],[],[],[],[],[],[],[],[],[],[],[],[],[],[],[],[],[],[],[],[],[],[],[],[],[],[],[],[],[],[],[],[],[],[],[],[],[],[],[],[]],"CORE :":false,"LAST PARTITION":{"88":14,"89":48,"90":43,"91":43,"92":46,"93":30,"94":15,"95":26,"96":32,"97":41,"10":58,"98":14,"11":16,"99":34,"12":54,"13":8,"14":40,"15":44,"16":56,"17":15,"18":4,"19":29,"1":22,"2":62,"3":1,"4":48,"5":11,"6":33,"7":52,"8":55,"9":24,"20":4,"21":35,"22":21,"23":51,"24":7,"25":21,"26":35,"27":6,"28":31,"29":26,"30":36,"31":29,"32":33,"33":39,"34":44,"35":5,"36":49,"37":13,"38":32,"39":23,"40":59,"41":57,"42":45,"43":53,"44":18,"45":61,"46":50,"47":24,"48":42,"49":16,"50":11,"51":37,"52":40,"53":62,"54":25,"55":17,"56":45,"57":2,"58":58,"59":27,"60":3,"61":56,"62":34,"63":54,"64":18,"65":49,"66":12,"67":38,"68":30,"69":52,"70":10,"71":25,"72":28,"73":14,"74":9,"75":23,"76":43,"77":22,"78":1,"79":19,"100":9,"80":5,"81":46,"82":55,"83":42,"84":19,"85":8,"86":47,"87":36}},{"END OF FILE:" : true}]