[{"STARTING PARTITION: ":{"88":20,"89":9,"90":35,"91":33,"92":35,"93":20,"94":49,"95":3,"96":49,"97":37,"10":45,"98":47,"11":49,"99":42,"12":1,"13":47,"14":6,"15":36,"16":27,"17":28,"18":23,"19":31,"1":22,"2":24,"3":35,"4":1,"5":38,"6":23,"7":38,"8":19,"9":37,"20":37,"21":38,"22":10,"23":10,"24":5,"25":6,"26":18,"27":15,"28":27,"29":6,"30":43,"31":46,"32":42,"33":26,"34":23,"35":34,"36":47,"37":38,"38":32,"39":5,"40":28,"41":2,"42":43,"43":48,"44":15,"45":31,"46":12,"47":9,"48":27,"49":30,"50":5,"51":43,"52":11,"53":43,"54":2,"55":10,"56":22,"57":1,"58":6,"59":22,"60":41,"61":43,"62":43,"63":20,"64":26,"65":10,"66":38,"67":47,"68":22,"69":9,"70":26,"71":4,"72":10,"73":34,"74":6,"75":15,"76":13,"77":46,"78":7,"79":33,"100":49,"80":24,"81":15,"82":25,"83":5,"84":20,"85":40,"86":16,"87":24},"Agents":[null,{"utility":0,"ID":1},{"utility":99,"ID":2},{"utility":98,"ID":3},{"utility":98,"ID":4},{"utility":98,"ID":5},{"utility":99,"ID":6},{"utility":96,"ID":7},{"utility":98,"ID":8},{"utility":98,"ID":9},{"utility":99,"ID":10},{"utility":97,"ID":11},{"utility":98,"ID":12},{"utility":15,"ID":13},{"utility":72.33333333333333,"ID":14},{"utility":55,"ID":15},{"utility":76,"ID":16},{"utility":98,"ID":17},{"utility":0,"ID":18},{"utility":0,"ID":19},{"utility":0,"ID":20},{"utility":10,"ID":21},{"utility":61.25,"ID":22},{"utility":24.75,"ID":23},{"utility":0,"ID":24},{"utility":45,"ID":25},{"utility":0,"ID":26},{"utility":68,"ID":27},{"utility":0,"ID":28},{"utility":61,"ID":29},{"utility":66.66666666666667,"ID":30},{"utility":0,"ID":31},{"utility":88,"ID":32},{"utility":0,"ID":33},{"utility":9,"ID":34},{"utility":37,"ID":35},{"utility":41.5,"ID":36},{"utility":91,"ID":37},{"utility":0,"ID":38},{"utility":0,"ID":39},{"utility":66,"ID":40},{"utility":0,"ID":41},{"utility":39.333333333333336,"ID":42},{"utility":0,"ID":43},{"utility":27,"ID":44},{"utility":0,"ID":45},{"utility":0,"ID":46},{"utility":97,"ID":47},{"utility":95,"ID":48},{"utility":0,"ID":49},{"utility":0,"ID":50},{"utility":62,"ID":51},{"utility":0,"ID":52},{"utility":50.333333333333336,"ID":53},{"utility":0,"ID":54},{"utility":36.75,"ID":55},{"utility":46,"ID":56},{"utility":0,"ID":57},{"utility":80.66666666666667,"ID":58},{"utility":91,"ID":59},{"utility":0,"ID":60},{"utility":0,"ID":61},{"utility":40.666666666666664,"ID":62},{"utility":37.5,"ID":63},{"utility":20,"ID":64},{"utility":13.25,"ID":65},{"utility":20,"ID":66},{"utility":28,"ID":67},{"utility":61,"ID":68},{"utility":92,"ID":69},{"utility":18,"ID":70},{"utility":0,"ID":71},{"utility":29.75,"ID":72},{"utility":47,"ID":73},{"utility":63,"ID":74},{"utility":50,"ID":75},{"utility":0,"ID":76},{"utility":95,"ID":77},{"utility":0,"ID":78},{"utility":93,"ID":79},{"utility":60,"ID":80},{"utility":27.5,"ID":81},{"utility":1,"ID":82},{"utility":78,"ID":83},{"utility":80,"ID":84},{"utility":0,"ID":85},{"utility":0,"ID":86},{"utility":76,"ID":87},{"utility":60,"ID":88},{"utility":58,"ID":89},{"utility":93,"ID":90},{"utility":0,"ID":91},{"utility":0,"ID":92},{"utility":85,"ID":93},{"utility":11,"ID":94},{"utility":0,"ID":95},{"utility":56,"ID":96},{"utility":35,"ID":97},{"utility":13,"ID":98},{"utility":35,"ID":99},{"utility":12,"ID":100}],"LAST COALITION":[[],[{"utility":0,"ID":57}],[{"utility":0,"ID":54}],[{"utility":0,"ID":95}],[{"utility":0,"ID":71}],[{"utility":0,"ID":39}],[{"utility":72.33333333333333,"ID":14},{"utility":45,"ID":25},{"utility":61,"ID":29},{"utility":80.66666666666667,"ID":58}],[{"utility":0,"ID":78}],[{"utility":0,"ID":33}],[{"utility":97,"ID":47},{"utility":92,"ID":69},{"utility":58,"ID":89}],[{"utility":61.25,"ID":22},{"utility":24.75,"ID":23},{"utility":36.75,"ID":55},{"utility":13.25,"ID":65},{"utility":29.75,"ID":72}],[{"utility":96,"ID":7},{"utility":93,"ID":79}],[{"utility":0,"ID":46}],[{"utility":0,"ID":76}],[{"utility":0,"ID":43}],[{"utility":68,"ID":27},{"utility":27,"ID":44},{"utility":27.5,"ID":81}],[{"utility":0,"ID":86}],[{"utility":0,"ID":1}],[{"utility":1,"ID":82},{"utility":99,"ID":6}],[{"utility":0,"ID":61}],[{"utility":37.5,"ID":63},{"utility":80,"ID":84},{"utility":85,"ID":93}],[{"utility":0,"ID":45}],[{"utility":46,"ID":56},{"utility":61,"ID":68}],[{"utility":0,"ID":18},{"utility":9,"ID":34}],[{"utility":60,"ID":80},{"utility":76,"ID":87}],[{"utility":0,"ID":28}],[{"utility":20,"ID":64},{"utility":18,"ID":70}],[{"utility":76,"ID":16},{"utility":95,"ID":48}],[{"utility":98,"ID":17},{"utility":66,"ID":40}],[{"utility":35,"ID":97},{"utility":99,"ID":2}],[{"utility":0,"ID":49}],[],[{"utility":0,"ID":38}],[{"utility":0,"ID":91}],[{"utility":37,"ID":35},{"utility":47,"ID":73}],[{"utility":93,"ID":90},{"utility":0,"ID":92}],[{"utility":0,"ID":50}],[{"utility":0,"ID":20}],[{"utility":91,"ID":37},{"utility":20,"ID":66}],[{"utility":98,"ID":3},{"utility":91,"ID":59}],[{"utility":0,"ID":85}],[{"utility":0,"ID":60}],[{"utility":88,"ID":32},{"utility":35,"ID":99}],[{"utility":66.66666666666667,"ID":30},{"utility":39.333333333333336,"ID":42},{"utility":50.333333333333336,"ID":53},{"utility":40.666666666666664,"ID":62}],[{"utility":0,"ID":19}],[{"utility":0,"ID":24}],[{"utility":50,"ID":75},{"utility":98,"ID":12}],[{"utility":41.5,"ID":36},{"utility":28,"ID":67},{"utility":13,"ID":98}],[{"utility":62,"ID":51},{"utility":98,"ID":4}],[{"utility":11,"ID":94},{"utility":56,"ID":96},{"utility":12,"ID":100}],[{"utility":0,"ID":26}],[{"utility":63,"ID":74},{"utility":97,"ID":11}],[{"utility":0,"ID":41}],[{"utility":98,"ID":5},{"utility":95,"ID":77}],[{"utility":0,"ID":52}],[{"utility":60,"ID":88},{"utility":98,"ID":9}],[{"utility":78,"ID":83},{"utility":98,"ID":8}],[{"utility":10,"ID":21},{"utility":99,"ID":10}],[{"utility":0,"ID":31}],[{"utility":15,"ID":13},{"utility":55,"ID":15}],[],[],[],[],[],[],[],[],[],[],[],[],[],[],[],[],[],[],[],[],[],[],[],[],[],[],[],[],[],[],[],[],[],[],[],[],[],[],[],[],[]],"STARTING COALITION: ":[[null],[{"utility":17.5,"ID":4},{"utility":44,"ID":12},{"utility":36.5,"ID":57}],[{"utility":19,"ID":41},{"utility":43,"ID":54}],[{"utility":0,"ID":95}],[{"utility":0,"ID":71}],[{"utility":42.666666666666664,"ID":24},{"utility":40.333333333333336,"ID":39},{"utility":47,"ID":50},{"utility":68,"ID":83}],[{"utility":57.75,"ID":14},{"utility":42,"ID":25},{"utility":67.5,"ID":29},{"utility":75.25,"ID":58},{"utility":56.5,"ID":74}],[{"utility":0,"ID":78}],[],[{"utility":97,"ID":47},{"utility":92,"ID":69},{"utility":58,"ID":89}],[{"utility":61.25,"ID":22},{"utility":24.75,"ID":23},{"utility":36.75,"ID":55},{"utility":13.25,"ID":65},{"utility":29.75,"ID":72}],[{"utility":0,"ID":52}],[{"utility":0,"ID":46}],[{"utility":0,"ID":76}],[],[{"utility":59.333333333333336,"ID":27},{"utility":37.666666666666664,"ID":44},{"utility":49,"ID":75},{"utility":18.333333333333332,"ID":81}],[{"utility":0,"ID":86}],[],[{"utility":0,"ID":26}],[{"utility":0,"ID":8}],[{"utility":43.333333333333336,"ID":63},{"utility":58,"ID":84},{"utility":19.333333333333332,"ID":88},{"utility":70,"ID":93}],[],[{"utility":47,"ID":1},{"utility":36,"ID":56},{"utility":42,"ID":59},{"utility":40.333333333333336,"ID":68}],[{"utility":46,"ID":6},{"utility":31.5,"ID":18},{"utility":8,"ID":34}],[{"utility":89.5,"ID":2},{"utility":51.5,"ID":80},{"utility":79,"ID":87}],[{"utility":0,"ID":82}],[{"utility":35.5,"ID":33},{"utility":34.5,"ID":64},{"utility":22.5,"ID":70}],[{"utility":84.5,"ID":16},{"utility":45.5,"ID":28},{"utility":48.5,"ID":48}],[{"utility":98,"ID":17},{"utility":66,"ID":40}],[],[{"utility":0,"ID":49}],[{"utility":49,"ID":19},{"utility":25,"ID":45}],[{"utility":0,"ID":38}],[{"utility":77,"ID":79},{"utility":70,"ID":91}],[{"utility":37,"ID":35},{"utility":47,"ID":73}],[{"utility":2,"ID":3},{"utility":89.5,"ID":90},{"utility":24,"ID":92}],[{"utility":0,"ID":15}],[{"utility":39.5,"ID":9},{"utility":62.5,"ID":20},{"utility":29,"ID":97}],[{"utility":32.75,"ID":5},{"utility":79.25,"ID":7},{"utility":17.75,"ID":21},{"utility":55,"ID":37},{"utility":21.5,"ID":66}],[],[{"utility":0,"ID":85}],[{"utility":0,"ID":60}],[{"utility":88,"ID":32},{"utility":35,"ID":99}],[{"utility":59.4,"ID":30},{"utility":40.2,"ID":42},{"utility":40,"ID":51},{"utility":59,"ID":53},{"utility":38.4,"ID":61},{"utility":45.4,"ID":62}],[],[{"utility":0,"ID":10}],[{"utility":14,"ID":31},{"utility":20,"ID":77}],[{"utility":45.666666666666664,"ID":13},{"utility":51,"ID":36},{"utility":45,"ID":67},{"utility":25,"ID":98}],[{"utility":0,"ID":43}],[{"utility":55,"ID":11},{"utility":17,"ID":94},{"utility":64,"ID":96},{"utility":8,"ID":100}],[],[],[],[],[],[],[],[],[],[],[],[],[],[],[],[],[],[],[],[],[],[],[],[],[],[],[],[],[],[],[],[],[],[],[],[],[],[],[],[],[],[],[],[],[],[],[],[],[],[],[]],"CORE :":false,"LAST PARTITION":{"88":55,"89":9,"90":35,"91":33,"92":35,"93":20,"94":49,"95":3,"96":49,"97":29,"10":57,"98":47,"11":51,"99":42,"12":46,"13":59,"14":6,"15":59,"16":27,"17":28,"18":23,"19":44,"1":17,"2":29,"3":39,"4":48,"5":53,"6":18,"7":11,"8":56,"9":55,"20":37,"21":57,"22":10,"23":10,"24":45,"25":6,"26":50,"27":15,"28":25,"29":6,"30":43,"31":58,"32":42,"33":8,"34":23,"35":34,"36":47,"37":38,"38":32,"39":5,"40":28,"41":52,"42":43,"43":14,"44":15,"45":21,"46":12,"47":9,"48":27,"49":30,"50":36,"51":48,"52":54,"53":43,"54":2,"55":10,"56":22,"57":1,"58":6,"59":39,"60":41,"61":19,"62":43,"63":20,"64":26,"65":10,"66":38,"67":47,"68":22,"69":9,"70":26,"71":4,"72":10,"73":34,"74":51,"75":46,"76":13,"77":53,"78":7,"79":11,"100":49,"80":24,"81":15,"82":18,"83":56,"84":20,"85":40,"86":16,"87":24}},{"END OF FILE:" : true}]