[{"STARTING PARTITION: ":{"88":19,"89":13,"90":1,"91":34,"92":35,"93":17,"94":34,"95":10,"96":30,"97":33,"10":15,"98":7,"11":43,"99":41,"12":21,"13":26,"14":19,"15":31,"16":43,"17":33,"18":21,"19":34,"1":5,"2":30,"3":10,"4":19,"5":23,"6":25,"7":37,"8":37,"9":33,"20":14,"21":48,"22":42,"23":28,"24":15,"25":23,"26":38,"27":17,"28":45,"29":50,"30":13,"31":27,"32":46,"33":47,"34":12,"35":3,"36":34,"37":28,"38":2,"39":9,"40":40,"41":6,"42":13,"43":43,"44":8,"45":19,"46":20,"47":14,"48":16,"49":34,"50":9,"51":49,"52":34,"53":27,"54":44,"55":32,"56":14,"57":5,"58":41,"59":35,"60":32,"61":3,"62":2,"63":45,"64":17,"65":41,"66":27,"67":37,"68":12,"69":15,"70":1,"71":12,"72":44,"73":33,"74":23,"75":1,"76":50,"77":8,"78":27,"79":18,"100":42,"80":44,"81":3,"82":6,"83":1,"84":45,"85":44,"86":50,"87":41},"Agents":[null,{"utility":97,"ID":1},{"utility":97,"ID":2},{"utility":99,"ID":3},{"utility":99,"ID":4},{"utility":99,"ID":5},{"utility":99,"ID":6},{"utility":98,"ID":7},{"utility":68,"ID":8},{"utility":98,"ID":9},{"utility":92,"ID":10},{"utility":95,"ID":11},{"utility":94,"ID":12},{"utility":92,"ID":13},{"utility":99,"ID":14},{"utility":99,"ID":15},{"utility":98,"ID":16},{"utility":26,"ID":17},{"utility":89,"ID":18},{"utility":0,"ID":19},{"utility":0,"ID":20},{"utility":20,"ID":21},{"utility":6,"ID":22},{"utility":0,"ID":23},{"utility":0,"ID":24},{"utility":0,"ID":25},{"utility":23,"ID":26},{"utility":66,"ID":27},{"utility":27.5,"ID":28},{"utility":19,"ID":29},{"utility":0,"ID":30},{"utility":82,"ID":31},{"utility":11,"ID":32},{"utility":15,"ID":33},{"utility":32.5,"ID":34},{"utility":79,"ID":35},{"utility":76,"ID":36},{"utility":0,"ID":37},{"utility":11,"ID":38},{"utility":88,"ID":39},{"utility":0,"ID":40},{"utility":98,"ID":41},{"utility":0,"ID":42},{"utility":0,"ID":43},{"utility":34,"ID":44},{"utility":86,"ID":45},{"utility":0,"ID":46},{"utility":0,"ID":47},{"utility":22,"ID":48},{"utility":40.666666666666664,"ID":49},{"utility":21,"ID":50},{"utility":0,"ID":51},{"utility":50.666666666666664,"ID":52},{"utility":43,"ID":53},{"utility":44.333333333333336,"ID":54},{"utility":6,"ID":55},{"utility":0,"ID":56},{"utility":0,"ID":57},{"utility":63,"ID":58},{"utility":0,"ID":59},{"utility":8,"ID":60},{"utility":52,"ID":61},{"utility":98,"ID":62},{"utility":29.5,"ID":63},{"utility":0,"ID":64},{"utility":7,"ID":65},{"utility":49.5,"ID":66},{"utility":15,"ID":67},{"utility":18,"ID":68},{"utility":0,"ID":69},{"utility":52,"ID":70},{"utility":50,"ID":71},{"utility":40,"ID":72},{"utility":93,"ID":73},{"utility":0,"ID":74},{"utility":30,"ID":75},{"utility":87,"ID":76},{"utility":50,"ID":77},{"utility":61.5,"ID":78},{"utility":62,"ID":79},{"utility":37,"ID":80},{"utility":0,"ID":81},{"utility":7,"ID":82},{"utility":98,"ID":83},{"utility":25,"ID":84},{"utility":47.666666666666664,"ID":85},{"utility":8,"ID":86},{"utility":0,"ID":87},{"utility":54,"ID":88},{"utility":50,"ID":89},{"utility":10.5,"ID":90},{"utility":64,"ID":91},{"utility":37,"ID":92},{"utility":45,"ID":93},{"utility":43.333333333333336,"ID":94},{"utility":6,"ID":95},{"utility":0,"ID":96},{"utility":52,"ID":97},{"utility":0,"ID":98},{"utility":78,"ID":99},{"utility":67,"ID":100}],"LAST COALITION":[[],[{"utility":52,"ID":70},{"utility":30,"ID":75},{"utility":10.5,"ID":90}],[{"utility":11,"ID":38},{"utility":98,"ID":62}],[{"utility":79,"ID":35},{"utility":52,"ID":61}],[{"utility":0,"ID":37}],[{"utility":0,"ID":57}],[{"utility":98,"ID":41},{"utility":7,"ID":82}],[{"utility":0,"ID":98}],[{"utility":34,"ID":44},{"utility":50,"ID":77}],[{"utility":88,"ID":39},{"utility":21,"ID":50}],[{"utility":15,"ID":33},{"utility":99,"ID":14}],[{"utility":22,"ID":48},{"utility":99,"ID":15}],[{"utility":32.5,"ID":34},{"utility":18,"ID":68},{"utility":50,"ID":71}],[{"utility":0,"ID":42},{"utility":50,"ID":89}],[{"utility":0,"ID":56}],[{"utility":0,"ID":69}],[{"utility":0,"ID":20}],[{"utility":66,"ID":27},{"utility":45,"ID":93}],[{"utility":0,"ID":24}],[{"utility":86,"ID":45},{"utility":54,"ID":88}],[{"utility":0,"ID":46}],[{"utility":76,"ID":36},{"utility":92,"ID":13}],[{"utility":97,"ID":1},{"utility":82,"ID":31}],[{"utility":0,"ID":74}],[{"utility":0,"ID":25}],[],[{"utility":20,"ID":21},{"utility":68,"ID":8}],[{"utility":43,"ID":53},{"utility":49.5,"ID":66},{"utility":61.5,"ID":78}],[{"utility":0,"ID":23}],[{"utility":0,"ID":30}],[{"utility":0,"ID":96}],[{"utility":0,"ID":87}],[{"utility":6,"ID":55},{"utility":8,"ID":60}],[{"utility":93,"ID":73},{"utility":52,"ID":97}],[{"utility":40.666666666666664,"ID":49},{"utility":50.666666666666664,"ID":52},{"utility":64,"ID":91},{"utility":43.333333333333336,"ID":94}],[{"utility":0,"ID":59}],[{"utility":97,"ID":2},{"utility":87,"ID":76}],[{"utility":0,"ID":47}],[{"utility":15,"ID":67},{"utility":95,"ID":11}],[{"utility":11,"ID":32},{"utility":94,"ID":12}],[{"utility":0,"ID":40}],[{"utility":7,"ID":65},{"utility":78,"ID":99}],[{"utility":98,"ID":16},{"utility":63,"ID":58}],[{"utility":0,"ID":43}],[{"utility":44.333333333333336,"ID":54},{"utility":40,"ID":72},{"utility":37,"ID":80},{"utility":47.666666666666664,"ID":85}],[{"utility":27.5,"ID":28},{"utility":29.5,"ID":63},{"utility":25,"ID":84}],[{"utility":99,"ID":3},{"utility":23,"ID":26}],[{"utility":26,"ID":17},{"utility":89,"ID":18}],[{"utility":0,"ID":19}],[{"utility":0,"ID":51}],[{"utility":19,"ID":29},{"utility":8,"ID":86}],[{"utility":98,"ID":9},{"utility":62,"ID":79}],[{"utility":98,"ID":83},{"utility":99,"ID":5}],[{"utility":92,"ID":10},{"utility":6,"ID":95}],[{"utility":99,"ID":6},{"utility":37,"ID":92}],[{"utility":0,"ID":64}],[{"utility":67,"ID":100},{"utility":98,"ID":7}],[{"utility":99,"ID":4},{"utility":6,"ID":22}],[{"utility":0,"ID":81}],[],[],[],[],[],[],[],[],[],[],[],[],[],[],[],[],[],[],[],[],[],[],[],[],[],[],[],[],[],[],[],[],[],[],[],[],[],[],[],[],[],[]],"STARTING COALITION: ":[[null],[{"utility":41.666666666666664,"ID":70},{"utility":51.333333333333336,"ID":75},{"utility":76.33333333333333,"ID":83},{"utility":10.333333333333334,"ID":90}],[{"utility":11,"ID":38},{"utility":98,"ID":62}],[{"utility":83,"ID":35},{"utility":59.5,"ID":61},{"utility":20.5,"ID":81}],[],[{"utility":45,"ID":1},{"utility":63,"ID":57}],[{"utility":98,"ID":41},{"utility":7,"ID":82}],[{"utility":0,"ID":98}],[{"utility":34,"ID":44},{"utility":50,"ID":77}],[{"utility":88,"ID":39},{"utility":21,"ID":50}],[{"utility":0,"ID":3},{"utility":80,"ID":95}],[],[{"utility":32.5,"ID":34},{"utility":18,"ID":68},{"utility":50,"ID":71}],[{"utility":26.5,"ID":30},{"utility":43.5,"ID":42},{"utility":49.5,"ID":89}],[{"utility":49,"ID":20},{"utility":44.5,"ID":47},{"utility":41.5,"ID":56}],[{"utility":32.5,"ID":10},{"utility":7,"ID":24},{"utility":28.5,"ID":69}],[{"utility":0,"ID":48}],[{"utility":60,"ID":27},{"utility":37,"ID":64},{"utility":40.5,"ID":93}],[{"utility":0,"ID":79}],[{"utility":43.666666666666664,"ID":4},{"utility":30,"ID":14},{"utility":60.666666666666664,"ID":45},{"utility":68.66666666666667,"ID":88}],[{"utility":0,"ID":46}],[{"utility":13,"ID":12},{"utility":26,"ID":18}],[],[{"utility":84,"ID":5},{"utility":40.5,"ID":25},{"utility":23.5,"ID":74}],[],[{"utility":0,"ID":6}],[{"utility":0,"ID":13}],[{"utility":6.666666666666667,"ID":31},{"utility":28.666666666666668,"ID":53},{"utility":33,"ID":66},{"utility":47.333333333333336,"ID":78}],[{"utility":65,"ID":23},{"utility":9,"ID":37}],[],[{"utility":11,"ID":2},{"utility":84,"ID":96}],[{"utility":0,"ID":15}],[{"utility":6,"ID":55},{"utility":8,"ID":60}],[{"utility":70.33333333333333,"ID":9},{"utility":25,"ID":17},{"utility":37,"ID":73},{"utility":40.333333333333336,"ID":97}],[{"utility":33.2,"ID":19},{"utility":69,"ID":36},{"utility":41.2,"ID":49},{"utility":31.8,"ID":52},{"utility":62.8,"ID":91},{"utility":46.8,"ID":94}],[{"utility":74,"ID":59},{"utility":17,"ID":92}],[],[{"utility":26,"ID":7},{"utility":56,"ID":8},{"utility":84,"ID":67}],[{"utility":0,"ID":26}],[],[{"utility":0,"ID":40}],[{"utility":62.666666666666664,"ID":58},{"utility":20,"ID":65},{"utility":17.666666666666668,"ID":87},{"utility":65.33333333333333,"ID":99}],[{"utility":50,"ID":22},{"utility":20,"ID":100}],[{"utility":10,"ID":11},{"utility":16.5,"ID":16},{"utility":69,"ID":43}],[{"utility":44.333333333333336,"ID":54},{"utility":40,"ID":72},{"utility":37,"ID":80},{"utility":47.666666666666664,"ID":85}],[{"utility":27.5,"ID":28},{"utility":29.5,"ID":63},{"utility":25,"ID":84}],[{"utility":0,"ID":32}],[{"utility":0,"ID":33}],[{"utility":0,"ID":21}],[{"utility":0,"ID":51}],[{"utility":53.5,"ID":29},{"utility":71.5,"ID":76},{"utility":12,"ID":86}],[],[],[],[],[],[],[],[],[],[],[],[],[],[],[],[],[],[],[],[],[],[],[],[],[],[],[],[],[],[],[],[],[],[],[],[],[],[],[],[],[],[],[],[],[],[],[],[],[],[]],"CORE :":false,"LAST PARTITION":{"88":19,"89":13,"90":1,"91":34,"92":54,"93":17,"94":34,"95":53,"96":30,"97":33,"10":53,"98":7,"11":38,"99":41,"12":39,"13":21,"14":10,"15":11,"16":42,"17":47,"18":47,"19":48,"1":22,"2":36,"3":46,"4":57,"5":52,"6":54,"7":56,"8":26,"9":51,"20":16,"21":26,"22":57,"23":28,"24":18,"25":24,"26":46,"27":17,"28":45,"29":50,"30":29,"31":22,"32":39,"33":10,"34":12,"35":3,"36":21,"37":4,"38":2,"39":9,"40":40,"41":6,"42":13,"43":43,"44":8,"45":19,"46":20,"47":37,"48":11,"49":34,"50":9,"51":49,"52":34,"53":27,"54":44,"55":32,"56":14,"57":5,"58":42,"59":35,"60":32,"61":3,"62":2,"63":45,"64":55,"65":41,"66":27,"67":38,"68":12,"69":15,"70":1,"71":12,"72":44,"73":33,"74":23,"75":1,"76":36,"77":8,"78":27,"79":51,"100":56,"80":44,"81":58,"82":6,"83":52,"84":45,"85":44,"86":50,"87":31}},{"END OF FILE:" : true}]