[{"STARTING PARTITION: ":{"88":36,"89":19,"90":35,"91":27,"92":4,"93":9,"94":36,"95":40,"96":49,"97":24,"10":48,"98":43,"11":42,"99":22,"12":18,"13":3,"14":32,"15":16,"16":18,"17":26,"18":37,"19":17,"1":45,"2":49,"3":9,"4":1,"5":9,"6":27,"7":1,"8":34,"9":36,"20":25,"21":36,"22":19,"23":39,"24":48,"25":43,"26":46,"27":24,"28":10,"29":15,"30":31,"31":11,"32":50,"33":41,"34":48,"35":9,"36":21,"37":11,"38":21,"39":3,"40":41,"41":2,"42":46,"43":16,"44":10,"45":15,"46":38,"47":6,"48":44,"49":32,"50":41,"51":14,"52":16,"53":45,"54":1,"55":31,"56":34,"57":37,"58":5,"59":6,"60":28,"61":47,"62":1,"63":19,"64":43,"65":30,"66":32,"67":2,"68":41,"69":30,"70":40,"71":25,"72":30,"73":50,"74":34,"75":42,"76":15,"77":33,"78":34,"79":41,"100":39,"80":22,"81":15,"82":45,"83":39,"84":8,"85":24,"86":22,"87":25},"Agents":[null,{"utility":98,"ID":1},{"utility":98,"ID":2},{"utility":97,"ID":3},{"utility":98,"ID":4},{"utility":96,"ID":5},{"utility":98,"ID":6},{"utility":98,"ID":7},{"utility":15,"ID":8},{"utility":96,"ID":9},{"utility":72.5,"ID":10},{"utility":63,"ID":11},{"utility":90,"ID":12},{"utility":40,"ID":13},{"utility":0,"ID":14},{"utility":91,"ID":15},{"utility":90,"ID":16},{"utility":0,"ID":17},{"utility":73,"ID":18},{"utility":84,"ID":19},{"utility":80,"ID":20},{"utility":97,"ID":21},{"utility":0,"ID":22},{"utility":36,"ID":23},{"utility":71,"ID":24},{"utility":50,"ID":25},{"utility":49,"ID":26},{"utility":60.5,"ID":27},{"utility":16,"ID":28},{"utility":47.333333333333336,"ID":29},{"utility":82,"ID":30},{"utility":74,"ID":31},{"utility":2,"ID":32},{"utility":36.75,"ID":33},{"utility":64.5,"ID":34},{"utility":73,"ID":35},{"utility":95,"ID":36},{"utility":6,"ID":37},{"utility":21,"ID":38},{"utility":0,"ID":39},{"utility":64.5,"ID":40},{"utility":40,"ID":41},{"utility":0,"ID":42},{"utility":95,"ID":43},{"utility":28,"ID":44},{"utility":41,"ID":45},{"utility":0,"ID":46},{"utility":36,"ID":47},{"utility":0,"ID":48},{"utility":0,"ID":49},{"utility":63.5,"ID":50},{"utility":0,"ID":51},{"utility":0,"ID":52},{"utility":67,"ID":53},{"utility":98,"ID":54},{"utility":89,"ID":55},{"utility":0,"ID":56},{"utility":34,"ID":57},{"utility":0,"ID":58},{"utility":46,"ID":59},{"utility":0,"ID":60},{"utility":0,"ID":61},{"utility":67,"ID":62},{"utility":29,"ID":63},{"utility":66,"ID":64},{"utility":24.5,"ID":65},{"utility":0,"ID":66},{"utility":99,"ID":67},{"utility":44.25,"ID":68},{"utility":37.5,"ID":69},{"utility":47,"ID":70},{"utility":87,"ID":71},{"utility":24.5,"ID":72},{"utility":85,"ID":73},{"utility":71,"ID":74},{"utility":0,"ID":75},{"utility":43,"ID":76},{"utility":0,"ID":77},{"utility":33,"ID":78},{"utility":24.25,"ID":79},{"utility":17.5,"ID":80},{"utility":39,"ID":81},{"utility":66,"ID":82},{"utility":33.5,"ID":83},{"utility":0,"ID":84},{"utility":11.5,"ID":85},{"utility":21,"ID":86},{"utility":89,"ID":87},{"utility":86,"ID":88},{"utility":0,"ID":89},{"utility":0,"ID":90},{"utility":0,"ID":91},{"utility":0,"ID":92},{"utility":67,"ID":93},{"utility":80,"ID":94},{"utility":29,"ID":95},{"utility":0,"ID":96},{"utility":88.5,"ID":97},{"utility":50.5,"ID":98},{"utility":66.5,"ID":99},{"utility":33,"ID":100}],"LAST COALITION":[[],[{"utility":98,"ID":54},{"utility":67,"ID":62}],[{"utility":40,"ID":41},{"utility":99,"ID":67}],[{"utility":0,"ID":39}],[{"utility":0,"ID":92}],[{"utility":0,"ID":58}],[{"utility":36,"ID":47},{"utility":46,"ID":59}],[{"utility":84,"ID":19},{"utility":96,"ID":9}],[{"utility":0,"ID":84}],[{"utility":73,"ID":35},{"utility":67,"ID":93}],[{"utility":16,"ID":28},{"utility":28,"ID":44}],[{"utility":74,"ID":31},{"utility":6,"ID":37}],[],[{"utility":98,"ID":1},{"utility":82,"ID":30}],[{"utility":0,"ID":51}],[{"utility":47.333333333333336,"ID":29},{"utility":41,"ID":45},{"utility":43,"ID":76},{"utility":39,"ID":81}],[{"utility":91,"ID":15},{"utility":0,"ID":52}],[{"utility":0,"ID":22}],[{"utility":90,"ID":12},{"utility":90,"ID":16}],[{"utility":29,"ID":63},{"utility":0,"ID":89}],[{"utility":15,"ID":8},{"utility":63,"ID":11}],[{"utility":95,"ID":36},{"utility":21,"ID":38}],[{"utility":17.5,"ID":80},{"utility":21,"ID":86},{"utility":66.5,"ID":99}],[{"utility":96,"ID":5},{"utility":71,"ID":74}],[{"utility":60.5,"ID":27},{"utility":11.5,"ID":85},{"utility":88.5,"ID":97}],[{"utility":87,"ID":71},{"utility":89,"ID":87}],[{"utility":98,"ID":4},{"utility":95,"ID":43}],[{"utility":0,"ID":91}],[{"utility":0,"ID":60}],[{"utility":0,"ID":14}],[{"utility":24.5,"ID":65},{"utility":37.5,"ID":69},{"utility":24.5,"ID":72}],[{"utility":98,"ID":6},{"utility":40,"ID":13}],[{"utility":0,"ID":49}],[{"utility":0,"ID":77}],[{"utility":0,"ID":56},{"utility":33,"ID":78}],[{"utility":0,"ID":90}],[{"utility":97,"ID":21},{"utility":86,"ID":88}],[{"utility":73,"ID":18},{"utility":34,"ID":57}],[{"utility":98,"ID":2},{"utility":80,"ID":94}],[{"utility":36,"ID":23},{"utility":33.5,"ID":83},{"utility":33,"ID":100}],[{"utility":47,"ID":70},{"utility":29,"ID":95}],[{"utility":36.75,"ID":33},{"utility":64.5,"ID":40},{"utility":63.5,"ID":50},{"utility":44.25,"ID":68},{"utility":24.25,"ID":79}],[{"utility":0,"ID":75}],[{"utility":50,"ID":25},{"utility":66,"ID":64},{"utility":50.5,"ID":98}],[{"utility":0,"ID":48}],[{"utility":67,"ID":53},{"utility":66,"ID":82}],[{"utility":49,"ID":26},{"utility":0,"ID":42}],[{"utility":0,"ID":61}],[{"utility":72.5,"ID":10},{"utility":71,"ID":24},{"utility":64.5,"ID":34}],[{"utility":0,"ID":96}],[{"utility":2,"ID":32},{"utility":85,"ID":73}],[{"utility":0,"ID":46}],[{"utility":0,"ID":17}],[{"utility":0,"ID":66}],[],[{"utility":98,"ID":7},{"utility":89,"ID":55}],[{"utility":97,"ID":3},{"utility":80,"ID":20}],[],[],[],[],[],[],[],[],[],[],[],[],[],[],[],[],[],[],[],[],[],[],[],[],[],[],[],[],[],[],[],[],[],[],[],[],[],[],[],[],[],[],[],[]],"STARTING COALITION: ":[[null],[{"utility":26.333333333333332,"ID":4},{"utility":21,"ID":7},{"utility":61,"ID":54},{"utility":55.333333333333336,"ID":62}],[{"utility":40,"ID":41},{"utility":99,"ID":67}],[{"utility":33,"ID":13},{"utility":0,"ID":39}],[{"utility":0,"ID":92}],[{"utility":0,"ID":58}],[{"utility":36,"ID":47},{"utility":46,"ID":59}],[],[{"utility":0,"ID":84}],[{"utility":57.666666666666664,"ID":3},{"utility":56.666666666666664,"ID":5},{"utility":52.333333333333336,"ID":35},{"utility":48,"ID":93}],[{"utility":16,"ID":28},{"utility":28,"ID":44}],[{"utility":74,"ID":31},{"utility":6,"ID":37}],[],[],[{"utility":0,"ID":51}],[{"utility":47.333333333333336,"ID":29},{"utility":41,"ID":45},{"utility":43,"ID":76},{"utility":39,"ID":81}],[{"utility":85.5,"ID":15},{"utility":29.5,"ID":43},{"utility":48,"ID":52}],[{"utility":0,"ID":19}],[{"utility":90,"ID":12},{"utility":90,"ID":16}],[{"utility":49.5,"ID":22},{"utility":38.5,"ID":63},{"utility":18.5,"ID":89}],[],[{"utility":95,"ID":36},{"utility":21,"ID":38}],[{"utility":17.5,"ID":80},{"utility":21,"ID":86},{"utility":66.5,"ID":99}],[],[{"utility":60.5,"ID":27},{"utility":11.5,"ID":85},{"utility":88.5,"ID":97}],[{"utility":14,"ID":20},{"utility":55.5,"ID":71},{"utility":85.5,"ID":87}],[{"utility":0,"ID":17}],[{"utility":0,"ID":6},{"utility":12,"ID":91}],[{"utility":0,"ID":60}],[],[{"utility":24.5,"ID":65},{"utility":37.5,"ID":69},{"utility":24.5,"ID":72}],[{"utility":60,"ID":30},{"utility":31,"ID":55}],[{"utility":73,"ID":14},{"utility":79,"ID":49},{"utility":46.5,"ID":66}],[{"utility":0,"ID":77}],[{"utility":32,"ID":8},{"utility":31,"ID":56},{"utility":52.333333333333336,"ID":74},{"utility":71.33333333333333,"ID":78}],[{"utility":0,"ID":90}],[{"utility":33.666666666666664,"ID":9},{"utility":38.666666666666664,"ID":21},{"utility":70.66666666666667,"ID":88},{"utility":59.666666666666664,"ID":94}],[{"utility":73,"ID":18},{"utility":34,"ID":57}],[{"utility":0,"ID":46}],[{"utility":36,"ID":23},{"utility":33.5,"ID":83},{"utility":33,"ID":100}],[{"utility":47,"ID":70},{"utility":29,"ID":95}],[{"utility":36.75,"ID":33},{"utility":64.5,"ID":40},{"utility":63.5,"ID":50},{"utility":44.25,"ID":68},{"utility":24.25,"ID":79}],[{"utility":4,"ID":11},{"utility":91,"ID":75}],[{"utility":50,"ID":25},{"utility":66,"ID":64},{"utility":50.5,"ID":98}],[{"utility":0,"ID":48}],[{"utility":59.5,"ID":1},{"utility":41,"ID":53},{"utility":41,"ID":82}],[{"utility":49,"ID":26},{"utility":0,"ID":42}],[{"utility":0,"ID":61}],[{"utility":72.5,"ID":10},{"utility":71,"ID":24},{"utility":64.5,"ID":34}],[{"utility":43,"ID":2},{"utility":13,"ID":96}],[{"utility":2,"ID":32},{"utility":85,"ID":73}],[],[],[],[],[],[],[],[],[],[],[],[],[],[],[],[],[],[],[],[],[],[],[],[],[],[],[],[],[],[],[],[],[],[],[],[],[],[],[],[],[],[],[],[],[],[],[],[],[],[]],"CORE :":false,"LAST PARTITION":{"88":36,"89":19,"90":35,"91":27,"92":4,"93":9,"94":38,"95":40,"96":49,"97":24,"10":48,"98":43,"11":20,"99":22,"12":18,"13":31,"14":29,"15":16,"16":18,"17":52,"18":37,"19":7,"1":13,"2":38,"3":56,"4":26,"5":23,"6":31,"7":55,"8":20,"9":7,"20":56,"21":36,"22":17,"23":39,"24":48,"25":43,"26":46,"27":24,"28":10,"29":15,"30":13,"31":11,"32":50,"33":41,"34":48,"35":9,"36":21,"37":11,"38":21,"39":3,"40":41,"41":2,"42":46,"43":26,"44":10,"45":15,"46":51,"47":6,"48":44,"49":32,"50":41,"51":14,"52":16,"53":45,"54":1,"55":55,"56":34,"57":37,"58":5,"59":6,"60":28,"61":47,"62":1,"63":19,"64":43,"65":30,"66":53,"67":2,"68":41,"69":30,"70":40,"71":25,"72":30,"73":50,"74":23,"75":42,"76":15,"77":33,"78":34,"79":41,"100":39,"80":22,"81":15,"82":45,"83":39,"84":8,"85":24,"86":22,"87":25}},{"END OF FILE:" : true}]