[{"STARTING PARTITION: ":{"88":18,"89":46,"90":50,"91":49,"92":45,"93":45,"94":49,"95":38,"96":11,"97":45,"10":40,"98":29,"11":20,"99":44,"12":30,"13":30,"14":42,"15":14,"16":11,"17":1,"18":5,"19":38,"1":41,"2":33,"3":12,"4":13,"5":24,"6":49,"7":27,"8":34,"9":26,"20":36,"21":9,"22":1,"23":39,"24":14,"25":3,"26":18,"27":16,"28":21,"29":38,"30":21,"31":4,"32":43,"33":27,"34":46,"35":3,"36":29,"37":7,"38":5,"39":9,"40":46,"41":48,"42":1,"43":35,"44":31,"45":15,"46":44,"47":14,"48":41,"49":24,"50":8,"51":39,"52":36,"53":48,"54":21,"55":8,"56":11,"57":41,"58":30,"59":5,"60":25,"61":40,"62":35,"63":8,"64":2,"65":5,"66":33,"67":33,"68":37,"69":9,"70":24,"71":26,"72":13,"73":46,"74":30,"75":26,"76":32,"77":14,"78":50,"79":49,"100":29,"80":30,"81":25,"82":9,"83":16,"84":13,"85":17,"86":29,"87":11},"Agents":[null,{"utility":98,"ID":1},{"utility":0,"ID":2},{"utility":95,"ID":3},{"utility":99,"ID":4},{"utility":98,"ID":5},{"utility":98,"ID":6},{"utility":99,"ID":7},{"utility":99,"ID":8},{"utility":97,"ID":9},{"utility":99,"ID":10},{"utility":98,"ID":11},{"utility":99,"ID":12},{"utility":99,"ID":13},{"utility":88,"ID":14},{"utility":96,"ID":15},{"utility":98,"ID":16},{"utility":98,"ID":17},{"utility":98,"ID":18},{"utility":99,"ID":19},{"utility":97,"ID":20},{"utility":97,"ID":21},{"utility":88,"ID":22},{"utility":11,"ID":23},{"utility":44,"ID":24},{"utility":0,"ID":25},{"utility":0,"ID":26},{"utility":48,"ID":27},{"utility":79,"ID":28},{"utility":37,"ID":29},{"utility":65,"ID":30},{"utility":0,"ID":31},{"utility":81,"ID":32},{"utility":12,"ID":33},{"utility":0,"ID":34},{"utility":78,"ID":35},{"utility":0,"ID":36},{"utility":0,"ID":37},{"utility":30,"ID":38},{"utility":15,"ID":39},{"utility":46,"ID":40},{"utility":0,"ID":41},{"utility":0,"ID":42},{"utility":0,"ID":43},{"utility":0,"ID":44},{"utility":0,"ID":45},{"utility":33,"ID":46},{"utility":0,"ID":47},{"utility":90,"ID":48},{"utility":0,"ID":49},{"utility":0,"ID":50},{"utility":0,"ID":51},{"utility":0,"ID":52},{"utility":70,"ID":53},{"utility":0,"ID":54},{"utility":99,"ID":55},{"utility":32,"ID":56},{"utility":86,"ID":57},{"utility":85,"ID":58},{"utility":45.5,"ID":59},{"utility":53,"ID":60},{"utility":0,"ID":61},{"utility":0,"ID":62},{"utility":89,"ID":63},{"utility":48,"ID":64},{"utility":24.5,"ID":65},{"utility":28,"ID":66},{"utility":0,"ID":67},{"utility":0,"ID":68},{"utility":0,"ID":69},{"utility":90,"ID":70},{"utility":91,"ID":71},{"utility":10,"ID":72},{"utility":97,"ID":73},{"utility":41,"ID":74},{"utility":74,"ID":75},{"utility":0,"ID":76},{"utility":43,"ID":77},{"utility":76,"ID":78},{"utility":53,"ID":79},{"utility":0,"ID":80},{"utility":84,"ID":81},{"utility":52,"ID":82},{"utility":0,"ID":83},{"utility":72,"ID":84},{"utility":0,"ID":85},{"utility":61.5,"ID":86},{"utility":44.5,"ID":87},{"utility":95,"ID":88},{"utility":26,"ID":89},{"utility":0,"ID":90},{"utility":16,"ID":91},{"utility":44,"ID":92},{"utility":59,"ID":93},{"utility":77,"ID":94},{"utility":39,"ID":95},{"utility":54.5,"ID":96},{"utility":9,"ID":97},{"utility":34.5,"ID":98},{"utility":76,"ID":99},{"utility":80.5,"ID":100}],"LAST COALITION":[[],[{"utility":0,"ID":42}],[{"utility":98,"ID":18},{"utility":88,"ID":22}],[{"utility":81,"ID":32},{"utility":99,"ID":7}],[{"utility":0,"ID":25}],[{"utility":30,"ID":38},{"utility":45.5,"ID":59},{"utility":24.5,"ID":65}],[{"utility":99,"ID":10},{"utility":33,"ID":46}],[{"utility":98,"ID":16},{"utility":44,"ID":24}],[{"utility":99,"ID":55},{"utility":89,"ID":63}],[{"utility":15,"ID":39},{"utility":0,"ID":69}],[{"utility":12,"ID":33},{"utility":99,"ID":8}],[{"utility":32,"ID":56},{"utility":44.5,"ID":87},{"utility":54.5,"ID":96}],[{"utility":0,"ID":50}],[{"utility":10,"ID":72},{"utility":72,"ID":84}],[{"utility":0,"ID":47}],[{"utility":0,"ID":45}],[{"utility":0,"ID":83}],[{"utility":0,"ID":85}],[{"utility":0,"ID":37}],[{"utility":0,"ID":26}],[{"utility":0,"ID":43}],[{"utility":79,"ID":28},{"utility":65,"ID":30}],[{"utility":76,"ID":99},{"utility":98,"ID":5}],[{"utility":98,"ID":1},{"utility":41,"ID":74}],[{"utility":0,"ID":49}],[{"utility":53,"ID":60},{"utility":84,"ID":81}],[{"utility":91,"ID":71},{"utility":74,"ID":75}],[{"utility":0,"ID":31}],[{"utility":99,"ID":19},{"utility":59,"ID":93}],[{"utility":61.5,"ID":86},{"utility":34.5,"ID":98},{"utility":80.5,"ID":100}],[{"utility":0,"ID":80}],[{"utility":0,"ID":44}],[{"utility":0,"ID":76}],[{"utility":28,"ID":66},{"utility":0,"ID":67}],[{"utility":48,"ID":64},{"utility":96,"ID":15}],[{"utility":0,"ID":62}],[{"utility":0,"ID":52}],[{"utility":0,"ID":68}],[{"utility":37,"ID":29},{"utility":39,"ID":95}],[],[{"utility":0,"ID":61}],[{"utility":90,"ID":48},{"utility":86,"ID":57}],[{"utility":48,"ID":27},{"utility":99,"ID":13}],[{"utility":0,"ID":34}],[{"utility":70,"ID":53},{"utility":98,"ID":11}],[{"utility":44,"ID":92},{"utility":9,"ID":97}],[{"utility":46,"ID":40},{"utility":26,"ID":89}],[{"utility":78,"ID":35},{"utility":97,"ID":9}],[{"utility":0,"ID":41}],[{"utility":53,"ID":79},{"utility":16,"ID":91}],[{"utility":76,"ID":78},{"utility":0,"ID":90}],[{"utility":99,"ID":4},{"utility":43,"ID":77}],[{"utility":52,"ID":82},{"utility":98,"ID":6}],[{"utility":0,"ID":36}],[{"utility":0,"ID":2}],[{"utility":0,"ID":54}],[{"utility":95,"ID":3},{"utility":95,"ID":88}],[{"utility":85,"ID":58},{"utility":88,"ID":14}],[{"utility":0,"ID":51}],[{"utility":97,"ID":73},{"utility":99,"ID":12}],[{"utility":98,"ID":17},{"utility":90,"ID":70}],[{"utility":97,"ID":20},{"utility":77,"ID":94}],[{"utility":97,"ID":21},{"utility":11,"ID":23}],[],[],[],[],[],[],[],[],[],[],[],[],[],[],[],[],[],[],[],[],[],[],[],[],[],[],[],[],[],[],[],[],[],[],[],[],[],[]],"STARTING COALITION: ":[[null],[{"utility":39.5,"ID":17},{"utility":52.5,"ID":22},{"utility":57.5,"ID":42}],[{"utility":0,"ID":64}],[{"utility":56,"ID":25},{"utility":1,"ID":35}],[{"utility":0,"ID":31}],[{"utility":68,"ID":18},{"utility":24.666666666666668,"ID":38},{"utility":38,"ID":59},{"utility":29,"ID":65}],[],[{"utility":0,"ID":37}],[{"utility":31.5,"ID":50},{"utility":53,"ID":55},{"utility":86,"ID":63}],[{"utility":11.666666666666666,"ID":21},{"utility":21.666666666666668,"ID":39},{"utility":28.666666666666668,"ID":69},{"utility":26.333333333333332,"ID":82}],[],[{"utility":46.666666666666664,"ID":16},{"utility":40.333333333333336,"ID":56},{"utility":32.333333333333336,"ID":87},{"utility":49.333333333333336,"ID":96}],[{"utility":0,"ID":3}],[{"utility":65,"ID":4},{"utility":54.5,"ID":72},{"utility":46.5,"ID":84}],[{"utility":24.666666666666668,"ID":15},{"utility":64.33333333333333,"ID":24},{"utility":43,"ID":47},{"utility":40,"ID":77}],[{"utility":0,"ID":45}],[{"utility":2,"ID":27},{"utility":64,"ID":83}],[{"utility":0,"ID":85}],[{"utility":11,"ID":26},{"utility":34,"ID":88}],[],[{"utility":0,"ID":11}],[{"utility":78,"ID":28},{"utility":55,"ID":30},{"utility":36.5,"ID":54}],[],[],[{"utility":40,"ID":5},{"utility":51,"ID":49},{"utility":52.5,"ID":70}],[{"utility":53,"ID":60},{"utility":84,"ID":81}],[{"utility":50.5,"ID":9},{"utility":78.5,"ID":71},{"utility":40.5,"ID":75}],[{"utility":35,"ID":7},{"utility":74,"ID":33}],[],[{"utility":53,"ID":36},{"utility":42,"ID":86},{"utility":27.333333333333332,"ID":98},{"utility":68.66666666666667,"ID":100}],[{"utility":43,"ID":12},{"utility":46,"ID":13},{"utility":28.25,"ID":58},{"utility":32,"ID":74},{"utility":72.25,"ID":80}],[{"utility":0,"ID":44}],[{"utility":0,"ID":76}],[{"utility":46.5,"ID":2},{"utility":60,"ID":66},{"utility":19,"ID":67}],[{"utility":0,"ID":8}],[{"utility":3,"ID":43},{"utility":29,"ID":62}],[{"utility":2,"ID":20},{"utility":27,"ID":52}],[{"utility":0,"ID":68}],[{"utility":14,"ID":19},{"utility":35,"ID":29},{"utility":57,"ID":95}],[{"utility":85,"ID":23},{"utility":7,"ID":51}],[{"utility":63,"ID":10},{"utility":54,"ID":61}],[{"utility":23,"ID":1},{"utility":74,"ID":48},{"utility":50,"ID":57}],[{"utility":0,"ID":14}],[{"utility":0,"ID":32}],[{"utility":28,"ID":46},{"utility":2,"ID":99}],[{"utility":59.5,"ID":92},{"utility":54.5,"ID":93},{"utility":26,"ID":97}],[{"utility":36.333333333333336,"ID":34},{"utility":49.666666666666664,"ID":40},{"utility":39.666666666666664,"ID":73},{"utility":45.666666666666664,"ID":89}],[],[{"utility":70,"ID":41},{"utility":0,"ID":53}],[{"utility":46,"ID":6},{"utility":25,"ID":79},{"utility":13,"ID":91},{"utility":55.666666666666664,"ID":94}],[{"utility":76,"ID":78},{"utility":0,"ID":90}],[],[],[],[],[],[],[],[],[],[],[],[],[],[],[],[],[],[],[],[],[],[],[],[],[],[],[],[],[],[],[],[],[],[],[],[],[],[],[],[],[],[],[],[],[],[],[],[],[],[]],"CORE :":false,"LAST PARTITION":{"88":56,"89":46,"90":50,"91":49,"92":45,"93":28,"94":61,"95":38,"96":11,"97":45,"10":6,"98":29,"11":44,"99":22,"12":59,"13":42,"14":57,"15":34,"16":7,"17":60,"18":2,"19":28,"1":23,"2":54,"3":56,"4":51,"5":22,"6":52,"7":3,"8":10,"9":47,"20":61,"21":62,"22":2,"23":62,"24":7,"25":4,"26":19,"27":42,"28":21,"29":38,"30":21,"31":27,"32":3,"33":10,"34":43,"35":47,"36":53,"37":18,"38":5,"39":9,"40":46,"41":48,"42":1,"43":20,"44":31,"45":15,"46":6,"47":14,"48":41,"49":24,"50":12,"51":58,"52":36,"53":44,"54":55,"55":8,"56":11,"57":41,"58":57,"59":5,"60":25,"61":40,"62":35,"63":8,"64":34,"65":5,"66":33,"67":33,"68":37,"69":9,"70":60,"71":26,"72":13,"73":59,"74":23,"75":26,"76":32,"77":51,"78":50,"79":49,"100":29,"80":30,"81":25,"82":52,"83":16,"84":13,"85":17,"86":29,"87":11}},{"END OF FILE:" : true}]