[{"STARTING PARTITION: ":{"88":49,"89":9,"90":32,"91":40,"92":1,"93":33,"94":42,"95":6,"96":21,"97":7,"10":37,"98":27,"11":28,"99":42,"12":46,"13":7,"14":39,"15":21,"16":32,"17":22,"18":4,"19":35,"1":1,"2":50,"3":33,"4":43,"5":4,"6":40,"7":38,"8":50,"9":48,"20":41,"21":3,"22":3,"23":32,"24":27,"25":46,"26":1,"27":41,"28":15,"29":29,"30":21,"31":35,"32":11,"33":11,"34":44,"35":27,"36":49,"37":29,"38":32,"39":37,"40":46,"41":25,"42":40,"43":44,"44":31,"45":22,"46":42,"47":45,"48":40,"49":15,"50":32,"51":26,"52":39,"53":15,"54":30,"55":13,"56":19,"57":39,"58":23,"59":1,"60":29,"61":39,"62":10,"63":40,"64":32,"65":47,"66":35,"67":18,"68":46,"69":23,"70":4,"71":34,"72":48,"73":33,"74":41,"75":26,"76":36,"77":11,"78":36,"79":24,"100":11,"80":38,"81":25,"82":45,"83":21,"84":27,"85":10,"86":45,"87":37},"Agents":[null,{"utility":98,"ID":1},{"utility":98,"ID":2},{"utility":89,"ID":3},{"utility":99,"ID":4},{"utility":99,"ID":5},{"utility":96,"ID":6},{"utility":97,"ID":7},{"utility":98,"ID":8},{"utility":99,"ID":9},{"utility":98,"ID":10},{"utility":98,"ID":11},{"utility":97,"ID":12},{"utility":0,"ID":13},{"utility":99,"ID":14},{"utility":98,"ID":15},{"utility":99,"ID":16},{"utility":98,"ID":17},{"utility":96,"ID":18},{"utility":99,"ID":19},{"utility":99,"ID":20},{"utility":99,"ID":21},{"utility":95,"ID":22},{"utility":99,"ID":23},{"utility":48,"ID":24},{"utility":0,"ID":25},{"utility":75,"ID":26},{"utility":67,"ID":27},{"utility":0,"ID":28},{"utility":0,"ID":29},{"utility":71,"ID":30},{"utility":92,"ID":31},{"utility":76,"ID":32},{"utility":55.5,"ID":33},{"utility":13,"ID":34},{"utility":86,"ID":35},{"utility":70,"ID":36},{"utility":22,"ID":37},{"utility":0,"ID":38},{"utility":89,"ID":39},{"utility":49,"ID":40},{"utility":0,"ID":41},{"utility":47.666666666666664,"ID":42},{"utility":0,"ID":43},{"utility":0,"ID":44},{"utility":0,"ID":45},{"utility":0,"ID":46},{"utility":66,"ID":47},{"utility":41.333333333333336,"ID":48},{"utility":47,"ID":49},{"utility":0,"ID":50},{"utility":0,"ID":51},{"utility":37,"ID":52},{"utility":0,"ID":53},{"utility":75,"ID":54},{"utility":93,"ID":55},{"utility":0,"ID":56},{"utility":34.5,"ID":57},{"utility":93,"ID":58},{"utility":44,"ID":59},{"utility":32,"ID":60},{"utility":33,"ID":61},{"utility":51,"ID":62},{"utility":83.33333333333333,"ID":63},{"utility":39,"ID":64},{"utility":18,"ID":65},{"utility":0,"ID":66},{"utility":31,"ID":67},{"utility":0,"ID":68},{"utility":96,"ID":69},{"utility":0,"ID":70},{"utility":0,"ID":71},{"utility":0,"ID":72},{"utility":62,"ID":73},{"utility":59,"ID":74},{"utility":0,"ID":75},{"utility":52,"ID":76},{"utility":36.5,"ID":77},{"utility":92,"ID":78},{"utility":46,"ID":79},{"utility":68,"ID":80},{"utility":13,"ID":81},{"utility":69,"ID":82},{"utility":0,"ID":83},{"utility":6,"ID":84},{"utility":2,"ID":85},{"utility":31,"ID":86},{"utility":0,"ID":87},{"utility":0,"ID":88},{"utility":76,"ID":89},{"utility":88,"ID":90},{"utility":38.666666666666664,"ID":91},{"utility":29,"ID":92},{"utility":54,"ID":93},{"utility":45,"ID":94},{"utility":0,"ID":95},{"utility":92,"ID":96},{"utility":99,"ID":97},{"utility":0,"ID":98},{"utility":32,"ID":99},{"utility":37.5,"ID":100}],"LAST COALITION":[[],[{"utility":44,"ID":59},{"utility":29,"ID":92}],[{"utility":0,"ID":51}],[{"utility":99,"ID":21},{"utility":92,"ID":31}],[{"utility":0,"ID":70}],[{"utility":18,"ID":65},{"utility":99,"ID":23}],[{"utility":0,"ID":95}],[{"utility":0,"ID":13}],[{"utility":0,"ID":46}],[{"utility":0,"ID":38}],[{"utility":51,"ID":62},{"utility":2,"ID":85}],[{"utility":55.5,"ID":33},{"utility":36.5,"ID":77},{"utility":37.5,"ID":100}],[{"utility":92,"ID":96},{"utility":98,"ID":8}],[{"utility":86,"ID":35},{"utility":95,"ID":22}],[{"utility":96,"ID":6},{"utility":89,"ID":39}],[{"utility":0,"ID":53}],[{"utility":99,"ID":97},{"utility":98,"ID":2}],[{"utility":99,"ID":20},{"utility":66,"ID":47}],[{"utility":0,"ID":25}],[{"utility":99,"ID":19},{"utility":49,"ID":40}],[{"utility":13,"ID":81},{"utility":99,"ID":14}],[{"utility":0,"ID":83}],[{"utility":0,"ID":45}],[{"utility":93,"ID":58},{"utility":96,"ID":69}],[{"utility":0,"ID":28}],[{"utility":0,"ID":41}],[{"utility":0,"ID":75}],[{"utility":0,"ID":98}],[{"utility":97,"ID":7},{"utility":76,"ID":89}],[{"utility":22,"ID":37},{"utility":32,"ID":60}],[{"utility":0,"ID":43}],[{"utility":68,"ID":80},{"utility":96,"ID":18}],[{"utility":39,"ID":64},{"utility":88,"ID":90}],[{"utility":62,"ID":73},{"utility":54,"ID":93}],[{"utility":0,"ID":71}],[{"utility":0,"ID":66}],[{"utility":52,"ID":76},{"utility":92,"ID":78}],[{"utility":0,"ID":87}],[{"utility":98,"ID":17},{"utility":47,"ID":49}],[{"utility":37,"ID":52},{"utility":34.5,"ID":57},{"utility":33,"ID":61}],[{"utility":47.666666666666664,"ID":42},{"utility":41.333333333333336,"ID":48},{"utility":83.33333333333333,"ID":63},{"utility":38.666666666666664,"ID":91}],[{"utility":67,"ID":27},{"utility":59,"ID":74}],[{"utility":45,"ID":94},{"utility":32,"ID":99}],[{"utility":0,"ID":50}],[{"utility":31,"ID":86},{"utility":98,"ID":10}],[{"utility":69,"ID":82},{"utility":99,"ID":9}],[{"utility":0,"ID":68}],[{"utility":48,"ID":24},{"utility":75,"ID":26}],[],[{"utility":70,"ID":36},{"utility":0,"ID":88}],[{"utility":99,"ID":4},{"utility":71,"ID":30}],[{"utility":98,"ID":1},{"utility":6,"ID":84}],[{"utility":99,"ID":5},{"utility":93,"ID":55}],[{"utility":0,"ID":72}],[{"utility":31,"ID":67},{"utility":98,"ID":11}],[{"utility":0,"ID":29}],[{"utility":76,"ID":32},{"utility":98,"ID":15}],[],[{"utility":0,"ID":56}],[{"utility":99,"ID":16},{"utility":75,"ID":54}],[],[{"utility":0,"ID":44}],[{"utility":89,"ID":3},{"utility":46,"ID":79}],[],[{"utility":13,"ID":34},{"utility":97,"ID":12}],[],[],[],[],[],[],[],[],[],[],[],[],[],[],[],[],[],[],[],[],[],[],[],[],[],[],[],[],[],[],[],[],[],[],[],[]],"STARTING COALITION: ":[[null],[{"utility":24.666666666666668,"ID":1},{"utility":24,"ID":26},{"utility":16.333333333333332,"ID":59},{"utility":34.666666666666664,"ID":92}],[],[{"utility":93,"ID":21},{"utility":51,"ID":22}],[{"utility":43,"ID":5},{"utility":60.5,"ID":18},{"utility":58.5,"ID":70}],[],[{"utility":0,"ID":95}],[{"utility":29,"ID":13},{"utility":68,"ID":97}],[],[{"utility":0,"ID":89}],[{"utility":51,"ID":62},{"utility":2,"ID":85}],[{"utility":17.666666666666668,"ID":32},{"utility":57.666666666666664,"ID":33},{"utility":54,"ID":77},{"utility":30.666666666666668,"ID":100}],[],[{"utility":0,"ID":55}],[],[{"utility":54,"ID":28},{"utility":45,"ID":49},{"utility":14,"ID":53}],[],[],[{"utility":0,"ID":67}],[{"utility":0,"ID":56}],[],[{"utility":72,"ID":15},{"utility":42.666666666666664,"ID":30},{"utility":40.666666666666664,"ID":83},{"utility":61,"ID":96}],[{"utility":20,"ID":17},{"utility":57,"ID":45}],[{"utility":93,"ID":58},{"utility":96,"ID":69}],[{"utility":0,"ID":79}],[{"utility":4,"ID":41},{"utility":0,"ID":81}],[{"utility":41,"ID":51},{"utility":15,"ID":75}],[{"utility":21.666666666666668,"ID":24},{"utility":45.666666666666664,"ID":35},{"utility":20.333333333333332,"ID":84},{"utility":74.33333333333333,"ID":98}],[{"utility":0,"ID":11}],[{"utility":31.5,"ID":29},{"utility":50.5,"ID":37},{"utility":34,"ID":60}],[{"utility":0,"ID":54}],[{"utility":0,"ID":44}],[{"utility":44.2,"ID":16},{"utility":24.2,"ID":23},{"utility":40.2,"ID":38},{"utility":40,"ID":50},{"utility":40.4,"ID":64},{"utility":42.4,"ID":90}],[{"utility":68.5,"ID":3},{"utility":39.5,"ID":73},{"utility":29.5,"ID":93}],[{"utility":0,"ID":71}],[{"utility":30,"ID":19},{"utility":27.5,"ID":31},{"utility":22.5,"ID":66}],[{"utility":52,"ID":76},{"utility":92,"ID":78}],[{"utility":58.5,"ID":10},{"utility":54,"ID":39},{"utility":30,"ID":87}],[{"utility":28,"ID":7},{"utility":15,"ID":80}],[{"utility":9,"ID":14},{"utility":56.333333333333336,"ID":52},{"utility":38,"ID":57},{"utility":39.333333333333336,"ID":61}],[{"utility":38.75,"ID":6},{"utility":40.5,"ID":42},{"utility":53.25,"ID":48},{"utility":68.25,"ID":63},{"utility":50.25,"ID":91}],[{"utility":70.5,"ID":20},{"utility":58.5,"ID":27},{"utility":47.5,"ID":74}],[{"utility":49.5,"ID":46},{"utility":31.5,"ID":94},{"utility":64.5,"ID":99}],[{"utility":0,"ID":4}],[{"utility":25,"ID":34},{"utility":9,"ID":43}],[{"utility":58.5,"ID":47},{"utility":22.5,"ID":82},{"utility":36.5,"ID":86}],[{"utility":47,"ID":12},{"utility":44,"ID":25},{"utility":38.666666666666664,"ID":40},{"utility":48.666666666666664,"ID":68}],[{"utility":0,"ID":65}],[{"utility":26,"ID":9},{"utility":63,"ID":72}],[{"utility":70,"ID":36},{"utility":0,"ID":88}],[{"utility":99,"ID":2},{"utility":15,"ID":8}],[],[],[],[],[],[],[],[],[],[],[],[],[],[],[],[],[],[],[],[],[],[],[],[],[],[],[],[],[],[],[],[],[],[],[],[],[],[],[],[],[],[],[],[],[],[],[],[],[],[]],"CORE :":false,"LAST PARTITION":{"88":49,"89":28,"90":32,"91":40,"92":1,"93":33,"94":42,"95":6,"96":12,"97":16,"10":44,"98":27,"11":54,"99":42,"12":64,"13":7,"14":20,"15":56,"16":59,"17":38,"18":31,"19":19,"1":51,"2":16,"3":62,"4":50,"5":52,"6":14,"7":28,"8":12,"9":45,"20":17,"21":3,"22":13,"23":5,"24":47,"25":18,"26":47,"27":41,"28":24,"29":55,"30":50,"31":3,"32":56,"33":11,"34":64,"35":13,"36":49,"37":29,"38":9,"39":14,"40":19,"41":25,"42":40,"43":30,"44":61,"45":22,"46":8,"47":17,"48":40,"49":38,"50":43,"51":2,"52":39,"53":15,"54":59,"55":52,"56":58,"57":39,"58":23,"59":1,"60":29,"61":39,"62":10,"63":40,"64":32,"65":5,"66":35,"67":54,"68":46,"69":23,"70":4,"71":34,"72":53,"73":33,"74":41,"75":26,"76":36,"77":11,"78":36,"79":62,"100":11,"80":31,"81":20,"82":45,"83":21,"84":51,"85":10,"86":44,"87":37}},{"END OF FILE:" : true}]