[{"STARTING PARTITION: ":{"88":10,"89":9,"90":18,"91":44,"92":4,"93":6,"94":15,"95":14,"96":40,"97":3,"10":32,"98":25,"11":38,"99":33,"12":45,"13":33,"14":15,"15":44,"16":16,"17":27,"18":45,"19":38,"1":13,"2":28,"3":19,"4":47,"5":2,"6":21,"7":24,"8":32,"9":6,"20":14,"21":9,"22":38,"23":24,"24":20,"25":50,"26":22,"27":36,"28":21,"29":33,"30":14,"31":22,"32":15,"33":43,"34":18,"35":45,"36":41,"37":4,"38":47,"39":30,"40":33,"41":1,"42":28,"43":1,"44":12,"45":30,"46":5,"47":29,"48":47,"49":29,"50":19,"51":6,"52":20,"53":15,"54":19,"55":44,"56":15,"57":30,"58":40,"59":28,"60":24,"61":27,"62":24,"63":26,"64":27,"65":31,"66":36,"67":49,"68":2,"69":36,"70":3,"71":32,"72":20,"73":1,"74":7,"75":29,"76":1,"77":46,"78":47,"79":16,"100":31,"80":38,"81":29,"82":50,"83":20,"84":37,"85":33,"86":36,"87":47},"Agents":[null,{"utility":99,"ID":1},{"utility":95,"ID":2},{"utility":99,"ID":3},{"utility":97,"ID":4},{"utility":90,"ID":5},{"utility":96,"ID":6},{"utility":97,"ID":7},{"utility":98,"ID":8},{"utility":98,"ID":9},{"utility":99,"ID":10},{"utility":97,"ID":11},{"utility":99,"ID":12},{"utility":99,"ID":13},{"utility":95,"ID":14},{"utility":99,"ID":15},{"utility":92,"ID":16},{"utility":98,"ID":17},{"utility":44,"ID":18},{"utility":0,"ID":19},{"utility":76,"ID":20},{"utility":0,"ID":21},{"utility":0,"ID":22},{"utility":0,"ID":23},{"utility":0,"ID":24},{"utility":91,"ID":25},{"utility":0,"ID":26},{"utility":92,"ID":27},{"utility":0,"ID":28},{"utility":0,"ID":29},{"utility":0,"ID":30},{"utility":0,"ID":31},{"utility":99,"ID":32},{"utility":0,"ID":33},{"utility":0,"ID":34},{"utility":89,"ID":35},{"utility":79,"ID":36},{"utility":0,"ID":37},{"utility":52.333333333333336,"ID":38},{"utility":42.5,"ID":39},{"utility":0,"ID":40},{"utility":0,"ID":41},{"utility":90,"ID":42},{"utility":25,"ID":43},{"utility":0,"ID":44},{"utility":16,"ID":45},{"utility":9,"ID":46},{"utility":79,"ID":47},{"utility":18,"ID":48},{"utility":0,"ID":49},{"utility":47,"ID":50},{"utility":57,"ID":51},{"utility":20.5,"ID":52},{"utility":52,"ID":53},{"utility":0,"ID":54},{"utility":48,"ID":55},{"utility":6.5,"ID":56},{"utility":35,"ID":57},{"utility":68,"ID":58},{"utility":45,"ID":59},{"utility":60,"ID":60},{"utility":45,"ID":61},{"utility":49,"ID":62},{"utility":0,"ID":63},{"utility":0,"ID":64},{"utility":67,"ID":65},{"utility":60,"ID":66},{"utility":0,"ID":67},{"utility":0,"ID":68},{"utility":99,"ID":69},{"utility":90,"ID":70},{"utility":56,"ID":71},{"utility":57.5,"ID":72},{"utility":14,"ID":73},{"utility":0,"ID":74},{"utility":21.5,"ID":75},{"utility":0,"ID":76},{"utility":0,"ID":77},{"utility":57.333333333333336,"ID":78},{"utility":0,"ID":79},{"utility":0,"ID":80},{"utility":9.5,"ID":81},{"utility":83,"ID":82},{"utility":48.5,"ID":83},{"utility":87,"ID":84},{"utility":30,"ID":85},{"utility":33,"ID":86},{"utility":69,"ID":87},{"utility":0,"ID":88},{"utility":0,"ID":89},{"utility":0,"ID":90},{"utility":23,"ID":91},{"utility":57,"ID":92},{"utility":46,"ID":93},{"utility":88,"ID":94},{"utility":59,"ID":95},{"utility":0,"ID":96},{"utility":83,"ID":97},{"utility":0,"ID":98},{"utility":0,"ID":99},{"utility":66,"ID":100}],"LAST COALITION":[[],[{"utility":0,"ID":76}],[{"utility":0,"ID":68}],[{"utility":90,"ID":70},{"utility":83,"ID":97}],[{"utility":0,"ID":37}],[{"utility":0,"ID":41}],[{"utility":57,"ID":51},{"utility":46,"ID":93}],[{"utility":0,"ID":74}],[{"utility":30,"ID":85},{"utility":97,"ID":11}],[{"utility":0,"ID":89}],[{"utility":0,"ID":88}],[{"utility":0,"ID":33}],[{"utility":0,"ID":44}],[{"utility":97,"ID":7},{"utility":25,"ID":43}],[{"utility":76,"ID":20},{"utility":59,"ID":95}],[{"utility":52,"ID":53},{"utility":6.5,"ID":56},{"utility":88,"ID":94}],[{"utility":0,"ID":79}],[{"utility":99,"ID":1},{"utility":87,"ID":84}],[{"utility":0,"ID":90}],[{"utility":98,"ID":17},{"utility":57,"ID":92}],[{"utility":20.5,"ID":52},{"utility":57.5,"ID":72},{"utility":48.5,"ID":83}],[{"utility":0,"ID":30}],[{"utility":0,"ID":19}],[{"utility":90,"ID":42},{"utility":99,"ID":13}],[{"utility":60,"ID":60},{"utility":49,"ID":62}],[{"utility":0,"ID":49}],[{"utility":0,"ID":63}],[{"utility":45,"ID":61},{"utility":0,"ID":64}],[{"utility":92,"ID":16},{"utility":92,"ID":27}],[{"utility":79,"ID":47},{"utility":21.5,"ID":75},{"utility":9.5,"ID":81}],[{"utility":42.5,"ID":39},{"utility":16,"ID":45},{"utility":35,"ID":57}],[{"utility":67,"ID":65},{"utility":66,"ID":100}],[{"utility":79,"ID":36},{"utility":95,"ID":14}],[{"utility":0,"ID":40}],[{"utility":0,"ID":54}],[{"utility":89,"ID":35},{"utility":97,"ID":4}],[{"utility":60,"ID":66},{"utility":99,"ID":69}],[{"utility":0,"ID":26}],[{"utility":0,"ID":80}],[{"utility":99,"ID":3},{"utility":14,"ID":73}],[{"utility":0,"ID":96}],[{"utility":44,"ID":18},{"utility":90,"ID":5}],[{"utility":0,"ID":34}],[{"utility":0,"ID":29}],[{"utility":48,"ID":55},{"utility":23,"ID":91}],[{"utility":47,"ID":50},{"utility":99,"ID":12}],[{"utility":0,"ID":77}],[{"utility":52.333333333333336,"ID":38},{"utility":18,"ID":48},{"utility":57.333333333333336,"ID":78},{"utility":69,"ID":87}],[{"utility":0,"ID":28}],[{"utility":0,"ID":67}],[{"utility":91,"ID":25},{"utility":83,"ID":82}],[{"utility":98,"ID":8},{"utility":45,"ID":59}],[{"utility":0,"ID":99}],[{"utility":95,"ID":2},{"utility":56,"ID":71}],[{"utility":0,"ID":21}],[{"utility":99,"ID":10},{"utility":9,"ID":46}],[{"utility":0,"ID":22}],[{"utility":99,"ID":32},{"utility":98,"ID":9}],[{"utility":0,"ID":31}],[{"utility":96,"ID":6},{"utility":33,"ID":86}],[{"utility":0,"ID":24}],[{"utility":68,"ID":58},{"utility":99,"ID":15}],[],[{"utility":0,"ID":23}],[{"utility":0,"ID":98}],[],[],[],[],[],[],[],[],[],[],[],[],[],[],[],[],[],[],[],[],[],[],[],[],[],[],[],[],[],[],[],[],[],[],[],[]],"STARTING COALITION: ":[[null],[{"utility":51.333333333333336,"ID":41},{"utility":4,"ID":43},{"utility":3,"ID":73},{"utility":47,"ID":76}],[{"utility":0,"ID":5},{"utility":26,"ID":68}],[{"utility":90,"ID":70},{"utility":83,"ID":97}],[{"utility":36,"ID":37},{"utility":0,"ID":92}],[{"utility":0,"ID":46}],[{"utility":25,"ID":9},{"utility":33.5,"ID":51},{"utility":33,"ID":93}],[{"utility":0,"ID":74}],[],[{"utility":51,"ID":21},{"utility":95,"ID":89}],[{"utility":0,"ID":88}],[],[{"utility":0,"ID":44}],[{"utility":0,"ID":1}],[{"utility":73,"ID":20},{"utility":57.5,"ID":30},{"utility":57.5,"ID":95}],[{"utility":54,"ID":14},{"utility":22.75,"ID":32},{"utility":46.25,"ID":53},{"utility":44.75,"ID":56},{"utility":66.75,"ID":94}],[{"utility":28,"ID":16},{"utility":53,"ID":79}],[],[{"utility":0,"ID":34},{"utility":77,"ID":90}],[{"utility":31,"ID":3},{"utility":68.5,"ID":50},{"utility":23.5,"ID":54}],[{"utility":32.333333333333336,"ID":24},{"utility":23.666666666666668,"ID":52},{"utility":39,"ID":72},{"utility":63.666666666666664,"ID":83}],[{"utility":22,"ID":6},{"utility":98,"ID":28}],[{"utility":11,"ID":26},{"utility":56,"ID":31}],[],[{"utility":32.666666666666664,"ID":7},{"utility":33,"ID":23},{"utility":62.666666666666664,"ID":60},{"utility":29,"ID":62}],[{"utility":0,"ID":98}],[{"utility":0,"ID":63}],[{"utility":92.5,"ID":17},{"utility":50,"ID":61},{"utility":33.5,"ID":64}],[{"utility":31.5,"ID":2},{"utility":23,"ID":42},{"utility":61,"ID":59}],[{"utility":74.33333333333333,"ID":47},{"utility":52.333333333333336,"ID":49},{"utility":43.666666666666664,"ID":75},{"utility":26.666666666666668,"ID":81}],[{"utility":42.5,"ID":39},{"utility":16,"ID":45},{"utility":35,"ID":57}],[{"utility":67,"ID":65},{"utility":66,"ID":100}],[{"utility":89.5,"ID":8},{"utility":39.5,"ID":10},{"utility":68.5,"ID":71}],[{"utility":57.75,"ID":13},{"utility":39.75,"ID":29},{"utility":33.25,"ID":40},{"utility":31.25,"ID":85},{"utility":29.75,"ID":99}],[],[],[{"utility":64,"ID":27},{"utility":31,"ID":66},{"utility":44.333333333333336,"ID":69},{"utility":42.333333333333336,"ID":86}],[{"utility":0,"ID":84}],[{"utility":71.66666666666667,"ID":11},{"utility":48,"ID":19},{"utility":62.666666666666664,"ID":22},{"utility":65.33333333333333,"ID":80}],[],[{"utility":27,"ID":58},{"utility":39,"ID":96}],[{"utility":0,"ID":36}],[],[{"utility":0,"ID":33}],[{"utility":70.5,"ID":15},{"utility":68.5,"ID":55},{"utility":24,"ID":91}],[{"utility":51.5,"ID":12},{"utility":66,"ID":18},{"utility":58,"ID":35}],[{"utility":0,"ID":77}],[{"utility":55,"ID":4},{"utility":61,"ID":38},{"utility":25.5,"ID":48},{"utility":62,"ID":78},{"utility":51.75,"ID":87}],[],[{"utility":0,"ID":67}],[{"utility":91,"ID":25},{"utility":83,"ID":82}],[],[],[],[],[],[],[],[],[],[],[],[],[],[],[],[],[],[],[],[],[],[],[],[],[],[],[],[],[],[],[],[],[],[],[],[],[],[],[],[],[],[],[],[],[],[],[],[],[],[]],"CORE :":false,"LAST PARTITION":{"88":10,"89":9,"90":18,"91":44,"92":19,"93":6,"94":15,"95":14,"96":40,"97":3,"10":55,"98":64,"11":8,"99":52,"12":45,"13":23,"14":32,"15":61,"16":28,"17":19,"18":41,"19":22,"1":17,"2":53,"3":39,"4":35,"5":41,"6":59,"7":13,"8":51,"9":57,"20":14,"21":54,"22":56,"23":63,"24":60,"25":50,"26":37,"27":28,"28":48,"29":43,"30":21,"31":58,"32":57,"33":11,"34":42,"35":35,"36":32,"37":4,"38":47,"39":30,"40":33,"41":5,"42":23,"43":13,"44":12,"45":30,"46":55,"47":29,"48":47,"49":25,"50":45,"51":6,"52":20,"53":15,"54":34,"55":44,"56":15,"57":30,"58":61,"59":51,"60":24,"61":27,"62":24,"63":26,"64":27,"65":31,"66":36,"67":49,"68":2,"69":36,"70":3,"71":53,"72":20,"73":39,"74":7,"75":29,"76":1,"77":46,"78":47,"79":16,"100":31,"80":38,"81":29,"82":50,"83":20,"84":17,"85":8,"86":59,"87":47}},{"END OF FILE:" : true}]