[{"STARTING PARTITION: ":{"88":33,"89":12,"90":20,"91":37,"92":40,"93":25,"94":17,"95":18,"96":27,"97":11,"10":20,"98":21,"11":47,"99":44,"12":38,"13":49,"14":18,"15":46,"16":4,"17":40,"18":17,"19":1,"1":24,"2":46,"3":21,"4":25,"5":21,"6":22,"7":43,"8":16,"9":45,"20":26,"21":12,"22":22,"23":47,"24":36,"25":35,"26":48,"27":28,"28":39,"29":6,"30":15,"31":49,"32":10,"33":4,"34":43,"35":40,"36":5,"37":4,"38":32,"39":15,"40":28,"41":43,"42":19,"43":35,"44":44,"45":2,"46":15,"47":49,"48":17,"49":46,"50":13,"51":6,"52":23,"53":43,"54":2,"55":16,"56":37,"57":43,"58":36,"59":28,"60":17,"61":14,"62":32,"63":11,"64":30,"65":47,"66":7,"67":28,"68":4,"69":14,"70":2,"71":23,"72":17,"73":45,"74":16,"75":43,"76":28,"77":33,"78":1,"79":50,"100":30,"80":49,"81":29,"82":28,"83":7,"84":14,"85":5,"86":24,"87":26},"Agents":[null,{"utility":98,"ID":1},{"utility":78,"ID":2},{"utility":86,"ID":3},{"utility":88,"ID":4},{"utility":96,"ID":5},{"utility":99,"ID":6},{"utility":99,"ID":7},{"utility":97,"ID":8},{"utility":95,"ID":9},{"utility":99,"ID":10},{"utility":81,"ID":11},{"utility":64,"ID":12},{"utility":98,"ID":13},{"utility":85,"ID":14},{"utility":99,"ID":15},{"utility":98,"ID":16},{"utility":95,"ID":17},{"utility":96,"ID":18},{"utility":90,"ID":19},{"utility":99,"ID":20},{"utility":17,"ID":21},{"utility":43,"ID":22},{"utility":0,"ID":23},{"utility":0,"ID":24},{"utility":81,"ID":25},{"utility":0,"ID":26},{"utility":29,"ID":27},{"utility":0,"ID":28},{"utility":0,"ID":29},{"utility":62.5,"ID":30},{"utility":12.5,"ID":31},{"utility":0,"ID":32},{"utility":0,"ID":33},{"utility":0,"ID":34},{"utility":0,"ID":35},{"utility":84,"ID":36},{"utility":0,"ID":37},{"utility":0,"ID":38},{"utility":58,"ID":39},{"utility":83,"ID":40},{"utility":0,"ID":41},{"utility":28,"ID":42},{"utility":74,"ID":43},{"utility":0,"ID":44},{"utility":82,"ID":45},{"utility":2,"ID":46},{"utility":50,"ID":47},{"utility":91,"ID":48},{"utility":0,"ID":49},{"utility":0,"ID":50},{"utility":0,"ID":51},{"utility":45,"ID":52},{"utility":0,"ID":53},{"utility":47,"ID":54},{"utility":0,"ID":55},{"utility":17,"ID":56},{"utility":0,"ID":57},{"utility":32,"ID":58},{"utility":0,"ID":59},{"utility":29,"ID":60},{"utility":49.5,"ID":61},{"utility":39,"ID":62},{"utility":0,"ID":63},{"utility":0,"ID":64},{"utility":0,"ID":65},{"utility":0,"ID":66},{"utility":46,"ID":67},{"utility":0,"ID":68},{"utility":46,"ID":69},{"utility":0,"ID":70},{"utility":0,"ID":71},{"utility":0,"ID":72},{"utility":0,"ID":73},{"utility":73,"ID":74},{"utility":52.5,"ID":75},{"utility":83,"ID":76},{"utility":74,"ID":77},{"utility":26,"ID":78},{"utility":0,"ID":79},{"utility":0,"ID":80},{"utility":0,"ID":81},{"utility":82,"ID":82},{"utility":0,"ID":83},{"utility":0,"ID":84},{"utility":64,"ID":85},{"utility":0,"ID":86},{"utility":10,"ID":87},{"utility":49,"ID":88},{"utility":69,"ID":89},{"utility":0,"ID":90},{"utility":0,"ID":91},{"utility":62,"ID":92},{"utility":0,"ID":93},{"utility":53,"ID":94},{"utility":0,"ID":95},{"utility":0,"ID":96},{"utility":0,"ID":97},{"utility":89,"ID":98},{"utility":0,"ID":99},{"utility":0,"ID":100}],"LAST COALITION":[[],[{"utility":0,"ID":33}],[{"utility":86,"ID":3},{"utility":83,"ID":40}],[{"utility":0,"ID":28}],[{"utility":0,"ID":68}],[{"utility":88,"ID":4},{"utility":45,"ID":52}],[{"utility":98,"ID":16},{"utility":69,"ID":89}],[{"utility":0,"ID":66},{"utility":0,"ID":83}],[{"utility":0,"ID":32}],[{"utility":0,"ID":50}],[{"utility":0,"ID":51}],[{"utility":0,"ID":97}],[{"utility":0,"ID":23}],[{"utility":64,"ID":12},{"utility":53,"ID":94}],[{"utility":49.5,"ID":61},{"utility":46,"ID":69},{"utility":0,"ID":84}],[{"utility":62.5,"ID":30},{"utility":58,"ID":39},{"utility":2,"ID":46}],[{"utility":0,"ID":55}],[{"utility":0,"ID":72}],[{"utility":0,"ID":63}],[{"utility":99,"ID":10},{"utility":28,"ID":42}],[{"utility":0,"ID":90}],[{"utility":0,"ID":34}],[{"utility":0,"ID":71}],[{"utility":99,"ID":20},{"utility":83,"ID":76}],[{"utility":0,"ID":86}],[{"utility":0,"ID":93}],[{"utility":0,"ID":95}],[{"utility":0,"ID":96}],[{"utility":29,"ID":27},{"utility":0,"ID":59}],[{"utility":0,"ID":81}],[{"utility":0,"ID":64},{"utility":0,"ID":100}],[{"utility":98,"ID":1},{"utility":73,"ID":74}],[{"utility":0,"ID":38}],[{"utility":74,"ID":77},{"utility":49,"ID":88}],[{"utility":89,"ID":98},{"utility":99,"ID":6}],[{"utility":81,"ID":25},{"utility":74,"ID":43}],[{"utility":0,"ID":24},{"utility":32,"ID":58}],[{"utility":0,"ID":91}],[{"utility":46,"ID":67},{"utility":99,"ID":7}],[{"utility":17,"ID":21},{"utility":43,"ID":22}],[{"utility":0,"ID":35},{"utility":62,"ID":92}],[{"utility":78,"ID":2},{"utility":10,"ID":87}],[{"utility":82,"ID":82},{"utility":90,"ID":19}],[{"utility":0,"ID":53},{"utility":0,"ID":57},{"utility":52.5,"ID":75}],[{"utility":0,"ID":99}],[{"utility":0,"ID":73}],[{"utility":0,"ID":49}],[{"utility":0,"ID":65}],[{"utility":0,"ID":37}],[{"utility":12.5,"ID":31},{"utility":50,"ID":47},{"utility":0,"ID":80}],[{"utility":0,"ID":79}],[],[{"utility":0,"ID":26}],[{"utility":0,"ID":29}],[{"utility":96,"ID":5},{"utility":47,"ID":54}],[{"utility":0,"ID":44}],[{"utility":82,"ID":45},{"utility":85,"ID":14}],[{"utility":97,"ID":8},{"utility":17,"ID":56}],[{"utility":95,"ID":17},{"utility":29,"ID":60}],[{"utility":81,"ID":11},{"utility":39,"ID":62}],[{"utility":91,"ID":48},{"utility":98,"ID":13}],[{"utility":0,"ID":70}],[{"utility":0,"ID":41}],[{"utility":64,"ID":85},{"utility":99,"ID":15}],[{"utility":84,"ID":36},{"utility":95,"ID":9}],[],[{"utility":96,"ID":18},{"utility":26,"ID":78}],[],[],[],[],[],[],[],[],[],[],[],[],[],[],[],[],[],[],[],[],[],[],[],[],[],[],[],[],[],[],[],[],[],[]],"STARTING COALITION: ":[[null],[{"utility":89,"ID":19},{"utility":0,"ID":78}],[{"utility":39.5,"ID":45},{"utility":0,"ID":54},{"utility":25.5,"ID":70}],[],[{"utility":25.333333333333332,"ID":16},{"utility":60,"ID":33},{"utility":17.333333333333332,"ID":37},{"utility":8.333333333333334,"ID":68}],[{"utility":97,"ID":36},{"utility":0,"ID":85}],[{"utility":0,"ID":29},{"utility":0,"ID":51}],[{"utility":0,"ID":66},{"utility":0,"ID":83}],[],[],[{"utility":0,"ID":32}],[{"utility":0,"ID":63},{"utility":0,"ID":97}],[{"utility":28,"ID":21},{"utility":0,"ID":89}],[{"utility":0,"ID":50}],[{"utility":49.5,"ID":61},{"utility":46,"ID":69},{"utility":0,"ID":84}],[{"utility":62.5,"ID":30},{"utility":58,"ID":39},{"utility":2,"ID":46}],[{"utility":14,"ID":8},{"utility":7.5,"ID":55},{"utility":0,"ID":74}],[{"utility":54.5,"ID":18},{"utility":18.5,"ID":48},{"utility":40.25,"ID":60},{"utility":27.25,"ID":72},{"utility":33.75,"ID":94}],[{"utility":58,"ID":14},{"utility":0,"ID":95}],[{"utility":0,"ID":42}],[{"utility":88,"ID":10},{"utility":53,"ID":90}],[{"utility":38.5,"ID":3},{"utility":41.5,"ID":5},{"utility":29.5,"ID":98}],[{"utility":0,"ID":6},{"utility":33,"ID":22}],[{"utility":0,"ID":52},{"utility":0,"ID":71}],[{"utility":45,"ID":1},{"utility":0,"ID":86}],[{"utility":0,"ID":4},{"utility":0,"ID":93}],[{"utility":18,"ID":20},{"utility":0,"ID":87}],[{"utility":0,"ID":96}],[{"utility":33,"ID":27},{"utility":4,"ID":40},{"utility":5,"ID":59},{"utility":60.4,"ID":67},{"utility":23,"ID":76},{"utility":10.2,"ID":82}],[{"utility":0,"ID":81}],[{"utility":0,"ID":64},{"utility":0,"ID":100}],[],[{"utility":0,"ID":38},{"utility":0,"ID":62}],[{"utility":74,"ID":77},{"utility":49,"ID":88}],[],[{"utility":81,"ID":25},{"utility":74,"ID":43}],[{"utility":0,"ID":24},{"utility":32,"ID":58}],[{"utility":0,"ID":56},{"utility":0,"ID":91}],[{"utility":0,"ID":12}],[{"utility":0,"ID":28}],[{"utility":0,"ID":17},{"utility":0,"ID":35},{"utility":31,"ID":92}],[],[],[{"utility":28.8,"ID":7},{"utility":17.8,"ID":34},{"utility":55.8,"ID":41},{"utility":4.6,"ID":53},{"utility":13.2,"ID":57},{"utility":39.6,"ID":75}],[{"utility":0,"ID":44},{"utility":34,"ID":99}],[{"utility":0,"ID":9},{"utility":0,"ID":73}],[{"utility":26,"ID":2},{"utility":44,"ID":15},{"utility":33.5,"ID":49}],[{"utility":24.5,"ID":11},{"utility":0,"ID":23},{"utility":24.5,"ID":65}],[{"utility":0,"ID":26}],[{"utility":27.666666666666668,"ID":13},{"utility":8.333333333333334,"ID":31},{"utility":45.666666666666664,"ID":47},{"utility":21,"ID":80}],[{"utility":0,"ID":79}],[],[],[],[],[],[],[],[],[],[],[],[],[],[],[],[],[],[],[],[],[],[],[],[],[],[],[],[],[],[],[],[],[],[],[],[],[],[],[],[],[],[],[],[],[],[],[],[],[],[]],"CORE :":false,"LAST PARTITION":{"88":33,"89":6,"90":20,"91":37,"92":40,"93":25,"94":13,"95":26,"96":27,"97":11,"10":19,"98":34,"11":59,"99":44,"12":13,"13":60,"14":56,"15":63,"16":6,"17":58,"18":66,"19":42,"1":31,"2":41,"3":2,"4":5,"5":54,"6":34,"7":38,"8":57,"9":64,"20":23,"21":39,"22":39,"23":12,"24":36,"25":35,"26":52,"27":28,"28":3,"29":53,"30":15,"31":49,"32":8,"33":1,"34":21,"35":40,"36":64,"37":48,"38":32,"39":15,"40":2,"41":62,"42":19,"43":35,"44":55,"45":56,"46":15,"47":49,"48":60,"49":46,"50":9,"51":10,"52":5,"53":43,"54":54,"55":16,"56":57,"57":43,"58":36,"59":28,"60":58,"61":14,"62":59,"63":18,"64":30,"65":47,"66":7,"67":38,"68":4,"69":14,"70":61,"71":22,"72":17,"73":45,"74":31,"75":43,"76":23,"77":33,"78":66,"79":50,"100":30,"80":49,"81":29,"82":42,"83":7,"84":14,"85":63,"86":24,"87":41}},{"END OF FILE:" : true}]