[{"STARTING PARTITION: ":{"1":1,"2":2,"3":2,"4":2,"5":3,"6":3},"Agents":[null,{"utility":18,"ID":1},{"utility":95,"ID":2},{"utility":40,"ID":3},{"utility":58,"ID":4},{"utility":80,"ID":5},{"utility":81,"ID":6}],"LAST COALITION":[[],[{"utility":40,"ID":3},{"utility":58,"ID":4}],[{"utility":18,"ID":1},{"utility":80,"ID":5}],[],[],[{"utility":95,"ID":2},{"utility":81,"ID":6}],[]],"STARTING COALITION: ":[[null],[{"utility":0,"ID":1}],[{"utility":54,"ID":2},{"utility":58,"ID":3},{"utility":69,"ID":4}],[{"utility":17,"ID":5},{"utility":97,"ID":6}],[],[],[]],"CORE :":true,"LAST PARTITION":{"1":2,"2":5,"3":1,"4":1,"5":2,"6":5}},{"STARTING PARTITION: ":{"1":2,"2":2,"3":2,"4":3,"5":3,"6":2},"Agents":[null,{"utility":18,"ID":1},{"utility":95,"ID":2},{"utility":40,"ID":3},{"utility":58,"ID":4},{"utility":80,"ID":5},{"utility":81,"ID":6}],"LAST COALITION":[[],[{"utility":40,"ID":3},{"utility":58,"ID":4}],[{"utility":18,"ID":1},{"utility":80,"ID":5}],[],[{"utility":95,"ID":2},{"utility":81,"ID":6}],[],[]],"STARTING COALITION: ":[[null],[],[{"utility":65.66666666666667,"ID":1},{"utility":64,"ID":2},{"utility":40.666666666666664,"ID":3},{"utility":67.33333333333333,"ID":6}],[{"utility":88,"ID":4},{"utility":3,"ID":5}],[],[],[]],"CORE :":true,"LAST PARTITION":{"1":2,"2":4,"3":1,"4":1,"5":2,"6":4}},{"STARTING PARTITION: ":{"1":3,"2":1,"3":1,"4":1,"5":2,"6":2},"Agents":[null,{"utility":18,"ID":1},{"utility":95,"ID":2},{"utility":40,"ID":3},{"utility":58,"ID":4},{"utility":80,"ID":5},{"utility":81,"ID":6}],"LAST COALITION":[[],[{"utility":18,"ID":1},{"utility":80,"ID":5}],[{"utility":40,"ID":3},{"utility":58,"ID":4}],[],[],[{"utility":95,"ID":2},{"utility":81,"ID":6}],[]],"STARTING COALITION: ":[[null],[{"utility":54,"ID":2},{"utility":58,"ID":3},{"utility":69,"ID":4}],[{"utility":17,"ID":5},{"utility":97,"ID":6}],[{"utility":0,"ID":1}],[],[],[]],"CORE :":true,"LAST PARTITION":{"1":1,"2":5,"3":2,"4":2,"5":1,"6":5}},{"STARTING PARTITION: ":{"1":3,"2":2,"3":2,"4":2,"5":3,"6":2},"Agents":[null,{"utility":18,"ID":1},{"utility":95,"ID":2},{"utility":40,"ID":3},{"utility":58,"ID":4},{"utility":80,"ID":5},{"utility":81,"ID":6}],"LAST COALITION":[[],[{"utility":40,"ID":3},{"utility":58,"ID":4}],[{"utility":18,"ID":1},{"utility":80,"ID":5}],[],[],[{"utility":95,"ID":2},{"utility":81,"ID":6}],[]],"STARTING COALITION: ":[[null],[],[{"utility":67.66666666666667,"ID":2},{"utility":44.333333333333336,"ID":3},{"utility":77.66666666666667,"ID":4},{"utility":52.333333333333336,"ID":6}],[{"utility":18,"ID":1},{"utility":80,"ID":5}],[],[],[]],"CORE :":true,"LAST PARTITION":{"1":2,"2":5,"3":1,"4":1,"5":2,"6":5}},{"STARTING PARTITION: ":{"1":1,"2":1,"3":3,"4":1,"5":1,"6":2},"Agents":[null,{"utility":18,"ID":1},{"utility":95,"ID":2},{"utility":40,"ID":3},{"utility":58,"ID":4},{"utility":80,"ID":5},{"utility":81,"ID":6}],"LAST COALITION":[[],[{"utility":18,"ID":1},{"utility":80,"ID":5}],[{"utility":95,"ID":2},{"utility":81,"ID":6}],[{"utility":40,"ID":3},{"utility":58,"ID":4}],[],[],[]],"STARTING COALITION: ":[[null],[{"utility":23,"ID":1},{"utility":31,"ID":2},{"utility":69,"ID":4},{"utility":29,"ID":5}],[{"utility":0,"ID":6}],[{"utility":0,"ID":3}],[],[],[]],"CORE :":true,"LAST PARTITION":{"1":1,"2":2,"3":3,"4":3,"5":1,"6":2}},{"STARTING PARTITION: ":{"1":1,"2":1,"3":3,"4":2,"5":1,"6":3},"Agents":[null,{"utility":18,"ID":1},{"utility":95,"ID":2},{"utility":40,"ID":3},{"utility":58,"ID":4},{"utility":80,"ID":5},{"utility":81,"ID":6}],"LAST COALITION":[[],[{"utility":40,"ID":3},{"utility":58,"ID":4}],[],[{"utility":95,"ID":2},{"utility":81,"ID":6}],[{"utility":18,"ID":1},{"utility":80,"ID":5}],[],[]],"STARTING COALITION: ":[[null],[{"utility":31,"ID":1},{"utility":27,"ID":2},{"utility":42,"ID":5}],[{"utility":0,"ID":4}],[{"utility":17,"ID":3},{"utility":57,"ID":6}],[],[],[]],"CORE :":true,"LAST PARTITION":{"1":4,"2":3,"3":1,"4":1,"5":4,"6":3}},{"STARTING PARTITION: ":{"1":2,"2":1,"3":1,"4":3,"5":3,"6":1},"Agents":[null,{"utility":18,"ID":1},{"utility":95,"ID":2},{"utility":40,"ID":3},{"utility":58,"ID":4},{"utility":80,"ID":5},{"utility":81,"ID":6}],"LAST COALITION":[[],[{"utility":40,"ID":3},{"utility":58,"ID":4}],[{"utility":95,"ID":2},{"utility":81,"ID":6}],[{"utility":18,"ID":1},{"utility":80,"ID":5}],[],[],[]],"STARTING COALITION: ":[[null],[{"utility":82,"ID":2},{"utility":46.5,"ID":3},{"utility":69,"ID":6}],[{"utility":0,"ID":1}],[{"utility":88,"ID":4},{"utility":3,"ID":5}],[],[],[]],"CORE :":true,"LAST PARTITION":{"1":3,"2":2,"3":1,"4":1,"5":3,"6":2}},{"STARTING PARTITION: ":{"1":2,"2":3,"3":1,"4":1,"5":2,"6":3},"Agents":[null,{"utility":18,"ID":1},{"utility":95,"ID":2},{"utility":40,"ID":3},{"utility":58,"ID":4},{"utility":80,"ID":5},{"utility":81,"ID":6}],"LAST COALITION":[[],[{"utility":40,"ID":3},{"utility":58,"ID":4}],[{"utility":18,"ID":1},{"utility":80,"ID":5}],[{"utility":95,"ID":2},{"utility":81,"ID":6}],[],[],[]],"STARTING COALITION: ":[[null],[{"utility":40,"ID":3},{"utility":58,"ID":4}],[{"utility":18,"ID":1},{"utility":80,"ID":5}],[{"utility":95,"ID":2},{"utility":81,"ID":6}],[],[],[]],"CORE :":true,"LAST PARTITION":{"1":2,"2":3,"3":1,"4":1,"5":2,"6":3}},{"STARTING PARTITION: ":{"1":2,"2":2,"3":1,"4":2,"5":2,"6":3},"Agents":[null,{"utility":18,"ID":1},{"utility":95,"ID":2},{"utility":40,"ID":3},{"utility":58,"ID":4},{"utility":80,"ID":5},{"utility":81,"ID":6}],"LAST COALITION":[[],[{"utility":40,"ID":3},{"utility":58,"ID":4}],[{"utility":18,"ID":1},{"utility":80,"ID":5}],[{"utility":95,"ID":2},{"utility":81,"ID":6}],[],[],[]],"STARTING COALITION: ":[[null],[{"utility":0,"ID":3}],[{"utility":23,"ID":1},{"utility":31,"ID":2},{"utility":69,"ID":4},{"utility":29,"ID":5}],[{"utility":0,"ID":6}],[],[],[]],"CORE :":true,"LAST PARTITION":{"1":2,"2":3,"3":1,"4":1,"5":2,"6":3}},{"STARTING PARTITION: ":{"1":2,"2":2,"3":1,"4":2,"5":2,"6":3},"Agents":[null,{"utility":18,"ID":1},{"utility":95,"ID":2},{"utility":40,"ID":3},{"utility":58,"ID":4},{"utility":80,"ID":5},{"utility":81,"ID":6}],"LAST COALITION":[[],[{"utility":40,"ID":3},{"utility":58,"ID":4}],[{"utility":18,"ID":1},{"utility":80,"ID":5}],[{"utility":95,"ID":2},{"utility":81,"ID":6}],[],[],[]],"STARTING COALITION: ":[[null],[{"utility":0,"ID":3}],[{"utility":23,"ID":1},{"utility":31,"ID":2},{"utility":69,"ID":4},{"utility":29,"ID":5}],[{"utility":0,"ID":6}],[],[],[]],"CORE :":true,"LAST PARTITION":{"1":2,"2":3,"3":1,"4":1,"5":2,"6":3}},{"END OF FILE:" : true}]