[{"STARTING PARTITION: ":{"88":30,"89":15,"90":2,"91":7,"92":30,"93":41,"94":37,"95":4,"96":11,"97":33,"10":20,"98":35,"11":32,"99":9,"12":29,"13":31,"14":38,"15":37,"16":47,"17":29,"18":14,"19":12,"1":10,"2":27,"3":1,"4":2,"5":47,"6":25,"7":6,"8":10,"9":22,"20":35,"21":45,"22":46,"23":50,"24":1,"25":48,"26":38,"27":3,"28":23,"29":45,"30":21,"31":39,"32":44,"33":26,"34":25,"35":11,"36":16,"37":45,"38":31,"39":40,"40":5,"41":48,"42":25,"43":4,"44":38,"45":3,"46":4,"47":2,"48":4,"49":49,"50":14,"51":7,"52":7,"53":33,"54":49,"55":45,"56":31,"57":11,"58":13,"59":6,"60":7,"61":28,"62":50,"63":30,"64":17,"65":27,"66":31,"67":13,"68":3,"69":12,"70":50,"71":6,"72":41,"73":47,"74":24,"75":39,"76":23,"77":6,"78":23,"79":21,"100":25,"80":21,"81":29,"82":44,"83":22,"84":47,"85":45,"86":29,"87":40},"Agents":[null,{"utility":97,"ID":1},{"utility":95,"ID":2},{"utility":0,"ID":3},{"utility":89,"ID":4},{"utility":99,"ID":5},{"utility":83,"ID":6},{"utility":95,"ID":7},{"utility":91,"ID":8},{"utility":96,"ID":9},{"utility":0,"ID":10},{"utility":0,"ID":11},{"utility":29.666666666666668,"ID":12},{"utility":35,"ID":13},{"utility":60,"ID":14},{"utility":0,"ID":15},{"utility":0,"ID":16},{"utility":35.666666666666664,"ID":17},{"utility":24,"ID":18},{"utility":0,"ID":19},{"utility":0,"ID":20},{"utility":0,"ID":21},{"utility":0,"ID":22},{"utility":21.5,"ID":23},{"utility":0,"ID":24},{"utility":0,"ID":25},{"utility":0,"ID":26},{"utility":30,"ID":27},{"utility":10,"ID":28},{"utility":14,"ID":29},{"utility":10,"ID":30},{"utility":0,"ID":31},{"utility":5,"ID":32},{"utility":0,"ID":33},{"utility":25,"ID":34},{"utility":27,"ID":35},{"utility":0,"ID":36},{"utility":46.333333333333336,"ID":37},{"utility":0,"ID":38},{"utility":50,"ID":39},{"utility":0,"ID":40},{"utility":0,"ID":41},{"utility":0,"ID":42},{"utility":43.666666666666664,"ID":43},{"utility":51,"ID":44},{"utility":47,"ID":45},{"utility":2.6666666666666665,"ID":46},{"utility":0,"ID":47},{"utility":24.333333333333332,"ID":48},{"utility":0,"ID":49},{"utility":0,"ID":50},{"utility":73.5,"ID":51},{"utility":0,"ID":52},{"utility":0,"ID":53},{"utility":0,"ID":54},{"utility":29,"ID":55},{"utility":0,"ID":56},{"utility":0,"ID":57},{"utility":0,"ID":58},{"utility":46,"ID":59},{"utility":13,"ID":60},{"utility":0,"ID":61},{"utility":29.5,"ID":62},{"utility":95,"ID":63},{"utility":0,"ID":64},{"utility":0,"ID":65},{"utility":0,"ID":66},{"utility":0,"ID":67},{"utility":84,"ID":68},{"utility":82,"ID":69},{"utility":8.5,"ID":70},{"utility":0,"ID":71},{"utility":0,"ID":72},{"utility":26,"ID":73},{"utility":0,"ID":74},{"utility":44,"ID":75},{"utility":0,"ID":76},{"utility":8,"ID":77},{"utility":2,"ID":78},{"utility":0,"ID":79},{"utility":89,"ID":80},{"utility":28,"ID":81},{"utility":0,"ID":82},{"utility":0,"ID":83},{"utility":24,"ID":84},{"utility":30.333333333333332,"ID":85},{"utility":30.666666666666668,"ID":86},{"utility":0,"ID":87},{"utility":37,"ID":88},{"utility":0,"ID":89},{"utility":0,"ID":90},{"utility":62.5,"ID":91},{"utility":11,"ID":92},{"utility":74,"ID":93},{"utility":0,"ID":94},{"utility":61.666666666666664,"ID":95},{"utility":0,"ID":96},{"utility":0,"ID":97},{"utility":68,"ID":98},{"utility":0,"ID":99},{"utility":34,"ID":100}],"LAST COALITION":[[],[{"utility":0,"ID":24}],[{"utility":0,"ID":47},{"utility":0,"ID":90}],[{"utility":30,"ID":27},{"utility":47,"ID":45},{"utility":84,"ID":68}],[{"utility":43.666666666666664,"ID":43},{"utility":2.6666666666666665,"ID":46},{"utility":24.333333333333332,"ID":48},{"utility":61.666666666666664,"ID":95}],[{"utility":0,"ID":40}],[{"utility":46,"ID":59},{"utility":0,"ID":71},{"utility":8,"ID":77}],[{"utility":73.5,"ID":51},{"utility":0,"ID":52},{"utility":62.5,"ID":91}],[],[{"utility":0,"ID":99}],[{"utility":96,"ID":9},{"utility":35,"ID":13}],[{"utility":27,"ID":35},{"utility":0,"ID":57},{"utility":0,"ID":96}],[{"utility":0,"ID":19},{"utility":82,"ID":69}],[{"utility":0,"ID":58}],[{"utility":0,"ID":50}],[{"utility":0,"ID":89}],[{"utility":0,"ID":36}],[{"utility":0,"ID":64}],[{"utility":0,"ID":65}],[{"utility":0,"ID":66}],[{"utility":0,"ID":41}],[{"utility":10,"ID":30},{"utility":0,"ID":79},{"utility":89,"ID":80}],[{"utility":0,"ID":83}],[{"utility":0,"ID":76},{"utility":2,"ID":78}],[{"utility":0,"ID":74}],[{"utility":25,"ID":34},{"utility":0,"ID":42}],[{"utility":0,"ID":33}],[{"utility":95,"ID":7},{"utility":95,"ID":63}],[{"utility":0,"ID":61}],[{"utility":29.666666666666668,"ID":12},{"utility":35.666666666666664,"ID":17},{"utility":28,"ID":81},{"utility":30.666666666666668,"ID":86}],[{"utility":37,"ID":88},{"utility":11,"ID":92}],[{"utility":0,"ID":56}],[{"utility":0,"ID":15}],[{"utility":0,"ID":53},{"utility":0,"ID":97}],[{"utility":89,"ID":4},{"utility":83,"ID":6}],[{"utility":0,"ID":20},{"utility":68,"ID":98}],[{"utility":0,"ID":26}],[{"utility":0,"ID":94}],[{"utility":60,"ID":14},{"utility":51,"ID":44}],[{"utility":0,"ID":31},{"utility":44,"ID":75}],[{"utility":50,"ID":39},{"utility":0,"ID":87}],[{"utility":0,"ID":72},{"utility":74,"ID":93}],[{"utility":99,"ID":5},{"utility":13,"ID":60}],[{"utility":24,"ID":18},{"utility":91,"ID":8}],[{"utility":5,"ID":32},{"utility":0,"ID":82}],[{"utility":14,"ID":29},{"utility":46.333333333333336,"ID":37},{"utility":29,"ID":55},{"utility":30.333333333333332,"ID":85}],[{"utility":0,"ID":22}],[{"utility":0,"ID":16},{"utility":26,"ID":73},{"utility":24,"ID":84}],[{"utility":0,"ID":25}],[{"utility":0,"ID":49},{"utility":0,"ID":54}],[{"utility":21.5,"ID":23},{"utility":29.5,"ID":62},{"utility":8.5,"ID":70}],[{"utility":0,"ID":11}],[{"utility":0,"ID":21}],[{"utility":0,"ID":38}],[{"utility":95,"ID":2},{"utility":34,"ID":100}],[{"utility":0,"ID":3}],[{"utility":97,"ID":1},{"utility":10,"ID":28}],[{"utility":0,"ID":67}],[{"utility":0,"ID":10}],[],[],[],[],[],[],[],[],[],[],[],[],[],[],[],[],[],[],[],[],[],[],[],[],[],[],[],[],[],[],[],[],[],[],[],[],[],[],[],[],[],[]],"STARTING COALITION: ":[[null],[{"utility":80,"ID":3},{"utility":0,"ID":24}],[{"utility":0,"ID":4},{"utility":41.5,"ID":47},{"utility":0,"ID":90}],[{"utility":30,"ID":27},{"utility":47,"ID":45},{"utility":84,"ID":68}],[{"utility":43.666666666666664,"ID":43},{"utility":2.6666666666666665,"ID":46},{"utility":24.333333333333332,"ID":48},{"utility":61.666666666666664,"ID":95}],[{"utility":0,"ID":40}],[{"utility":1,"ID":7},{"utility":30.666666666666668,"ID":59},{"utility":23.333333333333332,"ID":71},{"utility":5.333333333333333,"ID":77}],[{"utility":79.33333333333333,"ID":51},{"utility":9.666666666666666,"ID":52},{"utility":11,"ID":60},{"utility":41.666666666666664,"ID":91}],[],[{"utility":0,"ID":99}],[{"utility":58,"ID":1},{"utility":0,"ID":8}],[{"utility":27,"ID":35},{"utility":0,"ID":57},{"utility":0,"ID":96}],[{"utility":0,"ID":19},{"utility":82,"ID":69}],[{"utility":0,"ID":58},{"utility":0,"ID":67}],[{"utility":0,"ID":18},{"utility":0,"ID":50}],[{"utility":0,"ID":89}],[{"utility":0,"ID":36}],[{"utility":0,"ID":64}],[],[],[{"utility":0,"ID":10}],[{"utility":10,"ID":30},{"utility":0,"ID":79},{"utility":89,"ID":80}],[{"utility":0,"ID":9},{"utility":30,"ID":83}],[{"utility":22,"ID":28},{"utility":48,"ID":76},{"utility":11,"ID":78}],[{"utility":0,"ID":74}],[{"utility":5.666666666666667,"ID":6},{"utility":8.333333333333334,"ID":34},{"utility":0,"ID":42},{"utility":15.666666666666666,"ID":100}],[{"utility":0,"ID":33}],[{"utility":0,"ID":2},{"utility":0,"ID":65}],[{"utility":0,"ID":61}],[{"utility":29.666666666666668,"ID":12},{"utility":35.666666666666664,"ID":17},{"utility":28,"ID":81},{"utility":30.666666666666668,"ID":86}],[{"utility":37,"ID":63},{"utility":64.5,"ID":88},{"utility":5.5,"ID":92}],[{"utility":28.333333333333332,"ID":13},{"utility":21.666666666666668,"ID":38},{"utility":0,"ID":56},{"utility":0,"ID":66}],[{"utility":0,"ID":11}],[{"utility":0,"ID":53},{"utility":0,"ID":97}],[],[{"utility":0,"ID":20},{"utility":68,"ID":98}],[],[{"utility":20,"ID":15},{"utility":81,"ID":94}],[{"utility":30,"ID":14},{"utility":0,"ID":26},{"utility":47.5,"ID":44}],[{"utility":0,"ID":31},{"utility":44,"ID":75}],[{"utility":50,"ID":39},{"utility":0,"ID":87}],[{"utility":0,"ID":72},{"utility":74,"ID":93}],[],[],[{"utility":5,"ID":32},{"utility":0,"ID":82}],[{"utility":44.5,"ID":21},{"utility":10.5,"ID":29},{"utility":34.75,"ID":37},{"utility":28,"ID":55},{"utility":22.75,"ID":85}],[{"utility":0,"ID":22}],[{"utility":25.666666666666668,"ID":5},{"utility":0,"ID":16},{"utility":49.333333333333336,"ID":73},{"utility":19.666666666666668,"ID":84}],[{"utility":0,"ID":25},{"utility":0,"ID":41}],[{"utility":0,"ID":49},{"utility":0,"ID":54}],[{"utility":21.5,"ID":23},{"utility":29.5,"ID":62},{"utility":8.5,"ID":70}],[],[],[],[],[],[],[],[],[],[],[],[],[],[],[],[],[],[],[],[],[],[],[],[],[],[],[],[],[],[],[],[],[],[],[],[],[],[],[],[],[],[],[],[],[],[],[],[],[],[]],"CORE :":false,"LAST PARTITION":{"88":30,"89":15,"90":2,"91":7,"92":30,"93":41,"94":37,"95":4,"96":11,"97":33,"10":58,"98":35,"11":51,"99":9,"12":29,"13":10,"14":38,"15":32,"16":47,"17":29,"18":43,"19":12,"1":56,"2":54,"3":55,"4":34,"5":42,"6":34,"7":27,"8":43,"9":10,"20":35,"21":52,"22":46,"23":50,"24":1,"25":48,"26":36,"27":3,"28":56,"29":45,"30":21,"31":39,"32":44,"33":26,"34":25,"35":11,"36":16,"37":45,"38":53,"39":40,"40":5,"41":20,"42":25,"43":4,"44":38,"45":3,"46":4,"47":2,"48":4,"49":49,"50":14,"51":7,"52":7,"53":33,"54":49,"55":45,"56":31,"57":11,"58":13,"59":6,"60":42,"61":28,"62":50,"63":27,"64":17,"65":18,"66":19,"67":57,"68":3,"69":12,"70":50,"71":6,"72":41,"73":47,"74":24,"75":39,"76":23,"77":6,"78":23,"79":21,"100":54,"80":21,"81":29,"82":44,"83":22,"84":47,"85":45,"86":29,"87":40}},{"END OF FILE:" : true}]