[{"STARTING PARTITION: ":{"88":5,"89":27,"90":5,"91":4,"92":26,"93":44,"94":46,"95":7,"96":41,"97":28,"10":46,"98":11,"11":31,"99":14,"12":22,"13":40,"14":5,"15":7,"16":32,"17":10,"18":1,"19":1,"1":31,"2":9,"3":19,"4":32,"5":38,"6":13,"7":32,"8":8,"9":48,"20":36,"21":5,"22":10,"23":10,"24":4,"25":23,"26":19,"27":50,"28":2,"29":30,"30":29,"31":33,"32":16,"33":20,"34":46,"35":23,"36":35,"37":50,"38":32,"39":37,"40":4,"41":46,"42":38,"43":22,"44":38,"45":5,"46":30,"47":36,"48":40,"49":25,"50":1,"51":10,"52":10,"53":9,"54":23,"55":43,"56":37,"57":27,"58":21,"59":43,"60":6,"61":8,"62":1,"63":16,"64":32,"65":23,"66":15,"67":44,"68":8,"69":37,"70":14,"71":15,"72":19,"73":32,"74":31,"75":34,"76":10,"77":13,"78":39,"79":26,"100":4,"80":5,"81":36,"82":23,"83":4,"84":12,"85":28,"86":16,"87":21},"Agents":[null,{"utility":84,"ID":1},{"utility":85,"ID":2},{"utility":92,"ID":3},{"utility":55,"ID":4},{"utility":95,"ID":5},{"utility":25,"ID":6},{"utility":0,"ID":7},{"utility":96,"ID":8},{"utility":80,"ID":9},{"utility":12,"ID":10},{"utility":74,"ID":11},{"utility":71,"ID":12},{"utility":11,"ID":13},{"utility":54,"ID":14},{"utility":22,"ID":15},{"utility":84,"ID":16},{"utility":39,"ID":17},{"utility":94,"ID":18},{"utility":0,"ID":19},{"utility":5,"ID":20},{"utility":27,"ID":21},{"utility":71,"ID":22},{"utility":96,"ID":23},{"utility":0,"ID":24},{"utility":71,"ID":25},{"utility":97,"ID":26},{"utility":92,"ID":27},{"utility":0,"ID":28},{"utility":73,"ID":29},{"utility":0,"ID":30},{"utility":6,"ID":31},{"utility":0,"ID":32},{"utility":52,"ID":33},{"utility":97,"ID":34},{"utility":0,"ID":35},{"utility":99,"ID":36},{"utility":0,"ID":37},{"utility":97,"ID":38},{"utility":92,"ID":39},{"utility":86,"ID":40},{"utility":62,"ID":41},{"utility":90,"ID":42},{"utility":18,"ID":43},{"utility":94,"ID":44},{"utility":92,"ID":45},{"utility":81,"ID":46},{"utility":75,"ID":47},{"utility":72,"ID":48},{"utility":97,"ID":49},{"utility":78,"ID":50},{"utility":99,"ID":51},{"utility":55,"ID":52},{"utility":50,"ID":53},{"utility":98,"ID":54},{"utility":6,"ID":55},{"utility":81,"ID":56},{"utility":83,"ID":57},{"utility":24,"ID":58},{"utility":11,"ID":59},{"utility":95,"ID":60},{"utility":99,"ID":61},{"utility":71,"ID":62},{"utility":8,"ID":63},{"utility":94,"ID":64},{"utility":95,"ID":65},{"utility":74,"ID":66},{"utility":17,"ID":67},{"utility":0,"ID":68},{"utility":0,"ID":69},{"utility":80,"ID":70},{"utility":96,"ID":71},{"utility":82,"ID":72},{"utility":26,"ID":73},{"utility":98,"ID":74},{"utility":91,"ID":75},{"utility":96,"ID":76},{"utility":19,"ID":77},{"utility":59,"ID":78},{"utility":38,"ID":79},{"utility":76,"ID":80},{"utility":0,"ID":81},{"utility":73,"ID":82},{"utility":45,"ID":83},{"utility":29,"ID":84},{"utility":0,"ID":85},{"utility":0,"ID":86},{"utility":98,"ID":87},{"utility":95,"ID":88},{"utility":0,"ID":89},{"utility":0,"ID":90},{"utility":99,"ID":91},{"utility":0,"ID":92},{"utility":90,"ID":93},{"utility":96,"ID":94},{"utility":81,"ID":95},{"utility":73,"ID":96},{"utility":93,"ID":97},{"utility":2,"ID":98},{"utility":10,"ID":99},{"utility":64,"ID":100}],"LAST COALITION":[[],[{"utility":73,"ID":96},{"utility":71,"ID":62}],[{"utility":95,"ID":60},{"utility":6,"ID":31}],[{"utility":12,"ID":10},{"utility":97,"ID":26}],[{"utility":10,"ID":99},{"utility":96,"ID":76}],[{"utility":95,"ID":88},{"utility":0,"ID":90}],[{"utility":0,"ID":32}],[{"utility":2,"ID":98},{"utility":55,"ID":4}],[{"utility":96,"ID":8},{"utility":0,"ID":68}],[{"utility":50,"ID":53},{"utility":38,"ID":79}],[{"utility":0,"ID":35}],[{"utility":94,"ID":18},{"utility":92,"ID":39}],[{"utility":81,"ID":56},{"utility":90,"ID":42}],[{"utility":0,"ID":19}],[{"utility":27,"ID":21},{"utility":71,"ID":12}],[{"utility":97,"ID":34},{"utility":78,"ID":50}],[{"utility":0,"ID":86}],[{"utility":93,"ID":97},{"utility":82,"ID":72}],[{"utility":92,"ID":3},{"utility":80,"ID":70}],[{"utility":99,"ID":61},{"utility":90,"ID":93}],[{"utility":52,"ID":33},{"utility":74,"ID":66}],[{"utility":83,"ID":57},{"utility":26,"ID":73}],[{"utility":17,"ID":67},{"utility":5,"ID":20}],[],[{"utility":71,"ID":25},{"utility":74,"ID":11}],[{"utility":72,"ID":48},{"utility":95,"ID":5}],[{"utility":0,"ID":92}],[{"utility":0,"ID":89}],[{"utility":0,"ID":85}],[{"utility":0,"ID":30}],[{"utility":84,"ID":16},{"utility":39,"ID":17}],[{"utility":95,"ID":65},{"utility":64,"ID":100}],[{"utility":0,"ID":7}],[{"utility":22,"ID":15},{"utility":75,"ID":47}],[{"utility":91,"ID":75},{"utility":99,"ID":91}],[{"utility":99,"ID":51},{"utility":29,"ID":84}],[{"utility":76,"ID":80},{"utility":98,"ID":87}],[{"utility":98,"ID":54},{"utility":59,"ID":78}],[{"utility":94,"ID":44},{"utility":81,"ID":46}],[{"utility":45,"ID":83},{"utility":96,"ID":23}],[{"utility":0,"ID":81}],[{"utility":73,"ID":82},{"utility":81,"ID":95}],[{"utility":24,"ID":58},{"utility":11,"ID":59}],[{"utility":25,"ID":6},{"utility":97,"ID":38}],[{"utility":98,"ID":74},{"utility":19,"ID":77}],[{"utility":97,"ID":49},{"utility":85,"ID":2}],[{"utility":86,"ID":40},{"utility":8,"ID":63}],[{"utility":55,"ID":52},{"utility":18,"ID":43}],[{"utility":80,"ID":9},{"utility":73,"ID":29}],[{"utility":99,"ID":36},{"utility":62,"ID":41}],[{"utility":0,"ID":37}],[{"utility":11,"ID":13},{"utility":92,"ID":45}],[{"utility":94,"ID":64},{"utility":6,"ID":55}],[],[{"utility":71,"ID":22},{"utility":96,"ID":71}],[{"utility":0,"ID":24}],[{"utility":0,"ID":69}],[{"utility":92,"ID":27},{"utility":96,"ID":94}],[],[],[],[{"utility":84,"ID":1},{"utility":54,"ID":14}],[],[{"utility":0,"ID":28}],[],[],[],[],[],[],[],[],[],[],[],[],[],[],[],[],[],[],[],[],[],[],[],[],[],[],[],[],[],[],[],[],[],[],[],[],[]],"STARTING COALITION: ":[[null],[{"utility":29.333333333333332,"ID":18},{"utility":20.666666666666668,"ID":19},{"utility":15.666666666666666,"ID":50},{"utility":18.333333333333332,"ID":62}],[{"utility":0,"ID":28}],[],[{"utility":0,"ID":24},{"utility":7.5,"ID":40},{"utility":0,"ID":83},{"utility":3.5,"ID":91},{"utility":9.75,"ID":100}],[{"utility":16.6,"ID":14},{"utility":2.4,"ID":21},{"utility":0,"ID":45},{"utility":18.4,"ID":80},{"utility":30.8,"ID":88},{"utility":16.4,"ID":90}],[{"utility":0,"ID":60}],[{"utility":95,"ID":15},{"utility":0,"ID":95}],[{"utility":78,"ID":8},{"utility":0,"ID":61},{"utility":0,"ID":68}],[{"utility":0,"ID":2},{"utility":0,"ID":53}],[{"utility":0,"ID":17},{"utility":0,"ID":22},{"utility":0,"ID":23},{"utility":2.4,"ID":51},{"utility":0,"ID":52},{"utility":2.2,"ID":76}],[{"utility":0,"ID":98}],[{"utility":0,"ID":84}],[{"utility":0,"ID":6},{"utility":55,"ID":77}],[{"utility":34,"ID":70},{"utility":0,"ID":99}],[{"utility":5,"ID":66},{"utility":83,"ID":71}],[{"utility":0,"ID":32},{"utility":0,"ID":63},{"utility":0,"ID":86}],[],[],[{"utility":0,"ID":3},{"utility":0,"ID":26},{"utility":33,"ID":72}],[{"utility":0,"ID":33}],[{"utility":0,"ID":58},{"utility":0,"ID":87}],[{"utility":0,"ID":12},{"utility":18,"ID":43}],[{"utility":12.25,"ID":25},{"utility":23.25,"ID":35},{"utility":24.75,"ID":54},{"utility":0,"ID":65},{"utility":0,"ID":82}],[],[{"utility":0,"ID":49}],[{"utility":0,"ID":79},{"utility":0,"ID":92}],[{"utility":0,"ID":57},{"utility":0,"ID":89}],[{"utility":5,"ID":85},{"utility":0,"ID":97}],[{"utility":0,"ID":30}],[{"utility":36,"ID":29},{"utility":10,"ID":46}],[{"utility":0,"ID":1},{"utility":0,"ID":11},{"utility":0,"ID":74}],[{"utility":28.8,"ID":4},{"utility":10.8,"ID":7},{"utility":0,"ID":16},{"utility":12.4,"ID":38},{"utility":4,"ID":64},{"utility":0,"ID":73}],[{"utility":0,"ID":31}],[{"utility":0,"ID":75}],[{"utility":0,"ID":36}],[{"utility":28,"ID":20},{"utility":0,"ID":47},{"utility":0,"ID":81}],[{"utility":0,"ID":39},{"utility":0,"ID":56},{"utility":0,"ID":69}],[{"utility":0,"ID":5},{"utility":0,"ID":42},{"utility":0,"ID":44}],[{"utility":0,"ID":78}],[{"utility":0,"ID":13},{"utility":0,"ID":48}],[{"utility":0,"ID":96}],[],[{"utility":0,"ID":55},{"utility":0,"ID":59}],[{"utility":0,"ID":67},{"utility":0,"ID":93}],[],[{"utility":12,"ID":10},{"utility":0,"ID":34},{"utility":0,"ID":41},{"utility":83.33333333333333,"ID":94}],[],[{"utility":0,"ID":9}],[],[{"utility":3,"ID":27},{"utility":0,"ID":37}],[],[],[],[],[],[],[],[],[],[],[],[],[],[],[],[],[],[],[],[],[],[],[],[],[],[],[],[],[],[],[],[],[],[],[],[],[],[],[],[],[],[],[],[],[],[],[],[],[],[]],"CORE :":true,"LAST PARTITION":{"88":5,"89":27,"90":5,"91":34,"92":26,"93":19,"94":57,"95":41,"96":1,"97":17,"10":3,"98":7,"11":24,"99":4,"12":14,"13":51,"14":61,"15":33,"16":30,"17":30,"18":11,"19":13,"1":61,"2":45,"3":18,"4":7,"5":25,"6":43,"7":32,"8":8,"9":48,"20":22,"21":14,"22":54,"23":39,"24":55,"25":24,"26":3,"27":57,"28":63,"29":48,"30":29,"31":2,"32":6,"33":20,"34":15,"35":10,"36":49,"37":50,"38":43,"39":11,"40":46,"41":49,"42":12,"43":47,"44":38,"45":51,"46":38,"47":33,"48":25,"49":45,"50":15,"51":35,"52":47,"53":9,"54":37,"55":52,"56":12,"57":21,"58":42,"59":42,"60":2,"61":19,"62":1,"63":46,"64":52,"65":31,"66":20,"67":22,"68":8,"69":56,"70":18,"71":54,"72":17,"73":21,"74":44,"75":34,"76":4,"77":44,"78":37,"79":9,"100":31,"80":36,"81":40,"82":41,"83":39,"84":35,"85":28,"86":16,"87":36}},{"END OF FILE:" : true}]