[{"STARTING PARTITION: ":{"88":35,"89":29,"90":11,"91":35,"92":36,"93":45,"94":17,"95":24,"96":22,"97":27,"10":35,"98":30,"11":13,"99":8,"12":9,"13":39,"14":4,"15":2,"16":29,"17":44,"18":37,"19":23,"1":17,"2":34,"3":8,"4":10,"5":9,"6":27,"7":16,"8":9,"9":42,"20":31,"21":29,"22":28,"23":16,"24":3,"25":22,"26":27,"27":12,"28":39,"29":43,"30":40,"31":42,"32":32,"33":10,"34":7,"35":36,"36":32,"37":49,"38":6,"39":41,"40":25,"41":33,"42":48,"43":12,"44":20,"45":13,"46":43,"47":11,"48":45,"49":18,"50":16,"51":34,"52":14,"53":7,"54":4,"55":47,"56":12,"57":31,"58":8,"59":30,"60":26,"61":5,"62":31,"63":11,"64":31,"65":38,"66":29,"67":37,"68":17,"69":14,"70":32,"71":34,"72":32,"73":37,"74":9,"75":4,"76":44,"77":28,"78":32,"79":10,"100":12,"80":48,"81":1,"82":18,"83":41,"84":12,"85":12,"86":25,"87":13},"Agents":[null,{"utility":93,"ID":1},{"utility":70,"ID":2},{"utility":75,"ID":3},{"utility":42,"ID":4},{"utility":91,"ID":5},{"utility":30,"ID":6},{"utility":82,"ID":7},{"utility":87,"ID":8},{"utility":82,"ID":9},{"utility":83,"ID":10},{"utility":81,"ID":11},{"utility":96,"ID":12},{"utility":67,"ID":13},{"utility":89,"ID":14},{"utility":96,"ID":15},{"utility":91,"ID":16},{"utility":79,"ID":17},{"utility":52,"ID":18},{"utility":42,"ID":19},{"utility":97,"ID":20},{"utility":83,"ID":21},{"utility":99,"ID":22},{"utility":41,"ID":23},{"utility":66,"ID":24},{"utility":64,"ID":25},{"utility":0,"ID":26},{"utility":82,"ID":27},{"utility":87,"ID":28},{"utility":52,"ID":29},{"utility":75,"ID":30},{"utility":93,"ID":31},{"utility":91,"ID":32},{"utility":38,"ID":33},{"utility":62,"ID":34},{"utility":0,"ID":35},{"utility":87,"ID":36},{"utility":99,"ID":37},{"utility":89,"ID":38},{"utility":0,"ID":39},{"utility":0,"ID":40},{"utility":0,"ID":41},{"utility":0,"ID":42},{"utility":28,"ID":43},{"utility":0,"ID":44},{"utility":91,"ID":45},{"utility":0,"ID":46},{"utility":0,"ID":47},{"utility":56,"ID":48},{"utility":79,"ID":49},{"utility":47,"ID":50},{"utility":0,"ID":51},{"utility":0,"ID":52},{"utility":82,"ID":53},{"utility":96,"ID":54},{"utility":0,"ID":55},{"utility":0,"ID":56},{"utility":64,"ID":57},{"utility":0,"ID":58},{"utility":22,"ID":59},{"utility":0,"ID":60},{"utility":43,"ID":61},{"utility":0,"ID":62},{"utility":0,"ID":63},{"utility":0,"ID":64},{"utility":73,"ID":65},{"utility":12,"ID":66},{"utility":90,"ID":67},{"utility":42,"ID":68},{"utility":60,"ID":69},{"utility":97,"ID":70},{"utility":0,"ID":71},{"utility":40,"ID":72},{"utility":0,"ID":73},{"utility":0,"ID":74},{"utility":0,"ID":75},{"utility":66,"ID":76},{"utility":28,"ID":77},{"utility":88,"ID":78},{"utility":27,"ID":79},{"utility":0,"ID":80},{"utility":88,"ID":81},{"utility":18,"ID":82},{"utility":54,"ID":83},{"utility":48,"ID":84},{"utility":0,"ID":85},{"utility":0,"ID":86},{"utility":43,"ID":87},{"utility":0,"ID":88},{"utility":26,"ID":89},{"utility":0,"ID":90},{"utility":89,"ID":91},{"utility":95,"ID":92},{"utility":0,"ID":93},{"utility":0,"ID":94},{"utility":0,"ID":95},{"utility":0,"ID":96},{"utility":76,"ID":97},{"utility":0,"ID":98},{"utility":67,"ID":99},{"utility":81,"ID":100}],"LAST COALITION":[[],[{"utility":22,"ID":59},{"utility":87,"ID":28}],[{"utility":0,"ID":42}],[{"utility":0,"ID":47}],[{"utility":0,"ID":75}],[{"utility":93,"ID":1},{"utility":66,"ID":76}],[{"utility":76,"ID":97},{"utility":97,"ID":20}],[{"utility":73,"ID":65},{"utility":42,"ID":19}],[{"utility":52,"ID":18},{"utility":47,"ID":50}],[{"utility":0,"ID":74}],[{"utility":43,"ID":87},{"utility":75,"ID":30}],[{"utility":0,"ID":63},{"utility":0,"ID":90}],[{"utility":0,"ID":56},{"utility":0,"ID":85}],[{"utility":0,"ID":35}],[{"utility":0,"ID":51}],[],[{"utility":82,"ID":27},{"utility":89,"ID":91}],[{"utility":0,"ID":94}],[{"utility":0,"ID":41}],[{"utility":0,"ID":58}],[{"utility":56,"ID":48},{"utility":83,"ID":21}],[{"utility":89,"ID":38},{"utility":64,"ID":25}],[{"utility":0,"ID":96}],[{"utility":67,"ID":99},{"utility":89,"ID":14}],[{"utility":0,"ID":95}],[{"utility":0,"ID":86}],[{"utility":0,"ID":60}],[{"utility":60,"ID":69},{"utility":93,"ID":31}],[{"utility":99,"ID":22},{"utility":28,"ID":77}],[{"utility":79,"ID":17},{"utility":64,"ID":57}],[{"utility":0,"ID":98}],[{"utility":0,"ID":64}],[{"utility":97,"ID":70},{"utility":88,"ID":78}],[{"utility":0,"ID":71}],[{"utility":88,"ID":81},{"utility":87,"ID":36}],[{"utility":38,"ID":33},{"utility":54,"ID":83}],[{"utility":91,"ID":32},{"utility":40,"ID":72}],[{"utility":0,"ID":73}],[{"utility":42,"ID":4},{"utility":26,"ID":89}],[{"utility":67,"ID":13},{"utility":43,"ID":61}],[{"utility":41,"ID":23},{"utility":66,"ID":24}],[{"utility":99,"ID":37},{"utility":91,"ID":45}],[{"utility":91,"ID":16},{"utility":87,"ID":8}],[{"utility":0,"ID":46}],[{"utility":0,"ID":44}],[{"utility":0,"ID":93}],[{"utility":0,"ID":62}],[{"utility":0,"ID":55}],[{"utility":0,"ID":80}],[{"utility":28,"ID":43},{"utility":96,"ID":15}],[{"utility":81,"ID":100},{"utility":81,"ID":11}],[{"utility":0,"ID":40}],[{"utility":62,"ID":34},{"utility":90,"ID":67}],[{"utility":52,"ID":29},{"utility":27,"ID":79}],[],[{"utility":91,"ID":5},{"utility":96,"ID":54}],[{"utility":82,"ID":53},{"utility":30,"ID":6}],[],[{"utility":0,"ID":26}],[{"utility":0,"ID":39}],[{"utility":48,"ID":84},{"utility":82,"ID":9}],[{"utility":0,"ID":52}],[{"utility":0,"ID":88}],[{"utility":83,"ID":10},{"utility":95,"ID":92}],[{"utility":79,"ID":49},{"utility":96,"ID":12}],[{"utility":18,"ID":82},{"utility":82,"ID":7}],[{"utility":70,"ID":2},{"utility":42,"ID":68}],[{"utility":12,"ID":66},{"utility":75,"ID":3}],[],[],[],[],[],[],[],[],[],[],[],[],[],[],[],[],[],[],[],[],[],[],[],[],[],[],[],[],[],[],[],[],[]],"STARTING COALITION: ":[[null],[{"utility":0,"ID":81}],[{"utility":0,"ID":15}],[{"utility":0,"ID":24}],[{"utility":0,"ID":14},{"utility":47.5,"ID":54},{"utility":44,"ID":75}],[{"utility":0,"ID":61}],[{"utility":0,"ID":38}],[{"utility":0,"ID":34},{"utility":82,"ID":53}],[{"utility":0,"ID":3},{"utility":18,"ID":58},{"utility":29,"ID":99}],[{"utility":14,"ID":5},{"utility":22,"ID":8},{"utility":18,"ID":12},{"utility":41.666666666666664,"ID":74}],[{"utility":0,"ID":4},{"utility":0,"ID":33},{"utility":62,"ID":79}],[{"utility":0,"ID":47},{"utility":0,"ID":63},{"utility":0,"ID":90}],[{"utility":0,"ID":27},{"utility":0,"ID":43},{"utility":17.6,"ID":56},{"utility":27.4,"ID":84},{"utility":22,"ID":85},{"utility":14,"ID":100}],[{"utility":4.5,"ID":11},{"utility":0,"ID":45},{"utility":18.5,"ID":87}],[{"utility":0,"ID":52},{"utility":0,"ID":69}],[],[{"utility":0,"ID":7},{"utility":36.5,"ID":23},{"utility":2,"ID":50}],[{"utility":17,"ID":1},{"utility":11.5,"ID":68},{"utility":0,"ID":94}],[{"utility":0,"ID":49},{"utility":85,"ID":82}],[],[{"utility":0,"ID":44}],[],[{"utility":0,"ID":25},{"utility":0,"ID":96}],[{"utility":0,"ID":19}],[{"utility":0,"ID":95}],[{"utility":27,"ID":40},{"utility":2,"ID":86}],[{"utility":0,"ID":60}],[{"utility":22.5,"ID":6},{"utility":0,"ID":26},{"utility":0,"ID":97}],[{"utility":99,"ID":22},{"utility":28,"ID":77}],[{"utility":9.333333333333334,"ID":16},{"utility":29.666666666666668,"ID":21},{"utility":64,"ID":66},{"utility":0,"ID":89}],[{"utility":0,"ID":59},{"utility":0,"ID":98}],[{"utility":24.666666666666668,"ID":20},{"utility":23,"ID":57},{"utility":26.666666666666668,"ID":62},{"utility":61.666666666666664,"ID":64}],[{"utility":36.25,"ID":32},{"utility":0,"ID":36},{"utility":45.25,"ID":70},{"utility":17.25,"ID":72},{"utility":65.25,"ID":78}],[{"utility":0,"ID":41}],[{"utility":0,"ID":2},{"utility":0,"ID":51},{"utility":0,"ID":71}],[{"utility":37.5,"ID":10},{"utility":29,"ID":88},{"utility":48,"ID":91}],[{"utility":0,"ID":35},{"utility":11,"ID":92}],[{"utility":15,"ID":18},{"utility":0,"ID":67},{"utility":0,"ID":73}],[{"utility":0,"ID":65}],[{"utility":0,"ID":13},{"utility":0,"ID":28}],[{"utility":0,"ID":30}],[{"utility":0,"ID":39},{"utility":0,"ID":83}],[{"utility":0,"ID":9},{"utility":0,"ID":31}],[{"utility":0,"ID":29},{"utility":16,"ID":46}],[{"utility":0,"ID":17},{"utility":0,"ID":76}],[{"utility":37,"ID":48},{"utility":0,"ID":93}],[],[{"utility":0,"ID":55}],[{"utility":6,"ID":42},{"utility":0,"ID":80}],[{"utility":0,"ID":37}],[],[],[],[],[],[],[],[],[],[],[],[],[],[],[],[],[],[],[],[],[],[],[],[],[],[],[],[],[],[],[],[],[],[],[],[],[],[],[],[],[],[],[],[],[],[],[],[],[],[],[]],"CORE :":false,"LAST PARTITION":{"88":62,"89":38,"90":11,"91":16,"92":63,"93":45,"94":17,"95":24,"96":22,"97":6,"10":63,"98":30,"11":50,"99":23,"12":64,"13":39,"14":23,"15":49,"16":42,"17":29,"18":8,"19":7,"1":5,"2":66,"3":67,"4":38,"5":55,"6":56,"7":65,"8":42,"9":60,"20":6,"21":20,"22":28,"23":40,"24":40,"25":21,"26":58,"27":16,"28":1,"29":53,"30":10,"31":27,"32":36,"33":35,"34":52,"35":13,"36":34,"37":41,"38":21,"39":59,"40":51,"41":18,"42":2,"43":49,"44":44,"45":41,"46":43,"47":3,"48":20,"49":64,"50":8,"51":14,"52":61,"53":56,"54":55,"55":47,"56":12,"57":29,"58":19,"59":1,"60":26,"61":39,"62":46,"63":11,"64":31,"65":7,"66":67,"67":52,"68":66,"69":27,"70":32,"71":33,"72":36,"73":37,"74":9,"75":4,"76":5,"77":28,"78":32,"79":53,"100":50,"80":48,"81":34,"82":65,"83":35,"84":60,"85":12,"86":25,"87":10}},{"END OF FILE:" : true}]