[{"STARTING PARTITION: ":{"88":10,"89":40,"90":2,"91":22,"92":19,"93":15,"94":31,"95":23,"96":31,"97":10,"10":34,"98":45,"11":35,"99":49,"12":38,"13":41,"14":40,"15":37,"16":29,"17":21,"18":13,"19":20,"1":34,"2":37,"3":46,"4":28,"5":15,"6":11,"7":28,"8":47,"9":39,"20":10,"21":20,"22":31,"23":50,"24":12,"25":4,"26":32,"27":23,"28":17,"29":11,"30":31,"31":28,"32":46,"33":36,"34":16,"35":49,"36":21,"37":18,"38":9,"39":50,"40":10,"41":9,"42":49,"43":17,"44":5,"45":30,"46":22,"47":3,"48":24,"49":22,"50":28,"51":7,"52":26,"53":47,"54":47,"55":2,"56":45,"57":4,"58":20,"59":11,"60":24,"61":23,"62":12,"63":25,"64":18,"65":2,"66":40,"67":42,"68":21,"69":28,"70":8,"71":15,"72":11,"73":31,"74":9,"75":32,"76":22,"77":3,"78":3,"79":14,"100":24,"80":8,"81":8,"82":13,"83":39,"84":1,"85":38,"86":25,"87":14},"Agents":[null,{"utility":45,"ID":1},{"utility":68,"ID":2},{"utility":73,"ID":3},{"utility":96,"ID":4},{"utility":98,"ID":5},{"utility":54,"ID":6},{"utility":13,"ID":7},{"utility":92,"ID":8},{"utility":91,"ID":9},{"utility":77,"ID":10},{"utility":46,"ID":11},{"utility":97,"ID":12},{"utility":92,"ID":13},{"utility":90,"ID":14},{"utility":50,"ID":15},{"utility":95,"ID":16},{"utility":60,"ID":17},{"utility":0,"ID":18},{"utility":61,"ID":19},{"utility":44,"ID":20},{"utility":81,"ID":21},{"utility":97,"ID":22},{"utility":69,"ID":23},{"utility":89,"ID":24},{"utility":92,"ID":25},{"utility":87,"ID":26},{"utility":50,"ID":27},{"utility":54,"ID":28},{"utility":85,"ID":29},{"utility":93,"ID":30},{"utility":76,"ID":31},{"utility":89,"ID":32},{"utility":76,"ID":33},{"utility":83,"ID":34},{"utility":89,"ID":35},{"utility":80,"ID":36},{"utility":63,"ID":37},{"utility":82,"ID":38},{"utility":61,"ID":39},{"utility":74,"ID":40},{"utility":19,"ID":41},{"utility":89,"ID":42},{"utility":77,"ID":43},{"utility":0,"ID":44},{"utility":0,"ID":45},{"utility":0,"ID":46},{"utility":87,"ID":47},{"utility":78,"ID":48},{"utility":97,"ID":49},{"utility":0,"ID":50},{"utility":0,"ID":51},{"utility":68,"ID":52},{"utility":0,"ID":53},{"utility":14,"ID":54},{"utility":18,"ID":55},{"utility":0,"ID":56},{"utility":22,"ID":57},{"utility":53,"ID":58},{"utility":54,"ID":59},{"utility":0,"ID":60},{"utility":0,"ID":61},{"utility":98,"ID":62},{"utility":0,"ID":63},{"utility":89,"ID":64},{"utility":0,"ID":65},{"utility":98,"ID":66},{"utility":64,"ID":67},{"utility":26,"ID":68},{"utility":0,"ID":69},{"utility":0,"ID":70},{"utility":2,"ID":71},{"utility":80,"ID":72},{"utility":76,"ID":73},{"utility":92,"ID":74},{"utility":0,"ID":75},{"utility":0,"ID":76},{"utility":0,"ID":77},{"utility":82,"ID":78},{"utility":0,"ID":79},{"utility":84,"ID":80},{"utility":0,"ID":81},{"utility":96,"ID":82},{"utility":0,"ID":83},{"utility":44,"ID":84},{"utility":0,"ID":85},{"utility":0,"ID":86},{"utility":0,"ID":87},{"utility":45,"ID":88},{"utility":42,"ID":89},{"utility":0,"ID":90},{"utility":21,"ID":91},{"utility":0,"ID":92},{"utility":0,"ID":93},{"utility":88,"ID":94},{"utility":14,"ID":95},{"utility":68,"ID":96},{"utility":87,"ID":97},{"utility":94,"ID":98},{"utility":88,"ID":99},{"utility":0,"ID":100}],"LAST COALITION":[[],[{"utility":87,"ID":97},{"utility":89,"ID":35}],[{"utility":0,"ID":90}],[{"utility":0,"ID":77}],[{"utility":89,"ID":32},{"utility":84,"ID":80}],[{"utility":0,"ID":44}],[{"utility":89,"ID":64},{"utility":80,"ID":36}],[{"utility":2,"ID":71},{"utility":19,"ID":41}],[{"utility":63,"ID":37},{"utility":42,"ID":89}],[{"utility":0,"ID":50}],[{"utility":61,"ID":39},{"utility":53,"ID":58}],[{"utility":98,"ID":66},{"utility":87,"ID":26}],[{"utility":0,"ID":46}],[{"utility":97,"ID":22},{"utility":22,"ID":57}],[{"utility":0,"ID":87}],[{"utility":0,"ID":93}],[{"utility":82,"ID":38},{"utility":54,"ID":28}],[{"utility":0,"ID":85}],[{"utility":44,"ID":20},{"utility":89,"ID":42}],[{"utility":0,"ID":92}],[{"utility":74,"ID":40},{"utility":82,"ID":78}],[{"utility":0,"ID":51}],[{"utility":0,"ID":76}],[{"utility":0,"ID":61}],[{"utility":78,"ID":48},{"utility":0,"ID":100}],[{"utility":0,"ID":63},{"utility":0,"ID":86}],[{"utility":0,"ID":75}],[{"utility":73,"ID":3},{"utility":76,"ID":31}],[{"utility":0,"ID":69}],[{"utility":0,"ID":60}],[{"utility":64,"ID":67},{"utility":96,"ID":4}],[{"utility":0,"ID":81}],[{"utility":50,"ID":27},{"utility":50,"ID":15}],[{"utility":96,"ID":82},{"utility":81,"ID":21}],[{"utility":0,"ID":65}],[{"utility":0,"ID":70}],[{"utility":18,"ID":55},{"utility":89,"ID":24}],[{"utility":85,"ID":29},{"utility":14,"ID":95}],[{"utility":68,"ID":2},{"utility":68,"ID":52}],[{"utility":0,"ID":83}],[{"utility":76,"ID":33},{"utility":69,"ID":23}],[{"utility":44,"ID":84},{"utility":13,"ID":7}],[{"utility":0,"ID":79}],[{"utility":0,"ID":45}],[{"utility":98,"ID":5},{"utility":76,"ID":73}],[{"utility":0,"ID":56}],[],[{"utility":0,"ID":53}],[],[{"utility":61,"ID":19},{"utility":92,"ID":74}],[{"utility":80,"ID":72},{"utility":92,"ID":25}],[{"utility":83,"ID":34},{"utility":21,"ID":91}],[{"utility":77,"ID":10},{"utility":77,"ID":43}],[{"utility":54,"ID":6},{"utility":88,"ID":94}],[{"utility":14,"ID":54},{"utility":92,"ID":8}],[{"utility":68,"ID":96},{"utility":93,"ID":30}],[{"utility":95,"ID":16},{"utility":94,"ID":98}],[{"utility":26,"ID":68},{"utility":91,"ID":9}],[{"utility":45,"ID":88},{"utility":46,"ID":11}],[{"utility":90,"ID":14},{"utility":87,"ID":47}],[{"utility":88,"ID":99},{"utility":97,"ID":12}],[{"utility":60,"ID":17},{"utility":54,"ID":59}],[{"utility":92,"ID":13},{"utility":98,"ID":62}],[{"utility":0,"ID":18}],[],[],[],[{"utility":45,"ID":1},{"utility":97,"ID":49}],[],[],[],[],[],[],[],[],[],[],[],[],[],[],[],[],[],[],[],[],[],[],[],[],[],[],[],[],[],[],[],[],[]],"STARTING COALITION: ":[[null],[{"utility":0,"ID":84}],[{"utility":0,"ID":55},{"utility":0,"ID":65},{"utility":0,"ID":90}],[{"utility":38.5,"ID":47},{"utility":0,"ID":77},{"utility":37.5,"ID":78}],[{"utility":0,"ID":25},{"utility":0,"ID":57}],[{"utility":0,"ID":44}],[],[{"utility":0,"ID":51}],[{"utility":0,"ID":70},{"utility":0,"ID":80},{"utility":0,"ID":81}],[{"utility":0,"ID":38},{"utility":0,"ID":41},{"utility":0,"ID":74}],[{"utility":27,"ID":20},{"utility":24.666666666666668,"ID":40},{"utility":26.333333333333332,"ID":88},{"utility":0,"ID":97}],[{"utility":0,"ID":6},{"utility":28.333333333333332,"ID":29},{"utility":0,"ID":59},{"utility":22,"ID":72}],[{"utility":0,"ID":24},{"utility":81,"ID":62}],[{"utility":42,"ID":18},{"utility":0,"ID":82}],[{"utility":0,"ID":79},{"utility":2,"ID":87}],[{"utility":0,"ID":5},{"utility":0,"ID":71},{"utility":37.5,"ID":93}],[{"utility":0,"ID":34}],[{"utility":0,"ID":28},{"utility":97,"ID":43}],[{"utility":24,"ID":37},{"utility":50,"ID":64}],[{"utility":0,"ID":92}],[{"utility":0,"ID":19},{"utility":38.5,"ID":21},{"utility":44.5,"ID":58}],[{"utility":37,"ID":17},{"utility":0,"ID":36},{"utility":41,"ID":68}],[{"utility":13,"ID":46},{"utility":24.333333333333332,"ID":49},{"utility":0,"ID":76},{"utility":30,"ID":91}],[{"utility":2.5,"ID":27},{"utility":0,"ID":61},{"utility":0,"ID":95}],[{"utility":39,"ID":48},{"utility":0,"ID":60},{"utility":0,"ID":100}],[{"utility":0,"ID":63},{"utility":0,"ID":86}],[{"utility":0,"ID":52}],[],[{"utility":17.25,"ID":4},{"utility":2.75,"ID":7},{"utility":3.5,"ID":31},{"utility":0,"ID":50},{"utility":0,"ID":69}],[{"utility":0,"ID":16}],[{"utility":0,"ID":45}],[{"utility":0,"ID":22},{"utility":23.25,"ID":30},{"utility":23.5,"ID":73},{"utility":0,"ID":94},{"utility":17,"ID":96}],[{"utility":0,"ID":26},{"utility":0,"ID":75}],[],[{"utility":81,"ID":1},{"utility":0,"ID":10}],[{"utility":0,"ID":11}],[{"utility":0,"ID":33}],[{"utility":91,"ID":2},{"utility":0,"ID":15}],[{"utility":0,"ID":12},{"utility":69,"ID":85}],[{"utility":0,"ID":9},{"utility":0,"ID":83}],[{"utility":13.5,"ID":14},{"utility":7,"ID":66},{"utility":0,"ID":89}],[{"utility":0,"ID":13}],[{"utility":0,"ID":67}],[],[],[{"utility":49,"ID":56},{"utility":0,"ID":98}],[{"utility":0,"ID":3},{"utility":0,"ID":32}],[{"utility":46,"ID":8},{"utility":0,"ID":53},{"utility":7,"ID":54}],[],[{"utility":0,"ID":35},{"utility":0,"ID":42},{"utility":0,"ID":99}],[{"utility":0,"ID":23},{"utility":12,"ID":39}],[],[],[],[],[],[],[],[],[],[],[],[],[],[],[],[],[],[],[],[],[],[],[],[],[],[],[],[],[],[],[],[],[],[],[],[],[],[],[],[],[],[],[],[],[],[],[],[],[],[]],"CORE :":false,"LAST PARTITION":{"88":58,"89":8,"90":2,"91":51,"92":19,"93":15,"94":53,"95":37,"96":55,"97":1,"10":52,"98":56,"11":58,"99":60,"12":60,"13":62,"14":59,"15":32,"16":56,"17":61,"18":63,"19":49,"1":67,"2":38,"3":27,"4":30,"5":44,"6":53,"7":41,"8":54,"9":57,"20":18,"21":33,"22":13,"23":40,"24":36,"25":50,"26":11,"27":32,"28":16,"29":37,"30":55,"31":27,"32":4,"33":40,"34":51,"35":1,"36":6,"37":8,"38":16,"39":10,"40":20,"41":7,"42":18,"43":52,"44":5,"45":43,"46":12,"47":59,"48":24,"49":67,"50":9,"51":21,"52":38,"53":47,"54":54,"55":36,"56":45,"57":13,"58":10,"59":61,"60":29,"61":23,"62":62,"63":25,"64":6,"65":34,"66":11,"67":30,"68":57,"69":28,"70":35,"71":7,"72":50,"73":44,"74":49,"75":26,"76":22,"77":3,"78":20,"79":42,"100":24,"80":4,"81":31,"82":33,"83":39,"84":41,"85":17,"86":25,"87":14}},{"END OF FILE:" : true}]