[{"STARTING PARTITION: ":{"88":35,"89":2,"90":2,"91":24,"92":49,"93":5,"94":11,"95":36,"96":31,"97":8,"10":18,"98":45,"11":21,"99":34,"12":48,"13":44,"14":48,"15":39,"16":43,"17":47,"18":30,"19":49,"1":2,"2":44,"3":31,"4":32,"5":1,"6":30,"7":45,"8":34,"9":19,"20":1,"21":25,"22":33,"23":5,"24":33,"25":7,"26":43,"27":25,"28":2,"29":22,"30":16,"31":21,"32":4,"33":1,"34":19,"35":12,"36":47,"37":8,"38":35,"39":41,"40":7,"41":24,"42":19,"43":33,"44":10,"45":16,"46":27,"47":29,"48":12,"49":44,"50":49,"51":17,"52":31,"53":32,"54":39,"55":22,"56":22,"57":2,"58":24,"59":43,"60":48,"61":31,"62":32,"63":29,"64":5,"65":32,"66":28,"67":6,"68":7,"69":3,"70":1,"71":4,"72":44,"73":9,"74":25,"75":25,"76":12,"77":31,"78":32,"79":35,"100":36,"80":16,"81":3,"82":8,"83":16,"84":17,"85":11,"86":47,"87":32},"Agents":[null,{"utility":78,"ID":1},{"utility":67,"ID":2},{"utility":64,"ID":3},{"utility":47,"ID":4},{"utility":85,"ID":5},{"utility":0,"ID":6},{"utility":51,"ID":7},{"utility":68,"ID":8},{"utility":50,"ID":9},{"utility":70,"ID":10},{"utility":6,"ID":11},{"utility":87,"ID":12},{"utility":66,"ID":13},{"utility":37,"ID":14},{"utility":33,"ID":15},{"utility":16,"ID":16},{"utility":85,"ID":17},{"utility":21,"ID":18},{"utility":50,"ID":19},{"utility":87,"ID":20},{"utility":81,"ID":21},{"utility":87,"ID":22},{"utility":83,"ID":23},{"utility":0,"ID":24},{"utility":0,"ID":25},{"utility":78,"ID":26},{"utility":43,"ID":27},{"utility":88,"ID":28},{"utility":0,"ID":29},{"utility":0,"ID":30},{"utility":44,"ID":31},{"utility":93,"ID":32},{"utility":68,"ID":33},{"utility":94,"ID":34},{"utility":0,"ID":35},{"utility":74,"ID":36},{"utility":0,"ID":37},{"utility":89,"ID":38},{"utility":70,"ID":39},{"utility":79,"ID":40},{"utility":49,"ID":41},{"utility":52,"ID":42},{"utility":12,"ID":43},{"utility":84,"ID":44},{"utility":64,"ID":45},{"utility":69,"ID":46},{"utility":46,"ID":47},{"utility":50,"ID":48},{"utility":79,"ID":49},{"utility":99,"ID":50},{"utility":91,"ID":51},{"utility":12,"ID":52},{"utility":99,"ID":53},{"utility":90,"ID":54},{"utility":66,"ID":55},{"utility":46,"ID":56},{"utility":90,"ID":57},{"utility":28,"ID":58},{"utility":75,"ID":59},{"utility":75,"ID":60},{"utility":59,"ID":61},{"utility":0,"ID":62},{"utility":95,"ID":63},{"utility":97,"ID":64},{"utility":72,"ID":65},{"utility":83,"ID":66},{"utility":65,"ID":67},{"utility":85,"ID":68},{"utility":70,"ID":69},{"utility":12,"ID":70},{"utility":61,"ID":71},{"utility":94,"ID":72},{"utility":80,"ID":73},{"utility":61,"ID":74},{"utility":67,"ID":75},{"utility":0,"ID":76},{"utility":0,"ID":77},{"utility":0,"ID":78},{"utility":78,"ID":79},{"utility":72,"ID":80},{"utility":23,"ID":81},{"utility":60,"ID":82},{"utility":98,"ID":83},{"utility":19,"ID":84},{"utility":4,"ID":85},{"utility":51,"ID":86},{"utility":66,"ID":87},{"utility":0,"ID":88},{"utility":21,"ID":89},{"utility":98,"ID":90},{"utility":85,"ID":91},{"utility":72,"ID":92},{"utility":97,"ID":93},{"utility":59,"ID":94},{"utility":21,"ID":95},{"utility":89,"ID":96},{"utility":62,"ID":97},{"utility":99,"ID":98},{"utility":59,"ID":99},{"utility":86,"ID":100}],"LAST COALITION":[[],[{"utility":94,"ID":34},{"utility":75,"ID":60}],[{"utility":64,"ID":45},{"utility":59,"ID":61}],[{"utility":89,"ID":38},{"utility":85,"ID":91}],[{"utility":99,"ID":53},{"utility":28,"ID":58}],[{"utility":79,"ID":49},{"utility":69,"ID":46}],[{"utility":16,"ID":16},{"utility":49,"ID":41}],[{"utility":66,"ID":87},{"utility":79,"ID":40}],[{"utility":19,"ID":84},{"utility":98,"ID":90}],[{"utility":85,"ID":5},{"utility":80,"ID":73}],[{"utility":23,"ID":81},{"utility":98,"ID":83}],[{"utility":0,"ID":24}],[{"utility":62,"ID":97},{"utility":94,"ID":72}],[{"utility":65,"ID":67},{"utility":47,"ID":4}],[{"utility":74,"ID":36},{"utility":70,"ID":69}],[{"utility":75,"ID":59},{"utility":46,"ID":47}],[],[{"utility":4,"ID":85},{"utility":97,"ID":93}],[{"utility":89,"ID":96},{"utility":43,"ID":27}],[{"utility":0,"ID":35}],[{"utility":0,"ID":29}],[{"utility":90,"ID":54},{"utility":88,"ID":28}],[{"utility":83,"ID":66},{"utility":70,"ID":39}],[{"utility":68,"ID":33},{"utility":91,"ID":51}],[{"utility":61,"ID":71},{"utility":46,"ID":56}],[{"utility":0,"ID":25}],[{"utility":68,"ID":8},{"utility":12,"ID":43}],[{"utility":0,"ID":30}],[],[],[{"utility":21,"ID":18},{"utility":51,"ID":7}],[{"utility":0,"ID":77}],[{"utility":0,"ID":62},{"utility":0,"ID":78}],[{"utility":93,"ID":32},{"utility":44,"ID":31}],[{"utility":85,"ID":68},{"utility":21,"ID":89}],[{"utility":0,"ID":88}],[{"utility":0,"ID":76}],[{"utility":78,"ID":1},{"utility":67,"ID":75}],[{"utility":99,"ID":98},{"utility":83,"ID":23}],[{"utility":50,"ID":19},{"utility":78,"ID":79}],[{"utility":59,"ID":99},{"utility":66,"ID":55}],[{"utility":0,"ID":37}],[{"utility":50,"ID":48},{"utility":97,"ID":64}],[{"utility":85,"ID":17},{"utility":95,"ID":63}],[{"utility":0,"ID":6}],[{"utility":60,"ID":82},{"utility":59,"ID":94}],[{"utility":72,"ID":80},{"utility":86,"ID":100}],[{"utility":81,"ID":21},{"utility":21,"ID":95}],[{"utility":52,"ID":42},{"utility":84,"ID":44}],[{"utility":64,"ID":3},{"utility":12,"ID":70}],[{"utility":67,"ID":2},{"utility":99,"ID":50}],[],[],[{"utility":90,"ID":57},{"utility":6,"ID":11}],[{"utility":87,"ID":22},{"utility":33,"ID":15}],[],[{"utility":87,"ID":20},{"utility":51,"ID":86}],[{"utility":70,"ID":10},{"utility":66,"ID":13}],[{"utility":72,"ID":65},{"utility":87,"ID":12}],[],[{"utility":72,"ID":92},{"utility":37,"ID":14}],[{"utility":12,"ID":52},{"utility":50,"ID":9}],[],[],[{"utility":78,"ID":26},{"utility":61,"ID":74}],[],[],[],[],[],[],[],[],[],[],[],[],[],[],[],[],[],[],[],[],[],[],[],[],[],[],[],[],[],[],[],[],[],[],[],[]],"STARTING COALITION: ":[[null],[{"utility":0,"ID":5},{"utility":9.333333333333334,"ID":20},{"utility":0,"ID":33},{"utility":0,"ID":70}],[{"utility":2.75,"ID":1},{"utility":0,"ID":28},{"utility":0,"ID":57},{"utility":10,"ID":89},{"utility":4.75,"ID":90}],[{"utility":42,"ID":69},{"utility":0,"ID":81}],[{"utility":0,"ID":32},{"utility":0,"ID":71}],[{"utility":0,"ID":23},{"utility":0,"ID":64},{"utility":0,"ID":93}],[{"utility":0,"ID":67}],[{"utility":8.5,"ID":25},{"utility":0,"ID":40},{"utility":0,"ID":68}],[{"utility":0,"ID":37},{"utility":0,"ID":82},{"utility":0,"ID":97}],[{"utility":0,"ID":73}],[{"utility":0,"ID":44}],[{"utility":0,"ID":85},{"utility":0,"ID":94}],[{"utility":17.5,"ID":35},{"utility":0,"ID":48},{"utility":0,"ID":76}],[],[],[],[{"utility":11.666666666666666,"ID":30},{"utility":0,"ID":45},{"utility":0,"ID":80},{"utility":1.6666666666666667,"ID":83}],[{"utility":0,"ID":51},{"utility":0,"ID":84}],[{"utility":0,"ID":10}],[{"utility":0,"ID":9},{"utility":0,"ID":34},{"utility":28,"ID":42}],[],[{"utility":0,"ID":11},{"utility":0,"ID":31}],[{"utility":0,"ID":29},{"utility":45.5,"ID":55},{"utility":0,"ID":56}],[],[{"utility":12.5,"ID":41},{"utility":16.5,"ID":58},{"utility":0,"ID":91}],[{"utility":0,"ID":21},{"utility":0,"ID":27},{"utility":0,"ID":74},{"utility":0,"ID":75}],[],[{"utility":0,"ID":46}],[{"utility":0,"ID":66}],[{"utility":0,"ID":47},{"utility":0,"ID":63}],[{"utility":0,"ID":6},{"utility":48,"ID":18}],[{"utility":44.5,"ID":3},{"utility":0,"ID":52},{"utility":0,"ID":61},{"utility":0,"ID":77},{"utility":11.25,"ID":96}],[{"utility":28.8,"ID":4},{"utility":12.6,"ID":53},{"utility":5,"ID":62},{"utility":4.2,"ID":65},{"utility":0,"ID":78},{"utility":7.4,"ID":87}],[{"utility":0,"ID":22},{"utility":19.5,"ID":24},{"utility":0,"ID":43}],[{"utility":0,"ID":8},{"utility":0,"ID":99}],[{"utility":0,"ID":38},{"utility":0,"ID":79},{"utility":0,"ID":88}],[{"utility":0,"ID":95},{"utility":0,"ID":100}],[],[],[{"utility":12,"ID":15},{"utility":20,"ID":54}],[],[{"utility":0,"ID":39}],[],[{"utility":0,"ID":16},{"utility":31.5,"ID":26},{"utility":0,"ID":59}],[{"utility":13,"ID":2},{"utility":4,"ID":13},{"utility":45.333333333333336,"ID":49},{"utility":0,"ID":72}],[{"utility":0,"ID":7},{"utility":0,"ID":98}],[],[{"utility":14.5,"ID":17},{"utility":0,"ID":36},{"utility":0,"ID":86}],[{"utility":0,"ID":12},{"utility":2,"ID":14},{"utility":0,"ID":60}],[{"utility":14,"ID":19},{"utility":0,"ID":50},{"utility":0,"ID":92}],[],[],[],[],[],[],[],[],[],[],[],[],[],[],[],[],[],[],[],[],[],[],[],[],[],[],[],[],[],[],[],[],[],[],[],[],[],[],[],[],[],[],[],[],[],[],[],[],[],[],[]],"CORE :":true,"LAST PARTITION":{"88":35,"89":34,"90":8,"91":3,"92":60,"93":17,"94":45,"95":47,"96":18,"97":12,"10":57,"98":38,"11":53,"99":40,"12":58,"13":57,"14":60,"15":54,"16":6,"17":43,"18":30,"19":39,"1":37,"2":50,"3":49,"4":13,"5":9,"6":44,"7":30,"8":26,"9":61,"20":56,"21":47,"22":54,"23":38,"24":11,"25":25,"26":64,"27":18,"28":21,"29":20,"30":27,"31":33,"32":33,"33":23,"34":1,"35":19,"36":14,"37":41,"38":3,"39":22,"40":7,"41":6,"42":48,"43":26,"44":48,"45":2,"46":5,"47":15,"48":42,"49":5,"50":50,"51":23,"52":61,"53":4,"54":21,"55":40,"56":24,"57":53,"58":4,"59":15,"60":1,"61":2,"62":32,"63":43,"64":42,"65":58,"66":22,"67":13,"68":34,"69":14,"70":49,"71":24,"72":12,"73":9,"74":64,"75":37,"76":36,"77":31,"78":32,"79":39,"100":46,"80":46,"81":10,"82":45,"83":10,"84":8,"85":17,"86":56,"87":7}},{"END OF FILE:" : true}]