[{"STARTING PARTITION: ":{"88":18,"89":48,"90":38,"91":22,"92":5,"93":24,"94":40,"95":50,"96":9,"97":41,"10":2,"98":48,"11":27,"99":24,"12":28,"13":8,"14":16,"15":15,"16":44,"17":27,"18":26,"19":34,"1":40,"2":25,"3":35,"4":30,"5":17,"6":46,"7":3,"8":29,"9":35,"20":20,"21":22,"22":7,"23":37,"24":8,"25":24,"26":41,"27":30,"28":12,"29":31,"30":23,"31":33,"32":11,"33":6,"34":35,"35":14,"36":45,"37":23,"38":1,"39":2,"40":22,"41":46,"42":15,"43":35,"44":47,"45":9,"46":9,"47":6,"48":47,"49":31,"50":37,"51":9,"52":5,"53":45,"54":17,"55":11,"56":50,"57":27,"58":33,"59":37,"60":33,"61":27,"62":34,"63":44,"64":43,"65":10,"66":49,"67":45,"68":40,"69":41,"70":35,"71":10,"72":13,"73":1,"74":5,"75":31,"76":47,"77":5,"78":39,"79":8,"100":6,"80":34,"81":9,"82":49,"83":26,"84":28,"85":33,"86":8,"87":37},"Agents":[null,{"utility":83,"ID":1},{"utility":90,"ID":2},{"utility":94,"ID":3},{"utility":0,"ID":4},{"utility":84,"ID":5},{"utility":83,"ID":6},{"utility":0,"ID":7},{"utility":85,"ID":8},{"utility":81,"ID":9},{"utility":88,"ID":10},{"utility":54,"ID":11},{"utility":0,"ID":12},{"utility":98,"ID":13},{"utility":12,"ID":14},{"utility":0,"ID":15},{"utility":82,"ID":16},{"utility":76,"ID":17},{"utility":81,"ID":18},{"utility":0,"ID":19},{"utility":58,"ID":20},{"utility":42,"ID":21},{"utility":94,"ID":22},{"utility":83,"ID":23},{"utility":42,"ID":24},{"utility":84,"ID":25},{"utility":61,"ID":26},{"utility":85,"ID":27},{"utility":98,"ID":28},{"utility":0,"ID":29},{"utility":97,"ID":30},{"utility":0,"ID":31},{"utility":51,"ID":32},{"utility":93,"ID":33},{"utility":18,"ID":34},{"utility":72,"ID":35},{"utility":94,"ID":36},{"utility":0,"ID":37},{"utility":0,"ID":38},{"utility":75,"ID":39},{"utility":46,"ID":40},{"utility":70,"ID":41},{"utility":0,"ID":42},{"utility":94,"ID":43},{"utility":57,"ID":44},{"utility":99,"ID":45},{"utility":91,"ID":46},{"utility":0,"ID":47},{"utility":0,"ID":48},{"utility":72,"ID":49},{"utility":6,"ID":50},{"utility":88,"ID":51},{"utility":51,"ID":52},{"utility":80,"ID":53},{"utility":0,"ID":54},{"utility":81,"ID":55},{"utility":99,"ID":56},{"utility":55,"ID":57},{"utility":0,"ID":58},{"utility":0,"ID":59},{"utility":49,"ID":60},{"utility":93,"ID":61},{"utility":0,"ID":62},{"utility":74,"ID":63},{"utility":27,"ID":64},{"utility":0,"ID":65},{"utility":0,"ID":66},{"utility":68,"ID":67},{"utility":70,"ID":68},{"utility":84,"ID":69},{"utility":0,"ID":70},{"utility":62,"ID":71},{"utility":80,"ID":72},{"utility":0,"ID":73},{"utility":71,"ID":74},{"utility":45,"ID":75},{"utility":60,"ID":76},{"utility":61,"ID":77},{"utility":33,"ID":78},{"utility":0,"ID":79},{"utility":0,"ID":80},{"utility":14,"ID":81},{"utility":25,"ID":82},{"utility":95,"ID":83},{"utility":57,"ID":84},{"utility":99,"ID":85},{"utility":0,"ID":86},{"utility":0,"ID":87},{"utility":43,"ID":88},{"utility":0,"ID":89},{"utility":56,"ID":90},{"utility":0,"ID":91},{"utility":93,"ID":92},{"utility":66,"ID":93},{"utility":0,"ID":94},{"utility":87,"ID":95},{"utility":0,"ID":96},{"utility":0,"ID":97},{"utility":32,"ID":98},{"utility":36,"ID":99},{"utility":98,"ID":100}],"LAST COALITION":[[],[{"utility":0,"ID":73}],[{"utility":6,"ID":50},{"utility":68,"ID":67}],[],[{"utility":81,"ID":55},{"utility":85,"ID":8}],[{"utility":51,"ID":52},{"utility":98,"ID":100}],[{"utility":84,"ID":25},{"utility":49,"ID":60}],[{"utility":88,"ID":10},{"utility":33,"ID":78}],[{"utility":0,"ID":79},{"utility":0,"ID":86}],[{"utility":0,"ID":96}],[{"utility":0,"ID":65}],[{"utility":43,"ID":88},{"utility":97,"ID":30}],[{"utility":0,"ID":58}],[{"utility":62,"ID":71},{"utility":85,"ID":27}],[{"utility":75,"ID":39},{"utility":56,"ID":90}],[{"utility":0,"ID":15},{"utility":0,"ID":42}],[{"utility":25,"ID":82},{"utility":12,"ID":14}],[{"utility":0,"ID":38}],[{"utility":94,"ID":22},{"utility":74,"ID":63}],[{"utility":83,"ID":1},{"utility":80,"ID":53}],[{"utility":88,"ID":51},{"utility":58,"ID":20}],[{"utility":82,"ID":16},{"utility":90,"ID":2}],[{"utility":0,"ID":91}],[{"utility":93,"ID":33},{"utility":66,"ID":93}],[{"utility":94,"ID":36},{"utility":71,"ID":74}],[{"utility":72,"ID":35},{"utility":36,"ID":99}],[{"utility":83,"ID":6},{"utility":93,"ID":92}],[{"utility":55,"ID":57},{"utility":93,"ID":61}],[{"utility":84,"ID":69},{"utility":91,"ID":46}],[{"utility":27,"ID":64},{"utility":70,"ID":41}],[{"utility":42,"ID":24},{"utility":99,"ID":56}],[{"utility":0,"ID":29}],[{"utility":18,"ID":34},{"utility":98,"ID":28}],[{"utility":0,"ID":31},{"utility":99,"ID":85}],[{"utility":0,"ID":62},{"utility":0,"ID":80}],[{"utility":0,"ID":70}],[{"utility":72,"ID":49},{"utility":94,"ID":3}],[{"utility":0,"ID":59},{"utility":0,"ID":87}],[{"utility":98,"ID":13},{"utility":87,"ID":95}],[{"utility":61,"ID":26},{"utility":94,"ID":43}],[{"utility":0,"ID":94}],[{"utility":0,"ID":97}],[{"utility":0,"ID":47}],[{"utility":70,"ID":68},{"utility":57,"ID":44}],[{"utility":0,"ID":37}],[{"utility":76,"ID":17},{"utility":61,"ID":77}],[{"utility":60,"ID":76},{"utility":99,"ID":45}],[{"utility":57,"ID":84},{"utility":54,"ID":11}],[{"utility":0,"ID":89}],[{"utility":0,"ID":54}],[{"utility":14,"ID":81},{"utility":83,"ID":23}],[{"utility":46,"ID":40},{"utility":45,"ID":75}],[{"utility":32,"ID":98},{"utility":81,"ID":9}],[{"utility":0,"ID":7}],[{"utility":0,"ID":48}],[{"utility":95,"ID":83},{"utility":84,"ID":5}],[{"utility":0,"ID":4}],[{"utility":0,"ID":12}],[{"utility":0,"ID":19}],[{"utility":0,"ID":66}],[{"utility":81,"ID":18},{"utility":80,"ID":72}],[],[{"utility":51,"ID":32},{"utility":42,"ID":21}],[],[],[],[],[],[],[],[],[],[],[],[],[],[],[],[],[],[],[],[],[],[],[],[],[],[],[],[],[],[],[],[],[],[],[],[],[],[]],"STARTING COALITION: ":[[null],[{"utility":0,"ID":38},{"utility":0,"ID":73}],[{"utility":0,"ID":10},{"utility":0,"ID":39}],[{"utility":0,"ID":7}],[],[{"utility":0,"ID":52},{"utility":25.333333333333332,"ID":74},{"utility":0,"ID":77},{"utility":31.666666666666668,"ID":92}],[{"utility":0,"ID":33},{"utility":0,"ID":47},{"utility":0,"ID":100}],[{"utility":0,"ID":22}],[{"utility":27.333333333333332,"ID":13},{"utility":2,"ID":24},{"utility":0,"ID":79},{"utility":13.666666666666666,"ID":86}],[{"utility":17.75,"ID":45},{"utility":0,"ID":46},{"utility":21.75,"ID":51},{"utility":2.25,"ID":81},{"utility":31.25,"ID":96}],[{"utility":0,"ID":65},{"utility":0,"ID":71}],[{"utility":6,"ID":32},{"utility":0,"ID":55}],[{"utility":0,"ID":28}],[{"utility":0,"ID":72}],[{"utility":0,"ID":35}],[{"utility":0,"ID":15},{"utility":0,"ID":42}],[{"utility":0,"ID":14}],[{"utility":0,"ID":5},{"utility":59,"ID":54}],[{"utility":0,"ID":88}],[],[{"utility":0,"ID":20}],[],[{"utility":11,"ID":21},{"utility":0,"ID":40},{"utility":0,"ID":91}],[{"utility":0,"ID":30},{"utility":0,"ID":37}],[{"utility":26,"ID":25},{"utility":0,"ID":93},{"utility":9.5,"ID":99}],[{"utility":0,"ID":2}],[{"utility":0,"ID":18},{"utility":0,"ID":83}],[{"utility":24.666666666666668,"ID":11},{"utility":0,"ID":17},{"utility":34.666666666666664,"ID":57},{"utility":37.666666666666664,"ID":61}],[{"utility":0,"ID":12},{"utility":0,"ID":84}],[{"utility":0,"ID":8}],[{"utility":0,"ID":4},{"utility":0,"ID":27}],[{"utility":0,"ID":29},{"utility":0,"ID":49},{"utility":0,"ID":75}],[],[{"utility":11.333333333333334,"ID":31},{"utility":18.666666666666668,"ID":58},{"utility":9.666666666666666,"ID":60},{"utility":33,"ID":85}],[{"utility":0,"ID":19},{"utility":0,"ID":62},{"utility":28.5,"ID":80}],[{"utility":0,"ID":3},{"utility":16.25,"ID":9},{"utility":9,"ID":34},{"utility":27.25,"ID":43},{"utility":12.75,"ID":70}],[],[{"utility":30,"ID":23},{"utility":0,"ID":50},{"utility":27.666666666666668,"ID":59},{"utility":0,"ID":87}],[{"utility":0,"ID":90}],[{"utility":0,"ID":78}],[{"utility":0,"ID":1},{"utility":0,"ID":68},{"utility":0,"ID":94}],[{"utility":31.5,"ID":26},{"utility":0,"ID":69},{"utility":29,"ID":97}],[],[{"utility":0,"ID":64}],[{"utility":0,"ID":16},{"utility":0,"ID":63}],[{"utility":0,"ID":36},{"utility":0,"ID":53},{"utility":0,"ID":67}],[{"utility":0,"ID":6},{"utility":75,"ID":41}],[{"utility":0,"ID":44},{"utility":0,"ID":48},{"utility":0,"ID":76}],[{"utility":57,"ID":89},{"utility":0,"ID":98}],[{"utility":0,"ID":66},{"utility":0,"ID":82}],[{"utility":76,"ID":56},{"utility":0,"ID":95}],[],[],[],[],[],[],[],[],[],[],[],[],[],[],[],[],[],[],[],[],[],[],[],[],[],[],[],[],[],[],[],[],[],[],[],[],[],[],[],[],[],[],[],[],[],[],[],[],[],[]],"CORE :":false,"LAST PARTITION":{"88":11,"89":48,"90":14,"91":22,"92":26,"93":23,"94":40,"95":38,"96":9,"97":41,"10":7,"98":52,"11":47,"99":25,"12":57,"13":38,"14":16,"15":15,"16":21,"17":45,"18":60,"19":58,"1":19,"2":21,"3":36,"4":56,"5":55,"6":26,"7":53,"8":4,"9":52,"20":20,"21":62,"22":18,"23":50,"24":30,"25":6,"26":39,"27":13,"28":32,"29":31,"30":11,"31":33,"32":62,"33":23,"34":32,"35":25,"36":24,"37":44,"38":17,"39":14,"40":51,"41":29,"42":15,"43":39,"44":43,"45":46,"46":28,"47":42,"48":54,"49":36,"50":2,"51":20,"52":5,"53":19,"54":49,"55":4,"56":30,"57":27,"58":12,"59":37,"60":6,"61":27,"62":34,"63":18,"64":29,"65":10,"66":59,"67":2,"68":43,"69":28,"70":35,"71":13,"72":60,"73":1,"74":24,"75":51,"76":46,"77":45,"78":7,"79":8,"100":5,"80":34,"81":50,"82":16,"83":55,"84":47,"85":33,"86":8,"87":37}},{"END OF FILE:" : true}]