[{"STARTING PARTITION: ":{"1":2,"2":1,"3":1,"4":2,"5":1},"Agents":[null,{"utility":42,"ID":1},{"utility":62.5,"ID":2},{"utility":53,"ID":3},{"utility":68,"ID":4},{"utility":56,"ID":5}],"LAST COALITION":[[],[{"utility":62.5,"ID":2},{"utility":53,"ID":3},{"utility":56,"ID":5}],[{"utility":42,"ID":1},{"utility":68,"ID":4}],[],[],[]],"STARTING COALITION: ":[[null],[{"utility":62.5,"ID":2},{"utility":53,"ID":3},{"utility":56,"ID":5}],[{"utility":42,"ID":1},{"utility":68,"ID":4}],[],[],[]],"CORE :":true,"LAST PARTITION":{"1":2,"2":1,"3":1,"4":2,"5":1}},{"END OF FILE:" : true}]