[{"STARTING PARTITION: ":{"1":5,"2":2,"3":1,"4":1,"5":4,"6":5,"7":4,"8":3,"9":3,"10":5},"Agents":[null,{"utility":96,"ID":1},{"utility":0,"ID":2},{"utility":52,"ID":3},{"utility":0,"ID":4},{"utility":47,"ID":5},{"utility":83,"ID":6},{"utility":0,"ID":7},{"utility":95,"ID":8},{"utility":68,"ID":9},{"utility":0,"ID":10}],"LAST COALITION":[[],[{"utility":83,"ID":6},{"utility":68,"ID":9}],[{"utility":52,"ID":3},{"utility":47,"ID":5}],[{"utility":0,"ID":7}],[],[{"utility":0,"ID":10}],[{"utility":96,"ID":1},{"utility":95,"ID":8}],[{"utility":0,"ID":4}],[{"utility":0,"ID":2}],[],[]],"STARTING COALITION: ":[[null],[{"utility":13,"ID":3},{"utility":57,"ID":4}],[{"utility":0,"ID":2}],[{"utility":64,"ID":8},{"utility":78,"ID":9}],[{"utility":85,"ID":5},{"utility":43,"ID":7}],[{"utility":55,"ID":1},{"utility":38,"ID":6},{"utility":69.5,"ID":10}],[],[],[],[],[]],"CORE :":false,"LAST PARTITION":{"1":6,"2":8,"3":2,"4":7,"5":2,"6":1,"7":3,"8":6,"9":1,"10":5}},{"END OF FILE:" : true}]