[{"STARTING PARTITION: ":{"1":3,"2":1,"3":2,"4":2,"5":1,"6":2},"Agents":[null,{"utility":99,"ID":1},{"utility":87,"ID":2},{"utility":14,"ID":3},{"utility":91,"ID":4},{"utility":86,"ID":5},{"utility":36,"ID":6}],"LAST COALITION":[[],[],[],[{"utility":87,"ID":2},{"utility":91,"ID":4}],[{"utility":14,"ID":3},{"utility":36,"ID":6}],[{"utility":99,"ID":1},{"utility":86,"ID":5}],[]],"STARTING COALITION: ":[[null],[{"utility":26,"ID":2},{"utility":91,"ID":5}],[{"utility":54,"ID":3},{"utility":52,"ID":4},{"utility":35.5,"ID":6}],[{"utility":0,"ID":1}],[],[],[]],"CORE :":true,"LAST PARTITION":{"1":5,"2":3,"3":4,"4":3,"5":5,"6":4}},{"STARTING PARTITION: ":{"1":1,"2":3,"3":2,"4":3,"5":1,"6":3},"Agents":[null,{"utility":99,"ID":1},{"utility":87,"ID":2},{"utility":14,"ID":3},{"utility":91,"ID":4},{"utility":86,"ID":5},{"utility":36,"ID":6}],"LAST COALITION":[[],[{"utility":99,"ID":1},{"utility":86,"ID":5}],[{"utility":87,"ID":2},{"utility":91,"ID":4}],[],[],[{"utility":14,"ID":3},{"utility":36,"ID":6}],[]],"STARTING COALITION: ":[[null],[{"utility":99,"ID":1},{"utility":86,"ID":5}],[{"utility":0,"ID":3}],[{"utility":62.5,"ID":2},{"utility":60,"ID":4},{"utility":34,"ID":6}],[],[],[]],"CORE :":true,"LAST PARTITION":{"1":1,"2":2,"3":5,"4":2,"5":1,"6":5}},{"STARTING PARTITION: ":{"1":1,"2":2,"3":1,"4":3,"5":1,"6":3},"Agents":[null,{"utility":99,"ID":1},{"utility":87,"ID":2},{"utility":14,"ID":3},{"utility":91,"ID":4},{"utility":86,"ID":5},{"utility":36,"ID":6}],"LAST COALITION":[[],[{"utility":87,"ID":2},{"utility":91,"ID":4}],[{"utility":14,"ID":3},{"utility":36,"ID":6}],[],[{"utility":99,"ID":1},{"utility":86,"ID":5}],[],[]],"STARTING COALITION: ":[[null],[{"utility":98.5,"ID":1},{"utility":51.5,"ID":3},{"utility":80,"ID":5}],[{"utility":0,"ID":2}],[{"utility":29,"ID":4},{"utility":35,"ID":6}],[],[],[]],"CORE :":true,"LAST PARTITION":{"1":4,"2":1,"3":2,"4":1,"5":4,"6":2}},{"STARTING PARTITION: ":{"1":1,"2":1,"3":3,"4":1,"5":2,"6":2},"Agents":[null,{"utility":99,"ID":1},{"utility":87,"ID":2},{"utility":14,"ID":3},{"utility":91,"ID":4},{"utility":86,"ID":5},{"utility":36,"ID":6}],"LAST COALITION":[[],[{"utility":87,"ID":2},{"utility":91,"ID":4}],[],[{"utility":99,"ID":1},{"utility":86,"ID":5}],[],[{"utility":14,"ID":3},{"utility":36,"ID":6}],[]],"STARTING COALITION: ":[[null],[{"utility":74,"ID":1},{"utility":74.5,"ID":2},{"utility":55.5,"ID":4}],[{"utility":6,"ID":5},{"utility":56,"ID":6}],[{"utility":0,"ID":3}],[],[],[]],"CORE :":true,"LAST PARTITION":{"1":3,"2":1,"3":5,"4":1,"5":3,"6":5}},{"STARTING PARTITION: ":{"1":2,"2":3,"3":2,"4":3,"5":3,"6":3},"Agents":[null,{"utility":99,"ID":1},{"utility":87,"ID":2},{"utility":14,"ID":3},{"utility":91,"ID":4},{"utility":86,"ID":5},{"utility":36,"ID":6}],"LAST COALITION":[[],[{"utility":99,"ID":1},{"utility":86,"ID":5}],[{"utility":87,"ID":2},{"utility":91,"ID":4}],[],[],[{"utility":14,"ID":3},{"utility":36,"ID":6}],[]],"STARTING COALITION: ":[[null],[],[{"utility":98,"ID":1},{"utility":64,"ID":3}],[{"utility":50.333333333333336,"ID":2},{"utility":69.66666666666667,"ID":4},{"utility":61,"ID":5},{"utility":41.333333333333336,"ID":6}],[],[],[]],"CORE :":true,"LAST PARTITION":{"1":1,"2":2,"3":5,"4":2,"5":1,"6":5}},{"STARTING PARTITION: ":{"1":2,"2":2,"3":3,"4":1,"5":3,"6":2},"Agents":[null,{"utility":99,"ID":1},{"utility":87,"ID":2},{"utility":14,"ID":3},{"utility":91,"ID":4},{"utility":86,"ID":5},{"utility":36,"ID":6}],"LAST COALITION":[[],[{"utility":14,"ID":3},{"utility":36,"ID":6}],[],[],[{"utility":87,"ID":2},{"utility":91,"ID":4}],[],[{"utility":99,"ID":1},{"utility":86,"ID":5}]],"STARTING COALITION: ":[[null],[{"utility":0,"ID":4}],[{"utility":82,"ID":1},{"utility":50,"ID":2},{"utility":29,"ID":6}],[{"utility":39,"ID":3},{"utility":74,"ID":5}],[],[],[]],"CORE :":true,"LAST PARTITION":{"1":6,"2":4,"3":1,"4":4,"5":6,"6":1}},{"STARTING PARTITION: ":{"1":2,"2":1,"3":3,"4":3,"5":2,"6":2},"Agents":[null,{"utility":99,"ID":1},{"utility":87,"ID":2},{"utility":14,"ID":3},{"utility":91,"ID":4},{"utility":86,"ID":5},{"utility":36,"ID":6}],"LAST COALITION":[[],[{"utility":99,"ID":1},{"utility":86,"ID":5}],[],[],[{"utility":14,"ID":3},{"utility":36,"ID":6}],[{"utility":87,"ID":2},{"utility":91,"ID":4}],[]],"STARTING COALITION: ":[[null],[{"utility":0,"ID":2}],[{"utility":85.5,"ID":1},{"utility":46,"ID":5},{"utility":40.5,"ID":6}],[{"utility":94,"ID":3},{"utility":75,"ID":4}],[],[],[]],"CORE :":true,"LAST PARTITION":{"1":1,"2":5,"3":4,"4":5,"5":1,"6":4}},{"STARTING PARTITION: ":{"1":3,"2":1,"3":3,"4":3,"5":3,"6":1},"Agents":[null,{"utility":99,"ID":1},{"utility":87,"ID":2},{"utility":14,"ID":3},{"utility":91,"ID":4},{"utility":86,"ID":5},{"utility":36,"ID":6}],"LAST COALITION":[[],[],[{"utility":14,"ID":3},{"utility":36,"ID":6}],[],[{"utility":99,"ID":1},{"utility":86,"ID":5}],[{"utility":87,"ID":2},{"utility":91,"ID":4}],[]],"STARTING COALITION: ":[[null],[{"utility":38,"ID":2},{"utility":33,"ID":6}],[],[{"utility":84.33333333333333,"ID":1},{"utility":65.66666666666667,"ID":3},{"utility":61.333333333333336,"ID":4},{"utility":82,"ID":5}],[],[],[]],"CORE :":true,"LAST PARTITION":{"1":4,"2":5,"3":2,"4":5,"5":4,"6":2}},{"STARTING PARTITION: ":{"1":2,"2":1,"3":1,"4":1,"5":2,"6":2},"Agents":[null,{"utility":99,"ID":1},{"utility":87,"ID":2},{"utility":14,"ID":3},{"utility":91,"ID":4},{"utility":86,"ID":5},{"utility":36,"ID":6}],"LAST COALITION":[[],[],[],[{"utility":99,"ID":1},{"utility":86,"ID":5}],[{"utility":87,"ID":2},{"utility":91,"ID":4}],[{"utility":14,"ID":3},{"utility":36,"ID":6}],[]],"STARTING COALITION: ":[[null],[{"utility":79.5,"ID":2},{"utility":69,"ID":3},{"utility":83,"ID":4}],[{"utility":85.5,"ID":1},{"utility":46,"ID":5},{"utility":40.5,"ID":6}],[],[],[],[]],"CORE :":true,"LAST PARTITION":{"1":3,"2":4,"3":5,"4":4,"5":3,"6":5}},{"STARTING PARTITION: ":{"1":1,"2":1,"3":2,"4":3,"5":2,"6":2},"Agents":[null,{"utility":99,"ID":1},{"utility":87,"ID":2},{"utility":14,"ID":3},{"utility":91,"ID":4},{"utility":86,"ID":5},{"utility":36,"ID":6}],"LAST COALITION":[[],[{"utility":87,"ID":2},{"utility":91,"ID":4}],[],[{"utility":14,"ID":3},{"utility":36,"ID":6}],[],[{"utility":99,"ID":1},{"utility":86,"ID":5}],[]],"STARTING COALITION: ":[[null],[{"utility":92,"ID":1},{"utility":62,"ID":2}],[{"utility":26.5,"ID":3},{"utility":40,"ID":5},{"utility":46,"ID":6}],[{"utility":0,"ID":4}],[],[],[]],"CORE :":true,"LAST PARTITION":{"1":5,"2":1,"3":3,"4":1,"5":5,"6":3}},{"END OF FILE:" : true}]