[{"STARTING PARTITION: ":{"1":2,"2":1,"3":1,"4":1,"5":1,"6":3,"7":1,"8":2,"9":2},"Agents":[null,{"utility":48,"ID":1},{"utility":27,"ID":2},{"utility":78,"ID":3},{"utility":49,"ID":4},{"utility":87,"ID":5},{"utility":0,"ID":6},{"utility":0,"ID":7},{"utility":10,"ID":8},{"utility":76,"ID":9}],"LAST COALITION":[[],[{"utility":27,"ID":2},{"utility":0,"ID":7}],[{"utility":49,"ID":4},{"utility":87,"ID":5}],[{"utility":0,"ID":6}],[],[{"utility":48,"ID":1},{"utility":76,"ID":9}],[],[{"utility":78,"ID":3},{"utility":10,"ID":8}],[],[]],"STARTING COALITION: ":[[null],[{"utility":6.75,"ID":2},{"utility":13.25,"ID":3},{"utility":56,"ID":4},{"utility":27,"ID":5},{"utility":18,"ID":7}],[{"utility":24,"ID":1},{"utility":61,"ID":8},{"utility":38,"ID":9}],[{"utility":0,"ID":6}],[],[],[],[],[],[]],"CORE :":true,"LAST PARTITION":{"1":5,"2":1,"3":7,"4":2,"5":2,"6":3,"7":1,"8":7,"9":5}},{"END OF FILE:" : true}]