[{"STARTING PARTITION: ":{"1":4,"2":1,"3":3,"4":1,"5":2,"6":1,"7":3,"8":3,"9":4},"Agents":[null,{"utility":73,"ID":1},{"utility":16,"ID":2},{"utility":38,"ID":3},{"utility":66,"ID":4},{"utility":67,"ID":5},{"utility":72,"ID":6},{"utility":44,"ID":7},{"utility":48,"ID":8},{"utility":0,"ID":9}],"LAST COALITION":[[],[{"utility":66,"ID":4},{"utility":72,"ID":6}],[],[{"utility":38,"ID":3},{"utility":44,"ID":7}],[{"utility":0,"ID":9}],[],[{"utility":73,"ID":1},{"utility":48,"ID":8}],[{"utility":16,"ID":2},{"utility":67,"ID":5}],[],[]],"STARTING COALITION: ":[[null],[{"utility":0,"ID":2},{"utility":69.5,"ID":4},{"utility":53,"ID":6}],[{"utility":0,"ID":5}],[{"utility":19,"ID":3},{"utility":22,"ID":7},{"utility":18,"ID":8}],[{"utility":34,"ID":1},{"utility":30,"ID":9}],[],[],[],[],[]],"CORE :":true,"LAST PARTITION":{"1":6,"2":7,"3":3,"4":1,"5":7,"6":1,"7":3,"8":6,"9":4}},{"END OF FILE:" : true}]