[{"STARTING PARTITION: ":{"1":1,"2":5,"3":5,"4":4,"5":5,"6":5,"7":3,"8":1,"9":2,"10":3},"Agents":[null,{"utility":70,"ID":1},{"utility":75,"ID":2},{"utility":0,"ID":3},{"utility":0,"ID":4},{"utility":20,"ID":5},{"utility":83,"ID":6},{"utility":98,"ID":7},{"utility":47,"ID":8},{"utility":61,"ID":9},{"utility":0,"ID":10}],"LAST COALITION":[[],[{"utility":98,"ID":7},{"utility":61,"ID":9}],[],[{"utility":0,"ID":10}],[{"utility":0,"ID":4}],[{"utility":0,"ID":3},{"utility":83,"ID":6}],[{"utility":70,"ID":1},{"utility":75,"ID":2}],[{"utility":20,"ID":5},{"utility":47,"ID":8}],[],[],[]],"STARTING COALITION: ":[[null],[{"utility":14,"ID":1},{"utility":59,"ID":8}],[{"utility":0,"ID":9}],[{"utility":84,"ID":7},{"utility":0,"ID":10}],[{"utility":0,"ID":4}],[{"utility":28.666666666666668,"ID":2},{"utility":22.333333333333332,"ID":3},{"utility":9,"ID":5},{"utility":55,"ID":6}],[],[],[],[],[]],"CORE :":true,"LAST PARTITION":{"1":6,"2":6,"3":5,"4":4,"5":7,"6":5,"7":1,"8":7,"9":1,"10":3}},{"END OF FILE:" : true}]