[{"STARTING PARTITION: ":{"88":42,"89":27,"90":12,"91":32,"92":13,"93":26,"94":50,"95":20,"96":7,"97":15,"10":27,"98":26,"11":21,"99":33,"12":23,"13":43,"14":35,"15":21,"16":1,"17":40,"18":2,"19":13,"1":40,"2":18,"3":12,"4":47,"5":1,"6":33,"7":1,"8":16,"9":17,"20":36,"21":4,"22":8,"23":43,"24":18,"25":5,"26":11,"27":28,"28":50,"29":22,"30":36,"31":37,"32":36,"33":28,"34":41,"35":12,"36":49,"37":1,"38":23,"39":1,"40":44,"41":32,"42":29,"43":14,"44":12,"45":33,"46":1,"47":26,"48":19,"49":47,"50":16,"51":31,"52":28,"53":6,"54":2,"55":47,"56":50,"57":40,"58":29,"59":22,"60":24,"61":9,"62":16,"63":18,"64":15,"65":28,"66":14,"67":12,"68":18,"69":48,"70":3,"71":44,"72":4,"73":43,"74":42,"75":14,"76":24,"77":3,"78":9,"79":26,"100":34,"80":44,"81":5,"82":14,"83":36,"84":18,"85":14,"86":14,"87":47},"Agents":[null,{"utility":99,"ID":1},{"utility":97,"ID":2},{"utility":98,"ID":3},{"utility":96,"ID":4},{"utility":99,"ID":5},{"utility":79,"ID":6},{"utility":96,"ID":7},{"utility":99,"ID":8},{"utility":0,"ID":9},{"utility":95,"ID":10},{"utility":73,"ID":11},{"utility":93,"ID":12},{"utility":0,"ID":13},{"utility":47,"ID":14},{"utility":86,"ID":15},{"utility":0,"ID":16},{"utility":1,"ID":17},{"utility":96,"ID":18},{"utility":0,"ID":19},{"utility":36,"ID":20},{"utility":58,"ID":21},{"utility":0,"ID":22},{"utility":5,"ID":23},{"utility":56.333333333333336,"ID":24},{"utility":22,"ID":25},{"utility":0,"ID":26},{"utility":88.5,"ID":27},{"utility":37,"ID":28},{"utility":0,"ID":29},{"utility":42,"ID":30},{"utility":7,"ID":31},{"utility":69.5,"ID":32},{"utility":0,"ID":33},{"utility":3,"ID":34},{"utility":36.666666666666664,"ID":35},{"utility":0,"ID":36},{"utility":43,"ID":37},{"utility":0,"ID":38},{"utility":36.5,"ID":39},{"utility":77.5,"ID":40},{"utility":0,"ID":41},{"utility":3,"ID":42},{"utility":47,"ID":43},{"utility":55,"ID":44},{"utility":88,"ID":45},{"utility":7.5,"ID":46},{"utility":66.33333333333333,"ID":47},{"utility":0,"ID":48},{"utility":58.5,"ID":49},{"utility":40,"ID":50},{"utility":0,"ID":51},{"utility":47,"ID":52},{"utility":0,"ID":53},{"utility":0,"ID":54},{"utility":24.5,"ID":55},{"utility":35.5,"ID":56},{"utility":79,"ID":57},{"utility":19,"ID":58},{"utility":90,"ID":59},{"utility":61,"ID":60},{"utility":35,"ID":61},{"utility":53,"ID":62},{"utility":51.333333333333336,"ID":63},{"utility":30,"ID":64},{"utility":12.5,"ID":65},{"utility":35.4,"ID":66},{"utility":60.333333333333336,"ID":67},{"utility":38.666666666666664,"ID":68},{"utility":0,"ID":69},{"utility":21,"ID":70},{"utility":42.5,"ID":71},{"utility":63,"ID":72},{"utility":96,"ID":73},{"utility":0,"ID":74},{"utility":54,"ID":75},{"utility":45,"ID":76},{"utility":20,"ID":77},{"utility":93,"ID":78},{"utility":65,"ID":79},{"utility":82.5,"ID":80},{"utility":0,"ID":81},{"utility":71.2,"ID":82},{"utility":94,"ID":83},{"utility":33.333333333333336,"ID":84},{"utility":62.4,"ID":85},{"utility":16,"ID":86},{"utility":23,"ID":87},{"utility":15,"ID":88},{"utility":0,"ID":89},{"utility":77,"ID":90},{"utility":85,"ID":91},{"utility":27,"ID":92},{"utility":68.33333333333333,"ID":93},{"utility":0,"ID":94},{"utility":0,"ID":95},{"utility":0,"ID":96},{"utility":48,"ID":97},{"utility":41.666666666666664,"ID":98},{"utility":43,"ID":99},{"utility":0,"ID":100}],"LAST COALITION":[[],[{"utility":43,"ID":37},{"utility":36.5,"ID":39},{"utility":7.5,"ID":46}],[{"utility":0,"ID":54}],[{"utility":21,"ID":70},{"utility":20,"ID":77}],[{"utility":58,"ID":21},{"utility":63,"ID":72}],[{"utility":0,"ID":16}],[{"utility":0,"ID":53}],[{"utility":0,"ID":96}],[{"utility":95,"ID":10},{"utility":7,"ID":31}],[{"utility":35,"ID":61},{"utility":93,"ID":78}],[{"utility":0,"ID":33}],[{"utility":99,"ID":5},{"utility":90,"ID":59}],[{"utility":36.666666666666664,"ID":35},{"utility":55,"ID":44},{"utility":60.333333333333336,"ID":67},{"utility":77,"ID":90}],[{"utility":0,"ID":26}],[{"utility":47,"ID":43},{"utility":35.4,"ID":66},{"utility":54,"ID":75},{"utility":71.2,"ID":82},{"utility":62.4,"ID":85},{"utility":16,"ID":86}],[{"utility":30,"ID":64},{"utility":48,"ID":97}],[{"utility":40,"ID":50},{"utility":53,"ID":62}],[{"utility":0,"ID":13}],[{"utility":56.333333333333336,"ID":24},{"utility":51.333333333333336,"ID":63},{"utility":38.666666666666664,"ID":68},{"utility":33.333333333333336,"ID":84}],[{"utility":0,"ID":48}],[{"utility":0,"ID":95}],[{"utility":79,"ID":6},{"utility":93,"ID":12}],[{"utility":0,"ID":29}],[{"utility":0,"ID":38}],[{"utility":61,"ID":60},{"utility":45,"ID":76}],[{"utility":0,"ID":22}],[{"utility":66.33333333333333,"ID":47},{"utility":65,"ID":79},{"utility":68.33333333333333,"ID":93},{"utility":41.666666666666664,"ID":98}],[{"utility":0,"ID":89}],[{"utility":88.5,"ID":27},{"utility":47,"ID":52},{"utility":12.5,"ID":65}],[{"utility":3,"ID":42},{"utility":19,"ID":58}],[{"utility":99,"ID":1},{"utility":27,"ID":92}],[{"utility":0,"ID":51}],[{"utility":0,"ID":41},{"utility":85,"ID":91}],[{"utility":88,"ID":45},{"utility":43,"ID":99}],[{"utility":0,"ID":100}],[{"utility":0,"ID":9}],[{"utility":36,"ID":20},{"utility":42,"ID":30},{"utility":69.5,"ID":32}],[{"utility":73,"ID":11},{"utility":47,"ID":14}],[{"utility":0,"ID":36}],[{"utility":0,"ID":19}],[{"utility":1,"ID":17},{"utility":79,"ID":57}],[{"utility":99,"ID":8},{"utility":96,"ID":18}],[{"utility":0,"ID":74},{"utility":15,"ID":88}],[{"utility":5,"ID":23},{"utility":96,"ID":73}],[{"utility":77.5,"ID":40},{"utility":42.5,"ID":71},{"utility":82.5,"ID":80}],[{"utility":0,"ID":81}],[{"utility":97,"ID":2},{"utility":94,"ID":83}],[{"utility":58.5,"ID":49},{"utility":24.5,"ID":55},{"utility":23,"ID":87}],[{"utility":0,"ID":69}],[{"utility":96,"ID":7},{"utility":3,"ID":34}],[{"utility":37,"ID":28},{"utility":35.5,"ID":56},{"utility":0,"ID":94}],[],[{"utility":96,"ID":4},{"utility":86,"ID":15}],[{"utility":98,"ID":3},{"utility":22,"ID":25}],[],[],[],[],[],[],[],[],[],[],[],[],[],[],[],[],[],[],[],[],[],[],[],[],[],[],[],[],[],[],[],[],[],[],[],[],[],[],[],[],[],[],[],[],[],[],[]],"STARTING COALITION: ":[[null],[{"utility":42.4,"ID":5},{"utility":41.8,"ID":7},{"utility":37.8,"ID":16},{"utility":47.4,"ID":37},{"utility":33.4,"ID":39},{"utility":46,"ID":46}],[{"utility":14,"ID":18},{"utility":94,"ID":54}],[{"utility":21,"ID":70},{"utility":20,"ID":77}],[{"utility":58,"ID":21},{"utility":63,"ID":72}],[{"utility":0,"ID":25},{"utility":59,"ID":81}],[{"utility":0,"ID":53}],[{"utility":0,"ID":96}],[{"utility":0,"ID":22}],[{"utility":35,"ID":61},{"utility":93,"ID":78}],[],[{"utility":0,"ID":26}],[{"utility":36.5,"ID":3},{"utility":34.75,"ID":35},{"utility":46.75,"ID":44},{"utility":47.5,"ID":67},{"utility":64.25,"ID":90}],[{"utility":59,"ID":19},{"utility":15,"ID":92}],[{"utility":47,"ID":43},{"utility":35.4,"ID":66},{"utility":54,"ID":75},{"utility":71.2,"ID":82},{"utility":62.4,"ID":85},{"utility":16,"ID":86}],[{"utility":30,"ID":64},{"utility":48,"ID":97}],[{"utility":45,"ID":8},{"utility":42.5,"ID":50},{"utility":34.5,"ID":62}],[{"utility":0,"ID":9}],[{"utility":11,"ID":2},{"utility":45.75,"ID":24},{"utility":47.5,"ID":63},{"utility":29.5,"ID":68},{"utility":33.75,"ID":84}],[{"utility":0,"ID":48}],[{"utility":0,"ID":95}],[{"utility":57,"ID":11},{"utility":37,"ID":15}],[{"utility":12,"ID":29},{"utility":26,"ID":59}],[{"utility":0,"ID":12},{"utility":24,"ID":38}],[{"utility":61,"ID":60},{"utility":45,"ID":76}],[],[{"utility":66.33333333333333,"ID":47},{"utility":65,"ID":79},{"utility":68.33333333333333,"ID":93},{"utility":41.666666666666664,"ID":98}],[{"utility":7,"ID":10},{"utility":93,"ID":89}],[{"utility":85,"ID":27},{"utility":37.666666666666664,"ID":33},{"utility":51.333333333333336,"ID":52},{"utility":27.333333333333332,"ID":65}],[{"utility":3,"ID":42},{"utility":19,"ID":58}],[],[{"utility":0,"ID":51}],[{"utility":0,"ID":41},{"utility":85,"ID":91}],[{"utility":22.5,"ID":6},{"utility":70,"ID":45},{"utility":43.5,"ID":99}],[{"utility":0,"ID":100}],[{"utility":0,"ID":14}],[{"utility":35,"ID":20},{"utility":55.666666666666664,"ID":30},{"utility":47.333333333333336,"ID":32},{"utility":18.666666666666668,"ID":83}],[{"utility":0,"ID":31}],[],[],[{"utility":88,"ID":1},{"utility":39,"ID":17},{"utility":61.5,"ID":57}],[{"utility":0,"ID":34}],[{"utility":0,"ID":74},{"utility":15,"ID":88}],[{"utility":39.5,"ID":13},{"utility":15.5,"ID":23},{"utility":52,"ID":73}],[{"utility":77.5,"ID":40},{"utility":42.5,"ID":71},{"utility":82.5,"ID":80}],[],[],[{"utility":33.666666666666664,"ID":4},{"utility":39,"ID":49},{"utility":44.333333333333336,"ID":55},{"utility":27,"ID":87}],[{"utility":0,"ID":69}],[{"utility":0,"ID":36}],[{"utility":37,"ID":28},{"utility":35.5,"ID":56},{"utility":0,"ID":94}],[],[],[],[],[],[],[],[],[],[],[],[],[],[],[],[],[],[],[],[],[],[],[],[],[],[],[],[],[],[],[],[],[],[],[],[],[],[],[],[],[],[],[],[],[],[],[],[],[],[]],"CORE :":false,"LAST PARTITION":{"88":42,"89":27,"90":12,"91":32,"92":30,"93":26,"94":50,"95":20,"96":7,"97":15,"10":8,"98":26,"11":37,"99":33,"12":21,"13":17,"14":37,"15":52,"16":5,"17":40,"18":41,"19":39,"1":30,"2":46,"3":53,"4":52,"5":11,"6":21,"7":49,"8":41,"9":35,"20":36,"21":4,"22":25,"23":43,"24":18,"25":53,"26":13,"27":28,"28":50,"29":22,"30":36,"31":8,"32":36,"33":10,"34":49,"35":12,"36":38,"37":1,"38":23,"39":1,"40":44,"41":32,"42":29,"43":14,"44":12,"45":33,"46":1,"47":26,"48":19,"49":47,"50":16,"51":31,"52":28,"53":6,"54":2,"55":47,"56":50,"57":40,"58":29,"59":11,"60":24,"61":9,"62":16,"63":18,"64":15,"65":28,"66":14,"67":12,"68":18,"69":48,"70":3,"71":44,"72":4,"73":43,"74":42,"75":14,"76":24,"77":3,"78":9,"79":26,"100":34,"80":44,"81":45,"82":14,"83":46,"84":18,"85":14,"86":14,"87":47}},{"END OF FILE:" : true}]