[{"STARTING PARTITION: ":{"1":2,"2":3,"3":2,"4":3,"5":2,"6":1},"Agents":[null,{"utility":0,"ID":1},{"utility":0,"ID":2},{"utility":0,"ID":3},{"utility":57,"ID":4},{"utility":32,"ID":5},{"utility":20,"ID":6}],"LAST COALITION":[[],[],[{"utility":0,"ID":1},{"utility":0,"ID":3},{"utility":32,"ID":5}],[{"utility":0,"ID":2}],[{"utility":57,"ID":4},{"utility":20,"ID":6}],[],[]],"STARTING COALITION: ":[[null],[{"utility":0,"ID":6}],[{"utility":0,"ID":1},{"utility":0,"ID":3},{"utility":32,"ID":5}],[{"utility":0,"ID":2},{"utility":30,"ID":4}],[],[],[]],"CORE :":false,"LAST PARTITION":{"1":2,"2":3,"3":2,"4":4,"5":2,"6":4}},{"END OF FILE:" : true}]