[{"STARTING PARTITION: ":{"88":38,"89":50,"90":4,"91":23,"92":21,"93":19,"94":7,"95":11,"96":49,"97":24,"10":15,"98":19,"11":19,"99":18,"12":21,"13":24,"14":18,"15":50,"16":45,"17":28,"18":29,"19":49,"1":49,"2":9,"3":36,"4":31,"5":28,"6":47,"7":45,"8":12,"9":49,"20":15,"21":21,"22":4,"23":30,"24":14,"25":33,"26":13,"27":42,"28":18,"29":35,"30":44,"31":19,"32":39,"33":10,"34":41,"35":39,"36":13,"37":29,"38":27,"39":41,"40":3,"41":49,"42":49,"43":24,"44":26,"45":7,"46":31,"47":21,"48":41,"49":44,"50":30,"51":17,"52":40,"53":1,"54":3,"55":22,"56":41,"57":29,"58":3,"59":23,"60":26,"61":5,"62":46,"63":50,"64":10,"65":26,"66":14,"67":22,"68":19,"69":48,"70":37,"71":19,"72":46,"73":25,"74":32,"75":1,"76":20,"77":29,"78":21,"79":14,"100":13,"80":37,"81":18,"82":16,"83":7,"84":39,"85":6,"86":44,"87":5},"Agents":[null,{"utility":96,"ID":1},{"utility":99,"ID":2},{"utility":97,"ID":3},{"utility":95,"ID":4},{"utility":98,"ID":5},{"utility":98,"ID":6},{"utility":96,"ID":7},{"utility":34,"ID":8},{"utility":63,"ID":9},{"utility":27,"ID":10},{"utility":68,"ID":11},{"utility":47,"ID":12},{"utility":63.5,"ID":13},{"utility":79.66666666666667,"ID":14},{"utility":40,"ID":15},{"utility":0,"ID":16},{"utility":0,"ID":17},{"utility":47.5,"ID":18},{"utility":0,"ID":19},{"utility":89,"ID":20},{"utility":52,"ID":21},{"utility":63,"ID":22},{"utility":6,"ID":23},{"utility":53,"ID":24},{"utility":0,"ID":25},{"utility":44,"ID":26},{"utility":0,"ID":27},{"utility":40.333333333333336,"ID":28},{"utility":0,"ID":29},{"utility":24,"ID":30},{"utility":45,"ID":31},{"utility":49,"ID":32},{"utility":65,"ID":33},{"utility":88,"ID":34},{"utility":97,"ID":35},{"utility":54.5,"ID":36},{"utility":70.5,"ID":37},{"utility":0,"ID":38},{"utility":8,"ID":39},{"utility":50,"ID":40},{"utility":11,"ID":41},{"utility":20.333333333333332,"ID":42},{"utility":39.5,"ID":43},{"utility":47,"ID":44},{"utility":86,"ID":45},{"utility":0,"ID":46},{"utility":42,"ID":47},{"utility":45,"ID":48},{"utility":32,"ID":49},{"utility":15,"ID":50},{"utility":0,"ID":51},{"utility":0,"ID":52},{"utility":40,"ID":53},{"utility":62.5,"ID":54},{"utility":0,"ID":55},{"utility":0,"ID":56},{"utility":95,"ID":57},{"utility":82,"ID":58},{"utility":87,"ID":59},{"utility":44.5,"ID":60},{"utility":76,"ID":61},{"utility":21,"ID":62},{"utility":0,"ID":63},{"utility":62,"ID":64},{"utility":57.5,"ID":65},{"utility":40,"ID":66},{"utility":0,"ID":67},{"utility":21.75,"ID":68},{"utility":98,"ID":69},{"utility":75,"ID":70},{"utility":33.5,"ID":71},{"utility":49,"ID":72},{"utility":0,"ID":73},{"utility":0,"ID":74},{"utility":37,"ID":75},{"utility":0,"ID":76},{"utility":44.5,"ID":77},{"utility":54,"ID":78},{"utility":12,"ID":79},{"utility":89,"ID":80},{"utility":34.666666666666664,"ID":81},{"utility":50,"ID":82},{"utility":52,"ID":83},{"utility":22,"ID":84},{"utility":0,"ID":85},{"utility":8.5,"ID":86},{"utility":65,"ID":87},{"utility":0,"ID":88},{"utility":44,"ID":89},{"utility":62,"ID":90},{"utility":10,"ID":91},{"utility":47.75,"ID":92},{"utility":27.75,"ID":93},{"utility":57,"ID":94},{"utility":0,"ID":95},{"utility":46,"ID":96},{"utility":29.5,"ID":97},{"utility":35.25,"ID":98},{"utility":31,"ID":99},{"utility":9,"ID":100}],"LAST COALITION":[[],[{"utility":40,"ID":53},{"utility":37,"ID":75}],[{"utility":96,"ID":7},{"utility":40,"ID":15}],[{"utility":50,"ID":40},{"utility":62.5,"ID":54},{"utility":82,"ID":58}],[{"utility":63,"ID":22},{"utility":62,"ID":90}],[{"utility":76,"ID":61},{"utility":65,"ID":87}],[{"utility":0,"ID":85}],[{"utility":52,"ID":83},{"utility":57,"ID":94}],[{"utility":0,"ID":56}],[{"utility":0,"ID":16}],[{"utility":65,"ID":33},{"utility":62,"ID":64}],[{"utility":0,"ID":95}],[{"utility":0,"ID":25}],[{"utility":44,"ID":26},{"utility":54.5,"ID":36},{"utility":9,"ID":100}],[{"utility":53,"ID":24},{"utility":40,"ID":66},{"utility":12,"ID":79}],[{"utility":27,"ID":10},{"utility":89,"ID":20}],[{"utility":97,"ID":35},{"utility":98,"ID":5}],[{"utility":0,"ID":51}],[{"utility":79.66666666666667,"ID":14},{"utility":40.333333333333336,"ID":28},{"utility":34.666666666666664,"ID":81},{"utility":31,"ID":99}],[{"utility":45,"ID":31},{"utility":21.75,"ID":68},{"utility":33.5,"ID":71},{"utility":27.75,"ID":93},{"utility":35.25,"ID":98}],[{"utility":0,"ID":76}],[{"utility":47,"ID":12},{"utility":52,"ID":21},{"utility":42,"ID":47},{"utility":54,"ID":78},{"utility":47.75,"ID":92}],[{"utility":0,"ID":55}],[{"utility":87,"ID":59},{"utility":10,"ID":91}],[{"utility":63.5,"ID":13},{"utility":39.5,"ID":43},{"utility":29.5,"ID":97}],[{"utility":0,"ID":73}],[{"utility":47,"ID":44},{"utility":44.5,"ID":60},{"utility":57.5,"ID":65}],[{"utility":0,"ID":38}],[{"utility":0,"ID":17}],[{"utility":47.5,"ID":18},{"utility":70.5,"ID":37},{"utility":44.5,"ID":77}],[{"utility":6,"ID":23},{"utility":15,"ID":50}],[{"utility":0,"ID":46}],[{"utility":0,"ID":74}],[{"utility":99,"ID":2},{"utility":86,"ID":45}],[{"utility":0,"ID":19}],[{"utility":0,"ID":29}],[{"utility":98,"ID":6},{"utility":95,"ID":57}],[{"utility":75,"ID":70},{"utility":89,"ID":80}],[{"utility":0,"ID":88}],[{"utility":49,"ID":32},{"utility":22,"ID":84}],[{"utility":0,"ID":52}],[{"utility":88,"ID":34},{"utility":8,"ID":39}],[{"utility":0,"ID":27}],[{"utility":0,"ID":67}],[{"utility":24,"ID":30},{"utility":32,"ID":49},{"utility":8.5,"ID":86}],[{"utility":34,"ID":8},{"utility":68,"ID":11}],[{"utility":21,"ID":62},{"utility":49,"ID":72}],[{"utility":96,"ID":1},{"utility":98,"ID":69}],[{"utility":45,"ID":48},{"utility":95,"ID":4}],[{"utility":63,"ID":9},{"utility":11,"ID":41},{"utility":20.333333333333332,"ID":42},{"utility":46,"ID":96}],[{"utility":0,"ID":63},{"utility":44,"ID":89}],[{"utility":50,"ID":82},{"utility":97,"ID":3}],[],[],[],[],[],[],[],[],[],[],[],[],[],[],[],[],[],[],[],[],[],[],[],[],[],[],[],[],[],[],[],[],[],[],[],[],[],[],[],[],[],[],[],[],[],[],[],[],[]],"STARTING COALITION: ":[[null],[{"utility":40,"ID":53},{"utility":37,"ID":75}],[],[{"utility":50,"ID":40},{"utility":62.5,"ID":54},{"utility":82,"ID":58}],[{"utility":63,"ID":22},{"utility":62,"ID":90}],[{"utility":76,"ID":61},{"utility":65,"ID":87}],[{"utility":0,"ID":85}],[{"utility":13.5,"ID":45},{"utility":48,"ID":83},{"utility":28.5,"ID":94}],[],[{"utility":0,"ID":2}],[{"utility":65,"ID":33},{"utility":62,"ID":64}],[{"utility":0,"ID":95}],[{"utility":0,"ID":8}],[{"utility":44,"ID":26},{"utility":54.5,"ID":36},{"utility":9,"ID":100}],[{"utility":53,"ID":24},{"utility":40,"ID":66},{"utility":12,"ID":79}],[{"utility":27,"ID":10},{"utility":89,"ID":20}],[{"utility":0,"ID":82}],[{"utility":0,"ID":51}],[{"utility":79.66666666666667,"ID":14},{"utility":40.333333333333336,"ID":28},{"utility":34.666666666666664,"ID":81},{"utility":31,"ID":99}],[{"utility":17.2,"ID":11},{"utility":47.2,"ID":31},{"utility":27,"ID":68},{"utility":28.6,"ID":71},{"utility":41.4,"ID":93},{"utility":33.6,"ID":98}],[{"utility":0,"ID":76}],[{"utility":47,"ID":12},{"utility":52,"ID":21},{"utility":42,"ID":47},{"utility":54,"ID":78},{"utility":47.75,"ID":92}],[{"utility":88,"ID":55},{"utility":28,"ID":67}],[{"utility":87,"ID":59},{"utility":10,"ID":91}],[{"utility":63.5,"ID":13},{"utility":39.5,"ID":43},{"utility":29.5,"ID":97}],[{"utility":0,"ID":73}],[{"utility":47,"ID":44},{"utility":44.5,"ID":60},{"utility":57.5,"ID":65}],[{"utility":0,"ID":38}],[{"utility":65,"ID":5},{"utility":84,"ID":17}],[{"utility":32.333333333333336,"ID":18},{"utility":60.666666666666664,"ID":37},{"utility":69,"ID":57},{"utility":29.666666666666668,"ID":77}],[{"utility":6,"ID":23},{"utility":15,"ID":50}],[{"utility":18,"ID":4},{"utility":58,"ID":46}],[{"utility":0,"ID":74}],[{"utility":0,"ID":25}],[],[{"utility":0,"ID":29}],[{"utility":0,"ID":3}],[{"utility":75,"ID":70},{"utility":89,"ID":80}],[{"utility":0,"ID":88}],[{"utility":28.5,"ID":32},{"utility":63,"ID":35},{"utility":14.5,"ID":84}],[{"utility":0,"ID":52}],[{"utility":68.33333333333333,"ID":34},{"utility":10.666666666666666,"ID":39},{"utility":36,"ID":48},{"utility":43.666666666666664,"ID":56}],[{"utility":0,"ID":27}],[],[{"utility":24,"ID":30},{"utility":32,"ID":49},{"utility":8.5,"ID":86}],[{"utility":17,"ID":7},{"utility":0,"ID":16}],[{"utility":21,"ID":62},{"utility":49,"ID":72}],[{"utility":0,"ID":6}],[{"utility":0,"ID":69}],[{"utility":40.4,"ID":1},{"utility":48.8,"ID":9},{"utility":35.4,"ID":19},{"utility":8.2,"ID":41},{"utility":24.6,"ID":42},{"utility":35.8,"ID":96}],[{"utility":39,"ID":15},{"utility":0.5,"ID":63},{"utility":60.5,"ID":89}],[],[],[],[],[],[],[],[],[],[],[],[],[],[],[],[],[],[],[],[],[],[],[],[],[],[],[],[],[],[],[],[],[],[],[],[],[],[],[],[],[],[],[],[],[],[],[],[],[],[]],"CORE :":false,"LAST PARTITION":{"88":38,"89":50,"90":4,"91":23,"92":21,"93":19,"94":7,"95":11,"96":49,"97":24,"10":15,"98":19,"11":45,"99":18,"12":21,"13":24,"14":18,"15":2,"16":9,"17":28,"18":29,"19":34,"1":47,"2":33,"3":51,"4":48,"5":16,"6":36,"7":2,"8":45,"9":49,"20":15,"21":21,"22":4,"23":30,"24":14,"25":12,"26":13,"27":42,"28":18,"29":35,"30":44,"31":19,"32":39,"33":10,"34":41,"35":16,"36":13,"37":29,"38":27,"39":41,"40":3,"41":49,"42":49,"43":24,"44":26,"45":33,"46":31,"47":21,"48":48,"49":44,"50":30,"51":17,"52":40,"53":1,"54":3,"55":22,"56":8,"57":36,"58":3,"59":23,"60":26,"61":5,"62":46,"63":50,"64":10,"65":26,"66":14,"67":43,"68":19,"69":47,"70":37,"71":19,"72":46,"73":25,"74":32,"75":1,"76":20,"77":29,"78":21,"79":14,"100":13,"80":37,"81":18,"82":51,"83":7,"84":39,"85":6,"86":44,"87":5}},{"END OF FILE:" : true}]