[{"STARTING PARTITION: ":{"88":45,"89":4,"90":46,"91":41,"92":12,"93":28,"94":32,"95":16,"96":15,"97":50,"10":3,"98":21,"11":24,"99":2,"12":33,"13":41,"14":5,"15":18,"16":10,"17":35,"18":50,"19":2,"1":2,"2":6,"3":24,"4":18,"5":9,"6":28,"7":2,"8":18,"9":35,"20":19,"21":29,"22":26,"23":38,"24":44,"25":46,"26":25,"27":36,"28":13,"29":45,"30":27,"31":35,"32":24,"33":4,"34":44,"35":23,"36":49,"37":1,"38":49,"39":13,"40":9,"41":18,"42":9,"43":27,"44":40,"45":24,"46":33,"47":19,"48":9,"49":7,"50":43,"51":14,"52":25,"53":39,"54":27,"55":48,"56":30,"57":1,"58":11,"59":30,"60":20,"61":24,"62":43,"63":39,"64":31,"65":19,"66":49,"67":7,"68":23,"69":49,"70":22,"71":15,"72":23,"73":29,"74":5,"75":48,"76":45,"77":30,"78":38,"79":6,"100":43,"80":41,"81":18,"82":16,"83":31,"84":21,"85":37,"86":3,"87":43},"Agents":[null,{"utility":98,"ID":1},{"utility":99,"ID":2},{"utility":99,"ID":3},{"utility":99,"ID":4},{"utility":41,"ID":5},{"utility":97,"ID":6},{"utility":99,"ID":7},{"utility":86,"ID":8},{"utility":96,"ID":9},{"utility":0,"ID":10},{"utility":36,"ID":11},{"utility":80,"ID":12},{"utility":51.5,"ID":13},{"utility":60,"ID":14},{"utility":10,"ID":15},{"utility":0,"ID":16},{"utility":33,"ID":17},{"utility":27,"ID":18},{"utility":0,"ID":19},{"utility":0,"ID":20},{"utility":0,"ID":21},{"utility":0,"ID":22},{"utility":0,"ID":23},{"utility":92,"ID":24},{"utility":52,"ID":25},{"utility":66,"ID":26},{"utility":0,"ID":27},{"utility":79,"ID":28},{"utility":45,"ID":29},{"utility":0,"ID":30},{"utility":0,"ID":31},{"utility":0,"ID":32},{"utility":0,"ID":33},{"utility":41,"ID":34},{"utility":40.5,"ID":35},{"utility":52,"ID":36},{"utility":90,"ID":37},{"utility":24.666666666666668,"ID":38},{"utility":18,"ID":39},{"utility":38,"ID":40},{"utility":44,"ID":41},{"utility":63,"ID":42},{"utility":59,"ID":43},{"utility":0,"ID":44},{"utility":8,"ID":45},{"utility":91,"ID":46},{"utility":7,"ID":47},{"utility":56,"ID":48},{"utility":0,"ID":49},{"utility":47,"ID":50},{"utility":0,"ID":51},{"utility":0,"ID":52},{"utility":99,"ID":53},{"utility":78,"ID":54},{"utility":0,"ID":55},{"utility":0,"ID":56},{"utility":88,"ID":57},{"utility":0,"ID":58},{"utility":59,"ID":59},{"utility":0,"ID":60},{"utility":72,"ID":61},{"utility":29.333333333333332,"ID":62},{"utility":95,"ID":63},{"utility":28,"ID":64},{"utility":0,"ID":65},{"utility":39.333333333333336,"ID":66},{"utility":38,"ID":67},{"utility":48,"ID":68},{"utility":13,"ID":69},{"utility":0,"ID":70},{"utility":10,"ID":71},{"utility":22.5,"ID":72},{"utility":49,"ID":73},{"utility":30,"ID":74},{"utility":0,"ID":75},{"utility":96,"ID":76},{"utility":36,"ID":77},{"utility":11,"ID":78},{"utility":0,"ID":79},{"utility":46.5,"ID":80},{"utility":17.5,"ID":81},{"utility":39,"ID":82},{"utility":14,"ID":83},{"utility":88,"ID":84},{"utility":2,"ID":85},{"utility":0,"ID":86},{"utility":63,"ID":87},{"utility":66,"ID":88},{"utility":0,"ID":89},{"utility":77,"ID":90},{"utility":50,"ID":91},{"utility":0,"ID":92},{"utility":0,"ID":93},{"utility":0,"ID":94},{"utility":96,"ID":95},{"utility":72,"ID":96},{"utility":3,"ID":97},{"utility":78,"ID":98},{"utility":0,"ID":99},{"utility":81,"ID":100}],"LAST COALITION":[[],[{"utility":90,"ID":37},{"utility":88,"ID":57}],[{"utility":0,"ID":99}],[{"utility":0,"ID":86}],[{"utility":0,"ID":89}],[{"utility":60,"ID":14},{"utility":30,"ID":74}],[{"utility":0,"ID":79}],[{"utility":0,"ID":49}],[{"utility":99,"ID":2},{"utility":33,"ID":17}],[{"utility":38,"ID":40},{"utility":63,"ID":42},{"utility":56,"ID":48}],[{"utility":0,"ID":32}],[{"utility":0,"ID":58}],[{"utility":0,"ID":92}],[{"utility":79,"ID":28},{"utility":18,"ID":39}],[{"utility":0,"ID":51}],[{"utility":10,"ID":71},{"utility":72,"ID":96}],[{"utility":39,"ID":82},{"utility":96,"ID":95}],[{"utility":0,"ID":16}],[{"utility":10,"ID":15},{"utility":44,"ID":41},{"utility":17.5,"ID":81}],[{"utility":0,"ID":65}],[{"utility":0,"ID":60}],[{"utility":88,"ID":84},{"utility":78,"ID":98}],[{"utility":0,"ID":70}],[{"utility":40.5,"ID":35},{"utility":48,"ID":68},{"utility":22.5,"ID":72}],[{"utility":8,"ID":45},{"utility":72,"ID":61}],[{"utility":0,"ID":55}],[{"utility":0,"ID":52}],[{"utility":59,"ID":43},{"utility":78,"ID":54}],[{"utility":0,"ID":93}],[{"utility":0,"ID":21},{"utility":49,"ID":73}],[{"utility":59,"ID":59},{"utility":36,"ID":77}],[{"utility":28,"ID":64},{"utility":14,"ID":83}],[{"utility":0,"ID":94}],[{"utility":80,"ID":12},{"utility":91,"ID":46}],[{"utility":98,"ID":1},{"utility":66,"ID":88}],[{"utility":0,"ID":31}],[{"utility":0,"ID":33}],[{"utility":86,"ID":8},{"utility":36,"ID":11}],[{"utility":0,"ID":23},{"utility":11,"ID":78}],[{"utility":99,"ID":53},{"utility":95,"ID":63}],[{"utility":0,"ID":44}],[{"utility":51.5,"ID":13},{"utility":46.5,"ID":80},{"utility":50,"ID":91}],[{"utility":41,"ID":5},{"utility":96,"ID":9}],[{"utility":47,"ID":50},{"utility":29.333333333333332,"ID":62},{"utility":63,"ID":87},{"utility":81,"ID":100}],[{"utility":92,"ID":24},{"utility":41,"ID":34}],[{"utility":45,"ID":29},{"utility":96,"ID":76}],[{"utility":52,"ID":25},{"utility":77,"ID":90}],[{"utility":0,"ID":19}],[{"utility":0,"ID":75}],[{"utility":52,"ID":36},{"utility":24.666666666666668,"ID":38},{"utility":39.333333333333336,"ID":66},{"utility":13,"ID":69}],[{"utility":27,"ID":18},{"utility":3,"ID":97}],[{"utility":0,"ID":22}],[{"utility":0,"ID":27}],[{"utility":0,"ID":56}],[{"utility":99,"ID":4},{"utility":66,"ID":26}],[],[{"utility":0,"ID":20}],[{"utility":0,"ID":30}],[{"utility":0,"ID":10}],[{"utility":97,"ID":6},{"utility":38,"ID":67}],[{"utility":99,"ID":3},{"utility":7,"ID":47}],[{"utility":99,"ID":7},{"utility":2,"ID":85}],[],[],[],[],[],[],[],[],[],[],[],[],[],[],[],[],[],[],[],[],[],[],[],[],[],[],[],[],[],[],[],[],[],[],[],[],[],[],[]],"STARTING COALITION: ":[[null],[{"utility":90,"ID":37},{"utility":88,"ID":57}],[{"utility":59.333333333333336,"ID":1},{"utility":33,"ID":7},{"utility":34.666666666666664,"ID":19},{"utility":15,"ID":99}],[{"utility":17,"ID":10},{"utility":11,"ID":86}],[{"utility":50,"ID":33},{"utility":40,"ID":89}],[{"utility":60,"ID":14},{"utility":30,"ID":74}],[{"utility":89,"ID":2},{"utility":70,"ID":79}],[{"utility":71,"ID":49},{"utility":5,"ID":67}],[],[{"utility":65.33333333333333,"ID":5},{"utility":46.666666666666664,"ID":40},{"utility":61.666666666666664,"ID":42},{"utility":67.33333333333333,"ID":48}],[{"utility":0,"ID":16}],[{"utility":0,"ID":58}],[{"utility":0,"ID":92}],[{"utility":79,"ID":28},{"utility":18,"ID":39}],[{"utility":0,"ID":51}],[{"utility":10,"ID":71},{"utility":72,"ID":96}],[{"utility":39,"ID":82},{"utility":96,"ID":95}],[],[{"utility":40.25,"ID":4},{"utility":38.5,"ID":8},{"utility":22.5,"ID":15},{"utility":39.75,"ID":41},{"utility":30.75,"ID":81}],[{"utility":55.5,"ID":20},{"utility":67.5,"ID":47},{"utility":59.5,"ID":65}],[{"utility":0,"ID":60}],[{"utility":88,"ID":84},{"utility":78,"ID":98}],[{"utility":0,"ID":70}],[{"utility":40.5,"ID":35},{"utility":48,"ID":68},{"utility":22.5,"ID":72}],[{"utility":53.5,"ID":3},{"utility":33.75,"ID":11},{"utility":35.75,"ID":32},{"utility":17,"ID":45},{"utility":51.5,"ID":61}],[{"utility":50,"ID":26},{"utility":86,"ID":52}],[{"utility":0,"ID":22}],[{"utility":60,"ID":30},{"utility":39.5,"ID":43},{"utility":68.5,"ID":54}],[{"utility":78,"ID":6},{"utility":59,"ID":93}],[{"utility":0,"ID":21},{"utility":49,"ID":73}],[{"utility":25,"ID":56},{"utility":44.5,"ID":59},{"utility":36.5,"ID":77}],[{"utility":28,"ID":64},{"utility":14,"ID":83}],[{"utility":0,"ID":94}],[{"utility":80,"ID":12},{"utility":91,"ID":46}],[],[{"utility":68.5,"ID":9},{"utility":17,"ID":17},{"utility":50,"ID":31}],[{"utility":0,"ID":27}],[{"utility":0,"ID":85}],[{"utility":0,"ID":23},{"utility":11,"ID":78}],[{"utility":99,"ID":53},{"utility":95,"ID":63}],[{"utility":0,"ID":44}],[{"utility":51.5,"ID":13},{"utility":46.5,"ID":80},{"utility":50,"ID":91}],[],[{"utility":47,"ID":50},{"utility":29.333333333333332,"ID":62},{"utility":63,"ID":87},{"utility":81,"ID":100}],[{"utility":92,"ID":24},{"utility":41,"ID":34}],[{"utility":52,"ID":29},{"utility":80.5,"ID":76},{"utility":44,"ID":88}],[{"utility":52,"ID":25},{"utility":77,"ID":90}],[],[{"utility":54,"ID":55},{"utility":0,"ID":75}],[{"utility":52,"ID":36},{"utility":24.666666666666668,"ID":38},{"utility":39.333333333333336,"ID":66},{"utility":13,"ID":69}],[{"utility":27,"ID":18},{"utility":3,"ID":97}],[],[],[],[],[],[],[],[],[],[],[],[],[],[],[],[],[],[],[],[],[],[],[],[],[],[],[],[],[],[],[],[],[],[],[],[],[],[],[],[],[],[],[],[],[],[],[],[],[],[]],"CORE :":false,"LAST PARTITION":{"88":34,"89":4,"90":46,"91":41,"92":12,"93":28,"94":32,"95":16,"96":15,"97":50,"10":58,"98":21,"11":37,"99":2,"12":33,"13":41,"14":5,"15":18,"16":17,"17":8,"18":50,"19":47,"1":34,"2":8,"3":60,"4":54,"5":42,"6":59,"7":61,"8":37,"9":42,"20":56,"21":29,"22":51,"23":38,"24":44,"25":46,"26":54,"27":52,"28":13,"29":45,"30":57,"31":35,"32":10,"33":36,"34":44,"35":23,"36":49,"37":1,"38":49,"39":13,"40":9,"41":18,"42":9,"43":27,"44":40,"45":24,"46":33,"47":60,"48":9,"49":7,"50":43,"51":14,"52":26,"53":39,"54":27,"55":25,"56":53,"57":1,"58":11,"59":30,"60":20,"61":24,"62":43,"63":39,"64":31,"65":19,"66":49,"67":59,"68":23,"69":49,"70":22,"71":15,"72":23,"73":29,"74":5,"75":48,"76":45,"77":30,"78":38,"79":6,"100":43,"80":41,"81":18,"82":16,"83":31,"84":21,"85":61,"86":3,"87":43}},{"END OF FILE:" : true}]