[{"STARTING PARTITION: ":{"1":1,"2":2,"3":3,"4":1,"5":1,"6":3},"Agents":[null,{"utility":99,"ID":1},{"utility":97,"ID":2},{"utility":0,"ID":3},{"utility":5,"ID":4},{"utility":28,"ID":5},{"utility":0,"ID":6}],"LAST COALITION":[[],[],[{"utility":99,"ID":1},{"utility":5,"ID":4}],[{"utility":97,"ID":2},{"utility":28,"ID":5}],[{"utility":0,"ID":3}],[{"utility":0,"ID":6}],[]],"STARTING COALITION: ":[[null],[{"utility":88.5,"ID":1},{"utility":47.5,"ID":4},{"utility":13.5,"ID":5}],[{"utility":0,"ID":2}],[{"utility":74,"ID":3},{"utility":25,"ID":6}],[],[],[]],"CORE :":false,"LAST PARTITION":{"1":2,"2":3,"3":4,"4":2,"5":3,"6":5}},{"STARTING PARTITION: ":{"1":1,"2":2,"3":3,"4":3,"5":2,"6":2},"Agents":[null,{"utility":99,"ID":1},{"utility":97,"ID":2},{"utility":0,"ID":3},{"utility":5,"ID":4},{"utility":28,"ID":5},{"utility":0,"ID":6}],"LAST COALITION":[[],[{"utility":99,"ID":1},{"utility":5,"ID":4}],[{"utility":0,"ID":6}],[{"utility":97,"ID":2},{"utility":28,"ID":5}],[{"utility":0,"ID":3}],[],[]],"STARTING COALITION: ":[[null],[{"utility":0,"ID":1}],[{"utility":66.5,"ID":2},{"utility":24,"ID":5},{"utility":56,"ID":6}],[{"utility":27,"ID":3},{"utility":40,"ID":4}],[],[],[]],"CORE :":false,"LAST PARTITION":{"1":1,"2":3,"3":4,"4":1,"5":3,"6":2}},{"STARTING PARTITION: ":{"1":3,"2":1,"3":3,"4":2,"5":2,"6":2},"Agents":[null,{"utility":48,"ID":1},{"utility":97,"ID":2},{"utility":41,"ID":3},{"utility":63,"ID":4},{"utility":28,"ID":5},{"utility":92,"ID":6}],"LAST COALITION":[[],[],[{"utility":63,"ID":4},{"utility":92,"ID":6}],[{"utility":97,"ID":2},{"utility":28,"ID":5}],[],[{"utility":48,"ID":1},{"utility":41,"ID":3}],[]],"STARTING COALITION: ":[[null],[{"utility":0,"ID":2}],[{"utility":76.5,"ID":4},{"utility":21.5,"ID":5},{"utility":74,"ID":6}],[{"utility":48,"ID":1},{"utility":41,"ID":3}],[],[],[]],"CORE :":true,"LAST PARTITION":{"1":5,"2":3,"3":5,"4":2,"5":3,"6":2}},{"STARTING PARTITION: ":{"1":1,"2":1,"3":1,"4":2,"5":2,"6":3},"Agents":[null,{"utility":99,"ID":1},{"utility":97,"ID":2},{"utility":0,"ID":3},{"utility":5,"ID":4},{"utility":28,"ID":5},{"utility":0,"ID":6}],"LAST COALITION":[[],[{"utility":97,"ID":2},{"utility":28,"ID":5}],[],[{"utility":0,"ID":3}],[{"utility":99,"ID":1},{"utility":5,"ID":4}],[{"utility":0,"ID":6}],[]],"STARTING COALITION: ":[[null],[{"utility":73.5,"ID":1},{"utility":14.5,"ID":2},{"utility":69,"ID":3}],[{"utility":90,"ID":4},{"utility":23,"ID":5}],[{"utility":0,"ID":6}],[],[],[]],"CORE :":false,"LAST PARTITION":{"1":4,"2":1,"3":3,"4":4,"5":1,"6":5}},{"STARTING PARTITION: ":{"1":3,"2":3,"3":2,"4":1,"5":3,"6":3},"Agents":[null,{"utility":0,"ID":1},{"utility":97,"ID":2},{"utility":27,"ID":3},{"utility":40,"ID":4},{"utility":28,"ID":5},{"utility":0,"ID":6}],"LAST COALITION":[[],[{"utility":97,"ID":2},{"utility":28,"ID":5}],[],[{"utility":0,"ID":6}],[{"utility":0,"ID":1}],[{"utility":27,"ID":3},{"utility":40,"ID":4}],[]],"STARTING COALITION: ":[[null],[{"utility":0,"ID":4}],[{"utility":0,"ID":3}],[{"utility":64,"ID":1},{"utility":48.333333333333336,"ID":2},{"utility":17.333333333333332,"ID":5},{"utility":39.666666666666664,"ID":6}],[],[],[]],"CORE :":false,"LAST PARTITION":{"1":4,"2":1,"3":5,"4":5,"5":1,"6":3}},{"STARTING PARTITION: ":{"1":2,"2":1,"3":1,"4":2,"5":3,"6":3},"Agents":[null,{"utility":0,"ID":1},{"utility":97,"ID":2},{"utility":27,"ID":3},{"utility":40,"ID":4},{"utility":28,"ID":5},{"utility":0,"ID":6}],"LAST COALITION":[[],[],[{"utility":0,"ID":1}],[{"utility":0,"ID":6}],[{"utility":97,"ID":2},{"utility":28,"ID":5}],[{"utility":27,"ID":3},{"utility":40,"ID":4}],[]],"STARTING COALITION: ":[[null],[{"utility":17,"ID":2},{"utility":97,"ID":3}],[{"utility":99,"ID":1},{"utility":5,"ID":4}],[{"utility":20,"ID":5},{"utility":56,"ID":6}],[],[],[]],"CORE :":false,"LAST PARTITION":{"1":2,"2":4,"3":5,"4":5,"5":4,"6":3}},{"STARTING PARTITION: ":{"1":1,"2":1,"3":3,"4":1,"5":1,"6":3},"Agents":[null,{"utility":48,"ID":1},{"utility":97,"ID":2},{"utility":41,"ID":3},{"utility":63,"ID":4},{"utility":28,"ID":5},{"utility":92,"ID":6}],"LAST COALITION":[[],[],[{"utility":97,"ID":2},{"utility":28,"ID":5}],[],[{"utility":63,"ID":4},{"utility":92,"ID":6}],[{"utility":48,"ID":1},{"utility":41,"ID":3}],[]],"STARTING COALITION: ":[[null],[{"utility":92,"ID":1},{"utility":37.666666666666664,"ID":2},{"utility":55.333333333333336,"ID":4},{"utility":18.333333333333332,"ID":5}],[],[{"utility":74,"ID":3},{"utility":25,"ID":6}],[],[],[]],"CORE :":true,"LAST PARTITION":{"1":5,"2":2,"3":5,"4":4,"5":2,"6":4}},{"STARTING PARTITION: ":{"1":3,"2":3,"3":1,"4":3,"5":3,"6":3},"Agents":[null,{"utility":0,"ID":1},{"utility":97,"ID":2},{"utility":27,"ID":3},{"utility":40,"ID":4},{"utility":28,"ID":5},{"utility":0,"ID":6}],"LAST COALITION":[[],[],[{"utility":97,"ID":2},{"utility":28,"ID":5}],[{"utility":0,"ID":6}],[{"utility":27,"ID":3},{"utility":40,"ID":4}],[{"utility":0,"ID":1}],[]],"STARTING COALITION: ":[[null],[{"utility":0,"ID":3}],[],[{"utility":72.75,"ID":1},{"utility":37.25,"ID":2},{"utility":57.25,"ID":4},{"utility":18.75,"ID":5},{"utility":52.75,"ID":6}],[],[],[]],"CORE :":false,"LAST PARTITION":{"1":5,"2":2,"3":4,"4":4,"5":2,"6":3}},{"STARTING PARTITION: ":{"1":1,"2":3,"3":1,"4":1,"5":2,"6":1},"Agents":[null,{"utility":48,"ID":1},{"utility":97,"ID":2},{"utility":41,"ID":3},{"utility":63,"ID":4},{"utility":28,"ID":5},{"utility":92,"ID":6}],"LAST COALITION":[[],[{"utility":63,"ID":4},{"utility":92,"ID":6}],[{"utility":97,"ID":2},{"utility":28,"ID":5}],[],[{"utility":48,"ID":1},{"utility":41,"ID":3}],[],[]],"STARTING COALITION: ":[[null],[{"utility":54,"ID":1},{"utility":47.333333333333336,"ID":3},{"utility":36,"ID":4},{"utility":41.333333333333336,"ID":6}],[{"utility":0,"ID":5}],[{"utility":0,"ID":2}],[],[],[]],"CORE :":true,"LAST PARTITION":{"1":4,"2":2,"3":4,"4":1,"5":2,"6":1}},{"STARTING PARTITION: ":{"1":2,"2":2,"3":2,"4":2,"5":2,"6":3},"Agents":[null,{"utility":48,"ID":1},{"utility":97,"ID":2},{"utility":41,"ID":3},{"utility":63,"ID":4},{"utility":28,"ID":5},{"utility":92,"ID":6}],"LAST COALITION":[[],[],[{"utility":97,"ID":2},{"utility":28,"ID":5}],[{"utility":63,"ID":4},{"utility":92,"ID":6}],[{"utility":48,"ID":1},{"utility":41,"ID":3}],[],[]],"STARTING COALITION: ":[[null],[],[{"utility":81,"ID":1},{"utility":32.5,"ID":2},{"utility":46.5,"ID":3},{"utility":51.5,"ID":4},{"utility":33.25,"ID":5}],[{"utility":0,"ID":6}],[],[],[]],"CORE :":true,"LAST PARTITION":{"1":4,"2":2,"3":4,"4":3,"5":2,"6":3}},{"END OF FILE:" : true}]