[{"STARTING PARTITION: ":{"88":31,"89":21,"90":45,"91":43,"92":12,"93":47,"94":16,"95":3,"96":30,"97":41,"10":23,"98":1,"11":21,"99":32,"12":2,"13":3,"14":46,"15":50,"16":8,"17":13,"18":49,"19":28,"1":13,"2":44,"3":31,"4":31,"5":46,"6":47,"7":34,"8":20,"9":27,"20":5,"21":8,"22":3,"23":46,"24":11,"25":36,"26":49,"27":41,"28":27,"29":14,"30":3,"31":22,"32":30,"33":50,"34":5,"35":21,"36":14,"37":1,"38":4,"39":20,"40":30,"41":20,"42":2,"43":27,"44":10,"45":11,"46":28,"47":11,"48":3,"49":8,"50":20,"51":8,"52":44,"53":28,"54":46,"55":8,"56":35,"57":1,"58":29,"59":20,"60":5,"61":11,"62":41,"63":18,"64":6,"65":43,"66":26,"67":14,"68":22,"69":4,"70":28,"71":41,"72":42,"73":27,"74":4,"75":4,"76":42,"77":15,"78":48,"79":3,"100":45,"80":4,"81":37,"82":10,"83":47,"84":39,"85":19,"86":48,"87":23},"Agents":[null,{"utility":40,"ID":1},{"utility":81,"ID":2},{"utility":0,"ID":3},{"utility":84,"ID":4},{"utility":81,"ID":5},{"utility":0,"ID":6},{"utility":0,"ID":7},{"utility":26,"ID":8},{"utility":0,"ID":9},{"utility":65,"ID":10},{"utility":0,"ID":11},{"utility":0,"ID":12},{"utility":0,"ID":13},{"utility":0,"ID":14},{"utility":0,"ID":15},{"utility":0,"ID":16},{"utility":96,"ID":17},{"utility":0,"ID":18},{"utility":0,"ID":19},{"utility":0,"ID":20},{"utility":10,"ID":21},{"utility":0,"ID":22},{"utility":0,"ID":23},{"utility":0,"ID":24},{"utility":65,"ID":25},{"utility":86,"ID":26},{"utility":0,"ID":27},{"utility":48,"ID":28},{"utility":96,"ID":29},{"utility":53,"ID":30},{"utility":0,"ID":31},{"utility":0,"ID":32},{"utility":0,"ID":33},{"utility":0,"ID":34},{"utility":0,"ID":35},{"utility":93,"ID":36},{"utility":45,"ID":37},{"utility":0,"ID":38},{"utility":0,"ID":39},{"utility":49,"ID":40},{"utility":24,"ID":41},{"utility":0,"ID":42},{"utility":74,"ID":43},{"utility":68,"ID":44},{"utility":29.5,"ID":45},{"utility":0,"ID":46},{"utility":37,"ID":47},{"utility":0,"ID":48},{"utility":69,"ID":49},{"utility":32,"ID":50},{"utility":0,"ID":51},{"utility":0,"ID":52},{"utility":88,"ID":53},{"utility":3,"ID":54},{"utility":63,"ID":55},{"utility":25,"ID":56},{"utility":53,"ID":57},{"utility":0,"ID":58},{"utility":0,"ID":59},{"utility":3,"ID":60},{"utility":0,"ID":61},{"utility":88,"ID":62},{"utility":0,"ID":63},{"utility":0,"ID":64},{"utility":27,"ID":65},{"utility":31,"ID":66},{"utility":0,"ID":67},{"utility":0,"ID":68},{"utility":35,"ID":69},{"utility":73,"ID":70},{"utility":6,"ID":71},{"utility":77,"ID":72},{"utility":0,"ID":73},{"utility":82,"ID":74},{"utility":42,"ID":75},{"utility":99,"ID":76},{"utility":0,"ID":77},{"utility":0,"ID":78},{"utility":98,"ID":79},{"utility":0,"ID":80},{"utility":0,"ID":81},{"utility":0,"ID":82},{"utility":13,"ID":83},{"utility":0,"ID":84},{"utility":72,"ID":85},{"utility":55,"ID":86},{"utility":0,"ID":87},{"utility":20,"ID":88},{"utility":0,"ID":89},{"utility":0,"ID":90},{"utility":0,"ID":91},{"utility":0,"ID":92},{"utility":0,"ID":93},{"utility":0,"ID":94},{"utility":5,"ID":95},{"utility":16,"ID":96},{"utility":8,"ID":97},{"utility":10,"ID":98},{"utility":0,"ID":99},{"utility":0,"ID":100}],"LAST COALITION":[[],[{"utility":48,"ID":28},{"utility":63,"ID":55}],[{"utility":0,"ID":12}],[{"utility":0,"ID":13},{"utility":0,"ID":22},{"utility":0,"ID":48},{"utility":5,"ID":95}],[{"utility":0,"ID":38}],[{"utility":0,"ID":20},{"utility":0,"ID":34}],[{"utility":0,"ID":64}],[{"utility":40,"ID":1},{"utility":49,"ID":40}],[{"utility":0,"ID":16},{"utility":0,"ID":51}],[{"utility":81,"ID":2},{"utility":96,"ID":29}],[{"utility":0,"ID":82}],[{"utility":0,"ID":24},{"utility":29.5,"ID":45},{"utility":0,"ID":61}],[{"utility":0,"ID":92}],[{"utility":10,"ID":21},{"utility":45,"ID":37}],[{"utility":0,"ID":67}],[{"utility":0,"ID":77}],[{"utility":0,"ID":94}],[{"utility":0,"ID":80}],[{"utility":0,"ID":63}],[{"utility":6,"ID":71},{"utility":20,"ID":88}],[{"utility":26,"ID":8},{"utility":0,"ID":59}],[{"utility":0,"ID":35},{"utility":0,"ID":89}],[{"utility":0,"ID":31},{"utility":0,"ID":68}],[{"utility":0,"ID":87}],[{"utility":84,"ID":4},{"utility":31,"ID":66}],[{"utility":35,"ID":69},{"utility":72,"ID":85}],[{"utility":81,"ID":5},{"utility":10,"ID":98}],[{"utility":0,"ID":9},{"utility":0,"ID":73}],[{"utility":0,"ID":19},{"utility":0,"ID":46}],[{"utility":0,"ID":58}],[{"utility":0,"ID":32}],[{"utility":42,"ID":75},{"utility":16,"ID":96}],[{"utility":0,"ID":99}],[{"utility":0,"ID":3}],[{"utility":0,"ID":7}],[{"utility":32,"ID":50},{"utility":8,"ID":97}],[{"utility":0,"ID":11}],[{"utility":0,"ID":81}],[{"utility":96,"ID":17},{"utility":73,"ID":70}],[{"utility":0,"ID":84}],[{"utility":86,"ID":26},{"utility":53,"ID":57}],[{"utility":0,"ID":27}],[{"utility":69,"ID":49},{"utility":25,"ID":56}],[{"utility":0,"ID":91}],[{"utility":0,"ID":52}],[{"utility":0,"ID":90},{"utility":0,"ID":100}],[{"utility":0,"ID":14},{"utility":0,"ID":23},{"utility":3,"ID":54}],[{"utility":0,"ID":6},{"utility":0,"ID":93}],[{"utility":0,"ID":78}],[{"utility":0,"ID":18}],[{"utility":0,"ID":15},{"utility":0,"ID":33}],[{"utility":65,"ID":25},{"utility":88,"ID":62}],[{"utility":0,"ID":39}],[{"utility":53,"ID":30},{"utility":98,"ID":79}],[{"utility":93,"ID":36},{"utility":74,"ID":43}],[{"utility":24,"ID":41},{"utility":82,"ID":74}],[{"utility":0,"ID":42}],[{"utility":88,"ID":53},{"utility":3,"ID":60}],[{"utility":65,"ID":10},{"utility":13,"ID":83}],[{"utility":37,"ID":47},{"utility":77,"ID":72}],[{"utility":68,"ID":44},{"utility":99,"ID":76}],[{"utility":27,"ID":65},{"utility":55,"ID":86}],[],[],[],[],[],[],[],[],[],[],[],[],[],[],[],[],[],[],[],[],[],[],[],[],[],[],[],[],[],[],[],[],[],[],[],[],[],[],[]],"STARTING COALITION: ":[[null],[{"utility":0,"ID":37},{"utility":0,"ID":57},{"utility":0,"ID":98}],[{"utility":0,"ID":12},{"utility":0,"ID":42}],[{"utility":18.2,"ID":13},{"utility":0,"ID":22},{"utility":10.6,"ID":30},{"utility":18.6,"ID":48},{"utility":19.6,"ID":79},{"utility":4.8,"ID":95}],[{"utility":17.5,"ID":38},{"utility":8.25,"ID":69},{"utility":1.25,"ID":74},{"utility":0,"ID":75},{"utility":40.25,"ID":80}],[{"utility":0,"ID":20},{"utility":0,"ID":34},{"utility":0,"ID":60}],[{"utility":0,"ID":64}],[],[{"utility":0,"ID":16},{"utility":2.5,"ID":21},{"utility":18.75,"ID":49},{"utility":0,"ID":51},{"utility":0,"ID":55}],[],[{"utility":0,"ID":44},{"utility":78,"ID":82}],[{"utility":0,"ID":24},{"utility":19.666666666666668,"ID":45},{"utility":0,"ID":47},{"utility":0,"ID":61}],[{"utility":0,"ID":92}],[{"utility":0,"ID":1},{"utility":0,"ID":17}],[{"utility":0,"ID":29},{"utility":59,"ID":36},{"utility":0,"ID":67}],[{"utility":0,"ID":77}],[{"utility":0,"ID":94}],[],[{"utility":0,"ID":63}],[{"utility":0,"ID":85}],[{"utility":15.5,"ID":8},{"utility":14.75,"ID":39},{"utility":0,"ID":41},{"utility":0,"ID":50},{"utility":0,"ID":59}],[{"utility":0,"ID":11},{"utility":0,"ID":35},{"utility":0,"ID":89}],[{"utility":0,"ID":31},{"utility":0,"ID":68}],[{"utility":0,"ID":10},{"utility":0,"ID":87}],[],[],[{"utility":0,"ID":66}],[{"utility":0,"ID":9},{"utility":0,"ID":28},{"utility":0,"ID":43},{"utility":23.666666666666668,"ID":73}],[{"utility":0,"ID":19},{"utility":0,"ID":46},{"utility":22.666666666666668,"ID":53},{"utility":0,"ID":70}],[{"utility":0,"ID":58}],[{"utility":0,"ID":32},{"utility":0,"ID":40},{"utility":0,"ID":96}],[{"utility":0,"ID":3},{"utility":0,"ID":4},{"utility":0,"ID":88}],[{"utility":0,"ID":99}],[],[{"utility":0,"ID":7}],[{"utility":0,"ID":56}],[{"utility":0,"ID":25}],[{"utility":0,"ID":81}],[],[{"utility":0,"ID":84}],[],[{"utility":0,"ID":27},{"utility":0,"ID":62},{"utility":0,"ID":71},{"utility":0,"ID":97}],[{"utility":0,"ID":72},{"utility":0,"ID":76}],[{"utility":0,"ID":65},{"utility":0,"ID":91}],[{"utility":0,"ID":2},{"utility":0,"ID":52}],[{"utility":0,"ID":90},{"utility":0,"ID":100}],[{"utility":0,"ID":5},{"utility":11.333333333333334,"ID":14},{"utility":0,"ID":23},{"utility":2,"ID":54}],[{"utility":0,"ID":6},{"utility":0,"ID":83},{"utility":0,"ID":93}],[{"utility":0,"ID":78},{"utility":0,"ID":86}],[{"utility":0,"ID":18},{"utility":0,"ID":26}],[{"utility":0,"ID":15},{"utility":0,"ID":33}],[],[],[],[],[],[],[],[],[],[],[],[],[],[],[],[],[],[],[],[],[],[],[],[],[],[],[],[],[],[],[],[],[],[],[],[],[],[],[],[],[],[],[],[],[],[],[],[],[],[]],"CORE :":true,"LAST PARTITION":{"88":19,"89":21,"90":45,"91":43,"92":12,"93":47,"94":16,"95":3,"96":31,"97":35,"10":58,"98":26,"11":36,"99":32,"12":2,"13":3,"14":46,"15":50,"16":8,"17":38,"18":49,"19":28,"1":7,"2":9,"3":33,"4":24,"5":26,"6":47,"7":34,"8":20,"9":27,"20":5,"21":13,"22":3,"23":46,"24":11,"25":51,"26":40,"27":41,"28":1,"29":9,"30":53,"31":22,"32":30,"33":50,"34":5,"35":21,"36":54,"37":13,"38":4,"39":52,"40":7,"41":55,"42":56,"43":54,"44":60,"45":11,"46":28,"47":59,"48":3,"49":42,"50":35,"51":8,"52":44,"53":57,"54":46,"55":1,"56":42,"57":40,"58":29,"59":20,"60":57,"61":11,"62":51,"63":18,"64":6,"65":61,"66":24,"67":14,"68":22,"69":25,"70":38,"71":19,"72":59,"73":27,"74":55,"75":31,"76":60,"77":15,"78":48,"79":53,"100":45,"80":17,"81":37,"82":10,"83":58,"84":39,"85":25,"86":61,"87":23}},{"STARTING PARTITION: ":{"88":13,"89":2,"90":3,"91":26,"92":20,"93":13,"94":21,"95":38,"96":24,"97":4,"10":33,"98":35,"11":44,"99":17,"12":18,"13":30,"14":25,"15":19,"16":7,"17":15,"18":3,"19":45,"1":26,"2":24,"3":50,"4":15,"5":19,"6":50,"7":12,"8":31,"9":23,"20":28,"21":10,"22":10,"23":7,"24":12,"25":28,"26":29,"27":14,"28":32,"29":30,"30":3,"31":40,"32":26,"33":36,"34":44,"35":14,"36":37,"37":6,"38":15,"39":23,"40":4,"41":28,"42":36,"43":31,"44":9,"45":28,"46":50,"47":37,"48":45,"49":22,"50":48,"51":24,"52":8,"53":38,"54":36,"55":12,"56":1,"57":23,"58":47,"59":6,"60":41,"61":4,"62":5,"63":24,"64":15,"65":12,"66":24,"67":26,"68":7,"69":21,"70":27,"71":36,"72":17,"73":40,"74":11,"75":21,"76":48,"77":22,"78":22,"79":11,"100":25,"80":18,"81":16,"82":43,"83":15,"84":15,"85":1,"86":21,"87":1},"Agents":[null,{"utility":40,"ID":1},{"utility":81,"ID":2},{"utility":0,"ID":3},{"utility":84,"ID":4},{"utility":81,"ID":5},{"utility":0,"ID":6},{"utility":0,"ID":7},{"utility":0,"ID":8},{"utility":0,"ID":9},{"utility":65,"ID":10},{"utility":0,"ID":11},{"utility":0,"ID":12},{"utility":0,"ID":13},{"utility":70,"ID":14},{"utility":0,"ID":15},{"utility":0,"ID":16},{"utility":96,"ID":17},{"utility":0,"ID":18},{"utility":0,"ID":19},{"utility":0,"ID":20},{"utility":10,"ID":21},{"utility":0,"ID":22},{"utility":0,"ID":23},{"utility":0,"ID":24},{"utility":65,"ID":25},{"utility":86,"ID":26},{"utility":53,"ID":27},{"utility":48,"ID":28},{"utility":96,"ID":29},{"utility":53,"ID":30},{"utility":0,"ID":31},{"utility":37.5,"ID":32},{"utility":0,"ID":33},{"utility":0,"ID":34},{"utility":0,"ID":35},{"utility":93,"ID":36},{"utility":45,"ID":37},{"utility":0,"ID":38},{"utility":0,"ID":39},{"utility":49,"ID":40},{"utility":24,"ID":41},{"utility":0,"ID":42},{"utility":74,"ID":43},{"utility":68,"ID":44},{"utility":0,"ID":45},{"utility":0,"ID":46},{"utility":37,"ID":47},{"utility":0,"ID":48},{"utility":69,"ID":49},{"utility":32,"ID":50},{"utility":0,"ID":51},{"utility":0,"ID":52},{"utility":88,"ID":53},{"utility":0,"ID":54},{"utility":63,"ID":55},{"utility":25,"ID":56},{"utility":53,"ID":57},{"utility":0,"ID":58},{"utility":0,"ID":59},{"utility":3,"ID":60},{"utility":0,"ID":61},{"utility":88,"ID":62},{"utility":0,"ID":63},{"utility":18.5,"ID":64},{"utility":27,"ID":65},{"utility":31,"ID":66},{"utility":0,"ID":67},{"utility":0,"ID":68},{"utility":35,"ID":69},{"utility":73,"ID":70},{"utility":6,"ID":71},{"utility":77,"ID":72},{"utility":0,"ID":73},{"utility":82,"ID":74},{"utility":42,"ID":75},{"utility":99,"ID":76},{"utility":0,"ID":77},{"utility":0,"ID":78},{"utility":98,"ID":79},{"utility":0,"ID":80},{"utility":0,"ID":81},{"utility":0,"ID":82},{"utility":13,"ID":83},{"utility":0,"ID":84},{"utility":72,"ID":85},{"utility":55,"ID":86},{"utility":0,"ID":87},{"utility":20,"ID":88},{"utility":0,"ID":89},{"utility":0,"ID":90},{"utility":0,"ID":91},{"utility":0,"ID":92},{"utility":0,"ID":93},{"utility":0,"ID":94},{"utility":0,"ID":95},{"utility":16,"ID":96},{"utility":8,"ID":97},{"utility":10,"ID":98},{"utility":0,"ID":99},{"utility":0,"ID":100}],"LAST COALITION":[[],[{"utility":0,"ID":87}],[{"utility":0,"ID":89}],[{"utility":0,"ID":18},{"utility":0,"ID":90}],[{"utility":0,"ID":61}],[{"utility":0,"ID":39}],[{"utility":0,"ID":59}],[{"utility":0,"ID":16},{"utility":0,"ID":23},{"utility":0,"ID":68}],[{"utility":0,"ID":52}],[{"utility":65,"ID":10},{"utility":13,"ID":83}],[{"utility":0,"ID":22}],[{"utility":0,"ID":42}],[{"utility":0,"ID":7},{"utility":0,"ID":24}],[{"utility":0,"ID":93}],[{"utility":53,"ID":27},{"utility":0,"ID":35}],[{"utility":0,"ID":38},{"utility":18.5,"ID":64},{"utility":0,"ID":84}],[{"utility":0,"ID":81}],[{"utility":0,"ID":99}],[{"utility":0,"ID":12}],[{"utility":0,"ID":15}],[{"utility":0,"ID":92}],[{"utility":0,"ID":94}],[{"utility":0,"ID":77},{"utility":0,"ID":78}],[{"utility":0,"ID":9}],[{"utility":0,"ID":51},{"utility":0,"ID":63}],[{"utility":70,"ID":14},{"utility":0,"ID":100}],[{"utility":37.5,"ID":32},{"utility":0,"ID":67},{"utility":0,"ID":91}],[{"utility":10,"ID":21},{"utility":45,"ID":37}],[{"utility":0,"ID":20},{"utility":0,"ID":45}],[{"utility":65,"ID":25},{"utility":88,"ID":62}],[{"utility":0,"ID":13}],[{"utility":0,"ID":8}],[{"utility":53,"ID":30},{"utility":98,"ID":79}],[{"utility":0,"ID":80}],[{"utility":40,"ID":1},{"utility":49,"ID":40}],[{"utility":0,"ID":3}],[{"utility":0,"ID":33},{"utility":0,"ID":54}],[{"utility":37,"ID":47},{"utility":77,"ID":72}],[{"utility":0,"ID":95}],[{"utility":81,"ID":2},{"utility":96,"ID":29}],[{"utility":0,"ID":31},{"utility":0,"ID":73}],[{"utility":27,"ID":65},{"utility":55,"ID":86}],[{"utility":35,"ID":69},{"utility":72,"ID":85}],[{"utility":0,"ID":82}],[{"utility":0,"ID":34}],[{"utility":0,"ID":19},{"utility":0,"ID":48}],[{"utility":84,"ID":4},{"utility":31,"ID":66}],[{"utility":0,"ID":58}],[{"utility":88,"ID":53},{"utility":3,"ID":60}],[{"utility":0,"ID":11}],[{"utility":0,"ID":6},{"utility":0,"ID":46}],[{"utility":81,"ID":5},{"utility":10,"ID":98}],[{"utility":96,"ID":17},{"utility":73,"ID":70}],[{"utility":86,"ID":26},{"utility":53,"ID":57}],[{"utility":48,"ID":28},{"utility":63,"ID":55}],[{"utility":93,"ID":36},{"utility":74,"ID":43}],[{"utility":24,"ID":41},{"utility":82,"ID":74}],[{"utility":69,"ID":49},{"utility":25,"ID":56}],[{"utility":68,"ID":44},{"utility":99,"ID":76}],[{"utility":32,"ID":50},{"utility":8,"ID":97}],[{"utility":6,"ID":71},{"utility":20,"ID":88}],[{"utility":42,"ID":75},{"utility":16,"ID":96}],[],[],[],[],[],[],[],[],[],[],[],[],[],[],[],[],[],[],[],[],[],[],[],[],[],[],[],[],[],[],[],[],[],[],[],[],[],[],[]],"STARTING COALITION: ":[[null],[{"utility":22.5,"ID":56},{"utility":0,"ID":85},{"utility":0,"ID":87}],[{"utility":0,"ID":89}],[{"utility":0,"ID":18},{"utility":0,"ID":30},{"utility":0,"ID":90}],[{"utility":0,"ID":40},{"utility":16,"ID":61},{"utility":0,"ID":97}],[{"utility":0,"ID":62}],[{"utility":0,"ID":37},{"utility":0,"ID":59}],[{"utility":0,"ID":16},{"utility":0,"ID":23},{"utility":0,"ID":68}],[{"utility":0,"ID":52}],[{"utility":0,"ID":44}],[{"utility":0,"ID":21},{"utility":0,"ID":22}],[{"utility":0,"ID":74},{"utility":0,"ID":79}],[{"utility":0,"ID":7},{"utility":0,"ID":24},{"utility":0,"ID":55},{"utility":0,"ID":65}],[{"utility":0,"ID":88},{"utility":0,"ID":93}],[{"utility":53,"ID":27},{"utility":0,"ID":35}],[{"utility":0,"ID":4},{"utility":0,"ID":17},{"utility":2.8,"ID":38},{"utility":7.4,"ID":64},{"utility":0,"ID":83},{"utility":13.2,"ID":84}],[{"utility":0,"ID":81}],[{"utility":0,"ID":72},{"utility":0,"ID":99}],[{"utility":0,"ID":12},{"utility":75,"ID":80}],[{"utility":0,"ID":5},{"utility":0,"ID":15}],[{"utility":0,"ID":92}],[{"utility":0,"ID":69},{"utility":0,"ID":75},{"utility":0,"ID":86},{"utility":0,"ID":94}],[{"utility":0,"ID":49},{"utility":0,"ID":77},{"utility":0,"ID":78}],[{"utility":0,"ID":9},{"utility":0,"ID":39},{"utility":0,"ID":57}],[{"utility":0,"ID":2},{"utility":0,"ID":51},{"utility":0,"ID":63},{"utility":8,"ID":66},{"utility":0,"ID":96}],[{"utility":70,"ID":14},{"utility":0,"ID":100}],[{"utility":0,"ID":1},{"utility":25,"ID":32},{"utility":0,"ID":67},{"utility":0,"ID":91}],[{"utility":0,"ID":70}],[{"utility":0,"ID":20},{"utility":0,"ID":25},{"utility":0,"ID":41},{"utility":54.666666666666664,"ID":45}],[{"utility":0,"ID":26}],[{"utility":0,"ID":13},{"utility":0,"ID":29}],[{"utility":0,"ID":8},{"utility":0,"ID":43}],[{"utility":0,"ID":28}],[{"utility":0,"ID":10}],[],[{"utility":0,"ID":98}],[{"utility":0,"ID":33},{"utility":0,"ID":42},{"utility":0,"ID":54},{"utility":0,"ID":71}],[{"utility":0,"ID":36},{"utility":0,"ID":47}],[{"utility":0,"ID":53},{"utility":0,"ID":95}],[],[{"utility":0,"ID":31},{"utility":0,"ID":73}],[{"utility":0,"ID":60}],[],[{"utility":0,"ID":82}],[{"utility":0,"ID":11},{"utility":0,"ID":34}],[{"utility":0,"ID":19},{"utility":0,"ID":48}],[],[{"utility":0,"ID":58}],[{"utility":83,"ID":50},{"utility":0,"ID":76}],[],[{"utility":0,"ID":3},{"utility":0,"ID":6},{"utility":0,"ID":46}],[],[],[],[],[],[],[],[],[],[],[],[],[],[],[],[],[],[],[],[],[],[],[],[],[],[],[],[],[],[],[],[],[],[],[],[],[],[],[],[],[],[],[],[],[],[],[],[],[],[]],"CORE :":true,"LAST PARTITION":{"88":60,"89":2,"90":3,"91":26,"92":20,"93":13,"94":21,"95":38,"96":61,"97":59,"10":9,"98":51,"11":49,"99":17,"12":18,"13":30,"14":25,"15":19,"16":7,"17":52,"18":3,"19":45,"1":34,"2":39,"3":35,"4":46,"5":51,"6":50,"7":12,"8":31,"9":23,"20":28,"21":27,"22":10,"23":7,"24":12,"25":29,"26":53,"27":14,"28":54,"29":39,"30":32,"31":40,"32":26,"33":36,"34":44,"35":14,"36":55,"37":27,"38":15,"39":5,"40":34,"41":56,"42":11,"43":55,"44":58,"45":28,"46":50,"47":37,"48":45,"49":57,"50":59,"51":24,"52":8,"53":48,"54":36,"55":54,"56":57,"57":53,"58":47,"59":6,"60":48,"61":4,"62":29,"63":24,"64":15,"65":41,"66":46,"67":26,"68":7,"69":42,"70":52,"71":60,"72":37,"73":40,"74":56,"75":61,"76":58,"77":22,"78":22,"79":32,"100":25,"80":33,"81":16,"82":43,"83":9,"84":15,"85":42,"86":41,"87":1}},{"STARTING PARTITION: ":{"88":12,"89":21,"90":14,"91":40,"92":17,"93":27,"94":23,"95":6,"96":42,"97":20,"10":25,"98":29,"11":17,"99":28,"12":47,"13":31,"14":44,"15":26,"16":5,"17":17,"18":20,"19":42,"1":35,"2":15,"3":40,"4":35,"5":10,"6":39,"7":39,"8":32,"9":46,"20":40,"21":13,"22":24,"23":46,"24":5,"25":33,"26":22,"27":23,"28":18,"29":37,"30":34,"31":40,"32":48,"33":10,"34":8,"35":28,"36":19,"37":10,"38":28,"39":6,"40":50,"41":18,"42":46,"43":30,"44":8,"45":21,"46":6,"47":41,"48":39,"49":19,"50":1,"51":34,"52":47,"53":25,"54":35,"55":44,"56":19,"57":1,"58":46,"59":44,"60":36,"61":28,"62":45,"63":14,"64":4,"65":5,"66":20,"67":45,"68":18,"69":38,"70":12,"71":44,"72":50,"73":25,"74":7,"75":13,"76":26,"77":11,"78":43,"79":25,"100":20,"80":5,"81":40,"82":45,"83":22,"84":34,"85":30,"86":24,"87":10},"Agents":[null,{"utility":40,"ID":1},{"utility":81,"ID":2},{"utility":0,"ID":3},{"utility":84,"ID":4},{"utility":81,"ID":5},{"utility":0,"ID":6},{"utility":0,"ID":7},{"utility":0,"ID":8},{"utility":0,"ID":9},{"utility":65,"ID":10},{"utility":0,"ID":11},{"utility":0,"ID":12},{"utility":0,"ID":13},{"utility":14,"ID":14},{"utility":0,"ID":15},{"utility":0,"ID":16},{"utility":96,"ID":17},{"utility":0,"ID":18},{"utility":0,"ID":19},{"utility":0,"ID":20},{"utility":10,"ID":21},{"utility":0,"ID":22},{"utility":0,"ID":23},{"utility":0,"ID":24},{"utility":65,"ID":25},{"utility":86,"ID":26},{"utility":0,"ID":27},{"utility":48,"ID":28},{"utility":96,"ID":29},{"utility":53,"ID":30},{"utility":0,"ID":31},{"utility":0,"ID":32},{"utility":0,"ID":33},{"utility":0,"ID":34},{"utility":32,"ID":35},{"utility":93,"ID":36},{"utility":45,"ID":37},{"utility":0,"ID":38},{"utility":0,"ID":39},{"utility":49,"ID":40},{"utility":24,"ID":41},{"utility":16,"ID":42},{"utility":74,"ID":43},{"utility":68,"ID":44},{"utility":0,"ID":45},{"utility":0,"ID":46},{"utility":37,"ID":47},{"utility":0,"ID":48},{"utility":69,"ID":49},{"utility":32,"ID":50},{"utility":0,"ID":51},{"utility":0,"ID":52},{"utility":96,"ID":53},{"utility":0,"ID":54},{"utility":63,"ID":55},{"utility":25,"ID":56},{"utility":53,"ID":57},{"utility":0,"ID":58},{"utility":0,"ID":59},{"utility":0,"ID":60},{"utility":13.333333333333334,"ID":61},{"utility":88,"ID":62},{"utility":0,"ID":63},{"utility":0,"ID":64},{"utility":27,"ID":65},{"utility":31,"ID":66},{"utility":0,"ID":67},{"utility":0,"ID":68},{"utility":35,"ID":69},{"utility":73,"ID":70},{"utility":86,"ID":71},{"utility":77,"ID":72},{"utility":0,"ID":73},{"utility":82,"ID":74},{"utility":42,"ID":75},{"utility":99,"ID":76},{"utility":0,"ID":77},{"utility":0,"ID":78},{"utility":98,"ID":79},{"utility":0,"ID":80},{"utility":0,"ID":81},{"utility":0,"ID":82},{"utility":13,"ID":83},{"utility":0,"ID":84},{"utility":72,"ID":85},{"utility":55,"ID":86},{"utility":0,"ID":87},{"utility":0,"ID":88},{"utility":0,"ID":89},{"utility":37,"ID":90},{"utility":21.666666666666668,"ID":91},{"utility":0,"ID":92},{"utility":0,"ID":93},{"utility":0,"ID":94},{"utility":0,"ID":95},{"utility":16,"ID":96},{"utility":8,"ID":97},{"utility":10,"ID":98},{"utility":0,"ID":99},{"utility":0,"ID":100}],"LAST COALITION":[[],[{"utility":27,"ID":65},{"utility":55,"ID":86}],[{"utility":40,"ID":1},{"utility":49,"ID":40}],[{"utility":81,"ID":2},{"utility":96,"ID":29}],[{"utility":0,"ID":64}],[{"utility":0,"ID":16},{"utility":0,"ID":24}],[{"utility":0,"ID":46},{"utility":0,"ID":95}],[{"utility":32,"ID":50},{"utility":8,"ID":97}],[{"utility":0,"ID":34}],[{"utility":0,"ID":80}],[{"utility":0,"ID":33},{"utility":0,"ID":87}],[{"utility":0,"ID":77}],[{"utility":0,"ID":88}],[],[{"utility":0,"ID":63},{"utility":37,"ID":90}],[{"utility":84,"ID":4},{"utility":31,"ID":66}],[{"utility":35,"ID":69},{"utility":72,"ID":85}],[{"utility":0,"ID":92}],[{"utility":0,"ID":68}],[{"utility":69,"ID":49},{"utility":25,"ID":56}],[{"utility":0,"ID":18},{"utility":0,"ID":100}],[{"utility":0,"ID":45},{"utility":0,"ID":89}],[{"utility":65,"ID":25},{"utility":88,"ID":62}],[{"utility":0,"ID":27},{"utility":0,"ID":94}],[{"utility":0,"ID":22}],[{"utility":96,"ID":53},{"utility":0,"ID":73}],[{"utility":0,"ID":15}],[{"utility":0,"ID":93}],[{"utility":32,"ID":35},{"utility":0,"ID":38},{"utility":13.333333333333334,"ID":61},{"utility":0,"ID":99}],[{"utility":0,"ID":3}],[{"utility":42,"ID":75},{"utility":16,"ID":96}],[{"utility":0,"ID":13}],[{"utility":0,"ID":8}],[{"utility":81,"ID":5},{"utility":10,"ID":98}],[{"utility":0,"ID":51},{"utility":0,"ID":84}],[{"utility":0,"ID":54}],[{"utility":0,"ID":60}],[{"utility":0,"ID":11}],[],[{"utility":0,"ID":6},{"utility":0,"ID":7},{"utility":0,"ID":48}],[{"utility":0,"ID":20},{"utility":0,"ID":31},{"utility":0,"ID":81},{"utility":21.666666666666668,"ID":91}],[{"utility":37,"ID":47},{"utility":77,"ID":72}],[{"utility":0,"ID":19}],[{"utility":0,"ID":78}],[{"utility":14,"ID":14},{"utility":0,"ID":59},{"utility":86,"ID":71}],[{"utility":0,"ID":67},{"utility":0,"ID":82}],[{"utility":0,"ID":9},{"utility":0,"ID":23},{"utility":16,"ID":42},{"utility":0,"ID":58}],[{"utility":0,"ID":12},{"utility":0,"ID":52}],[{"utility":0,"ID":32}],[{"utility":96,"ID":17},{"utility":73,"ID":70}],[{"utility":65,"ID":10},{"utility":13,"ID":83}],[{"utility":10,"ID":21},{"utility":45,"ID":37}],[{"utility":86,"ID":26},{"utility":53,"ID":57}],[{"utility":0,"ID":39}],[{"utility":48,"ID":28},{"utility":63,"ID":55}],[{"utility":53,"ID":30},{"utility":98,"ID":79}],[{"utility":93,"ID":36},{"utility":74,"ID":43}],[{"utility":24,"ID":41},{"utility":82,"ID":74}],[{"utility":68,"ID":44},{"utility":99,"ID":76}],[],[],[],[],[],[],[],[],[],[],[],[],[],[],[],[],[],[],[],[],[],[],[],[],[],[],[],[],[],[],[],[],[],[],[],[],[],[],[],[],[],[]],"STARTING COALITION: ":[[null],[{"utility":75,"ID":50},{"utility":0,"ID":57}],[],[],[{"utility":0,"ID":64}],[{"utility":0,"ID":16},{"utility":0,"ID":24},{"utility":15.333333333333334,"ID":65},{"utility":21.333333333333332,"ID":80}],[{"utility":0,"ID":39},{"utility":0,"ID":46},{"utility":37,"ID":95}],[{"utility":0,"ID":74}],[{"utility":0,"ID":34},{"utility":0,"ID":44}],[],[{"utility":13.666666666666666,"ID":5},{"utility":0,"ID":33},{"utility":0,"ID":37},{"utility":0,"ID":87}],[{"utility":0,"ID":77}],[{"utility":0,"ID":70},{"utility":0,"ID":88}],[{"utility":0,"ID":21},{"utility":0,"ID":75}],[{"utility":0,"ID":63},{"utility":37,"ID":90}],[{"utility":0,"ID":2}],[],[{"utility":0,"ID":11},{"utility":27.5,"ID":17},{"utility":0,"ID":92}],[{"utility":0,"ID":28},{"utility":0,"ID":41},{"utility":15,"ID":68}],[{"utility":0,"ID":36},{"utility":34.5,"ID":49},{"utility":46.5,"ID":56}],[{"utility":0,"ID":18},{"utility":9.666666666666666,"ID":66},{"utility":1.3333333333333333,"ID":97},{"utility":0,"ID":100}],[{"utility":0,"ID":45},{"utility":0,"ID":89}],[{"utility":0,"ID":26},{"utility":0,"ID":83}],[{"utility":0,"ID":27},{"utility":0,"ID":94}],[{"utility":0,"ID":22},{"utility":0,"ID":86}],[{"utility":0,"ID":10},{"utility":32,"ID":53},{"utility":33,"ID":73},{"utility":0,"ID":79}],[{"utility":0,"ID":15},{"utility":0,"ID":76}],[{"utility":0,"ID":93}],[{"utility":32,"ID":35},{"utility":0,"ID":38},{"utility":13.333333333333334,"ID":61},{"utility":0,"ID":99}],[{"utility":0,"ID":98}],[{"utility":1,"ID":43},{"utility":0,"ID":85}],[{"utility":0,"ID":13}],[{"utility":0,"ID":8}],[{"utility":0,"ID":25}],[{"utility":0,"ID":30},{"utility":0,"ID":51},{"utility":0,"ID":84}],[{"utility":0,"ID":1},{"utility":30,"ID":4},{"utility":0,"ID":54}],[{"utility":0,"ID":60}],[{"utility":0,"ID":29}],[{"utility":0,"ID":69}],[{"utility":0,"ID":6},{"utility":0,"ID":7},{"utility":0,"ID":48}],[{"utility":0,"ID":3},{"utility":0,"ID":20},{"utility":0,"ID":31},{"utility":0,"ID":81},{"utility":16.25,"ID":91}],[{"utility":0,"ID":47}],[{"utility":0,"ID":19},{"utility":0,"ID":96}],[{"utility":0,"ID":78}],[{"utility":13,"ID":14},{"utility":0,"ID":55},{"utility":0,"ID":59},{"utility":57.333333333333336,"ID":71}],[{"utility":0,"ID":62},{"utility":0,"ID":67},{"utility":0,"ID":82}],[{"utility":0,"ID":9},{"utility":0,"ID":23},{"utility":16,"ID":42},{"utility":0,"ID":58}],[{"utility":0,"ID":12},{"utility":0,"ID":52}],[{"utility":0,"ID":32}],[],[{"utility":0,"ID":40},{"utility":63,"ID":72}],[],[],[],[],[],[],[],[],[],[],[],[],[],[],[],[],[],[],[],[],[],[],[],[],[],[],[],[],[],[],[],[],[],[],[],[],[],[],[],[],[],[],[],[],[],[],[],[],[],[]],"CORE :":true,"LAST PARTITION":{"88":12,"89":21,"90":14,"91":40,"92":17,"93":27,"94":23,"95":6,"96":30,"97":7,"10":50,"98":33,"11":37,"99":28,"12":47,"13":31,"14":44,"15":26,"16":5,"17":49,"18":20,"19":42,"1":2,"2":3,"3":29,"4":15,"5":33,"6":39,"7":39,"8":32,"9":46,"20":40,"21":51,"22":24,"23":46,"24":5,"25":22,"26":52,"27":23,"28":54,"29":3,"30":55,"31":40,"32":48,"33":10,"34":8,"35":28,"36":56,"37":51,"38":28,"39":53,"40":2,"41":57,"42":46,"43":56,"44":58,"45":21,"46":6,"47":41,"48":39,"49":19,"50":7,"51":34,"52":47,"53":25,"54":35,"55":54,"56":19,"57":52,"58":46,"59":44,"60":36,"61":28,"62":22,"63":14,"64":4,"65":1,"66":15,"67":45,"68":18,"69":16,"70":49,"71":44,"72":41,"73":25,"74":57,"75":30,"76":58,"77":11,"78":43,"79":55,"100":20,"80":9,"81":40,"82":45,"83":50,"84":34,"85":16,"86":1,"87":10}},{"STARTING PARTITION: ":{"88":27,"89":45,"90":36,"91":6,"92":48,"93":25,"94":48,"95":44,"96":44,"97":47,"10":21,"98":44,"11":27,"99":29,"12":34,"13":24,"14":41,"15":6,"16":48,"17":34,"18":22,"19":44,"1":15,"2":8,"3":20,"4":45,"5":11,"6":2,"7":19,"8":36,"9":37,"20":2,"21":5,"22":8,"23":27,"24":30,"25":42,"26":38,"27":39,"28":8,"29":31,"30":13,"31":19,"32":46,"33":41,"34":31,"35":9,"36":18,"37":18,"38":23,"39":45,"40":39,"41":49,"42":33,"43":14,"44":2,"45":21,"46":33,"47":26,"48":39,"49":22,"50":24,"51":13,"52":13,"53":50,"54":29,"55":17,"56":44,"57":12,"58":28,"59":35,"60":44,"61":35,"62":21,"63":46,"64":3,"65":39,"66":48,"67":44,"68":49,"69":10,"70":12,"71":35,"72":15,"73":3,"74":30,"75":41,"76":6,"77":7,"78":23,"79":15,"100":10,"80":13,"81":41,"82":14,"83":38,"84":8,"85":43,"86":23,"87":35},"Agents":[null,{"utility":40,"ID":1},{"utility":81,"ID":2},{"utility":0,"ID":3},{"utility":84,"ID":4},{"utility":81,"ID":5},{"utility":60,"ID":6},{"utility":0,"ID":7},{"utility":0,"ID":8},{"utility":0,"ID":9},{"utility":65,"ID":10},{"utility":0,"ID":11},{"utility":0,"ID":12},{"utility":0,"ID":13},{"utility":21.5,"ID":14},{"utility":0,"ID":15},{"utility":0,"ID":16},{"utility":96,"ID":17},{"utility":0,"ID":18},{"utility":0,"ID":19},{"utility":0,"ID":20},{"utility":10,"ID":21},{"utility":0,"ID":22},{"utility":0,"ID":23},{"utility":0,"ID":24},{"utility":65,"ID":25},{"utility":86,"ID":26},{"utility":0,"ID":27},{"utility":48,"ID":28},{"utility":96,"ID":29},{"utility":53,"ID":30},{"utility":0,"ID":31},{"utility":0,"ID":32},{"utility":0,"ID":33},{"utility":0,"ID":34},{"utility":0,"ID":35},{"utility":93,"ID":36},{"utility":45,"ID":37},{"utility":13,"ID":38},{"utility":0,"ID":39},{"utility":49,"ID":40},{"utility":24,"ID":41},{"utility":0,"ID":42},{"utility":74,"ID":43},{"utility":68,"ID":44},{"utility":0,"ID":45},{"utility":0,"ID":46},{"utility":37,"ID":47},{"utility":0,"ID":48},{"utility":69,"ID":49},{"utility":64,"ID":50},{"utility":0,"ID":51},{"utility":0,"ID":52},{"utility":88,"ID":53},{"utility":0,"ID":54},{"utility":63,"ID":55},{"utility":25,"ID":56},{"utility":53,"ID":57},{"utility":0,"ID":58},{"utility":0,"ID":59},{"utility":3,"ID":60},{"utility":0,"ID":61},{"utility":88,"ID":62},{"utility":0,"ID":63},{"utility":0,"ID":64},{"utility":27,"ID":65},{"utility":31,"ID":66},{"utility":0,"ID":67},{"utility":0,"ID":68},{"utility":35,"ID":69},{"utility":73,"ID":70},{"utility":29.666666666666668,"ID":71},{"utility":77,"ID":72},{"utility":0,"ID":73},{"utility":82,"ID":74},{"utility":42,"ID":75},{"utility":99,"ID":76},{"utility":0,"ID":77},{"utility":0,"ID":78},{"utility":98,"ID":79},{"utility":0,"ID":80},{"utility":0,"ID":81},{"utility":0,"ID":82},{"utility":13,"ID":83},{"utility":0,"ID":84},{"utility":72,"ID":85},{"utility":55,"ID":86},{"utility":21.333333333333332,"ID":87},{"utility":0,"ID":88},{"utility":0,"ID":89},{"utility":0,"ID":90},{"utility":0,"ID":91},{"utility":13.5,"ID":92},{"utility":0,"ID":93},{"utility":0,"ID":94},{"utility":0,"ID":95},{"utility":16,"ID":96},{"utility":0,"ID":97},{"utility":10,"ID":98},{"utility":0,"ID":99},{"utility":0,"ID":100}],"LAST COALITION":[[],[{"utility":40,"ID":1},{"utility":49,"ID":40}],[{"utility":60,"ID":6},{"utility":0,"ID":20}],[{"utility":0,"ID":64},{"utility":0,"ID":73}],[{"utility":81,"ID":2},{"utility":96,"ID":29}],[{"utility":24,"ID":41},{"utility":82,"ID":74}],[{"utility":0,"ID":15},{"utility":0,"ID":91}],[{"utility":0,"ID":77}],[{"utility":0,"ID":22},{"utility":0,"ID":84}],[{"utility":0,"ID":35}],[{"utility":0,"ID":100}],[{"utility":81,"ID":5},{"utility":10,"ID":98}],[{"utility":48,"ID":28},{"utility":63,"ID":55}],[{"utility":0,"ID":51},{"utility":0,"ID":52}],[{"utility":0,"ID":82}],[{"utility":65,"ID":10},{"utility":13,"ID":83}],[{"utility":0,"ID":80}],[{"utility":53,"ID":30},{"utility":98,"ID":79}],[{"utility":0,"ID":42}],[{"utility":0,"ID":7},{"utility":0,"ID":31}],[{"utility":84,"ID":4},{"utility":31,"ID":66}],[{"utility":0,"ID":45}],[{"utility":0,"ID":18}],[{"utility":13,"ID":38},{"utility":0,"ID":78}],[{"utility":0,"ID":13},{"utility":64,"ID":50}],[{"utility":0,"ID":93}],[{"utility":37,"ID":47},{"utility":77,"ID":72}],[{"utility":0,"ID":23},{"utility":0,"ID":88}],[{"utility":0,"ID":58}],[{"utility":0,"ID":54},{"utility":0,"ID":99}],[{"utility":0,"ID":24}],[{"utility":0,"ID":34}],[{"utility":35,"ID":69},{"utility":72,"ID":85}],[{"utility":0,"ID":46}],[{"utility":0,"ID":12}],[{"utility":0,"ID":59},{"utility":0,"ID":61},{"utility":29.666666666666668,"ID":71},{"utility":21.333333333333332,"ID":87}],[{"utility":0,"ID":8},{"utility":0,"ID":90}],[{"utility":0,"ID":9}],[{"utility":65,"ID":25},{"utility":88,"ID":62}],[{"utility":0,"ID":27},{"utility":0,"ID":48}],[{"utility":0,"ID":3}],[{"utility":21.5,"ID":14},{"utility":0,"ID":33},{"utility":0,"ID":81}],[{"utility":0,"ID":11}],[{"utility":42,"ID":75},{"utility":16,"ID":96}],[{"utility":0,"ID":19},{"utility":0,"ID":67},{"utility":0,"ID":95}],[{"utility":0,"ID":89}],[{"utility":0,"ID":32},{"utility":0,"ID":63}],[{"utility":0,"ID":97}],[{"utility":0,"ID":16},{"utility":13.5,"ID":92},{"utility":0,"ID":94}],[{"utility":0,"ID":68}],[{"utility":27,"ID":65},{"utility":55,"ID":86}],[{"utility":96,"ID":17},{"utility":73,"ID":70}],[{"utility":86,"ID":26},{"utility":53,"ID":57}],[{"utility":0,"ID":39}],[{"utility":93,"ID":36},{"utility":74,"ID":43}],[{"utility":10,"ID":21},{"utility":45,"ID":37}],[{"utility":69,"ID":49},{"utility":25,"ID":56}],[{"utility":68,"ID":44},{"utility":99,"ID":76}],[{"utility":88,"ID":53},{"utility":3,"ID":60}],[],[],[],[],[],[],[],[],[],[],[],[],[],[],[],[],[],[],[],[],[],[],[],[],[],[],[],[],[],[],[],[],[],[],[],[],[],[],[],[],[],[]],"STARTING COALITION: ":[[null],[],[{"utility":30,"ID":6},{"utility":0,"ID":20},{"utility":0,"ID":44}],[{"utility":0,"ID":64},{"utility":0,"ID":73}],[],[{"utility":0,"ID":21}],[{"utility":0,"ID":15},{"utility":0,"ID":76},{"utility":0,"ID":91}],[{"utility":0,"ID":77}],[{"utility":16.666666666666668,"ID":2},{"utility":0,"ID":22},{"utility":0,"ID":28},{"utility":0,"ID":84}],[{"utility":0,"ID":35}],[{"utility":0,"ID":69},{"utility":0,"ID":100}],[{"utility":0,"ID":5}],[{"utility":80,"ID":57},{"utility":0,"ID":70}],[{"utility":0,"ID":30},{"utility":0,"ID":51},{"utility":15,"ID":52},{"utility":15,"ID":80}],[{"utility":0,"ID":43},{"utility":0,"ID":82}],[{"utility":0,"ID":1},{"utility":0,"ID":72},{"utility":0,"ID":79}],[],[{"utility":0,"ID":55}],[{"utility":0,"ID":36},{"utility":69,"ID":37}],[{"utility":0,"ID":7},{"utility":0,"ID":31}],[{"utility":0,"ID":3}],[{"utility":31,"ID":10},{"utility":9,"ID":45},{"utility":0,"ID":62}],[{"utility":0,"ID":18},{"utility":0,"ID":49}],[{"utility":6.5,"ID":38},{"utility":0,"ID":78},{"utility":0,"ID":86}],[{"utility":0,"ID":13},{"utility":64,"ID":50}],[{"utility":0,"ID":93}],[{"utility":0,"ID":47}],[{"utility":0,"ID":11},{"utility":0,"ID":23},{"utility":37.5,"ID":88}],[{"utility":0,"ID":58}],[{"utility":0,"ID":54},{"utility":0,"ID":99}],[{"utility":0,"ID":24},{"utility":0,"ID":74}],[{"utility":0,"ID":29},{"utility":0,"ID":34}],[],[{"utility":0,"ID":42},{"utility":0,"ID":46}],[{"utility":0,"ID":12},{"utility":73,"ID":17}],[{"utility":0,"ID":59},{"utility":0,"ID":61},{"utility":29.666666666666668,"ID":71},{"utility":21.333333333333332,"ID":87}],[{"utility":0,"ID":8},{"utility":0,"ID":90}],[{"utility":0,"ID":9}],[{"utility":0,"ID":26},{"utility":0,"ID":83}],[{"utility":0,"ID":27},{"utility":0,"ID":40},{"utility":0,"ID":48},{"utility":0,"ID":65}],[],[{"utility":31.666666666666668,"ID":14},{"utility":0,"ID":33},{"utility":0,"ID":75},{"utility":0,"ID":81}],[{"utility":0,"ID":25}],[{"utility":0,"ID":85}],[{"utility":7.166666666666667,"ID":19},{"utility":0,"ID":56},{"utility":0,"ID":60},{"utility":14.166666666666666,"ID":67},{"utility":17.833333333333332,"ID":95},{"utility":0,"ID":96},{"utility":0,"ID":98}],[{"utility":0,"ID":4},{"utility":0,"ID":39},{"utility":0,"ID":89}],[{"utility":0,"ID":32},{"utility":0,"ID":63}],[{"utility":0,"ID":97}],[{"utility":0,"ID":16},{"utility":4.666666666666667,"ID":66},{"utility":9,"ID":92},{"utility":0,"ID":94}],[{"utility":0,"ID":41},{"utility":30,"ID":68}],[{"utility":0,"ID":53}],[],[],[],[],[],[],[],[],[],[],[],[],[],[],[],[],[],[],[],[],[],[],[],[],[],[],[],[],[],[],[],[],[],[],[],[],[],[],[],[],[],[],[],[],[],[],[],[],[],[]],"CORE :":true,"LAST PARTITION":{"88":27,"89":45,"90":36,"91":6,"92":48,"93":25,"94":48,"95":44,"96":43,"97":47,"10":15,"98":11,"11":42,"99":29,"12":34,"13":24,"14":41,"15":6,"16":48,"17":51,"18":22,"19":44,"1":1,"2":4,"3":40,"4":20,"5":11,"6":2,"7":19,"8":36,"9":37,"20":2,"21":55,"22":8,"23":27,"24":30,"25":38,"26":52,"27":39,"28":12,"29":4,"30":17,"31":19,"32":46,"33":41,"34":31,"35":9,"36":54,"37":55,"38":23,"39":53,"40":1,"41":5,"42":18,"43":54,"44":57,"45":21,"46":33,"47":26,"48":39,"49":56,"50":24,"51":13,"52":13,"53":58,"54":29,"55":12,"56":56,"57":52,"58":28,"59":35,"60":58,"61":35,"62":38,"63":46,"64":3,"65":50,"66":20,"67":44,"68":49,"69":32,"70":51,"71":35,"72":26,"73":3,"74":5,"75":43,"76":57,"77":7,"78":23,"79":17,"100":10,"80":16,"81":41,"82":14,"83":15,"84":8,"85":32,"86":50,"87":35}},{"STARTING PARTITION: ":{"88":9,"89":19,"90":4,"91":43,"92":48,"93":7,"94":37,"95":16,"96":35,"97":28,"10":43,"98":42,"11":46,"99":14,"12":3,"13":11,"14":36,"15":1,"16":26,"17":21,"18":32,"19":41,"1":35,"2":36,"3":35,"4":28,"5":8,"6":33,"7":42,"8":32,"9":8,"20":34,"21":40,"22":35,"23":32,"24":42,"25":46,"26":4,"27":7,"28":30,"29":42,"30":31,"31":2,"32":5,"33":47,"34":17,"35":6,"36":28,"37":41,"38":20,"39":9,"40":7,"41":14,"42":21,"43":41,"44":17,"45":8,"46":15,"47":43,"48":22,"49":44,"50":7,"51":24,"52":43,"53":3,"54":5,"55":40,"56":2,"57":15,"58":40,"59":47,"60":18,"61":35,"62":50,"63":20,"64":40,"65":26,"66":35,"67":30,"68":40,"69":21,"70":14,"71":41,"72":27,"73":50,"74":30,"75":34,"76":10,"77":34,"78":30,"79":42,"100":26,"80":38,"81":32,"82":32,"83":20,"84":45,"85":36,"86":8,"87":39},"Agents":[null,{"utility":40,"ID":1},{"utility":81,"ID":2},{"utility":0,"ID":3},{"utility":84,"ID":4},{"utility":81,"ID":5},{"utility":0,"ID":6},{"utility":0,"ID":7},{"utility":1.5,"ID":8},{"utility":0,"ID":9},{"utility":65,"ID":10},{"utility":0,"ID":11},{"utility":0,"ID":12},{"utility":0,"ID":13},{"utility":0,"ID":14},{"utility":0,"ID":15},{"utility":0,"ID":16},{"utility":96,"ID":17},{"utility":0,"ID":18},{"utility":0,"ID":19},{"utility":0,"ID":20},{"utility":24.666666666666668,"ID":21},{"utility":0,"ID":22},{"utility":0,"ID":23},{"utility":0,"ID":24},{"utility":65,"ID":25},{"utility":86,"ID":26},{"utility":0,"ID":27},{"utility":48,"ID":28},{"utility":96,"ID":29},{"utility":53,"ID":30},{"utility":0,"ID":31},{"utility":0,"ID":32},{"utility":0,"ID":33},{"utility":0,"ID":34},{"utility":0,"ID":35},{"utility":93,"ID":36},{"utility":0,"ID":37},{"utility":0,"ID":38},{"utility":0,"ID":39},{"utility":49,"ID":40},{"utility":24,"ID":41},{"utility":0,"ID":42},{"utility":74,"ID":43},{"utility":68,"ID":44},{"utility":56,"ID":45},{"utility":0,"ID":46},{"utility":37,"ID":47},{"utility":0,"ID":48},{"utility":69,"ID":49},{"utility":40.5,"ID":50},{"utility":0,"ID":51},{"utility":0,"ID":52},{"utility":88,"ID":53},{"utility":0,"ID":54},{"utility":63,"ID":55},{"utility":25,"ID":56},{"utility":53,"ID":57},{"utility":8.333333333333334,"ID":58},{"utility":0,"ID":59},{"utility":3,"ID":60},{"utility":0,"ID":61},{"utility":88,"ID":62},{"utility":0,"ID":63},{"utility":0,"ID":64},{"utility":27,"ID":65},{"utility":31,"ID":66},{"utility":73,"ID":67},{"utility":0,"ID":68},{"utility":33,"ID":69},{"utility":73,"ID":70},{"utility":6,"ID":71},{"utility":77,"ID":72},{"utility":0,"ID":73},{"utility":82,"ID":74},{"utility":42,"ID":75},{"utility":99,"ID":76},{"utility":45,"ID":77},{"utility":0,"ID":78},{"utility":98,"ID":79},{"utility":91,"ID":80},{"utility":0,"ID":81},{"utility":4,"ID":82},{"utility":13,"ID":83},{"utility":0,"ID":84},{"utility":81,"ID":85},{"utility":55,"ID":86},{"utility":0,"ID":87},{"utility":20,"ID":88},{"utility":0,"ID":89},{"utility":0,"ID":90},{"utility":82,"ID":91},{"utility":0,"ID":92},{"utility":0,"ID":93},{"utility":0,"ID":94},{"utility":0,"ID":95},{"utility":16,"ID":96},{"utility":0,"ID":97},{"utility":10,"ID":98},{"utility":0,"ID":99},{"utility":0,"ID":100}],"LAST COALITION":[[],[{"utility":0,"ID":15}],[{"utility":0,"ID":31}],[{"utility":0,"ID":12}],[{"utility":0,"ID":90}],[{"utility":0,"ID":32},{"utility":0,"ID":54}],[{"utility":0,"ID":35}],[{"utility":0,"ID":27},{"utility":40.5,"ID":50},{"utility":0,"ID":93}],[{"utility":0,"ID":9},{"utility":56,"ID":45}],[{"utility":42,"ID":75},{"utility":16,"ID":96}],[{"utility":69,"ID":49},{"utility":25,"ID":56}],[{"utility":0,"ID":13}],[{"utility":40,"ID":1},{"utility":49,"ID":40}],[{"utility":81,"ID":2},{"utility":96,"ID":29}],[{"utility":0,"ID":99}],[{"utility":0,"ID":46}],[{"utility":0,"ID":95}],[{"utility":0,"ID":34}],[{"utility":27,"ID":65},{"utility":55,"ID":86}],[{"utility":0,"ID":89}],[{"utility":0,"ID":38},{"utility":0,"ID":63}],[{"utility":0,"ID":42}],[{"utility":0,"ID":48}],[{"utility":33,"ID":69},{"utility":91,"ID":80}],[{"utility":0,"ID":51}],[{"utility":84,"ID":4},{"utility":31,"ID":66}],[{"utility":0,"ID":16},{"utility":0,"ID":100}],[{"utility":65,"ID":10},{"utility":13,"ID":83}],[{"utility":0,"ID":97}],[{"utility":6,"ID":71},{"utility":20,"ID":88}],[{"utility":73,"ID":67},{"utility":0,"ID":78}],[{"utility":93,"ID":36},{"utility":74,"ID":43}],[{"utility":1.5,"ID":8},{"utility":0,"ID":18},{"utility":0,"ID":23},{"utility":0,"ID":81},{"utility":4,"ID":82}],[{"utility":0,"ID":6}],[{"utility":0,"ID":20},{"utility":45,"ID":77}],[{"utility":0,"ID":22},{"utility":0,"ID":61}],[{"utility":0,"ID":14},{"utility":81,"ID":85}],[{"utility":0,"ID":94}],[],[{"utility":0,"ID":87}],[{"utility":24.666666666666668,"ID":21},{"utility":8.333333333333334,"ID":58},{"utility":0,"ID":64},{"utility":0,"ID":68}],[{"utility":0,"ID":19},{"utility":0,"ID":37}],[{"utility":0,"ID":7},{"utility":0,"ID":24}],[{"utility":0,"ID":52},{"utility":82,"ID":91}],[{"utility":88,"ID":53},{"utility":3,"ID":60}],[{"utility":0,"ID":84}],[{"utility":96,"ID":17},{"utility":73,"ID":70}],[{"utility":0,"ID":33},{"utility":0,"ID":59}],[{"utility":0,"ID":92}],[{"utility":81,"ID":5},{"utility":10,"ID":98}],[{"utility":0,"ID":73}],[{"utility":0,"ID":3}],[{"utility":0,"ID":11}],[{"utility":86,"ID":26},{"utility":53,"ID":57}],[{"utility":65,"ID":25},{"utility":88,"ID":62}],[{"utility":0,"ID":39}],[{"utility":48,"ID":28},{"utility":63,"ID":55}],[{"utility":53,"ID":30},{"utility":98,"ID":79}],[{"utility":24,"ID":41},{"utility":82,"ID":74}],[],[{"utility":37,"ID":47},{"utility":77,"ID":72}],[{"utility":68,"ID":44},{"utility":99,"ID":76}],[],[],[],[],[],[],[],[],[],[],[],[],[],[],[],[],[],[],[],[],[],[],[],[],[],[],[],[],[],[],[],[],[],[],[],[],[],[],[]],"STARTING COALITION: ":[[null],[{"utility":0,"ID":15}],[{"utility":0,"ID":31},{"utility":0,"ID":56}],[{"utility":0,"ID":12},{"utility":0,"ID":53}],[{"utility":0,"ID":26},{"utility":0,"ID":90}],[{"utility":0,"ID":32},{"utility":0,"ID":54}],[{"utility":0,"ID":35}],[{"utility":0,"ID":27},{"utility":0,"ID":40},{"utility":27,"ID":50},{"utility":33,"ID":93}],[{"utility":0,"ID":5},{"utility":7.666666666666667,"ID":9},{"utility":42.333333333333336,"ID":45},{"utility":0,"ID":86}],[{"utility":0,"ID":39},{"utility":0,"ID":88}],[{"utility":0,"ID":76}],[{"utility":0,"ID":13}],[],[],[{"utility":0,"ID":41},{"utility":0,"ID":70},{"utility":0,"ID":99}],[{"utility":0,"ID":46},{"utility":0,"ID":57}],[{"utility":0,"ID":95}],[{"utility":0,"ID":34},{"utility":0,"ID":44}],[{"utility":0,"ID":60}],[{"utility":0,"ID":89}],[{"utility":7,"ID":38},{"utility":0,"ID":63},{"utility":0,"ID":83}],[{"utility":44,"ID":17},{"utility":0,"ID":42},{"utility":0,"ID":69}],[{"utility":0,"ID":48}],[],[{"utility":0,"ID":51}],[],[{"utility":0,"ID":16},{"utility":23,"ID":65},{"utility":10,"ID":100}],[{"utility":0,"ID":72}],[{"utility":9.5,"ID":4},{"utility":0,"ID":36},{"utility":0,"ID":97}],[],[{"utility":3.3333333333333335,"ID":28},{"utility":24.333333333333332,"ID":67},{"utility":0,"ID":74},{"utility":0,"ID":78}],[{"utility":0,"ID":30}],[{"utility":1.5,"ID":8},{"utility":0,"ID":18},{"utility":0,"ID":23},{"utility":0,"ID":81},{"utility":4,"ID":82}],[{"utility":0,"ID":6}],[{"utility":0,"ID":20},{"utility":34.5,"ID":75},{"utility":22.5,"ID":77}],[{"utility":25.6,"ID":1},{"utility":0,"ID":3},{"utility":0,"ID":22},{"utility":1.6,"ID":61},{"utility":9.6,"ID":66},{"utility":0,"ID":96}],[{"utility":0,"ID":2},{"utility":0,"ID":14},{"utility":40.5,"ID":85}],[{"utility":0,"ID":94}],[{"utility":0,"ID":80}],[{"utility":0,"ID":87}],[{"utility":18.5,"ID":21},{"utility":0,"ID":55},{"utility":6.25,"ID":58},{"utility":0,"ID":64},{"utility":0,"ID":68}],[{"utility":0,"ID":19},{"utility":0,"ID":37},{"utility":0,"ID":43},{"utility":0,"ID":71}],[{"utility":20.75,"ID":7},{"utility":11,"ID":24},{"utility":0,"ID":29},{"utility":0,"ID":79},{"utility":0,"ID":98}],[{"utility":0,"ID":10},{"utility":0,"ID":47},{"utility":7.666666666666667,"ID":52},{"utility":27.333333333333332,"ID":91}],[{"utility":0,"ID":49}],[{"utility":0,"ID":84}],[{"utility":0,"ID":11},{"utility":0,"ID":25}],[{"utility":0,"ID":33},{"utility":0,"ID":59}],[{"utility":0,"ID":92}],[],[{"utility":0,"ID":62},{"utility":0,"ID":73}],[],[],[],[],[],[],[],[],[],[],[],[],[],[],[],[],[],[],[],[],[],[],[],[],[],[],[],[],[],[],[],[],[],[],[],[],[],[],[],[],[],[],[],[],[],[],[],[],[],[]],"CORE :":true,"LAST PARTITION":{"88":29,"89":19,"90":4,"91":43,"92":48,"93":7,"94":37,"95":16,"96":9,"97":28,"10":27,"98":49,"11":52,"99":14,"12":3,"13":11,"14":36,"15":1,"16":26,"17":46,"18":32,"19":41,"1":12,"2":13,"3":51,"4":25,"5":49,"6":33,"7":42,"8":32,"9":8,"20":34,"21":40,"22":35,"23":32,"24":42,"25":54,"26":53,"27":7,"28":56,"29":13,"30":57,"31":2,"32":5,"33":47,"34":17,"35":6,"36":31,"37":41,"38":20,"39":55,"40":12,"41":58,"42":21,"43":31,"44":61,"45":8,"46":15,"47":60,"48":22,"49":10,"50":7,"51":24,"52":43,"53":44,"54":5,"55":56,"56":10,"57":53,"58":40,"59":47,"60":44,"61":35,"62":54,"63":20,"64":40,"65":18,"66":25,"67":30,"68":40,"69":23,"70":46,"71":29,"72":60,"73":50,"74":58,"75":9,"76":61,"77":34,"78":30,"79":57,"100":26,"80":23,"81":32,"82":32,"83":27,"84":45,"85":36,"86":18,"87":39}},{"STARTING PARTITION: ":{"88":18,"89":46,"90":4,"91":7,"92":20,"93":20,"94":47,"95":13,"96":35,"97":36,"10":35,"98":49,"11":30,"99":6,"12":29,"13":25,"14":31,"15":29,"16":42,"17":27,"18":19,"19":34,"1":22,"2":43,"3":31,"4":31,"5":22,"6":10,"7":33,"8":20,"9":40,"20":35,"21":44,"22":12,"23":28,"24":47,"25":19,"26":19,"27":7,"28":32,"29":5,"30":3,"31":25,"32":18,"33":41,"34":4,"35":46,"36":20,"37":49,"38":36,"39":24,"40":15,"41":34,"42":34,"43":24,"44":15,"45":28,"46":48,"47":14,"48":15,"49":36,"50":33,"51":3,"52":28,"53":4,"54":10,"55":8,"56":28,"57":30,"58":47,"59":13,"60":20,"61":47,"62":32,"63":19,"64":6,"65":13,"66":19,"67":18,"68":4,"69":40,"70":32,"71":20,"72":2,"73":23,"74":28,"75":22,"76":19,"77":25,"78":14,"79":31,"100":7,"80":16,"81":9,"82":2,"83":13,"84":20,"85":35,"86":14,"87":3},"Agents":[null,{"utility":40,"ID":1},{"utility":81,"ID":2},{"utility":0,"ID":3},{"utility":84,"ID":4},{"utility":81,"ID":5},{"utility":0,"ID":6},{"utility":0,"ID":7},{"utility":5.333333333333333,"ID":8},{"utility":0,"ID":9},{"utility":65,"ID":10},{"utility":0,"ID":11},{"utility":0,"ID":12},{"utility":0,"ID":13},{"utility":0,"ID":14},{"utility":0,"ID":15},{"utility":0,"ID":16},{"utility":96,"ID":17},{"utility":0,"ID":18},{"utility":0,"ID":19},{"utility":0,"ID":20},{"utility":10,"ID":21},{"utility":0,"ID":22},{"utility":3.5,"ID":23},{"utility":0,"ID":24},{"utility":65,"ID":25},{"utility":86,"ID":26},{"utility":0,"ID":27},{"utility":48,"ID":28},{"utility":96,"ID":29},{"utility":53,"ID":30},{"utility":0,"ID":31},{"utility":75,"ID":32},{"utility":0,"ID":33},{"utility":37,"ID":34},{"utility":0,"ID":35},{"utility":93,"ID":36},{"utility":45,"ID":37},{"utility":0,"ID":38},{"utility":0,"ID":39},{"utility":49,"ID":40},{"utility":24,"ID":41},{"utility":0,"ID":42},{"utility":74,"ID":43},{"utility":68,"ID":44},{"utility":0,"ID":45},{"utility":0,"ID":46},{"utility":37,"ID":47},{"utility":0,"ID":48},{"utility":69,"ID":49},{"utility":32,"ID":50},{"utility":0,"ID":51},{"utility":0,"ID":52},{"utility":88,"ID":53},{"utility":0,"ID":54},{"utility":63,"ID":55},{"utility":25,"ID":56},{"utility":53,"ID":57},{"utility":0,"ID":58},{"utility":0,"ID":59},{"utility":3,"ID":60},{"utility":0,"ID":61},{"utility":88,"ID":62},{"utility":0,"ID":63},{"utility":0,"ID":64},{"utility":27,"ID":65},{"utility":31,"ID":66},{"utility":0,"ID":67},{"utility":0,"ID":68},{"utility":35,"ID":69},{"utility":73,"ID":70},{"utility":6,"ID":71},{"utility":77,"ID":72},{"utility":0,"ID":73},{"utility":82,"ID":74},{"utility":42,"ID":75},{"utility":99,"ID":76},{"utility":0,"ID":77},{"utility":0,"ID":78},{"utility":98,"ID":79},{"utility":0,"ID":80},{"utility":0,"ID":81},{"utility":0,"ID":82},{"utility":13,"ID":83},{"utility":0,"ID":84},{"utility":72,"ID":85},{"utility":55,"ID":86},{"utility":0,"ID":87},{"utility":20,"ID":88},{"utility":0,"ID":89},{"utility":26,"ID":90},{"utility":0,"ID":91},{"utility":0,"ID":92},{"utility":0,"ID":93},{"utility":0,"ID":94},{"utility":0,"ID":95},{"utility":16,"ID":96},{"utility":8,"ID":97},{"utility":10,"ID":98},{"utility":0,"ID":99},{"utility":0,"ID":100}],"LAST COALITION":[[],[{"utility":40,"ID":1},{"utility":49,"ID":40}],[{"utility":0,"ID":82}],[{"utility":0,"ID":51},{"utility":0,"ID":87}],[{"utility":37,"ID":34},{"utility":0,"ID":68},{"utility":26,"ID":90}],[{"utility":84,"ID":4},{"utility":31,"ID":66}],[{"utility":0,"ID":64},{"utility":0,"ID":99}],[{"utility":0,"ID":27},{"utility":0,"ID":91},{"utility":0,"ID":100}],[{"utility":53,"ID":30},{"utility":98,"ID":79}],[{"utility":0,"ID":81}],[{"utility":0,"ID":6},{"utility":0,"ID":54}],[{"utility":81,"ID":2},{"utility":96,"ID":29}],[{"utility":0,"ID":22}],[{"utility":0,"ID":59},{"utility":0,"ID":95}],[{"utility":0,"ID":78}],[{"utility":0,"ID":48}],[{"utility":35,"ID":69},{"utility":72,"ID":85}],[{"utility":81,"ID":5},{"utility":10,"ID":98}],[{"utility":75,"ID":32},{"utility":0,"ID":67}],[{"utility":0,"ID":18},{"utility":0,"ID":63}],[{"utility":5.333333333333333,"ID":8},{"utility":0,"ID":84},{"utility":0,"ID":92},{"utility":0,"ID":93}],[{"utility":0,"ID":80}],[{"utility":69,"ID":49},{"utility":25,"ID":56}],[{"utility":0,"ID":73}],[{"utility":24,"ID":41},{"utility":82,"ID":74}],[{"utility":0,"ID":13},{"utility":0,"ID":31},{"utility":0,"ID":77}],[{"utility":6,"ID":71},{"utility":20,"ID":88}],[{"utility":10,"ID":21},{"utility":45,"ID":37}],[{"utility":3.5,"ID":23},{"utility":0,"ID":45},{"utility":0,"ID":52}],[{"utility":0,"ID":12},{"utility":0,"ID":15}],[{"utility":48,"ID":28},{"utility":63,"ID":55}],[{"utility":0,"ID":3},{"utility":0,"ID":14}],[{"utility":93,"ID":36},{"utility":74,"ID":43}],[{"utility":0,"ID":7}],[{"utility":0,"ID":19}],[{"utility":0,"ID":20}],[{"utility":0,"ID":38}],[{"utility":0,"ID":11}],[{"utility":96,"ID":17},{"utility":73,"ID":70}],[{"utility":86,"ID":26},{"utility":53,"ID":57}],[{"utility":0,"ID":9}],[{"utility":0,"ID":33}],[{"utility":0,"ID":16}],[{"utility":65,"ID":25},{"utility":88,"ID":62}],[{"utility":0,"ID":39}],[{"utility":0,"ID":42}],[{"utility":0,"ID":35},{"utility":0,"ID":89}],[{"utility":0,"ID":24},{"utility":0,"ID":58},{"utility":0,"ID":61},{"utility":0,"ID":94}],[{"utility":0,"ID":46}],[{"utility":65,"ID":10},{"utility":13,"ID":83}],[{"utility":37,"ID":47},{"utility":77,"ID":72}],[{"utility":68,"ID":44},{"utility":99,"ID":76}],[{"utility":32,"ID":50},{"utility":8,"ID":97}],[{"utility":88,"ID":53},{"utility":3,"ID":60}],[{"utility":27,"ID":65},{"utility":55,"ID":86}],[{"utility":42,"ID":75},{"utility":16,"ID":96}],[],[],[],[],[],[],[],[],[],[],[],[],[],[],[],[],[],[],[],[],[],[],[],[],[],[],[],[],[],[],[],[],[],[],[],[],[],[],[],[],[],[],[],[],[]],"STARTING COALITION: ":[[null],[],[{"utility":0,"ID":72},{"utility":0,"ID":82}],[{"utility":0,"ID":30},{"utility":0,"ID":51},{"utility":0,"ID":87}],[{"utility":24.666666666666668,"ID":34},{"utility":0,"ID":53},{"utility":0,"ID":68},{"utility":17.333333333333332,"ID":90}],[{"utility":0,"ID":29}],[{"utility":0,"ID":64},{"utility":0,"ID":99}],[{"utility":0,"ID":27},{"utility":0,"ID":91},{"utility":0,"ID":100}],[{"utility":0,"ID":55}],[{"utility":0,"ID":81}],[{"utility":0,"ID":6},{"utility":0,"ID":54}],[],[{"utility":0,"ID":22}],[{"utility":0,"ID":59},{"utility":0,"ID":65},{"utility":0,"ID":83},{"utility":0,"ID":95}],[{"utility":0,"ID":47},{"utility":0,"ID":78},{"utility":0,"ID":86}],[{"utility":0,"ID":40},{"utility":0,"ID":44},{"utility":0,"ID":48}],[{"utility":0,"ID":80}],[],[{"utility":37.5,"ID":32},{"utility":0,"ID":67},{"utility":0,"ID":88}],[{"utility":0,"ID":18},{"utility":6.8,"ID":25},{"utility":11.6,"ID":26},{"utility":26.4,"ID":63},{"utility":0,"ID":66},{"utility":11.8,"ID":76}],[{"utility":6,"ID":8},{"utility":0,"ID":36},{"utility":0,"ID":60},{"utility":0,"ID":71},{"utility":0,"ID":84},{"utility":5.666666666666667,"ID":92},{"utility":0,"ID":93}],[],[{"utility":0,"ID":1},{"utility":0,"ID":5},{"utility":0,"ID":75}],[{"utility":0,"ID":73}],[{"utility":0,"ID":39},{"utility":0,"ID":43}],[{"utility":0,"ID":13},{"utility":0,"ID":31},{"utility":0,"ID":77}],[],[{"utility":0,"ID":17}],[{"utility":1.75,"ID":23},{"utility":0,"ID":45},{"utility":0,"ID":52},{"utility":0,"ID":56},{"utility":0,"ID":74}],[{"utility":0,"ID":12},{"utility":0,"ID":15}],[{"utility":0,"ID":11},{"utility":0,"ID":57}],[{"utility":0,"ID":3},{"utility":0,"ID":4},{"utility":19.333333333333332,"ID":14},{"utility":0,"ID":79}],[{"utility":0,"ID":28},{"utility":0,"ID":62},{"utility":0,"ID":70}],[{"utility":0,"ID":7},{"utility":0,"ID":50}],[{"utility":0,"ID":19},{"utility":0,"ID":41},{"utility":0,"ID":42}],[{"utility":26.666666666666668,"ID":10},{"utility":0,"ID":20},{"utility":0,"ID":85},{"utility":0,"ID":96}],[{"utility":0,"ID":38},{"utility":0,"ID":49},{"utility":0,"ID":97}],[],[],[],[{"utility":0,"ID":9},{"utility":24,"ID":69}],[{"utility":0,"ID":33}],[{"utility":0,"ID":16}],[{"utility":0,"ID":2}],[{"utility":0,"ID":21}],[],[{"utility":0,"ID":35},{"utility":0,"ID":89}],[{"utility":0,"ID":24},{"utility":0,"ID":58},{"utility":0,"ID":61},{"utility":0,"ID":94}],[{"utility":0,"ID":46}],[{"utility":0,"ID":37},{"utility":0,"ID":98}],[],[],[],[],[],[],[],[],[],[],[],[],[],[],[],[],[],[],[],[],[],[],[],[],[],[],[],[],[],[],[],[],[],[],[],[],[],[],[],[],[],[],[],[],[],[],[],[],[],[],[]],"CORE :":true,"LAST PARTITION":{"88":26,"89":46,"90":4,"91":7,"92":20,"93":20,"94":47,"95":13,"96":55,"97":52,"10":49,"98":17,"11":37,"99":6,"12":29,"13":25,"14":31,"15":29,"16":42,"17":38,"18":19,"19":34,"1":1,"2":11,"3":31,"4":5,"5":17,"6":10,"7":33,"8":20,"9":40,"20":35,"21":27,"22":12,"23":28,"24":47,"25":43,"26":39,"27":7,"28":30,"29":11,"30":8,"31":25,"32":18,"33":41,"34":4,"35":46,"36":32,"37":27,"38":36,"39":44,"40":1,"41":24,"42":45,"43":32,"44":51,"45":28,"46":48,"47":50,"48":15,"49":22,"50":52,"51":3,"52":28,"53":53,"54":10,"55":30,"56":22,"57":39,"58":47,"59":13,"60":53,"61":47,"62":43,"63":19,"64":6,"65":54,"66":5,"67":18,"68":4,"69":16,"70":38,"71":26,"72":50,"73":23,"74":24,"75":55,"76":51,"77":25,"78":14,"79":8,"100":7,"80":21,"81":9,"82":2,"83":49,"84":20,"85":16,"86":54,"87":3}},{"STARTING PARTITION: ":{"88":20,"89":36,"90":12,"91":37,"92":48,"93":13,"94":45,"95":15,"96":36,"97":2,"10":9,"98":50,"11":5,"99":7,"12":24,"13":21,"14":25,"15":20,"16":44,"17":23,"18":41,"19":46,"1":48,"2":3,"3":23,"4":41,"5":37,"6":38,"7":35,"8":2,"9":4,"20":50,"21":39,"22":1,"23":20,"24":24,"25":4,"26":24,"27":17,"28":18,"29":16,"30":15,"31":38,"32":15,"33":37,"34":1,"35":7,"36":2,"37":33,"38":19,"39":20,"40":43,"41":9,"42":30,"43":13,"44":39,"45":31,"46":50,"47":35,"48":31,"49":38,"50":28,"51":43,"52":41,"53":35,"54":8,"55":5,"56":21,"57":15,"58":45,"59":46,"60":34,"61":8,"62":46,"63":49,"64":37,"65":45,"66":34,"67":42,"68":12,"69":44,"70":21,"71":4,"72":1,"73":4,"74":30,"75":36,"76":22,"77":37,"78":22,"79":22,"100":40,"80":31,"81":38,"82":41,"83":11,"84":15,"85":32,"86":16,"87":41},"Agents":[null,{"utility":40,"ID":1},{"utility":81,"ID":2},{"utility":0,"ID":3},{"utility":84,"ID":4},{"utility":0,"ID":5},{"utility":0,"ID":6},{"utility":0,"ID":7},{"utility":0,"ID":8},{"utility":30.5,"ID":9},{"utility":65,"ID":10},{"utility":0,"ID":11},{"utility":98,"ID":12},{"utility":0,"ID":13},{"utility":0,"ID":14},{"utility":0,"ID":15},{"utility":0,"ID":16},{"utility":96,"ID":17},{"utility":0,"ID":18},{"utility":0,"ID":19},{"utility":0,"ID":20},{"utility":10,"ID":21},{"utility":0,"ID":22},{"utility":0,"ID":23},{"utility":0,"ID":24},{"utility":65,"ID":25},{"utility":86,"ID":26},{"utility":0,"ID":27},{"utility":48,"ID":28},{"utility":96,"ID":29},{"utility":53,"ID":30},{"utility":0,"ID":31},{"utility":0,"ID":32},{"utility":18.666666666666668,"ID":33},{"utility":0,"ID":34},{"utility":0,"ID":35},{"utility":93,"ID":36},{"utility":45,"ID":37},{"utility":0,"ID":38},{"utility":0,"ID":39},{"utility":49,"ID":40},{"utility":24,"ID":41},{"utility":0,"ID":42},{"utility":74,"ID":43},{"utility":68,"ID":44},{"utility":0,"ID":45},{"utility":0.5,"ID":46},{"utility":37,"ID":47},{"utility":0,"ID":48},{"utility":69,"ID":49},{"utility":0,"ID":50},{"utility":0,"ID":51},{"utility":0,"ID":52},{"utility":88,"ID":53},{"utility":0,"ID":54},{"utility":63,"ID":55},{"utility":25,"ID":56},{"utility":53,"ID":57},{"utility":0,"ID":58},{"utility":0,"ID":59},{"utility":3,"ID":60},{"utility":0,"ID":61},{"utility":88,"ID":62},{"utility":0,"ID":63},{"utility":0,"ID":64},{"utility":27,"ID":65},{"utility":31,"ID":66},{"utility":0,"ID":67},{"utility":0,"ID":68},{"utility":35,"ID":69},{"utility":73,"ID":70},{"utility":0,"ID":71},{"utility":77,"ID":72},{"utility":0,"ID":73},{"utility":82,"ID":74},{"utility":42,"ID":75},{"utility":99,"ID":76},{"utility":0,"ID":77},{"utility":0,"ID":78},{"utility":98,"ID":79},{"utility":0,"ID":80},{"utility":0,"ID":81},{"utility":0,"ID":82},{"utility":13,"ID":83},{"utility":0,"ID":84},{"utility":72,"ID":85},{"utility":55,"ID":86},{"utility":22.333333333333332,"ID":87},{"utility":44,"ID":88},{"utility":0,"ID":89},{"utility":0,"ID":90},{"utility":5.666666666666667,"ID":91},{"utility":0,"ID":92},{"utility":0,"ID":93},{"utility":0,"ID":94},{"utility":0,"ID":95},{"utility":16,"ID":96},{"utility":47,"ID":97},{"utility":34,"ID":98},{"utility":0,"ID":99},{"utility":0,"ID":100}],"LAST COALITION":[[],[{"utility":0,"ID":22},{"utility":0,"ID":34}],[{"utility":0,"ID":8},{"utility":47,"ID":97}],[{"utility":0,"ID":3}],[{"utility":30.5,"ID":9},{"utility":0,"ID":71},{"utility":0,"ID":73}],[{"utility":53,"ID":30},{"utility":98,"ID":79}],[{"utility":40,"ID":1},{"utility":49,"ID":40}],[{"utility":0,"ID":35},{"utility":0,"ID":99}],[{"utility":0,"ID":54},{"utility":0,"ID":61}],[{"utility":96,"ID":17},{"utility":73,"ID":70}],[{"utility":81,"ID":2},{"utility":96,"ID":29}],[{"utility":0,"ID":80}],[{"utility":0,"ID":68},{"utility":0,"ID":90}],[{"utility":0,"ID":93}],[{"utility":84,"ID":4},{"utility":31,"ID":66}],[{"utility":0,"ID":32},{"utility":0,"ID":84},{"utility":0,"ID":95}],[{"utility":0,"ID":11}],[{"utility":0,"ID":27}],[{"utility":93,"ID":36},{"utility":74,"ID":43}],[{"utility":0,"ID":38}],[{"utility":0,"ID":15},{"utility":0,"ID":23},{"utility":44,"ID":88}],[{"utility":0,"ID":13}],[{"utility":0,"ID":78}],[{"utility":10,"ID":21},{"utility":45,"ID":37}],[{"utility":98,"ID":12},{"utility":0,"ID":24}],[{"utility":0,"ID":14}],[{"utility":0,"ID":5}],[{"utility":35,"ID":69},{"utility":72,"ID":85}],[{"utility":0,"ID":50}],[{"utility":65,"ID":25},{"utility":88,"ID":62}],[{"utility":69,"ID":49},{"utility":25,"ID":56}],[{"utility":0,"ID":45},{"utility":0,"ID":48}],[{"utility":42,"ID":75},{"utility":16,"ID":96}],[{"utility":0,"ID":39}],[{"utility":27,"ID":65},{"utility":55,"ID":86}],[{"utility":0,"ID":7}],[{"utility":0,"ID":89}],[{"utility":18.666666666666668,"ID":33},{"utility":0,"ID":64},{"utility":0,"ID":77},{"utility":5.666666666666667,"ID":91}],[{"utility":0,"ID":6},{"utility":0,"ID":31},{"utility":0,"ID":81}],[{"utility":65,"ID":10},{"utility":13,"ID":83}],[{"utility":0,"ID":100}],[{"utility":0,"ID":18},{"utility":0,"ID":52},{"utility":0,"ID":82},{"utility":22.333333333333332,"ID":87}],[{"utility":0,"ID":67}],[{"utility":0,"ID":51}],[{"utility":0,"ID":16}],[{"utility":0,"ID":58},{"utility":0,"ID":94}],[{"utility":0,"ID":19},{"utility":0,"ID":59}],[{"utility":86,"ID":26},{"utility":53,"ID":57}],[{"utility":0,"ID":92}],[{"utility":0,"ID":63}],[{"utility":0,"ID":20},{"utility":0.5,"ID":46},{"utility":34,"ID":98}],[{"utility":48,"ID":28},{"utility":63,"ID":55}],[{"utility":24,"ID":41},{"utility":82,"ID":74}],[{"utility":0,"ID":42}],[{"utility":37,"ID":47},{"utility":77,"ID":72}],[{"utility":68,"ID":44},{"utility":99,"ID":76}],[{"utility":88,"ID":53},{"utility":3,"ID":60}],[],[],[],[],[],[],[],[],[],[],[],[],[],[],[],[],[],[],[],[],[],[],[],[],[],[],[],[],[],[],[],[],[],[],[],[],[],[],[],[],[],[],[],[]],"STARTING COALITION: ":[[null],[{"utility":0,"ID":22},{"utility":0,"ID":34},{"utility":0,"ID":72}],[{"utility":0,"ID":8},{"utility":0,"ID":36},{"utility":23.5,"ID":97}],[{"utility":0,"ID":2}],[{"utility":20.333333333333332,"ID":9},{"utility":0,"ID":25},{"utility":0,"ID":71},{"utility":0,"ID":73}],[{"utility":0,"ID":11},{"utility":0,"ID":55}],[],[{"utility":0,"ID":35},{"utility":0,"ID":99}],[{"utility":0,"ID":54},{"utility":0,"ID":61}],[{"utility":0,"ID":10},{"utility":0,"ID":41}],[],[{"utility":0,"ID":83}],[{"utility":0,"ID":68},{"utility":0,"ID":90}],[{"utility":0,"ID":43},{"utility":0,"ID":93}],[],[{"utility":0,"ID":30},{"utility":12.25,"ID":32},{"utility":0,"ID":57},{"utility":0,"ID":84},{"utility":2.25,"ID":95}],[{"utility":0,"ID":29},{"utility":0,"ID":86}],[{"utility":0,"ID":27}],[{"utility":0,"ID":28}],[{"utility":0,"ID":38}],[{"utility":0,"ID":15},{"utility":20.333333333333332,"ID":23},{"utility":0,"ID":39},{"utility":29.333333333333332,"ID":88}],[{"utility":0,"ID":13},{"utility":1,"ID":56},{"utility":46.5,"ID":70}],[{"utility":0,"ID":76},{"utility":49,"ID":78},{"utility":0,"ID":79}],[{"utility":0,"ID":3},{"utility":0,"ID":17}],[{"utility":49,"ID":12},{"utility":0,"ID":24},{"utility":65.5,"ID":26}],[{"utility":0,"ID":14}],[],[],[{"utility":0,"ID":50}],[],[{"utility":0,"ID":42},{"utility":0,"ID":74}],[{"utility":0,"ID":45},{"utility":0,"ID":48},{"utility":23,"ID":80}],[{"utility":0,"ID":85}],[{"utility":0,"ID":37}],[{"utility":0,"ID":60},{"utility":0,"ID":66}],[{"utility":0,"ID":7},{"utility":0,"ID":47},{"utility":0,"ID":53}],[{"utility":21,"ID":75},{"utility":36,"ID":89},{"utility":8,"ID":96}],[{"utility":10.25,"ID":5},{"utility":14,"ID":33},{"utility":0,"ID":64},{"utility":0,"ID":77},{"utility":4.25,"ID":91}],[{"utility":0,"ID":6},{"utility":0,"ID":31},{"utility":0,"ID":49},{"utility":0,"ID":81}],[{"utility":0,"ID":21},{"utility":0,"ID":44}],[{"utility":0,"ID":100}],[{"utility":0,"ID":4},{"utility":0,"ID":18},{"utility":0,"ID":52},{"utility":0,"ID":82},{"utility":16.75,"ID":87}],[{"utility":0,"ID":67}],[{"utility":0,"ID":40},{"utility":0,"ID":51}],[{"utility":0,"ID":16},{"utility":0,"ID":69}],[{"utility":0,"ID":58},{"utility":13,"ID":65},{"utility":0,"ID":94}],[{"utility":0,"ID":19},{"utility":0,"ID":59},{"utility":2.5,"ID":62}],[],[{"utility":0,"ID":1},{"utility":0,"ID":92}],[{"utility":0,"ID":63}],[{"utility":0,"ID":20},{"utility":0.5,"ID":46},{"utility":34,"ID":98}],[],[],[],[],[],[],[],[],[],[],[],[],[],[],[],[],[],[],[],[],[],[],[],[],[],[],[],[],[],[],[],[],[],[],[],[],[],[],[],[],[],[],[],[],[],[],[],[],[],[]],"CORE :":true,"LAST PARTITION":{"88":20,"89":36,"90":12,"91":37,"92":48,"93":13,"94":45,"95":15,"96":32,"97":2,"10":39,"98":50,"11":16,"99":7,"12":24,"13":21,"14":25,"15":20,"16":44,"17":9,"18":41,"19":46,"1":6,"2":10,"3":3,"4":14,"5":26,"6":38,"7":35,"8":2,"9":4,"20":50,"21":23,"22":1,"23":20,"24":24,"25":29,"26":47,"27":17,"28":51,"29":10,"30":5,"31":38,"32":15,"33":37,"34":1,"35":7,"36":18,"37":23,"38":19,"39":33,"40":6,"41":52,"42":53,"43":18,"44":55,"45":31,"46":50,"47":54,"48":31,"49":30,"50":28,"51":43,"52":41,"53":56,"54":8,"55":51,"56":30,"57":47,"58":45,"59":46,"60":56,"61":8,"62":29,"63":49,"64":37,"65":34,"66":14,"67":42,"68":12,"69":27,"70":9,"71":4,"72":54,"73":4,"74":52,"75":32,"76":55,"77":37,"78":22,"79":5,"100":40,"80":11,"81":38,"82":41,"83":39,"84":15,"85":27,"86":34,"87":41}},{"STARTING PARTITION: ":{"88":40,"89":15,"90":32,"91":20,"92":22,"93":36,"94":41,"95":39,"96":1,"97":30,"10":35,"98":13,"11":11,"99":10,"12":29,"13":15,"14":27,"15":38,"16":39,"17":19,"18":12,"19":50,"1":18,"2":38,"3":2,"4":1,"5":14,"6":43,"7":32,"8":20,"9":13,"20":11,"21":48,"22":30,"23":41,"24":7,"25":42,"26":4,"27":15,"28":10,"29":43,"30":14,"31":9,"32":49,"33":32,"34":3,"35":30,"36":39,"37":1,"38":44,"39":40,"40":47,"41":48,"42":39,"43":44,"44":46,"45":14,"46":21,"47":38,"48":21,"49":38,"50":31,"51":38,"52":38,"53":12,"54":16,"55":39,"56":36,"57":18,"58":47,"59":26,"60":39,"61":21,"62":11,"63":31,"64":29,"65":32,"66":48,"67":34,"68":10,"69":1,"70":10,"71":26,"72":13,"73":38,"74":49,"75":50,"76":9,"77":10,"78":19,"79":16,"100":49,"80":47,"81":2,"82":13,"83":50,"84":41,"85":28,"86":8,"87":14},"Agents":[null,{"utility":40,"ID":1},{"utility":81,"ID":2},{"utility":0,"ID":3},{"utility":84,"ID":4},{"utility":81,"ID":5},{"utility":0,"ID":6},{"utility":26,"ID":7},{"utility":0,"ID":8},{"utility":51,"ID":9},{"utility":65,"ID":10},{"utility":0,"ID":11},{"utility":0,"ID":12},{"utility":0,"ID":13},{"utility":0,"ID":14},{"utility":1,"ID":15},{"utility":0,"ID":16},{"utility":96,"ID":17},{"utility":0,"ID":18},{"utility":0,"ID":19},{"utility":0,"ID":20},{"utility":10,"ID":21},{"utility":0,"ID":22},{"utility":0,"ID":23},{"utility":0,"ID":24},{"utility":65,"ID":25},{"utility":86,"ID":26},{"utility":25.5,"ID":27},{"utility":48,"ID":28},{"utility":96,"ID":29},{"utility":53,"ID":30},{"utility":0,"ID":31},{"utility":0,"ID":32},{"utility":0,"ID":33},{"utility":0,"ID":34},{"utility":0,"ID":35},{"utility":93,"ID":36},{"utility":45,"ID":37},{"utility":0,"ID":38},{"utility":0,"ID":39},{"utility":49,"ID":40},{"utility":24,"ID":41},{"utility":0,"ID":42},{"utility":74,"ID":43},{"utility":68,"ID":44},{"utility":89,"ID":45},{"utility":0,"ID":46},{"utility":37,"ID":47},{"utility":0,"ID":48},{"utility":69,"ID":49},{"utility":32,"ID":50},{"utility":23.333333333333332,"ID":51},{"utility":0,"ID":52},{"utility":88,"ID":53},{"utility":0,"ID":54},{"utility":63,"ID":55},{"utility":25,"ID":56},{"utility":53,"ID":57},{"utility":0,"ID":58},{"utility":0,"ID":59},{"utility":3,"ID":60},{"utility":0,"ID":61},{"utility":88,"ID":62},{"utility":0,"ID":63},{"utility":0,"ID":64},{"utility":27,"ID":65},{"utility":31,"ID":66},{"utility":0,"ID":67},{"utility":0,"ID":68},{"utility":35,"ID":69},{"utility":73,"ID":70},{"utility":89,"ID":71},{"utility":77,"ID":72},{"utility":19.666666666666668,"ID":73},{"utility":82,"ID":74},{"utility":42,"ID":75},{"utility":99,"ID":76},{"utility":15,"ID":77},{"utility":0,"ID":78},{"utility":98,"ID":79},{"utility":0,"ID":80},{"utility":0,"ID":81},{"utility":0,"ID":82},{"utility":13,"ID":83},{"utility":18.5,"ID":84},{"utility":72,"ID":85},{"utility":55,"ID":86},{"utility":0,"ID":87},{"utility":0,"ID":88},{"utility":0,"ID":89},{"utility":26.5,"ID":90},{"utility":90,"ID":91},{"utility":0,"ID":92},{"utility":0,"ID":93},{"utility":0,"ID":94},{"utility":0,"ID":95},{"utility":16,"ID":96},{"utility":8,"ID":97},{"utility":10,"ID":98},{"utility":0,"ID":99},{"utility":0,"ID":100}],"LAST COALITION":[[],[],[{"utility":0,"ID":81}],[{"utility":0,"ID":34}],[{"utility":65,"ID":25},{"utility":88,"ID":62}],[{"utility":40,"ID":1},{"utility":49,"ID":40}],[{"utility":81,"ID":2},{"utility":96,"ID":29}],[{"utility":0,"ID":24}],[{"utility":0,"ID":11}],[{"utility":0,"ID":31}],[{"utility":0,"ID":68},{"utility":15,"ID":77},{"utility":0,"ID":99}],[{"utility":0,"ID":20}],[{"utility":0,"ID":18}],[{"utility":51,"ID":9},{"utility":0,"ID":82}],[{"utility":89,"ID":45},{"utility":0,"ID":87}],[{"utility":0,"ID":13},{"utility":25.5,"ID":27},{"utility":0,"ID":89}],[{"utility":0,"ID":54}],[{"utility":0,"ID":80}],[{"utility":48,"ID":28},{"utility":63,"ID":55}],[{"utility":0,"ID":78}],[{"utility":0,"ID":8},{"utility":90,"ID":91}],[{"utility":0,"ID":46},{"utility":0,"ID":48},{"utility":0,"ID":61}],[{"utility":0,"ID":92}],[{"utility":84,"ID":4},{"utility":31,"ID":66}],[{"utility":35,"ID":69},{"utility":72,"ID":85}],[{"utility":81,"ID":5},{"utility":10,"ID":98}],[{"utility":0,"ID":59},{"utility":89,"ID":71}],[{"utility":0,"ID":14}],[{"utility":42,"ID":75},{"utility":16,"ID":96}],[{"utility":0,"ID":12},{"utility":0,"ID":64}],[{"utility":0,"ID":22},{"utility":0,"ID":35}],[{"utility":0,"ID":63}],[{"utility":26,"ID":7},{"utility":0,"ID":33},{"utility":26.5,"ID":90}],[{"utility":0,"ID":3}],[{"utility":0,"ID":67}],[{"utility":96,"ID":17},{"utility":73,"ID":70}],[{"utility":0,"ID":93}],[{"utility":10,"ID":21},{"utility":45,"ID":37}],[{"utility":1,"ID":15},{"utility":23.333333333333332,"ID":51},{"utility":0,"ID":52},{"utility":19.666666666666668,"ID":73}],[{"utility":0,"ID":16},{"utility":0,"ID":95}],[{"utility":0,"ID":88}],[{"utility":0,"ID":23},{"utility":18.5,"ID":84},{"utility":0,"ID":94}],[{"utility":86,"ID":26},{"utility":53,"ID":57}],[{"utility":0,"ID":6}],[{"utility":0,"ID":38}],[{"utility":0,"ID":39}],[{"utility":65,"ID":10},{"utility":13,"ID":83}],[{"utility":0,"ID":58}],[{"utility":53,"ID":30},{"utility":98,"ID":79}],[{"utility":0,"ID":32},{"utility":0,"ID":100}],[{"utility":0,"ID":19}],[{"utility":93,"ID":36},{"utility":74,"ID":43}],[{"utility":24,"ID":41},{"utility":82,"ID":74}],[{"utility":0,"ID":42}],[{"utility":69,"ID":49},{"utility":25,"ID":56}],[{"utility":37,"ID":47},{"utility":77,"ID":72}],[{"utility":68,"ID":44},{"utility":99,"ID":76}],[{"utility":32,"ID":50},{"utility":8,"ID":97}],[{"utility":88,"ID":53},{"utility":3,"ID":60}],[{"utility":27,"ID":65},{"utility":55,"ID":86}],[],[],[],[],[],[],[],[],[],[],[],[],[],[],[],[],[],[],[],[],[],[],[],[],[],[],[],[],[],[],[],[],[],[],[],[],[],[],[],[],[]],"STARTING COALITION: ":[[null],[{"utility":0,"ID":4},{"utility":6,"ID":37},{"utility":10.333333333333334,"ID":69},{"utility":24.333333333333332,"ID":96}],[{"utility":0,"ID":3},{"utility":0,"ID":81}],[{"utility":0,"ID":34}],[{"utility":0,"ID":26}],[],[],[{"utility":0,"ID":24}],[{"utility":0,"ID":86}],[{"utility":0,"ID":31},{"utility":97,"ID":76}],[{"utility":0,"ID":28},{"utility":0,"ID":68},{"utility":0,"ID":70},{"utility":7.5,"ID":77},{"utility":2.25,"ID":99}],[{"utility":0,"ID":11},{"utility":0,"ID":20},{"utility":0,"ID":62}],[{"utility":0,"ID":18},{"utility":0,"ID":53}],[{"utility":17,"ID":9},{"utility":0,"ID":72},{"utility":0,"ID":82},{"utility":9.666666666666666,"ID":98}],[{"utility":0,"ID":5},{"utility":0,"ID":30},{"utility":29.666666666666668,"ID":45},{"utility":0,"ID":87}],[{"utility":0,"ID":13},{"utility":25.5,"ID":27},{"utility":0,"ID":89}],[{"utility":0,"ID":54},{"utility":0,"ID":79}],[],[{"utility":0,"ID":1},{"utility":0,"ID":57}],[{"utility":0,"ID":17},{"utility":68,"ID":78}],[{"utility":0,"ID":8},{"utility":90,"ID":91}],[{"utility":0,"ID":46},{"utility":0,"ID":48},{"utility":0,"ID":61}],[{"utility":0,"ID":92}],[],[],[],[{"utility":0,"ID":59},{"utility":89,"ID":71}],[{"utility":0,"ID":14}],[{"utility":0,"ID":85}],[{"utility":0,"ID":12},{"utility":0,"ID":64}],[{"utility":0,"ID":22},{"utility":0,"ID":35},{"utility":0,"ID":97}],[{"utility":0,"ID":50},{"utility":0,"ID":63}],[{"utility":17.333333333333332,"ID":7},{"utility":0,"ID":33},{"utility":0,"ID":65},{"utility":17.666666666666668,"ID":90}],[],[{"utility":0,"ID":67}],[{"utility":0,"ID":10}],[{"utility":0,"ID":56},{"utility":76,"ID":93}],[],[{"utility":0,"ID":2},{"utility":0.5,"ID":15},{"utility":14.833333333333334,"ID":47},{"utility":0,"ID":49},{"utility":27,"ID":51},{"utility":0,"ID":52},{"utility":14,"ID":73}],[{"utility":4.8,"ID":16},{"utility":2,"ID":36},{"utility":0,"ID":42},{"utility":9.2,"ID":55},{"utility":16.2,"ID":60},{"utility":0,"ID":95}],[{"utility":0,"ID":39},{"utility":0,"ID":88}],[{"utility":0,"ID":23},{"utility":18.5,"ID":84},{"utility":0,"ID":94}],[{"utility":0,"ID":25}],[{"utility":0,"ID":6},{"utility":0,"ID":29}],[{"utility":0,"ID":38},{"utility":0,"ID":43}],[],[{"utility":0,"ID":44}],[{"utility":0,"ID":40},{"utility":0,"ID":58},{"utility":0,"ID":80}],[{"utility":0,"ID":21},{"utility":0,"ID":41},{"utility":0,"ID":66}],[{"utility":0,"ID":32},{"utility":0,"ID":74},{"utility":0,"ID":100}],[{"utility":0,"ID":19},{"utility":0,"ID":75},{"utility":5.5,"ID":83}],[],[],[],[],[],[],[],[],[],[],[],[],[],[],[],[],[],[],[],[],[],[],[],[],[],[],[],[],[],[],[],[],[],[],[],[],[],[],[],[],[],[],[],[],[],[],[],[],[],[]],"CORE :":true,"LAST PARTITION":{"88":40,"89":15,"90":32,"91":20,"92":22,"93":36,"94":41,"95":39,"96":28,"97":57,"10":46,"98":25,"11":8,"99":10,"12":29,"13":15,"14":27,"15":38,"16":39,"17":35,"18":12,"19":50,"1":5,"2":6,"3":33,"4":23,"5":25,"6":43,"7":32,"8":20,"9":13,"20":11,"21":37,"22":30,"23":41,"24":7,"25":4,"26":42,"27":15,"28":18,"29":6,"30":48,"31":9,"32":49,"33":32,"34":3,"35":30,"36":51,"37":37,"38":44,"39":45,"40":5,"41":52,"42":53,"43":51,"44":56,"45":14,"46":21,"47":55,"48":21,"49":54,"50":57,"51":38,"52":38,"53":58,"54":16,"55":18,"56":54,"57":42,"58":47,"59":26,"60":58,"61":21,"62":4,"63":31,"64":29,"65":59,"66":23,"67":34,"68":10,"69":24,"70":35,"71":26,"72":55,"73":38,"74":52,"75":28,"76":56,"77":10,"78":19,"79":48,"100":49,"80":17,"81":2,"82":13,"83":46,"84":41,"85":24,"86":59,"87":14}},{"STARTING PARTITION: ":{"88":21,"89":45,"90":10,"91":26,"92":49,"93":40,"94":21,"95":35,"96":31,"97":23,"10":35,"98":37,"11":46,"99":7,"12":5,"13":9,"14":14,"15":9,"16":24,"17":40,"18":43,"19":2,"1":31,"2":10,"3":35,"4":20,"5":30,"6":45,"7":46,"8":9,"9":16,"20":3,"21":47,"22":13,"23":35,"24":9,"25":14,"26":6,"27":22,"28":35,"29":1,"30":45,"31":14,"32":35,"33":30,"34":3,"35":8,"36":8,"37":19,"38":20,"39":25,"40":28,"41":4,"42":24,"43":17,"44":16,"45":16,"46":5,"47":7,"48":42,"49":8,"50":27,"51":20,"52":24,"53":5,"54":28,"55":34,"56":3,"57":20,"58":49,"59":46,"60":28,"61":27,"62":48,"63":3,"64":32,"65":10,"66":3,"67":5,"68":15,"69":9,"70":39,"71":27,"72":14,"73":19,"74":28,"75":34,"76":15,"77":23,"78":23,"79":42,"100":43,"80":23,"81":8,"82":15,"83":47,"84":48,"85":4,"86":7,"87":10},"Agents":[null,{"utility":40,"ID":1},{"utility":81,"ID":2},{"utility":0,"ID":3},{"utility":84,"ID":4},{"utility":81,"ID":5},{"utility":0,"ID":6},{"utility":0,"ID":7},{"utility":0,"ID":8},{"utility":0,"ID":9},{"utility":65,"ID":10},{"utility":0,"ID":11},{"utility":0,"ID":12},{"utility":0,"ID":13},{"utility":0,"ID":14},{"utility":0,"ID":15},{"utility":0,"ID":16},{"utility":96,"ID":17},{"utility":0,"ID":18},{"utility":0,"ID":19},{"utility":0,"ID":20},{"utility":10,"ID":21},{"utility":0,"ID":22},{"utility":26.5,"ID":23},{"utility":0,"ID":24},{"utility":65,"ID":25},{"utility":86,"ID":26},{"utility":0,"ID":27},{"utility":48,"ID":28},{"utility":96,"ID":29},{"utility":53,"ID":30},{"utility":0,"ID":31},{"utility":0,"ID":32},{"utility":0,"ID":33},{"utility":0,"ID":34},{"utility":0,"ID":35},{"utility":93,"ID":36},{"utility":45,"ID":37},{"utility":0,"ID":38},{"utility":0,"ID":39},{"utility":49,"ID":40},{"utility":24,"ID":41},{"utility":0,"ID":42},{"utility":74,"ID":43},{"utility":68,"ID":44},{"utility":56,"ID":45},{"utility":0,"ID":46},{"utility":37,"ID":47},{"utility":0,"ID":48},{"utility":69,"ID":49},{"utility":32,"ID":50},{"utility":92,"ID":51},{"utility":79,"ID":52},{"utility":88,"ID":53},{"utility":0,"ID":54},{"utility":63,"ID":55},{"utility":25,"ID":56},{"utility":53,"ID":57},{"utility":0,"ID":58},{"utility":0,"ID":59},{"utility":3,"ID":60},{"utility":0,"ID":61},{"utility":88,"ID":62},{"utility":0,"ID":63},{"utility":0,"ID":64},{"utility":27,"ID":65},{"utility":31,"ID":66},{"utility":0,"ID":67},{"utility":0,"ID":68},{"utility":35,"ID":69},{"utility":73,"ID":70},{"utility":6,"ID":71},{"utility":77,"ID":72},{"utility":0,"ID":73},{"utility":82,"ID":74},{"utility":42,"ID":75},{"utility":99,"ID":76},{"utility":0,"ID":77},{"utility":0,"ID":78},{"utility":98,"ID":79},{"utility":0,"ID":80},{"utility":0,"ID":81},{"utility":36,"ID":82},{"utility":13,"ID":83},{"utility":0,"ID":84},{"utility":72,"ID":85},{"utility":55,"ID":86},{"utility":0,"ID":87},{"utility":20,"ID":88},{"utility":0,"ID":89},{"utility":0,"ID":90},{"utility":0,"ID":91},{"utility":0,"ID":92},{"utility":0,"ID":93},{"utility":0,"ID":94},{"utility":0,"ID":95},{"utility":16,"ID":96},{"utility":8,"ID":97},{"utility":10,"ID":98},{"utility":0,"ID":99},{"utility":0,"ID":100}],"LAST COALITION":[[],[{"utility":0,"ID":80}],[{"utility":0,"ID":19}],[{"utility":0,"ID":20},{"utility":0,"ID":34},{"utility":0,"ID":63}],[{"utility":6,"ID":71},{"utility":20,"ID":88}],[{"utility":0,"ID":12},{"utility":0,"ID":46},{"utility":0,"ID":67}],[{"utility":65,"ID":25},{"utility":88,"ID":62}],[{"utility":0,"ID":99}],[{"utility":0,"ID":35},{"utility":0,"ID":81}],[{"utility":0,"ID":8},{"utility":0,"ID":13},{"utility":0,"ID":15},{"utility":0,"ID":24}],[{"utility":0,"ID":87},{"utility":0,"ID":90}],[{"utility":40,"ID":1},{"utility":49,"ID":40}],[{"utility":81,"ID":2},{"utility":96,"ID":29}],[{"utility":0,"ID":22}],[{"utility":0,"ID":14},{"utility":0,"ID":31}],[{"utility":0,"ID":68},{"utility":36,"ID":82}],[{"utility":0,"ID":9},{"utility":56,"ID":45}],[{"utility":24,"ID":41},{"utility":82,"ID":74}],[{"utility":84,"ID":4},{"utility":31,"ID":66}],[{"utility":0,"ID":73}],[{"utility":0,"ID":38},{"utility":92,"ID":51}],[{"utility":0,"ID":94}],[{"utility":0,"ID":27}],[{"utility":0,"ID":77},{"utility":0,"ID":78}],[{"utility":0,"ID":16},{"utility":79,"ID":52}],[{"utility":86,"ID":26},{"utility":53,"ID":57}],[{"utility":0,"ID":91}],[{"utility":0,"ID":61}],[{"utility":0,"ID":54}],[{"utility":0,"ID":11}],[{"utility":0,"ID":33}],[],[{"utility":0,"ID":64}],[{"utility":81,"ID":5},{"utility":10,"ID":98}],[{"utility":69,"ID":49},{"utility":25,"ID":56}],[{"utility":26.5,"ID":23},{"utility":0,"ID":32},{"utility":0,"ID":95}],[{"utility":0,"ID":3}],[{"utility":96,"ID":17},{"utility":73,"ID":70}],[{"utility":10,"ID":21},{"utility":45,"ID":37}],[{"utility":48,"ID":28},{"utility":63,"ID":55}],[{"utility":0,"ID":93}],[{"utility":0,"ID":39}],[{"utility":0,"ID":48}],[{"utility":0,"ID":18},{"utility":0,"ID":100}],[{"utility":53,"ID":30},{"utility":98,"ID":79}],[{"utility":0,"ID":6},{"utility":0,"ID":89}],[{"utility":0,"ID":7},{"utility":0,"ID":59}],[{"utility":35,"ID":69},{"utility":72,"ID":85}],[{"utility":0,"ID":84}],[{"utility":0,"ID":58},{"utility":0,"ID":92}],[{"utility":93,"ID":36},{"utility":74,"ID":43}],[{"utility":0,"ID":42}],[{"utility":65,"ID":10},{"utility":13,"ID":83}],[{"utility":37,"ID":47},{"utility":77,"ID":72}],[{"utility":68,"ID":44},{"utility":99,"ID":76}],[{"utility":32,"ID":50},{"utility":8,"ID":97}],[{"utility":88,"ID":53},{"utility":3,"ID":60}],[{"utility":27,"ID":65},{"utility":55,"ID":86}],[{"utility":42,"ID":75},{"utility":16,"ID":96}],[],[],[],[],[],[],[],[],[],[],[],[],[],[],[],[],[],[],[],[],[],[],[],[],[],[],[],[],[],[],[],[],[],[],[],[],[],[],[],[],[],[]],"STARTING COALITION: ":[[null],[{"utility":0,"ID":29}],[{"utility":0,"ID":19}],[{"utility":0,"ID":20},{"utility":0,"ID":34},{"utility":0,"ID":56},{"utility":0,"ID":63},{"utility":0,"ID":66}],[{"utility":0,"ID":41},{"utility":0,"ID":85}],[{"utility":0,"ID":12},{"utility":0,"ID":46},{"utility":0,"ID":53},{"utility":0,"ID":67}],[{"utility":0,"ID":26}],[{"utility":0,"ID":47},{"utility":0,"ID":86},{"utility":0,"ID":99}],[{"utility":0,"ID":35},{"utility":21.333333333333332,"ID":36},{"utility":0,"ID":49},{"utility":0,"ID":81}],[{"utility":0,"ID":8},{"utility":0,"ID":13},{"utility":0,"ID":15},{"utility":0,"ID":24},{"utility":18.75,"ID":69}],[{"utility":0,"ID":2},{"utility":0,"ID":65},{"utility":0,"ID":87},{"utility":0,"ID":90}],[],[],[{"utility":0,"ID":22}],[{"utility":0,"ID":14},{"utility":0,"ID":25},{"utility":16,"ID":31},{"utility":0,"ID":72}],[{"utility":0,"ID":68},{"utility":0,"ID":76},{"utility":18,"ID":82}],[{"utility":0,"ID":9},{"utility":0,"ID":44},{"utility":28,"ID":45}],[{"utility":0,"ID":43}],[],[{"utility":0,"ID":37},{"utility":0,"ID":73}],[{"utility":0,"ID":4},{"utility":28.333333333333332,"ID":38},{"utility":30.666666666666668,"ID":51},{"utility":0,"ID":57}],[{"utility":0,"ID":88},{"utility":0,"ID":94}],[{"utility":0,"ID":27}],[{"utility":0,"ID":77},{"utility":0,"ID":78},{"utility":0,"ID":80},{"utility":0,"ID":97}],[{"utility":0,"ID":16},{"utility":0,"ID":42},{"utility":39.5,"ID":52}],[{"utility":0,"ID":39}],[{"utility":0,"ID":91}],[{"utility":15.5,"ID":50},{"utility":0,"ID":61},{"utility":0,"ID":71}],[{"utility":24,"ID":40},{"utility":0,"ID":54},{"utility":0,"ID":60},{"utility":0,"ID":74}],[],[{"utility":41,"ID":5},{"utility":0,"ID":33}],[{"utility":0,"ID":1},{"utility":0,"ID":96}],[{"utility":0,"ID":64}],[],[{"utility":0,"ID":55},{"utility":0,"ID":75}],[{"utility":14.2,"ID":3},{"utility":17.4,"ID":10},{"utility":10.6,"ID":23},{"utility":15.6,"ID":28},{"utility":0,"ID":32},{"utility":9,"ID":95}],[],[{"utility":0,"ID":98}],[],[{"utility":0,"ID":70}],[{"utility":0,"ID":17},{"utility":0,"ID":93}],[],[{"utility":0,"ID":48},{"utility":0,"ID":79}],[{"utility":0,"ID":18},{"utility":0,"ID":100}],[],[{"utility":0,"ID":6},{"utility":0,"ID":30},{"utility":0,"ID":89}],[{"utility":0,"ID":7},{"utility":38.5,"ID":11},{"utility":0,"ID":59}],[{"utility":0,"ID":21},{"utility":55,"ID":83}],[{"utility":0,"ID":62},{"utility":29,"ID":84}],[{"utility":0,"ID":58},{"utility":0,"ID":92}],[],[],[],[],[],[],[],[],[],[],[],[],[],[],[],[],[],[],[],[],[],[],[],[],[],[],[],[],[],[],[],[],[],[],[],[],[],[],[],[],[],[],[],[],[],[],[],[],[],[],[]],"CORE :":true,"LAST PARTITION":{"88":4,"89":45,"90":10,"91":26,"92":49,"93":40,"94":21,"95":35,"96":58,"97":55,"10":52,"98":33,"11":29,"99":7,"12":5,"13":9,"14":14,"15":9,"16":24,"17":37,"18":43,"19":2,"1":11,"2":12,"3":36,"4":18,"5":33,"6":45,"7":46,"8":9,"9":16,"20":3,"21":38,"22":13,"23":35,"24":9,"25":6,"26":25,"27":22,"28":39,"29":12,"30":44,"31":14,"32":35,"33":30,"34":3,"35":8,"36":50,"37":38,"38":20,"39":41,"40":11,"41":17,"42":51,"43":50,"44":54,"45":16,"46":5,"47":53,"48":42,"49":34,"50":55,"51":20,"52":24,"53":56,"54":28,"55":39,"56":34,"57":25,"58":49,"59":46,"60":56,"61":27,"62":6,"63":3,"64":32,"65":57,"66":18,"67":5,"68":15,"69":47,"70":37,"71":4,"72":53,"73":19,"74":17,"75":58,"76":54,"77":23,"78":23,"79":44,"100":43,"80":1,"81":8,"82":15,"83":52,"84":48,"85":47,"86":57,"87":10}},{"STARTING PARTITION: ":{"88":19,"89":4,"90":7,"91":49,"92":13,"93":43,"94":12,"95":27,"96":4,"97":9,"10":22,"98":7,"11":32,"99":6,"12":36,"13":19,"14":3,"15":1,"16":47,"17":13,"18":14,"19":41,"1":39,"2":33,"3":43,"4":50,"5":1,"6":9,"7":34,"8":31,"9":21,"20":32,"21":29,"22":42,"23":38,"24":27,"25":15,"26":8,"27":14,"28":21,"29":45,"30":2,"31":28,"32":18,"33":12,"34":1,"35":41,"36":5,"37":31,"38":22,"39":30,"40":29,"41":39,"42":34,"43":24,"44":4,"45":6,"46":15,"47":26,"48":23,"49":27,"50":41,"51":43,"52":28,"53":44,"54":47,"55":45,"56":10,"57":41,"58":23,"59":1,"60":40,"61":32,"62":12,"63":36,"64":32,"65":23,"66":9,"67":43,"68":18,"69":43,"70":36,"71":37,"72":44,"73":29,"74":44,"75":6,"76":30,"77":9,"78":35,"79":26,"100":19,"80":27,"81":12,"82":19,"83":36,"84":6,"85":21,"86":10,"87":7},"Agents":[null,{"utility":40,"ID":1},{"utility":81,"ID":2},{"utility":0,"ID":3},{"utility":84,"ID":4},{"utility":81,"ID":5},{"utility":0,"ID":6},{"utility":0,"ID":7},{"utility":0,"ID":8},{"utility":0,"ID":9},{"utility":65,"ID":10},{"utility":0,"ID":11},{"utility":0,"ID":12},{"utility":0,"ID":13},{"utility":0,"ID":14},{"utility":24.5,"ID":15},{"utility":0,"ID":16},{"utility":96,"ID":17},{"utility":0,"ID":18},{"utility":45,"ID":19},{"utility":0,"ID":20},{"utility":10,"ID":21},{"utility":0,"ID":22},{"utility":0,"ID":23},{"utility":0,"ID":24},{"utility":65,"ID":25},{"utility":86,"ID":26},{"utility":0,"ID":27},{"utility":48,"ID":28},{"utility":96,"ID":29},{"utility":53,"ID":30},{"utility":0,"ID":31},{"utility":0,"ID":32},{"utility":0,"ID":33},{"utility":0,"ID":34},{"utility":0,"ID":35},{"utility":93,"ID":36},{"utility":45,"ID":37},{"utility":0,"ID":38},{"utility":0,"ID":39},{"utility":49,"ID":40},{"utility":24,"ID":41},{"utility":54,"ID":42},{"utility":74,"ID":43},{"utility":68,"ID":44},{"utility":0,"ID":45},{"utility":0,"ID":46},{"utility":37,"ID":47},{"utility":0,"ID":48},{"utility":69,"ID":49},{"utility":32,"ID":50},{"utility":0,"ID":51},{"utility":65,"ID":52},{"utility":88,"ID":53},{"utility":0,"ID":54},{"utility":63,"ID":55},{"utility":25,"ID":56},{"utility":53,"ID":57},{"utility":0,"ID":58},{"utility":0,"ID":59},{"utility":3,"ID":60},{"utility":0,"ID":61},{"utility":88,"ID":62},{"utility":12,"ID":63},{"utility":0,"ID":64},{"utility":27,"ID":65},{"utility":31,"ID":66},{"utility":0,"ID":67},{"utility":79,"ID":68},{"utility":35,"ID":69},{"utility":73,"ID":70},{"utility":6,"ID":71},{"utility":77,"ID":72},{"utility":0,"ID":73},{"utility":82,"ID":74},{"utility":42,"ID":75},{"utility":99,"ID":76},{"utility":0,"ID":77},{"utility":0,"ID":78},{"utility":98,"ID":79},{"utility":0,"ID":80},{"utility":0,"ID":81},{"utility":0,"ID":82},{"utility":13,"ID":83},{"utility":0,"ID":84},{"utility":72,"ID":85},{"utility":55,"ID":86},{"utility":0,"ID":87},{"utility":20,"ID":88},{"utility":0,"ID":89},{"utility":0,"ID":90},{"utility":0,"ID":91},{"utility":0,"ID":92},{"utility":0,"ID":93},{"utility":0,"ID":94},{"utility":0,"ID":95},{"utility":16,"ID":96},{"utility":8,"ID":97},{"utility":10,"ID":98},{"utility":0,"ID":99},{"utility":5,"ID":100}],"LAST COALITION":[[],[{"utility":24.5,"ID":15},{"utility":0,"ID":34},{"utility":0,"ID":59}],[{"utility":93,"ID":36},{"utility":74,"ID":43}],[{"utility":0,"ID":14}],[{"utility":0,"ID":89}],[{"utility":24,"ID":41},{"utility":82,"ID":74}],[{"utility":0,"ID":45},{"utility":0,"ID":84},{"utility":0,"ID":99}],[{"utility":0,"ID":87},{"utility":0,"ID":90}],[{"utility":65,"ID":25},{"utility":88,"ID":62}],[{"utility":0,"ID":6},{"utility":0,"ID":77}],[{"utility":32,"ID":50},{"utility":8,"ID":97}],[{"utility":40,"ID":1},{"utility":49,"ID":40}],[{"utility":0,"ID":33},{"utility":0,"ID":81},{"utility":0,"ID":94}],[{"utility":0,"ID":92}],[{"utility":0,"ID":18},{"utility":0,"ID":27}],[{"utility":0,"ID":46}],[{"utility":81,"ID":2},{"utility":96,"ID":29}],[{"utility":0,"ID":80}],[{"utility":0,"ID":32},{"utility":79,"ID":68}],[{"utility":0,"ID":13},{"utility":0,"ID":82},{"utility":5,"ID":100}],[{"utility":84,"ID":4},{"utility":31,"ID":66}],[{"utility":0,"ID":9}],[{"utility":0,"ID":38}],[{"utility":0,"ID":48},{"utility":0,"ID":58}],[{"utility":69,"ID":49},{"utility":25,"ID":56}],[{"utility":35,"ID":69},{"utility":72,"ID":85}],[{"utility":37,"ID":47},{"utility":77,"ID":72}],[{"utility":0,"ID":24},{"utility":0,"ID":95}],[{"utility":0,"ID":31},{"utility":65,"ID":52}],[{"utility":0,"ID":73}],[{"utility":88,"ID":53},{"utility":3,"ID":60}],[{"utility":0,"ID":8}],[{"utility":0,"ID":20},{"utility":0,"ID":61},{"utility":0,"ID":64}],[{"utility":81,"ID":5},{"utility":10,"ID":98}],[{"utility":0,"ID":7},{"utility":54,"ID":42}],[{"utility":0,"ID":78}],[{"utility":0,"ID":12},{"utility":12,"ID":63}],[{"utility":42,"ID":75},{"utility":16,"ID":96}],[{"utility":0,"ID":23}],[{"utility":96,"ID":17},{"utility":73,"ID":70}],[{"utility":27,"ID":65},{"utility":55,"ID":86}],[{"utility":45,"ID":19},{"utility":0,"ID":35}],[{"utility":0,"ID":22}],[{"utility":0,"ID":51},{"utility":0,"ID":67},{"utility":0,"ID":93}],[{"utility":65,"ID":10},{"utility":13,"ID":83}],[{"utility":53,"ID":30},{"utility":98,"ID":79}],[{"utility":0,"ID":3}],[{"utility":0,"ID":16},{"utility":0,"ID":54}],[{"utility":0,"ID":11}],[{"utility":0,"ID":91}],[{"utility":10,"ID":21},{"utility":45,"ID":37}],[{"utility":86,"ID":26},{"utility":53,"ID":57}],[{"utility":0,"ID":39}],[{"utility":48,"ID":28},{"utility":63,"ID":55}],[{"utility":6,"ID":71},{"utility":20,"ID":88}],[{"utility":68,"ID":44},{"utility":99,"ID":76}],[],[],[],[],[],[],[],[],[],[],[],[],[],[],[],[],[],[],[],[],[],[],[],[],[],[],[],[],[],[],[],[],[],[],[],[],[],[],[],[],[],[],[],[],[]],"STARTING COALITION: ":[[null],[{"utility":30.666666666666668,"ID":5},{"utility":16.333333333333332,"ID":15},{"utility":0,"ID":34},{"utility":0,"ID":59}],[{"utility":0,"ID":30}],[{"utility":0,"ID":14}],[{"utility":0,"ID":44},{"utility":0,"ID":89},{"utility":0,"ID":96}],[{"utility":0,"ID":36}],[{"utility":0,"ID":45},{"utility":7,"ID":75},{"utility":0,"ID":84},{"utility":0,"ID":99}],[{"utility":0,"ID":87},{"utility":0,"ID":90},{"utility":9.5,"ID":98}],[{"utility":0,"ID":26}],[{"utility":0,"ID":6},{"utility":25,"ID":66},{"utility":0,"ID":77},{"utility":1.3333333333333333,"ID":97}],[{"utility":0,"ID":56},{"utility":0,"ID":86}],[],[{"utility":0,"ID":33},{"utility":25.333333333333332,"ID":62},{"utility":0,"ID":81},{"utility":0,"ID":94}],[{"utility":55,"ID":17},{"utility":0,"ID":92}],[{"utility":0,"ID":18},{"utility":0,"ID":27}],[{"utility":0,"ID":25},{"utility":0,"ID":46}],[],[],[{"utility":0,"ID":32},{"utility":79,"ID":68}],[{"utility":0,"ID":13},{"utility":0,"ID":82},{"utility":1,"ID":88},{"utility":3.3333333333333335,"ID":100}],[],[{"utility":44.5,"ID":9},{"utility":0,"ID":28},{"utility":0,"ID":85}],[{"utility":0,"ID":10},{"utility":0,"ID":38}],[{"utility":0,"ID":48},{"utility":0,"ID":58},{"utility":13,"ID":65}],[{"utility":0,"ID":43}],[],[{"utility":0,"ID":47},{"utility":0,"ID":79}],[{"utility":0,"ID":24},{"utility":0,"ID":49},{"utility":0,"ID":80},{"utility":0,"ID":95}],[{"utility":0,"ID":31},{"utility":65,"ID":52}],[{"utility":0,"ID":21},{"utility":0,"ID":40},{"utility":0,"ID":73}],[{"utility":0,"ID":39},{"utility":0,"ID":76}],[{"utility":0,"ID":8},{"utility":0,"ID":37}],[{"utility":0,"ID":11},{"utility":0,"ID":20},{"utility":0,"ID":61},{"utility":0,"ID":64}],[{"utility":0,"ID":2}],[{"utility":0,"ID":7},{"utility":54,"ID":42}],[{"utility":0,"ID":78}],[{"utility":28.333333333333332,"ID":12},{"utility":4,"ID":63},{"utility":0,"ID":70},{"utility":0,"ID":83}],[{"utility":0,"ID":71}],[{"utility":0,"ID":23}],[{"utility":0,"ID":1},{"utility":0,"ID":41}],[{"utility":0,"ID":60}],[{"utility":30,"ID":19},{"utility":0,"ID":35},{"utility":45.333333333333336,"ID":50},{"utility":0,"ID":57}],[{"utility":0,"ID":22}],[{"utility":0,"ID":3},{"utility":0,"ID":51},{"utility":0,"ID":67},{"utility":0,"ID":69},{"utility":28.5,"ID":93}],[{"utility":38,"ID":53},{"utility":0,"ID":72},{"utility":24.5,"ID":74}],[{"utility":68,"ID":29},{"utility":38,"ID":55}],[],[{"utility":0,"ID":16},{"utility":0,"ID":54}],[],[{"utility":0,"ID":91}],[{"utility":0,"ID":4}],[],[],[],[],[],[],[],[],[],[],[],[],[],[],[],[],[],[],[],[],[],[],[],[],[],[],[],[],[],[],[],[],[],[],[],[],[],[],[],[],[],[],[],[],[],[],[],[],[],[]],"CORE :":true,"LAST PARTITION":{"88":54,"89":4,"90":7,"91":49,"92":13,"93":43,"94":12,"95":27,"96":37,"97":10,"10":44,"98":33,"11":48,"99":6,"12":36,"13":19,"14":3,"15":1,"16":47,"17":39,"18":14,"19":41,"1":11,"2":16,"3":46,"4":20,"5":33,"6":9,"7":34,"8":31,"9":21,"20":32,"21":50,"22":42,"23":38,"24":27,"25":8,"26":51,"27":14,"28":53,"29":16,"30":45,"31":28,"32":18,"33":12,"34":1,"35":41,"36":2,"37":50,"38":22,"39":52,"40":11,"41":5,"42":34,"43":2,"44":55,"45":6,"46":15,"47":26,"48":23,"49":24,"50":10,"51":43,"52":28,"53":30,"54":47,"55":53,"56":24,"57":51,"58":23,"59":1,"60":30,"61":32,"62":8,"63":36,"64":32,"65":40,"66":20,"67":43,"68":18,"69":25,"70":39,"71":54,"72":26,"73":29,"74":5,"75":37,"76":55,"77":9,"78":35,"79":45,"100":19,"80":17,"81":12,"82":19,"83":44,"84":6,"85":25,"86":40,"87":7}},{"END OF FILE:" : true}]