[{"STARTING PARTITION: ":{"22":11,"23":3,"24":3,"25":19,"26":11,"27":12,"28":8,"29":17,"30":12,"31":3,"10":7,"32":11,"11":1,"33":19,"12":8,"34":16,"13":14,"35":17,"14":1,"36":20,"15":5,"37":8,"16":3,"38":8,"17":17,"39":15,"18":9,"19":16,"1":6,"2":15,"3":18,"4":2,"5":19,"6":20,"7":10,"8":8,"9":18,"40":14,"20":18,"21":6},"Agents":[null,{"utility":92,"ID":1},{"utility":68,"ID":2},{"utility":84,"ID":3},{"utility":75,"ID":4},{"utility":98,"ID":5},{"utility":89,"ID":6},{"utility":92,"ID":7},{"utility":92,"ID":8},{"utility":98,"ID":9},{"utility":86,"ID":10},{"utility":96,"ID":11},{"utility":0,"ID":12},{"utility":0,"ID":13},{"utility":35,"ID":14},{"utility":73,"ID":15},{"utility":91.5,"ID":16},{"utility":25,"ID":17},{"utility":41,"ID":18},{"utility":64,"ID":19},{"utility":0,"ID":20},{"utility":5,"ID":21},{"utility":27,"ID":22},{"utility":28,"ID":23},{"utility":0,"ID":24},{"utility":17,"ID":25},{"utility":37.5,"ID":26},{"utility":39,"ID":27},{"utility":0,"ID":28},{"utility":0,"ID":29},{"utility":22,"ID":30},{"utility":15.5,"ID":31},{"utility":4,"ID":32},{"utility":0,"ID":33},{"utility":79,"ID":34},{"utility":42,"ID":35},{"utility":20,"ID":36},{"utility":17,"ID":37},{"utility":0,"ID":38},{"utility":0,"ID":39},{"utility":0,"ID":40}],"LAST COALITION":[[],[{"utility":75,"ID":4},{"utility":73,"ID":15}],[{"utility":0,"ID":12}],[{"utility":91.5,"ID":16},{"utility":0,"ID":24},{"utility":15.5,"ID":31}],[{"utility":92,"ID":8},{"utility":17,"ID":37}],[{"utility":68,"ID":2},{"utility":20,"ID":36}],[{"utility":0,"ID":20}],[{"utility":98,"ID":9},{"utility":35,"ID":14}],[{"utility":0,"ID":28}],[{"utility":89,"ID":6},{"utility":28,"ID":23}],[{"utility":96,"ID":11},{"utility":17,"ID":25}],[{"utility":27,"ID":22},{"utility":37.5,"ID":26},{"utility":4,"ID":32}],[{"utility":39,"ID":27},{"utility":22,"ID":30}],[{"utility":84,"ID":3},{"utility":5,"ID":21}],[{"utility":0,"ID":40}],[{"utility":0,"ID":39}],[{"utility":0,"ID":13}],[{"utility":0,"ID":29},{"utility":42,"ID":35}],[{"utility":0,"ID":38}],[{"utility":0,"ID":33}],[],[{"utility":92,"ID":1},{"utility":64,"ID":19}],[{"utility":92,"ID":7},{"utility":79,"ID":34}],[{"utility":98,"ID":5},{"utility":41,"ID":18}],[{"utility":86,"ID":10},{"utility":25,"ID":17}],[],[],[],[],[],[],[],[],[],[],[],[],[],[],[],[]],"STARTING COALITION: ":[[null],[{"utility":33,"ID":11},{"utility":36,"ID":14}],[{"utility":0,"ID":4}],[{"utility":61,"ID":16},{"utility":23.666666666666668,"ID":23},{"utility":20.333333333333332,"ID":24},{"utility":33.333333333333336,"ID":31}],[],[{"utility":0,"ID":15}],[{"utility":62,"ID":1},{"utility":35,"ID":21}],[{"utility":0,"ID":10}],[{"utility":39.25,"ID":8},{"utility":30.75,"ID":12},{"utility":37.5,"ID":28},{"utility":11.75,"ID":37},{"utility":14.25,"ID":38}],[{"utility":0,"ID":18}],[{"utility":0,"ID":7}],[{"utility":27,"ID":22},{"utility":37.5,"ID":26},{"utility":4,"ID":32}],[{"utility":39,"ID":27},{"utility":22,"ID":30}],[],[{"utility":57,"ID":13},{"utility":8,"ID":40}],[{"utility":0,"ID":2},{"utility":93,"ID":39}],[{"utility":45,"ID":19},{"utility":98,"ID":34}],[{"utility":9,"ID":17},{"utility":39,"ID":29},{"utility":21,"ID":35}],[{"utility":27,"ID":3},{"utility":6.5,"ID":9},{"utility":73,"ID":20}],[{"utility":78.5,"ID":5},{"utility":73.5,"ID":25},{"utility":54,"ID":33}],[{"utility":88,"ID":6},{"utility":79,"ID":36}],[],[],[],[],[],[],[],[],[],[],[],[],[],[],[],[],[],[],[],[]],"CORE :":false,"LAST PARTITION":{"22":11,"23":9,"24":3,"25":10,"26":11,"27":12,"28":8,"29":17,"30":12,"31":3,"10":24,"32":11,"11":10,"33":19,"12":2,"34":22,"13":16,"35":17,"14":7,"36":5,"15":1,"37":4,"16":3,"38":18,"17":24,"39":15,"18":23,"19":21,"1":21,"2":5,"3":13,"4":1,"5":23,"6":9,"7":22,"8":4,"9":7,"40":14,"20":6,"21":13}},{"STARTING PARTITION: ":{"22":1,"23":14,"24":8,"25":16,"26":18,"27":15,"28":20,"29":10,"30":4,"31":10,"10":10,"32":12,"11":7,"33":1,"12":1,"34":17,"13":8,"35":11,"14":19,"36":5,"15":17,"37":3,"16":5,"38":5,"17":20,"39":18,"18":5,"19":14,"1":7,"2":4,"3":3,"4":8,"5":11,"6":17,"7":15,"8":3,"9":5,"40":13,"20":2,"21":4},"Agents":[null,{"utility":92,"ID":1},{"utility":43,"ID":2},{"utility":84,"ID":3},{"utility":75,"ID":4},{"utility":98,"ID":5},{"utility":89,"ID":6},{"utility":92,"ID":7},{"utility":65,"ID":8},{"utility":98,"ID":9},{"utility":87,"ID":10},{"utility":0,"ID":11},{"utility":74,"ID":12},{"utility":64,"ID":13},{"utility":35,"ID":14},{"utility":73,"ID":15},{"utility":0,"ID":16},{"utility":63,"ID":17},{"utility":41,"ID":18},{"utility":64,"ID":19},{"utility":0,"ID":20},{"utility":0,"ID":21},{"utility":18,"ID":22},{"utility":28,"ID":23},{"utility":0,"ID":24},{"utility":0,"ID":25},{"utility":79,"ID":26},{"utility":0,"ID":27},{"utility":97,"ID":28},{"utility":42,"ID":29},{"utility":0,"ID":30},{"utility":3,"ID":31},{"utility":0,"ID":32},{"utility":98,"ID":33},{"utility":79,"ID":34},{"utility":0,"ID":35},{"utility":0,"ID":36},{"utility":49,"ID":37},{"utility":62,"ID":38},{"utility":65,"ID":39},{"utility":0,"ID":40}],"LAST COALITION":[[],[{"utility":18,"ID":22},{"utility":98,"ID":33}],[{"utility":0,"ID":36}],[{"utility":0,"ID":21}],[{"utility":0,"ID":30}],[{"utility":0,"ID":11}],[{"utility":43,"ID":2},{"utility":64,"ID":13}],[{"utility":98,"ID":5},{"utility":41,"ID":18}],[{"utility":87,"ID":10},{"utility":62,"ID":38}],[{"utility":84,"ID":3},{"utility":49,"ID":37}],[{"utility":42,"ID":29},{"utility":3,"ID":31}],[{"utility":0,"ID":35}],[{"utility":0,"ID":32}],[{"utility":0,"ID":40}],[{"utility":89,"ID":6},{"utility":28,"ID":23}],[{"utility":0,"ID":27}],[{"utility":92,"ID":7},{"utility":79,"ID":34}],[{"utility":0,"ID":16}],[{"utility":79,"ID":26},{"utility":65,"ID":39}],[{"utility":75,"ID":4},{"utility":73,"ID":15}],[{"utility":63,"ID":17},{"utility":97,"ID":28}],[{"utility":0,"ID":20}],[{"utility":92,"ID":1},{"utility":64,"ID":19}],[{"utility":0,"ID":24}],[{"utility":98,"ID":9},{"utility":35,"ID":14}],[{"utility":65,"ID":8},{"utility":74,"ID":12}],[{"utility":0,"ID":25}],[],[],[],[],[],[],[],[],[],[],[],[],[],[]],"STARTING COALITION: ":[[null],[{"utility":49,"ID":12},{"utility":11.5,"ID":22},{"utility":84.5,"ID":33}],[{"utility":0,"ID":20}],[{"utility":42,"ID":3},{"utility":56,"ID":8},{"utility":33,"ID":37}],[{"utility":16.5,"ID":2},{"utility":19,"ID":21},{"utility":0,"ID":30}],[{"utility":21.25,"ID":9},{"utility":24,"ID":16},{"utility":32.25,"ID":18},{"utility":37.75,"ID":36},{"utility":43.75,"ID":38}],[],[{"utility":83,"ID":1},{"utility":0,"ID":11}],[{"utility":6,"ID":4},{"utility":48,"ID":13},{"utility":43.5,"ID":24}],[],[{"utility":38,"ID":10},{"utility":21,"ID":29},{"utility":1.5,"ID":31}],[{"utility":0,"ID":5},{"utility":0,"ID":35}],[{"utility":0,"ID":32}],[{"utility":0,"ID":40}],[{"utility":0,"ID":19},{"utility":58,"ID":23}],[{"utility":0,"ID":7},{"utility":0,"ID":27}],[{"utility":0,"ID":25}],[{"utility":8,"ID":6},{"utility":83,"ID":15},{"utility":10.5,"ID":34}],[{"utility":79,"ID":26},{"utility":65,"ID":39}],[{"utility":0,"ID":14}],[{"utility":63,"ID":17},{"utility":97,"ID":28}],[],[],[],[],[],[],[],[],[],[],[],[],[],[],[],[],[],[],[],[]],"CORE :":false,"LAST PARTITION":{"22":1,"23":14,"24":23,"25":26,"26":18,"27":15,"28":20,"29":10,"30":4,"31":10,"10":8,"32":12,"11":5,"33":1,"12":25,"34":16,"13":6,"35":11,"14":24,"36":2,"15":19,"37":9,"16":17,"38":8,"17":20,"39":18,"18":7,"19":22,"1":22,"2":6,"3":9,"4":19,"5":7,"6":14,"7":16,"8":25,"9":24,"40":13,"20":21,"21":3}},{"STARTING PARTITION: ":{"22":13,"23":4,"24":2,"25":19,"26":9,"27":10,"28":14,"29":5,"30":12,"31":4,"10":13,"32":18,"11":11,"33":6,"12":2,"34":5,"13":5,"35":4,"14":13,"36":14,"15":17,"37":7,"16":17,"38":2,"17":3,"39":6,"18":1,"19":13,"1":16,"2":8,"3":9,"4":5,"5":9,"6":13,"7":11,"8":10,"9":8,"40":11,"20":20,"21":8},"Agents":[null,{"utility":92,"ID":1},{"utility":88,"ID":2},{"utility":84,"ID":3},{"utility":71,"ID":4},{"utility":98,"ID":5},{"utility":27,"ID":6},{"utility":92,"ID":7},{"utility":65,"ID":8},{"utility":98,"ID":9},{"utility":93,"ID":10},{"utility":53,"ID":11},{"utility":74,"ID":12},{"utility":0,"ID":13},{"utility":35,"ID":14},{"utility":94,"ID":15},{"utility":76,"ID":16},{"utility":0,"ID":17},{"utility":41,"ID":18},{"utility":64,"ID":19},{"utility":0,"ID":20},{"utility":5,"ID":21},{"utility":0,"ID":22},{"utility":58.5,"ID":23},{"utility":0,"ID":24},{"utility":86,"ID":25},{"utility":0,"ID":26},{"utility":0,"ID":27},{"utility":0,"ID":28},{"utility":0,"ID":29},{"utility":0,"ID":30},{"utility":34.5,"ID":31},{"utility":0,"ID":32},{"utility":40,"ID":33},{"utility":79,"ID":34},{"utility":32.5,"ID":35},{"utility":88,"ID":36},{"utility":0,"ID":37},{"utility":0,"ID":38},{"utility":9,"ID":39},{"utility":0,"ID":40}],"LAST COALITION":[[],[{"utility":98,"ID":5},{"utility":41,"ID":18}],[{"utility":0,"ID":17}],[{"utility":65,"ID":8},{"utility":74,"ID":12}],[{"utility":58.5,"ID":23},{"utility":34.5,"ID":31},{"utility":32.5,"ID":35}],[{"utility":0,"ID":29}],[{"utility":40,"ID":33},{"utility":9,"ID":39}],[{"utility":0,"ID":38}],[{"utility":98,"ID":9},{"utility":35,"ID":14}],[{"utility":0,"ID":26}],[{"utility":0,"ID":27}],[{"utility":0,"ID":40}],[{"utility":0,"ID":30}],[{"utility":0,"ID":13}],[{"utility":0,"ID":28},{"utility":88,"ID":36}],[{"utility":0,"ID":24}],[{"utility":84,"ID":3},{"utility":5,"ID":21}],[{"utility":94,"ID":15},{"utility":76,"ID":16}],[{"utility":0,"ID":32}],[{"utility":27,"ID":6},{"utility":93,"ID":10}],[{"utility":0,"ID":22}],[{"utility":0,"ID":20}],[{"utility":92,"ID":1},{"utility":64,"ID":19}],[{"utility":0,"ID":37}],[{"utility":88,"ID":2},{"utility":53,"ID":11}],[],[{"utility":92,"ID":7},{"utility":79,"ID":34}],[],[{"utility":71,"ID":4},{"utility":86,"ID":25}],[],[],[],[],[],[],[],[],[],[],[],[]],"STARTING COALITION: ":[[null],[{"utility":0,"ID":18}],[{"utility":28.5,"ID":12},{"utility":0,"ID":24},{"utility":24.5,"ID":38}],[{"utility":0,"ID":17}],[{"utility":58.5,"ID":23},{"utility":34.5,"ID":31},{"utility":32.5,"ID":35}],[{"utility":38.666666666666664,"ID":4},{"utility":26.666666666666668,"ID":13},{"utility":79.33333333333333,"ID":29},{"utility":40.666666666666664,"ID":34}],[{"utility":40,"ID":33},{"utility":9,"ID":39}],[{"utility":0,"ID":37}],[{"utility":17.5,"ID":2},{"utility":57.5,"ID":9},{"utility":8,"ID":21}],[{"utility":45.5,"ID":3},{"utility":28,"ID":5},{"utility":0,"ID":26}],[{"utility":55,"ID":8},{"utility":81,"ID":27}],[{"utility":47.5,"ID":7},{"utility":0,"ID":11},{"utility":22.5,"ID":40}],[{"utility":0,"ID":30}],[{"utility":33.5,"ID":6},{"utility":33.75,"ID":10},{"utility":21.5,"ID":14},{"utility":48.75,"ID":19},{"utility":37.25,"ID":22}],[{"utility":0,"ID":28},{"utility":88,"ID":36}],[],[{"utility":0,"ID":1}],[{"utility":94,"ID":15},{"utility":76,"ID":16}],[{"utility":0,"ID":32}],[{"utility":0,"ID":25}],[{"utility":0,"ID":20}],[],[],[],[],[],[],[],[],[],[],[],[],[],[],[],[],[],[],[],[]],"CORE :":false,"LAST PARTITION":{"22":20,"23":4,"24":15,"25":28,"26":9,"27":10,"28":14,"29":5,"30":12,"31":4,"10":19,"32":18,"11":24,"33":6,"12":3,"34":26,"13":13,"35":4,"14":8,"36":14,"15":17,"37":23,"16":17,"38":7,"17":2,"39":6,"18":1,"19":22,"1":22,"2":24,"3":16,"4":28,"5":1,"6":19,"7":26,"8":3,"9":8,"40":11,"20":21,"21":16}},{"STARTING PARTITION: ":{"22":19,"23":12,"24":17,"25":17,"26":3,"27":19,"28":1,"29":17,"30":11,"31":11,"10":14,"32":20,"11":4,"33":3,"12":2,"34":14,"13":10,"35":2,"14":14,"36":7,"15":12,"37":7,"16":13,"38":5,"17":12,"39":5,"18":3,"19":9,"1":8,"2":6,"3":8,"4":17,"5":4,"6":4,"7":16,"8":2,"9":5,"40":18,"20":13,"21":8},"Agents":[null,{"utility":92,"ID":1},{"utility":88,"ID":2},{"utility":84,"ID":3},{"utility":75,"ID":4},{"utility":98,"ID":5},{"utility":89,"ID":6},{"utility":92,"ID":7},{"utility":65,"ID":8},{"utility":98,"ID":9},{"utility":87,"ID":10},{"utility":53,"ID":11},{"utility":74,"ID":12},{"utility":0,"ID":13},{"utility":35,"ID":14},{"utility":73,"ID":15},{"utility":0,"ID":16},{"utility":0,"ID":17},{"utility":41,"ID":18},{"utility":64,"ID":19},{"utility":0,"ID":20},{"utility":5,"ID":21},{"utility":32,"ID":22},{"utility":28,"ID":23},{"utility":88,"ID":24},{"utility":0,"ID":25},{"utility":56,"ID":26},{"utility":0,"ID":27},{"utility":0,"ID":28},{"utility":11,"ID":29},{"utility":47,"ID":30},{"utility":52,"ID":31},{"utility":0,"ID":32},{"utility":0,"ID":33},{"utility":79,"ID":34},{"utility":0,"ID":35},{"utility":39,"ID":36},{"utility":83,"ID":37},{"utility":62,"ID":38},{"utility":0,"ID":39},{"utility":0,"ID":40}],"LAST COALITION":[[],[{"utility":0,"ID":28}],[{"utility":0,"ID":35}],[{"utility":56,"ID":26},{"utility":0,"ID":33}],[{"utility":98,"ID":5},{"utility":41,"ID":18}],[{"utility":0,"ID":39}],[{"utility":65,"ID":8},{"utility":74,"ID":12}],[{"utility":39,"ID":36},{"utility":83,"ID":37}],[{"utility":84,"ID":3},{"utility":5,"ID":21}],[{"utility":0,"ID":25}],[{"utility":92,"ID":1},{"utility":64,"ID":19}],[{"utility":47,"ID":30},{"utility":52,"ID":31}],[{"utility":87,"ID":10},{"utility":62,"ID":38}],[{"utility":0,"ID":20}],[{"utility":75,"ID":4},{"utility":73,"ID":15}],[{"utility":0,"ID":13}],[{"utility":89,"ID":6},{"utility":28,"ID":23}],[{"utility":88,"ID":24},{"utility":11,"ID":29}],[{"utility":0,"ID":40}],[{"utility":32,"ID":22},{"utility":0,"ID":27}],[{"utility":0,"ID":32}],[{"utility":0,"ID":17}],[{"utility":0,"ID":16}],[{"utility":88,"ID":2},{"utility":53,"ID":11}],[{"utility":92,"ID":7},{"utility":79,"ID":34}],[],[{"utility":98,"ID":9},{"utility":35,"ID":14}],[],[],[],[],[],[],[],[],[],[],[],[],[],[]],"STARTING COALITION: ":[[null],[{"utility":0,"ID":28}],[{"utility":38,"ID":8},{"utility":37,"ID":12},{"utility":0,"ID":35}],[{"utility":38.5,"ID":18},{"utility":28,"ID":26},{"utility":44.5,"ID":33}],[{"utility":66,"ID":5},{"utility":37,"ID":6},{"utility":46,"ID":11}],[{"utility":47.5,"ID":9},{"utility":43.5,"ID":38},{"utility":22.5,"ID":39}],[{"utility":0,"ID":2}],[{"utility":39,"ID":36},{"utility":83,"ID":37}],[{"utility":51,"ID":1},{"utility":50.5,"ID":3},{"utility":20,"ID":21}],[{"utility":0,"ID":19}],[{"utility":0,"ID":13}],[{"utility":47,"ID":30},{"utility":52,"ID":31}],[{"utility":17,"ID":15},{"utility":4.5,"ID":17},{"utility":0,"ID":23}],[{"utility":64,"ID":16},{"utility":0,"ID":20}],[{"utility":21,"ID":10},{"utility":49.5,"ID":14},{"utility":8.5,"ID":34}],[],[{"utility":0,"ID":7}],[{"utility":42,"ID":4},{"utility":29.333333333333332,"ID":24},{"utility":30.666666666666668,"ID":25},{"utility":45.333333333333336,"ID":29}],[{"utility":0,"ID":40}],[{"utility":32,"ID":22},{"utility":0,"ID":27}],[{"utility":0,"ID":32}],[],[],[],[],[],[],[],[],[],[],[],[],[],[],[],[],[],[],[],[]],"CORE :":false,"LAST PARTITION":{"22":19,"23":16,"24":17,"25":9,"26":3,"27":19,"28":1,"29":17,"30":11,"31":11,"10":12,"32":20,"11":23,"33":3,"12":6,"34":24,"13":15,"35":2,"14":26,"36":7,"15":14,"37":7,"16":22,"38":12,"17":21,"39":5,"18":4,"19":10,"1":10,"2":23,"3":8,"4":14,"5":4,"6":16,"7":24,"8":6,"9":26,"40":18,"20":13,"21":8}},{"STARTING PARTITION: ":{"22":5,"23":11,"24":17,"25":11,"26":17,"27":11,"28":9,"29":20,"30":2,"31":6,"10":7,"32":19,"11":8,"33":10,"12":6,"34":6,"13":17,"35":6,"14":19,"36":3,"15":19,"37":16,"16":13,"38":8,"17":8,"39":10,"18":10,"19":3,"1":16,"2":11,"3":6,"4":8,"5":19,"6":10,"7":11,"8":2,"9":1,"40":6,"20":13,"21":2},"Agents":[null,{"utility":92,"ID":1},{"utility":0,"ID":2},{"utility":84,"ID":3},{"utility":75,"ID":4},{"utility":98,"ID":5},{"utility":89,"ID":6},{"utility":92,"ID":7},{"utility":65,"ID":8},{"utility":91,"ID":9},{"utility":96,"ID":10},{"utility":66,"ID":11},{"utility":74,"ID":12},{"utility":47,"ID":13},{"utility":56,"ID":14},{"utility":73,"ID":15},{"utility":0,"ID":16},{"utility":0,"ID":17},{"utility":41,"ID":18},{"utility":64,"ID":19},{"utility":0,"ID":20},{"utility":22,"ID":21},{"utility":0,"ID":22},{"utility":28,"ID":23},{"utility":80,"ID":24},{"utility":0,"ID":25},{"utility":0,"ID":26},{"utility":0,"ID":27},{"utility":0,"ID":28},{"utility":0,"ID":29},{"utility":0,"ID":30},{"utility":0,"ID":31},{"utility":0,"ID":32},{"utility":40,"ID":33},{"utility":79,"ID":34},{"utility":32.5,"ID":35},{"utility":0,"ID":36},{"utility":49,"ID":37},{"utility":0,"ID":38},{"utility":9,"ID":39},{"utility":55,"ID":40}],"LAST COALITION":[[],[{"utility":0,"ID":20}],[{"utility":22,"ID":21},{"utility":0,"ID":30}],[{"utility":0,"ID":2}],[{"utility":75,"ID":4},{"utility":73,"ID":15}],[{"utility":0,"ID":22}],[{"utility":0,"ID":31},{"utility":32.5,"ID":35},{"utility":55,"ID":40}],[],[{"utility":0,"ID":17},{"utility":0,"ID":38}],[{"utility":0,"ID":28}],[{"utility":40,"ID":33},{"utility":9,"ID":39}],[{"utility":0,"ID":27}],[{"utility":84,"ID":3},{"utility":49,"ID":37}],[{"utility":0,"ID":16}],[{"utility":65,"ID":8},{"utility":74,"ID":12}],[{"utility":92,"ID":1},{"utility":64,"ID":19}],[{"utility":0,"ID":25}],[{"utility":80,"ID":24},{"utility":0,"ID":26}],[{"utility":91,"ID":9},{"utility":96,"ID":10}],[{"utility":56,"ID":14},{"utility":0,"ID":32}],[{"utility":0,"ID":29}],[{"utility":0,"ID":36}],[{"utility":98,"ID":5},{"utility":41,"ID":18}],[{"utility":92,"ID":7},{"utility":79,"ID":34}],[{"utility":89,"ID":6},{"utility":28,"ID":23}],[{"utility":66,"ID":11},{"utility":47,"ID":13}],[],[],[],[],[],[],[],[],[],[],[],[],[],[],[]],"STARTING COALITION: ":[[null],[{"utility":0,"ID":9}],[{"utility":33,"ID":8},{"utility":38.5,"ID":21},{"utility":0,"ID":30}],[{"utility":0,"ID":19},{"utility":90,"ID":36}],[],[{"utility":0,"ID":22}],[{"utility":45.2,"ID":3},{"utility":11.6,"ID":12},{"utility":26.6,"ID":31},{"utility":58,"ID":34},{"utility":28.2,"ID":35},{"utility":29.6,"ID":40}],[{"utility":0,"ID":10}],[{"utility":40.666666666666664,"ID":4},{"utility":42.666666666666664,"ID":11},{"utility":33.666666666666664,"ID":17},{"utility":20.666666666666668,"ID":38}],[{"utility":0,"ID":28}],[{"utility":37.333333333333336,"ID":6},{"utility":22,"ID":18},{"utility":43,"ID":33},{"utility":3,"ID":39}],[{"utility":52,"ID":2},{"utility":49.75,"ID":7},{"utility":23.5,"ID":23},{"utility":48.5,"ID":25},{"utility":0,"ID":27}],[],[{"utility":64,"ID":16},{"utility":0,"ID":20}],[],[],[{"utility":16,"ID":1},{"utility":0,"ID":37}],[{"utility":83.5,"ID":13},{"utility":83.5,"ID":24},{"utility":0,"ID":26}],[],[{"utility":40.333333333333336,"ID":5},{"utility":37,"ID":14},{"utility":32.666666666666664,"ID":15},{"utility":8.666666666666666,"ID":32}],[{"utility":0,"ID":29}],[],[],[],[],[],[],[],[],[],[],[],[],[],[],[],[],[],[],[],[]],"CORE :":false,"LAST PARTITION":{"22":5,"23":24,"24":17,"25":16,"26":17,"27":11,"28":9,"29":20,"30":2,"31":6,"10":18,"32":19,"11":25,"33":10,"12":14,"34":23,"13":25,"35":6,"14":19,"36":21,"15":4,"37":12,"16":13,"38":8,"17":8,"39":10,"18":22,"19":15,"1":15,"2":3,"3":12,"4":4,"5":22,"6":24,"7":23,"8":14,"9":18,"40":6,"20":1,"21":2}},{"STARTING PARTITION: ":{"22":5,"23":15,"24":15,"25":2,"26":2,"27":3,"28":11,"29":8,"30":20,"31":3,"10":16,"32":9,"11":5,"33":14,"12":11,"34":7,"13":16,"35":13,"14":12,"36":8,"15":10,"37":12,"16":1,"38":10,"17":20,"39":3,"18":9,"19":17,"1":4,"2":2,"3":20,"4":5,"5":1,"6":15,"7":2,"8":1,"9":20,"40":11,"20":14,"21":11},"Agents":[null,{"utility":92,"ID":1},{"utility":0,"ID":2},{"utility":84,"ID":3},{"utility":75,"ID":4},{"utility":98,"ID":5},{"utility":89,"ID":6},{"utility":92,"ID":7},{"utility":65,"ID":8},{"utility":98,"ID":9},{"utility":87,"ID":10},{"utility":66,"ID":11},{"utility":74,"ID":12},{"utility":47,"ID":13},{"utility":35,"ID":14},{"utility":73,"ID":15},{"utility":0,"ID":16},{"utility":67,"ID":17},{"utility":41,"ID":18},{"utility":64,"ID":19},{"utility":76,"ID":20},{"utility":67,"ID":21},{"utility":0,"ID":22},{"utility":28,"ID":23},{"utility":0,"ID":24},{"utility":0,"ID":25},{"utility":0,"ID":26},{"utility":43,"ID":27},{"utility":21.5,"ID":28},{"utility":0,"ID":29},{"utility":5,"ID":30},{"utility":40,"ID":31},{"utility":0,"ID":32},{"utility":0,"ID":33},{"utility":79,"ID":34},{"utility":0,"ID":35},{"utility":0,"ID":36},{"utility":49,"ID":37},{"utility":62,"ID":38},{"utility":0,"ID":39},{"utility":0,"ID":40}],"LAST COALITION":[[],[{"utility":0,"ID":25}],[{"utility":0,"ID":26}],[{"utility":43,"ID":27},{"utility":40,"ID":31},{"utility":0,"ID":39}],[{"utility":84,"ID":3},{"utility":49,"ID":37}],[{"utility":0,"ID":22}],[],[{"utility":98,"ID":9},{"utility":35,"ID":14}],[{"utility":0,"ID":29}],[{"utility":0,"ID":32}],[{"utility":66,"ID":11},{"utility":47,"ID":13}],[{"utility":67,"ID":21},{"utility":21.5,"ID":28},{"utility":0,"ID":40}],[{"utility":75,"ID":4},{"utility":73,"ID":15}],[{"utility":0,"ID":35}],[{"utility":76,"ID":20},{"utility":0,"ID":33}],[{"utility":87,"ID":10},{"utility":62,"ID":38}],[{"utility":0,"ID":16}],[{"utility":98,"ID":5},{"utility":41,"ID":18}],[{"utility":0,"ID":2}],[{"utility":92,"ID":1},{"utility":64,"ID":19}],[{"utility":67,"ID":17},{"utility":5,"ID":30}],[{"utility":0,"ID":24}],[{"utility":65,"ID":8},{"utility":74,"ID":12}],[{"utility":92,"ID":7},{"utility":79,"ID":34}],[{"utility":0,"ID":36}],[{"utility":89,"ID":6},{"utility":28,"ID":23}],[],[],[],[],[],[],[],[],[],[],[],[],[],[],[]],"STARTING COALITION: ":[[null],[{"utility":0,"ID":5},{"utility":3,"ID":8},{"utility":64.5,"ID":16}],[{"utility":49,"ID":2},{"utility":52,"ID":7},{"utility":49.666666666666664,"ID":25},{"utility":21,"ID":26}],[{"utility":43,"ID":27},{"utility":40,"ID":31},{"utility":0,"ID":39}],[{"utility":0,"ID":1}],[{"utility":0,"ID":4},{"utility":22,"ID":11},{"utility":30.5,"ID":22}],[],[{"utility":0,"ID":34}],[{"utility":45,"ID":29},{"utility":8,"ID":36}],[{"utility":0,"ID":18},{"utility":0,"ID":32}],[{"utility":55,"ID":15},{"utility":83,"ID":38}],[{"utility":20,"ID":12},{"utility":44.666666666666664,"ID":21},{"utility":37.333333333333336,"ID":28},{"utility":11,"ID":40}],[{"utility":68,"ID":14},{"utility":34,"ID":37}],[{"utility":0,"ID":35}],[{"utility":76,"ID":20},{"utility":0,"ID":33}],[{"utility":77,"ID":6},{"utility":14,"ID":23},{"utility":79.5,"ID":24}],[{"utility":12,"ID":10},{"utility":0,"ID":13}],[{"utility":0,"ID":19}],[],[],[{"utility":29.666666666666668,"ID":3},{"utility":27.333333333333332,"ID":9},{"utility":55,"ID":17},{"utility":1.6666666666666667,"ID":30}],[],[],[],[],[],[],[],[],[],[],[],[],[],[],[],[],[],[],[],[]],"CORE :":false,"LAST PARTITION":{"22":5,"23":25,"24":21,"25":1,"26":2,"27":3,"28":11,"29":8,"30":20,"31":3,"10":15,"32":9,"11":10,"33":14,"12":22,"34":23,"13":10,"35":13,"14":7,"36":24,"15":12,"37":4,"16":16,"38":15,"17":20,"39":3,"18":17,"19":19,"1":19,"2":18,"3":4,"4":12,"5":17,"6":25,"7":23,"8":22,"9":7,"40":11,"20":14,"21":11}},{"STARTING PARTITION: ":{"22":11,"23":6,"24":14,"25":20,"26":7,"27":20,"28":20,"29":19,"30":18,"31":5,"10":10,"32":7,"11":5,"33":14,"12":10,"34":10,"13":18,"35":11,"14":15,"36":17,"15":9,"37":11,"16":20,"38":7,"17":20,"39":10,"18":8,"19":6,"1":12,"2":14,"3":13,"4":16,"5":5,"6":12,"7":9,"8":1,"9":14,"40":14,"20":3,"21":13},"Agents":[null,{"utility":92,"ID":1},{"utility":88,"ID":2},{"utility":0,"ID":3},{"utility":79,"ID":4},{"utility":98,"ID":5},{"utility":0,"ID":6},{"utility":49,"ID":7},{"utility":6,"ID":8},{"utility":59,"ID":9},{"utility":0,"ID":10},{"utility":53,"ID":11},{"utility":56,"ID":12},{"utility":0,"ID":13},{"utility":0,"ID":14},{"utility":0,"ID":15},{"utility":40.75,"ID":16},{"utility":36.5,"ID":17},{"utility":41,"ID":18},{"utility":64,"ID":19},{"utility":0,"ID":20},{"utility":51,"ID":21},{"utility":33,"ID":22},{"utility":0,"ID":23},{"utility":76.66666666666667,"ID":24},{"utility":14.75,"ID":25},{"utility":33,"ID":26},{"utility":0,"ID":27},{"utility":51.5,"ID":28},{"utility":0,"ID":29},{"utility":0,"ID":30},{"utility":0,"ID":31},{"utility":38,"ID":32},{"utility":21.666666666666668,"ID":33},{"utility":58,"ID":34},{"utility":0,"ID":35},{"utility":0,"ID":36},{"utility":31,"ID":37},{"utility":0,"ID":38},{"utility":71.5,"ID":39},{"utility":68.66666666666667,"ID":40}],"LAST COALITION":[[],[{"utility":88,"ID":2},{"utility":53,"ID":11}],[{"utility":0,"ID":10}],[{"utility":0,"ID":20}],[{"utility":49,"ID":7},{"utility":51,"ID":21}],[{"utility":0,"ID":31}],[{"utility":0,"ID":23}],[{"utility":33,"ID":26},{"utility":38,"ID":32},{"utility":0,"ID":38}],[{"utility":0,"ID":6}],[{"utility":0,"ID":15}],[{"utility":56,"ID":12},{"utility":58,"ID":34},{"utility":71.5,"ID":39}],[{"utility":33,"ID":22},{"utility":0,"ID":35},{"utility":31,"ID":37}],[{"utility":0,"ID":13}],[],[{"utility":59,"ID":9},{"utility":76.66666666666667,"ID":24},{"utility":21.666666666666668,"ID":33},{"utility":68.66666666666667,"ID":40}],[{"utility":0,"ID":14}],[{"utility":79,"ID":4},{"utility":6,"ID":8}],[{"utility":0,"ID":36}],[{"utility":0,"ID":30}],[{"utility":0,"ID":29}],[{"utility":40.75,"ID":16},{"utility":36.5,"ID":17},{"utility":14.75,"ID":25},{"utility":0,"ID":27},{"utility":51.5,"ID":28}],[{"utility":98,"ID":5},{"utility":41,"ID":18}],[{"utility":92,"ID":1},{"utility":64,"ID":19}],[{"utility":0,"ID":3}],[],[],[],[],[],[],[],[],[],[],[],[],[],[],[],[],[]],"STARTING COALITION: ":[[null],[{"utility":0,"ID":8}],[],[{"utility":0,"ID":20}],[],[{"utility":38.5,"ID":5},{"utility":0,"ID":11},{"utility":10.5,"ID":31}],[{"utility":0,"ID":19},{"utility":58,"ID":23}],[{"utility":33,"ID":26},{"utility":38,"ID":32},{"utility":0,"ID":38}],[{"utility":0,"ID":18}],[{"utility":0,"ID":7},{"utility":36,"ID":15}],[{"utility":2.3333333333333335,"ID":10},{"utility":65.66666666666667,"ID":12},{"utility":38.666666666666664,"ID":34},{"utility":70.66666666666667,"ID":39}],[{"utility":33,"ID":22},{"utility":0,"ID":35},{"utility":31,"ID":37}],[{"utility":57,"ID":1},{"utility":92,"ID":6}],[{"utility":84,"ID":3},{"utility":5,"ID":21}],[{"utility":29.75,"ID":2},{"utility":66.75,"ID":9},{"utility":57.5,"ID":24},{"utility":16.25,"ID":33},{"utility":68.75,"ID":40}],[{"utility":0,"ID":14}],[{"utility":0,"ID":4}],[{"utility":0,"ID":36}],[{"utility":42,"ID":13},{"utility":81,"ID":30}],[{"utility":0,"ID":29}],[{"utility":40.75,"ID":16},{"utility":36.5,"ID":17},{"utility":14.75,"ID":25},{"utility":0,"ID":27},{"utility":51.5,"ID":28}],[],[],[],[],[],[],[],[],[],[],[],[],[],[],[],[],[],[],[],[]],"CORE :":false,"LAST PARTITION":{"22":11,"23":6,"24":14,"25":20,"26":7,"27":20,"28":20,"29":19,"30":18,"31":5,"10":2,"32":7,"11":1,"33":14,"12":10,"34":10,"13":12,"35":11,"14":15,"36":17,"15":9,"37":11,"16":20,"38":7,"17":20,"39":10,"18":21,"19":22,"1":22,"2":1,"3":23,"4":16,"5":21,"6":8,"7":4,"8":16,"9":14,"40":14,"20":3,"21":4}},{"STARTING PARTITION: ":{"22":9,"23":13,"24":11,"25":2,"26":4,"27":7,"28":11,"29":7,"30":1,"31":8,"10":17,"32":14,"11":16,"33":11,"12":8,"34":15,"13":1,"35":18,"14":13,"36":12,"15":11,"37":20,"16":10,"38":20,"17":2,"39":1,"18":8,"19":8,"1":16,"2":18,"3":4,"4":13,"5":5,"6":3,"7":17,"8":16,"9":19,"40":12,"20":15,"21":2},"Agents":[null,{"utility":92,"ID":1},{"utility":0,"ID":2},{"utility":84,"ID":3},{"utility":75,"ID":4},{"utility":98,"ID":5},{"utility":89,"ID":6},{"utility":92,"ID":7},{"utility":65,"ID":8},{"utility":98,"ID":9},{"utility":87,"ID":10},{"utility":66,"ID":11},{"utility":74,"ID":12},{"utility":47,"ID":13},{"utility":35,"ID":14},{"utility":73,"ID":15},{"utility":0,"ID":16},{"utility":0,"ID":17},{"utility":41,"ID":18},{"utility":64,"ID":19},{"utility":0,"ID":20},{"utility":0,"ID":21},{"utility":0,"ID":22},{"utility":28,"ID":23},{"utility":64.5,"ID":24},{"utility":0,"ID":25},{"utility":0,"ID":26},{"utility":42,"ID":27},{"utility":13.5,"ID":28},{"utility":0,"ID":29},{"utility":40,"ID":30},{"utility":0,"ID":31},{"utility":0,"ID":32},{"utility":0,"ID":33},{"utility":79,"ID":34},{"utility":0,"ID":35},{"utility":59,"ID":36},{"utility":49,"ID":37},{"utility":62,"ID":38},{"utility":35,"ID":39},{"utility":62,"ID":40}],"LAST COALITION":[[],[{"utility":40,"ID":30},{"utility":35,"ID":39}],[{"utility":0,"ID":21}],[{"utility":0,"ID":16}],[{"utility":0,"ID":26}],[{"utility":65,"ID":8},{"utility":74,"ID":12}],[{"utility":0,"ID":20}],[{"utility":42,"ID":27},{"utility":0,"ID":29}],[{"utility":0,"ID":31}],[{"utility":0,"ID":22}],[{"utility":0,"ID":25}],[{"utility":64.5,"ID":24},{"utility":13.5,"ID":28},{"utility":0,"ID":33}],[{"utility":59,"ID":36},{"utility":62,"ID":40}],[{"utility":75,"ID":4},{"utility":73,"ID":15}],[{"utility":0,"ID":32}],[{"utility":0,"ID":2}],[{"utility":92,"ID":7},{"utility":79,"ID":34}],[{"utility":98,"ID":5},{"utility":41,"ID":18}],[{"utility":0,"ID":35}],[{"utility":0,"ID":17}],[{"utility":66,"ID":11},{"utility":47,"ID":13}],[{"utility":87,"ID":10},{"utility":62,"ID":38}],[{"utility":84,"ID":3},{"utility":49,"ID":37}],[],[{"utility":92,"ID":1},{"utility":64,"ID":19}],[{"utility":98,"ID":9},{"utility":35,"ID":14}],[{"utility":89,"ID":6},{"utility":28,"ID":23}],[],[],[],[],[],[],[],[],[],[],[],[],[],[]],"STARTING COALITION: ":[[null],[{"utility":29,"ID":13},{"utility":60.5,"ID":30},{"utility":17.5,"ID":39}],[{"utility":0,"ID":17},{"utility":6.5,"ID":21},{"utility":31.5,"ID":25}],[{"utility":0,"ID":6}],[{"utility":0,"ID":3},{"utility":0,"ID":26}],[{"utility":0,"ID":5}],[],[{"utility":42,"ID":27},{"utility":0,"ID":29}],[{"utility":27.333333333333332,"ID":12},{"utility":21.333333333333332,"ID":18},{"utility":0,"ID":19},{"utility":27.333333333333332,"ID":31}],[{"utility":0,"ID":22}],[{"utility":0,"ID":16}],[{"utility":40,"ID":15},{"utility":43,"ID":24},{"utility":9,"ID":28},{"utility":8,"ID":33}],[{"utility":59,"ID":36},{"utility":62,"ID":40}],[{"utility":63,"ID":4},{"utility":10.5,"ID":14},{"utility":20.5,"ID":23}],[{"utility":0,"ID":32}],[{"utility":62,"ID":20},{"utility":0,"ID":34}],[{"utility":42.5,"ID":1},{"utility":48,"ID":8},{"utility":32.5,"ID":11}],[{"utility":84,"ID":7},{"utility":0,"ID":10}],[{"utility":0,"ID":2},{"utility":0,"ID":35}],[{"utility":0,"ID":9}],[{"utility":0,"ID":37},{"utility":57,"ID":38}],[],[],[],[],[],[],[],[],[],[],[],[],[],[],[],[],[],[],[],[]],"CORE :":false,"LAST PARTITION":{"22":9,"23":26,"24":11,"25":10,"26":4,"27":7,"28":11,"29":7,"30":1,"31":8,"10":21,"32":14,"11":20,"33":11,"12":5,"34":16,"13":20,"35":18,"14":25,"36":12,"15":13,"37":22,"16":3,"38":21,"17":19,"39":1,"18":17,"19":24,"1":24,"2":15,"3":22,"4":13,"5":17,"6":26,"7":16,"8":5,"9":25,"40":12,"20":6,"21":2}},{"STARTING PARTITION: ":{"22":17,"23":10,"24":4,"25":8,"26":18,"27":10,"28":4,"29":3,"30":2,"31":9,"10":5,"32":1,"11":18,"33":3,"12":10,"34":2,"13":1,"35":20,"14":8,"36":9,"15":5,"37":10,"16":17,"38":9,"17":3,"39":13,"18":2,"19":14,"1":5,"2":20,"3":10,"4":1,"5":11,"6":10,"7":18,"8":7,"9":19,"40":16,"20":4,"21":8},"Agents":[null,{"utility":92,"ID":1},{"utility":66,"ID":2},{"utility":84,"ID":3},{"utility":0,"ID":4},{"utility":98,"ID":5},{"utility":89,"ID":6},{"utility":92,"ID":7},{"utility":28,"ID":8},{"utility":98,"ID":9},{"utility":86,"ID":10},{"utility":65,"ID":11},{"utility":79,"ID":12},{"utility":0,"ID":13},{"utility":35,"ID":14},{"utility":0,"ID":15},{"utility":46,"ID":16},{"utility":25,"ID":17},{"utility":41,"ID":18},{"utility":64,"ID":19},{"utility":0,"ID":20},{"utility":0,"ID":21},{"utility":0,"ID":22},{"utility":28,"ID":23},{"utility":34,"ID":24},{"utility":55,"ID":25},{"utility":0,"ID":26},{"utility":0,"ID":27},{"utility":0,"ID":28},{"utility":5,"ID":29},{"utility":0,"ID":30},{"utility":68,"ID":31},{"utility":0,"ID":32},{"utility":4,"ID":33},{"utility":79,"ID":34},{"utility":0,"ID":35},{"utility":0,"ID":36},{"utility":49,"ID":37},{"utility":40,"ID":38},{"utility":0,"ID":39},{"utility":0,"ID":40}],"LAST COALITION":[[],[{"utility":0,"ID":32}],[{"utility":0,"ID":30}],[{"utility":5,"ID":29},{"utility":4,"ID":33}],[{"utility":34,"ID":24},{"utility":0,"ID":28}],[{"utility":89,"ID":6},{"utility":28,"ID":23}],[{"utility":86,"ID":10},{"utility":25,"ID":17}],[{"utility":0,"ID":21}],[],[{"utility":68,"ID":31},{"utility":40,"ID":38}],[{"utility":79,"ID":12},{"utility":0,"ID":27}],[{"utility":0,"ID":20}],[{"utility":84,"ID":3},{"utility":49,"ID":37}],[{"utility":0,"ID":39}],[{"utility":98,"ID":5},{"utility":41,"ID":18}],[{"utility":0,"ID":36}],[{"utility":0,"ID":40}],[{"utility":46,"ID":16},{"utility":0,"ID":22}],[{"utility":0,"ID":26}],[{"utility":98,"ID":9},{"utility":35,"ID":14}],[{"utility":0,"ID":35}],[{"utility":0,"ID":13}],[{"utility":92,"ID":1},{"utility":64,"ID":19}],[{"utility":66,"ID":2},{"utility":55,"ID":25}],[{"utility":92,"ID":7},{"utility":79,"ID":34}],[{"utility":0,"ID":15}],[],[{"utility":28,"ID":8},{"utility":65,"ID":11}],[{"utility":0,"ID":4}],[],[],[],[],[],[],[],[],[],[],[],[]],"STARTING COALITION: ":[[null],[{"utility":2.5,"ID":4},{"utility":29,"ID":13},{"utility":46.5,"ID":32}],[{"utility":27.5,"ID":18},{"utility":46,"ID":30},{"utility":14.5,"ID":34}],[{"utility":39.5,"ID":17},{"utility":41.5,"ID":29},{"utility":46.5,"ID":33}],[{"utility":48,"ID":20},{"utility":26.5,"ID":24},{"utility":0,"ID":28}],[{"utility":41,"ID":1},{"utility":2,"ID":10},{"utility":16.5,"ID":15}],[],[{"utility":0,"ID":8}],[{"utility":11,"ID":14},{"utility":40.5,"ID":21},{"utility":31.5,"ID":25}],[{"utility":74,"ID":31},{"utility":12,"ID":36},{"utility":20,"ID":38}],[{"utility":36.6,"ID":3},{"utility":45.2,"ID":6},{"utility":31.4,"ID":12},{"utility":22.8,"ID":23},{"utility":16.4,"ID":27},{"utility":24.4,"ID":37}],[{"utility":0,"ID":5}],[],[{"utility":0,"ID":39}],[{"utility":0,"ID":19}],[],[{"utility":0,"ID":40}],[{"utility":46,"ID":16},{"utility":0,"ID":22}],[{"utility":13.5,"ID":7},{"utility":8.5,"ID":11},{"utility":0,"ID":26}],[{"utility":0,"ID":9}],[{"utility":0,"ID":2},{"utility":0,"ID":35}],[],[],[],[],[],[],[],[],[],[],[],[],[],[],[],[],[],[],[],[]],"CORE :":false,"LAST PARTITION":{"22":17,"23":5,"24":4,"25":23,"26":18,"27":10,"28":4,"29":3,"30":2,"31":9,"10":6,"32":1,"11":27,"33":3,"12":10,"34":24,"13":21,"35":20,"14":19,"36":15,"15":25,"37":12,"16":17,"38":9,"17":6,"39":13,"18":14,"19":22,"1":22,"2":23,"3":12,"4":28,"5":14,"6":5,"7":24,"8":27,"9":19,"40":16,"20":11,"21":7}},{"STARTING PARTITION: ":{"22":5,"23":2,"24":17,"25":11,"26":8,"27":2,"28":17,"29":18,"30":20,"31":10,"10":15,"32":17,"11":8,"33":7,"12":11,"34":7,"13":19,"35":8,"14":20,"36":10,"15":11,"37":3,"16":7,"38":12,"17":6,"39":19,"18":6,"19":4,"1":12,"2":7,"3":6,"4":10,"5":4,"6":4,"7":9,"8":3,"9":20,"40":1,"20":12,"21":1},"Agents":[null,{"utility":92,"ID":1},{"utility":88,"ID":2},{"utility":84,"ID":3},{"utility":75,"ID":4},{"utility":98,"ID":5},{"utility":89,"ID":6},{"utility":92,"ID":7},{"utility":65,"ID":8},{"utility":98,"ID":9},{"utility":87,"ID":10},{"utility":53,"ID":11},{"utility":74,"ID":12},{"utility":0,"ID":13},{"utility":35,"ID":14},{"utility":73,"ID":15},{"utility":66,"ID":16},{"utility":0,"ID":17},{"utility":41,"ID":18},{"utility":64,"ID":19},{"utility":0,"ID":20},{"utility":60,"ID":21},{"utility":0,"ID":22},{"utility":28,"ID":23},{"utility":59,"ID":24},{"utility":0,"ID":25},{"utility":0,"ID":26},{"utility":0,"ID":27},{"utility":8,"ID":28},{"utility":0,"ID":29},{"utility":0,"ID":30},{"utility":80,"ID":31},{"utility":51.5,"ID":32},{"utility":0,"ID":33},{"utility":79,"ID":34},{"utility":0,"ID":35},{"utility":24,"ID":36},{"utility":49,"ID":37},{"utility":62,"ID":38},{"utility":0,"ID":39},{"utility":0,"ID":40}],"LAST COALITION":[[],[{"utility":60,"ID":21},{"utility":0,"ID":40}],[{"utility":0,"ID":27}],[{"utility":0,"ID":20}],[{"utility":92,"ID":7},{"utility":79,"ID":34}],[{"utility":0,"ID":22}],[{"utility":0,"ID":25}],[{"utility":66,"ID":16},{"utility":0,"ID":33}],[{"utility":0,"ID":26},{"utility":0,"ID":35}],[{"utility":98,"ID":5},{"utility":41,"ID":18}],[{"utility":80,"ID":31},{"utility":24,"ID":36}],[{"utility":75,"ID":4},{"utility":73,"ID":15}],[],[{"utility":0,"ID":17}],[{"utility":84,"ID":3},{"utility":49,"ID":37}],[{"utility":0,"ID":13}],[{"utility":92,"ID":1},{"utility":64,"ID":19}],[{"utility":59,"ID":24},{"utility":8,"ID":28},{"utility":51.5,"ID":32}],[{"utility":0,"ID":29}],[{"utility":0,"ID":39}],[{"utility":0,"ID":30}],[{"utility":88,"ID":2},{"utility":53,"ID":11}],[{"utility":98,"ID":9},{"utility":35,"ID":14}],[{"utility":65,"ID":8},{"utility":74,"ID":12}],[{"utility":89,"ID":6},{"utility":28,"ID":23}],[{"utility":87,"ID":10},{"utility":62,"ID":38}],[],[],[],[],[],[],[],[],[],[],[],[],[],[],[]],"STARTING COALITION: ":[[null],[{"utility":60,"ID":21},{"utility":0,"ID":40}],[{"utility":0,"ID":23},{"utility":0,"ID":27}],[{"utility":92,"ID":8},{"utility":17,"ID":37}],[{"utility":66,"ID":5},{"utility":70.5,"ID":6},{"utility":37.5,"ID":19}],[{"utility":0,"ID":22}],[{"utility":37,"ID":3},{"utility":53.5,"ID":17},{"utility":1,"ID":18}],[{"utility":30.333333333333332,"ID":2},{"utility":32.333333333333336,"ID":16},{"utility":0,"ID":33},{"utility":31,"ID":34}],[{"utility":11,"ID":11},{"utility":0,"ID":26},{"utility":47,"ID":35}],[{"utility":0,"ID":7}],[{"utility":47,"ID":4},{"utility":40,"ID":31},{"utility":48,"ID":36}],[{"utility":59.5,"ID":12},{"utility":0,"ID":15},{"utility":56.5,"ID":25}],[{"utility":30,"ID":1},{"utility":68,"ID":20},{"utility":78.5,"ID":38}],[],[],[{"utility":0,"ID":10}],[],[{"utility":59,"ID":24},{"utility":8,"ID":28},{"utility":51.5,"ID":32}],[{"utility":0,"ID":29}],[{"utility":16,"ID":13},{"utility":0,"ID":39}],[{"utility":76.5,"ID":9},{"utility":34,"ID":14},{"utility":0,"ID":30}],[],[],[],[],[],[],[],[],[],[],[],[],[],[],[],[],[],[],[],[]],"CORE :":false,"LAST PARTITION":{"22":5,"23":24,"24":17,"25":6,"26":8,"27":2,"28":17,"29":18,"30":20,"31":10,"10":25,"32":17,"11":21,"33":7,"12":23,"34":4,"13":15,"35":8,"14":22,"36":10,"15":11,"37":14,"16":7,"38":25,"17":13,"39":19,"18":9,"19":16,"1":16,"2":21,"3":14,"4":11,"5":9,"6":24,"7":4,"8":23,"9":22,"40":1,"20":3,"21":1}},{"END OF FILE:" : true}]