[{"STARTING PARTITION: ":{"22":8,"23":10,"24":2,"25":14,"26":19,"27":4,"28":15,"29":1,"30":2,"31":9,"10":5,"32":3,"11":19,"33":20,"12":9,"34":16,"13":17,"35":9,"14":7,"36":11,"15":2,"37":9,"16":8,"38":16,"17":4,"39":15,"18":19,"19":19,"1":14,"2":10,"3":20,"4":14,"5":4,"6":16,"7":15,"8":3,"9":6,"40":15,"20":14,"21":13},"Agents":[null,{"utility":79,"ID":1},{"utility":75,"ID":2},{"utility":97,"ID":3},{"utility":81,"ID":4},{"utility":86,"ID":5},{"utility":81,"ID":6},{"utility":34,"ID":7},{"utility":99,"ID":8},{"utility":92,"ID":9},{"utility":64,"ID":10},{"utility":84,"ID":11},{"utility":0,"ID":12},{"utility":0,"ID":13},{"utility":97,"ID":14},{"utility":0,"ID":15},{"utility":57,"ID":16},{"utility":41,"ID":17},{"utility":18,"ID":18},{"utility":0,"ID":19},{"utility":0,"ID":20},{"utility":0,"ID":21},{"utility":0,"ID":22},{"utility":98,"ID":23},{"utility":30,"ID":24},{"utility":3,"ID":25},{"utility":0,"ID":26},{"utility":0,"ID":27},{"utility":18,"ID":28},{"utility":74,"ID":29},{"utility":10,"ID":30},{"utility":98,"ID":31},{"utility":0,"ID":32},{"utility":0,"ID":33},{"utility":94,"ID":34},{"utility":0,"ID":35},{"utility":1,"ID":36},{"utility":27,"ID":37},{"utility":0,"ID":38},{"utility":15.5,"ID":39},{"utility":0,"ID":40}],"LAST COALITION":[[],[{"utility":64,"ID":10},{"utility":10,"ID":30}],[{"utility":0,"ID":15},{"utility":30,"ID":24}],[{"utility":81,"ID":4},{"utility":18,"ID":18}],[{"utility":0,"ID":27}],[],[{"utility":0,"ID":32}],[{"utility":92,"ID":9},{"utility":27,"ID":37}],[{"utility":84,"ID":11},{"utility":97,"ID":14}],[{"utility":0,"ID":35}],[{"utility":81,"ID":6},{"utility":98,"ID":31}],[{"utility":0,"ID":33}],[{"utility":0,"ID":12}],[{"utility":0,"ID":21}],[{"utility":0,"ID":20}],[{"utility":18,"ID":28},{"utility":15.5,"ID":39},{"utility":0,"ID":40}],[{"utility":94,"ID":34},{"utility":0,"ID":38}],[{"utility":0,"ID":13}],[{"utility":79,"ID":1},{"utility":41,"ID":17}],[{"utility":0,"ID":26}],[],[{"utility":0,"ID":22}],[{"utility":75,"ID":2},{"utility":1,"ID":36}],[{"utility":97,"ID":3},{"utility":3,"ID":25}],[{"utility":86,"ID":5},{"utility":98,"ID":23}],[{"utility":0,"ID":19}],[{"utility":99,"ID":8},{"utility":74,"ID":29}],[{"utility":34,"ID":7},{"utility":57,"ID":16}],[],[],[],[],[],[],[],[],[],[],[],[],[]],"STARTING COALITION: ":[[null],[{"utility":0,"ID":29}],[{"utility":26,"ID":15},{"utility":15,"ID":24},{"utility":0,"ID":30}],[{"utility":0,"ID":8},{"utility":0,"ID":32}],[{"utility":32,"ID":5},{"utility":0,"ID":17},{"utility":46,"ID":27}],[{"utility":0,"ID":10}],[{"utility":0,"ID":9}],[{"utility":0,"ID":14}],[{"utility":0,"ID":16},{"utility":0,"ID":22}],[{"utility":20,"ID":12},{"utility":19,"ID":31},{"utility":20.666666666666668,"ID":35},{"utility":10,"ID":37}],[{"utility":0,"ID":2},{"utility":67,"ID":23}],[{"utility":0,"ID":36}],[],[{"utility":0,"ID":21}],[{"utility":64,"ID":1},{"utility":31.333333333333332,"ID":4},{"utility":35.333333333333336,"ID":20},{"utility":0,"ID":25}],[{"utility":0,"ID":7},{"utility":12,"ID":28},{"utility":10.333333333333334,"ID":39},{"utility":0,"ID":40}],[{"utility":78.5,"ID":6},{"utility":47,"ID":34},{"utility":0,"ID":38}],[{"utility":0,"ID":13}],[],[{"utility":3.6666666666666665,"ID":11},{"utility":0,"ID":18},{"utility":27,"ID":19},{"utility":0,"ID":26}],[{"utility":0,"ID":3},{"utility":48,"ID":33}],[],[],[],[],[],[],[],[],[],[],[],[],[],[],[],[],[],[],[],[]],"CORE :":false,"LAST PARTITION":{"22":21,"23":24,"24":2,"25":23,"26":19,"27":4,"28":15,"29":26,"30":1,"31":10,"10":1,"32":6,"11":8,"33":11,"12":12,"34":16,"13":17,"35":9,"14":8,"36":22,"15":2,"37":7,"16":27,"38":16,"17":18,"39":15,"18":3,"19":25,"1":18,"2":22,"3":23,"4":3,"5":24,"6":10,"7":27,"8":26,"9":7,"40":15,"20":14,"21":13}},{"STARTING PARTITION: ":{"22":19,"23":5,"24":3,"25":8,"26":8,"27":8,"28":17,"29":4,"30":20,"31":9,"10":3,"32":20,"11":12,"33":16,"12":8,"34":6,"13":18,"35":16,"14":13,"36":17,"15":15,"37":10,"16":11,"38":8,"17":10,"39":12,"18":3,"19":14,"1":9,"2":20,"3":4,"4":20,"5":1,"6":14,"7":4,"8":5,"9":17,"40":7,"20":6,"21":18},"Agents":[null,{"utility":79,"ID":1},{"utility":5,"ID":2},{"utility":51,"ID":3},{"utility":81,"ID":4},{"utility":86,"ID":5},{"utility":81,"ID":6},{"utility":94,"ID":7},{"utility":63,"ID":8},{"utility":46,"ID":9},{"utility":0,"ID":10},{"utility":38,"ID":11},{"utility":12,"ID":12},{"utility":0,"ID":13},{"utility":0,"ID":14},{"utility":0,"ID":15},{"utility":0,"ID":16},{"utility":41,"ID":17},{"utility":18,"ID":18},{"utility":0,"ID":19},{"utility":0,"ID":20},{"utility":0,"ID":21},{"utility":0,"ID":22},{"utility":98,"ID":23},{"utility":0,"ID":24},{"utility":29,"ID":25},{"utility":31.25,"ID":26},{"utility":22,"ID":27},{"utility":0,"ID":28},{"utility":0,"ID":29},{"utility":24,"ID":30},{"utility":98,"ID":31},{"utility":69,"ID":32},{"utility":0,"ID":33},{"utility":50,"ID":34},{"utility":57,"ID":35},{"utility":53,"ID":36},{"utility":0,"ID":37},{"utility":25.25,"ID":38},{"utility":0,"ID":39},{"utility":0,"ID":40}],"LAST COALITION":[[],[{"utility":5,"ID":2},{"utility":38,"ID":11}],[{"utility":0,"ID":22}],[{"utility":0,"ID":10}],[{"utility":0,"ID":29}],[{"utility":0,"ID":13}],[{"utility":0,"ID":20},{"utility":50,"ID":34}],[{"utility":0,"ID":40}],[{"utility":12,"ID":12},{"utility":29,"ID":25},{"utility":31.25,"ID":26},{"utility":22,"ID":27},{"utility":25.25,"ID":38}],[{"utility":94,"ID":7},{"utility":63,"ID":8}],[{"utility":0,"ID":37}],[{"utility":0,"ID":16}],[{"utility":0,"ID":39}],[{"utility":0,"ID":24}],[{"utility":0,"ID":19}],[{"utility":0,"ID":15}],[{"utility":0,"ID":33},{"utility":57,"ID":35}],[{"utility":0,"ID":28},{"utility":53,"ID":36}],[{"utility":0,"ID":21}],[{"utility":86,"ID":5},{"utility":98,"ID":23}],[{"utility":24,"ID":30},{"utility":69,"ID":32}],[{"utility":79,"ID":1},{"utility":41,"ID":17}],[{"utility":81,"ID":4},{"utility":18,"ID":18}],[{"utility":0,"ID":14}],[{"utility":81,"ID":6},{"utility":98,"ID":31}],[],[{"utility":51,"ID":3},{"utility":46,"ID":9}],[],[],[],[],[],[],[],[],[],[],[],[],[],[]],"STARTING COALITION: ":[[null],[{"utility":0,"ID":5}],[],[{"utility":44,"ID":10},{"utility":0,"ID":18},{"utility":16.5,"ID":24}],[{"utility":54,"ID":3},{"utility":0,"ID":7},{"utility":0,"ID":29}],[{"utility":0,"ID":8},{"utility":49,"ID":23}],[{"utility":0,"ID":20},{"utility":50,"ID":34}],[{"utility":0,"ID":40}],[{"utility":12,"ID":12},{"utility":29,"ID":25},{"utility":31.25,"ID":26},{"utility":22,"ID":27},{"utility":25.25,"ID":38}],[{"utility":35,"ID":1},{"utility":0,"ID":31}],[{"utility":0,"ID":17},{"utility":21,"ID":37}],[{"utility":0,"ID":16}],[{"utility":28,"ID":11},{"utility":35,"ID":39}],[{"utility":0,"ID":14}],[{"utility":0,"ID":6},{"utility":82,"ID":19}],[{"utility":0,"ID":15}],[{"utility":0,"ID":33},{"utility":57,"ID":35}],[{"utility":16,"ID":9},{"utility":37.5,"ID":28},{"utility":26.5,"ID":36}],[{"utility":10,"ID":13},{"utility":57,"ID":21}],[{"utility":0,"ID":22}],[{"utility":40.666666666666664,"ID":2},{"utility":20,"ID":4},{"utility":8,"ID":30},{"utility":26.666666666666668,"ID":32}],[],[],[],[],[],[],[],[],[],[],[],[],[],[],[],[],[],[],[],[]],"CORE :":false,"LAST PARTITION":{"22":2,"23":19,"24":13,"25":8,"26":8,"27":8,"28":17,"29":4,"30":20,"31":24,"10":3,"32":20,"11":1,"33":16,"12":8,"34":6,"13":5,"35":16,"14":23,"36":17,"15":15,"37":10,"16":11,"38":8,"17":21,"39":12,"18":22,"19":14,"1":21,"2":1,"3":26,"4":22,"5":19,"6":24,"7":9,"8":9,"9":26,"40":7,"20":6,"21":18}},{"STARTING PARTITION: ":{"22":20,"23":9,"24":8,"25":13,"26":16,"27":12,"28":6,"29":17,"30":1,"31":18,"10":14,"32":12,"11":18,"33":9,"12":7,"34":3,"13":15,"35":9,"14":3,"36":19,"15":18,"37":4,"16":9,"38":9,"17":16,"39":11,"18":14,"19":5,"1":11,"2":2,"3":10,"4":6,"5":16,"6":20,"7":9,"8":2,"9":2,"40":18,"20":19,"21":9},"Agents":[null,{"utility":0,"ID":1},{"utility":75,"ID":2},{"utility":97,"ID":3},{"utility":81,"ID":4},{"utility":86,"ID":5},{"utility":81,"ID":6},{"utility":89,"ID":7},{"utility":99,"ID":8},{"utility":92,"ID":9},{"utility":64,"ID":10},{"utility":84,"ID":11},{"utility":0,"ID":12},{"utility":0,"ID":13},{"utility":97,"ID":14},{"utility":19,"ID":15},{"utility":0,"ID":16},{"utility":78,"ID":17},{"utility":18,"ID":18},{"utility":0,"ID":19},{"utility":0,"ID":20},{"utility":0,"ID":21},{"utility":0,"ID":22},{"utility":98,"ID":23},{"utility":0,"ID":24},{"utility":3,"ID":25},{"utility":0,"ID":26},{"utility":0,"ID":27},{"utility":0,"ID":28},{"utility":74,"ID":29},{"utility":10,"ID":30},{"utility":98,"ID":31},{"utility":27,"ID":32},{"utility":0,"ID":33},{"utility":0,"ID":34},{"utility":75,"ID":35},{"utility":1,"ID":36},{"utility":27,"ID":37},{"utility":46.5,"ID":38},{"utility":0,"ID":39},{"utility":38,"ID":40}],"LAST COALITION":[[],[{"utility":0,"ID":33}],[{"utility":84,"ID":11},{"utility":97,"ID":14}],[{"utility":92,"ID":9},{"utility":27,"ID":37}],[{"utility":0,"ID":22}],[{"utility":75,"ID":2},{"utility":1,"ID":36}],[{"utility":0,"ID":28}],[{"utility":81,"ID":4},{"utility":18,"ID":18}],[{"utility":0,"ID":19}],[{"utility":0,"ID":21},{"utility":75,"ID":35},{"utility":46.5,"ID":38}],[{"utility":64,"ID":10},{"utility":10,"ID":30}],[{"utility":81,"ID":6},{"utility":98,"ID":31}],[{"utility":0,"ID":27},{"utility":27,"ID":32}],[{"utility":86,"ID":5},{"utility":98,"ID":23}],[{"utility":0,"ID":34}],[{"utility":0,"ID":12}],[{"utility":0,"ID":26}],[{"utility":89,"ID":7},{"utility":78,"ID":17}],[{"utility":19,"ID":15},{"utility":38,"ID":40}],[{"utility":0,"ID":20}],[{"utility":0,"ID":24}],[{"utility":99,"ID":8},{"utility":74,"ID":29}],[{"utility":0,"ID":1}],[{"utility":0,"ID":13}],[{"utility":0,"ID":39}],[{"utility":97,"ID":3},{"utility":3,"ID":25}],[{"utility":0,"ID":16}],[],[],[],[],[],[],[],[],[],[],[],[],[],[]],"STARTING COALITION: ":[[null],[{"utility":0,"ID":30}],[{"utility":31.5,"ID":2},{"utility":18,"ID":8},{"utility":32,"ID":9}],[{"utility":0,"ID":14},{"utility":0,"ID":34}],[{"utility":0,"ID":37}],[{"utility":0,"ID":19}],[{"utility":10,"ID":4},{"utility":0,"ID":28}],[{"utility":0,"ID":12}],[{"utility":0,"ID":24}],[{"utility":48.666666666666664,"ID":7},{"utility":25.833333333333332,"ID":16},{"utility":43,"ID":21},{"utility":10.833333333333334,"ID":23},{"utility":15.666666666666666,"ID":33},{"utility":45.833333333333336,"ID":35},{"utility":19.666666666666668,"ID":38}],[{"utility":0,"ID":3}],[{"utility":0,"ID":1},{"utility":0,"ID":39}],[{"utility":0,"ID":27},{"utility":27,"ID":32}],[{"utility":0,"ID":25}],[{"utility":19,"ID":10},{"utility":0,"ID":18}],[{"utility":0,"ID":13}],[{"utility":26.5,"ID":5},{"utility":0,"ID":17},{"utility":0,"ID":26}],[{"utility":0,"ID":29}],[{"utility":0,"ID":11},{"utility":6.333333333333333,"ID":15},{"utility":19.333333333333332,"ID":31},{"utility":57.333333333333336,"ID":40}],[{"utility":0,"ID":20},{"utility":0,"ID":36}],[{"utility":81,"ID":6},{"utility":0,"ID":22}],[],[],[],[],[],[],[],[],[],[],[],[],[],[],[],[],[],[],[],[]],"CORE :":false,"LAST PARTITION":{"22":4,"23":13,"24":20,"25":25,"26":16,"27":12,"28":6,"29":21,"30":10,"31":11,"10":10,"32":12,"11":2,"33":1,"12":15,"34":14,"13":23,"35":9,"14":2,"36":5,"15":18,"37":3,"16":26,"38":9,"17":17,"39":24,"18":7,"19":8,"1":22,"2":5,"3":25,"4":7,"5":13,"6":11,"7":17,"8":21,"9":3,"40":18,"20":19,"21":9}},{"STARTING PARTITION: ":{"22":12,"23":12,"24":5,"25":5,"26":10,"27":6,"28":12,"29":13,"30":19,"31":19,"10":17,"32":5,"11":2,"33":8,"12":12,"34":6,"13":18,"35":15,"14":4,"36":9,"15":10,"37":11,"16":10,"38":1,"17":1,"39":4,"18":7,"19":10,"1":16,"2":7,"3":4,"4":6,"5":8,"6":2,"7":5,"8":18,"9":14,"40":2,"20":16,"21":16},"Agents":[null,{"utility":77,"ID":1},{"utility":75,"ID":2},{"utility":97,"ID":3},{"utility":81,"ID":4},{"utility":86,"ID":5},{"utility":81,"ID":6},{"utility":90,"ID":7},{"utility":99,"ID":8},{"utility":92,"ID":9},{"utility":64,"ID":10},{"utility":38,"ID":11},{"utility":51,"ID":12},{"utility":0,"ID":13},{"utility":54,"ID":14},{"utility":0,"ID":15},{"utility":0,"ID":16},{"utility":0,"ID":17},{"utility":18,"ID":18},{"utility":0,"ID":19},{"utility":8,"ID":20},{"utility":31,"ID":21},{"utility":0,"ID":22},{"utility":98,"ID":23},{"utility":0,"ID":24},{"utility":3,"ID":25},{"utility":50,"ID":26},{"utility":0,"ID":27},{"utility":0,"ID":28},{"utility":74,"ID":29},{"utility":10,"ID":30},{"utility":98,"ID":31},{"utility":0,"ID":32},{"utility":96,"ID":33},{"utility":0,"ID":34},{"utility":0,"ID":35},{"utility":1,"ID":36},{"utility":27,"ID":37},{"utility":0,"ID":38},{"utility":0,"ID":39},{"utility":0,"ID":40}],"LAST COALITION":[[],[{"utility":0,"ID":38}],[{"utility":0,"ID":40}],[{"utility":81,"ID":4},{"utility":18,"ID":18}],[{"utility":0,"ID":24}],[{"utility":0,"ID":32}],[{"utility":0,"ID":27}],[{"utility":0,"ID":17}],[],[{"utility":86,"ID":5},{"utility":98,"ID":23}],[{"utility":0,"ID":15},{"utility":50,"ID":26}],[{"utility":0,"ID":22}],[{"utility":0,"ID":28}],[{"utility":64,"ID":10},{"utility":10,"ID":30}],[{"utility":75,"ID":2},{"utility":1,"ID":36}],[{"utility":0,"ID":35}],[{"utility":8,"ID":20},{"utility":31,"ID":21}],[{"utility":90,"ID":7},{"utility":38,"ID":11}],[{"utility":0,"ID":34}],[{"utility":77,"ID":1},{"utility":96,"ID":33}],[{"utility":51,"ID":12},{"utility":54,"ID":14}],[{"utility":0,"ID":13}],[{"utility":92,"ID":9},{"utility":27,"ID":37}],[{"utility":0,"ID":39}],[{"utility":0,"ID":19}],[{"utility":81,"ID":6},{"utility":98,"ID":31}],[{"utility":97,"ID":3},{"utility":3,"ID":25}],[{"utility":99,"ID":8},{"utility":74,"ID":29}],[],[{"utility":0,"ID":16}],[],[],[],[],[],[],[],[],[],[],[]],"STARTING COALITION: ":[[null],[{"utility":0,"ID":17},{"utility":17,"ID":38}],[{"utility":0,"ID":6},{"utility":0,"ID":11},{"utility":41.5,"ID":40}],[],[{"utility":31,"ID":3},{"utility":10,"ID":14},{"utility":44.5,"ID":39}],[{"utility":29,"ID":7},{"utility":30,"ID":24},{"utility":5.666666666666667,"ID":25},{"utility":18.333333333333332,"ID":32}],[{"utility":28.5,"ID":4},{"utility":29.5,"ID":27},{"utility":34.5,"ID":34}],[{"utility":0,"ID":2},{"utility":0,"ID":18}],[{"utility":60,"ID":5},{"utility":22,"ID":33}],[{"utility":0,"ID":36}],[{"utility":17,"ID":15},{"utility":10,"ID":16},{"utility":20.666666666666668,"ID":19},{"utility":16.666666666666668,"ID":26}],[{"utility":0,"ID":37}],[{"utility":25.666666666666668,"ID":12},{"utility":45,"ID":22},{"utility":16,"ID":23},{"utility":23.666666666666668,"ID":28}],[{"utility":0,"ID":29}],[{"utility":0,"ID":9}],[{"utility":0,"ID":35}],[{"utility":55.5,"ID":1},{"utility":4,"ID":20},{"utility":15.5,"ID":21}],[{"utility":0,"ID":10}],[{"utility":89,"ID":8},{"utility":28,"ID":13}],[{"utility":83,"ID":30},{"utility":94,"ID":31}],[],[],[],[],[],[],[],[],[],[],[],[],[],[],[],[],[],[],[],[],[]],"CORE :":false,"LAST PARTITION":{"22":11,"23":9,"24":4,"25":26,"26":10,"27":6,"28":12,"29":27,"30":13,"31":25,"10":13,"32":5,"11":17,"33":19,"12":20,"34":18,"13":21,"35":15,"14":20,"36":14,"15":10,"37":22,"16":29,"38":1,"17":7,"39":23,"18":3,"19":24,"1":19,"2":14,"3":26,"4":3,"5":9,"6":25,"7":17,"8":27,"9":22,"40":2,"20":16,"21":16}},{"STARTING PARTITION: ":{"22":18,"23":18,"24":7,"25":14,"26":13,"27":8,"28":11,"29":6,"30":3,"31":19,"10":7,"32":16,"11":14,"33":15,"12":5,"34":14,"13":5,"35":9,"14":18,"36":13,"15":19,"37":2,"16":12,"38":4,"17":1,"39":5,"18":8,"19":14,"1":19,"2":4,"3":3,"4":6,"5":5,"6":18,"7":11,"8":1,"9":17,"40":5,"20":2,"21":19},"Agents":[null,{"utility":0,"ID":1},{"utility":75,"ID":2},{"utility":55,"ID":3},{"utility":48,"ID":4},{"utility":86,"ID":5},{"utility":81,"ID":6},{"utility":0,"ID":7},{"utility":35,"ID":8},{"utility":0,"ID":9},{"utility":69,"ID":10},{"utility":24,"ID":11},{"utility":21.333333333333332,"ID":12},{"utility":40,"ID":13},{"utility":0,"ID":14},{"utility":0,"ID":15},{"utility":0,"ID":16},{"utility":58,"ID":17},{"utility":80,"ID":18},{"utility":33.666666666666664,"ID":19},{"utility":0,"ID":20},{"utility":23,"ID":21},{"utility":0,"ID":22},{"utility":98,"ID":23},{"utility":0,"ID":24},{"utility":24.666666666666668,"ID":25},{"utility":0,"ID":26},{"utility":57,"ID":27},{"utility":0,"ID":28},{"utility":0,"ID":29},{"utility":0,"ID":30},{"utility":23,"ID":31},{"utility":0,"ID":32},{"utility":0,"ID":33},{"utility":22,"ID":34},{"utility":0,"ID":35},{"utility":1,"ID":36},{"utility":0,"ID":37},{"utility":0,"ID":38},{"utility":22,"ID":39},{"utility":37,"ID":40}],"LAST COALITION":[[],[{"utility":0,"ID":14}],[{"utility":0,"ID":20},{"utility":0,"ID":37}],[{"utility":0,"ID":30}],[{"utility":0,"ID":38}],[{"utility":21.333333333333332,"ID":12},{"utility":40,"ID":13},{"utility":22,"ID":39},{"utility":37,"ID":40}],[{"utility":0,"ID":29}],[{"utility":69,"ID":10},{"utility":0,"ID":24}],[{"utility":80,"ID":18},{"utility":57,"ID":27}],[{"utility":0,"ID":35}],[{"utility":0,"ID":1}],[{"utility":0,"ID":7},{"utility":0,"ID":28}],[{"utility":0,"ID":16}],[{"utility":0,"ID":26}],[{"utility":24,"ID":11},{"utility":33.666666666666664,"ID":19},{"utility":24.666666666666668,"ID":25},{"utility":22,"ID":34}],[{"utility":0,"ID":33}],[{"utility":75,"ID":2},{"utility":1,"ID":36}],[{"utility":0,"ID":32}],[{"utility":81,"ID":6},{"utility":0,"ID":22}],[{"utility":0,"ID":15},{"utility":23,"ID":21},{"utility":23,"ID":31}],[{"utility":86,"ID":5},{"utility":98,"ID":23}],[{"utility":0,"ID":9}],[{"utility":55,"ID":3},{"utility":35,"ID":8}],[{"utility":48,"ID":4},{"utility":58,"ID":17}],[],[],[],[],[],[],[],[],[],[],[],[],[],[],[],[],[]],"STARTING COALITION: ":[[null],[{"utility":0,"ID":8},{"utility":0,"ID":17}],[{"utility":0,"ID":20},{"utility":0,"ID":37}],[{"utility":8,"ID":3},{"utility":11,"ID":30}],[{"utility":0,"ID":2},{"utility":48,"ID":38}],[{"utility":24,"ID":5},{"utility":28.75,"ID":12},{"utility":45.5,"ID":13},{"utility":16.5,"ID":39},{"utility":43.5,"ID":40}],[{"utility":0,"ID":4},{"utility":84,"ID":29}],[{"utility":69,"ID":10},{"utility":0,"ID":24}],[{"utility":80,"ID":18},{"utility":57,"ID":27}],[{"utility":0,"ID":35}],[],[{"utility":0,"ID":7},{"utility":0,"ID":28}],[{"utility":0,"ID":16}],[{"utility":80,"ID":26},{"utility":0,"ID":36}],[{"utility":24,"ID":11},{"utility":33.666666666666664,"ID":19},{"utility":24.666666666666668,"ID":25},{"utility":22,"ID":34}],[{"utility":0,"ID":33}],[{"utility":0,"ID":32}],[{"utility":0,"ID":9}],[{"utility":35,"ID":6},{"utility":15.333333333333334,"ID":14},{"utility":28.666666666666668,"ID":22},{"utility":27.333333333333332,"ID":23}],[{"utility":43.333333333333336,"ID":1},{"utility":0,"ID":15},{"utility":15.333333333333334,"ID":21},{"utility":15.333333333333334,"ID":31}],[],[],[],[],[],[],[],[],[],[],[],[],[],[],[],[],[],[],[],[],[]],"CORE :":false,"LAST PARTITION":{"22":18,"23":20,"24":7,"25":14,"26":13,"27":8,"28":11,"29":6,"30":3,"31":19,"10":7,"32":17,"11":14,"33":15,"12":5,"34":14,"13":5,"35":9,"14":1,"36":16,"15":19,"37":2,"16":12,"38":4,"17":23,"39":5,"18":8,"19":14,"1":10,"2":16,"3":22,"4":23,"5":20,"6":18,"7":11,"8":22,"9":21,"40":5,"20":2,"21":19}},{"STARTING PARTITION: ":{"22":17,"23":19,"24":7,"25":6,"26":17,"27":8,"28":16,"29":10,"30":5,"31":17,"10":16,"32":19,"11":6,"33":13,"12":8,"34":6,"13":13,"35":15,"14":7,"36":5,"15":17,"37":13,"16":17,"38":18,"17":1,"39":9,"18":4,"19":11,"1":4,"2":11,"3":11,"4":14,"5":17,"6":8,"7":20,"8":13,"9":9,"40":15,"20":2,"21":12},"Agents":[null,{"utility":0,"ID":1},{"utility":75,"ID":2},{"utility":97,"ID":3},{"utility":81,"ID":4},{"utility":86,"ID":5},{"utility":81,"ID":6},{"utility":89,"ID":7},{"utility":99,"ID":8},{"utility":92,"ID":9},{"utility":64,"ID":10},{"utility":84,"ID":11},{"utility":0,"ID":12},{"utility":0,"ID":13},{"utility":97,"ID":14},{"utility":0,"ID":15},{"utility":0,"ID":16},{"utility":78,"ID":17},{"utility":18,"ID":18},{"utility":0,"ID":19},{"utility":0,"ID":20},{"utility":0,"ID":21},{"utility":0,"ID":22},{"utility":98,"ID":23},{"utility":0,"ID":24},{"utility":3,"ID":25},{"utility":50,"ID":26},{"utility":0,"ID":27},{"utility":0,"ID":28},{"utility":74,"ID":29},{"utility":10,"ID":30},{"utility":98,"ID":31},{"utility":0,"ID":32},{"utility":0,"ID":33},{"utility":0,"ID":34},{"utility":64,"ID":35},{"utility":1,"ID":36},{"utility":27,"ID":37},{"utility":0,"ID":38},{"utility":0,"ID":39},{"utility":0,"ID":40}],"LAST COALITION":[[],[{"utility":0,"ID":12}],[{"utility":0,"ID":20}],[{"utility":84,"ID":11},{"utility":97,"ID":14}],[{"utility":0,"ID":32}],[{"utility":0,"ID":1}],[{"utility":92,"ID":9},{"utility":27,"ID":37}],[{"utility":81,"ID":6},{"utility":98,"ID":31}],[{"utility":0,"ID":27}],[{"utility":86,"ID":5},{"utility":98,"ID":23}],[{"utility":64,"ID":10},{"utility":10,"ID":30}],[{"utility":99,"ID":8},{"utility":74,"ID":29}],[{"utility":0,"ID":21}],[{"utility":0,"ID":13}],[{"utility":0,"ID":39}],[{"utility":64,"ID":35},{"utility":0,"ID":40}],[{"utility":0,"ID":28}],[{"utility":0,"ID":15},{"utility":50,"ID":26}],[{"utility":0,"ID":38}],[{"utility":89,"ID":7},{"utility":78,"ID":17}],[{"utility":81,"ID":4},{"utility":18,"ID":18}],[{"utility":0,"ID":33}],[{"utility":0,"ID":16}],[{"utility":0,"ID":34}],[{"utility":0,"ID":19}],[{"utility":0,"ID":24}],[{"utility":97,"ID":3},{"utility":3,"ID":25}],[{"utility":0,"ID":22}],[{"utility":75,"ID":2},{"utility":1,"ID":36}],[],[],[],[],[],[],[],[],[],[],[],[]],"STARTING COALITION: ":[[null],[{"utility":0,"ID":17}],[{"utility":0,"ID":20}],[],[{"utility":0,"ID":1},{"utility":0,"ID":18}],[{"utility":0,"ID":30},{"utility":98,"ID":36}],[{"utility":36,"ID":11},{"utility":27,"ID":25},{"utility":0.5,"ID":34}],[{"utility":5,"ID":14},{"utility":94,"ID":24}],[{"utility":0,"ID":6},{"utility":9,"ID":12},{"utility":0,"ID":27}],[{"utility":0,"ID":9},{"utility":0,"ID":39}],[{"utility":0,"ID":29}],[{"utility":24.5,"ID":2},{"utility":5.5,"ID":3},{"utility":9.5,"ID":19}],[{"utility":0,"ID":21}],[{"utility":29.666666666666668,"ID":8},{"utility":27.666666666666668,"ID":13},{"utility":23.333333333333332,"ID":33},{"utility":0,"ID":37}],[{"utility":0,"ID":4}],[{"utility":64,"ID":35},{"utility":0,"ID":40}],[{"utility":31,"ID":10},{"utility":0,"ID":28}],[{"utility":14,"ID":5},{"utility":14,"ID":15},{"utility":6,"ID":16},{"utility":19.6,"ID":22},{"utility":10,"ID":26},{"utility":24.6,"ID":31}],[{"utility":0,"ID":38}],[{"utility":31,"ID":23},{"utility":71,"ID":32}],[{"utility":0,"ID":7}],[],[],[],[],[],[],[],[],[],[],[],[],[],[],[],[],[],[],[],[]],"CORE :":false,"LAST PARTITION":{"22":27,"23":9,"24":25,"25":26,"26":17,"27":8,"28":16,"29":11,"30":10,"31":7,"10":10,"32":4,"11":3,"33":21,"12":1,"34":23,"13":13,"35":15,"14":3,"36":28,"15":17,"37":6,"16":22,"38":18,"17":19,"39":14,"18":20,"19":24,"1":5,"2":28,"3":26,"4":20,"5":9,"6":7,"7":19,"8":11,"9":6,"40":15,"20":2,"21":12}},{"STARTING PARTITION: ":{"22":3,"23":13,"24":17,"25":5,"26":3,"27":11,"28":17,"29":14,"30":7,"31":6,"10":17,"32":2,"11":20,"33":8,"12":10,"34":7,"13":5,"35":19,"14":1,"36":8,"15":10,"37":14,"16":9,"38":20,"17":6,"39":20,"18":19,"19":20,"1":16,"2":9,"3":11,"4":3,"5":7,"6":7,"7":5,"8":1,"9":8,"40":8,"20":5,"21":10},"Agents":[null,{"utility":77,"ID":1},{"utility":71,"ID":2},{"utility":62,"ID":3},{"utility":71,"ID":4},{"utility":86,"ID":5},{"utility":81,"ID":6},{"utility":21,"ID":7},{"utility":99,"ID":8},{"utility":92,"ID":9},{"utility":64,"ID":10},{"utility":0,"ID":11},{"utility":20,"ID":12},{"utility":71,"ID":13},{"utility":98,"ID":14},{"utility":84,"ID":15},{"utility":63,"ID":16},{"utility":88,"ID":17},{"utility":80,"ID":18},{"utility":0,"ID":19},{"utility":0,"ID":20},{"utility":74,"ID":21},{"utility":0,"ID":22},{"utility":98,"ID":23},{"utility":96,"ID":24},{"utility":27,"ID":25},{"utility":0,"ID":26},{"utility":57,"ID":27},{"utility":0,"ID":28},{"utility":74,"ID":29},{"utility":10,"ID":30},{"utility":98,"ID":31},{"utility":11,"ID":32},{"utility":96,"ID":33},{"utility":0,"ID":34},{"utility":71,"ID":35},{"utility":26,"ID":36},{"utility":27,"ID":37},{"utility":0,"ID":38},{"utility":5,"ID":39},{"utility":79,"ID":40}],"LAST COALITION":[[],[{"utility":81,"ID":6},{"utility":98,"ID":31}],[{"utility":71,"ID":13},{"utility":71,"ID":35}],[{"utility":0,"ID":26}],[{"utility":80,"ID":18},{"utility":57,"ID":27}],[{"utility":0,"ID":20}],[{"utility":0,"ID":34}],[{"utility":62,"ID":3},{"utility":5,"ID":39}],[{"utility":64,"ID":10},{"utility":10,"ID":30}],[{"utility":77,"ID":1},{"utility":96,"ID":33}],[{"utility":84,"ID":15},{"utility":27,"ID":25}],[{"utility":20,"ID":12},{"utility":63,"ID":16}],[{"utility":21,"ID":7},{"utility":74,"ID":21}],[{"utility":88,"ID":17},{"utility":79,"ID":40}],[{"utility":98,"ID":14},{"utility":26,"ID":36}],[{"utility":86,"ID":5},{"utility":98,"ID":23}],[{"utility":0,"ID":38}],[{"utility":0,"ID":28}],[{"utility":0,"ID":19}],[{"utility":71,"ID":4},{"utility":96,"ID":24}],[{"utility":0,"ID":11}],[{"utility":0,"ID":22}],[],[],[{"utility":71,"ID":2},{"utility":11,"ID":32}],[{"utility":99,"ID":8},{"utility":74,"ID":29}],[],[{"utility":92,"ID":9},{"utility":27,"ID":37}],[],[],[],[],[],[],[],[],[],[],[],[],[]],"STARTING COALITION: ":[[null],[{"utility":79,"ID":8},{"utility":53,"ID":14}],[{"utility":0,"ID":32}],[{"utility":33.5,"ID":4},{"utility":0,"ID":22},{"utility":19,"ID":26}],[],[{"utility":43,"ID":7},{"utility":0,"ID":13},{"utility":3.6666666666666665,"ID":20},{"utility":0,"ID":25}],[{"utility":43,"ID":17},{"utility":17,"ID":31}],[{"utility":46,"ID":5},{"utility":45.666666666666664,"ID":6},{"utility":13.333333333333334,"ID":30},{"utility":9.333333333333334,"ID":34}],[{"utility":8.666666666666666,"ID":9},{"utility":25.666666666666668,"ID":33},{"utility":22,"ID":36},{"utility":10.333333333333334,"ID":40}],[{"utility":0,"ID":2},{"utility":0,"ID":16}],[{"utility":42.5,"ID":12},{"utility":35.5,"ID":15},{"utility":23,"ID":21}],[{"utility":89,"ID":3},{"utility":0,"ID":27}],[],[{"utility":0,"ID":23}],[{"utility":44,"ID":29},{"utility":45,"ID":37}],[],[{"utility":0,"ID":1}],[{"utility":50,"ID":10},{"utility":0,"ID":24},{"utility":2.5,"ID":28}],[],[{"utility":39,"ID":18},{"utility":0,"ID":35}],[{"utility":33.666666666666664,"ID":11},{"utility":38,"ID":19},{"utility":0,"ID":38},{"utility":29,"ID":39}],[],[],[],[],[],[],[],[],[],[],[],[],[],[],[],[],[],[],[],[]],"CORE :":false,"LAST PARTITION":{"22":21,"23":15,"24":19,"25":10,"26":3,"27":4,"28":17,"29":25,"30":8,"31":1,"10":8,"32":24,"11":20,"33":9,"12":11,"34":6,"13":2,"35":2,"14":14,"36":14,"15":10,"37":27,"16":11,"38":16,"17":13,"39":7,"18":4,"19":18,"1":9,"2":24,"3":7,"4":19,"5":15,"6":1,"7":12,"8":25,"9":27,"40":13,"20":5,"21":12}},{"STARTING PARTITION: ":{"22":20,"23":15,"24":12,"25":8,"26":6,"27":13,"28":11,"29":2,"30":1,"31":16,"10":19,"32":8,"11":13,"33":4,"12":13,"34":19,"13":18,"35":8,"14":9,"36":12,"15":5,"37":7,"16":10,"38":2,"17":10,"39":1,"18":12,"19":4,"1":14,"2":12,"3":15,"4":9,"5":1,"6":5,"7":13,"8":13,"9":12,"40":3,"20":6,"21":13},"Agents":[null,{"utility":79,"ID":1},{"utility":75,"ID":2},{"utility":97,"ID":3},{"utility":81,"ID":4},{"utility":86,"ID":5},{"utility":81,"ID":6},{"utility":0,"ID":7},{"utility":99,"ID":8},{"utility":92,"ID":9},{"utility":59,"ID":10},{"utility":84,"ID":11},{"utility":0,"ID":12},{"utility":0,"ID":13},{"utility":97,"ID":14},{"utility":0,"ID":15},{"utility":0,"ID":16},{"utility":41,"ID":17},{"utility":18,"ID":18},{"utility":0,"ID":19},{"utility":0,"ID":20},{"utility":0,"ID":21},{"utility":0,"ID":22},{"utility":98,"ID":23},{"utility":0,"ID":24},{"utility":3,"ID":25},{"utility":84,"ID":26},{"utility":0,"ID":27},{"utility":0,"ID":28},{"utility":74,"ID":29},{"utility":98,"ID":30},{"utility":98,"ID":31},{"utility":0,"ID":32},{"utility":0,"ID":33},{"utility":12,"ID":34},{"utility":0,"ID":35},{"utility":1,"ID":36},{"utility":27,"ID":37},{"utility":0,"ID":38},{"utility":0,"ID":39},{"utility":0,"ID":40}],"LAST COALITION":[[],[{"utility":98,"ID":30},{"utility":0,"ID":39}],[{"utility":0,"ID":38}],[{"utility":0,"ID":40}],[{"utility":0,"ID":32}],[{"utility":0,"ID":15}],[{"utility":0,"ID":20},{"utility":84,"ID":26}],[{"utility":0,"ID":22}],[{"utility":0,"ID":35}],[{"utility":0,"ID":13}],[{"utility":84,"ID":11},{"utility":97,"ID":14}],[{"utility":0,"ID":28}],[{"utility":0,"ID":24}],[{"utility":0,"ID":21},{"utility":0,"ID":27}],[{"utility":0,"ID":33}],[{"utility":81,"ID":6},{"utility":98,"ID":31}],[{"utility":0,"ID":19}],[{"utility":99,"ID":8},{"utility":74,"ID":29}],[{"utility":0,"ID":7}],[{"utility":92,"ID":9},{"utility":27,"ID":37}],[{"utility":86,"ID":5},{"utility":98,"ID":23}],[{"utility":0,"ID":12}],[{"utility":59,"ID":10},{"utility":12,"ID":34}],[{"utility":79,"ID":1},{"utility":41,"ID":17}],[{"utility":81,"ID":4},{"utility":18,"ID":18}],[{"utility":75,"ID":2},{"utility":1,"ID":36}],[{"utility":97,"ID":3},{"utility":3,"ID":25}],[{"utility":0,"ID":16}],[],[],[],[],[],[],[],[],[],[],[],[],[]],"STARTING COALITION: ":[[null],[{"utility":62.5,"ID":5},{"utility":49,"ID":30},{"utility":0,"ID":39}],[{"utility":0,"ID":29},{"utility":0,"ID":38}],[{"utility":0,"ID":40}],[{"utility":43,"ID":19},{"utility":0,"ID":33}],[{"utility":70,"ID":6},{"utility":0,"ID":15}],[{"utility":0,"ID":20},{"utility":84,"ID":26}],[{"utility":0,"ID":37}],[{"utility":8.5,"ID":25},{"utility":0,"ID":32},{"utility":0,"ID":35}],[{"utility":33,"ID":4},{"utility":57,"ID":14}],[{"utility":0,"ID":16},{"utility":74,"ID":17}],[{"utility":0,"ID":28}],[{"utility":39,"ID":2},{"utility":34.25,"ID":9},{"utility":0.75,"ID":18},{"utility":8.25,"ID":24},{"utility":13,"ID":36}],[{"utility":43.4,"ID":7},{"utility":35.4,"ID":8},{"utility":46.8,"ID":11},{"utility":2.6,"ID":12},{"utility":42.2,"ID":21},{"utility":38,"ID":27}],[{"utility":0,"ID":1}],[{"utility":0,"ID":3},{"utility":75,"ID":23}],[{"utility":0,"ID":31}],[],[{"utility":0,"ID":13}],[{"utility":59,"ID":10},{"utility":12,"ID":34}],[{"utility":0,"ID":22}],[],[],[],[],[],[],[],[],[],[],[],[],[],[],[],[],[],[],[],[]],"CORE :":false,"LAST PARTITION":{"22":7,"23":20,"24":12,"25":26,"26":6,"27":13,"28":11,"29":17,"30":1,"31":15,"10":22,"32":4,"11":10,"33":14,"12":21,"34":22,"13":9,"35":8,"14":10,"36":25,"15":5,"37":19,"16":27,"38":2,"17":23,"39":1,"18":24,"19":16,"1":23,"2":25,"3":26,"4":24,"5":20,"6":15,"7":18,"8":17,"9":19,"40":3,"20":6,"21":13}},{"STARTING PARTITION: ":{"22":16,"23":17,"24":9,"25":19,"26":1,"27":11,"28":19,"29":7,"30":19,"31":16,"10":15,"32":4,"11":7,"33":15,"12":4,"34":2,"13":10,"35":7,"14":12,"36":20,"15":5,"37":1,"16":1,"38":6,"17":13,"39":4,"18":8,"19":7,"1":7,"2":9,"3":5,"4":6,"5":14,"6":12,"7":4,"8":12,"9":7,"40":11,"20":11,"21":7},"Agents":[null,{"utility":77,"ID":1},{"utility":71,"ID":2},{"utility":62,"ID":3},{"utility":71,"ID":4},{"utility":86,"ID":5},{"utility":81,"ID":6},{"utility":0,"ID":7},{"utility":99,"ID":8},{"utility":92,"ID":9},{"utility":64,"ID":10},{"utility":47,"ID":11},{"utility":20,"ID":12},{"utility":71,"ID":13},{"utility":98,"ID":14},{"utility":84,"ID":15},{"utility":63,"ID":16},{"utility":88,"ID":17},{"utility":80,"ID":18},{"utility":0,"ID":19},{"utility":0,"ID":20},{"utility":47,"ID":21},{"utility":0,"ID":22},{"utility":98,"ID":23},{"utility":96,"ID":24},{"utility":27,"ID":25},{"utility":0,"ID":26},{"utility":57,"ID":27},{"utility":0,"ID":28},{"utility":74,"ID":29},{"utility":10,"ID":30},{"utility":98,"ID":31},{"utility":11,"ID":32},{"utility":96,"ID":33},{"utility":0,"ID":34},{"utility":71,"ID":35},{"utility":26,"ID":36},{"utility":27,"ID":37},{"utility":0,"ID":38},{"utility":5,"ID":39},{"utility":79,"ID":40}],"LAST COALITION":[[],[{"utility":0,"ID":26}],[{"utility":92,"ID":9},{"utility":27,"ID":37}],[{"utility":71,"ID":2},{"utility":11,"ID":32}],[{"utility":80,"ID":18},{"utility":57,"ID":27}],[{"utility":84,"ID":15},{"utility":27,"ID":25}],[{"utility":47,"ID":11},{"utility":47,"ID":21}],[{"utility":98,"ID":14},{"utility":26,"ID":36}],[{"utility":86,"ID":5},{"utility":98,"ID":23}],[{"utility":77,"ID":1},{"utility":96,"ID":33}],[{"utility":62,"ID":3},{"utility":5,"ID":39}],[{"utility":0,"ID":20}],[{"utility":0,"ID":38}],[{"utility":20,"ID":12},{"utility":63,"ID":16}],[{"utility":71,"ID":13},{"utility":71,"ID":35}],[],[{"utility":0,"ID":34}],[{"utility":0,"ID":22}],[{"utility":64,"ID":10},{"utility":10,"ID":30}],[{"utility":0,"ID":28}],[{"utility":81,"ID":6},{"utility":98,"ID":31}],[{"utility":71,"ID":4},{"utility":96,"ID":24}],[{"utility":0,"ID":19}],[{"utility":88,"ID":17},{"utility":79,"ID":40}],[{"utility":99,"ID":8},{"utility":74,"ID":29}],[{"utility":0,"ID":7}],[],[],[],[],[],[],[],[],[],[],[],[],[],[],[]],"STARTING COALITION: ":[[null],[{"utility":50.5,"ID":16},{"utility":0,"ID":26},{"utility":10.5,"ID":37}],[{"utility":0,"ID":34}],[],[{"utility":15.666666666666666,"ID":7},{"utility":52,"ID":12},{"utility":36.333333333333336,"ID":32},{"utility":2,"ID":39}],[{"utility":90,"ID":3},{"utility":0,"ID":15}],[{"utility":70,"ID":4},{"utility":0,"ID":38}],[{"utility":3.3333333333333335,"ID":1},{"utility":21.333333333333332,"ID":9},{"utility":29.5,"ID":11},{"utility":28.5,"ID":19},{"utility":25,"ID":21},{"utility":24,"ID":29},{"utility":65.33333333333333,"ID":35}],[{"utility":0,"ID":18}],[{"utility":18,"ID":2},{"utility":0,"ID":24}],[{"utility":0,"ID":13}],[{"utility":66,"ID":20},{"utility":43.5,"ID":27},{"utility":0,"ID":40}],[{"utility":12,"ID":6},{"utility":39.5,"ID":8},{"utility":39,"ID":14}],[{"utility":0,"ID":17}],[{"utility":0,"ID":5}],[{"utility":0,"ID":10},{"utility":0,"ID":33}],[{"utility":75,"ID":22},{"utility":0,"ID":31}],[{"utility":0,"ID":23}],[],[{"utility":0,"ID":25},{"utility":14,"ID":28},{"utility":39,"ID":30}],[{"utility":0,"ID":36}],[],[],[],[],[],[],[],[],[],[],[],[],[],[],[],[],[],[],[],[]],"CORE :":false,"LAST PARTITION":{"22":17,"23":8,"24":21,"25":5,"26":1,"27":4,"28":19,"29":24,"30":18,"31":20,"10":18,"32":3,"11":6,"33":9,"12":13,"34":16,"13":14,"35":14,"14":7,"36":7,"15":5,"37":2,"16":13,"38":12,"17":23,"39":10,"18":4,"19":22,"1":9,"2":3,"3":10,"4":21,"5":8,"6":20,"7":25,"8":24,"9":2,"40":23,"20":11,"21":6}},{"STARTING PARTITION: ":{"22":6,"23":10,"24":11,"25":11,"26":5,"27":6,"28":11,"29":17,"30":16,"31":10,"10":16,"32":2,"11":3,"33":9,"12":17,"34":9,"13":9,"35":6,"14":14,"36":6,"15":9,"37":9,"16":3,"38":6,"17":10,"39":9,"18":13,"19":15,"1":9,"2":11,"3":20,"4":4,"5":15,"6":18,"7":2,"8":17,"9":17,"40":8,"20":5,"21":5},"Agents":[null,{"utility":77,"ID":1},{"utility":75,"ID":2},{"utility":97,"ID":3},{"utility":81,"ID":4},{"utility":86,"ID":5},{"utility":81,"ID":6},{"utility":89,"ID":7},{"utility":99,"ID":8},{"utility":92,"ID":9},{"utility":64,"ID":10},{"utility":84,"ID":11},{"utility":0,"ID":12},{"utility":54,"ID":13},{"utility":97,"ID":14},{"utility":0,"ID":15},{"utility":0,"ID":16},{"utility":78,"ID":17},{"utility":18,"ID":18},{"utility":0,"ID":19},{"utility":4,"ID":20},{"utility":28.5,"ID":21},{"utility":0,"ID":22},{"utility":98,"ID":23},{"utility":0,"ID":24},{"utility":3,"ID":25},{"utility":42,"ID":26},{"utility":0,"ID":27},{"utility":0,"ID":28},{"utility":74,"ID":29},{"utility":10,"ID":30},{"utility":98,"ID":31},{"utility":0,"ID":32},{"utility":96,"ID":33},{"utility":0,"ID":34},{"utility":39,"ID":35},{"utility":1,"ID":36},{"utility":27,"ID":37},{"utility":50.5,"ID":38},{"utility":68.5,"ID":39},{"utility":0,"ID":40}],"LAST COALITION":[[],[],[{"utility":64,"ID":10},{"utility":10,"ID":30}],[{"utility":84,"ID":11},{"utility":97,"ID":14}],[{"utility":0,"ID":32}],[{"utility":4,"ID":20},{"utility":28.5,"ID":21},{"utility":42,"ID":26}],[{"utility":0,"ID":27},{"utility":39,"ID":35},{"utility":50.5,"ID":38}],[{"utility":89,"ID":7},{"utility":78,"ID":17}],[{"utility":0,"ID":40}],[{"utility":54,"ID":13},{"utility":0,"ID":15},{"utility":68.5,"ID":39}],[{"utility":97,"ID":3},{"utility":3,"ID":25}],[{"utility":0,"ID":28}],[{"utility":77,"ID":1},{"utility":96,"ID":33}],[{"utility":81,"ID":6},{"utility":98,"ID":31}],[{"utility":0,"ID":24}],[{"utility":0,"ID":19}],[{"utility":0,"ID":12}],[{"utility":99,"ID":8},{"utility":74,"ID":29}],[{"utility":81,"ID":4},{"utility":18,"ID":18}],[{"utility":75,"ID":2},{"utility":1,"ID":36}],[],[{"utility":0,"ID":16}],[{"utility":86,"ID":5},{"utility":98,"ID":23}],[{"utility":0,"ID":34}],[],[{"utility":92,"ID":9},{"utility":27,"ID":37}],[{"utility":0,"ID":22}],[],[],[],[],[],[],[],[],[],[],[],[],[],[]],"STARTING COALITION: ":[[null],[],[{"utility":35,"ID":7},{"utility":0,"ID":32}],[{"utility":0,"ID":11},{"utility":81,"ID":16}],[{"utility":0,"ID":4}],[{"utility":4,"ID":20},{"utility":28.5,"ID":21},{"utility":42,"ID":26}],[{"utility":13,"ID":22},{"utility":8,"ID":27},{"utility":19.5,"ID":35},{"utility":0,"ID":36},{"utility":38,"ID":38}],[],[{"utility":0,"ID":40}],[{"utility":37.666666666666664,"ID":1},{"utility":30.166666666666668,"ID":13},{"utility":14,"ID":15},{"utility":28.833333333333332,"ID":33},{"utility":53.833333333333336,"ID":34},{"utility":22.666666666666668,"ID":37},{"utility":37.666666666666664,"ID":39}],[{"utility":60.5,"ID":17},{"utility":62,"ID":23},{"utility":10,"ID":31}],[{"utility":13.666666666666666,"ID":2},{"utility":5.333333333333333,"ID":24},{"utility":0,"ID":25},{"utility":1.6666666666666667,"ID":28}],[],[{"utility":0,"ID":18}],[{"utility":0,"ID":14}],[{"utility":0,"ID":5},{"utility":0,"ID":19}],[{"utility":64,"ID":10},{"utility":10,"ID":30}],[{"utility":48.666666666666664,"ID":8},{"utility":29.333333333333332,"ID":9},{"utility":0,"ID":12},{"utility":53,"ID":29}],[{"utility":0,"ID":6}],[],[{"utility":0,"ID":3}],[],[],[],[],[],[],[],[],[],[],[],[],[],[],[],[],[],[],[],[]],"CORE :":false,"LAST PARTITION":{"22":26,"23":22,"24":14,"25":10,"26":5,"27":6,"28":11,"29":17,"30":2,"31":13,"10":2,"32":4,"11":3,"33":12,"12":16,"34":23,"13":9,"35":6,"14":3,"36":19,"15":9,"37":25,"16":21,"38":6,"17":7,"39":9,"18":18,"19":15,"1":12,"2":19,"3":10,"4":18,"5":22,"6":13,"7":7,"8":17,"9":25,"40":8,"20":5,"21":5}},{"END OF FILE:" : true}]