[{"STARTING PARTITION: ":{"22":4,"23":2,"24":5,"25":1,"26":18,"27":17,"28":10,"29":16,"30":14,"31":10,"10":10,"32":13,"11":3,"33":14,"12":12,"34":20,"13":4,"35":9,"14":11,"36":6,"15":18,"37":15,"16":8,"38":11,"17":3,"39":20,"18":14,"19":3,"1":18,"2":3,"3":19,"4":10,"5":13,"6":1,"7":13,"8":2,"9":4,"40":20,"20":10,"21":18},"Agents":[null,{"utility":85,"ID":1},{"utility":73,"ID":2},{"utility":96,"ID":3},{"utility":85,"ID":4},{"utility":98,"ID":5},{"utility":67,"ID":6},{"utility":98,"ID":7},{"utility":80,"ID":8},{"utility":83,"ID":9},{"utility":91,"ID":10},{"utility":95,"ID":11},{"utility":88,"ID":12},{"utility":74,"ID":13},{"utility":99,"ID":14},{"utility":51,"ID":15},{"utility":58,"ID":16},{"utility":92,"ID":17},{"utility":31,"ID":18},{"utility":93,"ID":19},{"utility":2,"ID":20},{"utility":81,"ID":21},{"utility":0,"ID":22},{"utility":0,"ID":23},{"utility":55,"ID":24},{"utility":0,"ID":25},{"utility":0,"ID":26},{"utility":0,"ID":27},{"utility":82,"ID":28},{"utility":34,"ID":29},{"utility":37,"ID":30},{"utility":47,"ID":31},{"utility":59,"ID":32},{"utility":0,"ID":33},{"utility":93,"ID":34},{"utility":0,"ID":35},{"utility":0,"ID":36},{"utility":63,"ID":37},{"utility":84,"ID":38},{"utility":20,"ID":39},{"utility":75,"ID":40}],"LAST COALITION":[[],[{"utility":0,"ID":26}],[{"utility":92,"ID":17},{"utility":2,"ID":20}],[],[{"utility":99,"ID":14},{"utility":75,"ID":40}],[{"utility":31,"ID":18},{"utility":93,"ID":19}],[{"utility":0,"ID":36}],[],[{"utility":88,"ID":12},{"utility":82,"ID":28}],[{"utility":95,"ID":11},{"utility":93,"ID":34}],[{"utility":67,"ID":6},{"utility":34,"ID":29}],[{"utility":0,"ID":25}],[{"utility":0,"ID":33}],[{"utility":98,"ID":7},{"utility":59,"ID":32}],[{"utility":58,"ID":16},{"utility":47,"ID":31}],[{"utility":80,"ID":8},{"utility":84,"ID":38}],[{"utility":96,"ID":3},{"utility":20,"ID":39}],[{"utility":0,"ID":27}],[],[{"utility":98,"ID":5},{"utility":63,"ID":37}],[{"utility":85,"ID":1},{"utility":55,"ID":24}],[],[{"utility":0,"ID":23}],[{"utility":0,"ID":35}],[{"utility":74,"ID":13},{"utility":37,"ID":30}],[{"utility":0,"ID":22}],[{"utility":83,"ID":9},{"utility":51,"ID":15}],[{"utility":91,"ID":10},{"utility":81,"ID":21}],[{"utility":73,"ID":2},{"utility":85,"ID":4}],[],[],[],[],[],[],[],[],[],[],[],[]],"STARTING COALITION: ":[[null],[{"utility":44,"ID":6},{"utility":61,"ID":25}],[{"utility":0,"ID":8},{"utility":0,"ID":23}],[{"utility":25.666666666666668,"ID":2},{"utility":22,"ID":11},{"utility":33,"ID":17},{"utility":38.333333333333336,"ID":19}],[{"utility":19.5,"ID":9},{"utility":0,"ID":13},{"utility":32.5,"ID":22}],[{"utility":0,"ID":24}],[{"utility":0,"ID":36}],[],[{"utility":0,"ID":16}],[{"utility":0,"ID":35}],[{"utility":12.5,"ID":4},{"utility":9.25,"ID":10},{"utility":16,"ID":20},{"utility":10,"ID":28},{"utility":29.75,"ID":31}],[{"utility":14,"ID":14},{"utility":32,"ID":38}],[{"utility":0,"ID":12}],[{"utility":25.5,"ID":5},{"utility":49,"ID":7},{"utility":29.5,"ID":32}],[{"utility":0,"ID":18},{"utility":46,"ID":30},{"utility":0,"ID":33}],[{"utility":0,"ID":37}],[{"utility":0,"ID":29}],[{"utility":0,"ID":27}],[{"utility":8.333333333333334,"ID":1},{"utility":11,"ID":15},{"utility":32,"ID":21},{"utility":53.333333333333336,"ID":26}],[{"utility":0,"ID":3}],[{"utility":68,"ID":34},{"utility":35.5,"ID":39},{"utility":27.5,"ID":40}],[],[],[],[],[],[],[],[],[],[],[],[],[],[],[],[],[],[],[],[]],"CORE :":false,"LAST PARTITION":{"22":25,"23":22,"24":20,"25":11,"26":1,"27":17,"28":8,"29":10,"30":24,"31":14,"10":27,"32":13,"11":9,"33":12,"12":8,"34":9,"13":24,"35":23,"14":4,"36":6,"15":26,"37":19,"16":14,"38":15,"17":2,"39":16,"18":5,"19":5,"1":20,"2":28,"3":16,"4":28,"5":19,"6":10,"7":13,"8":15,"9":26,"40":4,"20":2,"21":27}},{"STARTING PARTITION: ":{"22":17,"23":9,"24":2,"25":13,"26":9,"27":2,"28":11,"29":17,"30":2,"31":19,"10":20,"32":2,"11":15,"33":13,"12":15,"34":13,"13":3,"35":8,"14":18,"36":20,"15":4,"37":7,"16":9,"38":13,"17":14,"39":18,"18":18,"19":8,"1":18,"2":5,"3":15,"4":13,"5":15,"6":4,"7":17,"8":19,"9":18,"40":18,"20":20,"21":17},"Agents":[null,{"utility":85,"ID":1},{"utility":73,"ID":2},{"utility":96,"ID":3},{"utility":85,"ID":4},{"utility":98,"ID":5},{"utility":67,"ID":6},{"utility":98,"ID":7},{"utility":80,"ID":8},{"utility":83,"ID":9},{"utility":91,"ID":10},{"utility":95,"ID":11},{"utility":88,"ID":12},{"utility":0,"ID":13},{"utility":99,"ID":14},{"utility":51,"ID":15},{"utility":58,"ID":16},{"utility":0,"ID":17},{"utility":31,"ID":18},{"utility":93,"ID":19},{"utility":88,"ID":20},{"utility":81,"ID":21},{"utility":0,"ID":22},{"utility":0,"ID":23},{"utility":55,"ID":24},{"utility":0,"ID":25},{"utility":0,"ID":26},{"utility":0,"ID":27},{"utility":82,"ID":28},{"utility":34,"ID":29},{"utility":98,"ID":30},{"utility":47,"ID":31},{"utility":59,"ID":32},{"utility":0,"ID":33},{"utility":93,"ID":34},{"utility":0,"ID":35},{"utility":0,"ID":36},{"utility":63,"ID":37},{"utility":84,"ID":38},{"utility":20,"ID":39},{"utility":75,"ID":40}],"LAST COALITION":[[],[{"utility":0,"ID":23}],[{"utility":0,"ID":27}],[{"utility":88,"ID":20},{"utility":98,"ID":30}],[{"utility":0,"ID":17}],[{"utility":31,"ID":18},{"utility":93,"ID":19}],[],[{"utility":67,"ID":6},{"utility":34,"ID":29}],[{"utility":0,"ID":35}],[{"utility":0,"ID":26}],[{"utility":96,"ID":3},{"utility":20,"ID":39}],[{"utility":91,"ID":10},{"utility":81,"ID":21}],[{"utility":0,"ID":25}],[{"utility":0,"ID":33}],[{"utility":88,"ID":12},{"utility":82,"ID":28}],[],[{"utility":85,"ID":1},{"utility":55,"ID":24}],[{"utility":80,"ID":8},{"utility":84,"ID":38}],[{"utility":99,"ID":14},{"utility":75,"ID":40}],[{"utility":58,"ID":16},{"utility":47,"ID":31}],[{"utility":0,"ID":36}],[],[{"utility":98,"ID":5},{"utility":63,"ID":37}],[{"utility":98,"ID":7},{"utility":59,"ID":32}],[{"utility":95,"ID":11},{"utility":93,"ID":34}],[{"utility":0,"ID":13}],[{"utility":0,"ID":22}],[{"utility":73,"ID":2},{"utility":85,"ID":4}],[],[{"utility":83,"ID":9},{"utility":51,"ID":15}],[],[],[],[],[],[],[],[],[],[],[]],"STARTING COALITION: ":[[null],[],[{"utility":16,"ID":24},{"utility":0,"ID":27},{"utility":8,"ID":30},{"utility":0,"ID":32}],[{"utility":0,"ID":13}],[{"utility":0,"ID":6},{"utility":78,"ID":15}],[{"utility":0,"ID":2}],[],[{"utility":0,"ID":37}],[{"utility":0,"ID":19},{"utility":27,"ID":35}],[{"utility":0,"ID":16},{"utility":66.5,"ID":23},{"utility":30.5,"ID":26}],[],[{"utility":0,"ID":28}],[],[{"utility":0,"ID":4},{"utility":16,"ID":25},{"utility":29.75,"ID":33},{"utility":18.5,"ID":34},{"utility":19.75,"ID":38}],[{"utility":0,"ID":17}],[{"utility":29.333333333333332,"ID":3},{"utility":31,"ID":5},{"utility":21.333333333333332,"ID":11},{"utility":0,"ID":12}],[],[{"utility":6,"ID":7},{"utility":10,"ID":21},{"utility":4.333333333333333,"ID":22},{"utility":28,"ID":29}],[{"utility":20.6,"ID":1},{"utility":13.4,"ID":9},{"utility":46.6,"ID":14},{"utility":19.4,"ID":18},{"utility":22,"ID":39},{"utility":41.6,"ID":40}],[{"utility":0,"ID":8},{"utility":68,"ID":31}],[{"utility":0,"ID":10},{"utility":1.5,"ID":20},{"utility":0,"ID":36}],[],[],[],[],[],[],[],[],[],[],[],[],[],[],[],[],[],[],[],[]],"CORE :":false,"LAST PARTITION":{"22":26,"23":1,"24":16,"25":12,"26":9,"27":2,"28":14,"29":7,"30":3,"31":19,"10":11,"32":23,"11":24,"33":13,"12":14,"34":24,"13":25,"35":8,"14":18,"36":20,"15":29,"37":22,"16":19,"38":17,"17":4,"39":10,"18":5,"19":5,"1":16,"2":27,"3":10,"4":27,"5":22,"6":7,"7":23,"8":17,"9":29,"40":18,"20":3,"21":11}},{"STARTING PARTITION: ":{"22":17,"23":10,"24":15,"25":16,"26":7,"27":1,"28":11,"29":20,"30":3,"31":8,"10":12,"32":9,"11":7,"33":20,"12":6,"34":18,"13":15,"35":7,"14":3,"36":16,"15":4,"37":10,"16":20,"38":12,"17":5,"39":5,"18":15,"19":5,"1":13,"2":1,"3":15,"4":14,"5":4,"6":13,"7":6,"8":6,"9":14,"40":18,"20":14,"21":1},"Agents":[null,{"utility":85,"ID":1},{"utility":73,"ID":2},{"utility":96,"ID":3},{"utility":85,"ID":4},{"utility":98,"ID":5},{"utility":44,"ID":6},{"utility":98,"ID":7},{"utility":80,"ID":8},{"utility":83,"ID":9},{"utility":91,"ID":10},{"utility":95,"ID":11},{"utility":88,"ID":12},{"utility":74,"ID":13},{"utility":99,"ID":14},{"utility":51,"ID":15},{"utility":58,"ID":16},{"utility":45,"ID":17},{"utility":26,"ID":18},{"utility":0,"ID":19},{"utility":0,"ID":20},{"utility":81,"ID":21},{"utility":0,"ID":22},{"utility":0,"ID":23},{"utility":55,"ID":24},{"utility":61,"ID":25},{"utility":75,"ID":26},{"utility":0,"ID":27},{"utility":82,"ID":28},{"utility":99,"ID":29},{"utility":37,"ID":30},{"utility":47,"ID":31},{"utility":59,"ID":32},{"utility":99,"ID":33},{"utility":93,"ID":34},{"utility":46,"ID":35},{"utility":0,"ID":36},{"utility":63,"ID":37},{"utility":84,"ID":38},{"utility":20,"ID":39},{"utility":75,"ID":40}],"LAST COALITION":[[],[{"utility":0,"ID":27}],[{"utility":99,"ID":14},{"utility":75,"ID":40}],[{"utility":96,"ID":3},{"utility":20,"ID":39}],[{"utility":44,"ID":6},{"utility":61,"ID":25}],[],[{"utility":88,"ID":12},{"utility":82,"ID":28}],[{"utility":75,"ID":26},{"utility":46,"ID":35}],[{"utility":45,"ID":17},{"utility":26,"ID":18}],[{"utility":0,"ID":23}],[{"utility":0,"ID":20}],[],[{"utility":0,"ID":19}],[{"utility":98,"ID":5},{"utility":63,"ID":37}],[],[{"utility":91,"ID":10},{"utility":81,"ID":21}],[{"utility":0,"ID":36}],[{"utility":58,"ID":16},{"utility":47,"ID":31}],[{"utility":95,"ID":11},{"utility":93,"ID":34}],[{"utility":85,"ID":1},{"utility":55,"ID":24}],[{"utility":99,"ID":29},{"utility":99,"ID":33}],[{"utility":74,"ID":13},{"utility":37,"ID":30}],[{"utility":98,"ID":7},{"utility":59,"ID":32}],[{"utility":0,"ID":22}],[{"utility":73,"ID":2},{"utility":85,"ID":4}],[],[{"utility":80,"ID":8},{"utility":84,"ID":38}],[{"utility":83,"ID":9},{"utility":51,"ID":15}],[],[],[],[],[],[],[],[],[],[],[],[],[]],"STARTING COALITION: ":[[null],[{"utility":49.5,"ID":2},{"utility":8.5,"ID":21},{"utility":3.5,"ID":27}],[],[{"utility":63,"ID":14},{"utility":82,"ID":30}],[{"utility":51,"ID":5},{"utility":0,"ID":15}],[{"utility":90,"ID":17},{"utility":88,"ID":19},{"utility":37,"ID":39}],[{"utility":19.5,"ID":7},{"utility":0,"ID":8},{"utility":4,"ID":12}],[{"utility":22,"ID":11},{"utility":37.5,"ID":26},{"utility":41.5,"ID":35}],[{"utility":0,"ID":31}],[{"utility":0,"ID":32}],[{"utility":0,"ID":23},{"utility":0,"ID":37}],[{"utility":0,"ID":28}],[{"utility":0,"ID":10},{"utility":69,"ID":38}],[{"utility":0,"ID":1},{"utility":13,"ID":6}],[{"utility":1.5,"ID":4},{"utility":41,"ID":9},{"utility":27,"ID":20}],[{"utility":7.666666666666667,"ID":3},{"utility":18,"ID":13},{"utility":61.666666666666664,"ID":18},{"utility":9.666666666666666,"ID":24}],[{"utility":0,"ID":25},{"utility":71,"ID":36}],[{"utility":0,"ID":22}],[{"utility":37,"ID":34},{"utility":0,"ID":40}],[],[{"utility":10.5,"ID":16},{"utility":60,"ID":29},{"utility":91,"ID":33}],[],[],[],[],[],[],[],[],[],[],[],[],[],[],[],[],[],[],[],[]],"CORE :":false,"LAST PARTITION":{"22":23,"23":9,"24":19,"25":4,"26":7,"27":1,"28":6,"29":20,"30":21,"31":17,"10":15,"32":22,"11":18,"33":20,"12":6,"34":18,"13":21,"35":7,"14":2,"36":16,"15":27,"37":13,"16":17,"38":26,"17":8,"39":3,"18":8,"19":12,"1":19,"2":24,"3":3,"4":24,"5":13,"6":4,"7":22,"8":26,"9":27,"40":2,"20":10,"21":15}},{"STARTING PARTITION: ":{"22":12,"23":17,"24":18,"25":7,"26":4,"27":16,"28":11,"29":7,"30":19,"31":19,"10":3,"32":20,"11":12,"33":15,"12":12,"34":12,"13":9,"35":1,"14":20,"36":10,"15":8,"37":2,"16":3,"38":4,"17":8,"39":14,"18":12,"19":19,"1":16,"2":11,"3":10,"4":10,"5":9,"6":10,"7":3,"8":15,"9":14,"40":9,"20":5,"21":6},"Agents":[null,{"utility":85,"ID":1},{"utility":73,"ID":2},{"utility":96,"ID":3},{"utility":85,"ID":4},{"utility":98,"ID":5},{"utility":67,"ID":6},{"utility":98,"ID":7},{"utility":80,"ID":8},{"utility":83,"ID":9},{"utility":91,"ID":10},{"utility":95,"ID":11},{"utility":88,"ID":12},{"utility":74,"ID":13},{"utility":99,"ID":14},{"utility":51,"ID":15},{"utility":58,"ID":16},{"utility":0,"ID":17},{"utility":31,"ID":18},{"utility":93,"ID":19},{"utility":0,"ID":20},{"utility":81,"ID":21},{"utility":0,"ID":22},{"utility":0,"ID":23},{"utility":55,"ID":24},{"utility":0,"ID":25},{"utility":0,"ID":26},{"utility":0,"ID":27},{"utility":82,"ID":28},{"utility":34,"ID":29},{"utility":37,"ID":30},{"utility":47,"ID":31},{"utility":59,"ID":32},{"utility":0,"ID":33},{"utility":93,"ID":34},{"utility":0,"ID":35},{"utility":0,"ID":36},{"utility":63,"ID":37},{"utility":84,"ID":38},{"utility":20,"ID":39},{"utility":75,"ID":40}],"LAST COALITION":[[],[{"utility":0,"ID":35}],[{"utility":0,"ID":25}],[],[{"utility":0,"ID":26}],[{"utility":98,"ID":7},{"utility":59,"ID":32}],[{"utility":80,"ID":8},{"utility":84,"ID":38}],[{"utility":0,"ID":17}],[{"utility":88,"ID":12},{"utility":82,"ID":28}],[{"utility":99,"ID":14},{"utility":75,"ID":40}],[{"utility":0,"ID":36}],[{"utility":96,"ID":3},{"utility":20,"ID":39}],[{"utility":95,"ID":11},{"utility":93,"ID":34}],[{"utility":67,"ID":6},{"utility":34,"ID":29}],[{"utility":0,"ID":20}],[{"utility":0,"ID":33}],[{"utility":0,"ID":27}],[{"utility":31,"ID":18},{"utility":93,"ID":19}],[],[{"utility":85,"ID":1},{"utility":55,"ID":24}],[{"utility":58,"ID":16},{"utility":47,"ID":31}],[],[{"utility":74,"ID":13},{"utility":37,"ID":30}],[{"utility":0,"ID":22}],[{"utility":0,"ID":23}],[{"utility":98,"ID":5},{"utility":63,"ID":37}],[{"utility":73,"ID":2},{"utility":85,"ID":4}],[],[{"utility":83,"ID":9},{"utility":51,"ID":15}],[{"utility":91,"ID":10},{"utility":81,"ID":21}],[],[],[],[],[],[],[],[],[],[],[]],"STARTING COALITION: ":[[null],[{"utility":0,"ID":35}],[{"utility":0,"ID":37}],[{"utility":0,"ID":7},{"utility":0,"ID":10},{"utility":29.5,"ID":16}],[{"utility":6,"ID":26},{"utility":0,"ID":38}],[{"utility":0,"ID":20}],[{"utility":0,"ID":21}],[{"utility":48,"ID":25},{"utility":0,"ID":29}],[{"utility":0,"ID":15},{"utility":20,"ID":17}],[{"utility":27.5,"ID":5},{"utility":0,"ID":13},{"utility":50.5,"ID":40}],[{"utility":38,"ID":3},{"utility":38.333333333333336,"ID":4},{"utility":17,"ID":6},{"utility":30.333333333333332,"ID":36}],[{"utility":0,"ID":2},{"utility":19,"ID":28}],[{"utility":23.75,"ID":11},{"utility":12.75,"ID":12},{"utility":8.75,"ID":18},{"utility":35.25,"ID":22},{"utility":58.75,"ID":34}],[],[{"utility":0,"ID":9},{"utility":0,"ID":39}],[{"utility":16,"ID":8},{"utility":0,"ID":33}],[{"utility":0,"ID":1},{"utility":0,"ID":27}],[{"utility":0,"ID":23}],[{"utility":0,"ID":24}],[{"utility":31.5,"ID":19},{"utility":38.5,"ID":30},{"utility":37,"ID":31}],[{"utility":0,"ID":14},{"utility":0,"ID":32}],[],[],[],[],[],[],[],[],[],[],[],[],[],[],[],[],[],[],[],[]],"CORE :":false,"LAST PARTITION":{"22":23,"23":24,"24":19,"25":2,"26":4,"27":16,"28":8,"29":13,"30":22,"31":20,"10":29,"32":5,"11":12,"33":15,"12":8,"34":12,"13":22,"35":1,"14":9,"36":10,"15":28,"37":25,"16":20,"38":6,"17":7,"39":11,"18":17,"19":17,"1":19,"2":26,"3":11,"4":26,"5":25,"6":13,"7":5,"8":6,"9":28,"40":9,"20":14,"21":29}},{"STARTING PARTITION: ":{"22":1,"23":19,"24":18,"25":14,"26":18,"27":7,"28":7,"29":1,"30":16,"31":12,"10":3,"32":3,"11":5,"33":20,"12":15,"34":20,"13":16,"35":4,"14":3,"36":10,"15":18,"37":5,"16":17,"38":12,"17":18,"39":1,"18":8,"19":19,"1":13,"2":4,"3":2,"4":11,"5":4,"6":6,"7":4,"8":14,"9":18,"40":6,"20":9,"21":8},"Agents":[null,{"utility":94,"ID":1},{"utility":95,"ID":2},{"utility":96,"ID":3},{"utility":0,"ID":4},{"utility":98,"ID":5},{"utility":67,"ID":6},{"utility":98,"ID":7},{"utility":80,"ID":8},{"utility":83,"ID":9},{"utility":91,"ID":10},{"utility":95,"ID":11},{"utility":88,"ID":12},{"utility":19,"ID":13},{"utility":99,"ID":14},{"utility":51,"ID":15},{"utility":58,"ID":16},{"utility":0,"ID":17},{"utility":0,"ID":18},{"utility":0,"ID":19},{"utility":97,"ID":20},{"utility":81,"ID":21},{"utility":0,"ID":22},{"utility":0,"ID":23},{"utility":47,"ID":24},{"utility":0,"ID":25},{"utility":0,"ID":26},{"utility":0,"ID":27},{"utility":82,"ID":28},{"utility":34,"ID":29},{"utility":34,"ID":30},{"utility":47,"ID":31},{"utility":59,"ID":32},{"utility":0,"ID":33},{"utility":93,"ID":34},{"utility":0,"ID":35},{"utility":0,"ID":36},{"utility":63,"ID":37},{"utility":84,"ID":38},{"utility":20,"ID":39},{"utility":75,"ID":40}],"LAST COALITION":[[],[{"utility":95,"ID":11},{"utility":93,"ID":34}],[{"utility":96,"ID":3},{"utility":20,"ID":39}],[{"utility":99,"ID":14},{"utility":75,"ID":40}],[{"utility":0,"ID":35}],[{"utility":98,"ID":7},{"utility":59,"ID":32}],[{"utility":0,"ID":17}],[{"utility":0,"ID":27}],[{"utility":91,"ID":10},{"utility":81,"ID":21}],[{"utility":0,"ID":25}],[{"utility":0,"ID":36}],[{"utility":98,"ID":5},{"utility":63,"ID":37}],[{"utility":58,"ID":16},{"utility":47,"ID":31}],[{"utility":67,"ID":6},{"utility":34,"ID":29}],[{"utility":95,"ID":2},{"utility":47,"ID":24}],[{"utility":0,"ID":18}],[{"utility":19,"ID":13},{"utility":97,"ID":20}],[{"utility":0,"ID":19}],[{"utility":0,"ID":26}],[{"utility":0,"ID":23}],[{"utility":0,"ID":33}],[{"utility":94,"ID":1},{"utility":34,"ID":30}],[],[{"utility":88,"ID":12},{"utility":82,"ID":28}],[],[{"utility":0,"ID":22}],[{"utility":80,"ID":8},{"utility":84,"ID":38}],[{"utility":83,"ID":9},{"utility":51,"ID":15}],[{"utility":0,"ID":4}],[],[],[],[],[],[],[],[],[],[],[],[]],"STARTING COALITION: ":[[null],[{"utility":28.5,"ID":22},{"utility":37.5,"ID":29},{"utility":36,"ID":39}],[{"utility":0,"ID":3}],[{"utility":2,"ID":10},{"utility":23,"ID":14},{"utility":0,"ID":32}],[{"utility":32.333333333333336,"ID":2},{"utility":25.333333333333332,"ID":5},{"utility":0,"ID":7},{"utility":4.666666666666667,"ID":35}],[{"utility":81,"ID":11},{"utility":54,"ID":37}],[{"utility":74,"ID":6},{"utility":35,"ID":40}],[{"utility":92,"ID":27},{"utility":55,"ID":28}],[{"utility":12,"ID":18},{"utility":0,"ID":21}],[{"utility":0,"ID":20}],[{"utility":0,"ID":36}],[{"utility":0,"ID":4}],[{"utility":0,"ID":31},{"utility":26,"ID":38}],[{"utility":0,"ID":1}],[{"utility":0,"ID":8},{"utility":42,"ID":25}],[{"utility":0,"ID":12}],[{"utility":74,"ID":13},{"utility":37,"ID":30}],[{"utility":0,"ID":16}],[{"utility":40,"ID":9},{"utility":13,"ID":15},{"utility":34.5,"ID":17},{"utility":10.25,"ID":24},{"utility":19.5,"ID":26}],[{"utility":31,"ID":19},{"utility":86,"ID":23}],[{"utility":0,"ID":33},{"utility":0,"ID":34}],[],[],[],[],[],[],[],[],[],[],[],[],[],[],[],[],[],[],[],[]],"CORE :":false,"LAST PARTITION":{"22":25,"23":19,"24":14,"25":9,"26":18,"27":7,"28":23,"29":13,"30":21,"31":12,"10":8,"32":5,"11":1,"33":20,"12":23,"34":1,"13":16,"35":4,"14":3,"36":10,"15":27,"37":11,"16":12,"38":26,"17":6,"39":2,"18":15,"19":17,"1":21,"2":14,"3":2,"4":28,"5":11,"6":13,"7":5,"8":26,"9":27,"40":3,"20":16,"21":8}},{"STARTING PARTITION: ":{"22":19,"23":4,"24":13,"25":13,"26":7,"27":14,"28":17,"29":6,"30":7,"31":4,"10":14,"32":8,"11":10,"33":8,"12":1,"34":2,"13":12,"35":14,"14":17,"36":4,"15":11,"37":14,"16":17,"38":8,"17":12,"39":15,"18":11,"19":1,"1":14,"2":15,"3":10,"4":12,"5":3,"6":3,"7":14,"8":12,"9":18,"40":18,"20":17,"21":7},"Agents":[null,{"utility":94,"ID":1},{"utility":73,"ID":2},{"utility":96,"ID":3},{"utility":85,"ID":4},{"utility":98,"ID":5},{"utility":67,"ID":6},{"utility":98,"ID":7},{"utility":80,"ID":8},{"utility":83,"ID":9},{"utility":91,"ID":10},{"utility":95,"ID":11},{"utility":88,"ID":12},{"utility":19,"ID":13},{"utility":99,"ID":14},{"utility":51,"ID":15},{"utility":58,"ID":16},{"utility":0,"ID":17},{"utility":0,"ID":18},{"utility":0,"ID":19},{"utility":97,"ID":20},{"utility":81,"ID":21},{"utility":0,"ID":22},{"utility":0,"ID":23},{"utility":0,"ID":24},{"utility":0,"ID":25},{"utility":0,"ID":26},{"utility":0,"ID":27},{"utility":82,"ID":28},{"utility":34,"ID":29},{"utility":34,"ID":30},{"utility":47,"ID":31},{"utility":59,"ID":32},{"utility":0,"ID":33},{"utility":93,"ID":34},{"utility":0,"ID":35},{"utility":0,"ID":36},{"utility":63,"ID":37},{"utility":84,"ID":38},{"utility":20,"ID":39},{"utility":75,"ID":40}],"LAST COALITION":[[],[{"utility":0,"ID":25}],[{"utility":0,"ID":36}],[{"utility":98,"ID":5},{"utility":63,"ID":37}],[{"utility":0,"ID":17}],[{"utility":91,"ID":10},{"utility":81,"ID":21}],[{"utility":67,"ID":6},{"utility":34,"ID":29}],[{"utility":0,"ID":26}],[{"utility":0,"ID":33}],[{"utility":58,"ID":16},{"utility":47,"ID":31}],[],[{"utility":0,"ID":18}],[{"utility":99,"ID":14},{"utility":75,"ID":40}],[{"utility":95,"ID":11},{"utility":93,"ID":34}],[{"utility":0,"ID":27},{"utility":0,"ID":35}],[{"utility":19,"ID":13},{"utility":97,"ID":20}],[{"utility":0,"ID":19}],[{"utility":94,"ID":1},{"utility":34,"ID":30}],[{"utility":96,"ID":3},{"utility":20,"ID":39}],[{"utility":0,"ID":24}],[],[{"utility":80,"ID":8},{"utility":84,"ID":38}],[{"utility":0,"ID":22}],[{"utility":73,"ID":2},{"utility":85,"ID":4}],[{"utility":98,"ID":7},{"utility":59,"ID":32}],[],[{"utility":88,"ID":12},{"utility":82,"ID":28}],[],[{"utility":83,"ID":9},{"utility":51,"ID":15}],[{"utility":0,"ID":23}],[],[],[],[],[],[],[],[],[],[],[]],"STARTING COALITION: ":[[null],[{"utility":0,"ID":12},{"utility":51,"ID":19}],[{"utility":0,"ID":34}],[{"utility":0,"ID":5},{"utility":1,"ID":6}],[{"utility":0,"ID":23},{"utility":0,"ID":31},{"utility":0,"ID":36}],[],[{"utility":0,"ID":29}],[{"utility":31.5,"ID":21},{"utility":55,"ID":26},{"utility":47,"ID":30}],[{"utility":31.5,"ID":32},{"utility":22,"ID":33},{"utility":8,"ID":38}],[],[{"utility":0,"ID":3},{"utility":58,"ID":11}],[{"utility":78,"ID":15},{"utility":0,"ID":18}],[{"utility":34.666666666666664,"ID":4},{"utility":31.666666666666668,"ID":8},{"utility":0.6666666666666666,"ID":13},{"utility":42.666666666666664,"ID":17}],[{"utility":80,"ID":24},{"utility":0,"ID":25}],[{"utility":21.2,"ID":1},{"utility":17.8,"ID":7},{"utility":11.6,"ID":10},{"utility":30,"ID":27},{"utility":0.8,"ID":35},{"utility":11.4,"ID":37}],[{"utility":0,"ID":2},{"utility":0,"ID":39}],[],[{"utility":7.666666666666667,"ID":14},{"utility":8.333333333333334,"ID":16},{"utility":0,"ID":20},{"utility":20.333333333333332,"ID":28}],[{"utility":0,"ID":9},{"utility":10,"ID":40}],[{"utility":0,"ID":22}],[],[],[],[],[],[],[],[],[],[],[],[],[],[],[],[],[],[],[],[],[]],"CORE :":false,"LAST PARTITION":{"22":22,"23":29,"24":19,"25":1,"26":7,"27":14,"28":26,"29":6,"30":17,"31":9,"10":5,"32":24,"11":13,"33":8,"12":26,"34":13,"13":15,"35":14,"14":12,"36":2,"15":28,"37":3,"16":9,"38":21,"17":4,"39":18,"18":11,"19":16,"1":17,"2":23,"3":18,"4":23,"5":3,"6":6,"7":24,"8":21,"9":28,"40":12,"20":15,"21":5}},{"STARTING PARTITION: ":{"22":9,"23":17,"24":18,"25":4,"26":4,"27":16,"28":10,"29":4,"30":12,"31":13,"10":4,"32":13,"11":5,"33":14,"12":12,"34":1,"13":19,"35":19,"14":1,"36":16,"15":3,"37":2,"16":13,"38":10,"17":4,"39":9,"18":1,"19":20,"1":17,"2":5,"3":20,"4":20,"5":11,"6":18,"7":18,"8":10,"9":4,"40":9,"20":8,"21":3},"Agents":[null,{"utility":70,"ID":1},{"utility":95,"ID":2},{"utility":96,"ID":3},{"utility":0,"ID":4},{"utility":98,"ID":5},{"utility":67,"ID":6},{"utility":98,"ID":7},{"utility":80,"ID":8},{"utility":83,"ID":9},{"utility":91,"ID":10},{"utility":95,"ID":11},{"utility":88,"ID":12},{"utility":74,"ID":13},{"utility":99,"ID":14},{"utility":51,"ID":15},{"utility":58,"ID":16},{"utility":0,"ID":17},{"utility":0,"ID":18},{"utility":0,"ID":19},{"utility":0,"ID":20},{"utility":81,"ID":21},{"utility":64,"ID":22},{"utility":0,"ID":23},{"utility":47,"ID":24},{"utility":0,"ID":25},{"utility":0,"ID":26},{"utility":0,"ID":27},{"utility":82,"ID":28},{"utility":34,"ID":29},{"utility":37,"ID":30},{"utility":47,"ID":31},{"utility":59,"ID":32},{"utility":0,"ID":33},{"utility":93,"ID":34},{"utility":0,"ID":35},{"utility":99,"ID":36},{"utility":63,"ID":37},{"utility":84,"ID":38},{"utility":20,"ID":39},{"utility":75,"ID":40}],"LAST COALITION":[[],[{"utility":99,"ID":14},{"utility":75,"ID":40}],[{"utility":0,"ID":25}],[{"utility":95,"ID":2},{"utility":47,"ID":24}],[{"utility":0,"ID":26}],[{"utility":0,"ID":17}],[{"utility":0,"ID":23}],[{"utility":98,"ID":5},{"utility":63,"ID":37}],[{"utility":98,"ID":7},{"utility":59,"ID":32}],[{"utility":0,"ID":20}],[{"utility":80,"ID":8},{"utility":84,"ID":38}],[{"utility":95,"ID":11},{"utility":93,"ID":34}],[{"utility":0,"ID":18}],[{"utility":58,"ID":16},{"utility":47,"ID":31}],[{"utility":0,"ID":33}],[{"utility":0,"ID":19}],[{"utility":0,"ID":27},{"utility":99,"ID":36}],[{"utility":67,"ID":6},{"utility":34,"ID":29}],[{"utility":83,"ID":9},{"utility":51,"ID":15}],[{"utility":0,"ID":35}],[{"utility":0,"ID":4}],[{"utility":96,"ID":3},{"utility":20,"ID":39}],[],[{"utility":74,"ID":13},{"utility":37,"ID":30}],[{"utility":70,"ID":1},{"utility":64,"ID":22}],[{"utility":88,"ID":12},{"utility":82,"ID":28}],[],[],[{"utility":91,"ID":10},{"utility":81,"ID":21}],[],[],[],[],[],[],[],[],[],[],[],[]],"STARTING COALITION: ":[[null],[{"utility":33,"ID":14},{"utility":0,"ID":18},{"utility":22,"ID":34}],[{"utility":0,"ID":37}],[{"utility":0,"ID":15},{"utility":0,"ID":21}],[{"utility":32.6,"ID":9},{"utility":0,"ID":10},{"utility":29.8,"ID":17},{"utility":25.6,"ID":25},{"utility":14,"ID":26},{"utility":6.6,"ID":29}],[{"utility":0,"ID":2},{"utility":0,"ID":11}],[],[],[{"utility":0,"ID":20}],[{"utility":31,"ID":22},{"utility":48,"ID":39},{"utility":27.5,"ID":40}],[{"utility":40,"ID":8},{"utility":50,"ID":28},{"utility":42,"ID":38}],[{"utility":0,"ID":5}],[{"utility":0,"ID":12},{"utility":0,"ID":30}],[{"utility":29,"ID":16},{"utility":23.5,"ID":31},{"utility":0,"ID":32}],[{"utility":0,"ID":33}],[],[{"utility":0,"ID":27},{"utility":99,"ID":36}],[{"utility":0,"ID":1},{"utility":0,"ID":23}],[{"utility":23,"ID":6},{"utility":37.5,"ID":7},{"utility":0,"ID":24}],[{"utility":42,"ID":13},{"utility":14,"ID":35}],[{"utility":44,"ID":3},{"utility":52,"ID":4},{"utility":0,"ID":19}],[],[],[],[],[],[],[],[],[],[],[],[],[],[],[],[],[],[],[],[]],"CORE :":false,"LAST PARTITION":{"22":24,"23":6,"24":3,"25":2,"26":4,"27":16,"28":25,"29":17,"30":23,"31":13,"10":28,"32":8,"11":11,"33":14,"12":25,"34":11,"13":23,"35":19,"14":1,"36":16,"15":18,"37":7,"16":13,"38":10,"17":5,"39":21,"18":12,"19":15,"1":24,"2":3,"3":21,"4":20,"5":7,"6":17,"7":8,"8":10,"9":18,"40":1,"20":9,"21":28}},{"STARTING PARTITION: ":{"22":11,"23":9,"24":8,"25":4,"26":12,"27":20,"28":19,"29":20,"30":12,"31":9,"10":17,"32":10,"11":4,"33":18,"12":14,"34":7,"13":8,"35":12,"14":5,"36":3,"15":4,"37":6,"16":14,"38":13,"17":18,"39":12,"18":10,"19":5,"1":8,"2":3,"3":16,"4":13,"5":13,"6":13,"7":2,"8":8,"9":15,"40":13,"20":4,"21":20},"Agents":[null,{"utility":85,"ID":1},{"utility":95,"ID":2},{"utility":75,"ID":3},{"utility":50,"ID":4},{"utility":98,"ID":5},{"utility":67,"ID":6},{"utility":98,"ID":7},{"utility":80,"ID":8},{"utility":83,"ID":9},{"utility":91,"ID":10},{"utility":95,"ID":11},{"utility":88,"ID":12},{"utility":74,"ID":13},{"utility":99,"ID":14},{"utility":51,"ID":15},{"utility":58,"ID":16},{"utility":0,"ID":17},{"utility":31,"ID":18},{"utility":93,"ID":19},{"utility":0,"ID":20},{"utility":81,"ID":21},{"utility":14,"ID":22},{"utility":0,"ID":23},{"utility":55,"ID":24},{"utility":0,"ID":25},{"utility":0,"ID":26},{"utility":0,"ID":27},{"utility":82,"ID":28},{"utility":34,"ID":29},{"utility":37,"ID":30},{"utility":47,"ID":31},{"utility":59,"ID":32},{"utility":29,"ID":33},{"utility":93,"ID":34},{"utility":36,"ID":35},{"utility":0,"ID":36},{"utility":63,"ID":37},{"utility":84,"ID":38},{"utility":65,"ID":39},{"utility":75,"ID":40}],"LAST COALITION":[[],[{"utility":0,"ID":26}],[{"utility":0,"ID":23}],[{"utility":95,"ID":2},{"utility":0,"ID":36}],[{"utility":67,"ID":6},{"utility":34,"ID":29}],[{"utility":74,"ID":13},{"utility":37,"ID":30}],[{"utility":95,"ID":11},{"utility":93,"ID":34}],[{"utility":80,"ID":8},{"utility":84,"ID":38}],[{"utility":83,"ID":9},{"utility":51,"ID":15}],[{"utility":99,"ID":14},{"utility":75,"ID":40}],[{"utility":91,"ID":10},{"utility":81,"ID":21}],[{"utility":31,"ID":18},{"utility":93,"ID":19}],[{"utility":36,"ID":35},{"utility":65,"ID":39}],[{"utility":75,"ID":3},{"utility":29,"ID":33}],[{"utility":0,"ID":20}],[{"utility":0,"ID":17}],[{"utility":98,"ID":5},{"utility":63,"ID":37}],[],[{"utility":58,"ID":16},{"utility":47,"ID":31}],[{"utility":88,"ID":12},{"utility":82,"ID":28}],[{"utility":0,"ID":27}],[],[{"utility":98,"ID":7},{"utility":59,"ID":32}],[{"utility":85,"ID":1},{"utility":55,"ID":24}],[{"utility":50,"ID":4},{"utility":14,"ID":22}],[{"utility":0,"ID":25}],[],[],[],[],[],[],[],[],[],[],[],[],[],[],[]],"STARTING COALITION: ":[[null],[],[{"utility":0,"ID":7}],[{"utility":95,"ID":2},{"utility":0,"ID":36}],[{"utility":23,"ID":11},{"utility":0,"ID":15},{"utility":0,"ID":20},{"utility":24.666666666666668,"ID":25}],[{"utility":74,"ID":14},{"utility":94,"ID":19}],[{"utility":0,"ID":37}],[{"utility":0,"ID":34}],[{"utility":28.333333333333332,"ID":1},{"utility":32,"ID":8},{"utility":30.333333333333332,"ID":13},{"utility":18.333333333333332,"ID":24}],[{"utility":0,"ID":23},{"utility":0,"ID":31}],[{"utility":34,"ID":18},{"utility":0,"ID":32}],[{"utility":0,"ID":22}],[{"utility":86,"ID":26},{"utility":39,"ID":30},{"utility":33,"ID":35},{"utility":71,"ID":39}],[{"utility":0,"ID":4},{"utility":27,"ID":5},{"utility":41.75,"ID":6},{"utility":12.5,"ID":38},{"utility":36,"ID":40}],[{"utility":0,"ID":12},{"utility":0,"ID":16}],[{"utility":0,"ID":9}],[{"utility":0,"ID":3}],[{"utility":0,"ID":10}],[{"utility":15,"ID":17},{"utility":45,"ID":33}],[{"utility":0,"ID":28}],[{"utility":8.5,"ID":21},{"utility":9,"ID":27},{"utility":15.5,"ID":29}],[],[],[],[],[],[],[],[],[],[],[],[],[],[],[],[],[],[],[],[]],"CORE :":false,"LAST PARTITION":{"22":24,"23":2,"24":23,"25":25,"26":1,"27":20,"28":19,"29":4,"30":5,"31":18,"10":10,"32":22,"11":6,"33":13,"12":19,"34":6,"13":5,"35":12,"14":9,"36":3,"15":8,"37":16,"16":18,"38":7,"17":15,"39":12,"18":11,"19":11,"1":23,"2":3,"3":13,"4":24,"5":16,"6":4,"7":22,"8":7,"9":8,"40":9,"20":14,"21":10}},{"STARTING PARTITION: ":{"22":19,"23":15,"24":9,"25":2,"26":9,"27":12,"28":17,"29":8,"30":17,"31":16,"10":8,"32":3,"11":1,"33":12,"12":17,"34":19,"13":20,"35":1,"14":13,"36":16,"15":20,"37":17,"16":6,"38":6,"17":2,"39":10,"18":15,"19":12,"1":10,"2":2,"3":20,"4":7,"5":1,"6":1,"7":6,"8":3,"9":15,"40":13,"20":12,"21":10},"Agents":[null,{"utility":85,"ID":1},{"utility":73,"ID":2},{"utility":96,"ID":3},{"utility":85,"ID":4},{"utility":98,"ID":5},{"utility":67,"ID":6},{"utility":98,"ID":7},{"utility":80,"ID":8},{"utility":83,"ID":9},{"utility":91,"ID":10},{"utility":95,"ID":11},{"utility":88,"ID":12},{"utility":74,"ID":13},{"utility":99,"ID":14},{"utility":51,"ID":15},{"utility":58,"ID":16},{"utility":45,"ID":17},{"utility":26,"ID":18},{"utility":0,"ID":19},{"utility":0,"ID":20},{"utility":81,"ID":21},{"utility":0,"ID":22},{"utility":0,"ID":23},{"utility":55,"ID":24},{"utility":0,"ID":25},{"utility":0,"ID":26},{"utility":59,"ID":27},{"utility":82,"ID":28},{"utility":34,"ID":29},{"utility":37,"ID":30},{"utility":47,"ID":31},{"utility":59,"ID":32},{"utility":0,"ID":33},{"utility":93,"ID":34},{"utility":0,"ID":35},{"utility":0,"ID":36},{"utility":63,"ID":37},{"utility":84,"ID":38},{"utility":20,"ID":39},{"utility":75,"ID":40}],"LAST COALITION":[[],[{"utility":0,"ID":35}],[{"utility":88,"ID":12},{"utility":82,"ID":28}],[{"utility":80,"ID":8},{"utility":84,"ID":38}],[{"utility":45,"ID":17},{"utility":26,"ID":18}],[],[{"utility":83,"ID":9},{"utility":51,"ID":15}],[{"utility":0,"ID":20}],[{"utility":91,"ID":10},{"utility":81,"ID":21}],[{"utility":0,"ID":26}],[],[{"utility":96,"ID":3},{"utility":20,"ID":39}],[{"utility":59,"ID":27},{"utility":0,"ID":33}],[{"utility":99,"ID":14},{"utility":75,"ID":40}],[{"utility":98,"ID":5},{"utility":63,"ID":37}],[{"utility":0,"ID":19}],[{"utility":0,"ID":36}],[],[{"utility":85,"ID":1},{"utility":55,"ID":24}],[{"utility":95,"ID":11},{"utility":93,"ID":34}],[{"utility":0,"ID":23}],[{"utility":74,"ID":13},{"utility":37,"ID":30}],[{"utility":67,"ID":6},{"utility":34,"ID":29}],[{"utility":58,"ID":16},{"utility":47,"ID":31}],[{"utility":98,"ID":7},{"utility":59,"ID":32}],[{"utility":0,"ID":25}],[{"utility":0,"ID":22}],[{"utility":73,"ID":2},{"utility":85,"ID":4}],[],[],[],[],[],[],[],[],[],[],[],[],[]],"STARTING COALITION: ":[[null],[{"utility":0,"ID":5},{"utility":0.3333333333333333,"ID":6},{"utility":16.666666666666668,"ID":11},{"utility":12.333333333333334,"ID":35}],[{"utility":42.5,"ID":2},{"utility":4,"ID":17},{"utility":53.5,"ID":25}],[{"utility":0,"ID":8},{"utility":0,"ID":32}],[],[],[{"utility":0,"ID":7},{"utility":2.5,"ID":16},{"utility":30.5,"ID":38}],[{"utility":0,"ID":4}],[{"utility":0,"ID":10},{"utility":0,"ID":29}],[{"utility":0,"ID":24},{"utility":13,"ID":26}],[{"utility":32,"ID":1},{"utility":49.5,"ID":21},{"utility":43,"ID":39}],[],[{"utility":41,"ID":19},{"utility":19,"ID":20},{"utility":48.666666666666664,"ID":27},{"utility":13.666666666666666,"ID":33}],[{"utility":99,"ID":14},{"utility":75,"ID":40}],[],[{"utility":20,"ID":9},{"utility":8.5,"ID":18},{"utility":78,"ID":23}],[{"utility":0,"ID":31},{"utility":0,"ID":36}],[{"utility":29.333333333333332,"ID":12},{"utility":64,"ID":28},{"utility":1.3333333333333333,"ID":30},{"utility":95,"ID":37}],[],[{"utility":38,"ID":22},{"utility":0,"ID":34}],[{"utility":18.5,"ID":3},{"utility":23,"ID":13},{"utility":0,"ID":15}],[],[],[],[],[],[],[],[],[],[],[],[],[],[],[],[],[],[],[],[]],"CORE :":false,"LAST PARTITION":{"22":26,"23":20,"24":18,"25":25,"26":9,"27":12,"28":2,"29":22,"30":21,"31":23,"10":8,"32":24,"11":19,"33":12,"12":2,"34":19,"13":21,"35":1,"14":13,"36":16,"15":6,"37":14,"16":23,"38":3,"17":4,"39":11,"18":4,"19":15,"1":18,"2":27,"3":11,"4":27,"5":14,"6":22,"7":24,"8":3,"9":6,"40":13,"20":7,"21":8}},{"STARTING PARTITION: ":{"22":19,"23":12,"24":11,"25":11,"26":7,"27":5,"28":13,"29":4,"30":3,"31":20,"10":8,"32":1,"11":12,"33":9,"12":12,"34":18,"13":7,"35":3,"14":2,"36":1,"15":1,"37":14,"16":3,"38":18,"17":2,"39":5,"18":4,"19":7,"1":19,"2":9,"3":6,"4":5,"5":15,"6":11,"7":19,"8":19,"9":15,"40":14,"20":5,"21":12},"Agents":[null,{"utility":85,"ID":1},{"utility":73,"ID":2},{"utility":96,"ID":3},{"utility":85,"ID":4},{"utility":98,"ID":5},{"utility":67,"ID":6},{"utility":98,"ID":7},{"utility":80,"ID":8},{"utility":83,"ID":9},{"utility":91,"ID":10},{"utility":95,"ID":11},{"utility":88,"ID":12},{"utility":74,"ID":13},{"utility":99,"ID":14},{"utility":51,"ID":15},{"utility":58,"ID":16},{"utility":92,"ID":17},{"utility":31,"ID":18},{"utility":93,"ID":19},{"utility":2,"ID":20},{"utility":81,"ID":21},{"utility":0,"ID":22},{"utility":0,"ID":23},{"utility":55,"ID":24},{"utility":0,"ID":25},{"utility":0,"ID":26},{"utility":0,"ID":27},{"utility":82,"ID":28},{"utility":34,"ID":29},{"utility":37,"ID":30},{"utility":47,"ID":31},{"utility":59,"ID":32},{"utility":0,"ID":33},{"utility":93,"ID":34},{"utility":0,"ID":35},{"utility":0,"ID":36},{"utility":63,"ID":37},{"utility":84,"ID":38},{"utility":20,"ID":39},{"utility":75,"ID":40}],"LAST COALITION":[[],[{"utility":0,"ID":36}],[{"utility":99,"ID":14},{"utility":75,"ID":40}],[{"utility":0,"ID":35}],[{"utility":91,"ID":10},{"utility":81,"ID":21}],[{"utility":0,"ID":27}],[{"utility":98,"ID":5},{"utility":63,"ID":37}],[{"utility":0,"ID":26}],[{"utility":92,"ID":17},{"utility":2,"ID":20}],[{"utility":0,"ID":33}],[],[{"utility":95,"ID":11},{"utility":93,"ID":34}],[{"utility":88,"ID":12},{"utility":82,"ID":28}],[{"utility":96,"ID":3},{"utility":20,"ID":39}],[{"utility":0,"ID":25}],[{"utility":80,"ID":8},{"utility":84,"ID":38}],[{"utility":31,"ID":18},{"utility":93,"ID":19}],[],[{"utility":83,"ID":9},{"utility":51,"ID":15}],[{"utility":67,"ID":6},{"utility":34,"ID":29}],[{"utility":58,"ID":16},{"utility":47,"ID":31}],[],[{"utility":85,"ID":1},{"utility":55,"ID":24}],[{"utility":98,"ID":7},{"utility":59,"ID":32}],[],[{"utility":0,"ID":23}],[{"utility":74,"ID":13},{"utility":37,"ID":30}],[{"utility":0,"ID":22}],[{"utility":73,"ID":2},{"utility":85,"ID":4}],[],[],[],[],[],[],[],[],[],[],[],[]],"STARTING COALITION: ":[[null],[{"utility":25,"ID":15},{"utility":0,"ID":32},{"utility":34.5,"ID":36}],[{"utility":0,"ID":14},{"utility":0,"ID":17}],[{"utility":12.5,"ID":16},{"utility":68,"ID":30},{"utility":8.5,"ID":35}],[{"utility":0,"ID":18},{"utility":0,"ID":29}],[{"utility":43,"ID":4},{"utility":21.666666666666668,"ID":20},{"utility":0,"ID":27},{"utility":0,"ID":39}],[{"utility":0,"ID":3}],[{"utility":6,"ID":13},{"utility":41.5,"ID":19},{"utility":44.5,"ID":26}],[{"utility":0,"ID":10}],[{"utility":37,"ID":2},{"utility":24,"ID":33}],[],[{"utility":32,"ID":6},{"utility":40,"ID":24},{"utility":30.5,"ID":25}],[{"utility":23.666666666666668,"ID":11},{"utility":0,"ID":12},{"utility":33.666666666666664,"ID":21},{"utility":6.666666666666667,"ID":23}],[{"utility":0,"ID":28}],[{"utility":22,"ID":37},{"utility":98,"ID":40}],[{"utility":0,"ID":5},{"utility":0,"ID":9}],[],[],[{"utility":35,"ID":34},{"utility":0,"ID":38}],[{"utility":23.333333333333332,"ID":1},{"utility":42.666666666666664,"ID":7},{"utility":0.3333333333333333,"ID":8},{"utility":31.333333333333332,"ID":22}],[{"utility":0,"ID":31}],[],[],[],[],[],[],[],[],[],[],[],[],[],[],[],[],[],[],[],[]],"CORE :":false,"LAST PARTITION":{"22":27,"23":25,"24":22,"25":14,"26":7,"27":5,"28":12,"29":19,"30":26,"31":20,"10":4,"32":23,"11":11,"33":9,"12":12,"34":11,"13":26,"35":3,"14":2,"36":1,"15":18,"37":6,"16":20,"38":15,"17":8,"39":13,"18":16,"19":16,"1":22,"2":28,"3":13,"4":28,"5":6,"6":19,"7":23,"8":15,"9":18,"40":2,"20":8,"21":4}},{"END OF FILE:" : true}]