[{"STARTING PARTITION: ":{"22":3,"23":19,"24":12,"25":11,"26":13,"27":19,"28":3,"29":11,"30":4,"31":4,"10":20,"32":20,"11":15,"33":7,"12":20,"34":10,"13":6,"35":13,"14":4,"36":4,"15":16,"37":17,"16":15,"38":4,"17":6,"39":16,"18":15,"19":16,"1":14,"2":15,"3":16,"4":3,"5":17,"6":11,"7":11,"8":5,"9":9,"40":15,"20":1,"21":15},"Agents":[null,{"utility":99,"ID":1},{"utility":89,"ID":2},{"utility":65,"ID":3},{"utility":99,"ID":4},{"utility":16,"ID":5},{"utility":95,"ID":6},{"utility":83,"ID":7},{"utility":94,"ID":8},{"utility":0,"ID":9},{"utility":40,"ID":10},{"utility":61,"ID":11},{"utility":72,"ID":12},{"utility":95,"ID":13},{"utility":95,"ID":14},{"utility":78,"ID":15},{"utility":0,"ID":16},{"utility":41,"ID":17},{"utility":78,"ID":18},{"utility":21,"ID":19},{"utility":0,"ID":20},{"utility":0,"ID":21},{"utility":91,"ID":22},{"utility":0,"ID":23},{"utility":0,"ID":24},{"utility":0,"ID":25},{"utility":0,"ID":26},{"utility":1,"ID":27},{"utility":95,"ID":28},{"utility":86,"ID":29},{"utility":74,"ID":30},{"utility":0,"ID":31},{"utility":34,"ID":32},{"utility":0,"ID":33},{"utility":0,"ID":34},{"utility":0,"ID":35},{"utility":89,"ID":36},{"utility":0,"ID":37},{"utility":98,"ID":38},{"utility":19,"ID":39},{"utility":1,"ID":40}],"LAST COALITION":[[],[{"utility":0,"ID":20}],[{"utility":83,"ID":7},{"utility":1,"ID":40}],[{"utility":91,"ID":22},{"utility":95,"ID":28}],[{"utility":74,"ID":30},{"utility":0,"ID":31}],[{"utility":65,"ID":3},{"utility":34,"ID":32}],[{"utility":0,"ID":26}],[{"utility":0,"ID":33}],[{"utility":99,"ID":1},{"utility":95,"ID":13}],[{"utility":95,"ID":14},{"utility":78,"ID":18}],[{"utility":0,"ID":34}],[{"utility":0,"ID":21}],[{"utility":0,"ID":24}],[{"utility":94,"ID":8},{"utility":19,"ID":39}],[],[{"utility":89,"ID":2},{"utility":21,"ID":19}],[{"utility":72,"ID":12},{"utility":41,"ID":17}],[{"utility":0,"ID":16}],[{"utility":0,"ID":25}],[{"utility":61,"ID":11},{"utility":86,"ID":29}],[{"utility":16,"ID":5},{"utility":78,"ID":15}],[{"utility":0,"ID":9}],[{"utility":0,"ID":37}],[{"utility":0,"ID":35}],[{"utility":0,"ID":23}],[{"utility":95,"ID":6},{"utility":1,"ID":27}],[{"utility":99,"ID":4},{"utility":98,"ID":38}],[],[{"utility":40,"ID":10},{"utility":89,"ID":36}],[],[],[],[],[],[],[],[],[],[],[],[]],"STARTING COALITION: ":[[null],[{"utility":0,"ID":20}],[],[{"utility":24.5,"ID":4},{"utility":45.5,"ID":22},{"utility":47.5,"ID":28}],[{"utility":41.5,"ID":14},{"utility":27,"ID":30},{"utility":8.25,"ID":31},{"utility":8.25,"ID":36},{"utility":38.75,"ID":38}],[{"utility":0,"ID":8}],[{"utility":0,"ID":13},{"utility":0,"ID":17}],[{"utility":0,"ID":33}],[],[{"utility":0,"ID":9}],[{"utility":0,"ID":34}],[{"utility":37,"ID":6},{"utility":23,"ID":7},{"utility":24.666666666666668,"ID":25},{"utility":73,"ID":29}],[{"utility":0,"ID":24}],[{"utility":0,"ID":26},{"utility":55,"ID":35}],[{"utility":0,"ID":1}],[{"utility":14.2,"ID":2},{"utility":23,"ID":11},{"utility":19,"ID":16},{"utility":48.4,"ID":18},{"utility":20.2,"ID":21},{"utility":19.2,"ID":40}],[{"utility":21.666666666666668,"ID":3},{"utility":36.333333333333336,"ID":15},{"utility":40.666666666666664,"ID":19},{"utility":18.666666666666668,"ID":39}],[{"utility":0,"ID":5},{"utility":98,"ID":37}],[],[{"utility":72,"ID":23},{"utility":19,"ID":27}],[{"utility":0,"ID":10},{"utility":26.5,"ID":12},{"utility":57,"ID":32}],[],[],[],[],[],[],[],[],[],[],[],[],[],[],[],[],[],[],[],[]],"CORE :":false,"LAST PARTITION":{"22":3,"23":24,"24":12,"25":18,"26":6,"27":25,"28":3,"29":19,"30":4,"31":4,"10":28,"32":5,"11":19,"33":7,"12":16,"34":10,"13":8,"35":23,"14":9,"36":28,"15":20,"37":22,"16":17,"38":26,"17":16,"39":13,"18":9,"19":15,"1":8,"2":15,"3":5,"4":26,"5":20,"6":25,"7":2,"8":13,"9":21,"40":2,"20":1,"21":11}},{"STARTING PARTITION: ":{"22":6,"23":18,"24":20,"25":4,"26":1,"27":12,"28":17,"29":8,"30":19,"31":4,"10":18,"32":9,"11":18,"33":5,"12":17,"34":9,"13":15,"35":2,"14":1,"36":14,"15":3,"37":1,"16":12,"38":13,"17":12,"39":4,"18":1,"19":11,"1":14,"2":5,"3":6,"4":19,"5":3,"6":6,"7":10,"8":10,"9":14,"40":11,"20":19,"21":3},"Agents":[null,{"utility":99,"ID":1},{"utility":82,"ID":2},{"utility":86,"ID":3},{"utility":99,"ID":4},{"utility":62,"ID":5},{"utility":11,"ID":6},{"utility":78,"ID":7},{"utility":75,"ID":8},{"utility":57,"ID":9},{"utility":0,"ID":10},{"utility":58,"ID":11},{"utility":0,"ID":12},{"utility":95,"ID":13},{"utility":95,"ID":14},{"utility":70,"ID":15},{"utility":0,"ID":16},{"utility":0,"ID":17},{"utility":78,"ID":18},{"utility":38,"ID":19},{"utility":0,"ID":20},{"utility":8,"ID":21},{"utility":11,"ID":22},{"utility":84,"ID":23},{"utility":0,"ID":24},{"utility":56,"ID":25},{"utility":0,"ID":26},{"utility":0,"ID":27},{"utility":0,"ID":28},{"utility":0,"ID":29},{"utility":0,"ID":30},{"utility":0,"ID":31},{"utility":94,"ID":32},{"utility":0,"ID":33},{"utility":59,"ID":34},{"utility":26,"ID":35},{"utility":0,"ID":36},{"utility":35,"ID":37},{"utility":98,"ID":38},{"utility":93,"ID":39},{"utility":69,"ID":40}],"LAST COALITION":[[],[{"utility":95,"ID":14},{"utility":78,"ID":18}],[{"utility":0,"ID":27}],[{"utility":70,"ID":15},{"utility":8,"ID":21}],[{"utility":0,"ID":31},{"utility":93,"ID":39}],[{"utility":0,"ID":33}],[{"utility":86,"ID":3},{"utility":11,"ID":22}],[{"utility":99,"ID":1},{"utility":95,"ID":13}],[{"utility":78,"ID":7},{"utility":35,"ID":37}],[{"utility":94,"ID":32},{"utility":59,"ID":34}],[],[{"utility":38,"ID":19},{"utility":69,"ID":40}],[{"utility":75,"ID":8},{"utility":26,"ID":35}],[{"utility":62,"ID":5},{"utility":58,"ID":11}],[{"utility":11,"ID":6},{"utility":57,"ID":9}],[{"utility":82,"ID":2},{"utility":56,"ID":25}],[{"utility":0,"ID":36}],[{"utility":0,"ID":12},{"utility":0,"ID":28}],[{"utility":0,"ID":10},{"utility":84,"ID":23}],[{"utility":0,"ID":30}],[{"utility":0,"ID":24}],[{"utility":99,"ID":4},{"utility":98,"ID":38}],[{"utility":0,"ID":20}],[{"utility":0,"ID":26}],[{"utility":0,"ID":17}],[{"utility":0,"ID":29}],[{"utility":0,"ID":16}],[],[],[],[],[],[],[],[],[],[],[],[],[],[]],"STARTING COALITION: ":[[null],[{"utility":58.666666666666664,"ID":14},{"utility":52.666666666666664,"ID":18},{"utility":31.333333333333332,"ID":26},{"utility":0,"ID":37}],[{"utility":0,"ID":35}],[{"utility":8,"ID":5},{"utility":74,"ID":15},{"utility":4,"ID":21}],[{"utility":0,"ID":25},{"utility":0,"ID":31},{"utility":46.5,"ID":39}],[{"utility":39,"ID":2},{"utility":23,"ID":33}],[{"utility":57,"ID":3},{"utility":19,"ID":6},{"utility":21,"ID":22}],[],[{"utility":0,"ID":29}],[{"utility":94,"ID":32},{"utility":59,"ID":34}],[{"utility":0,"ID":7},{"utility":97,"ID":8}],[{"utility":38,"ID":19},{"utility":69,"ID":40}],[{"utility":26,"ID":16},{"utility":43,"ID":17},{"utility":77,"ID":27}],[{"utility":0,"ID":38}],[{"utility":60.5,"ID":1},{"utility":28.5,"ID":9},{"utility":0,"ID":36}],[{"utility":0,"ID":13}],[],[{"utility":0,"ID":12},{"utility":0,"ID":28}],[{"utility":0,"ID":10},{"utility":42,"ID":11},{"utility":42,"ID":23}],[{"utility":71,"ID":4},{"utility":37.5,"ID":20},{"utility":0,"ID":30}],[{"utility":0,"ID":24}],[],[],[],[],[],[],[],[],[],[],[],[],[],[],[],[],[],[],[],[]],"CORE :":false,"LAST PARTITION":{"22":6,"23":18,"24":20,"25":15,"26":23,"27":2,"28":17,"29":25,"30":19,"31":4,"10":18,"32":9,"11":13,"33":5,"12":17,"34":9,"13":7,"35":12,"14":1,"36":16,"15":3,"37":8,"16":26,"38":21,"17":24,"39":4,"18":1,"19":11,"1":7,"2":15,"3":6,"4":21,"5":13,"6":14,"7":8,"8":12,"9":14,"40":11,"20":22,"21":3}},{"STARTING PARTITION: ":{"22":19,"23":1,"24":2,"25":5,"26":14,"27":8,"28":20,"29":6,"30":11,"31":1,"10":3,"32":10,"11":6,"33":20,"12":7,"34":7,"13":1,"35":10,"14":19,"36":11,"15":15,"37":13,"16":2,"38":3,"17":15,"39":6,"18":17,"19":7,"1":4,"2":18,"3":14,"4":14,"5":11,"6":13,"7":9,"8":14,"9":16,"40":9,"20":3,"21":10},"Agents":[null,{"utility":99,"ID":1},{"utility":0,"ID":2},{"utility":86,"ID":3},{"utility":99,"ID":4},{"utility":16,"ID":5},{"utility":95,"ID":6},{"utility":83,"ID":7},{"utility":94,"ID":8},{"utility":94,"ID":9},{"utility":40,"ID":10},{"utility":85,"ID":11},{"utility":0,"ID":12},{"utility":95,"ID":13},{"utility":27,"ID":14},{"utility":78,"ID":15},{"utility":74,"ID":16},{"utility":0,"ID":17},{"utility":58,"ID":18},{"utility":17,"ID":19},{"utility":0,"ID":20},{"utility":0,"ID":21},{"utility":11,"ID":22},{"utility":95,"ID":23},{"utility":0,"ID":24},{"utility":0,"ID":25},{"utility":0,"ID":26},{"utility":1,"ID":27},{"utility":64,"ID":28},{"utility":0,"ID":29},{"utility":0,"ID":30},{"utility":0,"ID":31},{"utility":0,"ID":32},{"utility":0,"ID":33},{"utility":0,"ID":34},{"utility":0,"ID":35},{"utility":89,"ID":36},{"utility":0,"ID":37},{"utility":98,"ID":38},{"utility":19,"ID":39},{"utility":1,"ID":40}],"LAST COALITION":[[],[{"utility":95,"ID":23},{"utility":0,"ID":31}],[{"utility":0,"ID":24}],[{"utility":0,"ID":20}],[{"utility":99,"ID":1},{"utility":95,"ID":13}],[{"utility":40,"ID":10},{"utility":89,"ID":36}],[{"utility":0,"ID":29}],[{"utility":0,"ID":34}],[],[{"utility":83,"ID":7},{"utility":1,"ID":40}],[{"utility":0,"ID":32}],[{"utility":0,"ID":30}],[{"utility":27,"ID":14},{"utility":74,"ID":16}],[{"utility":0,"ID":37}],[{"utility":0,"ID":26}],[{"utility":0,"ID":25}],[{"utility":85,"ID":11},{"utility":58,"ID":18}],[{"utility":95,"ID":6},{"utility":1,"ID":27}],[{"utility":0,"ID":2}],[{"utility":16,"ID":5},{"utility":78,"ID":15}],[{"utility":64,"ID":28},{"utility":0,"ID":33}],[{"utility":86,"ID":3},{"utility":11,"ID":22}],[{"utility":0,"ID":35}],[{"utility":94,"ID":8},{"utility":19,"ID":39}],[{"utility":0,"ID":12}],[{"utility":99,"ID":4},{"utility":98,"ID":38}],[{"utility":0,"ID":21}],[{"utility":94,"ID":9},{"utility":17,"ID":19}],[],[{"utility":0,"ID":17}],[],[],[],[],[],[],[],[],[],[],[]],"STARTING COALITION: ":[[null],[{"utility":34,"ID":13},{"utility":93.5,"ID":23},{"utility":0,"ID":31}],[{"utility":0,"ID":16},{"utility":0,"ID":24}],[{"utility":19,"ID":10},{"utility":0,"ID":20},{"utility":18,"ID":38}],[{"utility":0,"ID":1}],[{"utility":0,"ID":25}],[{"utility":72,"ID":11},{"utility":43,"ID":29},{"utility":0,"ID":39}],[{"utility":19.5,"ID":12},{"utility":0,"ID":19},{"utility":27,"ID":34}],[{"utility":0,"ID":27}],[{"utility":83,"ID":7},{"utility":1,"ID":40}],[{"utility":58,"ID":21},{"utility":0,"ID":32},{"utility":13.5,"ID":35}],[{"utility":41.5,"ID":5},{"utility":0,"ID":30},{"utility":0,"ID":36}],[],[{"utility":51,"ID":6},{"utility":0,"ID":37}],[{"utility":12,"ID":3},{"utility":30,"ID":4},{"utility":20.666666666666668,"ID":8},{"utility":16.333333333333332,"ID":26}],[{"utility":0,"ID":15},{"utility":1,"ID":17}],[{"utility":0,"ID":9}],[{"utility":0,"ID":18}],[{"utility":0,"ID":2}],[{"utility":0,"ID":14},{"utility":0,"ID":22}],[{"utility":64,"ID":28},{"utility":0,"ID":33}],[],[],[],[],[],[],[],[],[],[],[],[],[],[],[],[],[],[],[],[]],"CORE :":false,"LAST PARTITION":{"22":21,"23":1,"24":2,"25":15,"26":14,"27":17,"28":20,"29":6,"30":11,"31":1,"10":5,"32":10,"11":16,"33":20,"12":24,"34":7,"13":4,"35":22,"14":12,"36":5,"15":19,"37":13,"16":12,"38":25,"17":29,"39":23,"18":16,"19":27,"1":4,"2":18,"3":21,"4":25,"5":19,"6":17,"7":9,"8":23,"9":27,"40":9,"20":3,"21":26}},{"STARTING PARTITION: ":{"22":15,"23":8,"24":15,"25":14,"26":11,"27":17,"28":12,"29":15,"30":17,"31":6,"10":12,"32":10,"11":19,"33":3,"12":16,"34":2,"13":18,"35":19,"14":3,"36":6,"15":8,"37":1,"16":11,"38":1,"17":4,"39":7,"18":20,"19":18,"1":6,"2":3,"3":2,"4":20,"5":8,"6":7,"7":4,"8":20,"9":10,"40":12,"20":18,"21":5},"Agents":[null,{"utility":99,"ID":1},{"utility":89,"ID":2},{"utility":86,"ID":3},{"utility":99,"ID":4},{"utility":0,"ID":5},{"utility":95,"ID":6},{"utility":83,"ID":7},{"utility":94,"ID":8},{"utility":0,"ID":9},{"utility":40,"ID":10},{"utility":61,"ID":11},{"utility":72,"ID":12},{"utility":95,"ID":13},{"utility":95,"ID":14},{"utility":70,"ID":15},{"utility":0,"ID":16},{"utility":41,"ID":17},{"utility":78,"ID":18},{"utility":21,"ID":19},{"utility":0,"ID":20},{"utility":8,"ID":21},{"utility":11,"ID":22},{"utility":0,"ID":23},{"utility":0,"ID":24},{"utility":0,"ID":25},{"utility":0,"ID":26},{"utility":1,"ID":27},{"utility":0,"ID":28},{"utility":86,"ID":29},{"utility":0,"ID":30},{"utility":0,"ID":31},{"utility":0,"ID":32},{"utility":0,"ID":33},{"utility":0,"ID":34},{"utility":0,"ID":35},{"utility":89,"ID":36},{"utility":0,"ID":37},{"utility":98,"ID":38},{"utility":19,"ID":39},{"utility":1,"ID":40}],"LAST COALITION":[[],[{"utility":83,"ID":7},{"utility":1,"ID":40}],[{"utility":0,"ID":34}],[{"utility":0,"ID":33}],[{"utility":0,"ID":26}],[{"utility":89,"ID":2},{"utility":21,"ID":19}],[{"utility":0,"ID":31}],[{"utility":61,"ID":11},{"utility":86,"ID":29}],[{"utility":0,"ID":23}],[{"utility":70,"ID":15},{"utility":8,"ID":21}],[{"utility":95,"ID":6},{"utility":1,"ID":27}],[{"utility":0,"ID":35}],[{"utility":86,"ID":3},{"utility":11,"ID":22}],[{"utility":99,"ID":1},{"utility":95,"ID":13}],[{"utility":40,"ID":10},{"utility":89,"ID":36}],[{"utility":0,"ID":24}],[{"utility":72,"ID":12},{"utility":41,"ID":17}],[{"utility":0,"ID":30}],[{"utility":0,"ID":37}],[{"utility":94,"ID":8},{"utility":19,"ID":39}],[{"utility":95,"ID":14},{"utility":78,"ID":18}],[{"utility":0,"ID":5}],[{"utility":0,"ID":25}],[{"utility":0,"ID":32}],[{"utility":99,"ID":4},{"utility":98,"ID":38}],[{"utility":0,"ID":28}],[{"utility":0,"ID":9}],[],[],[{"utility":0,"ID":20}],[{"utility":0,"ID":16}],[],[],[],[],[],[],[],[],[],[]],"STARTING COALITION: ":[[null],[{"utility":80,"ID":37},{"utility":91,"ID":38}],[{"utility":14,"ID":3},{"utility":0,"ID":34}],[{"utility":66.5,"ID":2},{"utility":35,"ID":14},{"utility":35,"ID":33}],[{"utility":47,"ID":7},{"utility":99,"ID":17}],[{"utility":0,"ID":21}],[{"utility":38,"ID":1},{"utility":14,"ID":31},{"utility":0,"ID":36}],[{"utility":85,"ID":6},{"utility":78,"ID":39}],[{"utility":38.5,"ID":5},{"utility":53.5,"ID":15},{"utility":0,"ID":23}],[],[{"utility":42,"ID":9},{"utility":0,"ID":32}],[{"utility":67,"ID":16},{"utility":0,"ID":26}],[{"utility":0,"ID":10},{"utility":0,"ID":28},{"utility":0,"ID":40}],[],[{"utility":0,"ID":25}],[{"utility":44.5,"ID":22},{"utility":0,"ID":24},{"utility":67,"ID":29}],[{"utility":0,"ID":12}],[{"utility":0,"ID":27},{"utility":0,"ID":30}],[{"utility":0,"ID":13},{"utility":29,"ID":19},{"utility":0,"ID":20}],[{"utility":0,"ID":11},{"utility":3,"ID":35}],[{"utility":31.5,"ID":4},{"utility":0,"ID":8},{"utility":91,"ID":18}],[],[],[],[],[],[],[],[],[],[],[],[],[],[],[],[],[],[],[],[]],"CORE :":false,"LAST PARTITION":{"22":12,"23":8,"24":15,"25":22,"26":4,"27":10,"28":25,"29":7,"30":17,"31":6,"10":14,"32":23,"11":7,"33":3,"12":16,"34":2,"13":13,"35":11,"14":20,"36":14,"15":9,"37":18,"16":30,"38":24,"17":16,"39":19,"18":20,"19":5,"1":13,"2":5,"3":12,"4":24,"5":21,"6":10,"7":1,"8":19,"9":26,"40":1,"20":29,"21":9}},{"STARTING PARTITION: ":{"22":5,"23":14,"24":7,"25":9,"26":4,"27":4,"28":2,"29":7,"30":17,"31":10,"10":9,"32":6,"11":12,"33":7,"12":3,"34":7,"13":6,"35":9,"14":3,"36":16,"15":13,"37":1,"16":10,"38":6,"17":5,"39":5,"18":12,"19":7,"1":17,"2":13,"3":9,"4":11,"5":3,"6":2,"7":11,"8":15,"9":2,"40":7,"20":14,"21":13},"Agents":[null,{"utility":99,"ID":1},{"utility":38,"ID":2},{"utility":86,"ID":3},{"utility":99,"ID":4},{"utility":85,"ID":5},{"utility":95,"ID":6},{"utility":78,"ID":7},{"utility":94,"ID":8},{"utility":78,"ID":9},{"utility":40,"ID":10},{"utility":85,"ID":11},{"utility":0,"ID":12},{"utility":95,"ID":13},{"utility":27,"ID":14},{"utility":0,"ID":15},{"utility":74,"ID":16},{"utility":0,"ID":17},{"utility":58,"ID":18},{"utility":34.75,"ID":19},{"utility":72,"ID":20},{"utility":0,"ID":21},{"utility":11,"ID":22},{"utility":21,"ID":23},{"utility":24.75,"ID":24},{"utility":43,"ID":25},{"utility":0,"ID":26},{"utility":1,"ID":27},{"utility":0,"ID":28},{"utility":0,"ID":29},{"utility":0,"ID":30},{"utility":0,"ID":31},{"utility":0,"ID":32},{"utility":40.5,"ID":33},{"utility":32.5,"ID":34},{"utility":0,"ID":35},{"utility":89,"ID":36},{"utility":35,"ID":37},{"utility":98,"ID":38},{"utility":19,"ID":39},{"utility":61.5,"ID":40}],"LAST COALITION":[[],[{"utility":38,"ID":2},{"utility":85,"ID":5}],[{"utility":0,"ID":28}],[{"utility":0,"ID":17}],[{"utility":40,"ID":10},{"utility":89,"ID":36}],[{"utility":78,"ID":9},{"utility":43,"ID":25}],[{"utility":0,"ID":32}],[{"utility":34.75,"ID":19},{"utility":24.75,"ID":24},{"utility":40.5,"ID":33},{"utility":32.5,"ID":34},{"utility":61.5,"ID":40}],[{"utility":99,"ID":1},{"utility":95,"ID":13}],[{"utility":0,"ID":21}],[{"utility":0,"ID":31}],[{"utility":85,"ID":11},{"utility":58,"ID":18}],[{"utility":0,"ID":35}],[{"utility":27,"ID":14},{"utility":74,"ID":16}],[{"utility":72,"ID":20},{"utility":21,"ID":23}],[],[{"utility":99,"ID":4},{"utility":98,"ID":38}],[{"utility":0,"ID":30}],[{"utility":78,"ID":7},{"utility":35,"ID":37}],[{"utility":0,"ID":26}],[{"utility":95,"ID":6},{"utility":1,"ID":27}],[{"utility":86,"ID":3},{"utility":11,"ID":22}],[{"utility":0,"ID":15}],[{"utility":0,"ID":12}],[{"utility":0,"ID":29}],[],[{"utility":94,"ID":8},{"utility":19,"ID":39}],[],[],[],[],[],[],[],[],[],[],[],[],[],[]],"STARTING COALITION: ":[[null],[{"utility":0,"ID":37}],[{"utility":12.5,"ID":6},{"utility":63,"ID":9},{"utility":11,"ID":28}],[{"utility":0,"ID":5},{"utility":0,"ID":12},{"utility":25.5,"ID":14}],[{"utility":50,"ID":26},{"utility":0,"ID":27}],[{"utility":63,"ID":17},{"utility":0,"ID":22},{"utility":67,"ID":39}],[{"utility":0,"ID":13},{"utility":33.5,"ID":32},{"utility":0,"ID":38}],[{"utility":41.8,"ID":19},{"utility":19.8,"ID":24},{"utility":31.2,"ID":29},{"utility":45,"ID":33},{"utility":26,"ID":34},{"utility":49.2,"ID":40}],[],[{"utility":35.666666666666664,"ID":3},{"utility":53.333333333333336,"ID":10},{"utility":3.3333333333333335,"ID":25},{"utility":0,"ID":35}],[{"utility":15,"ID":16},{"utility":97,"ID":31}],[{"utility":0,"ID":4},{"utility":7,"ID":7}],[{"utility":85,"ID":11},{"utility":58,"ID":18}],[{"utility":51.5,"ID":2},{"utility":53,"ID":15},{"utility":4,"ID":21}],[{"utility":72,"ID":20},{"utility":21,"ID":23}],[{"utility":0,"ID":8}],[{"utility":0,"ID":36}],[{"utility":13,"ID":1},{"utility":21,"ID":30}],[],[],[],[],[],[],[],[],[],[],[],[],[],[],[],[],[],[],[],[],[],[],[]],"CORE :":false,"LAST PARTITION":{"22":21,"23":14,"24":7,"25":5,"26":19,"27":20,"28":2,"29":24,"30":17,"31":10,"10":4,"32":6,"11":11,"33":7,"12":23,"34":7,"13":8,"35":12,"14":13,"36":4,"15":22,"37":18,"16":13,"38":16,"17":3,"39":26,"18":11,"19":7,"1":8,"2":1,"3":21,"4":16,"5":1,"6":20,"7":18,"8":26,"9":5,"40":7,"20":14,"21":9}},{"STARTING PARTITION: ":{"22":2,"23":12,"24":13,"25":2,"26":17,"27":15,"28":14,"29":4,"30":7,"31":2,"10":10,"32":6,"11":20,"33":17,"12":10,"34":15,"13":8,"35":2,"14":2,"36":14,"15":18,"37":13,"16":6,"38":14,"17":11,"39":19,"18":1,"19":8,"1":3,"2":5,"3":6,"4":8,"5":9,"6":15,"7":15,"8":17,"9":2,"40":8,"20":16,"21":7},"Agents":[null,{"utility":99,"ID":1},{"utility":90,"ID":2},{"utility":86,"ID":3},{"utility":99,"ID":4},{"utility":0,"ID":5},{"utility":95,"ID":6},{"utility":69,"ID":7},{"utility":94,"ID":8},{"utility":78,"ID":9},{"utility":40,"ID":10},{"utility":85,"ID":11},{"utility":0,"ID":12},{"utility":95,"ID":13},{"utility":27,"ID":14},{"utility":36,"ID":15},{"utility":74,"ID":16},{"utility":0,"ID":17},{"utility":58,"ID":18},{"utility":38,"ID":19},{"utility":0,"ID":20},{"utility":95,"ID":21},{"utility":11,"ID":22},{"utility":0,"ID":23},{"utility":12,"ID":24},{"utility":43,"ID":25},{"utility":54,"ID":26},{"utility":1,"ID":27},{"utility":0,"ID":28},{"utility":49,"ID":29},{"utility":5,"ID":30},{"utility":0,"ID":31},{"utility":0,"ID":32},{"utility":82,"ID":33},{"utility":0,"ID":34},{"utility":87,"ID":35},{"utility":89,"ID":36},{"utility":79,"ID":37},{"utility":98,"ID":38},{"utility":19,"ID":39},{"utility":69,"ID":40}],"LAST COALITION":[[],[{"utility":95,"ID":6},{"utility":1,"ID":27}],[{"utility":0,"ID":31},{"utility":87,"ID":35}],[{"utility":99,"ID":1},{"utility":95,"ID":13}],[{"utility":0,"ID":5}],[{"utility":94,"ID":8},{"utility":19,"ID":39}],[{"utility":78,"ID":9},{"utility":43,"ID":25}],[{"utility":95,"ID":21},{"utility":5,"ID":30}],[{"utility":38,"ID":19},{"utility":69,"ID":40}],[{"utility":0,"ID":17}],[{"utility":27,"ID":14},{"utility":74,"ID":16}],[{"utility":0,"ID":20}],[{"utility":0,"ID":23}],[{"utility":12,"ID":24},{"utility":79,"ID":37}],[{"utility":0,"ID":28}],[{"utility":0,"ID":34}],[{"utility":69,"ID":7},{"utility":49,"ID":29}],[{"utility":54,"ID":26},{"utility":82,"ID":33}],[{"utility":0,"ID":32}],[{"utility":85,"ID":11},{"utility":58,"ID":18}],[{"utility":0,"ID":12}],[{"utility":40,"ID":10},{"utility":89,"ID":36}],[{"utility":86,"ID":3},{"utility":11,"ID":22}],[{"utility":90,"ID":2},{"utility":36,"ID":15}],[{"utility":99,"ID":4},{"utility":98,"ID":38}],[],[],[],[],[],[],[],[],[],[],[],[],[],[],[],[]],"STARTING COALITION: ":[[null],[{"utility":0,"ID":18}],[{"utility":35.2,"ID":9},{"utility":23,"ID":14},{"utility":18,"ID":22},{"utility":30.4,"ID":25},{"utility":12.6,"ID":31},{"utility":46,"ID":35}],[{"utility":0,"ID":1}],[{"utility":0,"ID":29}],[{"utility":0,"ID":2}],[{"utility":32.5,"ID":3},{"utility":7,"ID":16},{"utility":17,"ID":32}],[{"utility":95,"ID":21},{"utility":5,"ID":30}],[{"utility":24,"ID":4},{"utility":21.666666666666668,"ID":13},{"utility":32,"ID":19},{"utility":36.333333333333336,"ID":40}],[{"utility":0,"ID":5}],[{"utility":0,"ID":10},{"utility":0,"ID":12}],[{"utility":0,"ID":17}],[{"utility":0,"ID":23}],[{"utility":12,"ID":24},{"utility":79,"ID":37}],[{"utility":11.5,"ID":28},{"utility":0,"ID":36},{"utility":56,"ID":38}],[{"utility":53,"ID":6},{"utility":20.333333333333332,"ID":7},{"utility":7.333333333333333,"ID":27},{"utility":15.666666666666666,"ID":34}],[{"utility":0,"ID":20}],[{"utility":24,"ID":8},{"utility":27,"ID":26},{"utility":41,"ID":33}],[{"utility":0,"ID":15}],[{"utility":0,"ID":39}],[{"utility":0,"ID":11}],[],[],[],[],[],[],[],[],[],[],[],[],[],[],[],[],[],[],[],[]],"CORE :":false,"LAST PARTITION":{"22":22,"23":12,"24":13,"25":6,"26":17,"27":1,"28":14,"29":16,"30":7,"31":2,"10":21,"32":18,"11":19,"33":17,"12":20,"34":15,"13":3,"35":2,"14":10,"36":21,"15":23,"37":13,"16":10,"38":24,"17":9,"39":5,"18":19,"19":8,"1":3,"2":23,"3":22,"4":24,"5":4,"6":1,"7":16,"8":5,"9":6,"40":8,"20":11,"21":7}},{"STARTING PARTITION: ":{"22":9,"23":19,"24":12,"25":8,"26":11,"27":2,"28":4,"29":18,"30":12,"31":17,"10":11,"32":5,"11":9,"33":11,"12":7,"34":2,"13":16,"35":8,"14":11,"36":13,"15":13,"37":2,"16":11,"38":16,"17":7,"39":9,"18":10,"19":19,"1":5,"2":2,"3":8,"4":3,"5":8,"6":4,"7":14,"8":14,"9":10,"40":8,"20":15,"21":7},"Agents":[null,{"utility":99,"ID":1},{"utility":38,"ID":2},{"utility":86,"ID":3},{"utility":99,"ID":4},{"utility":85,"ID":5},{"utility":95,"ID":6},{"utility":83,"ID":7},{"utility":94,"ID":8},{"utility":78,"ID":9},{"utility":40,"ID":10},{"utility":85,"ID":11},{"utility":0,"ID":12},{"utility":95,"ID":13},{"utility":27,"ID":14},{"utility":0,"ID":15},{"utility":74,"ID":16},{"utility":0,"ID":17},{"utility":58,"ID":18},{"utility":91,"ID":19},{"utility":0,"ID":20},{"utility":0,"ID":21},{"utility":11,"ID":22},{"utility":0,"ID":23},{"utility":67,"ID":24},{"utility":43,"ID":25},{"utility":54,"ID":26},{"utility":1,"ID":27},{"utility":0,"ID":28},{"utility":0,"ID":29},{"utility":0,"ID":30},{"utility":0,"ID":31},{"utility":0,"ID":32},{"utility":82,"ID":33},{"utility":82,"ID":34},{"utility":0,"ID":35},{"utility":89,"ID":36},{"utility":74,"ID":37},{"utility":98,"ID":38},{"utility":19,"ID":39},{"utility":1,"ID":40}],"LAST COALITION":[[],[{"utility":85,"ID":11},{"utility":58,"ID":18}],[{"utility":82,"ID":34},{"utility":74,"ID":37}],[{"utility":0,"ID":12}],[{"utility":0,"ID":28}],[{"utility":83,"ID":7},{"utility":1,"ID":40}],[{"utility":99,"ID":1},{"utility":95,"ID":13}],[{"utility":94,"ID":8},{"utility":19,"ID":39}],[{"utility":27,"ID":14},{"utility":74,"ID":16}],[{"utility":0,"ID":21}],[{"utility":95,"ID":6},{"utility":1,"ID":27}],[{"utility":54,"ID":26},{"utility":82,"ID":33}],[{"utility":67,"ID":24},{"utility":0,"ID":30}],[{"utility":40,"ID":10},{"utility":89,"ID":36}],[{"utility":0,"ID":35}],[{"utility":78,"ID":9},{"utility":43,"ID":25}],[{"utility":0,"ID":17}],[{"utility":0,"ID":31}],[{"utility":0,"ID":32}],[{"utility":91,"ID":19},{"utility":0,"ID":23}],[{"utility":0,"ID":29}],[{"utility":0,"ID":20}],[{"utility":38,"ID":2},{"utility":85,"ID":5}],[],[{"utility":86,"ID":3},{"utility":11,"ID":22}],[{"utility":0,"ID":15}],[{"utility":99,"ID":4},{"utility":98,"ID":38}],[],[],[],[],[],[],[],[],[],[],[],[],[],[]],"STARTING COALITION: ":[[null],[],[{"utility":29.666666666666668,"ID":2},{"utility":24.666666666666668,"ID":27},{"utility":27.333333333333332,"ID":34},{"utility":66,"ID":37}],[{"utility":0,"ID":4}],[{"utility":14,"ID":6},{"utility":0,"ID":28}],[{"utility":4,"ID":1},{"utility":40,"ID":32}],[],[{"utility":36.5,"ID":12},{"utility":44.5,"ID":17},{"utility":48,"ID":21}],[{"utility":26.75,"ID":3},{"utility":56.5,"ID":5},{"utility":8.5,"ID":25},{"utility":9.75,"ID":35},{"utility":31.75,"ID":40}],[{"utility":41.5,"ID":11},{"utility":0,"ID":22},{"utility":19,"ID":39}],[{"utility":0,"ID":9},{"utility":0,"ID":18}],[{"utility":5.5,"ID":10},{"utility":52,"ID":14},{"utility":45.75,"ID":16},{"utility":55.75,"ID":26},{"utility":35.75,"ID":33}],[{"utility":67,"ID":24},{"utility":0,"ID":30}],[{"utility":39,"ID":15},{"utility":0,"ID":36}],[{"utility":0,"ID":7},{"utility":97,"ID":8}],[{"utility":0,"ID":20}],[{"utility":0,"ID":13},{"utility":0,"ID":38}],[{"utility":0,"ID":31}],[{"utility":0,"ID":29}],[{"utility":91,"ID":19},{"utility":0,"ID":23}],[],[],[],[],[],[],[],[],[],[],[],[],[],[],[],[],[],[],[],[],[]],"CORE :":false,"LAST PARTITION":{"22":24,"23":19,"24":12,"25":15,"26":11,"27":10,"28":4,"29":20,"30":12,"31":17,"10":13,"32":18,"11":1,"33":11,"12":3,"34":2,"13":6,"35":14,"14":8,"36":13,"15":25,"37":2,"16":8,"38":26,"17":16,"39":7,"18":1,"19":19,"1":6,"2":22,"3":24,"4":26,"5":22,"6":10,"7":5,"8":7,"9":15,"40":5,"20":21,"21":9}},{"STARTING PARTITION: ":{"22":18,"23":14,"24":6,"25":4,"26":16,"27":6,"28":1,"29":18,"30":10,"31":14,"10":1,"32":17,"11":4,"33":17,"12":6,"34":20,"13":10,"35":14,"14":14,"36":8,"15":2,"37":20,"16":6,"38":10,"17":19,"39":9,"18":17,"19":15,"1":16,"2":8,"3":11,"4":15,"5":5,"6":4,"7":20,"8":5,"9":16,"40":4,"20":20,"21":15},"Agents":[null,{"utility":99,"ID":1},{"utility":82,"ID":2},{"utility":65,"ID":3},{"utility":99,"ID":4},{"utility":0,"ID":5},{"utility":92,"ID":6},{"utility":83,"ID":7},{"utility":94,"ID":8},{"utility":69,"ID":9},{"utility":40,"ID":10},{"utility":85,"ID":11},{"utility":72,"ID":12},{"utility":95,"ID":13},{"utility":78,"ID":14},{"utility":97,"ID":15},{"utility":0,"ID":16},{"utility":41,"ID":17},{"utility":58,"ID":18},{"utility":84,"ID":19},{"utility":87,"ID":20},{"utility":0,"ID":21},{"utility":89,"ID":22},{"utility":47.5,"ID":23},{"utility":0,"ID":24},{"utility":56,"ID":25},{"utility":35,"ID":26},{"utility":15,"ID":27},{"utility":22,"ID":28},{"utility":89,"ID":29},{"utility":35,"ID":30},{"utility":0,"ID":31},{"utility":34,"ID":32},{"utility":0,"ID":33},{"utility":0,"ID":34},{"utility":43.5,"ID":35},{"utility":89,"ID":36},{"utility":0,"ID":37},{"utility":98,"ID":38},{"utility":19,"ID":39},{"utility":1,"ID":40}],"LAST COALITION":[[],[{"utility":0,"ID":21}],[{"utility":0,"ID":37}],[{"utility":92,"ID":6},{"utility":35,"ID":26}],[{"utility":83,"ID":7},{"utility":1,"ID":40}],[{"utility":97,"ID":15},{"utility":35,"ID":30}],[{"utility":0,"ID":24}],[{"utility":99,"ID":1},{"utility":95,"ID":13}],[{"utility":99,"ID":4},{"utility":98,"ID":38}],[{"utility":84,"ID":19},{"utility":15,"ID":27}],[{"utility":0,"ID":5}],[],[{"utility":40,"ID":10},{"utility":89,"ID":36}],[{"utility":0,"ID":16}],[{"utility":47.5,"ID":23},{"utility":0,"ID":31},{"utility":43.5,"ID":35}],[{"utility":82,"ID":2},{"utility":56,"ID":25}],[{"utility":69,"ID":9},{"utility":22,"ID":28}],[{"utility":72,"ID":12},{"utility":41,"ID":17}],[{"utility":89,"ID":22},{"utility":89,"ID":29}],[{"utility":78,"ID":14},{"utility":87,"ID":20}],[{"utility":0,"ID":34}],[{"utility":0,"ID":33}],[{"utility":85,"ID":11},{"utility":58,"ID":18}],[],[{"utility":94,"ID":8},{"utility":19,"ID":39}],[{"utility":65,"ID":3},{"utility":34,"ID":32}],[],[],[],[],[],[],[],[],[],[],[],[],[],[],[]],"STARTING COALITION: ":[[null],[{"utility":0,"ID":10},{"utility":0,"ID":28}],[{"utility":0,"ID":15}],[],[{"utility":9.666666666666666,"ID":6},{"utility":10,"ID":11},{"utility":24.333333333333332,"ID":25},{"utility":17,"ID":40}],[{"utility":0,"ID":5},{"utility":62,"ID":8}],[{"utility":45,"ID":12},{"utility":0,"ID":16},{"utility":14,"ID":24},{"utility":25.333333333333332,"ID":27}],[],[{"utility":2,"ID":2},{"utility":0,"ID":36}],[{"utility":0,"ID":39}],[{"utility":15.5,"ID":13},{"utility":46.5,"ID":30},{"utility":0.5,"ID":38}],[{"utility":0,"ID":3}],[],[],[{"utility":36,"ID":14},{"utility":31.666666666666668,"ID":23},{"utility":11,"ID":31},{"utility":44,"ID":35}],[{"utility":34.5,"ID":4},{"utility":9,"ID":19},{"utility":48,"ID":21}],[{"utility":37,"ID":1},{"utility":28.5,"ID":9},{"utility":26.5,"ID":26}],[{"utility":29.5,"ID":18},{"utility":18.5,"ID":32},{"utility":0,"ID":33}],[{"utility":89,"ID":22},{"utility":89,"ID":29}],[{"utility":0,"ID":17}],[{"utility":46,"ID":7},{"utility":23.666666666666668,"ID":20},{"utility":27.333333333333332,"ID":34},{"utility":68.66666666666667,"ID":37}],[],[],[],[],[],[],[],[],[],[],[],[],[],[],[],[],[],[],[],[]],"CORE :":false,"LAST PARTITION":{"22":18,"23":14,"24":6,"25":15,"26":3,"27":9,"28":16,"29":18,"30":5,"31":14,"10":12,"32":25,"11":22,"33":21,"12":17,"34":20,"13":7,"35":14,"14":19,"36":12,"15":5,"37":2,"16":13,"38":8,"17":17,"39":24,"18":22,"19":9,"1":7,"2":15,"3":25,"4":8,"5":10,"6":3,"7":4,"8":24,"9":16,"40":4,"20":19,"21":1}},{"STARTING PARTITION: ":{"22":4,"23":2,"24":7,"25":5,"26":7,"27":5,"28":5,"29":14,"30":19,"31":10,"10":10,"32":17,"11":4,"33":12,"12":8,"34":7,"13":6,"35":10,"14":7,"36":8,"15":11,"37":1,"16":17,"38":5,"17":4,"39":19,"18":5,"19":1,"1":11,"2":6,"3":4,"4":14,"5":1,"6":8,"7":4,"8":14,"9":13,"40":1,"20":3,"21":9},"Agents":[null,{"utility":99,"ID":1},{"utility":38,"ID":2},{"utility":86,"ID":3},{"utility":99,"ID":4},{"utility":85,"ID":5},{"utility":95,"ID":6},{"utility":69,"ID":7},{"utility":94,"ID":8},{"utility":78,"ID":9},{"utility":40,"ID":10},{"utility":85,"ID":11},{"utility":0,"ID":12},{"utility":95,"ID":13},{"utility":27,"ID":14},{"utility":0,"ID":15},{"utility":74,"ID":16},{"utility":0,"ID":17},{"utility":58,"ID":18},{"utility":19,"ID":19},{"utility":0,"ID":20},{"utility":0,"ID":21},{"utility":11,"ID":22},{"utility":0,"ID":23},{"utility":0,"ID":24},{"utility":43,"ID":25},{"utility":42,"ID":26},{"utility":1,"ID":27},{"utility":0,"ID":28},{"utility":49,"ID":29},{"utility":0,"ID":30},{"utility":0,"ID":31},{"utility":0,"ID":32},{"utility":0,"ID":33},{"utility":0,"ID":34},{"utility":87,"ID":35},{"utility":89,"ID":36},{"utility":54,"ID":37},{"utility":98,"ID":38},{"utility":19,"ID":39},{"utility":34.5,"ID":40}],"LAST COALITION":[[],[{"utility":19,"ID":19},{"utility":54,"ID":37},{"utility":34.5,"ID":40}],[{"utility":0,"ID":23}],[{"utility":69,"ID":7},{"utility":49,"ID":29}],[],[{"utility":0,"ID":28}],[{"utility":0,"ID":17}],[{"utility":0,"ID":24},{"utility":42,"ID":26},{"utility":0,"ID":34}],[{"utility":27,"ID":14},{"utility":74,"ID":16}],[{"utility":94,"ID":8},{"utility":19,"ID":39}],[{"utility":0,"ID":31},{"utility":87,"ID":35}],[{"utility":0,"ID":20}],[{"utility":38,"ID":2},{"utility":85,"ID":5}],[{"utility":99,"ID":1},{"utility":95,"ID":13}],[{"utility":78,"ID":9},{"utility":43,"ID":25}],[{"utility":0,"ID":32}],[{"utility":0,"ID":15}],[{"utility":85,"ID":11},{"utility":58,"ID":18}],[{"utility":0,"ID":21}],[{"utility":0,"ID":30}],[{"utility":0,"ID":12}],[{"utility":95,"ID":6},{"utility":1,"ID":27}],[{"utility":99,"ID":4},{"utility":98,"ID":38}],[{"utility":40,"ID":10},{"utility":89,"ID":36}],[],[{"utility":0,"ID":33}],[],[{"utility":86,"ID":3},{"utility":11,"ID":22}],[],[],[],[],[],[],[],[],[],[],[],[],[]],"STARTING COALITION: ":[[null],[{"utility":21,"ID":5},{"utility":12.666666666666666,"ID":19},{"utility":68.66666666666667,"ID":37},{"utility":23,"ID":40}],[{"utility":0,"ID":23}],[{"utility":0,"ID":20}],[{"utility":45.5,"ID":3},{"utility":31,"ID":7},{"utility":0,"ID":11},{"utility":84.5,"ID":17},{"utility":22.5,"ID":22}],[{"utility":17.75,"ID":18},{"utility":11.5,"ID":25},{"utility":9.5,"ID":27},{"utility":5,"ID":28},{"utility":48,"ID":38}],[{"utility":0,"ID":2},{"utility":73,"ID":13}],[{"utility":42.333333333333336,"ID":14},{"utility":0,"ID":24},{"utility":54,"ID":26},{"utility":0,"ID":34}],[{"utility":13,"ID":6},{"utility":57,"ID":12},{"utility":40.5,"ID":36}],[{"utility":0,"ID":21}],[{"utility":18.5,"ID":10},{"utility":0.5,"ID":31},{"utility":43.5,"ID":35}],[{"utility":0,"ID":1},{"utility":26,"ID":15}],[{"utility":0,"ID":33}],[{"utility":0,"ID":9}],[{"utility":0,"ID":4},{"utility":42.5,"ID":8},{"utility":0,"ID":29}],[],[],[{"utility":14,"ID":16},{"utility":0,"ID":32}],[],[{"utility":0,"ID":30},{"utility":0,"ID":39}],[],[],[],[],[],[],[],[],[],[],[],[],[],[],[],[],[],[],[],[],[]],"CORE :":false,"LAST PARTITION":{"22":27,"23":2,"24":7,"25":14,"26":7,"27":21,"28":5,"29":3,"30":19,"31":10,"10":23,"32":15,"11":17,"33":25,"12":20,"34":7,"13":13,"35":10,"14":8,"36":23,"15":16,"37":1,"16":8,"38":22,"17":6,"39":9,"18":17,"19":1,"1":13,"2":12,"3":27,"4":22,"5":12,"6":21,"7":3,"8":9,"9":14,"40":1,"20":11,"21":18}},{"STARTING PARTITION: ":{"22":20,"23":5,"24":1,"25":13,"26":13,"27":2,"28":4,"29":1,"30":4,"31":3,"10":14,"32":7,"11":16,"33":18,"12":8,"34":15,"13":11,"35":17,"14":10,"36":13,"15":13,"37":12,"16":12,"38":3,"17":18,"39":1,"18":13,"19":20,"1":19,"2":14,"3":7,"4":17,"5":19,"6":19,"7":6,"8":10,"9":9,"40":5,"20":3,"21":7},"Agents":[null,{"utility":99,"ID":1},{"utility":90,"ID":2},{"utility":86,"ID":3},{"utility":99,"ID":4},{"utility":0,"ID":5},{"utility":95,"ID":6},{"utility":83,"ID":7},{"utility":94,"ID":8},{"utility":94,"ID":9},{"utility":40,"ID":10},{"utility":85,"ID":11},{"utility":0,"ID":12},{"utility":95,"ID":13},{"utility":27,"ID":14},{"utility":36,"ID":15},{"utility":74,"ID":16},{"utility":0,"ID":17},{"utility":58,"ID":18},{"utility":17,"ID":19},{"utility":0,"ID":20},{"utility":0,"ID":21},{"utility":11,"ID":22},{"utility":0,"ID":23},{"utility":0,"ID":24},{"utility":0,"ID":25},{"utility":0,"ID":26},{"utility":1,"ID":27},{"utility":4,"ID":28},{"utility":0,"ID":29},{"utility":17,"ID":30},{"utility":0,"ID":31},{"utility":0,"ID":32},{"utility":0,"ID":33},{"utility":0,"ID":34},{"utility":0,"ID":35},{"utility":89,"ID":36},{"utility":0,"ID":37},{"utility":98,"ID":38},{"utility":19,"ID":39},{"utility":1,"ID":40}],"LAST COALITION":[[],[{"utility":0,"ID":24}],[{"utility":0,"ID":26}],[{"utility":0,"ID":31}],[{"utility":4,"ID":28},{"utility":17,"ID":30}],[{"utility":0,"ID":23}],[{"utility":0,"ID":20}],[{"utility":0,"ID":32}],[{"utility":85,"ID":11},{"utility":58,"ID":18}],[{"utility":99,"ID":1},{"utility":95,"ID":13}],[{"utility":0,"ID":12}],[{"utility":0,"ID":21}],[{"utility":0,"ID":35}],[{"utility":40,"ID":10},{"utility":89,"ID":36}],[{"utility":27,"ID":14},{"utility":74,"ID":16}],[{"utility":0,"ID":34}],[{"utility":94,"ID":8},{"utility":19,"ID":39}],[{"utility":94,"ID":9},{"utility":17,"ID":19}],[{"utility":0,"ID":33}],[{"utility":95,"ID":6},{"utility":1,"ID":27}],[{"utility":0,"ID":5}],[{"utility":0,"ID":17}],[{"utility":86,"ID":3},{"utility":11,"ID":22}],[{"utility":0,"ID":25}],[{"utility":0,"ID":29}],[{"utility":90,"ID":2},{"utility":36,"ID":15}],[],[{"utility":99,"ID":4},{"utility":98,"ID":38}],[],[{"utility":0,"ID":37}],[{"utility":83,"ID":7},{"utility":1,"ID":40}],[],[],[],[],[],[],[],[],[],[]],"STARTING COALITION: ":[[null],[{"utility":35.5,"ID":24},{"utility":22.5,"ID":29},{"utility":0,"ID":39}],[{"utility":0,"ID":27}],[{"utility":0,"ID":20},{"utility":29.5,"ID":31},{"utility":7.5,"ID":38}],[{"utility":4,"ID":28},{"utility":17,"ID":30}],[{"utility":0,"ID":23},{"utility":0,"ID":40}],[{"utility":0,"ID":7}],[{"utility":32.5,"ID":3},{"utility":59.5,"ID":21},{"utility":17,"ID":32}],[{"utility":0,"ID":12}],[{"utility":0,"ID":9}],[{"utility":11,"ID":8},{"utility":0,"ID":14}],[{"utility":0,"ID":13}],[{"utility":0,"ID":16},{"utility":2,"ID":37}],[{"utility":14,"ID":15},{"utility":48,"ID":18},{"utility":32,"ID":25},{"utility":8.75,"ID":26},{"utility":24.25,"ID":36}],[{"utility":0,"ID":2},{"utility":0,"ID":10}],[{"utility":0,"ID":34}],[{"utility":0,"ID":11}],[{"utility":41,"ID":4},{"utility":14,"ID":35}],[{"utility":86,"ID":17},{"utility":0,"ID":33}],[{"utility":0,"ID":1},{"utility":22,"ID":5},{"utility":0,"ID":6}],[{"utility":0,"ID":19},{"utility":0,"ID":22}],[],[],[],[],[],[],[],[],[],[],[],[],[],[],[],[],[],[],[],[]],"CORE :":false,"LAST PARTITION":{"22":22,"23":5,"24":1,"25":23,"26":2,"27":19,"28":4,"29":24,"30":4,"31":3,"10":13,"32":7,"11":8,"33":18,"12":10,"34":15,"13":9,"35":12,"14":14,"36":13,"15":25,"37":29,"16":14,"38":27,"17":21,"39":16,"18":8,"19":17,"1":9,"2":25,"3":22,"4":27,"5":20,"6":19,"7":30,"8":16,"9":17,"40":30,"20":6,"21":11}},{"END OF FILE:" : true}]