[{"STARTING PARTITION: ":{"22":1,"23":6,"24":18,"25":12,"26":6,"27":14,"28":12,"29":5,"30":17,"31":14,"10":15,"32":11,"11":17,"33":2,"12":17,"34":18,"13":10,"35":8,"14":2,"36":20,"15":18,"37":4,"16":12,"38":19,"17":14,"39":6,"18":20,"19":19,"1":7,"2":19,"3":9,"4":17,"5":11,"6":14,"7":4,"8":2,"9":5,"40":12,"20":11,"21":11},"Agents":[null,{"utility":82,"ID":1},{"utility":66,"ID":2},{"utility":94,"ID":3},{"utility":41,"ID":4},{"utility":97,"ID":5},{"utility":80,"ID":6},{"utility":89,"ID":7},{"utility":51,"ID":8},{"utility":98,"ID":9},{"utility":86,"ID":10},{"utility":76,"ID":11},{"utility":0,"ID":12},{"utility":89,"ID":13},{"utility":96,"ID":14},{"utility":63,"ID":15},{"utility":0,"ID":16},{"utility":81,"ID":17},{"utility":84,"ID":18},{"utility":0,"ID":19},{"utility":88,"ID":20},{"utility":0,"ID":21},{"utility":0,"ID":22},{"utility":84,"ID":23},{"utility":0,"ID":24},{"utility":56,"ID":25},{"utility":94,"ID":26},{"utility":85,"ID":27},{"utility":0,"ID":28},{"utility":75,"ID":29},{"utility":92,"ID":30},{"utility":7,"ID":31},{"utility":25,"ID":32},{"utility":0,"ID":33},{"utility":0,"ID":34},{"utility":30,"ID":35},{"utility":83,"ID":36},{"utility":43,"ID":37},{"utility":50,"ID":38},{"utility":0,"ID":39},{"utility":93,"ID":40}],"LAST COALITION":[[],[{"utility":80,"ID":6},{"utility":25,"ID":32}],[{"utility":88,"ID":20},{"utility":50,"ID":38}],[{"utility":0,"ID":33}],[{"utility":0,"ID":12}],[{"utility":51,"ID":8},{"utility":83,"ID":36}],[{"utility":0,"ID":16}],[{"utility":97,"ID":5},{"utility":89,"ID":13}],[{"utility":94,"ID":3},{"utility":7,"ID":31}],[{"utility":76,"ID":11},{"utility":94,"ID":26}],[{"utility":0,"ID":28}],[{"utility":96,"ID":14},{"utility":84,"ID":23}],[],[{"utility":89,"ID":7},{"utility":75,"ID":29}],[{"utility":0,"ID":22}],[{"utility":86,"ID":10},{"utility":30,"ID":35}],[{"utility":82,"ID":1},{"utility":92,"ID":30}],[{"utility":0,"ID":39}],[{"utility":0,"ID":34}],[{"utility":0,"ID":19}],[{"utility":0,"ID":24}],[{"utility":63,"ID":15},{"utility":56,"ID":25}],[{"utility":41,"ID":4},{"utility":93,"ID":40}],[{"utility":98,"ID":9},{"utility":43,"ID":37}],[{"utility":81,"ID":17},{"utility":84,"ID":18}],[{"utility":66,"ID":2},{"utility":85,"ID":27}],[{"utility":0,"ID":21}],[],[],[],[],[],[],[],[],[],[],[],[],[],[]],"STARTING COALITION: ":[[null],[{"utility":0,"ID":22}],[{"utility":37.5,"ID":8},{"utility":0,"ID":14},{"utility":0,"ID":33}],[],[{"utility":0,"ID":7},{"utility":44,"ID":37}],[{"utility":1,"ID":9},{"utility":57,"ID":29}],[{"utility":35,"ID":23},{"utility":20,"ID":26},{"utility":49.5,"ID":39}],[{"utility":0,"ID":1}],[{"utility":0,"ID":35}],[{"utility":0,"ID":3}],[{"utility":0,"ID":13}],[{"utility":0,"ID":5},{"utility":43,"ID":20},{"utility":8,"ID":21},{"utility":0.3333333333333333,"ID":32}],[{"utility":29.333333333333332,"ID":16},{"utility":1.3333333333333333,"ID":25},{"utility":31.333333333333332,"ID":28},{"utility":0,"ID":40}],[],[{"utility":0.3333333333333333,"ID":6},{"utility":27.666666666666668,"ID":17},{"utility":61.333333333333336,"ID":27},{"utility":21,"ID":31}],[{"utility":0,"ID":10}],[],[{"utility":33,"ID":4},{"utility":42,"ID":11},{"utility":0,"ID":12},{"utility":3,"ID":30}],[{"utility":14,"ID":15},{"utility":40.5,"ID":24},{"utility":2.5,"ID":34}],[{"utility":30,"ID":2},{"utility":39,"ID":19},{"utility":20,"ID":38}],[{"utility":0,"ID":18},{"utility":0,"ID":36}],[],[],[],[],[],[],[],[],[],[],[],[],[],[],[],[],[],[],[],[]],"CORE :":false,"LAST PARTITION":{"22":14,"23":11,"24":20,"25":21,"26":9,"27":25,"28":10,"29":13,"30":16,"31":8,"10":15,"32":1,"11":9,"33":3,"12":4,"34":18,"13":7,"35":15,"14":11,"36":5,"15":21,"37":23,"16":6,"38":2,"17":24,"39":17,"18":24,"19":19,"1":16,"2":25,"3":8,"4":22,"5":7,"6":1,"7":13,"8":5,"9":23,"40":22,"20":2,"21":26}},{"STARTING PARTITION: ":{"22":5,"23":17,"24":13,"25":1,"26":13,"27":17,"28":19,"29":17,"30":12,"31":16,"10":3,"32":9,"11":12,"33":4,"12":9,"34":8,"13":15,"35":2,"14":20,"36":8,"15":1,"37":15,"16":19,"38":8,"17":6,"39":17,"18":16,"19":15,"1":14,"2":17,"3":5,"4":7,"5":7,"6":11,"7":8,"8":7,"9":10,"40":20,"20":3,"21":12},"Agents":[null,{"utility":82,"ID":1},{"utility":66,"ID":2},{"utility":94,"ID":3},{"utility":41,"ID":4},{"utility":97,"ID":5},{"utility":80,"ID":6},{"utility":89,"ID":7},{"utility":73,"ID":8},{"utility":98,"ID":9},{"utility":86,"ID":10},{"utility":76,"ID":11},{"utility":97,"ID":12},{"utility":89,"ID":13},{"utility":96,"ID":14},{"utility":63,"ID":15},{"utility":88,"ID":16},{"utility":81,"ID":17},{"utility":84,"ID":18},{"utility":0,"ID":19},{"utility":0,"ID":20},{"utility":84,"ID":21},{"utility":0,"ID":22},{"utility":84,"ID":23},{"utility":0,"ID":24},{"utility":56,"ID":25},{"utility":94,"ID":26},{"utility":85,"ID":27},{"utility":90,"ID":28},{"utility":75,"ID":29},{"utility":92,"ID":30},{"utility":7,"ID":31},{"utility":25,"ID":32},{"utility":0,"ID":33},{"utility":0,"ID":34},{"utility":30,"ID":35},{"utility":0,"ID":36},{"utility":43,"ID":37},{"utility":0,"ID":38},{"utility":6,"ID":39},{"utility":93,"ID":40}],"LAST COALITION":[[],[{"utility":97,"ID":12},{"utility":84,"ID":21}],[{"utility":94,"ID":3},{"utility":7,"ID":31}],[{"utility":0,"ID":36}],[{"utility":0,"ID":33}],[{"utility":80,"ID":6},{"utility":25,"ID":32}],[{"utility":0,"ID":24}],[{"utility":88,"ID":16},{"utility":90,"ID":28}],[{"utility":0,"ID":34},{"utility":0,"ID":38}],[{"utility":98,"ID":9},{"utility":43,"ID":37}],[{"utility":0,"ID":20}],[{"utility":96,"ID":14},{"utility":84,"ID":23}],[{"utility":89,"ID":7},{"utility":75,"ID":29}],[{"utility":63,"ID":15},{"utility":56,"ID":25}],[{"utility":97,"ID":5},{"utility":89,"ID":13}],[{"utility":0,"ID":22}],[],[],[{"utility":73,"ID":8},{"utility":6,"ID":39}],[{"utility":41,"ID":4},{"utility":93,"ID":40}],[{"utility":0,"ID":19}],[{"utility":82,"ID":1},{"utility":92,"ID":30}],[{"utility":76,"ID":11},{"utility":94,"ID":26}],[{"utility":81,"ID":17},{"utility":84,"ID":18}],[{"utility":66,"ID":2},{"utility":85,"ID":27}],[{"utility":86,"ID":10},{"utility":30,"ID":35}],[],[],[],[],[],[],[],[],[],[],[],[],[],[],[]],"STARTING COALITION: ":[[null],[{"utility":63,"ID":15},{"utility":56,"ID":25}],[{"utility":0,"ID":35}],[{"utility":0,"ID":10},{"utility":55,"ID":20}],[{"utility":0,"ID":33}],[{"utility":0,"ID":3},{"utility":0,"ID":22}],[{"utility":0,"ID":17}],[{"utility":22,"ID":4},{"utility":0,"ID":5},{"utility":47.5,"ID":8}],[{"utility":30,"ID":7},{"utility":29.333333333333332,"ID":34},{"utility":23.333333333333332,"ID":36},{"utility":15,"ID":38}],[{"utility":1,"ID":12},{"utility":0,"ID":32}],[{"utility":0,"ID":9}],[{"utility":0,"ID":6}],[{"utility":17.5,"ID":11},{"utility":49.5,"ID":21},{"utility":0,"ID":30}],[{"utility":0,"ID":24},{"utility":79,"ID":26}],[{"utility":0,"ID":1}],[{"utility":41,"ID":13},{"utility":33.5,"ID":19},{"utility":88.5,"ID":37}],[{"utility":0,"ID":18},{"utility":15,"ID":31}],[{"utility":22,"ID":2},{"utility":47.25,"ID":23},{"utility":21.25,"ID":27},{"utility":65.75,"ID":29},{"utility":33,"ID":39}],[],[{"utility":88,"ID":16},{"utility":90,"ID":28}],[{"utility":7,"ID":14},{"utility":0,"ID":40}],[],[],[],[],[],[],[],[],[],[],[],[],[],[],[],[],[],[],[],[]],"CORE :":false,"LAST PARTITION":{"22":15,"23":11,"24":6,"25":13,"26":22,"27":24,"28":7,"29":12,"30":21,"31":2,"10":25,"32":5,"11":22,"33":4,"12":1,"34":8,"13":14,"35":25,"14":11,"36":3,"15":13,"37":9,"16":7,"38":8,"17":23,"39":18,"18":23,"19":20,"1":21,"2":24,"3":2,"4":19,"5":14,"6":5,"7":12,"8":18,"9":9,"40":19,"20":10,"21":1}},{"STARTING PARTITION: ":{"22":10,"23":15,"24":7,"25":4,"26":19,"27":11,"28":8,"29":13,"30":5,"31":6,"10":11,"32":10,"11":6,"33":10,"12":16,"34":17,"13":13,"35":15,"14":20,"36":15,"15":2,"37":5,"16":12,"38":10,"17":5,"39":20,"18":5,"19":17,"1":15,"2":2,"3":6,"4":5,"5":2,"6":16,"7":1,"8":11,"9":15,"40":9,"20":16,"21":13},"Agents":[null,{"utility":82,"ID":1},{"utility":66,"ID":2},{"utility":94,"ID":3},{"utility":41,"ID":4},{"utility":97,"ID":5},{"utility":80,"ID":6},{"utility":89,"ID":7},{"utility":73,"ID":8},{"utility":98,"ID":9},{"utility":86,"ID":10},{"utility":76,"ID":11},{"utility":0,"ID":12},{"utility":89,"ID":13},{"utility":96,"ID":14},{"utility":63,"ID":15},{"utility":97,"ID":16},{"utility":0,"ID":17},{"utility":86,"ID":18},{"utility":43,"ID":19},{"utility":88,"ID":20},{"utility":0,"ID":21},{"utility":0,"ID":22},{"utility":84,"ID":23},{"utility":0,"ID":24},{"utility":56,"ID":25},{"utility":94,"ID":26},{"utility":85,"ID":27},{"utility":0,"ID":28},{"utility":75,"ID":29},{"utility":92,"ID":30},{"utility":7,"ID":31},{"utility":25,"ID":32},{"utility":0,"ID":33},{"utility":0,"ID":34},{"utility":30,"ID":35},{"utility":73,"ID":36},{"utility":43,"ID":37},{"utility":50,"ID":38},{"utility":6,"ID":39},{"utility":93,"ID":40}],"LAST COALITION":[[],[{"utility":0,"ID":24}],[{"utility":63,"ID":15},{"utility":56,"ID":25}],[{"utility":86,"ID":18},{"utility":43,"ID":19}],[{"utility":0,"ID":12}],[{"utility":97,"ID":16},{"utility":73,"ID":36}],[{"utility":89,"ID":7},{"utility":75,"ID":29}],[{"utility":0,"ID":28}],[{"utility":0,"ID":22}],[{"utility":88,"ID":20},{"utility":50,"ID":38}],[{"utility":73,"ID":8},{"utility":6,"ID":39}],[{"utility":66,"ID":2},{"utility":85,"ID":27}],[{"utility":0,"ID":17}],[{"utility":96,"ID":14},{"utility":84,"ID":23}],[{"utility":97,"ID":5},{"utility":89,"ID":13}],[{"utility":80,"ID":6},{"utility":25,"ID":32}],[{"utility":41,"ID":4},{"utility":93,"ID":40}],[{"utility":0,"ID":34}],[{"utility":0,"ID":33}],[{"utility":76,"ID":11},{"utility":94,"ID":26}],[{"utility":0,"ID":21}],[{"utility":82,"ID":1},{"utility":92,"ID":30}],[{"utility":86,"ID":10},{"utility":30,"ID":35}],[],[{"utility":94,"ID":3},{"utility":7,"ID":31}],[],[{"utility":98,"ID":9},{"utility":43,"ID":37}],[],[],[],[],[],[],[],[],[],[],[],[],[],[]],"STARTING COALITION: ":[[null],[{"utility":0,"ID":7}],[{"utility":0,"ID":2},{"utility":36.5,"ID":5},{"utility":16,"ID":15}],[],[{"utility":0,"ID":25}],[{"utility":18.5,"ID":4},{"utility":25.75,"ID":17},{"utility":28.25,"ID":18},{"utility":1.25,"ID":30},{"utility":34.75,"ID":37}],[{"utility":89,"ID":3},{"utility":47,"ID":11},{"utility":44.5,"ID":31}],[{"utility":0,"ID":24}],[{"utility":0,"ID":28}],[{"utility":0,"ID":40}],[{"utility":27,"ID":22},{"utility":27,"ID":32},{"utility":58.333333333333336,"ID":33},{"utility":4,"ID":38}],[{"utility":29.5,"ID":8},{"utility":14,"ID":10},{"utility":0,"ID":27}],[{"utility":0,"ID":16}],[{"utility":43.5,"ID":13},{"utility":45.5,"ID":21},{"utility":7,"ID":29}],[],[{"utility":20.75,"ID":1},{"utility":57.5,"ID":9},{"utility":33.25,"ID":23},{"utility":10,"ID":35},{"utility":0.75,"ID":36}],[{"utility":0,"ID":6},{"utility":53.5,"ID":12},{"utility":19.5,"ID":20}],[{"utility":62,"ID":19},{"utility":93,"ID":34}],[],[{"utility":0,"ID":26}],[{"utility":0,"ID":14},{"utility":0,"ID":39}],[],[],[],[],[],[],[],[],[],[],[],[],[],[],[],[],[],[],[],[]],"CORE :":false,"LAST PARTITION":{"22":8,"23":13,"24":1,"25":2,"26":19,"27":11,"28":7,"29":6,"30":21,"31":24,"10":22,"32":15,"11":19,"33":18,"12":4,"34":17,"13":14,"35":22,"14":13,"36":5,"15":2,"37":26,"16":5,"38":9,"17":12,"39":10,"18":3,"19":3,"1":21,"2":11,"3":24,"4":16,"5":14,"6":15,"7":6,"8":10,"9":26,"40":16,"20":9,"21":20}},{"STARTING PARTITION: ":{"22":1,"23":10,"24":5,"25":5,"26":15,"27":1,"28":18,"29":5,"30":20,"31":13,"10":13,"32":2,"11":19,"33":19,"12":12,"34":8,"13":12,"35":2,"14":16,"36":15,"15":18,"37":15,"16":9,"38":20,"17":14,"39":13,"18":7,"19":15,"1":8,"2":3,"3":6,"4":15,"5":18,"6":18,"7":16,"8":14,"9":6,"40":10,"20":2,"21":17},"Agents":[null,{"utility":82,"ID":1},{"utility":90,"ID":2},{"utility":94,"ID":3},{"utility":41,"ID":4},{"utility":97,"ID":5},{"utility":80,"ID":6},{"utility":89,"ID":7},{"utility":89,"ID":8},{"utility":98,"ID":9},{"utility":86,"ID":10},{"utility":76,"ID":11},{"utility":97,"ID":12},{"utility":89,"ID":13},{"utility":96,"ID":14},{"utility":63,"ID":15},{"utility":97,"ID":16},{"utility":21,"ID":17},{"utility":83,"ID":18},{"utility":0,"ID":19},{"utility":0,"ID":20},{"utility":84,"ID":21},{"utility":0,"ID":22},{"utility":84,"ID":23},{"utility":0,"ID":24},{"utility":56,"ID":25},{"utility":94,"ID":26},{"utility":0,"ID":27},{"utility":0,"ID":28},{"utility":75,"ID":29},{"utility":92,"ID":30},{"utility":7,"ID":31},{"utility":25,"ID":32},{"utility":0,"ID":33},{"utility":0,"ID":34},{"utility":30,"ID":35},{"utility":73,"ID":36},{"utility":43,"ID":37},{"utility":0,"ID":38},{"utility":0,"ID":39},{"utility":93,"ID":40}],"LAST COALITION":[[],[{"utility":0,"ID":24}],[{"utility":0,"ID":20}],[{"utility":89,"ID":8},{"utility":83,"ID":18}],[{"utility":82,"ID":1},{"utility":92,"ID":30}],[{"utility":97,"ID":12},{"utility":84,"ID":21}],[{"utility":97,"ID":16},{"utility":73,"ID":36}],[{"utility":89,"ID":7},{"utility":75,"ID":29}],[{"utility":0,"ID":34}],[{"utility":0,"ID":28}],[{"utility":96,"ID":14},{"utility":84,"ID":23}],[{"utility":97,"ID":5},{"utility":89,"ID":13}],[{"utility":63,"ID":15},{"utility":56,"ID":25}],[{"utility":0,"ID":22}],[{"utility":86,"ID":10},{"utility":30,"ID":35}],[{"utility":0,"ID":39}],[{"utility":0,"ID":27}],[{"utility":98,"ID":9},{"utility":43,"ID":37}],[{"utility":41,"ID":4},{"utility":93,"ID":40}],[{"utility":0,"ID":33}],[{"utility":0,"ID":38}],[{"utility":0,"ID":19}],[],[{"utility":76,"ID":11},{"utility":94,"ID":26}],[{"utility":94,"ID":3},{"utility":7,"ID":31}],[{"utility":80,"ID":6},{"utility":25,"ID":32}],[{"utility":90,"ID":2},{"utility":21,"ID":17}],[],[],[],[],[],[],[],[],[],[],[],[],[],[]],"STARTING COALITION: ":[[null],[{"utility":76,"ID":22},{"utility":0,"ID":27}],[{"utility":0,"ID":20},{"utility":27,"ID":32},{"utility":0,"ID":35}],[{"utility":0,"ID":2}],[],[{"utility":19,"ID":24},{"utility":30,"ID":25},{"utility":0,"ID":29}],[{"utility":34,"ID":3},{"utility":77,"ID":9}],[{"utility":0,"ID":18}],[{"utility":76,"ID":1},{"utility":91,"ID":34}],[{"utility":0,"ID":16}],[{"utility":0,"ID":23},{"utility":0,"ID":40}],[],[{"utility":66,"ID":12},{"utility":0,"ID":13}],[{"utility":79,"ID":10},{"utility":35,"ID":31},{"utility":0,"ID":39}],[{"utility":16,"ID":8},{"utility":66,"ID":17}],[{"utility":4.75,"ID":4},{"utility":29.5,"ID":19},{"utility":19.5,"ID":26},{"utility":1.5,"ID":36},{"utility":37.5,"ID":37}],[{"utility":33,"ID":7},{"utility":0,"ID":14}],[{"utility":0,"ID":21}],[{"utility":44.666666666666664,"ID":5},{"utility":28.333333333333332,"ID":6},{"utility":22,"ID":15},{"utility":23.333333333333332,"ID":28}],[{"utility":58,"ID":11},{"utility":0,"ID":33}],[{"utility":0,"ID":30},{"utility":3,"ID":38}],[],[],[],[],[],[],[],[],[],[],[],[],[],[],[],[],[],[],[],[]],"CORE :":false,"LAST PARTITION":{"22":13,"23":10,"24":1,"25":12,"26":23,"27":16,"28":9,"29":7,"30":4,"31":24,"10":14,"32":25,"11":23,"33":19,"12":5,"34":8,"13":11,"35":14,"14":10,"36":6,"15":12,"37":17,"16":6,"38":20,"17":26,"39":15,"18":3,"19":21,"1":4,"2":26,"3":24,"4":18,"5":11,"6":25,"7":7,"8":3,"9":17,"40":18,"20":2,"21":5}},{"STARTING PARTITION: ":{"22":15,"23":17,"24":10,"25":19,"26":13,"27":20,"28":15,"29":19,"30":16,"31":2,"10":2,"32":9,"11":11,"33":12,"12":4,"34":20,"13":9,"35":2,"14":10,"36":6,"15":2,"37":7,"16":19,"38":14,"17":13,"39":16,"18":20,"19":20,"1":10,"2":19,"3":16,"4":11,"5":1,"6":7,"7":15,"8":12,"9":15,"40":17,"20":8,"21":2},"Agents":[null,{"utility":82,"ID":1},{"utility":66,"ID":2},{"utility":94,"ID":3},{"utility":41,"ID":4},{"utility":97,"ID":5},{"utility":80,"ID":6},{"utility":89,"ID":7},{"utility":41,"ID":8},{"utility":98,"ID":9},{"utility":86,"ID":10},{"utility":76,"ID":11},{"utility":0,"ID":12},{"utility":89,"ID":13},{"utility":96,"ID":14},{"utility":63,"ID":15},{"utility":97,"ID":16},{"utility":81,"ID":17},{"utility":84,"ID":18},{"utility":0,"ID":19},{"utility":88,"ID":20},{"utility":0,"ID":21},{"utility":8,"ID":22},{"utility":84,"ID":23},{"utility":0,"ID":24},{"utility":56,"ID":25},{"utility":94,"ID":26},{"utility":85,"ID":27},{"utility":0,"ID":28},{"utility":75,"ID":29},{"utility":92,"ID":30},{"utility":7,"ID":31},{"utility":25,"ID":32},{"utility":0,"ID":33},{"utility":0,"ID":34},{"utility":30,"ID":35},{"utility":73,"ID":36},{"utility":43,"ID":37},{"utility":50,"ID":38},{"utility":0,"ID":39},{"utility":93,"ID":40}],"LAST COALITION":[[],[{"utility":97,"ID":5},{"utility":89,"ID":13}],[{"utility":63,"ID":15},{"utility":56,"ID":25}],[{"utility":0,"ID":24}],[],[{"utility":0,"ID":12}],[{"utility":0,"ID":28}],[{"utility":97,"ID":16},{"utility":73,"ID":36}],[{"utility":89,"ID":7},{"utility":75,"ID":29}],[{"utility":88,"ID":20},{"utility":50,"ID":38}],[{"utility":0,"ID":39}],[{"utility":98,"ID":9},{"utility":43,"ID":37}],[{"utility":41,"ID":8},{"utility":8,"ID":22}],[{"utility":0,"ID":33}],[],[{"utility":41,"ID":4},{"utility":93,"ID":40}],[{"utility":0,"ID":19}],[{"utility":96,"ID":14},{"utility":84,"ID":23}],[{"utility":82,"ID":1},{"utility":92,"ID":30}],[{"utility":81,"ID":17},{"utility":84,"ID":18}],[{"utility":0,"ID":34}],[{"utility":76,"ID":11},{"utility":94,"ID":26}],[{"utility":66,"ID":2},{"utility":85,"ID":27}],[{"utility":0,"ID":21}],[],[{"utility":80,"ID":6},{"utility":25,"ID":32}],[],[],[],[{"utility":86,"ID":10},{"utility":30,"ID":35}],[{"utility":94,"ID":3},{"utility":7,"ID":31}],[],[],[],[],[],[],[],[],[],[]],"STARTING COALITION: ":[[null],[{"utility":0,"ID":5}],[{"utility":45.5,"ID":10},{"utility":38.5,"ID":15},{"utility":30.25,"ID":21},{"utility":30.75,"ID":31},{"utility":7.5,"ID":35}],[],[{"utility":0,"ID":12}],[],[{"utility":0,"ID":36}],[{"utility":35,"ID":6},{"utility":0,"ID":37}],[{"utility":0,"ID":20}],[{"utility":0,"ID":13},{"utility":0,"ID":32}],[{"utility":36.5,"ID":1},{"utility":47,"ID":14},{"utility":11,"ID":24}],[{"utility":46,"ID":4},{"utility":28,"ID":11}],[{"utility":0,"ID":8},{"utility":0,"ID":33}],[{"utility":45,"ID":17},{"utility":11,"ID":26}],[{"utility":0,"ID":38}],[{"utility":43,"ID":7},{"utility":61,"ID":9},{"utility":31,"ID":22},{"utility":23.333333333333332,"ID":28}],[{"utility":7,"ID":3},{"utility":0,"ID":30},{"utility":21,"ID":39}],[{"utility":0,"ID":23},{"utility":0,"ID":40}],[],[{"utility":11.333333333333334,"ID":2},{"utility":55.666666666666664,"ID":16},{"utility":18,"ID":25},{"utility":30,"ID":29}],[{"utility":57.333333333333336,"ID":18},{"utility":35,"ID":19},{"utility":0,"ID":27},{"utility":36,"ID":34}],[],[],[],[],[],[],[],[],[],[],[],[],[],[],[],[],[],[],[],[]],"CORE :":false,"LAST PARTITION":{"22":12,"23":17,"24":3,"25":2,"26":21,"27":22,"28":6,"29":8,"30":18,"31":30,"10":29,"32":25,"11":21,"33":13,"12":5,"34":20,"13":1,"35":29,"14":17,"36":7,"15":2,"37":11,"16":7,"38":9,"17":19,"39":10,"18":19,"19":16,"1":18,"2":22,"3":30,"4":15,"5":1,"6":25,"7":8,"8":12,"9":11,"40":15,"20":9,"21":23}},{"STARTING PARTITION: ":{"22":1,"23":4,"24":19,"25":10,"26":4,"27":7,"28":17,"29":20,"30":7,"31":6,"10":17,"32":7,"11":19,"33":12,"12":14,"34":6,"13":13,"35":7,"14":7,"36":10,"15":20,"37":5,"16":2,"38":9,"17":9,"39":13,"18":20,"19":17,"1":14,"2":20,"3":15,"4":7,"5":2,"6":2,"7":15,"8":4,"9":7,"40":10,"20":2,"21":10},"Agents":[null,{"utility":82,"ID":1},{"utility":66,"ID":2},{"utility":94,"ID":3},{"utility":41,"ID":4},{"utility":97,"ID":5},{"utility":80,"ID":6},{"utility":89,"ID":7},{"utility":73,"ID":8},{"utility":98,"ID":9},{"utility":86,"ID":10},{"utility":76,"ID":11},{"utility":97,"ID":12},{"utility":89,"ID":13},{"utility":96,"ID":14},{"utility":63,"ID":15},{"utility":97,"ID":16},{"utility":0,"ID":17},{"utility":86,"ID":18},{"utility":43,"ID":19},{"utility":0,"ID":20},{"utility":84,"ID":21},{"utility":0,"ID":22},{"utility":84,"ID":23},{"utility":0,"ID":24},{"utility":56,"ID":25},{"utility":94,"ID":26},{"utility":85,"ID":27},{"utility":0,"ID":28},{"utility":75,"ID":29},{"utility":92,"ID":30},{"utility":7,"ID":31},{"utility":25,"ID":32},{"utility":0,"ID":33},{"utility":0,"ID":34},{"utility":30,"ID":35},{"utility":73,"ID":36},{"utility":43,"ID":37},{"utility":0,"ID":38},{"utility":6,"ID":39},{"utility":93,"ID":40}],"LAST COALITION":[[],[{"utility":80,"ID":6},{"utility":25,"ID":32}],[{"utility":0,"ID":24}],[{"utility":86,"ID":18},{"utility":43,"ID":19}],[{"utility":63,"ID":15},{"utility":56,"ID":25}],[{"utility":97,"ID":12},{"utility":84,"ID":21}],[{"utility":0,"ID":34}],[{"utility":94,"ID":3},{"utility":7,"ID":31}],[{"utility":97,"ID":5},{"utility":89,"ID":13}],[{"utility":0,"ID":38}],[{"utility":0,"ID":20}],[{"utility":89,"ID":7},{"utility":75,"ID":29}],[{"utility":0,"ID":33}],[{"utility":0,"ID":28}],[{"utility":73,"ID":8},{"utility":6,"ID":39}],[{"utility":86,"ID":10},{"utility":30,"ID":35}],[{"utility":82,"ID":1},{"utility":92,"ID":30}],[{"utility":97,"ID":16},{"utility":73,"ID":36}],[{"utility":96,"ID":14},{"utility":84,"ID":23}],[{"utility":0,"ID":22}],[],[{"utility":76,"ID":11},{"utility":94,"ID":26}],[{"utility":98,"ID":9},{"utility":43,"ID":37}],[],[{"utility":41,"ID":4},{"utility":93,"ID":40}],[{"utility":0,"ID":17}],[{"utility":66,"ID":2},{"utility":85,"ID":27}],[],[],[],[],[],[],[],[],[],[],[],[],[],[]],"STARTING COALITION: ":[[null],[{"utility":0,"ID":22}],[{"utility":27,"ID":5},{"utility":14,"ID":6},{"utility":0,"ID":16},{"utility":22.666666666666668,"ID":20}],[],[{"utility":0,"ID":8},{"utility":0,"ID":23},{"utility":0,"ID":26}],[{"utility":0,"ID":37}],[{"utility":1,"ID":31},{"utility":0,"ID":34}],[{"utility":21,"ID":4},{"utility":43.333333333333336,"ID":9},{"utility":24.833333333333332,"ID":14},{"utility":19.333333333333332,"ID":27},{"utility":26.5,"ID":30},{"utility":33.5,"ID":32},{"utility":15.166666666666666,"ID":35}],[],[{"utility":13,"ID":17},{"utility":0,"ID":38}],[{"utility":38.333333333333336,"ID":21},{"utility":21.333333333333332,"ID":25},{"utility":19.666666666666668,"ID":36},{"utility":0,"ID":40}],[],[{"utility":0,"ID":33}],[{"utility":64,"ID":13},{"utility":0,"ID":39}],[{"utility":22,"ID":1},{"utility":0,"ID":12}],[{"utility":0,"ID":3},{"utility":0,"ID":7}],[],[{"utility":23,"ID":10},{"utility":65.5,"ID":19},{"utility":22.5,"ID":28}],[],[{"utility":0,"ID":11},{"utility":0,"ID":24}],[{"utility":16.666666666666668,"ID":2},{"utility":0.6666666666666666,"ID":15},{"utility":11.666666666666666,"ID":18},{"utility":0,"ID":29}],[],[],[],[],[],[],[],[],[],[],[],[],[],[],[],[],[],[],[],[]],"CORE :":false,"LAST PARTITION":{"22":19,"23":18,"24":2,"25":4,"26":21,"27":26,"28":13,"29":11,"30":16,"31":7,"10":15,"32":1,"11":21,"33":12,"12":5,"34":6,"13":8,"35":15,"14":18,"36":17,"15":4,"37":22,"16":17,"38":9,"17":25,"39":14,"18":3,"19":3,"1":16,"2":26,"3":7,"4":24,"5":8,"6":1,"7":11,"8":14,"9":22,"40":24,"20":10,"21":5}},{"STARTING PARTITION: ":{"22":14,"23":20,"24":10,"25":2,"26":10,"27":1,"28":20,"29":19,"30":8,"31":5,"10":3,"32":6,"11":12,"33":11,"12":5,"34":4,"13":4,"35":20,"14":7,"36":3,"15":11,"37":9,"16":16,"38":1,"17":10,"39":8,"18":20,"19":9,"1":8,"2":15,"3":2,"4":13,"5":4,"6":7,"7":8,"8":4,"9":4,"40":12,"20":12,"21":12},"Agents":[null,{"utility":82,"ID":1},{"utility":66,"ID":2},{"utility":94,"ID":3},{"utility":0,"ID":4},{"utility":97,"ID":5},{"utility":80,"ID":6},{"utility":89,"ID":7},{"utility":73,"ID":8},{"utility":98,"ID":9},{"utility":86,"ID":10},{"utility":76,"ID":11},{"utility":97,"ID":12},{"utility":89,"ID":13},{"utility":96,"ID":14},{"utility":63,"ID":15},{"utility":97,"ID":16},{"utility":81,"ID":17},{"utility":84,"ID":18},{"utility":0,"ID":19},{"utility":0,"ID":20},{"utility":84,"ID":21},{"utility":0,"ID":22},{"utility":84,"ID":23},{"utility":0,"ID":24},{"utility":56,"ID":25},{"utility":94,"ID":26},{"utility":85,"ID":27},{"utility":0,"ID":28},{"utility":75,"ID":29},{"utility":92,"ID":30},{"utility":7,"ID":31},{"utility":25,"ID":32},{"utility":0,"ID":33},{"utility":0,"ID":34},{"utility":30,"ID":35},{"utility":73,"ID":36},{"utility":43,"ID":37},{"utility":0,"ID":38},{"utility":6,"ID":39},{"utility":0,"ID":40}],"LAST COALITION":[[],[{"utility":0,"ID":38}],[{"utility":97,"ID":12},{"utility":84,"ID":21}],[{"utility":0,"ID":20}],[{"utility":0,"ID":34}],[{"utility":97,"ID":16},{"utility":73,"ID":36}],[{"utility":0,"ID":24}],[{"utility":82,"ID":1},{"utility":92,"ID":30}],[{"utility":0,"ID":4}],[{"utility":0,"ID":28}],[{"utility":89,"ID":7},{"utility":75,"ID":29}],[{"utility":0,"ID":33}],[{"utility":63,"ID":15},{"utility":56,"ID":25}],[{"utility":98,"ID":9},{"utility":43,"ID":37}],[{"utility":80,"ID":6},{"utility":25,"ID":32}],[{"utility":97,"ID":5},{"utility":89,"ID":13}],[{"utility":0,"ID":19}],[{"utility":73,"ID":8},{"utility":6,"ID":39}],[{"utility":96,"ID":14},{"utility":84,"ID":23}],[{"utility":0,"ID":22}],[{"utility":0,"ID":40}],[],[{"utility":81,"ID":17},{"utility":84,"ID":18}],[{"utility":66,"ID":2},{"utility":85,"ID":27}],[{"utility":86,"ID":10},{"utility":30,"ID":35}],[{"utility":76,"ID":11},{"utility":94,"ID":26}],[{"utility":94,"ID":3},{"utility":7,"ID":31}],[],[],[],[],[],[],[],[],[],[],[],[],[],[]],"STARTING COALITION: ":[[null],[{"utility":0,"ID":27},{"utility":0,"ID":38}],[{"utility":0,"ID":3},{"utility":28,"ID":25}],[{"utility":0,"ID":10},{"utility":0,"ID":36}],[{"utility":24.75,"ID":5},{"utility":36.25,"ID":8},{"utility":49,"ID":9},{"utility":22.25,"ID":13},{"utility":41.75,"ID":34}],[{"utility":38,"ID":12},{"utility":0,"ID":31}],[{"utility":0,"ID":32}],[{"utility":0,"ID":6},{"utility":0,"ID":14}],[{"utility":31.666666666666668,"ID":1},{"utility":69,"ID":7},{"utility":30.666666666666668,"ID":30},{"utility":14,"ID":39}],[{"utility":52,"ID":19},{"utility":88,"ID":37}],[{"utility":59.5,"ID":17},{"utility":0,"ID":24},{"utility":45,"ID":26}],[{"utility":2,"ID":15},{"utility":38,"ID":33}],[{"utility":6.666666666666667,"ID":11},{"utility":29.666666666666668,"ID":20},{"utility":29,"ID":21},{"utility":16.333333333333332,"ID":40}],[{"utility":0,"ID":4}],[{"utility":0,"ID":22}],[{"utility":0,"ID":2}],[{"utility":0,"ID":16}],[],[],[{"utility":0,"ID":29}],[{"utility":11,"ID":18},{"utility":28.333333333333332,"ID":23},{"utility":56.333333333333336,"ID":28},{"utility":45.333333333333336,"ID":35}],[],[],[],[],[],[],[],[],[],[],[],[],[],[],[],[],[],[],[],[]],"CORE :":false,"LAST PARTITION":{"22":19,"23":18,"24":6,"25":12,"26":25,"27":23,"28":9,"29":10,"30":7,"31":26,"10":24,"32":14,"11":25,"33":11,"12":2,"34":4,"13":15,"35":24,"14":18,"36":5,"15":12,"37":13,"16":5,"38":1,"17":22,"39":17,"18":22,"19":16,"1":7,"2":23,"3":26,"4":8,"5":15,"6":14,"7":10,"8":17,"9":13,"40":20,"20":3,"21":2}},{"STARTING PARTITION: ":{"22":12,"23":1,"24":7,"25":5,"26":1,"27":16,"28":11,"29":3,"30":5,"31":4,"10":18,"32":5,"11":20,"33":4,"12":4,"34":6,"13":19,"35":19,"14":4,"36":17,"15":16,"37":2,"16":11,"38":2,"17":1,"39":9,"18":13,"19":10,"1":17,"2":7,"3":9,"4":5,"5":17,"6":18,"7":16,"8":17,"9":19,"40":17,"20":13,"21":8},"Agents":[null,{"utility":82,"ID":1},{"utility":90,"ID":2},{"utility":94,"ID":3},{"utility":41,"ID":4},{"utility":97,"ID":5},{"utility":76,"ID":6},{"utility":38,"ID":7},{"utility":51,"ID":8},{"utility":98,"ID":9},{"utility":86,"ID":10},{"utility":76,"ID":11},{"utility":97,"ID":12},{"utility":89,"ID":13},{"utility":96,"ID":14},{"utility":41,"ID":15},{"utility":90,"ID":16},{"utility":21,"ID":17},{"utility":86,"ID":18},{"utility":43,"ID":19},{"utility":0,"ID":20},{"utility":84,"ID":21},{"utility":54,"ID":22},{"utility":84,"ID":23},{"utility":0,"ID":24},{"utility":74,"ID":25},{"utility":94,"ID":26},{"utility":0,"ID":27},{"utility":42,"ID":28},{"utility":90,"ID":29},{"utility":92,"ID":30},{"utility":7,"ID":31},{"utility":83,"ID":32},{"utility":0,"ID":33},{"utility":0,"ID":34},{"utility":30,"ID":35},{"utility":83,"ID":36},{"utility":43,"ID":37},{"utility":0,"ID":38},{"utility":38,"ID":39},{"utility":93,"ID":40}],"LAST COALITION":[[],[{"utility":51,"ID":8},{"utility":83,"ID":36}],[{"utility":0,"ID":38}],[{"utility":76,"ID":6},{"utility":54,"ID":22}],[{"utility":0,"ID":33}],[{"utility":74,"ID":25},{"utility":83,"ID":32}],[{"utility":0,"ID":34}],[{"utility":0,"ID":20}],[{"utility":96,"ID":14},{"utility":84,"ID":23}],[{"utility":90,"ID":16},{"utility":90,"ID":29}],[{"utility":41,"ID":15},{"utility":38,"ID":39}],[{"utility":38,"ID":7},{"utility":42,"ID":28}],[{"utility":0,"ID":24}],[{"utility":86,"ID":18},{"utility":43,"ID":19}],[],[{"utility":97,"ID":5},{"utility":89,"ID":13}],[{"utility":97,"ID":12},{"utility":84,"ID":21}],[],[{"utility":90,"ID":2},{"utility":21,"ID":17}],[{"utility":94,"ID":3},{"utility":7,"ID":31}],[{"utility":76,"ID":11},{"utility":94,"ID":26}],[{"utility":0,"ID":27}],[{"utility":82,"ID":1},{"utility":92,"ID":30}],[],[{"utility":98,"ID":9},{"utility":43,"ID":37}],[],[{"utility":41,"ID":4},{"utility":93,"ID":40}],[],[],[{"utility":86,"ID":10},{"utility":30,"ID":35}],[],[],[],[],[],[],[],[],[],[],[]],"STARTING COALITION: ":[[null],[{"utility":30,"ID":17},{"utility":0,"ID":23},{"utility":5.5,"ID":26}],[{"utility":0,"ID":37},{"utility":60,"ID":38}],[{"utility":0,"ID":29}],[{"utility":59,"ID":12},{"utility":18.333333333333332,"ID":14},{"utility":14.333333333333334,"ID":31},{"utility":40.666666666666664,"ID":33}],[{"utility":21.666666666666668,"ID":4},{"utility":24.666666666666668,"ID":25},{"utility":23.333333333333332,"ID":30},{"utility":56.333333333333336,"ID":32}],[{"utility":0,"ID":34}],[{"utility":24,"ID":2},{"utility":0,"ID":24}],[{"utility":0,"ID":21}],[{"utility":14,"ID":3},{"utility":0,"ID":39}],[{"utility":0,"ID":19}],[{"utility":88,"ID":16},{"utility":90,"ID":28}],[{"utility":0,"ID":22}],[{"utility":52,"ID":18},{"utility":96,"ID":20}],[],[],[{"utility":0,"ID":7},{"utility":0,"ID":15},{"utility":30,"ID":27}],[{"utility":12.5,"ID":1},{"utility":29.25,"ID":5},{"utility":39.25,"ID":8},{"utility":37.25,"ID":36},{"utility":8.75,"ID":40}],[{"utility":0,"ID":6},{"utility":21,"ID":10}],[{"utility":51,"ID":9},{"utility":35.5,"ID":13},{"utility":44.5,"ID":35}],[{"utility":0,"ID":11}],[],[],[],[],[],[],[],[],[],[],[],[],[],[],[],[],[],[],[],[]],"CORE :":false,"LAST PARTITION":{"22":3,"23":8,"24":12,"25":5,"26":20,"27":21,"28":11,"29":9,"30":22,"31":19,"10":29,"32":5,"11":20,"33":4,"12":16,"34":6,"13":15,"35":29,"14":8,"36":1,"15":10,"37":24,"16":9,"38":2,"17":18,"39":10,"18":13,"19":13,"1":22,"2":18,"3":19,"4":26,"5":15,"6":3,"7":11,"8":1,"9":24,"40":26,"20":7,"21":16}},{"STARTING PARTITION: ":{"22":14,"23":6,"24":12,"25":15,"26":18,"27":8,"28":3,"29":3,"30":16,"31":5,"10":4,"32":18,"11":10,"33":16,"12":4,"34":18,"13":5,"35":6,"14":19,"36":2,"15":13,"37":7,"16":20,"38":8,"17":14,"39":10,"18":5,"19":2,"1":3,"2":1,"3":20,"4":4,"5":20,"6":13,"7":10,"8":13,"9":1,"40":13,"20":4,"21":13},"Agents":[null,{"utility":82,"ID":1},{"utility":66,"ID":2},{"utility":94,"ID":3},{"utility":41,"ID":4},{"utility":97,"ID":5},{"utility":80,"ID":6},{"utility":72,"ID":7},{"utility":73,"ID":8},{"utility":98,"ID":9},{"utility":86,"ID":10},{"utility":76,"ID":11},{"utility":97,"ID":12},{"utility":89,"ID":13},{"utility":96,"ID":14},{"utility":63,"ID":15},{"utility":97,"ID":16},{"utility":81,"ID":17},{"utility":84,"ID":18},{"utility":12,"ID":19},{"utility":0,"ID":20},{"utility":84,"ID":21},{"utility":0,"ID":22},{"utility":84,"ID":23},{"utility":0,"ID":24},{"utility":56,"ID":25},{"utility":94,"ID":26},{"utility":85,"ID":27},{"utility":0,"ID":28},{"utility":0,"ID":29},{"utility":92,"ID":30},{"utility":7,"ID":31},{"utility":25,"ID":32},{"utility":0,"ID":33},{"utility":0,"ID":34},{"utility":30,"ID":35},{"utility":73,"ID":36},{"utility":43,"ID":37},{"utility":0,"ID":38},{"utility":6,"ID":39},{"utility":93,"ID":40}],"LAST COALITION":[[],[{"utility":97,"ID":12},{"utility":84,"ID":21}],[],[{"utility":0,"ID":24}],[{"utility":0,"ID":20}],[{"utility":98,"ID":9},{"utility":43,"ID":37}],[{"utility":0,"ID":28}],[{"utility":97,"ID":16},{"utility":73,"ID":36}],[{"utility":0,"ID":38}],[{"utility":0,"ID":29}],[{"utility":73,"ID":8},{"utility":6,"ID":39}],[{"utility":72,"ID":7},{"utility":12,"ID":19}],[{"utility":0,"ID":22}],[{"utility":63,"ID":15},{"utility":56,"ID":25}],[{"utility":80,"ID":6},{"utility":25,"ID":32}],[{"utility":41,"ID":4},{"utility":93,"ID":40}],[{"utility":0,"ID":33}],[{"utility":96,"ID":14},{"utility":84,"ID":23}],[{"utility":0,"ID":34}],[{"utility":82,"ID":1},{"utility":92,"ID":30}],[],[{"utility":97,"ID":5},{"utility":89,"ID":13}],[{"utility":81,"ID":17},{"utility":84,"ID":18}],[{"utility":66,"ID":2},{"utility":85,"ID":27}],[],[{"utility":86,"ID":10},{"utility":30,"ID":35}],[{"utility":76,"ID":11},{"utility":94,"ID":26}],[],[{"utility":94,"ID":3},{"utility":7,"ID":31}],[],[],[],[],[],[],[],[],[],[],[],[]],"STARTING COALITION: ":[[null],[{"utility":43,"ID":2},{"utility":0,"ID":9}],[{"utility":66,"ID":19},{"utility":6,"ID":36}],[{"utility":10.5,"ID":1},{"utility":8,"ID":28},{"utility":0,"ID":29}],[{"utility":0,"ID":4},{"utility":15.666666666666666,"ID":10},{"utility":34.666666666666664,"ID":12},{"utility":34.333333333333336,"ID":20}],[{"utility":0,"ID":13},{"utility":0,"ID":18},{"utility":44,"ID":31}],[{"utility":85,"ID":23},{"utility":0,"ID":35}],[{"utility":0,"ID":37}],[{"utility":0,"ID":27},{"utility":0,"ID":38}],[],[{"utility":36.5,"ID":7},{"utility":21,"ID":11},{"utility":0,"ID":39}],[],[{"utility":0,"ID":24}],[{"utility":24.5,"ID":6},{"utility":14.75,"ID":8},{"utility":18.75,"ID":15},{"utility":24.25,"ID":21},{"utility":52.25,"ID":40}],[{"utility":0,"ID":17},{"utility":51,"ID":22}],[{"utility":0,"ID":25}],[{"utility":77,"ID":30},{"utility":0,"ID":33}],[],[{"utility":0,"ID":26},{"utility":17.5,"ID":32},{"utility":13.5,"ID":34}],[{"utility":0,"ID":14}],[{"utility":7.5,"ID":3},{"utility":2.5,"ID":5},{"utility":0,"ID":16}],[],[],[],[],[],[],[],[],[],[],[],[],[],[],[],[],[],[],[],[]],"CORE :":false,"LAST PARTITION":{"22":12,"23":17,"24":3,"25":13,"26":26,"27":23,"28":6,"29":9,"30":19,"31":28,"10":25,"32":14,"11":26,"33":16,"12":1,"34":18,"13":21,"35":25,"14":17,"36":7,"15":13,"37":5,"16":7,"38":8,"17":22,"39":10,"18":22,"19":11,"1":19,"2":23,"3":28,"4":15,"5":21,"6":14,"7":11,"8":10,"9":5,"40":15,"20":4,"21":1}},{"STARTING PARTITION: ":{"22":7,"23":20,"24":17,"25":17,"26":13,"27":2,"28":8,"29":5,"30":20,"31":11,"10":16,"32":7,"11":16,"33":16,"12":13,"34":6,"13":1,"35":1,"14":16,"36":11,"15":6,"37":8,"16":20,"38":2,"17":17,"39":1,"18":20,"19":6,"1":18,"2":2,"3":19,"4":14,"5":8,"6":7,"7":6,"8":17,"9":8,"40":12,"20":10,"21":3},"Agents":[null,{"utility":82,"ID":1},{"utility":0,"ID":2},{"utility":94,"ID":3},{"utility":41,"ID":4},{"utility":97,"ID":5},{"utility":80,"ID":6},{"utility":89,"ID":7},{"utility":73,"ID":8},{"utility":98,"ID":9},{"utility":86,"ID":10},{"utility":76,"ID":11},{"utility":97,"ID":12},{"utility":89,"ID":13},{"utility":96,"ID":14},{"utility":63,"ID":15},{"utility":97,"ID":16},{"utility":37,"ID":17},{"utility":86,"ID":18},{"utility":43,"ID":19},{"utility":88,"ID":20},{"utility":84,"ID":21},{"utility":0,"ID":22},{"utility":84,"ID":23},{"utility":0,"ID":24},{"utility":56,"ID":25},{"utility":94,"ID":26},{"utility":42,"ID":27},{"utility":0,"ID":28},{"utility":75,"ID":29},{"utility":92,"ID":30},{"utility":7,"ID":31},{"utility":25,"ID":32},{"utility":0,"ID":33},{"utility":0,"ID":34},{"utility":30,"ID":35},{"utility":73,"ID":36},{"utility":43,"ID":37},{"utility":50,"ID":38},{"utility":6,"ID":39},{"utility":93,"ID":40}],"LAST COALITION":[[],[{"utility":86,"ID":18},{"utility":43,"ID":19}],[{"utility":0,"ID":33}],[{"utility":96,"ID":14},{"utility":84,"ID":23}],[{"utility":97,"ID":5},{"utility":89,"ID":13}],[{"utility":88,"ID":20},{"utility":50,"ID":38}],[{"utility":0,"ID":34}],[{"utility":97,"ID":12},{"utility":84,"ID":21}],[{"utility":98,"ID":9},{"utility":43,"ID":37}],[{"utility":89,"ID":7},{"utility":75,"ID":29}],[{"utility":0,"ID":24}],[{"utility":97,"ID":16},{"utility":73,"ID":36}],[{"utility":0,"ID":28}],[{"utility":0,"ID":22}],[{"utility":86,"ID":10},{"utility":30,"ID":35}],[{"utility":63,"ID":15},{"utility":56,"ID":25}],[{"utility":73,"ID":8},{"utility":6,"ID":39}],[{"utility":0,"ID":2}],[{"utility":82,"ID":1},{"utility":92,"ID":30}],[{"utility":80,"ID":6},{"utility":25,"ID":32}],[{"utility":37,"ID":17},{"utility":42,"ID":27}],[{"utility":41,"ID":4},{"utility":93,"ID":40}],[],[],[{"utility":76,"ID":11},{"utility":94,"ID":26}],[],[],[{"utility":94,"ID":3},{"utility":7,"ID":31}],[],[],[],[],[],[],[],[],[],[],[],[],[]],"STARTING COALITION: ":[[null],[{"utility":67.5,"ID":13},{"utility":24.5,"ID":35},{"utility":0,"ID":39}],[{"utility":61.5,"ID":2},{"utility":42.5,"ID":27},{"utility":0,"ID":38}],[{"utility":0,"ID":21}],[],[{"utility":0,"ID":29}],[{"utility":24,"ID":7},{"utility":16.666666666666668,"ID":15},{"utility":44.666666666666664,"ID":19},{"utility":60.333333333333336,"ID":34}],[{"utility":78,"ID":6},{"utility":27,"ID":22},{"utility":12.5,"ID":32}],[{"utility":4,"ID":5},{"utility":95.33333333333333,"ID":9},{"utility":23.333333333333332,"ID":28},{"utility":24.333333333333332,"ID":37}],[],[{"utility":0,"ID":20}],[{"utility":0,"ID":31},{"utility":68,"ID":36}],[{"utility":0,"ID":40}],[{"utility":0,"ID":12},{"utility":0,"ID":26}],[{"utility":0,"ID":4}],[],[{"utility":28.333333333333332,"ID":10},{"utility":19.333333333333332,"ID":11},{"utility":29.666666666666668,"ID":14},{"utility":2.3333333333333335,"ID":33}],[{"utility":20.333333333333332,"ID":8},{"utility":69,"ID":17},{"utility":26.666666666666668,"ID":24},{"utility":2,"ID":25}],[{"utility":0,"ID":1}],[{"utility":0,"ID":3}],[{"utility":9.666666666666666,"ID":16},{"utility":27.333333333333332,"ID":18},{"utility":11.666666666666666,"ID":23},{"utility":0,"ID":30}],[],[],[],[],[],[],[],[],[],[],[],[],[],[],[],[],[],[],[],[]],"CORE :":false,"LAST PARTITION":{"22":13,"23":3,"24":10,"25":15,"26":24,"27":20,"28":12,"29":9,"30":18,"31":27,"10":14,"32":19,"11":24,"33":2,"12":7,"34":6,"13":4,"35":14,"14":3,"36":11,"15":15,"37":8,"16":11,"38":5,"17":20,"39":16,"18":1,"19":1,"1":18,"2":17,"3":27,"4":21,"5":4,"6":19,"7":9,"8":16,"9":8,"40":21,"20":5,"21":7}},{"END OF FILE:" : true}]