[{"STARTING PARTITION: ":{"22":3,"23":18,"24":8,"25":16,"26":7,"27":4,"28":16,"29":4,"30":12,"31":16,"10":4,"32":12,"11":19,"33":10,"12":3,"34":6,"13":16,"35":17,"14":16,"36":20,"15":17,"37":17,"16":8,"38":11,"17":2,"39":7,"18":5,"19":19,"1":5,"2":3,"3":16,"4":3,"5":19,"6":7,"7":5,"8":14,"9":5,"40":14,"20":20,"21":3},"Agents":[null,{"utility":58,"ID":1},{"utility":68,"ID":2},{"utility":88,"ID":3},{"utility":93,"ID":4},{"utility":78,"ID":5},{"utility":92,"ID":6},{"utility":21,"ID":7},{"utility":0,"ID":8},{"utility":48,"ID":9},{"utility":3.5,"ID":10},{"utility":86,"ID":11},{"utility":0,"ID":12},{"utility":28,"ID":13},{"utility":92,"ID":14},{"utility":5.5,"ID":15},{"utility":0,"ID":16},{"utility":0,"ID":17},{"utility":90,"ID":18},{"utility":82,"ID":19},{"utility":80,"ID":20},{"utility":93,"ID":21},{"utility":0,"ID":22},{"utility":0,"ID":23},{"utility":0,"ID":24},{"utility":0,"ID":25},{"utility":27,"ID":26},{"utility":87.5,"ID":27},{"utility":56.666666666666664,"ID":28},{"utility":60,"ID":29},{"utility":0,"ID":30},{"utility":5.666666666666667,"ID":31},{"utility":89,"ID":32},{"utility":0,"ID":33},{"utility":50,"ID":34},{"utility":3,"ID":35},{"utility":0,"ID":36},{"utility":18,"ID":37},{"utility":0,"ID":38},{"utility":0,"ID":39},{"utility":0,"ID":40}],"LAST COALITION":[[],[{"utility":0,"ID":12}],[{"utility":0,"ID":17}],[{"utility":93,"ID":21},{"utility":0,"ID":22}],[{"utility":3.5,"ID":10},{"utility":87.5,"ID":27},{"utility":60,"ID":29}],[{"utility":21,"ID":7},{"utility":92,"ID":14}],[{"utility":78,"ID":5},{"utility":89,"ID":32}],[{"utility":27,"ID":26},{"utility":0,"ID":39}],[{"utility":0,"ID":24}],[{"utility":0,"ID":16}],[{"utility":0,"ID":33}],[{"utility":0,"ID":38}],[{"utility":0,"ID":30}],[{"utility":92,"ID":6},{"utility":48,"ID":9}],[{"utility":0,"ID":40}],[],[{"utility":28,"ID":13},{"utility":0,"ID":25},{"utility":56.666666666666664,"ID":28},{"utility":5.666666666666667,"ID":31}],[{"utility":5.5,"ID":15},{"utility":3,"ID":35},{"utility":18,"ID":37}],[{"utility":0,"ID":23}],[{"utility":86,"ID":11},{"utility":82,"ID":19}],[{"utility":80,"ID":20},{"utility":0,"ID":36}],[{"utility":93,"ID":4},{"utility":90,"ID":18}],[{"utility":58,"ID":1},{"utility":68,"ID":2}],[{"utility":0,"ID":8}],[{"utility":88,"ID":3},{"utility":50,"ID":34}],[],[],[],[],[],[],[],[],[],[],[],[],[],[],[],[]],"STARTING COALITION: ":[[null],[],[{"utility":0,"ID":17}],[{"utility":43.75,"ID":2},{"utility":37,"ID":4},{"utility":32,"ID":12},{"utility":43.75,"ID":21},{"utility":0.25,"ID":22}],[{"utility":3.5,"ID":10},{"utility":87.5,"ID":27},{"utility":60,"ID":29}],[{"utility":0,"ID":1},{"utility":2.6666666666666665,"ID":7},{"utility":49.666666666666664,"ID":9},{"utility":24.333333333333332,"ID":18}],[{"utility":0,"ID":34}],[{"utility":23.5,"ID":6},{"utility":23,"ID":26},{"utility":41,"ID":39}],[{"utility":0,"ID":16},{"utility":0,"ID":24}],[],[{"utility":0,"ID":33}],[{"utility":0,"ID":38}],[{"utility":58,"ID":30},{"utility":0,"ID":32}],[],[{"utility":8,"ID":8},{"utility":45,"ID":40}],[],[{"utility":24.8,"ID":3},{"utility":34.8,"ID":13},{"utility":17.2,"ID":14},{"utility":5.8,"ID":25},{"utility":53.4,"ID":28},{"utility":3.4,"ID":31}],[{"utility":5.5,"ID":15},{"utility":3,"ID":35},{"utility":18,"ID":37}],[{"utility":0,"ID":23}],[{"utility":24,"ID":5},{"utility":50.5,"ID":11},{"utility":41,"ID":19}],[{"utility":80,"ID":20},{"utility":0,"ID":36}],[],[],[],[],[],[],[],[],[],[],[],[],[],[],[],[],[],[],[],[]],"CORE :":false,"LAST PARTITION":{"22":3,"23":18,"24":8,"25":16,"26":7,"27":4,"28":16,"29":4,"30":12,"31":16,"10":4,"32":6,"11":19,"33":10,"12":1,"34":24,"13":16,"35":17,"14":5,"36":20,"15":17,"37":17,"16":9,"38":11,"17":2,"39":7,"18":21,"19":19,"1":22,"2":22,"3":24,"4":21,"5":6,"6":13,"7":5,"8":23,"9":13,"40":14,"20":20,"21":3}},{"STARTING PARTITION: ":{"22":17,"23":5,"24":9,"25":5,"26":16,"27":9,"28":17,"29":12,"30":8,"31":9,"10":20,"32":13,"11":11,"33":18,"12":18,"34":18,"13":10,"35":10,"14":12,"36":7,"15":2,"37":19,"16":7,"38":17,"17":13,"39":1,"18":7,"19":9,"1":13,"2":12,"3":3,"4":20,"5":7,"6":11,"7":17,"8":9,"9":7,"40":12,"20":8,"21":14},"Agents":[null,{"utility":0,"ID":1},{"utility":57,"ID":2},{"utility":0,"ID":3},{"utility":93,"ID":4},{"utility":78,"ID":5},{"utility":86,"ID":6},{"utility":21,"ID":7},{"utility":67,"ID":8},{"utility":74,"ID":9},{"utility":0,"ID":10},{"utility":0,"ID":11},{"utility":0,"ID":12},{"utility":6,"ID":13},{"utility":92,"ID":14},{"utility":0,"ID":15},{"utility":0,"ID":16},{"utility":0,"ID":17},{"utility":90,"ID":18},{"utility":9.666666666666666,"ID":19},{"utility":0,"ID":20},{"utility":0,"ID":21},{"utility":20,"ID":22},{"utility":72,"ID":23},{"utility":5,"ID":24},{"utility":0,"ID":25},{"utility":0,"ID":26},{"utility":16.333333333333332,"ID":27},{"utility":35.5,"ID":28},{"utility":43,"ID":29},{"utility":20,"ID":30},{"utility":17.666666666666668,"ID":31},{"utility":89,"ID":32},{"utility":84,"ID":33},{"utility":57,"ID":34},{"utility":0,"ID":35},{"utility":5,"ID":36},{"utility":0,"ID":37},{"utility":8,"ID":38},{"utility":0,"ID":39},{"utility":0,"ID":40}],"LAST COALITION":[[],[{"utility":0,"ID":39}],[{"utility":0,"ID":15}],[{"utility":21,"ID":7},{"utility":92,"ID":14}],[{"utility":78,"ID":5},{"utility":89,"ID":32}],[{"utility":72,"ID":23},{"utility":0,"ID":25}],[{"utility":0,"ID":17}],[{"utility":74,"ID":9},{"utility":5,"ID":36}],[{"utility":0,"ID":20}],[{"utility":9.666666666666666,"ID":19},{"utility":5,"ID":24},{"utility":16.333333333333332,"ID":27},{"utility":17.666666666666668,"ID":31}],[{"utility":6,"ID":13},{"utility":0,"ID":35}],[{"utility":0,"ID":11}],[{"utility":43,"ID":29},{"utility":0,"ID":40}],[{"utility":86,"ID":6},{"utility":20,"ID":30}],[{"utility":0,"ID":21}],[{"utility":0,"ID":12}],[{"utility":0,"ID":26}],[{"utility":20,"ID":22},{"utility":35.5,"ID":28},{"utility":8,"ID":38}],[{"utility":84,"ID":33},{"utility":57,"ID":34}],[{"utility":0,"ID":37}],[],[{"utility":0,"ID":1}],[{"utility":0,"ID":16}],[{"utility":93,"ID":4},{"utility":90,"ID":18}],[{"utility":57,"ID":2},{"utility":67,"ID":8}],[{"utility":0,"ID":10}],[{"utility":0,"ID":3}],[],[],[],[],[],[],[],[],[],[],[],[],[],[]],"STARTING COALITION: ":[[null],[{"utility":0,"ID":39}],[{"utility":0,"ID":15}],[{"utility":0,"ID":3}],[],[{"utility":72,"ID":23},{"utility":0,"ID":25}],[],[{"utility":5.75,"ID":5},{"utility":18.5,"ID":9},{"utility":0,"ID":16},{"utility":22.25,"ID":18},{"utility":30,"ID":36}],[{"utility":7,"ID":20},{"utility":24,"ID":30}],[{"utility":6.75,"ID":8},{"utility":7.25,"ID":19},{"utility":21.75,"ID":24},{"utility":15.25,"ID":27},{"utility":13.25,"ID":31}],[{"utility":6,"ID":13},{"utility":0,"ID":35}],[{"utility":51,"ID":6},{"utility":0,"ID":11}],[{"utility":15,"ID":2},{"utility":2,"ID":14},{"utility":22,"ID":29},{"utility":0,"ID":40}],[{"utility":34.5,"ID":1},{"utility":0,"ID":17},{"utility":35.5,"ID":32}],[{"utility":0,"ID":21}],[],[{"utility":0,"ID":26}],[{"utility":0,"ID":7},{"utility":13.333333333333334,"ID":22},{"utility":56,"ID":28},{"utility":32.333333333333336,"ID":38}],[{"utility":65.5,"ID":12},{"utility":74.5,"ID":33},{"utility":75,"ID":34}],[{"utility":0,"ID":37}],[{"utility":0,"ID":4},{"utility":0,"ID":10}],[],[],[],[],[],[],[],[],[],[],[],[],[],[],[],[],[],[],[],[]],"CORE :":false,"LAST PARTITION":{"22":17,"23":5,"24":9,"25":5,"26":16,"27":9,"28":17,"29":12,"30":13,"31":9,"10":25,"32":4,"11":11,"33":18,"12":15,"34":18,"13":10,"35":10,"14":3,"36":7,"15":2,"37":19,"16":22,"38":17,"17":6,"39":1,"18":23,"19":9,"1":21,"2":24,"3":26,"4":23,"5":4,"6":13,"7":3,"8":24,"9":7,"40":12,"20":8,"21":14}},{"STARTING PARTITION: ":{"22":9,"23":11,"24":5,"25":19,"26":3,"27":10,"28":18,"29":19,"30":12,"31":6,"10":6,"32":19,"11":16,"33":5,"12":5,"34":10,"13":9,"35":7,"14":5,"36":3,"15":16,"37":20,"16":16,"38":4,"17":6,"39":8,"18":5,"19":11,"1":7,"2":18,"3":13,"4":5,"5":9,"6":15,"7":20,"8":17,"9":18,"40":13,"20":19,"21":2},"Agents":[null,{"utility":0,"ID":1},{"utility":57,"ID":2},{"utility":51,"ID":3},{"utility":93,"ID":4},{"utility":78,"ID":5},{"utility":49,"ID":6},{"utility":75,"ID":7},{"utility":67,"ID":8},{"utility":74,"ID":9},{"utility":55,"ID":10},{"utility":92,"ID":11},{"utility":94,"ID":12},{"utility":81,"ID":13},{"utility":81,"ID":14},{"utility":11,"ID":15},{"utility":67,"ID":16},{"utility":64,"ID":17},{"utility":90,"ID":18},{"utility":18,"ID":19},{"utility":36,"ID":20},{"utility":7,"ID":21},{"utility":0,"ID":22},{"utility":0,"ID":23},{"utility":0,"ID":24},{"utility":47,"ID":25},{"utility":0,"ID":26},{"utility":0,"ID":27},{"utility":22,"ID":28},{"utility":42,"ID":29},{"utility":79,"ID":30},{"utility":0,"ID":31},{"utility":89,"ID":32},{"utility":34,"ID":33},{"utility":93,"ID":34},{"utility":0,"ID":35},{"utility":5,"ID":36},{"utility":39,"ID":37},{"utility":0,"ID":38},{"utility":0,"ID":39},{"utility":0,"ID":40}],"LAST COALITION":[[],[{"utility":81,"ID":14},{"utility":18,"ID":19}],[{"utility":11,"ID":15},{"utility":7,"ID":21}],[{"utility":81,"ID":13},{"utility":39,"ID":37}],[{"utility":0,"ID":38}],[{"utility":0,"ID":24}],[{"utility":0,"ID":31}],[{"utility":0,"ID":35}],[{"utility":0,"ID":39}],[{"utility":0,"ID":22}],[{"utility":74,"ID":9},{"utility":5,"ID":36}],[{"utility":92,"ID":11},{"utility":22,"ID":28}],[{"utility":55,"ID":10},{"utility":67,"ID":16}],[{"utility":0,"ID":40}],[{"utility":78,"ID":5},{"utility":89,"ID":32}],[{"utility":49,"ID":6},{"utility":64,"ID":17}],[{"utility":75,"ID":7},{"utility":34,"ID":33}],[{"utility":94,"ID":12},{"utility":93,"ID":34}],[],[{"utility":36,"ID":20},{"utility":47,"ID":25},{"utility":42,"ID":29}],[{"utility":57,"ID":2},{"utility":67,"ID":8}],[{"utility":0,"ID":26}],[{"utility":0,"ID":23}],[{"utility":51,"ID":3},{"utility":79,"ID":30}],[{"utility":0,"ID":27}],[{"utility":93,"ID":4},{"utility":90,"ID":18}],[{"utility":0,"ID":1}],[],[],[],[],[],[],[],[],[],[],[],[],[],[]],"STARTING COALITION: ":[[null],[],[{"utility":0,"ID":21}],[{"utility":79,"ID":26},{"utility":0,"ID":36}],[{"utility":0,"ID":38}],[{"utility":38,"ID":4},{"utility":27.6,"ID":12},{"utility":50,"ID":14},{"utility":44.4,"ID":18},{"utility":0,"ID":24},{"utility":22.4,"ID":33}],[{"utility":3.5,"ID":10},{"utility":6.5,"ID":17},{"utility":39.5,"ID":31}],[{"utility":0,"ID":1},{"utility":0,"ID":35}],[{"utility":0,"ID":39}],[{"utility":70,"ID":5},{"utility":0,"ID":13},{"utility":24.5,"ID":22}],[{"utility":0,"ID":27},{"utility":11,"ID":34}],[{"utility":0,"ID":19},{"utility":0,"ID":23}],[{"utility":0,"ID":30}],[{"utility":0,"ID":3},{"utility":0,"ID":40}],[],[{"utility":0,"ID":6}],[{"utility":0,"ID":11},{"utility":46,"ID":15},{"utility":51,"ID":16}],[{"utility":0,"ID":8}],[{"utility":76.5,"ID":2},{"utility":14,"ID":9},{"utility":2.5,"ID":28}],[{"utility":44.333333333333336,"ID":20},{"utility":37.666666666666664,"ID":25},{"utility":48,"ID":29},{"utility":0.3333333333333333,"ID":32}],[{"utility":0,"ID":7},{"utility":0,"ID":37}],[],[],[],[],[],[],[],[],[],[],[],[],[],[],[],[],[],[],[],[]],"CORE :":false,"LAST PARTITION":{"22":9,"23":22,"24":5,"25":19,"26":21,"27":24,"28":11,"29":19,"30":23,"31":6,"10":12,"32":14,"11":11,"33":16,"12":17,"34":17,"13":3,"35":7,"14":1,"36":10,"15":2,"37":3,"16":12,"38":4,"17":15,"39":8,"18":25,"19":1,"1":26,"2":20,"3":23,"4":25,"5":14,"6":15,"7":16,"8":20,"9":10,"40":13,"20":19,"21":2}},{"STARTING PARTITION: ":{"22":19,"23":14,"24":13,"25":16,"26":15,"27":6,"28":2,"29":16,"30":1,"31":17,"10":7,"32":20,"11":15,"33":4,"12":5,"34":3,"13":14,"35":1,"14":18,"36":3,"15":2,"37":5,"16":19,"38":5,"17":1,"39":16,"18":3,"19":5,"1":7,"2":12,"3":3,"4":10,"5":19,"6":17,"7":6,"8":19,"9":6,"40":5,"20":19,"21":18},"Agents":[null,{"utility":0,"ID":1},{"utility":57,"ID":2},{"utility":88,"ID":3},{"utility":93,"ID":4},{"utility":78,"ID":5},{"utility":0,"ID":6},{"utility":0,"ID":7},{"utility":67,"ID":8},{"utility":72,"ID":9},{"utility":0,"ID":10},{"utility":93,"ID":11},{"utility":0,"ID":12},{"utility":0,"ID":13},{"utility":97,"ID":14},{"utility":79,"ID":15},{"utility":2,"ID":16},{"utility":14,"ID":17},{"utility":90,"ID":18},{"utility":29.333333333333332,"ID":19},{"utility":80,"ID":20},{"utility":4,"ID":21},{"utility":57,"ID":22},{"utility":40,"ID":23},{"utility":0,"ID":24},{"utility":29.5,"ID":25},{"utility":0,"ID":26},{"utility":0,"ID":27},{"utility":0,"ID":28},{"utility":14.5,"ID":29},{"utility":0,"ID":30},{"utility":0,"ID":31},{"utility":89,"ID":32},{"utility":0,"ID":33},{"utility":50,"ID":34},{"utility":41.5,"ID":35},{"utility":0,"ID":36},{"utility":35,"ID":37},{"utility":32.666666666666664,"ID":38},{"utility":38.5,"ID":39},{"utility":17,"ID":40}],"LAST COALITION":[[],[{"utility":14,"ID":17},{"utility":0,"ID":30},{"utility":41.5,"ID":35}],[{"utility":79,"ID":15},{"utility":0,"ID":28}],[{"utility":0,"ID":36}],[{"utility":0,"ID":33}],[{"utility":29.333333333333332,"ID":19},{"utility":35,"ID":37},{"utility":32.666666666666664,"ID":38},{"utility":17,"ID":40}],[{"utility":72,"ID":9},{"utility":0,"ID":27}],[{"utility":0,"ID":10}],[],[{"utility":0,"ID":12}],[{"utility":88,"ID":3},{"utility":50,"ID":34}],[{"utility":0,"ID":1}],[{"utility":93,"ID":4},{"utility":90,"ID":18}],[{"utility":0,"ID":24}],[{"utility":0,"ID":13},{"utility":40,"ID":23}],[{"utility":93,"ID":11},{"utility":0,"ID":26}],[{"utility":29.5,"ID":25},{"utility":14.5,"ID":29},{"utility":38.5,"ID":39}],[{"utility":0,"ID":6},{"utility":0,"ID":31}],[{"utility":97,"ID":14},{"utility":4,"ID":21}],[{"utility":2,"ID":16},{"utility":80,"ID":20},{"utility":57,"ID":22}],[{"utility":78,"ID":5},{"utility":89,"ID":32}],[{"utility":0,"ID":7}],[{"utility":57,"ID":2},{"utility":67,"ID":8}],[],[],[],[],[],[],[],[],[],[],[],[],[],[],[],[],[],[]],"STARTING COALITION: ":[[null],[{"utility":14,"ID":17},{"utility":0,"ID":30},{"utility":41.5,"ID":35}],[{"utility":79,"ID":15},{"utility":0,"ID":28}],[{"utility":58,"ID":3},{"utility":29.666666666666668,"ID":18},{"utility":22,"ID":34},{"utility":50.666666666666664,"ID":36}],[{"utility":0,"ID":33}],[{"utility":10.75,"ID":12},{"utility":22,"ID":19},{"utility":32.5,"ID":37},{"utility":24.5,"ID":38},{"utility":12.75,"ID":40}],[{"utility":0,"ID":7},{"utility":66,"ID":9},{"utility":12.5,"ID":27}],[{"utility":24,"ID":1},{"utility":0,"ID":10}],[],[],[{"utility":0,"ID":4}],[],[{"utility":0,"ID":2}],[{"utility":0,"ID":24}],[{"utility":0,"ID":13},{"utility":40,"ID":23}],[{"utility":93,"ID":11},{"utility":0,"ID":26}],[{"utility":29.5,"ID":25},{"utility":14.5,"ID":29},{"utility":38.5,"ID":39}],[{"utility":0,"ID":6},{"utility":0,"ID":31}],[{"utility":97,"ID":14},{"utility":4,"ID":21}],[{"utility":11,"ID":5},{"utility":0,"ID":8},{"utility":1,"ID":16},{"utility":84.25,"ID":20},{"utility":47.75,"ID":22}],[{"utility":0,"ID":32}],[],[],[],[],[],[],[],[],[],[],[],[],[],[],[],[],[],[],[],[]],"CORE :":false,"LAST PARTITION":{"22":19,"23":14,"24":13,"25":16,"26":15,"27":6,"28":2,"29":16,"30":1,"31":17,"10":7,"32":20,"11":15,"33":4,"12":9,"34":10,"13":14,"35":1,"14":18,"36":3,"15":2,"37":5,"16":19,"38":5,"17":1,"39":16,"18":12,"19":5,"1":11,"2":22,"3":10,"4":12,"5":20,"6":17,"7":21,"8":22,"9":6,"40":5,"20":19,"21":18}},{"STARTING PARTITION: ":{"22":2,"23":11,"24":16,"25":20,"26":13,"27":4,"28":18,"29":8,"30":5,"31":11,"10":8,"32":6,"11":13,"33":9,"12":20,"34":4,"13":9,"35":16,"14":12,"36":17,"15":7,"37":10,"16":14,"38":8,"17":20,"39":2,"18":2,"19":12,"1":12,"2":8,"3":8,"4":8,"5":18,"6":10,"7":1,"8":8,"9":8,"40":18,"20":9,"21":9},"Agents":[null,{"utility":67,"ID":1},{"utility":0,"ID":2},{"utility":51,"ID":3},{"utility":93,"ID":4},{"utility":78,"ID":5},{"utility":49,"ID":6},{"utility":75,"ID":7},{"utility":44,"ID":8},{"utility":74,"ID":9},{"utility":55,"ID":10},{"utility":86,"ID":11},{"utility":94,"ID":12},{"utility":81,"ID":13},{"utility":85,"ID":14},{"utility":8,"ID":15},{"utility":67,"ID":16},{"utility":64,"ID":17},{"utility":90,"ID":18},{"utility":82,"ID":19},{"utility":0,"ID":20},{"utility":7,"ID":21},{"utility":0,"ID":22},{"utility":0,"ID":23},{"utility":0,"ID":24},{"utility":0,"ID":25},{"utility":0,"ID":26},{"utility":0,"ID":27},{"utility":32,"ID":28},{"utility":41,"ID":29},{"utility":79,"ID":30},{"utility":0,"ID":31},{"utility":89,"ID":32},{"utility":34,"ID":33},{"utility":93,"ID":34},{"utility":0,"ID":35},{"utility":5,"ID":36},{"utility":39,"ID":37},{"utility":57,"ID":38},{"utility":0,"ID":39},{"utility":0,"ID":40}],"LAST COALITION":[[],[{"utility":51,"ID":3},{"utility":79,"ID":30}],[{"utility":0,"ID":22},{"utility":0,"ID":39}],[{"utility":86,"ID":11},{"utility":82,"ID":19}],[{"utility":0,"ID":27}],[{"utility":55,"ID":10},{"utility":67,"ID":16}],[{"utility":74,"ID":9},{"utility":5,"ID":36}],[{"utility":81,"ID":13},{"utility":39,"ID":37}],[{"utility":41,"ID":29},{"utility":57,"ID":38}],[{"utility":0,"ID":20},{"utility":7,"ID":21}],[{"utility":85,"ID":14},{"utility":8,"ID":15}],[{"utility":0,"ID":31}],[{"utility":67,"ID":1},{"utility":44,"ID":8}],[{"utility":0,"ID":2}],[{"utility":0,"ID":26}],[{"utility":49,"ID":6},{"utility":64,"ID":17}],[{"utility":0,"ID":24},{"utility":0,"ID":35}],[],[{"utility":32,"ID":28},{"utility":0,"ID":40}],[{"utility":78,"ID":5},{"utility":89,"ID":32}],[{"utility":0,"ID":25}],[{"utility":0,"ID":23}],[{"utility":93,"ID":4},{"utility":90,"ID":18}],[{"utility":94,"ID":12},{"utility":93,"ID":34}],[],[{"utility":75,"ID":7},{"utility":34,"ID":33}],[],[],[],[],[],[],[],[],[],[],[],[],[],[],[]],"STARTING COALITION: ":[[null],[{"utility":0,"ID":7}],[{"utility":66.5,"ID":18},{"utility":26,"ID":22},{"utility":17,"ID":39}],[],[{"utility":0,"ID":27},{"utility":11,"ID":34}],[{"utility":0,"ID":30}],[{"utility":0,"ID":32}],[{"utility":0,"ID":15}],[{"utility":35.285714285714285,"ID":2},{"utility":25.714285714285715,"ID":3},{"utility":14.428571428571429,"ID":4},{"utility":27,"ID":8},{"utility":24.142857142857142,"ID":9},{"utility":12,"ID":10},{"utility":23.714285714285715,"ID":29},{"utility":21.857142857142858,"ID":38}],[{"utility":9.333333333333334,"ID":13},{"utility":4.333333333333333,"ID":20},{"utility":5.666666666666667,"ID":21},{"utility":0,"ID":33}],[{"utility":0,"ID":6},{"utility":53,"ID":37}],[{"utility":0,"ID":23},{"utility":83,"ID":31}],[{"utility":78,"ID":1},{"utility":76.5,"ID":14},{"utility":10,"ID":19}],[{"utility":93,"ID":11},{"utility":0,"ID":26}],[{"utility":0,"ID":16}],[],[{"utility":0,"ID":24},{"utility":0,"ID":35}],[{"utility":0,"ID":36}],[{"utility":35.5,"ID":5},{"utility":16,"ID":28},{"utility":0,"ID":40}],[],[{"utility":49.5,"ID":12},{"utility":18.5,"ID":17},{"utility":22.5,"ID":25}],[],[],[],[],[],[],[],[],[],[],[],[],[],[],[],[],[],[],[],[]],"CORE :":false,"LAST PARTITION":{"22":2,"23":21,"24":16,"25":20,"26":14,"27":4,"28":18,"29":8,"30":1,"31":11,"10":5,"32":19,"11":3,"33":25,"12":23,"34":23,"13":7,"35":16,"14":10,"36":6,"15":10,"37":7,"16":5,"38":8,"17":15,"39":2,"18":22,"19":3,"1":12,"2":13,"3":1,"4":22,"5":19,"6":15,"7":25,"8":12,"9":6,"40":18,"20":9,"21":9}},{"STARTING PARTITION: ":{"22":10,"23":15,"24":6,"25":12,"26":2,"27":11,"28":15,"29":3,"30":1,"31":12,"10":20,"32":10,"11":19,"33":17,"12":4,"34":12,"13":14,"35":3,"14":14,"36":10,"15":6,"37":6,"16":7,"38":12,"17":19,"39":10,"18":20,"19":2,"1":15,"2":3,"3":10,"4":1,"5":15,"6":6,"7":18,"8":13,"9":11,"40":2,"20":18,"21":11},"Agents":[null,{"utility":88,"ID":1},{"utility":33,"ID":2},{"utility":88,"ID":3},{"utility":93,"ID":4},{"utility":78,"ID":5},{"utility":92,"ID":6},{"utility":75,"ID":7},{"utility":80,"ID":8},{"utility":48,"ID":9},{"utility":55,"ID":10},{"utility":92,"ID":11},{"utility":99,"ID":12},{"utility":0,"ID":13},{"utility":18,"ID":14},{"utility":0,"ID":15},{"utility":67,"ID":16},{"utility":37,"ID":17},{"utility":90,"ID":18},{"utility":2,"ID":19},{"utility":0,"ID":20},{"utility":0,"ID":21},{"utility":13,"ID":22},{"utility":0,"ID":23},{"utility":0,"ID":24},{"utility":46.5,"ID":25},{"utility":0,"ID":26},{"utility":65,"ID":27},{"utility":22,"ID":28},{"utility":78,"ID":29},{"utility":0,"ID":30},{"utility":17.5,"ID":31},{"utility":89,"ID":32},{"utility":34,"ID":33},{"utility":50,"ID":34},{"utility":74,"ID":35},{"utility":92,"ID":36},{"utility":87,"ID":37},{"utility":4,"ID":38},{"utility":0,"ID":39},{"utility":0,"ID":40}],"LAST COALITION":[[],[{"utility":55,"ID":10},{"utility":67,"ID":16}],[{"utility":0,"ID":40}],[{"utility":78,"ID":29},{"utility":74,"ID":35}],[{"utility":88,"ID":3},{"utility":50,"ID":34}],[{"utility":0,"ID":15}],[{"utility":0,"ID":24},{"utility":87,"ID":37}],[{"utility":99,"ID":12},{"utility":37,"ID":17}],[{"utility":0,"ID":23}],[],[{"utility":13,"ID":22},{"utility":92,"ID":36},{"utility":0,"ID":39}],[{"utility":0,"ID":21}],[{"utility":46.5,"ID":25},{"utility":17.5,"ID":31},{"utility":4,"ID":38}],[{"utility":78,"ID":5},{"utility":89,"ID":32}],[{"utility":0,"ID":30}],[{"utility":92,"ID":11},{"utility":22,"ID":28}],[{"utility":33,"ID":2},{"utility":65,"ID":27}],[{"utility":88,"ID":1},{"utility":2,"ID":19}],[{"utility":0,"ID":20}],[{"utility":80,"ID":8},{"utility":18,"ID":14}],[],[{"utility":0,"ID":13}],[{"utility":0,"ID":26}],[{"utility":92,"ID":6},{"utility":48,"ID":9}],[{"utility":93,"ID":4},{"utility":90,"ID":18}],[],[{"utility":75,"ID":7},{"utility":34,"ID":33}],[],[],[],[],[],[],[],[],[],[],[],[],[],[]],"STARTING COALITION: ":[[null],[{"utility":12,"ID":4},{"utility":0,"ID":30}],[{"utility":0,"ID":19},{"utility":29,"ID":26},{"utility":25.5,"ID":40}],[{"utility":4.5,"ID":2},{"utility":47,"ID":29},{"utility":37,"ID":35}],[{"utility":0,"ID":12}],[],[{"utility":5.666666666666667,"ID":6},{"utility":11,"ID":15},{"utility":40.333333333333336,"ID":24},{"utility":46.666666666666664,"ID":37}],[{"utility":0,"ID":16}],[],[],[{"utility":7.25,"ID":3},{"utility":6.5,"ID":22},{"utility":39.5,"ID":32},{"utility":55.25,"ID":36},{"utility":0,"ID":39}],[{"utility":36,"ID":9},{"utility":39,"ID":21},{"utility":0,"ID":27}],[{"utility":44.333333333333336,"ID":25},{"utility":22.666666666666668,"ID":31},{"utility":42,"ID":34},{"utility":26,"ID":38}],[{"utility":0,"ID":8}],[{"utility":12,"ID":13},{"utility":0,"ID":14}],[{"utility":20.666666666666668,"ID":1},{"utility":22,"ID":5},{"utility":35.333333333333336,"ID":23},{"utility":0,"ID":28}],[],[{"utility":0,"ID":33}],[{"utility":0,"ID":7},{"utility":14,"ID":20}],[{"utility":0,"ID":11},{"utility":23,"ID":17}],[{"utility":0,"ID":10},{"utility":0,"ID":18}],[],[],[],[],[],[],[],[],[],[],[],[],[],[],[],[],[],[],[],[]],"CORE :":false,"LAST PARTITION":{"22":10,"23":8,"24":6,"25":12,"26":22,"27":16,"28":15,"29":3,"30":14,"31":12,"10":1,"32":13,"11":15,"33":26,"12":7,"34":4,"13":21,"35":3,"14":19,"36":10,"15":5,"37":6,"16":1,"38":12,"17":7,"39":10,"18":24,"19":17,"1":17,"2":16,"3":4,"4":24,"5":13,"6":23,"7":26,"8":19,"9":23,"40":2,"20":18,"21":11}},{"STARTING PARTITION: ":{"22":11,"23":19,"24":9,"25":16,"26":9,"27":9,"28":18,"29":19,"30":17,"31":8,"10":12,"32":19,"11":15,"33":14,"12":2,"34":12,"13":17,"35":3,"14":18,"36":3,"15":14,"37":17,"16":15,"38":5,"17":4,"39":15,"18":10,"19":11,"1":13,"2":18,"3":8,"4":15,"5":20,"6":15,"7":9,"8":3,"9":19,"40":10,"20":9,"21":4},"Agents":[null,{"utility":67,"ID":1},{"utility":0,"ID":2},{"utility":88,"ID":3},{"utility":93,"ID":4},{"utility":78,"ID":5},{"utility":61,"ID":6},{"utility":43.333333333333336,"ID":7},{"utility":44,"ID":8},{"utility":0,"ID":9},{"utility":0,"ID":10},{"utility":0,"ID":11},{"utility":0,"ID":12},{"utility":81,"ID":13},{"utility":86,"ID":14},{"utility":79,"ID":15},{"utility":46.666666666666664,"ID":16},{"utility":0,"ID":17},{"utility":90,"ID":18},{"utility":57,"ID":19},{"utility":35.333333333333336,"ID":20},{"utility":0,"ID":21},{"utility":87,"ID":22},{"utility":0,"ID":23},{"utility":0,"ID":24},{"utility":0,"ID":25},{"utility":23.333333333333332,"ID":26},{"utility":0,"ID":27},{"utility":0,"ID":28},{"utility":0,"ID":29},{"utility":0,"ID":30},{"utility":0,"ID":31},{"utility":89,"ID":32},{"utility":0,"ID":33},{"utility":50,"ID":34},{"utility":0,"ID":35},{"utility":42,"ID":36},{"utility":39,"ID":37},{"utility":0,"ID":38},{"utility":58.333333333333336,"ID":39},{"utility":0,"ID":40}],"LAST COALITION":[[],[{"utility":0,"ID":2}],[{"utility":93,"ID":4},{"utility":90,"ID":18}],[{"utility":0,"ID":35},{"utility":42,"ID":36}],[{"utility":0,"ID":17},{"utility":0,"ID":21}],[{"utility":0,"ID":38}],[{"utility":0,"ID":12}],[{"utility":67,"ID":1},{"utility":44,"ID":8}],[{"utility":0,"ID":31}],[{"utility":43.333333333333336,"ID":7},{"utility":35.333333333333336,"ID":20},{"utility":0,"ID":24},{"utility":23.333333333333332,"ID":26}],[{"utility":0,"ID":40}],[{"utility":57,"ID":19},{"utility":87,"ID":22}],[{"utility":0,"ID":27}],[{"utility":0,"ID":10}],[{"utility":79,"ID":15},{"utility":0,"ID":33}],[{"utility":61,"ID":6},{"utility":0,"ID":11},{"utility":46.666666666666664,"ID":16},{"utility":58.333333333333336,"ID":39}],[{"utility":0,"ID":25}],[{"utility":81,"ID":13},{"utility":39,"ID":37}],[{"utility":86,"ID":14},{"utility":0,"ID":28}],[{"utility":0,"ID":9},{"utility":0,"ID":23},{"utility":0,"ID":29}],[{"utility":78,"ID":5},{"utility":89,"ID":32}],[{"utility":0,"ID":30}],[{"utility":88,"ID":3},{"utility":50,"ID":34}],[],[],[],[],[],[],[],[],[],[],[],[],[],[],[],[],[],[]],"STARTING COALITION: ":[[null],[],[{"utility":0,"ID":12}],[{"utility":4.5,"ID":8},{"utility":0,"ID":35},{"utility":25.5,"ID":36}],[{"utility":0,"ID":17},{"utility":0,"ID":21}],[{"utility":0,"ID":38}],[],[],[{"utility":0,"ID":3},{"utility":0,"ID":31}],[{"utility":32.5,"ID":7},{"utility":26.5,"ID":20},{"utility":0,"ID":24},{"utility":17.5,"ID":26},{"utility":29,"ID":27}],[{"utility":0,"ID":18},{"utility":49,"ID":40}],[{"utility":57,"ID":19},{"utility":87,"ID":22}],[{"utility":0,"ID":10},{"utility":48,"ID":34}],[{"utility":0,"ID":1}],[{"utility":79,"ID":15},{"utility":0,"ID":33}],[{"utility":0,"ID":4},{"utility":50.75,"ID":6},{"utility":0,"ID":11},{"utility":50,"ID":16},{"utility":43.75,"ID":39}],[{"utility":0,"ID":25}],[{"utility":66.5,"ID":13},{"utility":61.5,"ID":30},{"utility":41.5,"ID":37}],[{"utility":47,"ID":2},{"utility":46,"ID":14},{"utility":0,"ID":28}],[{"utility":0,"ID":9},{"utility":27.333333333333332,"ID":23},{"utility":20,"ID":29},{"utility":31.333333333333332,"ID":32}],[{"utility":0,"ID":5}],[],[],[],[],[],[],[],[],[],[],[],[],[],[],[],[],[],[],[],[]],"CORE :":false,"LAST PARTITION":{"22":11,"23":19,"24":9,"25":16,"26":9,"27":12,"28":18,"29":19,"30":21,"31":8,"10":13,"32":20,"11":15,"33":14,"12":6,"34":22,"13":17,"35":3,"14":18,"36":3,"15":14,"37":17,"16":15,"38":5,"17":4,"39":15,"18":2,"19":11,"1":7,"2":1,"3":22,"4":2,"5":20,"6":15,"7":9,"8":7,"9":19,"40":10,"20":9,"21":4}},{"STARTING PARTITION: ":{"22":3,"23":1,"24":5,"25":2,"26":10,"27":19,"28":3,"29":8,"30":17,"31":8,"10":3,"32":14,"11":7,"33":6,"12":13,"34":14,"13":10,"35":19,"14":3,"36":14,"15":14,"37":6,"16":1,"38":8,"17":19,"39":10,"18":5,"19":15,"1":17,"2":9,"3":10,"4":8,"5":4,"6":9,"7":12,"8":20,"9":6,"40":4,"20":3,"21":18},"Agents":[null,{"utility":0,"ID":1},{"utility":57,"ID":2},{"utility":51,"ID":3},{"utility":93,"ID":4},{"utility":78,"ID":5},{"utility":49,"ID":6},{"utility":75,"ID":7},{"utility":67,"ID":8},{"utility":74,"ID":9},{"utility":55,"ID":10},{"utility":92,"ID":11},{"utility":94,"ID":12},{"utility":81,"ID":13},{"utility":81,"ID":14},{"utility":11,"ID":15},{"utility":67,"ID":16},{"utility":64,"ID":17},{"utility":90,"ID":18},{"utility":18,"ID":19},{"utility":96,"ID":20},{"utility":7,"ID":21},{"utility":37,"ID":22},{"utility":0,"ID":23},{"utility":0,"ID":24},{"utility":0,"ID":25},{"utility":0,"ID":26},{"utility":0,"ID":27},{"utility":22,"ID":28},{"utility":69.5,"ID":29},{"utility":79,"ID":30},{"utility":17.5,"ID":31},{"utility":89,"ID":32},{"utility":34,"ID":33},{"utility":93,"ID":34},{"utility":0,"ID":35},{"utility":5,"ID":36},{"utility":39,"ID":37},{"utility":28.5,"ID":38},{"utility":0,"ID":39},{"utility":0,"ID":40}],"LAST COALITION":[[],[{"utility":94,"ID":12},{"utility":93,"ID":34}],[{"utility":0,"ID":25}],[{"utility":96,"ID":20},{"utility":37,"ID":22}],[{"utility":0,"ID":40}],[{"utility":0,"ID":24}],[{"utility":92,"ID":11},{"utility":22,"ID":28}],[{"utility":74,"ID":9},{"utility":5,"ID":36}],[{"utility":69.5,"ID":29},{"utility":17.5,"ID":31},{"utility":28.5,"ID":38}],[{"utility":0,"ID":23}],[{"utility":0,"ID":39}],[{"utility":0,"ID":27}],[{"utility":51,"ID":3},{"utility":79,"ID":30}],[{"utility":93,"ID":4},{"utility":90,"ID":18}],[{"utility":75,"ID":7},{"utility":34,"ID":33}],[{"utility":0,"ID":26}],[{"utility":49,"ID":6},{"utility":64,"ID":17}],[{"utility":81,"ID":13},{"utility":39,"ID":37}],[{"utility":11,"ID":15},{"utility":7,"ID":21}],[{"utility":0,"ID":35}],[{"utility":78,"ID":5},{"utility":89,"ID":32}],[{"utility":81,"ID":14},{"utility":18,"ID":19}],[],[{"utility":55,"ID":10},{"utility":67,"ID":16}],[{"utility":57,"ID":2},{"utility":67,"ID":8}],[{"utility":0,"ID":1}],[],[],[],[],[],[],[],[],[],[],[],[],[],[],[]],"STARTING COALITION: ":[[null],[{"utility":30,"ID":16},{"utility":77,"ID":23}],[{"utility":0,"ID":25}],[{"utility":46.25,"ID":10},{"utility":21.5,"ID":14},{"utility":38,"ID":20},{"utility":19.25,"ID":22},{"utility":52.25,"ID":28}],[{"utility":70,"ID":5},{"utility":0,"ID":40}],[{"utility":77,"ID":18},{"utility":0,"ID":24}],[{"utility":20,"ID":9},{"utility":49.5,"ID":33},{"utility":27.5,"ID":37}],[{"utility":0,"ID":11}],[{"utility":38.666666666666664,"ID":4},{"utility":72.33333333333333,"ID":29},{"utility":17,"ID":31},{"utility":19,"ID":38}],[{"utility":55,"ID":2},{"utility":0,"ID":6}],[{"utility":0.3333333333333333,"ID":3},{"utility":36.333333333333336,"ID":13},{"utility":44.333333333333336,"ID":26},{"utility":29.666666666666668,"ID":39}],[],[{"utility":0,"ID":7}],[{"utility":0,"ID":12}],[{"utility":15,"ID":15},{"utility":24.666666666666668,"ID":32},{"utility":21,"ID":34},{"utility":31.333333333333332,"ID":36}],[{"utility":0,"ID":19}],[],[{"utility":30,"ID":1},{"utility":62,"ID":30}],[{"utility":0,"ID":21}],[{"utility":50.5,"ID":17},{"utility":0,"ID":27},{"utility":34.5,"ID":35}],[{"utility":0,"ID":8}],[],[],[],[],[],[],[],[],[],[],[],[],[],[],[],[],[],[],[],[]],"CORE :":false,"LAST PARTITION":{"22":3,"23":9,"24":5,"25":2,"26":15,"27":11,"28":6,"29":8,"30":12,"31":8,"10":23,"32":20,"11":6,"33":14,"12":1,"34":1,"13":17,"35":19,"14":21,"36":7,"15":18,"37":17,"16":23,"38":8,"17":16,"39":10,"18":13,"19":21,"1":25,"2":24,"3":12,"4":13,"5":20,"6":16,"7":14,"8":24,"9":7,"40":4,"20":3,"21":18}},{"STARTING PARTITION: ":{"22":18,"23":2,"24":2,"25":4,"26":7,"27":7,"28":20,"29":18,"30":15,"31":2,"10":6,"32":14,"11":12,"33":15,"12":10,"34":16,"13":12,"35":17,"14":6,"36":5,"15":3,"37":7,"16":16,"38":14,"17":10,"39":13,"18":4,"19":13,"1":8,"2":12,"3":2,"4":3,"5":15,"6":17,"7":18,"8":5,"9":11,"40":9,"20":17,"21":17},"Agents":[null,{"utility":0,"ID":1},{"utility":57,"ID":2},{"utility":51,"ID":3},{"utility":93,"ID":4},{"utility":78,"ID":5},{"utility":49,"ID":6},{"utility":75,"ID":7},{"utility":67,"ID":8},{"utility":74,"ID":9},{"utility":55,"ID":10},{"utility":92,"ID":11},{"utility":94,"ID":12},{"utility":81,"ID":13},{"utility":81,"ID":14},{"utility":11,"ID":15},{"utility":67,"ID":16},{"utility":64,"ID":17},{"utility":90,"ID":18},{"utility":18,"ID":19},{"utility":0,"ID":20},{"utility":7,"ID":21},{"utility":0,"ID":22},{"utility":0,"ID":23},{"utility":0,"ID":24},{"utility":0,"ID":25},{"utility":0,"ID":26},{"utility":0,"ID":27},{"utility":22,"ID":28},{"utility":0,"ID":29},{"utility":79,"ID":30},{"utility":3,"ID":31},{"utility":89,"ID":32},{"utility":34,"ID":33},{"utility":93,"ID":34},{"utility":0,"ID":35},{"utility":5,"ID":36},{"utility":39,"ID":37},{"utility":0,"ID":38},{"utility":0,"ID":39},{"utility":0,"ID":40}],"LAST COALITION":[[],[{"utility":57,"ID":2},{"utility":67,"ID":8}],[{"utility":0,"ID":24},{"utility":3,"ID":31}],[{"utility":92,"ID":11},{"utility":22,"ID":28}],[{"utility":0,"ID":25}],[{"utility":0,"ID":27}],[{"utility":0,"ID":22}],[{"utility":0,"ID":26}],[{"utility":93,"ID":4},{"utility":90,"ID":18}],[{"utility":0,"ID":40}],[{"utility":81,"ID":14},{"utility":18,"ID":19}],[{"utility":75,"ID":7},{"utility":34,"ID":33}],[{"utility":74,"ID":9},{"utility":5,"ID":36}],[{"utility":0,"ID":39}],[{"utility":0,"ID":38}],[{"utility":0,"ID":23}],[{"utility":81,"ID":13},{"utility":39,"ID":37}],[{"utility":0,"ID":20},{"utility":0,"ID":35}],[{"utility":0,"ID":29}],[],[{"utility":55,"ID":10},{"utility":67,"ID":16}],[{"utility":94,"ID":12},{"utility":93,"ID":34}],[{"utility":49,"ID":6},{"utility":64,"ID":17}],[{"utility":11,"ID":15},{"utility":7,"ID":21}],[{"utility":51,"ID":3},{"utility":79,"ID":30}],[{"utility":0,"ID":1}],[{"utility":78,"ID":5},{"utility":89,"ID":32}],[],[],[],[],[],[],[],[],[],[],[],[],[],[]],"STARTING COALITION: ":[[null],[],[{"utility":0,"ID":3},{"utility":0,"ID":23},{"utility":51.333333333333336,"ID":24},{"utility":28.666666666666668,"ID":31}],[{"utility":0,"ID":4},{"utility":0,"ID":15}],[{"utility":65,"ID":18},{"utility":0,"ID":25}],[{"utility":9,"ID":8},{"utility":9,"ID":36}],[{"utility":68,"ID":10},{"utility":0,"ID":14}],[{"utility":29.5,"ID":26},{"utility":0,"ID":27},{"utility":0,"ID":37}],[{"utility":0,"ID":1}],[{"utility":0,"ID":40}],[{"utility":99,"ID":12},{"utility":37,"ID":17}],[{"utility":0,"ID":9}],[{"utility":0.5,"ID":2},{"utility":51,"ID":11},{"utility":32,"ID":13}],[{"utility":54,"ID":19},{"utility":0,"ID":39}],[{"utility":0,"ID":32},{"utility":66,"ID":38}],[{"utility":10,"ID":5},{"utility":40.5,"ID":30},{"utility":16,"ID":33}],[{"utility":8,"ID":16},{"utility":0,"ID":34}],[{"utility":23.333333333333332,"ID":6},{"utility":4.333333333333333,"ID":20},{"utility":2.3333333333333335,"ID":21},{"utility":1,"ID":35}],[{"utility":32,"ID":7},{"utility":0,"ID":22},{"utility":7,"ID":29}],[],[{"utility":0,"ID":28}],[],[],[],[],[],[],[],[],[],[],[],[],[],[],[],[],[],[],[],[]],"CORE :":false,"LAST PARTITION":{"22":6,"23":15,"24":2,"25":4,"26":7,"27":5,"28":3,"29":18,"30":24,"31":2,"10":20,"32":26,"11":3,"33":11,"12":21,"34":21,"13":16,"35":17,"14":10,"36":12,"15":23,"37":16,"16":20,"38":14,"17":22,"39":13,"18":8,"19":10,"1":25,"2":1,"3":24,"4":8,"5":26,"6":22,"7":11,"8":1,"9":12,"40":9,"20":17,"21":23}},{"STARTING PARTITION: ":{"22":3,"23":3,"24":15,"25":16,"26":7,"27":11,"28":3,"29":7,"30":17,"31":9,"10":1,"32":18,"11":6,"33":16,"12":19,"34":9,"13":19,"35":17,"14":5,"36":12,"15":14,"37":11,"16":16,"38":12,"17":7,"39":20,"18":12,"19":7,"1":12,"2":11,"3":17,"4":8,"5":1,"6":19,"7":16,"8":11,"9":6,"40":12,"20":17,"21":18},"Agents":[null,{"utility":88,"ID":1},{"utility":33,"ID":2},{"utility":0,"ID":3},{"utility":93,"ID":4},{"utility":78,"ID":5},{"utility":49,"ID":6},{"utility":75,"ID":7},{"utility":80,"ID":8},{"utility":90,"ID":9},{"utility":55,"ID":10},{"utility":92,"ID":11},{"utility":94,"ID":12},{"utility":0,"ID":13},{"utility":18,"ID":14},{"utility":0,"ID":15},{"utility":67,"ID":16},{"utility":64,"ID":17},{"utility":90,"ID":18},{"utility":2,"ID":19},{"utility":0,"ID":20},{"utility":0,"ID":21},{"utility":0,"ID":22},{"utility":0,"ID":23},{"utility":0,"ID":24},{"utility":0,"ID":25},{"utility":0,"ID":26},{"utility":65,"ID":27},{"utility":22,"ID":28},{"utility":0,"ID":29},{"utility":55,"ID":30},{"utility":0,"ID":31},{"utility":89,"ID":32},{"utility":34,"ID":33},{"utility":93,"ID":34},{"utility":0,"ID":35},{"utility":24,"ID":36},{"utility":0,"ID":37},{"utility":49,"ID":38},{"utility":0,"ID":39},{"utility":0,"ID":40}],"LAST COALITION":[[],[{"utility":0,"ID":22}],[{"utility":0,"ID":24}],[{"utility":92,"ID":11},{"utility":22,"ID":28}],[{"utility":90,"ID":9},{"utility":55,"ID":30}],[{"utility":93,"ID":4},{"utility":90,"ID":18}],[{"utility":55,"ID":10},{"utility":67,"ID":16}],[{"utility":0,"ID":29}],[{"utility":0,"ID":26}],[{"utility":0,"ID":31}],[{"utility":80,"ID":8},{"utility":18,"ID":14}],[{"utility":0,"ID":37}],[{"utility":24,"ID":36},{"utility":49,"ID":38},{"utility":0,"ID":40}],[{"utility":49,"ID":6},{"utility":64,"ID":17}],[{"utility":0,"ID":23}],[{"utility":94,"ID":12},{"utility":93,"ID":34}],[{"utility":0,"ID":25}],[{"utility":0,"ID":20},{"utility":0,"ID":35}],[{"utility":0,"ID":21}],[{"utility":0,"ID":3}],[{"utility":0,"ID":39}],[],[{"utility":33,"ID":2},{"utility":65,"ID":27}],[{"utility":0,"ID":13}],[],[{"utility":78,"ID":5},{"utility":89,"ID":32}],[{"utility":88,"ID":1},{"utility":2,"ID":19}],[{"utility":75,"ID":7},{"utility":34,"ID":33}],[{"utility":0,"ID":15}],[],[],[],[],[],[],[],[],[],[],[],[]],"STARTING COALITION: ":[[null],[{"utility":18,"ID":5},{"utility":4,"ID":10}],[],[{"utility":20,"ID":22},{"utility":37.5,"ID":23},{"utility":35.5,"ID":28}],[],[{"utility":0,"ID":14}],[{"utility":15,"ID":9},{"utility":0,"ID":11}],[{"utility":22.666666666666668,"ID":17},{"utility":44,"ID":19},{"utility":18.333333333333332,"ID":26},{"utility":40.333333333333336,"ID":29}],[{"utility":0,"ID":4}],[{"utility":33,"ID":31},{"utility":27,"ID":34}],[],[{"utility":30,"ID":2},{"utility":22.333333333333332,"ID":8},{"utility":25.666666666666668,"ID":27},{"utility":0,"ID":37}],[{"utility":13.75,"ID":1},{"utility":61.25,"ID":18},{"utility":25.25,"ID":36},{"utility":41,"ID":38},{"utility":12.25,"ID":40}],[],[{"utility":0,"ID":15}],[{"utility":0,"ID":24}],[{"utility":58.666666666666664,"ID":7},{"utility":13.333333333333334,"ID":16},{"utility":3.6666666666666665,"ID":25},{"utility":11.333333333333334,"ID":33}],[{"utility":17,"ID":3},{"utility":9.333333333333334,"ID":20},{"utility":34.333333333333336,"ID":30},{"utility":21,"ID":35}],[{"utility":0,"ID":21},{"utility":32,"ID":32}],[{"utility":35.5,"ID":6},{"utility":0,"ID":12},{"utility":9,"ID":13}],[{"utility":0,"ID":39}],[],[],[],[],[],[],[],[],[],[],[],[],[],[],[],[],[],[],[],[]],"CORE :":false,"LAST PARTITION":{"22":1,"23":14,"24":2,"25":16,"26":8,"27":22,"28":3,"29":7,"30":4,"31":9,"10":6,"32":25,"11":3,"33":27,"12":15,"34":15,"13":23,"35":17,"14":10,"36":12,"15":28,"37":11,"16":6,"38":12,"17":13,"39":20,"18":5,"19":26,"1":26,"2":22,"3":19,"4":5,"5":25,"6":13,"7":27,"8":10,"9":4,"40":12,"20":17,"21":18}},{"END OF FILE:" : true}]