[{"STARTING PARTITION: ":{"22":10,"23":9,"24":11,"25":5,"26":5,"27":16,"28":11,"29":11,"30":4,"31":19,"10":16,"32":16,"11":12,"33":20,"12":17,"34":9,"13":13,"35":14,"14":1,"36":9,"15":3,"37":9,"16":6,"38":20,"17":19,"39":8,"18":10,"19":11,"1":13,"2":19,"3":6,"4":4,"5":10,"6":12,"7":12,"8":8,"9":12,"40":5,"20":11,"21":20},"Agents":[null,{"utility":73,"ID":1},{"utility":6,"ID":2},{"utility":94,"ID":3},{"utility":34,"ID":4},{"utility":98,"ID":5},{"utility":35,"ID":6},{"utility":90,"ID":7},{"utility":85,"ID":8},{"utility":98,"ID":9},{"utility":81,"ID":10},{"utility":86,"ID":11},{"utility":0,"ID":12},{"utility":75,"ID":13},{"utility":39,"ID":14},{"utility":0,"ID":15},{"utility":75,"ID":16},{"utility":68,"ID":17},{"utility":54,"ID":18},{"utility":58,"ID":19},{"utility":0,"ID":20},{"utility":86,"ID":21},{"utility":47,"ID":22},{"utility":0,"ID":23},{"utility":46,"ID":24},{"utility":0,"ID":25},{"utility":79,"ID":26},{"utility":44,"ID":27},{"utility":63,"ID":28},{"utility":99,"ID":29},{"utility":0,"ID":30},{"utility":66,"ID":31},{"utility":0,"ID":32},{"utility":0,"ID":33},{"utility":82.5,"ID":34},{"utility":0,"ID":35},{"utility":22.5,"ID":36},{"utility":37,"ID":37},{"utility":0,"ID":38},{"utility":0,"ID":39},{"utility":0,"ID":40}],"LAST COALITION":[[],[{"utility":98,"ID":9},{"utility":58,"ID":19}],[{"utility":0,"ID":15}],[{"utility":0,"ID":12}],[{"utility":0,"ID":30}],[{"utility":34,"ID":4},{"utility":86,"ID":21}],[{"utility":94,"ID":3},{"utility":75,"ID":16}],[{"utility":35,"ID":6},{"utility":75,"ID":13}],[{"utility":0,"ID":33}],[{"utility":0,"ID":23},{"utility":82.5,"ID":34},{"utility":22.5,"ID":36}],[{"utility":86,"ID":11},{"utility":39,"ID":14}],[{"utility":0,"ID":20},{"utility":99,"ID":29}],[{"utility":85,"ID":8},{"utility":79,"ID":26}],[{"utility":81,"ID":10},{"utility":46,"ID":24}],[{"utility":0,"ID":35}],[{"utility":0,"ID":25}],[{"utility":44,"ID":27},{"utility":0,"ID":32}],[{"utility":6,"ID":2},{"utility":54,"ID":18}],[{"utility":98,"ID":5},{"utility":37,"ID":37}],[{"utility":68,"ID":17},{"utility":66,"ID":31}],[{"utility":73,"ID":1},{"utility":47,"ID":22}],[],[],[{"utility":90,"ID":7},{"utility":63,"ID":28}],[{"utility":0,"ID":40}],[{"utility":0,"ID":39}],[{"utility":0,"ID":38}],[],[],[],[],[],[],[],[],[],[],[],[],[],[]],"STARTING COALITION: ":[[null],[{"utility":0,"ID":14}],[],[{"utility":0,"ID":15}],[{"utility":0,"ID":4},{"utility":93,"ID":30}],[{"utility":29.5,"ID":25},{"utility":24,"ID":26},{"utility":40.5,"ID":40}],[{"utility":94,"ID":3},{"utility":75,"ID":16}],[],[{"utility":26,"ID":8},{"utility":34,"ID":39}],[{"utility":10.333333333333334,"ID":23},{"utility":55,"ID":34},{"utility":15,"ID":36},{"utility":6.666666666666667,"ID":37}],[{"utility":41.5,"ID":5},{"utility":24.5,"ID":18},{"utility":62.5,"ID":22}],[{"utility":16,"ID":19},{"utility":10,"ID":20},{"utility":5,"ID":24},{"utility":41.75,"ID":28},{"utility":24.75,"ID":29}],[{"utility":24,"ID":6},{"utility":38.333333333333336,"ID":7},{"utility":29.666666666666668,"ID":9},{"utility":3.3333333333333335,"ID":11}],[{"utility":0,"ID":1},{"utility":5,"ID":13}],[{"utility":0,"ID":35}],[],[{"utility":10,"ID":10},{"utility":61.5,"ID":27},{"utility":31.5,"ID":32}],[{"utility":0,"ID":12}],[],[{"utility":0,"ID":2},{"utility":46,"ID":17},{"utility":33,"ID":31}],[{"utility":0,"ID":21},{"utility":31,"ID":33},{"utility":9.5,"ID":38}],[],[],[],[],[],[],[],[],[],[],[],[],[],[],[],[],[],[],[],[]],"CORE :":false,"LAST PARTITION":{"22":20,"23":9,"24":13,"25":15,"26":12,"27":16,"28":23,"29":11,"30":4,"31":19,"10":13,"32":16,"11":10,"33":8,"12":3,"34":9,"13":7,"35":14,"14":10,"36":9,"15":2,"37":18,"16":6,"38":26,"17":19,"39":25,"18":17,"19":1,"1":20,"2":17,"3":6,"4":5,"5":18,"6":7,"7":23,"8":12,"9":1,"40":24,"20":11,"21":5}},{"STARTING PARTITION: ":{"22":11,"23":5,"24":19,"25":12,"26":9,"27":11,"28":1,"29":15,"30":6,"31":7,"10":16,"32":14,"11":1,"33":19,"12":18,"34":7,"13":17,"35":19,"14":7,"36":7,"15":18,"37":15,"16":17,"38":5,"17":15,"39":6,"18":15,"19":14,"1":3,"2":19,"3":7,"4":16,"5":6,"6":11,"7":11,"8":10,"9":15,"40":7,"20":2,"21":17},"Agents":[null,{"utility":73,"ID":1},{"utility":69,"ID":2},{"utility":94,"ID":3},{"utility":34,"ID":4},{"utility":98,"ID":5},{"utility":0,"ID":6},{"utility":90,"ID":7},{"utility":85,"ID":8},{"utility":0,"ID":9},{"utility":81,"ID":10},{"utility":86,"ID":11},{"utility":69,"ID":12},{"utility":5,"ID":13},{"utility":39,"ID":14},{"utility":0,"ID":15},{"utility":75,"ID":16},{"utility":0,"ID":17},{"utility":0,"ID":18},{"utility":92,"ID":19},{"utility":34,"ID":20},{"utility":86,"ID":21},{"utility":47,"ID":22},{"utility":12,"ID":23},{"utility":46,"ID":24},{"utility":0,"ID":25},{"utility":79,"ID":26},{"utility":0,"ID":27},{"utility":63,"ID":28},{"utility":26,"ID":29},{"utility":0,"ID":30},{"utility":0,"ID":31},{"utility":0,"ID":32},{"utility":0,"ID":33},{"utility":52.5,"ID":34},{"utility":0,"ID":35},{"utility":22.5,"ID":36},{"utility":37,"ID":37},{"utility":0,"ID":38},{"utility":46,"ID":39},{"utility":0,"ID":40}],"LAST COALITION":[[],[{"utility":69,"ID":2},{"utility":92,"ID":19}],[{"utility":5,"ID":13},{"utility":34,"ID":20}],[{"utility":0,"ID":9}],[{"utility":73,"ID":1},{"utility":47,"ID":22}],[{"utility":12,"ID":23},{"utility":0,"ID":38}],[{"utility":0,"ID":30}],[{"utility":0,"ID":31},{"utility":52.5,"ID":34},{"utility":22.5,"ID":36}],[{"utility":86,"ID":11},{"utility":39,"ID":14}],[{"utility":0,"ID":25}],[{"utility":0,"ID":18}],[{"utility":0,"ID":27}],[{"utility":0,"ID":35}],[],[{"utility":0,"ID":32}],[{"utility":0,"ID":17},{"utility":26,"ID":29}],[{"utility":81,"ID":10},{"utility":46,"ID":24}],[{"utility":98,"ID":5},{"utility":37,"ID":37}],[{"utility":69,"ID":12},{"utility":46,"ID":39}],[{"utility":0,"ID":40}],[{"utility":90,"ID":7},{"utility":63,"ID":28}],[{"utility":0,"ID":6}],[{"utility":0,"ID":33}],[{"utility":94,"ID":3},{"utility":75,"ID":16}],[{"utility":34,"ID":4},{"utility":86,"ID":21}],[{"utility":85,"ID":8},{"utility":79,"ID":26}],[{"utility":0,"ID":15}],[],[],[],[],[],[],[],[],[],[],[],[],[],[]],"STARTING COALITION: ":[[null],[{"utility":59,"ID":11},{"utility":73,"ID":28}],[{"utility":0,"ID":20}],[{"utility":0,"ID":1}],[],[{"utility":12,"ID":23},{"utility":0,"ID":38}],[{"utility":47.5,"ID":5},{"utility":40.5,"ID":30},{"utility":2,"ID":39}],[{"utility":49.6,"ID":3},{"utility":19,"ID":14},{"utility":13.6,"ID":31},{"utility":37.6,"ID":34},{"utility":46,"ID":36},{"utility":16.2,"ID":40}],[],[{"utility":0,"ID":26}],[{"utility":0,"ID":8}],[{"utility":18,"ID":6},{"utility":50,"ID":7},{"utility":37.333333333333336,"ID":22},{"utility":28,"ID":27}],[{"utility":0,"ID":25}],[],[{"utility":52,"ID":19},{"utility":2,"ID":32}],[{"utility":33.75,"ID":9},{"utility":0,"ID":17},{"utility":42.25,"ID":18},{"utility":41,"ID":29},{"utility":0,"ID":37}],[{"utility":0,"ID":4},{"utility":0,"ID":10}],[{"utility":52,"ID":13},{"utility":25.5,"ID":16},{"utility":21.5,"ID":21}],[{"utility":0,"ID":12},{"utility":0,"ID":15}],[{"utility":39.333333333333336,"ID":2},{"utility":20,"ID":24},{"utility":12,"ID":33},{"utility":42.333333333333336,"ID":35}],[],[],[],[],[],[],[],[],[],[],[],[],[],[],[],[],[],[],[],[],[]],"CORE :":false,"LAST PARTITION":{"22":4,"23":5,"24":16,"25":9,"26":25,"27":11,"28":20,"29":15,"30":6,"31":7,"10":16,"32":14,"11":8,"33":22,"12":18,"34":7,"13":2,"35":12,"14":8,"36":7,"15":26,"37":17,"16":23,"38":5,"17":15,"39":18,"18":10,"19":1,"1":4,"2":1,"3":23,"4":24,"5":17,"6":21,"7":20,"8":25,"9":3,"40":19,"20":2,"21":24}},{"STARTING PARTITION: ":{"22":17,"23":8,"24":9,"25":7,"26":14,"27":5,"28":2,"29":19,"30":14,"31":15,"10":8,"32":19,"11":17,"33":10,"12":16,"34":12,"13":19,"35":5,"14":5,"36":2,"15":2,"37":2,"16":12,"38":14,"17":7,"39":6,"18":13,"19":6,"1":20,"2":1,"3":20,"4":16,"5":11,"6":1,"7":19,"8":9,"9":19,"40":12,"20":10,"21":10},"Agents":[null,{"utility":64,"ID":1},{"utility":89,"ID":2},{"utility":94,"ID":3},{"utility":34,"ID":4},{"utility":98,"ID":5},{"utility":0,"ID":6},{"utility":77,"ID":7},{"utility":93,"ID":8},{"utility":14,"ID":9},{"utility":81,"ID":10},{"utility":0,"ID":11},{"utility":69,"ID":12},{"utility":1,"ID":13},{"utility":92,"ID":14},{"utility":92,"ID":15},{"utility":75,"ID":16},{"utility":0,"ID":17},{"utility":38,"ID":18},{"utility":0,"ID":19},{"utility":38,"ID":20},{"utility":86,"ID":21},{"utility":63,"ID":22},{"utility":0,"ID":23},{"utility":46,"ID":24},{"utility":0,"ID":25},{"utility":35,"ID":26},{"utility":0,"ID":27},{"utility":99,"ID":28},{"utility":0,"ID":29},{"utility":0,"ID":30},{"utility":0,"ID":31},{"utility":0,"ID":32},{"utility":0,"ID":33},{"utility":42,"ID":34},{"utility":56,"ID":35},{"utility":0,"ID":36},{"utility":37,"ID":37},{"utility":0,"ID":38},{"utility":46,"ID":39},{"utility":0,"ID":40}],"LAST COALITION":[[],[{"utility":0,"ID":33}],[{"utility":99,"ID":28},{"utility":0,"ID":36}],[{"utility":69,"ID":12},{"utility":46,"ID":39}],[{"utility":0,"ID":40}],[{"utility":0,"ID":27}],[{"utility":77,"ID":7},{"utility":56,"ID":35}],[{"utility":0,"ID":17}],[{"utility":0,"ID":23}],[{"utility":14,"ID":9},{"utility":38,"ID":18}],[{"utility":0,"ID":25}],[{"utility":0,"ID":19}],[{"utility":92,"ID":14},{"utility":38,"ID":20}],[{"utility":0,"ID":29}],[{"utility":0,"ID":30}],[{"utility":0,"ID":11}],[{"utility":92,"ID":15},{"utility":63,"ID":22}],[{"utility":93,"ID":8},{"utility":42,"ID":34}],[{"utility":98,"ID":5},{"utility":37,"ID":37}],[{"utility":0,"ID":32}],[],[{"utility":94,"ID":3},{"utility":75,"ID":16}],[{"utility":0,"ID":31}],[{"utility":0,"ID":38}],[{"utility":0,"ID":6}],[{"utility":81,"ID":10},{"utility":46,"ID":24}],[{"utility":34,"ID":4},{"utility":86,"ID":21}],[{"utility":64,"ID":1},{"utility":35,"ID":26}],[{"utility":89,"ID":2},{"utility":1,"ID":13}],[],[],[],[],[],[],[],[],[],[],[],[]],"STARTING COALITION: ":[[null],[{"utility":11,"ID":2},{"utility":0,"ID":6}],[{"utility":47.666666666666664,"ID":15},{"utility":91.66666666666667,"ID":28},{"utility":27,"ID":36},{"utility":17.333333333333332,"ID":37}],[],[],[{"utility":35,"ID":14},{"utility":46,"ID":27},{"utility":6,"ID":35}],[{"utility":53,"ID":19},{"utility":0,"ID":39}],[{"utility":0,"ID":17},{"utility":0,"ID":25}],[{"utility":69,"ID":10},{"utility":80,"ID":23}],[{"utility":15,"ID":8},{"utility":0,"ID":24}],[{"utility":0,"ID":20},{"utility":0,"ID":21},{"utility":43.5,"ID":33}],[{"utility":0,"ID":5}],[{"utility":0,"ID":16},{"utility":27,"ID":34},{"utility":28,"ID":40}],[{"utility":0,"ID":18}],[{"utility":40.5,"ID":26},{"utility":48.5,"ID":30},{"utility":0,"ID":38}],[{"utility":0,"ID":31}],[{"utility":0,"ID":4},{"utility":54,"ID":12}],[{"utility":0,"ID":11},{"utility":22,"ID":22}],[],[{"utility":21.75,"ID":7},{"utility":12.5,"ID":9},{"utility":0,"ID":13},{"utility":19,"ID":29},{"utility":40,"ID":32}],[{"utility":0,"ID":1},{"utility":0,"ID":3}],[],[],[],[],[],[],[],[],[],[],[],[],[],[],[],[],[],[],[],[]],"CORE :":false,"LAST PARTITION":{"22":16,"23":8,"24":25,"25":10,"26":27,"27":5,"28":2,"29":13,"30":14,"31":22,"10":25,"32":19,"11":15,"33":1,"12":3,"34":17,"13":28,"35":6,"14":12,"36":2,"15":16,"37":18,"16":21,"38":23,"17":7,"39":3,"18":9,"19":11,"1":27,"2":28,"3":21,"4":26,"5":18,"6":24,"7":6,"8":17,"9":9,"40":4,"20":12,"21":26}},{"STARTING PARTITION: ":{"22":6,"23":4,"24":19,"25":4,"26":18,"27":1,"28":3,"29":1,"30":10,"31":5,"10":16,"32":6,"11":12,"33":7,"12":3,"34":11,"13":11,"35":16,"14":1,"36":16,"15":20,"37":8,"16":11,"38":13,"17":16,"39":17,"18":10,"19":10,"1":8,"2":1,"3":17,"4":13,"5":7,"6":17,"7":16,"8":1,"9":5,"40":6,"20":5,"21":12},"Agents":[null,{"utility":73,"ID":1},{"utility":79,"ID":2},{"utility":94,"ID":3},{"utility":34,"ID":4},{"utility":98,"ID":5},{"utility":89,"ID":6},{"utility":90,"ID":7},{"utility":93,"ID":8},{"utility":98,"ID":9},{"utility":81,"ID":10},{"utility":69,"ID":11},{"utility":69,"ID":12},{"utility":83,"ID":13},{"utility":92,"ID":14},{"utility":0,"ID":15},{"utility":75,"ID":16},{"utility":3,"ID":17},{"utility":0,"ID":18},{"utility":58,"ID":19},{"utility":38,"ID":20},{"utility":86,"ID":21},{"utility":47,"ID":22},{"utility":0,"ID":23},{"utility":46,"ID":24},{"utility":11,"ID":25},{"utility":24,"ID":26},{"utility":0,"ID":27},{"utility":63,"ID":28},{"utility":46,"ID":29},{"utility":0,"ID":30},{"utility":0,"ID":31},{"utility":0,"ID":32},{"utility":0,"ID":33},{"utility":42,"ID":34},{"utility":82,"ID":35},{"utility":48,"ID":36},{"utility":37,"ID":37},{"utility":0,"ID":38},{"utility":46,"ID":39},{"utility":64,"ID":40}],"LAST COALITION":[[],[{"utility":0,"ID":27},{"utility":46,"ID":29}],[{"utility":83,"ID":13},{"utility":11,"ID":25}],[{"utility":69,"ID":12},{"utility":46,"ID":39}],[{"utility":0,"ID":23}],[{"utility":0,"ID":31}],[{"utility":0,"ID":32}],[{"utility":0,"ID":33}],[{"utility":98,"ID":9},{"utility":58,"ID":19}],[{"utility":0,"ID":15}],[{"utility":0,"ID":30}],[{"utility":89,"ID":6},{"utility":24,"ID":26}],[{"utility":81,"ID":10},{"utility":46,"ID":24}],[{"utility":34,"ID":4},{"utility":86,"ID":21}],[{"utility":94,"ID":3},{"utility":75,"ID":16}],[{"utility":92,"ID":14},{"utility":38,"ID":20}],[{"utility":3,"ID":17},{"utility":48,"ID":36}],[{"utility":73,"ID":1},{"utility":47,"ID":22}],[],[{"utility":79,"ID":2},{"utility":64,"ID":40}],[{"utility":0,"ID":38}],[],[{"utility":93,"ID":8},{"utility":42,"ID":34}],[{"utility":69,"ID":11},{"utility":82,"ID":35}],[{"utility":90,"ID":7},{"utility":63,"ID":28}],[{"utility":98,"ID":5},{"utility":37,"ID":37}],[{"utility":0,"ID":18}],[],[],[],[],[],[],[],[],[],[],[],[],[],[]],"STARTING COALITION: ":[[null],[{"utility":47.75,"ID":2},{"utility":14.5,"ID":8},{"utility":54,"ID":14},{"utility":22,"ID":27},{"utility":11.5,"ID":29}],[],[{"utility":0,"ID":12},{"utility":4,"ID":28}],[{"utility":43,"ID":23},{"utility":0,"ID":25}],[{"utility":78,"ID":9},{"utility":7,"ID":20},{"utility":39,"ID":31}],[{"utility":1,"ID":22},{"utility":33,"ID":32},{"utility":0,"ID":40}],[{"utility":0,"ID":5},{"utility":21,"ID":33}],[{"utility":0,"ID":1},{"utility":0,"ID":37}],[],[{"utility":0,"ID":18},{"utility":34.5,"ID":19},{"utility":0,"ID":30}],[{"utility":18.5,"ID":13},{"utility":25.5,"ID":16},{"utility":30,"ID":34}],[{"utility":67,"ID":11},{"utility":0,"ID":21}],[{"utility":24,"ID":4},{"utility":83,"ID":38}],[],[],[{"utility":30,"ID":7},{"utility":32.25,"ID":10},{"utility":13.5,"ID":17},{"utility":51.25,"ID":35},{"utility":20.75,"ID":36}],[{"utility":37.5,"ID":3},{"utility":0,"ID":6},{"utility":26,"ID":39}],[{"utility":0,"ID":26}],[{"utility":0,"ID":24}],[{"utility":0,"ID":15}],[],[],[],[],[],[],[],[],[],[],[],[],[],[],[],[],[],[],[],[]],"CORE :":false,"LAST PARTITION":{"22":17,"23":4,"24":12,"25":2,"26":11,"27":1,"28":24,"29":1,"30":10,"31":5,"10":12,"32":6,"11":23,"33":7,"12":3,"34":22,"13":2,"35":23,"14":15,"36":16,"15":9,"37":25,"16":14,"38":20,"17":16,"39":3,"18":26,"19":8,"1":17,"2":19,"3":14,"4":13,"5":25,"6":11,"7":24,"8":22,"9":8,"40":19,"20":15,"21":13}},{"STARTING PARTITION: ":{"22":9,"23":19,"24":14,"25":2,"26":11,"27":9,"28":14,"29":11,"30":20,"31":5,"10":18,"32":5,"11":17,"33":4,"12":5,"34":3,"13":18,"35":1,"14":18,"36":4,"15":8,"37":14,"16":2,"38":17,"17":5,"39":3,"18":8,"19":18,"1":18,"2":18,"3":4,"4":1,"5":4,"6":15,"7":11,"8":15,"9":8,"40":4,"20":7,"21":12},"Agents":[null,{"utility":73,"ID":1},{"utility":79,"ID":2},{"utility":94,"ID":3},{"utility":34,"ID":4},{"utility":98,"ID":5},{"utility":89,"ID":6},{"utility":90,"ID":7},{"utility":93,"ID":8},{"utility":0,"ID":9},{"utility":81,"ID":10},{"utility":69,"ID":11},{"utility":69,"ID":12},{"utility":83,"ID":13},{"utility":92,"ID":14},{"utility":28,"ID":15},{"utility":75,"ID":16},{"utility":0,"ID":17},{"utility":0,"ID":18},{"utility":68,"ID":19},{"utility":38,"ID":20},{"utility":86,"ID":21},{"utility":47,"ID":22},{"utility":0,"ID":23},{"utility":46,"ID":24},{"utility":11,"ID":25},{"utility":24,"ID":26},{"utility":0,"ID":27},{"utility":63,"ID":28},{"utility":0,"ID":29},{"utility":0,"ID":30},{"utility":0,"ID":31},{"utility":9,"ID":32},{"utility":0,"ID":33},{"utility":42,"ID":34},{"utility":82,"ID":35},{"utility":77,"ID":36},{"utility":37,"ID":37},{"utility":0,"ID":38},{"utility":46,"ID":39},{"utility":64,"ID":40}],"LAST COALITION":[[],[{"utility":69,"ID":11},{"utility":82,"ID":35}],[{"utility":79,"ID":2},{"utility":64,"ID":40}],[{"utility":89,"ID":6},{"utility":24,"ID":26}],[{"utility":0,"ID":33},{"utility":77,"ID":36}],[{"utility":0,"ID":17},{"utility":9,"ID":32}],[{"utility":0,"ID":9}],[{"utility":0,"ID":18}],[{"utility":0,"ID":31}],[{"utility":0,"ID":27}],[{"utility":81,"ID":10},{"utility":46,"ID":24}],[{"utility":0,"ID":38}],[{"utility":28,"ID":15},{"utility":68,"ID":19}],[{"utility":98,"ID":5},{"utility":37,"ID":37}],[{"utility":92,"ID":14},{"utility":38,"ID":20}],[{"utility":83,"ID":13},{"utility":11,"ID":25}],[{"utility":69,"ID":12},{"utility":46,"ID":39}],[{"utility":34,"ID":4},{"utility":86,"ID":21}],[{"utility":73,"ID":1},{"utility":47,"ID":22}],[{"utility":0,"ID":23}],[{"utility":0,"ID":30}],[],[],[{"utility":94,"ID":3},{"utility":75,"ID":16}],[{"utility":0,"ID":29}],[{"utility":90,"ID":7},{"utility":63,"ID":28}],[],[{"utility":93,"ID":8},{"utility":42,"ID":34}],[],[],[],[],[],[],[],[],[],[],[],[],[]],"STARTING COALITION: ":[[null],[{"utility":9,"ID":4},{"utility":0,"ID":35}],[{"utility":15,"ID":16},{"utility":46,"ID":25}],[{"utility":0,"ID":34},{"utility":3,"ID":39}],[{"utility":22.25,"ID":3},{"utility":27.25,"ID":5},{"utility":34,"ID":33},{"utility":58.25,"ID":36},{"utility":15.25,"ID":40}],[{"utility":21.666666666666668,"ID":12},{"utility":22.666666666666668,"ID":17},{"utility":22,"ID":31},{"utility":3,"ID":32}],[],[{"utility":0,"ID":20}],[{"utility":35.5,"ID":9},{"utility":14.5,"ID":15},{"utility":42.5,"ID":18}],[{"utility":20,"ID":22},{"utility":0,"ID":27}],[],[{"utility":65,"ID":7},{"utility":0,"ID":26},{"utility":40,"ID":29}],[{"utility":0,"ID":21}],[],[{"utility":0,"ID":24},{"utility":44,"ID":28},{"utility":16,"ID":37}],[{"utility":0,"ID":6},{"utility":21,"ID":8}],[],[{"utility":0,"ID":11},{"utility":0,"ID":38}],[{"utility":42.6,"ID":1},{"utility":42.6,"ID":2},{"utility":59.8,"ID":10},{"utility":2.2,"ID":13},{"utility":34.4,"ID":14},{"utility":25,"ID":19}],[{"utility":0,"ID":23}],[{"utility":0,"ID":30}],[],[],[],[],[],[],[],[],[],[],[],[],[],[],[],[],[],[],[],[]],"CORE :":false,"LAST PARTITION":{"22":18,"23":19,"24":10,"25":15,"26":3,"27":9,"28":25,"29":24,"30":20,"31":8,"10":10,"32":5,"11":1,"33":4,"12":16,"34":27,"13":15,"35":1,"14":14,"36":4,"15":12,"37":13,"16":23,"38":11,"17":5,"39":16,"18":7,"19":12,"1":18,"2":2,"3":23,"4":17,"5":13,"6":3,"7":25,"8":27,"9":6,"40":2,"20":14,"21":17}},{"STARTING PARTITION: ":{"22":13,"23":20,"24":17,"25":12,"26":14,"27":16,"28":13,"29":6,"30":18,"31":7,"10":3,"32":16,"11":9,"33":3,"12":1,"34":12,"13":4,"35":6,"14":2,"36":17,"15":4,"37":4,"16":18,"38":3,"17":5,"39":9,"18":1,"19":16,"1":18,"2":3,"3":6,"4":3,"5":3,"6":2,"7":8,"8":1,"9":9,"40":9,"20":4,"21":8},"Agents":[null,{"utility":98,"ID":1},{"utility":79,"ID":2},{"utility":94,"ID":3},{"utility":34,"ID":4},{"utility":98,"ID":5},{"utility":89,"ID":6},{"utility":90,"ID":7},{"utility":93,"ID":8},{"utility":98,"ID":9},{"utility":77,"ID":10},{"utility":69,"ID":11},{"utility":69,"ID":12},{"utility":83,"ID":13},{"utility":92,"ID":14},{"utility":0,"ID":15},{"utility":75,"ID":16},{"utility":0,"ID":17},{"utility":0,"ID":18},{"utility":58,"ID":19},{"utility":38,"ID":20},{"utility":86,"ID":21},{"utility":0,"ID":22},{"utility":0,"ID":23},{"utility":95,"ID":24},{"utility":11,"ID":25},{"utility":24,"ID":26},{"utility":0,"ID":27},{"utility":63,"ID":28},{"utility":0,"ID":29},{"utility":0,"ID":30},{"utility":0,"ID":31},{"utility":0,"ID":32},{"utility":0,"ID":33},{"utility":42,"ID":34},{"utility":82,"ID":35},{"utility":0,"ID":36},{"utility":37,"ID":37},{"utility":0,"ID":38},{"utility":46,"ID":39},{"utility":64,"ID":40}],"LAST COALITION":[[],[{"utility":0,"ID":18}],[{"utility":0,"ID":31}],[{"utility":93,"ID":8},{"utility":42,"ID":34}],[{"utility":0,"ID":15}],[{"utility":0,"ID":17}],[{"utility":69,"ID":11},{"utility":82,"ID":35}],[{"utility":98,"ID":5},{"utility":37,"ID":37}],[{"utility":79,"ID":2},{"utility":64,"ID":40}],[{"utility":83,"ID":13},{"utility":11,"ID":25}],[{"utility":98,"ID":9},{"utility":58,"ID":19}],[],[{"utility":89,"ID":6},{"utility":24,"ID":26}],[{"utility":92,"ID":14},{"utility":38,"ID":20}],[{"utility":0,"ID":27}],[{"utility":0,"ID":22}],[{"utility":0,"ID":32}],[{"utility":95,"ID":24},{"utility":0,"ID":36}],[{"utility":0,"ID":30}],[{"utility":34,"ID":4},{"utility":86,"ID":21}],[{"utility":0,"ID":23}],[{"utility":69,"ID":12},{"utility":46,"ID":39}],[{"utility":98,"ID":1},{"utility":77,"ID":10}],[{"utility":0,"ID":33}],[{"utility":90,"ID":7},{"utility":63,"ID":28}],[],[{"utility":0,"ID":29}],[{"utility":94,"ID":3},{"utility":75,"ID":16}],[{"utility":0,"ID":38}],[],[],[],[],[],[],[],[],[],[],[],[]],"STARTING COALITION: ":[[null],[{"utility":58.5,"ID":8},{"utility":34,"ID":12},{"utility":24,"ID":18}],[{"utility":0,"ID":6},{"utility":34,"ID":14}],[{"utility":29.2,"ID":2},{"utility":4.8,"ID":4},{"utility":10.2,"ID":5},{"utility":19.8,"ID":10},{"utility":23.8,"ID":33},{"utility":17.6,"ID":38}],[{"utility":11.666666666666666,"ID":13},{"utility":30.333333333333332,"ID":15},{"utility":60.666666666666664,"ID":20},{"utility":0,"ID":37}],[{"utility":0,"ID":17}],[{"utility":5,"ID":3},{"utility":0,"ID":29},{"utility":0,"ID":35}],[{"utility":0,"ID":31}],[{"utility":38,"ID":7},{"utility":94,"ID":21}],[{"utility":55.666666666666664,"ID":9},{"utility":23.333333333333332,"ID":11},{"utility":34.333333333333336,"ID":39},{"utility":0,"ID":40}],[],[],[{"utility":0,"ID":25},{"utility":0,"ID":34}],[{"utility":34,"ID":22},{"utility":0,"ID":28}],[{"utility":0,"ID":26}],[],[{"utility":67.5,"ID":19},{"utility":33.5,"ID":27},{"utility":1,"ID":32}],[{"utility":95,"ID":24},{"utility":0,"ID":36}],[{"utility":0,"ID":1},{"utility":18,"ID":16},{"utility":60,"ID":30}],[],[{"utility":0,"ID":23}],[],[],[],[],[],[],[],[],[],[],[],[],[],[],[],[],[],[],[],[]],"CORE :":false,"LAST PARTITION":{"22":15,"23":20,"24":17,"25":9,"26":12,"27":14,"28":24,"29":26,"30":18,"31":2,"10":22,"32":16,"11":6,"33":23,"12":21,"34":3,"13":9,"35":6,"14":13,"36":17,"15":4,"37":7,"16":27,"38":28,"17":5,"39":21,"18":1,"19":10,"1":22,"2":8,"3":27,"4":19,"5":7,"6":12,"7":24,"8":3,"9":10,"40":8,"20":13,"21":19}},{"STARTING PARTITION: ":{"22":12,"23":11,"24":9,"25":12,"26":3,"27":2,"28":8,"29":10,"30":1,"31":18,"10":12,"32":15,"11":16,"33":16,"12":17,"34":7,"13":1,"35":15,"14":6,"36":20,"15":2,"37":4,"16":19,"38":1,"17":19,"39":18,"18":10,"19":19,"1":10,"2":3,"3":7,"4":5,"5":12,"6":9,"7":6,"8":7,"9":13,"40":2,"20":7,"21":10},"Agents":[null,{"utility":73,"ID":1},{"utility":79,"ID":2},{"utility":94,"ID":3},{"utility":34,"ID":4},{"utility":98,"ID":5},{"utility":61,"ID":6},{"utility":90,"ID":7},{"utility":85,"ID":8},{"utility":98,"ID":9},{"utility":81,"ID":10},{"utility":86,"ID":11},{"utility":69,"ID":12},{"utility":83,"ID":13},{"utility":39,"ID":14},{"utility":0,"ID":15},{"utility":75,"ID":16},{"utility":0,"ID":17},{"utility":54,"ID":18},{"utility":58,"ID":19},{"utility":77,"ID":20},{"utility":86,"ID":21},{"utility":47,"ID":22},{"utility":0,"ID":23},{"utility":46,"ID":24},{"utility":11,"ID":25},{"utility":79,"ID":26},{"utility":0,"ID":27},{"utility":63,"ID":28},{"utility":42,"ID":29},{"utility":0,"ID":30},{"utility":0,"ID":31},{"utility":0,"ID":32},{"utility":72,"ID":33},{"utility":60,"ID":34},{"utility":61,"ID":35},{"utility":0,"ID":36},{"utility":37,"ID":37},{"utility":0,"ID":38},{"utility":46,"ID":39},{"utility":64,"ID":40}],"LAST COALITION":[[],[{"utility":0,"ID":30}],[{"utility":0,"ID":27}],[{"utility":85,"ID":8},{"utility":79,"ID":26}],[{"utility":73,"ID":1},{"utility":47,"ID":22}],[{"utility":0,"ID":31}],[{"utility":98,"ID":9},{"utility":58,"ID":19}],[{"utility":77,"ID":20},{"utility":60,"ID":34}],[{"utility":86,"ID":11},{"utility":39,"ID":14}],[{"utility":83,"ID":13},{"utility":11,"ID":25}],[{"utility":54,"ID":18},{"utility":42,"ID":29}],[{"utility":0,"ID":23}],[{"utility":34,"ID":4},{"utility":86,"ID":21}],[{"utility":0,"ID":15}],[{"utility":69,"ID":12},{"utility":46,"ID":39}],[{"utility":0,"ID":32},{"utility":61,"ID":35}],[{"utility":81,"ID":10},{"utility":46,"ID":24}],[],[{"utility":61,"ID":6},{"utility":72,"ID":33}],[{"utility":0,"ID":17}],[{"utility":0,"ID":36}],[],[{"utility":98,"ID":5},{"utility":37,"ID":37}],[{"utility":79,"ID":2},{"utility":64,"ID":40}],[],[],[{"utility":94,"ID":3},{"utility":75,"ID":16}],[],[],[],[{"utility":90,"ID":7},{"utility":63,"ID":28}],[{"utility":0,"ID":38}],[],[],[],[],[],[],[],[],[]],"STARTING COALITION: ":[[null],[{"utility":24,"ID":13},{"utility":7.5,"ID":30},{"utility":0,"ID":38}],[{"utility":0,"ID":15},{"utility":19,"ID":27},{"utility":6,"ID":40}],[{"utility":50,"ID":2},{"utility":0,"ID":26}],[{"utility":0,"ID":37}],[{"utility":0,"ID":4}],[{"utility":0,"ID":7},{"utility":0,"ID":14}],[{"utility":53,"ID":3},{"utility":35,"ID":8},{"utility":25.666666666666668,"ID":20},{"utility":41,"ID":34}],[{"utility":0,"ID":28}],[{"utility":0,"ID":6},{"utility":0,"ID":24}],[{"utility":4.333333333333333,"ID":1},{"utility":25.333333333333332,"ID":18},{"utility":42.333333333333336,"ID":21},{"utility":54,"ID":29}],[{"utility":0,"ID":23}],[{"utility":5.666666666666667,"ID":5},{"utility":0,"ID":10},{"utility":9,"ID":22},{"utility":16,"ID":25}],[{"utility":0,"ID":9}],[],[{"utility":0,"ID":32},{"utility":61,"ID":35}],[{"utility":0,"ID":11},{"utility":0,"ID":33}],[{"utility":0,"ID":12}],[{"utility":0,"ID":31},{"utility":0,"ID":39}],[{"utility":37,"ID":16},{"utility":56.5,"ID":17},{"utility":28.5,"ID":19}],[{"utility":0,"ID":36}],[],[],[],[],[],[],[],[],[],[],[],[],[],[],[],[],[],[],[],[]],"CORE :":false,"LAST PARTITION":{"22":4,"23":11,"24":16,"25":9,"26":3,"27":2,"28":30,"29":10,"30":1,"31":5,"10":16,"32":15,"11":8,"33":18,"12":14,"34":7,"13":9,"35":15,"14":8,"36":20,"15":13,"37":22,"16":26,"38":31,"17":19,"39":14,"18":10,"19":6,"1":4,"2":23,"3":26,"4":12,"5":22,"6":18,"7":30,"8":3,"9":6,"40":23,"20":7,"21":12}},{"STARTING PARTITION: ":{"22":17,"23":18,"24":6,"25":10,"26":11,"27":19,"28":1,"29":8,"30":20,"31":19,"10":2,"32":18,"11":20,"33":2,"12":14,"34":8,"13":6,"35":12,"14":2,"36":7,"15":3,"37":16,"16":13,"38":2,"17":10,"39":7,"18":7,"19":3,"1":20,"2":6,"3":15,"4":19,"5":20,"6":11,"7":13,"8":20,"9":14,"40":3,"20":8,"21":5},"Agents":[null,{"utility":73,"ID":1},{"utility":89,"ID":2},{"utility":94,"ID":3},{"utility":34,"ID":4},{"utility":98,"ID":5},{"utility":72,"ID":6},{"utility":90,"ID":7},{"utility":85,"ID":8},{"utility":98,"ID":9},{"utility":81,"ID":10},{"utility":0,"ID":11},{"utility":0,"ID":12},{"utility":1,"ID":13},{"utility":0,"ID":14},{"utility":0,"ID":15},{"utility":75,"ID":16},{"utility":0,"ID":17},{"utility":17,"ID":18},{"utility":58,"ID":19},{"utility":38.5,"ID":20},{"utility":86,"ID":21},{"utility":47,"ID":22},{"utility":70,"ID":23},{"utility":46,"ID":24},{"utility":0,"ID":25},{"utility":79,"ID":26},{"utility":30,"ID":27},{"utility":63,"ID":28},{"utility":51.5,"ID":29},{"utility":0,"ID":30},{"utility":79,"ID":31},{"utility":0,"ID":32},{"utility":0,"ID":33},{"utility":42.5,"ID":34},{"utility":0,"ID":35},{"utility":0,"ID":36},{"utility":37,"ID":37},{"utility":0,"ID":38},{"utility":0,"ID":39},{"utility":0,"ID":40}],"LAST COALITION":[[],[],[{"utility":0,"ID":14},{"utility":0,"ID":33}],[{"utility":98,"ID":9},{"utility":58,"ID":19}],[{"utility":73,"ID":1},{"utility":47,"ID":22}],[{"utility":85,"ID":8},{"utility":79,"ID":26}],[{"utility":0,"ID":11}],[{"utility":0,"ID":36}],[{"utility":38.5,"ID":20},{"utility":51.5,"ID":29},{"utility":42.5,"ID":34}],[{"utility":89,"ID":2},{"utility":1,"ID":13}],[{"utility":0,"ID":17}],[{"utility":72,"ID":6},{"utility":17,"ID":18}],[{"utility":0,"ID":35}],[{"utility":90,"ID":7},{"utility":63,"ID":28}],[{"utility":0,"ID":12}],[{"utility":94,"ID":3},{"utility":75,"ID":16}],[{"utility":0,"ID":40}],[{"utility":0,"ID":15}],[{"utility":70,"ID":23},{"utility":0,"ID":32}],[{"utility":30,"ID":27},{"utility":79,"ID":31}],[{"utility":0,"ID":30}],[{"utility":0,"ID":25}],[{"utility":81,"ID":10},{"utility":46,"ID":24}],[{"utility":98,"ID":5},{"utility":37,"ID":37}],[{"utility":0,"ID":38}],[{"utility":34,"ID":4},{"utility":86,"ID":21}],[],[{"utility":0,"ID":39}],[],[],[],[],[],[],[],[],[],[],[],[],[]],"STARTING COALITION: ":[[null],[{"utility":0,"ID":28}],[{"utility":24,"ID":10},{"utility":30,"ID":14},{"utility":20.666666666666668,"ID":33},{"utility":1.6666666666666667,"ID":38}],[{"utility":14,"ID":15},{"utility":45.5,"ID":19},{"utility":26,"ID":40}],[],[{"utility":0,"ID":21}],[{"utility":84.5,"ID":2},{"utility":14,"ID":13},{"utility":45.5,"ID":24}],[{"utility":0,"ID":18},{"utility":24,"ID":36},{"utility":0,"ID":39}],[{"utility":38.5,"ID":20},{"utility":51.5,"ID":29},{"utility":42.5,"ID":34}],[],[{"utility":0,"ID":17},{"utility":0,"ID":25}],[{"utility":89,"ID":6},{"utility":24,"ID":26}],[{"utility":0,"ID":35}],[{"utility":0,"ID":7},{"utility":54,"ID":16}],[{"utility":31,"ID":9},{"utility":0,"ID":12}],[{"utility":0,"ID":3}],[{"utility":0,"ID":37}],[{"utility":0,"ID":22}],[{"utility":70,"ID":23},{"utility":0,"ID":32}],[{"utility":0,"ID":4},{"utility":22,"ID":27},{"utility":39.5,"ID":31}],[{"utility":32.75,"ID":1},{"utility":42,"ID":5},{"utility":30.5,"ID":8},{"utility":32.75,"ID":11},{"utility":44.25,"ID":30}],[],[],[],[],[],[],[],[],[],[],[],[],[],[],[],[],[],[],[],[]],"CORE :":false,"LAST PARTITION":{"22":4,"23":18,"24":22,"25":21,"26":5,"27":19,"28":13,"29":8,"30":20,"31":19,"10":22,"32":18,"11":6,"33":2,"12":14,"34":8,"13":9,"35":12,"14":2,"36":7,"15":17,"37":23,"16":15,"38":24,"17":10,"39":27,"18":11,"19":3,"1":4,"2":9,"3":15,"4":25,"5":23,"6":11,"7":13,"8":5,"9":3,"40":16,"20":8,"21":25}},{"STARTING PARTITION: ":{"22":16,"23":6,"24":14,"25":7,"26":8,"27":18,"28":8,"29":19,"30":15,"31":20,"10":2,"32":10,"11":19,"33":9,"12":16,"34":17,"13":12,"35":20,"14":18,"36":12,"15":18,"37":14,"16":7,"38":10,"17":13,"39":18,"18":7,"19":8,"1":3,"2":1,"3":14,"4":19,"5":18,"6":6,"7":2,"8":10,"9":4,"40":3,"20":18,"21":16},"Agents":[null,{"utility":73,"ID":1},{"utility":79,"ID":2},{"utility":94,"ID":3},{"utility":34,"ID":4},{"utility":98,"ID":5},{"utility":89,"ID":6},{"utility":90,"ID":7},{"utility":93,"ID":8},{"utility":0,"ID":9},{"utility":81,"ID":10},{"utility":95,"ID":11},{"utility":69,"ID":12},{"utility":98,"ID":13},{"utility":74.5,"ID":14},{"utility":28,"ID":15},{"utility":75,"ID":16},{"utility":0,"ID":17},{"utility":0,"ID":18},{"utility":68,"ID":19},{"utility":56,"ID":20},{"utility":86,"ID":21},{"utility":47,"ID":22},{"utility":0,"ID":23},{"utility":46,"ID":24},{"utility":0,"ID":25},{"utility":24,"ID":26},{"utility":0,"ID":27},{"utility":63,"ID":28},{"utility":0,"ID":29},{"utility":0,"ID":30},{"utility":44,"ID":31},{"utility":0,"ID":32},{"utility":0,"ID":33},{"utility":42,"ID":34},{"utility":78,"ID":35},{"utility":0,"ID":36},{"utility":37,"ID":37},{"utility":0,"ID":38},{"utility":46,"ID":39},{"utility":64,"ID":40}],"LAST COALITION":[[],[{"utility":81,"ID":10},{"utility":46,"ID":24}],[{"utility":0,"ID":38}],[{"utility":94,"ID":3},{"utility":75,"ID":16}],[{"utility":98,"ID":5},{"utility":37,"ID":37}],[{"utility":0,"ID":9}],[{"utility":0,"ID":23}],[{"utility":34,"ID":4},{"utility":86,"ID":21}],[{"utility":73,"ID":1},{"utility":47,"ID":22}],[{"utility":0,"ID":33}],[{"utility":0,"ID":32}],[{"utility":0,"ID":18}],[{"utility":98,"ID":13},{"utility":0,"ID":36}],[{"utility":0,"ID":17}],[],[{"utility":0,"ID":30}],[{"utility":69,"ID":12},{"utility":46,"ID":39}],[{"utility":89,"ID":6},{"utility":24,"ID":26}],[{"utility":74.5,"ID":14},{"utility":56,"ID":20},{"utility":0,"ID":27}],[{"utility":95,"ID":11},{"utility":0,"ID":29}],[{"utility":44,"ID":31},{"utility":78,"ID":35}],[{"utility":28,"ID":15},{"utility":68,"ID":19}],[],[{"utility":79,"ID":2},{"utility":64,"ID":40}],[{"utility":0,"ID":25}],[],[{"utility":93,"ID":8},{"utility":42,"ID":34}],[{"utility":90,"ID":7},{"utility":63,"ID":28}],[],[],[],[],[],[],[],[],[],[],[],[],[]],"STARTING COALITION: ":[[null],[{"utility":0,"ID":2}],[{"utility":0,"ID":7},{"utility":82,"ID":10}],[{"utility":36,"ID":1},{"utility":50,"ID":40}],[{"utility":0,"ID":9}],[],[{"utility":0,"ID":6},{"utility":79,"ID":23}],[{"utility":7.5,"ID":16},{"utility":26.5,"ID":18},{"utility":23,"ID":25}],[{"utility":0,"ID":19},{"utility":18,"ID":26},{"utility":39,"ID":28}],[{"utility":0,"ID":33}],[{"utility":0,"ID":8},{"utility":0,"ID":32},{"utility":17.5,"ID":38}],[],[{"utility":98,"ID":13},{"utility":0,"ID":36}],[{"utility":0,"ID":17}],[{"utility":15.5,"ID":3},{"utility":0,"ID":24},{"utility":0,"ID":37}],[{"utility":0,"ID":30}],[{"utility":35.5,"ID":12},{"utility":55,"ID":21},{"utility":7,"ID":22}],[{"utility":0,"ID":34}],[{"utility":0,"ID":5},{"utility":46.4,"ID":14},{"utility":11.4,"ID":15},{"utility":53.2,"ID":20},{"utility":13.6,"ID":27},{"utility":22.4,"ID":39}],[{"utility":0,"ID":4},{"utility":58,"ID":11},{"utility":5.5,"ID":29}],[{"utility":44,"ID":31},{"utility":78,"ID":35}],[],[],[],[],[],[],[],[],[],[],[],[],[],[],[],[],[],[],[],[]],"CORE :":false,"LAST PARTITION":{"22":8,"23":6,"24":1,"25":24,"26":17,"27":18,"28":27,"29":19,"30":15,"31":20,"10":1,"32":10,"11":19,"33":9,"12":16,"34":26,"13":12,"35":20,"14":18,"36":12,"15":21,"37":4,"16":3,"38":2,"17":13,"39":16,"18":11,"19":21,"1":8,"2":23,"3":3,"4":7,"5":4,"6":17,"7":27,"8":26,"9":5,"40":23,"20":18,"21":7}},{"STARTING PARTITION: ":{"22":15,"23":20,"24":16,"25":15,"26":9,"27":18,"28":13,"29":3,"30":6,"31":20,"10":18,"32":5,"11":4,"33":16,"12":15,"34":20,"13":13,"35":17,"14":17,"36":20,"15":17,"37":5,"16":11,"38":12,"17":1,"39":15,"18":18,"19":18,"1":16,"2":14,"3":19,"4":6,"5":4,"6":11,"7":15,"8":10,"9":8,"40":20,"20":1,"21":20},"Agents":[null,{"utility":73,"ID":1},{"utility":79,"ID":2},{"utility":94,"ID":3},{"utility":34,"ID":4},{"utility":98,"ID":5},{"utility":35,"ID":6},{"utility":90,"ID":7},{"utility":85,"ID":8},{"utility":0,"ID":9},{"utility":81,"ID":10},{"utility":0,"ID":11},{"utility":88,"ID":12},{"utility":75,"ID":13},{"utility":13,"ID":14},{"utility":0,"ID":15},{"utility":75,"ID":16},{"utility":54,"ID":17},{"utility":0,"ID":18},{"utility":0,"ID":19},{"utility":0,"ID":20},{"utility":86,"ID":21},{"utility":47,"ID":22},{"utility":14.666666666666666,"ID":23},{"utility":46,"ID":24},{"utility":0,"ID":25},{"utility":79,"ID":26},{"utility":0,"ID":27},{"utility":63,"ID":28},{"utility":0,"ID":29},{"utility":0,"ID":30},{"utility":9.666666666666666,"ID":31},{"utility":0,"ID":32},{"utility":0,"ID":33},{"utility":68,"ID":34},{"utility":0,"ID":35},{"utility":15,"ID":36},{"utility":37,"ID":37},{"utility":0,"ID":38},{"utility":0,"ID":39},{"utility":64,"ID":40}],"LAST COALITION":[[],[{"utility":54,"ID":17},{"utility":0,"ID":20}],[{"utility":94,"ID":3},{"utility":75,"ID":16}],[{"utility":0,"ID":29}],[{"utility":85,"ID":8},{"utility":79,"ID":26}],[{"utility":0,"ID":32}],[{"utility":0,"ID":30}],[{"utility":81,"ID":10},{"utility":46,"ID":24}],[{"utility":0,"ID":9}],[{"utility":90,"ID":7},{"utility":63,"ID":28}],[{"utility":0,"ID":18}],[{"utility":0,"ID":19}],[{"utility":0,"ID":38}],[{"utility":0,"ID":11}],[{"utility":98,"ID":5},{"utility":37,"ID":37}],[{"utility":88,"ID":12},{"utility":0,"ID":25}],[{"utility":0,"ID":33}],[{"utility":13,"ID":14},{"utility":0,"ID":35}],[{"utility":0,"ID":27}],[{"utility":34,"ID":4},{"utility":86,"ID":21}],[{"utility":14.666666666666666,"ID":23},{"utility":9.666666666666666,"ID":31},{"utility":68,"ID":34},{"utility":15,"ID":36}],[{"utility":73,"ID":1},{"utility":47,"ID":22}],[{"utility":0,"ID":15}],[],[{"utility":35,"ID":6},{"utility":75,"ID":13}],[{"utility":79,"ID":2},{"utility":64,"ID":40}],[{"utility":0,"ID":39}],[],[],[],[],[],[],[],[],[],[],[],[],[],[]],"STARTING COALITION: ":[[null],[{"utility":54,"ID":17},{"utility":0,"ID":20}],[],[{"utility":0,"ID":29}],[{"utility":0,"ID":5},{"utility":25,"ID":11}],[{"utility":14,"ID":32},{"utility":23,"ID":37}],[{"utility":0,"ID":4},{"utility":93,"ID":30}],[],[{"utility":0,"ID":9}],[{"utility":0,"ID":26}],[{"utility":0,"ID":8}],[{"utility":0,"ID":6},{"utility":0,"ID":16}],[{"utility":0,"ID":38}],[{"utility":29,"ID":13},{"utility":0,"ID":28}],[{"utility":0,"ID":2}],[{"utility":57.25,"ID":7},{"utility":57,"ID":12},{"utility":22.75,"ID":22},{"utility":51.75,"ID":25},{"utility":38.75,"ID":39}],[{"utility":0,"ID":1},{"utility":4.5,"ID":24},{"utility":13.5,"ID":33}],[{"utility":24.5,"ID":14},{"utility":0,"ID":15},{"utility":0,"ID":35}],[{"utility":14.333333333333334,"ID":10},{"utility":25.333333333333332,"ID":18},{"utility":50.666666666666664,"ID":19},{"utility":65,"ID":27}],[{"utility":0,"ID":3}],[{"utility":30,"ID":21},{"utility":25,"ID":23},{"utility":9.8,"ID":31},{"utility":59.8,"ID":34},{"utility":25.6,"ID":36},{"utility":26.4,"ID":40}],[],[],[],[],[],[],[],[],[],[],[],[],[],[],[],[],[],[],[],[]],"CORE :":false,"LAST PARTITION":{"22":21,"23":20,"24":7,"25":15,"26":4,"27":18,"28":9,"29":3,"30":6,"31":20,"10":7,"32":5,"11":13,"33":16,"12":15,"34":20,"13":24,"35":17,"14":17,"36":20,"15":22,"37":14,"16":2,"38":12,"17":1,"39":26,"18":10,"19":11,"1":21,"2":25,"3":2,"4":19,"5":14,"6":24,"7":9,"8":4,"9":8,"40":25,"20":1,"21":19}},{"END OF FILE:" : true}]