[{"STARTING PARTITION: ":{"11":4,"12":3,"13":9,"14":9,"15":2,"16":9,"17":2,"18":10,"19":2,"1":7,"2":4,"3":8,"4":10,"5":5,"6":6,"7":3,"8":9,"9":8,"20":5,"10":8},"Agents":[null,{"utility":95,"ID":1},{"utility":95,"ID":2},{"utility":85,"ID":3},{"utility":87,"ID":4},{"utility":22,"ID":5},{"utility":20,"ID":6},{"utility":51,"ID":7},{"utility":0,"ID":8},{"utility":0,"ID":9},{"utility":96,"ID":10},{"utility":0,"ID":11},{"utility":0,"ID":12},{"utility":16,"ID":13},{"utility":69,"ID":14},{"utility":82,"ID":15},{"utility":0,"ID":16},{"utility":47,"ID":17},{"utility":0,"ID":18},{"utility":69,"ID":19},{"utility":15,"ID":20}],"LAST COALITION":[[],[],[{"utility":96,"ID":10},{"utility":15,"ID":20}],[{"utility":0,"ID":12}],[{"utility":87,"ID":4},{"utility":22,"ID":5}],[{"utility":0,"ID":8}],[{"utility":0,"ID":11}],[{"utility":95,"ID":1},{"utility":82,"ID":15}],[{"utility":0,"ID":9}],[{"utility":0,"ID":16}],[{"utility":0,"ID":18}],[{"utility":95,"ID":2},{"utility":69,"ID":19}],[{"utility":51,"ID":7},{"utility":69,"ID":14}],[{"utility":20,"ID":6},{"utility":47,"ID":17}],[{"utility":85,"ID":3},{"utility":16,"ID":13}],[],[],[],[],[],[]],"STARTING COALITION: ":[[null],[],[{"utility":16,"ID":15},{"utility":43.5,"ID":17},{"utility":42.5,"ID":19}],[{"utility":86,"ID":7},{"utility":0,"ID":12}],[{"utility":6,"ID":2},{"utility":97,"ID":11}],[{"utility":74,"ID":5},{"utility":0,"ID":20}],[{"utility":0,"ID":6}],[{"utility":0,"ID":1}],[{"utility":39.5,"ID":3},{"utility":2,"ID":9},{"utility":19.5,"ID":10}],[{"utility":10,"ID":8},{"utility":39.333333333333336,"ID":13},{"utility":0,"ID":14},{"utility":0,"ID":16}],[{"utility":77,"ID":4},{"utility":96,"ID":18}],[],[],[],[],[],[],[],[],[],[]],"CORE :":false,"LAST PARTITION":{"11":6,"12":3,"13":14,"14":12,"15":7,"16":9,"17":13,"18":10,"19":11,"1":7,"2":11,"3":14,"4":4,"5":4,"6":13,"7":12,"8":5,"9":8,"20":2,"10":2}},{"STARTING PARTITION: ":{"11":2,"12":1,"13":7,"14":3,"15":1,"16":7,"17":4,"18":10,"19":5,"1":10,"2":5,"3":10,"4":4,"5":2,"6":6,"7":7,"8":4,"9":9,"20":4,"10":1},"Agents":[null,{"utility":95,"ID":1},{"utility":95,"ID":2},{"utility":85,"ID":3},{"utility":77,"ID":4},{"utility":92,"ID":5},{"utility":20,"ID":6},{"utility":0,"ID":7},{"utility":36,"ID":8},{"utility":0,"ID":9},{"utility":96,"ID":10},{"utility":30,"ID":11},{"utility":0,"ID":12},{"utility":16,"ID":13},{"utility":1,"ID":14},{"utility":82,"ID":15},{"utility":0,"ID":16},{"utility":47,"ID":17},{"utility":96,"ID":18},{"utility":69,"ID":19},{"utility":15,"ID":20}],"LAST COALITION":[[],[{"utility":0,"ID":12}],[],[{"utility":36,"ID":8},{"utility":30,"ID":11}],[{"utility":0,"ID":7}],[{"utility":95,"ID":2},{"utility":69,"ID":19}],[],[{"utility":0,"ID":16}],[{"utility":92,"ID":5},{"utility":1,"ID":14}],[{"utility":0,"ID":9}],[{"utility":77,"ID":4},{"utility":96,"ID":18}],[{"utility":95,"ID":1},{"utility":82,"ID":15}],[{"utility":85,"ID":3},{"utility":16,"ID":13}],[{"utility":96,"ID":10},{"utility":15,"ID":20}],[{"utility":20,"ID":6},{"utility":47,"ID":17}],[],[],[],[],[],[]],"STARTING COALITION: ":[[null],[{"utility":0,"ID":10},{"utility":48,"ID":12},{"utility":38.5,"ID":15}],[{"utility":82,"ID":5},{"utility":0,"ID":11}],[{"utility":0,"ID":14}],[{"utility":0.3333333333333333,"ID":4},{"utility":31.333333333333332,"ID":8},{"utility":49.333333333333336,"ID":17},{"utility":38.333333333333336,"ID":20}],[{"utility":95,"ID":2},{"utility":69,"ID":19}],[{"utility":0,"ID":6}],[{"utility":3,"ID":7},{"utility":32.5,"ID":13},{"utility":45.5,"ID":16}],[],[{"utility":0,"ID":9}],[{"utility":0,"ID":1},{"utility":46,"ID":3},{"utility":40.5,"ID":18}],[],[],[],[],[],[],[],[],[],[]],"CORE :":false,"LAST PARTITION":{"11":3,"12":1,"13":12,"14":8,"15":11,"16":7,"17":14,"18":10,"19":5,"1":11,"2":5,"3":12,"4":10,"5":8,"6":14,"7":4,"8":3,"9":9,"20":13,"10":13}},{"STARTING PARTITION: ":{"11":7,"12":6,"13":10,"14":10,"15":2,"16":3,"17":1,"18":1,"19":1,"1":3,"2":5,"3":6,"4":5,"5":2,"6":7,"7":10,"8":10,"9":2,"20":8,"10":6},"Agents":[null,{"utility":97,"ID":1},{"utility":95,"ID":2},{"utility":85,"ID":3},{"utility":77,"ID":4},{"utility":92,"ID":5},{"utility":46,"ID":6},{"utility":0,"ID":7},{"utility":36,"ID":8},{"utility":0,"ID":9},{"utility":96,"ID":10},{"utility":30,"ID":11},{"utility":0,"ID":12},{"utility":16,"ID":13},{"utility":1,"ID":14},{"utility":2,"ID":15},{"utility":0,"ID":16},{"utility":0,"ID":17},{"utility":96,"ID":18},{"utility":69,"ID":19},{"utility":15,"ID":20}],"LAST COALITION":[[],[{"utility":0,"ID":17}],[{"utility":0,"ID":9}],[{"utility":97,"ID":1},{"utility":0,"ID":16}],[{"utility":36,"ID":8},{"utility":30,"ID":11}],[{"utility":77,"ID":4},{"utility":96,"ID":18}],[{"utility":0,"ID":12}],[{"utility":0,"ID":7}],[{"utility":46,"ID":6},{"utility":2,"ID":15}],[],[{"utility":92,"ID":5},{"utility":1,"ID":14}],[{"utility":95,"ID":2},{"utility":69,"ID":19}],[{"utility":96,"ID":10},{"utility":15,"ID":20}],[],[{"utility":85,"ID":3},{"utility":16,"ID":13}],[],[],[],[],[],[]],"STARTING COALITION: ":[[null],[{"utility":51,"ID":17},{"utility":11,"ID":18},{"utility":0,"ID":19}],[{"utility":0,"ID":5},{"utility":45.5,"ID":9},{"utility":0,"ID":15}],[{"utility":97,"ID":1},{"utility":0,"ID":16}],[],[{"utility":0,"ID":2},{"utility":49,"ID":4}],[{"utility":39.5,"ID":3},{"utility":19.5,"ID":10},{"utility":48,"ID":12}],[{"utility":0,"ID":6},{"utility":0,"ID":11}],[{"utility":0,"ID":20}],[],[{"utility":19,"ID":7},{"utility":31.666666666666668,"ID":8},{"utility":61,"ID":13},{"utility":23,"ID":14}],[],[],[],[],[],[],[],[],[],[]],"CORE :":false,"LAST PARTITION":{"11":4,"12":6,"13":14,"14":10,"15":8,"16":3,"17":1,"18":5,"19":11,"1":3,"2":11,"3":14,"4":5,"5":10,"6":8,"7":7,"8":4,"9":2,"20":12,"10":12}},{"STARTING PARTITION: ":{"11":6,"12":7,"13":2,"14":6,"15":5,"16":6,"17":3,"18":3,"19":6,"1":8,"2":2,"3":2,"4":10,"5":7,"6":7,"7":1,"8":3,"9":6,"20":2,"10":8},"Agents":[null,{"utility":95,"ID":1},{"utility":6,"ID":2},{"utility":85,"ID":3},{"utility":77,"ID":4},{"utility":45.5,"ID":5},{"utility":30,"ID":6},{"utility":51,"ID":7},{"utility":0,"ID":8},{"utility":0,"ID":9},{"utility":96,"ID":10},{"utility":97,"ID":11},{"utility":17,"ID":12},{"utility":16,"ID":13},{"utility":69,"ID":14},{"utility":82,"ID":15},{"utility":51,"ID":16},{"utility":0,"ID":17},{"utility":96,"ID":18},{"utility":72,"ID":19},{"utility":15,"ID":20}],"LAST COALITION":[[],[{"utility":96,"ID":10},{"utility":15,"ID":20}],[],[{"utility":0,"ID":17}],[{"utility":95,"ID":1},{"utility":82,"ID":15}],[],[{"utility":0,"ID":9}],[{"utility":45.5,"ID":5},{"utility":30,"ID":6},{"utility":17,"ID":12}],[{"utility":51,"ID":7},{"utility":69,"ID":14}],[{"utility":77,"ID":4},{"utility":96,"ID":18}],[{"utility":0,"ID":8}],[{"utility":85,"ID":3},{"utility":16,"ID":13}],[{"utility":51,"ID":16},{"utility":72,"ID":19}],[{"utility":6,"ID":2},{"utility":97,"ID":11}],[],[],[],[],[],[],[]],"STARTING COALITION: ":[[null],[{"utility":0,"ID":7}],[{"utility":22,"ID":2},{"utility":46.666666666666664,"ID":3},{"utility":5.333333333333333,"ID":13},{"utility":6.666666666666667,"ID":20}],[{"utility":16,"ID":8},{"utility":43.5,"ID":17},{"utility":4.5,"ID":18}],[],[{"utility":0,"ID":15}],[{"utility":19.75,"ID":9},{"utility":45,"ID":11},{"utility":8.25,"ID":14},{"utility":30.25,"ID":16},{"utility":38.75,"ID":19}],[{"utility":45.5,"ID":5},{"utility":30,"ID":6},{"utility":17,"ID":12}],[{"utility":8,"ID":1},{"utility":28,"ID":10}],[],[{"utility":0,"ID":4}],[],[],[],[],[],[],[],[],[],[]],"CORE :":true,"LAST PARTITION":{"11":13,"12":7,"13":11,"14":8,"15":4,"16":12,"17":3,"18":9,"19":12,"1":4,"2":13,"3":11,"4":9,"5":7,"6":7,"7":8,"8":10,"9":6,"20":1,"10":1}},{"STARTING PARTITION: ":{"11":3,"12":5,"13":5,"14":4,"15":5,"16":3,"17":10,"18":5,"19":2,"1":8,"2":10,"3":7,"4":1,"5":10,"6":1,"7":2,"8":2,"9":9,"20":1,"10":4},"Agents":[null,{"utility":95,"ID":1},{"utility":6,"ID":2},{"utility":85,"ID":3},{"utility":1,"ID":4},{"utility":92,"ID":5},{"utility":20,"ID":6},{"utility":98,"ID":7},{"utility":59,"ID":8},{"utility":0,"ID":9},{"utility":45,"ID":10},{"utility":97,"ID":11},{"utility":0,"ID":12},{"utility":16,"ID":13},{"utility":1,"ID":14},{"utility":82,"ID":15},{"utility":51,"ID":16},{"utility":47,"ID":17},{"utility":96,"ID":18},{"utility":72,"ID":19},{"utility":85,"ID":20}],"LAST COALITION":[[],[{"utility":51,"ID":16},{"utility":72,"ID":19}],[{"utility":1,"ID":4},{"utility":85,"ID":20}],[],[{"utility":6,"ID":2},{"utility":97,"ID":11}],[{"utility":0,"ID":12}],[{"utility":92,"ID":5},{"utility":1,"ID":14}],[{"utility":59,"ID":8},{"utility":45,"ID":10}],[{"utility":95,"ID":1},{"utility":82,"ID":15}],[{"utility":0,"ID":9}],[],[],[{"utility":98,"ID":7},{"utility":96,"ID":18}],[{"utility":20,"ID":6},{"utility":47,"ID":17}],[{"utility":85,"ID":3},{"utility":16,"ID":13}],[],[],[],[],[],[]],"STARTING COALITION: ":[[null],[{"utility":0.5,"ID":4},{"utility":38,"ID":6},{"utility":42.5,"ID":20}],[{"utility":7,"ID":7},{"utility":83,"ID":8},{"utility":0,"ID":19}],[{"utility":67,"ID":11},{"utility":49,"ID":16}],[{"utility":0,"ID":10},{"utility":58,"ID":14}],[{"utility":10.666666666666666,"ID":12},{"utility":20.333333333333332,"ID":13},{"utility":14.666666666666666,"ID":15},{"utility":30.333333333333332,"ID":18}],[],[{"utility":0,"ID":3}],[{"utility":0,"ID":1}],[{"utility":0,"ID":9}],[{"utility":26.5,"ID":2},{"utility":26.5,"ID":5},{"utility":0,"ID":17}],[],[],[],[],[],[],[],[],[],[]],"CORE :":true,"LAST PARTITION":{"11":4,"12":5,"13":14,"14":6,"15":8,"16":1,"17":13,"18":12,"19":1,"1":8,"2":4,"3":14,"4":2,"5":6,"6":13,"7":12,"8":7,"9":9,"20":2,"10":7}},{"STARTING PARTITION: ":{"11":6,"12":9,"13":5,"14":6,"15":8,"16":5,"17":6,"18":3,"19":2,"1":7,"2":3,"3":8,"4":4,"5":4,"6":9,"7":4,"8":10,"9":7,"20":3,"10":5},"Agents":[null,{"utility":95,"ID":1},{"utility":95,"ID":2},{"utility":85,"ID":3},{"utility":77,"ID":4},{"utility":92,"ID":5},{"utility":20,"ID":6},{"utility":0,"ID":7},{"utility":36,"ID":8},{"utility":0,"ID":9},{"utility":96,"ID":10},{"utility":30,"ID":11},{"utility":0,"ID":12},{"utility":16,"ID":13},{"utility":1,"ID":14},{"utility":82,"ID":15},{"utility":0,"ID":16},{"utility":47,"ID":17},{"utility":96,"ID":18},{"utility":69,"ID":19},{"utility":15,"ID":20}],"LAST COALITION":[[],[{"utility":95,"ID":1},{"utility":82,"ID":15}],[{"utility":92,"ID":5},{"utility":1,"ID":14}],[],[{"utility":20,"ID":6},{"utility":47,"ID":17}],[{"utility":0,"ID":16}],[{"utility":96,"ID":10},{"utility":15,"ID":20}],[{"utility":0,"ID":9}],[{"utility":36,"ID":8},{"utility":30,"ID":11}],[{"utility":0,"ID":12}],[{"utility":77,"ID":4},{"utility":96,"ID":18}],[{"utility":0,"ID":7}],[{"utility":95,"ID":2},{"utility":69,"ID":19}],[],[{"utility":85,"ID":3},{"utility":16,"ID":13}],[],[],[],[],[],[]],"STARTING COALITION: ":[[null],[],[{"utility":0,"ID":19}],[{"utility":0,"ID":2},{"utility":15,"ID":18},{"utility":1,"ID":20}],[{"utility":43.5,"ID":4},{"utility":40.5,"ID":5},{"utility":0,"ID":7}],[{"utility":0,"ID":10},{"utility":0,"ID":13},{"utility":0,"ID":16}],[{"utility":71,"ID":11},{"utility":47.5,"ID":14},{"utility":0,"ID":17}],[{"utility":69,"ID":1},{"utility":0,"ID":9}],[{"utility":0,"ID":3},{"utility":57,"ID":15}],[{"utility":0,"ID":6},{"utility":34,"ID":12}],[{"utility":0,"ID":8}],[],[],[],[],[],[],[],[],[],[]],"CORE :":false,"LAST PARTITION":{"11":8,"12":9,"13":14,"14":2,"15":1,"16":5,"17":4,"18":10,"19":12,"1":1,"2":12,"3":14,"4":10,"5":2,"6":4,"7":11,"8":8,"9":7,"20":6,"10":6}},{"STARTING PARTITION: ":{"11":10,"12":8,"13":7,"14":1,"15":1,"16":7,"17":8,"18":3,"19":4,"1":8,"2":5,"3":5,"4":3,"5":5,"6":3,"7":7,"8":5,"9":6,"20":2,"10":5},"Agents":[null,{"utility":95,"ID":1},{"utility":95,"ID":2},{"utility":46,"ID":3},{"utility":77,"ID":4},{"utility":92,"ID":5},{"utility":20,"ID":6},{"utility":6,"ID":7},{"utility":0,"ID":8},{"utility":0,"ID":9},{"utility":96,"ID":10},{"utility":92,"ID":11},{"utility":0,"ID":12},{"utility":65,"ID":13},{"utility":1,"ID":14},{"utility":82,"ID":15},{"utility":0,"ID":16},{"utility":47,"ID":17},{"utility":96,"ID":18},{"utility":69,"ID":19},{"utility":15,"ID":20}],"LAST COALITION":[[],[{"utility":6,"ID":7},{"utility":65,"ID":13}],[{"utility":0,"ID":8}],[{"utility":46,"ID":3},{"utility":92,"ID":11}],[{"utility":96,"ID":10},{"utility":15,"ID":20}],[{"utility":92,"ID":5},{"utility":1,"ID":14}],[{"utility":0,"ID":9}],[{"utility":0,"ID":16}],[{"utility":0,"ID":12}],[{"utility":95,"ID":1},{"utility":82,"ID":15}],[],[{"utility":95,"ID":2},{"utility":69,"ID":19}],[{"utility":77,"ID":4},{"utility":96,"ID":18}],[],[{"utility":20,"ID":6},{"utility":47,"ID":17}],[],[],[],[],[],[]],"STARTING COALITION: ":[[null],[{"utility":81,"ID":14},{"utility":0,"ID":15}],[{"utility":0,"ID":20}],[{"utility":38.5,"ID":4},{"utility":37,"ID":6},{"utility":83.5,"ID":18}],[{"utility":0,"ID":19}],[{"utility":8.5,"ID":2},{"utility":33,"ID":3},{"utility":2.75,"ID":5},{"utility":41.75,"ID":8},{"utility":21,"ID":10}],[{"utility":0,"ID":9}],[{"utility":3,"ID":7},{"utility":32.5,"ID":13},{"utility":45.5,"ID":16}],[{"utility":17.5,"ID":1},{"utility":42.5,"ID":12},{"utility":39,"ID":17}],[],[{"utility":0,"ID":11}],[],[],[],[],[],[],[],[],[],[]],"CORE :":false,"LAST PARTITION":{"11":3,"12":8,"13":1,"14":5,"15":9,"16":7,"17":14,"18":12,"19":11,"1":9,"2":11,"3":3,"4":12,"5":5,"6":14,"7":1,"8":2,"9":6,"20":4,"10":4}},{"STARTING PARTITION: ":{"11":4,"12":3,"13":7,"14":5,"15":10,"16":6,"17":4,"18":3,"19":1,"1":2,"2":4,"3":1,"4":3,"5":8,"6":4,"7":9,"8":3,"9":10,"20":10,"10":10},"Agents":[null,{"utility":95,"ID":1},{"utility":95,"ID":2},{"utility":85,"ID":3},{"utility":77,"ID":4},{"utility":0,"ID":5},{"utility":20,"ID":6},{"utility":51,"ID":7},{"utility":0,"ID":8},{"utility":0,"ID":9},{"utility":48,"ID":10},{"utility":0,"ID":11},{"utility":0,"ID":12},{"utility":16,"ID":13},{"utility":69,"ID":14},{"utility":82,"ID":15},{"utility":0,"ID":16},{"utility":47,"ID":17},{"utility":96,"ID":18},{"utility":69,"ID":19},{"utility":21,"ID":20}],"LAST COALITION":[[],[{"utility":0,"ID":8}],[{"utility":95,"ID":2},{"utility":69,"ID":19}],[{"utility":0,"ID":12}],[{"utility":20,"ID":6},{"utility":47,"ID":17}],[],[{"utility":0,"ID":16}],[{"utility":0,"ID":11}],[{"utility":0,"ID":5}],[{"utility":51,"ID":7},{"utility":69,"ID":14}],[{"utility":0,"ID":9},{"utility":48,"ID":10},{"utility":21,"ID":20}],[{"utility":95,"ID":1},{"utility":82,"ID":15}],[{"utility":77,"ID":4},{"utility":96,"ID":18}],[{"utility":85,"ID":3},{"utility":16,"ID":13}],[],[],[],[],[],[],[]],"STARTING COALITION: ":[[null],[{"utility":0,"ID":3},{"utility":27,"ID":19}],[{"utility":0,"ID":1}],[{"utility":56.666666666666664,"ID":4},{"utility":20.666666666666668,"ID":8},{"utility":28,"ID":12},{"utility":35,"ID":18}],[{"utility":8.333333333333334,"ID":2},{"utility":15.666666666666666,"ID":6},{"utility":55,"ID":11},{"utility":15.666666666666666,"ID":17}],[{"utility":0,"ID":14}],[{"utility":0,"ID":16}],[{"utility":0,"ID":13}],[{"utility":0,"ID":5}],[{"utility":0,"ID":7}],[{"utility":0,"ID":9},{"utility":32,"ID":10},{"utility":11,"ID":15},{"utility":22,"ID":20}],[],[],[],[],[],[],[],[],[],[]],"CORE :":false,"LAST PARTITION":{"11":7,"12":3,"13":13,"14":9,"15":11,"16":6,"17":4,"18":12,"19":2,"1":11,"2":2,"3":13,"4":12,"5":8,"6":4,"7":9,"8":1,"9":10,"20":10,"10":10}},{"STARTING PARTITION: ":{"11":6,"12":5,"13":1,"14":7,"15":2,"16":3,"17":7,"18":9,"19":6,"1":3,"2":9,"3":8,"4":4,"5":9,"6":3,"7":9,"8":5,"9":1,"20":9,"10":3},"Agents":[null,{"utility":95,"ID":1},{"utility":6,"ID":2},{"utility":46,"ID":3},{"utility":21,"ID":4},{"utility":92,"ID":5},{"utility":20,"ID":6},{"utility":98,"ID":7},{"utility":0,"ID":8},{"utility":0,"ID":9},{"utility":96,"ID":10},{"utility":97,"ID":11},{"utility":0,"ID":12},{"utility":67,"ID":13},{"utility":1,"ID":14},{"utility":82,"ID":15},{"utility":51,"ID":16},{"utility":47,"ID":17},{"utility":96,"ID":18},{"utility":72,"ID":19},{"utility":15,"ID":20}],"LAST COALITION":[[],[{"utility":0,"ID":9},{"utility":67,"ID":13}],[],[{"utility":92,"ID":5},{"utility":1,"ID":14}],[],[{"utility":20,"ID":6},{"utility":47,"ID":17}],[{"utility":46,"ID":3},{"utility":21,"ID":4}],[{"utility":0,"ID":8}],[{"utility":0,"ID":12}],[{"utility":98,"ID":7},{"utility":96,"ID":18}],[{"utility":95,"ID":1},{"utility":82,"ID":15}],[{"utility":96,"ID":10},{"utility":15,"ID":20}],[{"utility":51,"ID":16},{"utility":72,"ID":19}],[{"utility":6,"ID":2},{"utility":97,"ID":11}],[],[],[],[],[],[],[]],"STARTING COALITION: ":[[null],[{"utility":0,"ID":9},{"utility":67,"ID":13}],[{"utility":0,"ID":15}],[{"utility":53,"ID":1},{"utility":9.666666666666666,"ID":6},{"utility":9.333333333333334,"ID":10},{"utility":0,"ID":16}],[{"utility":0,"ID":4}],[{"utility":0,"ID":8},{"utility":52,"ID":12}],[{"utility":0,"ID":11},{"utility":0,"ID":19}],[{"utility":95,"ID":14},{"utility":0,"ID":17}],[{"utility":0,"ID":3}],[{"utility":8.5,"ID":2},{"utility":33.25,"ID":5},{"utility":24.5,"ID":7},{"utility":54.5,"ID":18},{"utility":14,"ID":20}],[],[],[],[],[],[],[],[],[],[],[]],"CORE :":true,"LAST PARTITION":{"11":13,"12":8,"13":1,"14":3,"15":10,"16":12,"17":5,"18":9,"19":12,"1":10,"2":13,"3":6,"4":6,"5":3,"6":5,"7":9,"8":7,"9":1,"20":11,"10":11}},{"STARTING PARTITION: ":{"11":1,"12":8,"13":5,"14":3,"15":3,"16":5,"17":9,"18":10,"19":9,"1":3,"2":1,"3":2,"4":10,"5":9,"6":5,"7":10,"8":2,"9":2,"20":1,"10":7},"Agents":[null,{"utility":95,"ID":1},{"utility":6,"ID":2},{"utility":85,"ID":3},{"utility":1,"ID":4},{"utility":92,"ID":5},{"utility":20,"ID":6},{"utility":98,"ID":7},{"utility":59,"ID":8},{"utility":0,"ID":9},{"utility":45,"ID":10},{"utility":97,"ID":11},{"utility":0,"ID":12},{"utility":16,"ID":13},{"utility":1,"ID":14},{"utility":82,"ID":15},{"utility":51,"ID":16},{"utility":47,"ID":17},{"utility":96,"ID":18},{"utility":72,"ID":19},{"utility":85,"ID":20}],"LAST COALITION":[[],[],[{"utility":0,"ID":9}],[{"utility":59,"ID":8},{"utility":45,"ID":10}],[{"utility":95,"ID":1},{"utility":82,"ID":15}],[{"utility":51,"ID":16},{"utility":72,"ID":19}],[{"utility":20,"ID":6},{"utility":47,"ID":17}],[{"utility":85,"ID":3},{"utility":16,"ID":13}],[{"utility":0,"ID":12}],[{"utility":6,"ID":2},{"utility":97,"ID":11}],[{"utility":98,"ID":7},{"utility":96,"ID":18}],[],[{"utility":92,"ID":5},{"utility":1,"ID":14}],[],[{"utility":1,"ID":4},{"utility":85,"ID":20}],[],[],[],[],[],[]],"STARTING COALITION: ":[[null],[{"utility":3,"ID":2},{"utility":48.5,"ID":11},{"utility":9,"ID":20}],[{"utility":0,"ID":3},{"utility":0,"ID":8},{"utility":50,"ID":9}],[{"utility":47.5,"ID":1},{"utility":40.5,"ID":14},{"utility":41,"ID":15}],[],[{"utility":18,"ID":6},{"utility":0,"ID":13},{"utility":0,"ID":16}],[],[{"utility":0,"ID":10}],[{"utility":0,"ID":12}],[{"utility":33.5,"ID":5},{"utility":7.5,"ID":17},{"utility":0,"ID":19}],[{"utility":38.5,"ID":4},{"utility":49,"ID":7},{"utility":96,"ID":18}],[],[],[],[],[],[],[],[],[],[]],"CORE :":true,"LAST PARTITION":{"11":9,"12":8,"13":7,"14":12,"15":4,"16":5,"17":6,"18":10,"19":5,"1":4,"2":9,"3":7,"4":14,"5":12,"6":6,"7":10,"8":3,"9":2,"20":14,"10":3}},{"END OF FILE:" : true}]