[{"STARTING PARTITION: ":{"11":6,"12":7,"13":3,"14":2,"15":3,"16":10,"17":4,"18":4,"19":6,"1":2,"2":5,"3":2,"4":1,"5":10,"6":4,"7":5,"8":9,"9":6,"20":1,"10":5},"Agents":[null,{"utility":57,"ID":1},{"utility":68,"ID":2},{"utility":8,"ID":3},{"utility":89,"ID":4},{"utility":76,"ID":5},{"utility":67,"ID":6},{"utility":0,"ID":7},{"utility":78,"ID":8},{"utility":7,"ID":9},{"utility":75,"ID":10},{"utility":0,"ID":11},{"utility":0,"ID":12},{"utility":0,"ID":13},{"utility":0,"ID":14},{"utility":0,"ID":15},{"utility":0,"ID":16},{"utility":0,"ID":17},{"utility":84,"ID":18},{"utility":0,"ID":19},{"utility":0,"ID":20}],"LAST COALITION":[[],[{"utility":67,"ID":6},{"utility":78,"ID":8}],[{"utility":0,"ID":14}],[{"utility":0,"ID":13},{"utility":0,"ID":15}],[{"utility":0,"ID":17},{"utility":84,"ID":18}],[{"utility":0,"ID":7},{"utility":75,"ID":10}],[{"utility":0,"ID":19}],[{"utility":0,"ID":12}],[{"utility":89,"ID":4},{"utility":7,"ID":9}],[{"utility":0,"ID":11}],[{"utility":0,"ID":16}],[],[{"utility":0,"ID":20}],[{"utility":68,"ID":2},{"utility":76,"ID":5}],[{"utility":57,"ID":1},{"utility":8,"ID":3}],[],[],[],[],[],[]],"STARTING COALITION: ":[[null],[{"utility":0,"ID":4},{"utility":0,"ID":20}],[{"utility":28.5,"ID":1},{"utility":4,"ID":3},{"utility":58.5,"ID":14}],[{"utility":0,"ID":13},{"utility":0,"ID":15}],[{"utility":35,"ID":6},{"utility":43,"ID":17},{"utility":42,"ID":18}],[{"utility":0,"ID":2},{"utility":0,"ID":7},{"utility":37.5,"ID":10}],[{"utility":0,"ID":9},{"utility":6,"ID":11},{"utility":2,"ID":19}],[{"utility":0,"ID":12}],[],[{"utility":0,"ID":8}],[{"utility":49,"ID":5},{"utility":0,"ID":16}],[],[],[],[],[],[],[],[],[],[]],"CORE :":false,"LAST PARTITION":{"11":9,"12":7,"13":3,"14":2,"15":3,"16":10,"17":4,"18":4,"19":6,"1":14,"2":13,"3":14,"4":8,"5":13,"6":1,"7":5,"8":1,"9":8,"20":12,"10":5}},{"STARTING PARTITION: ":{"11":10,"12":10,"13":6,"14":2,"15":5,"16":9,"17":2,"18":7,"19":10,"1":4,"2":1,"3":9,"4":2,"5":9,"6":8,"7":3,"8":2,"9":4,"20":2,"10":8},"Agents":[null,{"utility":57,"ID":1},{"utility":68,"ID":2},{"utility":8,"ID":3},{"utility":0,"ID":4},{"utility":76,"ID":5},{"utility":67,"ID":6},{"utility":72,"ID":7},{"utility":78,"ID":8},{"utility":46,"ID":9},{"utility":86,"ID":10},{"utility":0,"ID":11},{"utility":0,"ID":12},{"utility":0,"ID":13},{"utility":94,"ID":14},{"utility":47,"ID":15},{"utility":0,"ID":16},{"utility":0,"ID":17},{"utility":35,"ID":18},{"utility":0,"ID":19},{"utility":0,"ID":20}],"LAST COALITION":[[],[{"utility":0,"ID":19}],[{"utility":0,"ID":17}],[{"utility":0,"ID":12}],[{"utility":0,"ID":13}],[{"utility":0,"ID":4}],[{"utility":86,"ID":10},{"utility":47,"ID":15}],[{"utility":0,"ID":20}],[{"utility":57,"ID":1},{"utility":8,"ID":3}],[{"utility":46,"ID":9},{"utility":35,"ID":18}],[{"utility":0,"ID":16}],[{"utility":67,"ID":6},{"utility":78,"ID":8}],[],[{"utility":68,"ID":2},{"utility":76,"ID":5}],[{"utility":72,"ID":7},{"utility":94,"ID":14}],[{"utility":0,"ID":11}],[],[],[],[],[]],"STARTING COALITION: ":[[null],[{"utility":0,"ID":2}],[{"utility":49.25,"ID":4},{"utility":0,"ID":8},{"utility":30.5,"ID":14},{"utility":13.75,"ID":17},{"utility":0,"ID":20}],[{"utility":0,"ID":7}],[{"utility":0,"ID":1},{"utility":69,"ID":9}],[{"utility":0,"ID":15}],[{"utility":0,"ID":13}],[{"utility":0,"ID":18}],[{"utility":0,"ID":6},{"utility":0,"ID":10}],[{"utility":48.5,"ID":3},{"utility":60.5,"ID":5},{"utility":0,"ID":16}],[{"utility":0,"ID":11},{"utility":42.5,"ID":12},{"utility":34,"ID":19}],[],[],[],[],[],[],[],[],[],[]],"CORE :":false,"LAST PARTITION":{"11":15,"12":3,"13":4,"14":14,"15":6,"16":10,"17":2,"18":9,"19":1,"1":8,"2":13,"3":8,"4":5,"5":13,"6":11,"7":14,"8":11,"9":9,"20":7,"10":6}},{"STARTING PARTITION: ":{"11":9,"12":6,"13":5,"14":1,"15":7,"16":4,"17":10,"18":6,"19":7,"1":8,"2":4,"3":5,"4":4,"5":8,"6":4,"7":2,"8":9,"9":1,"20":2,"10":10},"Agents":[null,{"utility":0,"ID":1},{"utility":68,"ID":2},{"utility":17,"ID":3},{"utility":0,"ID":4},{"utility":76,"ID":5},{"utility":67,"ID":6},{"utility":72,"ID":7},{"utility":78,"ID":8},{"utility":46,"ID":9},{"utility":86,"ID":10},{"utility":13,"ID":11},{"utility":0,"ID":12},{"utility":0,"ID":13},{"utility":94,"ID":14},{"utility":47,"ID":15},{"utility":0,"ID":16},{"utility":0,"ID":17},{"utility":35,"ID":18},{"utility":0,"ID":19},{"utility":0,"ID":20}],"LAST COALITION":[[],[{"utility":0,"ID":13}],[{"utility":0,"ID":12}],[{"utility":0,"ID":19}],[{"utility":86,"ID":10},{"utility":47,"ID":15}],[{"utility":0,"ID":1}],[{"utility":72,"ID":7},{"utility":94,"ID":14}],[{"utility":46,"ID":9},{"utility":35,"ID":18}],[{"utility":0,"ID":20}],[{"utility":0,"ID":4}],[{"utility":0,"ID":17}],[{"utility":17,"ID":3},{"utility":13,"ID":11}],[{"utility":67,"ID":6},{"utility":78,"ID":8}],[{"utility":0,"ID":16}],[{"utility":68,"ID":2},{"utility":76,"ID":5}],[],[],[],[],[],[]],"STARTING COALITION: ":[[null],[{"utility":0,"ID":9},{"utility":56,"ID":14}],[{"utility":0,"ID":7},{"utility":0,"ID":20}],[],[{"utility":68,"ID":2},{"utility":39.333333333333336,"ID":4},{"utility":19,"ID":6},{"utility":29,"ID":16}],[{"utility":38,"ID":3},{"utility":0,"ID":13}],[{"utility":0,"ID":12},{"utility":0,"ID":18}],[{"utility":0,"ID":15},{"utility":22,"ID":19}],[{"utility":93,"ID":1},{"utility":20,"ID":5}],[{"utility":0,"ID":8},{"utility":24,"ID":11}],[{"utility":0,"ID":10},{"utility":82,"ID":17}],[],[],[],[],[],[],[],[],[],[]],"CORE :":false,"LAST PARTITION":{"11":11,"12":2,"13":1,"14":6,"15":4,"16":13,"17":10,"18":7,"19":3,"1":5,"2":14,"3":11,"4":9,"5":14,"6":12,"7":6,"8":12,"9":7,"20":8,"10":4}},{"STARTING PARTITION: ":{"11":10,"12":6,"13":10,"14":1,"15":8,"16":1,"17":7,"18":9,"19":1,"1":7,"2":1,"3":10,"4":8,"5":6,"6":2,"7":8,"8":1,"9":5,"20":4,"10":4},"Agents":[null,{"utility":57,"ID":1},{"utility":68,"ID":2},{"utility":8,"ID":3},{"utility":0,"ID":4},{"utility":76,"ID":5},{"utility":67,"ID":6},{"utility":72,"ID":7},{"utility":78,"ID":8},{"utility":46,"ID":9},{"utility":86,"ID":10},{"utility":0,"ID":11},{"utility":0,"ID":12},{"utility":0,"ID":13},{"utility":94,"ID":14},{"utility":47,"ID":15},{"utility":0,"ID":16},{"utility":0,"ID":17},{"utility":35,"ID":18},{"utility":0,"ID":19},{"utility":0,"ID":20}],"LAST COALITION":[[],[{"utility":46,"ID":9},{"utility":35,"ID":18}],[{"utility":86,"ID":10},{"utility":47,"ID":15}],[{"utility":0,"ID":20}],[{"utility":0,"ID":4}],[{"utility":72,"ID":7},{"utility":94,"ID":14}],[],[{"utility":0,"ID":17}],[{"utility":0,"ID":12}],[{"utility":0,"ID":13}],[{"utility":57,"ID":1},{"utility":8,"ID":3}],[{"utility":0,"ID":16}],[{"utility":67,"ID":6},{"utility":78,"ID":8}],[{"utility":68,"ID":2},{"utility":76,"ID":5}],[{"utility":0,"ID":19}],[{"utility":0,"ID":11}],[],[],[],[],[]],"STARTING COALITION: ":[[null],[{"utility":47,"ID":2},{"utility":49.75,"ID":8},{"utility":45.75,"ID":14},{"utility":24.75,"ID":16},{"utility":44,"ID":19}],[{"utility":0,"ID":6}],[],[{"utility":0,"ID":10},{"utility":86,"ID":20}],[{"utility":0,"ID":9}],[{"utility":78,"ID":5},{"utility":0,"ID":12}],[{"utility":90,"ID":1},{"utility":0,"ID":17}],[{"utility":8,"ID":4},{"utility":0,"ID":7},{"utility":0,"ID":15}],[{"utility":0,"ID":18}],[{"utility":27.5,"ID":3},{"utility":39.5,"ID":11},{"utility":0,"ID":13}],[],[],[],[],[],[],[],[],[],[]],"CORE :":false,"LAST PARTITION":{"11":15,"12":8,"13":9,"14":5,"15":2,"16":11,"17":7,"18":1,"19":14,"1":10,"2":13,"3":10,"4":4,"5":13,"6":12,"7":5,"8":12,"9":1,"20":3,"10":2}},{"STARTING PARTITION: ":{"11":4,"12":5,"13":10,"14":3,"15":6,"16":2,"17":9,"18":2,"19":4,"1":10,"2":10,"3":5,"4":9,"5":2,"6":3,"7":10,"8":4,"9":7,"20":7,"10":3},"Agents":[null,{"utility":0,"ID":1},{"utility":68,"ID":2},{"utility":17,"ID":3},{"utility":0,"ID":4},{"utility":76,"ID":5},{"utility":67,"ID":6},{"utility":72,"ID":7},{"utility":78,"ID":8},{"utility":46,"ID":9},{"utility":86,"ID":10},{"utility":13,"ID":11},{"utility":0,"ID":12},{"utility":0,"ID":13},{"utility":94,"ID":14},{"utility":47,"ID":15},{"utility":0,"ID":16},{"utility":0,"ID":17},{"utility":35,"ID":18},{"utility":0,"ID":19},{"utility":0,"ID":20}],"LAST COALITION":[[],[{"utility":86,"ID":10},{"utility":47,"ID":15}],[{"utility":0,"ID":13}],[{"utility":0,"ID":1}],[{"utility":46,"ID":9},{"utility":35,"ID":18}],[{"utility":72,"ID":7},{"utility":94,"ID":14}],[{"utility":0,"ID":4}],[{"utility":0,"ID":20}],[{"utility":67,"ID":6},{"utility":78,"ID":8}],[{"utility":0,"ID":17}],[{"utility":17,"ID":3},{"utility":13,"ID":11}],[{"utility":0,"ID":19}],[{"utility":0,"ID":16}],[{"utility":68,"ID":2},{"utility":76,"ID":5}],[],[{"utility":0,"ID":12}],[],[],[],[],[]],"STARTING COALITION: ":[[null],[],[{"utility":24.5,"ID":5},{"utility":41.5,"ID":16},{"utility":29,"ID":18}],[{"utility":1,"ID":6},{"utility":0,"ID":10},{"utility":46.5,"ID":14}],[{"utility":38,"ID":8},{"utility":12,"ID":11},{"utility":8.5,"ID":19}],[{"utility":0,"ID":3},{"utility":0,"ID":12}],[{"utility":0,"ID":15}],[{"utility":19,"ID":9},{"utility":6,"ID":20}],[],[{"utility":76,"ID":4},{"utility":0,"ID":17}],[{"utility":21,"ID":1},{"utility":15.333333333333334,"ID":2},{"utility":0,"ID":7},{"utility":11.666666666666666,"ID":13}],[],[],[],[],[],[],[],[],[],[]],"CORE :":false,"LAST PARTITION":{"11":10,"12":15,"13":2,"14":5,"15":1,"16":12,"17":9,"18":4,"19":11,"1":3,"2":13,"3":10,"4":6,"5":13,"6":8,"7":5,"8":8,"9":4,"20":7,"10":1}},{"STARTING PARTITION: ":{"11":4,"12":10,"13":6,"14":7,"15":3,"16":3,"17":2,"18":5,"19":4,"1":6,"2":3,"3":1,"4":9,"5":7,"6":6,"7":7,"8":9,"9":3,"20":7,"10":8},"Agents":[null,{"utility":0,"ID":1},{"utility":68,"ID":2},{"utility":17,"ID":3},{"utility":0,"ID":4},{"utility":76,"ID":5},{"utility":67,"ID":6},{"utility":72,"ID":7},{"utility":78,"ID":8},{"utility":46,"ID":9},{"utility":86,"ID":10},{"utility":13,"ID":11},{"utility":0,"ID":12},{"utility":0,"ID":13},{"utility":94,"ID":14},{"utility":47,"ID":15},{"utility":0,"ID":16},{"utility":0,"ID":17},{"utility":35,"ID":18},{"utility":0,"ID":19},{"utility":0,"ID":20}],"LAST COALITION":[[],[{"utility":0,"ID":20}],[{"utility":0,"ID":17}],[{"utility":0,"ID":13}],[{"utility":46,"ID":9},{"utility":35,"ID":18}],[{"utility":0,"ID":19}],[{"utility":86,"ID":10},{"utility":47,"ID":15}],[{"utility":72,"ID":7},{"utility":94,"ID":14}],[{"utility":0,"ID":16}],[{"utility":0,"ID":4}],[{"utility":0,"ID":12}],[{"utility":0,"ID":1}],[{"utility":17,"ID":3},{"utility":13,"ID":11}],[{"utility":67,"ID":6},{"utility":78,"ID":8}],[{"utility":68,"ID":2},{"utility":76,"ID":5}],[],[],[],[],[],[]],"STARTING COALITION: ":[[null],[{"utility":0,"ID":3}],[{"utility":0,"ID":17}],[{"utility":16.666666666666668,"ID":2},{"utility":27.333333333333332,"ID":9},{"utility":27.333333333333332,"ID":15},{"utility":10.666666666666666,"ID":16}],[{"utility":0,"ID":11},{"utility":4,"ID":19}],[{"utility":0,"ID":18}],[{"utility":0,"ID":1},{"utility":20.5,"ID":6},{"utility":11,"ID":13}],[{"utility":0,"ID":5},{"utility":42.333333333333336,"ID":7},{"utility":42,"ID":14},{"utility":25.333333333333332,"ID":20}],[{"utility":0,"ID":10}],[{"utility":31,"ID":4},{"utility":0,"ID":8}],[{"utility":0,"ID":12}],[],[],[],[],[],[],[],[],[],[]],"CORE :":false,"LAST PARTITION":{"11":12,"12":10,"13":3,"14":7,"15":6,"16":8,"17":2,"18":4,"19":5,"1":11,"2":14,"3":12,"4":9,"5":14,"6":13,"7":7,"8":13,"9":4,"20":1,"10":6}},{"STARTING PARTITION: ":{"11":3,"12":10,"13":1,"14":9,"15":3,"16":3,"17":6,"18":4,"19":2,"1":5,"2":1,"3":2,"4":4,"5":5,"6":8,"7":1,"8":3,"9":4,"20":7,"10":2},"Agents":[null,{"utility":4,"ID":1},{"utility":68,"ID":2},{"utility":0,"ID":3},{"utility":0,"ID":4},{"utility":76,"ID":5},{"utility":67,"ID":6},{"utility":72,"ID":7},{"utility":78,"ID":8},{"utility":46,"ID":9},{"utility":86,"ID":10},{"utility":16,"ID":11},{"utility":0,"ID":12},{"utility":0,"ID":13},{"utility":94,"ID":14},{"utility":47,"ID":15},{"utility":0,"ID":16},{"utility":0,"ID":17},{"utility":35,"ID":18},{"utility":0,"ID":19},{"utility":0,"ID":20}],"LAST COALITION":[[],[{"utility":86,"ID":10},{"utility":47,"ID":15}],[{"utility":46,"ID":9},{"utility":35,"ID":18}],[{"utility":0,"ID":13}],[{"utility":0,"ID":16}],[],[{"utility":0,"ID":17}],[{"utility":0,"ID":4}],[{"utility":0,"ID":19}],[{"utility":0,"ID":20}],[{"utility":72,"ID":7},{"utility":94,"ID":14}],[{"utility":0,"ID":3}],[{"utility":67,"ID":6},{"utility":78,"ID":8}],[{"utility":68,"ID":2},{"utility":76,"ID":5}],[{"utility":4,"ID":1},{"utility":16,"ID":11}],[{"utility":0,"ID":12}],[],[],[],[],[]],"STARTING COALITION: ":[[null],[{"utility":23,"ID":2},{"utility":0,"ID":7},{"utility":17.5,"ID":13}],[{"utility":12,"ID":3},{"utility":8,"ID":10},{"utility":55,"ID":19}],[{"utility":31,"ID":8},{"utility":20.333333333333332,"ID":11},{"utility":10.333333333333334,"ID":15},{"utility":59,"ID":16}],[{"utility":44.5,"ID":4},{"utility":26.5,"ID":9},{"utility":17.5,"ID":18}],[{"utility":93,"ID":1},{"utility":20,"ID":5}],[{"utility":0,"ID":17}],[{"utility":0,"ID":20}],[{"utility":0,"ID":6}],[{"utility":0,"ID":14}],[{"utility":0,"ID":12}],[],[],[],[],[],[],[],[],[],[]],"CORE :":false,"LAST PARTITION":{"11":14,"12":15,"13":3,"14":10,"15":1,"16":4,"17":6,"18":2,"19":8,"1":14,"2":13,"3":11,"4":7,"5":13,"6":12,"7":10,"8":12,"9":2,"20":9,"10":1}},{"STARTING PARTITION: ":{"11":1,"12":9,"13":5,"14":2,"15":8,"16":9,"17":9,"18":3,"19":3,"1":4,"2":7,"3":8,"4":6,"5":9,"6":7,"7":7,"8":5,"9":9,"20":3,"10":2},"Agents":[null,{"utility":0,"ID":1},{"utility":68,"ID":2},{"utility":17,"ID":3},{"utility":0,"ID":4},{"utility":76,"ID":5},{"utility":67,"ID":6},{"utility":72,"ID":7},{"utility":78,"ID":8},{"utility":46,"ID":9},{"utility":86,"ID":10},{"utility":13,"ID":11},{"utility":0,"ID":12},{"utility":0,"ID":13},{"utility":94,"ID":14},{"utility":47,"ID":15},{"utility":0,"ID":16},{"utility":0,"ID":17},{"utility":35,"ID":18},{"utility":0,"ID":19},{"utility":0,"ID":20}],"LAST COALITION":[[],[{"utility":0,"ID":13}],[{"utility":86,"ID":10},{"utility":47,"ID":15}],[{"utility":0,"ID":12}],[{"utility":0,"ID":20}],[{"utility":0,"ID":1}],[{"utility":17,"ID":3},{"utility":13,"ID":11}],[{"utility":46,"ID":9},{"utility":35,"ID":18}],[{"utility":72,"ID":7},{"utility":94,"ID":14}],[{"utility":0,"ID":17}],[{"utility":0,"ID":16}],[{"utility":0,"ID":4}],[{"utility":0,"ID":19}],[{"utility":67,"ID":6},{"utility":78,"ID":8}],[{"utility":68,"ID":2},{"utility":76,"ID":5}],[],[],[],[],[],[]],"STARTING COALITION: ":[[null],[{"utility":0,"ID":11}],[{"utility":0,"ID":10},{"utility":17,"ID":14}],[{"utility":3,"ID":18},{"utility":40.5,"ID":19},{"utility":38,"ID":20}],[{"utility":0,"ID":1}],[{"utility":0,"ID":8},{"utility":0,"ID":13}],[{"utility":0,"ID":4}],[{"utility":47,"ID":2},{"utility":16.5,"ID":6},{"utility":4,"ID":7}],[{"utility":26,"ID":3},{"utility":0,"ID":15}],[{"utility":50,"ID":5},{"utility":23.75,"ID":9},{"utility":1.5,"ID":12},{"utility":37.25,"ID":16},{"utility":19,"ID":17}],[],[],[],[],[],[],[],[],[],[],[]],"CORE :":false,"LAST PARTITION":{"11":6,"12":3,"13":1,"14":8,"15":2,"16":10,"17":9,"18":7,"19":12,"1":5,"2":14,"3":6,"4":11,"5":14,"6":13,"7":8,"8":13,"9":7,"20":4,"10":2}},{"STARTING PARTITION: ":{"11":9,"12":5,"13":3,"14":6,"15":10,"16":5,"17":1,"18":3,"19":6,"1":8,"2":5,"3":5,"4":9,"5":4,"6":4,"7":10,"8":6,"9":7,"20":6,"10":9},"Agents":[null,{"utility":0,"ID":1},{"utility":68,"ID":2},{"utility":17,"ID":3},{"utility":89,"ID":4},{"utility":76,"ID":5},{"utility":67,"ID":6},{"utility":72,"ID":7},{"utility":78,"ID":8},{"utility":7,"ID":9},{"utility":86,"ID":10},{"utility":13,"ID":11},{"utility":0,"ID":12},{"utility":85,"ID":13},{"utility":94,"ID":14},{"utility":47,"ID":15},{"utility":0,"ID":16},{"utility":0,"ID":17},{"utility":63,"ID":18},{"utility":0,"ID":19},{"utility":0,"ID":20}],"LAST COALITION":[[],[{"utility":0,"ID":17}],[{"utility":0,"ID":12}],[{"utility":85,"ID":13},{"utility":63,"ID":18}],[{"utility":0,"ID":1}],[{"utility":0,"ID":19}],[{"utility":86,"ID":10},{"utility":47,"ID":15}],[{"utility":67,"ID":6},{"utility":78,"ID":8}],[{"utility":0,"ID":20}],[{"utility":17,"ID":3},{"utility":13,"ID":11}],[{"utility":68,"ID":2},{"utility":76,"ID":5}],[{"utility":72,"ID":7},{"utility":94,"ID":14}],[{"utility":89,"ID":4},{"utility":7,"ID":9}],[],[{"utility":0,"ID":16}],[],[],[],[],[],[]],"STARTING COALITION: ":[[null],[{"utility":0,"ID":17}],[],[{"utility":85,"ID":13},{"utility":63,"ID":18}],[{"utility":0,"ID":5},{"utility":31,"ID":6}],[{"utility":19,"ID":2},{"utility":0.3333333333333333,"ID":3},{"utility":0,"ID":12},{"utility":28.666666666666668,"ID":16}],[{"utility":25.333333333333332,"ID":8},{"utility":71.66666666666667,"ID":14},{"utility":61.333333333333336,"ID":19},{"utility":25.333333333333332,"ID":20}],[{"utility":0,"ID":9}],[{"utility":0,"ID":1}],[{"utility":36.5,"ID":4},{"utility":10,"ID":10},{"utility":6,"ID":11}],[{"utility":0,"ID":7},{"utility":0,"ID":15}],[],[],[],[],[],[],[],[],[],[]],"CORE :":false,"LAST PARTITION":{"11":9,"12":2,"13":3,"14":11,"15":6,"16":14,"17":1,"18":3,"19":5,"1":4,"2":10,"3":9,"4":12,"5":10,"6":7,"7":11,"8":7,"9":12,"20":8,"10":6}},{"STARTING PARTITION: ":{"11":2,"12":7,"13":2,"14":7,"15":2,"16":1,"17":3,"18":2,"19":8,"1":4,"2":4,"3":10,"4":7,"5":5,"6":7,"7":2,"8":3,"9":8,"20":9,"10":6},"Agents":[null,{"utility":0,"ID":1},{"utility":68,"ID":2},{"utility":17,"ID":3},{"utility":16,"ID":4},{"utility":76,"ID":5},{"utility":73,"ID":6},{"utility":72,"ID":7},{"utility":55,"ID":8},{"utility":46,"ID":9},{"utility":45,"ID":10},{"utility":13,"ID":11},{"utility":0,"ID":12},{"utility":44,"ID":13},{"utility":94,"ID":14},{"utility":42,"ID":15},{"utility":99,"ID":16},{"utility":0,"ID":17},{"utility":35,"ID":18},{"utility":91,"ID":19},{"utility":0,"ID":20}],"LAST COALITION":[[],[{"utility":45,"ID":10},{"utility":44,"ID":13}],[],[{"utility":0,"ID":17}],[{"utility":68,"ID":2},{"utility":76,"ID":5}],[{"utility":0,"ID":20}],[{"utility":16,"ID":4},{"utility":91,"ID":19}],[{"utility":0,"ID":1}],[{"utility":46,"ID":9},{"utility":35,"ID":18}],[{"utility":55,"ID":8},{"utility":99,"ID":16}],[{"utility":73,"ID":6},{"utility":42,"ID":15}],[{"utility":17,"ID":3},{"utility":13,"ID":11}],[],[{"utility":0,"ID":12}],[{"utility":72,"ID":7},{"utility":94,"ID":14}],[],[],[],[],[],[]],"STARTING COALITION: ":[[null],[{"utility":0,"ID":16}],[{"utility":0.75,"ID":7},{"utility":50.25,"ID":11},{"utility":21.25,"ID":13},{"utility":0,"ID":15},{"utility":39.75,"ID":18}],[{"utility":0,"ID":8},{"utility":0,"ID":17}],[{"utility":43,"ID":1},{"utility":0,"ID":2}],[{"utility":0,"ID":5}],[{"utility":0,"ID":10}],[{"utility":69.33333333333333,"ID":4},{"utility":8.666666666666666,"ID":6},{"utility":1,"ID":12},{"utility":34,"ID":14}],[{"utility":0,"ID":9},{"utility":0,"ID":19}],[{"utility":0,"ID":20}],[{"utility":0,"ID":3}],[],[],[],[],[],[],[],[],[],[]],"CORE :":false,"LAST PARTITION":{"11":11,"12":13,"13":1,"14":14,"15":10,"16":9,"17":3,"18":8,"19":6,"1":7,"2":4,"3":11,"4":6,"5":4,"6":10,"7":14,"8":9,"9":8,"20":5,"10":1}},{"END OF FILE:" : true}]