[{"STARTING PARTITION: ":{"11":5,"12":4,"13":5,"14":2,"15":3,"16":1,"17":9,"18":1,"19":7,"1":10,"2":5,"3":1,"4":8,"5":2,"6":7,"7":10,"8":1,"9":8,"20":1,"10":9},"Agents":[null,{"utility":64,"ID":1},{"utility":78,"ID":2},{"utility":94,"ID":3},{"utility":24,"ID":4},{"utility":24,"ID":5},{"utility":1,"ID":6},{"utility":92,"ID":7},{"utility":69,"ID":8},{"utility":0,"ID":9},{"utility":69,"ID":10},{"utility":36,"ID":11},{"utility":0,"ID":12},{"utility":0,"ID":13},{"utility":76,"ID":14},{"utility":0,"ID":15},{"utility":0,"ID":16},{"utility":75,"ID":17},{"utility":44,"ID":18},{"utility":50,"ID":19},{"utility":0,"ID":20}],"LAST COALITION":[[],[{"utility":0,"ID":16}],[{"utility":0,"ID":20}],[{"utility":0,"ID":15}],[{"utility":0,"ID":12}],[{"utility":0,"ID":13}],[{"utility":64,"ID":1},{"utility":36,"ID":11}],[{"utility":24,"ID":4},{"utility":69,"ID":8}],[],[{"utility":69,"ID":10},{"utility":75,"ID":17}],[{"utility":24,"ID":5},{"utility":44,"ID":18}],[{"utility":78,"ID":2},{"utility":92,"ID":7}],[{"utility":94,"ID":3},{"utility":76,"ID":14}],[{"utility":0,"ID":9}],[{"utility":1,"ID":6},{"utility":50,"ID":19}],[],[],[],[],[],[]],"STARTING COALITION: ":[[null],[{"utility":14.5,"ID":3},{"utility":43.5,"ID":8},{"utility":22.25,"ID":16},{"utility":11.5,"ID":18},{"utility":37.75,"ID":20}],[{"utility":23,"ID":5},{"utility":17,"ID":14}],[{"utility":0,"ID":15}],[{"utility":0,"ID":12}],[{"utility":29,"ID":2},{"utility":13,"ID":11},{"utility":0,"ID":13}],[],[{"utility":1,"ID":6},{"utility":50,"ID":19}],[{"utility":67,"ID":4},{"utility":59,"ID":9}],[{"utility":69,"ID":10},{"utility":75,"ID":17}],[{"utility":0,"ID":1},{"utility":0,"ID":7}],[],[],[],[],[],[],[],[],[],[]],"CORE :":false,"LAST PARTITION":{"11":6,"12":4,"13":5,"14":12,"15":3,"16":1,"17":9,"18":10,"19":14,"1":6,"2":11,"3":12,"4":7,"5":10,"6":14,"7":11,"8":7,"9":13,"20":2,"10":9}},{"STARTING PARTITION: ":{"11":2,"12":4,"13":10,"14":3,"15":8,"16":1,"17":6,"18":9,"19":6,"1":1,"2":10,"3":3,"4":10,"5":4,"6":3,"7":5,"8":6,"9":2,"20":4,"10":1},"Agents":[null,{"utility":64,"ID":1},{"utility":78,"ID":2},{"utility":94,"ID":3},{"utility":24,"ID":4},{"utility":24,"ID":5},{"utility":78,"ID":6},{"utility":92,"ID":7},{"utility":69,"ID":8},{"utility":95,"ID":9},{"utility":66,"ID":10},{"utility":36,"ID":11},{"utility":64,"ID":12},{"utility":0,"ID":13},{"utility":76,"ID":14},{"utility":0,"ID":15},{"utility":27,"ID":16},{"utility":79,"ID":17},{"utility":44,"ID":18},{"utility":74,"ID":19},{"utility":60,"ID":20}],"LAST COALITION":[[],[],[{"utility":24,"ID":5},{"utility":44,"ID":18}],[],[{"utility":27,"ID":16},{"utility":79,"ID":17}],[{"utility":64,"ID":12},{"utility":74,"ID":19}],[{"utility":78,"ID":6},{"utility":66,"ID":10}],[{"utility":64,"ID":1},{"utility":36,"ID":11}],[{"utility":0,"ID":15}],[{"utility":95,"ID":9},{"utility":60,"ID":20}],[{"utility":0,"ID":13}],[{"utility":78,"ID":2},{"utility":92,"ID":7}],[{"utility":94,"ID":3},{"utility":76,"ID":14}],[{"utility":24,"ID":4},{"utility":69,"ID":8}],[],[],[],[],[],[],[]],"STARTING COALITION: ":[[null],[{"utility":0,"ID":1},{"utility":0,"ID":10},{"utility":13,"ID":16}],[{"utility":0,"ID":9},{"utility":0,"ID":11}],[{"utility":47,"ID":3},{"utility":24,"ID":6},{"utility":38,"ID":14}],[{"utility":8.5,"ID":5},{"utility":20,"ID":12},{"utility":29.5,"ID":20}],[{"utility":0,"ID":7}],[{"utility":45,"ID":8},{"utility":29,"ID":17},{"utility":45,"ID":19}],[],[{"utility":0,"ID":15}],[{"utility":0,"ID":18}],[{"utility":46.5,"ID":2},{"utility":0,"ID":4},{"utility":7,"ID":13}],[],[],[],[],[],[],[],[],[],[]],"CORE :":true,"LAST PARTITION":{"11":7,"12":5,"13":10,"14":12,"15":8,"16":4,"17":4,"18":2,"19":5,"1":7,"2":11,"3":12,"4":13,"5":2,"6":6,"7":11,"8":13,"9":9,"20":9,"10":6}},{"STARTING PARTITION: ":{"11":3,"12":7,"13":9,"14":8,"15":6,"16":5,"17":7,"18":2,"19":3,"1":5,"2":5,"3":7,"4":9,"5":10,"6":10,"7":7,"8":5,"9":7,"20":5,"10":10},"Agents":[null,{"utility":64,"ID":1},{"utility":78,"ID":2},{"utility":94,"ID":3},{"utility":0,"ID":4},{"utility":24,"ID":5},{"utility":78,"ID":6},{"utility":92,"ID":7},{"utility":50,"ID":8},{"utility":0,"ID":9},{"utility":66,"ID":10},{"utility":36,"ID":11},{"utility":73,"ID":12},{"utility":0,"ID":13},{"utility":76,"ID":14},{"utility":0,"ID":15},{"utility":0,"ID":16},{"utility":0,"ID":17},{"utility":44,"ID":18},{"utility":0,"ID":19},{"utility":47,"ID":20}],"LAST COALITION":[[],[{"utility":64,"ID":1},{"utility":36,"ID":11}],[{"utility":50,"ID":8},{"utility":47,"ID":20}],[{"utility":0,"ID":19}],[{"utility":78,"ID":2},{"utility":92,"ID":7}],[{"utility":0,"ID":16}],[{"utility":0,"ID":15}],[{"utility":73,"ID":12},{"utility":0,"ID":17}],[],[{"utility":0,"ID":13}],[{"utility":0,"ID":9}],[{"utility":0,"ID":4}],[{"utility":94,"ID":3},{"utility":76,"ID":14}],[],[{"utility":78,"ID":6},{"utility":66,"ID":10}],[{"utility":24,"ID":5},{"utility":44,"ID":18}],[],[],[],[],[]],"STARTING COALITION: ":[[null],[],[{"utility":0,"ID":18}],[{"utility":0,"ID":11},{"utility":0,"ID":19}],[],[{"utility":0,"ID":1},{"utility":17.75,"ID":2},{"utility":12.5,"ID":8},{"utility":20.5,"ID":16},{"utility":42.25,"ID":20}],[{"utility":0,"ID":15}],[{"utility":11.75,"ID":3},{"utility":19.25,"ID":7},{"utility":23.5,"ID":9},{"utility":58.25,"ID":12},{"utility":7.25,"ID":17}],[{"utility":0,"ID":14}],[{"utility":0,"ID":4},{"utility":14,"ID":13}],[{"utility":46,"ID":5},{"utility":71,"ID":6},{"utility":46.5,"ID":10}],[],[],[],[],[],[],[],[],[],[]],"CORE :":false,"LAST PARTITION":{"11":1,"12":7,"13":9,"14":12,"15":6,"16":5,"17":7,"18":15,"19":3,"1":1,"2":4,"3":12,"4":11,"5":15,"6":14,"7":4,"8":2,"9":10,"20":2,"10":14}},{"STARTING PARTITION: ":{"11":2,"12":4,"13":4,"14":8,"15":5,"16":3,"17":3,"18":2,"19":9,"1":6,"2":2,"3":8,"4":3,"5":6,"6":8,"7":5,"8":8,"9":2,"20":2,"10":9},"Agents":[null,{"utility":64,"ID":1},{"utility":78,"ID":2},{"utility":94,"ID":3},{"utility":0,"ID":4},{"utility":24,"ID":5},{"utility":78,"ID":6},{"utility":92,"ID":7},{"utility":50,"ID":8},{"utility":0,"ID":9},{"utility":66,"ID":10},{"utility":36,"ID":11},{"utility":0,"ID":12},{"utility":0,"ID":13},{"utility":76,"ID":14},{"utility":0,"ID":15},{"utility":27,"ID":16},{"utility":79,"ID":17},{"utility":44,"ID":18},{"utility":0,"ID":19},{"utility":47,"ID":20}],"LAST COALITION":[[],[{"utility":64,"ID":1},{"utility":36,"ID":11}],[{"utility":78,"ID":6},{"utility":66,"ID":10}],[{"utility":27,"ID":16},{"utility":79,"ID":17}],[{"utility":0,"ID":12},{"utility":0,"ID":13}],[{"utility":0,"ID":15}],[{"utility":78,"ID":2},{"utility":92,"ID":7}],[{"utility":94,"ID":3},{"utility":76,"ID":14}],[{"utility":24,"ID":5},{"utility":44,"ID":18}],[{"utility":0,"ID":19}],[{"utility":0,"ID":4}],[],[{"utility":0,"ID":9}],[{"utility":50,"ID":8},{"utility":47,"ID":20}],[],[],[],[],[],[],[]],"STARTING COALITION: ":[[null],[],[{"utility":0,"ID":2},{"utility":41.75,"ID":9},{"utility":21,"ID":11},{"utility":14.5,"ID":18},{"utility":66.75,"ID":20}],[{"utility":1,"ID":4},{"utility":25.5,"ID":16},{"utility":39.5,"ID":17}],[{"utility":0,"ID":12},{"utility":0,"ID":13}],[{"utility":0,"ID":7},{"utility":2,"ID":15}],[{"utility":0,"ID":1},{"utility":66,"ID":5}],[],[{"utility":48.333333333333336,"ID":3},{"utility":37,"ID":6},{"utility":12,"ID":8},{"utility":25.333333333333332,"ID":14}],[{"utility":41,"ID":10},{"utility":56,"ID":19}],[],[],[],[],[],[],[],[],[],[],[]],"CORE :":false,"LAST PARTITION":{"11":1,"12":4,"13":4,"14":7,"15":5,"16":3,"17":3,"18":8,"19":9,"1":1,"2":6,"3":7,"4":10,"5":8,"6":2,"7":6,"8":13,"9":12,"20":13,"10":2}},{"STARTING PARTITION: ":{"11":4,"12":10,"13":3,"14":4,"15":10,"16":5,"17":9,"18":9,"19":7,"1":10,"2":2,"3":8,"4":9,"5":9,"6":5,"7":1,"8":3,"9":2,"20":6,"10":10},"Agents":[null,{"utility":64,"ID":1},{"utility":78,"ID":2},{"utility":94,"ID":3},{"utility":24,"ID":4},{"utility":24,"ID":5},{"utility":78,"ID":6},{"utility":92,"ID":7},{"utility":69,"ID":8},{"utility":95,"ID":9},{"utility":66,"ID":10},{"utility":36,"ID":11},{"utility":64,"ID":12},{"utility":0,"ID":13},{"utility":76,"ID":14},{"utility":0,"ID":15},{"utility":27,"ID":16},{"utility":79,"ID":17},{"utility":44,"ID":18},{"utility":74,"ID":19},{"utility":60,"ID":20}],"LAST COALITION":[[],[],[{"utility":24,"ID":4},{"utility":69,"ID":8}],[{"utility":0,"ID":13}],[{"utility":27,"ID":16},{"utility":79,"ID":17}],[{"utility":95,"ID":9},{"utility":60,"ID":20}],[{"utility":24,"ID":5},{"utility":44,"ID":18}],[{"utility":64,"ID":12},{"utility":74,"ID":19}],[{"utility":94,"ID":3},{"utility":76,"ID":14}],[],[{"utility":0,"ID":15}],[{"utility":64,"ID":1},{"utility":36,"ID":11}],[{"utility":78,"ID":2},{"utility":92,"ID":7}],[{"utility":78,"ID":6},{"utility":66,"ID":10}],[],[],[],[],[],[],[]],"STARTING COALITION: ":[[null],[{"utility":0,"ID":7}],[{"utility":0,"ID":2},{"utility":60,"ID":9}],[{"utility":0,"ID":8},{"utility":0,"ID":13}],[{"utility":0,"ID":11},{"utility":0,"ID":14}],[{"utility":0,"ID":6},{"utility":82,"ID":16}],[{"utility":0,"ID":20}],[{"utility":0,"ID":19}],[{"utility":0,"ID":3}],[{"utility":1.3333333333333333,"ID":4},{"utility":36,"ID":5},{"utility":13.666666666666666,"ID":17},{"utility":14.666666666666666,"ID":18}],[{"utility":37.333333333333336,"ID":1},{"utility":20,"ID":10},{"utility":32.666666666666664,"ID":12},{"utility":0,"ID":15}],[],[],[],[],[],[],[],[],[],[]],"CORE :":true,"LAST PARTITION":{"11":11,"12":7,"13":3,"14":8,"15":10,"16":4,"17":4,"18":6,"19":7,"1":11,"2":12,"3":8,"4":2,"5":6,"6":13,"7":12,"8":2,"9":5,"20":5,"10":13}},{"STARTING PARTITION: ":{"11":2,"12":3,"13":10,"14":2,"15":3,"16":9,"17":8,"18":8,"19":9,"1":2,"2":4,"3":7,"4":10,"5":3,"6":2,"7":8,"8":3,"9":4,"20":1,"10":7},"Agents":[null,{"utility":64,"ID":1},{"utility":78,"ID":2},{"utility":94,"ID":3},{"utility":0,"ID":4},{"utility":24,"ID":5},{"utility":78,"ID":6},{"utility":92,"ID":7},{"utility":50,"ID":8},{"utility":0,"ID":9},{"utility":66,"ID":10},{"utility":36,"ID":11},{"utility":21,"ID":12},{"utility":0,"ID":13},{"utility":76,"ID":14},{"utility":0,"ID":15},{"utility":0,"ID":16},{"utility":0,"ID":17},{"utility":44,"ID":18},{"utility":0,"ID":19},{"utility":47,"ID":20}],"LAST COALITION":[[],[{"utility":24,"ID":5},{"utility":44,"ID":18}],[{"utility":50,"ID":8},{"utility":47,"ID":20}],[{"utility":21,"ID":12},{"utility":0,"ID":15}],[{"utility":0,"ID":4}],[{"utility":64,"ID":1},{"utility":36,"ID":11}],[{"utility":94,"ID":3},{"utility":76,"ID":14}],[{"utility":78,"ID":6},{"utility":66,"ID":10}],[{"utility":0,"ID":17}],[{"utility":0,"ID":16},{"utility":0,"ID":19}],[{"utility":0,"ID":13}],[{"utility":78,"ID":2},{"utility":92,"ID":7}],[],[{"utility":0,"ID":9}],[],[],[],[],[],[],[]],"STARTING COALITION: ":[[null],[{"utility":0,"ID":20}],[{"utility":54,"ID":1},{"utility":17,"ID":6},{"utility":12,"ID":11},{"utility":0,"ID":14}],[{"utility":18.333333333333332,"ID":5},{"utility":22,"ID":8},{"utility":20.333333333333332,"ID":12},{"utility":0,"ID":15}],[{"utility":0,"ID":2},{"utility":60,"ID":9}],[],[],[{"utility":77,"ID":3},{"utility":0,"ID":10}],[{"utility":0,"ID":7},{"utility":22,"ID":17},{"utility":11,"ID":18}],[{"utility":0,"ID":16},{"utility":0,"ID":19}],[{"utility":0,"ID":4},{"utility":14,"ID":13}],[],[],[],[],[],[],[],[],[],[]],"CORE :":false,"LAST PARTITION":{"11":5,"12":3,"13":10,"14":6,"15":3,"16":9,"17":8,"18":1,"19":9,"1":5,"2":11,"3":6,"4":4,"5":1,"6":7,"7":11,"8":2,"9":13,"20":2,"10":7}},{"STARTING PARTITION: ":{"11":6,"12":3,"13":2,"14":3,"15":2,"16":3,"17":1,"18":3,"19":9,"1":9,"2":8,"3":6,"4":8,"5":7,"6":7,"7":2,"8":9,"9":9,"20":5,"10":8},"Agents":[null,{"utility":64,"ID":1},{"utility":78,"ID":2},{"utility":94,"ID":3},{"utility":0,"ID":4},{"utility":24,"ID":5},{"utility":78,"ID":6},{"utility":92,"ID":7},{"utility":50,"ID":8},{"utility":0,"ID":9},{"utility":66,"ID":10},{"utility":36,"ID":11},{"utility":8,"ID":12},{"utility":0,"ID":13},{"utility":76,"ID":14},{"utility":45,"ID":15},{"utility":0,"ID":16},{"utility":0,"ID":17},{"utility":44,"ID":18},{"utility":0,"ID":19},{"utility":47,"ID":20}],"LAST COALITION":[[],[{"utility":0,"ID":17}],[{"utility":0,"ID":13},{"utility":45,"ID":15}],[{"utility":8,"ID":12},{"utility":0,"ID":16}],[{"utility":64,"ID":1},{"utility":36,"ID":11}],[{"utility":24,"ID":5},{"utility":44,"ID":18}],[{"utility":94,"ID":3},{"utility":76,"ID":14}],[{"utility":50,"ID":8},{"utility":47,"ID":20}],[{"utility":78,"ID":6},{"utility":66,"ID":10}],[{"utility":0,"ID":19}],[{"utility":0,"ID":9}],[{"utility":78,"ID":2},{"utility":92,"ID":7}],[],[{"utility":0,"ID":4}],[],[],[],[],[],[],[]],"STARTING COALITION: ":[[null],[{"utility":0,"ID":17}],[{"utility":0,"ID":7},{"utility":24.5,"ID":13},{"utility":23.5,"ID":15}],[{"utility":60.333333333333336,"ID":12},{"utility":25,"ID":14},{"utility":12.333333333333334,"ID":16},{"utility":1,"ID":18}],[],[{"utility":0,"ID":20}],[{"utility":22,"ID":3},{"utility":19,"ID":11}],[{"utility":13,"ID":5},{"utility":64,"ID":6}],[{"utility":17.5,"ID":2},{"utility":15,"ID":4},{"utility":55.5,"ID":10}],[{"utility":19,"ID":1},{"utility":0,"ID":8},{"utility":7,"ID":9},{"utility":30,"ID":19}],[],[],[],[],[],[],[],[],[],[],[]],"CORE :":false,"LAST PARTITION":{"11":4,"12":3,"13":2,"14":6,"15":2,"16":3,"17":1,"18":5,"19":9,"1":4,"2":11,"3":6,"4":13,"5":5,"6":8,"7":11,"8":7,"9":10,"20":7,"10":8}},{"STARTING PARTITION: ":{"11":5,"12":1,"13":8,"14":8,"15":8,"16":4,"17":3,"18":9,"19":3,"1":1,"2":4,"3":5,"4":9,"5":9,"6":2,"7":9,"8":6,"9":2,"20":8,"10":10},"Agents":[null,{"utility":80,"ID":1},{"utility":78,"ID":2},{"utility":94,"ID":3},{"utility":67,"ID":4},{"utility":24,"ID":5},{"utility":78,"ID":6},{"utility":92,"ID":7},{"utility":0,"ID":8},{"utility":59,"ID":9},{"utility":66,"ID":10},{"utility":0,"ID":11},{"utility":0,"ID":12},{"utility":0,"ID":13},{"utility":76,"ID":14},{"utility":45,"ID":15},{"utility":0,"ID":16},{"utility":58,"ID":17},{"utility":44,"ID":18},{"utility":0,"ID":19},{"utility":0,"ID":20}],"LAST COALITION":[[],[{"utility":80,"ID":1},{"utility":0,"ID":12}],[{"utility":0,"ID":20}],[{"utility":58,"ID":17},{"utility":0,"ID":19}],[{"utility":0,"ID":16}],[{"utility":0,"ID":11}],[],[{"utility":78,"ID":2},{"utility":92,"ID":7}],[{"utility":0,"ID":13},{"utility":45,"ID":15}],[{"utility":0,"ID":8}],[{"utility":78,"ID":6},{"utility":66,"ID":10}],[{"utility":24,"ID":5},{"utility":44,"ID":18}],[{"utility":94,"ID":3},{"utility":76,"ID":14}],[{"utility":67,"ID":4},{"utility":59,"ID":9}],[],[],[],[],[],[],[]],"STARTING COALITION: ":[[null],[{"utility":80,"ID":1},{"utility":0,"ID":12}],[{"utility":0,"ID":6},{"utility":25,"ID":9}],[{"utility":58,"ID":17},{"utility":0,"ID":19}],[{"utility":0,"ID":2},{"utility":0,"ID":16}],[{"utility":22,"ID":3},{"utility":19,"ID":11}],[{"utility":0,"ID":8}],[],[{"utility":47.333333333333336,"ID":13},{"utility":46,"ID":14},{"utility":15,"ID":15},{"utility":2.3333333333333335,"ID":20}],[{"utility":14,"ID":4},{"utility":38.666666666666664,"ID":5},{"utility":19,"ID":7},{"utility":22,"ID":18}],[{"utility":0,"ID":10}],[],[],[],[],[],[],[],[],[],[]],"CORE :":false,"LAST PARTITION":{"11":5,"12":1,"13":8,"14":12,"15":8,"16":4,"17":3,"18":11,"19":3,"1":1,"2":7,"3":12,"4":13,"5":11,"6":10,"7":7,"8":9,"9":13,"20":2,"10":10}},{"STARTING PARTITION: ":{"11":7,"12":9,"13":7,"14":9,"15":10,"16":1,"17":2,"18":4,"19":5,"1":7,"2":8,"3":3,"4":9,"5":4,"6":3,"7":9,"8":1,"9":9,"20":5,"10":5},"Agents":[null,{"utility":64,"ID":1},{"utility":78,"ID":2},{"utility":94,"ID":3},{"utility":0,"ID":4},{"utility":24,"ID":5},{"utility":78,"ID":6},{"utility":92,"ID":7},{"utility":50,"ID":8},{"utility":0,"ID":9},{"utility":66,"ID":10},{"utility":36,"ID":11},{"utility":0,"ID":12},{"utility":0,"ID":13},{"utility":76,"ID":14},{"utility":0,"ID":15},{"utility":0,"ID":16},{"utility":0,"ID":17},{"utility":44,"ID":18},{"utility":0,"ID":19},{"utility":47,"ID":20}],"LAST COALITION":[[],[{"utility":0,"ID":16}],[{"utility":0,"ID":17}],[{"utility":24,"ID":5},{"utility":44,"ID":18}],[{"utility":78,"ID":6},{"utility":66,"ID":10}],[{"utility":0,"ID":19}],[{"utility":64,"ID":1},{"utility":36,"ID":11}],[{"utility":0,"ID":13}],[{"utility":78,"ID":2},{"utility":92,"ID":7}],[{"utility":0,"ID":12}],[{"utility":0,"ID":15}],[{"utility":94,"ID":3},{"utility":76,"ID":14}],[{"utility":50,"ID":8},{"utility":47,"ID":20}],[{"utility":0,"ID":9}],[{"utility":0,"ID":4}],[],[],[],[],[],[]],"STARTING COALITION: ":[[null],[{"utility":0,"ID":8},{"utility":82,"ID":16}],[{"utility":0,"ID":17}],[{"utility":0,"ID":3},{"utility":48,"ID":6}],[{"utility":24,"ID":5},{"utility":44,"ID":18}],[{"utility":48.5,"ID":10},{"utility":28,"ID":19},{"utility":27.5,"ID":20}],[],[{"utility":41,"ID":1},{"utility":31,"ID":11},{"utility":0,"ID":13}],[{"utility":0,"ID":2}],[{"utility":26.75,"ID":4},{"utility":12.5,"ID":7},{"utility":30.5,"ID":9},{"utility":43.75,"ID":12},{"utility":18.75,"ID":14}],[{"utility":0,"ID":15}],[],[],[],[],[],[],[],[],[],[]],"CORE :":false,"LAST PARTITION":{"11":6,"12":9,"13":7,"14":11,"15":10,"16":1,"17":2,"18":3,"19":5,"1":6,"2":8,"3":11,"4":14,"5":3,"6":4,"7":8,"8":12,"9":13,"20":12,"10":4}},{"STARTING PARTITION: ":{"11":9,"12":10,"13":3,"14":1,"15":5,"16":4,"17":3,"18":8,"19":2,"1":7,"2":9,"3":7,"4":5,"5":6,"6":6,"7":10,"8":8,"9":7,"20":10,"10":5},"Agents":[null,{"utility":64,"ID":1},{"utility":78,"ID":2},{"utility":94,"ID":3},{"utility":24,"ID":4},{"utility":24,"ID":5},{"utility":78,"ID":6},{"utility":92,"ID":7},{"utility":69,"ID":8},{"utility":95,"ID":9},{"utility":66,"ID":10},{"utility":36,"ID":11},{"utility":64,"ID":12},{"utility":0,"ID":13},{"utility":76,"ID":14},{"utility":0,"ID":15},{"utility":27,"ID":16},{"utility":79,"ID":17},{"utility":44,"ID":18},{"utility":74,"ID":19},{"utility":60,"ID":20}],"LAST COALITION":[[],[{"utility":95,"ID":9},{"utility":60,"ID":20}],[{"utility":64,"ID":12},{"utility":74,"ID":19}],[{"utility":0,"ID":13}],[],[{"utility":0,"ID":15}],[],[{"utility":24,"ID":5},{"utility":44,"ID":18}],[{"utility":78,"ID":6},{"utility":66,"ID":10}],[{"utility":78,"ID":2},{"utility":92,"ID":7}],[{"utility":27,"ID":16},{"utility":79,"ID":17}],[{"utility":64,"ID":1},{"utility":36,"ID":11}],[{"utility":94,"ID":3},{"utility":76,"ID":14}],[{"utility":24,"ID":4},{"utility":69,"ID":8}],[],[],[],[],[],[],[]],"STARTING COALITION: ":[[null],[{"utility":0,"ID":14}],[{"utility":0,"ID":19}],[{"utility":47,"ID":13},{"utility":0,"ID":17}],[{"utility":0,"ID":16}],[{"utility":15,"ID":4},{"utility":26.5,"ID":10},{"utility":17,"ID":15}],[{"utility":13,"ID":5},{"utility":64,"ID":6}],[{"utility":0,"ID":1},{"utility":55,"ID":3},{"utility":39,"ID":9}],[{"utility":88,"ID":8},{"utility":32,"ID":18}],[{"utility":0,"ID":2},{"utility":0,"ID":11}],[{"utility":13.5,"ID":7},{"utility":0,"ID":12},{"utility":31,"ID":20}],[],[],[],[],[],[],[],[],[],[]],"CORE :":true,"LAST PARTITION":{"11":11,"12":2,"13":3,"14":12,"15":5,"16":10,"17":10,"18":7,"19":2,"1":11,"2":9,"3":12,"4":13,"5":7,"6":8,"7":9,"8":13,"9":1,"20":1,"10":8}},{"END OF FILE:" : true}]