[{"STARTING PARTITION: ":{"11":5,"12":3,"13":5,"14":8,"15":7,"16":2,"17":9,"18":1,"19":2,"1":5,"2":4,"3":5,"4":10,"5":4,"6":8,"7":9,"8":1,"9":8,"20":4,"10":2},"Agents":[null,{"utility":0,"ID":1},{"utility":46,"ID":2},{"utility":88,"ID":3},{"utility":38,"ID":4},{"utility":24,"ID":5},{"utility":74,"ID":6},{"utility":91,"ID":7},{"utility":0,"ID":8},{"utility":99,"ID":9},{"utility":56,"ID":10},{"utility":72,"ID":11},{"utility":0,"ID":12},{"utility":28,"ID":13},{"utility":68,"ID":14},{"utility":0,"ID":15},{"utility":0,"ID":16},{"utility":0,"ID":17},{"utility":0,"ID":18},{"utility":0,"ID":19},{"utility":8,"ID":20}],"LAST COALITION":[[],[{"utility":0,"ID":18}],[{"utility":0,"ID":16},{"utility":0,"ID":19}],[{"utility":0,"ID":12}],[{"utility":0,"ID":8}],[{"utility":38,"ID":4},{"utility":72,"ID":11}],[{"utility":0,"ID":1}],[{"utility":0,"ID":15}],[{"utility":99,"ID":9},{"utility":56,"ID":10}],[],[{"utility":24,"ID":5},{"utility":28,"ID":13}],[{"utility":46,"ID":2},{"utility":91,"ID":7}],[{"utility":88,"ID":3},{"utility":68,"ID":14}],[{"utility":0,"ID":17}],[{"utility":74,"ID":6},{"utility":8,"ID":20}],[],[],[],[],[],[]],"STARTING COALITION: ":[[null],[{"utility":35,"ID":8},{"utility":0,"ID":18}],[{"utility":10,"ID":10},{"utility":0,"ID":16},{"utility":0,"ID":19}],[{"utility":0,"ID":12}],[{"utility":0,"ID":2},{"utility":0,"ID":5},{"utility":46,"ID":20}],[{"utility":25.333333333333332,"ID":1},{"utility":19.333333333333332,"ID":3},{"utility":47,"ID":11},{"utility":30,"ID":13}],[],[{"utility":0,"ID":15}],[{"utility":15,"ID":6},{"utility":0,"ID":9},{"utility":46,"ID":14}],[{"utility":62,"ID":7},{"utility":0,"ID":17}],[{"utility":0,"ID":4}],[],[],[],[],[],[],[],[],[],[]],"CORE :":false,"LAST PARTITION":{"11":5,"12":3,"13":10,"14":12,"15":7,"16":2,"17":13,"18":1,"19":2,"1":6,"2":11,"3":12,"4":5,"5":10,"6":14,"7":11,"8":4,"9":8,"20":14,"10":8}},{"STARTING PARTITION: ":{"11":6,"12":2,"13":5,"14":1,"15":3,"16":9,"17":10,"18":7,"19":4,"1":7,"2":3,"3":9,"4":8,"5":5,"6":3,"7":6,"8":1,"9":6,"20":5,"10":9},"Agents":[null,{"utility":56,"ID":1},{"utility":46,"ID":2},{"utility":88,"ID":3},{"utility":0,"ID":4},{"utility":53,"ID":5},{"utility":0,"ID":6},{"utility":91,"ID":7},{"utility":0,"ID":8},{"utility":0,"ID":9},{"utility":49,"ID":10},{"utility":9,"ID":11},{"utility":0,"ID":12},{"utility":87,"ID":13},{"utility":68,"ID":14},{"utility":0,"ID":15},{"utility":0,"ID":16},{"utility":0,"ID":17},{"utility":0,"ID":18},{"utility":0,"ID":19},{"utility":0,"ID":20}],"LAST COALITION":[[],[{"utility":0,"ID":8}],[{"utility":0,"ID":12}],[{"utility":0,"ID":6},{"utility":0,"ID":15}],[{"utility":0,"ID":19}],[{"utility":87,"ID":13},{"utility":0,"ID":20}],[{"utility":0,"ID":9}],[{"utility":0,"ID":18}],[{"utility":56,"ID":1},{"utility":9,"ID":11}],[{"utility":0,"ID":16}],[{"utility":0,"ID":17}],[{"utility":53,"ID":5},{"utility":49,"ID":10}],[{"utility":46,"ID":2},{"utility":91,"ID":7}],[{"utility":88,"ID":3},{"utility":68,"ID":14}],[],[{"utility":0,"ID":4}],[],[],[],[],[]],"STARTING COALITION: ":[[null],[{"utility":43,"ID":8},{"utility":0,"ID":14}],[{"utility":0,"ID":12}],[{"utility":0,"ID":2},{"utility":0,"ID":6},{"utility":9.5,"ID":15}],[{"utility":0,"ID":19}],[{"utility":12,"ID":5},{"utility":57.5,"ID":13},{"utility":46,"ID":20}],[{"utility":21.5,"ID":7},{"utility":36,"ID":9},{"utility":14.5,"ID":11}],[{"utility":38,"ID":1},{"utility":0,"ID":18}],[{"utility":0,"ID":4}],[{"utility":21.5,"ID":3},{"utility":0,"ID":10},{"utility":16.5,"ID":16}],[{"utility":0,"ID":17}],[],[],[],[],[],[],[],[],[],[]],"CORE :":false,"LAST PARTITION":{"11":8,"12":2,"13":5,"14":13,"15":3,"16":9,"17":10,"18":7,"19":4,"1":8,"2":12,"3":13,"4":15,"5":11,"6":3,"7":12,"8":1,"9":6,"20":5,"10":11}},{"STARTING PARTITION: ":{"11":2,"12":7,"13":6,"14":4,"15":6,"16":10,"17":3,"18":5,"19":3,"1":10,"2":5,"3":3,"4":4,"5":8,"6":8,"7":9,"8":2,"9":4,"20":5,"10":6},"Agents":[null,{"utility":0,"ID":1},{"utility":46,"ID":2},{"utility":88,"ID":3},{"utility":38,"ID":4},{"utility":53,"ID":5},{"utility":0,"ID":6},{"utility":91,"ID":7},{"utility":0,"ID":8},{"utility":0,"ID":9},{"utility":49,"ID":10},{"utility":72,"ID":11},{"utility":0,"ID":12},{"utility":49,"ID":13},{"utility":68,"ID":14},{"utility":0,"ID":15},{"utility":0,"ID":16},{"utility":0,"ID":17},{"utility":97,"ID":18},{"utility":0,"ID":19},{"utility":0,"ID":20}],"LAST COALITION":[[],[{"utility":0,"ID":1}],[{"utility":0,"ID":8}],[{"utility":0,"ID":17},{"utility":0,"ID":19}],[{"utility":0,"ID":9}],[{"utility":97,"ID":18},{"utility":0,"ID":20}],[{"utility":49,"ID":13},{"utility":0,"ID":15}],[{"utility":0,"ID":12}],[{"utility":0,"ID":6}],[{"utility":38,"ID":4},{"utility":72,"ID":11}],[{"utility":0,"ID":16}],[{"utility":46,"ID":2},{"utility":91,"ID":7}],[{"utility":88,"ID":3},{"utility":68,"ID":14}],[{"utility":53,"ID":5},{"utility":49,"ID":10}],[],[],[],[],[],[],[]],"STARTING COALITION: ":[[null],[],[{"utility":0,"ID":8},{"utility":0,"ID":11}],[{"utility":0,"ID":3},{"utility":21.5,"ID":17},{"utility":31.5,"ID":19}],[{"utility":19,"ID":4},{"utility":0,"ID":9},{"utility":47.5,"ID":14}],[{"utility":0,"ID":2},{"utility":48.5,"ID":18},{"utility":0,"ID":20}],[{"utility":14.5,"ID":10},{"utility":28.5,"ID":13},{"utility":38.5,"ID":15}],[{"utility":0,"ID":12}],[{"utility":0,"ID":5},{"utility":0,"ID":6}],[{"utility":0,"ID":7}],[{"utility":44,"ID":1},{"utility":0,"ID":16}],[],[],[],[],[],[],[],[],[],[]],"CORE :":false,"LAST PARTITION":{"11":9,"12":7,"13":6,"14":12,"15":6,"16":10,"17":3,"18":5,"19":3,"1":1,"2":11,"3":12,"4":9,"5":13,"6":8,"7":11,"8":2,"9":4,"20":5,"10":13}},{"STARTING PARTITION: ":{"11":9,"12":2,"13":6,"14":5,"15":10,"16":2,"17":9,"18":9,"19":2,"1":2,"2":5,"3":1,"4":3,"5":7,"6":8,"7":7,"8":10,"9":10,"20":1,"10":8},"Agents":[null,{"utility":42,"ID":1},{"utility":46,"ID":2},{"utility":88,"ID":3},{"utility":63,"ID":4},{"utility":53,"ID":5},{"utility":0,"ID":6},{"utility":91,"ID":7},{"utility":35,"ID":8},{"utility":64,"ID":9},{"utility":49,"ID":10},{"utility":0,"ID":11},{"utility":46,"ID":12},{"utility":0,"ID":13},{"utility":68,"ID":14},{"utility":53,"ID":15},{"utility":36.5,"ID":16},{"utility":9,"ID":17},{"utility":38,"ID":18},{"utility":12,"ID":19},{"utility":0,"ID":20}],"LAST COALITION":[[],[{"utility":0,"ID":20}],[{"utility":46,"ID":12},{"utility":36.5,"ID":16},{"utility":12,"ID":19}],[],[{"utility":53,"ID":5},{"utility":49,"ID":10}],[{"utility":0,"ID":11}],[{"utility":0,"ID":13}],[{"utility":42,"ID":1},{"utility":63,"ID":4}],[{"utility":0,"ID":6}],[{"utility":9,"ID":17},{"utility":38,"ID":18}],[{"utility":35,"ID":8},{"utility":64,"ID":9},{"utility":53,"ID":15}],[{"utility":46,"ID":2},{"utility":91,"ID":7}],[],[{"utility":88,"ID":3},{"utility":68,"ID":14}],[],[],[],[],[],[],[]],"STARTING COALITION: ":[[null],[{"utility":0,"ID":3},{"utility":82,"ID":20}],[{"utility":14.666666666666666,"ID":1},{"utility":40,"ID":12},{"utility":24.333333333333332,"ID":16},{"utility":19,"ID":19}],[{"utility":0,"ID":4}],[],[{"utility":44,"ID":2},{"utility":0,"ID":14}],[{"utility":0,"ID":13}],[{"utility":13,"ID":5},{"utility":69,"ID":7}],[{"utility":91,"ID":6},{"utility":26,"ID":10}],[{"utility":21,"ID":11},{"utility":4.5,"ID":17},{"utility":35.5,"ID":18}],[{"utility":35,"ID":8},{"utility":64,"ID":9},{"utility":53,"ID":15}],[],[],[],[],[],[],[],[],[],[]],"CORE :":false,"LAST PARTITION":{"11":5,"12":2,"13":6,"14":13,"15":10,"16":2,"17":9,"18":9,"19":2,"1":7,"2":11,"3":13,"4":7,"5":4,"6":8,"7":11,"8":10,"9":10,"20":1,"10":4}},{"STARTING PARTITION: ":{"11":6,"12":10,"13":10,"14":4,"15":6,"16":10,"17":8,"18":5,"19":9,"1":10,"2":4,"3":2,"4":6,"5":1,"6":8,"7":10,"8":4,"9":9,"20":8,"10":10},"Agents":[null,{"utility":0,"ID":1},{"utility":46,"ID":2},{"utility":88,"ID":3},{"utility":38,"ID":4},{"utility":53,"ID":5},{"utility":42.5,"ID":6},{"utility":91,"ID":7},{"utility":0,"ID":8},{"utility":0,"ID":9},{"utility":49,"ID":10},{"utility":72,"ID":11},{"utility":55.5,"ID":12},{"utility":81,"ID":13},{"utility":68,"ID":14},{"utility":0,"ID":15},{"utility":81.5,"ID":16},{"utility":0,"ID":17},{"utility":0,"ID":18},{"utility":34,"ID":19},{"utility":34.5,"ID":20}],"LAST COALITION":[[],[],[{"utility":88,"ID":3},{"utility":68,"ID":14}],[{"utility":53,"ID":5},{"utility":49,"ID":10}],[{"utility":0,"ID":8}],[{"utility":0,"ID":18}],[{"utility":0,"ID":15}],[{"utility":0,"ID":1}],[{"utility":42.5,"ID":6},{"utility":0,"ID":17},{"utility":34.5,"ID":20}],[{"utility":0,"ID":9},{"utility":34,"ID":19}],[{"utility":55.5,"ID":12},{"utility":81,"ID":13},{"utility":81.5,"ID":16}],[{"utility":46,"ID":2},{"utility":91,"ID":7}],[{"utility":38,"ID":4},{"utility":72,"ID":11}],[],[],[],[],[],[],[],[]],"STARTING COALITION: ":[[null],[{"utility":0,"ID":5}],[{"utility":0,"ID":3}],[],[{"utility":22,"ID":2},{"utility":21.5,"ID":8},{"utility":0,"ID":14}],[{"utility":0,"ID":18}],[{"utility":19,"ID":4},{"utility":36,"ID":11},{"utility":24.5,"ID":15}],[],[{"utility":42.5,"ID":6},{"utility":0,"ID":17},{"utility":34.5,"ID":20}],[{"utility":0,"ID":9},{"utility":34,"ID":19}],[{"utility":40.2,"ID":1},{"utility":12.8,"ID":7},{"utility":9.4,"ID":10},{"utility":41.6,"ID":12},{"utility":34,"ID":13},{"utility":32.6,"ID":16}],[],[],[],[],[],[],[],[],[],[]],"CORE :":false,"LAST PARTITION":{"11":12,"12":10,"13":10,"14":2,"15":6,"16":10,"17":8,"18":5,"19":9,"1":7,"2":11,"3":2,"4":12,"5":3,"6":8,"7":11,"8":4,"9":9,"20":8,"10":3}},{"STARTING PARTITION: ":{"11":9,"12":2,"13":5,"14":2,"15":4,"16":8,"17":5,"18":2,"19":8,"1":6,"2":4,"3":9,"4":8,"5":8,"6":2,"7":4,"8":7,"9":2,"20":1,"10":8},"Agents":[null,{"utility":56,"ID":1},{"utility":46,"ID":2},{"utility":88,"ID":3},{"utility":0,"ID":4},{"utility":53,"ID":5},{"utility":14.666666666666666,"ID":6},{"utility":91,"ID":7},{"utility":0,"ID":8},{"utility":17.666666666666668,"ID":9},{"utility":49,"ID":10},{"utility":9,"ID":11},{"utility":7.666666666666667,"ID":12},{"utility":0,"ID":13},{"utility":68,"ID":14},{"utility":0,"ID":15},{"utility":0,"ID":16},{"utility":0,"ID":17},{"utility":20,"ID":18},{"utility":0,"ID":19},{"utility":0,"ID":20}],"LAST COALITION":[[],[{"utility":0,"ID":20}],[{"utility":14.666666666666666,"ID":6},{"utility":17.666666666666668,"ID":9},{"utility":7.666666666666667,"ID":12},{"utility":20,"ID":18}],[{"utility":53,"ID":5},{"utility":49,"ID":10}],[{"utility":0,"ID":15}],[{"utility":0,"ID":13},{"utility":0,"ID":17}],[{"utility":56,"ID":1},{"utility":9,"ID":11}],[{"utility":0,"ID":8}],[{"utility":0,"ID":16},{"utility":0,"ID":19}],[{"utility":0,"ID":4}],[{"utility":46,"ID":2},{"utility":91,"ID":7}],[{"utility":88,"ID":3},{"utility":68,"ID":14}],[],[],[],[],[],[],[],[],[]],"STARTING COALITION: ":[[null],[{"utility":0,"ID":20}],[{"utility":18.5,"ID":6},{"utility":13.25,"ID":9},{"utility":27.5,"ID":12},{"utility":23,"ID":14},{"utility":15,"ID":18}],[],[{"utility":23,"ID":2},{"utility":45.5,"ID":7},{"utility":50,"ID":15}],[{"utility":0,"ID":13},{"utility":0,"ID":17}],[{"utility":0,"ID":1}],[{"utility":0,"ID":8}],[{"utility":0,"ID":4},{"utility":55,"ID":5},{"utility":17.25,"ID":10},{"utility":0.25,"ID":16},{"utility":0,"ID":19}],[{"utility":33,"ID":3},{"utility":36,"ID":11}],[],[],[],[],[],[],[],[],[],[],[]],"CORE :":false,"LAST PARTITION":{"11":6,"12":2,"13":5,"14":11,"15":4,"16":8,"17":5,"18":2,"19":8,"1":6,"2":10,"3":11,"4":9,"5":3,"6":2,"7":10,"8":7,"9":2,"20":1,"10":3}},{"STARTING PARTITION: ":{"11":10,"12":3,"13":8,"14":5,"15":10,"16":1,"17":6,"18":7,"19":6,"1":10,"2":10,"3":6,"4":6,"5":7,"6":5,"7":2,"8":5,"9":2,"20":7,"10":8},"Agents":[null,{"utility":0,"ID":1},{"utility":46,"ID":2},{"utility":88,"ID":3},{"utility":38,"ID":4},{"utility":53,"ID":5},{"utility":60,"ID":6},{"utility":91,"ID":7},{"utility":43,"ID":8},{"utility":0,"ID":9},{"utility":49,"ID":10},{"utility":72,"ID":11},{"utility":0,"ID":12},{"utility":0,"ID":13},{"utility":68,"ID":14},{"utility":0,"ID":15},{"utility":0,"ID":16},{"utility":0,"ID":17},{"utility":97,"ID":18},{"utility":0,"ID":19},{"utility":0,"ID":20}],"LAST COALITION":[[],[{"utility":0,"ID":16}],[{"utility":0,"ID":9}],[{"utility":0,"ID":12}],[{"utility":53,"ID":5},{"utility":49,"ID":10}],[{"utility":60,"ID":6},{"utility":43,"ID":8}],[{"utility":0,"ID":17},{"utility":0,"ID":19}],[{"utility":97,"ID":18},{"utility":0,"ID":20}],[{"utility":0,"ID":13}],[{"utility":0,"ID":1}],[{"utility":0,"ID":15}],[{"utility":46,"ID":2},{"utility":91,"ID":7}],[],[{"utility":88,"ID":3},{"utility":68,"ID":14}],[{"utility":38,"ID":4},{"utility":72,"ID":11}],[],[],[],[],[],[]],"STARTING COALITION: ":[[null],[{"utility":0,"ID":16}],[{"utility":43,"ID":7},{"utility":72,"ID":9}],[{"utility":0,"ID":12}],[],[{"utility":45,"ID":6},{"utility":43,"ID":8},{"utility":46,"ID":14}],[{"utility":0,"ID":3},{"utility":28.666666666666668,"ID":4},{"utility":30,"ID":17},{"utility":21,"ID":19}],[{"utility":0,"ID":5},{"utility":48.5,"ID":18},{"utility":46,"ID":20}],[{"utility":0,"ID":10},{"utility":8,"ID":13}],[],[{"utility":31.666666666666668,"ID":1},{"utility":3,"ID":2},{"utility":3,"ID":11},{"utility":9,"ID":15}],[],[],[],[],[],[],[],[],[],[]],"CORE :":false,"LAST PARTITION":{"11":14,"12":3,"13":8,"14":13,"15":10,"16":1,"17":6,"18":7,"19":6,"1":9,"2":11,"3":13,"4":14,"5":4,"6":5,"7":11,"8":5,"9":2,"20":7,"10":4}},{"STARTING PARTITION: ":{"11":4,"12":2,"13":10,"14":6,"15":7,"16":4,"17":7,"18":10,"19":4,"1":6,"2":2,"3":6,"4":4,"5":8,"6":4,"7":5,"8":3,"9":5,"20":3,"10":9},"Agents":[null,{"utility":0,"ID":1},{"utility":46,"ID":2},{"utility":88,"ID":3},{"utility":38,"ID":4},{"utility":53,"ID":5},{"utility":0,"ID":6},{"utility":91,"ID":7},{"utility":6,"ID":8},{"utility":0,"ID":9},{"utility":49,"ID":10},{"utility":72,"ID":11},{"utility":0,"ID":12},{"utility":25,"ID":13},{"utility":68,"ID":14},{"utility":0,"ID":15},{"utility":28,"ID":16},{"utility":64,"ID":17},{"utility":0,"ID":18},{"utility":0,"ID":19},{"utility":0,"ID":20}],"LAST COALITION":[[],[{"utility":53,"ID":5},{"utility":49,"ID":10}],[{"utility":0,"ID":12}],[{"utility":6,"ID":8},{"utility":0,"ID":20}],[{"utility":0,"ID":6},{"utility":28,"ID":16},{"utility":0,"ID":19}],[{"utility":0,"ID":9}],[{"utility":88,"ID":3},{"utility":68,"ID":14}],[{"utility":0,"ID":15},{"utility":64,"ID":17}],[],[{"utility":46,"ID":2},{"utility":91,"ID":7}],[{"utility":25,"ID":13},{"utility":0,"ID":18}],[{"utility":0,"ID":1}],[{"utility":38,"ID":4},{"utility":72,"ID":11}],[],[],[],[],[],[],[],[]],"STARTING COALITION: ":[[null],[],[{"utility":0,"ID":2},{"utility":92,"ID":12}],[{"utility":6,"ID":8},{"utility":0,"ID":20}],[{"utility":9.5,"ID":4},{"utility":23.75,"ID":6},{"utility":40.25,"ID":11},{"utility":14.25,"ID":16},{"utility":9.5,"ID":19}],[{"utility":43,"ID":7},{"utility":72,"ID":9}],[{"utility":2.5,"ID":1},{"utility":44,"ID":3},{"utility":80,"ID":14}],[{"utility":0,"ID":15},{"utility":64,"ID":17}],[{"utility":0,"ID":5}],[{"utility":0,"ID":10}],[{"utility":25,"ID":13},{"utility":0,"ID":18}],[],[],[],[],[],[],[],[],[],[]],"CORE :":false,"LAST PARTITION":{"11":12,"12":2,"13":10,"14":6,"15":7,"16":4,"17":7,"18":10,"19":4,"1":11,"2":9,"3":6,"4":12,"5":1,"6":4,"7":9,"8":3,"9":5,"20":3,"10":1}},{"STARTING PARTITION: ":{"11":8,"12":3,"13":7,"14":4,"15":2,"16":7,"17":7,"18":8,"19":1,"1":3,"2":1,"3":3,"4":5,"5":6,"6":6,"7":9,"8":3,"9":8,"20":7,"10":5},"Agents":[null,{"utility":0,"ID":1},{"utility":46,"ID":2},{"utility":88,"ID":3},{"utility":38,"ID":4},{"utility":53,"ID":5},{"utility":0,"ID":6},{"utility":91,"ID":7},{"utility":0,"ID":8},{"utility":53,"ID":9},{"utility":49,"ID":10},{"utility":72,"ID":11},{"utility":50,"ID":12},{"utility":52.333333333333336,"ID":13},{"utility":68,"ID":14},{"utility":0,"ID":15},{"utility":35,"ID":16},{"utility":0,"ID":17},{"utility":0,"ID":18},{"utility":0,"ID":19},{"utility":20.333333333333332,"ID":20}],"LAST COALITION":[[],[{"utility":0,"ID":19}],[{"utility":0,"ID":15}],[{"utility":0,"ID":8},{"utility":50,"ID":12}],[{"utility":38,"ID":4},{"utility":72,"ID":11}],[{"utility":46,"ID":2},{"utility":91,"ID":7}],[{"utility":0,"ID":6}],[{"utility":52.333333333333336,"ID":13},{"utility":35,"ID":16},{"utility":0,"ID":17},{"utility":20.333333333333332,"ID":20}],[{"utility":53,"ID":9},{"utility":0,"ID":18}],[{"utility":53,"ID":5},{"utility":49,"ID":10}],[],[{"utility":0,"ID":1}],[{"utility":88,"ID":3},{"utility":68,"ID":14}],[],[],[],[],[],[],[],[]],"STARTING COALITION: ":[[null],[{"utility":0,"ID":2},{"utility":92,"ID":19}],[{"utility":0,"ID":15}],[{"utility":0,"ID":1},{"utility":0,"ID":3},{"utility":16,"ID":8},{"utility":37.666666666666664,"ID":12}],[{"utility":0,"ID":14}],[{"utility":0,"ID":4},{"utility":0,"ID":10}],[{"utility":0,"ID":5},{"utility":0,"ID":6}],[{"utility":52.333333333333336,"ID":13},{"utility":35,"ID":16},{"utility":0,"ID":17},{"utility":20.333333333333332,"ID":20}],[{"utility":26.5,"ID":9},{"utility":35.5,"ID":11},{"utility":16.5,"ID":18}],[{"utility":0,"ID":7}],[],[],[],[],[],[],[],[],[],[],[]],"CORE :":false,"LAST PARTITION":{"11":4,"12":3,"13":7,"14":12,"15":2,"16":7,"17":7,"18":8,"19":1,"1":11,"2":5,"3":12,"4":4,"5":9,"6":6,"7":5,"8":3,"9":8,"20":7,"10":9}},{"STARTING PARTITION: ":{"11":7,"12":8,"13":8,"14":5,"15":9,"16":1,"17":9,"18":9,"19":9,"1":2,"2":9,"3":5,"4":3,"5":5,"6":6,"7":10,"8":6,"9":2,"20":8,"10":9},"Agents":[null,{"utility":0,"ID":1},{"utility":46,"ID":2},{"utility":88,"ID":3},{"utility":38,"ID":4},{"utility":53,"ID":5},{"utility":60,"ID":6},{"utility":91,"ID":7},{"utility":43,"ID":8},{"utility":0,"ID":9},{"utility":49,"ID":10},{"utility":72,"ID":11},{"utility":9.5,"ID":12},{"utility":89.5,"ID":13},{"utility":68,"ID":14},{"utility":14.333333333333334,"ID":15},{"utility":0,"ID":16},{"utility":24.333333333333332,"ID":17},{"utility":32,"ID":18},{"utility":3,"ID":19},{"utility":41.5,"ID":20}],"LAST COALITION":[[],[{"utility":0,"ID":16}],[{"utility":0,"ID":9}],[{"utility":0,"ID":1}],[{"utility":53,"ID":5},{"utility":49,"ID":10}],[],[{"utility":60,"ID":6},{"utility":43,"ID":8}],[{"utility":38,"ID":4},{"utility":72,"ID":11}],[{"utility":9.5,"ID":12},{"utility":89.5,"ID":13},{"utility":41.5,"ID":20}],[{"utility":14.333333333333334,"ID":15},{"utility":24.333333333333332,"ID":17},{"utility":32,"ID":18},{"utility":3,"ID":19}],[{"utility":88,"ID":3},{"utility":68,"ID":14}],[{"utility":46,"ID":2},{"utility":91,"ID":7}],[],[],[],[],[],[],[],[],[]],"STARTING COALITION: ":[[null],[{"utility":0,"ID":16}],[{"utility":0,"ID":1},{"utility":0,"ID":9}],[{"utility":0,"ID":4}],[],[{"utility":81.5,"ID":3},{"utility":15.5,"ID":5},{"utility":34,"ID":14}],[{"utility":60,"ID":6},{"utility":43,"ID":8}],[{"utility":0,"ID":11}],[{"utility":9.5,"ID":12},{"utility":89.5,"ID":13},{"utility":41.5,"ID":20}],[{"utility":0.4,"ID":2},{"utility":22.6,"ID":10},{"utility":27.8,"ID":15},{"utility":40,"ID":17},{"utility":19.2,"ID":18},{"utility":20.2,"ID":19}],[{"utility":0,"ID":7}],[],[],[],[],[],[],[],[],[],[]],"CORE :":false,"LAST PARTITION":{"11":7,"12":8,"13":8,"14":10,"15":9,"16":1,"17":9,"18":9,"19":9,"1":3,"2":11,"3":10,"4":7,"5":4,"6":6,"7":11,"8":6,"9":2,"20":8,"10":4}},{"END OF FILE:" : true}]