[{"STARTING PARTITION: ":{"1":2,"2":3,"3":1,"4":3,"5":3,"6":3},"Agents":[null,{"utility":94,"ID":1},{"utility":34,"ID":2},{"utility":10,"ID":3},{"utility":85,"ID":4},{"utility":77,"ID":5},{"utility":0,"ID":6}],"LAST COALITION":[[],[],[{"utility":10,"ID":3},{"utility":85,"ID":4}],[{"utility":34,"ID":2},{"utility":0,"ID":6}],[{"utility":94,"ID":1},{"utility":77,"ID":5}],[],[]],"STARTING COALITION: ":[[null],[{"utility":0,"ID":3}],[{"utility":0,"ID":1}],[{"utility":32.333333333333336,"ID":2},{"utility":9.666666666666666,"ID":4},{"utility":44,"ID":5},{"utility":28,"ID":6}],[],[],[]],"CORE :":true,"LAST PARTITION":{"1":4,"2":3,"3":2,"4":2,"5":4,"6":3}},{"STARTING PARTITION: ":{"1":1,"2":1,"3":3,"4":1,"5":2,"6":3},"Agents":[null,{"utility":94,"ID":1},{"utility":10,"ID":2},{"utility":88,"ID":3},{"utility":0,"ID":4},{"utility":77,"ID":5},{"utility":0,"ID":6}],"LAST COALITION":[[],[{"utility":0,"ID":4}],[{"utility":10,"ID":2},{"utility":88,"ID":3}],[{"utility":0,"ID":6}],[{"utility":94,"ID":1},{"utility":77,"ID":5}],[],[]],"STARTING COALITION: ":[[null],[{"utility":8,"ID":1},{"utility":33,"ID":2},{"utility":14.5,"ID":4}],[{"utility":0,"ID":5}],[{"utility":32,"ID":3},{"utility":0,"ID":6}],[],[],[]],"CORE :":true,"LAST PARTITION":{"1":4,"2":2,"3":2,"4":1,"5":4,"6":3}},{"STARTING PARTITION: ":{"1":2,"2":1,"3":1,"4":3,"5":2,"6":3},"Agents":[null,{"utility":94,"ID":1},{"utility":10,"ID":2},{"utility":88,"ID":3},{"utility":0,"ID":4},{"utility":77,"ID":5},{"utility":0,"ID":6}],"LAST COALITION":[[],[{"utility":10,"ID":2},{"utility":88,"ID":3}],[{"utility":94,"ID":1},{"utility":77,"ID":5}],[{"utility":0,"ID":4},{"utility":0,"ID":6}],[],[],[]],"STARTING COALITION: ":[[null],[{"utility":10,"ID":2},{"utility":88,"ID":3}],[{"utility":94,"ID":1},{"utility":77,"ID":5}],[{"utility":0,"ID":4},{"utility":0,"ID":6}],[],[],[]],"CORE :":true,"LAST PARTITION":{"1":2,"2":1,"3":1,"4":3,"5":2,"6":3}},{"STARTING PARTITION: ":{"1":3,"2":1,"3":2,"4":2,"5":2,"6":1},"Agents":[null,{"utility":94,"ID":1},{"utility":34,"ID":2},{"utility":10,"ID":3},{"utility":85,"ID":4},{"utility":77,"ID":5},{"utility":0,"ID":6}],"LAST COALITION":[[],[{"utility":34,"ID":2},{"utility":0,"ID":6}],[{"utility":10,"ID":3},{"utility":85,"ID":4}],[],[{"utility":94,"ID":1},{"utility":77,"ID":5}],[],[]],"STARTING COALITION: ":[[null],[{"utility":34,"ID":2},{"utility":0,"ID":6}],[{"utility":38.5,"ID":3},{"utility":42.5,"ID":4},{"utility":30,"ID":5}],[{"utility":0,"ID":1}],[],[],[]],"CORE :":true,"LAST PARTITION":{"1":4,"2":1,"3":2,"4":2,"5":4,"6":1}},{"STARTING PARTITION: ":{"1":2,"2":2,"3":3,"4":3,"5":3,"6":1},"Agents":[null,{"utility":94,"ID":1},{"utility":10,"ID":2},{"utility":88,"ID":3},{"utility":0,"ID":4},{"utility":77,"ID":5},{"utility":0,"ID":6}],"LAST COALITION":[[],[{"utility":0,"ID":6}],[],[{"utility":0,"ID":4}],[{"utility":94,"ID":1},{"utility":77,"ID":5}],[{"utility":10,"ID":2},{"utility":88,"ID":3}],[]],"STARTING COALITION: ":[[null],[{"utility":0,"ID":6}],[{"utility":0,"ID":1},{"utility":66,"ID":2}],[{"utility":38.5,"ID":3},{"utility":42.5,"ID":4},{"utility":30,"ID":5}],[],[],[]],"CORE :":true,"LAST PARTITION":{"1":4,"2":5,"3":5,"4":3,"5":4,"6":1}},{"STARTING PARTITION: ":{"1":1,"2":3,"3":1,"4":2,"5":1,"6":2},"Agents":[null,{"utility":94,"ID":1},{"utility":10,"ID":2},{"utility":88,"ID":3},{"utility":0,"ID":4},{"utility":77,"ID":5},{"utility":0,"ID":6}],"LAST COALITION":[[],[],[{"utility":0,"ID":4},{"utility":0,"ID":6}],[],[{"utility":94,"ID":1},{"utility":77,"ID":5}],[{"utility":10,"ID":2},{"utility":88,"ID":3}],[]],"STARTING COALITION: ":[[null],[{"utility":47,"ID":1},{"utility":33.5,"ID":3},{"utility":38.5,"ID":5}],[{"utility":0,"ID":4},{"utility":0,"ID":6}],[{"utility":0,"ID":2}],[],[],[]],"CORE :":true,"LAST PARTITION":{"1":4,"2":5,"3":5,"4":2,"5":4,"6":2}},{"STARTING PARTITION: ":{"1":1,"2":2,"3":1,"4":1,"5":3,"6":3},"Agents":[null,{"utility":94,"ID":1},{"utility":10,"ID":2},{"utility":88,"ID":3},{"utility":0,"ID":4},{"utility":77,"ID":5},{"utility":0,"ID":6}],"LAST COALITION":[[],[{"utility":0,"ID":4}],[],[{"utility":0,"ID":6}],[{"utility":94,"ID":1},{"utility":77,"ID":5}],[{"utility":10,"ID":2},{"utility":88,"ID":3}],[]],"STARTING COALITION: ":[[null],[{"utility":8,"ID":1},{"utility":5,"ID":3},{"utility":42.5,"ID":4}],[{"utility":0,"ID":2}],[{"utility":0,"ID":5},{"utility":84,"ID":6}],[],[],[]],"CORE :":true,"LAST PARTITION":{"1":4,"2":5,"3":5,"4":1,"5":4,"6":3}},{"STARTING PARTITION: ":{"1":1,"2":3,"3":3,"4":2,"5":1,"6":1},"Agents":[null,{"utility":94,"ID":1},{"utility":10,"ID":2},{"utility":88,"ID":3},{"utility":0,"ID":4},{"utility":77,"ID":5},{"utility":0,"ID":6}],"LAST COALITION":[[],[{"utility":0,"ID":6}],[{"utility":0,"ID":4}],[{"utility":10,"ID":2},{"utility":88,"ID":3}],[{"utility":94,"ID":1},{"utility":77,"ID":5}],[],[]],"STARTING COALITION: ":[[null],[{"utility":90.5,"ID":1},{"utility":38.5,"ID":5},{"utility":91,"ID":6}],[{"utility":0,"ID":4}],[{"utility":10,"ID":2},{"utility":88,"ID":3}],[],[],[]],"CORE :":true,"LAST PARTITION":{"1":4,"2":3,"3":3,"4":2,"5":4,"6":1}},{"STARTING PARTITION: ":{"1":3,"2":3,"3":3,"4":1,"5":1,"6":3},"Agents":[null,{"utility":94,"ID":1},{"utility":22,"ID":2},{"utility":60,"ID":3},{"utility":0,"ID":4},{"utility":77,"ID":5},{"utility":0,"ID":6}],"LAST COALITION":[[],[{"utility":0,"ID":4}],[{"utility":94,"ID":1},{"utility":77,"ID":5}],[{"utility":22,"ID":2},{"utility":60,"ID":3},{"utility":0,"ID":6}],[],[],[]],"STARTING COALITION: ":[[null],[{"utility":0,"ID":4},{"utility":60,"ID":5}],[],[{"utility":29,"ID":1},{"utility":36.666666666666664,"ID":2},{"utility":40,"ID":3},{"utility":32.666666666666664,"ID":6}],[],[],[]],"CORE :":true,"LAST PARTITION":{"1":2,"2":3,"3":3,"4":1,"5":2,"6":3}},{"STARTING PARTITION: ":{"1":2,"2":1,"3":3,"4":1,"5":3,"6":3},"Agents":[null,{"utility":94,"ID":1},{"utility":10,"ID":2},{"utility":88,"ID":3},{"utility":0,"ID":4},{"utility":77,"ID":5},{"utility":0,"ID":6}],"LAST COALITION":[[],[{"utility":0,"ID":4}],[{"utility":10,"ID":2},{"utility":88,"ID":3}],[{"utility":0,"ID":6}],[{"utility":94,"ID":1},{"utility":77,"ID":5}],[],[]],"STARTING COALITION: ":[[null],[{"utility":0,"ID":2},{"utility":29,"ID":4}],[{"utility":0,"ID":1}],[{"utility":49.5,"ID":3},{"utility":0,"ID":5},{"utility":42,"ID":6}],[],[],[]],"CORE :":true,"LAST PARTITION":{"1":4,"2":2,"3":2,"4":1,"5":4,"6":3}},{"END OF FILE:" : true}]