[{"STARTING PARTITION: ":{"11":1,"12":5,"13":9,"14":5,"15":7,"16":4,"17":3,"18":6,"19":1,"1":9,"2":6,"3":6,"4":6,"5":4,"6":5,"7":9,"8":3,"9":9,"20":6,"10":7},"Agents":[null,{"utility":84,"ID":1},{"utility":75,"ID":2},{"utility":0,"ID":3},{"utility":85,"ID":4},{"utility":71,"ID":5},{"utility":14,"ID":6},{"utility":4,"ID":7},{"utility":68,"ID":8},{"utility":83,"ID":9},{"utility":12,"ID":10},{"utility":87,"ID":11},{"utility":0,"ID":12},{"utility":87,"ID":13},{"utility":86,"ID":14},{"utility":86,"ID":15},{"utility":30,"ID":16},{"utility":70,"ID":17},{"utility":94,"ID":18},{"utility":67,"ID":19},{"utility":59,"ID":20}],"LAST COALITION":[[],[{"utility":94,"ID":18},{"utility":67,"ID":19}],[{"utility":68,"ID":8},{"utility":30,"ID":16}],[{"utility":75,"ID":2},{"utility":4,"ID":7}],[{"utility":85,"ID":4},{"utility":87,"ID":11}],[{"utility":0,"ID":12}],[],[{"utility":12,"ID":10},{"utility":86,"ID":15}],[{"utility":84,"ID":1},{"utility":86,"ID":14}],[{"utility":83,"ID":9},{"utility":70,"ID":17}],[{"utility":0,"ID":3}],[{"utility":71,"ID":5},{"utility":59,"ID":20}],[{"utility":14,"ID":6},{"utility":87,"ID":13}],[],[],[],[],[],[],[],[]],"STARTING COALITION: ":[[null],[{"utility":0,"ID":11},{"utility":16,"ID":19}],[],[{"utility":0,"ID":8},{"utility":0,"ID":17}],[{"utility":0,"ID":5},{"utility":13,"ID":16}],[{"utility":0,"ID":6},{"utility":27.5,"ID":12},{"utility":85.5,"ID":14}],[{"utility":0,"ID":2},{"utility":45.25,"ID":3},{"utility":23,"ID":4},{"utility":41.5,"ID":18},{"utility":0,"ID":20}],[{"utility":12,"ID":10},{"utility":86,"ID":15}],[],[{"utility":27.333333333333332,"ID":1},{"utility":29,"ID":7},{"utility":24.333333333333332,"ID":9},{"utility":51.333333333333336,"ID":13}],[],[],[],[],[],[],[],[],[],[],[]],"CORE :":true,"LAST PARTITION":{"11":4,"12":5,"13":12,"14":8,"15":7,"16":2,"17":9,"18":1,"19":1,"1":8,"2":3,"3":10,"4":4,"5":11,"6":12,"7":3,"8":2,"9":9,"20":11,"10":7}},{"STARTING PARTITION: ":{"11":6,"12":1,"13":10,"14":3,"15":8,"16":5,"17":3,"18":3,"19":10,"1":7,"2":5,"3":8,"4":1,"5":4,"6":8,"7":3,"8":1,"9":6,"20":5,"10":7},"Agents":[null,{"utility":84,"ID":1},{"utility":75,"ID":2},{"utility":0,"ID":3},{"utility":85,"ID":4},{"utility":71,"ID":5},{"utility":14,"ID":6},{"utility":4,"ID":7},{"utility":68,"ID":8},{"utility":83,"ID":9},{"utility":12,"ID":10},{"utility":87,"ID":11},{"utility":0,"ID":12},{"utility":87,"ID":13},{"utility":86,"ID":14},{"utility":86,"ID":15},{"utility":30,"ID":16},{"utility":70,"ID":17},{"utility":94,"ID":18},{"utility":67,"ID":19},{"utility":59,"ID":20}],"LAST COALITION":[[],[{"utility":0,"ID":12}],[{"utility":68,"ID":8},{"utility":30,"ID":16}],[{"utility":12,"ID":10},{"utility":86,"ID":15}],[{"utility":94,"ID":18},{"utility":67,"ID":19}],[{"utility":14,"ID":6},{"utility":87,"ID":13}],[{"utility":83,"ID":9},{"utility":70,"ID":17}],[{"utility":85,"ID":4},{"utility":87,"ID":11}],[],[{"utility":75,"ID":2},{"utility":4,"ID":7}],[{"utility":0,"ID":3}],[{"utility":84,"ID":1},{"utility":86,"ID":14}],[],[{"utility":71,"ID":5},{"utility":59,"ID":20}],[],[],[],[],[],[],[]],"STARTING COALITION: ":[[null],[{"utility":22,"ID":4},{"utility":0,"ID":8},{"utility":49,"ID":12}],[],[{"utility":52.666666666666664,"ID":7},{"utility":0,"ID":14},{"utility":21.333333333333332,"ID":17},{"utility":36.666666666666664,"ID":18}],[{"utility":0,"ID":5}],[{"utility":16.5,"ID":2},{"utility":0,"ID":16},{"utility":0,"ID":20}],[{"utility":56,"ID":9},{"utility":64,"ID":11}],[{"utility":10,"ID":1},{"utility":0,"ID":10}],[{"utility":2.5,"ID":3},{"utility":26.5,"ID":6},{"utility":0,"ID":15}],[],[{"utility":17,"ID":13},{"utility":0,"ID":19}],[],[],[],[],[],[],[],[],[],[]],"CORE :":true,"LAST PARTITION":{"11":7,"12":1,"13":5,"14":11,"15":3,"16":2,"17":6,"18":4,"19":4,"1":11,"2":9,"3":10,"4":7,"5":13,"6":5,"7":9,"8":2,"9":6,"20":13,"10":3}},{"STARTING PARTITION: ":{"11":1,"12":9,"13":7,"14":8,"15":5,"16":8,"17":7,"18":7,"19":4,"1":8,"2":3,"3":5,"4":1,"5":7,"6":10,"7":3,"8":1,"9":9,"20":7,"10":10},"Agents":[null,{"utility":84,"ID":1},{"utility":75,"ID":2},{"utility":0,"ID":3},{"utility":85,"ID":4},{"utility":71,"ID":5},{"utility":14,"ID":6},{"utility":4,"ID":7},{"utility":68,"ID":8},{"utility":83,"ID":9},{"utility":12,"ID":10},{"utility":87,"ID":11},{"utility":0,"ID":12},{"utility":87,"ID":13},{"utility":86,"ID":14},{"utility":86,"ID":15},{"utility":30,"ID":16},{"utility":70,"ID":17},{"utility":94,"ID":18},{"utility":67,"ID":19},{"utility":59,"ID":20}],"LAST COALITION":[[],[{"utility":71,"ID":5},{"utility":59,"ID":20}],[],[],[{"utility":68,"ID":8},{"utility":30,"ID":16}],[{"utility":94,"ID":18},{"utility":67,"ID":19}],[{"utility":83,"ID":9},{"utility":70,"ID":17}],[{"utility":12,"ID":10},{"utility":86,"ID":15}],[{"utility":84,"ID":1},{"utility":86,"ID":14}],[{"utility":0,"ID":12}],[{"utility":0,"ID":3}],[{"utility":85,"ID":4},{"utility":87,"ID":11}],[{"utility":75,"ID":2},{"utility":4,"ID":7}],[{"utility":14,"ID":6},{"utility":87,"ID":13}],[],[],[],[],[],[],[]],"STARTING COALITION: ":[[null],[{"utility":45.5,"ID":4},{"utility":0,"ID":8},{"utility":43.5,"ID":11}],[],[{"utility":75,"ID":2},{"utility":4,"ID":7}],[{"utility":0,"ID":19}],[{"utility":0,"ID":3},{"utility":0,"ID":15}],[],[{"utility":17.75,"ID":5},{"utility":24,"ID":13},{"utility":43.5,"ID":17},{"utility":38.25,"ID":18},{"utility":22.75,"ID":20}],[{"utility":91.5,"ID":1},{"utility":80.5,"ID":14},{"utility":0,"ID":16}],[{"utility":0,"ID":9},{"utility":33,"ID":12}],[{"utility":0,"ID":6},{"utility":0,"ID":10}],[],[],[],[],[],[],[],[],[],[]],"CORE :":true,"LAST PARTITION":{"11":11,"12":9,"13":13,"14":8,"15":7,"16":4,"17":6,"18":5,"19":5,"1":8,"2":12,"3":10,"4":11,"5":1,"6":13,"7":12,"8":4,"9":6,"20":1,"10":7}},{"STARTING PARTITION: ":{"11":10,"12":4,"13":5,"14":3,"15":1,"16":8,"17":2,"18":2,"19":1,"1":3,"2":1,"3":3,"4":8,"5":8,"6":1,"7":2,"8":1,"9":8,"20":3,"10":5},"Agents":[null,{"utility":84,"ID":1},{"utility":75,"ID":2},{"utility":0,"ID":3},{"utility":85,"ID":4},{"utility":71,"ID":5},{"utility":14,"ID":6},{"utility":4,"ID":7},{"utility":68,"ID":8},{"utility":83,"ID":9},{"utility":12,"ID":10},{"utility":87,"ID":11},{"utility":0,"ID":12},{"utility":87,"ID":13},{"utility":86,"ID":14},{"utility":86,"ID":15},{"utility":30,"ID":16},{"utility":70,"ID":17},{"utility":94,"ID":18},{"utility":67,"ID":19},{"utility":59,"ID":20}],"LAST COALITION":[[],[],[{"utility":12,"ID":10},{"utility":86,"ID":15}],[{"utility":83,"ID":9},{"utility":70,"ID":17}],[{"utility":0,"ID":12}],[{"utility":94,"ID":18},{"utility":67,"ID":19}],[{"utility":85,"ID":4},{"utility":87,"ID":11}],[{"utility":84,"ID":1},{"utility":86,"ID":14}],[{"utility":68,"ID":8},{"utility":30,"ID":16}],[],[{"utility":0,"ID":3}],[{"utility":71,"ID":5},{"utility":59,"ID":20}],[{"utility":14,"ID":6},{"utility":87,"ID":13}],[{"utility":75,"ID":2},{"utility":4,"ID":7}],[],[],[],[],[],[],[]],"STARTING COALITION: ":[[null],[{"utility":27.5,"ID":2},{"utility":24,"ID":6},{"utility":4.25,"ID":8},{"utility":21.75,"ID":15},{"utility":49.75,"ID":19}],[{"utility":48,"ID":7},{"utility":32,"ID":17},{"utility":55,"ID":18}],[{"utility":52.666666666666664,"ID":1},{"utility":8.333333333333334,"ID":3},{"utility":31.333333333333332,"ID":14},{"utility":3,"ID":20}],[{"utility":0,"ID":12}],[{"utility":80,"ID":10},{"utility":31,"ID":13}],[],[],[{"utility":25.333333333333332,"ID":4},{"utility":23.666666666666668,"ID":5},{"utility":10,"ID":9},{"utility":26.666666666666668,"ID":16}],[],[{"utility":0,"ID":11}],[],[],[],[],[],[],[],[],[],[]],"CORE :":true,"LAST PARTITION":{"11":6,"12":4,"13":12,"14":7,"15":2,"16":8,"17":3,"18":5,"19":5,"1":7,"2":13,"3":10,"4":6,"5":11,"6":12,"7":13,"8":8,"9":3,"20":11,"10":2}},{"STARTING PARTITION: ":{"11":3,"12":1,"13":8,"14":8,"15":3,"16":4,"17":2,"18":10,"19":4,"1":3,"2":8,"3":4,"4":1,"5":9,"6":1,"7":9,"8":4,"9":5,"20":10,"10":4},"Agents":[null,{"utility":84,"ID":1},{"utility":75,"ID":2},{"utility":0,"ID":3},{"utility":85,"ID":4},{"utility":71,"ID":5},{"utility":14,"ID":6},{"utility":4,"ID":7},{"utility":68,"ID":8},{"utility":83,"ID":9},{"utility":12,"ID":10},{"utility":87,"ID":11},{"utility":0,"ID":12},{"utility":87,"ID":13},{"utility":86,"ID":14},{"utility":86,"ID":15},{"utility":30,"ID":16},{"utility":70,"ID":17},{"utility":94,"ID":18},{"utility":67,"ID":19},{"utility":59,"ID":20}],"LAST COALITION":[[],[{"utility":0,"ID":12}],[{"utility":12,"ID":10},{"utility":86,"ID":15}],[],[{"utility":94,"ID":18},{"utility":67,"ID":19}],[{"utility":0,"ID":3}],[{"utility":85,"ID":4},{"utility":87,"ID":11}],[{"utility":71,"ID":5},{"utility":59,"ID":20}],[{"utility":83,"ID":9},{"utility":70,"ID":17}],[],[{"utility":75,"ID":2},{"utility":4,"ID":7}],[{"utility":84,"ID":1},{"utility":86,"ID":14}],[{"utility":14,"ID":6},{"utility":87,"ID":13}],[{"utility":68,"ID":8},{"utility":30,"ID":16}],[],[],[],[],[],[],[]],"STARTING COALITION: ":[[null],[{"utility":29.5,"ID":4},{"utility":37,"ID":6},{"utility":4,"ID":12}],[{"utility":0,"ID":17}],[{"utility":0,"ID":1},{"utility":0,"ID":11},{"utility":53,"ID":15}],[{"utility":38.5,"ID":3},{"utility":17,"ID":8},{"utility":32.75,"ID":10},{"utility":18,"ID":16},{"utility":26.5,"ID":19}],[{"utility":0,"ID":9}],[],[],[{"utility":12.5,"ID":2},{"utility":41,"ID":13},{"utility":28,"ID":14}],[{"utility":9,"ID":5},{"utility":4,"ID":7}],[{"utility":67,"ID":18},{"utility":0,"ID":20}],[],[],[],[],[],[],[],[],[],[]],"CORE :":true,"LAST PARTITION":{"11":6,"12":1,"13":12,"14":11,"15":2,"16":13,"17":8,"18":4,"19":4,"1":11,"2":10,"3":5,"4":6,"5":7,"6":12,"7":10,"8":13,"9":8,"20":7,"10":2}},{"STARTING PARTITION: ":{"11":5,"12":5,"13":9,"14":9,"15":1,"16":10,"17":3,"18":7,"19":9,"1":5,"2":1,"3":3,"4":2,"5":8,"6":3,"7":10,"8":6,"9":1,"20":6,"10":1},"Agents":[null,{"utility":84,"ID":1},{"utility":75,"ID":2},{"utility":0,"ID":3},{"utility":85,"ID":4},{"utility":71,"ID":5},{"utility":14,"ID":6},{"utility":4,"ID":7},{"utility":68,"ID":8},{"utility":83,"ID":9},{"utility":12,"ID":10},{"utility":87,"ID":11},{"utility":0,"ID":12},{"utility":87,"ID":13},{"utility":86,"ID":14},{"utility":86,"ID":15},{"utility":30,"ID":16},{"utility":70,"ID":17},{"utility":94,"ID":18},{"utility":67,"ID":19},{"utility":59,"ID":20}],"LAST COALITION":[[],[],[{"utility":84,"ID":1},{"utility":86,"ID":14}],[{"utility":12,"ID":10},{"utility":86,"ID":15}],[{"utility":94,"ID":18},{"utility":67,"ID":19}],[{"utility":0,"ID":12}],[{"utility":14,"ID":6},{"utility":87,"ID":13}],[{"utility":0,"ID":3}],[],[{"utility":68,"ID":8},{"utility":30,"ID":16}],[{"utility":75,"ID":2},{"utility":4,"ID":7}],[{"utility":83,"ID":9},{"utility":70,"ID":17}],[{"utility":71,"ID":5},{"utility":59,"ID":20}],[{"utility":85,"ID":4},{"utility":87,"ID":11}],[],[],[],[],[],[],[]],"STARTING COALITION: ":[[null],[{"utility":48.333333333333336,"ID":2},{"utility":13.333333333333334,"ID":9},{"utility":4,"ID":10},{"utility":46.333333333333336,"ID":15}],[{"utility":0,"ID":4}],[{"utility":2.5,"ID":3},{"utility":0,"ID":6},{"utility":16.5,"ID":17}],[],[{"utility":0,"ID":1},{"utility":0,"ID":11},{"utility":0,"ID":12}],[{"utility":0,"ID":8},{"utility":0,"ID":20}],[{"utility":0,"ID":18}],[{"utility":0,"ID":5}],[{"utility":22,"ID":13},{"utility":2,"ID":14},{"utility":3.5,"ID":19}],[{"utility":13,"ID":7},{"utility":0,"ID":16}],[],[],[],[],[],[],[],[],[],[]],"CORE :":true,"LAST PARTITION":{"11":13,"12":5,"13":6,"14":2,"15":3,"16":9,"17":11,"18":4,"19":4,"1":2,"2":10,"3":7,"4":13,"5":12,"6":6,"7":10,"8":9,"9":11,"20":12,"10":3}},{"STARTING PARTITION: ":{"11":2,"12":4,"13":10,"14":6,"15":10,"16":7,"17":3,"18":10,"19":6,"1":5,"2":10,"3":4,"4":9,"5":6,"6":7,"7":6,"8":8,"9":3,"20":7,"10":1},"Agents":[null,{"utility":84,"ID":1},{"utility":75,"ID":2},{"utility":0,"ID":3},{"utility":85,"ID":4},{"utility":71,"ID":5},{"utility":14,"ID":6},{"utility":4,"ID":7},{"utility":68,"ID":8},{"utility":83,"ID":9},{"utility":12,"ID":10},{"utility":87,"ID":11},{"utility":0,"ID":12},{"utility":87,"ID":13},{"utility":86,"ID":14},{"utility":86,"ID":15},{"utility":30,"ID":16},{"utility":70,"ID":17},{"utility":94,"ID":18},{"utility":67,"ID":19},{"utility":59,"ID":20}],"LAST COALITION":[[],[{"utility":85,"ID":4},{"utility":87,"ID":11}],[],[{"utility":83,"ID":9},{"utility":70,"ID":17}],[{"utility":0,"ID":12}],[{"utility":84,"ID":1},{"utility":86,"ID":14}],[{"utility":12,"ID":10},{"utility":86,"ID":15}],[{"utility":94,"ID":18},{"utility":67,"ID":19}],[{"utility":71,"ID":5},{"utility":59,"ID":20}],[{"utility":0,"ID":3}],[{"utility":68,"ID":8},{"utility":30,"ID":16}],[{"utility":75,"ID":2},{"utility":4,"ID":7}],[],[],[{"utility":14,"ID":6},{"utility":87,"ID":13}],[],[],[],[],[],[]],"STARTING COALITION: ":[[null],[{"utility":0,"ID":10}],[{"utility":0,"ID":11}],[{"utility":83,"ID":9},{"utility":70,"ID":17}],[{"utility":38,"ID":3},{"utility":0,"ID":12}],[{"utility":0,"ID":1}],[{"utility":10,"ID":5},{"utility":22,"ID":7},{"utility":28.333333333333332,"ID":14},{"utility":4.666666666666667,"ID":19}],[{"utility":0,"ID":6},{"utility":0,"ID":16},{"utility":0,"ID":20}],[{"utility":0,"ID":8}],[{"utility":0,"ID":4}],[{"utility":29,"ID":2},{"utility":46.333333333333336,"ID":13},{"utility":14.666666666666666,"ID":15},{"utility":23.666666666666668,"ID":18}],[],[],[],[],[],[],[],[],[],[]],"CORE :":true,"LAST PARTITION":{"11":1,"12":4,"13":14,"14":5,"15":6,"16":10,"17":3,"18":7,"19":7,"1":5,"2":11,"3":9,"4":1,"5":8,"6":14,"7":11,"8":10,"9":3,"20":8,"10":6}},{"STARTING PARTITION: ":{"11":6,"12":4,"13":3,"14":1,"15":3,"16":10,"17":10,"18":6,"19":9,"1":9,"2":5,"3":5,"4":3,"5":3,"6":4,"7":6,"8":8,"9":1,"20":7,"10":8},"Agents":[null,{"utility":84,"ID":1},{"utility":75,"ID":2},{"utility":0,"ID":3},{"utility":85,"ID":4},{"utility":71,"ID":5},{"utility":14,"ID":6},{"utility":4,"ID":7},{"utility":68,"ID":8},{"utility":83,"ID":9},{"utility":12,"ID":10},{"utility":87,"ID":11},{"utility":0,"ID":12},{"utility":87,"ID":13},{"utility":86,"ID":14},{"utility":86,"ID":15},{"utility":30,"ID":16},{"utility":70,"ID":17},{"utility":94,"ID":18},{"utility":67,"ID":19},{"utility":59,"ID":20}],"LAST COALITION":[[],[{"utility":83,"ID":9},{"utility":70,"ID":17}],[{"utility":68,"ID":8},{"utility":30,"ID":16}],[{"utility":0,"ID":3}],[{"utility":0,"ID":12}],[{"utility":71,"ID":5},{"utility":59,"ID":20}],[],[{"utility":14,"ID":6},{"utility":87,"ID":13}],[{"utility":94,"ID":18},{"utility":67,"ID":19}],[{"utility":12,"ID":10},{"utility":86,"ID":15}],[{"utility":75,"ID":2},{"utility":4,"ID":7}],[{"utility":85,"ID":4},{"utility":87,"ID":11}],[{"utility":84,"ID":1},{"utility":86,"ID":14}],[],[],[],[],[],[],[],[]],"STARTING COALITION: ":[[null],[{"utility":0,"ID":9},{"utility":0,"ID":14}],[],[{"utility":16,"ID":4},{"utility":33.333333333333336,"ID":5},{"utility":48,"ID":13},{"utility":22,"ID":15}],[{"utility":0,"ID":6},{"utility":8,"ID":12}],[{"utility":0,"ID":2},{"utility":0,"ID":3}],[{"utility":48,"ID":7},{"utility":15.5,"ID":11},{"utility":41,"ID":18}],[{"utility":0,"ID":20}],[{"utility":0,"ID":8},{"utility":89,"ID":10}],[{"utility":0,"ID":1},{"utility":53,"ID":19}],[{"utility":0,"ID":16},{"utility":6,"ID":17}],[],[],[],[],[],[],[],[],[],[]],"CORE :":true,"LAST PARTITION":{"11":11,"12":4,"13":7,"14":12,"15":9,"16":2,"17":1,"18":8,"19":8,"1":12,"2":10,"3":3,"4":11,"5":5,"6":7,"7":10,"8":2,"9":1,"20":5,"10":9}},{"STARTING PARTITION: ":{"11":6,"12":2,"13":3,"14":5,"15":3,"16":7,"17":7,"18":9,"19":4,"1":5,"2":6,"3":9,"4":9,"5":6,"6":3,"7":7,"8":9,"9":7,"20":4,"10":1},"Agents":[null,{"utility":84,"ID":1},{"utility":75,"ID":2},{"utility":0,"ID":3},{"utility":85,"ID":4},{"utility":71,"ID":5},{"utility":14,"ID":6},{"utility":4,"ID":7},{"utility":68,"ID":8},{"utility":83,"ID":9},{"utility":12,"ID":10},{"utility":87,"ID":11},{"utility":0,"ID":12},{"utility":87,"ID":13},{"utility":86,"ID":14},{"utility":86,"ID":15},{"utility":30,"ID":16},{"utility":70,"ID":17},{"utility":94,"ID":18},{"utility":67,"ID":19},{"utility":59,"ID":20}],"LAST COALITION":[[],[{"utility":85,"ID":4},{"utility":87,"ID":11}],[{"utility":0,"ID":12}],[{"utility":14,"ID":6},{"utility":87,"ID":13}],[],[{"utility":84,"ID":1},{"utility":86,"ID":14}],[{"utility":71,"ID":5},{"utility":59,"ID":20}],[{"utility":83,"ID":9},{"utility":70,"ID":17}],[],[{"utility":12,"ID":10},{"utility":86,"ID":15}],[{"utility":0,"ID":3}],[{"utility":68,"ID":8},{"utility":30,"ID":16}],[{"utility":94,"ID":18},{"utility":67,"ID":19}],[{"utility":75,"ID":2},{"utility":4,"ID":7}],[],[],[],[],[],[],[]],"STARTING COALITION: ":[[null],[{"utility":0,"ID":10}],[{"utility":0,"ID":12}],[{"utility":33.5,"ID":6},{"utility":85.5,"ID":13},{"utility":0,"ID":15}],[{"utility":0,"ID":19},{"utility":53,"ID":20}],[{"utility":84,"ID":1},{"utility":86,"ID":14}],[{"utility":27,"ID":2},{"utility":0,"ID":5},{"utility":9,"ID":11}],[{"utility":16.666666666666668,"ID":7},{"utility":53.666666666666664,"ID":9},{"utility":17.333333333333332,"ID":16},{"utility":25.333333333333332,"ID":17}],[],[{"utility":52,"ID":3},{"utility":25,"ID":4},{"utility":18.333333333333332,"ID":8},{"utility":28.666666666666668,"ID":18}],[],[],[],[],[],[],[],[],[],[],[]],"CORE :":true,"LAST PARTITION":{"11":1,"12":2,"13":3,"14":5,"15":9,"16":11,"17":7,"18":12,"19":12,"1":5,"2":13,"3":10,"4":1,"5":6,"6":3,"7":13,"8":11,"9":7,"20":6,"10":9}},{"STARTING PARTITION: ":{"11":7,"12":10,"13":2,"14":3,"15":5,"16":10,"17":3,"18":3,"19":8,"1":2,"2":3,"3":1,"4":1,"5":7,"6":9,"7":4,"8":2,"9":5,"20":3,"10":6},"Agents":[null,{"utility":84,"ID":1},{"utility":75,"ID":2},{"utility":0,"ID":3},{"utility":85,"ID":4},{"utility":71,"ID":5},{"utility":14,"ID":6},{"utility":4,"ID":7},{"utility":68,"ID":8},{"utility":83,"ID":9},{"utility":12,"ID":10},{"utility":87,"ID":11},{"utility":0,"ID":12},{"utility":87,"ID":13},{"utility":86,"ID":14},{"utility":86,"ID":15},{"utility":30,"ID":16},{"utility":70,"ID":17},{"utility":94,"ID":18},{"utility":67,"ID":19},{"utility":59,"ID":20}],"LAST COALITION":[[],[{"utility":12,"ID":10},{"utility":86,"ID":15}],[{"utility":83,"ID":9},{"utility":70,"ID":17}],[{"utility":94,"ID":18},{"utility":67,"ID":19}],[],[],[{"utility":85,"ID":4},{"utility":87,"ID":11}],[{"utility":0,"ID":3}],[{"utility":68,"ID":8},{"utility":30,"ID":16}],[{"utility":75,"ID":2},{"utility":4,"ID":7}],[{"utility":0,"ID":12}],[],[{"utility":84,"ID":1},{"utility":86,"ID":14}],[{"utility":71,"ID":5},{"utility":59,"ID":20}],[],[{"utility":14,"ID":6},{"utility":87,"ID":13}],[],[],[],[],[]],"STARTING COALITION: ":[[null],[{"utility":74,"ID":3},{"utility":0,"ID":4}],[{"utility":30,"ID":1},{"utility":32,"ID":8},{"utility":39.5,"ID":13}],[{"utility":27,"ID":2},{"utility":15,"ID":14},{"utility":16,"ID":17},{"utility":27,"ID":18},{"utility":9,"ID":20}],[{"utility":0,"ID":7}],[{"utility":0,"ID":9},{"utility":9,"ID":15}],[{"utility":0,"ID":10}],[{"utility":0,"ID":5},{"utility":18,"ID":11}],[{"utility":0,"ID":19}],[{"utility":0,"ID":6}],[{"utility":0,"ID":12},{"utility":0,"ID":16}],[],[],[],[],[],[],[],[],[],[]],"CORE :":true,"LAST PARTITION":{"11":6,"12":10,"13":15,"14":12,"15":1,"16":8,"17":2,"18":3,"19":3,"1":12,"2":9,"3":7,"4":6,"5":13,"6":15,"7":9,"8":8,"9":2,"20":13,"10":1}},{"END OF FILE:" : true}]