[{"STARTING PARTITION: ":{"11":5,"12":1,"13":5,"14":1,"15":3,"1":6,"2":5,"3":4,"4":3,"5":5,"6":3,"7":3,"8":3,"9":6,"10":2},"Agents":[null,{"utility":78,"ID":1},{"utility":0,"ID":2},{"utility":2,"ID":3},{"utility":59.5,"ID":4},{"utility":46.5,"ID":5},{"utility":19.25,"ID":6},{"utility":54.5,"ID":7},{"utility":39.5,"ID":8},{"utility":0,"ID":9},{"utility":0,"ID":10},{"utility":63,"ID":11},{"utility":20,"ID":12},{"utility":79,"ID":13},{"utility":40,"ID":14},{"utility":44.5,"ID":15}],"LAST COALITION":[[],[{"utility":20,"ID":12},{"utility":40,"ID":14}],[{"utility":0,"ID":10}],[{"utility":59.5,"ID":4},{"utility":19.25,"ID":6},{"utility":54.5,"ID":7},{"utility":39.5,"ID":8},{"utility":44.5,"ID":15}],[],[{"utility":46.5,"ID":5},{"utility":63,"ID":11},{"utility":79,"ID":13}],[{"utility":0,"ID":9}],[{"utility":78,"ID":1},{"utility":2,"ID":3}],[{"utility":0,"ID":2}],[],[],[],[],[],[],[]],"STARTING COALITION: ":[[null],[{"utility":20,"ID":12},{"utility":40,"ID":14}],[{"utility":0,"ID":10}],[{"utility":59.5,"ID":4},{"utility":19.25,"ID":6},{"utility":54.5,"ID":7},{"utility":39.5,"ID":8},{"utility":44.5,"ID":15}],[{"utility":0,"ID":3}],[{"utility":23.333333333333332,"ID":2},{"utility":31,"ID":5},{"utility":45,"ID":11},{"utility":52.666666666666664,"ID":13}],[{"utility":30,"ID":1},{"utility":0,"ID":9}],[],[],[],[],[],[],[],[],[]],"CORE :":false,"LAST PARTITION":{"11":5,"12":1,"13":5,"14":1,"15":3,"1":7,"2":8,"3":7,"4":3,"5":5,"6":3,"7":3,"8":3,"9":6,"10":2}},{"STARTING PARTITION: ":{"11":2,"12":4,"13":1,"14":7,"15":3,"1":5,"2":2,"3":6,"4":4,"5":7,"6":6,"7":5,"8":3,"9":5,"10":4},"Agents":[null,{"utility":78,"ID":1},{"utility":0,"ID":2},{"utility":2,"ID":3},{"utility":50,"ID":4},{"utility":0,"ID":5},{"utility":0,"ID":6},{"utility":62,"ID":7},{"utility":38,"ID":8},{"utility":0,"ID":9},{"utility":0,"ID":10},{"utility":0,"ID":11},{"utility":0,"ID":12},{"utility":0,"ID":13},{"utility":0,"ID":14},{"utility":7,"ID":15}],"LAST COALITION":[[],[{"utility":0,"ID":13}],[{"utility":0,"ID":11}],[{"utility":38,"ID":8},{"utility":7,"ID":15}],[{"utility":50,"ID":4},{"utility":0,"ID":12}],[{"utility":62,"ID":7},{"utility":0,"ID":9}],[{"utility":0,"ID":5}],[{"utility":0,"ID":14}],[{"utility":0,"ID":2}],[{"utility":0,"ID":10}],[{"utility":0,"ID":6}],[],[{"utility":78,"ID":1},{"utility":2,"ID":3}],[],[],[]],"STARTING COALITION: ":[[null],[{"utility":0,"ID":13}],[{"utility":51,"ID":2},{"utility":9,"ID":11}],[{"utility":38,"ID":8},{"utility":7,"ID":15}],[{"utility":51,"ID":4},{"utility":24.5,"ID":10},{"utility":1,"ID":12}],[{"utility":54,"ID":1},{"utility":38,"ID":7},{"utility":0,"ID":9}],[{"utility":43,"ID":3},{"utility":0,"ID":6}],[{"utility":31,"ID":5},{"utility":0,"ID":14}],[],[],[],[],[],[],[],[]],"CORE :":false,"LAST PARTITION":{"11":2,"12":4,"13":1,"14":7,"15":3,"1":12,"2":8,"3":12,"4":4,"5":6,"6":10,"7":5,"8":3,"9":5,"10":9}},{"STARTING PARTITION: ":{"11":4,"12":1,"13":4,"14":7,"15":1,"1":6,"2":1,"3":2,"4":4,"5":3,"6":5,"7":7,"8":1,"9":4,"10":6},"Agents":[null,{"utility":78,"ID":1},{"utility":0,"ID":2},{"utility":2,"ID":3},{"utility":7,"ID":4},{"utility":0,"ID":5},{"utility":0,"ID":6},{"utility":76,"ID":7},{"utility":19,"ID":8},{"utility":18,"ID":9},{"utility":0,"ID":10},{"utility":46,"ID":11},{"utility":0,"ID":12},{"utility":47.666666666666664,"ID":13},{"utility":3,"ID":14},{"utility":19,"ID":15}],"LAST COALITION":[[],[{"utility":19,"ID":8},{"utility":0,"ID":12},{"utility":19,"ID":15}],[],[{"utility":0,"ID":5}],[{"utility":7,"ID":4},{"utility":18,"ID":9},{"utility":46,"ID":11},{"utility":47.666666666666664,"ID":13}],[{"utility":0,"ID":6}],[{"utility":0,"ID":10}],[{"utility":76,"ID":7},{"utility":3,"ID":14}],[{"utility":78,"ID":1},{"utility":2,"ID":3}],[{"utility":0,"ID":2}],[],[],[],[],[],[]],"STARTING COALITION: ":[[null],[{"utility":3,"ID":2},{"utility":29.333333333333332,"ID":8},{"utility":0,"ID":12},{"utility":20,"ID":15}],[{"utility":0,"ID":3}],[{"utility":0,"ID":5}],[{"utility":7,"ID":4},{"utility":18,"ID":9},{"utility":46,"ID":11},{"utility":47.666666666666664,"ID":13}],[{"utility":0,"ID":6}],[{"utility":68,"ID":1},{"utility":3,"ID":10}],[{"utility":76,"ID":7},{"utility":3,"ID":14}],[],[],[],[],[],[],[],[]],"CORE :":false,"LAST PARTITION":{"11":4,"12":1,"13":4,"14":7,"15":1,"1":8,"2":9,"3":8,"4":4,"5":3,"6":5,"7":7,"8":1,"9":4,"10":6}},{"STARTING PARTITION: ":{"11":6,"12":5,"13":5,"14":4,"15":5,"1":4,"2":2,"3":2,"4":3,"5":2,"6":7,"7":2,"8":2,"9":4,"10":6},"Agents":[null,{"utility":68,"ID":1},{"utility":67,"ID":2},{"utility":88,"ID":3},{"utility":90,"ID":4},{"utility":48,"ID":5},{"utility":79,"ID":6},{"utility":76,"ID":7},{"utility":0,"ID":8},{"utility":54,"ID":9},{"utility":0,"ID":10},{"utility":94,"ID":11},{"utility":92,"ID":12},{"utility":95,"ID":13},{"utility":17,"ID":14},{"utility":53,"ID":15}],"LAST COALITION":[[],[],[{"utility":76,"ID":7},{"utility":0,"ID":8}],[{"utility":88,"ID":3},{"utility":94,"ID":11}],[{"utility":54,"ID":9},{"utility":17,"ID":14}],[{"utility":92,"ID":12},{"utility":95,"ID":13}],[{"utility":90,"ID":4},{"utility":53,"ID":15}],[{"utility":68,"ID":1},{"utility":48,"ID":5}],[{"utility":0,"ID":10}],[{"utility":67,"ID":2},{"utility":79,"ID":6}],[],[],[],[],[],[]],"STARTING COALITION: ":[[null],[],[{"utility":29.75,"ID":2},{"utility":27.25,"ID":3},{"utility":31,"ID":5},{"utility":83.25,"ID":7},{"utility":52.5,"ID":8}],[{"utility":0,"ID":4}],[{"utility":18,"ID":1},{"utility":27,"ID":9},{"utility":15,"ID":14}],[{"utility":46,"ID":12},{"utility":47.5,"ID":13},{"utility":30.5,"ID":15}],[{"utility":0,"ID":10},{"utility":47,"ID":11}],[{"utility":0,"ID":6}],[],[],[],[],[],[],[],[]],"CORE :":false,"LAST PARTITION":{"11":3,"12":5,"13":5,"14":4,"15":6,"1":7,"2":9,"3":3,"4":6,"5":7,"6":9,"7":2,"8":2,"9":4,"10":8}},{"STARTING PARTITION: ":{"11":6,"12":5,"13":4,"14":5,"15":6,"1":3,"2":1,"3":6,"4":5,"5":7,"6":7,"7":7,"8":3,"9":2,"10":1},"Agents":[null,{"utility":0,"ID":1},{"utility":79,"ID":2},{"utility":88,"ID":3},{"utility":90,"ID":4},{"utility":77,"ID":5},{"utility":58,"ID":6},{"utility":57,"ID":7},{"utility":77,"ID":8},{"utility":0,"ID":9},{"utility":81,"ID":10},{"utility":94,"ID":11},{"utility":20,"ID":12},{"utility":0,"ID":13},{"utility":40,"ID":14},{"utility":53,"ID":15}],"LAST COALITION":[[],[{"utility":58,"ID":6},{"utility":57,"ID":7}],[{"utility":88,"ID":3},{"utility":94,"ID":11}],[{"utility":0,"ID":1}],[{"utility":0,"ID":13}],[{"utility":20,"ID":12},{"utility":40,"ID":14}],[],[{"utility":77,"ID":5},{"utility":77,"ID":8}],[{"utility":79,"ID":2},{"utility":81,"ID":10}],[{"utility":0,"ID":9}],[],[{"utility":90,"ID":4},{"utility":53,"ID":15}],[],[],[],[]],"STARTING COALITION: ":[[null],[{"utility":79,"ID":2},{"utility":81,"ID":10}],[{"utility":0,"ID":9}],[{"utility":31,"ID":1},{"utility":0,"ID":8}],[{"utility":0,"ID":13}],[{"utility":25,"ID":4},{"utility":10,"ID":12},{"utility":20,"ID":14}],[{"utility":66,"ID":3},{"utility":73.5,"ID":11},{"utility":34,"ID":15}],[{"utility":36,"ID":5},{"utility":36.5,"ID":6},{"utility":62.5,"ID":7}],[],[],[],[],[],[],[],[]],"CORE :":false,"LAST PARTITION":{"11":2,"12":5,"13":4,"14":5,"15":11,"1":3,"2":8,"3":2,"4":11,"5":7,"6":1,"7":1,"8":7,"9":9,"10":8}},{"STARTING PARTITION: ":{"11":3,"12":4,"13":1,"14":4,"15":6,"1":7,"2":2,"3":2,"4":3,"5":2,"6":5,"7":1,"8":6,"9":3,"10":2},"Agents":[null,{"utility":78,"ID":1},{"utility":79,"ID":2},{"utility":88,"ID":3},{"utility":90,"ID":4},{"utility":77,"ID":5},{"utility":0,"ID":6},{"utility":14,"ID":7},{"utility":77,"ID":8},{"utility":0,"ID":9},{"utility":81,"ID":10},{"utility":94,"ID":11},{"utility":20,"ID":12},{"utility":0,"ID":13},{"utility":40,"ID":14},{"utility":53,"ID":15}],"LAST COALITION":[[],[{"utility":0,"ID":13}],[{"utility":88,"ID":3},{"utility":94,"ID":11}],[{"utility":0,"ID":9}],[{"utility":20,"ID":12},{"utility":40,"ID":14}],[{"utility":90,"ID":4},{"utility":53,"ID":15}],[{"utility":0,"ID":6}],[{"utility":77,"ID":5},{"utility":77,"ID":8}],[{"utility":78,"ID":1},{"utility":14,"ID":7}],[],[{"utility":79,"ID":2},{"utility":81,"ID":10}],[],[],[],[],[]],"STARTING COALITION: ":[[null],[{"utility":0,"ID":7},{"utility":20,"ID":13}],[{"utility":51.333333333333336,"ID":2},{"utility":26.333333333333332,"ID":3},{"utility":41.666666666666664,"ID":5},{"utility":57.666666666666664,"ID":10}],[{"utility":10.5,"ID":4},{"utility":9,"ID":9},{"utility":25.5,"ID":11}],[{"utility":20,"ID":12},{"utility":40,"ID":14}],[{"utility":0,"ID":6}],[{"utility":38,"ID":8},{"utility":7,"ID":15}],[{"utility":0,"ID":1}],[],[],[],[],[],[],[],[]],"CORE :":false,"LAST PARTITION":{"11":2,"12":4,"13":1,"14":4,"15":5,"1":8,"2":10,"3":2,"4":5,"5":7,"6":6,"7":8,"8":7,"9":3,"10":10}},{"STARTING PARTITION: ":{"11":7,"12":2,"13":2,"14":6,"15":4,"1":3,"2":1,"3":6,"4":2,"5":4,"6":6,"7":5,"8":7,"9":2,"10":7},"Agents":[null,{"utility":0,"ID":1},{"utility":79,"ID":2},{"utility":88,"ID":3},{"utility":80,"ID":4},{"utility":67,"ID":5},{"utility":0,"ID":6},{"utility":70,"ID":7},{"utility":0,"ID":8},{"utility":35.5,"ID":9},{"utility":81,"ID":10},{"utility":94,"ID":11},{"utility":46,"ID":12},{"utility":68,"ID":13},{"utility":0,"ID":14},{"utility":0,"ID":15}],"LAST COALITION":[[],[{"utility":0,"ID":1}],[{"utility":35.5,"ID":9},{"utility":46,"ID":12},{"utility":68,"ID":13}],[{"utility":79,"ID":2},{"utility":81,"ID":10}],[{"utility":67,"ID":5},{"utility":0,"ID":15}],[{"utility":0,"ID":6}],[{"utility":0,"ID":14}],[{"utility":0,"ID":8}],[{"utility":88,"ID":3},{"utility":94,"ID":11}],[{"utility":80,"ID":4},{"utility":70,"ID":7}],[],[],[],[],[],[]],"STARTING COALITION: ":[[null],[{"utility":0,"ID":2}],[{"utility":23.666666666666668,"ID":4},{"utility":23.666666666666668,"ID":9},{"utility":30.666666666666668,"ID":12},{"utility":54.333333333333336,"ID":13}],[{"utility":0,"ID":1}],[{"utility":67,"ID":5},{"utility":0,"ID":15}],[{"utility":0,"ID":7}],[{"utility":49.5,"ID":3},{"utility":0,"ID":6},{"utility":44.5,"ID":14}],[{"utility":66,"ID":8},{"utility":17.5,"ID":10},{"utility":63.5,"ID":11}],[],[],[],[],[],[],[],[]],"CORE :":false,"LAST PARTITION":{"11":8,"12":2,"13":2,"14":6,"15":4,"1":1,"2":3,"3":8,"4":9,"5":4,"6":5,"7":9,"8":7,"9":2,"10":3}},{"STARTING PARTITION: ":{"11":5,"12":2,"13":7,"14":5,"15":5,"1":7,"2":5,"3":1,"4":3,"5":6,"6":5,"7":3,"8":7,"9":4,"10":2},"Agents":[null,{"utility":78,"ID":1},{"utility":0,"ID":2},{"utility":2,"ID":3},{"utility":80,"ID":4},{"utility":0,"ID":5},{"utility":8,"ID":6},{"utility":70,"ID":7},{"utility":11,"ID":8},{"utility":0,"ID":9},{"utility":16,"ID":10},{"utility":44.666666666666664,"ID":11},{"utility":2,"ID":12},{"utility":0,"ID":13},{"utility":35.333333333333336,"ID":14},{"utility":35.666666666666664,"ID":15}],"LAST COALITION":[[],[],[{"utility":16,"ID":10},{"utility":2,"ID":12}],[{"utility":80,"ID":4},{"utility":70,"ID":7}],[{"utility":0,"ID":9}],[{"utility":8,"ID":6},{"utility":44.666666666666664,"ID":11},{"utility":35.333333333333336,"ID":14},{"utility":35.666666666666664,"ID":15}],[{"utility":0,"ID":5}],[{"utility":11,"ID":8},{"utility":0,"ID":13}],[{"utility":0,"ID":2}],[{"utility":78,"ID":1},{"utility":2,"ID":3}],[],[],[],[],[],[]],"STARTING COALITION: ":[[null],[{"utility":0,"ID":3}],[{"utility":16,"ID":10},{"utility":2,"ID":12}],[{"utility":80,"ID":4},{"utility":70,"ID":7}],[{"utility":0,"ID":9}],[{"utility":37.75,"ID":2},{"utility":25.75,"ID":6},{"utility":35.75,"ID":11},{"utility":26.5,"ID":14},{"utility":32.25,"ID":15}],[{"utility":0,"ID":5}],[{"utility":17,"ID":1},{"utility":5.5,"ID":8},{"utility":4.5,"ID":13}],[],[],[],[],[],[],[],[]],"CORE :":false,"LAST PARTITION":{"11":5,"12":2,"13":7,"14":5,"15":5,"1":9,"2":8,"3":9,"4":3,"5":6,"6":5,"7":3,"8":7,"9":4,"10":2}},{"STARTING PARTITION: ":{"11":1,"12":1,"13":7,"14":3,"15":2,"1":2,"2":4,"3":6,"4":6,"5":4,"6":1,"7":2,"8":6,"9":2,"10":1},"Agents":[null,{"utility":68,"ID":1},{"utility":67,"ID":2},{"utility":88,"ID":3},{"utility":80,"ID":4},{"utility":48,"ID":5},{"utility":79,"ID":6},{"utility":70,"ID":7},{"utility":0,"ID":8},{"utility":0,"ID":9},{"utility":0,"ID":10},{"utility":94,"ID":11},{"utility":0,"ID":12},{"utility":0,"ID":13},{"utility":0,"ID":14},{"utility":82,"ID":15}],"LAST COALITION":[[],[{"utility":0,"ID":12}],[{"utility":0,"ID":9},{"utility":82,"ID":15}],[{"utility":0,"ID":14}],[],[{"utility":68,"ID":1},{"utility":48,"ID":5}],[{"utility":0,"ID":8}],[{"utility":0,"ID":13}],[{"utility":0,"ID":10}],[{"utility":67,"ID":2},{"utility":79,"ID":6}],[{"utility":88,"ID":3},{"utility":94,"ID":11}],[{"utility":80,"ID":4},{"utility":70,"ID":7}],[],[],[],[]],"STARTING COALITION: ":[[null],[{"utility":8.333333333333334,"ID":6},{"utility":11.333333333333334,"ID":10},{"utility":21,"ID":11},{"utility":0.6666666666666666,"ID":12}],[{"utility":36,"ID":1},{"utility":30.333333333333332,"ID":7},{"utility":0,"ID":9},{"utility":69,"ID":15}],[{"utility":0,"ID":14}],[{"utility":19,"ID":2},{"utility":0,"ID":5}],[],[{"utility":58,"ID":3},{"utility":5,"ID":4},{"utility":52.5,"ID":8}],[{"utility":0,"ID":13}],[],[],[],[],[],[],[],[]],"CORE :":false,"LAST PARTITION":{"11":10,"12":1,"13":7,"14":3,"15":2,"1":5,"2":9,"3":10,"4":11,"5":5,"6":9,"7":11,"8":6,"9":2,"10":8}},{"STARTING PARTITION: ":{"11":7,"12":3,"13":2,"14":1,"15":5,"1":6,"2":3,"3":6,"4":3,"5":1,"6":1,"7":3,"8":7,"9":5,"10":2},"Agents":[null,{"utility":78,"ID":1},{"utility":0,"ID":2},{"utility":2,"ID":3},{"utility":65,"ID":4},{"utility":51.5,"ID":5},{"utility":7.5,"ID":6},{"utility":52,"ID":7},{"utility":60,"ID":8},{"utility":0,"ID":9},{"utility":61,"ID":10},{"utility":80,"ID":11},{"utility":36,"ID":12},{"utility":45,"ID":13},{"utility":39,"ID":14},{"utility":82,"ID":15}],"LAST COALITION":[[],[{"utility":51.5,"ID":5},{"utility":7.5,"ID":6},{"utility":39,"ID":14}],[{"utility":61,"ID":10},{"utility":45,"ID":13}],[{"utility":65,"ID":4},{"utility":52,"ID":7},{"utility":36,"ID":12}],[],[{"utility":0,"ID":9},{"utility":82,"ID":15}],[{"utility":78,"ID":1},{"utility":2,"ID":3}],[{"utility":60,"ID":8},{"utility":80,"ID":11}],[{"utility":0,"ID":2}],[],[],[],[],[],[],[]],"STARTING COALITION: ":[[null],[{"utility":51.5,"ID":5},{"utility":7.5,"ID":6},{"utility":39,"ID":14}],[{"utility":61,"ID":10},{"utility":45,"ID":13}],[{"utility":28.666666666666668,"ID":2},{"utility":43.666666666666664,"ID":4},{"utility":66.66666666666667,"ID":7},{"utility":24,"ID":12}],[],[{"utility":0,"ID":9},{"utility":82,"ID":15}],[{"utility":78,"ID":1},{"utility":2,"ID":3}],[{"utility":60,"ID":8},{"utility":80,"ID":11}],[],[],[],[],[],[],[],[]],"CORE :":false,"LAST PARTITION":{"11":7,"12":3,"13":2,"14":1,"15":5,"1":6,"2":8,"3":6,"4":3,"5":1,"6":1,"7":3,"8":7,"9":5,"10":2}},{"END OF FILE:" : true}]