[{"STARTING PARTITION: ":{"11":3,"12":1,"13":6,"14":1,"15":1,"1":6,"2":2,"3":2,"4":6,"5":3,"6":2,"7":7,"8":5,"9":5,"10":5},"Agents":[null,{"utility":0,"ID":1},{"utility":96,"ID":2},{"utility":95,"ID":3},{"utility":91,"ID":4},{"utility":49,"ID":5},{"utility":0,"ID":6},{"utility":0,"ID":7},{"utility":85,"ID":8},{"utility":0,"ID":9},{"utility":0,"ID":10},{"utility":0,"ID":11},{"utility":0,"ID":12},{"utility":32,"ID":13},{"utility":30.5,"ID":14},{"utility":12,"ID":15}],"LAST COALITION":[[],[{"utility":0,"ID":12},{"utility":30.5,"ID":14},{"utility":12,"ID":15}],[{"utility":96,"ID":2},{"utility":85,"ID":8}],[{"utility":0,"ID":11}],[],[{"utility":0,"ID":10}],[{"utility":91,"ID":4},{"utility":32,"ID":13}],[{"utility":0,"ID":7}],[{"utility":0,"ID":9}],[{"utility":0,"ID":6}],[{"utility":0,"ID":1}],[{"utility":95,"ID":3},{"utility":49,"ID":5}],[],[],[],[]],"STARTING COALITION: ":[[null],[{"utility":0,"ID":12},{"utility":30.5,"ID":14},{"utility":12,"ID":15}],[{"utility":65,"ID":2},{"utility":44.5,"ID":3},{"utility":36.5,"ID":6}],[{"utility":52,"ID":5},{"utility":79,"ID":11}],[],[{"utility":26,"ID":8},{"utility":29.5,"ID":9},{"utility":38,"ID":10}],[{"utility":13,"ID":1},{"utility":88,"ID":4},{"utility":62.5,"ID":13}],[{"utility":0,"ID":7}],[],[],[],[],[],[],[],[]],"CORE :":false,"LAST PARTITION":{"11":3,"12":1,"13":6,"14":1,"15":1,"1":10,"2":2,"3":11,"4":6,"5":11,"6":9,"7":7,"8":2,"9":8,"10":5}},{"STARTING PARTITION: ":{"11":6,"12":6,"13":6,"14":5,"15":3,"1":7,"2":7,"3":1,"4":2,"5":3,"6":2,"7":4,"8":7,"9":1,"10":2},"Agents":[null,{"utility":96,"ID":1},{"utility":96,"ID":2},{"utility":28,"ID":3},{"utility":0,"ID":4},{"utility":0,"ID":5},{"utility":0,"ID":6},{"utility":0,"ID":7},{"utility":85,"ID":8},{"utility":0,"ID":9},{"utility":0,"ID":10},{"utility":2,"ID":11},{"utility":15,"ID":12},{"utility":31,"ID":13},{"utility":0,"ID":14},{"utility":68,"ID":15}],"LAST COALITION":[[],[{"utility":0,"ID":9}],[{"utility":0,"ID":6},{"utility":0,"ID":10}],[{"utility":0,"ID":5},{"utility":68,"ID":15}],[{"utility":0,"ID":7}],[{"utility":0,"ID":14}],[{"utility":2,"ID":11},{"utility":15,"ID":12},{"utility":31,"ID":13}],[{"utility":96,"ID":2},{"utility":85,"ID":8}],[{"utility":96,"ID":1},{"utility":28,"ID":3}],[],[{"utility":0,"ID":4}],[],[],[],[],[]],"STARTING COALITION: ":[[null],[{"utility":0,"ID":3},{"utility":28,"ID":9}],[{"utility":2.5,"ID":4},{"utility":43.5,"ID":6},{"utility":46.5,"ID":10}],[{"utility":0,"ID":5},{"utility":68,"ID":15}],[{"utility":0,"ID":7}],[{"utility":0,"ID":14}],[{"utility":2,"ID":11},{"utility":15,"ID":12},{"utility":31,"ID":13}],[{"utility":30,"ID":1},{"utility":94.5,"ID":2},{"utility":45,"ID":8}],[],[],[],[],[],[],[],[]],"CORE :":false,"LAST PARTITION":{"11":6,"12":6,"13":6,"14":5,"15":3,"1":8,"2":7,"3":8,"4":10,"5":3,"6":2,"7":4,"8":7,"9":1,"10":2}},{"STARTING PARTITION: ":{"11":6,"12":5,"13":1,"14":7,"15":7,"1":4,"2":7,"3":1,"4":7,"5":4,"6":7,"7":3,"8":3,"9":4,"10":7},"Agents":[null,{"utility":0,"ID":1},{"utility":96,"ID":2},{"utility":44,"ID":3},{"utility":31,"ID":4},{"utility":0,"ID":5},{"utility":0,"ID":6},{"utility":0,"ID":7},{"utility":85,"ID":8},{"utility":0,"ID":9},{"utility":8.5,"ID":10},{"utility":0,"ID":11},{"utility":0,"ID":12},{"utility":0,"ID":13},{"utility":15,"ID":14},{"utility":41.5,"ID":15}],"LAST COALITION":[[],[{"utility":0,"ID":13}],[{"utility":0,"ID":5}],[{"utility":0,"ID":7}],[],[{"utility":0,"ID":12}],[{"utility":0,"ID":11}],[{"utility":8.5,"ID":10},{"utility":15,"ID":14},{"utility":41.5,"ID":15}],[{"utility":0,"ID":6}],[{"utility":0,"ID":1}],[{"utility":0,"ID":9}],[{"utility":96,"ID":2},{"utility":85,"ID":8}],[{"utility":44,"ID":3},{"utility":31,"ID":4}],[],[],[]],"STARTING COALITION: ":[[null],[{"utility":0,"ID":3},{"utility":65,"ID":13}],[],[{"utility":57,"ID":7},{"utility":3,"ID":8}],[{"utility":86,"ID":1},{"utility":31,"ID":5},{"utility":39,"ID":9}],[{"utility":0,"ID":12}],[{"utility":0,"ID":11}],[{"utility":40.8,"ID":2},{"utility":21.2,"ID":4},{"utility":39.4,"ID":6},{"utility":22,"ID":10},{"utility":36.4,"ID":14},{"utility":26.6,"ID":15}],[],[],[],[],[],[],[],[]],"CORE :":false,"LAST PARTITION":{"11":6,"12":5,"13":1,"14":7,"15":7,"1":9,"2":11,"3":12,"4":12,"5":2,"6":8,"7":3,"8":11,"9":10,"10":7}},{"STARTING PARTITION: ":{"11":5,"12":7,"13":3,"14":7,"15":3,"1":2,"2":7,"3":4,"4":7,"5":5,"6":1,"7":1,"8":4,"9":3,"10":5},"Agents":[null,{"utility":26,"ID":1},{"utility":96,"ID":2},{"utility":0,"ID":3},{"utility":85,"ID":4},{"utility":0,"ID":5},{"utility":0,"ID":6},{"utility":0,"ID":7},{"utility":85,"ID":8},{"utility":87,"ID":9},{"utility":50,"ID":10},{"utility":44,"ID":11},{"utility":0,"ID":12},{"utility":0,"ID":13},{"utility":31,"ID":14},{"utility":20,"ID":15}],"LAST COALITION":[[],[{"utility":0,"ID":7}],[{"utility":0,"ID":5}],[{"utility":87,"ID":9},{"utility":0,"ID":13},{"utility":20,"ID":15}],[{"utility":0,"ID":3}],[{"utility":50,"ID":10},{"utility":44,"ID":11}],[],[{"utility":0,"ID":12},{"utility":31,"ID":14}],[{"utility":0,"ID":6}],[{"utility":26,"ID":1},{"utility":85,"ID":4}],[{"utility":96,"ID":2},{"utility":85,"ID":8}],[],[],[],[],[]],"STARTING COALITION: ":[[null],[{"utility":1,"ID":6},{"utility":0,"ID":7}],[{"utility":0,"ID":1}],[{"utility":87,"ID":9},{"utility":0,"ID":13},{"utility":20,"ID":15}],[{"utility":58,"ID":3},{"utility":28,"ID":8}],[{"utility":26,"ID":5},{"utility":53.5,"ID":10},{"utility":61.5,"ID":11}],[],[{"utility":41,"ID":2},{"utility":9.333333333333334,"ID":4},{"utility":33.333333333333336,"ID":12},{"utility":58,"ID":14}],[],[],[],[],[],[],[],[]],"CORE :":false,"LAST PARTITION":{"11":5,"12":7,"13":3,"14":7,"15":3,"1":9,"2":10,"3":4,"4":9,"5":2,"6":8,"7":1,"8":10,"9":3,"10":5}},{"STARTING PARTITION: ":{"11":2,"12":3,"13":7,"14":1,"15":6,"1":1,"2":7,"3":5,"4":1,"5":7,"6":5,"7":1,"8":7,"9":7,"10":2},"Agents":[null,{"utility":0,"ID":1},{"utility":96,"ID":2},{"utility":44,"ID":3},{"utility":31,"ID":4},{"utility":79,"ID":5},{"utility":0,"ID":6},{"utility":90,"ID":7},{"utility":85,"ID":8},{"utility":0,"ID":9},{"utility":50,"ID":10},{"utility":44,"ID":11},{"utility":0,"ID":12},{"utility":0,"ID":13},{"utility":77,"ID":14},{"utility":0,"ID":15}],"LAST COALITION":[[],[{"utility":90,"ID":7},{"utility":77,"ID":14}],[{"utility":50,"ID":10},{"utility":44,"ID":11}],[{"utility":0,"ID":12}],[{"utility":96,"ID":2},{"utility":85,"ID":8}],[{"utility":0,"ID":9}],[{"utility":0,"ID":15}],[{"utility":79,"ID":5},{"utility":0,"ID":13}],[{"utility":0,"ID":6}],[{"utility":0,"ID":1}],[],[{"utility":44,"ID":3},{"utility":31,"ID":4}],[],[],[],[]],"STARTING COALITION: ":[[null],[{"utility":22,"ID":1},{"utility":61.333333333333336,"ID":4},{"utility":65,"ID":7},{"utility":61,"ID":14}],[{"utility":50,"ID":10},{"utility":44,"ID":11}],[{"utility":0,"ID":12}],[],[{"utility":13,"ID":3},{"utility":34,"ID":6}],[{"utility":0,"ID":15}],[{"utility":34,"ID":2},{"utility":49.25,"ID":5},{"utility":60,"ID":8},{"utility":42.75,"ID":9},{"utility":20,"ID":13}],[],[],[],[],[],[],[],[]],"CORE :":false,"LAST PARTITION":{"11":2,"12":3,"13":7,"14":1,"15":6,"1":9,"2":4,"3":11,"4":11,"5":7,"6":8,"7":1,"8":4,"9":5,"10":2}},{"STARTING PARTITION: ":{"11":1,"12":1,"13":7,"14":4,"15":5,"1":3,"2":2,"3":6,"4":3,"5":2,"6":3,"7":2,"8":5,"9":5,"10":6},"Agents":[null,{"utility":0,"ID":1},{"utility":96,"ID":2},{"utility":44,"ID":3},{"utility":31,"ID":4},{"utility":0,"ID":5},{"utility":0,"ID":6},{"utility":0,"ID":7},{"utility":85,"ID":8},{"utility":92,"ID":9},{"utility":0,"ID":10},{"utility":4,"ID":11},{"utility":30,"ID":12},{"utility":0,"ID":13},{"utility":0,"ID":14},{"utility":40,"ID":15}],"LAST COALITION":[[],[{"utility":4,"ID":11},{"utility":30,"ID":12}],[{"utility":0,"ID":7}],[{"utility":96,"ID":2},{"utility":85,"ID":8}],[{"utility":0,"ID":14}],[{"utility":92,"ID":9},{"utility":40,"ID":15}],[{"utility":0,"ID":10}],[{"utility":0,"ID":13}],[{"utility":0,"ID":5}],[{"utility":0,"ID":6}],[],[{"utility":0,"ID":1}],[{"utility":44,"ID":3},{"utility":31,"ID":4}],[],[],[]],"STARTING COALITION: ":[[null],[{"utility":4,"ID":11},{"utility":30,"ID":12}],[{"utility":9,"ID":2},{"utility":6.5,"ID":5},{"utility":69,"ID":7}],[{"utility":30.5,"ID":1},{"utility":42.5,"ID":4},{"utility":65,"ID":6}],[{"utility":0,"ID":14}],[{"utility":30.5,"ID":8},{"utility":75.5,"ID":9},{"utility":33,"ID":15}],[{"utility":47,"ID":3},{"utility":27,"ID":10}],[{"utility":0,"ID":13}],[],[],[],[],[],[],[],[]],"CORE :":false,"LAST PARTITION":{"11":1,"12":1,"13":7,"14":4,"15":5,"1":11,"2":3,"3":12,"4":12,"5":8,"6":9,"7":2,"8":3,"9":5,"10":6}},{"STARTING PARTITION: ":{"11":7,"12":2,"13":2,"14":1,"15":4,"1":2,"2":4,"3":3,"4":5,"5":7,"6":7,"7":6,"8":4,"9":2,"10":3},"Agents":[null,{"utility":26,"ID":1},{"utility":96,"ID":2},{"utility":0,"ID":3},{"utility":85,"ID":4},{"utility":0,"ID":5},{"utility":0,"ID":6},{"utility":0,"ID":7},{"utility":85,"ID":8},{"utility":0,"ID":9},{"utility":0,"ID":10},{"utility":0,"ID":11},{"utility":0,"ID":12},{"utility":6,"ID":13},{"utility":0,"ID":14},{"utility":0,"ID":15}],"LAST COALITION":[[],[{"utility":0,"ID":14}],[{"utility":0,"ID":12},{"utility":6,"ID":13}],[{"utility":0,"ID":10}],[{"utility":0,"ID":15}],[],[{"utility":0,"ID":7}],[{"utility":0,"ID":11}],[{"utility":96,"ID":2},{"utility":85,"ID":8}],[{"utility":0,"ID":5}],[{"utility":0,"ID":9}],[{"utility":0,"ID":6}],[{"utility":0,"ID":3}],[{"utility":26,"ID":1},{"utility":85,"ID":4}],[],[]],"STARTING COALITION: ":[[null],[{"utility":0,"ID":14}],[{"utility":31,"ID":1},{"utility":62.333333333333336,"ID":9},{"utility":4.666666666666667,"ID":12},{"utility":33,"ID":13}],[{"utility":47,"ID":3},{"utility":27,"ID":10}],[{"utility":48,"ID":2},{"utility":60,"ID":8},{"utility":13,"ID":15}],[{"utility":0,"ID":4}],[{"utility":0,"ID":7}],[{"utility":61.5,"ID":5},{"utility":21.5,"ID":6},{"utility":39.5,"ID":11}],[],[],[],[],[],[],[],[]],"CORE :":false,"LAST PARTITION":{"11":7,"12":2,"13":2,"14":1,"15":4,"1":13,"2":8,"3":12,"4":13,"5":9,"6":11,"7":6,"8":8,"9":10,"10":3}},{"STARTING PARTITION: ":{"11":7,"12":4,"13":6,"14":2,"15":1,"1":5,"2":2,"3":2,"4":7,"5":5,"6":5,"7":6,"8":7,"9":1,"10":1},"Agents":[null,{"utility":40,"ID":1},{"utility":96,"ID":2},{"utility":79,"ID":3},{"utility":0,"ID":4},{"utility":95,"ID":5},{"utility":15,"ID":6},{"utility":13,"ID":7},{"utility":85,"ID":8},{"utility":80,"ID":9},{"utility":0,"ID":10},{"utility":0,"ID":11},{"utility":85,"ID":12},{"utility":59,"ID":13},{"utility":24,"ID":14},{"utility":77,"ID":15}],"LAST COALITION":[[],[{"utility":15,"ID":6},{"utility":59,"ID":13}],[{"utility":40,"ID":1},{"utility":24,"ID":14}],[{"utility":0,"ID":10}],[{"utility":13,"ID":7},{"utility":80,"ID":9}],[{"utility":0,"ID":4}],[{"utility":95,"ID":5},{"utility":85,"ID":12}],[{"utility":0,"ID":11}],[{"utility":96,"ID":2},{"utility":85,"ID":8}],[{"utility":79,"ID":3},{"utility":77,"ID":15}],[],[],[],[],[],[]],"STARTING COALITION: ":[[null],[{"utility":46,"ID":9},{"utility":26.5,"ID":10},{"utility":61.5,"ID":15}],[{"utility":59,"ID":2},{"utility":38,"ID":3},{"utility":36,"ID":14}],[],[{"utility":0,"ID":12}],[{"utility":57,"ID":1},{"utility":62.5,"ID":5},{"utility":43,"ID":6}],[{"utility":48,"ID":7},{"utility":85,"ID":13}],[{"utility":46.5,"ID":4},{"utility":78,"ID":8},{"utility":35.5,"ID":11}],[],[],[],[],[],[],[],[]],"CORE :":false,"LAST PARTITION":{"11":7,"12":6,"13":1,"14":2,"15":9,"1":2,"2":8,"3":9,"4":5,"5":6,"6":1,"7":4,"8":8,"9":4,"10":3}},{"STARTING PARTITION: ":{"11":6,"12":1,"13":3,"14":6,"15":3,"1":6,"2":5,"3":3,"4":4,"5":3,"6":1,"7":5,"8":7,"9":5,"10":6},"Agents":[null,{"utility":96,"ID":1},{"utility":96,"ID":2},{"utility":28,"ID":3},{"utility":0,"ID":4},{"utility":0,"ID":5},{"utility":0,"ID":6},{"utility":0,"ID":7},{"utility":85,"ID":8},{"utility":0,"ID":9},{"utility":33.5,"ID":10},{"utility":50,"ID":11},{"utility":0,"ID":12},{"utility":0,"ID":13},{"utility":0,"ID":14},{"utility":0,"ID":15}],"LAST COALITION":[[],[{"utility":0,"ID":12}],[{"utility":96,"ID":1},{"utility":28,"ID":3}],[{"utility":0,"ID":13},{"utility":0,"ID":15}],[{"utility":0,"ID":5}],[{"utility":0,"ID":7}],[{"utility":33.5,"ID":10},{"utility":50,"ID":11},{"utility":0,"ID":14}],[],[{"utility":0,"ID":9}],[{"utility":0,"ID":6}],[{"utility":0,"ID":4}],[{"utility":96,"ID":2},{"utility":85,"ID":8}],[],[],[],[]],"STARTING COALITION: ":[[null],[{"utility":11,"ID":6},{"utility":0,"ID":12}],[],[{"utility":58,"ID":3},{"utility":42.666666666666664,"ID":5},{"utility":21.666666666666668,"ID":13},{"utility":48.333333333333336,"ID":15}],[{"utility":0,"ID":4}],[{"utility":10,"ID":2},{"utility":39.5,"ID":7},{"utility":53,"ID":9}],[{"utility":19.666666666666668,"ID":1},{"utility":44,"ID":10},{"utility":33.333333333333336,"ID":11},{"utility":8,"ID":14}],[{"utility":0,"ID":8}],[],[],[],[],[],[],[],[]],"CORE :":false,"LAST PARTITION":{"11":6,"12":1,"13":3,"14":6,"15":3,"1":2,"2":11,"3":2,"4":10,"5":4,"6":9,"7":5,"8":11,"9":8,"10":6}},{"STARTING PARTITION: ":{"11":6,"12":4,"13":3,"14":3,"15":4,"1":7,"2":7,"3":7,"4":3,"5":2,"6":2,"7":3,"8":3,"9":3,"10":7},"Agents":[null,{"utility":0,"ID":1},{"utility":96,"ID":2},{"utility":79,"ID":3},{"utility":91,"ID":4},{"utility":95,"ID":5},{"utility":71,"ID":6},{"utility":13,"ID":7},{"utility":85,"ID":8},{"utility":80,"ID":9},{"utility":0,"ID":10},{"utility":0,"ID":11},{"utility":85,"ID":12},{"utility":32,"ID":13},{"utility":9,"ID":14},{"utility":77,"ID":15}],"LAST COALITION":[[],[{"utility":96,"ID":2},{"utility":85,"ID":8}],[{"utility":71,"ID":6},{"utility":9,"ID":14}],[{"utility":95,"ID":5},{"utility":85,"ID":12}],[],[{"utility":0,"ID":10}],[{"utility":0,"ID":11}],[{"utility":0,"ID":1}],[{"utility":79,"ID":3},{"utility":77,"ID":15}],[{"utility":91,"ID":4},{"utility":32,"ID":13}],[{"utility":13,"ID":7},{"utility":80,"ID":9}],[],[],[],[],[]],"STARTING COALITION: ":[[null],[],[{"utility":71,"ID":5},{"utility":43,"ID":6}],[{"utility":53.6,"ID":4},{"utility":55,"ID":7},{"utility":50,"ID":8},{"utility":82.2,"ID":9},{"utility":39.6,"ID":13},{"utility":72.6,"ID":14}],[{"utility":0,"ID":12},{"utility":24,"ID":15}],[],[{"utility":0,"ID":11}],[{"utility":32,"ID":1},{"utility":46,"ID":2},{"utility":50.333333333333336,"ID":3},{"utility":30.666666666666668,"ID":10}],[],[],[],[],[],[],[],[]],"CORE :":false,"LAST PARTITION":{"11":6,"12":3,"13":9,"14":2,"15":8,"1":7,"2":1,"3":8,"4":9,"5":3,"6":2,"7":10,"8":1,"9":10,"10":5}},{"END OF FILE:" : true}]