[{"STARTING PARTITION: ":{"11":1,"12":3,"13":6,"14":5,"15":3,"1":3,"2":4,"3":7,"4":2,"5":5,"6":4,"7":5,"8":2,"9":4,"10":7},"Agents":[null,{"utility":43,"ID":1},{"utility":53,"ID":2},{"utility":86,"ID":3},{"utility":73,"ID":4},{"utility":0,"ID":5},{"utility":0,"ID":6},{"utility":91,"ID":7},{"utility":0,"ID":8},{"utility":26,"ID":9},{"utility":29,"ID":10},{"utility":62,"ID":11},{"utility":0,"ID":12},{"utility":0,"ID":13},{"utility":84,"ID":14},{"utility":81,"ID":15}],"LAST COALITION":[[],[{"utility":86,"ID":3},{"utility":62,"ID":11}],[{"utility":53,"ID":2},{"utility":29,"ID":10}],[{"utility":0,"ID":12}],[],[{"utility":91,"ID":7},{"utility":84,"ID":14}],[{"utility":0,"ID":13}],[{"utility":0,"ID":6}],[{"utility":0,"ID":5}],[{"utility":43,"ID":1},{"utility":26,"ID":9}],[{"utility":0,"ID":8}],[],[{"utility":73,"ID":4},{"utility":81,"ID":15}],[],[],[]],"STARTING COALITION: ":[[null],[{"utility":0,"ID":11}],[{"utility":52,"ID":4},{"utility":0,"ID":8}],[{"utility":12,"ID":1},{"utility":34,"ID":12},{"utility":22,"ID":15}],[{"utility":0.5,"ID":2},{"utility":18.5,"ID":6},{"utility":17,"ID":9}],[{"utility":28,"ID":5},{"utility":72,"ID":7},{"utility":42,"ID":14}],[{"utility":0,"ID":13}],[{"utility":27,"ID":3},{"utility":8,"ID":10}],[],[],[],[],[],[],[],[]],"CORE :":false,"LAST PARTITION":{"11":1,"12":3,"13":6,"14":5,"15":12,"1":9,"2":2,"3":1,"4":12,"5":8,"6":7,"7":5,"8":10,"9":9,"10":2}},{"STARTING PARTITION: ":{"11":6,"12":4,"13":3,"14":1,"15":6,"1":3,"2":1,"3":3,"4":1,"5":4,"6":1,"7":7,"8":4,"9":6,"10":7},"Agents":[null,{"utility":33,"ID":1},{"utility":53,"ID":2},{"utility":86,"ID":3},{"utility":73,"ID":4},{"utility":82,"ID":5},{"utility":0,"ID":6},{"utility":88,"ID":7},{"utility":86,"ID":8},{"utility":83,"ID":9},{"utility":29,"ID":10},{"utility":62,"ID":11},{"utility":78,"ID":12},{"utility":0,"ID":13},{"utility":0,"ID":14},{"utility":81,"ID":15}],"LAST COALITION":[[],[{"utility":0,"ID":14}],[{"utility":88,"ID":7},{"utility":83,"ID":9}],[{"utility":33,"ID":1},{"utility":86,"ID":8}],[{"utility":0,"ID":13}],[{"utility":53,"ID":2},{"utility":29,"ID":10}],[{"utility":73,"ID":4},{"utility":81,"ID":15}],[{"utility":86,"ID":3},{"utility":62,"ID":11}],[],[{"utility":0,"ID":6}],[{"utility":82,"ID":5},{"utility":78,"ID":12}],[],[],[],[],[]],"STARTING COALITION: ":[[null],[{"utility":32.666666666666664,"ID":2},{"utility":61,"ID":4},{"utility":20,"ID":6},{"utility":31.666666666666668,"ID":14}],[],[{"utility":35.5,"ID":1},{"utility":21.5,"ID":3},{"utility":61.5,"ID":13}],[{"utility":41,"ID":5},{"utility":44,"ID":8},{"utility":69.5,"ID":12}],[],[{"utility":47,"ID":9},{"utility":59,"ID":11},{"utility":0,"ID":15}],[{"utility":75,"ID":7},{"utility":0,"ID":10}],[],[],[],[],[],[],[],[]],"CORE :":false,"LAST PARTITION":{"11":7,"12":10,"13":4,"14":1,"15":6,"1":3,"2":5,"3":7,"4":6,"5":10,"6":9,"7":2,"8":3,"9":2,"10":5}},{"STARTING PARTITION: ":{"11":3,"12":1,"13":6,"14":7,"15":5,"1":4,"2":7,"3":3,"4":6,"5":1,"6":1,"7":7,"8":4,"9":7,"10":3},"Agents":[null,{"utility":33,"ID":1},{"utility":53,"ID":2},{"utility":86,"ID":3},{"utility":73,"ID":4},{"utility":82,"ID":5},{"utility":0,"ID":6},{"utility":88,"ID":7},{"utility":86,"ID":8},{"utility":83,"ID":9},{"utility":29,"ID":10},{"utility":62,"ID":11},{"utility":78,"ID":12},{"utility":0,"ID":13},{"utility":0,"ID":14},{"utility":81,"ID":15}],"LAST COALITION":[[],[{"utility":0,"ID":6}],[],[{"utility":0,"ID":14}],[{"utility":33,"ID":1},{"utility":86,"ID":8}],[{"utility":73,"ID":4},{"utility":81,"ID":15}],[{"utility":0,"ID":13}],[{"utility":88,"ID":7},{"utility":83,"ID":9}],[{"utility":82,"ID":5},{"utility":78,"ID":12}],[{"utility":53,"ID":2},{"utility":29,"ID":10}],[{"utility":86,"ID":3},{"utility":62,"ID":11}],[],[],[],[],[]],"STARTING COALITION: ":[[null],[{"utility":61.5,"ID":5},{"utility":64,"ID":6},{"utility":74,"ID":12}],[],[{"utility":56.5,"ID":3},{"utility":32,"ID":10},{"utility":70,"ID":11}],[{"utility":33,"ID":1},{"utility":86,"ID":8}],[{"utility":0,"ID":15}],[{"utility":23,"ID":4},{"utility":29,"ID":13}],[{"utility":21,"ID":2},{"utility":65.33333333333333,"ID":7},{"utility":44.666666666666664,"ID":9},{"utility":43.666666666666664,"ID":14}],[],[],[],[],[],[],[],[]],"CORE :":false,"LAST PARTITION":{"11":10,"12":8,"13":6,"14":3,"15":5,"1":4,"2":9,"3":10,"4":5,"5":8,"6":1,"7":7,"8":4,"9":7,"10":9}},{"STARTING PARTITION: ":{"11":7,"12":5,"13":6,"14":6,"15":4,"1":5,"2":7,"3":6,"4":1,"5":4,"6":6,"7":6,"8":1,"9":4,"10":1},"Agents":[null,{"utility":0,"ID":1},{"utility":53,"ID":2},{"utility":86,"ID":3},{"utility":73,"ID":4},{"utility":82,"ID":5},{"utility":30,"ID":6},{"utility":88,"ID":7},{"utility":0,"ID":8},{"utility":83,"ID":9},{"utility":29,"ID":10},{"utility":62,"ID":11},{"utility":78,"ID":12},{"utility":90,"ID":13},{"utility":0,"ID":14},{"utility":81,"ID":15}],"LAST COALITION":[[],[{"utility":73,"ID":4},{"utility":81,"ID":15}],[{"utility":53,"ID":2},{"utility":29,"ID":10}],[{"utility":88,"ID":7},{"utility":83,"ID":9}],[{"utility":0,"ID":1}],[{"utility":30,"ID":6},{"utility":90,"ID":13}],[{"utility":0,"ID":14}],[{"utility":86,"ID":3},{"utility":62,"ID":11}],[{"utility":0,"ID":8}],[{"utility":82,"ID":5},{"utility":78,"ID":12}],[],[],[],[],[],[]],"STARTING COALITION: ":[[null],[{"utility":26,"ID":4},{"utility":39.5,"ID":8},{"utility":38,"ID":10}],[],[],[{"utility":37.5,"ID":5},{"utility":19,"ID":9},{"utility":16.5,"ID":15}],[{"utility":0,"ID":1},{"utility":0,"ID":12}],[{"utility":25,"ID":3},{"utility":47.5,"ID":6},{"utility":39.25,"ID":7},{"utility":57.5,"ID":13},{"utility":33.25,"ID":14}],[{"utility":2,"ID":2},{"utility":7,"ID":11}],[],[],[],[],[],[],[],[]],"CORE :":false,"LAST PARTITION":{"11":7,"12":9,"13":5,"14":6,"15":1,"1":4,"2":2,"3":7,"4":1,"5":9,"6":5,"7":3,"8":8,"9":3,"10":2}},{"STARTING PARTITION: ":{"11":7,"12":1,"13":5,"14":5,"15":3,"1":7,"2":2,"3":1,"4":3,"5":7,"6":3,"7":3,"8":3,"9":4,"10":3},"Agents":[null,{"utility":0,"ID":1},{"utility":53,"ID":2},{"utility":86,"ID":3},{"utility":73,"ID":4},{"utility":82,"ID":5},{"utility":30,"ID":6},{"utility":88,"ID":7},{"utility":0,"ID":8},{"utility":83,"ID":9},{"utility":29,"ID":10},{"utility":62,"ID":11},{"utility":78,"ID":12},{"utility":90,"ID":13},{"utility":0,"ID":14},{"utility":81,"ID":15}],"LAST COALITION":[[],[{"utility":30,"ID":6},{"utility":90,"ID":13}],[{"utility":86,"ID":3},{"utility":62,"ID":11}],[{"utility":82,"ID":5},{"utility":78,"ID":12}],[{"utility":0,"ID":1}],[{"utility":0,"ID":14}],[{"utility":73,"ID":4},{"utility":81,"ID":15}],[{"utility":88,"ID":7},{"utility":83,"ID":9}],[{"utility":53,"ID":2},{"utility":29,"ID":10}],[{"utility":0,"ID":8}],[],[],[],[],[],[]],"STARTING COALITION: ":[[null],[{"utility":56,"ID":3},{"utility":0,"ID":12}],[{"utility":0,"ID":2}],[{"utility":51.8,"ID":4},{"utility":28,"ID":6},{"utility":26.4,"ID":7},{"utility":24.8,"ID":8},{"utility":29,"ID":10},{"utility":30.8,"ID":15}],[{"utility":0,"ID":9}],[{"utility":48,"ID":13},{"utility":0,"ID":14}],[],[{"utility":16,"ID":1},{"utility":22.5,"ID":5},{"utility":41.5,"ID":11}],[],[],[],[],[],[],[],[]],"CORE :":false,"LAST PARTITION":{"11":2,"12":3,"13":1,"14":5,"15":6,"1":4,"2":8,"3":2,"4":6,"5":3,"6":1,"7":7,"8":9,"9":7,"10":8}},{"STARTING PARTITION: ":{"11":3,"12":6,"13":1,"14":1,"15":2,"1":6,"2":2,"3":6,"4":1,"5":1,"6":4,"7":4,"8":4,"9":3,"10":3},"Agents":[null,{"utility":0,"ID":1},{"utility":53,"ID":2},{"utility":86,"ID":3},{"utility":73,"ID":4},{"utility":82,"ID":5},{"utility":30,"ID":6},{"utility":88,"ID":7},{"utility":0,"ID":8},{"utility":83,"ID":9},{"utility":29,"ID":10},{"utility":62,"ID":11},{"utility":78,"ID":12},{"utility":90,"ID":13},{"utility":0,"ID":14},{"utility":81,"ID":15}],"LAST COALITION":[[],[{"utility":88,"ID":7},{"utility":83,"ID":9}],[{"utility":82,"ID":5},{"utility":78,"ID":12}],[{"utility":0,"ID":14}],[{"utility":86,"ID":3},{"utility":62,"ID":11}],[{"utility":53,"ID":2},{"utility":29,"ID":10}],[{"utility":30,"ID":6},{"utility":90,"ID":13}],[{"utility":73,"ID":4},{"utility":81,"ID":15}],[],[{"utility":0,"ID":1}],[{"utility":0,"ID":8}],[],[],[],[],[]],"STARTING COALITION: ":[[null],[{"utility":26,"ID":4},{"utility":25.666666666666668,"ID":5},{"utility":40.333333333333336,"ID":13},{"utility":9.333333333333334,"ID":14}],[{"utility":7,"ID":2},{"utility":86,"ID":15}],[{"utility":28,"ID":9},{"utility":74,"ID":10},{"utility":68.5,"ID":11}],[{"utility":32.5,"ID":6},{"utility":8,"ID":7},{"utility":22.5,"ID":8}],[],[{"utility":15.5,"ID":1},{"utility":49.5,"ID":3},{"utility":0,"ID":12}],[],[],[],[],[],[],[],[],[]],"CORE :":false,"LAST PARTITION":{"11":4,"12":2,"13":6,"14":3,"15":7,"1":9,"2":5,"3":4,"4":7,"5":2,"6":6,"7":1,"8":10,"9":1,"10":5}},{"STARTING PARTITION: ":{"11":6,"12":2,"13":4,"14":4,"15":2,"1":2,"2":7,"3":6,"4":3,"5":3,"6":1,"7":3,"8":7,"9":2,"10":1},"Agents":[null,{"utility":0,"ID":1},{"utility":53,"ID":2},{"utility":86,"ID":3},{"utility":73,"ID":4},{"utility":82,"ID":5},{"utility":30,"ID":6},{"utility":88,"ID":7},{"utility":0,"ID":8},{"utility":83,"ID":9},{"utility":29,"ID":10},{"utility":62,"ID":11},{"utility":78,"ID":12},{"utility":90,"ID":13},{"utility":0,"ID":14},{"utility":81,"ID":15}],"LAST COALITION":[[],[{"utility":73,"ID":4},{"utility":81,"ID":15}],[{"utility":30,"ID":6},{"utility":90,"ID":13}],[{"utility":82,"ID":5},{"utility":78,"ID":12}],[{"utility":0,"ID":14}],[{"utility":86,"ID":3},{"utility":62,"ID":11}],[{"utility":88,"ID":7},{"utility":83,"ID":9}],[{"utility":0,"ID":1}],[{"utility":53,"ID":2},{"utility":29,"ID":10}],[],[{"utility":0,"ID":8}],[],[],[],[],[]],"STARTING COALITION: ":[[null],[{"utility":75,"ID":6},{"utility":14,"ID":10}],[{"utility":22.333333333333332,"ID":1},{"utility":22.666666666666668,"ID":9},{"utility":44,"ID":12},{"utility":14.666666666666666,"ID":15}],[{"utility":38,"ID":4},{"utility":14.5,"ID":5},{"utility":37.5,"ID":7}],[{"utility":48,"ID":13},{"utility":0,"ID":14}],[],[{"utility":86,"ID":3},{"utility":62,"ID":11}],[{"utility":15,"ID":2},{"utility":96,"ID":8}],[],[],[],[],[],[],[],[]],"CORE :":false,"LAST PARTITION":{"11":5,"12":3,"13":2,"14":4,"15":1,"1":7,"2":8,"3":5,"4":1,"5":3,"6":2,"7":6,"8":10,"9":6,"10":8}},{"STARTING PARTITION: ":{"11":1,"12":7,"13":7,"14":3,"15":3,"1":1,"2":5,"3":6,"4":5,"5":1,"6":3,"7":2,"8":4,"9":4,"10":5},"Agents":[null,{"utility":0,"ID":1},{"utility":53,"ID":2},{"utility":86,"ID":3},{"utility":73,"ID":4},{"utility":82,"ID":5},{"utility":30,"ID":6},{"utility":88,"ID":7},{"utility":0,"ID":8},{"utility":83,"ID":9},{"utility":29,"ID":10},{"utility":62,"ID":11},{"utility":78,"ID":12},{"utility":90,"ID":13},{"utility":0,"ID":14},{"utility":81,"ID":15}],"LAST COALITION":[[],[{"utility":86,"ID":3},{"utility":62,"ID":11}],[{"utility":0,"ID":8}],[{"utility":0,"ID":14}],[{"utility":0,"ID":1}],[{"utility":73,"ID":4},{"utility":81,"ID":15}],[{"utility":53,"ID":2},{"utility":29,"ID":10}],[{"utility":88,"ID":7},{"utility":83,"ID":9}],[{"utility":30,"ID":6},{"utility":90,"ID":13}],[{"utility":82,"ID":5},{"utility":78,"ID":12}],[],[],[],[],[],[]],"STARTING COALITION: ":[[null],[{"utility":16,"ID":1},{"utility":22.5,"ID":5},{"utility":41.5,"ID":11}],[{"utility":0,"ID":7}],[{"utility":12,"ID":6},{"utility":10,"ID":14},{"utility":35.5,"ID":15}],[{"utility":8,"ID":8},{"utility":36,"ID":9}],[{"utility":67,"ID":2},{"utility":35,"ID":4},{"utility":14.5,"ID":10}],[{"utility":0,"ID":3}],[{"utility":0,"ID":12},{"utility":68,"ID":13}],[],[],[],[],[],[],[],[]],"CORE :":false,"LAST PARTITION":{"11":1,"12":9,"13":8,"14":3,"15":5,"1":4,"2":6,"3":1,"4":5,"5":9,"6":8,"7":7,"8":2,"9":7,"10":6}},{"STARTING PARTITION: ":{"11":4,"12":1,"13":2,"14":5,"15":3,"1":5,"2":5,"3":4,"4":5,"5":6,"6":7,"7":3,"8":2,"9":2,"10":7},"Agents":[null,{"utility":33,"ID":1},{"utility":53,"ID":2},{"utility":86,"ID":3},{"utility":73,"ID":4},{"utility":82,"ID":5},{"utility":0,"ID":6},{"utility":88,"ID":7},{"utility":86,"ID":8},{"utility":83,"ID":9},{"utility":29,"ID":10},{"utility":62,"ID":11},{"utility":78,"ID":12},{"utility":0,"ID":13},{"utility":0,"ID":14},{"utility":81,"ID":15}],"LAST COALITION":[[],[{"utility":0,"ID":13}],[{"utility":88,"ID":7},{"utility":83,"ID":9}],[{"utility":73,"ID":4},{"utility":81,"ID":15}],[{"utility":53,"ID":2},{"utility":29,"ID":10}],[{"utility":0,"ID":14}],[],[{"utility":33,"ID":1},{"utility":86,"ID":8}],[{"utility":0,"ID":6}],[{"utility":86,"ID":3},{"utility":62,"ID":11}],[{"utility":82,"ID":5},{"utility":78,"ID":12}],[],[],[],[],[]],"STARTING COALITION: ":[[null],[{"utility":0,"ID":12}],[{"utility":21.5,"ID":8},{"utility":24.5,"ID":9},{"utility":36,"ID":13}],[{"utility":19,"ID":7},{"utility":0,"ID":15}],[{"utility":86,"ID":3},{"utility":62,"ID":11}],[{"utility":36,"ID":1},{"utility":32.666666666666664,"ID":2},{"utility":48,"ID":4},{"utility":25,"ID":14}],[{"utility":0,"ID":5}],[{"utility":75,"ID":6},{"utility":14,"ID":10}],[],[],[],[],[],[],[],[]],"CORE :":false,"LAST PARTITION":{"11":9,"12":10,"13":1,"14":5,"15":3,"1":7,"2":4,"3":9,"4":3,"5":10,"6":8,"7":2,"8":7,"9":2,"10":4}},{"STARTING PARTITION: ":{"11":5,"12":3,"13":1,"14":7,"15":6,"1":2,"2":1,"3":4,"4":3,"5":5,"6":7,"7":5,"8":2,"9":3,"10":6},"Agents":[null,{"utility":40,"ID":1},{"utility":53,"ID":2},{"utility":86,"ID":3},{"utility":73,"ID":4},{"utility":82,"ID":5},{"utility":0,"ID":6},{"utility":88,"ID":7},{"utility":0,"ID":8},{"utility":83,"ID":9},{"utility":29,"ID":10},{"utility":62,"ID":11},{"utility":78,"ID":12},{"utility":63,"ID":13},{"utility":0,"ID":14},{"utility":81,"ID":15}],"LAST COALITION":[[],[{"utility":88,"ID":7},{"utility":83,"ID":9}],[{"utility":82,"ID":5},{"utility":78,"ID":12}],[],[{"utility":40,"ID":1},{"utility":63,"ID":13}],[{"utility":86,"ID":3},{"utility":62,"ID":11}],[{"utility":73,"ID":4},{"utility":81,"ID":15}],[{"utility":0,"ID":14}],[{"utility":53,"ID":2},{"utility":29,"ID":10}],[{"utility":0,"ID":6}],[{"utility":0,"ID":8}],[],[],[],[],[]],"STARTING COALITION: ":[[null],[{"utility":0,"ID":2},{"utility":42,"ID":13}],[{"utility":33,"ID":1},{"utility":86,"ID":8}],[{"utility":62.5,"ID":4},{"utility":9.5,"ID":9},{"utility":32,"ID":12}],[{"utility":0,"ID":3}],[{"utility":37,"ID":5},{"utility":41,"ID":7},{"utility":60.5,"ID":11}],[{"utility":55,"ID":10},{"utility":0,"ID":15}],[{"utility":24,"ID":6},{"utility":20,"ID":14}],[],[],[],[],[],[],[],[]],"CORE :":false,"LAST PARTITION":{"11":5,"12":2,"13":4,"14":7,"15":6,"1":4,"2":8,"3":5,"4":6,"5":2,"6":9,"7":1,"8":10,"9":1,"10":8}},{"END OF FILE:" : true}]