[{"STARTING PARTITION: ":{"11":2,"12":5,"13":7,"14":7,"15":3,"1":2,"2":5,"3":7,"4":1,"5":3,"6":2,"7":5,"8":6,"9":6,"10":5},"Agents":[null,{"utility":96,"ID":1},{"utility":0,"ID":2},{"utility":93,"ID":3},{"utility":40,"ID":4},{"utility":0,"ID":5},{"utility":36,"ID":6},{"utility":46.5,"ID":7},{"utility":24,"ID":8},{"utility":28,"ID":9},{"utility":59.5,"ID":10},{"utility":0,"ID":11},{"utility":69,"ID":12},{"utility":0,"ID":13},{"utility":0,"ID":14},{"utility":0,"ID":15}],"LAST COALITION":[[],[],[{"utility":0,"ID":13}],[{"utility":0,"ID":15}],[{"utility":93,"ID":3},{"utility":36,"ID":6}],[{"utility":46.5,"ID":7},{"utility":59.5,"ID":10},{"utility":69,"ID":12}],[{"utility":0,"ID":2}],[{"utility":0,"ID":14}],[{"utility":0,"ID":5}],[{"utility":96,"ID":1},{"utility":28,"ID":9}],[{"utility":0,"ID":11}],[{"utility":40,"ID":4},{"utility":24,"ID":8}],[],[],[],[]],"STARTING COALITION: ":[[null],[{"utility":0,"ID":4}],[{"utility":37.5,"ID":1},{"utility":22.5,"ID":6},{"utility":32.5,"ID":11}],[{"utility":23,"ID":5},{"utility":0,"ID":15}],[],[{"utility":7,"ID":2},{"utility":41.333333333333336,"ID":7},{"utility":60.666666666666664,"ID":10},{"utility":74.33333333333333,"ID":12}],[{"utility":11,"ID":8},{"utility":0,"ID":9}],[{"utility":22.5,"ID":3},{"utility":31,"ID":13},{"utility":0,"ID":14}],[],[],[],[],[],[],[],[]],"CORE :":false,"LAST PARTITION":{"11":10,"12":5,"13":2,"14":7,"15":3,"1":9,"2":6,"3":4,"4":11,"5":8,"6":4,"7":5,"8":11,"9":9,"10":5}},{"STARTING PARTITION: ":{"11":6,"12":7,"13":2,"14":1,"15":6,"1":2,"2":4,"3":7,"4":7,"5":1,"6":5,"7":4,"8":2,"9":3,"10":5},"Agents":[null,{"utility":96,"ID":1},{"utility":0,"ID":2},{"utility":93,"ID":3},{"utility":28,"ID":4},{"utility":0,"ID":5},{"utility":36,"ID":6},{"utility":0,"ID":7},{"utility":0,"ID":8},{"utility":28,"ID":9},{"utility":0,"ID":10},{"utility":91,"ID":11},{"utility":0,"ID":12},{"utility":38,"ID":13},{"utility":0,"ID":14},{"utility":0,"ID":15}],"LAST COALITION":[[],[{"utility":0,"ID":14}],[{"utility":0,"ID":8},{"utility":38,"ID":13}],[{"utility":0,"ID":2}],[{"utility":0,"ID":7}],[{"utility":0,"ID":10}],[{"utility":91,"ID":11},{"utility":0,"ID":15}],[{"utility":28,"ID":4},{"utility":0,"ID":12}],[{"utility":0,"ID":5}],[{"utility":96,"ID":1},{"utility":28,"ID":9}],[{"utility":93,"ID":3},{"utility":36,"ID":6}],[],[],[],[],[]],"STARTING COALITION: ":[[null],[{"utility":0,"ID":5},{"utility":62,"ID":14}],[{"utility":83,"ID":1},{"utility":49.5,"ID":8},{"utility":19,"ID":13}],[{"utility":0,"ID":9}],[{"utility":0,"ID":2},{"utility":31,"ID":7}],[{"utility":25,"ID":6},{"utility":92,"ID":10}],[{"utility":91,"ID":11},{"utility":0,"ID":15}],[{"utility":57,"ID":3},{"utility":17,"ID":4},{"utility":0,"ID":12}],[],[],[],[],[],[],[],[]],"CORE :":false,"LAST PARTITION":{"11":6,"12":7,"13":2,"14":1,"15":6,"1":9,"2":3,"3":10,"4":7,"5":8,"6":10,"7":4,"8":2,"9":9,"10":5}},{"STARTING PARTITION: ":{"11":3,"12":2,"13":7,"14":6,"15":3,"1":6,"2":7,"3":5,"4":5,"5":3,"6":2,"7":2,"8":5,"9":6,"10":4},"Agents":[null,{"utility":86.5,"ID":1},{"utility":88,"ID":2},{"utility":59,"ID":3},{"utility":40,"ID":4},{"utility":24,"ID":5},{"utility":0,"ID":6},{"utility":79,"ID":7},{"utility":24,"ID":8},{"utility":38,"ID":9},{"utility":0,"ID":10},{"utility":65,"ID":11},{"utility":48,"ID":12},{"utility":0,"ID":13},{"utility":35,"ID":14},{"utility":0,"ID":15}],"LAST COALITION":[[],[{"utility":88,"ID":2},{"utility":59,"ID":3}],[{"utility":79,"ID":7},{"utility":48,"ID":12}],[{"utility":24,"ID":5},{"utility":65,"ID":11},{"utility":0,"ID":15}],[{"utility":0,"ID":10}],[{"utility":40,"ID":4},{"utility":24,"ID":8}],[{"utility":86.5,"ID":1},{"utility":38,"ID":9},{"utility":35,"ID":14}],[{"utility":0,"ID":13}],[],[{"utility":0,"ID":6}],[],[],[],[],[],[]],"STARTING COALITION: ":[[null],[],[{"utility":23,"ID":6},{"utility":83.5,"ID":7},{"utility":24,"ID":12}],[{"utility":24,"ID":5},{"utility":65,"ID":11},{"utility":0,"ID":15}],[{"utility":0,"ID":10}],[{"utility":49,"ID":3},{"utility":23,"ID":4},{"utility":30,"ID":8}],[{"utility":86.5,"ID":1},{"utility":38,"ID":9},{"utility":35,"ID":14}],[{"utility":73,"ID":2},{"utility":96,"ID":13}],[],[],[],[],[],[],[],[]],"CORE :":false,"LAST PARTITION":{"11":3,"12":2,"13":7,"14":6,"15":3,"1":6,"2":1,"3":1,"4":5,"5":3,"6":9,"7":2,"8":5,"9":6,"10":4}},{"STARTING PARTITION: ":{"11":1,"12":1,"13":5,"14":4,"15":7,"1":7,"2":3,"3":5,"4":5,"5":5,"6":3,"7":7,"8":2,"9":7,"10":3},"Agents":[null,{"utility":86,"ID":1},{"utility":33,"ID":2},{"utility":0,"ID":3},{"utility":42,"ID":4},{"utility":43,"ID":5},{"utility":44,"ID":6},{"utility":7.5,"ID":7},{"utility":0,"ID":8},{"utility":45.5,"ID":9},{"utility":0,"ID":10},{"utility":68,"ID":11},{"utility":25,"ID":12},{"utility":50,"ID":13},{"utility":0,"ID":14},{"utility":29.5,"ID":15}],"LAST COALITION":[[],[{"utility":68,"ID":11},{"utility":25,"ID":12}],[{"utility":0,"ID":8}],[{"utility":0,"ID":10}],[{"utility":0,"ID":14}],[{"utility":42,"ID":4},{"utility":50,"ID":13}],[{"utility":0,"ID":3}],[{"utility":7.5,"ID":7},{"utility":45.5,"ID":9},{"utility":29.5,"ID":15}],[{"utility":86,"ID":1},{"utility":43,"ID":5}],[],[{"utility":33,"ID":2},{"utility":44,"ID":6}],[],[],[],[],[]],"STARTING COALITION: ":[[null],[{"utility":68,"ID":11},{"utility":25,"ID":12}],[{"utility":0,"ID":8}],[{"utility":16.5,"ID":2},{"utility":34.5,"ID":6},{"utility":77.5,"ID":10}],[{"utility":0,"ID":14}],[{"utility":53.666666666666664,"ID":3},{"utility":38.333333333333336,"ID":4},{"utility":43.666666666666664,"ID":5},{"utility":30,"ID":13}],[],[{"utility":60,"ID":1},{"utility":30,"ID":7},{"utility":39.666666666666664,"ID":9},{"utility":26,"ID":15}],[],[],[],[],[],[],[],[]],"CORE :":false,"LAST PARTITION":{"11":1,"12":1,"13":5,"14":4,"15":7,"1":8,"2":10,"3":6,"4":5,"5":8,"6":10,"7":7,"8":2,"9":7,"10":3}},{"STARTING PARTITION: ":{"11":7,"12":6,"13":5,"14":6,"15":1,"1":5,"2":3,"3":3,"4":2,"5":3,"6":7,"7":3,"8":6,"9":2,"10":7},"Agents":[null,{"utility":96,"ID":1},{"utility":88,"ID":2},{"utility":59,"ID":3},{"utility":54,"ID":4},{"utility":32,"ID":5},{"utility":0,"ID":6},{"utility":22,"ID":7},{"utility":47,"ID":8},{"utility":23,"ID":9},{"utility":41,"ID":10},{"utility":0,"ID":11},{"utility":24.5,"ID":12},{"utility":0,"ID":13},{"utility":47.5,"ID":14},{"utility":0,"ID":15}],"LAST COALITION":[[],[{"utility":0,"ID":15}],[{"utility":54,"ID":4},{"utility":23,"ID":9}],[{"utility":32,"ID":5},{"utility":22,"ID":7}],[{"utility":88,"ID":2},{"utility":59,"ID":3}],[{"utility":96,"ID":1},{"utility":0,"ID":13}],[{"utility":47,"ID":8},{"utility":24.5,"ID":12},{"utility":47.5,"ID":14}],[{"utility":41,"ID":10},{"utility":0,"ID":11}],[],[{"utility":0,"ID":6}],[],[],[],[],[],[]],"STARTING COALITION: ":[[null],[{"utility":0,"ID":15}],[{"utility":54,"ID":4},{"utility":23,"ID":9}],[{"utility":29.333333333333332,"ID":2},{"utility":49.666666666666664,"ID":3},{"utility":68,"ID":5},{"utility":17.666666666666668,"ID":7}],[],[{"utility":96,"ID":1},{"utility":0,"ID":13}],[{"utility":47,"ID":8},{"utility":24.5,"ID":12},{"utility":47.5,"ID":14}],[{"utility":22,"ID":6},{"utility":66.5,"ID":10},{"utility":15.5,"ID":11}],[],[],[],[],[],[],[],[]],"CORE :":false,"LAST PARTITION":{"11":7,"12":6,"13":5,"14":6,"15":1,"1":5,"2":4,"3":4,"4":2,"5":3,"6":9,"7":3,"8":6,"9":2,"10":7}},{"STARTING PARTITION: ":{"11":2,"12":1,"13":7,"14":2,"15":3,"1":7,"2":7,"3":5,"4":6,"5":4,"6":3,"7":7,"8":2,"9":3,"10":3},"Agents":[null,{"utility":86,"ID":1},{"utility":73,"ID":2},{"utility":86,"ID":3},{"utility":84,"ID":4},{"utility":43,"ID":5},{"utility":60,"ID":6},{"utility":0,"ID":7},{"utility":0,"ID":8},{"utility":50,"ID":9},{"utility":46,"ID":10},{"utility":0,"ID":11},{"utility":0,"ID":12},{"utility":96,"ID":13},{"utility":30,"ID":14},{"utility":80,"ID":15}],"LAST COALITION":[[],[{"utility":86,"ID":3},{"utility":80,"ID":15}],[{"utility":0,"ID":11}],[{"utility":60,"ID":6},{"utility":50,"ID":9},{"utility":46,"ID":10}],[{"utility":0,"ID":8}],[{"utility":0,"ID":12}],[{"utility":84,"ID":4},{"utility":30,"ID":14}],[{"utility":73,"ID":2},{"utility":96,"ID":13}],[{"utility":0,"ID":7}],[],[{"utility":86,"ID":1},{"utility":43,"ID":5}],[],[],[],[],[]],"STARTING COALITION: ":[[null],[{"utility":0,"ID":12}],[{"utility":48.5,"ID":8},{"utility":59.5,"ID":11},{"utility":44.5,"ID":14}],[{"utility":58.333333333333336,"ID":6},{"utility":63.666666666666664,"ID":9},{"utility":45,"ID":10},{"utility":55.666666666666664,"ID":15}],[{"utility":0,"ID":5}],[{"utility":0,"ID":3}],[{"utility":0,"ID":4}],[{"utility":74.33333333333333,"ID":1},{"utility":24.333333333333332,"ID":2},{"utility":35.333333333333336,"ID":7},{"utility":40.666666666666664,"ID":13}],[],[],[],[],[],[],[],[]],"CORE :":false,"LAST PARTITION":{"11":2,"12":5,"13":7,"14":6,"15":1,"1":10,"2":7,"3":1,"4":6,"5":10,"6":3,"7":8,"8":4,"9":3,"10":3}},{"STARTING PARTITION: ":{"11":5,"12":5,"13":7,"14":7,"15":3,"1":2,"2":2,"3":5,"4":7,"5":4,"6":5,"7":5,"8":2,"9":2,"10":2},"Agents":[null,{"utility":96,"ID":1},{"utility":0,"ID":2},{"utility":93,"ID":3},{"utility":63,"ID":4},{"utility":0,"ID":5},{"utility":36,"ID":6},{"utility":69,"ID":7},{"utility":3,"ID":8},{"utility":28,"ID":9},{"utility":94,"ID":10},{"utility":34,"ID":11},{"utility":36.5,"ID":12},{"utility":36,"ID":13},{"utility":15,"ID":14},{"utility":0,"ID":15}],"LAST COALITION":[[],[{"utility":0,"ID":5}],[{"utility":3,"ID":8},{"utility":94,"ID":10}],[{"utility":0,"ID":15}],[{"utility":96,"ID":1},{"utility":28,"ID":9}],[{"utility":69,"ID":7},{"utility":34,"ID":11},{"utility":36.5,"ID":12}],[],[{"utility":63,"ID":4},{"utility":36,"ID":13},{"utility":15,"ID":14}],[{"utility":0,"ID":2}],[{"utility":93,"ID":3},{"utility":36,"ID":6}],[],[],[],[],[],[]],"STARTING COALITION: ":[[null],[],[{"utility":84.25,"ID":1},{"utility":17.75,"ID":2},{"utility":40.75,"ID":8},{"utility":18.5,"ID":9},{"utility":50.25,"ID":10}],[{"utility":0,"ID":15}],[{"utility":0,"ID":5}],[{"utility":61,"ID":3},{"utility":25.25,"ID":6},{"utility":56.5,"ID":7},{"utility":24.75,"ID":11},{"utility":18.25,"ID":12}],[],[{"utility":63,"ID":4},{"utility":36,"ID":13},{"utility":15,"ID":14}],[],[],[],[],[],[],[],[]],"CORE :":false,"LAST PARTITION":{"11":5,"12":5,"13":7,"14":7,"15":3,"1":4,"2":8,"3":9,"4":7,"5":1,"6":9,"7":5,"8":2,"9":4,"10":2}},{"STARTING PARTITION: ":{"11":6,"12":5,"13":3,"14":3,"15":6,"1":3,"2":4,"3":3,"4":3,"5":1,"6":4,"7":3,"8":7,"9":5,"10":4},"Agents":[null,{"utility":96,"ID":1},{"utility":0,"ID":2},{"utility":93,"ID":3},{"utility":67,"ID":4},{"utility":0,"ID":5},{"utility":36,"ID":6},{"utility":28.666666666666668,"ID":7},{"utility":0,"ID":8},{"utility":28,"ID":9},{"utility":0,"ID":10},{"utility":91,"ID":11},{"utility":0,"ID":12},{"utility":32.666666666666664,"ID":13},{"utility":41,"ID":14},{"utility":0,"ID":15}],"LAST COALITION":[[],[{"utility":96,"ID":1},{"utility":28,"ID":9}],[{"utility":0,"ID":5}],[{"utility":67,"ID":4},{"utility":28.666666666666668,"ID":7},{"utility":32.666666666666664,"ID":13},{"utility":41,"ID":14}],[{"utility":0,"ID":10}],[{"utility":0,"ID":12}],[{"utility":91,"ID":11},{"utility":0,"ID":15}],[{"utility":0,"ID":8}],[{"utility":0,"ID":2}],[{"utility":93,"ID":3},{"utility":36,"ID":6}],[],[],[],[],[],[]],"STARTING COALITION: ":[[null],[{"utility":0,"ID":5}],[],[{"utility":65.4,"ID":1},{"utility":55.8,"ID":3},{"utility":52.8,"ID":4},{"utility":32.2,"ID":7},{"utility":27.6,"ID":13},{"utility":24.6,"ID":14}],[{"utility":16.5,"ID":2},{"utility":34.5,"ID":6},{"utility":77.5,"ID":10}],[{"utility":0,"ID":9},{"utility":74,"ID":12}],[{"utility":91,"ID":11},{"utility":0,"ID":15}],[{"utility":0,"ID":8}],[],[],[],[],[],[],[],[]],"CORE :":false,"LAST PARTITION":{"11":6,"12":5,"13":3,"14":3,"15":6,"1":1,"2":8,"3":9,"4":3,"5":2,"6":9,"7":3,"8":7,"9":1,"10":4}},{"STARTING PARTITION: ":{"11":3,"12":5,"13":7,"14":6,"15":7,"1":7,"2":2,"3":6,"4":3,"5":7,"6":6,"7":3,"8":6,"9":2,"10":3},"Agents":[null,{"utility":96,"ID":1},{"utility":33,"ID":2},{"utility":0,"ID":3},{"utility":49,"ID":4},{"utility":0,"ID":5},{"utility":44,"ID":6},{"utility":28.666666666666668,"ID":7},{"utility":56,"ID":8},{"utility":28,"ID":9},{"utility":61.666666666666664,"ID":10},{"utility":23.666666666666668,"ID":11},{"utility":0,"ID":12},{"utility":0,"ID":13},{"utility":89,"ID":14},{"utility":44,"ID":15}],"LAST COALITION":[[],[{"utility":0,"ID":5}],[{"utility":0,"ID":3}],[{"utility":49,"ID":4},{"utility":28.666666666666668,"ID":7},{"utility":61.666666666666664,"ID":10},{"utility":23.666666666666668,"ID":11}],[{"utility":96,"ID":1},{"utility":28,"ID":9}],[{"utility":0,"ID":12}],[{"utility":56,"ID":8},{"utility":89,"ID":14}],[{"utility":0,"ID":13},{"utility":44,"ID":15}],[],[{"utility":33,"ID":2},{"utility":44,"ID":6}],[],[],[],[],[],[]],"STARTING COALITION: ":[[null],[],[{"utility":71,"ID":2},{"utility":0,"ID":9}],[{"utility":49,"ID":4},{"utility":28.666666666666668,"ID":7},{"utility":61.666666666666664,"ID":10},{"utility":23.666666666666668,"ID":11}],[],[{"utility":0,"ID":12}],[{"utility":31,"ID":3},{"utility":27,"ID":6},{"utility":35.666666666666664,"ID":8},{"utility":61,"ID":14}],[{"utility":78.33333333333333,"ID":1},{"utility":36,"ID":5},{"utility":0,"ID":13},{"utility":21,"ID":15}],[],[],[],[],[],[],[],[]],"CORE :":false,"LAST PARTITION":{"11":3,"12":5,"13":7,"14":6,"15":7,"1":4,"2":9,"3":2,"4":3,"5":1,"6":9,"7":3,"8":6,"9":4,"10":3}},{"STARTING PARTITION: ":{"11":7,"12":5,"13":7,"14":3,"15":6,"1":4,"2":6,"3":6,"4":5,"5":6,"6":3,"7":7,"8":1,"9":3,"10":2},"Agents":[null,{"utility":86,"ID":1},{"utility":73,"ID":2},{"utility":98,"ID":3},{"utility":6,"ID":4},{"utility":43,"ID":5},{"utility":70,"ID":6},{"utility":0,"ID":7},{"utility":0,"ID":8},{"utility":51,"ID":9},{"utility":0,"ID":10},{"utility":0,"ID":11},{"utility":0,"ID":12},{"utility":96,"ID":13},{"utility":82,"ID":14},{"utility":0,"ID":15}],"LAST COALITION":[[],[{"utility":0,"ID":10}],[{"utility":98,"ID":3},{"utility":6,"ID":4}],[{"utility":70,"ID":6},{"utility":51,"ID":9},{"utility":82,"ID":14}],[{"utility":73,"ID":2},{"utility":96,"ID":13}],[{"utility":0,"ID":12}],[{"utility":0,"ID":11}],[{"utility":0,"ID":15}],[{"utility":0,"ID":7}],[{"utility":0,"ID":8}],[],[{"utility":86,"ID":1},{"utility":43,"ID":5}],[],[],[],[]],"STARTING COALITION: ":[[null],[{"utility":0,"ID":8}],[{"utility":0,"ID":10}],[{"utility":70,"ID":6},{"utility":51,"ID":9},{"utility":82,"ID":14}],[{"utility":0,"ID":1}],[{"utility":28,"ID":4},{"utility":0,"ID":12}],[{"utility":29.333333333333332,"ID":2},{"utility":54.333333333333336,"ID":3},{"utility":65,"ID":5},{"utility":36,"ID":15}],[{"utility":29.5,"ID":7},{"utility":0,"ID":11},{"utility":54,"ID":13}],[],[],[],[],[],[],[],[]],"CORE :":false,"LAST PARTITION":{"11":6,"12":5,"13":4,"14":3,"15":7,"1":11,"2":4,"3":2,"4":2,"5":11,"6":3,"7":8,"8":9,"9":3,"10":1}},{"END OF FILE:" : true}]