[{"STARTING PARTITION: ":{"11":5,"12":4,"13":7,"14":6,"15":1,"1":1,"2":3,"3":4,"4":7,"5":7,"6":1,"7":3,"8":1,"9":6,"10":3},"Agents":[null,{"utility":64,"ID":1},{"utility":0,"ID":2},{"utility":96,"ID":3},{"utility":81,"ID":4},{"utility":7,"ID":5},{"utility":63,"ID":6},{"utility":0,"ID":7},{"utility":48,"ID":8},{"utility":91,"ID":9},{"utility":70,"ID":10},{"utility":76,"ID":11},{"utility":0,"ID":12},{"utility":0,"ID":13},{"utility":26,"ID":14},{"utility":8,"ID":15}],"LAST COALITION":[[],[],[{"utility":64,"ID":1},{"utility":96,"ID":3}],[{"utility":0,"ID":2},{"utility":0,"ID":7}],[{"utility":0,"ID":12}],[],[{"utility":76,"ID":11},{"utility":8,"ID":15}],[{"utility":7,"ID":5},{"utility":0,"ID":13}],[{"utility":81,"ID":4},{"utility":91,"ID":9}],[{"utility":63,"ID":6},{"utility":70,"ID":10}],[{"utility":48,"ID":8},{"utility":26,"ID":14}],[],[],[],[],[]],"STARTING COALITION: ":[[null],[{"utility":4.666666666666667,"ID":1},{"utility":5.666666666666667,"ID":6},{"utility":0,"ID":8},{"utility":0,"ID":15}],[],[{"utility":0,"ID":2},{"utility":11,"ID":7},{"utility":51.5,"ID":10}],[{"utility":76,"ID":3},{"utility":49,"ID":12}],[{"utility":0,"ID":11}],[{"utility":0,"ID":9},{"utility":0,"ID":14}],[{"utility":33.5,"ID":4},{"utility":6.5,"ID":5},{"utility":46,"ID":13}],[],[],[],[],[],[],[],[]],"CORE :":true,"LAST PARTITION":{"11":6,"12":4,"13":7,"14":10,"15":6,"1":2,"2":3,"3":2,"4":8,"5":7,"6":9,"7":3,"8":10,"9":8,"10":9}},{"STARTING PARTITION: ":{"11":7,"12":1,"13":3,"14":4,"15":2,"1":5,"2":5,"3":4,"4":7,"5":7,"6":7,"7":1,"8":3,"9":3,"10":5},"Agents":[null,{"utility":64,"ID":1},{"utility":0,"ID":2},{"utility":96,"ID":3},{"utility":81,"ID":4},{"utility":0,"ID":5},{"utility":63,"ID":6},{"utility":0,"ID":7},{"utility":48,"ID":8},{"utility":91,"ID":9},{"utility":70,"ID":10},{"utility":76,"ID":11},{"utility":8,"ID":12},{"utility":0,"ID":13},{"utility":26,"ID":14},{"utility":8,"ID":15}],"LAST COALITION":[[],[{"utility":0,"ID":7},{"utility":8,"ID":12}],[],[{"utility":0,"ID":13}],[{"utility":76,"ID":11},{"utility":8,"ID":15}],[{"utility":0,"ID":2}],[{"utility":64,"ID":1},{"utility":96,"ID":3}],[{"utility":0,"ID":5}],[{"utility":81,"ID":4},{"utility":91,"ID":9}],[{"utility":63,"ID":6},{"utility":70,"ID":10}],[{"utility":48,"ID":8},{"utility":26,"ID":14}],[],[],[],[],[]],"STARTING COALITION: ":[[null],[{"utility":0,"ID":7},{"utility":8,"ID":12}],[{"utility":0,"ID":15}],[{"utility":1,"ID":8},{"utility":0,"ID":9},{"utility":0,"ID":13}],[{"utility":0,"ID":3},{"utility":0,"ID":14}],[{"utility":8,"ID":1},{"utility":0,"ID":2},{"utility":18,"ID":10}],[],[{"utility":0,"ID":4},{"utility":8.666666666666666,"ID":5},{"utility":5.666666666666667,"ID":6},{"utility":0,"ID":11}],[],[],[],[],[],[],[],[]],"CORE :":true,"LAST PARTITION":{"11":4,"12":1,"13":3,"14":10,"15":4,"1":6,"2":5,"3":6,"4":8,"5":7,"6":9,"7":1,"8":10,"9":8,"10":9}},{"STARTING PARTITION: ":{"11":5,"12":4,"13":1,"14":1,"15":6,"1":3,"2":5,"3":2,"4":5,"5":6,"6":7,"7":5,"8":3,"9":7,"10":2},"Agents":[null,{"utility":64,"ID":1},{"utility":0,"ID":2},{"utility":96,"ID":3},{"utility":81,"ID":4},{"utility":0,"ID":5},{"utility":63,"ID":6},{"utility":0,"ID":7},{"utility":48,"ID":8},{"utility":91,"ID":9},{"utility":70,"ID":10},{"utility":76,"ID":11},{"utility":0,"ID":12},{"utility":0,"ID":13},{"utility":26,"ID":14},{"utility":8,"ID":15}],"LAST COALITION":[[],[{"utility":0,"ID":13}],[{"utility":48,"ID":8},{"utility":26,"ID":14}],[{"utility":76,"ID":11},{"utility":8,"ID":15}],[{"utility":0,"ID":12}],[{"utility":0,"ID":2},{"utility":0,"ID":7}],[{"utility":0,"ID":5}],[],[{"utility":64,"ID":1},{"utility":96,"ID":3}],[{"utility":81,"ID":4},{"utility":91,"ID":9}],[{"utility":63,"ID":6},{"utility":70,"ID":10}],[],[],[],[],[]],"STARTING COALITION: ":[[null],[{"utility":0,"ID":13},{"utility":0,"ID":14}],[{"utility":0,"ID":3},{"utility":92,"ID":10}],[{"utility":0,"ID":1},{"utility":0,"ID":8}],[{"utility":0,"ID":12}],[{"utility":0,"ID":2},{"utility":0,"ID":4},{"utility":0,"ID":7},{"utility":0,"ID":11}],[{"utility":0,"ID":5},{"utility":0,"ID":15}],[{"utility":0,"ID":6},{"utility":56,"ID":9}],[],[],[],[],[],[],[],[]],"CORE :":true,"LAST PARTITION":{"11":3,"12":4,"13":1,"14":2,"15":3,"1":8,"2":5,"3":8,"4":9,"5":6,"6":10,"7":5,"8":2,"9":9,"10":10}},{"STARTING PARTITION: ":{"11":3,"12":5,"13":3,"14":1,"15":5,"1":7,"2":4,"3":1,"4":5,"5":4,"6":5,"7":4,"8":1,"9":6,"10":2},"Agents":[null,{"utility":64,"ID":1},{"utility":0,"ID":2},{"utility":96,"ID":3},{"utility":81,"ID":4},{"utility":66,"ID":5},{"utility":63,"ID":6},{"utility":0,"ID":7},{"utility":48,"ID":8},{"utility":91,"ID":9},{"utility":70,"ID":10},{"utility":76,"ID":11},{"utility":0,"ID":12},{"utility":0,"ID":13},{"utility":26,"ID":14},{"utility":8,"ID":15}],"LAST COALITION":[[],[{"utility":48,"ID":8},{"utility":26,"ID":14}],[{"utility":76,"ID":11},{"utility":8,"ID":15}],[{"utility":0,"ID":13}],[{"utility":0,"ID":2},{"utility":66,"ID":5},{"utility":0,"ID":7}],[{"utility":0,"ID":12}],[{"utility":63,"ID":6},{"utility":70,"ID":10}],[{"utility":81,"ID":4},{"utility":91,"ID":9}],[{"utility":64,"ID":1},{"utility":96,"ID":3}],[],[],[],[],[],[],[]],"STARTING COALITION: ":[[null],[{"utility":0,"ID":3},{"utility":24,"ID":8},{"utility":13,"ID":14}],[{"utility":0,"ID":10}],[{"utility":0,"ID":11},{"utility":0,"ID":13}],[{"utility":0,"ID":2},{"utility":66,"ID":5},{"utility":0,"ID":7}],[{"utility":38.333333333333336,"ID":4},{"utility":0,"ID":6},{"utility":16.333333333333332,"ID":12},{"utility":28.666666666666668,"ID":15}],[{"utility":0,"ID":9}],[{"utility":0,"ID":1}],[],[],[],[],[],[],[],[]],"CORE :":true,"LAST PARTITION":{"11":2,"12":5,"13":3,"14":1,"15":2,"1":8,"2":4,"3":8,"4":7,"5":4,"6":6,"7":4,"8":1,"9":7,"10":6}},{"STARTING PARTITION: ":{"11":7,"12":2,"13":1,"14":4,"15":4,"1":7,"2":2,"3":1,"4":2,"5":5,"6":2,"7":3,"8":6,"9":3,"10":6},"Agents":[null,{"utility":64,"ID":1},{"utility":28,"ID":2},{"utility":96,"ID":3},{"utility":81,"ID":4},{"utility":0,"ID":5},{"utility":63,"ID":6},{"utility":0,"ID":7},{"utility":48,"ID":8},{"utility":91,"ID":9},{"utility":70,"ID":10},{"utility":76,"ID":11},{"utility":0,"ID":12},{"utility":0,"ID":13},{"utility":26,"ID":14},{"utility":8,"ID":15}],"LAST COALITION":[[],[{"utility":0,"ID":13}],[{"utility":28,"ID":2},{"utility":0,"ID":12}],[{"utility":0,"ID":7}],[],[{"utility":0,"ID":5}],[{"utility":76,"ID":11},{"utility":8,"ID":15}],[],[{"utility":64,"ID":1},{"utility":96,"ID":3}],[{"utility":81,"ID":4},{"utility":91,"ID":9}],[{"utility":63,"ID":6},{"utility":70,"ID":10}],[{"utility":48,"ID":8},{"utility":26,"ID":14}],[],[],[],[]],"STARTING COALITION: ":[[null],[{"utility":71,"ID":3},{"utility":83,"ID":13}],[{"utility":42,"ID":2},{"utility":17.333333333333332,"ID":4},{"utility":0,"ID":6},{"utility":16.333333333333332,"ID":12}],[{"utility":58,"ID":7},{"utility":0,"ID":9}],[{"utility":0,"ID":14},{"utility":0,"ID":15}],[{"utility":0,"ID":5}],[{"utility":0,"ID":8},{"utility":0,"ID":10}],[{"utility":0,"ID":1},{"utility":0,"ID":11}],[],[],[],[],[],[],[],[]],"CORE :":true,"LAST PARTITION":{"11":6,"12":2,"13":1,"14":11,"15":6,"1":8,"2":2,"3":8,"4":9,"5":5,"6":10,"7":3,"8":11,"9":9,"10":10}},{"STARTING PARTITION: ":{"11":5,"12":2,"13":3,"14":5,"15":4,"1":7,"2":1,"3":7,"4":3,"5":2,"6":7,"7":6,"8":5,"9":2,"10":5},"Agents":[null,{"utility":64,"ID":1},{"utility":0,"ID":2},{"utility":96,"ID":3},{"utility":81,"ID":4},{"utility":81,"ID":5},{"utility":63,"ID":6},{"utility":0,"ID":7},{"utility":48,"ID":8},{"utility":91,"ID":9},{"utility":70,"ID":10},{"utility":76,"ID":11},{"utility":0,"ID":12},{"utility":0,"ID":13},{"utility":26,"ID":14},{"utility":8,"ID":15}],"LAST COALITION":[[],[{"utility":0,"ID":2}],[{"utility":81,"ID":5},{"utility":0,"ID":12}],[{"utility":0,"ID":13}],[],[],[{"utility":0,"ID":7}],[{"utility":48,"ID":8},{"utility":26,"ID":14}],[{"utility":64,"ID":1},{"utility":96,"ID":3}],[{"utility":81,"ID":4},{"utility":91,"ID":9}],[{"utility":63,"ID":6},{"utility":70,"ID":10}],[{"utility":76,"ID":11},{"utility":8,"ID":15}],[],[],[],[]],"STARTING COALITION: ":[[null],[{"utility":0,"ID":2}],[{"utility":47.5,"ID":5},{"utility":0,"ID":9},{"utility":23.5,"ID":12}],[{"utility":67,"ID":4},{"utility":92,"ID":13}],[{"utility":0,"ID":15}],[{"utility":16,"ID":8},{"utility":1.6666666666666667,"ID":10},{"utility":23.333333333333332,"ID":11},{"utility":8.666666666666666,"ID":14}],[{"utility":0,"ID":7}],[{"utility":32,"ID":1},{"utility":70,"ID":3},{"utility":0,"ID":6}],[],[],[],[],[],[],[],[]],"CORE :":true,"LAST PARTITION":{"11":11,"12":2,"13":3,"14":7,"15":11,"1":8,"2":1,"3":8,"4":9,"5":2,"6":10,"7":6,"8":7,"9":9,"10":10}},{"STARTING PARTITION: ":{"11":6,"12":3,"13":5,"14":5,"15":3,"1":3,"2":3,"3":2,"4":1,"5":7,"6":3,"7":5,"8":5,"9":7,"10":6},"Agents":[null,{"utility":64,"ID":1},{"utility":14,"ID":2},{"utility":96,"ID":3},{"utility":81,"ID":4},{"utility":0,"ID":5},{"utility":63,"ID":6},{"utility":0,"ID":7},{"utility":48,"ID":8},{"utility":91,"ID":9},{"utility":70,"ID":10},{"utility":0,"ID":11},{"utility":0,"ID":12},{"utility":0,"ID":13},{"utility":26,"ID":14},{"utility":46.5,"ID":15}],"LAST COALITION":[[],[{"utility":63,"ID":6},{"utility":70,"ID":10}],[{"utility":81,"ID":4},{"utility":91,"ID":9}],[{"utility":14,"ID":2},{"utility":0,"ID":12},{"utility":46.5,"ID":15}],[{"utility":64,"ID":1},{"utility":96,"ID":3}],[{"utility":0,"ID":7},{"utility":0,"ID":13}],[{"utility":0,"ID":11}],[{"utility":0,"ID":5}],[{"utility":48,"ID":8},{"utility":26,"ID":14}],[],[],[],[],[],[],[]],"STARTING COALITION: ":[[null],[{"utility":0,"ID":4}],[{"utility":0,"ID":3}],[{"utility":3.5,"ID":1},{"utility":31.5,"ID":2},{"utility":0,"ID":6},{"utility":12.25,"ID":12},{"utility":23.25,"ID":15}],[],[{"utility":27.333333333333332,"ID":7},{"utility":16,"ID":8},{"utility":0,"ID":13},{"utility":8.666666666666666,"ID":14}],[{"utility":0,"ID":10},{"utility":70,"ID":11}],[{"utility":14,"ID":5},{"utility":0,"ID":9}],[],[],[],[],[],[],[],[]],"CORE :":true,"LAST PARTITION":{"11":6,"12":3,"13":5,"14":8,"15":3,"1":4,"2":3,"3":4,"4":2,"5":7,"6":1,"7":5,"8":8,"9":2,"10":1}},{"STARTING PARTITION: ":{"11":4,"12":5,"13":7,"14":5,"15":7,"1":5,"2":1,"3":6,"4":3,"5":4,"6":7,"7":3,"8":5,"9":2,"10":1},"Agents":[null,{"utility":64,"ID":1},{"utility":0,"ID":2},{"utility":96,"ID":3},{"utility":81,"ID":4},{"utility":20,"ID":5},{"utility":63,"ID":6},{"utility":0,"ID":7},{"utility":48,"ID":8},{"utility":91,"ID":9},{"utility":70,"ID":10},{"utility":0,"ID":11},{"utility":0,"ID":12},{"utility":0,"ID":13},{"utility":26,"ID":14},{"utility":40,"ID":15}],"LAST COALITION":[[],[{"utility":0,"ID":2}],[{"utility":63,"ID":6},{"utility":70,"ID":10}],[{"utility":0,"ID":7}],[{"utility":20,"ID":5},{"utility":0,"ID":11}],[{"utility":0,"ID":12}],[{"utility":81,"ID":4},{"utility":91,"ID":9}],[{"utility":0,"ID":13},{"utility":40,"ID":15}],[{"utility":64,"ID":1},{"utility":96,"ID":3}],[{"utility":48,"ID":8},{"utility":26,"ID":14}],[],[],[],[],[],[]],"STARTING COALITION: ":[[null],[{"utility":0,"ID":2},{"utility":36,"ID":10}],[{"utility":0,"ID":9}],[{"utility":0,"ID":4},{"utility":0,"ID":7}],[{"utility":20,"ID":5},{"utility":0,"ID":11}],[{"utility":0,"ID":1},{"utility":16,"ID":8},{"utility":0,"ID":12},{"utility":8.666666666666666,"ID":14}],[{"utility":0,"ID":3}],[{"utility":0,"ID":6},{"utility":36.5,"ID":13},{"utility":20,"ID":15}],[],[],[],[],[],[],[],[]],"CORE :":true,"LAST PARTITION":{"11":4,"12":5,"13":7,"14":9,"15":7,"1":8,"2":1,"3":8,"4":6,"5":4,"6":2,"7":3,"8":9,"9":6,"10":2}},{"STARTING PARTITION: ":{"11":2,"12":6,"13":3,"14":6,"15":4,"1":1,"2":1,"3":6,"4":1,"5":2,"6":3,"7":1,"8":4,"9":5,"10":3},"Agents":[null,{"utility":64,"ID":1},{"utility":0,"ID":2},{"utility":96,"ID":3},{"utility":81,"ID":4},{"utility":0,"ID":5},{"utility":63,"ID":6},{"utility":0,"ID":7},{"utility":48,"ID":8},{"utility":91,"ID":9},{"utility":70,"ID":10},{"utility":76,"ID":11},{"utility":0,"ID":12},{"utility":0,"ID":13},{"utility":26,"ID":14},{"utility":8,"ID":15}],"LAST COALITION":[[],[{"utility":0,"ID":2},{"utility":0,"ID":7}],[{"utility":0,"ID":5}],[{"utility":0,"ID":13}],[],[{"utility":63,"ID":6},{"utility":70,"ID":10}],[{"utility":0,"ID":12}],[{"utility":64,"ID":1},{"utility":96,"ID":3}],[{"utility":81,"ID":4},{"utility":91,"ID":9}],[{"utility":48,"ID":8},{"utility":26,"ID":14}],[{"utility":76,"ID":11},{"utility":8,"ID":15}],[],[],[],[],[]],"STARTING COALITION: ":[[null],[{"utility":36.333333333333336,"ID":1},{"utility":0,"ID":2},{"utility":0,"ID":4},{"utility":30,"ID":7}],[{"utility":20,"ID":5},{"utility":0,"ID":11}],[{"utility":31.5,"ID":6},{"utility":35,"ID":10},{"utility":36.5,"ID":13}],[{"utility":0,"ID":8},{"utility":0,"ID":15}],[{"utility":0,"ID":9}],[{"utility":38,"ID":3},{"utility":24.5,"ID":12},{"utility":0,"ID":14}],[],[],[],[],[],[],[],[],[]],"CORE :":true,"LAST PARTITION":{"11":10,"12":6,"13":3,"14":9,"15":10,"1":7,"2":1,"3":7,"4":8,"5":2,"6":5,"7":1,"8":9,"9":8,"10":5}},{"STARTING PARTITION: ":{"11":6,"12":7,"13":4,"14":7,"15":6,"1":1,"2":7,"3":4,"4":2,"5":2,"6":7,"7":6,"8":3,"9":6,"10":3},"Agents":[null,{"utility":64,"ID":1},{"utility":28,"ID":2},{"utility":96,"ID":3},{"utility":81,"ID":4},{"utility":0,"ID":5},{"utility":63,"ID":6},{"utility":0,"ID":7},{"utility":48,"ID":8},{"utility":91,"ID":9},{"utility":70,"ID":10},{"utility":76,"ID":11},{"utility":0,"ID":12},{"utility":0,"ID":13},{"utility":26,"ID":14},{"utility":8,"ID":15}],"LAST COALITION":[[],[{"utility":81,"ID":4},{"utility":91,"ID":9}],[{"utility":0,"ID":5}],[{"utility":76,"ID":11},{"utility":8,"ID":15}],[{"utility":0,"ID":13}],[{"utility":64,"ID":1},{"utility":96,"ID":3}],[{"utility":0,"ID":7}],[{"utility":28,"ID":2},{"utility":0,"ID":12}],[{"utility":63,"ID":6},{"utility":70,"ID":10}],[{"utility":48,"ID":8},{"utility":26,"ID":14}],[],[],[],[],[],[]],"STARTING COALITION: ":[[null],[{"utility":0,"ID":1}],[{"utility":0,"ID":4},{"utility":6,"ID":5}],[{"utility":0,"ID":8},{"utility":0,"ID":10}],[{"utility":71,"ID":3},{"utility":83,"ID":13}],[],[{"utility":19.333333333333332,"ID":7},{"utility":35.333333333333336,"ID":9},{"utility":31.666666666666668,"ID":11},{"utility":2.6666666666666665,"ID":15}],[{"utility":51.333333333333336,"ID":2},{"utility":0,"ID":6},{"utility":16.333333333333332,"ID":12},{"utility":0,"ID":14}],[],[],[],[],[],[],[],[]],"CORE :":true,"LAST PARTITION":{"11":3,"12":7,"13":4,"14":9,"15":3,"1":5,"2":7,"3":5,"4":1,"5":2,"6":8,"7":6,"8":9,"9":1,"10":8}},{"END OF FILE:" : true}]