[{"STARTING PARTITION: ":{"11":1,"12":2,"13":1,"14":2,"15":5,"1":5,"2":5,"3":1,"4":4,"5":1,"6":7,"7":7,"8":5,"9":5,"10":6},"Agents":[null,{"utility":76,"ID":1},{"utility":48,"ID":2},{"utility":38,"ID":3},{"utility":51,"ID":4},{"utility":0,"ID":5},{"utility":0,"ID":6},{"utility":66,"ID":7},{"utility":86,"ID":8},{"utility":84,"ID":9},{"utility":96,"ID":10},{"utility":84,"ID":11},{"utility":0,"ID":12},{"utility":82,"ID":13},{"utility":56,"ID":14},{"utility":14,"ID":15}],"LAST COALITION":[[],[{"utility":0,"ID":5}],[{"utility":0,"ID":12}],[{"utility":76,"ID":1},{"utility":48,"ID":2}],[{"utility":66,"ID":7},{"utility":96,"ID":10}],[{"utility":86,"ID":8},{"utility":14,"ID":15}],[{"utility":82,"ID":13},{"utility":56,"ID":14}],[{"utility":0,"ID":6}],[{"utility":38,"ID":3},{"utility":84,"ID":11}],[{"utility":51,"ID":4},{"utility":84,"ID":9}],[],[],[],[],[],[]],"STARTING COALITION: ":[[null],[{"utility":16.333333333333332,"ID":3},{"utility":12,"ID":5},{"utility":28,"ID":11},{"utility":22,"ID":13}],[{"utility":0,"ID":12},{"utility":0,"ID":14}],[],[{"utility":0,"ID":4}],[{"utility":41.5,"ID":1},{"utility":35.25,"ID":2},{"utility":38,"ID":8},{"utility":30.5,"ID":9},{"utility":7.5,"ID":15}],[{"utility":0,"ID":10}],[{"utility":0,"ID":6},{"utility":4,"ID":7}],[],[],[],[],[],[],[],[]],"CORE :":true,"LAST PARTITION":{"11":8,"12":2,"13":6,"14":6,"15":5,"1":3,"2":3,"3":8,"4":9,"5":1,"6":7,"7":4,"8":5,"9":9,"10":4}},{"STARTING PARTITION: ":{"11":7,"12":6,"13":5,"14":7,"15":4,"1":5,"2":7,"3":2,"4":6,"5":6,"6":3,"7":7,"8":3,"9":5,"10":6},"Agents":[null,{"utility":76,"ID":1},{"utility":48,"ID":2},{"utility":38,"ID":3},{"utility":51,"ID":4},{"utility":0,"ID":5},{"utility":0,"ID":6},{"utility":66,"ID":7},{"utility":86,"ID":8},{"utility":84,"ID":9},{"utility":96,"ID":10},{"utility":84,"ID":11},{"utility":0,"ID":12},{"utility":82,"ID":13},{"utility":56,"ID":14},{"utility":14,"ID":15}],"LAST COALITION":[[],[{"utility":76,"ID":1},{"utility":48,"ID":2}],[{"utility":51,"ID":4},{"utility":84,"ID":9}],[{"utility":0,"ID":6}],[],[{"utility":82,"ID":13},{"utility":56,"ID":14}],[{"utility":66,"ID":7},{"utility":96,"ID":10}],[{"utility":86,"ID":8},{"utility":14,"ID":15}],[{"utility":38,"ID":3},{"utility":84,"ID":11}],[{"utility":0,"ID":12}],[],[{"utility":0,"ID":5}],[],[],[],[]],"STARTING COALITION: ":[[null],[],[{"utility":0,"ID":3}],[{"utility":28,"ID":6},{"utility":0,"ID":8}],[{"utility":0,"ID":15}],[{"utility":45,"ID":1},{"utility":0,"ID":9},{"utility":0,"ID":13}],[{"utility":0,"ID":4},{"utility":0,"ID":5},{"utility":21.666666666666668,"ID":10},{"utility":29.333333333333332,"ID":12}],[{"utility":0,"ID":2},{"utility":47.333333333333336,"ID":7},{"utility":0,"ID":11},{"utility":0,"ID":14}],[],[],[],[],[],[],[],[]],"CORE :":true,"LAST PARTITION":{"11":8,"12":9,"13":5,"14":5,"15":7,"1":1,"2":1,"3":8,"4":2,"5":11,"6":3,"7":6,"8":7,"9":2,"10":6}},{"STARTING PARTITION: ":{"11":5,"12":7,"13":3,"14":1,"15":4,"1":1,"2":3,"3":5,"4":7,"5":3,"6":3,"7":2,"8":6,"9":2,"10":1},"Agents":[null,{"utility":76,"ID":1},{"utility":48,"ID":2},{"utility":38,"ID":3},{"utility":51,"ID":4},{"utility":0,"ID":5},{"utility":0,"ID":6},{"utility":66,"ID":7},{"utility":86,"ID":8},{"utility":84,"ID":9},{"utility":96,"ID":10},{"utility":84,"ID":11},{"utility":0,"ID":12},{"utility":82,"ID":13},{"utility":56,"ID":14},{"utility":14,"ID":15}],"LAST COALITION":[[],[],[{"utility":86,"ID":8},{"utility":14,"ID":15}],[{"utility":0,"ID":6}],[{"utility":0,"ID":12}],[{"utility":38,"ID":3},{"utility":84,"ID":11}],[{"utility":66,"ID":7},{"utility":96,"ID":10}],[{"utility":82,"ID":13},{"utility":56,"ID":14}],[{"utility":76,"ID":1},{"utility":48,"ID":2}],[{"utility":51,"ID":4},{"utility":84,"ID":9}],[{"utility":0,"ID":5}],[],[],[],[],[]],"STARTING COALITION: ":[[null],[{"utility":0,"ID":1},{"utility":0,"ID":10},{"utility":0,"ID":14}],[{"utility":0,"ID":7},{"utility":0,"ID":9}],[{"utility":0,"ID":2},{"utility":0,"ID":5},{"utility":21.333333333333332,"ID":6},{"utility":22,"ID":13}],[{"utility":0,"ID":15}],[{"utility":38,"ID":3},{"utility":84,"ID":11}],[{"utility":0,"ID":8}],[{"utility":0,"ID":4},{"utility":0,"ID":12}],[],[],[],[],[],[],[],[]],"CORE :":true,"LAST PARTITION":{"11":5,"12":4,"13":7,"14":7,"15":2,"1":8,"2":8,"3":5,"4":9,"5":10,"6":3,"7":6,"8":2,"9":9,"10":6}},{"STARTING PARTITION: ":{"11":5,"12":4,"13":6,"14":7,"15":5,"1":6,"2":4,"3":5,"4":4,"5":7,"6":2,"7":1,"8":2,"9":2,"10":6},"Agents":[null,{"utility":76,"ID":1},{"utility":48,"ID":2},{"utility":38,"ID":3},{"utility":51,"ID":4},{"utility":0,"ID":5},{"utility":0,"ID":6},{"utility":66,"ID":7},{"utility":86,"ID":8},{"utility":84,"ID":9},{"utility":96,"ID":10},{"utility":84,"ID":11},{"utility":0,"ID":12},{"utility":82,"ID":13},{"utility":56,"ID":14},{"utility":14,"ID":15}],"LAST COALITION":[[],[{"utility":86,"ID":8},{"utility":14,"ID":15}],[{"utility":0,"ID":6}],[{"utility":76,"ID":1},{"utility":48,"ID":2}],[{"utility":82,"ID":13},{"utility":56,"ID":14}],[{"utility":0,"ID":12}],[],[{"utility":0,"ID":5}],[{"utility":38,"ID":3},{"utility":84,"ID":11}],[{"utility":51,"ID":4},{"utility":84,"ID":9}],[{"utility":66,"ID":7},{"utility":96,"ID":10}],[],[],[],[],[]],"STARTING COALITION: ":[[null],[{"utility":0,"ID":7}],[{"utility":34.5,"ID":6},{"utility":0,"ID":8},{"utility":32,"ID":9}],[],[{"utility":0,"ID":2},{"utility":27.5,"ID":4},{"utility":0,"ID":12}],[{"utility":19,"ID":3},{"utility":42,"ID":11},{"utility":48.5,"ID":15}],[{"utility":0,"ID":1},{"utility":0,"ID":10},{"utility":0,"ID":13}],[{"utility":62,"ID":5},{"utility":0,"ID":14}],[],[],[],[],[],[],[],[]],"CORE :":true,"LAST PARTITION":{"11":8,"12":5,"13":4,"14":4,"15":1,"1":3,"2":3,"3":8,"4":9,"5":7,"6":2,"7":10,"8":1,"9":9,"10":10}},{"STARTING PARTITION: ":{"11":6,"12":1,"13":5,"14":6,"15":4,"1":3,"2":2,"3":4,"4":4,"5":4,"6":7,"7":1,"8":1,"9":6,"10":3},"Agents":[null,{"utility":76,"ID":1},{"utility":48,"ID":2},{"utility":38,"ID":3},{"utility":51,"ID":4},{"utility":0,"ID":5},{"utility":0,"ID":6},{"utility":66,"ID":7},{"utility":86,"ID":8},{"utility":84,"ID":9},{"utility":96,"ID":10},{"utility":84,"ID":11},{"utility":0,"ID":12},{"utility":82,"ID":13},{"utility":56,"ID":14},{"utility":14,"ID":15}],"LAST COALITION":[[],[{"utility":82,"ID":13},{"utility":56,"ID":14}],[{"utility":38,"ID":3},{"utility":84,"ID":11}],[{"utility":86,"ID":8},{"utility":14,"ID":15}],[{"utility":0,"ID":12}],[],[],[{"utility":0,"ID":6}],[{"utility":76,"ID":1},{"utility":48,"ID":2}],[{"utility":51,"ID":4},{"utility":84,"ID":9}],[{"utility":0,"ID":5}],[{"utility":66,"ID":7},{"utility":96,"ID":10}],[],[],[],[]],"STARTING COALITION: ":[[null],[{"utility":0,"ID":7},{"utility":13.5,"ID":8},{"utility":0,"ID":12}],[{"utility":0,"ID":2}],[{"utility":0,"ID":1},{"utility":0,"ID":10}],[{"utility":0,"ID":3},{"utility":28,"ID":4},{"utility":3.3333333333333335,"ID":5},{"utility":32.333333333333336,"ID":15}],[{"utility":0,"ID":13}],[{"utility":22.5,"ID":9},{"utility":14,"ID":11},{"utility":33.5,"ID":14}],[{"utility":0,"ID":6}],[],[],[],[],[],[],[],[]],"CORE :":true,"LAST PARTITION":{"11":2,"12":4,"13":1,"14":1,"15":3,"1":8,"2":8,"3":2,"4":9,"5":10,"6":7,"7":11,"8":3,"9":9,"10":11}},{"STARTING PARTITION: ":{"11":1,"12":6,"13":5,"14":5,"15":2,"1":1,"2":2,"3":3,"4":7,"5":7,"6":2,"7":1,"8":7,"9":2,"10":6},"Agents":[null,{"utility":76,"ID":1},{"utility":48,"ID":2},{"utility":38,"ID":3},{"utility":51,"ID":4},{"utility":0,"ID":5},{"utility":0,"ID":6},{"utility":66,"ID":7},{"utility":86,"ID":8},{"utility":84,"ID":9},{"utility":96,"ID":10},{"utility":84,"ID":11},{"utility":0,"ID":12},{"utility":82,"ID":13},{"utility":56,"ID":14},{"utility":14,"ID":15}],"LAST COALITION":[[],[{"utility":86,"ID":8},{"utility":14,"ID":15}],[{"utility":0,"ID":6}],[{"utility":51,"ID":4},{"utility":84,"ID":9}],[{"utility":76,"ID":1},{"utility":48,"ID":2}],[{"utility":82,"ID":13},{"utility":56,"ID":14}],[{"utility":0,"ID":12}],[{"utility":0,"ID":5}],[{"utility":38,"ID":3},{"utility":84,"ID":11}],[{"utility":66,"ID":7},{"utility":96,"ID":10}],[],[],[],[],[],[]],"STARTING COALITION: ":[[null],[{"utility":32,"ID":1},{"utility":64,"ID":7},{"utility":47,"ID":11}],[{"utility":30.666666666666668,"ID":2},{"utility":13.666666666666666,"ID":6},{"utility":19.333333333333332,"ID":9},{"utility":0,"ID":15}],[{"utility":0,"ID":3}],[],[{"utility":82,"ID":13},{"utility":56,"ID":14}],[{"utility":0,"ID":10},{"utility":88,"ID":12}],[{"utility":44,"ID":4},{"utility":8,"ID":5},{"utility":34,"ID":8}],[],[],[],[],[],[],[],[]],"CORE :":true,"LAST PARTITION":{"11":8,"12":6,"13":5,"14":5,"15":1,"1":4,"2":4,"3":8,"4":3,"5":7,"6":2,"7":9,"8":1,"9":3,"10":9}},{"STARTING PARTITION: ":{"11":1,"12":4,"13":5,"14":5,"15":3,"1":2,"2":3,"3":1,"4":2,"5":6,"6":1,"7":7,"8":4,"9":6,"10":6},"Agents":[null,{"utility":76,"ID":1},{"utility":48,"ID":2},{"utility":52.5,"ID":3},{"utility":51,"ID":4},{"utility":0,"ID":5},{"utility":0,"ID":6},{"utility":66,"ID":7},{"utility":86,"ID":8},{"utility":84,"ID":9},{"utility":96,"ID":10},{"utility":42,"ID":11},{"utility":0,"ID":12},{"utility":82,"ID":13},{"utility":56,"ID":14},{"utility":14,"ID":15}],"LAST COALITION":[[],[{"utility":52.5,"ID":3},{"utility":0,"ID":6},{"utility":42,"ID":11}],[{"utility":0,"ID":5}],[],[{"utility":0,"ID":12}],[{"utility":82,"ID":13},{"utility":56,"ID":14}],[{"utility":86,"ID":8},{"utility":14,"ID":15}],[],[{"utility":76,"ID":1},{"utility":48,"ID":2}],[{"utility":51,"ID":4},{"utility":84,"ID":9}],[{"utility":66,"ID":7},{"utility":96,"ID":10}],[],[],[],[],[]],"STARTING COALITION: ":[[null],[{"utility":52.5,"ID":3},{"utility":0,"ID":6},{"utility":42,"ID":11}],[{"utility":0,"ID":1},{"utility":0,"ID":4}],[{"utility":0,"ID":2},{"utility":0,"ID":15}],[{"utility":27,"ID":8},{"utility":0,"ID":12}],[{"utility":82,"ID":13},{"utility":56,"ID":14}],[{"utility":17,"ID":5},{"utility":18,"ID":9},{"utility":32.5,"ID":10}],[{"utility":0,"ID":7}],[],[],[],[],[],[],[],[]],"CORE :":true,"LAST PARTITION":{"11":1,"12":4,"13":5,"14":5,"15":6,"1":8,"2":8,"3":1,"4":9,"5":2,"6":1,"7":10,"8":6,"9":9,"10":10}},{"STARTING PARTITION: ":{"11":2,"12":4,"13":2,"14":4,"15":7,"1":5,"2":3,"3":6,"4":5,"5":1,"6":4,"7":5,"8":3,"9":5,"10":7},"Agents":[null,{"utility":76,"ID":1},{"utility":48,"ID":2},{"utility":38,"ID":3},{"utility":51,"ID":4},{"utility":0,"ID":5},{"utility":0,"ID":6},{"utility":66,"ID":7},{"utility":86,"ID":8},{"utility":84,"ID":9},{"utility":96,"ID":10},{"utility":84,"ID":11},{"utility":0,"ID":12},{"utility":82,"ID":13},{"utility":56,"ID":14},{"utility":14,"ID":15}],"LAST COALITION":[[],[{"utility":66,"ID":7},{"utility":96,"ID":10}],[{"utility":82,"ID":13},{"utility":56,"ID":14}],[{"utility":86,"ID":8},{"utility":14,"ID":15}],[{"utility":0,"ID":6}],[{"utility":0,"ID":12}],[{"utility":51,"ID":4},{"utility":84,"ID":9}],[],[{"utility":76,"ID":1},{"utility":48,"ID":2}],[{"utility":38,"ID":3},{"utility":84,"ID":11}],[{"utility":0,"ID":5}],[],[],[],[],[]],"STARTING COALITION: ":[[null],[{"utility":0,"ID":5}],[{"utility":0,"ID":11},{"utility":0,"ID":13}],[{"utility":1,"ID":2},{"utility":66,"ID":8}],[{"utility":0,"ID":6},{"utility":0,"ID":12},{"utility":15.5,"ID":14}],[{"utility":51.333333333333336,"ID":1},{"utility":17,"ID":4},{"utility":50.666666666666664,"ID":7},{"utility":28,"ID":9}],[{"utility":0,"ID":3}],[{"utility":36,"ID":10},{"utility":20,"ID":15}],[],[],[],[],[],[],[],[]],"CORE :":true,"LAST PARTITION":{"11":9,"12":5,"13":2,"14":2,"15":3,"1":8,"2":8,"3":9,"4":6,"5":10,"6":4,"7":1,"8":3,"9":6,"10":1}},{"STARTING PARTITION: ":{"11":6,"12":7,"13":6,"14":3,"15":6,"1":1,"2":6,"3":1,"4":3,"5":7,"6":5,"7":3,"8":6,"9":5,"10":3},"Agents":[null,{"utility":76,"ID":1},{"utility":48,"ID":2},{"utility":38,"ID":3},{"utility":51,"ID":4},{"utility":0,"ID":5},{"utility":0,"ID":6},{"utility":66,"ID":7},{"utility":86,"ID":8},{"utility":84,"ID":9},{"utility":96,"ID":10},{"utility":84,"ID":11},{"utility":0,"ID":12},{"utility":82,"ID":13},{"utility":56,"ID":14},{"utility":14,"ID":15}],"LAST COALITION":[[],[{"utility":51,"ID":4},{"utility":84,"ID":9}],[{"utility":76,"ID":1},{"utility":48,"ID":2}],[{"utility":66,"ID":7},{"utility":96,"ID":10}],[{"utility":38,"ID":3},{"utility":84,"ID":11}],[{"utility":0,"ID":6}],[{"utility":82,"ID":13},{"utility":56,"ID":14}],[],[{"utility":0,"ID":5}],[{"utility":86,"ID":8},{"utility":14,"ID":15}],[{"utility":0,"ID":12}],[],[],[],[],[]],"STARTING COALITION: ":[[null],[{"utility":0,"ID":1},{"utility":0,"ID":3}],[],[{"utility":13.333333333333334,"ID":4},{"utility":77.33333333333333,"ID":7},{"utility":32,"ID":10},{"utility":10,"ID":14}],[],[{"utility":41,"ID":6},{"utility":0,"ID":9}],[{"utility":0.25,"ID":2},{"utility":38,"ID":8},{"utility":0,"ID":11},{"utility":0,"ID":13},{"utility":3.5,"ID":15}],[{"utility":0,"ID":5},{"utility":0,"ID":12}],[],[],[],[],[],[],[],[]],"CORE :":true,"LAST PARTITION":{"11":4,"12":10,"13":6,"14":6,"15":9,"1":2,"2":2,"3":4,"4":1,"5":8,"6":5,"7":3,"8":9,"9":1,"10":3}},{"STARTING PARTITION: ":{"11":2,"12":3,"13":2,"14":5,"15":1,"1":2,"2":7,"3":1,"4":4,"5":7,"6":3,"7":2,"8":5,"9":6,"10":2},"Agents":[null,{"utility":76,"ID":1},{"utility":48,"ID":2},{"utility":38,"ID":3},{"utility":51,"ID":4},{"utility":0,"ID":5},{"utility":0,"ID":6},{"utility":66,"ID":7},{"utility":86,"ID":8},{"utility":84,"ID":9},{"utility":96,"ID":10},{"utility":84,"ID":11},{"utility":0,"ID":12},{"utility":82,"ID":13},{"utility":56,"ID":14},{"utility":14,"ID":15}],"LAST COALITION":[[],[{"utility":0,"ID":12}],[{"utility":82,"ID":13},{"utility":56,"ID":14}],[{"utility":0,"ID":6}],[{"utility":0,"ID":5}],[],[{"utility":66,"ID":7},{"utility":96,"ID":10}],[{"utility":86,"ID":8},{"utility":14,"ID":15}],[{"utility":76,"ID":1},{"utility":48,"ID":2}],[{"utility":38,"ID":3},{"utility":84,"ID":11}],[{"utility":51,"ID":4},{"utility":84,"ID":9}],[],[],[],[],[]],"STARTING COALITION: ":[[null],[{"utility":0,"ID":3},{"utility":97,"ID":15}],[{"utility":16,"ID":1},{"utility":48.5,"ID":7},{"utility":24,"ID":10},{"utility":23.5,"ID":11},{"utility":0,"ID":13}],[{"utility":0,"ID":6},{"utility":0,"ID":12}],[{"utility":0,"ID":4}],[{"utility":0,"ID":8},{"utility":17,"ID":14}],[{"utility":0,"ID":9}],[{"utility":0,"ID":2},{"utility":0,"ID":5}],[],[],[],[],[],[],[],[]],"CORE :":true,"LAST PARTITION":{"11":9,"12":1,"13":2,"14":2,"15":7,"1":8,"2":8,"3":9,"4":10,"5":4,"6":3,"7":6,"8":7,"9":10,"10":6}},{"END OF FILE:" : true}]