[{"STARTING PARTITION: ":{"11":5,"12":5,"13":4,"14":3,"15":6,"1":3,"2":2,"3":2,"4":5,"5":1,"6":4,"7":1,"8":4,"9":6,"10":4},"Agents":[null,{"utility":0,"ID":1},{"utility":86,"ID":2},{"utility":0,"ID":3},{"utility":99,"ID":4},{"utility":0,"ID":5},{"utility":7,"ID":6},{"utility":32,"ID":7},{"utility":97,"ID":8},{"utility":50,"ID":9},{"utility":92,"ID":10},{"utility":75,"ID":11},{"utility":71,"ID":12},{"utility":96,"ID":13},{"utility":26,"ID":14},{"utility":58,"ID":15}],"LAST COALITION":[[],[{"utility":97,"ID":8},{"utility":58,"ID":15}],[{"utility":0,"ID":3}],[{"utility":0,"ID":1}],[{"utility":7,"ID":6},{"utility":26,"ID":14}],[{"utility":32,"ID":7},{"utility":50,"ID":9}],[{"utility":71,"ID":12},{"utility":96,"ID":13}],[{"utility":86,"ID":2},{"utility":75,"ID":11}],[],[],[{"utility":99,"ID":4},{"utility":92,"ID":10}],[{"utility":0,"ID":5}],[],[],[],[]],"STARTING COALITION: ":[[null],[{"utility":0,"ID":5},{"utility":54,"ID":7}],[{"utility":0,"ID":2},{"utility":0,"ID":3}],[{"utility":0,"ID":1},{"utility":0,"ID":14}],[{"utility":39.333333333333336,"ID":6},{"utility":21,"ID":8},{"utility":53.333333333333336,"ID":10},{"utility":55.666666666666664,"ID":13}],[{"utility":0,"ID":4},{"utility":0,"ID":11},{"utility":0,"ID":12}],[{"utility":42,"ID":9},{"utility":0,"ID":15}],[],[],[],[],[],[],[],[],[]],"CORE :":true,"LAST PARTITION":{"11":7,"12":6,"13":6,"14":4,"15":1,"1":3,"2":7,"3":2,"4":10,"5":11,"6":4,"7":5,"8":1,"9":5,"10":10}},{"STARTING PARTITION: ":{"11":4,"12":5,"13":5,"14":1,"15":5,"1":2,"2":4,"3":3,"4":6,"5":7,"6":2,"7":3,"8":6,"9":2,"10":3},"Agents":[null,{"utility":0,"ID":1},{"utility":86,"ID":2},{"utility":0,"ID":3},{"utility":99,"ID":4},{"utility":0,"ID":5},{"utility":7,"ID":6},{"utility":32,"ID":7},{"utility":97,"ID":8},{"utility":50,"ID":9},{"utility":92,"ID":10},{"utility":75,"ID":11},{"utility":71,"ID":12},{"utility":96,"ID":13},{"utility":26,"ID":14},{"utility":58,"ID":15}],"LAST COALITION":[[],[],[{"utility":0,"ID":1}],[{"utility":0,"ID":3}],[{"utility":86,"ID":2},{"utility":75,"ID":11}],[{"utility":71,"ID":12},{"utility":96,"ID":13}],[{"utility":32,"ID":7},{"utility":50,"ID":9}],[{"utility":97,"ID":8},{"utility":58,"ID":15}],[{"utility":0,"ID":5}],[{"utility":99,"ID":4},{"utility":92,"ID":10}],[],[{"utility":7,"ID":6},{"utility":26,"ID":14}],[],[],[],[]],"STARTING COALITION: ":[[null],[{"utility":0,"ID":14}],[{"utility":27,"ID":1},{"utility":0,"ID":6},{"utility":24.5,"ID":9}],[{"utility":12,"ID":3},{"utility":45.5,"ID":7},{"utility":11,"ID":10}],[{"utility":86,"ID":2},{"utility":75,"ID":11}],[{"utility":80.5,"ID":12},{"utility":48,"ID":13},{"utility":14,"ID":15}],[{"utility":0,"ID":4},{"utility":0,"ID":8}],[{"utility":0,"ID":5}],[],[],[],[],[],[],[],[]],"CORE :":true,"LAST PARTITION":{"11":4,"12":5,"13":5,"14":11,"15":7,"1":2,"2":4,"3":3,"4":9,"5":8,"6":11,"7":6,"8":7,"9":6,"10":9}},{"STARTING PARTITION: ":{"11":2,"12":6,"13":1,"14":3,"15":4,"1":7,"2":3,"3":3,"4":6,"5":5,"6":7,"7":6,"8":2,"9":7,"10":5},"Agents":[null,{"utility":0,"ID":1},{"utility":86,"ID":2},{"utility":0,"ID":3},{"utility":99,"ID":4},{"utility":0,"ID":5},{"utility":7,"ID":6},{"utility":32,"ID":7},{"utility":97,"ID":8},{"utility":50,"ID":9},{"utility":92,"ID":10},{"utility":75,"ID":11},{"utility":71,"ID":12},{"utility":96,"ID":13},{"utility":26,"ID":14},{"utility":58,"ID":15}],"LAST COALITION":[[],[{"utility":7,"ID":6},{"utility":26,"ID":14}],[],[{"utility":0,"ID":3}],[{"utility":71,"ID":12},{"utility":96,"ID":13}],[{"utility":32,"ID":7},{"utility":50,"ID":9}],[{"utility":97,"ID":8},{"utility":58,"ID":15}],[{"utility":0,"ID":1}],[{"utility":86,"ID":2},{"utility":75,"ID":11}],[],[{"utility":99,"ID":4},{"utility":92,"ID":10}],[{"utility":0,"ID":5}],[],[],[],[]],"STARTING COALITION: ":[[null],[{"utility":0,"ID":13}],[{"utility":0,"ID":8},{"utility":0,"ID":11}],[{"utility":39,"ID":2},{"utility":0,"ID":3},{"utility":13.5,"ID":14}],[{"utility":0,"ID":15}],[{"utility":69,"ID":5},{"utility":0,"ID":10}],[{"utility":0,"ID":4},{"utility":41,"ID":7},{"utility":0,"ID":12}],[{"utility":27,"ID":1},{"utility":0,"ID":6},{"utility":24.5,"ID":9}],[],[],[],[],[],[],[],[]],"CORE :":true,"LAST PARTITION":{"11":8,"12":4,"13":4,"14":1,"15":6,"1":7,"2":8,"3":3,"4":10,"5":11,"6":1,"7":5,"8":6,"9":5,"10":10}},{"STARTING PARTITION: ":{"11":6,"12":5,"13":4,"14":1,"15":3,"1":3,"2":1,"3":3,"4":3,"5":7,"6":5,"7":7,"8":4,"9":4,"10":2},"Agents":[null,{"utility":0,"ID":1},{"utility":86,"ID":2},{"utility":68,"ID":3},{"utility":99,"ID":4},{"utility":0,"ID":5},{"utility":7,"ID":6},{"utility":32,"ID":7},{"utility":97,"ID":8},{"utility":50,"ID":9},{"utility":92,"ID":10},{"utility":75,"ID":11},{"utility":71,"ID":12},{"utility":96,"ID":13},{"utility":26,"ID":14},{"utility":58,"ID":15}],"LAST COALITION":[[],[],[{"utility":0,"ID":5}],[{"utility":0,"ID":1},{"utility":68,"ID":3}],[{"utility":7,"ID":6},{"utility":26,"ID":14}],[],[{"utility":99,"ID":4},{"utility":92,"ID":10}],[{"utility":97,"ID":8},{"utility":58,"ID":15}],[{"utility":86,"ID":2},{"utility":75,"ID":11}],[{"utility":32,"ID":7},{"utility":50,"ID":9}],[{"utility":71,"ID":12},{"utility":96,"ID":13}],[],[],[],[],[]],"STARTING COALITION: ":[[null],[{"utility":78,"ID":2},{"utility":27,"ID":14}],[{"utility":0,"ID":10}],[{"utility":0,"ID":1},{"utility":47.333333333333336,"ID":3},{"utility":15.666666666666666,"ID":4},{"utility":0,"ID":15}],[{"utility":0,"ID":8},{"utility":34.5,"ID":9},{"utility":43,"ID":13}],[{"utility":87,"ID":6},{"utility":62,"ID":12}],[{"utility":0,"ID":11}],[{"utility":0,"ID":5},{"utility":54,"ID":7}],[],[],[],[],[],[],[],[]],"CORE :":true,"LAST PARTITION":{"11":8,"12":10,"13":10,"14":4,"15":7,"1":3,"2":8,"3":3,"4":6,"5":2,"6":4,"7":9,"8":7,"9":9,"10":6}},{"STARTING PARTITION: ":{"11":5,"12":7,"13":3,"14":4,"15":5,"1":4,"2":4,"3":3,"4":7,"5":7,"6":2,"7":6,"8":1,"9":4,"10":6},"Agents":[null,{"utility":0,"ID":1},{"utility":86,"ID":2},{"utility":0,"ID":3},{"utility":99,"ID":4},{"utility":0,"ID":5},{"utility":7,"ID":6},{"utility":32,"ID":7},{"utility":97,"ID":8},{"utility":50,"ID":9},{"utility":92,"ID":10},{"utility":75,"ID":11},{"utility":71,"ID":12},{"utility":96,"ID":13},{"utility":26,"ID":14},{"utility":58,"ID":15}],"LAST COALITION":[[],[],[{"utility":99,"ID":4},{"utility":92,"ID":10}],[{"utility":0,"ID":3}],[{"utility":0,"ID":1}],[{"utility":71,"ID":12},{"utility":96,"ID":13}],[{"utility":97,"ID":8},{"utility":58,"ID":15}],[{"utility":32,"ID":7},{"utility":50,"ID":9}],[{"utility":86,"ID":2},{"utility":75,"ID":11}],[{"utility":7,"ID":6},{"utility":26,"ID":14}],[],[{"utility":0,"ID":5}],[],[],[],[]],"STARTING COALITION: ":[[null],[{"utility":0,"ID":8}],[{"utility":0,"ID":6}],[{"utility":0,"ID":3},{"utility":34,"ID":13}],[{"utility":10,"ID":1},{"utility":33,"ID":2},{"utility":0,"ID":9},{"utility":42,"ID":14}],[{"utility":0,"ID":11},{"utility":0,"ID":15}],[{"utility":91,"ID":7},{"utility":0,"ID":10}],[{"utility":7.5,"ID":4},{"utility":22,"ID":5},{"utility":0,"ID":12}],[],[],[],[],[],[],[],[]],"CORE :":true,"LAST PARTITION":{"11":8,"12":5,"13":5,"14":9,"15":6,"1":4,"2":8,"3":3,"4":2,"5":11,"6":9,"7":7,"8":6,"9":7,"10":2}},{"STARTING PARTITION: ":{"11":6,"12":4,"13":2,"14":6,"15":3,"1":7,"2":3,"3":7,"4":1,"5":6,"6":6,"7":3,"8":4,"9":4,"10":3},"Agents":[null,{"utility":0,"ID":1},{"utility":86,"ID":2},{"utility":68,"ID":3},{"utility":99,"ID":4},{"utility":0,"ID":5},{"utility":7,"ID":6},{"utility":32,"ID":7},{"utility":97,"ID":8},{"utility":50,"ID":9},{"utility":92,"ID":10},{"utility":75,"ID":11},{"utility":71,"ID":12},{"utility":96,"ID":13},{"utility":26,"ID":14},{"utility":58,"ID":15}],"LAST COALITION":[[],[],[{"utility":7,"ID":6},{"utility":26,"ID":14}],[{"utility":97,"ID":8},{"utility":58,"ID":15}],[{"utility":0,"ID":5}],[{"utility":86,"ID":2},{"utility":75,"ID":11}],[],[{"utility":0,"ID":1},{"utility":68,"ID":3}],[{"utility":71,"ID":12},{"utility":96,"ID":13}],[{"utility":99,"ID":4},{"utility":92,"ID":10}],[],[{"utility":32,"ID":7},{"utility":50,"ID":9}],[],[],[],[]],"STARTING COALITION: ":[[null],[{"utility":0,"ID":4}],[{"utility":0,"ID":13}],[{"utility":38.333333333333336,"ID":2},{"utility":38.666666666666664,"ID":7},{"utility":30.666666666666668,"ID":10},{"utility":27,"ID":15}],[{"utility":0,"ID":8},{"utility":0,"ID":9},{"utility":30,"ID":12}],[],[{"utility":28.666666666666668,"ID":5},{"utility":13.333333333333334,"ID":6},{"utility":23.666666666666668,"ID":11},{"utility":8.666666666666666,"ID":14}],[{"utility":0,"ID":1},{"utility":68,"ID":3}],[],[],[],[],[],[],[],[]],"CORE :":true,"LAST PARTITION":{"11":5,"12":8,"13":8,"14":2,"15":3,"1":7,"2":5,"3":7,"4":9,"5":4,"6":2,"7":11,"8":3,"9":11,"10":9}},{"STARTING PARTITION: ":{"11":6,"12":3,"13":5,"14":7,"15":5,"1":1,"2":4,"3":7,"4":4,"5":2,"6":2,"7":7,"8":5,"9":1,"10":4},"Agents":[null,{"utility":0,"ID":1},{"utility":86,"ID":2},{"utility":0,"ID":3},{"utility":99,"ID":4},{"utility":0,"ID":5},{"utility":7,"ID":6},{"utility":32,"ID":7},{"utility":97,"ID":8},{"utility":50,"ID":9},{"utility":92,"ID":10},{"utility":75,"ID":11},{"utility":71,"ID":12},{"utility":96,"ID":13},{"utility":26,"ID":14},{"utility":58,"ID":15}],"LAST COALITION":[[],[{"utility":0,"ID":1}],[{"utility":0,"ID":5}],[{"utility":32,"ID":7},{"utility":50,"ID":9}],[{"utility":99,"ID":4},{"utility":92,"ID":10}],[{"utility":7,"ID":6},{"utility":26,"ID":14}],[],[{"utility":0,"ID":3}],[{"utility":97,"ID":8},{"utility":58,"ID":15}],[{"utility":86,"ID":2},{"utility":75,"ID":11}],[{"utility":71,"ID":12},{"utility":96,"ID":13}],[],[],[],[],[]],"STARTING COALITION: ":[[null],[{"utility":0,"ID":1},{"utility":0,"ID":9}],[{"utility":0,"ID":5},{"utility":0,"ID":6}],[{"utility":0,"ID":12}],[{"utility":0,"ID":2},{"utility":49.5,"ID":4},{"utility":46,"ID":10}],[{"utility":48.5,"ID":8},{"utility":43,"ID":13},{"utility":43,"ID":15}],[{"utility":0,"ID":11}],[{"utility":12,"ID":3},{"utility":0,"ID":7},{"utility":10,"ID":14}],[],[],[],[],[],[],[],[]],"CORE :":true,"LAST PARTITION":{"11":9,"12":10,"13":10,"14":5,"15":8,"1":1,"2":9,"3":7,"4":4,"5":2,"6":5,"7":3,"8":8,"9":3,"10":4}},{"STARTING PARTITION: ":{"11":4,"12":5,"13":7,"14":3,"15":1,"1":7,"2":5,"3":6,"4":5,"5":6,"6":5,"7":4,"8":1,"9":1,"10":5},"Agents":[null,{"utility":0,"ID":1},{"utility":86,"ID":2},{"utility":0,"ID":3},{"utility":99,"ID":4},{"utility":0,"ID":5},{"utility":7,"ID":6},{"utility":32,"ID":7},{"utility":97,"ID":8},{"utility":50,"ID":9},{"utility":92,"ID":10},{"utility":75,"ID":11},{"utility":71,"ID":12},{"utility":96,"ID":13},{"utility":26,"ID":14},{"utility":58,"ID":15}],"LAST COALITION":[[],[{"utility":97,"ID":8},{"utility":58,"ID":15}],[{"utility":71,"ID":12},{"utility":96,"ID":13}],[],[{"utility":99,"ID":4},{"utility":92,"ID":10}],[],[{"utility":0,"ID":3},{"utility":0,"ID":5}],[{"utility":0,"ID":1}],[{"utility":86,"ID":2},{"utility":75,"ID":11}],[{"utility":32,"ID":7},{"utility":50,"ID":9}],[{"utility":7,"ID":6},{"utility":26,"ID":14}],[],[],[],[],[]],"STARTING COALITION: ":[[null],[{"utility":48.5,"ID":8},{"utility":21,"ID":9},{"utility":29,"ID":15}],[],[{"utility":0,"ID":14}],[{"utility":0,"ID":7},{"utility":0,"ID":11}],[{"utility":0,"ID":2},{"utility":32.75,"ID":4},{"utility":40.25,"ID":6},{"utility":47,"ID":10},{"utility":42.5,"ID":12}],[{"utility":0,"ID":3},{"utility":0,"ID":5}],[{"utility":41,"ID":1},{"utility":0,"ID":13}],[],[],[],[],[],[],[],[]],"CORE :":true,"LAST PARTITION":{"11":8,"12":2,"13":2,"14":10,"15":1,"1":7,"2":8,"3":6,"4":4,"5":6,"6":10,"7":9,"8":1,"9":9,"10":4}},{"STARTING PARTITION: ":{"11":4,"12":5,"13":6,"14":3,"15":4,"1":4,"2":4,"3":4,"4":7,"5":1,"6":1,"7":5,"8":5,"9":2,"10":4},"Agents":[null,{"utility":0,"ID":1},{"utility":86,"ID":2},{"utility":68,"ID":3},{"utility":99,"ID":4},{"utility":0,"ID":5},{"utility":7,"ID":6},{"utility":32,"ID":7},{"utility":97,"ID":8},{"utility":50,"ID":9},{"utility":92,"ID":10},{"utility":75,"ID":11},{"utility":71,"ID":12},{"utility":96,"ID":13},{"utility":26,"ID":14},{"utility":58,"ID":15}],"LAST COALITION":[[],[{"utility":99,"ID":4},{"utility":92,"ID":10}],[{"utility":97,"ID":8},{"utility":58,"ID":15}],[],[{"utility":0,"ID":1},{"utility":68,"ID":3}],[{"utility":32,"ID":7},{"utility":50,"ID":9}],[{"utility":7,"ID":6},{"utility":26,"ID":14}],[],[{"utility":71,"ID":12},{"utility":96,"ID":13}],[{"utility":86,"ID":2},{"utility":75,"ID":11}],[],[{"utility":0,"ID":5}],[],[],[],[]],"STARTING COALITION: ":[[null],[{"utility":0,"ID":5},{"utility":0,"ID":6}],[{"utility":0,"ID":9}],[{"utility":0,"ID":14}],[{"utility":9.2,"ID":1},{"utility":30.2,"ID":2},{"utility":32.6,"ID":3},{"utility":22.8,"ID":10},{"utility":23.4,"ID":11},{"utility":0,"ID":15}],[{"utility":0,"ID":7},{"utility":0,"ID":8},{"utility":0,"ID":12}],[{"utility":0,"ID":13}],[{"utility":0,"ID":4}],[],[],[],[],[],[],[],[]],"CORE :":true,"LAST PARTITION":{"11":9,"12":8,"13":8,"14":6,"15":2,"1":4,"2":9,"3":4,"4":1,"5":11,"6":6,"7":5,"8":2,"9":5,"10":1}},{"STARTING PARTITION: ":{"11":3,"12":7,"13":3,"14":1,"15":2,"1":6,"2":4,"3":6,"4":6,"5":4,"6":6,"7":5,"8":5,"9":6,"10":7},"Agents":[null,{"utility":0,"ID":1},{"utility":86,"ID":2},{"utility":68,"ID":3},{"utility":99,"ID":4},{"utility":0,"ID":5},{"utility":7,"ID":6},{"utility":32,"ID":7},{"utility":97,"ID":8},{"utility":50,"ID":9},{"utility":92,"ID":10},{"utility":75,"ID":11},{"utility":71,"ID":12},{"utility":96,"ID":13},{"utility":26,"ID":14},{"utility":58,"ID":15}],"LAST COALITION":[[],[],[{"utility":71,"ID":12},{"utility":96,"ID":13}],[{"utility":7,"ID":6},{"utility":26,"ID":14}],[],[{"utility":32,"ID":7},{"utility":50,"ID":9}],[{"utility":0,"ID":1},{"utility":68,"ID":3}],[{"utility":97,"ID":8},{"utility":58,"ID":15}],[],[{"utility":86,"ID":2},{"utility":75,"ID":11}],[{"utility":99,"ID":4},{"utility":92,"ID":10}],[{"utility":0,"ID":5}],[],[],[],[]],"STARTING COALITION: ":[[null],[{"utility":0,"ID":14}],[{"utility":0,"ID":15}],[{"utility":0,"ID":11},{"utility":0,"ID":13}],[{"utility":0,"ID":2},{"utility":0,"ID":5}],[{"utility":0,"ID":7},{"utility":0,"ID":8}],[{"utility":13.5,"ID":1},{"utility":24,"ID":3},{"utility":34.75,"ID":4},{"utility":18.5,"ID":6},{"utility":12.25,"ID":9}],[{"utility":0,"ID":10},{"utility":61,"ID":12}],[],[],[],[],[],[],[],[]],"CORE :":true,"LAST PARTITION":{"11":9,"12":2,"13":2,"14":3,"15":7,"1":6,"2":9,"3":6,"4":10,"5":11,"6":3,"7":5,"8":7,"9":5,"10":10}},{"END OF FILE:" : true}]