[{"STARTING PARTITION: ":{"11":2,"12":1,"13":1,"14":4,"15":2,"1":7,"2":7,"3":3,"4":5,"5":3,"6":4,"7":7,"8":6,"9":2,"10":7},"Agents":[null,{"utility":26,"ID":1},{"utility":51,"ID":2},{"utility":52,"ID":3},{"utility":12,"ID":4},{"utility":42,"ID":5},{"utility":0,"ID":6},{"utility":64,"ID":7},{"utility":16,"ID":8},{"utility":69,"ID":9},{"utility":56,"ID":10},{"utility":0,"ID":11},{"utility":25,"ID":12},{"utility":63,"ID":13},{"utility":93,"ID":14},{"utility":80,"ID":15}],"LAST COALITION":[[],[],[{"utility":0,"ID":11},{"utility":80,"ID":15}],[{"utility":63,"ID":13},{"utility":93,"ID":14}],[{"utility":52,"ID":3},{"utility":25,"ID":12}],[{"utility":42,"ID":5},{"utility":16,"ID":8}],[],[{"utility":64,"ID":7},{"utility":56,"ID":10}],[{"utility":26,"ID":1},{"utility":51,"ID":2}],[{"utility":0,"ID":6}],[{"utility":12,"ID":4},{"utility":69,"ID":9}],[],[],[],[],[]],"STARTING COALITION: ":[[null],[{"utility":29,"ID":12},{"utility":0,"ID":13}],[{"utility":0,"ID":9},{"utility":31,"ID":11},{"utility":40,"ID":15}],[{"utility":0,"ID":3},{"utility":0,"ID":5}],[{"utility":0,"ID":6},{"utility":12,"ID":14}],[{"utility":0,"ID":4}],[{"utility":0,"ID":8}],[{"utility":8.666666666666666,"ID":1},{"utility":22.333333333333332,"ID":2},{"utility":21.333333333333332,"ID":7},{"utility":42,"ID":10}],[],[],[],[],[],[],[],[]],"CORE :":true,"LAST PARTITION":{"11":2,"12":4,"13":3,"14":3,"15":2,"1":8,"2":8,"3":4,"4":10,"5":5,"6":9,"7":7,"8":5,"9":10,"10":7}},{"STARTING PARTITION: ":{"11":3,"12":6,"13":1,"14":6,"15":2,"1":1,"2":2,"3":4,"4":7,"5":3,"6":5,"7":2,"8":4,"9":1,"10":5},"Agents":[null,{"utility":26,"ID":1},{"utility":51,"ID":2},{"utility":52,"ID":3},{"utility":12,"ID":4},{"utility":42,"ID":5},{"utility":0,"ID":6},{"utility":64,"ID":7},{"utility":16,"ID":8},{"utility":69,"ID":9},{"utility":56,"ID":10},{"utility":0,"ID":11},{"utility":25,"ID":12},{"utility":63,"ID":13},{"utility":93,"ID":14},{"utility":0,"ID":15}],"LAST COALITION":[[],[],[{"utility":0,"ID":15}],[{"utility":0,"ID":11}],[{"utility":64,"ID":7},{"utility":56,"ID":10}],[{"utility":12,"ID":4},{"utility":69,"ID":9}],[],[{"utility":42,"ID":5},{"utility":16,"ID":8}],[{"utility":26,"ID":1},{"utility":51,"ID":2}],[{"utility":52,"ID":3},{"utility":25,"ID":12}],[{"utility":63,"ID":13},{"utility":93,"ID":14}],[{"utility":0,"ID":6}],[],[],[],[]],"STARTING COALITION: ":[[null],[{"utility":0,"ID":1},{"utility":0,"ID":9},{"utility":35,"ID":13}],[{"utility":8,"ID":2},{"utility":0,"ID":7},{"utility":49,"ID":15}],[{"utility":0,"ID":5},{"utility":8,"ID":11}],[{"utility":0,"ID":3},{"utility":0,"ID":8}],[{"utility":0,"ID":6},{"utility":0,"ID":10}],[{"utility":19,"ID":12},{"utility":0,"ID":14}],[{"utility":0,"ID":4}],[],[],[],[],[],[],[],[]],"CORE :":true,"LAST PARTITION":{"11":3,"12":9,"13":10,"14":10,"15":2,"1":8,"2":8,"3":9,"4":5,"5":7,"6":11,"7":4,"8":7,"9":5,"10":4}},{"STARTING PARTITION: ":{"11":7,"12":4,"13":2,"14":4,"15":6,"1":7,"2":7,"3":7,"4":6,"5":7,"6":6,"7":5,"8":3,"9":2,"10":2},"Agents":[null,{"utility":26,"ID":1},{"utility":51,"ID":2},{"utility":52,"ID":3},{"utility":12,"ID":4},{"utility":42,"ID":5},{"utility":0,"ID":6},{"utility":64,"ID":7},{"utility":16,"ID":8},{"utility":69,"ID":9},{"utility":56,"ID":10},{"utility":0,"ID":11},{"utility":25,"ID":12},{"utility":63,"ID":13},{"utility":93,"ID":14},{"utility":0,"ID":15}],"LAST COALITION":[[],[{"utility":26,"ID":1},{"utility":51,"ID":2}],[],[{"utility":64,"ID":7},{"utility":56,"ID":10}],[],[{"utility":0,"ID":6}],[{"utility":0,"ID":15}],[{"utility":0,"ID":11}],[{"utility":52,"ID":3},{"utility":25,"ID":12}],[{"utility":63,"ID":13},{"utility":93,"ID":14}],[{"utility":12,"ID":4},{"utility":69,"ID":9}],[{"utility":42,"ID":5},{"utility":16,"ID":8}],[],[],[],[]],"STARTING COALITION: ":[[null],[],[{"utility":0,"ID":9},{"utility":0,"ID":10},{"utility":19.5,"ID":13}],[{"utility":0,"ID":8}],[{"utility":19,"ID":12},{"utility":0,"ID":14}],[{"utility":0,"ID":7}],[{"utility":0,"ID":4},{"utility":0,"ID":6},{"utility":7.5,"ID":15}],[{"utility":20.75,"ID":1},{"utility":41.75,"ID":2},{"utility":16.75,"ID":3},{"utility":0,"ID":5},{"utility":18.25,"ID":11}],[],[],[],[],[],[],[],[]],"CORE :":true,"LAST PARTITION":{"11":7,"12":8,"13":9,"14":9,"15":6,"1":1,"2":1,"3":8,"4":10,"5":11,"6":5,"7":3,"8":11,"9":10,"10":3}},{"STARTING PARTITION: ":{"11":1,"12":7,"13":2,"14":1,"15":1,"1":1,"2":2,"3":3,"4":2,"5":6,"6":5,"7":4,"8":7,"9":5,"10":6},"Agents":[null,{"utility":26,"ID":1},{"utility":51,"ID":2},{"utility":52,"ID":3},{"utility":12,"ID":4},{"utility":42,"ID":5},{"utility":0,"ID":6},{"utility":64,"ID":7},{"utility":16,"ID":8},{"utility":69,"ID":9},{"utility":56,"ID":10},{"utility":0,"ID":11},{"utility":25,"ID":12},{"utility":63,"ID":13},{"utility":93,"ID":14},{"utility":80,"ID":15}],"LAST COALITION":[[],[{"utility":0,"ID":11},{"utility":80,"ID":15}],[],[{"utility":52,"ID":3},{"utility":25,"ID":12}],[{"utility":0,"ID":6}],[{"utility":42,"ID":5},{"utility":16,"ID":8}],[{"utility":64,"ID":7},{"utility":56,"ID":10}],[{"utility":63,"ID":13},{"utility":93,"ID":14}],[{"utility":26,"ID":1},{"utility":51,"ID":2}],[],[{"utility":12,"ID":4},{"utility":69,"ID":9}],[],[],[],[],[]],"STARTING COALITION: ":[[null],[{"utility":19,"ID":1},{"utility":0,"ID":11},{"utility":20.666666666666668,"ID":14},{"utility":53,"ID":15}],[{"utility":2,"ID":2},{"utility":29,"ID":4},{"utility":0,"ID":13}],[{"utility":0,"ID":3}],[{"utility":0,"ID":7}],[{"utility":0,"ID":6},{"utility":0,"ID":9}],[{"utility":0,"ID":5},{"utility":0,"ID":10}],[{"utility":0,"ID":8},{"utility":0,"ID":12}],[],[],[],[],[],[],[],[]],"CORE :":true,"LAST PARTITION":{"11":1,"12":3,"13":7,"14":7,"15":1,"1":8,"2":8,"3":3,"4":10,"5":5,"6":4,"7":6,"8":5,"9":10,"10":6}},{"STARTING PARTITION: ":{"11":7,"12":6,"13":5,"14":6,"15":3,"1":7,"2":3,"3":7,"4":7,"5":1,"6":2,"7":6,"8":1,"9":7,"10":1},"Agents":[null,{"utility":26,"ID":1},{"utility":51,"ID":2},{"utility":52,"ID":3},{"utility":12,"ID":4},{"utility":42,"ID":5},{"utility":0,"ID":6},{"utility":64,"ID":7},{"utility":16,"ID":8},{"utility":69,"ID":9},{"utility":56,"ID":10},{"utility":0,"ID":11},{"utility":25,"ID":12},{"utility":63,"ID":13},{"utility":93,"ID":14},{"utility":0,"ID":15}],"LAST COALITION":[[],[{"utility":42,"ID":5},{"utility":16,"ID":8}],[{"utility":52,"ID":3},{"utility":25,"ID":12}],[{"utility":0,"ID":15}],[{"utility":64,"ID":7},{"utility":56,"ID":10}],[],[],[{"utility":0,"ID":11}],[{"utility":26,"ID":1},{"utility":51,"ID":2}],[{"utility":63,"ID":13},{"utility":93,"ID":14}],[{"utility":12,"ID":4},{"utility":69,"ID":9}],[{"utility":0,"ID":6}],[],[],[],[]],"STARTING COALITION: ":[[null],[{"utility":21,"ID":5},{"utility":8,"ID":8},{"utility":0,"ID":10}],[{"utility":0,"ID":6}],[{"utility":0,"ID":2},{"utility":0,"ID":15}],[],[{"utility":0,"ID":13}],[{"utility":50.5,"ID":7},{"utility":10.5,"ID":12},{"utility":0,"ID":14}],[{"utility":28,"ID":1},{"utility":39.75,"ID":3},{"utility":3,"ID":4},{"utility":17.25,"ID":9},{"utility":16.5,"ID":11}],[],[],[],[],[],[],[],[]],"CORE :":true,"LAST PARTITION":{"11":7,"12":2,"13":9,"14":9,"15":3,"1":8,"2":8,"3":2,"4":10,"5":1,"6":11,"7":4,"8":1,"9":10,"10":4}},{"STARTING PARTITION: ":{"11":4,"12":3,"13":1,"14":1,"15":6,"1":3,"2":7,"3":1,"4":4,"5":7,"6":1,"7":7,"8":4,"9":4,"10":1},"Agents":[null,{"utility":26,"ID":1},{"utility":51,"ID":2},{"utility":52,"ID":3},{"utility":12,"ID":4},{"utility":42,"ID":5},{"utility":0,"ID":6},{"utility":64,"ID":7},{"utility":16,"ID":8},{"utility":69,"ID":9},{"utility":56,"ID":10},{"utility":0,"ID":11},{"utility":25,"ID":12},{"utility":63,"ID":13},{"utility":93,"ID":14},{"utility":0,"ID":15}],"LAST COALITION":[[],[{"utility":63,"ID":13},{"utility":93,"ID":14}],[{"utility":52,"ID":3},{"utility":25,"ID":12}],[{"utility":42,"ID":5},{"utility":16,"ID":8}],[{"utility":0,"ID":11}],[{"utility":26,"ID":1},{"utility":51,"ID":2}],[{"utility":0,"ID":15}],[{"utility":12,"ID":4},{"utility":69,"ID":9}],[{"utility":64,"ID":7},{"utility":56,"ID":10}],[{"utility":0,"ID":6}],[],[],[],[],[],[]],"STARTING COALITION: ":[[null],[{"utility":28.75,"ID":3},{"utility":7.25,"ID":6},{"utility":12.75,"ID":10},{"utility":15.75,"ID":13},{"utility":29.5,"ID":14}],[],[{"utility":36,"ID":1},{"utility":0,"ID":12}],[{"utility":23.666666666666668,"ID":4},{"utility":4.666666666666667,"ID":8},{"utility":23,"ID":9},{"utility":41.666666666666664,"ID":11}],[],[{"utility":0,"ID":15}],[{"utility":25,"ID":2},{"utility":44.5,"ID":5},{"utility":0,"ID":7}],[],[],[],[],[],[],[],[]],"CORE :":true,"LAST PARTITION":{"11":4,"12":2,"13":1,"14":1,"15":6,"1":5,"2":5,"3":2,"4":7,"5":3,"6":9,"7":8,"8":3,"9":7,"10":8}},{"STARTING PARTITION: ":{"11":1,"12":3,"13":5,"14":6,"15":4,"1":6,"2":6,"3":3,"4":4,"5":3,"6":5,"7":1,"8":1,"9":6,"10":1},"Agents":[null,{"utility":26,"ID":1},{"utility":51,"ID":2},{"utility":52,"ID":3},{"utility":12,"ID":4},{"utility":42,"ID":5},{"utility":0,"ID":6},{"utility":64,"ID":7},{"utility":16,"ID":8},{"utility":69,"ID":9},{"utility":56,"ID":10},{"utility":0,"ID":11},{"utility":25,"ID":12},{"utility":63,"ID":13},{"utility":93,"ID":14},{"utility":0,"ID":15}],"LAST COALITION":[[],[{"utility":0,"ID":11}],[{"utility":26,"ID":1},{"utility":51,"ID":2}],[{"utility":63,"ID":13},{"utility":93,"ID":14}],[{"utility":0,"ID":15}],[],[],[{"utility":42,"ID":5},{"utility":16,"ID":8}],[{"utility":52,"ID":3},{"utility":25,"ID":12}],[{"utility":12,"ID":4},{"utility":69,"ID":9}],[{"utility":64,"ID":7},{"utility":56,"ID":10}],[{"utility":0,"ID":6}],[],[],[],[]],"STARTING COALITION: ":[[null],[{"utility":21.333333333333332,"ID":7},{"utility":12.333333333333334,"ID":8},{"utility":18.666666666666668,"ID":10},{"utility":20,"ID":11}],[],[{"utility":26,"ID":3},{"utility":0,"ID":5},{"utility":62,"ID":12}],[{"utility":0,"ID":4},{"utility":15,"ID":15}],[{"utility":0,"ID":6},{"utility":0,"ID":13}],[{"utility":8.666666666666666,"ID":1},{"utility":30.666666666666668,"ID":2},{"utility":0,"ID":9},{"utility":20.666666666666668,"ID":14}],[],[],[],[],[],[],[],[],[]],"CORE :":true,"LAST PARTITION":{"11":1,"12":8,"13":3,"14":3,"15":4,"1":2,"2":2,"3":8,"4":9,"5":7,"6":11,"7":10,"8":7,"9":9,"10":10}},{"STARTING PARTITION: ":{"11":3,"12":1,"13":6,"14":4,"15":4,"1":2,"2":6,"3":4,"4":7,"5":3,"6":5,"7":1,"8":4,"9":2,"10":5},"Agents":[null,{"utility":26,"ID":1},{"utility":51,"ID":2},{"utility":52,"ID":3},{"utility":12,"ID":4},{"utility":42,"ID":5},{"utility":0,"ID":6},{"utility":64,"ID":7},{"utility":16,"ID":8},{"utility":69,"ID":9},{"utility":56,"ID":10},{"utility":0,"ID":11},{"utility":25,"ID":12},{"utility":63,"ID":13},{"utility":93,"ID":14},{"utility":0,"ID":15}],"LAST COALITION":[[],[{"utility":63,"ID":13},{"utility":93,"ID":14}],[{"utility":42,"ID":5},{"utility":16,"ID":8}],[{"utility":0,"ID":11}],[{"utility":0,"ID":15}],[{"utility":12,"ID":4},{"utility":69,"ID":9}],[],[{"utility":64,"ID":7},{"utility":56,"ID":10}],[{"utility":26,"ID":1},{"utility":51,"ID":2}],[{"utility":52,"ID":3},{"utility":25,"ID":12}],[],[{"utility":0,"ID":6}],[],[],[],[]],"STARTING COALITION: ":[[null],[{"utility":10,"ID":7},{"utility":2,"ID":12}],[{"utility":0,"ID":1},{"utility":0,"ID":9}],[{"utility":0,"ID":5},{"utility":8,"ID":11}],[{"utility":14,"ID":3},{"utility":0,"ID":8},{"utility":27.333333333333332,"ID":14},{"utility":0,"ID":15}],[{"utility":0,"ID":6},{"utility":0,"ID":10}],[{"utility":0,"ID":2},{"utility":0,"ID":13}],[{"utility":0,"ID":4}],[],[],[],[],[],[],[],[]],"CORE :":true,"LAST PARTITION":{"11":3,"12":9,"13":1,"14":1,"15":4,"1":8,"2":8,"3":9,"4":5,"5":2,"6":11,"7":7,"8":2,"9":5,"10":7}},{"STARTING PARTITION: ":{"11":4,"12":7,"13":6,"14":7,"15":4,"1":4,"2":1,"3":3,"4":6,"5":7,"6":4,"7":2,"8":5,"9":6,"10":4},"Agents":[null,{"utility":26,"ID":1},{"utility":51,"ID":2},{"utility":52,"ID":3},{"utility":12,"ID":4},{"utility":42,"ID":5},{"utility":0,"ID":6},{"utility":64,"ID":7},{"utility":16,"ID":8},{"utility":69,"ID":9},{"utility":56,"ID":10},{"utility":0,"ID":11},{"utility":25,"ID":12},{"utility":63,"ID":13},{"utility":93,"ID":14},{"utility":80,"ID":15}],"LAST COALITION":[[],[{"utility":52,"ID":3},{"utility":25,"ID":12}],[{"utility":0,"ID":6}],[{"utility":63,"ID":13},{"utility":93,"ID":14}],[{"utility":0,"ID":11},{"utility":80,"ID":15}],[{"utility":64,"ID":7},{"utility":56,"ID":10}],[],[],[{"utility":26,"ID":1},{"utility":51,"ID":2}],[{"utility":12,"ID":4},{"utility":69,"ID":9}],[{"utility":42,"ID":5},{"utility":16,"ID":8}],[],[],[],[],[]],"STARTING COALITION: ":[[null],[{"utility":0,"ID":2}],[{"utility":0,"ID":7}],[{"utility":0,"ID":3}],[{"utility":14.25,"ID":1},{"utility":13.75,"ID":6},{"utility":35.25,"ID":10},{"utility":0,"ID":11},{"utility":39.75,"ID":15}],[{"utility":0,"ID":8}],[{"utility":6,"ID":4},{"utility":34.5,"ID":9},{"utility":19.5,"ID":13}],[{"utility":0,"ID":5},{"utility":59,"ID":12},{"utility":0,"ID":14}],[],[],[],[],[],[],[],[]],"CORE :":true,"LAST PARTITION":{"11":4,"12":1,"13":3,"14":3,"15":4,"1":8,"2":8,"3":1,"4":9,"5":10,"6":2,"7":5,"8":10,"9":9,"10":5}},{"STARTING PARTITION: ":{"11":2,"12":1,"13":7,"14":5,"15":3,"1":3,"2":1,"3":4,"4":6,"5":7,"6":7,"7":7,"8":4,"9":3,"10":4},"Agents":[null,{"utility":26,"ID":1},{"utility":51,"ID":2},{"utility":52,"ID":3},{"utility":12,"ID":4},{"utility":42,"ID":5},{"utility":0,"ID":6},{"utility":64,"ID":7},{"utility":16,"ID":8},{"utility":69,"ID":9},{"utility":56,"ID":10},{"utility":0,"ID":11},{"utility":25,"ID":12},{"utility":63,"ID":13},{"utility":93,"ID":14},{"utility":0,"ID":15}],"LAST COALITION":[[],[{"utility":63,"ID":13},{"utility":93,"ID":14}],[{"utility":0,"ID":11}],[{"utility":0,"ID":15}],[{"utility":64,"ID":7},{"utility":56,"ID":10}],[],[{"utility":42,"ID":5},{"utility":16,"ID":8}],[],[{"utility":52,"ID":3},{"utility":25,"ID":12}],[{"utility":12,"ID":4},{"utility":69,"ID":9}],[{"utility":0,"ID":6}],[{"utility":26,"ID":1},{"utility":51,"ID":2}],[],[],[],[]],"STARTING COALITION: ":[[null],[{"utility":70,"ID":2},{"utility":0,"ID":12}],[{"utility":0,"ID":11}],[{"utility":0,"ID":1},{"utility":0,"ID":9},{"utility":39.5,"ID":15}],[{"utility":37.5,"ID":3},{"utility":0,"ID":8},{"utility":25.5,"ID":10}],[{"utility":0,"ID":14}],[{"utility":0,"ID":4}],[{"utility":29.666666666666668,"ID":5},{"utility":31,"ID":6},{"utility":32.333333333333336,"ID":7},{"utility":27,"ID":13}],[],[],[],[],[],[],[],[]],"CORE :":true,"LAST PARTITION":{"11":2,"12":8,"13":1,"14":1,"15":3,"1":11,"2":11,"3":8,"4":9,"5":6,"6":10,"7":4,"8":6,"9":9,"10":4}},{"END OF FILE:" : true}]