[{"STARTING PARTITION: ":{"11":2,"12":5,"13":5,"14":4,"15":2,"1":4,"2":7,"3":2,"4":7,"5":5,"6":5,"7":6,"8":4,"9":6,"10":2},"Agents":[null,{"utility":0,"ID":1},{"utility":65,"ID":2},{"utility":91,"ID":3},{"utility":74,"ID":4},{"utility":72,"ID":5},{"utility":4,"ID":6},{"utility":0,"ID":7},{"utility":55,"ID":8},{"utility":4,"ID":9},{"utility":77,"ID":10},{"utility":0,"ID":11},{"utility":0,"ID":12},{"utility":49,"ID":13},{"utility":0,"ID":14},{"utility":98,"ID":15}],"LAST COALITION":[[],[{"utility":65,"ID":2},{"utility":4,"ID":6}],[{"utility":77,"ID":10},{"utility":98,"ID":15}],[{"utility":0,"ID":11}],[{"utility":0,"ID":14}],[{"utility":0,"ID":12}],[{"utility":0,"ID":7}],[{"utility":74,"ID":4},{"utility":49,"ID":13}],[],[{"utility":72,"ID":5},{"utility":4,"ID":9}],[],[{"utility":91,"ID":3},{"utility":55,"ID":8}],[],[{"utility":0,"ID":1}],[],[]],"STARTING COALITION: ":[[null],[],[{"utility":44,"ID":3},{"utility":52.333333333333336,"ID":10},{"utility":17.666666666666668,"ID":11},{"utility":63,"ID":15}],[],[{"utility":0,"ID":1},{"utility":0,"ID":8},{"utility":0,"ID":14}],[{"utility":0,"ID":5},{"utility":20,"ID":6},{"utility":63.333333333333336,"ID":12},{"utility":0,"ID":13}],[{"utility":0,"ID":7},{"utility":0,"ID":9}],[{"utility":0,"ID":2},{"utility":0,"ID":4}],[],[],[],[],[],[],[],[]],"CORE :":true,"LAST PARTITION":{"11":3,"12":5,"13":7,"14":4,"15":2,"1":13,"2":1,"3":11,"4":7,"5":9,"6":1,"7":6,"8":11,"9":9,"10":2}},{"STARTING PARTITION: ":{"11":2,"12":5,"13":3,"14":1,"15":4,"1":6,"2":6,"3":3,"4":2,"5":6,"6":4,"7":7,"8":6,"9":4,"10":6},"Agents":[null,{"utility":0,"ID":1},{"utility":65,"ID":2},{"utility":91,"ID":3},{"utility":74,"ID":4},{"utility":72,"ID":5},{"utility":4,"ID":6},{"utility":0,"ID":7},{"utility":55,"ID":8},{"utility":4,"ID":9},{"utility":77,"ID":10},{"utility":0,"ID":11},{"utility":0,"ID":12},{"utility":49,"ID":13},{"utility":0,"ID":14},{"utility":98,"ID":15}],"LAST COALITION":[[],[{"utility":0,"ID":14}],[{"utility":0,"ID":11}],[],[{"utility":72,"ID":5},{"utility":4,"ID":9}],[{"utility":0,"ID":12}],[],[{"utility":0,"ID":7}],[{"utility":74,"ID":4},{"utility":49,"ID":13}],[{"utility":65,"ID":2},{"utility":4,"ID":6}],[{"utility":91,"ID":3},{"utility":55,"ID":8}],[{"utility":77,"ID":10},{"utility":98,"ID":15}],[{"utility":0,"ID":1}],[],[],[]],"STARTING COALITION: ":[[null],[{"utility":0,"ID":14}],[{"utility":50,"ID":4},{"utility":59,"ID":11}],[{"utility":0,"ID":3},{"utility":0,"ID":13}],[{"utility":6,"ID":6},{"utility":49.5,"ID":9},{"utility":14,"ID":15}],[{"utility":0,"ID":12}],[{"utility":34.25,"ID":1},{"utility":40.75,"ID":2},{"utility":22,"ID":5},{"utility":5.5,"ID":8},{"utility":29.25,"ID":10}],[{"utility":0,"ID":7}],[],[],[],[],[],[],[],[]],"CORE :":true,"LAST PARTITION":{"11":2,"12":5,"13":8,"14":1,"15":11,"1":12,"2":9,"3":10,"4":8,"5":4,"6":9,"7":7,"8":10,"9":4,"10":11}},{"STARTING PARTITION: ":{"11":2,"12":3,"13":2,"14":7,"15":7,"1":6,"2":6,"3":2,"4":1,"5":7,"6":3,"7":5,"8":3,"9":3,"10":3},"Agents":[null,{"utility":0,"ID":1},{"utility":65,"ID":2},{"utility":91,"ID":3},{"utility":74,"ID":4},{"utility":72,"ID":5},{"utility":4,"ID":6},{"utility":0,"ID":7},{"utility":55,"ID":8},{"utility":4,"ID":9},{"utility":77,"ID":10},{"utility":0,"ID":11},{"utility":0,"ID":12},{"utility":49,"ID":13},{"utility":0,"ID":14},{"utility":98,"ID":15}],"LAST COALITION":[[],[{"utility":74,"ID":4},{"utility":49,"ID":13}],[],[{"utility":0,"ID":12}],[{"utility":72,"ID":5},{"utility":4,"ID":9}],[{"utility":0,"ID":7}],[{"utility":65,"ID":2},{"utility":4,"ID":6}],[{"utility":0,"ID":14}],[],[],[{"utility":91,"ID":3},{"utility":55,"ID":8}],[{"utility":0,"ID":11}],[{"utility":77,"ID":10},{"utility":98,"ID":15}],[{"utility":0,"ID":1}],[],[]],"STARTING COALITION: ":[[null],[{"utility":0,"ID":4}],[{"utility":34.5,"ID":3},{"utility":55,"ID":11},{"utility":0,"ID":13}],[{"utility":0,"ID":6},{"utility":5.25,"ID":8},{"utility":27,"ID":9},{"utility":17.25,"ID":10},{"utility":33.25,"ID":12}],[],[{"utility":0,"ID":7}],[{"utility":41,"ID":1},{"utility":36,"ID":2}],[{"utility":1.5,"ID":5},{"utility":58.5,"ID":14},{"utility":11.5,"ID":15}],[],[],[],[],[],[],[],[]],"CORE :":true,"LAST PARTITION":{"11":11,"12":3,"13":1,"14":7,"15":12,"1":13,"2":6,"3":10,"4":1,"5":4,"6":6,"7":5,"8":10,"9":4,"10":12}},{"STARTING PARTITION: ":{"11":4,"12":6,"13":7,"14":5,"15":3,"1":7,"2":1,"3":5,"4":2,"5":5,"6":5,"7":2,"8":4,"9":4,"10":7},"Agents":[null,{"utility":0,"ID":1},{"utility":65,"ID":2},{"utility":91,"ID":3},{"utility":77,"ID":4},{"utility":72,"ID":5},{"utility":4,"ID":6},{"utility":0,"ID":7},{"utility":55,"ID":8},{"utility":4,"ID":9},{"utility":77,"ID":10},{"utility":0,"ID":11},{"utility":0,"ID":12},{"utility":0,"ID":13},{"utility":0,"ID":14},{"utility":98,"ID":15}],"LAST COALITION":[[],[{"utility":65,"ID":2},{"utility":4,"ID":6}],[{"utility":77,"ID":4},{"utility":0,"ID":7}],[{"utility":77,"ID":10},{"utility":98,"ID":15}],[{"utility":0,"ID":11}],[{"utility":0,"ID":14}],[{"utility":0,"ID":12}],[{"utility":0,"ID":13}],[],[],[{"utility":91,"ID":3},{"utility":55,"ID":8}],[{"utility":0,"ID":1}],[{"utility":72,"ID":5},{"utility":4,"ID":9}],[],[],[]],"STARTING COALITION: ":[[null],[{"utility":0,"ID":2}],[{"utility":77,"ID":4},{"utility":0,"ID":7}],[{"utility":0,"ID":15}],[{"utility":0,"ID":8},{"utility":0,"ID":9},{"utility":24.5,"ID":11}],[{"utility":22.666666666666668,"ID":3},{"utility":10.333333333333334,"ID":5},{"utility":20,"ID":6},{"utility":9.333333333333334,"ID":14}],[{"utility":0,"ID":12}],[{"utility":48,"ID":1},{"utility":0,"ID":10},{"utility":0,"ID":13}],[],[],[],[],[],[],[],[]],"CORE :":true,"LAST PARTITION":{"11":4,"12":6,"13":7,"14":5,"15":3,"1":11,"2":1,"3":10,"4":2,"5":12,"6":1,"7":2,"8":10,"9":12,"10":3}},{"STARTING PARTITION: ":{"11":7,"12":7,"13":3,"14":6,"15":4,"1":7,"2":5,"3":4,"4":6,"5":6,"6":3,"7":2,"8":4,"9":2,"10":7},"Agents":[null,{"utility":0,"ID":1},{"utility":65,"ID":2},{"utility":91,"ID":3},{"utility":74,"ID":4},{"utility":72,"ID":5},{"utility":4,"ID":6},{"utility":0,"ID":7},{"utility":55,"ID":8},{"utility":4,"ID":9},{"utility":77,"ID":10},{"utility":0,"ID":11},{"utility":0,"ID":12},{"utility":49,"ID":13},{"utility":0,"ID":14},{"utility":98,"ID":15}],"LAST COALITION":[[],[{"utility":65,"ID":2},{"utility":4,"ID":6}],[{"utility":0,"ID":7}],[],[{"utility":77,"ID":10},{"utility":98,"ID":15}],[{"utility":72,"ID":5},{"utility":4,"ID":9}],[{"utility":0,"ID":14}],[{"utility":0,"ID":12}],[],[{"utility":91,"ID":3},{"utility":55,"ID":8}],[{"utility":0,"ID":11}],[{"utility":74,"ID":4},{"utility":49,"ID":13}],[],[{"utility":0,"ID":1}],[],[]],"STARTING COALITION: ":[[null],[],[{"utility":0,"ID":7},{"utility":0,"ID":9}],[{"utility":0,"ID":6},{"utility":0,"ID":13}],[{"utility":77,"ID":3},{"utility":27.5,"ID":8},{"utility":0,"ID":15}],[{"utility":0,"ID":2}],[{"utility":43.5,"ID":4},{"utility":0,"ID":5},{"utility":60.5,"ID":14}],[{"utility":32,"ID":1},{"utility":2.3333333333333335,"ID":10},{"utility":0,"ID":11},{"utility":28.666666666666668,"ID":12}],[],[],[],[],[],[],[],[]],"CORE :":true,"LAST PARTITION":{"11":10,"12":7,"13":11,"14":6,"15":4,"1":13,"2":1,"3":9,"4":11,"5":5,"6":1,"7":2,"8":9,"9":5,"10":4}},{"STARTING PARTITION: ":{"11":6,"12":3,"13":5,"14":7,"15":7,"1":4,"2":1,"3":1,"4":4,"5":5,"6":2,"7":2,"8":6,"9":3,"10":3},"Agents":[null,{"utility":0,"ID":1},{"utility":65,"ID":2},{"utility":91,"ID":3},{"utility":74,"ID":4},{"utility":72,"ID":5},{"utility":4,"ID":6},{"utility":0,"ID":7},{"utility":55,"ID":8},{"utility":4,"ID":9},{"utility":77,"ID":10},{"utility":0,"ID":11},{"utility":0,"ID":12},{"utility":49,"ID":13},{"utility":0,"ID":14},{"utility":98,"ID":15}],"LAST COALITION":[[],[{"utility":91,"ID":3},{"utility":55,"ID":8}],[{"utility":0,"ID":7}],[{"utility":0,"ID":12}],[{"utility":74,"ID":4},{"utility":49,"ID":13}],[],[],[{"utility":0,"ID":14}],[{"utility":65,"ID":2},{"utility":4,"ID":6}],[{"utility":72,"ID":5},{"utility":4,"ID":9}],[],[{"utility":77,"ID":10},{"utility":98,"ID":15}],[{"utility":0,"ID":11}],[{"utility":0,"ID":1}],[],[]],"STARTING COALITION: ":[[null],[{"utility":27,"ID":2},{"utility":0,"ID":3}],[{"utility":0,"ID":6},{"utility":43,"ID":7}],[{"utility":31,"ID":9},{"utility":0,"ID":10},{"utility":43,"ID":12}],[{"utility":0,"ID":1},{"utility":0,"ID":4}],[{"utility":0,"ID":5},{"utility":0,"ID":13}],[{"utility":0,"ID":8},{"utility":0,"ID":11}],[{"utility":92,"ID":14},{"utility":0,"ID":15}],[],[],[],[],[],[],[],[]],"CORE :":true,"LAST PARTITION":{"11":12,"12":3,"13":4,"14":7,"15":11,"1":13,"2":8,"3":1,"4":4,"5":9,"6":8,"7":2,"8":1,"9":9,"10":11}},{"STARTING PARTITION: ":{"11":2,"12":4,"13":1,"14":1,"15":2,"1":7,"2":7,"3":2,"4":5,"5":7,"6":6,"7":2,"8":3,"9":3,"10":7},"Agents":[null,{"utility":0,"ID":1},{"utility":65,"ID":2},{"utility":91,"ID":3},{"utility":74,"ID":4},{"utility":72,"ID":5},{"utility":4,"ID":6},{"utility":0,"ID":7},{"utility":55,"ID":8},{"utility":4,"ID":9},{"utility":77,"ID":10},{"utility":0,"ID":11},{"utility":0,"ID":12},{"utility":49,"ID":13},{"utility":0,"ID":14},{"utility":98,"ID":15}],"LAST COALITION":[[],[{"utility":0,"ID":14}],[{"utility":0,"ID":7}],[{"utility":77,"ID":10},{"utility":98,"ID":15}],[{"utility":0,"ID":12}],[{"utility":74,"ID":4},{"utility":49,"ID":13}],[{"utility":65,"ID":2},{"utility":4,"ID":6}],[],[{"utility":72,"ID":5},{"utility":4,"ID":9}],[{"utility":91,"ID":3},{"utility":55,"ID":8}],[{"utility":0,"ID":11}],[],[{"utility":0,"ID":1}],[],[],[]],"STARTING COALITION: ":[[null],[{"utility":0,"ID":13},{"utility":0,"ID":14}],[{"utility":44,"ID":3},{"utility":1.6666666666666667,"ID":7},{"utility":17.666666666666668,"ID":11},{"utility":30.333333333333332,"ID":15}],[{"utility":0,"ID":8},{"utility":0,"ID":9}],[{"utility":0,"ID":12}],[{"utility":0,"ID":4}],[{"utility":0,"ID":6}],[{"utility":45.666666666666664,"ID":1},{"utility":39,"ID":2},{"utility":29.333333333333332,"ID":5},{"utility":16,"ID":10}],[],[],[],[],[],[],[],[]],"CORE :":true,"LAST PARTITION":{"11":10,"12":4,"13":5,"14":1,"15":3,"1":12,"2":6,"3":9,"4":5,"5":8,"6":6,"7":2,"8":9,"9":8,"10":3}},{"STARTING PARTITION: ":{"11":1,"12":4,"13":4,"14":1,"15":2,"1":4,"2":1,"3":4,"4":2,"5":4,"6":7,"7":4,"8":1,"9":1,"10":2},"Agents":[null,{"utility":0,"ID":1},{"utility":65,"ID":2},{"utility":91,"ID":3},{"utility":74,"ID":4},{"utility":72,"ID":5},{"utility":4,"ID":6},{"utility":79,"ID":7},{"utility":55,"ID":8},{"utility":4,"ID":9},{"utility":77,"ID":10},{"utility":70,"ID":11},{"utility":0,"ID":12},{"utility":49,"ID":13},{"utility":0,"ID":14},{"utility":98,"ID":15}],"LAST COALITION":[[],[{"utility":70,"ID":11},{"utility":0,"ID":14}],[{"utility":77,"ID":10},{"utility":98,"ID":15}],[{"utility":65,"ID":2},{"utility":4,"ID":6}],[{"utility":79,"ID":7},{"utility":0,"ID":12}],[{"utility":72,"ID":5},{"utility":4,"ID":9}],[],[],[{"utility":91,"ID":3},{"utility":55,"ID":8}],[{"utility":74,"ID":4},{"utility":49,"ID":13}],[],[{"utility":0,"ID":1}],[],[],[],[]],"STARTING COALITION: ":[[null],[{"utility":27.75,"ID":2},{"utility":5.5,"ID":8},{"utility":19.75,"ID":9},{"utility":29.75,"ID":11},{"utility":17.5,"ID":14}],[{"utility":17,"ID":4},{"utility":38.5,"ID":10},{"utility":67,"ID":15}],[],[{"utility":5.4,"ID":1},{"utility":13.6,"ID":3},{"utility":23.8,"ID":5},{"utility":15.8,"ID":7},{"utility":37.4,"ID":12},{"utility":0,"ID":13}],[],[],[{"utility":0,"ID":6}],[],[],[],[],[],[],[],[]],"CORE :":true,"LAST PARTITION":{"11":1,"12":4,"13":9,"14":1,"15":2,"1":11,"2":3,"3":8,"4":9,"5":5,"6":3,"7":4,"8":8,"9":5,"10":2}},{"STARTING PARTITION: ":{"11":7,"12":3,"13":6,"14":2,"15":5,"1":6,"2":5,"3":3,"4":6,"5":1,"6":5,"7":3,"8":3,"9":4,"10":4},"Agents":[null,{"utility":0,"ID":1},{"utility":65,"ID":2},{"utility":91,"ID":3},{"utility":74,"ID":4},{"utility":72,"ID":5},{"utility":4,"ID":6},{"utility":79,"ID":7},{"utility":55,"ID":8},{"utility":4,"ID":9},{"utility":77,"ID":10},{"utility":0,"ID":11},{"utility":0,"ID":12},{"utility":49,"ID":13},{"utility":0,"ID":14},{"utility":98,"ID":15}],"LAST COALITION":[[],[{"utility":91,"ID":3},{"utility":55,"ID":8}],[{"utility":0,"ID":14}],[{"utility":79,"ID":7},{"utility":0,"ID":12}],[],[{"utility":72,"ID":5},{"utility":4,"ID":9}],[{"utility":65,"ID":2},{"utility":4,"ID":6}],[{"utility":74,"ID":4},{"utility":49,"ID":13}],[],[{"utility":77,"ID":10},{"utility":98,"ID":15}],[{"utility":0,"ID":11}],[],[{"utility":0,"ID":1}],[],[],[]],"STARTING COALITION: ":[[null],[{"utility":0,"ID":5}],[{"utility":0,"ID":14}],[{"utility":30.333333333333332,"ID":3},{"utility":26.333333333333332,"ID":7},{"utility":18.333333333333332,"ID":8},{"utility":14.666666666666666,"ID":12}],[{"utility":28,"ID":9},{"utility":0,"ID":10}],[{"utility":63.5,"ID":2},{"utility":8,"ID":6},{"utility":0,"ID":15}],[{"utility":0,"ID":1},{"utility":37,"ID":4},{"utility":24.5,"ID":13}],[{"utility":0,"ID":11}],[],[],[],[],[],[],[],[]],"CORE :":true,"LAST PARTITION":{"11":10,"12":3,"13":7,"14":2,"15":9,"1":12,"2":6,"3":1,"4":7,"5":5,"6":6,"7":3,"8":1,"9":5,"10":9}},{"STARTING PARTITION: ":{"11":4,"12":5,"13":4,"14":1,"15":4,"1":2,"2":7,"3":1,"4":7,"5":5,"6":5,"7":2,"8":3,"9":1,"10":5},"Agents":[null,{"utility":0,"ID":1},{"utility":65,"ID":2},{"utility":91,"ID":3},{"utility":74,"ID":4},{"utility":72,"ID":5},{"utility":4,"ID":6},{"utility":0,"ID":7},{"utility":55,"ID":8},{"utility":4,"ID":9},{"utility":77,"ID":10},{"utility":0,"ID":11},{"utility":0,"ID":12},{"utility":49,"ID":13},{"utility":0,"ID":14},{"utility":98,"ID":15}],"LAST COALITION":[[],[{"utility":0,"ID":14}],[{"utility":0,"ID":7}],[{"utility":65,"ID":2},{"utility":4,"ID":6}],[{"utility":77,"ID":10},{"utility":98,"ID":15}],[{"utility":0,"ID":12}],[{"utility":72,"ID":5},{"utility":4,"ID":9}],[{"utility":74,"ID":4},{"utility":49,"ID":13}],[{"utility":0,"ID":11}],[],[{"utility":91,"ID":3},{"utility":55,"ID":8}],[],[{"utility":0,"ID":1}],[],[],[]],"STARTING COALITION: ":[[null],[{"utility":0,"ID":3},{"utility":0,"ID":9},{"utility":0,"ID":14}],[{"utility":27,"ID":1},{"utility":0,"ID":7}],[{"utility":0,"ID":8}],[{"utility":28.5,"ID":11},{"utility":10.5,"ID":13},{"utility":45.5,"ID":15}],[{"utility":0,"ID":5},{"utility":20,"ID":6},{"utility":0,"ID":10},{"utility":71.33333333333333,"ID":12}],[],[{"utility":0,"ID":2},{"utility":0,"ID":4}],[],[],[],[],[],[],[],[]],"CORE :":true,"LAST PARTITION":{"11":8,"12":5,"13":7,"14":1,"15":4,"1":12,"2":3,"3":10,"4":7,"5":6,"6":3,"7":2,"8":10,"9":6,"10":4}},{"END OF FILE:" : true}]