[{"STARTING PARTITION: ":{"11":6,"12":2,"13":2,"14":2,"15":6,"1":7,"2":3,"3":7,"4":1,"5":3,"6":2,"7":6,"8":4,"9":1,"10":3},"Agents":[null,{"utility":7,"ID":1},{"utility":0,"ID":2},{"utility":0,"ID":3},{"utility":87,"ID":4},{"utility":98,"ID":5},{"utility":60,"ID":6},{"utility":92,"ID":7},{"utility":85,"ID":8},{"utility":0,"ID":9},{"utility":63,"ID":10},{"utility":43,"ID":11},{"utility":50,"ID":12},{"utility":11,"ID":13},{"utility":48,"ID":14},{"utility":57,"ID":15}],"LAST COALITION":[[],[{"utility":48,"ID":14},{"utility":57,"ID":15}],[{"utility":87,"ID":4},{"utility":92,"ID":7}],[{"utility":0,"ID":2}],[{"utility":60,"ID":6},{"utility":63,"ID":10}],[{"utility":0,"ID":9}],[{"utility":0,"ID":3}],[],[{"utility":98,"ID":5},{"utility":11,"ID":13}],[],[{"utility":85,"ID":8},{"utility":50,"ID":12}],[],[{"utility":7,"ID":1},{"utility":43,"ID":11}],[],[],[]],"STARTING COALITION: ":[[null],[{"utility":59,"ID":4},{"utility":16,"ID":9}],[{"utility":0,"ID":6},{"utility":25.333333333333332,"ID":12},{"utility":0,"ID":13},{"utility":11.333333333333334,"ID":14}],[{"utility":0,"ID":2},{"utility":22,"ID":5},{"utility":23,"ID":10}],[{"utility":0,"ID":8}],[],[{"utility":59,"ID":7},{"utility":0,"ID":11},{"utility":26.5,"ID":15}],[{"utility":39,"ID":1},{"utility":0,"ID":3}],[],[],[],[],[],[],[],[]],"CORE :":true,"LAST PARTITION":{"11":12,"12":10,"13":8,"14":1,"15":1,"1":12,"2":3,"3":6,"4":2,"5":8,"6":4,"7":2,"8":10,"9":5,"10":4}},{"STARTING PARTITION: ":{"11":3,"12":6,"13":1,"14":2,"15":4,"1":1,"2":3,"3":6,"4":6,"5":5,"6":2,"7":6,"8":2,"9":6,"10":2},"Agents":[null,{"utility":7,"ID":1},{"utility":0,"ID":2},{"utility":0,"ID":3},{"utility":87,"ID":4},{"utility":98,"ID":5},{"utility":60,"ID":6},{"utility":92,"ID":7},{"utility":85,"ID":8},{"utility":0,"ID":9},{"utility":63,"ID":10},{"utility":43,"ID":11},{"utility":50,"ID":12},{"utility":11,"ID":13},{"utility":48,"ID":14},{"utility":57,"ID":15}],"LAST COALITION":[[],[{"utility":87,"ID":4},{"utility":92,"ID":7}],[{"utility":7,"ID":1},{"utility":43,"ID":11}],[{"utility":0,"ID":2}],[{"utility":0,"ID":3}],[{"utility":0,"ID":9}],[{"utility":85,"ID":8},{"utility":50,"ID":12}],[{"utility":48,"ID":14},{"utility":57,"ID":15}],[{"utility":60,"ID":6},{"utility":63,"ID":10}],[{"utility":98,"ID":5},{"utility":11,"ID":13}],[],[],[],[],[],[]],"STARTING COALITION: ":[[null],[{"utility":0,"ID":1},{"utility":0,"ID":13}],[{"utility":20,"ID":6},{"utility":9.666666666666666,"ID":8},{"utility":33.666666666666664,"ID":10},{"utility":22.666666666666668,"ID":14}],[{"utility":0,"ID":2},{"utility":0,"ID":11}],[{"utility":0,"ID":15}],[{"utility":0,"ID":5}],[{"utility":17.25,"ID":3},{"utility":40.5,"ID":4},{"utility":71.5,"ID":7},{"utility":27,"ID":9},{"utility":29.25,"ID":12}],[],[],[],[],[],[],[],[],[]],"CORE :":true,"LAST PARTITION":{"11":2,"12":6,"13":9,"14":7,"15":7,"1":2,"2":3,"3":4,"4":1,"5":9,"6":8,"7":1,"8":6,"9":5,"10":8}},{"STARTING PARTITION: ":{"11":4,"12":1,"13":1,"14":6,"15":5,"1":3,"2":2,"3":3,"4":7,"5":4,"6":5,"7":5,"8":3,"9":3,"10":4},"Agents":[null,{"utility":7,"ID":1},{"utility":0,"ID":2},{"utility":0,"ID":3},{"utility":87,"ID":4},{"utility":98,"ID":5},{"utility":60,"ID":6},{"utility":92,"ID":7},{"utility":85,"ID":8},{"utility":0,"ID":9},{"utility":63,"ID":10},{"utility":43,"ID":11},{"utility":50,"ID":12},{"utility":11,"ID":13},{"utility":48,"ID":14},{"utility":57,"ID":15}],"LAST COALITION":[[],[{"utility":7,"ID":1},{"utility":43,"ID":11}],[{"utility":0,"ID":2}],[{"utility":60,"ID":6},{"utility":63,"ID":10}],[{"utility":48,"ID":14},{"utility":57,"ID":15}],[{"utility":0,"ID":3}],[{"utility":0,"ID":9}],[{"utility":87,"ID":4},{"utility":92,"ID":7}],[{"utility":85,"ID":8},{"utility":50,"ID":12}],[{"utility":98,"ID":5},{"utility":11,"ID":13}],[],[],[],[],[],[]],"STARTING COALITION: ":[[null],[{"utility":76,"ID":12},{"utility":0,"ID":13}],[{"utility":0,"ID":2}],[{"utility":38.333333333333336,"ID":1},{"utility":0,"ID":3},{"utility":63.666666666666664,"ID":8},{"utility":0,"ID":9}],[{"utility":22,"ID":5},{"utility":0,"ID":10},{"utility":16,"ID":11}],[{"utility":0,"ID":6},{"utility":46,"ID":7},{"utility":0,"ID":15}],[{"utility":0,"ID":14}],[{"utility":0,"ID":4}],[],[],[],[],[],[],[],[]],"CORE :":true,"LAST PARTITION":{"11":1,"12":8,"13":9,"14":4,"15":4,"1":1,"2":2,"3":5,"4":7,"5":9,"6":3,"7":7,"8":8,"9":6,"10":3}},{"STARTING PARTITION: ":{"11":1,"12":1,"13":1,"14":2,"15":2,"1":7,"2":3,"3":5,"4":4,"5":5,"6":4,"7":1,"8":6,"9":5,"10":3},"Agents":[null,{"utility":7,"ID":1},{"utility":0,"ID":2},{"utility":0,"ID":3},{"utility":87,"ID":4},{"utility":98,"ID":5},{"utility":60,"ID":6},{"utility":92,"ID":7},{"utility":85,"ID":8},{"utility":0,"ID":9},{"utility":63,"ID":10},{"utility":43,"ID":11},{"utility":50,"ID":12},{"utility":11,"ID":13},{"utility":48,"ID":14},{"utility":57,"ID":15}],"LAST COALITION":[[],[],[{"utility":48,"ID":14},{"utility":57,"ID":15}],[{"utility":0,"ID":2}],[{"utility":87,"ID":4},{"utility":92,"ID":7}],[{"utility":0,"ID":9}],[{"utility":60,"ID":6},{"utility":63,"ID":10}],[{"utility":98,"ID":5},{"utility":11,"ID":13}],[],[{"utility":85,"ID":8},{"utility":50,"ID":12}],[{"utility":0,"ID":3}],[{"utility":7,"ID":1},{"utility":43,"ID":11}],[],[],[],[]],"STARTING COALITION: ":[[null],[{"utility":24.666666666666668,"ID":7},{"utility":0,"ID":11},{"utility":33.666666666666664,"ID":12},{"utility":15.666666666666666,"ID":13}],[{"utility":48,"ID":14},{"utility":57,"ID":15}],[{"utility":0,"ID":2},{"utility":46,"ID":10}],[{"utility":0,"ID":4},{"utility":0,"ID":6}],[{"utility":36.5,"ID":3},{"utility":33.5,"ID":5},{"utility":9,"ID":9}],[{"utility":0,"ID":8}],[{"utility":0,"ID":1}],[],[],[],[],[],[],[],[]],"CORE :":true,"LAST PARTITION":{"11":11,"12":9,"13":7,"14":2,"15":2,"1":11,"2":3,"3":10,"4":4,"5":7,"6":6,"7":4,"8":9,"9":5,"10":6}},{"STARTING PARTITION: ":{"11":6,"12":6,"13":7,"14":3,"15":7,"1":5,"2":3,"3":6,"4":5,"5":5,"6":6,"7":5,"8":2,"9":1,"10":1},"Agents":[null,{"utility":7,"ID":1},{"utility":0,"ID":2},{"utility":0,"ID":3},{"utility":87,"ID":4},{"utility":98,"ID":5},{"utility":60,"ID":6},{"utility":92,"ID":7},{"utility":85,"ID":8},{"utility":0,"ID":9},{"utility":63,"ID":10},{"utility":43,"ID":11},{"utility":50,"ID":12},{"utility":11,"ID":13},{"utility":48,"ID":14},{"utility":57,"ID":15}],"LAST COALITION":[[],[{"utility":85,"ID":8},{"utility":50,"ID":12}],[{"utility":60,"ID":6},{"utility":63,"ID":10}],[{"utility":0,"ID":2}],[{"utility":48,"ID":14},{"utility":57,"ID":15}],[{"utility":98,"ID":5},{"utility":11,"ID":13}],[{"utility":0,"ID":3}],[{"utility":87,"ID":4},{"utility":92,"ID":7}],[{"utility":7,"ID":1},{"utility":43,"ID":11}],[],[],[{"utility":0,"ID":9}],[],[],[],[]],"STARTING COALITION: ":[[null],[{"utility":0,"ID":9},{"utility":0,"ID":10}],[{"utility":0,"ID":8}],[{"utility":0,"ID":2},{"utility":0,"ID":14}],[],[{"utility":32.333333333333336,"ID":1},{"utility":34.666666666666664,"ID":4},{"utility":51.666666666666664,"ID":5},{"utility":54,"ID":7}],[{"utility":13,"ID":3},{"utility":19,"ID":6},{"utility":0,"ID":11},{"utility":0,"ID":12}],[{"utility":8,"ID":13},{"utility":0,"ID":15}],[],[],[],[],[],[],[],[]],"CORE :":true,"LAST PARTITION":{"11":8,"12":1,"13":5,"14":4,"15":4,"1":8,"2":3,"3":6,"4":7,"5":5,"6":2,"7":7,"8":1,"9":11,"10":2}},{"STARTING PARTITION: ":{"11":4,"12":5,"13":1,"14":3,"15":5,"1":6,"2":3,"3":4,"4":7,"5":6,"6":2,"7":6,"8":2,"9":4,"10":4},"Agents":[null,{"utility":7,"ID":1},{"utility":0,"ID":2},{"utility":0,"ID":3},{"utility":87,"ID":4},{"utility":98,"ID":5},{"utility":60,"ID":6},{"utility":92,"ID":7},{"utility":85,"ID":8},{"utility":0,"ID":9},{"utility":63,"ID":10},{"utility":43,"ID":11},{"utility":50,"ID":12},{"utility":11,"ID":13},{"utility":48,"ID":14},{"utility":57,"ID":15}],"LAST COALITION":[[],[{"utility":87,"ID":4},{"utility":92,"ID":7}],[{"utility":48,"ID":14},{"utility":57,"ID":15}],[{"utility":0,"ID":2}],[{"utility":0,"ID":9}],[{"utility":0,"ID":3}],[{"utility":60,"ID":6},{"utility":63,"ID":10}],[{"utility":85,"ID":8},{"utility":50,"ID":12}],[],[{"utility":98,"ID":5},{"utility":11,"ID":13}],[{"utility":7,"ID":1},{"utility":43,"ID":11}],[],[],[],[],[]],"STARTING COALITION: ":[[null],[{"utility":0,"ID":13}],[{"utility":0,"ID":6},{"utility":11,"ID":8}],[{"utility":0,"ID":2},{"utility":0,"ID":14}],[{"utility":0,"ID":3},{"utility":14.666666666666666,"ID":9},{"utility":0,"ID":10},{"utility":0,"ID":11}],[{"utility":0,"ID":12},{"utility":4,"ID":15}],[{"utility":48.5,"ID":1},{"utility":31.5,"ID":5},{"utility":35,"ID":7}],[{"utility":0,"ID":4}],[],[],[],[],[],[],[],[]],"CORE :":true,"LAST PARTITION":{"11":10,"12":7,"13":9,"14":2,"15":2,"1":10,"2":3,"3":5,"4":1,"5":9,"6":6,"7":1,"8":7,"9":4,"10":6}},{"STARTING PARTITION: ":{"11":6,"12":1,"13":4,"14":7,"15":5,"1":3,"2":4,"3":6,"4":2,"5":7,"6":5,"7":2,"8":3,"9":5,"10":1},"Agents":[null,{"utility":7,"ID":1},{"utility":0,"ID":2},{"utility":0,"ID":3},{"utility":59,"ID":4},{"utility":82,"ID":5},{"utility":60,"ID":6},{"utility":93,"ID":7},{"utility":85,"ID":8},{"utility":16,"ID":9},{"utility":63,"ID":10},{"utility":43,"ID":11},{"utility":50,"ID":12},{"utility":36,"ID":13},{"utility":10,"ID":14},{"utility":75,"ID":15}],"LAST COALITION":[[],[{"utility":7,"ID":1},{"utility":43,"ID":11}],[{"utility":59,"ID":4},{"utility":16,"ID":9}],[],[{"utility":0,"ID":2},{"utility":36,"ID":13}],[{"utility":0,"ID":3}],[],[{"utility":82,"ID":5},{"utility":75,"ID":15}],[{"utility":60,"ID":6},{"utility":63,"ID":10}],[{"utility":85,"ID":8},{"utility":50,"ID":12}],[],[{"utility":93,"ID":7},{"utility":10,"ID":14}],[],[],[],[]],"STARTING COALITION: ":[[null],[{"utility":0,"ID":10},{"utility":0,"ID":12}],[{"utility":87,"ID":4},{"utility":92,"ID":7}],[{"utility":76,"ID":1},{"utility":20,"ID":8}],[{"utility":0,"ID":2},{"utility":36,"ID":13}],[{"utility":27.5,"ID":6},{"utility":28,"ID":9},{"utility":0,"ID":15}],[{"utility":0,"ID":3},{"utility":0,"ID":11}],[{"utility":0,"ID":5},{"utility":84,"ID":14}],[],[],[],[],[],[],[],[]],"CORE :":true,"LAST PARTITION":{"11":1,"12":9,"13":4,"14":11,"15":7,"1":1,"2":4,"3":5,"4":2,"5":7,"6":8,"7":11,"8":9,"9":2,"10":8}},{"STARTING PARTITION: ":{"11":3,"12":1,"13":7,"14":7,"15":7,"1":1,"2":3,"3":1,"4":5,"5":2,"6":6,"7":6,"8":2,"9":7,"10":3},"Agents":[null,{"utility":7,"ID":1},{"utility":0,"ID":2},{"utility":0,"ID":3},{"utility":87,"ID":4},{"utility":98,"ID":5},{"utility":60,"ID":6},{"utility":92,"ID":7},{"utility":85,"ID":8},{"utility":0,"ID":9},{"utility":63,"ID":10},{"utility":43,"ID":11},{"utility":50,"ID":12},{"utility":11,"ID":13},{"utility":48,"ID":14},{"utility":57,"ID":15}],"LAST COALITION":[[],[{"utility":7,"ID":1},{"utility":43,"ID":11}],[{"utility":98,"ID":5},{"utility":11,"ID":13}],[{"utility":0,"ID":2}],[{"utility":48,"ID":14},{"utility":57,"ID":15}],[{"utility":60,"ID":6},{"utility":63,"ID":10}],[{"utility":85,"ID":8},{"utility":50,"ID":12}],[{"utility":0,"ID":9}],[{"utility":87,"ID":4},{"utility":92,"ID":7}],[{"utility":0,"ID":3}],[],[],[],[],[],[]],"STARTING COALITION: ":[[null],[{"utility":19.5,"ID":1},{"utility":0,"ID":3},{"utility":0,"ID":12}],[{"utility":0,"ID":5},{"utility":0,"ID":8}],[{"utility":0,"ID":2},{"utility":23,"ID":10},{"utility":0,"ID":11}],[],[{"utility":0,"ID":4}],[{"utility":0,"ID":6},{"utility":0,"ID":7}],[{"utility":0,"ID":9},{"utility":2.6666666666666665,"ID":13},{"utility":16,"ID":14},{"utility":19,"ID":15}],[],[],[],[],[],[],[],[]],"CORE :":true,"LAST PARTITION":{"11":1,"12":6,"13":2,"14":4,"15":4,"1":1,"2":3,"3":9,"4":8,"5":2,"6":5,"7":8,"8":6,"9":7,"10":5}},{"STARTING PARTITION: ":{"11":5,"12":6,"13":4,"14":4,"15":4,"1":4,"2":3,"3":5,"4":6,"5":4,"6":5,"7":1,"8":7,"9":5,"10":2},"Agents":[null,{"utility":7,"ID":1},{"utility":0,"ID":2},{"utility":0,"ID":3},{"utility":87,"ID":4},{"utility":98,"ID":5},{"utility":60,"ID":6},{"utility":92,"ID":7},{"utility":85,"ID":8},{"utility":0,"ID":9},{"utility":63,"ID":10},{"utility":43,"ID":11},{"utility":50,"ID":12},{"utility":11,"ID":13},{"utility":48,"ID":14},{"utility":57,"ID":15}],"LAST COALITION":[[],[{"utility":60,"ID":6},{"utility":63,"ID":10}],[{"utility":85,"ID":8},{"utility":50,"ID":12}],[{"utility":0,"ID":2}],[{"utility":48,"ID":14},{"utility":57,"ID":15}],[{"utility":0,"ID":9}],[{"utility":7,"ID":1},{"utility":43,"ID":11}],[{"utility":87,"ID":4},{"utility":92,"ID":7}],[],[{"utility":98,"ID":5},{"utility":11,"ID":13}],[],[{"utility":0,"ID":3}],[],[],[],[]],"STARTING COALITION: ":[[null],[{"utility":0,"ID":7}],[{"utility":0,"ID":10}],[{"utility":0,"ID":2}],[{"utility":13.25,"ID":1},{"utility":45.75,"ID":5},{"utility":4.75,"ID":13},{"utility":33.25,"ID":14},{"utility":33,"ID":15}],[{"utility":13,"ID":3},{"utility":37.333333333333336,"ID":6},{"utility":33.333333333333336,"ID":9},{"utility":0,"ID":11}],[{"utility":16,"ID":4},{"utility":92,"ID":12}],[{"utility":0,"ID":8}],[],[],[],[],[],[],[],[]],"CORE :":true,"LAST PARTITION":{"11":6,"12":2,"13":9,"14":4,"15":4,"1":6,"2":3,"3":11,"4":7,"5":9,"6":1,"7":7,"8":2,"9":5,"10":1}},{"STARTING PARTITION: ":{"11":2,"12":3,"13":1,"14":1,"15":4,"1":4,"2":5,"3":5,"4":7,"5":1,"6":2,"7":1,"8":7,"9":2,"10":1},"Agents":[null,{"utility":7,"ID":1},{"utility":0,"ID":2},{"utility":0,"ID":3},{"utility":87,"ID":4},{"utility":98,"ID":5},{"utility":60,"ID":6},{"utility":92,"ID":7},{"utility":85,"ID":8},{"utility":0,"ID":9},{"utility":63,"ID":10},{"utility":43,"ID":11},{"utility":50,"ID":12},{"utility":11,"ID":13},{"utility":48,"ID":14},{"utility":57,"ID":15}],"LAST COALITION":[[],[{"utility":7,"ID":1},{"utility":43,"ID":11}],[{"utility":0,"ID":9}],[{"utility":48,"ID":14},{"utility":57,"ID":15}],[{"utility":0,"ID":3}],[{"utility":0,"ID":2}],[],[{"utility":60,"ID":6},{"utility":63,"ID":10}],[{"utility":87,"ID":4},{"utility":92,"ID":7}],[{"utility":98,"ID":5},{"utility":11,"ID":13}],[{"utility":85,"ID":8},{"utility":50,"ID":12}],[],[],[],[],[]],"STARTING COALITION: ":[[null],[{"utility":50.5,"ID":5},{"utility":40.75,"ID":7},{"utility":9.5,"ID":10},{"utility":14.5,"ID":13},{"utility":23.5,"ID":14}],[{"utility":27.5,"ID":6},{"utility":50,"ID":9},{"utility":0,"ID":11}],[{"utility":0,"ID":12}],[{"utility":0,"ID":1},{"utility":0,"ID":15}],[{"utility":0,"ID":2},{"utility":0,"ID":3}],[],[{"utility":91,"ID":4},{"utility":0,"ID":8}],[],[],[],[],[],[],[],[]],"CORE :":true,"LAST PARTITION":{"11":1,"12":10,"13":9,"14":3,"15":3,"1":1,"2":5,"3":4,"4":8,"5":9,"6":7,"7":8,"8":10,"9":2,"10":7}},{"END OF FILE:" : true}]