[{"STARTING PARTITION: ":{"11":2,"12":5,"13":1,"14":1,"15":2,"1":7,"2":1,"3":7,"4":1,"5":5,"6":4,"7":2,"8":5,"9":1,"10":3},"Agents":[null,{"utility":0,"ID":1},{"utility":0,"ID":2},{"utility":0,"ID":3},{"utility":86,"ID":4},{"utility":50,"ID":5},{"utility":0,"ID":6},{"utility":49,"ID":7},{"utility":95,"ID":8},{"utility":52,"ID":9},{"utility":10,"ID":10},{"utility":67,"ID":11},{"utility":12,"ID":12},{"utility":90,"ID":13},{"utility":22,"ID":14},{"utility":0,"ID":15}],"LAST COALITION":[[],[{"utility":10,"ID":10},{"utility":90,"ID":13}],[{"utility":0,"ID":15}],[],[{"utility":0,"ID":6}],[{"utility":0,"ID":2}],[],[{"utility":0,"ID":1},{"utility":0,"ID":3}],[{"utility":86,"ID":4},{"utility":67,"ID":11}],[{"utility":49,"ID":7},{"utility":52,"ID":9}],[{"utility":50,"ID":5},{"utility":22,"ID":14}],[{"utility":95,"ID":8},{"utility":12,"ID":12}],[],[],[],[]],"STARTING COALITION: ":[[null],[{"utility":15.5,"ID":2},{"utility":22.5,"ID":4},{"utility":0,"ID":9},{"utility":21.25,"ID":13},{"utility":0,"ID":14}],[{"utility":14.5,"ID":7},{"utility":8,"ID":11},{"utility":0,"ID":15}],[{"utility":0,"ID":10}],[{"utility":0,"ID":6}],[{"utility":57.5,"ID":5},{"utility":54,"ID":8},{"utility":23.5,"ID":12}],[],[{"utility":0,"ID":1},{"utility":0,"ID":3}],[],[],[],[],[],[],[],[]],"CORE :":true,"LAST PARTITION":{"11":8,"12":11,"13":1,"14":10,"15":2,"1":7,"2":5,"3":7,"4":8,"5":10,"6":4,"7":9,"8":11,"9":9,"10":1}},{"STARTING PARTITION: ":{"11":1,"12":7,"13":5,"14":6,"15":4,"1":5,"2":3,"3":7,"4":7,"5":4,"6":5,"7":5,"8":5,"9":1,"10":3},"Agents":[null,{"utility":0,"ID":1},{"utility":0,"ID":2},{"utility":0,"ID":3},{"utility":86,"ID":4},{"utility":50,"ID":5},{"utility":0,"ID":6},{"utility":49,"ID":7},{"utility":95,"ID":8},{"utility":52,"ID":9},{"utility":10,"ID":10},{"utility":67,"ID":11},{"utility":12,"ID":12},{"utility":90,"ID":13},{"utility":22,"ID":14},{"utility":0,"ID":15}],"LAST COALITION":[[],[{"utility":0,"ID":2}],[{"utility":0,"ID":1}],[{"utility":86,"ID":4},{"utility":67,"ID":11}],[{"utility":0,"ID":15}],[{"utility":0,"ID":6}],[{"utility":95,"ID":8},{"utility":12,"ID":12}],[{"utility":0,"ID":3}],[{"utility":49,"ID":7},{"utility":52,"ID":9}],[{"utility":10,"ID":10},{"utility":90,"ID":13}],[],[],[{"utility":50,"ID":5},{"utility":22,"ID":14}],[],[],[]],"STARTING COALITION: ":[[null],[{"utility":0,"ID":9},{"utility":89,"ID":11}],[],[{"utility":0,"ID":2},{"utility":0,"ID":10}],[{"utility":0,"ID":5},{"utility":0,"ID":15}],[{"utility":16.75,"ID":1},{"utility":8.25,"ID":6},{"utility":43,"ID":7},{"utility":37.75,"ID":8},{"utility":0,"ID":13}],[{"utility":0,"ID":14}],[{"utility":12.5,"ID":3},{"utility":0.5,"ID":4},{"utility":0,"ID":12}],[],[],[],[],[],[],[],[]],"CORE :":true,"LAST PARTITION":{"11":3,"12":6,"13":9,"14":12,"15":4,"1":2,"2":1,"3":7,"4":3,"5":12,"6":5,"7":8,"8":6,"9":8,"10":9}},{"STARTING PARTITION: ":{"11":1,"12":2,"13":5,"14":7,"15":7,"1":1,"2":7,"3":3,"4":7,"5":2,"6":6,"7":6,"8":6,"9":2,"10":7},"Agents":[null,{"utility":0,"ID":1},{"utility":0,"ID":2},{"utility":0,"ID":3},{"utility":86,"ID":4},{"utility":50,"ID":5},{"utility":0,"ID":6},{"utility":49,"ID":7},{"utility":95,"ID":8},{"utility":52,"ID":9},{"utility":10,"ID":10},{"utility":67,"ID":11},{"utility":12,"ID":12},{"utility":90,"ID":13},{"utility":22,"ID":14},{"utility":0,"ID":15}],"LAST COALITION":[[],[{"utility":0,"ID":1}],[{"utility":0,"ID":2}],[{"utility":0,"ID":3}],[],[{"utility":50,"ID":5},{"utility":22,"ID":14}],[{"utility":0,"ID":6}],[{"utility":0,"ID":15}],[{"utility":49,"ID":7},{"utility":52,"ID":9}],[{"utility":86,"ID":4},{"utility":67,"ID":11}],[{"utility":10,"ID":10},{"utility":90,"ID":13}],[],[{"utility":95,"ID":8},{"utility":12,"ID":12}],[],[],[]],"STARTING COALITION: ":[[null],[{"utility":0,"ID":1},{"utility":0,"ID":11}],[{"utility":19.5,"ID":5},{"utility":45.5,"ID":9},{"utility":57,"ID":12}],[{"utility":0,"ID":3}],[],[{"utility":0,"ID":13}],[{"utility":0,"ID":6},{"utility":29.5,"ID":7},{"utility":73,"ID":8}],[{"utility":3,"ID":2},{"utility":17.25,"ID":4},{"utility":0,"ID":10},{"utility":0,"ID":14},{"utility":10.5,"ID":15}],[],[],[],[],[],[],[],[]],"CORE :":true,"LAST PARTITION":{"11":9,"12":12,"13":10,"14":5,"15":7,"1":1,"2":2,"3":3,"4":9,"5":5,"6":6,"7":8,"8":12,"9":8,"10":10}},{"STARTING PARTITION: ":{"11":2,"12":5,"13":1,"14":2,"15":1,"1":3,"2":1,"3":3,"4":3,"5":3,"6":6,"7":3,"8":4,"9":6,"10":7},"Agents":[null,{"utility":0,"ID":1},{"utility":0,"ID":2},{"utility":0,"ID":3},{"utility":86,"ID":4},{"utility":50,"ID":5},{"utility":0,"ID":6},{"utility":49,"ID":7},{"utility":95,"ID":8},{"utility":52,"ID":9},{"utility":10,"ID":10},{"utility":67,"ID":11},{"utility":12,"ID":12},{"utility":90,"ID":13},{"utility":22,"ID":14},{"utility":0,"ID":15}],"LAST COALITION":[[],[{"utility":0,"ID":15}],[{"utility":49,"ID":7},{"utility":52,"ID":9}],[{"utility":0,"ID":1},{"utility":0,"ID":3}],[],[],[{"utility":0,"ID":6}],[{"utility":0,"ID":2}],[{"utility":10,"ID":10},{"utility":90,"ID":13}],[{"utility":50,"ID":5},{"utility":22,"ID":14}],[{"utility":86,"ID":4},{"utility":67,"ID":11}],[{"utility":95,"ID":8},{"utility":12,"ID":12}],[],[],[],[]],"STARTING COALITION: ":[[null],[{"utility":25,"ID":2},{"utility":0,"ID":13},{"utility":0,"ID":15}],[{"utility":70,"ID":11},{"utility":0,"ID":14}],[{"utility":12,"ID":1},{"utility":6.25,"ID":3},{"utility":23.5,"ID":4},{"utility":42.5,"ID":5},{"utility":33.5,"ID":7}],[{"utility":0,"ID":8}],[{"utility":0,"ID":12}],[{"utility":0,"ID":6},{"utility":0,"ID":9}],[{"utility":0,"ID":10}],[],[],[],[],[],[],[],[]],"CORE :":true,"LAST PARTITION":{"11":10,"12":11,"13":8,"14":9,"15":1,"1":3,"2":7,"3":3,"4":10,"5":9,"6":6,"7":2,"8":11,"9":2,"10":8}},{"STARTING PARTITION: ":{"11":2,"12":1,"13":5,"14":5,"15":3,"1":2,"2":5,"3":7,"4":5,"5":7,"6":7,"7":6,"8":4,"9":1,"10":2},"Agents":[null,{"utility":0,"ID":1},{"utility":0,"ID":2},{"utility":48,"ID":3},{"utility":86,"ID":4},{"utility":50,"ID":5},{"utility":0,"ID":6},{"utility":49,"ID":7},{"utility":95,"ID":8},{"utility":52,"ID":9},{"utility":10,"ID":10},{"utility":67,"ID":11},{"utility":12,"ID":12},{"utility":90,"ID":13},{"utility":22,"ID":14},{"utility":0,"ID":15}],"LAST COALITION":[[],[{"utility":0,"ID":2}],[{"utility":0,"ID":1}],[{"utility":0,"ID":15}],[{"utility":49,"ID":7},{"utility":52,"ID":9}],[{"utility":10,"ID":10},{"utility":90,"ID":13}],[{"utility":86,"ID":4},{"utility":67,"ID":11}],[{"utility":48,"ID":3},{"utility":0,"ID":6}],[],[{"utility":50,"ID":5},{"utility":22,"ID":14}],[],[{"utility":95,"ID":8},{"utility":12,"ID":12}],[],[],[],[]],"STARTING COALITION: ":[[null],[{"utility":0,"ID":9},{"utility":79,"ID":12}],[{"utility":0,"ID":1},{"utility":48.5,"ID":10},{"utility":0,"ID":11}],[{"utility":0,"ID":15}],[{"utility":0,"ID":8}],[{"utility":20.666666666666668,"ID":2},{"utility":9,"ID":4},{"utility":2,"ID":13},{"utility":0,"ID":14}],[{"utility":0,"ID":7}],[{"utility":24,"ID":3},{"utility":12,"ID":5},{"utility":0,"ID":6}],[],[],[],[],[],[],[],[]],"CORE :":true,"LAST PARTITION":{"11":6,"12":11,"13":5,"14":9,"15":3,"1":2,"2":1,"3":7,"4":6,"5":9,"6":7,"7":4,"8":11,"9":4,"10":5}},{"STARTING PARTITION: ":{"11":5,"12":2,"13":1,"14":4,"15":4,"1":2,"2":1,"3":4,"4":2,"5":3,"6":2,"7":5,"8":1,"9":3,"10":4},"Agents":[null,{"utility":0,"ID":1},{"utility":0,"ID":2},{"utility":0,"ID":3},{"utility":86,"ID":4},{"utility":50,"ID":5},{"utility":0,"ID":6},{"utility":59,"ID":7},{"utility":77,"ID":8},{"utility":33,"ID":9},{"utility":89,"ID":10},{"utility":67,"ID":11},{"utility":63,"ID":12},{"utility":0,"ID":13},{"utility":22,"ID":14},{"utility":0,"ID":15}],"LAST COALITION":[[],[{"utility":59,"ID":7},{"utility":77,"ID":8}],[{"utility":0,"ID":6},{"utility":63,"ID":12}],[],[{"utility":0,"ID":3},{"utility":0,"ID":15}],[{"utility":50,"ID":5},{"utility":22,"ID":14}],[{"utility":0,"ID":1}],[{"utility":33,"ID":9},{"utility":89,"ID":10}],[{"utility":86,"ID":4},{"utility":67,"ID":11}],[{"utility":0,"ID":2}],[{"utility":0,"ID":13}],[],[],[],[],[]],"STARTING COALITION: ":[[null],[{"utility":25,"ID":2},{"utility":39,"ID":8},{"utility":0,"ID":13}],[{"utility":30.666666666666668,"ID":1},{"utility":3.3333333333333335,"ID":4},{"utility":13.333333333333334,"ID":6},{"utility":21,"ID":12}],[{"utility":0,"ID":5},{"utility":91,"ID":9}],[{"utility":10,"ID":3},{"utility":0,"ID":10},{"utility":0,"ID":14},{"utility":14,"ID":15}],[{"utility":0,"ID":7},{"utility":16,"ID":11}],[],[],[],[],[],[],[],[],[],[]],"CORE :":true,"LAST PARTITION":{"11":8,"12":2,"13":10,"14":5,"15":4,"1":6,"2":9,"3":4,"4":8,"5":5,"6":2,"7":1,"8":1,"9":7,"10":7}},{"STARTING PARTITION: ":{"11":6,"12":5,"13":6,"14":4,"15":6,"1":7,"2":2,"3":5,"4":2,"5":7,"6":7,"7":7,"8":7,"9":1,"10":2},"Agents":[null,{"utility":0,"ID":1},{"utility":0,"ID":2},{"utility":0,"ID":3},{"utility":86,"ID":4},{"utility":50,"ID":5},{"utility":33,"ID":6},{"utility":49,"ID":7},{"utility":95,"ID":8},{"utility":52,"ID":9},{"utility":10,"ID":10},{"utility":67,"ID":11},{"utility":12,"ID":12},{"utility":90,"ID":13},{"utility":22,"ID":14},{"utility":0,"ID":15}],"LAST COALITION":[[],[{"utility":10,"ID":10},{"utility":90,"ID":13}],[],[{"utility":0,"ID":2}],[{"utility":49,"ID":7},{"utility":52,"ID":9}],[{"utility":0,"ID":3}],[{"utility":0,"ID":15}],[{"utility":0,"ID":1},{"utility":33,"ID":6}],[],[{"utility":86,"ID":4},{"utility":67,"ID":11}],[],[{"utility":50,"ID":5},{"utility":22,"ID":14}],[{"utility":95,"ID":8},{"utility":12,"ID":12}],[],[],[]],"STARTING COALITION: ":[[null],[{"utility":0,"ID":9}],[{"utility":0,"ID":2},{"utility":26,"ID":4},{"utility":0,"ID":10}],[],[{"utility":0,"ID":14}],[{"utility":0,"ID":3},{"utility":0,"ID":12}],[{"utility":16,"ID":11},{"utility":0,"ID":13},{"utility":0,"ID":15}],[{"utility":16.75,"ID":1},{"utility":43,"ID":5},{"utility":8.25,"ID":6},{"utility":31.75,"ID":7},{"utility":39.75,"ID":8}],[],[],[],[],[],[],[],[]],"CORE :":true,"LAST PARTITION":{"11":9,"12":12,"13":1,"14":11,"15":6,"1":7,"2":3,"3":5,"4":9,"5":11,"6":7,"7":4,"8":12,"9":4,"10":1}},{"STARTING PARTITION: ":{"11":4,"12":5,"13":6,"14":6,"15":6,"1":5,"2":2,"3":7,"4":2,"5":1,"6":4,"7":7,"8":3,"9":4,"10":5},"Agents":[null,{"utility":0,"ID":1},{"utility":0,"ID":2},{"utility":0,"ID":3},{"utility":86,"ID":4},{"utility":50,"ID":5},{"utility":0,"ID":6},{"utility":49,"ID":7},{"utility":95,"ID":8},{"utility":52,"ID":9},{"utility":10,"ID":10},{"utility":67,"ID":11},{"utility":12,"ID":12},{"utility":90,"ID":13},{"utility":22,"ID":14},{"utility":0,"ID":15}],"LAST COALITION":[[],[{"utility":49,"ID":7},{"utility":52,"ID":9}],[],[{"utility":0,"ID":2}],[{"utility":0,"ID":6}],[],[{"utility":0,"ID":15}],[{"utility":0,"ID":3}],[{"utility":50,"ID":5},{"utility":22,"ID":14}],[{"utility":0,"ID":1}],[{"utility":86,"ID":4},{"utility":67,"ID":11}],[{"utility":10,"ID":10},{"utility":90,"ID":13}],[{"utility":95,"ID":8},{"utility":12,"ID":12}],[],[],[]],"STARTING COALITION: ":[[null],[{"utility":0,"ID":5}],[{"utility":0,"ID":2},{"utility":10,"ID":4}],[{"utility":0,"ID":8}],[{"utility":0,"ID":6},{"utility":0,"ID":9},{"utility":44.5,"ID":11}],[{"utility":22,"ID":1},{"utility":0,"ID":10},{"utility":0,"ID":12}],[{"utility":3,"ID":13},{"utility":0,"ID":14},{"utility":0,"ID":15}],[{"utility":0,"ID":3},{"utility":0,"ID":7}],[],[],[],[],[],[],[],[]],"CORE :":true,"LAST PARTITION":{"11":10,"12":12,"13":11,"14":8,"15":6,"1":9,"2":3,"3":7,"4":10,"5":8,"6":4,"7":1,"8":12,"9":1,"10":11}},{"STARTING PARTITION: ":{"11":6,"12":5,"13":4,"14":7,"15":6,"1":3,"2":6,"3":2,"4":2,"5":6,"6":5,"7":3,"8":4,"9":3,"10":6},"Agents":[null,{"utility":0,"ID":1},{"utility":0,"ID":2},{"utility":0,"ID":3},{"utility":86,"ID":4},{"utility":50,"ID":5},{"utility":0,"ID":6},{"utility":59,"ID":7},{"utility":77,"ID":8},{"utility":33,"ID":9},{"utility":89,"ID":10},{"utility":67,"ID":11},{"utility":63,"ID":12},{"utility":0,"ID":13},{"utility":22,"ID":14},{"utility":0,"ID":15}],"LAST COALITION":[[],[{"utility":0,"ID":1}],[{"utility":0,"ID":3}],[],[{"utility":50,"ID":5},{"utility":22,"ID":14}],[{"utility":0,"ID":6},{"utility":63,"ID":12}],[{"utility":0,"ID":15}],[{"utility":33,"ID":9},{"utility":89,"ID":10}],[{"utility":59,"ID":7},{"utility":77,"ID":8}],[{"utility":86,"ID":4},{"utility":67,"ID":11}],[],[{"utility":0,"ID":2}],[{"utility":0,"ID":13}],[],[],[]],"STARTING COALITION: ":[[null],[],[{"utility":25,"ID":3},{"utility":0,"ID":4}],[{"utility":0,"ID":1},{"utility":58.5,"ID":7},{"utility":38,"ID":9}],[{"utility":5,"ID":8},{"utility":0,"ID":13}],[{"utility":0,"ID":6},{"utility":63,"ID":12}],[{"utility":17.25,"ID":2},{"utility":0,"ID":5},{"utility":25.5,"ID":10},{"utility":0,"ID":11},{"utility":10.5,"ID":15}],[{"utility":0,"ID":14}],[],[],[],[],[],[],[],[]],"CORE :":true,"LAST PARTITION":{"11":9,"12":5,"13":12,"14":4,"15":6,"1":1,"2":11,"3":2,"4":9,"5":4,"6":5,"7":8,"8":8,"9":7,"10":7}},{"STARTING PARTITION: ":{"11":3,"12":4,"13":7,"14":6,"15":5,"1":6,"2":3,"3":2,"4":1,"5":7,"6":2,"7":1,"8":4,"9":7,"10":1},"Agents":[null,{"utility":0,"ID":1},{"utility":0,"ID":2},{"utility":48,"ID":3},{"utility":86,"ID":4},{"utility":39,"ID":5},{"utility":0,"ID":6},{"utility":59,"ID":7},{"utility":77,"ID":8},{"utility":33,"ID":9},{"utility":89,"ID":10},{"utility":67,"ID":11},{"utility":35,"ID":12},{"utility":0,"ID":13},{"utility":83,"ID":14},{"utility":0,"ID":15}],"LAST COALITION":[[],[{"utility":33,"ID":9},{"utility":89,"ID":10}],[{"utility":48,"ID":3},{"utility":0,"ID":6}],[],[],[{"utility":0,"ID":15}],[{"utility":0,"ID":1},{"utility":83,"ID":14}],[{"utility":59,"ID":7},{"utility":77,"ID":8}],[{"utility":0,"ID":2}],[{"utility":86,"ID":4},{"utility":67,"ID":11}],[{"utility":0,"ID":13}],[{"utility":39,"ID":5},{"utility":35,"ID":12}],[],[],[],[]],"STARTING COALITION: ":[[null],[{"utility":63.5,"ID":4},{"utility":33,"ID":7},{"utility":0,"ID":10}],[{"utility":48,"ID":3},{"utility":0,"ID":6}],[{"utility":34,"ID":2},{"utility":0,"ID":11}],[{"utility":95,"ID":8},{"utility":12,"ID":12}],[{"utility":0,"ID":15}],[{"utility":0,"ID":1},{"utility":83,"ID":14}],[{"utility":24.5,"ID":5},{"utility":45.5,"ID":9},{"utility":56.5,"ID":13}],[],[],[],[],[],[],[],[]],"CORE :":false,"LAST PARTITION":{"11":9,"12":11,"13":10,"14":6,"15":5,"1":6,"2":8,"3":2,"4":9,"5":11,"6":2,"7":7,"8":7,"9":1,"10":1}},{"END OF FILE:" : true}]