[{"STARTING PARTITION: ":{"11":3,"12":6,"13":4,"14":6,"15":7,"1":2,"2":1,"3":6,"4":6,"5":1,"6":1,"7":1,"8":2,"9":7,"10":2},"Agents":[null,{"utility":94,"ID":1},{"utility":73,"ID":2},{"utility":76,"ID":3},{"utility":0,"ID":4},{"utility":13,"ID":5},{"utility":62,"ID":6},{"utility":68,"ID":7},{"utility":23,"ID":8},{"utility":58,"ID":9},{"utility":35,"ID":10},{"utility":39,"ID":11},{"utility":64,"ID":12},{"utility":36,"ID":13},{"utility":97,"ID":14},{"utility":23,"ID":15}],"LAST COALITION":[[],[{"utility":58,"ID":9},{"utility":64,"ID":12}],[{"utility":97,"ID":14},{"utility":23,"ID":15}],[{"utility":73,"ID":2},{"utility":62,"ID":6}],[{"utility":35,"ID":10},{"utility":39,"ID":11}],[],[],[{"utility":94,"ID":1},{"utility":13,"ID":5}],[{"utility":68,"ID":7},{"utility":36,"ID":13}],[],[{"utility":76,"ID":3},{"utility":23,"ID":8}],[{"utility":0,"ID":4}],[],[],[],[]],"STARTING COALITION: ":[[null],[{"utility":26,"ID":2},{"utility":6.666666666666667,"ID":5},{"utility":37,"ID":6},{"utility":7.333333333333333,"ID":7}],[{"utility":0,"ID":1},{"utility":6,"ID":8},{"utility":0,"ID":10}],[{"utility":0,"ID":11}],[{"utility":0,"ID":13}],[],[{"utility":23.666666666666668,"ID":3},{"utility":6.333333333333333,"ID":4},{"utility":0,"ID":12},{"utility":31.666666666666668,"ID":14}],[{"utility":53,"ID":9},{"utility":17,"ID":15}],[],[],[],[],[],[],[],[]],"CORE :":true,"LAST PARTITION":{"11":4,"12":1,"13":8,"14":2,"15":2,"1":7,"2":3,"3":10,"4":11,"5":7,"6":3,"7":8,"8":10,"9":1,"10":4}},{"STARTING PARTITION: ":{"11":4,"12":2,"13":3,"14":2,"15":3,"1":5,"2":2,"3":2,"4":1,"5":1,"6":2,"7":6,"8":6,"9":1,"10":2},"Agents":[null,{"utility":94,"ID":1},{"utility":73,"ID":2},{"utility":76,"ID":3},{"utility":0,"ID":4},{"utility":13,"ID":5},{"utility":62,"ID":6},{"utility":68,"ID":7},{"utility":23,"ID":8},{"utility":58,"ID":9},{"utility":35,"ID":10},{"utility":39,"ID":11},{"utility":64,"ID":12},{"utility":36,"ID":13},{"utility":97,"ID":14},{"utility":23,"ID":15}],"LAST COALITION":[[],[{"utility":76,"ID":3},{"utility":23,"ID":8}],[{"utility":97,"ID":14},{"utility":23,"ID":15}],[{"utility":35,"ID":10},{"utility":39,"ID":11}],[{"utility":73,"ID":2},{"utility":62,"ID":6}],[{"utility":0,"ID":4}],[{"utility":58,"ID":9},{"utility":64,"ID":12}],[{"utility":68,"ID":7},{"utility":36,"ID":13}],[],[],[],[{"utility":94,"ID":1},{"utility":13,"ID":5}],[],[],[],[]],"STARTING COALITION: ":[[null],[{"utility":0,"ID":4},{"utility":35.5,"ID":5},{"utility":0,"ID":9}],[{"utility":32.2,"ID":2},{"utility":14.4,"ID":3},{"utility":17,"ID":6},{"utility":24.4,"ID":10},{"utility":18.2,"ID":12},{"utility":29,"ID":14}],[{"utility":0,"ID":13},{"utility":0,"ID":15}],[{"utility":0,"ID":11}],[{"utility":0,"ID":1}],[{"utility":0,"ID":7},{"utility":84,"ID":8}],[],[],[],[],[],[],[],[],[]],"CORE :":true,"LAST PARTITION":{"11":3,"12":6,"13":7,"14":2,"15":2,"1":11,"2":4,"3":1,"4":5,"5":11,"6":4,"7":7,"8":1,"9":6,"10":3}},{"STARTING PARTITION: ":{"11":6,"12":4,"13":1,"14":6,"15":4,"1":3,"2":2,"3":4,"4":1,"5":1,"6":5,"7":4,"8":6,"9":2,"10":2},"Agents":[null,{"utility":94,"ID":1},{"utility":73,"ID":2},{"utility":76,"ID":3},{"utility":0,"ID":4},{"utility":13,"ID":5},{"utility":62,"ID":6},{"utility":68,"ID":7},{"utility":23,"ID":8},{"utility":58,"ID":9},{"utility":35,"ID":10},{"utility":39,"ID":11},{"utility":64,"ID":12},{"utility":36,"ID":13},{"utility":97,"ID":14},{"utility":23,"ID":15}],"LAST COALITION":[[],[{"utility":76,"ID":3},{"utility":23,"ID":8}],[{"utility":97,"ID":14},{"utility":23,"ID":15}],[{"utility":0,"ID":4}],[{"utility":35,"ID":10},{"utility":39,"ID":11}],[],[{"utility":73,"ID":2},{"utility":62,"ID":6}],[],[{"utility":68,"ID":7},{"utility":36,"ID":13}],[],[{"utility":58,"ID":9},{"utility":64,"ID":12}],[{"utility":94,"ID":1},{"utility":13,"ID":5}],[],[],[],[]],"STARTING COALITION: ":[[null],[{"utility":48,"ID":4},{"utility":0,"ID":5},{"utility":0,"ID":13}],[{"utility":43.5,"ID":2},{"utility":0,"ID":9},{"utility":0,"ID":10}],[{"utility":0,"ID":1}],[{"utility":17.333333333333332,"ID":3},{"utility":0,"ID":7},{"utility":12.666666666666666,"ID":12},{"utility":29,"ID":15}],[{"utility":0,"ID":6}],[{"utility":51,"ID":8},{"utility":0,"ID":11},{"utility":36,"ID":14}],[],[],[],[],[],[],[],[],[]],"CORE :":true,"LAST PARTITION":{"11":4,"12":10,"13":8,"14":2,"15":2,"1":11,"2":6,"3":1,"4":3,"5":11,"6":6,"7":8,"8":1,"9":10,"10":4}},{"STARTING PARTITION: ":{"11":1,"12":6,"13":2,"14":1,"15":4,"1":2,"2":1,"3":3,"4":2,"5":7,"6":6,"7":6,"8":2,"9":4,"10":5},"Agents":[null,{"utility":94,"ID":1},{"utility":73,"ID":2},{"utility":76,"ID":3},{"utility":0,"ID":4},{"utility":13,"ID":5},{"utility":62,"ID":6},{"utility":68,"ID":7},{"utility":23,"ID":8},{"utility":58,"ID":9},{"utility":35,"ID":10},{"utility":39,"ID":11},{"utility":64,"ID":12},{"utility":36,"ID":13},{"utility":97,"ID":14},{"utility":23,"ID":15}],"LAST COALITION":[[],[{"utility":97,"ID":14},{"utility":23,"ID":15}],[{"utility":68,"ID":7},{"utility":36,"ID":13}],[{"utility":35,"ID":10},{"utility":39,"ID":11}],[{"utility":58,"ID":9},{"utility":64,"ID":12}],[],[{"utility":73,"ID":2},{"utility":62,"ID":6}],[],[],[{"utility":76,"ID":3},{"utility":23,"ID":8}],[{"utility":0,"ID":4}],[{"utility":94,"ID":1},{"utility":13,"ID":5}],[],[],[],[]],"STARTING COALITION: ":[[null],[{"utility":72,"ID":2},{"utility":0,"ID":11},{"utility":61,"ID":14}],[{"utility":0,"ID":1},{"utility":32,"ID":4},{"utility":11.333333333333334,"ID":8},{"utility":6,"ID":13}],[{"utility":0,"ID":3}],[{"utility":53,"ID":9},{"utility":17,"ID":15}],[{"utility":0,"ID":10}],[{"utility":35.5,"ID":6},{"utility":0,"ID":7},{"utility":19,"ID":12}],[{"utility":0,"ID":5}],[],[],[],[],[],[],[],[]],"CORE :":true,"LAST PARTITION":{"11":3,"12":4,"13":2,"14":1,"15":1,"1":11,"2":6,"3":9,"4":10,"5":11,"6":6,"7":2,"8":9,"9":4,"10":3}},{"STARTING PARTITION: ":{"11":2,"12":1,"13":4,"14":1,"15":2,"1":3,"2":3,"3":6,"4":5,"5":5,"6":6,"7":1,"8":1,"9":7,"10":6},"Agents":[null,{"utility":94,"ID":1},{"utility":73,"ID":2},{"utility":76,"ID":3},{"utility":0,"ID":4},{"utility":13,"ID":5},{"utility":62,"ID":6},{"utility":68,"ID":7},{"utility":23,"ID":8},{"utility":58,"ID":9},{"utility":35,"ID":10},{"utility":39,"ID":11},{"utility":64,"ID":12},{"utility":36,"ID":13},{"utility":97,"ID":14},{"utility":23,"ID":15}],"LAST COALITION":[[],[],[{"utility":97,"ID":14},{"utility":23,"ID":15}],[],[{"utility":35,"ID":10},{"utility":39,"ID":11}],[{"utility":73,"ID":2},{"utility":62,"ID":6}],[{"utility":0,"ID":4}],[{"utility":76,"ID":3},{"utility":23,"ID":8}],[{"utility":58,"ID":9},{"utility":64,"ID":12}],[{"utility":94,"ID":1},{"utility":13,"ID":5}],[],[{"utility":68,"ID":7},{"utility":36,"ID":13}],[],[],[],[]],"STARTING COALITION: ":[[null],[{"utility":0,"ID":7},{"utility":48.333333333333336,"ID":8},{"utility":37,"ID":12},{"utility":31.666666666666668,"ID":14}],[{"utility":0,"ID":11},{"utility":28,"ID":15}],[{"utility":0,"ID":1},{"utility":0,"ID":2}],[{"utility":0,"ID":13}],[{"utility":0,"ID":4},{"utility":0,"ID":5}],[{"utility":0.5,"ID":3},{"utility":0.5,"ID":6},{"utility":0,"ID":10}],[{"utility":0,"ID":9}],[],[],[],[],[],[],[],[]],"CORE :":true,"LAST PARTITION":{"11":4,"12":8,"13":11,"14":2,"15":2,"1":9,"2":5,"3":7,"4":6,"5":9,"6":5,"7":11,"8":7,"9":8,"10":4}},{"STARTING PARTITION: ":{"11":4,"12":5,"13":7,"14":1,"15":4,"1":3,"2":2,"3":6,"4":3,"5":7,"6":6,"7":2,"8":7,"9":4,"10":1},"Agents":[null,{"utility":94,"ID":1},{"utility":73,"ID":2},{"utility":76,"ID":3},{"utility":0,"ID":4},{"utility":13,"ID":5},{"utility":62,"ID":6},{"utility":68,"ID":7},{"utility":23,"ID":8},{"utility":58,"ID":9},{"utility":35,"ID":10},{"utility":39,"ID":11},{"utility":64,"ID":12},{"utility":36,"ID":13},{"utility":97,"ID":14},{"utility":23,"ID":15}],"LAST COALITION":[[],[{"utility":0,"ID":4}],[{"utility":58,"ID":9},{"utility":64,"ID":12}],[{"utility":97,"ID":14},{"utility":23,"ID":15}],[{"utility":73,"ID":2},{"utility":62,"ID":6}],[],[{"utility":68,"ID":7},{"utility":36,"ID":13}],[{"utility":35,"ID":10},{"utility":39,"ID":11}],[],[{"utility":94,"ID":1},{"utility":13,"ID":5}],[],[{"utility":76,"ID":3},{"utility":23,"ID":8}],[],[],[],[]],"STARTING COALITION: ":[[null],[{"utility":75,"ID":10},{"utility":0,"ID":14}],[{"utility":5,"ID":2},{"utility":0,"ID":7}],[{"utility":0,"ID":1},{"utility":0,"ID":4}],[{"utility":26.5,"ID":9},{"utility":5.5,"ID":11},{"utility":22.5,"ID":15}],[{"utility":0,"ID":12}],[{"utility":1,"ID":3},{"utility":0,"ID":6}],[{"utility":0,"ID":5},{"utility":11,"ID":8},{"utility":9,"ID":13}],[],[],[],[],[],[],[],[]],"CORE :":true,"LAST PARTITION":{"11":7,"12":2,"13":6,"14":3,"15":3,"1":9,"2":4,"3":11,"4":1,"5":9,"6":4,"7":6,"8":11,"9":2,"10":7}},{"STARTING PARTITION: ":{"11":4,"12":2,"13":7,"14":2,"15":2,"1":6,"2":4,"3":6,"4":7,"5":5,"6":3,"7":7,"8":5,"9":6,"10":4},"Agents":[null,{"utility":94,"ID":1},{"utility":73,"ID":2},{"utility":76,"ID":3},{"utility":0,"ID":4},{"utility":13,"ID":5},{"utility":62,"ID":6},{"utility":68,"ID":7},{"utility":23,"ID":8},{"utility":58,"ID":9},{"utility":35,"ID":10},{"utility":39,"ID":11},{"utility":64,"ID":12},{"utility":36,"ID":13},{"utility":97,"ID":14},{"utility":23,"ID":15}],"LAST COALITION":[[],[{"utility":97,"ID":14},{"utility":23,"ID":15}],[],[{"utility":76,"ID":3},{"utility":23,"ID":8}],[{"utility":35,"ID":10},{"utility":39,"ID":11}],[{"utility":0,"ID":4}],[{"utility":58,"ID":9},{"utility":64,"ID":12}],[{"utility":73,"ID":2},{"utility":62,"ID":6}],[{"utility":94,"ID":1},{"utility":13,"ID":5}],[{"utility":68,"ID":7},{"utility":36,"ID":13}],[],[],[],[],[],[]],"STARTING COALITION: ":[[null],[],[{"utility":0,"ID":12},{"utility":96,"ID":14},{"utility":11.5,"ID":15}],[{"utility":0,"ID":6}],[{"utility":28,"ID":2},{"utility":17.5,"ID":10},{"utility":19.5,"ID":11}],[{"utility":0,"ID":5},{"utility":0,"ID":8}],[{"utility":21.5,"ID":1},{"utility":0,"ID":3},{"utility":0,"ID":9}],[{"utility":48,"ID":4},{"utility":34,"ID":7},{"utility":18,"ID":13}],[],[],[],[],[],[],[],[]],"CORE :":true,"LAST PARTITION":{"11":4,"12":6,"13":9,"14":1,"15":1,"1":8,"2":7,"3":3,"4":5,"5":8,"6":7,"7":9,"8":3,"9":6,"10":4}},{"STARTING PARTITION: ":{"11":5,"12":3,"13":6,"14":1,"15":7,"1":3,"2":6,"3":6,"4":7,"5":1,"6":7,"7":5,"8":7,"9":3,"10":6},"Agents":[null,{"utility":94,"ID":1},{"utility":73,"ID":2},{"utility":76,"ID":3},{"utility":0,"ID":4},{"utility":13,"ID":5},{"utility":62,"ID":6},{"utility":93,"ID":7},{"utility":23,"ID":8},{"utility":58,"ID":9},{"utility":74,"ID":10},{"utility":0,"ID":11},{"utility":64,"ID":12},{"utility":0,"ID":13},{"utility":97,"ID":14},{"utility":23,"ID":15}],"LAST COALITION":[[],[{"utility":0,"ID":4}],[{"utility":94,"ID":1},{"utility":13,"ID":5}],[{"utility":58,"ID":9},{"utility":64,"ID":12}],[],[{"utility":93,"ID":7},{"utility":0,"ID":11}],[{"utility":74,"ID":10},{"utility":0,"ID":13}],[{"utility":97,"ID":14},{"utility":23,"ID":15}],[],[{"utility":76,"ID":3},{"utility":23,"ID":8}],[{"utility":73,"ID":2},{"utility":62,"ID":6}],[],[],[],[],[]],"STARTING COALITION: ":[[null],[{"utility":0,"ID":5},{"utility":0,"ID":14}],[],[{"utility":0,"ID":1},{"utility":29,"ID":9},{"utility":32,"ID":12}],[],[{"utility":93,"ID":7},{"utility":0,"ID":11}],[{"utility":15,"ID":2},{"utility":0,"ID":3},{"utility":24.666666666666668,"ID":10},{"utility":22,"ID":13}],[{"utility":20.333333333333332,"ID":4},{"utility":4,"ID":6},{"utility":53,"ID":8},{"utility":7.333333333333333,"ID":15}],[],[],[],[],[],[],[],[]],"CORE :":true,"LAST PARTITION":{"11":5,"12":3,"13":6,"14":7,"15":7,"1":2,"2":10,"3":9,"4":1,"5":2,"6":10,"7":5,"8":9,"9":3,"10":6}},{"STARTING PARTITION: ":{"11":6,"12":5,"13":1,"14":2,"15":4,"1":2,"2":2,"3":4,"4":2,"5":1,"6":1,"7":5,"8":6,"9":2,"10":1},"Agents":[null,{"utility":94,"ID":1},{"utility":73,"ID":2},{"utility":76,"ID":3},{"utility":0,"ID":4},{"utility":13,"ID":5},{"utility":62,"ID":6},{"utility":68,"ID":7},{"utility":23,"ID":8},{"utility":58,"ID":9},{"utility":35,"ID":10},{"utility":39,"ID":11},{"utility":64,"ID":12},{"utility":36,"ID":13},{"utility":97,"ID":14},{"utility":23,"ID":15}],"LAST COALITION":[[],[{"utility":76,"ID":3},{"utility":23,"ID":8}],[{"utility":68,"ID":7},{"utility":36,"ID":13}],[{"utility":58,"ID":9},{"utility":64,"ID":12}],[{"utility":97,"ID":14},{"utility":23,"ID":15}],[],[{"utility":73,"ID":2},{"utility":62,"ID":6}],[{"utility":94,"ID":1},{"utility":13,"ID":5}],[],[{"utility":0,"ID":4}],[{"utility":35,"ID":10},{"utility":39,"ID":11}],[],[],[],[],[]],"STARTING COALITION: ":[[null],[{"utility":0,"ID":5},{"utility":0.3333333333333333,"ID":6},{"utility":24.666666666666668,"ID":10},{"utility":10.333333333333334,"ID":13}],[{"utility":1.5,"ID":1},{"utility":43.75,"ID":2},{"utility":0,"ID":4},{"utility":0,"ID":9},{"utility":36,"ID":14}],[],[{"utility":0,"ID":3},{"utility":2,"ID":15}],[{"utility":0,"ID":7},{"utility":38,"ID":12}],[{"utility":41,"ID":8},{"utility":0,"ID":11}],[],[],[],[],[],[],[],[],[]],"CORE :":true,"LAST PARTITION":{"11":10,"12":3,"13":2,"14":4,"15":4,"1":7,"2":6,"3":1,"4":9,"5":7,"6":6,"7":2,"8":1,"9":3,"10":10}},{"STARTING PARTITION: ":{"11":6,"12":2,"13":2,"14":1,"15":5,"1":2,"2":5,"3":4,"4":6,"5":1,"6":6,"7":4,"8":4,"9":1,"10":7},"Agents":[null,{"utility":94,"ID":1},{"utility":73,"ID":2},{"utility":76,"ID":3},{"utility":0,"ID":4},{"utility":13,"ID":5},{"utility":62,"ID":6},{"utility":68,"ID":7},{"utility":23,"ID":8},{"utility":58,"ID":9},{"utility":35,"ID":10},{"utility":39,"ID":11},{"utility":64,"ID":12},{"utility":36,"ID":13},{"utility":97,"ID":14},{"utility":23,"ID":15}],"LAST COALITION":[[],[{"utility":97,"ID":14},{"utility":23,"ID":15}],[{"utility":35,"ID":10},{"utility":39,"ID":11}],[],[{"utility":73,"ID":2},{"utility":62,"ID":6}],[{"utility":58,"ID":9},{"utility":64,"ID":12}],[{"utility":76,"ID":3},{"utility":23,"ID":8}],[{"utility":0,"ID":4}],[],[{"utility":68,"ID":7},{"utility":36,"ID":13}],[],[{"utility":94,"ID":1},{"utility":13,"ID":5}],[],[],[],[]],"STARTING COALITION: ":[[null],[{"utility":35.5,"ID":5},{"utility":0,"ID":9},{"utility":47,"ID":14}],[{"utility":0,"ID":1},{"utility":0,"ID":12},{"utility":0,"ID":13}],[],[{"utility":64,"ID":3},{"utility":0,"ID":7},{"utility":53.5,"ID":8}],[{"utility":75,"ID":2},{"utility":0,"ID":15}],[{"utility":33,"ID":4},{"utility":6,"ID":6},{"utility":0,"ID":11}],[{"utility":0,"ID":10}],[],[],[],[],[],[],[],[]],"CORE :":true,"LAST PARTITION":{"11":2,"12":5,"13":9,"14":1,"15":1,"1":11,"2":4,"3":6,"4":7,"5":11,"6":4,"7":9,"8":6,"9":5,"10":2}},{"END OF FILE:" : true}]