[{"STARTING PARTITION: ":{"11":4,"12":4,"13":2,"14":6,"15":4,"1":1,"2":5,"3":3,"4":5,"5":6,"6":2,"7":3,"8":6,"9":4,"10":3},"Agents":[null,{"utility":47,"ID":1},{"utility":83,"ID":2},{"utility":78,"ID":3},{"utility":0,"ID":4},{"utility":52,"ID":5},{"utility":73,"ID":6},{"utility":76,"ID":7},{"utility":0,"ID":8},{"utility":0,"ID":9},{"utility":21,"ID":10},{"utility":91,"ID":11},{"utility":80,"ID":12},{"utility":95,"ID":13},{"utility":88,"ID":14},{"utility":58,"ID":15}],"LAST COALITION":[[],[{"utility":52,"ID":5},{"utility":95,"ID":13}],[{"utility":0,"ID":8}],[],[{"utility":0,"ID":9}],[{"utility":73,"ID":6},{"utility":58,"ID":15}],[],[{"utility":21,"ID":10},{"utility":88,"ID":14}],[{"utility":78,"ID":3},{"utility":80,"ID":12}],[],[{"utility":0,"ID":4}],[{"utility":76,"ID":7},{"utility":91,"ID":11}],[{"utility":47,"ID":1},{"utility":83,"ID":2}],[],[],[]],"STARTING COALITION: ":[[null],[{"utility":0,"ID":1}],[{"utility":1,"ID":6},{"utility":0,"ID":13}],[{"utility":0,"ID":3},{"utility":0,"ID":7},{"utility":22,"ID":10}],[{"utility":10.666666666666666,"ID":9},{"utility":24.333333333333332,"ID":11},{"utility":33.333333333333336,"ID":12},{"utility":7.333333333333333,"ID":15}],[{"utility":0,"ID":2},{"utility":0,"ID":4}],[{"utility":49,"ID":5},{"utility":0,"ID":8},{"utility":0,"ID":14}],[],[],[],[],[],[],[],[],[]],"CORE :":true,"LAST PARTITION":{"11":11,"12":8,"13":1,"14":7,"15":5,"1":12,"2":12,"3":8,"4":10,"5":1,"6":5,"7":11,"8":2,"9":4,"10":7}},{"STARTING PARTITION: ":{"11":5,"12":4,"13":5,"14":4,"15":7,"1":6,"2":7,"3":5,"4":7,"5":6,"6":1,"7":7,"8":7,"9":4,"10":4},"Agents":[null,{"utility":47,"ID":1},{"utility":83,"ID":2},{"utility":78,"ID":3},{"utility":0,"ID":4},{"utility":52,"ID":5},{"utility":73,"ID":6},{"utility":76,"ID":7},{"utility":0,"ID":8},{"utility":0,"ID":9},{"utility":47,"ID":10},{"utility":91,"ID":11},{"utility":80,"ID":12},{"utility":95,"ID":13},{"utility":62,"ID":14},{"utility":58,"ID":15}],"LAST COALITION":[[],[{"utility":52,"ID":5},{"utility":95,"ID":13}],[],[],[{"utility":0,"ID":9},{"utility":47,"ID":10},{"utility":62,"ID":14}],[{"utility":0,"ID":8}],[{"utility":78,"ID":3},{"utility":80,"ID":12}],[{"utility":47,"ID":1},{"utility":83,"ID":2}],[{"utility":73,"ID":6},{"utility":58,"ID":15}],[{"utility":0,"ID":4}],[{"utility":76,"ID":7},{"utility":91,"ID":11}],[],[],[],[],[]],"STARTING COALITION: ":[[null],[{"utility":0,"ID":6}],[],[],[{"utility":10.666666666666666,"ID":9},{"utility":57,"ID":10},{"utility":1.3333333333333333,"ID":12},{"utility":51.333333333333336,"ID":14}],[{"utility":7,"ID":3},{"utility":0,"ID":11},{"utility":0,"ID":13}],[{"utility":0,"ID":1},{"utility":0,"ID":5}],[{"utility":5.75,"ID":2},{"utility":24.5,"ID":4},{"utility":0,"ID":7},{"utility":17.25,"ID":8},{"utility":26.75,"ID":15}],[],[],[],[],[],[],[],[]],"CORE :":true,"LAST PARTITION":{"11":10,"12":6,"13":1,"14":4,"15":8,"1":7,"2":7,"3":6,"4":9,"5":1,"6":8,"7":10,"8":5,"9":4,"10":4}},{"STARTING PARTITION: ":{"11":5,"12":5,"13":4,"14":4,"15":4,"1":2,"2":4,"3":1,"4":5,"5":2,"6":7,"7":1,"8":5,"9":4,"10":4},"Agents":[null,{"utility":47,"ID":1},{"utility":83,"ID":2},{"utility":78,"ID":3},{"utility":0,"ID":4},{"utility":52,"ID":5},{"utility":73,"ID":6},{"utility":76,"ID":7},{"utility":0,"ID":8},{"utility":0,"ID":9},{"utility":47,"ID":10},{"utility":91,"ID":11},{"utility":80,"ID":12},{"utility":95,"ID":13},{"utility":62,"ID":14},{"utility":58,"ID":15}],"LAST COALITION":[[],[{"utility":47,"ID":1},{"utility":83,"ID":2}],[{"utility":78,"ID":3},{"utility":80,"ID":12}],[],[{"utility":0,"ID":9},{"utility":47,"ID":10},{"utility":62,"ID":14}],[{"utility":73,"ID":6},{"utility":58,"ID":15}],[{"utility":52,"ID":5},{"utility":95,"ID":13}],[{"utility":0,"ID":8}],[{"utility":0,"ID":4}],[],[{"utility":76,"ID":7},{"utility":91,"ID":11}],[],[],[],[],[]],"STARTING COALITION: ":[[null],[{"utility":0,"ID":3},{"utility":0,"ID":7}],[{"utility":0,"ID":1},{"utility":0,"ID":5}],[],[{"utility":0,"ID":2},{"utility":17.4,"ID":9},{"utility":32,"ID":10},{"utility":0,"ID":13},{"utility":36.4,"ID":14},{"utility":14.8,"ID":15}],[{"utility":16.666666666666668,"ID":4},{"utility":23,"ID":8},{"utility":37,"ID":11},{"utility":26.666666666666668,"ID":12}],[],[{"utility":0,"ID":6}],[],[],[],[],[],[],[],[]],"CORE :":true,"LAST PARTITION":{"11":10,"12":2,"13":6,"14":4,"15":5,"1":1,"2":1,"3":2,"4":8,"5":6,"6":5,"7":10,"8":7,"9":4,"10":4}},{"STARTING PARTITION: ":{"11":1,"12":6,"13":4,"14":2,"15":7,"1":3,"2":3,"3":6,"4":5,"5":6,"6":5,"7":2,"8":3,"9":2,"10":7},"Agents":[null,{"utility":47,"ID":1},{"utility":83,"ID":2},{"utility":78,"ID":3},{"utility":0,"ID":4},{"utility":52,"ID":5},{"utility":73,"ID":6},{"utility":76,"ID":7},{"utility":0,"ID":8},{"utility":0,"ID":9},{"utility":21,"ID":10},{"utility":91,"ID":11},{"utility":80,"ID":12},{"utility":95,"ID":13},{"utility":88,"ID":14},{"utility":58,"ID":15}],"LAST COALITION":[[],[{"utility":0,"ID":4}],[{"utility":0,"ID":9}],[{"utility":73,"ID":6},{"utility":58,"ID":15}],[{"utility":0,"ID":8}],[{"utility":76,"ID":7},{"utility":91,"ID":11}],[{"utility":78,"ID":3},{"utility":80,"ID":12}],[],[{"utility":21,"ID":10},{"utility":88,"ID":14}],[],[{"utility":52,"ID":5},{"utility":95,"ID":13}],[{"utility":47,"ID":1},{"utility":83,"ID":2}],[],[],[],[]],"STARTING COALITION: ":[[null],[{"utility":0,"ID":11}],[{"utility":41.5,"ID":7},{"utility":47.5,"ID":9},{"utility":18,"ID":14}],[{"utility":23.5,"ID":1},{"utility":53,"ID":2},{"utility":15.5,"ID":8}],[{"utility":0,"ID":13}],[{"utility":0,"ID":4},{"utility":0,"ID":6}],[{"utility":41.5,"ID":3},{"utility":49,"ID":5},{"utility":88,"ID":12}],[{"utility":6,"ID":10},{"utility":0,"ID":15}],[],[],[],[],[],[],[],[]],"CORE :":true,"LAST PARTITION":{"11":5,"12":6,"13":10,"14":8,"15":3,"1":11,"2":11,"3":6,"4":1,"5":10,"6":3,"7":5,"8":4,"9":2,"10":8}},{"STARTING PARTITION: ":{"11":2,"12":2,"13":6,"14":4,"15":4,"1":6,"2":6,"3":7,"4":3,"5":4,"6":5,"7":6,"8":4,"9":3,"10":5},"Agents":[null,{"utility":47,"ID":1},{"utility":83,"ID":2},{"utility":78,"ID":3},{"utility":0,"ID":4},{"utility":52,"ID":5},{"utility":73,"ID":6},{"utility":76,"ID":7},{"utility":0,"ID":8},{"utility":0,"ID":9},{"utility":21,"ID":10},{"utility":91,"ID":11},{"utility":80,"ID":12},{"utility":95,"ID":13},{"utility":88,"ID":14},{"utility":58,"ID":15}],"LAST COALITION":[[],[{"utility":52,"ID":5},{"utility":95,"ID":13}],[{"utility":0,"ID":4}],[{"utility":0,"ID":9}],[],[{"utility":73,"ID":6},{"utility":58,"ID":15}],[{"utility":21,"ID":10},{"utility":88,"ID":14}],[{"utility":78,"ID":3},{"utility":80,"ID":12}],[],[],[{"utility":0,"ID":8}],[{"utility":76,"ID":7},{"utility":91,"ID":11}],[{"utility":47,"ID":1},{"utility":83,"ID":2}],[],[],[]],"STARTING COALITION: ":[[null],[],[{"utility":57,"ID":11},{"utility":74,"ID":12}],[{"utility":0,"ID":4},{"utility":0,"ID":9}],[{"utility":65,"ID":5},{"utility":0,"ID":8},{"utility":1,"ID":14},{"utility":0,"ID":15}],[{"utility":82,"ID":6},{"utility":0,"ID":10}],[{"utility":50.333333333333336,"ID":1},{"utility":27.666666666666668,"ID":2},{"utility":0,"ID":7},{"utility":19,"ID":13}],[{"utility":0,"ID":3}],[],[],[],[],[],[],[],[]],"CORE :":true,"LAST PARTITION":{"11":11,"12":7,"13":1,"14":6,"15":5,"1":12,"2":12,"3":7,"4":2,"5":1,"6":5,"7":11,"8":10,"9":3,"10":6}},{"STARTING PARTITION: ":{"11":4,"12":7,"13":2,"14":7,"15":4,"1":6,"2":1,"3":7,"4":5,"5":3,"6":6,"7":1,"8":4,"9":3,"10":6},"Agents":[null,{"utility":47,"ID":1},{"utility":83,"ID":2},{"utility":78,"ID":3},{"utility":0,"ID":4},{"utility":52,"ID":5},{"utility":73,"ID":6},{"utility":76,"ID":7},{"utility":0,"ID":8},{"utility":0,"ID":9},{"utility":21,"ID":10},{"utility":91,"ID":11},{"utility":80,"ID":12},{"utility":95,"ID":13},{"utility":88,"ID":14},{"utility":58,"ID":15}],"LAST COALITION":[[],[{"utility":47,"ID":1},{"utility":83,"ID":2}],[{"utility":0,"ID":8}],[{"utility":0,"ID":9}],[{"utility":73,"ID":6},{"utility":58,"ID":15}],[],[{"utility":21,"ID":10},{"utility":88,"ID":14}],[],[],[{"utility":78,"ID":3},{"utility":80,"ID":12}],[{"utility":0,"ID":4}],[{"utility":52,"ID":5},{"utility":95,"ID":13}],[{"utility":76,"ID":7},{"utility":91,"ID":11}],[],[],[]],"STARTING COALITION: ":[[null],[{"utility":0,"ID":2},{"utility":0,"ID":7}],[{"utility":0,"ID":13}],[{"utility":0,"ID":5},{"utility":0,"ID":9}],[{"utility":0,"ID":8},{"utility":35,"ID":11},{"utility":0,"ID":15}],[{"utility":0,"ID":4}],[{"utility":0,"ID":1},{"utility":79,"ID":6},{"utility":22,"ID":10}],[{"utility":39,"ID":3},{"utility":40,"ID":12},{"utility":15,"ID":14}],[],[],[],[],[],[],[],[]],"CORE :":true,"LAST PARTITION":{"11":12,"12":9,"13":11,"14":6,"15":4,"1":1,"2":1,"3":9,"4":10,"5":11,"6":4,"7":12,"8":2,"9":3,"10":6}},{"STARTING PARTITION: ":{"11":2,"12":2,"13":1,"14":7,"15":2,"1":1,"2":5,"3":3,"4":1,"5":2,"6":1,"7":5,"8":7,"9":1,"10":5},"Agents":[null,{"utility":47,"ID":1},{"utility":83,"ID":2},{"utility":78,"ID":3},{"utility":0,"ID":4},{"utility":52,"ID":5},{"utility":73,"ID":6},{"utility":76,"ID":7},{"utility":0,"ID":8},{"utility":0,"ID":9},{"utility":21,"ID":10},{"utility":91,"ID":11},{"utility":80,"ID":12},{"utility":95,"ID":13},{"utility":88,"ID":14},{"utility":58,"ID":15}],"LAST COALITION":[[],[{"utility":0,"ID":9}],[{"utility":52,"ID":5},{"utility":95,"ID":13}],[{"utility":78,"ID":3},{"utility":80,"ID":12}],[{"utility":21,"ID":10},{"utility":88,"ID":14}],[],[{"utility":73,"ID":6},{"utility":58,"ID":15}],[{"utility":0,"ID":8}],[],[{"utility":0,"ID":4}],[{"utility":76,"ID":7},{"utility":91,"ID":11}],[{"utility":47,"ID":1},{"utility":83,"ID":2}],[],[],[],[]],"STARTING COALITION: ":[[null],[{"utility":17.75,"ID":1},{"utility":0,"ID":4},{"utility":30.25,"ID":6},{"utility":23.75,"ID":9},{"utility":11.25,"ID":13}],[{"utility":32.333333333333336,"ID":5},{"utility":24.333333333333332,"ID":11},{"utility":65.33333333333333,"ID":12},{"utility":7.333333333333333,"ID":15}],[{"utility":0,"ID":3}],[],[{"utility":0,"ID":2},{"utility":0,"ID":7},{"utility":22,"ID":10}],[],[{"utility":0,"ID":8},{"utility":0,"ID":14}],[],[],[],[],[],[],[],[]],"CORE :":true,"LAST PARTITION":{"11":10,"12":3,"13":2,"14":4,"15":6,"1":11,"2":11,"3":3,"4":9,"5":2,"6":6,"7":10,"8":7,"9":1,"10":4}},{"STARTING PARTITION: ":{"11":5,"12":4,"13":6,"14":1,"15":4,"1":6,"2":3,"3":6,"4":4,"5":7,"6":6,"7":5,"8":4,"9":2,"10":1},"Agents":[null,{"utility":47,"ID":1},{"utility":83,"ID":2},{"utility":78,"ID":3},{"utility":0,"ID":4},{"utility":52,"ID":5},{"utility":73,"ID":6},{"utility":76,"ID":7},{"utility":0,"ID":8},{"utility":0,"ID":9},{"utility":21,"ID":10},{"utility":91,"ID":11},{"utility":80,"ID":12},{"utility":95,"ID":13},{"utility":88,"ID":14},{"utility":58,"ID":15}],"LAST COALITION":[[],[],[{"utility":0,"ID":9}],[],[{"utility":73,"ID":6},{"utility":58,"ID":15}],[{"utility":76,"ID":7},{"utility":91,"ID":11}],[{"utility":0,"ID":8}],[{"utility":78,"ID":3},{"utility":80,"ID":12}],[{"utility":47,"ID":1},{"utility":83,"ID":2}],[{"utility":0,"ID":4}],[{"utility":21,"ID":10},{"utility":88,"ID":14}],[{"utility":52,"ID":5},{"utility":95,"ID":13}],[],[],[],[]],"STARTING COALITION: ":[[null],[{"utility":21,"ID":10},{"utility":88,"ID":14}],[{"utility":0,"ID":9}],[{"utility":0,"ID":2}],[{"utility":49.333333333333336,"ID":4},{"utility":23,"ID":8},{"utility":10.666666666666666,"ID":12},{"utility":20.666666666666668,"ID":15}],[{"utility":76,"ID":7},{"utility":91,"ID":11}],[{"utility":23.666666666666668,"ID":1},{"utility":0,"ID":3},{"utility":36.333333333333336,"ID":6},{"utility":0,"ID":13}],[{"utility":0,"ID":5}],[],[],[],[],[],[],[],[]],"CORE :":true,"LAST PARTITION":{"11":5,"12":7,"13":11,"14":10,"15":4,"1":8,"2":8,"3":7,"4":9,"5":11,"6":4,"7":5,"8":6,"9":2,"10":10}},{"STARTING PARTITION: ":{"11":4,"12":6,"13":3,"14":7,"15":1,"1":2,"2":5,"3":2,"4":3,"5":2,"6":5,"7":7,"8":1,"9":1,"10":4},"Agents":[null,{"utility":47,"ID":1},{"utility":83,"ID":2},{"utility":78,"ID":3},{"utility":0,"ID":4},{"utility":52,"ID":5},{"utility":73,"ID":6},{"utility":76,"ID":7},{"utility":0,"ID":8},{"utility":0,"ID":9},{"utility":21,"ID":10},{"utility":91,"ID":11},{"utility":80,"ID":12},{"utility":95,"ID":13},{"utility":88,"ID":14},{"utility":58,"ID":15}],"LAST COALITION":[[],[{"utility":0,"ID":9}],[{"utility":76,"ID":7},{"utility":91,"ID":11}],[{"utility":0,"ID":8}],[{"utility":52,"ID":5},{"utility":95,"ID":13}],[{"utility":73,"ID":6},{"utility":58,"ID":15}],[{"utility":0,"ID":4}],[{"utility":47,"ID":1},{"utility":83,"ID":2}],[],[],[{"utility":78,"ID":3},{"utility":80,"ID":12}],[{"utility":21,"ID":10},{"utility":88,"ID":14}],[],[],[],[]],"STARTING COALITION: ":[[null],[{"utility":0,"ID":8},{"utility":18,"ID":9},{"utility":0,"ID":15}],[{"utility":0,"ID":1},{"utility":2.5,"ID":3},{"utility":49,"ID":5}],[{"utility":0,"ID":4},{"utility":45,"ID":13}],[{"utility":0,"ID":10},{"utility":0,"ID":11}],[{"utility":0,"ID":2},{"utility":43,"ID":6}],[{"utility":0,"ID":12}],[{"utility":83,"ID":7},{"utility":0,"ID":14}],[],[],[],[],[],[],[],[]],"CORE :":true,"LAST PARTITION":{"11":2,"12":10,"13":4,"14":11,"15":5,"1":7,"2":7,"3":10,"4":6,"5":4,"6":5,"7":2,"8":3,"9":1,"10":11}},{"STARTING PARTITION: ":{"11":1,"12":7,"13":4,"14":7,"15":2,"1":3,"2":5,"3":3,"4":7,"5":6,"6":1,"7":1,"8":2,"9":3,"10":7},"Agents":[null,{"utility":47,"ID":1},{"utility":83,"ID":2},{"utility":78,"ID":3},{"utility":0,"ID":4},{"utility":52,"ID":5},{"utility":73,"ID":6},{"utility":76,"ID":7},{"utility":0,"ID":8},{"utility":0,"ID":9},{"utility":21,"ID":10},{"utility":91,"ID":11},{"utility":80,"ID":12},{"utility":95,"ID":13},{"utility":88,"ID":14},{"utility":58,"ID":15}],"LAST COALITION":[[],[{"utility":76,"ID":7},{"utility":91,"ID":11}],[{"utility":73,"ID":6},{"utility":58,"ID":15}],[{"utility":0,"ID":9}],[{"utility":0,"ID":8}],[],[{"utility":78,"ID":3},{"utility":80,"ID":12}],[],[{"utility":47,"ID":1},{"utility":83,"ID":2}],[{"utility":0,"ID":4}],[{"utility":21,"ID":10},{"utility":88,"ID":14}],[{"utility":52,"ID":5},{"utility":95,"ID":13}],[],[],[],[]],"STARTING COALITION: ":[[null],[{"utility":0,"ID":6},{"utility":38,"ID":7},{"utility":45.5,"ID":11}],[{"utility":0,"ID":8},{"utility":0,"ID":15}],[{"utility":0,"ID":1},{"utility":0,"ID":3},{"utility":4,"ID":9}],[{"utility":0,"ID":13}],[{"utility":0,"ID":2}],[{"utility":0,"ID":5}],[{"utility":58,"ID":4},{"utility":32.666666666666664,"ID":10},{"utility":1.3333333333333333,"ID":12},{"utility":39.333333333333336,"ID":14}],[],[],[],[],[],[],[],[]],"CORE :":true,"LAST PARTITION":{"11":1,"12":6,"13":11,"14":10,"15":2,"1":8,"2":8,"3":6,"4":9,"5":11,"6":2,"7":1,"8":4,"9":3,"10":10}},{"END OF FILE:" : true}]