[{"STARTING PARTITION: ":{"22":12,"23":11,"24":2,"25":2,"10":5,"11":11,"12":4,"13":5,"14":9,"15":6,"16":5,"17":7,"18":12,"19":9,"1":2,"2":3,"3":7,"4":3,"5":2,"6":7,"7":7,"8":10,"9":10,"20":11,"21":8},"Agents":[null,{"utility":96,"ID":1},{"utility":83,"ID":2},{"utility":89,"ID":3},{"utility":0,"ID":4},{"utility":0,"ID":5},{"utility":0,"ID":6},{"utility":0,"ID":7},{"utility":67,"ID":8},{"utility":63,"ID":9},{"utility":51,"ID":10},{"utility":94,"ID":11},{"utility":76,"ID":12},{"utility":23.5,"ID":13},{"utility":57,"ID":14},{"utility":0,"ID":15},{"utility":62.5,"ID":16},{"utility":0,"ID":17},{"utility":0,"ID":18},{"utility":7,"ID":19},{"utility":61,"ID":20},{"utility":0,"ID":21},{"utility":0,"ID":22},{"utility":0,"ID":23},{"utility":0,"ID":24},{"utility":40,"ID":25}],"LAST COALITION":[[],[],[{"utility":0,"ID":24},{"utility":40,"ID":25}],[{"utility":0,"ID":5}],[{"utility":0,"ID":15}],[{"utility":51,"ID":10},{"utility":23.5,"ID":13},{"utility":62.5,"ID":16}],[{"utility":0,"ID":18}],[{"utility":0,"ID":17}],[{"utility":0,"ID":21}],[{"utility":57,"ID":14},{"utility":7,"ID":19}],[{"utility":67,"ID":8},{"utility":63,"ID":9}],[{"utility":0,"ID":23}],[{"utility":0,"ID":22}],[{"utility":96,"ID":1},{"utility":94,"ID":11}],[{"utility":89,"ID":3},{"utility":61,"ID":20}],[{"utility":0,"ID":4}],[{"utility":0,"ID":7}],[],[{"utility":0,"ID":6}],[{"utility":83,"ID":2},{"utility":76,"ID":12}],[],[],[],[],[],[]],"STARTING COALITION: ":[[null],[],[{"utility":33,"ID":1},{"utility":38.666666666666664,"ID":5},{"utility":15.333333333333334,"ID":24},{"utility":24.666666666666668,"ID":25}],[{"utility":27,"ID":2},{"utility":81,"ID":4}],[{"utility":0,"ID":12}],[{"utility":51,"ID":10},{"utility":23.5,"ID":13},{"utility":62.5,"ID":16}],[{"utility":0,"ID":15}],[{"utility":62.333333333333336,"ID":3},{"utility":12,"ID":6},{"utility":51.666666666666664,"ID":7},{"utility":50.666666666666664,"ID":17}],[{"utility":0,"ID":21}],[{"utility":57,"ID":14},{"utility":7,"ID":19}],[{"utility":67,"ID":8},{"utility":63,"ID":9}],[{"utility":56.5,"ID":11},{"utility":22,"ID":20},{"utility":59.5,"ID":23}],[{"utility":17,"ID":18},{"utility":83,"ID":22}],[],[],[],[],[],[],[],[],[],[],[],[],[]],"CORE :":false,"LAST PARTITION":{"22":12,"23":11,"24":2,"25":2,"10":5,"11":13,"12":19,"13":5,"14":9,"15":4,"16":5,"17":7,"18":6,"19":9,"1":13,"2":19,"3":14,"4":15,"5":3,"6":18,"7":16,"8":10,"9":10,"20":14,"21":8}},{"STARTING PARTITION: ":{"22":10,"23":8,"24":7,"25":12,"10":5,"11":7,"12":5,"13":5,"14":2,"15":3,"16":12,"17":3,"18":12,"19":2,"1":9,"2":7,"3":2,"4":6,"5":10,"6":10,"7":10,"8":7,"9":2,"20":1,"21":10},"Agents":[null,{"utility":96,"ID":1},{"utility":89,"ID":2},{"utility":89,"ID":3},{"utility":81,"ID":4},{"utility":0,"ID":5},{"utility":85,"ID":6},{"utility":0,"ID":7},{"utility":17,"ID":8},{"utility":37,"ID":9},{"utility":0,"ID":10},{"utility":0,"ID":11},{"utility":46,"ID":12},{"utility":0,"ID":13},{"utility":6,"ID":14},{"utility":71,"ID":15},{"utility":88,"ID":16},{"utility":94,"ID":17},{"utility":66,"ID":18},{"utility":0,"ID":19},{"utility":61,"ID":20},{"utility":39,"ID":21},{"utility":0,"ID":22},{"utility":20,"ID":23},{"utility":0,"ID":24},{"utility":68,"ID":25}],"LAST COALITION":[[],[],[{"utility":37,"ID":9},{"utility":6,"ID":14}],[{"utility":71,"ID":15},{"utility":94,"ID":17}],[{"utility":0,"ID":7}],[{"utility":0,"ID":13}],[{"utility":89,"ID":3},{"utility":61,"ID":20}],[{"utility":0,"ID":24}],[{"utility":0,"ID":11}],[{"utility":96,"ID":1},{"utility":66,"ID":18}],[{"utility":39,"ID":21},{"utility":0,"ID":22}],[{"utility":0,"ID":5}],[{"utility":88,"ID":16},{"utility":68,"ID":25}],[{"utility":0,"ID":19}],[{"utility":0,"ID":10}],[{"utility":85,"ID":6},{"utility":20,"ID":23}],[{"utility":81,"ID":4},{"utility":46,"ID":12}],[{"utility":89,"ID":2},{"utility":17,"ID":8}],[],[],[],[],[],[],[],[]],"STARTING COALITION: ":[[null],[{"utility":0,"ID":20}],[{"utility":36,"ID":3},{"utility":69,"ID":9},{"utility":43.666666666666664,"ID":14},{"utility":25,"ID":19}],[{"utility":71,"ID":15},{"utility":94,"ID":17}],[],[{"utility":19,"ID":10},{"utility":49.5,"ID":12},{"utility":20.5,"ID":13}],[{"utility":0,"ID":4}],[{"utility":76.33333333333333,"ID":2},{"utility":21.666666666666668,"ID":8},{"utility":20.333333333333332,"ID":11},{"utility":69.66666666666667,"ID":24}],[{"utility":0,"ID":23}],[{"utility":0,"ID":1}],[{"utility":26.75,"ID":5},{"utility":23.25,"ID":6},{"utility":26,"ID":7},{"utility":37,"ID":21},{"utility":40,"ID":22}],[],[{"utility":65.5,"ID":16},{"utility":50.5,"ID":18},{"utility":34,"ID":25}],[],[],[],[],[],[],[],[],[],[],[],[],[]],"CORE :":false,"LAST PARTITION":{"22":10,"23":15,"24":7,"25":12,"10":14,"11":8,"12":16,"13":5,"14":2,"15":3,"16":12,"17":3,"18":9,"19":13,"1":9,"2":17,"3":6,"4":16,"5":11,"6":15,"7":4,"8":17,"9":2,"20":6,"21":10}},{"STARTING PARTITION: ":{"22":2,"23":8,"24":1,"25":8,"10":6,"11":1,"12":10,"13":10,"14":4,"15":7,"16":2,"17":1,"18":5,"19":3,"1":2,"2":8,"3":4,"4":5,"5":8,"6":4,"7":6,"8":3,"9":5,"20":11,"21":4},"Agents":[null,{"utility":99,"ID":1},{"utility":83,"ID":2},{"utility":89,"ID":3},{"utility":78,"ID":4},{"utility":92,"ID":5},{"utility":0,"ID":6},{"utility":92,"ID":7},{"utility":72,"ID":8},{"utility":28,"ID":9},{"utility":0,"ID":10},{"utility":95,"ID":11},{"utility":76,"ID":12},{"utility":0,"ID":13},{"utility":14,"ID":14},{"utility":0,"ID":15},{"utility":88,"ID":16},{"utility":59,"ID":17},{"utility":0,"ID":18},{"utility":57,"ID":19},{"utility":61,"ID":20},{"utility":99,"ID":21},{"utility":37,"ID":22},{"utility":87,"ID":23},{"utility":78,"ID":24},{"utility":4,"ID":25}],"LAST COALITION":[[],[{"utility":59,"ID":17},{"utility":78,"ID":24}],[{"utility":88,"ID":16},{"utility":37,"ID":22}],[{"utility":72,"ID":8},{"utility":57,"ID":19}],[{"utility":14,"ID":14},{"utility":99,"ID":21}],[{"utility":92,"ID":7},{"utility":87,"ID":23}],[],[{"utility":78,"ID":4},{"utility":92,"ID":5}],[],[{"utility":0,"ID":13}],[{"utility":28,"ID":9},{"utility":95,"ID":11}],[{"utility":0,"ID":15}],[{"utility":89,"ID":3},{"utility":61,"ID":20}],[{"utility":99,"ID":1},{"utility":4,"ID":25}],[{"utility":0,"ID":18}],[],[{"utility":0,"ID":6}],[{"utility":0,"ID":10}],[{"utility":83,"ID":2},{"utility":76,"ID":12}],[],[],[],[],[],[],[]],"STARTING COALITION: ":[[null],[{"utility":22.5,"ID":11},{"utility":34.5,"ID":17},{"utility":82.5,"ID":24}],[{"utility":48,"ID":1},{"utility":90.5,"ID":16},{"utility":19.5,"ID":22}],[{"utility":72,"ID":8},{"utility":57,"ID":19}],[{"utility":30.666666666666668,"ID":3},{"utility":43,"ID":6},{"utility":29.333333333333332,"ID":14},{"utility":77,"ID":21}],[{"utility":51.5,"ID":4},{"utility":18.5,"ID":9},{"utility":37.5,"ID":18}],[{"utility":30,"ID":7},{"utility":0,"ID":10}],[{"utility":0,"ID":15}],[{"utility":8.333333333333334,"ID":2},{"utility":42.666666666666664,"ID":5},{"utility":53,"ID":23},{"utility":20.333333333333332,"ID":25}],[],[{"utility":40,"ID":12},{"utility":20,"ID":13}],[{"utility":0,"ID":20}],[],[],[],[],[],[],[],[],[],[],[],[],[],[]],"CORE :":false,"LAST PARTITION":{"22":2,"23":5,"24":1,"25":13,"10":17,"11":10,"12":18,"13":9,"14":4,"15":11,"16":2,"17":1,"18":14,"19":3,"1":13,"2":18,"3":12,"4":7,"5":7,"6":16,"7":5,"8":3,"9":10,"20":12,"21":4}},{"STARTING PARTITION: ":{"22":11,"23":5,"24":1,"25":9,"10":9,"11":9,"12":7,"13":4,"14":5,"15":8,"16":7,"17":5,"18":9,"19":3,"1":6,"2":12,"3":1,"4":9,"5":4,"6":5,"7":8,"8":8,"9":12,"20":11,"21":11},"Agents":[null,{"utility":99,"ID":1},{"utility":83,"ID":2},{"utility":89,"ID":3},{"utility":0,"ID":4},{"utility":89,"ID":5},{"utility":78.5,"ID":6},{"utility":0,"ID":7},{"utility":35,"ID":8},{"utility":0,"ID":9},{"utility":0,"ID":10},{"utility":0,"ID":11},{"utility":76,"ID":12},{"utility":0,"ID":13},{"utility":40,"ID":14},{"utility":92,"ID":15},{"utility":10,"ID":16},{"utility":0,"ID":17},{"utility":0,"ID":18},{"utility":0,"ID":19},{"utility":61,"ID":20},{"utility":39,"ID":21},{"utility":0,"ID":22},{"utility":15.5,"ID":23},{"utility":0,"ID":24},{"utility":4,"ID":25}],"LAST COALITION":[[],[{"utility":0,"ID":24}],[{"utility":0,"ID":7}],[{"utility":0,"ID":19}],[{"utility":0,"ID":13}],[{"utility":78.5,"ID":6},{"utility":40,"ID":14},{"utility":15.5,"ID":23}],[{"utility":0,"ID":17}],[{"utility":89,"ID":5},{"utility":10,"ID":16}],[{"utility":35,"ID":8},{"utility":92,"ID":15}],[{"utility":89,"ID":3},{"utility":61,"ID":20}],[{"utility":0,"ID":11}],[{"utility":39,"ID":21},{"utility":0,"ID":22}],[{"utility":0,"ID":9}],[{"utility":0,"ID":18}],[{"utility":0,"ID":10}],[{"utility":99,"ID":1},{"utility":4,"ID":25}],[{"utility":83,"ID":2},{"utility":76,"ID":12}],[{"utility":0,"ID":4}],[],[],[],[],[],[],[],[]],"STARTING COALITION: ":[[null],[{"utility":27,"ID":3},{"utility":67,"ID":24}],[],[{"utility":0,"ID":19}],[{"utility":0,"ID":5},{"utility":0,"ID":13}],[{"utility":64,"ID":6},{"utility":50,"ID":14},{"utility":33,"ID":17},{"utility":11.333333333333334,"ID":23}],[{"utility":0,"ID":1}],[{"utility":69,"ID":12},{"utility":60,"ID":16}],[{"utility":34,"ID":7},{"utility":48.5,"ID":8},{"utility":95.5,"ID":15}],[{"utility":20.5,"ID":4},{"utility":42.25,"ID":10},{"utility":30.75,"ID":11},{"utility":34.75,"ID":18},{"utility":45,"ID":25}],[],[{"utility":0,"ID":20},{"utility":31,"ID":21},{"utility":28,"ID":22}],[{"utility":12,"ID":2},{"utility":0,"ID":9}],[],[],[],[],[],[],[],[],[],[],[],[],[]],"CORE :":false,"LAST PARTITION":{"22":11,"23":5,"24":1,"25":15,"10":14,"11":10,"12":16,"13":4,"14":5,"15":8,"16":7,"17":6,"18":13,"19":3,"1":15,"2":16,"3":9,"4":17,"5":7,"6":5,"7":2,"8":8,"9":12,"20":9,"21":11}},{"STARTING PARTITION: ":{"22":11,"23":11,"24":6,"25":12,"10":12,"11":7,"12":8,"13":4,"14":12,"15":4,"16":11,"17":5,"18":12,"19":4,"1":2,"2":8,"3":8,"4":8,"5":2,"6":3,"7":8,"8":4,"9":2,"20":3,"21":11},"Agents":[null,{"utility":96,"ID":1},{"utility":89,"ID":2},{"utility":89,"ID":3},{"utility":81,"ID":4},{"utility":3,"ID":5},{"utility":85,"ID":6},{"utility":26,"ID":7},{"utility":17,"ID":8},{"utility":0,"ID":9},{"utility":0,"ID":10},{"utility":94,"ID":11},{"utility":46,"ID":12},{"utility":0,"ID":13},{"utility":75.5,"ID":14},{"utility":0,"ID":15},{"utility":57,"ID":16},{"utility":0,"ID":17},{"utility":71.5,"ID":18},{"utility":0,"ID":19},{"utility":61,"ID":20},{"utility":52,"ID":21},{"utility":18.5,"ID":22},{"utility":20,"ID":23},{"utility":0,"ID":24},{"utility":31.5,"ID":25}],"LAST COALITION":[[],[{"utility":0,"ID":17}],[{"utility":0,"ID":9}],[{"utility":96,"ID":1},{"utility":94,"ID":11}],[{"utility":0,"ID":13}],[{"utility":3,"ID":5},{"utility":26,"ID":7}],[{"utility":0,"ID":24}],[{"utility":0,"ID":19}],[{"utility":0,"ID":15}],[{"utility":85,"ID":6},{"utility":20,"ID":23}],[{"utility":89,"ID":3},{"utility":61,"ID":20}],[{"utility":57,"ID":16},{"utility":52,"ID":21},{"utility":18.5,"ID":22}],[{"utility":75.5,"ID":14},{"utility":71.5,"ID":18},{"utility":31.5,"ID":25}],[],[],[{"utility":0,"ID":10}],[{"utility":81,"ID":4},{"utility":46,"ID":12}],[{"utility":89,"ID":2},{"utility":17,"ID":8}],[],[],[],[],[],[],[],[]],"STARTING COALITION: ":[[null],[],[{"utility":0,"ID":1},{"utility":20.5,"ID":5},{"utility":26,"ID":9}],[{"utility":32,"ID":6},{"utility":84,"ID":20}],[{"utility":42.333333333333336,"ID":8},{"utility":27.333333333333332,"ID":13},{"utility":68,"ID":15},{"utility":37.666666666666664,"ID":19}],[{"utility":0,"ID":17}],[{"utility":0,"ID":24}],[{"utility":0,"ID":11}],[{"utility":28.25,"ID":2},{"utility":67.75,"ID":3},{"utility":84.75,"ID":4},{"utility":20.75,"ID":7},{"utility":54.75,"ID":12}],[],[],[{"utility":47.666666666666664,"ID":16},{"utility":48.333333333333336,"ID":21},{"utility":12.333333333333334,"ID":22},{"utility":28.666666666666668,"ID":23}],[{"utility":27,"ID":10},{"utility":51.333333333333336,"ID":14},{"utility":52,"ID":18},{"utility":36.333333333333336,"ID":25}],[],[],[],[],[],[],[],[],[],[],[],[],[]],"CORE :":false,"LAST PARTITION":{"22":11,"23":9,"24":6,"25":12,"10":15,"11":3,"12":16,"13":4,"14":12,"15":8,"16":11,"17":1,"18":12,"19":7,"1":3,"2":17,"3":10,"4":16,"5":5,"6":9,"7":5,"8":17,"9":2,"20":10,"21":11}},{"STARTING PARTITION: ":{"22":11,"23":5,"24":7,"25":10,"10":10,"11":5,"12":3,"13":6,"14":6,"15":8,"16":11,"17":5,"18":9,"19":9,"1":8,"2":8,"3":2,"4":10,"5":5,"6":7,"7":8,"8":10,"9":1,"20":8,"21":8},"Agents":[null,{"utility":99,"ID":1},{"utility":77,"ID":2},{"utility":0,"ID":3},{"utility":0,"ID":4},{"utility":0,"ID":5},{"utility":0,"ID":6},{"utility":92,"ID":7},{"utility":72,"ID":8},{"utility":28,"ID":9},{"utility":29,"ID":10},{"utility":95,"ID":11},{"utility":0,"ID":12},{"utility":37,"ID":13},{"utility":27,"ID":14},{"utility":0,"ID":15},{"utility":88,"ID":16},{"utility":0,"ID":17},{"utility":0,"ID":18},{"utility":57,"ID":19},{"utility":0,"ID":20},{"utility":0,"ID":21},{"utility":37,"ID":22},{"utility":87,"ID":23},{"utility":0,"ID":24},{"utility":4,"ID":25}],"LAST COALITION":[[],[{"utility":28,"ID":9},{"utility":95,"ID":11}],[{"utility":0,"ID":17}],[{"utility":0,"ID":12}],[{"utility":99,"ID":1},{"utility":4,"ID":25}],[{"utility":0,"ID":18}],[{"utility":37,"ID":13},{"utility":27,"ID":14}],[{"utility":0,"ID":24}],[{"utility":0,"ID":21}],[{"utility":0,"ID":3}],[{"utility":92,"ID":7},{"utility":87,"ID":23}],[{"utility":88,"ID":16},{"utility":37,"ID":22}],[{"utility":0,"ID":20}],[{"utility":0,"ID":15}],[{"utility":0,"ID":5}],[{"utility":0,"ID":4}],[{"utility":0,"ID":6}],[{"utility":72,"ID":8},{"utility":57,"ID":19}],[],[{"utility":77,"ID":2},{"utility":29,"ID":10}],[],[],[],[],[],[]],"STARTING COALITION: ":[[null],[{"utility":0,"ID":9}],[{"utility":0,"ID":3}],[{"utility":0,"ID":12}],[],[{"utility":63.333333333333336,"ID":5},{"utility":62,"ID":11},{"utility":53,"ID":17},{"utility":25.666666666666668,"ID":23}],[{"utility":37,"ID":13},{"utility":27,"ID":14}],[{"utility":65,"ID":6},{"utility":36,"ID":24}],[{"utility":48.2,"ID":1},{"utility":45,"ID":2},{"utility":28.2,"ID":7},{"utility":45.6,"ID":15},{"utility":27.8,"ID":20},{"utility":30.8,"ID":21}],[{"utility":0,"ID":18},{"utility":99,"ID":19}],[{"utility":2.3333333333333335,"ID":4},{"utility":31.333333333333332,"ID":8},{"utility":26.333333333333332,"ID":10},{"utility":57.333333333333336,"ID":25}],[{"utility":88,"ID":16},{"utility":37,"ID":22}],[],[],[],[],[],[],[],[],[],[],[],[],[],[]],"CORE :":false,"LAST PARTITION":{"22":11,"23":10,"24":7,"25":4,"10":19,"11":1,"12":3,"13":6,"14":6,"15":13,"16":11,"17":2,"18":5,"19":17,"1":4,"2":19,"3":9,"4":15,"5":14,"6":16,"7":10,"8":17,"9":1,"20":12,"21":8}},{"STARTING PARTITION: ":{"22":9,"23":9,"24":10,"25":8,"10":11,"11":11,"12":11,"13":2,"14":7,"15":6,"16":2,"17":3,"18":5,"19":7,"1":1,"2":5,"3":2,"4":11,"5":1,"6":8,"7":8,"8":11,"9":10,"20":5,"21":8},"Agents":[null,{"utility":96,"ID":1},{"utility":83,"ID":2},{"utility":0,"ID":3},{"utility":89,"ID":4},{"utility":0,"ID":5},{"utility":85,"ID":6},{"utility":68,"ID":7},{"utility":62,"ID":8},{"utility":86,"ID":9},{"utility":0,"ID":10},{"utility":0,"ID":11},{"utility":76,"ID":12},{"utility":0,"ID":13},{"utility":57,"ID":14},{"utility":0,"ID":15},{"utility":1,"ID":16},{"utility":0,"ID":17},{"utility":66,"ID":18},{"utility":7,"ID":19},{"utility":0,"ID":20},{"utility":0,"ID":21},{"utility":0,"ID":22},{"utility":20,"ID":23},{"utility":0,"ID":24},{"utility":29,"ID":25}],"LAST COALITION":[[],[{"utility":0,"ID":3}],[{"utility":96,"ID":1},{"utility":66,"ID":18}],[{"utility":0,"ID":17}],[{"utility":83,"ID":2},{"utility":76,"ID":12}],[{"utility":85,"ID":6},{"utility":20,"ID":23}],[{"utility":89,"ID":4},{"utility":1,"ID":16}],[{"utility":57,"ID":14},{"utility":7,"ID":19}],[{"utility":0,"ID":21},{"utility":29,"ID":25}],[{"utility":0,"ID":22}],[{"utility":86,"ID":9},{"utility":0,"ID":24}],[{"utility":0,"ID":20}],[{"utility":0,"ID":15}],[{"utility":0,"ID":13}],[{"utility":68,"ID":7},{"utility":62,"ID":8}],[{"utility":0,"ID":11}],[{"utility":0,"ID":5}],[{"utility":0,"ID":10}],[],[],[],[],[],[],[],[]],"STARTING COALITION: ":[[null],[{"utility":0,"ID":1},{"utility":41,"ID":5}],[{"utility":18.5,"ID":3},{"utility":55.5,"ID":13},{"utility":40,"ID":16}],[{"utility":0,"ID":17}],[],[{"utility":40.5,"ID":2},{"utility":0,"ID":18},{"utility":72,"ID":20}],[{"utility":0,"ID":15}],[{"utility":57,"ID":14},{"utility":7,"ID":19}],[{"utility":19.333333333333332,"ID":6},{"utility":51,"ID":7},{"utility":36.333333333333336,"ID":21},{"utility":62.333333333333336,"ID":25}],[{"utility":0,"ID":22},{"utility":0,"ID":23}],[{"utility":86,"ID":9},{"utility":0,"ID":24}],[{"utility":21.75,"ID":4},{"utility":24,"ID":8},{"utility":46,"ID":10},{"utility":13,"ID":11},{"utility":52.5,"ID":12}],[],[],[],[],[],[],[],[],[],[],[],[],[],[]],"CORE :":false,"LAST PARTITION":{"22":9,"23":5,"24":10,"25":8,"10":17,"11":15,"12":4,"13":13,"14":7,"15":12,"16":6,"17":3,"18":2,"19":7,"1":2,"2":4,"3":1,"4":6,"5":16,"6":5,"7":14,"8":14,"9":10,"20":11,"21":8}},{"STARTING PARTITION: ":{"22":2,"23":11,"24":3,"25":1,"10":5,"11":12,"12":3,"13":5,"14":3,"15":4,"16":10,"17":12,"18":4,"19":3,"1":9,"2":9,"3":6,"4":8,"5":4,"6":5,"7":11,"8":4,"9":4,"20":7,"21":5},"Agents":[null,{"utility":99,"ID":1},{"utility":83,"ID":2},{"utility":89,"ID":3},{"utility":0,"ID":4},{"utility":89,"ID":5},{"utility":27.666666666666668,"ID":6},{"utility":92,"ID":7},{"utility":67,"ID":8},{"utility":63,"ID":9},{"utility":32.333333333333336,"ID":10},{"utility":0,"ID":11},{"utility":76,"ID":12},{"utility":32.333333333333336,"ID":13},{"utility":49,"ID":14},{"utility":0,"ID":15},{"utility":10,"ID":16},{"utility":0,"ID":17},{"utility":0,"ID":18},{"utility":41.5,"ID":19},{"utility":61,"ID":20},{"utility":87,"ID":21},{"utility":0,"ID":22},{"utility":87,"ID":23},{"utility":39.5,"ID":24},{"utility":4,"ID":25}],"LAST COALITION":[[],[{"utility":0,"ID":15}],[{"utility":0,"ID":22}],[{"utility":49,"ID":14},{"utility":41.5,"ID":19},{"utility":39.5,"ID":24}],[{"utility":67,"ID":8},{"utility":63,"ID":9}],[{"utility":27.666666666666668,"ID":6},{"utility":32.333333333333336,"ID":10},{"utility":32.333333333333336,"ID":13},{"utility":87,"ID":21}],[{"utility":0,"ID":11}],[{"utility":89,"ID":5},{"utility":10,"ID":16}],[{"utility":83,"ID":2},{"utility":76,"ID":12}],[{"utility":0,"ID":18}],[],[{"utility":92,"ID":7},{"utility":87,"ID":23}],[{"utility":0,"ID":17}],[{"utility":0,"ID":4}],[{"utility":99,"ID":1},{"utility":4,"ID":25}],[{"utility":89,"ID":3},{"utility":61,"ID":20}],[],[],[],[],[],[],[],[],[],[]],"STARTING COALITION: ":[[null],[{"utility":0,"ID":25}],[{"utility":0,"ID":22}],[{"utility":51.666666666666664,"ID":12},{"utility":36.666666666666664,"ID":14},{"utility":47.666666666666664,"ID":19},{"utility":59,"ID":24}],[{"utility":10.5,"ID":5},{"utility":39.5,"ID":8},{"utility":21.25,"ID":9},{"utility":38.25,"ID":15},{"utility":35.5,"ID":18}],[{"utility":27.666666666666668,"ID":6},{"utility":32.333333333333336,"ID":10},{"utility":32.333333333333336,"ID":13},{"utility":87,"ID":21}],[{"utility":0,"ID":3}],[{"utility":0,"ID":20}],[{"utility":0,"ID":4}],[{"utility":29,"ID":1},{"utility":33,"ID":2}],[{"utility":0,"ID":16}],[{"utility":92,"ID":7},{"utility":87,"ID":23}],[{"utility":0,"ID":11},{"utility":10,"ID":17}],[],[],[],[],[],[],[],[],[],[],[],[],[]],"CORE :":false,"LAST PARTITION":{"22":2,"23":11,"24":3,"25":14,"10":5,"11":6,"12":8,"13":5,"14":3,"15":1,"16":7,"17":12,"18":9,"19":3,"1":14,"2":8,"3":15,"4":13,"5":7,"6":5,"7":11,"8":4,"9":4,"20":15,"21":5}},{"STARTING PARTITION: ":{"22":10,"23":2,"24":4,"25":4,"10":9,"11":8,"12":10,"13":7,"14":4,"15":1,"16":7,"17":4,"18":3,"19":5,"1":10,"2":2,"3":6,"4":8,"5":9,"6":5,"7":4,"8":4,"9":1,"20":11,"21":3},"Agents":[null,{"utility":96,"ID":1},{"utility":89,"ID":2},{"utility":73,"ID":3},{"utility":0,"ID":4},{"utility":82,"ID":5},{"utility":85,"ID":6},{"utility":0,"ID":7},{"utility":17,"ID":8},{"utility":0,"ID":9},{"utility":0,"ID":10},{"utility":0,"ID":11},{"utility":0,"ID":12},{"utility":26,"ID":13},{"utility":62,"ID":14},{"utility":43,"ID":15},{"utility":45,"ID":16},{"utility":0,"ID":17},{"utility":66,"ID":18},{"utility":69,"ID":19},{"utility":0,"ID":20},{"utility":0,"ID":21},{"utility":0,"ID":22},{"utility":20,"ID":23},{"utility":22.5,"ID":24},{"utility":51.5,"ID":25}],"LAST COALITION":[[],[{"utility":0,"ID":9}],[{"utility":0,"ID":7}],[{"utility":0,"ID":21}],[{"utility":62,"ID":14},{"utility":22.5,"ID":24},{"utility":51.5,"ID":25}],[{"utility":0,"ID":12}],[{"utility":96,"ID":1},{"utility":66,"ID":18}],[{"utility":26,"ID":13},{"utility":45,"ID":16}],[{"utility":85,"ID":6},{"utility":20,"ID":23}],[],[{"utility":0,"ID":22}],[{"utility":0,"ID":11}],[{"utility":73,"ID":3},{"utility":43,"ID":15}],[{"utility":0,"ID":20}],[{"utility":0,"ID":17}],[{"utility":82,"ID":5},{"utility":69,"ID":19}],[{"utility":0,"ID":10}],[{"utility":0,"ID":4}],[{"utility":89,"ID":2},{"utility":17,"ID":8}],[],[],[],[],[],[],[]],"STARTING COALITION: ":[[null],[{"utility":0,"ID":9},{"utility":0,"ID":15}],[{"utility":0,"ID":2},{"utility":69,"ID":23}],[{"utility":51,"ID":18},{"utility":92,"ID":21}],[{"utility":40,"ID":7},{"utility":43.6,"ID":8},{"utility":50,"ID":14},{"utility":35.4,"ID":17},{"utility":56.6,"ID":24},{"utility":53.4,"ID":25}],[{"utility":76,"ID":6},{"utility":95,"ID":19}],[{"utility":0,"ID":3}],[{"utility":26,"ID":13},{"utility":45,"ID":16}],[{"utility":0,"ID":4},{"utility":13,"ID":11}],[{"utility":16,"ID":5},{"utility":13,"ID":10}],[{"utility":55.5,"ID":1},{"utility":59.5,"ID":12},{"utility":19.5,"ID":22}],[{"utility":0,"ID":20}],[],[],[],[],[],[],[],[],[],[],[],[],[],[]],"CORE :":false,"LAST PARTITION":{"22":10,"23":8,"24":4,"25":4,"10":16,"11":11,"12":5,"13":7,"14":4,"15":12,"16":7,"17":14,"18":6,"19":15,"1":6,"2":18,"3":12,"4":17,"5":15,"6":8,"7":2,"8":18,"9":1,"20":13,"21":3}},{"STARTING PARTITION: ":{"22":11,"23":4,"24":8,"25":2,"10":3,"11":3,"12":6,"13":4,"14":12,"15":9,"16":12,"17":10,"18":11,"19":11,"1":10,"2":12,"3":10,"4":11,"5":6,"6":7,"7":10,"8":9,"9":5,"20":2,"21":9},"Agents":[null,{"utility":99,"ID":1},{"utility":83,"ID":2},{"utility":89,"ID":3},{"utility":78,"ID":4},{"utility":92,"ID":5},{"utility":0,"ID":6},{"utility":92,"ID":7},{"utility":72,"ID":8},{"utility":28,"ID":9},{"utility":0,"ID":10},{"utility":95,"ID":11},{"utility":76,"ID":12},{"utility":0,"ID":13},{"utility":55,"ID":14},{"utility":55,"ID":15},{"utility":12,"ID":16},{"utility":0,"ID":17},{"utility":0,"ID":18},{"utility":57,"ID":19},{"utility":61,"ID":20},{"utility":81,"ID":21},{"utility":0,"ID":22},{"utility":87,"ID":23},{"utility":0,"ID":24},{"utility":4,"ID":25}],"LAST COALITION":[[],[],[{"utility":0,"ID":13}],[],[{"utility":28,"ID":9},{"utility":95,"ID":11}],[{"utility":0,"ID":17}],[{"utility":92,"ID":7},{"utility":87,"ID":23}],[{"utility":0,"ID":18}],[{"utility":0,"ID":24}],[{"utility":55,"ID":15},{"utility":81,"ID":21}],[{"utility":89,"ID":3},{"utility":61,"ID":20}],[{"utility":0,"ID":22}],[{"utility":55,"ID":14},{"utility":12,"ID":16}],[{"utility":78,"ID":4},{"utility":92,"ID":5}],[],[{"utility":0,"ID":6}],[{"utility":72,"ID":8},{"utility":57,"ID":19}],[{"utility":99,"ID":1},{"utility":4,"ID":25}],[{"utility":0,"ID":10}],[{"utility":83,"ID":2},{"utility":76,"ID":12}],[],[],[],[],[],[]],"STARTING COALITION: ":[[null],[],[{"utility":10,"ID":20},{"utility":85,"ID":25}],[{"utility":78,"ID":10},{"utility":23,"ID":11}],[{"utility":82,"ID":13},{"utility":0,"ID":23}],[{"utility":0,"ID":9}],[{"utility":97,"ID":5},{"utility":2,"ID":12}],[{"utility":0,"ID":6}],[{"utility":0,"ID":24}],[{"utility":45,"ID":8},{"utility":73.5,"ID":15},{"utility":88,"ID":21}],[{"utility":60,"ID":1},{"utility":52.333333333333336,"ID":3},{"utility":66.33333333333333,"ID":7},{"utility":61,"ID":17}],[{"utility":25,"ID":4},{"utility":23.666666666666668,"ID":18},{"utility":40.333333333333336,"ID":19},{"utility":52.666666666666664,"ID":22}],[{"utility":38.5,"ID":2},{"utility":27.5,"ID":14},{"utility":6,"ID":16}],[],[],[],[],[],[],[],[],[],[],[],[],[]],"CORE :":false,"LAST PARTITION":{"22":11,"23":6,"24":8,"25":17,"10":18,"11":4,"12":19,"13":2,"14":12,"15":9,"16":12,"17":5,"18":7,"19":16,"1":17,"2":19,"3":10,"4":13,"5":13,"6":15,"7":6,"8":16,"9":4,"20":10,"21":9}},{"STARTING PARTITION: ":{"22":11,"23":2,"24":1,"25":10,"10":12,"11":4,"12":8,"13":9,"14":2,"15":11,"16":11,"17":12,"18":2,"19":5,"1":9,"2":3,"3":3,"4":3,"5":9,"6":1,"7":7,"8":3,"9":4,"20":10,"21":7},"Agents":[null,{"utility":99,"ID":1},{"utility":89,"ID":2},{"utility":89,"ID":3},{"utility":81,"ID":4},{"utility":16,"ID":5},{"utility":85,"ID":6},{"utility":0,"ID":7},{"utility":17,"ID":8},{"utility":0,"ID":9},{"utility":13,"ID":10},{"utility":0,"ID":11},{"utility":46,"ID":12},{"utility":0,"ID":13},{"utility":0,"ID":14},{"utility":96,"ID":15},{"utility":48,"ID":16},{"utility":0,"ID":17},{"utility":0,"ID":18},{"utility":0,"ID":19},{"utility":61,"ID":20},{"utility":0,"ID":21},{"utility":60,"ID":22},{"utility":20,"ID":23},{"utility":0,"ID":24},{"utility":4,"ID":25}],"LAST COALITION":[[],[{"utility":0,"ID":24}],[{"utility":0,"ID":14}],[{"utility":85,"ID":6},{"utility":20,"ID":23}],[{"utility":0,"ID":9}],[{"utility":0,"ID":7}],[{"utility":16,"ID":5},{"utility":13,"ID":10}],[{"utility":0,"ID":21}],[{"utility":0,"ID":18}],[{"utility":0,"ID":13}],[],[{"utility":96,"ID":15},{"utility":48,"ID":16},{"utility":60,"ID":22}],[{"utility":89,"ID":3},{"utility":61,"ID":20}],[{"utility":0,"ID":11}],[{"utility":0,"ID":19}],[{"utility":0,"ID":17}],[{"utility":99,"ID":1},{"utility":4,"ID":25}],[],[{"utility":89,"ID":2},{"utility":17,"ID":8}],[{"utility":81,"ID":4},{"utility":46,"ID":12}],[],[],[],[],[],[]],"STARTING COALITION: ":[[null],[{"utility":65,"ID":6},{"utility":36,"ID":24}],[{"utility":71,"ID":14},{"utility":54.5,"ID":18},{"utility":40.5,"ID":23}],[{"utility":39.666666666666664,"ID":2},{"utility":49.666666666666664,"ID":3},{"utility":58,"ID":4},{"utility":33.333333333333336,"ID":8}],[{"utility":28,"ID":9},{"utility":95,"ID":11}],[{"utility":0,"ID":19}],[],[{"utility":27,"ID":7},{"utility":16,"ID":21}],[{"utility":0,"ID":12}],[{"utility":34,"ID":1},{"utility":20.5,"ID":5},{"utility":21,"ID":13}],[{"utility":10,"ID":20},{"utility":85,"ID":25}],[{"utility":96,"ID":15},{"utility":48,"ID":16},{"utility":60,"ID":22}],[{"utility":69,"ID":10},{"utility":80,"ID":17}],[],[],[],[],[],[],[],[],[],[],[],[],[]],"CORE :":false,"LAST PARTITION":{"22":11,"23":3,"24":1,"25":16,"10":6,"11":13,"12":19,"13":9,"14":2,"15":11,"16":11,"17":15,"18":8,"19":14,"1":16,"2":18,"3":12,"4":19,"5":6,"6":3,"7":5,"8":18,"9":4,"20":12,"21":7}},{"STARTING PARTITION: ":{"22":6,"23":10,"24":7,"25":7,"10":2,"11":12,"12":9,"13":8,"14":11,"15":5,"16":8,"17":4,"18":6,"19":10,"1":12,"2":6,"3":9,"4":2,"5":11,"6":9,"7":2,"8":7,"9":3,"20":1,"21":6},"Agents":[null,{"utility":96,"ID":1},{"utility":83,"ID":2},{"utility":89,"ID":3},{"utility":78,"ID":4},{"utility":92,"ID":5},{"utility":0,"ID":6},{"utility":0,"ID":7},{"utility":23,"ID":8},{"utility":0,"ID":9},{"utility":0,"ID":10},{"utility":94,"ID":11},{"utility":76,"ID":12},{"utility":26,"ID":13},{"utility":0,"ID":14},{"utility":0,"ID":15},{"utility":45,"ID":16},{"utility":0,"ID":17},{"utility":0,"ID":18},{"utility":82,"ID":19},{"utility":61,"ID":20},{"utility":39,"ID":21},{"utility":0,"ID":22},{"utility":23,"ID":23},{"utility":39.5,"ID":24},{"utility":58,"ID":25}],"LAST COALITION":[[],[{"utility":78,"ID":4},{"utility":92,"ID":5}],[{"utility":0,"ID":18}],[{"utility":0,"ID":9}],[{"utility":0,"ID":17}],[{"utility":0,"ID":15}],[{"utility":39,"ID":21},{"utility":0,"ID":22}],[{"utility":23,"ID":8},{"utility":39.5,"ID":24},{"utility":58,"ID":25}],[{"utility":26,"ID":13},{"utility":45,"ID":16}],[{"utility":89,"ID":3},{"utility":61,"ID":20}],[{"utility":82,"ID":19},{"utility":23,"ID":23}],[{"utility":0,"ID":14}],[{"utility":96,"ID":1},{"utility":94,"ID":11}],[],[],[{"utility":0,"ID":7}],[],[{"utility":0,"ID":6}],[{"utility":0,"ID":10}],[{"utility":83,"ID":2},{"utility":76,"ID":12}],[],[],[],[],[],[]],"STARTING COALITION: ":[[null],[{"utility":0,"ID":20}],[{"utility":45,"ID":4},{"utility":15,"ID":7},{"utility":34,"ID":10}],[{"utility":0,"ID":9}],[{"utility":0,"ID":17}],[{"utility":0,"ID":15}],[{"utility":61.666666666666664,"ID":2},{"utility":22.666666666666668,"ID":18},{"utility":45.333333333333336,"ID":21},{"utility":27.666666666666668,"ID":22}],[{"utility":23,"ID":8},{"utility":39.5,"ID":24},{"utility":58,"ID":25}],[{"utility":26,"ID":13},{"utility":45,"ID":16}],[{"utility":55.5,"ID":3},{"utility":4.5,"ID":6},{"utility":42.5,"ID":12}],[{"utility":82,"ID":19},{"utility":23,"ID":23}],[{"utility":0,"ID":5},{"utility":0,"ID":14}],[{"utility":96,"ID":1},{"utility":94,"ID":11}],[],[],[],[],[],[],[],[],[],[],[],[],[]],"CORE :":false,"LAST PARTITION":{"22":6,"23":10,"24":7,"25":7,"10":18,"11":12,"12":19,"13":8,"14":11,"15":5,"16":8,"17":4,"18":2,"19":10,"1":12,"2":19,"3":9,"4":1,"5":1,"6":17,"7":15,"8":7,"9":3,"20":9,"21":6}},{"STARTING PARTITION: ":{"22":11,"23":1,"24":4,"25":3,"10":4,"11":10,"12":5,"13":8,"14":10,"15":1,"16":11,"17":4,"18":8,"19":10,"1":3,"2":2,"3":6,"4":6,"5":4,"6":9,"7":6,"8":3,"9":10,"20":11,"21":12},"Agents":[null,{"utility":96,"ID":1},{"utility":0,"ID":2},{"utility":89,"ID":3},{"utility":78,"ID":4},{"utility":92,"ID":5},{"utility":9,"ID":6},{"utility":0,"ID":7},{"utility":45,"ID":8},{"utility":63,"ID":9},{"utility":67.5,"ID":10},{"utility":94,"ID":11},{"utility":85,"ID":12},{"utility":99,"ID":13},{"utility":31.5,"ID":14},{"utility":0,"ID":15},{"utility":88,"ID":16},{"utility":69.5,"ID":17},{"utility":84,"ID":18},{"utility":37.5,"ID":19},{"utility":61,"ID":20},{"utility":0,"ID":21},{"utility":37,"ID":22},{"utility":0,"ID":23},{"utility":85,"ID":24},{"utility":76,"ID":25}],"LAST COALITION":[[],[{"utility":0,"ID":23}],[{"utility":0,"ID":7}],[{"utility":45,"ID":8},{"utility":76,"ID":25}],[{"utility":67.5,"ID":10},{"utility":69.5,"ID":17},{"utility":85,"ID":24}],[{"utility":0,"ID":15}],[{"utility":89,"ID":3},{"utility":61,"ID":20}],[{"utility":96,"ID":1},{"utility":94,"ID":11}],[{"utility":99,"ID":13},{"utility":84,"ID":18}],[{"utility":78,"ID":4},{"utility":92,"ID":5}],[{"utility":63,"ID":9},{"utility":31.5,"ID":14},{"utility":37.5,"ID":19}],[{"utility":88,"ID":16},{"utility":37,"ID":22}],[{"utility":0,"ID":21}],[{"utility":9,"ID":6},{"utility":85,"ID":12}],[],[],[],[{"utility":0,"ID":2}],[],[],[],[],[],[],[],[]],"STARTING COALITION: ":[[null],[{"utility":5,"ID":15},{"utility":15,"ID":23}],[{"utility":0,"ID":2}],[{"utility":79,"ID":1},{"utility":28.5,"ID":8},{"utility":40,"ID":25}],[{"utility":47.333333333333336,"ID":5},{"utility":49.333333333333336,"ID":10},{"utility":73.33333333333333,"ID":17},{"utility":72,"ID":24}],[{"utility":0,"ID":12}],[{"utility":61,"ID":3},{"utility":88.5,"ID":4},{"utility":38,"ID":7}],[],[{"utility":99,"ID":13},{"utility":84,"ID":18}],[{"utility":0,"ID":6}],[{"utility":51.333333333333336,"ID":9},{"utility":64,"ID":11},{"utility":52.666666666666664,"ID":14},{"utility":55.333333333333336,"ID":19}],[{"utility":45.5,"ID":16},{"utility":36.5,"ID":20},{"utility":46.5,"ID":22}],[{"utility":0,"ID":21}],[],[],[],[],[],[],[],[],[],[],[],[],[]],"CORE :":false,"LAST PARTITION":{"22":11,"23":1,"24":4,"25":3,"10":4,"11":7,"12":13,"13":8,"14":10,"15":5,"16":11,"17":4,"18":8,"19":10,"1":7,"2":17,"3":6,"4":9,"5":9,"6":13,"7":2,"8":3,"9":10,"20":6,"21":12}},{"STARTING PARTITION: ":{"22":3,"23":8,"24":4,"25":4,"10":11,"11":5,"12":8,"13":8,"14":3,"15":10,"16":6,"17":11,"18":4,"19":10,"1":12,"2":10,"3":1,"4":3,"5":8,"6":2,"7":3,"8":9,"9":8,"20":5,"21":9},"Agents":[null,{"utility":96,"ID":1},{"utility":83,"ID":2},{"utility":89,"ID":3},{"utility":89,"ID":4},{"utility":0,"ID":5},{"utility":0,"ID":6},{"utility":0,"ID":7},{"utility":55,"ID":8},{"utility":7,"ID":9},{"utility":69,"ID":10},{"utility":0,"ID":11},{"utility":76,"ID":12},{"utility":64.5,"ID":13},{"utility":81,"ID":14},{"utility":81,"ID":15},{"utility":1,"ID":16},{"utility":80,"ID":17},{"utility":66,"ID":18},{"utility":11,"ID":19},{"utility":61,"ID":20},{"utility":95,"ID":21},{"utility":16,"ID":22},{"utility":21.5,"ID":23},{"utility":0,"ID":24},{"utility":40,"ID":25}],"LAST COALITION":[[],[{"utility":96,"ID":1},{"utility":66,"ID":18}],[{"utility":83,"ID":2},{"utility":76,"ID":12}],[{"utility":81,"ID":14},{"utility":16,"ID":22}],[{"utility":0,"ID":24},{"utility":40,"ID":25}],[{"utility":0,"ID":7}],[{"utility":0,"ID":11}],[],[{"utility":7,"ID":9},{"utility":64.5,"ID":13},{"utility":21.5,"ID":23}],[{"utility":55,"ID":8},{"utility":95,"ID":21}],[{"utility":81,"ID":15},{"utility":11,"ID":19}],[{"utility":69,"ID":10},{"utility":80,"ID":17}],[{"utility":0,"ID":6}],[{"utility":89,"ID":4},{"utility":1,"ID":16}],[{"utility":0,"ID":5}],[{"utility":89,"ID":3},{"utility":61,"ID":20}],[],[],[],[],[],[],[],[],[],[]],"STARTING COALITION: ":[[null],[{"utility":0,"ID":3}],[{"utility":0,"ID":6}],[{"utility":28,"ID":4},{"utility":0,"ID":7},{"utility":51.333333333333336,"ID":14},{"utility":21.333333333333332,"ID":22}],[{"utility":32,"ID":18},{"utility":0,"ID":24},{"utility":20,"ID":25}],[{"utility":25,"ID":11},{"utility":0,"ID":20}],[{"utility":0,"ID":16}],[],[{"utility":41.25,"ID":5},{"utility":6,"ID":9},{"utility":29,"ID":12},{"utility":37.25,"ID":13},{"utility":16.75,"ID":23}],[{"utility":55,"ID":8},{"utility":95,"ID":21}],[{"utility":38.5,"ID":2},{"utility":71.5,"ID":15},{"utility":5.5,"ID":19}],[{"utility":69,"ID":10},{"utility":80,"ID":17}],[{"utility":0,"ID":1}],[],[],[],[],[],[],[],[],[],[],[],[],[]],"CORE :":false,"LAST PARTITION":{"22":3,"23":8,"24":4,"25":4,"10":11,"11":6,"12":2,"13":8,"14":3,"15":10,"16":13,"17":11,"18":1,"19":10,"1":1,"2":2,"3":15,"4":13,"5":14,"6":12,"7":5,"8":9,"9":8,"20":15,"21":9}},{"STARTING PARTITION: ":{"22":6,"23":11,"24":1,"25":9,"10":3,"11":7,"12":5,"13":11,"14":8,"15":3,"16":1,"17":11,"18":5,"19":8,"1":4,"2":8,"3":10,"4":2,"5":6,"6":3,"7":4,"8":2,"9":9,"20":8,"21":1},"Agents":[null,{"utility":99,"ID":1},{"utility":89,"ID":2},{"utility":78,"ID":3},{"utility":81,"ID":4},{"utility":74,"ID":5},{"utility":85,"ID":6},{"utility":0,"ID":7},{"utility":17,"ID":8},{"utility":0,"ID":9},{"utility":0,"ID":10},{"utility":0,"ID":11},{"utility":46,"ID":12},{"utility":0,"ID":13},{"utility":90,"ID":14},{"utility":0,"ID":15},{"utility":39,"ID":16},{"utility":81,"ID":17},{"utility":62,"ID":18},{"utility":0,"ID":19},{"utility":83,"ID":20},{"utility":39.5,"ID":21},{"utility":0,"ID":22},{"utility":20,"ID":23},{"utility":11,"ID":24},{"utility":4,"ID":25}],"LAST COALITION":[[],[{"utility":39,"ID":16},{"utility":39.5,"ID":21},{"utility":11,"ID":24}],[{"utility":85,"ID":6},{"utility":20,"ID":23}],[{"utility":0,"ID":7}],[{"utility":78,"ID":3},{"utility":62,"ID":18}],[{"utility":0,"ID":10}],[{"utility":0,"ID":22}],[{"utility":99,"ID":1},{"utility":4,"ID":25}],[{"utility":90,"ID":14},{"utility":83,"ID":20}],[{"utility":0,"ID":9}],[{"utility":74,"ID":5},{"utility":81,"ID":17}],[{"utility":0,"ID":13}],[{"utility":0,"ID":11}],[],[{"utility":0,"ID":15}],[{"utility":0,"ID":19}],[],[{"utility":81,"ID":4},{"utility":46,"ID":12}],[{"utility":89,"ID":2},{"utility":17,"ID":8}],[],[],[],[],[],[],[]],"STARTING COALITION: ":[[null],[{"utility":39,"ID":16},{"utility":39.5,"ID":21},{"utility":11,"ID":24}],[{"utility":0,"ID":4},{"utility":2,"ID":8}],[{"utility":38.5,"ID":6},{"utility":70,"ID":10},{"utility":44.5,"ID":15}],[{"utility":78,"ID":1},{"utility":95,"ID":7}],[{"utility":98,"ID":12},{"utility":51,"ID":18}],[{"utility":17,"ID":5},{"utility":66,"ID":22}],[{"utility":0,"ID":11}],[{"utility":57.666666666666664,"ID":2},{"utility":49,"ID":14},{"utility":20,"ID":19},{"utility":76.66666666666667,"ID":20}],[{"utility":34,"ID":9},{"utility":0,"ID":25}],[{"utility":0,"ID":3}],[{"utility":57,"ID":13},{"utility":79,"ID":17},{"utility":1.5,"ID":23}],[],[],[],[],[],[],[],[],[],[],[],[],[],[]],"CORE :":false,"LAST PARTITION":{"22":6,"23":2,"24":1,"25":7,"10":5,"11":12,"12":17,"13":11,"14":8,"15":14,"16":1,"17":10,"18":4,"19":15,"1":7,"2":18,"3":4,"4":17,"5":10,"6":2,"7":3,"8":18,"9":9,"20":8,"21":1}},{"STARTING PARTITION: ":{"22":12,"23":6,"24":8,"25":11,"10":3,"11":4,"12":10,"13":8,"14":8,"15":1,"16":3,"17":6,"18":11,"19":8,"1":7,"2":1,"3":8,"4":2,"5":11,"6":4,"7":7,"8":8,"9":10,"20":8,"21":7},"Agents":[null,{"utility":99,"ID":1},{"utility":83,"ID":2},{"utility":0,"ID":3},{"utility":0,"ID":4},{"utility":0,"ID":5},{"utility":0,"ID":6},{"utility":92,"ID":7},{"utility":72,"ID":8},{"utility":28,"ID":9},{"utility":91,"ID":10},{"utility":95,"ID":11},{"utility":76,"ID":12},{"utility":44.333333333333336,"ID":13},{"utility":52.666666666666664,"ID":14},{"utility":0,"ID":15},{"utility":80,"ID":16},{"utility":0,"ID":17},{"utility":0,"ID":18},{"utility":57,"ID":19},{"utility":78.33333333333333,"ID":20},{"utility":0,"ID":21},{"utility":0,"ID":22},{"utility":87,"ID":23},{"utility":31.333333333333332,"ID":24},{"utility":4,"ID":25}],"LAST COALITION":[[],[],[{"utility":0,"ID":17}],[{"utility":91,"ID":10},{"utility":80,"ID":16}],[{"utility":0,"ID":3}],[{"utility":0,"ID":18}],[{"utility":28,"ID":9},{"utility":95,"ID":11}],[{"utility":0,"ID":21}],[{"utility":44.333333333333336,"ID":13},{"utility":52.666666666666664,"ID":14},{"utility":78.33333333333333,"ID":20},{"utility":31.333333333333332,"ID":24}],[{"utility":0,"ID":5}],[{"utility":0,"ID":15}],[{"utility":92,"ID":7},{"utility":87,"ID":23}],[{"utility":0,"ID":22}],[{"utility":99,"ID":1},{"utility":4,"ID":25}],[{"utility":72,"ID":8},{"utility":57,"ID":19}],[{"utility":0,"ID":4}],[{"utility":0,"ID":6}],[{"utility":83,"ID":2},{"utility":76,"ID":12}],[],[],[],[],[],[],[],[]],"STARTING COALITION: ":[[null],[{"utility":49,"ID":2},{"utility":62,"ID":15}],[{"utility":0,"ID":4}],[{"utility":91,"ID":10},{"utility":80,"ID":16}],[{"utility":83,"ID":6},{"utility":67,"ID":11}],[],[{"utility":68,"ID":17},{"utility":3,"ID":23}],[{"utility":83.5,"ID":1},{"utility":61,"ID":7},{"utility":22.5,"ID":21}],[{"utility":41.666666666666664,"ID":3},{"utility":46.833333333333336,"ID":8},{"utility":49.666666666666664,"ID":13},{"utility":50,"ID":14},{"utility":39.666666666666664,"ID":19},{"utility":61.333333333333336,"ID":20},{"utility":45.666666666666664,"ID":24}],[],[{"utility":10,"ID":9},{"utility":53,"ID":12}],[{"utility":23.5,"ID":5},{"utility":26,"ID":18},{"utility":15,"ID":25}],[{"utility":0,"ID":22}],[],[],[],[],[],[],[],[],[],[],[],[],[]],"CORE :":false,"LAST PARTITION":{"22":12,"23":11,"24":8,"25":13,"10":3,"11":6,"12":17,"13":8,"14":8,"15":10,"16":3,"17":2,"18":5,"19":14,"1":13,"2":17,"3":4,"4":15,"5":9,"6":16,"7":11,"8":14,"9":6,"20":8,"21":7}},{"STARTING PARTITION: ":{"22":10,"23":11,"24":8,"25":7,"10":8,"11":8,"12":1,"13":5,"14":5,"15":9,"16":5,"17":4,"18":9,"19":9,"1":3,"2":10,"3":8,"4":9,"5":7,"6":1,"7":8,"8":4,"9":11,"20":7,"21":2},"Agents":[null,{"utility":99,"ID":1},{"utility":97,"ID":2},{"utility":89,"ID":3},{"utility":89,"ID":4},{"utility":0,"ID":5},{"utility":9,"ID":6},{"utility":92,"ID":7},{"utility":72,"ID":8},{"utility":0,"ID":9},{"utility":66,"ID":10},{"utility":0,"ID":11},{"utility":85,"ID":12},{"utility":37,"ID":13},{"utility":27,"ID":14},{"utility":0,"ID":15},{"utility":1,"ID":16},{"utility":0,"ID":17},{"utility":0,"ID":18},{"utility":57,"ID":19},{"utility":61,"ID":20},{"utility":0,"ID":21},{"utility":0,"ID":22},{"utility":87,"ID":23},{"utility":92,"ID":24},{"utility":4,"ID":25}],"LAST COALITION":[[],[{"utility":92,"ID":7},{"utility":87,"ID":23}],[{"utility":0,"ID":21}],[{"utility":0,"ID":9}],[{"utility":89,"ID":4},{"utility":1,"ID":16}],[{"utility":37,"ID":13},{"utility":27,"ID":14}],[],[{"utility":0,"ID":11}],[{"utility":66,"ID":10},{"utility":92,"ID":24}],[{"utility":9,"ID":6},{"utility":85,"ID":12}],[{"utility":97,"ID":2},{"utility":0,"ID":22}],[{"utility":0,"ID":15}],[{"utility":72,"ID":8},{"utility":57,"ID":19}],[{"utility":99,"ID":1},{"utility":4,"ID":25}],[{"utility":0,"ID":18}],[{"utility":89,"ID":3},{"utility":61,"ID":20}],[{"utility":0,"ID":17}],[{"utility":0,"ID":5}],[],[],[],[],[],[],[],[]],"STARTING COALITION: ":[[null],[{"utility":9,"ID":6},{"utility":85,"ID":12}],[{"utility":0,"ID":21}],[{"utility":0,"ID":1}],[{"utility":41,"ID":8},{"utility":58,"ID":17}],[{"utility":31.5,"ID":13},{"utility":41,"ID":14},{"utility":28.5,"ID":16}],[],[{"utility":52,"ID":5},{"utility":15.5,"ID":20},{"utility":57.5,"ID":25}],[{"utility":41.25,"ID":3},{"utility":33.75,"ID":7},{"utility":59.5,"ID":10},{"utility":30.5,"ID":11},{"utility":81.75,"ID":24}],[{"utility":46.333333333333336,"ID":4},{"utility":44.666666666666664,"ID":15},{"utility":49.666666666666664,"ID":18},{"utility":44,"ID":19}],[{"utility":97,"ID":2},{"utility":0,"ID":22}],[{"utility":0,"ID":9},{"utility":43,"ID":23}],[],[],[],[],[],[],[],[],[],[],[],[],[],[]],"CORE :":false,"LAST PARTITION":{"22":10,"23":1,"24":8,"25":13,"10":8,"11":7,"12":9,"13":5,"14":5,"15":11,"16":4,"17":16,"18":14,"19":12,"1":13,"2":10,"3":15,"4":4,"5":17,"6":9,"7":1,"8":12,"9":3,"20":15,"21":2}},{"STARTING PARTITION: ":{"22":7,"23":1,"24":3,"25":6,"10":10,"11":1,"12":6,"13":9,"14":1,"15":7,"16":2,"17":4,"18":3,"19":12,"1":7,"2":10,"3":2,"4":2,"5":1,"6":7,"7":6,"8":2,"9":2,"20":11,"21":11},"Agents":[null,{"utility":96,"ID":1},{"utility":89,"ID":2},{"utility":58,"ID":3},{"utility":93,"ID":4},{"utility":0,"ID":5},{"utility":76,"ID":6},{"utility":92,"ID":7},{"utility":17,"ID":8},{"utility":89,"ID":9},{"utility":0,"ID":10},{"utility":97,"ID":11},{"utility":87,"ID":12},{"utility":0,"ID":13},{"utility":95,"ID":14},{"utility":95,"ID":15},{"utility":43,"ID":16},{"utility":0,"ID":17},{"utility":66,"ID":18},{"utility":95,"ID":19},{"utility":0,"ID":20},{"utility":0,"ID":21},{"utility":83,"ID":22},{"utility":87,"ID":23},{"utility":0,"ID":24},{"utility":6,"ID":25}],"LAST COALITION":[[],[{"utility":97,"ID":11},{"utility":95,"ID":14}],[{"utility":89,"ID":9},{"utility":43,"ID":16}],[{"utility":0,"ID":24}],[{"utility":58,"ID":3},{"utility":93,"ID":4}],[{"utility":92,"ID":7},{"utility":87,"ID":23}],[{"utility":87,"ID":12},{"utility":6,"ID":25}],[{"utility":95,"ID":15},{"utility":83,"ID":22}],[{"utility":96,"ID":1},{"utility":66,"ID":18}],[{"utility":0,"ID":13}],[{"utility":0,"ID":17}],[{"utility":0,"ID":21}],[{"utility":0,"ID":5}],[{"utility":76,"ID":6},{"utility":95,"ID":19}],[{"utility":0,"ID":20}],[],[],[{"utility":0,"ID":10}],[{"utility":89,"ID":2},{"utility":17,"ID":8}],[],[],[],[],[],[],[]],"STARTING COALITION: ":[[null],[{"utility":38.666666666666664,"ID":5},{"utility":94.33333333333333,"ID":11},{"utility":56.333333333333336,"ID":14},{"utility":28.333333333333332,"ID":23}],[{"utility":17.25,"ID":3},{"utility":52.5,"ID":4},{"utility":49.25,"ID":8},{"utility":62,"ID":9},{"utility":35.75,"ID":16}],[{"utility":19,"ID":18},{"utility":0,"ID":24}],[{"utility":0,"ID":17}],[],[{"utility":37.5,"ID":7},{"utility":92,"ID":12},{"utility":38.5,"ID":25}],[{"utility":63.666666666666664,"ID":1},{"utility":37.333333333333336,"ID":6},{"utility":56,"ID":15},{"utility":46.666666666666664,"ID":22}],[],[{"utility":0,"ID":13}],[{"utility":77,"ID":2},{"utility":29,"ID":10}],[{"utility":0,"ID":20},{"utility":23,"ID":21}],[{"utility":0,"ID":19}],[],[],[],[],[],[],[],[],[],[],[],[],[]],"CORE :":false,"LAST PARTITION":{"22":7,"23":5,"24":3,"25":6,"10":17,"11":1,"12":6,"13":9,"14":1,"15":7,"16":2,"17":10,"18":8,"19":13,"1":8,"2":18,"3":4,"4":4,"5":12,"6":13,"7":5,"8":18,"9":2,"20":14,"21":11}},{"STARTING PARTITION: ":{"22":9,"23":12,"24":9,"25":12,"10":4,"11":3,"12":2,"13":11,"14":11,"15":4,"16":7,"17":8,"18":2,"19":6,"1":1,"2":3,"3":5,"4":7,"5":12,"6":1,"7":9,"8":3,"9":6,"20":4,"21":8},"Agents":[null,{"utility":96,"ID":1},{"utility":89,"ID":2},{"utility":89,"ID":3},{"utility":81,"ID":4},{"utility":0,"ID":5},{"utility":83,"ID":6},{"utility":0,"ID":7},{"utility":17,"ID":8},{"utility":89,"ID":9},{"utility":0,"ID":10},{"utility":67,"ID":11},{"utility":46,"ID":12},{"utility":37,"ID":13},{"utility":27,"ID":14},{"utility":0,"ID":15},{"utility":0,"ID":16},{"utility":69,"ID":17},{"utility":66,"ID":18},{"utility":68,"ID":19},{"utility":61,"ID":20},{"utility":11,"ID":21},{"utility":24,"ID":22},{"utility":84,"ID":23},{"utility":44,"ID":24},{"utility":31,"ID":25}],"LAST COALITION":[[],[{"utility":83,"ID":6},{"utility":67,"ID":11}],[{"utility":0,"ID":15}],[{"utility":0,"ID":5}],[{"utility":89,"ID":3},{"utility":61,"ID":20}],[{"utility":0,"ID":16}],[{"utility":89,"ID":9},{"utility":68,"ID":19}],[{"utility":96,"ID":1},{"utility":66,"ID":18}],[{"utility":69,"ID":17},{"utility":11,"ID":21}],[{"utility":24,"ID":22},{"utility":44,"ID":24}],[],[{"utility":37,"ID":13},{"utility":27,"ID":14}],[{"utility":84,"ID":23},{"utility":31,"ID":25}],[{"utility":0,"ID":7}],[{"utility":0,"ID":10}],[{"utility":81,"ID":4},{"utility":46,"ID":12}],[],[{"utility":89,"ID":2},{"utility":17,"ID":8}],[],[],[],[],[],[],[],[]],"STARTING COALITION: ":[[null],[{"utility":95,"ID":1},{"utility":0,"ID":6}],[{"utility":98,"ID":12},{"utility":51,"ID":18}],[{"utility":93,"ID":2},{"utility":32,"ID":8},{"utility":8,"ID":11}],[{"utility":27,"ID":10},{"utility":14,"ID":15},{"utility":15,"ID":20}],[{"utility":0,"ID":3}],[{"utility":89,"ID":9},{"utility":68,"ID":19}],[{"utility":89,"ID":4},{"utility":1,"ID":16}],[{"utility":69,"ID":17},{"utility":11,"ID":21}],[{"utility":14.5,"ID":7},{"utility":31.5,"ID":22},{"utility":62.5,"ID":24}],[],[{"utility":37,"ID":13},{"utility":27,"ID":14}],[{"utility":45.5,"ID":5},{"utility":45,"ID":23},{"utility":30.5,"ID":25}],[],[],[],[],[],[],[],[],[],[],[],[],[]],"CORE :":false,"LAST PARTITION":{"22":9,"23":12,"24":9,"25":12,"10":14,"11":1,"12":15,"13":11,"14":11,"15":2,"16":5,"17":8,"18":7,"19":6,"1":7,"2":17,"3":4,"4":15,"5":3,"6":1,"7":13,"8":17,"9":6,"20":4,"21":8}},{"STARTING PARTITION: ":{"22":7,"23":11,"24":10,"25":8,"10":1,"11":4,"12":12,"13":5,"14":3,"15":3,"16":4,"17":2,"18":2,"19":2,"1":12,"2":2,"3":1,"4":5,"5":6,"6":4,"7":12,"8":12,"9":11,"20":2,"21":2},"Agents":[null,{"utility":99,"ID":1},{"utility":89,"ID":2},{"utility":73,"ID":3},{"utility":0,"ID":4},{"utility":0,"ID":5},{"utility":83,"ID":6},{"utility":0,"ID":7},{"utility":17,"ID":8},{"utility":0,"ID":9},{"utility":0,"ID":10},{"utility":67,"ID":11},{"utility":0,"ID":12},{"utility":0,"ID":13},{"utility":0,"ID":14},{"utility":43,"ID":15},{"utility":0,"ID":16},{"utility":34.5,"ID":17},{"utility":0,"ID":18},{"utility":28.5,"ID":19},{"utility":0,"ID":20},{"utility":26.5,"ID":21},{"utility":0,"ID":22},{"utility":43,"ID":23},{"utility":0,"ID":24},{"utility":4,"ID":25}],"LAST COALITION":[[],[{"utility":83,"ID":6},{"utility":67,"ID":11}],[{"utility":34.5,"ID":17},{"utility":28.5,"ID":19},{"utility":26.5,"ID":21}],[{"utility":0,"ID":14}],[],[{"utility":0,"ID":13}],[{"utility":0,"ID":12}],[{"utility":0,"ID":22}],[{"utility":0,"ID":16}],[{"utility":0,"ID":18}],[{"utility":0,"ID":24}],[{"utility":0,"ID":9},{"utility":43,"ID":23}],[{"utility":0,"ID":20}],[{"utility":73,"ID":3},{"utility":43,"ID":15}],[{"utility":99,"ID":1},{"utility":4,"ID":25}],[{"utility":0,"ID":7}],[{"utility":0,"ID":5}],[{"utility":0,"ID":10}],[{"utility":0,"ID":4}],[{"utility":89,"ID":2},{"utility":17,"ID":8}],[],[],[],[],[],[]],"STARTING COALITION: ":[[null],[{"utility":6,"ID":3},{"utility":94,"ID":10}],[{"utility":37.6,"ID":2},{"utility":43.6,"ID":17},{"utility":18.6,"ID":18},{"utility":41.8,"ID":19},{"utility":45.2,"ID":20},{"utility":34.6,"ID":21}],[{"utility":29,"ID":14},{"utility":0,"ID":15}],[{"utility":57.5,"ID":6},{"utility":41,"ID":11},{"utility":5.5,"ID":16}],[{"utility":0,"ID":4},{"utility":11,"ID":13}],[{"utility":0,"ID":5}],[{"utility":0,"ID":22}],[{"utility":0,"ID":25}],[],[{"utility":0,"ID":24}],[{"utility":0,"ID":9},{"utility":43,"ID":23}],[{"utility":50.666666666666664,"ID":1},{"utility":54.333333333333336,"ID":7},{"utility":24.666666666666668,"ID":8},{"utility":67,"ID":12}],[],[],[],[],[],[],[],[],[],[],[],[],[]],"CORE :":false,"LAST PARTITION":{"22":7,"23":11,"24":10,"25":14,"10":17,"11":1,"12":6,"13":5,"14":3,"15":13,"16":8,"17":2,"18":9,"19":2,"1":14,"2":19,"3":13,"4":18,"5":16,"6":1,"7":15,"8":19,"9":11,"20":12,"21":2}},{"END OF FILE:" : true}]