[{"STARTING PARTITION: ":{"22":9,"23":1,"24":1,"25":2,"10":3,"11":2,"12":12,"13":2,"14":4,"15":10,"16":4,"17":4,"18":4,"19":6,"1":1,"2":5,"3":1,"4":2,"5":3,"6":9,"7":1,"8":8,"9":8,"20":10,"21":1},"Agents":[null,{"utility":59,"ID":1},{"utility":0,"ID":2},{"utility":75,"ID":3},{"utility":15.333333333333334,"ID":4},{"utility":37,"ID":5},{"utility":0,"ID":6},{"utility":19.333333333333332,"ID":7},{"utility":23,"ID":8},{"utility":65,"ID":9},{"utility":52,"ID":10},{"utility":44,"ID":11},{"utility":0,"ID":12},{"utility":65.33333333333333,"ID":13},{"utility":21,"ID":14},{"utility":80,"ID":15},{"utility":57.666666666666664,"ID":16},{"utility":58,"ID":17},{"utility":39.333333333333336,"ID":18},{"utility":0,"ID":19},{"utility":79,"ID":20},{"utility":62,"ID":21},{"utility":0,"ID":22},{"utility":37,"ID":23},{"utility":59.333333333333336,"ID":24},{"utility":27.333333333333332,"ID":25}],"LAST COALITION":[[],[{"utility":19.333333333333332,"ID":7},{"utility":62,"ID":21},{"utility":37,"ID":23},{"utility":59.333333333333336,"ID":24}],[{"utility":15.333333333333334,"ID":4},{"utility":44,"ID":11},{"utility":65.33333333333333,"ID":13},{"utility":27.333333333333332,"ID":25}],[{"utility":37,"ID":5},{"utility":52,"ID":10}],[{"utility":21,"ID":14},{"utility":57.666666666666664,"ID":16},{"utility":58,"ID":17},{"utility":39.333333333333336,"ID":18}],[{"utility":0,"ID":2}],[{"utility":0,"ID":19}],[],[{"utility":23,"ID":8},{"utility":65,"ID":9}],[{"utility":0,"ID":6},{"utility":0,"ID":22}],[{"utility":80,"ID":15},{"utility":79,"ID":20}],[{"utility":59,"ID":1},{"utility":75,"ID":3}],[{"utility":0,"ID":12}],[],[],[],[],[],[],[],[],[],[],[],[],[]],"STARTING COALITION: ":[[null],[{"utility":25.6,"ID":1},{"utility":26.4,"ID":3},{"utility":37,"ID":7},{"utility":55.6,"ID":21},{"utility":31.8,"ID":23},{"utility":54.8,"ID":24}],[{"utility":15.333333333333334,"ID":4},{"utility":44,"ID":11},{"utility":65.33333333333333,"ID":13},{"utility":27.333333333333332,"ID":25}],[{"utility":37,"ID":5},{"utility":52,"ID":10}],[{"utility":21,"ID":14},{"utility":57.666666666666664,"ID":16},{"utility":58,"ID":17},{"utility":39.333333333333336,"ID":18}],[{"utility":0,"ID":2}],[{"utility":0,"ID":19}],[],[{"utility":23,"ID":8},{"utility":65,"ID":9}],[{"utility":0,"ID":6},{"utility":0,"ID":22}],[{"utility":80,"ID":15},{"utility":79,"ID":20}],[],[{"utility":0,"ID":12}],[],[],[],[],[],[],[],[],[],[],[],[],[]],"CORE :":false,"LAST PARTITION":{"22":9,"23":1,"24":1,"25":2,"10":3,"11":2,"12":12,"13":2,"14":4,"15":10,"16":4,"17":4,"18":4,"19":6,"1":11,"2":5,"3":11,"4":2,"5":3,"6":9,"7":1,"8":8,"9":8,"20":10,"21":1}},{"STARTING PARTITION: ":{"22":6,"23":12,"24":1,"25":5,"10":12,"11":3,"12":4,"13":7,"14":11,"15":6,"16":12,"17":9,"18":4,"19":9,"1":12,"2":4,"3":7,"4":9,"5":8,"6":2,"7":5,"8":2,"9":8,"20":10,"21":11},"Agents":[null,{"utility":0,"ID":1},{"utility":99,"ID":2},{"utility":95,"ID":3},{"utility":56,"ID":4},{"utility":84,"ID":5},{"utility":0,"ID":6},{"utility":98,"ID":7},{"utility":0,"ID":8},{"utility":0,"ID":9},{"utility":87,"ID":10},{"utility":0,"ID":11},{"utility":21,"ID":12},{"utility":0,"ID":13},{"utility":97,"ID":14},{"utility":6,"ID":15},{"utility":32,"ID":16},{"utility":78,"ID":17},{"utility":46,"ID":18},{"utility":0,"ID":19},{"utility":81,"ID":20},{"utility":0,"ID":21},{"utility":40,"ID":22},{"utility":0,"ID":23},{"utility":0,"ID":24},{"utility":0,"ID":25}],"LAST COALITION":[[],[{"utility":0,"ID":8}],[{"utility":0,"ID":11}],[{"utility":95,"ID":3},{"utility":81,"ID":20}],[{"utility":21,"ID":12},{"utility":46,"ID":18}],[{"utility":56,"ID":4},{"utility":32,"ID":16}],[{"utility":98,"ID":7},{"utility":97,"ID":14}],[{"utility":0,"ID":6}],[{"utility":0,"ID":24}],[{"utility":0,"ID":13}],[{"utility":99,"ID":2},{"utility":6,"ID":15}],[{"utility":84,"ID":5},{"utility":40,"ID":22}],[{"utility":0,"ID":23}],[{"utility":0,"ID":19}],[{"utility":0,"ID":25}],[{"utility":87,"ID":10},{"utility":78,"ID":17}],[{"utility":0,"ID":9}],[],[{"utility":0,"ID":21}],[],[{"utility":0,"ID":1}],[],[],[],[],[]],"STARTING COALITION: ":[[null],[{"utility":0,"ID":24}],[{"utility":15,"ID":6},{"utility":0,"ID":8}],[{"utility":0,"ID":11}],[{"utility":18.5,"ID":2},{"utility":10.5,"ID":12},{"utility":27.5,"ID":18}],[{"utility":13,"ID":7},{"utility":29,"ID":25}],[{"utility":28,"ID":15},{"utility":42,"ID":22}],[{"utility":52,"ID":3},{"utility":0,"ID":13}],[{"utility":48,"ID":5},{"utility":63,"ID":9}],[{"utility":0,"ID":4},{"utility":16.5,"ID":17},{"utility":36,"ID":19}],[{"utility":0,"ID":20}],[{"utility":88,"ID":14},{"utility":26,"ID":21}],[{"utility":43.666666666666664,"ID":1},{"utility":74.66666666666667,"ID":10},{"utility":30,"ID":16},{"utility":51.333333333333336,"ID":23}],[],[],[],[],[],[],[],[],[],[],[],[],[]],"CORE :":false,"LAST PARTITION":{"22":11,"23":12,"24":8,"25":14,"10":15,"11":2,"12":4,"13":9,"14":6,"15":10,"16":5,"17":15,"18":4,"19":13,"1":20,"2":10,"3":3,"4":5,"5":11,"6":7,"7":6,"8":1,"9":16,"20":3,"21":18}},{"STARTING PARTITION: ":{"22":11,"23":3,"24":7,"25":6,"10":9,"11":6,"12":10,"13":3,"14":3,"15":9,"16":9,"17":5,"18":3,"19":8,"1":5,"2":11,"3":9,"4":2,"5":8,"6":9,"7":9,"8":2,"9":6,"20":2,"21":4},"Agents":[null,{"utility":69,"ID":1},{"utility":58,"ID":2},{"utility":0,"ID":3},{"utility":16.5,"ID":4},{"utility":77,"ID":5},{"utility":35.25,"ID":6},{"utility":27,"ID":7},{"utility":29,"ID":8},{"utility":49.5,"ID":9},{"utility":59.5,"ID":10},{"utility":28,"ID":11},{"utility":0,"ID":12},{"utility":54.666666666666664,"ID":13},{"utility":22.666666666666668,"ID":14},{"utility":43.5,"ID":15},{"utility":49.75,"ID":16},{"utility":0,"ID":17},{"utility":45.333333333333336,"ID":18},{"utility":58,"ID":19},{"utility":16,"ID":20},{"utility":0,"ID":21},{"utility":0,"ID":22},{"utility":45.666666666666664,"ID":23},{"utility":0,"ID":24},{"utility":56,"ID":25}],"LAST COALITION":[[],[{"utility":69,"ID":1},{"utility":58,"ID":2}],[{"utility":16.5,"ID":4},{"utility":29,"ID":8},{"utility":16,"ID":20}],[{"utility":54.666666666666664,"ID":13},{"utility":22.666666666666668,"ID":14},{"utility":45.333333333333336,"ID":18},{"utility":45.666666666666664,"ID":23}],[{"utility":0,"ID":21}],[{"utility":0,"ID":17}],[{"utility":49.5,"ID":9},{"utility":28,"ID":11},{"utility":56,"ID":25}],[{"utility":0,"ID":24}],[{"utility":77,"ID":5},{"utility":58,"ID":19}],[{"utility":35.25,"ID":6},{"utility":27,"ID":7},{"utility":59.5,"ID":10},{"utility":43.5,"ID":15},{"utility":49.75,"ID":16}],[{"utility":0,"ID":12}],[{"utility":0,"ID":22}],[],[{"utility":0,"ID":3}],[],[],[],[],[],[],[],[],[],[],[],[]],"STARTING COALITION: ":[[null],[],[{"utility":16.5,"ID":4},{"utility":29,"ID":8},{"utility":16,"ID":20}],[{"utility":54.666666666666664,"ID":13},{"utility":22.666666666666668,"ID":14},{"utility":45.333333333333336,"ID":18},{"utility":45.666666666666664,"ID":23}],[{"utility":0,"ID":21}],[{"utility":9,"ID":1},{"utility":50,"ID":17}],[{"utility":49.5,"ID":9},{"utility":28,"ID":11},{"utility":56,"ID":25}],[{"utility":0,"ID":24}],[{"utility":77,"ID":5},{"utility":58,"ID":19}],[{"utility":3.6,"ID":3},{"utility":44.4,"ID":6},{"utility":39.8,"ID":7},{"utility":51,"ID":10},{"utility":45.8,"ID":15},{"utility":43.6,"ID":16}],[{"utility":0,"ID":12}],[{"utility":0,"ID":2},{"utility":3,"ID":22}],[],[],[],[],[],[],[],[],[],[],[],[],[],[]],"CORE :":false,"LAST PARTITION":{"22":11,"23":3,"24":7,"25":6,"10":9,"11":6,"12":10,"13":3,"14":3,"15":9,"16":9,"17":5,"18":3,"19":8,"1":1,"2":1,"3":13,"4":2,"5":8,"6":9,"7":9,"8":2,"9":6,"20":2,"21":4}},{"STARTING PARTITION: ":{"22":6,"23":5,"24":5,"25":3,"10":9,"11":10,"12":4,"13":2,"14":4,"15":6,"16":11,"17":9,"18":4,"19":8,"1":6,"2":6,"3":1,"4":11,"5":3,"6":1,"7":3,"8":11,"9":2,"20":9,"21":10},"Agents":[null,{"utility":90,"ID":1},{"utility":99,"ID":2},{"utility":95,"ID":3},{"utility":32,"ID":4},{"utility":62,"ID":5},{"utility":95,"ID":6},{"utility":98,"ID":7},{"utility":61,"ID":8},{"utility":82,"ID":9},{"utility":87,"ID":10},{"utility":0,"ID":11},{"utility":35,"ID":12},{"utility":0,"ID":13},{"utility":97,"ID":14},{"utility":6,"ID":15},{"utility":13,"ID":16},{"utility":78,"ID":17},{"utility":0,"ID":18},{"utility":0,"ID":19},{"utility":81,"ID":20},{"utility":0,"ID":21},{"utility":66,"ID":22},{"utility":60,"ID":23},{"utility":21,"ID":24},{"utility":16,"ID":25}],"LAST COALITION":[[],[],[{"utility":61,"ID":8},{"utility":66,"ID":22}],[{"utility":98,"ID":7},{"utility":97,"ID":14}],[{"utility":0,"ID":19}],[{"utility":60,"ID":23},{"utility":21,"ID":24}],[],[{"utility":0,"ID":21}],[{"utility":0,"ID":11}],[{"utility":87,"ID":10},{"utility":78,"ID":17}],[{"utility":95,"ID":3},{"utility":81,"ID":20}],[{"utility":0,"ID":13}],[{"utility":95,"ID":6},{"utility":16,"ID":25}],[{"utility":99,"ID":2},{"utility":6,"ID":15}],[{"utility":62,"ID":5},{"utility":35,"ID":12}],[{"utility":0,"ID":18}],[{"utility":32,"ID":4},{"utility":82,"ID":9}],[],[{"utility":90,"ID":1},{"utility":13,"ID":16}],[],[],[],[],[],[],[]],"STARTING COALITION: ":[[null],[{"utility":17,"ID":3},{"utility":81,"ID":6}],[{"utility":87,"ID":9},{"utility":9,"ID":13}],[{"utility":52,"ID":5},{"utility":12,"ID":7},{"utility":50,"ID":25}],[{"utility":10.5,"ID":12},{"utility":27.5,"ID":14},{"utility":42.5,"ID":18}],[{"utility":60,"ID":23},{"utility":21,"ID":24}],[{"utility":63.333333333333336,"ID":1},{"utility":52.333333333333336,"ID":2},{"utility":21.333333333333332,"ID":15},{"utility":27,"ID":22}],[],[{"utility":0,"ID":19}],[{"utility":87.5,"ID":10},{"utility":76.5,"ID":17},{"utility":40,"ID":20}],[{"utility":86,"ID":11},{"utility":42,"ID":21}],[{"utility":28,"ID":4},{"utility":76.5,"ID":8},{"utility":16,"ID":16}],[],[],[],[],[],[],[],[],[],[],[],[],[],[]],"CORE :":false,"LAST PARTITION":{"22":2,"23":5,"24":5,"25":12,"10":9,"11":8,"12":14,"13":11,"14":3,"15":13,"16":18,"17":9,"18":15,"19":4,"1":18,"2":13,"3":10,"4":16,"5":14,"6":12,"7":3,"8":2,"9":16,"20":10,"21":7}},{"STARTING PARTITION: ":{"22":11,"23":11,"24":2,"25":7,"10":8,"11":12,"12":6,"13":9,"14":4,"15":11,"16":7,"17":6,"18":2,"19":11,"1":7,"2":11,"3":2,"4":5,"5":11,"6":4,"7":3,"8":5,"9":6,"20":9,"21":3},"Agents":[null,{"utility":90,"ID":1},{"utility":99,"ID":2},{"utility":95,"ID":3},{"utility":76,"ID":4},{"utility":62,"ID":5},{"utility":95,"ID":6},{"utility":98,"ID":7},{"utility":61,"ID":8},{"utility":0,"ID":9},{"utility":87,"ID":10},{"utility":58,"ID":11},{"utility":35,"ID":12},{"utility":0,"ID":13},{"utility":97,"ID":14},{"utility":6,"ID":15},{"utility":13,"ID":16},{"utility":78,"ID":17},{"utility":92,"ID":18},{"utility":0,"ID":19},{"utility":81,"ID":20},{"utility":0,"ID":21},{"utility":66,"ID":22},{"utility":0,"ID":23},{"utility":13,"ID":24},{"utility":16,"ID":25}],"LAST COALITION":[[],[{"utility":62,"ID":5},{"utility":35,"ID":12}],[{"utility":98,"ID":7},{"utility":97,"ID":14}],[{"utility":76,"ID":4},{"utility":13,"ID":24}],[{"utility":90,"ID":1},{"utility":13,"ID":16}],[{"utility":0,"ID":21}],[{"utility":0,"ID":19}],[{"utility":95,"ID":6},{"utility":16,"ID":25}],[{"utility":95,"ID":3},{"utility":81,"ID":20}],[],[{"utility":0,"ID":13}],[{"utility":0,"ID":23}],[{"utility":87,"ID":10},{"utility":78,"ID":17}],[{"utility":58,"ID":11},{"utility":92,"ID":18}],[{"utility":99,"ID":2},{"utility":6,"ID":15}],[{"utility":61,"ID":8},{"utility":66,"ID":22}],[],[{"utility":0,"ID":9}],[],[],[],[],[],[],[],[]],"STARTING COALITION: ":[[null],[],[{"utility":39.5,"ID":3},{"utility":26,"ID":18},{"utility":41,"ID":24}],[{"utility":58,"ID":7},{"utility":60,"ID":21}],[{"utility":20,"ID":6},{"utility":19,"ID":14}],[{"utility":0,"ID":4},{"utility":58,"ID":8}],[{"utility":52,"ID":9},{"utility":16.5,"ID":12},{"utility":26,"ID":17}],[{"utility":72.5,"ID":1},{"utility":51.5,"ID":16},{"utility":36,"ID":25}],[{"utility":0,"ID":10}],[{"utility":64,"ID":13},{"utility":97,"ID":20}],[],[{"utility":35.2,"ID":2},{"utility":50.4,"ID":5},{"utility":20.2,"ID":15},{"utility":27.6,"ID":19},{"utility":38.6,"ID":22},{"utility":52,"ID":23}],[{"utility":0,"ID":11}],[],[],[],[],[],[],[],[],[],[],[],[],[]],"CORE :":false,"LAST PARTITION":{"22":15,"23":11,"24":3,"25":7,"10":12,"11":13,"12":1,"13":10,"14":2,"15":14,"16":4,"17":12,"18":13,"19":6,"1":4,"2":14,"3":8,"4":3,"5":1,"6":7,"7":2,"8":15,"9":17,"20":8,"21":5}},{"STARTING PARTITION: ":{"22":7,"23":3,"24":5,"25":8,"10":4,"11":10,"12":9,"13":11,"14":1,"15":10,"16":7,"17":8,"18":8,"19":9,"1":8,"2":4,"3":12,"4":9,"5":8,"6":5,"7":12,"8":12,"9":5,"20":1,"21":9},"Agents":[null,{"utility":90,"ID":1},{"utility":90,"ID":2},{"utility":95,"ID":3},{"utility":0,"ID":4},{"utility":84,"ID":5},{"utility":0,"ID":6},{"utility":98,"ID":7},{"utility":70,"ID":8},{"utility":0,"ID":9},{"utility":29,"ID":10},{"utility":0,"ID":11},{"utility":60,"ID":12},{"utility":0,"ID":13},{"utility":97,"ID":14},{"utility":0,"ID":15},{"utility":13,"ID":16},{"utility":61,"ID":17},{"utility":13,"ID":18},{"utility":41.5,"ID":19},{"utility":81,"ID":20},{"utility":68,"ID":21},{"utility":40,"ID":22},{"utility":0,"ID":23},{"utility":0,"ID":24},{"utility":63,"ID":25}],"LAST COALITION":[[],[{"utility":84,"ID":5},{"utility":40,"ID":22}],[{"utility":90,"ID":2},{"utility":29,"ID":10}],[{"utility":0,"ID":23}],[{"utility":0,"ID":4}],[{"utility":70,"ID":8},{"utility":61,"ID":17}],[{"utility":0,"ID":24}],[{"utility":98,"ID":7},{"utility":97,"ID":14}],[{"utility":13,"ID":18},{"utility":63,"ID":25}],[{"utility":60,"ID":12},{"utility":41.5,"ID":19},{"utility":68,"ID":21}],[{"utility":95,"ID":3},{"utility":81,"ID":20}],[{"utility":0,"ID":6}],[{"utility":0,"ID":13}],[],[{"utility":0,"ID":11}],[],[{"utility":0,"ID":9}],[{"utility":0,"ID":15}],[{"utility":90,"ID":1},{"utility":13,"ID":16}],[],[],[],[],[],[],[]],"STARTING COALITION: ":[[null],[{"utility":16,"ID":14},{"utility":3,"ID":20}],[],[{"utility":0,"ID":23}],[{"utility":90,"ID":2},{"utility":29,"ID":10}],[{"utility":35.5,"ID":6},{"utility":38,"ID":9},{"utility":72.5,"ID":24}],[],[{"utility":9,"ID":16},{"utility":0,"ID":22}],[{"utility":32,"ID":1},{"utility":15.25,"ID":5},{"utility":25.75,"ID":17},{"utility":33.75,"ID":18},{"utility":46,"ID":25}],[{"utility":0,"ID":4},{"utility":67,"ID":12},{"utility":30.666666666666668,"ID":19},{"utility":57.666666666666664,"ID":21}],[{"utility":29,"ID":11},{"utility":1,"ID":15}],[{"utility":0,"ID":13}],[{"utility":0,"ID":3},{"utility":45.5,"ID":7},{"utility":20.5,"ID":8}],[],[],[],[],[],[],[],[],[],[],[],[],[]],"CORE :":false,"LAST PARTITION":{"22":1,"23":3,"24":6,"25":8,"10":2,"11":14,"12":9,"13":12,"14":7,"15":17,"16":18,"17":5,"18":8,"19":9,"1":18,"2":2,"3":10,"4":4,"5":1,"6":11,"7":7,"8":5,"9":16,"20":10,"21":9}},{"STARTING PARTITION: ":{"22":2,"23":12,"24":2,"25":10,"10":1,"11":7,"12":11,"13":4,"14":4,"15":6,"16":4,"17":6,"18":4,"19":7,"1":2,"2":7,"3":3,"4":9,"5":3,"6":4,"7":5,"8":4,"9":11,"20":11,"21":2},"Agents":[null,{"utility":0,"ID":1},{"utility":97,"ID":2},{"utility":77,"ID":3},{"utility":9,"ID":4},{"utility":43,"ID":5},{"utility":27,"ID":6},{"utility":11,"ID":7},{"utility":41.2,"ID":8},{"utility":28,"ID":9},{"utility":0,"ID":10},{"utility":92,"ID":11},{"utility":34,"ID":12},{"utility":30.4,"ID":13},{"utility":34.6,"ID":14},{"utility":61,"ID":15},{"utility":41.4,"ID":16},{"utility":82,"ID":17},{"utility":43.6,"ID":18},{"utility":72,"ID":19},{"utility":27,"ID":20},{"utility":61,"ID":21},{"utility":97,"ID":22},{"utility":0,"ID":23},{"utility":71,"ID":24},{"utility":0,"ID":25}],"LAST COALITION":[[],[],[{"utility":97,"ID":22},{"utility":71,"ID":24}],[{"utility":77,"ID":3},{"utility":9,"ID":4}],[{"utility":27,"ID":6},{"utility":41.2,"ID":8},{"utility":30.4,"ID":13},{"utility":34.6,"ID":14},{"utility":41.4,"ID":16},{"utility":43.6,"ID":18}],[{"utility":0,"ID":1}],[{"utility":61,"ID":15},{"utility":82,"ID":17}],[{"utility":92,"ID":11},{"utility":72,"ID":19}],[{"utility":97,"ID":2},{"utility":61,"ID":21}],[{"utility":43,"ID":5},{"utility":11,"ID":7}],[{"utility":0,"ID":25}],[{"utility":28,"ID":9},{"utility":34,"ID":12},{"utility":27,"ID":20}],[{"utility":0,"ID":23}],[{"utility":0,"ID":10}],[],[],[],[],[],[],[],[],[],[],[],[]],"STARTING COALITION: ":[[null],[{"utility":0,"ID":10}],[{"utility":29.333333333333332,"ID":1},{"utility":41,"ID":21},{"utility":54.666666666666664,"ID":22},{"utility":48.333333333333336,"ID":24}],[{"utility":98,"ID":3},{"utility":0,"ID":5}],[{"utility":27,"ID":6},{"utility":41.2,"ID":8},{"utility":30.4,"ID":13},{"utility":34.6,"ID":14},{"utility":41.4,"ID":16},{"utility":43.6,"ID":18}],[{"utility":0,"ID":7}],[{"utility":61,"ID":15},{"utility":82,"ID":17}],[{"utility":36.5,"ID":2},{"utility":70.5,"ID":11},{"utility":36,"ID":19}],[],[{"utility":0,"ID":4}],[{"utility":0,"ID":25}],[{"utility":28,"ID":9},{"utility":34,"ID":12},{"utility":27,"ID":20}],[{"utility":0,"ID":23}],[],[],[],[],[],[],[],[],[],[],[],[],[]],"CORE :":false,"LAST PARTITION":{"22":2,"23":12,"24":2,"25":10,"10":13,"11":7,"12":11,"13":4,"14":4,"15":6,"16":4,"17":6,"18":4,"19":7,"1":5,"2":8,"3":3,"4":3,"5":9,"6":4,"7":9,"8":4,"9":11,"20":11,"21":8}},{"STARTING PARTITION: ":{"22":12,"23":5,"24":10,"25":5,"10":9,"11":8,"12":12,"13":1,"14":3,"15":5,"16":10,"17":4,"18":1,"19":11,"1":9,"2":5,"3":10,"4":5,"5":8,"6":2,"7":12,"8":12,"9":11,"20":7,"21":9},"Agents":[null,{"utility":0,"ID":1},{"utility":93,"ID":2},{"utility":36,"ID":3},{"utility":4.666666666666667,"ID":4},{"utility":79,"ID":5},{"utility":0,"ID":6},{"utility":6,"ID":7},{"utility":24.666666666666668,"ID":8},{"utility":65,"ID":9},{"utility":17,"ID":10},{"utility":36,"ID":11},{"utility":45.333333333333336,"ID":12},{"utility":63,"ID":13},{"utility":0,"ID":14},{"utility":32,"ID":15},{"utility":72,"ID":16},{"utility":0,"ID":17},{"utility":73,"ID":18},{"utility":10,"ID":19},{"utility":0,"ID":20},{"utility":38,"ID":21},{"utility":35.333333333333336,"ID":22},{"utility":54.666666666666664,"ID":23},{"utility":76,"ID":24},{"utility":9.666666666666666,"ID":25}],"LAST COALITION":[[],[{"utility":63,"ID":13},{"utility":73,"ID":18}],[{"utility":0,"ID":6}],[{"utility":0,"ID":14}],[{"utility":0,"ID":17}],[{"utility":4.666666666666667,"ID":4},{"utility":32,"ID":15},{"utility":54.666666666666664,"ID":23},{"utility":9.666666666666666,"ID":25}],[{"utility":0,"ID":1}],[{"utility":0,"ID":20}],[{"utility":79,"ID":5},{"utility":36,"ID":11}],[{"utility":17,"ID":10},{"utility":38,"ID":21}],[{"utility":72,"ID":16},{"utility":76,"ID":24}],[{"utility":65,"ID":9},{"utility":10,"ID":19}],[{"utility":6,"ID":7},{"utility":24.666666666666668,"ID":8},{"utility":45.333333333333336,"ID":12},{"utility":35.333333333333336,"ID":22}],[{"utility":93,"ID":2},{"utility":36,"ID":3}],[],[],[],[],[],[],[],[],[],[],[],[]],"STARTING COALITION: ":[[null],[{"utility":63,"ID":13},{"utility":73,"ID":18}],[{"utility":0,"ID":6}],[{"utility":0,"ID":14}],[{"utility":0,"ID":17}],[{"utility":38.25,"ID":2},{"utility":19.5,"ID":4},{"utility":25.5,"ID":15},{"utility":55.75,"ID":23},{"utility":7.25,"ID":25}],[],[{"utility":0,"ID":20}],[{"utility":79,"ID":5},{"utility":36,"ID":11}],[{"utility":20.5,"ID":1},{"utility":51,"ID":10},{"utility":44,"ID":21}],[{"utility":15,"ID":3},{"utility":45.5,"ID":16},{"utility":79,"ID":24}],[{"utility":65,"ID":9},{"utility":10,"ID":19}],[{"utility":6,"ID":7},{"utility":24.666666666666668,"ID":8},{"utility":45.333333333333336,"ID":12},{"utility":35.333333333333336,"ID":22}],[],[],[],[],[],[],[],[],[],[],[],[],[]],"CORE :":false,"LAST PARTITION":{"22":12,"23":5,"24":10,"25":5,"10":9,"11":8,"12":12,"13":1,"14":3,"15":5,"16":10,"17":4,"18":1,"19":11,"1":6,"2":13,"3":13,"4":5,"5":8,"6":2,"7":12,"8":12,"9":11,"20":7,"21":9}},{"STARTING PARTITION: ":{"22":7,"23":2,"24":1,"25":9,"10":10,"11":2,"12":9,"13":10,"14":6,"15":3,"16":9,"17":2,"18":4,"19":1,"1":4,"2":6,"3":5,"4":11,"5":7,"6":11,"7":7,"8":4,"9":11,"20":1,"21":2},"Agents":[null,{"utility":90,"ID":1},{"utility":60,"ID":2},{"utility":95,"ID":3},{"utility":16,"ID":4},{"utility":77,"ID":5},{"utility":95,"ID":6},{"utility":98,"ID":7},{"utility":61,"ID":8},{"utility":0,"ID":9},{"utility":87,"ID":10},{"utility":76,"ID":11},{"utility":0,"ID":12},{"utility":0,"ID":13},{"utility":97,"ID":14},{"utility":8,"ID":15},{"utility":13,"ID":16},{"utility":78,"ID":17},{"utility":0,"ID":18},{"utility":0,"ID":19},{"utility":81,"ID":20},{"utility":99,"ID":21},{"utility":66,"ID":22},{"utility":24,"ID":23},{"utility":45,"ID":24},{"utility":16,"ID":25}],"LAST COALITION":[[],[{"utility":0,"ID":19}],[{"utility":99,"ID":21},{"utility":24,"ID":23}],[{"utility":95,"ID":6},{"utility":16,"ID":25}],[{"utility":60,"ID":2},{"utility":45,"ID":24}],[{"utility":98,"ID":7},{"utility":97,"ID":14}],[{"utility":77,"ID":5},{"utility":8,"ID":15}],[{"utility":16,"ID":4},{"utility":76,"ID":11}],[{"utility":0,"ID":18}],[{"utility":0,"ID":13}],[{"utility":61,"ID":8},{"utility":66,"ID":22}],[],[{"utility":0,"ID":9}],[{"utility":87,"ID":10},{"utility":78,"ID":17}],[{"utility":0,"ID":12}],[{"utility":95,"ID":3},{"utility":81,"ID":20}],[],[],[],[{"utility":90,"ID":1},{"utility":13,"ID":16}],[],[],[],[],[],[]],"STARTING COALITION: ":[[null],[{"utility":50.5,"ID":19},{"utility":47.5,"ID":20},{"utility":50.5,"ID":24}],[{"utility":43.666666666666664,"ID":11},{"utility":4.666666666666667,"ID":17},{"utility":65.66666666666667,"ID":21},{"utility":59,"ID":23}],[{"utility":0,"ID":15}],[{"utility":35,"ID":1},{"utility":17,"ID":8},{"utility":38.5,"ID":18}],[{"utility":0,"ID":3}],[{"utility":15,"ID":2},{"utility":8,"ID":14}],[{"utility":63.5,"ID":5},{"utility":12.5,"ID":7},{"utility":29.5,"ID":22}],[],[{"utility":23.5,"ID":12},{"utility":93.5,"ID":16},{"utility":36,"ID":25}],[{"utility":50,"ID":10},{"utility":61,"ID":13}],[{"utility":26.5,"ID":4},{"utility":4,"ID":6},{"utility":44.5,"ID":9}],[],[],[],[],[],[],[],[],[],[],[],[],[],[]],"CORE :":false,"LAST PARTITION":{"22":10,"23":2,"24":4,"25":3,"10":13,"11":7,"12":14,"13":9,"14":5,"15":6,"16":19,"17":13,"18":8,"19":1,"1":19,"2":4,"3":15,"4":7,"5":6,"6":3,"7":5,"8":10,"9":12,"20":15,"21":2}},{"STARTING PARTITION: ":{"22":7,"23":11,"24":2,"25":12,"10":12,"11":10,"12":7,"13":3,"14":12,"15":10,"16":1,"17":6,"18":1,"19":6,"1":10,"2":12,"3":1,"4":7,"5":12,"6":12,"7":8,"8":9,"9":7,"20":12,"21":10},"Agents":[null,{"utility":90,"ID":1},{"utility":99,"ID":2},{"utility":95,"ID":3},{"utility":76,"ID":4},{"utility":84,"ID":5},{"utility":95,"ID":6},{"utility":98,"ID":7},{"utility":0,"ID":8},{"utility":87,"ID":9},{"utility":87,"ID":10},{"utility":58,"ID":11},{"utility":0,"ID":12},{"utility":9,"ID":13},{"utility":97,"ID":14},{"utility":6,"ID":15},{"utility":13,"ID":16},{"utility":78,"ID":17},{"utility":92,"ID":18},{"utility":0,"ID":19},{"utility":81,"ID":20},{"utility":0,"ID":21},{"utility":40,"ID":22},{"utility":0,"ID":23},{"utility":13,"ID":24},{"utility":16,"ID":25}],"LAST COALITION":[[],[{"utility":0,"ID":19}],[{"utility":98,"ID":7},{"utility":97,"ID":14}],[{"utility":0,"ID":21}],[{"utility":95,"ID":6},{"utility":16,"ID":25}],[],[{"utility":87,"ID":9},{"utility":9,"ID":13}],[{"utility":58,"ID":11},{"utility":92,"ID":18}],[],[{"utility":99,"ID":2},{"utility":6,"ID":15}],[{"utility":95,"ID":3},{"utility":81,"ID":20}],[{"utility":0,"ID":23}],[{"utility":84,"ID":5},{"utility":40,"ID":22}],[{"utility":87,"ID":10},{"utility":78,"ID":17}],[{"utility":0,"ID":8}],[{"utility":90,"ID":1},{"utility":13,"ID":16}],[{"utility":76,"ID":4},{"utility":13,"ID":24}],[{"utility":0,"ID":12}],[],[],[],[],[],[],[],[]],"STARTING COALITION: ":[[null],[{"utility":24.5,"ID":3},{"utility":52,"ID":16},{"utility":42,"ID":18}],[{"utility":0,"ID":24}],[{"utility":0,"ID":13}],[],[],[{"utility":0,"ID":17},{"utility":63,"ID":19}],[{"utility":19.333333333333332,"ID":4},{"utility":41,"ID":9},{"utility":54.333333333333336,"ID":12},{"utility":47.333333333333336,"ID":22}],[{"utility":0,"ID":7}],[{"utility":0,"ID":8}],[{"utility":29.333333333333332,"ID":1},{"utility":55.666666666666664,"ID":11},{"utility":25,"ID":15},{"utility":63,"ID":21}],[{"utility":0,"ID":23}],[{"utility":23.833333333333332,"ID":2},{"utility":43.833333333333336,"ID":5},{"utility":47.166666666666664,"ID":6},{"utility":70.83333333333333,"ID":10},{"utility":42.666666666666664,"ID":14},{"utility":26.166666666666668,"ID":20},{"utility":31.5,"ID":25}],[],[],[],[],[],[],[],[],[],[],[],[],[]],"CORE :":false,"LAST PARTITION":{"22":12,"23":11,"24":16,"25":4,"10":13,"11":7,"12":17,"13":6,"14":2,"15":9,"16":15,"17":13,"18":7,"19":1,"1":15,"2":9,"3":10,"4":16,"5":12,"6":4,"7":2,"8":14,"9":6,"20":10,"21":3}},{"STARTING PARTITION: ":{"22":1,"23":1,"24":6,"25":11,"10":4,"11":11,"12":8,"13":4,"14":5,"15":12,"16":9,"17":6,"18":8,"19":6,"1":10,"2":12,"3":2,"4":5,"5":7,"6":5,"7":10,"8":11,"9":10,"20":4,"21":3},"Agents":[null,{"utility":90,"ID":1},{"utility":99,"ID":2},{"utility":95,"ID":3},{"utility":73,"ID":4},{"utility":41,"ID":5},{"utility":0,"ID":6},{"utility":0,"ID":7},{"utility":58,"ID":8},{"utility":0,"ID":9},{"utility":50,"ID":10},{"utility":0,"ID":11},{"utility":21,"ID":12},{"utility":61,"ID":13},{"utility":0,"ID":14},{"utility":6,"ID":15},{"utility":13,"ID":16},{"utility":44,"ID":17},{"utility":46,"ID":18},{"utility":66.5,"ID":19},{"utility":81,"ID":20},{"utility":0,"ID":21},{"utility":73,"ID":22},{"utility":5,"ID":23},{"utility":59.5,"ID":24},{"utility":19,"ID":25}],"LAST COALITION":[[],[{"utility":73,"ID":22},{"utility":5,"ID":23}],[],[{"utility":0,"ID":21}],[{"utility":50,"ID":10},{"utility":61,"ID":13}],[{"utility":0,"ID":14}],[{"utility":44,"ID":17},{"utility":66.5,"ID":19},{"utility":59.5,"ID":24}],[{"utility":0,"ID":9}],[{"utility":21,"ID":12},{"utility":46,"ID":18}],[],[{"utility":0,"ID":6}],[{"utility":58,"ID":8},{"utility":19,"ID":25}],[{"utility":0,"ID":7}],[{"utility":0,"ID":11}],[{"utility":73,"ID":4},{"utility":41,"ID":5}],[{"utility":95,"ID":3},{"utility":81,"ID":20}],[{"utility":99,"ID":2},{"utility":6,"ID":15}],[{"utility":90,"ID":1},{"utility":13,"ID":16}],[],[],[],[],[],[],[],[]],"STARTING COALITION: ":[[null],[{"utility":73,"ID":22},{"utility":5,"ID":23}],[{"utility":0,"ID":3}],[{"utility":0,"ID":21}],[{"utility":69,"ID":10},{"utility":62.5,"ID":13},{"utility":48.5,"ID":20}],[{"utility":10.5,"ID":4},{"utility":10,"ID":6},{"utility":50,"ID":14}],[{"utility":44,"ID":17},{"utility":66.5,"ID":19},{"utility":59.5,"ID":24}],[{"utility":0,"ID":5}],[{"utility":21,"ID":12},{"utility":46,"ID":18}],[{"utility":0,"ID":16}],[{"utility":15.5,"ID":1},{"utility":64.5,"ID":7},{"utility":11.5,"ID":9}],[{"utility":60,"ID":8},{"utility":19.5,"ID":11},{"utility":50.5,"ID":25}],[{"utility":99,"ID":2},{"utility":6,"ID":15}],[],[],[],[],[],[],[],[],[],[],[],[],[]],"CORE :":false,"LAST PARTITION":{"22":1,"23":1,"24":6,"25":11,"10":4,"11":13,"12":8,"13":4,"14":5,"15":16,"16":17,"17":6,"18":8,"19":6,"1":17,"2":16,"3":15,"4":14,"5":14,"6":10,"7":12,"8":11,"9":7,"20":15,"21":3}},{"STARTING PARTITION: ":{"22":7,"23":10,"24":5,"25":2,"10":11,"11":7,"12":12,"13":12,"14":10,"15":10,"16":3,"17":2,"18":5,"19":9,"1":11,"2":5,"3":7,"4":2,"5":10,"6":7,"7":7,"8":6,"9":12,"20":10,"21":10},"Agents":[null,{"utility":90,"ID":1},{"utility":99,"ID":2},{"utility":95,"ID":3},{"utility":73,"ID":4},{"utility":41,"ID":5},{"utility":95,"ID":6},{"utility":98,"ID":7},{"utility":61,"ID":8},{"utility":0,"ID":9},{"utility":87,"ID":10},{"utility":0,"ID":11},{"utility":0,"ID":12},{"utility":0,"ID":13},{"utility":97,"ID":14},{"utility":6,"ID":15},{"utility":13,"ID":16},{"utility":78,"ID":17},{"utility":0,"ID":18},{"utility":0,"ID":19},{"utility":81,"ID":20},{"utility":99,"ID":21},{"utility":66,"ID":22},{"utility":24,"ID":23},{"utility":0,"ID":24},{"utility":16,"ID":25}],"LAST COALITION":[[],[{"utility":0,"ID":19}],[{"utility":0,"ID":24}],[{"utility":95,"ID":3},{"utility":81,"ID":20}],[{"utility":95,"ID":6},{"utility":16,"ID":25}],[{"utility":0,"ID":18}],[],[{"utility":0,"ID":13}],[{"utility":98,"ID":7},{"utility":97,"ID":14}],[{"utility":0,"ID":11}],[{"utility":99,"ID":21},{"utility":24,"ID":23}],[{"utility":61,"ID":8},{"utility":66,"ID":22}],[{"utility":99,"ID":2},{"utility":6,"ID":15}],[{"utility":87,"ID":10},{"utility":78,"ID":17}],[{"utility":0,"ID":9}],[{"utility":0,"ID":12}],[],[{"utility":73,"ID":4},{"utility":41,"ID":5}],[{"utility":90,"ID":1},{"utility":13,"ID":16}],[],[],[],[],[],[],[]],"STARTING COALITION: ":[[null],[],[{"utility":5,"ID":4},{"utility":16.5,"ID":17},{"utility":25,"ID":25}],[{"utility":0,"ID":16}],[],[{"utility":30,"ID":2},{"utility":22.5,"ID":18},{"utility":22.5,"ID":24}],[{"utility":0,"ID":8}],[{"utility":48.75,"ID":3},{"utility":34,"ID":6},{"utility":50.25,"ID":7},{"utility":50,"ID":11},{"utility":39.5,"ID":22}],[],[{"utility":0,"ID":19}],[{"utility":43,"ID":5},{"utility":52.6,"ID":14},{"utility":35.4,"ID":15},{"utility":47.8,"ID":20},{"utility":66.2,"ID":21},{"utility":45.2,"ID":23}],[{"utility":41,"ID":1},{"utility":85,"ID":10}],[{"utility":64,"ID":9},{"utility":36,"ID":12},{"utility":12.5,"ID":13}],[],[],[],[],[],[],[],[],[],[],[],[],[]],"CORE :":false,"LAST PARTITION":{"22":11,"23":10,"24":2,"25":4,"10":13,"11":9,"12":15,"13":7,"14":8,"15":12,"16":18,"17":13,"18":5,"19":1,"1":18,"2":12,"3":3,"4":17,"5":17,"6":4,"7":8,"8":11,"9":14,"20":3,"21":10}},{"STARTING PARTITION: ":{"22":9,"23":6,"24":7,"25":4,"10":7,"11":6,"12":2,"13":9,"14":8,"15":3,"16":12,"17":9,"18":5,"19":5,"1":4,"2":10,"3":10,"4":12,"5":10,"6":4,"7":9,"8":3,"9":7,"20":6,"21":7},"Agents":[null,{"utility":90,"ID":1},{"utility":97,"ID":2},{"utility":95,"ID":3},{"utility":73,"ID":4},{"utility":41,"ID":5},{"utility":95,"ID":6},{"utility":28.5,"ID":7},{"utility":14,"ID":8},{"utility":0,"ID":9},{"utility":4,"ID":10},{"utility":0,"ID":11},{"utility":0,"ID":12},{"utility":51,"ID":13},{"utility":0,"ID":14},{"utility":90,"ID":15},{"utility":13,"ID":16},{"utility":0,"ID":17},{"utility":10,"ID":18},{"utility":35,"ID":19},{"utility":81,"ID":20},{"utility":61,"ID":21},{"utility":13,"ID":22},{"utility":0,"ID":23},{"utility":43,"ID":24},{"utility":16,"ID":25}],"LAST COALITION":[[],[{"utility":90,"ID":1},{"utility":13,"ID":16}],[{"utility":0,"ID":12}],[{"utility":14,"ID":8},{"utility":90,"ID":15}],[{"utility":95,"ID":6},{"utility":16,"ID":25}],[{"utility":10,"ID":18},{"utility":35,"ID":19}],[{"utility":0,"ID":23}],[{"utility":4,"ID":10},{"utility":43,"ID":24}],[{"utility":0,"ID":14}],[{"utility":28.5,"ID":7},{"utility":51,"ID":13},{"utility":13,"ID":22}],[{"utility":95,"ID":3},{"utility":81,"ID":20}],[{"utility":0,"ID":17}],[{"utility":97,"ID":2},{"utility":61,"ID":21}],[{"utility":0,"ID":11}],[{"utility":73,"ID":4},{"utility":41,"ID":5}],[],[{"utility":0,"ID":9}],[],[],[],[],[],[],[],[],[]],"STARTING COALITION: ":[[null],[],[{"utility":0,"ID":12}],[{"utility":14,"ID":8},{"utility":90,"ID":15}],[{"utility":45.5,"ID":1},{"utility":84,"ID":6},{"utility":8,"ID":25}],[{"utility":10,"ID":18},{"utility":35,"ID":19}],[{"utility":0,"ID":11},{"utility":46.5,"ID":20},{"utility":29.5,"ID":23}],[{"utility":37,"ID":9},{"utility":39.666666666666664,"ID":10},{"utility":36.666666666666664,"ID":21},{"utility":65.66666666666667,"ID":24}],[{"utility":0,"ID":14}],[{"utility":19,"ID":7},{"utility":41,"ID":13},{"utility":48.666666666666664,"ID":17},{"utility":23.666666666666668,"ID":22}],[{"utility":46.5,"ID":2},{"utility":67,"ID":3},{"utility":7,"ID":5}],[],[{"utility":56,"ID":4},{"utility":32,"ID":16}],[],[],[],[],[],[],[],[],[],[],[],[],[]],"CORE :":false,"LAST PARTITION":{"22":9,"23":6,"24":7,"25":4,"10":7,"11":13,"12":2,"13":9,"14":8,"15":3,"16":1,"17":11,"18":5,"19":5,"1":1,"2":12,"3":10,"4":14,"5":14,"6":4,"7":9,"8":3,"9":16,"20":10,"21":12}},{"STARTING PARTITION: ":{"22":10,"23":6,"24":1,"25":5,"10":6,"11":10,"12":10,"13":2,"14":12,"15":10,"16":6,"17":3,"18":6,"19":9,"1":10,"2":10,"3":3,"4":11,"5":4,"6":4,"7":11,"8":9,"9":9,"20":9,"21":3},"Agents":[null,{"utility":71,"ID":1},{"utility":97,"ID":2},{"utility":95,"ID":3},{"utility":76,"ID":4},{"utility":84,"ID":5},{"utility":95,"ID":6},{"utility":98,"ID":7},{"utility":0,"ID":8},{"utility":87,"ID":9},{"utility":87,"ID":10},{"utility":58,"ID":11},{"utility":0,"ID":12},{"utility":9,"ID":13},{"utility":97,"ID":14},{"utility":30,"ID":15},{"utility":77,"ID":16},{"utility":78,"ID":17},{"utility":92,"ID":18},{"utility":0,"ID":19},{"utility":81,"ID":20},{"utility":61,"ID":21},{"utility":40,"ID":22},{"utility":33,"ID":23},{"utility":13,"ID":24},{"utility":16,"ID":25}],"LAST COALITION":[[],[{"utility":98,"ID":7},{"utility":97,"ID":14}],[{"utility":0,"ID":19}],[{"utility":76,"ID":4},{"utility":13,"ID":24}],[{"utility":87,"ID":9},{"utility":9,"ID":13}],[{"utility":87,"ID":10},{"utility":78,"ID":17}],[{"utility":77,"ID":16},{"utility":33,"ID":23}],[{"utility":95,"ID":6},{"utility":16,"ID":25}],[{"utility":71,"ID":1},{"utility":30,"ID":15}],[{"utility":84,"ID":5},{"utility":40,"ID":22}],[{"utility":58,"ID":11},{"utility":92,"ID":18}],[],[{"utility":0,"ID":8}],[],[{"utility":0,"ID":12}],[{"utility":95,"ID":3},{"utility":81,"ID":20}],[{"utility":97,"ID":2},{"utility":61,"ID":21}],[],[],[],[],[],[],[],[],[]],"STARTING COALITION: ":[[null],[{"utility":0,"ID":24}],[{"utility":0,"ID":13}],[{"utility":54.5,"ID":3},{"utility":0,"ID":17},{"utility":49,"ID":21}],[{"utility":55,"ID":5},{"utility":0,"ID":6}],[{"utility":0,"ID":25}],[{"utility":70.66666666666667,"ID":10},{"utility":54,"ID":16},{"utility":38.666666666666664,"ID":18},{"utility":47,"ID":23}],[],[],[{"utility":17,"ID":8},{"utility":48.333333333333336,"ID":9},{"utility":19.666666666666668,"ID":19},{"utility":40,"ID":20}],[{"utility":47.8,"ID":1},{"utility":47,"ID":2},{"utility":44.6,"ID":11},{"utility":36.4,"ID":12},{"utility":17,"ID":15},{"utility":29.2,"ID":22}],[{"utility":0,"ID":4},{"utility":51,"ID":7}],[{"utility":0,"ID":14}],[],[],[],[],[],[],[],[],[],[],[],[],[]],"CORE :":false,"LAST PARTITION":{"22":9,"23":6,"24":3,"25":7,"10":5,"11":10,"12":14,"13":4,"14":1,"15":8,"16":6,"17":5,"18":10,"19":2,"1":8,"2":16,"3":15,"4":3,"5":9,"6":7,"7":1,"8":12,"9":4,"20":15,"21":16}},{"STARTING PARTITION: ":{"22":5,"23":3,"24":4,"25":4,"10":7,"11":3,"12":7,"13":8,"14":11,"15":10,"16":5,"17":8,"18":1,"19":3,"1":3,"2":5,"3":7,"4":5,"5":7,"6":5,"7":8,"8":4,"9":6,"20":3,"21":4},"Agents":[null,{"utility":90,"ID":1},{"utility":99,"ID":2},{"utility":95,"ID":3},{"utility":76,"ID":4},{"utility":84,"ID":5},{"utility":95,"ID":6},{"utility":98,"ID":7},{"utility":70,"ID":8},{"utility":41,"ID":9},{"utility":0,"ID":10},{"utility":58,"ID":11},{"utility":33,"ID":12},{"utility":0,"ID":13},{"utility":97,"ID":14},{"utility":6,"ID":15},{"utility":13,"ID":16},{"utility":61,"ID":17},{"utility":92,"ID":18},{"utility":0,"ID":19},{"utility":81,"ID":20},{"utility":0,"ID":21},{"utility":40,"ID":22},{"utility":0,"ID":23},{"utility":13,"ID":24},{"utility":16,"ID":25}],"LAST COALITION":[[],[{"utility":90,"ID":1},{"utility":13,"ID":16}],[{"utility":58,"ID":11},{"utility":92,"ID":18}],[{"utility":0,"ID":23}],[{"utility":95,"ID":6},{"utility":16,"ID":25}],[{"utility":0,"ID":10}],[],[{"utility":0,"ID":21}],[{"utility":0,"ID":19}],[{"utility":76,"ID":4},{"utility":13,"ID":24}],[{"utility":41,"ID":9},{"utility":33,"ID":12}],[{"utility":99,"ID":2},{"utility":6,"ID":15}],[{"utility":0,"ID":13}],[{"utility":95,"ID":3},{"utility":81,"ID":20}],[{"utility":84,"ID":5},{"utility":40,"ID":22}],[{"utility":70,"ID":8},{"utility":61,"ID":17}],[{"utility":98,"ID":7},{"utility":97,"ID":14}],[],[],[],[],[],[],[],[],[]],"STARTING COALITION: ":[[null],[{"utility":0,"ID":18}],[],[{"utility":18.75,"ID":1},{"utility":36,"ID":11},{"utility":42.5,"ID":19},{"utility":51.5,"ID":20},{"utility":37.75,"ID":23}],[{"utility":39,"ID":8},{"utility":17.666666666666668,"ID":21},{"utility":25,"ID":24},{"utility":35,"ID":25}],[{"utility":20,"ID":2},{"utility":41.75,"ID":4},{"utility":25,"ID":6},{"utility":43.75,"ID":16},{"utility":14.5,"ID":22}],[{"utility":0,"ID":9}],[{"utility":33,"ID":3},{"utility":33,"ID":5},{"utility":30,"ID":10},{"utility":20.333333333333332,"ID":12}],[{"utility":21.5,"ID":7},{"utility":20.5,"ID":13},{"utility":47.5,"ID":17}],[],[{"utility":0,"ID":15}],[{"utility":0,"ID":14}],[],[],[],[],[],[],[],[],[],[],[],[],[],[]],"CORE :":false,"LAST PARTITION":{"22":14,"23":3,"24":9,"25":4,"10":5,"11":2,"12":10,"13":12,"14":16,"15":11,"16":1,"17":15,"18":2,"19":8,"1":1,"2":11,"3":13,"4":9,"5":14,"6":4,"7":16,"8":15,"9":10,"20":13,"21":7}},{"STARTING PARTITION: ":{"22":6,"23":12,"24":4,"25":3,"10":5,"11":3,"12":8,"13":7,"14":4,"15":3,"16":1,"17":6,"18":9,"19":8,"1":2,"2":3,"3":1,"4":5,"5":11,"6":1,"7":1,"8":6,"9":5,"20":8,"21":8},"Agents":[null,{"utility":59,"ID":1},{"utility":0,"ID":2},{"utility":75,"ID":3},{"utility":16,"ID":4},{"utility":0,"ID":5},{"utility":22.5,"ID":6},{"utility":4.5,"ID":7},{"utility":65.5,"ID":8},{"utility":49,"ID":9},{"utility":67,"ID":10},{"utility":14.5,"ID":11},{"utility":51.666666666666664,"ID":12},{"utility":0,"ID":13},{"utility":0,"ID":14},{"utility":33.5,"ID":15},{"utility":57.5,"ID":16},{"utility":56,"ID":17},{"utility":0,"ID":18},{"utility":38,"ID":19},{"utility":52,"ID":20},{"utility":62.666666666666664,"ID":21},{"utility":55.5,"ID":22},{"utility":0,"ID":23},{"utility":1,"ID":24},{"utility":50,"ID":25}],"LAST COALITION":[[],[{"utility":22.5,"ID":6},{"utility":4.5,"ID":7},{"utility":57.5,"ID":16}],[{"utility":0,"ID":2}],[{"utility":14.5,"ID":11},{"utility":33.5,"ID":15},{"utility":50,"ID":25}],[{"utility":0,"ID":14},{"utility":1,"ID":24}],[{"utility":16,"ID":4},{"utility":49,"ID":9},{"utility":67,"ID":10}],[{"utility":65.5,"ID":8},{"utility":56,"ID":17},{"utility":55.5,"ID":22}],[{"utility":0,"ID":13}],[{"utility":51.666666666666664,"ID":12},{"utility":38,"ID":19},{"utility":52,"ID":20},{"utility":62.666666666666664,"ID":21}],[{"utility":0,"ID":18}],[],[{"utility":0,"ID":5}],[{"utility":0,"ID":23}],[{"utility":59,"ID":1},{"utility":75,"ID":3}],[],[],[],[],[],[],[],[],[],[],[],[]],"STARTING COALITION: ":[[null],[{"utility":5.666666666666667,"ID":3},{"utility":42,"ID":6},{"utility":33.333333333333336,"ID":7},{"utility":44.666666666666664,"ID":16}],[{"utility":0,"ID":1}],[{"utility":48.666666666666664,"ID":2},{"utility":26,"ID":11},{"utility":24.333333333333332,"ID":15},{"utility":33.333333333333336,"ID":25}],[{"utility":0,"ID":14},{"utility":1,"ID":24}],[{"utility":16,"ID":4},{"utility":49,"ID":9},{"utility":67,"ID":10}],[{"utility":65.5,"ID":8},{"utility":56,"ID":17},{"utility":55.5,"ID":22}],[{"utility":0,"ID":13}],[{"utility":51.666666666666664,"ID":12},{"utility":38,"ID":19},{"utility":52,"ID":20},{"utility":62.666666666666664,"ID":21}],[{"utility":0,"ID":18}],[],[{"utility":0,"ID":5}],[{"utility":0,"ID":23}],[],[],[],[],[],[],[],[],[],[],[],[],[]],"CORE :":false,"LAST PARTITION":{"22":6,"23":12,"24":4,"25":3,"10":5,"11":3,"12":8,"13":7,"14":4,"15":3,"16":1,"17":6,"18":9,"19":8,"1":13,"2":2,"3":13,"4":5,"5":11,"6":1,"7":1,"8":6,"9":5,"20":8,"21":8}},{"STARTING PARTITION: ":{"22":9,"23":6,"24":7,"25":2,"10":8,"11":10,"12":6,"13":10,"14":9,"15":4,"16":5,"17":9,"18":9,"19":9,"1":5,"2":4,"3":8,"4":2,"5":2,"6":5,"7":2,"8":11,"9":5,"20":2,"21":5},"Agents":[null,{"utility":90,"ID":1},{"utility":99,"ID":2},{"utility":95,"ID":3},{"utility":0,"ID":4},{"utility":61,"ID":5},{"utility":0,"ID":6},{"utility":0,"ID":7},{"utility":0,"ID":8},{"utility":0,"ID":9},{"utility":0,"ID":10},{"utility":0,"ID":11},{"utility":47,"ID":12},{"utility":0,"ID":13},{"utility":21.5,"ID":14},{"utility":6,"ID":15},{"utility":13,"ID":16},{"utility":35.75,"ID":17},{"utility":24.5,"ID":18},{"utility":35.25,"ID":19},{"utility":81,"ID":20},{"utility":0,"ID":21},{"utility":57.25,"ID":22},{"utility":84,"ID":23},{"utility":0,"ID":24},{"utility":71,"ID":25}],"LAST COALITION":[[],[{"utility":0,"ID":21}],[{"utility":61,"ID":5},{"utility":71,"ID":25}],[{"utility":0,"ID":4}],[{"utility":0,"ID":10}],[{"utility":0,"ID":11}],[{"utility":47,"ID":12},{"utility":84,"ID":23}],[{"utility":0,"ID":24}],[{"utility":0,"ID":6}],[{"utility":21.5,"ID":14},{"utility":35.75,"ID":17},{"utility":24.5,"ID":18},{"utility":35.25,"ID":19},{"utility":57.25,"ID":22}],[{"utility":0,"ID":13}],[{"utility":0,"ID":8}],[{"utility":99,"ID":2},{"utility":6,"ID":15}],[{"utility":0,"ID":7}],[{"utility":95,"ID":3},{"utility":81,"ID":20}],[{"utility":0,"ID":9}],[],[],[{"utility":90,"ID":1},{"utility":13,"ID":16}],[],[],[],[],[],[],[]],"STARTING COALITION: ":[[null],[],[{"utility":29,"ID":4},{"utility":40.25,"ID":5},{"utility":29.75,"ID":7},{"utility":39.5,"ID":20},{"utility":29.75,"ID":25}],[],[{"utility":99,"ID":2},{"utility":6,"ID":15}],[{"utility":31.5,"ID":1},{"utility":39.25,"ID":6},{"utility":36,"ID":9},{"utility":48,"ID":16},{"utility":57.75,"ID":21}],[{"utility":47,"ID":12},{"utility":84,"ID":23}],[{"utility":0,"ID":24}],[{"utility":1,"ID":3},{"utility":17,"ID":10}],[{"utility":21.5,"ID":14},{"utility":35.75,"ID":17},{"utility":24.5,"ID":18},{"utility":35.25,"ID":19},{"utility":57.25,"ID":22}],[{"utility":56,"ID":11},{"utility":97,"ID":13}],[{"utility":0,"ID":8}],[],[],[],[],[],[],[],[],[],[],[],[],[],[]],"CORE :":false,"LAST PARTITION":{"22":9,"23":6,"24":7,"25":2,"10":4,"11":5,"12":6,"13":10,"14":9,"15":12,"16":18,"17":9,"18":9,"19":9,"1":18,"2":12,"3":14,"4":3,"5":2,"6":8,"7":13,"8":11,"9":15,"20":14,"21":1}},{"STARTING PARTITION: ":{"22":4,"23":8,"24":7,"25":5,"10":11,"11":12,"12":3,"13":1,"14":9,"15":3,"16":1,"17":4,"18":4,"19":5,"1":8,"2":6,"3":5,"4":7,"5":7,"6":3,"7":3,"8":6,"9":7,"20":7,"21":1},"Agents":[null,{"utility":0,"ID":1},{"utility":93,"ID":2},{"utility":36,"ID":3},{"utility":53.5,"ID":4},{"utility":26.25,"ID":5},{"utility":33,"ID":6},{"utility":19,"ID":7},{"utility":0,"ID":8},{"utility":57.25,"ID":9},{"utility":0,"ID":10},{"utility":0,"ID":11},{"utility":27.666666666666668,"ID":12},{"utility":38.5,"ID":13},{"utility":0,"ID":14},{"utility":40.333333333333336,"ID":15},{"utility":52,"ID":16},{"utility":46.5,"ID":17},{"utility":24.5,"ID":18},{"utility":34,"ID":19},{"utility":45.5,"ID":20},{"utility":69,"ID":21},{"utility":52.5,"ID":22},{"utility":0,"ID":23},{"utility":43.5,"ID":24},{"utility":0,"ID":25}],"LAST COALITION":[[],[{"utility":38.5,"ID":13},{"utility":52,"ID":16},{"utility":69,"ID":21}],[{"utility":0,"ID":1}],[{"utility":33,"ID":6},{"utility":19,"ID":7},{"utility":27.666666666666668,"ID":12},{"utility":40.333333333333336,"ID":15}],[{"utility":46.5,"ID":17},{"utility":24.5,"ID":18},{"utility":52.5,"ID":22}],[{"utility":34,"ID":19},{"utility":0,"ID":25}],[{"utility":0,"ID":8}],[{"utility":53.5,"ID":4},{"utility":26.25,"ID":5},{"utility":57.25,"ID":9},{"utility":45.5,"ID":20},{"utility":43.5,"ID":24}],[{"utility":0,"ID":23}],[{"utility":0,"ID":14}],[{"utility":93,"ID":2},{"utility":36,"ID":3}],[{"utility":0,"ID":10}],[{"utility":0,"ID":11}],[],[],[],[],[],[],[],[],[],[],[],[],[]],"STARTING COALITION: ":[[null],[{"utility":38.5,"ID":13},{"utility":52,"ID":16},{"utility":69,"ID":21}],[],[{"utility":33,"ID":6},{"utility":19,"ID":7},{"utility":27.666666666666668,"ID":12},{"utility":40.333333333333336,"ID":15}],[{"utility":46.5,"ID":17},{"utility":24.5,"ID":18},{"utility":52.5,"ID":22}],[{"utility":4.5,"ID":3},{"utility":51.5,"ID":19},{"utility":43,"ID":25}],[{"utility":26,"ID":2},{"utility":14,"ID":8}],[{"utility":53.5,"ID":4},{"utility":26.25,"ID":5},{"utility":57.25,"ID":9},{"utility":45.5,"ID":20},{"utility":43.5,"ID":24}],[{"utility":0,"ID":1},{"utility":48,"ID":23}],[{"utility":0,"ID":14}],[],[{"utility":0,"ID":10}],[{"utility":0,"ID":11}],[],[],[],[],[],[],[],[],[],[],[],[],[]],"CORE :":false,"LAST PARTITION":{"22":4,"23":8,"24":7,"25":5,"10":11,"11":12,"12":3,"13":1,"14":9,"15":3,"16":1,"17":4,"18":4,"19":5,"1":2,"2":10,"3":10,"4":7,"5":7,"6":3,"7":3,"8":6,"9":7,"20":7,"21":1}},{"STARTING PARTITION: ":{"22":7,"23":1,"24":4,"25":12,"10":12,"11":3,"12":7,"13":1,"14":1,"15":12,"16":5,"17":2,"18":10,"19":9,"1":1,"2":10,"3":1,"4":11,"5":2,"6":3,"7":6,"8":7,"9":3,"20":4,"21":3},"Agents":[null,{"utility":90,"ID":1},{"utility":99,"ID":2},{"utility":95,"ID":3},{"utility":76,"ID":4},{"utility":0,"ID":5},{"utility":95,"ID":6},{"utility":98,"ID":7},{"utility":61,"ID":8},{"utility":0,"ID":9},{"utility":87,"ID":10},{"utility":58,"ID":11},{"utility":0,"ID":12},{"utility":0,"ID":13},{"utility":97,"ID":14},{"utility":6,"ID":15},{"utility":13,"ID":16},{"utility":78,"ID":17},{"utility":92,"ID":18},{"utility":0,"ID":19},{"utility":81,"ID":20},{"utility":0,"ID":21},{"utility":66,"ID":22},{"utility":0,"ID":23},{"utility":13,"ID":24},{"utility":16,"ID":25}],"LAST COALITION":[[],[{"utility":0,"ID":23}],[{"utility":95,"ID":6},{"utility":16,"ID":25}],[{"utility":0,"ID":12}],[{"utility":0,"ID":19}],[{"utility":0,"ID":21}],[{"utility":0,"ID":9}],[{"utility":0,"ID":13}],[{"utility":58,"ID":11},{"utility":92,"ID":18}],[{"utility":99,"ID":2},{"utility":6,"ID":15}],[{"utility":87,"ID":10},{"utility":78,"ID":17}],[{"utility":95,"ID":3},{"utility":81,"ID":20}],[{"utility":0,"ID":5}],[{"utility":90,"ID":1},{"utility":13,"ID":16}],[{"utility":76,"ID":4},{"utility":13,"ID":24}],[{"utility":98,"ID":7},{"utility":97,"ID":14}],[{"utility":61,"ID":8},{"utility":66,"ID":22}],[],[],[],[],[],[],[],[],[]],"STARTING COALITION: ":[[null],[{"utility":20,"ID":1},{"utility":32.25,"ID":3},{"utility":25.25,"ID":13},{"utility":18,"ID":14},{"utility":37.5,"ID":23}],[{"utility":0,"ID":5},{"utility":11,"ID":17}],[{"utility":31.333333333333332,"ID":6},{"utility":44,"ID":9},{"utility":47.333333333333336,"ID":11},{"utility":57.666666666666664,"ID":21}],[{"utility":29,"ID":20},{"utility":54,"ID":24}],[{"utility":0,"ID":16}],[{"utility":0,"ID":7}],[{"utility":34.5,"ID":8},{"utility":68,"ID":12},{"utility":43.5,"ID":22}],[],[{"utility":0,"ID":19}],[{"utility":0,"ID":2},{"utility":9,"ID":18}],[{"utility":0,"ID":4}],[{"utility":59,"ID":10},{"utility":46.5,"ID":15},{"utility":23.5,"ID":25}],[],[],[],[],[],[],[],[],[],[],[],[],[]],"CORE :":false,"LAST PARTITION":{"22":16,"23":1,"24":14,"25":2,"10":10,"11":8,"12":3,"13":7,"14":15,"15":9,"16":13,"17":10,"18":8,"19":4,"1":13,"2":9,"3":11,"4":14,"5":12,"6":2,"7":15,"8":16,"9":6,"20":11,"21":5}},{"STARTING PARTITION: ":{"22":1,"23":5,"24":1,"25":7,"10":11,"11":9,"12":7,"13":5,"14":2,"15":9,"16":7,"17":10,"18":8,"19":8,"1":2,"2":10,"3":3,"4":7,"5":11,"6":11,"7":9,"8":3,"9":5,"20":6,"21":9},"Agents":[null,{"utility":71,"ID":1},{"utility":97,"ID":2},{"utility":95,"ID":3},{"utility":58,"ID":4},{"utility":0,"ID":5},{"utility":94,"ID":6},{"utility":98,"ID":7},{"utility":70,"ID":8},{"utility":99,"ID":9},{"utility":0,"ID":10},{"utility":56,"ID":11},{"utility":0,"ID":12},{"utility":37,"ID":13},{"utility":97,"ID":14},{"utility":30,"ID":15},{"utility":90,"ID":16},{"utility":61,"ID":17},{"utility":63,"ID":18},{"utility":55,"ID":19},{"utility":81,"ID":20},{"utility":61,"ID":21},{"utility":97,"ID":22},{"utility":54,"ID":23},{"utility":71,"ID":24},{"utility":72,"ID":25}],"LAST COALITION":[[],[{"utility":97,"ID":22},{"utility":71,"ID":24}],[{"utility":58,"ID":4},{"utility":63,"ID":18}],[{"utility":0,"ID":10}],[{"utility":95,"ID":3},{"utility":81,"ID":20}],[{"utility":37,"ID":13},{"utility":54,"ID":23}],[{"utility":99,"ID":9},{"utility":56,"ID":11}],[{"utility":90,"ID":16},{"utility":72,"ID":25}],[{"utility":0,"ID":5}],[{"utility":70,"ID":8},{"utility":61,"ID":17}],[{"utility":94,"ID":6},{"utility":55,"ID":19}],[{"utility":71,"ID":1},{"utility":30,"ID":15}],[{"utility":97,"ID":2},{"utility":61,"ID":21}],[{"utility":0,"ID":12}],[{"utility":98,"ID":7},{"utility":97,"ID":14}],[],[],[],[],[],[],[],[],[],[],[]],"STARTING COALITION: ":[[null],[{"utility":97,"ID":22},{"utility":71,"ID":24}],[{"utility":21,"ID":1},{"utility":10,"ID":14}],[{"utility":0,"ID":3},{"utility":36,"ID":8}],[],[{"utility":47.5,"ID":9},{"utility":23,"ID":13},{"utility":31.5,"ID":23}],[{"utility":0,"ID":20}],[{"utility":22,"ID":4},{"utility":42.666666666666664,"ID":12},{"utility":73,"ID":16},{"utility":24,"ID":25}],[{"utility":10,"ID":18},{"utility":35,"ID":19}],[{"utility":69,"ID":7},{"utility":56.333333333333336,"ID":11},{"utility":39.666666666666664,"ID":15},{"utility":66.33333333333333,"ID":21}],[{"utility":66,"ID":2},{"utility":77,"ID":17}],[{"utility":46,"ID":5},{"utility":48,"ID":6},{"utility":66,"ID":10}],[],[],[],[],[],[],[],[],[],[],[],[],[],[]],"CORE :":false,"LAST PARTITION":{"22":1,"23":5,"24":1,"25":7,"10":3,"11":6,"12":13,"13":5,"14":14,"15":11,"16":7,"17":9,"18":2,"19":10,"1":11,"2":12,"3":4,"4":2,"5":8,"6":10,"7":14,"8":9,"9":6,"20":4,"21":12}},{"END OF FILE:" : true}]