[{"STARTING PARTITION: ":{"22":9,"23":3,"24":10,"25":5,"10":3,"11":8,"12":11,"13":4,"14":5,"15":12,"16":5,"17":2,"18":2,"19":11,"1":10,"2":2,"3":12,"4":10,"5":7,"6":6,"7":10,"8":4,"9":2,"20":5,"21":12},"Agents":[null,{"utility":0,"ID":1},{"utility":97,"ID":2},{"utility":99,"ID":3},{"utility":71,"ID":4},{"utility":86,"ID":5},{"utility":78,"ID":6},{"utility":88,"ID":7},{"utility":93,"ID":8},{"utility":86,"ID":9},{"utility":92,"ID":10},{"utility":18,"ID":11},{"utility":0,"ID":12},{"utility":0,"ID":13},{"utility":84,"ID":14},{"utility":57,"ID":15},{"utility":89,"ID":16},{"utility":71,"ID":17},{"utility":0,"ID":18},{"utility":0,"ID":19},{"utility":19,"ID":20},{"utility":54,"ID":21},{"utility":98,"ID":22},{"utility":0,"ID":23},{"utility":0,"ID":24},{"utility":49,"ID":25}],"LAST COALITION":[[],[{"utility":0,"ID":18}],[{"utility":92,"ID":10},{"utility":84,"ID":14}],[{"utility":0,"ID":23}],[{"utility":86,"ID":9},{"utility":57,"ID":15}],[{"utility":89,"ID":16},{"utility":19,"ID":20}],[],[{"utility":0,"ID":12}],[{"utility":93,"ID":8},{"utility":54,"ID":21}],[{"utility":97,"ID":2},{"utility":86,"ID":5}],[{"utility":71,"ID":4},{"utility":18,"ID":11}],[{"utility":0,"ID":19}],[{"utility":0,"ID":13}],[{"utility":88,"ID":7},{"utility":71,"ID":17}],[{"utility":0,"ID":24}],[{"utility":99,"ID":3},{"utility":98,"ID":22}],[{"utility":78,"ID":6},{"utility":49,"ID":25}],[{"utility":0,"ID":1}],[],[],[],[],[],[],[],[]],"STARTING COALITION: ":[[null],[],[{"utility":23.333333333333332,"ID":2},{"utility":26,"ID":9},{"utility":59.333333333333336,"ID":17},{"utility":54,"ID":18}],[{"utility":58,"ID":10},{"utility":15,"ID":23}],[{"utility":49,"ID":8},{"utility":46,"ID":13}],[{"utility":31.333333333333332,"ID":14},{"utility":54.333333333333336,"ID":16},{"utility":17.333333333333332,"ID":20},{"utility":33.333333333333336,"ID":25}],[{"utility":0,"ID":6}],[{"utility":0,"ID":5}],[{"utility":0,"ID":11}],[{"utility":0,"ID":22}],[{"utility":73.33333333333333,"ID":1},{"utility":80.33333333333333,"ID":4},{"utility":13.333333333333334,"ID":7},{"utility":25.666666666666668,"ID":24}],[{"utility":0,"ID":12},{"utility":95,"ID":19}],[{"utility":5,"ID":3},{"utility":3.5,"ID":15},{"utility":39,"ID":21}],[],[],[],[],[],[],[],[],[],[],[],[],[]],"CORE :":false,"LAST PARTITION":{"22":15,"23":3,"24":14,"25":16,"10":2,"11":10,"12":7,"13":12,"14":2,"15":4,"16":5,"17":13,"18":1,"19":11,"1":17,"2":9,"3":15,"4":10,"5":9,"6":16,"7":13,"8":8,"9":4,"20":5,"21":8}},{"STARTING PARTITION: ":{"22":2,"23":1,"24":11,"25":9,"10":2,"11":3,"12":10,"13":2,"14":8,"15":1,"16":7,"17":8,"18":2,"19":3,"1":2,"2":11,"3":8,"4":3,"5":12,"6":12,"7":4,"8":3,"9":8,"20":11,"21":1},"Agents":[null,{"utility":65,"ID":1},{"utility":97,"ID":2},{"utility":99,"ID":3},{"utility":0,"ID":4},{"utility":86,"ID":5},{"utility":78,"ID":6},{"utility":88,"ID":7},{"utility":93,"ID":8},{"utility":86,"ID":9},{"utility":92,"ID":10},{"utility":43,"ID":11},{"utility":0,"ID":12},{"utility":75,"ID":13},{"utility":84,"ID":14},{"utility":57,"ID":15},{"utility":0,"ID":16},{"utility":71,"ID":17},{"utility":5,"ID":18},{"utility":0,"ID":19},{"utility":0,"ID":20},{"utility":54,"ID":21},{"utility":98,"ID":22},{"utility":0,"ID":23},{"utility":0,"ID":24},{"utility":49,"ID":25}],"LAST COALITION":[[],[{"utility":0,"ID":23}],[{"utility":75,"ID":13},{"utility":5,"ID":18}],[{"utility":0,"ID":19}],[{"utility":0,"ID":16}],[{"utility":65,"ID":1},{"utility":43,"ID":11}],[{"utility":93,"ID":8},{"utility":54,"ID":21}],[{"utility":0,"ID":24}],[{"utility":88,"ID":7},{"utility":71,"ID":17}],[{"utility":86,"ID":9},{"utility":57,"ID":15}],[{"utility":78,"ID":6},{"utility":49,"ID":25}],[{"utility":0,"ID":20}],[{"utility":92,"ID":10},{"utility":84,"ID":14}],[{"utility":0,"ID":4}],[{"utility":99,"ID":3},{"utility":98,"ID":22}],[{"utility":0,"ID":12}],[{"utility":97,"ID":2},{"utility":86,"ID":5}],[],[],[],[],[],[],[],[],[]],"STARTING COALITION: ":[[null],[{"utility":40,"ID":15},{"utility":44,"ID":21},{"utility":5.5,"ID":23}],[{"utility":46.5,"ID":1},{"utility":45.25,"ID":10},{"utility":52.75,"ID":13},{"utility":50,"ID":18},{"utility":33.5,"ID":22}],[{"utility":45,"ID":4},{"utility":65.66666666666667,"ID":8},{"utility":31.666666666666668,"ID":11},{"utility":38,"ID":19}],[{"utility":0,"ID":7}],[],[],[{"utility":0,"ID":16}],[{"utility":41.666666666666664,"ID":3},{"utility":13,"ID":9},{"utility":64,"ID":14},{"utility":34,"ID":17}],[{"utility":0,"ID":25}],[{"utility":0,"ID":12}],[{"utility":56,"ID":2},{"utility":17,"ID":20},{"utility":48,"ID":24}],[{"utility":58,"ID":5},{"utility":87,"ID":6}],[],[],[],[],[],[],[],[],[],[],[],[],[]],"CORE :":false,"LAST PARTITION":{"22":14,"23":1,"24":7,"25":10,"10":12,"11":5,"12":15,"13":2,"14":12,"15":9,"16":4,"17":8,"18":2,"19":3,"1":5,"2":16,"3":14,"4":13,"5":16,"6":10,"7":8,"8":6,"9":9,"20":11,"21":6}},{"STARTING PARTITION: ":{"22":2,"23":11,"24":8,"25":8,"10":11,"11":7,"12":4,"13":3,"14":1,"15":8,"16":12,"17":6,"18":2,"19":8,"1":8,"2":7,"3":6,"4":4,"5":12,"6":4,"7":1,"8":9,"9":11,"20":10,"21":2},"Agents":[null,{"utility":0,"ID":1},{"utility":97,"ID":2},{"utility":99,"ID":3},{"utility":71,"ID":4},{"utility":86,"ID":5},{"utility":78,"ID":6},{"utility":88,"ID":7},{"utility":93,"ID":8},{"utility":86,"ID":9},{"utility":92,"ID":10},{"utility":18,"ID":11},{"utility":0,"ID":12},{"utility":0,"ID":13},{"utility":84,"ID":14},{"utility":57,"ID":15},{"utility":0,"ID":16},{"utility":71,"ID":17},{"utility":0,"ID":18},{"utility":0,"ID":19},{"utility":0,"ID":20},{"utility":54,"ID":21},{"utility":98,"ID":22},{"utility":0,"ID":23},{"utility":0,"ID":24},{"utility":49,"ID":25}],"LAST COALITION":[[],[{"utility":99,"ID":3},{"utility":98,"ID":22}],[{"utility":0,"ID":18}],[{"utility":93,"ID":8},{"utility":54,"ID":21}],[{"utility":0,"ID":12}],[{"utility":86,"ID":9},{"utility":57,"ID":15}],[{"utility":78,"ID":6},{"utility":49,"ID":25}],[{"utility":0,"ID":16}],[{"utility":0,"ID":19}],[{"utility":88,"ID":7},{"utility":71,"ID":17}],[{"utility":0,"ID":20}],[{"utility":0,"ID":23}],[],[{"utility":97,"ID":2},{"utility":86,"ID":5}],[{"utility":92,"ID":10},{"utility":84,"ID":14}],[{"utility":0,"ID":24}],[{"utility":0,"ID":13}],[{"utility":71,"ID":4},{"utility":18,"ID":11}],[{"utility":0,"ID":1}],[],[],[],[],[],[],[]],"STARTING COALITION: ":[[null],[{"utility":67,"ID":7},{"utility":5,"ID":14}],[{"utility":53.5,"ID":18},{"utility":47.5,"ID":21},{"utility":0,"ID":22}],[{"utility":0,"ID":13}],[{"utility":25,"ID":4},{"utility":81,"ID":6},{"utility":17,"ID":12}],[],[{"utility":0,"ID":3},{"utility":7,"ID":17}],[{"utility":47,"ID":2},{"utility":51,"ID":11}],[{"utility":54.5,"ID":1},{"utility":18.75,"ID":15},{"utility":54,"ID":19},{"utility":11.75,"ID":24},{"utility":31.25,"ID":25}],[{"utility":0,"ID":8}],[{"utility":0,"ID":20}],[{"utility":76,"ID":9},{"utility":29,"ID":10},{"utility":15,"ID":23}],[{"utility":6,"ID":5},{"utility":65,"ID":16}],[],[],[],[],[],[],[],[],[],[],[],[],[]],"CORE :":false,"LAST PARTITION":{"22":1,"23":11,"24":15,"25":6,"10":14,"11":17,"12":4,"13":16,"14":14,"15":5,"16":7,"17":9,"18":2,"19":8,"1":18,"2":13,"3":1,"4":17,"5":13,"6":6,"7":9,"8":3,"9":5,"20":10,"21":3}},{"STARTING PARTITION: ":{"22":1,"23":3,"24":4,"25":3,"10":9,"11":2,"12":5,"13":2,"14":10,"15":7,"16":7,"17":9,"18":7,"19":7,"1":12,"2":1,"3":9,"4":2,"5":11,"6":12,"7":10,"8":9,"9":11,"20":4,"21":4},"Agents":[null,{"utility":92,"ID":1},{"utility":60,"ID":2},{"utility":99,"ID":3},{"utility":99,"ID":4},{"utility":91,"ID":5},{"utility":71,"ID":6},{"utility":0,"ID":7},{"utility":84,"ID":8},{"utility":0,"ID":9},{"utility":91,"ID":10},{"utility":0,"ID":11},{"utility":7,"ID":12},{"utility":0,"ID":13},{"utility":75,"ID":14},{"utility":48,"ID":15},{"utility":49,"ID":16},{"utility":27,"ID":17},{"utility":21,"ID":18},{"utility":29,"ID":19},{"utility":39.5,"ID":20},{"utility":72,"ID":21},{"utility":98,"ID":22},{"utility":0,"ID":23},{"utility":56,"ID":24},{"utility":84,"ID":25}],"LAST COALITION":[[],[{"utility":71,"ID":6},{"utility":7,"ID":12}],[{"utility":60,"ID":2},{"utility":84,"ID":25}],[{"utility":0,"ID":23}],[{"utility":39.5,"ID":20},{"utility":72,"ID":21},{"utility":56,"ID":24}],[],[{"utility":0,"ID":13}],[{"utility":49,"ID":16},{"utility":21,"ID":18},{"utility":29,"ID":19}],[{"utility":91,"ID":5},{"utility":91,"ID":10}],[{"utility":84,"ID":8},{"utility":27,"ID":17}],[{"utility":99,"ID":3},{"utility":98,"ID":22}],[{"utility":0,"ID":7}],[{"utility":0,"ID":11}],[{"utility":92,"ID":1},{"utility":48,"ID":15}],[{"utility":99,"ID":4},{"utility":75,"ID":14}],[{"utility":0,"ID":9}],[],[],[],[],[],[],[],[],[],[]],"STARTING COALITION: ":[[null],[{"utility":0,"ID":2},{"utility":98,"ID":22}],[{"utility":65,"ID":4},{"utility":15.5,"ID":11},{"utility":42,"ID":13}],[{"utility":42,"ID":23},{"utility":18,"ID":25}],[{"utility":39.5,"ID":20},{"utility":72,"ID":21},{"utility":56,"ID":24}],[{"utility":0,"ID":12}],[],[{"utility":0.6666666666666666,"ID":15},{"utility":64,"ID":16},{"utility":45.333333333333336,"ID":18},{"utility":42,"ID":19}],[],[{"utility":61.666666666666664,"ID":3},{"utility":52.666666666666664,"ID":8},{"utility":35.666666666666664,"ID":10},{"utility":19.666666666666668,"ID":17}],[{"utility":67,"ID":7},{"utility":5,"ID":14}],[{"utility":3,"ID":5},{"utility":40,"ID":9}],[{"utility":5,"ID":1},{"utility":69,"ID":6}],[],[],[],[],[],[],[],[],[],[],[],[],[]],"CORE :":false,"LAST PARTITION":{"22":10,"23":3,"24":4,"25":2,"10":8,"11":12,"12":1,"13":6,"14":14,"15":13,"16":7,"17":9,"18":7,"19":7,"1":13,"2":2,"3":10,"4":14,"5":8,"6":1,"7":11,"8":9,"9":15,"20":4,"21":4}},{"STARTING PARTITION: ":{"22":7,"23":2,"24":6,"25":7,"10":12,"11":11,"12":10,"13":10,"14":9,"15":11,"16":8,"17":7,"18":9,"19":8,"1":5,"2":11,"3":2,"4":10,"5":5,"6":7,"7":12,"8":4,"9":8,"20":12,"21":4},"Agents":[null,{"utility":65,"ID":1},{"utility":97,"ID":2},{"utility":99,"ID":3},{"utility":0,"ID":4},{"utility":86,"ID":5},{"utility":78,"ID":6},{"utility":88,"ID":7},{"utility":93,"ID":8},{"utility":86,"ID":9},{"utility":92,"ID":10},{"utility":43,"ID":11},{"utility":0,"ID":12},{"utility":0,"ID":13},{"utility":84,"ID":14},{"utility":57,"ID":15},{"utility":0,"ID":16},{"utility":71,"ID":17},{"utility":0,"ID":18},{"utility":0,"ID":19},{"utility":0,"ID":20},{"utility":54,"ID":21},{"utility":98,"ID":22},{"utility":0,"ID":23},{"utility":0,"ID":24},{"utility":49,"ID":25}],"LAST COALITION":[[],[{"utility":0,"ID":24}],[{"utility":0,"ID":23}],[{"utility":86,"ID":9},{"utility":57,"ID":15}],[{"utility":93,"ID":8},{"utility":54,"ID":21}],[{"utility":65,"ID":1},{"utility":43,"ID":11}],[{"utility":0,"ID":19}],[{"utility":0,"ID":13}],[{"utility":78,"ID":6},{"utility":49,"ID":25}],[{"utility":0,"ID":18}],[{"utility":88,"ID":7},{"utility":71,"ID":17}],[{"utility":0,"ID":4}],[{"utility":0,"ID":20}],[{"utility":0,"ID":16}],[{"utility":99,"ID":3},{"utility":98,"ID":22}],[{"utility":97,"ID":2},{"utility":86,"ID":5}],[{"utility":92,"ID":10},{"utility":84,"ID":14}],[{"utility":0,"ID":12}],[],[],[],[],[],[],[],[]],"STARTING COALITION: ":[[null],[],[{"utility":21,"ID":3},{"utility":0,"ID":23}],[],[{"utility":93,"ID":8},{"utility":54,"ID":21}],[{"utility":27,"ID":1},{"utility":63,"ID":5}],[{"utility":0,"ID":24}],[{"utility":45.666666666666664,"ID":6},{"utility":19,"ID":17},{"utility":54.666666666666664,"ID":22},{"utility":67,"ID":25}],[{"utility":27.5,"ID":9},{"utility":83.5,"ID":16},{"utility":13.5,"ID":19}],[{"utility":25,"ID":14},{"utility":0,"ID":18}],[{"utility":29.5,"ID":4},{"utility":23.5,"ID":12},{"utility":36.5,"ID":13}],[{"utility":38,"ID":2},{"utility":30,"ID":11},{"utility":88.5,"ID":15}],[{"utility":28,"ID":7},{"utility":70,"ID":10},{"utility":89,"ID":20}],[],[],[],[],[],[],[],[],[],[],[],[],[]],"CORE :":false,"LAST PARTITION":{"22":14,"23":2,"24":1,"25":8,"10":16,"11":5,"12":17,"13":7,"14":16,"15":3,"16":13,"17":10,"18":9,"19":6,"1":5,"2":15,"3":14,"4":11,"5":15,"6":8,"7":10,"8":4,"9":3,"20":12,"21":4}},{"STARTING PARTITION: ":{"22":9,"23":2,"24":6,"25":8,"10":8,"11":9,"12":11,"13":6,"14":3,"15":12,"16":5,"17":12,"18":10,"19":4,"1":2,"2":2,"3":2,"4":4,"5":11,"6":1,"7":11,"8":6,"9":10,"20":6,"21":9},"Agents":[null,{"utility":0,"ID":1},{"utility":97,"ID":2},{"utility":99,"ID":3},{"utility":71,"ID":4},{"utility":86,"ID":5},{"utility":78,"ID":6},{"utility":88,"ID":7},{"utility":93,"ID":8},{"utility":86,"ID":9},{"utility":92,"ID":10},{"utility":18,"ID":11},{"utility":0,"ID":12},{"utility":0,"ID":13},{"utility":84,"ID":14},{"utility":57,"ID":15},{"utility":0,"ID":16},{"utility":71,"ID":17},{"utility":0,"ID":18},{"utility":0,"ID":19},{"utility":0,"ID":20},{"utility":54,"ID":21},{"utility":98,"ID":22},{"utility":0,"ID":23},{"utility":0,"ID":24},{"utility":49,"ID":25}],"LAST COALITION":[[],[{"utility":92,"ID":10},{"utility":84,"ID":14}],[{"utility":0,"ID":23}],[{"utility":99,"ID":3},{"utility":98,"ID":22}],[{"utility":0,"ID":19}],[{"utility":0,"ID":12}],[{"utility":0,"ID":20}],[{"utility":93,"ID":8},{"utility":54,"ID":21}],[{"utility":86,"ID":9},{"utility":57,"ID":15}],[{"utility":0,"ID":16}],[{"utility":0,"ID":18}],[{"utility":88,"ID":7},{"utility":71,"ID":17}],[{"utility":0,"ID":24}],[],[{"utility":0,"ID":13}],[{"utility":71,"ID":4},{"utility":18,"ID":11}],[{"utility":78,"ID":6},{"utility":49,"ID":25}],[{"utility":97,"ID":2},{"utility":86,"ID":5}],[{"utility":0,"ID":1}],[],[],[],[],[],[],[]],"STARTING COALITION: ":[[null],[{"utility":0,"ID":6}],[{"utility":16.666666666666668,"ID":1},{"utility":45.333333333333336,"ID":2},{"utility":52.666666666666664,"ID":3},{"utility":6.666666666666667,"ID":23}],[{"utility":0,"ID":14}],[{"utility":0,"ID":4},{"utility":0,"ID":19}],[{"utility":0,"ID":16}],[{"utility":33,"ID":8},{"utility":37,"ID":13},{"utility":52.333333333333336,"ID":20},{"utility":22.666666666666668,"ID":24}],[],[{"utility":51,"ID":10},{"utility":24,"ID":25}],[{"utility":41.5,"ID":11},{"utility":71.5,"ID":21},{"utility":44,"ID":22}],[{"utility":51,"ID":9},{"utility":71,"ID":18}],[{"utility":27,"ID":5},{"utility":14,"ID":7},{"utility":55.5,"ID":12}],[{"utility":30,"ID":15},{"utility":49,"ID":17}],[],[],[],[],[],[],[],[],[],[],[],[],[]],"CORE :":false,"LAST PARTITION":{"22":3,"23":2,"24":12,"25":16,"10":1,"11":15,"12":5,"13":14,"14":1,"15":8,"16":9,"17":11,"18":10,"19":4,"1":18,"2":17,"3":3,"4":15,"5":17,"6":16,"7":11,"8":7,"9":8,"20":6,"21":7}},{"STARTING PARTITION: ":{"22":1,"23":9,"24":7,"25":3,"10":6,"11":6,"12":1,"13":12,"14":7,"15":6,"16":4,"17":11,"18":12,"19":5,"1":8,"2":8,"3":6,"4":5,"5":9,"6":1,"7":6,"8":4,"9":3,"20":2,"21":2},"Agents":[null,{"utility":79,"ID":1},{"utility":60,"ID":2},{"utility":99,"ID":3},{"utility":93,"ID":4},{"utility":97,"ID":5},{"utility":0,"ID":6},{"utility":3,"ID":7},{"utility":93,"ID":8},{"utility":86,"ID":9},{"utility":92,"ID":10},{"utility":97,"ID":11},{"utility":23,"ID":12},{"utility":84,"ID":13},{"utility":84,"ID":14},{"utility":57,"ID":15},{"utility":49,"ID":16},{"utility":13,"ID":17},{"utility":67,"ID":18},{"utility":77,"ID":19},{"utility":75,"ID":20},{"utility":54,"ID":21},{"utility":98,"ID":22},{"utility":88,"ID":23},{"utility":58,"ID":24},{"utility":84,"ID":25}],"LAST COALITION":[[],[{"utility":60,"ID":2},{"utility":84,"ID":25}],[{"utility":93,"ID":4},{"utility":58,"ID":24}],[{"utility":86,"ID":9},{"utility":57,"ID":15}],[{"utility":0,"ID":6}],[{"utility":97,"ID":5},{"utility":13,"ID":17}],[{"utility":93,"ID":8},{"utility":54,"ID":21}],[{"utility":92,"ID":10},{"utility":84,"ID":14}],[{"utility":97,"ID":11},{"utility":88,"ID":23}],[{"utility":67,"ID":18},{"utility":75,"ID":20}],[{"utility":84,"ID":13},{"utility":77,"ID":19}],[{"utility":3,"ID":7},{"utility":23,"ID":12}],[{"utility":79,"ID":1},{"utility":49,"ID":16}],[],[],[{"utility":99,"ID":3},{"utility":98,"ID":22}],[],[],[],[],[],[],[],[],[],[]],"STARTING COALITION: ":[[null],[{"utility":56,"ID":6},{"utility":20,"ID":12},{"utility":57,"ID":22}],[{"utility":54,"ID":20},{"utility":66,"ID":21}],[{"utility":96,"ID":9},{"utility":0,"ID":25}],[{"utility":31,"ID":8},{"utility":45,"ID":16}],[{"utility":0,"ID":4},{"utility":0,"ID":19}],[{"utility":59,"ID":3},{"utility":55.25,"ID":7},{"utility":18.25,"ID":10},{"utility":18.5,"ID":11},{"utility":30.75,"ID":15}],[{"utility":44,"ID":14},{"utility":29,"ID":24}],[{"utility":28,"ID":1},{"utility":43,"ID":2}],[{"utility":0,"ID":5},{"utility":19,"ID":23}],[],[{"utility":0,"ID":17}],[{"utility":75,"ID":13},{"utility":5,"ID":18}],[],[],[],[],[],[],[],[],[],[],[],[],[]],"CORE :":false,"LAST PARTITION":{"22":15,"23":8,"24":2,"25":1,"10":7,"11":8,"12":11,"13":10,"14":7,"15":3,"16":12,"17":5,"18":9,"19":10,"1":12,"2":1,"3":15,"4":2,"5":5,"6":4,"7":11,"8":6,"9":3,"20":9,"21":6}},{"STARTING PARTITION: ":{"22":1,"23":9,"24":6,"25":11,"10":8,"11":2,"12":1,"13":9,"14":5,"15":6,"16":2,"17":5,"18":2,"19":5,"1":10,"2":2,"3":11,"4":8,"5":2,"6":5,"7":7,"8":11,"9":2,"20":2,"21":2},"Agents":[null,{"utility":65,"ID":1},{"utility":97,"ID":2},{"utility":99,"ID":3},{"utility":0,"ID":4},{"utility":86,"ID":5},{"utility":78,"ID":6},{"utility":88,"ID":7},{"utility":93,"ID":8},{"utility":86,"ID":9},{"utility":92,"ID":10},{"utility":43,"ID":11},{"utility":0,"ID":12},{"utility":0,"ID":13},{"utility":84,"ID":14},{"utility":57,"ID":15},{"utility":0,"ID":16},{"utility":71,"ID":17},{"utility":67,"ID":18},{"utility":0,"ID":19},{"utility":75,"ID":20},{"utility":54,"ID":21},{"utility":98,"ID":22},{"utility":0,"ID":23},{"utility":0,"ID":24},{"utility":49,"ID":25}],"LAST COALITION":[[],[{"utility":0,"ID":16}],[{"utility":67,"ID":18},{"utility":75,"ID":20}],[{"utility":0,"ID":13}],[{"utility":78,"ID":6},{"utility":49,"ID":25}],[{"utility":0,"ID":19}],[{"utility":0,"ID":4}],[{"utility":93,"ID":8},{"utility":54,"ID":21}],[{"utility":86,"ID":9},{"utility":57,"ID":15}],[{"utility":0,"ID":23}],[{"utility":99,"ID":3},{"utility":98,"ID":22}],[{"utility":88,"ID":7},{"utility":71,"ID":17}],[{"utility":0,"ID":12}],[{"utility":0,"ID":24}],[{"utility":65,"ID":1},{"utility":43,"ID":11}],[{"utility":97,"ID":2},{"utility":86,"ID":5}],[{"utility":92,"ID":10},{"utility":84,"ID":14}],[],[],[],[],[],[],[],[],[]],"STARTING COALITION: ":[[null],[{"utility":33,"ID":12},{"utility":36,"ID":22}],[{"utility":36.714285714285715,"ID":2},{"utility":29.428571428571427,"ID":5},{"utility":27.714285714285715,"ID":9},{"utility":48.857142857142854,"ID":11},{"utility":59.285714285714285,"ID":16},{"utility":55.285714285714285,"ID":18},{"utility":34.142857142857146,"ID":20},{"utility":35.142857142857146,"ID":21}],[],[],[{"utility":29,"ID":6},{"utility":55.333333333333336,"ID":14},{"utility":6.333333333333333,"ID":17},{"utility":43,"ID":19}],[{"utility":2,"ID":15},{"utility":3,"ID":24}],[{"utility":0,"ID":7}],[{"utility":12,"ID":4},{"utility":0,"ID":10}],[{"utility":26,"ID":13},{"utility":68,"ID":23}],[{"utility":0,"ID":1}],[{"utility":49,"ID":3},{"utility":0,"ID":8},{"utility":20.5,"ID":25}],[],[],[],[],[],[],[],[],[],[],[],[],[],[]],"CORE :":false,"LAST PARTITION":{"22":10,"23":9,"24":13,"25":4,"10":16,"11":14,"12":12,"13":3,"14":16,"15":8,"16":1,"17":11,"18":2,"19":5,"1":14,"2":15,"3":10,"4":6,"5":15,"6":4,"7":11,"8":7,"9":8,"20":2,"21":7}},{"STARTING PARTITION: ":{"22":3,"23":12,"24":12,"25":5,"10":9,"11":2,"12":8,"13":11,"14":10,"15":11,"16":6,"17":6,"18":4,"19":12,"1":10,"2":1,"3":11,"4":12,"5":4,"6":1,"7":2,"8":8,"9":4,"20":7,"21":4},"Agents":[null,{"utility":65,"ID":1},{"utility":97,"ID":2},{"utility":99,"ID":3},{"utility":0,"ID":4},{"utility":86,"ID":5},{"utility":78,"ID":6},{"utility":88,"ID":7},{"utility":93,"ID":8},{"utility":86,"ID":9},{"utility":92,"ID":10},{"utility":43,"ID":11},{"utility":0,"ID":12},{"utility":0,"ID":13},{"utility":84,"ID":14},{"utility":57,"ID":15},{"utility":0,"ID":16},{"utility":71,"ID":17},{"utility":0,"ID":18},{"utility":38,"ID":19},{"utility":0,"ID":20},{"utility":54,"ID":21},{"utility":98,"ID":22},{"utility":92,"ID":23},{"utility":0,"ID":24},{"utility":49,"ID":25}],"LAST COALITION":[[],[{"utility":0,"ID":16}],[{"utility":97,"ID":2},{"utility":86,"ID":5}],[{"utility":92,"ID":10},{"utility":84,"ID":14}],[{"utility":0,"ID":18}],[{"utility":88,"ID":7},{"utility":71,"ID":17}],[{"utility":86,"ID":9},{"utility":57,"ID":15}],[{"utility":0,"ID":20}],[{"utility":78,"ID":6},{"utility":49,"ID":25}],[{"utility":65,"ID":1},{"utility":43,"ID":11}],[{"utility":99,"ID":3},{"utility":98,"ID":22}],[{"utility":93,"ID":8},{"utility":54,"ID":21}],[{"utility":38,"ID":19},{"utility":92,"ID":23}],[{"utility":0,"ID":13}],[{"utility":0,"ID":24}],[{"utility":0,"ID":12}],[{"utility":0,"ID":4}],[],[],[],[],[],[],[],[],[]],"STARTING COALITION: ":[[null],[{"utility":8,"ID":2},{"utility":0,"ID":6}],[{"utility":81,"ID":7},{"utility":0,"ID":11}],[{"utility":0,"ID":22}],[{"utility":11.666666666666666,"ID":5},{"utility":35,"ID":9},{"utility":48.333333333333336,"ID":18},{"utility":11.666666666666666,"ID":21}],[{"utility":0,"ID":25}],[{"utility":43,"ID":16},{"utility":1,"ID":17}],[{"utility":0,"ID":20}],[{"utility":0,"ID":8},{"utility":24,"ID":12}],[{"utility":0,"ID":10}],[{"utility":66,"ID":1},{"utility":17,"ID":14}],[{"utility":4.5,"ID":3},{"utility":18.5,"ID":13},{"utility":3.5,"ID":15}],[{"utility":48,"ID":4},{"utility":12.666666666666666,"ID":19},{"utility":48,"ID":23},{"utility":30.666666666666668,"ID":24}],[],[],[],[],[],[],[],[],[],[],[],[],[]],"CORE :":false,"LAST PARTITION":{"22":10,"23":12,"24":14,"25":8,"10":3,"11":9,"12":15,"13":13,"14":3,"15":6,"16":1,"17":5,"18":4,"19":12,"1":9,"2":2,"3":10,"4":16,"5":2,"6":8,"7":5,"8":11,"9":6,"20":7,"21":11}},{"STARTING PARTITION: ":{"22":7,"23":11,"24":4,"25":2,"10":11,"11":6,"12":8,"13":3,"14":4,"15":9,"16":11,"17":6,"18":7,"19":9,"1":12,"2":5,"3":12,"4":12,"5":10,"6":3,"7":10,"8":9,"9":9,"20":2,"21":11},"Agents":[null,{"utility":79,"ID":1},{"utility":60,"ID":2},{"utility":99,"ID":3},{"utility":93,"ID":4},{"utility":97,"ID":5},{"utility":0,"ID":6},{"utility":3,"ID":7},{"utility":93,"ID":8},{"utility":86,"ID":9},{"utility":92,"ID":10},{"utility":97,"ID":11},{"utility":23,"ID":12},{"utility":84,"ID":13},{"utility":84,"ID":14},{"utility":57,"ID":15},{"utility":49,"ID":16},{"utility":13,"ID":17},{"utility":67,"ID":18},{"utility":77,"ID":19},{"utility":75,"ID":20},{"utility":54,"ID":21},{"utility":98,"ID":22},{"utility":88,"ID":23},{"utility":58,"ID":24},{"utility":84,"ID":25}],"LAST COALITION":[[],[{"utility":0,"ID":6}],[{"utility":92,"ID":10},{"utility":84,"ID":14}],[{"utility":67,"ID":18},{"utility":75,"ID":20}],[{"utility":97,"ID":11},{"utility":88,"ID":23}],[{"utility":60,"ID":2},{"utility":84,"ID":25}],[{"utility":84,"ID":13},{"utility":77,"ID":19}],[{"utility":93,"ID":4},{"utility":58,"ID":24}],[{"utility":3,"ID":7},{"utility":23,"ID":12}],[{"utility":93,"ID":8},{"utility":54,"ID":21}],[{"utility":79,"ID":1},{"utility":49,"ID":16}],[{"utility":97,"ID":5},{"utility":13,"ID":17}],[{"utility":86,"ID":9},{"utility":57,"ID":15}],[{"utility":99,"ID":3},{"utility":98,"ID":22}],[],[],[],[],[],[],[],[],[],[],[],[]],"STARTING COALITION: ":[[null],[],[{"utility":0,"ID":20},{"utility":16,"ID":25}],[{"utility":17,"ID":6},{"utility":50,"ID":13}],[{"utility":44,"ID":14},{"utility":29,"ID":24}],[{"utility":0,"ID":2}],[{"utility":42,"ID":11},{"utility":43,"ID":17}],[{"utility":79,"ID":18},{"utility":0,"ID":22}],[{"utility":0,"ID":12}],[{"utility":30,"ID":8},{"utility":44.333333333333336,"ID":9},{"utility":19,"ID":15},{"utility":47.333333333333336,"ID":19}],[{"utility":19,"ID":5},{"utility":25,"ID":7}],[{"utility":43,"ID":10},{"utility":67,"ID":16},{"utility":39.333333333333336,"ID":21},{"utility":33.333333333333336,"ID":23}],[{"utility":49,"ID":1},{"utility":67.5,"ID":3},{"utility":39,"ID":4}],[],[],[],[],[],[],[],[],[],[],[],[],[]],"CORE :":false,"LAST PARTITION":{"22":13,"23":4,"24":7,"25":5,"10":2,"11":4,"12":8,"13":6,"14":2,"15":12,"16":10,"17":11,"18":3,"19":6,"1":10,"2":5,"3":13,"4":7,"5":11,"6":1,"7":8,"8":9,"9":12,"20":3,"21":9}},{"STARTING PARTITION: ":{"22":5,"23":2,"24":5,"25":10,"10":2,"11":12,"12":10,"13":6,"14":11,"15":6,"16":12,"17":10,"18":3,"19":3,"1":10,"2":10,"3":11,"4":12,"5":6,"6":6,"7":6,"8":5,"9":2,"20":6,"21":12},"Agents":[null,{"utility":0,"ID":1},{"utility":97,"ID":2},{"utility":99,"ID":3},{"utility":71,"ID":4},{"utility":86,"ID":5},{"utility":78,"ID":6},{"utility":88,"ID":7},{"utility":93,"ID":8},{"utility":86,"ID":9},{"utility":92,"ID":10},{"utility":18,"ID":11},{"utility":0,"ID":12},{"utility":65,"ID":13},{"utility":84,"ID":14},{"utility":57,"ID":15},{"utility":0,"ID":16},{"utility":71,"ID":17},{"utility":27,"ID":18},{"utility":31,"ID":19},{"utility":89,"ID":20},{"utility":54,"ID":21},{"utility":98,"ID":22},{"utility":0,"ID":23},{"utility":0,"ID":24},{"utility":49,"ID":25}],"LAST COALITION":[[],[{"utility":99,"ID":3},{"utility":98,"ID":22}],[{"utility":0,"ID":23}],[{"utility":27,"ID":18},{"utility":31,"ID":19}],[{"utility":0,"ID":16}],[],[{"utility":65,"ID":13},{"utility":89,"ID":20}],[{"utility":92,"ID":10},{"utility":84,"ID":14}],[{"utility":97,"ID":2},{"utility":86,"ID":5}],[{"utility":88,"ID":7},{"utility":71,"ID":17}],[{"utility":0,"ID":12}],[{"utility":93,"ID":8},{"utility":54,"ID":21}],[{"utility":71,"ID":4},{"utility":18,"ID":11}],[{"utility":78,"ID":6},{"utility":49,"ID":25}],[{"utility":86,"ID":9},{"utility":57,"ID":15}],[{"utility":0,"ID":24}],[{"utility":0,"ID":1}],[],[],[],[],[],[],[],[],[]],"STARTING COALITION: ":[[null],[],[{"utility":76,"ID":9},{"utility":29,"ID":10},{"utility":15,"ID":23}],[{"utility":27,"ID":18},{"utility":31,"ID":19}],[],[{"utility":56.5,"ID":8},{"utility":63,"ID":22},{"utility":29,"ID":24}],[{"utility":46.8,"ID":5},{"utility":31.4,"ID":6},{"utility":50,"ID":7},{"utility":40.4,"ID":13},{"utility":44,"ID":15},{"utility":72,"ID":20}],[],[],[],[{"utility":24.5,"ID":1},{"utility":36.25,"ID":2},{"utility":49,"ID":12},{"utility":41,"ID":17},{"utility":74,"ID":25}],[{"utility":92,"ID":3},{"utility":66,"ID":14}],[{"utility":41,"ID":4},{"utility":53,"ID":11},{"utility":30,"ID":16},{"utility":79,"ID":21}],[],[],[],[],[],[],[],[],[],[],[],[],[]],"CORE :":false,"LAST PARTITION":{"22":1,"23":2,"24":15,"25":13,"10":7,"11":12,"12":10,"13":6,"14":7,"15":14,"16":4,"17":9,"18":3,"19":3,"1":16,"2":8,"3":1,"4":12,"5":8,"6":13,"7":9,"8":11,"9":14,"20":6,"21":11}},{"STARTING PARTITION: ":{"22":7,"23":6,"24":10,"25":7,"10":11,"11":2,"12":2,"13":1,"14":6,"15":8,"16":1,"17":7,"18":6,"19":5,"1":10,"2":10,"3":2,"4":1,"5":7,"6":3,"7":5,"8":1,"9":8,"20":1,"21":4},"Agents":[null,{"utility":0,"ID":1},{"utility":97,"ID":2},{"utility":99,"ID":3},{"utility":71,"ID":4},{"utility":86,"ID":5},{"utility":78,"ID":6},{"utility":88,"ID":7},{"utility":93,"ID":8},{"utility":86,"ID":9},{"utility":92,"ID":10},{"utility":18,"ID":11},{"utility":0,"ID":12},{"utility":0,"ID":13},{"utility":84,"ID":14},{"utility":57,"ID":15},{"utility":89,"ID":16},{"utility":71,"ID":17},{"utility":0,"ID":18},{"utility":0,"ID":19},{"utility":19,"ID":20},{"utility":54,"ID":21},{"utility":98,"ID":22},{"utility":0,"ID":23},{"utility":0,"ID":24},{"utility":49,"ID":25}],"LAST COALITION":[[],[{"utility":89,"ID":16},{"utility":19,"ID":20}],[{"utility":93,"ID":8},{"utility":54,"ID":21}],[{"utility":0,"ID":24}],[{"utility":92,"ID":10},{"utility":84,"ID":14}],[{"utility":0,"ID":19}],[{"utility":0,"ID":23}],[{"utility":71,"ID":4},{"utility":18,"ID":11}],[{"utility":86,"ID":9},{"utility":57,"ID":15}],[{"utility":0,"ID":13}],[],[{"utility":0,"ID":12}],[{"utility":0,"ID":18}],[{"utility":97,"ID":2},{"utility":86,"ID":5}],[{"utility":0,"ID":1}],[{"utility":99,"ID":3},{"utility":98,"ID":22}],[{"utility":88,"ID":7},{"utility":71,"ID":17}],[{"utility":78,"ID":6},{"utility":49,"ID":25}],[],[],[],[],[],[],[],[]],"STARTING COALITION: ":[[null],[{"utility":66,"ID":4},{"utility":36,"ID":8},{"utility":30.5,"ID":13},{"utility":49,"ID":16},{"utility":47.75,"ID":20}],[{"utility":24.5,"ID":3},{"utility":5.5,"ID":11},{"utility":0,"ID":12}],[{"utility":0,"ID":6}],[{"utility":0,"ID":21}],[{"utility":0,"ID":7},{"utility":33,"ID":19}],[{"utility":22,"ID":14},{"utility":0,"ID":18},{"utility":79.5,"ID":23}],[{"utility":89.66666666666667,"ID":5},{"utility":23.333333333333332,"ID":17},{"utility":43.666666666666664,"ID":22},{"utility":61.666666666666664,"ID":25}],[{"utility":86,"ID":9},{"utility":57,"ID":15}],[],[{"utility":51.5,"ID":1},{"utility":69,"ID":2},{"utility":26,"ID":24}],[{"utility":0,"ID":10}],[],[],[],[],[],[],[],[],[],[],[],[],[],[]],"CORE :":false,"LAST PARTITION":{"22":15,"23":6,"24":3,"25":17,"10":4,"11":7,"12":11,"13":9,"14":4,"15":8,"16":1,"17":16,"18":12,"19":5,"1":14,"2":13,"3":15,"4":7,"5":13,"6":17,"7":16,"8":2,"9":8,"20":1,"21":2}},{"STARTING PARTITION: ":{"22":5,"23":12,"24":7,"25":3,"10":9,"11":10,"12":1,"13":7,"14":8,"15":6,"16":7,"17":7,"18":4,"19":2,"1":4,"2":7,"3":3,"4":5,"5":4,"6":8,"7":3,"8":4,"9":2,"20":9,"21":8},"Agents":[null,{"utility":92,"ID":1},{"utility":97,"ID":2},{"utility":99,"ID":3},{"utility":93,"ID":4},{"utility":86,"ID":5},{"utility":71,"ID":6},{"utility":95,"ID":7},{"utility":84,"ID":8},{"utility":0,"ID":9},{"utility":91,"ID":10},{"utility":0,"ID":11},{"utility":7,"ID":12},{"utility":0,"ID":13},{"utility":86,"ID":14},{"utility":48,"ID":15},{"utility":28,"ID":16},{"utility":27,"ID":17},{"utility":0,"ID":18},{"utility":0,"ID":19},{"utility":84,"ID":20},{"utility":0,"ID":21},{"utility":98,"ID":22},{"utility":0,"ID":23},{"utility":58,"ID":24},{"utility":0,"ID":25}],"LAST COALITION":[[],[{"utility":84,"ID":8},{"utility":27,"ID":17}],[{"utility":0,"ID":19}],[{"utility":0,"ID":9}],[{"utility":0,"ID":18}],[{"utility":0,"ID":13}],[{"utility":92,"ID":1},{"utility":48,"ID":15}],[{"utility":0,"ID":25}],[{"utility":86,"ID":14},{"utility":0,"ID":21}],[{"utility":91,"ID":10},{"utility":84,"ID":20}],[{"utility":93,"ID":4},{"utility":58,"ID":24}],[{"utility":0,"ID":11}],[{"utility":0,"ID":23}],[{"utility":71,"ID":6},{"utility":7,"ID":12}],[{"utility":95,"ID":7},{"utility":28,"ID":16}],[{"utility":99,"ID":3},{"utility":98,"ID":22}],[{"utility":97,"ID":2},{"utility":86,"ID":5}],[],[],[],[],[],[],[],[],[]],"STARTING COALITION: ":[[null],[{"utility":0,"ID":12}],[{"utility":0,"ID":9},{"utility":0,"ID":19}],[{"utility":45.5,"ID":3},{"utility":86.5,"ID":7},{"utility":37,"ID":25}],[{"utility":32.333333333333336,"ID":1},{"utility":28.333333333333332,"ID":5},{"utility":36.333333333333336,"ID":8},{"utility":28.333333333333332,"ID":18}],[{"utility":88,"ID":4},{"utility":17,"ID":22}],[{"utility":0,"ID":15}],[{"utility":42.75,"ID":2},{"utility":20.5,"ID":13},{"utility":46.75,"ID":16},{"utility":35.75,"ID":17},{"utility":50.75,"ID":24}],[{"utility":5,"ID":6},{"utility":92,"ID":14},{"utility":0,"ID":21}],[{"utility":91,"ID":10},{"utility":84,"ID":20}],[{"utility":0,"ID":11}],[],[{"utility":0,"ID":23}],[],[],[],[],[],[],[],[],[],[],[],[],[]],"CORE :":false,"LAST PARTITION":{"22":15,"23":12,"24":10,"25":7,"10":9,"11":11,"12":13,"13":5,"14":8,"15":6,"16":14,"17":1,"18":4,"19":2,"1":6,"2":16,"3":15,"4":10,"5":16,"6":13,"7":14,"8":1,"9":3,"20":9,"21":8}},{"STARTING PARTITION: ":{"22":5,"23":12,"24":7,"25":7,"10":3,"11":2,"12":9,"13":7,"14":5,"15":1,"16":9,"17":12,"18":2,"19":9,"1":12,"2":9,"3":7,"4":6,"5":1,"6":5,"7":2,"8":11,"9":6,"20":7,"21":4},"Agents":[null,{"utility":98,"ID":1},{"utility":97,"ID":2},{"utility":99,"ID":3},{"utility":65,"ID":4},{"utility":86,"ID":5},{"utility":78,"ID":6},{"utility":88,"ID":7},{"utility":93,"ID":8},{"utility":86,"ID":9},{"utility":92,"ID":10},{"utility":0,"ID":11},{"utility":0,"ID":12},{"utility":0,"ID":13},{"utility":84,"ID":14},{"utility":57,"ID":15},{"utility":82,"ID":16},{"utility":71,"ID":17},{"utility":0,"ID":18},{"utility":27,"ID":19},{"utility":0,"ID":20},{"utility":54,"ID":21},{"utility":98,"ID":22},{"utility":0,"ID":23},{"utility":0,"ID":24},{"utility":49,"ID":25}],"LAST COALITION":[[],[{"utility":97,"ID":2},{"utility":86,"ID":5}],[{"utility":88,"ID":7},{"utility":71,"ID":17}],[{"utility":86,"ID":9},{"utility":57,"ID":15}],[{"utility":0,"ID":13}],[{"utility":0,"ID":11}],[{"utility":0,"ID":24}],[{"utility":92,"ID":10},{"utility":84,"ID":14}],[{"utility":0,"ID":12}],[{"utility":82,"ID":16},{"utility":27,"ID":19}],[{"utility":93,"ID":8},{"utility":54,"ID":21}],[{"utility":0,"ID":18}],[{"utility":0,"ID":23}],[{"utility":0,"ID":20}],[{"utility":99,"ID":3},{"utility":98,"ID":22}],[{"utility":98,"ID":1},{"utility":65,"ID":4}],[{"utility":78,"ID":6},{"utility":49,"ID":25}],[],[],[],[],[],[],[],[],[]],"STARTING COALITION: ":[[null],[{"utility":67,"ID":5},{"utility":73,"ID":15}],[{"utility":81.5,"ID":7},{"utility":8,"ID":11},{"utility":46.5,"ID":18}],[{"utility":0,"ID":10}],[{"utility":0,"ID":21}],[{"utility":22.5,"ID":6},{"utility":65,"ID":14},{"utility":80.5,"ID":22}],[{"utility":76,"ID":4},{"utility":16,"ID":9}],[{"utility":17.5,"ID":3},{"utility":36.25,"ID":13},{"utility":52.5,"ID":20},{"utility":35,"ID":24},{"utility":14.75,"ID":25}],[],[{"utility":13.666666666666666,"ID":2},{"utility":29,"ID":12},{"utility":88.33333333333333,"ID":16},{"utility":47.666666666666664,"ID":19}],[],[{"utility":0,"ID":8}],[{"utility":17,"ID":1},{"utility":26.5,"ID":17},{"utility":54,"ID":23}],[],[],[],[],[],[],[],[],[],[],[],[],[]],"CORE :":false,"LAST PARTITION":{"22":14,"23":12,"24":6,"25":16,"10":7,"11":5,"12":8,"13":4,"14":7,"15":3,"16":9,"17":2,"18":11,"19":9,"1":15,"2":1,"3":14,"4":15,"5":1,"6":16,"7":2,"8":10,"9":3,"20":13,"21":10}},{"STARTING PARTITION: ":{"22":6,"23":6,"24":8,"25":11,"10":1,"11":11,"12":9,"13":4,"14":2,"15":1,"16":3,"17":3,"18":11,"19":2,"1":8,"2":12,"3":11,"4":4,"5":8,"6":11,"7":6,"8":12,"9":2,"20":9,"21":12},"Agents":[null,{"utility":0,"ID":1},{"utility":97,"ID":2},{"utility":99,"ID":3},{"utility":71,"ID":4},{"utility":86,"ID":5},{"utility":78,"ID":6},{"utility":88,"ID":7},{"utility":93,"ID":8},{"utility":86,"ID":9},{"utility":92,"ID":10},{"utility":18,"ID":11},{"utility":16,"ID":12},{"utility":0,"ID":13},{"utility":84,"ID":14},{"utility":57,"ID":15},{"utility":0,"ID":16},{"utility":71,"ID":17},{"utility":0,"ID":18},{"utility":0,"ID":19},{"utility":58,"ID":20},{"utility":54,"ID":21},{"utility":98,"ID":22},{"utility":0,"ID":23},{"utility":0,"ID":24},{"utility":49,"ID":25}],"LAST COALITION":[[],[{"utility":88,"ID":7},{"utility":71,"ID":17}],[{"utility":0,"ID":19}],[{"utility":78,"ID":6},{"utility":49,"ID":25}],[{"utility":92,"ID":10},{"utility":84,"ID":14}],[{"utility":0,"ID":16}],[{"utility":0,"ID":23}],[],[{"utility":71,"ID":4},{"utility":18,"ID":11}],[{"utility":16,"ID":12},{"utility":58,"ID":20}],[{"utility":0,"ID":24}],[{"utility":0,"ID":18}],[{"utility":93,"ID":8},{"utility":54,"ID":21}],[{"utility":86,"ID":9},{"utility":57,"ID":15}],[{"utility":99,"ID":3},{"utility":98,"ID":22}],[{"utility":0,"ID":13}],[{"utility":0,"ID":1}],[{"utility":97,"ID":2},{"utility":86,"ID":5}],[],[],[],[],[],[],[],[]],"STARTING COALITION: ":[[null],[{"utility":6,"ID":10},{"utility":0,"ID":15}],[{"utility":0,"ID":9},{"utility":65,"ID":14},{"utility":30.5,"ID":19}],[{"utility":43,"ID":16},{"utility":1,"ID":17}],[{"utility":59,"ID":4},{"utility":0,"ID":13}],[],[{"utility":39.5,"ID":7},{"utility":31,"ID":22},{"utility":32,"ID":23}],[],[{"utility":51,"ID":1},{"utility":68.5,"ID":5},{"utility":12,"ID":24}],[{"utility":16,"ID":12},{"utility":58,"ID":20}],[],[{"utility":23.75,"ID":3},{"utility":41.75,"ID":6},{"utility":15.5,"ID":11},{"utility":56.5,"ID":18},{"utility":22.5,"ID":25}],[{"utility":16,"ID":2},{"utility":48.5,"ID":8},{"utility":27,"ID":21}],[],[],[],[],[],[],[],[],[],[],[],[],[]],"CORE :":false,"LAST PARTITION":{"22":14,"23":6,"24":10,"25":3,"10":4,"11":8,"12":9,"13":15,"14":4,"15":13,"16":5,"17":1,"18":11,"19":2,"1":16,"2":17,"3":14,"4":8,"5":17,"6":3,"7":1,"8":12,"9":13,"20":9,"21":12}},{"STARTING PARTITION: ":{"22":6,"23":8,"24":8,"25":7,"10":12,"11":3,"12":3,"13":3,"14":10,"15":3,"16":12,"17":12,"18":1,"19":3,"1":1,"2":11,"3":11,"4":4,"5":5,"6":2,"7":10,"8":9,"9":4,"20":2,"21":10},"Agents":[null,{"utility":98,"ID":1},{"utility":97,"ID":2},{"utility":99,"ID":3},{"utility":65,"ID":4},{"utility":86,"ID":5},{"utility":78,"ID":6},{"utility":88,"ID":7},{"utility":93,"ID":8},{"utility":86,"ID":9},{"utility":92,"ID":10},{"utility":0,"ID":11},{"utility":0,"ID":12},{"utility":84,"ID":13},{"utility":84,"ID":14},{"utility":57,"ID":15},{"utility":0,"ID":16},{"utility":71,"ID":17},{"utility":0,"ID":18},{"utility":77,"ID":19},{"utility":0,"ID":20},{"utility":54,"ID":21},{"utility":98,"ID":22},{"utility":0,"ID":23},{"utility":0,"ID":24},{"utility":49,"ID":25}],"LAST COALITION":[[],[{"utility":0,"ID":18}],[{"utility":0,"ID":20}],[{"utility":84,"ID":13},{"utility":77,"ID":19}],[{"utility":93,"ID":8},{"utility":54,"ID":21}],[],[{"utility":86,"ID":9},{"utility":57,"ID":15}],[{"utility":88,"ID":7},{"utility":71,"ID":17}],[{"utility":0,"ID":23}],[{"utility":0,"ID":12}],[{"utility":92,"ID":10},{"utility":84,"ID":14}],[{"utility":99,"ID":3},{"utility":98,"ID":22}],[{"utility":0,"ID":24}],[{"utility":0,"ID":16}],[{"utility":98,"ID":1},{"utility":65,"ID":4}],[{"utility":78,"ID":6},{"utility":49,"ID":25}],[{"utility":97,"ID":2},{"utility":86,"ID":5}],[{"utility":0,"ID":11}],[],[],[],[],[],[],[],[]],"STARTING COALITION: ":[[null],[{"utility":70,"ID":1},{"utility":39,"ID":18}],[{"utility":1,"ID":6},{"utility":92,"ID":20}],[{"utility":5.5,"ID":11},{"utility":7.5,"ID":12},{"utility":66.75,"ID":13},{"utility":34.25,"ID":15},{"utility":70,"ID":19}],[{"utility":76,"ID":4},{"utility":16,"ID":9}],[{"utility":0,"ID":5}],[{"utility":0,"ID":22}],[{"utility":0,"ID":25}],[{"utility":0,"ID":23},{"utility":21,"ID":24}],[{"utility":0,"ID":8}],[{"utility":68.5,"ID":7},{"utility":45.5,"ID":14},{"utility":4,"ID":21}],[{"utility":49,"ID":2},{"utility":64,"ID":3}],[{"utility":11,"ID":10},{"utility":59.5,"ID":16},{"utility":13,"ID":17}],[],[],[],[],[],[],[],[],[],[],[],[],[]],"CORE :":false,"LAST PARTITION":{"22":11,"23":8,"24":12,"25":15,"10":10,"11":17,"12":9,"13":3,"14":10,"15":6,"16":13,"17":7,"18":1,"19":3,"1":14,"2":16,"3":11,"4":14,"5":16,"6":15,"7":7,"8":4,"9":6,"20":2,"21":4}},{"STARTING PARTITION: ":{"22":8,"23":10,"24":6,"25":3,"10":5,"11":9,"12":10,"13":4,"14":5,"15":1,"16":5,"17":2,"18":2,"19":3,"1":8,"2":12,"3":6,"4":4,"5":11,"6":4,"7":2,"8":3,"9":4,"20":10,"21":2},"Agents":[null,{"utility":98,"ID":1},{"utility":97,"ID":2},{"utility":99,"ID":3},{"utility":65,"ID":4},{"utility":86,"ID":5},{"utility":78,"ID":6},{"utility":88,"ID":7},{"utility":93,"ID":8},{"utility":86,"ID":9},{"utility":92,"ID":10},{"utility":0,"ID":11},{"utility":0,"ID":12},{"utility":0,"ID":13},{"utility":84,"ID":14},{"utility":57,"ID":15},{"utility":0,"ID":16},{"utility":71,"ID":17},{"utility":0,"ID":18},{"utility":0,"ID":19},{"utility":39,"ID":20},{"utility":54,"ID":21},{"utility":98,"ID":22},{"utility":4,"ID":23},{"utility":0,"ID":24},{"utility":49,"ID":25}],"LAST COALITION":[[],[],[{"utility":0,"ID":18}],[{"utility":0,"ID":19}],[{"utility":0,"ID":16}],[{"utility":78,"ID":6},{"utility":49,"ID":25}],[{"utility":86,"ID":9},{"utility":57,"ID":15}],[{"utility":0,"ID":24}],[{"utility":0,"ID":13}],[{"utility":0,"ID":12}],[{"utility":39,"ID":20},{"utility":4,"ID":23}],[{"utility":88,"ID":7},{"utility":71,"ID":17}],[{"utility":0,"ID":11}],[{"utility":99,"ID":3},{"utility":98,"ID":22}],[{"utility":93,"ID":8},{"utility":54,"ID":21}],[{"utility":97,"ID":2},{"utility":86,"ID":5}],[{"utility":92,"ID":10},{"utility":84,"ID":14}],[{"utility":98,"ID":1},{"utility":65,"ID":4}],[],[],[],[],[],[],[],[]],"STARTING COALITION: ":[[null],[{"utility":0,"ID":15}],[{"utility":80,"ID":7},{"utility":56.333333333333336,"ID":17},{"utility":17.333333333333332,"ID":18},{"utility":5.333333333333333,"ID":21}],[{"utility":31,"ID":8},{"utility":67,"ID":19},{"utility":0,"ID":25}],[{"utility":61.666666666666664,"ID":4},{"utility":47.666666666666664,"ID":6},{"utility":34.666666666666664,"ID":9},{"utility":26.666666666666668,"ID":13}],[{"utility":46,"ID":10},{"utility":78.5,"ID":14},{"utility":43,"ID":16}],[{"utility":32,"ID":3},{"utility":41,"ID":24}],[],[{"utility":56,"ID":1},{"utility":71,"ID":22}],[{"utility":0,"ID":11}],[{"utility":8,"ID":12},{"utility":48.5,"ID":20},{"utility":26,"ID":23}],[{"utility":0,"ID":5}],[{"utility":0,"ID":2}],[],[],[],[],[],[],[],[],[],[],[],[],[]],"CORE :":false,"LAST PARTITION":{"22":13,"23":10,"24":7,"25":5,"10":16,"11":12,"12":9,"13":8,"14":16,"15":6,"16":4,"17":11,"18":2,"19":3,"1":17,"2":15,"3":13,"4":17,"5":15,"6":5,"7":11,"8":14,"9":6,"20":10,"21":14}},{"STARTING PARTITION: ":{"22":2,"23":3,"24":8,"25":8,"10":2,"11":8,"12":12,"13":6,"14":4,"15":9,"16":5,"17":8,"18":4,"19":9,"1":2,"2":5,"3":7,"4":10,"5":8,"6":3,"7":8,"8":3,"9":12,"20":8,"21":8},"Agents":[null,{"utility":0,"ID":1},{"utility":97,"ID":2},{"utility":99,"ID":3},{"utility":71,"ID":4},{"utility":86,"ID":5},{"utility":78,"ID":6},{"utility":88,"ID":7},{"utility":93,"ID":8},{"utility":86,"ID":9},{"utility":92,"ID":10},{"utility":18,"ID":11},{"utility":0,"ID":12},{"utility":0,"ID":13},{"utility":84,"ID":14},{"utility":57,"ID":15},{"utility":0,"ID":16},{"utility":71,"ID":17},{"utility":0,"ID":18},{"utility":0,"ID":19},{"utility":0,"ID":20},{"utility":54,"ID":21},{"utility":98,"ID":22},{"utility":0,"ID":23},{"utility":0,"ID":24},{"utility":49,"ID":25}],"LAST COALITION":[[],[{"utility":78,"ID":6},{"utility":49,"ID":25}],[{"utility":86,"ID":9},{"utility":57,"ID":15}],[{"utility":0,"ID":23}],[{"utility":0,"ID":18}],[{"utility":0,"ID":16}],[],[{"utility":0,"ID":24}],[{"utility":0,"ID":20}],[{"utility":0,"ID":19}],[{"utility":0,"ID":12}],[{"utility":0,"ID":13}],[{"utility":88,"ID":7},{"utility":71,"ID":17}],[{"utility":99,"ID":3},{"utility":98,"ID":22}],[{"utility":93,"ID":8},{"utility":54,"ID":21}],[{"utility":71,"ID":4},{"utility":18,"ID":11}],[{"utility":97,"ID":2},{"utility":86,"ID":5}],[{"utility":92,"ID":10},{"utility":84,"ID":14}],[{"utility":0,"ID":1}],[],[],[],[],[],[],[]],"STARTING COALITION: ":[[null],[],[{"utility":28,"ID":1},{"utility":54,"ID":10},{"utility":45,"ID":22}],[{"utility":6.5,"ID":6},{"utility":46.5,"ID":8},{"utility":33.5,"ID":23}],[{"utility":25,"ID":14},{"utility":0,"ID":18}],[{"utility":10,"ID":2},{"utility":93,"ID":16}],[{"utility":0,"ID":13}],[{"utility":0,"ID":3}],[{"utility":54.42857142857143,"ID":5},{"utility":57.285714285714285,"ID":7},{"utility":43.714285714285715,"ID":11},{"utility":42.42857142857143,"ID":17},{"utility":37.57142857142857,"ID":20},{"utility":34.714285714285715,"ID":21},{"utility":39.857142857142854,"ID":24},{"utility":23.142857142857142,"ID":25}],[{"utility":0,"ID":15},{"utility":68,"ID":19}],[{"utility":0,"ID":4}],[],[{"utility":28,"ID":9},{"utility":0,"ID":12}],[],[],[],[],[],[],[],[],[],[],[],[],[]],"CORE :":false,"LAST PARTITION":{"22":13,"23":3,"24":7,"25":1,"10":17,"11":15,"12":10,"13":11,"14":17,"15":2,"16":5,"17":12,"18":4,"19":9,"1":18,"2":16,"3":13,"4":15,"5":16,"6":1,"7":12,"8":14,"9":2,"20":8,"21":14}},{"STARTING PARTITION: ":{"22":1,"23":11,"24":6,"25":6,"10":9,"11":2,"12":8,"13":3,"14":6,"15":4,"16":3,"17":3,"18":5,"19":12,"1":11,"2":9,"3":7,"4":8,"5":9,"6":4,"7":3,"8":6,"9":3,"20":11,"21":12},"Agents":[null,{"utility":98,"ID":1},{"utility":97,"ID":2},{"utility":99,"ID":3},{"utility":65,"ID":4},{"utility":86,"ID":5},{"utility":78,"ID":6},{"utility":88,"ID":7},{"utility":93,"ID":8},{"utility":86,"ID":9},{"utility":92,"ID":10},{"utility":0,"ID":11},{"utility":0,"ID":12},{"utility":0,"ID":13},{"utility":84,"ID":14},{"utility":57,"ID":15},{"utility":0,"ID":16},{"utility":71,"ID":17},{"utility":0,"ID":18},{"utility":0,"ID":19},{"utility":39,"ID":20},{"utility":54,"ID":21},{"utility":98,"ID":22},{"utility":4,"ID":23},{"utility":0,"ID":24},{"utility":49,"ID":25}],"LAST COALITION":[[],[{"utility":92,"ID":10},{"utility":84,"ID":14}],[{"utility":88,"ID":7},{"utility":71,"ID":17}],[{"utility":86,"ID":9},{"utility":57,"ID":15}],[{"utility":97,"ID":2},{"utility":86,"ID":5}],[{"utility":0,"ID":18}],[{"utility":0,"ID":13}],[{"utility":0,"ID":16}],[{"utility":78,"ID":6},{"utility":49,"ID":25}],[{"utility":0,"ID":24}],[{"utility":0,"ID":11}],[{"utility":39,"ID":20},{"utility":4,"ID":23}],[{"utility":0,"ID":19}],[{"utility":98,"ID":1},{"utility":65,"ID":4}],[{"utility":0,"ID":12}],[{"utility":99,"ID":3},{"utility":98,"ID":22}],[{"utility":93,"ID":8},{"utility":54,"ID":21}],[],[],[],[],[],[],[],[],[]],"STARTING COALITION: ":[[null],[{"utility":0,"ID":22}],[{"utility":0,"ID":11}],[{"utility":58.5,"ID":7},{"utility":42.25,"ID":9},{"utility":30,"ID":13},{"utility":48.75,"ID":16},{"utility":41.75,"ID":17}],[{"utility":42,"ID":6},{"utility":38,"ID":15}],[{"utility":0,"ID":18}],[{"utility":42.666666666666664,"ID":8},{"utility":40.666666666666664,"ID":14},{"utility":20,"ID":24},{"utility":28.666666666666668,"ID":25}],[{"utility":0,"ID":3}],[{"utility":0,"ID":4},{"utility":27,"ID":12}],[{"utility":79,"ID":2},{"utility":88.5,"ID":5},{"utility":45.5,"ID":10}],[],[{"utility":46.5,"ID":1},{"utility":27.5,"ID":20},{"utility":8,"ID":23}],[{"utility":0,"ID":19},{"utility":16,"ID":21}],[],[],[],[],[],[],[],[],[],[],[],[],[]],"CORE :":false,"LAST PARTITION":{"22":15,"23":11,"24":9,"25":8,"10":1,"11":10,"12":14,"13":6,"14":1,"15":3,"16":7,"17":2,"18":5,"19":12,"1":13,"2":4,"3":15,"4":13,"5":4,"6":8,"7":2,"8":16,"9":3,"20":11,"21":16}},{"STARTING PARTITION: ":{"22":8,"23":10,"24":4,"25":7,"10":8,"11":9,"12":4,"13":7,"14":6,"15":12,"16":4,"17":8,"18":2,"19":11,"1":5,"2":5,"3":7,"4":8,"5":3,"6":12,"7":7,"8":2,"9":12,"20":7,"21":2},"Agents":[null,{"utility":0,"ID":1},{"utility":97,"ID":2},{"utility":99,"ID":3},{"utility":71,"ID":4},{"utility":86,"ID":5},{"utility":71,"ID":6},{"utility":88,"ID":7},{"utility":93,"ID":8},{"utility":86,"ID":9},{"utility":92,"ID":10},{"utility":18,"ID":11},{"utility":26,"ID":12},{"utility":65,"ID":13},{"utility":84,"ID":14},{"utility":57,"ID":15},{"utility":59,"ID":16},{"utility":71,"ID":17},{"utility":0,"ID":18},{"utility":0,"ID":19},{"utility":89,"ID":20},{"utility":54,"ID":21},{"utility":98,"ID":22},{"utility":0,"ID":23},{"utility":78,"ID":24},{"utility":0,"ID":25}],"LAST COALITION":[[],[{"utility":92,"ID":10},{"utility":84,"ID":14}],[{"utility":93,"ID":8},{"utility":54,"ID":21}],[{"utility":88,"ID":7},{"utility":71,"ID":17}],[{"utility":26,"ID":12},{"utility":78,"ID":24}],[{"utility":71,"ID":4},{"utility":18,"ID":11}],[{"utility":99,"ID":3},{"utility":98,"ID":22}],[{"utility":65,"ID":13},{"utility":89,"ID":20}],[{"utility":0,"ID":25}],[{"utility":71,"ID":6},{"utility":59,"ID":16}],[{"utility":0,"ID":23}],[{"utility":0,"ID":19}],[{"utility":86,"ID":9},{"utility":57,"ID":15}],[{"utility":0,"ID":18}],[],[{"utility":97,"ID":2},{"utility":86,"ID":5}],[{"utility":0,"ID":1}],[],[],[],[],[],[],[],[],[]],"STARTING COALITION: ":[[null],[],[{"utility":46.5,"ID":8},{"utility":14,"ID":18},{"utility":27,"ID":21}],[{"utility":0,"ID":5}],[{"utility":13,"ID":12},{"utility":51,"ID":16},{"utility":80,"ID":24}],[{"utility":28,"ID":1},{"utility":43,"ID":2}],[{"utility":0,"ID":14}],[{"utility":32.25,"ID":3},{"utility":65.5,"ID":7},{"utility":51.5,"ID":13},{"utility":69.75,"ID":20},{"utility":22.5,"ID":25}],[{"utility":53.666666666666664,"ID":4},{"utility":15.333333333333334,"ID":10},{"utility":42.333333333333336,"ID":17},{"utility":31.666666666666668,"ID":22}],[{"utility":0,"ID":11}],[{"utility":0,"ID":23}],[{"utility":0,"ID":19}],[{"utility":38.5,"ID":6},{"utility":66,"ID":9},{"utility":47.5,"ID":15}],[],[],[],[],[],[],[],[],[],[],[],[],[]],"CORE :":false,"LAST PARTITION":{"22":6,"23":10,"24":4,"25":8,"10":1,"11":5,"12":4,"13":7,"14":1,"15":12,"16":9,"17":3,"18":13,"19":11,"1":16,"2":15,"3":6,"4":5,"5":15,"6":9,"7":3,"8":2,"9":12,"20":7,"21":2}},{"END OF FILE:" : true}]