[{"STARTING PARTITION: ":{"22":10,"23":11,"24":10,"25":5,"10":2,"11":4,"12":10,"13":2,"14":1,"15":12,"16":8,"17":5,"18":12,"19":11,"1":11,"2":12,"3":1,"4":4,"5":5,"6":2,"7":2,"8":4,"9":4,"20":2,"21":3},"Agents":[null,{"utility":98,"ID":1},{"utility":98,"ID":2},{"utility":96,"ID":3},{"utility":94,"ID":4},{"utility":89,"ID":5},{"utility":75,"ID":6},{"utility":0,"ID":7},{"utility":53,"ID":8},{"utility":0,"ID":9},{"utility":46,"ID":10},{"utility":82,"ID":11},{"utility":88,"ID":12},{"utility":29,"ID":13},{"utility":0,"ID":14},{"utility":0,"ID":15},{"utility":9,"ID":16},{"utility":0,"ID":17},{"utility":0,"ID":18},{"utility":0,"ID":19},{"utility":75,"ID":20},{"utility":0,"ID":21},{"utility":0,"ID":22},{"utility":17,"ID":23},{"utility":32,"ID":24},{"utility":8,"ID":25}],"LAST COALITION":[[],[{"utility":0,"ID":18}],[{"utility":53,"ID":8},{"utility":82,"ID":11}],[{"utility":0,"ID":21}],[{"utility":98,"ID":1},{"utility":9,"ID":16}],[{"utility":0,"ID":7}],[{"utility":98,"ID":2},{"utility":46,"ID":10}],[{"utility":0,"ID":17}],[{"utility":0,"ID":9}],[{"utility":0,"ID":14}],[{"utility":88,"ID":12},{"utility":0,"ID":22}],[{"utility":0,"ID":19},{"utility":17,"ID":23}],[{"utility":0,"ID":15}],[{"utility":89,"ID":5},{"utility":32,"ID":24}],[{"utility":94,"ID":4},{"utility":75,"ID":20}],[{"utility":96,"ID":3},{"utility":29,"ID":13}],[],[{"utility":75,"ID":6},{"utility":8,"ID":25}],[],[],[],[],[],[],[],[]],"STARTING COALITION: ":[[null],[{"utility":51,"ID":3},{"utility":11,"ID":14}],[{"utility":44.5,"ID":6},{"utility":46.25,"ID":7},{"utility":34.25,"ID":10},{"utility":32.5,"ID":13},{"utility":52,"ID":20}],[{"utility":0,"ID":21}],[{"utility":64.33333333333333,"ID":4},{"utility":60.666666666666664,"ID":8},{"utility":70,"ID":9},{"utility":65,"ID":11}],[{"utility":0,"ID":5},{"utility":46,"ID":17},{"utility":22,"ID":25}],[],[],[{"utility":0,"ID":16}],[],[{"utility":88,"ID":12},{"utility":0,"ID":22},{"utility":16.5,"ID":24}],[{"utility":36.5,"ID":1},{"utility":49.5,"ID":19},{"utility":10,"ID":23}],[{"utility":50,"ID":2},{"utility":33.5,"ID":15},{"utility":49.5,"ID":18}],[],[],[],[],[],[],[],[],[],[],[],[],[]],"CORE :":false,"LAST PARTITION":{"22":10,"23":11,"24":13,"25":17,"10":6,"11":2,"12":10,"13":15,"14":9,"15":12,"16":4,"17":7,"18":1,"19":11,"1":4,"2":6,"3":15,"4":14,"5":13,"6":17,"7":5,"8":2,"9":8,"20":14,"21":3}},{"STARTING PARTITION: ":{"22":10,"23":1,"24":8,"25":8,"10":1,"11":11,"12":9,"13":9,"14":11,"15":6,"16":5,"17":2,"18":12,"19":9,"1":9,"2":11,"3":3,"4":4,"5":4,"6":10,"7":11,"8":3,"9":7,"20":2,"21":7},"Agents":[null,{"utility":0,"ID":1},{"utility":17,"ID":2},{"utility":84,"ID":3},{"utility":90,"ID":4},{"utility":89,"ID":5},{"utility":60,"ID":6},{"utility":91,"ID":7},{"utility":95,"ID":8},{"utility":93,"ID":9},{"utility":73,"ID":10},{"utility":77,"ID":11},{"utility":10,"ID":12},{"utility":68,"ID":13},{"utility":0,"ID":14},{"utility":98,"ID":15},{"utility":97,"ID":16},{"utility":12,"ID":17},{"utility":0,"ID":18},{"utility":0,"ID":19},{"utility":96,"ID":20},{"utility":0,"ID":21},{"utility":36,"ID":22},{"utility":0,"ID":23},{"utility":32,"ID":24},{"utility":18,"ID":25}],"LAST COALITION":[[],[{"utility":0,"ID":23}],[{"utility":12,"ID":17},{"utility":96,"ID":20}],[{"utility":89,"ID":5},{"utility":32,"ID":24}],[{"utility":0,"ID":14}],[{"utility":60,"ID":6},{"utility":97,"ID":16}],[{"utility":90,"ID":4},{"utility":95,"ID":8}],[{"utility":0,"ID":21}],[{"utility":93,"ID":9},{"utility":18,"ID":25}],[{"utility":68,"ID":13},{"utility":0,"ID":19}],[{"utility":0,"ID":1}],[{"utility":91,"ID":7},{"utility":77,"ID":11}],[{"utility":0,"ID":18}],[{"utility":17,"ID":2},{"utility":10,"ID":12}],[{"utility":84,"ID":3},{"utility":98,"ID":15}],[],[{"utility":73,"ID":10},{"utility":36,"ID":22}],[],[],[],[],[],[],[],[],[]],"STARTING COALITION: ":[[null],[{"utility":40,"ID":10},{"utility":59,"ID":23}],[{"utility":12,"ID":17},{"utility":96,"ID":20}],[{"utility":27,"ID":3},{"utility":4,"ID":8}],[{"utility":9,"ID":4},{"utility":0,"ID":5}],[{"utility":0,"ID":16}],[{"utility":0,"ID":15}],[{"utility":88,"ID":9},{"utility":24,"ID":21}],[{"utility":35,"ID":24},{"utility":6,"ID":25}],[{"utility":27,"ID":1},{"utility":40.666666666666664,"ID":12},{"utility":70,"ID":13},{"utility":33,"ID":19}],[{"utility":20,"ID":6},{"utility":0,"ID":22}],[{"utility":49.666666666666664,"ID":2},{"utility":63,"ID":7},{"utility":51,"ID":11},{"utility":50,"ID":14}],[{"utility":0,"ID":18}],[],[],[],[],[],[],[],[],[],[],[],[],[]],"CORE :":false,"LAST PARTITION":{"22":16,"23":1,"24":3,"25":8,"10":16,"11":11,"12":13,"13":9,"14":4,"15":14,"16":5,"17":2,"18":12,"19":9,"1":10,"2":13,"3":14,"4":6,"5":3,"6":5,"7":11,"8":6,"9":8,"20":2,"21":7}},{"STARTING PARTITION: ":{"22":7,"23":11,"24":11,"25":10,"10":1,"11":6,"12":3,"13":4,"14":12,"15":11,"16":12,"17":3,"18":10,"19":6,"1":7,"2":1,"3":10,"4":7,"5":2,"6":5,"7":4,"8":12,"9":1,"20":1,"21":10},"Agents":[null,{"utility":98,"ID":1},{"utility":98,"ID":2},{"utility":96,"ID":3},{"utility":94,"ID":4},{"utility":89,"ID":5},{"utility":75,"ID":6},{"utility":91,"ID":7},{"utility":0,"ID":8},{"utility":88,"ID":9},{"utility":46,"ID":10},{"utility":77,"ID":11},{"utility":0,"ID":12},{"utility":29,"ID":13},{"utility":0,"ID":14},{"utility":0,"ID":15},{"utility":9,"ID":16},{"utility":0,"ID":17},{"utility":0,"ID":18},{"utility":0,"ID":19},{"utility":75,"ID":20},{"utility":24,"ID":21},{"utility":0,"ID":22},{"utility":0,"ID":23},{"utility":32,"ID":24},{"utility":8,"ID":25}],"LAST COALITION":[[],[{"utility":0,"ID":8}],[{"utility":88,"ID":9},{"utility":24,"ID":21}],[],[{"utility":75,"ID":6},{"utility":8,"ID":25}],[{"utility":91,"ID":7},{"utility":77,"ID":11}],[{"utility":0,"ID":19}],[{"utility":0,"ID":22}],[{"utility":0,"ID":17}],[{"utility":0,"ID":14}],[{"utility":0,"ID":15}],[{"utility":98,"ID":1},{"utility":9,"ID":16}],[{"utility":0,"ID":18}],[{"utility":89,"ID":5},{"utility":32,"ID":24}],[{"utility":0,"ID":23}],[{"utility":0,"ID":12}],[{"utility":94,"ID":4},{"utility":75,"ID":20}],[{"utility":98,"ID":2},{"utility":46,"ID":10}],[{"utility":96,"ID":3},{"utility":29,"ID":13}],[],[],[],[],[],[],[]],"STARTING COALITION: ":[[null],[{"utility":56.333333333333336,"ID":2},{"utility":43,"ID":9},{"utility":57,"ID":10},{"utility":15.333333333333334,"ID":20}],[{"utility":0,"ID":5}],[{"utility":49,"ID":12},{"utility":25,"ID":17}],[{"utility":66,"ID":7},{"utility":23,"ID":13}],[{"utility":0,"ID":6}],[{"utility":17,"ID":11},{"utility":0,"ID":19}],[{"utility":33,"ID":1},{"utility":48.5,"ID":4},{"utility":20,"ID":22}],[],[],[{"utility":52,"ID":3},{"utility":20.666666666666668,"ID":18},{"utility":15,"ID":21},{"utility":1.6666666666666667,"ID":25}],[{"utility":5.5,"ID":15},{"utility":42,"ID":23},{"utility":27.5,"ID":24}],[{"utility":3,"ID":8},{"utility":44,"ID":14},{"utility":40.5,"ID":16}],[],[],[],[],[],[],[],[],[],[],[],[],[]],"CORE :":false,"LAST PARTITION":{"22":7,"23":14,"24":13,"25":4,"10":17,"11":5,"12":15,"13":18,"14":9,"15":10,"16":11,"17":8,"18":12,"19":6,"1":11,"2":17,"3":18,"4":16,"5":13,"6":4,"7":5,"8":1,"9":2,"20":16,"21":2}},{"STARTING PARTITION: ":{"22":7,"23":4,"24":7,"25":3,"10":3,"11":4,"12":7,"13":7,"14":12,"15":9,"16":11,"17":9,"18":4,"19":8,"1":2,"2":12,"3":11,"4":9,"5":1,"6":7,"7":7,"8":12,"9":4,"20":5,"21":2},"Agents":[null,{"utility":92,"ID":1},{"utility":5,"ID":2},{"utility":96,"ID":3},{"utility":94,"ID":4},{"utility":89,"ID":5},{"utility":60,"ID":6},{"utility":0,"ID":7},{"utility":53,"ID":8},{"utility":84.5,"ID":9},{"utility":75,"ID":10},{"utility":82,"ID":11},{"utility":88,"ID":12},{"utility":29,"ID":13},{"utility":0,"ID":14},{"utility":0,"ID":15},{"utility":97,"ID":16},{"utility":0,"ID":17},{"utility":36.5,"ID":18},{"utility":0,"ID":19},{"utility":75,"ID":20},{"utility":0,"ID":21},{"utility":0,"ID":22},{"utility":11,"ID":23},{"utility":32,"ID":24},{"utility":48,"ID":25}],"LAST COALITION":[[],[{"utility":0,"ID":17}],[{"utility":0,"ID":14}],[{"utility":75,"ID":10},{"utility":48,"ID":25}],[{"utility":84.5,"ID":9},{"utility":36.5,"ID":18},{"utility":11,"ID":23}],[{"utility":0,"ID":15}],[{"utility":94,"ID":4},{"utility":75,"ID":20}],[{"utility":88,"ID":12},{"utility":0,"ID":22}],[{"utility":0,"ID":19}],[],[{"utility":96,"ID":3},{"utility":29,"ID":13}],[{"utility":0,"ID":21}],[{"utility":60,"ID":6},{"utility":97,"ID":16}],[{"utility":53,"ID":8},{"utility":82,"ID":11}],[{"utility":89,"ID":5},{"utility":32,"ID":24}],[{"utility":0,"ID":7}],[{"utility":92,"ID":1},{"utility":5,"ID":2}],[],[],[],[],[],[],[],[],[]],"STARTING COALITION: ":[[null],[{"utility":0,"ID":5}],[{"utility":16,"ID":1},{"utility":75,"ID":21}],[{"utility":75,"ID":10},{"utility":48,"ID":25}],[{"utility":63,"ID":9},{"utility":43,"ID":11},{"utility":49,"ID":18},{"utility":18.666666666666668,"ID":23}],[{"utility":0,"ID":20}],[],[{"utility":35.6,"ID":6},{"utility":54.4,"ID":7},{"utility":65,"ID":12},{"utility":27.4,"ID":13},{"utility":18,"ID":22},{"utility":34.8,"ID":24}],[{"utility":0,"ID":19}],[{"utility":67,"ID":4},{"utility":55,"ID":15},{"utility":55.5,"ID":17}],[],[{"utility":81,"ID":3},{"utility":0,"ID":16}],[{"utility":11.5,"ID":2},{"utility":4,"ID":8},{"utility":36,"ID":14}],[],[],[],[],[],[],[],[],[],[],[],[],[]],"CORE :":false,"LAST PARTITION":{"22":7,"23":4,"24":14,"25":3,"10":3,"11":13,"12":7,"13":10,"14":2,"15":5,"16":12,"17":1,"18":4,"19":8,"1":16,"2":16,"3":10,"4":6,"5":14,"6":12,"7":15,"8":13,"9":4,"20":6,"21":11}},{"STARTING PARTITION: ":{"22":2,"23":9,"24":12,"25":6,"10":7,"11":11,"12":9,"13":3,"14":2,"15":9,"16":8,"17":6,"18":12,"19":5,"1":9,"2":11,"3":7,"4":7,"5":2,"6":7,"7":8,"8":10,"9":4,"20":2,"21":11},"Agents":[null,{"utility":78,"ID":1},{"utility":98,"ID":2},{"utility":96,"ID":3},{"utility":94,"ID":4},{"utility":75,"ID":5},{"utility":60,"ID":6},{"utility":91,"ID":7},{"utility":0,"ID":8},{"utility":0,"ID":9},{"utility":46,"ID":10},{"utility":77,"ID":11},{"utility":61,"ID":12},{"utility":29,"ID":13},{"utility":73,"ID":14},{"utility":0,"ID":15},{"utility":97,"ID":16},{"utility":60,"ID":17},{"utility":79,"ID":18},{"utility":0,"ID":19},{"utility":75,"ID":20},{"utility":0,"ID":21},{"utility":0,"ID":22},{"utility":0,"ID":23},{"utility":76,"ID":24},{"utility":27,"ID":25}],"LAST COALITION":[[],[{"utility":98,"ID":2},{"utility":46,"ID":10}],[{"utility":0,"ID":22}],[{"utility":60,"ID":6},{"utility":97,"ID":16}],[{"utility":78,"ID":1},{"utility":61,"ID":12}],[{"utility":0,"ID":19}],[{"utility":60,"ID":17},{"utility":27,"ID":25}],[{"utility":91,"ID":7},{"utility":77,"ID":11}],[],[{"utility":0,"ID":15}],[{"utility":94,"ID":4},{"utility":75,"ID":20}],[{"utility":0,"ID":21}],[{"utility":79,"ID":18},{"utility":76,"ID":24}],[{"utility":75,"ID":5},{"utility":73,"ID":14}],[{"utility":0,"ID":8}],[{"utility":0,"ID":23}],[{"utility":96,"ID":3},{"utility":29,"ID":13}],[{"utility":0,"ID":9}],[],[],[],[],[],[],[],[]],"STARTING COALITION: ":[[null],[],[{"utility":26.666666666666668,"ID":5},{"utility":50,"ID":14},{"utility":43.666666666666664,"ID":20},{"utility":49.666666666666664,"ID":22}],[{"utility":0,"ID":13}],[{"utility":0,"ID":9}],[{"utility":0,"ID":19}],[{"utility":60,"ID":17},{"utility":27,"ID":25}],[{"utility":11,"ID":3},{"utility":39.333333333333336,"ID":4},{"utility":50,"ID":6},{"utility":34.333333333333336,"ID":10}],[{"utility":83,"ID":7},{"utility":32,"ID":16}],[{"utility":51.666666666666664,"ID":1},{"utility":35.666666666666664,"ID":12},{"utility":59.333333333333336,"ID":15},{"utility":26.333333333333332,"ID":23}],[{"utility":0,"ID":8}],[{"utility":70.5,"ID":2},{"utility":60,"ID":11},{"utility":62,"ID":21}],[{"utility":79,"ID":18},{"utility":76,"ID":24}],[],[],[],[],[],[],[],[],[],[],[],[],[]],"CORE :":false,"LAST PARTITION":{"22":2,"23":15,"24":12,"25":6,"10":1,"11":7,"12":4,"13":16,"14":13,"15":9,"16":3,"17":6,"18":12,"19":5,"1":4,"2":1,"3":16,"4":10,"5":13,"6":3,"7":7,"8":14,"9":17,"20":10,"21":11}},{"STARTING PARTITION: ":{"22":3,"23":3,"24":2,"25":5,"10":2,"11":9,"12":12,"13":4,"14":10,"15":6,"16":7,"17":2,"18":10,"19":4,"1":5,"2":2,"3":5,"4":7,"5":11,"6":8,"7":3,"8":4,"9":3,"20":12,"21":1},"Agents":[null,{"utility":89,"ID":1},{"utility":98,"ID":2},{"utility":96,"ID":3},{"utility":94,"ID":4},{"utility":89,"ID":5},{"utility":75,"ID":6},{"utility":83,"ID":7},{"utility":65,"ID":8},{"utility":0,"ID":9},{"utility":46,"ID":10},{"utility":40,"ID":11},{"utility":0,"ID":12},{"utility":29,"ID":13},{"utility":0,"ID":14},{"utility":89,"ID":15},{"utility":32,"ID":16},{"utility":0,"ID":17},{"utility":0,"ID":18},{"utility":0,"ID":19},{"utility":75,"ID":20},{"utility":0,"ID":21},{"utility":94,"ID":22},{"utility":84,"ID":23},{"utility":32,"ID":24},{"utility":8,"ID":25}],"LAST COALITION":[[],[],[{"utility":0,"ID":14}],[{"utility":94,"ID":22},{"utility":84,"ID":23}],[{"utility":0,"ID":19}],[{"utility":0,"ID":12}],[{"utility":75,"ID":6},{"utility":8,"ID":25}],[{"utility":89,"ID":1},{"utility":40,"ID":11}],[{"utility":83,"ID":7},{"utility":32,"ID":16}],[{"utility":94,"ID":4},{"utility":75,"ID":20}],[{"utility":89,"ID":5},{"utility":32,"ID":24}],[{"utility":0,"ID":18}],[{"utility":0,"ID":17}],[{"utility":98,"ID":2},{"utility":46,"ID":10}],[{"utility":0,"ID":9}],[{"utility":0,"ID":21}],[{"utility":65,"ID":8},{"utility":89,"ID":15}],[{"utility":96,"ID":3},{"utility":29,"ID":13}],[],[],[],[],[],[],[],[]],"STARTING COALITION: ":[[null],[{"utility":0,"ID":21}],[{"utility":78.33333333333333,"ID":2},{"utility":36.666666666666664,"ID":10},{"utility":42.333333333333336,"ID":17},{"utility":15,"ID":24}],[{"utility":55.666666666666664,"ID":7},{"utility":48.666666666666664,"ID":9},{"utility":67,"ID":22},{"utility":29.666666666666668,"ID":23}],[{"utility":25,"ID":8},{"utility":42.5,"ID":13},{"utility":37.5,"ID":19}],[{"utility":41.5,"ID":1},{"utility":66,"ID":3},{"utility":0,"ID":25}],[{"utility":0,"ID":15}],[{"utility":13,"ID":4},{"utility":33,"ID":16}],[{"utility":0,"ID":6}],[{"utility":0,"ID":11}],[{"utility":60,"ID":14},{"utility":31,"ID":18}],[{"utility":0,"ID":5}],[{"utility":17,"ID":12},{"utility":54,"ID":20}],[],[],[],[],[],[],[],[],[],[],[],[],[]],"CORE :":false,"LAST PARTITION":{"22":3,"23":3,"24":10,"25":6,"10":13,"11":7,"12":5,"13":17,"14":2,"15":16,"16":8,"17":12,"18":11,"19":4,"1":7,"2":13,"3":17,"4":9,"5":10,"6":6,"7":8,"8":16,"9":14,"20":9,"21":15}},{"STARTING PARTITION: ":{"22":6,"23":3,"24":4,"25":5,"10":12,"11":10,"12":7,"13":11,"14":5,"15":5,"16":10,"17":10,"18":6,"19":1,"1":6,"2":4,"3":12,"4":11,"5":2,"6":4,"7":1,"8":9,"9":4,"20":7,"21":8},"Agents":[null,{"utility":92,"ID":1},{"utility":5,"ID":2},{"utility":96,"ID":3},{"utility":94,"ID":4},{"utility":89,"ID":5},{"utility":60,"ID":6},{"utility":91,"ID":7},{"utility":91,"ID":8},{"utility":93,"ID":9},{"utility":73,"ID":10},{"utility":77,"ID":11},{"utility":0,"ID":12},{"utility":29,"ID":13},{"utility":0,"ID":14},{"utility":0,"ID":15},{"utility":97,"ID":16},{"utility":0,"ID":17},{"utility":0,"ID":18},{"utility":0,"ID":19},{"utility":75,"ID":20},{"utility":23,"ID":21},{"utility":36,"ID":22},{"utility":0,"ID":23},{"utility":32,"ID":24},{"utility":18,"ID":25}],"LAST COALITION":[[],[{"utility":0,"ID":19}],[{"utility":93,"ID":9},{"utility":18,"ID":25}],[{"utility":0,"ID":15}],[{"utility":91,"ID":7},{"utility":77,"ID":11}],[{"utility":0,"ID":14}],[{"utility":92,"ID":1},{"utility":5,"ID":2}],[{"utility":89,"ID":5},{"utility":32,"ID":24}],[{"utility":60,"ID":6},{"utility":97,"ID":16}],[{"utility":94,"ID":4},{"utility":75,"ID":20}],[{"utility":0,"ID":18}],[{"utility":0,"ID":23}],[{"utility":91,"ID":8},{"utility":23,"ID":21}],[{"utility":73,"ID":10},{"utility":36,"ID":22}],[{"utility":0,"ID":17}],[],[{"utility":96,"ID":3},{"utility":29,"ID":13}],[{"utility":0,"ID":12}],[],[],[],[],[],[],[],[]],"STARTING COALITION: ":[[null],[{"utility":7,"ID":7},{"utility":91,"ID":19}],[{"utility":0,"ID":5}],[{"utility":0,"ID":23}],[{"utility":48.666666666666664,"ID":2},{"utility":5,"ID":6},{"utility":3.3333333333333335,"ID":9},{"utility":42,"ID":24}],[{"utility":74,"ID":14},{"utility":42,"ID":15},{"utility":50,"ID":25}],[{"utility":36.5,"ID":1},{"utility":40.5,"ID":18},{"utility":60.5,"ID":22}],[{"utility":17,"ID":12},{"utility":54,"ID":20}],[{"utility":0,"ID":21}],[{"utility":0,"ID":8}],[{"utility":44.5,"ID":11},{"utility":29,"ID":16},{"utility":77,"ID":17}],[{"utility":67,"ID":4},{"utility":94,"ID":13}],[{"utility":0,"ID":3},{"utility":81,"ID":10}],[],[],[],[],[],[],[],[],[],[],[],[],[]],"CORE :":false,"LAST PARTITION":{"22":13,"23":11,"24":7,"25":2,"10":13,"11":4,"12":17,"13":16,"14":5,"15":3,"16":8,"17":14,"18":10,"19":1,"1":6,"2":6,"3":16,"4":9,"5":7,"6":8,"7":4,"8":12,"9":2,"20":9,"21":12}},{"STARTING PARTITION: ":{"22":1,"23":4,"24":1,"25":7,"10":11,"11":6,"12":12,"13":1,"14":10,"15":1,"16":2,"17":7,"18":5,"19":6,"1":10,"2":9,"3":7,"4":8,"5":6,"6":7,"7":6,"8":12,"9":6,"20":2,"21":4},"Agents":[null,{"utility":0,"ID":1},{"utility":17,"ID":2},{"utility":96,"ID":3},{"utility":94,"ID":4},{"utility":89,"ID":5},{"utility":60,"ID":6},{"utility":91,"ID":7},{"utility":65,"ID":8},{"utility":97,"ID":9},{"utility":73,"ID":10},{"utility":77,"ID":11},{"utility":10,"ID":12},{"utility":29,"ID":13},{"utility":0,"ID":14},{"utility":89,"ID":15},{"utility":97,"ID":16},{"utility":60,"ID":17},{"utility":0,"ID":18},{"utility":0,"ID":19},{"utility":75,"ID":20},{"utility":53,"ID":21},{"utility":36,"ID":22},{"utility":60,"ID":23},{"utility":32,"ID":24},{"utility":27,"ID":25}],"LAST COALITION":[[],[{"utility":0,"ID":1}],[{"utility":60,"ID":6},{"utility":97,"ID":16}],[{"utility":65,"ID":8},{"utility":89,"ID":15}],[{"utility":53,"ID":21},{"utility":60,"ID":23}],[{"utility":89,"ID":5},{"utility":32,"ID":24}],[{"utility":97,"ID":9},{"utility":0,"ID":19}],[{"utility":60,"ID":17},{"utility":27,"ID":25}],[{"utility":0,"ID":14}],[{"utility":73,"ID":10},{"utility":36,"ID":22}],[{"utility":17,"ID":2},{"utility":10,"ID":12}],[{"utility":94,"ID":4},{"utility":75,"ID":20}],[{"utility":0,"ID":18}],[{"utility":96,"ID":3},{"utility":29,"ID":13}],[],[{"utility":91,"ID":7},{"utility":77,"ID":11}],[],[],[],[],[],[],[],[],[],[]],"STARTING COALITION: ":[[null],[{"utility":33.666666666666664,"ID":13},{"utility":45,"ID":15},{"utility":16.333333333333332,"ID":22},{"utility":4.666666666666667,"ID":24}],[{"utility":0,"ID":16},{"utility":52,"ID":20}],[],[{"utility":53,"ID":21},{"utility":60,"ID":23}],[{"utility":0,"ID":18}],[{"utility":27,"ID":5},{"utility":36.75,"ID":7},{"utility":45.5,"ID":9},{"utility":47,"ID":11},{"utility":41.25,"ID":19}],[{"utility":45,"ID":3},{"utility":49.666666666666664,"ID":6},{"utility":74,"ID":17},{"utility":11.666666666666666,"ID":25}],[{"utility":0,"ID":4}],[{"utility":0,"ID":2}],[{"utility":0,"ID":1},{"utility":77,"ID":14}],[{"utility":0,"ID":10}],[{"utility":41,"ID":8},{"utility":43,"ID":12}],[],[],[],[],[],[],[],[],[],[],[],[],[]],"CORE :":false,"LAST PARTITION":{"22":9,"23":4,"24":5,"25":7,"10":9,"11":15,"12":10,"13":13,"14":8,"15":3,"16":2,"17":7,"18":12,"19":6,"1":1,"2":10,"3":13,"4":11,"5":5,"6":2,"7":15,"8":3,"9":6,"20":11,"21":4}},{"STARTING PARTITION: ":{"22":10,"23":7,"24":8,"25":12,"10":6,"11":9,"12":9,"13":5,"14":6,"15":3,"16":7,"17":3,"18":8,"19":2,"1":8,"2":11,"3":8,"4":10,"5":5,"6":10,"7":5,"8":6,"9":7,"20":4,"21":10},"Agents":[null,{"utility":89,"ID":1},{"utility":0,"ID":2},{"utility":96,"ID":3},{"utility":94,"ID":4},{"utility":56,"ID":5},{"utility":13,"ID":6},{"utility":0,"ID":7},{"utility":21,"ID":8},{"utility":0,"ID":9},{"utility":87,"ID":10},{"utility":40,"ID":11},{"utility":0,"ID":12},{"utility":29,"ID":13},{"utility":0,"ID":14},{"utility":23,"ID":15},{"utility":69,"ID":16},{"utility":53,"ID":17},{"utility":79,"ID":18},{"utility":0,"ID":19},{"utility":75,"ID":20},{"utility":2.5,"ID":21},{"utility":49,"ID":22},{"utility":93,"ID":23},{"utility":76,"ID":24},{"utility":0,"ID":25}],"LAST COALITION":[[],[{"utility":56,"ID":5},{"utility":21,"ID":8}],[{"utility":0,"ID":19}],[{"utility":23,"ID":15},{"utility":53,"ID":17}],[{"utility":0,"ID":2}],[{"utility":0,"ID":7}],[{"utility":87,"ID":10},{"utility":0,"ID":14}],[{"utility":69,"ID":16},{"utility":93,"ID":23}],[{"utility":79,"ID":18},{"utility":76,"ID":24}],[{"utility":0,"ID":12}],[{"utility":13,"ID":6},{"utility":2.5,"ID":21},{"utility":49,"ID":22}],[{"utility":0,"ID":9}],[{"utility":0,"ID":25}],[{"utility":94,"ID":4},{"utility":75,"ID":20}],[{"utility":96,"ID":3},{"utility":29,"ID":13}],[],[{"utility":89,"ID":1},{"utility":40,"ID":11}],[],[],[],[],[],[],[],[],[]],"STARTING COALITION: ":[[null],[],[{"utility":0,"ID":19}],[{"utility":23,"ID":15},{"utility":53,"ID":17}],[{"utility":0,"ID":20}],[{"utility":16,"ID":5},{"utility":34.5,"ID":7},{"utility":35,"ID":13}],[{"utility":10.5,"ID":8},{"utility":79.5,"ID":10},{"utility":0,"ID":14}],[{"utility":40.5,"ID":9},{"utility":44.5,"ID":16},{"utility":46.5,"ID":23}],[{"utility":33,"ID":1},{"utility":39.333333333333336,"ID":3},{"utility":58.666666666666664,"ID":18},{"utility":27.333333333333332,"ID":24}],[{"utility":16,"ID":11},{"utility":0,"ID":12}],[{"utility":6.666666666666667,"ID":4},{"utility":37.333333333333336,"ID":6},{"utility":1.6666666666666667,"ID":21},{"utility":33.666666666666664,"ID":22}],[{"utility":0,"ID":2}],[{"utility":0,"ID":25}],[],[],[],[],[],[],[],[],[],[],[],[],[]],"CORE :":false,"LAST PARTITION":{"22":10,"23":7,"24":8,"25":12,"10":6,"11":16,"12":9,"13":14,"14":6,"15":3,"16":7,"17":3,"18":8,"19":2,"1":16,"2":4,"3":14,"4":13,"5":1,"6":10,"7":5,"8":1,"9":11,"20":13,"21":10}},{"STARTING PARTITION: ":{"22":9,"23":3,"24":12,"25":12,"10":12,"11":3,"12":10,"13":12,"14":3,"15":7,"16":12,"17":3,"18":11,"19":9,"1":9,"2":10,"3":8,"4":8,"5":12,"6":4,"7":3,"8":1,"9":6,"20":11,"21":9},"Agents":[null,{"utility":89,"ID":1},{"utility":0,"ID":2},{"utility":84,"ID":3},{"utility":90,"ID":4},{"utility":65,"ID":5},{"utility":7,"ID":6},{"utility":57.333333333333336,"ID":7},{"utility":95,"ID":8},{"utility":0,"ID":9},{"utility":55.75,"ID":10},{"utility":40,"ID":11},{"utility":0,"ID":12},{"utility":30,"ID":13},{"utility":36.333333333333336,"ID":14},{"utility":98,"ID":15},{"utility":54.75,"ID":16},{"utility":53,"ID":17},{"utility":25,"ID":18},{"utility":4,"ID":19},{"utility":85,"ID":20},{"utility":31.5,"ID":21},{"utility":82,"ID":22},{"utility":46.666666666666664,"ID":23},{"utility":34.25,"ID":24},{"utility":31.5,"ID":25}],"LAST COALITION":[[],[{"utility":0,"ID":2}],[{"utility":65,"ID":5},{"utility":7,"ID":6}],[{"utility":57.333333333333336,"ID":7},{"utility":36.333333333333336,"ID":14},{"utility":53,"ID":17},{"utility":46.666666666666664,"ID":23}],[{"utility":0,"ID":12}],[{"utility":89,"ID":1},{"utility":40,"ID":11}],[{"utility":84,"ID":3},{"utility":98,"ID":15}],[{"utility":90,"ID":4},{"utility":95,"ID":8}],[],[{"utility":4,"ID":19},{"utility":31.5,"ID":21},{"utility":82,"ID":22}],[],[{"utility":25,"ID":18},{"utility":85,"ID":20}],[{"utility":55.75,"ID":10},{"utility":30,"ID":13},{"utility":54.75,"ID":16},{"utility":34.25,"ID":24},{"utility":31.5,"ID":25}],[{"utility":0,"ID":9}],[],[],[],[],[],[],[],[],[],[],[],[]],"STARTING COALITION: ":[[null],[{"utility":0,"ID":8}],[],[{"utility":65.75,"ID":7},{"utility":36.75,"ID":11},{"utility":46.75,"ID":14},{"utility":55.75,"ID":17},{"utility":43.5,"ID":23}],[{"utility":0,"ID":6}],[],[{"utility":0,"ID":9}],[{"utility":0,"ID":15}],[{"utility":27,"ID":3},{"utility":82,"ID":4}],[{"utility":27.333333333333332,"ID":1},{"utility":35.666666666666664,"ID":19},{"utility":46,"ID":21},{"utility":67,"ID":22}],[{"utility":17,"ID":2},{"utility":10,"ID":12}],[{"utility":25,"ID":18},{"utility":85,"ID":20}],[{"utility":47.8,"ID":5},{"utility":53.8,"ID":10},{"utility":33.4,"ID":13},{"utility":43.8,"ID":16},{"utility":33.8,"ID":24},{"utility":28.6,"ID":25}],[],[],[],[],[],[],[],[],[],[],[],[],[]],"CORE :":false,"LAST PARTITION":{"22":9,"23":3,"24":12,"25":12,"10":12,"11":5,"12":4,"13":12,"14":3,"15":6,"16":12,"17":3,"18":11,"19":9,"1":5,"2":1,"3":6,"4":7,"5":2,"6":2,"7":3,"8":7,"9":13,"20":11,"21":9}},{"STARTING PARTITION: ":{"22":12,"23":10,"24":3,"25":9,"10":6,"11":1,"12":11,"13":6,"14":3,"15":10,"16":2,"17":2,"18":3,"19":3,"1":11,"2":7,"3":7,"4":12,"5":10,"6":1,"7":10,"8":3,"9":12,"20":5,"21":12},"Agents":[null,{"utility":89,"ID":1},{"utility":98,"ID":2},{"utility":96,"ID":3},{"utility":94,"ID":4},{"utility":75,"ID":5},{"utility":75,"ID":6},{"utility":86,"ID":7},{"utility":65,"ID":8},{"utility":0,"ID":9},{"utility":46,"ID":10},{"utility":40,"ID":11},{"utility":0,"ID":12},{"utility":29,"ID":13},{"utility":73,"ID":14},{"utility":89,"ID":15},{"utility":32,"ID":16},{"utility":90,"ID":17},{"utility":55.5,"ID":18},{"utility":26,"ID":19},{"utility":75,"ID":20},{"utility":0,"ID":21},{"utility":98,"ID":22},{"utility":5,"ID":23},{"utility":64,"ID":24},{"utility":8,"ID":25}],"LAST COALITION":[[],[{"utility":65,"ID":8},{"utility":89,"ID":15}],[{"utility":32,"ID":16},{"utility":90,"ID":17}],[{"utility":55.5,"ID":18},{"utility":26,"ID":19},{"utility":64,"ID":24}],[{"utility":0,"ID":12}],[{"utility":75,"ID":5},{"utility":73,"ID":14}],[{"utility":75,"ID":6},{"utility":8,"ID":25}],[{"utility":89,"ID":1},{"utility":40,"ID":11}],[{"utility":96,"ID":3},{"utility":29,"ID":13}],[{"utility":86,"ID":7},{"utility":5,"ID":23}],[],[],[{"utility":0,"ID":21},{"utility":98,"ID":22}],[{"utility":0,"ID":9}],[{"utility":98,"ID":2},{"utility":46,"ID":10}],[{"utility":94,"ID":4},{"utility":75,"ID":20}],[],[],[],[],[],[],[],[],[],[]],"STARTING COALITION: ":[[null],[{"utility":0,"ID":6},{"utility":15,"ID":11}],[{"utility":32,"ID":16},{"utility":90,"ID":17}],[{"utility":16.75,"ID":8},{"utility":24.25,"ID":14},{"utility":50.25,"ID":18},{"utility":53.25,"ID":19},{"utility":46.5,"ID":24}],[],[{"utility":0,"ID":20}],[{"utility":20,"ID":10},{"utility":63,"ID":13}],[{"utility":42,"ID":2},{"utility":55,"ID":3}],[],[{"utility":0,"ID":25}],[{"utility":15.333333333333334,"ID":5},{"utility":29.666666666666668,"ID":7},{"utility":48.666666666666664,"ID":15},{"utility":9,"ID":23}],[{"utility":78,"ID":1},{"utility":61,"ID":12}],[{"utility":12.333333333333334,"ID":4},{"utility":61.666666666666664,"ID":9},{"utility":8,"ID":21},{"utility":39.333333333333336,"ID":22}],[],[],[],[],[],[],[],[],[],[],[],[],[]],"CORE :":false,"LAST PARTITION":{"22":12,"23":9,"24":3,"25":6,"10":14,"11":7,"12":4,"13":8,"14":5,"15":1,"16":2,"17":2,"18":3,"19":3,"1":7,"2":14,"3":8,"4":15,"5":5,"6":6,"7":9,"8":1,"9":13,"20":15,"21":12}},{"STARTING PARTITION: ":{"22":6,"23":4,"24":9,"25":6,"10":2,"11":4,"12":10,"13":6,"14":10,"15":3,"16":4,"17":6,"18":5,"19":8,"1":12,"2":7,"3":12,"4":12,"5":7,"6":6,"7":10,"8":6,"9":9,"20":5,"21":11},"Agents":[null,{"utility":92,"ID":1},{"utility":5,"ID":2},{"utility":96,"ID":3},{"utility":94,"ID":4},{"utility":89,"ID":5},{"utility":60,"ID":6},{"utility":91,"ID":7},{"utility":65,"ID":8},{"utility":88,"ID":9},{"utility":75,"ID":10},{"utility":77,"ID":11},{"utility":0,"ID":12},{"utility":29,"ID":13},{"utility":0,"ID":14},{"utility":89,"ID":15},{"utility":97,"ID":16},{"utility":40,"ID":17},{"utility":0,"ID":18},{"utility":0,"ID":19},{"utility":75,"ID":20},{"utility":24,"ID":21},{"utility":11,"ID":22},{"utility":0,"ID":23},{"utility":32,"ID":24},{"utility":48,"ID":25}],"LAST COALITION":[[],[],[{"utility":65,"ID":8},{"utility":89,"ID":15}],[{"utility":75,"ID":10},{"utility":48,"ID":25}],[{"utility":88,"ID":9},{"utility":24,"ID":21}],[{"utility":89,"ID":5},{"utility":32,"ID":24}],[{"utility":40,"ID":17},{"utility":11,"ID":22}],[{"utility":0,"ID":18}],[{"utility":0,"ID":19}],[{"utility":91,"ID":7},{"utility":77,"ID":11}],[{"utility":60,"ID":6},{"utility":97,"ID":16}],[{"utility":0,"ID":23}],[{"utility":0,"ID":12}],[{"utility":92,"ID":1},{"utility":5,"ID":2}],[{"utility":96,"ID":3},{"utility":29,"ID":13}],[{"utility":0,"ID":14}],[{"utility":94,"ID":4},{"utility":75,"ID":20}],[],[],[],[],[],[],[],[],[]],"STARTING COALITION: ":[[null],[],[{"utility":0,"ID":10}],[{"utility":0,"ID":15}],[{"utility":26.5,"ID":11},{"utility":47.5,"ID":16},{"utility":63.5,"ID":23}],[{"utility":25,"ID":18},{"utility":85,"ID":20}],[{"utility":56,"ID":6},{"utility":40.6,"ID":8},{"utility":9.6,"ID":13},{"utility":55.8,"ID":17},{"utility":33.6,"ID":22},{"utility":21.4,"ID":25}],[{"utility":90,"ID":2},{"utility":35,"ID":5}],[{"utility":0,"ID":19}],[{"utility":0,"ID":9},{"utility":28,"ID":24}],[{"utility":46,"ID":7},{"utility":61,"ID":12},{"utility":38,"ID":14}],[{"utility":0,"ID":21}],[{"utility":12.5,"ID":1},{"utility":38,"ID":3},{"utility":79.5,"ID":4}],[],[],[],[],[],[],[],[],[],[],[],[],[]],"CORE :":false,"LAST PARTITION":{"22":6,"23":11,"24":5,"25":3,"10":3,"11":9,"12":12,"13":14,"14":15,"15":2,"16":10,"17":6,"18":7,"19":8,"1":13,"2":13,"3":14,"4":16,"5":5,"6":10,"7":9,"8":2,"9":4,"20":16,"21":4}},{"STARTING PARTITION: ":{"22":10,"23":10,"24":4,"25":6,"10":5,"11":11,"12":1,"13":7,"14":9,"15":6,"16":11,"17":4,"18":4,"19":10,"1":4,"2":1,"3":1,"4":5,"5":2,"6":10,"7":4,"8":11,"9":8,"20":4,"21":4},"Agents":[null,{"utility":0,"ID":1},{"utility":90,"ID":2},{"utility":96,"ID":3},{"utility":90,"ID":4},{"utility":35,"ID":5},{"utility":60,"ID":6},{"utility":91,"ID":7},{"utility":95,"ID":8},{"utility":0,"ID":9},{"utility":75,"ID":10},{"utility":77,"ID":11},{"utility":0,"ID":12},{"utility":29,"ID":13},{"utility":0,"ID":14},{"utility":0,"ID":15},{"utility":97,"ID":16},{"utility":20.75,"ID":17},{"utility":54.5,"ID":18},{"utility":2,"ID":19},{"utility":88,"ID":20},{"utility":30.75,"ID":21},{"utility":80,"ID":22},{"utility":50.5,"ID":23},{"utility":36,"ID":24},{"utility":48,"ID":25}],"LAST COALITION":[[],[{"utility":60,"ID":6},{"utility":97,"ID":16}],[{"utility":0,"ID":9}],[{"utility":90,"ID":2},{"utility":35,"ID":5}],[{"utility":20.75,"ID":17},{"utility":54.5,"ID":18},{"utility":88,"ID":20},{"utility":30.75,"ID":21},{"utility":36,"ID":24}],[{"utility":91,"ID":7},{"utility":77,"ID":11}],[],[{"utility":90,"ID":4},{"utility":95,"ID":8}],[{"utility":0,"ID":15}],[{"utility":0,"ID":14}],[{"utility":2,"ID":19},{"utility":80,"ID":22},{"utility":50.5,"ID":23}],[{"utility":96,"ID":3},{"utility":29,"ID":13}],[{"utility":75,"ID":10},{"utility":48,"ID":25}],[{"utility":0,"ID":12}],[{"utility":0,"ID":1}],[],[],[],[],[],[],[],[],[],[],[]],"STARTING COALITION: ":[[null],[{"utility":29.5,"ID":2},{"utility":41.5,"ID":3},{"utility":14,"ID":12}],[{"utility":0,"ID":5}],[],[{"utility":48.333333333333336,"ID":1},{"utility":44.166666666666664,"ID":7},{"utility":30.166666666666668,"ID":17},{"utility":58,"ID":18},{"utility":72.5,"ID":20},{"utility":33,"ID":21},{"utility":29.833333333333332,"ID":24}],[{"utility":36,"ID":4},{"utility":22,"ID":10}],[{"utility":10,"ID":15},{"utility":86,"ID":25}],[{"utility":0,"ID":13}],[{"utility":0,"ID":9}],[{"utility":0,"ID":14}],[{"utility":34.333333333333336,"ID":6},{"utility":1.3333333333333333,"ID":19},{"utility":53.333333333333336,"ID":22},{"utility":43,"ID":23}],[{"utility":26.5,"ID":8},{"utility":62,"ID":11},{"utility":53.5,"ID":16}],[],[],[],[],[],[],[],[],[],[],[],[],[],[]],"CORE :":false,"LAST PARTITION":{"22":10,"23":10,"24":4,"25":12,"10":12,"11":5,"12":13,"13":11,"14":9,"15":8,"16":1,"17":4,"18":4,"19":10,"1":14,"2":3,"3":11,"4":7,"5":3,"6":1,"7":5,"8":7,"9":2,"20":4,"21":4}},{"STARTING PARTITION: ":{"22":6,"23":1,"24":5,"25":2,"10":4,"11":10,"12":12,"13":8,"14":12,"15":1,"16":6,"17":4,"18":7,"19":7,"1":5,"2":4,"3":6,"4":1,"5":7,"6":10,"7":2,"8":11,"9":10,"20":4,"21":12},"Agents":[null,{"utility":73,"ID":1},{"utility":98,"ID":2},{"utility":0,"ID":3},{"utility":94,"ID":4},{"utility":89,"ID":5},{"utility":75,"ID":6},{"utility":91,"ID":7},{"utility":91,"ID":8},{"utility":71,"ID":9},{"utility":46,"ID":10},{"utility":77,"ID":11},{"utility":85,"ID":12},{"utility":89,"ID":13},{"utility":76,"ID":14},{"utility":0,"ID":15},{"utility":55,"ID":16},{"utility":0,"ID":17},{"utility":0,"ID":18},{"utility":0,"ID":19},{"utility":75,"ID":20},{"utility":23,"ID":21},{"utility":59,"ID":22},{"utility":3,"ID":23},{"utility":32,"ID":24},{"utility":8,"ID":25}],"LAST COALITION":[[],[{"utility":0,"ID":18}],[{"utility":73,"ID":1},{"utility":3,"ID":23}],[{"utility":91,"ID":7},{"utility":77,"ID":11}],[{"utility":91,"ID":8},{"utility":23,"ID":21}],[{"utility":71,"ID":9},{"utility":89,"ID":13}],[{"utility":55,"ID":16},{"utility":59,"ID":22}],[{"utility":0,"ID":19}],[{"utility":0,"ID":17}],[{"utility":75,"ID":6},{"utility":8,"ID":25}],[{"utility":0,"ID":15}],[{"utility":94,"ID":4},{"utility":75,"ID":20}],[{"utility":85,"ID":12},{"utility":76,"ID":14}],[{"utility":98,"ID":2},{"utility":46,"ID":10}],[],[{"utility":0,"ID":3}],[{"utility":89,"ID":5},{"utility":32,"ID":24}],[],[],[],[],[],[],[],[],[]],"STARTING COALITION: ":[[null],[{"utility":38,"ID":4},{"utility":43.5,"ID":15},{"utility":12,"ID":23}],[{"utility":17,"ID":7},{"utility":0,"ID":25}],[],[{"utility":65.33333333333333,"ID":2},{"utility":48.333333333333336,"ID":10},{"utility":36,"ID":17},{"utility":38,"ID":20}],[{"utility":67,"ID":1},{"utility":0,"ID":24}],[{"utility":69.5,"ID":3},{"utility":27.5,"ID":16},{"utility":29.5,"ID":22}],[{"utility":75.5,"ID":5},{"utility":32.5,"ID":18},{"utility":63,"ID":19}],[{"utility":0,"ID":13}],[],[{"utility":0.5,"ID":6},{"utility":15,"ID":9},{"utility":36.5,"ID":11}],[{"utility":0,"ID":8}],[{"utility":67.5,"ID":12},{"utility":67,"ID":14},{"utility":0,"ID":21}],[],[],[],[],[],[],[],[],[],[],[],[],[]],"CORE :":false,"LAST PARTITION":{"22":6,"23":2,"24":16,"25":9,"10":13,"11":3,"12":12,"13":5,"14":12,"15":10,"16":6,"17":8,"18":1,"19":7,"1":2,"2":13,"3":15,"4":11,"5":16,"6":9,"7":3,"8":4,"9":5,"20":11,"21":4}},{"STARTING PARTITION: ":{"22":7,"23":2,"24":7,"25":7,"10":7,"11":7,"12":1,"13":11,"14":10,"15":5,"16":5,"17":8,"18":5,"19":5,"1":7,"2":5,"3":7,"4":3,"5":2,"6":2,"7":5,"8":1,"9":9,"20":10,"21":11},"Agents":[null,{"utility":98,"ID":1},{"utility":92,"ID":2},{"utility":96,"ID":3},{"utility":94,"ID":4},{"utility":81,"ID":5},{"utility":0,"ID":6},{"utility":86,"ID":7},{"utility":41,"ID":8},{"utility":88,"ID":9},{"utility":74,"ID":10},{"utility":90,"ID":11},{"utility":43,"ID":12},{"utility":29,"ID":13},{"utility":0,"ID":14},{"utility":0,"ID":15},{"utility":9,"ID":16},{"utility":50,"ID":17},{"utility":33,"ID":18},{"utility":0,"ID":19},{"utility":75,"ID":20},{"utility":24,"ID":21},{"utility":50,"ID":22},{"utility":5,"ID":23},{"utility":82,"ID":24},{"utility":58,"ID":25}],"LAST COALITION":[[],[{"utility":81,"ID":5},{"utility":33,"ID":18}],[{"utility":88,"ID":9},{"utility":24,"ID":21}],[{"utility":90,"ID":11},{"utility":82,"ID":24}],[{"utility":92,"ID":2},{"utility":50,"ID":17}],[{"utility":0,"ID":19}],[{"utility":0,"ID":14}],[{"utility":74,"ID":10},{"utility":50,"ID":22},{"utility":58,"ID":25}],[],[{"utility":0,"ID":15}],[{"utility":41,"ID":8},{"utility":43,"ID":12}],[{"utility":98,"ID":1},{"utility":9,"ID":16}],[{"utility":94,"ID":4},{"utility":75,"ID":20}],[{"utility":96,"ID":3},{"utility":29,"ID":13}],[{"utility":86,"ID":7},{"utility":5,"ID":23}],[{"utility":0,"ID":6}],[],[],[],[],[],[],[],[],[],[]],"STARTING COALITION: ":[[null],[{"utility":41,"ID":8},{"utility":43,"ID":12}],[{"utility":44,"ID":5},{"utility":26.5,"ID":6},{"utility":14,"ID":23}],[{"utility":0,"ID":4}],[],[{"utility":46.6,"ID":2},{"utility":40.2,"ID":7},{"utility":42.4,"ID":15},{"utility":55,"ID":16},{"utility":47.8,"ID":18},{"utility":67.8,"ID":19}],[],[{"utility":50.833333333333336,"ID":1},{"utility":54.5,"ID":3},{"utility":46,"ID":10},{"utility":37.666666666666664,"ID":11},{"utility":26,"ID":22},{"utility":23.5,"ID":24},{"utility":29,"ID":25}],[{"utility":0,"ID":17}],[{"utility":0,"ID":9}],[{"utility":67,"ID":14},{"utility":11,"ID":20}],[{"utility":22,"ID":13},{"utility":0,"ID":21}],[],[],[],[],[],[],[],[],[],[],[],[],[],[]],"CORE :":false,"LAST PARTITION":{"22":7,"23":14,"24":3,"25":7,"10":7,"11":3,"12":10,"13":13,"14":6,"15":9,"16":11,"17":4,"18":1,"19":5,"1":11,"2":4,"3":13,"4":12,"5":1,"6":15,"7":14,"8":10,"9":2,"20":12,"21":2}},{"STARTING PARTITION: ":{"22":6,"23":7,"24":2,"25":1,"10":2,"11":4,"12":10,"13":6,"14":2,"15":5,"16":8,"17":8,"18":2,"19":1,"1":1,"2":10,"3":12,"4":2,"5":3,"6":7,"7":5,"8":8,"9":1,"20":7,"21":8},"Agents":[null,{"utility":53,"ID":1},{"utility":89,"ID":2},{"utility":96,"ID":3},{"utility":94,"ID":4},{"utility":84,"ID":5},{"utility":46,"ID":6},{"utility":40,"ID":7},{"utility":0,"ID":8},{"utility":95,"ID":9},{"utility":57.666666666666664,"ID":10},{"utility":0,"ID":11},{"utility":0,"ID":12},{"utility":29,"ID":13},{"utility":32.333333333333336,"ID":14},{"utility":0,"ID":15},{"utility":27,"ID":16},{"utility":65,"ID":17},{"utility":52.333333333333336,"ID":18},{"utility":30,"ID":19},{"utility":75,"ID":20},{"utility":47.5,"ID":21},{"utility":0,"ID":22},{"utility":28,"ID":23},{"utility":34.666666666666664,"ID":24},{"utility":9,"ID":25}],"LAST COALITION":[[],[{"utility":95,"ID":9},{"utility":30,"ID":19},{"utility":9,"ID":25}],[{"utility":57.666666666666664,"ID":10},{"utility":32.333333333333336,"ID":14},{"utility":52.333333333333336,"ID":18},{"utility":34.666666666666664,"ID":24}],[{"utility":89,"ID":2},{"utility":40,"ID":7}],[{"utility":0,"ID":11}],[{"utility":0,"ID":15}],[{"utility":0,"ID":22}],[{"utility":46,"ID":6},{"utility":28,"ID":23}],[{"utility":27,"ID":16},{"utility":65,"ID":17},{"utility":47.5,"ID":21}],[{"utility":94,"ID":4},{"utility":75,"ID":20}],[{"utility":0,"ID":12}],[{"utility":53,"ID":1},{"utility":84,"ID":5}],[{"utility":96,"ID":3},{"utility":29,"ID":13}],[{"utility":0,"ID":8}],[],[],[],[],[],[],[],[],[],[],[],[]],"STARTING COALITION: ":[[null],[{"utility":30.333333333333332,"ID":1},{"utility":76.66666666666667,"ID":9},{"utility":53,"ID":19},{"utility":6,"ID":25}],[{"utility":43.75,"ID":4},{"utility":48.75,"ID":10},{"utility":33.25,"ID":14},{"utility":52.5,"ID":18},{"utility":26,"ID":24}],[{"utility":0,"ID":5}],[{"utility":0,"ID":11}],[{"utility":0,"ID":7},{"utility":96,"ID":15}],[{"utility":20,"ID":13},{"utility":0,"ID":22}],[{"utility":33,"ID":6},{"utility":63,"ID":20},{"utility":55,"ID":23}],[{"utility":49,"ID":8},{"utility":45,"ID":16},{"utility":75.66666666666667,"ID":17},{"utility":39.333333333333336,"ID":21}],[],[{"utility":17,"ID":2},{"utility":10,"ID":12}],[],[{"utility":0,"ID":3}],[],[],[],[],[],[],[],[],[],[],[],[],[]],"CORE :":false,"LAST PARTITION":{"22":6,"23":7,"24":2,"25":1,"10":2,"11":4,"12":10,"13":12,"14":2,"15":5,"16":8,"17":8,"18":2,"19":1,"1":11,"2":3,"3":12,"4":9,"5":11,"6":7,"7":3,"8":13,"9":1,"20":9,"21":8}},{"STARTING PARTITION: ":{"22":10,"23":7,"24":6,"25":7,"10":11,"11":3,"12":6,"13":2,"14":9,"15":9,"16":1,"17":9,"18":11,"19":8,"1":8,"2":2,"3":8,"4":12,"5":8,"6":6,"7":10,"8":3,"9":2,"20":3,"21":11},"Agents":[null,{"utility":98,"ID":1},{"utility":98,"ID":2},{"utility":96,"ID":3},{"utility":94,"ID":4},{"utility":81,"ID":5},{"utility":0,"ID":6},{"utility":0,"ID":7},{"utility":53,"ID":8},{"utility":88,"ID":9},{"utility":46,"ID":10},{"utility":82,"ID":11},{"utility":88,"ID":12},{"utility":29,"ID":13},{"utility":0,"ID":14},{"utility":0,"ID":15},{"utility":9,"ID":16},{"utility":0,"ID":17},{"utility":33,"ID":18},{"utility":0,"ID":19},{"utility":75,"ID":20},{"utility":24,"ID":21},{"utility":0,"ID":22},{"utility":53,"ID":23},{"utility":33,"ID":24},{"utility":40,"ID":25}],"LAST COALITION":[[],[{"utility":94,"ID":4},{"utility":75,"ID":20}],[{"utility":53,"ID":8},{"utility":82,"ID":11}],[{"utility":0,"ID":15}],[{"utility":98,"ID":2},{"utility":46,"ID":10}],[{"utility":0,"ID":17}],[{"utility":88,"ID":12},{"utility":33,"ID":24}],[{"utility":53,"ID":23},{"utility":40,"ID":25}],[{"utility":0,"ID":19}],[{"utility":98,"ID":1},{"utility":9,"ID":16}],[{"utility":0,"ID":22}],[{"utility":88,"ID":9},{"utility":24,"ID":21}],[{"utility":0,"ID":14}],[{"utility":0,"ID":7}],[{"utility":96,"ID":3},{"utility":29,"ID":13}],[{"utility":0,"ID":6}],[{"utility":81,"ID":5},{"utility":33,"ID":18}],[],[],[],[],[],[],[],[],[]],"STARTING COALITION: ":[[null],[{"utility":0,"ID":16}],[{"utility":66,"ID":2},{"utility":35.5,"ID":9},{"utility":55,"ID":13}],[{"utility":52,"ID":8},{"utility":59.5,"ID":11},{"utility":14,"ID":20}],[],[],[{"utility":22,"ID":6},{"utility":71.5,"ID":12},{"utility":65.5,"ID":24}],[{"utility":53,"ID":23},{"utility":40,"ID":25}],[{"utility":26,"ID":1},{"utility":46.666666666666664,"ID":3},{"utility":51.333333333333336,"ID":5},{"utility":57.666666666666664,"ID":19}],[{"utility":71,"ID":14},{"utility":48.5,"ID":15},{"utility":49,"ID":17}],[{"utility":35,"ID":7},{"utility":90,"ID":22}],[{"utility":19.5,"ID":10},{"utility":41,"ID":18},{"utility":27,"ID":21}],[{"utility":0,"ID":4}],[],[],[],[],[],[],[],[],[],[],[],[],[]],"CORE :":false,"LAST PARTITION":{"22":10,"23":7,"24":6,"25":7,"10":4,"11":2,"12":6,"13":14,"14":12,"15":3,"16":9,"17":5,"18":16,"19":8,"1":9,"2":4,"3":14,"4":1,"5":16,"6":15,"7":13,"8":2,"9":11,"20":1,"21":11}},{"STARTING PARTITION: ":{"22":3,"23":8,"24":10,"25":11,"10":6,"11":8,"12":7,"13":10,"14":4,"15":10,"16":7,"17":1,"18":3,"19":12,"1":4,"2":4,"3":9,"4":10,"5":12,"6":3,"7":8,"8":5,"9":9,"20":1,"21":7},"Agents":[null,{"utility":98,"ID":1},{"utility":98,"ID":2},{"utility":96,"ID":3},{"utility":94,"ID":4},{"utility":89,"ID":5},{"utility":75,"ID":6},{"utility":0,"ID":7},{"utility":53,"ID":8},{"utility":0,"ID":9},{"utility":46,"ID":10},{"utility":82,"ID":11},{"utility":0,"ID":12},{"utility":29,"ID":13},{"utility":0,"ID":14},{"utility":0,"ID":15},{"utility":9,"ID":16},{"utility":0,"ID":17},{"utility":0,"ID":18},{"utility":0,"ID":19},{"utility":75,"ID":20},{"utility":0,"ID":21},{"utility":0,"ID":22},{"utility":0,"ID":23},{"utility":32,"ID":24},{"utility":8,"ID":25}],"LAST COALITION":[[],[{"utility":75,"ID":6},{"utility":8,"ID":25}],[{"utility":0,"ID":17}],[{"utility":0,"ID":22}],[{"utility":0,"ID":21}],[{"utility":94,"ID":4},{"utility":75,"ID":20}],[{"utility":0,"ID":9}],[{"utility":98,"ID":1},{"utility":9,"ID":16}],[{"utility":0,"ID":23}],[{"utility":0,"ID":18}],[{"utility":53,"ID":8},{"utility":82,"ID":11}],[{"utility":0,"ID":12}],[{"utility":0,"ID":19}],[{"utility":0,"ID":14}],[{"utility":98,"ID":2},{"utility":46,"ID":10}],[{"utility":89,"ID":5},{"utility":32,"ID":24}],[{"utility":0,"ID":7}],[{"utility":0,"ID":15}],[{"utility":96,"ID":3},{"utility":29,"ID":13}],[],[],[],[],[],[],[]],"STARTING COALITION: ":[[null],[{"utility":12,"ID":17},{"utility":96,"ID":20}],[],[{"utility":15,"ID":6},{"utility":17.5,"ID":18},{"utility":42,"ID":22}],[{"utility":46,"ID":1},{"utility":2.5,"ID":2},{"utility":74.5,"ID":14}],[{"utility":0,"ID":8}],[{"utility":0,"ID":10}],[{"utility":63,"ID":12},{"utility":11,"ID":16},{"utility":13,"ID":21}],[{"utility":88.5,"ID":7},{"utility":44,"ID":11},{"utility":19.5,"ID":23}],[{"utility":28,"ID":3},{"utility":47,"ID":9}],[{"utility":67.33333333333333,"ID":4},{"utility":58.333333333333336,"ID":13},{"utility":55.333333333333336,"ID":15},{"utility":4.666666666666667,"ID":24}],[{"utility":0,"ID":25}],[{"utility":70,"ID":5},{"utility":74,"ID":19}],[],[],[],[],[],[],[],[],[],[],[],[],[]],"CORE :":false,"LAST PARTITION":{"22":3,"23":8,"24":15,"25":1,"10":14,"11":10,"12":11,"13":18,"14":13,"15":17,"16":7,"17":2,"18":9,"19":12,"1":7,"2":14,"3":18,"4":5,"5":15,"6":1,"7":16,"8":10,"9":6,"20":5,"21":4}},{"STARTING PARTITION: ":{"22":5,"23":4,"24":4,"25":7,"10":9,"11":12,"12":12,"13":5,"14":12,"15":1,"16":8,"17":3,"18":6,"19":6,"1":10,"2":10,"3":4,"4":2,"5":9,"6":7,"7":4,"8":12,"9":2,"20":7,"21":1},"Agents":[null,{"utility":71,"ID":1},{"utility":98,"ID":2},{"utility":96,"ID":3},{"utility":94,"ID":4},{"utility":81,"ID":5},{"utility":75,"ID":6},{"utility":83,"ID":7},{"utility":65,"ID":8},{"utility":0,"ID":9},{"utility":46,"ID":10},{"utility":0,"ID":11},{"utility":85,"ID":12},{"utility":29,"ID":13},{"utility":76,"ID":14},{"utility":89,"ID":15},{"utility":32,"ID":16},{"utility":64,"ID":17},{"utility":33,"ID":18},{"utility":0,"ID":19},{"utility":75,"ID":20},{"utility":0,"ID":21},{"utility":0,"ID":22},{"utility":62,"ID":23},{"utility":49,"ID":24},{"utility":8,"ID":25}],"LAST COALITION":[[],[{"utility":0,"ID":21}],[{"utility":65,"ID":8},{"utility":89,"ID":15}],[{"utility":94,"ID":4},{"utility":75,"ID":20}],[{"utility":62,"ID":23},{"utility":49,"ID":24}],[{"utility":0,"ID":22}],[{"utility":0,"ID":19}],[{"utility":75,"ID":6},{"utility":8,"ID":25}],[{"utility":96,"ID":3},{"utility":29,"ID":13}],[{"utility":81,"ID":5},{"utility":33,"ID":18}],[{"utility":83,"ID":7},{"utility":32,"ID":16}],[],[{"utility":85,"ID":12},{"utility":76,"ID":14}],[{"utility":71,"ID":1},{"utility":64,"ID":17}],[{"utility":0,"ID":11}],[{"utility":98,"ID":2},{"utility":46,"ID":10}],[{"utility":0,"ID":9}],[],[],[],[],[],[],[],[],[]],"STARTING COALITION: ":[[null],[{"utility":64,"ID":15},{"utility":0,"ID":21}],[{"utility":17,"ID":4},{"utility":97,"ID":9}],[{"utility":0,"ID":17}],[{"utility":42.333333333333336,"ID":3},{"utility":58.333333333333336,"ID":7},{"utility":22.333333333333332,"ID":23},{"utility":30,"ID":24}],[{"utility":20,"ID":13},{"utility":0,"ID":22}],[{"utility":32,"ID":18},{"utility":52,"ID":19}],[{"utility":47.5,"ID":6},{"utility":52.5,"ID":20},{"utility":31.5,"ID":25}],[{"utility":0,"ID":16}],[{"utility":67,"ID":5},{"utility":46,"ID":10}],[{"utility":92,"ID":1},{"utility":5,"ID":2}],[],[{"utility":33.333333333333336,"ID":8},{"utility":36.666666666666664,"ID":11},{"utility":42.666666666666664,"ID":12},{"utility":51.333333333333336,"ID":14}],[],[],[],[],[],[],[],[],[],[],[],[],[]],"CORE :":false,"LAST PARTITION":{"22":5,"23":4,"24":4,"25":7,"10":15,"11":14,"12":12,"13":8,"14":12,"15":2,"16":10,"17":13,"18":9,"19":6,"1":13,"2":15,"3":8,"4":3,"5":9,"6":7,"7":10,"8":2,"9":16,"20":3,"21":1}},{"STARTING PARTITION: ":{"22":8,"23":5,"24":2,"25":12,"10":1,"11":8,"12":1,"13":11,"14":10,"15":12,"16":2,"17":11,"18":8,"19":12,"1":5,"2":6,"3":10,"4":10,"5":7,"6":6,"7":12,"8":7,"9":4,"20":1,"21":8},"Agents":[null,{"utility":78,"ID":1},{"utility":98,"ID":2},{"utility":96,"ID":3},{"utility":94,"ID":4},{"utility":81,"ID":5},{"utility":75,"ID":6},{"utility":91,"ID":7},{"utility":0,"ID":8},{"utility":0,"ID":9},{"utility":46,"ID":10},{"utility":77,"ID":11},{"utility":61,"ID":12},{"utility":29,"ID":13},{"utility":0,"ID":14},{"utility":0,"ID":15},{"utility":35,"ID":16},{"utility":0,"ID":17},{"utility":33,"ID":18},{"utility":0,"ID":19},{"utility":75,"ID":20},{"utility":0,"ID":21},{"utility":98,"ID":22},{"utility":0,"ID":23},{"utility":76,"ID":24},{"utility":8,"ID":25}],"LAST COALITION":[[],[{"utility":81,"ID":5},{"utility":33,"ID":18}],[{"utility":35,"ID":16},{"utility":76,"ID":24}],[{"utility":0,"ID":14}],[{"utility":0,"ID":15}],[{"utility":0,"ID":8}],[{"utility":91,"ID":7},{"utility":77,"ID":11}],[{"utility":75,"ID":6},{"utility":8,"ID":25}],[{"utility":0,"ID":21},{"utility":98,"ID":22}],[{"utility":96,"ID":3},{"utility":29,"ID":13}],[],[{"utility":78,"ID":1},{"utility":61,"ID":12}],[{"utility":0,"ID":19}],[{"utility":0,"ID":23}],[{"utility":94,"ID":4},{"utility":75,"ID":20}],[{"utility":0,"ID":17}],[{"utility":98,"ID":2},{"utility":46,"ID":10}],[{"utility":0,"ID":9}],[],[],[],[],[],[],[],[]],"STARTING COALITION: ":[[null],[{"utility":78,"ID":10},{"utility":15,"ID":12},{"utility":36,"ID":20}],[{"utility":35,"ID":16},{"utility":76,"ID":24}],[],[{"utility":0,"ID":9}],[{"utility":73,"ID":1},{"utility":3,"ID":23}],[{"utility":36,"ID":2},{"utility":0,"ID":6}],[{"utility":56,"ID":5},{"utility":21,"ID":8}],[{"utility":38.666666666666664,"ID":11},{"utility":36.333333333333336,"ID":18},{"utility":29.333333333333332,"ID":21},{"utility":67,"ID":22}],[],[{"utility":39,"ID":3},{"utility":41,"ID":4},{"utility":23.5,"ID":14}],[{"utility":9,"ID":13},{"utility":15,"ID":17}],[{"utility":8,"ID":7},{"utility":35.666666666666664,"ID":15},{"utility":83,"ID":19},{"utility":28.666666666666668,"ID":25}],[],[],[],[],[],[],[],[],[],[],[],[],[]],"CORE :":false,"LAST PARTITION":{"22":8,"23":13,"24":2,"25":7,"10":16,"11":6,"12":11,"13":9,"14":3,"15":4,"16":2,"17":15,"18":1,"19":12,"1":11,"2":16,"3":9,"4":14,"5":1,"6":7,"7":6,"8":5,"9":17,"20":14,"21":8}},{"END OF FILE:" : true}]