[{"STARTING PARTITION: ":{"22":6,"23":10,"24":6,"25":10,"10":5,"11":5,"12":3,"13":3,"14":10,"15":1,"16":11,"17":1,"18":5,"19":12,"1":3,"2":12,"3":2,"4":8,"5":12,"6":4,"7":11,"8":5,"9":10,"20":11,"21":7},"Agents":[null,{"utility":94,"ID":1},{"utility":91,"ID":2},{"utility":88,"ID":3},{"utility":86,"ID":4},{"utility":95,"ID":5},{"utility":97,"ID":6},{"utility":89,"ID":7},{"utility":45,"ID":8},{"utility":66,"ID":9},{"utility":69,"ID":10},{"utility":67,"ID":11},{"utility":0,"ID":12},{"utility":0,"ID":13},{"utility":94,"ID":14},{"utility":65,"ID":15},{"utility":2,"ID":16},{"utility":83,"ID":17},{"utility":96,"ID":18},{"utility":28,"ID":19},{"utility":0,"ID":20},{"utility":0,"ID":21},{"utility":85,"ID":22},{"utility":76,"ID":23},{"utility":44,"ID":24},{"utility":62,"ID":25}],"LAST COALITION":[[],[{"utility":65,"ID":15},{"utility":83,"ID":17}],[{"utility":91,"ID":2},{"utility":85,"ID":22}],[{"utility":0,"ID":13}],[],[{"utility":0,"ID":21}],[{"utility":89,"ID":7},{"utility":28,"ID":19}],[],[{"utility":88,"ID":3},{"utility":66,"ID":9}],[{"utility":97,"ID":6},{"utility":67,"ID":11}],[{"utility":94,"ID":14},{"utility":62,"ID":25}],[{"utility":2,"ID":16},{"utility":0,"ID":20}],[{"utility":0,"ID":12}],[{"utility":86,"ID":4},{"utility":76,"ID":23}],[{"utility":94,"ID":1},{"utility":44,"ID":24}],[{"utility":95,"ID":5},{"utility":96,"ID":18}],[{"utility":45,"ID":8},{"utility":69,"ID":10}],[],[],[],[],[],[],[],[],[]],"STARTING COALITION: ":[[null],[{"utility":65,"ID":15},{"utility":83,"ID":17}],[{"utility":0,"ID":3}],[{"utility":52.5,"ID":1},{"utility":48,"ID":12},{"utility":49.5,"ID":13}],[{"utility":0,"ID":6}],[{"utility":53.666666666666664,"ID":8},{"utility":45.666666666666664,"ID":10},{"utility":66.66666666666667,"ID":11},{"utility":30,"ID":18}],[{"utility":59,"ID":22},{"utility":78,"ID":24}],[{"utility":0,"ID":21}],[{"utility":0,"ID":4}],[],[{"utility":28.666666666666668,"ID":9},{"utility":61,"ID":14},{"utility":38.333333333333336,"ID":23},{"utility":50.666666666666664,"ID":25}],[{"utility":34.5,"ID":7},{"utility":45.5,"ID":16},{"utility":42,"ID":20}],[{"utility":20.5,"ID":2},{"utility":22,"ID":5},{"utility":35.5,"ID":19}],[],[],[],[],[],[],[],[],[],[],[],[],[]],"CORE :":false,"LAST PARTITION":{"22":2,"23":13,"24":14,"25":10,"10":16,"11":9,"12":12,"13":3,"14":10,"15":1,"16":11,"17":1,"18":15,"19":6,"1":14,"2":2,"3":8,"4":13,"5":15,"6":9,"7":6,"8":16,"9":8,"20":11,"21":5}},{"STARTING PARTITION: ":{"22":2,"23":8,"24":1,"25":11,"10":7,"11":9,"12":5,"13":11,"14":7,"15":6,"16":6,"17":10,"18":7,"19":2,"1":5,"2":4,"3":7,"4":12,"5":8,"6":12,"7":8,"8":12,"9":3,"20":3,"21":9},"Agents":[null,{"utility":94,"ID":1},{"utility":91,"ID":2},{"utility":88,"ID":3},{"utility":86,"ID":4},{"utility":95,"ID":5},{"utility":0,"ID":6},{"utility":89,"ID":7},{"utility":71,"ID":8},{"utility":66,"ID":9},{"utility":0,"ID":10},{"utility":99,"ID":11},{"utility":0,"ID":12},{"utility":0,"ID":13},{"utility":0,"ID":14},{"utility":24,"ID":15},{"utility":41,"ID":16},{"utility":0,"ID":17},{"utility":96,"ID":18},{"utility":28,"ID":19},{"utility":0,"ID":20},{"utility":0,"ID":21},{"utility":85,"ID":22},{"utility":76,"ID":23},{"utility":44,"ID":24},{"utility":0,"ID":25}],"LAST COALITION":[[],[{"utility":89,"ID":7},{"utility":28,"ID":19}],[{"utility":95,"ID":5},{"utility":96,"ID":18}],[{"utility":0,"ID":20}],[{"utility":71,"ID":8},{"utility":99,"ID":11}],[{"utility":0,"ID":12}],[{"utility":24,"ID":15},{"utility":41,"ID":16}],[{"utility":0,"ID":14}],[{"utility":88,"ID":3},{"utility":66,"ID":9}],[{"utility":0,"ID":10}],[{"utility":86,"ID":4},{"utility":76,"ID":23}],[],[{"utility":0,"ID":13}],[{"utility":91,"ID":2},{"utility":85,"ID":22}],[{"utility":0,"ID":21}],[{"utility":0,"ID":25}],[{"utility":94,"ID":1},{"utility":44,"ID":24}],[{"utility":0,"ID":6}],[{"utility":0,"ID":17}],[],[],[],[],[],[],[]],"STARTING COALITION: ":[[null],[{"utility":0,"ID":24}],[{"utility":11,"ID":19},{"utility":31,"ID":22}],[{"utility":44,"ID":9},{"utility":36,"ID":20}],[{"utility":0,"ID":2}],[{"utility":67,"ID":1},{"utility":37,"ID":12}],[{"utility":24,"ID":15},{"utility":41,"ID":16}],[{"utility":32.666666666666664,"ID":3},{"utility":35,"ID":10},{"utility":56,"ID":14},{"utility":61.666666666666664,"ID":18}],[{"utility":43,"ID":5},{"utility":41,"ID":7},{"utility":42,"ID":23}],[{"utility":22,"ID":11},{"utility":47,"ID":21}],[{"utility":0,"ID":17}],[{"utility":80,"ID":13},{"utility":17,"ID":25}],[{"utility":7.5,"ID":4},{"utility":50,"ID":6},{"utility":23,"ID":8}],[],[],[],[],[],[],[],[],[],[],[],[],[]],"CORE :":false,"LAST PARTITION":{"22":13,"23":10,"24":16,"25":15,"10":9,"11":4,"12":5,"13":12,"14":7,"15":6,"16":6,"17":18,"18":2,"19":1,"1":16,"2":13,"3":8,"4":10,"5":2,"6":17,"7":1,"8":4,"9":8,"20":3,"21":14}},{"STARTING PARTITION: ":{"22":6,"23":12,"24":1,"25":12,"10":4,"11":3,"12":9,"13":7,"14":8,"15":12,"16":3,"17":10,"18":2,"19":8,"1":5,"2":1,"3":7,"4":2,"5":7,"6":2,"7":5,"8":2,"9":6,"20":6,"21":2},"Agents":[null,{"utility":94,"ID":1},{"utility":91,"ID":2},{"utility":88,"ID":3},{"utility":86,"ID":4},{"utility":95,"ID":5},{"utility":97,"ID":6},{"utility":89,"ID":7},{"utility":0,"ID":8},{"utility":66,"ID":9},{"utility":0,"ID":10},{"utility":67,"ID":11},{"utility":0,"ID":12},{"utility":0,"ID":13},{"utility":0,"ID":14},{"utility":0,"ID":15},{"utility":0,"ID":16},{"utility":0,"ID":17},{"utility":96,"ID":18},{"utility":28,"ID":19},{"utility":0,"ID":20},{"utility":0,"ID":21},{"utility":85,"ID":22},{"utility":76,"ID":23},{"utility":44,"ID":24},{"utility":77,"ID":25}],"LAST COALITION":[[],[{"utility":0,"ID":10}],[{"utility":88,"ID":3},{"utility":66,"ID":9}],[{"utility":0,"ID":16}],[{"utility":0,"ID":17}],[{"utility":97,"ID":6},{"utility":67,"ID":11}],[{"utility":0,"ID":20}],[{"utility":89,"ID":7},{"utility":28,"ID":19}],[{"utility":0,"ID":21}],[{"utility":0,"ID":12}],[{"utility":86,"ID":4},{"utility":76,"ID":23}],[{"utility":91,"ID":2},{"utility":85,"ID":22}],[{"utility":0,"ID":15},{"utility":77,"ID":25}],[{"utility":0,"ID":14}],[{"utility":0,"ID":8}],[{"utility":94,"ID":1},{"utility":44,"ID":24}],[],[{"utility":95,"ID":5},{"utility":96,"ID":18}],[{"utility":0,"ID":13}],[],[],[],[],[],[],[]],"STARTING COALITION: ":[[null],[{"utility":15,"ID":2},{"utility":0,"ID":24}],[{"utility":25.75,"ID":4},{"utility":37.25,"ID":6},{"utility":22.75,"ID":8},{"utility":60.25,"ID":18},{"utility":32.5,"ID":21}],[{"utility":41,"ID":11},{"utility":42,"ID":16}],[{"utility":0,"ID":10}],[{"utility":39,"ID":1},{"utility":0,"ID":7}],[{"utility":35.5,"ID":9},{"utility":47.5,"ID":20},{"utility":48.5,"ID":22}],[{"utility":34,"ID":3},{"utility":54,"ID":5},{"utility":60.5,"ID":13}],[{"utility":0,"ID":14},{"utility":45,"ID":19}],[{"utility":0,"ID":12}],[{"utility":0,"ID":17}],[],[{"utility":7,"ID":15},{"utility":36,"ID":23},{"utility":81.5,"ID":25}],[],[],[],[],[],[],[],[],[],[],[],[],[]],"CORE :":false,"LAST PARTITION":{"22":11,"23":10,"24":15,"25":12,"10":1,"11":5,"12":9,"13":18,"14":13,"15":12,"16":3,"17":4,"18":17,"19":7,"1":15,"2":11,"3":2,"4":10,"5":17,"6":5,"7":7,"8":14,"9":2,"20":6,"21":8}},{"STARTING PARTITION: ":{"22":8,"23":3,"24":3,"25":1,"10":3,"11":8,"12":2,"13":7,"14":1,"15":8,"16":11,"17":9,"18":12,"19":4,"1":10,"2":6,"3":2,"4":11,"5":7,"6":9,"7":5,"8":4,"9":7,"20":12,"21":8},"Agents":[null,{"utility":94,"ID":1},{"utility":91,"ID":2},{"utility":0,"ID":3},{"utility":86,"ID":4},{"utility":95,"ID":5},{"utility":71,"ID":6},{"utility":89,"ID":7},{"utility":71,"ID":8},{"utility":98,"ID":9},{"utility":0,"ID":10},{"utility":99,"ID":11},{"utility":0,"ID":12},{"utility":0,"ID":13},{"utility":94,"ID":14},{"utility":16,"ID":15},{"utility":0,"ID":16},{"utility":0,"ID":17},{"utility":96,"ID":18},{"utility":28,"ID":19},{"utility":0,"ID":20},{"utility":41,"ID":21},{"utility":85,"ID":22},{"utility":76,"ID":23},{"utility":44,"ID":24},{"utility":62,"ID":25}],"LAST COALITION":[[],[{"utility":94,"ID":14},{"utility":62,"ID":25}],[{"utility":0,"ID":12}],[{"utility":71,"ID":8},{"utility":99,"ID":11}],[{"utility":0,"ID":13}],[{"utility":0,"ID":3}],[{"utility":0,"ID":10}],[{"utility":89,"ID":7},{"utility":28,"ID":19}],[{"utility":16,"ID":15},{"utility":41,"ID":21}],[{"utility":86,"ID":4},{"utility":76,"ID":23}],[{"utility":71,"ID":6},{"utility":98,"ID":9}],[{"utility":0,"ID":16}],[{"utility":0,"ID":20}],[{"utility":91,"ID":2},{"utility":85,"ID":22}],[{"utility":94,"ID":1},{"utility":44,"ID":24}],[{"utility":0,"ID":17}],[{"utility":95,"ID":5},{"utility":96,"ID":18}],[],[],[],[],[],[],[],[],[]],"STARTING COALITION: ":[[null],[{"utility":94,"ID":14},{"utility":62,"ID":25}],[{"utility":31,"ID":3},{"utility":69,"ID":12}],[{"utility":35,"ID":10},{"utility":0,"ID":23},{"utility":43,"ID":24}],[{"utility":18,"ID":8},{"utility":39,"ID":19}],[{"utility":0,"ID":7}],[{"utility":0,"ID":2}],[{"utility":77,"ID":5},{"utility":48.5,"ID":9},{"utility":60.5,"ID":13}],[{"utility":20,"ID":11},{"utility":59,"ID":15},{"utility":52.666666666666664,"ID":21},{"utility":55.666666666666664,"ID":22}],[{"utility":6,"ID":6},{"utility":92,"ID":17}],[{"utility":0,"ID":1}],[{"utility":38,"ID":4},{"utility":15,"ID":16}],[{"utility":31,"ID":18},{"utility":82,"ID":20}],[],[],[],[],[],[],[],[],[],[],[],[],[]],"CORE :":false,"LAST PARTITION":{"22":13,"23":9,"24":14,"25":1,"10":6,"11":3,"12":2,"13":4,"14":1,"15":8,"16":11,"17":15,"18":16,"19":7,"1":14,"2":13,"3":5,"4":9,"5":16,"6":10,"7":7,"8":3,"9":10,"20":12,"21":8}},{"STARTING PARTITION: ":{"22":1,"23":1,"24":12,"25":8,"10":11,"11":7,"12":7,"13":2,"14":4,"15":10,"16":3,"17":12,"18":8,"19":5,"1":9,"2":12,"3":6,"4":10,"5":3,"6":11,"7":9,"8":11,"9":6,"20":10,"21":11},"Agents":[null,{"utility":0,"ID":1},{"utility":91,"ID":2},{"utility":88,"ID":3},{"utility":86,"ID":4},{"utility":95,"ID":5},{"utility":97,"ID":6},{"utility":89,"ID":7},{"utility":96,"ID":8},{"utility":66,"ID":9},{"utility":12,"ID":10},{"utility":67,"ID":11},{"utility":0,"ID":12},{"utility":0,"ID":13},{"utility":67,"ID":14},{"utility":0,"ID":15},{"utility":0,"ID":16},{"utility":50,"ID":17},{"utility":96,"ID":18},{"utility":28,"ID":19},{"utility":0,"ID":20},{"utility":0,"ID":21},{"utility":85,"ID":22},{"utility":76,"ID":23},{"utility":62,"ID":24},{"utility":94,"ID":25}],"LAST COALITION":[[],[{"utility":0,"ID":13}],[{"utility":95,"ID":5},{"utility":96,"ID":18}],[{"utility":0,"ID":16}],[{"utility":0,"ID":15}],[{"utility":86,"ID":4},{"utility":76,"ID":23}],[{"utility":0,"ID":21}],[{"utility":97,"ID":6},{"utility":67,"ID":11}],[],[{"utility":89,"ID":7},{"utility":28,"ID":19}],[{"utility":96,"ID":8},{"utility":94,"ID":25}],[{"utility":12,"ID":10},{"utility":67,"ID":14}],[{"utility":50,"ID":17},{"utility":62,"ID":24}],[{"utility":88,"ID":3},{"utility":66,"ID":9}],[{"utility":0,"ID":20}],[{"utility":0,"ID":1}],[{"utility":0,"ID":12}],[{"utility":91,"ID":2},{"utility":85,"ID":22}],[],[],[],[],[],[],[],[]],"STARTING COALITION: ":[[null],[{"utility":20,"ID":22},{"utility":0,"ID":23}],[{"utility":0,"ID":13}],[{"utility":42,"ID":5},{"utility":76,"ID":16}],[{"utility":0,"ID":14}],[{"utility":0,"ID":19}],[{"utility":88,"ID":3},{"utility":66,"ID":9}],[{"utility":78,"ID":11},{"utility":43,"ID":12}],[{"utility":0,"ID":18},{"utility":82,"ID":25}],[{"utility":39,"ID":1},{"utility":0,"ID":7}],[{"utility":43.5,"ID":4},{"utility":5,"ID":15},{"utility":21,"ID":20}],[{"utility":8.333333333333334,"ID":6},{"utility":26,"ID":8},{"utility":53,"ID":10},{"utility":37,"ID":21}],[{"utility":7.5,"ID":2},{"utility":39.5,"ID":17},{"utility":31,"ID":24}],[],[],[],[],[],[],[],[],[],[],[],[],[]],"CORE :":false,"LAST PARTITION":{"22":17,"23":5,"24":12,"25":10,"10":11,"11":7,"12":16,"13":1,"14":11,"15":4,"16":3,"17":12,"18":2,"19":9,"1":15,"2":17,"3":13,"4":5,"5":2,"6":7,"7":9,"8":10,"9":13,"20":14,"21":6}},{"STARTING PARTITION: ":{"22":6,"23":5,"24":6,"25":10,"10":9,"11":1,"12":3,"13":12,"14":7,"15":5,"16":9,"17":12,"18":2,"19":3,"1":9,"2":9,"3":7,"4":5,"5":2,"6":8,"7":8,"8":9,"9":6,"20":8,"21":4},"Agents":[null,{"utility":83,"ID":1},{"utility":91,"ID":2},{"utility":5,"ID":3},{"utility":86,"ID":4},{"utility":95,"ID":5},{"utility":53,"ID":6},{"utility":0,"ID":7},{"utility":0,"ID":8},{"utility":77,"ID":9},{"utility":0,"ID":10},{"utility":0,"ID":11},{"utility":0,"ID":12},{"utility":0,"ID":13},{"utility":14,"ID":14},{"utility":0,"ID":15},{"utility":19,"ID":16},{"utility":44,"ID":17},{"utility":96,"ID":18},{"utility":88,"ID":19},{"utility":0,"ID":20},{"utility":0,"ID":21},{"utility":85,"ID":22},{"utility":76,"ID":23},{"utility":55,"ID":24},{"utility":0,"ID":25}],"LAST COALITION":[[],[{"utility":0,"ID":11}],[{"utility":95,"ID":5},{"utility":96,"ID":18}],[{"utility":0,"ID":12},{"utility":88,"ID":19}],[{"utility":0,"ID":21}],[{"utility":0,"ID":15}],[{"utility":77,"ID":9},{"utility":55,"ID":24}],[{"utility":5,"ID":3},{"utility":53,"ID":6}],[{"utility":0,"ID":20}],[{"utility":0,"ID":8},{"utility":19,"ID":16}],[{"utility":86,"ID":4},{"utility":76,"ID":23}],[{"utility":83,"ID":1},{"utility":14,"ID":14}],[{"utility":0,"ID":13},{"utility":44,"ID":17}],[{"utility":0,"ID":10}],[],[{"utility":91,"ID":2},{"utility":85,"ID":22}],[{"utility":0,"ID":7}],[{"utility":0,"ID":25}],[],[],[],[],[],[],[],[]],"STARTING COALITION: ":[[null],[{"utility":0,"ID":11}],[{"utility":95,"ID":5},{"utility":96,"ID":18}],[{"utility":0,"ID":12},{"utility":88,"ID":19}],[{"utility":0,"ID":21}],[{"utility":79,"ID":4},{"utility":8,"ID":15},{"utility":45,"ID":23}],[{"utility":52,"ID":9},{"utility":29.5,"ID":22},{"utility":66.5,"ID":24}],[{"utility":1,"ID":3},{"utility":36,"ID":14}],[{"utility":30.5,"ID":6},{"utility":71,"ID":7},{"utility":83,"ID":20}],[{"utility":43,"ID":1},{"utility":62.75,"ID":2},{"utility":49.5,"ID":8},{"utility":51.75,"ID":10},{"utility":42.25,"ID":16}],[{"utility":0,"ID":25}],[],[{"utility":0,"ID":13},{"utility":44,"ID":17}],[],[],[],[],[],[],[],[],[],[],[],[],[]],"CORE :":false,"LAST PARTITION":{"22":15,"23":10,"24":6,"25":17,"10":13,"11":1,"12":3,"13":12,"14":11,"15":5,"16":9,"17":12,"18":2,"19":3,"1":11,"2":15,"3":7,"4":10,"5":2,"6":7,"7":16,"8":9,"9":6,"20":8,"21":4}},{"STARTING PARTITION: ":{"22":4,"23":5,"24":6,"25":10,"10":5,"11":2,"12":5,"13":5,"14":10,"15":6,"16":5,"17":3,"18":8,"19":4,"1":12,"2":11,"3":3,"4":3,"5":6,"6":8,"7":10,"8":11,"9":5,"20":12,"21":11},"Agents":[null,{"utility":94,"ID":1},{"utility":91,"ID":2},{"utility":42,"ID":3},{"utility":86,"ID":4},{"utility":95,"ID":5},{"utility":97,"ID":6},{"utility":89,"ID":7},{"utility":0,"ID":8},{"utility":0,"ID":9},{"utility":0,"ID":10},{"utility":67,"ID":11},{"utility":80,"ID":12},{"utility":0,"ID":13},{"utility":94,"ID":14},{"utility":0,"ID":15},{"utility":0,"ID":16},{"utility":0,"ID":17},{"utility":96,"ID":18},{"utility":28,"ID":19},{"utility":0,"ID":20},{"utility":24,"ID":21},{"utility":85,"ID":22},{"utility":76,"ID":23},{"utility":44,"ID":24},{"utility":62,"ID":25}],"LAST COALITION":[[],[{"utility":91,"ID":2},{"utility":85,"ID":22}],[],[{"utility":0,"ID":17}],[{"utility":86,"ID":4},{"utility":76,"ID":23}],[{"utility":80,"ID":12},{"utility":0,"ID":16}],[{"utility":0,"ID":15}],[{"utility":0,"ID":9}],[{"utility":97,"ID":6},{"utility":67,"ID":11}],[{"utility":0,"ID":10}],[{"utility":94,"ID":14},{"utility":62,"ID":25}],[{"utility":0,"ID":8}],[{"utility":0,"ID":20}],[{"utility":89,"ID":7},{"utility":28,"ID":19}],[{"utility":94,"ID":1},{"utility":44,"ID":24}],[{"utility":42,"ID":3},{"utility":24,"ID":21}],[{"utility":0,"ID":13}],[{"utility":95,"ID":5},{"utility":96,"ID":18}],[],[],[],[],[],[],[],[]],"STARTING COALITION: ":[[null],[],[{"utility":0,"ID":11}],[{"utility":0,"ID":3},{"utility":52.5,"ID":4},{"utility":7.5,"ID":17}],[{"utility":11,"ID":19},{"utility":31,"ID":22}],[{"utility":24.8,"ID":9},{"utility":29.6,"ID":10},{"utility":65,"ID":12},{"utility":10.8,"ID":13},{"utility":62.2,"ID":16},{"utility":20,"ID":23}],[{"utility":20.5,"ID":5},{"utility":67.5,"ID":15},{"utility":42,"ID":24}],[],[{"utility":49,"ID":6},{"utility":76,"ID":18}],[],[{"utility":1,"ID":7},{"utility":61,"ID":14},{"utility":68.5,"ID":25}],[{"utility":66.5,"ID":2},{"utility":47,"ID":8},{"utility":19,"ID":21}],[{"utility":18,"ID":1},{"utility":42,"ID":20}],[],[],[],[],[],[],[],[],[],[],[],[],[]],"CORE :":false,"LAST PARTITION":{"22":1,"23":4,"24":14,"25":10,"10":9,"11":8,"12":5,"13":16,"14":10,"15":6,"16":5,"17":3,"18":17,"19":13,"1":14,"2":1,"3":15,"4":4,"5":17,"6":8,"7":13,"8":11,"9":7,"20":12,"21":15}},{"STARTING PARTITION: ":{"22":7,"23":12,"24":5,"25":4,"10":1,"11":11,"12":6,"13":2,"14":8,"15":3,"16":6,"17":3,"18":9,"19":3,"1":11,"2":9,"3":12,"4":12,"5":6,"6":12,"7":10,"8":1,"9":3,"20":11,"21":11},"Agents":[null,{"utility":94,"ID":1},{"utility":91,"ID":2},{"utility":88,"ID":3},{"utility":86,"ID":4},{"utility":95,"ID":5},{"utility":0,"ID":6},{"utility":89,"ID":7},{"utility":71,"ID":8},{"utility":66,"ID":9},{"utility":0,"ID":10},{"utility":99,"ID":11},{"utility":80,"ID":12},{"utility":0,"ID":13},{"utility":0,"ID":14},{"utility":65,"ID":15},{"utility":0,"ID":16},{"utility":83,"ID":17},{"utility":96,"ID":18},{"utility":28,"ID":19},{"utility":0,"ID":20},{"utility":0,"ID":21},{"utility":85,"ID":22},{"utility":76,"ID":23},{"utility":44,"ID":24},{"utility":0,"ID":25}],"LAST COALITION":[[],[{"utility":88,"ID":3},{"utility":66,"ID":9}],[{"utility":95,"ID":5},{"utility":96,"ID":18}],[{"utility":65,"ID":15},{"utility":83,"ID":17}],[{"utility":71,"ID":8},{"utility":99,"ID":11}],[{"utility":89,"ID":7},{"utility":28,"ID":19}],[{"utility":80,"ID":12},{"utility":0,"ID":16}],[{"utility":94,"ID":1},{"utility":44,"ID":24}],[{"utility":0,"ID":6}],[{"utility":0,"ID":13}],[{"utility":0,"ID":10}],[{"utility":0,"ID":20}],[{"utility":86,"ID":4},{"utility":76,"ID":23}],[{"utility":91,"ID":2},{"utility":85,"ID":22}],[{"utility":0,"ID":14}],[{"utility":0,"ID":21}],[{"utility":0,"ID":25}],[],[],[],[],[],[],[],[],[]],"STARTING COALITION: ":[[null],[{"utility":45,"ID":8},{"utility":69,"ID":10}],[{"utility":0,"ID":13}],[{"utility":46.333333333333336,"ID":9},{"utility":33,"ID":15},{"utility":59.333333333333336,"ID":17},{"utility":15.666666666666666,"ID":19}],[{"utility":0,"ID":25}],[{"utility":0,"ID":24}],[{"utility":32.5,"ID":5},{"utility":87,"ID":12},{"utility":38,"ID":16}],[{"utility":0,"ID":22}],[{"utility":0,"ID":14}],[{"utility":11,"ID":2},{"utility":0,"ID":18}],[{"utility":0,"ID":7}],[{"utility":6,"ID":1},{"utility":50.666666666666664,"ID":11},{"utility":50,"ID":20},{"utility":47.666666666666664,"ID":21}],[{"utility":8,"ID":3},{"utility":42.333333333333336,"ID":4},{"utility":49.666666666666664,"ID":6},{"utility":67,"ID":23}],[],[],[],[],[],[],[],[],[],[],[],[],[]],"CORE :":false,"LAST PARTITION":{"22":13,"23":12,"24":7,"25":16,"10":10,"11":4,"12":6,"13":9,"14":14,"15":3,"16":6,"17":3,"18":2,"19":5,"1":7,"2":13,"3":1,"4":12,"5":2,"6":8,"7":5,"8":4,"9":1,"20":11,"21":15}},{"STARTING PARTITION: ":{"22":3,"23":6,"24":4,"25":8,"10":7,"11":12,"12":10,"13":1,"14":2,"15":7,"16":3,"17":3,"18":1,"19":10,"1":9,"2":8,"3":10,"4":4,"5":7,"6":3,"7":10,"8":1,"9":4,"20":8,"21":1},"Agents":[null,{"utility":94,"ID":1},{"utility":91,"ID":2},{"utility":88,"ID":3},{"utility":86,"ID":4},{"utility":95,"ID":5},{"utility":97,"ID":6},{"utility":89,"ID":7},{"utility":45,"ID":8},{"utility":66,"ID":9},{"utility":69,"ID":10},{"utility":67,"ID":11},{"utility":0,"ID":12},{"utility":0,"ID":13},{"utility":0,"ID":14},{"utility":0,"ID":15},{"utility":41,"ID":16},{"utility":49,"ID":17},{"utility":96,"ID":18},{"utility":28,"ID":19},{"utility":0,"ID":20},{"utility":0,"ID":21},{"utility":85,"ID":22},{"utility":76,"ID":23},{"utility":44,"ID":24},{"utility":0,"ID":25}],"LAST COALITION":[[],[{"utility":89,"ID":7},{"utility":28,"ID":19}],[{"utility":88,"ID":3},{"utility":66,"ID":9}],[{"utility":41,"ID":16},{"utility":49,"ID":17}],[],[{"utility":0,"ID":25}],[],[{"utility":86,"ID":4},{"utility":76,"ID":23}],[{"utility":0,"ID":20}],[{"utility":0,"ID":15}],[{"utility":0,"ID":13}],[{"utility":0,"ID":12}],[{"utility":45,"ID":8},{"utility":69,"ID":10}],[{"utility":0,"ID":14}],[{"utility":91,"ID":2},{"utility":85,"ID":22}],[{"utility":0,"ID":21}],[{"utility":94,"ID":1},{"utility":44,"ID":24}],[{"utility":95,"ID":5},{"utility":96,"ID":18}],[{"utility":97,"ID":6},{"utility":67,"ID":11}],[],[],[],[],[],[],[]],"STARTING COALITION: ":[[null],[{"utility":21.333333333333332,"ID":8},{"utility":50.333333333333336,"ID":13},{"utility":40.666666666666664,"ID":18},{"utility":21.333333333333332,"ID":21}],[{"utility":0,"ID":14}],[{"utility":29.666666666666668,"ID":6},{"utility":56.666666666666664,"ID":16},{"utility":72.66666666666667,"ID":17},{"utility":18.333333333333332,"ID":22}],[{"utility":21,"ID":4},{"utility":86.5,"ID":9},{"utility":71.5,"ID":24}],[],[{"utility":0,"ID":23}],[{"utility":20.5,"ID":5},{"utility":29,"ID":10},{"utility":74.5,"ID":15}],[{"utility":87,"ID":2},{"utility":48,"ID":20},{"utility":18,"ID":25}],[{"utility":0,"ID":1}],[{"utility":46.333333333333336,"ID":3},{"utility":70,"ID":7},{"utility":42,"ID":12},{"utility":46.333333333333336,"ID":19}],[],[{"utility":0,"ID":11}],[],[],[],[],[],[],[],[],[],[],[],[],[]],"CORE :":false,"LAST PARTITION":{"22":14,"23":7,"24":16,"25":5,"10":12,"11":18,"12":11,"13":10,"14":13,"15":9,"16":3,"17":3,"18":17,"19":1,"1":16,"2":14,"3":2,"4":7,"5":17,"6":18,"7":1,"8":12,"9":2,"20":8,"21":15}},{"STARTING PARTITION: ":{"22":1,"23":5,"24":4,"25":12,"10":3,"11":10,"12":3,"13":11,"14":1,"15":9,"16":7,"17":10,"18":5,"19":5,"1":11,"2":11,"3":5,"4":8,"5":11,"6":4,"7":5,"8":6,"9":3,"20":7,"21":1},"Agents":[null,{"utility":94,"ID":1},{"utility":91,"ID":2},{"utility":88,"ID":3},{"utility":79,"ID":4},{"utility":95,"ID":5},{"utility":97,"ID":6},{"utility":73,"ID":7},{"utility":96,"ID":8},{"utility":66,"ID":9},{"utility":0,"ID":10},{"utility":67,"ID":11},{"utility":0,"ID":12},{"utility":3,"ID":13},{"utility":0,"ID":14},{"utility":0,"ID":15},{"utility":2,"ID":16},{"utility":15,"ID":17},{"utility":96,"ID":18},{"utility":91,"ID":19},{"utility":0,"ID":20},{"utility":0,"ID":21},{"utility":85,"ID":22},{"utility":92,"ID":23},{"utility":44,"ID":24},{"utility":94,"ID":25}],"LAST COALITION":[[],[{"utility":73,"ID":7},{"utility":3,"ID":13}],[{"utility":91,"ID":2},{"utility":85,"ID":22}],[{"utility":88,"ID":3},{"utility":66,"ID":9}],[],[{"utility":91,"ID":19},{"utility":92,"ID":23}],[{"utility":0,"ID":21}],[{"utility":2,"ID":16},{"utility":0,"ID":20}],[{"utility":0,"ID":12}],[{"utility":79,"ID":4},{"utility":15,"ID":17}],[{"utility":0,"ID":14}],[{"utility":94,"ID":1},{"utility":44,"ID":24}],[{"utility":97,"ID":6},{"utility":67,"ID":11}],[{"utility":96,"ID":8},{"utility":94,"ID":25}],[{"utility":0,"ID":15}],[{"utility":0,"ID":10}],[],[],[{"utility":95,"ID":5},{"utility":96,"ID":18}],[],[],[],[],[],[],[]],"STARTING COALITION: ":[[null],[{"utility":28.5,"ID":14},{"utility":44,"ID":21},{"utility":66.5,"ID":22}],[],[{"utility":45,"ID":9},{"utility":0,"ID":10},{"utility":73.5,"ID":12}],[{"utility":41,"ID":6},{"utility":0,"ID":24}],[{"utility":48.25,"ID":3},{"utility":64.5,"ID":7},{"utility":27,"ID":18},{"utility":48,"ID":19},{"utility":45.5,"ID":23}],[{"utility":0,"ID":8}],[{"utility":2,"ID":16},{"utility":0,"ID":20}],[{"utility":0,"ID":4}],[{"utility":0,"ID":15}],[{"utility":37,"ID":11},{"utility":1,"ID":17}],[{"utility":61.333333333333336,"ID":1},{"utility":19,"ID":2},{"utility":61.333333333333336,"ID":5},{"utility":61.666666666666664,"ID":13}],[{"utility":0,"ID":25}],[],[],[],[],[],[],[],[],[],[],[],[],[]],"CORE :":false,"LAST PARTITION":{"22":2,"23":5,"24":11,"25":13,"10":15,"11":12,"12":8,"13":1,"14":10,"15":14,"16":7,"17":9,"18":18,"19":5,"1":11,"2":2,"3":3,"4":9,"5":18,"6":12,"7":1,"8":13,"9":3,"20":7,"21":6}},{"STARTING PARTITION: ":{"22":4,"23":10,"24":2,"25":11,"10":5,"11":10,"12":11,"13":1,"14":8,"15":12,"16":10,"17":3,"18":4,"19":3,"1":1,"2":8,"3":3,"4":4,"5":8,"6":4,"7":1,"8":9,"9":1,"20":6,"21":6},"Agents":[null,{"utility":83,"ID":1},{"utility":91,"ID":2},{"utility":18,"ID":3},{"utility":86,"ID":4},{"utility":95,"ID":5},{"utility":97,"ID":6},{"utility":76,"ID":7},{"utility":96,"ID":8},{"utility":77,"ID":9},{"utility":0,"ID":10},{"utility":67,"ID":11},{"utility":0,"ID":12},{"utility":0,"ID":13},{"utility":14,"ID":14},{"utility":0,"ID":15},{"utility":0,"ID":16},{"utility":66,"ID":17},{"utility":96,"ID":18},{"utility":30,"ID":19},{"utility":0,"ID":20},{"utility":0,"ID":21},{"utility":85,"ID":22},{"utility":76,"ID":23},{"utility":55,"ID":24},{"utility":94,"ID":25}],"LAST COALITION":[[],[{"utility":95,"ID":5},{"utility":96,"ID":18}],[{"utility":0,"ID":10}],[{"utility":66,"ID":17},{"utility":30,"ID":19}],[{"utility":0,"ID":13}],[{"utility":0,"ID":15}],[{"utility":0,"ID":20}],[{"utility":91,"ID":2},{"utility":85,"ID":22}],[{"utility":0,"ID":12}],[{"utility":77,"ID":9},{"utility":55,"ID":24}],[{"utility":0,"ID":16}],[{"utility":97,"ID":6},{"utility":67,"ID":11}],[{"utility":86,"ID":4},{"utility":76,"ID":23}],[{"utility":0,"ID":21}],[{"utility":83,"ID":1},{"utility":14,"ID":14}],[{"utility":96,"ID":8},{"utility":94,"ID":25}],[{"utility":18,"ID":3},{"utility":76,"ID":7}],[],[],[],[],[],[],[],[],[]],"STARTING COALITION: ":[[null],[{"utility":48.333333333333336,"ID":1},{"utility":36.666666666666664,"ID":7},{"utility":37,"ID":9},{"utility":45.666666666666664,"ID":13}],[{"utility":0,"ID":24}],[{"utility":45,"ID":3},{"utility":33,"ID":17},{"utility":26.5,"ID":19}],[{"utility":30.666666666666668,"ID":4},{"utility":74.66666666666667,"ID":6},{"utility":63.333333333333336,"ID":18},{"utility":38,"ID":22}],[{"utility":0,"ID":10}],[{"utility":89,"ID":20},{"utility":10,"ID":21}],[],[{"utility":0,"ID":2},{"utility":44.5,"ID":5},{"utility":71.5,"ID":14}],[{"utility":0,"ID":8}],[{"utility":20.5,"ID":11},{"utility":70,"ID":16},{"utility":26,"ID":23}],[{"utility":90,"ID":12},{"utility":85,"ID":25}],[{"utility":0,"ID":15}],[],[],[],[],[],[],[],[],[],[],[],[],[]],"CORE :":false,"LAST PARTITION":{"22":7,"23":12,"24":9,"25":15,"10":2,"11":11,"12":8,"13":4,"14":14,"15":5,"16":10,"17":3,"18":1,"19":3,"1":14,"2":7,"3":16,"4":12,"5":1,"6":11,"7":16,"8":15,"9":9,"20":6,"21":13}},{"STARTING PARTITION: ":{"22":1,"23":5,"24":5,"25":7,"10":1,"11":11,"12":10,"13":12,"14":3,"15":8,"16":3,"17":2,"18":9,"19":1,"1":1,"2":7,"3":7,"4":1,"5":6,"6":1,"7":3,"8":5,"9":6,"20":3,"21":4},"Agents":[null,{"utility":85,"ID":1},{"utility":91,"ID":2},{"utility":88,"ID":3},{"utility":13,"ID":4},{"utility":0,"ID":5},{"utility":51,"ID":6},{"utility":23,"ID":7},{"utility":25,"ID":8},{"utility":66,"ID":9},{"utility":0,"ID":10},{"utility":0,"ID":11},{"utility":0,"ID":12},{"utility":0,"ID":13},{"utility":31.666666666666668,"ID":14},{"utility":0,"ID":15},{"utility":62.666666666666664,"ID":16},{"utility":0,"ID":17},{"utility":0,"ID":18},{"utility":88,"ID":19},{"utility":28.333333333333332,"ID":20},{"utility":0,"ID":21},{"utility":85,"ID":22},{"utility":7.5,"ID":23},{"utility":89.5,"ID":24},{"utility":0,"ID":25}],"LAST COALITION":[[],[{"utility":51,"ID":6},{"utility":88,"ID":19}],[{"utility":0,"ID":17}],[{"utility":23,"ID":7},{"utility":31.666666666666668,"ID":14},{"utility":62.666666666666664,"ID":16},{"utility":28.333333333333332,"ID":20}],[{"utility":0,"ID":21}],[{"utility":25,"ID":8},{"utility":7.5,"ID":23},{"utility":89.5,"ID":24}],[{"utility":0,"ID":10}],[{"utility":0,"ID":25}],[{"utility":0,"ID":15}],[{"utility":0,"ID":18}],[{"utility":0,"ID":12}],[{"utility":0,"ID":11}],[{"utility":0,"ID":13}],[{"utility":88,"ID":3},{"utility":66,"ID":9}],[{"utility":91,"ID":2},{"utility":85,"ID":22}],[],[{"utility":0,"ID":5}],[{"utility":85,"ID":1},{"utility":13,"ID":4}],[],[],[],[],[],[],[],[]],"STARTING COALITION: ":[[null],[{"utility":78.6,"ID":1},{"utility":26.8,"ID":4},{"utility":51.8,"ID":6},{"utility":58.2,"ID":10},{"utility":39.4,"ID":19},{"utility":30,"ID":22}],[{"utility":0,"ID":17}],[{"utility":23,"ID":7},{"utility":31.666666666666668,"ID":14},{"utility":62.666666666666664,"ID":16},{"utility":28.333333333333332,"ID":20}],[{"utility":0,"ID":21}],[{"utility":25,"ID":8},{"utility":7.5,"ID":23},{"utility":89.5,"ID":24}],[{"utility":60,"ID":5},{"utility":86,"ID":9}],[{"utility":87,"ID":2},{"utility":57,"ID":3},{"utility":31.5,"ID":25}],[{"utility":0,"ID":15}],[{"utility":0,"ID":18}],[{"utility":0,"ID":12}],[{"utility":0,"ID":11}],[{"utility":0,"ID":13}],[],[],[],[],[],[],[],[],[],[],[],[],[]],"CORE :":false,"LAST PARTITION":{"22":14,"23":5,"24":5,"25":7,"10":6,"11":11,"12":10,"13":12,"14":3,"15":8,"16":3,"17":2,"18":9,"19":1,"1":17,"2":14,"3":13,"4":17,"5":16,"6":1,"7":3,"8":5,"9":13,"20":3,"21":4}},{"STARTING PARTITION: ":{"22":1,"23":1,"24":8,"25":7,"10":10,"11":10,"12":5,"13":1,"14":8,"15":12,"16":10,"17":1,"18":4,"19":12,"1":4,"2":2,"3":7,"4":9,"5":10,"6":3,"7":11,"8":3,"9":10,"20":1,"21":12},"Agents":[null,{"utility":0,"ID":1},{"utility":91,"ID":2},{"utility":5,"ID":3},{"utility":0,"ID":4},{"utility":25.5,"ID":5},{"utility":53,"ID":6},{"utility":0,"ID":7},{"utility":0,"ID":8},{"utility":68,"ID":9},{"utility":11.5,"ID":10},{"utility":29.75,"ID":11},{"utility":0,"ID":12},{"utility":6.333333333333333,"ID":13},{"utility":80,"ID":14},{"utility":8.5,"ID":15},{"utility":68,"ID":16},{"utility":33,"ID":17},{"utility":0,"ID":18},{"utility":19.5,"ID":19},{"utility":48,"ID":20},{"utility":34.5,"ID":21},{"utility":85,"ID":22},{"utility":29.333333333333332,"ID":23},{"utility":84,"ID":24},{"utility":0,"ID":25}],"LAST COALITION":[[],[{"utility":6.333333333333333,"ID":13},{"utility":33,"ID":17},{"utility":48,"ID":20},{"utility":29.333333333333332,"ID":23}],[{"utility":0,"ID":4}],[{"utility":0,"ID":8}],[{"utility":0,"ID":18}],[{"utility":0,"ID":12}],[{"utility":91,"ID":2},{"utility":85,"ID":22}],[{"utility":0,"ID":25}],[{"utility":80,"ID":14},{"utility":84,"ID":24}],[{"utility":0,"ID":1}],[{"utility":25.5,"ID":5},{"utility":68,"ID":9},{"utility":11.5,"ID":10},{"utility":29.75,"ID":11},{"utility":68,"ID":16}],[{"utility":0,"ID":7}],[{"utility":8.5,"ID":15},{"utility":19.5,"ID":19},{"utility":34.5,"ID":21}],[],[{"utility":5,"ID":3},{"utility":53,"ID":6}],[],[],[],[],[],[],[],[],[],[],[]],"STARTING COALITION: ":[[null],[{"utility":6,"ID":13},{"utility":44,"ID":17},{"utility":50.75,"ID":20},{"utility":61,"ID":22},{"utility":22,"ID":23}],[{"utility":0,"ID":2}],[{"utility":8,"ID":6},{"utility":33,"ID":8}],[{"utility":54,"ID":1},{"utility":89,"ID":18}],[{"utility":0,"ID":12}],[],[{"utility":46,"ID":3},{"utility":57,"ID":25}],[{"utility":80,"ID":14},{"utility":84,"ID":24}],[{"utility":0,"ID":4}],[{"utility":25.5,"ID":5},{"utility":68,"ID":9},{"utility":11.5,"ID":10},{"utility":29.75,"ID":11},{"utility":68,"ID":16}],[{"utility":0,"ID":7}],[{"utility":8.5,"ID":15},{"utility":19.5,"ID":19},{"utility":34.5,"ID":21}],[],[],[],[],[],[],[],[],[],[],[],[],[]],"CORE :":false,"LAST PARTITION":{"22":6,"23":1,"24":8,"25":7,"10":10,"11":10,"12":5,"13":1,"14":8,"15":12,"16":10,"17":1,"18":4,"19":12,"1":9,"2":6,"3":14,"4":2,"5":10,"6":14,"7":11,"8":3,"9":10,"20":1,"21":12}},{"STARTING PARTITION: ":{"22":11,"23":7,"24":12,"25":9,"10":7,"11":6,"12":12,"13":12,"14":9,"15":4,"16":9,"17":7,"18":11,"19":1,"1":11,"2":1,"3":9,"4":2,"5":9,"6":11,"7":6,"8":3,"9":3,"20":3,"21":5},"Agents":[null,{"utility":94,"ID":1},{"utility":91,"ID":2},{"utility":0,"ID":3},{"utility":86,"ID":4},{"utility":95,"ID":5},{"utility":71,"ID":6},{"utility":89,"ID":7},{"utility":71,"ID":8},{"utility":98,"ID":9},{"utility":0,"ID":10},{"utility":99,"ID":11},{"utility":0,"ID":12},{"utility":0,"ID":13},{"utility":0,"ID":14},{"utility":0,"ID":15},{"utility":97,"ID":16},{"utility":0,"ID":17},{"utility":96,"ID":18},{"utility":28,"ID":19},{"utility":0,"ID":20},{"utility":0,"ID":21},{"utility":85,"ID":22},{"utility":76,"ID":23},{"utility":44,"ID":24},{"utility":0,"ID":25}],"LAST COALITION":[[],[{"utility":89,"ID":7},{"utility":28,"ID":19}],[{"utility":95,"ID":5},{"utility":96,"ID":18}],[{"utility":0,"ID":20}],[{"utility":86,"ID":4},{"utility":76,"ID":23}],[{"utility":0,"ID":3}],[{"utility":0,"ID":13}],[{"utility":0,"ID":17}],[{"utility":71,"ID":8},{"utility":99,"ID":11}],[{"utility":0,"ID":14},{"utility":97,"ID":16}],[{"utility":0,"ID":25}],[{"utility":71,"ID":6},{"utility":98,"ID":9}],[],[{"utility":91,"ID":2},{"utility":85,"ID":22}],[{"utility":0,"ID":21}],[{"utility":0,"ID":12}],[{"utility":0,"ID":15}],[{"utility":94,"ID":1},{"utility":44,"ID":24}],[{"utility":0,"ID":10}],[],[],[],[],[],[],[]],"STARTING COALITION: ":[[null],[{"utility":41,"ID":2},{"utility":50,"ID":19}],[{"utility":0,"ID":4}],[{"utility":46,"ID":8},{"utility":22,"ID":9},{"utility":66.5,"ID":20}],[{"utility":0,"ID":15}],[{"utility":0,"ID":21}],[{"utility":82,"ID":7},{"utility":20,"ID":11}],[{"utility":35,"ID":10},{"utility":49,"ID":17},{"utility":7,"ID":23}],[],[{"utility":27.75,"ID":3},{"utility":37.5,"ID":5},{"utility":55.75,"ID":14},{"utility":75,"ID":16},{"utility":42.25,"ID":25}],[],[{"utility":77.66666666666667,"ID":1},{"utility":49.333333333333336,"ID":6},{"utility":72.66666666666667,"ID":18},{"utility":41,"ID":22}],[{"utility":39.5,"ID":12},{"utility":21.5,"ID":13},{"utility":59,"ID":24}],[],[],[],[],[],[],[],[],[],[],[],[],[]],"CORE :":false,"LAST PARTITION":{"22":13,"23":4,"24":17,"25":10,"10":18,"11":8,"12":15,"13":6,"14":9,"15":16,"16":9,"17":7,"18":2,"19":1,"1":17,"2":13,"3":5,"4":4,"5":2,"6":11,"7":1,"8":8,"9":11,"20":3,"21":14}},{"STARTING PARTITION: ":{"22":2,"23":6,"24":11,"25":3,"10":10,"11":9,"12":2,"13":10,"14":8,"15":7,"16":1,"17":6,"18":2,"19":9,"1":5,"2":1,"3":6,"4":7,"5":12,"6":12,"7":12,"8":5,"9":10,"20":4,"21":10},"Agents":[null,{"utility":94,"ID":1},{"utility":91,"ID":2},{"utility":14,"ID":3},{"utility":86,"ID":4},{"utility":95,"ID":5},{"utility":71,"ID":6},{"utility":89,"ID":7},{"utility":72,"ID":8},{"utility":98,"ID":9},{"utility":0,"ID":10},{"utility":0,"ID":11},{"utility":0,"ID":12},{"utility":0,"ID":13},{"utility":0,"ID":14},{"utility":0,"ID":15},{"utility":0,"ID":16},{"utility":0,"ID":17},{"utility":96,"ID":18},{"utility":28,"ID":19},{"utility":0,"ID":20},{"utility":0,"ID":21},{"utility":85,"ID":22},{"utility":76,"ID":23},{"utility":44,"ID":24},{"utility":0,"ID":25}],"LAST COALITION":[[],[{"utility":0,"ID":16}],[{"utility":0,"ID":12}],[],[{"utility":0,"ID":20}],[{"utility":0,"ID":13}],[{"utility":0,"ID":17}],[{"utility":0,"ID":15}],[{"utility":94,"ID":1},{"utility":44,"ID":24}],[{"utility":0,"ID":11}],[{"utility":0,"ID":10}],[{"utility":71,"ID":6},{"utility":98,"ID":9}],[{"utility":14,"ID":3},{"utility":72,"ID":8}],[{"utility":91,"ID":2},{"utility":85,"ID":22}],[{"utility":86,"ID":4},{"utility":76,"ID":23}],[{"utility":0,"ID":25}],[{"utility":0,"ID":14}],[{"utility":0,"ID":21}],[{"utility":89,"ID":7},{"utility":28,"ID":19}],[],[{"utility":95,"ID":5},{"utility":96,"ID":18}],[],[],[],[],[]],"STARTING COALITION: ":[[null],[{"utility":55,"ID":2},{"utility":56,"ID":16}],[{"utility":59,"ID":12},{"utility":38.5,"ID":18},{"utility":66.5,"ID":22}],[{"utility":0,"ID":25}],[{"utility":0,"ID":20}],[{"utility":24,"ID":1},{"utility":59,"ID":8}],[{"utility":9.5,"ID":3},{"utility":15.5,"ID":17},{"utility":33,"ID":23}],[{"utility":72,"ID":4},{"utility":2,"ID":15}],[{"utility":0,"ID":14}],[{"utility":0,"ID":11},{"utility":26,"ID":19}],[{"utility":39,"ID":9},{"utility":49.333333333333336,"ID":10},{"utility":34.666666666666664,"ID":13},{"utility":37.666666666666664,"ID":21}],[{"utility":0,"ID":24}],[{"utility":35,"ID":5},{"utility":60,"ID":6},{"utility":39.5,"ID":7}],[],[],[],[],[],[],[],[],[],[],[],[],[]],"CORE :":false,"LAST PARTITION":{"22":13,"23":14,"24":8,"25":15,"10":10,"11":9,"12":2,"13":5,"14":16,"15":7,"16":1,"17":6,"18":20,"19":18,"1":8,"2":13,"3":12,"4":14,"5":20,"6":11,"7":18,"8":12,"9":11,"20":4,"21":17}},{"STARTING PARTITION: ":{"22":4,"23":12,"24":10,"25":1,"10":5,"11":6,"12":5,"13":7,"14":10,"15":4,"16":9,"17":11,"18":12,"19":5,"1":7,"2":1,"3":3,"4":9,"5":7,"6":1,"7":10,"8":7,"9":7,"20":8,"21":11},"Agents":[null,{"utility":67,"ID":1},{"utility":91,"ID":2},{"utility":0,"ID":3},{"utility":86,"ID":4},{"utility":90,"ID":5},{"utility":0,"ID":6},{"utility":39,"ID":7},{"utility":19,"ID":8},{"utility":0,"ID":9},{"utility":0,"ID":10},{"utility":0,"ID":11},{"utility":0,"ID":12},{"utility":15,"ID":13},{"utility":54,"ID":14},{"utility":0,"ID":15},{"utility":0,"ID":16},{"utility":0,"ID":17},{"utility":0,"ID":18},{"utility":88,"ID":19},{"utility":0,"ID":20},{"utility":0,"ID":21},{"utility":85,"ID":22},{"utility":76,"ID":23},{"utility":55.5,"ID":24},{"utility":0,"ID":25}],"LAST COALITION":[[],[{"utility":0,"ID":25}],[{"utility":0,"ID":3}],[{"utility":91,"ID":2},{"utility":85,"ID":22}],[{"utility":0,"ID":17}],[{"utility":0,"ID":12},{"utility":88,"ID":19}],[{"utility":0,"ID":11}],[{"utility":19,"ID":8},{"utility":15,"ID":13}],[{"utility":0,"ID":20}],[{"utility":0,"ID":16}],[{"utility":39,"ID":7},{"utility":54,"ID":14},{"utility":55.5,"ID":24}],[{"utility":0,"ID":21}],[{"utility":0,"ID":18}],[{"utility":0,"ID":10}],[{"utility":0,"ID":15}],[{"utility":0,"ID":9}],[{"utility":0,"ID":6}],[{"utility":86,"ID":4},{"utility":76,"ID":23}],[{"utility":67,"ID":1},{"utility":90,"ID":5}],[],[],[],[],[],[],[]],"STARTING COALITION: ":[[null],[{"utility":62.5,"ID":2},{"utility":39.5,"ID":6},{"utility":10,"ID":25}],[],[{"utility":0,"ID":3}],[{"utility":88,"ID":15},{"utility":0,"ID":22}],[{"utility":27.5,"ID":10},{"utility":47,"ID":12},{"utility":46,"ID":19}],[{"utility":0,"ID":11}],[{"utility":49.25,"ID":1},{"utility":82,"ID":5},{"utility":32.25,"ID":8},{"utility":28.5,"ID":9},{"utility":58.75,"ID":13}],[{"utility":0,"ID":20}],[{"utility":38,"ID":4},{"utility":15,"ID":16}],[{"utility":39,"ID":7},{"utility":54,"ID":14},{"utility":55.5,"ID":24}],[{"utility":0,"ID":17},{"utility":96,"ID":21}],[{"utility":0,"ID":18},{"utility":0,"ID":23}],[],[],[],[],[],[],[],[],[],[],[],[],[]],"CORE :":false,"LAST PARTITION":{"22":3,"23":17,"24":10,"25":1,"10":13,"11":6,"12":5,"13":7,"14":10,"15":14,"16":9,"17":4,"18":12,"19":5,"1":18,"2":3,"3":2,"4":17,"5":18,"6":16,"7":10,"8":7,"9":15,"20":8,"21":11}},{"STARTING PARTITION: ":{"22":7,"23":11,"24":8,"25":3,"10":5,"11":4,"12":3,"13":3,"14":5,"15":1,"16":7,"17":8,"18":3,"19":8,"1":1,"2":2,"3":10,"4":2,"5":8,"6":1,"7":5,"8":10,"9":10,"20":10,"21":11},"Agents":[null,{"utility":0,"ID":1},{"utility":91,"ID":2},{"utility":0,"ID":3},{"utility":86,"ID":4},{"utility":95,"ID":5},{"utility":71,"ID":6},{"utility":89,"ID":7},{"utility":71,"ID":8},{"utility":98,"ID":9},{"utility":0,"ID":10},{"utility":99,"ID":11},{"utility":90,"ID":12},{"utility":0,"ID":13},{"utility":0,"ID":14},{"utility":0,"ID":15},{"utility":0,"ID":16},{"utility":50,"ID":17},{"utility":96,"ID":18},{"utility":28,"ID":19},{"utility":0,"ID":20},{"utility":0,"ID":21},{"utility":85,"ID":22},{"utility":76,"ID":23},{"utility":62,"ID":24},{"utility":85,"ID":25}],"LAST COALITION":[[],[{"utility":86,"ID":4},{"utility":76,"ID":23}],[{"utility":0,"ID":15}],[{"utility":90,"ID":12},{"utility":85,"ID":25}],[{"utility":71,"ID":6},{"utility":98,"ID":9}],[{"utility":0,"ID":21}],[{"utility":91,"ID":2},{"utility":85,"ID":22}],[{"utility":0,"ID":16}],[{"utility":50,"ID":17},{"utility":62,"ID":24}],[{"utility":71,"ID":8},{"utility":99,"ID":11}],[{"utility":0,"ID":20}],[{"utility":0,"ID":14}],[{"utility":89,"ID":7},{"utility":28,"ID":19}],[{"utility":0,"ID":10}],[{"utility":0,"ID":3}],[{"utility":95,"ID":5},{"utility":96,"ID":18}],[{"utility":0,"ID":13}],[{"utility":0,"ID":1}],[],[],[],[],[],[],[],[]],"STARTING COALITION: ":[[null],[{"utility":53.5,"ID":1},{"utility":21,"ID":6},{"utility":39,"ID":15}],[{"utility":33,"ID":2},{"utility":0,"ID":4}],[{"utility":66.66666666666667,"ID":12},{"utility":49,"ID":13},{"utility":14,"ID":18},{"utility":61.333333333333336,"ID":25}],[{"utility":0,"ID":11}],[{"utility":14,"ID":7},{"utility":6,"ID":10},{"utility":47.5,"ID":14}],[],[{"utility":42,"ID":16},{"utility":0,"ID":22}],[{"utility":41.333333333333336,"ID":5},{"utility":38.666666666666664,"ID":17},{"utility":24,"ID":19},{"utility":72.66666666666667,"ID":24}],[],[{"utility":36.333333333333336,"ID":3},{"utility":54.666666666666664,"ID":8},{"utility":36.666666666666664,"ID":9},{"utility":61.333333333333336,"ID":20}],[{"utility":41,"ID":21},{"utility":28,"ID":23}],[],[],[],[],[],[],[],[],[],[],[],[],[],[]],"CORE :":false,"LAST PARTITION":{"22":6,"23":1,"24":8,"25":3,"10":13,"11":9,"12":3,"13":16,"14":11,"15":2,"16":7,"17":8,"18":15,"19":12,"1":17,"2":6,"3":14,"4":1,"5":15,"6":4,"7":12,"8":9,"9":4,"20":10,"21":5}},{"STARTING PARTITION: ":{"22":5,"23":8,"24":11,"25":3,"10":6,"11":4,"12":6,"13":7,"14":11,"15":8,"16":12,"17":4,"18":4,"19":5,"1":1,"2":1,"3":2,"4":9,"5":12,"6":2,"7":10,"8":2,"9":10,"20":6,"21":8},"Agents":[null,{"utility":85,"ID":1},{"utility":91,"ID":2},{"utility":0,"ID":3},{"utility":13,"ID":4},{"utility":42,"ID":5},{"utility":0,"ID":6},{"utility":37,"ID":7},{"utility":0,"ID":8},{"utility":83,"ID":9},{"utility":0,"ID":10},{"utility":65,"ID":11},{"utility":80,"ID":12},{"utility":0,"ID":13},{"utility":80,"ID":14},{"utility":15,"ID":15},{"utility":76,"ID":16},{"utility":27,"ID":17},{"utility":46.5,"ID":18},{"utility":0,"ID":19},{"utility":50,"ID":20},{"utility":41,"ID":21},{"utility":85,"ID":22},{"utility":21,"ID":23},{"utility":84,"ID":24},{"utility":0,"ID":25}],"LAST COALITION":[[],[{"utility":91,"ID":2},{"utility":85,"ID":22}],[{"utility":0,"ID":8}],[{"utility":0,"ID":25}],[{"utility":65,"ID":11},{"utility":27,"ID":17},{"utility":46.5,"ID":18}],[{"utility":0,"ID":19}],[{"utility":0,"ID":10},{"utility":80,"ID":12},{"utility":50,"ID":20}],[{"utility":0,"ID":13}],[{"utility":15,"ID":15},{"utility":41,"ID":21},{"utility":21,"ID":23}],[],[{"utility":37,"ID":7},{"utility":83,"ID":9}],[{"utility":80,"ID":14},{"utility":84,"ID":24}],[{"utility":42,"ID":5},{"utility":76,"ID":16}],[{"utility":85,"ID":1},{"utility":13,"ID":4}],[{"utility":0,"ID":6}],[{"utility":0,"ID":3}],[],[],[],[],[],[],[],[],[],[]],"STARTING COALITION: ":[[null],[{"utility":79,"ID":1},{"utility":41,"ID":2}],[{"utility":9.5,"ID":3},{"utility":30.5,"ID":6},{"utility":52.5,"ID":8}],[{"utility":0,"ID":25}],[{"utility":65,"ID":11},{"utility":27,"ID":17},{"utility":46.5,"ID":18}],[{"utility":11,"ID":19},{"utility":31,"ID":22}],[{"utility":0,"ID":10},{"utility":80,"ID":12},{"utility":50,"ID":20}],[{"utility":0,"ID":13}],[{"utility":15,"ID":15},{"utility":41,"ID":21},{"utility":21,"ID":23}],[{"utility":0,"ID":4}],[{"utility":37,"ID":7},{"utility":83,"ID":9}],[{"utility":80,"ID":14},{"utility":84,"ID":24}],[{"utility":42,"ID":5},{"utility":76,"ID":16}],[],[],[],[],[],[],[],[],[],[],[],[],[]],"CORE :":false,"LAST PARTITION":{"22":1,"23":8,"24":11,"25":3,"10":6,"11":4,"12":6,"13":7,"14":11,"15":8,"16":12,"17":4,"18":4,"19":5,"1":13,"2":1,"3":15,"4":13,"5":12,"6":14,"7":10,"8":2,"9":10,"20":6,"21":8}},{"STARTING PARTITION: ":{"22":5,"23":6,"24":3,"25":4,"10":1,"11":7,"12":4,"13":7,"14":6,"15":8,"16":9,"17":10,"18":7,"19":12,"1":3,"2":6,"3":6,"4":2,"5":2,"6":11,"7":12,"8":4,"9":9,"20":5,"21":9},"Agents":[null,{"utility":94,"ID":1},{"utility":69,"ID":2},{"utility":88,"ID":3},{"utility":86,"ID":4},{"utility":95,"ID":5},{"utility":97,"ID":6},{"utility":89,"ID":7},{"utility":94,"ID":8},{"utility":66,"ID":9},{"utility":0,"ID":10},{"utility":67,"ID":11},{"utility":90,"ID":12},{"utility":0,"ID":13},{"utility":0,"ID":14},{"utility":0,"ID":15},{"utility":3,"ID":16},{"utility":0,"ID":17},{"utility":96,"ID":18},{"utility":28,"ID":19},{"utility":59,"ID":20},{"utility":64,"ID":21},{"utility":97,"ID":22},{"utility":76,"ID":23},{"utility":44,"ID":24},{"utility":85,"ID":25}],"LAST COALITION":[[],[{"utility":0,"ID":15}],[{"utility":0,"ID":13}],[{"utility":94,"ID":1},{"utility":44,"ID":24}],[{"utility":90,"ID":12},{"utility":85,"ID":25}],[{"utility":59,"ID":20},{"utility":97,"ID":22}],[{"utility":95,"ID":5},{"utility":96,"ID":18}],[{"utility":88,"ID":3},{"utility":66,"ID":9}],[{"utility":0,"ID":17}],[{"utility":3,"ID":16},{"utility":64,"ID":21}],[{"utility":86,"ID":4},{"utility":76,"ID":23}],[{"utility":97,"ID":6},{"utility":67,"ID":11}],[{"utility":89,"ID":7},{"utility":28,"ID":19}],[],[{"utility":0,"ID":14}],[{"utility":0,"ID":10}],[{"utility":69,"ID":2},{"utility":94,"ID":8}],[],[],[],[],[],[],[],[],[]],"STARTING COALITION: ":[[null],[{"utility":0,"ID":10}],[{"utility":33,"ID":4},{"utility":68,"ID":5}],[{"utility":94,"ID":1},{"utility":44,"ID":24}],[{"utility":93,"ID":8},{"utility":92,"ID":12},{"utility":89.5,"ID":25}],[{"utility":59,"ID":20},{"utility":97,"ID":22}],[{"utility":49.333333333333336,"ID":2},{"utility":29.333333333333332,"ID":3},{"utility":38,"ID":14},{"utility":60,"ID":23}],[{"utility":65.5,"ID":11},{"utility":43.5,"ID":13},{"utility":41,"ID":18}],[{"utility":0,"ID":15}],[{"utility":19.5,"ID":9},{"utility":35,"ID":16},{"utility":49.5,"ID":21}],[{"utility":0,"ID":17}],[{"utility":0,"ID":6}],[{"utility":89,"ID":7},{"utility":28,"ID":19}],[],[],[],[],[],[],[],[],[],[],[],[],[]],"CORE :":false,"LAST PARTITION":{"22":5,"23":10,"24":3,"25":4,"10":15,"11":11,"12":4,"13":2,"14":14,"15":1,"16":9,"17":8,"18":6,"19":12,"1":3,"2":16,"3":7,"4":10,"5":6,"6":11,"7":12,"8":16,"9":7,"20":5,"21":9}},{"STARTING PARTITION: ":{"22":4,"23":3,"24":12,"25":11,"10":4,"11":11,"12":1,"13":9,"14":9,"15":7,"16":12,"17":10,"18":10,"19":5,"1":3,"2":3,"3":2,"4":4,"5":5,"6":11,"7":3,"8":10,"9":9,"20":12,"21":7},"Agents":[null,{"utility":94,"ID":1},{"utility":91,"ID":2},{"utility":46,"ID":3},{"utility":86,"ID":4},{"utility":95,"ID":5},{"utility":97,"ID":6},{"utility":89,"ID":7},{"utility":0,"ID":8},{"utility":0,"ID":9},{"utility":0,"ID":10},{"utility":67,"ID":11},{"utility":0,"ID":12},{"utility":0,"ID":13},{"utility":0,"ID":14},{"utility":16,"ID":15},{"utility":2,"ID":16},{"utility":0,"ID":17},{"utility":96,"ID":18},{"utility":28,"ID":19},{"utility":0,"ID":20},{"utility":41,"ID":21},{"utility":85,"ID":22},{"utility":76,"ID":23},{"utility":44,"ID":24},{"utility":57,"ID":25}],"LAST COALITION":[[],[{"utility":0,"ID":12}],[{"utility":91,"ID":2},{"utility":85,"ID":22}],[{"utility":89,"ID":7},{"utility":28,"ID":19}],[{"utility":0,"ID":10}],[{"utility":95,"ID":5},{"utility":96,"ID":18}],[],[{"utility":16,"ID":15},{"utility":41,"ID":21}],[{"utility":0,"ID":13}],[{"utility":0,"ID":14}],[{"utility":0,"ID":17}],[{"utility":46,"ID":3},{"utility":57,"ID":25}],[{"utility":2,"ID":16},{"utility":0,"ID":20}],[{"utility":94,"ID":1},{"utility":44,"ID":24}],[{"utility":0,"ID":9}],[{"utility":97,"ID":6},{"utility":67,"ID":11}],[{"utility":86,"ID":4},{"utility":76,"ID":23}],[{"utility":0,"ID":8}],[],[],[],[],[],[],[],[]],"STARTING COALITION: ":[[null],[{"utility":0,"ID":12}],[{"utility":0,"ID":3}],[{"utility":61.333333333333336,"ID":1},{"utility":34.333333333333336,"ID":2},{"utility":43.666666666666664,"ID":7},{"utility":41.333333333333336,"ID":23}],[{"utility":51,"ID":4},{"utility":69.5,"ID":10},{"utility":29.5,"ID":22}],[{"utility":44,"ID":5},{"utility":21,"ID":19}],[],[{"utility":16,"ID":15},{"utility":41,"ID":21}],[],[{"utility":31.5,"ID":9},{"utility":35.5,"ID":13},{"utility":30.5,"ID":14}],[{"utility":22.5,"ID":8},{"utility":26.5,"ID":17},{"utility":19,"ID":18}],[{"utility":48.5,"ID":6},{"utility":66.5,"ID":11},{"utility":38.5,"ID":25}],[{"utility":1,"ID":16},{"utility":38,"ID":20},{"utility":25.5,"ID":24}],[],[],[],[],[],[],[],[],[],[],[],[],[]],"CORE :":false,"LAST PARTITION":{"22":2,"23":16,"24":13,"25":11,"10":4,"11":15,"12":1,"13":8,"14":9,"15":7,"16":12,"17":10,"18":5,"19":3,"1":13,"2":2,"3":11,"4":16,"5":5,"6":15,"7":3,"8":17,"9":14,"20":12,"21":7}},{"END OF FILE:" : true}]