[{"STARTING PARTITION: ":{"22":4,"23":6,"24":7,"25":5,"10":6,"11":6,"12":8,"13":7,"14":11,"15":11,"16":2,"17":2,"18":4,"19":12,"1":9,"2":4,"3":12,"4":2,"5":11,"6":7,"7":12,"8":12,"9":8,"20":11,"21":10},"Agents":[null,{"utility":89,"ID":1},{"utility":85,"ID":2},{"utility":94,"ID":3},{"utility":69,"ID":4},{"utility":0,"ID":5},{"utility":22,"ID":6},{"utility":39,"ID":7},{"utility":0,"ID":8},{"utility":96,"ID":9},{"utility":10.5,"ID":10},{"utility":40,"ID":11},{"utility":0,"ID":12},{"utility":0,"ID":13},{"utility":8,"ID":14},{"utility":32,"ID":15},{"utility":62,"ID":16},{"utility":87,"ID":17},{"utility":49,"ID":18},{"utility":0,"ID":19},{"utility":43,"ID":20},{"utility":0,"ID":21},{"utility":85,"ID":22},{"utility":12,"ID":23},{"utility":0,"ID":24},{"utility":0,"ID":25}],"LAST COALITION":[[],[{"utility":69,"ID":4},{"utility":43,"ID":20}],[{"utility":0,"ID":5}],[{"utility":22,"ID":6},{"utility":96,"ID":9}],[{"utility":49,"ID":18},{"utility":85,"ID":22}],[{"utility":0,"ID":25}],[{"utility":10.5,"ID":10},{"utility":40,"ID":11},{"utility":12,"ID":23}],[{"utility":0,"ID":24}],[{"utility":0,"ID":12}],[{"utility":0,"ID":13}],[{"utility":0,"ID":21}],[{"utility":8,"ID":14},{"utility":32,"ID":15}],[{"utility":0,"ID":19}],[{"utility":89,"ID":1},{"utility":87,"ID":17}],[{"utility":85,"ID":2},{"utility":62,"ID":16}],[{"utility":94,"ID":3},{"utility":39,"ID":7}],[],[{"utility":0,"ID":8}],[],[],[],[],[],[],[],[]],"STARTING COALITION: ":[[null],[],[{"utility":69.5,"ID":4},{"utility":45,"ID":16},{"utility":48.5,"ID":17}],[],[{"utility":66.5,"ID":2},{"utility":46.5,"ID":18},{"utility":72,"ID":22}],[{"utility":0,"ID":25}],[{"utility":10.5,"ID":10},{"utility":40,"ID":11},{"utility":12,"ID":23}],[{"utility":36.5,"ID":6},{"utility":47,"ID":13},{"utility":16.5,"ID":24}],[{"utility":7,"ID":9},{"utility":95,"ID":12}],[{"utility":0,"ID":1}],[{"utility":0,"ID":21}],[{"utility":34.666666666666664,"ID":5},{"utility":27.666666666666668,"ID":14},{"utility":48,"ID":15},{"utility":45,"ID":20}],[{"utility":73,"ID":3},{"utility":29.666666666666668,"ID":7},{"utility":31.333333333333332,"ID":8},{"utility":35.333333333333336,"ID":19}],[],[],[],[],[],[],[],[],[],[],[],[],[]],"CORE :":false,"LAST PARTITION":{"22":4,"23":6,"24":7,"25":5,"10":6,"11":6,"12":8,"13":9,"14":11,"15":11,"16":14,"17":13,"18":4,"19":12,"1":13,"2":14,"3":15,"4":1,"5":2,"6":3,"7":15,"8":17,"9":3,"20":1,"21":10}},{"STARTING PARTITION: ":{"22":11,"23":10,"24":6,"25":7,"10":7,"11":7,"12":11,"13":10,"14":1,"15":3,"16":4,"17":8,"18":8,"19":5,"1":5,"2":8,"3":8,"4":7,"5":12,"6":9,"7":11,"8":7,"9":10,"20":4,"21":6},"Agents":[null,{"utility":89,"ID":1},{"utility":85,"ID":2},{"utility":94,"ID":3},{"utility":73,"ID":4},{"utility":92,"ID":5},{"utility":0,"ID":6},{"utility":39,"ID":7},{"utility":0,"ID":8},{"utility":94,"ID":9},{"utility":0,"ID":10},{"utility":0,"ID":11},{"utility":0,"ID":12},{"utility":29,"ID":13},{"utility":0,"ID":14},{"utility":0,"ID":15},{"utility":62,"ID":16},{"utility":87,"ID":17},{"utility":0,"ID":18},{"utility":0,"ID":19},{"utility":0,"ID":20},{"utility":56,"ID":21},{"utility":0,"ID":22},{"utility":26,"ID":23},{"utility":45,"ID":24},{"utility":78,"ID":25}],"LAST COALITION":[[],[],[{"utility":0,"ID":14}],[{"utility":0,"ID":15}],[{"utility":0,"ID":20}],[{"utility":0,"ID":19}],[{"utility":56,"ID":21},{"utility":45,"ID":24}],[{"utility":73,"ID":4},{"utility":94,"ID":9}],[{"utility":0,"ID":18}],[{"utility":0,"ID":10}],[{"utility":29,"ID":13},{"utility":26,"ID":23}],[{"utility":0,"ID":22}],[{"utility":89,"ID":1},{"utility":87,"ID":17}],[{"utility":0,"ID":11}],[{"utility":92,"ID":5},{"utility":78,"ID":25}],[{"utility":85,"ID":2},{"utility":62,"ID":16}],[{"utility":0,"ID":12}],[{"utility":0,"ID":6}],[{"utility":0,"ID":8}],[{"utility":94,"ID":3},{"utility":39,"ID":7}],[],[],[],[],[],[]],"STARTING COALITION: ":[[null],[{"utility":0,"ID":14}],[],[{"utility":0,"ID":15}],[{"utility":32,"ID":16},{"utility":0,"ID":20}],[{"utility":75,"ID":1},{"utility":72,"ID":19}],[{"utility":56,"ID":21},{"utility":45,"ID":24}],[{"utility":33,"ID":4},{"utility":68.5,"ID":8},{"utility":28.25,"ID":10},{"utility":69.5,"ID":11},{"utility":47,"ID":25}],[{"utility":79,"ID":2},{"utility":32.666666666666664,"ID":3},{"utility":61.333333333333336,"ID":17},{"utility":50.666666666666664,"ID":18}],[{"utility":0,"ID":6}],[{"utility":80,"ID":9},{"utility":20,"ID":13},{"utility":30.5,"ID":23}],[{"utility":16.5,"ID":7},{"utility":54,"ID":12},{"utility":0,"ID":22}],[{"utility":0,"ID":5}],[],[],[],[],[],[],[],[],[],[],[],[],[]],"CORE :":false,"LAST PARTITION":{"22":11,"23":10,"24":6,"25":14,"10":9,"11":13,"12":16,"13":10,"14":2,"15":3,"16":15,"17":12,"18":8,"19":5,"1":12,"2":15,"3":19,"4":7,"5":14,"6":17,"7":19,"8":18,"9":7,"20":4,"21":6}},{"STARTING PARTITION: ":{"22":1,"23":3,"24":2,"25":9,"10":2,"11":3,"12":11,"13":4,"14":3,"15":5,"16":8,"17":12,"18":9,"19":12,"1":7,"2":5,"3":12,"4":10,"5":1,"6":5,"7":2,"8":7,"9":6,"20":12,"21":2},"Agents":[null,{"utility":89,"ID":1},{"utility":63,"ID":2},{"utility":0,"ID":3},{"utility":0,"ID":4},{"utility":85,"ID":5},{"utility":85,"ID":6},{"utility":69,"ID":7},{"utility":0,"ID":8},{"utility":0,"ID":9},{"utility":55.333333333333336,"ID":10},{"utility":31,"ID":11},{"utility":0,"ID":12},{"utility":0,"ID":13},{"utility":2.5,"ID":14},{"utility":0,"ID":15},{"utility":0,"ID":16},{"utility":98,"ID":17},{"utility":0,"ID":18},{"utility":28,"ID":19},{"utility":38,"ID":20},{"utility":58,"ID":21},{"utility":0,"ID":22},{"utility":24.5,"ID":23},{"utility":53.666666666666664,"ID":24},{"utility":77,"ID":25}],"LAST COALITION":[[],[{"utility":85,"ID":5},{"utility":0,"ID":22}],[{"utility":69,"ID":7},{"utility":55.333333333333336,"ID":10},{"utility":58,"ID":21},{"utility":53.666666666666664,"ID":24}],[{"utility":31,"ID":11},{"utility":2.5,"ID":14},{"utility":24.5,"ID":23}],[{"utility":89,"ID":1},{"utility":38,"ID":20}],[{"utility":0,"ID":15}],[{"utility":0,"ID":9}],[{"utility":0,"ID":8}],[{"utility":0,"ID":16}],[{"utility":0,"ID":18},{"utility":77,"ID":25}],[{"utility":0,"ID":4}],[{"utility":0,"ID":12}],[{"utility":98,"ID":17},{"utility":28,"ID":19}],[{"utility":0,"ID":13}],[],[{"utility":0,"ID":3}],[{"utility":63,"ID":2},{"utility":85,"ID":6}],[],[],[],[],[],[],[],[],[]],"STARTING COALITION: ":[[null],[{"utility":85,"ID":5},{"utility":0,"ID":22}],[{"utility":69,"ID":7},{"utility":55.333333333333336,"ID":10},{"utility":58,"ID":21},{"utility":53.666666666666664,"ID":24}],[{"utility":31,"ID":11},{"utility":2.5,"ID":14},{"utility":24.5,"ID":23}],[{"utility":0,"ID":13}],[{"utility":61,"ID":2},{"utility":42.5,"ID":6},{"utility":80,"ID":15}],[{"utility":0,"ID":9}],[{"utility":62,"ID":1},{"utility":32,"ID":8}],[{"utility":0,"ID":16}],[{"utility":0,"ID":18},{"utility":77,"ID":25}],[{"utility":0,"ID":4}],[{"utility":0,"ID":12}],[{"utility":35,"ID":3},{"utility":96,"ID":17},{"utility":38.666666666666664,"ID":19},{"utility":11.333333333333334,"ID":20}],[],[],[],[],[],[],[],[],[],[],[],[],[]],"CORE :":false,"LAST PARTITION":{"22":1,"23":3,"24":2,"25":9,"10":2,"11":3,"12":11,"13":13,"14":3,"15":5,"16":8,"17":12,"18":9,"19":12,"1":4,"2":16,"3":15,"4":10,"5":1,"6":16,"7":2,"8":7,"9":6,"20":4,"21":2}},{"STARTING PARTITION: ":{"22":10,"23":9,"24":10,"25":10,"10":10,"11":3,"12":3,"13":1,"14":6,"15":5,"16":10,"17":9,"18":9,"19":5,"1":4,"2":1,"3":5,"4":10,"5":9,"6":7,"7":9,"8":6,"9":10,"20":10,"21":12},"Agents":[null,{"utility":89,"ID":1},{"utility":63,"ID":2},{"utility":0,"ID":3},{"utility":41.666666666666664,"ID":4},{"utility":30.5,"ID":5},{"utility":85,"ID":6},{"utility":0,"ID":7},{"utility":73,"ID":8},{"utility":0,"ID":9},{"utility":37.666666666666664,"ID":10},{"utility":55,"ID":11},{"utility":60,"ID":12},{"utility":0,"ID":13},{"utility":0,"ID":14},{"utility":62,"ID":15},{"utility":42.5,"ID":16},{"utility":87,"ID":17},{"utility":0,"ID":18},{"utility":77,"ID":19},{"utility":45.5,"ID":20},{"utility":0,"ID":21},{"utility":23.833333333333332,"ID":22},{"utility":47.5,"ID":23},{"utility":54,"ID":24},{"utility":48.666666666666664,"ID":25}],"LAST COALITION":[[],[{"utility":0,"ID":3}],[{"utility":0,"ID":7}],[{"utility":55,"ID":11},{"utility":60,"ID":12}],[{"utility":0,"ID":9}],[{"utility":62,"ID":15},{"utility":77,"ID":19}],[{"utility":73,"ID":8},{"utility":0,"ID":14}],[{"utility":63,"ID":2},{"utility":85,"ID":6}],[{"utility":0,"ID":13}],[{"utility":30.5,"ID":5},{"utility":0,"ID":18},{"utility":47.5,"ID":23}],[{"utility":41.666666666666664,"ID":4},{"utility":37.666666666666664,"ID":10},{"utility":42.5,"ID":16},{"utility":45.5,"ID":20},{"utility":23.833333333333332,"ID":22},{"utility":54,"ID":24},{"utility":48.666666666666664,"ID":25}],[{"utility":89,"ID":1},{"utility":87,"ID":17}],[{"utility":0,"ID":21}],[],[],[],[],[],[],[],[],[],[],[],[],[]],"STARTING COALITION: ":[[null],[{"utility":0,"ID":2},{"utility":44,"ID":13}],[],[{"utility":55,"ID":11},{"utility":60,"ID":12}],[{"utility":0,"ID":1}],[{"utility":57,"ID":3},{"utility":66,"ID":15},{"utility":55,"ID":19}],[{"utility":73,"ID":8},{"utility":0,"ID":14}],[{"utility":0,"ID":6}],[],[{"utility":59.75,"ID":5},{"utility":13.75,"ID":7},{"utility":39.5,"ID":17},{"utility":39,"ID":18},{"utility":39.5,"ID":23}],[{"utility":46.142857142857146,"ID":4},{"utility":31.571428571428573,"ID":9},{"utility":41.714285714285715,"ID":10},{"utility":43.857142857142854,"ID":16},{"utility":46.285714285714285,"ID":20},{"utility":22.142857142857142,"ID":22},{"utility":57.714285714285715,"ID":24},{"utility":47.857142857142854,"ID":25}],[],[{"utility":0,"ID":21}],[],[],[],[],[],[],[],[],[],[],[],[],[]],"CORE :":false,"LAST PARTITION":{"22":10,"23":9,"24":10,"25":10,"10":10,"11":3,"12":3,"13":8,"14":6,"15":5,"16":10,"17":11,"18":9,"19":5,"1":11,"2":7,"3":1,"4":10,"5":9,"6":7,"7":2,"8":6,"9":4,"20":10,"21":12}},{"STARTING PARTITION: ":{"22":1,"23":10,"24":12,"25":1,"10":11,"11":10,"12":10,"13":6,"14":3,"15":1,"16":8,"17":5,"18":2,"19":2,"1":12,"2":10,"3":8,"4":7,"5":6,"6":3,"7":12,"8":1,"9":10,"20":12,"21":6},"Agents":[null,{"utility":89,"ID":1},{"utility":85,"ID":2},{"utility":92,"ID":3},{"utility":72,"ID":4},{"utility":92,"ID":5},{"utility":22,"ID":6},{"utility":97,"ID":7},{"utility":0,"ID":8},{"utility":96,"ID":9},{"utility":2,"ID":10},{"utility":54,"ID":11},{"utility":0,"ID":12},{"utility":0,"ID":13},{"utility":99,"ID":14},{"utility":0,"ID":15},{"utility":62,"ID":16},{"utility":87,"ID":17},{"utility":33,"ID":18},{"utility":52,"ID":19},{"utility":30,"ID":20},{"utility":91,"ID":21},{"utility":21,"ID":22},{"utility":7,"ID":23},{"utility":96,"ID":24},{"utility":78,"ID":25}],"LAST COALITION":[[],[{"utility":0,"ID":15},{"utility":21,"ID":22}],[{"utility":33,"ID":18},{"utility":52,"ID":19}],[{"utility":92,"ID":5},{"utility":78,"ID":25}],[{"utility":85,"ID":2},{"utility":62,"ID":16}],[{"utility":0,"ID":12}],[{"utility":0,"ID":13}],[{"utility":72,"ID":4},{"utility":2,"ID":10}],[{"utility":92,"ID":3},{"utility":99,"ID":14}],[{"utility":89,"ID":1},{"utility":87,"ID":17}],[{"utility":54,"ID":11},{"utility":7,"ID":23}],[],[{"utility":30,"ID":20},{"utility":96,"ID":24}],[{"utility":97,"ID":7},{"utility":91,"ID":21}],[{"utility":0,"ID":8}],[{"utility":22,"ID":6},{"utility":96,"ID":9}],[],[],[],[],[],[],[],[],[],[]],"STARTING COALITION: ":[[null],[{"utility":47.333333333333336,"ID":8},{"utility":25.333333333333332,"ID":15},{"utility":40.333333333333336,"ID":22},{"utility":31.666666666666668,"ID":25}],[{"utility":33,"ID":18},{"utility":52,"ID":19}],[{"utility":0,"ID":6},{"utility":61,"ID":14}],[],[{"utility":0,"ID":17}],[{"utility":0,"ID":5},{"utility":36.5,"ID":13},{"utility":29.5,"ID":21}],[{"utility":0,"ID":4}],[{"utility":0,"ID":3},{"utility":77,"ID":16}],[],[{"utility":44.5,"ID":2},{"utility":49,"ID":9},{"utility":38.75,"ID":11},{"utility":64.5,"ID":12},{"utility":30.75,"ID":23}],[{"utility":0,"ID":10}],[{"utility":33.333333333333336,"ID":1},{"utility":59,"ID":7},{"utility":35.333333333333336,"ID":20},{"utility":59.666666666666664,"ID":24}],[],[],[],[],[],[],[],[],[],[],[],[],[]],"CORE :":false,"LAST PARTITION":{"22":1,"23":10,"24":12,"25":3,"10":7,"11":10,"12":5,"13":6,"14":8,"15":1,"16":4,"17":9,"18":2,"19":2,"1":9,"2":4,"3":8,"4":7,"5":3,"6":15,"7":13,"8":14,"9":15,"20":12,"21":13}},{"STARTING PARTITION: ":{"22":4,"23":9,"24":3,"25":3,"10":11,"11":4,"12":7,"13":8,"14":8,"15":7,"16":9,"17":4,"18":1,"19":11,"1":5,"2":2,"3":6,"4":6,"5":6,"6":6,"7":8,"8":8,"9":6,"20":11,"21":1},"Agents":[null,{"utility":89,"ID":1},{"utility":94,"ID":2},{"utility":61,"ID":3},{"utility":96,"ID":4},{"utility":92,"ID":5},{"utility":0,"ID":6},{"utility":87,"ID":7},{"utility":9,"ID":8},{"utility":45,"ID":9},{"utility":37,"ID":10},{"utility":57,"ID":11},{"utility":62,"ID":12},{"utility":0,"ID":13},{"utility":5,"ID":14},{"utility":86,"ID":15},{"utility":84,"ID":16},{"utility":87,"ID":17},{"utility":98,"ID":18},{"utility":65.5,"ID":19},{"utility":36.5,"ID":20},{"utility":39,"ID":21},{"utility":70,"ID":22},{"utility":80,"ID":23},{"utility":81,"ID":24},{"utility":23,"ID":25}],"LAST COALITION":[[],[{"utility":98,"ID":18},{"utility":39,"ID":21}],[],[{"utility":81,"ID":24},{"utility":23,"ID":25}],[{"utility":57,"ID":11},{"utility":70,"ID":22}],[{"utility":92,"ID":5},{"utility":9,"ID":8}],[{"utility":94,"ID":2},{"utility":61,"ID":3}],[{"utility":62,"ID":12},{"utility":86,"ID":15}],[{"utility":87,"ID":7},{"utility":45,"ID":9}],[{"utility":84,"ID":16},{"utility":80,"ID":23}],[{"utility":0,"ID":6}],[{"utility":37,"ID":10},{"utility":65.5,"ID":19},{"utility":36.5,"ID":20}],[{"utility":0,"ID":13}],[{"utility":89,"ID":1},{"utility":87,"ID":17}],[{"utility":96,"ID":4},{"utility":5,"ID":14}],[],[],[],[],[],[],[],[],[],[],[]],"STARTING COALITION: ":[[null],[{"utility":98,"ID":18},{"utility":39,"ID":21}],[{"utility":0,"ID":2}],[{"utility":81,"ID":24},{"utility":23,"ID":25}],[{"utility":64.5,"ID":11},{"utility":20,"ID":17},{"utility":78.5,"ID":22}],[{"utility":0,"ID":1}],[{"utility":38.25,"ID":3},{"utility":53,"ID":4},{"utility":40.25,"ID":5},{"utility":35,"ID":6},{"utility":47.5,"ID":9}],[{"utility":62,"ID":12},{"utility":86,"ID":15}],[{"utility":22,"ID":7},{"utility":49,"ID":8},{"utility":14.666666666666666,"ID":13},{"utility":52.333333333333336,"ID":14}],[{"utility":84,"ID":16},{"utility":80,"ID":23}],[],[{"utility":37,"ID":10},{"utility":65.5,"ID":19},{"utility":36.5,"ID":20}],[],[],[],[],[],[],[],[],[],[],[],[],[],[]],"CORE :":false,"LAST PARTITION":{"22":4,"23":9,"24":3,"25":3,"10":11,"11":4,"12":7,"13":12,"14":14,"15":7,"16":9,"17":13,"18":1,"19":11,"1":13,"2":6,"3":6,"4":14,"5":5,"6":10,"7":8,"8":5,"9":8,"20":11,"21":1}},{"STARTING PARTITION: ":{"22":3,"23":8,"24":4,"25":1,"10":5,"11":8,"12":10,"13":2,"14":6,"15":1,"16":7,"17":12,"18":2,"19":3,"1":2,"2":11,"3":2,"4":5,"5":6,"6":7,"7":11,"8":8,"9":3,"20":2,"21":7},"Agents":[null,{"utility":89,"ID":1},{"utility":82,"ID":2},{"utility":0,"ID":3},{"utility":96,"ID":4},{"utility":92,"ID":5},{"utility":56,"ID":6},{"utility":87,"ID":7},{"utility":0,"ID":8},{"utility":45,"ID":9},{"utility":51,"ID":10},{"utility":54,"ID":11},{"utility":0,"ID":12},{"utility":0,"ID":13},{"utility":5,"ID":14},{"utility":0,"ID":15},{"utility":74,"ID":16},{"utility":87,"ID":17},{"utility":19,"ID":18},{"utility":0,"ID":19},{"utility":22,"ID":20},{"utility":97,"ID":21},{"utility":59,"ID":22},{"utility":7,"ID":23},{"utility":0,"ID":24},{"utility":78,"ID":25}],"LAST COALITION":[[],[{"utility":0,"ID":15}],[{"utility":19,"ID":18},{"utility":22,"ID":20}],[{"utility":0,"ID":19}],[{"utility":0,"ID":24}],[{"utility":96,"ID":4},{"utility":5,"ID":14}],[{"utility":92,"ID":5},{"utility":78,"ID":25}],[{"utility":74,"ID":16},{"utility":97,"ID":21}],[{"utility":54,"ID":11},{"utility":7,"ID":23}],[{"utility":0,"ID":13}],[{"utility":56,"ID":6},{"utility":51,"ID":10}],[{"utility":87,"ID":7},{"utility":45,"ID":9}],[{"utility":82,"ID":2},{"utility":59,"ID":22}],[{"utility":89,"ID":1},{"utility":87,"ID":17}],[],[{"utility":0,"ID":12}],[],[{"utility":0,"ID":3}],[{"utility":0,"ID":8}],[],[],[],[],[],[],[]],"STARTING COALITION: ":[[null],[{"utility":56,"ID":15},{"utility":5,"ID":25}],[{"utility":76.5,"ID":1},{"utility":25,"ID":3},{"utility":22.5,"ID":13},{"utility":23,"ID":18},{"utility":39.25,"ID":20}],[{"utility":35.5,"ID":9},{"utility":70.5,"ID":19},{"utility":38.5,"ID":22}],[{"utility":0,"ID":24}],[{"utility":72,"ID":4},{"utility":2,"ID":10}],[{"utility":32,"ID":5},{"utility":50,"ID":14}],[{"utility":54.5,"ID":6},{"utility":82.5,"ID":16},{"utility":53,"ID":21}],[{"utility":39.5,"ID":8},{"utility":72,"ID":11},{"utility":4,"ID":23}],[],[{"utility":0,"ID":12}],[{"utility":0,"ID":2},{"utility":8,"ID":7}],[{"utility":0,"ID":17}],[],[],[],[],[],[],[],[],[],[],[],[],[]],"CORE :":false,"LAST PARTITION":{"22":12,"23":8,"24":4,"25":6,"10":10,"11":8,"12":15,"13":9,"14":5,"15":1,"16":7,"17":13,"18":2,"19":3,"1":13,"2":12,"3":17,"4":5,"5":6,"6":10,"7":11,"8":18,"9":11,"20":2,"21":7}},{"STARTING PARTITION: ":{"22":5,"23":10,"24":6,"25":2,"10":1,"11":6,"12":3,"13":5,"14":5,"15":10,"16":1,"17":5,"18":6,"19":8,"1":7,"2":8,"3":11,"4":7,"5":7,"6":12,"7":6,"8":2,"9":12,"20":8,"21":1},"Agents":[null,{"utility":89,"ID":1},{"utility":0,"ID":2},{"utility":65,"ID":3},{"utility":47,"ID":4},{"utility":30,"ID":5},{"utility":30,"ID":6},{"utility":29.666666666666668,"ID":7},{"utility":53,"ID":8},{"utility":0,"ID":9},{"utility":12,"ID":10},{"utility":53,"ID":11},{"utility":0,"ID":12},{"utility":50,"ID":13},{"utility":63.5,"ID":14},{"utility":0,"ID":15},{"utility":76,"ID":16},{"utility":87,"ID":17},{"utility":52.666666666666664,"ID":18},{"utility":55,"ID":19},{"utility":4,"ID":20},{"utility":62,"ID":21},{"utility":61,"ID":22},{"utility":95,"ID":23},{"utility":19.333333333333332,"ID":24},{"utility":69,"ID":25}],"LAST COALITION":[[],[{"utility":12,"ID":10},{"utility":76,"ID":16},{"utility":62,"ID":21}],[{"utility":53,"ID":8},{"utility":69,"ID":25}],[{"utility":0,"ID":12}],[{"utility":89,"ID":1},{"utility":87,"ID":17}],[{"utility":50,"ID":13},{"utility":63.5,"ID":14},{"utility":61,"ID":22}],[{"utility":29.666666666666668,"ID":7},{"utility":53,"ID":11},{"utility":52.666666666666664,"ID":18},{"utility":19.333333333333332,"ID":24}],[{"utility":47,"ID":4},{"utility":30,"ID":5}],[{"utility":55,"ID":19},{"utility":4,"ID":20}],[{"utility":0,"ID":2}],[{"utility":0,"ID":15},{"utility":95,"ID":23}],[{"utility":65,"ID":3},{"utility":30,"ID":6}],[{"utility":0,"ID":9}],[],[],[],[],[],[],[],[],[],[],[],[],[]],"STARTING COALITION: ":[[null],[{"utility":12,"ID":10},{"utility":76,"ID":16},{"utility":62,"ID":21}],[{"utility":53,"ID":8},{"utility":69,"ID":25}],[{"utility":0,"ID":12}],[],[{"utility":42,"ID":13},{"utility":65.66666666666667,"ID":14},{"utility":57.333333333333336,"ID":17},{"utility":69.66666666666667,"ID":22}],[{"utility":29.666666666666668,"ID":7},{"utility":53,"ID":11},{"utility":52.666666666666664,"ID":18},{"utility":19.333333333333332,"ID":24}],[{"utility":83.5,"ID":1},{"utility":23.5,"ID":4},{"utility":28.5,"ID":5}],[{"utility":64.5,"ID":2},{"utility":27.5,"ID":19},{"utility":31,"ID":20}],[],[{"utility":0,"ID":15},{"utility":95,"ID":23}],[{"utility":0,"ID":3}],[{"utility":22,"ID":6},{"utility":96,"ID":9}],[],[],[],[],[],[],[],[],[],[],[],[],[]],"CORE :":false,"LAST PARTITION":{"22":5,"23":10,"24":6,"25":2,"10":1,"11":6,"12":3,"13":5,"14":5,"15":10,"16":1,"17":4,"18":6,"19":8,"1":4,"2":9,"3":11,"4":7,"5":7,"6":11,"7":6,"8":2,"9":12,"20":8,"21":1}},{"STARTING PARTITION: ":{"22":11,"23":5,"24":8,"25":11,"10":1,"11":10,"12":11,"13":6,"14":12,"15":9,"16":12,"17":12,"18":3,"19":9,"1":5,"2":6,"3":3,"4":11,"5":9,"6":8,"7":10,"8":8,"9":4,"20":10,"21":9},"Agents":[null,{"utility":88,"ID":1},{"utility":63,"ID":2},{"utility":0,"ID":3},{"utility":21,"ID":4},{"utility":36.666666666666664,"ID":5},{"utility":85,"ID":6},{"utility":0,"ID":7},{"utility":0,"ID":8},{"utility":0,"ID":9},{"utility":0,"ID":10},{"utility":0,"ID":11},{"utility":22,"ID":12},{"utility":0,"ID":13},{"utility":60,"ID":14},{"utility":53.333333333333336,"ID":15},{"utility":43.5,"ID":16},{"utility":88.5,"ID":17},{"utility":0,"ID":18},{"utility":44.666666666666664,"ID":19},{"utility":75,"ID":20},{"utility":37.333333333333336,"ID":21},{"utility":24,"ID":22},{"utility":0,"ID":23},{"utility":44,"ID":24},{"utility":47.5,"ID":25}],"LAST COALITION":[[],[{"utility":0,"ID":13}],[{"utility":0,"ID":7}],[{"utility":0,"ID":18}],[{"utility":0,"ID":10}],[{"utility":0,"ID":23}],[{"utility":0,"ID":3}],[{"utility":0,"ID":9}],[{"utility":0,"ID":8},{"utility":44,"ID":24}],[{"utility":36.666666666666664,"ID":5},{"utility":53.333333333333336,"ID":15},{"utility":44.666666666666664,"ID":19},{"utility":37.333333333333336,"ID":21}],[{"utility":0,"ID":11},{"utility":75,"ID":20}],[{"utility":21,"ID":4},{"utility":22,"ID":12},{"utility":47.5,"ID":25}],[{"utility":60,"ID":14},{"utility":43.5,"ID":16},{"utility":88.5,"ID":17}],[{"utility":88,"ID":1},{"utility":24,"ID":22}],[],[{"utility":63,"ID":2},{"utility":85,"ID":6}],[],[],[],[],[],[],[],[],[],[]],"STARTING COALITION: ":[[null],[{"utility":0,"ID":10}],[],[{"utility":10,"ID":3},{"utility":14,"ID":18}],[{"utility":0,"ID":9}],[{"utility":0,"ID":1},{"utility":81,"ID":23}],[{"utility":0,"ID":2},{"utility":44,"ID":13}],[],[{"utility":9,"ID":6},{"utility":38,"ID":8},{"utility":33.5,"ID":24}],[{"utility":36.666666666666664,"ID":5},{"utility":53.333333333333336,"ID":15},{"utility":44.666666666666664,"ID":19},{"utility":37.333333333333336,"ID":21}],[{"utility":5.5,"ID":7},{"utility":8,"ID":11},{"utility":56.5,"ID":20}],[{"utility":23.666666666666668,"ID":4},{"utility":20.333333333333332,"ID":12},{"utility":12,"ID":22},{"utility":38.666666666666664,"ID":25}],[{"utility":60,"ID":14},{"utility":43.5,"ID":16},{"utility":88.5,"ID":17}],[],[],[],[],[],[],[],[],[],[],[],[],[]],"CORE :":false,"LAST PARTITION":{"22":13,"23":5,"24":8,"25":11,"10":4,"11":10,"12":11,"13":1,"14":12,"15":9,"16":12,"17":12,"18":3,"19":9,"1":13,"2":15,"3":6,"4":11,"5":9,"6":15,"7":2,"8":8,"9":7,"20":10,"21":9}},{"STARTING PARTITION: ":{"22":4,"23":7,"24":10,"25":3,"10":4,"11":7,"12":1,"13":9,"14":2,"15":4,"16":12,"17":4,"18":3,"19":2,"1":12,"2":9,"3":1,"4":2,"5":9,"6":5,"7":4,"8":11,"9":10,"20":1,"21":11},"Agents":[null,{"utility":89,"ID":1},{"utility":85,"ID":2},{"utility":92,"ID":3},{"utility":0,"ID":4},{"utility":92,"ID":5},{"utility":93,"ID":6},{"utility":87,"ID":7},{"utility":0,"ID":8},{"utility":45,"ID":9},{"utility":0,"ID":10},{"utility":54,"ID":11},{"utility":0,"ID":12},{"utility":0,"ID":13},{"utility":99,"ID":14},{"utility":0,"ID":15},{"utility":62,"ID":16},{"utility":87,"ID":17},{"utility":0,"ID":18},{"utility":0,"ID":19},{"utility":0,"ID":20},{"utility":9,"ID":21},{"utility":0,"ID":22},{"utility":7,"ID":23},{"utility":0,"ID":24},{"utility":78,"ID":25}],"LAST COALITION":[[],[{"utility":0,"ID":10}],[{"utility":0,"ID":19}],[{"utility":0,"ID":18}],[{"utility":0,"ID":22}],[{"utility":92,"ID":5},{"utility":78,"ID":25}],[],[{"utility":54,"ID":11},{"utility":7,"ID":23}],[{"utility":89,"ID":1},{"utility":87,"ID":17}],[{"utility":0,"ID":13}],[{"utility":0,"ID":24}],[{"utility":92,"ID":3},{"utility":99,"ID":14}],[{"utility":85,"ID":2},{"utility":62,"ID":16}],[{"utility":87,"ID":7},{"utility":45,"ID":9}],[{"utility":93,"ID":6},{"utility":9,"ID":21}],[{"utility":0,"ID":15}],[{"utility":0,"ID":20}],[{"utility":0,"ID":4}],[{"utility":0,"ID":12}],[{"utility":0,"ID":8}],[],[],[],[],[],[]],"STARTING COALITION: ":[[null],[{"utility":45,"ID":3},{"utility":50,"ID":12},{"utility":0,"ID":20}],[{"utility":48,"ID":4},{"utility":7,"ID":14},{"utility":0,"ID":19}],[{"utility":0,"ID":18},{"utility":77,"ID":25}],[{"utility":19.5,"ID":7},{"utility":30,"ID":10},{"utility":26.75,"ID":15},{"utility":36.75,"ID":17},{"utility":27,"ID":22}],[{"utility":0,"ID":6}],[],[{"utility":54,"ID":11},{"utility":7,"ID":23}],[],[{"utility":33,"ID":2},{"utility":13,"ID":5},{"utility":47,"ID":13}],[{"utility":4,"ID":9},{"utility":80,"ID":24}],[{"utility":48,"ID":8},{"utility":24,"ID":21}],[{"utility":80,"ID":1},{"utility":38,"ID":16}],[],[],[],[],[],[],[],[],[],[],[],[],[]],"CORE :":false,"LAST PARTITION":{"22":4,"23":7,"24":10,"25":5,"10":1,"11":7,"12":18,"13":9,"14":11,"15":15,"16":12,"17":8,"18":3,"19":2,"1":8,"2":12,"3":11,"4":17,"5":5,"6":14,"7":13,"8":19,"9":13,"20":16,"21":14}},{"STARTING PARTITION: ":{"22":7,"23":11,"24":11,"25":6,"10":9,"11":3,"12":5,"13":3,"14":4,"15":12,"16":4,"17":6,"18":8,"19":3,"1":12,"2":12,"3":11,"4":10,"5":10,"6":11,"7":12,"8":3,"9":12,"20":2,"21":4},"Agents":[null,{"utility":89,"ID":1},{"utility":82,"ID":2},{"utility":94,"ID":3},{"utility":73,"ID":4},{"utility":92,"ID":5},{"utility":0,"ID":6},{"utility":39,"ID":7},{"utility":0,"ID":8},{"utility":94,"ID":9},{"utility":0,"ID":10},{"utility":0,"ID":11},{"utility":0,"ID":12},{"utility":0,"ID":13},{"utility":0,"ID":14},{"utility":0,"ID":15},{"utility":74,"ID":16},{"utility":87,"ID":17},{"utility":0,"ID":18},{"utility":0,"ID":19},{"utility":0,"ID":20},{"utility":97,"ID":21},{"utility":59,"ID":22},{"utility":46,"ID":23},{"utility":95,"ID":24},{"utility":78,"ID":25}],"LAST COALITION":[[],[{"utility":0,"ID":10}],[{"utility":0,"ID":20}],[{"utility":0,"ID":19}],[{"utility":74,"ID":16},{"utility":97,"ID":21}],[{"utility":92,"ID":5},{"utility":78,"ID":25}],[{"utility":82,"ID":2},{"utility":59,"ID":22}],[],[{"utility":0,"ID":18}],[{"utility":0,"ID":13}],[{"utility":0,"ID":11}],[{"utility":46,"ID":23},{"utility":95,"ID":24}],[{"utility":0,"ID":15}],[{"utility":89,"ID":1},{"utility":87,"ID":17}],[{"utility":0,"ID":14}],[{"utility":73,"ID":4},{"utility":94,"ID":9}],[{"utility":0,"ID":12}],[{"utility":0,"ID":6}],[{"utility":0,"ID":8}],[{"utility":94,"ID":3},{"utility":39,"ID":7}],[],[],[],[],[],[]],"STARTING COALITION: ":[[null],[],[{"utility":0,"ID":20}],[{"utility":35.666666666666664,"ID":8},{"utility":57,"ID":11},{"utility":35,"ID":13},{"utility":30.666666666666668,"ID":19}],[{"utility":39,"ID":14},{"utility":62.5,"ID":16},{"utility":75,"ID":21}],[{"utility":0,"ID":12}],[{"utility":43,"ID":17},{"utility":0,"ID":25}],[{"utility":0,"ID":22}],[{"utility":0,"ID":18}],[{"utility":0,"ID":10}],[{"utility":47,"ID":4},{"utility":30,"ID":5}],[{"utility":25.666666666666668,"ID":3},{"utility":47.666666666666664,"ID":6},{"utility":17.333333333333332,"ID":23},{"utility":49,"ID":24}],[{"utility":28.5,"ID":1},{"utility":23.5,"ID":2},{"utility":48.5,"ID":7},{"utility":30,"ID":9},{"utility":38.5,"ID":15}],[],[],[],[],[],[],[],[],[],[],[],[],[]],"CORE :":false,"LAST PARTITION":{"22":6,"23":11,"24":11,"25":5,"10":1,"11":10,"12":16,"13":9,"14":14,"15":12,"16":4,"17":13,"18":8,"19":3,"1":13,"2":6,"3":19,"4":15,"5":5,"6":17,"7":19,"8":18,"9":15,"20":2,"21":4}},{"STARTING PARTITION: ":{"22":1,"23":11,"24":4,"25":10,"10":11,"11":7,"12":8,"13":1,"14":5,"15":3,"16":7,"17":1,"18":5,"19":5,"1":3,"2":7,"3":9,"4":10,"5":1,"6":9,"7":10,"8":3,"9":11,"20":6,"21":6},"Agents":[null,{"utility":89,"ID":1},{"utility":85,"ID":2},{"utility":94,"ID":3},{"utility":73,"ID":4},{"utility":92,"ID":5},{"utility":93,"ID":6},{"utility":39,"ID":7},{"utility":0,"ID":8},{"utility":94,"ID":9},{"utility":0,"ID":10},{"utility":0,"ID":11},{"utility":0,"ID":12},{"utility":0,"ID":13},{"utility":0,"ID":14},{"utility":0,"ID":15},{"utility":62,"ID":16},{"utility":87,"ID":17},{"utility":33,"ID":18},{"utility":52,"ID":19},{"utility":0,"ID":20},{"utility":9,"ID":21},{"utility":0,"ID":22},{"utility":0,"ID":23},{"utility":0,"ID":24},{"utility":78,"ID":25}],"LAST COALITION":[[],[{"utility":0,"ID":8}],[{"utility":0,"ID":13}],[{"utility":0,"ID":14}],[{"utility":0,"ID":24}],[{"utility":33,"ID":18},{"utility":52,"ID":19}],[{"utility":73,"ID":4},{"utility":94,"ID":9}],[{"utility":93,"ID":6},{"utility":9,"ID":21}],[{"utility":0,"ID":20}],[{"utility":92,"ID":5},{"utility":78,"ID":25}],[{"utility":0,"ID":11}],[{"utility":0,"ID":23}],[{"utility":89,"ID":1},{"utility":87,"ID":17}],[{"utility":0,"ID":22}],[{"utility":0,"ID":15}],[{"utility":85,"ID":2},{"utility":62,"ID":16}],[{"utility":0,"ID":10}],[],[{"utility":0,"ID":12}],[{"utility":94,"ID":3},{"utility":39,"ID":7}],[],[],[],[],[],[]],"STARTING COALITION: ":[[null],[{"utility":56.666666666666664,"ID":5},{"utility":44,"ID":13},{"utility":53.666666666666664,"ID":17},{"utility":40.333333333333336,"ID":22}],[],[{"utility":69.5,"ID":1},{"utility":33.5,"ID":8},{"utility":21.5,"ID":15}],[{"utility":0,"ID":24}],[{"utility":39,"ID":14},{"utility":65.5,"ID":18},{"utility":26,"ID":19}],[{"utility":0,"ID":20},{"utility":58,"ID":21}],[{"utility":69,"ID":2},{"utility":0,"ID":11},{"utility":64,"ID":16}],[{"utility":0,"ID":12}],[{"utility":65,"ID":3},{"utility":30,"ID":6}],[{"utility":3,"ID":4},{"utility":10.5,"ID":7},{"utility":71.5,"ID":25}],[{"utility":44.5,"ID":9},{"utility":36.5,"ID":10},{"utility":26,"ID":23}],[],[],[],[],[],[],[],[],[],[],[],[],[],[]],"CORE :":false,"LAST PARTITION":{"22":13,"23":11,"24":4,"25":9,"10":16,"11":10,"12":18,"13":2,"14":3,"15":14,"16":15,"17":12,"18":5,"19":5,"1":12,"2":15,"3":19,"4":6,"5":9,"6":7,"7":19,"8":1,"9":6,"20":8,"21":7}},{"STARTING PARTITION: ":{"22":4,"23":2,"24":6,"25":4,"10":4,"11":1,"12":1,"13":8,"14":10,"15":7,"16":4,"17":10,"18":12,"19":11,"1":9,"2":1,"3":9,"4":8,"5":1,"6":10,"7":4,"8":5,"9":10,"20":8,"21":9},"Agents":[null,{"utility":89,"ID":1},{"utility":85,"ID":2},{"utility":92,"ID":3},{"utility":73,"ID":4},{"utility":0,"ID":5},{"utility":93,"ID":6},{"utility":0,"ID":7},{"utility":0,"ID":8},{"utility":94,"ID":9},{"utility":0,"ID":10},{"utility":0,"ID":11},{"utility":0,"ID":12},{"utility":0,"ID":13},{"utility":99,"ID":14},{"utility":0,"ID":15},{"utility":62,"ID":16},{"utility":87,"ID":17},{"utility":0,"ID":18},{"utility":0,"ID":19},{"utility":0,"ID":20},{"utility":9,"ID":21},{"utility":12,"ID":22},{"utility":0,"ID":23},{"utility":0,"ID":24},{"utility":21,"ID":25}],"LAST COALITION":[[],[{"utility":0,"ID":11}],[{"utility":0,"ID":23}],[{"utility":73,"ID":4},{"utility":94,"ID":9}],[{"utility":12,"ID":22},{"utility":21,"ID":25}],[{"utility":0,"ID":13}],[{"utility":0,"ID":24}],[{"utility":0,"ID":15}],[{"utility":0,"ID":20}],[{"utility":0,"ID":12}],[{"utility":0,"ID":10}],[{"utility":0,"ID":19}],[{"utility":0,"ID":18}],[{"utility":89,"ID":1},{"utility":87,"ID":17}],[{"utility":85,"ID":2},{"utility":62,"ID":16}],[{"utility":92,"ID":3},{"utility":99,"ID":14}],[{"utility":0,"ID":7}],[{"utility":93,"ID":6},{"utility":9,"ID":21}],[{"utility":0,"ID":8}],[],[{"utility":0,"ID":5}],[],[],[],[],[]],"STARTING COALITION: ":[[null],[{"utility":44.666666666666664,"ID":2},{"utility":36.666666666666664,"ID":5},{"utility":18.333333333333332,"ID":11},{"utility":31.333333333333332,"ID":12}],[{"utility":0,"ID":23}],[],[{"utility":36.5,"ID":7},{"utility":26,"ID":10},{"utility":24.75,"ID":16},{"utility":21,"ID":22},{"utility":33.75,"ID":25}],[{"utility":0,"ID":8}],[{"utility":0,"ID":24}],[{"utility":0,"ID":15}],[{"utility":37.5,"ID":4},{"utility":22.5,"ID":13},{"utility":70,"ID":20}],[{"utility":36.5,"ID":1},{"utility":41,"ID":3},{"utility":37.5,"ID":21}],[{"utility":38,"ID":6},{"utility":61.666666666666664,"ID":9},{"utility":76,"ID":14},{"utility":79,"ID":17}],[{"utility":0,"ID":19}],[{"utility":0,"ID":18}],[],[],[],[],[],[],[],[],[],[],[],[],[]],"CORE :":false,"LAST PARTITION":{"22":4,"23":2,"24":6,"25":4,"10":10,"11":1,"12":9,"13":5,"14":15,"15":7,"16":14,"17":13,"18":12,"19":11,"1":13,"2":14,"3":15,"4":3,"5":20,"6":17,"7":16,"8":18,"9":3,"20":8,"21":17}},{"STARTING PARTITION: ":{"22":5,"23":7,"24":2,"25":6,"10":12,"11":5,"12":6,"13":9,"14":9,"15":3,"16":10,"17":8,"18":3,"19":8,"1":5,"2":7,"3":4,"4":5,"5":11,"6":7,"7":2,"8":9,"9":9,"20":12,"21":8},"Agents":[null,{"utility":89,"ID":1},{"utility":85,"ID":2},{"utility":94,"ID":3},{"utility":96,"ID":4},{"utility":92,"ID":5},{"utility":95,"ID":6},{"utility":39,"ID":7},{"utility":0,"ID":8},{"utility":0,"ID":9},{"utility":74,"ID":10},{"utility":0,"ID":11},{"utility":0,"ID":12},{"utility":0,"ID":13},{"utility":5,"ID":14},{"utility":0,"ID":15},{"utility":62,"ID":16},{"utility":87,"ID":17},{"utility":0,"ID":18},{"utility":0,"ID":19},{"utility":69,"ID":20},{"utility":0,"ID":21},{"utility":0,"ID":22},{"utility":0,"ID":23},{"utility":0,"ID":24},{"utility":78,"ID":25}],"LAST COALITION":[[],[{"utility":0,"ID":8}],[{"utility":0,"ID":24}],[{"utility":0,"ID":18}],[],[{"utility":96,"ID":4},{"utility":5,"ID":14}],[{"utility":0,"ID":21}],[{"utility":95,"ID":6},{"utility":0,"ID":23}],[{"utility":0,"ID":11}],[{"utility":0,"ID":22}],[{"utility":85,"ID":2},{"utility":62,"ID":16}],[{"utility":0,"ID":13}],[{"utility":74,"ID":10},{"utility":69,"ID":20}],[{"utility":0,"ID":19}],[{"utility":0,"ID":15}],[{"utility":0,"ID":9}],[{"utility":92,"ID":5},{"utility":78,"ID":25}],[{"utility":0,"ID":12}],[{"utility":89,"ID":1},{"utility":87,"ID":17}],[{"utility":94,"ID":3},{"utility":39,"ID":7}],[],[],[],[],[],[]],"STARTING COALITION: ":[[null],[],[{"utility":78,"ID":7},{"utility":58,"ID":24}],[{"utility":19,"ID":15},{"utility":86,"ID":18}],[{"utility":0,"ID":3}],[{"utility":73,"ID":1},{"utility":18,"ID":4},{"utility":44.333333333333336,"ID":11},{"utility":39.333333333333336,"ID":22}],[{"utility":36,"ID":12},{"utility":3,"ID":25}],[{"utility":69,"ID":2},{"utility":90,"ID":6},{"utility":3,"ID":23}],[{"utility":73,"ID":17},{"utility":14,"ID":19},{"utility":25,"ID":21}],[{"utility":57,"ID":8},{"utility":54.666666666666664,"ID":9},{"utility":18.333333333333332,"ID":13},{"utility":56.666666666666664,"ID":14}],[{"utility":0,"ID":16}],[{"utility":0,"ID":5}],[{"utility":74,"ID":10},{"utility":69,"ID":20}],[],[],[],[],[],[],[],[],[],[],[],[],[]],"CORE :":false,"LAST PARTITION":{"22":9,"23":7,"24":2,"25":16,"10":12,"11":8,"12":17,"13":11,"14":5,"15":14,"16":10,"17":18,"18":3,"19":13,"1":18,"2":10,"3":19,"4":5,"5":16,"6":7,"7":19,"8":1,"9":15,"20":12,"21":6}},{"STARTING PARTITION: ":{"22":8,"23":4,"24":5,"25":2,"10":3,"11":3,"12":5,"13":6,"14":3,"15":8,"16":8,"17":1,"18":2,"19":4,"1":12,"2":4,"3":9,"4":2,"5":7,"6":8,"7":4,"8":8,"9":1,"20":6,"21":8},"Agents":[null,{"utility":89,"ID":1},{"utility":85,"ID":2},{"utility":94,"ID":3},{"utility":73,"ID":4},{"utility":92,"ID":5},{"utility":0,"ID":6},{"utility":39,"ID":7},{"utility":0,"ID":8},{"utility":94,"ID":9},{"utility":0,"ID":10},{"utility":0,"ID":11},{"utility":0,"ID":12},{"utility":13,"ID":13},{"utility":0,"ID":14},{"utility":8,"ID":15},{"utility":62,"ID":16},{"utility":87,"ID":17},{"utility":0,"ID":18},{"utility":86,"ID":19},{"utility":97,"ID":20},{"utility":55,"ID":21},{"utility":24,"ID":22},{"utility":88,"ID":23},{"utility":0,"ID":24},{"utility":78,"ID":25}],"LAST COALITION":[[],[{"utility":73,"ID":4},{"utility":94,"ID":9}],[{"utility":0,"ID":10}],[],[{"utility":86,"ID":19},{"utility":88,"ID":23}],[{"utility":0,"ID":24}],[{"utility":13,"ID":13},{"utility":97,"ID":20}],[{"utility":89,"ID":1},{"utility":87,"ID":17}],[{"utility":8,"ID":15},{"utility":55,"ID":21},{"utility":24,"ID":22}],[{"utility":85,"ID":2},{"utility":62,"ID":16}],[{"utility":0,"ID":14}],[{"utility":92,"ID":5},{"utility":78,"ID":25}],[{"utility":0,"ID":18}],[{"utility":0,"ID":11}],[{"utility":0,"ID":12}],[{"utility":0,"ID":6}],[{"utility":94,"ID":3},{"utility":39,"ID":7}],[{"utility":0,"ID":8}],[],[],[],[],[],[],[],[]],"STARTING COALITION: ":[[null],[{"utility":51,"ID":9},{"utility":84,"ID":17}],[{"utility":18,"ID":4},{"utility":21,"ID":18},{"utility":84.5,"ID":25}],[{"utility":9,"ID":10},{"utility":17,"ID":11},{"utility":33.5,"ID":14}],[{"utility":53.666666666666664,"ID":2},{"utility":25,"ID":7},{"utility":41,"ID":19},{"utility":52.333333333333336,"ID":23}],[{"utility":58,"ID":12},{"utility":0,"ID":24}],[{"utility":13,"ID":13},{"utility":97,"ID":20}],[{"utility":0,"ID":5}],[{"utility":39.4,"ID":6},{"utility":54.6,"ID":8},{"utility":37,"ID":15},{"utility":51.2,"ID":16},{"utility":48,"ID":21},{"utility":41.6,"ID":22}],[{"utility":0,"ID":3}],[],[],[{"utility":0,"ID":1}],[],[],[],[],[],[],[],[],[],[],[],[],[]],"CORE :":false,"LAST PARTITION":{"22":8,"23":4,"24":5,"25":11,"10":2,"11":13,"12":14,"13":6,"14":10,"15":8,"16":9,"17":7,"18":12,"19":4,"1":7,"2":9,"3":16,"4":1,"5":11,"6":15,"7":16,"8":17,"9":1,"20":6,"21":8}},{"STARTING PARTITION: ":{"22":10,"23":3,"24":4,"25":8,"10":5,"11":7,"12":3,"13":9,"14":6,"15":3,"16":3,"17":2,"18":3,"19":10,"1":2,"2":2,"3":3,"4":10,"5":4,"6":7,"7":4,"8":3,"9":7,"20":12,"21":6},"Agents":[null,{"utility":89,"ID":1},{"utility":85,"ID":2},{"utility":92,"ID":3},{"utility":29,"ID":4},{"utility":0,"ID":5},{"utility":22,"ID":6},{"utility":78,"ID":7},{"utility":93,"ID":8},{"utility":96,"ID":9},{"utility":0,"ID":10},{"utility":0,"ID":11},{"utility":0,"ID":12},{"utility":0,"ID":13},{"utility":99,"ID":14},{"utility":9.5,"ID":15},{"utility":62,"ID":16},{"utility":87,"ID":17},{"utility":43,"ID":18},{"utility":93,"ID":19},{"utility":0,"ID":20},{"utility":0,"ID":21},{"utility":65,"ID":22},{"utility":60,"ID":23},{"utility":58,"ID":24},{"utility":0,"ID":25}],"LAST COALITION":[[],[{"utility":0,"ID":5}],[{"utility":0,"ID":12}],[{"utility":9.5,"ID":15},{"utility":43,"ID":18},{"utility":60,"ID":23}],[{"utility":78,"ID":7},{"utility":58,"ID":24}],[{"utility":0,"ID":13}],[{"utility":0,"ID":21}],[{"utility":0,"ID":11}],[{"utility":0,"ID":25}],[{"utility":89,"ID":1},{"utility":87,"ID":17}],[{"utility":93,"ID":19},{"utility":65,"ID":22}],[{"utility":85,"ID":2},{"utility":62,"ID":16}],[{"utility":0,"ID":20}],[{"utility":22,"ID":6},{"utility":96,"ID":9}],[{"utility":92,"ID":3},{"utility":99,"ID":14}],[{"utility":29,"ID":4},{"utility":93,"ID":8}],[],[{"utility":0,"ID":10}],[],[],[],[],[],[],[],[]],"STARTING COALITION: ":[[null],[],[{"utility":46.5,"ID":1},{"utility":46,"ID":2},{"utility":63.5,"ID":17}],[{"utility":32.5,"ID":3},{"utility":33.333333333333336,"ID":8},{"utility":54.333333333333336,"ID":12},{"utility":41.5,"ID":15},{"utility":51.333333333333336,"ID":16},{"utility":37,"ID":18},{"utility":47,"ID":23}],[{"utility":52,"ID":5},{"utility":39,"ID":7},{"utility":70,"ID":24}],[{"utility":0,"ID":10}],[{"utility":28,"ID":14},{"utility":53,"ID":21}],[{"utility":41.5,"ID":6},{"utility":89,"ID":9},{"utility":35,"ID":11}],[{"utility":0,"ID":25}],[{"utility":0,"ID":13}],[{"utility":14.5,"ID":4},{"utility":46.5,"ID":19},{"utility":44.5,"ID":22}],[],[{"utility":0,"ID":20}],[],[],[],[],[],[],[],[],[],[],[],[],[]],"CORE :":false,"LAST PARTITION":{"22":10,"23":3,"24":4,"25":8,"10":17,"11":7,"12":2,"13":5,"14":14,"15":3,"16":11,"17":9,"18":3,"19":10,"1":9,"2":11,"3":14,"4":15,"5":1,"6":13,"7":4,"8":15,"9":13,"20":12,"21":6}},{"STARTING PARTITION: ":{"22":12,"23":2,"24":2,"25":4,"10":12,"11":8,"12":9,"13":11,"14":6,"15":11,"16":7,"17":5,"18":8,"19":9,"1":6,"2":4,"3":7,"4":6,"5":7,"6":11,"7":11,"8":10,"9":4,"20":5,"21":4},"Agents":[null,{"utility":89,"ID":1},{"utility":0,"ID":2},{"utility":65,"ID":3},{"utility":96,"ID":4},{"utility":77,"ID":5},{"utility":30,"ID":6},{"utility":0,"ID":7},{"utility":0,"ID":8},{"utility":84.5,"ID":9},{"utility":20,"ID":10},{"utility":62,"ID":11},{"utility":12,"ID":12},{"utility":0,"ID":13},{"utility":5,"ID":14},{"utility":61,"ID":15},{"utility":2,"ID":16},{"utility":0,"ID":17},{"utility":1,"ID":18},{"utility":0,"ID":19},{"utility":38,"ID":20},{"utility":22.5,"ID":21},{"utility":0,"ID":22},{"utility":46,"ID":23},{"utility":95,"ID":24},{"utility":55,"ID":25}],"LAST COALITION":[[],[{"utility":0,"ID":13}],[{"utility":46,"ID":23},{"utility":95,"ID":24}],[{"utility":89,"ID":1},{"utility":38,"ID":20}],[{"utility":84.5,"ID":9},{"utility":22.5,"ID":21},{"utility":55,"ID":25}],[{"utility":0,"ID":17}],[{"utility":96,"ID":4},{"utility":5,"ID":14}],[{"utility":77,"ID":5},{"utility":2,"ID":16}],[{"utility":62,"ID":11},{"utility":1,"ID":18}],[{"utility":12,"ID":12},{"utility":0,"ID":19}],[{"utility":0,"ID":8}],[{"utility":0,"ID":7},{"utility":61,"ID":15}],[{"utility":20,"ID":10},{"utility":0,"ID":22}],[{"utility":0,"ID":2}],[{"utility":65,"ID":3},{"utility":30,"ID":6}],[],[],[],[],[],[],[],[],[],[],[]],"STARTING COALITION: ":[[null],[],[{"utility":46,"ID":23},{"utility":95,"ID":24}],[],[{"utility":23.333333333333332,"ID":2},{"utility":62.333333333333336,"ID":9},{"utility":24.666666666666668,"ID":21},{"utility":43.666666666666664,"ID":25}],[{"utility":95,"ID":17},{"utility":30,"ID":20}],[{"utility":76.5,"ID":1},{"utility":48,"ID":4},{"utility":34,"ID":14}],[{"utility":19.5,"ID":3},{"utility":46.5,"ID":5},{"utility":39.5,"ID":16}],[{"utility":62,"ID":11},{"utility":1,"ID":18}],[{"utility":12,"ID":12},{"utility":0,"ID":19}],[{"utility":0,"ID":8}],[{"utility":27.333333333333332,"ID":6},{"utility":2.6666666666666665,"ID":7},{"utility":12.666666666666666,"ID":13},{"utility":52,"ID":15}],[{"utility":20,"ID":10},{"utility":0,"ID":22}],[],[],[],[],[],[],[],[],[],[],[],[],[]],"CORE :":false,"LAST PARTITION":{"22":12,"23":2,"24":2,"25":4,"10":12,"11":8,"12":9,"13":1,"14":6,"15":11,"16":7,"17":5,"18":8,"19":9,"1":3,"2":13,"3":14,"4":6,"5":7,"6":14,"7":11,"8":10,"9":4,"20":3,"21":4}},{"STARTING PARTITION: ":{"22":7,"23":7,"24":4,"25":10,"10":12,"11":2,"12":2,"13":6,"14":7,"15":11,"16":8,"17":5,"18":2,"19":4,"1":8,"2":9,"3":9,"4":3,"5":5,"6":12,"7":12,"8":6,"9":2,"20":5,"21":11},"Agents":[null,{"utility":89,"ID":1},{"utility":85,"ID":2},{"utility":94,"ID":3},{"utility":72,"ID":4},{"utility":77,"ID":5},{"utility":88,"ID":6},{"utility":39,"ID":7},{"utility":0,"ID":8},{"utility":0,"ID":9},{"utility":2,"ID":10},{"utility":58.5,"ID":11},{"utility":48.5,"ID":12},{"utility":0,"ID":13},{"utility":27,"ID":14},{"utility":16,"ID":15},{"utility":62,"ID":16},{"utility":87,"ID":17},{"utility":33.5,"ID":18},{"utility":87,"ID":19},{"utility":0,"ID":20},{"utility":47,"ID":21},{"utility":68.5,"ID":22},{"utility":47,"ID":23},{"utility":97,"ID":24},{"utility":0,"ID":25}],"LAST COALITION":[[],[{"utility":0,"ID":13}],[{"utility":58.5,"ID":11},{"utility":48.5,"ID":12},{"utility":33.5,"ID":18}],[],[{"utility":87,"ID":19},{"utility":97,"ID":24}],[{"utility":0,"ID":20}],[{"utility":72,"ID":4},{"utility":2,"ID":10}],[{"utility":27,"ID":14},{"utility":68.5,"ID":22},{"utility":47,"ID":23}],[{"utility":77,"ID":5},{"utility":88,"ID":6}],[{"utility":85,"ID":2},{"utility":62,"ID":16}],[{"utility":0,"ID":25}],[{"utility":16,"ID":15},{"utility":47,"ID":21}],[{"utility":0,"ID":9}],[{"utility":89,"ID":1},{"utility":87,"ID":17}],[{"utility":94,"ID":3},{"utility":39,"ID":7}],[{"utility":0,"ID":8}],[],[],[],[],[],[],[],[],[],[]],"STARTING COALITION: ":[[null],[],[{"utility":61.666666666666664,"ID":9},{"utility":54.333333333333336,"ID":11},{"utility":64,"ID":12},{"utility":27.666666666666668,"ID":18}],[{"utility":0,"ID":4}],[{"utility":87,"ID":19},{"utility":97,"ID":24}],[{"utility":60.5,"ID":5},{"utility":82,"ID":17},{"utility":58.5,"ID":20}],[{"utility":25,"ID":8},{"utility":0,"ID":13}],[{"utility":27,"ID":14},{"utility":68.5,"ID":22},{"utility":47,"ID":23}],[{"utility":80,"ID":1},{"utility":38,"ID":16}],[{"utility":94,"ID":2},{"utility":61,"ID":3}],[{"utility":0,"ID":25}],[{"utility":16,"ID":15},{"utility":47,"ID":21}],[{"utility":41.5,"ID":6},{"utility":20,"ID":7},{"utility":51.5,"ID":10}],[],[],[],[],[],[],[],[],[],[],[],[],[]],"CORE :":false,"LAST PARTITION":{"22":7,"23":7,"24":4,"25":10,"10":6,"11":2,"12":2,"13":1,"14":7,"15":11,"16":9,"17":13,"18":2,"19":4,"1":13,"2":9,"3":14,"4":6,"5":8,"6":8,"7":14,"8":15,"9":12,"20":5,"21":11}},{"STARTING PARTITION: ":{"22":11,"23":12,"24":9,"25":2,"10":5,"11":1,"12":8,"13":11,"14":5,"15":6,"16":8,"17":2,"18":5,"19":6,"1":10,"2":12,"3":12,"4":9,"5":4,"6":7,"7":2,"8":9,"9":5,"20":6,"21":2},"Agents":[null,{"utility":89,"ID":1},{"utility":85,"ID":2},{"utility":92,"ID":3},{"utility":73,"ID":4},{"utility":92,"ID":5},{"utility":0,"ID":6},{"utility":59,"ID":7},{"utility":9,"ID":8},{"utility":94,"ID":9},{"utility":94,"ID":10},{"utility":0,"ID":11},{"utility":0,"ID":12},{"utility":56,"ID":13},{"utility":99,"ID":14},{"utility":62,"ID":15},{"utility":62,"ID":16},{"utility":87,"ID":17},{"utility":0,"ID":18},{"utility":77,"ID":19},{"utility":0,"ID":20},{"utility":45.5,"ID":21},{"utility":34,"ID":22},{"utility":0,"ID":23},{"utility":0,"ID":24},{"utility":59,"ID":25}],"LAST COALITION":[[],[{"utility":0,"ID":11}],[{"utility":59,"ID":7},{"utility":45.5,"ID":21},{"utility":59,"ID":25}],[{"utility":85,"ID":2},{"utility":62,"ID":16}],[{"utility":89,"ID":1},{"utility":87,"ID":17}],[{"utility":94,"ID":10},{"utility":0,"ID":18}],[{"utility":62,"ID":15},{"utility":77,"ID":19}],[{"utility":73,"ID":4},{"utility":94,"ID":9}],[{"utility":92,"ID":3},{"utility":99,"ID":14}],[{"utility":0,"ID":24}],[{"utility":0,"ID":12}],[{"utility":56,"ID":13},{"utility":34,"ID":22}],[{"utility":0,"ID":23}],[{"utility":0,"ID":20}],[{"utility":92,"ID":5},{"utility":9,"ID":8}],[],[{"utility":0,"ID":6}],[],[],[],[],[],[],[],[],[]],"STARTING COALITION: ":[[null],[{"utility":0,"ID":11}],[{"utility":52,"ID":7},{"utility":43.666666666666664,"ID":17},{"utility":35,"ID":21},{"utility":39.333333333333336,"ID":25}],[],[{"utility":0,"ID":5}],[{"utility":44.666666666666664,"ID":9},{"utility":54.666666666666664,"ID":10},{"utility":76,"ID":14},{"utility":38,"ID":18}],[{"utility":46,"ID":15},{"utility":66,"ID":19},{"utility":17,"ID":20}],[{"utility":0,"ID":6}],[{"utility":0,"ID":12},{"utility":48,"ID":16}],[{"utility":23,"ID":4},{"utility":46.5,"ID":8},{"utility":38,"ID":24}],[{"utility":0,"ID":1}],[{"utility":56,"ID":13},{"utility":34,"ID":22}],[{"utility":84.5,"ID":2},{"utility":36.5,"ID":3},{"utility":6,"ID":23}],[],[],[],[],[],[],[],[],[],[],[],[],[]],"CORE :":false,"LAST PARTITION":{"22":11,"23":12,"24":9,"25":2,"10":5,"11":1,"12":10,"13":11,"14":8,"15":6,"16":3,"17":4,"18":5,"19":6,"1":4,"2":3,"3":8,"4":7,"5":14,"6":16,"7":2,"8":14,"9":7,"20":13,"21":2}},{"STARTING PARTITION: ":{"22":8,"23":1,"24":3,"25":4,"10":9,"11":11,"12":6,"13":9,"14":2,"15":7,"16":7,"17":9,"18":6,"19":7,"1":1,"2":9,"3":9,"4":7,"5":3,"6":11,"7":12,"8":12,"9":12,"20":6,"21":2},"Agents":[null,{"utility":89,"ID":1},{"utility":94,"ID":2},{"utility":61,"ID":3},{"utility":96,"ID":4},{"utility":92,"ID":5},{"utility":93,"ID":6},{"utility":87,"ID":7},{"utility":9,"ID":8},{"utility":45,"ID":9},{"utility":0,"ID":10},{"utility":0,"ID":11},{"utility":0,"ID":12},{"utility":0,"ID":13},{"utility":5,"ID":14},{"utility":62,"ID":15},{"utility":0,"ID":16},{"utility":87,"ID":17},{"utility":19,"ID":18},{"utility":77,"ID":19},{"utility":22,"ID":20},{"utility":9,"ID":21},{"utility":0,"ID":22},{"utility":0,"ID":23},{"utility":0,"ID":24},{"utility":0,"ID":25}],"LAST COALITION":[[],[{"utility":0,"ID":23}],[{"utility":94,"ID":2},{"utility":61,"ID":3}],[{"utility":0,"ID":24}],[{"utility":0,"ID":25}],[{"utility":0,"ID":16}],[{"utility":19,"ID":18},{"utility":22,"ID":20}],[{"utility":62,"ID":15},{"utility":77,"ID":19}],[{"utility":0,"ID":22}],[{"utility":0,"ID":13}],[{"utility":89,"ID":1},{"utility":87,"ID":17}],[{"utility":93,"ID":6},{"utility":9,"ID":21}],[{"utility":87,"ID":7},{"utility":45,"ID":9}],[{"utility":0,"ID":10}],[{"utility":0,"ID":12}],[{"utility":0,"ID":11}],[{"utility":92,"ID":5},{"utility":9,"ID":8}],[],[{"utility":96,"ID":4},{"utility":5,"ID":14}],[],[],[],[],[],[],[]],"STARTING COALITION: ":[[null],[{"utility":0,"ID":1},{"utility":81,"ID":23}],[{"utility":28,"ID":14},{"utility":53,"ID":21}],[{"utility":11,"ID":5},{"utility":82,"ID":24}],[{"utility":0,"ID":25}],[],[{"utility":20.5,"ID":12},{"utility":42.5,"ID":18},{"utility":11,"ID":20}],[{"utility":22.333333333333332,"ID":4},{"utility":71.33333333333333,"ID":15},{"utility":18.666666666666668,"ID":16},{"utility":34.333333333333336,"ID":19}],[{"utility":0,"ID":22}],[{"utility":51.75,"ID":2},{"utility":45,"ID":3},{"utility":20,"ID":10},{"utility":25.25,"ID":13},{"utility":46.75,"ID":17}],[],[{"utility":61,"ID":6},{"utility":24,"ID":11}],[{"utility":43.5,"ID":7},{"utility":61,"ID":8},{"utility":50,"ID":9}],[],[],[],[],[],[],[],[],[],[],[],[],[]],"CORE :":false,"LAST PARTITION":{"22":8,"23":1,"24":3,"25":4,"10":13,"11":15,"12":14,"13":9,"14":18,"15":7,"16":5,"17":10,"18":6,"19":7,"1":10,"2":2,"3":2,"4":18,"5":16,"6":11,"7":12,"8":16,"9":12,"20":6,"21":11}},{"END OF FILE:" : true}]