[{"STARTING PARTITION: ":{"22":4,"23":4,"24":3,"25":4,"10":1,"11":11,"12":5,"13":8,"14":11,"15":2,"16":7,"17":6,"18":6,"19":5,"1":4,"2":3,"3":7,"4":8,"5":4,"6":11,"7":8,"8":4,"9":8,"20":10,"21":4},"Agents":[null,{"utility":0,"ID":1},{"utility":98,"ID":2},{"utility":72,"ID":3},{"utility":72,"ID":4},{"utility":50,"ID":5},{"utility":44,"ID":6},{"utility":89,"ID":7},{"utility":19,"ID":8},{"utility":0,"ID":9},{"utility":97,"ID":10},{"utility":39,"ID":11},{"utility":85,"ID":12},{"utility":92,"ID":13},{"utility":72,"ID":14},{"utility":66,"ID":15},{"utility":85,"ID":16},{"utility":38,"ID":17},{"utility":0,"ID":18},{"utility":0,"ID":19},{"utility":22,"ID":20},{"utility":33,"ID":21},{"utility":0,"ID":22},{"utility":89,"ID":23},{"utility":89,"ID":24},{"utility":85,"ID":25}],"LAST COALITION":[[],[{"utility":85,"ID":12},{"utility":92,"ID":13}],[{"utility":97,"ID":10},{"utility":85,"ID":16}],[{"utility":44,"ID":6},{"utility":89,"ID":24}],[{"utility":0,"ID":22}],[{"utility":0,"ID":9}],[{"utility":0,"ID":18}],[{"utility":89,"ID":7},{"utility":89,"ID":23}],[{"utility":0,"ID":19}],[{"utility":0,"ID":1}],[{"utility":39,"ID":11},{"utility":66,"ID":15}],[],[{"utility":50,"ID":5},{"utility":38,"ID":17}],[],[{"utility":98,"ID":2},{"utility":22,"ID":20}],[{"utility":72,"ID":3},{"utility":33,"ID":21}],[{"utility":72,"ID":4},{"utility":72,"ID":14}],[{"utility":19,"ID":8},{"utility":85,"ID":25}],[],[],[],[],[],[],[],[]],"STARTING COALITION: ":[[null],[{"utility":0,"ID":10}],[{"utility":0,"ID":15}],[{"utility":0,"ID":2},{"utility":59,"ID":24}],[{"utility":39.333333333333336,"ID":1},{"utility":0,"ID":5},{"utility":43.333333333333336,"ID":8},{"utility":26.333333333333332,"ID":21},{"utility":21.166666666666668,"ID":22},{"utility":20.833333333333332,"ID":23},{"utility":38.666666666666664,"ID":25}],[{"utility":0,"ID":12},{"utility":0,"ID":19}],[{"utility":0,"ID":17},{"utility":0,"ID":18}],[{"utility":31,"ID":3},{"utility":0,"ID":16}],[{"utility":10.666666666666666,"ID":4},{"utility":41.333333333333336,"ID":7},{"utility":18,"ID":9},{"utility":35.333333333333336,"ID":13}],[],[{"utility":0,"ID":20}],[{"utility":0,"ID":6},{"utility":67.5,"ID":11},{"utility":45.5,"ID":14}],[],[],[],[],[],[],[],[],[],[],[],[],[],[]],"CORE :":false,"LAST PARTITION":{"22":4,"23":7,"24":3,"25":17,"10":2,"11":10,"12":1,"13":1,"14":16,"15":10,"16":2,"17":12,"18":6,"19":8,"1":9,"2":14,"3":15,"4":16,"5":12,"6":3,"7":7,"8":17,"9":5,"20":14,"21":15}},{"STARTING PARTITION: ":{"22":7,"23":8,"24":11,"25":7,"10":11,"11":10,"12":5,"13":11,"14":10,"15":2,"16":10,"17":3,"18":7,"19":1,"1":10,"2":9,"3":5,"4":3,"5":2,"6":2,"7":7,"8":10,"9":2,"20":11,"21":9},"Agents":[null,{"utility":90,"ID":1},{"utility":98,"ID":2},{"utility":72,"ID":3},{"utility":72,"ID":4},{"utility":50,"ID":5},{"utility":44,"ID":6},{"utility":89,"ID":7},{"utility":19,"ID":8},{"utility":0,"ID":9},{"utility":0,"ID":10},{"utility":82,"ID":11},{"utility":85,"ID":12},{"utility":92,"ID":13},{"utility":72,"ID":14},{"utility":56,"ID":15},{"utility":95,"ID":16},{"utility":38,"ID":17},{"utility":57,"ID":18},{"utility":0,"ID":19},{"utility":22,"ID":20},{"utility":33,"ID":21},{"utility":0,"ID":22},{"utility":89,"ID":23},{"utility":89,"ID":24},{"utility":85,"ID":25}],"LAST COALITION":[[],[{"utility":72,"ID":3},{"utility":33,"ID":21}],[{"utility":0,"ID":9}],[{"utility":50,"ID":5},{"utility":38,"ID":17}],[],[{"utility":90,"ID":1},{"utility":82,"ID":11}],[{"utility":0,"ID":19}],[{"utility":57,"ID":18},{"utility":0,"ID":22}],[{"utility":0,"ID":10}],[{"utility":72,"ID":4},{"utility":72,"ID":14}],[{"utility":56,"ID":15},{"utility":95,"ID":16}],[{"utility":44,"ID":6},{"utility":89,"ID":24}],[{"utility":85,"ID":12},{"utility":92,"ID":13}],[{"utility":98,"ID":2},{"utility":22,"ID":20}],[{"utility":89,"ID":7},{"utility":89,"ID":23}],[],[{"utility":19,"ID":8},{"utility":85,"ID":25}],[],[],[],[],[],[],[],[],[]],"STARTING COALITION: ":[[null],[{"utility":0,"ID":19}],[{"utility":26.333333333333332,"ID":5},{"utility":21.666666666666668,"ID":6},{"utility":0,"ID":9},{"utility":19,"ID":15}],[{"utility":15,"ID":4},{"utility":0,"ID":17}],[],[{"utility":0,"ID":3},{"utility":0,"ID":12}],[],[{"utility":18.333333333333332,"ID":7},{"utility":19,"ID":18},{"utility":10,"ID":22},{"utility":35.666666666666664,"ID":25}],[{"utility":0,"ID":23}],[{"utility":0,"ID":2},{"utility":37,"ID":21}],[{"utility":37.5,"ID":1},{"utility":18,"ID":8},{"utility":60.5,"ID":11},{"utility":69.25,"ID":14},{"utility":42.5,"ID":16}],[{"utility":0,"ID":10},{"utility":31.333333333333332,"ID":13},{"utility":8.333333333333334,"ID":20},{"utility":58.666666666666664,"ID":24}],[],[],[],[],[],[],[],[],[],[],[],[],[],[]],"CORE :":false,"LAST PARTITION":{"22":7,"23":14,"24":11,"25":16,"10":8,"11":5,"12":12,"13":12,"14":9,"15":10,"16":10,"17":3,"18":7,"19":6,"1":5,"2":13,"3":1,"4":9,"5":3,"6":11,"7":14,"8":16,"9":2,"20":13,"21":1}},{"STARTING PARTITION: ":{"22":6,"23":12,"24":11,"25":8,"10":2,"11":4,"12":8,"13":8,"14":7,"15":12,"16":11,"17":3,"18":10,"19":5,"1":3,"2":8,"3":3,"4":5,"5":1,"6":11,"7":5,"8":9,"9":8,"20":12,"21":9},"Agents":[null,{"utility":0,"ID":1},{"utility":98,"ID":2},{"utility":72,"ID":3},{"utility":72,"ID":4},{"utility":50,"ID":5},{"utility":44,"ID":6},{"utility":89,"ID":7},{"utility":19,"ID":8},{"utility":0,"ID":9},{"utility":97,"ID":10},{"utility":39,"ID":11},{"utility":85,"ID":12},{"utility":92,"ID":13},{"utility":72,"ID":14},{"utility":66,"ID":15},{"utility":85,"ID":16},{"utility":38,"ID":17},{"utility":0,"ID":18},{"utility":0,"ID":19},{"utility":22,"ID":20},{"utility":33,"ID":21},{"utility":0,"ID":22},{"utility":89,"ID":23},{"utility":89,"ID":24},{"utility":85,"ID":25}],"LAST COALITION":[[],[{"utility":39,"ID":11},{"utility":66,"ID":15}],[{"utility":89,"ID":7},{"utility":89,"ID":23}],[{"utility":0,"ID":1}],[{"utility":72,"ID":3},{"utility":33,"ID":21}],[{"utility":0,"ID":19}],[{"utility":0,"ID":22}],[{"utility":85,"ID":12},{"utility":92,"ID":13}],[{"utility":0,"ID":9}],[{"utility":97,"ID":10},{"utility":85,"ID":16}],[{"utility":0,"ID":18}],[{"utility":44,"ID":6},{"utility":89,"ID":24}],[],[{"utility":98,"ID":2},{"utility":22,"ID":20}],[{"utility":50,"ID":5},{"utility":38,"ID":17}],[{"utility":72,"ID":4},{"utility":72,"ID":14}],[{"utility":19,"ID":8},{"utility":85,"ID":25}],[],[],[],[],[],[],[],[],[]],"STARTING COALITION: ":[[null],[{"utility":0,"ID":5}],[{"utility":0,"ID":10}],[{"utility":14,"ID":1},{"utility":0,"ID":3},{"utility":44,"ID":17}],[{"utility":0,"ID":11}],[{"utility":0,"ID":4},{"utility":15.5,"ID":7},{"utility":49.5,"ID":19}],[{"utility":0,"ID":22}],[{"utility":0,"ID":14}],[{"utility":6.75,"ID":2},{"utility":49,"ID":9},{"utility":32.25,"ID":12},{"utility":37,"ID":13},{"utility":0,"ID":25}],[{"utility":58,"ID":8},{"utility":0,"ID":21}],[{"utility":0,"ID":18}],[{"utility":46,"ID":6},{"utility":0,"ID":16},{"utility":44.5,"ID":24}],[{"utility":46,"ID":15},{"utility":47.5,"ID":20},{"utility":19,"ID":23}],[],[],[],[],[],[],[],[],[],[],[],[],[]],"CORE :":false,"LAST PARTITION":{"22":6,"23":2,"24":11,"25":16,"10":9,"11":1,"12":7,"13":7,"14":15,"15":1,"16":9,"17":14,"18":10,"19":5,"1":3,"2":13,"3":4,"4":15,"5":14,"6":11,"7":2,"8":16,"9":8,"20":13,"21":4}},{"STARTING PARTITION: ":{"22":1,"23":10,"24":1,"25":10,"10":3,"11":6,"12":10,"13":12,"14":3,"15":6,"16":12,"17":12,"18":1,"19":4,"1":11,"2":12,"3":2,"4":6,"5":10,"6":12,"7":6,"8":10,"9":8,"20":9,"21":8},"Agents":[null,{"utility":90,"ID":1},{"utility":98,"ID":2},{"utility":72,"ID":3},{"utility":72,"ID":4},{"utility":50,"ID":5},{"utility":44,"ID":6},{"utility":89,"ID":7},{"utility":19,"ID":8},{"utility":0,"ID":9},{"utility":0,"ID":10},{"utility":82,"ID":11},{"utility":85,"ID":12},{"utility":92,"ID":13},{"utility":72,"ID":14},{"utility":56,"ID":15},{"utility":95,"ID":16},{"utility":38,"ID":17},{"utility":57,"ID":18},{"utility":0,"ID":19},{"utility":22,"ID":20},{"utility":33,"ID":21},{"utility":0,"ID":22},{"utility":89,"ID":23},{"utility":89,"ID":24},{"utility":85,"ID":25}],"LAST COALITION":[[],[{"utility":57,"ID":18},{"utility":0,"ID":22}],[{"utility":89,"ID":7},{"utility":89,"ID":23}],[{"utility":85,"ID":12},{"utility":92,"ID":13}],[{"utility":72,"ID":3},{"utility":33,"ID":21}],[],[{"utility":0,"ID":9}],[{"utility":44,"ID":6},{"utility":89,"ID":24}],[{"utility":72,"ID":4},{"utility":72,"ID":14}],[{"utility":0,"ID":10}],[{"utility":90,"ID":1},{"utility":82,"ID":11}],[{"utility":50,"ID":5},{"utility":38,"ID":17}],[{"utility":56,"ID":15},{"utility":95,"ID":16}],[{"utility":98,"ID":2},{"utility":22,"ID":20}],[{"utility":0,"ID":19}],[{"utility":19,"ID":8},{"utility":85,"ID":25}],[],[],[],[],[],[],[],[],[],[]],"STARTING COALITION: ":[[null],[{"utility":28.5,"ID":18},{"utility":0,"ID":22},{"utility":37.5,"ID":24}],[{"utility":0,"ID":3}],[{"utility":0,"ID":10},{"utility":0,"ID":14}],[{"utility":0,"ID":19}],[],[{"utility":0.3333333333333333,"ID":4},{"utility":18,"ID":7},{"utility":13,"ID":11},{"utility":47,"ID":15}],[],[{"utility":0,"ID":9},{"utility":46,"ID":21}],[{"utility":0,"ID":20}],[{"utility":23.75,"ID":5},{"utility":52.25,"ID":8},{"utility":14.25,"ID":12},{"utility":31.25,"ID":23},{"utility":21.25,"ID":25}],[{"utility":0,"ID":1}],[{"utility":51.25,"ID":2},{"utility":52.5,"ID":6},{"utility":20.75,"ID":13},{"utility":43.25,"ID":16},{"utility":24.5,"ID":17}],[],[],[],[],[],[],[],[],[],[],[],[],[]],"CORE :":false,"LAST PARTITION":{"22":1,"23":2,"24":7,"25":15,"10":9,"11":10,"12":3,"13":3,"14":8,"15":12,"16":12,"17":11,"18":1,"19":14,"1":10,"2":13,"3":4,"4":8,"5":11,"6":7,"7":2,"8":15,"9":6,"20":13,"21":4}},{"STARTING PARTITION: ":{"22":9,"23":6,"24":5,"25":11,"10":12,"11":12,"12":8,"13":12,"14":3,"15":9,"16":6,"17":10,"18":5,"19":8,"1":7,"2":11,"3":8,"4":3,"5":12,"6":11,"7":11,"8":10,"9":8,"20":5,"21":6},"Agents":[null,{"utility":31,"ID":1},{"utility":98,"ID":2},{"utility":72,"ID":3},{"utility":72,"ID":4},{"utility":50,"ID":5},{"utility":44,"ID":6},{"utility":89,"ID":7},{"utility":20,"ID":8},{"utility":0,"ID":9},{"utility":97,"ID":10},{"utility":39,"ID":11},{"utility":85,"ID":12},{"utility":92,"ID":13},{"utility":72,"ID":14},{"utility":66,"ID":15},{"utility":85,"ID":16},{"utility":38,"ID":17},{"utility":0,"ID":18},{"utility":0,"ID":19},{"utility":22,"ID":20},{"utility":33,"ID":21},{"utility":0,"ID":22},{"utility":89,"ID":23},{"utility":89,"ID":24},{"utility":0,"ID":25}],"LAST COALITION":[[],[],[{"utility":39,"ID":11},{"utility":66,"ID":15}],[{"utility":72,"ID":4},{"utility":72,"ID":14}],[{"utility":85,"ID":12},{"utility":92,"ID":13}],[{"utility":0,"ID":18}],[{"utility":44,"ID":6},{"utility":89,"ID":24}],[{"utility":0,"ID":9}],[{"utility":50,"ID":5},{"utility":38,"ID":17}],[{"utility":0,"ID":22}],[{"utility":97,"ID":10},{"utility":85,"ID":16}],[{"utility":31,"ID":1},{"utility":20,"ID":8}],[{"utility":0,"ID":25}],[{"utility":98,"ID":2},{"utility":22,"ID":20}],[{"utility":0,"ID":19}],[{"utility":89,"ID":7},{"utility":89,"ID":23}],[{"utility":72,"ID":3},{"utility":33,"ID":21}],[],[],[],[],[],[],[],[],[]],"STARTING COALITION: ":[[null],[],[],[{"utility":72,"ID":4},{"utility":72,"ID":14}],[],[{"utility":0,"ID":18},{"utility":12.5,"ID":20},{"utility":76,"ID":24}],[{"utility":44,"ID":16},{"utility":51,"ID":21},{"utility":6.5,"ID":23}],[{"utility":0,"ID":1}],[{"utility":30,"ID":3},{"utility":21,"ID":9},{"utility":0,"ID":12},{"utility":13.333333333333334,"ID":19}],[{"utility":0,"ID":15},{"utility":18,"ID":22}],[{"utility":0,"ID":8},{"utility":68,"ID":17}],[{"utility":18,"ID":2},{"utility":60.666666666666664,"ID":6},{"utility":37.333333333333336,"ID":7},{"utility":0,"ID":25}],[{"utility":23,"ID":5},{"utility":47.666666666666664,"ID":10},{"utility":0,"ID":11},{"utility":30.666666666666668,"ID":13}],[],[],[],[],[],[],[],[],[],[],[],[],[]],"CORE :":false,"LAST PARTITION":{"22":9,"23":15,"24":6,"25":12,"10":10,"11":2,"12":4,"13":4,"14":3,"15":2,"16":10,"17":8,"18":5,"19":14,"1":11,"2":13,"3":16,"4":3,"5":8,"6":6,"7":15,"8":11,"9":7,"20":13,"21":16}},{"STARTING PARTITION: ":{"22":3,"23":5,"24":7,"25":7,"10":5,"11":7,"12":4,"13":4,"14":9,"15":6,"16":7,"17":2,"18":7,"19":12,"1":5,"2":11,"3":12,"4":12,"5":10,"6":1,"7":4,"8":3,"9":3,"20":7,"21":2},"Agents":[null,{"utility":90,"ID":1},{"utility":98,"ID":2},{"utility":72,"ID":3},{"utility":72,"ID":4},{"utility":50,"ID":5},{"utility":44,"ID":6},{"utility":89,"ID":7},{"utility":31,"ID":8},{"utility":0,"ID":9},{"utility":0,"ID":10},{"utility":82,"ID":11},{"utility":85,"ID":12},{"utility":92,"ID":13},{"utility":72,"ID":14},{"utility":56,"ID":15},{"utility":95,"ID":16},{"utility":38,"ID":17},{"utility":0,"ID":18},{"utility":0,"ID":19},{"utility":22,"ID":20},{"utility":33,"ID":21},{"utility":0,"ID":22},{"utility":89,"ID":23},{"utility":89,"ID":24},{"utility":37,"ID":25}],"LAST COALITION":[[],[{"utility":89,"ID":7},{"utility":89,"ID":23}],[{"utility":44,"ID":6},{"utility":89,"ID":24}],[{"utility":31,"ID":8},{"utility":0,"ID":22}],[{"utility":85,"ID":12},{"utility":92,"ID":13}],[],[{"utility":0,"ID":10}],[{"utility":0,"ID":18},{"utility":37,"ID":25}],[{"utility":56,"ID":15},{"utility":95,"ID":16}],[{"utility":90,"ID":1},{"utility":82,"ID":11}],[{"utility":50,"ID":5},{"utility":38,"ID":17}],[{"utility":98,"ID":2},{"utility":22,"ID":20}],[{"utility":0,"ID":9}],[],[],[{"utility":0,"ID":19}],[{"utility":72,"ID":3},{"utility":33,"ID":21}],[{"utility":72,"ID":4},{"utility":72,"ID":14}],[],[],[],[],[],[],[],[]],"STARTING COALITION: ":[[null],[{"utility":0,"ID":6}],[{"utility":0,"ID":17},{"utility":0,"ID":21}],[{"utility":15.5,"ID":8},{"utility":27,"ID":9},{"utility":49,"ID":22}],[{"utility":49.5,"ID":7},{"utility":42.5,"ID":12},{"utility":71,"ID":13}],[{"utility":47.5,"ID":1},{"utility":28.5,"ID":10},{"utility":37,"ID":23}],[{"utility":0,"ID":15}],[{"utility":21.2,"ID":11},{"utility":37.4,"ID":16},{"utility":18.2,"ID":18},{"utility":17.8,"ID":20},{"utility":36.8,"ID":24},{"utility":12.2,"ID":25}],[],[{"utility":0,"ID":14}],[{"utility":0,"ID":5}],[{"utility":0,"ID":2}],[{"utility":26,"ID":3},{"utility":0,"ID":4},{"utility":20,"ID":19}],[],[],[],[],[],[],[],[],[],[],[],[],[]],"CORE :":false,"LAST PARTITION":{"22":3,"23":1,"24":2,"25":7,"10":6,"11":9,"12":4,"13":4,"14":17,"15":8,"16":8,"17":10,"18":7,"19":15,"1":9,"2":11,"3":16,"4":17,"5":10,"6":2,"7":1,"8":3,"9":12,"20":11,"21":16}},{"STARTING PARTITION: ":{"22":7,"23":5,"24":5,"25":7,"10":5,"11":1,"12":7,"13":10,"14":8,"15":10,"16":5,"17":12,"18":2,"19":1,"1":1,"2":5,"3":5,"4":1,"5":7,"6":6,"7":10,"8":6,"9":11,"20":10,"21":5},"Agents":[null,{"utility":90,"ID":1},{"utility":98,"ID":2},{"utility":72,"ID":3},{"utility":72,"ID":4},{"utility":50,"ID":5},{"utility":44,"ID":6},{"utility":89,"ID":7},{"utility":19,"ID":8},{"utility":0,"ID":9},{"utility":0,"ID":10},{"utility":82,"ID":11},{"utility":85,"ID":12},{"utility":92,"ID":13},{"utility":72,"ID":14},{"utility":56,"ID":15},{"utility":95,"ID":16},{"utility":38,"ID":17},{"utility":0,"ID":18},{"utility":0,"ID":19},{"utility":22,"ID":20},{"utility":33,"ID":21},{"utility":0,"ID":22},{"utility":89,"ID":23},{"utility":89,"ID":24},{"utility":85,"ID":25}],"LAST COALITION":[[],[{"utility":98,"ID":2},{"utility":22,"ID":20}],[{"utility":0,"ID":18}],[],[{"utility":0,"ID":9}],[{"utility":50,"ID":5},{"utility":38,"ID":17}],[{"utility":72,"ID":3},{"utility":33,"ID":21}],[{"utility":0,"ID":22}],[{"utility":85,"ID":12},{"utility":92,"ID":13}],[{"utility":44,"ID":6},{"utility":89,"ID":24}],[{"utility":90,"ID":1},{"utility":82,"ID":11}],[{"utility":0,"ID":19}],[{"utility":0,"ID":10}],[{"utility":56,"ID":15},{"utility":95,"ID":16}],[],[{"utility":72,"ID":4},{"utility":72,"ID":14}],[{"utility":89,"ID":7},{"utility":89,"ID":23}],[{"utility":19,"ID":8},{"utility":85,"ID":25}],[],[],[],[],[],[],[],[]],"STARTING COALITION: ":[[null],[{"utility":30,"ID":1},{"utility":13.666666666666666,"ID":4},{"utility":27.333333333333332,"ID":11},{"utility":0,"ID":19}],[{"utility":0,"ID":18}],[],[],[{"utility":26.333333333333332,"ID":2},{"utility":32.833333333333336,"ID":3},{"utility":37.833333333333336,"ID":10},{"utility":38.333333333333336,"ID":16},{"utility":55.333333333333336,"ID":21},{"utility":36.5,"ID":23},{"utility":24.833333333333332,"ID":24}],[{"utility":0,"ID":6},{"utility":0,"ID":8}],[{"utility":31.666666666666668,"ID":5},{"utility":8.333333333333334,"ID":12},{"utility":42.333333333333336,"ID":22},{"utility":23.333333333333332,"ID":25}],[{"utility":0,"ID":14}],[],[{"utility":66,"ID":7},{"utility":16.666666666666668,"ID":13},{"utility":0,"ID":15},{"utility":27,"ID":20}],[{"utility":0,"ID":9}],[{"utility":0,"ID":17}],[],[],[],[],[],[],[],[],[],[],[],[],[]],"CORE :":false,"LAST PARTITION":{"22":7,"23":16,"24":9,"25":17,"10":12,"11":10,"12":8,"13":8,"14":15,"15":13,"16":13,"17":5,"18":2,"19":11,"1":10,"2":1,"3":6,"4":15,"5":5,"6":9,"7":16,"8":17,"9":4,"20":1,"21":6}},{"STARTING PARTITION: ":{"22":6,"23":7,"24":3,"25":11,"10":9,"11":11,"12":3,"13":10,"14":11,"15":12,"16":6,"17":9,"18":6,"19":1,"1":2,"2":9,"3":5,"4":10,"5":12,"6":5,"7":5,"8":6,"9":6,"20":8,"21":5},"Agents":[null,{"utility":0,"ID":1},{"utility":98,"ID":2},{"utility":72,"ID":3},{"utility":72,"ID":4},{"utility":50,"ID":5},{"utility":44,"ID":6},{"utility":89,"ID":7},{"utility":19,"ID":8},{"utility":0,"ID":9},{"utility":97,"ID":10},{"utility":39,"ID":11},{"utility":85,"ID":12},{"utility":92,"ID":13},{"utility":72,"ID":14},{"utility":66,"ID":15},{"utility":85,"ID":16},{"utility":38,"ID":17},{"utility":57,"ID":18},{"utility":0,"ID":19},{"utility":22,"ID":20},{"utility":33,"ID":21},{"utility":0,"ID":22},{"utility":89,"ID":23},{"utility":89,"ID":24},{"utility":85,"ID":25}],"LAST COALITION":[[],[{"utility":72,"ID":3},{"utility":33,"ID":21}],[{"utility":98,"ID":2},{"utility":22,"ID":20}],[{"utility":39,"ID":11},{"utility":66,"ID":15}],[{"utility":0,"ID":1}],[{"utility":89,"ID":7},{"utility":89,"ID":23}],[{"utility":57,"ID":18},{"utility":0,"ID":22}],[{"utility":97,"ID":10},{"utility":85,"ID":16}],[{"utility":50,"ID":5},{"utility":38,"ID":17}],[{"utility":0,"ID":9}],[{"utility":0,"ID":19}],[],[{"utility":19,"ID":8},{"utility":85,"ID":25}],[{"utility":72,"ID":4},{"utility":72,"ID":14}],[{"utility":85,"ID":12},{"utility":92,"ID":13}],[{"utility":44,"ID":6},{"utility":89,"ID":24}],[],[],[],[],[],[],[],[],[],[]],"STARTING COALITION: ":[[null],[{"utility":0,"ID":19}],[{"utility":0,"ID":1}],[{"utility":0,"ID":12},{"utility":0,"ID":24}],[],[{"utility":46,"ID":3},{"utility":20.333333333333332,"ID":6},{"utility":12,"ID":7},{"utility":11,"ID":21}],[{"utility":27.5,"ID":8},{"utility":33.75,"ID":9},{"utility":42,"ID":16},{"utility":14.25,"ID":18},{"utility":28,"ID":22}],[{"utility":0,"ID":23}],[{"utility":0,"ID":20}],[{"utility":68.5,"ID":2},{"utility":40.5,"ID":10},{"utility":42,"ID":17}],[{"utility":32,"ID":4},{"utility":0,"ID":13}],[{"utility":44.5,"ID":11},{"utility":59,"ID":14},{"utility":3,"ID":25}],[{"utility":0,"ID":5},{"utility":13,"ID":15}],[],[],[],[],[],[],[],[],[],[],[],[],[]],"CORE :":false,"LAST PARTITION":{"22":6,"23":5,"24":15,"25":12,"10":7,"11":3,"12":14,"13":14,"14":13,"15":3,"16":7,"17":8,"18":6,"19":10,"1":4,"2":2,"3":1,"4":13,"5":8,"6":15,"7":5,"8":12,"9":9,"20":2,"21":1}},{"STARTING PARTITION: ":{"22":12,"23":12,"24":4,"25":6,"10":9,"11":6,"12":5,"13":3,"14":8,"15":2,"16":7,"17":10,"18":12,"19":8,"1":9,"2":10,"3":11,"4":1,"5":10,"6":5,"7":3,"8":2,"9":4,"20":6,"21":8},"Agents":[null,{"utility":95,"ID":1},{"utility":98,"ID":2},{"utility":72,"ID":3},{"utility":72,"ID":4},{"utility":50,"ID":5},{"utility":44,"ID":6},{"utility":89,"ID":7},{"utility":19,"ID":8},{"utility":0,"ID":9},{"utility":57,"ID":10},{"utility":39,"ID":11},{"utility":85,"ID":12},{"utility":92,"ID":13},{"utility":72,"ID":14},{"utility":66,"ID":15},{"utility":0,"ID":16},{"utility":38,"ID":17},{"utility":57,"ID":18},{"utility":0,"ID":19},{"utility":22,"ID":20},{"utility":33,"ID":21},{"utility":0,"ID":22},{"utility":89,"ID":23},{"utility":89,"ID":24},{"utility":85,"ID":25}],"LAST COALITION":[[],[{"utility":85,"ID":12},{"utility":92,"ID":13}],[],[{"utility":0,"ID":19}],[{"utility":89,"ID":7},{"utility":89,"ID":23}],[{"utility":95,"ID":1},{"utility":57,"ID":10}],[{"utility":0,"ID":9}],[{"utility":39,"ID":11},{"utility":66,"ID":15}],[{"utility":0,"ID":16}],[],[{"utility":50,"ID":5},{"utility":38,"ID":17}],[{"utility":98,"ID":2},{"utility":22,"ID":20}],[{"utility":57,"ID":18},{"utility":0,"ID":22}],[{"utility":19,"ID":8},{"utility":85,"ID":25}],[],[{"utility":72,"ID":3},{"utility":33,"ID":21}],[{"utility":72,"ID":4},{"utility":72,"ID":14}],[{"utility":44,"ID":6},{"utility":89,"ID":24}],[],[],[],[],[],[],[],[]],"STARTING COALITION: ":[[null],[{"utility":0,"ID":4}],[{"utility":0,"ID":8},{"utility":0,"ID":15}],[{"utility":99,"ID":7},{"utility":50,"ID":13}],[{"utility":35,"ID":9},{"utility":0,"ID":24}],[{"utility":0,"ID":6},{"utility":33,"ID":12}],[{"utility":17.5,"ID":11},{"utility":29,"ID":20},{"utility":0.5,"ID":25}],[{"utility":0,"ID":16}],[{"utility":0,"ID":14},{"utility":33.5,"ID":19},{"utility":0,"ID":21}],[{"utility":95,"ID":1},{"utility":57,"ID":10}],[{"utility":79.5,"ID":2},{"utility":67,"ID":5},{"utility":19,"ID":17}],[{"utility":0,"ID":3}],[{"utility":28.5,"ID":18},{"utility":0,"ID":22},{"utility":59,"ID":23}],[],[],[],[],[],[],[],[],[],[],[],[],[]],"CORE :":false,"LAST PARTITION":{"22":12,"23":4,"24":17,"25":13,"10":5,"11":7,"12":1,"13":1,"14":16,"15":7,"16":8,"17":10,"18":12,"19":3,"1":5,"2":11,"3":15,"4":16,"5":10,"6":17,"7":4,"8":13,"9":6,"20":11,"21":15}},{"STARTING PARTITION: ":{"22":5,"23":2,"24":9,"25":9,"10":9,"11":10,"12":5,"13":11,"14":12,"15":4,"16":1,"17":3,"18":4,"19":9,"1":5,"2":6,"3":4,"4":5,"5":8,"6":11,"7":8,"8":11,"9":10,"20":9,"21":4},"Agents":[null,{"utility":0,"ID":1},{"utility":98,"ID":2},{"utility":52,"ID":3},{"utility":72,"ID":4},{"utility":50,"ID":5},{"utility":44,"ID":6},{"utility":89,"ID":7},{"utility":19,"ID":8},{"utility":0,"ID":9},{"utility":97,"ID":10},{"utility":39,"ID":11},{"utility":85,"ID":12},{"utility":92,"ID":13},{"utility":72,"ID":14},{"utility":66,"ID":15},{"utility":85,"ID":16},{"utility":38,"ID":17},{"utility":99,"ID":18},{"utility":40,"ID":19},{"utility":22,"ID":20},{"utility":55,"ID":21},{"utility":0,"ID":22},{"utility":89,"ID":23},{"utility":89,"ID":24},{"utility":85,"ID":25}],"LAST COALITION":[[],[{"utility":98,"ID":2},{"utility":22,"ID":20}],[{"utility":52,"ID":3},{"utility":40,"ID":19}],[{"utility":50,"ID":5},{"utility":38,"ID":17}],[{"utility":99,"ID":18},{"utility":55,"ID":21}],[{"utility":0,"ID":22}],[{"utility":39,"ID":11},{"utility":66,"ID":15}],[{"utility":85,"ID":12},{"utility":92,"ID":13}],[{"utility":97,"ID":10},{"utility":85,"ID":16}],[{"utility":44,"ID":6},{"utility":89,"ID":24}],[{"utility":0,"ID":1}],[{"utility":0,"ID":9}],[],[],[{"utility":19,"ID":8},{"utility":85,"ID":25}],[{"utility":89,"ID":7},{"utility":89,"ID":23}],[],[{"utility":72,"ID":4},{"utility":72,"ID":14}],[],[],[],[],[],[],[],[]],"STARTING COALITION: ":[[null],[{"utility":0,"ID":16}],[{"utility":0,"ID":23}],[{"utility":0,"ID":17}],[{"utility":24,"ID":3},{"utility":0,"ID":15},{"utility":50,"ID":18},{"utility":57,"ID":21}],[{"utility":28.666666666666668,"ID":1},{"utility":35.666666666666664,"ID":4},{"utility":38,"ID":12},{"utility":33,"ID":22}],[{"utility":0,"ID":2}],[],[{"utility":78,"ID":5},{"utility":0,"ID":7}],[{"utility":8,"ID":10},{"utility":42.75,"ID":19},{"utility":6.25,"ID":20},{"utility":27.5,"ID":24},{"utility":0.25,"ID":25}],[{"utility":0,"ID":9},{"utility":0,"ID":11}],[{"utility":36.5,"ID":6},{"utility":0,"ID":8},{"utility":32,"ID":13}],[{"utility":0,"ID":14}],[],[],[],[],[],[],[],[],[],[],[],[],[]],"CORE :":false,"LAST PARTITION":{"22":5,"23":15,"24":9,"25":14,"10":8,"11":6,"12":7,"13":7,"14":17,"15":6,"16":8,"17":3,"18":4,"19":2,"1":10,"2":1,"3":2,"4":17,"5":3,"6":9,"7":15,"8":14,"9":11,"20":1,"21":4}},{"STARTING PARTITION: ":{"22":10,"23":2,"24":5,"25":9,"10":12,"11":3,"12":3,"13":10,"14":12,"15":9,"16":6,"17":5,"18":6,"19":6,"1":6,"2":11,"3":6,"4":2,"5":11,"6":9,"7":7,"8":10,"9":11,"20":6,"21":3},"Agents":[null,{"utility":90,"ID":1},{"utility":98,"ID":2},{"utility":72,"ID":3},{"utility":72,"ID":4},{"utility":50,"ID":5},{"utility":44,"ID":6},{"utility":89,"ID":7},{"utility":19,"ID":8},{"utility":0,"ID":9},{"utility":0,"ID":10},{"utility":82,"ID":11},{"utility":85,"ID":12},{"utility":92,"ID":13},{"utility":72,"ID":14},{"utility":56,"ID":15},{"utility":95,"ID":16},{"utility":38,"ID":17},{"utility":0,"ID":18},{"utility":0,"ID":19},{"utility":22,"ID":20},{"utility":33,"ID":21},{"utility":0,"ID":22},{"utility":89,"ID":23},{"utility":89,"ID":24},{"utility":85,"ID":25}],"LAST COALITION":[[],[{"utility":90,"ID":1},{"utility":82,"ID":11}],[{"utility":0,"ID":19}],[{"utility":0,"ID":10}],[{"utility":0,"ID":9}],[{"utility":50,"ID":5},{"utility":38,"ID":17}],[{"utility":0,"ID":18}],[],[{"utility":85,"ID":12},{"utility":92,"ID":13}],[{"utility":56,"ID":15},{"utility":95,"ID":16}],[{"utility":0,"ID":22}],[{"utility":98,"ID":2},{"utility":22,"ID":20}],[{"utility":72,"ID":3},{"utility":33,"ID":21}],[],[{"utility":19,"ID":8},{"utility":85,"ID":25}],[{"utility":44,"ID":6},{"utility":89,"ID":24}],[{"utility":72,"ID":4},{"utility":72,"ID":14}],[{"utility":89,"ID":7},{"utility":89,"ID":23}],[],[],[],[],[],[],[],[]],"STARTING COALITION: ":[[null],[],[{"utility":41,"ID":4},{"utility":0,"ID":23}],[{"utility":3,"ID":11},{"utility":29,"ID":12},{"utility":75,"ID":21}],[],[{"utility":0,"ID":17},{"utility":69,"ID":24}],[{"utility":25,"ID":1},{"utility":16.6,"ID":3},{"utility":36.8,"ID":16},{"utility":15.2,"ID":18},{"utility":24.2,"ID":19},{"utility":17.4,"ID":20}],[{"utility":0,"ID":7}],[],[{"utility":46.5,"ID":6},{"utility":22,"ID":15},{"utility":13,"ID":25}],[{"utility":15.5,"ID":8},{"utility":54,"ID":13},{"utility":0,"ID":22}],[{"utility":35,"ID":2},{"utility":62,"ID":5},{"utility":14.5,"ID":9}],[{"utility":0,"ID":10},{"utility":0,"ID":14}],[],[],[],[],[],[],[],[],[],[],[],[],[]],"CORE :":false,"LAST PARTITION":{"22":10,"23":17,"24":15,"25":14,"10":3,"11":1,"12":8,"13":8,"14":16,"15":9,"16":9,"17":5,"18":6,"19":2,"1":1,"2":11,"3":12,"4":16,"5":5,"6":15,"7":17,"8":14,"9":4,"20":11,"21":12}},{"STARTING PARTITION: ":{"22":10,"23":6,"24":6,"25":2,"10":1,"11":7,"12":3,"13":8,"14":7,"15":6,"16":5,"17":6,"18":2,"19":5,"1":3,"2":8,"3":7,"4":1,"5":2,"6":5,"7":1,"8":2,"9":8,"20":5,"21":10},"Agents":[null,{"utility":95,"ID":1},{"utility":98,"ID":2},{"utility":52,"ID":3},{"utility":72,"ID":4},{"utility":50,"ID":5},{"utility":44,"ID":6},{"utility":89,"ID":7},{"utility":79,"ID":8},{"utility":81,"ID":9},{"utility":57,"ID":10},{"utility":39,"ID":11},{"utility":85,"ID":12},{"utility":92,"ID":13},{"utility":72,"ID":14},{"utility":66,"ID":15},{"utility":3,"ID":16},{"utility":38,"ID":17},{"utility":0,"ID":18},{"utility":40,"ID":19},{"utility":22,"ID":20},{"utility":41,"ID":21},{"utility":0,"ID":22},{"utility":89,"ID":23},{"utility":89,"ID":24},{"utility":0,"ID":25}],"LAST COALITION":[[],[{"utility":95,"ID":1},{"utility":57,"ID":10}],[{"utility":79,"ID":8},{"utility":0,"ID":18}],[{"utility":39,"ID":11},{"utility":66,"ID":15}],[],[{"utility":50,"ID":5},{"utility":38,"ID":17}],[{"utility":81,"ID":9},{"utility":3,"ID":16}],[{"utility":0,"ID":25}],[],[{"utility":44,"ID":6},{"utility":89,"ID":24}],[{"utility":41,"ID":21},{"utility":0,"ID":22}],[{"utility":85,"ID":12},{"utility":92,"ID":13}],[],[{"utility":98,"ID":2},{"utility":22,"ID":20}],[{"utility":89,"ID":7},{"utility":89,"ID":23}],[{"utility":72,"ID":4},{"utility":72,"ID":14}],[{"utility":52,"ID":3},{"utility":40,"ID":19}],[],[],[],[],[],[],[],[],[]],"STARTING COALITION: ":[[null],[{"utility":0,"ID":4},{"utility":0,"ID":7},{"utility":21.5,"ID":10}],[{"utility":0,"ID":5},{"utility":50,"ID":8},{"utility":0,"ID":18},{"utility":40.666666666666664,"ID":25}],[{"utility":0,"ID":1},{"utility":89,"ID":12}],[],[{"utility":54,"ID":6},{"utility":31,"ID":16},{"utility":27,"ID":19},{"utility":2,"ID":20}],[{"utility":30.666666666666668,"ID":15},{"utility":0,"ID":17},{"utility":55.666666666666664,"ID":23},{"utility":61.333333333333336,"ID":24}],[{"utility":11,"ID":3},{"utility":76.5,"ID":11},{"utility":42,"ID":14}],[{"utility":13.5,"ID":2},{"utility":39.5,"ID":9},{"utility":28,"ID":13}],[],[{"utility":41,"ID":21},{"utility":0,"ID":22}],[],[],[],[],[],[],[],[],[],[],[],[],[],[],[]],"CORE :":false,"LAST PARTITION":{"22":10,"23":14,"24":9,"25":7,"10":1,"11":3,"12":11,"13":11,"14":15,"15":3,"16":6,"17":5,"18":2,"19":16,"1":1,"2":13,"3":16,"4":15,"5":5,"6":9,"7":14,"8":2,"9":6,"20":13,"21":10}},{"STARTING PARTITION: ":{"22":6,"23":6,"24":6,"25":10,"10":10,"11":10,"12":12,"13":2,"14":5,"15":12,"16":8,"17":4,"18":6,"19":3,"1":1,"2":11,"3":3,"4":2,"5":5,"6":1,"7":1,"8":4,"9":1,"20":6,"21":9},"Agents":[null,{"utility":90,"ID":1},{"utility":70,"ID":2},{"utility":72,"ID":3},{"utility":72,"ID":4},{"utility":84,"ID":5},{"utility":44,"ID":6},{"utility":89,"ID":7},{"utility":19,"ID":8},{"utility":0,"ID":9},{"utility":97,"ID":10},{"utility":82,"ID":11},{"utility":85,"ID":12},{"utility":92,"ID":13},{"utility":72,"ID":14},{"utility":0,"ID":15},{"utility":85,"ID":16},{"utility":0,"ID":17},{"utility":28.5,"ID":18},{"utility":0,"ID":19},{"utility":45.5,"ID":20},{"utility":33,"ID":21},{"utility":0,"ID":22},{"utility":89,"ID":23},{"utility":89,"ID":24},{"utility":85,"ID":25}],"LAST COALITION":[[],[{"utility":19,"ID":8},{"utility":85,"ID":25}],[{"utility":44,"ID":6},{"utility":89,"ID":24}],[{"utility":89,"ID":7},{"utility":89,"ID":23}],[{"utility":0,"ID":17}],[{"utility":85,"ID":12},{"utility":92,"ID":13}],[{"utility":28.5,"ID":18},{"utility":45.5,"ID":20},{"utility":0,"ID":22}],[{"utility":0,"ID":9}],[{"utility":72,"ID":3},{"utility":33,"ID":21}],[{"utility":72,"ID":4},{"utility":72,"ID":14}],[{"utility":90,"ID":1},{"utility":82,"ID":11}],[{"utility":97,"ID":10},{"utility":85,"ID":16}],[],[{"utility":0,"ID":15}],[{"utility":0,"ID":19}],[],[{"utility":70,"ID":2},{"utility":84,"ID":5}],[],[],[],[],[],[],[],[],[]],"STARTING COALITION: ":[[null],[{"utility":0,"ID":1},{"utility":44.666666666666664,"ID":6},{"utility":31.666666666666668,"ID":7},{"utility":1.3333333333333333,"ID":9}],[{"utility":32,"ID":4},{"utility":0,"ID":13}],[{"utility":52,"ID":3},{"utility":40,"ID":19}],[{"utility":0,"ID":8},{"utility":68,"ID":17}],[{"utility":0,"ID":5},{"utility":25,"ID":14}],[{"utility":14.25,"ID":18},{"utility":32.5,"ID":20},{"utility":0,"ID":22},{"utility":53,"ID":23},{"utility":59.75,"ID":24}],[],[{"utility":0,"ID":16}],[{"utility":0,"ID":21}],[{"utility":27.5,"ID":10},{"utility":0,"ID":11},{"utility":0.5,"ID":25}],[{"utility":0,"ID":2}],[{"utility":0,"ID":12},{"utility":15,"ID":15}],[],[],[],[],[],[],[],[],[],[],[],[],[]],"CORE :":false,"LAST PARTITION":{"22":6,"23":3,"24":2,"25":1,"10":11,"11":10,"12":5,"13":5,"14":9,"15":13,"16":11,"17":4,"18":6,"19":14,"1":10,"2":16,"3":8,"4":9,"5":16,"6":2,"7":3,"8":1,"9":7,"20":6,"21":8}},{"STARTING PARTITION: ":{"22":7,"23":10,"24":4,"25":7,"10":4,"11":6,"12":3,"13":8,"14":4,"15":1,"16":11,"17":4,"18":1,"19":10,"1":8,"2":2,"3":11,"4":12,"5":2,"6":9,"7":10,"8":11,"9":9,"20":8,"21":10},"Agents":[null,{"utility":90,"ID":1},{"utility":98,"ID":2},{"utility":72,"ID":3},{"utility":72,"ID":4},{"utility":50,"ID":5},{"utility":44,"ID":6},{"utility":89,"ID":7},{"utility":19,"ID":8},{"utility":0,"ID":9},{"utility":97,"ID":10},{"utility":82,"ID":11},{"utility":85,"ID":12},{"utility":92,"ID":13},{"utility":72,"ID":14},{"utility":0,"ID":15},{"utility":85,"ID":16},{"utility":38,"ID":17},{"utility":0,"ID":18},{"utility":0,"ID":19},{"utility":22,"ID":20},{"utility":33,"ID":21},{"utility":0,"ID":22},{"utility":89,"ID":23},{"utility":89,"ID":24},{"utility":85,"ID":25}],"LAST COALITION":[[],[{"utility":0,"ID":18}],[{"utility":44,"ID":6},{"utility":89,"ID":24}],[{"utility":0,"ID":9}],[{"utility":50,"ID":5},{"utility":38,"ID":17}],[{"utility":85,"ID":12},{"utility":92,"ID":13}],[{"utility":90,"ID":1},{"utility":82,"ID":11}],[{"utility":0,"ID":22}],[{"utility":89,"ID":7},{"utility":89,"ID":23}],[{"utility":0,"ID":15}],[{"utility":0,"ID":19}],[{"utility":72,"ID":3},{"utility":33,"ID":21}],[{"utility":97,"ID":10},{"utility":85,"ID":16}],[],[{"utility":19,"ID":8},{"utility":85,"ID":25}],[],[{"utility":98,"ID":2},{"utility":22,"ID":20}],[],[{"utility":72,"ID":4},{"utility":72,"ID":14}],[],[],[],[],[],[],[]],"STARTING COALITION: ":[[null],[{"utility":0,"ID":15},{"utility":51,"ID":18}],[{"utility":70,"ID":2},{"utility":84,"ID":5}],[{"utility":0,"ID":12}],[{"utility":0,"ID":10},{"utility":0,"ID":14},{"utility":28,"ID":17},{"utility":42,"ID":24}],[],[{"utility":0,"ID":11}],[{"utility":30,"ID":22},{"utility":70,"ID":25}],[{"utility":0,"ID":1},{"utility":18.5,"ID":13},{"utility":0,"ID":20}],[{"utility":65,"ID":6},{"utility":0,"ID":9}],[{"utility":40,"ID":7},{"utility":73,"ID":19},{"utility":3,"ID":21},{"utility":29.666666666666668,"ID":23}],[{"utility":47,"ID":3},{"utility":0,"ID":8},{"utility":0,"ID":16}],[{"utility":0,"ID":4}],[],[],[],[],[],[],[],[],[],[],[],[],[]],"CORE :":false,"LAST PARTITION":{"22":7,"23":8,"24":2,"25":14,"10":12,"11":6,"12":5,"13":5,"14":18,"15":9,"16":12,"17":4,"18":1,"19":10,"1":6,"2":16,"3":11,"4":18,"5":4,"6":2,"7":8,"8":14,"9":3,"20":16,"21":11}},{"STARTING PARTITION: ":{"22":3,"23":5,"24":4,"25":8,"10":12,"11":11,"12":8,"13":11,"14":11,"15":4,"16":10,"17":9,"18":9,"19":12,"1":6,"2":10,"3":2,"4":1,"5":12,"6":8,"7":5,"8":12,"9":9,"20":3,"21":10},"Agents":[null,{"utility":95,"ID":1},{"utility":70,"ID":2},{"utility":72,"ID":3},{"utility":72,"ID":4},{"utility":84,"ID":5},{"utility":44,"ID":6},{"utility":89,"ID":7},{"utility":19,"ID":8},{"utility":0,"ID":9},{"utility":57,"ID":10},{"utility":39,"ID":11},{"utility":85,"ID":12},{"utility":92,"ID":13},{"utility":72,"ID":14},{"utility":66,"ID":15},{"utility":0,"ID":16},{"utility":0,"ID":17},{"utility":0,"ID":18},{"utility":0,"ID":19},{"utility":91,"ID":20},{"utility":33,"ID":21},{"utility":0,"ID":22},{"utility":89,"ID":23},{"utility":89,"ID":24},{"utility":85,"ID":25}],"LAST COALITION":[[],[{"utility":89,"ID":7},{"utility":89,"ID":23}],[],[{"utility":91,"ID":20},{"utility":0,"ID":22}],[{"utility":85,"ID":12},{"utility":92,"ID":13}],[{"utility":0,"ID":9}],[{"utility":19,"ID":8},{"utility":85,"ID":25}],[{"utility":95,"ID":1},{"utility":57,"ID":10}],[{"utility":72,"ID":3},{"utility":33,"ID":21}],[{"utility":0,"ID":18}],[{"utility":0,"ID":16}],[{"utility":44,"ID":6},{"utility":89,"ID":24}],[{"utility":0,"ID":17}],[{"utility":0,"ID":19}],[{"utility":39,"ID":11},{"utility":66,"ID":15}],[{"utility":72,"ID":4},{"utility":72,"ID":14}],[],[{"utility":70,"ID":2},{"utility":84,"ID":5}],[],[],[],[],[],[],[],[]],"STARTING COALITION: ":[[null],[{"utility":0,"ID":4}],[{"utility":0,"ID":3}],[{"utility":91,"ID":20},{"utility":0,"ID":22}],[{"utility":0,"ID":15},{"utility":28,"ID":24}],[{"utility":89,"ID":7},{"utility":89,"ID":23}],[{"utility":0,"ID":1}],[],[{"utility":46.5,"ID":6},{"utility":16.5,"ID":12},{"utility":0,"ID":25}],[{"utility":0,"ID":9},{"utility":19.5,"ID":17},{"utility":0,"ID":18}],[{"utility":44.5,"ID":2},{"utility":72.5,"ID":16},{"utility":65,"ID":21}],[{"utility":44.5,"ID":11},{"utility":1,"ID":13},{"utility":73,"ID":14}],[{"utility":9.666666666666666,"ID":5},{"utility":75.66666666666667,"ID":8},{"utility":40,"ID":10},{"utility":0,"ID":19}],[],[],[],[],[],[],[],[],[],[],[],[],[]],"CORE :":false,"LAST PARTITION":{"22":3,"23":1,"24":11,"25":6,"10":7,"11":14,"12":4,"13":4,"14":15,"15":14,"16":10,"17":12,"18":9,"19":13,"1":7,"2":17,"3":8,"4":15,"5":17,"6":11,"7":1,"8":6,"9":5,"20":3,"21":8}},{"STARTING PARTITION: ":{"22":3,"23":2,"24":12,"25":2,"10":8,"11":2,"12":11,"13":5,"14":12,"15":7,"16":1,"17":8,"18":5,"19":8,"1":4,"2":2,"3":10,"4":7,"5":12,"6":4,"7":10,"8":1,"9":6,"20":3,"21":3},"Agents":[null,{"utility":95,"ID":1},{"utility":70,"ID":2},{"utility":72,"ID":3},{"utility":72,"ID":4},{"utility":84,"ID":5},{"utility":44,"ID":6},{"utility":89,"ID":7},{"utility":19,"ID":8},{"utility":0,"ID":9},{"utility":57,"ID":10},{"utility":0,"ID":11},{"utility":85,"ID":12},{"utility":92,"ID":13},{"utility":72,"ID":14},{"utility":56,"ID":15},{"utility":95,"ID":16},{"utility":0,"ID":17},{"utility":0,"ID":18},{"utility":0,"ID":19},{"utility":91,"ID":20},{"utility":33,"ID":21},{"utility":0,"ID":22},{"utility":89,"ID":23},{"utility":89,"ID":24},{"utility":85,"ID":25}],"LAST COALITION":[[],[{"utility":72,"ID":3},{"utility":33,"ID":21}],[{"utility":19,"ID":8},{"utility":85,"ID":25}],[{"utility":91,"ID":20},{"utility":0,"ID":22}],[],[{"utility":0,"ID":18}],[{"utility":0,"ID":19}],[{"utility":95,"ID":1},{"utility":57,"ID":10}],[{"utility":0,"ID":17}],[{"utility":0,"ID":9}],[{"utility":89,"ID":7},{"utility":89,"ID":23}],[{"utility":56,"ID":15},{"utility":95,"ID":16}],[{"utility":44,"ID":6},{"utility":89,"ID":24}],[{"utility":0,"ID":11}],[{"utility":85,"ID":12},{"utility":92,"ID":13}],[],[{"utility":70,"ID":2},{"utility":84,"ID":5}],[{"utility":72,"ID":4},{"utility":72,"ID":14}],[],[],[],[],[],[],[],[]],"STARTING COALITION: ":[[null],[{"utility":0,"ID":8},{"utility":0,"ID":16}],[{"utility":6.666666666666667,"ID":2},{"utility":17,"ID":11},{"utility":38.333333333333336,"ID":23},{"utility":0.3333333333333333,"ID":25}],[{"utility":45.5,"ID":20},{"utility":20.5,"ID":21},{"utility":0,"ID":22}],[{"utility":0,"ID":1},{"utility":69,"ID":6}],[{"utility":0,"ID":13},{"utility":0,"ID":18}],[{"utility":0,"ID":9}],[{"utility":1,"ID":4},{"utility":75,"ID":15}],[{"utility":16,"ID":10},{"utility":42,"ID":17},{"utility":31.5,"ID":19}],[],[{"utility":66,"ID":3},{"utility":0,"ID":7}],[{"utility":0,"ID":12}],[{"utility":42,"ID":5},{"utility":12.5,"ID":14},{"utility":43.5,"ID":24}],[],[],[],[],[],[],[],[],[],[],[],[],[]],"CORE :":false,"LAST PARTITION":{"22":3,"23":10,"24":12,"25":2,"10":7,"11":13,"12":14,"13":14,"14":17,"15":11,"16":11,"17":8,"18":5,"19":6,"1":7,"2":16,"3":1,"4":17,"5":16,"6":12,"7":10,"8":2,"9":9,"20":3,"21":1}},{"STARTING PARTITION: ":{"22":10,"23":11,"24":10,"25":6,"10":5,"11":12,"12":6,"13":10,"14":1,"15":8,"16":10,"17":12,"18":7,"19":9,"1":11,"2":2,"3":5,"4":6,"5":8,"6":7,"7":6,"8":11,"9":4,"20":5,"21":5},"Agents":[null,{"utility":95,"ID":1},{"utility":98,"ID":2},{"utility":72,"ID":3},{"utility":72,"ID":4},{"utility":84,"ID":5},{"utility":93,"ID":6},{"utility":89,"ID":7},{"utility":19,"ID":8},{"utility":0,"ID":9},{"utility":57,"ID":10},{"utility":39,"ID":11},{"utility":85,"ID":12},{"utility":92,"ID":13},{"utility":72,"ID":14},{"utility":66,"ID":15},{"utility":0,"ID":16},{"utility":0,"ID":17},{"utility":0,"ID":18},{"utility":0,"ID":19},{"utility":22,"ID":20},{"utility":33,"ID":21},{"utility":0,"ID":22},{"utility":89,"ID":23},{"utility":30,"ID":24},{"utility":85,"ID":25}],"LAST COALITION":[[],[{"utility":89,"ID":7},{"utility":89,"ID":23}],[{"utility":85,"ID":12},{"utility":92,"ID":13}],[],[{"utility":98,"ID":2},{"utility":22,"ID":20}],[{"utility":72,"ID":4},{"utility":72,"ID":14}],[{"utility":95,"ID":1},{"utility":57,"ID":10}],[{"utility":93,"ID":6},{"utility":0,"ID":18}],[{"utility":39,"ID":11},{"utility":66,"ID":15}],[{"utility":72,"ID":3},{"utility":33,"ID":21}],[{"utility":0,"ID":22}],[{"utility":0,"ID":19}],[{"utility":0,"ID":17}],[{"utility":84,"ID":5},{"utility":30,"ID":24}],[{"utility":0,"ID":9}],[{"utility":0,"ID":16}],[{"utility":19,"ID":8},{"utility":85,"ID":25}],[],[],[],[],[],[],[],[],[]],"STARTING COALITION: ":[[null],[{"utility":0,"ID":14}],[{"utility":0,"ID":2}],[],[{"utility":0,"ID":9}],[{"utility":55.333333333333336,"ID":3},{"utility":16.333333333333332,"ID":10},{"utility":27,"ID":20},{"utility":41,"ID":21}],[{"utility":48.666666666666664,"ID":4},{"utility":0,"ID":7},{"utility":0,"ID":12},{"utility":0,"ID":25}],[{"utility":93,"ID":6},{"utility":0,"ID":18}],[{"utility":0,"ID":5},{"utility":13,"ID":15}],[{"utility":0,"ID":19}],[{"utility":38.666666666666664,"ID":13},{"utility":43.666666666666664,"ID":16},{"utility":4.666666666666667,"ID":22},{"utility":33,"ID":24}],[{"utility":15.5,"ID":1},{"utility":50,"ID":8},{"utility":28.5,"ID":23}],[{"utility":0,"ID":11},{"utility":0,"ID":17}],[],[],[],[],[],[],[],[],[],[],[],[],[]],"CORE :":false,"LAST PARTITION":{"22":10,"23":1,"24":13,"25":16,"10":6,"11":8,"12":2,"13":2,"14":5,"15":8,"16":15,"17":12,"18":7,"19":11,"1":6,"2":4,"3":9,"4":5,"5":13,"6":7,"7":1,"8":16,"9":14,"20":4,"21":9}},{"STARTING PARTITION: ":{"22":7,"23":9,"24":5,"25":1,"10":10,"11":2,"12":8,"13":6,"14":10,"15":11,"16":3,"17":8,"18":3,"19":8,"1":4,"2":10,"3":2,"4":10,"5":2,"6":9,"7":1,"8":1,"9":4,"20":12,"21":6},"Agents":[null,{"utility":95,"ID":1},{"utility":98,"ID":2},{"utility":72,"ID":3},{"utility":72,"ID":4},{"utility":50,"ID":5},{"utility":44,"ID":6},{"utility":89,"ID":7},{"utility":19,"ID":8},{"utility":81,"ID":9},{"utility":57,"ID":10},{"utility":39,"ID":11},{"utility":85,"ID":12},{"utility":92,"ID":13},{"utility":72,"ID":14},{"utility":66,"ID":15},{"utility":3,"ID":16},{"utility":38,"ID":17},{"utility":0,"ID":18},{"utility":0,"ID":19},{"utility":22,"ID":20},{"utility":33,"ID":21},{"utility":0,"ID":22},{"utility":89,"ID":23},{"utility":89,"ID":24},{"utility":85,"ID":25}],"LAST COALITION":[[],[{"utility":39,"ID":11},{"utility":66,"ID":15}],[{"utility":85,"ID":12},{"utility":92,"ID":13}],[{"utility":0,"ID":18}],[{"utility":89,"ID":7},{"utility":89,"ID":23}],[{"utility":44,"ID":6},{"utility":89,"ID":24}],[{"utility":50,"ID":5},{"utility":38,"ID":17}],[{"utility":0,"ID":22}],[{"utility":95,"ID":1},{"utility":57,"ID":10}],[{"utility":81,"ID":9},{"utility":3,"ID":16}],[{"utility":72,"ID":4},{"utility":72,"ID":14}],[],[{"utility":0,"ID":19}],[],[],[{"utility":98,"ID":2},{"utility":22,"ID":20}],[{"utility":72,"ID":3},{"utility":33,"ID":21}],[{"utility":19,"ID":8},{"utility":85,"ID":25}],[],[],[],[],[],[],[],[]],"STARTING COALITION: ":[[null],[{"utility":20,"ID":7},{"utility":9.5,"ID":8},{"utility":42.5,"ID":25}],[{"utility":11,"ID":3},{"utility":36.5,"ID":5},{"utility":32,"ID":11}],[{"utility":91,"ID":16},{"utility":0,"ID":18}],[{"utility":0,"ID":1},{"utility":0,"ID":9}],[{"utility":0,"ID":24}],[{"utility":0,"ID":13},{"utility":0,"ID":21}],[{"utility":0,"ID":22}],[{"utility":0,"ID":12},{"utility":0,"ID":17},{"utility":31.5,"ID":19}],[{"utility":0,"ID":6},{"utility":6,"ID":23}],[{"utility":72.66666666666667,"ID":2},{"utility":24,"ID":4},{"utility":41.333333333333336,"ID":10},{"utility":44,"ID":14}],[{"utility":0,"ID":15}],[{"utility":0,"ID":20}],[],[],[],[],[],[],[],[],[],[],[],[],[]],"CORE :":false,"LAST PARTITION":{"22":7,"23":4,"24":5,"25":17,"10":8,"11":1,"12":2,"13":2,"14":10,"15":1,"16":9,"17":6,"18":3,"19":12,"1":8,"2":15,"3":16,"4":10,"5":6,"6":5,"7":4,"8":17,"9":9,"20":15,"21":16}},{"STARTING PARTITION: ":{"22":5,"23":3,"24":5,"25":4,"10":6,"11":3,"12":12,"13":8,"14":5,"15":6,"16":4,"17":10,"18":2,"19":6,"1":7,"2":8,"3":5,"4":1,"5":9,"6":6,"7":5,"8":10,"9":2,"20":1,"21":6},"Agents":[null,{"utility":95,"ID":1},{"utility":98,"ID":2},{"utility":72,"ID":3},{"utility":72,"ID":4},{"utility":50,"ID":5},{"utility":44,"ID":6},{"utility":89,"ID":7},{"utility":19,"ID":8},{"utility":81,"ID":9},{"utility":57,"ID":10},{"utility":39,"ID":11},{"utility":85,"ID":12},{"utility":92,"ID":13},{"utility":72,"ID":14},{"utility":66,"ID":15},{"utility":3,"ID":16},{"utility":38,"ID":17},{"utility":0,"ID":18},{"utility":0,"ID":19},{"utility":22,"ID":20},{"utility":33,"ID":21},{"utility":0,"ID":22},{"utility":89,"ID":23},{"utility":89,"ID":24},{"utility":85,"ID":25}],"LAST COALITION":[[],[],[{"utility":0,"ID":18}],[{"utility":72,"ID":3},{"utility":33,"ID":21}],[{"utility":89,"ID":7},{"utility":89,"ID":23}],[{"utility":0,"ID":22}],[{"utility":39,"ID":11},{"utility":66,"ID":15}],[{"utility":81,"ID":9},{"utility":3,"ID":16}],[{"utility":95,"ID":1},{"utility":57,"ID":10}],[{"utility":44,"ID":6},{"utility":89,"ID":24}],[{"utility":50,"ID":5},{"utility":38,"ID":17}],[],[{"utility":85,"ID":12},{"utility":92,"ID":13}],[{"utility":19,"ID":8},{"utility":85,"ID":25}],[],[{"utility":98,"ID":2},{"utility":22,"ID":20}],[],[{"utility":0,"ID":19}],[{"utility":72,"ID":4},{"utility":72,"ID":14}],[],[],[],[],[],[],[]],"STARTING COALITION: ":[[null],[{"utility":61,"ID":4},{"utility":1,"ID":20}],[{"utility":0,"ID":9},{"utility":0,"ID":18}],[{"utility":51,"ID":11},{"utility":47,"ID":23}],[{"utility":0,"ID":16},{"utility":23,"ID":25}],[{"utility":16.5,"ID":3},{"utility":7.75,"ID":7},{"utility":28,"ID":14},{"utility":7,"ID":22},{"utility":22.25,"ID":24}],[{"utility":21.75,"ID":6},{"utility":45.25,"ID":10},{"utility":21.25,"ID":15},{"utility":5.75,"ID":19},{"utility":43.25,"ID":21}],[{"utility":0,"ID":1}],[{"utility":27,"ID":2},{"utility":0,"ID":13}],[{"utility":0,"ID":5}],[{"utility":0,"ID":8},{"utility":68,"ID":17}],[],[{"utility":0,"ID":12}],[],[],[],[],[],[],[],[],[],[],[],[],[]],"CORE :":false,"LAST PARTITION":{"22":5,"23":4,"24":9,"25":13,"10":8,"11":6,"12":12,"13":12,"14":18,"15":6,"16":7,"17":10,"18":2,"19":17,"1":8,"2":15,"3":3,"4":18,"5":10,"6":9,"7":4,"8":13,"9":7,"20":15,"21":3}},{"STARTING PARTITION: ":{"22":4,"23":11,"24":5,"25":6,"10":6,"11":9,"12":2,"13":8,"14":12,"15":12,"16":8,"17":6,"18":6,"19":8,"1":10,"2":4,"3":7,"4":3,"5":6,"6":1,"7":10,"8":11,"9":3,"20":6,"21":2},"Agents":[null,{"utility":90,"ID":1},{"utility":98,"ID":2},{"utility":72,"ID":3},{"utility":72,"ID":4},{"utility":50,"ID":5},{"utility":44,"ID":6},{"utility":89,"ID":7},{"utility":19,"ID":8},{"utility":0,"ID":9},{"utility":97,"ID":10},{"utility":82,"ID":11},{"utility":85,"ID":12},{"utility":92,"ID":13},{"utility":72,"ID":14},{"utility":0,"ID":15},{"utility":85,"ID":16},{"utility":38,"ID":17},{"utility":0,"ID":18},{"utility":0,"ID":19},{"utility":22,"ID":20},{"utility":33,"ID":21},{"utility":0,"ID":22},{"utility":89,"ID":23},{"utility":89,"ID":24},{"utility":85,"ID":25}],"LAST COALITION":[[],[{"utility":50,"ID":5},{"utility":38,"ID":17}],[{"utility":97,"ID":10},{"utility":85,"ID":16}],[{"utility":85,"ID":12},{"utility":92,"ID":13}],[{"utility":0,"ID":22}],[{"utility":44,"ID":6},{"utility":89,"ID":24}],[{"utility":0,"ID":18}],[{"utility":90,"ID":1},{"utility":82,"ID":11}],[{"utility":72,"ID":3},{"utility":33,"ID":21}],[{"utility":0,"ID":9}],[{"utility":0,"ID":15}],[],[],[{"utility":19,"ID":8},{"utility":85,"ID":25}],[{"utility":89,"ID":7},{"utility":89,"ID":23}],[{"utility":0,"ID":19}],[{"utility":98,"ID":2},{"utility":22,"ID":20}],[],[{"utility":72,"ID":4},{"utility":72,"ID":14}],[],[],[],[],[],[],[]],"STARTING COALITION: ":[[null],[{"utility":0,"ID":6}],[{"utility":58,"ID":12},{"utility":78,"ID":21}],[{"utility":0,"ID":4},{"utility":0,"ID":9}],[{"utility":67,"ID":2},{"utility":95,"ID":22}],[{"utility":0,"ID":24}],[{"utility":16.8,"ID":5},{"utility":29.8,"ID":10},{"utility":26.6,"ID":17},{"utility":0,"ID":18},{"utility":0.2,"ID":20},{"utility":13.8,"ID":25}],[{"utility":0,"ID":3}],[{"utility":9.5,"ID":13},{"utility":75,"ID":16},{"utility":77,"ID":19}],[{"utility":0,"ID":11}],[{"utility":0,"ID":1},{"utility":34,"ID":7}],[{"utility":80,"ID":8},{"utility":27,"ID":23}],[{"utility":0,"ID":14},{"utility":0,"ID":15}],[],[],[],[],[],[],[],[],[],[],[],[],[]],"CORE :":false,"LAST PARTITION":{"22":4,"23":14,"24":5,"25":13,"10":2,"11":7,"12":3,"13":3,"14":18,"15":10,"16":2,"17":1,"18":6,"19":15,"1":7,"2":16,"3":8,"4":18,"5":1,"6":5,"7":14,"8":13,"9":9,"20":16,"21":8}},{"END OF FILE:" : true}]