[{"STARTING PARTITION: ":{"22":12,"23":4,"24":9,"25":9,"10":1,"11":6,"12":3,"13":2,"14":3,"15":2,"16":10,"17":6,"18":10,"19":6,"1":2,"2":1,"3":8,"4":11,"5":12,"6":7,"7":10,"8":9,"9":12,"20":8,"21":5},"Agents":[null,{"utility":0,"ID":1},{"utility":83,"ID":2},{"utility":90,"ID":3},{"utility":92,"ID":4},{"utility":94,"ID":5},{"utility":64,"ID":6},{"utility":30,"ID":7},{"utility":78,"ID":8},{"utility":77,"ID":9},{"utility":0,"ID":10},{"utility":6,"ID":11},{"utility":85,"ID":12},{"utility":0,"ID":13},{"utility":20,"ID":14},{"utility":0,"ID":15},{"utility":2,"ID":16},{"utility":42,"ID":17},{"utility":0,"ID":18},{"utility":58,"ID":19},{"utility":25,"ID":20},{"utility":0,"ID":21},{"utility":98,"ID":22},{"utility":0,"ID":23},{"utility":98,"ID":24},{"utility":0,"ID":25}],"LAST COALITION":[[],[{"utility":0,"ID":21}],[{"utility":0,"ID":13}],[{"utility":0,"ID":15}],[{"utility":0,"ID":23}],[{"utility":0,"ID":18}],[{"utility":6,"ID":11},{"utility":42,"ID":17}],[{"utility":64,"ID":6},{"utility":58,"ID":19}],[{"utility":92,"ID":4},{"utility":98,"ID":24}],[{"utility":78,"ID":8},{"utility":0,"ID":25}],[{"utility":0,"ID":1}],[{"utility":83,"ID":2},{"utility":20,"ID":14}],[{"utility":77,"ID":9},{"utility":98,"ID":22}],[{"utility":0,"ID":10}],[{"utility":30,"ID":7},{"utility":85,"ID":12}],[{"utility":90,"ID":3},{"utility":2,"ID":16}],[],[{"utility":94,"ID":5},{"utility":25,"ID":20}],[],[],[],[],[],[],[],[]],"STARTING COALITION: ":[[null],[{"utility":50,"ID":2},{"utility":0,"ID":10}],[{"utility":38.5,"ID":1},{"utility":0,"ID":13},{"utility":47,"ID":15}],[{"utility":0,"ID":12},{"utility":8,"ID":14}],[{"utility":0,"ID":23}],[{"utility":0,"ID":21}],[{"utility":3,"ID":11},{"utility":53,"ID":17},{"utility":0.5,"ID":19}],[{"utility":0,"ID":6}],[{"utility":0,"ID":3},{"utility":28,"ID":20}],[{"utility":39,"ID":8},{"utility":45.5,"ID":24},{"utility":0,"ID":25}],[{"utility":0,"ID":7},{"utility":29.5,"ID":16},{"utility":61,"ID":18}],[{"utility":0,"ID":4}],[{"utility":9,"ID":5},{"utility":38.5,"ID":9},{"utility":57.5,"ID":22}],[],[],[],[],[],[],[],[],[],[],[],[],[]],"CORE :":false,"LAST PARTITION":{"22":12,"23":4,"24":8,"25":9,"10":13,"11":6,"12":14,"13":2,"14":11,"15":3,"16":15,"17":6,"18":5,"19":7,"1":10,"2":11,"3":15,"4":8,"5":17,"6":7,"7":14,"8":9,"9":12,"20":17,"21":1}},{"STARTING PARTITION: ":{"22":7,"23":11,"24":5,"25":10,"10":11,"11":8,"12":10,"13":11,"14":3,"15":6,"16":10,"17":10,"18":4,"19":8,"1":9,"2":11,"3":4,"4":10,"5":6,"6":9,"7":12,"8":4,"9":11,"20":7,"21":7},"Agents":[null,{"utility":92,"ID":1},{"utility":83,"ID":2},{"utility":56,"ID":3},{"utility":92,"ID":4},{"utility":94,"ID":5},{"utility":64,"ID":6},{"utility":0,"ID":7},{"utility":0,"ID":8},{"utility":22.5,"ID":9},{"utility":0,"ID":10},{"utility":0,"ID":11},{"utility":74,"ID":12},{"utility":0,"ID":13},{"utility":20,"ID":14},{"utility":0,"ID":15},{"utility":72,"ID":16},{"utility":0,"ID":17},{"utility":3,"ID":18},{"utility":58,"ID":19},{"utility":25,"ID":20},{"utility":76,"ID":21},{"utility":0,"ID":22},{"utility":56,"ID":23},{"utility":98,"ID":24},{"utility":26,"ID":25}],"LAST COALITION":[[],[{"utility":64,"ID":6},{"utility":58,"ID":19}],[{"utility":92,"ID":1},{"utility":74,"ID":12}],[{"utility":0,"ID":8}],[{"utility":94,"ID":5},{"utility":25,"ID":20}],[{"utility":56,"ID":3},{"utility":3,"ID":18}],[{"utility":0,"ID":15}],[{"utility":76,"ID":21},{"utility":0,"ID":22}],[{"utility":0,"ID":11}],[],[{"utility":72,"ID":16},{"utility":26,"ID":25}],[{"utility":22.5,"ID":9},{"utility":0,"ID":13},{"utility":56,"ID":23}],[{"utility":0,"ID":10}],[{"utility":0,"ID":7}],[{"utility":83,"ID":2},{"utility":20,"ID":14}],[{"utility":92,"ID":4},{"utility":98,"ID":24}],[{"utility":0,"ID":17}],[],[],[],[],[],[],[],[],[]],"STARTING COALITION: ":[[null],[],[],[{"utility":0,"ID":14}],[{"utility":50.5,"ID":3},{"utility":0,"ID":8},{"utility":45,"ID":18}],[{"utility":0,"ID":24}],[{"utility":7,"ID":5},{"utility":57,"ID":15}],[{"utility":9,"ID":20},{"utility":38,"ID":21},{"utility":0,"ID":22}],[{"utility":0,"ID":11},{"utility":0,"ID":19}],[{"utility":0,"ID":1},{"utility":82,"ID":6}],[{"utility":26.75,"ID":4},{"utility":34.5,"ID":12},{"utility":26.75,"ID":16},{"utility":30.25,"ID":17},{"utility":28.25,"ID":25}],[{"utility":16.75,"ID":2},{"utility":11.25,"ID":9},{"utility":18.25,"ID":10},{"utility":19.5,"ID":13},{"utility":50.5,"ID":23}],[{"utility":0,"ID":7}],[],[],[],[],[],[],[],[],[],[],[],[],[]],"CORE :":false,"LAST PARTITION":{"22":7,"23":11,"24":15,"25":10,"10":12,"11":8,"12":2,"13":11,"14":14,"15":6,"16":10,"17":16,"18":5,"19":1,"1":2,"2":14,"3":5,"4":15,"5":4,"6":1,"7":13,"8":3,"9":11,"20":4,"21":7}},{"STARTING PARTITION: ":{"22":12,"23":7,"24":7,"25":6,"10":11,"11":3,"12":6,"13":7,"14":6,"15":4,"16":8,"17":9,"18":3,"19":7,"1":9,"2":1,"3":1,"4":12,"5":12,"6":11,"7":1,"8":11,"9":1,"20":7,"21":8},"Agents":[null,{"utility":92,"ID":1},{"utility":76,"ID":2},{"utility":90,"ID":3},{"utility":92,"ID":4},{"utility":94,"ID":5},{"utility":64,"ID":6},{"utility":0,"ID":7},{"utility":0,"ID":8},{"utility":0,"ID":9},{"utility":0,"ID":10},{"utility":0,"ID":11},{"utility":74,"ID":12},{"utility":0,"ID":13},{"utility":35,"ID":14},{"utility":26,"ID":15},{"utility":2,"ID":16},{"utility":0,"ID":17},{"utility":11,"ID":18},{"utility":58,"ID":19},{"utility":25,"ID":20},{"utility":0,"ID":21},{"utility":0,"ID":22},{"utility":88,"ID":23},{"utility":98,"ID":24},{"utility":29,"ID":25}],"LAST COALITION":[[],[{"utility":0,"ID":9}],[{"utility":64,"ID":6},{"utility":58,"ID":19}],[{"utility":0,"ID":11},{"utility":11,"ID":18}],[{"utility":90,"ID":3},{"utility":2,"ID":16}],[{"utility":0,"ID":10}],[{"utility":35,"ID":14},{"utility":29,"ID":25}],[{"utility":0,"ID":13},{"utility":88,"ID":23}],[{"utility":0,"ID":21}],[{"utility":0,"ID":17}],[{"utility":92,"ID":1},{"utility":74,"ID":12}],[{"utility":0,"ID":8}],[{"utility":0,"ID":22}],[{"utility":0,"ID":7}],[{"utility":76,"ID":2},{"utility":26,"ID":15}],[{"utility":94,"ID":5},{"utility":25,"ID":20}],[{"utility":92,"ID":4},{"utility":98,"ID":24}],[],[],[],[],[],[],[],[],[]],"STARTING COALITION: ":[[null],[{"utility":0,"ID":2},{"utility":9,"ID":3},{"utility":41.333333333333336,"ID":7},{"utility":8,"ID":9}],[],[{"utility":0,"ID":11},{"utility":11,"ID":18}],[{"utility":0,"ID":15}],[],[{"utility":38.5,"ID":12},{"utility":21.5,"ID":14},{"utility":14.5,"ID":25}],[{"utility":57.25,"ID":13},{"utility":3,"ID":19},{"utility":44.5,"ID":20},{"utility":56.25,"ID":23},{"utility":28.75,"ID":24}],[{"utility":0,"ID":16},{"utility":0,"ID":21}],[{"utility":0,"ID":1},{"utility":15,"ID":17}],[],[{"utility":29.5,"ID":6},{"utility":50.5,"ID":8},{"utility":0,"ID":10}],[{"utility":31.5,"ID":4},{"utility":40,"ID":5},{"utility":8.5,"ID":22}],[],[],[],[],[],[],[],[],[],[],[],[],[]],"CORE :":false,"LAST PARTITION":{"22":12,"23":7,"24":16,"25":6,"10":5,"11":3,"12":10,"13":7,"14":6,"15":14,"16":4,"17":9,"18":3,"19":2,"1":10,"2":14,"3":4,"4":16,"5":15,"6":2,"7":13,"8":11,"9":1,"20":15,"21":8}},{"STARTING PARTITION: ":{"22":6,"23":2,"24":5,"25":9,"10":12,"11":10,"12":5,"13":11,"14":3,"15":12,"16":5,"17":10,"18":1,"19":11,"1":6,"2":3,"3":11,"4":1,"5":11,"6":8,"7":9,"8":11,"9":6,"20":9,"21":7},"Agents":[null,{"utility":7,"ID":1},{"utility":83,"ID":2},{"utility":90,"ID":3},{"utility":92,"ID":4},{"utility":94,"ID":5},{"utility":64,"ID":6},{"utility":85,"ID":7},{"utility":0,"ID":8},{"utility":77,"ID":9},{"utility":70,"ID":10},{"utility":6,"ID":11},{"utility":0,"ID":12},{"utility":0,"ID":13},{"utility":20,"ID":14},{"utility":0,"ID":15},{"utility":2,"ID":16},{"utility":42,"ID":17},{"utility":0,"ID":18},{"utility":58,"ID":19},{"utility":25,"ID":20},{"utility":0,"ID":21},{"utility":98,"ID":22},{"utility":0,"ID":23},{"utility":98,"ID":24},{"utility":0,"ID":25}],"LAST COALITION":[[],[{"utility":7,"ID":1},{"utility":85,"ID":7}],[{"utility":0,"ID":23}],[{"utility":83,"ID":2},{"utility":20,"ID":14}],[{"utility":64,"ID":6},{"utility":58,"ID":19}],[{"utility":94,"ID":5},{"utility":25,"ID":20}],[{"utility":77,"ID":9},{"utility":98,"ID":22}],[{"utility":0,"ID":21}],[{"utility":0,"ID":8}],[{"utility":0,"ID":25}],[{"utility":6,"ID":11},{"utility":42,"ID":17}],[{"utility":0,"ID":13}],[{"utility":70,"ID":10},{"utility":0,"ID":15}],[],[{"utility":0,"ID":18}],[{"utility":0,"ID":12}],[{"utility":90,"ID":3},{"utility":2,"ID":16}],[{"utility":92,"ID":4},{"utility":98,"ID":24}],[],[],[],[],[],[],[],[]],"STARTING COALITION: ":[[null],[{"utility":87,"ID":4},{"utility":0,"ID":18}],[{"utility":0,"ID":23}],[{"utility":83,"ID":2},{"utility":20,"ID":14}],[],[{"utility":0,"ID":12},{"utility":19,"ID":16},{"utility":0,"ID":24}],[{"utility":0,"ID":1},{"utility":72,"ID":9},{"utility":69.5,"ID":22}],[{"utility":0,"ID":21}],[{"utility":0,"ID":6}],[{"utility":17,"ID":7},{"utility":40.5,"ID":20},{"utility":0,"ID":25}],[{"utility":6,"ID":11},{"utility":42,"ID":17}],[{"utility":33.25,"ID":3},{"utility":8.25,"ID":5},{"utility":19.75,"ID":8},{"utility":16,"ID":13},{"utility":17,"ID":19}],[{"utility":70,"ID":10},{"utility":0,"ID":15}],[],[],[],[],[],[],[],[],[],[],[],[],[]],"CORE :":false,"LAST PARTITION":{"22":6,"23":2,"24":17,"25":9,"10":12,"11":10,"12":15,"13":11,"14":3,"15":12,"16":16,"17":10,"18":14,"19":4,"1":1,"2":3,"3":16,"4":17,"5":5,"6":4,"7":1,"8":8,"9":6,"20":5,"21":7}},{"STARTING PARTITION: ":{"22":2,"23":9,"24":12,"25":3,"10":7,"11":10,"12":8,"13":10,"14":12,"15":4,"16":3,"17":6,"18":6,"19":9,"1":7,"2":2,"3":3,"4":4,"5":11,"6":1,"7":9,"8":2,"9":4,"20":1,"21":1},"Agents":[null,{"utility":0,"ID":1},{"utility":83,"ID":2},{"utility":56,"ID":3},{"utility":92,"ID":4},{"utility":94,"ID":5},{"utility":64,"ID":6},{"utility":30,"ID":7},{"utility":0,"ID":8},{"utility":0,"ID":9},{"utility":0,"ID":10},{"utility":0,"ID":11},{"utility":85,"ID":12},{"utility":0,"ID":13},{"utility":20,"ID":14},{"utility":0,"ID":15},{"utility":72,"ID":16},{"utility":0,"ID":17},{"utility":3,"ID":18},{"utility":58,"ID":19},{"utility":25,"ID":20},{"utility":0,"ID":21},{"utility":0,"ID":22},{"utility":0,"ID":23},{"utility":98,"ID":24},{"utility":26,"ID":25}],"LAST COALITION":[[],[{"utility":0,"ID":21}],[{"utility":0,"ID":22}],[{"utility":72,"ID":16},{"utility":26,"ID":25}],[{"utility":0,"ID":9}],[{"utility":0,"ID":10}],[{"utility":0,"ID":8}],[{"utility":0,"ID":1}],[],[{"utility":0,"ID":23}],[{"utility":0,"ID":11},{"utility":0,"ID":13}],[{"utility":92,"ID":4},{"utility":98,"ID":24}],[{"utility":64,"ID":6},{"utility":58,"ID":19}],[{"utility":0,"ID":15}],[{"utility":56,"ID":3},{"utility":3,"ID":18}],[{"utility":83,"ID":2},{"utility":20,"ID":14}],[{"utility":0,"ID":17}],[{"utility":94,"ID":5},{"utility":25,"ID":20}],[{"utility":30,"ID":7},{"utility":85,"ID":12}],[],[],[],[],[],[],[]],"STARTING COALITION: ":[[null],[{"utility":0,"ID":6},{"utility":40.5,"ID":20},{"utility":17.5,"ID":21}],[{"utility":0,"ID":2},{"utility":0,"ID":8},{"utility":0,"ID":22}],[{"utility":45,"ID":3},{"utility":37,"ID":16},{"utility":51.5,"ID":25}],[{"utility":9,"ID":4},{"utility":0,"ID":9},{"utility":49.5,"ID":15}],[],[{"utility":0,"ID":17},{"utility":70,"ID":18}],[{"utility":35,"ID":1},{"utility":47,"ID":10}],[{"utility":0,"ID":12}],[{"utility":22,"ID":7},{"utility":0,"ID":19},{"utility":0,"ID":23}],[{"utility":0,"ID":11},{"utility":0,"ID":13}],[{"utility":0,"ID":5}],[{"utility":71,"ID":14},{"utility":32,"ID":24}],[],[],[],[],[],[],[],[],[],[],[],[],[]],"CORE :":false,"LAST PARTITION":{"22":2,"23":9,"24":11,"25":3,"10":5,"11":10,"12":18,"13":10,"14":15,"15":13,"16":3,"17":16,"18":14,"19":12,"1":7,"2":15,"3":14,"4":11,"5":17,"6":12,"7":18,"8":6,"9":4,"20":17,"21":1}},{"STARTING PARTITION: ":{"22":3,"23":5,"24":3,"25":2,"10":7,"11":9,"12":10,"13":3,"14":12,"15":11,"16":5,"17":12,"18":8,"19":12,"1":6,"2":2,"3":5,"4":8,"5":1,"6":1,"7":6,"8":10,"9":9,"20":3,"21":1},"Agents":[null,{"utility":7,"ID":1},{"utility":76,"ID":2},{"utility":56,"ID":3},{"utility":92,"ID":4},{"utility":94,"ID":5},{"utility":64,"ID":6},{"utility":85,"ID":7},{"utility":0,"ID":8},{"utility":0,"ID":9},{"utility":0,"ID":10},{"utility":2,"ID":11},{"utility":0,"ID":12},{"utility":10,"ID":13},{"utility":95,"ID":14},{"utility":26,"ID":15},{"utility":78,"ID":16},{"utility":84,"ID":17},{"utility":3,"ID":18},{"utility":58,"ID":19},{"utility":25,"ID":20},{"utility":0,"ID":21},{"utility":0,"ID":22},{"utility":0,"ID":23},{"utility":98,"ID":24},{"utility":0,"ID":25}],"LAST COALITION":[[],[{"utility":0,"ID":21}],[{"utility":0,"ID":25}],[{"utility":10,"ID":13},{"utility":0,"ID":22}],[{"utility":0,"ID":10}],[{"utility":78,"ID":16},{"utility":0,"ID":23}],[{"utility":64,"ID":6},{"utility":58,"ID":19}],[],[{"utility":0,"ID":8}],[{"utility":0,"ID":9},{"utility":2,"ID":11}],[{"utility":94,"ID":5},{"utility":25,"ID":20}],[{"utility":7,"ID":1},{"utility":85,"ID":7}],[{"utility":95,"ID":14},{"utility":84,"ID":17}],[{"utility":0,"ID":12}],[{"utility":76,"ID":2},{"utility":26,"ID":15}],[],[{"utility":92,"ID":4},{"utility":98,"ID":24}],[{"utility":56,"ID":3},{"utility":3,"ID":18}],[],[],[],[],[],[],[],[]],"STARTING COALITION: ":[[null],[{"utility":8.5,"ID":5},{"utility":0,"ID":6},{"utility":31.5,"ID":21}],[{"utility":40,"ID":2},{"utility":23,"ID":25}],[{"utility":58.333333333333336,"ID":13},{"utility":12.666666666666666,"ID":20},{"utility":18.333333333333332,"ID":22},{"utility":18.666666666666668,"ID":24}],[],[{"utility":45,"ID":3},{"utility":40,"ID":16},{"utility":0,"ID":23}],[{"utility":7,"ID":1},{"utility":85,"ID":7}],[{"utility":0,"ID":10}],[{"utility":87,"ID":4},{"utility":0,"ID":18}],[{"utility":0,"ID":9},{"utility":2,"ID":11}],[{"utility":61,"ID":8},{"utility":71,"ID":12}],[{"utility":0,"ID":15}],[{"utility":47.5,"ID":14},{"utility":74,"ID":17},{"utility":30.5,"ID":19}],[],[],[],[],[],[],[],[],[],[],[],[],[]],"CORE :":false,"LAST PARTITION":{"22":3,"23":5,"24":16,"25":2,"10":4,"11":9,"12":13,"13":3,"14":12,"15":14,"16":5,"17":12,"18":17,"19":6,"1":11,"2":14,"3":17,"4":16,"5":10,"6":6,"7":11,"8":8,"9":9,"20":10,"21":1}},{"STARTING PARTITION: ":{"22":10,"23":8,"24":3,"25":11,"10":4,"11":10,"12":8,"13":12,"14":5,"15":9,"16":3,"17":5,"18":8,"19":6,"1":5,"2":3,"3":2,"4":1,"5":10,"6":6,"7":6,"8":2,"9":4,"20":8,"21":8},"Agents":[null,{"utility":7,"ID":1},{"utility":76,"ID":2},{"utility":90,"ID":3},{"utility":92,"ID":4},{"utility":94,"ID":5},{"utility":64,"ID":6},{"utility":85,"ID":7},{"utility":0,"ID":8},{"utility":0,"ID":9},{"utility":58,"ID":10},{"utility":2,"ID":11},{"utility":0,"ID":12},{"utility":0,"ID":13},{"utility":95,"ID":14},{"utility":26,"ID":15},{"utility":2,"ID":16},{"utility":84,"ID":17},{"utility":40,"ID":18},{"utility":58,"ID":19},{"utility":25,"ID":20},{"utility":28.5,"ID":21},{"utility":0,"ID":22},{"utility":21,"ID":23},{"utility":98,"ID":24},{"utility":0,"ID":25}],"LAST COALITION":[[],[{"utility":76,"ID":2},{"utility":26,"ID":15}],[{"utility":94,"ID":5},{"utility":25,"ID":20}],[{"utility":0,"ID":8}],[{"utility":0,"ID":9},{"utility":58,"ID":10}],[{"utility":95,"ID":14},{"utility":84,"ID":17}],[{"utility":64,"ID":6},{"utility":58,"ID":19}],[{"utility":0,"ID":12}],[{"utility":40,"ID":18},{"utility":28.5,"ID":21},{"utility":21,"ID":23}],[{"utility":7,"ID":1},{"utility":85,"ID":7}],[{"utility":2,"ID":11},{"utility":0,"ID":22}],[{"utility":0,"ID":25}],[{"utility":0,"ID":13}],[],[],[{"utility":90,"ID":3},{"utility":2,"ID":16}],[{"utility":92,"ID":4},{"utility":98,"ID":24}],[],[],[],[],[],[],[],[],[]],"STARTING COALITION: ":[[null],[{"utility":0,"ID":4}],[{"utility":45,"ID":3},{"utility":0,"ID":8}],[{"utility":38.5,"ID":2},{"utility":19,"ID":16},{"utility":0,"ID":24}],[{"utility":0,"ID":9},{"utility":58,"ID":10}],[{"utility":0,"ID":1},{"utility":47.5,"ID":14},{"utility":49.5,"ID":17}],[{"utility":45.5,"ID":6},{"utility":22,"ID":7},{"utility":29,"ID":19}],[],[{"utility":27.75,"ID":12},{"utility":20,"ID":18},{"utility":30,"ID":20},{"utility":14.25,"ID":21},{"utility":31.25,"ID":23}],[{"utility":0,"ID":15}],[{"utility":9,"ID":5},{"utility":1,"ID":11},{"utility":8.5,"ID":22}],[{"utility":0,"ID":25}],[{"utility":0,"ID":13}],[],[],[],[],[],[],[],[],[],[],[],[],[]],"CORE :":false,"LAST PARTITION":{"22":10,"23":8,"24":16,"25":11,"10":4,"11":10,"12":7,"13":12,"14":5,"15":1,"16":15,"17":5,"18":8,"19":6,"1":9,"2":1,"3":15,"4":16,"5":2,"6":6,"7":9,"8":3,"9":4,"20":2,"21":8}},{"STARTING PARTITION: ":{"22":3,"23":12,"24":4,"25":3,"10":5,"11":11,"12":11,"13":1,"14":1,"15":2,"16":2,"17":3,"18":8,"19":3,"1":12,"2":4,"3":12,"4":5,"5":11,"6":11,"7":2,"8":12,"9":9,"20":12,"21":11},"Agents":[null,{"utility":0,"ID":1},{"utility":83,"ID":2},{"utility":56,"ID":3},{"utility":92,"ID":4},{"utility":94,"ID":5},{"utility":64,"ID":6},{"utility":30,"ID":7},{"utility":0,"ID":8},{"utility":0,"ID":9},{"utility":0,"ID":10},{"utility":74,"ID":11},{"utility":85,"ID":12},{"utility":0,"ID":13},{"utility":20,"ID":14},{"utility":0,"ID":15},{"utility":73,"ID":16},{"utility":41.5,"ID":17},{"utility":3,"ID":18},{"utility":58,"ID":19},{"utility":25,"ID":20},{"utility":0,"ID":21},{"utility":0,"ID":22},{"utility":0,"ID":23},{"utility":98,"ID":24},{"utility":15.5,"ID":25}],"LAST COALITION":[[],[{"utility":0,"ID":13}],[{"utility":0,"ID":15},{"utility":73,"ID":16}],[{"utility":41.5,"ID":17},{"utility":0,"ID":22},{"utility":15.5,"ID":25}],[{"utility":64,"ID":6},{"utility":58,"ID":19}],[{"utility":83,"ID":2},{"utility":20,"ID":14}],[{"utility":94,"ID":5},{"utility":25,"ID":20}],[{"utility":0,"ID":1}],[{"utility":0,"ID":8}],[{"utility":0,"ID":9}],[{"utility":0,"ID":10}],[{"utility":74,"ID":11},{"utility":0,"ID":21}],[{"utility":0,"ID":23}],[],[{"utility":30,"ID":7},{"utility":85,"ID":12}],[{"utility":92,"ID":4},{"utility":98,"ID":24}],[{"utility":56,"ID":3},{"utility":3,"ID":18}],[],[],[],[],[],[],[],[],[]],"STARTING COALITION: ":[[null],[{"utility":0,"ID":13},{"utility":0,"ID":14}],[{"utility":0,"ID":7},{"utility":0,"ID":15},{"utility":66,"ID":16}],[{"utility":49,"ID":17},{"utility":0.3333333333333333,"ID":19},{"utility":0,"ID":22},{"utility":21.666666666666668,"ID":25}],[{"utility":49,"ID":2},{"utility":0,"ID":24}],[{"utility":0,"ID":4},{"utility":46,"ID":10}],[],[],[{"utility":0,"ID":18}],[{"utility":0,"ID":9}],[],[{"utility":4.25,"ID":5},{"utility":12,"ID":6},{"utility":33.75,"ID":11},{"utility":47.5,"ID":12},{"utility":15.75,"ID":21}],[{"utility":0,"ID":1},{"utility":30.75,"ID":3},{"utility":29.75,"ID":8},{"utility":59.25,"ID":20},{"utility":34.75,"ID":23}],[],[],[],[],[],[],[],[],[],[],[],[],[]],"CORE :":false,"LAST PARTITION":{"22":3,"23":12,"24":15,"25":3,"10":10,"11":11,"12":14,"13":1,"14":5,"15":2,"16":2,"17":3,"18":16,"19":4,"1":7,"2":5,"3":16,"4":15,"5":6,"6":4,"7":14,"8":8,"9":9,"20":6,"21":11}},{"STARTING PARTITION: ":{"22":12,"23":3,"24":11,"25":9,"10":7,"11":11,"12":9,"13":3,"14":6,"15":9,"16":3,"17":10,"18":4,"19":1,"1":3,"2":1,"3":5,"4":12,"5":11,"6":2,"7":2,"8":3,"9":9,"20":6,"21":11},"Agents":[null,{"utility":0,"ID":1},{"utility":83,"ID":2},{"utility":56,"ID":3},{"utility":92,"ID":4},{"utility":94,"ID":5},{"utility":64,"ID":6},{"utility":30,"ID":7},{"utility":0,"ID":8},{"utility":0,"ID":9},{"utility":0,"ID":10},{"utility":74,"ID":11},{"utility":85,"ID":12},{"utility":33,"ID":13},{"utility":20,"ID":14},{"utility":0,"ID":15},{"utility":56.5,"ID":16},{"utility":0,"ID":17},{"utility":3,"ID":18},{"utility":58,"ID":19},{"utility":25,"ID":20},{"utility":0,"ID":21},{"utility":0,"ID":22},{"utility":44,"ID":23},{"utility":98,"ID":24},{"utility":75,"ID":25}],"LAST COALITION":[[],[{"utility":30,"ID":7},{"utility":85,"ID":12}],[{"utility":0,"ID":8}],[{"utility":33,"ID":13},{"utility":56.5,"ID":16},{"utility":44,"ID":23}],[{"utility":56,"ID":3},{"utility":3,"ID":18}],[{"utility":64,"ID":6},{"utility":58,"ID":19}],[{"utility":92,"ID":4},{"utility":98,"ID":24}],[{"utility":0,"ID":1}],[{"utility":0,"ID":10}],[{"utility":0,"ID":9},{"utility":75,"ID":25}],[],[{"utility":74,"ID":11},{"utility":0,"ID":21}],[{"utility":0,"ID":22}],[],[{"utility":0,"ID":15}],[{"utility":94,"ID":5},{"utility":25,"ID":20}],[{"utility":83,"ID":2},{"utility":20,"ID":14}],[{"utility":0,"ID":17}],[],[],[],[],[],[],[],[]],"STARTING COALITION: ":[[null],[{"utility":0,"ID":2},{"utility":13,"ID":19}],[{"utility":27,"ID":6},{"utility":44,"ID":7}],[{"utility":26.25,"ID":1},{"utility":23,"ID":8},{"utility":16.5,"ID":13},{"utility":28.25,"ID":16},{"utility":36,"ID":23}],[{"utility":0,"ID":18}],[{"utility":0,"ID":3}],[{"utility":42,"ID":14},{"utility":0,"ID":20}],[{"utility":0,"ID":10}],[],[{"utility":0,"ID":9},{"utility":25.666666666666668,"ID":12},{"utility":22,"ID":15},{"utility":54.333333333333336,"ID":25}],[{"utility":0,"ID":17}],[{"utility":13.666666666666666,"ID":5},{"utility":24.666666666666668,"ID":11},{"utility":32.666666666666664,"ID":21},{"utility":0,"ID":24}],[{"utility":0,"ID":4},{"utility":0,"ID":22}],[],[],[],[],[],[],[],[],[],[],[],[],[]],"CORE :":false,"LAST PARTITION":{"22":12,"23":3,"24":6,"25":9,"10":8,"11":11,"12":1,"13":3,"14":16,"15":14,"16":3,"17":17,"18":4,"19":5,"1":7,"2":16,"3":4,"4":6,"5":15,"6":5,"7":1,"8":2,"9":9,"20":15,"21":11}},{"STARTING PARTITION: ":{"22":1,"23":5,"24":5,"25":8,"10":4,"11":6,"12":11,"13":4,"14":12,"15":12,"16":8,"17":5,"18":3,"19":11,"1":8,"2":11,"3":2,"4":12,"5":2,"6":12,"7":11,"8":9,"9":12,"20":5,"21":10},"Agents":[null,{"utility":0,"ID":1},{"utility":83,"ID":2},{"utility":56,"ID":3},{"utility":92,"ID":4},{"utility":94,"ID":5},{"utility":64,"ID":6},{"utility":30,"ID":7},{"utility":0,"ID":8},{"utility":0,"ID":9},{"utility":0,"ID":10},{"utility":0,"ID":11},{"utility":85,"ID":12},{"utility":0,"ID":13},{"utility":20,"ID":14},{"utility":0,"ID":15},{"utility":72,"ID":16},{"utility":0,"ID":17},{"utility":3,"ID":18},{"utility":58,"ID":19},{"utility":25,"ID":20},{"utility":0,"ID":21},{"utility":0,"ID":22},{"utility":0,"ID":23},{"utility":98,"ID":24},{"utility":26,"ID":25}],"LAST COALITION":[[],[{"utility":0,"ID":22}],[],[{"utility":56,"ID":3},{"utility":3,"ID":18}],[{"utility":0,"ID":13}],[{"utility":0,"ID":23}],[{"utility":0,"ID":11}],[{"utility":0,"ID":1}],[{"utility":72,"ID":16},{"utility":26,"ID":25}],[{"utility":94,"ID":5},{"utility":25,"ID":20}],[{"utility":0,"ID":21}],[{"utility":30,"ID":7},{"utility":85,"ID":12}],[{"utility":0,"ID":9},{"utility":0,"ID":15}],[{"utility":0,"ID":10}],[{"utility":92,"ID":4},{"utility":98,"ID":24}],[{"utility":83,"ID":2},{"utility":20,"ID":14}],[{"utility":0,"ID":8}],[{"utility":64,"ID":6},{"utility":58,"ID":19}],[],[{"utility":0,"ID":17}],[],[],[],[],[],[]],"STARTING COALITION: ":[[null],[{"utility":0,"ID":22}],[{"utility":0,"ID":3},{"utility":0,"ID":5}],[{"utility":0,"ID":18}],[{"utility":15,"ID":10},{"utility":0,"ID":13}],[{"utility":35,"ID":17},{"utility":29.333333333333332,"ID":20},{"utility":45.666666666666664,"ID":23},{"utility":23.666666666666668,"ID":24}],[{"utility":0,"ID":11}],[],[{"utility":14,"ID":1},{"utility":36,"ID":16},{"utility":42,"ID":25}],[{"utility":0,"ID":8}],[{"utility":0,"ID":21}],[{"utility":6.666666666666667,"ID":2},{"utility":21,"ID":7},{"utility":56.666666666666664,"ID":12},{"utility":4.333333333333333,"ID":19}],[{"utility":14.25,"ID":4},{"utility":23.75,"ID":6},{"utility":0,"ID":9},{"utility":13.75,"ID":14},{"utility":40.25,"ID":15}],[],[],[],[],[],[],[],[],[],[],[],[],[]],"CORE :":false,"LAST PARTITION":{"22":1,"23":5,"24":14,"25":8,"10":13,"11":6,"12":11,"13":4,"14":15,"15":12,"16":8,"17":19,"18":3,"19":17,"1":7,"2":15,"3":3,"4":14,"5":9,"6":17,"7":11,"8":16,"9":12,"20":9,"21":10}},{"STARTING PARTITION: ":{"22":9,"23":12,"24":8,"25":10,"10":8,"11":1,"12":1,"13":7,"14":3,"15":7,"16":9,"17":7,"18":3,"19":5,"1":9,"2":7,"3":6,"4":1,"5":12,"6":2,"7":6,"8":1,"9":2,"20":1,"21":5},"Agents":[null,{"utility":35,"ID":1},{"utility":83,"ID":2},{"utility":56,"ID":3},{"utility":92,"ID":4},{"utility":94,"ID":5},{"utility":64,"ID":6},{"utility":0,"ID":7},{"utility":0,"ID":8},{"utility":0,"ID":9},{"utility":47,"ID":10},{"utility":0,"ID":11},{"utility":0,"ID":12},{"utility":42,"ID":13},{"utility":20,"ID":14},{"utility":0,"ID":15},{"utility":10,"ID":16},{"utility":77,"ID":17},{"utility":3,"ID":18},{"utility":58,"ID":19},{"utility":25,"ID":20},{"utility":0,"ID":21},{"utility":18,"ID":22},{"utility":0,"ID":23},{"utility":98,"ID":24},{"utility":0,"ID":25}],"LAST COALITION":[[],[{"utility":0,"ID":11}],[{"utility":0,"ID":9}],[{"utility":0,"ID":8}],[],[{"utility":0,"ID":21}],[{"utility":64,"ID":6},{"utility":58,"ID":19}],[{"utility":42,"ID":13},{"utility":0,"ID":15},{"utility":77,"ID":17}],[{"utility":94,"ID":5},{"utility":25,"ID":20}],[{"utility":10,"ID":16},{"utility":18,"ID":22}],[{"utility":0,"ID":25}],[{"utility":35,"ID":1},{"utility":47,"ID":10}],[{"utility":0,"ID":23}],[{"utility":0,"ID":7}],[{"utility":83,"ID":2},{"utility":20,"ID":14}],[{"utility":0,"ID":12}],[{"utility":92,"ID":4},{"utility":98,"ID":24}],[{"utility":56,"ID":3},{"utility":3,"ID":18}],[],[],[],[],[],[],[],[]],"STARTING COALITION: ":[[null],[{"utility":53,"ID":4},{"utility":56.25,"ID":8},{"utility":27.25,"ID":11},{"utility":17.75,"ID":12},{"utility":54.75,"ID":20}],[{"utility":0,"ID":6},{"utility":0,"ID":9}],[{"utility":0,"ID":14},{"utility":0,"ID":18}],[],[{"utility":23,"ID":19},{"utility":49,"ID":21}],[{"utility":0,"ID":3},{"utility":91,"ID":7}],[{"utility":47.333333333333336,"ID":2},{"utility":54,"ID":13},{"utility":8.666666666666666,"ID":15},{"utility":60,"ID":17}],[{"utility":0,"ID":10},{"utility":0,"ID":24}],[{"utility":14,"ID":1},{"utility":5,"ID":16},{"utility":29.5,"ID":22}],[{"utility":0,"ID":25}],[],[{"utility":26,"ID":5},{"utility":48,"ID":23}],[],[],[],[],[],[],[],[],[],[],[],[],[]],"CORE :":false,"LAST PARTITION":{"22":9,"23":12,"24":16,"25":10,"10":11,"11":1,"12":15,"13":7,"14":14,"15":7,"16":9,"17":7,"18":17,"19":6,"1":11,"2":14,"3":17,"4":16,"5":8,"6":6,"7":13,"8":3,"9":2,"20":8,"21":5}},{"STARTING PARTITION: ":{"22":11,"23":5,"24":1,"25":5,"10":3,"11":6,"12":9,"13":1,"14":5,"15":10,"16":10,"17":6,"18":5,"19":4,"1":8,"2":10,"3":3,"4":9,"5":8,"6":2,"7":8,"8":9,"9":1,"20":3,"21":6},"Agents":[null,{"utility":0,"ID":1},{"utility":83,"ID":2},{"utility":0,"ID":3},{"utility":92,"ID":4},{"utility":94,"ID":5},{"utility":64,"ID":6},{"utility":30,"ID":7},{"utility":0,"ID":8},{"utility":0,"ID":9},{"utility":0,"ID":10},{"utility":40,"ID":11},{"utility":85,"ID":12},{"utility":0,"ID":13},{"utility":20,"ID":14},{"utility":0,"ID":15},{"utility":73,"ID":16},{"utility":45,"ID":17},{"utility":40,"ID":18},{"utility":58,"ID":19},{"utility":25,"ID":20},{"utility":33,"ID":21},{"utility":0,"ID":22},{"utility":24.5,"ID":23},{"utility":98,"ID":24},{"utility":14.5,"ID":25}],"LAST COALITION":[[],[{"utility":0,"ID":9},{"utility":0,"ID":13}],[{"utility":0,"ID":8}],[{"utility":92,"ID":4},{"utility":98,"ID":24}],[{"utility":30,"ID":7},{"utility":85,"ID":12}],[{"utility":40,"ID":18},{"utility":24.5,"ID":23},{"utility":14.5,"ID":25}],[{"utility":40,"ID":11},{"utility":45,"ID":17},{"utility":33,"ID":21}],[{"utility":64,"ID":6},{"utility":58,"ID":19}],[],[{"utility":94,"ID":5},{"utility":25,"ID":20}],[{"utility":0,"ID":15},{"utility":73,"ID":16}],[{"utility":0,"ID":22}],[{"utility":0,"ID":1}],[{"utility":0,"ID":10}],[],[{"utility":83,"ID":2},{"utility":20,"ID":14}],[{"utility":0,"ID":3}],[],[],[],[],[],[],[],[],[]],"STARTING COALITION: ":[[null],[{"utility":0,"ID":9},{"utility":44.5,"ID":13},{"utility":22,"ID":24}],[{"utility":0,"ID":6}],[{"utility":0.5,"ID":3},{"utility":3.5,"ID":10},{"utility":14,"ID":20}],[{"utility":0,"ID":19}],[{"utility":15,"ID":14},{"utility":26.666666666666668,"ID":18},{"utility":16.333333333333332,"ID":23},{"utility":19.333333333333332,"ID":25}],[{"utility":40,"ID":11},{"utility":45,"ID":17},{"utility":33,"ID":21}],[],[{"utility":3.5,"ID":1},{"utility":3.5,"ID":5},{"utility":75,"ID":7}],[{"utility":45.5,"ID":4},{"utility":64.5,"ID":8},{"utility":35.5,"ID":12}],[{"utility":52,"ID":2},{"utility":13,"ID":15},{"utility":36.5,"ID":16}],[{"utility":0,"ID":22}],[],[],[],[],[],[],[],[],[],[],[],[],[],[]],"CORE :":false,"LAST PARTITION":{"22":11,"23":5,"24":3,"25":5,"10":13,"11":6,"12":4,"13":1,"14":15,"15":10,"16":10,"17":6,"18":5,"19":7,"1":12,"2":15,"3":16,"4":3,"5":9,"6":7,"7":4,"8":2,"9":1,"20":9,"21":6}},{"STARTING PARTITION: ":{"22":11,"23":11,"24":5,"25":4,"10":10,"11":6,"12":3,"13":2,"14":2,"15":8,"16":1,"17":9,"18":2,"19":1,"1":11,"2":2,"3":10,"4":8,"5":3,"6":9,"7":7,"8":2,"9":1,"20":6,"21":8},"Agents":[null,{"utility":0,"ID":1},{"utility":83,"ID":2},{"utility":2,"ID":3},{"utility":92,"ID":4},{"utility":94,"ID":5},{"utility":64,"ID":6},{"utility":30,"ID":7},{"utility":0,"ID":8},{"utility":45,"ID":9},{"utility":0,"ID":10},{"utility":0,"ID":11},{"utility":85,"ID":12},{"utility":0,"ID":13},{"utility":20,"ID":14},{"utility":0,"ID":15},{"utility":89,"ID":16},{"utility":44,"ID":17},{"utility":58,"ID":18},{"utility":58,"ID":19},{"utility":25,"ID":20},{"utility":0,"ID":21},{"utility":71,"ID":22},{"utility":0,"ID":23},{"utility":98,"ID":24},{"utility":0,"ID":25}],"LAST COALITION":[[],[{"utility":45,"ID":9},{"utility":89,"ID":16}],[{"utility":0,"ID":13},{"utility":58,"ID":18}],[],[{"utility":0,"ID":25}],[{"utility":64,"ID":6},{"utility":58,"ID":19}],[{"utility":0,"ID":11}],[{"utility":0,"ID":10}],[{"utility":0,"ID":15}],[{"utility":0,"ID":8}],[{"utility":30,"ID":7},{"utility":85,"ID":12}],[{"utility":71,"ID":22},{"utility":0,"ID":23}],[{"utility":94,"ID":5},{"utility":25,"ID":20}],[{"utility":0,"ID":21}],[{"utility":0,"ID":1}],[{"utility":83,"ID":2},{"utility":20,"ID":14}],[],[{"utility":92,"ID":4},{"utility":98,"ID":24}],[{"utility":2,"ID":3},{"utility":44,"ID":17}],[],[],[],[],[],[],[]],"STARTING COALITION: ":[[null],[{"utility":47,"ID":9},{"utility":77,"ID":16},{"utility":0,"ID":19}],[{"utility":25,"ID":2},{"utility":8.25,"ID":8},{"utility":19.5,"ID":13},{"utility":5,"ID":14},{"utility":37.25,"ID":18}],[{"utility":0,"ID":5},{"utility":86,"ID":12}],[{"utility":0,"ID":25}],[{"utility":0,"ID":24}],[{"utility":0,"ID":11},{"utility":9,"ID":20}],[{"utility":0,"ID":7}],[{"utility":9,"ID":4},{"utility":57.5,"ID":15},{"utility":46.5,"ID":21}],[{"utility":0,"ID":6},{"utility":0,"ID":17}],[{"utility":1,"ID":3},{"utility":0,"ID":10}],[{"utility":0,"ID":1},{"utility":56,"ID":22},{"utility":18.5,"ID":23}],[],[],[],[],[],[],[],[],[],[],[],[],[],[]],"CORE :":false,"LAST PARTITION":{"22":11,"23":11,"24":17,"25":4,"10":7,"11":6,"12":10,"13":2,"14":15,"15":8,"16":1,"17":18,"18":2,"19":5,"1":14,"2":15,"3":18,"4":17,"5":12,"6":5,"7":10,"8":9,"9":1,"20":12,"21":13}},{"STARTING PARTITION: ":{"22":9,"23":12,"24":10,"25":4,"10":6,"11":10,"12":11,"13":3,"14":3,"15":4,"16":7,"17":11,"18":11,"19":8,"1":5,"2":6,"3":3,"4":2,"5":6,"6":3,"7":12,"8":4,"9":8,"20":10,"21":3},"Agents":[null,{"utility":92,"ID":1},{"utility":76,"ID":2},{"utility":90,"ID":3},{"utility":92,"ID":4},{"utility":0,"ID":5},{"utility":0,"ID":6},{"utility":0,"ID":7},{"utility":78,"ID":8},{"utility":49,"ID":9},{"utility":0,"ID":10},{"utility":0,"ID":11},{"utility":74,"ID":12},{"utility":31.666666666666668,"ID":13},{"utility":26.666666666666668,"ID":14},{"utility":26,"ID":15},{"utility":2,"ID":16},{"utility":0,"ID":17},{"utility":70,"ID":18},{"utility":0,"ID":19},{"utility":0,"ID":20},{"utility":21.333333333333332,"ID":21},{"utility":0,"ID":22},{"utility":0,"ID":23},{"utility":98,"ID":24},{"utility":0,"ID":25}],"LAST COALITION":[[],[{"utility":0,"ID":11}],[{"utility":0,"ID":5}],[{"utility":0,"ID":6},{"utility":31.666666666666668,"ID":13},{"utility":26.666666666666668,"ID":14},{"utility":21.333333333333332,"ID":21}],[{"utility":78,"ID":8},{"utility":0,"ID":25}],[{"utility":0,"ID":10}],[{"utility":76,"ID":2},{"utility":26,"ID":15}],[{"utility":0,"ID":20}],[{"utility":49,"ID":9},{"utility":0,"ID":19}],[{"utility":0,"ID":22}],[{"utility":0,"ID":7}],[{"utility":0,"ID":17},{"utility":70,"ID":18}],[{"utility":0,"ID":23}],[{"utility":92,"ID":1},{"utility":74,"ID":12}],[{"utility":92,"ID":4},{"utility":98,"ID":24}],[{"utility":90,"ID":3},{"utility":2,"ID":16}],[],[],[],[],[],[],[],[],[],[]],"STARTING COALITION: ":[[null],[],[{"utility":0,"ID":4}],[{"utility":21.5,"ID":3},{"utility":0,"ID":6},{"utility":23.75,"ID":13},{"utility":20,"ID":14},{"utility":16,"ID":21}],[{"utility":39,"ID":8},{"utility":3,"ID":15},{"utility":44,"ID":25}],[{"utility":0,"ID":1}],[{"utility":25,"ID":2},{"utility":1.5,"ID":5},{"utility":0,"ID":10}],[{"utility":0,"ID":16}],[{"utility":49,"ID":9},{"utility":0,"ID":19}],[{"utility":0,"ID":22}],[{"utility":0,"ID":11},{"utility":14.5,"ID":20},{"utility":0,"ID":24}],[{"utility":30.5,"ID":12},{"utility":0,"ID":17},{"utility":35,"ID":18}],[{"utility":44,"ID":7},{"utility":0,"ID":23}],[],[],[],[],[],[],[],[],[],[],[],[],[]],"CORE :":false,"LAST PARTITION":{"22":9,"23":12,"24":14,"25":4,"10":5,"11":1,"12":13,"13":3,"14":3,"15":6,"16":15,"17":11,"18":11,"19":8,"1":13,"2":6,"3":15,"4":14,"5":2,"6":3,"7":10,"8":4,"9":8,"20":7,"21":3}},{"STARTING PARTITION: ":{"22":1,"23":6,"24":9,"25":1,"10":11,"11":5,"12":9,"13":11,"14":5,"15":3,"16":10,"17":6,"18":4,"19":6,"1":1,"2":4,"3":9,"4":1,"5":1,"6":7,"7":5,"8":4,"9":1,"20":12,"21":12},"Agents":[null,{"utility":35,"ID":1},{"utility":76,"ID":2},{"utility":90,"ID":3},{"utility":92,"ID":4},{"utility":94,"ID":5},{"utility":64,"ID":6},{"utility":0,"ID":7},{"utility":0,"ID":8},{"utility":38.5,"ID":9},{"utility":47,"ID":10},{"utility":56,"ID":11},{"utility":0,"ID":12},{"utility":0,"ID":13},{"utility":98,"ID":14},{"utility":26,"ID":15},{"utility":2,"ID":16},{"utility":92,"ID":17},{"utility":0,"ID":18},{"utility":58,"ID":19},{"utility":25,"ID":20},{"utility":0,"ID":21},{"utility":49,"ID":22},{"utility":0,"ID":23},{"utility":98,"ID":24},{"utility":37.5,"ID":25}],"LAST COALITION":[[],[{"utility":38.5,"ID":9},{"utility":49,"ID":22},{"utility":37.5,"ID":25}],[{"utility":64,"ID":6},{"utility":58,"ID":19}],[{"utility":90,"ID":3},{"utility":2,"ID":16}],[{"utility":0,"ID":18}],[{"utility":56,"ID":11},{"utility":98,"ID":14}],[{"utility":92,"ID":17},{"utility":0,"ID":23}],[{"utility":0,"ID":8}],[],[{"utility":0,"ID":12}],[{"utility":94,"ID":5},{"utility":25,"ID":20}],[{"utility":0,"ID":13}],[{"utility":0,"ID":21}],[{"utility":35,"ID":1},{"utility":47,"ID":10}],[{"utility":0,"ID":7}],[{"utility":76,"ID":2},{"utility":26,"ID":15}],[{"utility":92,"ID":4},{"utility":98,"ID":24}],[],[],[],[],[],[],[],[],[]],"STARTING COALITION: ":[[null],[{"utility":0,"ID":1},{"utility":12.6,"ID":4},{"utility":20,"ID":5},{"utility":28.8,"ID":9},{"utility":31.2,"ID":22},{"utility":38.2,"ID":25}],[],[{"utility":0,"ID":15}],[{"utility":0,"ID":2},{"utility":0,"ID":8},{"utility":45.5,"ID":18}],[{"utility":5,"ID":7},{"utility":28,"ID":11},{"utility":62.5,"ID":14}],[{"utility":78,"ID":17},{"utility":0.5,"ID":19},{"utility":0,"ID":23}],[{"utility":0,"ID":6}],[],[{"utility":83.5,"ID":3},{"utility":0,"ID":12},{"utility":39.5,"ID":24}],[{"utility":0,"ID":16}],[{"utility":15,"ID":10},{"utility":0,"ID":13}],[{"utility":0,"ID":20},{"utility":0,"ID":21}],[],[],[],[],[],[],[],[],[],[],[],[],[]],"CORE :":false,"LAST PARTITION":{"22":1,"23":6,"24":16,"25":1,"10":13,"11":5,"12":9,"13":11,"14":5,"15":15,"16":3,"17":6,"18":4,"19":2,"1":13,"2":15,"3":3,"4":16,"5":10,"6":2,"7":14,"8":7,"9":1,"20":10,"21":12}},{"STARTING PARTITION: ":{"22":10,"23":9,"24":12,"25":2,"10":2,"11":6,"12":3,"13":9,"14":8,"15":6,"16":10,"17":9,"18":9,"19":9,"1":4,"2":12,"3":3,"4":1,"5":10,"6":11,"7":11,"8":7,"9":6,"20":7,"21":12},"Agents":[null,{"utility":0,"ID":1},{"utility":83,"ID":2},{"utility":0,"ID":3},{"utility":92,"ID":4},{"utility":94,"ID":5},{"utility":64,"ID":6},{"utility":30,"ID":7},{"utility":0,"ID":8},{"utility":0,"ID":9},{"utility":0,"ID":10},{"utility":1,"ID":11},{"utility":85,"ID":12},{"utility":28,"ID":13},{"utility":20,"ID":14},{"utility":0,"ID":15},{"utility":10,"ID":16},{"utility":52.666666666666664,"ID":17},{"utility":69.33333333333333,"ID":18},{"utility":58,"ID":19},{"utility":25,"ID":20},{"utility":0,"ID":21},{"utility":18,"ID":22},{"utility":43.333333333333336,"ID":23},{"utility":98,"ID":24},{"utility":0,"ID":25}],"LAST COALITION":[[],[{"utility":83,"ID":2},{"utility":20,"ID":14}],[{"utility":0,"ID":25}],[{"utility":64,"ID":6},{"utility":58,"ID":19}],[{"utility":0,"ID":1}],[{"utility":94,"ID":5},{"utility":25,"ID":20}],[{"utility":0,"ID":9},{"utility":1,"ID":11},{"utility":0,"ID":15}],[],[{"utility":0,"ID":3}],[{"utility":28,"ID":13},{"utility":52.666666666666664,"ID":17},{"utility":69.33333333333333,"ID":18},{"utility":43.333333333333336,"ID":23}],[{"utility":10,"ID":16},{"utility":18,"ID":22}],[{"utility":0,"ID":8}],[{"utility":0,"ID":21}],[{"utility":0,"ID":10}],[{"utility":30,"ID":7},{"utility":85,"ID":12}],[{"utility":92,"ID":4},{"utility":98,"ID":24}],[],[],[],[],[],[],[],[],[],[]],"STARTING COALITION: ":[[null],[{"utility":0,"ID":4}],[{"utility":0,"ID":10},{"utility":21,"ID":25}],[{"utility":83,"ID":3},{"utility":0,"ID":12}],[{"utility":0,"ID":1}],[],[{"utility":0,"ID":9},{"utility":1,"ID":11},{"utility":0,"ID":15}],[{"utility":58,"ID":8},{"utility":70,"ID":20}],[{"utility":0,"ID":14}],[{"utility":37,"ID":13},{"utility":55.5,"ID":17},{"utility":52,"ID":18},{"utility":0.25,"ID":19},{"utility":32.5,"ID":23}],[{"utility":9,"ID":5},{"utility":26.5,"ID":16},{"utility":17.5,"ID":22}],[{"utility":27,"ID":6},{"utility":44,"ID":7}],[{"utility":24.5,"ID":2},{"utility":79.5,"ID":21},{"utility":0,"ID":24}],[],[],[],[],[],[],[],[],[],[],[],[],[]],"CORE :":false,"LAST PARTITION":{"22":10,"23":9,"24":15,"25":2,"10":13,"11":6,"12":14,"13":9,"14":1,"15":6,"16":10,"17":9,"18":9,"19":3,"1":4,"2":1,"3":8,"4":15,"5":5,"6":3,"7":14,"8":11,"9":6,"20":5,"21":12}},{"STARTING PARTITION: ":{"22":11,"23":4,"24":7,"25":8,"10":2,"11":1,"12":9,"13":6,"14":1,"15":4,"16":8,"17":8,"18":8,"19":3,"1":7,"2":10,"3":12,"4":9,"5":4,"6":5,"7":4,"8":8,"9":1,"20":9,"21":1},"Agents":[null,{"utility":0,"ID":1},{"utility":66,"ID":2},{"utility":84,"ID":3},{"utility":98,"ID":4},{"utility":94,"ID":5},{"utility":64,"ID":6},{"utility":30,"ID":7},{"utility":0,"ID":8},{"utility":9.666666666666666,"ID":9},{"utility":0,"ID":10},{"utility":44,"ID":11},{"utility":85,"ID":12},{"utility":0,"ID":13},{"utility":75,"ID":14},{"utility":86,"ID":15},{"utility":36,"ID":16},{"utility":0,"ID":17},{"utility":24,"ID":18},{"utility":58,"ID":19},{"utility":25,"ID":20},{"utility":36.666666666666664,"ID":21},{"utility":0,"ID":22},{"utility":0,"ID":23},{"utility":79,"ID":24},{"utility":27.5,"ID":25}],"LAST COALITION":[[],[{"utility":9.666666666666666,"ID":9},{"utility":44,"ID":11},{"utility":75,"ID":14},{"utility":36.666666666666664,"ID":21}],[{"utility":0,"ID":10}],[{"utility":30,"ID":7},{"utility":85,"ID":12}],[{"utility":86,"ID":15},{"utility":0,"ID":23}],[{"utility":0,"ID":8}],[{"utility":0,"ID":13}],[{"utility":64,"ID":6},{"utility":58,"ID":19}],[{"utility":36,"ID":16},{"utility":24,"ID":18},{"utility":27.5,"ID":25}],[],[{"utility":0,"ID":17}],[{"utility":0,"ID":22}],[{"utility":84,"ID":3},{"utility":79,"ID":24}],[{"utility":0,"ID":1}],[],[{"utility":66,"ID":2},{"utility":98,"ID":4}],[{"utility":94,"ID":5},{"utility":25,"ID":20}],[],[],[],[],[],[],[],[],[]],"STARTING COALITION: ":[[null],[{"utility":9.666666666666666,"ID":9},{"utility":44,"ID":11},{"utility":75,"ID":14},{"utility":36.666666666666664,"ID":21}],[{"utility":0,"ID":10}],[{"utility":0,"ID":19}],[{"utility":13,"ID":5},{"utility":36.333333333333336,"ID":7},{"utility":47.666666666666664,"ID":15},{"utility":16,"ID":23}],[{"utility":0,"ID":6}],[{"utility":0,"ID":13}],[{"utility":0,"ID":1},{"utility":81,"ID":24}],[{"utility":43.25,"ID":8},{"utility":18,"ID":16},{"utility":28,"ID":17},{"utility":51.25,"ID":18},{"utility":21.5,"ID":25}],[{"utility":84,"ID":4},{"utility":0,"ID":12},{"utility":70,"ID":20}],[{"utility":0,"ID":2}],[{"utility":0,"ID":22}],[{"utility":0,"ID":3}],[],[],[],[],[],[],[],[],[],[],[],[],[]],"CORE :":false,"LAST PARTITION":{"22":11,"23":4,"24":12,"25":8,"10":2,"11":1,"12":3,"13":6,"14":1,"15":4,"16":8,"17":10,"18":8,"19":7,"1":13,"2":15,"3":12,"4":15,"5":16,"6":7,"7":3,"8":5,"9":1,"20":16,"21":1}},{"STARTING PARTITION: ":{"22":1,"23":2,"24":10,"25":1,"10":6,"11":1,"12":2,"13":9,"14":8,"15":1,"16":5,"17":6,"18":11,"19":1,"1":11,"2":12,"3":4,"4":12,"5":5,"6":10,"7":4,"8":8,"9":7,"20":11,"21":12},"Agents":[null,{"utility":89,"ID":1},{"utility":76,"ID":2},{"utility":90,"ID":3},{"utility":0,"ID":4},{"utility":94,"ID":5},{"utility":64,"ID":6},{"utility":10,"ID":7},{"utility":0,"ID":8},{"utility":0,"ID":9},{"utility":0,"ID":10},{"utility":0,"ID":11},{"utility":98,"ID":12},{"utility":0,"ID":13},{"utility":27,"ID":14},{"utility":26,"ID":15},{"utility":2,"ID":16},{"utility":0,"ID":17},{"utility":0,"ID":18},{"utility":58,"ID":19},{"utility":25,"ID":20},{"utility":63,"ID":21},{"utility":0,"ID":22},{"utility":0,"ID":23},{"utility":0,"ID":24},{"utility":0,"ID":25}],"LAST COALITION":[[],[{"utility":0,"ID":22},{"utility":0,"ID":25}],[{"utility":98,"ID":12},{"utility":0,"ID":23}],[{"utility":0,"ID":10}],[{"utility":64,"ID":6},{"utility":58,"ID":19}],[{"utility":76,"ID":2},{"utility":26,"ID":15}],[{"utility":0,"ID":18}],[{"utility":0,"ID":9}],[{"utility":10,"ID":7},{"utility":27,"ID":14}],[{"utility":0,"ID":13}],[{"utility":0,"ID":11}],[{"utility":94,"ID":5},{"utility":25,"ID":20}],[{"utility":0,"ID":8}],[{"utility":90,"ID":3},{"utility":2,"ID":16}],[{"utility":89,"ID":1},{"utility":63,"ID":21}],[{"utility":0,"ID":17}],[],[{"utility":0,"ID":24}],[{"utility":0,"ID":4}],[],[],[],[],[],[],[]],"STARTING COALITION: ":[[null],[{"utility":5.75,"ID":11},{"utility":0,"ID":15},{"utility":1,"ID":19},{"utility":24.75,"ID":22},{"utility":33.5,"ID":25}],[{"utility":98,"ID":12},{"utility":0,"ID":23}],[],[{"utility":0,"ID":3},{"utility":91,"ID":7}],[{"utility":0,"ID":5},{"utility":43,"ID":16}],[{"utility":0,"ID":10},{"utility":75,"ID":17}],[{"utility":0,"ID":9}],[{"utility":27,"ID":8},{"utility":0,"ID":14}],[{"utility":0,"ID":13}],[{"utility":0,"ID":6},{"utility":8,"ID":24}],[{"utility":2.5,"ID":1},{"utility":0,"ID":18},{"utility":35.5,"ID":20}],[{"utility":33,"ID":2},{"utility":49,"ID":4},{"utility":91,"ID":21}],[],[],[],[],[],[],[],[],[],[],[],[],[]],"CORE :":false,"LAST PARTITION":{"22":1,"23":2,"24":17,"25":1,"10":3,"11":10,"12":2,"13":9,"14":8,"15":5,"16":13,"17":15,"18":6,"19":4,"1":14,"2":5,"3":13,"4":18,"5":11,"6":4,"7":8,"8":12,"9":7,"20":11,"21":14}},{"STARTING PARTITION: ":{"22":1,"23":9,"24":11,"25":11,"10":9,"11":10,"12":1,"13":5,"14":9,"15":4,"16":8,"17":6,"18":5,"19":10,"1":10,"2":1,"3":4,"4":4,"5":1,"6":5,"7":6,"8":1,"9":8,"20":10,"21":9},"Agents":[null,{"utility":0,"ID":1},{"utility":76,"ID":2},{"utility":2,"ID":3},{"utility":92,"ID":4},{"utility":94,"ID":5},{"utility":64,"ID":6},{"utility":30,"ID":7},{"utility":0,"ID":8},{"utility":45,"ID":9},{"utility":0,"ID":10},{"utility":0,"ID":11},{"utility":85,"ID":12},{"utility":0,"ID":13},{"utility":45,"ID":14},{"utility":26,"ID":15},{"utility":89,"ID":16},{"utility":44,"ID":17},{"utility":58,"ID":18},{"utility":58,"ID":19},{"utility":25,"ID":20},{"utility":14.5,"ID":21},{"utility":0,"ID":22},{"utility":0,"ID":23},{"utility":98,"ID":24},{"utility":0,"ID":25}],"LAST COALITION":[[],[{"utility":0,"ID":22}],[{"utility":0,"ID":10}],[{"utility":0,"ID":1}],[{"utility":64,"ID":6},{"utility":58,"ID":19}],[{"utility":0,"ID":13},{"utility":58,"ID":18}],[{"utility":94,"ID":5},{"utility":25,"ID":20}],[],[{"utility":45,"ID":9},{"utility":89,"ID":16}],[{"utility":45,"ID":14},{"utility":14.5,"ID":21},{"utility":0,"ID":23}],[{"utility":0,"ID":11}],[{"utility":0,"ID":25}],[{"utility":2,"ID":3},{"utility":44,"ID":17}],[{"utility":76,"ID":2},{"utility":26,"ID":15}],[{"utility":92,"ID":4},{"utility":98,"ID":24}],[{"utility":0,"ID":8}],[{"utility":30,"ID":7},{"utility":85,"ID":12}],[],[],[],[],[],[],[],[],[]],"STARTING COALITION: ":[[null],[{"utility":5,"ID":2},{"utility":12.5,"ID":5},{"utility":33.5,"ID":8},{"utility":60.5,"ID":12},{"utility":4.25,"ID":22}],[],[],[{"utility":20.5,"ID":3},{"utility":9,"ID":4},{"utility":64,"ID":15}],[{"utility":25.5,"ID":6},{"utility":0,"ID":13},{"utility":48.5,"ID":18}],[{"utility":0,"ID":7},{"utility":0,"ID":17}],[],[{"utility":45,"ID":9},{"utility":89,"ID":16}],[{"utility":0,"ID":10},{"utility":30.666666666666668,"ID":14},{"utility":30,"ID":21},{"utility":0,"ID":23}],[{"utility":22.333333333333332,"ID":1},{"utility":0,"ID":11},{"utility":0,"ID":19},{"utility":56.666666666666664,"ID":20}],[{"utility":91,"ID":24},{"utility":0,"ID":25}],[],[],[],[],[],[],[],[],[],[],[],[],[],[]],"CORE :":false,"LAST PARTITION":{"22":1,"23":9,"24":14,"25":11,"10":2,"11":10,"12":16,"13":5,"14":9,"15":13,"16":8,"17":12,"18":5,"19":4,"1":3,"2":13,"3":12,"4":14,"5":6,"6":4,"7":16,"8":15,"9":8,"20":6,"21":9}},{"STARTING PARTITION: ":{"22":4,"23":5,"24":6,"25":4,"10":1,"11":10,"12":7,"13":1,"14":12,"15":12,"16":1,"17":2,"18":3,"19":7,"1":10,"2":11,"3":9,"4":2,"5":12,"6":1,"7":6,"8":6,"9":8,"20":12,"21":9},"Agents":[null,{"utility":7,"ID":1},{"utility":83,"ID":2},{"utility":56,"ID":3},{"utility":92,"ID":4},{"utility":94,"ID":5},{"utility":64,"ID":6},{"utility":85,"ID":7},{"utility":0,"ID":8},{"utility":0,"ID":9},{"utility":0,"ID":10},{"utility":0,"ID":11},{"utility":0,"ID":12},{"utility":66,"ID":13},{"utility":20,"ID":14},{"utility":0,"ID":15},{"utility":35,"ID":16},{"utility":0,"ID":17},{"utility":3,"ID":18},{"utility":58,"ID":19},{"utility":25,"ID":20},{"utility":0,"ID":21},{"utility":0,"ID":22},{"utility":0,"ID":23},{"utility":98,"ID":24},{"utility":0,"ID":25}],"LAST COALITION":[[],[{"utility":66,"ID":13},{"utility":35,"ID":16}],[{"utility":56,"ID":3},{"utility":3,"ID":18}],[{"utility":0,"ID":8}],[{"utility":0,"ID":22},{"utility":0,"ID":25}],[{"utility":0,"ID":23}],[{"utility":94,"ID":5},{"utility":25,"ID":20}],[{"utility":0,"ID":12}],[{"utility":0,"ID":9}],[{"utility":0,"ID":21}],[{"utility":7,"ID":1},{"utility":85,"ID":7}],[{"utility":64,"ID":6},{"utility":58,"ID":19}],[{"utility":0,"ID":15}],[{"utility":0,"ID":10}],[{"utility":92,"ID":4},{"utility":98,"ID":24}],[],[{"utility":83,"ID":2},{"utility":20,"ID":14}],[{"utility":0,"ID":11}],[{"utility":0,"ID":17}],[],[],[],[],[],[],[]],"STARTING COALITION: ":[[null],[{"utility":4,"ID":6},{"utility":5,"ID":10},{"utility":22,"ID":13},{"utility":45,"ID":16}],[{"utility":0,"ID":4},{"utility":56,"ID":17}],[{"utility":0,"ID":18}],[{"utility":0,"ID":22},{"utility":0,"ID":25}],[{"utility":0,"ID":23}],[{"utility":10.5,"ID":7},{"utility":37.5,"ID":8},{"utility":49,"ID":24}],[{"utility":0,"ID":12},{"utility":0,"ID":19}],[{"utility":0,"ID":9}],[{"utility":64,"ID":3},{"utility":0,"ID":21}],[{"utility":67,"ID":1},{"utility":0,"ID":11}],[{"utility":0,"ID":2}],[{"utility":33.666666666666664,"ID":5},{"utility":43,"ID":14},{"utility":39.666666666666664,"ID":15},{"utility":8.333333333333334,"ID":20}],[],[],[],[],[],[],[],[],[],[],[],[],[]],"CORE :":false,"LAST PARTITION":{"22":4,"23":5,"24":14,"25":4,"10":13,"11":17,"12":7,"13":1,"14":16,"15":12,"16":1,"17":18,"18":2,"19":11,"1":10,"2":16,"3":2,"4":14,"5":6,"6":11,"7":10,"8":3,"9":8,"20":6,"21":9}},{"END OF FILE:" : true}]