[{"STARTING PARTITION: ":{"22":9,"23":2,"24":3,"25":4,"10":10,"11":2,"12":11,"13":3,"14":5,"15":4,"16":7,"17":4,"18":12,"19":8,"1":7,"2":2,"3":11,"4":3,"5":6,"6":5,"7":6,"8":12,"9":1,"20":1,"21":9},"Agents":[null,{"utility":0,"ID":1},{"utility":13,"ID":2},{"utility":56,"ID":3},{"utility":37,"ID":4},{"utility":74,"ID":5},{"utility":68,"ID":6},{"utility":94,"ID":7},{"utility":58,"ID":8},{"utility":97,"ID":9},{"utility":55,"ID":10},{"utility":73,"ID":11},{"utility":0,"ID":12},{"utility":91,"ID":13},{"utility":0,"ID":14},{"utility":25.5,"ID":15},{"utility":0,"ID":16},{"utility":55.5,"ID":17},{"utility":0,"ID":18},{"utility":0,"ID":19},{"utility":0,"ID":20},{"utility":0,"ID":21},{"utility":93,"ID":22},{"utility":0,"ID":23},{"utility":0,"ID":24},{"utility":78.5,"ID":25}],"LAST COALITION":[[],[{"utility":0,"ID":20}],[{"utility":0,"ID":12}],[{"utility":0,"ID":24}],[{"utility":25.5,"ID":15},{"utility":55.5,"ID":17},{"utility":78.5,"ID":25}],[{"utility":0,"ID":14}],[{"utility":0,"ID":1}],[{"utility":0,"ID":16}],[{"utility":0,"ID":19}],[{"utility":0,"ID":21}],[],[{"utility":94,"ID":7},{"utility":93,"ID":22}],[{"utility":0,"ID":18}],[{"utility":74,"ID":5},{"utility":91,"ID":13}],[{"utility":37,"ID":4},{"utility":73,"ID":11}],[{"utility":13,"ID":2},{"utility":68,"ID":6}],[{"utility":0,"ID":23}],[{"utility":58,"ID":8},{"utility":97,"ID":9}],[],[{"utility":56,"ID":3},{"utility":55,"ID":10}],[],[],[],[],[],[]],"STARTING COALITION: ":[[null],[{"utility":45,"ID":9},{"utility":0,"ID":20}],[{"utility":39.5,"ID":2},{"utility":9,"ID":11},{"utility":33.5,"ID":23}],[{"utility":0,"ID":4},{"utility":26,"ID":13},{"utility":22,"ID":24}],[{"utility":25.5,"ID":15},{"utility":55.5,"ID":17},{"utility":78.5,"ID":25}],[{"utility":0,"ID":6},{"utility":44,"ID":14}],[{"utility":87,"ID":5},{"utility":0,"ID":7}],[{"utility":49,"ID":1},{"utility":0,"ID":16}],[{"utility":0,"ID":19}],[{"utility":84,"ID":21},{"utility":0,"ID":22}],[{"utility":0,"ID":10}],[{"utility":0,"ID":3},{"utility":0,"ID":12}],[{"utility":0,"ID":8},{"utility":0,"ID":18}],[],[],[],[],[],[],[],[],[],[],[],[],[]],"CORE :":false,"LAST PARTITION":{"22":11,"23":16,"24":3,"25":4,"10":19,"11":14,"12":2,"13":13,"14":5,"15":4,"16":7,"17":4,"18":12,"19":8,"1":6,"2":15,"3":19,"4":14,"5":13,"6":15,"7":11,"8":17,"9":17,"20":1,"21":9}},{"STARTING PARTITION: ":{"22":5,"23":6,"24":10,"25":8,"10":5,"11":1,"12":11,"13":7,"14":10,"15":6,"16":3,"17":7,"18":11,"19":7,"1":4,"2":4,"3":8,"4":1,"5":7,"6":4,"7":7,"8":1,"9":9,"20":2,"21":6},"Agents":[null,{"utility":87,"ID":1},{"utility":69,"ID":2},{"utility":76,"ID":3},{"utility":37,"ID":4},{"utility":81,"ID":5},{"utility":0,"ID":6},{"utility":81,"ID":7},{"utility":52,"ID":8},{"utility":0,"ID":9},{"utility":97,"ID":10},{"utility":73,"ID":11},{"utility":82,"ID":12},{"utility":0,"ID":13},{"utility":0,"ID":14},{"utility":88,"ID":15},{"utility":0,"ID":16},{"utility":0,"ID":17},{"utility":91,"ID":18},{"utility":0,"ID":19},{"utility":0,"ID":20},{"utility":48,"ID":21},{"utility":0,"ID":22},{"utility":50,"ID":23},{"utility":0,"ID":24},{"utility":0,"ID":25}],"LAST COALITION":[[],[{"utility":0,"ID":13}],[{"utility":0,"ID":20}],[{"utility":0,"ID":16}],[{"utility":0,"ID":17}],[{"utility":0,"ID":22}],[{"utility":88,"ID":15},{"utility":48,"ID":21}],[{"utility":0,"ID":19}],[{"utility":0,"ID":25}],[{"utility":37,"ID":4},{"utility":73,"ID":11}],[{"utility":0,"ID":14},{"utility":0,"ID":24}],[{"utility":82,"ID":12},{"utility":91,"ID":18}],[{"utility":87,"ID":1},{"utility":81,"ID":7}],[{"utility":0,"ID":9}],[{"utility":0,"ID":6}],[{"utility":76,"ID":3},{"utility":52,"ID":8}],[{"utility":81,"ID":5},{"utility":50,"ID":23}],[{"utility":69,"ID":2},{"utility":97,"ID":10}],[],[],[],[],[],[],[],[]],"STARTING COALITION: ":[[null],[{"utility":18.5,"ID":4},{"utility":52,"ID":8},{"utility":36.5,"ID":11}],[{"utility":0,"ID":20}],[{"utility":0,"ID":16}],[{"utility":42.5,"ID":1},{"utility":35,"ID":2},{"utility":67,"ID":6}],[{"utility":0,"ID":10},{"utility":0,"ID":22}],[{"utility":44,"ID":15},{"utility":29.5,"ID":21},{"utility":28,"ID":23}],[{"utility":40.25,"ID":5},{"utility":18.5,"ID":7},{"utility":46.75,"ID":13},{"utility":51.5,"ID":17},{"utility":48,"ID":19}],[{"utility":50,"ID":3},{"utility":93,"ID":25}],[{"utility":0,"ID":9}],[{"utility":0,"ID":14},{"utility":0,"ID":24}],[{"utility":82,"ID":12},{"utility":91,"ID":18}],[],[],[],[],[],[],[],[],[],[],[],[],[],[]],"CORE :":false,"LAST PARTITION":{"22":5,"23":16,"24":10,"25":8,"10":17,"11":9,"12":11,"13":1,"14":10,"15":6,"16":3,"17":4,"18":11,"19":7,"1":12,"2":17,"3":15,"4":9,"5":16,"6":14,"7":12,"8":15,"9":13,"20":2,"21":6}},{"STARTING PARTITION: ":{"22":12,"23":2,"24":10,"25":9,"10":2,"11":8,"12":11,"13":3,"14":6,"15":3,"16":6,"17":4,"18":2,"19":4,"1":7,"2":12,"3":1,"4":7,"5":1,"6":4,"7":2,"8":8,"9":1,"20":10,"21":8},"Agents":[null,{"utility":82,"ID":1},{"utility":13,"ID":2},{"utility":76,"ID":3},{"utility":37,"ID":4},{"utility":81,"ID":5},{"utility":68,"ID":6},{"utility":90,"ID":7},{"utility":52,"ID":8},{"utility":0,"ID":9},{"utility":0,"ID":10},{"utility":73,"ID":11},{"utility":18,"ID":12},{"utility":20,"ID":13},{"utility":64,"ID":14},{"utility":0,"ID":15},{"utility":59,"ID":16},{"utility":0,"ID":17},{"utility":0,"ID":18},{"utility":0,"ID":19},{"utility":0,"ID":20},{"utility":0,"ID":21},{"utility":0,"ID":22},{"utility":50,"ID":23},{"utility":0,"ID":24},{"utility":0,"ID":25}],"LAST COALITION":[[],[{"utility":37,"ID":4},{"utility":73,"ID":11}],[{"utility":0,"ID":18}],[{"utility":0,"ID":15}],[{"utility":0,"ID":19}],[{"utility":0,"ID":17}],[{"utility":64,"ID":14},{"utility":59,"ID":16}],[{"utility":81,"ID":5},{"utility":50,"ID":23}],[{"utility":0,"ID":21}],[{"utility":0,"ID":25}],[{"utility":0,"ID":20},{"utility":0,"ID":24}],[{"utility":13,"ID":2},{"utility":68,"ID":6}],[{"utility":0,"ID":22}],[{"utility":0,"ID":9}],[{"utility":82,"ID":1},{"utility":20,"ID":13}],[],[{"utility":76,"ID":3},{"utility":52,"ID":8}],[{"utility":90,"ID":7},{"utility":18,"ID":12}],[{"utility":0,"ID":10}],[],[],[],[],[],[],[]],"STARTING COALITION: ":[[null],[{"utility":9.5,"ID":3},{"utility":41.5,"ID":5},{"utility":91,"ID":9}],[{"utility":43.333333333333336,"ID":7},{"utility":32.333333333333336,"ID":10},{"utility":54.666666666666664,"ID":18},{"utility":0,"ID":23}],[{"utility":21,"ID":13},{"utility":0,"ID":15}],[{"utility":44.5,"ID":6},{"utility":9,"ID":17},{"utility":71.5,"ID":19}],[],[{"utility":64,"ID":14},{"utility":59,"ID":16}],[{"utility":0,"ID":1},{"utility":88,"ID":4}],[{"utility":26.5,"ID":8},{"utility":32,"ID":11},{"utility":7.5,"ID":21}],[{"utility":0,"ID":25}],[{"utility":0,"ID":20},{"utility":0,"ID":24}],[{"utility":0,"ID":12}],[{"utility":15,"ID":2},{"utility":0,"ID":22}],[],[],[],[],[],[],[],[],[],[],[],[],[]],"CORE :":false,"LAST PARTITION":{"22":12,"23":7,"24":10,"25":9,"10":18,"11":1,"12":17,"13":14,"14":6,"15":3,"16":6,"17":5,"18":2,"19":4,"1":14,"2":11,"3":16,"4":1,"5":7,"6":11,"7":17,"8":16,"9":13,"20":10,"21":8}},{"STARTING PARTITION: ":{"22":2,"23":9,"24":3,"25":5,"10":6,"11":6,"12":11,"13":10,"14":9,"15":2,"16":7,"17":12,"18":5,"19":3,"1":6,"2":4,"3":5,"4":7,"5":1,"6":4,"7":4,"8":3,"9":9,"20":11,"21":5},"Agents":[null,{"utility":87,"ID":1},{"utility":79,"ID":2},{"utility":76,"ID":3},{"utility":0,"ID":4},{"utility":81,"ID":5},{"utility":55,"ID":6},{"utility":81,"ID":7},{"utility":52,"ID":8},{"utility":0,"ID":9},{"utility":0,"ID":10},{"utility":18,"ID":11},{"utility":63,"ID":12},{"utility":0,"ID":13},{"utility":0,"ID":14},{"utility":77,"ID":15},{"utility":0,"ID":16},{"utility":18,"ID":17},{"utility":0,"ID":18},{"utility":0,"ID":19},{"utility":0,"ID":20},{"utility":5.5,"ID":21},{"utility":29,"ID":22},{"utility":50,"ID":23},{"utility":54,"ID":24},{"utility":0,"ID":25}],"LAST COALITION":[[],[{"utility":0,"ID":13}],[{"utility":77,"ID":15},{"utility":29,"ID":22}],[{"utility":0,"ID":19},{"utility":54,"ID":24}],[{"utility":81,"ID":5},{"utility":50,"ID":23}],[{"utility":0,"ID":18},{"utility":5.5,"ID":21},{"utility":0,"ID":25}],[{"utility":76,"ID":3},{"utility":52,"ID":8}],[{"utility":0,"ID":16}],[{"utility":55,"ID":6},{"utility":18,"ID":17}],[{"utility":0,"ID":14}],[{"utility":0,"ID":9}],[{"utility":63,"ID":12},{"utility":0,"ID":20}],[{"utility":79,"ID":2},{"utility":18,"ID":11}],[{"utility":0,"ID":4}],[{"utility":87,"ID":1},{"utility":81,"ID":7}],[],[{"utility":0,"ID":10}],[],[],[],[],[],[],[],[],[]],"STARTING COALITION: ":[[null],[{"utility":0,"ID":5}],[{"utility":77,"ID":15},{"utility":29,"ID":22}],[{"utility":0,"ID":8},{"utility":11.5,"ID":19},{"utility":67,"ID":24}],[{"utility":6.5,"ID":2},{"utility":57,"ID":6},{"utility":0,"ID":7}],[{"utility":38,"ID":3},{"utility":0,"ID":18},{"utility":3.6666666666666665,"ID":21},{"utility":31,"ID":25}],[{"utility":28.5,"ID":1},{"utility":11.5,"ID":10},{"utility":22,"ID":11}],[{"utility":0,"ID":4},{"utility":44,"ID":16}],[],[{"utility":9,"ID":9},{"utility":0,"ID":14},{"utility":1.5,"ID":23}],[{"utility":0,"ID":13}],[{"utility":63,"ID":12},{"utility":0,"ID":20}],[{"utility":0,"ID":17}],[],[],[],[],[],[],[],[],[],[],[],[],[]],"CORE :":false,"LAST PARTITION":{"22":2,"23":4,"24":3,"25":5,"10":16,"11":12,"12":11,"13":1,"14":9,"15":2,"16":7,"17":8,"18":5,"19":3,"1":14,"2":12,"3":6,"4":13,"5":4,"6":8,"7":14,"8":6,"9":10,"20":11,"21":5}},{"STARTING PARTITION: ":{"22":5,"23":11,"24":3,"25":9,"10":5,"11":9,"12":12,"13":12,"14":1,"15":9,"16":5,"17":2,"18":3,"19":10,"1":8,"2":2,"3":2,"4":1,"5":5,"6":8,"7":10,"8":1,"9":6,"20":10,"21":5},"Agents":[null,{"utility":82,"ID":1},{"utility":79,"ID":2},{"utility":76,"ID":3},{"utility":26,"ID":4},{"utility":81,"ID":5},{"utility":55,"ID":6},{"utility":90,"ID":7},{"utility":52,"ID":8},{"utility":11,"ID":9},{"utility":0,"ID":10},{"utility":18,"ID":11},{"utility":18,"ID":12},{"utility":20,"ID":13},{"utility":0,"ID":14},{"utility":0,"ID":15},{"utility":10,"ID":16},{"utility":18,"ID":17},{"utility":0,"ID":18},{"utility":0,"ID":19},{"utility":62,"ID":20},{"utility":42,"ID":21},{"utility":0,"ID":22},{"utility":50,"ID":23},{"utility":0,"ID":24},{"utility":64,"ID":25}],"LAST COALITION":[[],[{"utility":0,"ID":14}],[{"utility":55,"ID":6},{"utility":18,"ID":17}],[{"utility":0,"ID":18},{"utility":0,"ID":24}],[{"utility":82,"ID":1},{"utility":20,"ID":13}],[{"utility":10,"ID":16},{"utility":42,"ID":21},{"utility":0,"ID":22}],[{"utility":26,"ID":4},{"utility":11,"ID":9}],[{"utility":79,"ID":2},{"utility":18,"ID":11}],[],[{"utility":0,"ID":15},{"utility":64,"ID":25}],[{"utility":0,"ID":19},{"utility":62,"ID":20}],[],[{"utility":0,"ID":10}],[{"utility":81,"ID":5},{"utility":50,"ID":23}],[{"utility":90,"ID":7},{"utility":18,"ID":12}],[{"utility":76,"ID":3},{"utility":52,"ID":8}],[],[],[],[],[],[],[],[],[],[]],"STARTING COALITION: ":[[null],[{"utility":0,"ID":4},{"utility":25.5,"ID":8},{"utility":0,"ID":14}],[{"utility":0,"ID":2},{"utility":40.5,"ID":3},{"utility":34.5,"ID":17}],[{"utility":0,"ID":18},{"utility":0,"ID":24}],[],[{"utility":31.75,"ID":5},{"utility":46.75,"ID":10},{"utility":17.75,"ID":16},{"utility":21,"ID":21},{"utility":0,"ID":22}],[{"utility":0,"ID":9}],[],[{"utility":51,"ID":1},{"utility":66,"ID":6}],[{"utility":44.5,"ID":11},{"utility":0,"ID":15},{"utility":32,"ID":25}],[{"utility":2.5,"ID":7},{"utility":0,"ID":19},{"utility":59,"ID":20}],[{"utility":0,"ID":23}],[{"utility":0,"ID":12},{"utility":7,"ID":13}],[],[],[],[],[],[],[],[],[],[],[],[],[]],"CORE :":false,"LAST PARTITION":{"22":5,"23":13,"24":3,"25":9,"10":12,"11":7,"12":14,"13":4,"14":1,"15":9,"16":5,"17":2,"18":3,"19":10,"1":4,"2":7,"3":15,"4":6,"5":13,"6":2,"7":14,"8":15,"9":6,"20":10,"21":5}},{"STARTING PARTITION: ":{"22":10,"23":6,"24":9,"25":1,"10":6,"11":4,"12":3,"13":2,"14":1,"15":5,"16":10,"17":8,"18":3,"19":5,"1":4,"2":10,"3":6,"4":1,"5":11,"6":6,"7":1,"8":1,"9":10,"20":6,"21":12},"Agents":[null,{"utility":87,"ID":1},{"utility":79,"ID":2},{"utility":76,"ID":3},{"utility":0,"ID":4},{"utility":81,"ID":5},{"utility":55,"ID":6},{"utility":81,"ID":7},{"utility":52,"ID":8},{"utility":40,"ID":9},{"utility":0,"ID":10},{"utility":18,"ID":11},{"utility":82,"ID":12},{"utility":0,"ID":13},{"utility":0,"ID":14},{"utility":42,"ID":15},{"utility":56.5,"ID":16},{"utility":18,"ID":17},{"utility":91,"ID":18},{"utility":0,"ID":19},{"utility":0,"ID":20},{"utility":0,"ID":21},{"utility":0,"ID":22},{"utility":50,"ID":23},{"utility":0,"ID":24},{"utility":0,"ID":25}],"LAST COALITION":[[],[{"utility":0,"ID":14},{"utility":0,"ID":25}],[{"utility":81,"ID":5},{"utility":50,"ID":23}],[{"utility":82,"ID":12},{"utility":91,"ID":18}],[{"utility":0,"ID":4}],[{"utility":42,"ID":15},{"utility":0,"ID":19}],[{"utility":0,"ID":20}],[{"utility":87,"ID":1},{"utility":81,"ID":7}],[{"utility":55,"ID":6},{"utility":18,"ID":17}],[{"utility":0,"ID":24}],[{"utility":40,"ID":9},{"utility":56.5,"ID":16},{"utility":0,"ID":22}],[{"utility":76,"ID":3},{"utility":52,"ID":8}],[{"utility":0,"ID":21}],[],[{"utility":0,"ID":10}],[{"utility":79,"ID":2},{"utility":18,"ID":11}],[{"utility":0,"ID":13}],[],[],[],[],[],[],[],[],[]],"STARTING COALITION: ":[[null],[{"utility":10.25,"ID":4},{"utility":30.25,"ID":7},{"utility":12.75,"ID":8},{"utility":0,"ID":14},{"utility":18.25,"ID":25}],[{"utility":0,"ID":13}],[{"utility":82,"ID":12},{"utility":91,"ID":18}],[{"utility":57,"ID":1},{"utility":0,"ID":11}],[{"utility":42,"ID":15},{"utility":0,"ID":19}],[{"utility":26,"ID":3},{"utility":0,"ID":6},{"utility":13.75,"ID":10},{"utility":28.25,"ID":20},{"utility":14.5,"ID":23}],[],[{"utility":0,"ID":17}],[{"utility":0,"ID":24}],[{"utility":31.333333333333332,"ID":2},{"utility":26.666666666666668,"ID":9},{"utility":66.33333333333333,"ID":16},{"utility":0,"ID":22}],[{"utility":0,"ID":5}],[{"utility":0,"ID":21}],[],[],[],[],[],[],[],[],[],[],[],[],[]],"CORE :":false,"LAST PARTITION":{"22":10,"23":2,"24":9,"25":1,"10":14,"11":15,"12":3,"13":16,"14":1,"15":5,"16":10,"17":8,"18":3,"19":5,"1":7,"2":15,"3":11,"4":4,"5":2,"6":8,"7":7,"8":11,"9":10,"20":6,"21":12}},{"STARTING PARTITION: ":{"22":12,"23":5,"24":7,"25":8,"10":5,"11":1,"12":3,"13":5,"14":5,"15":3,"16":9,"17":9,"18":10,"19":12,"1":11,"2":3,"3":10,"4":2,"5":10,"6":3,"7":3,"8":5,"9":10,"20":9,"21":12},"Agents":[null,{"utility":82,"ID":1},{"utility":79,"ID":2},{"utility":76,"ID":3},{"utility":15,"ID":4},{"utility":81,"ID":5},{"utility":55,"ID":6},{"utility":92,"ID":7},{"utility":52,"ID":8},{"utility":51,"ID":9},{"utility":44,"ID":10},{"utility":18,"ID":11},{"utility":9,"ID":12},{"utility":20,"ID":13},{"utility":0,"ID":14},{"utility":0,"ID":15},{"utility":91,"ID":16},{"utility":18,"ID":17},{"utility":24,"ID":18},{"utility":25,"ID":19},{"utility":0,"ID":20},{"utility":42,"ID":21},{"utility":0,"ID":22},{"utility":50,"ID":23},{"utility":0,"ID":24},{"utility":0,"ID":25}],"LAST COALITION":[[],[{"utility":81,"ID":5},{"utility":50,"ID":23}],[{"utility":55,"ID":6},{"utility":18,"ID":17}],[{"utility":92,"ID":7},{"utility":9,"ID":12},{"utility":0,"ID":15}],[],[{"utility":0,"ID":14}],[{"utility":15,"ID":4},{"utility":44,"ID":10}],[{"utility":0,"ID":24}],[{"utility":82,"ID":1},{"utility":20,"ID":13}],[{"utility":91,"ID":16},{"utility":0,"ID":20}],[{"utility":51,"ID":9},{"utility":24,"ID":18}],[{"utility":0,"ID":25}],[{"utility":25,"ID":19},{"utility":42,"ID":21},{"utility":0,"ID":22}],[{"utility":76,"ID":3},{"utility":52,"ID":8}],[],[{"utility":79,"ID":2},{"utility":18,"ID":11}],[],[],[],[],[],[],[],[],[],[]],"STARTING COALITION: ":[[null],[{"utility":0,"ID":11}],[{"utility":0,"ID":4}],[{"utility":16.25,"ID":2},{"utility":28.5,"ID":6},{"utility":46,"ID":7},{"utility":4.5,"ID":12},{"utility":19,"ID":15}],[],[{"utility":7,"ID":8},{"utility":0,"ID":10},{"utility":28,"ID":13},{"utility":18,"ID":14},{"utility":21.5,"ID":23}],[],[{"utility":0,"ID":24}],[{"utility":0,"ID":25}],[{"utility":69,"ID":16},{"utility":0,"ID":17},{"utility":46,"ID":20}],[{"utility":18.666666666666668,"ID":3},{"utility":58,"ID":5},{"utility":77.66666666666667,"ID":9},{"utility":8,"ID":18}],[{"utility":0,"ID":1}],[{"utility":25,"ID":19},{"utility":42,"ID":21},{"utility":0,"ID":22}],[],[],[],[],[],[],[],[],[],[],[],[],[]],"CORE :":false,"LAST PARTITION":{"22":12,"23":1,"24":7,"25":11,"10":6,"11":15,"12":3,"13":8,"14":5,"15":3,"16":9,"17":2,"18":10,"19":12,"1":8,"2":15,"3":13,"4":6,"5":1,"6":2,"7":3,"8":13,"9":10,"20":9,"21":12}},{"STARTING PARTITION: ":{"22":7,"23":7,"24":10,"25":8,"10":6,"11":3,"12":6,"13":1,"14":3,"15":10,"16":11,"17":6,"18":4,"19":10,"1":8,"2":2,"3":1,"4":8,"5":12,"6":10,"7":10,"8":5,"9":8,"20":11,"21":5},"Agents":[null,{"utility":82,"ID":1},{"utility":79,"ID":2},{"utility":76,"ID":3},{"utility":15,"ID":4},{"utility":81,"ID":5},{"utility":55,"ID":6},{"utility":90,"ID":7},{"utility":52,"ID":8},{"utility":88,"ID":9},{"utility":44,"ID":10},{"utility":18,"ID":11},{"utility":18,"ID":12},{"utility":20,"ID":13},{"utility":0,"ID":14},{"utility":42.5,"ID":15},{"utility":91,"ID":16},{"utility":18,"ID":17},{"utility":0,"ID":18},{"utility":0,"ID":19},{"utility":0,"ID":20},{"utility":0,"ID":21},{"utility":0,"ID":22},{"utility":50,"ID":23},{"utility":27,"ID":24},{"utility":0,"ID":25}],"LAST COALITION":[[],[{"utility":81,"ID":5},{"utility":50,"ID":23}],[],[{"utility":0,"ID":14}],[{"utility":0,"ID":18}],[{"utility":0,"ID":21}],[{"utility":15,"ID":4},{"utility":44,"ID":10}],[{"utility":0,"ID":22}],[{"utility":88,"ID":9},{"utility":0,"ID":25}],[{"utility":55,"ID":6},{"utility":18,"ID":17}],[{"utility":42.5,"ID":15},{"utility":0,"ID":19},{"utility":27,"ID":24}],[{"utility":91,"ID":16},{"utility":0,"ID":20}],[{"utility":76,"ID":3},{"utility":52,"ID":8}],[{"utility":82,"ID":1},{"utility":20,"ID":13}],[{"utility":79,"ID":2},{"utility":18,"ID":11}],[{"utility":90,"ID":7},{"utility":18,"ID":12}],[],[],[],[],[],[],[],[],[],[]],"STARTING COALITION: ":[[null],[{"utility":25,"ID":3},{"utility":0,"ID":13}],[{"utility":0,"ID":2}],[{"utility":30,"ID":11},{"utility":0,"ID":14}],[{"utility":0,"ID":18}],[{"utility":0,"ID":8},{"utility":0,"ID":21}],[{"utility":9,"ID":10},{"utility":43,"ID":12},{"utility":0,"ID":17}],[{"utility":0,"ID":22},{"utility":32,"ID":23}],[{"utility":30.333333333333332,"ID":1},{"utility":51.666666666666664,"ID":4},{"utility":58.333333333333336,"ID":9},{"utility":2,"ID":25}],[],[{"utility":20,"ID":6},{"utility":23.5,"ID":7},{"utility":40.25,"ID":15},{"utility":13.75,"ID":19},{"utility":27.75,"ID":24}],[{"utility":91,"ID":16},{"utility":0,"ID":20}],[{"utility":0,"ID":5}],[],[],[],[],[],[],[],[],[],[],[],[],[]],"CORE :":false,"LAST PARTITION":{"22":7,"23":1,"24":10,"25":8,"10":6,"11":14,"12":15,"13":13,"14":3,"15":10,"16":11,"17":9,"18":4,"19":10,"1":13,"2":14,"3":12,"4":6,"5":1,"6":9,"7":15,"8":12,"9":8,"20":11,"21":5}},{"STARTING PARTITION: ":{"22":3,"23":9,"24":7,"25":8,"10":2,"11":4,"12":5,"13":6,"14":12,"15":7,"16":4,"17":5,"18":12,"19":2,"1":6,"2":4,"3":2,"4":12,"5":3,"6":9,"7":6,"8":12,"9":11,"20":7,"21":5},"Agents":[null,{"utility":82,"ID":1},{"utility":79,"ID":2},{"utility":76,"ID":3},{"utility":0,"ID":4},{"utility":81,"ID":5},{"utility":55,"ID":6},{"utility":94,"ID":7},{"utility":52,"ID":8},{"utility":0,"ID":9},{"utility":0,"ID":10},{"utility":18,"ID":11},{"utility":34,"ID":12},{"utility":20,"ID":13},{"utility":19,"ID":14},{"utility":38,"ID":15},{"utility":0,"ID":16},{"utility":18,"ID":17},{"utility":0,"ID":18},{"utility":0,"ID":19},{"utility":5.5,"ID":20},{"utility":0,"ID":21},{"utility":93,"ID":22},{"utility":50,"ID":23},{"utility":0,"ID":24},{"utility":0,"ID":25}],"LAST COALITION":[[],[{"utility":82,"ID":1},{"utility":20,"ID":13}],[{"utility":0,"ID":19}],[],[{"utility":0,"ID":16}],[{"utility":34,"ID":12},{"utility":0,"ID":21}],[{"utility":81,"ID":5},{"utility":50,"ID":23}],[{"utility":38,"ID":15},{"utility":5.5,"ID":20},{"utility":0,"ID":24}],[{"utility":0,"ID":25}],[{"utility":0,"ID":9}],[{"utility":0,"ID":4}],[{"utility":0,"ID":10}],[{"utility":19,"ID":14},{"utility":0,"ID":18}],[{"utility":76,"ID":3},{"utility":52,"ID":8}],[{"utility":94,"ID":7},{"utility":93,"ID":22}],[{"utility":55,"ID":6},{"utility":18,"ID":17}],[{"utility":79,"ID":2},{"utility":18,"ID":11}],[],[],[],[],[],[],[],[],[]],"STARTING COALITION: ":[[null],[],[{"utility":47,"ID":3},{"utility":27.5,"ID":10},{"utility":50.5,"ID":19}],[{"utility":0,"ID":5},{"utility":0,"ID":22}],[{"utility":53,"ID":2},{"utility":37,"ID":11},{"utility":43,"ID":16}],[{"utility":17,"ID":12},{"utility":0,"ID":17},{"utility":26.5,"ID":21}],[{"utility":84.5,"ID":1},{"utility":77.5,"ID":7},{"utility":10,"ID":13}],[{"utility":38,"ID":15},{"utility":5.5,"ID":20},{"utility":0,"ID":24}],[{"utility":0,"ID":25}],[{"utility":0,"ID":6},{"utility":28,"ID":23}],[],[{"utility":0,"ID":9}],[{"utility":0,"ID":4},{"utility":17,"ID":8},{"utility":6.333333333333333,"ID":14},{"utility":0,"ID":18}],[],[],[],[],[],[],[],[],[],[],[],[],[]],"CORE :":false,"LAST PARTITION":{"22":14,"23":6,"24":7,"25":8,"10":11,"11":16,"12":5,"13":1,"14":12,"15":7,"16":4,"17":15,"18":12,"19":2,"1":1,"2":16,"3":13,"4":10,"5":6,"6":15,"7":14,"8":13,"9":9,"20":7,"21":5}},{"STARTING PARTITION: ":{"22":10,"23":9,"24":7,"25":6,"10":12,"11":4,"12":6,"13":11,"14":6,"15":3,"16":6,"17":12,"18":10,"19":1,"1":10,"2":11,"3":12,"4":5,"5":8,"6":4,"7":5,"8":11,"9":8,"20":2,"21":10},"Agents":[null,{"utility":87,"ID":1},{"utility":79,"ID":2},{"utility":76,"ID":3},{"utility":26,"ID":4},{"utility":81,"ID":5},{"utility":55,"ID":6},{"utility":81,"ID":7},{"utility":52,"ID":8},{"utility":11,"ID":9},{"utility":0,"ID":10},{"utility":18,"ID":11},{"utility":29,"ID":12},{"utility":0,"ID":13},{"utility":21.333333333333332,"ID":14},{"utility":0,"ID":15},{"utility":48.333333333333336,"ID":16},{"utility":18,"ID":17},{"utility":2.5,"ID":18},{"utility":0,"ID":19},{"utility":0,"ID":20},{"utility":47.5,"ID":21},{"utility":0,"ID":22},{"utility":50,"ID":23},{"utility":0,"ID":24},{"utility":4.666666666666667,"ID":25}],"LAST COALITION":[[],[{"utility":0,"ID":19}],[{"utility":0,"ID":20}],[{"utility":0,"ID":15}],[{"utility":0,"ID":13}],[{"utility":81,"ID":5},{"utility":50,"ID":23}],[{"utility":29,"ID":12},{"utility":21.333333333333332,"ID":14},{"utility":48.333333333333336,"ID":16},{"utility":4.666666666666667,"ID":25}],[{"utility":0,"ID":24}],[{"utility":26,"ID":4},{"utility":11,"ID":9}],[],[{"utility":2.5,"ID":18},{"utility":47.5,"ID":21},{"utility":0,"ID":22}],[{"utility":55,"ID":6},{"utility":18,"ID":17}],[{"utility":0,"ID":10}],[],[{"utility":87,"ID":1},{"utility":81,"ID":7}],[{"utility":79,"ID":2},{"utility":18,"ID":11}],[],[{"utility":76,"ID":3},{"utility":52,"ID":8}],[],[],[],[],[],[],[],[]],"STARTING COALITION: ":[[null],[{"utility":0,"ID":19}],[{"utility":0,"ID":20}],[{"utility":0,"ID":15}],[{"utility":0,"ID":6},{"utility":60,"ID":11}],[{"utility":0,"ID":4},{"utility":0,"ID":7}],[{"utility":29,"ID":12},{"utility":21.333333333333332,"ID":14},{"utility":48.333333333333336,"ID":16},{"utility":4.666666666666667,"ID":25}],[{"utility":0,"ID":24}],[{"utility":0,"ID":5},{"utility":91,"ID":9}],[{"utility":0,"ID":23}],[{"utility":37,"ID":1},{"utility":1.6666666666666667,"ID":18},{"utility":58.666666666666664,"ID":21},{"utility":20.666666666666668,"ID":22}],[{"utility":22.5,"ID":2},{"utility":14,"ID":8},{"utility":4.5,"ID":13}],[{"utility":28,"ID":3},{"utility":36.5,"ID":10},{"utility":0,"ID":17}],[],[],[],[],[],[],[],[],[],[],[],[],[]],"CORE :":false,"LAST PARTITION":{"22":10,"23":5,"24":7,"25":6,"10":12,"11":15,"12":6,"13":4,"14":6,"15":3,"16":6,"17":11,"18":10,"19":1,"1":14,"2":15,"3":17,"4":8,"5":5,"6":11,"7":14,"8":17,"9":8,"20":2,"21":10}},{"STARTING PARTITION: ":{"22":8,"23":4,"24":8,"25":9,"10":9,"11":10,"12":8,"13":5,"14":7,"15":10,"16":2,"17":4,"18":3,"19":3,"1":9,"2":1,"3":1,"4":5,"5":6,"6":5,"7":7,"8":10,"9":10,"20":11,"21":6},"Agents":[null,{"utility":82,"ID":1},{"utility":79,"ID":2},{"utility":56,"ID":3},{"utility":79,"ID":4},{"utility":81,"ID":5},{"utility":46,"ID":6},{"utility":94,"ID":7},{"utility":58,"ID":8},{"utility":97,"ID":9},{"utility":55,"ID":10},{"utility":18,"ID":11},{"utility":0,"ID":12},{"utility":20,"ID":13},{"utility":0,"ID":14},{"utility":0,"ID":15},{"utility":0,"ID":16},{"utility":0,"ID":17},{"utility":96,"ID":18},{"utility":0,"ID":19},{"utility":0,"ID":20},{"utility":0,"ID":21},{"utility":93,"ID":22},{"utility":50,"ID":23},{"utility":0,"ID":24},{"utility":0,"ID":25}],"LAST COALITION":[[],[{"utility":79,"ID":4},{"utility":46,"ID":6}],[{"utility":0,"ID":16}],[{"utility":96,"ID":18},{"utility":0,"ID":19}],[{"utility":0,"ID":12}],[{"utility":94,"ID":7},{"utility":93,"ID":22}],[{"utility":0,"ID":21}],[{"utility":0,"ID":14}],[{"utility":0,"ID":24}],[{"utility":0,"ID":25}],[],[{"utility":0,"ID":20}],[{"utility":0,"ID":17}],[{"utility":58,"ID":8},{"utility":97,"ID":9}],[{"utility":82,"ID":1},{"utility":20,"ID":13}],[{"utility":81,"ID":5},{"utility":50,"ID":23}],[{"utility":0,"ID":15}],[],[],[{"utility":79,"ID":2},{"utility":18,"ID":11}],[{"utility":56,"ID":3},{"utility":55,"ID":10}],[],[],[],[],[]],"STARTING COALITION: ":[[null],[{"utility":0,"ID":2},{"utility":81,"ID":3}],[{"utility":0,"ID":16}],[{"utility":96,"ID":18},{"utility":0,"ID":19}],[{"utility":0,"ID":17},{"utility":63,"ID":23}],[{"utility":39.5,"ID":4},{"utility":23,"ID":6},{"utility":26,"ID":13}],[{"utility":81,"ID":5},{"utility":0,"ID":21}],[{"utility":57,"ID":7},{"utility":0,"ID":14}],[{"utility":0,"ID":12},{"utility":47,"ID":22},{"utility":0,"ID":24}],[{"utility":31,"ID":1},{"utility":11.5,"ID":10},{"utility":3,"ID":25}],[{"utility":37,"ID":8},{"utility":32.333333333333336,"ID":9},{"utility":58.666666666666664,"ID":11},{"utility":0,"ID":15}],[{"utility":0,"ID":20}],[],[],[],[],[],[],[],[],[],[],[],[],[],[]],"CORE :":false,"LAST PARTITION":{"22":5,"23":15,"24":8,"25":9,"10":20,"11":19,"12":4,"13":14,"14":7,"15":16,"16":2,"17":12,"18":3,"19":3,"1":14,"2":19,"3":20,"4":1,"5":15,"6":1,"7":5,"8":13,"9":13,"20":11,"21":6}},{"STARTING PARTITION: ":{"22":12,"23":1,"24":3,"25":8,"10":5,"11":6,"12":8,"13":4,"14":5,"15":7,"16":10,"17":8,"18":8,"19":6,"1":8,"2":9,"3":1,"4":4,"5":1,"6":10,"7":7,"8":11,"9":4,"20":10,"21":7},"Agents":[null,{"utility":51,"ID":1},{"utility":0,"ID":2},{"utility":56,"ID":3},{"utility":37,"ID":4},{"utility":74,"ID":5},{"utility":66,"ID":6},{"utility":94,"ID":7},{"utility":58,"ID":8},{"utility":97,"ID":9},{"utility":55,"ID":10},{"utility":73,"ID":11},{"utility":27.333333333333332,"ID":12},{"utility":91,"ID":13},{"utility":0,"ID":14},{"utility":88,"ID":15},{"utility":91,"ID":16},{"utility":28.666666666666668,"ID":17},{"utility":30.333333333333332,"ID":18},{"utility":0,"ID":19},{"utility":0,"ID":20},{"utility":48,"ID":21},{"utility":93,"ID":22},{"utility":0,"ID":23},{"utility":0,"ID":24},{"utility":35.666666666666664,"ID":25}],"LAST COALITION":[[],[{"utility":94,"ID":7},{"utility":93,"ID":22}],[],[{"utility":0,"ID":24}],[{"utility":74,"ID":5},{"utility":91,"ID":13}],[{"utility":0,"ID":14}],[{"utility":0,"ID":19}],[{"utility":88,"ID":15},{"utility":48,"ID":21}],[{"utility":27.333333333333332,"ID":12},{"utility":28.666666666666668,"ID":17},{"utility":30.333333333333332,"ID":18},{"utility":35.666666666666664,"ID":25}],[{"utility":0,"ID":2}],[{"utility":91,"ID":16},{"utility":0,"ID":20}],[{"utility":58,"ID":8},{"utility":97,"ID":9}],[{"utility":51,"ID":1},{"utility":66,"ID":6}],[{"utility":37,"ID":4},{"utility":73,"ID":11}],[],[{"utility":0,"ID":23}],[{"utility":56,"ID":3},{"utility":55,"ID":10}],[],[],[],[],[],[],[],[],[]],"STARTING COALITION: ":[[null],[{"utility":9.5,"ID":3},{"utility":82,"ID":5},{"utility":40,"ID":23}],[],[{"utility":0,"ID":24}],[{"utility":13,"ID":4},{"utility":5.5,"ID":9},{"utility":26,"ID":13}],[{"utility":0,"ID":10},{"utility":72,"ID":14}],[{"utility":12,"ID":11},{"utility":0,"ID":19}],[{"utility":73.5,"ID":7},{"utility":44,"ID":15},{"utility":35.5,"ID":21}],[{"utility":42.5,"ID":1},{"utility":27.75,"ID":12},{"utility":21.5,"ID":17},{"utility":22.75,"ID":18},{"utility":28.25,"ID":25}],[{"utility":0,"ID":2}],[{"utility":0,"ID":6},{"utility":45.5,"ID":16},{"utility":0,"ID":20}],[{"utility":0,"ID":8}],[{"utility":0,"ID":22}],[],[],[],[],[],[],[],[],[],[],[],[],[]],"CORE :":false,"LAST PARTITION":{"22":1,"23":15,"24":3,"25":8,"10":16,"11":13,"12":8,"13":4,"14":5,"15":7,"16":10,"17":8,"18":8,"19":6,"1":12,"2":9,"3":16,"4":13,"5":4,"6":12,"7":1,"8":11,"9":11,"20":10,"21":7}},{"STARTING PARTITION: ":{"22":10,"23":4,"24":7,"25":4,"10":2,"11":8,"12":2,"13":10,"14":8,"15":6,"16":2,"17":10,"18":9,"19":2,"1":3,"2":5,"3":3,"4":3,"5":9,"6":3,"7":4,"8":12,"9":10,"20":12,"21":10},"Agents":[null,{"utility":62,"ID":1},{"utility":69,"ID":2},{"utility":76,"ID":3},{"utility":37,"ID":4},{"utility":91,"ID":5},{"utility":0,"ID":6},{"utility":94,"ID":7},{"utility":52,"ID":8},{"utility":45,"ID":9},{"utility":97,"ID":10},{"utility":73,"ID":11},{"utility":19.5,"ID":12},{"utility":33,"ID":13},{"utility":0,"ID":14},{"utility":0,"ID":15},{"utility":36.5,"ID":16},{"utility":0,"ID":17},{"utility":0,"ID":18},{"utility":0,"ID":19},{"utility":0,"ID":20},{"utility":0,"ID":21},{"utility":93,"ID":22},{"utility":0,"ID":23},{"utility":0,"ID":24},{"utility":6,"ID":25}],"LAST COALITION":[[],[{"utility":37,"ID":4},{"utility":73,"ID":11}],[{"utility":19.5,"ID":12},{"utility":36.5,"ID":16},{"utility":0,"ID":19}],[],[{"utility":0,"ID":23}],[{"utility":76,"ID":3},{"utility":52,"ID":8}],[{"utility":0,"ID":15}],[{"utility":0,"ID":24}],[{"utility":0,"ID":14}],[{"utility":91,"ID":5},{"utility":0,"ID":18}],[{"utility":45,"ID":9},{"utility":33,"ID":13},{"utility":0,"ID":21}],[{"utility":62,"ID":1},{"utility":6,"ID":25}],[{"utility":0,"ID":20}],[{"utility":0,"ID":17}],[{"utility":94,"ID":7},{"utility":93,"ID":22}],[{"utility":0,"ID":6}],[{"utility":69,"ID":2},{"utility":97,"ID":10}],[],[],[],[],[],[],[],[],[]],"STARTING COALITION: ":[[null],[],[{"utility":8.666666666666666,"ID":10},{"utility":41.666666666666664,"ID":12},{"utility":24.333333333333332,"ID":16},{"utility":24,"ID":19}],[{"utility":17,"ID":1},{"utility":45.666666666666664,"ID":3},{"utility":88.33333333333333,"ID":4},{"utility":37.333333333333336,"ID":6}],[{"utility":77,"ID":7},{"utility":3,"ID":23},{"utility":36.5,"ID":25}],[{"utility":0,"ID":2}],[{"utility":0,"ID":15}],[{"utility":0,"ID":24}],[{"utility":30,"ID":11},{"utility":0,"ID":14}],[{"utility":91,"ID":5},{"utility":0,"ID":18}],[{"utility":46,"ID":9},{"utility":33.5,"ID":13},{"utility":12.25,"ID":17},{"utility":34.25,"ID":21},{"utility":37.75,"ID":22}],[],[{"utility":0,"ID":8},{"utility":79,"ID":20}],[],[],[],[],[],[],[],[],[],[],[],[],[]],"CORE :":false,"LAST PARTITION":{"22":14,"23":4,"24":7,"25":11,"10":16,"11":1,"12":2,"13":10,"14":8,"15":6,"16":2,"17":13,"18":9,"19":2,"1":11,"2":16,"3":5,"4":1,"5":9,"6":15,"7":14,"8":5,"9":10,"20":12,"21":10}},{"STARTING PARTITION: ":{"22":12,"23":11,"24":6,"25":8,"10":1,"11":2,"12":7,"13":3,"14":11,"15":10,"16":7,"17":10,"18":6,"19":5,"1":3,"2":6,"3":4,"4":12,"5":12,"6":9,"7":9,"8":2,"9":2,"20":11,"21":9},"Agents":[null,{"utility":82,"ID":1},{"utility":0,"ID":2},{"utility":56,"ID":3},{"utility":79,"ID":4},{"utility":81,"ID":5},{"utility":46,"ID":6},{"utility":94,"ID":7},{"utility":76,"ID":8},{"utility":80,"ID":9},{"utility":55,"ID":10},{"utility":59,"ID":11},{"utility":6,"ID":12},{"utility":20,"ID":13},{"utility":0,"ID":14},{"utility":51,"ID":15},{"utility":93,"ID":16},{"utility":25,"ID":17},{"utility":90,"ID":18},{"utility":0,"ID":19},{"utility":15,"ID":20},{"utility":0,"ID":21},{"utility":93,"ID":22},{"utility":50,"ID":23},{"utility":0,"ID":24},{"utility":0,"ID":25}],"LAST COALITION":[[],[{"utility":79,"ID":4},{"utility":46,"ID":6}],[],[{"utility":59,"ID":11},{"utility":90,"ID":18}],[{"utility":80,"ID":9},{"utility":93,"ID":16}],[{"utility":0,"ID":2}],[{"utility":0,"ID":24}],[{"utility":0,"ID":19}],[{"utility":94,"ID":7},{"utility":93,"ID":22}],[{"utility":0,"ID":21}],[{"utility":51,"ID":15},{"utility":25,"ID":17}],[{"utility":0,"ID":14},{"utility":15,"ID":20}],[{"utility":81,"ID":5},{"utility":50,"ID":23}],[{"utility":0,"ID":25}],[{"utility":82,"ID":1},{"utility":20,"ID":13}],[{"utility":56,"ID":3},{"utility":55,"ID":10}],[{"utility":76,"ID":8},{"utility":6,"ID":12}],[],[],[],[],[],[],[],[],[]],"STARTING COALITION: ":[[null],[{"utility":0,"ID":10}],[{"utility":55.5,"ID":8},{"utility":48.5,"ID":9},{"utility":48.5,"ID":11}],[{"utility":82,"ID":1},{"utility":20,"ID":13}],[{"utility":0,"ID":3}],[{"utility":0,"ID":19}],[{"utility":0,"ID":2},{"utility":0,"ID":18},{"utility":16.5,"ID":24}],[{"utility":0,"ID":12},{"utility":73,"ID":16}],[{"utility":0,"ID":25}],[{"utility":23,"ID":6},{"utility":26.5,"ID":7},{"utility":40,"ID":21}],[{"utility":51,"ID":15},{"utility":25,"ID":17}],[{"utility":0,"ID":14},{"utility":28,"ID":20},{"utility":1.5,"ID":23}],[{"utility":45.5,"ID":4},{"utility":0,"ID":5},{"utility":0,"ID":22}],[],[],[],[],[],[],[],[],[],[],[],[],[]],"CORE :":false,"LAST PARTITION":{"22":8,"23":12,"24":6,"25":13,"10":15,"11":3,"12":16,"13":14,"14":11,"15":10,"16":4,"17":10,"18":3,"19":7,"1":14,"2":5,"3":15,"4":1,"5":12,"6":1,"7":8,"8":16,"9":4,"20":11,"21":9}},{"STARTING PARTITION: ":{"22":9,"23":7,"24":7,"25":7,"10":12,"11":10,"12":7,"13":11,"14":2,"15":9,"16":10,"17":7,"18":4,"19":1,"1":3,"2":1,"3":10,"4":9,"5":12,"6":2,"7":11,"8":4,"9":9,"20":3,"21":8},"Agents":[null,{"utility":51,"ID":1},{"utility":69,"ID":2},{"utility":38,"ID":3},{"utility":0,"ID":4},{"utility":74,"ID":5},{"utility":66,"ID":6},{"utility":94,"ID":7},{"utility":76,"ID":8},{"utility":80,"ID":9},{"utility":97,"ID":10},{"utility":59,"ID":11},{"utility":6,"ID":12},{"utility":91,"ID":13},{"utility":0,"ID":14},{"utility":0,"ID":15},{"utility":93,"ID":16},{"utility":43,"ID":17},{"utility":90,"ID":18},{"utility":29,"ID":19},{"utility":0,"ID":20},{"utility":0,"ID":21},{"utility":93,"ID":22},{"utility":0,"ID":23},{"utility":20,"ID":24},{"utility":93.5,"ID":25}],"LAST COALITION":[[],[{"utility":51,"ID":1},{"utility":66,"ID":6}],[{"utility":0,"ID":14}],[{"utility":0,"ID":20}],[{"utility":59,"ID":11},{"utility":90,"ID":18}],[{"utility":74,"ID":5},{"utility":91,"ID":13}],[{"utility":76,"ID":8},{"utility":6,"ID":12}],[{"utility":43,"ID":17},{"utility":20,"ID":24},{"utility":93.5,"ID":25}],[{"utility":0,"ID":21}],[{"utility":69,"ID":2},{"utility":97,"ID":10}],[{"utility":0,"ID":4}],[{"utility":0,"ID":15}],[],[{"utility":0,"ID":23}],[{"utility":94,"ID":7},{"utility":93,"ID":22}],[{"utility":80,"ID":9},{"utility":93,"ID":16}],[{"utility":38,"ID":3},{"utility":29,"ID":19}],[],[],[],[],[],[],[],[],[]],"STARTING COALITION: ":[[null],[{"utility":70,"ID":2},{"utility":0,"ID":19}],[{"utility":0,"ID":6},{"utility":44,"ID":14}],[{"utility":15,"ID":1},{"utility":0,"ID":20}],[{"utility":0,"ID":8},{"utility":0,"ID":18}],[],[],[{"utility":19,"ID":12},{"utility":21.5,"ID":17},{"utility":39.25,"ID":23},{"utility":30,"ID":24},{"utility":50.25,"ID":25}],[{"utility":0,"ID":21}],[{"utility":42,"ID":4},{"utility":3.6666666666666665,"ID":9},{"utility":25.666666666666668,"ID":15},{"utility":9.666666666666666,"ID":22}],[{"utility":19,"ID":3},{"utility":28,"ID":11},{"utility":0,"ID":16}],[{"utility":74,"ID":7},{"utility":0,"ID":13}],[{"utility":0,"ID":5},{"utility":99,"ID":10}],[],[],[],[],[],[],[],[],[],[],[],[],[]],"CORE :":false,"LAST PARTITION":{"22":14,"23":13,"24":7,"25":7,"10":9,"11":4,"12":6,"13":5,"14":2,"15":11,"16":15,"17":7,"18":4,"19":16,"1":1,"2":9,"3":16,"4":10,"5":5,"6":1,"7":14,"8":6,"9":15,"20":3,"21":8}},{"STARTING PARTITION: ":{"22":8,"23":10,"24":8,"25":4,"10":1,"11":2,"12":10,"13":2,"14":3,"15":3,"16":2,"17":10,"18":3,"19":4,"1":3,"2":11,"3":2,"4":5,"5":3,"6":1,"7":12,"8":9,"9":9,"20":3,"21":5},"Agents":[null,{"utility":62,"ID":1},{"utility":79,"ID":2},{"utility":56,"ID":3},{"utility":0,"ID":4},{"utility":74,"ID":5},{"utility":0,"ID":6},{"utility":90,"ID":7},{"utility":58,"ID":8},{"utility":97,"ID":9},{"utility":55,"ID":10},{"utility":18,"ID":11},{"utility":18,"ID":12},{"utility":91,"ID":13},{"utility":29.333333333333332,"ID":14},{"utility":27.666666666666668,"ID":15},{"utility":0,"ID":16},{"utility":0,"ID":17},{"utility":60.666666666666664,"ID":18},{"utility":0,"ID":19},{"utility":25,"ID":20},{"utility":0,"ID":21},{"utility":0,"ID":22},{"utility":0,"ID":23},{"utility":0,"ID":24},{"utility":6,"ID":25}],"LAST COALITION":[[],[{"utility":62,"ID":1},{"utility":6,"ID":25}],[{"utility":0,"ID":16}],[{"utility":29.333333333333332,"ID":14},{"utility":27.666666666666668,"ID":15},{"utility":60.666666666666664,"ID":18},{"utility":25,"ID":20}],[{"utility":0,"ID":19}],[{"utility":0,"ID":21}],[{"utility":74,"ID":5},{"utility":91,"ID":13}],[{"utility":90,"ID":7},{"utility":18,"ID":12}],[{"utility":0,"ID":22},{"utility":0,"ID":24}],[{"utility":58,"ID":8},{"utility":97,"ID":9}],[{"utility":0,"ID":17}],[{"utility":0,"ID":23}],[],[{"utility":0,"ID":6}],[{"utility":0,"ID":4}],[],[{"utility":79,"ID":2},{"utility":18,"ID":11}],[{"utility":56,"ID":3},{"utility":55,"ID":10}],[],[],[],[],[],[],[],[]],"STARTING COALITION: ":[[null],[{"utility":0,"ID":6},{"utility":0,"ID":10}],[{"utility":21,"ID":3},{"utility":22,"ID":11},{"utility":0,"ID":13},{"utility":27,"ID":16}],[{"utility":20.4,"ID":1},{"utility":53.4,"ID":5},{"utility":30.6,"ID":14},{"utility":28.8,"ID":15},{"utility":36.4,"ID":18},{"utility":15,"ID":20}],[{"utility":69,"ID":19},{"utility":0,"ID":25}],[{"utility":8,"ID":4},{"utility":0,"ID":21}],[],[],[{"utility":0,"ID":22},{"utility":0,"ID":24}],[{"utility":58,"ID":8},{"utility":97,"ID":9}],[{"utility":38,"ID":12},{"utility":0,"ID":17},{"utility":33.5,"ID":23}],[{"utility":0,"ID":2}],[{"utility":0,"ID":7}],[],[],[],[],[],[],[],[],[],[],[],[],[]],"CORE :":false,"LAST PARTITION":{"22":8,"23":11,"24":8,"25":1,"10":17,"11":16,"12":7,"13":6,"14":3,"15":3,"16":2,"17":10,"18":3,"19":4,"1":1,"2":16,"3":17,"4":14,"5":6,"6":13,"7":7,"8":9,"9":9,"20":3,"21":5}},{"STARTING PARTITION: ":{"22":11,"23":2,"24":6,"25":11,"10":4,"11":12,"12":6,"13":6,"14":4,"15":12,"16":6,"17":7,"18":11,"19":12,"1":5,"2":7,"3":2,"4":1,"5":10,"6":1,"7":6,"8":10,"9":1,"20":6,"21":5},"Agents":[null,{"utility":82,"ID":1},{"utility":79,"ID":2},{"utility":76,"ID":3},{"utility":26,"ID":4},{"utility":81,"ID":5},{"utility":55,"ID":6},{"utility":94,"ID":7},{"utility":52,"ID":8},{"utility":11,"ID":9},{"utility":0,"ID":10},{"utility":18,"ID":11},{"utility":21,"ID":12},{"utility":20,"ID":13},{"utility":0,"ID":14},{"utility":42,"ID":15},{"utility":54.666666666666664,"ID":16},{"utility":18,"ID":17},{"utility":0,"ID":18},{"utility":0,"ID":19},{"utility":0,"ID":20},{"utility":0,"ID":21},{"utility":93,"ID":22},{"utility":50,"ID":23},{"utility":0,"ID":24},{"utility":0,"ID":25}],"LAST COALITION":[[],[{"utility":26,"ID":4},{"utility":11,"ID":9}],[],[],[{"utility":0,"ID":14}],[{"utility":0,"ID":21}],[{"utility":21,"ID":12},{"utility":54.666666666666664,"ID":16},{"utility":0,"ID":20},{"utility":0,"ID":24}],[{"utility":55,"ID":6},{"utility":18,"ID":17}],[{"utility":82,"ID":1},{"utility":20,"ID":13}],[{"utility":76,"ID":3},{"utility":52,"ID":8}],[{"utility":94,"ID":7},{"utility":93,"ID":22}],[{"utility":0,"ID":18},{"utility":0,"ID":25}],[{"utility":42,"ID":15},{"utility":0,"ID":19}],[{"utility":79,"ID":2},{"utility":18,"ID":11}],[{"utility":81,"ID":5},{"utility":50,"ID":23}],[{"utility":0,"ID":10}],[],[],[],[],[],[],[],[],[],[]],"STARTING COALITION: ":[[null],[{"utility":52.5,"ID":4},{"utility":23,"ID":6},{"utility":5.5,"ID":9}],[{"utility":0,"ID":3},{"utility":30,"ID":23}],[],[{"utility":0,"ID":10},{"utility":72,"ID":14}],[{"utility":45,"ID":1},{"utility":81,"ID":21}],[{"utility":33.8,"ID":7},{"utility":16.2,"ID":12},{"utility":1.4,"ID":13},{"utility":64.4,"ID":16},{"utility":11.2,"ID":20},{"utility":10,"ID":24}],[{"utility":0,"ID":2},{"utility":69,"ID":17}],[],[],[{"utility":0,"ID":5},{"utility":0,"ID":8}],[{"utility":2.5,"ID":18},{"utility":23,"ID":22},{"utility":0,"ID":25}],[{"utility":45.5,"ID":11},{"utility":21,"ID":15},{"utility":0,"ID":19}],[],[],[],[],[],[],[],[],[],[],[],[],[]],"CORE :":false,"LAST PARTITION":{"22":10,"23":14,"24":6,"25":11,"10":15,"11":13,"12":6,"13":8,"14":4,"15":12,"16":6,"17":7,"18":11,"19":12,"1":8,"2":13,"3":9,"4":1,"5":14,"6":7,"7":10,"8":9,"9":1,"20":6,"21":5}},{"STARTING PARTITION: ":{"22":11,"23":9,"24":11,"25":8,"10":9,"11":11,"12":4,"13":9,"14":5,"15":4,"16":9,"17":12,"18":10,"19":2,"1":10,"2":6,"3":10,"4":7,"5":1,"6":8,"7":11,"8":8,"9":10,"20":8,"21":3},"Agents":[null,{"utility":82,"ID":1},{"utility":69,"ID":2},{"utility":76,"ID":3},{"utility":37,"ID":4},{"utility":81,"ID":5},{"utility":0,"ID":6},{"utility":90,"ID":7},{"utility":52,"ID":8},{"utility":51,"ID":9},{"utility":97,"ID":10},{"utility":73,"ID":11},{"utility":18,"ID":12},{"utility":20,"ID":13},{"utility":0,"ID":14},{"utility":0,"ID":15},{"utility":0,"ID":16},{"utility":0,"ID":17},{"utility":24,"ID":18},{"utility":0,"ID":19},{"utility":22,"ID":20},{"utility":0,"ID":21},{"utility":0,"ID":22},{"utility":50,"ID":23},{"utility":0,"ID":24},{"utility":0,"ID":25}],"LAST COALITION":[[],[{"utility":37,"ID":4},{"utility":73,"ID":11}],[{"utility":0,"ID":19}],[{"utility":0,"ID":21}],[{"utility":0,"ID":15}],[{"utility":0,"ID":14}],[{"utility":0,"ID":17}],[{"utility":81,"ID":5},{"utility":50,"ID":23}],[{"utility":22,"ID":20},{"utility":0,"ID":25}],[{"utility":0,"ID":16}],[{"utility":51,"ID":9},{"utility":24,"ID":18}],[{"utility":0,"ID":22},{"utility":0,"ID":24}],[],[{"utility":69,"ID":2},{"utility":97,"ID":10}],[{"utility":82,"ID":1},{"utility":20,"ID":13}],[{"utility":76,"ID":3},{"utility":52,"ID":8}],[{"utility":90,"ID":7},{"utility":18,"ID":12}],[{"utility":0,"ID":6}],[],[],[],[],[],[],[],[]],"STARTING COALITION: ":[[null],[{"utility":0,"ID":5}],[{"utility":0,"ID":19}],[{"utility":0,"ID":21}],[{"utility":0,"ID":12},{"utility":0,"ID":15}],[{"utility":0,"ID":14}],[{"utility":0,"ID":2}],[{"utility":0,"ID":4}],[{"utility":23,"ID":6},{"utility":0,"ID":8},{"utility":33.666666666666664,"ID":20},{"utility":0,"ID":25}],[{"utility":8.666666666666666,"ID":10},{"utility":24.666666666666668,"ID":13},{"utility":27,"ID":16},{"utility":13.666666666666666,"ID":23}],[{"utility":31.666666666666668,"ID":1},{"utility":37.333333333333336,"ID":3},{"utility":72.66666666666667,"ID":9},{"utility":8,"ID":18}],[{"utility":34,"ID":7},{"utility":37.333333333333336,"ID":11},{"utility":31,"ID":22},{"utility":25.666666666666668,"ID":24}],[{"utility":0,"ID":17}],[],[],[],[],[],[],[],[],[],[],[],[],[]],"CORE :":false,"LAST PARTITION":{"22":11,"23":7,"24":11,"25":8,"10":13,"11":1,"12":16,"13":14,"14":5,"15":4,"16":9,"17":6,"18":10,"19":2,"1":14,"2":13,"3":15,"4":1,"5":7,"6":17,"7":16,"8":15,"9":10,"20":8,"21":3}},{"STARTING PARTITION: ":{"22":7,"23":6,"24":1,"25":5,"10":12,"11":4,"12":7,"13":10,"14":7,"15":11,"16":10,"17":7,"18":2,"19":9,"1":6,"2":10,"3":5,"4":1,"5":5,"6":1,"7":1,"8":6,"9":7,"20":7,"21":2},"Agents":[null,{"utility":87,"ID":1},{"utility":79,"ID":2},{"utility":76,"ID":3},{"utility":15,"ID":4},{"utility":81,"ID":5},{"utility":55,"ID":6},{"utility":81,"ID":7},{"utility":52,"ID":8},{"utility":11.25,"ID":9},{"utility":44,"ID":10},{"utility":18,"ID":11},{"utility":50,"ID":12},{"utility":0,"ID":13},{"utility":0,"ID":14},{"utility":0,"ID":15},{"utility":0,"ID":16},{"utility":18,"ID":17},{"utility":0,"ID":18},{"utility":0,"ID":19},{"utility":18.5,"ID":20},{"utility":11,"ID":21},{"utility":50.75,"ID":22},{"utility":50,"ID":23},{"utility":0,"ID":24},{"utility":0,"ID":25}],"LAST COALITION":[[],[{"utility":0,"ID":24}],[{"utility":0,"ID":18},{"utility":11,"ID":21}],[{"utility":15,"ID":4},{"utility":44,"ID":10}],[{"utility":76,"ID":3},{"utility":52,"ID":8}],[{"utility":0,"ID":25}],[],[{"utility":11.25,"ID":9},{"utility":50,"ID":12},{"utility":0,"ID":14},{"utility":18.5,"ID":20},{"utility":50.75,"ID":22}],[{"utility":55,"ID":6},{"utility":18,"ID":17}],[{"utility":0,"ID":19}],[{"utility":0,"ID":16}],[{"utility":0,"ID":15}],[],[{"utility":87,"ID":1},{"utility":81,"ID":7}],[{"utility":0,"ID":13}],[{"utility":81,"ID":5},{"utility":50,"ID":23}],[{"utility":79,"ID":2},{"utility":18,"ID":11}],[],[],[],[],[],[],[],[],[]],"STARTING COALITION: ":[[null],[{"utility":26.333333333333332,"ID":4},{"utility":30.666666666666668,"ID":6},{"utility":0,"ID":7},{"utility":19,"ID":24}],[{"utility":0,"ID":18},{"utility":11,"ID":21}],[],[{"utility":0,"ID":11}],[{"utility":34.5,"ID":3},{"utility":77,"ID":5},{"utility":53,"ID":25}],[{"utility":0,"ID":1},{"utility":40.5,"ID":8},{"utility":51.5,"ID":23}],[{"utility":27.8,"ID":9},{"utility":40,"ID":12},{"utility":0,"ID":14},{"utility":13,"ID":17},{"utility":33.2,"ID":20},{"utility":54,"ID":22}],[],[{"utility":0,"ID":19}],[{"utility":16.5,"ID":2},{"utility":4.5,"ID":13},{"utility":83.5,"ID":16}],[{"utility":0,"ID":15}],[{"utility":0,"ID":10}],[],[],[],[],[],[],[],[],[],[],[],[],[]],"CORE :":false,"LAST PARTITION":{"22":7,"23":15,"24":1,"25":5,"10":3,"11":16,"12":7,"13":14,"14":7,"15":11,"16":10,"17":8,"18":2,"19":9,"1":13,"2":16,"3":4,"4":3,"5":15,"6":8,"7":13,"8":4,"9":7,"20":7,"21":2}},{"STARTING PARTITION: ":{"22":5,"23":6,"24":3,"25":2,"10":7,"11":7,"12":6,"13":11,"14":4,"15":8,"16":10,"17":7,"18":5,"19":6,"1":1,"2":10,"3":7,"4":8,"5":6,"6":11,"7":7,"8":2,"9":8,"20":8,"21":2},"Agents":[null,{"utility":87,"ID":1},{"utility":79,"ID":2},{"utility":76,"ID":3},{"utility":0,"ID":4},{"utility":81,"ID":5},{"utility":55,"ID":6},{"utility":81,"ID":7},{"utility":52,"ID":8},{"utility":22.5,"ID":9},{"utility":0,"ID":10},{"utility":18,"ID":11},{"utility":39,"ID":12},{"utility":0,"ID":13},{"utility":0,"ID":14},{"utility":16.5,"ID":15},{"utility":0,"ID":16},{"utility":18,"ID":17},{"utility":5,"ID":18},{"utility":0,"ID":19},{"utility":5.5,"ID":20},{"utility":0,"ID":21},{"utility":0,"ID":22},{"utility":50,"ID":23},{"utility":0,"ID":24},{"utility":0,"ID":25}],"LAST COALITION":[[],[{"utility":0,"ID":4}],[{"utility":0,"ID":21},{"utility":0,"ID":25}],[{"utility":0,"ID":24}],[{"utility":0,"ID":14}],[{"utility":5,"ID":18},{"utility":0,"ID":22}],[{"utility":39,"ID":12},{"utility":0,"ID":19}],[],[{"utility":22.5,"ID":9},{"utility":16.5,"ID":15},{"utility":5.5,"ID":20}],[{"utility":55,"ID":6},{"utility":18,"ID":17}],[{"utility":0,"ID":16}],[{"utility":81,"ID":5},{"utility":50,"ID":23}],[{"utility":87,"ID":1},{"utility":81,"ID":7}],[{"utility":0,"ID":13}],[{"utility":0,"ID":10}],[{"utility":79,"ID":2},{"utility":18,"ID":11}],[{"utility":76,"ID":3},{"utility":52,"ID":8}],[],[],[],[],[],[],[],[],[]],"STARTING COALITION: ":[[null],[{"utility":0,"ID":1}],[{"utility":0,"ID":8},{"utility":0,"ID":21},{"utility":0,"ID":25}],[{"utility":0,"ID":24}],[{"utility":0,"ID":14}],[{"utility":5,"ID":18},{"utility":0,"ID":22}],[{"utility":27,"ID":5},{"utility":56.666666666666664,"ID":12},{"utility":44.666666666666664,"ID":19},{"utility":43.666666666666664,"ID":23}],[{"utility":23.5,"ID":3},{"utility":7.25,"ID":7},{"utility":42.5,"ID":10},{"utility":22,"ID":11},{"utility":23.75,"ID":17}],[{"utility":11.666666666666666,"ID":4},{"utility":18.666666666666668,"ID":9},{"utility":11,"ID":15},{"utility":21.333333333333332,"ID":20}],[],[{"utility":27,"ID":2},{"utility":86,"ID":16}],[{"utility":0,"ID":6},{"utility":0,"ID":13}],[],[],[],[],[],[],[],[],[],[],[],[],[],[]],"CORE :":false,"LAST PARTITION":{"22":5,"23":11,"24":3,"25":2,"10":14,"11":15,"12":6,"13":13,"14":4,"15":8,"16":10,"17":9,"18":5,"19":6,"1":12,"2":15,"3":16,"4":1,"5":11,"6":9,"7":12,"8":16,"9":8,"20":8,"21":2}},{"END OF FILE:" : true}]