[{"STARTING PARTITION: ":{"22":2,"23":9,"24":11,"25":10,"10":5,"11":7,"12":7,"13":3,"14":5,"15":10,"16":1,"17":8,"18":2,"19":10,"1":10,"2":1,"3":3,"4":11,"5":7,"6":1,"7":7,"8":11,"9":12,"20":12,"21":9},"Agents":[null,{"utility":71,"ID":1},{"utility":84,"ID":2},{"utility":0,"ID":3},{"utility":53,"ID":4},{"utility":46.5,"ID":5},{"utility":0,"ID":6},{"utility":0,"ID":7},{"utility":0,"ID":8},{"utility":12,"ID":9},{"utility":46,"ID":10},{"utility":24,"ID":11},{"utility":20,"ID":12},{"utility":0,"ID":13},{"utility":20,"ID":14},{"utility":37,"ID":15},{"utility":20,"ID":16},{"utility":0,"ID":17},{"utility":6,"ID":18},{"utility":65,"ID":19},{"utility":0,"ID":20},{"utility":0,"ID":21},{"utility":0,"ID":22},{"utility":0,"ID":23},{"utility":0,"ID":24},{"utility":60.5,"ID":25}],"LAST COALITION":[[],[{"utility":0,"ID":6},{"utility":20,"ID":16}],[{"utility":0,"ID":22}],[{"utility":0,"ID":13}],[{"utility":53,"ID":4},{"utility":6,"ID":18}],[],[{"utility":0,"ID":7}],[{"utility":46.5,"ID":5},{"utility":24,"ID":11},{"utility":20,"ID":12}],[{"utility":0,"ID":17}],[{"utility":0,"ID":21},{"utility":0,"ID":23}],[{"utility":37,"ID":15},{"utility":65,"ID":19},{"utility":60.5,"ID":25}],[{"utility":0,"ID":24}],[{"utility":12,"ID":9},{"utility":0,"ID":20}],[{"utility":84,"ID":2},{"utility":20,"ID":14}],[{"utility":71,"ID":1},{"utility":46,"ID":10}],[{"utility":0,"ID":8}],[{"utility":0,"ID":3}],[],[],[],[],[],[],[],[],[]],"STARTING COALITION: ":[[null],[{"utility":25.5,"ID":2},{"utility":0,"ID":6},{"utility":10,"ID":16}],[{"utility":0,"ID":18},{"utility":92,"ID":22}],[{"utility":0,"ID":3},{"utility":7,"ID":13}],[],[{"utility":99,"ID":10},{"utility":0,"ID":14}],[],[{"utility":63.333333333333336,"ID":5},{"utility":0,"ID":7},{"utility":19.333333333333332,"ID":11},{"utility":27.666666666666668,"ID":12}],[{"utility":0,"ID":17}],[{"utility":0,"ID":21},{"utility":0,"ID":23}],[{"utility":37,"ID":1},{"utility":24.666666666666668,"ID":15},{"utility":66,"ID":19},{"utility":40.333333333333336,"ID":25}],[{"utility":0,"ID":4},{"utility":8.5,"ID":8},{"utility":39,"ID":24}],[{"utility":12,"ID":9},{"utility":0,"ID":20}],[],[],[],[],[],[],[],[],[],[],[],[],[]],"CORE :":false,"LAST PARTITION":{"22":2,"23":9,"24":11,"25":10,"10":14,"11":7,"12":7,"13":3,"14":13,"15":10,"16":1,"17":8,"18":4,"19":10,"1":14,"2":13,"3":16,"4":4,"5":7,"6":1,"7":6,"8":15,"9":12,"20":12,"21":9}},{"STARTING PARTITION: ":{"22":5,"23":3,"24":5,"25":3,"10":2,"11":3,"12":1,"13":4,"14":11,"15":10,"16":2,"17":9,"18":3,"19":1,"1":9,"2":4,"3":7,"4":10,"5":12,"6":4,"7":6,"8":10,"9":1,"20":10,"21":2},"Agents":[null,{"utility":71,"ID":1},{"utility":84,"ID":2},{"utility":85,"ID":3},{"utility":76,"ID":4},{"utility":60,"ID":5},{"utility":29,"ID":6},{"utility":72,"ID":7},{"utility":95,"ID":8},{"utility":0,"ID":9},{"utility":46,"ID":10},{"utility":1,"ID":11},{"utility":72,"ID":12},{"utility":0,"ID":13},{"utility":20,"ID":14},{"utility":0,"ID":15},{"utility":0,"ID":16},{"utility":1,"ID":17},{"utility":0,"ID":18},{"utility":0,"ID":19},{"utility":30,"ID":20},{"utility":74,"ID":21},{"utility":20,"ID":22},{"utility":3,"ID":23},{"utility":70,"ID":24},{"utility":13,"ID":25}],"LAST COALITION":[[],[{"utility":72,"ID":12},{"utility":0,"ID":19}],[{"utility":72,"ID":7},{"utility":13,"ID":25}],[{"utility":0,"ID":18}],[{"utility":0,"ID":16}],[{"utility":20,"ID":22},{"utility":70,"ID":24}],[{"utility":84,"ID":2},{"utility":20,"ID":14}],[{"utility":60,"ID":5},{"utility":3,"ID":23}],[{"utility":95,"ID":8},{"utility":74,"ID":21}],[{"utility":0,"ID":15}],[],[{"utility":0,"ID":13}],[{"utility":29,"ID":6},{"utility":1,"ID":17}],[{"utility":76,"ID":4},{"utility":30,"ID":20}],[],[{"utility":85,"ID":3},{"utility":1,"ID":11}],[{"utility":0,"ID":9}],[{"utility":71,"ID":1},{"utility":46,"ID":10}],[],[],[],[],[],[],[],[]],"STARTING COALITION: ":[[null],[{"utility":52.5,"ID":9},{"utility":42.5,"ID":12},{"utility":33,"ID":19}],[{"utility":39.5,"ID":10},{"utility":34.5,"ID":16},{"utility":10.5,"ID":21}],[{"utility":0,"ID":11},{"utility":68.66666666666667,"ID":18},{"utility":0,"ID":23},{"utility":34,"ID":25}],[{"utility":11,"ID":2},{"utility":4,"ID":6},{"utility":0,"ID":13}],[{"utility":20,"ID":22},{"utility":70,"ID":24}],[{"utility":0,"ID":7}],[{"utility":0,"ID":3}],[],[{"utility":26,"ID":1},{"utility":0,"ID":17}],[{"utility":25.333333333333332,"ID":4},{"utility":30.333333333333332,"ID":8},{"utility":39.333333333333336,"ID":15},{"utility":21.333333333333332,"ID":20}],[{"utility":0,"ID":14}],[{"utility":0,"ID":5}],[],[],[],[],[],[],[],[],[],[],[],[],[]],"CORE :":false,"LAST PARTITION":{"22":5,"23":7,"24":5,"25":2,"10":17,"11":15,"12":1,"13":11,"14":6,"15":9,"16":4,"17":12,"18":3,"19":1,"1":17,"2":6,"3":15,"4":13,"5":7,"6":12,"7":2,"8":8,"9":16,"20":13,"21":8}},{"STARTING PARTITION: ":{"22":8,"23":11,"24":9,"25":8,"10":8,"11":1,"12":4,"13":4,"14":4,"15":5,"16":6,"17":6,"18":10,"19":2,"1":4,"2":6,"3":9,"4":1,"5":8,"6":3,"7":2,"8":10,"9":8,"20":3,"21":4},"Agents":[null,{"utility":29,"ID":1},{"utility":0,"ID":2},{"utility":85,"ID":3},{"utility":53,"ID":4},{"utility":44.75,"ID":5},{"utility":0,"ID":6},{"utility":85,"ID":7},{"utility":0,"ID":8},{"utility":29.75,"ID":9},{"utility":46.25,"ID":10},{"utility":1,"ID":11},{"utility":0,"ID":12},{"utility":0,"ID":13},{"utility":31.5,"ID":14},{"utility":0,"ID":15},{"utility":0,"ID":16},{"utility":66,"ID":17},{"utility":6,"ID":18},{"utility":0,"ID":19},{"utility":0,"ID":20},{"utility":47,"ID":21},{"utility":39.5,"ID":22},{"utility":17,"ID":23},{"utility":0,"ID":24},{"utility":22.5,"ID":25}],"LAST COALITION":[[],[{"utility":0,"ID":12}],[{"utility":85,"ID":7},{"utility":0,"ID":19}],[{"utility":0,"ID":20}],[{"utility":0,"ID":13},{"utility":31.5,"ID":14},{"utility":47,"ID":21}],[{"utility":0,"ID":15}],[{"utility":0,"ID":16},{"utility":66,"ID":17}],[{"utility":0,"ID":6}],[{"utility":44.75,"ID":5},{"utility":29.75,"ID":9},{"utility":46.25,"ID":10},{"utility":39.5,"ID":22},{"utility":22.5,"ID":25}],[{"utility":0,"ID":24}],[{"utility":0,"ID":8}],[{"utility":53,"ID":4},{"utility":6,"ID":18}],[{"utility":29,"ID":1},{"utility":17,"ID":23}],[{"utility":85,"ID":3},{"utility":1,"ID":11}],[],[{"utility":0,"ID":2}],[],[],[],[],[],[],[],[],[],[]],"STARTING COALITION: ":[[null],[{"utility":0,"ID":4},{"utility":0,"ID":11}],[{"utility":85,"ID":7},{"utility":0,"ID":19}],[{"utility":0,"ID":6},{"utility":86,"ID":20}],[{"utility":2.75,"ID":1},{"utility":5.5,"ID":12},{"utility":14.25,"ID":13},{"utility":15.75,"ID":14},{"utility":23.5,"ID":21}],[{"utility":0,"ID":15}],[{"utility":14.5,"ID":2},{"utility":0,"ID":16},{"utility":33,"ID":17}],[],[{"utility":44.75,"ID":5},{"utility":29.75,"ID":9},{"utility":46.25,"ID":10},{"utility":39.5,"ID":22},{"utility":22.5,"ID":25}],[{"utility":0,"ID":3},{"utility":32,"ID":24}],[{"utility":1,"ID":8},{"utility":0,"ID":18}],[{"utility":0,"ID":23}],[],[],[],[],[],[],[],[],[],[],[],[],[],[]],"CORE :":false,"LAST PARTITION":{"22":8,"23":12,"24":9,"25":8,"10":8,"11":13,"12":1,"13":4,"14":4,"15":5,"16":6,"17":6,"18":11,"19":2,"1":12,"2":15,"3":13,"4":11,"5":8,"6":7,"7":2,"8":10,"9":8,"20":3,"21":4}},{"STARTING PARTITION: ":{"22":5,"23":6,"24":12,"25":10,"10":5,"11":3,"12":2,"13":12,"14":12,"15":1,"16":11,"17":5,"18":10,"19":1,"1":3,"2":9,"3":8,"4":4,"5":6,"6":4,"7":7,"8":7,"9":2,"20":8,"21":3},"Agents":[null,{"utility":29,"ID":1},{"utility":84,"ID":2},{"utility":96,"ID":3},{"utility":76,"ID":4},{"utility":0,"ID":5},{"utility":85,"ID":6},{"utility":72,"ID":7},{"utility":95,"ID":8},{"utility":59,"ID":9},{"utility":94,"ID":10},{"utility":0,"ID":11},{"utility":0,"ID":12},{"utility":0,"ID":13},{"utility":20,"ID":14},{"utility":9,"ID":15},{"utility":0,"ID":16},{"utility":0,"ID":17},{"utility":0,"ID":18},{"utility":0,"ID":19},{"utility":30,"ID":20},{"utility":74,"ID":21},{"utility":0,"ID":22},{"utility":17,"ID":23},{"utility":17,"ID":24},{"utility":13,"ID":25}],"LAST COALITION":[[],[{"utility":0,"ID":19}],[{"utility":0,"ID":12}],[{"utility":0,"ID":22}],[{"utility":76,"ID":4},{"utility":30,"ID":20}],[{"utility":0,"ID":13}],[{"utility":85,"ID":6},{"utility":17,"ID":24}],[{"utility":0,"ID":17}],[{"utility":96,"ID":3},{"utility":9,"ID":15}],[{"utility":84,"ID":2},{"utility":20,"ID":14}],[{"utility":0,"ID":18}],[{"utility":29,"ID":1},{"utility":17,"ID":23}],[{"utility":72,"ID":7},{"utility":13,"ID":25}],[{"utility":95,"ID":8},{"utility":74,"ID":21}],[{"utility":0,"ID":16}],[{"utility":59,"ID":9},{"utility":94,"ID":10}],[{"utility":0,"ID":5}],[],[{"utility":0,"ID":11}],[],[],[],[],[],[],[]],"STARTING COALITION: ":[[null],[{"utility":0,"ID":15},{"utility":46,"ID":19}],[{"utility":56,"ID":9},{"utility":13,"ID":12}],[{"utility":0,"ID":1},{"utility":0,"ID":11},{"utility":19,"ID":21}],[{"utility":42,"ID":4},{"utility":0,"ID":6}],[{"utility":8,"ID":10},{"utility":62.5,"ID":17},{"utility":0,"ID":22}],[{"utility":60,"ID":5},{"utility":3,"ID":23}],[{"utility":28,"ID":7},{"utility":0,"ID":8}],[{"utility":14,"ID":3},{"utility":9,"ID":20}],[{"utility":0,"ID":2}],[{"utility":87,"ID":18},{"utility":0,"ID":25}],[{"utility":0,"ID":16}],[{"utility":2.5,"ID":13},{"utility":12,"ID":14},{"utility":9,"ID":24}],[],[],[],[],[],[],[],[],[],[],[],[],[]],"CORE :":false,"LAST PARTITION":{"22":3,"23":11,"24":6,"25":12,"10":15,"11":18,"12":2,"13":5,"14":9,"15":8,"16":14,"17":7,"18":10,"19":1,"1":11,"2":9,"3":8,"4":4,"5":16,"6":6,"7":12,"8":13,"9":15,"20":4,"21":13}},{"STARTING PARTITION: ":{"22":3,"23":12,"24":10,"25":2,"10":12,"11":2,"12":10,"13":1,"14":4,"15":1,"16":3,"17":2,"18":11,"19":8,"1":1,"2":7,"3":9,"4":6,"5":9,"6":1,"7":12,"8":5,"9":12,"20":2,"21":4},"Agents":[null,{"utility":0,"ID":1},{"utility":54,"ID":2},{"utility":85,"ID":3},{"utility":76,"ID":4},{"utility":60,"ID":5},{"utility":85,"ID":6},{"utility":20,"ID":7},{"utility":91,"ID":8},{"utility":59,"ID":9},{"utility":94,"ID":10},{"utility":1,"ID":11},{"utility":0,"ID":12},{"utility":0,"ID":13},{"utility":63,"ID":14},{"utility":65,"ID":15},{"utility":0,"ID":16},{"utility":29,"ID":17},{"utility":0,"ID":18},{"utility":0,"ID":19},{"utility":30,"ID":20},{"utility":94,"ID":21},{"utility":0,"ID":22},{"utility":3,"ID":23},{"utility":17,"ID":24},{"utility":39,"ID":25}],"LAST COALITION":[[],[{"utility":60,"ID":5},{"utility":3,"ID":23}],[{"utility":29,"ID":17},{"utility":39,"ID":25}],[{"utility":0,"ID":22}],[{"utility":63,"ID":14},{"utility":94,"ID":21}],[{"utility":0,"ID":13}],[{"utility":0,"ID":18}],[{"utility":54,"ID":2},{"utility":20,"ID":7}],[{"utility":0,"ID":19}],[{"utility":85,"ID":6},{"utility":17,"ID":24}],[{"utility":0,"ID":12}],[{"utility":91,"ID":8},{"utility":65,"ID":15}],[{"utility":0,"ID":16}],[{"utility":59,"ID":9},{"utility":94,"ID":10}],[],[{"utility":76,"ID":4},{"utility":30,"ID":20}],[{"utility":85,"ID":3},{"utility":1,"ID":11}],[],[{"utility":0,"ID":1}],[],[],[],[],[],[],[]],"STARTING COALITION: ":[[null],[{"utility":18.666666666666668,"ID":1},{"utility":27,"ID":6},{"utility":19,"ID":13},{"utility":6,"ID":15}],[{"utility":0,"ID":11},{"utility":42,"ID":17},{"utility":14,"ID":20},{"utility":15,"ID":25}],[{"utility":3,"ID":16},{"utility":0,"ID":22}],[{"utility":63,"ID":14},{"utility":94,"ID":21}],[{"utility":0,"ID":8}],[{"utility":0,"ID":4}],[{"utility":0,"ID":2}],[{"utility":0,"ID":19}],[{"utility":51,"ID":3},{"utility":0,"ID":5}],[{"utility":16,"ID":12},{"utility":0,"ID":24}],[{"utility":0,"ID":18}],[{"utility":25.666666666666668,"ID":7},{"utility":28,"ID":9},{"utility":31.333333333333332,"ID":10},{"utility":37,"ID":23}],[],[],[],[],[],[],[],[],[],[],[],[],[]],"CORE :":false,"LAST PARTITION":{"22":3,"23":1,"24":9,"25":2,"10":13,"11":16,"12":10,"13":5,"14":4,"15":11,"16":12,"17":2,"18":6,"19":8,"1":18,"2":7,"3":16,"4":15,"5":1,"6":9,"7":7,"8":11,"9":13,"20":15,"21":4}},{"STARTING PARTITION: ":{"22":1,"23":6,"24":2,"25":11,"10":3,"11":5,"12":12,"13":7,"14":10,"15":5,"16":11,"17":2,"18":7,"19":2,"1":7,"2":1,"3":6,"4":10,"5":5,"6":11,"7":3,"8":3,"9":8,"20":4,"21":5},"Agents":[null,{"utility":71,"ID":1},{"utility":84,"ID":2},{"utility":96,"ID":3},{"utility":37,"ID":4},{"utility":31,"ID":5},{"utility":0,"ID":6},{"utility":0,"ID":7},{"utility":0,"ID":8},{"utility":0,"ID":9},{"utility":46,"ID":10},{"utility":25,"ID":11},{"utility":0,"ID":12},{"utility":0,"ID":13},{"utility":20,"ID":14},{"utility":26,"ID":15},{"utility":66,"ID":16},{"utility":49.5,"ID":17},{"utility":0,"ID":18},{"utility":65.5,"ID":19},{"utility":0,"ID":20},{"utility":12.666666666666666,"ID":21},{"utility":0,"ID":22},{"utility":0,"ID":23},{"utility":27.5,"ID":24},{"utility":0,"ID":25}],"LAST COALITION":[[],[{"utility":0,"ID":22}],[{"utility":49.5,"ID":17},{"utility":65.5,"ID":19},{"utility":27.5,"ID":24}],[{"utility":0,"ID":7}],[{"utility":0,"ID":20}],[{"utility":31,"ID":5},{"utility":25,"ID":11},{"utility":26,"ID":15},{"utility":12.666666666666666,"ID":21}],[{"utility":84,"ID":2},{"utility":20,"ID":14}],[{"utility":0,"ID":13}],[{"utility":0,"ID":9}],[{"utility":0,"ID":6}],[],[{"utility":66,"ID":16},{"utility":0,"ID":25}],[{"utility":0,"ID":12}],[{"utility":0,"ID":23}],[{"utility":0,"ID":8}],[{"utility":71,"ID":1},{"utility":46,"ID":10}],[{"utility":0,"ID":18}],[{"utility":96,"ID":3},{"utility":37,"ID":4}],[],[],[],[],[],[],[],[]],"STARTING COALITION: ":[[null],[{"utility":0,"ID":2},{"utility":0,"ID":22}],[{"utility":49.5,"ID":17},{"utility":65.5,"ID":19},{"utility":27.5,"ID":24}],[{"utility":52.5,"ID":7},{"utility":28.5,"ID":8},{"utility":49,"ID":10}],[{"utility":0,"ID":20}],[{"utility":31,"ID":5},{"utility":25,"ID":11},{"utility":26,"ID":15},{"utility":12.666666666666666,"ID":21}],[{"utility":0,"ID":3},{"utility":3,"ID":23}],[{"utility":5.5,"ID":1},{"utility":77,"ID":13},{"utility":17,"ID":18}],[{"utility":0,"ID":9}],[],[{"utility":0,"ID":4},{"utility":0,"ID":14}],[{"utility":0,"ID":6},{"utility":43,"ID":16},{"utility":0,"ID":25}],[{"utility":0,"ID":12}],[],[],[],[],[],[],[],[],[],[],[],[],[]],"CORE :":false,"LAST PARTITION":{"22":1,"23":13,"24":2,"25":11,"10":15,"11":5,"12":12,"13":7,"14":6,"15":5,"16":11,"17":2,"18":16,"19":2,"1":15,"2":6,"3":17,"4":17,"5":5,"6":9,"7":3,"8":14,"9":8,"20":4,"21":5}},{"STARTING PARTITION: ":{"22":8,"23":7,"24":8,"25":8,"10":2,"11":12,"12":12,"13":8,"14":2,"15":11,"16":1,"17":2,"18":9,"19":2,"1":3,"2":5,"3":4,"4":3,"5":7,"6":10,"7":5,"8":8,"9":2,"20":4,"21":12},"Agents":[null,{"utility":25,"ID":1},{"utility":54,"ID":2},{"utility":52,"ID":3},{"utility":76,"ID":4},{"utility":33,"ID":5},{"utility":37,"ID":6},{"utility":20,"ID":7},{"utility":0,"ID":8},{"utility":60,"ID":9},{"utility":0,"ID":10},{"utility":75,"ID":11},{"utility":0,"ID":12},{"utility":85,"ID":13},{"utility":45.5,"ID":14},{"utility":78,"ID":15},{"utility":0,"ID":16},{"utility":74,"ID":17},{"utility":71,"ID":18},{"utility":39.5,"ID":19},{"utility":30,"ID":20},{"utility":0,"ID":21},{"utility":45,"ID":22},{"utility":22,"ID":23},{"utility":35,"ID":24},{"utility":46.5,"ID":25}],"LAST COALITION":[[],[{"utility":85,"ID":13},{"utility":22,"ID":23}],[{"utility":45.5,"ID":14},{"utility":74,"ID":17},{"utility":39.5,"ID":19}],[{"utility":0,"ID":21}],[{"utility":33,"ID":5},{"utility":60,"ID":9}],[{"utility":54,"ID":2},{"utility":20,"ID":7}],[{"utility":75,"ID":11},{"utility":78,"ID":15}],[{"utility":0,"ID":10}],[{"utility":45,"ID":22},{"utility":35,"ID":24},{"utility":46.5,"ID":25}],[{"utility":0,"ID":16}],[{"utility":25,"ID":1},{"utility":37,"ID":6}],[{"utility":76,"ID":4},{"utility":30,"ID":20}],[{"utility":0,"ID":12}],[{"utility":0,"ID":8}],[{"utility":52,"ID":3},{"utility":71,"ID":18}],[],[],[],[],[],[],[],[],[],[],[]],"STARTING COALITION: ":[[null],[{"utility":0,"ID":16}],[{"utility":68.25,"ID":9},{"utility":74.25,"ID":10},{"utility":22.75,"ID":14},{"utility":70.5,"ID":17},{"utility":59.25,"ID":19}],[{"utility":0,"ID":1},{"utility":0,"ID":4}],[{"utility":14,"ID":3},{"utility":9,"ID":20}],[{"utility":54,"ID":2},{"utility":20,"ID":7}],[],[{"utility":60,"ID":5},{"utility":3,"ID":23}],[{"utility":4.25,"ID":8},{"utility":5.5,"ID":13},{"utility":43.25,"ID":22},{"utility":22,"ID":24},{"utility":30,"ID":25}],[{"utility":0,"ID":18}],[{"utility":0,"ID":6}],[{"utility":0,"ID":15}],[{"utility":24,"ID":11},{"utility":0,"ID":12},{"utility":19,"ID":21}],[],[],[],[],[],[],[],[],[],[],[],[],[]],"CORE :":false,"LAST PARTITION":{"22":8,"23":1,"24":8,"25":8,"10":7,"11":6,"12":12,"13":1,"14":2,"15":6,"16":9,"17":2,"18":14,"19":2,"1":10,"2":5,"3":14,"4":11,"5":4,"6":10,"7":5,"8":13,"9":4,"20":11,"21":3}},{"STARTING PARTITION: ":{"22":7,"23":5,"24":4,"25":9,"10":4,"11":4,"12":5,"13":6,"14":3,"15":7,"16":2,"17":1,"18":7,"19":2,"1":7,"2":9,"3":5,"4":5,"5":6,"6":8,"7":3,"8":8,"9":4,"20":11,"21":12},"Agents":[null,{"utility":29,"ID":1},{"utility":84,"ID":2},{"utility":96,"ID":3},{"utility":76,"ID":4},{"utility":20,"ID":5},{"utility":29,"ID":6},{"utility":72,"ID":7},{"utility":98,"ID":8},{"utility":59,"ID":9},{"utility":94,"ID":10},{"utility":16,"ID":11},{"utility":0,"ID":12},{"utility":0,"ID":13},{"utility":20,"ID":14},{"utility":9,"ID":15},{"utility":0,"ID":16},{"utility":1,"ID":17},{"utility":0,"ID":18},{"utility":0,"ID":19},{"utility":30,"ID":20},{"utility":0,"ID":21},{"utility":0,"ID":22},{"utility":17,"ID":23},{"utility":64,"ID":24},{"utility":13,"ID":25}],"LAST COALITION":[[],[{"utility":0,"ID":13}],[{"utility":0,"ID":19}],[{"utility":0,"ID":22}],[{"utility":16,"ID":11},{"utility":64,"ID":24}],[{"utility":0,"ID":12}],[{"utility":29,"ID":6},{"utility":1,"ID":17}],[{"utility":72,"ID":7},{"utility":13,"ID":25}],[{"utility":0,"ID":21}],[{"utility":20,"ID":5},{"utility":98,"ID":8}],[{"utility":59,"ID":9},{"utility":94,"ID":10}],[{"utility":96,"ID":3},{"utility":9,"ID":15}],[{"utility":0,"ID":16}],[{"utility":0,"ID":18}],[{"utility":84,"ID":2},{"utility":20,"ID":14}],[],[{"utility":76,"ID":4},{"utility":30,"ID":20}],[{"utility":29,"ID":1},{"utility":17,"ID":23}],[],[],[],[],[],[],[],[]],"STARTING COALITION: ":[[null],[{"utility":0,"ID":17}],[{"utility":12,"ID":16},{"utility":40,"ID":19}],[{"utility":0,"ID":7},{"utility":0,"ID":14}],[{"utility":19.666666666666668,"ID":9},{"utility":54.666666666666664,"ID":10},{"utility":31,"ID":11},{"utility":45.333333333333336,"ID":24}],[{"utility":32,"ID":3},{"utility":31.333333333333332,"ID":4},{"utility":0,"ID":12},{"utility":1,"ID":23}],[{"utility":35,"ID":5},{"utility":50,"ID":13}],[{"utility":6.666666666666667,"ID":1},{"utility":10.666666666666666,"ID":15},{"utility":28.333333333333332,"ID":18},{"utility":30.666666666666668,"ID":22}],[{"utility":0,"ID":6},{"utility":0,"ID":8}],[{"utility":68,"ID":2},{"utility":0,"ID":25}],[],[{"utility":0,"ID":20}],[{"utility":0,"ID":21}],[],[],[],[],[],[],[],[],[],[],[],[],[]],"CORE :":false,"LAST PARTITION":{"22":3,"23":17,"24":4,"25":7,"10":10,"11":4,"12":5,"13":1,"14":14,"15":11,"16":12,"17":6,"18":13,"19":2,"1":17,"2":14,"3":11,"4":16,"5":9,"6":6,"7":7,"8":9,"9":10,"20":16,"21":8}},{"STARTING PARTITION: ":{"22":9,"23":8,"24":6,"25":10,"10":9,"11":12,"12":12,"13":7,"14":1,"15":11,"16":8,"17":8,"18":12,"19":8,"1":1,"2":3,"3":11,"4":1,"5":4,"6":3,"7":8,"8":12,"9":1,"20":6,"21":7},"Agents":[null,{"utility":0,"ID":1},{"utility":54,"ID":2},{"utility":52,"ID":3},{"utility":76,"ID":4},{"utility":38,"ID":5},{"utility":85,"ID":6},{"utility":20,"ID":7},{"utility":95,"ID":8},{"utility":92,"ID":9},{"utility":88,"ID":10},{"utility":75,"ID":11},{"utility":0,"ID":12},{"utility":85,"ID":13},{"utility":85,"ID":14},{"utility":78,"ID":15},{"utility":91,"ID":16},{"utility":49,"ID":17},{"utility":71,"ID":18},{"utility":92,"ID":19},{"utility":30,"ID":20},{"utility":74,"ID":21},{"utility":0,"ID":22},{"utility":22,"ID":23},{"utility":17,"ID":24},{"utility":16,"ID":25}],"LAST COALITION":[[],[{"utility":0,"ID":22}],[{"utility":85,"ID":6},{"utility":17,"ID":24}],[{"utility":0,"ID":12}],[{"utility":76,"ID":4},{"utility":30,"ID":20}],[{"utility":75,"ID":11},{"utility":78,"ID":15}],[{"utility":92,"ID":9},{"utility":49,"ID":17}],[{"utility":85,"ID":13},{"utility":22,"ID":23}],[{"utility":52,"ID":3},{"utility":71,"ID":18}],[{"utility":0,"ID":1}],[{"utility":85,"ID":14},{"utility":16,"ID":25}],[{"utility":88,"ID":10},{"utility":92,"ID":19}],[],[{"utility":95,"ID":8},{"utility":74,"ID":21}],[{"utility":54,"ID":2},{"utility":20,"ID":7}],[],[{"utility":38,"ID":5},{"utility":91,"ID":16}],[],[],[],[],[],[],[],[],[]],"STARTING COALITION: ":[[null],[{"utility":21.333333333333332,"ID":1},{"utility":0,"ID":4},{"utility":24.333333333333332,"ID":9},{"utility":0,"ID":14}],[],[{"utility":22,"ID":2},{"utility":0,"ID":6}],[{"utility":0,"ID":5}],[],[{"utility":55,"ID":20},{"utility":0,"ID":24}],[{"utility":0,"ID":13},{"utility":0,"ID":21}],[{"utility":44.25,"ID":7},{"utility":24.25,"ID":16},{"utility":61.25,"ID":17},{"utility":29.75,"ID":19},{"utility":32.5,"ID":23}],[{"utility":0,"ID":10},{"utility":0,"ID":22}],[{"utility":0,"ID":25}],[{"utility":96,"ID":3},{"utility":9,"ID":15}],[{"utility":15.666666666666666,"ID":8},{"utility":31.333333333333332,"ID":11},{"utility":0,"ID":12},{"utility":39.666666666666664,"ID":18}],[],[],[],[],[],[],[],[],[],[],[],[],[]],"CORE :":false,"LAST PARTITION":{"22":1,"23":7,"24":2,"25":10,"10":11,"11":5,"12":3,"13":7,"14":10,"15":5,"16":16,"17":6,"18":8,"19":11,"1":9,"2":14,"3":8,"4":4,"5":16,"6":2,"7":14,"8":13,"9":6,"20":4,"21":13}},{"STARTING PARTITION: ":{"22":6,"23":4,"24":9,"25":3,"10":4,"11":2,"12":12,"13":4,"14":10,"15":6,"16":11,"17":5,"18":8,"19":8,"1":9,"2":9,"3":8,"4":12,"5":10,"6":5,"7":10,"8":10,"9":2,"20":5,"21":5},"Agents":[null,{"utility":11,"ID":1},{"utility":37,"ID":2},{"utility":55,"ID":3},{"utility":76,"ID":4},{"utility":38,"ID":5},{"utility":85,"ID":6},{"utility":19,"ID":7},{"utility":0,"ID":8},{"utility":92,"ID":9},{"utility":91,"ID":10},{"utility":75,"ID":11},{"utility":0,"ID":12},{"utility":85,"ID":13},{"utility":63,"ID":14},{"utility":78,"ID":15},{"utility":91,"ID":16},{"utility":49,"ID":17},{"utility":0,"ID":18},{"utility":68,"ID":19},{"utility":30,"ID":20},{"utility":94,"ID":21},{"utility":8,"ID":22},{"utility":22,"ID":23},{"utility":17,"ID":24},{"utility":90,"ID":25}],"LAST COALITION":[[],[{"utility":85,"ID":6},{"utility":17,"ID":24}],[{"utility":38,"ID":5},{"utility":91,"ID":16}],[{"utility":19,"ID":7},{"utility":8,"ID":22}],[{"utility":85,"ID":13},{"utility":22,"ID":23}],[{"utility":63,"ID":14},{"utility":94,"ID":21}],[],[{"utility":92,"ID":9},{"utility":49,"ID":17}],[{"utility":75,"ID":11},{"utility":78,"ID":15}],[{"utility":37,"ID":2},{"utility":55,"ID":3}],[{"utility":0,"ID":18}],[{"utility":0,"ID":8}],[{"utility":0,"ID":12}],[{"utility":76,"ID":4},{"utility":30,"ID":20}],[{"utility":91,"ID":10},{"utility":90,"ID":25}],[{"utility":11,"ID":1},{"utility":68,"ID":19}],[],[],[],[],[],[],[],[],[],[]],"STARTING COALITION: ":[[null],[],[{"utility":0,"ID":9},{"utility":73,"ID":11}],[{"utility":0,"ID":25}],[{"utility":0,"ID":10},{"utility":42.5,"ID":13},{"utility":11,"ID":23}],[{"utility":12.666666666666666,"ID":6},{"utility":42.666666666666664,"ID":17},{"utility":39,"ID":20},{"utility":38.333333333333336,"ID":21}],[{"utility":32,"ID":15},{"utility":0,"ID":22}],[],[{"utility":26,"ID":3},{"utility":56.5,"ID":18},{"utility":42,"ID":19}],[{"utility":0,"ID":1},{"utility":0,"ID":2},{"utility":40,"ID":24}],[{"utility":39,"ID":5},{"utility":9.333333333333334,"ID":7},{"utility":54,"ID":8},{"utility":14,"ID":14}],[{"utility":0,"ID":16}],[{"utility":0,"ID":4},{"utility":0,"ID":12}],[],[],[],[],[],[],[],[],[],[],[],[],[]],"CORE :":false,"LAST PARTITION":{"22":3,"23":4,"24":1,"25":14,"10":14,"11":8,"12":12,"13":4,"14":5,"15":8,"16":2,"17":7,"18":10,"19":15,"1":15,"2":9,"3":9,"4":13,"5":2,"6":1,"7":3,"8":11,"9":7,"20":13,"21":5}},{"STARTING PARTITION: ":{"22":1,"23":1,"24":8,"25":12,"10":10,"11":12,"12":10,"13":3,"14":7,"15":5,"16":12,"17":7,"18":9,"19":5,"1":6,"2":11,"3":1,"4":7,"5":9,"6":9,"7":7,"8":2,"9":11,"20":9,"21":2},"Agents":[null,{"utility":71,"ID":1},{"utility":0,"ID":2},{"utility":85,"ID":3},{"utility":76,"ID":4},{"utility":38,"ID":5},{"utility":85,"ID":6},{"utility":72,"ID":7},{"utility":91,"ID":8},{"utility":0,"ID":9},{"utility":46,"ID":10},{"utility":1,"ID":11},{"utility":0,"ID":12},{"utility":0,"ID":13},{"utility":56,"ID":14},{"utility":65,"ID":15},{"utility":91,"ID":16},{"utility":49,"ID":17},{"utility":0,"ID":18},{"utility":0,"ID":19},{"utility":30,"ID":20},{"utility":0,"ID":21},{"utility":0,"ID":22},{"utility":41,"ID":23},{"utility":17,"ID":24},{"utility":13,"ID":25}],"LAST COALITION":[[],[{"utility":0,"ID":22},{"utility":41,"ID":23}],[{"utility":0,"ID":21}],[{"utility":38,"ID":5},{"utility":91,"ID":16}],[{"utility":85,"ID":6},{"utility":17,"ID":24}],[{"utility":0,"ID":19}],[{"utility":71,"ID":1},{"utility":46,"ID":10}],[{"utility":56,"ID":14},{"utility":49,"ID":17}],[{"utility":91,"ID":8},{"utility":65,"ID":15}],[{"utility":0,"ID":2}],[{"utility":0,"ID":9}],[{"utility":0,"ID":13}],[],[{"utility":0,"ID":18}],[{"utility":0,"ID":12}],[{"utility":85,"ID":3},{"utility":1,"ID":11}],[],[{"utility":76,"ID":4},{"utility":30,"ID":20}],[{"utility":72,"ID":7},{"utility":13,"ID":25}],[],[],[],[],[],[],[]],"STARTING COALITION: ":[[null],[{"utility":1,"ID":3},{"utility":0,"ID":22},{"utility":22,"ID":23}],[{"utility":95,"ID":8},{"utility":74,"ID":21}],[{"utility":0,"ID":13}],[],[{"utility":0,"ID":15},{"utility":46,"ID":19}],[{"utility":0,"ID":1}],[{"utility":27.333333333333332,"ID":4},{"utility":0,"ID":7},{"utility":18.666666666666668,"ID":14},{"utility":16.333333333333332,"ID":17}],[{"utility":0,"ID":24}],[{"utility":84.66666666666667,"ID":5},{"utility":5.333333333333333,"ID":6},{"utility":0,"ID":18},{"utility":58.666666666666664,"ID":20}],[{"utility":27,"ID":10},{"utility":6,"ID":12}],[{"utility":0,"ID":2},{"utility":0,"ID":9}],[{"utility":0,"ID":11},{"utility":33,"ID":16},{"utility":3,"ID":25}],[],[],[],[],[],[],[],[],[],[],[],[],[]],"CORE :":false,"LAST PARTITION":{"22":1,"23":1,"24":4,"25":18,"10":6,"11":15,"12":14,"13":11,"14":7,"15":8,"16":3,"17":7,"18":13,"19":5,"1":6,"2":9,"3":15,"4":17,"5":3,"6":4,"7":18,"8":8,"9":10,"20":17,"21":2}},{"STARTING PARTITION: ":{"22":1,"23":12,"24":10,"25":8,"10":5,"11":2,"12":12,"13":1,"14":9,"15":10,"16":8,"17":7,"18":2,"19":3,"1":10,"2":10,"3":6,"4":10,"5":11,"6":11,"7":7,"8":4,"9":10,"20":3,"21":3},"Agents":[null,{"utility":71,"ID":1},{"utility":84,"ID":2},{"utility":96,"ID":3},{"utility":76,"ID":4},{"utility":60,"ID":5},{"utility":85,"ID":6},{"utility":72,"ID":7},{"utility":95,"ID":8},{"utility":0,"ID":9},{"utility":46,"ID":10},{"utility":0,"ID":11},{"utility":0,"ID":12},{"utility":0,"ID":13},{"utility":20,"ID":14},{"utility":9,"ID":15},{"utility":0,"ID":16},{"utility":0,"ID":17},{"utility":0,"ID":18},{"utility":0,"ID":19},{"utility":30,"ID":20},{"utility":74,"ID":21},{"utility":0,"ID":22},{"utility":3,"ID":23},{"utility":17,"ID":24},{"utility":13,"ID":25}],"LAST COALITION":[[],[{"utility":72,"ID":7},{"utility":13,"ID":25}],[{"utility":0,"ID":22}],[{"utility":0,"ID":19}],[{"utility":96,"ID":3},{"utility":9,"ID":15}],[{"utility":76,"ID":4},{"utility":30,"ID":20}],[{"utility":0,"ID":13}],[{"utility":60,"ID":5},{"utility":3,"ID":23}],[{"utility":95,"ID":8},{"utility":74,"ID":21}],[{"utility":0,"ID":16}],[{"utility":0,"ID":18}],[{"utility":0,"ID":17}],[{"utility":0,"ID":12}],[],[{"utility":0,"ID":9}],[{"utility":84,"ID":2},{"utility":20,"ID":14}],[],[{"utility":0,"ID":11}],[{"utility":85,"ID":6},{"utility":17,"ID":24}],[{"utility":71,"ID":1},{"utility":46,"ID":10}],[],[],[],[],[],[]],"STARTING COALITION: ":[[null],[{"utility":0,"ID":13},{"utility":43,"ID":22}],[{"utility":0,"ID":11},{"utility":86,"ID":18}],[{"utility":57,"ID":19},{"utility":15.5,"ID":20},{"utility":25,"ID":21}],[{"utility":0,"ID":8}],[{"utility":0,"ID":10}],[{"utility":0,"ID":3}],[{"utility":0,"ID":7},{"utility":0,"ID":17}],[{"utility":66,"ID":16},{"utility":0,"ID":25}],[{"utility":0,"ID":14}],[{"utility":16.8,"ID":1},{"utility":0,"ID":2},{"utility":0,"ID":4},{"utility":0.6,"ID":9},{"utility":27.8,"ID":15},{"utility":31.6,"ID":24}],[{"utility":73,"ID":5},{"utility":16,"ID":6}],[{"utility":0,"ID":12},{"utility":0,"ID":23}],[],[],[],[],[],[],[],[],[],[],[],[],[]],"CORE :":false,"LAST PARTITION":{"22":2,"23":7,"24":18,"25":1,"10":19,"11":17,"12":12,"13":6,"14":15,"15":4,"16":9,"17":11,"18":10,"19":3,"1":19,"2":15,"3":4,"4":5,"5":7,"6":18,"7":1,"8":8,"9":14,"20":5,"21":8}},{"STARTING PARTITION: ":{"22":9,"23":9,"24":5,"25":11,"10":4,"11":5,"12":7,"13":5,"14":9,"15":3,"16":2,"17":4,"18":5,"19":6,"1":6,"2":4,"3":5,"4":8,"5":8,"6":12,"7":8,"8":5,"9":10,"20":8,"21":3},"Agents":[null,{"utility":71,"ID":1},{"utility":37,"ID":2},{"utility":55,"ID":3},{"utility":76,"ID":4},{"utility":38,"ID":5},{"utility":29,"ID":6},{"utility":72,"ID":7},{"utility":91,"ID":8},{"utility":0,"ID":9},{"utility":46,"ID":10},{"utility":0,"ID":11},{"utility":0,"ID":12},{"utility":51,"ID":13},{"utility":21.5,"ID":14},{"utility":65,"ID":15},{"utility":91,"ID":16},{"utility":1,"ID":17},{"utility":19,"ID":18},{"utility":0,"ID":19},{"utility":30,"ID":20},{"utility":0,"ID":21},{"utility":47,"ID":22},{"utility":20.5,"ID":23},{"utility":48.5,"ID":24},{"utility":13,"ID":25}],"LAST COALITION":[[],[{"utility":29,"ID":6},{"utility":1,"ID":17}],[{"utility":72,"ID":7},{"utility":13,"ID":25}],[{"utility":0,"ID":21}],[{"utility":91,"ID":8},{"utility":65,"ID":15}],[{"utility":51,"ID":13},{"utility":19,"ID":18},{"utility":48.5,"ID":24}],[{"utility":0,"ID":19}],[{"utility":37,"ID":2},{"utility":55,"ID":3}],[{"utility":76,"ID":4},{"utility":30,"ID":20}],[{"utility":21.5,"ID":14},{"utility":47,"ID":22},{"utility":20.5,"ID":23}],[{"utility":38,"ID":5},{"utility":91,"ID":16}],[{"utility":0,"ID":9}],[{"utility":71,"ID":1},{"utility":46,"ID":10}],[{"utility":0,"ID":12}],[],[{"utility":0,"ID":11}],[],[],[],[],[],[],[],[],[],[]],"STARTING COALITION: ":[[null],[],[{"utility":0,"ID":16}],[{"utility":0,"ID":15},{"utility":0,"ID":21}],[{"utility":21.5,"ID":2},{"utility":8,"ID":10},{"utility":42.5,"ID":17}],[{"utility":29.2,"ID":3},{"utility":27.2,"ID":8},{"utility":12.6,"ID":11},{"utility":25.2,"ID":13},{"utility":39,"ID":18},{"utility":38.6,"ID":24}],[{"utility":11,"ID":1},{"utility":68,"ID":19}],[{"utility":0,"ID":12}],[{"utility":82.33333333333333,"ID":4},{"utility":60.333333333333336,"ID":5},{"utility":20.666666666666668,"ID":7},{"utility":16.666666666666668,"ID":20}],[{"utility":21.5,"ID":14},{"utility":47,"ID":22},{"utility":20.5,"ID":23}],[{"utility":0,"ID":9}],[{"utility":0,"ID":25}],[{"utility":0,"ID":6}],[],[],[],[],[],[],[],[],[],[],[],[],[]],"CORE :":false,"LAST PARTITION":{"22":9,"23":9,"24":5,"25":2,"10":12,"11":15,"12":13,"13":5,"14":9,"15":4,"16":10,"17":1,"18":5,"19":6,"1":12,"2":7,"3":7,"4":8,"5":10,"6":1,"7":2,"8":4,"9":11,"20":8,"21":3}},{"STARTING PARTITION: ":{"22":12,"23":2,"24":7,"25":5,"10":3,"11":10,"12":5,"13":6,"14":8,"15":9,"16":8,"17":8,"18":8,"19":1,"1":6,"2":3,"3":5,"4":4,"5":11,"6":10,"7":8,"8":1,"9":9,"20":2,"21":7},"Agents":[null,{"utility":71,"ID":1},{"utility":84,"ID":2},{"utility":96,"ID":3},{"utility":76,"ID":4},{"utility":60,"ID":5},{"utility":85,"ID":6},{"utility":72,"ID":7},{"utility":78,"ID":8},{"utility":72,"ID":9},{"utility":46,"ID":10},{"utility":0,"ID":11},{"utility":0,"ID":12},{"utility":0,"ID":13},{"utility":20,"ID":14},{"utility":9,"ID":15},{"utility":0,"ID":16},{"utility":0,"ID":17},{"utility":26,"ID":18},{"utility":0,"ID":19},{"utility":30,"ID":20},{"utility":0,"ID":21},{"utility":0,"ID":22},{"utility":3,"ID":23},{"utility":17,"ID":24},{"utility":13,"ID":25}],"LAST COALITION":[[],[{"utility":0,"ID":19}],[{"utility":0,"ID":16}],[{"utility":84,"ID":2},{"utility":20,"ID":14}],[{"utility":76,"ID":4},{"utility":30,"ID":20}],[{"utility":0,"ID":12}],[{"utility":60,"ID":5},{"utility":3,"ID":23}],[{"utility":0,"ID":13}],[{"utility":0,"ID":17},{"utility":26,"ID":18}],[{"utility":85,"ID":6},{"utility":17,"ID":24}],[{"utility":0,"ID":21}],[{"utility":72,"ID":7},{"utility":13,"ID":25}],[{"utility":0,"ID":22}],[{"utility":78,"ID":8},{"utility":72,"ID":9}],[],[{"utility":96,"ID":3},{"utility":9,"ID":15}],[],[{"utility":0,"ID":11}],[{"utility":71,"ID":1},{"utility":46,"ID":10}],[],[],[],[],[],[],[]],"STARTING COALITION: ":[[null],[{"utility":12,"ID":8},{"utility":0,"ID":19}],[{"utility":25,"ID":20},{"utility":0,"ID":23}],[{"utility":43,"ID":2},{"utility":0,"ID":10}],[{"utility":0,"ID":4}],[{"utility":0,"ID":3},{"utility":0,"ID":12},{"utility":44.5,"ID":25}],[{"utility":11,"ID":1},{"utility":57,"ID":13}],[{"utility":0,"ID":21},{"utility":84,"ID":24}],[{"utility":27.5,"ID":7},{"utility":14,"ID":14},{"utility":1.5,"ID":16},{"utility":28.75,"ID":17},{"utility":20.5,"ID":18}],[{"utility":3,"ID":9},{"utility":30,"ID":15}],[{"utility":15,"ID":6},{"utility":0,"ID":11}],[{"utility":0,"ID":5}],[{"utility":0,"ID":22}],[],[],[],[],[],[],[],[],[],[],[],[],[]],"CORE :":false,"LAST PARTITION":{"22":12,"23":6,"24":9,"25":11,"10":18,"11":17,"12":5,"13":7,"14":3,"15":15,"16":2,"17":8,"18":8,"19":1,"1":18,"2":3,"3":15,"4":4,"5":6,"6":9,"7":11,"8":13,"9":13,"20":4,"21":10}},{"STARTING PARTITION: ":{"22":4,"23":12,"24":9,"25":1,"10":8,"11":9,"12":12,"13":2,"14":4,"15":6,"16":7,"17":12,"18":12,"19":10,"1":10,"2":7,"3":4,"4":7,"5":12,"6":3,"7":11,"8":5,"9":10,"20":1,"21":8},"Agents":[null,{"utility":29,"ID":1},{"utility":84,"ID":2},{"utility":52,"ID":3},{"utility":76,"ID":4},{"utility":38,"ID":5},{"utility":85,"ID":6},{"utility":72,"ID":7},{"utility":0,"ID":8},{"utility":92,"ID":9},{"utility":88,"ID":10},{"utility":75,"ID":11},{"utility":0,"ID":12},{"utility":0,"ID":13},{"utility":20,"ID":14},{"utility":78,"ID":15},{"utility":91,"ID":16},{"utility":49,"ID":17},{"utility":71,"ID":18},{"utility":92,"ID":19},{"utility":30,"ID":20},{"utility":0,"ID":21},{"utility":0,"ID":22},{"utility":17,"ID":23},{"utility":17,"ID":24},{"utility":13,"ID":25}],"LAST COALITION":[[],[{"utility":92,"ID":9},{"utility":49,"ID":17}],[{"utility":38,"ID":5},{"utility":91,"ID":16}],[{"utility":85,"ID":6},{"utility":17,"ID":24}],[{"utility":0,"ID":22}],[{"utility":0,"ID":21}],[{"utility":29,"ID":1},{"utility":17,"ID":23}],[],[{"utility":75,"ID":11},{"utility":78,"ID":15}],[{"utility":72,"ID":7},{"utility":13,"ID":25}],[{"utility":84,"ID":2},{"utility":20,"ID":14}],[{"utility":88,"ID":10},{"utility":92,"ID":19}],[{"utility":0,"ID":12}],[{"utility":0,"ID":13}],[{"utility":76,"ID":4},{"utility":30,"ID":20}],[{"utility":0,"ID":8}],[{"utility":52,"ID":3},{"utility":71,"ID":18}],[],[],[],[],[],[],[],[],[]],"STARTING COALITION: ":[[null],[{"utility":25,"ID":20},{"utility":0,"ID":25}],[{"utility":0,"ID":13}],[{"utility":0,"ID":6}],[{"utility":20.5,"ID":3},{"utility":8.5,"ID":14},{"utility":47,"ID":22}],[{"utility":0,"ID":8}],[{"utility":0,"ID":15}],[{"utility":14.5,"ID":2},{"utility":0,"ID":4},{"utility":0,"ID":16}],[{"utility":0,"ID":10},{"utility":0,"ID":21}],[{"utility":16,"ID":11},{"utility":64,"ID":24}],[{"utility":37.5,"ID":1},{"utility":24.5,"ID":9},{"utility":67,"ID":19}],[{"utility":0,"ID":7}],[{"utility":39.25,"ID":5},{"utility":17.5,"ID":12},{"utility":51,"ID":17},{"utility":23,"ID":18},{"utility":0.75,"ID":23}],[],[],[],[],[],[],[],[],[],[],[],[],[]],"CORE :":false,"LAST PARTITION":{"22":4,"23":6,"24":3,"25":9,"10":11,"11":8,"12":12,"13":13,"14":10,"15":8,"16":2,"17":1,"18":16,"19":11,"1":6,"2":10,"3":16,"4":14,"5":2,"6":3,"7":9,"8":15,"9":1,"20":14,"21":5}},{"STARTING PARTITION: ":{"22":8,"23":7,"24":3,"25":10,"10":8,"11":11,"12":12,"13":1,"14":12,"15":3,"16":4,"17":6,"18":7,"19":10,"1":8,"2":4,"3":8,"4":8,"5":1,"6":6,"7":12,"8":7,"9":2,"20":12,"21":5},"Agents":[null,{"utility":29,"ID":1},{"utility":84,"ID":2},{"utility":96,"ID":3},{"utility":76,"ID":4},{"utility":33,"ID":5},{"utility":85,"ID":6},{"utility":19,"ID":7},{"utility":0,"ID":8},{"utility":60,"ID":9},{"utility":0,"ID":10},{"utility":0,"ID":11},{"utility":0,"ID":12},{"utility":0,"ID":13},{"utility":20,"ID":14},{"utility":9,"ID":15},{"utility":0,"ID":16},{"utility":0,"ID":17},{"utility":0,"ID":18},{"utility":84,"ID":19},{"utility":30,"ID":20},{"utility":0,"ID":21},{"utility":8,"ID":22},{"utility":17,"ID":23},{"utility":17,"ID":24},{"utility":64,"ID":25}],"LAST COALITION":[[],[{"utility":0,"ID":13}],[{"utility":0,"ID":10}],[{"utility":0,"ID":18}],[{"utility":0,"ID":16}],[{"utility":0,"ID":21}],[{"utility":33,"ID":5},{"utility":60,"ID":9}],[{"utility":19,"ID":7},{"utility":8,"ID":22}],[{"utility":29,"ID":1},{"utility":17,"ID":23}],[{"utility":0,"ID":17}],[{"utility":84,"ID":19},{"utility":64,"ID":25}],[{"utility":96,"ID":3},{"utility":9,"ID":15}],[{"utility":0,"ID":12}],[{"utility":0,"ID":11}],[{"utility":76,"ID":4},{"utility":30,"ID":20}],[{"utility":84,"ID":2},{"utility":20,"ID":14}],[{"utility":0,"ID":8}],[{"utility":85,"ID":6},{"utility":17,"ID":24}],[],[],[],[],[],[],[],[]],"STARTING COALITION: ":[[null],[{"utility":35,"ID":5},{"utility":50,"ID":13}],[{"utility":0,"ID":9}],[{"utility":56,"ID":15},{"utility":0,"ID":24}],[{"utility":29,"ID":2},{"utility":0,"ID":16}],[{"utility":0,"ID":21}],[{"utility":29,"ID":6},{"utility":1,"ID":17}],[{"utility":0.5,"ID":8},{"utility":16.5,"ID":18},{"utility":0,"ID":23}],[{"utility":17.75,"ID":1},{"utility":41,"ID":3},{"utility":10.75,"ID":4},{"utility":12.25,"ID":10},{"utility":0,"ID":22}],[],[{"utility":84,"ID":19},{"utility":64,"ID":25}],[{"utility":0,"ID":11}],[{"utility":20.666666666666668,"ID":7},{"utility":24.333333333333332,"ID":12},{"utility":0,"ID":14},{"utility":6.666666666666667,"ID":20}],[],[],[],[],[],[],[],[],[],[],[],[],[]],"CORE :":false,"LAST PARTITION":{"22":7,"23":8,"24":17,"25":10,"10":2,"11":13,"12":12,"13":1,"14":15,"15":11,"16":4,"17":9,"18":3,"19":10,"1":8,"2":15,"3":11,"4":14,"5":6,"6":17,"7":7,"8":16,"9":6,"20":14,"21":5}},{"STARTING PARTITION: ":{"22":7,"23":3,"24":3,"25":5,"10":3,"11":12,"12":2,"13":1,"14":5,"15":8,"16":9,"17":11,"18":10,"19":2,"1":3,"2":9,"3":6,"4":12,"5":12,"6":9,"7":7,"8":8,"9":6,"20":10,"21":3},"Agents":[null,{"utility":71,"ID":1},{"utility":54,"ID":2},{"utility":96,"ID":3},{"utility":76,"ID":4},{"utility":60,"ID":5},{"utility":85,"ID":6},{"utility":20,"ID":7},{"utility":78,"ID":8},{"utility":72,"ID":9},{"utility":46,"ID":10},{"utility":0,"ID":11},{"utility":72,"ID":12},{"utility":0,"ID":13},{"utility":85,"ID":14},{"utility":9,"ID":15},{"utility":0,"ID":16},{"utility":0,"ID":17},{"utility":0,"ID":18},{"utility":0,"ID":19},{"utility":30,"ID":20},{"utility":0,"ID":21},{"utility":0,"ID":22},{"utility":3,"ID":23},{"utility":17,"ID":24},{"utility":16,"ID":25}],"LAST COALITION":[[],[{"utility":60,"ID":5},{"utility":3,"ID":23}],[{"utility":72,"ID":12},{"utility":0,"ID":19}],[{"utility":0,"ID":13}],[{"utility":78,"ID":8},{"utility":72,"ID":9}],[{"utility":85,"ID":14},{"utility":16,"ID":25}],[],[{"utility":0,"ID":22}],[{"utility":85,"ID":6},{"utility":17,"ID":24}],[{"utility":0,"ID":16}],[{"utility":0,"ID":17}],[{"utility":96,"ID":3},{"utility":9,"ID":15}],[{"utility":0,"ID":18}],[{"utility":0,"ID":21}],[{"utility":54,"ID":2},{"utility":20,"ID":7}],[{"utility":76,"ID":4},{"utility":30,"ID":20}],[{"utility":0,"ID":11}],[],[{"utility":71,"ID":1},{"utility":46,"ID":10}],[],[],[],[],[],[],[]],"STARTING COALITION: ":[[null],[{"utility":0,"ID":13}],[{"utility":72,"ID":12},{"utility":0,"ID":19}],[{"utility":25,"ID":1},{"utility":29,"ID":10},{"utility":0,"ID":21},{"utility":22,"ID":23},{"utility":61.25,"ID":24}],[],[{"utility":85,"ID":14},{"utility":16,"ID":25}],[{"utility":0,"ID":3},{"utility":0,"ID":9}],[{"utility":19,"ID":7},{"utility":8,"ID":22}],[{"utility":91,"ID":8},{"utility":65,"ID":15}],[{"utility":25.5,"ID":2},{"utility":0,"ID":6},{"utility":10,"ID":16}],[{"utility":0,"ID":18},{"utility":90,"ID":20}],[{"utility":0,"ID":17}],[{"utility":44.5,"ID":4},{"utility":46.5,"ID":5},{"utility":0,"ID":11}],[],[],[],[],[],[],[],[],[],[],[],[],[]],"CORE :":false,"LAST PARTITION":{"22":7,"23":1,"24":8,"25":5,"10":18,"11":16,"12":2,"13":3,"14":5,"15":11,"16":9,"17":10,"18":12,"19":2,"1":18,"2":14,"3":11,"4":15,"5":1,"6":8,"7":14,"8":4,"9":4,"20":15,"21":13}},{"STARTING PARTITION: ":{"22":8,"23":5,"24":3,"25":6,"10":5,"11":12,"12":9,"13":5,"14":12,"15":3,"16":12,"17":11,"18":4,"19":9,"1":6,"2":12,"3":7,"4":11,"5":7,"6":8,"7":1,"8":8,"9":5,"20":12,"21":11},"Agents":[null,{"utility":71,"ID":1},{"utility":84,"ID":2},{"utility":85,"ID":3},{"utility":76,"ID":4},{"utility":60,"ID":5},{"utility":85,"ID":6},{"utility":72,"ID":7},{"utility":95,"ID":8},{"utility":0,"ID":9},{"utility":46,"ID":10},{"utility":1,"ID":11},{"utility":72,"ID":12},{"utility":0,"ID":13},{"utility":20,"ID":14},{"utility":0,"ID":15},{"utility":0,"ID":16},{"utility":0,"ID":17},{"utility":0,"ID":18},{"utility":0,"ID":19},{"utility":30,"ID":20},{"utility":74,"ID":21},{"utility":0,"ID":22},{"utility":3,"ID":23},{"utility":17,"ID":24},{"utility":13,"ID":25}],"LAST COALITION":[[],[{"utility":84,"ID":2},{"utility":20,"ID":14}],[{"utility":0,"ID":22}],[{"utility":0,"ID":16}],[{"utility":95,"ID":8},{"utility":74,"ID":21}],[{"utility":0,"ID":15}],[],[{"utility":85,"ID":6},{"utility":17,"ID":24}],[{"utility":72,"ID":7},{"utility":13,"ID":25}],[{"utility":72,"ID":12},{"utility":0,"ID":19}],[{"utility":60,"ID":5},{"utility":3,"ID":23}],[{"utility":0,"ID":17}],[{"utility":0,"ID":9}],[{"utility":0,"ID":13}],[{"utility":76,"ID":4},{"utility":30,"ID":20}],[{"utility":85,"ID":3},{"utility":1,"ID":11}],[],[{"utility":71,"ID":1},{"utility":46,"ID":10}],[{"utility":0,"ID":18}],[],[],[],[],[],[],[]],"STARTING COALITION: ":[[null],[{"utility":0,"ID":7}],[],[{"utility":56,"ID":15},{"utility":0,"ID":24}],[{"utility":0,"ID":18}],[{"utility":39,"ID":9},{"utility":31.333333333333332,"ID":10},{"utility":28.333333333333332,"ID":13},{"utility":37.666666666666664,"ID":23}],[{"utility":80,"ID":1},{"utility":0,"ID":25}],[{"utility":51,"ID":3},{"utility":0,"ID":5}],[{"utility":0,"ID":6},{"utility":0,"ID":8},{"utility":20,"ID":22}],[{"utility":72,"ID":12},{"utility":0,"ID":19}],[],[{"utility":0,"ID":4},{"utility":15,"ID":17},{"utility":0,"ID":21}],[{"utility":35,"ID":2},{"utility":24.75,"ID":11},{"utility":5,"ID":14},{"utility":0,"ID":16},{"utility":6.75,"ID":20}],[],[],[],[],[],[],[],[],[],[],[],[],[]],"CORE :":false,"LAST PARTITION":{"22":2,"23":10,"24":7,"25":8,"10":17,"11":15,"12":9,"13":13,"14":1,"15":5,"16":3,"17":11,"18":18,"19":9,"1":17,"2":1,"3":15,"4":14,"5":10,"6":7,"7":8,"8":4,"9":12,"20":14,"21":4}},{"STARTING PARTITION: ":{"22":11,"23":11,"24":10,"25":1,"10":6,"11":10,"12":11,"13":5,"14":5,"15":6,"16":8,"17":12,"18":9,"19":6,"1":5,"2":11,"3":1,"4":5,"5":2,"6":12,"7":7,"8":5,"9":7,"20":7,"21":12},"Agents":[null,{"utility":29,"ID":1},{"utility":84,"ID":2},{"utility":52,"ID":3},{"utility":76,"ID":4},{"utility":20,"ID":5},{"utility":85,"ID":6},{"utility":72,"ID":7},{"utility":98,"ID":8},{"utility":92,"ID":9},{"utility":88,"ID":10},{"utility":75,"ID":11},{"utility":0,"ID":12},{"utility":0,"ID":13},{"utility":20,"ID":14},{"utility":78,"ID":15},{"utility":0,"ID":16},{"utility":49,"ID":17},{"utility":71,"ID":18},{"utility":92,"ID":19},{"utility":30,"ID":20},{"utility":0,"ID":21},{"utility":0,"ID":22},{"utility":17,"ID":23},{"utility":17,"ID":24},{"utility":13,"ID":25}],"LAST COALITION":[[],[{"utility":0,"ID":16}],[{"utility":0,"ID":13}],[{"utility":0,"ID":22}],[{"utility":75,"ID":11},{"utility":78,"ID":15}],[{"utility":92,"ID":9},{"utility":49,"ID":17}],[{"utility":88,"ID":10},{"utility":92,"ID":19}],[{"utility":29,"ID":1},{"utility":17,"ID":23}],[{"utility":85,"ID":6},{"utility":17,"ID":24}],[],[{"utility":72,"ID":7},{"utility":13,"ID":25}],[{"utility":0,"ID":12}],[{"utility":84,"ID":2},{"utility":20,"ID":14}],[{"utility":0,"ID":21}],[{"utility":20,"ID":5},{"utility":98,"ID":8}],[{"utility":76,"ID":4},{"utility":30,"ID":20}],[{"utility":52,"ID":3},{"utility":71,"ID":18}],[],[],[],[],[],[],[],[],[]],"STARTING COALITION: ":[[null],[{"utility":0,"ID":3},{"utility":89,"ID":25}],[{"utility":0,"ID":5}],[],[],[{"utility":3.5,"ID":1},{"utility":15.25,"ID":4},{"utility":16,"ID":8},{"utility":18.5,"ID":13},{"utility":10.5,"ID":14}],[{"utility":71.5,"ID":10},{"utility":0,"ID":15},{"utility":69,"ID":19}],[{"utility":31,"ID":7},{"utility":6,"ID":9},{"utility":10,"ID":20}],[{"utility":0,"ID":16}],[{"utility":0,"ID":18}],[{"utility":16,"ID":11},{"utility":64,"ID":24}],[{"utility":10.666666666666666,"ID":2},{"utility":23.666666666666668,"ID":12},{"utility":0,"ID":22},{"utility":19.333333333333332,"ID":23}],[{"utility":19,"ID":6},{"utility":15.5,"ID":17},{"utility":32.5,"ID":21}],[],[],[],[],[],[],[],[],[],[],[],[],[]],"CORE :":false,"LAST PARTITION":{"22":3,"23":7,"24":8,"25":10,"10":6,"11":4,"12":11,"13":2,"14":12,"15":4,"16":1,"17":5,"18":16,"19":6,"1":7,"2":12,"3":16,"4":15,"5":14,"6":8,"7":10,"8":14,"9":5,"20":15,"21":13}},{"STARTING PARTITION: ":{"22":8,"23":6,"24":3,"25":3,"10":10,"11":6,"12":2,"13":1,"14":7,"15":12,"16":2,"17":11,"18":3,"19":2,"1":7,"2":6,"3":7,"4":11,"5":1,"6":5,"7":10,"8":4,"9":3,"20":8,"21":3},"Agents":[null,{"utility":71,"ID":1},{"utility":84,"ID":2},{"utility":0,"ID":3},{"utility":76,"ID":4},{"utility":60,"ID":5},{"utility":29,"ID":6},{"utility":19,"ID":7},{"utility":91,"ID":8},{"utility":0,"ID":9},{"utility":46,"ID":10},{"utility":0,"ID":11},{"utility":72,"ID":12},{"utility":0,"ID":13},{"utility":20,"ID":14},{"utility":65,"ID":15},{"utility":0,"ID":16},{"utility":1,"ID":17},{"utility":62.5,"ID":18},{"utility":0,"ID":19},{"utility":30,"ID":20},{"utility":0,"ID":21},{"utility":8,"ID":22},{"utility":3,"ID":23},{"utility":39.5,"ID":24},{"utility":46.5,"ID":25}],"LAST COALITION":[[],[{"utility":29,"ID":6},{"utility":1,"ID":17}],[{"utility":72,"ID":12},{"utility":0,"ID":19}],[{"utility":62.5,"ID":18},{"utility":39.5,"ID":24},{"utility":46.5,"ID":25}],[{"utility":0,"ID":3}],[{"utility":91,"ID":8},{"utility":65,"ID":15}],[{"utility":0,"ID":21}],[{"utility":0,"ID":16}],[{"utility":60,"ID":5},{"utility":3,"ID":23}],[{"utility":0,"ID":13}],[{"utility":84,"ID":2},{"utility":20,"ID":14}],[],[{"utility":0,"ID":11}],[{"utility":76,"ID":4},{"utility":30,"ID":20}],[{"utility":19,"ID":7},{"utility":8,"ID":22}],[{"utility":0,"ID":9}],[{"utility":71,"ID":1},{"utility":46,"ID":10}],[],[],[],[],[],[],[],[],[]],"STARTING COALITION: ":[[null],[{"utility":35,"ID":5},{"utility":50,"ID":13}],[{"utility":65,"ID":12},{"utility":6,"ID":16},{"utility":20,"ID":19}],[{"utility":32.5,"ID":9},{"utility":31.25,"ID":18},{"utility":12,"ID":21},{"utility":40.75,"ID":24},{"utility":23.25,"ID":25}],[{"utility":0,"ID":8}],[{"utility":0,"ID":6}],[{"utility":13.5,"ID":2},{"utility":16,"ID":11},{"utility":8.5,"ID":23}],[{"utility":0,"ID":1},{"utility":52.5,"ID":3},{"utility":0,"ID":14}],[{"utility":0,"ID":20},{"utility":0,"ID":22}],[],[{"utility":77,"ID":7},{"utility":0,"ID":10}],[{"utility":0,"ID":4},{"utility":0,"ID":17}],[{"utility":0,"ID":15}],[],[],[],[],[],[],[],[],[],[],[],[],[]],"CORE :":false,"LAST PARTITION":{"22":14,"23":8,"24":3,"25":3,"10":16,"11":12,"12":2,"13":9,"14":10,"15":5,"16":7,"17":1,"18":3,"19":2,"1":16,"2":10,"3":4,"4":13,"5":8,"6":1,"7":14,"8":5,"9":15,"20":13,"21":6}},{"END OF FILE:" : true}]