[{"STARTING PARTITION: ":{"22":5,"23":11,"24":2,"25":11,"10":1,"11":3,"12":5,"13":7,"14":11,"15":5,"16":9,"17":5,"18":3,"19":9,"1":12,"2":9,"3":2,"4":5,"5":8,"6":2,"7":5,"8":5,"9":6,"20":12,"21":7},"Agents":[null,{"utility":87,"ID":1},{"utility":93,"ID":2},{"utility":97,"ID":3},{"utility":99,"ID":4},{"utility":8,"ID":5},{"utility":99,"ID":6},{"utility":77,"ID":7},{"utility":0,"ID":8},{"utility":85,"ID":9},{"utility":0,"ID":10},{"utility":0,"ID":11},{"utility":0,"ID":12},{"utility":77,"ID":13},{"utility":0,"ID":14},{"utility":93,"ID":15},{"utility":0,"ID":16},{"utility":89,"ID":17},{"utility":45,"ID":18},{"utility":0,"ID":19},{"utility":0,"ID":20},{"utility":9,"ID":21},{"utility":37,"ID":22},{"utility":0,"ID":23},{"utility":0,"ID":24},{"utility":5,"ID":25}],"LAST COALITION":[[],[{"utility":0,"ID":10}],[{"utility":0,"ID":24}],[{"utility":0,"ID":11}],[{"utility":99,"ID":6},{"utility":89,"ID":17}],[{"utility":0,"ID":12}],[{"utility":87,"ID":1},{"utility":77,"ID":13}],[{"utility":0,"ID":8}],[{"utility":77,"ID":7},{"utility":9,"ID":21}],[{"utility":0,"ID":16},{"utility":0,"ID":19}],[{"utility":97,"ID":3},{"utility":85,"ID":9}],[{"utility":0,"ID":23},{"utility":5,"ID":25}],[{"utility":0,"ID":20}],[{"utility":93,"ID":2},{"utility":45,"ID":18}],[{"utility":99,"ID":4},{"utility":37,"ID":22}],[{"utility":0,"ID":14}],[],[{"utility":8,"ID":5},{"utility":93,"ID":15}],[],[],[],[],[],[],[],[]],"STARTING COALITION: ":[[null],[{"utility":0,"ID":10}],[{"utility":36.5,"ID":3},{"utility":2.5,"ID":6},{"utility":60,"ID":24}],[{"utility":0,"ID":11},{"utility":3,"ID":18}],[],[{"utility":23,"ID":4},{"utility":9.833333333333334,"ID":7},{"utility":29.333333333333332,"ID":8},{"utility":23.666666666666668,"ID":12},{"utility":10.166666666666666,"ID":15},{"utility":37.166666666666664,"ID":17},{"utility":17.166666666666668,"ID":22}],[{"utility":0,"ID":9}],[{"utility":0,"ID":13},{"utility":0,"ID":21}],[{"utility":0,"ID":5}],[{"utility":41.5,"ID":2},{"utility":0,"ID":16},{"utility":5.5,"ID":19}],[],[{"utility":0,"ID":14},{"utility":0,"ID":23},{"utility":2.5,"ID":25}],[{"utility":3,"ID":1},{"utility":0,"ID":20}],[],[],[],[],[],[],[],[],[],[],[],[],[]],"CORE :":false,"LAST PARTITION":{"22":14,"23":11,"24":2,"25":11,"10":1,"11":3,"12":5,"13":6,"14":15,"15":17,"16":9,"17":4,"18":13,"19":9,"1":6,"2":13,"3":10,"4":14,"5":17,"6":4,"7":8,"8":7,"9":10,"20":12,"21":8}},{"STARTING PARTITION: ":{"22":2,"23":2,"24":6,"25":11,"10":10,"11":11,"12":5,"13":5,"14":2,"15":3,"16":12,"17":8,"18":8,"19":4,"1":3,"2":1,"3":12,"4":11,"5":11,"6":5,"7":5,"8":12,"9":6,"20":12,"21":8},"Agents":[null,{"utility":87,"ID":1},{"utility":93,"ID":2},{"utility":97,"ID":3},{"utility":95,"ID":4},{"utility":38,"ID":5},{"utility":99,"ID":6},{"utility":77,"ID":7},{"utility":76,"ID":8},{"utility":85,"ID":9},{"utility":0,"ID":10},{"utility":0,"ID":11},{"utility":0,"ID":12},{"utility":77,"ID":13},{"utility":81,"ID":14},{"utility":0,"ID":15},{"utility":0,"ID":16},{"utility":89,"ID":17},{"utility":45,"ID":18},{"utility":0,"ID":19},{"utility":31,"ID":20},{"utility":9,"ID":21},{"utility":81,"ID":22},{"utility":0,"ID":23},{"utility":0,"ID":24},{"utility":71,"ID":25}],"LAST COALITION":[[],[{"utility":93,"ID":2},{"utility":45,"ID":18}],[{"utility":81,"ID":22},{"utility":0,"ID":23}],[{"utility":0,"ID":15}],[{"utility":77,"ID":7},{"utility":9,"ID":21}],[{"utility":0,"ID":12}],[{"utility":0,"ID":24}],[{"utility":87,"ID":1},{"utility":77,"ID":13}],[],[{"utility":97,"ID":3},{"utility":85,"ID":9}],[{"utility":0,"ID":10}],[{"utility":0,"ID":11},{"utility":71,"ID":25}],[{"utility":0,"ID":16},{"utility":31,"ID":20}],[{"utility":0,"ID":19}],[{"utility":95,"ID":4},{"utility":81,"ID":14}],[{"utility":38,"ID":5},{"utility":76,"ID":8}],[{"utility":99,"ID":6},{"utility":89,"ID":17}],[],[],[],[],[],[],[],[],[]],"STARTING COALITION: ":[[null],[{"utility":0,"ID":2}],[{"utility":0,"ID":14},{"utility":40.5,"ID":22},{"utility":0,"ID":23}],[{"utility":72,"ID":1},{"utility":0,"ID":15}],[{"utility":0,"ID":19}],[{"utility":23.666666666666668,"ID":6},{"utility":38.666666666666664,"ID":7},{"utility":0,"ID":12},{"utility":46.333333333333336,"ID":13}],[{"utility":41,"ID":9},{"utility":11,"ID":24}],[],[{"utility":0,"ID":17},{"utility":0,"ID":18},{"utility":44,"ID":21}],[],[{"utility":0,"ID":10}],[{"utility":27.333333333333332,"ID":4},{"utility":0.6666666666666666,"ID":5},{"utility":0,"ID":11},{"utility":28.666666666666668,"ID":25}],[{"utility":18.666666666666668,"ID":3},{"utility":23.666666666666668,"ID":8},{"utility":12.333333333333334,"ID":16},{"utility":10.333333333333334,"ID":20}],[],[],[],[],[],[],[],[],[],[],[],[],[]],"CORE :":false,"LAST PARTITION":{"22":2,"23":2,"24":6,"25":11,"10":10,"11":11,"12":5,"13":7,"14":14,"15":3,"16":12,"17":16,"18":1,"19":13,"1":7,"2":1,"3":9,"4":14,"5":15,"6":16,"7":4,"8":15,"9":9,"20":12,"21":4}},{"STARTING PARTITION: ":{"22":1,"23":4,"24":8,"25":4,"10":1,"11":1,"12":1,"13":5,"14":1,"15":10,"16":7,"17":1,"18":3,"19":5,"1":10,"2":7,"3":10,"4":10,"5":12,"6":9,"7":3,"8":5,"9":9,"20":12,"21":4},"Agents":[null,{"utility":87,"ID":1},{"utility":93,"ID":2},{"utility":97,"ID":3},{"utility":99,"ID":4},{"utility":8,"ID":5},{"utility":99,"ID":6},{"utility":51,"ID":7},{"utility":0,"ID":8},{"utility":85,"ID":9},{"utility":70,"ID":10},{"utility":0,"ID":11},{"utility":73,"ID":12},{"utility":77,"ID":13},{"utility":48,"ID":14},{"utility":93,"ID":15},{"utility":0,"ID":16},{"utility":89,"ID":17},{"utility":45,"ID":18},{"utility":0,"ID":19},{"utility":3,"ID":20},{"utility":36,"ID":21},{"utility":37,"ID":22},{"utility":39,"ID":23},{"utility":10,"ID":24},{"utility":35,"ID":25}],"LAST COALITION":[[],[{"utility":0,"ID":11}],[{"utility":99,"ID":6},{"utility":89,"ID":17}],[],[{"utility":36,"ID":21},{"utility":39,"ID":23},{"utility":35,"ID":25}],[{"utility":51,"ID":7},{"utility":10,"ID":24}],[{"utility":87,"ID":1},{"utility":77,"ID":13}],[{"utility":0,"ID":16}],[{"utility":0,"ID":8}],[{"utility":70,"ID":10},{"utility":3,"ID":20}],[{"utility":73,"ID":12},{"utility":48,"ID":14}],[{"utility":97,"ID":3},{"utility":85,"ID":9}],[{"utility":0,"ID":19}],[{"utility":8,"ID":5},{"utility":93,"ID":15}],[{"utility":93,"ID":2},{"utility":45,"ID":18}],[{"utility":99,"ID":4},{"utility":37,"ID":22}],[],[],[],[],[],[],[],[],[],[]],"STARTING COALITION: ":[[null],[{"utility":9.4,"ID":10},{"utility":26.6,"ID":11},{"utility":43.8,"ID":12},{"utility":28.6,"ID":14},{"utility":58,"ID":17},{"utility":15.8,"ID":22}],[],[{"utility":0,"ID":7},{"utility":65,"ID":18}],[{"utility":36,"ID":21},{"utility":39,"ID":23},{"utility":35,"ID":25}],[{"utility":43,"ID":8},{"utility":18,"ID":13},{"utility":44.5,"ID":19}],[],[{"utility":53,"ID":2},{"utility":0,"ID":16}],[{"utility":0,"ID":24}],[{"utility":4,"ID":6},{"utility":0,"ID":9}],[{"utility":24,"ID":1},{"utility":38,"ID":3},{"utility":13.333333333333334,"ID":4},{"utility":0,"ID":15}],[],[{"utility":0,"ID":5},{"utility":50,"ID":20}],[],[],[],[],[],[],[],[],[],[],[],[],[]],"CORE :":false,"LAST PARTITION":{"22":15,"23":4,"24":5,"25":4,"10":9,"11":1,"12":10,"13":6,"14":10,"15":13,"16":7,"17":2,"18":14,"19":12,"1":6,"2":14,"3":11,"4":15,"5":13,"6":2,"7":5,"8":8,"9":11,"20":9,"21":4}},{"STARTING PARTITION: ":{"22":12,"23":7,"24":5,"25":4,"10":5,"11":1,"12":7,"13":12,"14":10,"15":8,"16":6,"17":10,"18":12,"19":7,"1":12,"2":7,"3":5,"4":10,"5":9,"6":11,"7":11,"8":9,"9":6,"20":9,"21":6},"Agents":[null,{"utility":87,"ID":1},{"utility":93,"ID":2},{"utility":97,"ID":3},{"utility":99,"ID":4},{"utility":0,"ID":5},{"utility":99,"ID":6},{"utility":69,"ID":7},{"utility":86,"ID":8},{"utility":85,"ID":9},{"utility":23,"ID":10},{"utility":0,"ID":11},{"utility":47,"ID":12},{"utility":77,"ID":13},{"utility":26,"ID":14},{"utility":43,"ID":15},{"utility":16,"ID":16},{"utility":89,"ID":17},{"utility":45,"ID":18},{"utility":22,"ID":19},{"utility":0,"ID":20},{"utility":63,"ID":21},{"utility":37,"ID":22},{"utility":14,"ID":23},{"utility":0,"ID":24},{"utility":0,"ID":25}],"LAST COALITION":[[],[{"utility":0,"ID":11}],[{"utility":86,"ID":8},{"utility":43,"ID":15}],[{"utility":87,"ID":1},{"utility":77,"ID":13}],[{"utility":0,"ID":25}],[{"utility":23,"ID":10},{"utility":0,"ID":24}],[{"utility":16,"ID":16},{"utility":63,"ID":21}],[{"utility":47,"ID":12},{"utility":22,"ID":19},{"utility":14,"ID":23}],[],[{"utility":0,"ID":20}],[{"utility":69,"ID":7},{"utility":26,"ID":14}],[{"utility":0,"ID":5}],[],[{"utility":97,"ID":3},{"utility":85,"ID":9}],[{"utility":93,"ID":2},{"utility":45,"ID":18}],[],[{"utility":99,"ID":4},{"utility":37,"ID":22}],[{"utility":99,"ID":6},{"utility":89,"ID":17}],[],[],[],[],[],[],[],[]],"STARTING COALITION: ":[[null],[{"utility":0,"ID":11}],[],[],[{"utility":0,"ID":25}],[{"utility":36,"ID":3},{"utility":18,"ID":10},{"utility":30.5,"ID":24}],[{"utility":0,"ID":9},{"utility":8,"ID":16},{"utility":44.5,"ID":21}],[{"utility":31.333333333333332,"ID":2},{"utility":63.333333333333336,"ID":12},{"utility":18.333333333333332,"ID":19},{"utility":25.333333333333332,"ID":23}],[{"utility":0,"ID":15}],[{"utility":19,"ID":5},{"utility":56,"ID":8},{"utility":25,"ID":20}],[{"utility":53,"ID":4},{"utility":40.5,"ID":14},{"utility":44.5,"ID":17}],[{"utility":0,"ID":6},{"utility":89,"ID":7}],[{"utility":29,"ID":1},{"utility":45.666666666666664,"ID":13},{"utility":8,"ID":18},{"utility":39.666666666666664,"ID":22}],[],[],[],[],[],[],[],[],[],[],[],[],[]],"CORE :":false,"LAST PARTITION":{"22":16,"23":7,"24":5,"25":4,"10":5,"11":1,"12":7,"13":3,"14":10,"15":2,"16":6,"17":17,"18":14,"19":7,"1":3,"2":14,"3":13,"4":16,"5":11,"6":17,"7":10,"8":2,"9":13,"20":9,"21":6}},{"STARTING PARTITION: ":{"22":6,"23":11,"24":12,"25":7,"10":9,"11":3,"12":6,"13":9,"14":9,"15":11,"16":9,"17":10,"18":3,"19":5,"1":5,"2":3,"3":8,"4":9,"5":1,"6":3,"7":1,"8":3,"9":4,"20":4,"21":4},"Agents":[null,{"utility":87,"ID":1},{"utility":93,"ID":2},{"utility":97,"ID":3},{"utility":99,"ID":4},{"utility":38,"ID":5},{"utility":99,"ID":6},{"utility":69,"ID":7},{"utility":76,"ID":8},{"utility":85,"ID":9},{"utility":0,"ID":10},{"utility":0,"ID":11},{"utility":0,"ID":12},{"utility":77,"ID":13},{"utility":26,"ID":14},{"utility":0,"ID":15},{"utility":0,"ID":16},{"utility":89,"ID":17},{"utility":45,"ID":18},{"utility":0,"ID":19},{"utility":93,"ID":20},{"utility":49,"ID":21},{"utility":37,"ID":22},{"utility":0,"ID":23},{"utility":0,"ID":24},{"utility":0,"ID":25}],"LAST COALITION":[[],[],[{"utility":93,"ID":2},{"utility":45,"ID":18}],[{"utility":0,"ID":11}],[{"utility":93,"ID":20},{"utility":49,"ID":21}],[{"utility":0,"ID":19}],[{"utility":0,"ID":12}],[{"utility":0,"ID":25}],[{"utility":0,"ID":15}],[{"utility":0,"ID":10},{"utility":0,"ID":16}],[{"utility":69,"ID":7},{"utility":26,"ID":14}],[{"utility":0,"ID":23}],[{"utility":0,"ID":24}],[{"utility":87,"ID":1},{"utility":77,"ID":13}],[{"utility":38,"ID":5},{"utility":76,"ID":8}],[{"utility":99,"ID":4},{"utility":37,"ID":22}],[{"utility":97,"ID":3},{"utility":85,"ID":9}],[],[{"utility":99,"ID":6},{"utility":89,"ID":17}],[],[],[],[],[],[],[]],"STARTING COALITION: ":[[null],[{"utility":0,"ID":5},{"utility":0,"ID":7}],[],[{"utility":68.25,"ID":2},{"utility":21,"ID":6},{"utility":47.25,"ID":8},{"utility":42,"ID":11},{"utility":50.75,"ID":18}],[{"utility":22,"ID":9},{"utility":72,"ID":20},{"utility":37.5,"ID":21}],[{"utility":10,"ID":1},{"utility":0,"ID":19}],[{"utility":0,"ID":12},{"utility":0,"ID":22}],[{"utility":0,"ID":25}],[{"utility":0,"ID":3}],[{"utility":31,"ID":4},{"utility":2.75,"ID":10},{"utility":10.75,"ID":13},{"utility":33.25,"ID":14},{"utility":0,"ID":16}],[{"utility":0,"ID":17}],[{"utility":0,"ID":15},{"utility":5,"ID":23}],[{"utility":0,"ID":24}],[],[],[],[],[],[],[],[],[],[],[],[],[]],"CORE :":false,"LAST PARTITION":{"22":15,"23":11,"24":12,"25":7,"10":9,"11":3,"12":6,"13":13,"14":10,"15":8,"16":9,"17":18,"18":2,"19":5,"1":13,"2":2,"3":16,"4":15,"5":14,"6":18,"7":10,"8":14,"9":16,"20":4,"21":4}},{"STARTING PARTITION: ":{"22":6,"23":10,"24":4,"25":8,"10":5,"11":11,"12":11,"13":4,"14":9,"15":4,"16":12,"17":4,"18":3,"19":12,"1":2,"2":3,"3":3,"4":12,"5":6,"6":9,"7":3,"8":9,"9":6,"20":10,"21":2},"Agents":[null,{"utility":87,"ID":1},{"utility":93,"ID":2},{"utility":97,"ID":3},{"utility":99,"ID":4},{"utility":0,"ID":5},{"utility":99,"ID":6},{"utility":77,"ID":7},{"utility":86,"ID":8},{"utility":85,"ID":9},{"utility":0,"ID":10},{"utility":84,"ID":11},{"utility":39,"ID":12},{"utility":77,"ID":13},{"utility":0,"ID":14},{"utility":43,"ID":15},{"utility":0,"ID":16},{"utility":89,"ID":17},{"utility":45,"ID":18},{"utility":0,"ID":19},{"utility":0,"ID":20},{"utility":9,"ID":21},{"utility":37,"ID":22},{"utility":62,"ID":23},{"utility":0,"ID":24},{"utility":0,"ID":25}],"LAST COALITION":[[],[{"utility":99,"ID":6},{"utility":89,"ID":17}],[{"utility":86,"ID":8},{"utility":43,"ID":15}],[{"utility":77,"ID":7},{"utility":9,"ID":21}],[{"utility":0,"ID":24}],[{"utility":0,"ID":10}],[{"utility":0,"ID":5}],[{"utility":87,"ID":1},{"utility":77,"ID":13}],[{"utility":0,"ID":25}],[{"utility":0,"ID":14}],[{"utility":0,"ID":20},{"utility":62,"ID":23}],[{"utility":84,"ID":11},{"utility":39,"ID":12}],[{"utility":0,"ID":16},{"utility":0,"ID":19}],[{"utility":97,"ID":3},{"utility":85,"ID":9}],[{"utility":93,"ID":2},{"utility":45,"ID":18}],[],[],[{"utility":99,"ID":4},{"utility":37,"ID":22}],[],[],[],[],[],[],[],[]],"STARTING COALITION: ":[[null],[],[{"utility":0,"ID":1},{"utility":74,"ID":21}],[{"utility":31,"ID":2},{"utility":11,"ID":3},{"utility":32,"ID":7},{"utility":36.666666666666664,"ID":18}],[{"utility":0,"ID":13},{"utility":0,"ID":15},{"utility":42.666666666666664,"ID":17},{"utility":27.666666666666668,"ID":24}],[{"utility":0,"ID":10}],[{"utility":47.5,"ID":5},{"utility":19.5,"ID":9},{"utility":38.5,"ID":22}],[],[{"utility":0,"ID":25}],[{"utility":17,"ID":6},{"utility":43.5,"ID":8},{"utility":0,"ID":14}],[{"utility":0,"ID":20},{"utility":62,"ID":23}],[{"utility":84,"ID":11},{"utility":39,"ID":12}],[{"utility":0,"ID":4},{"utility":0,"ID":16},{"utility":0,"ID":19}],[],[],[],[],[],[],[],[],[],[],[],[],[]],"CORE :":false,"LAST PARTITION":{"22":17,"23":10,"24":4,"25":8,"10":5,"11":11,"12":11,"13":7,"14":9,"15":2,"16":12,"17":1,"18":14,"19":12,"1":7,"2":14,"3":13,"4":17,"5":6,"6":1,"7":3,"8":2,"9":13,"20":10,"21":3}},{"STARTING PARTITION: ":{"22":11,"23":9,"24":12,"25":2,"10":5,"11":9,"12":11,"13":4,"14":9,"15":2,"16":11,"17":10,"18":3,"19":4,"1":5,"2":2,"3":3,"4":5,"5":3,"6":6,"7":1,"8":2,"9":9,"20":9,"21":6},"Agents":[null,{"utility":87,"ID":1},{"utility":93,"ID":2},{"utility":97,"ID":3},{"utility":95,"ID":4},{"utility":38,"ID":5},{"utility":99,"ID":6},{"utility":77,"ID":7},{"utility":76,"ID":8},{"utility":85,"ID":9},{"utility":70,"ID":10},{"utility":0,"ID":11},{"utility":94,"ID":12},{"utility":77,"ID":13},{"utility":81,"ID":14},{"utility":0,"ID":15},{"utility":0,"ID":16},{"utility":89,"ID":17},{"utility":45,"ID":18},{"utility":44,"ID":19},{"utility":3,"ID":20},{"utility":9,"ID":21},{"utility":76,"ID":22},{"utility":0,"ID":23},{"utility":0,"ID":24},{"utility":0,"ID":25}],"LAST COALITION":[[],[{"utility":77,"ID":7},{"utility":9,"ID":21}],[{"utility":0,"ID":25}],[{"utility":95,"ID":4},{"utility":81,"ID":14}],[],[{"utility":70,"ID":10},{"utility":3,"ID":20}],[{"utility":0,"ID":15}],[{"utility":99,"ID":6},{"utility":89,"ID":17}],[{"utility":87,"ID":1},{"utility":77,"ID":13}],[{"utility":0,"ID":23}],[{"utility":94,"ID":12},{"utility":44,"ID":19}],[{"utility":0,"ID":16},{"utility":76,"ID":22}],[{"utility":0,"ID":24}],[{"utility":97,"ID":3},{"utility":85,"ID":9}],[{"utility":93,"ID":2},{"utility":45,"ID":18}],[{"utility":0,"ID":11}],[{"utility":38,"ID":5},{"utility":76,"ID":8}],[],[],[],[],[],[],[],[],[]],"STARTING COALITION: ":[[null],[{"utility":0,"ID":7}],[{"utility":37.666666666666664,"ID":2},{"utility":47,"ID":8},{"utility":54,"ID":15},{"utility":46.666666666666664,"ID":25}],[{"utility":0,"ID":3},{"utility":29,"ID":5},{"utility":0,"ID":18}],[{"utility":0,"ID":13},{"utility":61,"ID":19}],[{"utility":15.5,"ID":1},{"utility":0,"ID":4},{"utility":21.5,"ID":10}],[{"utility":44,"ID":6},{"utility":0,"ID":21}],[],[],[{"utility":29.75,"ID":9},{"utility":43,"ID":11},{"utility":43.5,"ID":14},{"utility":12.75,"ID":20},{"utility":31.75,"ID":23}],[{"utility":0,"ID":17}],[{"utility":1,"ID":12},{"utility":0,"ID":16},{"utility":38,"ID":22}],[{"utility":0,"ID":24}],[],[],[],[],[],[],[],[],[],[],[],[],[]],"CORE :":false,"LAST PARTITION":{"22":11,"23":9,"24":12,"25":2,"10":5,"11":15,"12":10,"13":8,"14":3,"15":6,"16":11,"17":7,"18":14,"19":10,"1":8,"2":14,"3":13,"4":3,"5":16,"6":7,"7":1,"8":16,"9":13,"20":5,"21":1}},{"STARTING PARTITION: ":{"22":4,"23":5,"24":4,"25":1,"10":4,"11":6,"12":2,"13":1,"14":4,"15":3,"16":12,"17":9,"18":6,"19":10,"1":11,"2":2,"3":2,"4":8,"5":8,"6":12,"7":12,"8":2,"9":12,"20":1,"21":4},"Agents":[null,{"utility":45,"ID":1},{"utility":93,"ID":2},{"utility":97,"ID":3},{"utility":95,"ID":4},{"utility":38,"ID":5},{"utility":99,"ID":6},{"utility":33,"ID":7},{"utility":76,"ID":8},{"utility":85,"ID":9},{"utility":0,"ID":10},{"utility":40,"ID":11},{"utility":0,"ID":12},{"utility":83,"ID":13},{"utility":81,"ID":14},{"utility":0,"ID":15},{"utility":0,"ID":16},{"utility":89,"ID":17},{"utility":45,"ID":18},{"utility":78,"ID":19},{"utility":27,"ID":20},{"utility":54,"ID":21},{"utility":41.5,"ID":22},{"utility":0,"ID":23},{"utility":25.5,"ID":24},{"utility":0,"ID":25}],"LAST COALITION":[[],[{"utility":83,"ID":13},{"utility":27,"ID":20},{"utility":0,"ID":25}],[{"utility":0,"ID":12}],[{"utility":0,"ID":15}],[{"utility":54,"ID":21},{"utility":41.5,"ID":22},{"utility":25.5,"ID":24}],[{"utility":0,"ID":23}],[{"utility":95,"ID":4},{"utility":81,"ID":14}],[{"utility":45,"ID":1},{"utility":40,"ID":11}],[{"utility":99,"ID":6},{"utility":89,"ID":17}],[{"utility":33,"ID":7},{"utility":78,"ID":19}],[],[{"utility":97,"ID":3},{"utility":85,"ID":9}],[{"utility":0,"ID":16}],[{"utility":93,"ID":2},{"utility":45,"ID":18}],[{"utility":38,"ID":5},{"utility":76,"ID":8}],[{"utility":0,"ID":10}],[],[],[],[],[],[],[],[],[],[]],"STARTING COALITION: ":[[null],[{"utility":83,"ID":13},{"utility":27,"ID":20},{"utility":0,"ID":25}],[{"utility":50.666666666666664,"ID":2},{"utility":14,"ID":3},{"utility":16.333333333333332,"ID":8},{"utility":57.333333333333336,"ID":12}],[{"utility":0,"ID":15}],[{"utility":11.5,"ID":10},{"utility":0,"ID":14},{"utility":35.25,"ID":21},{"utility":36.5,"ID":22},{"utility":12.75,"ID":24}],[{"utility":0,"ID":23}],[{"utility":0,"ID":11},{"utility":3,"ID":18}],[],[{"utility":1,"ID":4},{"utility":2,"ID":5}],[{"utility":0,"ID":17}],[{"utility":0,"ID":19}],[{"utility":0,"ID":1}],[{"utility":1.3333333333333333,"ID":6},{"utility":29.666666666666668,"ID":7},{"utility":0,"ID":9},{"utility":0,"ID":16}],[],[],[],[],[],[],[],[],[],[],[],[],[]],"CORE :":false,"LAST PARTITION":{"22":4,"23":5,"24":4,"25":1,"10":15,"11":7,"12":2,"13":1,"14":6,"15":3,"16":12,"17":8,"18":13,"19":9,"1":7,"2":13,"3":11,"4":6,"5":14,"6":8,"7":9,"8":14,"9":11,"20":1,"21":4}},{"STARTING PARTITION: ":{"22":11,"23":4,"24":10,"25":2,"10":7,"11":5,"12":2,"13":1,"14":6,"15":1,"16":12,"17":9,"18":11,"19":11,"1":10,"2":11,"3":2,"4":1,"5":12,"6":3,"7":6,"8":12,"9":12,"20":10,"21":4},"Agents":[null,{"utility":87,"ID":1},{"utility":93,"ID":2},{"utility":97,"ID":3},{"utility":99,"ID":4},{"utility":0,"ID":5},{"utility":99,"ID":6},{"utility":77,"ID":7},{"utility":86,"ID":8},{"utility":85,"ID":9},{"utility":0,"ID":10},{"utility":0,"ID":11},{"utility":0,"ID":12},{"utility":77,"ID":13},{"utility":0,"ID":14},{"utility":43,"ID":15},{"utility":0,"ID":16},{"utility":89,"ID":17},{"utility":45,"ID":18},{"utility":0,"ID":19},{"utility":71,"ID":20},{"utility":9,"ID":21},{"utility":37,"ID":22},{"utility":0,"ID":23},{"utility":0,"ID":24},{"utility":0,"ID":25}],"LAST COALITION":[[],[],[{"utility":0,"ID":12},{"utility":0,"ID":25}],[{"utility":93,"ID":2},{"utility":45,"ID":18}],[{"utility":0,"ID":23}],[{"utility":0,"ID":11}],[{"utility":77,"ID":7},{"utility":9,"ID":21}],[{"utility":0,"ID":10}],[{"utility":86,"ID":8},{"utility":43,"ID":15}],[{"utility":0,"ID":14}],[{"utility":71,"ID":20},{"utility":0,"ID":24}],[{"utility":0,"ID":19}],[{"utility":0,"ID":16}],[{"utility":87,"ID":1},{"utility":77,"ID":13}],[{"utility":97,"ID":3},{"utility":85,"ID":9}],[{"utility":99,"ID":4},{"utility":37,"ID":22}],[{"utility":0,"ID":5}],[],[{"utility":99,"ID":6},{"utility":89,"ID":17}],[],[],[],[],[],[],[]],"STARTING COALITION: ":[[null],[{"utility":14.5,"ID":4},{"utility":16.5,"ID":13},{"utility":0,"ID":15}],[{"utility":8,"ID":3},{"utility":38,"ID":12},{"utility":9,"ID":25}],[{"utility":0,"ID":6}],[{"utility":0,"ID":21},{"utility":78,"ID":23}],[{"utility":0,"ID":11}],[{"utility":69,"ID":7},{"utility":26,"ID":14}],[{"utility":0,"ID":10}],[],[{"utility":0,"ID":17}],[{"utility":1.5,"ID":1},{"utility":35.5,"ID":20},{"utility":0,"ID":24}],[{"utility":68,"ID":2},{"utility":15,"ID":18},{"utility":3.6666666666666665,"ID":19},{"utility":15.333333333333334,"ID":22}],[{"utility":44.333333333333336,"ID":5},{"utility":55.666666666666664,"ID":8},{"utility":23.333333333333332,"ID":9},{"utility":26,"ID":16}],[],[],[],[],[],[],[],[],[],[],[],[],[]],"CORE :":false,"LAST PARTITION":{"22":15,"23":4,"24":10,"25":2,"10":7,"11":5,"12":2,"13":13,"14":9,"15":8,"16":12,"17":18,"18":3,"19":11,"1":13,"2":3,"3":14,"4":15,"5":16,"6":18,"7":6,"8":8,"9":14,"20":10,"21":6}},{"STARTING PARTITION: ":{"22":6,"23":1,"24":12,"25":10,"10":1,"11":2,"12":3,"13":2,"14":1,"15":11,"16":1,"17":12,"18":7,"19":1,"1":11,"2":4,"3":10,"4":10,"5":5,"6":12,"7":3,"8":1,"9":11,"20":7,"21":5},"Agents":[null,{"utility":87,"ID":1},{"utility":64,"ID":2},{"utility":97,"ID":3},{"utility":99,"ID":4},{"utility":8,"ID":5},{"utility":99,"ID":6},{"utility":77,"ID":7},{"utility":0,"ID":8},{"utility":85,"ID":9},{"utility":0,"ID":10},{"utility":0,"ID":11},{"utility":96,"ID":12},{"utility":77,"ID":13},{"utility":0,"ID":14},{"utility":93,"ID":15},{"utility":0,"ID":16},{"utility":89,"ID":17},{"utility":50,"ID":18},{"utility":0,"ID":19},{"utility":95,"ID":20},{"utility":9,"ID":21},{"utility":37,"ID":22},{"utility":4.333333333333333,"ID":23},{"utility":0,"ID":24},{"utility":0,"ID":25}],"LAST COALITION":[[],[{"utility":0,"ID":10},{"utility":0,"ID":16},{"utility":0,"ID":19},{"utility":4.333333333333333,"ID":23}],[{"utility":0,"ID":11}],[{"utility":0,"ID":14}],[{"utility":77,"ID":7},{"utility":9,"ID":21}],[],[{"utility":0,"ID":8}],[{"utility":50,"ID":18},{"utility":95,"ID":20}],[{"utility":87,"ID":1},{"utility":77,"ID":13}],[{"utility":8,"ID":5},{"utility":93,"ID":15}],[{"utility":0,"ID":25}],[{"utility":64,"ID":2},{"utility":96,"ID":12}],[{"utility":0,"ID":24}],[],[{"utility":97,"ID":3},{"utility":85,"ID":9}],[{"utility":99,"ID":6},{"utility":89,"ID":17}],[{"utility":99,"ID":4},{"utility":37,"ID":22}],[],[],[],[],[],[],[],[],[]],"STARTING COALITION: ":[[null],[{"utility":37.8,"ID":8},{"utility":0,"ID":10},{"utility":17.6,"ID":14},{"utility":2.8,"ID":16},{"utility":5.6,"ID":19},{"utility":2.6,"ID":23}],[{"utility":28,"ID":11},{"utility":40,"ID":13}],[{"utility":0,"ID":7},{"utility":0,"ID":12}],[{"utility":0,"ID":2}],[{"utility":0,"ID":5},{"utility":0,"ID":21}],[{"utility":0,"ID":22}],[{"utility":50,"ID":18},{"utility":95,"ID":20}],[],[],[{"utility":8,"ID":3},{"utility":20,"ID":4},{"utility":9,"ID":25}],[{"utility":64.5,"ID":1},{"utility":40,"ID":9},{"utility":0,"ID":15}],[{"utility":49.5,"ID":6},{"utility":65.5,"ID":17},{"utility":29.5,"ID":24}],[],[],[],[],[],[],[],[],[],[],[],[],[]],"CORE :":false,"LAST PARTITION":{"22":16,"23":1,"24":12,"25":10,"10":1,"11":2,"12":11,"13":8,"14":3,"15":9,"16":1,"17":15,"18":7,"19":1,"1":8,"2":11,"3":14,"4":16,"5":9,"6":15,"7":4,"8":6,"9":14,"20":7,"21":4}},{"STARTING PARTITION: ":{"22":8,"23":1,"24":11,"25":1,"10":12,"11":1,"12":9,"13":5,"14":5,"15":8,"16":6,"17":7,"18":3,"19":12,"1":5,"2":6,"3":1,"4":1,"5":2,"6":12,"7":6,"8":9,"9":9,"20":5,"21":1},"Agents":[null,{"utility":87,"ID":1},{"utility":93,"ID":2},{"utility":97,"ID":3},{"utility":99,"ID":4},{"utility":0,"ID":5},{"utility":99,"ID":6},{"utility":69,"ID":7},{"utility":86,"ID":8},{"utility":85,"ID":9},{"utility":0,"ID":10},{"utility":0,"ID":11},{"utility":0,"ID":12},{"utility":77,"ID":13},{"utility":26,"ID":14},{"utility":43,"ID":15},{"utility":0,"ID":16},{"utility":89,"ID":17},{"utility":45,"ID":18},{"utility":0,"ID":19},{"utility":0,"ID":20},{"utility":36,"ID":21},{"utility":37,"ID":22},{"utility":39,"ID":23},{"utility":0,"ID":24},{"utility":35,"ID":25}],"LAST COALITION":[[],[{"utility":36,"ID":21},{"utility":39,"ID":23},{"utility":35,"ID":25}],[{"utility":99,"ID":6},{"utility":89,"ID":17}],[{"utility":0,"ID":19}],[{"utility":0,"ID":11}],[{"utility":0,"ID":20}],[{"utility":0,"ID":16}],[{"utility":0,"ID":24}],[],[{"utility":0,"ID":12}],[{"utility":87,"ID":1},{"utility":77,"ID":13}],[{"utility":69,"ID":7},{"utility":26,"ID":14}],[{"utility":0,"ID":10}],[{"utility":97,"ID":3},{"utility":85,"ID":9}],[{"utility":93,"ID":2},{"utility":45,"ID":18}],[{"utility":86,"ID":8},{"utility":43,"ID":15}],[{"utility":0,"ID":5}],[{"utility":99,"ID":4},{"utility":37,"ID":22}],[],[],[],[],[],[],[],[]],"STARTING COALITION: ":[[null],[{"utility":3.2,"ID":3},{"utility":49.4,"ID":4},{"utility":28.6,"ID":11},{"utility":32.2,"ID":21},{"utility":41.8,"ID":23},{"utility":31.8,"ID":25}],[{"utility":0,"ID":5}],[{"utility":0,"ID":18}],[],[{"utility":37.666666666666664,"ID":1},{"utility":51.666666666666664,"ID":13},{"utility":25.666666666666668,"ID":14},{"utility":0,"ID":20}],[{"utility":26.5,"ID":2},{"utility":13.5,"ID":7},{"utility":0,"ID":16}],[{"utility":0,"ID":17}],[{"utility":0,"ID":15},{"utility":66,"ID":22}],[{"utility":28,"ID":8},{"utility":48.5,"ID":9},{"utility":0,"ID":12}],[],[{"utility":0,"ID":24}],[{"utility":42,"ID":6},{"utility":0,"ID":10},{"utility":0,"ID":19}],[],[],[],[],[],[],[],[],[],[],[],[],[]],"CORE :":false,"LAST PARTITION":{"22":17,"23":1,"24":7,"25":1,"10":12,"11":4,"12":9,"13":10,"14":11,"15":15,"16":6,"17":2,"18":14,"19":3,"1":10,"2":14,"3":13,"4":17,"5":16,"6":2,"7":11,"8":15,"9":13,"20":5,"21":1}},{"STARTING PARTITION: ":{"22":1,"23":3,"24":10,"25":8,"10":3,"11":1,"12":2,"13":5,"14":5,"15":8,"16":3,"17":2,"18":4,"19":3,"1":4,"2":2,"3":8,"4":10,"5":2,"6":9,"7":11,"8":9,"9":5,"20":9,"21":1},"Agents":[null,{"utility":87,"ID":1},{"utility":93,"ID":2},{"utility":97,"ID":3},{"utility":99,"ID":4},{"utility":8,"ID":5},{"utility":99,"ID":6},{"utility":77,"ID":7},{"utility":85,"ID":8},{"utility":85,"ID":9},{"utility":70,"ID":10},{"utility":0,"ID":11},{"utility":73,"ID":12},{"utility":77,"ID":13},{"utility":48,"ID":14},{"utility":93,"ID":15},{"utility":0,"ID":16},{"utility":89,"ID":17},{"utility":45,"ID":18},{"utility":28,"ID":19},{"utility":3,"ID":20},{"utility":9,"ID":21},{"utility":37,"ID":22},{"utility":0,"ID":23},{"utility":0,"ID":24},{"utility":0,"ID":25}],"LAST COALITION":[[],[{"utility":85,"ID":8},{"utility":28,"ID":19}],[{"utility":70,"ID":10},{"utility":3,"ID":20}],[{"utility":0,"ID":16},{"utility":0,"ID":23}],[],[{"utility":99,"ID":4},{"utility":37,"ID":22}],[{"utility":0,"ID":11}],[{"utility":73,"ID":12},{"utility":48,"ID":14}],[{"utility":0,"ID":25}],[],[{"utility":0,"ID":24}],[{"utility":77,"ID":7},{"utility":9,"ID":21}],[{"utility":87,"ID":1},{"utility":77,"ID":13}],[{"utility":97,"ID":3},{"utility":85,"ID":9}],[{"utility":93,"ID":2},{"utility":45,"ID":18}],[{"utility":8,"ID":5},{"utility":93,"ID":15}],[],[{"utility":99,"ID":6},{"utility":89,"ID":17}],[],[],[],[],[],[],[],[]],"STARTING COALITION: ":[[null],[{"utility":20.5,"ID":11},{"utility":74.5,"ID":21},{"utility":8,"ID":22}],[{"utility":53.333333333333336,"ID":2},{"utility":18,"ID":5},{"utility":57.666666666666664,"ID":12},{"utility":26.666666666666668,"ID":17}],[{"utility":0,"ID":10},{"utility":0,"ID":16},{"utility":0,"ID":19},{"utility":4.333333333333333,"ID":23}],[{"utility":0,"ID":1},{"utility":24,"ID":18}],[{"utility":77.5,"ID":9},{"utility":4.5,"ID":13},{"utility":39.5,"ID":14}],[],[],[{"utility":5,"ID":3},{"utility":39.5,"ID":15},{"utility":47.5,"ID":25}],[{"utility":0,"ID":6},{"utility":61.5,"ID":8},{"utility":0,"ID":20}],[{"utility":56,"ID":4},{"utility":65,"ID":24}],[{"utility":0,"ID":7}],[],[],[],[],[],[],[],[],[],[],[],[],[],[]],"CORE :":false,"LAST PARTITION":{"22":5,"23":3,"24":10,"25":8,"10":2,"11":6,"12":7,"13":12,"14":7,"15":15,"16":3,"17":17,"18":14,"19":1,"1":12,"2":14,"3":13,"4":5,"5":15,"6":17,"7":11,"8":1,"9":13,"20":2,"21":11}},{"STARTING PARTITION: ":{"22":1,"23":4,"24":1,"25":3,"10":2,"11":4,"12":12,"13":8,"14":2,"15":2,"16":11,"17":11,"18":12,"19":10,"1":5,"2":10,"3":1,"4":2,"5":9,"6":4,"7":4,"8":12,"9":11,"20":4,"21":6},"Agents":[null,{"utility":87,"ID":1},{"utility":93,"ID":2},{"utility":97,"ID":3},{"utility":95,"ID":4},{"utility":38,"ID":5},{"utility":0,"ID":6},{"utility":77,"ID":7},{"utility":76,"ID":8},{"utility":85,"ID":9},{"utility":0,"ID":10},{"utility":55.5,"ID":11},{"utility":0,"ID":12},{"utility":77,"ID":13},{"utility":81,"ID":14},{"utility":0,"ID":15},{"utility":0,"ID":16},{"utility":93,"ID":17},{"utility":45,"ID":18},{"utility":0,"ID":19},{"utility":0,"ID":20},{"utility":9,"ID":21},{"utility":83,"ID":22},{"utility":52.5,"ID":23},{"utility":46,"ID":24},{"utility":0,"ID":25}],"LAST COALITION":[[],[{"utility":83,"ID":22},{"utility":46,"ID":24}],[{"utility":0,"ID":10}],[{"utility":0,"ID":25}],[{"utility":55.5,"ID":11},{"utility":0,"ID":20},{"utility":52.5,"ID":23}],[{"utility":87,"ID":1},{"utility":77,"ID":13}],[],[{"utility":0,"ID":19}],[{"utility":97,"ID":3},{"utility":85,"ID":9}],[{"utility":95,"ID":4},{"utility":81,"ID":14}],[{"utility":77,"ID":7},{"utility":9,"ID":21}],[{"utility":0,"ID":16},{"utility":93,"ID":17}],[{"utility":0,"ID":12}],[{"utility":93,"ID":2},{"utility":45,"ID":18}],[{"utility":38,"ID":5},{"utility":76,"ID":8}],[{"utility":0,"ID":6}],[{"utility":0,"ID":15}],[],[],[],[],[],[],[],[],[]],"STARTING COALITION: ":[[null],[{"utility":0,"ID":3},{"utility":56.5,"ID":22},{"utility":53.5,"ID":24}],[{"utility":31.666666666666668,"ID":4},{"utility":30.666666666666668,"ID":10},{"utility":27,"ID":14},{"utility":9.666666666666666,"ID":15}],[{"utility":0,"ID":25}],[{"utility":0,"ID":6},{"utility":31,"ID":7},{"utility":34,"ID":11},{"utility":0.75,"ID":20},{"utility":36,"ID":23}],[{"utility":0,"ID":1}],[{"utility":0,"ID":21}],[],[{"utility":0,"ID":13}],[{"utility":0,"ID":5}],[{"utility":30,"ID":2},{"utility":11,"ID":19}],[{"utility":35.5,"ID":9},{"utility":0,"ID":16},{"utility":46.5,"ID":17}],[{"utility":0,"ID":8},{"utility":43,"ID":12},{"utility":43.5,"ID":18}],[],[],[],[],[],[],[],[],[],[],[],[],[]],"CORE :":false,"LAST PARTITION":{"22":1,"23":4,"24":1,"25":3,"10":2,"11":4,"12":12,"13":5,"14":9,"15":16,"16":11,"17":11,"18":13,"19":7,"1":5,"2":13,"3":8,"4":9,"5":14,"6":15,"7":10,"8":14,"9":8,"20":4,"21":10}},{"STARTING PARTITION: ":{"22":8,"23":4,"24":9,"25":3,"10":12,"11":2,"12":2,"13":5,"14":8,"15":4,"16":8,"17":11,"18":2,"19":8,"1":4,"2":8,"3":9,"4":5,"5":8,"6":6,"7":5,"8":12,"9":8,"20":4,"21":5},"Agents":[null,{"utility":87,"ID":1},{"utility":93,"ID":2},{"utility":97,"ID":3},{"utility":95,"ID":4},{"utility":8,"ID":5},{"utility":99,"ID":6},{"utility":77,"ID":7},{"utility":0,"ID":8},{"utility":85,"ID":9},{"utility":0,"ID":10},{"utility":84,"ID":11},{"utility":39,"ID":12},{"utility":77,"ID":13},{"utility":81,"ID":14},{"utility":93,"ID":15},{"utility":0,"ID":16},{"utility":89,"ID":17},{"utility":45,"ID":18},{"utility":0,"ID":19},{"utility":0,"ID":20},{"utility":9,"ID":21},{"utility":49,"ID":22},{"utility":62,"ID":23},{"utility":0,"ID":24},{"utility":0,"ID":25}],"LAST COALITION":[[],[{"utility":95,"ID":4},{"utility":81,"ID":14}],[{"utility":84,"ID":11},{"utility":39,"ID":12}],[{"utility":0,"ID":25}],[{"utility":0,"ID":20},{"utility":62,"ID":23}],[{"utility":77,"ID":7},{"utility":9,"ID":21}],[{"utility":93,"ID":2},{"utility":45,"ID":18}],[{"utility":87,"ID":1},{"utility":77,"ID":13}],[{"utility":0,"ID":16},{"utility":0,"ID":19},{"utility":49,"ID":22}],[{"utility":0,"ID":24}],[{"utility":97,"ID":3},{"utility":85,"ID":9}],[{"utility":0,"ID":8}],[{"utility":0,"ID":10}],[{"utility":8,"ID":5},{"utility":93,"ID":15}],[],[{"utility":99,"ID":6},{"utility":89,"ID":17}],[],[],[],[],[],[],[],[],[],[]],"STARTING COALITION: ":[[null],[],[{"utility":42,"ID":11},{"utility":62.5,"ID":12},{"utility":1.5,"ID":18}],[{"utility":0,"ID":25}],[{"utility":25,"ID":1},{"utility":0,"ID":15},{"utility":32,"ID":20},{"utility":22.333333333333332,"ID":23}],[{"utility":45.333333333333336,"ID":4},{"utility":34.666666666666664,"ID":7},{"utility":22,"ID":13},{"utility":3,"ID":21}],[{"utility":0,"ID":6}],[],[{"utility":29.166666666666668,"ID":2},{"utility":24.166666666666668,"ID":5},{"utility":17.833333333333332,"ID":9},{"utility":37.666666666666664,"ID":14},{"utility":10.666666666666666,"ID":16},{"utility":1.8333333333333333,"ID":19},{"utility":29.166666666666668,"ID":22}],[{"utility":0,"ID":3},{"utility":61,"ID":24}],[],[{"utility":0,"ID":17}],[{"utility":51,"ID":8},{"utility":0,"ID":10}],[],[],[],[],[],[],[],[],[],[],[],[],[]],"CORE :":false,"LAST PARTITION":{"22":8,"23":4,"24":9,"25":3,"10":12,"11":2,"12":2,"13":7,"14":1,"15":13,"16":8,"17":15,"18":6,"19":8,"1":7,"2":6,"3":10,"4":1,"5":13,"6":15,"7":5,"8":11,"9":10,"20":4,"21":5}},{"STARTING PARTITION: ":{"22":3,"23":10,"24":11,"25":2,"10":11,"11":12,"12":8,"13":12,"14":12,"15":5,"16":1,"17":2,"18":12,"19":7,"1":8,"2":9,"3":3,"4":7,"5":3,"6":3,"7":4,"8":9,"9":6,"20":8,"21":1},"Agents":[null,{"utility":87,"ID":1},{"utility":93,"ID":2},{"utility":97,"ID":3},{"utility":99,"ID":4},{"utility":0,"ID":5},{"utility":99,"ID":6},{"utility":51,"ID":7},{"utility":86,"ID":8},{"utility":85,"ID":9},{"utility":0,"ID":10},{"utility":49,"ID":11},{"utility":68,"ID":12},{"utility":77,"ID":13},{"utility":95,"ID":14},{"utility":43,"ID":15},{"utility":16,"ID":16},{"utility":89,"ID":17},{"utility":45,"ID":18},{"utility":0,"ID":19},{"utility":15,"ID":20},{"utility":63,"ID":21},{"utility":37,"ID":22},{"utility":0,"ID":23},{"utility":10,"ID":24},{"utility":0,"ID":25}],"LAST COALITION":[[],[{"utility":16,"ID":16},{"utility":63,"ID":21}],[{"utility":0,"ID":25}],[{"utility":0,"ID":5}],[{"utility":51,"ID":7},{"utility":10,"ID":24}],[],[{"utility":87,"ID":1},{"utility":77,"ID":13}],[{"utility":86,"ID":8},{"utility":43,"ID":15}],[{"utility":68,"ID":12},{"utility":15,"ID":20}],[{"utility":99,"ID":6},{"utility":89,"ID":17}],[{"utility":0,"ID":23}],[{"utility":0,"ID":10}],[{"utility":49,"ID":11},{"utility":95,"ID":14}],[{"utility":0,"ID":19}],[{"utility":97,"ID":3},{"utility":85,"ID":9}],[{"utility":93,"ID":2},{"utility":45,"ID":18}],[{"utility":99,"ID":4},{"utility":37,"ID":22}],[],[],[],[],[],[],[],[],[]],"STARTING COALITION: ":[[null],[{"utility":16,"ID":16},{"utility":63,"ID":21}],[{"utility":0,"ID":17},{"utility":74,"ID":25}],[{"utility":24.333333333333332,"ID":3},{"utility":25.666666666666668,"ID":5},{"utility":33.333333333333336,"ID":6},{"utility":35.666666666666664,"ID":22}],[{"utility":0,"ID":7}],[{"utility":0,"ID":15}],[{"utility":0,"ID":9}],[{"utility":0,"ID":4},{"utility":0,"ID":19}],[{"utility":46,"ID":1},{"utility":34,"ID":12},{"utility":7.5,"ID":20}],[{"utility":88,"ID":2},{"utility":49,"ID":8}],[{"utility":0,"ID":23}],[{"utility":23,"ID":10},{"utility":0,"ID":24}],[{"utility":25.666666666666668,"ID":11},{"utility":16.333333333333332,"ID":13},{"utility":31.666666666666668,"ID":14},{"utility":7.666666666666667,"ID":18}],[],[],[],[],[],[],[],[],[],[],[],[],[]],"CORE :":false,"LAST PARTITION":{"22":16,"23":10,"24":4,"25":2,"10":11,"11":12,"12":8,"13":6,"14":12,"15":7,"16":1,"17":9,"18":15,"19":13,"1":6,"2":15,"3":14,"4":16,"5":3,"6":9,"7":4,"8":7,"9":14,"20":8,"21":1}},{"STARTING PARTITION: ":{"22":12,"23":1,"24":2,"25":4,"10":4,"11":2,"12":9,"13":6,"14":12,"15":1,"16":9,"17":12,"18":3,"19":8,"1":7,"2":6,"3":2,"4":12,"5":3,"6":1,"7":1,"8":1,"9":3,"20":11,"21":6},"Agents":[null,{"utility":87,"ID":1},{"utility":93,"ID":2},{"utility":97,"ID":3},{"utility":99,"ID":4},{"utility":8,"ID":5},{"utility":99,"ID":6},{"utility":77,"ID":7},{"utility":0,"ID":8},{"utility":85,"ID":9},{"utility":0,"ID":10},{"utility":4,"ID":11},{"utility":2,"ID":12},{"utility":77,"ID":13},{"utility":0,"ID":14},{"utility":93,"ID":15},{"utility":0,"ID":16},{"utility":89,"ID":17},{"utility":45,"ID":18},{"utility":0,"ID":19},{"utility":0,"ID":20},{"utility":9,"ID":21},{"utility":37,"ID":22},{"utility":0,"ID":23},{"utility":3,"ID":24},{"utility":81,"ID":25}],"LAST COALITION":[[],[{"utility":0,"ID":23}],[{"utility":4,"ID":11},{"utility":3,"ID":24}],[{"utility":99,"ID":6},{"utility":89,"ID":17}],[{"utility":0,"ID":10},{"utility":81,"ID":25}],[{"utility":77,"ID":7},{"utility":9,"ID":21}],[{"utility":0,"ID":8}],[{"utility":87,"ID":1},{"utility":77,"ID":13}],[{"utility":0,"ID":19}],[{"utility":2,"ID":12},{"utility":0,"ID":16}],[{"utility":97,"ID":3},{"utility":85,"ID":9}],[{"utility":0,"ID":20}],[{"utility":0,"ID":14}],[{"utility":93,"ID":2},{"utility":45,"ID":18}],[{"utility":8,"ID":5},{"utility":93,"ID":15}],[{"utility":99,"ID":4},{"utility":37,"ID":22}],[],[],[],[],[],[],[],[],[],[]],"STARTING COALITION: ":[[null],[{"utility":0,"ID":6},{"utility":45.75,"ID":7},{"utility":47.75,"ID":8},{"utility":15.75,"ID":15},{"utility":11,"ID":23}],[{"utility":0,"ID":3},{"utility":22.5,"ID":11},{"utility":32,"ID":24}],[{"utility":76.5,"ID":5},{"utility":32.5,"ID":9},{"utility":0,"ID":18}],[{"utility":0,"ID":10},{"utility":81,"ID":25}],[],[{"utility":12,"ID":2},{"utility":0,"ID":13},{"utility":6.5,"ID":21}],[{"utility":0,"ID":1}],[{"utility":0,"ID":19}],[{"utility":2,"ID":12},{"utility":0,"ID":16}],[],[{"utility":0,"ID":20}],[{"utility":68.33333333333333,"ID":4},{"utility":27,"ID":14},{"utility":61.666666666666664,"ID":17},{"utility":12.333333333333334,"ID":22}],[],[],[],[],[],[],[],[],[],[],[],[],[]],"CORE :":false,"LAST PARTITION":{"22":15,"23":1,"24":2,"25":4,"10":4,"11":2,"12":9,"13":7,"14":12,"15":14,"16":9,"17":3,"18":13,"19":8,"1":7,"2":13,"3":10,"4":15,"5":14,"6":3,"7":5,"8":6,"9":10,"20":11,"21":5}},{"STARTING PARTITION: ":{"22":9,"23":3,"24":12,"25":3,"10":12,"11":5,"12":7,"13":2,"14":3,"15":6,"16":7,"17":10,"18":3,"19":8,"1":6,"2":12,"3":8,"4":8,"5":12,"6":5,"7":12,"8":9,"9":11,"20":2,"21":2},"Agents":[null,{"utility":87,"ID":1},{"utility":93,"ID":2},{"utility":97,"ID":3},{"utility":99,"ID":4},{"utility":38,"ID":5},{"utility":99,"ID":6},{"utility":51,"ID":7},{"utility":76,"ID":8},{"utility":85,"ID":9},{"utility":0,"ID":10},{"utility":0,"ID":11},{"utility":73,"ID":12},{"utility":77,"ID":13},{"utility":48,"ID":14},{"utility":0,"ID":15},{"utility":0,"ID":16},{"utility":89,"ID":17},{"utility":45,"ID":18},{"utility":0,"ID":19},{"utility":93,"ID":20},{"utility":49,"ID":21},{"utility":37,"ID":22},{"utility":0,"ID":23},{"utility":10,"ID":24},{"utility":5,"ID":25}],"LAST COALITION":[[],[{"utility":87,"ID":1},{"utility":77,"ID":13}],[{"utility":93,"ID":20},{"utility":49,"ID":21}],[{"utility":0,"ID":23},{"utility":5,"ID":25}],[{"utility":97,"ID":3},{"utility":85,"ID":9}],[],[{"utility":0,"ID":10}],[{"utility":0,"ID":16}],[{"utility":51,"ID":7},{"utility":10,"ID":24}],[{"utility":0,"ID":11}],[{"utility":0,"ID":15}],[{"utility":73,"ID":12},{"utility":48,"ID":14}],[{"utility":38,"ID":5},{"utility":76,"ID":8}],[{"utility":93,"ID":2},{"utility":45,"ID":18}],[{"utility":99,"ID":4},{"utility":37,"ID":22}],[{"utility":0,"ID":19}],[{"utility":99,"ID":6},{"utility":89,"ID":17}],[],[],[],[],[],[],[],[],[]],"STARTING COALITION: ":[[null],[],[{"utility":34.5,"ID":13},{"utility":46.5,"ID":20},{"utility":24.5,"ID":21}],[{"utility":0,"ID":14},{"utility":10,"ID":18},{"utility":10.666666666666666,"ID":23},{"utility":1.6666666666666667,"ID":25}],[],[{"utility":0,"ID":6},{"utility":0,"ID":11}],[{"utility":72,"ID":1},{"utility":0,"ID":15}],[{"utility":2,"ID":12},{"utility":0,"ID":16}],[{"utility":8,"ID":3},{"utility":20,"ID":4},{"utility":0.5,"ID":19}],[{"utility":0,"ID":8},{"utility":0,"ID":22}],[{"utility":0,"ID":17}],[{"utility":0,"ID":9}],[{"utility":2.75,"ID":2},{"utility":32,"ID":5},{"utility":19.5,"ID":7},{"utility":26.5,"ID":10},{"utility":18.25,"ID":24}],[],[],[],[],[],[],[],[],[],[],[],[],[]],"CORE :":false,"LAST PARTITION":{"22":14,"23":3,"24":8,"25":3,"10":6,"11":9,"12":11,"13":1,"14":11,"15":10,"16":7,"17":16,"18":13,"19":15,"1":1,"2":13,"3":4,"4":14,"5":12,"6":16,"7":8,"8":12,"9":4,"20":2,"21":2}},{"STARTING PARTITION: ":{"22":4,"23":9,"24":6,"25":9,"10":3,"11":6,"12":8,"13":3,"14":4,"15":7,"16":7,"17":2,"18":10,"19":1,"1":7,"2":11,"3":12,"4":6,"5":8,"6":6,"7":2,"8":9,"9":2,"20":8,"21":7},"Agents":[null,{"utility":87,"ID":1},{"utility":93,"ID":2},{"utility":97,"ID":3},{"utility":99,"ID":4},{"utility":8,"ID":5},{"utility":99,"ID":6},{"utility":69,"ID":7},{"utility":0,"ID":8},{"utility":85,"ID":9},{"utility":0,"ID":10},{"utility":4,"ID":11},{"utility":68,"ID":12},{"utility":77,"ID":13},{"utility":26,"ID":14},{"utility":93,"ID":15},{"utility":16,"ID":16},{"utility":89,"ID":17},{"utility":45,"ID":18},{"utility":0,"ID":19},{"utility":15,"ID":20},{"utility":63,"ID":21},{"utility":37,"ID":22},{"utility":0,"ID":23},{"utility":3,"ID":24},{"utility":5,"ID":25}],"LAST COALITION":[[],[{"utility":0,"ID":19}],[{"utility":0,"ID":8}],[{"utility":0,"ID":10}],[],[{"utility":8,"ID":5},{"utility":93,"ID":15}],[{"utility":4,"ID":11},{"utility":3,"ID":24}],[{"utility":16,"ID":16},{"utility":63,"ID":21}],[{"utility":68,"ID":12},{"utility":15,"ID":20}],[{"utility":0,"ID":23},{"utility":5,"ID":25}],[{"utility":69,"ID":7},{"utility":26,"ID":14}],[{"utility":93,"ID":2},{"utility":45,"ID":18}],[{"utility":97,"ID":3},{"utility":85,"ID":9}],[{"utility":87,"ID":1},{"utility":77,"ID":13}],[{"utility":99,"ID":4},{"utility":37,"ID":22}],[{"utility":99,"ID":6},{"utility":89,"ID":17}],[],[],[],[],[],[],[],[],[],[]],"STARTING COALITION: ":[[null],[{"utility":0,"ID":19}],[{"utility":0,"ID":7},{"utility":35.5,"ID":9},{"utility":0,"ID":17}],[{"utility":11,"ID":10},{"utility":1,"ID":13}],[{"utility":0,"ID":14},{"utility":0,"ID":22}],[],[{"utility":45.666666666666664,"ID":4},{"utility":0,"ID":6},{"utility":1.3333333333333333,"ID":11},{"utility":42.333333333333336,"ID":24}],[{"utility":41.666666666666664,"ID":1},{"utility":15,"ID":15},{"utility":17,"ID":16},{"utility":68.66666666666667,"ID":21}],[{"utility":27,"ID":5},{"utility":34,"ID":12},{"utility":32.5,"ID":20}],[{"utility":12,"ID":8},{"utility":0,"ID":23},{"utility":2.5,"ID":25}],[{"utility":0,"ID":18}],[{"utility":0,"ID":2}],[{"utility":0,"ID":3}],[],[],[],[],[],[],[],[],[],[],[],[],[]],"CORE :":false,"LAST PARTITION":{"22":14,"23":9,"24":6,"25":9,"10":3,"11":6,"12":8,"13":13,"14":10,"15":5,"16":7,"17":15,"18":11,"19":1,"1":13,"2":11,"3":12,"4":14,"5":5,"6":15,"7":10,"8":2,"9":12,"20":8,"21":7}},{"STARTING PARTITION: ":{"22":7,"23":4,"24":7,"25":6,"10":9,"11":10,"12":12,"13":2,"14":8,"15":7,"16":10,"17":11,"18":5,"19":4,"1":6,"2":5,"3":4,"4":5,"5":9,"6":9,"7":12,"8":12,"9":6,"20":12,"21":4},"Agents":[null,{"utility":87,"ID":1},{"utility":93,"ID":2},{"utility":97,"ID":3},{"utility":95,"ID":4},{"utility":8,"ID":5},{"utility":99,"ID":6},{"utility":77,"ID":7},{"utility":0,"ID":8},{"utility":85,"ID":9},{"utility":0,"ID":10},{"utility":42,"ID":11},{"utility":68,"ID":12},{"utility":77,"ID":13},{"utility":81,"ID":14},{"utility":93,"ID":15},{"utility":95,"ID":16},{"utility":89,"ID":17},{"utility":45,"ID":18},{"utility":0,"ID":19},{"utility":15,"ID":20},{"utility":9,"ID":21},{"utility":83,"ID":22},{"utility":0,"ID":23},{"utility":46,"ID":24},{"utility":0,"ID":25}],"LAST COALITION":[[],[{"utility":0,"ID":10}],[{"utility":97,"ID":3},{"utility":85,"ID":9}],[{"utility":87,"ID":1},{"utility":77,"ID":13}],[{"utility":0,"ID":23}],[{"utility":0,"ID":19}],[{"utility":0,"ID":25}],[{"utility":83,"ID":22},{"utility":46,"ID":24}],[],[{"utility":95,"ID":4},{"utility":81,"ID":14}],[{"utility":42,"ID":11},{"utility":95,"ID":16}],[{"utility":77,"ID":7},{"utility":9,"ID":21}],[{"utility":68,"ID":12},{"utility":15,"ID":20}],[{"utility":93,"ID":2},{"utility":45,"ID":18}],[{"utility":99,"ID":6},{"utility":89,"ID":17}],[{"utility":0,"ID":8}],[{"utility":8,"ID":5},{"utility":93,"ID":15}],[],[],[],[],[],[],[],[],[]],"STARTING COALITION: ":[[null],[],[{"utility":0,"ID":13}],[],[{"utility":0,"ID":3},{"utility":7.333333333333333,"ID":19},{"utility":10,"ID":21},{"utility":55.333333333333336,"ID":23}],[{"utility":46.5,"ID":2},{"utility":46.5,"ID":4},{"utility":22.5,"ID":18}],[{"utility":28.5,"ID":1},{"utility":56.5,"ID":9},{"utility":0,"ID":25}],[{"utility":0,"ID":15},{"utility":74.5,"ID":22},{"utility":64.5,"ID":24}],[{"utility":0,"ID":14}],[{"utility":66,"ID":5},{"utility":13,"ID":6},{"utility":0,"ID":10}],[{"utility":42,"ID":11},{"utility":95,"ID":16}],[{"utility":0,"ID":17}],[{"utility":19.666666666666668,"ID":7},{"utility":12,"ID":8},{"utility":22.666666666666668,"ID":12},{"utility":6,"ID":20}],[],[],[],[],[],[],[],[],[],[],[],[],[]],"CORE :":false,"LAST PARTITION":{"22":7,"23":4,"24":7,"25":6,"10":1,"11":10,"12":12,"13":3,"14":9,"15":16,"16":10,"17":14,"18":13,"19":5,"1":3,"2":13,"3":2,"4":9,"5":16,"6":14,"7":11,"8":15,"9":2,"20":12,"21":11}},{"STARTING PARTITION: ":{"22":11,"23":12,"24":1,"25":5,"10":7,"11":1,"12":8,"13":12,"14":2,"15":12,"16":10,"17":11,"18":5,"19":5,"1":3,"2":8,"3":4,"4":3,"5":10,"6":5,"7":7,"8":6,"9":3,"20":5,"21":6},"Agents":[null,{"utility":87,"ID":1},{"utility":93,"ID":2},{"utility":97,"ID":3},{"utility":99,"ID":4},{"utility":0,"ID":5},{"utility":99,"ID":6},{"utility":77,"ID":7},{"utility":86,"ID":8},{"utility":85,"ID":9},{"utility":0,"ID":10},{"utility":4,"ID":11},{"utility":0,"ID":12},{"utility":77,"ID":13},{"utility":0,"ID":14},{"utility":43,"ID":15},{"utility":0,"ID":16},{"utility":89,"ID":17},{"utility":45,"ID":18},{"utility":0,"ID":19},{"utility":54,"ID":20},{"utility":9,"ID":21},{"utility":37,"ID":22},{"utility":0,"ID":23},{"utility":3,"ID":24},{"utility":43,"ID":25}],"LAST COALITION":[[],[{"utility":4,"ID":11},{"utility":3,"ID":24}],[{"utility":99,"ID":4},{"utility":37,"ID":22}],[{"utility":0,"ID":14}],[{"utility":97,"ID":3},{"utility":85,"ID":9}],[{"utility":0,"ID":19},{"utility":54,"ID":20},{"utility":43,"ID":25}],[{"utility":86,"ID":8},{"utility":43,"ID":15}],[{"utility":0,"ID":10}],[{"utility":0,"ID":12}],[{"utility":99,"ID":6},{"utility":89,"ID":17}],[{"utility":0,"ID":16}],[{"utility":77,"ID":7},{"utility":9,"ID":21}],[{"utility":0,"ID":23}],[{"utility":87,"ID":1},{"utility":77,"ID":13}],[],[{"utility":93,"ID":2},{"utility":45,"ID":18}],[{"utility":0,"ID":5}],[],[],[],[],[],[],[],[],[]],"STARTING COALITION: ":[[null],[{"utility":4,"ID":11},{"utility":3,"ID":24}],[{"utility":0,"ID":14}],[{"utility":28.5,"ID":1},{"utility":38.5,"ID":4},{"utility":34,"ID":9}],[{"utility":0,"ID":3}],[{"utility":14.5,"ID":6},{"utility":29.5,"ID":18},{"utility":0,"ID":19},{"utility":50.75,"ID":20},{"utility":21.5,"ID":25}],[{"utility":0,"ID":8},{"utility":0,"ID":21}],[{"utility":0,"ID":7},{"utility":0,"ID":10}],[{"utility":64,"ID":2},{"utility":96,"ID":12}],[],[{"utility":0,"ID":5},{"utility":64,"ID":16}],[{"utility":96,"ID":17},{"utility":0,"ID":22}],[{"utility":37.5,"ID":13},{"utility":0,"ID":15},{"utility":11.5,"ID":23}],[],[],[],[],[],[],[],[],[],[],[],[],[]],"CORE :":false,"LAST PARTITION":{"22":2,"23":12,"24":1,"25":5,"10":7,"11":1,"12":8,"13":13,"14":3,"15":6,"16":10,"17":9,"18":15,"19":5,"1":13,"2":15,"3":4,"4":2,"5":16,"6":9,"7":11,"8":6,"9":4,"20":5,"21":11}},{"END OF FILE:" : true}]