[{"STARTING PARTITION: ":{"22":7,"23":10,"24":11,"25":6,"10":2,"11":6,"12":4,"13":11,"14":3,"15":1,"16":8,"17":7,"18":7,"19":6,"1":3,"2":11,"3":1,"4":12,"5":8,"6":6,"7":7,"8":12,"9":4,"20":10,"21":11},"Agents":[null,{"utility":99,"ID":1},{"utility":10,"ID":2},{"utility":0,"ID":3},{"utility":22,"ID":4},{"utility":0,"ID":5},{"utility":0,"ID":6},{"utility":0,"ID":7},{"utility":47,"ID":8},{"utility":83,"ID":9},{"utility":0,"ID":10},{"utility":23,"ID":11},{"utility":0,"ID":12},{"utility":4,"ID":13},{"utility":57,"ID":14},{"utility":0,"ID":15},{"utility":0,"ID":16},{"utility":0,"ID":17},{"utility":89,"ID":18},{"utility":74,"ID":19},{"utility":25,"ID":20},{"utility":49,"ID":21},{"utility":41,"ID":22},{"utility":0,"ID":23},{"utility":29,"ID":24},{"utility":26.5,"ID":25}],"LAST COALITION":[[],[{"utility":0,"ID":15}],[{"utility":0,"ID":10}],[{"utility":10,"ID":2},{"utility":74,"ID":19}],[{"utility":0,"ID":12}],[{"utility":47,"ID":8},{"utility":89,"ID":18}],[{"utility":0,"ID":6},{"utility":23,"ID":11},{"utility":26.5,"ID":25}],[{"utility":0,"ID":7},{"utility":0,"ID":17}],[{"utility":0,"ID":16}],[{"utility":99,"ID":1},{"utility":41,"ID":22}],[{"utility":25,"ID":20},{"utility":0,"ID":23}],[],[{"utility":22,"ID":4},{"utility":29,"ID":24}],[{"utility":0,"ID":3}],[{"utility":0,"ID":5}],[{"utility":4,"ID":13},{"utility":57,"ID":14}],[{"utility":83,"ID":9},{"utility":49,"ID":21}],[],[],[],[],[],[],[],[],[]],"STARTING COALITION: ":[[null],[{"utility":0,"ID":3},{"utility":0,"ID":15}],[{"utility":0,"ID":10}],[{"utility":41,"ID":1},{"utility":0,"ID":14}],[{"utility":0,"ID":9},{"utility":0,"ID":12}],[],[{"utility":0,"ID":6},{"utility":34.666666666666664,"ID":11},{"utility":0,"ID":19},{"utility":17.666666666666668,"ID":25}],[{"utility":26.666666666666668,"ID":7},{"utility":0.6666666666666666,"ID":17},{"utility":2.3333333333333335,"ID":18},{"utility":22.666666666666668,"ID":22}],[{"utility":2,"ID":5},{"utility":0,"ID":16}],[],[{"utility":25,"ID":20},{"utility":0,"ID":23}],[{"utility":10,"ID":2},{"utility":0,"ID":13},{"utility":18,"ID":21},{"utility":20.666666666666668,"ID":24}],[{"utility":0,"ID":4},{"utility":0,"ID":8}],[],[],[],[],[],[],[],[],[],[],[],[],[]],"CORE :":true,"LAST PARTITION":{"22":9,"23":10,"24":12,"25":6,"10":2,"11":6,"12":4,"13":15,"14":15,"15":1,"16":8,"17":7,"18":5,"19":3,"1":9,"2":3,"3":13,"4":12,"5":14,"6":6,"7":7,"8":5,"9":16,"20":10,"21":16}},{"STARTING PARTITION: ":{"22":6,"23":12,"24":7,"25":1,"10":6,"11":5,"12":5,"13":6,"14":5,"15":3,"16":1,"17":6,"18":2,"19":2,"1":9,"2":10,"3":12,"4":11,"5":7,"6":11,"7":5,"8":8,"9":12,"20":5,"21":12},"Agents":[null,{"utility":99,"ID":1},{"utility":10,"ID":2},{"utility":0,"ID":3},{"utility":22,"ID":4},{"utility":0,"ID":5},{"utility":0,"ID":6},{"utility":0,"ID":7},{"utility":47,"ID":8},{"utility":83,"ID":9},{"utility":0,"ID":10},{"utility":21.666666666666668,"ID":11},{"utility":0,"ID":12},{"utility":4,"ID":13},{"utility":57,"ID":14},{"utility":0,"ID":15},{"utility":82,"ID":16},{"utility":0,"ID":17},{"utility":89,"ID":18},{"utility":74,"ID":19},{"utility":0,"ID":20},{"utility":49,"ID":21},{"utility":41,"ID":22},{"utility":0,"ID":23},{"utility":29,"ID":24},{"utility":0,"ID":25}],"LAST COALITION":[[],[{"utility":82,"ID":16},{"utility":0,"ID":25}],[{"utility":0,"ID":5}],[{"utility":0,"ID":15}],[{"utility":47,"ID":8},{"utility":89,"ID":18}],[{"utility":0,"ID":7},{"utility":21.666666666666668,"ID":11},{"utility":0,"ID":12},{"utility":0,"ID":20}],[{"utility":0,"ID":10},{"utility":0,"ID":17}],[{"utility":0,"ID":3}],[{"utility":22,"ID":4},{"utility":29,"ID":24}],[{"utility":99,"ID":1},{"utility":41,"ID":22}],[{"utility":83,"ID":9},{"utility":49,"ID":21}],[{"utility":0,"ID":6}],[{"utility":0,"ID":23}],[{"utility":4,"ID":13},{"utility":57,"ID":14}],[{"utility":10,"ID":2},{"utility":74,"ID":19}],[],[],[],[],[],[],[],[],[],[],[]],"STARTING COALITION: ":[[null],[{"utility":82,"ID":16},{"utility":0,"ID":25}],[{"utility":0,"ID":18},{"utility":34,"ID":19}],[{"utility":0,"ID":15}],[],[{"utility":24.25,"ID":7},{"utility":16.25,"ID":11},{"utility":14.5,"ID":12},{"utility":2.25,"ID":14},{"utility":0,"ID":20}],[{"utility":21.333333333333332,"ID":10},{"utility":0,"ID":13},{"utility":0.6666666666666666,"ID":17},{"utility":0,"ID":22}],[{"utility":0,"ID":5},{"utility":0,"ID":24}],[{"utility":0,"ID":8}],[{"utility":0,"ID":1}],[{"utility":0,"ID":2}],[{"utility":0,"ID":4},{"utility":0,"ID":6}],[{"utility":0,"ID":3},{"utility":27.666666666666668,"ID":9},{"utility":16.333333333333332,"ID":21},{"utility":22.666666666666668,"ID":23}],[],[],[],[],[],[],[],[],[],[],[],[],[]],"CORE :":true,"LAST PARTITION":{"22":9,"23":12,"24":8,"25":1,"10":6,"11":5,"12":5,"13":13,"14":13,"15":3,"16":1,"17":6,"18":4,"19":14,"1":9,"2":14,"3":7,"4":8,"5":2,"6":11,"7":5,"8":4,"9":10,"20":5,"21":10}},{"STARTING PARTITION: ":{"22":4,"23":12,"24":6,"25":6,"10":10,"11":9,"12":1,"13":5,"14":8,"15":6,"16":10,"17":3,"18":7,"19":7,"1":11,"2":7,"3":2,"4":2,"5":5,"6":6,"7":8,"8":10,"9":1,"20":10,"21":5},"Agents":[null,{"utility":99,"ID":1},{"utility":10,"ID":2},{"utility":83,"ID":3},{"utility":22,"ID":4},{"utility":0,"ID":5},{"utility":0,"ID":6},{"utility":0,"ID":7},{"utility":47,"ID":8},{"utility":83,"ID":9},{"utility":0,"ID":10},{"utility":6,"ID":11},{"utility":0,"ID":12},{"utility":4,"ID":13},{"utility":57,"ID":14},{"utility":0,"ID":15},{"utility":0,"ID":16},{"utility":0,"ID":17},{"utility":89,"ID":18},{"utility":74,"ID":19},{"utility":37.5,"ID":20},{"utility":49,"ID":21},{"utility":41,"ID":22},{"utility":0,"ID":23},{"utility":29,"ID":24},{"utility":26.5,"ID":25}],"LAST COALITION":[[],[{"utility":0,"ID":12}],[{"utility":0,"ID":5}],[{"utility":0,"ID":17}],[{"utility":4,"ID":13},{"utility":57,"ID":14}],[],[{"utility":0,"ID":6},{"utility":0,"ID":15},{"utility":26.5,"ID":25}],[{"utility":47,"ID":8},{"utility":89,"ID":18}],[{"utility":0,"ID":7}],[{"utility":83,"ID":9},{"utility":49,"ID":21}],[{"utility":0,"ID":10},{"utility":0,"ID":16},{"utility":37.5,"ID":20}],[{"utility":99,"ID":1},{"utility":41,"ID":22}],[{"utility":0,"ID":23}],[{"utility":22,"ID":4},{"utility":29,"ID":24}],[{"utility":83,"ID":3},{"utility":6,"ID":11}],[],[{"utility":10,"ID":2},{"utility":74,"ID":19}],[],[],[],[],[],[],[],[],[]],"STARTING COALITION: ":[[null],[{"utility":0,"ID":9},{"utility":0,"ID":12}],[{"utility":0,"ID":3},{"utility":0,"ID":4}],[{"utility":0,"ID":17}],[{"utility":0,"ID":22}],[{"utility":0,"ID":5},{"utility":0,"ID":13},{"utility":47,"ID":21}],[{"utility":0,"ID":6},{"utility":0,"ID":15},{"utility":10,"ID":24},{"utility":17.666666666666668,"ID":25}],[{"utility":5,"ID":2},{"utility":0,"ID":18},{"utility":54,"ID":19}],[{"utility":97,"ID":7},{"utility":0,"ID":14}],[{"utility":0,"ID":11}],[{"utility":0,"ID":8},{"utility":0,"ID":10},{"utility":31.333333333333332,"ID":16},{"utility":25,"ID":20}],[{"utility":0,"ID":1}],[{"utility":0,"ID":23}],[],[],[],[],[],[],[],[],[],[],[],[],[]],"CORE :":true,"LAST PARTITION":{"22":11,"23":12,"24":13,"25":6,"10":10,"11":14,"12":1,"13":4,"14":4,"15":6,"16":10,"17":3,"18":7,"19":16,"1":11,"2":16,"3":14,"4":13,"5":2,"6":6,"7":8,"8":7,"9":9,"20":10,"21":9}},{"STARTING PARTITION: ":{"22":9,"23":11,"24":6,"25":7,"10":10,"11":8,"12":7,"13":3,"14":6,"15":9,"16":12,"17":11,"18":12,"19":3,"1":9,"2":12,"3":1,"4":1,"5":1,"6":4,"7":2,"8":11,"9":8,"20":5,"21":4},"Agents":[null,{"utility":80,"ID":1},{"utility":10,"ID":2},{"utility":83,"ID":3},{"utility":22,"ID":4},{"utility":72,"ID":5},{"utility":0,"ID":6},{"utility":0,"ID":7},{"utility":47,"ID":8},{"utility":83,"ID":9},{"utility":0,"ID":10},{"utility":6,"ID":11},{"utility":0,"ID":12},{"utility":4,"ID":13},{"utility":57,"ID":14},{"utility":0,"ID":15},{"utility":0,"ID":16},{"utility":0,"ID":17},{"utility":89,"ID":18},{"utility":74,"ID":19},{"utility":0,"ID":20},{"utility":49,"ID":21},{"utility":99,"ID":22},{"utility":60,"ID":23},{"utility":29,"ID":24},{"utility":0,"ID":25}],"LAST COALITION":[[],[{"utility":4,"ID":13},{"utility":57,"ID":14}],[{"utility":0,"ID":7}],[{"utility":83,"ID":3},{"utility":6,"ID":11}],[{"utility":0,"ID":6}],[{"utility":0,"ID":20}],[{"utility":10,"ID":2},{"utility":74,"ID":19}],[{"utility":0,"ID":12}],[{"utility":83,"ID":9},{"utility":49,"ID":21}],[{"utility":0,"ID":15},{"utility":99,"ID":22}],[{"utility":0,"ID":10}],[{"utility":0,"ID":17},{"utility":60,"ID":23}],[{"utility":0,"ID":16}],[{"utility":22,"ID":4},{"utility":29,"ID":24}],[{"utility":47,"ID":8},{"utility":89,"ID":18}],[{"utility":0,"ID":25}],[],[],[{"utility":80,"ID":1},{"utility":72,"ID":5}],[],[],[],[],[],[],[]],"STARTING COALITION: ":[[null],[{"utility":0,"ID":3},{"utility":0,"ID":4},{"utility":18,"ID":5}],[{"utility":0,"ID":7}],[{"utility":39,"ID":13},{"utility":0,"ID":19}],[{"utility":0,"ID":6},{"utility":0,"ID":21}],[{"utility":0,"ID":20}],[{"utility":0,"ID":14},{"utility":0,"ID":24}],[{"utility":0,"ID":12},{"utility":0,"ID":25}],[{"utility":31,"ID":9},{"utility":0,"ID":11}],[{"utility":49.5,"ID":1},{"utility":48.5,"ID":15},{"utility":70,"ID":22}],[{"utility":0,"ID":10}],[{"utility":41,"ID":8},{"utility":0,"ID":17},{"utility":76.5,"ID":23}],[{"utility":0,"ID":2},{"utility":0,"ID":16},{"utility":0,"ID":18}],[],[],[],[],[],[],[],[],[],[],[],[],[]],"CORE :":true,"LAST PARTITION":{"22":9,"23":11,"24":13,"25":15,"10":10,"11":3,"12":7,"13":1,"14":1,"15":9,"16":12,"17":11,"18":14,"19":6,"1":18,"2":6,"3":3,"4":13,"5":18,"6":4,"7":2,"8":14,"9":8,"20":5,"21":8}},{"STARTING PARTITION: ":{"22":7,"23":3,"24":9,"25":2,"10":9,"11":9,"12":8,"13":6,"14":9,"15":4,"16":5,"17":4,"18":1,"19":5,"1":11,"2":3,"3":12,"4":10,"5":4,"6":2,"7":4,"8":5,"9":2,"20":5,"21":8},"Agents":[null,{"utility":99,"ID":1},{"utility":10,"ID":2},{"utility":83,"ID":3},{"utility":22,"ID":4},{"utility":0,"ID":5},{"utility":0,"ID":6},{"utility":0,"ID":7},{"utility":47,"ID":8},{"utility":83,"ID":9},{"utility":0,"ID":10},{"utility":6,"ID":11},{"utility":0,"ID":12},{"utility":4,"ID":13},{"utility":57,"ID":14},{"utility":13,"ID":15},{"utility":0,"ID":16},{"utility":0,"ID":17},{"utility":89,"ID":18},{"utility":74,"ID":19},{"utility":4,"ID":20},{"utility":49,"ID":21},{"utility":41,"ID":22},{"utility":0,"ID":23},{"utility":29,"ID":24},{"utility":53,"ID":25}],"LAST COALITION":[[],[{"utility":0,"ID":5}],[{"utility":0,"ID":6},{"utility":53,"ID":25}],[{"utility":0,"ID":23}],[{"utility":0,"ID":7},{"utility":13,"ID":15},{"utility":0,"ID":17}],[{"utility":0,"ID":16},{"utility":4,"ID":20}],[{"utility":83,"ID":3},{"utility":6,"ID":11}],[{"utility":83,"ID":9},{"utility":49,"ID":21}],[{"utility":0,"ID":12}],[{"utility":0,"ID":10}],[{"utility":47,"ID":8},{"utility":89,"ID":18}],[{"utility":99,"ID":1},{"utility":41,"ID":22}],[{"utility":4,"ID":13},{"utility":57,"ID":14}],[{"utility":22,"ID":4},{"utility":29,"ID":24}],[],[],[{"utility":10,"ID":2},{"utility":74,"ID":19}],[],[],[],[],[],[],[],[],[]],"STARTING COALITION: ":[[null],[{"utility":0,"ID":18}],[{"utility":0,"ID":6},{"utility":0,"ID":9},{"utility":75,"ID":25}],[{"utility":0,"ID":2},{"utility":67,"ID":23}],[{"utility":22,"ID":5},{"utility":0,"ID":7},{"utility":8.666666666666666,"ID":15},{"utility":0,"ID":17}],[{"utility":0,"ID":8},{"utility":31.333333333333332,"ID":16},{"utility":0,"ID":19},{"utility":1.3333333333333333,"ID":20}],[{"utility":0,"ID":13}],[{"utility":0,"ID":22}],[{"utility":0,"ID":12},{"utility":0,"ID":21}],[{"utility":18.333333333333332,"ID":10},{"utility":0,"ID":11},{"utility":0,"ID":14},{"utility":19.666666666666668,"ID":24}],[{"utility":0,"ID":4}],[{"utility":0,"ID":1}],[{"utility":0,"ID":3}],[],[],[],[],[],[],[],[],[],[],[],[],[]],"CORE :":true,"LAST PARTITION":{"22":11,"23":3,"24":13,"25":2,"10":9,"11":6,"12":8,"13":12,"14":12,"15":4,"16":5,"17":4,"18":10,"19":16,"1":11,"2":16,"3":6,"4":13,"5":1,"6":2,"7":4,"8":10,"9":7,"20":5,"21":7}},{"STARTING PARTITION: ":{"22":6,"23":3,"24":12,"25":4,"10":10,"11":4,"12":9,"13":3,"14":9,"15":10,"16":5,"17":4,"18":1,"19":11,"1":6,"2":3,"3":4,"4":6,"5":3,"6":5,"7":6,"8":3,"9":11,"20":9,"21":10},"Agents":[null,{"utility":99,"ID":1},{"utility":10,"ID":2},{"utility":0,"ID":3},{"utility":22,"ID":4},{"utility":0,"ID":5},{"utility":0,"ID":6},{"utility":0,"ID":7},{"utility":47,"ID":8},{"utility":83,"ID":9},{"utility":0,"ID":10},{"utility":23,"ID":11},{"utility":0,"ID":12},{"utility":4,"ID":13},{"utility":57,"ID":14},{"utility":0,"ID":15},{"utility":0,"ID":16},{"utility":0,"ID":17},{"utility":89,"ID":18},{"utility":74,"ID":19},{"utility":0,"ID":20},{"utility":49,"ID":21},{"utility":41,"ID":22},{"utility":0,"ID":23},{"utility":29,"ID":24},{"utility":0,"ID":25}],"LAST COALITION":[[],[{"utility":0,"ID":5}],[{"utility":47,"ID":8},{"utility":89,"ID":18}],[{"utility":0,"ID":23}],[{"utility":23,"ID":11},{"utility":0,"ID":17},{"utility":0,"ID":25}],[{"utility":0,"ID":6},{"utility":0,"ID":16}],[{"utility":0,"ID":7}],[{"utility":99,"ID":1},{"utility":41,"ID":22}],[{"utility":83,"ID":9},{"utility":49,"ID":21}],[{"utility":0,"ID":12},{"utility":0,"ID":20}],[{"utility":0,"ID":10},{"utility":0,"ID":15}],[{"utility":22,"ID":4},{"utility":29,"ID":24}],[{"utility":0,"ID":3}],[{"utility":4,"ID":13},{"utility":57,"ID":14}],[{"utility":10,"ID":2},{"utility":74,"ID":19}],[],[],[],[],[],[],[],[],[],[],[]],"STARTING COALITION: ":[[null],[{"utility":0,"ID":18}],[],[{"utility":14.75,"ID":2},{"utility":0,"ID":5},{"utility":11,"ID":8},{"utility":0,"ID":13},{"utility":40,"ID":23}],[{"utility":47.666666666666664,"ID":3},{"utility":17.333333333333332,"ID":11},{"utility":0,"ID":17},{"utility":0,"ID":25}],[{"utility":0,"ID":6},{"utility":0,"ID":16}],[{"utility":33,"ID":1},{"utility":29.666666666666668,"ID":4},{"utility":0,"ID":7},{"utility":36.333333333333336,"ID":22}],[],[],[{"utility":29,"ID":12},{"utility":4.5,"ID":14},{"utility":0,"ID":20}],[{"utility":0,"ID":10},{"utility":0,"ID":15},{"utility":8.5,"ID":21}],[{"utility":0,"ID":9},{"utility":0,"ID":19}],[{"utility":0,"ID":24}],[],[],[],[],[],[],[],[],[],[],[],[],[]],"CORE :":true,"LAST PARTITION":{"22":7,"23":3,"24":11,"25":4,"10":10,"11":4,"12":9,"13":13,"14":13,"15":10,"16":5,"17":4,"18":2,"19":14,"1":7,"2":14,"3":12,"4":11,"5":1,"6":5,"7":6,"8":2,"9":8,"20":9,"21":8}},{"STARTING PARTITION: ":{"22":4,"23":5,"24":5,"25":10,"10":10,"11":5,"12":7,"13":9,"14":7,"15":3,"16":12,"17":5,"18":5,"19":9,"1":4,"2":12,"3":4,"4":11,"5":3,"6":9,"7":4,"8":2,"9":4,"20":8,"21":8},"Agents":[null,{"utility":99,"ID":1},{"utility":10,"ID":2},{"utility":0,"ID":3},{"utility":22,"ID":4},{"utility":0,"ID":5},{"utility":0,"ID":6},{"utility":0,"ID":7},{"utility":47,"ID":8},{"utility":83,"ID":9},{"utility":0,"ID":10},{"utility":47,"ID":11},{"utility":0,"ID":12},{"utility":4,"ID":13},{"utility":57,"ID":14},{"utility":0,"ID":15},{"utility":0,"ID":16},{"utility":0,"ID":17},{"utility":89,"ID":18},{"utility":74,"ID":19},{"utility":0,"ID":20},{"utility":49,"ID":21},{"utility":41,"ID":22},{"utility":30,"ID":23},{"utility":29,"ID":24},{"utility":0,"ID":25}],"LAST COALITION":[[],[{"utility":0,"ID":5}],[{"utility":22,"ID":4},{"utility":29,"ID":24}],[{"utility":0,"ID":15}],[{"utility":0,"ID":7}],[{"utility":47,"ID":11},{"utility":0,"ID":17},{"utility":30,"ID":23}],[{"utility":83,"ID":9},{"utility":49,"ID":21}],[{"utility":0,"ID":12}],[{"utility":0,"ID":20}],[{"utility":0,"ID":6}],[{"utility":0,"ID":10},{"utility":0,"ID":25}],[{"utility":47,"ID":8},{"utility":89,"ID":18}],[{"utility":0,"ID":16}],[{"utility":4,"ID":13},{"utility":57,"ID":14}],[{"utility":0,"ID":3}],[{"utility":99,"ID":1},{"utility":41,"ID":22}],[{"utility":10,"ID":2},{"utility":74,"ID":19}],[],[],[],[],[],[],[],[],[]],"STARTING COALITION: ":[[null],[],[{"utility":0,"ID":8}],[{"utility":66,"ID":5},{"utility":0,"ID":15}],[{"utility":24.75,"ID":1},{"utility":0,"ID":3},{"utility":0,"ID":7},{"utility":25.75,"ID":9},{"utility":50.75,"ID":22}],[{"utility":23.5,"ID":11},{"utility":0,"ID":17},{"utility":1.75,"ID":18},{"utility":15,"ID":23},{"utility":14.75,"ID":24}],[],[{"utility":58,"ID":12},{"utility":9,"ID":14}],[{"utility":0,"ID":20},{"utility":0,"ID":21}],[{"utility":0,"ID":6},{"utility":19.5,"ID":13},{"utility":0,"ID":19}],[{"utility":0,"ID":10},{"utility":0,"ID":25}],[{"utility":0,"ID":4}],[{"utility":0,"ID":2},{"utility":0,"ID":16}],[],[],[],[],[],[],[],[],[],[],[],[],[]],"CORE :":true,"LAST PARTITION":{"22":15,"23":5,"24":2,"25":10,"10":10,"11":5,"12":7,"13":13,"14":13,"15":3,"16":12,"17":5,"18":11,"19":16,"1":15,"2":16,"3":14,"4":2,"5":1,"6":9,"7":4,"8":11,"9":6,"20":8,"21":6}},{"STARTING PARTITION: ":{"22":7,"23":2,"24":6,"25":10,"10":9,"11":11,"12":7,"13":8,"14":1,"15":8,"16":9,"17":11,"18":1,"19":11,"1":8,"2":12,"3":8,"4":11,"5":6,"6":1,"7":12,"8":10,"9":4,"20":9,"21":8},"Agents":[null,{"utility":99,"ID":1},{"utility":10,"ID":2},{"utility":83,"ID":3},{"utility":22,"ID":4},{"utility":0,"ID":5},{"utility":0,"ID":6},{"utility":0,"ID":7},{"utility":47,"ID":8},{"utility":83,"ID":9},{"utility":0,"ID":10},{"utility":6,"ID":11},{"utility":0,"ID":12},{"utility":4,"ID":13},{"utility":57,"ID":14},{"utility":0,"ID":15},{"utility":0,"ID":16},{"utility":0,"ID":17},{"utility":89,"ID":18},{"utility":74,"ID":19},{"utility":37.5,"ID":20},{"utility":49,"ID":21},{"utility":41,"ID":22},{"utility":0,"ID":23},{"utility":29,"ID":24},{"utility":0,"ID":25}],"LAST COALITION":[[],[{"utility":0,"ID":6}],[{"utility":0,"ID":23}],[{"utility":47,"ID":8},{"utility":89,"ID":18}],[{"utility":22,"ID":4},{"utility":29,"ID":24}],[{"utility":99,"ID":1},{"utility":41,"ID":22}],[],[{"utility":0,"ID":12}],[{"utility":0,"ID":15}],[{"utility":0,"ID":10},{"utility":0,"ID":16},{"utility":37.5,"ID":20}],[{"utility":0,"ID":25}],[{"utility":0,"ID":17}],[{"utility":0,"ID":7}],[{"utility":83,"ID":9},{"utility":49,"ID":21}],[{"utility":4,"ID":13},{"utility":57,"ID":14}],[{"utility":10,"ID":2},{"utility":74,"ID":19}],[{"utility":0,"ID":5}],[{"utility":83,"ID":3},{"utility":6,"ID":11}],[],[],[],[],[],[],[],[]],"STARTING COALITION: ":[[null],[{"utility":15.5,"ID":6},{"utility":0,"ID":14},{"utility":0,"ID":18}],[{"utility":0,"ID":23}],[],[{"utility":0,"ID":9}],[],[{"utility":0,"ID":5},{"utility":0,"ID":24}],[{"utility":0,"ID":12},{"utility":0,"ID":22}],[{"utility":14.75,"ID":1},{"utility":0,"ID":3},{"utility":0,"ID":13},{"utility":24.25,"ID":15},{"utility":13.5,"ID":21}],[{"utility":0,"ID":10},{"utility":0,"ID":16},{"utility":37.5,"ID":20}],[{"utility":45,"ID":8},{"utility":5,"ID":25}],[{"utility":0,"ID":4},{"utility":25.333333333333332,"ID":11},{"utility":0,"ID":17},{"utility":10.666666666666666,"ID":19}],[{"utility":0,"ID":2},{"utility":0,"ID":7}],[],[],[],[],[],[],[],[],[],[],[],[],[]],"CORE :":true,"LAST PARTITION":{"22":5,"23":2,"24":4,"25":10,"10":9,"11":17,"12":7,"13":14,"14":14,"15":8,"16":9,"17":11,"18":3,"19":15,"1":5,"2":15,"3":17,"4":4,"5":16,"6":1,"7":12,"8":3,"9":13,"20":9,"21":13}},{"STARTING PARTITION: ":{"22":7,"23":7,"24":11,"25":3,"10":3,"11":2,"12":1,"13":5,"14":1,"15":6,"16":12,"17":3,"18":7,"19":2,"1":11,"2":2,"3":7,"4":9,"5":11,"6":5,"7":7,"8":6,"9":4,"20":12,"21":4},"Agents":[null,{"utility":99,"ID":1},{"utility":10,"ID":2},{"utility":83,"ID":3},{"utility":22,"ID":4},{"utility":0,"ID":5},{"utility":0,"ID":6},{"utility":0,"ID":7},{"utility":47,"ID":8},{"utility":83,"ID":9},{"utility":0,"ID":10},{"utility":6,"ID":11},{"utility":0,"ID":12},{"utility":4,"ID":13},{"utility":57,"ID":14},{"utility":0,"ID":15},{"utility":0,"ID":16},{"utility":0,"ID":17},{"utility":89,"ID":18},{"utility":74,"ID":19},{"utility":4,"ID":20},{"utility":49,"ID":21},{"utility":41,"ID":22},{"utility":0,"ID":23},{"utility":29,"ID":24},{"utility":0,"ID":25}],"LAST COALITION":[[],[{"utility":0,"ID":12}],[],[{"utility":0,"ID":10},{"utility":0,"ID":17},{"utility":0,"ID":25}],[{"utility":83,"ID":9},{"utility":49,"ID":21}],[{"utility":0,"ID":6}],[{"utility":0,"ID":15}],[{"utility":0,"ID":7},{"utility":0,"ID":23}],[{"utility":0,"ID":5}],[{"utility":47,"ID":8},{"utility":89,"ID":18}],[{"utility":99,"ID":1},{"utility":41,"ID":22}],[],[{"utility":0,"ID":16},{"utility":4,"ID":20}],[{"utility":4,"ID":13},{"utility":57,"ID":14}],[{"utility":83,"ID":3},{"utility":6,"ID":11}],[{"utility":10,"ID":2},{"utility":74,"ID":19}],[{"utility":22,"ID":4},{"utility":29,"ID":24}],[],[],[],[],[],[],[],[],[]],"STARTING COALITION: ":[[null],[{"utility":58,"ID":12},{"utility":9,"ID":14}],[{"utility":5,"ID":2},{"utility":29,"ID":11},{"utility":37,"ID":19}],[{"utility":0,"ID":10},{"utility":0,"ID":17},{"utility":0,"ID":25}],[{"utility":83,"ID":9},{"utility":49,"ID":21}],[{"utility":0,"ID":6},{"utility":0,"ID":13}],[{"utility":0,"ID":8},{"utility":0,"ID":15}],[{"utility":13,"ID":3},{"utility":20,"ID":7},{"utility":4.5,"ID":18},{"utility":40.5,"ID":22},{"utility":0,"ID":23}],[],[{"utility":0,"ID":4}],[],[{"utility":50.5,"ID":1},{"utility":36,"ID":5},{"utility":0,"ID":24}],[{"utility":0,"ID":16},{"utility":4,"ID":20}],[],[],[],[],[],[],[],[],[],[],[],[],[]],"CORE :":true,"LAST PARTITION":{"22":10,"23":7,"24":16,"25":3,"10":3,"11":14,"12":1,"13":13,"14":13,"15":6,"16":12,"17":3,"18":9,"19":15,"1":10,"2":15,"3":14,"4":16,"5":8,"6":5,"7":7,"8":9,"9":4,"20":12,"21":4}},{"STARTING PARTITION: ":{"22":6,"23":9,"24":12,"25":3,"10":5,"11":2,"12":10,"13":7,"14":4,"15":1,"16":7,"17":2,"18":9,"19":9,"1":6,"2":4,"3":8,"4":6,"5":11,"6":12,"7":8,"8":2,"9":3,"20":5,"21":2},"Agents":[null,{"utility":99,"ID":1},{"utility":10,"ID":2},{"utility":83,"ID":3},{"utility":22,"ID":4},{"utility":0,"ID":5},{"utility":0,"ID":6},{"utility":0,"ID":7},{"utility":47,"ID":8},{"utility":83,"ID":9},{"utility":0,"ID":10},{"utility":6,"ID":11},{"utility":0,"ID":12},{"utility":4,"ID":13},{"utility":57,"ID":14},{"utility":0,"ID":15},{"utility":0,"ID":16},{"utility":0,"ID":17},{"utility":89,"ID":18},{"utility":74,"ID":19},{"utility":71,"ID":20},{"utility":49,"ID":21},{"utility":41,"ID":22},{"utility":0,"ID":23},{"utility":29,"ID":24},{"utility":0,"ID":25}],"LAST COALITION":[[],[{"utility":0,"ID":15}],[{"utility":0,"ID":17}],[{"utility":0,"ID":25}],[{"utility":10,"ID":2},{"utility":74,"ID":19}],[{"utility":0,"ID":10},{"utility":71,"ID":20}],[{"utility":0,"ID":5}],[{"utility":0,"ID":16}],[{"utility":0,"ID":7}],[{"utility":0,"ID":23}],[{"utility":0,"ID":12}],[{"utility":99,"ID":1},{"utility":41,"ID":22}],[{"utility":0,"ID":6}],[{"utility":47,"ID":8},{"utility":89,"ID":18}],[{"utility":83,"ID":9},{"utility":49,"ID":21}],[{"utility":4,"ID":13},{"utility":57,"ID":14}],[],[],[{"utility":22,"ID":4},{"utility":29,"ID":24}],[{"utility":83,"ID":3},{"utility":6,"ID":11}],[],[],[],[],[],[]],"STARTING COALITION: ":[[null],[{"utility":0,"ID":15}],[{"utility":27.333333333333332,"ID":8},{"utility":0,"ID":11},{"utility":0,"ID":17},{"utility":31.666666666666668,"ID":21}],[{"utility":0,"ID":9},{"utility":97,"ID":25}],[{"utility":0,"ID":2},{"utility":0,"ID":14}],[{"utility":0,"ID":10},{"utility":71,"ID":20}],[{"utility":49.5,"ID":1},{"utility":41.5,"ID":4},{"utility":20.5,"ID":22}],[{"utility":0,"ID":13},{"utility":0,"ID":16}],[{"utility":0,"ID":3},{"utility":0,"ID":7}],[{"utility":0,"ID":18},{"utility":17,"ID":19},{"utility":0,"ID":23}],[{"utility":0,"ID":12}],[{"utility":0,"ID":5}],[{"utility":0,"ID":6},{"utility":0,"ID":24}],[],[],[],[],[],[],[],[],[],[],[],[],[]],"CORE :":true,"LAST PARTITION":{"22":11,"23":9,"24":18,"25":3,"10":5,"11":19,"12":10,"13":15,"14":15,"15":1,"16":7,"17":2,"18":13,"19":4,"1":11,"2":4,"3":19,"4":18,"5":6,"6":12,"7":8,"8":13,"9":14,"20":5,"21":14}},{"STARTING PARTITION: ":{"22":10,"23":3,"24":4,"25":11,"10":8,"11":8,"12":12,"13":11,"14":4,"15":4,"16":8,"17":3,"18":2,"19":4,"1":5,"2":2,"3":10,"4":10,"5":11,"6":5,"7":12,"8":1,"9":11,"20":10,"21":12},"Agents":[null,{"utility":99,"ID":1},{"utility":10,"ID":2},{"utility":83,"ID":3},{"utility":22,"ID":4},{"utility":0,"ID":5},{"utility":0,"ID":6},{"utility":0,"ID":7},{"utility":47,"ID":8},{"utility":83,"ID":9},{"utility":0,"ID":10},{"utility":6,"ID":11},{"utility":0,"ID":12},{"utility":4,"ID":13},{"utility":57,"ID":14},{"utility":0,"ID":15},{"utility":0,"ID":16},{"utility":0,"ID":17},{"utility":89,"ID":18},{"utility":74,"ID":19},{"utility":0,"ID":20},{"utility":49,"ID":21},{"utility":41,"ID":22},{"utility":60,"ID":23},{"utility":29,"ID":24},{"utility":0,"ID":25}],"LAST COALITION":[[],[{"utility":22,"ID":4},{"utility":29,"ID":24}],[{"utility":0,"ID":5}],[{"utility":0,"ID":17},{"utility":60,"ID":23}],[{"utility":0,"ID":15}],[{"utility":0,"ID":6}],[{"utility":47,"ID":8},{"utility":89,"ID":18}],[{"utility":99,"ID":1},{"utility":41,"ID":22}],[{"utility":0,"ID":10},{"utility":0,"ID":16}],[{"utility":83,"ID":9},{"utility":49,"ID":21}],[{"utility":0,"ID":20}],[{"utility":0,"ID":25}],[{"utility":0,"ID":7},{"utility":0,"ID":12}],[{"utility":4,"ID":13},{"utility":57,"ID":14}],[],[],[{"utility":10,"ID":2},{"utility":74,"ID":19}],[{"utility":83,"ID":3},{"utility":6,"ID":11}],[],[],[],[],[],[],[],[]],"STARTING COALITION: ":[[null],[{"utility":0,"ID":8}],[{"utility":0,"ID":2},{"utility":0,"ID":18}],[{"utility":0,"ID":17},{"utility":60,"ID":23}],[{"utility":0,"ID":14},{"utility":0,"ID":15},{"utility":0,"ID":19},{"utility":35.333333333333336,"ID":24}],[{"utility":0,"ID":1},{"utility":0,"ID":6}],[],[],[{"utility":0,"ID":10},{"utility":2.5,"ID":11},{"utility":0,"ID":16}],[],[{"utility":0,"ID":3},{"utility":0,"ID":4},{"utility":0,"ID":20},{"utility":32.333333333333336,"ID":22}],[{"utility":31,"ID":5},{"utility":40.333333333333336,"ID":9},{"utility":0,"ID":13},{"utility":32.333333333333336,"ID":25}],[{"utility":0,"ID":7},{"utility":0,"ID":12},{"utility":0,"ID":21}],[],[],[],[],[],[],[],[],[],[],[],[],[]],"CORE :":true,"LAST PARTITION":{"22":7,"23":3,"24":1,"25":11,"10":8,"11":17,"12":12,"13":13,"14":13,"15":4,"16":8,"17":3,"18":6,"19":16,"1":7,"2":16,"3":17,"4":1,"5":2,"6":5,"7":12,"8":6,"9":9,"20":10,"21":9}},{"STARTING PARTITION: ":{"22":2,"23":5,"24":10,"25":3,"10":11,"11":12,"12":4,"13":10,"14":11,"15":2,"16":3,"17":12,"18":7,"19":3,"1":8,"2":12,"3":11,"4":11,"5":6,"6":10,"7":1,"8":10,"9":12,"20":8,"21":12},"Agents":[null,{"utility":80,"ID":1},{"utility":10,"ID":2},{"utility":83,"ID":3},{"utility":22,"ID":4},{"utility":72,"ID":5},{"utility":0,"ID":6},{"utility":0,"ID":7},{"utility":47,"ID":8},{"utility":83,"ID":9},{"utility":0,"ID":10},{"utility":6,"ID":11},{"utility":0,"ID":12},{"utility":4,"ID":13},{"utility":57,"ID":14},{"utility":0,"ID":15},{"utility":82,"ID":16},{"utility":0,"ID":17},{"utility":89,"ID":18},{"utility":74,"ID":19},{"utility":0,"ID":20},{"utility":49,"ID":21},{"utility":99,"ID":22},{"utility":0,"ID":23},{"utility":29,"ID":24},{"utility":0,"ID":25}],"LAST COALITION":[[],[{"utility":0,"ID":7}],[{"utility":0,"ID":15},{"utility":99,"ID":22}],[{"utility":82,"ID":16},{"utility":0,"ID":25}],[{"utility":0,"ID":12}],[{"utility":0,"ID":23}],[{"utility":83,"ID":9},{"utility":49,"ID":21}],[{"utility":47,"ID":8},{"utility":89,"ID":18}],[{"utility":0,"ID":20}],[{"utility":80,"ID":1},{"utility":72,"ID":5}],[{"utility":0,"ID":6}],[{"utility":0,"ID":10}],[{"utility":0,"ID":17}],[{"utility":4,"ID":13},{"utility":57,"ID":14}],[],[],[{"utility":10,"ID":2},{"utility":74,"ID":19}],[{"utility":22,"ID":4},{"utility":29,"ID":24}],[{"utility":83,"ID":3},{"utility":6,"ID":11}],[],[],[],[],[],[],[]],"STARTING COALITION: ":[[null],[{"utility":0,"ID":7}],[{"utility":0,"ID":15},{"utility":99,"ID":22}],[{"utility":41,"ID":16},{"utility":0,"ID":19},{"utility":0,"ID":25}],[{"utility":0,"ID":12}],[{"utility":0,"ID":23}],[{"utility":0,"ID":5}],[{"utility":0,"ID":18}],[{"utility":0,"ID":1},{"utility":0,"ID":20}],[],[{"utility":0,"ID":6},{"utility":14.666666666666666,"ID":8},{"utility":0,"ID":13},{"utility":14.333333333333334,"ID":24}],[{"utility":32.666666666666664,"ID":3},{"utility":14,"ID":4},{"utility":40,"ID":10},{"utility":16,"ID":14}],[{"utility":0,"ID":2},{"utility":38.5,"ID":9},{"utility":0,"ID":11},{"utility":24.75,"ID":17},{"utility":35,"ID":21}],[],[],[],[],[],[],[],[],[],[],[],[],[]],"CORE :":true,"LAST PARTITION":{"22":2,"23":5,"24":17,"25":3,"10":11,"11":18,"12":4,"13":13,"14":13,"15":2,"16":3,"17":12,"18":7,"19":16,"1":9,"2":16,"3":18,"4":17,"5":9,"6":10,"7":1,"8":7,"9":6,"20":8,"21":6}},{"STARTING PARTITION: ":{"22":5,"23":3,"24":6,"25":5,"10":12,"11":7,"12":1,"13":7,"14":9,"15":2,"16":11,"17":10,"18":9,"19":8,"1":9,"2":3,"3":1,"4":1,"5":7,"6":12,"7":11,"8":10,"9":4,"20":8,"21":2},"Agents":[null,{"utility":99,"ID":1},{"utility":10,"ID":2},{"utility":83,"ID":3},{"utility":22,"ID":4},{"utility":0,"ID":5},{"utility":0,"ID":6},{"utility":41,"ID":7},{"utility":82,"ID":8},{"utility":83,"ID":9},{"utility":67,"ID":10},{"utility":6,"ID":11},{"utility":0,"ID":12},{"utility":4,"ID":13},{"utility":57,"ID":14},{"utility":0,"ID":15},{"utility":0,"ID":16},{"utility":0,"ID":17},{"utility":54,"ID":18},{"utility":74,"ID":19},{"utility":0,"ID":20},{"utility":49,"ID":21},{"utility":41,"ID":22},{"utility":0,"ID":23},{"utility":29,"ID":24},{"utility":78,"ID":25}],"LAST COALITION":[[],[{"utility":0,"ID":12}],[{"utility":0,"ID":15}],[{"utility":0,"ID":23}],[{"utility":83,"ID":9},{"utility":49,"ID":21}],[{"utility":22,"ID":4},{"utility":29,"ID":24}],[{"utility":54,"ID":18},{"utility":78,"ID":25}],[{"utility":10,"ID":2},{"utility":74,"ID":19}],[{"utility":0,"ID":20}],[{"utility":0,"ID":5}],[{"utility":82,"ID":8},{"utility":0,"ID":17}],[{"utility":41,"ID":7},{"utility":0,"ID":16}],[{"utility":0,"ID":6},{"utility":67,"ID":10}],[{"utility":4,"ID":13},{"utility":57,"ID":14}],[{"utility":99,"ID":1},{"utility":41,"ID":22}],[],[],[],[{"utility":83,"ID":3},{"utility":6,"ID":11}],[],[],[],[],[],[],[]],"STARTING COALITION: ":[[null],[{"utility":0,"ID":3},{"utility":0,"ID":4},{"utility":65.5,"ID":12}],[{"utility":0,"ID":15},{"utility":0,"ID":21}],[{"utility":0,"ID":2},{"utility":67,"ID":23}],[{"utility":0,"ID":9}],[{"utility":0,"ID":22},{"utility":0,"ID":25}],[{"utility":0,"ID":24}],[{"utility":0,"ID":5},{"utility":35.5,"ID":11},{"utility":0,"ID":13}],[{"utility":0,"ID":19},{"utility":0,"ID":20}],[{"utility":25,"ID":1},{"utility":0,"ID":14},{"utility":33.5,"ID":18}],[{"utility":82,"ID":8},{"utility":0,"ID":17}],[{"utility":41,"ID":7},{"utility":0,"ID":16}],[{"utility":0,"ID":6},{"utility":67,"ID":10}],[],[],[],[],[],[],[],[],[],[],[],[],[]],"CORE :":true,"LAST PARTITION":{"22":14,"23":3,"24":5,"25":6,"10":12,"11":18,"12":1,"13":13,"14":13,"15":2,"16":11,"17":10,"18":6,"19":7,"1":14,"2":7,"3":18,"4":5,"5":9,"6":12,"7":11,"8":10,"9":4,"20":8,"21":4}},{"STARTING PARTITION: ":{"22":6,"23":8,"24":7,"25":8,"10":6,"11":11,"12":11,"13":5,"14":12,"15":4,"16":8,"17":11,"18":2,"19":2,"1":2,"2":11,"3":1,"4":5,"5":2,"6":7,"7":8,"8":2,"9":2,"20":1,"21":7},"Agents":[null,{"utility":99,"ID":1},{"utility":10,"ID":2},{"utility":0,"ID":3},{"utility":22,"ID":4},{"utility":0,"ID":5},{"utility":0,"ID":6},{"utility":13.666666666666666,"ID":7},{"utility":47,"ID":8},{"utility":83,"ID":9},{"utility":0,"ID":10},{"utility":29.5,"ID":11},{"utility":0,"ID":12},{"utility":4,"ID":13},{"utility":57,"ID":14},{"utility":0,"ID":15},{"utility":27.333333333333332,"ID":16},{"utility":37.5,"ID":17},{"utility":89,"ID":18},{"utility":74,"ID":19},{"utility":0,"ID":20},{"utility":49,"ID":21},{"utility":41,"ID":22},{"utility":26,"ID":23},{"utility":29,"ID":24},{"utility":0,"ID":25}],"LAST COALITION":[[],[{"utility":0,"ID":20}],[{"utility":47,"ID":8},{"utility":89,"ID":18}],[{"utility":83,"ID":9},{"utility":49,"ID":21}],[{"utility":0,"ID":15}],[],[{"utility":0,"ID":10}],[{"utility":0,"ID":6}],[{"utility":13.666666666666666,"ID":7},{"utility":27.333333333333332,"ID":16},{"utility":26,"ID":23},{"utility":0,"ID":25}],[{"utility":99,"ID":1},{"utility":41,"ID":22}],[{"utility":0,"ID":5}],[{"utility":29.5,"ID":11},{"utility":0,"ID":12},{"utility":37.5,"ID":17}],[{"utility":22,"ID":4},{"utility":29,"ID":24}],[{"utility":4,"ID":13},{"utility":57,"ID":14}],[{"utility":0,"ID":3}],[{"utility":10,"ID":2},{"utility":74,"ID":19}],[],[],[],[],[],[],[],[],[],[]],"STARTING COALITION: ":[[null],[{"utility":0,"ID":3},{"utility":0,"ID":20}],[{"utility":17.8,"ID":1},{"utility":44.6,"ID":5},{"utility":19,"ID":8},{"utility":19.2,"ID":9},{"utility":43.8,"ID":18},{"utility":23.4,"ID":19}],[],[{"utility":0,"ID":15}],[{"utility":0,"ID":4},{"utility":0,"ID":13}],[{"utility":0,"ID":10},{"utility":0,"ID":22}],[{"utility":0,"ID":6},{"utility":0,"ID":21},{"utility":0,"ID":24}],[{"utility":13.666666666666666,"ID":7},{"utility":27.333333333333332,"ID":16},{"utility":26,"ID":23},{"utility":0,"ID":25}],[],[],[{"utility":0,"ID":2},{"utility":19.666666666666668,"ID":11},{"utility":4,"ID":12},{"utility":25,"ID":17}],[{"utility":0,"ID":14}],[],[],[],[],[],[],[],[],[],[],[],[],[]],"CORE :":true,"LAST PARTITION":{"22":9,"23":8,"24":12,"25":8,"10":6,"11":11,"12":11,"13":13,"14":13,"15":4,"16":8,"17":11,"18":2,"19":15,"1":9,"2":15,"3":14,"4":12,"5":10,"6":7,"7":8,"8":2,"9":3,"20":1,"21":3}},{"STARTING PARTITION: ":{"22":6,"23":10,"24":3,"25":2,"10":2,"11":5,"12":6,"13":6,"14":8,"15":9,"16":9,"17":9,"18":10,"19":4,"1":1,"2":8,"3":3,"4":5,"5":4,"6":11,"7":3,"8":5,"9":8,"20":8,"21":12},"Agents":[null,{"utility":99,"ID":1},{"utility":10,"ID":2},{"utility":83,"ID":3},{"utility":22,"ID":4},{"utility":0,"ID":5},{"utility":0,"ID":6},{"utility":0,"ID":7},{"utility":47,"ID":8},{"utility":83,"ID":9},{"utility":0,"ID":10},{"utility":6,"ID":11},{"utility":0,"ID":12},{"utility":4,"ID":13},{"utility":57,"ID":14},{"utility":0,"ID":15},{"utility":10.5,"ID":16},{"utility":0,"ID":17},{"utility":89,"ID":18},{"utility":74,"ID":19},{"utility":0,"ID":20},{"utility":49,"ID":21},{"utility":41,"ID":22},{"utility":0,"ID":23},{"utility":29,"ID":24},{"utility":0,"ID":25}],"LAST COALITION":[[],[{"utility":99,"ID":1},{"utility":41,"ID":22}],[{"utility":0,"ID":10},{"utility":0,"ID":25}],[{"utility":0,"ID":7}],[{"utility":83,"ID":9},{"utility":49,"ID":21}],[],[{"utility":0,"ID":12}],[{"utility":47,"ID":8},{"utility":89,"ID":18}],[{"utility":0,"ID":20}],[{"utility":0,"ID":15},{"utility":10.5,"ID":16},{"utility":0,"ID":17}],[{"utility":0,"ID":23}],[{"utility":0,"ID":6}],[{"utility":4,"ID":13},{"utility":57,"ID":14}],[{"utility":83,"ID":3},{"utility":6,"ID":11}],[],[{"utility":10,"ID":2},{"utility":74,"ID":19}],[{"utility":0,"ID":5}],[{"utility":22,"ID":4},{"utility":29,"ID":24}],[],[],[],[],[],[],[],[]],"STARTING COALITION: ":[[null],[{"utility":0,"ID":1}],[{"utility":0,"ID":10},{"utility":0,"ID":25}],[{"utility":4.5,"ID":3},{"utility":46.5,"ID":7},{"utility":0,"ID":24}],[{"utility":0,"ID":5},{"utility":83,"ID":19}],[{"utility":0,"ID":4},{"utility":0,"ID":8},{"utility":9,"ID":11}],[{"utility":0,"ID":12},{"utility":0,"ID":13},{"utility":0,"ID":22}],[],[{"utility":0,"ID":2},{"utility":34,"ID":9},{"utility":0,"ID":14},{"utility":6.333333333333333,"ID":20}],[{"utility":0,"ID":15},{"utility":10.5,"ID":16},{"utility":0,"ID":17}],[{"utility":0,"ID":18},{"utility":0,"ID":23}],[{"utility":0,"ID":6}],[{"utility":0,"ID":21}],[],[],[],[],[],[],[],[],[],[],[],[],[]],"CORE :":true,"LAST PARTITION":{"22":1,"23":10,"24":17,"25":2,"10":2,"11":13,"12":6,"13":12,"14":12,"15":9,"16":9,"17":9,"18":7,"19":15,"1":1,"2":15,"3":13,"4":17,"5":16,"6":11,"7":3,"8":7,"9":4,"20":8,"21":4}},{"STARTING PARTITION: ":{"22":11,"23":8,"24":4,"25":3,"10":8,"11":6,"12":10,"13":12,"14":9,"15":1,"16":6,"17":4,"18":4,"19":2,"1":10,"2":4,"3":11,"4":8,"5":6,"6":6,"7":11,"8":4,"9":8,"20":8,"21":10},"Agents":[null,{"utility":80,"ID":1},{"utility":10,"ID":2},{"utility":83,"ID":3},{"utility":22,"ID":4},{"utility":72,"ID":5},{"utility":0,"ID":6},{"utility":0,"ID":7},{"utility":82,"ID":8},{"utility":83,"ID":9},{"utility":0,"ID":10},{"utility":6,"ID":11},{"utility":0,"ID":12},{"utility":4,"ID":13},{"utility":57,"ID":14},{"utility":0,"ID":15},{"utility":0,"ID":16},{"utility":0,"ID":17},{"utility":54,"ID":18},{"utility":74,"ID":19},{"utility":25,"ID":20},{"utility":49,"ID":21},{"utility":68,"ID":22},{"utility":0,"ID":23},{"utility":29,"ID":24},{"utility":78,"ID":25}],"LAST COALITION":[[],[{"utility":0,"ID":15}],[{"utility":10,"ID":2},{"utility":74,"ID":19}],[{"utility":22,"ID":4},{"utility":29,"ID":24}],[{"utility":82,"ID":8},{"utility":0,"ID":17}],[{"utility":83,"ID":9},{"utility":49,"ID":21}],[{"utility":0,"ID":6},{"utility":0,"ID":16}],[],[{"utility":25,"ID":20},{"utility":0,"ID":23}],[{"utility":0,"ID":10}],[{"utility":0,"ID":12}],[{"utility":0,"ID":7},{"utility":68,"ID":22}],[{"utility":83,"ID":3},{"utility":6,"ID":11}],[{"utility":54,"ID":18},{"utility":78,"ID":25}],[],[{"utility":4,"ID":13},{"utility":57,"ID":14}],[{"utility":80,"ID":1},{"utility":72,"ID":5}],[],[],[],[],[],[],[],[],[]],"STARTING COALITION: ":[[null],[{"utility":0,"ID":15}],[{"utility":0,"ID":19}],[{"utility":0,"ID":25}],[{"utility":7.75,"ID":2},{"utility":32.25,"ID":8},{"utility":0,"ID":17},{"utility":24,"ID":18},{"utility":4.75,"ID":24}],[],[{"utility":0.6666666666666666,"ID":5},{"utility":1.3333333333333333,"ID":6},{"utility":1.6666666666666667,"ID":11},{"utility":0,"ID":16}],[],[{"utility":0,"ID":4},{"utility":6.75,"ID":9},{"utility":19,"ID":10},{"utility":24,"ID":20},{"utility":1.75,"ID":23}],[{"utility":0,"ID":14}],[{"utility":29.5,"ID":1},{"utility":0,"ID":12},{"utility":0,"ID":21}],[{"utility":0,"ID":3},{"utility":0,"ID":7},{"utility":81,"ID":22}],[{"utility":0,"ID":13}],[],[],[],[],[],[],[],[],[],[],[],[],[]],"CORE :":true,"LAST PARTITION":{"22":11,"23":8,"24":3,"25":13,"10":9,"11":12,"12":10,"13":15,"14":15,"15":1,"16":6,"17":4,"18":13,"19":2,"1":16,"2":2,"3":12,"4":3,"5":16,"6":6,"7":11,"8":4,"9":5,"20":8,"21":5}},{"STARTING PARTITION: ":{"22":4,"23":5,"24":11,"25":6,"10":5,"11":9,"12":8,"13":3,"14":1,"15":9,"16":10,"17":5,"18":9,"19":6,"1":11,"2":7,"3":1,"4":6,"5":7,"6":5,"7":7,"8":6,"9":10,"20":1,"21":6},"Agents":[null,{"utility":99,"ID":1},{"utility":10,"ID":2},{"utility":83,"ID":3},{"utility":22,"ID":4},{"utility":0,"ID":5},{"utility":6.666666666666667,"ID":6},{"utility":0,"ID":7},{"utility":47,"ID":8},{"utility":83,"ID":9},{"utility":22.333333333333332,"ID":10},{"utility":6,"ID":11},{"utility":0,"ID":12},{"utility":4,"ID":13},{"utility":57,"ID":14},{"utility":0,"ID":15},{"utility":0,"ID":16},{"utility":0,"ID":17},{"utility":89,"ID":18},{"utility":74,"ID":19},{"utility":0,"ID":20},{"utility":49,"ID":21},{"utility":41,"ID":22},{"utility":22.333333333333332,"ID":23},{"utility":29,"ID":24},{"utility":0,"ID":25}],"LAST COALITION":[[],[{"utility":0,"ID":20}],[{"utility":47,"ID":8},{"utility":89,"ID":18}],[{"utility":83,"ID":3},{"utility":6,"ID":11}],[{"utility":83,"ID":9},{"utility":49,"ID":21}],[{"utility":6.666666666666667,"ID":6},{"utility":22.333333333333332,"ID":10},{"utility":0,"ID":17},{"utility":22.333333333333332,"ID":23}],[{"utility":0,"ID":25}],[{"utility":0,"ID":7}],[{"utility":0,"ID":12}],[{"utility":0,"ID":15}],[{"utility":0,"ID":16}],[],[{"utility":99,"ID":1},{"utility":41,"ID":22}],[{"utility":4,"ID":13},{"utility":57,"ID":14}],[],[{"utility":10,"ID":2},{"utility":74,"ID":19}],[{"utility":0,"ID":5}],[{"utility":22,"ID":4},{"utility":29,"ID":24}],[],[],[],[],[],[],[],[]],"STARTING COALITION: ":[[null],[{"utility":49,"ID":3},{"utility":24,"ID":14},{"utility":0,"ID":20}],[],[{"utility":0,"ID":13}],[{"utility":0,"ID":22}],[{"utility":6.666666666666667,"ID":6},{"utility":22.333333333333332,"ID":10},{"utility":0,"ID":17},{"utility":22.333333333333332,"ID":23}],[{"utility":0,"ID":4},{"utility":11.25,"ID":8},{"utility":29.75,"ID":19},{"utility":21.25,"ID":21},{"utility":1.25,"ID":25}],[{"utility":16,"ID":2},{"utility":0,"ID":5},{"utility":0,"ID":7}],[{"utility":0,"ID":12}],[{"utility":0,"ID":11},{"utility":2.5,"ID":15},{"utility":0,"ID":18}],[{"utility":0,"ID":9},{"utility":0,"ID":16}],[{"utility":21,"ID":1},{"utility":0,"ID":24}],[],[],[],[],[],[],[],[],[],[],[],[],[],[]],"CORE :":true,"LAST PARTITION":{"22":12,"23":5,"24":17,"25":6,"10":5,"11":3,"12":8,"13":13,"14":13,"15":9,"16":10,"17":5,"18":2,"19":15,"1":12,"2":15,"3":3,"4":17,"5":16,"6":5,"7":7,"8":2,"9":4,"20":1,"21":4}},{"STARTING PARTITION: ":{"22":5,"23":5,"24":2,"25":3,"10":8,"11":12,"12":7,"13":3,"14":8,"15":3,"16":3,"17":3,"18":10,"19":5,"1":12,"2":3,"3":9,"4":2,"5":8,"6":1,"7":3,"8":2,"9":12,"20":7,"21":1},"Agents":[null,{"utility":99,"ID":1},{"utility":10,"ID":2},{"utility":83,"ID":3},{"utility":22,"ID":4},{"utility":0,"ID":5},{"utility":0,"ID":6},{"utility":10.25,"ID":7},{"utility":47,"ID":8},{"utility":83,"ID":9},{"utility":0,"ID":10},{"utility":6,"ID":11},{"utility":0,"ID":12},{"utility":4,"ID":13},{"utility":57,"ID":14},{"utility":6.5,"ID":15},{"utility":25.75,"ID":16},{"utility":0,"ID":17},{"utility":89,"ID":18},{"utility":74,"ID":19},{"utility":0,"ID":20},{"utility":49,"ID":21},{"utility":41,"ID":22},{"utility":0,"ID":23},{"utility":29,"ID":24},{"utility":0,"ID":25}],"LAST COALITION":[[],[{"utility":0,"ID":6}],[{"utility":22,"ID":4},{"utility":29,"ID":24}],[{"utility":10.25,"ID":7},{"utility":6.5,"ID":15},{"utility":25.75,"ID":16},{"utility":0,"ID":17},{"utility":0,"ID":25}],[{"utility":47,"ID":8},{"utility":89,"ID":18}],[{"utility":0,"ID":23}],[{"utility":99,"ID":1},{"utility":41,"ID":22}],[{"utility":0,"ID":12},{"utility":0,"ID":20}],[{"utility":0,"ID":10}],[],[{"utility":0,"ID":5}],[{"utility":83,"ID":9},{"utility":49,"ID":21}],[{"utility":10,"ID":2},{"utility":74,"ID":19}],[{"utility":4,"ID":13},{"utility":57,"ID":14}],[],[{"utility":83,"ID":3},{"utility":6,"ID":11}],[],[],[],[],[],[],[],[],[],[]],"STARTING COALITION: ":[[null],[{"utility":0,"ID":6},{"utility":0,"ID":21}],[{"utility":11,"ID":4},{"utility":0,"ID":8},{"utility":14.5,"ID":24}],[{"utility":2.1666666666666665,"ID":2},{"utility":11.666666666666666,"ID":7},{"utility":0,"ID":13},{"utility":4.333333333333333,"ID":15},{"utility":17.166666666666668,"ID":16},{"utility":0,"ID":17},{"utility":0,"ID":25}],[],[{"utility":0,"ID":19},{"utility":3.5,"ID":22},{"utility":0,"ID":23}],[],[{"utility":0,"ID":12},{"utility":0,"ID":20}],[{"utility":0,"ID":5},{"utility":22,"ID":10},{"utility":9.5,"ID":14}],[{"utility":0,"ID":3}],[{"utility":0,"ID":18}],[],[{"utility":0,"ID":1},{"utility":37.5,"ID":9},{"utility":0,"ID":11}],[],[],[],[],[],[],[],[],[],[],[],[],[]],"CORE :":true,"LAST PARTITION":{"22":6,"23":5,"24":2,"25":3,"10":8,"11":15,"12":7,"13":13,"14":13,"15":3,"16":3,"17":3,"18":4,"19":12,"1":6,"2":12,"3":15,"4":2,"5":10,"6":1,"7":3,"8":4,"9":11,"20":7,"21":11}},{"STARTING PARTITION: ":{"22":2,"23":4,"24":11,"25":1,"10":11,"11":1,"12":10,"13":5,"14":10,"15":5,"16":1,"17":4,"18":12,"19":5,"1":12,"2":10,"3":11,"4":11,"5":9,"6":1,"7":7,"8":7,"9":12,"20":5,"21":10},"Agents":[null,{"utility":99,"ID":1},{"utility":10,"ID":2},{"utility":0,"ID":3},{"utility":22,"ID":4},{"utility":0,"ID":5},{"utility":0,"ID":6},{"utility":0,"ID":7},{"utility":47,"ID":8},{"utility":83,"ID":9},{"utility":0,"ID":10},{"utility":17,"ID":11},{"utility":0,"ID":12},{"utility":4,"ID":13},{"utility":57,"ID":14},{"utility":79,"ID":15},{"utility":27.333333333333332,"ID":16},{"utility":0,"ID":17},{"utility":89,"ID":18},{"utility":74,"ID":19},{"utility":0,"ID":20},{"utility":49,"ID":21},{"utility":41,"ID":22},{"utility":60,"ID":23},{"utility":29,"ID":24},{"utility":17.666666666666668,"ID":25}],"LAST COALITION":[[],[{"utility":0,"ID":6},{"utility":17,"ID":11},{"utility":27.333333333333332,"ID":16},{"utility":17.666666666666668,"ID":25}],[{"utility":0,"ID":5}],[{"utility":10,"ID":2},{"utility":74,"ID":19}],[{"utility":0,"ID":17},{"utility":60,"ID":23}],[{"utility":79,"ID":15},{"utility":0,"ID":20}],[{"utility":99,"ID":1},{"utility":41,"ID":22}],[{"utility":0,"ID":7}],[{"utility":83,"ID":9},{"utility":49,"ID":21}],[{"utility":0,"ID":3}],[{"utility":0,"ID":12}],[{"utility":0,"ID":10}],[{"utility":47,"ID":8},{"utility":89,"ID":18}],[{"utility":22,"ID":4},{"utility":29,"ID":24}],[{"utility":4,"ID":13},{"utility":57,"ID":14}],[],[],[],[],[],[],[],[],[],[],[]],"STARTING COALITION: ":[[null],[{"utility":0,"ID":6},{"utility":17,"ID":11},{"utility":27.333333333333332,"ID":16},{"utility":17.666666666666668,"ID":25}],[{"utility":0,"ID":22}],[],[{"utility":0,"ID":17},{"utility":60,"ID":23}],[{"utility":13,"ID":13},{"utility":26.333333333333332,"ID":15},{"utility":0,"ID":19},{"utility":0,"ID":20}],[],[{"utility":0,"ID":7},{"utility":0,"ID":8}],[],[{"utility":0,"ID":5}],[{"utility":0,"ID":2},{"utility":23.333333333333332,"ID":12},{"utility":3,"ID":14},{"utility":0,"ID":21}],[{"utility":3,"ID":3},{"utility":7.333333333333333,"ID":4},{"utility":29,"ID":10},{"utility":9.666666666666666,"ID":24}],[{"utility":4.5,"ID":1},{"utility":22,"ID":9},{"utility":65,"ID":18}],[],[],[],[],[],[],[],[],[],[],[],[],[]],"CORE :":true,"LAST PARTITION":{"22":6,"23":4,"24":13,"25":1,"10":11,"11":1,"12":10,"13":14,"14":14,"15":5,"16":1,"17":4,"18":12,"19":3,"1":6,"2":3,"3":9,"4":13,"5":2,"6":1,"7":7,"8":12,"9":8,"20":5,"21":8}},{"STARTING PARTITION: ":{"22":7,"23":1,"24":6,"25":11,"10":6,"11":8,"12":12,"13":11,"14":11,"15":10,"16":9,"17":6,"18":7,"19":8,"1":8,"2":5,"3":11,"4":12,"5":9,"6":1,"7":3,"8":2,"9":5,"20":8,"21":10},"Agents":[null,{"utility":99,"ID":1},{"utility":10,"ID":2},{"utility":0,"ID":3},{"utility":22,"ID":4},{"utility":0,"ID":5},{"utility":20,"ID":6},{"utility":0,"ID":7},{"utility":47,"ID":8},{"utility":83,"ID":9},{"utility":0,"ID":10},{"utility":6,"ID":11},{"utility":0,"ID":12},{"utility":4,"ID":13},{"utility":57,"ID":14},{"utility":0,"ID":15},{"utility":0,"ID":16},{"utility":0,"ID":17},{"utility":89,"ID":18},{"utility":74,"ID":19},{"utility":0,"ID":20},{"utility":49,"ID":21},{"utility":41,"ID":22},{"utility":0,"ID":23},{"utility":29,"ID":24},{"utility":0,"ID":25}],"LAST COALITION":[[],[{"utility":20,"ID":6},{"utility":0,"ID":23}],[{"utility":22,"ID":4},{"utility":29,"ID":24}],[{"utility":0,"ID":7}],[{"utility":47,"ID":8},{"utility":89,"ID":18}],[{"utility":10,"ID":2},{"utility":74,"ID":19}],[{"utility":0,"ID":10},{"utility":0,"ID":17}],[{"utility":0,"ID":5}],[{"utility":6,"ID":11},{"utility":0,"ID":20}],[{"utility":0,"ID":16}],[{"utility":0,"ID":15}],[{"utility":0,"ID":25}],[{"utility":0,"ID":12}],[{"utility":99,"ID":1},{"utility":41,"ID":22}],[{"utility":83,"ID":9},{"utility":49,"ID":21}],[{"utility":4,"ID":13},{"utility":57,"ID":14}],[{"utility":0,"ID":3}],[],[],[],[],[],[],[],[],[]],"STARTING COALITION: ":[[null],[{"utility":20,"ID":6},{"utility":0,"ID":23}],[{"utility":0,"ID":8}],[{"utility":0,"ID":7}],[],[{"utility":0,"ID":2},{"utility":0,"ID":9}],[{"utility":5.5,"ID":10},{"utility":0,"ID":17},{"utility":0,"ID":24}],[{"utility":0,"ID":18},{"utility":0,"ID":22}],[{"utility":0,"ID":1},{"utility":21.333333333333332,"ID":11},{"utility":0,"ID":19},{"utility":0,"ID":20}],[{"utility":2,"ID":5},{"utility":0,"ID":16}],[{"utility":0,"ID":15},{"utility":0,"ID":21}],[{"utility":52.666666666666664,"ID":3},{"utility":1.3333333333333333,"ID":13},{"utility":35,"ID":14},{"utility":19.666666666666668,"ID":25}],[{"utility":0,"ID":4},{"utility":53,"ID":12}],[],[],[],[],[],[],[],[],[],[],[],[],[]],"CORE :":true,"LAST PARTITION":{"22":13,"23":1,"24":2,"25":11,"10":6,"11":8,"12":12,"13":15,"14":15,"15":10,"16":9,"17":6,"18":4,"19":5,"1":13,"2":5,"3":16,"4":2,"5":7,"6":1,"7":3,"8":4,"9":14,"20":8,"21":14}},{"END OF FILE:" : true}]