[{"STARTING PARTITION: ":{"22":9,"23":3,"24":3,"25":9,"10":9,"11":11,"12":7,"13":1,"14":9,"15":3,"16":10,"17":4,"18":3,"19":1,"1":4,"2":10,"3":12,"4":2,"5":6,"6":11,"7":5,"8":7,"9":1,"20":7,"21":8},"Agents":[null,{"utility":34,"ID":1},{"utility":0,"ID":2},{"utility":0,"ID":3},{"utility":0,"ID":4},{"utility":0,"ID":5},{"utility":0,"ID":6},{"utility":0,"ID":7},{"utility":14,"ID":8},{"utility":6,"ID":9},{"utility":63,"ID":10},{"utility":0,"ID":11},{"utility":0,"ID":12},{"utility":69,"ID":13},{"utility":2,"ID":14},{"utility":75,"ID":15},{"utility":89,"ID":16},{"utility":81,"ID":17},{"utility":80,"ID":18},{"utility":58,"ID":19},{"utility":53,"ID":20},{"utility":0,"ID":21},{"utility":0,"ID":22},{"utility":0,"ID":23},{"utility":84,"ID":24},{"utility":0,"ID":25}],"LAST COALITION":[[],[{"utility":0,"ID":7}],[{"utility":0,"ID":4}],[{"utility":0,"ID":23}],[{"utility":34,"ID":1},{"utility":80,"ID":18}],[{"utility":6,"ID":9},{"utility":69,"ID":13}],[{"utility":0,"ID":5}],[{"utility":0,"ID":12}],[{"utility":0,"ID":21}],[{"utility":0,"ID":22},{"utility":0,"ID":25}],[{"utility":0,"ID":2},{"utility":89,"ID":16}],[{"utility":2,"ID":14},{"utility":53,"ID":20}],[{"utility":0,"ID":6}],[{"utility":14,"ID":8},{"utility":58,"ID":19}],[{"utility":63,"ID":10},{"utility":81,"ID":17}],[{"utility":75,"ID":15},{"utility":84,"ID":24}],[{"utility":0,"ID":11}],[{"utility":0,"ID":3}],[],[],[],[],[],[],[],[]],"STARTING COALITION: ":[[null],[{"utility":3,"ID":9},{"utility":34.5,"ID":13},{"utility":6,"ID":19}],[{"utility":0,"ID":4}],[{"utility":50.333333333333336,"ID":15},{"utility":0,"ID":18},{"utility":25.333333333333332,"ID":23},{"utility":33.666666666666664,"ID":24}],[{"utility":87,"ID":1},{"utility":0,"ID":17}],[{"utility":0,"ID":7}],[{"utility":0,"ID":5}],[{"utility":0,"ID":8},{"utility":14,"ID":12},{"utility":0,"ID":20}],[{"utility":0,"ID":21}],[{"utility":0,"ID":10},{"utility":24,"ID":14},{"utility":1,"ID":22},{"utility":21.666666666666668,"ID":25}],[{"utility":0,"ID":2},{"utility":89,"ID":16}],[{"utility":0,"ID":6},{"utility":0,"ID":11}],[{"utility":0,"ID":3}],[],[],[],[],[],[],[],[],[],[],[],[],[]],"CORE :":true,"LAST PARTITION":{"22":9,"23":3,"24":15,"25":9,"10":14,"11":16,"12":7,"13":5,"14":11,"15":15,"16":10,"17":14,"18":4,"19":13,"1":4,"2":10,"3":17,"4":2,"5":6,"6":12,"7":1,"8":13,"9":5,"20":11,"21":8}},{"STARTING PARTITION: ":{"22":3,"23":9,"24":1,"25":10,"10":2,"11":10,"12":4,"13":5,"14":6,"15":3,"16":9,"17":3,"18":1,"19":4,"1":4,"2":2,"3":7,"4":10,"5":4,"6":10,"7":4,"8":1,"9":2,"20":8,"21":12},"Agents":[null,{"utility":34,"ID":1},{"utility":0,"ID":2},{"utility":0,"ID":3},{"utility":0,"ID":4},{"utility":0,"ID":5},{"utility":0,"ID":6},{"utility":0,"ID":7},{"utility":14,"ID":8},{"utility":6,"ID":9},{"utility":63,"ID":10},{"utility":0,"ID":11},{"utility":0,"ID":12},{"utility":69,"ID":13},{"utility":2,"ID":14},{"utility":75,"ID":15},{"utility":0,"ID":16},{"utility":81,"ID":17},{"utility":80,"ID":18},{"utility":58,"ID":19},{"utility":53,"ID":20},{"utility":0,"ID":21},{"utility":0,"ID":22},{"utility":0,"ID":23},{"utility":84,"ID":24},{"utility":17.5,"ID":25}],"LAST COALITION":[[],[{"utility":2,"ID":14},{"utility":53,"ID":20}],[{"utility":0,"ID":2}],[{"utility":0,"ID":22}],[{"utility":0,"ID":5},{"utility":0,"ID":12}],[{"utility":0,"ID":6}],[{"utility":75,"ID":15},{"utility":84,"ID":24}],[{"utility":0,"ID":7}],[],[{"utility":0,"ID":23}],[{"utility":0,"ID":4},{"utility":0,"ID":11},{"utility":17.5,"ID":25}],[{"utility":34,"ID":1},{"utility":80,"ID":18}],[{"utility":0,"ID":21}],[],[{"utility":14,"ID":8},{"utility":58,"ID":19}],[{"utility":6,"ID":9},{"utility":69,"ID":13}],[{"utility":0,"ID":16}],[{"utility":63,"ID":10},{"utility":81,"ID":17}],[{"utility":0,"ID":3}],[],[],[],[],[],[],[]],"STARTING COALITION: ":[[null],[{"utility":0,"ID":8},{"utility":0,"ID":18},{"utility":29.5,"ID":24}],[{"utility":0,"ID":2},{"utility":40,"ID":9},{"utility":0,"ID":10}],[{"utility":0,"ID":15},{"utility":11,"ID":17},{"utility":0,"ID":22}],[{"utility":33.75,"ID":1},{"utility":0,"ID":5},{"utility":19.75,"ID":7},{"utility":21,"ID":12},{"utility":14.25,"ID":19}],[{"utility":0,"ID":13}],[{"utility":0,"ID":14}],[{"utility":0,"ID":3}],[{"utility":0,"ID":20}],[{"utility":0,"ID":16},{"utility":0,"ID":23}],[{"utility":0,"ID":4},{"utility":0,"ID":6},{"utility":0,"ID":11},{"utility":11.666666666666666,"ID":25}],[],[{"utility":0,"ID":21}],[],[],[],[],[],[],[],[],[],[],[],[],[]],"CORE :":true,"LAST PARTITION":{"22":3,"23":9,"24":6,"25":10,"10":17,"11":10,"12":4,"13":15,"14":1,"15":6,"16":16,"17":17,"18":11,"19":14,"1":11,"2":2,"3":18,"4":10,"5":4,"6":5,"7":7,"8":14,"9":15,"20":1,"21":12}},{"STARTING PARTITION: ":{"22":2,"23":12,"24":6,"25":3,"10":8,"11":6,"12":4,"13":9,"14":12,"15":7,"16":10,"17":2,"18":5,"19":5,"1":7,"2":6,"3":1,"4":5,"5":5,"6":11,"7":5,"8":11,"9":11,"20":10,"21":4},"Agents":[null,{"utility":34,"ID":1},{"utility":0,"ID":2},{"utility":0,"ID":3},{"utility":0,"ID":4},{"utility":0,"ID":5},{"utility":0,"ID":6},{"utility":0,"ID":7},{"utility":14,"ID":8},{"utility":6,"ID":9},{"utility":63,"ID":10},{"utility":0,"ID":11},{"utility":0,"ID":12},{"utility":69,"ID":13},{"utility":2,"ID":14},{"utility":75,"ID":15},{"utility":0,"ID":16},{"utility":81,"ID":17},{"utility":80,"ID":18},{"utility":58,"ID":19},{"utility":53,"ID":20},{"utility":0,"ID":21},{"utility":0,"ID":22},{"utility":0,"ID":23},{"utility":84,"ID":24},{"utility":0,"ID":25}],"LAST COALITION":[[],[{"utility":0,"ID":6}],[{"utility":0,"ID":22}],[{"utility":0,"ID":25}],[{"utility":0,"ID":12},{"utility":0,"ID":21}],[{"utility":0,"ID":4},{"utility":0,"ID":5}],[{"utility":0,"ID":2}],[{"utility":0,"ID":7}],[{"utility":63,"ID":10},{"utility":81,"ID":17}],[{"utility":6,"ID":9},{"utility":69,"ID":13}],[{"utility":75,"ID":15},{"utility":84,"ID":24}],[{"utility":0,"ID":16}],[{"utility":0,"ID":23}],[{"utility":0,"ID":11}],[{"utility":34,"ID":1},{"utility":80,"ID":18}],[{"utility":2,"ID":14},{"utility":53,"ID":20}],[{"utility":14,"ID":8},{"utility":58,"ID":19}],[],[{"utility":0,"ID":3}],[],[],[],[],[],[],[]],"STARTING COALITION: ":[[null],[{"utility":0,"ID":3}],[{"utility":22,"ID":17},{"utility":0,"ID":22}],[{"utility":0,"ID":25}],[{"utility":0,"ID":12},{"utility":0,"ID":21}],[{"utility":0,"ID":4},{"utility":0,"ID":5},{"utility":19.75,"ID":7},{"utility":44,"ID":18},{"utility":14.25,"ID":19}],[{"utility":0,"ID":2},{"utility":0,"ID":11},{"utility":42.5,"ID":24}],[{"utility":0,"ID":1},{"utility":62,"ID":15}],[{"utility":0,"ID":10}],[{"utility":0,"ID":13}],[{"utility":0,"ID":16},{"utility":0,"ID":20}],[{"utility":0,"ID":6},{"utility":0,"ID":8},{"utility":5.5,"ID":9}],[{"utility":0,"ID":14},{"utility":0,"ID":23}],[],[],[],[],[],[],[],[],[],[],[],[],[]],"CORE :":true,"LAST PARTITION":{"22":2,"23":12,"24":10,"25":3,"10":8,"11":13,"12":4,"13":9,"14":15,"15":10,"16":11,"17":8,"18":14,"19":16,"1":14,"2":6,"3":18,"4":5,"5":5,"6":1,"7":7,"8":16,"9":9,"20":15,"21":4}},{"STARTING PARTITION: ":{"22":10,"23":9,"24":9,"25":6,"10":4,"11":5,"12":2,"13":8,"14":11,"15":11,"16":8,"17":8,"18":2,"19":4,"1":2,"2":7,"3":4,"4":3,"5":6,"6":11,"7":8,"8":1,"9":8,"20":2,"21":8},"Agents":[null,{"utility":34,"ID":1},{"utility":0,"ID":2},{"utility":0,"ID":3},{"utility":0,"ID":4},{"utility":0,"ID":5},{"utility":0,"ID":6},{"utility":0,"ID":7},{"utility":14,"ID":8},{"utility":6,"ID":9},{"utility":63,"ID":10},{"utility":0,"ID":11},{"utility":0,"ID":12},{"utility":69,"ID":13},{"utility":2,"ID":14},{"utility":75,"ID":15},{"utility":0,"ID":16},{"utility":81,"ID":17},{"utility":80,"ID":18},{"utility":58,"ID":19},{"utility":53,"ID":20},{"utility":0,"ID":21},{"utility":0,"ID":22},{"utility":0,"ID":23},{"utility":84,"ID":24},{"utility":80,"ID":25}],"LAST COALITION":[[],[{"utility":0,"ID":16}],[{"utility":0,"ID":12}],[{"utility":0,"ID":4}],[{"utility":63,"ID":10},{"utility":81,"ID":17}],[{"utility":0,"ID":11}],[{"utility":0,"ID":5},{"utility":80,"ID":25}],[{"utility":0,"ID":2}],[{"utility":0,"ID":21}],[{"utility":0,"ID":23}],[{"utility":0,"ID":22}],[{"utility":75,"ID":15},{"utility":84,"ID":24}],[{"utility":34,"ID":1},{"utility":80,"ID":18}],[{"utility":6,"ID":9},{"utility":69,"ID":13}],[{"utility":0,"ID":6}],[{"utility":0,"ID":7}],[{"utility":14,"ID":8},{"utility":58,"ID":19}],[{"utility":2,"ID":14},{"utility":53,"ID":20}],[{"utility":0,"ID":3}],[],[],[],[],[],[],[]],"STARTING COALITION: ":[[null],[{"utility":0,"ID":8}],[{"utility":26.333333333333332,"ID":1},{"utility":0,"ID":12},{"utility":58.666666666666664,"ID":18},{"utility":0,"ID":20}],[{"utility":0,"ID":4}],[{"utility":0,"ID":3},{"utility":25,"ID":10},{"utility":2.5,"ID":19}],[{"utility":0,"ID":11}],[{"utility":0,"ID":5},{"utility":80,"ID":25}],[{"utility":0,"ID":2}],[{"utility":0,"ID":7},{"utility":10,"ID":9},{"utility":13.8,"ID":13},{"utility":18.4,"ID":16},{"utility":4.2,"ID":17},{"utility":8.2,"ID":21}],[{"utility":0,"ID":23},{"utility":0,"ID":24}],[{"utility":0,"ID":22}],[{"utility":0,"ID":6},{"utility":17,"ID":14},{"utility":0,"ID":15}],[],[],[],[],[],[],[],[],[],[],[],[],[],[]],"CORE :":true,"LAST PARTITION":{"22":10,"23":9,"24":11,"25":6,"10":4,"11":5,"12":2,"13":13,"14":17,"15":11,"16":1,"17":4,"18":12,"19":16,"1":12,"2":7,"3":18,"4":3,"5":6,"6":14,"7":15,"8":16,"9":13,"20":17,"21":8}},{"STARTING PARTITION: ":{"22":3,"23":1,"24":2,"25":7,"10":3,"11":5,"12":1,"13":9,"14":6,"15":4,"16":9,"17":7,"18":2,"19":8,"1":9,"2":5,"3":12,"4":1,"5":4,"6":10,"7":12,"8":1,"9":8,"20":8,"21":11},"Agents":[null,{"utility":34,"ID":1},{"utility":0,"ID":2},{"utility":0,"ID":3},{"utility":11.5,"ID":4},{"utility":0,"ID":5},{"utility":0,"ID":6},{"utility":0,"ID":7},{"utility":14,"ID":8},{"utility":6,"ID":9},{"utility":63,"ID":10},{"utility":0,"ID":11},{"utility":0,"ID":12},{"utility":69,"ID":13},{"utility":2,"ID":14},{"utility":75,"ID":15},{"utility":0,"ID":16},{"utility":81,"ID":17},{"utility":80,"ID":18},{"utility":58,"ID":19},{"utility":53,"ID":20},{"utility":0,"ID":21},{"utility":0,"ID":22},{"utility":6.5,"ID":23},{"utility":84,"ID":24},{"utility":0,"ID":25}],"LAST COALITION":[[],[{"utility":11.5,"ID":4},{"utility":0,"ID":12},{"utility":6.5,"ID":23}],[{"utility":6,"ID":9},{"utility":69,"ID":13}],[{"utility":0,"ID":22}],[{"utility":0,"ID":5}],[{"utility":0,"ID":2}],[{"utility":75,"ID":15},{"utility":84,"ID":24}],[{"utility":0,"ID":25}],[],[{"utility":63,"ID":10},{"utility":81,"ID":17}],[{"utility":0,"ID":16}],[{"utility":0,"ID":21}],[{"utility":0,"ID":7}],[{"utility":0,"ID":11}],[{"utility":34,"ID":1},{"utility":80,"ID":18}],[{"utility":14,"ID":8},{"utility":58,"ID":19}],[{"utility":0,"ID":6}],[{"utility":2,"ID":14},{"utility":53,"ID":20}],[],[{"utility":0,"ID":3}],[],[],[],[],[],[]],"STARTING COALITION: ":[[null],[{"utility":21,"ID":4},{"utility":0,"ID":8},{"utility":9.333333333333334,"ID":12},{"utility":22,"ID":23}],[{"utility":0,"ID":18},{"utility":17,"ID":24}],[{"utility":0,"ID":10},{"utility":3,"ID":22}],[{"utility":0,"ID":5},{"utility":0,"ID":15}],[{"utility":0,"ID":2},{"utility":0,"ID":11}],[{"utility":0,"ID":14}],[{"utility":0,"ID":17},{"utility":0,"ID":25}],[{"utility":0,"ID":9},{"utility":0,"ID":19},{"utility":32.5,"ID":20}],[{"utility":0,"ID":1},{"utility":0,"ID":13},{"utility":1,"ID":16}],[{"utility":0,"ID":6}],[{"utility":0,"ID":21}],[{"utility":0,"ID":3},{"utility":0,"ID":7}],[],[],[],[],[],[],[],[],[],[],[],[],[]],"CORE :":true,"LAST PARTITION":{"22":3,"23":1,"24":6,"25":7,"10":9,"11":13,"12":1,"13":2,"14":17,"15":6,"16":10,"17":9,"18":14,"19":15,"1":14,"2":5,"3":19,"4":1,"5":4,"6":16,"7":12,"8":15,"9":2,"20":17,"21":11}},{"STARTING PARTITION: ":{"22":12,"23":8,"24":8,"25":4,"10":4,"11":2,"12":7,"13":6,"14":11,"15":8,"16":9,"17":6,"18":12,"19":3,"1":1,"2":9,"3":4,"4":2,"5":8,"6":12,"7":8,"8":6,"9":9,"20":10,"21":6},"Agents":[null,{"utility":34,"ID":1},{"utility":0,"ID":2},{"utility":0,"ID":3},{"utility":0,"ID":4},{"utility":80,"ID":5},{"utility":0,"ID":6},{"utility":0,"ID":7},{"utility":14,"ID":8},{"utility":6,"ID":9},{"utility":63,"ID":10},{"utility":0,"ID":11},{"utility":0,"ID":12},{"utility":69,"ID":13},{"utility":2,"ID":14},{"utility":75,"ID":15},{"utility":89,"ID":16},{"utility":81,"ID":17},{"utility":80,"ID":18},{"utility":58,"ID":19},{"utility":53,"ID":20},{"utility":0,"ID":21},{"utility":0,"ID":22},{"utility":0,"ID":23},{"utility":84,"ID":24},{"utility":0,"ID":25}],"LAST COALITION":[[],[{"utility":34,"ID":1},{"utility":80,"ID":18}],[{"utility":0,"ID":4}],[{"utility":14,"ID":8},{"utility":58,"ID":19}],[{"utility":0,"ID":25}],[{"utility":0,"ID":11}],[{"utility":0,"ID":21}],[{"utility":0,"ID":12}],[{"utility":80,"ID":5},{"utility":0,"ID":23}],[{"utility":0,"ID":2},{"utility":89,"ID":16}],[{"utility":75,"ID":15},{"utility":84,"ID":24}],[],[{"utility":0,"ID":22}],[{"utility":6,"ID":9},{"utility":69,"ID":13}],[{"utility":0,"ID":6}],[{"utility":2,"ID":14},{"utility":53,"ID":20}],[{"utility":0,"ID":7}],[{"utility":63,"ID":10},{"utility":81,"ID":17}],[],[{"utility":0,"ID":3}],[],[],[],[],[],[]],"STARTING COALITION: ":[[null],[{"utility":0,"ID":1}],[{"utility":0,"ID":4},{"utility":0,"ID":11}],[{"utility":0,"ID":19}],[{"utility":0,"ID":3},{"utility":0,"ID":10},{"utility":0,"ID":25}],[],[{"utility":16.666666666666668,"ID":8},{"utility":17,"ID":13},{"utility":0,"ID":17},{"utility":0,"ID":21}],[{"utility":0,"ID":12}],[{"utility":25.5,"ID":5},{"utility":9.25,"ID":7},{"utility":37.75,"ID":15},{"utility":0,"ID":23},{"utility":21,"ID":24}],[{"utility":0,"ID":2},{"utility":0,"ID":9},{"utility":44.5,"ID":16}],[{"utility":0,"ID":20}],[{"utility":0,"ID":14}],[{"utility":0,"ID":6},{"utility":0,"ID":18},{"utility":67.5,"ID":22}],[],[],[],[],[],[],[],[],[],[],[],[],[]],"CORE :":true,"LAST PARTITION":{"22":12,"23":8,"24":10,"25":4,"10":17,"11":5,"12":7,"13":13,"14":15,"15":10,"16":9,"17":17,"18":1,"19":3,"1":1,"2":9,"3":19,"4":2,"5":8,"6":14,"7":16,"8":3,"9":13,"20":15,"21":6}},{"STARTING PARTITION: ":{"22":2,"23":4,"24":8,"25":6,"10":9,"11":12,"12":8,"13":7,"14":2,"15":12,"16":2,"17":12,"18":4,"19":11,"1":2,"2":5,"3":7,"4":12,"5":10,"6":7,"7":8,"8":5,"9":1,"20":6,"21":12},"Agents":[null,{"utility":34,"ID":1},{"utility":0,"ID":2},{"utility":0,"ID":3},{"utility":20.5,"ID":4},{"utility":0,"ID":5},{"utility":0,"ID":6},{"utility":0,"ID":7},{"utility":14,"ID":8},{"utility":6,"ID":9},{"utility":63,"ID":10},{"utility":0,"ID":11},{"utility":0,"ID":12},{"utility":69,"ID":13},{"utility":2,"ID":14},{"utility":75,"ID":15},{"utility":0,"ID":16},{"utility":81,"ID":17},{"utility":80,"ID":18},{"utility":58,"ID":19},{"utility":53,"ID":20},{"utility":10.5,"ID":21},{"utility":0,"ID":22},{"utility":0,"ID":23},{"utility":84,"ID":24},{"utility":0,"ID":25}],"LAST COALITION":[[],[{"utility":14,"ID":8},{"utility":58,"ID":19}],[{"utility":0,"ID":22}],[{"utility":34,"ID":1},{"utility":80,"ID":18}],[{"utility":0,"ID":23}],[{"utility":0,"ID":2}],[{"utility":0,"ID":25}],[{"utility":0,"ID":7}],[{"utility":0,"ID":12}],[{"utility":63,"ID":10},{"utility":81,"ID":17}],[{"utility":0,"ID":5}],[{"utility":6,"ID":9},{"utility":69,"ID":13}],[{"utility":20.5,"ID":4},{"utility":0,"ID":11},{"utility":10.5,"ID":21}],[{"utility":0,"ID":16}],[{"utility":0,"ID":6}],[{"utility":0,"ID":3}],[{"utility":2,"ID":14},{"utility":53,"ID":20}],[{"utility":75,"ID":15},{"utility":84,"ID":24}],[],[],[],[],[],[],[],[]],"STARTING COALITION: ":[[null],[{"utility":0,"ID":9}],[{"utility":0,"ID":1},{"utility":0,"ID":14},{"utility":20.666666666666668,"ID":16},{"utility":11.333333333333334,"ID":22}],[],[{"utility":0,"ID":18},{"utility":76,"ID":23}],[{"utility":0,"ID":2},{"utility":0,"ID":8}],[{"utility":0,"ID":20},{"utility":0,"ID":25}],[{"utility":0,"ID":3},{"utility":0,"ID":6},{"utility":44.5,"ID":13}],[{"utility":0,"ID":7},{"utility":42,"ID":12},{"utility":13,"ID":24}],[{"utility":0,"ID":10}],[{"utility":0,"ID":5}],[{"utility":0,"ID":19}],[{"utility":10.25,"ID":4},{"utility":38.5,"ID":11},{"utility":0,"ID":15},{"utility":0,"ID":17},{"utility":5.25,"ID":21}],[],[],[],[],[],[],[],[],[],[],[],[],[]],"CORE :":true,"LAST PARTITION":{"22":2,"23":4,"24":17,"25":6,"10":9,"11":12,"12":8,"13":11,"14":16,"15":17,"16":13,"17":9,"18":3,"19":1,"1":3,"2":5,"3":15,"4":12,"5":10,"6":14,"7":7,"8":1,"9":11,"20":16,"21":12}},{"STARTING PARTITION: ":{"22":8,"23":4,"24":9,"25":8,"10":7,"11":10,"12":8,"13":9,"14":5,"15":8,"16":5,"17":10,"18":1,"19":11,"1":8,"2":6,"3":9,"4":11,"5":6,"6":4,"7":3,"8":2,"9":10,"20":9,"21":4},"Agents":[null,{"utility":34,"ID":1},{"utility":0,"ID":2},{"utility":0,"ID":3},{"utility":0,"ID":4},{"utility":41,"ID":5},{"utility":0,"ID":6},{"utility":0,"ID":7},{"utility":14,"ID":8},{"utility":6,"ID":9},{"utility":63,"ID":10},{"utility":0,"ID":11},{"utility":47.5,"ID":12},{"utility":69,"ID":13},{"utility":2,"ID":14},{"utility":75,"ID":15},{"utility":0,"ID":16},{"utility":81,"ID":17},{"utility":80,"ID":18},{"utility":58,"ID":19},{"utility":53,"ID":20},{"utility":0,"ID":21},{"utility":0,"ID":22},{"utility":0,"ID":23},{"utility":84,"ID":24},{"utility":0,"ID":25}],"LAST COALITION":[[],[{"utility":6,"ID":9},{"utility":69,"ID":13}],[{"utility":0,"ID":6}],[{"utility":14,"ID":8},{"utility":58,"ID":19}],[{"utility":0,"ID":21},{"utility":0,"ID":23}],[{"utility":75,"ID":15},{"utility":84,"ID":24}],[{"utility":0,"ID":2},{"utility":41,"ID":5}],[{"utility":63,"ID":10},{"utility":81,"ID":17}],[{"utility":47.5,"ID":12},{"utility":0,"ID":22},{"utility":0,"ID":25}],[],[{"utility":0,"ID":11}],[{"utility":0,"ID":4}],[{"utility":34,"ID":1},{"utility":80,"ID":18}],[{"utility":0,"ID":7}],[{"utility":0,"ID":16}],[{"utility":2,"ID":14},{"utility":53,"ID":20}],[{"utility":0,"ID":3}],[],[],[],[],[],[],[],[],[]],"STARTING COALITION: ":[[null],[{"utility":0,"ID":18}],[{"utility":0,"ID":8}],[{"utility":0,"ID":7}],[{"utility":52,"ID":6},{"utility":0,"ID":21},{"utility":0,"ID":23}],[{"utility":0,"ID":14},{"utility":33,"ID":16}],[{"utility":0,"ID":2},{"utility":41,"ID":5}],[{"utility":0,"ID":10}],[{"utility":12.75,"ID":1},{"utility":41.5,"ID":12},{"utility":15.5,"ID":15},{"utility":8.5,"ID":22},{"utility":0,"ID":25}],[{"utility":0.6666666666666666,"ID":3},{"utility":29.666666666666668,"ID":13},{"utility":10.333333333333334,"ID":20},{"utility":18,"ID":24}],[{"utility":12,"ID":9},{"utility":64.5,"ID":11},{"utility":10.5,"ID":17}],[{"utility":0,"ID":4},{"utility":0,"ID":19}],[],[],[],[],[],[],[],[],[],[],[],[],[],[]],"CORE :":true,"LAST PARTITION":{"22":8,"23":4,"24":5,"25":8,"10":7,"11":10,"12":8,"13":1,"14":15,"15":5,"16":14,"17":7,"18":12,"19":3,"1":12,"2":6,"3":16,"4":11,"5":6,"6":2,"7":13,"8":3,"9":1,"20":15,"21":4}},{"STARTING PARTITION: ":{"22":10,"23":1,"24":5,"25":9,"10":10,"11":5,"12":2,"13":9,"14":3,"15":8,"16":5,"17":6,"18":11,"19":6,"1":12,"2":11,"3":4,"4":12,"5":6,"6":6,"7":2,"8":2,"9":7,"20":5,"21":4},"Agents":[null,{"utility":34,"ID":1},{"utility":0,"ID":2},{"utility":77,"ID":3},{"utility":0,"ID":4},{"utility":0,"ID":5},{"utility":0,"ID":6},{"utility":0,"ID":7},{"utility":14,"ID":8},{"utility":6,"ID":9},{"utility":63,"ID":10},{"utility":0,"ID":11},{"utility":0,"ID":12},{"utility":69,"ID":13},{"utility":2,"ID":14},{"utility":65,"ID":15},{"utility":0,"ID":16},{"utility":81,"ID":17},{"utility":80,"ID":18},{"utility":58,"ID":19},{"utility":53,"ID":20},{"utility":0,"ID":21},{"utility":0,"ID":22},{"utility":0,"ID":23},{"utility":85,"ID":24},{"utility":0,"ID":25}],"LAST COALITION":[[],[{"utility":0,"ID":23}],[{"utility":0,"ID":12}],[],[{"utility":0,"ID":21}],[{"utility":0,"ID":11},{"utility":85,"ID":24}],[{"utility":0,"ID":5},{"utility":0,"ID":6}],[{"utility":14,"ID":8},{"utility":58,"ID":19}],[{"utility":6,"ID":9},{"utility":69,"ID":13}],[{"utility":0,"ID":25}],[{"utility":0,"ID":22}],[{"utility":0,"ID":2}],[{"utility":0,"ID":4}],[{"utility":34,"ID":1},{"utility":80,"ID":18}],[{"utility":0,"ID":16}],[{"utility":63,"ID":10},{"utility":81,"ID":17}],[{"utility":0,"ID":7}],[{"utility":2,"ID":14},{"utility":53,"ID":20}],[],[{"utility":77,"ID":3},{"utility":65,"ID":15}],[],[],[],[],[],[]],"STARTING COALITION: ":[[null],[{"utility":0,"ID":23}],[{"utility":44,"ID":7},{"utility":0,"ID":8},{"utility":56,"ID":12}],[{"utility":0,"ID":14}],[{"utility":20,"ID":3},{"utility":0,"ID":21}],[{"utility":33,"ID":11},{"utility":7.666666666666667,"ID":16},{"utility":0,"ID":20},{"utility":28.333333333333332,"ID":24}],[{"utility":0,"ID":5},{"utility":0,"ID":6},{"utility":0,"ID":17},{"utility":15.333333333333334,"ID":19}],[{"utility":0,"ID":9}],[{"utility":0,"ID":15}],[{"utility":0,"ID":13},{"utility":0,"ID":25}],[{"utility":0,"ID":10},{"utility":3,"ID":22}],[{"utility":0,"ID":2},{"utility":0,"ID":18}],[{"utility":0,"ID":1},{"utility":0,"ID":4}],[],[],[],[],[],[],[],[],[],[],[],[],[]],"CORE :":true,"LAST PARTITION":{"22":10,"23":1,"24":5,"25":9,"10":15,"11":5,"12":2,"13":8,"14":17,"15":19,"16":14,"17":15,"18":13,"19":7,"1":13,"2":11,"3":19,"4":12,"5":6,"6":6,"7":16,"8":7,"9":8,"20":17,"21":4}},{"STARTING PARTITION: ":{"22":12,"23":12,"24":7,"25":6,"10":10,"11":1,"12":5,"13":7,"14":11,"15":12,"16":4,"17":2,"18":3,"19":5,"1":9,"2":8,"3":2,"4":10,"5":10,"6":7,"7":10,"8":1,"9":2,"20":3,"21":6},"Agents":[null,{"utility":34,"ID":1},{"utility":0,"ID":2},{"utility":0,"ID":3},{"utility":0,"ID":4},{"utility":0,"ID":5},{"utility":0,"ID":6},{"utility":0,"ID":7},{"utility":14,"ID":8},{"utility":6,"ID":9},{"utility":63,"ID":10},{"utility":0,"ID":11},{"utility":0,"ID":12},{"utility":69,"ID":13},{"utility":2,"ID":14},{"utility":75,"ID":15},{"utility":0,"ID":16},{"utility":81,"ID":17},{"utility":80,"ID":18},{"utility":58,"ID":19},{"utility":53,"ID":20},{"utility":0,"ID":21},{"utility":0,"ID":22},{"utility":0,"ID":23},{"utility":84,"ID":24},{"utility":0,"ID":25}],"LAST COALITION":[[],[{"utility":6,"ID":9},{"utility":69,"ID":13}],[{"utility":0,"ID":16}],[{"utility":75,"ID":15},{"utility":84,"ID":24}],[{"utility":14,"ID":8},{"utility":58,"ID":19}],[{"utility":0,"ID":12}],[{"utility":0,"ID":21},{"utility":0,"ID":25}],[{"utility":0,"ID":6}],[{"utility":0,"ID":2}],[{"utility":34,"ID":1},{"utility":80,"ID":18}],[{"utility":0,"ID":4},{"utility":0,"ID":5}],[],[{"utility":0,"ID":22},{"utility":0,"ID":23}],[{"utility":0,"ID":11}],[{"utility":2,"ID":14},{"utility":53,"ID":20}],[{"utility":0,"ID":7}],[],[{"utility":63,"ID":10},{"utility":81,"ID":17}],[{"utility":0,"ID":3}],[],[],[],[],[],[],[]],"STARTING COALITION: ":[[null],[{"utility":0,"ID":8},{"utility":0,"ID":11}],[{"utility":41,"ID":3},{"utility":12,"ID":9},{"utility":10.5,"ID":17}],[{"utility":0,"ID":18},{"utility":0,"ID":20}],[{"utility":0,"ID":16}],[{"utility":0,"ID":12},{"utility":0,"ID":19}],[{"utility":0,"ID":21},{"utility":0,"ID":25}],[{"utility":33,"ID":6},{"utility":0,"ID":13},{"utility":40.5,"ID":24}],[{"utility":0,"ID":2}],[{"utility":0,"ID":1}],[{"utility":0,"ID":4},{"utility":0,"ID":5},{"utility":0,"ID":7},{"utility":0,"ID":10}],[{"utility":0,"ID":14}],[{"utility":38,"ID":15},{"utility":0,"ID":22},{"utility":0,"ID":23}],[],[],[],[],[],[],[],[],[],[],[],[],[]],"CORE :":true,"LAST PARTITION":{"22":12,"23":12,"24":3,"25":6,"10":17,"11":13,"12":5,"13":1,"14":14,"15":3,"16":2,"17":17,"18":9,"19":4,"1":9,"2":8,"3":18,"4":10,"5":10,"6":7,"7":15,"8":4,"9":1,"20":14,"21":6}},{"STARTING PARTITION: ":{"22":9,"23":5,"24":9,"25":2,"10":7,"11":5,"12":2,"13":11,"14":5,"15":5,"16":9,"17":10,"18":3,"19":10,"1":6,"2":11,"3":3,"4":7,"5":2,"6":9,"7":1,"8":9,"9":7,"20":11,"21":8},"Agents":[null,{"utility":34,"ID":1},{"utility":16,"ID":2},{"utility":0,"ID":3},{"utility":0,"ID":4},{"utility":0,"ID":5},{"utility":0,"ID":6},{"utility":0,"ID":7},{"utility":14,"ID":8},{"utility":6,"ID":9},{"utility":63,"ID":10},{"utility":0,"ID":11},{"utility":47.5,"ID":12},{"utility":69,"ID":13},{"utility":5,"ID":14},{"utility":75,"ID":15},{"utility":0,"ID":16},{"utility":81,"ID":17},{"utility":80,"ID":18},{"utility":58,"ID":19},{"utility":0,"ID":20},{"utility":0,"ID":21},{"utility":0,"ID":22},{"utility":29,"ID":23},{"utility":84,"ID":24},{"utility":40,"ID":25}],"LAST COALITION":[[],[{"utility":63,"ID":10},{"utility":81,"ID":17}],[{"utility":0,"ID":5},{"utility":47.5,"ID":12},{"utility":40,"ID":25}],[{"utility":0,"ID":6}],[{"utility":34,"ID":1},{"utility":80,"ID":18}],[{"utility":0,"ID":11},{"utility":5,"ID":14},{"utility":29,"ID":23}],[{"utility":6,"ID":9},{"utility":69,"ID":13}],[{"utility":0,"ID":4}],[{"utility":0,"ID":21}],[{"utility":0,"ID":22}],[{"utility":14,"ID":8},{"utility":58,"ID":19}],[{"utility":16,"ID":2},{"utility":0,"ID":20}],[{"utility":0,"ID":3}],[{"utility":0,"ID":16}],[{"utility":0,"ID":7}],[{"utility":75,"ID":15},{"utility":84,"ID":24}],[],[],[],[],[],[],[],[],[],[]],"STARTING COALITION: ":[[null],[{"utility":0,"ID":7}],[{"utility":0,"ID":5},{"utility":47.5,"ID":12},{"utility":40,"ID":25}],[{"utility":21,"ID":3},{"utility":72,"ID":18}],[],[{"utility":28,"ID":11},{"utility":3.3333333333333335,"ID":14},{"utility":25.333333333333332,"ID":15},{"utility":19.333333333333332,"ID":23}],[{"utility":0,"ID":1}],[{"utility":0,"ID":4},{"utility":40,"ID":9},{"utility":0,"ID":10}],[{"utility":0,"ID":21}],[{"utility":22.25,"ID":6},{"utility":3.25,"ID":8},{"utility":28.5,"ID":16},{"utility":27,"ID":22},{"utility":17.25,"ID":24}],[{"utility":0,"ID":17},{"utility":0,"ID":19}],[{"utility":8,"ID":2},{"utility":0,"ID":13},{"utility":15.5,"ID":20}],[],[],[],[],[],[],[],[],[],[],[],[],[],[]],"CORE :":true,"LAST PARTITION":{"22":9,"23":5,"24":15,"25":2,"10":1,"11":5,"12":2,"13":6,"14":5,"15":15,"16":13,"17":1,"18":4,"19":10,"1":4,"2":11,"3":12,"4":7,"5":2,"6":3,"7":14,"8":10,"9":6,"20":11,"21":8}},{"STARTING PARTITION: ":{"22":2,"23":3,"24":5,"25":9,"10":6,"11":5,"12":9,"13":12,"14":12,"15":7,"16":3,"17":8,"18":11,"19":5,"1":5,"2":4,"3":4,"4":4,"5":9,"6":7,"7":5,"8":4,"9":11,"20":9,"21":6},"Agents":[null,{"utility":34,"ID":1},{"utility":52,"ID":2},{"utility":0,"ID":3},{"utility":0,"ID":4},{"utility":0,"ID":5},{"utility":0,"ID":6},{"utility":0,"ID":7},{"utility":14,"ID":8},{"utility":6,"ID":9},{"utility":63,"ID":10},{"utility":0,"ID":11},{"utility":47.5,"ID":12},{"utility":69,"ID":13},{"utility":2,"ID":14},{"utility":75,"ID":15},{"utility":0,"ID":16},{"utility":81,"ID":17},{"utility":80,"ID":18},{"utility":58,"ID":19},{"utility":53,"ID":20},{"utility":0,"ID":21},{"utility":0,"ID":22},{"utility":0,"ID":23},{"utility":84,"ID":24},{"utility":40,"ID":25}],"LAST COALITION":[[],[{"utility":2,"ID":14},{"utility":53,"ID":20}],[{"utility":0,"ID":22}],[{"utility":0,"ID":23}],[{"utility":52,"ID":2},{"utility":0,"ID":4}],[{"utility":0,"ID":11}],[{"utility":0,"ID":21}],[{"utility":34,"ID":1},{"utility":80,"ID":18}],[{"utility":14,"ID":8},{"utility":58,"ID":19}],[{"utility":0,"ID":5},{"utility":47.5,"ID":12},{"utility":40,"ID":25}],[{"utility":0,"ID":6}],[{"utility":63,"ID":10},{"utility":81,"ID":17}],[{"utility":0,"ID":7}],[{"utility":6,"ID":9},{"utility":69,"ID":13}],[{"utility":75,"ID":15},{"utility":84,"ID":24}],[{"utility":0,"ID":16}],[],[{"utility":0,"ID":3}],[],[],[],[],[],[],[],[]],"STARTING COALITION: ":[[null],[],[{"utility":0,"ID":22}],[{"utility":0,"ID":16},{"utility":0,"ID":23}],[{"utility":17.333333333333332,"ID":2},{"utility":31.333333333333332,"ID":3},{"utility":13.333333333333334,"ID":4},{"utility":0,"ID":8}],[{"utility":39.75,"ID":1},{"utility":19.75,"ID":7},{"utility":40.75,"ID":11},{"utility":14.25,"ID":19},{"utility":21.25,"ID":24}],[{"utility":0,"ID":10},{"utility":80,"ID":21}],[{"utility":0,"ID":6},{"utility":0,"ID":15}],[{"utility":0,"ID":17}],[{"utility":0,"ID":5},{"utility":31.666666666666668,"ID":12},{"utility":29.333333333333332,"ID":20},{"utility":26.666666666666668,"ID":25}],[],[{"utility":0,"ID":9},{"utility":62,"ID":18}],[{"utility":95,"ID":13},{"utility":0,"ID":14}],[],[],[],[],[],[],[],[],[],[],[],[],[]],"CORE :":true,"LAST PARTITION":{"22":2,"23":3,"24":14,"25":9,"10":11,"11":5,"12":9,"13":13,"14":1,"15":14,"16":15,"17":11,"18":7,"19":8,"1":7,"2":4,"3":17,"4":4,"5":9,"6":10,"7":12,"8":8,"9":13,"20":1,"21":6}},{"STARTING PARTITION: ":{"22":8,"23":5,"24":7,"25":8,"10":9,"11":11,"12":11,"13":12,"14":3,"15":11,"16":1,"17":9,"18":4,"19":9,"1":10,"2":1,"3":8,"4":1,"5":10,"6":11,"7":5,"8":4,"9":1,"20":8,"21":4},"Agents":[null,{"utility":34,"ID":1},{"utility":52,"ID":2},{"utility":0,"ID":3},{"utility":0,"ID":4},{"utility":0,"ID":5},{"utility":0,"ID":6},{"utility":0,"ID":7},{"utility":14,"ID":8},{"utility":6,"ID":9},{"utility":63,"ID":10},{"utility":0,"ID":11},{"utility":0,"ID":12},{"utility":69,"ID":13},{"utility":2,"ID":14},{"utility":75,"ID":15},{"utility":0,"ID":16},{"utility":81,"ID":17},{"utility":80,"ID":18},{"utility":58,"ID":19},{"utility":53,"ID":20},{"utility":0,"ID":21},{"utility":0,"ID":22},{"utility":0,"ID":23},{"utility":84,"ID":24},{"utility":0,"ID":25}],"LAST COALITION":[[],[{"utility":52,"ID":2},{"utility":0,"ID":4}],[{"utility":34,"ID":1},{"utility":80,"ID":18}],[{"utility":75,"ID":15},{"utility":84,"ID":24}],[{"utility":0,"ID":21}],[{"utility":0,"ID":23}],[{"utility":0,"ID":3}],[{"utility":0,"ID":7}],[{"utility":0,"ID":22},{"utility":0,"ID":25}],[{"utility":63,"ID":10},{"utility":81,"ID":17}],[{"utility":0,"ID":5}],[{"utility":0,"ID":11},{"utility":0,"ID":12}],[{"utility":6,"ID":9},{"utility":69,"ID":13}],[{"utility":0,"ID":6}],[{"utility":14,"ID":8},{"utility":58,"ID":19}],[{"utility":0,"ID":16}],[{"utility":2,"ID":14},{"utility":53,"ID":20}],[],[],[],[],[],[],[],[],[]],"STARTING COALITION: ":[[null],[{"utility":17.333333333333332,"ID":2},{"utility":32.333333333333336,"ID":4},{"utility":0,"ID":9},{"utility":29.666666666666668,"ID":16}],[],[{"utility":0,"ID":14}],[{"utility":0,"ID":8},{"utility":0,"ID":18},{"utility":0,"ID":21}],[{"utility":0,"ID":7},{"utility":0,"ID":23}],[],[{"utility":0,"ID":24}],[{"utility":0.6666666666666666,"ID":3},{"utility":0,"ID":20},{"utility":25,"ID":22},{"utility":0,"ID":25}],[{"utility":56.5,"ID":10},{"utility":40.5,"ID":17},{"utility":2.5,"ID":19}],[{"utility":0,"ID":1},{"utility":0,"ID":5}],[{"utility":0,"ID":6},{"utility":28,"ID":11},{"utility":25.333333333333332,"ID":12},{"utility":0,"ID":15}],[{"utility":0,"ID":13}],[],[],[],[],[],[],[],[],[],[],[],[],[]],"CORE :":true,"LAST PARTITION":{"22":8,"23":5,"24":3,"25":8,"10":9,"11":11,"12":11,"13":12,"14":16,"15":3,"16":15,"17":9,"18":2,"19":14,"1":2,"2":1,"3":6,"4":1,"5":10,"6":13,"7":7,"8":14,"9":12,"20":16,"21":4}},{"STARTING PARTITION: ":{"22":9,"23":9,"24":5,"25":6,"10":9,"11":2,"12":9,"13":9,"14":3,"15":9,"16":2,"17":7,"18":7,"19":8,"1":9,"2":7,"3":1,"4":1,"5":10,"6":1,"7":6,"8":7,"9":6,"20":11,"21":1},"Agents":[null,{"utility":34,"ID":1},{"utility":0,"ID":2},{"utility":0,"ID":3},{"utility":41,"ID":4},{"utility":0,"ID":5},{"utility":0,"ID":6},{"utility":0,"ID":7},{"utility":14,"ID":8},{"utility":6,"ID":9},{"utility":63,"ID":10},{"utility":0,"ID":11},{"utility":0,"ID":12},{"utility":69,"ID":13},{"utility":2,"ID":14},{"utility":75,"ID":15},{"utility":0,"ID":16},{"utility":81,"ID":17},{"utility":80,"ID":18},{"utility":58,"ID":19},{"utility":53,"ID":20},{"utility":0,"ID":21},{"utility":0,"ID":22},{"utility":6.5,"ID":23},{"utility":84,"ID":24},{"utility":0,"ID":25}],"LAST COALITION":[[],[{"utility":41,"ID":4},{"utility":0,"ID":21}],[{"utility":0,"ID":11}],[{"utility":75,"ID":15},{"utility":84,"ID":24}],[{"utility":34,"ID":1},{"utility":80,"ID":18}],[{"utility":6,"ID":9},{"utility":69,"ID":13}],[{"utility":0,"ID":25}],[{"utility":0,"ID":2}],[{"utility":63,"ID":10},{"utility":81,"ID":17}],[{"utility":0,"ID":12},{"utility":0,"ID":22},{"utility":6.5,"ID":23}],[{"utility":0,"ID":5}],[],[{"utility":0,"ID":16}],[{"utility":0,"ID":6}],[{"utility":0,"ID":7}],[{"utility":14,"ID":8},{"utility":58,"ID":19}],[{"utility":2,"ID":14},{"utility":53,"ID":20}],[],[{"utility":0,"ID":3}],[],[],[],[],[],[],[]],"STARTING COALITION: ":[[null],[{"utility":6.666666666666667,"ID":3},{"utility":13.666666666666666,"ID":4},{"utility":17.666666666666668,"ID":6},{"utility":0,"ID":21}],[{"utility":99,"ID":11},{"utility":0,"ID":16}],[{"utility":0,"ID":14}],[],[{"utility":0,"ID":24}],[{"utility":0,"ID":7},{"utility":10,"ID":9},{"utility":0,"ID":25}],[{"utility":0,"ID":2},{"utility":0,"ID":8},{"utility":0,"ID":17},{"utility":0,"ID":18}],[{"utility":0,"ID":19}],[{"utility":7.5,"ID":1},{"utility":8.166666666666666,"ID":10},{"utility":11.833333333333334,"ID":12},{"utility":21.833333333333332,"ID":13},{"utility":37,"ID":15},{"utility":22.166666666666668,"ID":22},{"utility":2.1666666666666665,"ID":23}],[{"utility":0,"ID":5}],[{"utility":0,"ID":20}],[],[],[],[],[],[],[],[],[],[],[],[],[],[]],"CORE :":true,"LAST PARTITION":{"22":9,"23":9,"24":3,"25":6,"10":8,"11":2,"12":9,"13":5,"14":16,"15":3,"16":12,"17":8,"18":4,"19":15,"1":4,"2":7,"3":18,"4":1,"5":10,"6":13,"7":14,"8":15,"9":5,"20":16,"21":1}},{"STARTING PARTITION: ":{"22":6,"23":10,"24":5,"25":5,"10":10,"11":3,"12":2,"13":9,"14":4,"15":11,"16":11,"17":2,"18":9,"19":9,"1":10,"2":7,"3":3,"4":3,"5":10,"6":4,"7":12,"8":4,"9":12,"20":12,"21":10},"Agents":[null,{"utility":34,"ID":1},{"utility":0,"ID":2},{"utility":0,"ID":3},{"utility":0,"ID":4},{"utility":40,"ID":5},{"utility":0,"ID":6},{"utility":0,"ID":7},{"utility":14,"ID":8},{"utility":6,"ID":9},{"utility":63,"ID":10},{"utility":0,"ID":11},{"utility":0,"ID":12},{"utility":69,"ID":13},{"utility":2,"ID":14},{"utility":75,"ID":15},{"utility":0,"ID":16},{"utility":81,"ID":17},{"utility":80,"ID":18},{"utility":58,"ID":19},{"utility":53,"ID":20},{"utility":0,"ID":21},{"utility":0,"ID":22},{"utility":0,"ID":23},{"utility":84,"ID":24},{"utility":0,"ID":25}],"LAST COALITION":[[],[{"utility":0,"ID":11}],[{"utility":0,"ID":12}],[{"utility":0,"ID":4}],[{"utility":75,"ID":15},{"utility":84,"ID":24}],[{"utility":0,"ID":25}],[{"utility":0,"ID":22}],[{"utility":0,"ID":2}],[{"utility":34,"ID":1},{"utility":80,"ID":18}],[{"utility":6,"ID":9},{"utility":69,"ID":13}],[{"utility":40,"ID":5},{"utility":0,"ID":21},{"utility":0,"ID":23}],[{"utility":14,"ID":8},{"utility":58,"ID":19}],[],[{"utility":2,"ID":14},{"utility":53,"ID":20}],[{"utility":0,"ID":6}],[{"utility":0,"ID":7}],[],[{"utility":0,"ID":16}],[{"utility":63,"ID":10},{"utility":81,"ID":17}],[{"utility":0,"ID":3}],[],[],[],[],[],[]],"STARTING COALITION: ":[[null],[],[{"utility":0,"ID":12},{"utility":49,"ID":17}],[{"utility":0,"ID":3},{"utility":0,"ID":4},{"utility":0,"ID":11}],[{"utility":0,"ID":6},{"utility":0,"ID":8},{"utility":17,"ID":14}],[{"utility":0,"ID":24},{"utility":0,"ID":25}],[{"utility":0,"ID":22}],[{"utility":0,"ID":2}],[],[{"utility":0,"ID":13},{"utility":45,"ID":18},{"utility":6,"ID":19}],[{"utility":0,"ID":1},{"utility":20,"ID":5},{"utility":6,"ID":10},{"utility":20,"ID":21},{"utility":0,"ID":23}],[{"utility":0,"ID":15},{"utility":0,"ID":16}],[{"utility":0,"ID":7},{"utility":10,"ID":9},{"utility":0,"ID":20}],[],[],[],[],[],[],[],[],[],[],[],[],[]],"CORE :":true,"LAST PARTITION":{"22":6,"23":10,"24":4,"25":5,"10":18,"11":1,"12":2,"13":9,"14":13,"15":4,"16":17,"17":18,"18":8,"19":11,"1":8,"2":7,"3":19,"4":3,"5":10,"6":14,"7":15,"8":11,"9":9,"20":13,"21":10}},{"STARTING PARTITION: ":{"22":8,"23":2,"24":6,"25":9,"10":10,"11":6,"12":9,"13":3,"14":12,"15":7,"16":4,"17":7,"18":3,"19":8,"1":5,"2":2,"3":9,"4":3,"5":1,"6":3,"7":10,"8":7,"9":7,"20":2,"21":11},"Agents":[null,{"utility":34,"ID":1},{"utility":84,"ID":2},{"utility":0,"ID":3},{"utility":0,"ID":4},{"utility":0,"ID":5},{"utility":0,"ID":6},{"utility":0,"ID":7},{"utility":14,"ID":8},{"utility":6,"ID":9},{"utility":63,"ID":10},{"utility":0,"ID":11},{"utility":95,"ID":12},{"utility":69,"ID":13},{"utility":2,"ID":14},{"utility":75,"ID":15},{"utility":0,"ID":16},{"utility":81,"ID":17},{"utility":80,"ID":18},{"utility":58,"ID":19},{"utility":53,"ID":20},{"utility":0,"ID":21},{"utility":0,"ID":22},{"utility":0,"ID":23},{"utility":84,"ID":24},{"utility":0,"ID":25}],"LAST COALITION":[[],[{"utility":0,"ID":5}],[{"utility":84,"ID":2},{"utility":0,"ID":23}],[{"utility":0,"ID":4}],[{"utility":14,"ID":8},{"utility":58,"ID":19}],[{"utility":34,"ID":1},{"utility":80,"ID":18}],[{"utility":0,"ID":7}],[{"utility":0,"ID":16}],[{"utility":0,"ID":22}],[{"utility":95,"ID":12},{"utility":0,"ID":25}],[{"utility":63,"ID":10},{"utility":81,"ID":17}],[{"utility":0,"ID":21}],[{"utility":75,"ID":15},{"utility":84,"ID":24}],[{"utility":0,"ID":11}],[{"utility":6,"ID":9},{"utility":69,"ID":13}],[{"utility":0,"ID":6}],[{"utility":2,"ID":14},{"utility":53,"ID":20}],[],[{"utility":0,"ID":3}],[],[],[],[],[],[],[]],"STARTING COALITION: ":[[null],[{"utility":0,"ID":5}],[{"utility":50,"ID":2},{"utility":0,"ID":20},{"utility":0,"ID":23}],[{"utility":0,"ID":4},{"utility":0,"ID":6},{"utility":0,"ID":13},{"utility":28.666666666666668,"ID":18}],[{"utility":0,"ID":16}],[{"utility":0,"ID":1}],[{"utility":0,"ID":11},{"utility":85,"ID":24}],[{"utility":30,"ID":8},{"utility":11.666666666666666,"ID":9},{"utility":0,"ID":15},{"utility":7,"ID":17}],[{"utility":19,"ID":19},{"utility":0,"ID":22}],[{"utility":42.5,"ID":3},{"utility":47.5,"ID":12},{"utility":0,"ID":25}],[{"utility":0,"ID":7},{"utility":0,"ID":10}],[{"utility":0,"ID":21}],[{"utility":0,"ID":14}],[],[],[],[],[],[],[],[],[],[],[],[],[]],"CORE :":true,"LAST PARTITION":{"22":8,"23":2,"24":12,"25":9,"10":10,"11":13,"12":9,"13":14,"14":16,"15":12,"16":7,"17":10,"18":5,"19":4,"1":5,"2":2,"3":18,"4":3,"5":1,"6":15,"7":6,"8":4,"9":14,"20":16,"21":11}},{"STARTING PARTITION: ":{"22":8,"23":6,"24":3,"25":2,"10":12,"11":3,"12":6,"13":2,"14":12,"15":6,"16":9,"17":9,"18":2,"19":1,"1":3,"2":6,"3":8,"4":4,"5":12,"6":4,"7":2,"8":4,"9":9,"20":8,"21":11},"Agents":[null,{"utility":34,"ID":1},{"utility":72,"ID":2},{"utility":0,"ID":3},{"utility":0,"ID":4},{"utility":0,"ID":5},{"utility":0,"ID":6},{"utility":0,"ID":7},{"utility":14,"ID":8},{"utility":6,"ID":9},{"utility":63,"ID":10},{"utility":0,"ID":11},{"utility":0,"ID":12},{"utility":69,"ID":13},{"utility":2,"ID":14},{"utility":75,"ID":15},{"utility":0,"ID":16},{"utility":81,"ID":17},{"utility":80,"ID":18},{"utility":58,"ID":19},{"utility":53,"ID":20},{"utility":0,"ID":21},{"utility":0,"ID":22},{"utility":6.5,"ID":23},{"utility":84,"ID":24},{"utility":0,"ID":25}],"LAST COALITION":[[],[{"utility":14,"ID":8},{"utility":58,"ID":19}],[{"utility":0,"ID":25}],[{"utility":0,"ID":11}],[{"utility":0,"ID":4},{"utility":0,"ID":6}],[{"utility":63,"ID":10},{"utility":81,"ID":17}],[{"utility":72,"ID":2},{"utility":0,"ID":12},{"utility":6.5,"ID":23}],[{"utility":0,"ID":7}],[{"utility":0,"ID":22}],[{"utility":2,"ID":14},{"utility":53,"ID":20}],[{"utility":0,"ID":16}],[{"utility":0,"ID":21}],[{"utility":0,"ID":5}],[{"utility":6,"ID":9},{"utility":69,"ID":13}],[],[{"utility":0,"ID":3}],[{"utility":75,"ID":15},{"utility":84,"ID":24}],[{"utility":34,"ID":1},{"utility":80,"ID":18}],[],[],[],[],[],[],[],[]],"STARTING COALITION: ":[[null],[{"utility":0,"ID":19}],[{"utility":0,"ID":7},{"utility":0,"ID":13},{"utility":0,"ID":18},{"utility":0,"ID":25}],[{"utility":34.5,"ID":1},{"utility":8,"ID":11},{"utility":42.5,"ID":24}],[{"utility":20,"ID":4},{"utility":0,"ID":6},{"utility":0,"ID":8}],[],[{"utility":48,"ID":2},{"utility":23.666666666666668,"ID":12},{"utility":25.333333333333332,"ID":15},{"utility":4.333333333333333,"ID":23}],[],[{"utility":1,"ID":3},{"utility":0,"ID":20},{"utility":37.5,"ID":22}],[{"utility":12,"ID":9},{"utility":45,"ID":16},{"utility":10.5,"ID":17}],[],[{"utility":0,"ID":21}],[{"utility":14,"ID":5},{"utility":0,"ID":10},{"utility":36,"ID":14}],[],[],[],[],[],[],[],[],[],[],[],[],[]],"CORE :":true,"LAST PARTITION":{"22":8,"23":6,"24":16,"25":2,"10":5,"11":3,"12":6,"13":13,"14":9,"15":16,"16":10,"17":5,"18":17,"19":1,"1":17,"2":6,"3":15,"4":4,"5":12,"6":4,"7":7,"8":1,"9":13,"20":9,"21":11}},{"STARTING PARTITION: ":{"22":12,"23":1,"24":4,"25":9,"10":1,"11":11,"12":12,"13":10,"14":10,"15":6,"16":8,"17":6,"18":11,"19":8,"1":11,"2":3,"3":8,"4":2,"5":3,"6":1,"7":9,"8":1,"9":8,"20":4,"21":5},"Agents":[null,{"utility":22.5,"ID":1},{"utility":0,"ID":2},{"utility":0,"ID":3},{"utility":0,"ID":4},{"utility":41,"ID":5},{"utility":0,"ID":6},{"utility":0,"ID":7},{"utility":14,"ID":8},{"utility":6,"ID":9},{"utility":63,"ID":10},{"utility":8,"ID":11},{"utility":0,"ID":12},{"utility":69,"ID":13},{"utility":2,"ID":14},{"utility":75,"ID":15},{"utility":0,"ID":16},{"utility":81,"ID":17},{"utility":81,"ID":18},{"utility":58,"ID":19},{"utility":53,"ID":20},{"utility":0,"ID":21},{"utility":0,"ID":22},{"utility":0,"ID":23},{"utility":84,"ID":24},{"utility":0,"ID":25}],"LAST COALITION":[[],[{"utility":0,"ID":23}],[{"utility":0,"ID":4}],[{"utility":0,"ID":2},{"utility":41,"ID":5}],[{"utility":14,"ID":8},{"utility":58,"ID":19}],[{"utility":0,"ID":21}],[{"utility":2,"ID":14},{"utility":53,"ID":20}],[{"utility":0,"ID":7}],[{"utility":63,"ID":10},{"utility":81,"ID":17}],[{"utility":0,"ID":25}],[{"utility":6,"ID":9},{"utility":69,"ID":13}],[{"utility":22.5,"ID":1},{"utility":8,"ID":11},{"utility":81,"ID":18}],[{"utility":0,"ID":12},{"utility":0,"ID":22}],[{"utility":0,"ID":6}],[{"utility":0,"ID":16}],[{"utility":75,"ID":15},{"utility":84,"ID":24}],[],[],[{"utility":0,"ID":3}],[],[],[],[],[],[],[]],"STARTING COALITION: ":[[null],[{"utility":17,"ID":6},{"utility":0,"ID":8},{"utility":8,"ID":10},{"utility":17.666666666666668,"ID":23}],[{"utility":0,"ID":4}],[{"utility":0,"ID":2},{"utility":41,"ID":5}],[{"utility":0,"ID":20},{"utility":0,"ID":24}],[{"utility":0,"ID":21}],[{"utility":0,"ID":15},{"utility":0,"ID":17}],[],[{"utility":27.333333333333332,"ID":3},{"utility":0,"ID":9},{"utility":0,"ID":16},{"utility":0,"ID":19}],[{"utility":0,"ID":7},{"utility":0,"ID":25}],[{"utility":95,"ID":13},{"utility":0,"ID":14}],[{"utility":22.5,"ID":1},{"utility":8,"ID":11},{"utility":81,"ID":18}],[{"utility":0,"ID":12},{"utility":0,"ID":22}],[],[],[],[],[],[],[],[],[],[],[],[],[]],"CORE :":true,"LAST PARTITION":{"22":12,"23":1,"24":15,"25":9,"10":8,"11":11,"12":12,"13":10,"14":6,"15":15,"16":14,"17":8,"18":11,"19":4,"1":11,"2":3,"3":18,"4":2,"5":3,"6":13,"7":7,"8":4,"9":10,"20":6,"21":5}},{"STARTING PARTITION: ":{"22":4,"23":5,"24":5,"25":3,"10":11,"11":10,"12":3,"13":1,"14":1,"15":11,"16":9,"17":12,"18":6,"19":3,"1":3,"2":3,"3":8,"4":11,"5":2,"6":11,"7":12,"8":10,"9":4,"20":10,"21":1},"Agents":[null,{"utility":34,"ID":1},{"utility":30,"ID":2},{"utility":0,"ID":3},{"utility":0,"ID":4},{"utility":0,"ID":5},{"utility":0,"ID":6},{"utility":79,"ID":7},{"utility":50,"ID":8},{"utility":63,"ID":9},{"utility":63,"ID":10},{"utility":0,"ID":11},{"utility":47.5,"ID":12},{"utility":51,"ID":13},{"utility":2,"ID":14},{"utility":75,"ID":15},{"utility":0,"ID":16},{"utility":81,"ID":17},{"utility":80,"ID":18},{"utility":57,"ID":19},{"utility":53,"ID":20},{"utility":0,"ID":21},{"utility":0,"ID":22},{"utility":0,"ID":23},{"utility":84,"ID":24},{"utility":45.5,"ID":25}],"LAST COALITION":[[],[{"utility":0,"ID":21}],[{"utility":0,"ID":5}],[{"utility":30,"ID":2},{"utility":47.5,"ID":12},{"utility":45.5,"ID":25}],[{"utility":63,"ID":9},{"utility":0,"ID":22}],[{"utility":0,"ID":23}],[{"utility":2,"ID":14},{"utility":53,"ID":20}],[{"utility":34,"ID":1},{"utility":80,"ID":18}],[{"utility":0,"ID":6}],[{"utility":0,"ID":16}],[{"utility":0,"ID":11}],[{"utility":0,"ID":4}],[{"utility":0,"ID":3}],[{"utility":79,"ID":7},{"utility":57,"ID":19}],[{"utility":50,"ID":8},{"utility":51,"ID":13}],[{"utility":75,"ID":15},{"utility":84,"ID":24}],[{"utility":63,"ID":10},{"utility":81,"ID":17}],[],[],[],[],[],[],[],[],[]],"STARTING COALITION: ":[[null],[{"utility":47.5,"ID":13},{"utility":0,"ID":14},{"utility":0,"ID":21}],[{"utility":0,"ID":5}],[{"utility":13.75,"ID":1},{"utility":38.25,"ID":2},{"utility":23.75,"ID":12},{"utility":0,"ID":19},{"utility":22.75,"ID":25}],[{"utility":63,"ID":9},{"utility":0,"ID":22}],[{"utility":0,"ID":23},{"utility":0,"ID":24}],[{"utility":0,"ID":18}],[],[{"utility":0,"ID":3}],[{"utility":0,"ID":16}],[{"utility":0,"ID":8},{"utility":0,"ID":11},{"utility":0,"ID":20}],[{"utility":0,"ID":4},{"utility":0,"ID":6},{"utility":8.333333333333334,"ID":10},{"utility":28,"ID":15}],[{"utility":0,"ID":7},{"utility":0,"ID":17}],[],[],[],[],[],[],[],[],[],[],[],[],[]],"CORE :":true,"LAST PARTITION":{"22":4,"23":5,"24":15,"25":3,"10":16,"11":10,"12":3,"13":14,"14":6,"15":15,"16":9,"17":16,"18":7,"19":13,"1":7,"2":3,"3":12,"4":11,"5":2,"6":8,"7":13,"8":14,"9":4,"20":6,"21":1}},{"STARTING PARTITION: ":{"22":10,"23":7,"24":12,"25":10,"10":6,"11":5,"12":3,"13":10,"14":8,"15":7,"16":12,"17":6,"18":8,"19":8,"1":8,"2":2,"3":10,"4":10,"5":4,"6":9,"7":8,"8":2,"9":7,"20":3,"21":9},"Agents":[null,{"utility":34,"ID":1},{"utility":0,"ID":2},{"utility":0,"ID":3},{"utility":27,"ID":4},{"utility":0,"ID":5},{"utility":0,"ID":6},{"utility":79,"ID":7},{"utility":50,"ID":8},{"utility":21,"ID":9},{"utility":63,"ID":10},{"utility":0,"ID":11},{"utility":0,"ID":12},{"utility":51,"ID":13},{"utility":2,"ID":14},{"utility":75,"ID":15},{"utility":0,"ID":16},{"utility":81,"ID":17},{"utility":80,"ID":18},{"utility":57,"ID":19},{"utility":53,"ID":20},{"utility":0,"ID":21},{"utility":0,"ID":22},{"utility":0,"ID":23},{"utility":84,"ID":24},{"utility":17.5,"ID":25}],"LAST COALITION":[[],[{"utility":34,"ID":1},{"utility":80,"ID":18}],[{"utility":0,"ID":2}],[{"utility":0,"ID":12}],[{"utility":0,"ID":5}],[{"utility":0,"ID":11}],[{"utility":63,"ID":10},{"utility":81,"ID":17}],[{"utility":21,"ID":9},{"utility":0,"ID":23}],[{"utility":79,"ID":7},{"utility":57,"ID":19}],[{"utility":0,"ID":21}],[{"utility":27,"ID":4},{"utility":0,"ID":22},{"utility":17.5,"ID":25}],[{"utility":0,"ID":3}],[{"utility":0,"ID":16}],[{"utility":0,"ID":6}],[{"utility":50,"ID":8},{"utility":51,"ID":13}],[{"utility":2,"ID":14},{"utility":53,"ID":20}],[{"utility":75,"ID":15},{"utility":84,"ID":24}],[],[],[],[],[],[],[],[],[]],"STARTING COALITION: ":[[null],[],[{"utility":0,"ID":2},{"utility":0,"ID":8}],[{"utility":0,"ID":12},{"utility":0,"ID":20}],[{"utility":0,"ID":5}],[{"utility":0,"ID":11}],[{"utility":63,"ID":10},{"utility":81,"ID":17}],[{"utility":10.5,"ID":9},{"utility":38,"ID":15},{"utility":0,"ID":23}],[{"utility":31,"ID":1},{"utility":39.5,"ID":7},{"utility":0,"ID":14},{"utility":43.5,"ID":18},{"utility":14.25,"ID":19}],[{"utility":53,"ID":6},{"utility":0,"ID":21}],[{"utility":0,"ID":3},{"utility":13.5,"ID":4},{"utility":22.25,"ID":13},{"utility":24,"ID":22},{"utility":8.75,"ID":25}],[],[{"utility":23,"ID":16},{"utility":0,"ID":24}],[],[],[],[],[],[],[],[],[],[],[],[],[]],"CORE :":true,"LAST PARTITION":{"22":10,"23":7,"24":16,"25":10,"10":6,"11":5,"12":3,"13":14,"14":15,"15":16,"16":12,"17":6,"18":1,"19":8,"1":1,"2":2,"3":11,"4":10,"5":4,"6":13,"7":8,"8":14,"9":7,"20":15,"21":9}},{"END OF FILE:" : true}]