[{"STARTING PARTITION: ":{"22":11,"23":2,"24":12,"25":4,"10":12,"11":10,"12":9,"13":7,"14":11,"15":1,"16":8,"17":5,"18":6,"19":3,"1":11,"2":3,"3":4,"4":7,"5":3,"6":6,"7":10,"8":6,"9":6,"20":8,"21":8},"Agents":[null,{"utility":0,"ID":1},{"utility":0,"ID":2},{"utility":0,"ID":3},{"utility":37,"ID":4},{"utility":27,"ID":5},{"utility":54,"ID":6},{"utility":93,"ID":7},{"utility":27,"ID":8},{"utility":80,"ID":9},{"utility":52,"ID":10},{"utility":75,"ID":11},{"utility":43,"ID":12},{"utility":45,"ID":13},{"utility":47.5,"ID":14},{"utility":0,"ID":15},{"utility":55,"ID":16},{"utility":33,"ID":17},{"utility":21,"ID":18},{"utility":88,"ID":19},{"utility":85,"ID":20},{"utility":87,"ID":21},{"utility":78,"ID":22},{"utility":0,"ID":23},{"utility":99,"ID":24},{"utility":4,"ID":25}],"LAST COALITION":[[],[{"utility":0,"ID":15}],[{"utility":85,"ID":20},{"utility":99,"ID":24}],[{"utility":55,"ID":16},{"utility":4,"ID":25}],[{"utility":0,"ID":3}],[{"utility":54,"ID":6},{"utility":93,"ID":7}],[{"utility":0,"ID":23}],[{"utility":45,"ID":13},{"utility":88,"ID":19}],[{"utility":27,"ID":8},{"utility":52,"ID":10}],[{"utility":80,"ID":9},{"utility":43,"ID":12}],[],[{"utility":0,"ID":1},{"utility":47.5,"ID":14},{"utility":78,"ID":22}],[],[{"utility":0,"ID":2}],[{"utility":37,"ID":4},{"utility":75,"ID":11}],[{"utility":21,"ID":18},{"utility":87,"ID":21}],[{"utility":27,"ID":5},{"utility":33,"ID":17}],[],[],[],[],[],[],[],[],[]],"STARTING COALITION: ":[[null],[{"utility":0,"ID":15}],[{"utility":0,"ID":23}],[{"utility":0,"ID":2},{"utility":0,"ID":5},{"utility":0,"ID":19}],[{"utility":0,"ID":3},{"utility":0,"ID":25}],[{"utility":0,"ID":17}],[{"utility":43,"ID":6},{"utility":0,"ID":8},{"utility":17.333333333333332,"ID":9},{"utility":0,"ID":18}],[{"utility":0,"ID":4},{"utility":0,"ID":13}],[{"utility":0,"ID":16},{"utility":0,"ID":20},{"utility":0,"ID":21}],[{"utility":0,"ID":12}],[{"utility":0,"ID":7},{"utility":44,"ID":11}],[{"utility":0,"ID":1},{"utility":47.5,"ID":14},{"utility":78,"ID":22}],[{"utility":0,"ID":10},{"utility":0,"ID":24}],[],[],[],[],[],[],[],[],[],[],[],[],[]],"CORE :":true,"LAST PARTITION":{"22":11,"23":6,"24":2,"25":3,"10":8,"11":14,"12":9,"13":7,"14":11,"15":1,"16":3,"17":16,"18":15,"19":7,"1":11,"2":13,"3":4,"4":14,"5":16,"6":5,"7":5,"8":8,"9":9,"20":2,"21":15}},{"STARTING PARTITION: ":{"22":11,"23":10,"24":4,"25":12,"10":10,"11":10,"12":5,"13":4,"14":11,"15":3,"16":11,"17":3,"18":11,"19":1,"1":2,"2":7,"3":10,"4":6,"5":9,"6":2,"7":3,"8":4,"9":6,"20":3,"21":11},"Agents":[null,{"utility":0,"ID":1},{"utility":0,"ID":2},{"utility":0,"ID":3},{"utility":37,"ID":4},{"utility":27,"ID":5},{"utility":89,"ID":6},{"utility":69,"ID":7},{"utility":0,"ID":8},{"utility":80,"ID":9},{"utility":79,"ID":10},{"utility":75,"ID":11},{"utility":43,"ID":12},{"utility":45,"ID":13},{"utility":0,"ID":14},{"utility":0,"ID":15},{"utility":55,"ID":16},{"utility":33,"ID":17},{"utility":65,"ID":18},{"utility":88,"ID":19},{"utility":85,"ID":20},{"utility":68,"ID":21},{"utility":96,"ID":22},{"utility":0,"ID":23},{"utility":99,"ID":24},{"utility":4,"ID":25}],"LAST COALITION":[[],[{"utility":55,"ID":16},{"utility":4,"ID":25}],[{"utility":0,"ID":1},{"utility":89,"ID":6}],[{"utility":0,"ID":15}],[{"utility":45,"ID":13},{"utility":88,"ID":19}],[{"utility":80,"ID":9},{"utility":43,"ID":12}],[{"utility":0,"ID":23}],[{"utility":37,"ID":4},{"utility":75,"ID":11}],[{"utility":0,"ID":2}],[{"utility":27,"ID":5},{"utility":33,"ID":17}],[{"utility":0,"ID":3}],[{"utility":0,"ID":14},{"utility":65,"ID":18}],[{"utility":85,"ID":20},{"utility":99,"ID":24}],[],[],[{"utility":69,"ID":7},{"utility":96,"ID":22}],[{"utility":0,"ID":8}],[{"utility":79,"ID":10},{"utility":68,"ID":21}],[],[],[],[],[],[],[],[]],"STARTING COALITION: ":[[null],[{"utility":0,"ID":19}],[{"utility":0,"ID":1},{"utility":89,"ID":6}],[{"utility":18.333333333333332,"ID":7},{"utility":0,"ID":15},{"utility":0,"ID":17},{"utility":7.666666666666667,"ID":20}],[{"utility":16,"ID":8},{"utility":0,"ID":13},{"utility":32.5,"ID":24}],[{"utility":0,"ID":12}],[{"utility":0,"ID":4},{"utility":0,"ID":9}],[{"utility":0,"ID":2}],[],[{"utility":0,"ID":5}],[{"utility":0,"ID":3},{"utility":0,"ID":10},{"utility":0,"ID":11},{"utility":0,"ID":23}],[{"utility":17.25,"ID":14},{"utility":0,"ID":16},{"utility":21.5,"ID":18},{"utility":21.75,"ID":21},{"utility":19.25,"ID":22}],[{"utility":0,"ID":25}],[],[],[],[],[],[],[],[],[],[],[],[],[]],"CORE :":true,"LAST PARTITION":{"22":15,"23":6,"24":12,"25":1,"10":17,"11":7,"12":5,"13":4,"14":11,"15":3,"16":1,"17":9,"18":11,"19":4,"1":2,"2":8,"3":10,"4":7,"5":9,"6":2,"7":15,"8":16,"9":5,"20":12,"21":17}},{"STARTING PARTITION: ":{"22":2,"23":6,"24":11,"25":12,"10":6,"11":6,"12":3,"13":9,"14":5,"15":1,"16":1,"17":10,"18":8,"19":12,"1":6,"2":7,"3":6,"4":9,"5":3,"6":8,"7":2,"8":1,"9":4,"20":9,"21":6},"Agents":[null,{"utility":0,"ID":1},{"utility":0,"ID":2},{"utility":0,"ID":3},{"utility":37,"ID":4},{"utility":27,"ID":5},{"utility":54,"ID":6},{"utility":93,"ID":7},{"utility":27,"ID":8},{"utility":80,"ID":9},{"utility":52,"ID":10},{"utility":75,"ID":11},{"utility":43,"ID":12},{"utility":45,"ID":13},{"utility":0,"ID":14},{"utility":0,"ID":15},{"utility":55,"ID":16},{"utility":33,"ID":17},{"utility":21,"ID":18},{"utility":88,"ID":19},{"utility":85,"ID":20},{"utility":87,"ID":21},{"utility":0,"ID":22},{"utility":0,"ID":23},{"utility":99,"ID":24},{"utility":4,"ID":25}],"LAST COALITION":[[],[{"utility":0,"ID":15}],[{"utility":0,"ID":22}],[{"utility":80,"ID":9},{"utility":43,"ID":12}],[{"utility":85,"ID":20},{"utility":99,"ID":24}],[{"utility":0,"ID":14}],[{"utility":0,"ID":1}],[{"utility":37,"ID":4},{"utility":75,"ID":11}],[{"utility":54,"ID":6},{"utility":93,"ID":7}],[{"utility":45,"ID":13},{"utility":88,"ID":19}],[],[],[{"utility":55,"ID":16},{"utility":4,"ID":25}],[{"utility":0,"ID":2}],[{"utility":21,"ID":18},{"utility":87,"ID":21}],[{"utility":27,"ID":5},{"utility":33,"ID":17}],[{"utility":0,"ID":3}],[{"utility":0,"ID":23}],[{"utility":27,"ID":8},{"utility":52,"ID":10}],[],[],[],[],[],[],[]],"STARTING COALITION: ":[[null],[{"utility":0,"ID":8},{"utility":0,"ID":15},{"utility":0,"ID":16}],[{"utility":69,"ID":7},{"utility":96,"ID":22}],[{"utility":0,"ID":5},{"utility":0,"ID":12}],[{"utility":0,"ID":9}],[{"utility":0,"ID":14}],[{"utility":8,"ID":1},{"utility":0,"ID":3},{"utility":15.8,"ID":10},{"utility":0,"ID":11},{"utility":39,"ID":21},{"utility":5.8,"ID":23}],[{"utility":0,"ID":2}],[{"utility":61,"ID":6},{"utility":0,"ID":18}],[{"utility":0,"ID":4},{"utility":40.5,"ID":13},{"utility":33.5,"ID":20}],[{"utility":0,"ID":17}],[{"utility":0,"ID":24}],[{"utility":0,"ID":19},{"utility":0,"ID":25}],[],[],[],[],[],[],[],[],[],[],[],[],[]],"CORE :":true,"LAST PARTITION":{"22":2,"23":17,"24":4,"25":12,"10":18,"11":7,"12":3,"13":9,"14":5,"15":1,"16":12,"17":15,"18":14,"19":9,"1":6,"2":13,"3":16,"4":7,"5":15,"6":8,"7":8,"8":18,"9":3,"20":4,"21":14}},{"STARTING PARTITION: ":{"22":8,"23":7,"24":1,"25":11,"10":4,"11":2,"12":6,"13":8,"14":12,"15":4,"16":7,"17":7,"18":12,"19":8,"1":2,"2":2,"3":10,"4":9,"5":9,"6":2,"7":6,"8":4,"9":8,"20":6,"21":9},"Agents":[null,{"utility":0,"ID":1},{"utility":0,"ID":2},{"utility":0,"ID":3},{"utility":37,"ID":4},{"utility":27,"ID":5},{"utility":89,"ID":6},{"utility":69,"ID":7},{"utility":0,"ID":8},{"utility":80,"ID":9},{"utility":79,"ID":10},{"utility":75,"ID":11},{"utility":43,"ID":12},{"utility":45,"ID":13},{"utility":0,"ID":14},{"utility":0,"ID":15},{"utility":55,"ID":16},{"utility":33,"ID":17},{"utility":65,"ID":18},{"utility":88,"ID":19},{"utility":85,"ID":20},{"utility":68,"ID":21},{"utility":96,"ID":22},{"utility":0,"ID":23},{"utility":99,"ID":24},{"utility":4,"ID":25}],"LAST COALITION":[[],[{"utility":79,"ID":10},{"utility":68,"ID":21}],[{"utility":0,"ID":1},{"utility":89,"ID":6}],[{"utility":0,"ID":2}],[{"utility":0,"ID":15}],[{"utility":37,"ID":4},{"utility":75,"ID":11}],[{"utility":55,"ID":16},{"utility":4,"ID":25}],[{"utility":85,"ID":20},{"utility":99,"ID":24}],[{"utility":45,"ID":13},{"utility":88,"ID":19}],[{"utility":0,"ID":23}],[{"utility":0,"ID":3}],[],[{"utility":0,"ID":14},{"utility":65,"ID":18}],[{"utility":27,"ID":5},{"utility":33,"ID":17}],[{"utility":69,"ID":7},{"utility":96,"ID":22}],[{"utility":0,"ID":8}],[],[{"utility":80,"ID":9},{"utility":43,"ID":12}],[],[],[],[],[],[],[],[]],"STARTING COALITION: ":[[null],[{"utility":0,"ID":24}],[{"utility":0,"ID":1},{"utility":26,"ID":2},{"utility":29.666666666666668,"ID":6},{"utility":19,"ID":11}],[],[{"utility":13.5,"ID":8},{"utility":26,"ID":10},{"utility":48,"ID":15}],[],[{"utility":27.5,"ID":7},{"utility":48.5,"ID":12},{"utility":7.5,"ID":20}],[{"utility":46.5,"ID":16},{"utility":0,"ID":17},{"utility":8.5,"ID":23}],[{"utility":0,"ID":9},{"utility":15,"ID":13},{"utility":29.333333333333332,"ID":19},{"utility":32.333333333333336,"ID":22}],[{"utility":0,"ID":4},{"utility":5,"ID":5},{"utility":35,"ID":21}],[{"utility":0,"ID":3}],[{"utility":0,"ID":25}],[{"utility":0,"ID":14},{"utility":65,"ID":18}],[],[],[],[],[],[],[],[],[],[],[],[],[]],"CORE :":true,"LAST PARTITION":{"22":14,"23":9,"24":7,"25":6,"10":1,"11":5,"12":17,"13":8,"14":12,"15":4,"16":6,"17":13,"18":12,"19":8,"1":2,"2":3,"3":10,"4":5,"5":13,"6":2,"7":14,"8":15,"9":17,"20":7,"21":1}},{"STARTING PARTITION: ":{"22":8,"23":12,"24":10,"25":8,"10":7,"11":12,"12":9,"13":10,"14":6,"15":12,"16":12,"17":5,"18":11,"19":1,"1":7,"2":7,"3":11,"4":6,"5":2,"6":10,"7":5,"8":9,"9":8,"20":12,"21":4},"Agents":[null,{"utility":0,"ID":1},{"utility":0,"ID":2},{"utility":0,"ID":3},{"utility":37,"ID":4},{"utility":27,"ID":5},{"utility":54,"ID":6},{"utility":93,"ID":7},{"utility":27,"ID":8},{"utility":80,"ID":9},{"utility":52,"ID":10},{"utility":75,"ID":11},{"utility":43,"ID":12},{"utility":45,"ID":13},{"utility":0,"ID":14},{"utility":0,"ID":15},{"utility":55,"ID":16},{"utility":33,"ID":17},{"utility":21,"ID":18},{"utility":88,"ID":19},{"utility":85,"ID":20},{"utility":87,"ID":21},{"utility":0,"ID":22},{"utility":0,"ID":23},{"utility":99,"ID":24},{"utility":4,"ID":25}],"LAST COALITION":[[],[{"utility":55,"ID":16},{"utility":4,"ID":25}],[{"utility":27,"ID":5},{"utility":33,"ID":17}],[{"utility":0,"ID":2}],[{"utility":21,"ID":18},{"utility":87,"ID":21}],[{"utility":80,"ID":9},{"utility":43,"ID":12}],[{"utility":0,"ID":14}],[{"utility":0,"ID":1}],[{"utility":0,"ID":22}],[],[{"utility":45,"ID":13},{"utility":88,"ID":19}],[{"utility":0,"ID":3}],[{"utility":0,"ID":15}],[{"utility":37,"ID":4},{"utility":75,"ID":11}],[{"utility":0,"ID":23}],[{"utility":54,"ID":6},{"utility":93,"ID":7}],[{"utility":85,"ID":20},{"utility":99,"ID":24}],[],[{"utility":27,"ID":8},{"utility":52,"ID":10}],[],[],[],[],[],[],[]],"STARTING COALITION: ":[[null],[{"utility":0,"ID":19}],[{"utility":0,"ID":5}],[],[{"utility":0,"ID":21}],[{"utility":0,"ID":7},{"utility":0,"ID":17}],[{"utility":0,"ID":4},{"utility":0,"ID":14}],[{"utility":20,"ID":1},{"utility":48.5,"ID":2},{"utility":0,"ID":10}],[{"utility":0,"ID":9},{"utility":0,"ID":22},{"utility":0,"ID":25}],[{"utility":67,"ID":8},{"utility":27,"ID":12}],[{"utility":0,"ID":6},{"utility":0,"ID":13},{"utility":40,"ID":24}],[{"utility":67,"ID":3},{"utility":0,"ID":18}],[{"utility":0,"ID":11},{"utility":0,"ID":15},{"utility":23.25,"ID":16},{"utility":8,"ID":20},{"utility":35.75,"ID":23}],[],[],[],[],[],[],[],[],[],[],[],[],[]],"CORE :":true,"LAST PARTITION":{"22":8,"23":14,"24":16,"25":1,"10":18,"11":13,"12":5,"13":10,"14":6,"15":12,"16":1,"17":2,"18":4,"19":10,"1":7,"2":3,"3":11,"4":13,"5":2,"6":15,"7":15,"8":18,"9":5,"20":16,"21":4}},{"STARTING PARTITION: ":{"22":7,"23":10,"24":12,"25":4,"10":11,"11":7,"12":10,"13":2,"14":4,"15":4,"16":8,"17":5,"18":4,"19":8,"1":3,"2":4,"3":4,"4":6,"5":5,"6":12,"7":8,"8":4,"9":2,"20":10,"21":2},"Agents":[null,{"utility":0,"ID":1},{"utility":0,"ID":2},{"utility":0,"ID":3},{"utility":37,"ID":4},{"utility":27,"ID":5},{"utility":54,"ID":6},{"utility":93,"ID":7},{"utility":0,"ID":8},{"utility":80,"ID":9},{"utility":79,"ID":10},{"utility":75,"ID":11},{"utility":43,"ID":12},{"utility":45,"ID":13},{"utility":0,"ID":14},{"utility":0,"ID":15},{"utility":55,"ID":16},{"utility":33,"ID":17},{"utility":32.5,"ID":18},{"utility":88,"ID":19},{"utility":85,"ID":20},{"utility":68,"ID":21},{"utility":0,"ID":22},{"utility":0,"ID":23},{"utility":99,"ID":24},{"utility":4,"ID":25}],"LAST COALITION":[[],[{"utility":0,"ID":2}],[{"utility":45,"ID":13},{"utility":88,"ID":19}],[{"utility":0,"ID":1}],[{"utility":0,"ID":14},{"utility":0,"ID":15},{"utility":32.5,"ID":18}],[{"utility":27,"ID":5},{"utility":33,"ID":17}],[{"utility":0,"ID":3}],[{"utility":0,"ID":22}],[{"utility":55,"ID":16},{"utility":4,"ID":25}],[{"utility":37,"ID":4},{"utility":75,"ID":11}],[{"utility":0,"ID":23}],[{"utility":0,"ID":8}],[{"utility":79,"ID":10},{"utility":68,"ID":21}],[{"utility":54,"ID":6},{"utility":93,"ID":7}],[{"utility":85,"ID":20},{"utility":99,"ID":24}],[{"utility":80,"ID":9},{"utility":43,"ID":12}],[],[],[],[],[],[],[],[],[],[]],"STARTING COALITION: ":[[null],[],[{"utility":16.5,"ID":9},{"utility":0,"ID":13},{"utility":49,"ID":21}],[{"utility":0,"ID":1}],[{"utility":19.666666666666668,"ID":2},{"utility":11.166666666666666,"ID":3},{"utility":7.333333333333333,"ID":8},{"utility":10.666666666666666,"ID":14},{"utility":0,"ID":15},{"utility":10.833333333333334,"ID":18},{"utility":0,"ID":25}],[{"utility":27,"ID":5},{"utility":33,"ID":17}],[{"utility":0,"ID":4}],[{"utility":0,"ID":11},{"utility":0,"ID":22}],[{"utility":0,"ID":7},{"utility":0,"ID":16},{"utility":10.5,"ID":19}],[],[{"utility":0,"ID":12},{"utility":21,"ID":20},{"utility":45.5,"ID":23}],[{"utility":0,"ID":10}],[{"utility":0,"ID":6},{"utility":80,"ID":24}],[],[],[],[],[],[],[],[],[],[],[],[],[]],"CORE :":true,"LAST PARTITION":{"22":7,"23":10,"24":14,"25":8,"10":12,"11":9,"12":15,"13":2,"14":4,"15":4,"16":8,"17":5,"18":4,"19":2,"1":3,"2":1,"3":6,"4":9,"5":5,"6":13,"7":13,"8":11,"9":15,"20":14,"21":12}},{"STARTING PARTITION: ":{"22":4,"23":7,"24":8,"25":2,"10":1,"11":11,"12":12,"13":1,"14":8,"15":6,"16":11,"17":2,"18":3,"19":8,"1":6,"2":4,"3":4,"4":7,"5":2,"6":10,"7":5,"8":3,"9":2,"20":8,"21":12},"Agents":[null,{"utility":0,"ID":1},{"utility":0,"ID":2},{"utility":46,"ID":3},{"utility":37,"ID":4},{"utility":27,"ID":5},{"utility":54,"ID":6},{"utility":93,"ID":7},{"utility":27,"ID":8},{"utility":80,"ID":9},{"utility":52,"ID":10},{"utility":75,"ID":11},{"utility":43,"ID":12},{"utility":45,"ID":13},{"utility":0,"ID":14},{"utility":19,"ID":15},{"utility":55,"ID":16},{"utility":33,"ID":17},{"utility":21,"ID":18},{"utility":88,"ID":19},{"utility":85,"ID":20},{"utility":87,"ID":21},{"utility":0,"ID":22},{"utility":0,"ID":23},{"utility":99,"ID":24},{"utility":4,"ID":25}],"LAST COALITION":[[],[{"utility":45,"ID":13},{"utility":88,"ID":19}],[{"utility":21,"ID":18},{"utility":87,"ID":21}],[{"utility":0,"ID":23}],[{"utility":46,"ID":3},{"utility":0,"ID":22}],[],[{"utility":0,"ID":1},{"utility":19,"ID":15}],[{"utility":85,"ID":20},{"utility":99,"ID":24}],[{"utility":0,"ID":14}],[{"utility":0,"ID":2}],[],[{"utility":55,"ID":16},{"utility":4,"ID":25}],[{"utility":27,"ID":8},{"utility":52,"ID":10}],[{"utility":37,"ID":4},{"utility":75,"ID":11}],[{"utility":27,"ID":5},{"utility":33,"ID":17}],[{"utility":54,"ID":6},{"utility":93,"ID":7}],[{"utility":80,"ID":9},{"utility":43,"ID":12}],[],[],[],[],[],[],[],[],[]],"STARTING COALITION: ":[[null],[{"utility":0,"ID":10},{"utility":0,"ID":13}],[{"utility":9,"ID":5},{"utility":0,"ID":9},{"utility":11,"ID":17},{"utility":0,"ID":25}],[{"utility":0,"ID":8},{"utility":0,"ID":18}],[{"utility":0,"ID":2},{"utility":23,"ID":3},{"utility":0,"ID":22}],[{"utility":0,"ID":7}],[{"utility":0,"ID":1},{"utility":19,"ID":15}],[{"utility":0,"ID":4},{"utility":0,"ID":23}],[{"utility":1,"ID":14},{"utility":49.333333333333336,"ID":19},{"utility":28.333333333333332,"ID":20},{"utility":50.666666666666664,"ID":24}],[],[{"utility":0,"ID":6}],[{"utility":0,"ID":11},{"utility":0,"ID":16}],[{"utility":0,"ID":12},{"utility":0,"ID":21}],[],[],[],[],[],[],[],[],[],[],[],[],[]],"CORE :":true,"LAST PARTITION":{"22":4,"23":3,"24":7,"25":11,"10":12,"11":13,"12":16,"13":1,"14":8,"15":6,"16":11,"17":14,"18":2,"19":1,"1":6,"2":9,"3":4,"4":13,"5":14,"6":15,"7":15,"8":12,"9":16,"20":7,"21":2}},{"STARTING PARTITION: ":{"22":10,"23":8,"24":8,"25":2,"10":2,"11":11,"12":5,"13":4,"14":11,"15":12,"16":10,"17":9,"18":8,"19":1,"1":9,"2":7,"3":12,"4":8,"5":7,"6":10,"7":1,"8":8,"9":1,"20":7,"21":1},"Agents":[null,{"utility":0,"ID":1},{"utility":0,"ID":2},{"utility":0,"ID":3},{"utility":37,"ID":4},{"utility":27,"ID":5},{"utility":54,"ID":6},{"utility":93,"ID":7},{"utility":27,"ID":8},{"utility":80,"ID":9},{"utility":52,"ID":10},{"utility":75,"ID":11},{"utility":43,"ID":12},{"utility":45,"ID":13},{"utility":0,"ID":14},{"utility":0,"ID":15},{"utility":55,"ID":16},{"utility":33,"ID":17},{"utility":21,"ID":18},{"utility":88,"ID":19},{"utility":85,"ID":20},{"utility":87,"ID":21},{"utility":0,"ID":22},{"utility":0,"ID":23},{"utility":99,"ID":24},{"utility":4,"ID":25}],"LAST COALITION":[[],[{"utility":55,"ID":16},{"utility":4,"ID":25}],[{"utility":21,"ID":18},{"utility":87,"ID":21}],[{"utility":37,"ID":4},{"utility":75,"ID":11}],[{"utility":45,"ID":13},{"utility":88,"ID":19}],[{"utility":80,"ID":9},{"utility":43,"ID":12}],[{"utility":27,"ID":5},{"utility":33,"ID":17}],[{"utility":0,"ID":2}],[{"utility":85,"ID":20},{"utility":99,"ID":24}],[{"utility":0,"ID":1}],[{"utility":0,"ID":22}],[{"utility":0,"ID":14}],[{"utility":0,"ID":3},{"utility":0,"ID":15}],[{"utility":54,"ID":6},{"utility":93,"ID":7}],[],[],[{"utility":0,"ID":23}],[{"utility":27,"ID":8},{"utility":52,"ID":10}],[],[],[],[],[],[],[],[]],"STARTING COALITION: ":[[null],[{"utility":0,"ID":7},{"utility":19.666666666666668,"ID":9},{"utility":0,"ID":19},{"utility":37.333333333333336,"ID":21}],[{"utility":0,"ID":10},{"utility":0,"ID":25}],[],[{"utility":0,"ID":13}],[{"utility":0,"ID":12}],[],[{"utility":0,"ID":2},{"utility":0,"ID":5},{"utility":22.5,"ID":20}],[{"utility":34.75,"ID":4},{"utility":8,"ID":8},{"utility":0,"ID":18},{"utility":10.25,"ID":23},{"utility":16.25,"ID":24}],[{"utility":0,"ID":1},{"utility":0,"ID":17}],[{"utility":18.5,"ID":6},{"utility":40.5,"ID":16},{"utility":0,"ID":22}],[{"utility":0,"ID":11},{"utility":0,"ID":14}],[{"utility":0,"ID":3},{"utility":0,"ID":15}],[],[],[],[],[],[],[],[],[],[],[],[],[]],"CORE :":true,"LAST PARTITION":{"22":10,"23":16,"24":8,"25":1,"10":17,"11":3,"12":5,"13":4,"14":11,"15":12,"16":1,"17":6,"18":2,"19":4,"1":9,"2":7,"3":12,"4":3,"5":6,"6":13,"7":13,"8":17,"9":5,"20":8,"21":2}},{"STARTING PARTITION: ":{"22":3,"23":3,"24":10,"25":7,"10":8,"11":12,"12":3,"13":6,"14":11,"15":10,"16":9,"17":11,"18":8,"19":4,"1":4,"2":2,"3":1,"4":7,"5":8,"6":4,"7":11,"8":5,"9":11,"20":10,"21":4},"Agents":[null,{"utility":0,"ID":1},{"utility":0,"ID":2},{"utility":0,"ID":3},{"utility":37,"ID":4},{"utility":27,"ID":5},{"utility":54,"ID":6},{"utility":93,"ID":7},{"utility":27,"ID":8},{"utility":80,"ID":9},{"utility":52,"ID":10},{"utility":75,"ID":11},{"utility":43,"ID":12},{"utility":45,"ID":13},{"utility":0,"ID":14},{"utility":0,"ID":15},{"utility":55,"ID":16},{"utility":33,"ID":17},{"utility":21,"ID":18},{"utility":88,"ID":19},{"utility":85,"ID":20},{"utility":87,"ID":21},{"utility":0,"ID":22},{"utility":0,"ID":23},{"utility":99,"ID":24},{"utility":4,"ID":25}],"LAST COALITION":[[],[{"utility":0,"ID":3}],[{"utility":37,"ID":4},{"utility":75,"ID":11}],[{"utility":0,"ID":22}],[{"utility":0,"ID":1}],[],[{"utility":45,"ID":13},{"utility":88,"ID":19}],[{"utility":21,"ID":18},{"utility":87,"ID":21}],[{"utility":0,"ID":23}],[{"utility":27,"ID":5},{"utility":33,"ID":17}],[{"utility":0,"ID":15}],[{"utility":0,"ID":14}],[{"utility":55,"ID":16},{"utility":4,"ID":25}],[{"utility":0,"ID":2}],[{"utility":54,"ID":6},{"utility":93,"ID":7}],[],[{"utility":80,"ID":9},{"utility":43,"ID":12}],[{"utility":85,"ID":20},{"utility":99,"ID":24}],[{"utility":27,"ID":8},{"utility":52,"ID":10}],[],[],[],[],[],[],[]],"STARTING COALITION: ":[[null],[{"utility":0,"ID":3}],[{"utility":0,"ID":2}],[{"utility":0,"ID":12},{"utility":44,"ID":22},{"utility":0,"ID":23}],[{"utility":16.333333333333332,"ID":1},{"utility":29.666666666666668,"ID":6},{"utility":0,"ID":19},{"utility":9.333333333333334,"ID":21}],[{"utility":0,"ID":8}],[{"utility":0,"ID":13}],[{"utility":0,"ID":4},{"utility":0,"ID":25}],[{"utility":0,"ID":5},{"utility":43.5,"ID":10},{"utility":0,"ID":18}],[{"utility":0,"ID":16}],[{"utility":0,"ID":15},{"utility":42.5,"ID":20},{"utility":49.5,"ID":24}],[{"utility":0,"ID":7},{"utility":26.333333333333332,"ID":9},{"utility":0,"ID":14},{"utility":0,"ID":17}],[{"utility":0,"ID":11}],[],[],[],[],[],[],[],[],[],[],[],[],[]],"CORE :":true,"LAST PARTITION":{"22":3,"23":8,"24":17,"25":12,"10":18,"11":2,"12":16,"13":6,"14":11,"15":10,"16":12,"17":9,"18":7,"19":6,"1":4,"2":13,"3":1,"4":2,"5":9,"6":14,"7":14,"8":18,"9":16,"20":17,"21":7}},{"STARTING PARTITION: ":{"22":3,"23":4,"24":5,"25":7,"10":9,"11":2,"12":11,"13":8,"14":11,"15":10,"16":6,"17":7,"18":5,"19":6,"1":11,"2":5,"3":9,"4":10,"5":4,"6":4,"7":3,"8":11,"9":2,"20":1,"21":6},"Agents":[null,{"utility":0,"ID":1},{"utility":0,"ID":2},{"utility":0,"ID":3},{"utility":37,"ID":4},{"utility":27,"ID":5},{"utility":54,"ID":6},{"utility":93,"ID":7},{"utility":27,"ID":8},{"utility":80,"ID":9},{"utility":52,"ID":10},{"utility":75,"ID":11},{"utility":43,"ID":12},{"utility":45,"ID":13},{"utility":95,"ID":14},{"utility":0,"ID":15},{"utility":55,"ID":16},{"utility":33,"ID":17},{"utility":21,"ID":18},{"utility":88,"ID":19},{"utility":85,"ID":20},{"utility":87,"ID":21},{"utility":0,"ID":22},{"utility":0,"ID":23},{"utility":99,"ID":24},{"utility":4,"ID":25}],"LAST COALITION":[[],[{"utility":27,"ID":5},{"utility":33,"ID":17}],[{"utility":21,"ID":18},{"utility":87,"ID":21}],[{"utility":0,"ID":22}],[{"utility":85,"ID":20},{"utility":99,"ID":24}],[{"utility":0,"ID":23}],[{"utility":55,"ID":16},{"utility":4,"ID":25}],[{"utility":27,"ID":8},{"utility":52,"ID":10}],[{"utility":45,"ID":13},{"utility":88,"ID":19}],[],[{"utility":0,"ID":15}],[{"utility":0,"ID":1},{"utility":95,"ID":14}],[{"utility":0,"ID":2}],[{"utility":0,"ID":3}],[{"utility":54,"ID":6},{"utility":93,"ID":7}],[],[{"utility":80,"ID":9},{"utility":43,"ID":12}],[{"utility":37,"ID":4},{"utility":75,"ID":11}],[],[],[],[],[],[],[],[]],"STARTING COALITION: ":[[null],[{"utility":0,"ID":20}],[{"utility":0,"ID":9},{"utility":97,"ID":11}],[{"utility":69,"ID":7},{"utility":96,"ID":22}],[{"utility":38.5,"ID":5},{"utility":0,"ID":6},{"utility":0,"ID":23}],[{"utility":40,"ID":2},{"utility":0,"ID":18},{"utility":0,"ID":24}],[{"utility":0,"ID":16},{"utility":10.5,"ID":19},{"utility":0,"ID":21}],[{"utility":0,"ID":17},{"utility":0,"ID":25}],[{"utility":0,"ID":13}],[{"utility":0,"ID":3},{"utility":0,"ID":10}],[{"utility":0,"ID":4},{"utility":0,"ID":15}],[{"utility":0,"ID":1},{"utility":22.333333333333332,"ID":8},{"utility":9,"ID":12},{"utility":31.666666666666668,"ID":14}],[],[],[],[],[],[],[],[],[],[],[],[],[],[]],"CORE :":true,"LAST PARTITION":{"22":3,"23":5,"24":4,"25":6,"10":7,"11":17,"12":16,"13":8,"14":11,"15":10,"16":6,"17":1,"18":2,"19":8,"1":11,"2":12,"3":13,"4":17,"5":1,"6":14,"7":14,"8":7,"9":16,"20":4,"21":2}},{"STARTING PARTITION: ":{"22":9,"23":12,"24":12,"25":10,"10":3,"11":6,"12":7,"13":5,"14":8,"15":4,"16":11,"17":8,"18":7,"19":9,"1":1,"2":12,"3":4,"4":6,"5":9,"6":7,"7":6,"8":2,"9":9,"20":9,"21":3},"Agents":[null,{"utility":0,"ID":1},{"utility":0,"ID":2},{"utility":0,"ID":3},{"utility":37,"ID":4},{"utility":27,"ID":5},{"utility":54,"ID":6},{"utility":93,"ID":7},{"utility":27,"ID":8},{"utility":80,"ID":9},{"utility":52,"ID":10},{"utility":75,"ID":11},{"utility":43,"ID":12},{"utility":45,"ID":13},{"utility":0,"ID":14},{"utility":0,"ID":15},{"utility":55,"ID":16},{"utility":33,"ID":17},{"utility":21,"ID":18},{"utility":88,"ID":19},{"utility":85,"ID":20},{"utility":87,"ID":21},{"utility":0,"ID":22},{"utility":0,"ID":23},{"utility":99,"ID":24},{"utility":4,"ID":25}],"LAST COALITION":[[],[{"utility":0,"ID":1}],[{"utility":80,"ID":9},{"utility":43,"ID":12}],[],[{"utility":0,"ID":3},{"utility":0,"ID":15}],[{"utility":45,"ID":13},{"utility":88,"ID":19}],[{"utility":21,"ID":18},{"utility":87,"ID":21}],[{"utility":0,"ID":23}],[{"utility":0,"ID":14}],[{"utility":0,"ID":22}],[{"utility":85,"ID":20},{"utility":99,"ID":24}],[{"utility":27,"ID":5},{"utility":33,"ID":17}],[{"utility":0,"ID":2}],[{"utility":37,"ID":4},{"utility":75,"ID":11}],[{"utility":55,"ID":16},{"utility":4,"ID":25}],[{"utility":54,"ID":6},{"utility":93,"ID":7}],[],[{"utility":27,"ID":8},{"utility":52,"ID":10}],[],[],[],[],[],[],[],[]],"STARTING COALITION: ":[[null],[{"utility":0,"ID":1}],[{"utility":0,"ID":8}],[{"utility":79,"ID":10},{"utility":68,"ID":21}],[{"utility":0,"ID":3},{"utility":0,"ID":15}],[{"utility":0,"ID":13}],[{"utility":18.5,"ID":4},{"utility":0,"ID":7},{"utility":59.5,"ID":11}],[{"utility":44,"ID":6},{"utility":0,"ID":12},{"utility":0,"ID":18}],[{"utility":0,"ID":14},{"utility":0,"ID":17}],[{"utility":0,"ID":5},{"utility":0,"ID":9},{"utility":20.25,"ID":19},{"utility":11.25,"ID":20},{"utility":31.5,"ID":22}],[{"utility":0,"ID":25}],[{"utility":0,"ID":16}],[{"utility":0,"ID":2},{"utility":0,"ID":23},{"utility":0,"ID":24}],[],[],[],[],[],[],[],[],[],[],[],[],[]],"CORE :":true,"LAST PARTITION":{"22":9,"23":7,"24":10,"25":14,"10":17,"11":13,"12":2,"13":5,"14":8,"15":4,"16":14,"17":11,"18":6,"19":5,"1":1,"2":12,"3":4,"4":13,"5":11,"6":15,"7":15,"8":17,"9":2,"20":10,"21":6}},{"STARTING PARTITION: ":{"22":12,"23":1,"24":3,"25":6,"10":5,"11":11,"12":10,"13":4,"14":2,"15":11,"16":4,"17":3,"18":10,"19":2,"1":3,"2":7,"3":6,"4":12,"5":4,"6":7,"7":11,"8":6,"9":7,"20":8,"21":1},"Agents":[null,{"utility":0,"ID":1},{"utility":0,"ID":2},{"utility":0,"ID":3},{"utility":37,"ID":4},{"utility":27,"ID":5},{"utility":54,"ID":6},{"utility":93,"ID":7},{"utility":27,"ID":8},{"utility":80,"ID":9},{"utility":52,"ID":10},{"utility":75,"ID":11},{"utility":43,"ID":12},{"utility":45,"ID":13},{"utility":0,"ID":14},{"utility":0,"ID":15},{"utility":55,"ID":16},{"utility":33,"ID":17},{"utility":21,"ID":18},{"utility":88,"ID":19},{"utility":85,"ID":20},{"utility":87,"ID":21},{"utility":0,"ID":22},{"utility":0,"ID":23},{"utility":99,"ID":24},{"utility":4,"ID":25}],"LAST COALITION":[[],[{"utility":85,"ID":20},{"utility":99,"ID":24}],[{"utility":0,"ID":14}],[{"utility":0,"ID":1}],[{"utility":21,"ID":18},{"utility":87,"ID":21}],[],[{"utility":0,"ID":23}],[{"utility":45,"ID":13},{"utility":88,"ID":19}],[{"utility":27,"ID":8},{"utility":52,"ID":10}],[{"utility":0,"ID":2}],[],[{"utility":0,"ID":15}],[{"utility":0,"ID":22}],[{"utility":0,"ID":3}],[{"utility":37,"ID":4},{"utility":75,"ID":11}],[{"utility":27,"ID":5},{"utility":33,"ID":17}],[{"utility":54,"ID":6},{"utility":93,"ID":7}],[],[{"utility":80,"ID":9},{"utility":43,"ID":12}],[{"utility":55,"ID":16},{"utility":4,"ID":25}],[],[],[],[],[],[]],"STARTING COALITION: ":[[null],[{"utility":46,"ID":21},{"utility":0,"ID":23}],[{"utility":0,"ID":14},{"utility":67,"ID":19}],[{"utility":0,"ID":1},{"utility":10,"ID":17},{"utility":11.5,"ID":24}],[{"utility":2,"ID":5},{"utility":30,"ID":13},{"utility":56,"ID":16}],[{"utility":0,"ID":10}],[{"utility":0,"ID":3},{"utility":0,"ID":8},{"utility":0,"ID":25}],[{"utility":39,"ID":2},{"utility":0,"ID":6},{"utility":41,"ID":9}],[{"utility":0,"ID":20}],[],[{"utility":0,"ID":12},{"utility":0,"ID":18}],[{"utility":0,"ID":7},{"utility":22,"ID":11},{"utility":0,"ID":15}],[{"utility":0,"ID":4},{"utility":0,"ID":22}],[],[],[],[],[],[],[],[],[],[],[],[],[]],"CORE :":true,"LAST PARTITION":{"22":12,"23":6,"24":1,"25":19,"10":8,"11":14,"12":18,"13":7,"14":2,"15":11,"16":19,"17":15,"18":4,"19":7,"1":3,"2":9,"3":13,"4":14,"5":15,"6":16,"7":16,"8":8,"9":18,"20":1,"21":4}},{"STARTING PARTITION: ":{"22":1,"23":8,"24":3,"25":4,"10":7,"11":10,"12":5,"13":12,"14":11,"15":9,"16":1,"17":9,"18":8,"19":2,"1":8,"2":10,"3":11,"4":9,"5":12,"6":9,"7":7,"8":4,"9":3,"20":11,"21":12},"Agents":[null,{"utility":0,"ID":1},{"utility":0,"ID":2},{"utility":0,"ID":3},{"utility":37,"ID":4},{"utility":27,"ID":5},{"utility":54,"ID":6},{"utility":93,"ID":7},{"utility":27,"ID":8},{"utility":80,"ID":9},{"utility":52,"ID":10},{"utility":75,"ID":11},{"utility":43,"ID":12},{"utility":45,"ID":13},{"utility":0,"ID":14},{"utility":0,"ID":15},{"utility":55,"ID":16},{"utility":33,"ID":17},{"utility":21,"ID":18},{"utility":88,"ID":19},{"utility":85,"ID":20},{"utility":87,"ID":21},{"utility":0,"ID":22},{"utility":0,"ID":23},{"utility":99,"ID":24},{"utility":4,"ID":25}],"LAST COALITION":[[],[{"utility":0,"ID":22}],[{"utility":55,"ID":16},{"utility":4,"ID":25}],[],[{"utility":21,"ID":18},{"utility":87,"ID":21}],[{"utility":80,"ID":9},{"utility":43,"ID":12}],[{"utility":0,"ID":2}],[],[{"utility":0,"ID":1}],[{"utility":0,"ID":15}],[{"utility":45,"ID":13},{"utility":88,"ID":19}],[{"utility":0,"ID":14}],[{"utility":0,"ID":23}],[{"utility":0,"ID":3}],[{"utility":37,"ID":4},{"utility":75,"ID":11}],[{"utility":27,"ID":5},{"utility":33,"ID":17}],[{"utility":54,"ID":6},{"utility":93,"ID":7}],[{"utility":85,"ID":20},{"utility":99,"ID":24}],[{"utility":27,"ID":8},{"utility":52,"ID":10}],[],[],[],[],[],[],[]],"STARTING COALITION: ":[[null],[{"utility":0,"ID":16},{"utility":0,"ID":22}],[{"utility":0,"ID":19}],[{"utility":0,"ID":9},{"utility":0,"ID":24}],[{"utility":0,"ID":8},{"utility":0,"ID":25}],[{"utility":0,"ID":12}],[],[{"utility":48,"ID":7},{"utility":0,"ID":10}],[{"utility":0,"ID":1},{"utility":0,"ID":18},{"utility":14.5,"ID":23}],[{"utility":0,"ID":4},{"utility":0,"ID":6},{"utility":0,"ID":15},{"utility":9,"ID":17}],[{"utility":0,"ID":2},{"utility":0,"ID":11}],[{"utility":0,"ID":3},{"utility":27.5,"ID":14},{"utility":0,"ID":20}],[{"utility":0,"ID":5},{"utility":22,"ID":13},{"utility":35,"ID":21}],[],[],[],[],[],[],[],[],[],[],[],[],[]],"CORE :":true,"LAST PARTITION":{"22":1,"23":12,"24":17,"25":2,"10":18,"11":14,"12":5,"13":10,"14":11,"15":9,"16":2,"17":15,"18":4,"19":10,"1":8,"2":6,"3":13,"4":14,"5":15,"6":16,"7":16,"8":18,"9":5,"20":17,"21":4}},{"STARTING PARTITION: ":{"22":10,"23":12,"24":9,"25":11,"10":5,"11":6,"12":4,"13":9,"14":9,"15":6,"16":10,"17":8,"18":3,"19":8,"1":5,"2":1,"3":2,"4":3,"5":12,"6":4,"7":5,"8":8,"9":5,"20":3,"21":1},"Agents":[null,{"utility":0,"ID":1},{"utility":0,"ID":2},{"utility":0,"ID":3},{"utility":37,"ID":4},{"utility":27,"ID":5},{"utility":54,"ID":6},{"utility":93,"ID":7},{"utility":27,"ID":8},{"utility":80,"ID":9},{"utility":52,"ID":10},{"utility":75,"ID":11},{"utility":43,"ID":12},{"utility":45,"ID":13},{"utility":0,"ID":14},{"utility":0,"ID":15},{"utility":55,"ID":16},{"utility":33,"ID":17},{"utility":21,"ID":18},{"utility":88,"ID":19},{"utility":85,"ID":20},{"utility":87,"ID":21},{"utility":0,"ID":22},{"utility":0,"ID":23},{"utility":99,"ID":24},{"utility":4,"ID":25}],"LAST COALITION":[[],[{"utility":37,"ID":4},{"utility":75,"ID":11}],[{"utility":0,"ID":3}],[{"utility":27,"ID":5},{"utility":33,"ID":17}],[{"utility":80,"ID":9},{"utility":43,"ID":12}],[{"utility":0,"ID":1}],[{"utility":0,"ID":15}],[{"utility":54,"ID":6},{"utility":93,"ID":7}],[{"utility":85,"ID":20},{"utility":99,"ID":24}],[{"utility":0,"ID":14}],[{"utility":0,"ID":22}],[{"utility":21,"ID":18},{"utility":87,"ID":21}],[{"utility":27,"ID":8},{"utility":52,"ID":10}],[],[],[{"utility":0,"ID":2}],[{"utility":45,"ID":13},{"utility":88,"ID":19}],[{"utility":55,"ID":16},{"utility":4,"ID":25}],[{"utility":0,"ID":23}],[],[],[],[],[],[],[]],"STARTING COALITION: ":[[null],[{"utility":0,"ID":2},{"utility":0,"ID":21}],[{"utility":0,"ID":3}],[{"utility":41.5,"ID":4},{"utility":0,"ID":18},{"utility":33.5,"ID":20}],[{"utility":27,"ID":6},{"utility":0,"ID":12}],[{"utility":18.333333333333332,"ID":1},{"utility":16,"ID":7},{"utility":8.666666666666666,"ID":9},{"utility":0,"ID":10}],[{"utility":0,"ID":11},{"utility":0,"ID":15}],[],[{"utility":0,"ID":8},{"utility":0,"ID":17},{"utility":0,"ID":19}],[{"utility":0,"ID":13},{"utility":1.5,"ID":14},{"utility":26.5,"ID":24}],[{"utility":0,"ID":16},{"utility":0,"ID":22}],[{"utility":0,"ID":25}],[{"utility":77,"ID":5},{"utility":0,"ID":23}],[],[],[],[],[],[],[],[],[],[],[],[],[]],"CORE :":true,"LAST PARTITION":{"22":10,"23":18,"24":8,"25":17,"10":12,"11":1,"12":4,"13":16,"14":9,"15":6,"16":17,"17":3,"18":11,"19":16,"1":5,"2":15,"3":2,"4":1,"5":3,"6":7,"7":7,"8":12,"9":4,"20":8,"21":11}},{"STARTING PARTITION: ":{"22":3,"23":6,"24":5,"25":6,"10":12,"11":8,"12":12,"13":7,"14":7,"15":1,"16":12,"17":5,"18":7,"19":6,"1":4,"2":11,"3":8,"4":3,"5":2,"6":5,"7":7,"8":4,"9":9,"20":12,"21":8},"Agents":[null,{"utility":0,"ID":1},{"utility":0,"ID":2},{"utility":0,"ID":3},{"utility":37,"ID":4},{"utility":27,"ID":5},{"utility":54,"ID":6},{"utility":93,"ID":7},{"utility":0,"ID":8},{"utility":80,"ID":9},{"utility":79,"ID":10},{"utility":75,"ID":11},{"utility":43,"ID":12},{"utility":45,"ID":13},{"utility":0,"ID":14},{"utility":0,"ID":15},{"utility":55,"ID":16},{"utility":33,"ID":17},{"utility":65,"ID":18},{"utility":88,"ID":19},{"utility":85,"ID":20},{"utility":68,"ID":21},{"utility":0,"ID":22},{"utility":0,"ID":23},{"utility":99,"ID":24},{"utility":4,"ID":25}],"LAST COALITION":[[],[{"utility":0,"ID":15}],[{"utility":27,"ID":5},{"utility":33,"ID":17}],[{"utility":0,"ID":22}],[{"utility":0,"ID":1}],[{"utility":79,"ID":10},{"utility":68,"ID":21}],[{"utility":85,"ID":20},{"utility":99,"ID":24}],[{"utility":0,"ID":14},{"utility":65,"ID":18}],[{"utility":0,"ID":23}],[{"utility":45,"ID":13},{"utility":88,"ID":19}],[{"utility":0,"ID":2}],[{"utility":0,"ID":3}],[],[{"utility":37,"ID":4},{"utility":75,"ID":11}],[{"utility":55,"ID":16},{"utility":4,"ID":25}],[{"utility":54,"ID":6},{"utility":93,"ID":7}],[{"utility":0,"ID":8}],[],[{"utility":80,"ID":9},{"utility":43,"ID":12}],[],[],[],[],[],[],[]],"STARTING COALITION: ":[[null],[{"utility":0,"ID":15}],[{"utility":0,"ID":5}],[{"utility":0,"ID":4},{"utility":0,"ID":22}],[{"utility":0,"ID":1},{"utility":0,"ID":8}],[{"utility":0,"ID":6},{"utility":10,"ID":17},{"utility":51.5,"ID":24}],[{"utility":0,"ID":19},{"utility":13.5,"ID":23},{"utility":0,"ID":25}],[{"utility":24,"ID":7},{"utility":0,"ID":13},{"utility":0,"ID":14},{"utility":21.666666666666668,"ID":18}],[{"utility":0,"ID":3},{"utility":0,"ID":11},{"utility":40.5,"ID":21}],[{"utility":0,"ID":9}],[],[{"utility":0,"ID":2}],[{"utility":10.333333333333334,"ID":10},{"utility":11.333333333333334,"ID":12},{"utility":26.333333333333332,"ID":16},{"utility":3.3333333333333335,"ID":20}],[],[],[],[],[],[],[],[],[],[],[],[],[]],"CORE :":true,"LAST PARTITION":{"22":3,"23":8,"24":6,"25":14,"10":5,"11":13,"12":18,"13":9,"14":7,"15":1,"16":14,"17":2,"18":7,"19":9,"1":4,"2":10,"3":11,"4":13,"5":2,"6":15,"7":15,"8":16,"9":18,"20":6,"21":5}},{"STARTING PARTITION: ":{"22":8,"23":9,"24":5,"25":2,"10":2,"11":10,"12":11,"13":12,"14":5,"15":10,"16":6,"17":10,"18":2,"19":12,"1":2,"2":9,"3":9,"4":11,"5":7,"6":5,"7":1,"8":2,"9":12,"20":11,"21":1},"Agents":[null,{"utility":0,"ID":1},{"utility":0,"ID":2},{"utility":0,"ID":3},{"utility":37,"ID":4},{"utility":27,"ID":5},{"utility":54,"ID":6},{"utility":93,"ID":7},{"utility":27,"ID":8},{"utility":80,"ID":9},{"utility":52,"ID":10},{"utility":75,"ID":11},{"utility":43,"ID":12},{"utility":45,"ID":13},{"utility":0,"ID":14},{"utility":0,"ID":15},{"utility":0,"ID":16},{"utility":33,"ID":17},{"utility":21,"ID":18},{"utility":88,"ID":19},{"utility":85,"ID":20},{"utility":87,"ID":21},{"utility":0,"ID":22},{"utility":0,"ID":23},{"utility":99,"ID":24},{"utility":94,"ID":25}],"LAST COALITION":[[],[{"utility":21,"ID":18},{"utility":87,"ID":21}],[{"utility":0,"ID":1},{"utility":94,"ID":25}],[{"utility":0,"ID":2}],[{"utility":0,"ID":3}],[{"utility":0,"ID":14}],[{"utility":27,"ID":5},{"utility":33,"ID":17}],[{"utility":54,"ID":6},{"utility":93,"ID":7}],[{"utility":0,"ID":22}],[{"utility":85,"ID":20},{"utility":99,"ID":24}],[{"utility":0,"ID":15}],[{"utility":27,"ID":8},{"utility":52,"ID":10}],[{"utility":45,"ID":13},{"utility":88,"ID":19}],[{"utility":37,"ID":4},{"utility":75,"ID":11}],[{"utility":0,"ID":16}],[],[],[{"utility":80,"ID":9},{"utility":43,"ID":12}],[{"utility":0,"ID":23}],[],[],[],[],[],[],[]],"STARTING COALITION: ":[[null],[{"utility":0,"ID":7},{"utility":14,"ID":21}],[{"utility":10,"ID":1},{"utility":6.75,"ID":8},{"utility":18.75,"ID":10},{"utility":0,"ID":18},{"utility":23.5,"ID":25}],[],[],[{"utility":0,"ID":6},{"utility":1.5,"ID":14},{"utility":66.5,"ID":24}],[{"utility":0,"ID":16}],[{"utility":0,"ID":5}],[{"utility":0,"ID":22}],[{"utility":0,"ID":2},{"utility":0,"ID":3},{"utility":0,"ID":23}],[{"utility":0,"ID":11},{"utility":0,"ID":15},{"utility":0,"ID":17}],[{"utility":0,"ID":4},{"utility":0,"ID":12},{"utility":38.5,"ID":20}],[{"utility":0,"ID":9},{"utility":22.5,"ID":13},{"utility":44,"ID":19}],[],[],[],[],[],[],[],[],[],[],[],[],[]],"CORE :":true,"LAST PARTITION":{"22":8,"23":18,"24":9,"25":2,"10":11,"11":13,"12":17,"13":12,"14":5,"15":10,"16":14,"17":6,"18":1,"19":12,"1":2,"2":3,"3":4,"4":13,"5":6,"6":7,"7":7,"8":11,"9":17,"20":9,"21":1}},{"STARTING PARTITION: ":{"22":11,"23":2,"24":7,"25":8,"10":11,"11":10,"12":2,"13":6,"14":12,"15":4,"16":8,"17":3,"18":2,"19":5,"1":1,"2":11,"3":7,"4":12,"5":8,"6":5,"7":7,"8":4,"9":11,"20":9,"21":8},"Agents":[null,{"utility":0,"ID":1},{"utility":0,"ID":2},{"utility":0,"ID":3},{"utility":37,"ID":4},{"utility":27,"ID":5},{"utility":54,"ID":6},{"utility":93,"ID":7},{"utility":27,"ID":8},{"utility":80,"ID":9},{"utility":52,"ID":10},{"utility":75,"ID":11},{"utility":43,"ID":12},{"utility":45,"ID":13},{"utility":0,"ID":14},{"utility":0,"ID":15},{"utility":55,"ID":16},{"utility":33,"ID":17},{"utility":21,"ID":18},{"utility":88,"ID":19},{"utility":85,"ID":20},{"utility":87,"ID":21},{"utility":0,"ID":22},{"utility":0,"ID":23},{"utility":99,"ID":24},{"utility":4,"ID":25}],"LAST COALITION":[[],[{"utility":0,"ID":1}],[{"utility":85,"ID":20},{"utility":99,"ID":24}],[{"utility":54,"ID":6},{"utility":93,"ID":7}],[{"utility":0,"ID":15}],[{"utility":55,"ID":16},{"utility":4,"ID":25}],[{"utility":45,"ID":13},{"utility":88,"ID":19}],[],[{"utility":21,"ID":18},{"utility":87,"ID":21}],[{"utility":27,"ID":8},{"utility":52,"ID":10}],[{"utility":0,"ID":23}],[{"utility":0,"ID":22}],[{"utility":0,"ID":14}],[{"utility":0,"ID":2}],[{"utility":0,"ID":3}],[{"utility":37,"ID":4},{"utility":75,"ID":11}],[{"utility":27,"ID":5},{"utility":33,"ID":17}],[],[],[{"utility":80,"ID":9},{"utility":43,"ID":12}],[],[],[],[],[],[]],"STARTING COALITION: ":[[null],[{"utility":0,"ID":1}],[{"utility":0,"ID":12},{"utility":0,"ID":18},{"utility":0,"ID":23}],[{"utility":0,"ID":17}],[{"utility":0,"ID":8},{"utility":0,"ID":15}],[{"utility":0,"ID":6},{"utility":0,"ID":19}],[{"utility":0,"ID":13}],[{"utility":0,"ID":3},{"utility":0,"ID":7},{"utility":0,"ID":24}],[{"utility":1.3333333333333333,"ID":5},{"utility":30.666666666666668,"ID":16},{"utility":23.333333333333332,"ID":21},{"utility":14.333333333333334,"ID":25}],[{"utility":0,"ID":20}],[{"utility":0,"ID":11}],[{"utility":32.333333333333336,"ID":2},{"utility":10,"ID":9},{"utility":0,"ID":10},{"utility":0,"ID":22}],[{"utility":0,"ID":4},{"utility":0,"ID":14}],[],[],[],[],[],[],[],[],[],[],[],[],[]],"CORE :":true,"LAST PARTITION":{"22":11,"23":10,"24":2,"25":5,"10":9,"11":15,"12":19,"13":6,"14":12,"15":4,"16":5,"17":16,"18":8,"19":6,"1":1,"2":13,"3":14,"4":15,"5":16,"6":3,"7":3,"8":9,"9":19,"20":2,"21":8}},{"STARTING PARTITION: ":{"22":6,"23":3,"24":10,"25":2,"10":2,"11":6,"12":1,"13":8,"14":3,"15":5,"16":7,"17":3,"18":6,"19":12,"1":5,"2":11,"3":9,"4":3,"5":4,"6":11,"7":7,"8":5,"9":5,"20":3,"21":7},"Agents":[null,{"utility":0,"ID":1},{"utility":0,"ID":2},{"utility":0,"ID":3},{"utility":37,"ID":4},{"utility":27,"ID":5},{"utility":54,"ID":6},{"utility":93,"ID":7},{"utility":27,"ID":8},{"utility":80,"ID":9},{"utility":52,"ID":10},{"utility":75,"ID":11},{"utility":43,"ID":12},{"utility":45,"ID":13},{"utility":0,"ID":14},{"utility":19,"ID":15},{"utility":55,"ID":16},{"utility":33,"ID":17},{"utility":21,"ID":18},{"utility":88,"ID":19},{"utility":85,"ID":20},{"utility":87,"ID":21},{"utility":0,"ID":22},{"utility":0,"ID":23},{"utility":99,"ID":24},{"utility":4,"ID":25}],"LAST COALITION":[[],[{"utility":80,"ID":9},{"utility":43,"ID":12}],[{"utility":21,"ID":18},{"utility":87,"ID":21}],[{"utility":0,"ID":14}],[{"utility":27,"ID":5},{"utility":33,"ID":17}],[{"utility":0,"ID":1},{"utility":19,"ID":15}],[{"utility":0,"ID":22}],[{"utility":0,"ID":23}],[{"utility":45,"ID":13},{"utility":88,"ID":19}],[{"utility":0,"ID":2}],[],[{"utility":37,"ID":4},{"utility":75,"ID":11}],[{"utility":55,"ID":16},{"utility":4,"ID":25}],[{"utility":0,"ID":3}],[{"utility":85,"ID":20},{"utility":99,"ID":24}],[{"utility":54,"ID":6},{"utility":93,"ID":7}],[],[{"utility":27,"ID":8},{"utility":52,"ID":10}],[],[],[],[],[],[],[],[]],"STARTING COALITION: ":[[null],[{"utility":0,"ID":12}],[{"utility":0,"ID":10},{"utility":0,"ID":25}],[{"utility":0,"ID":4},{"utility":0.5,"ID":14},{"utility":6.75,"ID":17},{"utility":29.25,"ID":20},{"utility":27,"ID":23}],[{"utility":0,"ID":5}],[{"utility":5,"ID":1},{"utility":0,"ID":8},{"utility":0,"ID":9},{"utility":34,"ID":15}],[{"utility":0,"ID":11},{"utility":0,"ID":18},{"utility":0,"ID":22}],[{"utility":0,"ID":7},{"utility":0,"ID":16},{"utility":7,"ID":21}],[{"utility":0,"ID":13}],[{"utility":0,"ID":3}],[{"utility":0,"ID":24}],[{"utility":78,"ID":2},{"utility":0,"ID":6}],[{"utility":0,"ID":19}],[],[],[],[],[],[],[],[],[],[],[],[],[]],"CORE :":true,"LAST PARTITION":{"22":6,"23":7,"24":14,"25":12,"10":17,"11":11,"12":1,"13":8,"14":3,"15":5,"16":12,"17":4,"18":2,"19":8,"1":5,"2":9,"3":13,"4":11,"5":4,"6":15,"7":15,"8":17,"9":1,"20":14,"21":2}},{"STARTING PARTITION: ":{"22":8,"23":1,"24":12,"25":5,"10":5,"11":10,"12":8,"13":10,"14":1,"15":6,"16":6,"17":5,"18":9,"19":8,"1":4,"2":3,"3":10,"4":4,"5":5,"6":8,"7":9,"8":7,"9":11,"20":9,"21":7},"Agents":[null,{"utility":0,"ID":1},{"utility":0,"ID":2},{"utility":0,"ID":3},{"utility":37,"ID":4},{"utility":27,"ID":5},{"utility":54,"ID":6},{"utility":93,"ID":7},{"utility":27,"ID":8},{"utility":80,"ID":9},{"utility":52,"ID":10},{"utility":75,"ID":11},{"utility":43,"ID":12},{"utility":45,"ID":13},{"utility":0,"ID":14},{"utility":0,"ID":15},{"utility":55,"ID":16},{"utility":33,"ID":17},{"utility":21,"ID":18},{"utility":88,"ID":19},{"utility":85,"ID":20},{"utility":87,"ID":21},{"utility":0,"ID":22},{"utility":0,"ID":23},{"utility":99,"ID":24},{"utility":4,"ID":25}],"LAST COALITION":[[],[{"utility":0,"ID":14}],[{"utility":0,"ID":2}],[{"utility":37,"ID":4},{"utility":75,"ID":11}],[{"utility":0,"ID":1}],[{"utility":21,"ID":18},{"utility":87,"ID":21}],[{"utility":0,"ID":15}],[{"utility":0,"ID":23}],[{"utility":0,"ID":22}],[{"utility":85,"ID":20},{"utility":99,"ID":24}],[{"utility":0,"ID":3}],[{"utility":45,"ID":13},{"utility":88,"ID":19}],[],[{"utility":27,"ID":5},{"utility":33,"ID":17}],[{"utility":54,"ID":6},{"utility":93,"ID":7}],[],[{"utility":55,"ID":16},{"utility":4,"ID":25}],[{"utility":80,"ID":9},{"utility":43,"ID":12}],[{"utility":27,"ID":8},{"utility":52,"ID":10}],[],[],[],[],[],[],[]],"STARTING COALITION: ":[[null],[{"utility":2,"ID":14},{"utility":0,"ID":23}],[],[{"utility":0,"ID":2}],[{"utility":0,"ID":1},{"utility":0,"ID":4}],[{"utility":9,"ID":5},{"utility":21.333333333333332,"ID":10},{"utility":11,"ID":17},{"utility":0,"ID":25}],[{"utility":0,"ID":15},{"utility":0,"ID":16}],[{"utility":0,"ID":8},{"utility":50,"ID":21}],[{"utility":21.333333333333332,"ID":6},{"utility":0,"ID":12},{"utility":0,"ID":19},{"utility":52.666666666666664,"ID":22}],[{"utility":63.5,"ID":7},{"utility":0,"ID":18},{"utility":2.5,"ID":20}],[{"utility":0,"ID":3},{"utility":0,"ID":11},{"utility":0,"ID":13}],[{"utility":0,"ID":9}],[{"utility":0,"ID":24}],[],[],[],[],[],[],[],[],[],[],[],[],[]],"CORE :":true,"LAST PARTITION":{"22":8,"23":7,"24":9,"25":16,"10":18,"11":3,"12":17,"13":11,"14":1,"15":6,"16":16,"17":13,"18":5,"19":11,"1":4,"2":2,"3":10,"4":3,"5":13,"6":14,"7":14,"8":18,"9":17,"20":9,"21":5}},{"STARTING PARTITION: ":{"22":6,"23":1,"24":5,"25":8,"10":12,"11":3,"12":4,"13":6,"14":9,"15":11,"16":9,"17":4,"18":2,"19":11,"1":6,"2":6,"3":7,"4":10,"5":9,"6":1,"7":2,"8":12,"9":3,"20":8,"21":11},"Agents":[null,{"utility":0,"ID":1},{"utility":0,"ID":2},{"utility":0,"ID":3},{"utility":37,"ID":4},{"utility":27,"ID":5},{"utility":54,"ID":6},{"utility":93,"ID":7},{"utility":27,"ID":8},{"utility":80,"ID":9},{"utility":52,"ID":10},{"utility":75,"ID":11},{"utility":43,"ID":12},{"utility":45,"ID":13},{"utility":0,"ID":14},{"utility":0,"ID":15},{"utility":55,"ID":16},{"utility":33,"ID":17},{"utility":21,"ID":18},{"utility":88,"ID":19},{"utility":85,"ID":20},{"utility":87,"ID":21},{"utility":79,"ID":22},{"utility":0,"ID":23},{"utility":99,"ID":24},{"utility":4,"ID":25}],"LAST COALITION":[[],[{"utility":85,"ID":20},{"utility":99,"ID":24}],[{"utility":0,"ID":23}],[{"utility":21,"ID":18},{"utility":87,"ID":21}],[{"utility":80,"ID":9},{"utility":43,"ID":12}],[],[{"utility":0,"ID":1},{"utility":79,"ID":22}],[{"utility":45,"ID":13},{"utility":88,"ID":19}],[{"utility":27,"ID":8},{"utility":52,"ID":10}],[{"utility":0,"ID":14}],[{"utility":0,"ID":3}],[{"utility":0,"ID":15}],[],[{"utility":0,"ID":2}],[{"utility":27,"ID":5},{"utility":33,"ID":17}],[{"utility":54,"ID":6},{"utility":93,"ID":7}],[{"utility":55,"ID":16},{"utility":4,"ID":25}],[{"utility":37,"ID":4},{"utility":75,"ID":11}],[],[],[],[],[],[],[],[]],"STARTING COALITION: ":[[null],[{"utility":0,"ID":6},{"utility":0,"ID":23}],[{"utility":72,"ID":7},{"utility":0,"ID":18}],[{"utility":0,"ID":9},{"utility":97,"ID":11}],[{"utility":0,"ID":12},{"utility":20,"ID":17}],[{"utility":0,"ID":24}],[{"utility":0,"ID":1},{"utility":0,"ID":2},{"utility":11.666666666666666,"ID":13},{"utility":26.333333333333332,"ID":22}],[{"utility":0,"ID":3}],[{"utility":48,"ID":20},{"utility":0,"ID":25}],[{"utility":2,"ID":5},{"utility":34.5,"ID":14},{"utility":18.5,"ID":16}],[{"utility":0,"ID":4}],[{"utility":0,"ID":15},{"utility":24,"ID":19},{"utility":0,"ID":21}],[{"utility":27,"ID":8},{"utility":52,"ID":10}],[],[],[],[],[],[],[],[],[],[],[],[],[]],"CORE :":true,"LAST PARTITION":{"22":6,"23":2,"24":1,"25":16,"10":8,"11":17,"12":4,"13":7,"14":9,"15":11,"16":16,"17":14,"18":3,"19":7,"1":6,"2":13,"3":10,"4":17,"5":14,"6":15,"7":15,"8":8,"9":4,"20":1,"21":3}},{"END OF FILE:" : true}]