[{"STARTING PARTITION: ":{"22":8,"23":3,"24":11,"25":10,"10":4,"11":9,"12":1,"13":6,"14":8,"15":7,"16":12,"17":4,"18":6,"19":10,"1":3,"2":9,"3":8,"4":6,"5":6,"6":1,"7":3,"8":7,"9":5,"20":9,"21":12},"Agents":[null,{"utility":46,"ID":1},{"utility":28,"ID":2},{"utility":89,"ID":3},{"utility":44,"ID":4},{"utility":0,"ID":5},{"utility":0,"ID":6},{"utility":82,"ID":7},{"utility":46,"ID":8},{"utility":95,"ID":9},{"utility":98,"ID":10},{"utility":72,"ID":11},{"utility":74,"ID":12},{"utility":0,"ID":13},{"utility":47,"ID":14},{"utility":49,"ID":15},{"utility":69,"ID":16},{"utility":0,"ID":17},{"utility":75,"ID":18},{"utility":38,"ID":19},{"utility":44,"ID":20},{"utility":0,"ID":21},{"utility":3,"ID":22},{"utility":0,"ID":23},{"utility":0,"ID":24},{"utility":0,"ID":25}],"LAST COALITION":[[],[{"utility":72,"ID":11},{"utility":47,"ID":14}],[],[{"utility":0,"ID":23}],[{"utility":0,"ID":17}],[{"utility":95,"ID":9},{"utility":3,"ID":22}],[{"utility":0,"ID":13}],[{"utility":69,"ID":16},{"utility":75,"ID":18}],[{"utility":74,"ID":12},{"utility":49,"ID":15}],[{"utility":28,"ID":2},{"utility":98,"ID":10}],[{"utility":38,"ID":19},{"utility":0,"ID":25}],[{"utility":0,"ID":24}],[{"utility":0,"ID":21}],[{"utility":46,"ID":1},{"utility":44,"ID":20}],[{"utility":0,"ID":6}],[{"utility":89,"ID":3},{"utility":82,"ID":7}],[],[{"utility":0,"ID":5}],[{"utility":44,"ID":4},{"utility":46,"ID":8}],[],[],[],[],[],[],[]],"STARTING COALITION: ":[[null],[{"utility":0,"ID":6},{"utility":0,"ID":12}],[],[{"utility":25,"ID":1},{"utility":5,"ID":7},{"utility":0,"ID":23}],[{"utility":0,"ID":10},{"utility":10,"ID":17}],[{"utility":0,"ID":9}],[{"utility":0,"ID":4},{"utility":3.6666666666666665,"ID":5},{"utility":13,"ID":13},{"utility":33,"ID":18}],[{"utility":0,"ID":8},{"utility":0,"ID":15}],[{"utility":0,"ID":3},{"utility":0,"ID":14},{"utility":0,"ID":22}],[{"utility":11.5,"ID":2},{"utility":0,"ID":11},{"utility":0,"ID":20}],[{"utility":38,"ID":19},{"utility":0,"ID":25}],[{"utility":0,"ID":24}],[{"utility":0,"ID":16},{"utility":55,"ID":21}],[],[],[],[],[],[],[],[],[],[],[],[],[]],"CORE :":true,"LAST PARTITION":{"22":5,"23":3,"24":11,"25":10,"10":9,"11":1,"12":8,"13":6,"14":1,"15":8,"16":7,"17":4,"18":7,"19":10,"1":13,"2":9,"3":15,"4":18,"5":17,"6":14,"7":15,"8":18,"9":5,"20":13,"21":12}},{"STARTING PARTITION: ":{"22":7,"23":10,"24":11,"25":3,"10":6,"11":12,"12":1,"13":12,"14":12,"15":4,"16":8,"17":5,"18":2,"19":12,"1":2,"2":3,"3":2,"4":2,"5":1,"6":7,"7":4,"8":2,"9":10,"20":9,"21":5},"Agents":[null,{"utility":46,"ID":1},{"utility":28,"ID":2},{"utility":89,"ID":3},{"utility":44,"ID":4},{"utility":0,"ID":5},{"utility":0,"ID":6},{"utility":82,"ID":7},{"utility":46,"ID":8},{"utility":95,"ID":9},{"utility":98,"ID":10},{"utility":72,"ID":11},{"utility":74,"ID":12},{"utility":10,"ID":13},{"utility":47,"ID":14},{"utility":49,"ID":15},{"utility":69,"ID":16},{"utility":0,"ID":17},{"utility":75,"ID":18},{"utility":0,"ID":19},{"utility":44,"ID":20},{"utility":44,"ID":21},{"utility":3,"ID":22},{"utility":0,"ID":23},{"utility":0,"ID":24},{"utility":0,"ID":25}],"LAST COALITION":[[],[{"utility":69,"ID":16},{"utility":75,"ID":18}],[{"utility":0,"ID":6}],[{"utility":0,"ID":25}],[{"utility":72,"ID":11},{"utility":47,"ID":14}],[{"utility":0,"ID":17},{"utility":44,"ID":21}],[{"utility":74,"ID":12},{"utility":49,"ID":15}],[{"utility":44,"ID":4},{"utility":46,"ID":8}],[{"utility":95,"ID":9},{"utility":3,"ID":22}],[{"utility":28,"ID":2},{"utility":98,"ID":10}],[{"utility":0,"ID":23}],[{"utility":0,"ID":24}],[{"utility":10,"ID":13},{"utility":0,"ID":19}],[],[{"utility":46,"ID":1},{"utility":44,"ID":20}],[{"utility":89,"ID":3},{"utility":82,"ID":7}],[],[{"utility":0,"ID":5}],[],[],[],[],[],[],[],[]],"STARTING COALITION: ":[[null],[{"utility":0,"ID":5},{"utility":0,"ID":12}],[{"utility":0,"ID":1},{"utility":37.75,"ID":3},{"utility":11,"ID":4},{"utility":11.5,"ID":8},{"utility":36.25,"ID":18}],[{"utility":0,"ID":2},{"utility":0,"ID":25}],[{"utility":0,"ID":7},{"utility":75,"ID":15}],[{"utility":0,"ID":17},{"utility":44,"ID":21}],[{"utility":0,"ID":10}],[{"utility":27,"ID":6},{"utility":0,"ID":22}],[{"utility":0,"ID":16}],[{"utility":0,"ID":20}],[{"utility":0,"ID":9},{"utility":0,"ID":23}],[{"utility":0,"ID":24}],[{"utility":24,"ID":11},{"utility":27,"ID":13},{"utility":15.666666666666666,"ID":14},{"utility":42.333333333333336,"ID":19}],[],[],[],[],[],[],[],[],[],[],[],[],[]],"CORE :":true,"LAST PARTITION":{"22":8,"23":10,"24":11,"25":3,"10":9,"11":4,"12":6,"13":12,"14":4,"15":6,"16":1,"17":5,"18":1,"19":12,"1":14,"2":9,"3":15,"4":7,"5":17,"6":2,"7":15,"8":7,"9":8,"20":14,"21":5}},{"STARTING PARTITION: ":{"22":7,"23":10,"24":10,"25":6,"10":12,"11":6,"12":8,"13":2,"14":10,"15":4,"16":1,"17":12,"18":6,"19":5,"1":12,"2":1,"3":12,"4":10,"5":7,"6":4,"7":2,"8":1,"9":6,"20":10,"21":11},"Agents":[null,{"utility":46,"ID":1},{"utility":28,"ID":2},{"utility":89,"ID":3},{"utility":44,"ID":4},{"utility":0,"ID":5},{"utility":0,"ID":6},{"utility":82,"ID":7},{"utility":46,"ID":8},{"utility":95,"ID":9},{"utility":98,"ID":10},{"utility":72,"ID":11},{"utility":74,"ID":12},{"utility":0,"ID":13},{"utility":47,"ID":14},{"utility":49,"ID":15},{"utility":69,"ID":16},{"utility":0,"ID":17},{"utility":75,"ID":18},{"utility":1,"ID":19},{"utility":44,"ID":20},{"utility":14,"ID":21},{"utility":3,"ID":22},{"utility":95,"ID":23},{"utility":0,"ID":24},{"utility":0,"ID":25}],"LAST COALITION":[[],[{"utility":72,"ID":11},{"utility":47,"ID":14}],[{"utility":0,"ID":13}],[{"utility":1,"ID":19},{"utility":14,"ID":21}],[{"utility":69,"ID":16},{"utility":75,"ID":18}],[],[{"utility":0,"ID":25}],[{"utility":44,"ID":4},{"utility":46,"ID":8}],[{"utility":89,"ID":3},{"utility":82,"ID":7}],[{"utility":46,"ID":1},{"utility":44,"ID":20}],[{"utility":95,"ID":23},{"utility":0,"ID":24}],[],[{"utility":0,"ID":17}],[{"utility":74,"ID":12},{"utility":49,"ID":15}],[{"utility":28,"ID":2},{"utility":98,"ID":10}],[{"utility":0,"ID":6}],[{"utility":95,"ID":9},{"utility":3,"ID":22}],[{"utility":0,"ID":5}],[],[],[],[],[],[],[],[]],"STARTING COALITION: ":[[null],[{"utility":0,"ID":2},{"utility":39,"ID":8},{"utility":30.5,"ID":16}],[{"utility":0,"ID":7},{"utility":0,"ID":13}],[],[{"utility":0,"ID":6},{"utility":0,"ID":15}],[{"utility":0,"ID":19}],[{"utility":50.333333333333336,"ID":9},{"utility":13.333333333333334,"ID":11},{"utility":0,"ID":18},{"utility":0.3333333333333333,"ID":25}],[{"utility":59,"ID":5},{"utility":0,"ID":22}],[{"utility":0,"ID":12}],[],[{"utility":7,"ID":4},{"utility":0,"ID":14},{"utility":19.75,"ID":20},{"utility":37.75,"ID":23},{"utility":1.25,"ID":24}],[{"utility":0,"ID":21}],[{"utility":0,"ID":1},{"utility":29.333333333333332,"ID":3},{"utility":0,"ID":10},{"utility":3.3333333333333335,"ID":17}],[],[],[],[],[],[],[],[],[],[],[],[],[]],"CORE :":true,"LAST PARTITION":{"22":16,"23":10,"24":10,"25":6,"10":14,"11":1,"12":13,"13":2,"14":1,"15":13,"16":4,"17":12,"18":4,"19":3,"1":9,"2":14,"3":8,"4":7,"5":17,"6":15,"7":8,"8":7,"9":16,"20":9,"21":3}},{"STARTING PARTITION: ":{"22":7,"23":3,"24":12,"25":6,"10":6,"11":7,"12":5,"13":4,"14":2,"15":12,"16":10,"17":11,"18":11,"19":6,"1":6,"2":7,"3":7,"4":11,"5":10,"6":2,"7":11,"8":11,"9":1,"20":1,"21":5},"Agents":[null,{"utility":46,"ID":1},{"utility":28,"ID":2},{"utility":89,"ID":3},{"utility":44,"ID":4},{"utility":0,"ID":5},{"utility":0,"ID":6},{"utility":82,"ID":7},{"utility":46,"ID":8},{"utility":95,"ID":9},{"utility":98,"ID":10},{"utility":72,"ID":11},{"utility":74,"ID":12},{"utility":0,"ID":13},{"utility":47,"ID":14},{"utility":49,"ID":15},{"utility":69,"ID":16},{"utility":0,"ID":17},{"utility":75,"ID":18},{"utility":38,"ID":19},{"utility":44,"ID":20},{"utility":0,"ID":21},{"utility":3,"ID":22},{"utility":0,"ID":23},{"utility":0,"ID":24},{"utility":0,"ID":25}],"LAST COALITION":[[],[{"utility":95,"ID":9},{"utility":3,"ID":22}],[{"utility":74,"ID":12},{"utility":49,"ID":15}],[{"utility":0,"ID":23}],[{"utility":0,"ID":13}],[{"utility":0,"ID":21}],[{"utility":38,"ID":19},{"utility":0,"ID":25}],[{"utility":0,"ID":6}],[{"utility":69,"ID":16},{"utility":75,"ID":18}],[{"utility":46,"ID":1},{"utility":44,"ID":20}],[{"utility":0,"ID":5}],[{"utility":0,"ID":17}],[{"utility":0,"ID":24}],[],[{"utility":28,"ID":2},{"utility":98,"ID":10}],[{"utility":89,"ID":3},{"utility":82,"ID":7}],[],[{"utility":72,"ID":11},{"utility":47,"ID":14}],[{"utility":44,"ID":4},{"utility":46,"ID":8}],[],[],[],[],[],[],[]],"STARTING COALITION: ":[[null],[{"utility":0,"ID":9},{"utility":0,"ID":20}],[{"utility":0,"ID":6},{"utility":77,"ID":14}],[{"utility":0,"ID":23}],[{"utility":0,"ID":13}],[{"utility":0,"ID":12},{"utility":0,"ID":21}],[{"utility":29,"ID":1},{"utility":29.333333333333332,"ID":10},{"utility":12.666666666666666,"ID":19},{"utility":0,"ID":25}],[{"utility":7.666666666666667,"ID":2},{"utility":0,"ID":3},{"utility":0,"ID":11},{"utility":31.666666666666668,"ID":22}],[],[],[{"utility":74,"ID":5},{"utility":0,"ID":16}],[{"utility":27.75,"ID":4},{"utility":0,"ID":7},{"utility":11.5,"ID":8},{"utility":15,"ID":17},{"utility":50.25,"ID":18}],[{"utility":39,"ID":15},{"utility":0,"ID":24}],[],[],[],[],[],[],[],[],[],[],[],[],[]],"CORE :":true,"LAST PARTITION":{"22":1,"23":3,"24":12,"25":6,"10":14,"11":17,"12":2,"13":4,"14":17,"15":2,"16":8,"17":11,"18":8,"19":6,"1":9,"2":14,"3":15,"4":18,"5":10,"6":7,"7":15,"8":18,"9":1,"20":9,"21":5}},{"STARTING PARTITION: ":{"22":2,"23":10,"24":6,"25":12,"10":3,"11":1,"12":10,"13":4,"14":1,"15":8,"16":7,"17":11,"18":8,"19":7,"1":1,"2":2,"3":9,"4":3,"5":3,"6":7,"7":10,"8":5,"9":3,"20":4,"21":8},"Agents":[null,{"utility":46,"ID":1},{"utility":28,"ID":2},{"utility":89,"ID":3},{"utility":44,"ID":4},{"utility":0,"ID":5},{"utility":0,"ID":6},{"utility":82,"ID":7},{"utility":46,"ID":8},{"utility":95,"ID":9},{"utility":98,"ID":10},{"utility":72,"ID":11},{"utility":74,"ID":12},{"utility":0,"ID":13},{"utility":47,"ID":14},{"utility":49,"ID":15},{"utility":69,"ID":16},{"utility":0,"ID":17},{"utility":75,"ID":18},{"utility":1,"ID":19},{"utility":44,"ID":20},{"utility":14,"ID":21},{"utility":3,"ID":22},{"utility":0,"ID":23},{"utility":0,"ID":24},{"utility":0,"ID":25}],"LAST COALITION":[[],[{"utility":69,"ID":16},{"utility":75,"ID":18}],[{"utility":74,"ID":12},{"utility":49,"ID":15}],[{"utility":1,"ID":19},{"utility":14,"ID":21}],[{"utility":0,"ID":13}],[{"utility":0,"ID":5}],[{"utility":0,"ID":24}],[],[],[{"utility":72,"ID":11},{"utility":47,"ID":14}],[{"utility":0,"ID":23}],[{"utility":0,"ID":17}],[{"utility":0,"ID":25}],[{"utility":28,"ID":2},{"utility":98,"ID":10}],[{"utility":46,"ID":1},{"utility":44,"ID":20}],[{"utility":0,"ID":6}],[{"utility":89,"ID":3},{"utility":82,"ID":7}],[],[{"utility":95,"ID":9},{"utility":3,"ID":22}],[{"utility":44,"ID":4},{"utility":46,"ID":8}],[],[],[],[],[],[]],"STARTING COALITION: ":[[null],[{"utility":37.5,"ID":1},{"utility":63,"ID":11},{"utility":23.5,"ID":14}],[{"utility":0,"ID":2},{"utility":0,"ID":22}],[{"utility":0,"ID":4},{"utility":3.6666666666666665,"ID":5},{"utility":0,"ID":9},{"utility":18,"ID":10}],[{"utility":0,"ID":13},{"utility":0,"ID":20}],[{"utility":0,"ID":8}],[{"utility":0,"ID":24}],[{"utility":54.5,"ID":6},{"utility":18.5,"ID":16},{"utility":0,"ID":19}],[{"utility":20.5,"ID":15},{"utility":0,"ID":18},{"utility":19,"ID":21}],[{"utility":0,"ID":3}],[{"utility":5,"ID":7},{"utility":0,"ID":12},{"utility":47.5,"ID":23}],[{"utility":0,"ID":17}],[{"utility":0,"ID":25}],[],[],[],[],[],[],[],[],[],[],[],[],[]],"CORE :":true,"LAST PARTITION":{"22":18,"23":10,"24":6,"25":12,"10":13,"11":9,"12":2,"13":4,"14":9,"15":2,"16":1,"17":11,"18":1,"19":3,"1":14,"2":13,"3":16,"4":19,"5":5,"6":15,"7":16,"8":19,"9":18,"20":14,"21":3}},{"STARTING PARTITION: ":{"22":1,"23":6,"24":7,"25":8,"10":11,"11":3,"12":12,"13":1,"14":11,"15":9,"16":6,"17":2,"18":1,"19":8,"1":1,"2":11,"3":2,"4":11,"5":4,"6":6,"7":7,"8":10,"9":3,"20":2,"21":4},"Agents":[null,{"utility":46,"ID":1},{"utility":28,"ID":2},{"utility":89,"ID":3},{"utility":44,"ID":4},{"utility":0,"ID":5},{"utility":0,"ID":6},{"utility":82,"ID":7},{"utility":46,"ID":8},{"utility":95,"ID":9},{"utility":98,"ID":10},{"utility":72,"ID":11},{"utility":74,"ID":12},{"utility":0,"ID":13},{"utility":47,"ID":14},{"utility":49,"ID":15},{"utility":69,"ID":16},{"utility":0,"ID":17},{"utility":75,"ID":18},{"utility":38,"ID":19},{"utility":44,"ID":20},{"utility":0,"ID":21},{"utility":3,"ID":22},{"utility":0,"ID":23},{"utility":0,"ID":24},{"utility":0,"ID":25}],"LAST COALITION":[[],[{"utility":0,"ID":13}],[{"utility":0,"ID":17}],[{"utility":95,"ID":9},{"utility":3,"ID":22}],[{"utility":0,"ID":21}],[],[{"utility":0,"ID":23}],[{"utility":0,"ID":24}],[{"utility":38,"ID":19},{"utility":0,"ID":25}],[{"utility":69,"ID":16},{"utility":75,"ID":18}],[{"utility":0,"ID":5}],[{"utility":74,"ID":12},{"utility":49,"ID":15}],[{"utility":89,"ID":3},{"utility":82,"ID":7}],[{"utility":46,"ID":1},{"utility":44,"ID":20}],[{"utility":72,"ID":11},{"utility":47,"ID":14}],[{"utility":28,"ID":2},{"utility":98,"ID":10}],[],[{"utility":0,"ID":6}],[{"utility":44,"ID":4},{"utility":46,"ID":8}],[],[],[],[],[],[],[]],"STARTING COALITION: ":[[null],[{"utility":0,"ID":1},{"utility":0,"ID":13},{"utility":0,"ID":18},{"utility":0,"ID":22}],[{"utility":0,"ID":3},{"utility":0,"ID":17},{"utility":0,"ID":20}],[{"utility":61,"ID":9},{"utility":40,"ID":11}],[{"utility":0,"ID":5},{"utility":0,"ID":21}],[],[{"utility":58,"ID":6},{"utility":2,"ID":16},{"utility":0,"ID":23}],[{"utility":32,"ID":7},{"utility":0,"ID":24}],[{"utility":38,"ID":19},{"utility":0,"ID":25}],[{"utility":0,"ID":15}],[{"utility":0,"ID":8}],[{"utility":9.333333333333334,"ID":2},{"utility":33,"ID":4},{"utility":78.33333333333333,"ID":10},{"utility":0,"ID":14}],[{"utility":0,"ID":12}],[],[],[],[],[],[],[],[],[],[],[],[],[]],"CORE :":true,"LAST PARTITION":{"22":3,"23":6,"24":7,"25":8,"10":15,"11":14,"12":11,"13":1,"14":14,"15":11,"16":9,"17":2,"18":9,"19":8,"1":13,"2":15,"3":12,"4":18,"5":10,"6":17,"7":12,"8":18,"9":3,"20":13,"21":4}},{"STARTING PARTITION: ":{"22":1,"23":7,"24":3,"25":6,"10":3,"11":8,"12":2,"13":10,"14":1,"15":11,"16":8,"17":1,"18":12,"19":8,"1":12,"2":4,"3":2,"4":6,"5":1,"6":8,"7":12,"8":5,"9":5,"20":1,"21":12},"Agents":[null,{"utility":46,"ID":1},{"utility":28,"ID":2},{"utility":89,"ID":3},{"utility":44,"ID":4},{"utility":0,"ID":5},{"utility":0,"ID":6},{"utility":82,"ID":7},{"utility":46,"ID":8},{"utility":95,"ID":9},{"utility":98,"ID":10},{"utility":72,"ID":11},{"utility":74,"ID":12},{"utility":0,"ID":13},{"utility":47,"ID":14},{"utility":49,"ID":15},{"utility":69,"ID":16},{"utility":0,"ID":17},{"utility":75,"ID":18},{"utility":1,"ID":19},{"utility":44,"ID":20},{"utility":14,"ID":21},{"utility":3,"ID":22},{"utility":0,"ID":23},{"utility":0,"ID":24},{"utility":0,"ID":25}],"LAST COALITION":[[],[{"utility":0,"ID":17}],[{"utility":72,"ID":11},{"utility":47,"ID":14}],[{"utility":0,"ID":24}],[{"utility":46,"ID":1},{"utility":44,"ID":20}],[{"utility":95,"ID":9},{"utility":3,"ID":22}],[{"utility":0,"ID":25}],[{"utility":0,"ID":23}],[],[{"utility":1,"ID":19},{"utility":14,"ID":21}],[{"utility":0,"ID":13}],[{"utility":69,"ID":16},{"utility":75,"ID":18}],[],[],[{"utility":28,"ID":2},{"utility":98,"ID":10}],[{"utility":89,"ID":3},{"utility":82,"ID":7}],[{"utility":44,"ID":4},{"utility":46,"ID":8}],[{"utility":74,"ID":12},{"utility":49,"ID":15}],[{"utility":0,"ID":5}],[{"utility":0,"ID":6}],[],[],[],[],[],[]],"STARTING COALITION: ":[[null],[{"utility":14.75,"ID":5},{"utility":14,"ID":14},{"utility":14.75,"ID":17},{"utility":3.75,"ID":20},{"utility":0,"ID":22}],[{"utility":0,"ID":3},{"utility":0,"ID":12}],[{"utility":3,"ID":10},{"utility":0,"ID":24}],[{"utility":0,"ID":2}],[{"utility":0,"ID":8},{"utility":0,"ID":9}],[{"utility":0,"ID":4},{"utility":66,"ID":25}],[{"utility":0,"ID":23}],[{"utility":67,"ID":6},{"utility":1,"ID":11},{"utility":12.333333333333334,"ID":16},{"utility":21,"ID":19}],[],[{"utility":0,"ID":13}],[{"utility":0,"ID":15}],[{"utility":16.666666666666668,"ID":1},{"utility":0,"ID":7},{"utility":0,"ID":18},{"utility":20.333333333333332,"ID":21}],[],[],[],[],[],[],[],[],[],[],[],[],[]],"CORE :":true,"LAST PARTITION":{"22":5,"23":7,"24":3,"25":6,"10":14,"11":2,"12":17,"13":10,"14":2,"15":17,"16":11,"17":1,"18":11,"19":9,"1":4,"2":14,"3":15,"4":16,"5":18,"6":19,"7":15,"8":16,"9":5,"20":4,"21":9}},{"STARTING PARTITION: ":{"22":1,"23":10,"24":9,"25":9,"10":12,"11":11,"12":12,"13":3,"14":1,"15":10,"16":10,"17":3,"18":12,"19":8,"1":11,"2":11,"3":2,"4":11,"5":8,"6":2,"7":11,"8":1,"9":10,"20":1,"21":9},"Agents":[null,{"utility":46,"ID":1},{"utility":28,"ID":2},{"utility":89,"ID":3},{"utility":44,"ID":4},{"utility":0,"ID":5},{"utility":0,"ID":6},{"utility":82,"ID":7},{"utility":46,"ID":8},{"utility":95,"ID":9},{"utility":98,"ID":10},{"utility":72,"ID":11},{"utility":74,"ID":12},{"utility":57,"ID":13},{"utility":47,"ID":14},{"utility":49,"ID":15},{"utility":69,"ID":16},{"utility":0,"ID":17},{"utility":75,"ID":18},{"utility":1,"ID":19},{"utility":44,"ID":20},{"utility":14,"ID":21},{"utility":3,"ID":22},{"utility":0,"ID":23},{"utility":0,"ID":24},{"utility":64,"ID":25}],"LAST COALITION":[[],[{"utility":74,"ID":12},{"utility":49,"ID":15}],[{"utility":72,"ID":11},{"utility":47,"ID":14}],[{"utility":57,"ID":13},{"utility":0,"ID":17}],[{"utility":1,"ID":19},{"utility":14,"ID":21}],[{"utility":46,"ID":1},{"utility":44,"ID":20}],[{"utility":69,"ID":16},{"utility":75,"ID":18}],[{"utility":28,"ID":2},{"utility":98,"ID":10}],[],[{"utility":0,"ID":24},{"utility":64,"ID":25}],[{"utility":0,"ID":23}],[{"utility":0,"ID":5}],[{"utility":0,"ID":6}],[{"utility":89,"ID":3},{"utility":82,"ID":7}],[],[{"utility":44,"ID":4},{"utility":46,"ID":8}],[{"utility":95,"ID":9},{"utility":3,"ID":22}],[],[],[],[],[],[],[],[],[]],"STARTING COALITION: ":[[null],[{"utility":0,"ID":8},{"utility":0,"ID":14},{"utility":5,"ID":20},{"utility":0,"ID":22}],[{"utility":0,"ID":3},{"utility":31,"ID":6}],[{"utility":57,"ID":13},{"utility":0,"ID":17}],[],[],[],[],[{"utility":0,"ID":5},{"utility":0,"ID":19}],[{"utility":0,"ID":21},{"utility":0,"ID":24},{"utility":59,"ID":25}],[{"utility":0,"ID":9},{"utility":0,"ID":15},{"utility":26.333333333333332,"ID":16},{"utility":0,"ID":23}],[{"utility":26.25,"ID":1},{"utility":9,"ID":2},{"utility":41.5,"ID":4},{"utility":0,"ID":7},{"utility":13.5,"ID":11}],[{"utility":0,"ID":10},{"utility":0,"ID":12},{"utility":0,"ID":18}],[],[],[],[],[],[],[],[],[],[],[],[],[]],"CORE :":true,"LAST PARTITION":{"22":16,"23":10,"24":9,"25":9,"10":7,"11":2,"12":1,"13":3,"14":2,"15":1,"16":6,"17":3,"18":6,"19":4,"1":5,"2":7,"3":13,"4":15,"5":11,"6":12,"7":13,"8":15,"9":16,"20":5,"21":4}},{"STARTING PARTITION: ":{"22":4,"23":12,"24":1,"25":4,"10":11,"11":10,"12":10,"13":11,"14":4,"15":6,"16":7,"17":5,"18":4,"19":4,"1":5,"2":12,"3":2,"4":10,"5":10,"6":6,"7":9,"8":8,"9":4,"20":12,"21":5},"Agents":[null,{"utility":46,"ID":1},{"utility":28,"ID":2},{"utility":89,"ID":3},{"utility":44,"ID":4},{"utility":0,"ID":5},{"utility":0,"ID":6},{"utility":82,"ID":7},{"utility":46,"ID":8},{"utility":95,"ID":9},{"utility":98,"ID":10},{"utility":72,"ID":11},{"utility":74,"ID":12},{"utility":0,"ID":13},{"utility":47,"ID":14},{"utility":49,"ID":15},{"utility":69,"ID":16},{"utility":0,"ID":17},{"utility":75,"ID":18},{"utility":38,"ID":19},{"utility":44,"ID":20},{"utility":44,"ID":21},{"utility":3,"ID":22},{"utility":0,"ID":23},{"utility":0,"ID":24},{"utility":0,"ID":25}],"LAST COALITION":[[],[{"utility":0,"ID":24}],[{"utility":72,"ID":11},{"utility":47,"ID":14}],[],[{"utility":38,"ID":19},{"utility":0,"ID":25}],[{"utility":0,"ID":17},{"utility":44,"ID":21}],[],[{"utility":69,"ID":16},{"utility":75,"ID":18}],[{"utility":0,"ID":5}],[{"utility":74,"ID":12},{"utility":49,"ID":15}],[{"utility":95,"ID":9},{"utility":3,"ID":22}],[{"utility":0,"ID":13}],[{"utility":0,"ID":23}],[{"utility":46,"ID":1},{"utility":44,"ID":20}],[{"utility":44,"ID":4},{"utility":46,"ID":8}],[{"utility":28,"ID":2},{"utility":98,"ID":10}],[{"utility":89,"ID":3},{"utility":82,"ID":7}],[{"utility":0,"ID":6}],[],[],[],[],[],[],[],[]],"STARTING COALITION: ":[[null],[{"utility":0,"ID":24}],[{"utility":0,"ID":3}],[],[{"utility":37,"ID":9},{"utility":10.8,"ID":14},{"utility":8.6,"ID":18},{"utility":20.4,"ID":19},{"utility":0.6,"ID":22},{"utility":4.2,"ID":25}],[{"utility":0,"ID":1},{"utility":0,"ID":17},{"utility":22,"ID":21}],[{"utility":0,"ID":6},{"utility":0,"ID":15}],[{"utility":0,"ID":16}],[{"utility":0,"ID":8}],[{"utility":0,"ID":7}],[{"utility":26.333333333333332,"ID":4},{"utility":3.6666666666666665,"ID":5},{"utility":7.666666666666667,"ID":11},{"utility":0,"ID":12}],[{"utility":79,"ID":10},{"utility":0,"ID":13}],[{"utility":0,"ID":2},{"utility":0,"ID":20},{"utility":0,"ID":23}],[],[],[],[],[],[],[],[],[],[],[],[],[]],"CORE :":true,"LAST PARTITION":{"22":10,"23":12,"24":1,"25":4,"10":15,"11":2,"12":9,"13":11,"14":2,"15":9,"16":7,"17":5,"18":7,"19":4,"1":13,"2":15,"3":16,"4":14,"5":8,"6":17,"7":16,"8":14,"9":10,"20":13,"21":5}},{"STARTING PARTITION: ":{"22":2,"23":5,"24":7,"25":8,"10":6,"11":10,"12":10,"13":8,"14":9,"15":6,"16":2,"17":1,"18":1,"19":2,"1":3,"2":11,"3":11,"4":4,"5":4,"6":5,"7":3,"8":9,"9":2,"20":11,"21":12},"Agents":[null,{"utility":46,"ID":1},{"utility":28,"ID":2},{"utility":89,"ID":3},{"utility":44,"ID":4},{"utility":0,"ID":5},{"utility":0,"ID":6},{"utility":82,"ID":7},{"utility":46,"ID":8},{"utility":95,"ID":9},{"utility":98,"ID":10},{"utility":72,"ID":11},{"utility":74,"ID":12},{"utility":0,"ID":13},{"utility":47,"ID":14},{"utility":49,"ID":15},{"utility":69,"ID":16},{"utility":0,"ID":17},{"utility":75,"ID":18},{"utility":1,"ID":19},{"utility":44,"ID":20},{"utility":14,"ID":21},{"utility":3,"ID":22},{"utility":0,"ID":23},{"utility":0,"ID":24},{"utility":0,"ID":25}],"LAST COALITION":[[],[{"utility":0,"ID":17}],[],[{"utility":1,"ID":19},{"utility":14,"ID":21}],[{"utility":72,"ID":11},{"utility":47,"ID":14}],[{"utility":0,"ID":23}],[],[{"utility":0,"ID":24}],[{"utility":0,"ID":13},{"utility":0,"ID":25}],[{"utility":74,"ID":12},{"utility":49,"ID":15}],[{"utility":89,"ID":3},{"utility":82,"ID":7}],[{"utility":0,"ID":5}],[],[{"utility":69,"ID":16},{"utility":75,"ID":18}],[{"utility":46,"ID":1},{"utility":44,"ID":20}],[{"utility":44,"ID":4},{"utility":46,"ID":8}],[{"utility":28,"ID":2},{"utility":98,"ID":10}],[{"utility":95,"ID":9},{"utility":3,"ID":22}],[{"utility":0,"ID":6}],[],[],[],[],[],[],[]],"STARTING COALITION: ":[[null],[{"utility":0,"ID":17},{"utility":56,"ID":18}],[{"utility":31.666666666666668,"ID":9},{"utility":11,"ID":16},{"utility":0,"ID":19},{"utility":19,"ID":22}],[{"utility":50,"ID":1},{"utility":0,"ID":7}],[{"utility":0,"ID":4},{"utility":11,"ID":5}],[{"utility":35,"ID":6},{"utility":0,"ID":23}],[{"utility":0,"ID":10},{"utility":0,"ID":15}],[{"utility":0,"ID":24}],[{"utility":0,"ID":13},{"utility":0,"ID":25}],[{"utility":0,"ID":8},{"utility":0,"ID":14}],[{"utility":23,"ID":11},{"utility":0,"ID":12}],[{"utility":0,"ID":2},{"utility":0,"ID":3},{"utility":0,"ID":20}],[{"utility":0,"ID":21}],[],[],[],[],[],[],[],[],[],[],[],[],[]],"CORE :":true,"LAST PARTITION":{"22":17,"23":5,"24":7,"25":8,"10":16,"11":4,"12":9,"13":8,"14":4,"15":9,"16":13,"17":1,"18":13,"19":3,"1":14,"2":16,"3":10,"4":15,"5":11,"6":18,"7":10,"8":15,"9":17,"20":14,"21":3}},{"STARTING PARTITION: ":{"22":5,"23":7,"24":4,"25":8,"10":3,"11":7,"12":11,"13":6,"14":11,"15":5,"16":5,"17":6,"18":4,"19":6,"1":8,"2":8,"3":1,"4":11,"5":2,"6":1,"7":3,"8":7,"9":7,"20":9,"21":3},"Agents":[null,{"utility":46,"ID":1},{"utility":28,"ID":2},{"utility":89,"ID":3},{"utility":44,"ID":4},{"utility":0,"ID":5},{"utility":0,"ID":6},{"utility":82,"ID":7},{"utility":46,"ID":8},{"utility":95,"ID":9},{"utility":98,"ID":10},{"utility":72,"ID":11},{"utility":74,"ID":12},{"utility":33.5,"ID":13},{"utility":47,"ID":14},{"utility":49,"ID":15},{"utility":69,"ID":16},{"utility":0,"ID":17},{"utility":75,"ID":18},{"utility":39.5,"ID":19},{"utility":44,"ID":20},{"utility":0,"ID":21},{"utility":3,"ID":22},{"utility":0,"ID":23},{"utility":0,"ID":24},{"utility":0,"ID":25}],"LAST COALITION":[[],[{"utility":72,"ID":11},{"utility":47,"ID":14}],[{"utility":69,"ID":16},{"utility":75,"ID":18}],[{"utility":0,"ID":21}],[{"utility":0,"ID":24}],[{"utility":44,"ID":4},{"utility":46,"ID":8}],[{"utility":33.5,"ID":13},{"utility":0,"ID":17},{"utility":39.5,"ID":19}],[{"utility":0,"ID":23}],[{"utility":0,"ID":25}],[{"utility":28,"ID":2},{"utility":98,"ID":10}],[],[{"utility":74,"ID":12},{"utility":49,"ID":15}],[{"utility":46,"ID":1},{"utility":44,"ID":20}],[{"utility":0,"ID":6}],[{"utility":89,"ID":3},{"utility":82,"ID":7}],[],[{"utility":0,"ID":5}],[{"utility":95,"ID":9},{"utility":3,"ID":22}],[],[],[],[],[],[],[],[]],"STARTING COALITION: ":[[null],[{"utility":0,"ID":3},{"utility":31,"ID":6}],[{"utility":0,"ID":5}],[{"utility":0,"ID":7},{"utility":0,"ID":10},{"utility":13,"ID":21}],[{"utility":0,"ID":18},{"utility":0,"ID":24}],[{"utility":0,"ID":15},{"utility":39.5,"ID":16},{"utility":27,"ID":22}],[{"utility":33.5,"ID":13},{"utility":0,"ID":17},{"utility":39.5,"ID":19}],[{"utility":0,"ID":8},{"utility":20.333333333333332,"ID":9},{"utility":13.333333333333334,"ID":11},{"utility":0,"ID":23}],[{"utility":25.5,"ID":1},{"utility":6.5,"ID":2},{"utility":0,"ID":25}],[{"utility":0,"ID":20}],[],[{"utility":39.5,"ID":4},{"utility":34,"ID":12},{"utility":11,"ID":14}],[],[],[],[],[],[],[],[],[],[],[],[],[],[]],"CORE :":true,"LAST PARTITION":{"22":17,"23":7,"24":4,"25":8,"10":9,"11":1,"12":11,"13":6,"14":1,"15":11,"16":2,"17":6,"18":2,"19":6,"1":12,"2":9,"3":14,"4":5,"5":16,"6":13,"7":14,"8":5,"9":17,"20":12,"21":3}},{"STARTING PARTITION: ":{"22":5,"23":1,"24":5,"25":8,"10":12,"11":7,"12":7,"13":11,"14":3,"15":5,"16":12,"17":1,"18":10,"19":8,"1":7,"2":4,"3":9,"4":3,"5":5,"6":2,"7":7,"8":6,"9":3,"20":6,"21":1},"Agents":[null,{"utility":46,"ID":1},{"utility":28,"ID":2},{"utility":89,"ID":3},{"utility":44,"ID":4},{"utility":0,"ID":5},{"utility":0,"ID":6},{"utility":82,"ID":7},{"utility":46,"ID":8},{"utility":95,"ID":9},{"utility":98,"ID":10},{"utility":72,"ID":11},{"utility":74,"ID":12},{"utility":0,"ID":13},{"utility":47,"ID":14},{"utility":49,"ID":15},{"utility":69,"ID":16},{"utility":0,"ID":17},{"utility":75,"ID":18},{"utility":38,"ID":19},{"utility":44,"ID":20},{"utility":22,"ID":21},{"utility":3,"ID":22},{"utility":45,"ID":23},{"utility":0,"ID":24},{"utility":0,"ID":25}],"LAST COALITION":[[],[{"utility":0,"ID":17},{"utility":22,"ID":21},{"utility":45,"ID":23}],[{"utility":72,"ID":11},{"utility":47,"ID":14}],[{"utility":74,"ID":12},{"utility":49,"ID":15}],[{"utility":46,"ID":1},{"utility":44,"ID":20}],[{"utility":0,"ID":5},{"utility":0,"ID":24}],[{"utility":69,"ID":16},{"utility":75,"ID":18}],[],[{"utility":38,"ID":19},{"utility":0,"ID":25}],[],[{"utility":0,"ID":6}],[{"utility":0,"ID":13}],[{"utility":95,"ID":9},{"utility":3,"ID":22}],[{"utility":44,"ID":4},{"utility":46,"ID":8}],[],[{"utility":28,"ID":2},{"utility":98,"ID":10}],[{"utility":89,"ID":3},{"utility":82,"ID":7}],[],[],[],[],[],[],[],[],[]],"STARTING COALITION: ":[[null],[{"utility":0,"ID":17},{"utility":22,"ID":21},{"utility":45,"ID":23}],[{"utility":0,"ID":6}],[{"utility":0,"ID":4},{"utility":0,"ID":9},{"utility":0,"ID":14}],[{"utility":0,"ID":2}],[{"utility":22,"ID":5},{"utility":23,"ID":15},{"utility":0,"ID":22},{"utility":0,"ID":24}],[{"utility":0,"ID":8},{"utility":0,"ID":20}],[{"utility":18,"ID":1},{"utility":0,"ID":7},{"utility":25.666666666666668,"ID":11},{"utility":10.666666666666666,"ID":12}],[{"utility":38,"ID":19},{"utility":0,"ID":25}],[{"utility":0,"ID":3}],[{"utility":0,"ID":18}],[{"utility":0,"ID":13}],[{"utility":0,"ID":10},{"utility":0,"ID":16}],[],[],[],[],[],[],[],[],[],[],[],[],[]],"CORE :":true,"LAST PARTITION":{"22":12,"23":1,"24":5,"25":8,"10":15,"11":2,"12":3,"13":11,"14":2,"15":3,"16":6,"17":1,"18":6,"19":8,"1":4,"2":15,"3":16,"4":13,"5":5,"6":10,"7":16,"8":13,"9":12,"20":4,"21":1}},{"STARTING PARTITION: ":{"22":5,"23":7,"24":3,"25":12,"10":4,"11":11,"12":2,"13":11,"14":3,"15":7,"16":6,"17":5,"18":1,"19":11,"1":9,"2":12,"3":6,"4":6,"5":7,"6":4,"7":2,"8":6,"9":5,"20":11,"21":2},"Agents":[null,{"utility":46,"ID":1},{"utility":28,"ID":2},{"utility":89,"ID":3},{"utility":44,"ID":4},{"utility":0,"ID":5},{"utility":0,"ID":6},{"utility":82,"ID":7},{"utility":46,"ID":8},{"utility":95,"ID":9},{"utility":98,"ID":10},{"utility":72,"ID":11},{"utility":74,"ID":12},{"utility":0,"ID":13},{"utility":47,"ID":14},{"utility":49,"ID":15},{"utility":69,"ID":16},{"utility":0,"ID":17},{"utility":75,"ID":18},{"utility":1,"ID":19},{"utility":44,"ID":20},{"utility":14,"ID":21},{"utility":3,"ID":22},{"utility":0,"ID":23},{"utility":0,"ID":24},{"utility":0,"ID":25}],"LAST COALITION":[[],[{"utility":0,"ID":6}],[],[{"utility":0,"ID":24}],[{"utility":72,"ID":11},{"utility":47,"ID":14}],[{"utility":0,"ID":17}],[{"utility":1,"ID":19},{"utility":14,"ID":21}],[{"utility":0,"ID":23}],[],[{"utility":46,"ID":1},{"utility":44,"ID":20}],[{"utility":95,"ID":9},{"utility":3,"ID":22}],[{"utility":0,"ID":13}],[{"utility":0,"ID":25}],[{"utility":28,"ID":2},{"utility":98,"ID":10}],[{"utility":89,"ID":3},{"utility":82,"ID":7}],[{"utility":0,"ID":5}],[{"utility":69,"ID":16},{"utility":75,"ID":18}],[{"utility":44,"ID":4},{"utility":46,"ID":8}],[{"utility":74,"ID":12},{"utility":49,"ID":15}],[],[],[],[],[],[],[]],"STARTING COALITION: ":[[null],[{"utility":0,"ID":18}],[{"utility":0,"ID":7},{"utility":0,"ID":12},{"utility":11.5,"ID":21}],[{"utility":0,"ID":14},{"utility":5,"ID":24}],[{"utility":0,"ID":6},{"utility":0,"ID":10}],[{"utility":66.5,"ID":9},{"utility":0,"ID":17},{"utility":1.5,"ID":22}],[{"utility":21,"ID":3},{"utility":28,"ID":4},{"utility":41.333333333333336,"ID":8},{"utility":20.333333333333332,"ID":16}],[{"utility":3.5,"ID":5},{"utility":15,"ID":15},{"utility":0,"ID":23}],[],[{"utility":0,"ID":1}],[],[{"utility":0,"ID":11},{"utility":3.3333333333333335,"ID":13},{"utility":21,"ID":19},{"utility":0,"ID":20}],[{"utility":0,"ID":2},{"utility":0,"ID":25}],[],[],[],[],[],[],[],[],[],[],[],[],[]],"CORE :":true,"LAST PARTITION":{"22":10,"23":7,"24":3,"25":12,"10":13,"11":4,"12":18,"13":11,"14":4,"15":18,"16":16,"17":5,"18":16,"19":6,"1":9,"2":13,"3":14,"4":17,"5":15,"6":1,"7":14,"8":17,"9":10,"20":9,"21":6}},{"STARTING PARTITION: ":{"22":10,"23":7,"24":2,"25":5,"10":5,"11":3,"12":5,"13":8,"14":8,"15":11,"16":5,"17":7,"18":5,"19":2,"1":3,"2":10,"3":3,"4":7,"5":3,"6":1,"7":2,"8":11,"9":8,"20":4,"21":8},"Agents":[null,{"utility":46,"ID":1},{"utility":28,"ID":2},{"utility":89,"ID":3},{"utility":44,"ID":4},{"utility":0,"ID":5},{"utility":0,"ID":6},{"utility":82,"ID":7},{"utility":46,"ID":8},{"utility":95,"ID":9},{"utility":98,"ID":10},{"utility":72,"ID":11},{"utility":74,"ID":12},{"utility":0,"ID":13},{"utility":47,"ID":14},{"utility":49,"ID":15},{"utility":69,"ID":16},{"utility":0,"ID":17},{"utility":75,"ID":18},{"utility":1,"ID":19},{"utility":44,"ID":20},{"utility":14,"ID":21},{"utility":3,"ID":22},{"utility":90,"ID":23},{"utility":0,"ID":24},{"utility":0,"ID":25}],"LAST COALITION":[[],[{"utility":72,"ID":11},{"utility":47,"ID":14}],[{"utility":0,"ID":24}],[{"utility":69,"ID":16},{"utility":75,"ID":18}],[{"utility":28,"ID":2},{"utility":98,"ID":10}],[{"utility":0,"ID":25}],[{"utility":1,"ID":19},{"utility":14,"ID":21}],[{"utility":0,"ID":17},{"utility":90,"ID":23}],[{"utility":0,"ID":13}],[{"utility":46,"ID":1},{"utility":44,"ID":20}],[{"utility":44,"ID":4},{"utility":46,"ID":8}],[{"utility":74,"ID":12},{"utility":49,"ID":15}],[{"utility":95,"ID":9},{"utility":3,"ID":22}],[{"utility":89,"ID":3},{"utility":82,"ID":7}],[],[{"utility":0,"ID":5}],[{"utility":0,"ID":6}],[],[],[],[],[],[],[],[],[]],"STARTING COALITION: ":[[null],[{"utility":0,"ID":6}],[{"utility":16,"ID":7},{"utility":0,"ID":19},{"utility":0,"ID":24}],[{"utility":1.3333333333333333,"ID":1},{"utility":29.333333333333332,"ID":3},{"utility":15.333333333333334,"ID":5},{"utility":18,"ID":11}],[{"utility":0,"ID":20}],[{"utility":22,"ID":10},{"utility":0,"ID":12},{"utility":17.25,"ID":16},{"utility":18.75,"ID":18},{"utility":0,"ID":25}],[],[{"utility":0,"ID":4},{"utility":0,"ID":17},{"utility":45,"ID":23}],[{"utility":16.666666666666668,"ID":9},{"utility":23.666666666666668,"ID":13},{"utility":0,"ID":14},{"utility":0,"ID":21}],[],[{"utility":0,"ID":2},{"utility":0,"ID":22}],[{"utility":0,"ID":8},{"utility":0,"ID":15}],[],[],[],[],[],[],[],[],[],[],[],[],[],[]],"CORE :":true,"LAST PARTITION":{"22":12,"23":7,"24":2,"25":5,"10":4,"11":1,"12":11,"13":8,"14":1,"15":11,"16":3,"17":7,"18":3,"19":6,"1":9,"2":4,"3":13,"4":10,"5":15,"6":16,"7":13,"8":10,"9":12,"20":9,"21":6}},{"STARTING PARTITION: ":{"22":10,"23":12,"24":6,"25":4,"10":8,"11":12,"12":2,"13":8,"14":6,"15":6,"16":9,"17":6,"18":5,"19":1,"1":4,"2":11,"3":1,"4":12,"5":5,"6":10,"7":8,"8":10,"9":7,"20":11,"21":8},"Agents":[null,{"utility":46,"ID":1},{"utility":28,"ID":2},{"utility":89,"ID":3},{"utility":44,"ID":4},{"utility":0,"ID":5},{"utility":0,"ID":6},{"utility":82,"ID":7},{"utility":46,"ID":8},{"utility":95,"ID":9},{"utility":98,"ID":10},{"utility":72,"ID":11},{"utility":74,"ID":12},{"utility":0,"ID":13},{"utility":47,"ID":14},{"utility":49,"ID":15},{"utility":69,"ID":16},{"utility":0,"ID":17},{"utility":75,"ID":18},{"utility":1,"ID":19},{"utility":44,"ID":20},{"utility":14,"ID":21},{"utility":3,"ID":22},{"utility":0,"ID":23},{"utility":0,"ID":24},{"utility":0,"ID":25}],"LAST COALITION":[[],[],[{"utility":89,"ID":3},{"utility":82,"ID":7}],[{"utility":1,"ID":19},{"utility":14,"ID":21}],[{"utility":0,"ID":25}],[{"utility":0,"ID":6}],[{"utility":0,"ID":17},{"utility":0,"ID":24}],[{"utility":95,"ID":9},{"utility":3,"ID":22}],[{"utility":0,"ID":13}],[{"utility":69,"ID":16},{"utility":75,"ID":18}],[{"utility":44,"ID":4},{"utility":46,"ID":8}],[{"utility":28,"ID":2},{"utility":98,"ID":10}],[{"utility":0,"ID":23}],[{"utility":46,"ID":1},{"utility":44,"ID":20}],[{"utility":72,"ID":11},{"utility":47,"ID":14}],[],[{"utility":0,"ID":5}],[{"utility":74,"ID":12},{"utility":49,"ID":15}],[],[],[],[],[],[],[],[]],"STARTING COALITION: ":[[null],[{"utility":0,"ID":3},{"utility":0,"ID":19}],[{"utility":0,"ID":12}],[],[{"utility":0,"ID":1},{"utility":0,"ID":25}],[{"utility":0,"ID":5},{"utility":0,"ID":18}],[{"utility":0,"ID":14},{"utility":13,"ID":15},{"utility":0,"ID":17},{"utility":1.6666666666666667,"ID":24}],[{"utility":0,"ID":9}],[{"utility":0,"ID":7},{"utility":26.333333333333332,"ID":10},{"utility":0,"ID":13},{"utility":8.666666666666666,"ID":21}],[{"utility":0,"ID":16}],[{"utility":18,"ID":6},{"utility":0,"ID":8},{"utility":0,"ID":22}],[{"utility":0,"ID":2},{"utility":0,"ID":20}],[{"utility":0,"ID":4},{"utility":0,"ID":11},{"utility":0,"ID":23}],[],[],[],[],[],[],[],[],[],[],[],[],[]],"CORE :":true,"LAST PARTITION":{"22":7,"23":12,"24":6,"25":4,"10":11,"11":14,"12":17,"13":8,"14":14,"15":17,"16":9,"17":6,"18":9,"19":3,"1":13,"2":11,"3":2,"4":10,"5":16,"6":5,"7":2,"8":10,"9":7,"20":13,"21":3}},{"STARTING PARTITION: ":{"22":11,"23":1,"24":1,"25":3,"10":5,"11":12,"12":1,"13":8,"14":6,"15":12,"16":3,"17":10,"18":9,"19":5,"1":5,"2":12,"3":6,"4":7,"5":11,"6":10,"7":2,"8":8,"9":11,"20":9,"21":5},"Agents":[null,{"utility":46,"ID":1},{"utility":28,"ID":2},{"utility":89,"ID":3},{"utility":44,"ID":4},{"utility":0,"ID":5},{"utility":0,"ID":6},{"utility":82,"ID":7},{"utility":46,"ID":8},{"utility":95,"ID":9},{"utility":98,"ID":10},{"utility":72,"ID":11},{"utility":74,"ID":12},{"utility":0,"ID":13},{"utility":47,"ID":14},{"utility":49,"ID":15},{"utility":69,"ID":16},{"utility":0,"ID":17},{"utility":75,"ID":18},{"utility":1,"ID":19},{"utility":44,"ID":20},{"utility":14,"ID":21},{"utility":3,"ID":22},{"utility":95,"ID":23},{"utility":0,"ID":24},{"utility":0,"ID":25}],"LAST COALITION":[[],[{"utility":95,"ID":23},{"utility":0,"ID":24}],[{"utility":69,"ID":16},{"utility":75,"ID":18}],[{"utility":0,"ID":25}],[],[{"utility":1,"ID":19},{"utility":14,"ID":21}],[{"utility":74,"ID":12},{"utility":49,"ID":15}],[{"utility":72,"ID":11},{"utility":47,"ID":14}],[{"utility":0,"ID":13}],[{"utility":0,"ID":6}],[{"utility":0,"ID":17}],[{"utility":44,"ID":4},{"utility":46,"ID":8}],[],[{"utility":46,"ID":1},{"utility":44,"ID":20}],[],[{"utility":28,"ID":2},{"utility":98,"ID":10}],[{"utility":89,"ID":3},{"utility":82,"ID":7}],[],[{"utility":95,"ID":9},{"utility":3,"ID":22}],[{"utility":0,"ID":5}],[],[],[],[],[],[]],"STARTING COALITION: ":[[null],[{"utility":31.5,"ID":12},{"utility":95,"ID":23},{"utility":49.5,"ID":24}],[{"utility":0,"ID":7}],[{"utility":0,"ID":16},{"utility":0,"ID":25}],[],[{"utility":29,"ID":1},{"utility":0,"ID":10},{"utility":0.3333333333333333,"ID":19},{"utility":5.666666666666667,"ID":21}],[{"utility":0,"ID":3},{"utility":0,"ID":14}],[{"utility":0,"ID":4}],[{"utility":58,"ID":8},{"utility":0,"ID":13}],[{"utility":0,"ID":18},{"utility":0,"ID":20}],[{"utility":0,"ID":6},{"utility":0,"ID":17}],[{"utility":29.5,"ID":5},{"utility":47.5,"ID":9},{"utility":1.5,"ID":22}],[{"utility":11.5,"ID":2},{"utility":0,"ID":11},{"utility":0,"ID":15}],[],[],[],[],[],[],[],[],[],[],[],[],[]],"CORE :":true,"LAST PARTITION":{"22":18,"23":1,"24":1,"25":3,"10":15,"11":7,"12":6,"13":8,"14":7,"15":6,"16":2,"17":10,"18":2,"19":5,"1":13,"2":15,"3":16,"4":11,"5":19,"6":9,"7":16,"8":11,"9":18,"20":13,"21":5}},{"STARTING PARTITION: ":{"22":11,"23":1,"24":4,"25":6,"10":10,"11":10,"12":11,"13":2,"14":10,"15":4,"16":10,"17":11,"18":4,"19":5,"1":4,"2":5,"3":12,"4":5,"5":11,"6":10,"7":8,"8":10,"9":7,"20":12,"21":8},"Agents":[null,{"utility":46,"ID":1},{"utility":28,"ID":2},{"utility":89,"ID":3},{"utility":44,"ID":4},{"utility":0,"ID":5},{"utility":0,"ID":6},{"utility":82,"ID":7},{"utility":46,"ID":8},{"utility":95,"ID":9},{"utility":98,"ID":10},{"utility":72,"ID":11},{"utility":74,"ID":12},{"utility":0,"ID":13},{"utility":47,"ID":14},{"utility":49,"ID":15},{"utility":69,"ID":16},{"utility":0,"ID":17},{"utility":75,"ID":18},{"utility":1,"ID":19},{"utility":44,"ID":20},{"utility":14,"ID":21},{"utility":3,"ID":22},{"utility":0,"ID":23},{"utility":0,"ID":24},{"utility":0,"ID":25}],"LAST COALITION":[[],[{"utility":0,"ID":23}],[{"utility":0,"ID":13}],[{"utility":1,"ID":19},{"utility":14,"ID":21}],[{"utility":0,"ID":24}],[],[{"utility":0,"ID":25}],[{"utility":95,"ID":9},{"utility":3,"ID":22}],[],[{"utility":46,"ID":1},{"utility":44,"ID":20}],[{"utility":74,"ID":12},{"utility":49,"ID":15}],[{"utility":0,"ID":17}],[{"utility":72,"ID":11},{"utility":47,"ID":14}],[],[{"utility":28,"ID":2},{"utility":98,"ID":10}],[{"utility":89,"ID":3},{"utility":82,"ID":7}],[{"utility":69,"ID":16},{"utility":75,"ID":18}],[{"utility":0,"ID":6}],[{"utility":0,"ID":5}],[{"utility":44,"ID":4},{"utility":46,"ID":8}],[],[],[],[],[],[]],"STARTING COALITION: ":[[null],[{"utility":0,"ID":23}],[{"utility":0,"ID":13}],[],[{"utility":0,"ID":1},{"utility":13,"ID":15},{"utility":0,"ID":18},{"utility":0,"ID":24}],[{"utility":0,"ID":2},{"utility":49.5,"ID":4},{"utility":0,"ID":19}],[{"utility":0,"ID":25}],[{"utility":0,"ID":9}],[{"utility":0,"ID":7},{"utility":23,"ID":21}],[],[{"utility":36.4,"ID":6},{"utility":15.6,"ID":8},{"utility":27.4,"ID":10},{"utility":15,"ID":11},{"utility":24.8,"ID":14},{"utility":13,"ID":16}],[{"utility":19.666666666666668,"ID":5},{"utility":1.3333333333333333,"ID":12},{"utility":19.666666666666668,"ID":17},{"utility":0,"ID":22}],[{"utility":0,"ID":3},{"utility":0,"ID":20}],[],[],[],[],[],[],[],[],[],[],[],[],[]],"CORE :":true,"LAST PARTITION":{"22":7,"23":1,"24":4,"25":6,"10":14,"11":12,"12":10,"13":2,"14":12,"15":10,"16":16,"17":11,"18":16,"19":3,"1":9,"2":14,"3":15,"4":19,"5":18,"6":17,"7":15,"8":19,"9":7,"20":9,"21":3}},{"STARTING PARTITION: ":{"22":1,"23":7,"24":8,"25":6,"10":7,"11":4,"12":9,"13":2,"14":3,"15":1,"16":8,"17":2,"18":12,"19":11,"1":6,"2":7,"3":5,"4":5,"5":7,"6":12,"7":1,"8":11,"9":6,"20":4,"21":6},"Agents":[null,{"utility":46,"ID":1},{"utility":28,"ID":2},{"utility":89,"ID":3},{"utility":44,"ID":4},{"utility":0,"ID":5},{"utility":0,"ID":6},{"utility":82,"ID":7},{"utility":46,"ID":8},{"utility":95,"ID":9},{"utility":98,"ID":10},{"utility":72,"ID":11},{"utility":74,"ID":12},{"utility":57,"ID":13},{"utility":47,"ID":14},{"utility":49,"ID":15},{"utility":69,"ID":16},{"utility":0,"ID":17},{"utility":75,"ID":18},{"utility":1,"ID":19},{"utility":44,"ID":20},{"utility":14,"ID":21},{"utility":3,"ID":22},{"utility":0,"ID":23},{"utility":0,"ID":24},{"utility":0,"ID":25}],"LAST COALITION":[[],[{"utility":69,"ID":16},{"utility":75,"ID":18}],[{"utility":57,"ID":13},{"utility":0,"ID":17}],[{"utility":74,"ID":12},{"utility":49,"ID":15}],[{"utility":28,"ID":2},{"utility":98,"ID":10}],[{"utility":0,"ID":5}],[{"utility":0,"ID":25}],[{"utility":0,"ID":23}],[{"utility":0,"ID":24}],[{"utility":89,"ID":3},{"utility":82,"ID":7}],[{"utility":1,"ID":19},{"utility":14,"ID":21}],[],[{"utility":0,"ID":6}],[{"utility":46,"ID":1},{"utility":44,"ID":20}],[{"utility":72,"ID":11},{"utility":47,"ID":14}],[],[{"utility":44,"ID":4},{"utility":46,"ID":8}],[],[{"utility":95,"ID":9},{"utility":3,"ID":22}],[],[],[],[],[],[],[]],"STARTING COALITION: ":[[null],[{"utility":0,"ID":7},{"utility":37.5,"ID":15},{"utility":0,"ID":22}],[{"utility":57,"ID":13},{"utility":0,"ID":17}],[{"utility":0,"ID":14}],[{"utility":0,"ID":11},{"utility":0,"ID":20}],[{"utility":63,"ID":3},{"utility":0,"ID":4}],[{"utility":0,"ID":1},{"utility":30,"ID":9},{"utility":0,"ID":21},{"utility":18,"ID":25}],[{"utility":9.333333333333334,"ID":2},{"utility":0,"ID":5},{"utility":62,"ID":10},{"utility":0,"ID":23}],[{"utility":0,"ID":16},{"utility":0,"ID":24}],[{"utility":0,"ID":12}],[],[{"utility":0,"ID":8},{"utility":0,"ID":19}],[{"utility":0,"ID":6},{"utility":39,"ID":18}],[],[],[],[],[],[],[],[],[],[],[],[],[]],"CORE :":true,"LAST PARTITION":{"22":18,"23":7,"24":8,"25":6,"10":4,"11":14,"12":3,"13":2,"14":14,"15":3,"16":1,"17":2,"18":1,"19":10,"1":13,"2":4,"3":9,"4":16,"5":5,"6":12,"7":9,"8":16,"9":18,"20":13,"21":10}},{"STARTING PARTITION: ":{"22":3,"23":2,"24":8,"25":4,"10":3,"11":12,"12":5,"13":7,"14":12,"15":10,"16":12,"17":9,"18":12,"19":6,"1":6,"2":8,"3":11,"4":9,"5":10,"6":5,"7":1,"8":12,"9":4,"20":5,"21":4},"Agents":[null,{"utility":46,"ID":1},{"utility":28,"ID":2},{"utility":89,"ID":3},{"utility":44,"ID":4},{"utility":0,"ID":5},{"utility":0,"ID":6},{"utility":82,"ID":7},{"utility":46,"ID":8},{"utility":95,"ID":9},{"utility":98,"ID":10},{"utility":72,"ID":11},{"utility":74,"ID":12},{"utility":0,"ID":13},{"utility":47,"ID":14},{"utility":49,"ID":15},{"utility":69,"ID":16},{"utility":0,"ID":17},{"utility":75,"ID":18},{"utility":1,"ID":19},{"utility":44,"ID":20},{"utility":14,"ID":21},{"utility":3,"ID":22},{"utility":0,"ID":23},{"utility":0,"ID":24},{"utility":0,"ID":25}],"LAST COALITION":[[],[{"utility":1,"ID":19},{"utility":14,"ID":21}],[{"utility":0,"ID":23}],[{"utility":72,"ID":11},{"utility":47,"ID":14}],[{"utility":0,"ID":25}],[],[{"utility":46,"ID":1},{"utility":44,"ID":20}],[{"utility":0,"ID":13}],[{"utility":0,"ID":24}],[{"utility":0,"ID":17}],[{"utility":0,"ID":5}],[{"utility":69,"ID":16},{"utility":75,"ID":18}],[{"utility":44,"ID":4},{"utility":46,"ID":8}],[{"utility":0,"ID":6}],[],[{"utility":89,"ID":3},{"utility":82,"ID":7}],[{"utility":74,"ID":12},{"utility":49,"ID":15}],[{"utility":95,"ID":9},{"utility":3,"ID":22}],[{"utility":28,"ID":2},{"utility":98,"ID":10}],[],[],[],[],[],[],[]],"STARTING COALITION: ":[[null],[{"utility":0,"ID":7}],[{"utility":0,"ID":23}],[{"utility":0,"ID":10},{"utility":45,"ID":22}],[{"utility":45,"ID":9},{"utility":0,"ID":21},{"utility":27,"ID":25}],[{"utility":0,"ID":6},{"utility":0,"ID":12},{"utility":0,"ID":20}],[{"utility":87,"ID":1},{"utility":0,"ID":19}],[{"utility":0,"ID":13}],[{"utility":0,"ID":2},{"utility":0,"ID":24}],[{"utility":0,"ID":4},{"utility":0,"ID":17}],[{"utility":7,"ID":5},{"utility":30,"ID":15}],[{"utility":0,"ID":3}],[{"utility":19.5,"ID":8},{"utility":18,"ID":11},{"utility":25.25,"ID":14},{"utility":32.5,"ID":16},{"utility":41,"ID":18}],[],[],[],[],[],[],[],[],[],[],[],[],[]],"CORE :":true,"LAST PARTITION":{"22":17,"23":2,"24":8,"25":4,"10":18,"11":3,"12":16,"13":7,"14":3,"15":16,"16":11,"17":9,"18":11,"19":1,"1":6,"2":18,"3":15,"4":12,"5":10,"6":13,"7":15,"8":12,"9":17,"20":6,"21":1}},{"STARTING PARTITION: ":{"22":8,"23":9,"24":2,"25":4,"10":1,"11":7,"12":1,"13":12,"14":4,"15":9,"16":12,"17":3,"18":5,"19":10,"1":6,"2":1,"3":3,"4":4,"5":8,"6":6,"7":10,"8":10,"9":5,"20":6,"21":8},"Agents":[null,{"utility":46,"ID":1},{"utility":28,"ID":2},{"utility":89,"ID":3},{"utility":44,"ID":4},{"utility":0,"ID":5},{"utility":0,"ID":6},{"utility":82,"ID":7},{"utility":46,"ID":8},{"utility":95,"ID":9},{"utility":98,"ID":10},{"utility":72,"ID":11},{"utility":74,"ID":12},{"utility":0,"ID":13},{"utility":47,"ID":14},{"utility":49,"ID":15},{"utility":69,"ID":16},{"utility":0,"ID":17},{"utility":75,"ID":18},{"utility":1,"ID":19},{"utility":44,"ID":20},{"utility":14,"ID":21},{"utility":3,"ID":22},{"utility":0,"ID":23},{"utility":0,"ID":24},{"utility":0,"ID":25}],"LAST COALITION":[[],[{"utility":46,"ID":1},{"utility":44,"ID":20}],[{"utility":0,"ID":24}],[{"utility":0,"ID":17}],[{"utility":0,"ID":25}],[{"utility":0,"ID":6}],[{"utility":72,"ID":11},{"utility":47,"ID":14}],[{"utility":69,"ID":16},{"utility":75,"ID":18}],[],[{"utility":0,"ID":23}],[],[{"utility":1,"ID":19},{"utility":14,"ID":21}],[{"utility":0,"ID":13}],[{"utility":28,"ID":2},{"utility":98,"ID":10}],[{"utility":89,"ID":3},{"utility":82,"ID":7}],[],[{"utility":74,"ID":12},{"utility":49,"ID":15}],[{"utility":95,"ID":9},{"utility":3,"ID":22}],[{"utility":0,"ID":5}],[{"utility":44,"ID":4},{"utility":46,"ID":8}],[],[],[],[],[],[]],"STARTING COALITION: ":[[null],[{"utility":48,"ID":2},{"utility":49,"ID":10},{"utility":31,"ID":12}],[{"utility":0,"ID":24}],[{"utility":0,"ID":3},{"utility":0,"ID":17}],[{"utility":0,"ID":4},{"utility":0,"ID":14},{"utility":43.5,"ID":25}],[{"utility":0,"ID":9},{"utility":0,"ID":18}],[{"utility":23,"ID":1},{"utility":0,"ID":6},{"utility":22,"ID":20}],[{"utility":0,"ID":11}],[{"utility":29.5,"ID":5},{"utility":0,"ID":21},{"utility":0,"ID":22}],[{"utility":0,"ID":15},{"utility":0,"ID":23}],[{"utility":0,"ID":7},{"utility":0,"ID":8},{"utility":0,"ID":19}],[],[{"utility":0,"ID":13},{"utility":0,"ID":16}],[],[],[],[],[],[],[],[],[],[],[],[],[]],"CORE :":true,"LAST PARTITION":{"22":17,"23":9,"24":2,"25":4,"10":13,"11":6,"12":16,"13":12,"14":6,"15":16,"16":7,"17":3,"18":7,"19":11,"1":1,"2":13,"3":14,"4":19,"5":18,"6":5,"7":14,"8":19,"9":17,"20":1,"21":11}},{"END OF FILE:" : true}]