[{"STARTING PARTITION: ":{"22":8,"23":2,"24":5,"25":7,"10":9,"11":8,"12":1,"13":12,"14":9,"15":1,"16":1,"17":5,"18":3,"19":1,"1":6,"2":4,"3":7,"4":1,"5":9,"6":2,"7":4,"8":5,"9":5,"20":6,"21":10},"Agents":[null,{"utility":0,"ID":1},{"utility":57,"ID":2},{"utility":64,"ID":3},{"utility":71,"ID":4},{"utility":44,"ID":5},{"utility":16,"ID":6},{"utility":96,"ID":7},{"utility":82,"ID":8},{"utility":0,"ID":9},{"utility":0,"ID":10},{"utility":82,"ID":11},{"utility":44,"ID":12},{"utility":0,"ID":13},{"utility":29,"ID":14},{"utility":73,"ID":15},{"utility":0,"ID":16},{"utility":92,"ID":17},{"utility":24,"ID":18},{"utility":79,"ID":19},{"utility":0,"ID":20},{"utility":0,"ID":21},{"utility":36,"ID":22},{"utility":0,"ID":23},{"utility":83,"ID":24},{"utility":45,"ID":25}],"LAST COALITION":[[],[{"utility":0,"ID":16}],[{"utility":0,"ID":23}],[{"utility":82,"ID":11},{"utility":45,"ID":25}],[{"utility":96,"ID":7},{"utility":82,"ID":8}],[{"utility":0,"ID":9}],[{"utility":0,"ID":20}],[{"utility":64,"ID":3},{"utility":36,"ID":22}],[{"utility":44,"ID":12},{"utility":79,"ID":19}],[{"utility":0,"ID":10},{"utility":29,"ID":14}],[{"utility":0,"ID":21}],[{"utility":0,"ID":1}],[{"utility":0,"ID":13}],[{"utility":16,"ID":6},{"utility":83,"ID":24}],[{"utility":57,"ID":2},{"utility":73,"ID":15}],[{"utility":44,"ID":5},{"utility":24,"ID":18}],[{"utility":71,"ID":4},{"utility":92,"ID":17}],[],[],[],[],[],[],[],[],[]],"STARTING COALITION: ":[[null],[{"utility":14.5,"ID":4},{"utility":11,"ID":12},{"utility":0,"ID":15},{"utility":0,"ID":16},{"utility":19.75,"ID":19}],[{"utility":16,"ID":6},{"utility":0,"ID":23}],[{"utility":0,"ID":18}],[{"utility":0,"ID":2},{"utility":0,"ID":7}],[{"utility":0,"ID":8},{"utility":0,"ID":9},{"utility":46,"ID":17},{"utility":29,"ID":24}],[{"utility":0,"ID":1},{"utility":0,"ID":20}],[{"utility":0,"ID":3},{"utility":0,"ID":25}],[{"utility":0,"ID":11},{"utility":0,"ID":22}],[{"utility":5,"ID":5},{"utility":0,"ID":10},{"utility":14.5,"ID":14}],[{"utility":0,"ID":21}],[],[{"utility":0,"ID":13}],[],[],[],[],[],[],[],[],[],[],[],[],[]],"CORE :":true,"LAST PARTITION":{"22":7,"23":2,"24":13,"25":3,"10":9,"11":3,"12":8,"13":12,"14":9,"15":14,"16":1,"17":16,"18":15,"19":8,"1":11,"2":14,"3":7,"4":16,"5":15,"6":13,"7":4,"8":4,"9":5,"20":6,"21":10}},{"STARTING PARTITION: ":{"22":2,"23":2,"24":12,"25":11,"10":7,"11":4,"12":4,"13":10,"14":5,"15":4,"16":8,"17":5,"18":7,"19":9,"1":5,"2":10,"3":5,"4":4,"5":10,"6":3,"7":2,"8":6,"9":2,"20":1,"21":4},"Agents":[null,{"utility":0,"ID":1},{"utility":57,"ID":2},{"utility":0,"ID":3},{"utility":71,"ID":4},{"utility":60,"ID":5},{"utility":16,"ID":6},{"utility":96,"ID":7},{"utility":82,"ID":8},{"utility":14.5,"ID":9},{"utility":0,"ID":10},{"utility":82,"ID":11},{"utility":44,"ID":12},{"utility":0,"ID":13},{"utility":0,"ID":14},{"utility":73,"ID":15},{"utility":0,"ID":16},{"utility":92,"ID":17},{"utility":0,"ID":18},{"utility":79,"ID":19},{"utility":0,"ID":20},{"utility":0,"ID":21},{"utility":41,"ID":22},{"utility":0,"ID":23},{"utility":83,"ID":24},{"utility":45,"ID":25}],"LAST COALITION":[[],[{"utility":0,"ID":20}],[{"utility":14.5,"ID":9},{"utility":41,"ID":22},{"utility":0,"ID":23}],[{"utility":96,"ID":7},{"utility":82,"ID":8}],[{"utility":0,"ID":21}],[{"utility":0,"ID":14}],[{"utility":16,"ID":6},{"utility":83,"ID":24}],[{"utility":0,"ID":10},{"utility":0,"ID":18}],[{"utility":0,"ID":16}],[],[{"utility":60,"ID":5},{"utility":0,"ID":13}],[{"utility":57,"ID":2},{"utility":73,"ID":15}],[{"utility":82,"ID":11},{"utility":45,"ID":25}],[{"utility":0,"ID":1}],[{"utility":0,"ID":3}],[{"utility":71,"ID":4},{"utility":92,"ID":17}],[{"utility":44,"ID":12},{"utility":79,"ID":19}],[],[],[],[],[],[],[],[],[]],"STARTING COALITION: ":[[null],[{"utility":0,"ID":20}],[{"utility":0,"ID":7},{"utility":9.666666666666666,"ID":9},{"utility":47.333333333333336,"ID":22},{"utility":3.6666666666666665,"ID":23}],[{"utility":0,"ID":6}],[{"utility":28.25,"ID":4},{"utility":0,"ID":11},{"utility":15.75,"ID":12},{"utility":11.75,"ID":15},{"utility":0,"ID":21}],[{"utility":0,"ID":1},{"utility":10,"ID":3},{"utility":19.333333333333332,"ID":14},{"utility":20.333333333333332,"ID":17}],[{"utility":0,"ID":8}],[{"utility":0,"ID":10},{"utility":0,"ID":18}],[{"utility":0,"ID":16}],[{"utility":0,"ID":19}],[{"utility":47,"ID":2},{"utility":30,"ID":5},{"utility":0,"ID":13}],[{"utility":0,"ID":25}],[{"utility":0,"ID":24}],[],[],[],[],[],[],[],[],[],[],[],[],[]],"CORE :":true,"LAST PARTITION":{"22":2,"23":2,"24":6,"25":12,"10":7,"11":12,"12":16,"13":10,"14":5,"15":11,"16":8,"17":15,"18":7,"19":16,"1":13,"2":11,"3":14,"4":15,"5":10,"6":6,"7":3,"8":3,"9":2,"20":1,"21":4}},{"STARTING PARTITION: ":{"22":3,"23":3,"24":6,"25":4,"10":5,"11":7,"12":10,"13":12,"14":4,"15":12,"16":6,"17":6,"18":11,"19":2,"1":9,"2":3,"3":6,"4":3,"5":9,"6":6,"7":5,"8":12,"9":7,"20":1,"21":2},"Agents":[null,{"utility":0,"ID":1},{"utility":57,"ID":2},{"utility":64,"ID":3},{"utility":71,"ID":4},{"utility":44,"ID":5},{"utility":16,"ID":6},{"utility":96,"ID":7},{"utility":82,"ID":8},{"utility":0,"ID":9},{"utility":0,"ID":10},{"utility":82,"ID":11},{"utility":44,"ID":12},{"utility":0,"ID":13},{"utility":0,"ID":14},{"utility":73,"ID":15},{"utility":0,"ID":16},{"utility":92,"ID":17},{"utility":24,"ID":18},{"utility":79,"ID":19},{"utility":0,"ID":20},{"utility":0,"ID":21},{"utility":36,"ID":22},{"utility":0,"ID":23},{"utility":83,"ID":24},{"utility":45,"ID":25}],"LAST COALITION":[[],[{"utility":0,"ID":20}],[{"utility":0,"ID":21}],[{"utility":0,"ID":23}],[{"utility":0,"ID":14}],[{"utility":0,"ID":10}],[{"utility":0,"ID":16}],[{"utility":0,"ID":9}],[{"utility":0,"ID":1}],[{"utility":82,"ID":11},{"utility":45,"ID":25}],[],[{"utility":96,"ID":7},{"utility":82,"ID":8}],[{"utility":0,"ID":13}],[{"utility":16,"ID":6},{"utility":83,"ID":24}],[{"utility":57,"ID":2},{"utility":73,"ID":15}],[{"utility":44,"ID":5},{"utility":24,"ID":18}],[{"utility":64,"ID":3},{"utility":36,"ID":22}],[{"utility":71,"ID":4},{"utility":92,"ID":17}],[{"utility":44,"ID":12},{"utility":79,"ID":19}],[],[],[],[],[],[],[]],"STARTING COALITION: ":[[null],[{"utility":0,"ID":20}],[{"utility":0,"ID":19},{"utility":42,"ID":21}],[{"utility":29.333333333333332,"ID":2},{"utility":21,"ID":4},{"utility":3,"ID":22},{"utility":12.666666666666666,"ID":23}],[{"utility":0,"ID":14},{"utility":1,"ID":25}],[{"utility":0,"ID":7},{"utility":0,"ID":10}],[{"utility":22.5,"ID":3},{"utility":4,"ID":6},{"utility":6.75,"ID":16},{"utility":30.25,"ID":17},{"utility":39,"ID":24}],[{"utility":0,"ID":9},{"utility":0,"ID":11}],[],[{"utility":0,"ID":1},{"utility":0,"ID":5}],[{"utility":0,"ID":12}],[{"utility":0,"ID":18}],[{"utility":0,"ID":8},{"utility":0,"ID":13},{"utility":32,"ID":15}],[],[],[],[],[],[],[],[],[],[],[],[],[]],"CORE :":true,"LAST PARTITION":{"22":16,"23":3,"24":13,"25":9,"10":5,"11":9,"12":18,"13":12,"14":4,"15":14,"16":6,"17":17,"18":15,"19":18,"1":8,"2":14,"3":16,"4":17,"5":15,"6":13,"7":11,"8":11,"9":7,"20":1,"21":2}},{"STARTING PARTITION: ":{"22":8,"23":5,"24":9,"25":1,"10":7,"11":12,"12":2,"13":1,"14":12,"15":12,"16":5,"17":9,"18":4,"19":12,"1":2,"2":6,"3":11,"4":9,"5":1,"6":5,"7":1,"8":10,"9":5,"20":12,"21":11},"Agents":[null,{"utility":0,"ID":1},{"utility":57,"ID":2},{"utility":64,"ID":3},{"utility":71,"ID":4},{"utility":44,"ID":5},{"utility":16,"ID":6},{"utility":96,"ID":7},{"utility":82,"ID":8},{"utility":14.5,"ID":9},{"utility":0,"ID":10},{"utility":82,"ID":11},{"utility":44,"ID":12},{"utility":0,"ID":13},{"utility":0,"ID":14},{"utility":73,"ID":15},{"utility":0,"ID":16},{"utility":92,"ID":17},{"utility":24,"ID":18},{"utility":79,"ID":19},{"utility":58,"ID":20},{"utility":0,"ID":21},{"utility":36,"ID":22},{"utility":0,"ID":23},{"utility":83,"ID":24},{"utility":45,"ID":25}],"LAST COALITION":[[],[{"utility":0,"ID":13}],[],[{"utility":0,"ID":1}],[{"utility":82,"ID":11},{"utility":45,"ID":25}],[{"utility":14.5,"ID":9},{"utility":0,"ID":16},{"utility":0,"ID":23}],[{"utility":57,"ID":2},{"utility":73,"ID":15}],[{"utility":0,"ID":10}],[{"utility":71,"ID":4},{"utility":92,"ID":17}],[{"utility":44,"ID":12},{"utility":79,"ID":19}],[{"utility":44,"ID":5},{"utility":24,"ID":18}],[{"utility":0,"ID":21}],[{"utility":0,"ID":14},{"utility":58,"ID":20}],[{"utility":16,"ID":6},{"utility":83,"ID":24}],[{"utility":64,"ID":3},{"utility":36,"ID":22}],[{"utility":96,"ID":7},{"utility":82,"ID":8}],[],[],[],[],[],[],[],[],[],[]],"STARTING COALITION: ":[[null],[{"utility":22.333333333333332,"ID":5},{"utility":0,"ID":7},{"utility":0,"ID":13},{"utility":5,"ID":25}],[{"utility":0,"ID":1},{"utility":0,"ID":12}],[],[{"utility":0,"ID":18}],[{"utility":5.333333333333333,"ID":6},{"utility":39,"ID":9},{"utility":0,"ID":16},{"utility":0,"ID":23}],[{"utility":0,"ID":2}],[{"utility":0,"ID":10}],[{"utility":0,"ID":22}],[{"utility":58.5,"ID":4},{"utility":46,"ID":17},{"utility":0,"ID":24}],[{"utility":0,"ID":8}],[{"utility":0,"ID":3},{"utility":63,"ID":21}],[{"utility":0,"ID":11},{"utility":23.5,"ID":14},{"utility":26,"ID":15},{"utility":21.25,"ID":19},{"utility":14.5,"ID":20}],[],[],[],[],[],[],[],[],[],[],[],[],[]],"CORE :":true,"LAST PARTITION":{"22":14,"23":5,"24":13,"25":4,"10":7,"11":4,"12":9,"13":1,"14":12,"15":6,"16":5,"17":8,"18":10,"19":9,"1":3,"2":6,"3":14,"4":8,"5":10,"6":13,"7":15,"8":15,"9":5,"20":12,"21":11}},{"STARTING PARTITION: ":{"22":12,"23":3,"24":10,"25":11,"10":7,"11":7,"12":12,"13":4,"14":3,"15":6,"16":9,"17":6,"18":1,"19":7,"1":4,"2":9,"3":3,"4":3,"5":3,"6":9,"7":2,"8":8,"9":7,"20":8,"21":2},"Agents":[null,{"utility":0,"ID":1},{"utility":57,"ID":2},{"utility":64,"ID":3},{"utility":71,"ID":4},{"utility":44,"ID":5},{"utility":16,"ID":6},{"utility":96,"ID":7},{"utility":82,"ID":8},{"utility":0,"ID":9},{"utility":0,"ID":10},{"utility":82,"ID":11},{"utility":44,"ID":12},{"utility":0,"ID":13},{"utility":0,"ID":14},{"utility":73,"ID":15},{"utility":0,"ID":16},{"utility":92,"ID":17},{"utility":24,"ID":18},{"utility":79,"ID":19},{"utility":0,"ID":20},{"utility":0,"ID":21},{"utility":36,"ID":22},{"utility":0,"ID":23},{"utility":83,"ID":24},{"utility":45,"ID":25}],"LAST COALITION":[[],[{"utility":82,"ID":11},{"utility":45,"ID":25}],[{"utility":0,"ID":21}],[{"utility":0,"ID":14},{"utility":0,"ID":23}],[{"utility":0,"ID":13}],[{"utility":0,"ID":1}],[{"utility":64,"ID":3},{"utility":36,"ID":22}],[{"utility":0,"ID":9},{"utility":0,"ID":10}],[{"utility":0,"ID":20}],[{"utility":0,"ID":16}],[{"utility":44,"ID":12},{"utility":79,"ID":19}],[{"utility":16,"ID":6},{"utility":83,"ID":24}],[],[{"utility":57,"ID":2},{"utility":73,"ID":15}],[{"utility":44,"ID":5},{"utility":24,"ID":18}],[{"utility":71,"ID":4},{"utility":92,"ID":17}],[{"utility":96,"ID":7},{"utility":82,"ID":8}],[],[],[],[],[],[],[],[],[]],"STARTING COALITION: ":[[null],[{"utility":0,"ID":18}],[{"utility":0,"ID":7},{"utility":0,"ID":21}],[{"utility":0,"ID":3},{"utility":8.75,"ID":4},{"utility":0,"ID":5},{"utility":0,"ID":14},{"utility":19,"ID":23}],[{"utility":73,"ID":1},{"utility":0,"ID":13}],[],[{"utility":60,"ID":15},{"utility":0,"ID":17}],[{"utility":0,"ID":9},{"utility":12,"ID":10},{"utility":0,"ID":11},{"utility":0,"ID":19}],[{"utility":0,"ID":8},{"utility":0,"ID":20}],[{"utility":0,"ID":2},{"utility":0,"ID":6},{"utility":0,"ID":16}],[{"utility":0,"ID":24}],[{"utility":0,"ID":25}],[{"utility":70,"ID":12},{"utility":0,"ID":22}],[],[],[],[],[],[],[],[],[],[],[],[],[]],"CORE :":true,"LAST PARTITION":{"22":6,"23":3,"24":11,"25":1,"10":7,"11":1,"12":10,"13":4,"14":3,"15":13,"16":9,"17":15,"18":14,"19":10,"1":5,"2":13,"3":6,"4":15,"5":14,"6":11,"7":16,"8":16,"9":7,"20":8,"21":2}},{"STARTING PARTITION: ":{"22":1,"23":8,"24":9,"25":12,"10":7,"11":10,"12":1,"13":8,"14":1,"15":10,"16":12,"17":11,"18":8,"19":11,"1":2,"2":7,"3":5,"4":2,"5":2,"6":3,"7":3,"8":6,"9":5,"20":2,"21":6},"Agents":[null,{"utility":0,"ID":1},{"utility":57,"ID":2},{"utility":64,"ID":3},{"utility":71,"ID":4},{"utility":44,"ID":5},{"utility":16,"ID":6},{"utility":96,"ID":7},{"utility":82,"ID":8},{"utility":0,"ID":9},{"utility":0,"ID":10},{"utility":82,"ID":11},{"utility":44,"ID":12},{"utility":0,"ID":13},{"utility":0,"ID":14},{"utility":73,"ID":15},{"utility":0,"ID":16},{"utility":92,"ID":17},{"utility":24,"ID":18},{"utility":79,"ID":19},{"utility":0,"ID":20},{"utility":0,"ID":21},{"utility":36,"ID":22},{"utility":0,"ID":23},{"utility":83,"ID":24},{"utility":45,"ID":25}],"LAST COALITION":[[],[{"utility":0,"ID":14}],[{"utility":0,"ID":20}],[{"utility":82,"ID":11},{"utility":45,"ID":25}],[{"utility":0,"ID":1}],[{"utility":0,"ID":9}],[{"utility":0,"ID":21}],[{"utility":0,"ID":10}],[{"utility":0,"ID":13},{"utility":0,"ID":23}],[{"utility":44,"ID":12},{"utility":79,"ID":19}],[],[],[{"utility":0,"ID":16}],[{"utility":16,"ID":6},{"utility":83,"ID":24}],[{"utility":57,"ID":2},{"utility":73,"ID":15}],[{"utility":44,"ID":5},{"utility":24,"ID":18}],[{"utility":64,"ID":3},{"utility":36,"ID":22}],[{"utility":71,"ID":4},{"utility":92,"ID":17}],[{"utility":96,"ID":7},{"utility":82,"ID":8}],[],[],[],[],[],[],[]],"STARTING COALITION: ":[[null],[{"utility":35,"ID":12},{"utility":0,"ID":14},{"utility":22.5,"ID":22}],[{"utility":0,"ID":1},{"utility":0,"ID":4},{"utility":1,"ID":5},{"utility":0,"ID":20}],[{"utility":98,"ID":6},{"utility":27,"ID":7}],[],[{"utility":0,"ID":3},{"utility":38,"ID":9}],[{"utility":0,"ID":8},{"utility":0,"ID":21}],[{"utility":0,"ID":2},{"utility":0,"ID":10}],[{"utility":14,"ID":13},{"utility":0,"ID":18},{"utility":0,"ID":23}],[{"utility":0,"ID":24}],[{"utility":0,"ID":11},{"utility":47,"ID":15}],[{"utility":0,"ID":17},{"utility":77,"ID":19}],[{"utility":0,"ID":16},{"utility":0,"ID":25}],[],[],[],[],[],[],[],[],[],[],[],[],[]],"CORE :":true,"LAST PARTITION":{"22":16,"23":8,"24":13,"25":3,"10":7,"11":3,"12":9,"13":8,"14":1,"15":14,"16":12,"17":17,"18":15,"19":9,"1":4,"2":14,"3":16,"4":17,"5":15,"6":13,"7":18,"8":18,"9":5,"20":2,"21":6}},{"STARTING PARTITION: ":{"22":3,"23":6,"24":9,"25":8,"10":5,"11":6,"12":1,"13":4,"14":1,"15":1,"16":4,"17":11,"18":12,"19":12,"1":4,"2":12,"3":9,"4":7,"5":8,"6":11,"7":9,"8":10,"9":6,"20":5,"21":5},"Agents":[null,{"utility":0,"ID":1},{"utility":57,"ID":2},{"utility":64,"ID":3},{"utility":71,"ID":4},{"utility":44,"ID":5},{"utility":16,"ID":6},{"utility":96,"ID":7},{"utility":82,"ID":8},{"utility":29,"ID":9},{"utility":13.5,"ID":10},{"utility":82,"ID":11},{"utility":44,"ID":12},{"utility":0,"ID":13},{"utility":0,"ID":14},{"utility":73,"ID":15},{"utility":88,"ID":16},{"utility":92,"ID":17},{"utility":24,"ID":18},{"utility":79,"ID":19},{"utility":0,"ID":20},{"utility":12,"ID":21},{"utility":36,"ID":22},{"utility":0,"ID":23},{"utility":83,"ID":24},{"utility":45,"ID":25}],"LAST COALITION":[[],[{"utility":0,"ID":14}],[{"utility":0,"ID":1}],[{"utility":71,"ID":4},{"utility":92,"ID":17}],[{"utility":0,"ID":13},{"utility":88,"ID":16}],[{"utility":13.5,"ID":10},{"utility":0,"ID":20},{"utility":12,"ID":21}],[{"utility":29,"ID":9},{"utility":0,"ID":23}],[{"utility":44,"ID":5},{"utility":24,"ID":18}],[{"utility":82,"ID":11},{"utility":45,"ID":25}],[{"utility":44,"ID":12},{"utility":79,"ID":19}],[{"utility":57,"ID":2},{"utility":73,"ID":15}],[{"utility":96,"ID":7},{"utility":82,"ID":8}],[],[{"utility":16,"ID":6},{"utility":83,"ID":24}],[],[{"utility":64,"ID":3},{"utility":36,"ID":22}],[],[],[],[],[],[],[],[],[],[]],"STARTING COALITION: ":[[null],[{"utility":0,"ID":12},{"utility":47,"ID":14},{"utility":0,"ID":15}],[],[{"utility":0,"ID":22}],[{"utility":37.5,"ID":1},{"utility":0,"ID":13},{"utility":44,"ID":16}],[{"utility":13.5,"ID":10},{"utility":0,"ID":20},{"utility":12,"ID":21}],[{"utility":14.5,"ID":9},{"utility":16.5,"ID":11},{"utility":0,"ID":23}],[{"utility":0,"ID":4}],[{"utility":0,"ID":5},{"utility":0,"ID":25}],[{"utility":0,"ID":3},{"utility":8.5,"ID":7},{"utility":36.5,"ID":24}],[{"utility":0,"ID":8}],[{"utility":0,"ID":6},{"utility":0,"ID":17}],[{"utility":0,"ID":2},{"utility":0,"ID":18},{"utility":48.5,"ID":19}],[],[],[],[],[],[],[],[],[],[],[],[],[]],"CORE :":true,"LAST PARTITION":{"22":15,"23":6,"24":13,"25":8,"10":5,"11":8,"12":9,"13":4,"14":1,"15":10,"16":4,"17":3,"18":7,"19":9,"1":2,"2":10,"3":15,"4":3,"5":7,"6":13,"7":11,"8":11,"9":6,"20":5,"21":5}},{"STARTING PARTITION: ":{"22":3,"23":11,"24":3,"25":7,"10":2,"11":6,"12":4,"13":7,"14":6,"15":4,"16":1,"17":2,"18":9,"19":11,"1":6,"2":10,"3":8,"4":6,"5":6,"6":4,"7":7,"8":12,"9":3,"20":12,"21":9},"Agents":[null,{"utility":0,"ID":1},{"utility":57,"ID":2},{"utility":0,"ID":3},{"utility":71,"ID":4},{"utility":44,"ID":5},{"utility":16,"ID":6},{"utility":96,"ID":7},{"utility":82,"ID":8},{"utility":0,"ID":9},{"utility":0,"ID":10},{"utility":82,"ID":11},{"utility":44,"ID":12},{"utility":0,"ID":13},{"utility":0,"ID":14},{"utility":73,"ID":15},{"utility":0,"ID":16},{"utility":92,"ID":17},{"utility":24,"ID":18},{"utility":79,"ID":19},{"utility":0,"ID":20},{"utility":0,"ID":21},{"utility":73,"ID":22},{"utility":0,"ID":23},{"utility":83,"ID":24},{"utility":45,"ID":25}],"LAST COALITION":[[],[{"utility":0,"ID":16}],[{"utility":0,"ID":10}],[{"utility":0,"ID":9},{"utility":73,"ID":22}],[],[{"utility":0,"ID":1}],[{"utility":0,"ID":14}],[{"utility":0,"ID":13}],[{"utility":0,"ID":3}],[{"utility":0,"ID":21}],[{"utility":57,"ID":2},{"utility":73,"ID":15}],[{"utility":0,"ID":23}],[{"utility":0,"ID":20}],[{"utility":16,"ID":6},{"utility":83,"ID":24}],[{"utility":71,"ID":4},{"utility":92,"ID":17}],[{"utility":44,"ID":5},{"utility":24,"ID":18}],[{"utility":82,"ID":11},{"utility":45,"ID":25}],[{"utility":96,"ID":7},{"utility":82,"ID":8}],[{"utility":44,"ID":12},{"utility":79,"ID":19}],[],[],[],[],[],[],[]],"STARTING COALITION: ":[[null],[{"utility":0,"ID":16}],[{"utility":0,"ID":10},{"utility":76,"ID":17}],[{"utility":0,"ID":9},{"utility":37,"ID":22},{"utility":0,"ID":24}],[{"utility":0,"ID":6},{"utility":0,"ID":12},{"utility":0,"ID":15}],[],[{"utility":0,"ID":1},{"utility":0,"ID":4},{"utility":14.5,"ID":5},{"utility":0,"ID":11},{"utility":14.5,"ID":14}],[{"utility":0,"ID":7},{"utility":0,"ID":13},{"utility":7.5,"ID":25}],[{"utility":0,"ID":3}],[{"utility":0,"ID":18},{"utility":0,"ID":21}],[{"utility":0,"ID":2}],[{"utility":0,"ID":19},{"utility":0,"ID":23}],[{"utility":0,"ID":8},{"utility":0,"ID":20}],[],[],[],[],[],[],[],[],[],[],[],[],[]],"CORE :":true,"LAST PARTITION":{"22":3,"23":11,"24":13,"25":16,"10":2,"11":16,"12":18,"13":7,"14":6,"15":10,"16":1,"17":14,"18":15,"19":18,"1":5,"2":10,"3":8,"4":14,"5":15,"6":13,"7":17,"8":17,"9":3,"20":12,"21":9}},{"STARTING PARTITION: ":{"22":2,"23":11,"24":4,"25":10,"10":7,"11":4,"12":8,"13":10,"14":6,"15":12,"16":8,"17":11,"18":11,"19":3,"1":6,"2":9,"3":7,"4":6,"5":3,"6":6,"7":1,"8":6,"9":6,"20":3,"21":5},"Agents":[null,{"utility":0,"ID":1},{"utility":57,"ID":2},{"utility":64,"ID":3},{"utility":71,"ID":4},{"utility":44,"ID":5},{"utility":16,"ID":6},{"utility":96,"ID":7},{"utility":82,"ID":8},{"utility":84,"ID":9},{"utility":0,"ID":10},{"utility":82,"ID":11},{"utility":44,"ID":12},{"utility":0,"ID":13},{"utility":0,"ID":14},{"utility":73,"ID":15},{"utility":0,"ID":16},{"utility":92,"ID":17},{"utility":24,"ID":18},{"utility":79,"ID":19},{"utility":0,"ID":20},{"utility":0,"ID":21},{"utility":36,"ID":22},{"utility":0,"ID":23},{"utility":83,"ID":24},{"utility":45,"ID":25}],"LAST COALITION":[[],[{"utility":96,"ID":7},{"utility":82,"ID":8}],[{"utility":71,"ID":4},{"utility":92,"ID":17}],[{"utility":0,"ID":20}],[{"utility":44,"ID":12},{"utility":79,"ID":19}],[{"utility":0,"ID":21}],[{"utility":84,"ID":9},{"utility":0,"ID":14}],[{"utility":0,"ID":10}],[{"utility":0,"ID":16}],[{"utility":57,"ID":2},{"utility":73,"ID":15}],[{"utility":0,"ID":13}],[{"utility":0,"ID":23}],[{"utility":44,"ID":5},{"utility":24,"ID":18}],[{"utility":0,"ID":1}],[{"utility":16,"ID":6},{"utility":83,"ID":24}],[{"utility":64,"ID":3},{"utility":36,"ID":22}],[{"utility":82,"ID":11},{"utility":45,"ID":25}],[],[],[],[],[],[],[],[],[]],"STARTING COALITION: ":[[null],[{"utility":0,"ID":7}],[{"utility":0,"ID":22}],[{"utility":1.5,"ID":5},{"utility":0,"ID":19},{"utility":0,"ID":20}],[{"utility":0,"ID":11},{"utility":0,"ID":24}],[{"utility":0,"ID":21}],[{"utility":14.8,"ID":1},{"utility":1.8,"ID":4},{"utility":0,"ID":6},{"utility":0,"ID":8},{"utility":34.4,"ID":9},{"utility":11.6,"ID":14}],[{"utility":0,"ID":3},{"utility":0,"ID":10}],[{"utility":0,"ID":12},{"utility":0,"ID":16}],[{"utility":0,"ID":2}],[{"utility":0,"ID":13},{"utility":15,"ID":25}],[{"utility":32.5,"ID":17},{"utility":0,"ID":18},{"utility":0,"ID":23}],[{"utility":0,"ID":15}],[],[],[],[],[],[],[],[],[],[],[],[],[]],"CORE :":true,"LAST PARTITION":{"22":15,"23":11,"24":14,"25":16,"10":7,"11":16,"12":4,"13":10,"14":6,"15":9,"16":8,"17":2,"18":12,"19":4,"1":13,"2":9,"3":15,"4":2,"5":12,"6":14,"7":1,"8":1,"9":6,"20":3,"21":5}},{"STARTING PARTITION: ":{"22":12,"23":11,"24":8,"25":7,"10":3,"11":3,"12":1,"13":12,"14":8,"15":6,"16":12,"17":6,"18":10,"19":10,"1":10,"2":8,"3":9,"4":5,"5":5,"6":5,"7":4,"8":3,"9":7,"20":2,"21":1},"Agents":[null,{"utility":0,"ID":1},{"utility":57,"ID":2},{"utility":64,"ID":3},{"utility":71,"ID":4},{"utility":44,"ID":5},{"utility":16,"ID":6},{"utility":96,"ID":7},{"utility":82,"ID":8},{"utility":0,"ID":9},{"utility":0,"ID":10},{"utility":82,"ID":11},{"utility":44,"ID":12},{"utility":0,"ID":13},{"utility":0,"ID":14},{"utility":73,"ID":15},{"utility":88,"ID":16},{"utility":92,"ID":17},{"utility":24,"ID":18},{"utility":79,"ID":19},{"utility":0,"ID":20},{"utility":0,"ID":21},{"utility":36,"ID":22},{"utility":0,"ID":23},{"utility":83,"ID":24},{"utility":45,"ID":25}],"LAST COALITION":[[],[{"utility":0,"ID":21}],[{"utility":0,"ID":20}],[{"utility":0,"ID":10}],[{"utility":96,"ID":7},{"utility":82,"ID":8}],[{"utility":16,"ID":6},{"utility":83,"ID":24}],[{"utility":64,"ID":3},{"utility":36,"ID":22}],[{"utility":0,"ID":9}],[{"utility":0,"ID":14}],[{"utility":71,"ID":4},{"utility":92,"ID":17}],[],[{"utility":0,"ID":23}],[{"utility":0,"ID":13},{"utility":88,"ID":16}],[{"utility":0,"ID":1}],[{"utility":57,"ID":2},{"utility":73,"ID":15}],[{"utility":44,"ID":5},{"utility":24,"ID":18}],[{"utility":82,"ID":11},{"utility":45,"ID":25}],[{"utility":44,"ID":12},{"utility":79,"ID":19}],[],[],[],[],[],[],[],[]],"STARTING COALITION: ":[[null],[{"utility":0,"ID":12},{"utility":0,"ID":21}],[{"utility":0,"ID":20}],[{"utility":48,"ID":8},{"utility":18,"ID":10},{"utility":0,"ID":11}],[{"utility":0,"ID":7}],[{"utility":4.5,"ID":4},{"utility":0,"ID":5},{"utility":0,"ID":6}],[{"utility":60,"ID":15},{"utility":0,"ID":17}],[{"utility":0,"ID":9},{"utility":0,"ID":25}],[{"utility":0,"ID":2},{"utility":0,"ID":14},{"utility":0,"ID":24}],[{"utility":0,"ID":3}],[{"utility":0,"ID":1},{"utility":0,"ID":18},{"utility":48.5,"ID":19}],[{"utility":0,"ID":23}],[{"utility":0,"ID":13},{"utility":44,"ID":16},{"utility":13.5,"ID":22}],[],[],[],[],[],[],[],[],[],[],[],[],[]],"CORE :":true,"LAST PARTITION":{"22":6,"23":11,"24":5,"25":16,"10":3,"11":16,"12":17,"13":12,"14":8,"15":14,"16":12,"17":9,"18":15,"19":17,"1":13,"2":14,"3":6,"4":9,"5":15,"6":5,"7":4,"8":4,"9":7,"20":2,"21":1}},{"STARTING PARTITION: ":{"22":12,"23":4,"24":5,"25":3,"10":9,"11":1,"12":4,"13":8,"14":8,"15":4,"16":1,"17":3,"18":9,"19":2,"1":6,"2":9,"3":12,"4":11,"5":6,"6":7,"7":4,"8":12,"9":2,"20":9,"21":9},"Agents":[null,{"utility":0,"ID":1},{"utility":57,"ID":2},{"utility":64,"ID":3},{"utility":71,"ID":4},{"utility":44,"ID":5},{"utility":16,"ID":6},{"utility":96,"ID":7},{"utility":82,"ID":8},{"utility":0,"ID":9},{"utility":13.5,"ID":10},{"utility":82,"ID":11},{"utility":44,"ID":12},{"utility":0,"ID":13},{"utility":0,"ID":14},{"utility":73,"ID":15},{"utility":0,"ID":16},{"utility":92,"ID":17},{"utility":24,"ID":18},{"utility":79,"ID":19},{"utility":0,"ID":20},{"utility":12,"ID":21},{"utility":36,"ID":22},{"utility":0,"ID":23},{"utility":83,"ID":24},{"utility":45,"ID":25}],"LAST COALITION":[[],[{"utility":0,"ID":16}],[{"utility":0,"ID":9}],[{"utility":44,"ID":5},{"utility":24,"ID":18}],[{"utility":0,"ID":23}],[{"utility":96,"ID":7},{"utility":82,"ID":8}],[{"utility":16,"ID":6},{"utility":83,"ID":24}],[{"utility":82,"ID":11},{"utility":45,"ID":25}],[{"utility":0,"ID":13},{"utility":0,"ID":14}],[{"utility":13.5,"ID":10},{"utility":0,"ID":20},{"utility":12,"ID":21}],[{"utility":0,"ID":1}],[{"utility":44,"ID":12},{"utility":79,"ID":19}],[{"utility":64,"ID":3},{"utility":36,"ID":22}],[],[{"utility":57,"ID":2},{"utility":73,"ID":15}],[{"utility":71,"ID":4},{"utility":92,"ID":17}],[],[],[],[],[],[],[],[],[],[]],"STARTING COALITION: ":[[null],[{"utility":0,"ID":11},{"utility":0,"ID":16}],[{"utility":0,"ID":9},{"utility":0,"ID":19}],[{"utility":0,"ID":17},{"utility":0,"ID":25}],[{"utility":45.333333333333336,"ID":7},{"utility":13,"ID":12},{"utility":5,"ID":15},{"utility":13,"ID":23}],[{"utility":0,"ID":24}],[{"utility":0,"ID":1},{"utility":0,"ID":5}],[{"utility":0,"ID":6}],[{"utility":0,"ID":13},{"utility":0,"ID":14}],[{"utility":23.5,"ID":2},{"utility":6.75,"ID":10},{"utility":0,"ID":18},{"utility":17.25,"ID":20},{"utility":6,"ID":21}],[],[{"utility":0,"ID":4}],[{"utility":32,"ID":3},{"utility":0,"ID":8},{"utility":18,"ID":22}],[],[],[],[],[],[],[],[],[],[],[],[],[]],"CORE :":true,"LAST PARTITION":{"22":12,"23":4,"24":6,"25":7,"10":9,"11":7,"12":11,"13":8,"14":8,"15":14,"16":1,"17":15,"18":3,"19":11,"1":10,"2":14,"3":12,"4":15,"5":3,"6":6,"7":5,"8":5,"9":2,"20":9,"21":9}},{"STARTING PARTITION: ":{"22":11,"23":1,"24":11,"25":5,"10":4,"11":10,"12":11,"13":6,"14":9,"15":8,"16":9,"17":11,"18":12,"19":3,"1":6,"2":11,"3":6,"4":2,"5":2,"6":4,"7":5,"8":9,"9":6,"20":7,"21":3},"Agents":[null,{"utility":0,"ID":1},{"utility":57,"ID":2},{"utility":64,"ID":3},{"utility":71,"ID":4},{"utility":44,"ID":5},{"utility":16,"ID":6},{"utility":96,"ID":7},{"utility":82,"ID":8},{"utility":0,"ID":9},{"utility":0,"ID":10},{"utility":82,"ID":11},{"utility":44,"ID":12},{"utility":0,"ID":13},{"utility":0,"ID":14},{"utility":73,"ID":15},{"utility":0,"ID":16},{"utility":92,"ID":17},{"utility":24,"ID":18},{"utility":79,"ID":19},{"utility":0,"ID":20},{"utility":0,"ID":21},{"utility":36,"ID":22},{"utility":0,"ID":23},{"utility":83,"ID":24},{"utility":45,"ID":25}],"LAST COALITION":[[],[{"utility":0,"ID":23}],[{"utility":82,"ID":11},{"utility":45,"ID":25}],[{"utility":0,"ID":21}],[{"utility":0,"ID":10}],[{"utility":96,"ID":7},{"utility":82,"ID":8}],[{"utility":0,"ID":9},{"utility":0,"ID":13}],[{"utility":0,"ID":20}],[{"utility":44,"ID":5},{"utility":24,"ID":18}],[{"utility":0,"ID":14},{"utility":0,"ID":16}],[{"utility":44,"ID":12},{"utility":79,"ID":19}],[],[{"utility":16,"ID":6},{"utility":83,"ID":24}],[{"utility":0,"ID":1}],[],[{"utility":57,"ID":2},{"utility":73,"ID":15}],[{"utility":64,"ID":3},{"utility":36,"ID":22}],[{"utility":71,"ID":4},{"utility":92,"ID":17}],[],[],[],[],[],[],[],[]],"STARTING COALITION: ":[[null],[{"utility":0,"ID":23}],[{"utility":0,"ID":4},{"utility":0,"ID":5}],[{"utility":0,"ID":19},{"utility":42,"ID":21}],[{"utility":0,"ID":6},{"utility":75,"ID":10}],[{"utility":0,"ID":7},{"utility":0,"ID":25}],[{"utility":24.333333333333332,"ID":1},{"utility":0,"ID":3},{"utility":12.666666666666666,"ID":9},{"utility":0,"ID":13}],[{"utility":0,"ID":20}],[{"utility":0,"ID":15}],[{"utility":0,"ID":8},{"utility":0,"ID":14},{"utility":0,"ID":16}],[{"utility":0,"ID":11}],[{"utility":0,"ID":2},{"utility":17.5,"ID":12},{"utility":0,"ID":17},{"utility":0.25,"ID":22},{"utility":0,"ID":24}],[{"utility":0,"ID":18}],[],[],[],[],[],[],[],[],[],[],[],[],[]],"CORE :":true,"LAST PARTITION":{"22":16,"23":1,"24":12,"25":2,"10":4,"11":2,"12":10,"13":6,"14":9,"15":15,"16":9,"17":17,"18":8,"19":10,"1":13,"2":15,"3":16,"4":17,"5":8,"6":12,"7":5,"8":5,"9":6,"20":7,"21":3}},{"STARTING PARTITION: ":{"22":8,"23":6,"24":2,"25":1,"10":8,"11":2,"12":12,"13":11,"14":3,"15":7,"16":11,"17":1,"18":4,"19":9,"1":7,"2":10,"3":11,"4":5,"5":8,"6":2,"7":3,"8":1,"9":1,"20":8,"21":12},"Agents":[null,{"utility":0,"ID":1},{"utility":57,"ID":2},{"utility":64,"ID":3},{"utility":71,"ID":4},{"utility":44,"ID":5},{"utility":16,"ID":6},{"utility":96,"ID":7},{"utility":82,"ID":8},{"utility":0,"ID":9},{"utility":0,"ID":10},{"utility":82,"ID":11},{"utility":44,"ID":12},{"utility":0,"ID":13},{"utility":0,"ID":14},{"utility":73,"ID":15},{"utility":88,"ID":16},{"utility":92,"ID":17},{"utility":24,"ID":18},{"utility":79,"ID":19},{"utility":0,"ID":20},{"utility":0,"ID":21},{"utility":36,"ID":22},{"utility":0,"ID":23},{"utility":83,"ID":24},{"utility":45,"ID":25}],"LAST COALITION":[[],[{"utility":0,"ID":9}],[{"utility":44,"ID":12},{"utility":79,"ID":19}],[{"utility":0,"ID":14}],[{"utility":82,"ID":11},{"utility":45,"ID":25}],[{"utility":44,"ID":5},{"utility":24,"ID":18}],[{"utility":0,"ID":23}],[{"utility":64,"ID":3},{"utility":36,"ID":22}],[{"utility":0,"ID":10},{"utility":0,"ID":20}],[],[{"utility":57,"ID":2},{"utility":73,"ID":15}],[{"utility":0,"ID":13},{"utility":88,"ID":16}],[{"utility":0,"ID":21}],[{"utility":0,"ID":1}],[{"utility":16,"ID":6},{"utility":83,"ID":24}],[{"utility":71,"ID":4},{"utility":92,"ID":17}],[{"utility":96,"ID":7},{"utility":82,"ID":8}],[],[],[],[],[],[],[],[],[]],"STARTING COALITION: ":[[null],[{"utility":0,"ID":8},{"utility":0,"ID":9},{"utility":46,"ID":17},{"utility":0,"ID":25}],[{"utility":8,"ID":6},{"utility":0,"ID":11},{"utility":41.5,"ID":24}],[{"utility":0,"ID":7},{"utility":0,"ID":14}],[{"utility":0,"ID":18}],[{"utility":0,"ID":4}],[{"utility":0,"ID":23}],[{"utility":0,"ID":1},{"utility":0,"ID":15}],[{"utility":4.333333333333333,"ID":5},{"utility":0,"ID":10},{"utility":0,"ID":20},{"utility":15.666666666666666,"ID":22}],[{"utility":0,"ID":19}],[{"utility":0,"ID":2}],[{"utility":0,"ID":3},{"utility":0,"ID":13},{"utility":57.5,"ID":16}],[{"utility":0,"ID":12},{"utility":0,"ID":21}],[],[],[],[],[],[],[],[],[],[],[],[],[]],"CORE :":true,"LAST PARTITION":{"22":7,"23":6,"24":14,"25":4,"10":8,"11":4,"12":2,"13":11,"14":3,"15":10,"16":11,"17":15,"18":5,"19":2,"1":13,"2":10,"3":7,"4":15,"5":5,"6":14,"7":16,"8":16,"9":1,"20":8,"21":12}},{"STARTING PARTITION: ":{"22":2,"23":5,"24":5,"25":6,"10":4,"11":12,"12":12,"13":1,"14":6,"15":1,"16":4,"17":10,"18":4,"19":8,"1":10,"2":8,"3":10,"4":7,"5":9,"6":4,"7":4,"8":8,"9":12,"20":11,"21":4},"Agents":[null,{"utility":0,"ID":1},{"utility":57,"ID":2},{"utility":64,"ID":3},{"utility":71,"ID":4},{"utility":44,"ID":5},{"utility":16,"ID":6},{"utility":96,"ID":7},{"utility":82,"ID":8},{"utility":0,"ID":9},{"utility":13.5,"ID":10},{"utility":82,"ID":11},{"utility":44,"ID":12},{"utility":0,"ID":13},{"utility":0,"ID":14},{"utility":73,"ID":15},{"utility":59.5,"ID":16},{"utility":92,"ID":17},{"utility":24,"ID":18},{"utility":79,"ID":19},{"utility":0,"ID":20},{"utility":0,"ID":21},{"utility":36,"ID":22},{"utility":0,"ID":23},{"utility":83,"ID":24},{"utility":45,"ID":25}],"LAST COALITION":[[],[{"utility":0,"ID":13}],[{"utility":71,"ID":4},{"utility":92,"ID":17}],[{"utility":0,"ID":1}],[{"utility":13.5,"ID":10},{"utility":59.5,"ID":16},{"utility":0,"ID":21}],[{"utility":0,"ID":23}],[{"utility":0,"ID":14}],[{"utility":44,"ID":5},{"utility":24,"ID":18}],[],[{"utility":82,"ID":11},{"utility":45,"ID":25}],[{"utility":96,"ID":7},{"utility":82,"ID":8}],[{"utility":0,"ID":20}],[{"utility":0,"ID":9}],[{"utility":57,"ID":2},{"utility":73,"ID":15}],[{"utility":64,"ID":3},{"utility":36,"ID":22}],[{"utility":16,"ID":6},{"utility":83,"ID":24}],[{"utility":44,"ID":12},{"utility":79,"ID":19}],[],[],[],[],[],[],[],[],[]],"STARTING COALITION: ":[[null],[{"utility":0,"ID":13},{"utility":64,"ID":15}],[{"utility":0,"ID":22}],[],[{"utility":19.6,"ID":6},{"utility":5.4,"ID":7},{"utility":20.4,"ID":10},{"utility":42.4,"ID":16},{"utility":14,"ID":18},{"utility":0,"ID":21}],[{"utility":36,"ID":23},{"utility":45,"ID":24}],[{"utility":0,"ID":14},{"utility":1,"ID":25}],[{"utility":0,"ID":4}],[{"utility":19.5,"ID":2},{"utility":36,"ID":8},{"utility":0,"ID":19}],[{"utility":0,"ID":5}],[{"utility":0,"ID":1},{"utility":15,"ID":3},{"utility":30.5,"ID":17}],[{"utility":0,"ID":20}],[{"utility":0,"ID":9},{"utility":0,"ID":11},{"utility":31.5,"ID":12}],[],[],[],[],[],[],[],[],[],[],[],[],[]],"CORE :":true,"LAST PARTITION":{"22":14,"23":5,"24":15,"25":9,"10":4,"11":9,"12":16,"13":1,"14":6,"15":13,"16":4,"17":2,"18":7,"19":16,"1":3,"2":13,"3":14,"4":2,"5":7,"6":15,"7":10,"8":10,"9":12,"20":11,"21":4}},{"STARTING PARTITION: ":{"22":1,"23":3,"24":6,"25":9,"10":4,"11":10,"12":2,"13":2,"14":6,"15":4,"16":8,"17":4,"18":9,"19":2,"1":5,"2":8,"3":11,"4":10,"5":1,"6":2,"7":9,"8":4,"9":5,"20":2,"21":3},"Agents":[null,{"utility":0,"ID":1},{"utility":57,"ID":2},{"utility":64,"ID":3},{"utility":71,"ID":4},{"utility":44,"ID":5},{"utility":16,"ID":6},{"utility":96,"ID":7},{"utility":82,"ID":8},{"utility":0,"ID":9},{"utility":0,"ID":10},{"utility":82,"ID":11},{"utility":44,"ID":12},{"utility":62,"ID":13},{"utility":0,"ID":14},{"utility":73,"ID":15},{"utility":0,"ID":16},{"utility":92,"ID":17},{"utility":24,"ID":18},{"utility":79,"ID":19},{"utility":0,"ID":20},{"utility":0,"ID":21},{"utility":36,"ID":22},{"utility":73,"ID":23},{"utility":83,"ID":24},{"utility":45,"ID":25}],"LAST COALITION":[[],[{"utility":82,"ID":11},{"utility":45,"ID":25}],[{"utility":62,"ID":13},{"utility":0,"ID":20}],[{"utility":0,"ID":21},{"utility":73,"ID":23}],[{"utility":0,"ID":10}],[{"utility":0,"ID":9}],[{"utility":0,"ID":14}],[{"utility":0,"ID":1}],[{"utility":0,"ID":16}],[{"utility":96,"ID":7},{"utility":82,"ID":8}],[{"utility":44,"ID":12},{"utility":79,"ID":19}],[{"utility":71,"ID":4},{"utility":92,"ID":17}],[{"utility":16,"ID":6},{"utility":83,"ID":24}],[{"utility":57,"ID":2},{"utility":73,"ID":15}],[{"utility":64,"ID":3},{"utility":36,"ID":22}],[{"utility":44,"ID":5},{"utility":24,"ID":18}],[],[],[],[],[],[],[],[],[],[]],"STARTING COALITION: ":[[null],[{"utility":0,"ID":5},{"utility":0,"ID":22}],[{"utility":0,"ID":6},{"utility":11,"ID":12},{"utility":35.25,"ID":13},{"utility":28.25,"ID":19},{"utility":1,"ID":20}],[{"utility":0,"ID":21},{"utility":73,"ID":23}],[{"utility":0,"ID":8},{"utility":0,"ID":10},{"utility":20,"ID":15},{"utility":48,"ID":17}],[{"utility":0,"ID":1},{"utility":0,"ID":9}],[{"utility":0,"ID":14},{"utility":0,"ID":24}],[],[{"utility":0,"ID":2},{"utility":0,"ID":16}],[{"utility":0,"ID":7},{"utility":0,"ID":18},{"utility":0,"ID":25}],[{"utility":0,"ID":4},{"utility":0,"ID":11}],[{"utility":0,"ID":3}],[],[],[],[],[],[],[],[],[],[],[],[],[],[]],"CORE :":true,"LAST PARTITION":{"22":14,"23":3,"24":12,"25":1,"10":4,"11":1,"12":10,"13":2,"14":6,"15":13,"16":8,"17":11,"18":15,"19":10,"1":7,"2":13,"3":14,"4":11,"5":15,"6":12,"7":9,"8":9,"9":5,"20":2,"21":3}},{"STARTING PARTITION: ":{"22":2,"23":3,"24":8,"25":3,"10":9,"11":6,"12":11,"13":10,"14":2,"15":12,"16":7,"17":10,"18":12,"19":3,"1":9,"2":6,"3":2,"4":7,"5":3,"6":7,"7":12,"8":12,"9":7,"20":3,"21":8},"Agents":[null,{"utility":0,"ID":1},{"utility":57,"ID":2},{"utility":32,"ID":3},{"utility":71,"ID":4},{"utility":44,"ID":5},{"utility":16,"ID":6},{"utility":96,"ID":7},{"utility":82,"ID":8},{"utility":0,"ID":9},{"utility":0,"ID":10},{"utility":82,"ID":11},{"utility":44,"ID":12},{"utility":0,"ID":13},{"utility":0,"ID":14},{"utility":73,"ID":15},{"utility":0,"ID":16},{"utility":92,"ID":17},{"utility":24,"ID":18},{"utility":79,"ID":19},{"utility":0,"ID":20},{"utility":0,"ID":21},{"utility":40.5,"ID":22},{"utility":98,"ID":23},{"utility":83,"ID":24},{"utility":45,"ID":25}],"LAST COALITION":[[],[{"utility":0,"ID":1}],[{"utility":32,"ID":3},{"utility":0,"ID":14},{"utility":40.5,"ID":22}],[{"utility":0,"ID":20},{"utility":98,"ID":23}],[{"utility":57,"ID":2},{"utility":73,"ID":15}],[{"utility":71,"ID":4},{"utility":92,"ID":17}],[{"utility":44,"ID":12},{"utility":79,"ID":19}],[{"utility":0,"ID":9},{"utility":0,"ID":16}],[{"utility":0,"ID":21}],[{"utility":0,"ID":10}],[{"utility":0,"ID":13}],[],[{"utility":96,"ID":7},{"utility":82,"ID":8}],[{"utility":44,"ID":5},{"utility":24,"ID":18}],[{"utility":16,"ID":6},{"utility":83,"ID":24}],[{"utility":82,"ID":11},{"utility":45,"ID":25}],[],[],[],[],[],[],[],[],[],[]],"STARTING COALITION: ":[[null],[],[{"utility":32,"ID":3},{"utility":0,"ID":14},{"utility":40.5,"ID":22}],[{"utility":0.75,"ID":5},{"utility":0,"ID":19},{"utility":0,"ID":20},{"utility":24.5,"ID":23},{"utility":14,"ID":25}],[],[],[{"utility":0,"ID":2},{"utility":0,"ID":11}],[{"utility":3,"ID":4},{"utility":0,"ID":6},{"utility":29.333333333333332,"ID":9},{"utility":0,"ID":16}],[{"utility":5,"ID":21},{"utility":0,"ID":24}],[{"utility":0,"ID":1},{"utility":0,"ID":10}],[{"utility":0,"ID":13},{"utility":0,"ID":17}],[{"utility":0,"ID":12}],[{"utility":47.666666666666664,"ID":7},{"utility":42.333333333333336,"ID":8},{"utility":28,"ID":15},{"utility":5.333333333333333,"ID":18}],[],[],[],[],[],[],[],[],[],[],[],[],[]],"CORE :":true,"LAST PARTITION":{"22":2,"23":3,"24":14,"25":15,"10":9,"11":15,"12":6,"13":10,"14":2,"15":4,"16":7,"17":5,"18":13,"19":6,"1":1,"2":4,"3":2,"4":5,"5":13,"6":14,"7":12,"8":12,"9":7,"20":3,"21":8}},{"STARTING PARTITION: ":{"22":10,"23":9,"24":12,"25":12,"10":6,"11":3,"12":4,"13":7,"14":4,"15":12,"16":6,"17":6,"18":3,"19":7,"1":4,"2":7,"3":3,"4":5,"5":12,"6":5,"7":8,"8":8,"9":7,"20":6,"21":3},"Agents":[null,{"utility":0,"ID":1},{"utility":57,"ID":2},{"utility":64,"ID":3},{"utility":71,"ID":4},{"utility":44,"ID":5},{"utility":16,"ID":6},{"utility":96,"ID":7},{"utility":82,"ID":8},{"utility":0,"ID":9},{"utility":0,"ID":10},{"utility":82,"ID":11},{"utility":44,"ID":12},{"utility":0,"ID":13},{"utility":0,"ID":14},{"utility":73,"ID":15},{"utility":81,"ID":16},{"utility":92,"ID":17},{"utility":24,"ID":18},{"utility":79,"ID":19},{"utility":0,"ID":20},{"utility":0,"ID":21},{"utility":36,"ID":22},{"utility":0,"ID":23},{"utility":83,"ID":24},{"utility":45,"ID":25}],"LAST COALITION":[[],[{"utility":0,"ID":1}],[{"utility":57,"ID":2},{"utility":73,"ID":15}],[{"utility":0,"ID":21}],[{"utility":0,"ID":14}],[{"utility":82,"ID":11},{"utility":45,"ID":25}],[{"utility":0,"ID":10},{"utility":81,"ID":16},{"utility":0,"ID":20}],[{"utility":0,"ID":9},{"utility":0,"ID":13}],[{"utility":96,"ID":7},{"utility":82,"ID":8}],[{"utility":0,"ID":23}],[{"utility":71,"ID":4},{"utility":92,"ID":17}],[{"utility":44,"ID":5},{"utility":24,"ID":18}],[{"utility":44,"ID":12},{"utility":79,"ID":19}],[{"utility":64,"ID":3},{"utility":36,"ID":22}],[{"utility":16,"ID":6},{"utility":83,"ID":24}],[],[],[],[],[],[],[],[],[],[],[]],"STARTING COALITION: ":[[null],[],[],[{"utility":21.333333333333332,"ID":3},{"utility":0,"ID":11},{"utility":0,"ID":18},{"utility":21,"ID":21}],[{"utility":0,"ID":1},{"utility":0,"ID":12},{"utility":29,"ID":14}],[{"utility":9,"ID":4},{"utility":0,"ID":6}],[{"utility":0,"ID":10},{"utility":54,"ID":16},{"utility":45.333333333333336,"ID":17},{"utility":0,"ID":20}],[{"utility":0,"ID":2},{"utility":0,"ID":9},{"utility":0,"ID":13},{"utility":0,"ID":19}],[{"utility":96,"ID":7},{"utility":82,"ID":8}],[{"utility":0,"ID":23}],[{"utility":0,"ID":22}],[],[{"utility":0,"ID":5},{"utility":30.666666666666668,"ID":15},{"utility":32,"ID":24},{"utility":29.666666666666668,"ID":25}],[],[],[],[],[],[],[],[],[],[],[],[],[]],"CORE :":true,"LAST PARTITION":{"22":13,"23":9,"24":14,"25":5,"10":6,"11":5,"12":12,"13":7,"14":4,"15":2,"16":6,"17":10,"18":11,"19":12,"1":1,"2":2,"3":13,"4":10,"5":11,"6":14,"7":8,"8":8,"9":7,"20":6,"21":3}},{"STARTING PARTITION: ":{"22":2,"23":5,"24":8,"25":8,"10":10,"11":10,"12":5,"13":9,"14":2,"15":12,"16":6,"17":12,"18":3,"19":2,"1":12,"2":11,"3":11,"4":7,"5":7,"6":12,"7":2,"8":11,"9":5,"20":7,"21":5},"Agents":[null,{"utility":0,"ID":1},{"utility":57,"ID":2},{"utility":64,"ID":3},{"utility":71,"ID":4},{"utility":44,"ID":5},{"utility":16,"ID":6},{"utility":96,"ID":7},{"utility":82,"ID":8},{"utility":13,"ID":9},{"utility":0,"ID":10},{"utility":82,"ID":11},{"utility":0,"ID":12},{"utility":0,"ID":13},{"utility":0,"ID":14},{"utility":73,"ID":15},{"utility":0,"ID":16},{"utility":92,"ID":17},{"utility":24,"ID":18},{"utility":85,"ID":19},{"utility":0,"ID":20},{"utility":0,"ID":21},{"utility":36,"ID":22},{"utility":24.333333333333332,"ID":23},{"utility":83,"ID":24},{"utility":45,"ID":25}],"LAST COALITION":[[],[{"utility":0,"ID":1}],[{"utility":0,"ID":14},{"utility":85,"ID":19}],[{"utility":82,"ID":11},{"utility":45,"ID":25}],[{"utility":16,"ID":6},{"utility":83,"ID":24}],[{"utility":13,"ID":9},{"utility":0,"ID":12},{"utility":0,"ID":21},{"utility":24.333333333333332,"ID":23}],[{"utility":0,"ID":16}],[{"utility":0,"ID":20}],[],[{"utility":0,"ID":13}],[{"utility":0,"ID":10}],[{"utility":64,"ID":3},{"utility":36,"ID":22}],[{"utility":96,"ID":7},{"utility":82,"ID":8}],[{"utility":57,"ID":2},{"utility":73,"ID":15}],[{"utility":44,"ID":5},{"utility":24,"ID":18}],[{"utility":71,"ID":4},{"utility":92,"ID":17}],[],[],[],[],[],[],[],[],[],[]],"STARTING COALITION: ":[[null],[],[{"utility":0,"ID":7},{"utility":0,"ID":14},{"utility":34.666666666666664,"ID":19},{"utility":35,"ID":22}],[{"utility":0,"ID":18}],[],[{"utility":13,"ID":9},{"utility":0,"ID":12},{"utility":0,"ID":21},{"utility":24.333333333333332,"ID":23}],[{"utility":0,"ID":16}],[{"utility":0,"ID":4},{"utility":1.5,"ID":5},{"utility":0,"ID":20}],[{"utility":0,"ID":24},{"utility":0,"ID":25}],[{"utility":0,"ID":13}],[{"utility":36,"ID":10},{"utility":0,"ID":11}],[{"utility":19.5,"ID":2},{"utility":0,"ID":3},{"utility":9.5,"ID":8}],[{"utility":0,"ID":1},{"utility":0,"ID":6},{"utility":20,"ID":15},{"utility":0,"ID":17}],[],[],[],[],[],[],[],[],[],[],[],[],[]],"CORE :":true,"LAST PARTITION":{"22":11,"23":5,"24":4,"25":3,"10":10,"11":3,"12":5,"13":9,"14":2,"15":13,"16":6,"17":15,"18":14,"19":2,"1":1,"2":13,"3":11,"4":15,"5":14,"6":4,"7":12,"8":12,"9":5,"20":7,"21":5}},{"STARTING PARTITION: ":{"22":4,"23":10,"24":3,"25":9,"10":4,"11":3,"12":7,"13":12,"14":3,"15":2,"16":5,"17":10,"18":10,"19":4,"1":5,"2":4,"3":2,"4":7,"5":8,"6":3,"7":12,"8":1,"9":2,"20":10,"21":10},"Agents":[null,{"utility":0,"ID":1},{"utility":57,"ID":2},{"utility":64,"ID":3},{"utility":71,"ID":4},{"utility":44,"ID":5},{"utility":16,"ID":6},{"utility":96,"ID":7},{"utility":82,"ID":8},{"utility":0,"ID":9},{"utility":0,"ID":10},{"utility":82,"ID":11},{"utility":44,"ID":12},{"utility":0,"ID":13},{"utility":0,"ID":14},{"utility":73,"ID":15},{"utility":0,"ID":16},{"utility":92,"ID":17},{"utility":24,"ID":18},{"utility":79,"ID":19},{"utility":0,"ID":20},{"utility":12,"ID":21},{"utility":36,"ID":22},{"utility":85.5,"ID":23},{"utility":83,"ID":24},{"utility":45,"ID":25}],"LAST COALITION":[[],[{"utility":57,"ID":2},{"utility":73,"ID":15}],[{"utility":0,"ID":9}],[{"utility":0,"ID":14}],[{"utility":0,"ID":10}],[{"utility":0,"ID":16}],[{"utility":0,"ID":1}],[],[{"utility":82,"ID":11},{"utility":45,"ID":25}],[{"utility":16,"ID":6},{"utility":83,"ID":24}],[{"utility":0,"ID":20},{"utility":12,"ID":21},{"utility":85.5,"ID":23}],[{"utility":44,"ID":5},{"utility":24,"ID":18}],[{"utility":0,"ID":13}],[{"utility":64,"ID":3},{"utility":36,"ID":22}],[{"utility":71,"ID":4},{"utility":92,"ID":17}],[{"utility":96,"ID":7},{"utility":82,"ID":8}],[{"utility":44,"ID":12},{"utility":79,"ID":19}],[],[],[],[],[],[],[],[],[]],"STARTING COALITION: ":[[null],[{"utility":0,"ID":8}],[{"utility":0,"ID":3},{"utility":19,"ID":9},{"utility":0,"ID":15}],[{"utility":5.333333333333333,"ID":6},{"utility":0,"ID":11},{"utility":0,"ID":14},{"utility":27.666666666666668,"ID":24}],[{"utility":0,"ID":2},{"utility":0,"ID":10},{"utility":6.333333333333333,"ID":19},{"utility":15.666666666666666,"ID":22}],[{"utility":2,"ID":1},{"utility":0,"ID":16}],[],[{"utility":26,"ID":4},{"utility":0,"ID":12}],[{"utility":0,"ID":5}],[{"utility":0,"ID":25}],[{"utility":16.25,"ID":17},{"utility":0,"ID":18},{"utility":17.25,"ID":20},{"utility":6,"ID":21},{"utility":42.75,"ID":23}],[],[{"utility":0,"ID":7},{"utility":0,"ID":13}],[],[],[],[],[],[],[],[],[],[],[],[],[]],"CORE :":true,"LAST PARTITION":{"22":13,"23":10,"24":9,"25":8,"10":4,"11":8,"12":16,"13":12,"14":3,"15":1,"16":5,"17":14,"18":11,"19":16,"1":6,"2":1,"3":13,"4":14,"5":11,"6":9,"7":15,"8":15,"9":2,"20":10,"21":10}},{"STARTING PARTITION: ":{"22":5,"23":6,"24":12,"25":12,"10":7,"11":4,"12":1,"13":6,"14":8,"15":1,"16":3,"17":5,"18":6,"19":12,"1":2,"2":10,"3":9,"4":12,"5":12,"6":3,"7":4,"8":4,"9":1,"20":10,"21":2},"Agents":[null,{"utility":0,"ID":1},{"utility":57,"ID":2},{"utility":64,"ID":3},{"utility":71,"ID":4},{"utility":44,"ID":5},{"utility":16,"ID":6},{"utility":96,"ID":7},{"utility":82,"ID":8},{"utility":0,"ID":9},{"utility":0,"ID":10},{"utility":82,"ID":11},{"utility":44,"ID":12},{"utility":0,"ID":13},{"utility":0,"ID":14},{"utility":73,"ID":15},{"utility":0,"ID":16},{"utility":92,"ID":17},{"utility":24,"ID":18},{"utility":79,"ID":19},{"utility":0,"ID":20},{"utility":0,"ID":21},{"utility":36,"ID":22},{"utility":0,"ID":23},{"utility":83,"ID":24},{"utility":45,"ID":25}],"LAST COALITION":[[],[{"utility":0,"ID":9}],[{"utility":0,"ID":21}],[{"utility":0,"ID":16}],[{"utility":44,"ID":12},{"utility":79,"ID":19}],[{"utility":71,"ID":4},{"utility":92,"ID":17}],[{"utility":0,"ID":13},{"utility":0,"ID":23}],[{"utility":0,"ID":10}],[{"utility":0,"ID":14}],[{"utility":64,"ID":3},{"utility":36,"ID":22}],[{"utility":0,"ID":20}],[{"utility":0,"ID":1}],[],[{"utility":57,"ID":2},{"utility":73,"ID":15}],[{"utility":44,"ID":5},{"utility":24,"ID":18}],[{"utility":16,"ID":6},{"utility":83,"ID":24}],[],[{"utility":82,"ID":11},{"utility":45,"ID":25}],[{"utility":96,"ID":7},{"utility":82,"ID":8}],[],[],[],[],[],[],[]],"STARTING COALITION: ":[[null],[{"utility":0,"ID":9},{"utility":0,"ID":12},{"utility":0,"ID":15}],[{"utility":0,"ID":1},{"utility":49,"ID":21}],[{"utility":0,"ID":6},{"utility":0,"ID":16}],[{"utility":64.5,"ID":7},{"utility":89,"ID":8},{"utility":0,"ID":11}],[{"utility":0,"ID":17},{"utility":0,"ID":22}],[{"utility":14,"ID":13},{"utility":0,"ID":18},{"utility":0,"ID":23}],[{"utility":0,"ID":10}],[{"utility":0,"ID":14}],[{"utility":0,"ID":3}],[{"utility":50,"ID":2},{"utility":0,"ID":20}],[],[{"utility":31.75,"ID":4},{"utility":0,"ID":5},{"utility":0,"ID":19},{"utility":24,"ID":24},{"utility":0,"ID":25}],[],[],[],[],[],[],[],[],[],[],[],[],[]],"CORE :":true,"LAST PARTITION":{"22":9,"23":6,"24":15,"25":17,"10":7,"11":17,"12":4,"13":6,"14":8,"15":13,"16":3,"17":5,"18":14,"19":4,"1":11,"2":13,"3":9,"4":5,"5":14,"6":15,"7":18,"8":18,"9":1,"20":10,"21":2}},{"END OF FILE:" : true}]