[{"STARTING PARTITION: ":{"22":4,"23":12,"24":10,"25":4,"10":1,"11":9,"12":10,"13":6,"14":9,"15":11,"16":12,"17":3,"18":12,"19":7,"1":9,"2":2,"3":1,"4":11,"5":1,"6":12,"7":11,"8":2,"9":12,"20":9,"21":7},"Agents":[null,{"utility":0,"ID":1},{"utility":34,"ID":2},{"utility":0,"ID":3},{"utility":0,"ID":4},{"utility":96,"ID":5},{"utility":68,"ID":6},{"utility":39,"ID":7},{"utility":0,"ID":8},{"utility":74,"ID":9},{"utility":76,"ID":10},{"utility":26,"ID":11},{"utility":0,"ID":12},{"utility":5,"ID":13},{"utility":82,"ID":14},{"utility":1,"ID":15},{"utility":0,"ID":16},{"utility":66,"ID":17},{"utility":99,"ID":18},{"utility":65,"ID":19},{"utility":20,"ID":20},{"utility":77,"ID":21},{"utility":30,"ID":22},{"utility":85,"ID":23},{"utility":89,"ID":24},{"utility":75,"ID":25}],"LAST COALITION":[[],[{"utility":26,"ID":11},{"utility":89,"ID":24}],[{"utility":34,"ID":2},{"utility":0,"ID":8}],[{"utility":5,"ID":13},{"utility":75,"ID":25}],[{"utility":1,"ID":15},{"utility":20,"ID":20}],[{"utility":0,"ID":1}],[{"utility":82,"ID":14},{"utility":85,"ID":23}],[],[{"utility":0,"ID":3}],[{"utility":66,"ID":17},{"utility":77,"ID":21}],[{"utility":0,"ID":12}],[{"utility":0,"ID":4}],[{"utility":0,"ID":16}],[{"utility":96,"ID":5},{"utility":30,"ID":22}],[{"utility":68,"ID":6},{"utility":99,"ID":18}],[{"utility":39,"ID":7},{"utility":65,"ID":19}],[{"utility":74,"ID":9},{"utility":76,"ID":10}],[],[],[],[],[],[],[],[],[]],"STARTING COALITION: ":[[null],[{"utility":0,"ID":3},{"utility":0,"ID":5},{"utility":0,"ID":10}],[{"utility":34,"ID":2},{"utility":0,"ID":8}],[{"utility":0,"ID":17}],[{"utility":0,"ID":22},{"utility":0,"ID":25}],[],[{"utility":0,"ID":13}],[{"utility":38,"ID":19},{"utility":0,"ID":21}],[],[{"utility":0,"ID":1},{"utility":0,"ID":11},{"utility":0,"ID":14},{"utility":0,"ID":20}],[{"utility":0,"ID":12},{"utility":79,"ID":24}],[{"utility":13.5,"ID":4},{"utility":0,"ID":7},{"utility":0,"ID":15}],[{"utility":17,"ID":6},{"utility":31.75,"ID":9},{"utility":21.25,"ID":16},{"utility":31.25,"ID":18},{"utility":10.5,"ID":23}],[],[],[],[],[],[],[],[],[],[],[],[],[]],"CORE :":true,"LAST PARTITION":{"22":13,"23":6,"24":1,"25":3,"10":16,"11":1,"12":10,"13":3,"14":6,"15":4,"16":12,"17":9,"18":14,"19":15,"1":5,"2":2,"3":8,"4":11,"5":13,"6":14,"7":15,"8":2,"9":16,"20":4,"21":9}},{"STARTING PARTITION: ":{"22":11,"23":12,"24":10,"25":3,"10":7,"11":10,"12":1,"13":8,"14":5,"15":1,"16":12,"17":5,"18":12,"19":11,"1":12,"2":2,"3":5,"4":8,"5":6,"6":3,"7":5,"8":8,"9":9,"20":9,"21":9},"Agents":[null,{"utility":0,"ID":1},{"utility":0,"ID":2},{"utility":0,"ID":3},{"utility":0,"ID":4},{"utility":96,"ID":5},{"utility":68,"ID":6},{"utility":39,"ID":7},{"utility":0,"ID":8},{"utility":74,"ID":9},{"utility":76,"ID":10},{"utility":26,"ID":11},{"utility":0,"ID":12},{"utility":5,"ID":13},{"utility":82,"ID":14},{"utility":1,"ID":15},{"utility":0,"ID":16},{"utility":66,"ID":17},{"utility":99,"ID":18},{"utility":65,"ID":19},{"utility":20,"ID":20},{"utility":77,"ID":21},{"utility":30,"ID":22},{"utility":85,"ID":23},{"utility":89,"ID":24},{"utility":75,"ID":25}],"LAST COALITION":[[],[{"utility":0,"ID":12}],[{"utility":0,"ID":2}],[{"utility":1,"ID":15},{"utility":20,"ID":20}],[{"utility":0,"ID":1}],[{"utility":82,"ID":14},{"utility":85,"ID":23}],[{"utility":96,"ID":5},{"utility":30,"ID":22}],[{"utility":0,"ID":3}],[{"utility":0,"ID":4},{"utility":0,"ID":8}],[],[{"utility":26,"ID":11},{"utility":89,"ID":24}],[{"utility":74,"ID":9},{"utility":76,"ID":10}],[{"utility":0,"ID":16}],[{"utility":5,"ID":13},{"utility":75,"ID":25}],[{"utility":66,"ID":17},{"utility":77,"ID":21}],[{"utility":68,"ID":6},{"utility":99,"ID":18}],[{"utility":39,"ID":7},{"utility":65,"ID":19}],[],[],[],[],[],[],[],[],[]],"STARTING COALITION: ":[[null],[{"utility":0,"ID":12},{"utility":0,"ID":15}],[{"utility":0,"ID":2}],[{"utility":0,"ID":6},{"utility":0,"ID":25}],[],[{"utility":29.333333333333332,"ID":3},{"utility":0,"ID":7},{"utility":0,"ID":14},{"utility":2.3333333333333335,"ID":17}],[{"utility":0,"ID":5}],[{"utility":0,"ID":10}],[{"utility":0,"ID":4},{"utility":36.5,"ID":8},{"utility":38,"ID":13}],[{"utility":0,"ID":9},{"utility":42.5,"ID":20},{"utility":0,"ID":21}],[{"utility":26,"ID":11},{"utility":89,"ID":24}],[{"utility":68,"ID":19},{"utility":0,"ID":22}],[{"utility":23,"ID":1},{"utility":8.333333333333334,"ID":16},{"utility":8.666666666666666,"ID":18},{"utility":14,"ID":23}],[],[],[],[],[],[],[],[],[],[],[],[],[]],"CORE :":true,"LAST PARTITION":{"22":6,"23":5,"24":10,"25":13,"10":11,"11":10,"12":1,"13":13,"14":5,"15":3,"16":12,"17":14,"18":15,"19":16,"1":4,"2":2,"3":7,"4":8,"5":6,"6":15,"7":16,"8":8,"9":11,"20":3,"21":14}},{"STARTING PARTITION: ":{"22":4,"23":9,"24":5,"25":11,"10":5,"11":12,"12":1,"13":7,"14":10,"15":7,"16":6,"17":9,"18":3,"19":4,"1":11,"2":12,"3":7,"4":4,"5":8,"6":3,"7":9,"8":2,"9":6,"20":8,"21":11},"Agents":[null,{"utility":0,"ID":1},{"utility":0,"ID":2},{"utility":0,"ID":3},{"utility":0,"ID":4},{"utility":96,"ID":5},{"utility":68,"ID":6},{"utility":0,"ID":7},{"utility":0,"ID":8},{"utility":74,"ID":9},{"utility":76,"ID":10},{"utility":68,"ID":11},{"utility":0,"ID":12},{"utility":5,"ID":13},{"utility":82,"ID":14},{"utility":1,"ID":15},{"utility":0,"ID":16},{"utility":66,"ID":17},{"utility":99,"ID":18},{"utility":90,"ID":19},{"utility":20,"ID":20},{"utility":77,"ID":21},{"utility":30,"ID":22},{"utility":85,"ID":23},{"utility":0,"ID":24},{"utility":75,"ID":25}],"LAST COALITION":[[],[{"utility":0,"ID":12}],[{"utility":0,"ID":8}],[{"utility":68,"ID":6},{"utility":99,"ID":18}],[{"utility":0,"ID":4},{"utility":90,"ID":19}],[{"utility":0,"ID":24}],[{"utility":0,"ID":16}],[{"utility":66,"ID":17},{"utility":77,"ID":21}],[],[{"utility":0,"ID":7}],[{"utility":82,"ID":14},{"utility":85,"ID":23}],[],[{"utility":0,"ID":2},{"utility":68,"ID":11}],[{"utility":0,"ID":1}],[{"utility":5,"ID":13},{"utility":75,"ID":25}],[{"utility":96,"ID":5},{"utility":30,"ID":22}],[{"utility":74,"ID":9},{"utility":76,"ID":10}],[{"utility":1,"ID":15},{"utility":20,"ID":20}],[{"utility":0,"ID":3}],[],[],[],[],[],[],[]],"STARTING COALITION: ":[[null],[{"utility":0,"ID":12}],[{"utility":0,"ID":8}],[{"utility":68,"ID":6},{"utility":99,"ID":18}],[{"utility":0,"ID":4},{"utility":79,"ID":19},{"utility":0,"ID":22}],[{"utility":44,"ID":10},{"utility":0,"ID":24}],[{"utility":44,"ID":9},{"utility":60,"ID":16}],[{"utility":35,"ID":3},{"utility":1.5,"ID":13},{"utility":10.5,"ID":15}],[{"utility":0,"ID":5},{"utility":25,"ID":20}],[{"utility":20.5,"ID":7},{"utility":37.5,"ID":17},{"utility":0,"ID":23}],[{"utility":0,"ID":14}],[{"utility":0,"ID":1},{"utility":31,"ID":21},{"utility":0,"ID":25}],[{"utility":0,"ID":2},{"utility":68,"ID":11}],[],[],[],[],[],[],[],[],[],[],[],[],[]],"CORE :":true,"LAST PARTITION":{"22":15,"23":10,"24":5,"25":14,"10":16,"11":12,"12":1,"13":14,"14":10,"15":17,"16":6,"17":7,"18":3,"19":4,"1":13,"2":12,"3":18,"4":4,"5":15,"6":3,"7":9,"8":2,"9":16,"20":17,"21":7}},{"STARTING PARTITION: ":{"22":1,"23":10,"24":12,"25":3,"10":5,"11":7,"12":8,"13":4,"14":6,"15":5,"16":5,"17":6,"18":5,"19":6,"1":7,"2":9,"3":3,"4":9,"5":6,"6":6,"7":2,"8":12,"9":3,"20":7,"21":8},"Agents":[null,{"utility":0,"ID":1},{"utility":0,"ID":2},{"utility":0,"ID":3},{"utility":0,"ID":4},{"utility":96,"ID":5},{"utility":68,"ID":6},{"utility":39,"ID":7},{"utility":0,"ID":8},{"utility":74,"ID":9},{"utility":76,"ID":10},{"utility":26,"ID":11},{"utility":0,"ID":12},{"utility":5,"ID":13},{"utility":82,"ID":14},{"utility":1,"ID":15},{"utility":0,"ID":16},{"utility":66,"ID":17},{"utility":99,"ID":18},{"utility":65,"ID":19},{"utility":20,"ID":20},{"utility":77,"ID":21},{"utility":30,"ID":22},{"utility":85,"ID":23},{"utility":89,"ID":24},{"utility":75,"ID":25}],"LAST COALITION":[[],[{"utility":26,"ID":11},{"utility":89,"ID":24}],[{"utility":74,"ID":9},{"utility":76,"ID":10}],[{"utility":1,"ID":15},{"utility":20,"ID":20}],[{"utility":82,"ID":14},{"utility":85,"ID":23}],[{"utility":0,"ID":16}],[{"utility":66,"ID":17},{"utility":77,"ID":21}],[],[{"utility":0,"ID":12}],[{"utility":0,"ID":2},{"utility":0,"ID":4}],[{"utility":5,"ID":13},{"utility":75,"ID":25}],[{"utility":0,"ID":1}],[{"utility":0,"ID":8}],[],[{"utility":96,"ID":5},{"utility":30,"ID":22}],[{"utility":68,"ID":6},{"utility":99,"ID":18}],[{"utility":39,"ID":7},{"utility":65,"ID":19}],[{"utility":0,"ID":3}],[],[],[],[],[],[],[],[]],"STARTING COALITION: ":[[null],[{"utility":0,"ID":22}],[{"utility":0,"ID":7}],[{"utility":46.5,"ID":3},{"utility":2,"ID":9},{"utility":10.5,"ID":25}],[{"utility":0,"ID":13}],[{"utility":0,"ID":10},{"utility":27.666666666666668,"ID":15},{"utility":8.333333333333334,"ID":16},{"utility":8.666666666666666,"ID":18}],[{"utility":0,"ID":5},{"utility":0,"ID":6},{"utility":5.5,"ID":14},{"utility":2.25,"ID":17},{"utility":0,"ID":19}],[{"utility":0,"ID":1},{"utility":0,"ID":11},{"utility":0,"ID":20}],[{"utility":0,"ID":12},{"utility":0,"ID":21}],[{"utility":0,"ID":2},{"utility":0,"ID":4}],[{"utility":0,"ID":23}],[],[{"utility":0,"ID":8},{"utility":0,"ID":24}],[],[],[],[],[],[],[],[],[],[],[],[],[]],"CORE :":true,"LAST PARTITION":{"22":14,"23":4,"24":1,"25":10,"10":2,"11":1,"12":8,"13":10,"14":4,"15":3,"16":5,"17":6,"18":15,"19":16,"1":11,"2":9,"3":17,"4":9,"5":14,"6":15,"7":16,"8":12,"9":2,"20":3,"21":6}},{"STARTING PARTITION: ":{"22":2,"23":9,"24":7,"25":2,"10":1,"11":10,"12":2,"13":11,"14":11,"15":8,"16":7,"17":9,"18":11,"19":5,"1":9,"2":11,"3":10,"4":6,"5":9,"6":8,"7":10,"8":12,"9":4,"20":6,"21":2},"Agents":[null,{"utility":0,"ID":1},{"utility":0,"ID":2},{"utility":0,"ID":3},{"utility":0,"ID":4},{"utility":96,"ID":5},{"utility":68,"ID":6},{"utility":39,"ID":7},{"utility":0,"ID":8},{"utility":74,"ID":9},{"utility":76,"ID":10},{"utility":26,"ID":11},{"utility":0,"ID":12},{"utility":5,"ID":13},{"utility":82,"ID":14},{"utility":1,"ID":15},{"utility":0,"ID":16},{"utility":66,"ID":17},{"utility":99,"ID":18},{"utility":65,"ID":19},{"utility":20,"ID":20},{"utility":77,"ID":21},{"utility":30,"ID":22},{"utility":85,"ID":23},{"utility":89,"ID":24},{"utility":75,"ID":25}],"LAST COALITION":[[],[{"utility":26,"ID":11},{"utility":89,"ID":24}],[{"utility":0,"ID":12}],[{"utility":66,"ID":17},{"utility":77,"ID":21}],[{"utility":5,"ID":13},{"utility":75,"ID":25}],[{"utility":74,"ID":9},{"utility":76,"ID":10}],[{"utility":0,"ID":4}],[{"utility":0,"ID":16}],[{"utility":39,"ID":7},{"utility":65,"ID":19}],[{"utility":0,"ID":1}],[{"utility":1,"ID":15},{"utility":20,"ID":20}],[{"utility":0,"ID":2}],[{"utility":0,"ID":8}],[{"utility":96,"ID":5},{"utility":30,"ID":22}],[{"utility":68,"ID":6},{"utility":99,"ID":18}],[{"utility":82,"ID":14},{"utility":85,"ID":23}],[{"utility":0,"ID":3}],[],[],[],[],[],[],[],[],[]],"STARTING COALITION: ":[[null],[{"utility":0,"ID":10}],[{"utility":15.333333333333334,"ID":12},{"utility":0,"ID":21},{"utility":22.333333333333332,"ID":22},{"utility":0,"ID":25}],[],[{"utility":0,"ID":9}],[{"utility":0,"ID":19}],[{"utility":77,"ID":4},{"utility":0,"ID":20}],[{"utility":94,"ID":16},{"utility":0,"ID":24}],[{"utility":0,"ID":6},{"utility":0,"ID":15}],[{"utility":0,"ID":1},{"utility":0,"ID":5},{"utility":28,"ID":17},{"utility":0,"ID":23}],[{"utility":0,"ID":3},{"utility":0,"ID":7},{"utility":0,"ID":11}],[{"utility":17.333333333333332,"ID":2},{"utility":43,"ID":13},{"utility":2.3333333333333335,"ID":14},{"utility":0,"ID":18}],[{"utility":0,"ID":8}],[],[],[],[],[],[],[],[],[],[],[],[],[]],"CORE :":true,"LAST PARTITION":{"22":13,"23":15,"24":1,"25":4,"10":5,"11":1,"12":2,"13":4,"14":15,"15":10,"16":7,"17":3,"18":14,"19":8,"1":9,"2":11,"3":16,"4":6,"5":13,"6":14,"7":8,"8":12,"9":5,"20":10,"21":3}},{"STARTING PARTITION: ":{"22":7,"23":4,"24":3,"25":12,"10":3,"11":6,"12":4,"13":1,"14":5,"15":4,"16":8,"17":5,"18":3,"19":5,"1":1,"2":8,"3":6,"4":8,"5":11,"6":11,"7":3,"8":8,"9":9,"20":3,"21":3},"Agents":[null,{"utility":0,"ID":1},{"utility":14.333333333333334,"ID":2},{"utility":0,"ID":3},{"utility":0,"ID":4},{"utility":96,"ID":5},{"utility":68,"ID":6},{"utility":39,"ID":7},{"utility":0,"ID":8},{"utility":74,"ID":9},{"utility":76,"ID":10},{"utility":26,"ID":11},{"utility":0,"ID":12},{"utility":5,"ID":13},{"utility":82,"ID":14},{"utility":1,"ID":15},{"utility":22.333333333333332,"ID":16},{"utility":66,"ID":17},{"utility":99,"ID":18},{"utility":65,"ID":19},{"utility":20,"ID":20},{"utility":77,"ID":21},{"utility":30,"ID":22},{"utility":85,"ID":23},{"utility":89,"ID":24},{"utility":75,"ID":25}],"LAST COALITION":[[],[{"utility":82,"ID":14},{"utility":85,"ID":23}],[{"utility":0,"ID":1}],[],[{"utility":0,"ID":12}],[{"utility":66,"ID":17},{"utility":77,"ID":21}],[{"utility":5,"ID":13},{"utility":75,"ID":25}],[{"utility":26,"ID":11},{"utility":89,"ID":24}],[{"utility":14.333333333333334,"ID":2},{"utility":0,"ID":4},{"utility":0,"ID":8},{"utility":22.333333333333332,"ID":16}],[{"utility":1,"ID":15},{"utility":20,"ID":20}],[{"utility":96,"ID":5},{"utility":30,"ID":22}],[{"utility":39,"ID":7},{"utility":65,"ID":19}],[],[{"utility":68,"ID":6},{"utility":99,"ID":18}],[{"utility":74,"ID":9},{"utility":76,"ID":10}],[{"utility":0,"ID":3}],[],[],[],[],[],[],[],[],[],[]],"STARTING COALITION: ":[[null],[{"utility":0,"ID":1},{"utility":12,"ID":13}],[],[{"utility":19.2,"ID":7},{"utility":8.8,"ID":10},{"utility":8.2,"ID":18},{"utility":35.8,"ID":20},{"utility":15.6,"ID":21},{"utility":0,"ID":24}],[{"utility":0,"ID":12},{"utility":0,"ID":15},{"utility":19,"ID":23}],[{"utility":0,"ID":14},{"utility":0,"ID":17},{"utility":0,"ID":19}],[{"utility":0,"ID":3},{"utility":0,"ID":11}],[{"utility":0,"ID":22}],[{"utility":14.333333333333334,"ID":2},{"utility":0,"ID":4},{"utility":0,"ID":8},{"utility":22.333333333333332,"ID":16}],[{"utility":0,"ID":9}],[],[{"utility":0,"ID":5},{"utility":0,"ID":6}],[{"utility":0,"ID":25}],[],[],[],[],[],[],[],[],[],[],[],[],[]],"CORE :":true,"LAST PARTITION":{"22":10,"23":1,"24":7,"25":6,"10":14,"11":7,"12":4,"13":6,"14":1,"15":9,"16":8,"17":5,"18":13,"19":11,"1":2,"2":8,"3":15,"4":8,"5":10,"6":13,"7":11,"8":8,"9":14,"20":9,"21":5}},{"STARTING PARTITION: ":{"22":4,"23":5,"24":9,"25":8,"10":12,"11":12,"12":11,"13":10,"14":10,"15":9,"16":7,"17":7,"18":10,"19":5,"1":3,"2":10,"3":1,"4":5,"5":2,"6":8,"7":8,"8":4,"9":3,"20":7,"21":8},"Agents":[null,{"utility":0,"ID":1},{"utility":0,"ID":2},{"utility":0,"ID":3},{"utility":0,"ID":4},{"utility":96,"ID":5},{"utility":68,"ID":6},{"utility":39,"ID":7},{"utility":0,"ID":8},{"utility":74,"ID":9},{"utility":76,"ID":10},{"utility":26,"ID":11},{"utility":0,"ID":12},{"utility":5,"ID":13},{"utility":82,"ID":14},{"utility":1,"ID":15},{"utility":0,"ID":16},{"utility":66,"ID":17},{"utility":99,"ID":18},{"utility":65,"ID":19},{"utility":20,"ID":20},{"utility":77,"ID":21},{"utility":30,"ID":22},{"utility":85,"ID":23},{"utility":89,"ID":24},{"utility":75,"ID":25}],"LAST COALITION":[[],[{"utility":5,"ID":13},{"utility":75,"ID":25}],[{"utility":96,"ID":5},{"utility":30,"ID":22}],[{"utility":68,"ID":6},{"utility":99,"ID":18}],[{"utility":0,"ID":8}],[{"utility":0,"ID":4}],[{"utility":0,"ID":1}],[{"utility":0,"ID":16}],[],[{"utility":1,"ID":15},{"utility":20,"ID":20}],[{"utility":0,"ID":2}],[{"utility":0,"ID":12}],[{"utility":82,"ID":14},{"utility":85,"ID":23}],[{"utility":0,"ID":3}],[{"utility":39,"ID":7},{"utility":65,"ID":19}],[{"utility":74,"ID":9},{"utility":76,"ID":10}],[{"utility":26,"ID":11},{"utility":89,"ID":24}],[{"utility":66,"ID":17},{"utility":77,"ID":21}],[],[],[],[],[],[],[],[]],"STARTING COALITION: ":[[null],[{"utility":0,"ID":3}],[{"utility":0,"ID":5}],[{"utility":0,"ID":1},{"utility":0,"ID":9}],[{"utility":0,"ID":8},{"utility":0,"ID":22}],[{"utility":0,"ID":4},{"utility":45,"ID":19},{"utility":0,"ID":23}],[],[{"utility":0,"ID":16},{"utility":27.5,"ID":17},{"utility":0,"ID":20}],[{"utility":0,"ID":6},{"utility":0,"ID":7},{"utility":0,"ID":21},{"utility":0,"ID":25}],[{"utility":0,"ID":15},{"utility":9,"ID":24}],[{"utility":17.333333333333332,"ID":2},{"utility":43,"ID":13},{"utility":2.3333333333333335,"ID":14},{"utility":0,"ID":18}],[{"utility":0,"ID":12}],[{"utility":64,"ID":10},{"utility":0,"ID":11}],[],[],[],[],[],[],[],[],[],[],[],[],[]],"CORE :":true,"LAST PARTITION":{"22":2,"23":12,"24":16,"25":1,"10":15,"11":16,"12":11,"13":1,"14":12,"15":9,"16":7,"17":17,"18":3,"19":14,"1":6,"2":10,"3":13,"4":5,"5":2,"6":3,"7":14,"8":4,"9":15,"20":9,"21":17}},{"STARTING PARTITION: ":{"22":6,"23":12,"24":8,"25":5,"10":5,"11":4,"12":11,"13":4,"14":10,"15":12,"16":9,"17":5,"18":11,"19":11,"1":4,"2":7,"3":12,"4":11,"5":8,"6":6,"7":10,"8":11,"9":8,"20":12,"21":7},"Agents":[null,{"utility":0,"ID":1},{"utility":0,"ID":2},{"utility":0,"ID":3},{"utility":19,"ID":4},{"utility":96,"ID":5},{"utility":68,"ID":6},{"utility":39,"ID":7},{"utility":11,"ID":8},{"utility":74,"ID":9},{"utility":76,"ID":10},{"utility":26,"ID":11},{"utility":0,"ID":12},{"utility":5,"ID":13},{"utility":82,"ID":14},{"utility":1,"ID":15},{"utility":0,"ID":16},{"utility":66,"ID":17},{"utility":99,"ID":18},{"utility":65,"ID":19},{"utility":20,"ID":20},{"utility":77,"ID":21},{"utility":30,"ID":22},{"utility":85,"ID":23},{"utility":89,"ID":24},{"utility":75,"ID":25}],"LAST COALITION":[[],[{"utility":0,"ID":1}],[{"utility":26,"ID":11},{"utility":89,"ID":24}],[{"utility":5,"ID":13},{"utility":75,"ID":25}],[{"utility":82,"ID":14},{"utility":85,"ID":23}],[{"utility":1,"ID":15},{"utility":20,"ID":20}],[{"utility":39,"ID":7},{"utility":65,"ID":19}],[{"utility":0,"ID":2}],[{"utility":66,"ID":17},{"utility":77,"ID":21}],[{"utility":0,"ID":16}],[],[{"utility":19,"ID":4},{"utility":11,"ID":8},{"utility":0,"ID":12}],[],[{"utility":96,"ID":5},{"utility":30,"ID":22}],[{"utility":68,"ID":6},{"utility":99,"ID":18}],[{"utility":74,"ID":9},{"utility":76,"ID":10}],[{"utility":0,"ID":3}],[],[],[],[],[],[],[],[],[]],"STARTING COALITION: ":[[null],[],[],[],[{"utility":0,"ID":1},{"utility":0,"ID":11},{"utility":6,"ID":13}],[{"utility":0,"ID":10},{"utility":0,"ID":17},{"utility":0,"ID":25}],[{"utility":0,"ID":6},{"utility":0,"ID":22}],[{"utility":0,"ID":2},{"utility":0,"ID":21}],[{"utility":6.5,"ID":5},{"utility":0,"ID":9},{"utility":0,"ID":24}],[{"utility":0,"ID":16}],[{"utility":0,"ID":7},{"utility":0,"ID":14}],[{"utility":9.5,"ID":4},{"utility":5.5,"ID":8},{"utility":0,"ID":12},{"utility":18.5,"ID":18},{"utility":39,"ID":19}],[{"utility":23.333333333333332,"ID":3},{"utility":0.3333333333333333,"ID":15},{"utility":6.666666666666667,"ID":20},{"utility":31,"ID":23}],[],[],[],[],[],[],[],[],[],[],[],[],[]],"CORE :":true,"LAST PARTITION":{"22":13,"23":4,"24":2,"25":3,"10":15,"11":2,"12":11,"13":3,"14":4,"15":5,"16":9,"17":8,"18":14,"19":6,"1":1,"2":7,"3":16,"4":11,"5":13,"6":14,"7":6,"8":11,"9":15,"20":5,"21":8}},{"STARTING PARTITION: ":{"22":5,"23":6,"24":11,"25":6,"10":10,"11":1,"12":4,"13":8,"14":4,"15":8,"16":12,"17":12,"18":9,"19":8,"1":9,"2":7,"3":12,"4":1,"5":5,"6":2,"7":7,"8":4,"9":5,"20":8,"21":12},"Agents":[null,{"utility":0,"ID":1},{"utility":0,"ID":2},{"utility":0,"ID":3},{"utility":0,"ID":4},{"utility":96,"ID":5},{"utility":68,"ID":6},{"utility":39,"ID":7},{"utility":22,"ID":8},{"utility":74,"ID":9},{"utility":76,"ID":10},{"utility":26,"ID":11},{"utility":0,"ID":12},{"utility":5,"ID":13},{"utility":82,"ID":14},{"utility":1,"ID":15},{"utility":0,"ID":16},{"utility":66,"ID":17},{"utility":99,"ID":18},{"utility":65,"ID":19},{"utility":20,"ID":20},{"utility":77,"ID":21},{"utility":30,"ID":22},{"utility":85,"ID":23},{"utility":89,"ID":24},{"utility":75,"ID":25}],"LAST COALITION":[[],[{"utility":0,"ID":4}],[{"utility":39,"ID":7},{"utility":65,"ID":19}],[{"utility":0,"ID":3}],[{"utility":22,"ID":8},{"utility":0,"ID":12}],[{"utility":96,"ID":5},{"utility":30,"ID":22}],[{"utility":1,"ID":15},{"utility":20,"ID":20}],[{"utility":0,"ID":2}],[{"utility":66,"ID":17},{"utility":77,"ID":21}],[{"utility":0,"ID":1}],[{"utility":26,"ID":11},{"utility":89,"ID":24}],[{"utility":5,"ID":13},{"utility":75,"ID":25}],[{"utility":0,"ID":16}],[{"utility":68,"ID":6},{"utility":99,"ID":18}],[{"utility":74,"ID":9},{"utility":76,"ID":10}],[{"utility":82,"ID":14},{"utility":85,"ID":23}],[],[],[],[],[],[],[],[],[],[]],"STARTING COALITION: ":[[null],[{"utility":0,"ID":4},{"utility":0,"ID":11}],[{"utility":0,"ID":6}],[],[{"utility":11,"ID":8},{"utility":42.5,"ID":12},{"utility":0,"ID":14}],[{"utility":54.5,"ID":5},{"utility":0,"ID":9},{"utility":15,"ID":22}],[{"utility":0,"ID":23},{"utility":80,"ID":25}],[{"utility":61,"ID":2},{"utility":0,"ID":7}],[{"utility":26.666666666666668,"ID":13},{"utility":27.333333333333332,"ID":15},{"utility":20.333333333333332,"ID":19},{"utility":6.666666666666667,"ID":20}],[{"utility":69,"ID":1},{"utility":0,"ID":18}],[{"utility":0,"ID":10}],[{"utility":0,"ID":24}],[{"utility":32.666666666666664,"ID":3},{"utility":0,"ID":16},{"utility":42.666666666666664,"ID":17},{"utility":25.666666666666668,"ID":21}],[],[],[],[],[],[],[],[],[],[],[],[],[]],"CORE :":true,"LAST PARTITION":{"22":5,"23":15,"24":10,"25":11,"10":14,"11":10,"12":4,"13":11,"14":15,"15":6,"16":12,"17":8,"18":13,"19":2,"1":9,"2":7,"3":3,"4":1,"5":5,"6":13,"7":2,"8":4,"9":14,"20":6,"21":8}},{"STARTING PARTITION: ":{"22":1,"23":4,"24":12,"25":10,"10":11,"11":3,"12":2,"13":11,"14":12,"15":5,"16":6,"17":6,"18":7,"19":10,"1":2,"2":9,"3":3,"4":3,"5":1,"6":5,"7":5,"8":9,"9":1,"20":6,"21":1},"Agents":[null,{"utility":0,"ID":1},{"utility":34,"ID":2},{"utility":0,"ID":3},{"utility":0,"ID":4},{"utility":96,"ID":5},{"utility":68,"ID":6},{"utility":39,"ID":7},{"utility":0,"ID":8},{"utility":74,"ID":9},{"utility":76,"ID":10},{"utility":26,"ID":11},{"utility":0,"ID":12},{"utility":5,"ID":13},{"utility":82,"ID":14},{"utility":1,"ID":15},{"utility":0,"ID":16},{"utility":66,"ID":17},{"utility":99,"ID":18},{"utility":65,"ID":19},{"utility":20,"ID":20},{"utility":77,"ID":21},{"utility":30,"ID":22},{"utility":85,"ID":23},{"utility":89,"ID":24},{"utility":75,"ID":25}],"LAST COALITION":[[],[{"utility":96,"ID":5},{"utility":30,"ID":22}],[{"utility":0,"ID":12}],[{"utility":0,"ID":4}],[{"utility":5,"ID":13},{"utility":75,"ID":25}],[{"utility":74,"ID":9},{"utility":76,"ID":10}],[{"utility":0,"ID":16}],[{"utility":39,"ID":7},{"utility":65,"ID":19}],[{"utility":0,"ID":3}],[{"utility":34,"ID":2},{"utility":0,"ID":8}],[{"utility":66,"ID":17},{"utility":77,"ID":21}],[{"utility":82,"ID":14},{"utility":85,"ID":23}],[{"utility":0,"ID":1}],[],[{"utility":68,"ID":6},{"utility":99,"ID":18}],[{"utility":26,"ID":11},{"utility":89,"ID":24}],[{"utility":1,"ID":15},{"utility":20,"ID":20}],[],[],[],[],[],[],[],[],[]],"STARTING COALITION: ":[[null],[{"utility":36.333333333333336,"ID":5},{"utility":0,"ID":9},{"utility":0,"ID":21},{"utility":32.333333333333336,"ID":22}],[{"utility":0,"ID":1},{"utility":0,"ID":12}],[{"utility":23,"ID":3},{"utility":0,"ID":4},{"utility":0,"ID":11}],[{"utility":0,"ID":23}],[{"utility":0,"ID":6},{"utility":0,"ID":7},{"utility":0,"ID":15}],[{"utility":0,"ID":16},{"utility":27.5,"ID":17},{"utility":0,"ID":20}],[{"utility":0,"ID":18}],[],[{"utility":34,"ID":2},{"utility":0,"ID":8}],[{"utility":0,"ID":19},{"utility":0,"ID":25}],[{"utility":7,"ID":10},{"utility":88,"ID":13}],[{"utility":0,"ID":14},{"utility":0,"ID":24}],[],[],[],[],[],[],[],[],[],[],[],[],[]],"CORE :":true,"LAST PARTITION":{"22":1,"23":11,"24":15,"25":4,"10":5,"11":15,"12":2,"13":4,"14":11,"15":16,"16":6,"17":10,"18":14,"19":7,"1":12,"2":9,"3":8,"4":3,"5":1,"6":14,"7":7,"8":9,"9":5,"20":16,"21":10}},{"STARTING PARTITION: ":{"22":12,"23":4,"24":8,"25":4,"10":4,"11":8,"12":9,"13":6,"14":4,"15":9,"16":9,"17":6,"18":12,"19":2,"1":2,"2":9,"3":11,"4":2,"5":4,"6":3,"7":12,"8":9,"9":11,"20":3,"21":6},"Agents":[null,{"utility":0,"ID":1},{"utility":34.333333333333336,"ID":2},{"utility":0,"ID":3},{"utility":0,"ID":4},{"utility":96,"ID":5},{"utility":68,"ID":6},{"utility":39,"ID":7},{"utility":7.333333333333333,"ID":8},{"utility":74,"ID":9},{"utility":76,"ID":10},{"utility":26,"ID":11},{"utility":0,"ID":12},{"utility":5,"ID":13},{"utility":82,"ID":14},{"utility":1,"ID":15},{"utility":0,"ID":16},{"utility":66,"ID":17},{"utility":99,"ID":18},{"utility":65,"ID":19},{"utility":20,"ID":20},{"utility":77,"ID":21},{"utility":30,"ID":22},{"utility":85,"ID":23},{"utility":89,"ID":24},{"utility":75,"ID":25}],"LAST COALITION":[[],[{"utility":5,"ID":13},{"utility":75,"ID":25}],[{"utility":0,"ID":4}],[],[{"utility":82,"ID":14},{"utility":85,"ID":23}],[{"utility":68,"ID":6},{"utility":99,"ID":18}],[{"utility":66,"ID":17},{"utility":77,"ID":21}],[{"utility":39,"ID":7},{"utility":65,"ID":19}],[{"utility":26,"ID":11},{"utility":89,"ID":24}],[{"utility":34.333333333333336,"ID":2},{"utility":7.333333333333333,"ID":8},{"utility":0,"ID":12},{"utility":0,"ID":16}],[{"utility":0,"ID":1}],[{"utility":0,"ID":3}],[{"utility":96,"ID":5},{"utility":30,"ID":22}],[{"utility":74,"ID":9},{"utility":76,"ID":10}],[],[{"utility":1,"ID":15},{"utility":20,"ID":20}],[],[],[],[],[],[],[],[],[],[]],"STARTING COALITION: ":[[null],[],[{"utility":33,"ID":1},{"utility":0,"ID":4},{"utility":45,"ID":19}],[{"utility":0,"ID":6},{"utility":0,"ID":20}],[{"utility":0,"ID":5},{"utility":19,"ID":10},{"utility":26,"ID":14},{"utility":21.25,"ID":23},{"utility":20,"ID":25}],[],[{"utility":0,"ID":13},{"utility":33,"ID":17},{"utility":38.5,"ID":21}],[],[{"utility":26,"ID":11},{"utility":89,"ID":24}],[{"utility":25.75,"ID":2},{"utility":21.5,"ID":8},{"utility":0,"ID":12},{"utility":0,"ID":15},{"utility":0,"ID":16}],[],[{"utility":93,"ID":3},{"utility":4,"ID":9}],[{"utility":48,"ID":7},{"utility":4,"ID":18},{"utility":36.5,"ID":22}],[],[],[],[],[],[],[],[],[],[],[],[],[]],"CORE :":true,"LAST PARTITION":{"22":12,"23":4,"24":8,"25":1,"10":13,"11":8,"12":9,"13":1,"14":4,"15":15,"16":9,"17":6,"18":5,"19":7,"1":10,"2":9,"3":11,"4":2,"5":12,"6":5,"7":7,"8":9,"9":13,"20":15,"21":6}},{"STARTING PARTITION: ":{"22":8,"23":8,"24":5,"25":6,"10":8,"11":10,"12":1,"13":9,"14":4,"15":8,"16":9,"17":5,"18":12,"19":10,"1":3,"2":11,"3":12,"4":7,"5":9,"6":7,"7":8,"8":6,"9":8,"20":3,"21":8},"Agents":[null,{"utility":0,"ID":1},{"utility":0,"ID":2},{"utility":0,"ID":3},{"utility":0,"ID":4},{"utility":96,"ID":5},{"utility":68,"ID":6},{"utility":39,"ID":7},{"utility":0,"ID":8},{"utility":74,"ID":9},{"utility":76,"ID":10},{"utility":26,"ID":11},{"utility":0,"ID":12},{"utility":69,"ID":13},{"utility":82,"ID":14},{"utility":1,"ID":15},{"utility":0,"ID":16},{"utility":66,"ID":17},{"utility":99,"ID":18},{"utility":65,"ID":19},{"utility":20,"ID":20},{"utility":77,"ID":21},{"utility":30,"ID":22},{"utility":85,"ID":23},{"utility":89,"ID":24},{"utility":0,"ID":25}],"LAST COALITION":[[],[{"utility":0,"ID":12}],[{"utility":0,"ID":3}],[{"utility":0,"ID":1}],[{"utility":1,"ID":15},{"utility":20,"ID":20}],[{"utility":82,"ID":14},{"utility":85,"ID":23}],[{"utility":0,"ID":8},{"utility":0,"ID":25}],[{"utility":0,"ID":4}],[],[{"utility":69,"ID":13},{"utility":0,"ID":16}],[{"utility":66,"ID":17},{"utility":77,"ID":21}],[{"utility":0,"ID":2}],[{"utility":39,"ID":7},{"utility":65,"ID":19}],[],[{"utility":96,"ID":5},{"utility":30,"ID":22}],[{"utility":68,"ID":6},{"utility":99,"ID":18}],[{"utility":74,"ID":9},{"utility":76,"ID":10}],[{"utility":26,"ID":11},{"utility":89,"ID":24}],[],[],[],[],[],[],[],[]],"STARTING COALITION: ":[[null],[{"utility":0,"ID":12}],[],[{"utility":0,"ID":1},{"utility":0,"ID":20}],[{"utility":0,"ID":14}],[{"utility":0,"ID":17},{"utility":0,"ID":24}],[{"utility":0,"ID":8},{"utility":0,"ID":25}],[{"utility":0,"ID":4},{"utility":46,"ID":6}],[{"utility":6.833333333333333,"ID":7},{"utility":16,"ID":9},{"utility":12.666666666666666,"ID":10},{"utility":0,"ID":15},{"utility":0,"ID":21},{"utility":23.333333333333332,"ID":22},{"utility":0,"ID":23}],[{"utility":0,"ID":5},{"utility":34.5,"ID":13},{"utility":0,"ID":16}],[{"utility":0,"ID":11},{"utility":0,"ID":19}],[{"utility":0,"ID":2}],[{"utility":24,"ID":3},{"utility":0,"ID":18}],[],[],[],[],[],[],[],[],[],[],[],[],[]],"CORE :":true,"LAST PARTITION":{"22":14,"23":5,"24":17,"25":6,"10":16,"11":17,"12":1,"13":9,"14":5,"15":4,"16":9,"17":10,"18":15,"19":12,"1":3,"2":11,"3":2,"4":7,"5":14,"6":15,"7":12,"8":6,"9":16,"20":4,"21":10}},{"STARTING PARTITION: ":{"22":5,"23":11,"24":1,"25":8,"10":8,"11":9,"12":7,"13":8,"14":6,"15":10,"16":11,"17":1,"18":4,"19":4,"1":6,"2":6,"3":6,"4":2,"5":2,"6":12,"7":11,"8":9,"9":12,"20":7,"21":12},"Agents":[null,{"utility":0,"ID":1},{"utility":0,"ID":2},{"utility":0,"ID":3},{"utility":0,"ID":4},{"utility":96,"ID":5},{"utility":68,"ID":6},{"utility":39,"ID":7},{"utility":0,"ID":8},{"utility":74,"ID":9},{"utility":76,"ID":10},{"utility":26,"ID":11},{"utility":0,"ID":12},{"utility":5,"ID":13},{"utility":82,"ID":14},{"utility":1,"ID":15},{"utility":0,"ID":16},{"utility":66,"ID":17},{"utility":99,"ID":18},{"utility":65,"ID":19},{"utility":20,"ID":20},{"utility":77,"ID":21},{"utility":30,"ID":22},{"utility":85,"ID":23},{"utility":89,"ID":24},{"utility":75,"ID":25}],"LAST COALITION":[[],[{"utility":5,"ID":13},{"utility":75,"ID":25}],[{"utility":0,"ID":4}],[{"utility":0,"ID":1}],[{"utility":74,"ID":9},{"utility":76,"ID":10}],[{"utility":26,"ID":11},{"utility":89,"ID":24}],[{"utility":0,"ID":2}],[{"utility":0,"ID":12}],[{"utility":1,"ID":15},{"utility":20,"ID":20}],[{"utility":0,"ID":8}],[{"utility":96,"ID":5},{"utility":30,"ID":22}],[{"utility":0,"ID":16}],[],[{"utility":66,"ID":17},{"utility":77,"ID":21}],[{"utility":68,"ID":6},{"utility":99,"ID":18}],[{"utility":39,"ID":7},{"utility":65,"ID":19}],[{"utility":0,"ID":3}],[{"utility":82,"ID":14},{"utility":85,"ID":23}],[],[],[],[],[],[],[],[]],"STARTING COALITION: ":[[null],[{"utility":0,"ID":17},{"utility":0,"ID":24}],[{"utility":0,"ID":4},{"utility":25,"ID":5}],[],[{"utility":41,"ID":18},{"utility":0,"ID":19}],[{"utility":0,"ID":22}],[{"utility":0,"ID":1},{"utility":0,"ID":2},{"utility":29.666666666666668,"ID":3},{"utility":0,"ID":14}],[{"utility":17,"ID":12},{"utility":0,"ID":20}],[{"utility":3.5,"ID":10},{"utility":46.5,"ID":13},{"utility":37.5,"ID":25}],[{"utility":0,"ID":8},{"utility":0,"ID":11}],[{"utility":0,"ID":15}],[{"utility":20.5,"ID":7},{"utility":0,"ID":16},{"utility":21,"ID":23}],[{"utility":0,"ID":6},{"utility":0,"ID":9},{"utility":0,"ID":21}],[],[],[],[],[],[],[],[],[],[],[],[],[]],"CORE :":true,"LAST PARTITION":{"22":10,"23":17,"24":5,"25":1,"10":4,"11":5,"12":7,"13":1,"14":17,"15":8,"16":11,"17":13,"18":14,"19":15,"1":3,"2":6,"3":16,"4":2,"5":10,"6":14,"7":15,"8":9,"9":4,"20":8,"21":13}},{"STARTING PARTITION: ":{"22":5,"23":6,"24":6,"25":10,"10":2,"11":5,"12":2,"13":11,"14":5,"15":7,"16":3,"17":1,"18":5,"19":12,"1":4,"2":1,"3":9,"4":6,"5":2,"6":6,"7":6,"8":12,"9":6,"20":1,"21":1},"Agents":[null,{"utility":0,"ID":1},{"utility":0,"ID":2},{"utility":0,"ID":3},{"utility":1,"ID":4},{"utility":96,"ID":5},{"utility":68,"ID":6},{"utility":0,"ID":7},{"utility":0,"ID":8},{"utility":74,"ID":9},{"utility":76,"ID":10},{"utility":26,"ID":11},{"utility":0,"ID":12},{"utility":5,"ID":13},{"utility":82,"ID":14},{"utility":1,"ID":15},{"utility":0,"ID":16},{"utility":66,"ID":17},{"utility":99,"ID":18},{"utility":66,"ID":19},{"utility":20,"ID":20},{"utility":77,"ID":21},{"utility":30,"ID":22},{"utility":85,"ID":23},{"utility":89,"ID":24},{"utility":75,"ID":25}],"LAST COALITION":[[],[{"utility":0,"ID":2}],[{"utility":0,"ID":12}],[{"utility":0,"ID":16}],[{"utility":0,"ID":1}],[{"utility":82,"ID":14},{"utility":85,"ID":23}],[{"utility":1,"ID":4},{"utility":0,"ID":7}],[{"utility":96,"ID":5},{"utility":30,"ID":22}],[{"utility":0,"ID":3}],[{"utility":5,"ID":13},{"utility":75,"ID":25}],[{"utility":1,"ID":15},{"utility":20,"ID":20}],[{"utility":66,"ID":17},{"utility":77,"ID":21}],[{"utility":0,"ID":8},{"utility":66,"ID":19}],[{"utility":68,"ID":6},{"utility":99,"ID":18}],[{"utility":74,"ID":9},{"utility":76,"ID":10}],[{"utility":26,"ID":11},{"utility":89,"ID":24}],[],[],[],[],[],[],[],[],[],[]],"STARTING COALITION: ":[[null],[{"utility":13.666666666666666,"ID":2},{"utility":22,"ID":17},{"utility":0,"ID":20},{"utility":25.666666666666668,"ID":21}],[{"utility":0,"ID":5},{"utility":0,"ID":10},{"utility":46.5,"ID":12}],[{"utility":0,"ID":16}],[{"utility":0,"ID":1}],[{"utility":0,"ID":11},{"utility":0,"ID":14},{"utility":2.6666666666666665,"ID":18},{"utility":27.666666666666668,"ID":22}],[{"utility":7.2,"ID":4},{"utility":9.2,"ID":6},{"utility":8.2,"ID":7},{"utility":0,"ID":9},{"utility":0,"ID":23},{"utility":16,"ID":24}],[{"utility":0,"ID":15}],[],[{"utility":0,"ID":3}],[{"utility":0,"ID":25}],[{"utility":0,"ID":13}],[{"utility":0,"ID":8},{"utility":66,"ID":19}],[],[],[],[],[],[],[],[],[],[],[],[],[]],"CORE :":true,"LAST PARTITION":{"22":7,"23":5,"24":15,"25":9,"10":14,"11":15,"12":2,"13":9,"14":5,"15":10,"16":3,"17":11,"18":13,"19":12,"1":4,"2":1,"3":8,"4":6,"5":7,"6":13,"7":6,"8":12,"9":14,"20":10,"21":11}},{"STARTING PARTITION: ":{"22":1,"23":3,"24":7,"25":11,"10":3,"11":11,"12":10,"13":1,"14":10,"15":11,"16":11,"17":9,"18":4,"19":7,"1":10,"2":12,"3":9,"4":8,"5":4,"6":3,"7":1,"8":8,"9":7,"20":10,"21":1},"Agents":[null,{"utility":0,"ID":1},{"utility":0,"ID":2},{"utility":0,"ID":3},{"utility":0,"ID":4},{"utility":96,"ID":5},{"utility":68,"ID":6},{"utility":39,"ID":7},{"utility":0,"ID":8},{"utility":74,"ID":9},{"utility":76,"ID":10},{"utility":99,"ID":11},{"utility":0,"ID":12},{"utility":5,"ID":13},{"utility":82,"ID":14},{"utility":1,"ID":15},{"utility":0,"ID":16},{"utility":66,"ID":17},{"utility":99,"ID":18},{"utility":65,"ID":19},{"utility":20,"ID":20},{"utility":77,"ID":21},{"utility":30,"ID":22},{"utility":85,"ID":23},{"utility":0,"ID":24},{"utility":75,"ID":25}],"LAST COALITION":[[],[{"utility":96,"ID":5},{"utility":30,"ID":22}],[{"utility":66,"ID":17},{"utility":77,"ID":21}],[{"utility":5,"ID":13},{"utility":75,"ID":25}],[{"utility":39,"ID":7},{"utility":65,"ID":19}],[],[{"utility":68,"ID":6},{"utility":99,"ID":18}],[{"utility":0,"ID":24}],[{"utility":0,"ID":4},{"utility":0,"ID":8}],[{"utility":82,"ID":14},{"utility":85,"ID":23}],[{"utility":0,"ID":12}],[{"utility":99,"ID":11},{"utility":0,"ID":16}],[{"utility":0,"ID":2}],[{"utility":74,"ID":9},{"utility":76,"ID":10}],[{"utility":0,"ID":3}],[{"utility":0,"ID":1}],[{"utility":1,"ID":15},{"utility":20,"ID":20}],[],[],[],[],[],[],[],[],[]],"STARTING COALITION: ":[[null],[{"utility":0,"ID":7},{"utility":0,"ID":13},{"utility":0,"ID":21},{"utility":46.666666666666664,"ID":22}],[],[{"utility":0,"ID":6},{"utility":0,"ID":10},{"utility":0,"ID":23}],[{"utility":0,"ID":5},{"utility":53,"ID":18}],[],[],[{"utility":0,"ID":9},{"utility":41,"ID":19},{"utility":0,"ID":24}],[{"utility":0,"ID":4},{"utility":0,"ID":8}],[{"utility":88,"ID":3},{"utility":7,"ID":17}],[{"utility":0,"ID":1},{"utility":34,"ID":12},{"utility":0,"ID":14},{"utility":0,"ID":20}],[{"utility":33,"ID":11},{"utility":19.666666666666668,"ID":15},{"utility":0,"ID":16},{"utility":21,"ID":25}],[{"utility":0,"ID":2}],[],[],[],[],[],[],[],[],[],[],[],[],[]],"CORE :":true,"LAST PARTITION":{"22":1,"23":9,"24":7,"25":3,"10":13,"11":11,"12":10,"13":3,"14":9,"15":16,"16":11,"17":2,"18":6,"19":4,"1":15,"2":12,"3":14,"4":8,"5":1,"6":6,"7":4,"8":8,"9":13,"20":16,"21":2}},{"STARTING PARTITION: ":{"22":9,"23":11,"24":12,"25":12,"10":12,"11":12,"12":12,"13":5,"14":1,"15":3,"16":3,"17":2,"18":5,"19":5,"1":9,"2":9,"3":10,"4":12,"5":1,"6":12,"7":4,"8":11,"9":12,"20":6,"21":11},"Agents":[null,{"utility":0,"ID":1},{"utility":0,"ID":2},{"utility":0,"ID":3},{"utility":38,"ID":4},{"utility":96,"ID":5},{"utility":68,"ID":6},{"utility":39,"ID":7},{"utility":0,"ID":8},{"utility":74,"ID":9},{"utility":76,"ID":10},{"utility":26,"ID":11},{"utility":0,"ID":12},{"utility":5,"ID":13},{"utility":82,"ID":14},{"utility":1,"ID":15},{"utility":0,"ID":16},{"utility":66,"ID":17},{"utility":99,"ID":18},{"utility":65,"ID":19},{"utility":20,"ID":20},{"utility":77,"ID":21},{"utility":30,"ID":22},{"utility":85,"ID":23},{"utility":89,"ID":24},{"utility":75,"ID":25}],"LAST COALITION":[[],[{"utility":82,"ID":14},{"utility":85,"ID":23}],[{"utility":5,"ID":13},{"utility":75,"ID":25}],[{"utility":0,"ID":16}],[{"utility":74,"ID":9},{"utility":76,"ID":10}],[{"utility":66,"ID":17},{"utility":77,"ID":21}],[],[{"utility":0,"ID":1}],[{"utility":0,"ID":3}],[{"utility":0,"ID":2}],[{"utility":96,"ID":5},{"utility":30,"ID":22}],[{"utility":0,"ID":8}],[{"utility":38,"ID":4},{"utility":0,"ID":12}],[{"utility":68,"ID":6},{"utility":99,"ID":18}],[{"utility":39,"ID":7},{"utility":65,"ID":19}],[{"utility":26,"ID":11},{"utility":89,"ID":24}],[{"utility":1,"ID":15},{"utility":20,"ID":20}],[],[],[],[],[],[],[],[],[]],"STARTING COALITION: ":[[null],[{"utility":0,"ID":5},{"utility":22,"ID":14}],[{"utility":0,"ID":17}],[{"utility":0,"ID":15},{"utility":0,"ID":16}],[{"utility":0,"ID":7}],[{"utility":45.5,"ID":13},{"utility":20.5,"ID":18},{"utility":30.5,"ID":19}],[{"utility":0,"ID":20}],[],[],[{"utility":44,"ID":1},{"utility":0,"ID":2},{"utility":0.5,"ID":22}],[{"utility":0,"ID":3}],[{"utility":14.5,"ID":8},{"utility":0,"ID":21},{"utility":0,"ID":23}],[{"utility":10.428571428571429,"ID":4},{"utility":6.571428571428571,"ID":6},{"utility":20.714285714285715,"ID":9},{"utility":26.285714285714285,"ID":10},{"utility":16.428571428571427,"ID":11},{"utility":1.5714285714285714,"ID":12},{"utility":48.857142857142854,"ID":24},{"utility":9,"ID":25}],[],[],[],[],[],[],[],[],[],[],[],[],[]],"CORE :":true,"LAST PARTITION":{"22":10,"23":1,"24":15,"25":2,"10":4,"11":15,"12":12,"13":2,"14":1,"15":16,"16":3,"17":5,"18":13,"19":14,"1":7,"2":9,"3":8,"4":12,"5":10,"6":13,"7":14,"8":11,"9":4,"20":16,"21":5}},{"STARTING PARTITION: ":{"22":6,"23":6,"24":8,"25":3,"10":9,"11":3,"12":9,"13":11,"14":3,"15":9,"16":5,"17":3,"18":3,"19":6,"1":11,"2":5,"3":5,"4":10,"5":12,"6":7,"7":6,"8":5,"9":9,"20":1,"21":12},"Agents":[null,{"utility":0,"ID":1},{"utility":21.5,"ID":2},{"utility":0,"ID":3},{"utility":0,"ID":4},{"utility":96,"ID":5},{"utility":68,"ID":6},{"utility":39,"ID":7},{"utility":0,"ID":8},{"utility":74,"ID":9},{"utility":76,"ID":10},{"utility":26,"ID":11},{"utility":0,"ID":12},{"utility":5,"ID":13},{"utility":82,"ID":14},{"utility":1,"ID":15},{"utility":0,"ID":16},{"utility":66,"ID":17},{"utility":99,"ID":18},{"utility":65,"ID":19},{"utility":20,"ID":20},{"utility":77,"ID":21},{"utility":30,"ID":22},{"utility":85,"ID":23},{"utility":89,"ID":24},{"utility":75,"ID":25}],"LAST COALITION":[[],[{"utility":66,"ID":17},{"utility":77,"ID":21}],[{"utility":5,"ID":13},{"utility":75,"ID":25}],[{"utility":1,"ID":15},{"utility":20,"ID":20}],[{"utility":96,"ID":5},{"utility":30,"ID":22}],[{"utility":21.5,"ID":2},{"utility":0,"ID":8},{"utility":0,"ID":16}],[{"utility":39,"ID":7},{"utility":65,"ID":19}],[{"utility":0,"ID":3}],[],[{"utility":0,"ID":12}],[{"utility":0,"ID":4}],[{"utility":0,"ID":1}],[],[{"utility":68,"ID":6},{"utility":99,"ID":18}],[{"utility":74,"ID":9},{"utility":76,"ID":10}],[{"utility":26,"ID":11},{"utility":89,"ID":24}],[{"utility":82,"ID":14},{"utility":85,"ID":23}],[],[],[],[],[],[],[],[],[]],"STARTING COALITION: ":[[null],[{"utility":0,"ID":20}],[],[{"utility":0,"ID":11},{"utility":0,"ID":14},{"utility":21,"ID":17},{"utility":0,"ID":18},{"utility":15.75,"ID":25}],[],[{"utility":14.333333333333334,"ID":2},{"utility":49,"ID":3},{"utility":0,"ID":8},{"utility":0,"ID":16}],[{"utility":26.666666666666668,"ID":7},{"utility":44.333333333333336,"ID":19},{"utility":24.333333333333332,"ID":22},{"utility":0,"ID":23}],[{"utility":0,"ID":6}],[{"utility":0,"ID":24}],[{"utility":55.666666666666664,"ID":9},{"utility":25.333333333333332,"ID":10},{"utility":3.6666666666666665,"ID":12},{"utility":0,"ID":15}],[{"utility":0,"ID":4}],[{"utility":0,"ID":1},{"utility":12,"ID":13}],[{"utility":0,"ID":5},{"utility":0,"ID":21}],[],[],[],[],[],[],[],[],[],[],[],[],[]],"CORE :":true,"LAST PARTITION":{"22":4,"23":16,"24":15,"25":2,"10":14,"11":15,"12":9,"13":2,"14":16,"15":3,"16":5,"17":1,"18":13,"19":6,"1":11,"2":5,"3":7,"4":10,"5":4,"6":13,"7":6,"8":5,"9":14,"20":3,"21":1}},{"STARTING PARTITION: ":{"22":8,"23":6,"24":9,"25":4,"10":6,"11":11,"12":3,"13":7,"14":10,"15":1,"16":12,"17":10,"18":9,"19":9,"1":2,"2":4,"3":1,"4":1,"5":10,"6":7,"7":11,"8":11,"9":6,"20":3,"21":2},"Agents":[null,{"utility":0,"ID":1},{"utility":0,"ID":2},{"utility":0,"ID":3},{"utility":0,"ID":4},{"utility":96,"ID":5},{"utility":68,"ID":6},{"utility":39,"ID":7},{"utility":0,"ID":8},{"utility":74,"ID":9},{"utility":76,"ID":10},{"utility":26,"ID":11},{"utility":0,"ID":12},{"utility":5,"ID":13},{"utility":82,"ID":14},{"utility":1,"ID":15},{"utility":0,"ID":16},{"utility":66,"ID":17},{"utility":99,"ID":18},{"utility":65,"ID":19},{"utility":20,"ID":20},{"utility":77,"ID":21},{"utility":30,"ID":22},{"utility":85,"ID":23},{"utility":89,"ID":24},{"utility":75,"ID":25}],"LAST COALITION":[[],[{"utility":0,"ID":4}],[],[{"utility":0,"ID":12}],[{"utility":0,"ID":2}],[{"utility":0,"ID":1}],[{"utility":66,"ID":17},{"utility":77,"ID":21}],[{"utility":82,"ID":14},{"utility":85,"ID":23}],[{"utility":0,"ID":3}],[{"utility":5,"ID":13},{"utility":75,"ID":25}],[{"utility":1,"ID":15},{"utility":20,"ID":20}],[{"utility":0,"ID":8}],[{"utility":0,"ID":16}],[],[{"utility":96,"ID":5},{"utility":30,"ID":22}],[{"utility":68,"ID":6},{"utility":99,"ID":18}],[{"utility":39,"ID":7},{"utility":65,"ID":19}],[{"utility":74,"ID":9},{"utility":76,"ID":10}],[{"utility":26,"ID":11},{"utility":89,"ID":24}],[],[],[],[],[],[],[]],"STARTING COALITION: ":[[null],[{"utility":58,"ID":3},{"utility":13,"ID":4},{"utility":0,"ID":15}],[{"utility":0,"ID":1},{"utility":62,"ID":21}],[{"utility":17,"ID":12},{"utility":0,"ID":20}],[{"utility":0,"ID":2},{"utility":0,"ID":25}],[],[{"utility":37,"ID":9},{"utility":38,"ID":10},{"utility":0,"ID":23}],[{"utility":0,"ID":6},{"utility":0,"ID":13}],[{"utility":0,"ID":22}],[{"utility":20.5,"ID":18},{"utility":11,"ID":19},{"utility":0,"ID":24}],[{"utility":0,"ID":5},{"utility":11,"ID":14},{"utility":4.5,"ID":17}],[{"utility":8,"ID":7},{"utility":0,"ID":8},{"utility":0,"ID":11}],[{"utility":0,"ID":16}],[],[],[],[],[],[],[],[],[],[],[],[],[]],"CORE :":true,"LAST PARTITION":{"22":14,"23":7,"24":18,"25":9,"10":17,"11":18,"12":3,"13":9,"14":7,"15":10,"16":12,"17":6,"18":15,"19":16,"1":5,"2":4,"3":8,"4":1,"5":14,"6":15,"7":16,"8":11,"9":17,"20":10,"21":6}},{"STARTING PARTITION: ":{"22":10,"23":7,"24":11,"25":9,"10":11,"11":5,"12":3,"13":5,"14":10,"15":9,"16":11,"17":8,"18":8,"19":5,"1":9,"2":9,"3":5,"4":3,"5":4,"6":4,"7":12,"8":4,"9":7,"20":12,"21":2},"Agents":[null,{"utility":0,"ID":1},{"utility":0,"ID":2},{"utility":0,"ID":3},{"utility":38,"ID":4},{"utility":96,"ID":5},{"utility":68,"ID":6},{"utility":39,"ID":7},{"utility":0,"ID":8},{"utility":74,"ID":9},{"utility":76,"ID":10},{"utility":26,"ID":11},{"utility":0,"ID":12},{"utility":5,"ID":13},{"utility":82,"ID":14},{"utility":1,"ID":15},{"utility":0,"ID":16},{"utility":66,"ID":17},{"utility":99,"ID":18},{"utility":65,"ID":19},{"utility":20,"ID":20},{"utility":77,"ID":21},{"utility":30,"ID":22},{"utility":85,"ID":23},{"utility":89,"ID":24},{"utility":75,"ID":25}],"LAST COALITION":[[],[{"utility":26,"ID":11},{"utility":89,"ID":24}],[],[{"utility":38,"ID":4},{"utility":0,"ID":12}],[{"utility":0,"ID":8}],[{"utility":0,"ID":1}],[{"utility":5,"ID":13},{"utility":75,"ID":25}],[{"utility":66,"ID":17},{"utility":77,"ID":21}],[{"utility":1,"ID":15},{"utility":20,"ID":20}],[{"utility":0,"ID":2}],[{"utility":96,"ID":5},{"utility":30,"ID":22}],[{"utility":0,"ID":16}],[],[{"utility":68,"ID":6},{"utility":99,"ID":18}],[{"utility":39,"ID":7},{"utility":65,"ID":19}],[{"utility":74,"ID":9},{"utility":76,"ID":10}],[{"utility":0,"ID":3}],[{"utility":82,"ID":14},{"utility":85,"ID":23}],[],[],[],[],[],[],[],[]],"STARTING COALITION: ":[[null],[],[{"utility":0,"ID":21}],[{"utility":38,"ID":4},{"utility":0,"ID":12}],[{"utility":0,"ID":5},{"utility":19,"ID":6},{"utility":0,"ID":8}],[{"utility":0,"ID":3},{"utility":0,"ID":11},{"utility":10.333333333333334,"ID":13},{"utility":20.333333333333332,"ID":19}],[],[{"utility":0,"ID":9},{"utility":0,"ID":23}],[{"utility":84,"ID":17},{"utility":0,"ID":18}],[{"utility":0,"ID":1},{"utility":0,"ID":2},{"utility":30.333333333333332,"ID":15},{"utility":0,"ID":25}],[{"utility":0,"ID":14},{"utility":83,"ID":22}],[{"utility":22,"ID":10},{"utility":47,"ID":16},{"utility":0,"ID":24}],[{"utility":0,"ID":7},{"utility":47,"ID":20}],[],[],[],[],[],[],[],[],[],[],[],[],[]],"CORE :":true,"LAST PARTITION":{"22":10,"23":17,"24":1,"25":6,"10":15,"11":1,"12":3,"13":6,"14":17,"15":8,"16":11,"17":7,"18":13,"19":14,"1":5,"2":9,"3":16,"4":3,"5":10,"6":13,"7":14,"8":4,"9":15,"20":8,"21":7}},{"STARTING PARTITION: ":{"22":5,"23":10,"24":1,"25":12,"10":9,"11":2,"12":3,"13":2,"14":1,"15":3,"16":9,"17":4,"18":5,"19":1,"1":11,"2":10,"3":11,"4":8,"5":1,"6":6,"7":5,"8":11,"9":5,"20":1,"21":4},"Agents":[null,{"utility":0,"ID":1},{"utility":0,"ID":2},{"utility":0,"ID":3},{"utility":0,"ID":4},{"utility":96,"ID":5},{"utility":68,"ID":6},{"utility":39,"ID":7},{"utility":59,"ID":8},{"utility":74,"ID":9},{"utility":76,"ID":10},{"utility":26,"ID":11},{"utility":0,"ID":12},{"utility":5,"ID":13},{"utility":82,"ID":14},{"utility":1,"ID":15},{"utility":0,"ID":16},{"utility":66,"ID":17},{"utility":99,"ID":18},{"utility":65,"ID":19},{"utility":20,"ID":20},{"utility":77,"ID":21},{"utility":30,"ID":22},{"utility":85,"ID":23},{"utility":89,"ID":24},{"utility":75,"ID":25}],"LAST COALITION":[[],[],[{"utility":82,"ID":14},{"utility":85,"ID":23}],[{"utility":0,"ID":12}],[{"utility":66,"ID":17},{"utility":77,"ID":21}],[{"utility":74,"ID":9},{"utility":76,"ID":10}],[{"utility":0,"ID":3}],[{"utility":5,"ID":13},{"utility":75,"ID":25}],[{"utility":0,"ID":4}],[{"utility":0,"ID":16}],[{"utility":0,"ID":2}],[{"utility":0,"ID":1},{"utility":59,"ID":8}],[{"utility":1,"ID":15},{"utility":20,"ID":20}],[{"utility":96,"ID":5},{"utility":30,"ID":22}],[{"utility":68,"ID":6},{"utility":99,"ID":18}],[{"utility":39,"ID":7},{"utility":65,"ID":19}],[{"utility":26,"ID":11},{"utility":89,"ID":24}],[],[],[],[],[],[],[],[],[]],"STARTING COALITION: ":[[null],[{"utility":0,"ID":5},{"utility":5.5,"ID":14},{"utility":5.5,"ID":19},{"utility":22.25,"ID":20},{"utility":0,"ID":24}],[{"utility":0,"ID":11},{"utility":0,"ID":13}],[{"utility":0,"ID":12},{"utility":0,"ID":15}],[{"utility":66,"ID":17},{"utility":77,"ID":21}],[{"utility":32,"ID":7},{"utility":27.666666666666668,"ID":9},{"utility":2.6666666666666665,"ID":18},{"utility":24.333333333333332,"ID":22}],[{"utility":0,"ID":6}],[],[{"utility":0,"ID":4}],[{"utility":0,"ID":10},{"utility":0,"ID":16}],[{"utility":66,"ID":2},{"utility":0,"ID":23}],[{"utility":0,"ID":1},{"utility":29,"ID":3},{"utility":29.5,"ID":8}],[{"utility":0,"ID":25}],[],[],[],[],[],[],[],[],[],[],[],[],[]],"CORE :":true,"LAST PARTITION":{"22":13,"23":2,"24":16,"25":7,"10":5,"11":16,"12":3,"13":7,"14":2,"15":12,"16":9,"17":4,"18":14,"19":15,"1":11,"2":10,"3":6,"4":8,"5":13,"6":14,"7":15,"8":11,"9":5,"20":12,"21":4}},{"END OF FILE:" : true}]