[{"STARTING PARTITION: ":{"22":4,"23":12,"24":11,"25":5,"10":12,"11":1,"12":10,"13":11,"14":11,"15":8,"16":12,"17":4,"18":7,"19":8,"1":6,"2":10,"3":10,"4":1,"5":1,"6":3,"7":5,"8":8,"9":10,"20":8,"21":1},"Agents":[null,{"utility":71,"ID":1},{"utility":91,"ID":2},{"utility":91,"ID":3},{"utility":0,"ID":4},{"utility":47,"ID":5},{"utility":74,"ID":6},{"utility":0,"ID":7},{"utility":0,"ID":8},{"utility":36,"ID":9},{"utility":0,"ID":10},{"utility":0,"ID":11},{"utility":0,"ID":12},{"utility":72,"ID":13},{"utility":39,"ID":14},{"utility":0,"ID":15},{"utility":17,"ID":16},{"utility":0,"ID":17},{"utility":55,"ID":18},{"utility":59,"ID":19},{"utility":94,"ID":20},{"utility":57,"ID":21},{"utility":55,"ID":22},{"utility":0,"ID":23},{"utility":95,"ID":24},{"utility":55,"ID":25}],"LAST COALITION":[[],[{"utility":47,"ID":5},{"utility":0,"ID":11}],[{"utility":71,"ID":1},{"utility":72,"ID":13}],[{"utility":74,"ID":6},{"utility":59,"ID":19}],[{"utility":55,"ID":18},{"utility":57,"ID":21}],[{"utility":0,"ID":7}],[{"utility":91,"ID":3},{"utility":95,"ID":24}],[{"utility":94,"ID":20},{"utility":55,"ID":22}],[{"utility":0,"ID":8}],[{"utility":0,"ID":4}],[{"utility":91,"ID":2},{"utility":0,"ID":12}],[{"utility":39,"ID":14},{"utility":55,"ID":25}],[{"utility":0,"ID":23}],[{"utility":0,"ID":17}],[{"utility":36,"ID":9},{"utility":17,"ID":16}],[{"utility":0,"ID":10}],[{"utility":0,"ID":15}],[],[],[],[],[],[],[],[],[]],"STARTING COALITION: ":[[null],[{"utility":12.666666666666666,"ID":4},{"utility":22.333333333333332,"ID":5},{"utility":0,"ID":11},{"utility":26.333333333333332,"ID":21}],[],[{"utility":0,"ID":6}],[{"utility":0,"ID":17},{"utility":88,"ID":22}],[{"utility":0,"ID":7},{"utility":0,"ID":25}],[{"utility":0,"ID":1}],[{"utility":0,"ID":18}],[{"utility":14.333333333333334,"ID":8},{"utility":16.333333333333332,"ID":15},{"utility":0,"ID":19},{"utility":32.333333333333336,"ID":20}],[],[{"utility":30.333333333333332,"ID":2},{"utility":0,"ID":3},{"utility":0,"ID":9},{"utility":0,"ID":12}],[{"utility":0,"ID":13},{"utility":0,"ID":14},{"utility":0,"ID":24}],[{"utility":0,"ID":10},{"utility":0,"ID":16},{"utility":64.5,"ID":23}],[],[],[],[],[],[],[],[],[],[],[],[],[]],"CORE :":true,"LAST PARTITION":{"22":7,"23":12,"24":6,"25":11,"10":15,"11":1,"12":10,"13":2,"14":11,"15":16,"16":14,"17":13,"18":4,"19":3,"1":2,"2":10,"3":6,"4":9,"5":1,"6":3,"7":5,"8":8,"9":14,"20":7,"21":4}},{"STARTING PARTITION: ":{"22":12,"23":10,"24":9,"25":10,"10":4,"11":5,"12":9,"13":2,"14":7,"15":2,"16":6,"17":11,"18":4,"19":2,"1":12,"2":8,"3":5,"4":10,"5":11,"6":7,"7":2,"8":10,"9":4,"20":4,"21":10},"Agents":[null,{"utility":71,"ID":1},{"utility":0,"ID":2},{"utility":91,"ID":3},{"utility":0,"ID":4},{"utility":0,"ID":5},{"utility":74,"ID":6},{"utility":0,"ID":7},{"utility":0,"ID":8},{"utility":36,"ID":9},{"utility":0,"ID":10},{"utility":0,"ID":11},{"utility":0,"ID":12},{"utility":72,"ID":13},{"utility":39,"ID":14},{"utility":0,"ID":15},{"utility":17,"ID":16},{"utility":0,"ID":17},{"utility":55,"ID":18},{"utility":59,"ID":19},{"utility":94,"ID":20},{"utility":57,"ID":21},{"utility":55,"ID":22},{"utility":0,"ID":23},{"utility":95,"ID":24},{"utility":55,"ID":25}],"LAST COALITION":[[],[{"utility":71,"ID":1},{"utility":72,"ID":13}],[{"utility":0,"ID":7}],[{"utility":91,"ID":3},{"utility":95,"ID":24}],[],[{"utility":0,"ID":11}],[{"utility":39,"ID":14},{"utility":55,"ID":25}],[{"utility":36,"ID":9},{"utility":17,"ID":16}],[{"utility":0,"ID":2}],[{"utility":0,"ID":12}],[{"utility":0,"ID":4},{"utility":0,"ID":8},{"utility":0,"ID":23}],[{"utility":0,"ID":5}],[{"utility":55,"ID":18},{"utility":57,"ID":21}],[{"utility":0,"ID":17}],[{"utility":74,"ID":6},{"utility":59,"ID":19}],[{"utility":0,"ID":10}],[{"utility":0,"ID":15}],[{"utility":94,"ID":20},{"utility":55,"ID":22}],[],[],[],[],[],[],[],[]],"STARTING COALITION: ":[[null],[],[{"utility":18.333333333333332,"ID":7},{"utility":13.333333333333334,"ID":13},{"utility":14,"ID":15},{"utility":0,"ID":19}],[],[{"utility":39.666666666666664,"ID":9},{"utility":20.333333333333332,"ID":10},{"utility":18.333333333333332,"ID":18},{"utility":41.333333333333336,"ID":20}],[{"utility":0,"ID":3},{"utility":0,"ID":11}],[{"utility":0,"ID":16}],[{"utility":28,"ID":6},{"utility":0,"ID":14}],[{"utility":0,"ID":2}],[{"utility":0,"ID":12},{"utility":0,"ID":24}],[{"utility":5.75,"ID":4},{"utility":12,"ID":8},{"utility":26.5,"ID":21},{"utility":0,"ID":23},{"utility":18.5,"ID":25}],[{"utility":0,"ID":5},{"utility":36,"ID":17}],[{"utility":0,"ID":1},{"utility":0,"ID":22}],[],[],[],[],[],[],[],[],[],[],[],[],[]],"CORE :":true,"LAST PARTITION":{"22":17,"23":10,"24":3,"25":6,"10":15,"11":5,"12":9,"13":1,"14":6,"15":16,"16":7,"17":13,"18":12,"19":14,"1":1,"2":8,"3":3,"4":10,"5":11,"6":14,"7":2,"8":10,"9":7,"20":17,"21":12}},{"STARTING PARTITION: ":{"22":9,"23":9,"24":10,"25":6,"10":11,"11":7,"12":11,"13":9,"14":3,"15":5,"16":12,"17":3,"18":6,"19":4,"1":7,"2":8,"3":9,"4":1,"5":8,"6":8,"7":7,"8":1,"9":3,"20":3,"21":7},"Agents":[null,{"utility":71,"ID":1},{"utility":32,"ID":2},{"utility":91,"ID":3},{"utility":0,"ID":4},{"utility":0,"ID":5},{"utility":74,"ID":6},{"utility":8,"ID":7},{"utility":0,"ID":8},{"utility":36,"ID":9},{"utility":0,"ID":10},{"utility":0,"ID":11},{"utility":0,"ID":12},{"utility":72,"ID":13},{"utility":39,"ID":14},{"utility":0,"ID":15},{"utility":17,"ID":16},{"utility":0,"ID":17},{"utility":55,"ID":18},{"utility":59,"ID":19},{"utility":94,"ID":20},{"utility":57,"ID":21},{"utility":55,"ID":22},{"utility":0,"ID":23},{"utility":95,"ID":24},{"utility":55,"ID":25}],"LAST COALITION":[[],[{"utility":0,"ID":8}],[{"utility":71,"ID":1},{"utility":72,"ID":13}],[{"utility":94,"ID":20},{"utility":55,"ID":22}],[{"utility":36,"ID":9},{"utility":17,"ID":16}],[],[{"utility":55,"ID":18},{"utility":57,"ID":21}],[{"utility":8,"ID":7},{"utility":0,"ID":11}],[{"utility":32,"ID":2},{"utility":0,"ID":5}],[{"utility":0,"ID":23}],[{"utility":0,"ID":4}],[{"utility":0,"ID":12}],[{"utility":0,"ID":10}],[{"utility":91,"ID":3},{"utility":95,"ID":24}],[{"utility":0,"ID":17}],[{"utility":74,"ID":6},{"utility":59,"ID":19}],[{"utility":39,"ID":14},{"utility":55,"ID":25}],[{"utility":0,"ID":15}],[],[],[],[],[],[],[],[]],"STARTING COALITION: ":[[null],[{"utility":0,"ID":4},{"utility":0,"ID":8}],[],[{"utility":18.666666666666668,"ID":9},{"utility":0,"ID":14},{"utility":1.3333333333333333,"ID":17},{"utility":0,"ID":20}],[{"utility":0,"ID":19}],[{"utility":0,"ID":15}],[{"utility":0,"ID":18},{"utility":0,"ID":25}],[{"utility":0,"ID":1},{"utility":2.6666666666666665,"ID":7},{"utility":0,"ID":11},{"utility":24,"ID":21}],[{"utility":16,"ID":2},{"utility":0,"ID":5},{"utility":27.5,"ID":6}],[{"utility":31.666666666666668,"ID":3},{"utility":22,"ID":13},{"utility":16,"ID":22},{"utility":0,"ID":23}],[{"utility":0,"ID":24}],[{"utility":0,"ID":10},{"utility":0,"ID":12}],[{"utility":0,"ID":16}],[],[],[],[],[],[],[],[],[],[],[],[],[]],"CORE :":true,"LAST PARTITION":{"22":3,"23":9,"24":13,"25":16,"10":12,"11":7,"12":11,"13":2,"14":16,"15":17,"16":4,"17":14,"18":6,"19":15,"1":2,"2":8,"3":13,"4":10,"5":8,"6":15,"7":7,"8":1,"9":4,"20":3,"21":6}},{"STARTING PARTITION: ":{"22":7,"23":3,"24":4,"25":8,"10":10,"11":11,"12":10,"13":9,"14":1,"15":5,"16":9,"17":1,"18":12,"19":4,"1":1,"2":5,"3":9,"4":10,"5":10,"6":10,"7":10,"8":9,"9":12,"20":12,"21":8},"Agents":[null,{"utility":71,"ID":1},{"utility":0,"ID":2},{"utility":91,"ID":3},{"utility":0,"ID":4},{"utility":0,"ID":5},{"utility":74,"ID":6},{"utility":47,"ID":7},{"utility":0,"ID":8},{"utility":36,"ID":9},{"utility":0,"ID":10},{"utility":0,"ID":11},{"utility":0,"ID":12},{"utility":72,"ID":13},{"utility":39,"ID":14},{"utility":0,"ID":15},{"utility":17,"ID":16},{"utility":0,"ID":17},{"utility":55,"ID":18},{"utility":59,"ID":19},{"utility":94,"ID":20},{"utility":57,"ID":21},{"utility":55,"ID":22},{"utility":0,"ID":23},{"utility":95,"ID":24},{"utility":55,"ID":25}],"LAST COALITION":[[],[{"utility":39,"ID":14},{"utility":55,"ID":25}],[{"utility":71,"ID":1},{"utility":72,"ID":13}],[{"utility":0,"ID":23}],[{"utility":36,"ID":9},{"utility":17,"ID":16}],[{"utility":0,"ID":2}],[{"utility":91,"ID":3},{"utility":95,"ID":24}],[{"utility":55,"ID":18},{"utility":57,"ID":21}],[{"utility":94,"ID":20},{"utility":55,"ID":22}],[{"utility":0,"ID":8}],[{"utility":0,"ID":5},{"utility":47,"ID":7},{"utility":0,"ID":12}],[{"utility":0,"ID":11}],[],[{"utility":0,"ID":4}],[{"utility":0,"ID":17}],[{"utility":74,"ID":6},{"utility":59,"ID":19}],[{"utility":0,"ID":10}],[{"utility":0,"ID":15}],[],[],[],[],[],[],[],[]],"STARTING COALITION: ":[[null],[{"utility":0,"ID":1},{"utility":0.5,"ID":14},{"utility":19,"ID":17}],[],[{"utility":0,"ID":23}],[{"utility":0,"ID":19},{"utility":0,"ID":24}],[{"utility":0,"ID":2},{"utility":0,"ID":15}],[],[{"utility":0,"ID":22}],[{"utility":0,"ID":21},{"utility":9,"ID":25}],[{"utility":20.666666666666668,"ID":3},{"utility":0,"ID":8},{"utility":0,"ID":13},{"utility":0,"ID":16}],[{"utility":3,"ID":4},{"utility":4,"ID":5},{"utility":11,"ID":6},{"utility":36.8,"ID":7},{"utility":0,"ID":10},{"utility":0,"ID":12}],[{"utility":0,"ID":11}],[{"utility":28,"ID":9},{"utility":27.5,"ID":18},{"utility":42,"ID":20}],[],[],[],[],[],[],[],[],[],[],[],[],[]],"CORE :":true,"LAST PARTITION":{"22":8,"23":3,"24":6,"25":1,"10":16,"11":11,"12":10,"13":2,"14":1,"15":17,"16":4,"17":14,"18":7,"19":15,"1":2,"2":5,"3":6,"4":13,"5":10,"6":15,"7":10,"8":9,"9":4,"20":8,"21":7}},{"STARTING PARTITION: ":{"22":9,"23":10,"24":9,"25":3,"10":1,"11":10,"12":9,"13":4,"14":12,"15":6,"16":10,"17":12,"18":6,"19":2,"1":1,"2":6,"3":1,"4":9,"5":5,"6":11,"7":4,"8":1,"9":10,"20":5,"21":1},"Agents":[null,{"utility":71,"ID":1},{"utility":0,"ID":2},{"utility":91,"ID":3},{"utility":0,"ID":4},{"utility":0,"ID":5},{"utility":74,"ID":6},{"utility":0,"ID":7},{"utility":0,"ID":8},{"utility":12,"ID":9},{"utility":0,"ID":10},{"utility":0,"ID":11},{"utility":0,"ID":12},{"utility":72,"ID":13},{"utility":39,"ID":14},{"utility":0,"ID":15},{"utility":25.333333333333332,"ID":16},{"utility":0,"ID":17},{"utility":55,"ID":18},{"utility":59,"ID":19},{"utility":94,"ID":20},{"utility":57,"ID":21},{"utility":55,"ID":22},{"utility":28,"ID":23},{"utility":95,"ID":24},{"utility":55,"ID":25}],"LAST COALITION":[[],[{"utility":0,"ID":8}],[{"utility":0,"ID":10}],[{"utility":0,"ID":17}],[{"utility":0,"ID":7}],[{"utility":0,"ID":5}],[{"utility":0,"ID":2}],[{"utility":71,"ID":1},{"utility":72,"ID":13}],[{"utility":91,"ID":3},{"utility":95,"ID":24}],[{"utility":0,"ID":12}],[{"utility":12,"ID":9},{"utility":0,"ID":11},{"utility":25.333333333333332,"ID":16},{"utility":28,"ID":23}],[{"utility":74,"ID":6},{"utility":59,"ID":19}],[{"utility":39,"ID":14},{"utility":55,"ID":25}],[{"utility":0,"ID":4}],[{"utility":0,"ID":15}],[],[{"utility":94,"ID":20},{"utility":55,"ID":22}],[{"utility":55,"ID":18},{"utility":57,"ID":21}],[],[],[],[],[],[],[],[]],"STARTING COALITION: ":[[null],[{"utility":0,"ID":1},{"utility":18.5,"ID":3},{"utility":0,"ID":8},{"utility":0,"ID":10},{"utility":16.25,"ID":21}],[{"utility":0,"ID":19}],[{"utility":0,"ID":25}],[{"utility":0,"ID":7},{"utility":0,"ID":13}],[{"utility":0,"ID":5},{"utility":0,"ID":20}],[{"utility":0,"ID":2},{"utility":0,"ID":15},{"utility":0,"ID":18}],[],[],[{"utility":0,"ID":4},{"utility":0,"ID":12},{"utility":21.333333333333332,"ID":22},{"utility":7.666666666666667,"ID":24}],[{"utility":12,"ID":9},{"utility":0,"ID":11},{"utility":25.333333333333332,"ID":16},{"utility":28,"ID":23}],[{"utility":0,"ID":6}],[{"utility":0,"ID":14},{"utility":0,"ID":17}],[],[],[],[],[],[],[],[],[],[],[],[],[]],"CORE :":true,"LAST PARTITION":{"22":16,"23":10,"24":8,"25":12,"10":2,"11":10,"12":9,"13":7,"14":12,"15":14,"16":10,"17":3,"18":17,"19":11,"1":7,"2":6,"3":8,"4":13,"5":5,"6":11,"7":4,"8":1,"9":10,"20":16,"21":17}},{"STARTING PARTITION: ":{"22":7,"23":12,"24":11,"25":6,"10":12,"11":3,"12":6,"13":2,"14":8,"15":6,"16":7,"17":11,"18":12,"19":3,"1":10,"2":8,"3":12,"4":11,"5":4,"6":8,"7":2,"8":4,"9":1,"20":12,"21":12},"Agents":[null,{"utility":71,"ID":1},{"utility":0,"ID":2},{"utility":91,"ID":3},{"utility":0,"ID":4},{"utility":0,"ID":5},{"utility":74,"ID":6},{"utility":0,"ID":7},{"utility":20,"ID":8},{"utility":36,"ID":9},{"utility":0,"ID":10},{"utility":0,"ID":11},{"utility":0,"ID":12},{"utility":72,"ID":13},{"utility":39,"ID":14},{"utility":0,"ID":15},{"utility":17,"ID":16},{"utility":0,"ID":17},{"utility":55,"ID":18},{"utility":59,"ID":19},{"utility":94,"ID":20},{"utility":57,"ID":21},{"utility":55,"ID":22},{"utility":0,"ID":23},{"utility":95,"ID":24},{"utility":55,"ID":25}],"LAST COALITION":[[],[{"utility":55,"ID":18},{"utility":57,"ID":21}],[{"utility":0,"ID":7}],[{"utility":0,"ID":11}],[{"utility":0,"ID":5},{"utility":20,"ID":8}],[{"utility":71,"ID":1},{"utility":72,"ID":13}],[{"utility":0,"ID":12}],[],[{"utility":0,"ID":2}],[{"utility":91,"ID":3},{"utility":95,"ID":24}],[{"utility":0,"ID":17}],[{"utility":0,"ID":4}],[{"utility":0,"ID":23}],[{"utility":74,"ID":6},{"utility":59,"ID":19}],[{"utility":0,"ID":10}],[{"utility":39,"ID":14},{"utility":55,"ID":25}],[{"utility":0,"ID":15}],[],[{"utility":94,"ID":20},{"utility":55,"ID":22}],[{"utility":36,"ID":9},{"utility":17,"ID":16}],[],[],[],[],[],[]],"STARTING COALITION: ":[[null],[{"utility":0,"ID":9}],[{"utility":0,"ID":7},{"utility":0,"ID":13}],[{"utility":0,"ID":11},{"utility":25,"ID":19}],[{"utility":0,"ID":5},{"utility":20,"ID":8}],[],[{"utility":0,"ID":12},{"utility":42.5,"ID":15},{"utility":39,"ID":25}],[{"utility":27,"ID":16},{"utility":0,"ID":22}],[{"utility":0,"ID":2},{"utility":14,"ID":6},{"utility":16,"ID":14}],[],[{"utility":0,"ID":1}],[{"utility":0,"ID":4},{"utility":0,"ID":17},{"utility":0,"ID":24}],[{"utility":20.8,"ID":3},{"utility":12.2,"ID":10},{"utility":22,"ID":18},{"utility":24.8,"ID":20},{"utility":18.2,"ID":21},{"utility":9.8,"ID":23}],[],[],[],[],[],[],[],[],[],[],[],[],[]],"CORE :":true,"LAST PARTITION":{"22":18,"23":12,"24":9,"25":15,"10":14,"11":3,"12":6,"13":5,"14":15,"15":16,"16":19,"17":10,"18":1,"19":13,"1":5,"2":8,"3":9,"4":11,"5":4,"6":13,"7":2,"8":4,"9":19,"20":18,"21":1}},{"STARTING PARTITION: ":{"22":10,"23":3,"24":12,"25":2,"10":9,"11":6,"12":12,"13":7,"14":2,"15":3,"16":8,"17":4,"18":2,"19":9,"1":10,"2":9,"3":10,"4":2,"5":9,"6":7,"7":9,"8":2,"9":10,"20":11,"21":8},"Agents":[null,{"utility":71,"ID":1},{"utility":16,"ID":2},{"utility":91,"ID":3},{"utility":0,"ID":4},{"utility":0,"ID":5},{"utility":74,"ID":6},{"utility":0,"ID":7},{"utility":0,"ID":8},{"utility":36,"ID":9},{"utility":0,"ID":10},{"utility":0,"ID":11},{"utility":0,"ID":12},{"utility":72,"ID":13},{"utility":39,"ID":14},{"utility":0,"ID":15},{"utility":17,"ID":16},{"utility":0,"ID":17},{"utility":55,"ID":18},{"utility":59,"ID":19},{"utility":94,"ID":20},{"utility":57,"ID":21},{"utility":55,"ID":22},{"utility":0,"ID":23},{"utility":95,"ID":24},{"utility":55,"ID":25}],"LAST COALITION":[[],[{"utility":71,"ID":1},{"utility":72,"ID":13}],[{"utility":0,"ID":8}],[{"utility":0,"ID":23}],[{"utility":74,"ID":6},{"utility":59,"ID":19}],[{"utility":91,"ID":3},{"utility":95,"ID":24}],[{"utility":0,"ID":11}],[{"utility":36,"ID":9},{"utility":17,"ID":16}],[],[{"utility":16,"ID":2},{"utility":0,"ID":5},{"utility":0,"ID":7}],[{"utility":55,"ID":18},{"utility":57,"ID":21}],[{"utility":94,"ID":20},{"utility":55,"ID":22}],[{"utility":0,"ID":12}],[{"utility":0,"ID":17}],[{"utility":0,"ID":10}],[{"utility":0,"ID":4}],[{"utility":39,"ID":14},{"utility":55,"ID":25}],[{"utility":0,"ID":15}],[],[],[],[],[],[],[],[]],"STARTING COALITION: ":[[null],[],[{"utility":5.75,"ID":4},{"utility":36.5,"ID":8},{"utility":9.75,"ID":14},{"utility":16.5,"ID":18},{"utility":17.25,"ID":25}],[{"utility":0,"ID":15},{"utility":14,"ID":23}],[{"utility":0,"ID":17}],[],[{"utility":0,"ID":11}],[{"utility":0,"ID":6},{"utility":0,"ID":13}],[{"utility":4,"ID":16},{"utility":0,"ID":21}],[{"utility":8,"ID":2},{"utility":0,"ID":5},{"utility":13.75,"ID":7},{"utility":0,"ID":10},{"utility":0,"ID":19}],[{"utility":0,"ID":1},{"utility":31.666666666666668,"ID":3},{"utility":24.333333333333332,"ID":9},{"utility":0,"ID":22}],[{"utility":0,"ID":20}],[{"utility":0,"ID":12},{"utility":0,"ID":24}],[],[],[],[],[],[],[],[],[],[],[],[],[]],"CORE :":true,"LAST PARTITION":{"22":11,"23":3,"24":5,"25":16,"10":14,"11":6,"12":12,"13":1,"14":16,"15":17,"16":7,"17":13,"18":10,"19":4,"1":1,"2":9,"3":5,"4":15,"5":9,"6":4,"7":9,"8":2,"9":7,"20":11,"21":10}},{"STARTING PARTITION: ":{"22":1,"23":7,"24":4,"25":2,"10":7,"11":3,"12":4,"13":11,"14":7,"15":11,"16":8,"17":7,"18":12,"19":1,"1":10,"2":4,"3":3,"4":2,"5":5,"6":4,"7":8,"8":5,"9":4,"20":10,"21":7},"Agents":[null,{"utility":71,"ID":1},{"utility":91,"ID":2},{"utility":91,"ID":3},{"utility":0,"ID":4},{"utility":0,"ID":5},{"utility":74,"ID":6},{"utility":0,"ID":7},{"utility":20,"ID":8},{"utility":36,"ID":9},{"utility":0,"ID":10},{"utility":0,"ID":11},{"utility":0,"ID":12},{"utility":72,"ID":13},{"utility":39,"ID":14},{"utility":0,"ID":15},{"utility":17,"ID":16},{"utility":0,"ID":17},{"utility":55,"ID":18},{"utility":59,"ID":19},{"utility":94,"ID":20},{"utility":57,"ID":21},{"utility":55,"ID":22},{"utility":0,"ID":23},{"utility":95,"ID":24},{"utility":55,"ID":25}],"LAST COALITION":[[],[{"utility":55,"ID":18},{"utility":57,"ID":21}],[{"utility":0,"ID":4}],[{"utility":0,"ID":11}],[{"utility":91,"ID":2},{"utility":0,"ID":12}],[{"utility":0,"ID":5},{"utility":20,"ID":8}],[{"utility":71,"ID":1},{"utility":72,"ID":13}],[{"utility":0,"ID":23}],[{"utility":0,"ID":7}],[{"utility":91,"ID":3},{"utility":95,"ID":24}],[{"utility":94,"ID":20},{"utility":55,"ID":22}],[],[],[{"utility":0,"ID":17}],[{"utility":74,"ID":6},{"utility":59,"ID":19}],[{"utility":36,"ID":9},{"utility":17,"ID":16}],[{"utility":0,"ID":10}],[{"utility":39,"ID":14},{"utility":55,"ID":25}],[{"utility":0,"ID":15}],[],[],[],[],[],[],[]],"STARTING COALITION: ":[[null],[{"utility":0,"ID":19},{"utility":76,"ID":22}],[{"utility":23,"ID":4},{"utility":14,"ID":25}],[{"utility":0,"ID":3},{"utility":0,"ID":11}],[{"utility":22.75,"ID":2},{"utility":0,"ID":6},{"utility":20,"ID":9},{"utility":0,"ID":12},{"utility":0,"ID":24}],[{"utility":0,"ID":5},{"utility":20,"ID":8}],[],[{"utility":10,"ID":10},{"utility":19,"ID":14},{"utility":27.5,"ID":17},{"utility":14.5,"ID":21},{"utility":26,"ID":23}],[{"utility":0,"ID":7},{"utility":0,"ID":16}],[],[{"utility":0,"ID":1},{"utility":21,"ID":20}],[{"utility":0,"ID":13},{"utility":0,"ID":15}],[{"utility":0,"ID":18}],[],[],[],[],[],[],[],[],[],[],[],[],[]],"CORE :":true,"LAST PARTITION":{"22":10,"23":7,"24":9,"25":17,"10":16,"11":3,"12":4,"13":6,"14":17,"15":18,"16":15,"17":13,"18":1,"19":14,"1":6,"2":4,"3":9,"4":2,"5":5,"6":14,"7":8,"8":5,"9":15,"20":10,"21":1}},{"STARTING PARTITION: ":{"22":5,"23":6,"24":9,"25":3,"10":11,"11":10,"12":11,"13":1,"14":12,"15":11,"16":2,"17":4,"18":10,"19":10,"1":6,"2":12,"3":9,"4":8,"5":11,"6":8,"7":7,"8":5,"9":7,"20":8,"21":4},"Agents":[null,{"utility":71,"ID":1},{"utility":0,"ID":2},{"utility":91,"ID":3},{"utility":0,"ID":4},{"utility":0,"ID":5},{"utility":74,"ID":6},{"utility":0,"ID":7},{"utility":0,"ID":8},{"utility":36,"ID":9},{"utility":0,"ID":10},{"utility":0,"ID":11},{"utility":0,"ID":12},{"utility":72,"ID":13},{"utility":39,"ID":14},{"utility":0,"ID":15},{"utility":17,"ID":16},{"utility":0,"ID":17},{"utility":55,"ID":18},{"utility":59,"ID":19},{"utility":94,"ID":20},{"utility":57,"ID":21},{"utility":55,"ID":22},{"utility":0,"ID":23},{"utility":95,"ID":24},{"utility":55,"ID":25}],"LAST COALITION":[[],[{"utility":0,"ID":4}],[{"utility":0,"ID":10}],[{"utility":74,"ID":6},{"utility":59,"ID":19}],[{"utility":0,"ID":17}],[{"utility":0,"ID":8}],[{"utility":0,"ID":23}],[{"utility":0,"ID":7}],[{"utility":94,"ID":20},{"utility":55,"ID":22}],[{"utility":91,"ID":3},{"utility":95,"ID":24}],[{"utility":0,"ID":11}],[{"utility":0,"ID":5},{"utility":0,"ID":12}],[{"utility":0,"ID":2}],[{"utility":71,"ID":1},{"utility":72,"ID":13}],[{"utility":36,"ID":9},{"utility":17,"ID":16}],[{"utility":39,"ID":14},{"utility":55,"ID":25}],[{"utility":0,"ID":15}],[],[{"utility":55,"ID":18},{"utility":57,"ID":21}],[],[],[],[],[],[],[]],"STARTING COALITION: ":[[null],[{"utility":0,"ID":13}],[{"utility":0,"ID":16}],[{"utility":0,"ID":25}],[{"utility":88,"ID":17},{"utility":0,"ID":21}],[{"utility":0,"ID":8},{"utility":0,"ID":22}],[{"utility":0,"ID":1},{"utility":0,"ID":23}],[{"utility":0,"ID":7},{"utility":0,"ID":9}],[{"utility":0,"ID":4},{"utility":0,"ID":6},{"utility":0.5,"ID":20}],[{"utility":91,"ID":3},{"utility":95,"ID":24}],[{"utility":0,"ID":11},{"utility":0,"ID":18},{"utility":12.5,"ID":19}],[{"utility":0,"ID":5},{"utility":0,"ID":10},{"utility":0,"ID":12},{"utility":0,"ID":15}],[{"utility":0,"ID":2},{"utility":32,"ID":14}],[],[],[],[],[],[],[],[],[],[],[],[],[]],"CORE :":true,"LAST PARTITION":{"22":8,"23":6,"24":9,"25":15,"10":2,"11":10,"12":11,"13":13,"14":15,"15":16,"16":14,"17":4,"18":18,"19":3,"1":13,"2":12,"3":9,"4":1,"5":11,"6":3,"7":7,"8":5,"9":14,"20":8,"21":18}},{"STARTING PARTITION: ":{"22":3,"23":11,"24":12,"25":8,"10":7,"11":5,"12":5,"13":2,"14":8,"15":12,"16":2,"17":2,"18":9,"19":12,"1":10,"2":3,"3":10,"4":1,"5":3,"6":2,"7":3,"8":3,"9":4,"20":2,"21":1},"Agents":[null,{"utility":71,"ID":1},{"utility":10.666666666666666,"ID":2},{"utility":91,"ID":3},{"utility":0,"ID":4},{"utility":0,"ID":5},{"utility":74,"ID":6},{"utility":0,"ID":7},{"utility":28.333333333333332,"ID":8},{"utility":36,"ID":9},{"utility":0,"ID":10},{"utility":64,"ID":11},{"utility":0,"ID":12},{"utility":72,"ID":13},{"utility":39,"ID":14},{"utility":0,"ID":15},{"utility":17,"ID":16},{"utility":0,"ID":17},{"utility":0,"ID":18},{"utility":59,"ID":19},{"utility":94,"ID":20},{"utility":72,"ID":21},{"utility":55,"ID":22},{"utility":0,"ID":23},{"utility":95,"ID":24},{"utility":55,"ID":25}],"LAST COALITION":[[],[{"utility":0,"ID":4},{"utility":72,"ID":21}],[{"utility":94,"ID":20},{"utility":55,"ID":22}],[{"utility":10.666666666666666,"ID":2},{"utility":0,"ID":5},{"utility":0,"ID":7},{"utility":28.333333333333332,"ID":8}],[],[{"utility":64,"ID":11},{"utility":0,"ID":12}],[{"utility":71,"ID":1},{"utility":72,"ID":13}],[{"utility":0,"ID":10}],[{"utility":39,"ID":14},{"utility":55,"ID":25}],[{"utility":36,"ID":9},{"utility":17,"ID":16}],[{"utility":0,"ID":17}],[{"utility":0,"ID":23}],[{"utility":0,"ID":15}],[{"utility":91,"ID":3},{"utility":95,"ID":24}],[{"utility":74,"ID":6},{"utility":59,"ID":19}],[{"utility":0,"ID":18}],[],[],[],[],[],[],[],[],[],[]],"STARTING COALITION: ":[[null],[{"utility":0,"ID":4},{"utility":72,"ID":21}],[{"utility":16.25,"ID":6},{"utility":2.5,"ID":13},{"utility":11,"ID":16},{"utility":13.25,"ID":17},{"utility":22.5,"ID":20}],[{"utility":8,"ID":2},{"utility":0,"ID":5},{"utility":0,"ID":7},{"utility":21.25,"ID":8},{"utility":0,"ID":22}],[{"utility":0,"ID":9}],[{"utility":64,"ID":11},{"utility":0,"ID":12}],[],[{"utility":0,"ID":10}],[{"utility":39,"ID":14},{"utility":55,"ID":25}],[{"utility":0,"ID":18}],[{"utility":0,"ID":1},{"utility":0,"ID":3}],[{"utility":0,"ID":23}],[{"utility":21,"ID":15},{"utility":0,"ID":19},{"utility":0,"ID":24}],[],[],[],[],[],[],[],[],[],[],[],[],[]],"CORE :":true,"LAST PARTITION":{"22":2,"23":11,"24":13,"25":8,"10":7,"11":5,"12":5,"13":6,"14":8,"15":12,"16":9,"17":10,"18":15,"19":14,"1":6,"2":3,"3":13,"4":1,"5":3,"6":14,"7":3,"8":3,"9":9,"20":2,"21":1}},{"STARTING PARTITION: ":{"22":6,"23":12,"24":10,"25":2,"10":6,"11":2,"12":5,"13":1,"14":5,"15":8,"16":5,"17":4,"18":1,"19":12,"1":6,"2":3,"3":2,"4":12,"5":7,"6":7,"7":11,"8":11,"9":7,"20":5,"21":6},"Agents":[null,{"utility":71,"ID":1},{"utility":0,"ID":2},{"utility":91,"ID":3},{"utility":0,"ID":4},{"utility":0,"ID":5},{"utility":74,"ID":6},{"utility":0,"ID":7},{"utility":0,"ID":8},{"utility":36,"ID":9},{"utility":0,"ID":10},{"utility":0,"ID":11},{"utility":0,"ID":12},{"utility":72,"ID":13},{"utility":83,"ID":14},{"utility":0,"ID":15},{"utility":17,"ID":16},{"utility":0,"ID":17},{"utility":55,"ID":18},{"utility":59,"ID":19},{"utility":94,"ID":20},{"utility":57,"ID":21},{"utility":55,"ID":22},{"utility":0,"ID":23},{"utility":95,"ID":24},{"utility":81,"ID":25}],"LAST COALITION":[[],[{"utility":94,"ID":20},{"utility":55,"ID":22}],[{"utility":0,"ID":11},{"utility":81,"ID":25}],[{"utility":0,"ID":2}],[{"utility":74,"ID":6},{"utility":59,"ID":19}],[{"utility":0,"ID":12},{"utility":83,"ID":14}],[{"utility":0,"ID":10}],[{"utility":0,"ID":5}],[],[{"utility":71,"ID":1},{"utility":72,"ID":13}],[{"utility":0,"ID":17}],[{"utility":0,"ID":7},{"utility":0,"ID":8}],[{"utility":0,"ID":4},{"utility":0,"ID":23}],[{"utility":91,"ID":3},{"utility":95,"ID":24}],[{"utility":36,"ID":9},{"utility":17,"ID":16}],[{"utility":0,"ID":15}],[{"utility":55,"ID":18},{"utility":57,"ID":21}],[],[],[],[],[],[],[],[],[]],"STARTING COALITION: ":[[null],[{"utility":0,"ID":13},{"utility":0,"ID":18}],[{"utility":33.5,"ID":3},{"utility":0,"ID":11},{"utility":40.5,"ID":25}],[{"utility":0,"ID":2}],[{"utility":0,"ID":17}],[{"utility":21.333333333333332,"ID":12},{"utility":27.666666666666668,"ID":14},{"utility":9,"ID":16},{"utility":0,"ID":20}],[{"utility":0,"ID":1},{"utility":0,"ID":10},{"utility":21.666666666666668,"ID":21},{"utility":0,"ID":22}],[{"utility":23,"ID":5},{"utility":27.5,"ID":6},{"utility":40,"ID":9}],[{"utility":0,"ID":15}],[],[{"utility":0,"ID":24}],[{"utility":0,"ID":7},{"utility":0,"ID":8}],[{"utility":0,"ID":4},{"utility":37.5,"ID":19},{"utility":0,"ID":23}],[],[],[],[],[],[],[],[],[],[],[],[],[]],"CORE :":true,"LAST PARTITION":{"22":1,"23":12,"24":13,"25":2,"10":6,"11":2,"12":5,"13":9,"14":5,"15":15,"16":14,"17":10,"18":16,"19":4,"1":9,"2":3,"3":13,"4":12,"5":7,"6":4,"7":11,"8":11,"9":14,"20":1,"21":16}},{"STARTING PARTITION: ":{"22":3,"23":1,"24":12,"25":11,"10":8,"11":11,"12":3,"13":10,"14":10,"15":10,"16":2,"17":5,"18":5,"19":3,"1":9,"2":1,"3":1,"4":4,"5":8,"6":5,"7":3,"8":9,"9":9,"20":11,"21":3},"Agents":[null,{"utility":71,"ID":1},{"utility":57,"ID":2},{"utility":91,"ID":3},{"utility":0,"ID":4},{"utility":0,"ID":5},{"utility":74,"ID":6},{"utility":94,"ID":7},{"utility":0,"ID":8},{"utility":36,"ID":9},{"utility":0,"ID":10},{"utility":0,"ID":11},{"utility":0,"ID":12},{"utility":72,"ID":13},{"utility":39,"ID":14},{"utility":0,"ID":15},{"utility":17,"ID":16},{"utility":0,"ID":17},{"utility":55,"ID":18},{"utility":59,"ID":19},{"utility":94,"ID":20},{"utility":57,"ID":21},{"utility":55,"ID":22},{"utility":0,"ID":23},{"utility":95,"ID":24},{"utility":55,"ID":25}],"LAST COALITION":[[],[{"utility":57,"ID":2},{"utility":0,"ID":23}],[{"utility":0,"ID":10}],[{"utility":94,"ID":7},{"utility":0,"ID":12}],[{"utility":0,"ID":4}],[{"utility":0,"ID":17}],[{"utility":71,"ID":1},{"utility":72,"ID":13}],[{"utility":91,"ID":3},{"utility":95,"ID":24}],[{"utility":0,"ID":5}],[{"utility":0,"ID":8}],[],[{"utility":0,"ID":11}],[{"utility":74,"ID":6},{"utility":59,"ID":19}],[{"utility":36,"ID":9},{"utility":17,"ID":16}],[{"utility":39,"ID":14},{"utility":55,"ID":25}],[{"utility":0,"ID":15}],[{"utility":94,"ID":20},{"utility":55,"ID":22}],[{"utility":55,"ID":18},{"utility":57,"ID":21}],[],[],[],[],[],[],[],[]],"STARTING COALITION: ":[[null],[{"utility":28.5,"ID":2},{"utility":0,"ID":3},{"utility":0,"ID":23}],[{"utility":0,"ID":16}],[{"utility":37.25,"ID":7},{"utility":22.25,"ID":12},{"utility":8.75,"ID":19},{"utility":6,"ID":21},{"utility":19,"ID":22}],[{"utility":0,"ID":4}],[{"utility":32.5,"ID":6},{"utility":68,"ID":17},{"utility":0,"ID":18}],[],[],[{"utility":0,"ID":5},{"utility":0,"ID":10}],[{"utility":0,"ID":1},{"utility":0,"ID":8},{"utility":36.5,"ID":9}],[{"utility":0,"ID":13},{"utility":0,"ID":14},{"utility":0,"ID":15}],[{"utility":14,"ID":11},{"utility":0,"ID":20},{"utility":40.5,"ID":25}],[{"utility":0,"ID":24}],[],[],[],[],[],[],[],[],[],[],[],[],[]],"CORE :":true,"LAST PARTITION":{"22":16,"23":1,"24":7,"25":14,"10":2,"11":11,"12":3,"13":6,"14":14,"15":15,"16":13,"17":5,"18":17,"19":12,"1":6,"2":1,"3":7,"4":4,"5":8,"6":12,"7":3,"8":9,"9":13,"20":16,"21":17}},{"STARTING PARTITION: ":{"22":7,"23":8,"24":4,"25":12,"10":9,"11":9,"12":9,"13":5,"14":10,"15":11,"16":9,"17":12,"18":9,"19":9,"1":1,"2":1,"3":11,"4":9,"5":6,"6":8,"7":11,"8":9,"9":7,"20":1,"21":12},"Agents":[null,{"utility":71,"ID":1},{"utility":0,"ID":2},{"utility":91,"ID":3},{"utility":0,"ID":4},{"utility":0,"ID":5},{"utility":74,"ID":6},{"utility":0,"ID":7},{"utility":2,"ID":8},{"utility":36,"ID":9},{"utility":0,"ID":10},{"utility":32,"ID":11},{"utility":0,"ID":12},{"utility":72,"ID":13},{"utility":39,"ID":14},{"utility":0,"ID":15},{"utility":17,"ID":16},{"utility":0,"ID":17},{"utility":55,"ID":18},{"utility":59,"ID":19},{"utility":94,"ID":20},{"utility":57,"ID":21},{"utility":55,"ID":22},{"utility":0,"ID":23},{"utility":95,"ID":24},{"utility":55,"ID":25}],"LAST COALITION":[[],[{"utility":0,"ID":2}],[{"utility":71,"ID":1},{"utility":72,"ID":13}],[{"utility":91,"ID":3},{"utility":95,"ID":24}],[{"utility":0,"ID":17}],[{"utility":0,"ID":4}],[{"utility":0,"ID":5}],[{"utility":55,"ID":18},{"utility":57,"ID":21}],[{"utility":0,"ID":23}],[{"utility":2,"ID":8},{"utility":32,"ID":11},{"utility":0,"ID":12}],[{"utility":39,"ID":14},{"utility":55,"ID":25}],[{"utility":0,"ID":7}],[],[{"utility":74,"ID":6},{"utility":59,"ID":19}],[{"utility":36,"ID":9},{"utility":17,"ID":16}],[{"utility":0,"ID":10}],[{"utility":0,"ID":15}],[{"utility":94,"ID":20},{"utility":55,"ID":22}],[],[],[],[],[],[],[],[]],"STARTING COALITION: ":[[null],[{"utility":14.5,"ID":1},{"utility":7,"ID":2},{"utility":10.5,"ID":20}],[],[],[{"utility":0,"ID":24}],[{"utility":0,"ID":13}],[{"utility":0,"ID":5}],[{"utility":0,"ID":9},{"utility":0,"ID":22}],[{"utility":0,"ID":6},{"utility":0,"ID":23}],[{"utility":19.714285714285715,"ID":4},{"utility":6.714285714285714,"ID":8},{"utility":8.714285714285714,"ID":10},{"utility":19,"ID":11},{"utility":9.142857142857142,"ID":12},{"utility":8.428571428571429,"ID":16},{"utility":9.428571428571429,"ID":18},{"utility":19.285714285714285,"ID":19}],[{"utility":0,"ID":14}],[{"utility":0,"ID":3},{"utility":0,"ID":7},{"utility":0,"ID":15}],[{"utility":48.5,"ID":17},{"utility":0,"ID":21},{"utility":32,"ID":25}],[],[],[],[],[],[],[],[],[],[],[],[],[]],"CORE :":true,"LAST PARTITION":{"22":17,"23":8,"24":3,"25":10,"10":15,"11":9,"12":9,"13":2,"14":10,"15":16,"16":14,"17":4,"18":7,"19":13,"1":2,"2":1,"3":3,"4":5,"5":6,"6":13,"7":11,"8":9,"9":14,"20":17,"21":7}},{"STARTING PARTITION: ":{"22":8,"23":4,"24":2,"25":9,"10":2,"11":9,"12":10,"13":2,"14":9,"15":9,"16":9,"17":11,"18":6,"19":12,"1":12,"2":8,"3":10,"4":10,"5":4,"6":1,"7":3,"8":12,"9":10,"20":2,"21":7},"Agents":[null,{"utility":71,"ID":1},{"utility":0,"ID":2},{"utility":91,"ID":3},{"utility":20,"ID":4},{"utility":0,"ID":5},{"utility":74,"ID":6},{"utility":0,"ID":7},{"utility":0,"ID":8},{"utility":0,"ID":9},{"utility":0,"ID":10},{"utility":0,"ID":11},{"utility":0,"ID":12},{"utility":72,"ID":13},{"utility":39,"ID":14},{"utility":0,"ID":15},{"utility":59,"ID":16},{"utility":0,"ID":17},{"utility":55,"ID":18},{"utility":59,"ID":19},{"utility":94,"ID":20},{"utility":57,"ID":21},{"utility":55,"ID":22},{"utility":0,"ID":23},{"utility":95,"ID":24},{"utility":55,"ID":25}],"LAST COALITION":[[],[{"utility":74,"ID":6},{"utility":59,"ID":19}],[{"utility":94,"ID":20},{"utility":55,"ID":22}],[{"utility":0,"ID":7}],[{"utility":0,"ID":5},{"utility":0,"ID":23}],[{"utility":71,"ID":1},{"utility":72,"ID":13}],[{"utility":55,"ID":18},{"utility":57,"ID":21}],[],[{"utility":0,"ID":2}],[{"utility":0,"ID":11},{"utility":59,"ID":16}],[{"utility":20,"ID":4},{"utility":0,"ID":9},{"utility":0,"ID":12}],[{"utility":0,"ID":10}],[{"utility":0,"ID":8}],[{"utility":91,"ID":3},{"utility":95,"ID":24}],[{"utility":0,"ID":17}],[{"utility":39,"ID":14},{"utility":55,"ID":25}],[{"utility":0,"ID":15}],[],[],[],[],[],[],[],[],[]],"STARTING COALITION: ":[[null],[{"utility":0,"ID":6}],[{"utility":0,"ID":10},{"utility":8,"ID":13},{"utility":43.333333333333336,"ID":20},{"utility":31.666666666666668,"ID":24}],[{"utility":0,"ID":7}],[{"utility":0,"ID":5},{"utility":0,"ID":23}],[],[{"utility":0,"ID":18}],[{"utility":0,"ID":21}],[{"utility":0,"ID":2},{"utility":0,"ID":22}],[{"utility":0,"ID":11},{"utility":9.75,"ID":14},{"utility":21.25,"ID":15},{"utility":25,"ID":16},{"utility":40.25,"ID":25}],[{"utility":0,"ID":3},{"utility":13.333333333333334,"ID":4},{"utility":0,"ID":9},{"utility":0,"ID":12}],[{"utility":0,"ID":17}],[{"utility":0,"ID":1},{"utility":21.5,"ID":8},{"utility":0,"ID":19}],[],[],[],[],[],[],[],[],[],[],[],[],[]],"CORE :":true,"LAST PARTITION":{"22":2,"23":4,"24":13,"25":15,"10":11,"11":9,"12":10,"13":5,"14":15,"15":16,"16":9,"17":14,"18":6,"19":1,"1":5,"2":8,"3":13,"4":10,"5":4,"6":1,"7":3,"8":12,"9":10,"20":2,"21":6}},{"STARTING PARTITION: ":{"22":3,"23":11,"24":10,"25":5,"10":7,"11":1,"12":3,"13":8,"14":6,"15":5,"16":6,"17":11,"18":7,"19":12,"1":4,"2":10,"3":4,"4":4,"5":2,"6":10,"7":2,"8":5,"9":2,"20":11,"21":1},"Agents":[null,{"utility":71,"ID":1},{"utility":0,"ID":2},{"utility":91,"ID":3},{"utility":0,"ID":4},{"utility":0,"ID":5},{"utility":74,"ID":6},{"utility":0,"ID":7},{"utility":0,"ID":8},{"utility":36,"ID":9},{"utility":0,"ID":10},{"utility":0,"ID":11},{"utility":0,"ID":12},{"utility":72,"ID":13},{"utility":39,"ID":14},{"utility":0,"ID":15},{"utility":17,"ID":16},{"utility":0,"ID":17},{"utility":55,"ID":18},{"utility":59,"ID":19},{"utility":94,"ID":20},{"utility":57,"ID":21},{"utility":55,"ID":22},{"utility":0,"ID":23},{"utility":95,"ID":24},{"utility":55,"ID":25}],"LAST COALITION":[[],[{"utility":0,"ID":11}],[{"utility":0,"ID":5},{"utility":0,"ID":7}],[{"utility":0,"ID":12}],[{"utility":0,"ID":17}],[{"utility":0,"ID":8}],[{"utility":39,"ID":14},{"utility":55,"ID":25}],[{"utility":0,"ID":10}],[{"utility":91,"ID":3},{"utility":95,"ID":24}],[{"utility":71,"ID":1},{"utility":72,"ID":13}],[{"utility":0,"ID":2}],[{"utility":0,"ID":23}],[{"utility":36,"ID":9},{"utility":17,"ID":16}],[{"utility":0,"ID":4}],[{"utility":74,"ID":6},{"utility":59,"ID":19}],[],[{"utility":0,"ID":15}],[{"utility":94,"ID":20},{"utility":55,"ID":22}],[{"utility":55,"ID":18},{"utility":57,"ID":21}],[],[],[],[],[],[],[]],"STARTING COALITION: ":[[null],[{"utility":0,"ID":11},{"utility":7,"ID":21}],[{"utility":23,"ID":5},{"utility":0,"ID":7},{"utility":0,"ID":9}],[{"utility":0,"ID":12},{"utility":0,"ID":22}],[{"utility":0,"ID":1},{"utility":0,"ID":3},{"utility":0,"ID":4}],[{"utility":24,"ID":8},{"utility":42.5,"ID":15},{"utility":12.5,"ID":25}],[{"utility":0,"ID":14},{"utility":0,"ID":16}],[{"utility":61,"ID":10},{"utility":0,"ID":18}],[{"utility":0,"ID":13}],[],[{"utility":0,"ID":2},{"utility":0,"ID":6},{"utility":0,"ID":24}],[{"utility":13,"ID":17},{"utility":0,"ID":20},{"utility":0,"ID":23}],[{"utility":0,"ID":19}],[],[],[],[],[],[],[],[],[],[],[],[],[]],"CORE :":true,"LAST PARTITION":{"22":17,"23":11,"24":8,"25":6,"10":7,"11":1,"12":3,"13":9,"14":6,"15":16,"16":12,"17":4,"18":18,"19":14,"1":9,"2":10,"3":8,"4":13,"5":2,"6":14,"7":2,"8":5,"9":12,"20":17,"21":18}},{"STARTING PARTITION: ":{"22":2,"23":4,"24":12,"25":7,"10":8,"11":10,"12":10,"13":9,"14":3,"15":4,"16":9,"17":10,"18":6,"19":3,"1":8,"2":8,"3":1,"4":9,"5":9,"6":10,"7":7,"8":10,"9":10,"20":12,"21":6},"Agents":[null,{"utility":71,"ID":1},{"utility":0,"ID":2},{"utility":91,"ID":3},{"utility":0,"ID":4},{"utility":0,"ID":5},{"utility":74,"ID":6},{"utility":0,"ID":7},{"utility":2,"ID":8},{"utility":36,"ID":9},{"utility":0,"ID":10},{"utility":32,"ID":11},{"utility":0,"ID":12},{"utility":72,"ID":13},{"utility":39,"ID":14},{"utility":0,"ID":15},{"utility":17,"ID":16},{"utility":0,"ID":17},{"utility":55,"ID":18},{"utility":59,"ID":19},{"utility":94,"ID":20},{"utility":57,"ID":21},{"utility":55,"ID":22},{"utility":14,"ID":23},{"utility":95,"ID":24},{"utility":55,"ID":25}],"LAST COALITION":[[],[],[{"utility":91,"ID":3},{"utility":95,"ID":24}],[{"utility":39,"ID":14},{"utility":55,"ID":25}],[{"utility":0,"ID":15},{"utility":14,"ID":23}],[{"utility":71,"ID":1},{"utility":72,"ID":13}],[{"utility":55,"ID":18},{"utility":57,"ID":21}],[{"utility":0,"ID":7}],[{"utility":0,"ID":2}],[{"utility":0,"ID":5}],[{"utility":2,"ID":8},{"utility":32,"ID":11},{"utility":0,"ID":12}],[{"utility":0,"ID":17}],[],[{"utility":74,"ID":6},{"utility":59,"ID":19}],[{"utility":36,"ID":9},{"utility":17,"ID":16}],[{"utility":0,"ID":4}],[{"utility":0,"ID":10}],[{"utility":94,"ID":20},{"utility":55,"ID":22}],[],[],[],[],[],[],[],[]],"STARTING COALITION: ":[[null],[{"utility":0,"ID":3}],[{"utility":0,"ID":22}],[{"utility":0,"ID":14},{"utility":0,"ID":19}],[{"utility":0,"ID":15},{"utility":14,"ID":23}],[],[{"utility":55,"ID":18},{"utility":57,"ID":21}],[{"utility":0,"ID":7},{"utility":0,"ID":25}],[{"utility":14.5,"ID":1},{"utility":0,"ID":2},{"utility":0,"ID":10}],[{"utility":57.666666666666664,"ID":4},{"utility":14,"ID":5},{"utility":20.333333333333332,"ID":13},{"utility":0,"ID":16}],[{"utility":13,"ID":6},{"utility":0.8,"ID":8},{"utility":16,"ID":9},{"utility":15.6,"ID":11},{"utility":0,"ID":12},{"utility":9.8,"ID":17}],[],[{"utility":0,"ID":20},{"utility":95,"ID":24}],[],[],[],[],[],[],[],[],[],[],[],[],[]],"CORE :":true,"LAST PARTITION":{"22":17,"23":4,"24":2,"25":3,"10":16,"11":10,"12":10,"13":5,"14":3,"15":4,"16":14,"17":11,"18":6,"19":13,"1":5,"2":8,"3":2,"4":15,"5":9,"6":13,"7":7,"8":10,"9":14,"20":17,"21":6}},{"STARTING PARTITION: ":{"22":2,"23":8,"24":12,"25":7,"10":2,"11":7,"12":7,"13":11,"14":3,"15":9,"16":2,"17":12,"18":6,"19":12,"1":8,"2":12,"3":2,"4":5,"5":1,"6":7,"7":1,"8":12,"9":12,"20":8,"21":3},"Agents":[null,{"utility":71,"ID":1},{"utility":0,"ID":2},{"utility":91,"ID":3},{"utility":0,"ID":4},{"utility":0,"ID":5},{"utility":74,"ID":6},{"utility":0,"ID":7},{"utility":65,"ID":8},{"utility":36,"ID":9},{"utility":40,"ID":10},{"utility":32,"ID":11},{"utility":0,"ID":12},{"utility":72,"ID":13},{"utility":36,"ID":14},{"utility":0,"ID":15},{"utility":17,"ID":16},{"utility":0,"ID":17},{"utility":55,"ID":18},{"utility":59,"ID":19},{"utility":94,"ID":20},{"utility":57,"ID":21},{"utility":55,"ID":22},{"utility":0,"ID":23},{"utility":95,"ID":24},{"utility":67,"ID":25}],"LAST COALITION":[[],[{"utility":0,"ID":5},{"utility":0,"ID":7}],[{"utility":55,"ID":18},{"utility":57,"ID":21}],[],[{"utility":71,"ID":1},{"utility":72,"ID":13}],[{"utility":0,"ID":4}],[{"utility":94,"ID":20},{"utility":55,"ID":22}],[{"utility":32,"ID":11},{"utility":0,"ID":12},{"utility":67,"ID":25}],[{"utility":0,"ID":23}],[],[{"utility":91,"ID":3},{"utility":95,"ID":24}],[{"utility":0,"ID":17}],[{"utility":0,"ID":2},{"utility":65,"ID":8}],[{"utility":74,"ID":6},{"utility":59,"ID":19}],[{"utility":36,"ID":9},{"utility":17,"ID":16}],[{"utility":40,"ID":10},{"utility":36,"ID":14}],[{"utility":0,"ID":15}],[],[],[],[],[],[],[],[],[]],"STARTING COALITION: ":[[null],[{"utility":0,"ID":5},{"utility":0,"ID":7}],[{"utility":77,"ID":3},{"utility":0,"ID":10},{"utility":9,"ID":16},{"utility":0,"ID":22}],[{"utility":32,"ID":14},{"utility":24,"ID":21}],[],[{"utility":0,"ID":4}],[{"utility":0,"ID":18}],[{"utility":15.333333333333334,"ID":6},{"utility":26,"ID":11},{"utility":0,"ID":12},{"utility":44.666666666666664,"ID":25}],[{"utility":0,"ID":1},{"utility":10.5,"ID":20},{"utility":0,"ID":23}],[{"utility":0,"ID":15}],[],[{"utility":0,"ID":13}],[{"utility":0,"ID":2},{"utility":21.6,"ID":8},{"utility":0,"ID":9},{"utility":0,"ID":17},{"utility":0,"ID":19},{"utility":0,"ID":24}],[],[],[],[],[],[],[],[],[],[],[],[],[]],"CORE :":true,"LAST PARTITION":{"22":6,"23":8,"24":10,"25":7,"10":15,"11":7,"12":7,"13":4,"14":15,"15":16,"16":14,"17":11,"18":2,"19":13,"1":4,"2":12,"3":10,"4":5,"5":1,"6":13,"7":1,"8":12,"9":14,"20":6,"21":2}},{"STARTING PARTITION: ":{"22":2,"23":9,"24":4,"25":8,"10":11,"11":10,"12":3,"13":12,"14":7,"15":9,"16":6,"17":2,"18":3,"19":9,"1":11,"2":7,"3":10,"4":3,"5":5,"6":3,"7":6,"8":11,"9":9,"20":1,"21":7},"Agents":[null,{"utility":71,"ID":1},{"utility":0,"ID":2},{"utility":91,"ID":3},{"utility":0,"ID":4},{"utility":0,"ID":5},{"utility":74,"ID":6},{"utility":0,"ID":7},{"utility":0,"ID":8},{"utility":36,"ID":9},{"utility":0,"ID":10},{"utility":0,"ID":11},{"utility":0,"ID":12},{"utility":72,"ID":13},{"utility":39,"ID":14},{"utility":0,"ID":15},{"utility":17,"ID":16},{"utility":0,"ID":17},{"utility":0,"ID":18},{"utility":59,"ID":19},{"utility":94,"ID":20},{"utility":94,"ID":21},{"utility":55,"ID":22},{"utility":14,"ID":23},{"utility":95,"ID":24},{"utility":55,"ID":25}],"LAST COALITION":[[],[{"utility":94,"ID":20},{"utility":55,"ID":22}],[],[{"utility":0,"ID":12}],[{"utility":0,"ID":4}],[{"utility":0,"ID":5}],[{"utility":0,"ID":7}],[{"utility":0,"ID":2},{"utility":94,"ID":21}],[{"utility":0,"ID":17}],[{"utility":0,"ID":15},{"utility":14,"ID":23}],[{"utility":0,"ID":11}],[{"utility":0,"ID":8}],[{"utility":91,"ID":3},{"utility":95,"ID":24}],[{"utility":71,"ID":1},{"utility":72,"ID":13}],[{"utility":74,"ID":6},{"utility":59,"ID":19}],[{"utility":36,"ID":9},{"utility":17,"ID":16}],[{"utility":0,"ID":10}],[{"utility":39,"ID":14},{"utility":55,"ID":25}],[{"utility":0,"ID":18}],[],[],[],[],[],[],[]],"STARTING COALITION: ":[[null],[{"utility":0,"ID":20}],[{"utility":0,"ID":17},{"utility":88,"ID":22}],[{"utility":0,"ID":4},{"utility":0,"ID":6},{"utility":0,"ID":12},{"utility":22,"ID":18}],[{"utility":0,"ID":24}],[{"utility":0,"ID":5}],[{"utility":0,"ID":7},{"utility":0,"ID":16}],[{"utility":0,"ID":2},{"utility":32,"ID":14},{"utility":59,"ID":21}],[{"utility":0,"ID":25}],[{"utility":0,"ID":9},{"utility":14,"ID":15},{"utility":0,"ID":19},{"utility":6,"ID":23}],[{"utility":0,"ID":3},{"utility":0,"ID":11}],[{"utility":0,"ID":1},{"utility":0,"ID":8},{"utility":0,"ID":10}],[{"utility":0,"ID":13}],[],[],[],[],[],[],[],[],[],[],[],[],[]],"CORE :":true,"LAST PARTITION":{"22":1,"23":9,"24":12,"25":17,"10":16,"11":10,"12":3,"13":13,"14":17,"15":9,"16":15,"17":8,"18":18,"19":14,"1":13,"2":7,"3":12,"4":4,"5":5,"6":14,"7":6,"8":11,"9":15,"20":1,"21":7}},{"STARTING PARTITION: ":{"22":12,"23":8,"24":7,"25":10,"10":12,"11":9,"12":7,"13":1,"14":12,"15":10,"16":4,"17":7,"18":3,"19":12,"1":1,"2":11,"3":3,"4":4,"5":12,"6":2,"7":10,"8":8,"9":8,"20":2,"21":11},"Agents":[null,{"utility":71,"ID":1},{"utility":0,"ID":2},{"utility":91,"ID":3},{"utility":0,"ID":4},{"utility":0,"ID":5},{"utility":74,"ID":6},{"utility":0,"ID":7},{"utility":0,"ID":8},{"utility":36,"ID":9},{"utility":0,"ID":10},{"utility":0,"ID":11},{"utility":0,"ID":12},{"utility":72,"ID":13},{"utility":39,"ID":14},{"utility":0,"ID":15},{"utility":17,"ID":16},{"utility":0,"ID":17},{"utility":0,"ID":18},{"utility":59,"ID":19},{"utility":94,"ID":20},{"utility":94,"ID":21},{"utility":55,"ID":22},{"utility":0,"ID":23},{"utility":95,"ID":24},{"utility":55,"ID":25}],"LAST COALITION":[[],[{"utility":71,"ID":1},{"utility":72,"ID":13}],[{"utility":94,"ID":20},{"utility":55,"ID":22}],[],[{"utility":0,"ID":10}],[{"utility":91,"ID":3},{"utility":95,"ID":24}],[{"utility":0,"ID":17}],[{"utility":0,"ID":12}],[{"utility":0,"ID":8},{"utility":0,"ID":23}],[{"utility":0,"ID":11}],[{"utility":0,"ID":7},{"utility":0,"ID":15}],[{"utility":0,"ID":2},{"utility":94,"ID":21}],[{"utility":0,"ID":5}],[{"utility":74,"ID":6},{"utility":59,"ID":19}],[{"utility":36,"ID":9},{"utility":17,"ID":16}],[{"utility":0,"ID":4}],[{"utility":39,"ID":14},{"utility":55,"ID":25}],[{"utility":0,"ID":18}],[],[],[],[],[],[],[],[]],"STARTING COALITION: ":[[null],[{"utility":71,"ID":1},{"utility":72,"ID":13}],[{"utility":0,"ID":6},{"utility":0,"ID":20}],[{"utility":30,"ID":3},{"utility":0,"ID":18}],[{"utility":85,"ID":4},{"utility":0,"ID":16}],[],[],[{"utility":0,"ID":12},{"utility":0,"ID":17},{"utility":0,"ID":24}],[{"utility":0,"ID":8},{"utility":0,"ID":9},{"utility":2,"ID":23}],[{"utility":0,"ID":11}],[{"utility":0,"ID":7},{"utility":42.5,"ID":15},{"utility":12.5,"ID":25}],[{"utility":0,"ID":2},{"utility":94,"ID":21}],[{"utility":0,"ID":5},{"utility":10,"ID":10},{"utility":9,"ID":14},{"utility":0,"ID":19},{"utility":19,"ID":22}],[],[],[],[],[],[],[],[],[],[],[],[],[]],"CORE :":true,"LAST PARTITION":{"22":2,"23":8,"24":5,"25":16,"10":4,"11":9,"12":7,"13":1,"14":16,"15":10,"16":14,"17":6,"18":17,"19":13,"1":1,"2":11,"3":5,"4":15,"5":12,"6":13,"7":10,"8":8,"9":14,"20":2,"21":11}},{"STARTING PARTITION: ":{"22":8,"23":3,"24":9,"25":7,"10":8,"11":4,"12":9,"13":5,"14":7,"15":6,"16":8,"17":6,"18":8,"19":7,"1":5,"2":1,"3":5,"4":12,"5":4,"6":12,"7":5,"8":10,"9":10,"20":1,"21":5},"Agents":[null,{"utility":71,"ID":1},{"utility":0,"ID":2},{"utility":91,"ID":3},{"utility":0,"ID":4},{"utility":47,"ID":5},{"utility":74,"ID":6},{"utility":0,"ID":7},{"utility":0,"ID":8},{"utility":36,"ID":9},{"utility":0,"ID":10},{"utility":0,"ID":11},{"utility":0,"ID":12},{"utility":72,"ID":13},{"utility":39,"ID":14},{"utility":0,"ID":15},{"utility":17,"ID":16},{"utility":0,"ID":17},{"utility":55,"ID":18},{"utility":59,"ID":19},{"utility":94,"ID":20},{"utility":57,"ID":21},{"utility":55,"ID":22},{"utility":0,"ID":23},{"utility":95,"ID":24},{"utility":55,"ID":25}],"LAST COALITION":[[],[{"utility":0,"ID":2}],[{"utility":71,"ID":1},{"utility":72,"ID":13}],[{"utility":0,"ID":23}],[{"utility":47,"ID":5},{"utility":0,"ID":11}],[{"utility":0,"ID":7}],[],[{"utility":39,"ID":14},{"utility":55,"ID":25}],[{"utility":0,"ID":10}],[{"utility":0,"ID":12}],[{"utility":0,"ID":8}],[{"utility":91,"ID":3},{"utility":95,"ID":24}],[{"utility":0,"ID":4}],[{"utility":0,"ID":17}],[{"utility":74,"ID":6},{"utility":59,"ID":19}],[{"utility":36,"ID":9},{"utility":17,"ID":16}],[{"utility":0,"ID":15}],[{"utility":94,"ID":20},{"utility":55,"ID":22}],[{"utility":55,"ID":18},{"utility":57,"ID":21}],[],[],[],[],[],[],[]],"STARTING COALITION: ":[[null],[{"utility":14,"ID":2},{"utility":0,"ID":20}],[],[{"utility":0,"ID":23}],[{"utility":47,"ID":5},{"utility":0,"ID":11}],[{"utility":17.75,"ID":1},{"utility":0,"ID":3},{"utility":0,"ID":7},{"utility":21,"ID":13},{"utility":16.25,"ID":21}],[{"utility":57,"ID":15},{"utility":0,"ID":17}],[{"utility":19.5,"ID":14},{"utility":0,"ID":19},{"utility":27.5,"ID":25}],[{"utility":20.333333333333332,"ID":10},{"utility":9,"ID":16},{"utility":18.333333333333332,"ID":18},{"utility":14.333333333333334,"ID":22}],[{"utility":0,"ID":12},{"utility":0,"ID":24}],[{"utility":0,"ID":8},{"utility":0,"ID":9}],[],[{"utility":0,"ID":4},{"utility":0,"ID":6}],[],[],[],[],[],[],[],[],[],[],[],[],[]],"CORE :":true,"LAST PARTITION":{"22":17,"23":3,"24":11,"25":7,"10":8,"11":4,"12":9,"13":2,"14":7,"15":16,"16":15,"17":13,"18":18,"19":14,"1":2,"2":1,"3":11,"4":12,"5":4,"6":14,"7":5,"8":10,"9":15,"20":17,"21":18}},{"END OF FILE:" : true}]