[{"Modalità dinamica :":false,"Q : ":2,"STARTING PARTITION: ":{"22":10,"23":11,"24":12,"25":10,"26":4,"27":15,"28":4,"29":4,"30":3,"10":1,"11":14,"12":12,"13":14,"14":10,"15":14,"16":10,"17":2,"18":2,"19":14,"1":4,"2":14,"3":11,"4":4,"5":11,"6":3,"7":3,"8":4,"9":12,"20":1,"21":11},"LAST COALITION":[[],[{"utility":50,"ID":2},{"utility":24,"ID":22}],[{"utility":72,"ID":14},{"utility":99,"ID":16}],[{"utility":0,"ID":30}],[{"utility":84,"ID":13},{"utility":60,"ID":18}],[{"utility":0,"ID":28}],[{"utility":75,"ID":11},{"utility":64,"ID":12}],[{"utility":0,"ID":15}],[{"utility":98,"ID":1},{"utility":82,"ID":21}],[{"utility":0,"ID":26}],[{"utility":0,"ID":25}],[{"utility":82,"ID":7},{"utility":40,"ID":23}],[{"utility":47,"ID":6},{"utility":45,"ID":9}],[{"utility":45,"ID":3},{"utility":91,"ID":20}],[{"utility":0,"ID":19}],[{"utility":0,"ID":27}],[],[{"utility":92,"ID":10},{"utility":94,"ID":29}],[{"utility":88,"ID":5},{"utility":35,"ID":24}],[{"utility":32,"ID":4},{"utility":61,"ID":8}],[],[{"utility":0,"ID":17}],[],[],[],[],[],[],[],[],[]],"STARTING COALITION: ":[[null],[{"utility":0,"ID":10},{"utility":63,"ID":20}],[{"utility":0,"ID":17},{"utility":14,"ID":18}],[{"utility":52.5,"ID":6},{"utility":2.5,"ID":7},{"utility":16,"ID":30}],[{"utility":30,"ID":1},{"utility":40.8,"ID":4},{"utility":48.4,"ID":8},{"utility":11.6,"ID":26},{"utility":31.8,"ID":28},{"utility":13,"ID":29}],[],[],[],[],[],[{"utility":35,"ID":14},{"utility":39.666666666666664,"ID":16},{"utility":34.666666666666664,"ID":22},{"utility":49.333333333333336,"ID":25}],[{"utility":48.666666666666664,"ID":3},{"utility":35,"ID":5},{"utility":25.333333333333332,"ID":21},{"utility":0,"ID":23}],[{"utility":31.5,"ID":9},{"utility":0,"ID":12},{"utility":0,"ID":24}],[],[{"utility":32.75,"ID":2},{"utility":27.25,"ID":11},{"utility":6.5,"ID":13},{"utility":28,"ID":15},{"utility":1.75,"ID":19}],[{"utility":0,"ID":27}],[],[],[],[],[],[],[],[],[],[],[],[],[],[],[]],"CORE :":false,"Relazioni :":470,"Time : ":0.1,"LAST PARTITION":{"22":1,"23":11,"24":18,"25":10,"26":9,"27":15,"28":5,"29":17,"30":3,"10":17,"11":6,"12":6,"13":4,"14":2,"15":7,"16":2,"17":21,"18":4,"19":14,"1":8,"2":1,"3":13,"4":19,"5":18,"6":12,"7":11,"8":19,"9":12,"20":13,"21":8}},{"Modalità dinamica :":false,"Q : ":2,"STARTING PARTITION: ":{"22":10,"23":11,"24":12,"25":10,"26":4,"27":15,"28":4,"29":4,"30":3,"10":1,"11":14,"12":12,"13":14,"14":10,"15":14,"16":10,"17":2,"18":2,"19":14,"1":4,"2":14,"3":11,"4":4,"5":11,"6":3,"7":3,"8":4,"9":12,"20":1,"21":11},"LAST COALITION":[[],[{"utility":50,"ID":2},{"utility":24,"ID":22}],[{"utility":72,"ID":14},{"utility":99,"ID":16}],[{"utility":0,"ID":30}],[{"utility":84,"ID":13},{"utility":60,"ID":18}],[{"utility":0,"ID":28}],[{"utility":75,"ID":11},{"utility":64,"ID":12}],[{"utility":0,"ID":15}],[{"utility":98,"ID":1},{"utility":82,"ID":21}],[{"utility":0,"ID":26}],[{"utility":0,"ID":25}],[{"utility":82,"ID":7},{"utility":40,"ID":23}],[{"utility":47,"ID":6},{"utility":45,"ID":9}],[{"utility":45,"ID":3},{"utility":91,"ID":20}],[{"utility":0,"ID":19}],[{"utility":0,"ID":27}],[],[{"utility":92,"ID":10},{"utility":94,"ID":29}],[{"utility":88,"ID":5},{"utility":35,"ID":24}],[{"utility":32,"ID":4},{"utility":61,"ID":8}],[],[{"utility":0,"ID":17}],[],[],[],[],[],[],[],[],[]],"STARTING COALITION: ":[[null],[{"utility":0,"ID":10},{"utility":63,"ID":20}],[{"utility":0,"ID":17},{"utility":14,"ID":18}],[{"utility":52.5,"ID":6},{"utility":2.5,"ID":7},{"utility":16,"ID":30}],[{"utility":30,"ID":1},{"utility":40.8,"ID":4},{"utility":48.4,"ID":8},{"utility":11.6,"ID":26},{"utility":31.8,"ID":28},{"utility":13,"ID":29}],[],[],[],[],[],[{"utility":35,"ID":14},{"utility":39.666666666666664,"ID":16},{"utility":34.666666666666664,"ID":22},{"utility":49.333333333333336,"ID":25}],[{"utility":48.666666666666664,"ID":3},{"utility":35,"ID":5},{"utility":25.333333333333332,"ID":21},{"utility":0,"ID":23}],[{"utility":31.5,"ID":9},{"utility":0,"ID":12},{"utility":0,"ID":24}],[],[{"utility":32.75,"ID":2},{"utility":27.25,"ID":11},{"utility":6.5,"ID":13},{"utility":28,"ID":15},{"utility":1.75,"ID":19}],[{"utility":0,"ID":27}],[],[],[],[],[],[],[],[],[],[],[],[],[],[],[]],"CORE :":false,"Relazioni :":470,"Time : ":0.2,"LAST PARTITION":{"22":1,"23":11,"24":18,"25":10,"26":9,"27":15,"28":5,"29":17,"30":3,"10":17,"11":6,"12":6,"13":4,"14":2,"15":7,"16":2,"17":21,"18":4,"19":14,"1":8,"2":1,"3":13,"4":19,"5":18,"6":12,"7":11,"8":19,"9":12,"20":13,"21":8}},{"Modalità dinamica :":false,"Q : ":3,"STARTING PARTITION: ":{"22":10,"23":11,"24":12,"25":10,"26":4,"27":15,"28":4,"29":4,"30":3,"10":1,"11":14,"12":12,"13":14,"14":10,"15":14,"16":10,"17":2,"18":2,"19":14,"1":4,"2":14,"3":11,"4":4,"5":11,"6":3,"7":3,"8":4,"9":12,"20":1,"21":11},"LAST COALITION":[[],[{"utility":50,"ID":2},{"utility":24,"ID":22}],[{"utility":72,"ID":14},{"utility":99,"ID":16}],[{"utility":0,"ID":30}],[{"utility":84,"ID":13},{"utility":60,"ID":18}],[{"utility":0,"ID":28}],[{"utility":75,"ID":11},{"utility":64,"ID":12}],[{"utility":0,"ID":15}],[{"utility":98,"ID":1},{"utility":82,"ID":21}],[{"utility":0,"ID":26}],[{"utility":0,"ID":25}],[{"utility":82,"ID":7},{"utility":40,"ID":23}],[{"utility":0,"ID":6}],[{"utility":45,"ID":3},{"utility":91,"ID":20}],[{"utility":0,"ID":19}],[{"utility":0,"ID":27}],[],[{"utility":92,"ID":10},{"utility":94,"ID":29}],[{"utility":88,"ID":5},{"utility":35,"ID":24}],[{"utility":32,"ID":4},{"utility":61,"ID":8}],[{"utility":0,"ID":9}],[{"utility":0,"ID":17}],[],[],[],[],[],[],[],[],[]],"STARTING COALITION: ":[[null],[{"utility":0,"ID":10},{"utility":63,"ID":20}],[{"utility":0,"ID":17},{"utility":14,"ID":18}],[{"utility":52.5,"ID":6},{"utility":2.5,"ID":7},{"utility":16,"ID":30}],[{"utility":30,"ID":1},{"utility":40.8,"ID":4},{"utility":48.4,"ID":8},{"utility":11.6,"ID":26},{"utility":31.8,"ID":28},{"utility":13,"ID":29}],[],[],[],[],[],[{"utility":35,"ID":14},{"utility":39.666666666666664,"ID":16},{"utility":34.666666666666664,"ID":22},{"utility":49.333333333333336,"ID":25}],[{"utility":48.666666666666664,"ID":3},{"utility":35,"ID":5},{"utility":25.333333333333332,"ID":21},{"utility":0,"ID":23}],[{"utility":31.5,"ID":9},{"utility":0,"ID":12},{"utility":0,"ID":24}],[],[{"utility":32.75,"ID":2},{"utility":27.25,"ID":11},{"utility":6.5,"ID":13},{"utility":28,"ID":15},{"utility":1.75,"ID":19}],[{"utility":0,"ID":27}],[],[],[],[],[],[],[],[],[],[],[],[],[],[],[]],"CORE :":false,"Relazioni :":470,"Time : ":0.1,"LAST PARTITION":{"22":1,"23":11,"24":18,"25":10,"26":9,"27":15,"28":5,"29":17,"30":3,"10":17,"11":6,"12":6,"13":4,"14":2,"15":7,"16":2,"17":21,"18":4,"19":14,"1":8,"2":1,"3":13,"4":19,"5":18,"6":12,"7":11,"8":19,"9":20,"20":13,"21":8}},{"Modalità dinamica :":false,"Q : ":3,"STARTING PARTITION: ":{"22":10,"23":11,"24":12,"25":10,"26":4,"27":15,"28":4,"29":4,"30":3,"10":1,"11":14,"12":12,"13":14,"14":10,"15":14,"16":10,"17":2,"18":2,"19":14,"1":4,"2":14,"3":11,"4":4,"5":11,"6":3,"7":3,"8":4,"9":12,"20":1,"21":11},"LAST COALITION":[[],[{"utility":50,"ID":2},{"utility":24,"ID":22}],[{"utility":72,"ID":14},{"utility":99,"ID":16}],[{"utility":0,"ID":30}],[{"utility":84,"ID":13},{"utility":60,"ID":18}],[{"utility":0,"ID":28}],[{"utility":75,"ID":11},{"utility":64,"ID":12}],[{"utility":0,"ID":15}],[{"utility":98,"ID":1},{"utility":82,"ID":21}],[{"utility":0,"ID":26}],[{"utility":0,"ID":25}],[{"utility":82,"ID":7},{"utility":40,"ID":23}],[{"utility":0,"ID":6}],[{"utility":45,"ID":3},{"utility":91,"ID":20}],[{"utility":0,"ID":19}],[{"utility":0,"ID":27}],[{"utility":0,"ID":8}],[{"utility":92,"ID":10},{"utility":94,"ID":29}],[{"utility":88,"ID":5},{"utility":35,"ID":24}],[],[{"utility":19,"ID":4},{"utility":97,"ID":9}],[{"utility":0,"ID":17}],[],[],[],[],[],[],[],[],[]],"STARTING COALITION: ":[[null],[{"utility":0,"ID":10},{"utility":63,"ID":20}],[{"utility":0,"ID":17},{"utility":14,"ID":18}],[{"utility":52.5,"ID":6},{"utility":2.5,"ID":7},{"utility":16,"ID":30}],[{"utility":30,"ID":1},{"utility":40.8,"ID":4},{"utility":48.4,"ID":8},{"utility":11.6,"ID":26},{"utility":31.8,"ID":28},{"utility":13,"ID":29}],[],[],[],[],[],[{"utility":35,"ID":14},{"utility":39.666666666666664,"ID":16},{"utility":34.666666666666664,"ID":22},{"utility":49.333333333333336,"ID":25}],[{"utility":48.666666666666664,"ID":3},{"utility":35,"ID":5},{"utility":25.333333333333332,"ID":21},{"utility":0,"ID":23}],[{"utility":31.5,"ID":9},{"utility":0,"ID":12},{"utility":0,"ID":24}],[],[{"utility":32.75,"ID":2},{"utility":27.25,"ID":11},{"utility":6.5,"ID":13},{"utility":28,"ID":15},{"utility":1.75,"ID":19}],[{"utility":0,"ID":27}],[],[],[],[],[],[],[],[],[],[],[],[],[],[],[]],"CORE :":false,"Relazioni :":470,"Time : ":0.2,"LAST PARTITION":{"22":1,"23":11,"24":18,"25":10,"26":9,"27":15,"28":5,"29":17,"30":3,"10":17,"11":6,"12":6,"13":4,"14":2,"15":7,"16":2,"17":21,"18":4,"19":14,"1":8,"2":1,"3":13,"4":20,"5":18,"6":12,"7":11,"8":16,"9":20,"20":13,"21":8}},{"Modalità dinamica :":false,"Q : ":4,"STARTING PARTITION: ":{"22":10,"23":11,"24":12,"25":10,"26":4,"27":15,"28":4,"29":4,"30":3,"10":1,"11":14,"12":12,"13":14,"14":10,"15":14,"16":10,"17":2,"18":2,"19":14,"1":4,"2":14,"3":11,"4":4,"5":11,"6":3,"7":3,"8":4,"9":12,"20":1,"21":11},"LAST COALITION":[[],[{"utility":50,"ID":2},{"utility":24,"ID":22}],[{"utility":99,"ID":16},{"utility":72,"ID":14}],[{"utility":0,"ID":30}],[{"utility":60,"ID":18},{"utility":84,"ID":13}],[{"utility":0,"ID":28}],[{"utility":75,"ID":11},{"utility":64,"ID":12}],[{"utility":0,"ID":15}],[{"utility":98,"ID":1},{"utility":82,"ID":21}],[{"utility":0,"ID":26}],[{"utility":0,"ID":25}],[{"utility":82,"ID":7},{"utility":40,"ID":23}],[{"utility":87,"ID":8},{"utility":58,"ID":9}],[{"utility":45,"ID":3},{"utility":91,"ID":20}],[{"utility":0,"ID":19}],[{"utility":0,"ID":27}],[{"utility":0,"ID":6}],[{"utility":92,"ID":10},{"utility":94,"ID":29}],[{"utility":88,"ID":5},{"utility":35,"ID":24}],[{"utility":0,"ID":4}],[],[{"utility":0,"ID":17}],[],[],[],[],[],[],[],[],[]],"STARTING COALITION: ":[[null],[{"utility":0,"ID":10},{"utility":63,"ID":20}],[{"utility":0,"ID":17},{"utility":14,"ID":18}],[{"utility":52.5,"ID":6},{"utility":2.5,"ID":7},{"utility":16,"ID":30}],[{"utility":30,"ID":1},{"utility":40.8,"ID":4},{"utility":48.4,"ID":8},{"utility":11.6,"ID":26},{"utility":31.8,"ID":28},{"utility":13,"ID":29}],[],[],[],[],[],[{"utility":35,"ID":14},{"utility":39.666666666666664,"ID":16},{"utility":34.666666666666664,"ID":22},{"utility":49.333333333333336,"ID":25}],[{"utility":48.666666666666664,"ID":3},{"utility":35,"ID":5},{"utility":25.333333333333332,"ID":21},{"utility":0,"ID":23}],[{"utility":31.5,"ID":9},{"utility":0,"ID":12},{"utility":0,"ID":24}],[],[{"utility":32.75,"ID":2},{"utility":27.25,"ID":11},{"utility":6.5,"ID":13},{"utility":28,"ID":15},{"utility":1.75,"ID":19}],[{"utility":0,"ID":27}],[],[],[],[],[],[],[],[],[],[],[],[],[],[],[]],"CORE :":false,"Relazioni :":470,"Time : ":0.1,"LAST PARTITION":{"22":1,"23":11,"24":18,"25":10,"26":9,"27":15,"28":5,"29":17,"30":3,"10":17,"11":6,"12":6,"13":4,"14":2,"15":7,"16":2,"17":21,"18":4,"19":14,"1":8,"2":1,"3":13,"4":19,"5":18,"6":16,"7":11,"8":12,"9":12,"20":13,"21":8}},{"Modalità dinamica :":false,"Q : ":4,"STARTING PARTITION: ":{"22":10,"23":11,"24":12,"25":10,"26":4,"27":15,"28":4,"29":4,"30":3,"10":1,"11":14,"12":12,"13":14,"14":10,"15":14,"16":10,"17":2,"18":2,"19":14,"1":4,"2":14,"3":11,"4":4,"5":11,"6":3,"7":3,"8":4,"9":12,"20":1,"21":11},"LAST COALITION":[[],[{"utility":50,"ID":2},{"utility":24,"ID":22}],[{"utility":99,"ID":16},{"utility":72,"ID":14}],[{"utility":0,"ID":30}],[{"utility":60,"ID":18},{"utility":84,"ID":13}],[{"utility":0,"ID":28}],[{"utility":75,"ID":11},{"utility":64,"ID":12}],[{"utility":0,"ID":15}],[{"utility":98,"ID":1},{"utility":82,"ID":21}],[{"utility":0,"ID":26}],[{"utility":0,"ID":25}],[{"utility":82,"ID":7},{"utility":40,"ID":23}],[],[{"utility":45,"ID":3},{"utility":91,"ID":20}],[{"utility":0,"ID":19}],[{"utility":0,"ID":27}],[{"utility":0,"ID":6}],[{"utility":92,"ID":10},{"utility":94,"ID":29}],[{"utility":88,"ID":5},{"utility":35,"ID":24}],[{"utility":32,"ID":4},{"utility":61,"ID":8}],[{"utility":0,"ID":9}],[{"utility":0,"ID":17}],[],[],[],[],[],[],[],[],[]],"STARTING COALITION: ":[[null],[{"utility":0,"ID":10},{"utility":63,"ID":20}],[{"utility":0,"ID":17},{"utility":14,"ID":18}],[{"utility":52.5,"ID":6},{"utility":2.5,"ID":7},{"utility":16,"ID":30}],[{"utility":30,"ID":1},{"utility":40.8,"ID":4},{"utility":48.4,"ID":8},{"utility":11.6,"ID":26},{"utility":31.8,"ID":28},{"utility":13,"ID":29}],[],[],[],[],[],[{"utility":35,"ID":14},{"utility":39.666666666666664,"ID":16},{"utility":34.666666666666664,"ID":22},{"utility":49.333333333333336,"ID":25}],[{"utility":48.666666666666664,"ID":3},{"utility":35,"ID":5},{"utility":25.333333333333332,"ID":21},{"utility":0,"ID":23}],[{"utility":31.5,"ID":9},{"utility":0,"ID":12},{"utility":0,"ID":24}],[],[{"utility":32.75,"ID":2},{"utility":27.25,"ID":11},{"utility":6.5,"ID":13},{"utility":28,"ID":15},{"utility":1.75,"ID":19}],[{"utility":0,"ID":27}],[],[],[],[],[],[],[],[],[],[],[],[],[],[],[]],"CORE :":false,"Relazioni :":470,"Time : ":0.2,"LAST PARTITION":{"22":1,"23":11,"24":18,"25":10,"26":9,"27":15,"28":5,"29":17,"30":3,"10":17,"11":6,"12":6,"13":4,"14":2,"15":7,"16":2,"17":21,"18":4,"19":14,"1":8,"2":1,"3":13,"4":19,"5":18,"6":16,"7":11,"8":19,"9":20,"20":13,"21":8}},{"Modalità dinamica :":false,"Q : ":5,"STARTING PARTITION: ":{"22":10,"23":11,"24":12,"25":10,"26":4,"27":15,"28":4,"29":4,"30":3,"10":1,"11":14,"12":12,"13":14,"14":10,"15":14,"16":10,"17":2,"18":2,"19":14,"1":4,"2":14,"3":11,"4":4,"5":11,"6":3,"7":3,"8":4,"9":12,"20":1,"21":11},"LAST COALITION":[[],[{"utility":50,"ID":2},{"utility":24,"ID":22}],[{"utility":99,"ID":16},{"utility":72,"ID":14}],[{"utility":0,"ID":30}],[{"utility":60,"ID":18},{"utility":84,"ID":13}],[{"utility":0,"ID":28}],[{"utility":75,"ID":11},{"utility":64,"ID":12}],[{"utility":0,"ID":15}],[{"utility":98,"ID":1},{"utility":82,"ID":21}],[{"utility":0,"ID":26}],[{"utility":0,"ID":25}],[{"utility":82,"ID":7},{"utility":40,"ID":23}],[{"utility":0,"ID":8}],[{"utility":45,"ID":3},{"utility":91,"ID":20}],[{"utility":0,"ID":19}],[{"utility":0,"ID":27}],[{"utility":0,"ID":6}],[{"utility":92,"ID":10},{"utility":94,"ID":29}],[{"utility":88,"ID":5},{"utility":35,"ID":24}],[],[{"utility":19,"ID":4},{"utility":97,"ID":9}],[{"utility":0,"ID":17}],[],[],[],[],[],[],[],[],[]],"STARTING COALITION: ":[[null],[{"utility":0,"ID":10},{"utility":63,"ID":20}],[{"utility":0,"ID":17},{"utility":14,"ID":18}],[{"utility":52.5,"ID":6},{"utility":2.5,"ID":7},{"utility":16,"ID":30}],[{"utility":30,"ID":1},{"utility":40.8,"ID":4},{"utility":48.4,"ID":8},{"utility":11.6,"ID":26},{"utility":31.8,"ID":28},{"utility":13,"ID":29}],[],[],[],[],[],[{"utility":35,"ID":14},{"utility":39.666666666666664,"ID":16},{"utility":34.666666666666664,"ID":22},{"utility":49.333333333333336,"ID":25}],[{"utility":48.666666666666664,"ID":3},{"utility":35,"ID":5},{"utility":25.333333333333332,"ID":21},{"utility":0,"ID":23}],[{"utility":31.5,"ID":9},{"utility":0,"ID":12},{"utility":0,"ID":24}],[],[{"utility":32.75,"ID":2},{"utility":27.25,"ID":11},{"utility":6.5,"ID":13},{"utility":28,"ID":15},{"utility":1.75,"ID":19}],[{"utility":0,"ID":27}],[],[],[],[],[],[],[],[],[],[],[],[],[],[],[]],"CORE :":false,"Relazioni :":470,"Time : ":0.1,"LAST PARTITION":{"22":1,"23":11,"24":18,"25":10,"26":9,"27":15,"28":5,"29":17,"30":3,"10":17,"11":6,"12":6,"13":4,"14":2,"15":7,"16":2,"17":21,"18":4,"19":14,"1":8,"2":1,"3":13,"4":20,"5":18,"6":16,"7":11,"8":12,"9":20,"20":13,"21":8}},{"Modalità dinamica :":false,"Q : ":5,"STARTING PARTITION: ":{"22":10,"23":11,"24":12,"25":10,"26":4,"27":15,"28":4,"29":4,"30":3,"10":1,"11":14,"12":12,"13":14,"14":10,"15":14,"16":10,"17":2,"18":2,"19":14,"1":4,"2":14,"3":11,"4":4,"5":11,"6":3,"7":3,"8":4,"9":12,"20":1,"21":11},"LAST COALITION":[[],[{"utility":50,"ID":2},{"utility":24,"ID":22}],[{"utility":99,"ID":16},{"utility":72,"ID":14}],[{"utility":0,"ID":30}],[{"utility":60,"ID":18},{"utility":84,"ID":13}],[{"utility":0,"ID":28}],[{"utility":75,"ID":11},{"utility":64,"ID":12}],[{"utility":0,"ID":15}],[{"utility":98,"ID":1},{"utility":82,"ID":21}],[{"utility":0,"ID":26}],[{"utility":0,"ID":25}],[{"utility":82,"ID":7},{"utility":40,"ID":23}],[],[{"utility":45,"ID":3},{"utility":91,"ID":20}],[{"utility":0,"ID":19}],[{"utility":0,"ID":27}],[{"utility":47,"ID":6},{"utility":45,"ID":9}],[{"utility":92,"ID":10},{"utility":94,"ID":29}],[{"utility":88,"ID":5},{"utility":35,"ID":24}],[{"utility":32,"ID":4},{"utility":61,"ID":8}],[],[{"utility":0,"ID":17}],[],[],[],[],[],[],[],[],[]],"STARTING COALITION: ":[[null],[{"utility":0,"ID":10},{"utility":63,"ID":20}],[{"utility":0,"ID":17},{"utility":14,"ID":18}],[{"utility":52.5,"ID":6},{"utility":2.5,"ID":7},{"utility":16,"ID":30}],[{"utility":30,"ID":1},{"utility":40.8,"ID":4},{"utility":48.4,"ID":8},{"utility":11.6,"ID":26},{"utility":31.8,"ID":28},{"utility":13,"ID":29}],[],[],[],[],[],[{"utility":35,"ID":14},{"utility":39.666666666666664,"ID":16},{"utility":34.666666666666664,"ID":22},{"utility":49.333333333333336,"ID":25}],[{"utility":48.666666666666664,"ID":3},{"utility":35,"ID":5},{"utility":25.333333333333332,"ID":21},{"utility":0,"ID":23}],[{"utility":31.5,"ID":9},{"utility":0,"ID":12},{"utility":0,"ID":24}],[],[{"utility":32.75,"ID":2},{"utility":27.25,"ID":11},{"utility":6.5,"ID":13},{"utility":28,"ID":15},{"utility":1.75,"ID":19}],[{"utility":0,"ID":27}],[],[],[],[],[],[],[],[],[],[],[],[],[],[],[]],"CORE :":false,"Relazioni :":470,"Time : ":0.2,"LAST PARTITION":{"22":1,"23":11,"24":18,"25":10,"26":9,"27":15,"28":5,"29":17,"30":3,"10":17,"11":6,"12":6,"13":4,"14":2,"15":7,"16":2,"17":21,"18":4,"19":14,"1":8,"2":1,"3":13,"4":19,"5":18,"6":16,"7":11,"8":19,"9":16,"20":13,"21":8}},{"Modalità dinamica :":false,"Q : ":6,"STARTING PARTITION: ":{"22":10,"23":11,"24":12,"25":10,"26":4,"27":15,"28":4,"29":4,"30":3,"10":1,"11":14,"12":12,"13":14,"14":10,"15":14,"16":10,"17":2,"18":2,"19":14,"1":4,"2":14,"3":11,"4":4,"5":11,"6":3,"7":3,"8":4,"9":12,"20":1,"21":11},"LAST COALITION":[[],[{"utility":50,"ID":2},{"utility":24,"ID":22}],[{"utility":99,"ID":16},{"utility":72,"ID":14}],[{"utility":0,"ID":30}],[{"utility":60,"ID":18},{"utility":84,"ID":13}],[{"utility":0,"ID":28}],[{"utility":75,"ID":11},{"utility":64,"ID":12}],[{"utility":0,"ID":15}],[{"utility":98,"ID":1},{"utility":82,"ID":21}],[{"utility":0,"ID":26}],[{"utility":0,"ID":25}],[{"utility":82,"ID":7},{"utility":40,"ID":23}],[{"utility":47,"ID":6},{"utility":45,"ID":9}],[{"utility":45,"ID":3},{"utility":91,"ID":20}],[{"utility":0,"ID":19}],[{"utility":0,"ID":27}],[],[{"utility":92,"ID":10},{"utility":94,"ID":29}],[{"utility":88,"ID":5},{"utility":35,"ID":24}],[{"utility":32,"ID":4},{"utility":61,"ID":8}],[],[{"utility":0,"ID":17}],[],[],[],[],[],[],[],[],[]],"STARTING COALITION: ":[[null],[{"utility":0,"ID":10},{"utility":63,"ID":20}],[{"utility":0,"ID":17},{"utility":14,"ID":18}],[{"utility":52.5,"ID":6},{"utility":2.5,"ID":7},{"utility":16,"ID":30}],[{"utility":30,"ID":1},{"utility":40.8,"ID":4},{"utility":48.4,"ID":8},{"utility":11.6,"ID":26},{"utility":31.8,"ID":28},{"utility":13,"ID":29}],[],[],[],[],[],[{"utility":35,"ID":14},{"utility":39.666666666666664,"ID":16},{"utility":34.666666666666664,"ID":22},{"utility":49.333333333333336,"ID":25}],[{"utility":48.666666666666664,"ID":3},{"utility":35,"ID":5},{"utility":25.333333333333332,"ID":21},{"utility":0,"ID":23}],[{"utility":31.5,"ID":9},{"utility":0,"ID":12},{"utility":0,"ID":24}],[],[{"utility":32.75,"ID":2},{"utility":27.25,"ID":11},{"utility":6.5,"ID":13},{"utility":28,"ID":15},{"utility":1.75,"ID":19}],[{"utility":0,"ID":27}],[],[],[],[],[],[],[],[],[],[],[],[],[],[],[]],"CORE :":false,"Relazioni :":470,"Time : ":0.1,"LAST PARTITION":{"22":1,"23":11,"24":18,"25":10,"26":9,"27":15,"28":5,"29":17,"30":3,"10":17,"11":6,"12":6,"13":4,"14":2,"15":7,"16":2,"17":21,"18":4,"19":14,"1":8,"2":1,"3":13,"4":19,"5":18,"6":12,"7":11,"8":19,"9":12,"20":13,"21":8}},{"Modalità dinamica :":false,"Q : ":6,"STARTING PARTITION: ":{"22":10,"23":11,"24":12,"25":10,"26":4,"27":15,"28":4,"29":4,"30":3,"10":1,"11":14,"12":12,"13":14,"14":10,"15":14,"16":10,"17":2,"18":2,"19":14,"1":4,"2":14,"3":11,"4":4,"5":11,"6":3,"7":3,"8":4,"9":12,"20":1,"21":11},"LAST COALITION":[[],[{"utility":50,"ID":2},{"utility":24,"ID":22}],[{"utility":99,"ID":16},{"utility":72,"ID":14}],[{"utility":0,"ID":30}],[{"utility":60,"ID":18},{"utility":84,"ID":13}],[{"utility":0,"ID":28}],[{"utility":75,"ID":11},{"utility":64,"ID":12}],[{"utility":0,"ID":15}],[{"utility":98,"ID":1},{"utility":82,"ID":21}],[{"utility":0,"ID":26}],[{"utility":0,"ID":25}],[{"utility":82,"ID":7},{"utility":40,"ID":23}],[{"utility":0,"ID":6}],[{"utility":45,"ID":3},{"utility":91,"ID":20}],[{"utility":0,"ID":19}],[{"utility":0,"ID":27}],[{"utility":87,"ID":8},{"utility":58,"ID":9}],[{"utility":92,"ID":10},{"utility":94,"ID":29}],[{"utility":88,"ID":5},{"utility":35,"ID":24}],[{"utility":0,"ID":4}],[],[{"utility":0,"ID":17}],[],[],[],[],[],[],[],[],[]],"STARTING COALITION: ":[[null],[{"utility":0,"ID":10},{"utility":63,"ID":20}],[{"utility":0,"ID":17},{"utility":14,"ID":18}],[{"utility":52.5,"ID":6},{"utility":2.5,"ID":7},{"utility":16,"ID":30}],[{"utility":30,"ID":1},{"utility":40.8,"ID":4},{"utility":48.4,"ID":8},{"utility":11.6,"ID":26},{"utility":31.8,"ID":28},{"utility":13,"ID":29}],[],[],[],[],[],[{"utility":35,"ID":14},{"utility":39.666666666666664,"ID":16},{"utility":34.666666666666664,"ID":22},{"utility":49.333333333333336,"ID":25}],[{"utility":48.666666666666664,"ID":3},{"utility":35,"ID":5},{"utility":25.333333333333332,"ID":21},{"utility":0,"ID":23}],[{"utility":31.5,"ID":9},{"utility":0,"ID":12},{"utility":0,"ID":24}],[],[{"utility":32.75,"ID":2},{"utility":27.25,"ID":11},{"utility":6.5,"ID":13},{"utility":28,"ID":15},{"utility":1.75,"ID":19}],[{"utility":0,"ID":27}],[],[],[],[],[],[],[],[],[],[],[],[],[],[],[]],"CORE :":false,"Relazioni :":470,"Time : ":0.2,"LAST PARTITION":{"22":1,"23":11,"24":18,"25":10,"26":9,"27":15,"28":5,"29":17,"30":3,"10":17,"11":6,"12":6,"13":4,"14":2,"15":7,"16":2,"17":21,"18":4,"19":14,"1":8,"2":1,"3":13,"4":19,"5":18,"6":12,"7":11,"8":16,"9":16,"20":13,"21":8}},{"Modalità dinamica :":false,"Q : ":7,"STARTING PARTITION: ":{"22":10,"23":11,"24":12,"25":10,"26":4,"27":15,"28":4,"29":4,"30":3,"10":1,"11":14,"12":12,"13":14,"14":10,"15":14,"16":10,"17":2,"18":2,"19":14,"1":4,"2":14,"3":11,"4":4,"5":11,"6":3,"7":3,"8":4,"9":12,"20":1,"21":11},"LAST COALITION":[[],[{"utility":50,"ID":2},{"utility":24,"ID":22}],[{"utility":99,"ID":16},{"utility":72,"ID":14}],[{"utility":0,"ID":30}],[{"utility":60,"ID":18},{"utility":84,"ID":13}],[{"utility":0,"ID":28}],[{"utility":75,"ID":11},{"utility":64,"ID":12}],[{"utility":0,"ID":15}],[{"utility":98,"ID":1},{"utility":82,"ID":21}],[{"utility":0,"ID":26}],[{"utility":0,"ID":25}],[{"utility":82,"ID":7},{"utility":40,"ID":23}],[],[{"utility":45,"ID":3},{"utility":91,"ID":20}],[{"utility":0,"ID":19}],[{"utility":0,"ID":27}],[{"utility":47,"ID":6},{"utility":45,"ID":9}],[{"utility":92,"ID":10},{"utility":94,"ID":29}],[{"utility":88,"ID":5},{"utility":35,"ID":24}],[{"utility":32,"ID":4},{"utility":61,"ID":8}],[],[{"utility":0,"ID":17}],[],[],[],[],[],[],[],[],[]],"STARTING COALITION: ":[[null],[{"utility":0,"ID":10},{"utility":63,"ID":20}],[{"utility":0,"ID":17},{"utility":14,"ID":18}],[{"utility":52.5,"ID":6},{"utility":2.5,"ID":7},{"utility":16,"ID":30}],[{"utility":30,"ID":1},{"utility":40.8,"ID":4},{"utility":48.4,"ID":8},{"utility":11.6,"ID":26},{"utility":31.8,"ID":28},{"utility":13,"ID":29}],[],[],[],[],[],[{"utility":35,"ID":14},{"utility":39.666666666666664,"ID":16},{"utility":34.666666666666664,"ID":22},{"utility":49.333333333333336,"ID":25}],[{"utility":48.666666666666664,"ID":3},{"utility":35,"ID":5},{"utility":25.333333333333332,"ID":21},{"utility":0,"ID":23}],[{"utility":31.5,"ID":9},{"utility":0,"ID":12},{"utility":0,"ID":24}],[],[{"utility":32.75,"ID":2},{"utility":27.25,"ID":11},{"utility":6.5,"ID":13},{"utility":28,"ID":15},{"utility":1.75,"ID":19}],[{"utility":0,"ID":27}],[],[],[],[],[],[],[],[],[],[],[],[],[],[],[]],"CORE :":false,"Relazioni :":470,"Time : ":0.1,"LAST PARTITION":{"22":1,"23":11,"24":18,"25":10,"26":9,"27":15,"28":5,"29":17,"30":3,"10":17,"11":6,"12":6,"13":4,"14":2,"15":7,"16":2,"17":21,"18":4,"19":14,"1":8,"2":1,"3":13,"4":19,"5":18,"6":16,"7":11,"8":19,"9":16,"20":13,"21":8}},{"Modalità dinamica :":false,"Q : ":7,"STARTING PARTITION: ":{"22":10,"23":11,"24":12,"25":10,"26":4,"27":15,"28":4,"29":4,"30":3,"10":1,"11":14,"12":12,"13":14,"14":10,"15":14,"16":10,"17":2,"18":2,"19":14,"1":4,"2":14,"3":11,"4":4,"5":11,"6":3,"7":3,"8":4,"9":12,"20":1,"21":11},"LAST COALITION":[[],[{"utility":50,"ID":2},{"utility":24,"ID":22}],[{"utility":99,"ID":16},{"utility":72,"ID":14}],[{"utility":0,"ID":30}],[{"utility":60,"ID":18},{"utility":84,"ID":13}],[{"utility":0,"ID":28}],[{"utility":75,"ID":11},{"utility":64,"ID":12}],[{"utility":0,"ID":15}],[{"utility":98,"ID":1},{"utility":82,"ID":21}],[{"utility":0,"ID":26}],[{"utility":0,"ID":25}],[{"utility":82,"ID":7},{"utility":40,"ID":23}],[{"utility":0,"ID":8}],[{"utility":45,"ID":3},{"utility":91,"ID":20}],[{"utility":0,"ID":19}],[{"utility":0,"ID":27}],[{"utility":0,"ID":6}],[{"utility":92,"ID":10},{"utility":94,"ID":29}],[{"utility":88,"ID":5},{"utility":35,"ID":24}],[],[{"utility":19,"ID":4},{"utility":97,"ID":9}],[{"utility":0,"ID":17}],[],[],[],[],[],[],[],[],[]],"STARTING COALITION: ":[[null],[{"utility":0,"ID":10},{"utility":63,"ID":20}],[{"utility":0,"ID":17},{"utility":14,"ID":18}],[{"utility":52.5,"ID":6},{"utility":2.5,"ID":7},{"utility":16,"ID":30}],[{"utility":30,"ID":1},{"utility":40.8,"ID":4},{"utility":48.4,"ID":8},{"utility":11.6,"ID":26},{"utility":31.8,"ID":28},{"utility":13,"ID":29}],[],[],[],[],[],[{"utility":35,"ID":14},{"utility":39.666666666666664,"ID":16},{"utility":34.666666666666664,"ID":22},{"utility":49.333333333333336,"ID":25}],[{"utility":48.666666666666664,"ID":3},{"utility":35,"ID":5},{"utility":25.333333333333332,"ID":21},{"utility":0,"ID":23}],[{"utility":31.5,"ID":9},{"utility":0,"ID":12},{"utility":0,"ID":24}],[],[{"utility":32.75,"ID":2},{"utility":27.25,"ID":11},{"utility":6.5,"ID":13},{"utility":28,"ID":15},{"utility":1.75,"ID":19}],[{"utility":0,"ID":27}],[],[],[],[],[],[],[],[],[],[],[],[],[],[],[]],"CORE :":false,"Relazioni :":470,"Time : ":0.2,"LAST PARTITION":{"22":1,"23":11,"24":18,"25":10,"26":9,"27":15,"28":5,"29":17,"30":3,"10":17,"11":6,"12":6,"13":4,"14":2,"15":7,"16":2,"17":21,"18":4,"19":14,"1":8,"2":1,"3":13,"4":20,"5":18,"6":16,"7":11,"8":12,"9":20,"20":13,"21":8}},{"Modalità dinamica :":false,"Q : ":8,"STARTING PARTITION: ":{"22":10,"23":11,"24":12,"25":10,"26":4,"27":15,"28":4,"29":4,"30":3,"10":1,"11":14,"12":12,"13":14,"14":10,"15":14,"16":10,"17":2,"18":2,"19":14,"1":4,"2":14,"3":11,"4":4,"5":11,"6":3,"7":3,"8":4,"9":12,"20":1,"21":11},"LAST COALITION":[[],[{"utility":50,"ID":2},{"utility":24,"ID":22}],[{"utility":99,"ID":16},{"utility":72,"ID":14}],[{"utility":0,"ID":30}],[{"utility":60,"ID":18},{"utility":84,"ID":13}],[{"utility":0,"ID":28}],[{"utility":75,"ID":11},{"utility":64,"ID":12}],[{"utility":0,"ID":15}],[{"utility":98,"ID":1},{"utility":82,"ID":21}],[{"utility":0,"ID":26}],[{"utility":0,"ID":25}],[{"utility":82,"ID":7},{"utility":40,"ID":23}],[],[{"utility":45,"ID":3},{"utility":91,"ID":20}],[{"utility":0,"ID":19}],[{"utility":0,"ID":27}],[{"utility":47,"ID":6},{"utility":45,"ID":9}],[{"utility":92,"ID":10},{"utility":94,"ID":29}],[{"utility":88,"ID":5},{"utility":35,"ID":24}],[{"utility":32,"ID":4},{"utility":61,"ID":8}],[],[{"utility":0,"ID":17}],[],[],[],[],[],[],[],[],[]],"STARTING COALITION: ":[[null],[{"utility":0,"ID":10},{"utility":63,"ID":20}],[{"utility":0,"ID":17},{"utility":14,"ID":18}],[{"utility":52.5,"ID":6},{"utility":2.5,"ID":7},{"utility":16,"ID":30}],[{"utility":30,"ID":1},{"utility":40.8,"ID":4},{"utility":48.4,"ID":8},{"utility":11.6,"ID":26},{"utility":31.8,"ID":28},{"utility":13,"ID":29}],[],[],[],[],[],[{"utility":35,"ID":14},{"utility":39.666666666666664,"ID":16},{"utility":34.666666666666664,"ID":22},{"utility":49.333333333333336,"ID":25}],[{"utility":48.666666666666664,"ID":3},{"utility":35,"ID":5},{"utility":25.333333333333332,"ID":21},{"utility":0,"ID":23}],[{"utility":31.5,"ID":9},{"utility":0,"ID":12},{"utility":0,"ID":24}],[],[{"utility":32.75,"ID":2},{"utility":27.25,"ID":11},{"utility":6.5,"ID":13},{"utility":28,"ID":15},{"utility":1.75,"ID":19}],[{"utility":0,"ID":27}],[],[],[],[],[],[],[],[],[],[],[],[],[],[],[]],"CORE :":false,"Relazioni :":470,"Time : ":0.1,"LAST PARTITION":{"22":1,"23":11,"24":18,"25":10,"26":9,"27":15,"28":5,"29":17,"30":3,"10":17,"11":6,"12":6,"13":4,"14":2,"15":7,"16":2,"17":21,"18":4,"19":14,"1":8,"2":1,"3":13,"4":19,"5":18,"6":16,"7":11,"8":19,"9":16,"20":13,"21":8}},{"Modalità dinamica :":false,"Q : ":8,"STARTING PARTITION: ":{"22":10,"23":11,"24":12,"25":10,"26":4,"27":15,"28":4,"29":4,"30":3,"10":1,"11":14,"12":12,"13":14,"14":10,"15":14,"16":10,"17":2,"18":2,"19":14,"1":4,"2":14,"3":11,"4":4,"5":11,"6":3,"7":3,"8":4,"9":12,"20":1,"21":11},"LAST COALITION":[[],[{"utility":50,"ID":2},{"utility":24,"ID":22}],[{"utility":99,"ID":16},{"utility":72,"ID":14}],[{"utility":0,"ID":30}],[{"utility":60,"ID":18},{"utility":84,"ID":13}],[{"utility":0,"ID":28}],[{"utility":75,"ID":11},{"utility":64,"ID":12}],[{"utility":0,"ID":15}],[{"utility":98,"ID":1},{"utility":82,"ID":21}],[{"utility":0,"ID":26}],[{"utility":0,"ID":25}],[{"utility":82,"ID":7},{"utility":40,"ID":23}],[{"utility":0,"ID":6}],[{"utility":45,"ID":3},{"utility":91,"ID":20}],[{"utility":0,"ID":19}],[{"utility":0,"ID":27}],[{"utility":87,"ID":8},{"utility":58,"ID":9}],[{"utility":92,"ID":10},{"utility":94,"ID":29}],[{"utility":88,"ID":5},{"utility":35,"ID":24}],[{"utility":0,"ID":4}],[],[{"utility":0,"ID":17}],[],[],[],[],[],[],[],[],[]],"STARTING COALITION: ":[[null],[{"utility":0,"ID":10},{"utility":63,"ID":20}],[{"utility":0,"ID":17},{"utility":14,"ID":18}],[{"utility":52.5,"ID":6},{"utility":2.5,"ID":7},{"utility":16,"ID":30}],[{"utility":30,"ID":1},{"utility":40.8,"ID":4},{"utility":48.4,"ID":8},{"utility":11.6,"ID":26},{"utility":31.8,"ID":28},{"utility":13,"ID":29}],[],[],[],[],[],[{"utility":35,"ID":14},{"utility":39.666666666666664,"ID":16},{"utility":34.666666666666664,"ID":22},{"utility":49.333333333333336,"ID":25}],[{"utility":48.666666666666664,"ID":3},{"utility":35,"ID":5},{"utility":25.333333333333332,"ID":21},{"utility":0,"ID":23}],[{"utility":31.5,"ID":9},{"utility":0,"ID":12},{"utility":0,"ID":24}],[],[{"utility":32.75,"ID":2},{"utility":27.25,"ID":11},{"utility":6.5,"ID":13},{"utility":28,"ID":15},{"utility":1.75,"ID":19}],[{"utility":0,"ID":27}],[],[],[],[],[],[],[],[],[],[],[],[],[],[],[]],"CORE :":false,"Relazioni :":470,"Time : ":0.2,"LAST PARTITION":{"22":1,"23":11,"24":18,"25":10,"26":9,"27":15,"28":5,"29":17,"30":3,"10":17,"11":6,"12":6,"13":4,"14":2,"15":7,"16":2,"17":21,"18":4,"19":14,"1":8,"2":1,"3":13,"4":19,"5":18,"6":12,"7":11,"8":16,"9":16,"20":13,"21":8}},{"Modalità dinamica :":false,"Q : ":9,"STARTING PARTITION: ":{"22":10,"23":11,"24":12,"25":10,"26":4,"27":15,"28":4,"29":4,"30":3,"10":1,"11":14,"12":12,"13":14,"14":10,"15":14,"16":10,"17":2,"18":2,"19":14,"1":4,"2":14,"3":11,"4":4,"5":11,"6":3,"7":3,"8":4,"9":12,"20":1,"21":11},"LAST COALITION":[[],[{"utility":50,"ID":2},{"utility":24,"ID":22}],[{"utility":99,"ID":16},{"utility":72,"ID":14}],[{"utility":0,"ID":30}],[{"utility":60,"ID":18},{"utility":84,"ID":13}],[{"utility":0,"ID":28}],[{"utility":75,"ID":11},{"utility":64,"ID":12}],[{"utility":0,"ID":15}],[{"utility":98,"ID":1},{"utility":82,"ID":21}],[{"utility":0,"ID":26}],[{"utility":0,"ID":25}],[{"utility":82,"ID":7},{"utility":40,"ID":23}],[{"utility":47,"ID":6},{"utility":45,"ID":9}],[{"utility":45,"ID":3},{"utility":91,"ID":20}],[{"utility":0,"ID":19}],[{"utility":0,"ID":27}],[],[{"utility":92,"ID":10},{"utility":94,"ID":29}],[{"utility":88,"ID":5},{"utility":35,"ID":24}],[{"utility":32,"ID":4},{"utility":61,"ID":8}],[],[{"utility":0,"ID":17}],[],[],[],[],[],[],[],[],[]],"STARTING COALITION: ":[[null],[{"utility":0,"ID":10},{"utility":63,"ID":20}],[{"utility":0,"ID":17},{"utility":14,"ID":18}],[{"utility":52.5,"ID":6},{"utility":2.5,"ID":7},{"utility":16,"ID":30}],[{"utility":30,"ID":1},{"utility":40.8,"ID":4},{"utility":48.4,"ID":8},{"utility":11.6,"ID":26},{"utility":31.8,"ID":28},{"utility":13,"ID":29}],[],[],[],[],[],[{"utility":35,"ID":14},{"utility":39.666666666666664,"ID":16},{"utility":34.666666666666664,"ID":22},{"utility":49.333333333333336,"ID":25}],[{"utility":48.666666666666664,"ID":3},{"utility":35,"ID":5},{"utility":25.333333333333332,"ID":21},{"utility":0,"ID":23}],[{"utility":31.5,"ID":9},{"utility":0,"ID":12},{"utility":0,"ID":24}],[],[{"utility":32.75,"ID":2},{"utility":27.25,"ID":11},{"utility":6.5,"ID":13},{"utility":28,"ID":15},{"utility":1.75,"ID":19}],[{"utility":0,"ID":27}],[],[],[],[],[],[],[],[],[],[],[],[],[],[],[]],"CORE :":false,"Relazioni :":470,"Time : ":0.1,"LAST PARTITION":{"22":1,"23":11,"24":18,"25":10,"26":9,"27":15,"28":5,"29":17,"30":3,"10":17,"11":6,"12":6,"13":4,"14":2,"15":7,"16":2,"17":21,"18":4,"19":14,"1":8,"2":1,"3":13,"4":19,"5":18,"6":12,"7":11,"8":19,"9":12,"20":13,"21":8}},{"Modalità dinamica :":false,"Q : ":9,"STARTING PARTITION: ":{"22":10,"23":11,"24":12,"25":10,"26":4,"27":15,"28":4,"29":4,"30":3,"10":1,"11":14,"12":12,"13":14,"14":10,"15":14,"16":10,"17":2,"18":2,"19":14,"1":4,"2":14,"3":11,"4":4,"5":11,"6":3,"7":3,"8":4,"9":12,"20":1,"21":11},"LAST COALITION":[[],[{"utility":50,"ID":2},{"utility":24,"ID":22}],[{"utility":99,"ID":16},{"utility":72,"ID":14}],[{"utility":0,"ID":30}],[{"utility":60,"ID":18},{"utility":84,"ID":13}],[{"utility":0,"ID":28}],[{"utility":75,"ID":11},{"utility":64,"ID":12}],[{"utility":0,"ID":15}],[{"utility":98,"ID":1},{"utility":82,"ID":21}],[{"utility":0,"ID":26}],[{"utility":0,"ID":25}],[{"utility":82,"ID":7},{"utility":40,"ID":23}],[{"utility":47,"ID":6},{"utility":45,"ID":9}],[{"utility":45,"ID":3},{"utility":91,"ID":20}],[{"utility":0,"ID":19}],[{"utility":0,"ID":27}],[],[{"utility":92,"ID":10},{"utility":94,"ID":29}],[{"utility":88,"ID":5},{"utility":35,"ID":24}],[{"utility":32,"ID":4},{"utility":61,"ID":8}],[],[{"utility":0,"ID":17}],[],[],[],[],[],[],[],[],[]],"STARTING COALITION: ":[[null],[{"utility":0,"ID":10},{"utility":63,"ID":20}],[{"utility":0,"ID":17},{"utility":14,"ID":18}],[{"utility":52.5,"ID":6},{"utility":2.5,"ID":7},{"utility":16,"ID":30}],[{"utility":30,"ID":1},{"utility":40.8,"ID":4},{"utility":48.4,"ID":8},{"utility":11.6,"ID":26},{"utility":31.8,"ID":28},{"utility":13,"ID":29}],[],[],[],[],[],[{"utility":35,"ID":14},{"utility":39.666666666666664,"ID":16},{"utility":34.666666666666664,"ID":22},{"utility":49.333333333333336,"ID":25}],[{"utility":48.666666666666664,"ID":3},{"utility":35,"ID":5},{"utility":25.333333333333332,"ID":21},{"utility":0,"ID":23}],[{"utility":31.5,"ID":9},{"utility":0,"ID":12},{"utility":0,"ID":24}],[],[{"utility":32.75,"ID":2},{"utility":27.25,"ID":11},{"utility":6.5,"ID":13},{"utility":28,"ID":15},{"utility":1.75,"ID":19}],[{"utility":0,"ID":27}],[],[],[],[],[],[],[],[],[],[],[],[],[],[],[]],"CORE :":false,"Relazioni :":470,"Time : ":0.2,"LAST PARTITION":{"22":1,"23":11,"24":18,"25":10,"26":9,"27":15,"28":5,"29":17,"30":3,"10":17,"11":6,"12":6,"13":4,"14":2,"15":7,"16":2,"17":21,"18":4,"19":14,"1":8,"2":1,"3":13,"4":19,"5":18,"6":12,"7":11,"8":19,"9":12,"20":13,"21":8}},{"Modalità dinamica :":false,"Q : ":10,"STARTING PARTITION: ":{"22":10,"23":11,"24":12,"25":10,"26":4,"27":15,"28":4,"29":4,"30":3,"10":1,"11":14,"12":12,"13":14,"14":10,"15":14,"16":10,"17":2,"18":2,"19":14,"1":4,"2":14,"3":11,"4":4,"5":11,"6":3,"7":3,"8":4,"9":12,"20":1,"21":11},"LAST COALITION":[[],[{"utility":50,"ID":2},{"utility":24,"ID":22}],[{"utility":99,"ID":16},{"utility":72,"ID":14}],[{"utility":0,"ID":30}],[{"utility":60,"ID":18},{"utility":84,"ID":13}],[{"utility":0,"ID":28}],[{"utility":75,"ID":11},{"utility":64,"ID":12}],[{"utility":0,"ID":15}],[{"utility":98,"ID":1},{"utility":82,"ID":21}],[{"utility":0,"ID":26}],[{"utility":0,"ID":25}],[{"utility":82,"ID":7},{"utility":40,"ID":23}],[{"utility":0,"ID":6}],[{"utility":45,"ID":3},{"utility":91,"ID":20}],[{"utility":0,"ID":19}],[{"utility":0,"ID":27}],[],[{"utility":92,"ID":10},{"utility":94,"ID":29}],[{"utility":88,"ID":5},{"utility":35,"ID":24}],[{"utility":32,"ID":4},{"utility":61,"ID":8}],[{"utility":0,"ID":9}],[{"utility":0,"ID":17}],[],[],[],[],[],[],[],[],[]],"STARTING COALITION: ":[[null],[{"utility":0,"ID":10},{"utility":63,"ID":20}],[{"utility":0,"ID":17},{"utility":14,"ID":18}],[{"utility":52.5,"ID":6},{"utility":2.5,"ID":7},{"utility":16,"ID":30}],[{"utility":30,"ID":1},{"utility":40.8,"ID":4},{"utility":48.4,"ID":8},{"utility":11.6,"ID":26},{"utility":31.8,"ID":28},{"utility":13,"ID":29}],[],[],[],[],[],[{"utility":35,"ID":14},{"utility":39.666666666666664,"ID":16},{"utility":34.666666666666664,"ID":22},{"utility":49.333333333333336,"ID":25}],[{"utility":48.666666666666664,"ID":3},{"utility":35,"ID":5},{"utility":25.333333333333332,"ID":21},{"utility":0,"ID":23}],[{"utility":31.5,"ID":9},{"utility":0,"ID":12},{"utility":0,"ID":24}],[],[{"utility":32.75,"ID":2},{"utility":27.25,"ID":11},{"utility":6.5,"ID":13},{"utility":28,"ID":15},{"utility":1.75,"ID":19}],[{"utility":0,"ID":27}],[],[],[],[],[],[],[],[],[],[],[],[],[],[],[]],"CORE :":false,"Relazioni :":470,"Time : ":0.1,"LAST PARTITION":{"22":1,"23":11,"24":18,"25":10,"26":9,"27":15,"28":5,"29":17,"30":3,"10":17,"11":6,"12":6,"13":4,"14":2,"15":7,"16":2,"17":21,"18":4,"19":14,"1":8,"2":1,"3":13,"4":19,"5":18,"6":12,"7":11,"8":19,"9":20,"20":13,"21":8}},{"Modalità dinamica :":false,"Q : ":10,"STARTING PARTITION: ":{"22":10,"23":11,"24":12,"25":10,"26":4,"27":15,"28":4,"29":4,"30":3,"10":1,"11":14,"12":12,"13":14,"14":10,"15":14,"16":10,"17":2,"18":2,"19":14,"1":4,"2":14,"3":11,"4":4,"5":11,"6":3,"7":3,"8":4,"9":12,"20":1,"21":11},"LAST COALITION":[[],[{"utility":50,"ID":2},{"utility":24,"ID":22}],[{"utility":99,"ID":16},{"utility":72,"ID":14}],[{"utility":0,"ID":30}],[{"utility":60,"ID":18},{"utility":84,"ID":13}],[{"utility":0,"ID":28}],[{"utility":75,"ID":11},{"utility":64,"ID":12}],[{"utility":0,"ID":15}],[{"utility":98,"ID":1},{"utility":82,"ID":21}],[{"utility":0,"ID":26}],[{"utility":0,"ID":25}],[{"utility":82,"ID":7},{"utility":40,"ID":23}],[],[{"utility":45,"ID":3},{"utility":91,"ID":20}],[{"utility":0,"ID":19}],[{"utility":0,"ID":27}],[{"utility":47,"ID":6},{"utility":45,"ID":9}],[{"utility":92,"ID":10},{"utility":94,"ID":29}],[{"utility":88,"ID":5},{"utility":35,"ID":24}],[{"utility":32,"ID":4},{"utility":61,"ID":8}],[],[{"utility":0,"ID":17}],[],[],[],[],[],[],[],[],[]],"STARTING COALITION: ":[[null],[{"utility":0,"ID":10},{"utility":63,"ID":20}],[{"utility":0,"ID":17},{"utility":14,"ID":18}],[{"utility":52.5,"ID":6},{"utility":2.5,"ID":7},{"utility":16,"ID":30}],[{"utility":30,"ID":1},{"utility":40.8,"ID":4},{"utility":48.4,"ID":8},{"utility":11.6,"ID":26},{"utility":31.8,"ID":28},{"utility":13,"ID":29}],[],[],[],[],[],[{"utility":35,"ID":14},{"utility":39.666666666666664,"ID":16},{"utility":34.666666666666664,"ID":22},{"utility":49.333333333333336,"ID":25}],[{"utility":48.666666666666664,"ID":3},{"utility":35,"ID":5},{"utility":25.333333333333332,"ID":21},{"utility":0,"ID":23}],[{"utility":31.5,"ID":9},{"utility":0,"ID":12},{"utility":0,"ID":24}],[],[{"utility":32.75,"ID":2},{"utility":27.25,"ID":11},{"utility":6.5,"ID":13},{"utility":28,"ID":15},{"utility":1.75,"ID":19}],[{"utility":0,"ID":27}],[],[],[],[],[],[],[],[],[],[],[],[],[],[],[]],"CORE :":false,"Relazioni :":470,"Time : ":0.2,"LAST PARTITION":{"22":1,"23":11,"24":18,"25":10,"26":9,"27":15,"28":5,"29":17,"30":3,"10":17,"11":6,"12":6,"13":4,"14":2,"15":7,"16":2,"17":21,"18":4,"19":14,"1":8,"2":1,"3":13,"4":19,"5":18,"6":16,"7":11,"8":19,"9":16,"20":13,"21":8}},{"Modalità dinamica :":true,"Q : ":2,"STARTING PARTITION: ":{"22":10,"23":11,"24":12,"25":10,"26":4,"27":15,"28":4,"29":4,"30":3,"10":1,"11":14,"12":12,"13":14,"14":10,"15":14,"16":10,"17":2,"18":2,"19":14,"1":4,"2":14,"3":11,"4":4,"5":11,"6":3,"7":3,"8":4,"9":12,"20":1,"21":11},"LAST COALITION":[[],[{"utility":51,"ID":5},{"utility":35,"ID":17}],[{"utility":0,"ID":4}],[{"utility":92,"ID":10},{"utility":94,"ID":29}],[{"utility":29,"ID":2},{"utility":20,"ID":26}],[{"utility":0,"ID":6}],[{"utility":78,"ID":9},{"utility":67,"ID":25}],[{"utility":0,"ID":12}],[{"utility":0,"ID":30}],[{"utility":72,"ID":14},{"utility":99,"ID":16}],[{"utility":87,"ID":8},{"utility":65,"ID":15}],[{"utility":0,"ID":27}],[{"utility":27,"ID":19},{"utility":29,"ID":23}],[{"utility":0,"ID":20}],[{"utility":0,"ID":28}],[{"utility":6,"ID":7},{"utility":70,"ID":22}],[{"utility":0,"ID":3}],[{"utility":98,"ID":1},{"utility":82,"ID":21}],[],[{"utility":7,"ID":11},{"utility":34,"ID":24}],[{"utility":84,"ID":13},{"utility":60,"ID":18}],[],[],[],[],[],[],[],[],[],[]],"STARTING COALITION: ":[[null],[{"utility":0,"ID":10},{"utility":63,"ID":20}],[{"utility":0,"ID":17},{"utility":14,"ID":18}],[{"utility":52.5,"ID":6},{"utility":2.5,"ID":7},{"utility":16,"ID":30}],[{"utility":30,"ID":1},{"utility":40.8,"ID":4},{"utility":48.4,"ID":8},{"utility":11.6,"ID":26},{"utility":31.8,"ID":28},{"utility":13,"ID":29}],[],[],[],[],[],[{"utility":35,"ID":14},{"utility":39.666666666666664,"ID":16},{"utility":34.666666666666664,"ID":22},{"utility":49.333333333333336,"ID":25}],[{"utility":48.666666666666664,"ID":3},{"utility":35,"ID":5},{"utility":25.333333333333332,"ID":21},{"utility":0,"ID":23}],[{"utility":31.5,"ID":9},{"utility":0,"ID":12},{"utility":0,"ID":24}],[],[{"utility":32.75,"ID":2},{"utility":27.25,"ID":11},{"utility":6.5,"ID":13},{"utility":28,"ID":15},{"utility":1.75,"ID":19}],[{"utility":0,"ID":27}],[],[],[],[],[],[],[],[],[],[],[],[],[],[],[]],"CORE :":false,"Relazioni :":470,"Time : ":0.1,"LAST PARTITION":{"22":15,"23":12,"24":19,"25":6,"26":4,"27":11,"28":14,"29":3,"30":8,"10":3,"11":19,"12":7,"13":20,"14":9,"15":10,"16":9,"17":1,"18":20,"19":12,"1":17,"2":4,"3":16,"4":2,"5":1,"6":5,"7":15,"8":10,"9":6,"20":13,"21":17}},{"Modalità dinamica :":true,"Q : ":2,"STARTING PARTITION: ":{"22":10,"23":11,"24":12,"25":10,"26":4,"27":15,"28":4,"29":4,"30":3,"10":1,"11":14,"12":12,"13":14,"14":10,"15":14,"16":10,"17":2,"18":2,"19":14,"1":4,"2":14,"3":11,"4":4,"5":11,"6":3,"7":3,"8":4,"9":12,"20":1,"21":11},"LAST COALITION":[[],[{"utility":0,"ID":23}],[{"utility":0,"ID":6}],[{"utility":99,"ID":9},{"utility":78,"ID":16}],[{"utility":87,"ID":8},{"utility":65,"ID":15}],[{"utility":92,"ID":10},{"utility":94,"ID":29}],[{"utility":18,"ID":4},{"utility":81,"ID":25}],[{"utility":45,"ID":3},{"utility":91,"ID":20}],[{"utility":31,"ID":26},{"utility":82,"ID":27}],[{"utility":19,"ID":28},{"utility":2,"ID":30}],[{"utility":78,"ID":14},{"utility":68,"ID":24}],[],[{"utility":0,"ID":22}],[{"utility":0,"ID":7}],[{"utility":38,"ID":2},{"utility":80,"ID":11}],[{"utility":45,"ID":12},{"utility":7,"ID":19}],[{"utility":84,"ID":13},{"utility":60,"ID":18}],[{"utility":98,"ID":1},{"utility":82,"ID":21}],[],[{"utility":51,"ID":5},{"utility":35,"ID":17}],[],[],[],[],[],[],[],[],[],[],[]],"STARTING COALITION: ":[[null],[{"utility":0,"ID":10},{"utility":63,"ID":20}],[{"utility":0,"ID":17},{"utility":14,"ID":18}],[{"utility":52.5,"ID":6},{"utility":2.5,"ID":7},{"utility":16,"ID":30}],[{"utility":30,"ID":1},{"utility":40.8,"ID":4},{"utility":48.4,"ID":8},{"utility":11.6,"ID":26},{"utility":31.8,"ID":28},{"utility":13,"ID":29}],[],[],[],[],[],[{"utility":35,"ID":14},{"utility":39.666666666666664,"ID":16},{"utility":34.666666666666664,"ID":22},{"utility":49.333333333333336,"ID":25}],[{"utility":48.666666666666664,"ID":3},{"utility":35,"ID":5},{"utility":25.333333333333332,"ID":21},{"utility":0,"ID":23}],[{"utility":31.5,"ID":9},{"utility":0,"ID":12},{"utility":0,"ID":24}],[],[{"utility":32.75,"ID":2},{"utility":27.25,"ID":11},{"utility":6.5,"ID":13},{"utility":28,"ID":15},{"utility":1.75,"ID":19}],[{"utility":0,"ID":27}],[],[],[],[],[],[],[],[],[],[],[],[],[],[],[]],"CORE :":false,"Relazioni :":470,"Time : ":0.2,"LAST PARTITION":{"22":12,"23":1,"24":10,"25":6,"26":8,"27":8,"28":9,"29":5,"30":9,"10":5,"11":14,"12":15,"13":16,"14":10,"15":4,"16":3,"17":19,"18":16,"19":15,"1":17,"2":14,"3":7,"4":6,"5":19,"6":2,"7":13,"8":4,"9":3,"20":7,"21":17}},{"Modalità dinamica :":true,"Q : ":3,"STARTING PARTITION: ":{"22":10,"23":11,"24":12,"25":10,"26":4,"27":15,"28":4,"29":4,"30":3,"10":1,"11":14,"12":12,"13":14,"14":10,"15":14,"16":10,"17":2,"18":2,"19":14,"1":4,"2":14,"3":11,"4":4,"5":11,"6":3,"7":3,"8":4,"9":12,"20":1,"21":11},"LAST COALITION":[[],[{"utility":26,"ID":13},{"utility":32,"ID":15}],[{"utility":0,"ID":8},{"utility":0,"ID":22}],[{"utility":85,"ID":19},{"utility":45,"ID":28}],[{"utility":0,"ID":25}],[{"utility":45,"ID":3},{"utility":91,"ID":20}],[{"utility":47,"ID":27},{"utility":0,"ID":30}],[{"utility":40,"ID":12},{"utility":55,"ID":23}],[],[{"utility":0,"ID":18}],[{"utility":78,"ID":14},{"utility":68,"ID":24}],[{"utility":38,"ID":2},{"utility":80,"ID":11}],[{"utility":92,"ID":10},{"utility":94,"ID":29}],[{"utility":51,"ID":5},{"utility":35,"ID":17}],[{"utility":99,"ID":9},{"utility":78,"ID":16}],[{"utility":38,"ID":4},{"utility":14,"ID":7}],[{"utility":35,"ID":6},{"utility":60,"ID":26}],[{"utility":98,"ID":1},{"utility":82,"ID":21}],[],[],[],[],[],[],[],[],[],[],[],[],[]],"STARTING COALITION: ":[[null],[{"utility":0,"ID":10},{"utility":63,"ID":20}],[{"utility":0,"ID":17},{"utility":14,"ID":18}],[{"utility":52.5,"ID":6},{"utility":2.5,"ID":7},{"utility":16,"ID":30}],[{"utility":30,"ID":1},{"utility":40.8,"ID":4},{"utility":48.4,"ID":8},{"utility":11.6,"ID":26},{"utility":31.8,"ID":28},{"utility":13,"ID":29}],[],[],[],[],[],[{"utility":35,"ID":14},{"utility":39.666666666666664,"ID":16},{"utility":34.666666666666664,"ID":22},{"utility":49.333333333333336,"ID":25}],[{"utility":48.666666666666664,"ID":3},{"utility":35,"ID":5},{"utility":25.333333333333332,"ID":21},{"utility":0,"ID":23}],[{"utility":31.5,"ID":9},{"utility":0,"ID":12},{"utility":0,"ID":24}],[],[{"utility":32.75,"ID":2},{"utility":27.25,"ID":11},{"utility":6.5,"ID":13},{"utility":28,"ID":15},{"utility":1.75,"ID":19}],[{"utility":0,"ID":27}],[],[],[],[],[],[],[],[],[],[],[],[],[],[],[]],"CORE :":false,"Relazioni :":470,"Time : ":0.1,"LAST PARTITION":{"22":2,"23":7,"24":10,"25":4,"26":16,"27":6,"28":3,"29":12,"30":6,"10":12,"11":11,"12":7,"13":1,"14":10,"15":1,"16":14,"17":13,"18":9,"19":3,"1":17,"2":11,"3":5,"4":15,"5":13,"6":16,"7":15,"8":2,"9":14,"20":5,"21":17}},{"Modalità dinamica :":true,"Q : ":3,"STARTING PARTITION: ":{"22":10,"23":11,"24":12,"25":10,"26":4,"27":15,"28":4,"29":4,"30":3,"10":1,"11":14,"12":12,"13":14,"14":10,"15":14,"16":10,"17":2,"18":2,"19":14,"1":4,"2":14,"3":11,"4":4,"5":11,"6":3,"7":3,"8":4,"9":12,"20":1,"21":11},"LAST COALITION":[[],[{"utility":0,"ID":30}],[{"utility":76,"ID":3},{"utility":17,"ID":5}],[{"utility":48,"ID":22},{"utility":55,"ID":27}],[{"utility":85,"ID":19},{"utility":45,"ID":28}],[{"utility":73,"ID":20},{"utility":34,"ID":25}],[{"utility":98,"ID":1},{"utility":82,"ID":21}],[{"utility":78,"ID":14},{"utility":68,"ID":24}],[{"utility":82,"ID":7},{"utility":40,"ID":23}],[{"utility":92,"ID":10},{"utility":94,"ID":29}],[],[{"utility":99,"ID":9},{"utility":78,"ID":16}],[{"utility":35,"ID":6},{"utility":60,"ID":26}],[],[{"utility":38,"ID":2},{"utility":80,"ID":11}],[{"utility":84,"ID":13},{"utility":60,"ID":18}],[{"utility":49,"ID":4},{"utility":48,"ID":12},{"utility":46.5,"ID":17}],[],[{"utility":87,"ID":8},{"utility":65,"ID":15}],[],[],[],[],[],[],[],[],[],[],[],[]],"STARTING COALITION: ":[[null],[{"utility":0,"ID":10},{"utility":63,"ID":20}],[{"utility":0,"ID":17},{"utility":14,"ID":18}],[{"utility":52.5,"ID":6},{"utility":2.5,"ID":7},{"utility":16,"ID":30}],[{"utility":30,"ID":1},{"utility":40.8,"ID":4},{"utility":48.4,"ID":8},{"utility":11.6,"ID":26},{"utility":31.8,"ID":28},{"utility":13,"ID":29}],[],[],[],[],[],[{"utility":35,"ID":14},{"utility":39.666666666666664,"ID":16},{"utility":34.666666666666664,"ID":22},{"utility":49.333333333333336,"ID":25}],[{"utility":48.666666666666664,"ID":3},{"utility":35,"ID":5},{"utility":25.333333333333332,"ID":21},{"utility":0,"ID":23}],[{"utility":31.5,"ID":9},{"utility":0,"ID":12},{"utility":0,"ID":24}],[],[{"utility":32.75,"ID":2},{"utility":27.25,"ID":11},{"utility":6.5,"ID":13},{"utility":28,"ID":15},{"utility":1.75,"ID":19}],[{"utility":0,"ID":27}],[],[],[],[],[],[],[],[],[],[],[],[],[],[],[]],"CORE :":true,"Relazioni :":470,"Time : ":0.2,"LAST PARTITION":{"22":3,"23":8,"24":7,"25":5,"26":12,"27":3,"28":4,"29":9,"30":1,"10":9,"11":14,"12":16,"13":15,"14":7,"15":18,"16":11,"17":16,"18":15,"19":4,"1":6,"2":14,"3":2,"4":16,"5":2,"6":12,"7":8,"8":18,"9":11,"20":5,"21":6}},{"Modalità dinamica :":true,"Q : ":4,"STARTING PARTITION: ":{"22":10,"23":11,"24":12,"25":10,"26":4,"27":15,"28":4,"29":4,"30":3,"10":1,"11":14,"12":12,"13":14,"14":10,"15":14,"16":10,"17":2,"18":2,"19":14,"1":4,"2":14,"3":11,"4":4,"5":11,"6":3,"7":3,"8":4,"9":12,"20":1,"21":11},"LAST COALITION":[[],[{"utility":38,"ID":2},{"utility":80,"ID":11}],[{"utility":92,"ID":10},{"utility":94,"ID":29}],[{"utility":98,"ID":1},{"utility":82,"ID":21}],[{"utility":84,"ID":13},{"utility":60,"ID":18}],[{"utility":78,"ID":14},{"utility":68,"ID":24}],[{"utility":40,"ID":12},{"utility":55,"ID":23}],[{"utility":99,"ID":9},{"utility":78,"ID":16}],[{"utility":87,"ID":8},{"utility":65,"ID":15}],[],[],[{"utility":85,"ID":19},{"utility":45,"ID":28}],[{"utility":73,"ID":7},{"utility":34,"ID":25}],[{"utility":68,"ID":3},{"utility":49,"ID":4},{"utility":48.5,"ID":20}],[{"utility":35,"ID":6},{"utility":60,"ID":26}],[{"utility":0,"ID":30}],[{"utility":48,"ID":22},{"utility":55,"ID":27}],[],[{"utility":51,"ID":5},{"utility":35,"ID":17}],[],[],[],[],[],[],[],[],[],[],[],[]],"STARTING COALITION: ":[[null],[{"utility":0,"ID":10},{"utility":63,"ID":20}],[{"utility":0,"ID":17},{"utility":14,"ID":18}],[{"utility":52.5,"ID":6},{"utility":2.5,"ID":7},{"utility":16,"ID":30}],[{"utility":30,"ID":1},{"utility":40.8,"ID":4},{"utility":48.4,"ID":8},{"utility":11.6,"ID":26},{"utility":31.8,"ID":28},{"utility":13,"ID":29}],[],[],[],[],[],[{"utility":35,"ID":14},{"utility":39.666666666666664,"ID":16},{"utility":34.666666666666664,"ID":22},{"utility":49.333333333333336,"ID":25}],[{"utility":48.666666666666664,"ID":3},{"utility":35,"ID":5},{"utility":25.333333333333332,"ID":21},{"utility":0,"ID":23}],[{"utility":31.5,"ID":9},{"utility":0,"ID":12},{"utility":0,"ID":24}],[],[{"utility":32.75,"ID":2},{"utility":27.25,"ID":11},{"utility":6.5,"ID":13},{"utility":28,"ID":15},{"utility":1.75,"ID":19}],[{"utility":0,"ID":27}],[],[],[],[],[],[],[],[],[],[],[],[],[],[],[]],"CORE :":true,"Relazioni :":470,"Time : ":0.1,"LAST PARTITION":{"22":16,"23":6,"24":5,"25":12,"26":14,"27":16,"28":11,"29":2,"30":15,"10":2,"11":1,"12":6,"13":4,"14":5,"15":8,"16":7,"17":18,"18":4,"19":11,"1":3,"2":1,"3":13,"4":13,"5":18,"6":14,"7":12,"8":8,"9":7,"20":13,"21":3}},{"Modalità dinamica :":true,"Q : ":4,"STARTING PARTITION: ":{"22":10,"23":11,"24":12,"25":10,"26":4,"27":15,"28":4,"29":4,"30":3,"10":1,"11":14,"12":12,"13":14,"14":10,"15":14,"16":10,"17":2,"18":2,"19":14,"1":4,"2":14,"3":11,"4":4,"5":11,"6":3,"7":3,"8":4,"9":12,"20":1,"21":11},"LAST COALITION":[[],[{"utility":38,"ID":2},{"utility":80,"ID":11}],[{"utility":87,"ID":8},{"utility":65,"ID":15}],[{"utility":99,"ID":9},{"utility":78,"ID":16}],[{"utility":92,"ID":10},{"utility":94,"ID":29}],[],[{"utility":48,"ID":22},{"utility":55,"ID":27}],[{"utility":49,"ID":4},{"utility":48,"ID":12},{"utility":46.5,"ID":17}],[{"utility":0,"ID":30}],[{"utility":73,"ID":20},{"utility":34,"ID":25}],[{"utility":35,"ID":6},{"utility":60,"ID":26}],[{"utility":82,"ID":7},{"utility":40,"ID":23}],[{"utility":76,"ID":3},{"utility":17,"ID":5}],[],[{"utility":78,"ID":14},{"utility":68,"ID":24}],[],[{"utility":85,"ID":19},{"utility":45,"ID":28}],[{"utility":84,"ID":13},{"utility":60,"ID":18}],[{"utility":98,"ID":1},{"utility":82,"ID":21}],[],[],[],[],[],[],[],[],[],[],[],[]],"STARTING COALITION: ":[[null],[{"utility":0,"ID":10},{"utility":63,"ID":20}],[{"utility":0,"ID":17},{"utility":14,"ID":18}],[{"utility":52.5,"ID":6},{"utility":2.5,"ID":7},{"utility":16,"ID":30}],[{"utility":30,"ID":1},{"utility":40.8,"ID":4},{"utility":48.4,"ID":8},{"utility":11.6,"ID":26},{"utility":31.8,"ID":28},{"utility":13,"ID":29}],[],[],[],[],[],[{"utility":35,"ID":14},{"utility":39.666666666666664,"ID":16},{"utility":34.666666666666664,"ID":22},{"utility":49.333333333333336,"ID":25}],[{"utility":48.666666666666664,"ID":3},{"utility":35,"ID":5},{"utility":25.333333333333332,"ID":21},{"utility":0,"ID":23}],[{"utility":31.5,"ID":9},{"utility":0,"ID":12},{"utility":0,"ID":24}],[],[{"utility":32.75,"ID":2},{"utility":27.25,"ID":11},{"utility":6.5,"ID":13},{"utility":28,"ID":15},{"utility":1.75,"ID":19}],[{"utility":0,"ID":27}],[],[],[],[],[],[],[],[],[],[],[],[],[],[],[]],"CORE :":true,"Relazioni :":470,"Time : ":0.2,"LAST PARTITION":{"22":6,"23":11,"24":14,"25":9,"26":10,"27":6,"28":16,"29":4,"30":8,"10":4,"11":1,"12":7,"13":17,"14":14,"15":2,"16":3,"17":7,"18":17,"19":16,"1":18,"2":1,"3":12,"4":7,"5":12,"6":10,"7":11,"8":2,"9":3,"20":9,"21":18}},{"Modalità dinamica :":true,"Q : ":5,"STARTING PARTITION: ":{"22":10,"23":11,"24":12,"25":10,"26":4,"27":15,"28":4,"29":4,"30":3,"10":1,"11":14,"12":12,"13":14,"14":10,"15":14,"16":10,"17":2,"18":2,"19":14,"1":4,"2":14,"3":11,"4":4,"5":11,"6":3,"7":3,"8":4,"9":12,"20":1,"21":11},"LAST COALITION":[[],[{"utility":0,"ID":5}],[{"utility":0,"ID":27}],[],[{"utility":40,"ID":12},{"utility":55,"ID":23}],[{"utility":78,"ID":14},{"utility":68,"ID":24}],[{"utility":0,"ID":17}],[{"utility":44,"ID":2},{"utility":76.5,"ID":11},{"utility":57.5,"ID":22}],[{"utility":0,"ID":30}],[{"utility":0,"ID":26}],[{"utility":30,"ID":4},{"utility":90,"ID":15}],[{"utility":92,"ID":10},{"utility":94,"ID":29}],[{"utility":45,"ID":3},{"utility":91,"ID":20}],[{"utility":99,"ID":9},{"utility":78,"ID":16}],[{"utility":73,"ID":7},{"utility":34,"ID":25}],[{"utility":70,"ID":6},{"utility":56,"ID":8}],[{"utility":85,"ID":19},{"utility":45,"ID":28}],[{"utility":84,"ID":13},{"utility":60,"ID":18}],[],[],[{"utility":98,"ID":1},{"utility":82,"ID":21}],[],[],[],[],[],[],[],[],[],[]],"STARTING COALITION: ":[[null],[{"utility":0,"ID":10},{"utility":63,"ID":20}],[{"utility":0,"ID":17},{"utility":14,"ID":18}],[{"utility":52.5,"ID":6},{"utility":2.5,"ID":7},{"utility":16,"ID":30}],[{"utility":30,"ID":1},{"utility":40.8,"ID":4},{"utility":48.4,"ID":8},{"utility":11.6,"ID":26},{"utility":31.8,"ID":28},{"utility":13,"ID":29}],[],[],[],[],[],[{"utility":35,"ID":14},{"utility":39.666666666666664,"ID":16},{"utility":34.666666666666664,"ID":22},{"utility":49.333333333333336,"ID":25}],[{"utility":48.666666666666664,"ID":3},{"utility":35,"ID":5},{"utility":25.333333333333332,"ID":21},{"utility":0,"ID":23}],[{"utility":31.5,"ID":9},{"utility":0,"ID":12},{"utility":0,"ID":24}],[],[{"utility":32.75,"ID":2},{"utility":27.25,"ID":11},{"utility":6.5,"ID":13},{"utility":28,"ID":15},{"utility":1.75,"ID":19}],[{"utility":0,"ID":27}],[],[],[],[],[],[],[],[],[],[],[],[],[],[],[]],"CORE :":true,"Relazioni :":470,"Time : ":0.1,"LAST PARTITION":{"22":7,"23":4,"24":5,"25":14,"26":9,"27":2,"28":16,"29":11,"30":8,"10":11,"11":7,"12":4,"13":17,"14":5,"15":10,"16":13,"17":6,"18":17,"19":16,"1":20,"2":7,"3":12,"4":10,"5":1,"6":15,"7":14,"8":15,"9":13,"20":12,"21":20}},{"Modalità dinamica :":true,"Q : ":5,"STARTING PARTITION: ":{"22":10,"23":11,"24":12,"25":10,"26":4,"27":15,"28":4,"29":4,"30":3,"10":1,"11":14,"12":12,"13":14,"14":10,"15":14,"16":10,"17":2,"18":2,"19":14,"1":4,"2":14,"3":11,"4":4,"5":11,"6":3,"7":3,"8":4,"9":12,"20":1,"21":11},"LAST COALITION":[[],[],[{"utility":84,"ID":13},{"utility":60,"ID":18}],[{"utility":85,"ID":19},{"utility":45,"ID":28}],[{"utility":92,"ID":10},{"utility":94,"ID":29}],[{"utility":78,"ID":14},{"utility":68,"ID":24}],[{"utility":38,"ID":2},{"utility":80,"ID":11}],[{"utility":49,"ID":4},{"utility":48,"ID":12},{"utility":46.5,"ID":17}],[{"utility":35,"ID":6},{"utility":60,"ID":26}],[],[{"utility":76,"ID":3},{"utility":17,"ID":5}],[{"utility":87,"ID":8},{"utility":65,"ID":15}],[{"utility":99,"ID":9},{"utility":78,"ID":16}],[],[{"utility":48,"ID":22},{"utility":55,"ID":27}],[{"utility":73,"ID":20},{"utility":34,"ID":25}],[{"utility":98,"ID":1},{"utility":82,"ID":21}],[{"utility":82,"ID":7},{"utility":40,"ID":23}],[{"utility":0,"ID":30}],[],[],[],[],[],[],[],[],[],[],[],[]],"STARTING COALITION: ":[[null],[{"utility":0,"ID":10},{"utility":63,"ID":20}],[{"utility":0,"ID":17},{"utility":14,"ID":18}],[{"utility":52.5,"ID":6},{"utility":2.5,"ID":7},{"utility":16,"ID":30}],[{"utility":30,"ID":1},{"utility":40.8,"ID":4},{"utility":48.4,"ID":8},{"utility":11.6,"ID":26},{"utility":31.8,"ID":28},{"utility":13,"ID":29}],[],[],[],[],[],[{"utility":35,"ID":14},{"utility":39.666666666666664,"ID":16},{"utility":34.666666666666664,"ID":22},{"utility":49.333333333333336,"ID":25}],[{"utility":48.666666666666664,"ID":3},{"utility":35,"ID":5},{"utility":25.333333333333332,"ID":21},{"utility":0,"ID":23}],[{"utility":31.5,"ID":9},{"utility":0,"ID":12},{"utility":0,"ID":24}],[],[{"utility":32.75,"ID":2},{"utility":27.25,"ID":11},{"utility":6.5,"ID":13},{"utility":28,"ID":15},{"utility":1.75,"ID":19}],[{"utility":0,"ID":27}],[],[],[],[],[],[],[],[],[],[],[],[],[],[],[]],"CORE :":true,"Relazioni :":470,"Time : ":0.2,"LAST PARTITION":{"22":14,"23":17,"24":5,"25":15,"26":8,"27":14,"28":3,"29":4,"30":18,"10":4,"11":6,"12":7,"13":2,"14":5,"15":11,"16":12,"17":7,"18":2,"19":3,"1":16,"2":6,"3":10,"4":7,"5":10,"6":8,"7":17,"8":11,"9":12,"20":15,"21":16}},{"Modalità dinamica :":true,"Q : ":6,"STARTING PARTITION: ":{"22":10,"23":11,"24":12,"25":10,"26":4,"27":15,"28":4,"29":4,"30":3,"10":1,"11":14,"12":12,"13":14,"14":10,"15":14,"16":10,"17":2,"18":2,"19":14,"1":4,"2":14,"3":11,"4":4,"5":11,"6":3,"7":3,"8":4,"9":12,"20":1,"21":11},"LAST COALITION":[[],[{"utility":87,"ID":8},{"utility":65,"ID":15}],[{"utility":0,"ID":22}],[{"utility":0,"ID":7}],[{"utility":75,"ID":11},{"utility":64,"ID":12}],[{"utility":0,"ID":30}],[{"utility":0,"ID":20}],[{"utility":92,"ID":10},{"utility":94,"ID":29}],[{"utility":84,"ID":13},{"utility":60,"ID":18}],[{"utility":36,"ID":4},{"utility":24,"ID":23}],[{"utility":0,"ID":27}],[{"utility":76,"ID":3},{"utility":17,"ID":5}],[{"utility":0,"ID":2}],[{"utility":78,"ID":14},{"utility":68,"ID":24}],[{"utility":68,"ID":16},{"utility":36,"ID":17}],[{"utility":85,"ID":19},{"utility":45,"ID":28}],[{"utility":78,"ID":9},{"utility":67,"ID":25}],[{"utility":98,"ID":1},{"utility":82,"ID":21}],[],[{"utility":35,"ID":6},{"utility":60,"ID":26}],[],[],[],[],[],[],[],[],[],[],[]],"STARTING COALITION: ":[[null],[{"utility":0,"ID":10},{"utility":63,"ID":20}],[{"utility":0,"ID":17},{"utility":14,"ID":18}],[{"utility":52.5,"ID":6},{"utility":2.5,"ID":7},{"utility":16,"ID":30}],[{"utility":30,"ID":1},{"utility":40.8,"ID":4},{"utility":48.4,"ID":8},{"utility":11.6,"ID":26},{"utility":31.8,"ID":28},{"utility":13,"ID":29}],[],[],[],[],[],[{"utility":35,"ID":14},{"utility":39.666666666666664,"ID":16},{"utility":34.666666666666664,"ID":22},{"utility":49.333333333333336,"ID":25}],[{"utility":48.666666666666664,"ID":3},{"utility":35,"ID":5},{"utility":25.333333333333332,"ID":21},{"utility":0,"ID":23}],[{"utility":31.5,"ID":9},{"utility":0,"ID":12},{"utility":0,"ID":24}],[],[{"utility":32.75,"ID":2},{"utility":27.25,"ID":11},{"utility":6.5,"ID":13},{"utility":28,"ID":15},{"utility":1.75,"ID":19}],[{"utility":0,"ID":27}],[],[],[],[],[],[],[],[],[],[],[],[],[],[],[]],"CORE :":true,"Relazioni :":470,"Time : ":0.1,"LAST PARTITION":{"22":2,"23":9,"24":13,"25":16,"26":19,"27":10,"28":15,"29":7,"30":5,"10":7,"11":4,"12":4,"13":8,"14":13,"15":1,"16":14,"17":14,"18":8,"19":15,"1":17,"2":12,"3":11,"4":9,"5":11,"6":19,"7":3,"8":1,"9":16,"20":6,"21":17}},{"Modalità dinamica :":true,"Q : ":6,"STARTING PARTITION: ":{"22":10,"23":11,"24":12,"25":10,"26":4,"27":15,"28":4,"29":4,"30":3,"10":1,"11":14,"12":12,"13":14,"14":10,"15":14,"16":10,"17":2,"18":2,"19":14,"1":4,"2":14,"3":11,"4":4,"5":11,"6":3,"7":3,"8":4,"9":12,"20":1,"21":11},"LAST COALITION":[[],[],[{"utility":99,"ID":9},{"utility":78,"ID":16}],[{"utility":87,"ID":8},{"utility":65,"ID":15}],[{"utility":35,"ID":6},{"utility":60,"ID":26}],[{"utility":0,"ID":30}],[{"utility":48,"ID":22},{"utility":55,"ID":27}],[{"utility":92,"ID":10},{"utility":94,"ID":29}],[{"utility":73,"ID":20},{"utility":34,"ID":25}],[{"utility":85,"ID":19},{"utility":45,"ID":28}],[],[{"utility":78,"ID":14},{"utility":68,"ID":24}],[{"utility":76,"ID":3},{"utility":17,"ID":5}],[{"utility":84,"ID":13},{"utility":60,"ID":18}],[{"utility":49,"ID":4},{"utility":48,"ID":12},{"utility":46.5,"ID":17}],[{"utility":82,"ID":7},{"utility":40,"ID":23}],[{"utility":98,"ID":1},{"utility":82,"ID":21}],[{"utility":38,"ID":2},{"utility":80,"ID":11}],[],[],[],[],[],[],[],[],[],[],[],[],[]],"STARTING COALITION: ":[[null],[{"utility":0,"ID":10},{"utility":63,"ID":20}],[{"utility":0,"ID":17},{"utility":14,"ID":18}],[{"utility":52.5,"ID":6},{"utility":2.5,"ID":7},{"utility":16,"ID":30}],[{"utility":30,"ID":1},{"utility":40.8,"ID":4},{"utility":48.4,"ID":8},{"utility":11.6,"ID":26},{"utility":31.8,"ID":28},{"utility":13,"ID":29}],[],[],[],[],[],[{"utility":35,"ID":14},{"utility":39.666666666666664,"ID":16},{"utility":34.666666666666664,"ID":22},{"utility":49.333333333333336,"ID":25}],[{"utility":48.666666666666664,"ID":3},{"utility":35,"ID":5},{"utility":25.333333333333332,"ID":21},{"utility":0,"ID":23}],[{"utility":31.5,"ID":9},{"utility":0,"ID":12},{"utility":0,"ID":24}],[],[{"utility":32.75,"ID":2},{"utility":27.25,"ID":11},{"utility":6.5,"ID":13},{"utility":28,"ID":15},{"utility":1.75,"ID":19}],[{"utility":0,"ID":27}],[],[],[],[],[],[],[],[],[],[],[],[],[],[],[]],"CORE :":true,"Relazioni :":470,"Time : ":0.2,"LAST PARTITION":{"22":6,"23":15,"24":11,"25":8,"26":4,"27":6,"28":9,"29":7,"30":5,"10":7,"11":17,"12":14,"13":13,"14":11,"15":3,"16":2,"17":14,"18":13,"19":9,"1":16,"2":17,"3":12,"4":14,"5":12,"6":4,"7":15,"8":3,"9":2,"20":8,"21":16}},{"Modalità dinamica :":true,"Q : ":7,"STARTING PARTITION: ":{"22":10,"23":11,"24":12,"25":10,"26":4,"27":15,"28":4,"29":4,"30":3,"10":1,"11":14,"12":12,"13":14,"14":10,"15":14,"16":10,"17":2,"18":2,"19":14,"1":4,"2":14,"3":11,"4":4,"5":11,"6":3,"7":3,"8":4,"9":12,"20":1,"21":11},"LAST COALITION":[[],[{"utility":28,"ID":2},{"utility":82,"ID":30}],[{"utility":0,"ID":18}],[{"utility":78,"ID":14},{"utility":68,"ID":24}],[{"utility":87,"ID":8},{"utility":65,"ID":15}],[{"utility":92,"ID":9},{"utility":88,"ID":11}],[{"utility":98,"ID":1},{"utility":82,"ID":21}],[{"utility":42.5,"ID":19},{"utility":27.5,"ID":22},{"utility":48.5,"ID":28}],[{"utility":98,"ID":4},{"utility":6,"ID":20}],[{"utility":0,"ID":27}],[{"utility":51,"ID":5},{"utility":35,"ID":17}],[{"utility":87,"ID":13},{"utility":13,"ID":16}],[{"utility":35,"ID":6},{"utility":60,"ID":26}],[],[{"utility":77,"ID":3},{"utility":15,"ID":12}],[{"utility":77.5,"ID":7},{"utility":20,"ID":23},{"utility":55,"ID":25}],[],[],[],[],[{"utility":92,"ID":10},{"utility":94,"ID":29}],[],[],[],[],[],[],[],[],[],[]],"STARTING COALITION: ":[[null],[{"utility":0,"ID":10},{"utility":63,"ID":20}],[{"utility":0,"ID":17},{"utility":14,"ID":18}],[{"utility":52.5,"ID":6},{"utility":2.5,"ID":7},{"utility":16,"ID":30}],[{"utility":30,"ID":1},{"utility":40.8,"ID":4},{"utility":48.4,"ID":8},{"utility":11.6,"ID":26},{"utility":31.8,"ID":28},{"utility":13,"ID":29}],[],[],[],[],[],[{"utility":35,"ID":14},{"utility":39.666666666666664,"ID":16},{"utility":34.666666666666664,"ID":22},{"utility":49.333333333333336,"ID":25}],[{"utility":48.666666666666664,"ID":3},{"utility":35,"ID":5},{"utility":25.333333333333332,"ID":21},{"utility":0,"ID":23}],[{"utility":31.5,"ID":9},{"utility":0,"ID":12},{"utility":0,"ID":24}],[],[{"utility":32.75,"ID":2},{"utility":27.25,"ID":11},{"utility":6.5,"ID":13},{"utility":28,"ID":15},{"utility":1.75,"ID":19}],[{"utility":0,"ID":27}],[],[],[],[],[],[],[],[],[],[],[],[],[],[],[]],"CORE :":true,"Relazioni :":470,"Time : ":0.1,"LAST PARTITION":{"22":7,"23":15,"24":3,"25":15,"26":12,"27":9,"28":7,"29":20,"30":1,"10":20,"11":5,"12":14,"13":11,"14":3,"15":4,"16":11,"17":10,"18":2,"19":7,"1":6,"2":1,"3":14,"4":8,"5":10,"6":12,"7":15,"8":4,"9":5,"20":8,"21":6}},{"Modalità dinamica :":true,"Q : ":7,"STARTING PARTITION: ":{"22":10,"23":11,"24":12,"25":10,"26":4,"27":15,"28":4,"29":4,"30":3,"10":1,"11":14,"12":12,"13":14,"14":10,"15":14,"16":10,"17":2,"18":2,"19":14,"1":4,"2":14,"3":11,"4":4,"5":11,"6":3,"7":3,"8":4,"9":12,"20":1,"21":11},"LAST COALITION":[[],[{"utility":73,"ID":20},{"utility":34,"ID":25}],[{"utility":92,"ID":10},{"utility":94,"ID":29}],[{"utility":0,"ID":30}],[{"utility":87,"ID":8},{"utility":65,"ID":15}],[{"utility":85,"ID":19},{"utility":45,"ID":28}],[{"utility":82,"ID":7},{"utility":40,"ID":23}],[{"utility":35,"ID":6},{"utility":60,"ID":26}],[{"utility":98,"ID":1},{"utility":82,"ID":21}],[{"utility":99,"ID":9},{"utility":78,"ID":16}],[{"utility":38,"ID":2},{"utility":80,"ID":11}],[{"utility":76,"ID":3},{"utility":17,"ID":5}],[{"utility":78,"ID":14},{"utility":68,"ID":24}],[{"utility":48,"ID":22},{"utility":55,"ID":27}],[],[],[],[],[{"utility":84,"ID":13},{"utility":60,"ID":18}],[{"utility":49,"ID":4},{"utility":48,"ID":12},{"utility":46.5,"ID":17}],[],[],[],[],[],[],[],[],[],[],[]],"STARTING COALITION: ":[[null],[{"utility":0,"ID":10},{"utility":63,"ID":20}],[{"utility":0,"ID":17},{"utility":14,"ID":18}],[{"utility":52.5,"ID":6},{"utility":2.5,"ID":7},{"utility":16,"ID":30}],[{"utility":30,"ID":1},{"utility":40.8,"ID":4},{"utility":48.4,"ID":8},{"utility":11.6,"ID":26},{"utility":31.8,"ID":28},{"utility":13,"ID":29}],[],[],[],[],[],[{"utility":35,"ID":14},{"utility":39.666666666666664,"ID":16},{"utility":34.666666666666664,"ID":22},{"utility":49.333333333333336,"ID":25}],[{"utility":48.666666666666664,"ID":3},{"utility":35,"ID":5},{"utility":25.333333333333332,"ID":21},{"utility":0,"ID":23}],[{"utility":31.5,"ID":9},{"utility":0,"ID":12},{"utility":0,"ID":24}],[],[{"utility":32.75,"ID":2},{"utility":27.25,"ID":11},{"utility":6.5,"ID":13},{"utility":28,"ID":15},{"utility":1.75,"ID":19}],[{"utility":0,"ID":27}],[],[],[],[],[],[],[],[],[],[],[],[],[],[],[]],"CORE :":true,"Relazioni :":470,"Time : ":0.2,"LAST PARTITION":{"22":13,"23":6,"24":12,"25":1,"26":7,"27":13,"28":5,"29":2,"30":3,"10":2,"11":10,"12":19,"13":18,"14":12,"15":4,"16":9,"17":19,"18":18,"19":5,"1":8,"2":10,"3":11,"4":19,"5":11,"6":7,"7":6,"8":4,"9":9,"20":1,"21":8}},{"Modalità dinamica :":true,"Q : ":8,"STARTING PARTITION: ":{"22":10,"23":11,"24":12,"25":10,"26":4,"27":15,"28":4,"29":4,"30":3,"10":1,"11":14,"12":12,"13":14,"14":10,"15":14,"16":10,"17":2,"18":2,"19":14,"1":4,"2":14,"3":11,"4":4,"5":11,"6":3,"7":3,"8":4,"9":12,"20":1,"21":11},"LAST COALITION":[[],[{"utility":98,"ID":1},{"utility":82,"ID":21}],[{"utility":30,"ID":4},{"utility":90,"ID":15}],[],[{"utility":0,"ID":12}],[{"utility":92,"ID":10},{"utility":94,"ID":29}],[{"utility":12,"ID":22},{"utility":90,"ID":30}],[{"utility":78,"ID":14},{"utility":68,"ID":24}],[{"utility":0,"ID":27}],[{"utility":0,"ID":25}],[{"utility":99,"ID":9},{"utility":78,"ID":16}],[],[{"utility":51,"ID":5},{"utility":35,"ID":17}],[{"utility":38,"ID":2},{"utility":80,"ID":11}],[{"utility":0,"ID":26}],[{"utility":45,"ID":3},{"utility":91,"ID":20}],[{"utility":84,"ID":13},{"utility":60,"ID":18}],[{"utility":82,"ID":7},{"utility":40,"ID":23}],[{"utility":85,"ID":19},{"utility":45,"ID":28}],[{"utility":70,"ID":6},{"utility":56,"ID":8}],[],[],[],[],[],[],[],[],[],[],[]],"STARTING COALITION: ":[[null],[{"utility":0,"ID":10},{"utility":63,"ID":20}],[{"utility":0,"ID":17},{"utility":14,"ID":18}],[{"utility":52.5,"ID":6},{"utility":2.5,"ID":7},{"utility":16,"ID":30}],[{"utility":30,"ID":1},{"utility":40.8,"ID":4},{"utility":48.4,"ID":8},{"utility":11.6,"ID":26},{"utility":31.8,"ID":28},{"utility":13,"ID":29}],[],[],[],[],[],[{"utility":35,"ID":14},{"utility":39.666666666666664,"ID":16},{"utility":34.666666666666664,"ID":22},{"utility":49.333333333333336,"ID":25}],[{"utility":48.666666666666664,"ID":3},{"utility":35,"ID":5},{"utility":25.333333333333332,"ID":21},{"utility":0,"ID":23}],[{"utility":31.5,"ID":9},{"utility":0,"ID":12},{"utility":0,"ID":24}],[],[{"utility":32.75,"ID":2},{"utility":27.25,"ID":11},{"utility":6.5,"ID":13},{"utility":28,"ID":15},{"utility":1.75,"ID":19}],[{"utility":0,"ID":27}],[],[],[],[],[],[],[],[],[],[],[],[],[],[],[]],"CORE :":true,"Relazioni :":470,"Time : ":0.1,"LAST PARTITION":{"22":6,"23":17,"24":7,"25":9,"26":14,"27":8,"28":18,"29":5,"30":6,"10":5,"11":13,"12":4,"13":16,"14":7,"15":2,"16":10,"17":12,"18":16,"19":18,"1":1,"2":13,"3":15,"4":2,"5":12,"6":19,"7":17,"8":19,"9":10,"20":15,"21":1}},{"Modalità dinamica :":true,"Q : ":8,"STARTING PARTITION: ":{"22":10,"23":11,"24":12,"25":10,"26":4,"27":15,"28":4,"29":4,"30":3,"10":1,"11":14,"12":12,"13":14,"14":10,"15":14,"16":10,"17":2,"18":2,"19":14,"1":4,"2":14,"3":11,"4":4,"5":11,"6":3,"7":3,"8":4,"9":12,"20":1,"21":11},"LAST COALITION":[[],[{"utility":35,"ID":6},{"utility":60,"ID":26}],[{"utility":99,"ID":9},{"utility":78,"ID":16}],[{"utility":87,"ID":8},{"utility":65,"ID":15}],[{"utility":98,"ID":1},{"utility":82,"ID":21}],[{"utility":0,"ID":30}],[{"utility":78,"ID":14},{"utility":68,"ID":24}],[{"utility":45,"ID":3},{"utility":91,"ID":20}],[{"utility":0,"ID":23}],[{"utility":73,"ID":7},{"utility":34,"ID":25}],[],[{"utility":0,"ID":27}],[{"utility":22,"ID":4},{"utility":71,"ID":22}],[{"utility":84,"ID":13},{"utility":60,"ID":18}],[{"utility":92,"ID":10},{"utility":94,"ID":29}],[{"utility":85,"ID":19},{"utility":45,"ID":28}],[],[],[{"utility":51,"ID":5},{"utility":35,"ID":17}],[{"utility":0,"ID":2}],[{"utility":75,"ID":11},{"utility":64,"ID":12}],[],[],[],[],[],[],[],[],[],[]],"STARTING COALITION: ":[[null],[{"utility":0,"ID":10},{"utility":63,"ID":20}],[{"utility":0,"ID":17},{"utility":14,"ID":18}],[{"utility":52.5,"ID":6},{"utility":2.5,"ID":7},{"utility":16,"ID":30}],[{"utility":30,"ID":1},{"utility":40.8,"ID":4},{"utility":48.4,"ID":8},{"utility":11.6,"ID":26},{"utility":31.8,"ID":28},{"utility":13,"ID":29}],[],[],[],[],[],[{"utility":35,"ID":14},{"utility":39.666666666666664,"ID":16},{"utility":34.666666666666664,"ID":22},{"utility":49.333333333333336,"ID":25}],[{"utility":48.666666666666664,"ID":3},{"utility":35,"ID":5},{"utility":25.333333333333332,"ID":21},{"utility":0,"ID":23}],[{"utility":31.5,"ID":9},{"utility":0,"ID":12},{"utility":0,"ID":24}],[],[{"utility":32.75,"ID":2},{"utility":27.25,"ID":11},{"utility":6.5,"ID":13},{"utility":28,"ID":15},{"utility":1.75,"ID":19}],[{"utility":0,"ID":27}],[],[],[],[],[],[],[],[],[],[],[],[],[],[],[]],"CORE :":true,"Relazioni :":470,"Time : ":0.2,"LAST PARTITION":{"22":12,"23":8,"24":6,"25":9,"26":1,"27":11,"28":15,"29":14,"30":5,"10":14,"11":20,"12":20,"13":13,"14":6,"15":3,"16":2,"17":18,"18":13,"19":15,"1":4,"2":19,"3":7,"4":12,"5":18,"6":1,"7":9,"8":3,"9":2,"20":7,"21":4}},{"Modalità dinamica :":true,"Q : ":9,"STARTING PARTITION: ":{"22":10,"23":11,"24":12,"25":10,"26":4,"27":15,"28":4,"29":4,"30":3,"10":1,"11":14,"12":12,"13":14,"14":10,"15":14,"16":10,"17":2,"18":2,"19":14,"1":4,"2":14,"3":11,"4":4,"5":11,"6":3,"7":3,"8":4,"9":12,"20":1,"21":11},"LAST COALITION":[[],[{"utility":0,"ID":12}],[{"utility":0,"ID":25}],[{"utility":35,"ID":6},{"utility":60,"ID":26}],[{"utility":6,"ID":7},{"utility":70,"ID":22}],[{"utility":0,"ID":30}],[{"utility":0,"ID":23}],[{"utility":85,"ID":19},{"utility":45,"ID":28}],[{"utility":0,"ID":3}],[{"utility":98,"ID":1},{"utility":82,"ID":21}],[{"utility":99,"ID":9},{"utility":78,"ID":16}],[{"utility":31,"ID":4},{"utility":74,"ID":8},{"utility":77.5,"ID":15}],[{"utility":35,"ID":18},{"utility":33,"ID":20}],[{"utility":19,"ID":2},{"utility":40,"ID":11},{"utility":44.5,"ID":27}],[],[{"utility":78,"ID":14},{"utility":68,"ID":24}],[],[{"utility":0,"ID":5}],[{"utility":92,"ID":10},{"utility":94,"ID":29}],[{"utility":0,"ID":13},{"utility":26,"ID":17}],[],[],[],[],[],[],[],[],[],[],[]],"STARTING COALITION: ":[[null],[{"utility":0,"ID":10},{"utility":63,"ID":20}],[{"utility":0,"ID":17},{"utility":14,"ID":18}],[{"utility":52.5,"ID":6},{"utility":2.5,"ID":7},{"utility":16,"ID":30}],[{"utility":30,"ID":1},{"utility":40.8,"ID":4},{"utility":48.4,"ID":8},{"utility":11.6,"ID":26},{"utility":31.8,"ID":28},{"utility":13,"ID":29}],[],[],[],[],[],[{"utility":35,"ID":14},{"utility":39.666666666666664,"ID":16},{"utility":34.666666666666664,"ID":22},{"utility":49.333333333333336,"ID":25}],[{"utility":48.666666666666664,"ID":3},{"utility":35,"ID":5},{"utility":25.333333333333332,"ID":21},{"utility":0,"ID":23}],[{"utility":31.5,"ID":9},{"utility":0,"ID":12},{"utility":0,"ID":24}],[],[{"utility":32.75,"ID":2},{"utility":27.25,"ID":11},{"utility":6.5,"ID":13},{"utility":28,"ID":15},{"utility":1.75,"ID":19}],[{"utility":0,"ID":27}],[],[],[],[],[],[],[],[],[],[],[],[],[],[],[]],"CORE :":true,"Relazioni :":470,"Time : ":0.1,"LAST PARTITION":{"22":4,"23":6,"24":15,"25":2,"26":3,"27":13,"28":7,"29":18,"30":5,"10":18,"11":13,"12":1,"13":19,"14":15,"15":11,"16":10,"17":19,"18":12,"19":7,"1":9,"2":13,"3":8,"4":11,"5":17,"6":3,"7":4,"8":11,"9":10,"20":12,"21":9}},{"Modalità dinamica :":true,"Q : ":9,"STARTING PARTITION: ":{"22":10,"23":11,"24":12,"25":10,"26":4,"27":15,"28":4,"29":4,"30":3,"10":1,"11":14,"12":12,"13":14,"14":10,"15":14,"16":10,"17":2,"18":2,"19":14,"1":4,"2":14,"3":11,"4":4,"5":11,"6":3,"7":3,"8":4,"9":12,"20":1,"21":11},"LAST COALITION":[[],[{"utility":0,"ID":30}],[{"utility":35,"ID":6},{"utility":60,"ID":26}],[{"utility":84,"ID":13},{"utility":60,"ID":18}],[{"utility":49,"ID":4},{"utility":48,"ID":12},{"utility":46.5,"ID":17}],[{"utility":92,"ID":10},{"utility":94,"ID":29}],[{"utility":38,"ID":2},{"utility":80,"ID":11}],[{"utility":82,"ID":7},{"utility":40,"ID":23}],[{"utility":48,"ID":22},{"utility":55,"ID":27}],[],[],[{"utility":76,"ID":3},{"utility":17,"ID":5}],[{"utility":87,"ID":8},{"utility":65,"ID":15}],[{"utility":98,"ID":1},{"utility":82,"ID":21}],[{"utility":99,"ID":9},{"utility":78,"ID":16}],[{"utility":85,"ID":19},{"utility":45,"ID":28}],[{"utility":78,"ID":14},{"utility":68,"ID":24}],[{"utility":73,"ID":20},{"utility":34,"ID":25}],[],[],[],[],[],[],[],[],[],[],[],[],[]],"STARTING COALITION: ":[[null],[{"utility":0,"ID":10},{"utility":63,"ID":20}],[{"utility":0,"ID":17},{"utility":14,"ID":18}],[{"utility":52.5,"ID":6},{"utility":2.5,"ID":7},{"utility":16,"ID":30}],[{"utility":30,"ID":1},{"utility":40.8,"ID":4},{"utility":48.4,"ID":8},{"utility":11.6,"ID":26},{"utility":31.8,"ID":28},{"utility":13,"ID":29}],[],[],[],[],[],[{"utility":35,"ID":14},{"utility":39.666666666666664,"ID":16},{"utility":34.666666666666664,"ID":22},{"utility":49.333333333333336,"ID":25}],[{"utility":48.666666666666664,"ID":3},{"utility":35,"ID":5},{"utility":25.333333333333332,"ID":21},{"utility":0,"ID":23}],[{"utility":31.5,"ID":9},{"utility":0,"ID":12},{"utility":0,"ID":24}],[],[{"utility":32.75,"ID":2},{"utility":27.25,"ID":11},{"utility":6.5,"ID":13},{"utility":28,"ID":15},{"utility":1.75,"ID":19}],[{"utility":0,"ID":27}],[],[],[],[],[],[],[],[],[],[],[],[],[],[],[]],"CORE :":true,"Relazioni :":470,"Time : ":0.2,"LAST PARTITION":{"22":8,"23":7,"24":16,"25":17,"26":2,"27":8,"28":15,"29":5,"30":1,"10":5,"11":6,"12":4,"13":3,"14":16,"15":12,"16":14,"17":4,"18":3,"19":15,"1":13,"2":6,"3":11,"4":4,"5":11,"6":2,"7":7,"8":12,"9":14,"20":17,"21":13}},{"Modalità dinamica :":true,"Q : ":10,"STARTING PARTITION: ":{"22":10,"23":11,"24":12,"25":10,"26":4,"27":15,"28":4,"29":4,"30":3,"10":1,"11":14,"12":12,"13":14,"14":10,"15":14,"16":10,"17":2,"18":2,"19":14,"1":4,"2":14,"3":11,"4":4,"5":11,"6":3,"7":3,"8":4,"9":12,"20":1,"21":11},"LAST COALITION":[[],[{"utility":99,"ID":9},{"utility":78,"ID":16}],[{"utility":0,"ID":6}],[{"utility":87,"ID":8},{"utility":65,"ID":15}],[{"utility":0,"ID":7}],[{"utility":38,"ID":2},{"utility":80,"ID":11}],[{"utility":11,"ID":26},{"utility":97,"ID":28}],[{"utility":84,"ID":13},{"utility":60,"ID":18}],[{"utility":48,"ID":22},{"utility":55,"ID":27}],[{"utility":40,"ID":12},{"utility":55,"ID":23}],[{"utility":78,"ID":14},{"utility":68,"ID":24}],[{"utility":0,"ID":30}],[{"utility":56,"ID":19},{"utility":0,"ID":25}],[{"utility":51,"ID":5},{"utility":35,"ID":17}],[{"utility":68,"ID":3},{"utility":49,"ID":4},{"utility":48.5,"ID":20}],[],[{"utility":92,"ID":10},{"utility":94,"ID":29}],[{"utility":98,"ID":1},{"utility":82,"ID":21}],[],[],[],[],[],[],[],[],[],[],[],[],[]],"STARTING COALITION: ":[[null],[{"utility":0,"ID":10},{"utility":63,"ID":20}],[{"utility":0,"ID":17},{"utility":14,"ID":18}],[{"utility":52.5,"ID":6},{"utility":2.5,"ID":7},{"utility":16,"ID":30}],[{"utility":30,"ID":1},{"utility":40.8,"ID":4},{"utility":48.4,"ID":8},{"utility":11.6,"ID":26},{"utility":31.8,"ID":28},{"utility":13,"ID":29}],[],[],[],[],[],[{"utility":35,"ID":14},{"utility":39.666666666666664,"ID":16},{"utility":34.666666666666664,"ID":22},{"utility":49.333333333333336,"ID":25}],[{"utility":48.666666666666664,"ID":3},{"utility":35,"ID":5},{"utility":25.333333333333332,"ID":21},{"utility":0,"ID":23}],[{"utility":31.5,"ID":9},{"utility":0,"ID":12},{"utility":0,"ID":24}],[],[{"utility":32.75,"ID":2},{"utility":27.25,"ID":11},{"utility":6.5,"ID":13},{"utility":28,"ID":15},{"utility":1.75,"ID":19}],[{"utility":0,"ID":27}],[],[],[],[],[],[],[],[],[],[],[],[],[],[],[]],"CORE :":true,"Relazioni :":470,"Time : ":0.1,"LAST PARTITION":{"22":8,"23":9,"24":10,"25":12,"26":6,"27":8,"28":6,"29":16,"30":11,"10":16,"11":5,"12":9,"13":7,"14":10,"15":3,"16":1,"17":13,"18":7,"19":12,"1":17,"2":5,"3":14,"4":14,"5":13,"6":2,"7":4,"8":3,"9":1,"20":14,"21":17}},{"Modalità dinamica :":true,"Q : ":10,"STARTING PARTITION: ":{"22":10,"23":11,"24":12,"25":10,"26":4,"27":15,"28":4,"29":4,"30":3,"10":1,"11":14,"12":12,"13":14,"14":10,"15":14,"16":10,"17":2,"18":2,"19":14,"1":4,"2":14,"3":11,"4":4,"5":11,"6":3,"7":3,"8":4,"9":12,"20":1,"21":11},"LAST COALITION":[[],[{"utility":0,"ID":6}],[{"utility":92,"ID":10},{"utility":94,"ID":29}],[{"utility":40,"ID":12},{"utility":55,"ID":23}],[{"utility":32,"ID":4},{"utility":61,"ID":8}],[{"utility":38,"ID":2},{"utility":80,"ID":11}],[{"utility":99,"ID":9},{"utility":78,"ID":16}],[{"utility":31,"ID":26},{"utility":82,"ID":27}],[{"utility":84,"ID":13},{"utility":60,"ID":18}],[{"utility":0,"ID":15}],[{"utility":78,"ID":14},{"utility":68,"ID":24}],[{"utility":76,"ID":3},{"utility":17,"ID":5}],[{"utility":98,"ID":1},{"utility":82,"ID":21}],[],[{"utility":85,"ID":19},{"utility":45,"ID":28}],[{"utility":73,"ID":7},{"utility":34,"ID":25}],[{"utility":42,"ID":17},{"utility":6,"ID":22},{"utility":45,"ID":30}],[],[{"utility":0,"ID":20}],[],[],[],[],[],[],[],[],[],[],[],[]],"STARTING COALITION: ":[[null],[{"utility":0,"ID":10},{"utility":63,"ID":20}],[{"utility":0,"ID":17},{"utility":14,"ID":18}],[{"utility":52.5,"ID":6},{"utility":2.5,"ID":7},{"utility":16,"ID":30}],[{"utility":30,"ID":1},{"utility":40.8,"ID":4},{"utility":48.4,"ID":8},{"utility":11.6,"ID":26},{"utility":31.8,"ID":28},{"utility":13,"ID":29}],[],[],[],[],[],[{"utility":35,"ID":14},{"utility":39.666666666666664,"ID":16},{"utility":34.666666666666664,"ID":22},{"utility":49.333333333333336,"ID":25}],[{"utility":48.666666666666664,"ID":3},{"utility":35,"ID":5},{"utility":25.333333333333332,"ID":21},{"utility":0,"ID":23}],[{"utility":31.5,"ID":9},{"utility":0,"ID":12},{"utility":0,"ID":24}],[],[{"utility":32.75,"ID":2},{"utility":27.25,"ID":11},{"utility":6.5,"ID":13},{"utility":28,"ID":15},{"utility":1.75,"ID":19}],[{"utility":0,"ID":27}],[],[],[],[],[],[],[],[],[],[],[],[],[],[],[]],"CORE :":true,"Relazioni :":470,"Time : ":0.2,"LAST PARTITION":{"22":16,"23":3,"24":10,"25":15,"26":7,"27":7,"28":14,"29":2,"30":16,"10":2,"11":5,"12":3,"13":8,"14":10,"15":9,"16":6,"17":16,"18":8,"19":14,"1":12,"2":5,"3":11,"4":4,"5":11,"6":1,"7":15,"8":4,"9":6,"20":18,"21":12}},{"END OF FILE:" : true}]