[{"Modalità dinamica :":false,"Q : ":2,"STARTING PARTITION: ":{"22":7,"23":11,"24":12,"25":15,"26":1,"27":10,"28":9,"29":6,"30":6,"10":13,"11":2,"12":9,"13":2,"14":11,"15":14,"16":14,"17":4,"18":14,"19":1,"1":6,"2":14,"3":4,"4":12,"5":6,"6":1,"7":1,"8":6,"9":5,"20":12,"21":6},"LAST COALITION":[[],[{"utility":0,"ID":2}],[{"utility":91,"ID":6},{"utility":19,"ID":13}],[],[{"utility":56,"ID":3},{"utility":89,"ID":21}],[{"utility":79,"ID":11},{"utility":51,"ID":15}],[{"utility":0,"ID":29},{"utility":88,"ID":30}],[{"utility":98,"ID":10},{"utility":93,"ID":23}],[{"utility":0,"ID":14}],[{"utility":73,"ID":12},{"utility":80,"ID":28}],[{"utility":0,"ID":27}],[{"utility":76,"ID":4},{"utility":70,"ID":16}],[{"utility":82,"ID":1},{"utility":94,"ID":24}],[{"utility":95,"ID":9},{"utility":40,"ID":20}],[{"utility":0,"ID":22}],[{"utility":0,"ID":25}],[{"utility":83,"ID":5},{"utility":67,"ID":26}],[{"utility":99,"ID":7},{"utility":25,"ID":19}],[],[{"utility":89,"ID":8},{"utility":26,"ID":17}],[{"utility":0,"ID":18}],[],[],[],[],[],[],[],[],[],[]],"STARTING COALITION: ":[[null],[{"utility":24.333333333333332,"ID":6},{"utility":61.666666666666664,"ID":7},{"utility":20.666666666666668,"ID":19},{"utility":24.666666666666668,"ID":26}],[{"utility":22,"ID":11},{"utility":0,"ID":13}],[],[{"utility":0,"ID":3},{"utility":17,"ID":17}],[{"utility":0,"ID":9}],[{"utility":34.2,"ID":1},{"utility":37.2,"ID":5},{"utility":27.2,"ID":8},{"utility":34.4,"ID":21},{"utility":19.8,"ID":29},{"utility":61.4,"ID":30}],[{"utility":0,"ID":22}],[],[{"utility":73,"ID":12},{"utility":80,"ID":28}],[{"utility":0,"ID":27}],[{"utility":32,"ID":14},{"utility":74,"ID":23}],[{"utility":22,"ID":4},{"utility":21.5,"ID":20},{"utility":41,"ID":24}],[{"utility":0,"ID":10}],[{"utility":46,"ID":2},{"utility":31.666666666666668,"ID":15},{"utility":38,"ID":16},{"utility":15,"ID":18}],[{"utility":0,"ID":25}],[],[],[],[],[],[],[],[],[],[],[],[],[],[],[]],"CORE :":false,"Relazioni :":570,"Time : ":0.1,"LAST PARTITION":{"22":14,"23":7,"24":12,"25":15,"26":16,"27":10,"28":9,"29":6,"30":6,"10":7,"11":5,"12":9,"13":2,"14":8,"15":5,"16":11,"17":19,"18":20,"19":17,"1":12,"2":1,"3":4,"4":11,"5":16,"6":2,"7":17,"8":19,"9":13,"20":13,"21":4}},{"Modalità dinamica :":false,"Q : ":2,"STARTING PARTITION: ":{"22":7,"23":11,"24":12,"25":15,"26":1,"27":10,"28":9,"29":6,"30":6,"10":13,"11":2,"12":9,"13":2,"14":11,"15":14,"16":14,"17":4,"18":14,"19":1,"1":6,"2":14,"3":4,"4":12,"5":6,"6":1,"7":1,"8":6,"9":5,"20":12,"21":6},"LAST COALITION":[[],[{"utility":82,"ID":1},{"utility":94,"ID":24}],[{"utility":91,"ID":6},{"utility":19,"ID":13}],[{"utility":9,"ID":2},{"utility":77,"ID":15}],[{"utility":56,"ID":3},{"utility":89,"ID":21}],[],[{"utility":0,"ID":29},{"utility":88,"ID":30}],[{"utility":98,"ID":10},{"utility":93,"ID":23}],[{"utility":0,"ID":14}],[{"utility":73,"ID":12},{"utility":80,"ID":28}],[{"utility":0,"ID":27}],[{"utility":76,"ID":4},{"utility":70,"ID":16}],[{"utility":0,"ID":11}],[{"utility":95,"ID":9},{"utility":40,"ID":20}],[{"utility":0,"ID":22}],[{"utility":0,"ID":25}],[{"utility":83,"ID":5},{"utility":67,"ID":26}],[{"utility":99,"ID":7},{"utility":25,"ID":19}],[{"utility":0,"ID":18}],[{"utility":89,"ID":8},{"utility":26,"ID":17}],[],[],[],[],[],[],[],[],[],[],[]],"STARTING COALITION: ":[[null],[{"utility":24.333333333333332,"ID":6},{"utility":61.666666666666664,"ID":7},{"utility":20.666666666666668,"ID":19},{"utility":24.666666666666668,"ID":26}],[{"utility":22,"ID":11},{"utility":0,"ID":13}],[],[{"utility":0,"ID":3},{"utility":17,"ID":17}],[{"utility":0,"ID":9}],[{"utility":34.2,"ID":1},{"utility":37.2,"ID":5},{"utility":27.2,"ID":8},{"utility":34.4,"ID":21},{"utility":19.8,"ID":29},{"utility":61.4,"ID":30}],[{"utility":0,"ID":22}],[],[{"utility":73,"ID":12},{"utility":80,"ID":28}],[{"utility":0,"ID":27}],[{"utility":32,"ID":14},{"utility":74,"ID":23}],[{"utility":22,"ID":4},{"utility":21.5,"ID":20},{"utility":41,"ID":24}],[{"utility":0,"ID":10}],[{"utility":46,"ID":2},{"utility":31.666666666666668,"ID":15},{"utility":38,"ID":16},{"utility":15,"ID":18}],[{"utility":0,"ID":25}],[],[],[],[],[],[],[],[],[],[],[],[],[],[],[]],"CORE :":false,"Relazioni :":570,"Time : ":0.2,"LAST PARTITION":{"22":14,"23":7,"24":1,"25":15,"26":16,"27":10,"28":9,"29":6,"30":6,"10":7,"11":12,"12":9,"13":2,"14":8,"15":3,"16":11,"17":19,"18":18,"19":17,"1":1,"2":3,"3":4,"4":11,"5":16,"6":2,"7":17,"8":19,"9":13,"20":13,"21":4}},{"Modalità dinamica :":false,"Q : ":3,"STARTING PARTITION: ":{"22":7,"23":11,"24":12,"25":15,"26":1,"27":10,"28":9,"29":6,"30":6,"10":13,"11":2,"12":9,"13":2,"14":11,"15":14,"16":14,"17":4,"18":14,"19":1,"1":6,"2":14,"3":4,"4":12,"5":6,"6":1,"7":1,"8":6,"9":5,"20":12,"21":6},"LAST COALITION":[[],[{"utility":82,"ID":1},{"utility":94,"ID":24}],[{"utility":91,"ID":6},{"utility":19,"ID":13}],[],[{"utility":56,"ID":3},{"utility":89,"ID":21}],[{"utility":0,"ID":2}],[{"utility":0,"ID":29},{"utility":88,"ID":30}],[{"utility":98,"ID":10},{"utility":93,"ID":23}],[{"utility":0,"ID":14}],[{"utility":73,"ID":12},{"utility":80,"ID":28}],[{"utility":0,"ID":27}],[{"utility":76,"ID":4},{"utility":70,"ID":16}],[{"utility":79,"ID":11},{"utility":51,"ID":15}],[{"utility":95,"ID":9},{"utility":40,"ID":20}],[{"utility":0,"ID":22}],[{"utility":0,"ID":25}],[{"utility":83,"ID":5},{"utility":67,"ID":26}],[{"utility":99,"ID":7},{"utility":25,"ID":19}],[{"utility":0,"ID":18}],[{"utility":89,"ID":8},{"utility":26,"ID":17}],[],[],[],[],[],[],[],[],[],[],[]],"STARTING COALITION: ":[[null],[{"utility":24.333333333333332,"ID":6},{"utility":61.666666666666664,"ID":7},{"utility":20.666666666666668,"ID":19},{"utility":24.666666666666668,"ID":26}],[{"utility":22,"ID":11},{"utility":0,"ID":13}],[],[{"utility":0,"ID":3},{"utility":17,"ID":17}],[{"utility":0,"ID":9}],[{"utility":34.2,"ID":1},{"utility":37.2,"ID":5},{"utility":27.2,"ID":8},{"utility":34.4,"ID":21},{"utility":19.8,"ID":29},{"utility":61.4,"ID":30}],[{"utility":0,"ID":22}],[],[{"utility":73,"ID":12},{"utility":80,"ID":28}],[{"utility":0,"ID":27}],[{"utility":32,"ID":14},{"utility":74,"ID":23}],[{"utility":22,"ID":4},{"utility":21.5,"ID":20},{"utility":41,"ID":24}],[{"utility":0,"ID":10}],[{"utility":46,"ID":2},{"utility":31.666666666666668,"ID":15},{"utility":38,"ID":16},{"utility":15,"ID":18}],[{"utility":0,"ID":25}],[],[],[],[],[],[],[],[],[],[],[],[],[],[],[]],"CORE :":false,"Relazioni :":570,"Time : ":0.1,"LAST PARTITION":{"22":14,"23":7,"24":1,"25":15,"26":16,"27":10,"28":9,"29":6,"30":6,"10":7,"11":12,"12":9,"13":2,"14":8,"15":12,"16":11,"17":19,"18":18,"19":17,"1":1,"2":5,"3":4,"4":11,"5":16,"6":2,"7":17,"8":19,"9":13,"20":13,"21":4}},{"Modalità dinamica :":false,"Q : ":3,"STARTING PARTITION: ":{"22":7,"23":11,"24":12,"25":15,"26":1,"27":10,"28":9,"29":6,"30":6,"10":13,"11":2,"12":9,"13":2,"14":11,"15":14,"16":14,"17":4,"18":14,"19":1,"1":6,"2":14,"3":4,"4":12,"5":6,"6":1,"7":1,"8":6,"9":5,"20":12,"21":6},"LAST COALITION":[[],[{"utility":91,"ID":2},{"utility":53,"ID":11}],[{"utility":91,"ID":6},{"utility":19,"ID":13}],[{"utility":0,"ID":15}],[{"utility":56,"ID":3},{"utility":89,"ID":21}],[{"utility":0,"ID":24}],[{"utility":0,"ID":29},{"utility":88,"ID":30}],[{"utility":98,"ID":10},{"utility":93,"ID":23}],[{"utility":0,"ID":14}],[{"utility":73,"ID":12},{"utility":80,"ID":28}],[{"utility":0,"ID":27}],[{"utility":76,"ID":4},{"utility":70,"ID":16}],[{"utility":0,"ID":1}],[{"utility":95,"ID":9},{"utility":40,"ID":20}],[{"utility":0,"ID":22}],[{"utility":0,"ID":25}],[{"utility":83,"ID":5},{"utility":67,"ID":26}],[{"utility":99,"ID":7},{"utility":25,"ID":19}],[],[{"utility":89,"ID":8},{"utility":26,"ID":17}],[{"utility":0,"ID":18}],[],[],[],[],[],[],[],[],[],[]],"STARTING COALITION: ":[[null],[{"utility":24.333333333333332,"ID":6},{"utility":61.666666666666664,"ID":7},{"utility":20.666666666666668,"ID":19},{"utility":24.666666666666668,"ID":26}],[{"utility":22,"ID":11},{"utility":0,"ID":13}],[],[{"utility":0,"ID":3},{"utility":17,"ID":17}],[{"utility":0,"ID":9}],[{"utility":34.2,"ID":1},{"utility":37.2,"ID":5},{"utility":27.2,"ID":8},{"utility":34.4,"ID":21},{"utility":19.8,"ID":29},{"utility":61.4,"ID":30}],[{"utility":0,"ID":22}],[],[{"utility":73,"ID":12},{"utility":80,"ID":28}],[{"utility":0,"ID":27}],[{"utility":32,"ID":14},{"utility":74,"ID":23}],[{"utility":22,"ID":4},{"utility":21.5,"ID":20},{"utility":41,"ID":24}],[{"utility":0,"ID":10}],[{"utility":46,"ID":2},{"utility":31.666666666666668,"ID":15},{"utility":38,"ID":16},{"utility":15,"ID":18}],[{"utility":0,"ID":25}],[],[],[],[],[],[],[],[],[],[],[],[],[],[],[]],"CORE :":false,"Relazioni :":570,"Time : ":0.2,"LAST PARTITION":{"22":14,"23":7,"24":5,"25":15,"26":16,"27":10,"28":9,"29":6,"30":6,"10":7,"11":1,"12":9,"13":2,"14":8,"15":3,"16":11,"17":19,"18":20,"19":17,"1":12,"2":1,"3":4,"4":11,"5":16,"6":2,"7":17,"8":19,"9":13,"20":13,"21":4}},{"Modalità dinamica :":false,"Q : ":4,"STARTING PARTITION: ":{"22":7,"23":11,"24":12,"25":15,"26":1,"27":10,"28":9,"29":6,"30":6,"10":13,"11":2,"12":9,"13":2,"14":11,"15":14,"16":14,"17":4,"18":14,"19":1,"1":6,"2":14,"3":4,"4":12,"5":6,"6":1,"7":1,"8":6,"9":5,"20":12,"21":6},"LAST COALITION":[[],[{"utility":0,"ID":2}],[{"utility":91,"ID":6},{"utility":19,"ID":13}],[],[{"utility":56,"ID":3},{"utility":89,"ID":21}],[{"utility":79,"ID":11},{"utility":51,"ID":15}],[{"utility":0,"ID":29},{"utility":88,"ID":30}],[{"utility":93,"ID":23},{"utility":98,"ID":10}],[{"utility":0,"ID":14}],[{"utility":73,"ID":12},{"utility":80,"ID":28}],[{"utility":0,"ID":27}],[{"utility":70,"ID":16},{"utility":76,"ID":4}],[{"utility":82,"ID":1},{"utility":94,"ID":24}],[{"utility":40,"ID":20},{"utility":95,"ID":9}],[{"utility":0,"ID":22}],[{"utility":0,"ID":25}],[{"utility":83,"ID":5},{"utility":67,"ID":26}],[{"utility":25,"ID":19},{"utility":99,"ID":7}],[],[{"utility":26,"ID":17},{"utility":89,"ID":8}],[{"utility":0,"ID":18}],[],[],[],[],[],[],[],[],[],[]],"STARTING COALITION: ":[[null],[{"utility":24.333333333333332,"ID":6},{"utility":61.666666666666664,"ID":7},{"utility":20.666666666666668,"ID":19},{"utility":24.666666666666668,"ID":26}],[{"utility":22,"ID":11},{"utility":0,"ID":13}],[],[{"utility":0,"ID":3},{"utility":17,"ID":17}],[{"utility":0,"ID":9}],[{"utility":34.2,"ID":1},{"utility":37.2,"ID":5},{"utility":27.2,"ID":8},{"utility":34.4,"ID":21},{"utility":19.8,"ID":29},{"utility":61.4,"ID":30}],[{"utility":0,"ID":22}],[],[{"utility":73,"ID":12},{"utility":80,"ID":28}],[{"utility":0,"ID":27}],[{"utility":32,"ID":14},{"utility":74,"ID":23}],[{"utility":22,"ID":4},{"utility":21.5,"ID":20},{"utility":41,"ID":24}],[{"utility":0,"ID":10}],[{"utility":46,"ID":2},{"utility":31.666666666666668,"ID":15},{"utility":38,"ID":16},{"utility":15,"ID":18}],[{"utility":0,"ID":25}],[],[],[],[],[],[],[],[],[],[],[],[],[],[],[]],"CORE :":false,"Relazioni :":570,"Time : ":0.1,"LAST PARTITION":{"22":14,"23":7,"24":12,"25":15,"26":16,"27":10,"28":9,"29":6,"30":6,"10":7,"11":5,"12":9,"13":2,"14":8,"15":5,"16":11,"17":19,"18":20,"19":17,"1":12,"2":1,"3":4,"4":11,"5":16,"6":2,"7":17,"8":19,"9":13,"20":13,"21":4}},{"Modalità dinamica :":false,"Q : ":4,"STARTING PARTITION: ":{"22":7,"23":11,"24":12,"25":15,"26":1,"27":10,"28":9,"29":6,"30":6,"10":13,"11":2,"12":9,"13":2,"14":11,"15":14,"16":14,"17":4,"18":14,"19":1,"1":6,"2":14,"3":4,"4":12,"5":6,"6":1,"7":1,"8":6,"9":5,"20":12,"21":6},"LAST COALITION":[[],[{"utility":79,"ID":11},{"utility":51,"ID":15}],[{"utility":91,"ID":6},{"utility":19,"ID":13}],[],[{"utility":56,"ID":3},{"utility":89,"ID":21}],[{"utility":82,"ID":1},{"utility":94,"ID":24}],[{"utility":0,"ID":29},{"utility":88,"ID":30}],[{"utility":93,"ID":23},{"utility":98,"ID":10}],[{"utility":0,"ID":14}],[{"utility":73,"ID":12},{"utility":80,"ID":28}],[{"utility":0,"ID":27}],[{"utility":70,"ID":16},{"utility":76,"ID":4}],[{"utility":0,"ID":2}],[{"utility":40,"ID":20},{"utility":95,"ID":9}],[{"utility":0,"ID":22}],[{"utility":0,"ID":25}],[{"utility":83,"ID":5},{"utility":67,"ID":26}],[{"utility":25,"ID":19},{"utility":99,"ID":7}],[{"utility":0,"ID":18}],[{"utility":26,"ID":17},{"utility":89,"ID":8}],[],[],[],[],[],[],[],[],[],[],[]],"STARTING COALITION: ":[[null],[{"utility":24.333333333333332,"ID":6},{"utility":61.666666666666664,"ID":7},{"utility":20.666666666666668,"ID":19},{"utility":24.666666666666668,"ID":26}],[{"utility":22,"ID":11},{"utility":0,"ID":13}],[],[{"utility":0,"ID":3},{"utility":17,"ID":17}],[{"utility":0,"ID":9}],[{"utility":34.2,"ID":1},{"utility":37.2,"ID":5},{"utility":27.2,"ID":8},{"utility":34.4,"ID":21},{"utility":19.8,"ID":29},{"utility":61.4,"ID":30}],[{"utility":0,"ID":22}],[],[{"utility":73,"ID":12},{"utility":80,"ID":28}],[{"utility":0,"ID":27}],[{"utility":32,"ID":14},{"utility":74,"ID":23}],[{"utility":22,"ID":4},{"utility":21.5,"ID":20},{"utility":41,"ID":24}],[{"utility":0,"ID":10}],[{"utility":46,"ID":2},{"utility":31.666666666666668,"ID":15},{"utility":38,"ID":16},{"utility":15,"ID":18}],[{"utility":0,"ID":25}],[],[],[],[],[],[],[],[],[],[],[],[],[],[],[]],"CORE :":false,"Relazioni :":570,"Time : ":0.2,"LAST PARTITION":{"22":14,"23":7,"24":5,"25":15,"26":16,"27":10,"28":9,"29":6,"30":6,"10":7,"11":1,"12":9,"13":2,"14":8,"15":1,"16":11,"17":19,"18":18,"19":17,"1":5,"2":12,"3":4,"4":11,"5":16,"6":2,"7":17,"8":19,"9":13,"20":13,"21":4}},{"Modalità dinamica :":false,"Q : ":5,"STARTING PARTITION: ":{"22":7,"23":11,"24":12,"25":15,"26":1,"27":10,"28":9,"29":6,"30":6,"10":13,"11":2,"12":9,"13":2,"14":11,"15":14,"16":14,"17":4,"18":14,"19":1,"1":6,"2":14,"3":4,"4":12,"5":6,"6":1,"7":1,"8":6,"9":5,"20":12,"21":6},"LAST COALITION":[[],[{"utility":0,"ID":1}],[{"utility":91,"ID":6},{"utility":19,"ID":13}],[{"utility":0,"ID":15}],[{"utility":56,"ID":3},{"utility":89,"ID":21}],[{"utility":91,"ID":2},{"utility":53,"ID":11}],[{"utility":0,"ID":29},{"utility":88,"ID":30}],[{"utility":93,"ID":23},{"utility":98,"ID":10}],[{"utility":0,"ID":14}],[{"utility":73,"ID":12},{"utility":80,"ID":28}],[{"utility":0,"ID":27}],[{"utility":70,"ID":16},{"utility":76,"ID":4}],[{"utility":0,"ID":24}],[{"utility":40,"ID":20},{"utility":95,"ID":9}],[{"utility":0,"ID":22}],[{"utility":0,"ID":25}],[{"utility":83,"ID":5},{"utility":67,"ID":26}],[{"utility":25,"ID":19},{"utility":99,"ID":7}],[{"utility":0,"ID":18}],[{"utility":26,"ID":17},{"utility":89,"ID":8}],[],[],[],[],[],[],[],[],[],[],[]],"STARTING COALITION: ":[[null],[{"utility":24.333333333333332,"ID":6},{"utility":61.666666666666664,"ID":7},{"utility":20.666666666666668,"ID":19},{"utility":24.666666666666668,"ID":26}],[{"utility":22,"ID":11},{"utility":0,"ID":13}],[],[{"utility":0,"ID":3},{"utility":17,"ID":17}],[{"utility":0,"ID":9}],[{"utility":34.2,"ID":1},{"utility":37.2,"ID":5},{"utility":27.2,"ID":8},{"utility":34.4,"ID":21},{"utility":19.8,"ID":29},{"utility":61.4,"ID":30}],[{"utility":0,"ID":22}],[],[{"utility":73,"ID":12},{"utility":80,"ID":28}],[{"utility":0,"ID":27}],[{"utility":32,"ID":14},{"utility":74,"ID":23}],[{"utility":22,"ID":4},{"utility":21.5,"ID":20},{"utility":41,"ID":24}],[{"utility":0,"ID":10}],[{"utility":46,"ID":2},{"utility":31.666666666666668,"ID":15},{"utility":38,"ID":16},{"utility":15,"ID":18}],[{"utility":0,"ID":25}],[],[],[],[],[],[],[],[],[],[],[],[],[],[],[]],"CORE :":false,"Relazioni :":570,"Time : ":0.1,"LAST PARTITION":{"22":14,"23":7,"24":12,"25":15,"26":16,"27":10,"28":9,"29":6,"30":6,"10":7,"11":5,"12":9,"13":2,"14":8,"15":3,"16":11,"17":19,"18":18,"19":17,"1":1,"2":5,"3":4,"4":11,"5":16,"6":2,"7":17,"8":19,"9":13,"20":13,"21":4}},{"Modalità dinamica :":false,"Q : ":5,"STARTING PARTITION: ":{"22":7,"23":11,"24":12,"25":15,"26":1,"27":10,"28":9,"29":6,"30":6,"10":13,"11":2,"12":9,"13":2,"14":11,"15":14,"16":14,"17":4,"18":14,"19":1,"1":6,"2":14,"3":4,"4":12,"5":6,"6":1,"7":1,"8":6,"9":5,"20":12,"21":6},"LAST COALITION":[[],[],[{"utility":91,"ID":6},{"utility":19,"ID":13}],[{"utility":0,"ID":15}],[{"utility":56,"ID":3},{"utility":89,"ID":21}],[{"utility":82,"ID":1},{"utility":94,"ID":24}],[{"utility":0,"ID":29},{"utility":88,"ID":30}],[{"utility":93,"ID":23},{"utility":98,"ID":10}],[{"utility":0,"ID":14}],[{"utility":73,"ID":12},{"utility":80,"ID":28}],[{"utility":0,"ID":27}],[{"utility":70,"ID":16},{"utility":76,"ID":4}],[{"utility":91,"ID":2},{"utility":53,"ID":11}],[{"utility":40,"ID":20},{"utility":95,"ID":9}],[{"utility":0,"ID":22}],[{"utility":0,"ID":25}],[{"utility":83,"ID":5},{"utility":67,"ID":26}],[{"utility":25,"ID":19},{"utility":99,"ID":7}],[],[{"utility":26,"ID":17},{"utility":89,"ID":8}],[{"utility":0,"ID":18}],[],[],[],[],[],[],[],[],[],[]],"STARTING COALITION: ":[[null],[{"utility":24.333333333333332,"ID":6},{"utility":61.666666666666664,"ID":7},{"utility":20.666666666666668,"ID":19},{"utility":24.666666666666668,"ID":26}],[{"utility":22,"ID":11},{"utility":0,"ID":13}],[],[{"utility":0,"ID":3},{"utility":17,"ID":17}],[{"utility":0,"ID":9}],[{"utility":34.2,"ID":1},{"utility":37.2,"ID":5},{"utility":27.2,"ID":8},{"utility":34.4,"ID":21},{"utility":19.8,"ID":29},{"utility":61.4,"ID":30}],[{"utility":0,"ID":22}],[],[{"utility":73,"ID":12},{"utility":80,"ID":28}],[{"utility":0,"ID":27}],[{"utility":32,"ID":14},{"utility":74,"ID":23}],[{"utility":22,"ID":4},{"utility":21.5,"ID":20},{"utility":41,"ID":24}],[{"utility":0,"ID":10}],[{"utility":46,"ID":2},{"utility":31.666666666666668,"ID":15},{"utility":38,"ID":16},{"utility":15,"ID":18}],[{"utility":0,"ID":25}],[],[],[],[],[],[],[],[],[],[],[],[],[],[],[]],"CORE :":false,"Relazioni :":570,"Time : ":0.2,"LAST PARTITION":{"22":14,"23":7,"24":5,"25":15,"26":16,"27":10,"28":9,"29":6,"30":6,"10":7,"11":12,"12":9,"13":2,"14":8,"15":3,"16":11,"17":19,"18":20,"19":17,"1":5,"2":12,"3":4,"4":11,"5":16,"6":2,"7":17,"8":19,"9":13,"20":13,"21":4}},{"Modalità dinamica :":false,"Q : ":6,"STARTING PARTITION: ":{"22":7,"23":11,"24":12,"25":15,"26":1,"27":10,"28":9,"29":6,"30":6,"10":13,"11":2,"12":9,"13":2,"14":11,"15":14,"16":14,"17":4,"18":14,"19":1,"1":6,"2":14,"3":4,"4":12,"5":6,"6":1,"7":1,"8":6,"9":5,"20":12,"21":6},"LAST COALITION":[[],[{"utility":0,"ID":11}],[{"utility":91,"ID":6},{"utility":19,"ID":13}],[{"utility":9,"ID":2},{"utility":77,"ID":15}],[{"utility":56,"ID":3},{"utility":89,"ID":21}],[{"utility":82,"ID":1},{"utility":94,"ID":24}],[{"utility":0,"ID":29},{"utility":88,"ID":30}],[{"utility":93,"ID":23},{"utility":98,"ID":10}],[{"utility":0,"ID":14}],[{"utility":73,"ID":12},{"utility":80,"ID":28}],[{"utility":0,"ID":27}],[{"utility":70,"ID":16},{"utility":76,"ID":4}],[],[{"utility":40,"ID":20},{"utility":95,"ID":9}],[{"utility":0,"ID":22}],[{"utility":0,"ID":25}],[{"utility":83,"ID":5},{"utility":67,"ID":26}],[{"utility":25,"ID":19},{"utility":99,"ID":7}],[],[{"utility":26,"ID":17},{"utility":89,"ID":8}],[{"utility":0,"ID":18}],[],[],[],[],[],[],[],[],[],[]],"STARTING COALITION: ":[[null],[{"utility":24.333333333333332,"ID":6},{"utility":61.666666666666664,"ID":7},{"utility":20.666666666666668,"ID":19},{"utility":24.666666666666668,"ID":26}],[{"utility":22,"ID":11},{"utility":0,"ID":13}],[],[{"utility":0,"ID":3},{"utility":17,"ID":17}],[{"utility":0,"ID":9}],[{"utility":34.2,"ID":1},{"utility":37.2,"ID":5},{"utility":27.2,"ID":8},{"utility":34.4,"ID":21},{"utility":19.8,"ID":29},{"utility":61.4,"ID":30}],[{"utility":0,"ID":22}],[],[{"utility":73,"ID":12},{"utility":80,"ID":28}],[{"utility":0,"ID":27}],[{"utility":32,"ID":14},{"utility":74,"ID":23}],[{"utility":22,"ID":4},{"utility":21.5,"ID":20},{"utility":41,"ID":24}],[{"utility":0,"ID":10}],[{"utility":46,"ID":2},{"utility":31.666666666666668,"ID":15},{"utility":38,"ID":16},{"utility":15,"ID":18}],[{"utility":0,"ID":25}],[],[],[],[],[],[],[],[],[],[],[],[],[],[],[]],"CORE :":false,"Relazioni :":570,"Time : ":0.1,"LAST PARTITION":{"22":14,"23":7,"24":5,"25":15,"26":16,"27":10,"28":9,"29":6,"30":6,"10":7,"11":1,"12":9,"13":2,"14":8,"15":3,"16":11,"17":19,"18":20,"19":17,"1":5,"2":3,"3":4,"4":11,"5":16,"6":2,"7":17,"8":19,"9":13,"20":13,"21":4}},{"Modalità dinamica :":false,"Q : ":6,"STARTING PARTITION: ":{"22":7,"23":11,"24":12,"25":15,"26":1,"27":10,"28":9,"29":6,"30":6,"10":13,"11":2,"12":9,"13":2,"14":11,"15":14,"16":14,"17":4,"18":14,"19":1,"1":6,"2":14,"3":4,"4":12,"5":6,"6":1,"7":1,"8":6,"9":5,"20":12,"21":6},"LAST COALITION":[[],[{"utility":0,"ID":2}],[{"utility":91,"ID":6},{"utility":19,"ID":13}],[],[{"utility":56,"ID":3},{"utility":89,"ID":21}],[{"utility":79,"ID":11},{"utility":51,"ID":15}],[{"utility":0,"ID":29},{"utility":88,"ID":30}],[{"utility":93,"ID":23},{"utility":98,"ID":10}],[{"utility":0,"ID":14}],[{"utility":73,"ID":12},{"utility":80,"ID":28}],[{"utility":0,"ID":27}],[{"utility":70,"ID":16},{"utility":76,"ID":4}],[{"utility":82,"ID":1},{"utility":94,"ID":24}],[{"utility":40,"ID":20},{"utility":95,"ID":9}],[{"utility":0,"ID":22}],[{"utility":0,"ID":25}],[{"utility":83,"ID":5},{"utility":67,"ID":26}],[{"utility":25,"ID":19},{"utility":99,"ID":7}],[],[{"utility":26,"ID":17},{"utility":89,"ID":8}],[{"utility":0,"ID":18}],[],[],[],[],[],[],[],[],[],[]],"STARTING COALITION: ":[[null],[{"utility":24.333333333333332,"ID":6},{"utility":61.666666666666664,"ID":7},{"utility":20.666666666666668,"ID":19},{"utility":24.666666666666668,"ID":26}],[{"utility":22,"ID":11},{"utility":0,"ID":13}],[],[{"utility":0,"ID":3},{"utility":17,"ID":17}],[{"utility":0,"ID":9}],[{"utility":34.2,"ID":1},{"utility":37.2,"ID":5},{"utility":27.2,"ID":8},{"utility":34.4,"ID":21},{"utility":19.8,"ID":29},{"utility":61.4,"ID":30}],[{"utility":0,"ID":22}],[],[{"utility":73,"ID":12},{"utility":80,"ID":28}],[{"utility":0,"ID":27}],[{"utility":32,"ID":14},{"utility":74,"ID":23}],[{"utility":22,"ID":4},{"utility":21.5,"ID":20},{"utility":41,"ID":24}],[{"utility":0,"ID":10}],[{"utility":46,"ID":2},{"utility":31.666666666666668,"ID":15},{"utility":38,"ID":16},{"utility":15,"ID":18}],[{"utility":0,"ID":25}],[],[],[],[],[],[],[],[],[],[],[],[],[],[],[]],"CORE :":false,"Relazioni :":570,"Time : ":0.2,"LAST PARTITION":{"22":14,"23":7,"24":12,"25":15,"26":16,"27":10,"28":9,"29":6,"30":6,"10":7,"11":5,"12":9,"13":2,"14":8,"15":5,"16":11,"17":19,"18":20,"19":17,"1":12,"2":1,"3":4,"4":11,"5":16,"6":2,"7":17,"8":19,"9":13,"20":13,"21":4}},{"Modalità dinamica :":false,"Q : ":7,"STARTING PARTITION: ":{"22":7,"23":11,"24":12,"25":15,"26":1,"27":10,"28":9,"29":6,"30":6,"10":13,"11":2,"12":9,"13":2,"14":11,"15":14,"16":14,"17":4,"18":14,"19":1,"1":6,"2":14,"3":4,"4":12,"5":6,"6":1,"7":1,"8":6,"9":5,"20":12,"21":6},"LAST COALITION":[[],[{"utility":79,"ID":11},{"utility":51,"ID":15}],[{"utility":91,"ID":6},{"utility":19,"ID":13}],[],[{"utility":56,"ID":3},{"utility":89,"ID":21}],[{"utility":82,"ID":1},{"utility":94,"ID":24}],[{"utility":0,"ID":29},{"utility":88,"ID":30}],[{"utility":93,"ID":23},{"utility":98,"ID":10}],[{"utility":0,"ID":14}],[{"utility":73,"ID":12},{"utility":80,"ID":28}],[{"utility":0,"ID":27}],[{"utility":70,"ID":16},{"utility":76,"ID":4}],[{"utility":0,"ID":2}],[{"utility":40,"ID":20},{"utility":95,"ID":9}],[{"utility":0,"ID":22}],[{"utility":0,"ID":25}],[{"utility":83,"ID":5},{"utility":67,"ID":26}],[{"utility":25,"ID":19},{"utility":99,"ID":7}],[],[{"utility":26,"ID":17},{"utility":89,"ID":8}],[{"utility":0,"ID":18}],[],[],[],[],[],[],[],[],[],[]],"STARTING COALITION: ":[[null],[{"utility":24.333333333333332,"ID":6},{"utility":61.666666666666664,"ID":7},{"utility":20.666666666666668,"ID":19},{"utility":24.666666666666668,"ID":26}],[{"utility":22,"ID":11},{"utility":0,"ID":13}],[],[{"utility":0,"ID":3},{"utility":17,"ID":17}],[{"utility":0,"ID":9}],[{"utility":34.2,"ID":1},{"utility":37.2,"ID":5},{"utility":27.2,"ID":8},{"utility":34.4,"ID":21},{"utility":19.8,"ID":29},{"utility":61.4,"ID":30}],[{"utility":0,"ID":22}],[],[{"utility":73,"ID":12},{"utility":80,"ID":28}],[{"utility":0,"ID":27}],[{"utility":32,"ID":14},{"utility":74,"ID":23}],[{"utility":22,"ID":4},{"utility":21.5,"ID":20},{"utility":41,"ID":24}],[{"utility":0,"ID":10}],[{"utility":46,"ID":2},{"utility":31.666666666666668,"ID":15},{"utility":38,"ID":16},{"utility":15,"ID":18}],[{"utility":0,"ID":25}],[],[],[],[],[],[],[],[],[],[],[],[],[],[],[]],"CORE :":false,"Relazioni :":570,"Time : ":0.1,"LAST PARTITION":{"22":14,"23":7,"24":5,"25":15,"26":16,"27":10,"28":9,"29":6,"30":6,"10":7,"11":1,"12":9,"13":2,"14":8,"15":1,"16":11,"17":19,"18":20,"19":17,"1":5,"2":12,"3":4,"4":11,"5":16,"6":2,"7":17,"8":19,"9":13,"20":13,"21":4}},{"Modalità dinamica :":false,"Q : ":7,"STARTING PARTITION: ":{"22":7,"23":11,"24":12,"25":15,"26":1,"27":10,"28":9,"29":6,"30":6,"10":13,"11":2,"12":9,"13":2,"14":11,"15":14,"16":14,"17":4,"18":14,"19":1,"1":6,"2":14,"3":4,"4":12,"5":6,"6":1,"7":1,"8":6,"9":5,"20":12,"21":6},"LAST COALITION":[[],[{"utility":82,"ID":1},{"utility":94,"ID":24}],[{"utility":91,"ID":6},{"utility":19,"ID":13}],[],[{"utility":56,"ID":3},{"utility":89,"ID":21}],[{"utility":0,"ID":2}],[{"utility":0,"ID":29},{"utility":88,"ID":30}],[{"utility":93,"ID":23},{"utility":98,"ID":10}],[{"utility":0,"ID":14}],[{"utility":73,"ID":12},{"utility":80,"ID":28}],[{"utility":0,"ID":27}],[{"utility":70,"ID":16},{"utility":76,"ID":4}],[{"utility":79,"ID":11},{"utility":51,"ID":15}],[{"utility":40,"ID":20},{"utility":95,"ID":9}],[{"utility":0,"ID":22}],[{"utility":0,"ID":25}],[{"utility":83,"ID":5},{"utility":67,"ID":26}],[{"utility":25,"ID":19},{"utility":99,"ID":7}],[{"utility":0,"ID":18}],[{"utility":26,"ID":17},{"utility":89,"ID":8}],[],[],[],[],[],[],[],[],[],[],[]],"STARTING COALITION: ":[[null],[{"utility":24.333333333333332,"ID":6},{"utility":61.666666666666664,"ID":7},{"utility":20.666666666666668,"ID":19},{"utility":24.666666666666668,"ID":26}],[{"utility":22,"ID":11},{"utility":0,"ID":13}],[],[{"utility":0,"ID":3},{"utility":17,"ID":17}],[{"utility":0,"ID":9}],[{"utility":34.2,"ID":1},{"utility":37.2,"ID":5},{"utility":27.2,"ID":8},{"utility":34.4,"ID":21},{"utility":19.8,"ID":29},{"utility":61.4,"ID":30}],[{"utility":0,"ID":22}],[],[{"utility":73,"ID":12},{"utility":80,"ID":28}],[{"utility":0,"ID":27}],[{"utility":32,"ID":14},{"utility":74,"ID":23}],[{"utility":22,"ID":4},{"utility":21.5,"ID":20},{"utility":41,"ID":24}],[{"utility":0,"ID":10}],[{"utility":46,"ID":2},{"utility":31.666666666666668,"ID":15},{"utility":38,"ID":16},{"utility":15,"ID":18}],[{"utility":0,"ID":25}],[],[],[],[],[],[],[],[],[],[],[],[],[],[],[]],"CORE :":false,"Relazioni :":570,"Time : ":0.2,"LAST PARTITION":{"22":14,"23":7,"24":1,"25":15,"26":16,"27":10,"28":9,"29":6,"30":6,"10":7,"11":12,"12":9,"13":2,"14":8,"15":12,"16":11,"17":19,"18":18,"19":17,"1":1,"2":5,"3":4,"4":11,"5":16,"6":2,"7":17,"8":19,"9":13,"20":13,"21":4}},{"Modalità dinamica :":false,"Q : ":8,"STARTING PARTITION: ":{"22":7,"23":11,"24":12,"25":15,"26":1,"27":10,"28":9,"29":6,"30":6,"10":13,"11":2,"12":9,"13":2,"14":11,"15":14,"16":14,"17":4,"18":14,"19":1,"1":6,"2":14,"3":4,"4":12,"5":6,"6":1,"7":1,"8":6,"9":5,"20":12,"21":6},"LAST COALITION":[[],[],[{"utility":91,"ID":6},{"utility":19,"ID":13}],[{"utility":0,"ID":15}],[{"utility":56,"ID":3},{"utility":89,"ID":21}],[{"utility":91,"ID":2},{"utility":53,"ID":11}],[{"utility":0,"ID":29},{"utility":88,"ID":30}],[{"utility":93,"ID":23},{"utility":98,"ID":10}],[{"utility":0,"ID":14}],[{"utility":73,"ID":12},{"utility":80,"ID":28}],[{"utility":0,"ID":27}],[{"utility":70,"ID":16},{"utility":76,"ID":4}],[{"utility":0,"ID":24}],[{"utility":40,"ID":20},{"utility":95,"ID":9}],[{"utility":0,"ID":22}],[{"utility":0,"ID":25}],[{"utility":83,"ID":5},{"utility":67,"ID":26}],[{"utility":25,"ID":19},{"utility":99,"ID":7}],[],[{"utility":26,"ID":17},{"utility":89,"ID":8}],[{"utility":30,"ID":1},{"utility":46,"ID":18}],[],[],[],[],[],[],[],[],[],[]],"STARTING COALITION: ":[[null],[{"utility":24.333333333333332,"ID":6},{"utility":61.666666666666664,"ID":7},{"utility":20.666666666666668,"ID":19},{"utility":24.666666666666668,"ID":26}],[{"utility":22,"ID":11},{"utility":0,"ID":13}],[],[{"utility":0,"ID":3},{"utility":17,"ID":17}],[{"utility":0,"ID":9}],[{"utility":34.2,"ID":1},{"utility":37.2,"ID":5},{"utility":27.2,"ID":8},{"utility":34.4,"ID":21},{"utility":19.8,"ID":29},{"utility":61.4,"ID":30}],[{"utility":0,"ID":22}],[],[{"utility":73,"ID":12},{"utility":80,"ID":28}],[{"utility":0,"ID":27}],[{"utility":32,"ID":14},{"utility":74,"ID":23}],[{"utility":22,"ID":4},{"utility":21.5,"ID":20},{"utility":41,"ID":24}],[{"utility":0,"ID":10}],[{"utility":46,"ID":2},{"utility":31.666666666666668,"ID":15},{"utility":38,"ID":16},{"utility":15,"ID":18}],[{"utility":0,"ID":25}],[],[],[],[],[],[],[],[],[],[],[],[],[],[],[]],"CORE :":false,"Relazioni :":570,"Time : ":0.1,"LAST PARTITION":{"22":14,"23":7,"24":12,"25":15,"26":16,"27":10,"28":9,"29":6,"30":6,"10":7,"11":5,"12":9,"13":2,"14":8,"15":3,"16":11,"17":19,"18":20,"19":17,"1":20,"2":5,"3":4,"4":11,"5":16,"6":2,"7":17,"8":19,"9":13,"20":13,"21":4}},{"Modalità dinamica :":false,"Q : ":8,"STARTING PARTITION: ":{"22":7,"23":11,"24":12,"25":15,"26":1,"27":10,"28":9,"29":6,"30":6,"10":13,"11":2,"12":9,"13":2,"14":11,"15":14,"16":14,"17":4,"18":14,"19":1,"1":6,"2":14,"3":4,"4":12,"5":6,"6":1,"7":1,"8":6,"9":5,"20":12,"21":6},"LAST COALITION":[[],[{"utility":0,"ID":2}],[{"utility":91,"ID":6},{"utility":19,"ID":13}],[],[{"utility":56,"ID":3},{"utility":89,"ID":21}],[{"utility":79,"ID":11},{"utility":51,"ID":15}],[{"utility":0,"ID":29},{"utility":88,"ID":30}],[{"utility":93,"ID":23},{"utility":98,"ID":10}],[{"utility":0,"ID":14}],[{"utility":73,"ID":12},{"utility":80,"ID":28}],[{"utility":0,"ID":27}],[{"utility":70,"ID":16},{"utility":76,"ID":4}],[{"utility":82,"ID":1},{"utility":94,"ID":24}],[{"utility":40,"ID":20},{"utility":95,"ID":9}],[{"utility":0,"ID":22}],[{"utility":0,"ID":25}],[{"utility":83,"ID":5},{"utility":67,"ID":26}],[{"utility":25,"ID":19},{"utility":99,"ID":7}],[{"utility":0,"ID":18}],[{"utility":26,"ID":17},{"utility":89,"ID":8}],[],[],[],[],[],[],[],[],[],[],[]],"STARTING COALITION: ":[[null],[{"utility":24.333333333333332,"ID":6},{"utility":61.666666666666664,"ID":7},{"utility":20.666666666666668,"ID":19},{"utility":24.666666666666668,"ID":26}],[{"utility":22,"ID":11},{"utility":0,"ID":13}],[],[{"utility":0,"ID":3},{"utility":17,"ID":17}],[{"utility":0,"ID":9}],[{"utility":34.2,"ID":1},{"utility":37.2,"ID":5},{"utility":27.2,"ID":8},{"utility":34.4,"ID":21},{"utility":19.8,"ID":29},{"utility":61.4,"ID":30}],[{"utility":0,"ID":22}],[],[{"utility":73,"ID":12},{"utility":80,"ID":28}],[{"utility":0,"ID":27}],[{"utility":32,"ID":14},{"utility":74,"ID":23}],[{"utility":22,"ID":4},{"utility":21.5,"ID":20},{"utility":41,"ID":24}],[{"utility":0,"ID":10}],[{"utility":46,"ID":2},{"utility":31.666666666666668,"ID":15},{"utility":38,"ID":16},{"utility":15,"ID":18}],[{"utility":0,"ID":25}],[],[],[],[],[],[],[],[],[],[],[],[],[],[],[]],"CORE :":false,"Relazioni :":570,"Time : ":0.2,"LAST PARTITION":{"22":14,"23":7,"24":12,"25":15,"26":16,"27":10,"28":9,"29":6,"30":6,"10":7,"11":5,"12":9,"13":2,"14":8,"15":5,"16":11,"17":19,"18":18,"19":17,"1":12,"2":1,"3":4,"4":11,"5":16,"6":2,"7":17,"8":19,"9":13,"20":13,"21":4}},{"Modalità dinamica :":false,"Q : ":9,"STARTING PARTITION: ":{"22":7,"23":11,"24":12,"25":15,"26":1,"27":10,"28":9,"29":6,"30":6,"10":13,"11":2,"12":9,"13":2,"14":11,"15":14,"16":14,"17":4,"18":14,"19":1,"1":6,"2":14,"3":4,"4":12,"5":6,"6":1,"7":1,"8":6,"9":5,"20":12,"21":6},"LAST COALITION":[[],[{"utility":82,"ID":1},{"utility":94,"ID":24}],[{"utility":91,"ID":6},{"utility":19,"ID":13}],[{"utility":0,"ID":15}],[{"utility":56,"ID":3},{"utility":89,"ID":21}],[{"utility":91,"ID":2},{"utility":53,"ID":11}],[{"utility":0,"ID":29},{"utility":88,"ID":30}],[{"utility":93,"ID":23},{"utility":98,"ID":10}],[{"utility":0,"ID":14}],[{"utility":73,"ID":12},{"utility":80,"ID":28}],[{"utility":0,"ID":27}],[{"utility":70,"ID":16},{"utility":76,"ID":4}],[],[{"utility":40,"ID":20},{"utility":95,"ID":9}],[{"utility":0,"ID":22}],[{"utility":0,"ID":25}],[{"utility":83,"ID":5},{"utility":67,"ID":26}],[{"utility":25,"ID":19},{"utility":99,"ID":7}],[{"utility":0,"ID":18}],[{"utility":26,"ID":17},{"utility":89,"ID":8}],[],[],[],[],[],[],[],[],[],[],[]],"STARTING COALITION: ":[[null],[{"utility":24.333333333333332,"ID":6},{"utility":61.666666666666664,"ID":7},{"utility":20.666666666666668,"ID":19},{"utility":24.666666666666668,"ID":26}],[{"utility":22,"ID":11},{"utility":0,"ID":13}],[],[{"utility":0,"ID":3},{"utility":17,"ID":17}],[{"utility":0,"ID":9}],[{"utility":34.2,"ID":1},{"utility":37.2,"ID":5},{"utility":27.2,"ID":8},{"utility":34.4,"ID":21},{"utility":19.8,"ID":29},{"utility":61.4,"ID":30}],[{"utility":0,"ID":22}],[],[{"utility":73,"ID":12},{"utility":80,"ID":28}],[{"utility":0,"ID":27}],[{"utility":32,"ID":14},{"utility":74,"ID":23}],[{"utility":22,"ID":4},{"utility":21.5,"ID":20},{"utility":41,"ID":24}],[{"utility":0,"ID":10}],[{"utility":46,"ID":2},{"utility":31.666666666666668,"ID":15},{"utility":38,"ID":16},{"utility":15,"ID":18}],[{"utility":0,"ID":25}],[],[],[],[],[],[],[],[],[],[],[],[],[],[],[]],"CORE :":false,"Relazioni :":570,"Time : ":0.1,"LAST PARTITION":{"22":14,"23":7,"24":1,"25":15,"26":16,"27":10,"28":9,"29":6,"30":6,"10":7,"11":5,"12":9,"13":2,"14":8,"15":3,"16":11,"17":19,"18":18,"19":17,"1":1,"2":5,"3":4,"4":11,"5":16,"6":2,"7":17,"8":19,"9":13,"20":13,"21":4}},{"Modalità dinamica :":false,"Q : ":9,"STARTING PARTITION: ":{"22":7,"23":11,"24":12,"25":15,"26":1,"27":10,"28":9,"29":6,"30":6,"10":13,"11":2,"12":9,"13":2,"14":11,"15":14,"16":14,"17":4,"18":14,"19":1,"1":6,"2":14,"3":4,"4":12,"5":6,"6":1,"7":1,"8":6,"9":5,"20":12,"21":6},"LAST COALITION":[[],[{"utility":0,"ID":2}],[{"utility":91,"ID":6},{"utility":19,"ID":13}],[],[{"utility":56,"ID":3},{"utility":89,"ID":21}],[{"utility":79,"ID":11},{"utility":51,"ID":15}],[{"utility":0,"ID":29},{"utility":88,"ID":30}],[{"utility":93,"ID":23},{"utility":98,"ID":10}],[{"utility":0,"ID":14}],[{"utility":73,"ID":12},{"utility":80,"ID":28}],[{"utility":0,"ID":27}],[{"utility":70,"ID":16},{"utility":76,"ID":4}],[{"utility":82,"ID":1},{"utility":94,"ID":24}],[{"utility":40,"ID":20},{"utility":95,"ID":9}],[{"utility":0,"ID":22}],[{"utility":0,"ID":25}],[{"utility":83,"ID":5},{"utility":67,"ID":26}],[{"utility":25,"ID":19},{"utility":99,"ID":7}],[],[{"utility":26,"ID":17},{"utility":89,"ID":8}],[{"utility":0,"ID":18}],[],[],[],[],[],[],[],[],[],[]],"STARTING COALITION: ":[[null],[{"utility":24.333333333333332,"ID":6},{"utility":61.666666666666664,"ID":7},{"utility":20.666666666666668,"ID":19},{"utility":24.666666666666668,"ID":26}],[{"utility":22,"ID":11},{"utility":0,"ID":13}],[],[{"utility":0,"ID":3},{"utility":17,"ID":17}],[{"utility":0,"ID":9}],[{"utility":34.2,"ID":1},{"utility":37.2,"ID":5},{"utility":27.2,"ID":8},{"utility":34.4,"ID":21},{"utility":19.8,"ID":29},{"utility":61.4,"ID":30}],[{"utility":0,"ID":22}],[],[{"utility":73,"ID":12},{"utility":80,"ID":28}],[{"utility":0,"ID":27}],[{"utility":32,"ID":14},{"utility":74,"ID":23}],[{"utility":22,"ID":4},{"utility":21.5,"ID":20},{"utility":41,"ID":24}],[{"utility":0,"ID":10}],[{"utility":46,"ID":2},{"utility":31.666666666666668,"ID":15},{"utility":38,"ID":16},{"utility":15,"ID":18}],[{"utility":0,"ID":25}],[],[],[],[],[],[],[],[],[],[],[],[],[],[],[]],"CORE :":false,"Relazioni :":570,"Time : ":0.2,"LAST PARTITION":{"22":14,"23":7,"24":12,"25":15,"26":16,"27":10,"28":9,"29":6,"30":6,"10":7,"11":5,"12":9,"13":2,"14":8,"15":5,"16":11,"17":19,"18":20,"19":17,"1":12,"2":1,"3":4,"4":11,"5":16,"6":2,"7":17,"8":19,"9":13,"20":13,"21":4}},{"Modalità dinamica :":false,"Q : ":10,"STARTING PARTITION: ":{"22":7,"23":11,"24":12,"25":15,"26":1,"27":10,"28":9,"29":6,"30":6,"10":13,"11":2,"12":9,"13":2,"14":11,"15":14,"16":14,"17":4,"18":14,"19":1,"1":6,"2":14,"3":4,"4":12,"5":6,"6":1,"7":1,"8":6,"9":5,"20":12,"21":6},"LAST COALITION":[[],[{"utility":79,"ID":11},{"utility":51,"ID":15}],[{"utility":91,"ID":6},{"utility":19,"ID":13}],[],[{"utility":56,"ID":3},{"utility":89,"ID":21}],[{"utility":82,"ID":1},{"utility":94,"ID":24}],[{"utility":0,"ID":29},{"utility":88,"ID":30}],[{"utility":93,"ID":23},{"utility":98,"ID":10}],[{"utility":0,"ID":14}],[{"utility":73,"ID":12},{"utility":80,"ID":28}],[{"utility":0,"ID":27}],[{"utility":70,"ID":16},{"utility":76,"ID":4}],[{"utility":0,"ID":2}],[{"utility":40,"ID":20},{"utility":95,"ID":9}],[{"utility":0,"ID":22}],[{"utility":0,"ID":25}],[{"utility":83,"ID":5},{"utility":67,"ID":26}],[{"utility":25,"ID":19},{"utility":99,"ID":7}],[],[{"utility":26,"ID":17},{"utility":89,"ID":8}],[{"utility":0,"ID":18}],[],[],[],[],[],[],[],[],[],[]],"STARTING COALITION: ":[[null],[{"utility":24.333333333333332,"ID":6},{"utility":61.666666666666664,"ID":7},{"utility":20.666666666666668,"ID":19},{"utility":24.666666666666668,"ID":26}],[{"utility":22,"ID":11},{"utility":0,"ID":13}],[],[{"utility":0,"ID":3},{"utility":17,"ID":17}],[{"utility":0,"ID":9}],[{"utility":34.2,"ID":1},{"utility":37.2,"ID":5},{"utility":27.2,"ID":8},{"utility":34.4,"ID":21},{"utility":19.8,"ID":29},{"utility":61.4,"ID":30}],[{"utility":0,"ID":22}],[],[{"utility":73,"ID":12},{"utility":80,"ID":28}],[{"utility":0,"ID":27}],[{"utility":32,"ID":14},{"utility":74,"ID":23}],[{"utility":22,"ID":4},{"utility":21.5,"ID":20},{"utility":41,"ID":24}],[{"utility":0,"ID":10}],[{"utility":46,"ID":2},{"utility":31.666666666666668,"ID":15},{"utility":38,"ID":16},{"utility":15,"ID":18}],[{"utility":0,"ID":25}],[],[],[],[],[],[],[],[],[],[],[],[],[],[],[]],"CORE :":false,"Relazioni :":570,"Time : ":0.1,"LAST PARTITION":{"22":14,"23":7,"24":5,"25":15,"26":16,"27":10,"28":9,"29":6,"30":6,"10":7,"11":1,"12":9,"13":2,"14":8,"15":1,"16":11,"17":19,"18":20,"19":17,"1":5,"2":12,"3":4,"4":11,"5":16,"6":2,"7":17,"8":19,"9":13,"20":13,"21":4}},{"Modalità dinamica :":false,"Q : ":10,"STARTING PARTITION: ":{"22":7,"23":11,"24":12,"25":15,"26":1,"27":10,"28":9,"29":6,"30":6,"10":13,"11":2,"12":9,"13":2,"14":11,"15":14,"16":14,"17":4,"18":14,"19":1,"1":6,"2":14,"3":4,"4":12,"5":6,"6":1,"7":1,"8":6,"9":5,"20":12,"21":6},"LAST COALITION":[[],[{"utility":82,"ID":1},{"utility":94,"ID":24}],[{"utility":91,"ID":6},{"utility":19,"ID":13}],[{"utility":9,"ID":2},{"utility":77,"ID":15}],[{"utility":56,"ID":3},{"utility":89,"ID":21}],[],[{"utility":0,"ID":29},{"utility":88,"ID":30}],[{"utility":93,"ID":23},{"utility":98,"ID":10}],[{"utility":0,"ID":14}],[{"utility":73,"ID":12},{"utility":80,"ID":28}],[{"utility":0,"ID":27}],[{"utility":70,"ID":16},{"utility":76,"ID":4}],[{"utility":0,"ID":11}],[{"utility":40,"ID":20},{"utility":95,"ID":9}],[{"utility":0,"ID":22}],[{"utility":0,"ID":25}],[{"utility":83,"ID":5},{"utility":67,"ID":26}],[{"utility":25,"ID":19},{"utility":99,"ID":7}],[],[{"utility":26,"ID":17},{"utility":89,"ID":8}],[{"utility":0,"ID":18}],[],[],[],[],[],[],[],[],[],[]],"STARTING COALITION: ":[[null],[{"utility":24.333333333333332,"ID":6},{"utility":61.666666666666664,"ID":7},{"utility":20.666666666666668,"ID":19},{"utility":24.666666666666668,"ID":26}],[{"utility":22,"ID":11},{"utility":0,"ID":13}],[],[{"utility":0,"ID":3},{"utility":17,"ID":17}],[{"utility":0,"ID":9}],[{"utility":34.2,"ID":1},{"utility":37.2,"ID":5},{"utility":27.2,"ID":8},{"utility":34.4,"ID":21},{"utility":19.8,"ID":29},{"utility":61.4,"ID":30}],[{"utility":0,"ID":22}],[],[{"utility":73,"ID":12},{"utility":80,"ID":28}],[{"utility":0,"ID":27}],[{"utility":32,"ID":14},{"utility":74,"ID":23}],[{"utility":22,"ID":4},{"utility":21.5,"ID":20},{"utility":41,"ID":24}],[{"utility":0,"ID":10}],[{"utility":46,"ID":2},{"utility":31.666666666666668,"ID":15},{"utility":38,"ID":16},{"utility":15,"ID":18}],[{"utility":0,"ID":25}],[],[],[],[],[],[],[],[],[],[],[],[],[],[],[]],"CORE :":false,"Relazioni :":570,"Time : ":0.2,"LAST PARTITION":{"22":14,"23":7,"24":1,"25":15,"26":16,"27":10,"28":9,"29":6,"30":6,"10":7,"11":12,"12":9,"13":2,"14":8,"15":3,"16":11,"17":19,"18":20,"19":17,"1":1,"2":3,"3":4,"4":11,"5":16,"6":2,"7":17,"8":19,"9":13,"20":13,"21":4}},{"Modalità dinamica :":true,"Q : ":2,"STARTING PARTITION: ":{"22":7,"23":11,"24":12,"25":15,"26":1,"27":10,"28":9,"29":6,"30":6,"10":13,"11":2,"12":9,"13":2,"14":11,"15":14,"16":14,"17":4,"18":14,"19":1,"1":6,"2":14,"3":4,"4":12,"5":6,"6":1,"7":1,"8":6,"9":5,"20":12,"21":6},"LAST COALITION":[[],[{"utility":56,"ID":3},{"utility":89,"ID":21}],[{"utility":84,"ID":15},{"utility":85,"ID":24}],[{"utility":62,"ID":5},{"utility":67,"ID":13}],[{"utility":84,"ID":1},{"utility":85,"ID":30}],[{"utility":47,"ID":7},{"utility":96,"ID":18}],[{"utility":94,"ID":23},{"utility":98,"ID":26}],[{"utility":56,"ID":19},{"utility":92,"ID":27}],[{"utility":44,"ID":2},{"utility":82,"ID":16}],[{"utility":84,"ID":20},{"utility":49,"ID":29}],[{"utility":96,"ID":8},{"utility":90,"ID":9}],[{"utility":99,"ID":14},{"utility":76,"ID":25}],[],[{"utility":63,"ID":10},{"utility":58,"ID":17}],[],[{"utility":43,"ID":4},{"utility":80,"ID":6}],[{"utility":79,"ID":11},{"utility":89,"ID":28}],[{"utility":94,"ID":12},{"utility":86,"ID":22}],[],[],[],[],[],[],[],[],[],[],[],[],[]],"STARTING COALITION: ":[[null],[{"utility":24.333333333333332,"ID":6},{"utility":61.666666666666664,"ID":7},{"utility":20.666666666666668,"ID":19},{"utility":24.666666666666668,"ID":26}],[{"utility":22,"ID":11},{"utility":0,"ID":13}],[],[{"utility":0,"ID":3},{"utility":17,"ID":17}],[{"utility":0,"ID":9}],[{"utility":34.2,"ID":1},{"utility":37.2,"ID":5},{"utility":27.2,"ID":8},{"utility":34.4,"ID":21},{"utility":19.8,"ID":29},{"utility":61.4,"ID":30}],[{"utility":0,"ID":22}],[],[{"utility":73,"ID":12},{"utility":80,"ID":28}],[{"utility":0,"ID":27}],[{"utility":32,"ID":14},{"utility":74,"ID":23}],[{"utility":22,"ID":4},{"utility":21.5,"ID":20},{"utility":41,"ID":24}],[{"utility":0,"ID":10}],[{"utility":46,"ID":2},{"utility":31.666666666666668,"ID":15},{"utility":38,"ID":16},{"utility":15,"ID":18}],[{"utility":0,"ID":25}],[],[],[],[],[],[],[],[],[],[],[],[],[],[],[]],"CORE :":true,"Relazioni :":570,"Time : ":0.1,"LAST PARTITION":{"22":17,"23":6,"24":2,"25":11,"26":6,"27":7,"28":16,"29":9,"30":4,"10":13,"11":16,"12":17,"13":3,"14":11,"15":2,"16":8,"17":13,"18":5,"19":7,"1":4,"2":8,"3":1,"4":15,"5":3,"6":15,"7":5,"8":10,"9":10,"20":9,"21":1}},{"Modalità dinamica :":true,"Q : ":2,"STARTING PARTITION: ":{"22":7,"23":11,"24":12,"25":15,"26":1,"27":10,"28":9,"29":6,"30":6,"10":13,"11":2,"12":9,"13":2,"14":11,"15":14,"16":14,"17":4,"18":14,"19":1,"1":6,"2":14,"3":4,"4":12,"5":6,"6":1,"7":1,"8":6,"9":5,"20":12,"21":6},"LAST COALITION":[[],[{"utility":44,"ID":2},{"utility":82,"ID":16}],[{"utility":99,"ID":14},{"utility":76,"ID":25}],[{"utility":56,"ID":3},{"utility":89,"ID":21}],[{"utility":94,"ID":23},{"utility":98,"ID":26}],[{"utility":56,"ID":19},{"utility":92,"ID":27}],[{"utility":84,"ID":1},{"utility":85,"ID":30}],[{"utility":84,"ID":20},{"utility":49,"ID":29}],[{"utility":84,"ID":15},{"utility":85,"ID":24}],[],[{"utility":79,"ID":11},{"utility":89,"ID":28}],[{"utility":63,"ID":10},{"utility":58,"ID":17}],[],[{"utility":62,"ID":5},{"utility":67,"ID":13}],[{"utility":94,"ID":12},{"utility":86,"ID":22}],[],[{"utility":43,"ID":4},{"utility":80,"ID":6}],[{"utility":96,"ID":8},{"utility":90,"ID":9}],[{"utility":47,"ID":7},{"utility":96,"ID":18}],[],[],[],[],[],[],[],[],[],[],[],[]],"STARTING COALITION: ":[[null],[{"utility":24.333333333333332,"ID":6},{"utility":61.666666666666664,"ID":7},{"utility":20.666666666666668,"ID":19},{"utility":24.666666666666668,"ID":26}],[{"utility":22,"ID":11},{"utility":0,"ID":13}],[],[{"utility":0,"ID":3},{"utility":17,"ID":17}],[{"utility":0,"ID":9}],[{"utility":34.2,"ID":1},{"utility":37.2,"ID":5},{"utility":27.2,"ID":8},{"utility":34.4,"ID":21},{"utility":19.8,"ID":29},{"utility":61.4,"ID":30}],[{"utility":0,"ID":22}],[],[{"utility":73,"ID":12},{"utility":80,"ID":28}],[{"utility":0,"ID":27}],[{"utility":32,"ID":14},{"utility":74,"ID":23}],[{"utility":22,"ID":4},{"utility":21.5,"ID":20},{"utility":41,"ID":24}],[{"utility":0,"ID":10}],[{"utility":46,"ID":2},{"utility":31.666666666666668,"ID":15},{"utility":38,"ID":16},{"utility":15,"ID":18}],[{"utility":0,"ID":25}],[],[],[],[],[],[],[],[],[],[],[],[],[],[],[]],"CORE :":true,"Relazioni :":570,"Time : ":0.2,"LAST PARTITION":{"22":14,"23":4,"24":8,"25":2,"26":4,"27":5,"28":10,"29":7,"30":6,"10":11,"11":10,"12":14,"13":13,"14":2,"15":8,"16":1,"17":11,"18":18,"19":5,"1":6,"2":1,"3":3,"4":16,"5":13,"6":16,"7":18,"8":17,"9":17,"20":7,"21":3}},{"Modalità dinamica :":true,"Q : ":3,"STARTING PARTITION: ":{"22":7,"23":11,"24":12,"25":15,"26":1,"27":10,"28":9,"29":6,"30":6,"10":13,"11":2,"12":9,"13":2,"14":11,"15":14,"16":14,"17":4,"18":14,"19":1,"1":6,"2":14,"3":4,"4":12,"5":6,"6":1,"7":1,"8":6,"9":5,"20":12,"21":6},"LAST COALITION":[[],[{"utility":94,"ID":12},{"utility":86,"ID":22}],[{"utility":63,"ID":10},{"utility":58,"ID":17}],[{"utility":56,"ID":19},{"utility":92,"ID":27}],[{"utility":44,"ID":2},{"utility":82,"ID":16}],[{"utility":84,"ID":15},{"utility":85,"ID":24}],[{"utility":43,"ID":4},{"utility":80,"ID":6}],[{"utility":56,"ID":3},{"utility":89,"ID":21}],[{"utility":96,"ID":8},{"utility":90,"ID":9}],[{"utility":99,"ID":14},{"utility":76,"ID":25}],[{"utility":47,"ID":7},{"utility":96,"ID":18}],[{"utility":94,"ID":23},{"utility":98,"ID":26}],[{"utility":79,"ID":11},{"utility":89,"ID":28}],[{"utility":84,"ID":1},{"utility":85,"ID":30}],[],[{"utility":84,"ID":20},{"utility":49,"ID":29}],[],[],[],[{"utility":62,"ID":5},{"utility":67,"ID":13}],[],[],[],[],[],[],[],[],[],[],[]],"STARTING COALITION: ":[[null],[{"utility":24.333333333333332,"ID":6},{"utility":61.666666666666664,"ID":7},{"utility":20.666666666666668,"ID":19},{"utility":24.666666666666668,"ID":26}],[{"utility":22,"ID":11},{"utility":0,"ID":13}],[],[{"utility":0,"ID":3},{"utility":17,"ID":17}],[{"utility":0,"ID":9}],[{"utility":34.2,"ID":1},{"utility":37.2,"ID":5},{"utility":27.2,"ID":8},{"utility":34.4,"ID":21},{"utility":19.8,"ID":29},{"utility":61.4,"ID":30}],[{"utility":0,"ID":22}],[],[{"utility":73,"ID":12},{"utility":80,"ID":28}],[{"utility":0,"ID":27}],[{"utility":32,"ID":14},{"utility":74,"ID":23}],[{"utility":22,"ID":4},{"utility":21.5,"ID":20},{"utility":41,"ID":24}],[{"utility":0,"ID":10}],[{"utility":46,"ID":2},{"utility":31.666666666666668,"ID":15},{"utility":38,"ID":16},{"utility":15,"ID":18}],[{"utility":0,"ID":25}],[],[],[],[],[],[],[],[],[],[],[],[],[],[],[]],"CORE :":true,"Relazioni :":570,"Time : ":0.1,"LAST PARTITION":{"22":1,"23":11,"24":5,"25":9,"26":11,"27":3,"28":12,"29":15,"30":13,"10":2,"11":12,"12":1,"13":19,"14":9,"15":5,"16":4,"17":2,"18":10,"19":3,"1":13,"2":4,"3":7,"4":6,"5":19,"6":6,"7":10,"8":8,"9":8,"20":15,"21":7}},{"Modalità dinamica :":true,"Q : ":3,"STARTING PARTITION: ":{"22":7,"23":11,"24":12,"25":15,"26":1,"27":10,"28":9,"29":6,"30":6,"10":13,"11":2,"12":9,"13":2,"14":11,"15":14,"16":14,"17":4,"18":14,"19":1,"1":6,"2":14,"3":4,"4":12,"5":6,"6":1,"7":1,"8":6,"9":5,"20":12,"21":6},"LAST COALITION":[[],[{"utility":63,"ID":10},{"utility":58,"ID":17}],[{"utility":99,"ID":14},{"utility":76,"ID":25}],[{"utility":94,"ID":23},{"utility":98,"ID":26}],[],[{"utility":62,"ID":5},{"utility":67,"ID":13}],[{"utility":84,"ID":1},{"utility":85,"ID":30}],[{"utility":56,"ID":19},{"utility":92,"ID":27}],[{"utility":94,"ID":12},{"utility":86,"ID":22}],[{"utility":43,"ID":4},{"utility":80,"ID":6}],[{"utility":47,"ID":7},{"utility":96,"ID":18}],[{"utility":56,"ID":3},{"utility":89,"ID":21}],[{"utility":84,"ID":15},{"utility":85,"ID":24}],[{"utility":96,"ID":8},{"utility":90,"ID":9}],[{"utility":84,"ID":20},{"utility":49,"ID":29}],[{"utility":79,"ID":11},{"utility":89,"ID":28}],[],[],[],[{"utility":44,"ID":2},{"utility":82,"ID":16}],[],[],[],[],[],[],[],[],[],[],[]],"STARTING COALITION: ":[[null],[{"utility":24.333333333333332,"ID":6},{"utility":61.666666666666664,"ID":7},{"utility":20.666666666666668,"ID":19},{"utility":24.666666666666668,"ID":26}],[{"utility":22,"ID":11},{"utility":0,"ID":13}],[],[{"utility":0,"ID":3},{"utility":17,"ID":17}],[{"utility":0,"ID":9}],[{"utility":34.2,"ID":1},{"utility":37.2,"ID":5},{"utility":27.2,"ID":8},{"utility":34.4,"ID":21},{"utility":19.8,"ID":29},{"utility":61.4,"ID":30}],[{"utility":0,"ID":22}],[],[{"utility":73,"ID":12},{"utility":80,"ID":28}],[{"utility":0,"ID":27}],[{"utility":32,"ID":14},{"utility":74,"ID":23}],[{"utility":22,"ID":4},{"utility":21.5,"ID":20},{"utility":41,"ID":24}],[{"utility":0,"ID":10}],[{"utility":46,"ID":2},{"utility":31.666666666666668,"ID":15},{"utility":38,"ID":16},{"utility":15,"ID":18}],[{"utility":0,"ID":25}],[],[],[],[],[],[],[],[],[],[],[],[],[],[],[]],"CORE :":true,"Relazioni :":570,"Time : ":0.2,"LAST PARTITION":{"22":8,"23":3,"24":12,"25":2,"26":3,"27":7,"28":15,"29":14,"30":6,"10":1,"11":15,"12":8,"13":5,"14":2,"15":12,"16":19,"17":1,"18":10,"19":7,"1":6,"2":19,"3":11,"4":9,"5":5,"6":9,"7":10,"8":13,"9":13,"20":14,"21":11}},{"Modalità dinamica :":true,"Q : ":4,"STARTING PARTITION: ":{"22":7,"23":11,"24":12,"25":15,"26":1,"27":10,"28":9,"29":6,"30":6,"10":13,"11":2,"12":9,"13":2,"14":11,"15":14,"16":14,"17":4,"18":14,"19":1,"1":6,"2":14,"3":4,"4":12,"5":6,"6":1,"7":1,"8":6,"9":5,"20":12,"21":6},"LAST COALITION":[[],[{"utility":79,"ID":11},{"utility":89,"ID":28}],[{"utility":84,"ID":15},{"utility":85,"ID":24}],[],[{"utility":43,"ID":4},{"utility":80,"ID":6}],[{"utility":44,"ID":2},{"utility":82,"ID":16}],[{"utility":62,"ID":5},{"utility":67,"ID":13}],[{"utility":94,"ID":12},{"utility":86,"ID":22}],[{"utility":99,"ID":14},{"utility":76,"ID":25}],[{"utility":84,"ID":20},{"utility":49,"ID":29}],[{"utility":96,"ID":8},{"utility":90,"ID":9}],[{"utility":56,"ID":3},{"utility":89,"ID":21}],[{"utility":47,"ID":7},{"utility":96,"ID":18}],[],[{"utility":63,"ID":10},{"utility":58,"ID":17}],[],[],[{"utility":94,"ID":23},{"utility":98,"ID":26}],[{"utility":84,"ID":1},{"utility":85,"ID":30}],[],[{"utility":56,"ID":19},{"utility":92,"ID":27}],[],[],[],[],[],[],[],[],[],[]],"STARTING COALITION: ":[[null],[{"utility":24.333333333333332,"ID":6},{"utility":61.666666666666664,"ID":7},{"utility":20.666666666666668,"ID":19},{"utility":24.666666666666668,"ID":26}],[{"utility":22,"ID":11},{"utility":0,"ID":13}],[],[{"utility":0,"ID":3},{"utility":17,"ID":17}],[{"utility":0,"ID":9}],[{"utility":34.2,"ID":1},{"utility":37.2,"ID":5},{"utility":27.2,"ID":8},{"utility":34.4,"ID":21},{"utility":19.8,"ID":29},{"utility":61.4,"ID":30}],[{"utility":0,"ID":22}],[],[{"utility":73,"ID":12},{"utility":80,"ID":28}],[{"utility":0,"ID":27}],[{"utility":32,"ID":14},{"utility":74,"ID":23}],[{"utility":22,"ID":4},{"utility":21.5,"ID":20},{"utility":41,"ID":24}],[{"utility":0,"ID":10}],[{"utility":46,"ID":2},{"utility":31.666666666666668,"ID":15},{"utility":38,"ID":16},{"utility":15,"ID":18}],[{"utility":0,"ID":25}],[],[],[],[],[],[],[],[],[],[],[],[],[],[],[]],"CORE :":true,"Relazioni :":570,"Time : ":0.1,"LAST PARTITION":{"22":7,"23":17,"24":2,"25":8,"26":17,"27":20,"28":1,"29":9,"30":18,"10":14,"11":1,"12":7,"13":6,"14":8,"15":2,"16":5,"17":14,"18":12,"19":20,"1":18,"2":5,"3":11,"4":4,"5":6,"6":4,"7":12,"8":10,"9":10,"20":9,"21":11}},{"Modalità dinamica :":true,"Q : ":4,"STARTING PARTITION: ":{"22":7,"23":11,"24":12,"25":15,"26":1,"27":10,"28":9,"29":6,"30":6,"10":13,"11":2,"12":9,"13":2,"14":11,"15":14,"16":14,"17":4,"18":14,"19":1,"1":6,"2":14,"3":4,"4":12,"5":6,"6":1,"7":1,"8":6,"9":5,"20":12,"21":6},"LAST COALITION":[[],[{"utility":94,"ID":23},{"utility":98,"ID":26}],[{"utility":73,"ID":12},{"utility":80,"ID":28}],[{"utility":0,"ID":13}],[{"utility":84,"ID":20},{"utility":49,"ID":29}],[{"utility":82,"ID":1},{"utility":94,"ID":24}],[{"utility":56,"ID":3},{"utility":89,"ID":21}],[{"utility":52,"ID":10},{"utility":88,"ID":22}],[{"utility":0,"ID":11}],[{"utility":9,"ID":2},{"utility":77,"ID":15}],[{"utility":46,"ID":19},{"utility":88,"ID":30}],[{"utility":14,"ID":17},{"utility":83,"ID":25}],[{"utility":96,"ID":5},{"utility":70,"ID":8}],[],[{"utility":47,"ID":7},{"utility":96,"ID":18}],[],[],[{"utility":76,"ID":4},{"utility":70,"ID":16}],[{"utility":0,"ID":14}],[{"utility":7.5,"ID":6},{"utility":23,"ID":9},{"utility":90.5,"ID":27}],[],[],[],[],[],[],[],[],[],[],[]],"STARTING COALITION: ":[[null],[{"utility":24.333333333333332,"ID":6},{"utility":61.666666666666664,"ID":7},{"utility":20.666666666666668,"ID":19},{"utility":24.666666666666668,"ID":26}],[{"utility":22,"ID":11},{"utility":0,"ID":13}],[],[{"utility":0,"ID":3},{"utility":17,"ID":17}],[{"utility":0,"ID":9}],[{"utility":34.2,"ID":1},{"utility":37.2,"ID":5},{"utility":27.2,"ID":8},{"utility":34.4,"ID":21},{"utility":19.8,"ID":29},{"utility":61.4,"ID":30}],[{"utility":0,"ID":22}],[],[{"utility":73,"ID":12},{"utility":80,"ID":28}],[{"utility":0,"ID":27}],[{"utility":32,"ID":14},{"utility":74,"ID":23}],[{"utility":22,"ID":4},{"utility":21.5,"ID":20},{"utility":41,"ID":24}],[{"utility":0,"ID":10}],[{"utility":46,"ID":2},{"utility":31.666666666666668,"ID":15},{"utility":38,"ID":16},{"utility":15,"ID":18}],[{"utility":0,"ID":25}],[],[],[],[],[],[],[],[],[],[],[],[],[],[],[]],"CORE :":true,"Relazioni :":570,"Time : ":0.2,"LAST PARTITION":{"22":7,"23":1,"24":5,"25":11,"26":1,"27":19,"28":2,"29":4,"30":10,"10":7,"11":8,"12":2,"13":3,"14":18,"15":9,"16":17,"17":11,"18":14,"19":10,"1":5,"2":9,"3":6,"4":17,"5":12,"6":19,"7":14,"8":12,"9":19,"20":4,"21":6}},{"Modalità dinamica :":true,"Q : ":5,"STARTING PARTITION: ":{"22":7,"23":11,"24":12,"25":15,"26":1,"27":10,"28":9,"29":6,"30":6,"10":13,"11":2,"12":9,"13":2,"14":11,"15":14,"16":14,"17":4,"18":14,"19":1,"1":6,"2":14,"3":4,"4":12,"5":6,"6":1,"7":1,"8":6,"9":5,"20":12,"21":6},"LAST COALITION":[[],[{"utility":56,"ID":3},{"utility":89,"ID":21}],[{"utility":79,"ID":11},{"utility":89,"ID":28}],[{"utility":94,"ID":23},{"utility":98,"ID":26}],[{"utility":99,"ID":14},{"utility":76,"ID":25}],[{"utility":84,"ID":15},{"utility":85,"ID":24}],[{"utility":84,"ID":1},{"utility":85,"ID":30}],[{"utility":96,"ID":8},{"utility":90,"ID":9}],[{"utility":44,"ID":2},{"utility":82,"ID":16}],[{"utility":47,"ID":7},{"utility":96,"ID":18}],[],[{"utility":62,"ID":5},{"utility":67,"ID":13}],[],[{"utility":43,"ID":4},{"utility":80,"ID":6}],[],[{"utility":63,"ID":10},{"utility":58,"ID":17}],[{"utility":84,"ID":20},{"utility":49,"ID":29}],[{"utility":56,"ID":19},{"utility":92,"ID":27}],[{"utility":94,"ID":12},{"utility":86,"ID":22}],[],[],[],[],[],[],[],[],[],[],[],[]],"STARTING COALITION: ":[[null],[{"utility":24.333333333333332,"ID":6},{"utility":61.666666666666664,"ID":7},{"utility":20.666666666666668,"ID":19},{"utility":24.666666666666668,"ID":26}],[{"utility":22,"ID":11},{"utility":0,"ID":13}],[],[{"utility":0,"ID":3},{"utility":17,"ID":17}],[{"utility":0,"ID":9}],[{"utility":34.2,"ID":1},{"utility":37.2,"ID":5},{"utility":27.2,"ID":8},{"utility":34.4,"ID":21},{"utility":19.8,"ID":29},{"utility":61.4,"ID":30}],[{"utility":0,"ID":22}],[],[{"utility":73,"ID":12},{"utility":80,"ID":28}],[{"utility":0,"ID":27}],[{"utility":32,"ID":14},{"utility":74,"ID":23}],[{"utility":22,"ID":4},{"utility":21.5,"ID":20},{"utility":41,"ID":24}],[{"utility":0,"ID":10}],[{"utility":46,"ID":2},{"utility":31.666666666666668,"ID":15},{"utility":38,"ID":16},{"utility":15,"ID":18}],[{"utility":0,"ID":25}],[],[],[],[],[],[],[],[],[],[],[],[],[],[],[]],"CORE :":true,"Relazioni :":570,"Time : ":0.1,"LAST PARTITION":{"22":18,"23":3,"24":5,"25":4,"26":3,"27":17,"28":2,"29":16,"30":6,"10":15,"11":2,"12":18,"13":11,"14":4,"15":5,"16":8,"17":15,"18":9,"19":17,"1":6,"2":8,"3":1,"4":13,"5":11,"6":13,"7":9,"8":7,"9":7,"20":16,"21":1}},{"Modalità dinamica :":true,"Q : ":5,"STARTING PARTITION: ":{"22":7,"23":11,"24":12,"25":15,"26":1,"27":10,"28":9,"29":6,"30":6,"10":13,"11":2,"12":9,"13":2,"14":11,"15":14,"16":14,"17":4,"18":14,"19":1,"1":6,"2":14,"3":4,"4":12,"5":6,"6":1,"7":1,"8":6,"9":5,"20":12,"21":6},"LAST COALITION":[[],[{"utility":0,"ID":28}],[{"utility":33,"ID":7},{"utility":21.75,"ID":10},{"utility":10.5,"ID":13},{"utility":66,"ID":18},{"utility":41.5,"ID":24}],[{"utility":0,"ID":2}],[{"utility":29,"ID":6},{"utility":83,"ID":15}],[{"utility":84,"ID":1},{"utility":85,"ID":30}],[{"utility":94,"ID":12},{"utility":86,"ID":22}],[{"utility":24,"ID":5},{"utility":62,"ID":19}],[{"utility":18,"ID":11},{"utility":67.5,"ID":25},{"utility":36.5,"ID":27}],[{"utility":96,"ID":8},{"utility":90,"ID":9}],[{"utility":76,"ID":4},{"utility":70,"ID":16}],[{"utility":0,"ID":21}],[],[{"utility":0,"ID":3}],[{"utility":84,"ID":20},{"utility":49,"ID":29}],[],[{"utility":95,"ID":14},{"utility":82,"ID":17}],[{"utility":94,"ID":23},{"utility":98,"ID":26}],[],[],[],[],[],[],[],[],[],[],[],[],[]],"STARTING COALITION: ":[[null],[{"utility":24.333333333333332,"ID":6},{"utility":61.666666666666664,"ID":7},{"utility":20.666666666666668,"ID":19},{"utility":24.666666666666668,"ID":26}],[{"utility":22,"ID":11},{"utility":0,"ID":13}],[],[{"utility":0,"ID":3},{"utility":17,"ID":17}],[{"utility":0,"ID":9}],[{"utility":34.2,"ID":1},{"utility":37.2,"ID":5},{"utility":27.2,"ID":8},{"utility":34.4,"ID":21},{"utility":19.8,"ID":29},{"utility":61.4,"ID":30}],[{"utility":0,"ID":22}],[],[{"utility":73,"ID":12},{"utility":80,"ID":28}],[{"utility":0,"ID":27}],[{"utility":32,"ID":14},{"utility":74,"ID":23}],[{"utility":22,"ID":4},{"utility":21.5,"ID":20},{"utility":41,"ID":24}],[{"utility":0,"ID":10}],[{"utility":46,"ID":2},{"utility":31.666666666666668,"ID":15},{"utility":38,"ID":16},{"utility":15,"ID":18}],[{"utility":0,"ID":25}],[],[],[],[],[],[],[],[],[],[],[],[],[],[],[]],"CORE :":true,"Relazioni :":570,"Time : ":0.2,"LAST PARTITION":{"22":6,"23":17,"24":2,"25":8,"26":17,"27":8,"28":1,"29":14,"30":5,"10":2,"11":8,"12":6,"13":2,"14":16,"15":4,"16":10,"17":16,"18":2,"19":7,"1":5,"2":3,"3":13,"4":10,"5":7,"6":4,"7":2,"8":9,"9":9,"20":14,"21":11}},{"Modalità dinamica :":true,"Q : ":6,"STARTING PARTITION: ":{"22":7,"23":11,"24":12,"25":15,"26":1,"27":10,"28":9,"29":6,"30":6,"10":13,"11":2,"12":9,"13":2,"14":11,"15":14,"16":14,"17":4,"18":14,"19":1,"1":6,"2":14,"3":4,"4":12,"5":6,"6":1,"7":1,"8":6,"9":5,"20":12,"21":6},"LAST COALITION":[[],[{"utility":44,"ID":2},{"utility":82,"ID":16}],[{"utility":99,"ID":14},{"utility":76,"ID":25}],[{"utility":70,"ID":13},{"utility":72,"ID":28}],[{"utility":0,"ID":15}],[{"utility":0,"ID":17}],[{"utility":82,"ID":1},{"utility":94,"ID":24}],[{"utility":84,"ID":20},{"utility":49,"ID":29}],[{"utility":0,"ID":30}],[{"utility":0,"ID":12}],[{"utility":96,"ID":8},{"utility":90,"ID":9}],[{"utility":0,"ID":6}],[{"utility":45,"ID":3},{"utility":13,"ID":7}],[{"utility":0,"ID":4}],[{"utility":94,"ID":23},{"utility":98,"ID":26}],[{"utility":2,"ID":5},{"utility":60,"ID":18}],[{"utility":90,"ID":11},{"utility":84,"ID":21}],[{"utility":52,"ID":10},{"utility":88,"ID":22}],[{"utility":56,"ID":19},{"utility":92,"ID":27}],[],[],[],[],[],[],[],[],[],[],[],[]],"STARTING COALITION: ":[[null],[{"utility":24.333333333333332,"ID":6},{"utility":61.666666666666664,"ID":7},{"utility":20.666666666666668,"ID":19},{"utility":24.666666666666668,"ID":26}],[{"utility":22,"ID":11},{"utility":0,"ID":13}],[],[{"utility":0,"ID":3},{"utility":17,"ID":17}],[{"utility":0,"ID":9}],[{"utility":34.2,"ID":1},{"utility":37.2,"ID":5},{"utility":27.2,"ID":8},{"utility":34.4,"ID":21},{"utility":19.8,"ID":29},{"utility":61.4,"ID":30}],[{"utility":0,"ID":22}],[],[{"utility":73,"ID":12},{"utility":80,"ID":28}],[{"utility":0,"ID":27}],[{"utility":32,"ID":14},{"utility":74,"ID":23}],[{"utility":22,"ID":4},{"utility":21.5,"ID":20},{"utility":41,"ID":24}],[{"utility":0,"ID":10}],[{"utility":46,"ID":2},{"utility":31.666666666666668,"ID":15},{"utility":38,"ID":16},{"utility":15,"ID":18}],[{"utility":0,"ID":25}],[],[],[],[],[],[],[],[],[],[],[],[],[],[],[]],"CORE :":true,"Relazioni :":570,"Time : ":0.1,"LAST PARTITION":{"22":17,"23":14,"24":6,"25":2,"26":14,"27":18,"28":3,"29":7,"30":8,"10":17,"11":16,"12":9,"13":3,"14":2,"15":4,"16":1,"17":5,"18":15,"19":18,"1":6,"2":1,"3":12,"4":13,"5":15,"6":11,"7":12,"8":10,"9":10,"20":7,"21":16}},{"Modalità dinamica :":true,"Q : ":6,"STARTING PARTITION: ":{"22":7,"23":11,"24":12,"25":15,"26":1,"27":10,"28":9,"29":6,"30":6,"10":13,"11":2,"12":9,"13":2,"14":11,"15":14,"16":14,"17":4,"18":14,"19":1,"1":6,"2":14,"3":4,"4":12,"5":6,"6":1,"7":1,"8":6,"9":5,"20":12,"21":6},"LAST COALITION":[[],[{"utility":99,"ID":14},{"utility":76,"ID":25}],[{"utility":84,"ID":15},{"utility":85,"ID":24}],[{"utility":56,"ID":3},{"utility":89,"ID":21}],[{"utility":63,"ID":10},{"utility":58,"ID":17}],[{"utility":84,"ID":1},{"utility":85,"ID":30}],[{"utility":84,"ID":20},{"utility":49,"ID":29}],[],[{"utility":44,"ID":2},{"utility":82,"ID":16}],[{"utility":47,"ID":7},{"utility":96,"ID":18}],[{"utility":43,"ID":4},{"utility":80,"ID":6}],[{"utility":79,"ID":11},{"utility":89,"ID":28}],[],[{"utility":96,"ID":8},{"utility":90,"ID":9}],[],[{"utility":56,"ID":19},{"utility":92,"ID":27}],[{"utility":62,"ID":5},{"utility":67,"ID":13}],[{"utility":94,"ID":23},{"utility":98,"ID":26}],[{"utility":94,"ID":12},{"utility":86,"ID":22}],[],[],[],[],[],[],[],[],[],[],[],[]],"STARTING COALITION: ":[[null],[{"utility":24.333333333333332,"ID":6},{"utility":61.666666666666664,"ID":7},{"utility":20.666666666666668,"ID":19},{"utility":24.666666666666668,"ID":26}],[{"utility":22,"ID":11},{"utility":0,"ID":13}],[],[{"utility":0,"ID":3},{"utility":17,"ID":17}],[{"utility":0,"ID":9}],[{"utility":34.2,"ID":1},{"utility":37.2,"ID":5},{"utility":27.2,"ID":8},{"utility":34.4,"ID":21},{"utility":19.8,"ID":29},{"utility":61.4,"ID":30}],[{"utility":0,"ID":22}],[],[{"utility":73,"ID":12},{"utility":80,"ID":28}],[{"utility":0,"ID":27}],[{"utility":32,"ID":14},{"utility":74,"ID":23}],[{"utility":22,"ID":4},{"utility":21.5,"ID":20},{"utility":41,"ID":24}],[{"utility":0,"ID":10}],[{"utility":46,"ID":2},{"utility":31.666666666666668,"ID":15},{"utility":38,"ID":16},{"utility":15,"ID":18}],[{"utility":0,"ID":25}],[],[],[],[],[],[],[],[],[],[],[],[],[],[],[]],"CORE :":true,"Relazioni :":570,"Time : ":0.2,"LAST PARTITION":{"22":18,"23":17,"24":2,"25":1,"26":17,"27":15,"28":11,"29":6,"30":5,"10":4,"11":11,"12":18,"13":16,"14":1,"15":2,"16":8,"17":4,"18":9,"19":15,"1":5,"2":8,"3":3,"4":10,"5":16,"6":10,"7":9,"8":13,"9":13,"20":6,"21":3}},{"Modalità dinamica :":true,"Q : ":7,"STARTING PARTITION: ":{"22":7,"23":11,"24":12,"25":15,"26":1,"27":10,"28":9,"29":6,"30":6,"10":13,"11":2,"12":9,"13":2,"14":11,"15":14,"16":14,"17":4,"18":14,"19":1,"1":6,"2":14,"3":4,"4":12,"5":6,"6":1,"7":1,"8":6,"9":5,"20":12,"21":6},"LAST COALITION":[[],[{"utility":84,"ID":20},{"utility":49,"ID":29}],[],[{"utility":96,"ID":8},{"utility":90,"ID":9}],[{"utility":84,"ID":15},{"utility":85,"ID":24}],[{"utility":79,"ID":11},{"utility":89,"ID":28}],[],[{"utility":99,"ID":14},{"utility":76,"ID":25}],[{"utility":47,"ID":7},{"utility":96,"ID":18}],[{"utility":84,"ID":1},{"utility":85,"ID":30}],[{"utility":44,"ID":2},{"utility":82,"ID":16}],[{"utility":94,"ID":23},{"utility":98,"ID":26}],[{"utility":56,"ID":3},{"utility":89,"ID":21}],[{"utility":56,"ID":19},{"utility":92,"ID":27}],[{"utility":43,"ID":4},{"utility":80,"ID":6}],[{"utility":62,"ID":5},{"utility":67,"ID":13}],[],[{"utility":63,"ID":10},{"utility":58,"ID":17}],[{"utility":94,"ID":12},{"utility":86,"ID":22}],[],[],[],[],[],[],[],[],[],[],[],[]],"STARTING COALITION: ":[[null],[{"utility":24.333333333333332,"ID":6},{"utility":61.666666666666664,"ID":7},{"utility":20.666666666666668,"ID":19},{"utility":24.666666666666668,"ID":26}],[{"utility":22,"ID":11},{"utility":0,"ID":13}],[],[{"utility":0,"ID":3},{"utility":17,"ID":17}],[{"utility":0,"ID":9}],[{"utility":34.2,"ID":1},{"utility":37.2,"ID":5},{"utility":27.2,"ID":8},{"utility":34.4,"ID":21},{"utility":19.8,"ID":29},{"utility":61.4,"ID":30}],[{"utility":0,"ID":22}],[],[{"utility":73,"ID":12},{"utility":80,"ID":28}],[{"utility":0,"ID":27}],[{"utility":32,"ID":14},{"utility":74,"ID":23}],[{"utility":22,"ID":4},{"utility":21.5,"ID":20},{"utility":41,"ID":24}],[{"utility":0,"ID":10}],[{"utility":46,"ID":2},{"utility":31.666666666666668,"ID":15},{"utility":38,"ID":16},{"utility":15,"ID":18}],[{"utility":0,"ID":25}],[],[],[],[],[],[],[],[],[],[],[],[],[],[],[]],"CORE :":true,"Relazioni :":570,"Time : ":0.1,"LAST PARTITION":{"22":18,"23":11,"24":4,"25":7,"26":11,"27":13,"28":5,"29":1,"30":9,"10":17,"11":5,"12":18,"13":15,"14":7,"15":4,"16":10,"17":17,"18":8,"19":13,"1":9,"2":10,"3":12,"4":14,"5":15,"6":14,"7":8,"8":3,"9":3,"20":1,"21":12}},{"Modalità dinamica :":true,"Q : ":7,"STARTING PARTITION: ":{"22":7,"23":11,"24":12,"25":15,"26":1,"27":10,"28":9,"29":6,"30":6,"10":13,"11":2,"12":9,"13":2,"14":11,"15":14,"16":14,"17":4,"18":14,"19":1,"1":6,"2":14,"3":4,"4":12,"5":6,"6":1,"7":1,"8":6,"9":5,"20":12,"21":6},"LAST COALITION":[[],[{"utility":0,"ID":12}],[{"utility":47,"ID":7},{"utility":96,"ID":18}],[],[{"utility":76,"ID":4},{"utility":70,"ID":16}],[{"utility":0,"ID":30}],[{"utility":0,"ID":2}],[{"utility":78,"ID":10},{"utility":39.5,"ID":17},{"utility":51,"ID":29}],[{"utility":96,"ID":5},{"utility":70,"ID":8}],[{"utility":91,"ID":6},{"utility":19,"ID":13}],[{"utility":0,"ID":20}],[{"utility":84,"ID":15},{"utility":85,"ID":24}],[{"utility":0,"ID":1}],[{"utility":56,"ID":19},{"utility":92,"ID":27}],[{"utility":0,"ID":22}],[{"utility":79,"ID":11},{"utility":89,"ID":28}],[{"utility":56,"ID":3},{"utility":89,"ID":21}],[{"utility":94,"ID":23},{"utility":98,"ID":26}],[{"utility":0,"ID":9}],[],[{"utility":99,"ID":14},{"utility":76,"ID":25}],[],[],[],[],[],[],[],[],[],[]],"STARTING COALITION: ":[[null],[{"utility":24.333333333333332,"ID":6},{"utility":61.666666666666664,"ID":7},{"utility":20.666666666666668,"ID":19},{"utility":24.666666666666668,"ID":26}],[{"utility":22,"ID":11},{"utility":0,"ID":13}],[],[{"utility":0,"ID":3},{"utility":17,"ID":17}],[{"utility":0,"ID":9}],[{"utility":34.2,"ID":1},{"utility":37.2,"ID":5},{"utility":27.2,"ID":8},{"utility":34.4,"ID":21},{"utility":19.8,"ID":29},{"utility":61.4,"ID":30}],[{"utility":0,"ID":22}],[],[{"utility":73,"ID":12},{"utility":80,"ID":28}],[{"utility":0,"ID":27}],[{"utility":32,"ID":14},{"utility":74,"ID":23}],[{"utility":22,"ID":4},{"utility":21.5,"ID":20},{"utility":41,"ID":24}],[{"utility":0,"ID":10}],[{"utility":46,"ID":2},{"utility":31.666666666666668,"ID":15},{"utility":38,"ID":16},{"utility":15,"ID":18}],[{"utility":0,"ID":25}],[],[],[],[],[],[],[],[],[],[],[],[],[],[],[]],"CORE :":true,"Relazioni :":570,"Time : ":0.2,"LAST PARTITION":{"22":14,"23":17,"24":11,"25":20,"26":17,"27":13,"28":15,"29":7,"30":5,"10":7,"11":15,"12":1,"13":9,"14":20,"15":11,"16":4,"17":7,"18":2,"19":13,"1":12,"2":6,"3":16,"4":4,"5":8,"6":9,"7":2,"8":8,"9":18,"20":10,"21":16}},{"Modalità dinamica :":true,"Q : ":8,"STARTING PARTITION: ":{"22":7,"23":11,"24":12,"25":15,"26":1,"27":10,"28":9,"29":6,"30":6,"10":13,"11":2,"12":9,"13":2,"14":11,"15":14,"16":14,"17":4,"18":14,"19":1,"1":6,"2":14,"3":4,"4":12,"5":6,"6":1,"7":1,"8":6,"9":5,"20":12,"21":6},"LAST COALITION":[[],[{"utility":0,"ID":19}],[{"utility":0,"ID":25}],[{"utility":84,"ID":15},{"utility":85,"ID":24}],[{"utility":96,"ID":8},{"utility":90,"ID":9}],[{"utility":29,"ID":2},{"utility":80,"ID":6}],[{"utility":0,"ID":3}],[{"utility":94,"ID":23},{"utility":98,"ID":26}],[{"utility":90,"ID":11},{"utility":84,"ID":21}],[],[{"utility":84,"ID":20},{"utility":49,"ID":29}],[{"utility":94,"ID":12},{"utility":86,"ID":22}],[{"utility":0,"ID":7}],[{"utility":99,"ID":16},{"utility":43,"ID":28}],[{"utility":0,"ID":10}],[{"utility":0,"ID":4}],[{"utility":0,"ID":27}],[{"utility":62,"ID":5},{"utility":67,"ID":13}],[{"utility":95,"ID":14},{"utility":82,"ID":17}],[{"utility":0,"ID":30}],[{"utility":30,"ID":1},{"utility":46,"ID":18}],[],[],[],[],[],[],[],[],[],[]],"STARTING COALITION: ":[[null],[{"utility":24.333333333333332,"ID":6},{"utility":61.666666666666664,"ID":7},{"utility":20.666666666666668,"ID":19},{"utility":24.666666666666668,"ID":26}],[{"utility":22,"ID":11},{"utility":0,"ID":13}],[],[{"utility":0,"ID":3},{"utility":17,"ID":17}],[{"utility":0,"ID":9}],[{"utility":34.2,"ID":1},{"utility":37.2,"ID":5},{"utility":27.2,"ID":8},{"utility":34.4,"ID":21},{"utility":19.8,"ID":29},{"utility":61.4,"ID":30}],[{"utility":0,"ID":22}],[],[{"utility":73,"ID":12},{"utility":80,"ID":28}],[{"utility":0,"ID":27}],[{"utility":32,"ID":14},{"utility":74,"ID":23}],[{"utility":22,"ID":4},{"utility":21.5,"ID":20},{"utility":41,"ID":24}],[{"utility":0,"ID":10}],[{"utility":46,"ID":2},{"utility":31.666666666666668,"ID":15},{"utility":38,"ID":16},{"utility":15,"ID":18}],[{"utility":0,"ID":25}],[],[],[],[],[],[],[],[],[],[],[],[],[],[],[]],"CORE :":true,"Relazioni :":570,"Time : ":0.1,"LAST PARTITION":{"22":11,"23":7,"24":3,"25":2,"26":7,"27":16,"28":13,"29":10,"30":19,"10":14,"11":8,"12":11,"13":17,"14":18,"15":3,"16":13,"17":18,"18":20,"19":1,"1":20,"2":5,"3":6,"4":15,"5":17,"6":5,"7":12,"8":4,"9":4,"20":10,"21":8}},{"Modalità dinamica :":true,"Q : ":8,"STARTING PARTITION: ":{"22":7,"23":11,"24":12,"25":15,"26":1,"27":10,"28":9,"29":6,"30":6,"10":13,"11":2,"12":9,"13":2,"14":11,"15":14,"16":14,"17":4,"18":14,"19":1,"1":6,"2":14,"3":4,"4":12,"5":6,"6":1,"7":1,"8":6,"9":5,"20":12,"21":6},"LAST COALITION":[[],[{"utility":84,"ID":15},{"utility":85,"ID":24}],[{"utility":44,"ID":2},{"utility":82,"ID":16}],[{"utility":47,"ID":7},{"utility":96,"ID":18}],[{"utility":94,"ID":12},{"utility":86,"ID":22}],[{"utility":56,"ID":19},{"utility":92,"ID":27}],[{"utility":84,"ID":1},{"utility":85,"ID":30}],[{"utility":84,"ID":20},{"utility":49,"ID":29}],[{"utility":99,"ID":14},{"utility":76,"ID":25}],[{"utility":96,"ID":8},{"utility":90,"ID":9}],[{"utility":56,"ID":3},{"utility":89,"ID":21}],[{"utility":63,"ID":10},{"utility":58,"ID":17}],[],[{"utility":43,"ID":4},{"utility":80,"ID":6}],[{"utility":79,"ID":11},{"utility":89,"ID":28}],[],[],[{"utility":62,"ID":5},{"utility":67,"ID":13}],[{"utility":94,"ID":23},{"utility":98,"ID":26}],[],[],[],[],[],[],[],[],[],[],[],[]],"STARTING COALITION: ":[[null],[{"utility":24.333333333333332,"ID":6},{"utility":61.666666666666664,"ID":7},{"utility":20.666666666666668,"ID":19},{"utility":24.666666666666668,"ID":26}],[{"utility":22,"ID":11},{"utility":0,"ID":13}],[],[{"utility":0,"ID":3},{"utility":17,"ID":17}],[{"utility":0,"ID":9}],[{"utility":34.2,"ID":1},{"utility":37.2,"ID":5},{"utility":27.2,"ID":8},{"utility":34.4,"ID":21},{"utility":19.8,"ID":29},{"utility":61.4,"ID":30}],[{"utility":0,"ID":22}],[],[{"utility":73,"ID":12},{"utility":80,"ID":28}],[{"utility":0,"ID":27}],[{"utility":32,"ID":14},{"utility":74,"ID":23}],[{"utility":22,"ID":4},{"utility":21.5,"ID":20},{"utility":41,"ID":24}],[{"utility":0,"ID":10}],[{"utility":46,"ID":2},{"utility":31.666666666666668,"ID":15},{"utility":38,"ID":16},{"utility":15,"ID":18}],[{"utility":0,"ID":25}],[],[],[],[],[],[],[],[],[],[],[],[],[],[],[]],"CORE :":true,"Relazioni :":570,"Time : ":0.2,"LAST PARTITION":{"22":4,"23":18,"24":1,"25":8,"26":18,"27":5,"28":14,"29":7,"30":6,"10":11,"11":14,"12":4,"13":17,"14":8,"15":1,"16":2,"17":11,"18":3,"19":5,"1":6,"2":2,"3":10,"4":13,"5":17,"6":13,"7":3,"8":9,"9":9,"20":7,"21":10}},{"Modalità dinamica :":true,"Q : ":9,"STARTING PARTITION: ":{"22":7,"23":11,"24":12,"25":15,"26":1,"27":10,"28":9,"29":6,"30":6,"10":13,"11":2,"12":9,"13":2,"14":11,"15":14,"16":14,"17":4,"18":14,"19":1,"1":6,"2":14,"3":4,"4":12,"5":6,"6":1,"7":1,"8":6,"9":5,"20":12,"21":6},"LAST COALITION":[[],[{"utility":73,"ID":12},{"utility":80,"ID":28}],[{"utility":0,"ID":1}],[{"utility":93,"ID":10},{"utility":33,"ID":29}],[{"utility":57,"ID":25},{"utility":97,"ID":30}],[{"utility":77,"ID":2},{"utility":0,"ID":20}],[{"utility":96,"ID":8},{"utility":90,"ID":9}],[],[{"utility":56,"ID":19},{"utility":92,"ID":27}],[{"utility":47,"ID":7},{"utility":96,"ID":18}],[{"utility":21,"ID":6},{"utility":95,"ID":17}],[{"utility":94,"ID":23},{"utility":98,"ID":26}],[{"utility":0,"ID":3}],[{"utility":0,"ID":14}],[{"utility":90,"ID":11},{"utility":84,"ID":21}],[{"utility":84,"ID":15},{"utility":85,"ID":24}],[{"utility":82,"ID":16},{"utility":40,"ID":22}],[],[{"utility":0,"ID":4},{"utility":17,"ID":5}],[{"utility":0,"ID":13}],[],[],[],[],[],[],[],[],[],[],[]],"STARTING COALITION: ":[[null],[{"utility":24.333333333333332,"ID":6},{"utility":61.666666666666664,"ID":7},{"utility":20.666666666666668,"ID":19},{"utility":24.666666666666668,"ID":26}],[{"utility":22,"ID":11},{"utility":0,"ID":13}],[],[{"utility":0,"ID":3},{"utility":17,"ID":17}],[{"utility":0,"ID":9}],[{"utility":34.2,"ID":1},{"utility":37.2,"ID":5},{"utility":27.2,"ID":8},{"utility":34.4,"ID":21},{"utility":19.8,"ID":29},{"utility":61.4,"ID":30}],[{"utility":0,"ID":22}],[],[{"utility":73,"ID":12},{"utility":80,"ID":28}],[{"utility":0,"ID":27}],[{"utility":32,"ID":14},{"utility":74,"ID":23}],[{"utility":22,"ID":4},{"utility":21.5,"ID":20},{"utility":41,"ID":24}],[{"utility":0,"ID":10}],[{"utility":46,"ID":2},{"utility":31.666666666666668,"ID":15},{"utility":38,"ID":16},{"utility":15,"ID":18}],[{"utility":0,"ID":25}],[],[],[],[],[],[],[],[],[],[],[],[],[],[],[]],"CORE :":true,"Relazioni :":570,"Time : ":0.1,"LAST PARTITION":{"22":16,"23":11,"24":15,"25":4,"26":11,"27":8,"28":1,"29":3,"30":4,"10":3,"11":14,"12":1,"13":19,"14":13,"15":15,"16":16,"17":10,"18":9,"19":8,"1":2,"2":5,"3":12,"4":18,"5":18,"6":10,"7":9,"8":6,"9":6,"20":5,"21":14}},{"Modalità dinamica :":true,"Q : ":9,"STARTING PARTITION: ":{"22":7,"23":11,"24":12,"25":15,"26":1,"27":10,"28":9,"29":6,"30":6,"10":13,"11":2,"12":9,"13":2,"14":11,"15":14,"16":14,"17":4,"18":14,"19":1,"1":6,"2":14,"3":4,"4":12,"5":6,"6":1,"7":1,"8":6,"9":5,"20":12,"21":6},"LAST COALITION":[[],[{"utility":62,"ID":5},{"utility":67,"ID":13}],[{"utility":94,"ID":12},{"utility":86,"ID":22}],[{"utility":47,"ID":7},{"utility":96,"ID":18}],[{"utility":84,"ID":20},{"utility":49,"ID":29}],[{"utility":84,"ID":15},{"utility":85,"ID":24}],[{"utility":94,"ID":23},{"utility":98,"ID":26}],[{"utility":99,"ID":14},{"utility":76,"ID":25}],[{"utility":43,"ID":4},{"utility":80,"ID":6}],[],[{"utility":56,"ID":19},{"utility":92,"ID":27}],[{"utility":96,"ID":8},{"utility":90,"ID":9}],[{"utility":79,"ID":11},{"utility":89,"ID":28}],[{"utility":44,"ID":2},{"utility":82,"ID":16}],[],[{"utility":56,"ID":3},{"utility":89,"ID":21}],[{"utility":63,"ID":10},{"utility":58,"ID":17}],[],[{"utility":84,"ID":1},{"utility":85,"ID":30}],[],[],[],[],[],[],[],[],[],[],[],[]],"STARTING COALITION: ":[[null],[{"utility":24.333333333333332,"ID":6},{"utility":61.666666666666664,"ID":7},{"utility":20.666666666666668,"ID":19},{"utility":24.666666666666668,"ID":26}],[{"utility":22,"ID":11},{"utility":0,"ID":13}],[],[{"utility":0,"ID":3},{"utility":17,"ID":17}],[{"utility":0,"ID":9}],[{"utility":34.2,"ID":1},{"utility":37.2,"ID":5},{"utility":27.2,"ID":8},{"utility":34.4,"ID":21},{"utility":19.8,"ID":29},{"utility":61.4,"ID":30}],[{"utility":0,"ID":22}],[],[{"utility":73,"ID":12},{"utility":80,"ID":28}],[{"utility":0,"ID":27}],[{"utility":32,"ID":14},{"utility":74,"ID":23}],[{"utility":22,"ID":4},{"utility":21.5,"ID":20},{"utility":41,"ID":24}],[{"utility":0,"ID":10}],[{"utility":46,"ID":2},{"utility":31.666666666666668,"ID":15},{"utility":38,"ID":16},{"utility":15,"ID":18}],[{"utility":0,"ID":25}],[],[],[],[],[],[],[],[],[],[],[],[],[],[],[]],"CORE :":true,"Relazioni :":570,"Time : ":0.2,"LAST PARTITION":{"22":2,"23":6,"24":5,"25":7,"26":6,"27":10,"28":12,"29":4,"30":18,"10":16,"11":12,"12":2,"13":1,"14":7,"15":5,"16":13,"17":16,"18":3,"19":10,"1":18,"2":13,"3":15,"4":8,"5":1,"6":8,"7":3,"8":11,"9":11,"20":4,"21":15}},{"Modalità dinamica :":true,"Q : ":10,"STARTING PARTITION: ":{"22":7,"23":11,"24":12,"25":15,"26":1,"27":10,"28":9,"29":6,"30":6,"10":13,"11":2,"12":9,"13":2,"14":11,"15":14,"16":14,"17":4,"18":14,"19":1,"1":6,"2":14,"3":4,"4":12,"5":6,"6":1,"7":1,"8":6,"9":5,"20":12,"21":6},"LAST COALITION":[[],[{"utility":56,"ID":19},{"utility":92,"ID":27}],[{"utility":84,"ID":1},{"utility":85,"ID":30}],[{"utility":47,"ID":7},{"utility":96,"ID":18}],[],[{"utility":43,"ID":4},{"utility":80,"ID":6}],[{"utility":79,"ID":11},{"utility":89,"ID":28}],[{"utility":99,"ID":14},{"utility":76,"ID":25}],[],[{"utility":63,"ID":10},{"utility":58,"ID":17}],[{"utility":94,"ID":23},{"utility":98,"ID":26}],[{"utility":84,"ID":15},{"utility":85,"ID":24}],[{"utility":96,"ID":8},{"utility":90,"ID":9}],[{"utility":44,"ID":2},{"utility":82,"ID":16}],[{"utility":94,"ID":12},{"utility":86,"ID":22}],[{"utility":62,"ID":5},{"utility":67,"ID":13}],[{"utility":56,"ID":3},{"utility":89,"ID":21}],[{"utility":84,"ID":20},{"utility":49,"ID":29}],[],[],[],[],[],[],[],[],[],[],[],[],[]],"STARTING COALITION: ":[[null],[{"utility":24.333333333333332,"ID":6},{"utility":61.666666666666664,"ID":7},{"utility":20.666666666666668,"ID":19},{"utility":24.666666666666668,"ID":26}],[{"utility":22,"ID":11},{"utility":0,"ID":13}],[],[{"utility":0,"ID":3},{"utility":17,"ID":17}],[{"utility":0,"ID":9}],[{"utility":34.2,"ID":1},{"utility":37.2,"ID":5},{"utility":27.2,"ID":8},{"utility":34.4,"ID":21},{"utility":19.8,"ID":29},{"utility":61.4,"ID":30}],[{"utility":0,"ID":22}],[],[{"utility":73,"ID":12},{"utility":80,"ID":28}],[{"utility":0,"ID":27}],[{"utility":32,"ID":14},{"utility":74,"ID":23}],[{"utility":22,"ID":4},{"utility":21.5,"ID":20},{"utility":41,"ID":24}],[{"utility":0,"ID":10}],[{"utility":46,"ID":2},{"utility":31.666666666666668,"ID":15},{"utility":38,"ID":16},{"utility":15,"ID":18}],[{"utility":0,"ID":25}],[],[],[],[],[],[],[],[],[],[],[],[],[],[],[]],"CORE :":true,"Relazioni :":570,"Time : ":0.1,"LAST PARTITION":{"22":14,"23":10,"24":11,"25":7,"26":10,"27":1,"28":6,"29":17,"30":2,"10":9,"11":6,"12":14,"13":15,"14":7,"15":11,"16":13,"17":9,"18":3,"19":1,"1":2,"2":13,"3":16,"4":5,"5":15,"6":5,"7":3,"8":12,"9":12,"20":17,"21":16}},{"Modalità dinamica :":true,"Q : ":10,"STARTING PARTITION: ":{"22":7,"23":11,"24":12,"25":15,"26":1,"27":10,"28":9,"29":6,"30":6,"10":13,"11":2,"12":9,"13":2,"14":11,"15":14,"16":14,"17":4,"18":14,"19":1,"1":6,"2":14,"3":4,"4":12,"5":6,"6":1,"7":1,"8":6,"9":5,"20":12,"21":6},"LAST COALITION":[[],[{"utility":45,"ID":14},{"utility":72,"ID":29}],[{"utility":56,"ID":19},{"utility":92,"ID":27}],[{"utility":0,"ID":17}],[{"utility":44,"ID":2},{"utility":82,"ID":16}],[],[{"utility":0,"ID":13}],[{"utility":94,"ID":12},{"utility":86,"ID":22}],[{"utility":9,"ID":10},{"utility":94,"ID":25}],[{"utility":84,"ID":1},{"utility":85,"ID":30}],[{"utility":83,"ID":6},{"utility":6,"ID":20}],[{"utility":79,"ID":11},{"utility":89,"ID":28}],[{"utility":62,"ID":4},{"utility":42,"ID":15},{"utility":83.5,"ID":24}],[{"utility":56,"ID":3},{"utility":89,"ID":21}],[{"utility":47,"ID":7},{"utility":96,"ID":18}],[{"utility":96,"ID":8},{"utility":90,"ID":9}],[],[{"utility":0,"ID":5}],[],[],[{"utility":94,"ID":23},{"utility":98,"ID":26}],[],[],[],[],[],[],[],[],[],[]],"STARTING COALITION: ":[[null],[{"utility":24.333333333333332,"ID":6},{"utility":61.666666666666664,"ID":7},{"utility":20.666666666666668,"ID":19},{"utility":24.666666666666668,"ID":26}],[{"utility":22,"ID":11},{"utility":0,"ID":13}],[],[{"utility":0,"ID":3},{"utility":17,"ID":17}],[{"utility":0,"ID":9}],[{"utility":34.2,"ID":1},{"utility":37.2,"ID":5},{"utility":27.2,"ID":8},{"utility":34.4,"ID":21},{"utility":19.8,"ID":29},{"utility":61.4,"ID":30}],[{"utility":0,"ID":22}],[],[{"utility":73,"ID":12},{"utility":80,"ID":28}],[{"utility":0,"ID":27}],[{"utility":32,"ID":14},{"utility":74,"ID":23}],[{"utility":22,"ID":4},{"utility":21.5,"ID":20},{"utility":41,"ID":24}],[{"utility":0,"ID":10}],[{"utility":46,"ID":2},{"utility":31.666666666666668,"ID":15},{"utility":38,"ID":16},{"utility":15,"ID":18}],[{"utility":0,"ID":25}],[],[],[],[],[],[],[],[],[],[],[],[],[],[],[]],"CORE :":true,"Relazioni :":570,"Time : ":0.2,"LAST PARTITION":{"22":7,"23":20,"24":12,"25":8,"26":20,"27":2,"28":11,"29":1,"30":9,"10":8,"11":11,"12":7,"13":6,"14":1,"15":12,"16":4,"17":3,"18":14,"19":2,"1":9,"2":4,"3":13,"4":12,"5":17,"6":10,"7":14,"8":15,"9":15,"20":10,"21":13}},{"END OF FILE:" : true}]