[{"Modalità dinamica :":false,"Q : ":2,"STARTING PARTITION: ":{"22":13,"23":9,"24":6,"25":6,"26":7,"27":5,"28":2,"29":9,"30":5,"10":14,"11":11,"12":4,"13":7,"14":1,"15":3,"16":5,"17":6,"18":7,"19":7,"1":12,"2":14,"3":1,"4":13,"5":12,"6":14,"7":14,"8":5,"9":14,"20":14,"21":4},"LAST COALITION":[[],[{"utility":99,"ID":3},{"utility":45,"ID":12}],[{"utility":0,"ID":28}],[],[{"utility":98,"ID":5},{"utility":12,"ID":8}],[{"utility":77.5,"ID":16},{"utility":36.5,"ID":27},{"utility":45.5,"ID":30}],[{"utility":1.5,"ID":17},{"utility":55,"ID":24},{"utility":42.5,"ID":25}],[{"utility":48.666666666666664,"ID":13},{"utility":54.333333333333336,"ID":18},{"utility":32,"ID":19},{"utility":49.333333333333336,"ID":26}],[{"utility":96,"ID":2},{"utility":92,"ID":7}],[{"utility":31,"ID":23},{"utility":68,"ID":29}],[{"utility":0,"ID":6}],[{"utility":0,"ID":11}],[{"utility":0,"ID":1}],[{"utility":0,"ID":22}],[{"utility":31,"ID":9},{"utility":4,"ID":20}],[{"utility":0,"ID":10}],[{"utility":0,"ID":15}],[{"utility":97,"ID":4},{"utility":57,"ID":21}],[{"utility":0,"ID":14}],[],[],[],[],[],[],[],[],[],[],[],[]],"STARTING COALITION: ":[[null],[{"utility":25,"ID":3},{"utility":4,"ID":14}],[{"utility":0,"ID":28}],[{"utility":0,"ID":15}],[{"utility":77,"ID":12},{"utility":56,"ID":21}],[{"utility":80.33333333333333,"ID":8},{"utility":59.333333333333336,"ID":16},{"utility":47.333333333333336,"ID":27},{"utility":30.333333333333332,"ID":30}],[{"utility":1.5,"ID":17},{"utility":55,"ID":24},{"utility":42.5,"ID":25}],[{"utility":48.666666666666664,"ID":13},{"utility":54.333333333333336,"ID":18},{"utility":32,"ID":19},{"utility":49.333333333333336,"ID":26}],[],[{"utility":31,"ID":23},{"utility":68,"ID":29}],[],[{"utility":0,"ID":11}],[{"utility":91,"ID":1},{"utility":77,"ID":5}],[{"utility":43,"ID":4},{"utility":73,"ID":22}],[{"utility":67.8,"ID":2},{"utility":51,"ID":6},{"utility":75.6,"ID":7},{"utility":42.8,"ID":9},{"utility":55.2,"ID":10},{"utility":40.4,"ID":20}],[],[],[],[],[],[],[],[],[],[],[],[],[],[],[],[]],"CORE :":false,"Relazioni :":770,"Time : ":0.2,"LAST PARTITION":{"22":13,"23":9,"24":6,"25":6,"26":7,"27":5,"28":2,"29":9,"30":5,"10":15,"11":11,"12":1,"13":7,"14":18,"15":16,"16":5,"17":6,"18":7,"19":7,"1":12,"2":8,"3":1,"4":17,"5":4,"6":10,"7":8,"8":4,"9":14,"20":14,"21":17}},{"Modalità dinamica :":false,"Q : ":2,"STARTING PARTITION: ":{"22":13,"23":9,"24":6,"25":6,"26":7,"27":5,"28":2,"29":9,"30":5,"10":14,"11":11,"12":4,"13":7,"14":1,"15":3,"16":5,"17":6,"18":7,"19":7,"1":12,"2":14,"3":1,"4":13,"5":12,"6":14,"7":14,"8":5,"9":14,"20":14,"21":4},"LAST COALITION":[[],[{"utility":99,"ID":3},{"utility":45,"ID":12}],[{"utility":0,"ID":28}],[{"utility":67,"ID":1},{"utility":51,"ID":6}],[{"utility":98,"ID":5},{"utility":12,"ID":8}],[{"utility":77.5,"ID":16},{"utility":36.5,"ID":27},{"utility":45.5,"ID":30}],[{"utility":1.5,"ID":17},{"utility":55,"ID":24},{"utility":42.5,"ID":25}],[{"utility":48.666666666666664,"ID":13},{"utility":54.333333333333336,"ID":18},{"utility":32,"ID":19},{"utility":49.333333333333336,"ID":26}],[{"utility":96,"ID":2},{"utility":92,"ID":7}],[{"utility":31,"ID":23},{"utility":68,"ID":29}],[],[{"utility":0,"ID":11}],[],[{"utility":0,"ID":22}],[{"utility":31,"ID":9},{"utility":4,"ID":20}],[{"utility":0,"ID":10}],[{"utility":0,"ID":15}],[{"utility":97,"ID":4},{"utility":57,"ID":21}],[{"utility":0,"ID":14}],[],[],[],[],[],[],[],[],[],[],[],[]],"STARTING COALITION: ":[[null],[{"utility":25,"ID":3},{"utility":4,"ID":14}],[{"utility":0,"ID":28}],[{"utility":0,"ID":15}],[{"utility":77,"ID":12},{"utility":56,"ID":21}],[{"utility":80.33333333333333,"ID":8},{"utility":59.333333333333336,"ID":16},{"utility":47.333333333333336,"ID":27},{"utility":30.333333333333332,"ID":30}],[{"utility":1.5,"ID":17},{"utility":55,"ID":24},{"utility":42.5,"ID":25}],[{"utility":48.666666666666664,"ID":13},{"utility":54.333333333333336,"ID":18},{"utility":32,"ID":19},{"utility":49.333333333333336,"ID":26}],[],[{"utility":31,"ID":23},{"utility":68,"ID":29}],[],[{"utility":0,"ID":11}],[{"utility":91,"ID":1},{"utility":77,"ID":5}],[{"utility":43,"ID":4},{"utility":73,"ID":22}],[{"utility":67.8,"ID":2},{"utility":51,"ID":6},{"utility":75.6,"ID":7},{"utility":42.8,"ID":9},{"utility":55.2,"ID":10},{"utility":40.4,"ID":20}],[],[],[],[],[],[],[],[],[],[],[],[],[],[],[],[]],"CORE :":false,"Relazioni :":770,"Time : ":0.4,"LAST PARTITION":{"22":13,"23":9,"24":6,"25":6,"26":7,"27":5,"28":2,"29":9,"30":5,"10":15,"11":11,"12":1,"13":7,"14":18,"15":16,"16":5,"17":6,"18":7,"19":7,"1":3,"2":8,"3":1,"4":17,"5":4,"6":3,"7":8,"8":4,"9":14,"20":14,"21":17}},{"Modalità dinamica :":false,"Q : ":3,"STARTING PARTITION: ":{"22":13,"23":9,"24":6,"25":6,"26":7,"27":5,"28":2,"29":9,"30":5,"10":14,"11":11,"12":4,"13":7,"14":1,"15":3,"16":5,"17":6,"18":7,"19":7,"1":12,"2":14,"3":1,"4":13,"5":12,"6":14,"7":14,"8":5,"9":14,"20":14,"21":4},"LAST COALITION":[[],[{"utility":99,"ID":3},{"utility":45,"ID":12}],[{"utility":0,"ID":28}],[],[{"utility":98,"ID":5},{"utility":12,"ID":8}],[{"utility":77.5,"ID":16},{"utility":36.5,"ID":27},{"utility":45.5,"ID":30}],[{"utility":1.5,"ID":17},{"utility":55,"ID":24},{"utility":42.5,"ID":25}],[{"utility":48.666666666666664,"ID":13},{"utility":54.333333333333336,"ID":18},{"utility":32,"ID":19},{"utility":49.333333333333336,"ID":26}],[{"utility":96,"ID":2},{"utility":92,"ID":7}],[{"utility":31,"ID":23},{"utility":68,"ID":29}],[{"utility":67,"ID":1},{"utility":51,"ID":6}],[{"utility":0,"ID":11}],[],[{"utility":0,"ID":22}],[{"utility":31,"ID":9},{"utility":4,"ID":20}],[{"utility":0,"ID":10}],[{"utility":0,"ID":15}],[{"utility":97,"ID":4},{"utility":57,"ID":21}],[{"utility":0,"ID":14}],[],[],[],[],[],[],[],[],[],[],[],[]],"STARTING COALITION: ":[[null],[{"utility":25,"ID":3},{"utility":4,"ID":14}],[{"utility":0,"ID":28}],[{"utility":0,"ID":15}],[{"utility":77,"ID":12},{"utility":56,"ID":21}],[{"utility":80.33333333333333,"ID":8},{"utility":59.333333333333336,"ID":16},{"utility":47.333333333333336,"ID":27},{"utility":30.333333333333332,"ID":30}],[{"utility":1.5,"ID":17},{"utility":55,"ID":24},{"utility":42.5,"ID":25}],[{"utility":48.666666666666664,"ID":13},{"utility":54.333333333333336,"ID":18},{"utility":32,"ID":19},{"utility":49.333333333333336,"ID":26}],[],[{"utility":31,"ID":23},{"utility":68,"ID":29}],[],[{"utility":0,"ID":11}],[{"utility":91,"ID":1},{"utility":77,"ID":5}],[{"utility":43,"ID":4},{"utility":73,"ID":22}],[{"utility":67.8,"ID":2},{"utility":51,"ID":6},{"utility":75.6,"ID":7},{"utility":42.8,"ID":9},{"utility":55.2,"ID":10},{"utility":40.4,"ID":20}],[],[],[],[],[],[],[],[],[],[],[],[],[],[],[],[]],"CORE :":false,"Relazioni :":770,"Time : ":0.2,"LAST PARTITION":{"22":13,"23":9,"24":6,"25":6,"26":7,"27":5,"28":2,"29":9,"30":5,"10":15,"11":11,"12":1,"13":7,"14":18,"15":16,"16":5,"17":6,"18":7,"19":7,"1":10,"2":8,"3":1,"4":17,"5":4,"6":10,"7":8,"8":4,"9":14,"20":14,"21":17}},{"Modalità dinamica :":false,"Q : ":3,"STARTING PARTITION: ":{"22":13,"23":9,"24":6,"25":6,"26":7,"27":5,"28":2,"29":9,"30":5,"10":14,"11":11,"12":4,"13":7,"14":1,"15":3,"16":5,"17":6,"18":7,"19":7,"1":12,"2":14,"3":1,"4":13,"5":12,"6":14,"7":14,"8":5,"9":14,"20":14,"21":4},"LAST COALITION":[[],[{"utility":99,"ID":3},{"utility":45,"ID":12}],[{"utility":0,"ID":28}],[{"utility":0,"ID":8}],[],[{"utility":77.5,"ID":16},{"utility":36.5,"ID":27},{"utility":45.5,"ID":30}],[{"utility":1.5,"ID":17},{"utility":55,"ID":24},{"utility":42.5,"ID":25}],[{"utility":48.666666666666664,"ID":13},{"utility":54.333333333333336,"ID":18},{"utility":32,"ID":19},{"utility":49.333333333333336,"ID":26}],[{"utility":96,"ID":2},{"utility":92,"ID":7}],[{"utility":31,"ID":23},{"utility":68,"ID":29}],[{"utility":0,"ID":6}],[{"utility":0,"ID":11}],[{"utility":91,"ID":1},{"utility":77,"ID":5}],[{"utility":0,"ID":22}],[{"utility":31,"ID":9},{"utility":4,"ID":20}],[{"utility":0,"ID":10}],[{"utility":0,"ID":15}],[{"utility":97,"ID":4},{"utility":57,"ID":21}],[{"utility":0,"ID":14}],[],[],[],[],[],[],[],[],[],[],[],[]],"STARTING COALITION: ":[[null],[{"utility":25,"ID":3},{"utility":4,"ID":14}],[{"utility":0,"ID":28}],[{"utility":0,"ID":15}],[{"utility":77,"ID":12},{"utility":56,"ID":21}],[{"utility":80.33333333333333,"ID":8},{"utility":59.333333333333336,"ID":16},{"utility":47.333333333333336,"ID":27},{"utility":30.333333333333332,"ID":30}],[{"utility":1.5,"ID":17},{"utility":55,"ID":24},{"utility":42.5,"ID":25}],[{"utility":48.666666666666664,"ID":13},{"utility":54.333333333333336,"ID":18},{"utility":32,"ID":19},{"utility":49.333333333333336,"ID":26}],[],[{"utility":31,"ID":23},{"utility":68,"ID":29}],[],[{"utility":0,"ID":11}],[{"utility":91,"ID":1},{"utility":77,"ID":5}],[{"utility":43,"ID":4},{"utility":73,"ID":22}],[{"utility":67.8,"ID":2},{"utility":51,"ID":6},{"utility":75.6,"ID":7},{"utility":42.8,"ID":9},{"utility":55.2,"ID":10},{"utility":40.4,"ID":20}],[],[],[],[],[],[],[],[],[],[],[],[],[],[],[],[]],"CORE :":false,"Relazioni :":770,"Time : ":0.4,"LAST PARTITION":{"22":13,"23":9,"24":6,"25":6,"26":7,"27":5,"28":2,"29":9,"30":5,"10":15,"11":11,"12":1,"13":7,"14":18,"15":16,"16":5,"17":6,"18":7,"19":7,"1":12,"2":8,"3":1,"4":17,"5":12,"6":10,"7":8,"8":3,"9":14,"20":14,"21":17}},{"Modalità dinamica :":false,"Q : ":4,"STARTING PARTITION: ":{"22":13,"23":9,"24":6,"25":6,"26":7,"27":5,"28":2,"29":9,"30":5,"10":14,"11":11,"12":4,"13":7,"14":1,"15":3,"16":5,"17":6,"18":7,"19":7,"1":12,"2":14,"3":1,"4":13,"5":12,"6":14,"7":14,"8":5,"9":14,"20":14,"21":4},"LAST COALITION":[[],[{"utility":99,"ID":3},{"utility":45,"ID":12}],[{"utility":0,"ID":28}],[],[{"utility":98,"ID":5},{"utility":12,"ID":8}],[{"utility":77.5,"ID":16},{"utility":36.5,"ID":27},{"utility":45.5,"ID":30}],[{"utility":1.5,"ID":17},{"utility":55,"ID":24},{"utility":42.5,"ID":25}],[{"utility":48.666666666666664,"ID":13},{"utility":54.333333333333336,"ID":18},{"utility":32,"ID":19},{"utility":49.333333333333336,"ID":26}],[{"utility":96,"ID":2},{"utility":92,"ID":7}],[{"utility":31,"ID":23},{"utility":68,"ID":29}],[{"utility":0,"ID":6}],[{"utility":0,"ID":11}],[{"utility":0,"ID":1}],[{"utility":0,"ID":22}],[{"utility":31,"ID":9},{"utility":4,"ID":20}],[{"utility":0,"ID":10}],[{"utility":0,"ID":15}],[{"utility":97,"ID":4},{"utility":57,"ID":21}],[{"utility":0,"ID":14}],[],[],[],[],[],[],[],[],[],[],[],[]],"STARTING COALITION: ":[[null],[{"utility":25,"ID":3},{"utility":4,"ID":14}],[{"utility":0,"ID":28}],[{"utility":0,"ID":15}],[{"utility":77,"ID":12},{"utility":56,"ID":21}],[{"utility":80.33333333333333,"ID":8},{"utility":59.333333333333336,"ID":16},{"utility":47.333333333333336,"ID":27},{"utility":30.333333333333332,"ID":30}],[{"utility":1.5,"ID":17},{"utility":55,"ID":24},{"utility":42.5,"ID":25}],[{"utility":48.666666666666664,"ID":13},{"utility":54.333333333333336,"ID":18},{"utility":32,"ID":19},{"utility":49.333333333333336,"ID":26}],[],[{"utility":31,"ID":23},{"utility":68,"ID":29}],[],[{"utility":0,"ID":11}],[{"utility":91,"ID":1},{"utility":77,"ID":5}],[{"utility":43,"ID":4},{"utility":73,"ID":22}],[{"utility":67.8,"ID":2},{"utility":51,"ID":6},{"utility":75.6,"ID":7},{"utility":42.8,"ID":9},{"utility":55.2,"ID":10},{"utility":40.4,"ID":20}],[],[],[],[],[],[],[],[],[],[],[],[],[],[],[],[]],"CORE :":false,"Relazioni :":770,"Time : ":0.2,"LAST PARTITION":{"22":13,"23":9,"24":6,"25":6,"26":7,"27":5,"28":2,"29":9,"30":5,"10":15,"11":11,"12":1,"13":7,"14":18,"15":16,"16":5,"17":6,"18":7,"19":7,"1":12,"2":8,"3":1,"4":17,"5":4,"6":10,"7":8,"8":4,"9":14,"20":14,"21":17}},{"Modalità dinamica :":false,"Q : ":4,"STARTING PARTITION: ":{"22":13,"23":9,"24":6,"25":6,"26":7,"27":5,"28":2,"29":9,"30":5,"10":14,"11":11,"12":4,"13":7,"14":1,"15":3,"16":5,"17":6,"18":7,"19":7,"1":12,"2":14,"3":1,"4":13,"5":12,"6":14,"7":14,"8":5,"9":14,"20":14,"21":4},"LAST COALITION":[[],[{"utility":99,"ID":3},{"utility":45,"ID":12}],[{"utility":0,"ID":28}],[],[{"utility":98,"ID":5},{"utility":12,"ID":8}],[{"utility":77.5,"ID":16},{"utility":36.5,"ID":27},{"utility":45.5,"ID":30}],[{"utility":1.5,"ID":17},{"utility":55,"ID":24},{"utility":42.5,"ID":25}],[{"utility":48.666666666666664,"ID":13},{"utility":54.333333333333336,"ID":18},{"utility":32,"ID":19},{"utility":49.333333333333336,"ID":26}],[{"utility":96,"ID":2},{"utility":92,"ID":7}],[{"utility":31,"ID":23},{"utility":68,"ID":29}],[{"utility":0,"ID":6}],[{"utility":0,"ID":11}],[{"utility":0,"ID":1}],[{"utility":0,"ID":22}],[{"utility":31,"ID":9},{"utility":4,"ID":20}],[{"utility":0,"ID":10}],[{"utility":0,"ID":15}],[{"utility":97,"ID":4},{"utility":57,"ID":21}],[{"utility":0,"ID":14}],[],[],[],[],[],[],[],[],[],[],[],[]],"STARTING COALITION: ":[[null],[{"utility":25,"ID":3},{"utility":4,"ID":14}],[{"utility":0,"ID":28}],[{"utility":0,"ID":15}],[{"utility":77,"ID":12},{"utility":56,"ID":21}],[{"utility":80.33333333333333,"ID":8},{"utility":59.333333333333336,"ID":16},{"utility":47.333333333333336,"ID":27},{"utility":30.333333333333332,"ID":30}],[{"utility":1.5,"ID":17},{"utility":55,"ID":24},{"utility":42.5,"ID":25}],[{"utility":48.666666666666664,"ID":13},{"utility":54.333333333333336,"ID":18},{"utility":32,"ID":19},{"utility":49.333333333333336,"ID":26}],[],[{"utility":31,"ID":23},{"utility":68,"ID":29}],[],[{"utility":0,"ID":11}],[{"utility":91,"ID":1},{"utility":77,"ID":5}],[{"utility":43,"ID":4},{"utility":73,"ID":22}],[{"utility":67.8,"ID":2},{"utility":51,"ID":6},{"utility":75.6,"ID":7},{"utility":42.8,"ID":9},{"utility":55.2,"ID":10},{"utility":40.4,"ID":20}],[],[],[],[],[],[],[],[],[],[],[],[],[],[],[],[]],"CORE :":false,"Relazioni :":770,"Time : ":0.4,"LAST PARTITION":{"22":13,"23":9,"24":6,"25":6,"26":7,"27":5,"28":2,"29":9,"30":5,"10":15,"11":11,"12":1,"13":7,"14":18,"15":16,"16":5,"17":6,"18":7,"19":7,"1":12,"2":8,"3":1,"4":17,"5":4,"6":10,"7":8,"8":4,"9":14,"20":14,"21":17}},{"Modalità dinamica :":false,"Q : ":5,"STARTING PARTITION: ":{"22":13,"23":9,"24":6,"25":6,"26":7,"27":5,"28":2,"29":9,"30":5,"10":14,"11":11,"12":4,"13":7,"14":1,"15":3,"16":5,"17":6,"18":7,"19":7,"1":12,"2":14,"3":1,"4":13,"5":12,"6":14,"7":14,"8":5,"9":14,"20":14,"21":4},"LAST COALITION":[[],[{"utility":99,"ID":3},{"utility":45,"ID":12}],[{"utility":0,"ID":28}],[{"utility":0,"ID":6}],[{"utility":98,"ID":5},{"utility":12,"ID":8}],[{"utility":77.5,"ID":16},{"utility":36.5,"ID":27},{"utility":45.5,"ID":30}],[{"utility":1.5,"ID":17},{"utility":55,"ID":24},{"utility":42.5,"ID":25}],[{"utility":48.666666666666664,"ID":13},{"utility":54.333333333333336,"ID":18},{"utility":32,"ID":19},{"utility":49.333333333333336,"ID":26}],[{"utility":96,"ID":2},{"utility":92,"ID":7}],[{"utility":31,"ID":23},{"utility":68,"ID":29}],[],[{"utility":0,"ID":11}],[{"utility":0,"ID":1}],[{"utility":0,"ID":22}],[{"utility":31,"ID":9},{"utility":4,"ID":20}],[{"utility":0,"ID":10}],[{"utility":0,"ID":15}],[{"utility":97,"ID":4},{"utility":57,"ID":21}],[{"utility":0,"ID":14}],[],[],[],[],[],[],[],[],[],[],[],[]],"STARTING COALITION: ":[[null],[{"utility":25,"ID":3},{"utility":4,"ID":14}],[{"utility":0,"ID":28}],[{"utility":0,"ID":15}],[{"utility":77,"ID":12},{"utility":56,"ID":21}],[{"utility":80.33333333333333,"ID":8},{"utility":59.333333333333336,"ID":16},{"utility":47.333333333333336,"ID":27},{"utility":30.333333333333332,"ID":30}],[{"utility":1.5,"ID":17},{"utility":55,"ID":24},{"utility":42.5,"ID":25}],[{"utility":48.666666666666664,"ID":13},{"utility":54.333333333333336,"ID":18},{"utility":32,"ID":19},{"utility":49.333333333333336,"ID":26}],[],[{"utility":31,"ID":23},{"utility":68,"ID":29}],[],[{"utility":0,"ID":11}],[{"utility":91,"ID":1},{"utility":77,"ID":5}],[{"utility":43,"ID":4},{"utility":73,"ID":22}],[{"utility":67.8,"ID":2},{"utility":51,"ID":6},{"utility":75.6,"ID":7},{"utility":42.8,"ID":9},{"utility":55.2,"ID":10},{"utility":40.4,"ID":20}],[],[],[],[],[],[],[],[],[],[],[],[],[],[],[],[]],"CORE :":false,"Relazioni :":770,"Time : ":0.2,"LAST PARTITION":{"22":13,"23":9,"24":6,"25":6,"26":7,"27":5,"28":2,"29":9,"30":5,"10":15,"11":11,"12":1,"13":7,"14":18,"15":16,"16":5,"17":6,"18":7,"19":7,"1":12,"2":8,"3":1,"4":17,"5":4,"6":3,"7":8,"8":4,"9":14,"20":14,"21":17}},{"Modalità dinamica :":false,"Q : ":5,"STARTING PARTITION: ":{"22":13,"23":9,"24":6,"25":6,"26":7,"27":5,"28":2,"29":9,"30":5,"10":14,"11":11,"12":4,"13":7,"14":1,"15":3,"16":5,"17":6,"18":7,"19":7,"1":12,"2":14,"3":1,"4":13,"5":12,"6":14,"7":14,"8":5,"9":14,"20":14,"21":4},"LAST COALITION":[[],[{"utility":99,"ID":3},{"utility":45,"ID":12}],[{"utility":0,"ID":28}],[{"utility":67,"ID":1},{"utility":51,"ID":6}],[{"utility":98,"ID":5},{"utility":12,"ID":8}],[{"utility":77.5,"ID":16},{"utility":36.5,"ID":27},{"utility":45.5,"ID":30}],[{"utility":1.5,"ID":17},{"utility":55,"ID":24},{"utility":42.5,"ID":25}],[{"utility":48.666666666666664,"ID":13},{"utility":54.333333333333336,"ID":18},{"utility":32,"ID":19},{"utility":49.333333333333336,"ID":26}],[{"utility":96,"ID":2},{"utility":92,"ID":7}],[{"utility":31,"ID":23},{"utility":68,"ID":29}],[],[{"utility":0,"ID":11}],[],[{"utility":0,"ID":22}],[{"utility":31,"ID":9},{"utility":4,"ID":20}],[{"utility":0,"ID":10}],[{"utility":0,"ID":15}],[{"utility":97,"ID":4},{"utility":57,"ID":21}],[{"utility":0,"ID":14}],[],[],[],[],[],[],[],[],[],[],[],[]],"STARTING COALITION: ":[[null],[{"utility":25,"ID":3},{"utility":4,"ID":14}],[{"utility":0,"ID":28}],[{"utility":0,"ID":15}],[{"utility":77,"ID":12},{"utility":56,"ID":21}],[{"utility":80.33333333333333,"ID":8},{"utility":59.333333333333336,"ID":16},{"utility":47.333333333333336,"ID":27},{"utility":30.333333333333332,"ID":30}],[{"utility":1.5,"ID":17},{"utility":55,"ID":24},{"utility":42.5,"ID":25}],[{"utility":48.666666666666664,"ID":13},{"utility":54.333333333333336,"ID":18},{"utility":32,"ID":19},{"utility":49.333333333333336,"ID":26}],[],[{"utility":31,"ID":23},{"utility":68,"ID":29}],[],[{"utility":0,"ID":11}],[{"utility":91,"ID":1},{"utility":77,"ID":5}],[{"utility":43,"ID":4},{"utility":73,"ID":22}],[{"utility":67.8,"ID":2},{"utility":51,"ID":6},{"utility":75.6,"ID":7},{"utility":42.8,"ID":9},{"utility":55.2,"ID":10},{"utility":40.4,"ID":20}],[],[],[],[],[],[],[],[],[],[],[],[],[],[],[],[]],"CORE :":false,"Relazioni :":770,"Time : ":0.4,"LAST PARTITION":{"22":13,"23":9,"24":6,"25":6,"26":7,"27":5,"28":2,"29":9,"30":5,"10":15,"11":11,"12":1,"13":7,"14":18,"15":16,"16":5,"17":6,"18":7,"19":7,"1":3,"2":8,"3":1,"4":17,"5":4,"6":3,"7":8,"8":4,"9":14,"20":14,"21":17}},{"Modalità dinamica :":false,"Q : ":6,"STARTING PARTITION: ":{"22":13,"23":9,"24":6,"25":6,"26":7,"27":5,"28":2,"29":9,"30":5,"10":14,"11":11,"12":4,"13":7,"14":1,"15":3,"16":5,"17":6,"18":7,"19":7,"1":12,"2":14,"3":1,"4":13,"5":12,"6":14,"7":14,"8":5,"9":14,"20":14,"21":4},"LAST COALITION":[[],[{"utility":99,"ID":3},{"utility":45,"ID":12}],[{"utility":0,"ID":28}],[{"utility":0,"ID":6}],[{"utility":0,"ID":5}],[{"utility":77.5,"ID":16},{"utility":36.5,"ID":27},{"utility":45.5,"ID":30}],[{"utility":1.5,"ID":17},{"utility":55,"ID":24},{"utility":42.5,"ID":25}],[{"utility":48.666666666666664,"ID":13},{"utility":54.333333333333336,"ID":18},{"utility":32,"ID":19},{"utility":49.333333333333336,"ID":26}],[{"utility":96,"ID":2},{"utility":92,"ID":7}],[{"utility":31,"ID":23},{"utility":68,"ID":29}],[{"utility":75,"ID":1},{"utility":21,"ID":8}],[{"utility":0,"ID":11}],[],[{"utility":0,"ID":22}],[{"utility":31,"ID":9},{"utility":4,"ID":20}],[{"utility":0,"ID":10}],[{"utility":0,"ID":15}],[{"utility":97,"ID":4},{"utility":57,"ID":21}],[{"utility":0,"ID":14}],[],[],[],[],[],[],[],[],[],[],[],[]],"STARTING COALITION: ":[[null],[{"utility":25,"ID":3},{"utility":4,"ID":14}],[{"utility":0,"ID":28}],[{"utility":0,"ID":15}],[{"utility":77,"ID":12},{"utility":56,"ID":21}],[{"utility":80.33333333333333,"ID":8},{"utility":59.333333333333336,"ID":16},{"utility":47.333333333333336,"ID":27},{"utility":30.333333333333332,"ID":30}],[{"utility":1.5,"ID":17},{"utility":55,"ID":24},{"utility":42.5,"ID":25}],[{"utility":48.666666666666664,"ID":13},{"utility":54.333333333333336,"ID":18},{"utility":32,"ID":19},{"utility":49.333333333333336,"ID":26}],[],[{"utility":31,"ID":23},{"utility":68,"ID":29}],[],[{"utility":0,"ID":11}],[{"utility":91,"ID":1},{"utility":77,"ID":5}],[{"utility":43,"ID":4},{"utility":73,"ID":22}],[{"utility":67.8,"ID":2},{"utility":51,"ID":6},{"utility":75.6,"ID":7},{"utility":42.8,"ID":9},{"utility":55.2,"ID":10},{"utility":40.4,"ID":20}],[],[],[],[],[],[],[],[],[],[],[],[],[],[],[],[]],"CORE :":false,"Relazioni :":770,"Time : ":0.2,"LAST PARTITION":{"22":13,"23":9,"24":6,"25":6,"26":7,"27":5,"28":2,"29":9,"30":5,"10":15,"11":11,"12":1,"13":7,"14":18,"15":16,"16":5,"17":6,"18":7,"19":7,"1":10,"2":8,"3":1,"4":17,"5":4,"6":3,"7":8,"8":10,"9":14,"20":14,"21":17}},{"Modalità dinamica :":false,"Q : ":6,"STARTING PARTITION: ":{"22":13,"23":9,"24":6,"25":6,"26":7,"27":5,"28":2,"29":9,"30":5,"10":14,"11":11,"12":4,"13":7,"14":1,"15":3,"16":5,"17":6,"18":7,"19":7,"1":12,"2":14,"3":1,"4":13,"5":12,"6":14,"7":14,"8":5,"9":14,"20":14,"21":4},"LAST COALITION":[[],[{"utility":99,"ID":3},{"utility":45,"ID":12}],[{"utility":0,"ID":28}],[],[{"utility":98,"ID":5},{"utility":12,"ID":8}],[{"utility":77.5,"ID":16},{"utility":36.5,"ID":27},{"utility":45.5,"ID":30}],[{"utility":1.5,"ID":17},{"utility":55,"ID":24},{"utility":42.5,"ID":25}],[{"utility":48.666666666666664,"ID":13},{"utility":54.333333333333336,"ID":18},{"utility":32,"ID":19},{"utility":49.333333333333336,"ID":26}],[{"utility":96,"ID":2},{"utility":92,"ID":7}],[{"utility":31,"ID":23},{"utility":68,"ID":29}],[{"utility":0,"ID":6}],[{"utility":0,"ID":11}],[{"utility":0,"ID":1}],[{"utility":0,"ID":22}],[{"utility":31,"ID":9},{"utility":4,"ID":20}],[{"utility":0,"ID":10}],[{"utility":0,"ID":15}],[{"utility":97,"ID":4},{"utility":57,"ID":21}],[{"utility":0,"ID":14}],[],[],[],[],[],[],[],[],[],[],[],[]],"STARTING COALITION: ":[[null],[{"utility":25,"ID":3},{"utility":4,"ID":14}],[{"utility":0,"ID":28}],[{"utility":0,"ID":15}],[{"utility":77,"ID":12},{"utility":56,"ID":21}],[{"utility":80.33333333333333,"ID":8},{"utility":59.333333333333336,"ID":16},{"utility":47.333333333333336,"ID":27},{"utility":30.333333333333332,"ID":30}],[{"utility":1.5,"ID":17},{"utility":55,"ID":24},{"utility":42.5,"ID":25}],[{"utility":48.666666666666664,"ID":13},{"utility":54.333333333333336,"ID":18},{"utility":32,"ID":19},{"utility":49.333333333333336,"ID":26}],[],[{"utility":31,"ID":23},{"utility":68,"ID":29}],[],[{"utility":0,"ID":11}],[{"utility":91,"ID":1},{"utility":77,"ID":5}],[{"utility":43,"ID":4},{"utility":73,"ID":22}],[{"utility":67.8,"ID":2},{"utility":51,"ID":6},{"utility":75.6,"ID":7},{"utility":42.8,"ID":9},{"utility":55.2,"ID":10},{"utility":40.4,"ID":20}],[],[],[],[],[],[],[],[],[],[],[],[],[],[],[],[]],"CORE :":false,"Relazioni :":770,"Time : ":0.4,"LAST PARTITION":{"22":13,"23":9,"24":6,"25":6,"26":7,"27":5,"28":2,"29":9,"30":5,"10":15,"11":11,"12":1,"13":7,"14":18,"15":16,"16":5,"17":6,"18":7,"19":7,"1":12,"2":8,"3":1,"4":17,"5":4,"6":10,"7":8,"8":4,"9":14,"20":14,"21":17}},{"Modalità dinamica :":false,"Q : ":7,"STARTING PARTITION: ":{"22":13,"23":9,"24":6,"25":6,"26":7,"27":5,"28":2,"29":9,"30":5,"10":14,"11":11,"12":4,"13":7,"14":1,"15":3,"16":5,"17":6,"18":7,"19":7,"1":12,"2":14,"3":1,"4":13,"5":12,"6":14,"7":14,"8":5,"9":14,"20":14,"21":4},"LAST COALITION":[[],[{"utility":99,"ID":3},{"utility":45,"ID":12}],[{"utility":0,"ID":28}],[{"utility":0,"ID":6}],[],[{"utility":77.5,"ID":16},{"utility":36.5,"ID":27},{"utility":45.5,"ID":30}],[{"utility":1.5,"ID":17},{"utility":55,"ID":24},{"utility":42.5,"ID":25}],[{"utility":48.666666666666664,"ID":13},{"utility":54.333333333333336,"ID":18},{"utility":32,"ID":19},{"utility":49.333333333333336,"ID":26}],[{"utility":96,"ID":2},{"utility":92,"ID":7}],[{"utility":31,"ID":23},{"utility":68,"ID":29}],[{"utility":0,"ID":8}],[{"utility":0,"ID":11}],[{"utility":91,"ID":1},{"utility":77,"ID":5}],[{"utility":0,"ID":22}],[{"utility":31,"ID":9},{"utility":4,"ID":20}],[{"utility":0,"ID":10}],[{"utility":0,"ID":15}],[{"utility":97,"ID":4},{"utility":57,"ID":21}],[{"utility":0,"ID":14}],[],[],[],[],[],[],[],[],[],[],[],[]],"STARTING COALITION: ":[[null],[{"utility":25,"ID":3},{"utility":4,"ID":14}],[{"utility":0,"ID":28}],[{"utility":0,"ID":15}],[{"utility":77,"ID":12},{"utility":56,"ID":21}],[{"utility":80.33333333333333,"ID":8},{"utility":59.333333333333336,"ID":16},{"utility":47.333333333333336,"ID":27},{"utility":30.333333333333332,"ID":30}],[{"utility":1.5,"ID":17},{"utility":55,"ID":24},{"utility":42.5,"ID":25}],[{"utility":48.666666666666664,"ID":13},{"utility":54.333333333333336,"ID":18},{"utility":32,"ID":19},{"utility":49.333333333333336,"ID":26}],[],[{"utility":31,"ID":23},{"utility":68,"ID":29}],[],[{"utility":0,"ID":11}],[{"utility":91,"ID":1},{"utility":77,"ID":5}],[{"utility":43,"ID":4},{"utility":73,"ID":22}],[{"utility":67.8,"ID":2},{"utility":51,"ID":6},{"utility":75.6,"ID":7},{"utility":42.8,"ID":9},{"utility":55.2,"ID":10},{"utility":40.4,"ID":20}],[],[],[],[],[],[],[],[],[],[],[],[],[],[],[],[]],"CORE :":false,"Relazioni :":770,"Time : ":0.2,"LAST PARTITION":{"22":13,"23":9,"24":6,"25":6,"26":7,"27":5,"28":2,"29":9,"30":5,"10":15,"11":11,"12":1,"13":7,"14":18,"15":16,"16":5,"17":6,"18":7,"19":7,"1":12,"2":8,"3":1,"4":17,"5":12,"6":3,"7":8,"8":10,"9":14,"20":14,"21":17}},{"Modalità dinamica :":false,"Q : ":7,"STARTING PARTITION: ":{"22":13,"23":9,"24":6,"25":6,"26":7,"27":5,"28":2,"29":9,"30":5,"10":14,"11":11,"12":4,"13":7,"14":1,"15":3,"16":5,"17":6,"18":7,"19":7,"1":12,"2":14,"3":1,"4":13,"5":12,"6":14,"7":14,"8":5,"9":14,"20":14,"21":4},"LAST COALITION":[[],[{"utility":99,"ID":3},{"utility":45,"ID":12}],[{"utility":0,"ID":28}],[],[{"utility":98,"ID":5},{"utility":12,"ID":8}],[{"utility":77.5,"ID":16},{"utility":36.5,"ID":27},{"utility":45.5,"ID":30}],[{"utility":1.5,"ID":17},{"utility":55,"ID":24},{"utility":42.5,"ID":25}],[{"utility":48.666666666666664,"ID":13},{"utility":54.333333333333336,"ID":18},{"utility":32,"ID":19},{"utility":49.333333333333336,"ID":26}],[{"utility":96,"ID":2},{"utility":92,"ID":7}],[{"utility":31,"ID":23},{"utility":68,"ID":29}],[{"utility":0,"ID":6}],[{"utility":0,"ID":11}],[{"utility":0,"ID":1}],[{"utility":0,"ID":22}],[{"utility":31,"ID":9},{"utility":4,"ID":20}],[{"utility":0,"ID":10}],[{"utility":0,"ID":15}],[{"utility":97,"ID":4},{"utility":57,"ID":21}],[{"utility":0,"ID":14}],[],[],[],[],[],[],[],[],[],[],[],[]],"STARTING COALITION: ":[[null],[{"utility":25,"ID":3},{"utility":4,"ID":14}],[{"utility":0,"ID":28}],[{"utility":0,"ID":15}],[{"utility":77,"ID":12},{"utility":56,"ID":21}],[{"utility":80.33333333333333,"ID":8},{"utility":59.333333333333336,"ID":16},{"utility":47.333333333333336,"ID":27},{"utility":30.333333333333332,"ID":30}],[{"utility":1.5,"ID":17},{"utility":55,"ID":24},{"utility":42.5,"ID":25}],[{"utility":48.666666666666664,"ID":13},{"utility":54.333333333333336,"ID":18},{"utility":32,"ID":19},{"utility":49.333333333333336,"ID":26}],[],[{"utility":31,"ID":23},{"utility":68,"ID":29}],[],[{"utility":0,"ID":11}],[{"utility":91,"ID":1},{"utility":77,"ID":5}],[{"utility":43,"ID":4},{"utility":73,"ID":22}],[{"utility":67.8,"ID":2},{"utility":51,"ID":6},{"utility":75.6,"ID":7},{"utility":42.8,"ID":9},{"utility":55.2,"ID":10},{"utility":40.4,"ID":20}],[],[],[],[],[],[],[],[],[],[],[],[],[],[],[],[]],"CORE :":false,"Relazioni :":770,"Time : ":0.4,"LAST PARTITION":{"22":13,"23":9,"24":6,"25":6,"26":7,"27":5,"28":2,"29":9,"30":5,"10":15,"11":11,"12":1,"13":7,"14":18,"15":16,"16":5,"17":6,"18":7,"19":7,"1":12,"2":8,"3":1,"4":17,"5":4,"6":10,"7":8,"8":4,"9":14,"20":14,"21":17}},{"Modalità dinamica :":false,"Q : ":8,"STARTING PARTITION: ":{"22":13,"23":9,"24":6,"25":6,"26":7,"27":5,"28":2,"29":9,"30":5,"10":14,"11":11,"12":4,"13":7,"14":1,"15":3,"16":5,"17":6,"18":7,"19":7,"1":12,"2":14,"3":1,"4":13,"5":12,"6":14,"7":14,"8":5,"9":14,"20":14,"21":4},"LAST COALITION":[[],[{"utility":99,"ID":3},{"utility":45,"ID":12}],[{"utility":0,"ID":28}],[{"utility":0,"ID":6}],[{"utility":0,"ID":5}],[{"utility":77.5,"ID":16},{"utility":36.5,"ID":27},{"utility":45.5,"ID":30}],[{"utility":1.5,"ID":17},{"utility":55,"ID":24},{"utility":42.5,"ID":25}],[{"utility":48.666666666666664,"ID":13},{"utility":54.333333333333336,"ID":18},{"utility":32,"ID":19},{"utility":49.333333333333336,"ID":26}],[{"utility":96,"ID":2},{"utility":92,"ID":7}],[{"utility":31,"ID":23},{"utility":68,"ID":29}],[{"utility":75,"ID":1},{"utility":21,"ID":8}],[{"utility":0,"ID":11}],[],[{"utility":0,"ID":22}],[{"utility":31,"ID":9},{"utility":4,"ID":20}],[{"utility":0,"ID":10}],[{"utility":0,"ID":15}],[{"utility":97,"ID":4},{"utility":57,"ID":21}],[{"utility":0,"ID":14}],[],[],[],[],[],[],[],[],[],[],[],[]],"STARTING COALITION: ":[[null],[{"utility":25,"ID":3},{"utility":4,"ID":14}],[{"utility":0,"ID":28}],[{"utility":0,"ID":15}],[{"utility":77,"ID":12},{"utility":56,"ID":21}],[{"utility":80.33333333333333,"ID":8},{"utility":59.333333333333336,"ID":16},{"utility":47.333333333333336,"ID":27},{"utility":30.333333333333332,"ID":30}],[{"utility":1.5,"ID":17},{"utility":55,"ID":24},{"utility":42.5,"ID":25}],[{"utility":48.666666666666664,"ID":13},{"utility":54.333333333333336,"ID":18},{"utility":32,"ID":19},{"utility":49.333333333333336,"ID":26}],[],[{"utility":31,"ID":23},{"utility":68,"ID":29}],[],[{"utility":0,"ID":11}],[{"utility":91,"ID":1},{"utility":77,"ID":5}],[{"utility":43,"ID":4},{"utility":73,"ID":22}],[{"utility":67.8,"ID":2},{"utility":51,"ID":6},{"utility":75.6,"ID":7},{"utility":42.8,"ID":9},{"utility":55.2,"ID":10},{"utility":40.4,"ID":20}],[],[],[],[],[],[],[],[],[],[],[],[],[],[],[],[]],"CORE :":false,"Relazioni :":770,"Time : ":0.2,"LAST PARTITION":{"22":13,"23":9,"24":6,"25":6,"26":7,"27":5,"28":2,"29":9,"30":5,"10":15,"11":11,"12":1,"13":7,"14":18,"15":16,"16":5,"17":6,"18":7,"19":7,"1":10,"2":8,"3":1,"4":17,"5":4,"6":3,"7":8,"8":10,"9":14,"20":14,"21":17}},{"Modalità dinamica :":false,"Q : ":8,"STARTING PARTITION: ":{"22":13,"23":9,"24":6,"25":6,"26":7,"27":5,"28":2,"29":9,"30":5,"10":14,"11":11,"12":4,"13":7,"14":1,"15":3,"16":5,"17":6,"18":7,"19":7,"1":12,"2":14,"3":1,"4":13,"5":12,"6":14,"7":14,"8":5,"9":14,"20":14,"21":4},"LAST COALITION":[[],[{"utility":99,"ID":3},{"utility":45,"ID":12}],[{"utility":0,"ID":28}],[{"utility":0,"ID":6}],[],[{"utility":77.5,"ID":16},{"utility":36.5,"ID":27},{"utility":45.5,"ID":30}],[{"utility":1.5,"ID":17},{"utility":55,"ID":24},{"utility":42.5,"ID":25}],[{"utility":48.666666666666664,"ID":13},{"utility":54.333333333333336,"ID":18},{"utility":32,"ID":19},{"utility":49.333333333333336,"ID":26}],[{"utility":96,"ID":2},{"utility":92,"ID":7}],[{"utility":31,"ID":23},{"utility":68,"ID":29}],[{"utility":0,"ID":8}],[{"utility":0,"ID":11}],[{"utility":91,"ID":1},{"utility":77,"ID":5}],[{"utility":0,"ID":22}],[{"utility":31,"ID":9},{"utility":4,"ID":20}],[{"utility":0,"ID":10}],[{"utility":0,"ID":15}],[{"utility":97,"ID":4},{"utility":57,"ID":21}],[{"utility":0,"ID":14}],[],[],[],[],[],[],[],[],[],[],[],[]],"STARTING COALITION: ":[[null],[{"utility":25,"ID":3},{"utility":4,"ID":14}],[{"utility":0,"ID":28}],[{"utility":0,"ID":15}],[{"utility":77,"ID":12},{"utility":56,"ID":21}],[{"utility":80.33333333333333,"ID":8},{"utility":59.333333333333336,"ID":16},{"utility":47.333333333333336,"ID":27},{"utility":30.333333333333332,"ID":30}],[{"utility":1.5,"ID":17},{"utility":55,"ID":24},{"utility":42.5,"ID":25}],[{"utility":48.666666666666664,"ID":13},{"utility":54.333333333333336,"ID":18},{"utility":32,"ID":19},{"utility":49.333333333333336,"ID":26}],[],[{"utility":31,"ID":23},{"utility":68,"ID":29}],[],[{"utility":0,"ID":11}],[{"utility":91,"ID":1},{"utility":77,"ID":5}],[{"utility":43,"ID":4},{"utility":73,"ID":22}],[{"utility":67.8,"ID":2},{"utility":51,"ID":6},{"utility":75.6,"ID":7},{"utility":42.8,"ID":9},{"utility":55.2,"ID":10},{"utility":40.4,"ID":20}],[],[],[],[],[],[],[],[],[],[],[],[],[],[],[],[]],"CORE :":false,"Relazioni :":770,"Time : ":0.4,"LAST PARTITION":{"22":13,"23":9,"24":6,"25":6,"26":7,"27":5,"28":2,"29":9,"30":5,"10":15,"11":11,"12":1,"13":7,"14":18,"15":16,"16":5,"17":6,"18":7,"19":7,"1":12,"2":8,"3":1,"4":17,"5":12,"6":3,"7":8,"8":10,"9":14,"20":14,"21":17}},{"Modalità dinamica :":false,"Q : ":9,"STARTING PARTITION: ":{"22":13,"23":9,"24":6,"25":6,"26":7,"27":5,"28":2,"29":9,"30":5,"10":14,"11":11,"12":4,"13":7,"14":1,"15":3,"16":5,"17":6,"18":7,"19":7,"1":12,"2":14,"3":1,"4":13,"5":12,"6":14,"7":14,"8":5,"9":14,"20":14,"21":4},"LAST COALITION":[[],[{"utility":99,"ID":3},{"utility":45,"ID":12}],[{"utility":0,"ID":28}],[],[{"utility":98,"ID":5},{"utility":12,"ID":8}],[{"utility":77.5,"ID":16},{"utility":36.5,"ID":27},{"utility":45.5,"ID":30}],[{"utility":1.5,"ID":17},{"utility":55,"ID":24},{"utility":42.5,"ID":25}],[{"utility":48.666666666666664,"ID":13},{"utility":54.333333333333336,"ID":18},{"utility":32,"ID":19},{"utility":49.333333333333336,"ID":26}],[{"utility":96,"ID":2},{"utility":92,"ID":7}],[{"utility":31,"ID":23},{"utility":68,"ID":29}],[{"utility":0,"ID":6}],[{"utility":0,"ID":11}],[{"utility":0,"ID":1}],[{"utility":0,"ID":22}],[{"utility":31,"ID":9},{"utility":4,"ID":20}],[{"utility":0,"ID":10}],[{"utility":0,"ID":15}],[{"utility":97,"ID":4},{"utility":57,"ID":21}],[{"utility":0,"ID":14}],[],[],[],[],[],[],[],[],[],[],[],[]],"STARTING COALITION: ":[[null],[{"utility":25,"ID":3},{"utility":4,"ID":14}],[{"utility":0,"ID":28}],[{"utility":0,"ID":15}],[{"utility":77,"ID":12},{"utility":56,"ID":21}],[{"utility":80.33333333333333,"ID":8},{"utility":59.333333333333336,"ID":16},{"utility":47.333333333333336,"ID":27},{"utility":30.333333333333332,"ID":30}],[{"utility":1.5,"ID":17},{"utility":55,"ID":24},{"utility":42.5,"ID":25}],[{"utility":48.666666666666664,"ID":13},{"utility":54.333333333333336,"ID":18},{"utility":32,"ID":19},{"utility":49.333333333333336,"ID":26}],[],[{"utility":31,"ID":23},{"utility":68,"ID":29}],[],[{"utility":0,"ID":11}],[{"utility":91,"ID":1},{"utility":77,"ID":5}],[{"utility":43,"ID":4},{"utility":73,"ID":22}],[{"utility":67.8,"ID":2},{"utility":51,"ID":6},{"utility":75.6,"ID":7},{"utility":42.8,"ID":9},{"utility":55.2,"ID":10},{"utility":40.4,"ID":20}],[],[],[],[],[],[],[],[],[],[],[],[],[],[],[],[]],"CORE :":false,"Relazioni :":770,"Time : ":0.2,"LAST PARTITION":{"22":13,"23":9,"24":6,"25":6,"26":7,"27":5,"28":2,"29":9,"30":5,"10":15,"11":11,"12":1,"13":7,"14":18,"15":16,"16":5,"17":6,"18":7,"19":7,"1":12,"2":8,"3":1,"4":17,"5":4,"6":10,"7":8,"8":4,"9":14,"20":14,"21":17}},{"Modalità dinamica :":false,"Q : ":9,"STARTING PARTITION: ":{"22":13,"23":9,"24":6,"25":6,"26":7,"27":5,"28":2,"29":9,"30":5,"10":14,"11":11,"12":4,"13":7,"14":1,"15":3,"16":5,"17":6,"18":7,"19":7,"1":12,"2":14,"3":1,"4":13,"5":12,"6":14,"7":14,"8":5,"9":14,"20":14,"21":4},"LAST COALITION":[[],[{"utility":99,"ID":3},{"utility":45,"ID":12}],[{"utility":0,"ID":28}],[],[{"utility":98,"ID":5},{"utility":12,"ID":8}],[{"utility":77.5,"ID":16},{"utility":36.5,"ID":27},{"utility":45.5,"ID":30}],[{"utility":1.5,"ID":17},{"utility":55,"ID":24},{"utility":42.5,"ID":25}],[{"utility":48.666666666666664,"ID":13},{"utility":54.333333333333336,"ID":18},{"utility":32,"ID":19},{"utility":49.333333333333336,"ID":26}],[{"utility":96,"ID":2},{"utility":92,"ID":7}],[{"utility":31,"ID":23},{"utility":68,"ID":29}],[{"utility":0,"ID":6}],[{"utility":0,"ID":11}],[{"utility":0,"ID":1}],[{"utility":0,"ID":22}],[{"utility":31,"ID":9},{"utility":4,"ID":20}],[{"utility":0,"ID":10}],[{"utility":0,"ID":15}],[{"utility":97,"ID":4},{"utility":57,"ID":21}],[{"utility":0,"ID":14}],[],[],[],[],[],[],[],[],[],[],[],[]],"STARTING COALITION: ":[[null],[{"utility":25,"ID":3},{"utility":4,"ID":14}],[{"utility":0,"ID":28}],[{"utility":0,"ID":15}],[{"utility":77,"ID":12},{"utility":56,"ID":21}],[{"utility":80.33333333333333,"ID":8},{"utility":59.333333333333336,"ID":16},{"utility":47.333333333333336,"ID":27},{"utility":30.333333333333332,"ID":30}],[{"utility":1.5,"ID":17},{"utility":55,"ID":24},{"utility":42.5,"ID":25}],[{"utility":48.666666666666664,"ID":13},{"utility":54.333333333333336,"ID":18},{"utility":32,"ID":19},{"utility":49.333333333333336,"ID":26}],[],[{"utility":31,"ID":23},{"utility":68,"ID":29}],[],[{"utility":0,"ID":11}],[{"utility":91,"ID":1},{"utility":77,"ID":5}],[{"utility":43,"ID":4},{"utility":73,"ID":22}],[{"utility":67.8,"ID":2},{"utility":51,"ID":6},{"utility":75.6,"ID":7},{"utility":42.8,"ID":9},{"utility":55.2,"ID":10},{"utility":40.4,"ID":20}],[],[],[],[],[],[],[],[],[],[],[],[],[],[],[],[]],"CORE :":false,"Relazioni :":770,"Time : ":0.4,"LAST PARTITION":{"22":13,"23":9,"24":6,"25":6,"26":7,"27":5,"28":2,"29":9,"30":5,"10":15,"11":11,"12":1,"13":7,"14":18,"15":16,"16":5,"17":6,"18":7,"19":7,"1":12,"2":8,"3":1,"4":17,"5":4,"6":10,"7":8,"8":4,"9":14,"20":14,"21":17}},{"Modalità dinamica :":false,"Q : ":10,"STARTING PARTITION: ":{"22":13,"23":9,"24":6,"25":6,"26":7,"27":5,"28":2,"29":9,"30":5,"10":14,"11":11,"12":4,"13":7,"14":1,"15":3,"16":5,"17":6,"18":7,"19":7,"1":12,"2":14,"3":1,"4":13,"5":12,"6":14,"7":14,"8":5,"9":14,"20":14,"21":4},"LAST COALITION":[[],[{"utility":99,"ID":3},{"utility":45,"ID":12}],[{"utility":0,"ID":28}],[{"utility":0,"ID":6}],[{"utility":98,"ID":5},{"utility":12,"ID":8}],[{"utility":77.5,"ID":16},{"utility":36.5,"ID":27},{"utility":45.5,"ID":30}],[{"utility":1.5,"ID":17},{"utility":55,"ID":24},{"utility":42.5,"ID":25}],[{"utility":48.666666666666664,"ID":13},{"utility":54.333333333333336,"ID":18},{"utility":32,"ID":19},{"utility":49.333333333333336,"ID":26}],[{"utility":96,"ID":2},{"utility":92,"ID":7}],[{"utility":31,"ID":23},{"utility":68,"ID":29}],[],[{"utility":0,"ID":11}],[{"utility":0,"ID":1}],[{"utility":0,"ID":22}],[{"utility":31,"ID":9},{"utility":4,"ID":20}],[{"utility":0,"ID":10}],[{"utility":0,"ID":15}],[{"utility":97,"ID":4},{"utility":57,"ID":21}],[{"utility":0,"ID":14}],[],[],[],[],[],[],[],[],[],[],[],[]],"STARTING COALITION: ":[[null],[{"utility":25,"ID":3},{"utility":4,"ID":14}],[{"utility":0,"ID":28}],[{"utility":0,"ID":15}],[{"utility":77,"ID":12},{"utility":56,"ID":21}],[{"utility":80.33333333333333,"ID":8},{"utility":59.333333333333336,"ID":16},{"utility":47.333333333333336,"ID":27},{"utility":30.333333333333332,"ID":30}],[{"utility":1.5,"ID":17},{"utility":55,"ID":24},{"utility":42.5,"ID":25}],[{"utility":48.666666666666664,"ID":13},{"utility":54.333333333333336,"ID":18},{"utility":32,"ID":19},{"utility":49.333333333333336,"ID":26}],[],[{"utility":31,"ID":23},{"utility":68,"ID":29}],[],[{"utility":0,"ID":11}],[{"utility":91,"ID":1},{"utility":77,"ID":5}],[{"utility":43,"ID":4},{"utility":73,"ID":22}],[{"utility":67.8,"ID":2},{"utility":51,"ID":6},{"utility":75.6,"ID":7},{"utility":42.8,"ID":9},{"utility":55.2,"ID":10},{"utility":40.4,"ID":20}],[],[],[],[],[],[],[],[],[],[],[],[],[],[],[],[]],"CORE :":false,"Relazioni :":770,"Time : ":0.2,"LAST PARTITION":{"22":13,"23":9,"24":6,"25":6,"26":7,"27":5,"28":2,"29":9,"30":5,"10":15,"11":11,"12":1,"13":7,"14":18,"15":16,"16":5,"17":6,"18":7,"19":7,"1":12,"2":8,"3":1,"4":17,"5":4,"6":3,"7":8,"8":4,"9":14,"20":14,"21":17}},{"Modalità dinamica :":false,"Q : ":10,"STARTING PARTITION: ":{"22":13,"23":9,"24":6,"25":6,"26":7,"27":5,"28":2,"29":9,"30":5,"10":14,"11":11,"12":4,"13":7,"14":1,"15":3,"16":5,"17":6,"18":7,"19":7,"1":12,"2":14,"3":1,"4":13,"5":12,"6":14,"7":14,"8":5,"9":14,"20":14,"21":4},"LAST COALITION":[[],[{"utility":99,"ID":3},{"utility":45,"ID":12}],[{"utility":0,"ID":28}],[{"utility":75,"ID":1},{"utility":21,"ID":8}],[{"utility":0,"ID":5}],[{"utility":77.5,"ID":16},{"utility":36.5,"ID":27},{"utility":45.5,"ID":30}],[{"utility":1.5,"ID":17},{"utility":55,"ID":24},{"utility":42.5,"ID":25}],[{"utility":48.666666666666664,"ID":13},{"utility":54.333333333333336,"ID":18},{"utility":32,"ID":19},{"utility":49.333333333333336,"ID":26}],[{"utility":96,"ID":2},{"utility":92,"ID":7}],[{"utility":31,"ID":23},{"utility":68,"ID":29}],[{"utility":0,"ID":6}],[{"utility":0,"ID":11}],[],[{"utility":0,"ID":22}],[{"utility":31,"ID":9},{"utility":4,"ID":20}],[{"utility":0,"ID":10}],[{"utility":0,"ID":15}],[{"utility":97,"ID":4},{"utility":57,"ID":21}],[{"utility":0,"ID":14}],[],[],[],[],[],[],[],[],[],[],[],[]],"STARTING COALITION: ":[[null],[{"utility":25,"ID":3},{"utility":4,"ID":14}],[{"utility":0,"ID":28}],[{"utility":0,"ID":15}],[{"utility":77,"ID":12},{"utility":56,"ID":21}],[{"utility":80.33333333333333,"ID":8},{"utility":59.333333333333336,"ID":16},{"utility":47.333333333333336,"ID":27},{"utility":30.333333333333332,"ID":30}],[{"utility":1.5,"ID":17},{"utility":55,"ID":24},{"utility":42.5,"ID":25}],[{"utility":48.666666666666664,"ID":13},{"utility":54.333333333333336,"ID":18},{"utility":32,"ID":19},{"utility":49.333333333333336,"ID":26}],[],[{"utility":31,"ID":23},{"utility":68,"ID":29}],[],[{"utility":0,"ID":11}],[{"utility":91,"ID":1},{"utility":77,"ID":5}],[{"utility":43,"ID":4},{"utility":73,"ID":22}],[{"utility":67.8,"ID":2},{"utility":51,"ID":6},{"utility":75.6,"ID":7},{"utility":42.8,"ID":9},{"utility":55.2,"ID":10},{"utility":40.4,"ID":20}],[],[],[],[],[],[],[],[],[],[],[],[],[],[],[],[]],"CORE :":false,"Relazioni :":770,"Time : ":0.4,"LAST PARTITION":{"22":13,"23":9,"24":6,"25":6,"26":7,"27":5,"28":2,"29":9,"30":5,"10":15,"11":11,"12":1,"13":7,"14":18,"15":16,"16":5,"17":6,"18":7,"19":7,"1":3,"2":8,"3":1,"4":17,"5":4,"6":10,"7":8,"8":3,"9":14,"20":14,"21":17}},{"Modalità dinamica :":true,"Q : ":2,"STARTING PARTITION: ":{"22":13,"23":9,"24":6,"25":6,"26":7,"27":5,"28":2,"29":9,"30":5,"10":14,"11":11,"12":4,"13":7,"14":1,"15":3,"16":5,"17":6,"18":7,"19":7,"1":12,"2":14,"3":1,"4":13,"5":12,"6":14,"7":14,"8":5,"9":14,"20":14,"21":4},"LAST COALITION":[[],[{"utility":0,"ID":1}],[{"utility":70,"ID":16},{"utility":74,"ID":25}],[{"utility":65,"ID":6},{"utility":94,"ID":20}],[{"utility":96,"ID":18},{"utility":87,"ID":29}],[{"utility":83,"ID":13},{"utility":95,"ID":17}],[{"utility":63,"ID":11},{"utility":99,"ID":24}],[{"utility":80,"ID":23},{"utility":92,"ID":27}],[{"utility":55,"ID":9},{"utility":97,"ID":30}],[{"utility":96,"ID":2},{"utility":92,"ID":7}],[{"utility":0,"ID":12}],[{"utility":0,"ID":5}],[{"utility":97,"ID":4},{"utility":57,"ID":21}],[{"utility":0,"ID":26}],[{"utility":99,"ID":22},{"utility":96,"ID":28}],[{"utility":0,"ID":14}],[{"utility":92,"ID":3},{"utility":45,"ID":15}],[{"utility":0,"ID":10}],[{"utility":36,"ID":8},{"utility":60,"ID":19}],[],[],[],[],[],[],[],[],[],[],[],[]],"STARTING COALITION: ":[[null],[{"utility":25,"ID":3},{"utility":4,"ID":14}],[{"utility":0,"ID":28}],[{"utility":0,"ID":15}],[{"utility":77,"ID":12},{"utility":56,"ID":21}],[{"utility":80.33333333333333,"ID":8},{"utility":59.333333333333336,"ID":16},{"utility":47.333333333333336,"ID":27},{"utility":30.333333333333332,"ID":30}],[{"utility":1.5,"ID":17},{"utility":55,"ID":24},{"utility":42.5,"ID":25}],[{"utility":48.666666666666664,"ID":13},{"utility":54.333333333333336,"ID":18},{"utility":32,"ID":19},{"utility":49.333333333333336,"ID":26}],[],[{"utility":31,"ID":23},{"utility":68,"ID":29}],[],[{"utility":0,"ID":11}],[{"utility":91,"ID":1},{"utility":77,"ID":5}],[{"utility":43,"ID":4},{"utility":73,"ID":22}],[{"utility":67.8,"ID":2},{"utility":51,"ID":6},{"utility":75.6,"ID":7},{"utility":42.8,"ID":9},{"utility":55.2,"ID":10},{"utility":40.4,"ID":20}],[],[],[],[],[],[],[],[],[],[],[],[],[],[],[],[]],"CORE :":false,"Relazioni :":770,"Time : ":0.2,"LAST PARTITION":{"22":14,"23":7,"24":6,"25":2,"26":13,"27":7,"28":14,"29":4,"30":8,"10":17,"11":6,"12":10,"13":5,"14":15,"15":16,"16":2,"17":5,"18":4,"19":18,"1":1,"2":9,"3":16,"4":12,"5":11,"6":3,"7":9,"8":18,"9":8,"20":3,"21":12}},{"Modalità dinamica :":true,"Q : ":2,"STARTING PARTITION: ":{"22":13,"23":9,"24":6,"25":6,"26":7,"27":5,"28":2,"29":9,"30":5,"10":14,"11":11,"12":4,"13":7,"14":1,"15":3,"16":5,"17":6,"18":7,"19":7,"1":12,"2":14,"3":1,"4":13,"5":12,"6":14,"7":14,"8":5,"9":14,"20":14,"21":4},"LAST COALITION":[[],[{"utility":80,"ID":4},{"utility":81,"ID":12}],[],[{"utility":80,"ID":23},{"utility":92,"ID":27}],[{"utility":92,"ID":5},{"utility":98,"ID":10}],[{"utility":43,"ID":3},{"utility":79,"ID":24}],[{"utility":99,"ID":22},{"utility":96,"ID":28}],[{"utility":96,"ID":2},{"utility":92,"ID":7}],[{"utility":91,"ID":6},{"utility":64,"ID":21}],[{"utility":96,"ID":18},{"utility":87,"ID":29}],[{"utility":55,"ID":9},{"utility":97,"ID":30}],[{"utility":95,"ID":13},{"utility":66,"ID":26}],[{"utility":69,"ID":17},{"utility":56,"ID":20}],[],[{"utility":84,"ID":11},{"utility":83,"ID":25}],[],[{"utility":89,"ID":1},{"utility":65,"ID":16}],[],[{"utility":80,"ID":15},{"utility":73,"ID":19}],[],[],[{"utility":99,"ID":8},{"utility":81,"ID":14}],[],[],[],[],[],[],[],[],[]],"STARTING COALITION: ":[[null],[{"utility":25,"ID":3},{"utility":4,"ID":14}],[{"utility":0,"ID":28}],[{"utility":0,"ID":15}],[{"utility":77,"ID":12},{"utility":56,"ID":21}],[{"utility":80.33333333333333,"ID":8},{"utility":59.333333333333336,"ID":16},{"utility":47.333333333333336,"ID":27},{"utility":30.333333333333332,"ID":30}],[{"utility":1.5,"ID":17},{"utility":55,"ID":24},{"utility":42.5,"ID":25}],[{"utility":48.666666666666664,"ID":13},{"utility":54.333333333333336,"ID":18},{"utility":32,"ID":19},{"utility":49.333333333333336,"ID":26}],[],[{"utility":31,"ID":23},{"utility":68,"ID":29}],[],[{"utility":0,"ID":11}],[{"utility":91,"ID":1},{"utility":77,"ID":5}],[{"utility":43,"ID":4},{"utility":73,"ID":22}],[{"utility":67.8,"ID":2},{"utility":51,"ID":6},{"utility":75.6,"ID":7},{"utility":42.8,"ID":9},{"utility":55.2,"ID":10},{"utility":40.4,"ID":20}],[],[],[],[],[],[],[],[],[],[],[],[],[],[],[],[]],"CORE :":true,"Relazioni :":770,"Time : ":0.4,"LAST PARTITION":{"22":6,"23":3,"24":5,"25":14,"26":11,"27":3,"28":6,"29":9,"30":10,"10":4,"11":14,"12":1,"13":11,"14":21,"15":18,"16":16,"17":12,"18":9,"19":18,"1":16,"2":7,"3":5,"4":1,"5":4,"6":8,"7":7,"8":21,"9":10,"20":12,"21":8}},{"Modalità dinamica :":true,"Q : ":3,"STARTING PARTITION: ":{"22":13,"23":9,"24":6,"25":6,"26":7,"27":5,"28":2,"29":9,"30":5,"10":14,"11":11,"12":4,"13":7,"14":1,"15":3,"16":5,"17":6,"18":7,"19":7,"1":12,"2":14,"3":1,"4":13,"5":12,"6":14,"7":14,"8":5,"9":14,"20":14,"21":4},"LAST COALITION":[[],[{"utility":91,"ID":6},{"utility":64,"ID":21}],[{"utility":0,"ID":11}],[{"utility":80,"ID":23},{"utility":92,"ID":27}],[],[{"utility":55,"ID":9},{"utility":97,"ID":30}],[{"utility":99,"ID":8},{"utility":81,"ID":14}],[{"utility":80,"ID":15},{"utility":73,"ID":19}],[{"utility":71,"ID":18},{"utility":82,"ID":26}],[],[{"utility":89,"ID":1},{"utility":65,"ID":16}],[{"utility":0,"ID":4}],[{"utility":96,"ID":2},{"utility":92,"ID":7}],[{"utility":94,"ID":10},{"utility":97,"ID":24}],[{"utility":72,"ID":25},{"utility":94,"ID":29}],[{"utility":1,"ID":3},{"utility":0,"ID":5}],[{"utility":99,"ID":22},{"utility":96,"ID":28}],[{"utility":88,"ID":12},{"utility":53,"ID":20}],[{"utility":83,"ID":13},{"utility":95,"ID":17}],[],[],[],[],[],[],[],[],[],[],[],[]],"STARTING COALITION: ":[[null],[{"utility":25,"ID":3},{"utility":4,"ID":14}],[{"utility":0,"ID":28}],[{"utility":0,"ID":15}],[{"utility":77,"ID":12},{"utility":56,"ID":21}],[{"utility":80.33333333333333,"ID":8},{"utility":59.333333333333336,"ID":16},{"utility":47.333333333333336,"ID":27},{"utility":30.333333333333332,"ID":30}],[{"utility":1.5,"ID":17},{"utility":55,"ID":24},{"utility":42.5,"ID":25}],[{"utility":48.666666666666664,"ID":13},{"utility":54.333333333333336,"ID":18},{"utility":32,"ID":19},{"utility":49.333333333333336,"ID":26}],[],[{"utility":31,"ID":23},{"utility":68,"ID":29}],[],[{"utility":0,"ID":11}],[{"utility":91,"ID":1},{"utility":77,"ID":5}],[{"utility":43,"ID":4},{"utility":73,"ID":22}],[{"utility":67.8,"ID":2},{"utility":51,"ID":6},{"utility":75.6,"ID":7},{"utility":42.8,"ID":9},{"utility":55.2,"ID":10},{"utility":40.4,"ID":20}],[],[],[],[],[],[],[],[],[],[],[],[],[],[],[],[]],"CORE :":true,"Relazioni :":770,"Time : ":0.2,"LAST PARTITION":{"22":16,"23":3,"24":13,"25":14,"26":8,"27":3,"28":16,"29":14,"30":5,"10":13,"11":2,"12":17,"13":18,"14":6,"15":7,"16":10,"17":18,"18":8,"19":7,"1":10,"2":12,"3":15,"4":11,"5":15,"6":1,"7":12,"8":6,"9":5,"20":17,"21":1}},{"Modalità dinamica :":true,"Q : ":3,"STARTING PARTITION: ":{"22":13,"23":9,"24":6,"25":6,"26":7,"27":5,"28":2,"29":9,"30":5,"10":14,"11":11,"12":4,"13":7,"14":1,"15":3,"16":5,"17":6,"18":7,"19":7,"1":12,"2":14,"3":1,"4":13,"5":12,"6":14,"7":14,"8":5,"9":14,"20":14,"21":4},"LAST COALITION":[[],[{"utility":47,"ID":4},{"utility":93,"ID":17}],[{"utility":99,"ID":22},{"utility":96,"ID":28}],[{"utility":88,"ID":12},{"utility":53,"ID":20}],[{"utility":55,"ID":9},{"utility":97,"ID":30}],[{"utility":5,"ID":1},{"utility":87,"ID":11}],[{"utility":91,"ID":6},{"utility":64,"ID":21}],[],[{"utility":80,"ID":15},{"utility":73,"ID":19}],[],[{"utility":0,"ID":3}],[{"utility":95,"ID":13},{"utility":66,"ID":26}],[{"utility":92,"ID":5},{"utility":98,"ID":10}],[{"utility":80,"ID":23},{"utility":92,"ID":27}],[{"utility":96,"ID":2},{"utility":92,"ID":7}],[{"utility":0,"ID":25}],[{"utility":78,"ID":16},{"utility":45,"ID":24}],[{"utility":99,"ID":8},{"utility":81,"ID":14}],[],[{"utility":96,"ID":18},{"utility":87,"ID":29}],[],[],[],[],[],[],[],[],[],[],[]],"STARTING COALITION: ":[[null],[{"utility":25,"ID":3},{"utility":4,"ID":14}],[{"utility":0,"ID":28}],[{"utility":0,"ID":15}],[{"utility":77,"ID":12},{"utility":56,"ID":21}],[{"utility":80.33333333333333,"ID":8},{"utility":59.333333333333336,"ID":16},{"utility":47.333333333333336,"ID":27},{"utility":30.333333333333332,"ID":30}],[{"utility":1.5,"ID":17},{"utility":55,"ID":24},{"utility":42.5,"ID":25}],[{"utility":48.666666666666664,"ID":13},{"utility":54.333333333333336,"ID":18},{"utility":32,"ID":19},{"utility":49.333333333333336,"ID":26}],[],[{"utility":31,"ID":23},{"utility":68,"ID":29}],[],[{"utility":0,"ID":11}],[{"utility":91,"ID":1},{"utility":77,"ID":5}],[{"utility":43,"ID":4},{"utility":73,"ID":22}],[{"utility":67.8,"ID":2},{"utility":51,"ID":6},{"utility":75.6,"ID":7},{"utility":42.8,"ID":9},{"utility":55.2,"ID":10},{"utility":40.4,"ID":20}],[],[],[],[],[],[],[],[],[],[],[],[],[],[],[],[]],"CORE :":true,"Relazioni :":770,"Time : ":0.4,"LAST PARTITION":{"22":2,"23":13,"24":16,"25":15,"26":11,"27":13,"28":2,"29":19,"30":4,"10":12,"11":5,"12":3,"13":11,"14":17,"15":8,"16":16,"17":1,"18":19,"19":8,"1":5,"2":14,"3":10,"4":1,"5":12,"6":6,"7":14,"8":17,"9":4,"20":3,"21":6}},{"Modalità dinamica :":true,"Q : ":4,"STARTING PARTITION: ":{"22":13,"23":9,"24":6,"25":6,"26":7,"27":5,"28":2,"29":9,"30":5,"10":14,"11":11,"12":4,"13":7,"14":1,"15":3,"16":5,"17":6,"18":7,"19":7,"1":12,"2":14,"3":1,"4":13,"5":12,"6":14,"7":14,"8":5,"9":14,"20":14,"21":4},"LAST COALITION":[[],[],[{"utility":75,"ID":6},{"utility":97,"ID":24}],[{"utility":87,"ID":26},{"utility":85,"ID":30}],[{"utility":80,"ID":15},{"utility":73,"ID":19}],[{"utility":92,"ID":5},{"utility":98,"ID":10}],[{"utility":96,"ID":18},{"utility":87,"ID":29}],[{"utility":47,"ID":4},{"utility":85,"ID":25}],[{"utility":0,"ID":9}],[{"utility":88,"ID":12},{"utility":53,"ID":20}],[{"utility":99,"ID":8},{"utility":81,"ID":14}],[{"utility":80,"ID":23},{"utility":92,"ID":27}],[{"utility":99,"ID":22},{"utility":96,"ID":28}],[{"utility":83,"ID":13},{"utility":95,"ID":17}],[{"utility":96,"ID":2},{"utility":92,"ID":7}],[{"utility":0,"ID":11}],[{"utility":0,"ID":3}],[{"utility":45,"ID":1},{"utility":99,"ID":21}],[],[],[{"utility":0,"ID":16}],[],[],[],[],[],[],[],[],[],[]],"STARTING COALITION: ":[[null],[{"utility":25,"ID":3},{"utility":4,"ID":14}],[{"utility":0,"ID":28}],[{"utility":0,"ID":15}],[{"utility":77,"ID":12},{"utility":56,"ID":21}],[{"utility":80.33333333333333,"ID":8},{"utility":59.333333333333336,"ID":16},{"utility":47.333333333333336,"ID":27},{"utility":30.333333333333332,"ID":30}],[{"utility":1.5,"ID":17},{"utility":55,"ID":24},{"utility":42.5,"ID":25}],[{"utility":48.666666666666664,"ID":13},{"utility":54.333333333333336,"ID":18},{"utility":32,"ID":19},{"utility":49.333333333333336,"ID":26}],[],[{"utility":31,"ID":23},{"utility":68,"ID":29}],[],[{"utility":0,"ID":11}],[{"utility":91,"ID":1},{"utility":77,"ID":5}],[{"utility":43,"ID":4},{"utility":73,"ID":22}],[{"utility":67.8,"ID":2},{"utility":51,"ID":6},{"utility":75.6,"ID":7},{"utility":42.8,"ID":9},{"utility":55.2,"ID":10},{"utility":40.4,"ID":20}],[],[],[],[],[],[],[],[],[],[],[],[],[],[],[],[]],"CORE :":true,"Relazioni :":770,"Time : ":0.2,"LAST PARTITION":{"22":12,"23":11,"24":2,"25":7,"26":3,"27":11,"28":12,"29":6,"30":3,"10":5,"11":15,"12":9,"13":13,"14":10,"15":4,"16":20,"17":13,"18":6,"19":4,"1":17,"2":14,"3":16,"4":7,"5":5,"6":2,"7":14,"8":10,"9":8,"20":9,"21":17}},{"Modalità dinamica :":true,"Q : ":5,"STARTING PARTITION: ":{"22":13,"23":9,"24":6,"25":6,"26":7,"27":5,"28":2,"29":9,"30":5,"10":14,"11":11,"12":4,"13":7,"14":1,"15":3,"16":5,"17":6,"18":7,"19":7,"1":12,"2":14,"3":1,"4":13,"5":12,"6":14,"7":14,"8":5,"9":14,"20":14,"21":4},"LAST COALITION":[[],[{"utility":81,"ID":3},{"utility":94,"ID":10}],[{"utility":99,"ID":22},{"utility":96,"ID":28}],[{"utility":96,"ID":2},{"utility":92,"ID":7}],[{"utility":79,"ID":5},{"utility":72,"ID":17}],[{"utility":75,"ID":1},{"utility":88,"ID":30}],[{"utility":91,"ID":6},{"utility":64,"ID":21}],[{"utility":96,"ID":18},{"utility":87,"ID":29}],[{"utility":95,"ID":13},{"utility":66,"ID":26}],[{"utility":59,"ID":12},{"utility":96,"ID":23}],[{"utility":85,"ID":9},{"utility":76,"ID":15}],[{"utility":65,"ID":4},{"utility":91,"ID":24}],[{"utility":94,"ID":16},{"utility":13,"ID":27}],[],[{"utility":0,"ID":20}],[{"utility":99,"ID":8},{"utility":81,"ID":14}],[{"utility":54,"ID":11},{"utility":14,"ID":19}],[],[],[{"utility":0,"ID":25}],[],[],[],[],[],[],[],[],[],[],[]],"STARTING COALITION: ":[[null],[{"utility":25,"ID":3},{"utility":4,"ID":14}],[{"utility":0,"ID":28}],[{"utility":0,"ID":15}],[{"utility":77,"ID":12},{"utility":56,"ID":21}],[{"utility":80.33333333333333,"ID":8},{"utility":59.333333333333336,"ID":16},{"utility":47.333333333333336,"ID":27},{"utility":30.333333333333332,"ID":30}],[{"utility":1.5,"ID":17},{"utility":55,"ID":24},{"utility":42.5,"ID":25}],[{"utility":48.666666666666664,"ID":13},{"utility":54.333333333333336,"ID":18},{"utility":32,"ID":19},{"utility":49.333333333333336,"ID":26}],[],[{"utility":31,"ID":23},{"utility":68,"ID":29}],[],[{"utility":0,"ID":11}],[{"utility":91,"ID":1},{"utility":77,"ID":5}],[{"utility":43,"ID":4},{"utility":73,"ID":22}],[{"utility":67.8,"ID":2},{"utility":51,"ID":6},{"utility":75.6,"ID":7},{"utility":42.8,"ID":9},{"utility":55.2,"ID":10},{"utility":40.4,"ID":20}],[],[],[],[],[],[],[],[],[],[],[],[],[],[],[],[]],"CORE :":true,"Relazioni :":770,"Time : ":0.4,"LAST PARTITION":{"22":2,"23":9,"24":11,"25":19,"26":8,"27":12,"28":2,"29":7,"30":5,"10":1,"11":16,"12":9,"13":8,"14":15,"15":10,"16":12,"17":4,"18":7,"19":16,"1":5,"2":3,"3":1,"4":11,"5":4,"6":6,"7":3,"8":15,"9":10,"20":14,"21":6}},{"Modalità dinamica :":true,"Q : ":6,"STARTING PARTITION: ":{"22":13,"23":9,"24":6,"25":6,"26":7,"27":5,"28":2,"29":9,"30":5,"10":14,"11":11,"12":4,"13":7,"14":1,"15":3,"16":5,"17":6,"18":7,"19":7,"1":12,"2":14,"3":1,"4":13,"5":12,"6":14,"7":14,"8":5,"9":14,"20":14,"21":4},"LAST COALITION":[[],[{"utility":79,"ID":5},{"utility":72,"ID":17}],[{"utility":0,"ID":27}],[{"utility":54,"ID":4},{"utility":86,"ID":13}],[{"utility":96,"ID":18},{"utility":87,"ID":29}],[{"utility":59,"ID":12},{"utility":96,"ID":23}],[{"utility":99,"ID":8},{"utility":81,"ID":14}],[{"utility":0,"ID":3}],[{"utility":55,"ID":9},{"utility":97,"ID":30}],[{"utility":80,"ID":15},{"utility":73,"ID":19}],[{"utility":91,"ID":6},{"utility":64,"ID":21}],[],[{"utility":99,"ID":22},{"utility":96,"ID":28}],[{"utility":5,"ID":1},{"utility":87,"ID":11}],[{"utility":90,"ID":16},{"utility":45,"ID":26}],[{"utility":94,"ID":10},{"utility":97,"ID":24}],[{"utility":31,"ID":20},{"utility":94,"ID":25}],[],[],[{"utility":96,"ID":2},{"utility":92,"ID":7}],[],[],[],[],[],[],[],[],[],[],[]],"STARTING COALITION: ":[[null],[{"utility":25,"ID":3},{"utility":4,"ID":14}],[{"utility":0,"ID":28}],[{"utility":0,"ID":15}],[{"utility":77,"ID":12},{"utility":56,"ID":21}],[{"utility":80.33333333333333,"ID":8},{"utility":59.333333333333336,"ID":16},{"utility":47.333333333333336,"ID":27},{"utility":30.333333333333332,"ID":30}],[{"utility":1.5,"ID":17},{"utility":55,"ID":24},{"utility":42.5,"ID":25}],[{"utility":48.666666666666664,"ID":13},{"utility":54.333333333333336,"ID":18},{"utility":32,"ID":19},{"utility":49.333333333333336,"ID":26}],[],[{"utility":31,"ID":23},{"utility":68,"ID":29}],[],[{"utility":0,"ID":11}],[{"utility":91,"ID":1},{"utility":77,"ID":5}],[{"utility":43,"ID":4},{"utility":73,"ID":22}],[{"utility":67.8,"ID":2},{"utility":51,"ID":6},{"utility":75.6,"ID":7},{"utility":42.8,"ID":9},{"utility":55.2,"ID":10},{"utility":40.4,"ID":20}],[],[],[],[],[],[],[],[],[],[],[],[],[],[],[],[]],"CORE :":true,"Relazioni :":770,"Time : ":0.2,"LAST PARTITION":{"22":12,"23":5,"24":15,"25":16,"26":14,"27":2,"28":12,"29":4,"30":8,"10":15,"11":13,"12":5,"13":3,"14":6,"15":9,"16":14,"17":1,"18":4,"19":9,"1":13,"2":19,"3":7,"4":3,"5":1,"6":10,"7":19,"8":6,"9":8,"20":16,"21":10}},{"Modalità dinamica :":true,"Q : ":6,"STARTING PARTITION: ":{"22":13,"23":9,"24":6,"25":6,"26":7,"27":5,"28":2,"29":9,"30":5,"10":14,"11":11,"12":4,"13":7,"14":1,"15":3,"16":5,"17":6,"18":7,"19":7,"1":12,"2":14,"3":1,"4":13,"5":12,"6":14,"7":14,"8":5,"9":14,"20":14,"21":4},"LAST COALITION":[[],[{"utility":85,"ID":1},{"utility":79,"ID":14}],[{"utility":0,"ID":4}],[{"utility":0,"ID":12}],[{"utility":0,"ID":3}],[{"utility":96,"ID":2},{"utility":92,"ID":7}],[{"utility":0,"ID":30}],[{"utility":96,"ID":18},{"utility":87,"ID":29}],[{"utility":84,"ID":11},{"utility":83,"ID":25}],[{"utility":83,"ID":13},{"utility":95,"ID":17}],[{"utility":80,"ID":23},{"utility":92,"ID":27}],[{"utility":85,"ID":9},{"utility":76,"ID":15}],[],[{"utility":75.5,"ID":6},{"utility":28.5,"ID":8},{"utility":67.5,"ID":28}],[{"utility":90,"ID":16},{"utility":45,"ID":26}],[{"utility":82,"ID":20},{"utility":93,"ID":22}],[{"utility":52,"ID":19},{"utility":71,"ID":21}],[{"utility":0,"ID":24}],[],[{"utility":92,"ID":5},{"utility":98,"ID":10}],[],[],[],[],[],[],[],[],[],[],[]],"STARTING COALITION: ":[[null],[{"utility":25,"ID":3},{"utility":4,"ID":14}],[{"utility":0,"ID":28}],[{"utility":0,"ID":15}],[{"utility":77,"ID":12},{"utility":56,"ID":21}],[{"utility":80.33333333333333,"ID":8},{"utility":59.333333333333336,"ID":16},{"utility":47.333333333333336,"ID":27},{"utility":30.333333333333332,"ID":30}],[{"utility":1.5,"ID":17},{"utility":55,"ID":24},{"utility":42.5,"ID":25}],[{"utility":48.666666666666664,"ID":13},{"utility":54.333333333333336,"ID":18},{"utility":32,"ID":19},{"utility":49.333333333333336,"ID":26}],[],[{"utility":31,"ID":23},{"utility":68,"ID":29}],[],[{"utility":0,"ID":11}],[{"utility":91,"ID":1},{"utility":77,"ID":5}],[{"utility":43,"ID":4},{"utility":73,"ID":22}],[{"utility":67.8,"ID":2},{"utility":51,"ID":6},{"utility":75.6,"ID":7},{"utility":42.8,"ID":9},{"utility":55.2,"ID":10},{"utility":40.4,"ID":20}],[],[],[],[],[],[],[],[],[],[],[],[],[],[],[],[]],"CORE :":true,"Relazioni :":770,"Time : ":0.4,"LAST PARTITION":{"22":15,"23":10,"24":17,"25":8,"26":14,"27":10,"28":13,"29":7,"30":6,"10":19,"11":8,"12":3,"13":9,"14":1,"15":11,"16":14,"17":9,"18":7,"19":16,"1":1,"2":5,"3":4,"4":2,"5":19,"6":13,"7":5,"8":13,"9":11,"20":15,"21":16}},{"Modalità dinamica :":true,"Q : ":7,"STARTING PARTITION: ":{"22":13,"23":9,"24":6,"25":6,"26":7,"27":5,"28":2,"29":9,"30":5,"10":14,"11":11,"12":4,"13":7,"14":1,"15":3,"16":5,"17":6,"18":7,"19":7,"1":12,"2":14,"3":1,"4":13,"5":12,"6":14,"7":14,"8":5,"9":14,"20":14,"21":4},"LAST COALITION":[[],[{"utility":59,"ID":6},{"utility":45,"ID":28}],[{"utility":0,"ID":15}],[{"utility":12,"ID":17},{"utility":82,"ID":19},{"utility":37,"ID":25}],[],[{"utility":96,"ID":2},{"utility":92,"ID":7}],[{"utility":54,"ID":4},{"utility":86,"ID":13}],[{"utility":70,"ID":16},{"utility":72,"ID":18}],[{"utility":99,"ID":8},{"utility":81,"ID":14}],[{"utility":95,"ID":9},{"utility":76,"ID":29}],[{"utility":82,"ID":20},{"utility":93,"ID":22}],[{"utility":63,"ID":23},{"utility":32,"ID":24}],[{"utility":0,"ID":27}],[{"utility":37,"ID":1},{"utility":74.5,"ID":12},{"utility":77.5,"ID":21}],[{"utility":87,"ID":26},{"utility":85,"ID":30}],[{"utility":0,"ID":11}],[{"utility":92,"ID":5},{"utility":98,"ID":10}],[{"utility":0,"ID":3}],[],[],[],[],[],[],[],[],[],[],[],[],[]],"STARTING COALITION: ":[[null],[{"utility":25,"ID":3},{"utility":4,"ID":14}],[{"utility":0,"ID":28}],[{"utility":0,"ID":15}],[{"utility":77,"ID":12},{"utility":56,"ID":21}],[{"utility":80.33333333333333,"ID":8},{"utility":59.333333333333336,"ID":16},{"utility":47.333333333333336,"ID":27},{"utility":30.333333333333332,"ID":30}],[{"utility":1.5,"ID":17},{"utility":55,"ID":24},{"utility":42.5,"ID":25}],[{"utility":48.666666666666664,"ID":13},{"utility":54.333333333333336,"ID":18},{"utility":32,"ID":19},{"utility":49.333333333333336,"ID":26}],[],[{"utility":31,"ID":23},{"utility":68,"ID":29}],[],[{"utility":0,"ID":11}],[{"utility":91,"ID":1},{"utility":77,"ID":5}],[{"utility":43,"ID":4},{"utility":73,"ID":22}],[{"utility":67.8,"ID":2},{"utility":51,"ID":6},{"utility":75.6,"ID":7},{"utility":42.8,"ID":9},{"utility":55.2,"ID":10},{"utility":40.4,"ID":20}],[],[],[],[],[],[],[],[],[],[],[],[],[],[],[],[]],"CORE :":true,"Relazioni :":770,"Time : ":0.2,"LAST PARTITION":{"22":10,"23":11,"24":11,"25":3,"26":14,"27":12,"28":1,"29":9,"30":14,"10":16,"11":15,"12":13,"13":6,"14":8,"15":2,"16":7,"17":3,"18":7,"19":3,"1":13,"2":5,"3":17,"4":6,"5":16,"6":1,"7":5,"8":8,"9":9,"20":10,"21":13}},{"Modalità dinamica :":true,"Q : ":7,"STARTING PARTITION: ":{"22":13,"23":9,"24":6,"25":6,"26":7,"27":5,"28":2,"29":9,"30":5,"10":14,"11":11,"12":4,"13":7,"14":1,"15":3,"16":5,"17":6,"18":7,"19":7,"1":12,"2":14,"3":1,"4":13,"5":12,"6":14,"7":14,"8":5,"9":14,"20":14,"21":4},"LAST COALITION":[[],[{"utility":63,"ID":11},{"utility":99,"ID":24}],[{"utility":80,"ID":4},{"utility":81,"ID":12}],[{"utility":91,"ID":1},{"utility":77,"ID":5}],[{"utility":96,"ID":18},{"utility":87,"ID":29}],[{"utility":94,"ID":16},{"utility":13,"ID":27}],[{"utility":87,"ID":26},{"utility":85,"ID":30}],[{"utility":81,"ID":3},{"utility":94,"ID":10}],[{"utility":99,"ID":22},{"utility":96,"ID":28}],[{"utility":0,"ID":25}],[{"utility":48,"ID":9},{"utility":76,"ID":23}],[],[{"utility":99,"ID":8},{"utility":81,"ID":14}],[{"utility":0,"ID":20}],[{"utility":96,"ID":2},{"utility":92,"ID":7}],[],[{"utility":80,"ID":15},{"utility":73,"ID":19}],[{"utility":91,"ID":6},{"utility":64,"ID":21}],[{"utility":83,"ID":13},{"utility":95,"ID":17}],[],[],[],[],[],[],[],[],[],[],[],[]],"STARTING COALITION: ":[[null],[{"utility":25,"ID":3},{"utility":4,"ID":14}],[{"utility":0,"ID":28}],[{"utility":0,"ID":15}],[{"utility":77,"ID":12},{"utility":56,"ID":21}],[{"utility":80.33333333333333,"ID":8},{"utility":59.333333333333336,"ID":16},{"utility":47.333333333333336,"ID":27},{"utility":30.333333333333332,"ID":30}],[{"utility":1.5,"ID":17},{"utility":55,"ID":24},{"utility":42.5,"ID":25}],[{"utility":48.666666666666664,"ID":13},{"utility":54.333333333333336,"ID":18},{"utility":32,"ID":19},{"utility":49.333333333333336,"ID":26}],[],[{"utility":31,"ID":23},{"utility":68,"ID":29}],[],[{"utility":0,"ID":11}],[{"utility":91,"ID":1},{"utility":77,"ID":5}],[{"utility":43,"ID":4},{"utility":73,"ID":22}],[{"utility":67.8,"ID":2},{"utility":51,"ID":6},{"utility":75.6,"ID":7},{"utility":42.8,"ID":9},{"utility":55.2,"ID":10},{"utility":40.4,"ID":20}],[],[],[],[],[],[],[],[],[],[],[],[],[],[],[],[]],"CORE :":true,"Relazioni :":770,"Time : ":0.4,"LAST PARTITION":{"22":8,"23":10,"24":1,"25":9,"26":6,"27":5,"28":8,"29":4,"30":6,"10":7,"11":1,"12":2,"13":18,"14":12,"15":16,"16":5,"17":18,"18":4,"19":16,"1":3,"2":14,"3":7,"4":2,"5":3,"6":17,"7":14,"8":12,"9":10,"20":13,"21":17}},{"Modalità dinamica :":true,"Q : ":8,"STARTING PARTITION: ":{"22":13,"23":9,"24":6,"25":6,"26":7,"27":5,"28":2,"29":9,"30":5,"10":14,"11":11,"12":4,"13":7,"14":1,"15":3,"16":5,"17":6,"18":7,"19":7,"1":12,"2":14,"3":1,"4":13,"5":12,"6":14,"7":14,"8":5,"9":14,"20":14,"21":4},"LAST COALITION":[[],[],[{"utility":41,"ID":15},{"utility":66,"ID":21},{"utility":41.5,"ID":26}],[{"utility":0,"ID":13}],[{"utility":80,"ID":4},{"utility":81,"ID":12}],[{"utility":99,"ID":8},{"utility":81,"ID":14}],[{"utility":42,"ID":6},{"utility":93,"ID":19}],[{"utility":85,"ID":11},{"utility":54,"ID":30}],[{"utility":96,"ID":18},{"utility":87,"ID":29}],[{"utility":89,"ID":1},{"utility":65,"ID":16}],[],[{"utility":92,"ID":5},{"utility":98,"ID":10}],[{"utility":80,"ID":23},{"utility":92,"ID":27}],[{"utility":31,"ID":20},{"utility":94,"ID":25}],[{"utility":43,"ID":3},{"utility":79,"ID":24}],[],[{"utility":96,"ID":2},{"utility":92,"ID":7}],[{"utility":99,"ID":22},{"utility":96,"ID":28}],[{"utility":17,"ID":9},{"utility":87,"ID":17}],[],[],[],[],[],[],[],[],[],[],[],[]],"STARTING COALITION: ":[[null],[{"utility":25,"ID":3},{"utility":4,"ID":14}],[{"utility":0,"ID":28}],[{"utility":0,"ID":15}],[{"utility":77,"ID":12},{"utility":56,"ID":21}],[{"utility":80.33333333333333,"ID":8},{"utility":59.333333333333336,"ID":16},{"utility":47.333333333333336,"ID":27},{"utility":30.333333333333332,"ID":30}],[{"utility":1.5,"ID":17},{"utility":55,"ID":24},{"utility":42.5,"ID":25}],[{"utility":48.666666666666664,"ID":13},{"utility":54.333333333333336,"ID":18},{"utility":32,"ID":19},{"utility":49.333333333333336,"ID":26}],[],[{"utility":31,"ID":23},{"utility":68,"ID":29}],[],[{"utility":0,"ID":11}],[{"utility":91,"ID":1},{"utility":77,"ID":5}],[{"utility":43,"ID":4},{"utility":73,"ID":22}],[{"utility":67.8,"ID":2},{"utility":51,"ID":6},{"utility":75.6,"ID":7},{"utility":42.8,"ID":9},{"utility":55.2,"ID":10},{"utility":40.4,"ID":20}],[],[],[],[],[],[],[],[],[],[],[],[],[],[],[],[]],"CORE :":true,"Relazioni :":770,"Time : ":0.2,"LAST PARTITION":{"22":17,"23":12,"24":14,"25":13,"26":2,"27":12,"28":17,"29":8,"30":7,"10":11,"11":7,"12":4,"13":3,"14":5,"15":2,"16":9,"17":18,"18":8,"19":6,"1":9,"2":16,"3":14,"4":4,"5":11,"6":6,"7":16,"8":5,"9":18,"20":13,"21":2}},{"Modalità dinamica :":true,"Q : ":8,"STARTING PARTITION: ":{"22":13,"23":9,"24":6,"25":6,"26":7,"27":5,"28":2,"29":9,"30":5,"10":14,"11":11,"12":4,"13":7,"14":1,"15":3,"16":5,"17":6,"18":7,"19":7,"1":12,"2":14,"3":1,"4":13,"5":12,"6":14,"7":14,"8":5,"9":14,"20":14,"21":4},"LAST COALITION":[[],[{"utility":0,"ID":19}],[{"utility":0,"ID":24}],[{"utility":47,"ID":4},{"utility":85,"ID":25}],[{"utility":0,"ID":1}],[{"utility":70,"ID":16},{"utility":72,"ID":18}],[{"utility":0,"ID":17}],[{"utility":58,"ID":20},{"utility":14,"ID":21}],[{"utility":0,"ID":29}],[{"utility":39,"ID":3},{"utility":60,"ID":11}],[{"utility":0,"ID":30}],[{"utility":95,"ID":13},{"utility":66,"ID":26}],[{"utility":92,"ID":5},{"utility":98,"ID":10}],[{"utility":96,"ID":2},{"utility":92,"ID":7}],[],[{"utility":99,"ID":8},{"utility":81,"ID":14}],[{"utility":99,"ID":22},{"utility":96,"ID":28}],[{"utility":0,"ID":9}],[{"utility":59,"ID":12},{"utility":96,"ID":23}],[{"utility":77.5,"ID":6},{"utility":67,"ID":15},{"utility":13,"ID":27}],[],[],[],[],[],[],[],[],[],[],[]],"STARTING COALITION: ":[[null],[{"utility":25,"ID":3},{"utility":4,"ID":14}],[{"utility":0,"ID":28}],[{"utility":0,"ID":15}],[{"utility":77,"ID":12},{"utility":56,"ID":21}],[{"utility":80.33333333333333,"ID":8},{"utility":59.333333333333336,"ID":16},{"utility":47.333333333333336,"ID":27},{"utility":30.333333333333332,"ID":30}],[{"utility":1.5,"ID":17},{"utility":55,"ID":24},{"utility":42.5,"ID":25}],[{"utility":48.666666666666664,"ID":13},{"utility":54.333333333333336,"ID":18},{"utility":32,"ID":19},{"utility":49.333333333333336,"ID":26}],[],[{"utility":31,"ID":23},{"utility":68,"ID":29}],[],[{"utility":0,"ID":11}],[{"utility":91,"ID":1},{"utility":77,"ID":5}],[{"utility":43,"ID":4},{"utility":73,"ID":22}],[{"utility":67.8,"ID":2},{"utility":51,"ID":6},{"utility":75.6,"ID":7},{"utility":42.8,"ID":9},{"utility":55.2,"ID":10},{"utility":40.4,"ID":20}],[],[],[],[],[],[],[],[],[],[],[],[],[],[],[],[]],"CORE :":true,"Relazioni :":770,"Time : ":0.4,"LAST PARTITION":{"22":16,"23":18,"24":2,"25":3,"26":11,"27":19,"28":16,"29":8,"30":10,"10":12,"11":9,"12":18,"13":11,"14":15,"15":19,"16":5,"17":6,"18":5,"19":1,"1":4,"2":13,"3":9,"4":3,"5":12,"6":19,"7":13,"8":15,"9":17,"20":7,"21":7}},{"Modalità dinamica :":true,"Q : ":9,"STARTING PARTITION: ":{"22":13,"23":9,"24":6,"25":6,"26":7,"27":5,"28":2,"29":9,"30":5,"10":14,"11":11,"12":4,"13":7,"14":1,"15":3,"16":5,"17":6,"18":7,"19":7,"1":12,"2":14,"3":1,"4":13,"5":12,"6":14,"7":14,"8":5,"9":14,"20":14,"21":4},"LAST COALITION":[[],[{"utility":92,"ID":5},{"utility":98,"ID":10}],[{"utility":87,"ID":26},{"utility":85,"ID":30}],[{"utility":5,"ID":3},{"utility":13,"ID":17}],[],[{"utility":99,"ID":8},{"utility":81,"ID":14}],[{"utility":96,"ID":2},{"utility":92,"ID":7}],[{"utility":80,"ID":23},{"utility":92,"ID":27}],[],[{"utility":88,"ID":12},{"utility":53,"ID":20}],[{"utility":80,"ID":15},{"utility":73,"ID":19}],[{"utility":72,"ID":25},{"utility":94,"ID":29}],[],[{"utility":65,"ID":4},{"utility":91,"ID":24}],[{"utility":53,"ID":13},{"utility":1,"ID":16}],[{"utility":56,"ID":1},{"utility":71,"ID":6},{"utility":81.5,"ID":21}],[],[{"utility":0,"ID":18}],[{"utility":99,"ID":22},{"utility":96,"ID":28}],[],[{"utility":91,"ID":9},{"utility":14,"ID":11}],[],[],[],[],[],[],[],[],[],[]],"STARTING COALITION: ":[[null],[{"utility":25,"ID":3},{"utility":4,"ID":14}],[{"utility":0,"ID":28}],[{"utility":0,"ID":15}],[{"utility":77,"ID":12},{"utility":56,"ID":21}],[{"utility":80.33333333333333,"ID":8},{"utility":59.333333333333336,"ID":16},{"utility":47.333333333333336,"ID":27},{"utility":30.333333333333332,"ID":30}],[{"utility":1.5,"ID":17},{"utility":55,"ID":24},{"utility":42.5,"ID":25}],[{"utility":48.666666666666664,"ID":13},{"utility":54.333333333333336,"ID":18},{"utility":32,"ID":19},{"utility":49.333333333333336,"ID":26}],[],[{"utility":31,"ID":23},{"utility":68,"ID":29}],[],[{"utility":0,"ID":11}],[{"utility":91,"ID":1},{"utility":77,"ID":5}],[{"utility":43,"ID":4},{"utility":73,"ID":22}],[{"utility":67.8,"ID":2},{"utility":51,"ID":6},{"utility":75.6,"ID":7},{"utility":42.8,"ID":9},{"utility":55.2,"ID":10},{"utility":40.4,"ID":20}],[],[],[],[],[],[],[],[],[],[],[],[],[],[],[],[]],"CORE :":true,"Relazioni :":770,"Time : ":0.2,"LAST PARTITION":{"22":18,"23":7,"24":13,"25":11,"26":2,"27":7,"28":18,"29":11,"30":2,"10":1,"11":20,"12":9,"13":14,"14":5,"15":10,"16":14,"17":3,"18":17,"19":10,"1":15,"2":6,"3":3,"4":13,"5":1,"6":15,"7":6,"8":5,"9":20,"20":9,"21":15}},{"Modalità dinamica :":true,"Q : ":9,"STARTING PARTITION: ":{"22":13,"23":9,"24":6,"25":6,"26":7,"27":5,"28":2,"29":9,"30":5,"10":14,"11":11,"12":4,"13":7,"14":1,"15":3,"16":5,"17":6,"18":7,"19":7,"1":12,"2":14,"3":1,"4":13,"5":12,"6":14,"7":14,"8":5,"9":14,"20":14,"21":4},"LAST COALITION":[[],[{"utility":96,"ID":18},{"utility":87,"ID":29}],[{"utility":0,"ID":3}],[{"utility":99,"ID":22},{"utility":96,"ID":28}],[{"utility":78,"ID":16},{"utility":45,"ID":24}],[{"utility":84,"ID":11},{"utility":83,"ID":25}],[{"utility":0,"ID":17}],[{"utility":0,"ID":30}],[],[{"utility":79,"ID":8},{"utility":76,"ID":23}],[{"utility":0,"ID":20}],[{"utility":0,"ID":9}],[{"utility":92,"ID":5},{"utility":98,"ID":10}],[{"utility":76,"ID":6},{"utility":26,"ID":27}],[{"utility":97,"ID":4},{"utility":57,"ID":21}],[{"utility":95,"ID":13},{"utility":66,"ID":26}],[{"utility":0,"ID":19}],[{"utility":96,"ID":2},{"utility":92,"ID":7}],[{"utility":85,"ID":1},{"utility":79,"ID":14}],[{"utility":96,"ID":12},{"utility":43,"ID":15}],[],[],[],[],[],[],[],[],[],[],[]],"STARTING COALITION: ":[[null],[{"utility":25,"ID":3},{"utility":4,"ID":14}],[{"utility":0,"ID":28}],[{"utility":0,"ID":15}],[{"utility":77,"ID":12},{"utility":56,"ID":21}],[{"utility":80.33333333333333,"ID":8},{"utility":59.333333333333336,"ID":16},{"utility":47.333333333333336,"ID":27},{"utility":30.333333333333332,"ID":30}],[{"utility":1.5,"ID":17},{"utility":55,"ID":24},{"utility":42.5,"ID":25}],[{"utility":48.666666666666664,"ID":13},{"utility":54.333333333333336,"ID":18},{"utility":32,"ID":19},{"utility":49.333333333333336,"ID":26}],[],[{"utility":31,"ID":23},{"utility":68,"ID":29}],[],[{"utility":0,"ID":11}],[{"utility":91,"ID":1},{"utility":77,"ID":5}],[{"utility":43,"ID":4},{"utility":73,"ID":22}],[{"utility":67.8,"ID":2},{"utility":51,"ID":6},{"utility":75.6,"ID":7},{"utility":42.8,"ID":9},{"utility":55.2,"ID":10},{"utility":40.4,"ID":20}],[],[],[],[],[],[],[],[],[],[],[],[],[],[],[],[]],"CORE :":true,"Relazioni :":770,"Time : ":0.4,"LAST PARTITION":{"22":3,"23":9,"24":4,"25":5,"26":15,"27":13,"28":3,"29":1,"30":7,"10":12,"11":5,"12":19,"13":15,"14":18,"15":19,"16":4,"17":6,"18":1,"19":16,"1":18,"2":17,"3":2,"4":14,"5":12,"6":13,"7":17,"8":9,"9":11,"20":10,"21":14}},{"Modalità dinamica :":true,"Q : ":10,"STARTING PARTITION: ":{"22":13,"23":9,"24":6,"25":6,"26":7,"27":5,"28":2,"29":9,"30":5,"10":14,"11":11,"12":4,"13":7,"14":1,"15":3,"16":5,"17":6,"18":7,"19":7,"1":12,"2":14,"3":1,"4":13,"5":12,"6":14,"7":14,"8":5,"9":14,"20":14,"21":4},"LAST COALITION":[[],[{"utility":0,"ID":21}],[{"utility":96,"ID":2},{"utility":92,"ID":7}],[{"utility":99,"ID":8},{"utility":81,"ID":14}],[{"utility":95,"ID":13},{"utility":66,"ID":26}],[{"utility":96,"ID":18},{"utility":87,"ID":29}],[{"utility":92,"ID":5},{"utility":98,"ID":10}],[{"utility":80,"ID":4},{"utility":81,"ID":12}],[{"utility":55,"ID":9},{"utility":97,"ID":30}],[{"utility":63,"ID":11},{"utility":99,"ID":24}],[{"utility":0,"ID":22}],[{"utility":89,"ID":1},{"utility":65,"ID":16}],[{"utility":80,"ID":23},{"utility":92,"ID":27}],[{"utility":36,"ID":19},{"utility":86,"ID":20}],[{"utility":0,"ID":6}],[{"utility":0,"ID":28}],[{"utility":97,"ID":15},{"utility":47,"ID":17}],[{"utility":0,"ID":3}],[{"utility":0,"ID":25}],[],[],[],[],[],[],[],[],[],[],[],[]],"STARTING COALITION: ":[[null],[{"utility":25,"ID":3},{"utility":4,"ID":14}],[{"utility":0,"ID":28}],[{"utility":0,"ID":15}],[{"utility":77,"ID":12},{"utility":56,"ID":21}],[{"utility":80.33333333333333,"ID":8},{"utility":59.333333333333336,"ID":16},{"utility":47.333333333333336,"ID":27},{"utility":30.333333333333332,"ID":30}],[{"utility":1.5,"ID":17},{"utility":55,"ID":24},{"utility":42.5,"ID":25}],[{"utility":48.666666666666664,"ID":13},{"utility":54.333333333333336,"ID":18},{"utility":32,"ID":19},{"utility":49.333333333333336,"ID":26}],[],[{"utility":31,"ID":23},{"utility":68,"ID":29}],[],[{"utility":0,"ID":11}],[{"utility":91,"ID":1},{"utility":77,"ID":5}],[{"utility":43,"ID":4},{"utility":73,"ID":22}],[{"utility":67.8,"ID":2},{"utility":51,"ID":6},{"utility":75.6,"ID":7},{"utility":42.8,"ID":9},{"utility":55.2,"ID":10},{"utility":40.4,"ID":20}],[],[],[],[],[],[],[],[],[],[],[],[],[],[],[],[]],"CORE :":true,"Relazioni :":770,"Time : ":0.2,"LAST PARTITION":{"22":10,"23":12,"24":9,"25":18,"26":4,"27":12,"28":15,"29":5,"30":8,"10":6,"11":9,"12":7,"13":4,"14":3,"15":16,"16":11,"17":16,"18":5,"19":13,"1":11,"2":2,"3":17,"4":7,"5":6,"6":14,"7":2,"8":3,"9":8,"20":13,"21":1}},{"Modalità dinamica :":true,"Q : ":10,"STARTING PARTITION: ":{"22":13,"23":9,"24":6,"25":6,"26":7,"27":5,"28":2,"29":9,"30":5,"10":14,"11":11,"12":4,"13":7,"14":1,"15":3,"16":5,"17":6,"18":7,"19":7,"1":12,"2":14,"3":1,"4":13,"5":12,"6":14,"7":14,"8":5,"9":14,"20":14,"21":4},"LAST COALITION":[[],[],[],[{"utility":73,"ID":4},{"utility":90,"ID":8}],[{"utility":90,"ID":16},{"utility":45,"ID":26}],[{"utility":0,"ID":10}],[],[{"utility":80,"ID":15},{"utility":73,"ID":19}],[{"utility":85,"ID":1},{"utility":79,"ID":14}],[],[{"utility":0,"ID":18}],[{"utility":31,"ID":17},{"utility":39,"ID":23}],[{"utility":72,"ID":25},{"utility":94,"ID":29}],[{"utility":99,"ID":3},{"utility":45,"ID":12}],[{"utility":55,"ID":9},{"utility":97,"ID":30}],[{"utility":96,"ID":2},{"utility":92,"ID":7}],[{"utility":0,"ID":6}],[{"utility":99,"ID":22},{"utility":96,"ID":28}],[{"utility":27.25,"ID":13},{"utility":35.5,"ID":20},{"utility":61.5,"ID":21},{"utility":25.5,"ID":24},{"utility":30.25,"ID":27}],[],[{"utility":0,"ID":11}],[{"utility":0,"ID":5}],[],[],[],[],[],[],[],[],[]],"STARTING COALITION: ":[[null],[{"utility":25,"ID":3},{"utility":4,"ID":14}],[{"utility":0,"ID":28}],[{"utility":0,"ID":15}],[{"utility":77,"ID":12},{"utility":56,"ID":21}],[{"utility":80.33333333333333,"ID":8},{"utility":59.333333333333336,"ID":16},{"utility":47.333333333333336,"ID":27},{"utility":30.333333333333332,"ID":30}],[{"utility":1.5,"ID":17},{"utility":55,"ID":24},{"utility":42.5,"ID":25}],[{"utility":48.666666666666664,"ID":13},{"utility":54.333333333333336,"ID":18},{"utility":32,"ID":19},{"utility":49.333333333333336,"ID":26}],[],[{"utility":31,"ID":23},{"utility":68,"ID":29}],[],[{"utility":0,"ID":11}],[{"utility":91,"ID":1},{"utility":77,"ID":5}],[{"utility":43,"ID":4},{"utility":73,"ID":22}],[{"utility":67.8,"ID":2},{"utility":51,"ID":6},{"utility":75.6,"ID":7},{"utility":42.8,"ID":9},{"utility":55.2,"ID":10},{"utility":40.4,"ID":20}],[],[],[],[],[],[],[],[],[],[],[],[],[],[],[],[]],"CORE :":true,"Relazioni :":770,"Time : ":0.4,"LAST PARTITION":{"22":17,"23":11,"24":18,"25":12,"26":4,"27":18,"28":17,"29":12,"30":14,"10":5,"11":20,"12":13,"13":18,"14":8,"15":7,"16":4,"17":11,"18":10,"19":7,"1":8,"2":15,"3":13,"4":3,"5":21,"6":16,"7":15,"8":3,"9":14,"20":18,"21":18}},{"END OF FILE:" : true}]