[{"Modalità dinamica :":false,"Q : ":2,"STARTING PARTITION: ":{"22":7,"23":6,"24":7,"25":3,"26":6,"27":12,"28":8,"29":7,"30":6,"10":4,"11":4,"12":4,"13":5,"14":11,"15":15,"16":3,"17":11,"18":6,"19":10,"1":4,"2":14,"3":14,"4":3,"5":4,"6":15,"7":15,"8":4,"9":7,"20":12,"21":8},"LAST COALITION":[[],[{"utility":0,"ID":8}],[{"utility":86,"ID":6},{"utility":96,"ID":17}],[{"utility":30,"ID":16},{"utility":5,"ID":25}],[{"utility":51.5,"ID":10},{"utility":39,"ID":11},{"utility":71,"ID":12}],[{"utility":88,"ID":4},{"utility":26,"ID":15}],[{"utility":55.666666666666664,"ID":18},{"utility":79.66666666666667,"ID":23},{"utility":65.66666666666667,"ID":26},{"utility":53.666666666666664,"ID":30}],[{"utility":91,"ID":24},{"utility":85,"ID":29}],[{"utility":91,"ID":21},{"utility":50,"ID":28}],[{"utility":94,"ID":2},{"utility":79,"ID":22}],[{"utility":0,"ID":19}],[{"utility":0,"ID":7}],[{"utility":57,"ID":20},{"utility":76,"ID":27}],[{"utility":77,"ID":3},{"utility":55,"ID":13}],[],[{"utility":0,"ID":9}],[],[{"utility":86,"ID":5},{"utility":55,"ID":14}],[{"utility":0,"ID":1}],[],[],[],[],[],[],[],[],[],[],[],[]],"STARTING COALITION: ":[[null],[],[],[{"utility":70,"ID":4},{"utility":44.5,"ID":16},{"utility":24.5,"ID":25}],[{"utility":57.6,"ID":1},{"utility":69,"ID":5},{"utility":29.2,"ID":8},{"utility":47.4,"ID":10},{"utility":17.4,"ID":11},{"utility":52.6,"ID":12}],[{"utility":0,"ID":13}],[{"utility":55.666666666666664,"ID":18},{"utility":79.66666666666667,"ID":23},{"utility":65.66666666666667,"ID":26},{"utility":53.666666666666664,"ID":30}],[{"utility":58.333333333333336,"ID":9},{"utility":32.333333333333336,"ID":22},{"utility":80,"ID":24},{"utility":46.666666666666664,"ID":29}],[{"utility":91,"ID":21},{"utility":50,"ID":28}],[],[{"utility":0,"ID":19}],[{"utility":6,"ID":14},{"utility":46,"ID":17}],[{"utility":57,"ID":20},{"utility":76,"ID":27}],[],[{"utility":75,"ID":2},{"utility":35,"ID":3}],[{"utility":51.5,"ID":6},{"utility":68,"ID":7},{"utility":71.5,"ID":15}],[],[],[],[],[],[],[],[],[],[],[],[],[],[],[]],"CORE :":false,"Relazioni :":870,"Time : ":0.2,"LAST PARTITION":{"22":9,"23":6,"24":7,"25":3,"26":6,"27":12,"28":8,"29":7,"30":6,"10":4,"11":4,"12":4,"13":13,"14":17,"15":5,"16":3,"17":2,"18":6,"19":10,"1":18,"2":9,"3":13,"4":5,"5":17,"6":2,"7":11,"8":1,"9":15,"20":12,"21":8}},{"Modalità dinamica :":false,"Q : ":2,"STARTING PARTITION: ":{"22":7,"23":6,"24":7,"25":3,"26":6,"27":12,"28":8,"29":7,"30":6,"10":4,"11":4,"12":4,"13":5,"14":11,"15":15,"16":3,"17":11,"18":6,"19":10,"1":4,"2":14,"3":14,"4":3,"5":4,"6":15,"7":15,"8":4,"9":7,"20":12,"21":8},"LAST COALITION":[[],[{"utility":0,"ID":17}],[{"utility":0,"ID":8}],[{"utility":30,"ID":16},{"utility":5,"ID":25}],[{"utility":51.5,"ID":10},{"utility":39,"ID":11},{"utility":71,"ID":12}],[{"utility":88,"ID":4},{"utility":26,"ID":15}],[{"utility":55.666666666666664,"ID":18},{"utility":79.66666666666667,"ID":23},{"utility":65.66666666666667,"ID":26},{"utility":53.666666666666664,"ID":30}],[{"utility":91,"ID":24},{"utility":85,"ID":29}],[{"utility":91,"ID":21},{"utility":50,"ID":28}],[{"utility":94,"ID":2},{"utility":79,"ID":22}],[{"utility":0,"ID":19}],[{"utility":76,"ID":1},{"utility":96,"ID":6}],[{"utility":57,"ID":20},{"utility":76,"ID":27}],[{"utility":77,"ID":3},{"utility":55,"ID":13}],[{"utility":0,"ID":7}],[{"utility":0,"ID":9}],[],[{"utility":86,"ID":5},{"utility":55,"ID":14}],[],[],[],[],[],[],[],[],[],[],[],[],[]],"STARTING COALITION: ":[[null],[],[],[{"utility":70,"ID":4},{"utility":44.5,"ID":16},{"utility":24.5,"ID":25}],[{"utility":57.6,"ID":1},{"utility":69,"ID":5},{"utility":29.2,"ID":8},{"utility":47.4,"ID":10},{"utility":17.4,"ID":11},{"utility":52.6,"ID":12}],[{"utility":0,"ID":13}],[{"utility":55.666666666666664,"ID":18},{"utility":79.66666666666667,"ID":23},{"utility":65.66666666666667,"ID":26},{"utility":53.666666666666664,"ID":30}],[{"utility":58.333333333333336,"ID":9},{"utility":32.333333333333336,"ID":22},{"utility":80,"ID":24},{"utility":46.666666666666664,"ID":29}],[{"utility":91,"ID":21},{"utility":50,"ID":28}],[],[{"utility":0,"ID":19}],[{"utility":6,"ID":14},{"utility":46,"ID":17}],[{"utility":57,"ID":20},{"utility":76,"ID":27}],[],[{"utility":75,"ID":2},{"utility":35,"ID":3}],[{"utility":51.5,"ID":6},{"utility":68,"ID":7},{"utility":71.5,"ID":15}],[],[],[],[],[],[],[],[],[],[],[],[],[],[],[]],"CORE :":false,"Relazioni :":870,"Time : ":0.4,"LAST PARTITION":{"22":9,"23":6,"24":7,"25":3,"26":6,"27":12,"28":8,"29":7,"30":6,"10":4,"11":4,"12":4,"13":13,"14":17,"15":5,"16":3,"17":1,"18":6,"19":10,"1":11,"2":9,"3":13,"4":5,"5":17,"6":11,"7":14,"8":2,"9":15,"20":12,"21":8}},{"Modalità dinamica :":false,"Q : ":3,"STARTING PARTITION: ":{"22":7,"23":6,"24":7,"25":3,"26":6,"27":12,"28":8,"29":7,"30":6,"10":4,"11":4,"12":4,"13":5,"14":11,"15":15,"16":3,"17":11,"18":6,"19":10,"1":4,"2":14,"3":14,"4":3,"5":4,"6":15,"7":15,"8":4,"9":7,"20":12,"21":8},"LAST COALITION":[[],[],[{"utility":0,"ID":8}],[{"utility":30,"ID":16},{"utility":5,"ID":25}],[{"utility":51.5,"ID":10},{"utility":39,"ID":11},{"utility":71,"ID":12}],[{"utility":0,"ID":4}],[{"utility":55.666666666666664,"ID":18},{"utility":79.66666666666667,"ID":23},{"utility":65.66666666666667,"ID":26},{"utility":53.666666666666664,"ID":30}],[{"utility":91,"ID":24},{"utility":85,"ID":29}],[{"utility":91,"ID":21},{"utility":50,"ID":28}],[{"utility":94,"ID":2},{"utility":79,"ID":22}],[{"utility":0,"ID":19}],[{"utility":0,"ID":6}],[{"utility":57,"ID":20},{"utility":76,"ID":27}],[{"utility":77,"ID":3},{"utility":55,"ID":13}],[{"utility":0,"ID":7}],[{"utility":0,"ID":9}],[{"utility":0,"ID":15}],[{"utility":86,"ID":5},{"utility":55,"ID":14}],[{"utility":98,"ID":1},{"utility":87,"ID":17}],[],[],[],[],[],[],[],[],[],[],[],[]],"STARTING COALITION: ":[[null],[],[],[{"utility":70,"ID":4},{"utility":44.5,"ID":16},{"utility":24.5,"ID":25}],[{"utility":57.6,"ID":1},{"utility":69,"ID":5},{"utility":29.2,"ID":8},{"utility":47.4,"ID":10},{"utility":17.4,"ID":11},{"utility":52.6,"ID":12}],[{"utility":0,"ID":13}],[{"utility":55.666666666666664,"ID":18},{"utility":79.66666666666667,"ID":23},{"utility":65.66666666666667,"ID":26},{"utility":53.666666666666664,"ID":30}],[{"utility":58.333333333333336,"ID":9},{"utility":32.333333333333336,"ID":22},{"utility":80,"ID":24},{"utility":46.666666666666664,"ID":29}],[{"utility":91,"ID":21},{"utility":50,"ID":28}],[],[{"utility":0,"ID":19}],[{"utility":6,"ID":14},{"utility":46,"ID":17}],[{"utility":57,"ID":20},{"utility":76,"ID":27}],[],[{"utility":75,"ID":2},{"utility":35,"ID":3}],[{"utility":51.5,"ID":6},{"utility":68,"ID":7},{"utility":71.5,"ID":15}],[],[],[],[],[],[],[],[],[],[],[],[],[],[],[]],"CORE :":false,"Relazioni :":870,"Time : ":0.2,"LAST PARTITION":{"22":9,"23":6,"24":7,"25":3,"26":6,"27":12,"28":8,"29":7,"30":6,"10":4,"11":4,"12":4,"13":13,"14":17,"15":16,"16":3,"17":18,"18":6,"19":10,"1":18,"2":9,"3":13,"4":5,"5":17,"6":11,"7":14,"8":2,"9":15,"20":12,"21":8}},{"Modalità dinamica :":false,"Q : ":3,"STARTING PARTITION: ":{"22":7,"23":6,"24":7,"25":3,"26":6,"27":12,"28":8,"29":7,"30":6,"10":4,"11":4,"12":4,"13":5,"14":11,"15":15,"16":3,"17":11,"18":6,"19":10,"1":4,"2":14,"3":14,"4":3,"5":4,"6":15,"7":15,"8":4,"9":7,"20":12,"21":8},"LAST COALITION":[[],[],[{"utility":0,"ID":8}],[{"utility":30,"ID":16},{"utility":5,"ID":25}],[{"utility":51.5,"ID":10},{"utility":39,"ID":11},{"utility":71,"ID":12}],[{"utility":88,"ID":4},{"utility":26,"ID":15}],[{"utility":55.666666666666664,"ID":18},{"utility":79.66666666666667,"ID":23},{"utility":65.66666666666667,"ID":26},{"utility":53.666666666666664,"ID":30}],[{"utility":91,"ID":24},{"utility":85,"ID":29}],[{"utility":91,"ID":21},{"utility":50,"ID":28}],[{"utility":94,"ID":2},{"utility":79,"ID":22}],[{"utility":0,"ID":19}],[{"utility":32,"ID":6},{"utility":87,"ID":7}],[{"utility":57,"ID":20},{"utility":76,"ID":27}],[{"utility":77,"ID":3},{"utility":55,"ID":13}],[],[{"utility":0,"ID":9}],[],[{"utility":86,"ID":5},{"utility":55,"ID":14}],[{"utility":98,"ID":1},{"utility":87,"ID":17}],[],[],[],[],[],[],[],[],[],[],[],[]],"STARTING COALITION: ":[[null],[],[],[{"utility":70,"ID":4},{"utility":44.5,"ID":16},{"utility":24.5,"ID":25}],[{"utility":57.6,"ID":1},{"utility":69,"ID":5},{"utility":29.2,"ID":8},{"utility":47.4,"ID":10},{"utility":17.4,"ID":11},{"utility":52.6,"ID":12}],[{"utility":0,"ID":13}],[{"utility":55.666666666666664,"ID":18},{"utility":79.66666666666667,"ID":23},{"utility":65.66666666666667,"ID":26},{"utility":53.666666666666664,"ID":30}],[{"utility":58.333333333333336,"ID":9},{"utility":32.333333333333336,"ID":22},{"utility":80,"ID":24},{"utility":46.666666666666664,"ID":29}],[{"utility":91,"ID":21},{"utility":50,"ID":28}],[],[{"utility":0,"ID":19}],[{"utility":6,"ID":14},{"utility":46,"ID":17}],[{"utility":57,"ID":20},{"utility":76,"ID":27}],[],[{"utility":75,"ID":2},{"utility":35,"ID":3}],[{"utility":51.5,"ID":6},{"utility":68,"ID":7},{"utility":71.5,"ID":15}],[],[],[],[],[],[],[],[],[],[],[],[],[],[],[]],"CORE :":false,"Relazioni :":870,"Time : ":0.4,"LAST PARTITION":{"22":9,"23":6,"24":7,"25":3,"26":6,"27":12,"28":8,"29":7,"30":6,"10":4,"11":4,"12":4,"13":13,"14":17,"15":5,"16":3,"17":18,"18":6,"19":10,"1":18,"2":9,"3":13,"4":5,"5":17,"6":11,"7":11,"8":2,"9":15,"20":12,"21":8}},{"Modalità dinamica :":false,"Q : ":4,"STARTING PARTITION: ":{"22":7,"23":6,"24":7,"25":3,"26":6,"27":12,"28":8,"29":7,"30":6,"10":4,"11":4,"12":4,"13":5,"14":11,"15":15,"16":3,"17":11,"18":6,"19":10,"1":4,"2":14,"3":14,"4":3,"5":4,"6":15,"7":15,"8":4,"9":7,"20":12,"21":8},"LAST COALITION":[[],[{"utility":0,"ID":6}],[{"utility":0,"ID":8}],[{"utility":30,"ID":16},{"utility":5,"ID":25}],[{"utility":51.5,"ID":10},{"utility":39,"ID":11},{"utility":71,"ID":12}],[{"utility":88,"ID":4},{"utility":26,"ID":15}],[{"utility":55.666666666666664,"ID":18},{"utility":79.66666666666667,"ID":23},{"utility":65.66666666666667,"ID":26},{"utility":53.666666666666664,"ID":30}],[{"utility":91,"ID":24},{"utility":85,"ID":29}],[{"utility":91,"ID":21},{"utility":50,"ID":28}],[{"utility":94,"ID":2},{"utility":79,"ID":22}],[{"utility":0,"ID":19}],[],[{"utility":57,"ID":20},{"utility":76,"ID":27}],[{"utility":77,"ID":3},{"utility":55,"ID":13}],[{"utility":0,"ID":7}],[{"utility":0,"ID":9}],[],[{"utility":86,"ID":5},{"utility":55,"ID":14}],[{"utility":98,"ID":1},{"utility":87,"ID":17}],[],[],[],[],[],[],[],[],[],[],[],[]],"STARTING COALITION: ":[[null],[],[],[{"utility":70,"ID":4},{"utility":44.5,"ID":16},{"utility":24.5,"ID":25}],[{"utility":57.6,"ID":1},{"utility":69,"ID":5},{"utility":29.2,"ID":8},{"utility":47.4,"ID":10},{"utility":17.4,"ID":11},{"utility":52.6,"ID":12}],[{"utility":0,"ID":13}],[{"utility":55.666666666666664,"ID":18},{"utility":79.66666666666667,"ID":23},{"utility":65.66666666666667,"ID":26},{"utility":53.666666666666664,"ID":30}],[{"utility":58.333333333333336,"ID":9},{"utility":32.333333333333336,"ID":22},{"utility":80,"ID":24},{"utility":46.666666666666664,"ID":29}],[{"utility":91,"ID":21},{"utility":50,"ID":28}],[],[{"utility":0,"ID":19}],[{"utility":6,"ID":14},{"utility":46,"ID":17}],[{"utility":57,"ID":20},{"utility":76,"ID":27}],[],[{"utility":75,"ID":2},{"utility":35,"ID":3}],[{"utility":51.5,"ID":6},{"utility":68,"ID":7},{"utility":71.5,"ID":15}],[],[],[],[],[],[],[],[],[],[],[],[],[],[],[]],"CORE :":false,"Relazioni :":870,"Time : ":0.2,"LAST PARTITION":{"22":9,"23":6,"24":7,"25":3,"26":6,"27":12,"28":8,"29":7,"30":6,"10":4,"11":4,"12":4,"13":13,"14":17,"15":5,"16":3,"17":18,"18":6,"19":10,"1":18,"2":9,"3":13,"4":5,"5":17,"6":1,"7":14,"8":2,"9":15,"20":12,"21":8}},{"Modalità dinamica :":false,"Q : ":4,"STARTING PARTITION: ":{"22":7,"23":6,"24":7,"25":3,"26":6,"27":12,"28":8,"29":7,"30":6,"10":4,"11":4,"12":4,"13":5,"14":11,"15":15,"16":3,"17":11,"18":6,"19":10,"1":4,"2":14,"3":14,"4":3,"5":4,"6":15,"7":15,"8":4,"9":7,"20":12,"21":8},"LAST COALITION":[[],[{"utility":0,"ID":8}],[{"utility":96,"ID":17},{"utility":86,"ID":6}],[{"utility":30,"ID":16},{"utility":5,"ID":25}],[{"utility":51.5,"ID":10},{"utility":39,"ID":11},{"utility":71,"ID":12}],[{"utility":88,"ID":4},{"utility":26,"ID":15}],[{"utility":55.666666666666664,"ID":18},{"utility":79.66666666666667,"ID":23},{"utility":65.66666666666667,"ID":26},{"utility":53.666666666666664,"ID":30}],[{"utility":91,"ID":24},{"utility":85,"ID":29}],[{"utility":91,"ID":21},{"utility":50,"ID":28}],[{"utility":94,"ID":2},{"utility":79,"ID":22}],[{"utility":0,"ID":19}],[{"utility":0,"ID":7}],[{"utility":57,"ID":20},{"utility":76,"ID":27}],[{"utility":77,"ID":3},{"utility":55,"ID":13}],[],[{"utility":0,"ID":9}],[],[{"utility":86,"ID":5},{"utility":55,"ID":14}],[{"utility":0,"ID":1}],[],[],[],[],[],[],[],[],[],[],[],[]],"STARTING COALITION: ":[[null],[],[],[{"utility":70,"ID":4},{"utility":44.5,"ID":16},{"utility":24.5,"ID":25}],[{"utility":57.6,"ID":1},{"utility":69,"ID":5},{"utility":29.2,"ID":8},{"utility":47.4,"ID":10},{"utility":17.4,"ID":11},{"utility":52.6,"ID":12}],[{"utility":0,"ID":13}],[{"utility":55.666666666666664,"ID":18},{"utility":79.66666666666667,"ID":23},{"utility":65.66666666666667,"ID":26},{"utility":53.666666666666664,"ID":30}],[{"utility":58.333333333333336,"ID":9},{"utility":32.333333333333336,"ID":22},{"utility":80,"ID":24},{"utility":46.666666666666664,"ID":29}],[{"utility":91,"ID":21},{"utility":50,"ID":28}],[],[{"utility":0,"ID":19}],[{"utility":6,"ID":14},{"utility":46,"ID":17}],[{"utility":57,"ID":20},{"utility":76,"ID":27}],[],[{"utility":75,"ID":2},{"utility":35,"ID":3}],[{"utility":51.5,"ID":6},{"utility":68,"ID":7},{"utility":71.5,"ID":15}],[],[],[],[],[],[],[],[],[],[],[],[],[],[],[]],"CORE :":false,"Relazioni :":870,"Time : ":0.4,"LAST PARTITION":{"22":9,"23":6,"24":7,"25":3,"26":6,"27":12,"28":8,"29":7,"30":6,"10":4,"11":4,"12":4,"13":13,"14":17,"15":5,"16":3,"17":2,"18":6,"19":10,"1":18,"2":9,"3":13,"4":5,"5":17,"6":2,"7":11,"8":1,"9":15,"20":12,"21":8}},{"Modalità dinamica :":false,"Q : ":5,"STARTING PARTITION: ":{"22":7,"23":6,"24":7,"25":3,"26":6,"27":12,"28":8,"29":7,"30":6,"10":4,"11":4,"12":4,"13":5,"14":11,"15":15,"16":3,"17":11,"18":6,"19":10,"1":4,"2":14,"3":14,"4":3,"5":4,"6":15,"7":15,"8":4,"9":7,"20":12,"21":8},"LAST COALITION":[[],[{"utility":0,"ID":8}],[{"utility":96,"ID":17},{"utility":86,"ID":6}],[{"utility":30,"ID":16},{"utility":5,"ID":25}],[{"utility":51.5,"ID":10},{"utility":39,"ID":11},{"utility":71,"ID":12}],[{"utility":88,"ID":4},{"utility":26,"ID":15}],[{"utility":55.666666666666664,"ID":18},{"utility":79.66666666666667,"ID":23},{"utility":65.66666666666667,"ID":26},{"utility":53.666666666666664,"ID":30}],[{"utility":91,"ID":24},{"utility":85,"ID":29}],[{"utility":91,"ID":21},{"utility":50,"ID":28}],[{"utility":94,"ID":2},{"utility":79,"ID":22}],[{"utility":0,"ID":19}],[{"utility":0,"ID":7}],[{"utility":57,"ID":20},{"utility":76,"ID":27}],[{"utility":77,"ID":3},{"utility":55,"ID":13}],[],[{"utility":0,"ID":9}],[],[{"utility":86,"ID":5},{"utility":55,"ID":14}],[{"utility":0,"ID":1}],[],[],[],[],[],[],[],[],[],[],[],[]],"STARTING COALITION: ":[[null],[],[],[{"utility":70,"ID":4},{"utility":44.5,"ID":16},{"utility":24.5,"ID":25}],[{"utility":57.6,"ID":1},{"utility":69,"ID":5},{"utility":29.2,"ID":8},{"utility":47.4,"ID":10},{"utility":17.4,"ID":11},{"utility":52.6,"ID":12}],[{"utility":0,"ID":13}],[{"utility":55.666666666666664,"ID":18},{"utility":79.66666666666667,"ID":23},{"utility":65.66666666666667,"ID":26},{"utility":53.666666666666664,"ID":30}],[{"utility":58.333333333333336,"ID":9},{"utility":32.333333333333336,"ID":22},{"utility":80,"ID":24},{"utility":46.666666666666664,"ID":29}],[{"utility":91,"ID":21},{"utility":50,"ID":28}],[],[{"utility":0,"ID":19}],[{"utility":6,"ID":14},{"utility":46,"ID":17}],[{"utility":57,"ID":20},{"utility":76,"ID":27}],[],[{"utility":75,"ID":2},{"utility":35,"ID":3}],[{"utility":51.5,"ID":6},{"utility":68,"ID":7},{"utility":71.5,"ID":15}],[],[],[],[],[],[],[],[],[],[],[],[],[],[],[]],"CORE :":false,"Relazioni :":870,"Time : ":0.2,"LAST PARTITION":{"22":9,"23":6,"24":7,"25":3,"26":6,"27":12,"28":8,"29":7,"30":6,"10":4,"11":4,"12":4,"13":13,"14":17,"15":5,"16":3,"17":2,"18":6,"19":10,"1":18,"2":9,"3":13,"4":5,"5":17,"6":2,"7":11,"8":1,"9":15,"20":12,"21":8}},{"Modalità dinamica :":false,"Q : ":5,"STARTING PARTITION: ":{"22":7,"23":6,"24":7,"25":3,"26":6,"27":12,"28":8,"29":7,"30":6,"10":4,"11":4,"12":4,"13":5,"14":11,"15":15,"16":3,"17":11,"18":6,"19":10,"1":4,"2":14,"3":14,"4":3,"5":4,"6":15,"7":15,"8":4,"9":7,"20":12,"21":8},"LAST COALITION":[[],[{"utility":0,"ID":8}],[{"utility":68,"ID":4},{"utility":25,"ID":6}],[{"utility":30,"ID":16},{"utility":5,"ID":25}],[{"utility":51.5,"ID":10},{"utility":39,"ID":11},{"utility":71,"ID":12}],[],[{"utility":55.666666666666664,"ID":18},{"utility":79.66666666666667,"ID":23},{"utility":65.66666666666667,"ID":26},{"utility":53.666666666666664,"ID":30}],[{"utility":91,"ID":24},{"utility":85,"ID":29}],[{"utility":91,"ID":21},{"utility":50,"ID":28}],[{"utility":94,"ID":2},{"utility":79,"ID":22}],[{"utility":0,"ID":19}],[{"utility":0,"ID":7}],[{"utility":57,"ID":20},{"utility":76,"ID":27}],[{"utility":77,"ID":3},{"utility":55,"ID":13}],[],[{"utility":0,"ID":9}],[{"utility":0,"ID":15}],[{"utility":86,"ID":5},{"utility":55,"ID":14}],[{"utility":98,"ID":1},{"utility":87,"ID":17}],[],[],[],[],[],[],[],[],[],[],[],[]],"STARTING COALITION: ":[[null],[],[],[{"utility":70,"ID":4},{"utility":44.5,"ID":16},{"utility":24.5,"ID":25}],[{"utility":57.6,"ID":1},{"utility":69,"ID":5},{"utility":29.2,"ID":8},{"utility":47.4,"ID":10},{"utility":17.4,"ID":11},{"utility":52.6,"ID":12}],[{"utility":0,"ID":13}],[{"utility":55.666666666666664,"ID":18},{"utility":79.66666666666667,"ID":23},{"utility":65.66666666666667,"ID":26},{"utility":53.666666666666664,"ID":30}],[{"utility":58.333333333333336,"ID":9},{"utility":32.333333333333336,"ID":22},{"utility":80,"ID":24},{"utility":46.666666666666664,"ID":29}],[{"utility":91,"ID":21},{"utility":50,"ID":28}],[],[{"utility":0,"ID":19}],[{"utility":6,"ID":14},{"utility":46,"ID":17}],[{"utility":57,"ID":20},{"utility":76,"ID":27}],[],[{"utility":75,"ID":2},{"utility":35,"ID":3}],[{"utility":51.5,"ID":6},{"utility":68,"ID":7},{"utility":71.5,"ID":15}],[],[],[],[],[],[],[],[],[],[],[],[],[],[],[]],"CORE :":false,"Relazioni :":870,"Time : ":0.4,"LAST PARTITION":{"22":9,"23":6,"24":7,"25":3,"26":6,"27":12,"28":8,"29":7,"30":6,"10":4,"11":4,"12":4,"13":13,"14":17,"15":16,"16":3,"17":18,"18":6,"19":10,"1":18,"2":9,"3":13,"4":2,"5":17,"6":2,"7":11,"8":1,"9":15,"20":12,"21":8}},{"Modalità dinamica :":false,"Q : ":6,"STARTING PARTITION: ":{"22":7,"23":6,"24":7,"25":3,"26":6,"27":12,"28":8,"29":7,"30":6,"10":4,"11":4,"12":4,"13":5,"14":11,"15":15,"16":3,"17":11,"18":6,"19":10,"1":4,"2":14,"3":14,"4":3,"5":4,"6":15,"7":15,"8":4,"9":7,"20":12,"21":8},"LAST COALITION":[[],[{"utility":84,"ID":6},{"utility":6,"ID":8}],[],[{"utility":30,"ID":16},{"utility":5,"ID":25}],[{"utility":51.5,"ID":10},{"utility":39,"ID":11},{"utility":71,"ID":12}],[{"utility":88,"ID":4},{"utility":26,"ID":15}],[{"utility":55.666666666666664,"ID":18},{"utility":79.66666666666667,"ID":23},{"utility":65.66666666666667,"ID":26},{"utility":53.666666666666664,"ID":30}],[{"utility":91,"ID":24},{"utility":85,"ID":29}],[{"utility":91,"ID":21},{"utility":50,"ID":28}],[{"utility":94,"ID":2},{"utility":79,"ID":22}],[{"utility":0,"ID":19}],[{"utility":0,"ID":7}],[{"utility":57,"ID":20},{"utility":76,"ID":27}],[{"utility":77,"ID":3},{"utility":55,"ID":13}],[],[{"utility":0,"ID":9}],[],[{"utility":86,"ID":5},{"utility":55,"ID":14}],[{"utility":98,"ID":1},{"utility":87,"ID":17}],[],[],[],[],[],[],[],[],[],[],[],[]],"STARTING COALITION: ":[[null],[],[],[{"utility":70,"ID":4},{"utility":44.5,"ID":16},{"utility":24.5,"ID":25}],[{"utility":57.6,"ID":1},{"utility":69,"ID":5},{"utility":29.2,"ID":8},{"utility":47.4,"ID":10},{"utility":17.4,"ID":11},{"utility":52.6,"ID":12}],[{"utility":0,"ID":13}],[{"utility":55.666666666666664,"ID":18},{"utility":79.66666666666667,"ID":23},{"utility":65.66666666666667,"ID":26},{"utility":53.666666666666664,"ID":30}],[{"utility":58.333333333333336,"ID":9},{"utility":32.333333333333336,"ID":22},{"utility":80,"ID":24},{"utility":46.666666666666664,"ID":29}],[{"utility":91,"ID":21},{"utility":50,"ID":28}],[],[{"utility":0,"ID":19}],[{"utility":6,"ID":14},{"utility":46,"ID":17}],[{"utility":57,"ID":20},{"utility":76,"ID":27}],[],[{"utility":75,"ID":2},{"utility":35,"ID":3}],[{"utility":51.5,"ID":6},{"utility":68,"ID":7},{"utility":71.5,"ID":15}],[],[],[],[],[],[],[],[],[],[],[],[],[],[],[]],"CORE :":false,"Relazioni :":870,"Time : ":0.2,"LAST PARTITION":{"22":9,"23":6,"24":7,"25":3,"26":6,"27":12,"28":8,"29":7,"30":6,"10":4,"11":4,"12":4,"13":13,"14":17,"15":5,"16":3,"17":18,"18":6,"19":10,"1":18,"2":9,"3":13,"4":5,"5":17,"6":1,"7":11,"8":1,"9":15,"20":12,"21":8}},{"Modalità dinamica :":false,"Q : ":6,"STARTING PARTITION: ":{"22":7,"23":6,"24":7,"25":3,"26":6,"27":12,"28":8,"29":7,"30":6,"10":4,"11":4,"12":4,"13":5,"14":11,"15":15,"16":3,"17":11,"18":6,"19":10,"1":4,"2":14,"3":14,"4":3,"5":4,"6":15,"7":15,"8":4,"9":7,"20":12,"21":8},"LAST COALITION":[[],[{"utility":96,"ID":17},{"utility":86,"ID":6}],[{"utility":0,"ID":8}],[{"utility":30,"ID":16},{"utility":5,"ID":25}],[{"utility":51.5,"ID":10},{"utility":39,"ID":11},{"utility":71,"ID":12}],[{"utility":88,"ID":4},{"utility":26,"ID":15}],[{"utility":55.666666666666664,"ID":18},{"utility":79.66666666666667,"ID":23},{"utility":65.66666666666667,"ID":26},{"utility":53.666666666666664,"ID":30}],[{"utility":91,"ID":24},{"utility":85,"ID":29}],[{"utility":91,"ID":21},{"utility":50,"ID":28}],[{"utility":94,"ID":2},{"utility":79,"ID":22}],[{"utility":0,"ID":19}],[],[{"utility":57,"ID":20},{"utility":76,"ID":27}],[{"utility":77,"ID":3},{"utility":55,"ID":13}],[{"utility":0,"ID":7}],[{"utility":0,"ID":9}],[],[{"utility":86,"ID":5},{"utility":55,"ID":14}],[{"utility":0,"ID":1}],[],[],[],[],[],[],[],[],[],[],[],[]],"STARTING COALITION: ":[[null],[],[],[{"utility":70,"ID":4},{"utility":44.5,"ID":16},{"utility":24.5,"ID":25}],[{"utility":57.6,"ID":1},{"utility":69,"ID":5},{"utility":29.2,"ID":8},{"utility":47.4,"ID":10},{"utility":17.4,"ID":11},{"utility":52.6,"ID":12}],[{"utility":0,"ID":13}],[{"utility":55.666666666666664,"ID":18},{"utility":79.66666666666667,"ID":23},{"utility":65.66666666666667,"ID":26},{"utility":53.666666666666664,"ID":30}],[{"utility":58.333333333333336,"ID":9},{"utility":32.333333333333336,"ID":22},{"utility":80,"ID":24},{"utility":46.666666666666664,"ID":29}],[{"utility":91,"ID":21},{"utility":50,"ID":28}],[],[{"utility":0,"ID":19}],[{"utility":6,"ID":14},{"utility":46,"ID":17}],[{"utility":57,"ID":20},{"utility":76,"ID":27}],[],[{"utility":75,"ID":2},{"utility":35,"ID":3}],[{"utility":51.5,"ID":6},{"utility":68,"ID":7},{"utility":71.5,"ID":15}],[],[],[],[],[],[],[],[],[],[],[],[],[],[],[]],"CORE :":false,"Relazioni :":870,"Time : ":0.4,"LAST PARTITION":{"22":9,"23":6,"24":7,"25":3,"26":6,"27":12,"28":8,"29":7,"30":6,"10":4,"11":4,"12":4,"13":13,"14":17,"15":5,"16":3,"17":1,"18":6,"19":10,"1":18,"2":9,"3":13,"4":5,"5":17,"6":1,"7":14,"8":2,"9":15,"20":12,"21":8}},{"Modalità dinamica :":false,"Q : ":7,"STARTING PARTITION: ":{"22":7,"23":6,"24":7,"25":3,"26":6,"27":12,"28":8,"29":7,"30":6,"10":4,"11":4,"12":4,"13":5,"14":11,"15":15,"16":3,"17":11,"18":6,"19":10,"1":4,"2":14,"3":14,"4":3,"5":4,"6":15,"7":15,"8":4,"9":7,"20":12,"21":8},"LAST COALITION":[[],[{"utility":0,"ID":8}],[{"utility":68,"ID":4},{"utility":25,"ID":6}],[{"utility":30,"ID":16},{"utility":5,"ID":25}],[{"utility":51.5,"ID":10},{"utility":39,"ID":11},{"utility":71,"ID":12}],[],[{"utility":55.666666666666664,"ID":18},{"utility":79.66666666666667,"ID":23},{"utility":65.66666666666667,"ID":26},{"utility":53.666666666666664,"ID":30}],[{"utility":91,"ID":24},{"utility":85,"ID":29}],[{"utility":91,"ID":21},{"utility":50,"ID":28}],[{"utility":94,"ID":2},{"utility":79,"ID":22}],[{"utility":0,"ID":19}],[{"utility":0,"ID":7}],[{"utility":57,"ID":20},{"utility":76,"ID":27}],[{"utility":77,"ID":3},{"utility":55,"ID":13}],[],[{"utility":0,"ID":9}],[{"utility":0,"ID":15}],[{"utility":86,"ID":5},{"utility":55,"ID":14}],[{"utility":98,"ID":1},{"utility":87,"ID":17}],[],[],[],[],[],[],[],[],[],[],[],[]],"STARTING COALITION: ":[[null],[],[],[{"utility":70,"ID":4},{"utility":44.5,"ID":16},{"utility":24.5,"ID":25}],[{"utility":57.6,"ID":1},{"utility":69,"ID":5},{"utility":29.2,"ID":8},{"utility":47.4,"ID":10},{"utility":17.4,"ID":11},{"utility":52.6,"ID":12}],[{"utility":0,"ID":13}],[{"utility":55.666666666666664,"ID":18},{"utility":79.66666666666667,"ID":23},{"utility":65.66666666666667,"ID":26},{"utility":53.666666666666664,"ID":30}],[{"utility":58.333333333333336,"ID":9},{"utility":32.333333333333336,"ID":22},{"utility":80,"ID":24},{"utility":46.666666666666664,"ID":29}],[{"utility":91,"ID":21},{"utility":50,"ID":28}],[],[{"utility":0,"ID":19}],[{"utility":6,"ID":14},{"utility":46,"ID":17}],[{"utility":57,"ID":20},{"utility":76,"ID":27}],[],[{"utility":75,"ID":2},{"utility":35,"ID":3}],[{"utility":51.5,"ID":6},{"utility":68,"ID":7},{"utility":71.5,"ID":15}],[],[],[],[],[],[],[],[],[],[],[],[],[],[],[]],"CORE :":false,"Relazioni :":870,"Time : ":0.2,"LAST PARTITION":{"22":9,"23":6,"24":7,"25":3,"26":6,"27":12,"28":8,"29":7,"30":6,"10":4,"11":4,"12":4,"13":13,"14":17,"15":16,"16":3,"17":18,"18":6,"19":10,"1":18,"2":9,"3":13,"4":2,"5":17,"6":2,"7":11,"8":1,"9":15,"20":12,"21":8}},{"Modalità dinamica :":false,"Q : ":7,"STARTING PARTITION: ":{"22":7,"23":6,"24":7,"25":3,"26":6,"27":12,"28":8,"29":7,"30":6,"10":4,"11":4,"12":4,"13":5,"14":11,"15":15,"16":3,"17":11,"18":6,"19":10,"1":4,"2":14,"3":14,"4":3,"5":4,"6":15,"7":15,"8":4,"9":7,"20":12,"21":8},"LAST COALITION":[[],[],[{"utility":84,"ID":6},{"utility":6,"ID":8}],[{"utility":30,"ID":16},{"utility":5,"ID":25}],[{"utility":51.5,"ID":10},{"utility":39,"ID":11},{"utility":71,"ID":12}],[{"utility":88,"ID":4},{"utility":26,"ID":15}],[{"utility":55.666666666666664,"ID":18},{"utility":79.66666666666667,"ID":23},{"utility":65.66666666666667,"ID":26},{"utility":53.666666666666664,"ID":30}],[{"utility":91,"ID":24},{"utility":85,"ID":29}],[{"utility":91,"ID":21},{"utility":50,"ID":28}],[{"utility":94,"ID":2},{"utility":79,"ID":22}],[{"utility":0,"ID":19}],[],[{"utility":57,"ID":20},{"utility":76,"ID":27}],[{"utility":77,"ID":3},{"utility":55,"ID":13}],[{"utility":0,"ID":7}],[{"utility":0,"ID":9}],[],[{"utility":86,"ID":5},{"utility":55,"ID":14}],[{"utility":98,"ID":1},{"utility":87,"ID":17}],[],[],[],[],[],[],[],[],[],[],[],[]],"STARTING COALITION: ":[[null],[],[],[{"utility":70,"ID":4},{"utility":44.5,"ID":16},{"utility":24.5,"ID":25}],[{"utility":57.6,"ID":1},{"utility":69,"ID":5},{"utility":29.2,"ID":8},{"utility":47.4,"ID":10},{"utility":17.4,"ID":11},{"utility":52.6,"ID":12}],[{"utility":0,"ID":13}],[{"utility":55.666666666666664,"ID":18},{"utility":79.66666666666667,"ID":23},{"utility":65.66666666666667,"ID":26},{"utility":53.666666666666664,"ID":30}],[{"utility":58.333333333333336,"ID":9},{"utility":32.333333333333336,"ID":22},{"utility":80,"ID":24},{"utility":46.666666666666664,"ID":29}],[{"utility":91,"ID":21},{"utility":50,"ID":28}],[],[{"utility":0,"ID":19}],[{"utility":6,"ID":14},{"utility":46,"ID":17}],[{"utility":57,"ID":20},{"utility":76,"ID":27}],[],[{"utility":75,"ID":2},{"utility":35,"ID":3}],[{"utility":51.5,"ID":6},{"utility":68,"ID":7},{"utility":71.5,"ID":15}],[],[],[],[],[],[],[],[],[],[],[],[],[],[],[]],"CORE :":false,"Relazioni :":870,"Time : ":0.4,"LAST PARTITION":{"22":9,"23":6,"24":7,"25":3,"26":6,"27":12,"28":8,"29":7,"30":6,"10":4,"11":4,"12":4,"13":13,"14":17,"15":5,"16":3,"17":18,"18":6,"19":10,"1":18,"2":9,"3":13,"4":5,"5":17,"6":2,"7":14,"8":2,"9":15,"20":12,"21":8}},{"Modalità dinamica :":false,"Q : ":8,"STARTING PARTITION: ":{"22":7,"23":6,"24":7,"25":3,"26":6,"27":12,"28":8,"29":7,"30":6,"10":4,"11":4,"12":4,"13":5,"14":11,"15":15,"16":3,"17":11,"18":6,"19":10,"1":4,"2":14,"3":14,"4":3,"5":4,"6":15,"7":15,"8":4,"9":7,"20":12,"21":8},"LAST COALITION":[[],[],[{"utility":84,"ID":6},{"utility":6,"ID":8}],[{"utility":30,"ID":16},{"utility":5,"ID":25}],[{"utility":51.5,"ID":10},{"utility":39,"ID":11},{"utility":71,"ID":12}],[{"utility":88,"ID":4},{"utility":26,"ID":15}],[{"utility":55.666666666666664,"ID":18},{"utility":79.66666666666667,"ID":23},{"utility":65.66666666666667,"ID":26},{"utility":53.666666666666664,"ID":30}],[{"utility":91,"ID":24},{"utility":85,"ID":29}],[{"utility":91,"ID":21},{"utility":50,"ID":28}],[{"utility":94,"ID":2},{"utility":79,"ID":22}],[{"utility":0,"ID":19}],[],[{"utility":57,"ID":20},{"utility":76,"ID":27}],[{"utility":77,"ID":3},{"utility":55,"ID":13}],[{"utility":0,"ID":7}],[{"utility":0,"ID":9}],[],[{"utility":86,"ID":5},{"utility":55,"ID":14}],[{"utility":98,"ID":1},{"utility":87,"ID":17}],[],[],[],[],[],[],[],[],[],[],[],[]],"STARTING COALITION: ":[[null],[],[],[{"utility":70,"ID":4},{"utility":44.5,"ID":16},{"utility":24.5,"ID":25}],[{"utility":57.6,"ID":1},{"utility":69,"ID":5},{"utility":29.2,"ID":8},{"utility":47.4,"ID":10},{"utility":17.4,"ID":11},{"utility":52.6,"ID":12}],[{"utility":0,"ID":13}],[{"utility":55.666666666666664,"ID":18},{"utility":79.66666666666667,"ID":23},{"utility":65.66666666666667,"ID":26},{"utility":53.666666666666664,"ID":30}],[{"utility":58.333333333333336,"ID":9},{"utility":32.333333333333336,"ID":22},{"utility":80,"ID":24},{"utility":46.666666666666664,"ID":29}],[{"utility":91,"ID":21},{"utility":50,"ID":28}],[],[{"utility":0,"ID":19}],[{"utility":6,"ID":14},{"utility":46,"ID":17}],[{"utility":57,"ID":20},{"utility":76,"ID":27}],[],[{"utility":75,"ID":2},{"utility":35,"ID":3}],[{"utility":51.5,"ID":6},{"utility":68,"ID":7},{"utility":71.5,"ID":15}],[],[],[],[],[],[],[],[],[],[],[],[],[],[],[]],"CORE :":false,"Relazioni :":870,"Time : ":0.2,"LAST PARTITION":{"22":9,"23":6,"24":7,"25":3,"26":6,"27":12,"28":8,"29":7,"30":6,"10":4,"11":4,"12":4,"13":13,"14":17,"15":5,"16":3,"17":18,"18":6,"19":10,"1":18,"2":9,"3":13,"4":5,"5":17,"6":2,"7":14,"8":2,"9":15,"20":12,"21":8}},{"Modalità dinamica :":false,"Q : ":8,"STARTING PARTITION: ":{"22":7,"23":6,"24":7,"25":3,"26":6,"27":12,"28":8,"29":7,"30":6,"10":4,"11":4,"12":4,"13":5,"14":11,"15":15,"16":3,"17":11,"18":6,"19":10,"1":4,"2":14,"3":14,"4":3,"5":4,"6":15,"7":15,"8":4,"9":7,"20":12,"21":8},"LAST COALITION":[[],[{"utility":0,"ID":8}],[{"utility":0,"ID":6}],[{"utility":30,"ID":16},{"utility":5,"ID":25}],[{"utility":51.5,"ID":10},{"utility":39,"ID":11},{"utility":71,"ID":12}],[{"utility":88,"ID":4},{"utility":26,"ID":15}],[{"utility":55.666666666666664,"ID":18},{"utility":79.66666666666667,"ID":23},{"utility":65.66666666666667,"ID":26},{"utility":53.666666666666664,"ID":30}],[{"utility":91,"ID":24},{"utility":85,"ID":29}],[{"utility":91,"ID":21},{"utility":50,"ID":28}],[{"utility":94,"ID":2},{"utility":79,"ID":22}],[{"utility":0,"ID":19}],[{"utility":0,"ID":7}],[{"utility":57,"ID":20},{"utility":76,"ID":27}],[{"utility":77,"ID":3},{"utility":55,"ID":13}],[],[{"utility":0,"ID":9}],[],[{"utility":86,"ID":5},{"utility":55,"ID":14}],[{"utility":98,"ID":1},{"utility":87,"ID":17}],[],[],[],[],[],[],[],[],[],[],[],[]],"STARTING COALITION: ":[[null],[],[],[{"utility":70,"ID":4},{"utility":44.5,"ID":16},{"utility":24.5,"ID":25}],[{"utility":57.6,"ID":1},{"utility":69,"ID":5},{"utility":29.2,"ID":8},{"utility":47.4,"ID":10},{"utility":17.4,"ID":11},{"utility":52.6,"ID":12}],[{"utility":0,"ID":13}],[{"utility":55.666666666666664,"ID":18},{"utility":79.66666666666667,"ID":23},{"utility":65.66666666666667,"ID":26},{"utility":53.666666666666664,"ID":30}],[{"utility":58.333333333333336,"ID":9},{"utility":32.333333333333336,"ID":22},{"utility":80,"ID":24},{"utility":46.666666666666664,"ID":29}],[{"utility":91,"ID":21},{"utility":50,"ID":28}],[],[{"utility":0,"ID":19}],[{"utility":6,"ID":14},{"utility":46,"ID":17}],[{"utility":57,"ID":20},{"utility":76,"ID":27}],[],[{"utility":75,"ID":2},{"utility":35,"ID":3}],[{"utility":51.5,"ID":6},{"utility":68,"ID":7},{"utility":71.5,"ID":15}],[],[],[],[],[],[],[],[],[],[],[],[],[],[],[]],"CORE :":false,"Relazioni :":870,"Time : ":0.4,"LAST PARTITION":{"22":9,"23":6,"24":7,"25":3,"26":6,"27":12,"28":8,"29":7,"30":6,"10":4,"11":4,"12":4,"13":13,"14":17,"15":5,"16":3,"17":18,"18":6,"19":10,"1":18,"2":9,"3":13,"4":5,"5":17,"6":2,"7":11,"8":1,"9":15,"20":12,"21":8}},{"Modalità dinamica :":false,"Q : ":9,"STARTING PARTITION: ":{"22":7,"23":6,"24":7,"25":3,"26":6,"27":12,"28":8,"29":7,"30":6,"10":4,"11":4,"12":4,"13":5,"14":11,"15":15,"16":3,"17":11,"18":6,"19":10,"1":4,"2":14,"3":14,"4":3,"5":4,"6":15,"7":15,"8":4,"9":7,"20":12,"21":8},"LAST COALITION":[[],[{"utility":96,"ID":17},{"utility":86,"ID":6}],[{"utility":0,"ID":8}],[{"utility":30,"ID":16},{"utility":5,"ID":25}],[{"utility":51.5,"ID":10},{"utility":39,"ID":11},{"utility":71,"ID":12}],[{"utility":88,"ID":4},{"utility":26,"ID":15}],[{"utility":55.666666666666664,"ID":18},{"utility":79.66666666666667,"ID":23},{"utility":65.66666666666667,"ID":26},{"utility":53.666666666666664,"ID":30}],[{"utility":91,"ID":24},{"utility":85,"ID":29}],[{"utility":91,"ID":21},{"utility":50,"ID":28}],[{"utility":94,"ID":2},{"utility":79,"ID":22}],[{"utility":0,"ID":19}],[],[{"utility":57,"ID":20},{"utility":76,"ID":27}],[{"utility":77,"ID":3},{"utility":55,"ID":13}],[{"utility":0,"ID":7}],[{"utility":0,"ID":9}],[],[{"utility":86,"ID":5},{"utility":55,"ID":14}],[{"utility":0,"ID":1}],[],[],[],[],[],[],[],[],[],[],[],[]],"STARTING COALITION: ":[[null],[],[],[{"utility":70,"ID":4},{"utility":44.5,"ID":16},{"utility":24.5,"ID":25}],[{"utility":57.6,"ID":1},{"utility":69,"ID":5},{"utility":29.2,"ID":8},{"utility":47.4,"ID":10},{"utility":17.4,"ID":11},{"utility":52.6,"ID":12}],[{"utility":0,"ID":13}],[{"utility":55.666666666666664,"ID":18},{"utility":79.66666666666667,"ID":23},{"utility":65.66666666666667,"ID":26},{"utility":53.666666666666664,"ID":30}],[{"utility":58.333333333333336,"ID":9},{"utility":32.333333333333336,"ID":22},{"utility":80,"ID":24},{"utility":46.666666666666664,"ID":29}],[{"utility":91,"ID":21},{"utility":50,"ID":28}],[],[{"utility":0,"ID":19}],[{"utility":6,"ID":14},{"utility":46,"ID":17}],[{"utility":57,"ID":20},{"utility":76,"ID":27}],[],[{"utility":75,"ID":2},{"utility":35,"ID":3}],[{"utility":51.5,"ID":6},{"utility":68,"ID":7},{"utility":71.5,"ID":15}],[],[],[],[],[],[],[],[],[],[],[],[],[],[],[]],"CORE :":false,"Relazioni :":870,"Time : ":0.2,"LAST PARTITION":{"22":9,"23":6,"24":7,"25":3,"26":6,"27":12,"28":8,"29":7,"30":6,"10":4,"11":4,"12":4,"13":13,"14":17,"15":5,"16":3,"17":1,"18":6,"19":10,"1":18,"2":9,"3":13,"4":5,"5":17,"6":1,"7":14,"8":2,"9":15,"20":12,"21":8}},{"Modalità dinamica :":false,"Q : ":9,"STARTING PARTITION: ":{"22":7,"23":6,"24":7,"25":3,"26":6,"27":12,"28":8,"29":7,"30":6,"10":4,"11":4,"12":4,"13":5,"14":11,"15":15,"16":3,"17":11,"18":6,"19":10,"1":4,"2":14,"3":14,"4":3,"5":4,"6":15,"7":15,"8":4,"9":7,"20":12,"21":8},"LAST COALITION":[[],[{"utility":0,"ID":8}],[{"utility":68,"ID":4},{"utility":25,"ID":6}],[{"utility":30,"ID":16},{"utility":5,"ID":25}],[{"utility":51.5,"ID":10},{"utility":39,"ID":11},{"utility":71,"ID":12}],[],[{"utility":55.666666666666664,"ID":18},{"utility":79.66666666666667,"ID":23},{"utility":65.66666666666667,"ID":26},{"utility":53.666666666666664,"ID":30}],[{"utility":91,"ID":24},{"utility":85,"ID":29}],[{"utility":91,"ID":21},{"utility":50,"ID":28}],[{"utility":94,"ID":2},{"utility":79,"ID":22}],[{"utility":0,"ID":19}],[{"utility":0,"ID":7}],[{"utility":57,"ID":20},{"utility":76,"ID":27}],[{"utility":77,"ID":3},{"utility":55,"ID":13}],[],[{"utility":0,"ID":9}],[{"utility":0,"ID":15}],[{"utility":86,"ID":5},{"utility":55,"ID":14}],[{"utility":98,"ID":1},{"utility":87,"ID":17}],[],[],[],[],[],[],[],[],[],[],[],[]],"STARTING COALITION: ":[[null],[],[],[{"utility":70,"ID":4},{"utility":44.5,"ID":16},{"utility":24.5,"ID":25}],[{"utility":57.6,"ID":1},{"utility":69,"ID":5},{"utility":29.2,"ID":8},{"utility":47.4,"ID":10},{"utility":17.4,"ID":11},{"utility":52.6,"ID":12}],[{"utility":0,"ID":13}],[{"utility":55.666666666666664,"ID":18},{"utility":79.66666666666667,"ID":23},{"utility":65.66666666666667,"ID":26},{"utility":53.666666666666664,"ID":30}],[{"utility":58.333333333333336,"ID":9},{"utility":32.333333333333336,"ID":22},{"utility":80,"ID":24},{"utility":46.666666666666664,"ID":29}],[{"utility":91,"ID":21},{"utility":50,"ID":28}],[],[{"utility":0,"ID":19}],[{"utility":6,"ID":14},{"utility":46,"ID":17}],[{"utility":57,"ID":20},{"utility":76,"ID":27}],[],[{"utility":75,"ID":2},{"utility":35,"ID":3}],[{"utility":51.5,"ID":6},{"utility":68,"ID":7},{"utility":71.5,"ID":15}],[],[],[],[],[],[],[],[],[],[],[],[],[],[],[]],"CORE :":false,"Relazioni :":870,"Time : ":0.4,"LAST PARTITION":{"22":9,"23":6,"24":7,"25":3,"26":6,"27":12,"28":8,"29":7,"30":6,"10":4,"11":4,"12":4,"13":13,"14":17,"15":16,"16":3,"17":18,"18":6,"19":10,"1":18,"2":9,"3":13,"4":2,"5":17,"6":2,"7":11,"8":1,"9":15,"20":12,"21":8}},{"Modalità dinamica :":false,"Q : ":10,"STARTING PARTITION: ":{"22":7,"23":6,"24":7,"25":3,"26":6,"27":12,"28":8,"29":7,"30":6,"10":4,"11":4,"12":4,"13":5,"14":11,"15":15,"16":3,"17":11,"18":6,"19":10,"1":4,"2":14,"3":14,"4":3,"5":4,"6":15,"7":15,"8":4,"9":7,"20":12,"21":8},"LAST COALITION":[[],[],[{"utility":84,"ID":6},{"utility":6,"ID":8}],[{"utility":30,"ID":16},{"utility":5,"ID":25}],[{"utility":51.5,"ID":10},{"utility":39,"ID":11},{"utility":71,"ID":12}],[{"utility":88,"ID":4},{"utility":26,"ID":15}],[{"utility":55.666666666666664,"ID":18},{"utility":79.66666666666667,"ID":23},{"utility":65.66666666666667,"ID":26},{"utility":53.666666666666664,"ID":30}],[{"utility":91,"ID":24},{"utility":85,"ID":29}],[{"utility":91,"ID":21},{"utility":50,"ID":28}],[{"utility":94,"ID":2},{"utility":79,"ID":22}],[{"utility":0,"ID":19}],[],[{"utility":57,"ID":20},{"utility":76,"ID":27}],[{"utility":77,"ID":3},{"utility":55,"ID":13}],[{"utility":0,"ID":7}],[{"utility":0,"ID":9}],[],[{"utility":86,"ID":5},{"utility":55,"ID":14}],[{"utility":98,"ID":1},{"utility":87,"ID":17}],[],[],[],[],[],[],[],[],[],[],[],[]],"STARTING COALITION: ":[[null],[],[],[{"utility":70,"ID":4},{"utility":44.5,"ID":16},{"utility":24.5,"ID":25}],[{"utility":57.6,"ID":1},{"utility":69,"ID":5},{"utility":29.2,"ID":8},{"utility":47.4,"ID":10},{"utility":17.4,"ID":11},{"utility":52.6,"ID":12}],[{"utility":0,"ID":13}],[{"utility":55.666666666666664,"ID":18},{"utility":79.66666666666667,"ID":23},{"utility":65.66666666666667,"ID":26},{"utility":53.666666666666664,"ID":30}],[{"utility":58.333333333333336,"ID":9},{"utility":32.333333333333336,"ID":22},{"utility":80,"ID":24},{"utility":46.666666666666664,"ID":29}],[{"utility":91,"ID":21},{"utility":50,"ID":28}],[],[{"utility":0,"ID":19}],[{"utility":6,"ID":14},{"utility":46,"ID":17}],[{"utility":57,"ID":20},{"utility":76,"ID":27}],[],[{"utility":75,"ID":2},{"utility":35,"ID":3}],[{"utility":51.5,"ID":6},{"utility":68,"ID":7},{"utility":71.5,"ID":15}],[],[],[],[],[],[],[],[],[],[],[],[],[],[],[]],"CORE :":false,"Relazioni :":870,"Time : ":0.2,"LAST PARTITION":{"22":9,"23":6,"24":7,"25":3,"26":6,"27":12,"28":8,"29":7,"30":6,"10":4,"11":4,"12":4,"13":13,"14":17,"15":5,"16":3,"17":18,"18":6,"19":10,"1":18,"2":9,"3":13,"4":5,"5":17,"6":2,"7":14,"8":2,"9":15,"20":12,"21":8}},{"Modalità dinamica :":false,"Q : ":10,"STARTING PARTITION: ":{"22":7,"23":6,"24":7,"25":3,"26":6,"27":12,"28":8,"29":7,"30":6,"10":4,"11":4,"12":4,"13":5,"14":11,"15":15,"16":3,"17":11,"18":6,"19":10,"1":4,"2":14,"3":14,"4":3,"5":4,"6":15,"7":15,"8":4,"9":7,"20":12,"21":8},"LAST COALITION":[[],[{"utility":68,"ID":4},{"utility":25,"ID":6}],[{"utility":0,"ID":8}],[{"utility":30,"ID":16},{"utility":5,"ID":25}],[{"utility":51.5,"ID":10},{"utility":39,"ID":11},{"utility":71,"ID":12}],[],[{"utility":55.666666666666664,"ID":18},{"utility":79.66666666666667,"ID":23},{"utility":65.66666666666667,"ID":26},{"utility":53.666666666666664,"ID":30}],[{"utility":91,"ID":24},{"utility":85,"ID":29}],[{"utility":91,"ID":21},{"utility":50,"ID":28}],[{"utility":94,"ID":2},{"utility":79,"ID":22}],[{"utility":0,"ID":19}],[],[{"utility":57,"ID":20},{"utility":76,"ID":27}],[{"utility":77,"ID":3},{"utility":55,"ID":13}],[{"utility":0,"ID":7}],[{"utility":0,"ID":9}],[{"utility":0,"ID":15}],[{"utility":86,"ID":5},{"utility":55,"ID":14}],[{"utility":98,"ID":1},{"utility":87,"ID":17}],[],[],[],[],[],[],[],[],[],[],[],[]],"STARTING COALITION: ":[[null],[],[],[{"utility":70,"ID":4},{"utility":44.5,"ID":16},{"utility":24.5,"ID":25}],[{"utility":57.6,"ID":1},{"utility":69,"ID":5},{"utility":29.2,"ID":8},{"utility":47.4,"ID":10},{"utility":17.4,"ID":11},{"utility":52.6,"ID":12}],[{"utility":0,"ID":13}],[{"utility":55.666666666666664,"ID":18},{"utility":79.66666666666667,"ID":23},{"utility":65.66666666666667,"ID":26},{"utility":53.666666666666664,"ID":30}],[{"utility":58.333333333333336,"ID":9},{"utility":32.333333333333336,"ID":22},{"utility":80,"ID":24},{"utility":46.666666666666664,"ID":29}],[{"utility":91,"ID":21},{"utility":50,"ID":28}],[],[{"utility":0,"ID":19}],[{"utility":6,"ID":14},{"utility":46,"ID":17}],[{"utility":57,"ID":20},{"utility":76,"ID":27}],[],[{"utility":75,"ID":2},{"utility":35,"ID":3}],[{"utility":51.5,"ID":6},{"utility":68,"ID":7},{"utility":71.5,"ID":15}],[],[],[],[],[],[],[],[],[],[],[],[],[],[],[]],"CORE :":false,"Relazioni :":870,"Time : ":0.4,"LAST PARTITION":{"22":9,"23":6,"24":7,"25":3,"26":6,"27":12,"28":8,"29":7,"30":6,"10":4,"11":4,"12":4,"13":13,"14":17,"15":16,"16":3,"17":18,"18":6,"19":10,"1":18,"2":9,"3":13,"4":1,"5":17,"6":1,"7":14,"8":2,"9":15,"20":12,"21":8}},{"Modalità dinamica :":true,"Q : ":2,"STARTING PARTITION: ":{"22":7,"23":6,"24":7,"25":3,"26":6,"27":12,"28":8,"29":7,"30":6,"10":4,"11":4,"12":4,"13":5,"14":11,"15":15,"16":3,"17":11,"18":6,"19":10,"1":4,"2":14,"3":14,"4":3,"5":4,"6":15,"7":15,"8":4,"9":7,"20":12,"21":8},"LAST COALITION":[[],[],[{"utility":44,"ID":3},{"utility":98,"ID":16}],[{"utility":0,"ID":30}],[{"utility":89,"ID":17},{"utility":96,"ID":20}],[{"utility":69,"ID":2},{"utility":95,"ID":4}],[{"utility":38,"ID":9},{"utility":99,"ID":27}],[{"utility":0,"ID":21}],[{"utility":88,"ID":11},{"utility":62,"ID":19}],[{"utility":86,"ID":5},{"utility":55,"ID":14}],[{"utility":0,"ID":6}],[{"utility":95,"ID":8},{"utility":95,"ID":28}],[{"utility":69,"ID":15},{"utility":81,"ID":18}],[{"utility":69,"ID":1},{"utility":99,"ID":23}],[{"utility":91,"ID":24},{"utility":85,"ID":29}],[{"utility":0,"ID":12}],[{"utility":84,"ID":22},{"utility":78,"ID":26}],[],[{"utility":46,"ID":7},{"utility":66,"ID":10}],[],[],[{"utility":72,"ID":13},{"utility":96,"ID":25}],[],[],[],[],[],[],[],[],[]],"STARTING COALITION: ":[[null],[],[],[{"utility":70,"ID":4},{"utility":44.5,"ID":16},{"utility":24.5,"ID":25}],[{"utility":57.6,"ID":1},{"utility":69,"ID":5},{"utility":29.2,"ID":8},{"utility":47.4,"ID":10},{"utility":17.4,"ID":11},{"utility":52.6,"ID":12}],[{"utility":0,"ID":13}],[{"utility":55.666666666666664,"ID":18},{"utility":79.66666666666667,"ID":23},{"utility":65.66666666666667,"ID":26},{"utility":53.666666666666664,"ID":30}],[{"utility":58.333333333333336,"ID":9},{"utility":32.333333333333336,"ID":22},{"utility":80,"ID":24},{"utility":46.666666666666664,"ID":29}],[{"utility":91,"ID":21},{"utility":50,"ID":28}],[],[{"utility":0,"ID":19}],[{"utility":6,"ID":14},{"utility":46,"ID":17}],[{"utility":57,"ID":20},{"utility":76,"ID":27}],[],[{"utility":75,"ID":2},{"utility":35,"ID":3}],[{"utility":51.5,"ID":6},{"utility":68,"ID":7},{"utility":71.5,"ID":15}],[],[],[],[],[],[],[],[],[],[],[],[],[],[],[]],"CORE :":false,"Relazioni :":870,"Time : ":0.2,"LAST PARTITION":{"22":16,"23":13,"24":14,"25":21,"26":16,"27":6,"28":11,"29":14,"30":3,"10":18,"11":8,"12":15,"13":21,"14":9,"15":12,"16":2,"17":4,"18":12,"19":8,"1":13,"2":5,"3":2,"4":5,"5":9,"6":10,"7":18,"8":11,"9":6,"20":4,"21":7}},{"Modalità dinamica :":true,"Q : ":2,"STARTING PARTITION: ":{"22":7,"23":6,"24":7,"25":3,"26":6,"27":12,"28":8,"29":7,"30":6,"10":4,"11":4,"12":4,"13":5,"14":11,"15":15,"16":3,"17":11,"18":6,"19":10,"1":4,"2":14,"3":14,"4":3,"5":4,"6":15,"7":15,"8":4,"9":7,"20":12,"21":8},"LAST COALITION":[[],[{"utility":0,"ID":22}],[{"utility":0,"ID":1}],[{"utility":92,"ID":15},{"utility":90,"ID":19}],[{"utility":98,"ID":7},{"utility":75,"ID":11}],[{"utility":91,"ID":12},{"utility":56,"ID":18}],[{"utility":62,"ID":2},{"utility":53,"ID":5}],[{"utility":0,"ID":23}],[{"utility":44,"ID":3},{"utility":98,"ID":16}],[{"utility":93,"ID":21},{"utility":80,"ID":30}],[{"utility":86,"ID":6},{"utility":96,"ID":17}],[{"utility":0,"ID":24}],[{"utility":85,"ID":8},{"utility":60,"ID":20}],[],[{"utility":0,"ID":26}],[{"utility":38,"ID":9},{"utility":99,"ID":27}],[{"utility":0,"ID":14}],[{"utility":0,"ID":13}],[],[{"utility":0,"ID":4}],[{"utility":54,"ID":25},{"utility":59,"ID":29}],[{"utility":69,"ID":10},{"utility":56,"ID":28}],[],[],[],[],[],[],[],[],[]],"STARTING COALITION: ":[[null],[],[],[{"utility":70,"ID":4},{"utility":44.5,"ID":16},{"utility":24.5,"ID":25}],[{"utility":57.6,"ID":1},{"utility":69,"ID":5},{"utility":29.2,"ID":8},{"utility":47.4,"ID":10},{"utility":17.4,"ID":11},{"utility":52.6,"ID":12}],[{"utility":0,"ID":13}],[{"utility":55.666666666666664,"ID":18},{"utility":79.66666666666667,"ID":23},{"utility":65.66666666666667,"ID":26},{"utility":53.666666666666664,"ID":30}],[{"utility":58.333333333333336,"ID":9},{"utility":32.333333333333336,"ID":22},{"utility":80,"ID":24},{"utility":46.666666666666664,"ID":29}],[{"utility":91,"ID":21},{"utility":50,"ID":28}],[],[{"utility":0,"ID":19}],[{"utility":6,"ID":14},{"utility":46,"ID":17}],[{"utility":57,"ID":20},{"utility":76,"ID":27}],[],[{"utility":75,"ID":2},{"utility":35,"ID":3}],[{"utility":51.5,"ID":6},{"utility":68,"ID":7},{"utility":71.5,"ID":15}],[],[],[],[],[],[],[],[],[],[],[],[],[],[],[]],"CORE :":false,"Relazioni :":870,"Time : ":0.4,"LAST PARTITION":{"22":1,"23":7,"24":11,"25":20,"26":14,"27":15,"28":21,"29":20,"30":9,"10":21,"11":4,"12":5,"13":17,"14":16,"15":3,"16":8,"17":10,"18":5,"19":3,"1":2,"2":6,"3":8,"4":19,"5":6,"6":10,"7":4,"8":12,"9":15,"20":12,"21":9}},{"Modalità dinamica :":true,"Q : ":3,"STARTING PARTITION: ":{"22":7,"23":6,"24":7,"25":3,"26":6,"27":12,"28":8,"29":7,"30":6,"10":4,"11":4,"12":4,"13":5,"14":11,"15":15,"16":3,"17":11,"18":6,"19":10,"1":4,"2":14,"3":14,"4":3,"5":4,"6":15,"7":15,"8":4,"9":7,"20":12,"21":8},"LAST COALITION":[[],[{"utility":92,"ID":15},{"utility":90,"ID":19}],[{"utility":79,"ID":9},{"utility":70,"ID":25}],[{"utility":81,"ID":18},{"utility":97,"ID":23}],[{"utility":76,"ID":1},{"utility":96,"ID":6}],[{"utility":93,"ID":21},{"utility":80,"ID":30}],[{"utility":96,"ID":3},{"utility":66,"ID":5}],[{"utility":98,"ID":7},{"utility":75,"ID":11}],[{"utility":69,"ID":10},{"utility":56,"ID":28}],[],[{"utility":69,"ID":2},{"utility":95,"ID":4}],[{"utility":98,"ID":8},{"utility":77,"ID":27}],[{"utility":67,"ID":20},{"utility":75,"ID":26}],[{"utility":90,"ID":16},{"utility":94,"ID":22}],[{"utility":91,"ID":24},{"utility":85,"ID":29}],[{"utility":87,"ID":13},{"utility":95,"ID":17}],[],[{"utility":80,"ID":12},{"utility":84,"ID":14}],[],[],[],[],[],[],[],[],[],[],[],[],[]],"STARTING COALITION: ":[[null],[],[],[{"utility":70,"ID":4},{"utility":44.5,"ID":16},{"utility":24.5,"ID":25}],[{"utility":57.6,"ID":1},{"utility":69,"ID":5},{"utility":29.2,"ID":8},{"utility":47.4,"ID":10},{"utility":17.4,"ID":11},{"utility":52.6,"ID":12}],[{"utility":0,"ID":13}],[{"utility":55.666666666666664,"ID":18},{"utility":79.66666666666667,"ID":23},{"utility":65.66666666666667,"ID":26},{"utility":53.666666666666664,"ID":30}],[{"utility":58.333333333333336,"ID":9},{"utility":32.333333333333336,"ID":22},{"utility":80,"ID":24},{"utility":46.666666666666664,"ID":29}],[{"utility":91,"ID":21},{"utility":50,"ID":28}],[],[{"utility":0,"ID":19}],[{"utility":6,"ID":14},{"utility":46,"ID":17}],[{"utility":57,"ID":20},{"utility":76,"ID":27}],[],[{"utility":75,"ID":2},{"utility":35,"ID":3}],[{"utility":51.5,"ID":6},{"utility":68,"ID":7},{"utility":71.5,"ID":15}],[],[],[],[],[],[],[],[],[],[],[],[],[],[],[]],"CORE :":true,"Relazioni :":870,"Time : ":0.2,"LAST PARTITION":{"22":13,"23":3,"24":14,"25":2,"26":12,"27":11,"28":8,"29":14,"30":5,"10":8,"11":7,"12":17,"13":15,"14":17,"15":1,"16":13,"17":15,"18":3,"19":1,"1":4,"2":10,"3":6,"4":10,"5":6,"6":4,"7":7,"8":11,"9":2,"20":12,"21":5}},{"Modalità dinamica :":true,"Q : ":3,"STARTING PARTITION: ":{"22":7,"23":6,"24":7,"25":3,"26":6,"27":12,"28":8,"29":7,"30":6,"10":4,"11":4,"12":4,"13":5,"14":11,"15":15,"16":3,"17":11,"18":6,"19":10,"1":4,"2":14,"3":14,"4":3,"5":4,"6":15,"7":15,"8":4,"9":7,"20":12,"21":8},"LAST COALITION":[[],[{"utility":90,"ID":16},{"utility":94,"ID":22}],[{"utility":61,"ID":1},{"utility":31,"ID":10},{"utility":28.5,"ID":24}],[{"utility":59,"ID":8},{"utility":92,"ID":13}],[{"utility":43,"ID":4},{"utility":65,"ID":19}],[{"utility":93,"ID":12},{"utility":62,"ID":27}],[{"utility":73,"ID":14},{"utility":89,"ID":30}],[{"utility":74,"ID":15},{"utility":83,"ID":20}],[{"utility":0,"ID":7}],[{"utility":67,"ID":2},{"utility":94,"ID":11}],[],[{"utility":0,"ID":17}],[{"utility":30,"ID":6},{"utility":62,"ID":9}],[{"utility":81,"ID":18},{"utility":97,"ID":23}],[{"utility":91,"ID":21},{"utility":50,"ID":28}],[{"utility":0,"ID":5}],[],[{"utility":0,"ID":3}],[{"utility":0,"ID":26}],[],[{"utility":54,"ID":25},{"utility":59,"ID":29}],[],[],[],[],[],[],[],[],[],[]],"STARTING COALITION: ":[[null],[],[],[{"utility":70,"ID":4},{"utility":44.5,"ID":16},{"utility":24.5,"ID":25}],[{"utility":57.6,"ID":1},{"utility":69,"ID":5},{"utility":29.2,"ID":8},{"utility":47.4,"ID":10},{"utility":17.4,"ID":11},{"utility":52.6,"ID":12}],[{"utility":0,"ID":13}],[{"utility":55.666666666666664,"ID":18},{"utility":79.66666666666667,"ID":23},{"utility":65.66666666666667,"ID":26},{"utility":53.666666666666664,"ID":30}],[{"utility":58.333333333333336,"ID":9},{"utility":32.333333333333336,"ID":22},{"utility":80,"ID":24},{"utility":46.666666666666664,"ID":29}],[{"utility":91,"ID":21},{"utility":50,"ID":28}],[],[{"utility":0,"ID":19}],[{"utility":6,"ID":14},{"utility":46,"ID":17}],[{"utility":57,"ID":20},{"utility":76,"ID":27}],[],[{"utility":75,"ID":2},{"utility":35,"ID":3}],[{"utility":51.5,"ID":6},{"utility":68,"ID":7},{"utility":71.5,"ID":15}],[],[],[],[],[],[],[],[],[],[],[],[],[],[],[]],"CORE :":true,"Relazioni :":870,"Time : ":0.4,"LAST PARTITION":{"22":1,"23":13,"24":2,"25":20,"26":18,"27":5,"28":14,"29":20,"30":6,"10":2,"11":9,"12":5,"13":3,"14":6,"15":7,"16":1,"17":11,"18":13,"19":4,"1":2,"2":9,"3":17,"4":4,"5":15,"6":12,"7":8,"8":3,"9":12,"20":7,"21":14}},{"Modalità dinamica :":true,"Q : ":4,"STARTING PARTITION: ":{"22":7,"23":6,"24":7,"25":3,"26":6,"27":12,"28":8,"29":7,"30":6,"10":4,"11":4,"12":4,"13":5,"14":11,"15":15,"16":3,"17":11,"18":6,"19":10,"1":4,"2":14,"3":14,"4":3,"5":4,"6":15,"7":15,"8":4,"9":7,"20":12,"21":8},"LAST COALITION":[[],[{"utility":78,"ID":11},{"utility":68,"ID":16}],[{"utility":99,"ID":22},{"utility":41,"ID":30}],[{"utility":92,"ID":15},{"utility":90,"ID":19}],[{"utility":81.5,"ID":7},{"utility":61.5,"ID":13},{"utility":31.5,"ID":14}],[{"utility":0,"ID":3}],[{"utility":84,"ID":10},{"utility":68,"ID":12}],[{"utility":61,"ID":5},{"utility":84,"ID":26}],[{"utility":0,"ID":18}],[{"utility":45,"ID":2},{"utility":47,"ID":23}],[{"utility":0,"ID":1}],[{"utility":98,"ID":8},{"utility":77,"ID":27}],[{"utility":61,"ID":4},{"utility":91,"ID":21}],[{"utility":86,"ID":6},{"utility":96,"ID":17}],[{"utility":33,"ID":20},{"utility":80,"ID":29}],[],[{"utility":79,"ID":9},{"utility":70,"ID":25}],[],[],[{"utility":82,"ID":24},{"utility":76,"ID":28}],[],[],[],[],[],[],[],[],[],[],[]],"STARTING COALITION: ":[[null],[],[],[{"utility":70,"ID":4},{"utility":44.5,"ID":16},{"utility":24.5,"ID":25}],[{"utility":57.6,"ID":1},{"utility":69,"ID":5},{"utility":29.2,"ID":8},{"utility":47.4,"ID":10},{"utility":17.4,"ID":11},{"utility":52.6,"ID":12}],[{"utility":0,"ID":13}],[{"utility":55.666666666666664,"ID":18},{"utility":79.66666666666667,"ID":23},{"utility":65.66666666666667,"ID":26},{"utility":53.666666666666664,"ID":30}],[{"utility":58.333333333333336,"ID":9},{"utility":32.333333333333336,"ID":22},{"utility":80,"ID":24},{"utility":46.666666666666664,"ID":29}],[{"utility":91,"ID":21},{"utility":50,"ID":28}],[],[{"utility":0,"ID":19}],[{"utility":6,"ID":14},{"utility":46,"ID":17}],[{"utility":57,"ID":20},{"utility":76,"ID":27}],[],[{"utility":75,"ID":2},{"utility":35,"ID":3}],[{"utility":51.5,"ID":6},{"utility":68,"ID":7},{"utility":71.5,"ID":15}],[],[],[],[],[],[],[],[],[],[],[],[],[],[],[]],"CORE :":true,"Relazioni :":870,"Time : ":0.2,"LAST PARTITION":{"22":2,"23":9,"24":19,"25":16,"26":7,"27":11,"28":19,"29":14,"30":2,"10":6,"11":1,"12":6,"13":4,"14":4,"15":3,"16":1,"17":13,"18":8,"19":3,"1":10,"2":9,"3":5,"4":12,"5":7,"6":13,"7":4,"8":11,"9":16,"20":14,"21":12}},{"Modalità dinamica :":true,"Q : ":4,"STARTING PARTITION: ":{"22":7,"23":6,"24":7,"25":3,"26":6,"27":12,"28":8,"29":7,"30":6,"10":4,"11":4,"12":4,"13":5,"14":11,"15":15,"16":3,"17":11,"18":6,"19":10,"1":4,"2":14,"3":14,"4":3,"5":4,"6":15,"7":15,"8":4,"9":7,"20":12,"21":8},"LAST COALITION":[[],[{"utility":87,"ID":2},{"utility":8,"ID":10}],[{"utility":74.5,"ID":4},{"utility":33.5,"ID":6},{"utility":19.5,"ID":23}],[{"utility":62,"ID":18},{"utility":79,"ID":24}],[{"utility":56,"ID":9},{"utility":54.5,"ID":20},{"utility":80.5,"ID":25}],[{"utility":95,"ID":17},{"utility":54,"ID":27}],[{"utility":0,"ID":29}],[{"utility":80,"ID":12},{"utility":84,"ID":14}],[{"utility":0,"ID":3}],[{"utility":60,"ID":11},{"utility":79,"ID":16},{"utility":72.5,"ID":22}],[{"utility":98,"ID":13},{"utility":45,"ID":26}],[{"utility":93,"ID":21},{"utility":80,"ID":30}],[{"utility":0,"ID":5}],[{"utility":0,"ID":1}],[],[],[{"utility":92,"ID":15},{"utility":90,"ID":19}],[{"utility":95,"ID":8},{"utility":95,"ID":28}],[{"utility":0,"ID":7}],[],[],[],[],[],[],[],[],[],[],[],[]],"STARTING COALITION: ":[[null],[],[],[{"utility":70,"ID":4},{"utility":44.5,"ID":16},{"utility":24.5,"ID":25}],[{"utility":57.6,"ID":1},{"utility":69,"ID":5},{"utility":29.2,"ID":8},{"utility":47.4,"ID":10},{"utility":17.4,"ID":11},{"utility":52.6,"ID":12}],[{"utility":0,"ID":13}],[{"utility":55.666666666666664,"ID":18},{"utility":79.66666666666667,"ID":23},{"utility":65.66666666666667,"ID":26},{"utility":53.666666666666664,"ID":30}],[{"utility":58.333333333333336,"ID":9},{"utility":32.333333333333336,"ID":22},{"utility":80,"ID":24},{"utility":46.666666666666664,"ID":29}],[{"utility":91,"ID":21},{"utility":50,"ID":28}],[],[{"utility":0,"ID":19}],[{"utility":6,"ID":14},{"utility":46,"ID":17}],[{"utility":57,"ID":20},{"utility":76,"ID":27}],[],[{"utility":75,"ID":2},{"utility":35,"ID":3}],[{"utility":51.5,"ID":6},{"utility":68,"ID":7},{"utility":71.5,"ID":15}],[],[],[],[],[],[],[],[],[],[],[],[],[],[],[]],"CORE :":true,"Relazioni :":870,"Time : ":0.4,"LAST PARTITION":{"22":9,"23":2,"24":3,"25":4,"26":10,"27":5,"28":17,"29":6,"30":11,"10":1,"11":9,"12":7,"13":10,"14":7,"15":16,"16":9,"17":5,"18":3,"19":16,"1":13,"2":1,"3":8,"4":2,"5":12,"6":2,"7":18,"8":17,"9":4,"20":4,"21":11}},{"Modalità dinamica :":true,"Q : ":5,"STARTING PARTITION: ":{"22":7,"23":6,"24":7,"25":3,"26":6,"27":12,"28":8,"29":7,"30":6,"10":4,"11":4,"12":4,"13":5,"14":11,"15":15,"16":3,"17":11,"18":6,"19":10,"1":4,"2":14,"3":14,"4":3,"5":4,"6":15,"7":15,"8":4,"9":7,"20":12,"21":8},"LAST COALITION":[[],[{"utility":81,"ID":18},{"utility":97,"ID":23}],[{"utility":89,"ID":19},{"utility":68,"ID":29}],[{"utility":96,"ID":3},{"utility":66,"ID":5}],[{"utility":0,"ID":24}],[{"utility":89,"ID":17},{"utility":96,"ID":20}],[],[{"utility":0,"ID":10}],[{"utility":67,"ID":2},{"utility":94,"ID":11}],[{"utility":91,"ID":13},{"utility":75,"ID":16}],[{"utility":90,"ID":21},{"utility":55,"ID":26}],[{"utility":76,"ID":1},{"utility":96,"ID":6}],[{"utility":0,"ID":12}],[{"utility":98,"ID":8},{"utility":77,"ID":27}],[{"utility":0,"ID":25}],[{"utility":36,"ID":9},{"utility":87,"ID":14}],[{"utility":88,"ID":4},{"utility":26,"ID":15}],[{"utility":78,"ID":22},{"utility":85,"ID":28}],[{"utility":69,"ID":7},{"utility":74,"ID":30}],[],[],[],[],[],[],[],[],[],[],[],[]],"STARTING COALITION: ":[[null],[],[],[{"utility":70,"ID":4},{"utility":44.5,"ID":16},{"utility":24.5,"ID":25}],[{"utility":57.6,"ID":1},{"utility":69,"ID":5},{"utility":29.2,"ID":8},{"utility":47.4,"ID":10},{"utility":17.4,"ID":11},{"utility":52.6,"ID":12}],[{"utility":0,"ID":13}],[{"utility":55.666666666666664,"ID":18},{"utility":79.66666666666667,"ID":23},{"utility":65.66666666666667,"ID":26},{"utility":53.666666666666664,"ID":30}],[{"utility":58.333333333333336,"ID":9},{"utility":32.333333333333336,"ID":22},{"utility":80,"ID":24},{"utility":46.666666666666664,"ID":29}],[{"utility":91,"ID":21},{"utility":50,"ID":28}],[],[{"utility":0,"ID":19}],[{"utility":6,"ID":14},{"utility":46,"ID":17}],[{"utility":57,"ID":20},{"utility":76,"ID":27}],[],[{"utility":75,"ID":2},{"utility":35,"ID":3}],[{"utility":51.5,"ID":6},{"utility":68,"ID":7},{"utility":71.5,"ID":15}],[],[],[],[],[],[],[],[],[],[],[],[],[],[],[]],"CORE :":true,"Relazioni :":870,"Time : ":0.2,"LAST PARTITION":{"22":17,"23":1,"24":4,"25":14,"26":10,"27":13,"28":17,"29":2,"30":18,"10":7,"11":8,"12":12,"13":9,"14":15,"15":16,"16":9,"17":5,"18":1,"19":2,"1":11,"2":8,"3":3,"4":16,"5":3,"6":11,"7":18,"8":13,"9":15,"20":5,"21":10}},{"Modalità dinamica :":true,"Q : ":5,"STARTING PARTITION: ":{"22":7,"23":6,"24":7,"25":3,"26":6,"27":12,"28":8,"29":7,"30":6,"10":4,"11":4,"12":4,"13":5,"14":11,"15":15,"16":3,"17":11,"18":6,"19":10,"1":4,"2":14,"3":14,"4":3,"5":4,"6":15,"7":15,"8":4,"9":7,"20":12,"21":8},"LAST COALITION":[[],[],[{"utility":10,"ID":13},{"utility":97,"ID":20}],[{"utility":98,"ID":7},{"utility":75,"ID":11}],[{"utility":70,"ID":8},{"utility":61.5,"ID":26},{"utility":50.5,"ID":27}],[{"utility":93,"ID":21},{"utility":80,"ID":30}],[{"utility":0,"ID":15}],[{"utility":0,"ID":29}],[{"utility":13,"ID":5},{"utility":91,"ID":19}],[{"utility":16,"ID":6},{"utility":56,"ID":10},{"utility":67,"ID":28}],[{"utility":90,"ID":16},{"utility":94,"ID":22}],[{"utility":81,"ID":18},{"utility":97,"ID":23}],[{"utility":38,"ID":3},{"utility":50,"ID":9}],[{"utility":80,"ID":12},{"utility":84,"ID":14}],[],[],[{"utility":82,"ID":24},{"utility":33,"ID":25}],[{"utility":69,"ID":2},{"utility":95,"ID":4}],[],[{"utility":98,"ID":1},{"utility":87,"ID":17}],[],[],[],[],[],[],[],[],[],[],[]],"STARTING COALITION: ":[[null],[],[],[{"utility":70,"ID":4},{"utility":44.5,"ID":16},{"utility":24.5,"ID":25}],[{"utility":57.6,"ID":1},{"utility":69,"ID":5},{"utility":29.2,"ID":8},{"utility":47.4,"ID":10},{"utility":17.4,"ID":11},{"utility":52.6,"ID":12}],[{"utility":0,"ID":13}],[{"utility":55.666666666666664,"ID":18},{"utility":79.66666666666667,"ID":23},{"utility":65.66666666666667,"ID":26},{"utility":53.666666666666664,"ID":30}],[{"utility":58.333333333333336,"ID":9},{"utility":32.333333333333336,"ID":22},{"utility":80,"ID":24},{"utility":46.666666666666664,"ID":29}],[{"utility":91,"ID":21},{"utility":50,"ID":28}],[],[{"utility":0,"ID":19}],[{"utility":6,"ID":14},{"utility":46,"ID":17}],[{"utility":57,"ID":20},{"utility":76,"ID":27}],[],[{"utility":75,"ID":2},{"utility":35,"ID":3}],[{"utility":51.5,"ID":6},{"utility":68,"ID":7},{"utility":71.5,"ID":15}],[],[],[],[],[],[],[],[],[],[],[],[],[],[],[]],"CORE :":true,"Relazioni :":870,"Time : ":0.4,"LAST PARTITION":{"22":10,"23":11,"24":16,"25":16,"26":4,"27":4,"28":9,"29":7,"30":5,"10":9,"11":3,"12":13,"13":2,"14":13,"15":6,"16":10,"17":19,"18":11,"19":8,"1":19,"2":17,"3":12,"4":17,"5":8,"6":9,"7":3,"8":4,"9":12,"20":2,"21":5}},{"Modalità dinamica :":true,"Q : ":6,"STARTING PARTITION: ":{"22":7,"23":6,"24":7,"25":3,"26":6,"27":12,"28":8,"29":7,"30":6,"10":4,"11":4,"12":4,"13":5,"14":11,"15":15,"16":3,"17":11,"18":6,"19":10,"1":4,"2":14,"3":14,"4":3,"5":4,"6":15,"7":15,"8":4,"9":7,"20":12,"21":8},"LAST COALITION":[[],[{"utility":0,"ID":12}],[{"utility":0,"ID":5}],[{"utility":54.666666666666664,"ID":8},{"utility":48,"ID":17},{"utility":51.666666666666664,"ID":26},{"utility":41.333333333333336,"ID":28}],[{"utility":39,"ID":3},{"utility":55,"ID":7}],[{"utility":0,"ID":6}],[{"utility":0,"ID":13}],[{"utility":81,"ID":18},{"utility":97,"ID":23}],[{"utility":38,"ID":9},{"utility":99,"ID":27}],[{"utility":45,"ID":2},{"utility":91.5,"ID":4},{"utility":75.5,"ID":16}],[{"utility":91,"ID":24},{"utility":85,"ID":29}],[{"utility":7,"ID":10},{"utility":70,"ID":19}],[{"utility":93,"ID":21},{"utility":80,"ID":30}],[{"utility":48,"ID":11},{"utility":92,"ID":14}],[{"utility":91,"ID":1},{"utility":82,"ID":22}],[{"utility":0,"ID":25}],[],[],[],[{"utility":74,"ID":15},{"utility":83,"ID":20}],[],[],[],[],[],[],[],[],[],[],[]],"STARTING COALITION: ":[[null],[],[],[{"utility":70,"ID":4},{"utility":44.5,"ID":16},{"utility":24.5,"ID":25}],[{"utility":57.6,"ID":1},{"utility":69,"ID":5},{"utility":29.2,"ID":8},{"utility":47.4,"ID":10},{"utility":17.4,"ID":11},{"utility":52.6,"ID":12}],[{"utility":0,"ID":13}],[{"utility":55.666666666666664,"ID":18},{"utility":79.66666666666667,"ID":23},{"utility":65.66666666666667,"ID":26},{"utility":53.666666666666664,"ID":30}],[{"utility":58.333333333333336,"ID":9},{"utility":32.333333333333336,"ID":22},{"utility":80,"ID":24},{"utility":46.666666666666664,"ID":29}],[{"utility":91,"ID":21},{"utility":50,"ID":28}],[],[{"utility":0,"ID":19}],[{"utility":6,"ID":14},{"utility":46,"ID":17}],[{"utility":57,"ID":20},{"utility":76,"ID":27}],[],[{"utility":75,"ID":2},{"utility":35,"ID":3}],[{"utility":51.5,"ID":6},{"utility":68,"ID":7},{"utility":71.5,"ID":15}],[],[],[],[],[],[],[],[],[],[],[],[],[],[],[]],"CORE :":true,"Relazioni :":870,"Time : ":0.2,"LAST PARTITION":{"22":14,"23":7,"24":10,"25":15,"26":3,"27":8,"28":3,"29":10,"30":12,"10":11,"11":13,"12":1,"13":6,"14":13,"15":19,"16":9,"17":3,"18":7,"19":11,"1":14,"2":9,"3":4,"4":9,"5":2,"6":5,"7":4,"8":3,"9":8,"20":19,"21":12}},{"Modalità dinamica :":true,"Q : ":6,"STARTING PARTITION: ":{"22":7,"23":6,"24":7,"25":3,"26":6,"27":12,"28":8,"29":7,"30":6,"10":4,"11":4,"12":4,"13":5,"14":11,"15":15,"16":3,"17":11,"18":6,"19":10,"1":4,"2":14,"3":14,"4":3,"5":4,"6":15,"7":15,"8":4,"9":7,"20":12,"21":8},"LAST COALITION":[[],[{"utility":0,"ID":5}],[{"utility":91,"ID":24},{"utility":85,"ID":29}],[],[{"utility":67,"ID":20},{"utility":75,"ID":26}],[{"utility":69,"ID":2},{"utility":95,"ID":4}],[{"utility":72,"ID":13},{"utility":96,"ID":25}],[{"utility":60,"ID":1},{"utility":85,"ID":14}],[{"utility":10,"ID":11},{"utility":37,"ID":28}],[{"utility":38,"ID":7},{"utility":95,"ID":18}],[{"utility":98,"ID":8},{"utility":77,"ID":27}],[{"utility":0,"ID":21}],[{"utility":81,"ID":23},{"utility":91,"ID":30}],[{"utility":38,"ID":3},{"utility":50,"ID":9}],[{"utility":92,"ID":15},{"utility":90,"ID":19}],[{"utility":84,"ID":10},{"utility":68,"ID":12}],[{"utility":86,"ID":6},{"utility":96,"ID":17}],[{"utility":90,"ID":16},{"utility":94,"ID":22}],[],[],[],[],[],[],[],[],[],[],[],[],[]],"STARTING COALITION: ":[[null],[],[],[{"utility":70,"ID":4},{"utility":44.5,"ID":16},{"utility":24.5,"ID":25}],[{"utility":57.6,"ID":1},{"utility":69,"ID":5},{"utility":29.2,"ID":8},{"utility":47.4,"ID":10},{"utility":17.4,"ID":11},{"utility":52.6,"ID":12}],[{"utility":0,"ID":13}],[{"utility":55.666666666666664,"ID":18},{"utility":79.66666666666667,"ID":23},{"utility":65.66666666666667,"ID":26},{"utility":53.666666666666664,"ID":30}],[{"utility":58.333333333333336,"ID":9},{"utility":32.333333333333336,"ID":22},{"utility":80,"ID":24},{"utility":46.666666666666664,"ID":29}],[{"utility":91,"ID":21},{"utility":50,"ID":28}],[],[{"utility":0,"ID":19}],[{"utility":6,"ID":14},{"utility":46,"ID":17}],[{"utility":57,"ID":20},{"utility":76,"ID":27}],[],[{"utility":75,"ID":2},{"utility":35,"ID":3}],[{"utility":51.5,"ID":6},{"utility":68,"ID":7},{"utility":71.5,"ID":15}],[],[],[],[],[],[],[],[],[],[],[],[],[],[],[]],"CORE :":true,"Relazioni :":870,"Time : ":0.4,"LAST PARTITION":{"22":17,"23":12,"24":2,"25":6,"26":4,"27":10,"28":8,"29":2,"30":12,"10":15,"11":8,"12":15,"13":6,"14":7,"15":14,"16":17,"17":16,"18":9,"19":14,"1":7,"2":5,"3":13,"4":5,"5":1,"6":16,"7":9,"8":10,"9":13,"20":4,"21":11}},{"Modalità dinamica :":true,"Q : ":7,"STARTING PARTITION: ":{"22":7,"23":6,"24":7,"25":3,"26":6,"27":12,"28":8,"29":7,"30":6,"10":4,"11":4,"12":4,"13":5,"14":11,"15":15,"16":3,"17":11,"18":6,"19":10,"1":4,"2":14,"3":14,"4":3,"5":4,"6":15,"7":15,"8":4,"9":7,"20":12,"21":8},"LAST COALITION":[[],[{"utility":98,"ID":7},{"utility":75,"ID":11}],[{"utility":0,"ID":13}],[{"utility":85,"ID":12},{"utility":85,"ID":22}],[{"utility":0,"ID":1}],[{"utility":95,"ID":8},{"utility":95,"ID":28}],[{"utility":92,"ID":15},{"utility":90,"ID":19}],[{"utility":91,"ID":24},{"utility":85,"ID":29}],[{"utility":49,"ID":9},{"utility":76,"ID":18}],[{"utility":1,"ID":21},{"utility":63,"ID":23}],[{"utility":0,"ID":25}],[{"utility":86,"ID":5},{"utility":55,"ID":14}],[{"utility":75,"ID":2},{"utility":35,"ID":3}],[{"utility":16,"ID":6},{"utility":43,"ID":10}],[{"utility":0,"ID":4}],[{"utility":0,"ID":26}],[{"utility":71,"ID":17},{"utility":78,"ID":30}],[{"utility":0,"ID":16}],[{"utility":57,"ID":20},{"utility":76,"ID":27}],[],[],[],[],[],[],[],[],[],[],[],[]],"STARTING COALITION: ":[[null],[],[],[{"utility":70,"ID":4},{"utility":44.5,"ID":16},{"utility":24.5,"ID":25}],[{"utility":57.6,"ID":1},{"utility":69,"ID":5},{"utility":29.2,"ID":8},{"utility":47.4,"ID":10},{"utility":17.4,"ID":11},{"utility":52.6,"ID":12}],[{"utility":0,"ID":13}],[{"utility":55.666666666666664,"ID":18},{"utility":79.66666666666667,"ID":23},{"utility":65.66666666666667,"ID":26},{"utility":53.666666666666664,"ID":30}],[{"utility":58.333333333333336,"ID":9},{"utility":32.333333333333336,"ID":22},{"utility":80,"ID":24},{"utility":46.666666666666664,"ID":29}],[{"utility":91,"ID":21},{"utility":50,"ID":28}],[],[{"utility":0,"ID":19}],[{"utility":6,"ID":14},{"utility":46,"ID":17}],[{"utility":57,"ID":20},{"utility":76,"ID":27}],[],[{"utility":75,"ID":2},{"utility":35,"ID":3}],[{"utility":51.5,"ID":6},{"utility":68,"ID":7},{"utility":71.5,"ID":15}],[],[],[],[],[],[],[],[],[],[],[],[],[],[],[]],"CORE :":true,"Relazioni :":870,"Time : ":0.2,"LAST PARTITION":{"22":3,"23":9,"24":7,"25":10,"26":15,"27":18,"28":5,"29":7,"30":16,"10":13,"11":1,"12":3,"13":2,"14":11,"15":6,"16":17,"17":16,"18":8,"19":6,"1":4,"2":12,"3":12,"4":14,"5":11,"6":13,"7":1,"8":5,"9":8,"20":18,"21":9}},{"Modalità dinamica :":true,"Q : ":7,"STARTING PARTITION: ":{"22":7,"23":6,"24":7,"25":3,"26":6,"27":12,"28":8,"29":7,"30":6,"10":4,"11":4,"12":4,"13":5,"14":11,"15":15,"16":3,"17":11,"18":6,"19":10,"1":4,"2":14,"3":14,"4":3,"5":4,"6":15,"7":15,"8":4,"9":7,"20":12,"21":8},"LAST COALITION":[[],[{"utility":98,"ID":7},{"utility":75,"ID":11}],[{"utility":85,"ID":12},{"utility":85,"ID":22}],[{"utility":93,"ID":14},{"utility":81,"ID":23}],[{"utility":0,"ID":4}],[],[{"utility":38,"ID":9},{"utility":99,"ID":27}],[{"utility":91,"ID":13},{"utility":75,"ID":16}],[{"utility":0,"ID":6}],[{"utility":73,"ID":18},{"utility":83,"ID":26}],[{"utility":73.5,"ID":5},{"utility":63,"ID":25},{"utility":44.5,"ID":28}],[{"utility":93,"ID":21},{"utility":80,"ID":30}],[{"utility":89,"ID":17},{"utility":96,"ID":20}],[{"utility":0,"ID":10}],[{"utility":0,"ID":15}],[{"utility":79,"ID":1},{"utility":54,"ID":19}],[{"utility":89,"ID":2},{"utility":17,"ID":8}],[{"utility":91,"ID":24},{"utility":85,"ID":29}],[{"utility":0,"ID":3}],[],[],[],[],[],[],[],[],[],[],[],[]],"STARTING COALITION: ":[[null],[],[],[{"utility":70,"ID":4},{"utility":44.5,"ID":16},{"utility":24.5,"ID":25}],[{"utility":57.6,"ID":1},{"utility":69,"ID":5},{"utility":29.2,"ID":8},{"utility":47.4,"ID":10},{"utility":17.4,"ID":11},{"utility":52.6,"ID":12}],[{"utility":0,"ID":13}],[{"utility":55.666666666666664,"ID":18},{"utility":79.66666666666667,"ID":23},{"utility":65.66666666666667,"ID":26},{"utility":53.666666666666664,"ID":30}],[{"utility":58.333333333333336,"ID":9},{"utility":32.333333333333336,"ID":22},{"utility":80,"ID":24},{"utility":46.666666666666664,"ID":29}],[{"utility":91,"ID":21},{"utility":50,"ID":28}],[],[{"utility":0,"ID":19}],[{"utility":6,"ID":14},{"utility":46,"ID":17}],[{"utility":57,"ID":20},{"utility":76,"ID":27}],[],[{"utility":75,"ID":2},{"utility":35,"ID":3}],[{"utility":51.5,"ID":6},{"utility":68,"ID":7},{"utility":71.5,"ID":15}],[],[],[],[],[],[],[],[],[],[],[],[],[],[],[]],"CORE :":true,"Relazioni :":870,"Time : ":0.4,"LAST PARTITION":{"22":2,"23":3,"24":17,"25":10,"26":9,"27":6,"28":10,"29":17,"30":11,"10":13,"11":1,"12":2,"13":7,"14":3,"15":14,"16":7,"17":12,"18":9,"19":15,"1":15,"2":16,"3":18,"4":4,"5":10,"6":8,"7":1,"8":16,"9":6,"20":12,"21":11}},{"Modalità dinamica :":true,"Q : ":8,"STARTING PARTITION: ":{"22":7,"23":6,"24":7,"25":3,"26":6,"27":12,"28":8,"29":7,"30":6,"10":4,"11":4,"12":4,"13":5,"14":11,"15":15,"16":3,"17":11,"18":6,"19":10,"1":4,"2":14,"3":14,"4":3,"5":4,"6":15,"7":15,"8":4,"9":7,"20":12,"21":8},"LAST COALITION":[[],[{"utility":91,"ID":24},{"utility":85,"ID":29}],[{"utility":0,"ID":5}],[{"utility":98,"ID":7},{"utility":75,"ID":11}],[{"utility":0,"ID":6}],[{"utility":66,"ID":12},{"utility":45,"ID":25}],[{"utility":0,"ID":20}],[{"utility":95,"ID":8},{"utility":95,"ID":28}],[{"utility":66,"ID":3},{"utility":6,"ID":10}],[{"utility":93,"ID":21},{"utility":80,"ID":30}],[{"utility":87,"ID":13},{"utility":95,"ID":17}],[{"utility":34,"ID":2},{"utility":23,"ID":27}],[{"utility":90,"ID":16},{"utility":94,"ID":22}],[{"utility":66,"ID":4},{"utility":30,"ID":26}],[],[{"utility":83,"ID":1},{"utility":58.5,"ID":18},{"utility":98,"ID":23}],[{"utility":61,"ID":14},{"utility":85,"ID":15},{"utility":73.5,"ID":19}],[],[],[],[{"utility":0,"ID":9}],[],[],[],[],[],[],[],[],[],[]],"STARTING COALITION: ":[[null],[],[],[{"utility":70,"ID":4},{"utility":44.5,"ID":16},{"utility":24.5,"ID":25}],[{"utility":57.6,"ID":1},{"utility":69,"ID":5},{"utility":29.2,"ID":8},{"utility":47.4,"ID":10},{"utility":17.4,"ID":11},{"utility":52.6,"ID":12}],[{"utility":0,"ID":13}],[{"utility":55.666666666666664,"ID":18},{"utility":79.66666666666667,"ID":23},{"utility":65.66666666666667,"ID":26},{"utility":53.666666666666664,"ID":30}],[{"utility":58.333333333333336,"ID":9},{"utility":32.333333333333336,"ID":22},{"utility":80,"ID":24},{"utility":46.666666666666664,"ID":29}],[{"utility":91,"ID":21},{"utility":50,"ID":28}],[],[{"utility":0,"ID":19}],[{"utility":6,"ID":14},{"utility":46,"ID":17}],[{"utility":57,"ID":20},{"utility":76,"ID":27}],[],[{"utility":75,"ID":2},{"utility":35,"ID":3}],[{"utility":51.5,"ID":6},{"utility":68,"ID":7},{"utility":71.5,"ID":15}],[],[],[],[],[],[],[],[],[],[],[],[],[],[],[]],"CORE :":true,"Relazioni :":870,"Time : ":0.2,"LAST PARTITION":{"22":12,"23":15,"24":1,"25":5,"26":13,"27":11,"28":7,"29":1,"30":9,"10":8,"11":3,"12":5,"13":10,"14":16,"15":16,"16":12,"17":10,"18":15,"19":16,"1":15,"2":11,"3":8,"4":13,"5":2,"6":4,"7":3,"8":7,"9":20,"20":6,"21":9}},{"Modalità dinamica :":true,"Q : ":8,"STARTING PARTITION: ":{"22":7,"23":6,"24":7,"25":3,"26":6,"27":12,"28":8,"29":7,"30":6,"10":4,"11":4,"12":4,"13":5,"14":11,"15":15,"16":3,"17":11,"18":6,"19":10,"1":4,"2":14,"3":14,"4":3,"5":4,"6":15,"7":15,"8":4,"9":7,"20":12,"21":8},"LAST COALITION":[[],[{"utility":0,"ID":20}],[{"utility":0,"ID":23}],[{"utility":98,"ID":8},{"utility":77,"ID":27}],[{"utility":90,"ID":16},{"utility":94,"ID":22}],[{"utility":0,"ID":25}],[{"utility":77,"ID":14},{"utility":57,"ID":19}],[{"utility":53.5,"ID":9},{"utility":36.5,"ID":11},{"utility":87.5,"ID":18}],[{"utility":58,"ID":2},{"utility":33,"ID":12}],[{"utility":93,"ID":21},{"utility":80,"ID":30}],[{"utility":87,"ID":10},{"utility":52,"ID":26}],[{"utility":0,"ID":15}],[{"utility":0,"ID":1}],[{"utility":87,"ID":13},{"utility":95,"ID":17}],[],[{"utility":38.5,"ID":4},{"utility":26,"ID":5},{"utility":73.5,"ID":7}],[{"utility":0,"ID":3}],[],[{"utility":43,"ID":6},{"utility":34,"ID":29}],[{"utility":82,"ID":24},{"utility":76,"ID":28}],[],[],[],[],[],[],[],[],[],[],[]],"STARTING COALITION: ":[[null],[],[],[{"utility":70,"ID":4},{"utility":44.5,"ID":16},{"utility":24.5,"ID":25}],[{"utility":57.6,"ID":1},{"utility":69,"ID":5},{"utility":29.2,"ID":8},{"utility":47.4,"ID":10},{"utility":17.4,"ID":11},{"utility":52.6,"ID":12}],[{"utility":0,"ID":13}],[{"utility":55.666666666666664,"ID":18},{"utility":79.66666666666667,"ID":23},{"utility":65.66666666666667,"ID":26},{"utility":53.666666666666664,"ID":30}],[{"utility":58.333333333333336,"ID":9},{"utility":32.333333333333336,"ID":22},{"utility":80,"ID":24},{"utility":46.666666666666664,"ID":29}],[{"utility":91,"ID":21},{"utility":50,"ID":28}],[],[{"utility":0,"ID":19}],[{"utility":6,"ID":14},{"utility":46,"ID":17}],[{"utility":57,"ID":20},{"utility":76,"ID":27}],[],[{"utility":75,"ID":2},{"utility":35,"ID":3}],[{"utility":51.5,"ID":6},{"utility":68,"ID":7},{"utility":71.5,"ID":15}],[],[],[],[],[],[],[],[],[],[],[],[],[],[],[]],"CORE :":true,"Relazioni :":870,"Time : ":0.4,"LAST PARTITION":{"22":4,"23":2,"24":19,"25":5,"26":10,"27":3,"28":19,"29":18,"30":9,"10":10,"11":7,"12":8,"13":13,"14":6,"15":11,"16":4,"17":13,"18":7,"19":6,"1":12,"2":8,"3":16,"4":15,"5":15,"6":18,"7":15,"8":3,"9":7,"20":1,"21":9}},{"Modalità dinamica :":true,"Q : ":9,"STARTING PARTITION: ":{"22":7,"23":6,"24":7,"25":3,"26":6,"27":12,"28":8,"29":7,"30":6,"10":4,"11":4,"12":4,"13":5,"14":11,"15":15,"16":3,"17":11,"18":6,"19":10,"1":4,"2":14,"3":14,"4":3,"5":4,"6":15,"7":15,"8":4,"9":7,"20":12,"21":8},"LAST COALITION":[[],[{"utility":0,"ID":13}],[{"utility":73,"ID":14},{"utility":89,"ID":30}],[{"utility":94,"ID":2},{"utility":79,"ID":22}],[{"utility":0,"ID":5}],[{"utility":88,"ID":4},{"utility":59,"ID":16}],[{"utility":91,"ID":21},{"utility":46.5,"ID":24},{"utility":63,"ID":28}],[{"utility":98,"ID":8},{"utility":77,"ID":27}],[{"utility":0,"ID":15}],[{"utility":92,"ID":11},{"utility":9,"ID":23}],[{"utility":0,"ID":19}],[{"utility":84,"ID":10},{"utility":68,"ID":12}],[{"utility":0,"ID":29}],[{"utility":79,"ID":9},{"utility":70,"ID":25}],[],[{"utility":73,"ID":18},{"utility":83,"ID":26}],[{"utility":72,"ID":7},{"utility":49,"ID":20}],[{"utility":87,"ID":1},{"utility":91,"ID":6},{"utility":91.5,"ID":17}],[{"utility":0,"ID":3}],[],[],[],[],[],[],[],[],[],[],[],[]],"STARTING COALITION: ":[[null],[],[],[{"utility":70,"ID":4},{"utility":44.5,"ID":16},{"utility":24.5,"ID":25}],[{"utility":57.6,"ID":1},{"utility":69,"ID":5},{"utility":29.2,"ID":8},{"utility":47.4,"ID":10},{"utility":17.4,"ID":11},{"utility":52.6,"ID":12}],[{"utility":0,"ID":13}],[{"utility":55.666666666666664,"ID":18},{"utility":79.66666666666667,"ID":23},{"utility":65.66666666666667,"ID":26},{"utility":53.666666666666664,"ID":30}],[{"utility":58.333333333333336,"ID":9},{"utility":32.333333333333336,"ID":22},{"utility":80,"ID":24},{"utility":46.666666666666664,"ID":29}],[{"utility":91,"ID":21},{"utility":50,"ID":28}],[],[{"utility":0,"ID":19}],[{"utility":6,"ID":14},{"utility":46,"ID":17}],[{"utility":57,"ID":20},{"utility":76,"ID":27}],[],[{"utility":75,"ID":2},{"utility":35,"ID":3}],[{"utility":51.5,"ID":6},{"utility":68,"ID":7},{"utility":71.5,"ID":15}],[],[],[],[],[],[],[],[],[],[],[],[],[],[],[]],"CORE :":true,"Relazioni :":870,"Time : ":0.2,"LAST PARTITION":{"22":3,"23":9,"24":6,"25":13,"26":15,"27":7,"28":6,"29":12,"30":2,"10":11,"11":9,"12":11,"13":1,"14":2,"15":8,"16":5,"17":17,"18":15,"19":10,"1":17,"2":3,"3":18,"4":5,"5":4,"6":17,"7":16,"8":7,"9":13,"20":16,"21":6}},{"Modalità dinamica :":true,"Q : ":9,"STARTING PARTITION: ":{"22":7,"23":6,"24":7,"25":3,"26":6,"27":12,"28":8,"29":7,"30":6,"10":4,"11":4,"12":4,"13":5,"14":11,"15":15,"16":3,"17":11,"18":6,"19":10,"1":4,"2":14,"3":14,"4":3,"5":4,"6":15,"7":15,"8":4,"9":7,"20":12,"21":8},"LAST COALITION":[[],[{"utility":91,"ID":24},{"utility":85,"ID":29}],[{"utility":0,"ID":26}],[],[{"utility":0,"ID":28}],[{"utility":0,"ID":21}],[{"utility":79,"ID":9},{"utility":70,"ID":25}],[{"utility":92,"ID":15},{"utility":90,"ID":19}],[{"utility":90,"ID":16},{"utility":94,"ID":22}],[{"utility":67,"ID":2},{"utility":94,"ID":11}],[{"utility":84,"ID":10},{"utility":68,"ID":12}],[{"utility":0,"ID":20}],[{"utility":76,"ID":1},{"utility":96,"ID":6}],[{"utility":81,"ID":18},{"utility":97,"ID":23}],[{"utility":96,"ID":3},{"utility":66,"ID":5}],[{"utility":26,"ID":4},{"utility":95,"ID":14}],[{"utility":98,"ID":8},{"utility":77,"ID":27}],[{"utility":69,"ID":7},{"utility":74,"ID":30}],[{"utility":87,"ID":13},{"utility":95,"ID":17}],[],[],[],[],[],[],[],[],[],[],[],[]],"STARTING COALITION: ":[[null],[],[],[{"utility":70,"ID":4},{"utility":44.5,"ID":16},{"utility":24.5,"ID":25}],[{"utility":57.6,"ID":1},{"utility":69,"ID":5},{"utility":29.2,"ID":8},{"utility":47.4,"ID":10},{"utility":17.4,"ID":11},{"utility":52.6,"ID":12}],[{"utility":0,"ID":13}],[{"utility":55.666666666666664,"ID":18},{"utility":79.66666666666667,"ID":23},{"utility":65.66666666666667,"ID":26},{"utility":53.666666666666664,"ID":30}],[{"utility":58.333333333333336,"ID":9},{"utility":32.333333333333336,"ID":22},{"utility":80,"ID":24},{"utility":46.666666666666664,"ID":29}],[{"utility":91,"ID":21},{"utility":50,"ID":28}],[],[{"utility":0,"ID":19}],[{"utility":6,"ID":14},{"utility":46,"ID":17}],[{"utility":57,"ID":20},{"utility":76,"ID":27}],[],[{"utility":75,"ID":2},{"utility":35,"ID":3}],[{"utility":51.5,"ID":6},{"utility":68,"ID":7},{"utility":71.5,"ID":15}],[],[],[],[],[],[],[],[],[],[],[],[],[],[],[]],"CORE :":true,"Relazioni :":870,"Time : ":0.4,"LAST PARTITION":{"22":8,"23":13,"24":1,"25":6,"26":2,"27":16,"28":4,"29":1,"30":17,"10":10,"11":9,"12":10,"13":18,"14":15,"15":7,"16":8,"17":18,"18":13,"19":7,"1":12,"2":9,"3":14,"4":15,"5":14,"6":12,"7":17,"8":16,"9":6,"20":11,"21":5}},{"Modalità dinamica :":true,"Q : ":10,"STARTING PARTITION: ":{"22":7,"23":6,"24":7,"25":3,"26":6,"27":12,"28":8,"29":7,"30":6,"10":4,"11":4,"12":4,"13":5,"14":11,"15":15,"16":3,"17":11,"18":6,"19":10,"1":4,"2":14,"3":14,"4":3,"5":4,"6":15,"7":15,"8":4,"9":7,"20":12,"21":8},"LAST COALITION":[[],[{"utility":52,"ID":4},{"utility":44,"ID":25}],[],[{"utility":92,"ID":15},{"utility":90,"ID":19}],[{"utility":93,"ID":14},{"utility":81,"ID":23}],[{"utility":58,"ID":10},{"utility":74,"ID":30}],[{"utility":85,"ID":12},{"utility":85,"ID":22}],[{"utility":0,"ID":16}],[{"utility":0,"ID":20}],[{"utility":0,"ID":13}],[{"utility":86,"ID":9},{"utility":88,"ID":24}],[{"utility":71,"ID":3},{"utility":43,"ID":28}],[{"utility":0,"ID":5}],[{"utility":73,"ID":18},{"utility":83,"ID":26}],[{"utility":98,"ID":8},{"utility":77,"ID":27}],[{"utility":50,"ID":21},{"utility":93,"ID":29}],[{"utility":76,"ID":1},{"utility":96,"ID":6}],[{"utility":0,"ID":17}],[{"utility":98,"ID":7},{"utility":75,"ID":11}],[{"utility":0,"ID":2}],[],[],[],[],[],[],[],[],[],[],[]],"STARTING COALITION: ":[[null],[],[],[{"utility":70,"ID":4},{"utility":44.5,"ID":16},{"utility":24.5,"ID":25}],[{"utility":57.6,"ID":1},{"utility":69,"ID":5},{"utility":29.2,"ID":8},{"utility":47.4,"ID":10},{"utility":17.4,"ID":11},{"utility":52.6,"ID":12}],[{"utility":0,"ID":13}],[{"utility":55.666666666666664,"ID":18},{"utility":79.66666666666667,"ID":23},{"utility":65.66666666666667,"ID":26},{"utility":53.666666666666664,"ID":30}],[{"utility":58.333333333333336,"ID":9},{"utility":32.333333333333336,"ID":22},{"utility":80,"ID":24},{"utility":46.666666666666664,"ID":29}],[{"utility":91,"ID":21},{"utility":50,"ID":28}],[],[{"utility":0,"ID":19}],[{"utility":6,"ID":14},{"utility":46,"ID":17}],[{"utility":57,"ID":20},{"utility":76,"ID":27}],[],[{"utility":75,"ID":2},{"utility":35,"ID":3}],[{"utility":51.5,"ID":6},{"utility":68,"ID":7},{"utility":71.5,"ID":15}],[],[],[],[],[],[],[],[],[],[],[],[],[],[],[]],"CORE :":true,"Relazioni :":870,"Time : ":0.2,"LAST PARTITION":{"22":6,"23":4,"24":10,"25":1,"26":13,"27":14,"28":11,"29":15,"30":5,"10":5,"11":18,"12":6,"13":9,"14":4,"15":3,"16":7,"17":17,"18":13,"19":3,"1":16,"2":19,"3":11,"4":1,"5":12,"6":16,"7":18,"8":14,"9":10,"20":8,"21":15}},{"Modalità dinamica :":true,"Q : ":10,"STARTING PARTITION: ":{"22":7,"23":6,"24":7,"25":3,"26":6,"27":12,"28":8,"29":7,"30":6,"10":4,"11":4,"12":4,"13":5,"14":11,"15":15,"16":3,"17":11,"18":6,"19":10,"1":4,"2":14,"3":14,"4":3,"5":4,"6":15,"7":15,"8":4,"9":7,"20":12,"21":8},"LAST COALITION":[[],[{"utility":0,"ID":29}],[{"utility":74.5,"ID":5},{"utility":69.5,"ID":9},{"utility":74.5,"ID":25}],[{"utility":98,"ID":7},{"utility":75,"ID":11}],[{"utility":0,"ID":6}],[{"utility":93,"ID":12},{"utility":62,"ID":27}],[{"utility":81,"ID":18},{"utility":97,"ID":23}],[{"utility":99,"ID":17},{"utility":79,"ID":22}],[{"utility":95,"ID":8},{"utility":95,"ID":28}],[],[{"utility":87,"ID":10},{"utility":52,"ID":26}],[{"utility":92,"ID":15},{"utility":90,"ID":19}],[{"utility":32,"ID":20},{"utility":98,"ID":24}],[],[{"utility":91,"ID":13},{"utility":75,"ID":16}],[{"utility":0,"ID":3}],[],[{"utility":60,"ID":1},{"utility":85,"ID":14}],[{"utility":69,"ID":2},{"utility":95,"ID":4}],[{"utility":93,"ID":21},{"utility":80,"ID":30}],[],[],[],[],[],[],[],[],[],[],[]],"STARTING COALITION: ":[[null],[],[],[{"utility":70,"ID":4},{"utility":44.5,"ID":16},{"utility":24.5,"ID":25}],[{"utility":57.6,"ID":1},{"utility":69,"ID":5},{"utility":29.2,"ID":8},{"utility":47.4,"ID":10},{"utility":17.4,"ID":11},{"utility":52.6,"ID":12}],[{"utility":0,"ID":13}],[{"utility":55.666666666666664,"ID":18},{"utility":79.66666666666667,"ID":23},{"utility":65.66666666666667,"ID":26},{"utility":53.666666666666664,"ID":30}],[{"utility":58.333333333333336,"ID":9},{"utility":32.333333333333336,"ID":22},{"utility":80,"ID":24},{"utility":46.666666666666664,"ID":29}],[{"utility":91,"ID":21},{"utility":50,"ID":28}],[],[{"utility":0,"ID":19}],[{"utility":6,"ID":14},{"utility":46,"ID":17}],[{"utility":57,"ID":20},{"utility":76,"ID":27}],[],[{"utility":75,"ID":2},{"utility":35,"ID":3}],[{"utility":51.5,"ID":6},{"utility":68,"ID":7},{"utility":71.5,"ID":15}],[],[],[],[],[],[],[],[],[],[],[],[],[],[],[]],"CORE :":true,"Relazioni :":870,"Time : ":0.4,"LAST PARTITION":{"22":7,"23":6,"24":12,"25":2,"26":10,"27":5,"28":8,"29":1,"30":19,"10":10,"11":3,"12":5,"13":14,"14":17,"15":11,"16":14,"17":7,"18":6,"19":11,"1":17,"2":18,"3":15,"4":18,"5":2,"6":4,"7":3,"8":8,"9":2,"20":12,"21":19}},{"END OF FILE:" : true}]