[{"STARTING PARTITION: ":{"22":3,"23":13,"24":1,"25":6,"26":5,"27":3,"28":10,"29":4,"30":9,"10":10,"11":13,"12":4,"13":5,"14":14,"15":13,"16":8,"17":3,"18":8,"19":3,"1":12,"2":11,"3":12,"4":2,"5":10,"6":12,"7":5,"8":5,"9":9,"20":10,"21":5},"Agents":[null,{"utility":93,"ID":1},{"utility":0,"ID":2},{"utility":0,"ID":3},{"utility":85,"ID":4},{"utility":17,"ID":5},{"utility":25,"ID":6},{"utility":89,"ID":7},{"utility":90,"ID":8},{"utility":81,"ID":9},{"utility":0,"ID":10},{"utility":32,"ID":11},{"utility":73,"ID":12},{"utility":89,"ID":13},{"utility":98,"ID":14},{"utility":84,"ID":15},{"utility":95,"ID":16},{"utility":99,"ID":17},{"utility":96,"ID":18},{"utility":76,"ID":19},{"utility":92,"ID":20},{"utility":95,"ID":21},{"utility":0,"ID":22},{"utility":88,"ID":23},{"utility":96,"ID":24},{"utility":91,"ID":25},{"utility":78,"ID":26},{"utility":95,"ID":27},{"utility":89,"ID":28},{"utility":96,"ID":29},{"utility":11,"ID":30}],"LAST COALITION":[[],[{"utility":93,"ID":1},{"utility":91,"ID":25}],[{"utility":85,"ID":4},{"utility":90,"ID":8}],[{"utility":0,"ID":22}],[{"utility":0,"ID":2}],[{"utility":81,"ID":9},{"utility":98,"ID":14}],[{"utility":95,"ID":21},{"utility":96,"ID":24}],[{"utility":92,"ID":20},{"utility":88,"ID":23}],[{"utility":0,"ID":10}],[{"utility":25,"ID":6},{"utility":89,"ID":28}],[{"utility":78,"ID":26},{"utility":95,"ID":27}],[{"utility":73,"ID":12},{"utility":96,"ID":18}],[{"utility":0,"ID":3}],[],[{"utility":89,"ID":7},{"utility":95,"ID":16}],[{"utility":32,"ID":11},{"utility":11,"ID":30}],[],[{"utility":89,"ID":13},{"utility":99,"ID":17}],[{"utility":76,"ID":19},{"utility":96,"ID":29}],[],[{"utility":17,"ID":5},{"utility":84,"ID":15}],[],[],[],[],[],[],[],[],[],[]],"STARTING COALITION: ":[[null],[{"utility":0,"ID":24}],[{"utility":0,"ID":4}],[{"utility":34,"ID":17},{"utility":34.333333333333336,"ID":19},{"utility":44.666666666666664,"ID":22},{"utility":72.33333333333333,"ID":27}],[{"utility":31,"ID":12},{"utility":55,"ID":29}],[{"utility":63,"ID":7},{"utility":23.5,"ID":8},{"utility":63,"ID":13},{"utility":45.25,"ID":21},{"utility":58.25,"ID":26}],[{"utility":0,"ID":25}],[],[{"utility":63,"ID":16},{"utility":22,"ID":18}],[{"utility":75,"ID":9},{"utility":49,"ID":30}],[{"utility":34.666666666666664,"ID":5},{"utility":35.333333333333336,"ID":10},{"utility":50.333333333333336,"ID":20},{"utility":44.333333333333336,"ID":28}],[{"utility":0,"ID":2}],[{"utility":44.5,"ID":1},{"utility":70,"ID":3},{"utility":68.5,"ID":6}],[{"utility":26,"ID":11},{"utility":73,"ID":15},{"utility":48.5,"ID":23}],[{"utility":0,"ID":14}],[],[],[],[],[],[],[],[],[],[],[],[],[],[],[],[]],"CORE :":false,"LAST PARTITION":{"22":3,"23":7,"24":6,"25":1,"26":10,"27":10,"28":9,"29":18,"30":15,"10":8,"11":15,"12":11,"13":17,"14":5,"15":20,"16":14,"17":17,"18":11,"19":18,"1":1,"2":4,"3":12,"4":2,"5":20,"6":9,"7":14,"8":2,"9":5,"20":7,"21":6}},{"STARTING PARTITION: ":{"22":12,"23":7,"24":11,"25":9,"26":14,"27":10,"28":7,"29":9,"30":11,"10":3,"11":6,"12":8,"13":5,"14":5,"15":15,"16":2,"17":14,"18":1,"19":14,"1":15,"2":10,"3":6,"4":14,"5":7,"6":5,"7":11,"8":6,"9":7,"20":8,"21":2},"Agents":[null,{"utility":93,"ID":1},{"utility":86,"ID":2},{"utility":0,"ID":3},{"utility":85,"ID":4},{"utility":85,"ID":5},{"utility":73,"ID":6},{"utility":37.333333333333336,"ID":7},{"utility":90,"ID":8},{"utility":0,"ID":9},{"utility":72,"ID":10},{"utility":66.33333333333333,"ID":11},{"utility":73,"ID":12},{"utility":92,"ID":13},{"utility":0,"ID":14},{"utility":66,"ID":15},{"utility":0,"ID":16},{"utility":49,"ID":17},{"utility":96,"ID":18},{"utility":64,"ID":19},{"utility":92,"ID":20},{"utility":95,"ID":21},{"utility":0,"ID":22},{"utility":88,"ID":23},{"utility":96,"ID":24},{"utility":91,"ID":25},{"utility":0,"ID":26},{"utility":79,"ID":27},{"utility":0,"ID":28},{"utility":74.33333333333333,"ID":29},{"utility":0,"ID":30}],"LAST COALITION":[[],[],[{"utility":37.333333333333336,"ID":7},{"utility":66.33333333333333,"ID":11},{"utility":64,"ID":19},{"utility":74.33333333333333,"ID":29}],[{"utility":0,"ID":28}],[{"utility":85,"ID":5},{"utility":79,"ID":27}],[{"utility":0,"ID":16}],[{"utility":85,"ID":4},{"utility":90,"ID":8}],[{"utility":95,"ID":21},{"utility":96,"ID":24}],[{"utility":86,"ID":2},{"utility":73,"ID":6}],[{"utility":66,"ID":15},{"utility":49,"ID":17}],[{"utility":0,"ID":26}],[{"utility":73,"ID":12},{"utility":96,"ID":18}],[{"utility":72,"ID":10},{"utility":92,"ID":13}],[],[{"utility":0,"ID":9}],[{"utility":0,"ID":22}],[{"utility":93,"ID":1},{"utility":91,"ID":25}],[{"utility":0,"ID":30}],[{"utility":0,"ID":14}],[{"utility":0,"ID":3}],[],[{"utility":92,"ID":20},{"utility":88,"ID":23}],[],[],[],[],[],[],[],[],[]],"STARTING COALITION: ":[[null],[{"utility":0,"ID":18}],[{"utility":7,"ID":16},{"utility":25,"ID":21}],[{"utility":0,"ID":10}],[],[{"utility":84,"ID":6},{"utility":54.5,"ID":13},{"utility":39.5,"ID":14}],[{"utility":64,"ID":3},{"utility":75.5,"ID":8},{"utility":42.5,"ID":11}],[{"utility":12,"ID":5},{"utility":55.333333333333336,"ID":9},{"utility":48,"ID":23},{"utility":40.333333333333336,"ID":28}],[{"utility":11,"ID":12},{"utility":50,"ID":20}],[{"utility":20,"ID":25},{"utility":51,"ID":29}],[{"utility":84,"ID":2},{"utility":69,"ID":27}],[{"utility":42,"ID":7},{"utility":50.5,"ID":24},{"utility":42.5,"ID":30}],[{"utility":0,"ID":22}],[],[{"utility":43.666666666666664,"ID":4},{"utility":43.333333333333336,"ID":17},{"utility":18.333333333333332,"ID":19},{"utility":29,"ID":26}],[{"utility":4,"ID":1},{"utility":36,"ID":15}],[],[],[],[],[],[],[],[],[],[],[],[],[],[],[]],"CORE :":false,"LAST PARTITION":{"22":15,"23":21,"24":7,"25":16,"26":10,"27":4,"28":3,"29":2,"30":17,"10":12,"11":2,"12":11,"13":12,"14":18,"15":9,"16":5,"17":9,"18":11,"19":2,"1":16,"2":8,"3":19,"4":6,"5":4,"6":8,"7":2,"8":6,"9":14,"20":21,"21":7}},{"STARTING PARTITION: ":{"22":8,"23":9,"24":8,"25":10,"26":5,"27":6,"28":3,"29":11,"30":3,"10":14,"11":2,"12":9,"13":8,"14":3,"15":13,"16":12,"17":11,"18":10,"19":8,"1":13,"2":3,"3":3,"4":9,"5":5,"6":9,"7":3,"8":12,"9":2,"20":5,"21":7},"Agents":[null,{"utility":93,"ID":1},{"utility":86,"ID":2},{"utility":71,"ID":3},{"utility":85,"ID":4},{"utility":62,"ID":5},{"utility":73,"ID":6},{"utility":89,"ID":7},{"utility":90,"ID":8},{"utility":81,"ID":9},{"utility":72,"ID":10},{"utility":64,"ID":11},{"utility":73,"ID":12},{"utility":89,"ID":13},{"utility":98,"ID":14},{"utility":65,"ID":15},{"utility":95,"ID":16},{"utility":99,"ID":17},{"utility":96,"ID":18},{"utility":76,"ID":19},{"utility":92,"ID":20},{"utility":95,"ID":21},{"utility":95,"ID":22},{"utility":88,"ID":23},{"utility":96,"ID":24},{"utility":91,"ID":25},{"utility":78,"ID":26},{"utility":95,"ID":27},{"utility":64,"ID":28},{"utility":96,"ID":29},{"utility":67,"ID":30}],"LAST COALITION":[[],[{"utility":62,"ID":5},{"utility":67,"ID":30}],[{"utility":92,"ID":20},{"utility":88,"ID":23}],[{"utility":89,"ID":7},{"utility":95,"ID":16}],[],[{"utility":85,"ID":4},{"utility":90,"ID":8}],[],[{"utility":81,"ID":9},{"utility":98,"ID":14}],[{"utility":95,"ID":21},{"utility":96,"ID":24}],[{"utility":76,"ID":19},{"utility":96,"ID":29}],[{"utility":86,"ID":2},{"utility":73,"ID":6}],[{"utility":89,"ID":13},{"utility":99,"ID":17}],[{"utility":65,"ID":15},{"utility":64,"ID":28}],[{"utility":71,"ID":3},{"utility":64,"ID":11}],[{"utility":78,"ID":26},{"utility":95,"ID":27}],[{"utility":72,"ID":10},{"utility":95,"ID":22}],[],[{"utility":73,"ID":12},{"utility":96,"ID":18}],[{"utility":93,"ID":1},{"utility":91,"ID":25}],[],[],[],[],[],[],[],[],[],[],[],[]],"STARTING COALITION: ":[[null],[],[{"utility":92,"ID":9},{"utility":1,"ID":11}],[{"utility":64.8,"ID":2},{"utility":52.8,"ID":3},{"utility":34.4,"ID":7},{"utility":46.8,"ID":14},{"utility":41.4,"ID":28},{"utility":37,"ID":30}],[],[{"utility":75,"ID":5},{"utility":53,"ID":20},{"utility":67,"ID":26}],[{"utility":0,"ID":27}],[{"utility":0,"ID":21}],[{"utility":51.666666666666664,"ID":13},{"utility":36,"ID":19},{"utility":70.66666666666667,"ID":22},{"utility":35.666666666666664,"ID":24}],[{"utility":32.333333333333336,"ID":4},{"utility":42.333333333333336,"ID":6},{"utility":58.666666666666664,"ID":12},{"utility":35,"ID":23}],[{"utility":44,"ID":18},{"utility":46,"ID":25}],[{"utility":81,"ID":17},{"utility":60,"ID":29}],[{"utility":45,"ID":8},{"utility":35,"ID":16}],[{"utility":4,"ID":1},{"utility":36,"ID":15}],[{"utility":0,"ID":10}],[],[],[],[],[],[],[],[],[],[],[],[],[],[],[],[]],"CORE :":true,"LAST PARTITION":{"22":15,"23":2,"24":8,"25":18,"26":14,"27":14,"28":12,"29":9,"30":1,"10":15,"11":13,"12":17,"13":11,"14":7,"15":12,"16":3,"17":11,"18":17,"19":9,"1":18,"2":10,"3":13,"4":5,"5":1,"6":10,"7":3,"8":5,"9":7,"20":2,"21":8}},{"STARTING PARTITION: ":{"22":1,"23":15,"24":15,"25":4,"26":9,"27":11,"28":9,"29":13,"30":9,"10":13,"11":6,"12":5,"13":5,"14":5,"15":14,"16":14,"17":8,"18":6,"19":7,"1":12,"2":6,"3":2,"4":2,"5":5,"6":11,"7":8,"8":7,"9":8,"20":13,"21":7},"Agents":[null,{"utility":93,"ID":1},{"utility":86,"ID":2},{"utility":71,"ID":3},{"utility":85,"ID":4},{"utility":62,"ID":5},{"utility":73,"ID":6},{"utility":89,"ID":7},{"utility":90,"ID":8},{"utility":81,"ID":9},{"utility":72,"ID":10},{"utility":64,"ID":11},{"utility":73,"ID":12},{"utility":89,"ID":13},{"utility":98,"ID":14},{"utility":65,"ID":15},{"utility":95,"ID":16},{"utility":99,"ID":17},{"utility":96,"ID":18},{"utility":76,"ID":19},{"utility":92,"ID":20},{"utility":95,"ID":21},{"utility":95,"ID":22},{"utility":88,"ID":23},{"utility":96,"ID":24},{"utility":91,"ID":25},{"utility":78,"ID":26},{"utility":95,"ID":27},{"utility":64,"ID":28},{"utility":96,"ID":29},{"utility":67,"ID":30}],"LAST COALITION":[[],[{"utility":76,"ID":19},{"utility":96,"ID":29}],[{"utility":86,"ID":2},{"utility":73,"ID":6}],[],[{"utility":93,"ID":1},{"utility":91,"ID":25}],[{"utility":62,"ID":5},{"utility":67,"ID":30}],[{"utility":81,"ID":9},{"utility":98,"ID":14}],[{"utility":89,"ID":7},{"utility":95,"ID":16}],[{"utility":71,"ID":3},{"utility":64,"ID":11}],[{"utility":78,"ID":26},{"utility":95,"ID":27}],[{"utility":72,"ID":10},{"utility":95,"ID":22}],[{"utility":95,"ID":21},{"utility":96,"ID":24}],[],[{"utility":85,"ID":4},{"utility":90,"ID":8}],[{"utility":65,"ID":15},{"utility":64,"ID":28}],[{"utility":89,"ID":13},{"utility":99,"ID":17}],[{"utility":92,"ID":20},{"utility":88,"ID":23}],[],[],[{"utility":73,"ID":12},{"utility":96,"ID":18}],[],[],[],[],[],[],[],[],[],[],[]],"STARTING COALITION: ":[[null],[{"utility":0,"ID":22}],[{"utility":92,"ID":3},{"utility":36,"ID":4}],[],[{"utility":0,"ID":25}],[{"utility":68.33333333333333,"ID":5},{"utility":55.333333333333336,"ID":12},{"utility":42.333333333333336,"ID":13},{"utility":57,"ID":14}],[{"utility":51.5,"ID":2},{"utility":23,"ID":11},{"utility":41.5,"ID":18}],[{"utility":26.5,"ID":8},{"utility":51,"ID":19},{"utility":7,"ID":21}],[{"utility":50,"ID":7},{"utility":47.5,"ID":9},{"utility":20.5,"ID":17}],[{"utility":48.5,"ID":26},{"utility":68,"ID":28},{"utility":50,"ID":30}],[],[{"utility":38,"ID":6},{"utility":95,"ID":27}],[{"utility":0,"ID":1}],[{"utility":15.5,"ID":10},{"utility":60,"ID":20},{"utility":74.5,"ID":29}],[{"utility":16,"ID":15},{"utility":96,"ID":16}],[{"utility":4,"ID":23},{"utility":84,"ID":24}],[],[],[],[],[],[],[],[],[],[],[],[],[],[],[]],"CORE :":true,"LAST PARTITION":{"22":10,"23":16,"24":11,"25":4,"26":9,"27":9,"28":14,"29":1,"30":5,"10":10,"11":8,"12":19,"13":15,"14":6,"15":14,"16":7,"17":15,"18":19,"19":1,"1":4,"2":2,"3":8,"4":13,"5":5,"6":2,"7":7,"8":13,"9":6,"20":16,"21":11}},{"STARTING PARTITION: ":{"22":11,"23":4,"24":7,"25":15,"26":2,"27":1,"28":12,"29":5,"30":1,"10":15,"11":8,"12":7,"13":6,"14":9,"15":8,"16":11,"17":14,"18":15,"19":4,"1":8,"2":14,"3":7,"4":9,"5":8,"6":13,"7":11,"8":7,"9":8,"20":13,"21":13},"Agents":[null,{"utility":93,"ID":1},{"utility":43,"ID":2},{"utility":20,"ID":3},{"utility":85,"ID":4},{"utility":90,"ID":5},{"utility":89,"ID":6},{"utility":80,"ID":7},{"utility":90,"ID":8},{"utility":81,"ID":9},{"utility":65,"ID":10},{"utility":70,"ID":11},{"utility":73,"ID":12},{"utility":89,"ID":13},{"utility":98,"ID":14},{"utility":49,"ID":15},{"utility":93,"ID":16},{"utility":99,"ID":17},{"utility":96,"ID":18},{"utility":0,"ID":19},{"utility":92,"ID":20},{"utility":95,"ID":21},{"utility":67,"ID":22},{"utility":88,"ID":23},{"utility":96,"ID":24},{"utility":91,"ID":25},{"utility":71.5,"ID":26},{"utility":74,"ID":27},{"utility":38,"ID":28},{"utility":92,"ID":29},{"utility":75,"ID":30}],"LAST COALITION":[[],[{"utility":81,"ID":9},{"utility":98,"ID":14}],[{"utility":71.5,"ID":26},{"utility":74,"ID":27},{"utility":38,"ID":28}],[],[{"utility":65,"ID":10},{"utility":75,"ID":30}],[{"utility":43,"ID":2},{"utility":49,"ID":15}],[{"utility":73,"ID":12},{"utility":96,"ID":18}],[{"utility":93,"ID":1},{"utility":91,"ID":25}],[{"utility":90,"ID":5},{"utility":93,"ID":16}],[{"utility":92,"ID":20},{"utility":88,"ID":23}],[{"utility":70,"ID":11},{"utility":92,"ID":29}],[],[{"utility":85,"ID":4},{"utility":90,"ID":8}],[{"utility":0,"ID":19}],[{"utility":20,"ID":3},{"utility":67,"ID":22}],[],[{"utility":95,"ID":21},{"utility":96,"ID":24}],[{"utility":89,"ID":6},{"utility":80,"ID":7}],[{"utility":89,"ID":13},{"utility":99,"ID":17}],[],[],[],[],[],[],[],[],[],[],[],[]],"STARTING COALITION: ":[[null],[{"utility":25,"ID":27},{"utility":88,"ID":30}],[{"utility":0,"ID":26}],[],[{"utility":84,"ID":19},{"utility":57,"ID":23}],[{"utility":0,"ID":29}],[{"utility":0,"ID":13}],[{"utility":38,"ID":3},{"utility":62.666666666666664,"ID":8},{"utility":44.666666666666664,"ID":12},{"utility":27.333333333333332,"ID":24}],[{"utility":31.5,"ID":1},{"utility":34.75,"ID":5},{"utility":42,"ID":9},{"utility":51.5,"ID":11},{"utility":61.75,"ID":15}],[{"utility":79,"ID":4},{"utility":39,"ID":14}],[],[{"utility":82,"ID":7},{"utility":89.5,"ID":16},{"utility":69.5,"ID":22}],[{"utility":0,"ID":28}],[{"utility":59,"ID":6},{"utility":34,"ID":20},{"utility":15,"ID":21}],[{"utility":73,"ID":2},{"utility":67,"ID":17}],[{"utility":64,"ID":10},{"utility":47,"ID":18},{"utility":61,"ID":25}],[],[],[],[],[],[],[],[],[],[],[],[],[],[],[]],"CORE :":false,"LAST PARTITION":{"22":14,"23":9,"24":16,"25":7,"26":2,"27":2,"28":2,"29":10,"30":4,"10":4,"11":10,"12":6,"13":18,"14":1,"15":5,"16":8,"17":18,"18":6,"19":13,"1":7,"2":5,"3":14,"4":12,"5":8,"6":17,"7":17,"8":12,"9":1,"20":9,"21":16}},{"END OF FILE:" : true}]