[{"STARTING PARTITION: ":{"22":11,"23":15,"24":12,"25":7,"26":3,"27":10,"28":9,"29":9,"30":4,"10":6,"11":14,"12":14,"13":7,"14":1,"15":3,"16":3,"17":3,"18":15,"19":7,"1":2,"2":10,"3":5,"4":11,"5":6,"6":10,"7":6,"8":12,"9":15,"20":11,"21":14},"Agents":[null,{"utility":87,"ID":1},{"utility":89,"ID":2},{"utility":42,"ID":3},{"utility":0,"ID":4},{"utility":30,"ID":5},{"utility":94,"ID":6},{"utility":98,"ID":7},{"utility":84,"ID":8},{"utility":0,"ID":9},{"utility":72,"ID":10},{"utility":94,"ID":11},{"utility":49,"ID":12},{"utility":97,"ID":13},{"utility":89,"ID":14},{"utility":99,"ID":15},{"utility":98,"ID":16},{"utility":94,"ID":17},{"utility":13,"ID":18},{"utility":88,"ID":19},{"utility":88,"ID":20},{"utility":81,"ID":21},{"utility":97,"ID":22},{"utility":0,"ID":23},{"utility":82,"ID":24},{"utility":82,"ID":25},{"utility":74,"ID":26},{"utility":84,"ID":27},{"utility":97,"ID":28},{"utility":63,"ID":29},{"utility":0,"ID":30}],"LAST COALITION":[[],[{"utility":30,"ID":5},{"utility":88,"ID":20}],[{"utility":88,"ID":19},{"utility":84,"ID":27}],[{"utility":99,"ID":15},{"utility":82,"ID":24}],[{"utility":94,"ID":6},{"utility":72,"ID":10}],[{"utility":94,"ID":11},{"utility":81,"ID":21}],[{"utility":94,"ID":17},{"utility":97,"ID":22}],[{"utility":74,"ID":26},{"utility":97,"ID":28}],[{"utility":89,"ID":2},{"utility":84,"ID":8}],[{"utility":87,"ID":1},{"utility":82,"ID":25}],[{"utility":0,"ID":23}],[{"utility":42,"ID":3},{"utility":49,"ID":12}],[{"utility":0,"ID":30}],[{"utility":98,"ID":7},{"utility":98,"ID":16}],[{"utility":0,"ID":4}],[{"utility":97,"ID":13},{"utility":89,"ID":14}],[],[],[{"utility":0,"ID":9}],[{"utility":13,"ID":18},{"utility":63,"ID":29}],[],[],[],[],[],[],[],[],[],[],[]],"STARTING COALITION: ":[[null],[{"utility":0,"ID":14}],[{"utility":0,"ID":1}],[{"utility":39.666666666666664,"ID":15},{"utility":59.666666666666664,"ID":16},{"utility":23.666666666666668,"ID":17},{"utility":68,"ID":26}],[{"utility":0,"ID":30}],[{"utility":0,"ID":3}],[{"utility":14,"ID":5},{"utility":56,"ID":7},{"utility":81,"ID":10}],[{"utility":51,"ID":13},{"utility":48,"ID":19},{"utility":56,"ID":25}],[],[{"utility":41,"ID":28},{"utility":86,"ID":29}],[{"utility":66.5,"ID":2},{"utility":45.5,"ID":6},{"utility":8.5,"ID":27}],[{"utility":43.5,"ID":4},{"utility":18,"ID":20},{"utility":44,"ID":22}],[{"utility":37,"ID":8},{"utility":96,"ID":24}],[],[{"utility":47.5,"ID":11},{"utility":51.5,"ID":12},{"utility":72,"ID":21}],[{"utility":10.5,"ID":9},{"utility":7.5,"ID":18},{"utility":8.5,"ID":23}],[],[],[],[],[],[],[],[],[],[],[],[],[],[],[]],"CORE :":false,"LAST PARTITION":{"22":6,"23":10,"24":3,"25":9,"26":7,"27":2,"28":7,"29":19,"30":12,"10":4,"11":5,"12":11,"13":15,"14":15,"15":3,"16":13,"17":6,"18":19,"19":2,"1":9,"2":8,"3":11,"4":14,"5":1,"6":4,"7":13,"8":8,"9":18,"20":1,"21":5}},{"STARTING PARTITION: ":{"22":6,"23":12,"24":13,"25":13,"26":9,"27":4,"28":8,"29":3,"30":7,"10":8,"11":13,"12":10,"13":7,"14":5,"15":9,"16":14,"17":1,"18":6,"19":11,"1":15,"2":12,"3":7,"4":15,"5":6,"6":3,"7":4,"8":7,"9":9,"20":3,"21":5},"Agents":[null,{"utility":87,"ID":1},{"utility":92,"ID":2},{"utility":49,"ID":3},{"utility":93,"ID":4},{"utility":96,"ID":5},{"utility":91,"ID":6},{"utility":98,"ID":7},{"utility":66,"ID":8},{"utility":0,"ID":9},{"utility":66,"ID":10},{"utility":64,"ID":11},{"utility":92,"ID":12},{"utility":97,"ID":13},{"utility":89,"ID":14},{"utility":52,"ID":15},{"utility":98,"ID":16},{"utility":94,"ID":17},{"utility":63,"ID":18},{"utility":73,"ID":19},{"utility":50,"ID":20},{"utility":73.5,"ID":21},{"utility":97,"ID":22},{"utility":45,"ID":23},{"utility":73,"ID":24},{"utility":82,"ID":25},{"utility":95,"ID":26},{"utility":0,"ID":27},{"utility":89,"ID":28},{"utility":64,"ID":29},{"utility":0,"ID":30}],"LAST COALITION":[[],[{"utility":87,"ID":1},{"utility":82,"ID":25}],[{"utility":0,"ID":27}],[{"utility":97,"ID":13},{"utility":89,"ID":14}],[{"utility":0,"ID":9}],[],[{"utility":66,"ID":10},{"utility":50,"ID":20}],[{"utility":73,"ID":19},{"utility":73,"ID":24}],[],[{"utility":64,"ID":11},{"utility":63,"ID":18}],[{"utility":98,"ID":7},{"utility":98,"ID":16}],[{"utility":66,"ID":8},{"utility":95,"ID":26}],[{"utility":0,"ID":30}],[{"utility":94,"ID":17},{"utility":97,"ID":22}],[{"utility":96,"ID":5},{"utility":45,"ID":23}],[{"utility":91,"ID":6},{"utility":92,"ID":12}],[],[{"utility":49,"ID":3},{"utility":89,"ID":28}],[{"utility":52,"ID":15},{"utility":73.5,"ID":21},{"utility":64,"ID":29}],[{"utility":92,"ID":2},{"utility":93,"ID":4}],[],[],[],[],[],[],[],[],[],[],[]],"STARTING COALITION: ":[[null],[{"utility":0,"ID":17}],[],[{"utility":39,"ID":6},{"utility":47,"ID":20},{"utility":64.5,"ID":29}],[{"utility":26,"ID":7},{"utility":3,"ID":27}],[{"utility":65,"ID":14},{"utility":88,"ID":21}],[{"utility":62,"ID":5},{"utility":33.5,"ID":18},{"utility":35.5,"ID":22}],[{"utility":65.33333333333333,"ID":3},{"utility":59.666666666666664,"ID":8},{"utility":26.666666666666668,"ID":13},{"utility":69,"ID":30}],[{"utility":51,"ID":10},{"utility":20,"ID":28}],[{"utility":45,"ID":9},{"utility":51,"ID":15},{"utility":63.5,"ID":26}],[{"utility":0,"ID":12}],[{"utility":0,"ID":19}],[{"utility":58,"ID":2},{"utility":53,"ID":23}],[{"utility":67.5,"ID":11},{"utility":36.5,"ID":24},{"utility":35.5,"ID":25}],[{"utility":0,"ID":16}],[{"utility":58,"ID":1},{"utility":56,"ID":4}],[],[],[],[],[],[],[],[],[],[],[],[],[],[],[]],"CORE :":false,"LAST PARTITION":{"22":13,"23":14,"24":7,"25":1,"26":11,"27":2,"28":17,"29":18,"30":12,"10":6,"11":9,"12":15,"13":3,"14":3,"15":18,"16":10,"17":13,"18":9,"19":7,"1":1,"2":19,"3":17,"4":19,"5":14,"6":15,"7":10,"8":11,"9":4,"20":6,"21":18}},{"STARTING PARTITION: ":{"22":10,"23":8,"24":12,"25":9,"26":3,"27":15,"28":12,"29":15,"30":3,"10":7,"11":4,"12":2,"13":10,"14":6,"15":9,"16":8,"17":8,"18":6,"19":4,"1":7,"2":2,"3":4,"4":12,"5":4,"6":14,"7":5,"8":11,"9":4,"20":1,"21":1},"Agents":[null,{"utility":90,"ID":1},{"utility":92,"ID":2},{"utility":75,"ID":3},{"utility":93,"ID":4},{"utility":96,"ID":5},{"utility":94,"ID":6},{"utility":98,"ID":7},{"utility":84,"ID":8},{"utility":74,"ID":9},{"utility":72,"ID":10},{"utility":51,"ID":11},{"utility":87,"ID":12},{"utility":97,"ID":13},{"utility":89,"ID":14},{"utility":32,"ID":15},{"utility":98,"ID":16},{"utility":94,"ID":17},{"utility":0,"ID":18},{"utility":0,"ID":19},{"utility":78,"ID":20},{"utility":75,"ID":21},{"utility":97,"ID":22},{"utility":45,"ID":23},{"utility":62,"ID":24},{"utility":81,"ID":25},{"utility":74,"ID":26},{"utility":98,"ID":27},{"utility":97,"ID":28},{"utility":69,"ID":29},{"utility":58,"ID":30}],"LAST COALITION":[[],[{"utility":98,"ID":7},{"utility":98,"ID":16}],[{"utility":90,"ID":1},{"utility":75,"ID":21}],[{"utility":75,"ID":3},{"utility":81,"ID":25}],[{"utility":0,"ID":19}],[{"utility":94,"ID":6},{"utility":72,"ID":10}],[],[{"utility":0,"ID":18}],[{"utility":97,"ID":13},{"utility":89,"ID":14}],[{"utility":92,"ID":2},{"utility":93,"ID":4}],[{"utility":32,"ID":15},{"utility":98,"ID":27}],[{"utility":84,"ID":8},{"utility":58,"ID":30}],[{"utility":94,"ID":17},{"utility":97,"ID":22}],[{"utility":96,"ID":5},{"utility":45,"ID":23}],[{"utility":87,"ID":12},{"utility":78,"ID":20}],[{"utility":74,"ID":9},{"utility":69,"ID":29}],[],[{"utility":51,"ID":11},{"utility":62,"ID":24}],[{"utility":74,"ID":26},{"utility":97,"ID":28}],[],[],[],[],[],[],[],[],[],[],[],[]],"STARTING COALITION: ":[[null],[{"utility":4,"ID":20},{"utility":96,"ID":21}],[{"utility":76,"ID":2},{"utility":35,"ID":12}],[{"utility":15,"ID":26},{"utility":50,"ID":30}],[{"utility":68.5,"ID":3},{"utility":55.75,"ID":5},{"utility":40.25,"ID":9},{"utility":30.25,"ID":11},{"utility":43,"ID":19}],[{"utility":0,"ID":7}],[{"utility":71,"ID":14},{"utility":9,"ID":18}],[{"utility":21,"ID":1},{"utility":23,"ID":10}],[{"utility":60.5,"ID":16},{"utility":14,"ID":17},{"utility":33,"ID":23}],[{"utility":75,"ID":15},{"utility":61,"ID":25}],[{"utility":40,"ID":13},{"utility":81,"ID":22}],[{"utility":0,"ID":8}],[{"utility":41,"ID":4},{"utility":40.5,"ID":24},{"utility":46,"ID":28}],[],[{"utility":0,"ID":6}],[{"utility":31,"ID":27},{"utility":43,"ID":29}],[],[],[],[],[],[],[],[],[],[],[],[],[],[],[]],"CORE :":false,"LAST PARTITION":{"22":12,"23":13,"24":17,"25":3,"26":18,"27":10,"28":18,"29":15,"30":11,"10":5,"11":17,"12":14,"13":8,"14":8,"15":10,"16":1,"17":12,"18":7,"19":4,"1":2,"2":9,"3":3,"4":9,"5":13,"6":5,"7":1,"8":11,"9":15,"20":14,"21":2}},{"STARTING PARTITION: ":{"22":1,"23":4,"24":10,"25":5,"26":1,"27":6,"28":1,"29":13,"30":10,"10":3,"11":4,"12":15,"13":8,"14":2,"15":1,"16":5,"17":11,"18":2,"19":7,"1":8,"2":5,"3":11,"4":10,"5":12,"6":8,"7":8,"8":11,"9":3,"20":12,"21":3},"Agents":[null,{"utility":0,"ID":1},{"utility":0,"ID":2},{"utility":75,"ID":3},{"utility":38,"ID":4},{"utility":96,"ID":5},{"utility":91,"ID":6},{"utility":98,"ID":7},{"utility":68,"ID":8},{"utility":86,"ID":9},{"utility":0,"ID":10},{"utility":40,"ID":11},{"utility":92,"ID":12},{"utility":97,"ID":13},{"utility":89,"ID":14},{"utility":0,"ID":15},{"utility":98,"ID":16},{"utility":94,"ID":17},{"utility":79,"ID":18},{"utility":73,"ID":19},{"utility":0,"ID":20},{"utility":79,"ID":21},{"utility":97,"ID":22},{"utility":45,"ID":23},{"utility":73,"ID":24},{"utility":81,"ID":25},{"utility":74,"ID":26},{"utility":89,"ID":27},{"utility":97,"ID":28},{"utility":41.5,"ID":29},{"utility":79.5,"ID":30}],"LAST COALITION":[[],[{"utility":86,"ID":9},{"utility":89,"ID":27}],[{"utility":0,"ID":20}],[{"utility":79,"ID":18},{"utility":79,"ID":21}],[{"utility":91,"ID":6},{"utility":92,"ID":12}],[{"utility":75,"ID":3},{"utility":81,"ID":25}],[],[{"utility":98,"ID":7},{"utility":98,"ID":16}],[{"utility":96,"ID":5},{"utility":45,"ID":23}],[{"utility":94,"ID":17},{"utility":97,"ID":22}],[{"utility":0,"ID":2}],[{"utility":74,"ID":26},{"utility":97,"ID":28}],[{"utility":0,"ID":10}],[{"utility":97,"ID":13},{"utility":89,"ID":14}],[{"utility":38,"ID":4},{"utility":41.5,"ID":29},{"utility":79.5,"ID":30}],[{"utility":68,"ID":8},{"utility":40,"ID":11}],[{"utility":73,"ID":19},{"utility":73,"ID":24}],[{"utility":0,"ID":15}],[{"utility":0,"ID":1}],[],[],[],[],[],[],[],[],[],[],[],[]],"STARTING COALITION: ":[[null],[{"utility":32.333333333333336,"ID":15},{"utility":68.33333333333333,"ID":22},{"utility":57.333333333333336,"ID":26},{"utility":64.66666666666667,"ID":28}],[{"utility":71,"ID":14},{"utility":9,"ID":18}],[{"utility":21,"ID":9},{"utility":3,"ID":10},{"utility":39,"ID":21}],[{"utility":79,"ID":11},{"utility":1,"ID":23}],[{"utility":43,"ID":2},{"utility":90.5,"ID":16},{"utility":66,"ID":25}],[{"utility":0,"ID":27}],[{"utility":0,"ID":19}],[{"utility":63,"ID":1},{"utility":68.33333333333333,"ID":6},{"utility":49,"ID":7},{"utility":35.333333333333336,"ID":13}],[],[{"utility":30.5,"ID":4},{"utility":46.5,"ID":24},{"utility":73.5,"ID":30}],[{"utility":38,"ID":3},{"utility":62,"ID":8},{"utility":47,"ID":17}],[{"utility":30,"ID":5},{"utility":88,"ID":20}],[{"utility":0,"ID":29}],[],[{"utility":0,"ID":12}],[],[],[],[],[],[],[],[],[],[],[],[],[],[],[]],"CORE :":false,"LAST PARTITION":{"22":9,"23":8,"24":16,"25":5,"26":11,"27":1,"28":11,"29":14,"30":14,"10":12,"11":15,"12":4,"13":13,"14":13,"15":17,"16":7,"17":9,"18":3,"19":16,"1":18,"2":10,"3":5,"4":14,"5":8,"6":4,"7":7,"8":15,"9":1,"20":2,"21":3}},{"STARTING PARTITION: ":{"22":4,"23":12,"24":9,"25":8,"26":8,"27":14,"28":4,"29":12,"30":4,"10":5,"11":3,"12":15,"13":1,"14":15,"15":6,"16":2,"17":3,"18":2,"19":2,"1":8,"2":10,"3":14,"4":4,"5":11,"6":13,"7":11,"8":8,"9":1,"20":2,"21":1},"Agents":[null,{"utility":87,"ID":1},{"utility":92,"ID":2},{"utility":25,"ID":3},{"utility":93,"ID":4},{"utility":0,"ID":5},{"utility":83,"ID":6},{"utility":98,"ID":7},{"utility":66,"ID":8},{"utility":86,"ID":9},{"utility":73,"ID":10},{"utility":79,"ID":11},{"utility":87,"ID":12},{"utility":97,"ID":13},{"utility":89,"ID":14},{"utility":99,"ID":15},{"utility":98,"ID":16},{"utility":94,"ID":17},{"utility":71,"ID":18},{"utility":0,"ID":19},{"utility":78,"ID":20},{"utility":80,"ID":21},{"utility":97,"ID":22},{"utility":0,"ID":23},{"utility":82,"ID":24},{"utility":82,"ID":25},{"utility":95,"ID":26},{"utility":89,"ID":27},{"utility":53,"ID":28},{"utility":0,"ID":29},{"utility":0,"ID":30}],"LAST COALITION":[[],[{"utility":87,"ID":1},{"utility":82,"ID":25}],[{"utility":98,"ID":7},{"utility":98,"ID":16}],[{"utility":0,"ID":5}],[{"utility":66,"ID":8},{"utility":95,"ID":26}],[{"utility":0,"ID":19}],[{"utility":94,"ID":17},{"utility":97,"ID":22}],[{"utility":97,"ID":13},{"utility":89,"ID":14}],[{"utility":79,"ID":11},{"utility":71,"ID":18},{"utility":80,"ID":21}],[{"utility":0,"ID":23}],[{"utility":87,"ID":12},{"utility":78,"ID":20}],[{"utility":0,"ID":29}],[{"utility":92,"ID":2},{"utility":93,"ID":4}],[{"utility":25,"ID":3},{"utility":73,"ID":10}],[{"utility":0,"ID":30}],[{"utility":83,"ID":6},{"utility":53,"ID":28}],[],[{"utility":99,"ID":15},{"utility":82,"ID":24}],[{"utility":86,"ID":9},{"utility":89,"ID":27}],[],[],[],[],[],[],[],[],[],[],[],[]],"STARTING COALITION: ":[[null],[{"utility":22,"ID":9},{"utility":41.5,"ID":13},{"utility":73,"ID":21}],[{"utility":55.666666666666664,"ID":16},{"utility":43.333333333333336,"ID":18},{"utility":51.333333333333336,"ID":19},{"utility":38.666666666666664,"ID":20}],[{"utility":55,"ID":11},{"utility":3,"ID":17}],[{"utility":65,"ID":4},{"utility":81.33333333333333,"ID":22},{"utility":44.333333333333336,"ID":28},{"utility":67.66666666666667,"ID":30}],[{"utility":0,"ID":10}],[{"utility":0,"ID":15}],[],[{"utility":61,"ID":1},{"utility":55,"ID":8},{"utility":38.666666666666664,"ID":25},{"utility":50,"ID":26}],[{"utility":0,"ID":24}],[{"utility":0,"ID":2}],[{"utility":5,"ID":5},{"utility":96,"ID":7}],[{"utility":86,"ID":23},{"utility":50,"ID":29}],[{"utility":0,"ID":6}],[{"utility":53,"ID":3},{"utility":24,"ID":27}],[{"utility":84,"ID":12},{"utility":82,"ID":14}],[],[],[],[],[],[],[],[],[],[],[],[],[],[],[]],"CORE :":false,"LAST PARTITION":{"22":6,"23":9,"24":17,"25":1,"26":4,"27":18,"28":15,"29":11,"30":14,"10":13,"11":8,"12":10,"13":7,"14":7,"15":17,"16":2,"17":6,"18":8,"19":5,"1":1,"2":12,"3":13,"4":12,"5":3,"6":15,"7":2,"8":4,"9":18,"20":10,"21":8}},{"END OF FILE:" : true}]