[{"STARTING PARTITION: ":{"22":11,"23":6,"24":3,"25":15,"26":13,"27":5,"28":13,"29":12,"30":7,"10":11,"11":4,"12":1,"13":11,"14":15,"15":9,"16":2,"17":5,"18":1,"19":4,"1":14,"2":6,"3":11,"4":3,"5":2,"6":10,"7":15,"8":9,"9":3,"20":14,"21":13},"Agents":[null,{"utility":94,"ID":1},{"utility":99,"ID":2},{"utility":47.5,"ID":3},{"utility":77,"ID":4},{"utility":35,"ID":5},{"utility":95,"ID":6},{"utility":83.5,"ID":7},{"utility":0,"ID":8},{"utility":99,"ID":9},{"utility":73,"ID":10},{"utility":98,"ID":11},{"utility":71.5,"ID":12},{"utility":0,"ID":13},{"utility":38,"ID":14},{"utility":23.5,"ID":15},{"utility":46,"ID":16},{"utility":84,"ID":17},{"utility":98,"ID":18},{"utility":73,"ID":19},{"utility":0,"ID":20},{"utility":47,"ID":21},{"utility":91,"ID":22},{"utility":0,"ID":23},{"utility":82,"ID":24},{"utility":99,"ID":25},{"utility":61.5,"ID":26},{"utility":67,"ID":27},{"utility":26,"ID":28},{"utility":20,"ID":29},{"utility":60,"ID":30}],"LAST COALITION":[[],[{"utility":95,"ID":6},{"utility":99,"ID":25}],[{"utility":83.5,"ID":7},{"utility":71.5,"ID":12},{"utility":61.5,"ID":26}],[{"utility":99,"ID":2},{"utility":60,"ID":30}],[{"utility":94,"ID":1},{"utility":91,"ID":22}],[{"utility":77,"ID":4},{"utility":38,"ID":14}],[],[{"utility":0,"ID":8}],[{"utility":98,"ID":11},{"utility":84,"ID":17}],[{"utility":35,"ID":5},{"utility":73,"ID":19}],[{"utility":73,"ID":10},{"utility":46,"ID":16}],[{"utility":99,"ID":9},{"utility":20,"ID":29}],[{"utility":0,"ID":13}],[{"utility":0,"ID":23}],[{"utility":0,"ID":20}],[{"utility":98,"ID":18},{"utility":67,"ID":27}],[{"utility":47,"ID":21},{"utility":82,"ID":24}],[],[],[{"utility":47.5,"ID":3},{"utility":23.5,"ID":15},{"utility":26,"ID":28}],[],[],[],[],[],[],[],[],[],[],[]],"STARTING COALITION: ":[[null],[{"utility":86,"ID":12},{"utility":5,"ID":18}],[{"utility":17,"ID":5},{"utility":34,"ID":16}],[{"utility":67,"ID":4},{"utility":54.5,"ID":9},{"utility":52,"ID":24}],[{"utility":12,"ID":11},{"utility":85,"ID":19}],[{"utility":50,"ID":17},{"utility":45,"ID":27}],[{"utility":49,"ID":2},{"utility":3,"ID":23}],[{"utility":0,"ID":30}],[],[{"utility":70,"ID":8},{"utility":14,"ID":15}],[{"utility":0,"ID":6}],[{"utility":21.333333333333332,"ID":3},{"utility":73.66666666666667,"ID":10},{"utility":26.333333333333332,"ID":13},{"utility":38,"ID":22}],[{"utility":0,"ID":29}],[{"utility":55.5,"ID":21},{"utility":51,"ID":26},{"utility":51.5,"ID":28}],[{"utility":95,"ID":1},{"utility":69,"ID":20}],[{"utility":47.5,"ID":7},{"utility":40,"ID":14},{"utility":33,"ID":25}],[],[],[],[],[],[],[],[],[],[],[],[],[],[],[]],"CORE :":false,"LAST PARTITION":{"22":4,"23":13,"24":16,"25":1,"26":2,"27":15,"28":19,"29":11,"30":3,"10":10,"11":8,"12":2,"13":12,"14":5,"15":19,"16":10,"17":8,"18":15,"19":9,"1":4,"2":3,"3":19,"4":5,"5":9,"6":1,"7":2,"8":7,"9":11,"20":14,"21":16}},{"STARTING PARTITION: ":{"22":4,"23":12,"24":14,"25":5,"26":15,"27":11,"28":14,"29":9,"30":6,"10":1,"11":15,"12":10,"13":14,"14":8,"15":4,"16":11,"17":14,"18":7,"19":8,"1":9,"2":7,"3":6,"4":8,"5":1,"6":11,"7":12,"8":15,"9":11,"20":7,"21":15},"Agents":[null,{"utility":88,"ID":1},{"utility":69,"ID":2},{"utility":64,"ID":3},{"utility":93,"ID":4},{"utility":0,"ID":5},{"utility":95,"ID":6},{"utility":93,"ID":7},{"utility":96,"ID":8},{"utility":99,"ID":9},{"utility":0,"ID":10},{"utility":98,"ID":11},{"utility":87,"ID":12},{"utility":94,"ID":13},{"utility":95,"ID":14},{"utility":68,"ID":15},{"utility":88,"ID":16},{"utility":84,"ID":17},{"utility":87,"ID":18},{"utility":86,"ID":19},{"utility":81,"ID":20},{"utility":85,"ID":21},{"utility":0,"ID":22},{"utility":79.5,"ID":23},{"utility":84,"ID":24},{"utility":99,"ID":25},{"utility":55,"ID":26},{"utility":79,"ID":27},{"utility":38.5,"ID":28},{"utility":20,"ID":29},{"utility":82,"ID":30}],"LAST COALITION":[[],[{"utility":99,"ID":9},{"utility":20,"ID":29}],[{"utility":0,"ID":22}],[{"utility":0,"ID":10}],[{"utility":87,"ID":12},{"utility":94,"ID":13}],[{"utility":69,"ID":2},{"utility":95,"ID":14}],[{"utility":68,"ID":15},{"utility":87,"ID":18}],[{"utility":64,"ID":3},{"utility":84,"ID":24}],[{"utility":95,"ID":6},{"utility":99,"ID":25}],[{"utility":0,"ID":5}],[],[],[{"utility":79,"ID":27},{"utility":82,"ID":30}],[{"utility":88,"ID":1},{"utility":96,"ID":8}],[{"utility":81,"ID":20},{"utility":79.5,"ID":23},{"utility":38.5,"ID":28}],[{"utility":98,"ID":11},{"utility":84,"ID":17}],[],[{"utility":88,"ID":16},{"utility":86,"ID":19}],[{"utility":93,"ID":4},{"utility":85,"ID":21}],[{"utility":93,"ID":7},{"utility":55,"ID":26}],[],[],[],[],[],[],[],[],[],[],[]],"STARTING COALITION: ":[[null],[{"utility":95,"ID":5},{"utility":64,"ID":10}],[],[],[{"utility":96,"ID":15},{"utility":33,"ID":22}],[{"utility":0,"ID":25}],[{"utility":49,"ID":3},{"utility":46,"ID":30}],[{"utility":55.5,"ID":2},{"utility":68,"ID":18},{"utility":27.5,"ID":20}],[{"utility":69,"ID":4},{"utility":30,"ID":14},{"utility":18.5,"ID":19}],[{"utility":55,"ID":1},{"utility":8,"ID":29}],[{"utility":0,"ID":12}],[{"utility":55,"ID":6},{"utility":26,"ID":9},{"utility":61.666666666666664,"ID":16},{"utility":48,"ID":27}],[{"utility":61,"ID":7},{"utility":55,"ID":23}],[],[{"utility":66,"ID":13},{"utility":32.666666666666664,"ID":17},{"utility":71,"ID":24},{"utility":70.33333333333333,"ID":28}],[{"utility":5.333333333333333,"ID":8},{"utility":63,"ID":11},{"utility":44.666666666666664,"ID":21},{"utility":41,"ID":26}],[],[],[],[],[],[],[],[],[],[],[],[],[],[],[]],"CORE :":false,"LAST PARTITION":{"22":2,"23":14,"24":7,"25":8,"26":19,"27":12,"28":14,"29":1,"30":12,"10":3,"11":15,"12":4,"13":4,"14":5,"15":6,"16":17,"17":15,"18":6,"19":17,"1":13,"2":5,"3":7,"4":18,"5":9,"6":8,"7":19,"8":13,"9":1,"20":14,"21":18}},{"STARTING PARTITION: ":{"22":8,"23":1,"24":7,"25":14,"26":6,"27":5,"28":15,"29":8,"30":10,"10":6,"11":12,"12":2,"13":1,"14":5,"15":3,"16":3,"17":5,"18":12,"19":4,"1":11,"2":7,"3":1,"4":12,"5":2,"6":13,"7":9,"8":7,"9":10,"20":14,"21":5},"Agents":[null,{"utility":95,"ID":1},{"utility":69,"ID":2},{"utility":64,"ID":3},{"utility":48,"ID":4},{"utility":41.5,"ID":5},{"utility":95,"ID":6},{"utility":57.5,"ID":7},{"utility":0,"ID":8},{"utility":41,"ID":9},{"utility":1,"ID":10},{"utility":92,"ID":11},{"utility":0,"ID":12},{"utility":46.333333333333336,"ID":13},{"utility":95,"ID":14},{"utility":68,"ID":15},{"utility":88,"ID":16},{"utility":59,"ID":17},{"utility":87,"ID":18},{"utility":86,"ID":19},{"utility":69,"ID":20},{"utility":88,"ID":21},{"utility":51.666666666666664,"ID":22},{"utility":86,"ID":23},{"utility":84,"ID":24},{"utility":99,"ID":25},{"utility":0,"ID":26},{"utility":80.5,"ID":27},{"utility":0,"ID":28},{"utility":73.33333333333333,"ID":29},{"utility":0,"ID":30}],"LAST COALITION":[[],[{"utility":69,"ID":2},{"utility":95,"ID":14}],[],[{"utility":68,"ID":15},{"utility":87,"ID":18}],[{"utility":88,"ID":16},{"utility":86,"ID":19}],[{"utility":0,"ID":26}],[{"utility":0,"ID":8}],[{"utility":41.5,"ID":5},{"utility":57.5,"ID":7},{"utility":80.5,"ID":27}],[{"utility":1,"ID":10},{"utility":86,"ID":23}],[{"utility":46.333333333333336,"ID":13},{"utility":59,"ID":17},{"utility":51.666666666666664,"ID":22},{"utility":73.33333333333333,"ID":29}],[{"utility":95,"ID":1},{"utility":69,"ID":20}],[{"utility":92,"ID":11},{"utility":88,"ID":21}],[{"utility":64,"ID":3},{"utility":84,"ID":24}],[],[{"utility":0,"ID":12}],[{"utility":95,"ID":6},{"utility":99,"ID":25}],[{"utility":48,"ID":4},{"utility":41,"ID":9}],[{"utility":0,"ID":28}],[{"utility":0,"ID":30}],[],[],[],[],[],[],[],[],[],[],[],[]],"STARTING COALITION: ":[[null],[{"utility":47.5,"ID":3},{"utility":39.5,"ID":13},{"utility":72,"ID":23}],[{"utility":76,"ID":5},{"utility":44,"ID":12}],[{"utility":41,"ID":15},{"utility":1,"ID":16}],[{"utility":0,"ID":19}],[{"utility":51,"ID":14},{"utility":70,"ID":17},{"utility":49.333333333333336,"ID":21},{"utility":29.333333333333332,"ID":27}],[{"utility":48,"ID":10},{"utility":44,"ID":26}],[{"utility":40.5,"ID":2},{"utility":11,"ID":8},{"utility":61,"ID":24}],[{"utility":74,"ID":22},{"utility":92,"ID":29}],[{"utility":0,"ID":7}],[{"utility":78,"ID":9},{"utility":65,"ID":30}],[{"utility":0,"ID":1}],[{"utility":10.5,"ID":4},{"utility":76.5,"ID":11},{"utility":26.5,"ID":18}],[{"utility":0,"ID":6}],[{"utility":37,"ID":20},{"utility":24,"ID":25}],[{"utility":0,"ID":28}],[],[],[],[],[],[],[],[],[],[],[],[],[],[],[]],"CORE :":false,"LAST PARTITION":{"22":9,"23":8,"24":12,"25":15,"26":5,"27":7,"28":17,"29":9,"30":18,"10":8,"11":11,"12":14,"13":9,"14":1,"15":3,"16":4,"17":9,"18":3,"19":4,"1":10,"2":1,"3":12,"4":16,"5":7,"6":15,"7":7,"8":6,"9":16,"20":10,"21":11}},{"STARTING PARTITION: ":{"22":15,"23":3,"24":4,"25":6,"26":3,"27":10,"28":3,"29":11,"30":14,"10":7,"11":13,"12":7,"13":14,"14":9,"15":11,"16":14,"17":11,"18":1,"19":8,"1":13,"2":12,"3":12,"4":1,"5":12,"6":7,"7":13,"8":10,"9":15,"20":6,"21":3},"Agents":[null,{"utility":0,"ID":1},{"utility":0,"ID":2},{"utility":88,"ID":3},{"utility":86,"ID":4},{"utility":69,"ID":5},{"utility":95,"ID":6},{"utility":86,"ID":7},{"utility":10,"ID":8},{"utility":65,"ID":9},{"utility":0,"ID":10},{"utility":98,"ID":11},{"utility":87,"ID":12},{"utility":94,"ID":13},{"utility":0,"ID":14},{"utility":68,"ID":15},{"utility":88,"ID":16},{"utility":84,"ID":17},{"utility":87,"ID":18},{"utility":86,"ID":19},{"utility":76,"ID":20},{"utility":37,"ID":21},{"utility":49,"ID":22},{"utility":0,"ID":23},{"utility":97,"ID":24},{"utility":99,"ID":25},{"utility":79,"ID":26},{"utility":79,"ID":27},{"utility":1,"ID":28},{"utility":0,"ID":29},{"utility":82,"ID":30}],"LAST COALITION":[[],[{"utility":0,"ID":14}],[{"utility":68,"ID":15},{"utility":87,"ID":18}],[{"utility":79,"ID":27},{"utility":82,"ID":30}],[{"utility":0,"ID":23}],[{"utility":0,"ID":2}],[{"utility":69,"ID":5},{"utility":10,"ID":8}],[{"utility":0,"ID":10}],[{"utility":86,"ID":4},{"utility":97,"ID":24}],[{"utility":0,"ID":29}],[{"utility":95,"ID":6},{"utility":99,"ID":25}],[{"utility":87,"ID":12},{"utility":94,"ID":13}],[{"utility":88,"ID":3},{"utility":1,"ID":28}],[{"utility":86,"ID":7},{"utility":65,"ID":9}],[{"utility":76,"ID":20},{"utility":37,"ID":21}],[{"utility":0,"ID":1}],[{"utility":98,"ID":11},{"utility":84,"ID":17}],[],[{"utility":88,"ID":16},{"utility":86,"ID":19}],[{"utility":49,"ID":22},{"utility":79,"ID":26}],[],[],[],[],[],[],[],[],[],[],[]],"STARTING COALITION: ":[[null],[{"utility":6,"ID":4},{"utility":29,"ID":18}],[],[{"utility":42.666666666666664,"ID":21},{"utility":31.333333333333332,"ID":23},{"utility":60,"ID":26},{"utility":58,"ID":28}],[{"utility":0,"ID":24}],[],[{"utility":37,"ID":20},{"utility":24,"ID":25}],[{"utility":25,"ID":6},{"utility":23.5,"ID":10},{"utility":37,"ID":12}],[{"utility":0,"ID":19}],[{"utility":0,"ID":14}],[{"utility":13,"ID":8},{"utility":89,"ID":27}],[{"utility":16.5,"ID":15},{"utility":65.5,"ID":17},{"utility":66.5,"ID":29}],[{"utility":51,"ID":2},{"utility":45.5,"ID":3},{"utility":51,"ID":5}],[{"utility":5,"ID":1},{"utility":58,"ID":7},{"utility":37.5,"ID":11}],[{"utility":82.5,"ID":13},{"utility":20,"ID":16},{"utility":63,"ID":30}],[{"utility":63,"ID":9},{"utility":24,"ID":22}],[],[],[],[],[],[],[],[],[],[],[],[],[],[],[]],"CORE :":false,"LAST PARTITION":{"22":19,"23":4,"24":8,"25":10,"26":19,"27":3,"28":12,"29":9,"30":3,"10":7,"11":16,"12":11,"13":11,"14":1,"15":2,"16":18,"17":16,"18":2,"19":18,"1":15,"2":5,"3":12,"4":8,"5":6,"6":10,"7":13,"8":6,"9":13,"20":14,"21":14}},{"STARTING PARTITION: ":{"22":6,"23":10,"24":13,"25":2,"26":5,"27":13,"28":10,"29":7,"30":14,"10":12,"11":4,"12":6,"13":4,"14":10,"15":4,"16":15,"17":12,"18":5,"19":9,"1":6,"2":13,"3":9,"4":9,"5":9,"6":13,"7":2,"8":7,"9":9,"20":3,"21":11},"Agents":[null,{"utility":89,"ID":1},{"utility":0,"ID":2},{"utility":0,"ID":3},{"utility":43,"ID":4},{"utility":80,"ID":5},{"utility":95,"ID":6},{"utility":80,"ID":7},{"utility":88,"ID":8},{"utility":77,"ID":9},{"utility":19,"ID":10},{"utility":0,"ID":11},{"utility":35.5,"ID":12},{"utility":30,"ID":13},{"utility":51,"ID":14},{"utility":55,"ID":15},{"utility":54,"ID":16},{"utility":97,"ID":17},{"utility":0,"ID":18},{"utility":80,"ID":19},{"utility":98,"ID":20},{"utility":52.5,"ID":21},{"utility":80.5,"ID":22},{"utility":79,"ID":23},{"utility":89,"ID":24},{"utility":99,"ID":25},{"utility":87,"ID":26},{"utility":0,"ID":27},{"utility":76,"ID":28},{"utility":83.5,"ID":29},{"utility":74.5,"ID":30}],"LAST COALITION":[[],[{"utility":80,"ID":5},{"utility":87,"ID":26}],[{"utility":43,"ID":4},{"utility":80.5,"ID":22},{"utility":83.5,"ID":29}],[{"utility":19,"ID":10},{"utility":76,"ID":28}],[{"utility":89,"ID":1},{"utility":55,"ID":15}],[{"utility":88,"ID":8},{"utility":30,"ID":13}],[{"utility":0,"ID":18}],[{"utility":51,"ID":14},{"utility":89,"ID":24}],[{"utility":0,"ID":2}],[{"utility":80,"ID":7},{"utility":77,"ID":9},{"utility":35.5,"ID":12}],[],[],[{"utility":0,"ID":11}],[{"utility":97,"ID":17},{"utility":80,"ID":19}],[],[{"utility":0,"ID":3}],[{"utility":95,"ID":6},{"utility":99,"ID":25}],[{"utility":54,"ID":16},{"utility":52.5,"ID":21},{"utility":74.5,"ID":30}],[{"utility":0,"ID":27}],[{"utility":98,"ID":20},{"utility":79,"ID":23}],[],[],[],[],[],[],[],[],[],[],[]],"STARTING COALITION: ":[[null],[],[{"utility":86,"ID":7},{"utility":42,"ID":25}],[{"utility":0,"ID":20}],[{"utility":54,"ID":11},{"utility":52,"ID":13},{"utility":14,"ID":15}],[{"utility":28,"ID":18},{"utility":7,"ID":26}],[{"utility":73,"ID":1},{"utility":82.5,"ID":12},{"utility":58,"ID":22}],[{"utility":36,"ID":8},{"utility":74,"ID":29}],[],[{"utility":52.25,"ID":3},{"utility":68,"ID":4},{"utility":46.25,"ID":5},{"utility":48.5,"ID":9},{"utility":31.25,"ID":19}],[{"utility":50,"ID":14},{"utility":70,"ID":23},{"utility":47.5,"ID":28}],[{"utility":0,"ID":21}],[{"utility":54,"ID":10},{"utility":80,"ID":17}],[{"utility":7.666666666666667,"ID":2},{"utility":27.666666666666668,"ID":6},{"utility":49,"ID":24},{"utility":49.666666666666664,"ID":27}],[{"utility":0,"ID":30}],[{"utility":0,"ID":16}],[],[],[],[],[],[],[],[],[],[],[],[],[],[],[]],"CORE :":false,"LAST PARTITION":{"22":2,"23":19,"24":7,"25":16,"26":1,"27":18,"28":3,"29":2,"30":17,"10":3,"11":12,"12":9,"13":5,"14":7,"15":4,"16":17,"17":13,"18":6,"19":13,"1":4,"2":8,"3":15,"4":2,"5":1,"6":16,"7":9,"8":5,"9":9,"20":19,"21":17}},{"END OF FILE:" : true}]