[{"STARTING PARTITION: ":{"22":9,"23":4,"24":4,"25":3,"26":6,"27":9,"28":15,"29":13,"30":13,"10":1,"11":14,"12":7,"13":1,"14":3,"15":13,"16":15,"17":12,"18":1,"19":14,"1":10,"2":13,"3":10,"4":12,"5":9,"6":9,"7":1,"8":2,"9":10,"20":2,"21":13},"Agents":[null,{"utility":29,"ID":1},{"utility":88,"ID":2},{"utility":97,"ID":3},{"utility":98,"ID":4},{"utility":33,"ID":5},{"utility":92,"ID":6},{"utility":41,"ID":7},{"utility":64,"ID":8},{"utility":88,"ID":9},{"utility":0,"ID":10},{"utility":67,"ID":11},{"utility":74,"ID":12},{"utility":79,"ID":13},{"utility":0,"ID":14},{"utility":93,"ID":15},{"utility":89,"ID":16},{"utility":88,"ID":17},{"utility":96,"ID":18},{"utility":4,"ID":19},{"utility":97,"ID":20},{"utility":0,"ID":21},{"utility":48,"ID":22},{"utility":97,"ID":23},{"utility":70,"ID":24},{"utility":0,"ID":25},{"utility":32,"ID":26},{"utility":0,"ID":27},{"utility":90,"ID":28},{"utility":0,"ID":29},{"utility":89,"ID":30}],"LAST COALITION":[[],[{"utility":97,"ID":3},{"utility":32,"ID":26}],[],[{"utility":67,"ID":11},{"utility":93,"ID":15}],[{"utility":92,"ID":6},{"utility":48,"ID":22}],[{"utility":0,"ID":27}],[{"utility":0,"ID":29}],[{"utility":88,"ID":9},{"utility":74,"ID":12}],[{"utility":64,"ID":8},{"utility":89,"ID":16}],[{"utility":88,"ID":17},{"utility":70,"ID":24}],[{"utility":97,"ID":23},{"utility":90,"ID":28}],[{"utility":88,"ID":2},{"utility":97,"ID":20}],[{"utility":0,"ID":25}],[{"utility":79,"ID":13},{"utility":96,"ID":18}],[{"utility":0,"ID":21}],[{"utility":0,"ID":10}],[{"utility":98,"ID":4},{"utility":4,"ID":19}],[{"utility":0,"ID":14}],[{"utility":29,"ID":1},{"utility":33,"ID":5}],[{"utility":41,"ID":7},{"utility":89,"ID":30}],[],[],[],[],[],[],[],[],[],[],[]],"STARTING COALITION: ":[[null],[{"utility":66.33333333333333,"ID":7},{"utility":57.333333333333336,"ID":10},{"utility":48,"ID":13},{"utility":69.33333333333333,"ID":18}],[{"utility":57,"ID":8},{"utility":60,"ID":20}],[{"utility":61,"ID":14},{"utility":22,"ID":25}],[{"utility":70,"ID":23},{"utility":6,"ID":24}],[],[{"utility":0,"ID":26}],[{"utility":0,"ID":12}],[],[{"utility":83.33333333333333,"ID":5},{"utility":67.66666666666667,"ID":6},{"utility":71,"ID":22},{"utility":39.666666666666664,"ID":27}],[{"utility":29,"ID":1},{"utility":40,"ID":3},{"utility":65,"ID":9}],[],[{"utility":30,"ID":4},{"utility":98,"ID":17}],[{"utility":71.75,"ID":2},{"utility":19.25,"ID":15},{"utility":44,"ID":21},{"utility":64,"ID":29},{"utility":80.5,"ID":30}],[{"utility":11,"ID":11},{"utility":95,"ID":19}],[{"utility":5,"ID":16},{"utility":69,"ID":28}],[],[],[],[],[],[],[],[],[],[],[],[],[],[],[]],"CORE :":false,"LAST PARTITION":{"22":4,"23":10,"24":9,"25":12,"26":1,"27":5,"28":10,"29":6,"30":19,"10":15,"11":3,"12":7,"13":13,"14":17,"15":3,"16":8,"17":9,"18":13,"19":16,"1":18,"2":11,"3":1,"4":16,"5":18,"6":4,"7":19,"8":8,"9":7,"20":11,"21":14}},{"STARTING PARTITION: ":{"22":14,"23":13,"24":7,"25":8,"26":12,"27":5,"28":10,"29":3,"30":12,"10":11,"11":8,"12":8,"13":7,"14":9,"15":6,"16":4,"17":5,"18":12,"19":4,"1":11,"2":11,"3":5,"4":4,"5":2,"6":9,"7":10,"8":12,"9":11,"20":8,"21":3},"Agents":[null,{"utility":77,"ID":1},{"utility":79,"ID":2},{"utility":14,"ID":3},{"utility":0,"ID":4},{"utility":0,"ID":5},{"utility":44,"ID":6},{"utility":94,"ID":7},{"utility":79,"ID":8},{"utility":90,"ID":9},{"utility":77,"ID":10},{"utility":94,"ID":11},{"utility":88,"ID":12},{"utility":97,"ID":13},{"utility":93,"ID":14},{"utility":52,"ID":15},{"utility":73,"ID":16},{"utility":0,"ID":17},{"utility":0,"ID":18},{"utility":0,"ID":19},{"utility":94,"ID":20},{"utility":0,"ID":21},{"utility":97,"ID":22},{"utility":98,"ID":23},{"utility":46,"ID":24},{"utility":95,"ID":25},{"utility":0,"ID":26},{"utility":76,"ID":27},{"utility":71.5,"ID":28},{"utility":55,"ID":29},{"utility":98,"ID":30}],"LAST COALITION":[[],[{"utility":44,"ID":6},{"utility":98,"ID":23},{"utility":71.5,"ID":28}],[{"utility":0,"ID":18}],[{"utility":0,"ID":19}],[{"utility":0,"ID":17}],[{"utility":77,"ID":1},{"utility":94,"ID":20}],[{"utility":0,"ID":21}],[{"utility":88,"ID":12},{"utility":46,"ID":24}],[{"utility":79,"ID":8},{"utility":90,"ID":9}],[{"utility":0,"ID":4}],[{"utility":79,"ID":2},{"utility":98,"ID":30}],[{"utility":93,"ID":14},{"utility":73,"ID":16}],[{"utility":0,"ID":26}],[{"utility":97,"ID":13},{"utility":76,"ID":27}],[{"utility":14,"ID":3},{"utility":94,"ID":7}],[{"utility":94,"ID":11},{"utility":55,"ID":29}],[{"utility":0,"ID":5}],[{"utility":77,"ID":10},{"utility":97,"ID":22}],[{"utility":52,"ID":15},{"utility":95,"ID":25}],[],[],[],[],[],[],[],[],[],[],[],[]],"STARTING COALITION: ":[[null],[],[{"utility":0,"ID":5}],[{"utility":67,"ID":21},{"utility":40,"ID":29}],[{"utility":64,"ID":4},{"utility":18.5,"ID":16},{"utility":39.5,"ID":19}],[{"utility":50.5,"ID":3},{"utility":70.5,"ID":17},{"utility":74,"ID":27}],[{"utility":0,"ID":15}],[{"utility":76,"ID":13},{"utility":13,"ID":24}],[{"utility":70.33333333333333,"ID":11},{"utility":63,"ID":12},{"utility":58.666666666666664,"ID":20},{"utility":42.333333333333336,"ID":25}],[{"utility":65,"ID":6},{"utility":44,"ID":14}],[{"utility":15,"ID":7},{"utility":80,"ID":28}],[{"utility":39.666666666666664,"ID":1},{"utility":56.666666666666664,"ID":2},{"utility":55.666666666666664,"ID":9},{"utility":36.666666666666664,"ID":10}],[{"utility":40.333333333333336,"ID":8},{"utility":56,"ID":18},{"utility":39.666666666666664,"ID":26},{"utility":57.333333333333336,"ID":30}],[{"utility":0,"ID":23}],[{"utility":0,"ID":22}],[],[],[],[],[],[],[],[],[],[],[],[],[],[],[],[]],"CORE :":false,"LAST PARTITION":{"22":17,"23":1,"24":7,"25":18,"26":12,"27":13,"28":1,"29":15,"30":10,"10":17,"11":15,"12":7,"13":13,"14":11,"15":18,"16":11,"17":4,"18":2,"19":3,"1":5,"2":10,"3":14,"4":9,"5":16,"6":1,"7":14,"8":8,"9":8,"20":5,"21":6}},{"STARTING PARTITION: ":{"22":5,"23":5,"24":6,"25":6,"26":12,"27":7,"28":15,"29":5,"30":6,"10":10,"11":14,"12":10,"13":9,"14":11,"15":11,"16":3,"17":5,"18":7,"19":5,"1":1,"2":8,"3":7,"4":7,"5":4,"6":4,"7":9,"8":13,"9":1,"20":14,"21":10},"Agents":[null,{"utility":69,"ID":1},{"utility":88,"ID":2},{"utility":69,"ID":3},{"utility":61,"ID":4},{"utility":59.5,"ID":5},{"utility":60,"ID":6},{"utility":98,"ID":7},{"utility":95,"ID":8},{"utility":91,"ID":9},{"utility":77,"ID":10},{"utility":86,"ID":11},{"utility":28,"ID":12},{"utility":98,"ID":13},{"utility":93,"ID":14},{"utility":83,"ID":15},{"utility":73,"ID":16},{"utility":88,"ID":17},{"utility":79,"ID":18},{"utility":85,"ID":19},{"utility":93,"ID":20},{"utility":65,"ID":21},{"utility":97,"ID":22},{"utility":99,"ID":23},{"utility":70,"ID":24},{"utility":64,"ID":25},{"utility":0,"ID":26},{"utility":5,"ID":27},{"utility":42,"ID":28},{"utility":39,"ID":29},{"utility":9,"ID":30}],"LAST COALITION":[[],[{"utility":93,"ID":14},{"utility":73,"ID":16}],[{"utility":86,"ID":11},{"utility":65,"ID":21}],[{"utility":60,"ID":6},{"utility":99,"ID":23}],[{"utility":98,"ID":7},{"utility":79,"ID":18}],[{"utility":85,"ID":19},{"utility":64,"ID":25}],[],[{"utility":88,"ID":2},{"utility":98,"ID":13}],[{"utility":69,"ID":3},{"utility":61,"ID":4}],[{"utility":0,"ID":26}],[{"utility":77,"ID":10},{"utility":97,"ID":22}],[{"utility":69,"ID":1},{"utility":9,"ID":30}],[{"utility":91,"ID":9},{"utility":93,"ID":20}],[{"utility":88,"ID":17},{"utility":70,"ID":24}],[{"utility":95,"ID":8},{"utility":42,"ID":28}],[{"utility":59.5,"ID":5},{"utility":5,"ID":27},{"utility":39,"ID":29}],[],[],[],[],[{"utility":28,"ID":12},{"utility":83,"ID":15}],[],[],[],[],[],[],[],[],[],[]],"STARTING COALITION: ":[[null],[{"utility":5,"ID":1},{"utility":63,"ID":9}],[],[{"utility":0,"ID":16}],[{"utility":94,"ID":5},{"utility":27,"ID":6}],[{"utility":66.5,"ID":17},{"utility":63.75,"ID":19},{"utility":47.5,"ID":22},{"utility":57.75,"ID":23},{"utility":44.25,"ID":29}],[{"utility":30.5,"ID":24},{"utility":35,"ID":25},{"utility":42.5,"ID":30}],[{"utility":70.33333333333333,"ID":3},{"utility":39,"ID":4},{"utility":77,"ID":18},{"utility":48.333333333333336,"ID":27}],[{"utility":0,"ID":2}],[{"utility":21,"ID":7},{"utility":31,"ID":13}],[{"utility":38.5,"ID":10},{"utility":40.5,"ID":12},{"utility":47.5,"ID":21}],[{"utility":44,"ID":14},{"utility":88,"ID":15}],[{"utility":0,"ID":26}],[{"utility":0,"ID":8}],[{"utility":83,"ID":11},{"utility":71,"ID":20}],[{"utility":0,"ID":28}],[],[],[],[],[],[],[],[],[],[],[],[],[],[],[]],"CORE :":false,"LAST PARTITION":{"22":10,"23":3,"24":13,"25":5,"26":9,"27":15,"28":14,"29":15,"30":11,"10":10,"11":2,"12":20,"13":7,"14":1,"15":20,"16":1,"17":13,"18":4,"19":5,"1":11,"2":7,"3":8,"4":8,"5":15,"6":3,"7":4,"8":14,"9":12,"20":12,"21":2}},{"STARTING PARTITION: ":{"22":1,"23":2,"24":8,"25":1,"26":13,"27":2,"28":10,"29":7,"30":11,"10":8,"11":3,"12":9,"13":12,"14":10,"15":12,"16":8,"17":12,"18":15,"19":8,"1":15,"2":7,"3":12,"4":14,"5":6,"6":1,"7":10,"8":12,"9":11,"20":1,"21":14},"Agents":[null,{"utility":69,"ID":1},{"utility":88,"ID":2},{"utility":87,"ID":3},{"utility":53.5,"ID":4},{"utility":99,"ID":5},{"utility":84,"ID":6},{"utility":86.5,"ID":7},{"utility":64,"ID":8},{"utility":91,"ID":9},{"utility":77,"ID":10},{"utility":0,"ID":11},{"utility":0,"ID":12},{"utility":98,"ID":13},{"utility":49.5,"ID":14},{"utility":78,"ID":15},{"utility":89,"ID":16},{"utility":86,"ID":17},{"utility":72,"ID":18},{"utility":0,"ID":19},{"utility":93,"ID":20},{"utility":48,"ID":21},{"utility":97,"ID":22},{"utility":8,"ID":23},{"utility":24,"ID":24},{"utility":80,"ID":25},{"utility":60,"ID":26},{"utility":68,"ID":27},{"utility":0,"ID":28},{"utility":61.5,"ID":29},{"utility":81,"ID":30}],"LAST COALITION":[[],[{"utility":78,"ID":15},{"utility":60,"ID":26}],[{"utility":86,"ID":17},{"utility":80,"ID":25}],[{"utility":87,"ID":3},{"utility":48,"ID":21}],[{"utility":0,"ID":12}],[{"utility":84,"ID":6},{"utility":68,"ID":27}],[{"utility":53.5,"ID":4},{"utility":49.5,"ID":14},{"utility":81,"ID":30}],[{"utility":0,"ID":11}],[{"utility":72,"ID":18},{"utility":8,"ID":23}],[{"utility":91,"ID":9},{"utility":93,"ID":20}],[{"utility":69,"ID":1},{"utility":86.5,"ID":7},{"utility":61.5,"ID":29}],[{"utility":99,"ID":5},{"utility":24,"ID":24}],[{"utility":0,"ID":19}],[{"utility":0,"ID":28}],[{"utility":64,"ID":8},{"utility":89,"ID":16}],[{"utility":77,"ID":10},{"utility":97,"ID":22}],[],[],[],[],[{"utility":88,"ID":2},{"utility":98,"ID":13}],[],[],[],[],[],[],[],[],[],[]],"STARTING COALITION: ":[[null],[{"utility":60,"ID":6},{"utility":40,"ID":20},{"utility":67.66666666666667,"ID":22},{"utility":18,"ID":25}],[{"utility":26,"ID":23},{"utility":74,"ID":27}],[{"utility":0,"ID":11}],[],[],[{"utility":0,"ID":5}],[{"utility":90,"ID":2},{"utility":39,"ID":29}],[{"utility":28.666666666666668,"ID":10},{"utility":40.666666666666664,"ID":16},{"utility":33,"ID":19},{"utility":24.666666666666668,"ID":24}],[{"utility":0,"ID":12}],[{"utility":14.5,"ID":7},{"utility":33,"ID":14},{"utility":80.5,"ID":28}],[{"utility":36,"ID":9},{"utility":19,"ID":30}],[{"utility":33.25,"ID":3},{"utility":47.5,"ID":8},{"utility":37.25,"ID":13},{"utility":49,"ID":15},{"utility":74.5,"ID":17}],[{"utility":0,"ID":26}],[{"utility":16,"ID":4},{"utility":65,"ID":21}],[{"utility":1,"ID":1},{"utility":38,"ID":18}],[],[],[],[],[],[],[],[],[],[],[],[],[],[],[]],"CORE :":false,"LAST PARTITION":{"22":15,"23":8,"24":11,"25":2,"26":1,"27":5,"28":13,"29":10,"30":6,"10":15,"11":7,"12":4,"13":20,"14":6,"15":1,"16":14,"17":2,"18":8,"19":12,"1":10,"2":20,"3":3,"4":6,"5":11,"6":5,"7":10,"8":14,"9":9,"20":9,"21":3}},{"STARTING PARTITION: ":{"22":7,"23":7,"24":4,"25":14,"26":6,"27":13,"28":14,"29":8,"30":12,"10":11,"11":11,"12":5,"13":15,"14":14,"15":13,"16":1,"17":1,"18":10,"19":15,"1":15,"2":15,"3":14,"4":12,"5":10,"6":7,"7":9,"8":5,"9":3,"20":12,"21":12},"Agents":[null,{"utility":6,"ID":1},{"utility":0,"ID":2},{"utility":69,"ID":3},{"utility":61,"ID":4},{"utility":71,"ID":5},{"utility":84,"ID":6},{"utility":98,"ID":7},{"utility":39,"ID":8},{"utility":91,"ID":9},{"utility":77,"ID":10},{"utility":90,"ID":11},{"utility":0,"ID":12},{"utility":85,"ID":13},{"utility":93,"ID":14},{"utility":13,"ID":15},{"utility":73,"ID":16},{"utility":88,"ID":17},{"utility":79,"ID":18},{"utility":85,"ID":19},{"utility":93,"ID":20},{"utility":79,"ID":21},{"utility":97,"ID":22},{"utility":97,"ID":23},{"utility":70,"ID":24},{"utility":64,"ID":25},{"utility":66,"ID":26},{"utility":68,"ID":27},{"utility":90,"ID":28},{"utility":89,"ID":29},{"utility":99,"ID":30}],"LAST COALITION":[[],[{"utility":39,"ID":8},{"utility":90,"ID":11}],[{"utility":85,"ID":19},{"utility":64,"ID":25}],[{"utility":89,"ID":29},{"utility":99,"ID":30}],[{"utility":6,"ID":1},{"utility":13,"ID":15}],[{"utility":69,"ID":3},{"utility":61,"ID":4}],[{"utility":79,"ID":21},{"utility":66,"ID":26}],[{"utility":98,"ID":7},{"utility":79,"ID":18}],[],[{"utility":84,"ID":6},{"utility":68,"ID":27}],[{"utility":71,"ID":5},{"utility":85,"ID":13}],[{"utility":93,"ID":14},{"utility":73,"ID":16}],[{"utility":88,"ID":17},{"utility":70,"ID":24}],[{"utility":77,"ID":10},{"utility":97,"ID":22}],[{"utility":97,"ID":23},{"utility":90,"ID":28}],[{"utility":0,"ID":2}],[{"utility":91,"ID":9},{"utility":93,"ID":20}],[{"utility":0,"ID":12}],[],[],[],[],[],[],[],[],[],[],[],[],[]],"STARTING COALITION: ":[[null],[{"utility":68,"ID":16},{"utility":76,"ID":17}],[],[{"utility":0,"ID":9}],[{"utility":0,"ID":24}],[{"utility":64,"ID":8},{"utility":70,"ID":12}],[{"utility":0,"ID":26}],[{"utility":76,"ID":6},{"utility":57,"ID":22},{"utility":73,"ID":23}],[{"utility":0,"ID":29}],[{"utility":0,"ID":7}],[{"utility":92,"ID":5},{"utility":39,"ID":18}],[{"utility":97,"ID":10},{"utility":14,"ID":11}],[{"utility":45.333333333333336,"ID":4},{"utility":35.333333333333336,"ID":20},{"utility":44,"ID":21},{"utility":62.333333333333336,"ID":30}],[{"utility":30,"ID":15},{"utility":89,"ID":27}],[{"utility":34.666666666666664,"ID":3},{"utility":61,"ID":14},{"utility":27,"ID":25},{"utility":35,"ID":28}],[{"utility":59.666666666666664,"ID":1},{"utility":86.33333333333333,"ID":2},{"utility":63,"ID":13},{"utility":34.333333333333336,"ID":19}],[],[],[],[],[],[],[],[],[],[],[],[],[],[],[]],"CORE :":false,"LAST PARTITION":{"22":13,"23":14,"24":12,"25":2,"26":6,"27":9,"28":14,"29":3,"30":3,"10":13,"11":1,"12":17,"13":10,"14":11,"15":4,"16":11,"17":12,"18":7,"19":2,"1":4,"2":15,"3":5,"4":5,"5":10,"6":9,"7":7,"8":1,"9":16,"20":16,"21":6}},{"END OF FILE:" : true}]