[{"Modalità dinamica :":false,"Q : ":2,"STARTING PARTITION: ":{"22":1,"23":7,"24":10,"25":7,"26":15,"27":11,"28":1,"29":13,"30":7,"10":11,"11":2,"12":9,"13":1,"14":12,"15":13,"16":8,"17":3,"18":12,"19":9,"1":10,"2":10,"3":6,"4":15,"5":9,"6":4,"7":3,"8":11,"9":8,"20":5,"21":14},"LAST COALITION":[[],[{"utility":56,"ID":13},{"utility":35.5,"ID":22},{"utility":30.5,"ID":28}],[{"utility":88,"ID":3},{"utility":41,"ID":19}],[{"utility":49,"ID":6},{"utility":99,"ID":8}],[{"utility":0,"ID":12}],[],[{"utility":91,"ID":5},{"utility":39,"ID":18}],[{"utility":37.5,"ID":23},{"utility":45.5,"ID":25},{"utility":61.5,"ID":30}],[{"utility":74,"ID":9},{"utility":0,"ID":16}],[{"utility":90,"ID":4},{"utility":26,"ID":11}],[{"utility":0,"ID":24}],[{"utility":30,"ID":10},{"utility":72,"ID":27}],[{"utility":0,"ID":14}],[{"utility":0,"ID":17}],[{"utility":0,"ID":21}],[{"utility":0,"ID":26}],[{"utility":0,"ID":7}],[{"utility":99,"ID":1},{"utility":39,"ID":29}],[{"utility":0,"ID":15}],[{"utility":0,"ID":2}],[{"utility":0,"ID":20}],[],[],[],[],[],[],[],[],[],[]],"STARTING COALITION: ":[[null],[{"utility":56,"ID":13},{"utility":35.5,"ID":22},{"utility":30.5,"ID":28}],[{"utility":0,"ID":11}],[{"utility":45,"ID":7},{"utility":51,"ID":17}],[{"utility":0,"ID":6}],[{"utility":0,"ID":20}],[{"utility":0,"ID":3}],[{"utility":37.5,"ID":23},{"utility":45.5,"ID":25},{"utility":61.5,"ID":30}],[{"utility":74,"ID":9},{"utility":0,"ID":16}],[{"utility":30.5,"ID":5},{"utility":40.5,"ID":12},{"utility":93,"ID":19}],[{"utility":53.5,"ID":1},{"utility":54.5,"ID":2},{"utility":42.5,"ID":24}],[{"utility":24,"ID":8},{"utility":64.5,"ID":10},{"utility":69.5,"ID":27}],[{"utility":62,"ID":14},{"utility":0,"ID":18}],[{"utility":69,"ID":15},{"utility":7,"ID":29}],[{"utility":0,"ID":21}],[{"utility":0,"ID":4},{"utility":0,"ID":26}],[],[],[],[],[],[],[],[],[],[],[],[],[],[],[]],"CORE :":false,"Relazioni :":670,"Time : ":0.1,"LAST PARTITION":{"22":1,"23":7,"24":10,"25":7,"26":15,"27":11,"28":1,"29":17,"30":7,"10":11,"11":9,"12":4,"13":1,"14":12,"15":18,"16":8,"17":13,"18":6,"19":2,"1":17,"2":19,"3":2,"4":9,"5":6,"6":3,"7":16,"8":3,"9":8,"20":20,"21":14}},{"Modalità dinamica :":false,"Q : ":2,"STARTING PARTITION: ":{"22":1,"23":7,"24":10,"25":7,"26":15,"27":11,"28":1,"29":13,"30":7,"10":11,"11":2,"12":9,"13":1,"14":12,"15":13,"16":8,"17":3,"18":12,"19":9,"1":10,"2":10,"3":6,"4":15,"5":9,"6":4,"7":3,"8":11,"9":8,"20":5,"21":14},"LAST COALITION":[[],[{"utility":56,"ID":13},{"utility":35.5,"ID":22},{"utility":30.5,"ID":28}],[{"utility":88,"ID":3},{"utility":41,"ID":19}],[{"utility":49,"ID":6},{"utility":99,"ID":8}],[{"utility":0,"ID":12}],[],[{"utility":91,"ID":5},{"utility":39,"ID":18}],[{"utility":37.5,"ID":23},{"utility":45.5,"ID":25},{"utility":61.5,"ID":30}],[{"utility":74,"ID":9},{"utility":0,"ID":16}],[{"utility":90,"ID":4},{"utility":26,"ID":11}],[{"utility":0,"ID":24}],[{"utility":30,"ID":10},{"utility":72,"ID":27}],[{"utility":0,"ID":14}],[{"utility":0,"ID":17}],[{"utility":0,"ID":21}],[{"utility":0,"ID":26}],[{"utility":0,"ID":7}],[{"utility":99,"ID":1},{"utility":39,"ID":29}],[{"utility":0,"ID":15}],[{"utility":0,"ID":2}],[{"utility":0,"ID":20}],[],[],[],[],[],[],[],[],[],[]],"STARTING COALITION: ":[[null],[{"utility":56,"ID":13},{"utility":35.5,"ID":22},{"utility":30.5,"ID":28}],[{"utility":0,"ID":11}],[{"utility":45,"ID":7},{"utility":51,"ID":17}],[{"utility":0,"ID":6}],[{"utility":0,"ID":20}],[{"utility":0,"ID":3}],[{"utility":37.5,"ID":23},{"utility":45.5,"ID":25},{"utility":61.5,"ID":30}],[{"utility":74,"ID":9},{"utility":0,"ID":16}],[{"utility":30.5,"ID":5},{"utility":40.5,"ID":12},{"utility":93,"ID":19}],[{"utility":53.5,"ID":1},{"utility":54.5,"ID":2},{"utility":42.5,"ID":24}],[{"utility":24,"ID":8},{"utility":64.5,"ID":10},{"utility":69.5,"ID":27}],[{"utility":62,"ID":14},{"utility":0,"ID":18}],[{"utility":69,"ID":15},{"utility":7,"ID":29}],[{"utility":0,"ID":21}],[{"utility":0,"ID":4},{"utility":0,"ID":26}],[],[],[],[],[],[],[],[],[],[],[],[],[],[],[]],"CORE :":false,"Relazioni :":670,"Time : ":0.2,"LAST PARTITION":{"22":1,"23":7,"24":10,"25":7,"26":15,"27":11,"28":1,"29":17,"30":7,"10":11,"11":9,"12":4,"13":1,"14":12,"15":18,"16":8,"17":13,"18":6,"19":2,"1":17,"2":19,"3":2,"4":9,"5":6,"6":3,"7":16,"8":3,"9":8,"20":20,"21":14}},{"Modalità dinamica :":false,"Q : ":3,"STARTING PARTITION: ":{"22":1,"23":7,"24":10,"25":7,"26":15,"27":11,"28":1,"29":13,"30":7,"10":11,"11":2,"12":9,"13":1,"14":12,"15":13,"16":8,"17":3,"18":12,"19":9,"1":10,"2":10,"3":6,"4":15,"5":9,"6":4,"7":3,"8":11,"9":8,"20":5,"21":14},"LAST COALITION":[[],[{"utility":56,"ID":13},{"utility":35.5,"ID":22},{"utility":30.5,"ID":28}],[{"utility":88,"ID":3},{"utility":41,"ID":19}],[{"utility":0,"ID":8}],[{"utility":0,"ID":12}],[{"utility":44,"ID":2},{"utility":60,"ID":6}],[{"utility":91,"ID":5},{"utility":39,"ID":18}],[{"utility":37.5,"ID":23},{"utility":45.5,"ID":25},{"utility":61.5,"ID":30}],[{"utility":74,"ID":9},{"utility":0,"ID":16}],[{"utility":90,"ID":4},{"utility":26,"ID":11}],[{"utility":0,"ID":24}],[{"utility":30,"ID":10},{"utility":72,"ID":27}],[{"utility":0,"ID":14}],[{"utility":0,"ID":17}],[{"utility":0,"ID":21}],[{"utility":0,"ID":26}],[{"utility":0,"ID":7}],[{"utility":99,"ID":1},{"utility":39,"ID":29}],[{"utility":0,"ID":15}],[],[{"utility":0,"ID":20}],[],[],[],[],[],[],[],[],[],[]],"STARTING COALITION: ":[[null],[{"utility":56,"ID":13},{"utility":35.5,"ID":22},{"utility":30.5,"ID":28}],[{"utility":0,"ID":11}],[{"utility":45,"ID":7},{"utility":51,"ID":17}],[{"utility":0,"ID":6}],[{"utility":0,"ID":20}],[{"utility":0,"ID":3}],[{"utility":37.5,"ID":23},{"utility":45.5,"ID":25},{"utility":61.5,"ID":30}],[{"utility":74,"ID":9},{"utility":0,"ID":16}],[{"utility":30.5,"ID":5},{"utility":40.5,"ID":12},{"utility":93,"ID":19}],[{"utility":53.5,"ID":1},{"utility":54.5,"ID":2},{"utility":42.5,"ID":24}],[{"utility":24,"ID":8},{"utility":64.5,"ID":10},{"utility":69.5,"ID":27}],[{"utility":62,"ID":14},{"utility":0,"ID":18}],[{"utility":69,"ID":15},{"utility":7,"ID":29}],[{"utility":0,"ID":21}],[{"utility":0,"ID":4},{"utility":0,"ID":26}],[],[],[],[],[],[],[],[],[],[],[],[],[],[],[]],"CORE :":false,"Relazioni :":670,"Time : ":0.1,"LAST PARTITION":{"22":1,"23":7,"24":10,"25":7,"26":15,"27":11,"28":1,"29":17,"30":7,"10":11,"11":9,"12":4,"13":1,"14":12,"15":18,"16":8,"17":13,"18":6,"19":2,"1":17,"2":5,"3":2,"4":9,"5":6,"6":5,"7":16,"8":3,"9":8,"20":20,"21":14}},{"Modalità dinamica :":false,"Q : ":3,"STARTING PARTITION: ":{"22":1,"23":7,"24":10,"25":7,"26":15,"27":11,"28":1,"29":13,"30":7,"10":11,"11":2,"12":9,"13":1,"14":12,"15":13,"16":8,"17":3,"18":12,"19":9,"1":10,"2":10,"3":6,"4":15,"5":9,"6":4,"7":3,"8":11,"9":8,"20":5,"21":14},"LAST COALITION":[[],[{"utility":56,"ID":13},{"utility":35.5,"ID":22},{"utility":30.5,"ID":28}],[{"utility":88,"ID":3},{"utility":41,"ID":19}],[],[{"utility":0,"ID":12}],[{"utility":0,"ID":6}],[{"utility":91,"ID":5},{"utility":39,"ID":18}],[{"utility":37.5,"ID":23},{"utility":45.5,"ID":25},{"utility":61.5,"ID":30}],[{"utility":74,"ID":9},{"utility":0,"ID":16}],[{"utility":90,"ID":4},{"utility":26,"ID":11}],[{"utility":0,"ID":24}],[{"utility":30,"ID":10},{"utility":72,"ID":27}],[{"utility":0,"ID":14}],[{"utility":0,"ID":17}],[{"utility":0,"ID":21}],[{"utility":0,"ID":26}],[{"utility":0,"ID":7}],[{"utility":99,"ID":1},{"utility":39,"ID":29}],[{"utility":0,"ID":15}],[{"utility":91,"ID":2},{"utility":3,"ID":8}],[{"utility":0,"ID":20}],[],[],[],[],[],[],[],[],[],[]],"STARTING COALITION: ":[[null],[{"utility":56,"ID":13},{"utility":35.5,"ID":22},{"utility":30.5,"ID":28}],[{"utility":0,"ID":11}],[{"utility":45,"ID":7},{"utility":51,"ID":17}],[{"utility":0,"ID":6}],[{"utility":0,"ID":20}],[{"utility":0,"ID":3}],[{"utility":37.5,"ID":23},{"utility":45.5,"ID":25},{"utility":61.5,"ID":30}],[{"utility":74,"ID":9},{"utility":0,"ID":16}],[{"utility":30.5,"ID":5},{"utility":40.5,"ID":12},{"utility":93,"ID":19}],[{"utility":53.5,"ID":1},{"utility":54.5,"ID":2},{"utility":42.5,"ID":24}],[{"utility":24,"ID":8},{"utility":64.5,"ID":10},{"utility":69.5,"ID":27}],[{"utility":62,"ID":14},{"utility":0,"ID":18}],[{"utility":69,"ID":15},{"utility":7,"ID":29}],[{"utility":0,"ID":21}],[{"utility":0,"ID":4},{"utility":0,"ID":26}],[],[],[],[],[],[],[],[],[],[],[],[],[],[],[]],"CORE :":false,"Relazioni :":670,"Time : ":0.2,"LAST PARTITION":{"22":1,"23":7,"24":10,"25":7,"26":15,"27":11,"28":1,"29":17,"30":7,"10":11,"11":9,"12":4,"13":1,"14":12,"15":18,"16":8,"17":13,"18":6,"19":2,"1":17,"2":19,"3":2,"4":9,"5":6,"6":5,"7":16,"8":19,"9":8,"20":20,"21":14}},{"Modalità dinamica :":false,"Q : ":4,"STARTING PARTITION: ":{"22":1,"23":7,"24":10,"25":7,"26":15,"27":11,"28":1,"29":13,"30":7,"10":11,"11":2,"12":9,"13":1,"14":12,"15":13,"16":8,"17":3,"18":12,"19":9,"1":10,"2":10,"3":6,"4":15,"5":9,"6":4,"7":3,"8":11,"9":8,"20":5,"21":14},"LAST COALITION":[[],[{"utility":56,"ID":13},{"utility":35.5,"ID":22},{"utility":30.5,"ID":28}],[{"utility":88,"ID":3},{"utility":41,"ID":19}],[{"utility":49,"ID":6},{"utility":99,"ID":8}],[{"utility":0,"ID":12}],[],[{"utility":39,"ID":18},{"utility":91,"ID":5}],[{"utility":37.5,"ID":23},{"utility":45.5,"ID":25},{"utility":61.5,"ID":30}],[{"utility":74,"ID":9},{"utility":0,"ID":16}],[{"utility":90,"ID":4},{"utility":26,"ID":11}],[{"utility":0,"ID":24}],[{"utility":30,"ID":10},{"utility":72,"ID":27}],[{"utility":0,"ID":14}],[{"utility":0,"ID":17}],[{"utility":0,"ID":21}],[{"utility":0,"ID":26}],[{"utility":0,"ID":7}],[{"utility":99,"ID":1},{"utility":39,"ID":29}],[{"utility":0,"ID":15}],[{"utility":0,"ID":2}],[{"utility":0,"ID":20}],[],[],[],[],[],[],[],[],[],[]],"STARTING COALITION: ":[[null],[{"utility":56,"ID":13},{"utility":35.5,"ID":22},{"utility":30.5,"ID":28}],[{"utility":0,"ID":11}],[{"utility":45,"ID":7},{"utility":51,"ID":17}],[{"utility":0,"ID":6}],[{"utility":0,"ID":20}],[{"utility":0,"ID":3}],[{"utility":37.5,"ID":23},{"utility":45.5,"ID":25},{"utility":61.5,"ID":30}],[{"utility":74,"ID":9},{"utility":0,"ID":16}],[{"utility":30.5,"ID":5},{"utility":40.5,"ID":12},{"utility":93,"ID":19}],[{"utility":53.5,"ID":1},{"utility":54.5,"ID":2},{"utility":42.5,"ID":24}],[{"utility":24,"ID":8},{"utility":64.5,"ID":10},{"utility":69.5,"ID":27}],[{"utility":62,"ID":14},{"utility":0,"ID":18}],[{"utility":69,"ID":15},{"utility":7,"ID":29}],[{"utility":0,"ID":21}],[{"utility":0,"ID":4},{"utility":0,"ID":26}],[],[],[],[],[],[],[],[],[],[],[],[],[],[],[]],"CORE :":false,"Relazioni :":670,"Time : ":0.1,"LAST PARTITION":{"22":1,"23":7,"24":10,"25":7,"26":15,"27":11,"28":1,"29":17,"30":7,"10":11,"11":9,"12":4,"13":1,"14":12,"15":18,"16":8,"17":13,"18":6,"19":2,"1":17,"2":19,"3":2,"4":9,"5":6,"6":3,"7":16,"8":3,"9":8,"20":20,"21":14}},{"Modalità dinamica :":false,"Q : ":4,"STARTING PARTITION: ":{"22":1,"23":7,"24":10,"25":7,"26":15,"27":11,"28":1,"29":13,"30":7,"10":11,"11":2,"12":9,"13":1,"14":12,"15":13,"16":8,"17":3,"18":12,"19":9,"1":10,"2":10,"3":6,"4":15,"5":9,"6":4,"7":3,"8":11,"9":8,"20":5,"21":14},"LAST COALITION":[[],[{"utility":56,"ID":13},{"utility":35.5,"ID":22},{"utility":30.5,"ID":28}],[{"utility":88,"ID":3},{"utility":41,"ID":19}],[],[{"utility":0,"ID":12}],[{"utility":0,"ID":6}],[{"utility":39,"ID":18},{"utility":91,"ID":5}],[{"utility":37.5,"ID":23},{"utility":45.5,"ID":25},{"utility":61.5,"ID":30}],[{"utility":74,"ID":9},{"utility":0,"ID":16}],[{"utility":90,"ID":4},{"utility":26,"ID":11}],[{"utility":0,"ID":24}],[{"utility":30,"ID":10},{"utility":72,"ID":27}],[{"utility":0,"ID":14}],[{"utility":0,"ID":17}],[{"utility":0,"ID":21}],[{"utility":0,"ID":26}],[{"utility":0,"ID":7}],[{"utility":99,"ID":1},{"utility":39,"ID":29}],[{"utility":0,"ID":15}],[{"utility":91,"ID":2},{"utility":3,"ID":8}],[{"utility":0,"ID":20}],[],[],[],[],[],[],[],[],[],[]],"STARTING COALITION: ":[[null],[{"utility":56,"ID":13},{"utility":35.5,"ID":22},{"utility":30.5,"ID":28}],[{"utility":0,"ID":11}],[{"utility":45,"ID":7},{"utility":51,"ID":17}],[{"utility":0,"ID":6}],[{"utility":0,"ID":20}],[{"utility":0,"ID":3}],[{"utility":37.5,"ID":23},{"utility":45.5,"ID":25},{"utility":61.5,"ID":30}],[{"utility":74,"ID":9},{"utility":0,"ID":16}],[{"utility":30.5,"ID":5},{"utility":40.5,"ID":12},{"utility":93,"ID":19}],[{"utility":53.5,"ID":1},{"utility":54.5,"ID":2},{"utility":42.5,"ID":24}],[{"utility":24,"ID":8},{"utility":64.5,"ID":10},{"utility":69.5,"ID":27}],[{"utility":62,"ID":14},{"utility":0,"ID":18}],[{"utility":69,"ID":15},{"utility":7,"ID":29}],[{"utility":0,"ID":21}],[{"utility":0,"ID":4},{"utility":0,"ID":26}],[],[],[],[],[],[],[],[],[],[],[],[],[],[],[]],"CORE :":false,"Relazioni :":670,"Time : ":0.2,"LAST PARTITION":{"22":1,"23":7,"24":10,"25":7,"26":15,"27":11,"28":1,"29":17,"30":7,"10":11,"11":9,"12":4,"13":1,"14":12,"15":18,"16":8,"17":13,"18":6,"19":2,"1":17,"2":19,"3":2,"4":9,"5":6,"6":5,"7":16,"8":19,"9":8,"20":20,"21":14}},{"Modalità dinamica :":false,"Q : ":5,"STARTING PARTITION: ":{"22":1,"23":7,"24":10,"25":7,"26":15,"27":11,"28":1,"29":13,"30":7,"10":11,"11":2,"12":9,"13":1,"14":12,"15":13,"16":8,"17":3,"18":12,"19":9,"1":10,"2":10,"3":6,"4":15,"5":9,"6":4,"7":3,"8":11,"9":8,"20":5,"21":14},"LAST COALITION":[[],[{"utility":56,"ID":13},{"utility":35.5,"ID":22},{"utility":30.5,"ID":28}],[{"utility":88,"ID":3},{"utility":41,"ID":19}],[{"utility":49,"ID":6},{"utility":99,"ID":8}],[{"utility":0,"ID":12}],[],[{"utility":39,"ID":18},{"utility":91,"ID":5}],[{"utility":37.5,"ID":23},{"utility":45.5,"ID":25},{"utility":61.5,"ID":30}],[{"utility":74,"ID":9},{"utility":0,"ID":16}],[{"utility":90,"ID":4},{"utility":26,"ID":11}],[{"utility":0,"ID":24}],[{"utility":30,"ID":10},{"utility":72,"ID":27}],[{"utility":0,"ID":14}],[{"utility":0,"ID":17}],[{"utility":0,"ID":21}],[{"utility":0,"ID":26}],[{"utility":0,"ID":7}],[{"utility":99,"ID":1},{"utility":39,"ID":29}],[{"utility":0,"ID":15}],[{"utility":0,"ID":2}],[{"utility":0,"ID":20}],[],[],[],[],[],[],[],[],[],[]],"STARTING COALITION: ":[[null],[{"utility":56,"ID":13},{"utility":35.5,"ID":22},{"utility":30.5,"ID":28}],[{"utility":0,"ID":11}],[{"utility":45,"ID":7},{"utility":51,"ID":17}],[{"utility":0,"ID":6}],[{"utility":0,"ID":20}],[{"utility":0,"ID":3}],[{"utility":37.5,"ID":23},{"utility":45.5,"ID":25},{"utility":61.5,"ID":30}],[{"utility":74,"ID":9},{"utility":0,"ID":16}],[{"utility":30.5,"ID":5},{"utility":40.5,"ID":12},{"utility":93,"ID":19}],[{"utility":53.5,"ID":1},{"utility":54.5,"ID":2},{"utility":42.5,"ID":24}],[{"utility":24,"ID":8},{"utility":64.5,"ID":10},{"utility":69.5,"ID":27}],[{"utility":62,"ID":14},{"utility":0,"ID":18}],[{"utility":69,"ID":15},{"utility":7,"ID":29}],[{"utility":0,"ID":21}],[{"utility":0,"ID":4},{"utility":0,"ID":26}],[],[],[],[],[],[],[],[],[],[],[],[],[],[],[]],"CORE :":false,"Relazioni :":670,"Time : ":0.1,"LAST PARTITION":{"22":1,"23":7,"24":10,"25":7,"26":15,"27":11,"28":1,"29":17,"30":7,"10":11,"11":9,"12":4,"13":1,"14":12,"15":18,"16":8,"17":13,"18":6,"19":2,"1":17,"2":19,"3":2,"4":9,"5":6,"6":3,"7":16,"8":3,"9":8,"20":20,"21":14}},{"Modalità dinamica :":false,"Q : ":5,"STARTING PARTITION: ":{"22":1,"23":7,"24":10,"25":7,"26":15,"27":11,"28":1,"29":13,"30":7,"10":11,"11":2,"12":9,"13":1,"14":12,"15":13,"16":8,"17":3,"18":12,"19":9,"1":10,"2":10,"3":6,"4":15,"5":9,"6":4,"7":3,"8":11,"9":8,"20":5,"21":14},"LAST COALITION":[[],[{"utility":56,"ID":13},{"utility":35.5,"ID":22},{"utility":30.5,"ID":28}],[{"utility":88,"ID":3},{"utility":41,"ID":19}],[{"utility":49,"ID":6},{"utility":99,"ID":8}],[{"utility":0,"ID":12}],[],[{"utility":39,"ID":18},{"utility":91,"ID":5}],[{"utility":37.5,"ID":23},{"utility":45.5,"ID":25},{"utility":61.5,"ID":30}],[{"utility":74,"ID":9},{"utility":0,"ID":16}],[{"utility":90,"ID":4},{"utility":26,"ID":11}],[{"utility":0,"ID":24}],[{"utility":30,"ID":10},{"utility":72,"ID":27}],[{"utility":0,"ID":14}],[{"utility":0,"ID":17}],[{"utility":0,"ID":21}],[{"utility":0,"ID":26}],[{"utility":0,"ID":7}],[{"utility":99,"ID":1},{"utility":39,"ID":29}],[{"utility":0,"ID":15}],[{"utility":0,"ID":2}],[{"utility":0,"ID":20}],[],[],[],[],[],[],[],[],[],[]],"STARTING COALITION: ":[[null],[{"utility":56,"ID":13},{"utility":35.5,"ID":22},{"utility":30.5,"ID":28}],[{"utility":0,"ID":11}],[{"utility":45,"ID":7},{"utility":51,"ID":17}],[{"utility":0,"ID":6}],[{"utility":0,"ID":20}],[{"utility":0,"ID":3}],[{"utility":37.5,"ID":23},{"utility":45.5,"ID":25},{"utility":61.5,"ID":30}],[{"utility":74,"ID":9},{"utility":0,"ID":16}],[{"utility":30.5,"ID":5},{"utility":40.5,"ID":12},{"utility":93,"ID":19}],[{"utility":53.5,"ID":1},{"utility":54.5,"ID":2},{"utility":42.5,"ID":24}],[{"utility":24,"ID":8},{"utility":64.5,"ID":10},{"utility":69.5,"ID":27}],[{"utility":62,"ID":14},{"utility":0,"ID":18}],[{"utility":69,"ID":15},{"utility":7,"ID":29}],[{"utility":0,"ID":21}],[{"utility":0,"ID":4},{"utility":0,"ID":26}],[],[],[],[],[],[],[],[],[],[],[],[],[],[],[]],"CORE :":false,"Relazioni :":670,"Time : ":0.2,"LAST PARTITION":{"22":1,"23":7,"24":10,"25":7,"26":15,"27":11,"28":1,"29":17,"30":7,"10":11,"11":9,"12":4,"13":1,"14":12,"15":18,"16":8,"17":13,"18":6,"19":2,"1":17,"2":19,"3":2,"4":9,"5":6,"6":3,"7":16,"8":3,"9":8,"20":20,"21":14}},{"Modalità dinamica :":false,"Q : ":6,"STARTING PARTITION: ":{"22":1,"23":7,"24":10,"25":7,"26":15,"27":11,"28":1,"29":13,"30":7,"10":11,"11":2,"12":9,"13":1,"14":12,"15":13,"16":8,"17":3,"18":12,"19":9,"1":10,"2":10,"3":6,"4":15,"5":9,"6":4,"7":3,"8":11,"9":8,"20":5,"21":14},"LAST COALITION":[[],[{"utility":56,"ID":13},{"utility":35.5,"ID":22},{"utility":30.5,"ID":28}],[{"utility":88,"ID":3},{"utility":41,"ID":19}],[{"utility":49,"ID":6},{"utility":99,"ID":8}],[{"utility":0,"ID":12}],[],[{"utility":39,"ID":18},{"utility":91,"ID":5}],[{"utility":37.5,"ID":23},{"utility":45.5,"ID":25},{"utility":61.5,"ID":30}],[{"utility":74,"ID":9},{"utility":0,"ID":16}],[{"utility":90,"ID":4},{"utility":26,"ID":11}],[{"utility":0,"ID":24}],[{"utility":30,"ID":10},{"utility":72,"ID":27}],[{"utility":0,"ID":14}],[{"utility":0,"ID":17}],[{"utility":0,"ID":21}],[{"utility":0,"ID":26}],[{"utility":0,"ID":7}],[{"utility":99,"ID":1},{"utility":39,"ID":29}],[{"utility":0,"ID":15}],[{"utility":0,"ID":2}],[{"utility":0,"ID":20}],[],[],[],[],[],[],[],[],[],[]],"STARTING COALITION: ":[[null],[{"utility":56,"ID":13},{"utility":35.5,"ID":22},{"utility":30.5,"ID":28}],[{"utility":0,"ID":11}],[{"utility":45,"ID":7},{"utility":51,"ID":17}],[{"utility":0,"ID":6}],[{"utility":0,"ID":20}],[{"utility":0,"ID":3}],[{"utility":37.5,"ID":23},{"utility":45.5,"ID":25},{"utility":61.5,"ID":30}],[{"utility":74,"ID":9},{"utility":0,"ID":16}],[{"utility":30.5,"ID":5},{"utility":40.5,"ID":12},{"utility":93,"ID":19}],[{"utility":53.5,"ID":1},{"utility":54.5,"ID":2},{"utility":42.5,"ID":24}],[{"utility":24,"ID":8},{"utility":64.5,"ID":10},{"utility":69.5,"ID":27}],[{"utility":62,"ID":14},{"utility":0,"ID":18}],[{"utility":69,"ID":15},{"utility":7,"ID":29}],[{"utility":0,"ID":21}],[{"utility":0,"ID":4},{"utility":0,"ID":26}],[],[],[],[],[],[],[],[],[],[],[],[],[],[],[]],"CORE :":false,"Relazioni :":670,"Time : ":0.1,"LAST PARTITION":{"22":1,"23":7,"24":10,"25":7,"26":15,"27":11,"28":1,"29":17,"30":7,"10":11,"11":9,"12":4,"13":1,"14":12,"15":18,"16":8,"17":13,"18":6,"19":2,"1":17,"2":19,"3":2,"4":9,"5":6,"6":3,"7":16,"8":3,"9":8,"20":20,"21":14}},{"Modalità dinamica :":false,"Q : ":6,"STARTING PARTITION: ":{"22":1,"23":7,"24":10,"25":7,"26":15,"27":11,"28":1,"29":13,"30":7,"10":11,"11":2,"12":9,"13":1,"14":12,"15":13,"16":8,"17":3,"18":12,"19":9,"1":10,"2":10,"3":6,"4":15,"5":9,"6":4,"7":3,"8":11,"9":8,"20":5,"21":14},"LAST COALITION":[[],[{"utility":56,"ID":13},{"utility":35.5,"ID":22},{"utility":30.5,"ID":28}],[{"utility":88,"ID":3},{"utility":41,"ID":19}],[{"utility":49,"ID":6},{"utility":99,"ID":8}],[{"utility":0,"ID":12}],[],[{"utility":39,"ID":18},{"utility":91,"ID":5}],[{"utility":37.5,"ID":23},{"utility":45.5,"ID":25},{"utility":61.5,"ID":30}],[{"utility":74,"ID":9},{"utility":0,"ID":16}],[{"utility":90,"ID":4},{"utility":26,"ID":11}],[{"utility":0,"ID":24}],[{"utility":30,"ID":10},{"utility":72,"ID":27}],[{"utility":0,"ID":14}],[{"utility":0,"ID":17}],[{"utility":0,"ID":21}],[{"utility":0,"ID":26}],[{"utility":0,"ID":7}],[{"utility":99,"ID":1},{"utility":39,"ID":29}],[{"utility":0,"ID":15}],[{"utility":0,"ID":2}],[{"utility":0,"ID":20}],[],[],[],[],[],[],[],[],[],[]],"STARTING COALITION: ":[[null],[{"utility":56,"ID":13},{"utility":35.5,"ID":22},{"utility":30.5,"ID":28}],[{"utility":0,"ID":11}],[{"utility":45,"ID":7},{"utility":51,"ID":17}],[{"utility":0,"ID":6}],[{"utility":0,"ID":20}],[{"utility":0,"ID":3}],[{"utility":37.5,"ID":23},{"utility":45.5,"ID":25},{"utility":61.5,"ID":30}],[{"utility":74,"ID":9},{"utility":0,"ID":16}],[{"utility":30.5,"ID":5},{"utility":40.5,"ID":12},{"utility":93,"ID":19}],[{"utility":53.5,"ID":1},{"utility":54.5,"ID":2},{"utility":42.5,"ID":24}],[{"utility":24,"ID":8},{"utility":64.5,"ID":10},{"utility":69.5,"ID":27}],[{"utility":62,"ID":14},{"utility":0,"ID":18}],[{"utility":69,"ID":15},{"utility":7,"ID":29}],[{"utility":0,"ID":21}],[{"utility":0,"ID":4},{"utility":0,"ID":26}],[],[],[],[],[],[],[],[],[],[],[],[],[],[],[]],"CORE :":false,"Relazioni :":670,"Time : ":0.2,"LAST PARTITION":{"22":1,"23":7,"24":10,"25":7,"26":15,"27":11,"28":1,"29":17,"30":7,"10":11,"11":9,"12":4,"13":1,"14":12,"15":18,"16":8,"17":13,"18":6,"19":2,"1":17,"2":19,"3":2,"4":9,"5":6,"6":3,"7":16,"8":3,"9":8,"20":20,"21":14}},{"Modalità dinamica :":false,"Q : ":7,"STARTING PARTITION: ":{"22":1,"23":7,"24":10,"25":7,"26":15,"27":11,"28":1,"29":13,"30":7,"10":11,"11":2,"12":9,"13":1,"14":12,"15":13,"16":8,"17":3,"18":12,"19":9,"1":10,"2":10,"3":6,"4":15,"5":9,"6":4,"7":3,"8":11,"9":8,"20":5,"21":14},"LAST COALITION":[[],[{"utility":56,"ID":13},{"utility":35.5,"ID":22},{"utility":30.5,"ID":28}],[{"utility":88,"ID":3},{"utility":41,"ID":19}],[{"utility":49,"ID":6},{"utility":99,"ID":8}],[{"utility":0,"ID":12}],[],[{"utility":39,"ID":18},{"utility":91,"ID":5}],[{"utility":37.5,"ID":23},{"utility":45.5,"ID":25},{"utility":61.5,"ID":30}],[{"utility":74,"ID":9},{"utility":0,"ID":16}],[{"utility":90,"ID":4},{"utility":26,"ID":11}],[{"utility":0,"ID":24}],[{"utility":30,"ID":10},{"utility":72,"ID":27}],[{"utility":0,"ID":14}],[{"utility":0,"ID":17}],[{"utility":0,"ID":21}],[{"utility":0,"ID":26}],[{"utility":0,"ID":7}],[{"utility":99,"ID":1},{"utility":39,"ID":29}],[{"utility":0,"ID":15}],[{"utility":0,"ID":2}],[{"utility":0,"ID":20}],[],[],[],[],[],[],[],[],[],[]],"STARTING COALITION: ":[[null],[{"utility":56,"ID":13},{"utility":35.5,"ID":22},{"utility":30.5,"ID":28}],[{"utility":0,"ID":11}],[{"utility":45,"ID":7},{"utility":51,"ID":17}],[{"utility":0,"ID":6}],[{"utility":0,"ID":20}],[{"utility":0,"ID":3}],[{"utility":37.5,"ID":23},{"utility":45.5,"ID":25},{"utility":61.5,"ID":30}],[{"utility":74,"ID":9},{"utility":0,"ID":16}],[{"utility":30.5,"ID":5},{"utility":40.5,"ID":12},{"utility":93,"ID":19}],[{"utility":53.5,"ID":1},{"utility":54.5,"ID":2},{"utility":42.5,"ID":24}],[{"utility":24,"ID":8},{"utility":64.5,"ID":10},{"utility":69.5,"ID":27}],[{"utility":62,"ID":14},{"utility":0,"ID":18}],[{"utility":69,"ID":15},{"utility":7,"ID":29}],[{"utility":0,"ID":21}],[{"utility":0,"ID":4},{"utility":0,"ID":26}],[],[],[],[],[],[],[],[],[],[],[],[],[],[],[]],"CORE :":false,"Relazioni :":670,"Time : ":0.1,"LAST PARTITION":{"22":1,"23":7,"24":10,"25":7,"26":15,"27":11,"28":1,"29":17,"30":7,"10":11,"11":9,"12":4,"13":1,"14":12,"15":18,"16":8,"17":13,"18":6,"19":2,"1":17,"2":19,"3":2,"4":9,"5":6,"6":3,"7":16,"8":3,"9":8,"20":20,"21":14}},{"Modalità dinamica :":false,"Q : ":7,"STARTING PARTITION: ":{"22":1,"23":7,"24":10,"25":7,"26":15,"27":11,"28":1,"29":13,"30":7,"10":11,"11":2,"12":9,"13":1,"14":12,"15":13,"16":8,"17":3,"18":12,"19":9,"1":10,"2":10,"3":6,"4":15,"5":9,"6":4,"7":3,"8":11,"9":8,"20":5,"21":14},"LAST COALITION":[[],[{"utility":56,"ID":13},{"utility":35.5,"ID":22},{"utility":30.5,"ID":28}],[{"utility":88,"ID":3},{"utility":41,"ID":19}],[{"utility":49,"ID":6},{"utility":99,"ID":8}],[{"utility":0,"ID":12}],[],[{"utility":39,"ID":18},{"utility":91,"ID":5}],[{"utility":37.5,"ID":23},{"utility":45.5,"ID":25},{"utility":61.5,"ID":30}],[{"utility":74,"ID":9},{"utility":0,"ID":16}],[{"utility":90,"ID":4},{"utility":26,"ID":11}],[{"utility":0,"ID":24}],[{"utility":30,"ID":10},{"utility":72,"ID":27}],[{"utility":0,"ID":14}],[{"utility":0,"ID":17}],[{"utility":0,"ID":21}],[{"utility":0,"ID":26}],[{"utility":0,"ID":7}],[{"utility":99,"ID":1},{"utility":39,"ID":29}],[{"utility":0,"ID":15}],[{"utility":0,"ID":2}],[{"utility":0,"ID":20}],[],[],[],[],[],[],[],[],[],[]],"STARTING COALITION: ":[[null],[{"utility":56,"ID":13},{"utility":35.5,"ID":22},{"utility":30.5,"ID":28}],[{"utility":0,"ID":11}],[{"utility":45,"ID":7},{"utility":51,"ID":17}],[{"utility":0,"ID":6}],[{"utility":0,"ID":20}],[{"utility":0,"ID":3}],[{"utility":37.5,"ID":23},{"utility":45.5,"ID":25},{"utility":61.5,"ID":30}],[{"utility":74,"ID":9},{"utility":0,"ID":16}],[{"utility":30.5,"ID":5},{"utility":40.5,"ID":12},{"utility":93,"ID":19}],[{"utility":53.5,"ID":1},{"utility":54.5,"ID":2},{"utility":42.5,"ID":24}],[{"utility":24,"ID":8},{"utility":64.5,"ID":10},{"utility":69.5,"ID":27}],[{"utility":62,"ID":14},{"utility":0,"ID":18}],[{"utility":69,"ID":15},{"utility":7,"ID":29}],[{"utility":0,"ID":21}],[{"utility":0,"ID":4},{"utility":0,"ID":26}],[],[],[],[],[],[],[],[],[],[],[],[],[],[],[]],"CORE :":false,"Relazioni :":670,"Time : ":0.2,"LAST PARTITION":{"22":1,"23":7,"24":10,"25":7,"26":15,"27":11,"28":1,"29":17,"30":7,"10":11,"11":9,"12":4,"13":1,"14":12,"15":18,"16":8,"17":13,"18":6,"19":2,"1":17,"2":19,"3":2,"4":9,"5":6,"6":3,"7":16,"8":3,"9":8,"20":20,"21":14}},{"Modalità dinamica :":false,"Q : ":8,"STARTING PARTITION: ":{"22":1,"23":7,"24":10,"25":7,"26":15,"27":11,"28":1,"29":13,"30":7,"10":11,"11":2,"12":9,"13":1,"14":12,"15":13,"16":8,"17":3,"18":12,"19":9,"1":10,"2":10,"3":6,"4":15,"5":9,"6":4,"7":3,"8":11,"9":8,"20":5,"21":14},"LAST COALITION":[[],[{"utility":56,"ID":13},{"utility":35.5,"ID":22},{"utility":30.5,"ID":28}],[{"utility":88,"ID":3},{"utility":41,"ID":19}],[],[{"utility":0,"ID":12}],[{"utility":0,"ID":6}],[{"utility":39,"ID":18},{"utility":91,"ID":5}],[{"utility":37.5,"ID":23},{"utility":45.5,"ID":25},{"utility":61.5,"ID":30}],[{"utility":74,"ID":9},{"utility":0,"ID":16}],[{"utility":90,"ID":4},{"utility":26,"ID":11}],[{"utility":0,"ID":24}],[{"utility":30,"ID":10},{"utility":72,"ID":27}],[{"utility":0,"ID":14}],[{"utility":0,"ID":17}],[{"utility":0,"ID":21}],[{"utility":0,"ID":26}],[{"utility":0,"ID":7}],[{"utility":99,"ID":1},{"utility":39,"ID":29}],[{"utility":0,"ID":15}],[{"utility":91,"ID":2},{"utility":3,"ID":8}],[{"utility":0,"ID":20}],[],[],[],[],[],[],[],[],[],[]],"STARTING COALITION: ":[[null],[{"utility":56,"ID":13},{"utility":35.5,"ID":22},{"utility":30.5,"ID":28}],[{"utility":0,"ID":11}],[{"utility":45,"ID":7},{"utility":51,"ID":17}],[{"utility":0,"ID":6}],[{"utility":0,"ID":20}],[{"utility":0,"ID":3}],[{"utility":37.5,"ID":23},{"utility":45.5,"ID":25},{"utility":61.5,"ID":30}],[{"utility":74,"ID":9},{"utility":0,"ID":16}],[{"utility":30.5,"ID":5},{"utility":40.5,"ID":12},{"utility":93,"ID":19}],[{"utility":53.5,"ID":1},{"utility":54.5,"ID":2},{"utility":42.5,"ID":24}],[{"utility":24,"ID":8},{"utility":64.5,"ID":10},{"utility":69.5,"ID":27}],[{"utility":62,"ID":14},{"utility":0,"ID":18}],[{"utility":69,"ID":15},{"utility":7,"ID":29}],[{"utility":0,"ID":21}],[{"utility":0,"ID":4},{"utility":0,"ID":26}],[],[],[],[],[],[],[],[],[],[],[],[],[],[],[]],"CORE :":false,"Relazioni :":670,"Time : ":0.1,"LAST PARTITION":{"22":1,"23":7,"24":10,"25":7,"26":15,"27":11,"28":1,"29":17,"30":7,"10":11,"11":9,"12":4,"13":1,"14":12,"15":18,"16":8,"17":13,"18":6,"19":2,"1":17,"2":19,"3":2,"4":9,"5":6,"6":5,"7":16,"8":19,"9":8,"20":20,"21":14}},{"Modalità dinamica :":false,"Q : ":8,"STARTING PARTITION: ":{"22":1,"23":7,"24":10,"25":7,"26":15,"27":11,"28":1,"29":13,"30":7,"10":11,"11":2,"12":9,"13":1,"14":12,"15":13,"16":8,"17":3,"18":12,"19":9,"1":10,"2":10,"3":6,"4":15,"5":9,"6":4,"7":3,"8":11,"9":8,"20":5,"21":14},"LAST COALITION":[[],[{"utility":56,"ID":13},{"utility":35.5,"ID":22},{"utility":30.5,"ID":28}],[{"utility":88,"ID":3},{"utility":41,"ID":19}],[{"utility":0,"ID":8}],[{"utility":0,"ID":12}],[{"utility":44,"ID":2},{"utility":60,"ID":6}],[{"utility":39,"ID":18},{"utility":91,"ID":5}],[{"utility":37.5,"ID":23},{"utility":45.5,"ID":25},{"utility":61.5,"ID":30}],[{"utility":74,"ID":9},{"utility":0,"ID":16}],[{"utility":90,"ID":4},{"utility":26,"ID":11}],[{"utility":0,"ID":24}],[{"utility":30,"ID":10},{"utility":72,"ID":27}],[{"utility":0,"ID":14}],[{"utility":0,"ID":17}],[{"utility":0,"ID":21}],[{"utility":0,"ID":26}],[{"utility":0,"ID":7}],[{"utility":99,"ID":1},{"utility":39,"ID":29}],[{"utility":0,"ID":15}],[],[{"utility":0,"ID":20}],[],[],[],[],[],[],[],[],[],[]],"STARTING COALITION: ":[[null],[{"utility":56,"ID":13},{"utility":35.5,"ID":22},{"utility":30.5,"ID":28}],[{"utility":0,"ID":11}],[{"utility":45,"ID":7},{"utility":51,"ID":17}],[{"utility":0,"ID":6}],[{"utility":0,"ID":20}],[{"utility":0,"ID":3}],[{"utility":37.5,"ID":23},{"utility":45.5,"ID":25},{"utility":61.5,"ID":30}],[{"utility":74,"ID":9},{"utility":0,"ID":16}],[{"utility":30.5,"ID":5},{"utility":40.5,"ID":12},{"utility":93,"ID":19}],[{"utility":53.5,"ID":1},{"utility":54.5,"ID":2},{"utility":42.5,"ID":24}],[{"utility":24,"ID":8},{"utility":64.5,"ID":10},{"utility":69.5,"ID":27}],[{"utility":62,"ID":14},{"utility":0,"ID":18}],[{"utility":69,"ID":15},{"utility":7,"ID":29}],[{"utility":0,"ID":21}],[{"utility":0,"ID":4},{"utility":0,"ID":26}],[],[],[],[],[],[],[],[],[],[],[],[],[],[],[]],"CORE :":false,"Relazioni :":670,"Time : ":0.2,"LAST PARTITION":{"22":1,"23":7,"24":10,"25":7,"26":15,"27":11,"28":1,"29":17,"30":7,"10":11,"11":9,"12":4,"13":1,"14":12,"15":18,"16":8,"17":13,"18":6,"19":2,"1":17,"2":5,"3":2,"4":9,"5":6,"6":5,"7":16,"8":3,"9":8,"20":20,"21":14}},{"Modalità dinamica :":false,"Q : ":9,"STARTING PARTITION: ":{"22":1,"23":7,"24":10,"25":7,"26":15,"27":11,"28":1,"29":13,"30":7,"10":11,"11":2,"12":9,"13":1,"14":12,"15":13,"16":8,"17":3,"18":12,"19":9,"1":10,"2":10,"3":6,"4":15,"5":9,"6":4,"7":3,"8":11,"9":8,"20":5,"21":14},"LAST COALITION":[[],[{"utility":56,"ID":13},{"utility":35.5,"ID":22},{"utility":30.5,"ID":28}],[{"utility":88,"ID":3},{"utility":41,"ID":19}],[{"utility":49,"ID":6},{"utility":99,"ID":8}],[{"utility":0,"ID":12}],[],[{"utility":39,"ID":18},{"utility":91,"ID":5}],[{"utility":37.5,"ID":23},{"utility":45.5,"ID":25},{"utility":61.5,"ID":30}],[{"utility":74,"ID":9},{"utility":0,"ID":16}],[{"utility":90,"ID":4},{"utility":26,"ID":11}],[{"utility":0,"ID":24}],[{"utility":30,"ID":10},{"utility":72,"ID":27}],[{"utility":0,"ID":14}],[{"utility":0,"ID":17}],[{"utility":0,"ID":21}],[{"utility":0,"ID":26}],[{"utility":0,"ID":7}],[{"utility":99,"ID":1},{"utility":39,"ID":29}],[{"utility":0,"ID":15}],[{"utility":0,"ID":2}],[{"utility":0,"ID":20}],[],[],[],[],[],[],[],[],[],[]],"STARTING COALITION: ":[[null],[{"utility":56,"ID":13},{"utility":35.5,"ID":22},{"utility":30.5,"ID":28}],[{"utility":0,"ID":11}],[{"utility":45,"ID":7},{"utility":51,"ID":17}],[{"utility":0,"ID":6}],[{"utility":0,"ID":20}],[{"utility":0,"ID":3}],[{"utility":37.5,"ID":23},{"utility":45.5,"ID":25},{"utility":61.5,"ID":30}],[{"utility":74,"ID":9},{"utility":0,"ID":16}],[{"utility":30.5,"ID":5},{"utility":40.5,"ID":12},{"utility":93,"ID":19}],[{"utility":53.5,"ID":1},{"utility":54.5,"ID":2},{"utility":42.5,"ID":24}],[{"utility":24,"ID":8},{"utility":64.5,"ID":10},{"utility":69.5,"ID":27}],[{"utility":62,"ID":14},{"utility":0,"ID":18}],[{"utility":69,"ID":15},{"utility":7,"ID":29}],[{"utility":0,"ID":21}],[{"utility":0,"ID":4},{"utility":0,"ID":26}],[],[],[],[],[],[],[],[],[],[],[],[],[],[],[]],"CORE :":false,"Relazioni :":670,"Time : ":0.1,"LAST PARTITION":{"22":1,"23":7,"24":10,"25":7,"26":15,"27":11,"28":1,"29":17,"30":7,"10":11,"11":9,"12":4,"13":1,"14":12,"15":18,"16":8,"17":13,"18":6,"19":2,"1":17,"2":19,"3":2,"4":9,"5":6,"6":3,"7":16,"8":3,"9":8,"20":20,"21":14}},{"Modalità dinamica :":false,"Q : ":9,"STARTING PARTITION: ":{"22":1,"23":7,"24":10,"25":7,"26":15,"27":11,"28":1,"29":13,"30":7,"10":11,"11":2,"12":9,"13":1,"14":12,"15":13,"16":8,"17":3,"18":12,"19":9,"1":10,"2":10,"3":6,"4":15,"5":9,"6":4,"7":3,"8":11,"9":8,"20":5,"21":14},"LAST COALITION":[[],[{"utility":56,"ID":13},{"utility":35.5,"ID":22},{"utility":30.5,"ID":28}],[{"utility":88,"ID":3},{"utility":41,"ID":19}],[{"utility":0,"ID":8}],[{"utility":0,"ID":12}],[{"utility":44,"ID":2},{"utility":60,"ID":6}],[{"utility":39,"ID":18},{"utility":91,"ID":5}],[{"utility":37.5,"ID":23},{"utility":45.5,"ID":25},{"utility":61.5,"ID":30}],[{"utility":74,"ID":9},{"utility":0,"ID":16}],[{"utility":90,"ID":4},{"utility":26,"ID":11}],[{"utility":0,"ID":24}],[{"utility":30,"ID":10},{"utility":72,"ID":27}],[{"utility":0,"ID":14}],[{"utility":0,"ID":17}],[{"utility":0,"ID":21}],[{"utility":0,"ID":26}],[{"utility":0,"ID":7}],[{"utility":99,"ID":1},{"utility":39,"ID":29}],[{"utility":0,"ID":15}],[],[{"utility":0,"ID":20}],[],[],[],[],[],[],[],[],[],[]],"STARTING COALITION: ":[[null],[{"utility":56,"ID":13},{"utility":35.5,"ID":22},{"utility":30.5,"ID":28}],[{"utility":0,"ID":11}],[{"utility":45,"ID":7},{"utility":51,"ID":17}],[{"utility":0,"ID":6}],[{"utility":0,"ID":20}],[{"utility":0,"ID":3}],[{"utility":37.5,"ID":23},{"utility":45.5,"ID":25},{"utility":61.5,"ID":30}],[{"utility":74,"ID":9},{"utility":0,"ID":16}],[{"utility":30.5,"ID":5},{"utility":40.5,"ID":12},{"utility":93,"ID":19}],[{"utility":53.5,"ID":1},{"utility":54.5,"ID":2},{"utility":42.5,"ID":24}],[{"utility":24,"ID":8},{"utility":64.5,"ID":10},{"utility":69.5,"ID":27}],[{"utility":62,"ID":14},{"utility":0,"ID":18}],[{"utility":69,"ID":15},{"utility":7,"ID":29}],[{"utility":0,"ID":21}],[{"utility":0,"ID":4},{"utility":0,"ID":26}],[],[],[],[],[],[],[],[],[],[],[],[],[],[],[]],"CORE :":false,"Relazioni :":670,"Time : ":0.2,"LAST PARTITION":{"22":1,"23":7,"24":10,"25":7,"26":15,"27":11,"28":1,"29":17,"30":7,"10":11,"11":9,"12":4,"13":1,"14":12,"15":18,"16":8,"17":13,"18":6,"19":2,"1":17,"2":5,"3":2,"4":9,"5":6,"6":5,"7":16,"8":3,"9":8,"20":20,"21":14}},{"Modalità dinamica :":false,"Q : ":10,"STARTING PARTITION: ":{"22":1,"23":7,"24":10,"25":7,"26":15,"27":11,"28":1,"29":13,"30":7,"10":11,"11":2,"12":9,"13":1,"14":12,"15":13,"16":8,"17":3,"18":12,"19":9,"1":10,"2":10,"3":6,"4":15,"5":9,"6":4,"7":3,"8":11,"9":8,"20":5,"21":14},"LAST COALITION":[[],[{"utility":56,"ID":13},{"utility":35.5,"ID":22},{"utility":30.5,"ID":28}],[{"utility":88,"ID":3},{"utility":41,"ID":19}],[],[{"utility":0,"ID":12}],[{"utility":0,"ID":6}],[{"utility":39,"ID":18},{"utility":91,"ID":5}],[{"utility":37.5,"ID":23},{"utility":45.5,"ID":25},{"utility":61.5,"ID":30}],[{"utility":74,"ID":9},{"utility":0,"ID":16}],[{"utility":90,"ID":4},{"utility":26,"ID":11}],[{"utility":0,"ID":24}],[{"utility":30,"ID":10},{"utility":72,"ID":27}],[{"utility":0,"ID":14}],[{"utility":0,"ID":17}],[{"utility":0,"ID":21}],[{"utility":0,"ID":26}],[{"utility":0,"ID":7}],[{"utility":99,"ID":1},{"utility":39,"ID":29}],[{"utility":0,"ID":15}],[{"utility":91,"ID":2},{"utility":3,"ID":8}],[{"utility":0,"ID":20}],[],[],[],[],[],[],[],[],[],[]],"STARTING COALITION: ":[[null],[{"utility":56,"ID":13},{"utility":35.5,"ID":22},{"utility":30.5,"ID":28}],[{"utility":0,"ID":11}],[{"utility":45,"ID":7},{"utility":51,"ID":17}],[{"utility":0,"ID":6}],[{"utility":0,"ID":20}],[{"utility":0,"ID":3}],[{"utility":37.5,"ID":23},{"utility":45.5,"ID":25},{"utility":61.5,"ID":30}],[{"utility":74,"ID":9},{"utility":0,"ID":16}],[{"utility":30.5,"ID":5},{"utility":40.5,"ID":12},{"utility":93,"ID":19}],[{"utility":53.5,"ID":1},{"utility":54.5,"ID":2},{"utility":42.5,"ID":24}],[{"utility":24,"ID":8},{"utility":64.5,"ID":10},{"utility":69.5,"ID":27}],[{"utility":62,"ID":14},{"utility":0,"ID":18}],[{"utility":69,"ID":15},{"utility":7,"ID":29}],[{"utility":0,"ID":21}],[{"utility":0,"ID":4},{"utility":0,"ID":26}],[],[],[],[],[],[],[],[],[],[],[],[],[],[],[]],"CORE :":false,"Relazioni :":670,"Time : ":0.1,"LAST PARTITION":{"22":1,"23":7,"24":10,"25":7,"26":15,"27":11,"28":1,"29":17,"30":7,"10":11,"11":9,"12":4,"13":1,"14":12,"15":18,"16":8,"17":13,"18":6,"19":2,"1":17,"2":19,"3":2,"4":9,"5":6,"6":5,"7":16,"8":19,"9":8,"20":20,"21":14}},{"Modalità dinamica :":false,"Q : ":10,"STARTING PARTITION: ":{"22":1,"23":7,"24":10,"25":7,"26":15,"27":11,"28":1,"29":13,"30":7,"10":11,"11":2,"12":9,"13":1,"14":12,"15":13,"16":8,"17":3,"18":12,"19":9,"1":10,"2":10,"3":6,"4":15,"5":9,"6":4,"7":3,"8":11,"9":8,"20":5,"21":14},"LAST COALITION":[[],[{"utility":56,"ID":13},{"utility":35.5,"ID":22},{"utility":30.5,"ID":28}],[{"utility":88,"ID":3},{"utility":41,"ID":19}],[],[{"utility":0,"ID":12}],[{"utility":0,"ID":6}],[{"utility":39,"ID":18},{"utility":91,"ID":5}],[{"utility":37.5,"ID":23},{"utility":45.5,"ID":25},{"utility":61.5,"ID":30}],[{"utility":74,"ID":9},{"utility":0,"ID":16}],[{"utility":90,"ID":4},{"utility":26,"ID":11}],[{"utility":0,"ID":24}],[{"utility":30,"ID":10},{"utility":72,"ID":27}],[{"utility":0,"ID":14}],[{"utility":0,"ID":17}],[{"utility":0,"ID":21}],[{"utility":0,"ID":26}],[{"utility":0,"ID":7}],[{"utility":99,"ID":1},{"utility":39,"ID":29}],[{"utility":0,"ID":15}],[{"utility":91,"ID":2},{"utility":3,"ID":8}],[{"utility":0,"ID":20}],[],[],[],[],[],[],[],[],[],[]],"STARTING COALITION: ":[[null],[{"utility":56,"ID":13},{"utility":35.5,"ID":22},{"utility":30.5,"ID":28}],[{"utility":0,"ID":11}],[{"utility":45,"ID":7},{"utility":51,"ID":17}],[{"utility":0,"ID":6}],[{"utility":0,"ID":20}],[{"utility":0,"ID":3}],[{"utility":37.5,"ID":23},{"utility":45.5,"ID":25},{"utility":61.5,"ID":30}],[{"utility":74,"ID":9},{"utility":0,"ID":16}],[{"utility":30.5,"ID":5},{"utility":40.5,"ID":12},{"utility":93,"ID":19}],[{"utility":53.5,"ID":1},{"utility":54.5,"ID":2},{"utility":42.5,"ID":24}],[{"utility":24,"ID":8},{"utility":64.5,"ID":10},{"utility":69.5,"ID":27}],[{"utility":62,"ID":14},{"utility":0,"ID":18}],[{"utility":69,"ID":15},{"utility":7,"ID":29}],[{"utility":0,"ID":21}],[{"utility":0,"ID":4},{"utility":0,"ID":26}],[],[],[],[],[],[],[],[],[],[],[],[],[],[],[]],"CORE :":false,"Relazioni :":670,"Time : ":0.2,"LAST PARTITION":{"22":1,"23":7,"24":10,"25":7,"26":15,"27":11,"28":1,"29":17,"30":7,"10":11,"11":9,"12":4,"13":1,"14":12,"15":18,"16":8,"17":13,"18":6,"19":2,"1":17,"2":19,"3":2,"4":9,"5":6,"6":5,"7":16,"8":19,"9":8,"20":20,"21":14}},{"Modalità dinamica :":true,"Q : ":2,"STARTING PARTITION: ":{"22":1,"23":7,"24":10,"25":7,"26":15,"27":11,"28":1,"29":13,"30":7,"10":11,"11":2,"12":9,"13":1,"14":12,"15":13,"16":8,"17":3,"18":12,"19":9,"1":10,"2":10,"3":6,"4":15,"5":9,"6":4,"7":3,"8":11,"9":8,"20":5,"21":14},"LAST COALITION":[[],[{"utility":57,"ID":14},{"utility":95,"ID":21}],[{"utility":46,"ID":5},{"utility":79,"ID":25}],[{"utility":45,"ID":11},{"utility":94,"ID":22}],[{"utility":74,"ID":7},{"utility":80,"ID":16}],[{"utility":87,"ID":8},{"utility":58,"ID":30}],[{"utility":67,"ID":3},{"utility":94,"ID":18}],[{"utility":96,"ID":6},{"utility":92,"ID":15}],[{"utility":83,"ID":23},{"utility":98,"ID":29}],[{"utility":81,"ID":12},{"utility":99,"ID":19}],[{"utility":2,"ID":17},{"utility":77,"ID":27}],[],[{"utility":96,"ID":10},{"utility":94,"ID":20}],[],[{"utility":55,"ID":2},{"utility":62,"ID":24}],[{"utility":63,"ID":1},{"utility":85,"ID":9}],[],[{"utility":42,"ID":26},{"utility":83,"ID":28}],[],[],[],[],[{"utility":87,"ID":4},{"utility":91,"ID":13}],[],[],[],[],[],[],[],[]],"STARTING COALITION: ":[[null],[{"utility":56,"ID":13},{"utility":35.5,"ID":22},{"utility":30.5,"ID":28}],[{"utility":0,"ID":11}],[{"utility":45,"ID":7},{"utility":51,"ID":17}],[{"utility":0,"ID":6}],[{"utility":0,"ID":20}],[{"utility":0,"ID":3}],[{"utility":37.5,"ID":23},{"utility":45.5,"ID":25},{"utility":61.5,"ID":30}],[{"utility":74,"ID":9},{"utility":0,"ID":16}],[{"utility":30.5,"ID":5},{"utility":40.5,"ID":12},{"utility":93,"ID":19}],[{"utility":53.5,"ID":1},{"utility":54.5,"ID":2},{"utility":42.5,"ID":24}],[{"utility":24,"ID":8},{"utility":64.5,"ID":10},{"utility":69.5,"ID":27}],[{"utility":62,"ID":14},{"utility":0,"ID":18}],[{"utility":69,"ID":15},{"utility":7,"ID":29}],[{"utility":0,"ID":21}],[{"utility":0,"ID":4},{"utility":0,"ID":26}],[],[],[],[],[],[],[],[],[],[],[],[],[],[],[]],"CORE :":true,"Relazioni :":670,"Time : ":0.1,"LAST PARTITION":{"22":3,"23":8,"24":14,"25":2,"26":17,"27":10,"28":17,"29":8,"30":5,"10":12,"11":3,"12":9,"13":22,"14":1,"15":7,"16":4,"17":10,"18":6,"19":9,"1":15,"2":14,"3":6,"4":22,"5":2,"6":7,"7":4,"8":5,"9":15,"20":12,"21":1}},{"Modalità dinamica :":true,"Q : ":2,"STARTING PARTITION: ":{"22":1,"23":7,"24":10,"25":7,"26":15,"27":11,"28":1,"29":13,"30":7,"10":11,"11":2,"12":9,"13":1,"14":12,"15":13,"16":8,"17":3,"18":12,"19":9,"1":10,"2":10,"3":6,"4":15,"5":9,"6":4,"7":3,"8":11,"9":8,"20":5,"21":14},"LAST COALITION":[[],[{"utility":45,"ID":11},{"utility":94,"ID":22}],[{"utility":46,"ID":5},{"utility":79,"ID":25}],[{"utility":63,"ID":1},{"utility":85,"ID":9}],[{"utility":2,"ID":17},{"utility":77,"ID":27}],[{"utility":87,"ID":4},{"utility":91,"ID":13}],[],[{"utility":57,"ID":14},{"utility":95,"ID":21}],[{"utility":96,"ID":6},{"utility":92,"ID":15}],[{"utility":42,"ID":26},{"utility":83,"ID":28}],[{"utility":74,"ID":7},{"utility":80,"ID":16}],[],[],[{"utility":81,"ID":12},{"utility":99,"ID":19}],[{"utility":96,"ID":10},{"utility":94,"ID":20}],[{"utility":87,"ID":8},{"utility":58,"ID":30}],[{"utility":55,"ID":2},{"utility":62,"ID":24}],[],[{"utility":83,"ID":23},{"utility":98,"ID":29}],[{"utility":67,"ID":3},{"utility":94,"ID":18}],[],[],[],[],[],[],[],[],[],[],[]],"STARTING COALITION: ":[[null],[{"utility":56,"ID":13},{"utility":35.5,"ID":22},{"utility":30.5,"ID":28}],[{"utility":0,"ID":11}],[{"utility":45,"ID":7},{"utility":51,"ID":17}],[{"utility":0,"ID":6}],[{"utility":0,"ID":20}],[{"utility":0,"ID":3}],[{"utility":37.5,"ID":23},{"utility":45.5,"ID":25},{"utility":61.5,"ID":30}],[{"utility":74,"ID":9},{"utility":0,"ID":16}],[{"utility":30.5,"ID":5},{"utility":40.5,"ID":12},{"utility":93,"ID":19}],[{"utility":53.5,"ID":1},{"utility":54.5,"ID":2},{"utility":42.5,"ID":24}],[{"utility":24,"ID":8},{"utility":64.5,"ID":10},{"utility":69.5,"ID":27}],[{"utility":62,"ID":14},{"utility":0,"ID":18}],[{"utility":69,"ID":15},{"utility":7,"ID":29}],[{"utility":0,"ID":21}],[{"utility":0,"ID":4},{"utility":0,"ID":26}],[],[],[],[],[],[],[],[],[],[],[],[],[],[],[]],"CORE :":true,"Relazioni :":670,"Time : ":0.2,"LAST PARTITION":{"22":1,"23":18,"24":16,"25":2,"26":9,"27":4,"28":9,"29":18,"30":15,"10":14,"11":1,"12":13,"13":5,"14":7,"15":8,"16":10,"17":4,"18":19,"19":13,"1":3,"2":16,"3":19,"4":5,"5":2,"6":8,"7":10,"8":15,"9":3,"20":14,"21":7}},{"Modalità dinamica :":true,"Q : ":3,"STARTING PARTITION: ":{"22":1,"23":7,"24":10,"25":7,"26":15,"27":11,"28":1,"29":13,"30":7,"10":11,"11":2,"12":9,"13":1,"14":12,"15":13,"16":8,"17":3,"18":12,"19":9,"1":10,"2":10,"3":6,"4":15,"5":9,"6":4,"7":3,"8":11,"9":8,"20":5,"21":14},"LAST COALITION":[[],[{"utility":87,"ID":4},{"utility":91,"ID":13}],[{"utility":96,"ID":10},{"utility":94,"ID":20}],[{"utility":55,"ID":2},{"utility":62,"ID":24}],[],[{"utility":57,"ID":14},{"utility":95,"ID":21}],[{"utility":42,"ID":26},{"utility":83,"ID":28}],[{"utility":87,"ID":8},{"utility":58,"ID":30}],[{"utility":83,"ID":23},{"utility":98,"ID":29}],[{"utility":67,"ID":3},{"utility":94,"ID":18}],[{"utility":2,"ID":17},{"utility":77,"ID":27}],[{"utility":46,"ID":5},{"utility":79,"ID":25}],[{"utility":45,"ID":11},{"utility":94,"ID":22}],[],[{"utility":74,"ID":7},{"utility":80,"ID":16}],[{"utility":81,"ID":12},{"utility":99,"ID":19}],[{"utility":63,"ID":1},{"utility":85,"ID":9}],[],[{"utility":96,"ID":6},{"utility":92,"ID":15}],[],[],[],[],[],[],[],[],[],[],[],[]],"STARTING COALITION: ":[[null],[{"utility":56,"ID":13},{"utility":35.5,"ID":22},{"utility":30.5,"ID":28}],[{"utility":0,"ID":11}],[{"utility":45,"ID":7},{"utility":51,"ID":17}],[{"utility":0,"ID":6}],[{"utility":0,"ID":20}],[{"utility":0,"ID":3}],[{"utility":37.5,"ID":23},{"utility":45.5,"ID":25},{"utility":61.5,"ID":30}],[{"utility":74,"ID":9},{"utility":0,"ID":16}],[{"utility":30.5,"ID":5},{"utility":40.5,"ID":12},{"utility":93,"ID":19}],[{"utility":53.5,"ID":1},{"utility":54.5,"ID":2},{"utility":42.5,"ID":24}],[{"utility":24,"ID":8},{"utility":64.5,"ID":10},{"utility":69.5,"ID":27}],[{"utility":62,"ID":14},{"utility":0,"ID":18}],[{"utility":69,"ID":15},{"utility":7,"ID":29}],[{"utility":0,"ID":21}],[{"utility":0,"ID":4},{"utility":0,"ID":26}],[],[],[],[],[],[],[],[],[],[],[],[],[],[],[]],"CORE :":true,"Relazioni :":670,"Time : ":0.1,"LAST PARTITION":{"22":12,"23":8,"24":3,"25":11,"26":6,"27":10,"28":6,"29":8,"30":7,"10":2,"11":12,"12":15,"13":1,"14":5,"15":18,"16":14,"17":10,"18":9,"19":15,"1":16,"2":3,"3":9,"4":1,"5":11,"6":18,"7":14,"8":7,"9":16,"20":2,"21":5}},{"Modalità dinamica :":true,"Q : ":3,"STARTING PARTITION: ":{"22":1,"23":7,"24":10,"25":7,"26":15,"27":11,"28":1,"29":13,"30":7,"10":11,"11":2,"12":9,"13":1,"14":12,"15":13,"16":8,"17":3,"18":12,"19":9,"1":10,"2":10,"3":6,"4":15,"5":9,"6":4,"7":3,"8":11,"9":8,"20":5,"21":14},"LAST COALITION":[[],[{"utility":2,"ID":17},{"utility":77,"ID":27}],[{"utility":83,"ID":23},{"utility":98,"ID":29}],[],[{"utility":63,"ID":1},{"utility":85,"ID":9}],[{"utility":74,"ID":7},{"utility":80,"ID":16}],[{"utility":57,"ID":14},{"utility":95,"ID":21}],[{"utility":42,"ID":26},{"utility":83,"ID":28}],[{"utility":81,"ID":12},{"utility":99,"ID":19}],[{"utility":45,"ID":11},{"utility":94,"ID":22}],[{"utility":96,"ID":10},{"utility":94,"ID":20}],[{"utility":67,"ID":3},{"utility":94,"ID":18}],[{"utility":87,"ID":4},{"utility":91,"ID":13}],[],[{"utility":55,"ID":2},{"utility":62,"ID":24}],[],[{"utility":46,"ID":5},{"utility":79,"ID":25}],[{"utility":96,"ID":6},{"utility":92,"ID":15}],[],[{"utility":87,"ID":8},{"utility":58,"ID":30}],[],[],[],[],[],[],[],[],[],[],[]],"STARTING COALITION: ":[[null],[{"utility":56,"ID":13},{"utility":35.5,"ID":22},{"utility":30.5,"ID":28}],[{"utility":0,"ID":11}],[{"utility":45,"ID":7},{"utility":51,"ID":17}],[{"utility":0,"ID":6}],[{"utility":0,"ID":20}],[{"utility":0,"ID":3}],[{"utility":37.5,"ID":23},{"utility":45.5,"ID":25},{"utility":61.5,"ID":30}],[{"utility":74,"ID":9},{"utility":0,"ID":16}],[{"utility":30.5,"ID":5},{"utility":40.5,"ID":12},{"utility":93,"ID":19}],[{"utility":53.5,"ID":1},{"utility":54.5,"ID":2},{"utility":42.5,"ID":24}],[{"utility":24,"ID":8},{"utility":64.5,"ID":10},{"utility":69.5,"ID":27}],[{"utility":62,"ID":14},{"utility":0,"ID":18}],[{"utility":69,"ID":15},{"utility":7,"ID":29}],[{"utility":0,"ID":21}],[{"utility":0,"ID":4},{"utility":0,"ID":26}],[],[],[],[],[],[],[],[],[],[],[],[],[],[],[]],"CORE :":true,"Relazioni :":670,"Time : ":0.2,"LAST PARTITION":{"22":9,"23":2,"24":14,"25":16,"26":7,"27":1,"28":7,"29":2,"30":19,"10":10,"11":9,"12":8,"13":12,"14":6,"15":17,"16":5,"17":1,"18":11,"19":8,"1":4,"2":14,"3":11,"4":12,"5":16,"6":17,"7":5,"8":19,"9":4,"20":10,"21":6}},{"Modalità dinamica :":true,"Q : ":4,"STARTING PARTITION: ":{"22":1,"23":7,"24":10,"25":7,"26":15,"27":11,"28":1,"29":13,"30":7,"10":11,"11":2,"12":9,"13":1,"14":12,"15":13,"16":8,"17":3,"18":12,"19":9,"1":10,"2":10,"3":6,"4":15,"5":9,"6":4,"7":3,"8":11,"9":8,"20":5,"21":14},"LAST COALITION":[[],[{"utility":55,"ID":2},{"utility":62,"ID":24}],[{"utility":45,"ID":11},{"utility":94,"ID":22}],[{"utility":42,"ID":26},{"utility":83,"ID":28}],[{"utility":2,"ID":17},{"utility":77,"ID":27}],[{"utility":74,"ID":7},{"utility":80,"ID":16}],[{"utility":67,"ID":3},{"utility":94,"ID":18}],[{"utility":87,"ID":4},{"utility":91,"ID":13}],[{"utility":96,"ID":10},{"utility":94,"ID":20}],[],[{"utility":96,"ID":6},{"utility":92,"ID":15}],[{"utility":46,"ID":5},{"utility":79,"ID":25}],[{"utility":63,"ID":1},{"utility":85,"ID":9}],[{"utility":83,"ID":23},{"utility":98,"ID":29}],[],[{"utility":57,"ID":14},{"utility":95,"ID":21}],[{"utility":87,"ID":8},{"utility":58,"ID":30}],[],[{"utility":81,"ID":12},{"utility":99,"ID":19}],[],[],[],[],[],[],[],[],[],[],[],[]],"STARTING COALITION: ":[[null],[{"utility":56,"ID":13},{"utility":35.5,"ID":22},{"utility":30.5,"ID":28}],[{"utility":0,"ID":11}],[{"utility":45,"ID":7},{"utility":51,"ID":17}],[{"utility":0,"ID":6}],[{"utility":0,"ID":20}],[{"utility":0,"ID":3}],[{"utility":37.5,"ID":23},{"utility":45.5,"ID":25},{"utility":61.5,"ID":30}],[{"utility":74,"ID":9},{"utility":0,"ID":16}],[{"utility":30.5,"ID":5},{"utility":40.5,"ID":12},{"utility":93,"ID":19}],[{"utility":53.5,"ID":1},{"utility":54.5,"ID":2},{"utility":42.5,"ID":24}],[{"utility":24,"ID":8},{"utility":64.5,"ID":10},{"utility":69.5,"ID":27}],[{"utility":62,"ID":14},{"utility":0,"ID":18}],[{"utility":69,"ID":15},{"utility":7,"ID":29}],[{"utility":0,"ID":21}],[{"utility":0,"ID":4},{"utility":0,"ID":26}],[],[],[],[],[],[],[],[],[],[],[],[],[],[],[]],"CORE :":true,"Relazioni :":670,"Time : ":0.1,"LAST PARTITION":{"22":2,"23":13,"24":1,"25":11,"26":3,"27":4,"28":3,"29":13,"30":16,"10":8,"11":2,"12":18,"13":7,"14":15,"15":10,"16":5,"17":4,"18":6,"19":18,"1":12,"2":1,"3":6,"4":7,"5":11,"6":10,"7":5,"8":16,"9":12,"20":8,"21":15}},{"Modalità dinamica :":true,"Q : ":4,"STARTING PARTITION: ":{"22":1,"23":7,"24":10,"25":7,"26":15,"27":11,"28":1,"29":13,"30":7,"10":11,"11":2,"12":9,"13":1,"14":12,"15":13,"16":8,"17":3,"18":12,"19":9,"1":10,"2":10,"3":6,"4":15,"5":9,"6":4,"7":3,"8":11,"9":8,"20":5,"21":14},"LAST COALITION":[[],[{"utility":96,"ID":10},{"utility":94,"ID":20}],[],[{"utility":46,"ID":5},{"utility":79,"ID":25}],[],[{"utility":83,"ID":23},{"utility":98,"ID":29}],[{"utility":2,"ID":17},{"utility":77,"ID":27}],[{"utility":55,"ID":2},{"utility":62,"ID":24}],[{"utility":45,"ID":11},{"utility":94,"ID":22}],[{"utility":96,"ID":6},{"utility":92,"ID":15}],[{"utility":63,"ID":1},{"utility":85,"ID":9}],[{"utility":42,"ID":26},{"utility":83,"ID":28}],[{"utility":67,"ID":3},{"utility":94,"ID":18}],[],[{"utility":87,"ID":8},{"utility":58,"ID":30}],[{"utility":87,"ID":4},{"utility":91,"ID":13}],[{"utility":57,"ID":14},{"utility":95,"ID":21}],[{"utility":81,"ID":12},{"utility":99,"ID":19}],[],[],[{"utility":74,"ID":7},{"utility":80,"ID":16}],[],[],[],[],[],[],[],[],[],[]],"STARTING COALITION: ":[[null],[{"utility":56,"ID":13},{"utility":35.5,"ID":22},{"utility":30.5,"ID":28}],[{"utility":0,"ID":11}],[{"utility":45,"ID":7},{"utility":51,"ID":17}],[{"utility":0,"ID":6}],[{"utility":0,"ID":20}],[{"utility":0,"ID":3}],[{"utility":37.5,"ID":23},{"utility":45.5,"ID":25},{"utility":61.5,"ID":30}],[{"utility":74,"ID":9},{"utility":0,"ID":16}],[{"utility":30.5,"ID":5},{"utility":40.5,"ID":12},{"utility":93,"ID":19}],[{"utility":53.5,"ID":1},{"utility":54.5,"ID":2},{"utility":42.5,"ID":24}],[{"utility":24,"ID":8},{"utility":64.5,"ID":10},{"utility":69.5,"ID":27}],[{"utility":62,"ID":14},{"utility":0,"ID":18}],[{"utility":69,"ID":15},{"utility":7,"ID":29}],[{"utility":0,"ID":21}],[{"utility":0,"ID":4},{"utility":0,"ID":26}],[],[],[],[],[],[],[],[],[],[],[],[],[],[],[]],"CORE :":true,"Relazioni :":670,"Time : ":0.2,"LAST PARTITION":{"22":8,"23":5,"24":7,"25":3,"26":11,"27":6,"28":11,"29":5,"30":14,"10":1,"11":8,"12":17,"13":15,"14":16,"15":9,"16":20,"17":6,"18":12,"19":17,"1":10,"2":7,"3":12,"4":15,"5":3,"6":9,"7":20,"8":14,"9":10,"20":1,"21":16}},{"Modalità dinamica :":true,"Q : ":5,"STARTING PARTITION: ":{"22":1,"23":7,"24":10,"25":7,"26":15,"27":11,"28":1,"29":13,"30":7,"10":11,"11":2,"12":9,"13":1,"14":12,"15":13,"16":8,"17":3,"18":12,"19":9,"1":10,"2":10,"3":6,"4":15,"5":9,"6":4,"7":3,"8":11,"9":8,"20":5,"21":14},"LAST COALITION":[[],[{"utility":83,"ID":23},{"utility":98,"ID":29}],[{"utility":87,"ID":8},{"utility":58,"ID":30}],[{"utility":67,"ID":3},{"utility":94,"ID":18}],[{"utility":87,"ID":4},{"utility":91,"ID":13}],[{"utility":45,"ID":11},{"utility":94,"ID":22}],[{"utility":96,"ID":6},{"utility":92,"ID":15}],[{"utility":46,"ID":5},{"utility":79,"ID":25}],[{"utility":57,"ID":14},{"utility":95,"ID":21}],[],[{"utility":2,"ID":17},{"utility":77,"ID":27}],[{"utility":41,"ID":24},{"utility":98,"ID":26}],[{"utility":69,"ID":2},{"utility":50,"ID":28}],[{"utility":81,"ID":12},{"utility":99,"ID":19}],[{"utility":96,"ID":10},{"utility":94,"ID":20}],[{"utility":63,"ID":1},{"utility":85,"ID":9}],[{"utility":74,"ID":7},{"utility":80,"ID":16}],[],[],[],[],[],[],[],[],[],[],[],[],[],[]],"STARTING COALITION: ":[[null],[{"utility":56,"ID":13},{"utility":35.5,"ID":22},{"utility":30.5,"ID":28}],[{"utility":0,"ID":11}],[{"utility":45,"ID":7},{"utility":51,"ID":17}],[{"utility":0,"ID":6}],[{"utility":0,"ID":20}],[{"utility":0,"ID":3}],[{"utility":37.5,"ID":23},{"utility":45.5,"ID":25},{"utility":61.5,"ID":30}],[{"utility":74,"ID":9},{"utility":0,"ID":16}],[{"utility":30.5,"ID":5},{"utility":40.5,"ID":12},{"utility":93,"ID":19}],[{"utility":53.5,"ID":1},{"utility":54.5,"ID":2},{"utility":42.5,"ID":24}],[{"utility":24,"ID":8},{"utility":64.5,"ID":10},{"utility":69.5,"ID":27}],[{"utility":62,"ID":14},{"utility":0,"ID":18}],[{"utility":69,"ID":15},{"utility":7,"ID":29}],[{"utility":0,"ID":21}],[{"utility":0,"ID":4},{"utility":0,"ID":26}],[],[],[],[],[],[],[],[],[],[],[],[],[],[],[]],"CORE :":true,"Relazioni :":670,"Time : ":0.1,"LAST PARTITION":{"22":5,"23":1,"24":11,"25":7,"26":11,"27":10,"28":12,"29":1,"30":2,"10":14,"11":5,"12":13,"13":4,"14":8,"15":6,"16":16,"17":10,"18":3,"19":13,"1":15,"2":12,"3":3,"4":4,"5":7,"6":6,"7":16,"8":2,"9":15,"20":14,"21":8}},{"Modalità dinamica :":true,"Q : ":5,"STARTING PARTITION: ":{"22":1,"23":7,"24":10,"25":7,"26":15,"27":11,"28":1,"29":13,"30":7,"10":11,"11":2,"12":9,"13":1,"14":12,"15":13,"16":8,"17":3,"18":12,"19":9,"1":10,"2":10,"3":6,"4":15,"5":9,"6":4,"7":3,"8":11,"9":8,"20":5,"21":14},"LAST COALITION":[[],[{"utility":83,"ID":23},{"utility":98,"ID":29}],[{"utility":41,"ID":24},{"utility":98,"ID":26}],[{"utility":69,"ID":2},{"utility":50,"ID":28}],[{"utility":81,"ID":12},{"utility":99,"ID":19}],[{"utility":63,"ID":1},{"utility":85,"ID":9}],[{"utility":87,"ID":4},{"utility":91,"ID":13}],[{"utility":45,"ID":11},{"utility":94,"ID":22}],[],[{"utility":57,"ID":14},{"utility":95,"ID":21}],[{"utility":96,"ID":6},{"utility":92,"ID":15}],[{"utility":2,"ID":17},{"utility":77,"ID":27}],[{"utility":46,"ID":5},{"utility":79,"ID":25}],[{"utility":67,"ID":3},{"utility":94,"ID":18}],[{"utility":96,"ID":10},{"utility":94,"ID":20}],[],[],[{"utility":87,"ID":8},{"utility":58,"ID":30}],[{"utility":74,"ID":7},{"utility":80,"ID":16}],[],[],[],[],[],[],[],[],[],[],[],[]],"STARTING COALITION: ":[[null],[{"utility":56,"ID":13},{"utility":35.5,"ID":22},{"utility":30.5,"ID":28}],[{"utility":0,"ID":11}],[{"utility":45,"ID":7},{"utility":51,"ID":17}],[{"utility":0,"ID":6}],[{"utility":0,"ID":20}],[{"utility":0,"ID":3}],[{"utility":37.5,"ID":23},{"utility":45.5,"ID":25},{"utility":61.5,"ID":30}],[{"utility":74,"ID":9},{"utility":0,"ID":16}],[{"utility":30.5,"ID":5},{"utility":40.5,"ID":12},{"utility":93,"ID":19}],[{"utility":53.5,"ID":1},{"utility":54.5,"ID":2},{"utility":42.5,"ID":24}],[{"utility":24,"ID":8},{"utility":64.5,"ID":10},{"utility":69.5,"ID":27}],[{"utility":62,"ID":14},{"utility":0,"ID":18}],[{"utility":69,"ID":15},{"utility":7,"ID":29}],[{"utility":0,"ID":21}],[{"utility":0,"ID":4},{"utility":0,"ID":26}],[],[],[],[],[],[],[],[],[],[],[],[],[],[],[]],"CORE :":true,"Relazioni :":670,"Time : ":0.2,"LAST PARTITION":{"22":7,"23":1,"24":2,"25":12,"26":2,"27":11,"28":3,"29":1,"30":17,"10":14,"11":7,"12":4,"13":6,"14":9,"15":10,"16":18,"17":11,"18":13,"19":4,"1":5,"2":3,"3":13,"4":6,"5":12,"6":10,"7":18,"8":17,"9":5,"20":14,"21":9}},{"Modalità dinamica :":true,"Q : ":6,"STARTING PARTITION: ":{"22":1,"23":7,"24":10,"25":7,"26":15,"27":11,"28":1,"29":13,"30":7,"10":11,"11":2,"12":9,"13":1,"14":12,"15":13,"16":8,"17":3,"18":12,"19":9,"1":10,"2":10,"3":6,"4":15,"5":9,"6":4,"7":3,"8":11,"9":8,"20":5,"21":14},"LAST COALITION":[[],[{"utility":46,"ID":5},{"utility":79,"ID":25}],[{"utility":96,"ID":10},{"utility":94,"ID":20}],[{"utility":2,"ID":17},{"utility":77,"ID":27}],[{"utility":96,"ID":6},{"utility":92,"ID":15}],[],[{"utility":45,"ID":11},{"utility":94,"ID":22}],[{"utility":83,"ID":23},{"utility":98,"ID":29}],[{"utility":87,"ID":4},{"utility":91,"ID":13}],[{"utility":67,"ID":3},{"utility":94,"ID":18}],[{"utility":42,"ID":26},{"utility":83,"ID":28}],[{"utility":87,"ID":8},{"utility":58,"ID":30}],[{"utility":81,"ID":12},{"utility":99,"ID":19}],[{"utility":55,"ID":2},{"utility":62,"ID":24}],[{"utility":57,"ID":14},{"utility":95,"ID":21}],[{"utility":74,"ID":7},{"utility":80,"ID":16}],[],[{"utility":63,"ID":1},{"utility":85,"ID":9}],[],[],[],[],[],[],[],[],[],[],[],[],[]],"STARTING COALITION: ":[[null],[{"utility":56,"ID":13},{"utility":35.5,"ID":22},{"utility":30.5,"ID":28}],[{"utility":0,"ID":11}],[{"utility":45,"ID":7},{"utility":51,"ID":17}],[{"utility":0,"ID":6}],[{"utility":0,"ID":20}],[{"utility":0,"ID":3}],[{"utility":37.5,"ID":23},{"utility":45.5,"ID":25},{"utility":61.5,"ID":30}],[{"utility":74,"ID":9},{"utility":0,"ID":16}],[{"utility":30.5,"ID":5},{"utility":40.5,"ID":12},{"utility":93,"ID":19}],[{"utility":53.5,"ID":1},{"utility":54.5,"ID":2},{"utility":42.5,"ID":24}],[{"utility":24,"ID":8},{"utility":64.5,"ID":10},{"utility":69.5,"ID":27}],[{"utility":62,"ID":14},{"utility":0,"ID":18}],[{"utility":69,"ID":15},{"utility":7,"ID":29}],[{"utility":0,"ID":21}],[{"utility":0,"ID":4},{"utility":0,"ID":26}],[],[],[],[],[],[],[],[],[],[],[],[],[],[],[]],"CORE :":true,"Relazioni :":670,"Time : ":0.1,"LAST PARTITION":{"22":6,"23":7,"24":13,"25":1,"26":10,"27":3,"28":10,"29":7,"30":11,"10":2,"11":6,"12":12,"13":8,"14":14,"15":4,"16":15,"17":3,"18":9,"19":12,"1":17,"2":13,"3":9,"4":8,"5":1,"6":4,"7":15,"8":11,"9":17,"20":2,"21":14}},{"Modalità dinamica :":true,"Q : ":6,"STARTING PARTITION: ":{"22":1,"23":7,"24":10,"25":7,"26":15,"27":11,"28":1,"29":13,"30":7,"10":11,"11":2,"12":9,"13":1,"14":12,"15":13,"16":8,"17":3,"18":12,"19":9,"1":10,"2":10,"3":6,"4":15,"5":9,"6":4,"7":3,"8":11,"9":8,"20":5,"21":14},"LAST COALITION":[[],[],[{"utility":87,"ID":8},{"utility":58,"ID":30}],[{"utility":42,"ID":26},{"utility":83,"ID":28}],[{"utility":45,"ID":11},{"utility":94,"ID":22}],[{"utility":83,"ID":23},{"utility":98,"ID":29}],[{"utility":57,"ID":14},{"utility":95,"ID":21}],[{"utility":55,"ID":2},{"utility":62,"ID":24}],[{"utility":2,"ID":17},{"utility":77,"ID":27}],[{"utility":67,"ID":3},{"utility":94,"ID":18}],[{"utility":96,"ID":6},{"utility":92,"ID":15}],[{"utility":87,"ID":4},{"utility":91,"ID":13}],[{"utility":81,"ID":12},{"utility":99,"ID":19}],[{"utility":46,"ID":5},{"utility":79,"ID":25}],[],[{"utility":74,"ID":7},{"utility":80,"ID":16}],[],[{"utility":96,"ID":10},{"utility":94,"ID":20}],[{"utility":63,"ID":1},{"utility":85,"ID":9}],[],[],[],[],[],[],[],[],[],[],[],[]],"STARTING COALITION: ":[[null],[{"utility":56,"ID":13},{"utility":35.5,"ID":22},{"utility":30.5,"ID":28}],[{"utility":0,"ID":11}],[{"utility":45,"ID":7},{"utility":51,"ID":17}],[{"utility":0,"ID":6}],[{"utility":0,"ID":20}],[{"utility":0,"ID":3}],[{"utility":37.5,"ID":23},{"utility":45.5,"ID":25},{"utility":61.5,"ID":30}],[{"utility":74,"ID":9},{"utility":0,"ID":16}],[{"utility":30.5,"ID":5},{"utility":40.5,"ID":12},{"utility":93,"ID":19}],[{"utility":53.5,"ID":1},{"utility":54.5,"ID":2},{"utility":42.5,"ID":24}],[{"utility":24,"ID":8},{"utility":64.5,"ID":10},{"utility":69.5,"ID":27}],[{"utility":62,"ID":14},{"utility":0,"ID":18}],[{"utility":69,"ID":15},{"utility":7,"ID":29}],[{"utility":0,"ID":21}],[{"utility":0,"ID":4},{"utility":0,"ID":26}],[],[],[],[],[],[],[],[],[],[],[],[],[],[],[]],"CORE :":true,"Relazioni :":670,"Time : ":0.2,"LAST PARTITION":{"22":4,"23":5,"24":7,"25":13,"26":3,"27":8,"28":3,"29":5,"30":2,"10":17,"11":4,"12":12,"13":11,"14":6,"15":10,"16":15,"17":8,"18":9,"19":12,"1":18,"2":7,"3":9,"4":11,"5":13,"6":10,"7":15,"8":2,"9":18,"20":17,"21":6}},{"Modalità dinamica :":true,"Q : ":7,"STARTING PARTITION: ":{"22":1,"23":7,"24":10,"25":7,"26":15,"27":11,"28":1,"29":13,"30":7,"10":11,"11":2,"12":9,"13":1,"14":12,"15":13,"16":8,"17":3,"18":12,"19":9,"1":10,"2":10,"3":6,"4":15,"5":9,"6":4,"7":3,"8":11,"9":8,"20":5,"21":14},"LAST COALITION":[[],[{"utility":81,"ID":12},{"utility":99,"ID":19}],[{"utility":45,"ID":11},{"utility":94,"ID":22}],[{"utility":87,"ID":4},{"utility":91,"ID":13}],[{"utility":96,"ID":10},{"utility":94,"ID":20}],[{"utility":0,"ID":23}],[{"utility":62,"ID":16},{"utility":68,"ID":26}],[{"utility":46,"ID":5},{"utility":79,"ID":25}],[],[{"utility":87,"ID":8},{"utility":58,"ID":30}],[{"utility":68.5,"ID":3},{"utility":25.5,"ID":17},{"utility":38.5,"ID":27}],[{"utility":73,"ID":14},{"utility":49,"ID":29}],[{"utility":55,"ID":2},{"utility":62,"ID":24}],[],[{"utility":38,"ID":21},{"utility":71,"ID":28}],[{"utility":87,"ID":1},{"utility":61,"ID":7}],[{"utility":96,"ID":6},{"utility":92,"ID":15}],[{"utility":0,"ID":9}],[],[{"utility":0,"ID":18}],[],[],[],[],[],[],[],[],[],[],[]],"STARTING COALITION: ":[[null],[{"utility":56,"ID":13},{"utility":35.5,"ID":22},{"utility":30.5,"ID":28}],[{"utility":0,"ID":11}],[{"utility":45,"ID":7},{"utility":51,"ID":17}],[{"utility":0,"ID":6}],[{"utility":0,"ID":20}],[{"utility":0,"ID":3}],[{"utility":37.5,"ID":23},{"utility":45.5,"ID":25},{"utility":61.5,"ID":30}],[{"utility":74,"ID":9},{"utility":0,"ID":16}],[{"utility":30.5,"ID":5},{"utility":40.5,"ID":12},{"utility":93,"ID":19}],[{"utility":53.5,"ID":1},{"utility":54.5,"ID":2},{"utility":42.5,"ID":24}],[{"utility":24,"ID":8},{"utility":64.5,"ID":10},{"utility":69.5,"ID":27}],[{"utility":62,"ID":14},{"utility":0,"ID":18}],[{"utility":69,"ID":15},{"utility":7,"ID":29}],[{"utility":0,"ID":21}],[{"utility":0,"ID":4},{"utility":0,"ID":26}],[],[],[],[],[],[],[],[],[],[],[],[],[],[],[]],"CORE :":true,"Relazioni :":670,"Time : ":0.1,"LAST PARTITION":{"22":2,"23":5,"24":12,"25":7,"26":6,"27":10,"28":14,"29":11,"30":9,"10":4,"11":2,"12":1,"13":3,"14":11,"15":16,"16":6,"17":10,"18":19,"19":1,"1":15,"2":12,"3":10,"4":3,"5":7,"6":16,"7":15,"8":9,"9":17,"20":4,"21":14}},{"Modalità dinamica :":true,"Q : ":7,"STARTING PARTITION: ":{"22":1,"23":7,"24":10,"25":7,"26":15,"27":11,"28":1,"29":13,"30":7,"10":11,"11":2,"12":9,"13":1,"14":12,"15":13,"16":8,"17":3,"18":12,"19":9,"1":10,"2":10,"3":6,"4":15,"5":9,"6":4,"7":3,"8":11,"9":8,"20":5,"21":14},"LAST COALITION":[[],[{"utility":0,"ID":16}],[{"utility":0,"ID":25}],[{"utility":87,"ID":4},{"utility":91,"ID":13}],[{"utility":96,"ID":12},{"utility":74,"ID":29}],[{"utility":96,"ID":6},{"utility":92,"ID":15}],[{"utility":57,"ID":14},{"utility":95,"ID":21}],[{"utility":71,"ID":5},{"utility":59,"ID":27}],[],[{"utility":41,"ID":24},{"utility":98,"ID":26}],[{"utility":79,"ID":18},{"utility":57,"ID":30}],[{"utility":69,"ID":2},{"utility":50,"ID":28}],[{"utility":44,"ID":3},{"utility":56,"ID":7},{"utility":66,"ID":19}],[],[{"utility":0,"ID":22}],[{"utility":96,"ID":10},{"utility":94,"ID":20}],[{"utility":66,"ID":11},{"utility":74,"ID":23}],[],[{"utility":79,"ID":8},{"utility":97,"ID":17}],[{"utility":63,"ID":1},{"utility":85,"ID":9}],[],[],[],[],[],[],[],[],[],[],[]],"STARTING COALITION: ":[[null],[{"utility":56,"ID":13},{"utility":35.5,"ID":22},{"utility":30.5,"ID":28}],[{"utility":0,"ID":11}],[{"utility":45,"ID":7},{"utility":51,"ID":17}],[{"utility":0,"ID":6}],[{"utility":0,"ID":20}],[{"utility":0,"ID":3}],[{"utility":37.5,"ID":23},{"utility":45.5,"ID":25},{"utility":61.5,"ID":30}],[{"utility":74,"ID":9},{"utility":0,"ID":16}],[{"utility":30.5,"ID":5},{"utility":40.5,"ID":12},{"utility":93,"ID":19}],[{"utility":53.5,"ID":1},{"utility":54.5,"ID":2},{"utility":42.5,"ID":24}],[{"utility":24,"ID":8},{"utility":64.5,"ID":10},{"utility":69.5,"ID":27}],[{"utility":62,"ID":14},{"utility":0,"ID":18}],[{"utility":69,"ID":15},{"utility":7,"ID":29}],[{"utility":0,"ID":21}],[{"utility":0,"ID":4},{"utility":0,"ID":26}],[],[],[],[],[],[],[],[],[],[],[],[],[],[],[]],"CORE :":true,"Relazioni :":670,"Time : ":0.2,"LAST PARTITION":{"22":14,"23":16,"24":9,"25":2,"26":9,"27":7,"28":11,"29":4,"30":10,"10":15,"11":16,"12":4,"13":3,"14":6,"15":5,"16":1,"17":18,"18":10,"19":12,"1":19,"2":11,"3":12,"4":3,"5":7,"6":5,"7":12,"8":18,"9":19,"20":15,"21":6}},{"Modalità dinamica :":true,"Q : ":8,"STARTING PARTITION: ":{"22":1,"23":7,"24":10,"25":7,"26":15,"27":11,"28":1,"29":13,"30":7,"10":11,"11":2,"12":9,"13":1,"14":12,"15":13,"16":8,"17":3,"18":12,"19":9,"1":10,"2":10,"3":6,"4":15,"5":9,"6":4,"7":3,"8":11,"9":8,"20":5,"21":14},"LAST COALITION":[[],[{"utility":55,"ID":2},{"utility":62,"ID":24}],[{"utility":87,"ID":4},{"utility":91,"ID":13}],[{"utility":0,"ID":12}],[{"utility":83,"ID":23},{"utility":98,"ID":29}],[{"utility":0,"ID":14}],[{"utility":96,"ID":10},{"utility":94,"ID":20}],[{"utility":75,"ID":21},{"utility":47,"ID":25}],[],[{"utility":87,"ID":8},{"utility":58,"ID":30}],[{"utility":96,"ID":6},{"utility":92,"ID":15}],[{"utility":56,"ID":7},{"utility":56,"ID":16},{"utility":70.5,"ID":19}],[{"utility":20,"ID":1},{"utility":71,"ID":3}],[{"utility":2,"ID":17},{"utility":77,"ID":27}],[{"utility":87,"ID":22},{"utility":85,"ID":26}],[{"utility":0,"ID":18}],[{"utility":62,"ID":9},{"utility":45,"ID":28}],[{"utility":0,"ID":11}],[],[{"utility":0,"ID":5}],[],[],[],[],[],[],[],[],[],[],[]],"STARTING COALITION: ":[[null],[{"utility":56,"ID":13},{"utility":35.5,"ID":22},{"utility":30.5,"ID":28}],[{"utility":0,"ID":11}],[{"utility":45,"ID":7},{"utility":51,"ID":17}],[{"utility":0,"ID":6}],[{"utility":0,"ID":20}],[{"utility":0,"ID":3}],[{"utility":37.5,"ID":23},{"utility":45.5,"ID":25},{"utility":61.5,"ID":30}],[{"utility":74,"ID":9},{"utility":0,"ID":16}],[{"utility":30.5,"ID":5},{"utility":40.5,"ID":12},{"utility":93,"ID":19}],[{"utility":53.5,"ID":1},{"utility":54.5,"ID":2},{"utility":42.5,"ID":24}],[{"utility":24,"ID":8},{"utility":64.5,"ID":10},{"utility":69.5,"ID":27}],[{"utility":62,"ID":14},{"utility":0,"ID":18}],[{"utility":69,"ID":15},{"utility":7,"ID":29}],[{"utility":0,"ID":21}],[{"utility":0,"ID":4},{"utility":0,"ID":26}],[],[],[],[],[],[],[],[],[],[],[],[],[],[],[]],"CORE :":true,"Relazioni :":670,"Time : ":0.1,"LAST PARTITION":{"22":14,"23":4,"24":1,"25":7,"26":14,"27":13,"28":16,"29":4,"30":9,"10":6,"11":17,"12":3,"13":2,"14":5,"15":10,"16":11,"17":13,"18":15,"19":11,"1":12,"2":1,"3":12,"4":2,"5":19,"6":10,"7":11,"8":9,"9":16,"20":6,"21":7}},{"Modalità dinamica :":true,"Q : ":8,"STARTING PARTITION: ":{"22":1,"23":7,"24":10,"25":7,"26":15,"27":11,"28":1,"29":13,"30":7,"10":11,"11":2,"12":9,"13":1,"14":12,"15":13,"16":8,"17":3,"18":12,"19":9,"1":10,"2":10,"3":6,"4":15,"5":9,"6":4,"7":3,"8":11,"9":8,"20":5,"21":14},"LAST COALITION":[[],[{"utility":9,"ID":5},{"utility":87,"ID":19}],[{"utility":96,"ID":10},{"utility":94,"ID":20}],[{"utility":48,"ID":7},{"utility":67,"ID":30}],[{"utility":0,"ID":8}],[],[{"utility":0,"ID":24}],[{"utility":83,"ID":23},{"utility":98,"ID":29}],[{"utility":69,"ID":2},{"utility":50,"ID":28}],[{"utility":57,"ID":14},{"utility":95,"ID":21}],[{"utility":0,"ID":17}],[{"utility":67,"ID":3},{"utility":94,"ID":18}],[{"utility":45,"ID":11},{"utility":94,"ID":22}],[{"utility":63,"ID":1},{"utility":85,"ID":9}],[{"utility":62,"ID":16},{"utility":68,"ID":26}],[{"utility":96,"ID":6},{"utility":92,"ID":15}],[{"utility":87,"ID":4},{"utility":91,"ID":13}],[{"utility":32,"ID":12},{"utility":90,"ID":25}],[{"utility":0,"ID":27}],[],[],[],[],[],[],[],[],[],[],[],[]],"STARTING COALITION: ":[[null],[{"utility":56,"ID":13},{"utility":35.5,"ID":22},{"utility":30.5,"ID":28}],[{"utility":0,"ID":11}],[{"utility":45,"ID":7},{"utility":51,"ID":17}],[{"utility":0,"ID":6}],[{"utility":0,"ID":20}],[{"utility":0,"ID":3}],[{"utility":37.5,"ID":23},{"utility":45.5,"ID":25},{"utility":61.5,"ID":30}],[{"utility":74,"ID":9},{"utility":0,"ID":16}],[{"utility":30.5,"ID":5},{"utility":40.5,"ID":12},{"utility":93,"ID":19}],[{"utility":53.5,"ID":1},{"utility":54.5,"ID":2},{"utility":42.5,"ID":24}],[{"utility":24,"ID":8},{"utility":64.5,"ID":10},{"utility":69.5,"ID":27}],[{"utility":62,"ID":14},{"utility":0,"ID":18}],[{"utility":69,"ID":15},{"utility":7,"ID":29}],[{"utility":0,"ID":21}],[{"utility":0,"ID":4},{"utility":0,"ID":26}],[],[],[],[],[],[],[],[],[],[],[],[],[],[],[]],"CORE :":true,"Relazioni :":670,"Time : ":0.2,"LAST PARTITION":{"22":12,"23":7,"24":6,"25":17,"26":14,"27":18,"28":8,"29":7,"30":3,"10":2,"11":12,"12":17,"13":16,"14":9,"15":15,"16":14,"17":10,"18":11,"19":1,"1":13,"2":8,"3":11,"4":16,"5":1,"6":15,"7":3,"8":4,"9":13,"20":2,"21":9}},{"Modalità dinamica :":true,"Q : ":9,"STARTING PARTITION: ":{"22":1,"23":7,"24":10,"25":7,"26":15,"27":11,"28":1,"29":13,"30":7,"10":11,"11":2,"12":9,"13":1,"14":12,"15":13,"16":8,"17":3,"18":12,"19":9,"1":10,"2":10,"3":6,"4":15,"5":9,"6":4,"7":3,"8":11,"9":8,"20":5,"21":14},"LAST COALITION":[[],[{"utility":69,"ID":2},{"utility":50,"ID":28}],[{"utility":81,"ID":12},{"utility":99,"ID":19}],[{"utility":46,"ID":5},{"utility":79,"ID":25}],[{"utility":63,"ID":1},{"utility":85,"ID":9}],[{"utility":67,"ID":3},{"utility":94,"ID":18}],[{"utility":87,"ID":4},{"utility":91,"ID":13}],[{"utility":83,"ID":23},{"utility":98,"ID":29}],[{"utility":2,"ID":17},{"utility":77,"ID":27}],[{"utility":74,"ID":7},{"utility":80,"ID":16}],[],[{"utility":96,"ID":6},{"utility":92,"ID":15}],[{"utility":57,"ID":14},{"utility":95,"ID":21}],[],[{"utility":41,"ID":24},{"utility":98,"ID":26}],[{"utility":96,"ID":10},{"utility":94,"ID":20}],[{"utility":45,"ID":11},{"utility":94,"ID":22}],[],[{"utility":87,"ID":8},{"utility":58,"ID":30}],[],[],[],[],[],[],[],[],[],[],[],[]],"STARTING COALITION: ":[[null],[{"utility":56,"ID":13},{"utility":35.5,"ID":22},{"utility":30.5,"ID":28}],[{"utility":0,"ID":11}],[{"utility":45,"ID":7},{"utility":51,"ID":17}],[{"utility":0,"ID":6}],[{"utility":0,"ID":20}],[{"utility":0,"ID":3}],[{"utility":37.5,"ID":23},{"utility":45.5,"ID":25},{"utility":61.5,"ID":30}],[{"utility":74,"ID":9},{"utility":0,"ID":16}],[{"utility":30.5,"ID":5},{"utility":40.5,"ID":12},{"utility":93,"ID":19}],[{"utility":53.5,"ID":1},{"utility":54.5,"ID":2},{"utility":42.5,"ID":24}],[{"utility":24,"ID":8},{"utility":64.5,"ID":10},{"utility":69.5,"ID":27}],[{"utility":62,"ID":14},{"utility":0,"ID":18}],[{"utility":69,"ID":15},{"utility":7,"ID":29}],[{"utility":0,"ID":21}],[{"utility":0,"ID":4},{"utility":0,"ID":26}],[],[],[],[],[],[],[],[],[],[],[],[],[],[],[]],"CORE :":true,"Relazioni :":670,"Time : ":0.1,"LAST PARTITION":{"22":16,"23":7,"24":14,"25":3,"26":14,"27":8,"28":1,"29":7,"30":18,"10":15,"11":16,"12":2,"13":6,"14":12,"15":11,"16":9,"17":8,"18":5,"19":2,"1":4,"2":1,"3":5,"4":6,"5":3,"6":11,"7":9,"8":18,"9":4,"20":15,"21":12}},{"Modalità dinamica :":true,"Q : ":9,"STARTING PARTITION: ":{"22":1,"23":7,"24":10,"25":7,"26":15,"27":11,"28":1,"29":13,"30":7,"10":11,"11":2,"12":9,"13":1,"14":12,"15":13,"16":8,"17":3,"18":12,"19":9,"1":10,"2":10,"3":6,"4":15,"5":9,"6":4,"7":3,"8":11,"9":8,"20":5,"21":14},"LAST COALITION":[[],[{"utility":81,"ID":12},{"utility":99,"ID":19}],[{"utility":87,"ID":8},{"utility":58,"ID":30}],[{"utility":45,"ID":11},{"utility":94,"ID":22}],[{"utility":2,"ID":17},{"utility":77,"ID":27}],[{"utility":83,"ID":23},{"utility":98,"ID":29}],[{"utility":46,"ID":5},{"utility":79,"ID":25}],[],[{"utility":87,"ID":4},{"utility":91,"ID":13}],[],[{"utility":55,"ID":2},{"utility":62,"ID":24}],[{"utility":67,"ID":3},{"utility":94,"ID":18}],[{"utility":74,"ID":7},{"utility":80,"ID":16}],[{"utility":42,"ID":26},{"utility":83,"ID":28}],[{"utility":57,"ID":14},{"utility":95,"ID":21}],[{"utility":96,"ID":10},{"utility":94,"ID":20}],[{"utility":63,"ID":1},{"utility":85,"ID":9}],[],[{"utility":96,"ID":6},{"utility":92,"ID":15}],[],[],[],[],[],[],[],[],[],[],[],[]],"STARTING COALITION: ":[[null],[{"utility":56,"ID":13},{"utility":35.5,"ID":22},{"utility":30.5,"ID":28}],[{"utility":0,"ID":11}],[{"utility":45,"ID":7},{"utility":51,"ID":17}],[{"utility":0,"ID":6}],[{"utility":0,"ID":20}],[{"utility":0,"ID":3}],[{"utility":37.5,"ID":23},{"utility":45.5,"ID":25},{"utility":61.5,"ID":30}],[{"utility":74,"ID":9},{"utility":0,"ID":16}],[{"utility":30.5,"ID":5},{"utility":40.5,"ID":12},{"utility":93,"ID":19}],[{"utility":53.5,"ID":1},{"utility":54.5,"ID":2},{"utility":42.5,"ID":24}],[{"utility":24,"ID":8},{"utility":64.5,"ID":10},{"utility":69.5,"ID":27}],[{"utility":62,"ID":14},{"utility":0,"ID":18}],[{"utility":69,"ID":15},{"utility":7,"ID":29}],[{"utility":0,"ID":21}],[{"utility":0,"ID":4},{"utility":0,"ID":26}],[],[],[],[],[],[],[],[],[],[],[],[],[],[],[]],"CORE :":true,"Relazioni :":670,"Time : ":0.2,"LAST PARTITION":{"22":3,"23":5,"24":10,"25":6,"26":13,"27":4,"28":13,"29":5,"30":2,"10":15,"11":3,"12":1,"13":8,"14":14,"15":18,"16":12,"17":4,"18":11,"19":1,"1":16,"2":10,"3":11,"4":8,"5":6,"6":18,"7":12,"8":2,"9":16,"20":15,"21":14}},{"Modalità dinamica :":true,"Q : ":10,"STARTING PARTITION: ":{"22":1,"23":7,"24":10,"25":7,"26":15,"27":11,"28":1,"29":13,"30":7,"10":11,"11":2,"12":9,"13":1,"14":12,"15":13,"16":8,"17":3,"18":12,"19":9,"1":10,"2":10,"3":6,"4":15,"5":9,"6":4,"7":3,"8":11,"9":8,"20":5,"21":14},"LAST COALITION":[[],[{"utility":87,"ID":8},{"utility":58,"ID":30}],[{"utility":62,"ID":1},{"utility":42,"ID":16}],[{"utility":0,"ID":14}],[{"utility":46,"ID":5},{"utility":79,"ID":25}],[{"utility":0,"ID":7}],[{"utility":67,"ID":3},{"utility":94,"ID":18}],[{"utility":87,"ID":4},{"utility":91,"ID":13}],[{"utility":96,"ID":6},{"utility":92,"ID":15}],[{"utility":2,"ID":17},{"utility":77,"ID":27}],[{"utility":0,"ID":24}],[{"utility":81,"ID":12},{"utility":99,"ID":19}],[],[{"utility":0,"ID":2}],[{"utility":60,"ID":9},{"utility":24.5,"ID":21},{"utility":58,"ID":28}],[{"utility":61,"ID":11},{"utility":90.5,"ID":22},{"utility":59,"ID":26}],[{"utility":96,"ID":10},{"utility":94,"ID":20}],[],[{"utility":83,"ID":23},{"utility":98,"ID":29}],[],[],[],[],[],[],[],[],[],[],[],[]],"STARTING COALITION: ":[[null],[{"utility":56,"ID":13},{"utility":35.5,"ID":22},{"utility":30.5,"ID":28}],[{"utility":0,"ID":11}],[{"utility":45,"ID":7},{"utility":51,"ID":17}],[{"utility":0,"ID":6}],[{"utility":0,"ID":20}],[{"utility":0,"ID":3}],[{"utility":37.5,"ID":23},{"utility":45.5,"ID":25},{"utility":61.5,"ID":30}],[{"utility":74,"ID":9},{"utility":0,"ID":16}],[{"utility":30.5,"ID":5},{"utility":40.5,"ID":12},{"utility":93,"ID":19}],[{"utility":53.5,"ID":1},{"utility":54.5,"ID":2},{"utility":42.5,"ID":24}],[{"utility":24,"ID":8},{"utility":64.5,"ID":10},{"utility":69.5,"ID":27}],[{"utility":62,"ID":14},{"utility":0,"ID":18}],[{"utility":69,"ID":15},{"utility":7,"ID":29}],[{"utility":0,"ID":21}],[{"utility":0,"ID":4},{"utility":0,"ID":26}],[],[],[],[],[],[],[],[],[],[],[],[],[],[],[]],"CORE :":true,"Relazioni :":670,"Time : ":0.1,"LAST PARTITION":{"22":15,"23":18,"24":10,"25":4,"26":15,"27":9,"28":14,"29":18,"30":1,"10":16,"11":15,"12":11,"13":7,"14":3,"15":8,"16":2,"17":9,"18":6,"19":11,"1":2,"2":13,"3":6,"4":7,"5":4,"6":8,"7":5,"8":1,"9":14,"20":16,"21":14}},{"Modalità dinamica :":true,"Q : ":10,"STARTING PARTITION: ":{"22":1,"23":7,"24":10,"25":7,"26":15,"27":11,"28":1,"29":13,"30":7,"10":11,"11":2,"12":9,"13":1,"14":12,"15":13,"16":8,"17":3,"18":12,"19":9,"1":10,"2":10,"3":6,"4":15,"5":9,"6":4,"7":3,"8":11,"9":8,"20":5,"21":14},"LAST COALITION":[[],[{"utility":0,"ID":17}],[{"utility":55,"ID":9},{"utility":94,"ID":19}],[{"utility":19.5,"ID":3},{"utility":43.5,"ID":28},{"utility":16.5,"ID":30}],[{"utility":57,"ID":14},{"utility":95,"ID":21}],[{"utility":59,"ID":12},{"utility":11,"ID":18},{"utility":85,"ID":25}],[{"utility":87,"ID":4},{"utility":91,"ID":13}],[{"utility":0,"ID":16}],[{"utility":96,"ID":6},{"utility":92,"ID":15}],[{"utility":0,"ID":20}],[{"utility":0,"ID":10}],[{"utility":87,"ID":1},{"utility":61,"ID":7}],[],[{"utility":0,"ID":26}],[{"utility":45,"ID":11},{"utility":94,"ID":22}],[{"utility":66,"ID":8},{"utility":86,"ID":23}],[{"utility":71,"ID":5},{"utility":59,"ID":27}],[],[{"utility":0,"ID":29}],[{"utility":55,"ID":2},{"utility":62,"ID":24}],[],[],[],[],[],[],[],[],[],[],[]],"STARTING COALITION: ":[[null],[{"utility":56,"ID":13},{"utility":35.5,"ID":22},{"utility":30.5,"ID":28}],[{"utility":0,"ID":11}],[{"utility":45,"ID":7},{"utility":51,"ID":17}],[{"utility":0,"ID":6}],[{"utility":0,"ID":20}],[{"utility":0,"ID":3}],[{"utility":37.5,"ID":23},{"utility":45.5,"ID":25},{"utility":61.5,"ID":30}],[{"utility":74,"ID":9},{"utility":0,"ID":16}],[{"utility":30.5,"ID":5},{"utility":40.5,"ID":12},{"utility":93,"ID":19}],[{"utility":53.5,"ID":1},{"utility":54.5,"ID":2},{"utility":42.5,"ID":24}],[{"utility":24,"ID":8},{"utility":64.5,"ID":10},{"utility":69.5,"ID":27}],[{"utility":62,"ID":14},{"utility":0,"ID":18}],[{"utility":69,"ID":15},{"utility":7,"ID":29}],[{"utility":0,"ID":21}],[{"utility":0,"ID":4},{"utility":0,"ID":26}],[],[],[],[],[],[],[],[],[],[],[],[],[],[],[]],"CORE :":true,"Relazioni :":670,"Time : ":0.2,"LAST PARTITION":{"22":14,"23":15,"24":19,"25":5,"26":13,"27":16,"28":3,"29":18,"30":3,"10":10,"11":14,"12":5,"13":6,"14":4,"15":8,"16":7,"17":1,"18":5,"19":2,"1":11,"2":19,"3":3,"4":6,"5":16,"6":8,"7":11,"8":15,"9":2,"20":9,"21":4}},{"END OF FILE:" : true}]