[{"STARTING PARTITION: ":{"22":14,"23":7,"24":8,"25":5,"26":2,"27":7,"28":9,"29":10,"30":5,"10":5,"11":15,"12":13,"13":15,"14":12,"15":14,"16":8,"17":6,"18":9,"19":15,"1":13,"2":15,"3":8,"4":9,"5":13,"6":15,"7":5,"8":5,"9":12,"20":3,"21":12},"Agents":[null,{"utility":90,"ID":1},{"utility":89,"ID":2},{"utility":31,"ID":3},{"utility":88,"ID":4},{"utility":87,"ID":5},{"utility":82,"ID":6},{"utility":95,"ID":7},{"utility":62,"ID":8},{"utility":0,"ID":9},{"utility":95,"ID":10},{"utility":87,"ID":11},{"utility":54,"ID":12},{"utility":93,"ID":13},{"utility":0,"ID":14},{"utility":96,"ID":15},{"utility":85,"ID":16},{"utility":78,"ID":17},{"utility":99,"ID":18},{"utility":46,"ID":19},{"utility":96,"ID":20},{"utility":72,"ID":21},{"utility":98,"ID":22},{"utility":75,"ID":23},{"utility":1,"ID":24},{"utility":99,"ID":25},{"utility":80,"ID":26},{"utility":96,"ID":27},{"utility":96,"ID":28},{"utility":98,"ID":29},{"utility":93,"ID":30}],"LAST COALITION":[[],[{"utility":96,"ID":27},{"utility":96,"ID":28}],[{"utility":96,"ID":15},{"utility":78,"ID":17}],[{"utility":87,"ID":11},{"utility":80,"ID":26}],[{"utility":31,"ID":3},{"utility":46,"ID":19}],[{"utility":0,"ID":14}],[{"utility":1,"ID":24},{"utility":98,"ID":29}],[{"utility":0,"ID":9}],[{"utility":82,"ID":6},{"utility":95,"ID":10}],[{"utility":93,"ID":13},{"utility":93,"ID":30}],[{"utility":90,"ID":1},{"utility":54,"ID":12}],[{"utility":95,"ID":7},{"utility":72,"ID":21}],[{"utility":88,"ID":4},{"utility":98,"ID":22}],[{"utility":89,"ID":2},{"utility":96,"ID":20}],[{"utility":75,"ID":23},{"utility":99,"ID":25}],[],[{"utility":87,"ID":5},{"utility":99,"ID":18}],[],[{"utility":62,"ID":8},{"utility":85,"ID":16}],[],[],[],[],[],[],[],[],[],[],[],[]],"STARTING COALITION: ":[[null],[],[{"utility":0,"ID":26}],[{"utility":0,"ID":20}],[],[{"utility":71.5,"ID":7},{"utility":47,"ID":8},{"utility":70.5,"ID":10},{"utility":33,"ID":25},{"utility":76.5,"ID":30}],[{"utility":0,"ID":17}],[{"utility":44,"ID":23},{"utility":74,"ID":27}],[{"utility":59,"ID":3},{"utility":54,"ID":16},{"utility":60,"ID":24}],[{"utility":82.5,"ID":4},{"utility":21,"ID":18},{"utility":53,"ID":28}],[{"utility":0,"ID":29}],[],[{"utility":51,"ID":9},{"utility":30,"ID":14},{"utility":68,"ID":21}],[{"utility":52.5,"ID":1},{"utility":41,"ID":5},{"utility":58.5,"ID":12}],[{"utility":7,"ID":15},{"utility":59,"ID":22}],[{"utility":43.75,"ID":2},{"utility":34.25,"ID":6},{"utility":57.5,"ID":11},{"utility":66.25,"ID":13},{"utility":38.5,"ID":19}],[],[],[],[],[],[],[],[],[],[],[],[],[],[],[]],"CORE :":false,"LAST PARTITION":{"22":12,"23":14,"24":6,"25":14,"26":3,"27":1,"28":1,"29":6,"30":9,"10":8,"11":3,"12":10,"13":9,"14":5,"15":2,"16":18,"17":2,"18":16,"19":4,"1":10,"2":13,"3":4,"4":12,"5":16,"6":8,"7":11,"8":18,"9":7,"20":13,"21":11}},{"STARTING PARTITION: ":{"22":12,"23":12,"24":13,"25":13,"26":5,"27":1,"28":3,"29":3,"30":14,"10":14,"11":11,"12":7,"13":2,"14":7,"15":10,"16":13,"17":13,"18":3,"19":11,"1":15,"2":5,"3":11,"4":5,"5":12,"6":5,"7":10,"8":15,"9":4,"20":9,"21":1},"Agents":[null,{"utility":20,"ID":1},{"utility":89,"ID":2},{"utility":87,"ID":3},{"utility":88,"ID":4},{"utility":0,"ID":5},{"utility":98,"ID":6},{"utility":17,"ID":7},{"utility":20,"ID":8},{"utility":66,"ID":9},{"utility":0,"ID":10},{"utility":85,"ID":11},{"utility":92,"ID":12},{"utility":69,"ID":13},{"utility":85,"ID":14},{"utility":84,"ID":15},{"utility":48,"ID":16},{"utility":63.5,"ID":17},{"utility":0,"ID":18},{"utility":68,"ID":19},{"utility":96,"ID":20},{"utility":0,"ID":21},{"utility":98,"ID":22},{"utility":75,"ID":23},{"utility":0,"ID":24},{"utility":99,"ID":25},{"utility":89,"ID":26},{"utility":96,"ID":27},{"utility":96,"ID":28},{"utility":0,"ID":29},{"utility":78.5,"ID":30}],"LAST COALITION":[[],[{"utility":66,"ID":9},{"utility":92,"ID":12}],[{"utility":0,"ID":18}],[{"utility":0,"ID":21}],[],[{"utility":96,"ID":27},{"utility":96,"ID":28}],[{"utility":20,"ID":8},{"utility":68,"ID":19},{"utility":78.5,"ID":30}],[{"utility":85,"ID":11},{"utility":84,"ID":15}],[{"utility":0,"ID":24}],[{"utility":75,"ID":23},{"utility":99,"ID":25}],[],[{"utility":88,"ID":4},{"utility":98,"ID":22}],[{"utility":0,"ID":5}],[{"utility":17,"ID":7},{"utility":89,"ID":26}],[{"utility":89,"ID":2},{"utility":96,"ID":20}],[{"utility":0,"ID":29}],[{"utility":87,"ID":3},{"utility":69,"ID":13}],[{"utility":0,"ID":10}],[],[{"utility":98,"ID":6},{"utility":85,"ID":14}],[{"utility":20,"ID":1},{"utility":48,"ID":16},{"utility":63.5,"ID":17}],[],[],[],[],[],[],[],[],[],[]],"STARTING COALITION: ":[[null],[{"utility":43,"ID":21},{"utility":6,"ID":27}],[{"utility":0,"ID":13}],[{"utility":22.5,"ID":18},{"utility":30,"ID":28},{"utility":60.5,"ID":29}],[{"utility":0,"ID":9}],[{"utility":29.333333333333332,"ID":2},{"utility":66,"ID":4},{"utility":39,"ID":6},{"utility":59,"ID":26}],[],[{"utility":45,"ID":12},{"utility":78,"ID":14}],[],[{"utility":0,"ID":20}],[{"utility":20,"ID":7},{"utility":98,"ID":15}],[{"utility":56,"ID":3},{"utility":56.5,"ID":11},{"utility":40.5,"ID":19}],[{"utility":65,"ID":5},{"utility":78.5,"ID":22},{"utility":38,"ID":23}],[{"utility":62,"ID":16},{"utility":54.666666666666664,"ID":17},{"utility":36.666666666666664,"ID":24},{"utility":67.33333333333333,"ID":25}],[{"utility":56,"ID":10},{"utility":93,"ID":30}],[{"utility":34,"ID":1},{"utility":79,"ID":8}],[],[],[],[],[],[],[],[],[],[],[],[],[],[],[]],"CORE :":false,"LAST PARTITION":{"22":11,"23":9,"24":8,"25":9,"26":13,"27":5,"28":5,"29":15,"30":6,"10":17,"11":7,"12":1,"13":16,"14":19,"15":7,"16":20,"17":20,"18":2,"19":6,"1":20,"2":14,"3":16,"4":11,"5":12,"6":19,"7":13,"8":6,"9":1,"20":14,"21":3}},{"STARTING PARTITION: ":{"22":11,"23":2,"24":2,"25":12,"26":7,"27":10,"28":1,"29":8,"30":7,"10":9,"11":2,"12":12,"13":3,"14":10,"15":13,"16":9,"17":3,"18":12,"19":6,"1":12,"2":2,"3":3,"4":15,"5":3,"6":13,"7":4,"8":1,"9":13,"20":9,"21":13},"Agents":[null,{"utility":86,"ID":1},{"utility":89,"ID":2},{"utility":70,"ID":3},{"utility":88,"ID":4},{"utility":87,"ID":5},{"utility":98,"ID":6},{"utility":94,"ID":7},{"utility":91,"ID":8},{"utility":76,"ID":9},{"utility":90,"ID":10},{"utility":87,"ID":11},{"utility":75,"ID":12},{"utility":88,"ID":13},{"utility":85,"ID":14},{"utility":95,"ID":15},{"utility":92,"ID":16},{"utility":0,"ID":17},{"utility":99,"ID":18},{"utility":70,"ID":19},{"utility":96,"ID":20},{"utility":39.5,"ID":21},{"utility":98,"ID":22},{"utility":96,"ID":23},{"utility":21,"ID":24},{"utility":75,"ID":25},{"utility":80,"ID":26},{"utility":96,"ID":27},{"utility":96,"ID":28},{"utility":12,"ID":29},{"utility":94,"ID":30}],"LAST COALITION":[[],[{"utility":91,"ID":8},{"utility":75,"ID":12}],[{"utility":98,"ID":6},{"utility":85,"ID":14}],[{"utility":88,"ID":4},{"utility":98,"ID":22}],[{"utility":94,"ID":7},{"utility":90,"ID":10}],[{"utility":96,"ID":27},{"utility":96,"ID":28}],[{"utility":89,"ID":2},{"utility":96,"ID":20}],[{"utility":87,"ID":5},{"utility":99,"ID":18}],[{"utility":70,"ID":19},{"utility":96,"ID":23}],[{"utility":92,"ID":16},{"utility":75,"ID":25}],[{"utility":88,"ID":13},{"utility":12,"ID":29}],[{"utility":0,"ID":17}],[],[{"utility":70,"ID":3},{"utility":39.5,"ID":21},{"utility":21,"ID":24}],[],[],[{"utility":76,"ID":9},{"utility":94,"ID":30}],[{"utility":87,"ID":11},{"utility":80,"ID":26}],[{"utility":86,"ID":1},{"utility":95,"ID":15}],[],[],[],[],[],[],[],[],[],[],[],[]],"STARTING COALITION: ":[[null],[{"utility":23,"ID":8},{"utility":90,"ID":28}],[{"utility":47,"ID":2},{"utility":68.33333333333333,"ID":11},{"utility":41.666666666666664,"ID":23},{"utility":76.33333333333333,"ID":24}],[{"utility":48,"ID":3},{"utility":22.333333333333332,"ID":5},{"utility":66,"ID":13},{"utility":22,"ID":17}],[{"utility":0,"ID":7}],[],[{"utility":0,"ID":19}],[{"utility":54,"ID":26},{"utility":28,"ID":30}],[{"utility":0,"ID":29}],[{"utility":39,"ID":10},{"utility":44.5,"ID":16},{"utility":6.5,"ID":20}],[{"utility":20,"ID":14},{"utility":57,"ID":27}],[{"utility":0,"ID":22}],[{"utility":61.333333333333336,"ID":1},{"utility":51,"ID":12},{"utility":47,"ID":18},{"utility":42.333333333333336,"ID":25}],[{"utility":71.33333333333333,"ID":6},{"utility":57,"ID":9},{"utility":40.333333333333336,"ID":15},{"utility":67.66666666666667,"ID":21}],[],[{"utility":0,"ID":4}],[],[],[],[],[],[],[],[],[],[],[],[],[],[],[]],"CORE :":false,"LAST PARTITION":{"22":3,"23":8,"24":13,"25":9,"26":17,"27":5,"28":5,"29":10,"30":16,"10":4,"11":17,"12":1,"13":10,"14":2,"15":18,"16":9,"17":11,"18":7,"19":8,"1":18,"2":6,"3":13,"4":3,"5":7,"6":2,"7":4,"8":1,"9":16,"20":6,"21":13}},{"STARTING PARTITION: ":{"22":13,"23":2,"24":9,"25":11,"26":14,"27":5,"28":13,"29":4,"30":9,"10":6,"11":12,"12":15,"13":13,"14":1,"15":9,"16":4,"17":10,"18":8,"19":6,"1":4,"2":7,"3":4,"4":9,"5":6,"6":10,"7":7,"8":11,"9":2,"20":7,"21":6},"Agents":[null,{"utility":84,"ID":1},{"utility":89,"ID":2},{"utility":96,"ID":3},{"utility":95,"ID":4},{"utility":87,"ID":5},{"utility":82,"ID":6},{"utility":95,"ID":7},{"utility":87,"ID":8},{"utility":76,"ID":9},{"utility":95,"ID":10},{"utility":0,"ID":11},{"utility":62,"ID":12},{"utility":39,"ID":13},{"utility":0,"ID":14},{"utility":99,"ID":15},{"utility":65,"ID":16},{"utility":90,"ID":17},{"utility":99,"ID":18},{"utility":76,"ID":19},{"utility":96,"ID":20},{"utility":72,"ID":21},{"utility":57,"ID":22},{"utility":52.666666666666664,"ID":23},{"utility":31.333333333333332,"ID":24},{"utility":93,"ID":25},{"utility":44.333333333333336,"ID":26},{"utility":94,"ID":27},{"utility":88,"ID":28},{"utility":83,"ID":29},{"utility":94,"ID":30}],"LAST COALITION":[[],[{"utility":76,"ID":9},{"utility":94,"ID":30}],[{"utility":89,"ID":2},{"utility":96,"ID":20}],[{"utility":57,"ID":22},{"utility":52.666666666666664,"ID":23},{"utility":31.333333333333332,"ID":24},{"utility":44.333333333333336,"ID":26}],[{"utility":65,"ID":16},{"utility":90,"ID":17}],[{"utility":87,"ID":8},{"utility":83,"ID":29}],[{"utility":87,"ID":5},{"utility":99,"ID":18}],[{"utility":0,"ID":14}],[{"utility":95,"ID":4},{"utility":62,"ID":12}],[{"utility":0,"ID":11}],[{"utility":84,"ID":1},{"utility":88,"ID":28}],[{"utility":39,"ID":13},{"utility":99,"ID":15}],[],[],[{"utility":95,"ID":7},{"utility":72,"ID":21}],[{"utility":96,"ID":3},{"utility":94,"ID":27}],[{"utility":76,"ID":19},{"utility":93,"ID":25}],[{"utility":82,"ID":6},{"utility":95,"ID":10}],[],[],[],[],[],[],[],[],[],[],[],[],[]],"STARTING COALITION: ":[[null],[{"utility":0,"ID":14}],[{"utility":9,"ID":9},{"utility":92,"ID":23}],[],[{"utility":32.666666666666664,"ID":1},{"utility":35,"ID":3},{"utility":69,"ID":16},{"utility":62.333333333333336,"ID":29}],[{"utility":0,"ID":27}],[{"utility":69,"ID":5},{"utility":68.33333333333333,"ID":10},{"utility":33.666666666666664,"ID":19},{"utility":39.666666666666664,"ID":21}],[{"utility":93,"ID":2},{"utility":22,"ID":7},{"utility":77.5,"ID":20}],[{"utility":0,"ID":18}],[{"utility":61.333333333333336,"ID":4},{"utility":73.66666666666667,"ID":15},{"utility":52.666666666666664,"ID":24},{"utility":72.66666666666667,"ID":30}],[{"utility":9,"ID":6},{"utility":91,"ID":17}],[{"utility":84,"ID":8},{"utility":10,"ID":25}],[{"utility":0,"ID":11}],[{"utility":39,"ID":13},{"utility":93.5,"ID":22},{"utility":67.5,"ID":28}],[{"utility":0,"ID":26}],[{"utility":0,"ID":12}],[],[],[],[],[],[],[],[],[],[],[],[],[],[],[]],"CORE :":false,"LAST PARTITION":{"22":3,"23":3,"24":3,"25":16,"26":3,"27":15,"28":10,"29":5,"30":1,"10":17,"11":9,"12":8,"13":11,"14":7,"15":11,"16":4,"17":4,"18":6,"19":16,"1":10,"2":2,"3":15,"4":8,"5":6,"6":17,"7":14,"8":5,"9":1,"20":2,"21":14}},{"STARTING PARTITION: ":{"22":1,"23":8,"24":7,"25":2,"26":9,"27":12,"28":7,"29":3,"30":7,"10":8,"11":13,"12":6,"13":2,"14":12,"15":4,"16":10,"17":15,"18":2,"19":14,"1":8,"2":9,"3":5,"4":6,"5":1,"6":11,"7":7,"8":9,"9":14,"20":5,"21":2},"Agents":[null,{"utility":86,"ID":1},{"utility":89,"ID":2},{"utility":54.333333333333336,"ID":3},{"utility":88,"ID":4},{"utility":89,"ID":5},{"utility":35,"ID":6},{"utility":41,"ID":7},{"utility":91,"ID":8},{"utility":92,"ID":9},{"utility":0,"ID":10},{"utility":73.33333333333333,"ID":11},{"utility":75,"ID":12},{"utility":98,"ID":13},{"utility":87,"ID":14},{"utility":95,"ID":15},{"utility":70,"ID":16},{"utility":53,"ID":17},{"utility":58,"ID":18},{"utility":77,"ID":19},{"utility":96,"ID":20},{"utility":80,"ID":21},{"utility":3,"ID":22},{"utility":24,"ID":23},{"utility":58,"ID":24},{"utility":57,"ID":25},{"utility":66.66666666666667,"ID":26},{"utility":96,"ID":27},{"utility":96,"ID":28},{"utility":79,"ID":29},{"utility":0,"ID":30}],"LAST COALITION":[[],[{"utility":53,"ID":17},{"utility":57,"ID":25}],[{"utility":88,"ID":4},{"utility":87,"ID":14}],[{"utility":92,"ID":9},{"utility":58,"ID":24}],[],[{"utility":0,"ID":30}],[{"utility":86,"ID":1},{"utility":95,"ID":15}],[{"utility":77,"ID":19},{"utility":79,"ID":29}],[{"utility":89,"ID":5},{"utility":24,"ID":23}],[],[{"utility":0,"ID":10}],[{"utility":91,"ID":8},{"utility":75,"ID":12}],[{"utility":89,"ID":2},{"utility":96,"ID":20}],[{"utility":35,"ID":6},{"utility":98,"ID":13}],[{"utility":54.333333333333336,"ID":3},{"utility":73.33333333333333,"ID":11},{"utility":58,"ID":18},{"utility":66.66666666666667,"ID":26}],[{"utility":41,"ID":7},{"utility":3,"ID":22}],[{"utility":96,"ID":27},{"utility":96,"ID":28}],[],[{"utility":70,"ID":16},{"utility":80,"ID":21}],[],[],[],[],[],[],[],[],[],[],[],[]],"STARTING COALITION: ":[[null],[{"utility":41,"ID":5},{"utility":81,"ID":22}],[{"utility":63,"ID":13},{"utility":39,"ID":18},{"utility":32.333333333333336,"ID":21},{"utility":57,"ID":25}],[{"utility":0,"ID":29}],[{"utility":0,"ID":15}],[{"utility":66,"ID":3},{"utility":4,"ID":20}],[{"utility":95,"ID":4},{"utility":62,"ID":12}],[{"utility":43.333333333333336,"ID":7},{"utility":43.666666666666664,"ID":24},{"utility":55.666666666666664,"ID":28},{"utility":65.33333333333333,"ID":30}],[{"utility":71,"ID":1},{"utility":42,"ID":10},{"utility":54.5,"ID":23}],[{"utility":72,"ID":2},{"utility":45.5,"ID":8},{"utility":70.5,"ID":26}],[{"utility":0,"ID":16}],[{"utility":0,"ID":6}],[{"utility":20,"ID":14},{"utility":57,"ID":27}],[{"utility":0,"ID":11}],[{"utility":41,"ID":9},{"utility":80,"ID":19}],[{"utility":0,"ID":17}],[],[],[],[],[],[],[],[],[],[],[],[],[],[],[]],"CORE :":false,"LAST PARTITION":{"22":15,"23":8,"24":3,"25":1,"26":14,"27":16,"28":16,"29":7,"30":5,"10":10,"11":14,"12":11,"13":13,"14":2,"15":6,"16":18,"17":1,"18":14,"19":7,"1":6,"2":12,"3":14,"4":2,"5":8,"6":13,"7":15,"8":11,"9":3,"20":12,"21":18}},{"END OF FILE:" : true}]