[{"STARTING PARTITION: ":{"11":6,"12":7,"13":5,"14":4,"15":2,"16":9,"17":3,"18":4,"19":2,"1":7,"2":6,"3":3,"4":7,"5":4,"6":10,"7":4,"8":3,"9":1,"20":5,"10":1},"Agents":[null,{"utility":89,"ID":1},{"utility":99,"ID":2},{"utility":92,"ID":3},{"utility":80,"ID":4},{"utility":39,"ID":5},{"utility":82,"ID":6},{"utility":94,"ID":7},{"utility":92,"ID":8},{"utility":63,"ID":9},{"utility":69,"ID":10},{"utility":70,"ID":11},{"utility":94,"ID":12},{"utility":81,"ID":13},{"utility":99,"ID":14},{"utility":90,"ID":15},{"utility":88,"ID":16},{"utility":62,"ID":17},{"utility":86,"ID":18},{"utility":95,"ID":19},{"utility":47,"ID":20}],"LAST COALITION":[[],[{"utility":62,"ID":17},{"utility":86,"ID":18}],[],[{"utility":39,"ID":5},{"utility":47,"ID":20}],[{"utility":99,"ID":14},{"utility":88,"ID":16}],[{"utility":63,"ID":9},{"utility":95,"ID":19}],[{"utility":94,"ID":7},{"utility":90,"ID":15}],[],[{"utility":69,"ID":10},{"utility":81,"ID":13}],[{"utility":92,"ID":8},{"utility":70,"ID":11}],[],[{"utility":99,"ID":2},{"utility":80,"ID":4}],[{"utility":92,"ID":3},{"utility":82,"ID":6}],[{"utility":89,"ID":1},{"utility":94,"ID":12}],[],[],[],[],[],[],[]],"STARTING COALITION: ":[[null],[{"utility":56,"ID":9},{"utility":90,"ID":10}],[{"utility":13,"ID":15},{"utility":65,"ID":19}],[{"utility":71,"ID":3},{"utility":72,"ID":8},{"utility":69.5,"ID":17}],[{"utility":54.666666666666664,"ID":5},{"utility":46,"ID":7},{"utility":63,"ID":14},{"utility":52.333333333333336,"ID":18}],[{"utility":97,"ID":13},{"utility":37,"ID":20}],[{"utility":81,"ID":2},{"utility":14,"ID":11}],[{"utility":69.5,"ID":1},{"utility":28.5,"ID":4},{"utility":78.5,"ID":12}],[],[{"utility":0,"ID":16}],[{"utility":0,"ID":6}],[],[],[],[],[],[],[],[],[],[]],"CORE :":true,"LAST PARTITION":{"11":9,"12":13,"13":8,"14":4,"15":6,"16":4,"17":1,"18":1,"19":5,"1":13,"2":11,"3":12,"4":11,"5":3,"6":12,"7":6,"8":9,"9":5,"20":3,"10":8}},{"STARTING PARTITION: ":{"11":10,"12":7,"13":3,"14":7,"15":5,"16":5,"17":6,"18":2,"19":3,"1":1,"2":9,"3":9,"4":8,"5":1,"6":4,"7":4,"8":3,"9":10,"20":7,"10":2},"Agents":[null,{"utility":89,"ID":1},{"utility":99,"ID":2},{"utility":92,"ID":3},{"utility":80,"ID":4},{"utility":39,"ID":5},{"utility":82,"ID":6},{"utility":94,"ID":7},{"utility":92,"ID":8},{"utility":63,"ID":9},{"utility":69,"ID":10},{"utility":70,"ID":11},{"utility":94,"ID":12},{"utility":81,"ID":13},{"utility":99,"ID":14},{"utility":90,"ID":15},{"utility":88,"ID":16},{"utility":62,"ID":17},{"utility":86,"ID":18},{"utility":95,"ID":19},{"utility":47,"ID":20}],"LAST COALITION":[[],[{"utility":89,"ID":1},{"utility":94,"ID":12}],[{"utility":99,"ID":2},{"utility":80,"ID":4}],[{"utility":92,"ID":8},{"utility":70,"ID":11}],[],[{"utility":63,"ID":9},{"utility":95,"ID":19}],[{"utility":69,"ID":10},{"utility":81,"ID":13}],[{"utility":94,"ID":7},{"utility":90,"ID":15}],[{"utility":39,"ID":5},{"utility":47,"ID":20}],[{"utility":92,"ID":3},{"utility":82,"ID":6}],[],[],[{"utility":62,"ID":17},{"utility":86,"ID":18}],[],[{"utility":99,"ID":14},{"utility":88,"ID":16}],[],[],[],[],[],[]],"STARTING COALITION: ":[[null],[{"utility":12,"ID":1},{"utility":37,"ID":5}],[{"utility":59,"ID":10},{"utility":17,"ID":18}],[{"utility":65,"ID":8},{"utility":19,"ID":13},{"utility":36,"ID":19}],[{"utility":72,"ID":6},{"utility":43,"ID":7}],[{"utility":28,"ID":15},{"utility":29,"ID":16}],[{"utility":0,"ID":17}],[{"utility":47,"ID":12},{"utility":51,"ID":14},{"utility":20.5,"ID":20}],[{"utility":0,"ID":4}],[{"utility":19,"ID":2},{"utility":14,"ID":3}],[{"utility":11,"ID":9},{"utility":94,"ID":11}],[],[],[],[],[],[],[],[],[],[]],"CORE :":true,"LAST PARTITION":{"11":3,"12":1,"13":6,"14":14,"15":7,"16":14,"17":12,"18":12,"19":5,"1":1,"2":2,"3":9,"4":2,"5":8,"6":9,"7":7,"8":3,"9":5,"20":8,"10":6}},{"STARTING PARTITION: ":{"11":10,"12":4,"13":10,"14":9,"15":1,"16":5,"17":10,"18":1,"19":7,"1":4,"2":9,"3":4,"4":2,"5":1,"6":7,"7":9,"8":7,"9":8,"20":4,"10":3},"Agents":[null,{"utility":89,"ID":1},{"utility":99,"ID":2},{"utility":92,"ID":3},{"utility":80,"ID":4},{"utility":39,"ID":5},{"utility":82,"ID":6},{"utility":94,"ID":7},{"utility":92,"ID":8},{"utility":63,"ID":9},{"utility":69,"ID":10},{"utility":70,"ID":11},{"utility":94,"ID":12},{"utility":81,"ID":13},{"utility":99,"ID":14},{"utility":90,"ID":15},{"utility":88,"ID":16},{"utility":62,"ID":17},{"utility":86,"ID":18},{"utility":95,"ID":19},{"utility":47,"ID":20}],"LAST COALITION":[[],[{"utility":92,"ID":8},{"utility":70,"ID":11}],[],[{"utility":94,"ID":7},{"utility":90,"ID":15}],[{"utility":89,"ID":1},{"utility":94,"ID":12}],[],[{"utility":99,"ID":2},{"utility":80,"ID":4}],[{"utility":62,"ID":17},{"utility":86,"ID":18}],[{"utility":39,"ID":5},{"utility":47,"ID":20}],[{"utility":99,"ID":14},{"utility":88,"ID":16}],[{"utility":92,"ID":3},{"utility":82,"ID":6}],[],[{"utility":69,"ID":10},{"utility":81,"ID":13}],[{"utility":63,"ID":9},{"utility":95,"ID":19}],[],[],[],[],[],[],[]],"STARTING COALITION: ":[[null],[{"utility":45.5,"ID":5},{"utility":58.5,"ID":15},{"utility":53,"ID":18}],[{"utility":0,"ID":4}],[{"utility":0,"ID":10}],[{"utility":57.666666666666664,"ID":1},{"utility":84.33333333333333,"ID":3},{"utility":70.66666666666667,"ID":12},{"utility":64,"ID":20}],[{"utility":0,"ID":16}],[],[{"utility":16,"ID":6},{"utility":69.5,"ID":8},{"utility":53.5,"ID":19}],[{"utility":0,"ID":9}],[{"utility":60.5,"ID":2},{"utility":29.5,"ID":7},{"utility":16.5,"ID":14}],[{"utility":73,"ID":11},{"utility":10,"ID":13},{"utility":21.5,"ID":17}],[],[],[],[],[],[],[],[],[],[]],"CORE :":true,"LAST PARTITION":{"11":1,"12":4,"13":12,"14":9,"15":3,"16":9,"17":7,"18":7,"19":13,"1":4,"2":6,"3":10,"4":6,"5":8,"6":10,"7":3,"8":1,"9":13,"20":8,"10":12}},{"STARTING PARTITION: ":{"11":7,"12":5,"13":3,"14":6,"15":6,"16":10,"17":2,"18":1,"19":2,"1":9,"2":1,"3":3,"4":6,"5":7,"6":10,"7":2,"8":10,"9":4,"20":5,"10":9},"Agents":[null,{"utility":89,"ID":1},{"utility":99,"ID":2},{"utility":92,"ID":3},{"utility":80,"ID":4},{"utility":39,"ID":5},{"utility":82,"ID":6},{"utility":94,"ID":7},{"utility":92,"ID":8},{"utility":63,"ID":9},{"utility":69,"ID":10},{"utility":70,"ID":11},{"utility":94,"ID":12},{"utility":81,"ID":13},{"utility":99,"ID":14},{"utility":90,"ID":15},{"utility":88,"ID":16},{"utility":62,"ID":17},{"utility":86,"ID":18},{"utility":95,"ID":19},{"utility":47,"ID":20}],"LAST COALITION":[[],[{"utility":92,"ID":8},{"utility":70,"ID":11}],[{"utility":62,"ID":17},{"utility":86,"ID":18}],[{"utility":89,"ID":1},{"utility":94,"ID":12}],[{"utility":69,"ID":10},{"utility":81,"ID":13}],[{"utility":99,"ID":14},{"utility":88,"ID":16}],[],[],[{"utility":94,"ID":7},{"utility":90,"ID":15}],[{"utility":99,"ID":2},{"utility":80,"ID":4}],[{"utility":92,"ID":3},{"utility":82,"ID":6}],[{"utility":63,"ID":9},{"utility":95,"ID":19}],[],[{"utility":39,"ID":5},{"utility":47,"ID":20}],[],[],[],[],[],[],[]],"STARTING COALITION: ":[[null],[{"utility":95,"ID":2},{"utility":16,"ID":18}],[{"utility":80,"ID":7},{"utility":52,"ID":17},{"utility":56.5,"ID":19}],[{"utility":92,"ID":3},{"utility":10,"ID":13}],[{"utility":0,"ID":9}],[{"utility":53,"ID":12},{"utility":40,"ID":20}],[{"utility":44.5,"ID":4},{"utility":35,"ID":14},{"utility":72,"ID":15}],[{"utility":6,"ID":5},{"utility":60,"ID":11}],[],[{"utility":7,"ID":1},{"utility":61,"ID":10}],[{"utility":21.5,"ID":6},{"utility":56.5,"ID":8},{"utility":42,"ID":16}],[],[],[],[],[],[],[],[],[],[]],"CORE :":true,"LAST PARTITION":{"11":1,"12":3,"13":4,"14":5,"15":8,"16":5,"17":2,"18":2,"19":11,"1":3,"2":9,"3":10,"4":9,"5":13,"6":10,"7":8,"8":1,"9":11,"20":13,"10":4}},{"STARTING PARTITION: ":{"11":6,"12":6,"13":3,"14":9,"15":6,"16":5,"17":7,"18":7,"19":10,"1":3,"2":6,"3":7,"4":5,"5":7,"6":2,"7":8,"8":6,"9":8,"20":8,"10":2},"Agents":[null,{"utility":89,"ID":1},{"utility":99,"ID":2},{"utility":92,"ID":3},{"utility":80,"ID":4},{"utility":39,"ID":5},{"utility":82,"ID":6},{"utility":94,"ID":7},{"utility":92,"ID":8},{"utility":63,"ID":9},{"utility":69,"ID":10},{"utility":70,"ID":11},{"utility":94,"ID":12},{"utility":81,"ID":13},{"utility":99,"ID":14},{"utility":90,"ID":15},{"utility":88,"ID":16},{"utility":62,"ID":17},{"utility":86,"ID":18},{"utility":95,"ID":19},{"utility":47,"ID":20}],"LAST COALITION":[[],[{"utility":92,"ID":3},{"utility":82,"ID":6}],[],[{"utility":92,"ID":8},{"utility":70,"ID":11}],[{"utility":99,"ID":14},{"utility":88,"ID":16}],[{"utility":94,"ID":7},{"utility":90,"ID":15}],[{"utility":63,"ID":9},{"utility":95,"ID":19}],[],[{"utility":69,"ID":10},{"utility":81,"ID":13}],[{"utility":39,"ID":5},{"utility":47,"ID":20}],[{"utility":99,"ID":2},{"utility":80,"ID":4}],[{"utility":89,"ID":1},{"utility":94,"ID":12}],[{"utility":62,"ID":17},{"utility":86,"ID":18}],[],[],[],[],[],[],[],[]],"STARTING COALITION: ":[[null],[],[{"utility":91,"ID":6},{"utility":30,"ID":10}],[{"utility":14,"ID":1},{"utility":61,"ID":13}],[],[{"utility":51,"ID":4},{"utility":11,"ID":16}],[{"utility":50.75,"ID":2},{"utility":59.5,"ID":8},{"utility":40.5,"ID":11},{"utility":56,"ID":12},{"utility":67.75,"ID":15}],[{"utility":53.666666666666664,"ID":3},{"utility":53.666666666666664,"ID":5},{"utility":46,"ID":17},{"utility":48,"ID":18}],[{"utility":66,"ID":7},{"utility":38,"ID":9},{"utility":12,"ID":20}],[{"utility":0,"ID":14}],[{"utility":0,"ID":19}],[],[],[],[],[],[],[],[],[],[]],"CORE :":true,"LAST PARTITION":{"11":3,"12":11,"13":8,"14":4,"15":5,"16":4,"17":12,"18":12,"19":6,"1":11,"2":10,"3":1,"4":10,"5":9,"6":1,"7":5,"8":3,"9":6,"20":9,"10":8}},{"END OF FILE:" : true}]