[{"STARTING PARTITION: ":{"11":10,"12":9,"13":3,"14":5,"15":9,"16":1,"17":6,"18":6,"19":8,"1":3,"2":2,"3":3,"4":8,"5":3,"6":5,"7":7,"8":3,"9":7,"20":9,"10":4},"Agents":[null,{"utility":27,"ID":1},{"utility":79,"ID":2},{"utility":94,"ID":3},{"utility":84,"ID":4},{"utility":86,"ID":5},{"utility":85,"ID":6},{"utility":92,"ID":7},{"utility":99,"ID":8},{"utility":94,"ID":9},{"utility":38,"ID":10},{"utility":76,"ID":11},{"utility":84,"ID":12},{"utility":98,"ID":13},{"utility":80,"ID":14},{"utility":62,"ID":15},{"utility":97,"ID":16},{"utility":67,"ID":17},{"utility":83,"ID":18},{"utility":76,"ID":19},{"utility":73,"ID":20}],"LAST COALITION":[[],[{"utility":85,"ID":6},{"utility":92,"ID":7}],[{"utility":97,"ID":16},{"utility":83,"ID":18}],[{"utility":79,"ID":2},{"utility":84,"ID":4}],[{"utility":99,"ID":8},{"utility":84,"ID":12}],[{"utility":76,"ID":11},{"utility":98,"ID":13}],[],[],[{"utility":38,"ID":10},{"utility":76,"ID":19}],[{"utility":80,"ID":14},{"utility":62,"ID":15}],[{"utility":94,"ID":3},{"utility":94,"ID":9}],[{"utility":27,"ID":1},{"utility":73,"ID":20}],[{"utility":86,"ID":5},{"utility":67,"ID":17}],[],[],[],[],[],[],[],[]],"STARTING COALITION: ":[[null],[{"utility":0,"ID":16}],[{"utility":0,"ID":2}],[{"utility":53,"ID":1},{"utility":51.5,"ID":3},{"utility":28.25,"ID":5},{"utility":57.5,"ID":8},{"utility":38.5,"ID":13}],[{"utility":0,"ID":10}],[{"utility":70,"ID":6},{"utility":69,"ID":14}],[{"utility":80,"ID":17},{"utility":21,"ID":18}],[{"utility":66,"ID":7},{"utility":64,"ID":9}],[{"utility":82,"ID":4},{"utility":64,"ID":19}],[{"utility":53.5,"ID":12},{"utility":34.5,"ID":15},{"utility":69.5,"ID":20}],[{"utility":0,"ID":11}],[],[],[],[],[],[],[],[],[],[]],"CORE :":true,"LAST PARTITION":{"11":5,"12":4,"13":5,"14":9,"15":9,"16":2,"17":12,"18":2,"19":8,"1":11,"2":3,"3":10,"4":3,"5":12,"6":1,"7":1,"8":4,"9":10,"20":11,"10":8}},{"STARTING PARTITION: ":{"11":5,"12":4,"13":2,"14":2,"15":1,"16":5,"17":8,"18":5,"19":1,"1":2,"2":4,"3":8,"4":9,"5":10,"6":9,"7":4,"8":7,"9":2,"20":7,"10":10},"Agents":[null,{"utility":27,"ID":1},{"utility":79,"ID":2},{"utility":94,"ID":3},{"utility":84,"ID":4},{"utility":86,"ID":5},{"utility":85,"ID":6},{"utility":92,"ID":7},{"utility":99,"ID":8},{"utility":94,"ID":9},{"utility":38,"ID":10},{"utility":76,"ID":11},{"utility":84,"ID":12},{"utility":98,"ID":13},{"utility":80,"ID":14},{"utility":62,"ID":15},{"utility":97,"ID":16},{"utility":67,"ID":17},{"utility":83,"ID":18},{"utility":76,"ID":19},{"utility":73,"ID":20}],"LAST COALITION":[[],[{"utility":79,"ID":2},{"utility":84,"ID":4}],[{"utility":76,"ID":11},{"utility":98,"ID":13}],[{"utility":38,"ID":10},{"utility":76,"ID":19}],[{"utility":27,"ID":1},{"utility":73,"ID":20}],[{"utility":80,"ID":14},{"utility":62,"ID":15}],[{"utility":94,"ID":3},{"utility":94,"ID":9}],[{"utility":85,"ID":6},{"utility":92,"ID":7}],[{"utility":99,"ID":8},{"utility":84,"ID":12}],[],[{"utility":86,"ID":5},{"utility":67,"ID":17}],[],[],[{"utility":97,"ID":16},{"utility":83,"ID":18}],[],[],[],[],[],[],[]],"STARTING COALITION: ":[[null],[{"utility":47,"ID":15},{"utility":50,"ID":19}],[{"utility":42.333333333333336,"ID":1},{"utility":66.66666666666667,"ID":9},{"utility":37.666666666666664,"ID":13},{"utility":9.666666666666666,"ID":14}],[],[{"utility":62,"ID":2},{"utility":74.5,"ID":7},{"utility":28.5,"ID":12}],[{"utility":67.5,"ID":11},{"utility":74.5,"ID":16},{"utility":44.5,"ID":18}],[],[{"utility":76,"ID":8},{"utility":5,"ID":20}],[{"utility":33,"ID":3},{"utility":7,"ID":17}],[{"utility":64,"ID":4},{"utility":76,"ID":6}],[{"utility":84,"ID":5},{"utility":17,"ID":10}],[],[],[],[],[],[],[],[],[],[]],"CORE :":true,"LAST PARTITION":{"11":2,"12":8,"13":2,"14":5,"15":5,"16":13,"17":10,"18":13,"19":3,"1":4,"2":1,"3":6,"4":1,"5":10,"6":7,"7":7,"8":8,"9":6,"20":4,"10":3}},{"STARTING PARTITION: ":{"11":10,"12":6,"13":10,"14":8,"15":9,"16":9,"17":1,"18":2,"19":8,"1":1,"2":9,"3":4,"4":2,"5":9,"6":7,"7":3,"8":7,"9":10,"20":5,"10":7},"Agents":[null,{"utility":27,"ID":1},{"utility":79,"ID":2},{"utility":94,"ID":3},{"utility":84,"ID":4},{"utility":86,"ID":5},{"utility":85,"ID":6},{"utility":92,"ID":7},{"utility":99,"ID":8},{"utility":94,"ID":9},{"utility":38,"ID":10},{"utility":76,"ID":11},{"utility":84,"ID":12},{"utility":98,"ID":13},{"utility":80,"ID":14},{"utility":62,"ID":15},{"utility":97,"ID":16},{"utility":67,"ID":17},{"utility":83,"ID":18},{"utility":76,"ID":19},{"utility":73,"ID":20}],"LAST COALITION":[[],[{"utility":94,"ID":3},{"utility":94,"ID":9}],[{"utility":99,"ID":8},{"utility":84,"ID":12}],[{"utility":76,"ID":11},{"utility":98,"ID":13}],[],[],[{"utility":80,"ID":14},{"utility":62,"ID":15}],[{"utility":27,"ID":1},{"utility":73,"ID":20}],[{"utility":97,"ID":16},{"utility":83,"ID":18}],[{"utility":38,"ID":10},{"utility":76,"ID":19}],[{"utility":85,"ID":6},{"utility":92,"ID":7}],[{"utility":86,"ID":5},{"utility":67,"ID":17}],[{"utility":79,"ID":2},{"utility":84,"ID":4}],[],[],[],[],[],[],[],[]],"STARTING COALITION: ":[[null],[{"utility":62,"ID":1},{"utility":49,"ID":17}],[{"utility":98,"ID":4},{"utility":80,"ID":18}],[{"utility":0,"ID":7}],[{"utility":0,"ID":3}],[{"utility":0,"ID":20}],[{"utility":0,"ID":12}],[{"utility":37,"ID":6},{"utility":7,"ID":8},{"utility":72.5,"ID":10}],[{"utility":59,"ID":14},{"utility":32,"ID":19}],[{"utility":32,"ID":2},{"utility":68,"ID":5},{"utility":32.333333333333336,"ID":15},{"utility":55,"ID":16}],[{"utility":53.5,"ID":9},{"utility":73,"ID":11},{"utility":61,"ID":13}],[],[],[],[],[],[],[],[],[],[]],"CORE :":true,"LAST PARTITION":{"11":3,"12":2,"13":3,"14":6,"15":6,"16":8,"17":11,"18":8,"19":9,"1":7,"2":12,"3":1,"4":12,"5":11,"6":10,"7":10,"8":2,"9":1,"20":7,"10":9}},{"STARTING PARTITION: ":{"11":2,"12":8,"13":10,"14":7,"15":3,"16":2,"17":8,"18":4,"19":5,"1":8,"2":7,"3":9,"4":5,"5":10,"6":8,"7":10,"8":7,"9":10,"20":3,"10":8},"Agents":[null,{"utility":27,"ID":1},{"utility":79,"ID":2},{"utility":94,"ID":3},{"utility":84,"ID":4},{"utility":86,"ID":5},{"utility":85,"ID":6},{"utility":92,"ID":7},{"utility":99,"ID":8},{"utility":94,"ID":9},{"utility":38,"ID":10},{"utility":76,"ID":11},{"utility":84,"ID":12},{"utility":98,"ID":13},{"utility":80,"ID":14},{"utility":62,"ID":15},{"utility":97,"ID":16},{"utility":67,"ID":17},{"utility":83,"ID":18},{"utility":76,"ID":19},{"utility":73,"ID":20}],"LAST COALITION":[[],[{"utility":80,"ID":14},{"utility":62,"ID":15}],[{"utility":99,"ID":8},{"utility":84,"ID":12}],[{"utility":79,"ID":2},{"utility":84,"ID":4}],[],[],[{"utility":86,"ID":5},{"utility":67,"ID":17}],[{"utility":94,"ID":3},{"utility":94,"ID":9}],[{"utility":27,"ID":1},{"utility":73,"ID":20}],[{"utility":76,"ID":11},{"utility":98,"ID":13}],[{"utility":85,"ID":6},{"utility":92,"ID":7}],[{"utility":97,"ID":16},{"utility":83,"ID":18}],[{"utility":38,"ID":10},{"utility":76,"ID":19}],[],[],[],[],[],[],[],[]],"STARTING COALITION: ":[[null],[],[{"utility":80,"ID":11},{"utility":52,"ID":16}],[{"utility":15,"ID":15},{"utility":43,"ID":20}],[{"utility":0,"ID":18}],[{"utility":82,"ID":4},{"utility":64,"ID":19}],[],[{"utility":34,"ID":2},{"utility":36,"ID":8},{"utility":72.5,"ID":14}],[{"utility":32.75,"ID":1},{"utility":60.75,"ID":6},{"utility":47.25,"ID":10},{"utility":44.5,"ID":12},{"utility":48.75,"ID":17}],[{"utility":0,"ID":3}],[{"utility":47.333333333333336,"ID":5},{"utility":37.333333333333336,"ID":7},{"utility":46.333333333333336,"ID":9},{"utility":33.333333333333336,"ID":13}],[],[],[],[],[],[],[],[],[],[]],"CORE :":true,"LAST PARTITION":{"11":9,"12":2,"13":9,"14":1,"15":1,"16":11,"17":6,"18":11,"19":12,"1":8,"2":3,"3":7,"4":3,"5":6,"6":10,"7":10,"8":2,"9":7,"20":8,"10":12}},{"STARTING PARTITION: ":{"11":8,"12":7,"13":10,"14":9,"15":9,"16":6,"17":10,"18":8,"19":5,"1":10,"2":1,"3":8,"4":5,"5":1,"6":2,"7":2,"8":3,"9":8,"20":3,"10":1},"Agents":[null,{"utility":27,"ID":1},{"utility":79,"ID":2},{"utility":94,"ID":3},{"utility":84,"ID":4},{"utility":86,"ID":5},{"utility":85,"ID":6},{"utility":92,"ID":7},{"utility":99,"ID":8},{"utility":94,"ID":9},{"utility":38,"ID":10},{"utility":76,"ID":11},{"utility":84,"ID":12},{"utility":98,"ID":13},{"utility":80,"ID":14},{"utility":62,"ID":15},{"utility":97,"ID":16},{"utility":67,"ID":17},{"utility":83,"ID":18},{"utility":76,"ID":19},{"utility":73,"ID":20}],"LAST COALITION":[[],[{"utility":27,"ID":1},{"utility":73,"ID":20}],[{"utility":85,"ID":6},{"utility":92,"ID":7}],[],[{"utility":76,"ID":11},{"utility":98,"ID":13}],[{"utility":94,"ID":3},{"utility":94,"ID":9}],[{"utility":80,"ID":14},{"utility":62,"ID":15}],[{"utility":99,"ID":8},{"utility":84,"ID":12}],[],[{"utility":97,"ID":16},{"utility":83,"ID":18}],[],[{"utility":79,"ID":2},{"utility":84,"ID":4}],[{"utility":86,"ID":5},{"utility":67,"ID":17}],[{"utility":38,"ID":10},{"utility":76,"ID":19}],[],[],[],[],[],[],[]],"STARTING COALITION: ":[[null],[{"utility":38.5,"ID":2},{"utility":88.5,"ID":5},{"utility":23,"ID":10}],[{"utility":85,"ID":6},{"utility":92,"ID":7}],[{"utility":76,"ID":8},{"utility":5,"ID":20}],[],[{"utility":82,"ID":4},{"utility":64,"ID":19}],[{"utility":0,"ID":16}],[{"utility":0,"ID":12}],[{"utility":64,"ID":3},{"utility":67.66666666666667,"ID":9},{"utility":51,"ID":11},{"utility":6.333333333333333,"ID":18}],[{"utility":80,"ID":14},{"utility":62,"ID":15}],[{"utility":57.5,"ID":1},{"utility":62.5,"ID":13},{"utility":52,"ID":17}],[],[],[],[],[],[],[],[],[],[]],"CORE :":true,"LAST PARTITION":{"11":4,"12":7,"13":4,"14":6,"15":6,"16":9,"17":12,"18":9,"19":13,"1":1,"2":11,"3":5,"4":11,"5":12,"6":2,"7":2,"8":7,"9":5,"20":1,"10":13}},{"END OF FILE:" : true}]