[{"STARTING PARTITION: ":{"11":6,"12":4,"13":1,"14":8,"15":10,"16":5,"17":5,"18":3,"19":3,"1":1,"2":2,"3":5,"4":9,"5":7,"6":5,"7":4,"8":10,"9":3,"20":5,"10":1},"Agents":[null,{"utility":67,"ID":1},{"utility":99,"ID":2},{"utility":96,"ID":3},{"utility":91,"ID":4},{"utility":77,"ID":5},{"utility":54,"ID":6},{"utility":37,"ID":7},{"utility":0,"ID":8},{"utility":65,"ID":9},{"utility":56.666666666666664,"ID":10},{"utility":99,"ID":11},{"utility":98,"ID":12},{"utility":41.666666666666664,"ID":13},{"utility":45,"ID":14},{"utility":0,"ID":15},{"utility":83,"ID":16},{"utility":91,"ID":17},{"utility":56,"ID":18},{"utility":29,"ID":19},{"utility":83,"ID":20}],"LAST COALITION":[[],[{"utility":96,"ID":3},{"utility":77,"ID":5}],[{"utility":45,"ID":14},{"utility":29,"ID":19}],[{"utility":65,"ID":9},{"utility":91,"ID":17}],[],[],[],[],[{"utility":99,"ID":2},{"utility":99,"ID":11}],[],[{"utility":67,"ID":1},{"utility":83,"ID":16}],[{"utility":98,"ID":12},{"utility":83,"ID":20}],[{"utility":91,"ID":4},{"utility":54,"ID":6}],[{"utility":0,"ID":8}],[{"utility":0,"ID":15}],[{"utility":37,"ID":7},{"utility":56.666666666666664,"ID":10},{"utility":41.666666666666664,"ID":13},{"utility":56,"ID":18}],[],[],[],[],[]],"STARTING COALITION: ":[[null],[{"utility":37.5,"ID":1},{"utility":51,"ID":10},{"utility":38,"ID":13}],[{"utility":0,"ID":2}],[{"utility":19,"ID":9},{"utility":51.5,"ID":18},{"utility":45,"ID":19}],[{"utility":99,"ID":7},{"utility":92,"ID":12}],[{"utility":53.5,"ID":3},{"utility":38.25,"ID":6},{"utility":31,"ID":16},{"utility":10.25,"ID":17},{"utility":43.25,"ID":20}],[{"utility":0,"ID":11}],[{"utility":0,"ID":5}],[{"utility":0,"ID":14}],[{"utility":0,"ID":4}],[{"utility":2,"ID":8},{"utility":79,"ID":15}],[],[],[],[],[],[],[],[],[],[]],"CORE :":false,"LAST PARTITION":{"11":8,"12":11,"13":15,"14":2,"15":14,"16":10,"17":3,"18":15,"19":2,"1":10,"2":8,"3":1,"4":12,"5":1,"6":12,"7":15,"8":13,"9":3,"20":11,"10":15}},{"STARTING PARTITION: ":{"11":2,"12":7,"13":9,"14":4,"15":9,"16":3,"17":5,"18":7,"19":2,"1":5,"2":7,"3":5,"4":6,"5":2,"6":5,"7":10,"8":7,"9":4,"20":8,"10":7},"Agents":[null,{"utility":67,"ID":1},{"utility":99,"ID":2},{"utility":96,"ID":3},{"utility":86,"ID":4},{"utility":77,"ID":5},{"utility":60,"ID":6},{"utility":54,"ID":7},{"utility":91,"ID":8},{"utility":65,"ID":9},{"utility":85,"ID":10},{"utility":99,"ID":11},{"utility":98,"ID":12},{"utility":97,"ID":13},{"utility":45,"ID":14},{"utility":82,"ID":15},{"utility":83,"ID":16},{"utility":91,"ID":17},{"utility":6,"ID":18},{"utility":53,"ID":19},{"utility":83,"ID":20}],"LAST COALITION":[[],[{"utility":91,"ID":8},{"utility":53,"ID":19}],[{"utility":67,"ID":1},{"utility":83,"ID":16}],[{"utility":54,"ID":7},{"utility":97,"ID":13}],[{"utility":96,"ID":3},{"utility":77,"ID":5}],[],[{"utility":86,"ID":4},{"utility":85,"ID":10}],[{"utility":45,"ID":14},{"utility":6,"ID":18}],[{"utility":99,"ID":2},{"utility":99,"ID":11}],[],[],[{"utility":65,"ID":9},{"utility":91,"ID":17}],[],[{"utility":98,"ID":12},{"utility":83,"ID":20}],[{"utility":60,"ID":6},{"utility":82,"ID":15}],[],[],[],[],[],[]],"STARTING COALITION: ":[[null],[],[{"utility":74.5,"ID":5},{"utility":52,"ID":11},{"utility":49.5,"ID":19}],[{"utility":0,"ID":16}],[{"utility":27,"ID":9},{"utility":36,"ID":14}],[{"utility":10,"ID":1},{"utility":70,"ID":3},{"utility":43.333333333333336,"ID":6},{"utility":28.666666666666668,"ID":17}],[{"utility":0,"ID":4}],[{"utility":59,"ID":2},{"utility":49.5,"ID":8},{"utility":68,"ID":10},{"utility":40,"ID":12},{"utility":36.75,"ID":18}],[{"utility":0,"ID":20}],[{"utility":46,"ID":13},{"utility":20,"ID":15}],[{"utility":0,"ID":7}],[],[],[],[],[],[],[],[],[],[]],"CORE :":false,"LAST PARTITION":{"11":8,"12":13,"13":3,"14":7,"15":14,"16":2,"17":11,"18":7,"19":1,"1":2,"2":8,"3":4,"4":6,"5":4,"6":14,"7":3,"8":1,"9":11,"20":13,"10":6}},{"STARTING PARTITION: ":{"11":5,"12":10,"13":3,"14":4,"15":5,"16":10,"17":7,"18":10,"19":1,"1":7,"2":3,"3":5,"4":10,"5":3,"6":4,"7":4,"8":4,"9":1,"20":2,"10":5},"Agents":[null,{"utility":71,"ID":1},{"utility":99,"ID":2},{"utility":96,"ID":3},{"utility":91,"ID":4},{"utility":77,"ID":5},{"utility":0,"ID":6},{"utility":99,"ID":7},{"utility":91,"ID":8},{"utility":65,"ID":9},{"utility":30,"ID":10},{"utility":99,"ID":11},{"utility":92,"ID":12},{"utility":0,"ID":13},{"utility":59,"ID":14},{"utility":92,"ID":15},{"utility":89,"ID":16},{"utility":91,"ID":17},{"utility":44,"ID":18},{"utility":53,"ID":19},{"utility":84,"ID":20}],"LAST COALITION":[[],[{"utility":91,"ID":4},{"utility":92,"ID":15}],[{"utility":96,"ID":3},{"utility":77,"ID":5}],[{"utility":99,"ID":2},{"utility":99,"ID":11}],[{"utility":89,"ID":16},{"utility":44,"ID":18}],[{"utility":65,"ID":9},{"utility":91,"ID":17}],[{"utility":99,"ID":7},{"utility":92,"ID":12}],[],[{"utility":0,"ID":13}],[{"utility":59,"ID":14},{"utility":84,"ID":20}],[{"utility":91,"ID":8},{"utility":53,"ID":19}],[{"utility":71,"ID":1},{"utility":30,"ID":10}],[{"utility":0,"ID":6}],[],[],[],[],[],[],[],[]],"STARTING COALITION: ":[[null],[{"utility":7,"ID":9},{"utility":81,"ID":19}],[{"utility":0,"ID":20}],[{"utility":84,"ID":2},{"utility":54,"ID":5},{"utility":54.5,"ID":13}],[{"utility":45,"ID":6},{"utility":52.666666666666664,"ID":7},{"utility":58,"ID":8},{"utility":60,"ID":14}],[{"utility":66.33333333333333,"ID":3},{"utility":62.333333333333336,"ID":10},{"utility":25.333333333333332,"ID":11},{"utility":39.666666666666664,"ID":15}],[],[{"utility":5,"ID":1},{"utility":69,"ID":17}],[],[],[{"utility":50.666666666666664,"ID":4},{"utility":55.666666666666664,"ID":12},{"utility":64.66666666666667,"ID":16},{"utility":59.666666666666664,"ID":18}],[],[],[],[],[],[],[],[],[],[]],"CORE :":false,"LAST PARTITION":{"11":3,"12":6,"13":8,"14":9,"15":1,"16":4,"17":5,"18":4,"19":10,"1":11,"2":3,"3":2,"4":1,"5":2,"6":12,"7":6,"8":10,"9":5,"20":9,"10":11}},{"STARTING PARTITION: ":{"11":1,"12":8,"13":5,"14":6,"15":4,"16":10,"17":9,"18":3,"19":6,"1":9,"2":6,"3":9,"4":7,"5":4,"6":3,"7":2,"8":5,"9":6,"20":4,"10":4},"Agents":[null,{"utility":52.5,"ID":1},{"utility":99,"ID":2},{"utility":96,"ID":3},{"utility":91,"ID":4},{"utility":77,"ID":5},{"utility":57,"ID":6},{"utility":99,"ID":7},{"utility":76,"ID":8},{"utility":65,"ID":9},{"utility":49.5,"ID":10},{"utility":99,"ID":11},{"utility":92,"ID":12},{"utility":56,"ID":13},{"utility":59,"ID":14},{"utility":87,"ID":15},{"utility":89,"ID":16},{"utility":91,"ID":17},{"utility":44,"ID":18},{"utility":81.5,"ID":19},{"utility":84,"ID":20}],"LAST COALITION":[[],[{"utility":89,"ID":16},{"utility":44,"ID":18}],[],[{"utility":59,"ID":14},{"utility":84,"ID":20}],[{"utility":76,"ID":8},{"utility":56,"ID":13}],[{"utility":52.5,"ID":1},{"utility":49.5,"ID":10},{"utility":81.5,"ID":19}],[{"utility":91,"ID":4},{"utility":57,"ID":6},{"utility":87,"ID":15}],[{"utility":65,"ID":9},{"utility":91,"ID":17}],[{"utility":96,"ID":3},{"utility":77,"ID":5}],[],[{"utility":99,"ID":7},{"utility":92,"ID":12}],[{"utility":99,"ID":2},{"utility":99,"ID":11}],[],[],[],[],[],[],[],[],[]],"STARTING COALITION: ":[[null],[{"utility":0,"ID":11}],[{"utility":0,"ID":7}],[{"utility":24,"ID":6},{"utility":8,"ID":18}],[{"utility":46.666666666666664,"ID":5},{"utility":30.333333333333332,"ID":10},{"utility":35.666666666666664,"ID":15},{"utility":44.333333333333336,"ID":20}],[{"utility":76,"ID":8},{"utility":56,"ID":13}],[{"utility":81.66666666666667,"ID":2},{"utility":42.666666666666664,"ID":9},{"utility":32,"ID":14},{"utility":67,"ID":19}],[{"utility":0,"ID":4}],[{"utility":0,"ID":12}],[{"utility":13,"ID":1},{"utility":59,"ID":3},{"utility":41.5,"ID":17}],[{"utility":0,"ID":16}],[],[],[],[],[],[],[],[],[],[]],"CORE :":true,"LAST PARTITION":{"11":11,"12":10,"13":4,"14":3,"15":6,"16":1,"17":7,"18":1,"19":5,"1":5,"2":11,"3":8,"4":6,"5":8,"6":6,"7":10,"8":4,"9":7,"20":3,"10":5}},{"STARTING PARTITION: ":{"11":4,"12":4,"13":3,"14":9,"15":4,"16":4,"17":10,"18":4,"19":7,"1":2,"2":2,"3":8,"4":8,"5":9,"6":7,"7":10,"8":3,"9":2,"20":9,"10":1},"Agents":[null,{"utility":0,"ID":1},{"utility":99,"ID":2},{"utility":83,"ID":3},{"utility":91,"ID":4},{"utility":83,"ID":5},{"utility":35,"ID":6},{"utility":99,"ID":7},{"utility":76,"ID":8},{"utility":65,"ID":9},{"utility":10,"ID":10},{"utility":99,"ID":11},{"utility":92,"ID":12},{"utility":56,"ID":13},{"utility":0,"ID":14},{"utility":92,"ID":15},{"utility":0,"ID":16},{"utility":91,"ID":17},{"utility":59,"ID":18},{"utility":0,"ID":19},{"utility":88,"ID":20}],"LAST COALITION":[[],[{"utility":99,"ID":2},{"utility":99,"ID":11}],[{"utility":35,"ID":6},{"utility":88,"ID":20}],[{"utility":91,"ID":4},{"utility":92,"ID":15}],[{"utility":0,"ID":19}],[{"utility":0,"ID":1}],[{"utility":65,"ID":9},{"utility":91,"ID":17}],[{"utility":0,"ID":14}],[{"utility":99,"ID":7},{"utility":92,"ID":12}],[{"utility":83,"ID":5},{"utility":10,"ID":10}],[{"utility":83,"ID":3},{"utility":59,"ID":18}],[{"utility":0,"ID":16}],[{"utility":76,"ID":8},{"utility":56,"ID":13}],[],[],[],[],[],[],[],[]],"STARTING COALITION: ":[[null],[{"utility":0,"ID":10}],[{"utility":77,"ID":1},{"utility":92.5,"ID":2},{"utility":51.5,"ID":9}],[{"utility":76,"ID":8},{"utility":56,"ID":13}],[{"utility":52.5,"ID":11},{"utility":76.5,"ID":12},{"utility":51,"ID":15},{"utility":63.25,"ID":16},{"utility":67,"ID":18}],[],[],[{"utility":93,"ID":6},{"utility":17,"ID":19}],[{"utility":18,"ID":3},{"utility":72,"ID":4}],[{"utility":31.5,"ID":5},{"utility":68.5,"ID":14},{"utility":77,"ID":20}],[{"utility":21,"ID":7},{"utility":75,"ID":17}],[],[],[],[],[],[],[],[],[],[]],"CORE :":false,"LAST PARTITION":{"11":1,"12":8,"13":12,"14":7,"15":3,"16":11,"17":6,"18":10,"19":4,"1":5,"2":1,"3":10,"4":3,"5":9,"6":2,"7":8,"8":12,"9":6,"20":2,"10":9}},{"END OF FILE:" : true}]