[{"STARTING PARTITION: ":{"11":2,"12":7,"13":5,"14":2,"15":1,"16":6,"17":6,"18":2,"19":9,"1":4,"2":7,"3":9,"4":8,"5":8,"6":7,"7":7,"8":2,"9":10,"20":5,"10":4},"Agents":[null,{"utility":70,"ID":1},{"utility":72,"ID":2},{"utility":98,"ID":3},{"utility":80,"ID":4},{"utility":73,"ID":5},{"utility":66,"ID":6},{"utility":66,"ID":7},{"utility":68,"ID":8},{"utility":78,"ID":9},{"utility":78,"ID":10},{"utility":78,"ID":11},{"utility":0,"ID":12},{"utility":97,"ID":13},{"utility":89,"ID":14},{"utility":36.5,"ID":15},{"utility":87,"ID":16},{"utility":95,"ID":17},{"utility":75,"ID":18},{"utility":99,"ID":19},{"utility":97,"ID":20}],"LAST COALITION":[[],[{"utility":72,"ID":2},{"utility":78,"ID":9}],[{"utility":70,"ID":1},{"utility":66,"ID":7},{"utility":36.5,"ID":15}],[{"utility":80,"ID":4},{"utility":78,"ID":10}],[{"utility":87,"ID":16},{"utility":95,"ID":17}],[{"utility":98,"ID":3},{"utility":97,"ID":20}],[{"utility":68,"ID":8},{"utility":97,"ID":13}],[{"utility":73,"ID":5},{"utility":78,"ID":11}],[],[{"utility":66,"ID":6},{"utility":89,"ID":14}],[],[{"utility":0,"ID":12}],[],[{"utility":75,"ID":18},{"utility":99,"ID":19}],[],[],[],[],[],[],[]],"STARTING COALITION: ":[[null],[{"utility":0,"ID":15}],[{"utility":48.666666666666664,"ID":8},{"utility":84,"ID":11},{"utility":27,"ID":14},{"utility":31.333333333333332,"ID":18}],[],[{"utility":9,"ID":1},{"utility":70,"ID":10}],[{"utility":6,"ID":13},{"utility":38,"ID":20}],[{"utility":87,"ID":16},{"utility":95,"ID":17}],[{"utility":54.666666666666664,"ID":2},{"utility":63,"ID":6},{"utility":54,"ID":7},{"utility":43.333333333333336,"ID":12}],[{"utility":60,"ID":4},{"utility":72,"ID":5}],[{"utility":23,"ID":3},{"utility":87,"ID":19}],[{"utility":0,"ID":9}],[],[],[],[],[],[],[],[],[],[]],"CORE :":true,"LAST PARTITION":{"11":7,"12":11,"13":6,"14":9,"15":2,"16":4,"17":4,"18":13,"19":13,"1":2,"2":1,"3":5,"4":3,"5":7,"6":9,"7":2,"8":6,"9":1,"20":5,"10":3}},{"STARTING PARTITION: ":{"11":7,"12":1,"13":9,"14":6,"15":3,"16":7,"17":6,"18":9,"19":2,"1":3,"2":4,"3":6,"4":6,"5":6,"6":4,"7":8,"8":2,"9":10,"20":5,"10":3},"Agents":[null,{"utility":70,"ID":1},{"utility":72,"ID":2},{"utility":98,"ID":3},{"utility":80,"ID":4},{"utility":73,"ID":5},{"utility":66,"ID":6},{"utility":66,"ID":7},{"utility":68,"ID":8},{"utility":78,"ID":9},{"utility":78,"ID":10},{"utility":78,"ID":11},{"utility":0,"ID":12},{"utility":97,"ID":13},{"utility":89,"ID":14},{"utility":36.5,"ID":15},{"utility":87,"ID":16},{"utility":95,"ID":17},{"utility":75,"ID":18},{"utility":99,"ID":19},{"utility":97,"ID":20}],"LAST COALITION":[[],[{"utility":70,"ID":1},{"utility":66,"ID":7},{"utility":36.5,"ID":15}],[{"utility":72,"ID":2},{"utility":78,"ID":9}],[{"utility":68,"ID":8},{"utility":97,"ID":13}],[{"utility":73,"ID":5},{"utility":78,"ID":11}],[],[{"utility":66,"ID":6},{"utility":89,"ID":14}],[{"utility":75,"ID":18},{"utility":99,"ID":19}],[],[{"utility":80,"ID":4},{"utility":78,"ID":10}],[{"utility":0,"ID":12}],[{"utility":98,"ID":3},{"utility":97,"ID":20}],[{"utility":87,"ID":16},{"utility":95,"ID":17}],[],[],[],[],[],[],[],[]],"STARTING COALITION: ":[[null],[{"utility":0,"ID":12}],[{"utility":42,"ID":8},{"utility":64,"ID":19}],[{"utility":37.5,"ID":1},{"utility":45.5,"ID":10},{"utility":52,"ID":15}],[{"utility":39,"ID":2},{"utility":74,"ID":6}],[{"utility":0,"ID":20}],[{"utility":57.25,"ID":3},{"utility":55,"ID":4},{"utility":76.75,"ID":5},{"utility":45.75,"ID":14},{"utility":44,"ID":17}],[{"utility":19,"ID":11},{"utility":37,"ID":16}],[{"utility":0,"ID":7}],[{"utility":35,"ID":13},{"utility":57,"ID":18}],[{"utility":0,"ID":9}],[],[],[],[],[],[],[],[],[],[]],"CORE :":true,"LAST PARTITION":{"11":4,"12":10,"13":3,"14":6,"15":1,"16":12,"17":12,"18":7,"19":7,"1":1,"2":2,"3":11,"4":9,"5":4,"6":6,"7":1,"8":3,"9":2,"20":11,"10":9}},{"STARTING PARTITION: ":{"11":3,"12":6,"13":7,"14":3,"15":1,"16":5,"17":9,"18":1,"19":8,"1":1,"2":8,"3":9,"4":6,"5":2,"6":7,"7":10,"8":6,"9":10,"20":4,"10":1},"Agents":[null,{"utility":74,"ID":1},{"utility":38,"ID":2},{"utility":98,"ID":3},{"utility":0,"ID":4},{"utility":0,"ID":5},{"utility":86,"ID":6},{"utility":61,"ID":7},{"utility":68,"ID":8},{"utility":37,"ID":9},{"utility":0,"ID":10},{"utility":0,"ID":11},{"utility":32,"ID":12},{"utility":97,"ID":13},{"utility":60,"ID":14},{"utility":85,"ID":15},{"utility":87,"ID":16},{"utility":95,"ID":17},{"utility":75,"ID":18},{"utility":99,"ID":19},{"utility":97,"ID":20}],"LAST COALITION":[[],[{"utility":0,"ID":11}],[{"utility":68,"ID":8},{"utility":97,"ID":13}],[{"utility":74,"ID":1},{"utility":61,"ID":7}],[{"utility":0,"ID":5}],[{"utility":0,"ID":10}],[{"utility":75,"ID":18},{"utility":99,"ID":19}],[{"utility":98,"ID":3},{"utility":97,"ID":20}],[],[{"utility":60,"ID":14},{"utility":85,"ID":15}],[{"utility":86,"ID":6},{"utility":37,"ID":9}],[{"utility":0,"ID":4}],[{"utility":87,"ID":16},{"utility":95,"ID":17}],[{"utility":38,"ID":2},{"utility":32,"ID":12}],[],[],[],[],[],[],[]],"STARTING COALITION: ":[[null],[{"utility":41.333333333333336,"ID":1},{"utility":59.333333333333336,"ID":10},{"utility":55,"ID":15},{"utility":38.666666666666664,"ID":18}],[{"utility":0,"ID":5}],[{"utility":85,"ID":11},{"utility":20,"ID":14}],[{"utility":0,"ID":20}],[{"utility":0,"ID":16}],[{"utility":21,"ID":4},{"utility":15.5,"ID":8},{"utility":47.5,"ID":12}],[{"utility":65,"ID":6},{"utility":52,"ID":13}],[{"utility":65,"ID":2},{"utility":7,"ID":19}],[{"utility":39,"ID":3},{"utility":88,"ID":17}],[{"utility":5,"ID":7},{"utility":88,"ID":9}],[],[],[],[],[],[],[],[],[],[]],"CORE :":false,"LAST PARTITION":{"11":1,"12":13,"13":2,"14":9,"15":9,"16":12,"17":12,"18":6,"19":6,"1":3,"2":13,"3":7,"4":11,"5":4,"6":10,"7":3,"8":2,"9":10,"20":7,"10":5}},{"STARTING PARTITION: ":{"11":8,"12":7,"13":7,"14":1,"15":7,"16":3,"17":8,"18":10,"19":1,"1":9,"2":9,"3":4,"4":2,"5":6,"6":5,"7":5,"8":7,"9":2,"20":3,"10":7},"Agents":[null,{"utility":70,"ID":1},{"utility":72,"ID":2},{"utility":98,"ID":3},{"utility":80,"ID":4},{"utility":73,"ID":5},{"utility":66,"ID":6},{"utility":66,"ID":7},{"utility":68,"ID":8},{"utility":78,"ID":9},{"utility":78,"ID":10},{"utility":78,"ID":11},{"utility":0,"ID":12},{"utility":97,"ID":13},{"utility":89,"ID":14},{"utility":36.5,"ID":15},{"utility":87,"ID":16},{"utility":95,"ID":17},{"utility":75,"ID":18},{"utility":99,"ID":19},{"utility":97,"ID":20}],"LAST COALITION":[[],[{"utility":80,"ID":4},{"utility":78,"ID":10}],[],[{"utility":98,"ID":3},{"utility":97,"ID":20}],[{"utility":72,"ID":2},{"utility":78,"ID":9}],[{"utility":68,"ID":8},{"utility":97,"ID":13}],[{"utility":66,"ID":6},{"utility":89,"ID":14}],[{"utility":75,"ID":18},{"utility":99,"ID":19}],[],[{"utility":87,"ID":16},{"utility":95,"ID":17}],[{"utility":73,"ID":5},{"utility":78,"ID":11}],[{"utility":0,"ID":12}],[],[{"utility":70,"ID":1},{"utility":66,"ID":7},{"utility":36.5,"ID":15}],[],[],[],[],[],[],[]],"STARTING COALITION: ":[[null],[{"utility":91,"ID":14},{"utility":87,"ID":19}],[{"utility":40,"ID":4},{"utility":9,"ID":9}],[{"utility":4,"ID":16},{"utility":49,"ID":20}],[{"utility":0,"ID":3}],[{"utility":60,"ID":6},{"utility":98,"ID":7}],[{"utility":0,"ID":5}],[{"utility":43.75,"ID":8},{"utility":56.75,"ID":10},{"utility":64.25,"ID":12},{"utility":49,"ID":13},{"utility":31.75,"ID":15}],[{"utility":87,"ID":11},{"utility":58,"ID":17}],[{"utility":71,"ID":1},{"utility":22,"ID":2}],[{"utility":0,"ID":18}],[],[],[],[],[],[],[],[],[],[]],"CORE :":true,"LAST PARTITION":{"11":10,"12":11,"13":5,"14":6,"15":13,"16":9,"17":9,"18":7,"19":7,"1":13,"2":4,"3":3,"4":1,"5":10,"6":6,"7":13,"8":5,"9":4,"20":3,"10":1}},{"STARTING PARTITION: ":{"11":6,"12":9,"13":3,"14":4,"15":6,"16":8,"17":6,"18":4,"19":4,"1":6,"2":5,"3":7,"4":8,"5":1,"6":6,"7":8,"8":10,"9":8,"20":10,"10":10},"Agents":[null,{"utility":70,"ID":1},{"utility":72,"ID":2},{"utility":98,"ID":3},{"utility":80,"ID":4},{"utility":73,"ID":5},{"utility":66,"ID":6},{"utility":66,"ID":7},{"utility":68,"ID":8},{"utility":78,"ID":9},{"utility":78,"ID":10},{"utility":78,"ID":11},{"utility":0,"ID":12},{"utility":97,"ID":13},{"utility":89,"ID":14},{"utility":36.5,"ID":15},{"utility":87,"ID":16},{"utility":95,"ID":17},{"utility":75,"ID":18},{"utility":99,"ID":19},{"utility":97,"ID":20}],"LAST COALITION":[[],[{"utility":72,"ID":2},{"utility":78,"ID":9}],[{"utility":66,"ID":6},{"utility":89,"ID":14}],[{"utility":70,"ID":1},{"utility":66,"ID":7},{"utility":36.5,"ID":15}],[{"utility":75,"ID":18},{"utility":99,"ID":19}],[{"utility":0,"ID":12}],[{"utility":87,"ID":16},{"utility":95,"ID":17}],[{"utility":98,"ID":3},{"utility":97,"ID":20}],[],[],[{"utility":73,"ID":5},{"utility":78,"ID":11}],[],[{"utility":80,"ID":4},{"utility":78,"ID":10}],[{"utility":68,"ID":8},{"utility":97,"ID":13}],[],[],[],[],[],[],[]],"STARTING COALITION: ":[[null],[{"utility":0,"ID":5}],[],[{"utility":0,"ID":13}],[{"utility":57,"ID":14},{"utility":68.5,"ID":18},{"utility":93,"ID":19}],[{"utility":0,"ID":2}],[{"utility":41.5,"ID":1},{"utility":60,"ID":6},{"utility":75.5,"ID":11},{"utility":44,"ID":15},{"utility":29.5,"ID":17}],[{"utility":0,"ID":3}],[{"utility":32.666666666666664,"ID":4},{"utility":22.666666666666668,"ID":7},{"utility":35.666666666666664,"ID":9},{"utility":35,"ID":16}],[{"utility":0,"ID":12}],[{"utility":64,"ID":8},{"utility":38.5,"ID":10},{"utility":23,"ID":20}],[],[],[],[],[],[],[],[],[],[]],"CORE :":true,"LAST PARTITION":{"11":10,"12":5,"13":13,"14":2,"15":3,"16":6,"17":6,"18":4,"19":4,"1":3,"2":1,"3":7,"4":12,"5":10,"6":2,"7":3,"8":13,"9":1,"20":7,"10":12}},{"END OF FILE:" : true}]