[{"STARTING PARTITION: ":{"11":2,"12":4,"13":9,"14":1,"15":8,"16":8,"17":1,"18":6,"19":9,"1":7,"2":3,"3":7,"4":2,"5":6,"6":6,"7":1,"8":7,"9":5,"20":9,"10":4},"Agents":[null,{"utility":76,"ID":1},{"utility":92,"ID":2},{"utility":83,"ID":3},{"utility":99,"ID":4},{"utility":95,"ID":5},{"utility":96,"ID":6},{"utility":88,"ID":7},{"utility":72,"ID":8},{"utility":78,"ID":9},{"utility":78,"ID":10},{"utility":97,"ID":11},{"utility":92,"ID":12},{"utility":16,"ID":13},{"utility":70,"ID":14},{"utility":97,"ID":15},{"utility":39,"ID":16},{"utility":37,"ID":17},{"utility":79,"ID":18},{"utility":96,"ID":19},{"utility":85,"ID":20}],"LAST COALITION":[[],[{"utility":95,"ID":5},{"utility":72,"ID":8}],[{"utility":78,"ID":9},{"utility":78,"ID":10}],[{"utility":92,"ID":12},{"utility":96,"ID":19}],[{"utility":97,"ID":11},{"utility":85,"ID":20}],[],[{"utility":92,"ID":2},{"utility":39,"ID":16}],[],[{"utility":99,"ID":4},{"utility":16,"ID":13}],[{"utility":76,"ID":1},{"utility":88,"ID":7}],[],[{"utility":96,"ID":6},{"utility":70,"ID":14}],[{"utility":83,"ID":3},{"utility":37,"ID":17}],[{"utility":97,"ID":15},{"utility":79,"ID":18}],[],[],[],[],[],[],[]],"STARTING COALITION: ":[[null],[{"utility":41.5,"ID":7},{"utility":67.5,"ID":14},{"utility":40.5,"ID":17}],[{"utility":90,"ID":4},{"utility":45,"ID":11}],[{"utility":0,"ID":2}],[{"utility":54,"ID":10},{"utility":86,"ID":12}],[{"utility":0,"ID":9}],[{"utility":56,"ID":5},{"utility":79,"ID":6},{"utility":50,"ID":18}],[{"utility":41,"ID":1},{"utility":20,"ID":3},{"utility":30,"ID":8}],[{"utility":57,"ID":15},{"utility":69,"ID":16}],[{"utility":32.5,"ID":13},{"utility":8,"ID":19},{"utility":19,"ID":20}],[],[],[],[],[],[],[],[],[],[],[]],"CORE :":true,"LAST PARTITION":{"11":4,"12":3,"13":8,"14":11,"15":13,"16":6,"17":12,"18":13,"19":3,"1":9,"2":6,"3":12,"4":8,"5":1,"6":11,"7":9,"8":1,"9":2,"20":4,"10":2}},{"STARTING PARTITION: ":{"11":5,"12":2,"13":4,"14":5,"15":3,"16":1,"17":2,"18":7,"19":9,"1":8,"2":1,"3":8,"4":1,"5":1,"6":3,"7":1,"8":5,"9":6,"20":3,"10":8},"Agents":[null,{"utility":76,"ID":1},{"utility":92,"ID":2},{"utility":86,"ID":3},{"utility":72,"ID":4},{"utility":95,"ID":5},{"utility":96,"ID":6},{"utility":88,"ID":7},{"utility":72,"ID":8},{"utility":78,"ID":9},{"utility":78,"ID":10},{"utility":97,"ID":11},{"utility":92,"ID":12},{"utility":57,"ID":13},{"utility":70,"ID":14},{"utility":97,"ID":15},{"utility":39,"ID":16},{"utility":20,"ID":17},{"utility":79,"ID":18},{"utility":96,"ID":19},{"utility":85,"ID":20}],"LAST COALITION":[[],[],[],[{"utility":78,"ID":9},{"utility":78,"ID":10}],[{"utility":95,"ID":5},{"utility":72,"ID":8}],[{"utility":96,"ID":6},{"utility":70,"ID":14}],[{"utility":97,"ID":15},{"utility":79,"ID":18}],[{"utility":97,"ID":11},{"utility":85,"ID":20}],[{"utility":92,"ID":2},{"utility":39,"ID":16}],[{"utility":92,"ID":12},{"utility":96,"ID":19}],[{"utility":76,"ID":1},{"utility":88,"ID":7}],[{"utility":57,"ID":13},{"utility":20,"ID":17}],[{"utility":86,"ID":3},{"utility":72,"ID":4}],[],[],[],[],[],[],[],[]],"STARTING COALITION: ":[[null],[{"utility":63.25,"ID":2},{"utility":75.25,"ID":4},{"utility":53.25,"ID":5},{"utility":22,"ID":7},{"utility":54.25,"ID":16}],[{"utility":48,"ID":12},{"utility":60,"ID":17}],[{"utility":48.5,"ID":6},{"utility":54.5,"ID":15},{"utility":34.5,"ID":20}],[{"utility":0,"ID":13}],[{"utility":93.5,"ID":8},{"utility":71.5,"ID":11},{"utility":64,"ID":14}],[{"utility":0,"ID":9}],[{"utility":0,"ID":18}],[{"utility":12.5,"ID":1},{"utility":15.5,"ID":3},{"utility":10,"ID":10}],[{"utility":0,"ID":19}],[],[],[],[],[],[],[],[],[],[],[]],"CORE :":true,"LAST PARTITION":{"11":7,"12":9,"13":11,"14":5,"15":6,"16":8,"17":11,"18":6,"19":9,"1":10,"2":8,"3":12,"4":12,"5":4,"6":5,"7":10,"8":4,"9":3,"20":7,"10":3}},{"STARTING PARTITION: ":{"11":4,"12":10,"13":3,"14":3,"15":6,"16":5,"17":1,"18":5,"19":3,"1":9,"2":6,"3":10,"4":5,"5":1,"6":7,"7":6,"8":6,"9":3,"20":6,"10":4},"Agents":[null,{"utility":76,"ID":1},{"utility":92,"ID":2},{"utility":83,"ID":3},{"utility":99,"ID":4},{"utility":95,"ID":5},{"utility":96,"ID":6},{"utility":88,"ID":7},{"utility":72,"ID":8},{"utility":78,"ID":9},{"utility":78,"ID":10},{"utility":97,"ID":11},{"utility":92,"ID":12},{"utility":16,"ID":13},{"utility":70,"ID":14},{"utility":97,"ID":15},{"utility":39,"ID":16},{"utility":37,"ID":17},{"utility":79,"ID":18},{"utility":96,"ID":19},{"utility":85,"ID":20}],"LAST COALITION":[[],[],[{"utility":83,"ID":3},{"utility":37,"ID":17}],[],[{"utility":95,"ID":5},{"utility":72,"ID":8}],[{"utility":97,"ID":15},{"utility":79,"ID":18}],[{"utility":99,"ID":4},{"utility":16,"ID":13}],[],[{"utility":96,"ID":6},{"utility":70,"ID":14}],[{"utility":92,"ID":2},{"utility":39,"ID":16}],[{"utility":78,"ID":9},{"utility":78,"ID":10}],[{"utility":97,"ID":11},{"utility":85,"ID":20}],[],[{"utility":92,"ID":12},{"utility":96,"ID":19}],[{"utility":76,"ID":1},{"utility":88,"ID":7}],[],[],[],[],[],[]],"STARTING COALITION: ":[[null],[{"utility":73,"ID":5},{"utility":67,"ID":17}],[],[{"utility":74.66666666666667,"ID":9},{"utility":46,"ID":13},{"utility":56.333333333333336,"ID":14},{"utility":45,"ID":19}],[{"utility":88,"ID":10},{"utility":36,"ID":11}],[{"utility":64,"ID":4},{"utility":48,"ID":16},{"utility":27,"ID":18}],[{"utility":32,"ID":2},{"utility":35,"ID":7},{"utility":58.5,"ID":8},{"utility":55,"ID":15},{"utility":34,"ID":20}],[{"utility":0,"ID":6}],[],[{"utility":0,"ID":1}],[{"utility":85,"ID":3},{"utility":58,"ID":12}],[],[],[],[],[],[],[],[],[],[]],"CORE :":true,"LAST PARTITION":{"11":11,"12":13,"13":6,"14":8,"15":5,"16":9,"17":2,"18":5,"19":13,"1":14,"2":9,"3":2,"4":6,"5":4,"6":8,"7":14,"8":4,"9":10,"20":11,"10":10}},{"STARTING PARTITION: ":{"11":8,"12":9,"13":1,"14":5,"15":9,"16":6,"17":7,"18":5,"19":8,"1":7,"2":4,"3":3,"4":5,"5":8,"6":9,"7":6,"8":2,"9":6,"20":1,"10":3},"Agents":[null,{"utility":76,"ID":1},{"utility":92,"ID":2},{"utility":86,"ID":3},{"utility":72,"ID":4},{"utility":95,"ID":5},{"utility":96,"ID":6},{"utility":88,"ID":7},{"utility":72,"ID":8},{"utility":78,"ID":9},{"utility":78,"ID":10},{"utility":97,"ID":11},{"utility":92,"ID":12},{"utility":57,"ID":13},{"utility":70,"ID":14},{"utility":97,"ID":15},{"utility":39,"ID":16},{"utility":20,"ID":17},{"utility":79,"ID":18},{"utility":96,"ID":19},{"utility":85,"ID":20}],"LAST COALITION":[[],[{"utility":76,"ID":1},{"utility":88,"ID":7}],[{"utility":86,"ID":3},{"utility":72,"ID":4}],[{"utility":57,"ID":13},{"utility":20,"ID":17}],[{"utility":96,"ID":6},{"utility":70,"ID":14}],[],[],[{"utility":97,"ID":15},{"utility":79,"ID":18}],[{"utility":92,"ID":2},{"utility":39,"ID":16}],[{"utility":97,"ID":11},{"utility":85,"ID":20}],[{"utility":92,"ID":12},{"utility":96,"ID":19}],[{"utility":95,"ID":5},{"utility":72,"ID":8}],[],[{"utility":78,"ID":9},{"utility":78,"ID":10}],[],[],[],[],[],[],[]],"STARTING COALITION: ":[[null],[{"utility":57,"ID":13},{"utility":4,"ID":20}],[{"utility":0,"ID":8}],[{"utility":10,"ID":3},{"utility":6,"ID":10}],[{"utility":0,"ID":2}],[{"utility":66,"ID":4},{"utility":80.5,"ID":14},{"utility":54,"ID":18}],[{"utility":45.5,"ID":7},{"utility":37.5,"ID":9},{"utility":45.5,"ID":16}],[{"utility":6,"ID":1},{"utility":16,"ID":17}],[{"utility":81,"ID":5},{"utility":69,"ID":11},{"utility":58,"ID":19}],[{"utility":42.5,"ID":6},{"utility":25,"ID":12},{"utility":30.5,"ID":15}],[],[],[],[],[],[],[],[],[],[],[]],"CORE :":true,"LAST PARTITION":{"11":9,"12":10,"13":3,"14":4,"15":7,"16":8,"17":3,"18":7,"19":10,"1":1,"2":8,"3":2,"4":2,"5":11,"6":4,"7":1,"8":11,"9":13,"20":9,"10":13}},{"STARTING PARTITION: ":{"11":3,"12":5,"13":10,"14":9,"15":7,"16":10,"17":7,"18":5,"19":7,"1":4,"2":2,"3":7,"4":3,"5":6,"6":10,"7":2,"8":3,"9":2,"20":1,"10":7},"Agents":[null,{"utility":76,"ID":1},{"utility":40,"ID":2},{"utility":73,"ID":3},{"utility":99,"ID":4},{"utility":95,"ID":5},{"utility":96,"ID":6},{"utility":88,"ID":7},{"utility":72,"ID":8},{"utility":78,"ID":9},{"utility":78,"ID":10},{"utility":97,"ID":11},{"utility":92,"ID":12},{"utility":16,"ID":13},{"utility":70,"ID":14},{"utility":97,"ID":15},{"utility":45,"ID":16},{"utility":77,"ID":17},{"utility":79,"ID":18},{"utility":96,"ID":19},{"utility":85,"ID":20}],"LAST COALITION":[[],[],[{"utility":99,"ID":4},{"utility":16,"ID":13}],[{"utility":40,"ID":2},{"utility":77,"ID":17}],[{"utility":95,"ID":5},{"utility":72,"ID":8}],[{"utility":76,"ID":1},{"utility":88,"ID":7}],[{"utility":97,"ID":15},{"utility":79,"ID":18}],[{"utility":73,"ID":3},{"utility":45,"ID":16}],[{"utility":78,"ID":9},{"utility":78,"ID":10}],[{"utility":92,"ID":12},{"utility":96,"ID":19}],[],[{"utility":97,"ID":11},{"utility":85,"ID":20}],[{"utility":96,"ID":6},{"utility":70,"ID":14}],[],[],[],[],[],[],[],[]],"STARTING COALITION: ":[[null],[{"utility":0,"ID":20}],[{"utility":38,"ID":2},{"utility":34.5,"ID":7},{"utility":64,"ID":9}],[{"utility":81.5,"ID":4},{"utility":53.5,"ID":8},{"utility":63,"ID":11}],[{"utility":0,"ID":1}],[{"utility":65,"ID":12},{"utility":86,"ID":18}],[{"utility":0,"ID":5}],[{"utility":47.25,"ID":3},{"utility":49,"ID":10},{"utility":47.5,"ID":15},{"utility":62.25,"ID":17},{"utility":71,"ID":19}],[],[{"utility":0,"ID":14}],[{"utility":77,"ID":6},{"utility":34.5,"ID":13},{"utility":37,"ID":16}],[],[],[],[],[],[],[],[],[],[]],"CORE :":true,"LAST PARTITION":{"11":11,"12":9,"13":2,"14":12,"15":6,"16":7,"17":3,"18":6,"19":9,"1":5,"2":3,"3":7,"4":2,"5":4,"6":12,"7":5,"8":4,"9":8,"20":11,"10":8}},{"END OF FILE:" : true}]