[{"STARTING PARTITION: ":{"22":14,"23":5,"24":10,"25":8,"26":6,"27":8,"28":7,"29":2,"30":8,"10":10,"11":4,"12":12,"13":8,"14":9,"15":14,"16":10,"17":10,"18":7,"19":6,"1":6,"2":11,"3":9,"4":3,"5":4,"6":2,"7":4,"8":2,"9":12,"20":12,"21":6},"Agents":[null,{"utility":40,"ID":1},{"utility":98,"ID":2},{"utility":46,"ID":3},{"utility":63,"ID":4},{"utility":17,"ID":5},{"utility":34,"ID":6},{"utility":93,"ID":7},{"utility":86,"ID":8},{"utility":96,"ID":9},{"utility":73,"ID":10},{"utility":20,"ID":11},{"utility":41,"ID":12},{"utility":92,"ID":13},{"utility":98,"ID":14},{"utility":91,"ID":15},{"utility":42,"ID":16},{"utility":58,"ID":17},{"utility":88,"ID":18},{"utility":75,"ID":19},{"utility":86,"ID":20},{"utility":76,"ID":21},{"utility":63,"ID":22},{"utility":13,"ID":23},{"utility":64,"ID":24},{"utility":92,"ID":25},{"utility":37,"ID":26},{"utility":8,"ID":27},{"utility":79,"ID":28},{"utility":99,"ID":29},{"utility":56,"ID":30}],"LAST COALITION":[[],[{"utility":86,"ID":20},{"utility":79,"ID":28}],[{"utility":96,"ID":9},{"utility":58,"ID":17}],[{"utility":41,"ID":12},{"utility":13,"ID":23}],[{"utility":37,"ID":26},{"utility":99,"ID":29}],[],[{"utility":34,"ID":6},{"utility":75,"ID":19}],[],[],[{"utility":98,"ID":14},{"utility":56,"ID":30}],[{"utility":63,"ID":4},{"utility":93,"ID":7}],[{"utility":42,"ID":16},{"utility":64,"ID":24}],[{"utility":86,"ID":8},{"utility":63,"ID":22}],[{"utility":98,"ID":2},{"utility":17,"ID":5}],[{"utility":40,"ID":1},{"utility":20,"ID":11}],[{"utility":46,"ID":3},{"utility":91,"ID":15}],[{"utility":88,"ID":18},{"utility":76,"ID":21}],[{"utility":73,"ID":10},{"utility":8,"ID":27}],[],[],[{"utility":92,"ID":13},{"utility":92,"ID":25}],[],[],[],[],[],[],[],[],[],[]],"STARTING COALITION: ":[[null],[],[{"utility":0,"ID":6},{"utility":0,"ID":8},{"utility":15.5,"ID":29}],[{"utility":0,"ID":4}],[{"utility":0,"ID":5},{"utility":2.5,"ID":7},{"utility":23.5,"ID":11}],[{"utility":0,"ID":23}],[{"utility":25.666666666666668,"ID":1},{"utility":36.666666666666664,"ID":19},{"utility":0,"ID":21},{"utility":28.333333333333332,"ID":26}],[{"utility":0,"ID":18},{"utility":0,"ID":28}],[{"utility":32.333333333333336,"ID":13},{"utility":45.666666666666664,"ID":25},{"utility":44,"ID":27},{"utility":38,"ID":30}],[{"utility":23,"ID":3},{"utility":7,"ID":14}],[{"utility":11.333333333333334,"ID":10},{"utility":28.333333333333332,"ID":16},{"utility":21,"ID":17},{"utility":47.666666666666664,"ID":24}],[{"utility":0,"ID":2}],[{"utility":20.5,"ID":9},{"utility":0,"ID":12},{"utility":40,"ID":20}],[],[{"utility":7,"ID":15},{"utility":36,"ID":22}],[],[],[],[],[],[],[],[],[],[],[],[],[],[],[],[]],"CORE :":true,"LAST PARTITION":{"22":12,"23":3,"24":11,"25":20,"26":4,"27":17,"28":1,"29":4,"30":9,"10":17,"11":14,"12":3,"13":20,"14":9,"15":15,"16":11,"17":2,"18":16,"19":6,"1":14,"2":13,"3":15,"4":10,"5":13,"6":6,"7":10,"8":12,"9":2,"20":1,"21":16}},{"STARTING PARTITION: ":{"22":12,"23":4,"24":12,"25":5,"26":3,"27":11,"28":5,"29":7,"30":12,"10":3,"11":8,"12":15,"13":14,"14":9,"15":5,"16":11,"17":3,"18":15,"19":11,"1":1,"2":10,"3":8,"4":13,"5":4,"6":14,"7":10,"8":14,"9":14,"20":12,"21":2},"Agents":[null,{"utility":58,"ID":1},{"utility":88,"ID":2},{"utility":23,"ID":3},{"utility":63,"ID":4},{"utility":29,"ID":5},{"utility":34,"ID":6},{"utility":93,"ID":7},{"utility":86,"ID":8},{"utility":61,"ID":9},{"utility":17,"ID":10},{"utility":0,"ID":11},{"utility":0,"ID":12},{"utility":92,"ID":13},{"utility":51,"ID":14},{"utility":45.5,"ID":15},{"utility":0,"ID":16},{"utility":0,"ID":17},{"utility":88,"ID":18},{"utility":75,"ID":19},{"utility":86,"ID":20},{"utility":76,"ID":21},{"utility":63,"ID":22},{"utility":31,"ID":23},{"utility":41,"ID":24},{"utility":92,"ID":25},{"utility":43,"ID":26},{"utility":33,"ID":27},{"utility":79,"ID":28},{"utility":0,"ID":29},{"utility":0,"ID":30}],"LAST COALITION":[[],[{"utility":23,"ID":3},{"utility":45.5,"ID":15},{"utility":31,"ID":23}],[{"utility":86,"ID":20},{"utility":79,"ID":28}],[{"utility":86,"ID":8},{"utility":63,"ID":22}],[],[{"utility":34,"ID":6},{"utility":75,"ID":19}],[{"utility":0,"ID":16}],[{"utility":63,"ID":4},{"utility":93,"ID":7}],[{"utility":92,"ID":13},{"utility":92,"ID":25}],[{"utility":58,"ID":1},{"utility":51,"ID":14}],[{"utility":0,"ID":17}],[{"utility":29,"ID":5},{"utility":61,"ID":9}],[{"utility":0,"ID":11}],[{"utility":17,"ID":10},{"utility":41,"ID":24},{"utility":43,"ID":26}],[{"utility":0,"ID":29}],[{"utility":0,"ID":12}],[{"utility":88,"ID":18},{"utility":76,"ID":21}],[{"utility":88,"ID":2},{"utility":33,"ID":27}],[{"utility":0,"ID":30}],[],[],[],[],[],[],[],[],[],[],[],[]],"STARTING COALITION: ":[[null],[{"utility":0,"ID":1}],[{"utility":0,"ID":21}],[{"utility":0,"ID":10},{"utility":17,"ID":17},{"utility":43,"ID":26}],[{"utility":0,"ID":5},{"utility":0,"ID":23}],[{"utility":5.5,"ID":15},{"utility":45,"ID":25},{"utility":0,"ID":28}],[],[{"utility":0,"ID":29}],[{"utility":0,"ID":3},{"utility":55,"ID":11}],[{"utility":0,"ID":14}],[{"utility":0,"ID":2},{"utility":86,"ID":7}],[{"utility":0,"ID":16},{"utility":35,"ID":19},{"utility":33,"ID":27}],[{"utility":48.333333333333336,"ID":20},{"utility":2.3333333333333335,"ID":22},{"utility":30.666666666666668,"ID":24},{"utility":21.333333333333332,"ID":30}],[{"utility":0,"ID":4}],[{"utility":9.333333333333334,"ID":6},{"utility":5.666666666666667,"ID":8},{"utility":35,"ID":9},{"utility":9.666666666666666,"ID":13}],[{"utility":0,"ID":12},{"utility":65,"ID":18}],[],[],[],[],[],[],[],[],[],[],[],[],[],[],[]],"CORE :":false,"LAST PARTITION":{"22":3,"23":1,"24":13,"25":8,"26":13,"27":17,"28":2,"29":14,"30":18,"10":13,"11":12,"12":15,"13":8,"14":9,"15":1,"16":6,"17":10,"18":16,"19":5,"1":9,"2":17,"3":1,"4":7,"5":11,"6":5,"7":7,"8":3,"9":11,"20":2,"21":16}},{"STARTING PARTITION: ":{"22":4,"23":13,"24":6,"25":15,"26":10,"27":5,"28":6,"29":12,"30":11,"10":4,"11":11,"12":5,"13":3,"14":1,"15":1,"16":4,"17":9,"18":7,"19":6,"1":9,"2":13,"3":14,"4":8,"5":2,"6":7,"7":15,"8":1,"9":11,"20":15,"21":6},"Agents":[null,{"utility":58,"ID":1},{"utility":72,"ID":2},{"utility":46,"ID":3},{"utility":63,"ID":4},{"utility":65,"ID":5},{"utility":34,"ID":6},{"utility":93,"ID":7},{"utility":95,"ID":8},{"utility":64,"ID":9},{"utility":2,"ID":10},{"utility":48,"ID":11},{"utility":41,"ID":12},{"utility":92,"ID":13},{"utility":51,"ID":14},{"utility":91,"ID":15},{"utility":0,"ID":16},{"utility":68,"ID":17},{"utility":19,"ID":18},{"utility":75,"ID":19},{"utility":86,"ID":20},{"utility":74,"ID":21},{"utility":0,"ID":22},{"utility":13,"ID":23},{"utility":0,"ID":24},{"utility":92,"ID":25},{"utility":1,"ID":26},{"utility":0,"ID":27},{"utility":79,"ID":28},{"utility":90,"ID":29},{"utility":99,"ID":30}],"LAST COALITION":[[],[{"utility":46,"ID":3},{"utility":91,"ID":15}],[{"utility":0,"ID":27}],[{"utility":72,"ID":2},{"utility":99,"ID":30}],[{"utility":63,"ID":4},{"utility":93,"ID":7}],[{"utility":95,"ID":8},{"utility":1,"ID":26}],[{"utility":68,"ID":17},{"utility":90,"ID":29}],[{"utility":41,"ID":12},{"utility":13,"ID":23}],[{"utility":34,"ID":6},{"utility":75,"ID":19}],[{"utility":0,"ID":24}],[{"utility":0,"ID":22}],[{"utility":48,"ID":11},{"utility":19,"ID":18}],[{"utility":58,"ID":1},{"utility":51,"ID":14}],[{"utility":0,"ID":16}],[{"utility":86,"ID":20},{"utility":79,"ID":28}],[{"utility":65,"ID":5},{"utility":2,"ID":10}],[{"utility":64,"ID":9},{"utility":74,"ID":21}],[{"utility":92,"ID":13},{"utility":92,"ID":25}],[],[],[],[],[],[],[],[],[],[],[],[],[]],"STARTING COALITION: ":[[null],[{"utility":12,"ID":8},{"utility":21,"ID":14},{"utility":44,"ID":15}],[{"utility":0,"ID":5}],[{"utility":0,"ID":13}],[{"utility":0,"ID":10},{"utility":0,"ID":16},{"utility":86.5,"ID":22}],[{"utility":0,"ID":12},{"utility":7,"ID":27}],[{"utility":35.666666666666664,"ID":19},{"utility":27.666666666666668,"ID":21},{"utility":25,"ID":24},{"utility":54,"ID":28}],[{"utility":0,"ID":6},{"utility":0,"ID":18}],[{"utility":0,"ID":4}],[{"utility":0,"ID":1},{"utility":62,"ID":17}],[{"utility":0,"ID":26}],[{"utility":0,"ID":9},{"utility":39,"ID":11},{"utility":67,"ID":30}],[{"utility":0,"ID":29}],[{"utility":40,"ID":2},{"utility":0,"ID":23}],[{"utility":0,"ID":3}],[{"utility":0,"ID":7},{"utility":11.5,"ID":20},{"utility":14,"ID":25}],[],[],[],[],[],[],[],[],[],[],[],[],[],[],[]],"CORE :":false,"LAST PARTITION":{"22":10,"23":7,"24":9,"25":17,"26":5,"27":2,"28":14,"29":6,"30":3,"10":15,"11":11,"12":7,"13":17,"14":12,"15":1,"16":13,"17":6,"18":11,"19":8,"1":12,"2":3,"3":1,"4":4,"5":15,"6":8,"7":4,"8":5,"9":16,"20":14,"21":16}},{"STARTING PARTITION: ":{"22":12,"23":5,"24":14,"25":14,"26":13,"27":6,"28":2,"29":13,"30":5,"10":2,"11":4,"12":8,"13":9,"14":9,"15":8,"16":5,"17":11,"18":4,"19":8,"1":14,"2":13,"3":15,"4":11,"5":5,"6":3,"7":2,"8":12,"9":15,"20":4,"21":15},"Agents":[null,{"utility":58,"ID":1},{"utility":5.5,"ID":2},{"utility":46,"ID":3},{"utility":63,"ID":4},{"utility":50.5,"ID":5},{"utility":74,"ID":6},{"utility":93,"ID":7},{"utility":95,"ID":8},{"utility":5.5,"ID":9},{"utility":1,"ID":10},{"utility":9,"ID":11},{"utility":41,"ID":12},{"utility":92,"ID":13},{"utility":51,"ID":14},{"utility":91,"ID":15},{"utility":42,"ID":16},{"utility":68,"ID":17},{"utility":88,"ID":18},{"utility":70,"ID":19},{"utility":92,"ID":20},{"utility":76,"ID":21},{"utility":44.5,"ID":22},{"utility":13,"ID":23},{"utility":64,"ID":24},{"utility":92,"ID":25},{"utility":1,"ID":26},{"utility":44,"ID":27},{"utility":39,"ID":28},{"utility":90,"ID":29},{"utility":15,"ID":30}],"LAST COALITION":[[],[{"utility":88,"ID":18},{"utility":76,"ID":21}],[{"utility":9,"ID":11},{"utility":92,"ID":20}],[],[{"utility":58,"ID":1},{"utility":51,"ID":14}],[{"utility":50.5,"ID":5},{"utility":1,"ID":10},{"utility":44.5,"ID":22}],[{"utility":46,"ID":3},{"utility":91,"ID":15}],[{"utility":92,"ID":13},{"utility":92,"ID":25}],[],[{"utility":41,"ID":12},{"utility":13,"ID":23}],[{"utility":63,"ID":4},{"utility":93,"ID":7}],[{"utility":5.5,"ID":2},{"utility":5.5,"ID":9},{"utility":39,"ID":28}],[],[{"utility":42,"ID":16},{"utility":64,"ID":24}],[{"utility":68,"ID":17},{"utility":90,"ID":29}],[{"utility":70,"ID":19},{"utility":44,"ID":27}],[],[{"utility":74,"ID":6},{"utility":15,"ID":30}],[{"utility":95,"ID":8},{"utility":1,"ID":26}],[],[],[],[],[],[],[],[],[],[],[],[]],"STARTING COALITION: ":[[null],[],[{"utility":0,"ID":7},{"utility":42,"ID":10},{"utility":0,"ID":28}],[{"utility":0,"ID":6}],[{"utility":28.5,"ID":11},{"utility":11.5,"ID":18},{"utility":66,"ID":20}],[{"utility":8.333333333333334,"ID":5},{"utility":30,"ID":16},{"utility":0.3333333333333333,"ID":23},{"utility":17.666666666666668,"ID":30}],[{"utility":0,"ID":27}],[],[{"utility":89.5,"ID":12},{"utility":13,"ID":15},{"utility":0,"ID":19}],[{"utility":0,"ID":13},{"utility":0,"ID":14}],[],[{"utility":0,"ID":4},{"utility":0,"ID":17}],[{"utility":86,"ID":8},{"utility":63,"ID":22}],[{"utility":40.5,"ID":2},{"utility":18.5,"ID":26},{"utility":92.5,"ID":29}],[{"utility":0,"ID":1},{"utility":15.5,"ID":24},{"utility":0,"ID":25}],[{"utility":24.5,"ID":3},{"utility":32,"ID":9},{"utility":68.5,"ID":21}],[],[],[],[],[],[],[],[],[],[],[],[],[],[],[]],"CORE :":false,"LAST PARTITION":{"22":5,"23":9,"24":13,"25":7,"26":18,"27":15,"28":11,"29":14,"30":17,"10":5,"11":2,"12":9,"13":7,"14":4,"15":6,"16":13,"17":14,"18":1,"19":15,"1":4,"2":11,"3":6,"4":10,"5":5,"6":17,"7":10,"8":18,"9":11,"20":2,"21":1}},{"STARTING PARTITION: ":{"22":14,"23":3,"24":11,"25":1,"26":2,"27":4,"28":12,"29":7,"30":9,"10":11,"11":10,"12":9,"13":10,"14":12,"15":8,"16":8,"17":13,"18":10,"19":15,"1":11,"2":6,"3":13,"4":14,"5":7,"6":13,"7":6,"8":8,"9":13,"20":15,"21":9},"Agents":[null,{"utility":40,"ID":1},{"utility":98,"ID":2},{"utility":46,"ID":3},{"utility":63,"ID":4},{"utility":17,"ID":5},{"utility":34,"ID":6},{"utility":93,"ID":7},{"utility":86,"ID":8},{"utility":96,"ID":9},{"utility":73,"ID":10},{"utility":20,"ID":11},{"utility":41,"ID":12},{"utility":92,"ID":13},{"utility":98,"ID":14},{"utility":91,"ID":15},{"utility":42,"ID":16},{"utility":58,"ID":17},{"utility":88,"ID":18},{"utility":75,"ID":19},{"utility":86,"ID":20},{"utility":76,"ID":21},{"utility":63,"ID":22},{"utility":13,"ID":23},{"utility":64,"ID":24},{"utility":92,"ID":25},{"utility":37,"ID":26},{"utility":8,"ID":27},{"utility":79,"ID":28},{"utility":99,"ID":29},{"utility":56,"ID":30}],"LAST COALITION":[[],[{"utility":46,"ID":3},{"utility":91,"ID":15}],[{"utility":88,"ID":18},{"utility":76,"ID":21}],[],[{"utility":73,"ID":10},{"utility":8,"ID":27}],[{"utility":86,"ID":20},{"utility":79,"ID":28}],[{"utility":86,"ID":8},{"utility":63,"ID":22}],[{"utility":96,"ID":9},{"utility":58,"ID":17}],[],[{"utility":42,"ID":16},{"utility":64,"ID":24}],[{"utility":98,"ID":14},{"utility":56,"ID":30}],[{"utility":98,"ID":2},{"utility":17,"ID":5}],[{"utility":41,"ID":12},{"utility":13,"ID":23}],[{"utility":40,"ID":1},{"utility":20,"ID":11}],[{"utility":34,"ID":6},{"utility":75,"ID":19}],[{"utility":92,"ID":13},{"utility":92,"ID":25}],[],[{"utility":63,"ID":4},{"utility":93,"ID":7}],[],[{"utility":37,"ID":26},{"utility":99,"ID":29}],[],[],[],[],[],[],[],[],[],[],[]],"STARTING COALITION: ":[[null],[{"utility":0,"ID":25}],[{"utility":0,"ID":26}],[{"utility":0,"ID":23}],[{"utility":0,"ID":27}],[],[{"utility":0,"ID":2},{"utility":86,"ID":7}],[{"utility":25,"ID":5},{"utility":0,"ID":29}],[{"utility":50,"ID":8},{"utility":0,"ID":15},{"utility":59,"ID":16}],[{"utility":28,"ID":12},{"utility":58.5,"ID":21},{"utility":5.5,"ID":30}],[{"utility":24,"ID":11},{"utility":31,"ID":13},{"utility":36,"ID":18}],[{"utility":19.5,"ID":1},{"utility":24.5,"ID":10},{"utility":15.5,"ID":24}],[{"utility":0,"ID":14},{"utility":79,"ID":28}],[{"utility":6,"ID":3},{"utility":0,"ID":6},{"utility":35,"ID":9},{"utility":19.333333333333332,"ID":17}],[{"utility":90,"ID":4},{"utility":29,"ID":22}],[{"utility":0,"ID":19},{"utility":0,"ID":20}],[],[],[],[],[],[],[],[],[],[],[],[],[],[],[]],"CORE :":true,"LAST PARTITION":{"22":6,"23":12,"24":9,"25":15,"26":19,"27":4,"28":5,"29":19,"30":10,"10":4,"11":13,"12":12,"13":15,"14":10,"15":1,"16":9,"17":7,"18":2,"19":14,"1":13,"2":11,"3":1,"4":17,"5":11,"6":14,"7":17,"8":6,"9":7,"20":5,"21":2}},{"END OF FILE:" : true}]