[{"STARTING PARTITION: ":{"22":12,"23":6,"24":12,"25":9,"26":12,"27":11,"28":14,"29":3,"30":9,"10":4,"11":1,"12":7,"13":3,"14":1,"15":5,"16":3,"17":13,"18":14,"19":10,"1":12,"2":1,"3":1,"4":11,"5":4,"6":8,"7":8,"8":2,"9":10,"20":9,"21":9},"Agents":[null,{"utility":68,"ID":1},{"utility":91,"ID":2},{"utility":89,"ID":3},{"utility":73,"ID":4},{"utility":0,"ID":5},{"utility":97,"ID":6},{"utility":8,"ID":7},{"utility":95,"ID":8},{"utility":86,"ID":9},{"utility":89,"ID":10},{"utility":77,"ID":11},{"utility":0,"ID":12},{"utility":75,"ID":13},{"utility":95,"ID":14},{"utility":1,"ID":15},{"utility":33,"ID":16},{"utility":0,"ID":17},{"utility":61,"ID":18},{"utility":95,"ID":19},{"utility":82,"ID":20},{"utility":47,"ID":21},{"utility":86,"ID":22},{"utility":87,"ID":23},{"utility":83,"ID":24},{"utility":79,"ID":25},{"utility":83,"ID":26},{"utility":46,"ID":27},{"utility":88,"ID":28},{"utility":93,"ID":29},{"utility":82,"ID":30}],"LAST COALITION":[[],[{"utility":95,"ID":19},{"utility":82,"ID":30}],[{"utility":61,"ID":18},{"utility":86,"ID":22}],[{"utility":0,"ID":12}],[{"utility":73,"ID":4},{"utility":46,"ID":27}],[{"utility":83,"ID":24},{"utility":79,"ID":25}],[{"utility":95,"ID":14},{"utility":87,"ID":23}],[],[{"utility":8,"ID":7},{"utility":77,"ID":11}],[{"utility":1,"ID":15},{"utility":93,"ID":29}],[{"utility":95,"ID":8},{"utility":33,"ID":16}],[{"utility":68,"ID":1},{"utility":75,"ID":13}],[{"utility":97,"ID":6},{"utility":83,"ID":26}],[{"utility":89,"ID":3},{"utility":47,"ID":21}],[],[{"utility":91,"ID":2},{"utility":88,"ID":28}],[{"utility":86,"ID":9},{"utility":0,"ID":17}],[{"utility":89,"ID":10},{"utility":82,"ID":20}],[],[{"utility":0,"ID":5}],[],[],[],[],[],[],[],[],[],[],[]],"STARTING COALITION: ":[[null],[{"utility":24.333333333333332,"ID":2},{"utility":14.333333333333334,"ID":3},{"utility":15.666666666666666,"ID":11},{"utility":10,"ID":14}],[{"utility":0,"ID":8}],[{"utility":77.5,"ID":13},{"utility":0,"ID":16},{"utility":53.5,"ID":29}],[{"utility":0,"ID":5},{"utility":91,"ID":10}],[{"utility":0,"ID":15}],[{"utility":0,"ID":23}],[{"utility":0,"ID":12}],[{"utility":0,"ID":6},{"utility":0,"ID":7}],[{"utility":0,"ID":20},{"utility":20.333333333333332,"ID":21},{"utility":5.666666666666667,"ID":25},{"utility":13,"ID":30}],[{"utility":0,"ID":9},{"utility":0,"ID":19}],[{"utility":73,"ID":4},{"utility":46,"ID":27}],[{"utility":16,"ID":1},{"utility":32.666666666666664,"ID":22},{"utility":14,"ID":24},{"utility":3.6666666666666665,"ID":26}],[{"utility":0,"ID":17}],[{"utility":0,"ID":18},{"utility":0,"ID":28}],[],[],[],[],[],[],[],[],[],[],[],[],[],[],[],[]],"CORE :":true,"LAST PARTITION":{"22":2,"23":6,"24":5,"25":5,"26":12,"27":4,"28":15,"29":9,"30":1,"10":17,"11":8,"12":3,"13":11,"14":6,"15":9,"16":10,"17":16,"18":2,"19":1,"1":11,"2":15,"3":13,"4":4,"5":19,"6":12,"7":8,"8":10,"9":16,"20":17,"21":13}},{"STARTING PARTITION: ":{"22":7,"23":13,"24":4,"25":11,"26":10,"27":1,"28":5,"29":4,"30":4,"10":7,"11":13,"12":10,"13":12,"14":15,"15":9,"16":4,"17":3,"18":13,"19":11,"1":10,"2":2,"3":3,"4":6,"5":4,"6":1,"7":11,"8":13,"9":11,"20":6,"21":3},"Agents":[null,{"utility":97,"ID":1},{"utility":91,"ID":2},{"utility":89,"ID":3},{"utility":73,"ID":4},{"utility":0,"ID":5},{"utility":97,"ID":6},{"utility":8,"ID":7},{"utility":95,"ID":8},{"utility":54,"ID":9},{"utility":89,"ID":10},{"utility":77,"ID":11},{"utility":0,"ID":12},{"utility":76,"ID":13},{"utility":95,"ID":14},{"utility":32,"ID":15},{"utility":33,"ID":16},{"utility":0,"ID":17},{"utility":61,"ID":18},{"utility":95,"ID":19},{"utility":82,"ID":20},{"utility":47,"ID":21},{"utility":86,"ID":22},{"utility":87,"ID":23},{"utility":83,"ID":24},{"utility":79,"ID":25},{"utility":83,"ID":26},{"utility":46,"ID":27},{"utility":88,"ID":28},{"utility":83,"ID":29},{"utility":82,"ID":30}],"LAST COALITION":[[],[{"utility":0,"ID":17}],[{"utility":0,"ID":12}],[{"utility":95,"ID":19},{"utility":82,"ID":30}],[{"utility":8,"ID":7},{"utility":77,"ID":11}],[{"utility":95,"ID":14},{"utility":87,"ID":23}],[{"utility":83,"ID":24},{"utility":79,"ID":25}],[{"utility":54,"ID":9},{"utility":32,"ID":15}],[{"utility":73,"ID":4},{"utility":46,"ID":27}],[{"utility":61,"ID":18},{"utility":86,"ID":22}],[],[{"utility":89,"ID":3},{"utility":47,"ID":21}],[{"utility":89,"ID":10},{"utility":82,"ID":20}],[{"utility":97,"ID":1},{"utility":0,"ID":5}],[],[{"utility":91,"ID":2},{"utility":88,"ID":28}],[{"utility":76,"ID":13},{"utility":83,"ID":29}],[{"utility":97,"ID":6},{"utility":83,"ID":26}],[{"utility":95,"ID":8},{"utility":33,"ID":16}],[],[],[],[],[],[],[],[],[],[],[],[]],"STARTING COALITION: ":[[null],[{"utility":0,"ID":6},{"utility":0,"ID":27}],[{"utility":0,"ID":2}],[{"utility":44.5,"ID":3},{"utility":49,"ID":17},{"utility":33,"ID":21}],[{"utility":18.75,"ID":5},{"utility":0,"ID":16},{"utility":15.5,"ID":24},{"utility":27,"ID":29},{"utility":19.5,"ID":30}],[{"utility":0,"ID":28}],[{"utility":0,"ID":4},{"utility":0,"ID":20}],[{"utility":54,"ID":10},{"utility":21,"ID":22}],[],[{"utility":0,"ID":15}],[{"utility":18,"ID":1},{"utility":28.5,"ID":12},{"utility":38,"ID":26}],[{"utility":10,"ID":7},{"utility":31.333333333333332,"ID":9},{"utility":55.333333333333336,"ID":19},{"utility":43.666666666666664,"ID":25}],[{"utility":0,"ID":13}],[{"utility":37,"ID":8},{"utility":42.333333333333336,"ID":11},{"utility":19,"ID":18},{"utility":1.3333333333333333,"ID":23}],[],[{"utility":0,"ID":14}],[],[],[],[],[],[],[],[],[],[],[],[],[],[],[]],"CORE :":true,"LAST PARTITION":{"22":9,"23":5,"24":6,"25":6,"26":17,"27":8,"28":15,"29":16,"30":3,"10":12,"11":4,"12":2,"13":16,"14":5,"15":7,"16":18,"17":1,"18":9,"19":3,"1":13,"2":15,"3":11,"4":8,"5":13,"6":17,"7":4,"8":18,"9":7,"20":12,"21":11}},{"STARTING PARTITION: ":{"22":10,"23":10,"24":8,"25":4,"26":13,"27":12,"28":2,"29":15,"30":2,"10":12,"11":3,"12":13,"13":3,"14":9,"15":14,"16":11,"17":14,"18":11,"19":15,"1":8,"2":12,"3":6,"4":9,"5":8,"6":15,"7":12,"8":1,"9":10,"20":14,"21":11},"Agents":[null,{"utility":30,"ID":1},{"utility":91,"ID":2},{"utility":89,"ID":3},{"utility":73,"ID":4},{"utility":0,"ID":5},{"utility":97,"ID":6},{"utility":8,"ID":7},{"utility":87,"ID":8},{"utility":54,"ID":9},{"utility":89,"ID":10},{"utility":77,"ID":11},{"utility":0,"ID":12},{"utility":76,"ID":13},{"utility":95,"ID":14},{"utility":32,"ID":15},{"utility":84,"ID":16},{"utility":0,"ID":17},{"utility":61,"ID":18},{"utility":95,"ID":19},{"utility":82,"ID":20},{"utility":47,"ID":21},{"utility":86,"ID":22},{"utility":87,"ID":23},{"utility":83,"ID":24},{"utility":79,"ID":25},{"utility":83,"ID":26},{"utility":46,"ID":27},{"utility":88,"ID":28},{"utility":83,"ID":29},{"utility":82,"ID":30}],"LAST COALITION":[[],[{"utility":83,"ID":24},{"utility":79,"ID":25}],[{"utility":95,"ID":19},{"utility":82,"ID":30}],[{"utility":8,"ID":7},{"utility":77,"ID":11}],[{"utility":0,"ID":12}],[{"utility":54,"ID":9},{"utility":32,"ID":15}],[{"utility":73,"ID":4},{"utility":46,"ID":27}],[{"utility":30,"ID":1},{"utility":84,"ID":16}],[{"utility":0,"ID":17}],[],[{"utility":91,"ID":2},{"utility":88,"ID":28}],[{"utility":76,"ID":13},{"utility":83,"ID":29}],[{"utility":89,"ID":3},{"utility":47,"ID":21}],[{"utility":95,"ID":14},{"utility":87,"ID":23}],[{"utility":61,"ID":18},{"utility":86,"ID":22}],[],[{"utility":97,"ID":6},{"utility":83,"ID":26}],[],[{"utility":0,"ID":5},{"utility":87,"ID":8}],[{"utility":89,"ID":10},{"utility":82,"ID":20}],[],[],[],[],[],[],[],[],[],[],[]],"STARTING COALITION: ":[[null],[{"utility":0,"ID":8}],[{"utility":82,"ID":28},{"utility":18,"ID":30}],[{"utility":0,"ID":11},{"utility":41,"ID":13}],[{"utility":0,"ID":25}],[],[{"utility":0,"ID":3}],[],[{"utility":48.5,"ID":1},{"utility":0,"ID":5},{"utility":23.5,"ID":24}],[{"utility":0,"ID":4},{"utility":0,"ID":14}],[{"utility":48,"ID":9},{"utility":30.5,"ID":22},{"utility":33.5,"ID":23}],[{"utility":0,"ID":16},{"utility":16.5,"ID":18},{"utility":15,"ID":21}],[{"utility":45,"ID":2},{"utility":0,"ID":7},{"utility":25.666666666666668,"ID":10},{"utility":10.666666666666666,"ID":27}],[{"utility":8,"ID":12},{"utility":76,"ID":26}],[{"utility":51,"ID":15},{"utility":36,"ID":17},{"utility":0,"ID":20}],[{"utility":0,"ID":6},{"utility":2.5,"ID":19},{"utility":0,"ID":29}],[],[],[],[],[],[],[],[],[],[],[],[],[],[],[]],"CORE :":true,"LAST PARTITION":{"22":14,"23":13,"24":1,"25":1,"26":16,"27":6,"28":10,"29":11,"30":2,"10":19,"11":3,"12":4,"13":11,"14":13,"15":5,"16":7,"17":8,"18":14,"19":2,"1":7,"2":10,"3":12,"4":6,"5":18,"6":16,"7":3,"8":18,"9":5,"20":19,"21":12}},{"STARTING PARTITION: ":{"22":3,"23":10,"24":8,"25":12,"26":14,"27":11,"28":9,"29":11,"30":4,"10":2,"11":4,"12":10,"13":5,"14":8,"15":6,"16":12,"17":2,"18":5,"19":10,"1":6,"2":15,"3":5,"4":5,"5":15,"6":12,"7":6,"8":11,"9":7,"20":1,"21":10},"Agents":[null,{"utility":97,"ID":1},{"utility":91,"ID":2},{"utility":89,"ID":3},{"utility":73,"ID":4},{"utility":0,"ID":5},{"utility":97,"ID":6},{"utility":8,"ID":7},{"utility":95,"ID":8},{"utility":54,"ID":9},{"utility":89,"ID":10},{"utility":77,"ID":11},{"utility":0,"ID":12},{"utility":76,"ID":13},{"utility":95,"ID":14},{"utility":32,"ID":15},{"utility":33,"ID":16},{"utility":3,"ID":17},{"utility":61,"ID":18},{"utility":95,"ID":19},{"utility":82,"ID":20},{"utility":47,"ID":21},{"utility":86,"ID":22},{"utility":87,"ID":23},{"utility":83,"ID":24},{"utility":79,"ID":25},{"utility":83,"ID":26},{"utility":46,"ID":27},{"utility":88,"ID":28},{"utility":83,"ID":29},{"utility":82,"ID":30}],"LAST COALITION":[[],[{"utility":89,"ID":10},{"utility":82,"ID":20}],[{"utility":91,"ID":2},{"utility":88,"ID":28}],[{"utility":97,"ID":1},{"utility":0,"ID":5}],[{"utility":95,"ID":8},{"utility":33,"ID":16}],[{"utility":95,"ID":19},{"utility":82,"ID":30}],[{"utility":54,"ID":9},{"utility":32,"ID":15}],[{"utility":83,"ID":24},{"utility":79,"ID":25}],[{"utility":89,"ID":3},{"utility":47,"ID":21}],[{"utility":8,"ID":7},{"utility":77,"ID":11}],[],[{"utility":76,"ID":13},{"utility":83,"ID":29}],[{"utility":95,"ID":14},{"utility":87,"ID":23}],[{"utility":73,"ID":4},{"utility":46,"ID":27}],[{"utility":97,"ID":6},{"utility":83,"ID":26}],[{"utility":61,"ID":18},{"utility":86,"ID":22}],[{"utility":0,"ID":12},{"utility":3,"ID":17}],[],[],[],[],[],[],[],[],[],[],[],[],[],[]],"STARTING COALITION: ":[[null],[{"utility":0,"ID":20}],[{"utility":21,"ID":10},{"utility":0,"ID":17}],[{"utility":0,"ID":22}],[{"utility":73,"ID":11},{"utility":91,"ID":30}],[{"utility":23,"ID":3},{"utility":42.666666666666664,"ID":4},{"utility":18.666666666666668,"ID":13},{"utility":24.333333333333332,"ID":18}],[{"utility":12.5,"ID":1},{"utility":0,"ID":7},{"utility":35.5,"ID":15}],[{"utility":0,"ID":9}],[{"utility":0,"ID":14},{"utility":10,"ID":24}],[{"utility":0,"ID":28}],[{"utility":0,"ID":12},{"utility":5.333333333333333,"ID":19},{"utility":12.333333333333334,"ID":21},{"utility":26.666666666666668,"ID":23}],[{"utility":10,"ID":8},{"utility":41,"ID":27},{"utility":30.5,"ID":29}],[{"utility":35.5,"ID":6},{"utility":66,"ID":16},{"utility":41.5,"ID":25}],[],[{"utility":0,"ID":26}],[{"utility":84,"ID":2},{"utility":63,"ID":5}],[],[],[],[],[],[],[],[],[],[],[],[],[],[],[]],"CORE :":true,"LAST PARTITION":{"22":15,"23":12,"24":7,"25":7,"26":14,"27":13,"28":2,"29":11,"30":5,"10":1,"11":9,"12":16,"13":11,"14":12,"15":6,"16":4,"17":16,"18":15,"19":5,"1":3,"2":2,"3":8,"4":13,"5":3,"6":14,"7":9,"8":4,"9":6,"20":1,"21":8}},{"STARTING PARTITION: ":{"22":1,"23":8,"24":4,"25":1,"26":3,"27":5,"28":7,"29":3,"30":2,"10":12,"11":12,"12":14,"13":13,"14":2,"15":9,"16":6,"17":7,"18":15,"19":10,"1":1,"2":15,"3":3,"4":13,"5":10,"6":15,"7":1,"8":11,"9":12,"20":4,"21":1},"Agents":[null,{"utility":83,"ID":1},{"utility":91,"ID":2},{"utility":89,"ID":3},{"utility":0,"ID":4},{"utility":0,"ID":5},{"utility":97,"ID":6},{"utility":8,"ID":7},{"utility":0,"ID":8},{"utility":20,"ID":9},{"utility":89,"ID":10},{"utility":77,"ID":11},{"utility":0,"ID":12},{"utility":38,"ID":13},{"utility":95,"ID":14},{"utility":41,"ID":15},{"utility":4,"ID":16},{"utility":38.5,"ID":17},{"utility":61,"ID":18},{"utility":95,"ID":19},{"utility":82,"ID":20},{"utility":47,"ID":21},{"utility":86,"ID":22},{"utility":87,"ID":23},{"utility":83,"ID":24},{"utility":79,"ID":25},{"utility":83,"ID":26},{"utility":46.5,"ID":27},{"utility":88,"ID":28},{"utility":88,"ID":29},{"utility":82,"ID":30}],"LAST COALITION":[[],[],[{"utility":38,"ID":13},{"utility":41,"ID":15},{"utility":88,"ID":29}],[{"utility":0,"ID":5}],[{"utility":83,"ID":1},{"utility":20,"ID":9}],[{"utility":89,"ID":3},{"utility":47,"ID":21}],[{"utility":95,"ID":19},{"utility":82,"ID":30}],[{"utility":97,"ID":6},{"utility":83,"ID":26}],[{"utility":0,"ID":12}],[{"utility":0,"ID":4}],[{"utility":89,"ID":10},{"utility":82,"ID":20}],[{"utility":91,"ID":2},{"utility":88,"ID":28}],[{"utility":61,"ID":18},{"utility":86,"ID":22}],[{"utility":8,"ID":7},{"utility":77,"ID":11}],[{"utility":4,"ID":16},{"utility":38.5,"ID":17},{"utility":46.5,"ID":27}],[],[{"utility":0,"ID":8}],[{"utility":95,"ID":14},{"utility":87,"ID":23}],[{"utility":83,"ID":24},{"utility":79,"ID":25}],[],[],[],[],[],[],[],[],[],[],[],[]],"STARTING COALITION: ":[[null],[{"utility":8.75,"ID":1},{"utility":32,"ID":7},{"utility":22.25,"ID":21},{"utility":0,"ID":22},{"utility":20.5,"ID":25}],[{"utility":4,"ID":14},{"utility":0,"ID":30}],[{"utility":77.5,"ID":3},{"utility":15.5,"ID":26},{"utility":0,"ID":29}],[{"utility":0,"ID":20},{"utility":77,"ID":24}],[{"utility":0,"ID":27}],[{"utility":0,"ID":16}],[{"utility":93,"ID":17},{"utility":68,"ID":28}],[{"utility":0,"ID":23}],[{"utility":0,"ID":15}],[{"utility":0,"ID":5},{"utility":0,"ID":19}],[{"utility":0,"ID":8}],[{"utility":71.5,"ID":9},{"utility":25,"ID":10},{"utility":0,"ID":11}],[{"utility":0,"ID":4},{"utility":0,"ID":13}],[{"utility":0,"ID":12}],[{"utility":34.5,"ID":2},{"utility":62.5,"ID":6},{"utility":4.5,"ID":18}],[],[],[],[],[],[],[],[],[],[],[],[],[],[],[]],"CORE :":false,"LAST PARTITION":{"22":12,"23":17,"24":18,"25":18,"26":7,"27":14,"28":11,"29":2,"30":6,"10":10,"11":13,"12":8,"13":2,"14":17,"15":2,"16":14,"17":14,"18":12,"19":6,"1":4,"2":11,"3":5,"4":9,"5":3,"6":7,"7":13,"8":16,"9":4,"20":10,"21":5}},{"END OF FILE:" : true}]