[{"STARTING PARTITION: ":{"22":15,"23":7,"24":15,"25":12,"26":4,"27":11,"28":12,"29":1,"30":10,"10":9,"11":9,"12":8,"13":6,"14":11,"15":3,"16":1,"17":10,"18":14,"19":15,"1":2,"2":4,"3":13,"4":11,"5":8,"6":15,"7":15,"8":7,"9":4,"20":3,"21":14},"Agents":[null,{"utility":94,"ID":1},{"utility":34,"ID":2},{"utility":92,"ID":3},{"utility":40,"ID":4},{"utility":63,"ID":5},{"utility":90,"ID":6},{"utility":97,"ID":7},{"utility":88,"ID":8},{"utility":45,"ID":9},{"utility":92,"ID":10},{"utility":53,"ID":11},{"utility":83,"ID":12},{"utility":92,"ID":13},{"utility":72,"ID":14},{"utility":52,"ID":15},{"utility":42,"ID":16},{"utility":86,"ID":17},{"utility":19,"ID":18},{"utility":59,"ID":19},{"utility":19.5,"ID":20},{"utility":30,"ID":21},{"utility":73,"ID":22},{"utility":74,"ID":23},{"utility":24,"ID":24},{"utility":89,"ID":25},{"utility":51,"ID":26},{"utility":98,"ID":27},{"utility":30,"ID":28},{"utility":0,"ID":29},{"utility":74,"ID":30}],"LAST COALITION":[[],[{"utility":86,"ID":17},{"utility":30,"ID":21}],[{"utility":59,"ID":19},{"utility":73,"ID":22}],[],[{"utility":92,"ID":10},{"utility":74,"ID":30}],[{"utility":89,"ID":25},{"utility":30,"ID":28}],[{"utility":88,"ID":8},{"utility":53,"ID":11}],[{"utility":63,"ID":5},{"utility":72,"ID":14}],[{"utility":94,"ID":1},{"utility":90,"ID":6}],[{"utility":19,"ID":18},{"utility":74,"ID":23}],[],[{"utility":92,"ID":3},{"utility":98,"ID":27}],[{"utility":34,"ID":2},{"utility":42,"ID":16},{"utility":19.5,"ID":20}],[{"utility":40,"ID":4},{"utility":45,"ID":9}],[{"utility":52,"ID":15},{"utility":51,"ID":26}],[{"utility":97,"ID":7},{"utility":92,"ID":13}],[{"utility":83,"ID":12},{"utility":24,"ID":24}],[],[],[],[{"utility":0,"ID":29}],[],[],[],[],[],[],[],[],[],[]],"STARTING COALITION: ":[[null],[{"utility":2,"ID":16},{"utility":88,"ID":29}],[{"utility":0,"ID":1}],[{"utility":0,"ID":15},{"utility":93,"ID":20}],[{"utility":12,"ID":2},{"utility":0,"ID":9},{"utility":49,"ID":26}],[],[{"utility":0,"ID":13}],[{"utility":0,"ID":8},{"utility":0,"ID":23}],[{"utility":30,"ID":5},{"utility":0,"ID":12}],[{"utility":84,"ID":10},{"utility":10,"ID":11}],[{"utility":34,"ID":17},{"utility":0,"ID":30}],[{"utility":57.5,"ID":4},{"utility":33.5,"ID":14},{"utility":4.5,"ID":27}],[{"utility":89,"ID":25},{"utility":30,"ID":28}],[{"utility":0,"ID":3}],[{"utility":92,"ID":18},{"utility":26,"ID":21}],[{"utility":5,"ID":6},{"utility":20.25,"ID":7},{"utility":15,"ID":19},{"utility":20.25,"ID":22},{"utility":40.75,"ID":24}],[],[],[],[],[],[],[],[],[],[],[],[],[],[],[]],"CORE :":true,"LAST PARTITION":{"22":2,"23":9,"24":16,"25":5,"26":14,"27":11,"28":5,"29":20,"30":4,"10":4,"11":6,"12":16,"13":15,"14":7,"15":14,"16":12,"17":1,"18":9,"19":2,"1":8,"2":12,"3":11,"4":13,"5":7,"6":8,"7":15,"8":6,"9":13,"20":12,"21":1}},{"STARTING PARTITION: ":{"22":7,"23":5,"24":3,"25":12,"26":6,"27":14,"28":14,"29":6,"30":2,"10":10,"11":13,"12":9,"13":6,"14":15,"15":13,"16":13,"17":14,"18":5,"19":1,"1":14,"2":11,"3":1,"4":2,"5":1,"6":4,"7":12,"8":3,"9":13,"20":15,"21":7},"Agents":[null,{"utility":94,"ID":1},{"utility":34,"ID":2},{"utility":92,"ID":3},{"utility":40,"ID":4},{"utility":63,"ID":5},{"utility":90,"ID":6},{"utility":97,"ID":7},{"utility":88,"ID":8},{"utility":45,"ID":9},{"utility":92,"ID":10},{"utility":53,"ID":11},{"utility":83,"ID":12},{"utility":92,"ID":13},{"utility":72,"ID":14},{"utility":52,"ID":15},{"utility":42,"ID":16},{"utility":86,"ID":17},{"utility":19,"ID":18},{"utility":59,"ID":19},{"utility":19.5,"ID":20},{"utility":30,"ID":21},{"utility":73,"ID":22},{"utility":74,"ID":23},{"utility":24,"ID":24},{"utility":89,"ID":25},{"utility":51,"ID":26},{"utility":98,"ID":27},{"utility":30,"ID":28},{"utility":0,"ID":29},{"utility":74,"ID":30}],"LAST COALITION":[[],[{"utility":97,"ID":7},{"utility":92,"ID":13}],[{"utility":92,"ID":10},{"utility":74,"ID":30}],[{"utility":34,"ID":2},{"utility":42,"ID":16},{"utility":19.5,"ID":20}],[{"utility":92,"ID":3},{"utility":98,"ID":27}],[{"utility":86,"ID":17},{"utility":30,"ID":21}],[],[{"utility":0,"ID":29}],[{"utility":63,"ID":5},{"utility":72,"ID":14}],[{"utility":83,"ID":12},{"utility":24,"ID":24}],[],[{"utility":19,"ID":18},{"utility":74,"ID":23}],[{"utility":40,"ID":4},{"utility":45,"ID":9}],[{"utility":88,"ID":8},{"utility":53,"ID":11}],[],[{"utility":89,"ID":25},{"utility":30,"ID":28}],[{"utility":52,"ID":15},{"utility":51,"ID":26}],[{"utility":59,"ID":19},{"utility":73,"ID":22}],[],[{"utility":94,"ID":1},{"utility":90,"ID":6}],[],[],[],[],[],[],[],[],[],[],[]],"STARTING COALITION: ":[[null],[{"utility":0,"ID":3},{"utility":16.5,"ID":5},{"utility":0,"ID":19}],[{"utility":0,"ID":4},{"utility":50,"ID":30}],[{"utility":0,"ID":8},{"utility":0,"ID":24}],[{"utility":0,"ID":6}],[{"utility":19,"ID":18},{"utility":74,"ID":23}],[{"utility":10.5,"ID":13},{"utility":21,"ID":26},{"utility":0,"ID":29}],[{"utility":51,"ID":21},{"utility":65,"ID":22}],[],[{"utility":0,"ID":12}],[{"utility":0,"ID":10}],[{"utility":0,"ID":2}],[{"utility":0,"ID":7},{"utility":95,"ID":25}],[{"utility":13.666666666666666,"ID":9},{"utility":13.333333333333334,"ID":11},{"utility":0,"ID":15},{"utility":14.666666666666666,"ID":16}],[{"utility":0,"ID":1},{"utility":11.666666666666666,"ID":17},{"utility":0,"ID":27},{"utility":12.666666666666666,"ID":28}],[{"utility":55,"ID":14},{"utility":0,"ID":20}],[],[],[],[],[],[],[],[],[],[],[],[],[],[],[]],"CORE :":true,"LAST PARTITION":{"22":17,"23":11,"24":9,"25":15,"26":16,"27":4,"28":15,"29":7,"30":2,"10":2,"11":13,"12":9,"13":1,"14":8,"15":16,"16":3,"17":5,"18":11,"19":17,"1":19,"2":3,"3":4,"4":12,"5":8,"6":19,"7":1,"8":13,"9":12,"20":3,"21":5}},{"STARTING PARTITION: ":{"22":8,"23":1,"24":5,"25":1,"26":15,"27":6,"28":14,"29":14,"30":13,"10":2,"11":8,"12":4,"13":6,"14":15,"15":10,"16":5,"17":1,"18":11,"19":15,"1":6,"2":14,"3":9,"4":3,"5":13,"6":15,"7":9,"8":1,"9":3,"20":15,"21":5},"Agents":[null,{"utility":94,"ID":1},{"utility":99,"ID":2},{"utility":92,"ID":3},{"utility":40,"ID":4},{"utility":63,"ID":5},{"utility":90,"ID":6},{"utility":97,"ID":7},{"utility":34,"ID":8},{"utility":45,"ID":9},{"utility":92,"ID":10},{"utility":0,"ID":11},{"utility":0,"ID":12},{"utility":92,"ID":13},{"utility":72,"ID":14},{"utility":66,"ID":15},{"utility":2,"ID":16},{"utility":32,"ID":17},{"utility":0,"ID":18},{"utility":0,"ID":19},{"utility":0,"ID":20},{"utility":51,"ID":21},{"utility":65,"ID":22},{"utility":52,"ID":23},{"utility":0,"ID":24},{"utility":89,"ID":25},{"utility":98,"ID":26},{"utility":98,"ID":27},{"utility":30,"ID":28},{"utility":88,"ID":29},{"utility":74,"ID":30}],"LAST COALITION":[[],[{"utility":40,"ID":4},{"utility":45,"ID":9}],[{"utility":0,"ID":20}],[{"utility":94,"ID":1},{"utility":90,"ID":6}],[{"utility":0,"ID":18}],[{"utility":51,"ID":21},{"utility":65,"ID":22}],[{"utility":97,"ID":7},{"utility":92,"ID":13}],[{"utility":92,"ID":3},{"utility":98,"ID":27}],[],[{"utility":0,"ID":11}],[{"utility":92,"ID":10},{"utility":74,"ID":30}],[{"utility":0,"ID":24}],[{"utility":0,"ID":12}],[{"utility":99,"ID":2},{"utility":34,"ID":8}],[{"utility":66,"ID":15},{"utility":32,"ID":17}],[{"utility":52,"ID":23},{"utility":98,"ID":26}],[{"utility":63,"ID":5},{"utility":72,"ID":14}],[{"utility":89,"ID":25},{"utility":30,"ID":28}],[{"utility":0,"ID":19}],[{"utility":2,"ID":16},{"utility":88,"ID":29}],[],[],[],[],[],[],[],[],[],[],[]],"STARTING COALITION: ":[[null],[{"utility":0,"ID":8},{"utility":55.333333333333336,"ID":17},{"utility":15.333333333333334,"ID":23},{"utility":17.666666666666668,"ID":25}],[{"utility":0,"ID":10}],[{"utility":40,"ID":4},{"utility":45,"ID":9}],[{"utility":0,"ID":12}],[{"utility":44,"ID":16},{"utility":0,"ID":21},{"utility":25,"ID":24}],[{"utility":14.5,"ID":1},{"utility":91,"ID":13},{"utility":0,"ID":27}],[],[{"utility":14,"ID":11},{"utility":87,"ID":22}],[{"utility":84,"ID":3},{"utility":0,"ID":7}],[{"utility":0,"ID":15}],[{"utility":0,"ID":18}],[],[{"utility":0,"ID":5},{"utility":0,"ID":30}],[{"utility":20,"ID":2},{"utility":48.5,"ID":28},{"utility":0,"ID":29}],[{"utility":22,"ID":6},{"utility":23.5,"ID":14},{"utility":25,"ID":19},{"utility":12.5,"ID":20},{"utility":49.5,"ID":26}],[],[],[],[],[],[],[],[],[],[],[],[],[],[],[]],"CORE :":false,"LAST PARTITION":{"22":5,"23":15,"24":11,"25":17,"26":15,"27":7,"28":17,"29":19,"30":10,"10":10,"11":9,"12":12,"13":6,"14":16,"15":14,"16":19,"17":14,"18":4,"19":18,"1":3,"2":13,"3":7,"4":1,"5":16,"6":3,"7":6,"8":13,"9":1,"20":2,"21":5}},