[{"Modalità dinamica :":false,"Q : ":2,"STARTING PARTITION: ":{"22":2,"23":8,"24":15,"25":6,"26":15,"27":12,"28":11,"29":10,"30":4,"10":11,"11":8,"12":9,"13":6,"14":14,"15":4,"16":2,"17":1,"18":6,"19":8,"1":7,"2":3,"3":8,"4":5,"5":8,"6":7,"7":9,"8":9,"9":4,"20":14,"21":9},"LAST COALITION":[[],[{"utility":0,"ID":17}],[{"utility":23,"ID":16},{"utility":4,"ID":22}],[{"utility":0,"ID":21}],[{"utility":57.5,"ID":9},{"utility":55,"ID":15},{"utility":14,"ID":30}],[{"utility":0,"ID":13}],[{"utility":0,"ID":25}],[{"utility":0,"ID":8}],[{"utility":21,"ID":19},{"utility":0,"ID":23}],[{"utility":98,"ID":1},{"utility":32,"ID":28}],[{"utility":0,"ID":14}],[{"utility":0,"ID":2}],[{"utility":0,"ID":27}],[{"utility":0,"ID":10}],[{"utility":0,"ID":20}],[{"utility":83,"ID":24},{"utility":0,"ID":26}],[{"utility":47,"ID":3},{"utility":81,"ID":7}],[{"utility":0,"ID":29}],[],[{"utility":98,"ID":4},{"utility":87,"ID":18}],[{"utility":99,"ID":5},{"utility":91,"ID":11}],[{"utility":84,"ID":6},{"utility":97,"ID":12}],[],[],[],[],[],[],[],[],[]],"STARTING COALITION: ":[[null],[{"utility":0,"ID":17}],[{"utility":23,"ID":16},{"utility":4,"ID":22}],[{"utility":0,"ID":2}],[{"utility":57.5,"ID":9},{"utility":55,"ID":15},{"utility":14,"ID":30}],[{"utility":0,"ID":4}],[{"utility":41,"ID":13},{"utility":20.5,"ID":18},{"utility":27,"ID":25}],[{"utility":96,"ID":1},{"utility":67,"ID":6}],[{"utility":37.25,"ID":3},{"utility":85,"ID":5},{"utility":25.75,"ID":11},{"utility":22,"ID":19},{"utility":12.25,"ID":23}],[{"utility":45.333333333333336,"ID":7},{"utility":36.666666666666664,"ID":8},{"utility":39.666666666666664,"ID":12},{"utility":58,"ID":21}],[{"utility":0,"ID":29}],[{"utility":73,"ID":10},{"utility":88,"ID":28}],[{"utility":0,"ID":27}],[],[{"utility":16,"ID":14},{"utility":9,"ID":20}],[{"utility":83,"ID":24},{"utility":0,"ID":26}],[],[],[],[],[],[],[],[],[],[],[],[],[],[],[]],"CORE :":false,"Relazioni :":770,"Time : ":0.1,"LAST PARTITION":{"22":2,"23":8,"24":15,"25":6,"26":15,"27":12,"28":9,"29":17,"30":4,"10":13,"11":20,"12":21,"13":5,"14":10,"15":4,"16":2,"17":1,"18":19,"19":8,"1":9,"2":11,"3":16,"4":19,"5":20,"6":21,"7":16,"8":7,"9":4,"20":14,"21":3}},{"Modalità dinamica :":false,"Q : ":2,"STARTING PARTITION: ":{"22":2,"23":8,"24":15,"25":6,"26":15,"27":12,"28":11,"29":10,"30":4,"10":11,"11":8,"12":9,"13":6,"14":14,"15":4,"16":2,"17":1,"18":6,"19":8,"1":7,"2":3,"3":8,"4":5,"5":8,"6":7,"7":9,"8":9,"9":4,"20":14,"21":9},"LAST COALITION":[[],[{"utility":0,"ID":17}],[{"utility":23,"ID":16},{"utility":4,"ID":22}],[{"utility":0,"ID":21}],[{"utility":57.5,"ID":9},{"utility":55,"ID":15},{"utility":14,"ID":30}],[{"utility":0,"ID":13}],[{"utility":0,"ID":25}],[{"utility":0,"ID":8}],[{"utility":21,"ID":19},{"utility":0,"ID":23}],[{"utility":98,"ID":1},{"utility":32,"ID":28}],[{"utility":0,"ID":14}],[{"utility":99,"ID":2},{"utility":41,"ID":7}],[{"utility":0,"ID":27}],[{"utility":0,"ID":10}],[{"utility":0,"ID":20}],[{"utility":83,"ID":24},{"utility":0,"ID":26}],[],[{"utility":0,"ID":29}],[{"utility":0,"ID":3}],[{"utility":98,"ID":4},{"utility":87,"ID":18}],[{"utility":99,"ID":5},{"utility":91,"ID":11}],[{"utility":84,"ID":6},{"utility":97,"ID":12}],[],[],[],[],[],[],[],[],[]],"STARTING COALITION: ":[[null],[{"utility":0,"ID":17}],[{"utility":23,"ID":16},{"utility":4,"ID":22}],[{"utility":0,"ID":2}],[{"utility":57.5,"ID":9},{"utility":55,"ID":15},{"utility":14,"ID":30}],[{"utility":0,"ID":4}],[{"utility":41,"ID":13},{"utility":20.5,"ID":18},{"utility":27,"ID":25}],[{"utility":96,"ID":1},{"utility":67,"ID":6}],[{"utility":37.25,"ID":3},{"utility":85,"ID":5},{"utility":25.75,"ID":11},{"utility":22,"ID":19},{"utility":12.25,"ID":23}],[{"utility":45.333333333333336,"ID":7},{"utility":36.666666666666664,"ID":8},{"utility":39.666666666666664,"ID":12},{"utility":58,"ID":21}],[{"utility":0,"ID":29}],[{"utility":73,"ID":10},{"utility":88,"ID":28}],[{"utility":0,"ID":27}],[],[{"utility":16,"ID":14},{"utility":9,"ID":20}],[{"utility":83,"ID":24},{"utility":0,"ID":26}],[],[],[],[],[],[],[],[],[],[],[],[],[],[],[]],"CORE :":false,"Relazioni :":770,"Time : ":0.2,"LAST PARTITION":{"22":2,"23":8,"24":15,"25":6,"26":15,"27":12,"28":9,"29":17,"30":4,"10":13,"11":20,"12":21,"13":5,"14":10,"15":4,"16":2,"17":1,"18":19,"19":8,"1":9,"2":11,"3":18,"4":19,"5":20,"6":21,"7":11,"8":7,"9":4,"20":14,"21":3}},{"Modalità dinamica :":false,"Q : ":3,"STARTING PARTITION: ":{"22":2,"23":8,"24":15,"25":6,"26":15,"27":12,"28":11,"29":10,"30":4,"10":11,"11":8,"12":9,"13":6,"14":14,"15":4,"16":2,"17":1,"18":6,"19":8,"1":7,"2":3,"3":8,"4":5,"5":8,"6":7,"7":9,"8":9,"9":4,"20":14,"21":9},"LAST COALITION":[[],[{"utility":0,"ID":17}],[{"utility":23,"ID":16},{"utility":4,"ID":22}],[{"utility":0,"ID":21}],[{"utility":57.5,"ID":9},{"utility":55,"ID":15},{"utility":14,"ID":30}],[{"utility":0,"ID":13}],[{"utility":0,"ID":25}],[{"utility":0,"ID":8}],[{"utility":21,"ID":19},{"utility":0,"ID":23}],[{"utility":98,"ID":1},{"utility":32,"ID":28}],[{"utility":0,"ID":14}],[{"utility":0,"ID":2}],[{"utility":0,"ID":27}],[{"utility":0,"ID":10}],[{"utility":0,"ID":20}],[{"utility":83,"ID":24},{"utility":0,"ID":26}],[{"utility":47,"ID":3},{"utility":81,"ID":7}],[{"utility":0,"ID":29}],[],[{"utility":98,"ID":4},{"utility":87,"ID":18}],[{"utility":99,"ID":5},{"utility":91,"ID":11}],[{"utility":84,"ID":6},{"utility":97,"ID":12}],[],[],[],[],[],[],[],[],[]],"STARTING COALITION: ":[[null],[{"utility":0,"ID":17}],[{"utility":23,"ID":16},{"utility":4,"ID":22}],[{"utility":0,"ID":2}],[{"utility":57.5,"ID":9},{"utility":55,"ID":15},{"utility":14,"ID":30}],[{"utility":0,"ID":4}],[{"utility":41,"ID":13},{"utility":20.5,"ID":18},{"utility":27,"ID":25}],[{"utility":96,"ID":1},{"utility":67,"ID":6}],[{"utility":37.25,"ID":3},{"utility":85,"ID":5},{"utility":25.75,"ID":11},{"utility":22,"ID":19},{"utility":12.25,"ID":23}],[{"utility":45.333333333333336,"ID":7},{"utility":36.666666666666664,"ID":8},{"utility":39.666666666666664,"ID":12},{"utility":58,"ID":21}],[{"utility":0,"ID":29}],[{"utility":73,"ID":10},{"utility":88,"ID":28}],[{"utility":0,"ID":27}],[],[{"utility":16,"ID":14},{"utility":9,"ID":20}],[{"utility":83,"ID":24},{"utility":0,"ID":26}],[],[],[],[],[],[],[],[],[],[],[],[],[],[],[]],"CORE :":false,"Relazioni :":770,"Time : ":0.1,"LAST PARTITION":{"22":2,"23":8,"24":15,"25":6,"26":15,"27":12,"28":9,"29":17,"30":4,"10":13,"11":20,"12":21,"13":5,"14":10,"15":4,"16":2,"17":1,"18":19,"19":8,"1":9,"2":11,"3":16,"4":19,"5":20,"6":21,"7":16,"8":7,"9":4,"20":14,"21":3}},{"Modalità dinamica :":false,"Q : ":3,"STARTING PARTITION: ":{"22":2,"23":8,"24":15,"25":6,"26":15,"27":12,"28":11,"29":10,"30":4,"10":11,"11":8,"12":9,"13":6,"14":14,"15":4,"16":2,"17":1,"18":6,"19":8,"1":7,"2":3,"3":8,"4":5,"5":8,"6":7,"7":9,"8":9,"9":4,"20":14,"21":9},"LAST COALITION":[[],[{"utility":0,"ID":17}],[{"utility":23,"ID":16},{"utility":4,"ID":22}],[{"utility":0,"ID":21}],[{"utility":57.5,"ID":9},{"utility":55,"ID":15},{"utility":14,"ID":30}],[{"utility":0,"ID":13}],[{"utility":0,"ID":25}],[{"utility":0,"ID":8}],[{"utility":21,"ID":19},{"utility":0,"ID":23}],[{"utility":98,"ID":1},{"utility":32,"ID":28}],[{"utility":0,"ID":14}],[],[{"utility":0,"ID":27}],[{"utility":0,"ID":10}],[{"utility":0,"ID":20}],[{"utility":83,"ID":24},{"utility":0,"ID":26}],[{"utility":0,"ID":7}],[{"utility":0,"ID":29}],[{"utility":49,"ID":2},{"utility":60,"ID":3}],[{"utility":98,"ID":4},{"utility":87,"ID":18}],[{"utility":99,"ID":5},{"utility":91,"ID":11}],[{"utility":84,"ID":6},{"utility":97,"ID":12}],[],[],[],[],[],[],[],[],[]],"STARTING COALITION: ":[[null],[{"utility":0,"ID":17}],[{"utility":23,"ID":16},{"utility":4,"ID":22}],[{"utility":0,"ID":2}],[{"utility":57.5,"ID":9},{"utility":55,"ID":15},{"utility":14,"ID":30}],[{"utility":0,"ID":4}],[{"utility":41,"ID":13},{"utility":20.5,"ID":18},{"utility":27,"ID":25}],[{"utility":96,"ID":1},{"utility":67,"ID":6}],[{"utility":37.25,"ID":3},{"utility":85,"ID":5},{"utility":25.75,"ID":11},{"utility":22,"ID":19},{"utility":12.25,"ID":23}],[{"utility":45.333333333333336,"ID":7},{"utility":36.666666666666664,"ID":8},{"utility":39.666666666666664,"ID":12},{"utility":58,"ID":21}],[{"utility":0,"ID":29}],[{"utility":73,"ID":10},{"utility":88,"ID":28}],[{"utility":0,"ID":27}],[],[{"utility":16,"ID":14},{"utility":9,"ID":20}],[{"utility":83,"ID":24},{"utility":0,"ID":26}],[],[],[],[],[],[],[],[],[],[],[],[],[],[],[]],"CORE :":false,"Relazioni :":770,"Time : ":0.2,"LAST PARTITION":{"22":2,"23":8,"24":15,"25":6,"26":15,"27":12,"28":9,"29":17,"30":4,"10":13,"11":20,"12":21,"13":5,"14":10,"15":4,"16":2,"17":1,"18":19,"19":8,"1":9,"2":18,"3":18,"4":19,"5":20,"6":21,"7":16,"8":7,"9":4,"20":14,"21":3}},{"Modalità dinamica :":false,"Q : ":4,"STARTING PARTITION: ":{"22":2,"23":8,"24":15,"25":6,"26":15,"27":12,"28":11,"29":10,"30":4,"10":11,"11":8,"12":9,"13":6,"14":14,"15":4,"16":2,"17":1,"18":6,"19":8,"1":7,"2":3,"3":8,"4":5,"5":8,"6":7,"7":9,"8":9,"9":4,"20":14,"21":9},"LAST COALITION":[[],[{"utility":0,"ID":17}],[{"utility":23,"ID":16},{"utility":4,"ID":22}],[{"utility":0,"ID":21}],[{"utility":57.5,"ID":9},{"utility":55,"ID":15},{"utility":14,"ID":30}],[{"utility":0,"ID":13}],[{"utility":0,"ID":25}],[{"utility":0,"ID":8}],[{"utility":21,"ID":19},{"utility":0,"ID":23}],[{"utility":98,"ID":1},{"utility":32,"ID":28}],[{"utility":0,"ID":14}],[],[{"utility":0,"ID":27}],[{"utility":0,"ID":10}],[{"utility":0,"ID":20}],[{"utility":83,"ID":24},{"utility":0,"ID":26}],[{"utility":0,"ID":7}],[{"utility":0,"ID":29}],[{"utility":49,"ID":2},{"utility":60,"ID":3}],[{"utility":87,"ID":18},{"utility":98,"ID":4}],[{"utility":99,"ID":5},{"utility":91,"ID":11}],[{"utility":84,"ID":6},{"utility":97,"ID":12}],[],[],[],[],[],[],[],[],[]],"STARTING COALITION: ":[[null],[{"utility":0,"ID":17}],[{"utility":23,"ID":16},{"utility":4,"ID":22}],[{"utility":0,"ID":2}],[{"utility":57.5,"ID":9},{"utility":55,"ID":15},{"utility":14,"ID":30}],[{"utility":0,"ID":4}],[{"utility":41,"ID":13},{"utility":20.5,"ID":18},{"utility":27,"ID":25}],[{"utility":96,"ID":1},{"utility":67,"ID":6}],[{"utility":37.25,"ID":3},{"utility":85,"ID":5},{"utility":25.75,"ID":11},{"utility":22,"ID":19},{"utility":12.25,"ID":23}],[{"utility":45.333333333333336,"ID":7},{"utility":36.666666666666664,"ID":8},{"utility":39.666666666666664,"ID":12},{"utility":58,"ID":21}],[{"utility":0,"ID":29}],[{"utility":73,"ID":10},{"utility":88,"ID":28}],[{"utility":0,"ID":27}],[],[{"utility":16,"ID":14},{"utility":9,"ID":20}],[{"utility":83,"ID":24},{"utility":0,"ID":26}],[],[],[],[],[],[],[],[],[],[],[],[],[],[],[]],"CORE :":false,"Relazioni :":770,"Time : ":0.1,"LAST PARTITION":{"22":2,"23":8,"24":15,"25":6,"26":15,"27":12,"28":9,"29":17,"30":4,"10":13,"11":20,"12":21,"13":5,"14":10,"15":4,"16":2,"17":1,"18":19,"19":8,"1":9,"2":18,"3":18,"4":19,"5":20,"6":21,"7":16,"8":7,"9":4,"20":14,"21":3}},{"Modalità dinamica :":false,"Q : ":4,"STARTING PARTITION: ":{"22":2,"23":8,"24":15,"25":6,"26":15,"27":12,"28":11,"29":10,"30":4,"10":11,"11":8,"12":9,"13":6,"14":14,"15":4,"16":2,"17":1,"18":6,"19":8,"1":7,"2":3,"3":8,"4":5,"5":8,"6":7,"7":9,"8":9,"9":4,"20":14,"21":9},"LAST COALITION":[[],[{"utility":0,"ID":17}],[{"utility":23,"ID":16},{"utility":4,"ID":22}],[{"utility":0,"ID":21}],[{"utility":57.5,"ID":9},{"utility":55,"ID":15},{"utility":14,"ID":30}],[{"utility":0,"ID":13}],[{"utility":0,"ID":25}],[{"utility":0,"ID":8}],[{"utility":21,"ID":19},{"utility":0,"ID":23}],[{"utility":98,"ID":1},{"utility":32,"ID":28}],[{"utility":0,"ID":14}],[{"utility":0,"ID":2}],[{"utility":0,"ID":27}],[{"utility":0,"ID":10}],[{"utility":0,"ID":20}],[{"utility":83,"ID":24},{"utility":0,"ID":26}],[{"utility":47,"ID":3},{"utility":81,"ID":7}],[{"utility":0,"ID":29}],[],[{"utility":87,"ID":18},{"utility":98,"ID":4}],[{"utility":99,"ID":5},{"utility":91,"ID":11}],[{"utility":84,"ID":6},{"utility":97,"ID":12}],[],[],[],[],[],[],[],[],[]],"STARTING COALITION: ":[[null],[{"utility":0,"ID":17}],[{"utility":23,"ID":16},{"utility":4,"ID":22}],[{"utility":0,"ID":2}],[{"utility":57.5,"ID":9},{"utility":55,"ID":15},{"utility":14,"ID":30}],[{"utility":0,"ID":4}],[{"utility":41,"ID":13},{"utility":20.5,"ID":18},{"utility":27,"ID":25}],[{"utility":96,"ID":1},{"utility":67,"ID":6}],[{"utility":37.25,"ID":3},{"utility":85,"ID":5},{"utility":25.75,"ID":11},{"utility":22,"ID":19},{"utility":12.25,"ID":23}],[{"utility":45.333333333333336,"ID":7},{"utility":36.666666666666664,"ID":8},{"utility":39.666666666666664,"ID":12},{"utility":58,"ID":21}],[{"utility":0,"ID":29}],[{"utility":73,"ID":10},{"utility":88,"ID":28}],[{"utility":0,"ID":27}],[],[{"utility":16,"ID":14},{"utility":9,"ID":20}],[{"utility":83,"ID":24},{"utility":0,"ID":26}],[],[],[],[],[],[],[],[],[],[],[],[],[],[],[]],"CORE :":false,"Relazioni :":770,"Time : ":0.2,"LAST PARTITION":{"22":2,"23":8,"24":15,"25":6,"26":15,"27":12,"28":9,"29":17,"30":4,"10":13,"11":20,"12":21,"13":5,"14":10,"15":4,"16":2,"17":1,"18":19,"19":8,"1":9,"2":11,"3":16,"4":19,"5":20,"6":21,"7":16,"8":7,"9":4,"20":14,"21":3}},{"Modalità dinamica :":false,"Q : ":5,"STARTING PARTITION: ":{"22":2,"23":8,"24":15,"25":6,"26":15,"27":12,"28":11,"29":10,"30":4,"10":11,"11":8,"12":9,"13":6,"14":14,"15":4,"16":2,"17":1,"18":6,"19":8,"1":7,"2":3,"3":8,"4":5,"5":8,"6":7,"7":9,"8":9,"9":4,"20":14,"21":9},"LAST COALITION":[[],[{"utility":0,"ID":17}],[{"utility":23,"ID":16},{"utility":4,"ID":22}],[{"utility":0,"ID":21}],[{"utility":57.5,"ID":9},{"utility":55,"ID":15},{"utility":14,"ID":30}],[{"utility":0,"ID":13}],[{"utility":0,"ID":25}],[{"utility":0,"ID":8}],[{"utility":21,"ID":19},{"utility":0,"ID":23}],[{"utility":98,"ID":1},{"utility":32,"ID":28}],[{"utility":0,"ID":14}],[],[{"utility":0,"ID":27}],[{"utility":0,"ID":10}],[{"utility":0,"ID":20}],[{"utility":83,"ID":24},{"utility":0,"ID":26}],[{"utility":0,"ID":7}],[{"utility":0,"ID":29}],[{"utility":49,"ID":2},{"utility":60,"ID":3}],[{"utility":87,"ID":18},{"utility":98,"ID":4}],[{"utility":99,"ID":5},{"utility":91,"ID":11}],[{"utility":84,"ID":6},{"utility":97,"ID":12}],[],[],[],[],[],[],[],[],[]],"STARTING COALITION: ":[[null],[{"utility":0,"ID":17}],[{"utility":23,"ID":16},{"utility":4,"ID":22}],[{"utility":0,"ID":2}],[{"utility":57.5,"ID":9},{"utility":55,"ID":15},{"utility":14,"ID":30}],[{"utility":0,"ID":4}],[{"utility":41,"ID":13},{"utility":20.5,"ID":18},{"utility":27,"ID":25}],[{"utility":96,"ID":1},{"utility":67,"ID":6}],[{"utility":37.25,"ID":3},{"utility":85,"ID":5},{"utility":25.75,"ID":11},{"utility":22,"ID":19},{"utility":12.25,"ID":23}],[{"utility":45.333333333333336,"ID":7},{"utility":36.666666666666664,"ID":8},{"utility":39.666666666666664,"ID":12},{"utility":58,"ID":21}],[{"utility":0,"ID":29}],[{"utility":73,"ID":10},{"utility":88,"ID":28}],[{"utility":0,"ID":27}],[],[{"utility":16,"ID":14},{"utility":9,"ID":20}],[{"utility":83,"ID":24},{"utility":0,"ID":26}],[],[],[],[],[],[],[],[],[],[],[],[],[],[],[]],"CORE :":false,"Relazioni :":770,"Time : ":0.1,"LAST PARTITION":{"22":2,"23":8,"24":15,"25":6,"26":15,"27":12,"28":9,"29":17,"30":4,"10":13,"11":20,"12":21,"13":5,"14":10,"15":4,"16":2,"17":1,"18":19,"19":8,"1":9,"2":18,"3":18,"4":19,"5":20,"6":21,"7":16,"8":7,"9":4,"20":14,"21":3}},{"Modalità dinamica :":false,"Q : ":5,"STARTING PARTITION: ":{"22":2,"23":8,"24":15,"25":6,"26":15,"27":12,"28":11,"29":10,"30":4,"10":11,"11":8,"12":9,"13":6,"14":14,"15":4,"16":2,"17":1,"18":6,"19":8,"1":7,"2":3,"3":8,"4":5,"5":8,"6":7,"7":9,"8":9,"9":4,"20":14,"21":9},"LAST COALITION":[[],[{"utility":0,"ID":17}],[{"utility":23,"ID":16},{"utility":4,"ID":22}],[{"utility":0,"ID":21}],[{"utility":57.5,"ID":9},{"utility":55,"ID":15},{"utility":14,"ID":30}],[{"utility":0,"ID":13}],[{"utility":0,"ID":25}],[{"utility":0,"ID":8}],[{"utility":21,"ID":19},{"utility":0,"ID":23}],[{"utility":98,"ID":1},{"utility":32,"ID":28}],[{"utility":0,"ID":14}],[{"utility":0,"ID":2}],[{"utility":0,"ID":27}],[{"utility":0,"ID":10}],[{"utility":0,"ID":20}],[{"utility":83,"ID":24},{"utility":0,"ID":26}],[{"utility":47,"ID":3},{"utility":81,"ID":7}],[{"utility":0,"ID":29}],[],[{"utility":87,"ID":18},{"utility":98,"ID":4}],[{"utility":99,"ID":5},{"utility":91,"ID":11}],[{"utility":84,"ID":6},{"utility":97,"ID":12}],[],[],[],[],[],[],[],[],[]],"STARTING COALITION: ":[[null],[{"utility":0,"ID":17}],[{"utility":23,"ID":16},{"utility":4,"ID":22}],[{"utility":0,"ID":2}],[{"utility":57.5,"ID":9},{"utility":55,"ID":15},{"utility":14,"ID":30}],[{"utility":0,"ID":4}],[{"utility":41,"ID":13},{"utility":20.5,"ID":18},{"utility":27,"ID":25}],[{"utility":96,"ID":1},{"utility":67,"ID":6}],[{"utility":37.25,"ID":3},{"utility":85,"ID":5},{"utility":25.75,"ID":11},{"utility":22,"ID":19},{"utility":12.25,"ID":23}],[{"utility":45.333333333333336,"ID":7},{"utility":36.666666666666664,"ID":8},{"utility":39.666666666666664,"ID":12},{"utility":58,"ID":21}],[{"utility":0,"ID":29}],[{"utility":73,"ID":10},{"utility":88,"ID":28}],[{"utility":0,"ID":27}],[],[{"utility":16,"ID":14},{"utility":9,"ID":20}],[{"utility":83,"ID":24},{"utility":0,"ID":26}],[],[],[],[],[],[],[],[],[],[],[],[],[],[],[]],"CORE :":false,"Relazioni :":770,"Time : ":0.2,"LAST PARTITION":{"22":2,"23":8,"24":15,"25":6,"26":15,"27":12,"28":9,"29":17,"30":4,"10":13,"11":20,"12":21,"13":5,"14":10,"15":4,"16":2,"17":1,"18":19,"19":8,"1":9,"2":11,"3":16,"4":19,"5":20,"6":21,"7":16,"8":7,"9":4,"20":14,"21":3}},{"Modalità dinamica :":false,"Q : ":6,"STARTING PARTITION: ":{"22":2,"23":8,"24":15,"25":6,"26":15,"27":12,"28":11,"29":10,"30":4,"10":11,"11":8,"12":9,"13":6,"14":14,"15":4,"16":2,"17":1,"18":6,"19":8,"1":7,"2":3,"3":8,"4":5,"5":8,"6":7,"7":9,"8":9,"9":4,"20":14,"21":9},"LAST COALITION":[[],[{"utility":0,"ID":17}],[{"utility":23,"ID":16},{"utility":4,"ID":22}],[{"utility":0,"ID":21}],[{"utility":57.5,"ID":9},{"utility":55,"ID":15},{"utility":14,"ID":30}],[{"utility":0,"ID":13}],[{"utility":0,"ID":25}],[{"utility":0,"ID":8}],[{"utility":21,"ID":19},{"utility":0,"ID":23}],[{"utility":98,"ID":1},{"utility":32,"ID":28}],[{"utility":0,"ID":14}],[],[{"utility":0,"ID":27}],[{"utility":0,"ID":10}],[{"utility":0,"ID":20}],[{"utility":83,"ID":24},{"utility":0,"ID":26}],[{"utility":0,"ID":7}],[{"utility":0,"ID":29}],[{"utility":49,"ID":2},{"utility":60,"ID":3}],[{"utility":87,"ID":18},{"utility":98,"ID":4}],[{"utility":99,"ID":5},{"utility":91,"ID":11}],[{"utility":84,"ID":6},{"utility":97,"ID":12}],[],[],[],[],[],[],[],[],[]],"STARTING COALITION: ":[[null],[{"utility":0,"ID":17}],[{"utility":23,"ID":16},{"utility":4,"ID":22}],[{"utility":0,"ID":2}],[{"utility":57.5,"ID":9},{"utility":55,"ID":15},{"utility":14,"ID":30}],[{"utility":0,"ID":4}],[{"utility":41,"ID":13},{"utility":20.5,"ID":18},{"utility":27,"ID":25}],[{"utility":96,"ID":1},{"utility":67,"ID":6}],[{"utility":37.25,"ID":3},{"utility":85,"ID":5},{"utility":25.75,"ID":11},{"utility":22,"ID":19},{"utility":12.25,"ID":23}],[{"utility":45.333333333333336,"ID":7},{"utility":36.666666666666664,"ID":8},{"utility":39.666666666666664,"ID":12},{"utility":58,"ID":21}],[{"utility":0,"ID":29}],[{"utility":73,"ID":10},{"utility":88,"ID":28}],[{"utility":0,"ID":27}],[],[{"utility":16,"ID":14},{"utility":9,"ID":20}],[{"utility":83,"ID":24},{"utility":0,"ID":26}],[],[],[],[],[],[],[],[],[],[],[],[],[],[],[]],"CORE :":false,"Relazioni :":770,"Time : ":0.1,"LAST PARTITION":{"22":2,"23":8,"24":15,"25":6,"26":15,"27":12,"28":9,"29":17,"30":4,"10":13,"11":20,"12":21,"13":5,"14":10,"15":4,"16":2,"17":1,"18":19,"19":8,"1":9,"2":18,"3":18,"4":19,"5":20,"6":21,"7":16,"8":7,"9":4,"20":14,"21":3}},{"Modalità dinamica :":false,"Q : ":6,"STARTING PARTITION: ":{"22":2,"23":8,"24":15,"25":6,"26":15,"27":12,"28":11,"29":10,"30":4,"10":11,"11":8,"12":9,"13":6,"14":14,"15":4,"16":2,"17":1,"18":6,"19":8,"1":7,"2":3,"3":8,"4":5,"5":8,"6":7,"7":9,"8":9,"9":4,"20":14,"21":9},"LAST COALITION":[[],[{"utility":0,"ID":17}],[{"utility":23,"ID":16},{"utility":4,"ID":22}],[{"utility":0,"ID":21}],[{"utility":57.5,"ID":9},{"utility":55,"ID":15},{"utility":14,"ID":30}],[{"utility":0,"ID":13}],[{"utility":0,"ID":25}],[{"utility":0,"ID":8}],[{"utility":21,"ID":19},{"utility":0,"ID":23}],[{"utility":98,"ID":1},{"utility":32,"ID":28}],[{"utility":0,"ID":14}],[{"utility":0,"ID":2}],[{"utility":0,"ID":27}],[{"utility":0,"ID":10}],[{"utility":0,"ID":20}],[{"utility":83,"ID":24},{"utility":0,"ID":26}],[{"utility":47,"ID":3},{"utility":81,"ID":7}],[{"utility":0,"ID":29}],[],[{"utility":87,"ID":18},{"utility":98,"ID":4}],[{"utility":99,"ID":5},{"utility":91,"ID":11}],[{"utility":84,"ID":6},{"utility":97,"ID":12}],[],[],[],[],[],[],[],[],[]],"STARTING COALITION: ":[[null],[{"utility":0,"ID":17}],[{"utility":23,"ID":16},{"utility":4,"ID":22}],[{"utility":0,"ID":2}],[{"utility":57.5,"ID":9},{"utility":55,"ID":15},{"utility":14,"ID":30}],[{"utility":0,"ID":4}],[{"utility":41,"ID":13},{"utility":20.5,"ID":18},{"utility":27,"ID":25}],[{"utility":96,"ID":1},{"utility":67,"ID":6}],[{"utility":37.25,"ID":3},{"utility":85,"ID":5},{"utility":25.75,"ID":11},{"utility":22,"ID":19},{"utility":12.25,"ID":23}],[{"utility":45.333333333333336,"ID":7},{"utility":36.666666666666664,"ID":8},{"utility":39.666666666666664,"ID":12},{"utility":58,"ID":21}],[{"utility":0,"ID":29}],[{"utility":73,"ID":10},{"utility":88,"ID":28}],[{"utility":0,"ID":27}],[],[{"utility":16,"ID":14},{"utility":9,"ID":20}],[{"utility":83,"ID":24},{"utility":0,"ID":26}],[],[],[],[],[],[],[],[],[],[],[],[],[],[],[]],"CORE :":false,"Relazioni :":770,"Time : ":0.2,"LAST PARTITION":{"22":2,"23":8,"24":15,"25":6,"26":15,"27":12,"28":9,"29":17,"30":4,"10":13,"11":20,"12":21,"13":5,"14":10,"15":4,"16":2,"17":1,"18":19,"19":8,"1":9,"2":11,"3":16,"4":19,"5":20,"6":21,"7":16,"8":7,"9":4,"20":14,"21":3}},{"Modalità dinamica :":false,"Q : ":7,"STARTING PARTITION: ":{"22":2,"23":8,"24":15,"25":6,"26":15,"27":12,"28":11,"29":10,"30":4,"10":11,"11":8,"12":9,"13":6,"14":14,"15":4,"16":2,"17":1,"18":6,"19":8,"1":7,"2":3,"3":8,"4":5,"5":8,"6":7,"7":9,"8":9,"9":4,"20":14,"21":9},"LAST COALITION":[[],[{"utility":0,"ID":17}],[{"utility":23,"ID":16},{"utility":4,"ID":22}],[{"utility":0,"ID":21}],[{"utility":57.5,"ID":9},{"utility":55,"ID":15},{"utility":14,"ID":30}],[{"utility":0,"ID":13}],[{"utility":0,"ID":25}],[{"utility":0,"ID":8}],[{"utility":21,"ID":19},{"utility":0,"ID":23}],[{"utility":98,"ID":1},{"utility":32,"ID":28}],[{"utility":0,"ID":14}],[],[{"utility":0,"ID":27}],[{"utility":0,"ID":10}],[{"utility":0,"ID":20}],[{"utility":83,"ID":24},{"utility":0,"ID":26}],[{"utility":0,"ID":7}],[{"utility":0,"ID":29}],[{"utility":49,"ID":2},{"utility":60,"ID":3}],[{"utility":87,"ID":18},{"utility":98,"ID":4}],[{"utility":99,"ID":5},{"utility":91,"ID":11}],[{"utility":84,"ID":6},{"utility":97,"ID":12}],[],[],[],[],[],[],[],[],[]],"STARTING COALITION: ":[[null],[{"utility":0,"ID":17}],[{"utility":23,"ID":16},{"utility":4,"ID":22}],[{"utility":0,"ID":2}],[{"utility":57.5,"ID":9},{"utility":55,"ID":15},{"utility":14,"ID":30}],[{"utility":0,"ID":4}],[{"utility":41,"ID":13},{"utility":20.5,"ID":18},{"utility":27,"ID":25}],[{"utility":96,"ID":1},{"utility":67,"ID":6}],[{"utility":37.25,"ID":3},{"utility":85,"ID":5},{"utility":25.75,"ID":11},{"utility":22,"ID":19},{"utility":12.25,"ID":23}],[{"utility":45.333333333333336,"ID":7},{"utility":36.666666666666664,"ID":8},{"utility":39.666666666666664,"ID":12},{"utility":58,"ID":21}],[{"utility":0,"ID":29}],[{"utility":73,"ID":10},{"utility":88,"ID":28}],[{"utility":0,"ID":27}],[],[{"utility":16,"ID":14},{"utility":9,"ID":20}],[{"utility":83,"ID":24},{"utility":0,"ID":26}],[],[],[],[],[],[],[],[],[],[],[],[],[],[],[]],"CORE :":false,"Relazioni :":770,"Time : ":0.1,"LAST PARTITION":{"22":2,"23":8,"24":15,"25":6,"26":15,"27":12,"28":9,"29":17,"30":4,"10":13,"11":20,"12":21,"13":5,"14":10,"15":4,"16":2,"17":1,"18":19,"19":8,"1":9,"2":18,"3":18,"4":19,"5":20,"6":21,"7":16,"8":7,"9":4,"20":14,"21":3}},{"Modalità dinamica :":false,"Q : ":7,"STARTING PARTITION: ":{"22":2,"23":8,"24":15,"25":6,"26":15,"27":12,"28":11,"29":10,"30":4,"10":11,"11":8,"12":9,"13":6,"14":14,"15":4,"16":2,"17":1,"18":6,"19":8,"1":7,"2":3,"3":8,"4":5,"5":8,"6":7,"7":9,"8":9,"9":4,"20":14,"21":9},"LAST COALITION":[[],[{"utility":0,"ID":17}],[{"utility":23,"ID":16},{"utility":4,"ID":22}],[{"utility":0,"ID":21}],[{"utility":57.5,"ID":9},{"utility":55,"ID":15},{"utility":14,"ID":30}],[{"utility":0,"ID":13}],[{"utility":0,"ID":25}],[{"utility":0,"ID":8}],[{"utility":21,"ID":19},{"utility":0,"ID":23}],[{"utility":98,"ID":1},{"utility":32,"ID":28}],[{"utility":0,"ID":14}],[{"utility":0,"ID":2}],[{"utility":0,"ID":27}],[{"utility":0,"ID":10}],[{"utility":0,"ID":20}],[{"utility":83,"ID":24},{"utility":0,"ID":26}],[{"utility":47,"ID":3},{"utility":81,"ID":7}],[{"utility":0,"ID":29}],[],[{"utility":87,"ID":18},{"utility":98,"ID":4}],[{"utility":99,"ID":5},{"utility":91,"ID":11}],[{"utility":84,"ID":6},{"utility":97,"ID":12}],[],[],[],[],[],[],[],[],[]],"STARTING COALITION: ":[[null],[{"utility":0,"ID":17}],[{"utility":23,"ID":16},{"utility":4,"ID":22}],[{"utility":0,"ID":2}],[{"utility":57.5,"ID":9},{"utility":55,"ID":15},{"utility":14,"ID":30}],[{"utility":0,"ID":4}],[{"utility":41,"ID":13},{"utility":20.5,"ID":18},{"utility":27,"ID":25}],[{"utility":96,"ID":1},{"utility":67,"ID":6}],[{"utility":37.25,"ID":3},{"utility":85,"ID":5},{"utility":25.75,"ID":11},{"utility":22,"ID":19},{"utility":12.25,"ID":23}],[{"utility":45.333333333333336,"ID":7},{"utility":36.666666666666664,"ID":8},{"utility":39.666666666666664,"ID":12},{"utility":58,"ID":21}],[{"utility":0,"ID":29}],[{"utility":73,"ID":10},{"utility":88,"ID":28}],[{"utility":0,"ID":27}],[],[{"utility":16,"ID":14},{"utility":9,"ID":20}],[{"utility":83,"ID":24},{"utility":0,"ID":26}],[],[],[],[],[],[],[],[],[],[],[],[],[],[],[]],"CORE :":false,"Relazioni :":770,"Time : ":0.2,"LAST PARTITION":{"22":2,"23":8,"24":15,"25":6,"26":15,"27":12,"28":9,"29":17,"30":4,"10":13,"11":20,"12":21,"13":5,"14":10,"15":4,"16":2,"17":1,"18":19,"19":8,"1":9,"2":11,"3":16,"4":19,"5":20,"6":21,"7":16,"8":7,"9":4,"20":14,"21":3}},{"Modalità dinamica :":false,"Q : ":8,"STARTING PARTITION: ":{"22":2,"23":8,"24":15,"25":6,"26":15,"27":12,"28":11,"29":10,"30":4,"10":11,"11":8,"12":9,"13":6,"14":14,"15":4,"16":2,"17":1,"18":6,"19":8,"1":7,"2":3,"3":8,"4":5,"5":8,"6":7,"7":9,"8":9,"9":4,"20":14,"21":9},"LAST COALITION":[[],[{"utility":0,"ID":17}],[{"utility":23,"ID":16},{"utility":4,"ID":22}],[{"utility":0,"ID":21}],[{"utility":57.5,"ID":9},{"utility":55,"ID":15},{"utility":14,"ID":30}],[{"utility":0,"ID":13}],[{"utility":0,"ID":25}],[{"utility":0,"ID":8}],[{"utility":21,"ID":19},{"utility":0,"ID":23}],[{"utility":98,"ID":1},{"utility":32,"ID":28}],[{"utility":0,"ID":14}],[{"utility":99,"ID":2},{"utility":41,"ID":7}],[{"utility":0,"ID":27}],[{"utility":0,"ID":10}],[{"utility":0,"ID":20}],[{"utility":83,"ID":24},{"utility":0,"ID":26}],[],[{"utility":0,"ID":29}],[{"utility":0,"ID":3}],[{"utility":87,"ID":18},{"utility":98,"ID":4}],[{"utility":99,"ID":5},{"utility":91,"ID":11}],[{"utility":84,"ID":6},{"utility":97,"ID":12}],[],[],[],[],[],[],[],[],[]],"STARTING COALITION: ":[[null],[{"utility":0,"ID":17}],[{"utility":23,"ID":16},{"utility":4,"ID":22}],[{"utility":0,"ID":2}],[{"utility":57.5,"ID":9},{"utility":55,"ID":15},{"utility":14,"ID":30}],[{"utility":0,"ID":4}],[{"utility":41,"ID":13},{"utility":20.5,"ID":18},{"utility":27,"ID":25}],[{"utility":96,"ID":1},{"utility":67,"ID":6}],[{"utility":37.25,"ID":3},{"utility":85,"ID":5},{"utility":25.75,"ID":11},{"utility":22,"ID":19},{"utility":12.25,"ID":23}],[{"utility":45.333333333333336,"ID":7},{"utility":36.666666666666664,"ID":8},{"utility":39.666666666666664,"ID":12},{"utility":58,"ID":21}],[{"utility":0,"ID":29}],[{"utility":73,"ID":10},{"utility":88,"ID":28}],[{"utility":0,"ID":27}],[],[{"utility":16,"ID":14},{"utility":9,"ID":20}],[{"utility":83,"ID":24},{"utility":0,"ID":26}],[],[],[],[],[],[],[],[],[],[],[],[],[],[],[]],"CORE :":false,"Relazioni :":770,"Time : ":0.1,"LAST PARTITION":{"22":2,"23":8,"24":15,"25":6,"26":15,"27":12,"28":9,"29":17,"30":4,"10":13,"11":20,"12":21,"13":5,"14":10,"15":4,"16":2,"17":1,"18":19,"19":8,"1":9,"2":11,"3":18,"4":19,"5":20,"6":21,"7":11,"8":7,"9":4,"20":14,"21":3}},{"Modalità dinamica :":false,"Q : ":8,"STARTING PARTITION: ":{"22":2,"23":8,"24":15,"25":6,"26":15,"27":12,"28":11,"29":10,"30":4,"10":11,"11":8,"12":9,"13":6,"14":14,"15":4,"16":2,"17":1,"18":6,"19":8,"1":7,"2":3,"3":8,"4":5,"5":8,"6":7,"7":9,"8":9,"9":4,"20":14,"21":9},"LAST COALITION":[[],[{"utility":0,"ID":17}],[{"utility":23,"ID":16},{"utility":4,"ID":22}],[{"utility":0,"ID":21}],[{"utility":57.5,"ID":9},{"utility":55,"ID":15},{"utility":14,"ID":30}],[{"utility":0,"ID":13}],[{"utility":0,"ID":25}],[{"utility":0,"ID":8}],[{"utility":21,"ID":19},{"utility":0,"ID":23}],[{"utility":98,"ID":1},{"utility":32,"ID":28}],[{"utility":0,"ID":14}],[],[{"utility":0,"ID":27}],[{"utility":0,"ID":10}],[{"utility":0,"ID":20}],[{"utility":83,"ID":24},{"utility":0,"ID":26}],[{"utility":0,"ID":7}],[{"utility":0,"ID":29}],[{"utility":49,"ID":2},{"utility":60,"ID":3}],[{"utility":87,"ID":18},{"utility":98,"ID":4}],[{"utility":99,"ID":5},{"utility":91,"ID":11}],[{"utility":84,"ID":6},{"utility":97,"ID":12}],[],[],[],[],[],[],[],[],[]],"STARTING COALITION: ":[[null],[{"utility":0,"ID":17}],[{"utility":23,"ID":16},{"utility":4,"ID":22}],[{"utility":0,"ID":2}],[{"utility":57.5,"ID":9},{"utility":55,"ID":15},{"utility":14,"ID":30}],[{"utility":0,"ID":4}],[{"utility":41,"ID":13},{"utility":20.5,"ID":18},{"utility":27,"ID":25}],[{"utility":96,"ID":1},{"utility":67,"ID":6}],[{"utility":37.25,"ID":3},{"utility":85,"ID":5},{"utility":25.75,"ID":11},{"utility":22,"ID":19},{"utility":12.25,"ID":23}],[{"utility":45.333333333333336,"ID":7},{"utility":36.666666666666664,"ID":8},{"utility":39.666666666666664,"ID":12},{"utility":58,"ID":21}],[{"utility":0,"ID":29}],[{"utility":73,"ID":10},{"utility":88,"ID":28}],[{"utility":0,"ID":27}],[],[{"utility":16,"ID":14},{"utility":9,"ID":20}],[{"utility":83,"ID":24},{"utility":0,"ID":26}],[],[],[],[],[],[],[],[],[],[],[],[],[],[],[]],"CORE :":false,"Relazioni :":770,"Time : ":0.2,"LAST PARTITION":{"22":2,"23":8,"24":15,"25":6,"26":15,"27":12,"28":9,"29":17,"30":4,"10":13,"11":20,"12":21,"13":5,"14":10,"15":4,"16":2,"17":1,"18":19,"19":8,"1":9,"2":18,"3":18,"4":19,"5":20,"6":21,"7":16,"8":7,"9":4,"20":14,"21":3}},{"Modalità dinamica :":false,"Q : ":9,"STARTING PARTITION: ":{"22":2,"23":8,"24":15,"25":6,"26":15,"27":12,"28":11,"29":10,"30":4,"10":11,"11":8,"12":9,"13":6,"14":14,"15":4,"16":2,"17":1,"18":6,"19":8,"1":7,"2":3,"3":8,"4":5,"5":8,"6":7,"7":9,"8":9,"9":4,"20":14,"21":9},"LAST COALITION":[[],[{"utility":0,"ID":17}],[{"utility":23,"ID":16},{"utility":4,"ID":22}],[{"utility":0,"ID":21}],[{"utility":57.5,"ID":9},{"utility":55,"ID":15},{"utility":14,"ID":30}],[{"utility":0,"ID":13}],[{"utility":0,"ID":25}],[{"utility":0,"ID":8}],[{"utility":21,"ID":19},{"utility":0,"ID":23}],[{"utility":98,"ID":1},{"utility":32,"ID":28}],[{"utility":0,"ID":14}],[{"utility":99,"ID":2},{"utility":41,"ID":7}],[{"utility":0,"ID":27}],[{"utility":0,"ID":10}],[{"utility":0,"ID":20}],[{"utility":83,"ID":24},{"utility":0,"ID":26}],[],[{"utility":0,"ID":29}],[{"utility":0,"ID":3}],[{"utility":87,"ID":18},{"utility":98,"ID":4}],[{"utility":99,"ID":5},{"utility":91,"ID":11}],[{"utility":84,"ID":6},{"utility":97,"ID":12}],[],[],[],[],[],[],[],[],[]],"STARTING COALITION: ":[[null],[{"utility":0,"ID":17}],[{"utility":23,"ID":16},{"utility":4,"ID":22}],[{"utility":0,"ID":2}],[{"utility":57.5,"ID":9},{"utility":55,"ID":15},{"utility":14,"ID":30}],[{"utility":0,"ID":4}],[{"utility":41,"ID":13},{"utility":20.5,"ID":18},{"utility":27,"ID":25}],[{"utility":96,"ID":1},{"utility":67,"ID":6}],[{"utility":37.25,"ID":3},{"utility":85,"ID":5},{"utility":25.75,"ID":11},{"utility":22,"ID":19},{"utility":12.25,"ID":23}],[{"utility":45.333333333333336,"ID":7},{"utility":36.666666666666664,"ID":8},{"utility":39.666666666666664,"ID":12},{"utility":58,"ID":21}],[{"utility":0,"ID":29}],[{"utility":73,"ID":10},{"utility":88,"ID":28}],[{"utility":0,"ID":27}],[],[{"utility":16,"ID":14},{"utility":9,"ID":20}],[{"utility":83,"ID":24},{"utility":0,"ID":26}],[],[],[],[],[],[],[],[],[],[],[],[],[],[],[]],"CORE :":false,"Relazioni :":770,"Time : ":0.1,"LAST PARTITION":{"22":2,"23":8,"24":15,"25":6,"26":15,"27":12,"28":9,"29":17,"30":4,"10":13,"11":20,"12":21,"13":5,"14":10,"15":4,"16":2,"17":1,"18":19,"19":8,"1":9,"2":11,"3":18,"4":19,"5":20,"6":21,"7":11,"8":7,"9":4,"20":14,"21":3}},{"Modalità dinamica :":false,"Q : ":9,"STARTING PARTITION: ":{"22":2,"23":8,"24":15,"25":6,"26":15,"27":12,"28":11,"29":10,"30":4,"10":11,"11":8,"12":9,"13":6,"14":14,"15":4,"16":2,"17":1,"18":6,"19":8,"1":7,"2":3,"3":8,"4":5,"5":8,"6":7,"7":9,"8":9,"9":4,"20":14,"21":9},"LAST COALITION":[[],[{"utility":0,"ID":17}],[{"utility":23,"ID":16},{"utility":4,"ID":22}],[{"utility":0,"ID":21}],[{"utility":57.5,"ID":9},{"utility":55,"ID":15},{"utility":14,"ID":30}],[{"utility":0,"ID":13}],[{"utility":0,"ID":25}],[{"utility":0,"ID":8}],[{"utility":21,"ID":19},{"utility":0,"ID":23}],[{"utility":98,"ID":1},{"utility":32,"ID":28}],[{"utility":0,"ID":14}],[{"utility":99,"ID":2},{"utility":41,"ID":7}],[{"utility":0,"ID":27}],[{"utility":0,"ID":10}],[{"utility":0,"ID":20}],[{"utility":83,"ID":24},{"utility":0,"ID":26}],[],[{"utility":0,"ID":29}],[{"utility":0,"ID":3}],[{"utility":87,"ID":18},{"utility":98,"ID":4}],[{"utility":99,"ID":5},{"utility":91,"ID":11}],[{"utility":84,"ID":6},{"utility":97,"ID":12}],[],[],[],[],[],[],[],[],[]],"STARTING COALITION: ":[[null],[{"utility":0,"ID":17}],[{"utility":23,"ID":16},{"utility":4,"ID":22}],[{"utility":0,"ID":2}],[{"utility":57.5,"ID":9},{"utility":55,"ID":15},{"utility":14,"ID":30}],[{"utility":0,"ID":4}],[{"utility":41,"ID":13},{"utility":20.5,"ID":18},{"utility":27,"ID":25}],[{"utility":96,"ID":1},{"utility":67,"ID":6}],[{"utility":37.25,"ID":3},{"utility":85,"ID":5},{"utility":25.75,"ID":11},{"utility":22,"ID":19},{"utility":12.25,"ID":23}],[{"utility":45.333333333333336,"ID":7},{"utility":36.666666666666664,"ID":8},{"utility":39.666666666666664,"ID":12},{"utility":58,"ID":21}],[{"utility":0,"ID":29}],[{"utility":73,"ID":10},{"utility":88,"ID":28}],[{"utility":0,"ID":27}],[],[{"utility":16,"ID":14},{"utility":9,"ID":20}],[{"utility":83,"ID":24},{"utility":0,"ID":26}],[],[],[],[],[],[],[],[],[],[],[],[],[],[],[]],"CORE :":false,"Relazioni :":770,"Time : ":0.2,"LAST PARTITION":{"22":2,"23":8,"24":15,"25":6,"26":15,"27":12,"28":9,"29":17,"30":4,"10":13,"11":20,"12":21,"13":5,"14":10,"15":4,"16":2,"17":1,"18":19,"19":8,"1":9,"2":11,"3":18,"4":19,"5":20,"6":21,"7":11,"8":7,"9":4,"20":14,"21":3}},{"Modalità dinamica :":false,"Q : ":10,"STARTING PARTITION: ":{"22":2,"23":8,"24":15,"25":6,"26":15,"27":12,"28":11,"29":10,"30":4,"10":11,"11":8,"12":9,"13":6,"14":14,"15":4,"16":2,"17":1,"18":6,"19":8,"1":7,"2":3,"3":8,"4":5,"5":8,"6":7,"7":9,"8":9,"9":4,"20":14,"21":9},"LAST COALITION":[[],[{"utility":0,"ID":17}],[{"utility":23,"ID":16},{"utility":4,"ID":22}],[{"utility":0,"ID":21}],[{"utility":57.5,"ID":9},{"utility":55,"ID":15},{"utility":14,"ID":30}],[{"utility":0,"ID":13}],[{"utility":0,"ID":25}],[{"utility":0,"ID":8}],[{"utility":21,"ID":19},{"utility":0,"ID":23}],[{"utility":98,"ID":1},{"utility":32,"ID":28}],[{"utility":0,"ID":14}],[{"utility":0,"ID":2}],[{"utility":0,"ID":27}],[{"utility":0,"ID":10}],[{"utility":0,"ID":20}],[{"utility":83,"ID":24},{"utility":0,"ID":26}],[{"utility":47,"ID":3},{"utility":81,"ID":7}],[{"utility":0,"ID":29}],[],[{"utility":87,"ID":18},{"utility":98,"ID":4}],[{"utility":99,"ID":5},{"utility":91,"ID":11}],[{"utility":84,"ID":6},{"utility":97,"ID":12}],[],[],[],[],[],[],[],[],[]],"STARTING COALITION: ":[[null],[{"utility":0,"ID":17}],[{"utility":23,"ID":16},{"utility":4,"ID":22}],[{"utility":0,"ID":2}],[{"utility":57.5,"ID":9},{"utility":55,"ID":15},{"utility":14,"ID":30}],[{"utility":0,"ID":4}],[{"utility":41,"ID":13},{"utility":20.5,"ID":18},{"utility":27,"ID":25}],[{"utility":96,"ID":1},{"utility":67,"ID":6}],[{"utility":37.25,"ID":3},{"utility":85,"ID":5},{"utility":25.75,"ID":11},{"utility":22,"ID":19},{"utility":12.25,"ID":23}],[{"utility":45.333333333333336,"ID":7},{"utility":36.666666666666664,"ID":8},{"utility":39.666666666666664,"ID":12},{"utility":58,"ID":21}],[{"utility":0,"ID":29}],[{"utility":73,"ID":10},{"utility":88,"ID":28}],[{"utility":0,"ID":27}],[],[{"utility":16,"ID":14},{"utility":9,"ID":20}],[{"utility":83,"ID":24},{"utility":0,"ID":26}],[],[],[],[],[],[],[],[],[],[],[],[],[],[],[]],"CORE :":false,"Relazioni :":770,"Time : ":0.1,"LAST PARTITION":{"22":2,"23":8,"24":15,"25":6,"26":15,"27":12,"28":9,"29":17,"30":4,"10":13,"11":20,"12":21,"13":5,"14":10,"15":4,"16":2,"17":1,"18":19,"19":8,"1":9,"2":11,"3":16,"4":19,"5":20,"6":21,"7":16,"8":7,"9":4,"20":14,"21":3}},{"Modalità dinamica :":false,"Q : ":10,"STARTING PARTITION: ":{"22":2,"23":8,"24":15,"25":6,"26":15,"27":12,"28":11,"29":10,"30":4,"10":11,"11":8,"12":9,"13":6,"14":14,"15":4,"16":2,"17":1,"18":6,"19":8,"1":7,"2":3,"3":8,"4":5,"5":8,"6":7,"7":9,"8":9,"9":4,"20":14,"21":9},"LAST COALITION":[[],[{"utility":0,"ID":17}],[{"utility":23,"ID":16},{"utility":4,"ID":22}],[{"utility":0,"ID":21}],[{"utility":57.5,"ID":9},{"utility":55,"ID":15},{"utility":14,"ID":30}],[{"utility":0,"ID":13}],[{"utility":0,"ID":25}],[{"utility":0,"ID":8}],[{"utility":21,"ID":19},{"utility":0,"ID":23}],[{"utility":98,"ID":1},{"utility":32,"ID":28}],[{"utility":0,"ID":14}],[{"utility":0,"ID":2}],[{"utility":0,"ID":27}],[{"utility":0,"ID":10}],[{"utility":0,"ID":20}],[{"utility":83,"ID":24},{"utility":0,"ID":26}],[{"utility":47,"ID":3},{"utility":81,"ID":7}],[{"utility":0,"ID":29}],[],[{"utility":87,"ID":18},{"utility":98,"ID":4}],[{"utility":99,"ID":5},{"utility":91,"ID":11}],[{"utility":84,"ID":6},{"utility":97,"ID":12}],[],[],[],[],[],[],[],[],[]],"STARTING COALITION: ":[[null],[{"utility":0,"ID":17}],[{"utility":23,"ID":16},{"utility":4,"ID":22}],[{"utility":0,"ID":2}],[{"utility":57.5,"ID":9},{"utility":55,"ID":15},{"utility":14,"ID":30}],[{"utility":0,"ID":4}],[{"utility":41,"ID":13},{"utility":20.5,"ID":18},{"utility":27,"ID":25}],[{"utility":96,"ID":1},{"utility":67,"ID":6}],[{"utility":37.25,"ID":3},{"utility":85,"ID":5},{"utility":25.75,"ID":11},{"utility":22,"ID":19},{"utility":12.25,"ID":23}],[{"utility":45.333333333333336,"ID":7},{"utility":36.666666666666664,"ID":8},{"utility":39.666666666666664,"ID":12},{"utility":58,"ID":21}],[{"utility":0,"ID":29}],[{"utility":73,"ID":10},{"utility":88,"ID":28}],[{"utility":0,"ID":27}],[],[{"utility":16,"ID":14},{"utility":9,"ID":20}],[{"utility":83,"ID":24},{"utility":0,"ID":26}],[],[],[],[],[],[],[],[],[],[],[],[],[],[],[]],"CORE :":false,"Relazioni :":770,"Time : ":0.2,"LAST PARTITION":{"22":2,"23":8,"24":15,"25":6,"26":15,"27":12,"28":9,"29":17,"30":4,"10":13,"11":20,"12":21,"13":5,"14":10,"15":4,"16":2,"17":1,"18":19,"19":8,"1":9,"2":11,"3":16,"4":19,"5":20,"6":21,"7":16,"8":7,"9":4,"20":14,"21":3}},{"Modalità dinamica :":true,"Q : ":2,"STARTING PARTITION: ":{"22":2,"23":8,"24":15,"25":6,"26":15,"27":12,"28":11,"29":10,"30":4,"10":11,"11":8,"12":9,"13":6,"14":14,"15":4,"16":2,"17":1,"18":6,"19":8,"1":7,"2":3,"3":8,"4":5,"5":8,"6":7,"7":9,"8":9,"9":4,"20":14,"21":9},"LAST COALITION":[[],[],[{"utility":84,"ID":6},{"utility":97,"ID":12}],[{"utility":98,"ID":4},{"utility":87,"ID":18}],[{"utility":82,"ID":8},{"utility":88,"ID":25}],[{"utility":88,"ID":2},{"utility":67,"ID":24}],[{"utility":90,"ID":3},{"utility":80,"ID":28}],[{"utility":68,"ID":15},{"utility":77,"ID":26}],[{"utility":87,"ID":1},{"utility":81,"ID":20}],[{"utility":61,"ID":5},{"utility":54,"ID":13}],[{"utility":50,"ID":19},{"utility":76,"ID":21}],[{"utility":93,"ID":17},{"utility":82,"ID":30}],[{"utility":91,"ID":10},{"utility":96,"ID":29}],[{"utility":72,"ID":7},{"utility":84,"ID":14}],[],[{"utility":76,"ID":9},{"utility":62,"ID":22}],[],[{"utility":84,"ID":23},{"utility":84,"ID":27}],[{"utility":96,"ID":11},{"utility":71,"ID":16}],[],[],[],[],[],[],[],[],[],[],[],[]],"STARTING COALITION: ":[[null],[{"utility":0,"ID":17}],[{"utility":23,"ID":16},{"utility":4,"ID":22}],[{"utility":0,"ID":2}],[{"utility":57.5,"ID":9},{"utility":55,"ID":15},{"utility":14,"ID":30}],[{"utility":0,"ID":4}],[{"utility":41,"ID":13},{"utility":20.5,"ID":18},{"utility":27,"ID":25}],[{"utility":96,"ID":1},{"utility":67,"ID":6}],[{"utility":37.25,"ID":3},{"utility":85,"ID":5},{"utility":25.75,"ID":11},{"utility":22,"ID":19},{"utility":12.25,"ID":23}],[{"utility":45.333333333333336,"ID":7},{"utility":36.666666666666664,"ID":8},{"utility":39.666666666666664,"ID":12},{"utility":58,"ID":21}],[{"utility":0,"ID":29}],[{"utility":73,"ID":10},{"utility":88,"ID":28}],[{"utility":0,"ID":27}],[],[{"utility":16,"ID":14},{"utility":9,"ID":20}],[{"utility":83,"ID":24},{"utility":0,"ID":26}],[],[],[],[],[],[],[],[],[],[],[],[],[],[],[]],"CORE :":true,"Relazioni :":770,"Time : ":0.1,"LAST PARTITION":{"22":15,"23":17,"24":5,"25":4,"26":7,"27":17,"28":6,"29":12,"30":11,"10":12,"11":18,"12":2,"13":9,"14":13,"15":7,"16":18,"17":11,"18":3,"19":10,"1":8,"2":5,"3":6,"4":3,"5":9,"6":2,"7":13,"8":4,"9":15,"20":8,"21":10}},{"Modalità dinamica :":true,"Q : ":2,"STARTING PARTITION: ":{"22":2,"23":8,"24":15,"25":6,"26":15,"27":12,"28":11,"29":10,"30":4,"10":11,"11":8,"12":9,"13":6,"14":14,"15":4,"16":2,"17":1,"18":6,"19":8,"1":7,"2":3,"3":8,"4":5,"5":8,"6":7,"7":9,"8":9,"9":4,"20":14,"21":9},"LAST COALITION":[[],[{"utility":84,"ID":6},{"utility":97,"ID":12}],[{"utility":84,"ID":23},{"utility":84,"ID":27}],[{"utility":91,"ID":10},{"utility":96,"ID":29}],[{"utility":80,"ID":7},{"utility":85,"ID":25}],[],[{"utility":50,"ID":19},{"utility":76,"ID":21}],[{"utility":93,"ID":17},{"utility":82,"ID":30}],[{"utility":87,"ID":1},{"utility":81,"ID":20}],[{"utility":96,"ID":11},{"utility":71,"ID":16}],[{"utility":94,"ID":8},{"utility":63,"ID":9}],[{"utility":68,"ID":14},{"utility":71,"ID":22}],[{"utility":61,"ID":5},{"utility":54,"ID":13}],[{"utility":98,"ID":4},{"utility":87,"ID":18}],[{"utility":68,"ID":15},{"utility":77,"ID":26}],[],[{"utility":88,"ID":2},{"utility":67,"ID":24}],[],[],[{"utility":90,"ID":3},{"utility":80,"ID":28}],[],[],[],[],[],[],[],[],[],[],[]],"STARTING COALITION: ":[[null],[{"utility":0,"ID":17}],[{"utility":23,"ID":16},{"utility":4,"ID":22}],[{"utility":0,"ID":2}],[{"utility":57.5,"ID":9},{"utility":55,"ID":15},{"utility":14,"ID":30}],[{"utility":0,"ID":4}],[{"utility":41,"ID":13},{"utility":20.5,"ID":18},{"utility":27,"ID":25}],[{"utility":96,"ID":1},{"utility":67,"ID":6}],[{"utility":37.25,"ID":3},{"utility":85,"ID":5},{"utility":25.75,"ID":11},{"utility":22,"ID":19},{"utility":12.25,"ID":23}],[{"utility":45.333333333333336,"ID":7},{"utility":36.666666666666664,"ID":8},{"utility":39.666666666666664,"ID":12},{"utility":58,"ID":21}],[{"utility":0,"ID":29}],[{"utility":73,"ID":10},{"utility":88,"ID":28}],[{"utility":0,"ID":27}],[],[{"utility":16,"ID":14},{"utility":9,"ID":20}],[{"utility":83,"ID":24},{"utility":0,"ID":26}],[],[],[],[],[],[],[],[],[],[],[],[],[],[],[]],"CORE :":true,"Relazioni :":770,"Time : ":0.2,"LAST PARTITION":{"22":11,"23":2,"24":16,"25":4,"26":14,"27":2,"28":19,"29":3,"30":7,"10":3,"11":9,"12":1,"13":12,"14":11,"15":14,"16":9,"17":7,"18":13,"19":6,"1":8,"2":16,"3":19,"4":13,"5":12,"6":1,"7":4,"8":10,"9":10,"20":8,"21":6}},{"Modalità dinamica :":true,"Q : ":3,"STARTING PARTITION: ":{"22":2,"23":8,"24":15,"25":6,"26":15,"27":12,"28":11,"29":10,"30":4,"10":11,"11":8,"12":9,"13":6,"14":14,"15":4,"16":2,"17":1,"18":6,"19":8,"1":7,"2":3,"3":8,"4":5,"5":8,"6":7,"7":9,"8":9,"9":4,"20":14,"21":9},"LAST COALITION":[[],[{"utility":64,"ID":7},{"utility":88,"ID":19}],[{"utility":98,"ID":4},{"utility":87,"ID":18}],[{"utility":68,"ID":14},{"utility":71,"ID":22}],[{"utility":84,"ID":23},{"utility":84,"ID":27}],[{"utility":0,"ID":26}],[{"utility":94,"ID":8},{"utility":63,"ID":9}],[{"utility":84,"ID":6},{"utility":97,"ID":12}],[{"utility":79,"ID":17},{"utility":72,"ID":28}],[{"utility":93,"ID":1},{"utility":57,"ID":15}],[{"utility":76,"ID":13},{"utility":2,"ID":25}],[{"utility":70,"ID":16},{"utility":99,"ID":30}],[{"utility":0,"ID":24}],[{"utility":0,"ID":20}],[{"utility":92,"ID":2},{"utility":61,"ID":21}],[],[],[{"utility":91,"ID":10},{"utility":96,"ID":29}],[{"utility":99,"ID":5},{"utility":91,"ID":11}],[{"utility":0,"ID":3}],[],[],[],[],[],[],[],[],[],[],[]],"STARTING COALITION: ":[[null],[{"utility":0,"ID":17}],[{"utility":23,"ID":16},{"utility":4,"ID":22}],[{"utility":0,"ID":2}],[{"utility":57.5,"ID":9},{"utility":55,"ID":15},{"utility":14,"ID":30}],[{"utility":0,"ID":4}],[{"utility":41,"ID":13},{"utility":20.5,"ID":18},{"utility":27,"ID":25}],[{"utility":96,"ID":1},{"utility":67,"ID":6}],[{"utility":37.25,"ID":3},{"utility":85,"ID":5},{"utility":25.75,"ID":11},{"utility":22,"ID":19},{"utility":12.25,"ID":23}],[{"utility":45.333333333333336,"ID":7},{"utility":36.666666666666664,"ID":8},{"utility":39.666666666666664,"ID":12},{"utility":58,"ID":21}],[{"utility":0,"ID":29}],[{"utility":73,"ID":10},{"utility":88,"ID":28}],[{"utility":0,"ID":27}],[],[{"utility":16,"ID":14},{"utility":9,"ID":20}],[{"utility":83,"ID":24},{"utility":0,"ID":26}],[],[],[],[],[],[],[],[],[],[],[],[],[],[],[]],"CORE :":true,"Relazioni :":770,"Time : ":0.1,"LAST PARTITION":{"22":3,"23":4,"24":12,"25":10,"26":5,"27":4,"28":8,"29":17,"30":11,"10":17,"11":18,"12":7,"13":10,"14":3,"15":9,"16":11,"17":8,"18":2,"19":1,"1":9,"2":14,"3":19,"4":2,"5":18,"6":7,"7":1,"8":6,"9":6,"20":13,"21":14}},{"Modalità dinamica :":true,"Q : ":3,"STARTING PARTITION: ":{"22":2,"23":8,"24":15,"25":6,"26":15,"27":12,"28":11,"29":10,"30":4,"10":11,"11":8,"12":9,"13":6,"14":14,"15":4,"16":2,"17":1,"18":6,"19":8,"1":7,"2":3,"3":8,"4":5,"5":8,"6":7,"7":9,"8":9,"9":4,"20":14,"21":9},"LAST COALITION":[[],[{"utility":81,"ID":25},{"utility":92,"ID":28}],[{"utility":50,"ID":19},{"utility":76,"ID":21}],[{"utility":84,"ID":23},{"utility":84,"ID":27}],[{"utility":47,"ID":3},{"utility":81,"ID":7}],[{"utility":91,"ID":10},{"utility":96,"ID":29}],[{"utility":93,"ID":17},{"utility":82,"ID":30}],[{"utility":87,"ID":1},{"utility":81,"ID":20}],[{"utility":88,"ID":2},{"utility":67,"ID":24}],[{"utility":94,"ID":8},{"utility":63,"ID":9}],[{"utility":98,"ID":4},{"utility":87,"ID":18}],[{"utility":96,"ID":11},{"utility":71,"ID":16}],[{"utility":68,"ID":15},{"utility":77,"ID":26}],[],[],[{"utility":61,"ID":5},{"utility":54,"ID":13}],[],[],[{"utility":84,"ID":6},{"utility":97,"ID":12}],[{"utility":68,"ID":14},{"utility":71,"ID":22}],[],[],[],[],[],[],[],[],[],[],[]],"STARTING COALITION: ":[[null],[{"utility":0,"ID":17}],[{"utility":23,"ID":16},{"utility":4,"ID":22}],[{"utility":0,"ID":2}],[{"utility":57.5,"ID":9},{"utility":55,"ID":15},{"utility":14,"ID":30}],[{"utility":0,"ID":4}],[{"utility":41,"ID":13},{"utility":20.5,"ID":18},{"utility":27,"ID":25}],[{"utility":96,"ID":1},{"utility":67,"ID":6}],[{"utility":37.25,"ID":3},{"utility":85,"ID":5},{"utility":25.75,"ID":11},{"utility":22,"ID":19},{"utility":12.25,"ID":23}],[{"utility":45.333333333333336,"ID":7},{"utility":36.666666666666664,"ID":8},{"utility":39.666666666666664,"ID":12},{"utility":58,"ID":21}],[{"utility":0,"ID":29}],[{"utility":73,"ID":10},{"utility":88,"ID":28}],[{"utility":0,"ID":27}],[],[{"utility":16,"ID":14},{"utility":9,"ID":20}],[{"utility":83,"ID":24},{"utility":0,"ID":26}],[],[],[],[],[],[],[],[],[],[],[],[],[],[],[]],"CORE :":true,"Relazioni :":770,"Time : ":0.2,"LAST PARTITION":{"22":19,"23":3,"24":8,"25":1,"26":12,"27":3,"28":1,"29":5,"30":6,"10":5,"11":11,"12":18,"13":15,"14":19,"15":12,"16":11,"17":6,"18":10,"19":2,"1":7,"2":8,"3":4,"4":10,"5":15,"6":18,"7":4,"8":9,"9":9,"20":7,"21":2}},{"Modalità dinamica :":true,"Q : ":4,"STARTING PARTITION: ":{"22":2,"23":8,"24":15,"25":6,"26":15,"27":12,"28":11,"29":10,"30":4,"10":11,"11":8,"12":9,"13":6,"14":14,"15":4,"16":2,"17":1,"18":6,"19":8,"1":7,"2":3,"3":8,"4":5,"5":8,"6":7,"7":9,"8":9,"9":4,"20":14,"21":9},"LAST COALITION":[[],[{"utility":68,"ID":15},{"utility":77,"ID":26}],[{"utility":93,"ID":17},{"utility":82,"ID":30}],[{"utility":84,"ID":23},{"utility":84,"ID":27}],[{"utility":72,"ID":7},{"utility":84,"ID":14}],[{"utility":84,"ID":6},{"utility":97,"ID":12}],[{"utility":96,"ID":13},{"utility":52,"ID":22}],[{"utility":82,"ID":8},{"utility":88,"ID":25}],[],[{"utility":50,"ID":19},{"utility":76,"ID":21}],[{"utility":91,"ID":10},{"utility":96,"ID":29}],[{"utility":45,"ID":5},{"utility":89,"ID":9}],[{"utility":88,"ID":2},{"utility":67,"ID":24}],[],[],[{"utility":90,"ID":3},{"utility":80,"ID":28}],[{"utility":98,"ID":4},{"utility":87,"ID":18}],[{"utility":96,"ID":11},{"utility":71,"ID":16}],[{"utility":87,"ID":1},{"utility":81,"ID":20}],[],[],[],[],[],[],[],[],[],[],[],[]],"STARTING COALITION: ":[[null],[{"utility":0,"ID":17}],[{"utility":23,"ID":16},{"utility":4,"ID":22}],[{"utility":0,"ID":2}],[{"utility":57.5,"ID":9},{"utility":55,"ID":15},{"utility":14,"ID":30}],[{"utility":0,"ID":4}],[{"utility":41,"ID":13},{"utility":20.5,"ID":18},{"utility":27,"ID":25}],[{"utility":96,"ID":1},{"utility":67,"ID":6}],[{"utility":37.25,"ID":3},{"utility":85,"ID":5},{"utility":25.75,"ID":11},{"utility":22,"ID":19},{"utility":12.25,"ID":23}],[{"utility":45.333333333333336,"ID":7},{"utility":36.666666666666664,"ID":8},{"utility":39.666666666666664,"ID":12},{"utility":58,"ID":21}],[{"utility":0,"ID":29}],[{"utility":73,"ID":10},{"utility":88,"ID":28}],[{"utility":0,"ID":27}],[],[{"utility":16,"ID":14},{"utility":9,"ID":20}],[{"utility":83,"ID":24},{"utility":0,"ID":26}],[],[],[],[],[],[],[],[],[],[],[],[],[],[],[]],"CORE :":true,"Relazioni :":770,"Time : ":0.1,"LAST PARTITION":{"22":6,"23":3,"24":12,"25":7,"26":1,"27":3,"28":15,"29":10,"30":2,"10":10,"11":17,"12":5,"13":6,"14":4,"15":1,"16":17,"17":2,"18":16,"19":9,"1":18,"2":12,"3":15,"4":16,"5":11,"6":5,"7":4,"8":7,"9":11,"20":18,"21":9}},{"Modalità dinamica :":true,"Q : ":4,"STARTING PARTITION: ":{"22":2,"23":8,"24":15,"25":6,"26":15,"27":12,"28":11,"29":10,"30":4,"10":11,"11":8,"12":9,"13":6,"14":14,"15":4,"16":2,"17":1,"18":6,"19":8,"1":7,"2":3,"3":8,"4":5,"5":8,"6":7,"7":9,"8":9,"9":4,"20":14,"21":9},"LAST COALITION":[[],[{"utility":91,"ID":10},{"utility":96,"ID":29}],[{"utility":80,"ID":7},{"utility":85,"ID":25}],[{"utility":88,"ID":2},{"utility":67,"ID":24}],[],[{"utility":87,"ID":1},{"utility":81,"ID":20}],[{"utility":68,"ID":15},{"utility":77,"ID":26}],[{"utility":68,"ID":14},{"utility":71,"ID":22}],[{"utility":84,"ID":6},{"utility":97,"ID":12}],[{"utility":96,"ID":11},{"utility":71,"ID":16}],[{"utility":61,"ID":5},{"utility":54,"ID":13}],[],[{"utility":50,"ID":19},{"utility":76,"ID":21}],[{"utility":84,"ID":23},{"utility":84,"ID":27}],[{"utility":98,"ID":4},{"utility":87,"ID":18}],[{"utility":93,"ID":17},{"utility":82,"ID":30}],[{"utility":90,"ID":3},{"utility":80,"ID":28}],[],[{"utility":94,"ID":8},{"utility":63,"ID":9}],[],[],[],[],[],[],[],[],[],[],[],[]],"STARTING COALITION: ":[[null],[{"utility":0,"ID":17}],[{"utility":23,"ID":16},{"utility":4,"ID":22}],[{"utility":0,"ID":2}],[{"utility":57.5,"ID":9},{"utility":55,"ID":15},{"utility":14,"ID":30}],[{"utility":0,"ID":4}],[{"utility":41,"ID":13},{"utility":20.5,"ID":18},{"utility":27,"ID":25}],[{"utility":96,"ID":1},{"utility":67,"ID":6}],[{"utility":37.25,"ID":3},{"utility":85,"ID":5},{"utility":25.75,"ID":11},{"utility":22,"ID":19},{"utility":12.25,"ID":23}],[{"utility":45.333333333333336,"ID":7},{"utility":36.666666666666664,"ID":8},{"utility":39.666666666666664,"ID":12},{"utility":58,"ID":21}],[{"utility":0,"ID":29}],[{"utility":73,"ID":10},{"utility":88,"ID":28}],[{"utility":0,"ID":27}],[],[{"utility":16,"ID":14},{"utility":9,"ID":20}],[{"utility":83,"ID":24},{"utility":0,"ID":26}],[],[],[],[],[],[],[],[],[],[],[],[],[],[],[]],"CORE :":true,"Relazioni :":770,"Time : ":0.2,"LAST PARTITION":{"22":7,"23":13,"24":3,"25":2,"26":6,"27":13,"28":16,"29":1,"30":15,"10":1,"11":9,"12":8,"13":10,"14":7,"15":6,"16":9,"17":15,"18":14,"19":12,"1":5,"2":3,"3":16,"4":14,"5":10,"6":8,"7":2,"8":18,"9":18,"20":5,"21":12}},{"Modalità dinamica :":true,"Q : ":5,"STARTING PARTITION: ":{"22":2,"23":8,"24":15,"25":6,"26":15,"27":12,"28":11,"29":10,"30":4,"10":11,"11":8,"12":9,"13":6,"14":14,"15":4,"16":2,"17":1,"18":6,"19":8,"1":7,"2":3,"3":8,"4":5,"5":8,"6":7,"7":9,"8":9,"9":4,"20":14,"21":9},"LAST COALITION":[[],[{"utility":87,"ID":1},{"utility":81,"ID":20}],[{"utility":68,"ID":15},{"utility":77,"ID":26}],[{"utility":93,"ID":17},{"utility":82,"ID":30}],[{"utility":0,"ID":19}],[{"utility":91,"ID":5},{"utility":67,"ID":21}],[{"utility":98,"ID":4},{"utility":87,"ID":18}],[{"utility":84,"ID":6},{"utility":97,"ID":12}],[{"utility":82,"ID":8},{"utility":88,"ID":25}],[{"utility":0,"ID":13}],[],[{"utility":0,"ID":22}],[{"utility":72,"ID":7},{"utility":84,"ID":14}],[{"utility":91,"ID":10},{"utility":96,"ID":29}],[{"utility":0,"ID":9}],[{"utility":96,"ID":11},{"utility":71,"ID":16}],[{"utility":88,"ID":2},{"utility":67,"ID":24}],[{"utility":84,"ID":23},{"utility":84,"ID":27}],[{"utility":90,"ID":3},{"utility":80,"ID":28}],[],[],[],[],[],[],[],[],[],[],[],[]],"STARTING COALITION: ":[[null],[{"utility":0,"ID":17}],[{"utility":23,"ID":16},{"utility":4,"ID":22}],[{"utility":0,"ID":2}],[{"utility":57.5,"ID":9},{"utility":55,"ID":15},{"utility":14,"ID":30}],[{"utility":0,"ID":4}],[{"utility":41,"ID":13},{"utility":20.5,"ID":18},{"utility":27,"ID":25}],[{"utility":96,"ID":1},{"utility":67,"ID":6}],[{"utility":37.25,"ID":3},{"utility":85,"ID":5},{"utility":25.75,"ID":11},{"utility":22,"ID":19},{"utility":12.25,"ID":23}],[{"utility":45.333333333333336,"ID":7},{"utility":36.666666666666664,"ID":8},{"utility":39.666666666666664,"ID":12},{"utility":58,"ID":21}],[{"utility":0,"ID":29}],[{"utility":73,"ID":10},{"utility":88,"ID":28}],[{"utility":0,"ID":27}],[],[{"utility":16,"ID":14},{"utility":9,"ID":20}],[{"utility":83,"ID":24},{"utility":0,"ID":26}],[],[],[],[],[],[],[],[],[],[],[],[],[],[],[]],"CORE :":true,"Relazioni :":770,"Time : ":0.1,"LAST PARTITION":{"22":11,"23":17,"24":16,"25":8,"26":2,"27":17,"28":18,"29":13,"30":3,"10":13,"11":15,"12":7,"13":9,"14":12,"15":2,"16":15,"17":3,"18":6,"19":4,"1":1,"2":16,"3":18,"4":6,"5":5,"6":7,"7":12,"8":8,"9":14,"20":1,"21":5}},{"Modalità dinamica :":true,"Q : ":5,"STARTING PARTITION: ":{"22":2,"23":8,"24":15,"25":6,"26":15,"27":12,"28":11,"29":10,"30":4,"10":11,"11":8,"12":9,"13":6,"14":14,"15":4,"16":2,"17":1,"18":6,"19":8,"1":7,"2":3,"3":8,"4":5,"5":8,"6":7,"7":9,"8":9,"9":4,"20":14,"21":9},"LAST COALITION":[[],[{"utility":86,"ID":9},{"utility":3,"ID":26}],[{"utility":51.333333333333336,"ID":3},{"utility":55.666666666666664,"ID":7},{"utility":34.666666666666664,"ID":24},{"utility":67.33333333333333,"ID":28}],[{"utility":0,"ID":17}],[{"utility":91,"ID":10},{"utility":96,"ID":29}],[{"utility":0,"ID":15}],[{"utility":96,"ID":11},{"utility":71,"ID":16}],[{"utility":84,"ID":23},{"utility":84,"ID":27}],[],[{"utility":86,"ID":13},{"utility":27.5,"ID":22},{"utility":20,"ID":25}],[{"utility":74,"ID":2},{"utility":92,"ID":19}],[],[{"utility":91,"ID":5},{"utility":67,"ID":21}],[],[],[],[{"utility":98,"ID":4},{"utility":87,"ID":18}],[{"utility":0,"ID":14}],[],[{"utility":84,"ID":6},{"utility":97,"ID":12}],[{"utility":94,"ID":8},{"utility":53,"ID":30}],[{"utility":87,"ID":1},{"utility":81,"ID":20}],[],[],[],[],[],[],[],[],[]],"STARTING COALITION: ":[[null],[{"utility":0,"ID":17}],[{"utility":23,"ID":16},{"utility":4,"ID":22}],[{"utility":0,"ID":2}],[{"utility":57.5,"ID":9},{"utility":55,"ID":15},{"utility":14,"ID":30}],[{"utility":0,"ID":4}],[{"utility":41,"ID":13},{"utility":20.5,"ID":18},{"utility":27,"ID":25}],[{"utility":96,"ID":1},{"utility":67,"ID":6}],[{"utility":37.25,"ID":3},{"utility":85,"ID":5},{"utility":25.75,"ID":11},{"utility":22,"ID":19},{"utility":12.25,"ID":23}],[{"utility":45.333333333333336,"ID":7},{"utility":36.666666666666664,"ID":8},{"utility":39.666666666666664,"ID":12},{"utility":58,"ID":21}],[{"utility":0,"ID":29}],[{"utility":73,"ID":10},{"utility":88,"ID":28}],[{"utility":0,"ID":27}],[],[{"utility":16,"ID":14},{"utility":9,"ID":20}],[{"utility":83,"ID":24},{"utility":0,"ID":26}],[],[],[],[],[],[],[],[],[],[],[],[],[],[],[]],"CORE :":true,"Relazioni :":770,"Time : ":0.2,"LAST PARTITION":{"22":9,"23":7,"24":2,"25":9,"26":1,"27":7,"28":2,"29":4,"30":20,"10":4,"11":6,"12":19,"13":9,"14":17,"15":5,"16":6,"17":3,"18":16,"19":10,"1":21,"2":10,"3":2,"4":16,"5":12,"6":19,"7":2,"8":20,"9":1,"20":21,"21":12}},{"Modalità dinamica :":true,"Q : ":6,"STARTING PARTITION: ":{"22":2,"23":8,"24":15,"25":6,"26":15,"27":12,"28":11,"29":10,"30":4,"10":11,"11":8,"12":9,"13":6,"14":14,"15":4,"16":2,"17":1,"18":6,"19":8,"1":7,"2":3,"3":8,"4":5,"5":8,"6":7,"7":9,"8":9,"9":4,"20":14,"21":9},"LAST COALITION":[[],[{"utility":87,"ID":1},{"utility":81,"ID":20}],[],[{"utility":84,"ID":23},{"utility":84,"ID":27}],[{"utility":88,"ID":2},{"utility":67,"ID":24}],[{"utility":93,"ID":17},{"utility":82,"ID":30}],[{"utility":68,"ID":15},{"utility":77,"ID":26}],[{"utility":90,"ID":3},{"utility":80,"ID":28}],[{"utility":82,"ID":8},{"utility":88,"ID":25}],[{"utility":98,"ID":4},{"utility":87,"ID":18}],[{"utility":50,"ID":19},{"utility":76,"ID":21}],[],[{"utility":72,"ID":7},{"utility":84,"ID":14}],[],[{"utility":96,"ID":11},{"utility":71,"ID":16}],[{"utility":84,"ID":6},{"utility":97,"ID":12}],[{"utility":96,"ID":13},{"utility":52,"ID":22}],[{"utility":91,"ID":10},{"utility":96,"ID":29}],[{"utility":45,"ID":5},{"utility":89,"ID":9}],[],[],[],[],[],[],[],[],[],[],[],[]],"STARTING COALITION: ":[[null],[{"utility":0,"ID":17}],[{"utility":23,"ID":16},{"utility":4,"ID":22}],[{"utility":0,"ID":2}],[{"utility":57.5,"ID":9},{"utility":55,"ID":15},{"utility":14,"ID":30}],[{"utility":0,"ID":4}],[{"utility":41,"ID":13},{"utility":20.5,"ID":18},{"utility":27,"ID":25}],[{"utility":96,"ID":1},{"utility":67,"ID":6}],[{"utility":37.25,"ID":3},{"utility":85,"ID":5},{"utility":25.75,"ID":11},{"utility":22,"ID":19},{"utility":12.25,"ID":23}],[{"utility":45.333333333333336,"ID":7},{"utility":36.666666666666664,"ID":8},{"utility":39.666666666666664,"ID":12},{"utility":58,"ID":21}],[{"utility":0,"ID":29}],[{"utility":73,"ID":10},{"utility":88,"ID":28}],[{"utility":0,"ID":27}],[],[{"utility":16,"ID":14},{"utility":9,"ID":20}],[{"utility":83,"ID":24},{"utility":0,"ID":26}],[],[],[],[],[],[],[],[],[],[],[],[],[],[],[]],"CORE :":true,"Relazioni :":770,"Time : ":0.1,"LAST PARTITION":{"22":16,"23":3,"24":4,"25":8,"26":6,"27":3,"28":7,"29":17,"30":5,"10":17,"11":14,"12":15,"13":16,"14":12,"15":6,"16":14,"17":5,"18":9,"19":10,"1":1,"2":4,"3":7,"4":9,"5":18,"6":15,"7":12,"8":8,"9":18,"20":1,"21":10}},{"Modalità dinamica :":true,"Q : ":6,"STARTING PARTITION: ":{"22":2,"23":8,"24":15,"25":6,"26":15,"27":12,"28":11,"29":10,"30":4,"10":11,"11":8,"12":9,"13":6,"14":14,"15":4,"16":2,"17":1,"18":6,"19":8,"1":7,"2":3,"3":8,"4":5,"5":8,"6":7,"7":9,"8":9,"9":4,"20":14,"21":9},"LAST COALITION":[[],[{"utility":40,"ID":24},{"utility":88,"ID":25}],[{"utility":68,"ID":15},{"utility":77,"ID":26}],[{"utility":0,"ID":5}],[{"utility":0,"ID":9}],[{"utility":96,"ID":11},{"utility":71,"ID":16}],[{"utility":87,"ID":1},{"utility":81,"ID":20}],[{"utility":92,"ID":7},{"utility":73,"ID":27}],[{"utility":74,"ID":2},{"utility":92,"ID":19}],[{"utility":91,"ID":10},{"utility":96,"ID":29}],[{"utility":98,"ID":4},{"utility":87,"ID":18}],[{"utility":93,"ID":17},{"utility":82,"ID":30}],[{"utility":84,"ID":6},{"utility":97,"ID":12}],[{"utility":68,"ID":14},{"utility":71,"ID":22}],[],[{"utility":66,"ID":8},{"utility":83,"ID":21}],[{"utility":0,"ID":28}],[{"utility":87,"ID":3},{"utility":49,"ID":23}],[{"utility":0,"ID":13}],[],[],[],[],[],[],[],[],[],[],[],[]],"STARTING COALITION: ":[[null],[{"utility":0,"ID":17}],[{"utility":23,"ID":16},{"utility":4,"ID":22}],[{"utility":0,"ID":2}],[{"utility":57.5,"ID":9},{"utility":55,"ID":15},{"utility":14,"ID":30}],[{"utility":0,"ID":4}],[{"utility":41,"ID":13},{"utility":20.5,"ID":18},{"utility":27,"ID":25}],[{"utility":96,"ID":1},{"utility":67,"ID":6}],[{"utility":37.25,"ID":3},{"utility":85,"ID":5},{"utility":25.75,"ID":11},{"utility":22,"ID":19},{"utility":12.25,"ID":23}],[{"utility":45.333333333333336,"ID":7},{"utility":36.666666666666664,"ID":8},{"utility":39.666666666666664,"ID":12},{"utility":58,"ID":21}],[{"utility":0,"ID":29}],[{"utility":73,"ID":10},{"utility":88,"ID":28}],[{"utility":0,"ID":27}],[],[{"utility":16,"ID":14},{"utility":9,"ID":20}],[{"utility":83,"ID":24},{"utility":0,"ID":26}],[],[],[],[],[],[],[],[],[],[],[],[],[],[],[]],"CORE :":true,"Relazioni :":770,"Time : ":0.2,"LAST PARTITION":{"22":13,"23":17,"24":1,"25":1,"26":2,"27":7,"28":16,"29":9,"30":11,"10":9,"11":5,"12":12,"13":18,"14":13,"15":2,"16":5,"17":11,"18":10,"19":8,"1":6,"2":8,"3":17,"4":10,"5":3,"6":12,"7":7,"8":15,"9":4,"20":6,"21":15}},{"Modalità dinamica :":true,"Q : ":7,"STARTING PARTITION: ":{"22":2,"23":8,"24":15,"25":6,"26":15,"27":12,"28":11,"29":10,"30":4,"10":11,"11":8,"12":9,"13":6,"14":14,"15":4,"16":2,"17":1,"18":6,"19":8,"1":7,"2":3,"3":8,"4":5,"5":8,"6":7,"7":9,"8":9,"9":4,"20":14,"21":9},"LAST COALITION":[[],[{"utility":96,"ID":11},{"utility":71,"ID":16}],[{"utility":80,"ID":7},{"utility":85,"ID":25}],[{"utility":90,"ID":3},{"utility":80,"ID":28}],[{"utility":91,"ID":10},{"utility":96,"ID":29}],[{"utility":76,"ID":2},{"utility":93,"ID":13}],[{"utility":93,"ID":17},{"utility":82,"ID":30}],[{"utility":86,"ID":9},{"utility":3,"ID":26}],[{"utility":84,"ID":6},{"utility":97,"ID":12}],[{"utility":84,"ID":23},{"utility":84,"ID":27}],[{"utility":0,"ID":19}],[],[{"utility":68.33333333333333,"ID":5},{"utility":61.333333333333336,"ID":20},{"utility":36.666666666666664,"ID":21},{"utility":44,"ID":24}],[],[{"utility":0,"ID":8}],[{"utility":98,"ID":4},{"utility":87,"ID":18}],[{"utility":0,"ID":14}],[{"utility":0,"ID":15}],[{"utility":45,"ID":1},{"utility":58,"ID":22}],[],[],[],[],[],[],[],[],[],[],[],[]],"STARTING COALITION: ":[[null],[{"utility":0,"ID":17}],[{"utility":23,"ID":16},{"utility":4,"ID":22}],[{"utility":0,"ID":2}],[{"utility":57.5,"ID":9},{"utility":55,"ID":15},{"utility":14,"ID":30}],[{"utility":0,"ID":4}],[{"utility":41,"ID":13},{"utility":20.5,"ID":18},{"utility":27,"ID":25}],[{"utility":96,"ID":1},{"utility":67,"ID":6}],[{"utility":37.25,"ID":3},{"utility":85,"ID":5},{"utility":25.75,"ID":11},{"utility":22,"ID":19},{"utility":12.25,"ID":23}],[{"utility":45.333333333333336,"ID":7},{"utility":36.666666666666664,"ID":8},{"utility":39.666666666666664,"ID":12},{"utility":58,"ID":21}],[{"utility":0,"ID":29}],[{"utility":73,"ID":10},{"utility":88,"ID":28}],[{"utility":0,"ID":27}],[],[{"utility":16,"ID":14},{"utility":9,"ID":20}],[{"utility":83,"ID":24},{"utility":0,"ID":26}],[],[],[],[],[],[],[],[],[],[],[],[],[],[],[]],"CORE :":true,"Relazioni :":770,"Time : ":0.1,"LAST PARTITION":{"22":18,"23":9,"24":12,"25":2,"26":7,"27":9,"28":3,"29":4,"30":6,"10":4,"11":1,"12":8,"13":5,"14":16,"15":17,"16":1,"17":6,"18":15,"19":10,"1":18,"2":5,"3":3,"4":15,"5":12,"6":8,"7":2,"8":14,"9":7,"20":12,"21":12}},{"Modalità dinamica :":true,"Q : ":7,"STARTING PARTITION: ":{"22":2,"23":8,"24":15,"25":6,"26":15,"27":12,"28":11,"29":10,"30":4,"10":11,"11":8,"12":9,"13":6,"14":14,"15":4,"16":2,"17":1,"18":6,"19":8,"1":7,"2":3,"3":8,"4":5,"5":8,"6":7,"7":9,"8":9,"9":4,"20":14,"21":9},"LAST COALITION":[[],[{"utility":96,"ID":11},{"utility":71,"ID":16}],[{"utility":62,"ID":14},{"utility":44,"ID":25}],[{"utility":87,"ID":1},{"utility":81,"ID":20}],[{"utility":0,"ID":17}],[{"utility":84,"ID":6},{"utility":97,"ID":12}],[{"utility":91,"ID":5},{"utility":67,"ID":21}],[{"utility":91,"ID":10},{"utility":96,"ID":29}],[{"utility":0,"ID":30}],[{"utility":78,"ID":19},{"utility":57,"ID":24}],[{"utility":84,"ID":23},{"utility":84,"ID":27}],[{"utility":0,"ID":7}],[{"utility":98,"ID":4},{"utility":87,"ID":18}],[{"utility":76,"ID":9},{"utility":62,"ID":22}],[{"utility":68,"ID":15},{"utility":77,"ID":26}],[{"utility":64,"ID":8},{"utility":33,"ID":13}],[],[],[{"utility":0,"ID":2}],[{"utility":90,"ID":3},{"utility":80,"ID":28}],[],[],[],[],[],[],[],[],[],[],[]],"STARTING COALITION: ":[[null],[{"utility":0,"ID":17}],[{"utility":23,"ID":16},{"utility":4,"ID":22}],[{"utility":0,"ID":2}],[{"utility":57.5,"ID":9},{"utility":55,"ID":15},{"utility":14,"ID":30}],[{"utility":0,"ID":4}],[{"utility":41,"ID":13},{"utility":20.5,"ID":18},{"utility":27,"ID":25}],[{"utility":96,"ID":1},{"utility":67,"ID":6}],[{"utility":37.25,"ID":3},{"utility":85,"ID":5},{"utility":25.75,"ID":11},{"utility":22,"ID":19},{"utility":12.25,"ID":23}],[{"utility":45.333333333333336,"ID":7},{"utility":36.666666666666664,"ID":8},{"utility":39.666666666666664,"ID":12},{"utility":58,"ID":21}],[{"utility":0,"ID":29}],[{"utility":73,"ID":10},{"utility":88,"ID":28}],[{"utility":0,"ID":27}],[],[{"utility":16,"ID":14},{"utility":9,"ID":20}],[{"utility":83,"ID":24},{"utility":0,"ID":26}],[],[],[],[],[],[],[],[],[],[],[],[],[],[],[]],"CORE :":true,"Relazioni :":770,"Time : ":0.2,"LAST PARTITION":{"22":13,"23":10,"24":9,"25":2,"26":14,"27":10,"28":19,"29":7,"30":8,"10":7,"11":1,"12":5,"13":15,"14":2,"15":14,"16":1,"17":4,"18":12,"19":9,"1":3,"2":18,"3":19,"4":12,"5":6,"6":5,"7":11,"8":15,"9":13,"20":3,"21":6}},{"Modalità dinamica :":true,"Q : ":8,"STARTING PARTITION: ":{"22":2,"23":8,"24":15,"25":6,"26":15,"27":12,"28":11,"29":10,"30":4,"10":11,"11":8,"12":9,"13":6,"14":14,"15":4,"16":2,"17":1,"18":6,"19":8,"1":7,"2":3,"3":8,"4":5,"5":8,"6":7,"7":9,"8":9,"9":4,"20":14,"21":9},"LAST COALITION":[[],[{"utility":93,"ID":17},{"utility":82,"ID":30}],[{"utility":0,"ID":22}],[{"utility":88,"ID":2},{"utility":67,"ID":24}],[],[{"utility":90,"ID":3},{"utility":80,"ID":28}],[{"utility":45,"ID":23},{"utility":82,"ID":25}],[{"utility":98,"ID":4},{"utility":87,"ID":18}],[{"utility":87,"ID":6},{"utility":63,"ID":27}],[{"utility":50,"ID":19},{"utility":76,"ID":21}],[{"utility":72,"ID":7},{"utility":84,"ID":14}],[{"utility":86,"ID":9},{"utility":3,"ID":26}],[{"utility":0,"ID":5}],[{"utility":51,"ID":1},{"utility":46.333333333333336,"ID":8},{"utility":57,"ID":13},{"utility":33,"ID":20}],[],[{"utility":91,"ID":10},{"utility":96,"ID":29}],[],[{"utility":66,"ID":12},{"utility":49,"ID":15}],[{"utility":96,"ID":11},{"utility":71,"ID":16}],[],[],[],[],[],[],[],[],[],[],[],[]],"STARTING COALITION: ":[[null],[{"utility":0,"ID":17}],[{"utility":23,"ID":16},{"utility":4,"ID":22}],[{"utility":0,"ID":2}],[{"utility":57.5,"ID":9},{"utility":55,"ID":15},{"utility":14,"ID":30}],[{"utility":0,"ID":4}],[{"utility":41,"ID":13},{"utility":20.5,"ID":18},{"utility":27,"ID":25}],[{"utility":96,"ID":1},{"utility":67,"ID":6}],[{"utility":37.25,"ID":3},{"utility":85,"ID":5},{"utility":25.75,"ID":11},{"utility":22,"ID":19},{"utility":12.25,"ID":23}],[{"utility":45.333333333333336,"ID":7},{"utility":36.666666666666664,"ID":8},{"utility":39.666666666666664,"ID":12},{"utility":58,"ID":21}],[{"utility":0,"ID":29}],[{"utility":73,"ID":10},{"utility":88,"ID":28}],[{"utility":0,"ID":27}],[],[{"utility":16,"ID":14},{"utility":9,"ID":20}],[{"utility":83,"ID":24},{"utility":0,"ID":26}],[],[],[],[],[],[],[],[],[],[],[],[],[],[],[]],"CORE :":true,"Relazioni :":770,"Time : ":0.1,"LAST PARTITION":{"22":2,"23":6,"24":3,"25":6,"26":11,"27":8,"28":5,"29":15,"30":1,"10":15,"11":18,"12":17,"13":13,"14":10,"15":17,"16":18,"17":1,"18":7,"19":9,"1":13,"2":3,"3":5,"4":7,"5":12,"6":8,"7":10,"8":13,"9":11,"20":13,"21":9}},{"Modalità dinamica :":true,"Q : ":8,"STARTING PARTITION: ":{"22":2,"23":8,"24":15,"25":6,"26":15,"27":12,"28":11,"29":10,"30":4,"10":11,"11":8,"12":9,"13":6,"14":14,"15":4,"16":2,"17":1,"18":6,"19":8,"1":7,"2":3,"3":8,"4":5,"5":8,"6":7,"7":9,"8":9,"9":4,"20":14,"21":9},"LAST COALITION":[[],[{"utility":50,"ID":6},{"utility":63,"ID":23}],[{"utility":0,"ID":9}],[{"utility":79,"ID":16},{"utility":32,"ID":21}],[{"utility":82,"ID":8},{"utility":88,"ID":25}],[{"utility":0,"ID":17}],[{"utility":91,"ID":10},{"utility":96,"ID":29}],[{"utility":92,"ID":7},{"utility":73,"ID":27}],[{"utility":96,"ID":1},{"utility":90,"ID":12}],[{"utility":88,"ID":2},{"utility":67,"ID":24}],[{"utility":98,"ID":4},{"utility":87,"ID":18}],[{"utility":0,"ID":15}],[{"utility":68,"ID":14},{"utility":71,"ID":22}],[{"utility":83,"ID":13},{"utility":50,"ID":30}],[{"utility":90,"ID":3},{"utility":80,"ID":28}],[],[{"utility":99,"ID":5},{"utility":91,"ID":11}],[],[{"utility":0,"ID":26}],[{"utility":96,"ID":19},{"utility":22,"ID":20}],[],[],[],[],[],[],[],[],[],[],[]],"STARTING COALITION: ":[[null],[{"utility":0,"ID":17}],[{"utility":23,"ID":16},{"utility":4,"ID":22}],[{"utility":0,"ID":2}],[{"utility":57.5,"ID":9},{"utility":55,"ID":15},{"utility":14,"ID":30}],[{"utility":0,"ID":4}],[{"utility":41,"ID":13},{"utility":20.5,"ID":18},{"utility":27,"ID":25}],[{"utility":96,"ID":1},{"utility":67,"ID":6}],[{"utility":37.25,"ID":3},{"utility":85,"ID":5},{"utility":25.75,"ID":11},{"utility":22,"ID":19},{"utility":12.25,"ID":23}],[{"utility":45.333333333333336,"ID":7},{"utility":36.666666666666664,"ID":8},{"utility":39.666666666666664,"ID":12},{"utility":58,"ID":21}],[{"utility":0,"ID":29}],[{"utility":73,"ID":10},{"utility":88,"ID":28}],[{"utility":0,"ID":27}],[],[{"utility":16,"ID":14},{"utility":9,"ID":20}],[{"utility":83,"ID":24},{"utility":0,"ID":26}],[],[],[],[],[],[],[],[],[],[],[],[],[],[],[]],"CORE :":true,"Relazioni :":770,"Time : ":0.2,"LAST PARTITION":{"22":12,"23":1,"24":9,"25":4,"26":18,"27":7,"28":14,"29":6,"30":13,"10":6,"11":16,"12":8,"13":13,"14":12,"15":11,"16":3,"17":5,"18":10,"19":19,"1":8,"2":9,"3":14,"4":10,"5":16,"6":1,"7":7,"8":4,"9":2,"20":19,"21":3}},{"Modalità dinamica :":true,"Q : ":9,"STARTING PARTITION: ":{"22":2,"23":8,"24":15,"25":6,"26":15,"27":12,"28":11,"29":10,"30":4,"10":11,"11":8,"12":9,"13":6,"14":14,"15":4,"16":2,"17":1,"18":6,"19":8,"1":7,"2":3,"3":8,"4":5,"5":8,"6":7,"7":9,"8":9,"9":4,"20":14,"21":9},"LAST COALITION":[[],[{"utility":98,"ID":4},{"utility":87,"ID":18}],[{"utility":30,"ID":5},{"utility":93,"ID":15}],[{"utility":0,"ID":3}],[{"utility":0,"ID":14}],[{"utility":94,"ID":8},{"utility":53,"ID":30}],[{"utility":91,"ID":10},{"utility":96,"ID":29}],[],[{"utility":83,"ID":24},{"utility":62,"ID":28}],[{"utility":62,"ID":17},{"utility":89,"ID":23}],[{"utility":0,"ID":7}],[{"utility":0,"ID":27}],[{"utility":96,"ID":11},{"utility":71,"ID":16}],[{"utility":14,"ID":19},{"utility":67,"ID":26}],[{"utility":76,"ID":13},{"utility":2,"ID":25}],[{"utility":84,"ID":6},{"utility":97,"ID":12}],[],[{"utility":92,"ID":2},{"utility":61,"ID":21}],[{"utility":76,"ID":9},{"utility":62,"ID":22}],[{"utility":87,"ID":1},{"utility":81,"ID":20}],[],[],[],[],[],[],[],[],[],[],[]],"STARTING COALITION: ":[[null],[{"utility":0,"ID":17}],[{"utility":23,"ID":16},{"utility":4,"ID":22}],[{"utility":0,"ID":2}],[{"utility":57.5,"ID":9},{"utility":55,"ID":15},{"utility":14,"ID":30}],[{"utility":0,"ID":4}],[{"utility":41,"ID":13},{"utility":20.5,"ID":18},{"utility":27,"ID":25}],[{"utility":96,"ID":1},{"utility":67,"ID":6}],[{"utility":37.25,"ID":3},{"utility":85,"ID":5},{"utility":25.75,"ID":11},{"utility":22,"ID":19},{"utility":12.25,"ID":23}],[{"utility":45.333333333333336,"ID":7},{"utility":36.666666666666664,"ID":8},{"utility":39.666666666666664,"ID":12},{"utility":58,"ID":21}],[{"utility":0,"ID":29}],[{"utility":73,"ID":10},{"utility":88,"ID":28}],[{"utility":0,"ID":27}],[],[{"utility":16,"ID":14},{"utility":9,"ID":20}],[{"utility":83,"ID":24},{"utility":0,"ID":26}],[],[],[],[],[],[],[],[],[],[],[],[],[],[],[]],"CORE :":true,"Relazioni :":770,"Time : ":0.1,"LAST PARTITION":{"22":18,"23":9,"24":8,"25":14,"26":13,"27":11,"28":8,"29":6,"30":5,"10":6,"11":12,"12":15,"13":14,"14":4,"15":2,"16":12,"17":9,"18":1,"19":13,"1":19,"2":17,"3":3,"4":1,"5":2,"6":15,"7":10,"8":5,"9":18,"20":19,"21":17}},{"Modalità dinamica :":true,"Q : ":9,"STARTING PARTITION: ":{"22":2,"23":8,"24":15,"25":6,"26":15,"27":12,"28":11,"29":10,"30":4,"10":11,"11":8,"12":9,"13":6,"14":14,"15":4,"16":2,"17":1,"18":6,"19":8,"1":7,"2":3,"3":8,"4":5,"5":8,"6":7,"7":9,"8":9,"9":4,"20":14,"21":9},"LAST COALITION":[[],[{"utility":91,"ID":10},{"utility":96,"ID":29}],[{"utility":0,"ID":9}],[{"utility":96,"ID":11},{"utility":71,"ID":16}],[{"utility":30,"ID":2},{"utility":41,"ID":5}],[{"utility":67,"ID":3},{"utility":62,"ID":25}],[{"utility":84,"ID":23},{"utility":84,"ID":27}],[],[],[{"utility":84,"ID":6},{"utility":97,"ID":12}],[{"utility":93,"ID":17},{"utility":82,"ID":30}],[{"utility":0,"ID":13}],[{"utility":87,"ID":1},{"utility":81,"ID":20}],[{"utility":68,"ID":14},{"utility":71,"ID":22}],[{"utility":26,"ID":15},{"utility":78,"ID":21}],[{"utility":78,"ID":19},{"utility":57,"ID":24}],[{"utility":0,"ID":7}],[{"utility":0,"ID":28}],[{"utility":98,"ID":4},{"utility":87,"ID":18}],[{"utility":30,"ID":8},{"utility":95,"ID":26}],[],[],[],[],[],[],[],[],[],[],[]],"STARTING COALITION: ":[[null],[{"utility":0,"ID":17}],[{"utility":23,"ID":16},{"utility":4,"ID":22}],[{"utility":0,"ID":2}],[{"utility":57.5,"ID":9},{"utility":55,"ID":15},{"utility":14,"ID":30}],[{"utility":0,"ID":4}],[{"utility":41,"ID":13},{"utility":20.5,"ID":18},{"utility":27,"ID":25}],[{"utility":96,"ID":1},{"utility":67,"ID":6}],[{"utility":37.25,"ID":3},{"utility":85,"ID":5},{"utility":25.75,"ID":11},{"utility":22,"ID":19},{"utility":12.25,"ID":23}],[{"utility":45.333333333333336,"ID":7},{"utility":36.666666666666664,"ID":8},{"utility":39.666666666666664,"ID":12},{"utility":58,"ID":21}],[{"utility":0,"ID":29}],[{"utility":73,"ID":10},{"utility":88,"ID":28}],[{"utility":0,"ID":27}],[],[{"utility":16,"ID":14},{"utility":9,"ID":20}],[{"utility":83,"ID":24},{"utility":0,"ID":26}],[],[],[],[],[],[],[],[],[],[],[],[],[],[],[]],"CORE :":true,"Relazioni :":770,"Time : ":0.2,"LAST PARTITION":{"22":13,"23":6,"24":15,"25":5,"26":19,"27":6,"28":17,"29":1,"30":10,"10":1,"11":3,"12":9,"13":11,"14":13,"15":14,"16":3,"17":10,"18":18,"19":15,"1":12,"2":4,"3":5,"4":18,"5":4,"6":9,"7":16,"8":19,"9":2,"20":12,"21":14}},{"Modalità dinamica :":true,"Q : ":10,"STARTING PARTITION: ":{"22":2,"23":8,"24":15,"25":6,"26":15,"27":12,"28":11,"29":10,"30":4,"10":11,"11":8,"12":9,"13":6,"14":14,"15":4,"16":2,"17":1,"18":6,"19":8,"1":7,"2":3,"3":8,"4":5,"5":8,"6":7,"7":9,"8":9,"9":4,"20":14,"21":9},"LAST COALITION":[[],[{"utility":2,"ID":15},{"utility":96,"ID":23}],[{"utility":96,"ID":19},{"utility":22,"ID":20}],[{"utility":93,"ID":17},{"utility":82,"ID":30}],[{"utility":61,"ID":16},{"utility":6,"ID":26}],[],[{"utility":98,"ID":4},{"utility":87,"ID":18}],[{"utility":84,"ID":6},{"utility":97,"ID":12}],[{"utility":73,"ID":11},{"utility":64,"ID":22}],[],[{"utility":88,"ID":2},{"utility":67,"ID":24}],[{"utility":30,"ID":1},{"utility":71,"ID":9},{"utility":38.5,"ID":13}],[{"utility":0,"ID":27}],[{"utility":91,"ID":10},{"utility":96,"ID":29}],[{"utility":91,"ID":5},{"utility":67,"ID":21}],[{"utility":82,"ID":8},{"utility":88,"ID":25}],[],[],[{"utility":72,"ID":7},{"utility":84,"ID":14}],[{"utility":90,"ID":3},{"utility":80,"ID":28}],[],[],[],[],[],[],[],[],[],[],[]],"STARTING COALITION: ":[[null],[{"utility":0,"ID":17}],[{"utility":23,"ID":16},{"utility":4,"ID":22}],[{"utility":0,"ID":2}],[{"utility":57.5,"ID":9},{"utility":55,"ID":15},{"utility":14,"ID":30}],[{"utility":0,"ID":4}],[{"utility":41,"ID":13},{"utility":20.5,"ID":18},{"utility":27,"ID":25}],[{"utility":96,"ID":1},{"utility":67,"ID":6}],[{"utility":37.25,"ID":3},{"utility":85,"ID":5},{"utility":25.75,"ID":11},{"utility":22,"ID":19},{"utility":12.25,"ID":23}],[{"utility":45.333333333333336,"ID":7},{"utility":36.666666666666664,"ID":8},{"utility":39.666666666666664,"ID":12},{"utility":58,"ID":21}],[{"utility":0,"ID":29}],[{"utility":73,"ID":10},{"utility":88,"ID":28}],[{"utility":0,"ID":27}],[],[{"utility":16,"ID":14},{"utility":9,"ID":20}],[{"utility":83,"ID":24},{"utility":0,"ID":26}],[],[],[],[],[],[],[],[],[],[],[],[],[],[],[]],"CORE :":true,"Relazioni :":770,"Time : ":0.1,"LAST PARTITION":{"22":8,"23":1,"24":10,"25":15,"26":4,"27":12,"28":19,"29":13,"30":3,"10":13,"11":8,"12":7,"13":11,"14":18,"15":1,"16":4,"17":3,"18":6,"19":2,"1":11,"2":10,"3":19,"4":6,"5":14,"6":7,"7":18,"8":15,"9":11,"20":2,"21":14}},{"Modalità dinamica :":true,"Q : ":10,"STARTING PARTITION: ":{"22":2,"23":8,"24":15,"25":6,"26":15,"27":12,"28":11,"29":10,"30":4,"10":11,"11":8,"12":9,"13":6,"14":14,"15":4,"16":2,"17":1,"18":6,"19":8,"1":7,"2":3,"3":8,"4":5,"5":8,"6":7,"7":9,"8":9,"9":4,"20":14,"21":9},"LAST COALITION":[[],[{"utility":98,"ID":4},{"utility":87,"ID":18}],[{"utility":91,"ID":10},{"utility":96,"ID":29}],[{"utility":88,"ID":2},{"utility":67,"ID":24}],[{"utility":14,"ID":19},{"utility":67,"ID":26}],[{"utility":0,"ID":21}],[{"utility":69,"ID":7},{"utility":52,"ID":22}],[{"utility":84,"ID":23},{"utility":84,"ID":27}],[{"utility":65,"ID":9},{"utility":50,"ID":14}],[{"utility":82,"ID":8},{"utility":88,"ID":25}],[{"utility":93,"ID":17},{"utility":82,"ID":30}],[{"utility":61,"ID":5},{"utility":54,"ID":13}],[{"utility":90,"ID":3},{"utility":80,"ID":28}],[],[{"utility":84,"ID":6},{"utility":97,"ID":12}],[],[{"utility":96,"ID":11},{"utility":71,"ID":16}],[{"utility":87,"ID":1},{"utility":81,"ID":20}],[],[{"utility":0,"ID":15}],[],[],[],[],[],[],[],[],[],[],[]],"STARTING COALITION: ":[[null],[{"utility":0,"ID":17}],[{"utility":23,"ID":16},{"utility":4,"ID":22}],[{"utility":0,"ID":2}],[{"utility":57.5,"ID":9},{"utility":55,"ID":15},{"utility":14,"ID":30}],[{"utility":0,"ID":4}],[{"utility":41,"ID":13},{"utility":20.5,"ID":18},{"utility":27,"ID":25}],[{"utility":96,"ID":1},{"utility":67,"ID":6}],[{"utility":37.25,"ID":3},{"utility":85,"ID":5},{"utility":25.75,"ID":11},{"utility":22,"ID":19},{"utility":12.25,"ID":23}],[{"utility":45.333333333333336,"ID":7},{"utility":36.666666666666664,"ID":8},{"utility":39.666666666666664,"ID":12},{"utility":58,"ID":21}],[{"utility":0,"ID":29}],[{"utility":73,"ID":10},{"utility":88,"ID":28}],[{"utility":0,"ID":27}],[],[{"utility":16,"ID":14},{"utility":9,"ID":20}],[{"utility":83,"ID":24},{"utility":0,"ID":26}],[],[],[],[],[],[],[],[],[],[],[],[],[],[],[]],"CORE :":true,"Relazioni :":770,"Time : ":0.2,"LAST PARTITION":{"22":6,"23":7,"24":3,"25":9,"26":4,"27":7,"28":12,"29":2,"30":10,"10":2,"11":16,"12":14,"13":11,"14":8,"15":19,"16":16,"17":10,"18":1,"19":4,"1":17,"2":3,"3":12,"4":1,"5":11,"6":14,"7":6,"8":9,"9":8,"20":17,"21":5}},{"END OF FILE:" : true}]