[{"Modalità dinamica :":false,"Q : ":2,"STARTING PARTITION: ":{"22":12,"23":12,"24":9,"25":4,"26":2,"27":11,"28":7,"29":11,"30":4,"10":9,"11":3,"12":13,"13":11,"14":11,"15":1,"16":2,"17":7,"18":7,"19":4,"1":7,"2":14,"3":13,"4":11,"5":15,"6":13,"7":11,"8":7,"9":15,"20":1,"21":11},"LAST COALITION":[[],[{"utility":0,"ID":20}],[{"utility":0,"ID":26}],[{"utility":96,"ID":1},{"utility":82,"ID":15}],[{"utility":0,"ID":30}],[{"utility":0,"ID":23}],[{"utility":0,"ID":25}],[{"utility":70,"ID":17},{"utility":47,"ID":18}],[{"utility":0,"ID":19}],[{"utility":0,"ID":24}],[{"utility":0,"ID":22}],[{"utility":71,"ID":14},{"utility":53,"ID":27},{"utility":44,"ID":29}],[{"utility":0,"ID":4}],[{"utility":26,"ID":10},{"utility":54,"ID":11}],[{"utility":76,"ID":7},{"utility":59,"ID":9}],[{"utility":93,"ID":5},{"utility":98,"ID":21}],[{"utility":0,"ID":13}],[{"utility":96,"ID":3},{"utility":79,"ID":28}],[{"utility":0,"ID":12}],[{"utility":98,"ID":8},{"utility":31,"ID":16}],[],[],[{"utility":90,"ID":2},{"utility":91,"ID":6}],[],[],[],[],[],[],[],[]],"STARTING COALITION: ":[[null],[{"utility":4,"ID":15},{"utility":35,"ID":20}],[{"utility":46,"ID":16},{"utility":13,"ID":26}],[{"utility":0,"ID":11}],[{"utility":38.5,"ID":19},{"utility":61,"ID":25},{"utility":47.5,"ID":30}],[],[],[{"utility":45.25,"ID":1},{"utility":30,"ID":8},{"utility":36.75,"ID":17},{"utility":61.75,"ID":18},{"utility":43.5,"ID":28}],[],[{"utility":64,"ID":10},{"utility":35,"ID":24}],[],[{"utility":57.833333333333336,"ID":4},{"utility":55.666666666666664,"ID":7},{"utility":46,"ID":13},{"utility":48.666666666666664,"ID":14},{"utility":50.666666666666664,"ID":21},{"utility":46.833333333333336,"ID":27},{"utility":54.5,"ID":29}],[{"utility":31,"ID":22},{"utility":58,"ID":23}],[{"utility":50,"ID":3},{"utility":58.5,"ID":6},{"utility":52.5,"ID":12}],[{"utility":0,"ID":2}],[{"utility":60,"ID":5},{"utility":51,"ID":9}],[],[],[],[],[],[],[],[],[],[],[],[],[],[],[]],"CORE :":false,"Relazioni :":870,"Time : ":0.1,"LAST PARTITION":{"22":10,"23":5,"24":9,"25":6,"26":2,"27":11,"28":17,"29":11,"30":4,"10":13,"11":13,"12":18,"13":16,"14":11,"15":3,"16":19,"17":7,"18":7,"19":8,"1":3,"2":22,"3":17,"4":12,"5":15,"6":22,"7":14,"8":19,"9":14,"20":1,"21":15}},{"Modalità dinamica :":false,"Q : ":2,"STARTING PARTITION: ":{"22":12,"23":12,"24":9,"25":4,"26":2,"27":11,"28":7,"29":11,"30":4,"10":9,"11":3,"12":13,"13":11,"14":11,"15":1,"16":2,"17":7,"18":7,"19":4,"1":7,"2":14,"3":13,"4":11,"5":15,"6":13,"7":11,"8":7,"9":15,"20":1,"21":11},"LAST COALITION":[[],[{"utility":0,"ID":20}],[{"utility":0,"ID":26}],[{"utility":96,"ID":1},{"utility":82,"ID":15}],[{"utility":0,"ID":30}],[{"utility":0,"ID":23}],[{"utility":0,"ID":25}],[{"utility":70,"ID":17},{"utility":47,"ID":18}],[{"utility":0,"ID":19}],[{"utility":0,"ID":24}],[{"utility":0,"ID":22}],[{"utility":71,"ID":14},{"utility":53,"ID":27},{"utility":44,"ID":29}],[{"utility":28,"ID":4},{"utility":96,"ID":9}],[{"utility":26,"ID":10},{"utility":54,"ID":11}],[{"utility":0,"ID":7}],[{"utility":93,"ID":5},{"utility":98,"ID":21}],[{"utility":0,"ID":13}],[{"utility":96,"ID":3},{"utility":79,"ID":28}],[{"utility":0,"ID":12}],[{"utility":98,"ID":8},{"utility":31,"ID":16}],[{"utility":0,"ID":2}],[],[{"utility":0,"ID":6}],[],[],[],[],[],[],[],[]],"STARTING COALITION: ":[[null],[{"utility":4,"ID":15},{"utility":35,"ID":20}],[{"utility":46,"ID":16},{"utility":13,"ID":26}],[{"utility":0,"ID":11}],[{"utility":38.5,"ID":19},{"utility":61,"ID":25},{"utility":47.5,"ID":30}],[],[],[{"utility":45.25,"ID":1},{"utility":30,"ID":8},{"utility":36.75,"ID":17},{"utility":61.75,"ID":18},{"utility":43.5,"ID":28}],[],[{"utility":64,"ID":10},{"utility":35,"ID":24}],[],[{"utility":57.833333333333336,"ID":4},{"utility":55.666666666666664,"ID":7},{"utility":46,"ID":13},{"utility":48.666666666666664,"ID":14},{"utility":50.666666666666664,"ID":21},{"utility":46.833333333333336,"ID":27},{"utility":54.5,"ID":29}],[{"utility":31,"ID":22},{"utility":58,"ID":23}],[{"utility":50,"ID":3},{"utility":58.5,"ID":6},{"utility":52.5,"ID":12}],[{"utility":0,"ID":2}],[{"utility":60,"ID":5},{"utility":51,"ID":9}],[],[],[],[],[],[],[],[],[],[],[],[],[],[],[]],"CORE :":false,"Relazioni :":870,"Time : ":0.2,"LAST PARTITION":{"22":10,"23":5,"24":9,"25":6,"26":2,"27":11,"28":17,"29":11,"30":4,"10":13,"11":13,"12":18,"13":16,"14":11,"15":3,"16":19,"17":7,"18":7,"19":8,"1":3,"2":20,"3":17,"4":12,"5":15,"6":22,"7":14,"8":19,"9":12,"20":1,"21":15}},{"Modalità dinamica :":false,"Q : ":3,"STARTING PARTITION: ":{"22":12,"23":12,"24":9,"25":4,"26":2,"27":11,"28":7,"29":11,"30":4,"10":9,"11":3,"12":13,"13":11,"14":11,"15":1,"16":2,"17":7,"18":7,"19":4,"1":7,"2":14,"3":13,"4":11,"5":15,"6":13,"7":11,"8":7,"9":15,"20":1,"21":11},"LAST COALITION":[[],[{"utility":0,"ID":20}],[{"utility":0,"ID":26}],[{"utility":96,"ID":1},{"utility":82,"ID":15}],[{"utility":0,"ID":30}],[{"utility":0,"ID":23}],[{"utility":0,"ID":25}],[{"utility":70,"ID":17},{"utility":47,"ID":18}],[{"utility":0,"ID":19}],[{"utility":0,"ID":24}],[{"utility":0,"ID":22}],[{"utility":71,"ID":14},{"utility":53,"ID":27},{"utility":44,"ID":29}],[{"utility":0,"ID":9}],[{"utility":26,"ID":10},{"utility":54,"ID":11}],[],[{"utility":93,"ID":5},{"utility":98,"ID":21}],[{"utility":0,"ID":13}],[{"utility":96,"ID":3},{"utility":79,"ID":28}],[{"utility":0,"ID":12}],[{"utility":98,"ID":8},{"utility":31,"ID":16}],[{"utility":96,"ID":4},{"utility":28,"ID":7}],[{"utility":90,"ID":2},{"utility":91,"ID":6}],[],[],[],[],[],[],[],[],[]],"STARTING COALITION: ":[[null],[{"utility":4,"ID":15},{"utility":35,"ID":20}],[{"utility":46,"ID":16},{"utility":13,"ID":26}],[{"utility":0,"ID":11}],[{"utility":38.5,"ID":19},{"utility":61,"ID":25},{"utility":47.5,"ID":30}],[],[],[{"utility":45.25,"ID":1},{"utility":30,"ID":8},{"utility":36.75,"ID":17},{"utility":61.75,"ID":18},{"utility":43.5,"ID":28}],[],[{"utility":64,"ID":10},{"utility":35,"ID":24}],[],[{"utility":57.833333333333336,"ID":4},{"utility":55.666666666666664,"ID":7},{"utility":46,"ID":13},{"utility":48.666666666666664,"ID":14},{"utility":50.666666666666664,"ID":21},{"utility":46.833333333333336,"ID":27},{"utility":54.5,"ID":29}],[{"utility":31,"ID":22},{"utility":58,"ID":23}],[{"utility":50,"ID":3},{"utility":58.5,"ID":6},{"utility":52.5,"ID":12}],[{"utility":0,"ID":2}],[{"utility":60,"ID":5},{"utility":51,"ID":9}],[],[],[],[],[],[],[],[],[],[],[],[],[],[],[]],"CORE :":false,"Relazioni :":870,"Time : ":0.1,"LAST PARTITION":{"22":10,"23":5,"24":9,"25":6,"26":2,"27":11,"28":17,"29":11,"30":4,"10":13,"11":13,"12":18,"13":16,"14":11,"15":3,"16":19,"17":7,"18":7,"19":8,"1":3,"2":21,"3":17,"4":20,"5":15,"6":21,"7":20,"8":19,"9":12,"20":1,"21":15}},{"Modalità dinamica :":false,"Q : ":3,"STARTING PARTITION: ":{"22":12,"23":12,"24":9,"25":4,"26":2,"27":11,"28":7,"29":11,"30":4,"10":9,"11":3,"12":13,"13":11,"14":11,"15":1,"16":2,"17":7,"18":7,"19":4,"1":7,"2":14,"3":13,"4":11,"5":15,"6":13,"7":11,"8":7,"9":15,"20":1,"21":11},"LAST COALITION":[[],[{"utility":0,"ID":20}],[{"utility":0,"ID":26}],[{"utility":96,"ID":1},{"utility":82,"ID":15}],[{"utility":0,"ID":30}],[{"utility":0,"ID":23}],[{"utility":0,"ID":25}],[{"utility":70,"ID":17},{"utility":47,"ID":18}],[{"utility":0,"ID":19}],[{"utility":0,"ID":24}],[{"utility":0,"ID":22}],[{"utility":71,"ID":14},{"utility":53,"ID":27},{"utility":44,"ID":29}],[{"utility":0,"ID":4}],[{"utility":26,"ID":10},{"utility":54,"ID":11}],[{"utility":76,"ID":7},{"utility":59,"ID":9}],[{"utility":93,"ID":5},{"utility":98,"ID":21}],[{"utility":0,"ID":13}],[{"utility":96,"ID":3},{"utility":79,"ID":28}],[{"utility":0,"ID":12}],[{"utility":98,"ID":8},{"utility":31,"ID":16}],[],[],[{"utility":90,"ID":2},{"utility":91,"ID":6}],[],[],[],[],[],[],[],[]],"STARTING COALITION: ":[[null],[{"utility":4,"ID":15},{"utility":35,"ID":20}],[{"utility":46,"ID":16},{"utility":13,"ID":26}],[{"utility":0,"ID":11}],[{"utility":38.5,"ID":19},{"utility":61,"ID":25},{"utility":47.5,"ID":30}],[],[],[{"utility":45.25,"ID":1},{"utility":30,"ID":8},{"utility":36.75,"ID":17},{"utility":61.75,"ID":18},{"utility":43.5,"ID":28}],[],[{"utility":64,"ID":10},{"utility":35,"ID":24}],[],[{"utility":57.833333333333336,"ID":4},{"utility":55.666666666666664,"ID":7},{"utility":46,"ID":13},{"utility":48.666666666666664,"ID":14},{"utility":50.666666666666664,"ID":21},{"utility":46.833333333333336,"ID":27},{"utility":54.5,"ID":29}],[{"utility":31,"ID":22},{"utility":58,"ID":23}],[{"utility":50,"ID":3},{"utility":58.5,"ID":6},{"utility":52.5,"ID":12}],[{"utility":0,"ID":2}],[{"utility":60,"ID":5},{"utility":51,"ID":9}],[],[],[],[],[],[],[],[],[],[],[],[],[],[],[]],"CORE :":false,"Relazioni :":870,"Time : ":0.2,"LAST PARTITION":{"22":10,"23":5,"24":9,"25":6,"26":2,"27":11,"28":17,"29":11,"30":4,"10":13,"11":13,"12":18,"13":16,"14":11,"15":3,"16":19,"17":7,"18":7,"19":8,"1":3,"2":22,"3":17,"4":12,"5":15,"6":22,"7":14,"8":19,"9":14,"20":1,"21":15}},{"Modalità dinamica :":false,"Q : ":4,"STARTING PARTITION: ":{"22":12,"23":12,"24":9,"25":4,"26":2,"27":11,"28":7,"29":11,"30":4,"10":9,"11":3,"12":13,"13":11,"14":11,"15":1,"16":2,"17":7,"18":7,"19":4,"1":7,"2":14,"3":13,"4":11,"5":15,"6":13,"7":11,"8":7,"9":15,"20":1,"21":11},"LAST COALITION":[[],[{"utility":0,"ID":20}],[{"utility":0,"ID":26}],[{"utility":96,"ID":1},{"utility":82,"ID":15}],[{"utility":0,"ID":30}],[{"utility":0,"ID":23}],[{"utility":0,"ID":25}],[{"utility":70,"ID":17},{"utility":47,"ID":18}],[{"utility":0,"ID":19}],[{"utility":0,"ID":24}],[{"utility":0,"ID":22}],[{"utility":71,"ID":14},{"utility":53,"ID":27},{"utility":44,"ID":29}],[{"utility":96,"ID":4},{"utility":28,"ID":7}],[{"utility":26,"ID":10},{"utility":54,"ID":11}],[],[{"utility":93,"ID":5},{"utility":98,"ID":21}],[{"utility":0,"ID":13}],[{"utility":96,"ID":3},{"utility":79,"ID":28}],[{"utility":0,"ID":12}],[{"utility":31,"ID":16},{"utility":98,"ID":8}],[{"utility":0,"ID":9}],[],[{"utility":90,"ID":2},{"utility":91,"ID":6}],[],[],[],[],[],[],[],[]],"STARTING COALITION: ":[[null],[{"utility":4,"ID":15},{"utility":35,"ID":20}],[{"utility":46,"ID":16},{"utility":13,"ID":26}],[{"utility":0,"ID":11}],[{"utility":38.5,"ID":19},{"utility":61,"ID":25},{"utility":47.5,"ID":30}],[],[],[{"utility":45.25,"ID":1},{"utility":30,"ID":8},{"utility":36.75,"ID":17},{"utility":61.75,"ID":18},{"utility":43.5,"ID":28}],[],[{"utility":64,"ID":10},{"utility":35,"ID":24}],[],[{"utility":57.833333333333336,"ID":4},{"utility":55.666666666666664,"ID":7},{"utility":46,"ID":13},{"utility":48.666666666666664,"ID":14},{"utility":50.666666666666664,"ID":21},{"utility":46.833333333333336,"ID":27},{"utility":54.5,"ID":29}],[{"utility":31,"ID":22},{"utility":58,"ID":23}],[{"utility":50,"ID":3},{"utility":58.5,"ID":6},{"utility":52.5,"ID":12}],[{"utility":0,"ID":2}],[{"utility":60,"ID":5},{"utility":51,"ID":9}],[],[],[],[],[],[],[],[],[],[],[],[],[],[],[]],"CORE :":false,"Relazioni :":870,"Time : ":0.1,"LAST PARTITION":{"22":10,"23":5,"24":9,"25":6,"26":2,"27":11,"28":17,"29":11,"30":4,"10":13,"11":13,"12":18,"13":16,"14":11,"15":3,"16":19,"17":7,"18":7,"19":8,"1":3,"2":22,"3":17,"4":12,"5":15,"6":22,"7":12,"8":19,"9":20,"20":1,"21":15}},{"Modalità dinamica :":false,"Q : ":4,"STARTING PARTITION: ":{"22":12,"23":12,"24":9,"25":4,"26":2,"27":11,"28":7,"29":11,"30":4,"10":9,"11":3,"12":13,"13":11,"14":11,"15":1,"16":2,"17":7,"18":7,"19":4,"1":7,"2":14,"3":13,"4":11,"5":15,"6":13,"7":11,"8":7,"9":15,"20":1,"21":11},"LAST COALITION":[[],[{"utility":0,"ID":20}],[{"utility":0,"ID":26}],[{"utility":96,"ID":1},{"utility":82,"ID":15}],[{"utility":0,"ID":30}],[{"utility":0,"ID":23}],[{"utility":0,"ID":25}],[{"utility":70,"ID":17},{"utility":47,"ID":18}],[{"utility":0,"ID":19}],[{"utility":0,"ID":24}],[{"utility":0,"ID":22}],[{"utility":71,"ID":14},{"utility":53,"ID":27},{"utility":44,"ID":29}],[],[{"utility":26,"ID":10},{"utility":54,"ID":11}],[{"utility":76,"ID":7},{"utility":59,"ID":9}],[{"utility":93,"ID":5},{"utility":98,"ID":21}],[{"utility":0,"ID":13}],[{"utility":96,"ID":3},{"utility":79,"ID":28}],[{"utility":0,"ID":12}],[{"utility":31,"ID":16},{"utility":98,"ID":8}],[{"utility":0,"ID":4}],[{"utility":90,"ID":2},{"utility":91,"ID":6}],[],[],[],[],[],[],[],[],[]],"STARTING COALITION: ":[[null],[{"utility":4,"ID":15},{"utility":35,"ID":20}],[{"utility":46,"ID":16},{"utility":13,"ID":26}],[{"utility":0,"ID":11}],[{"utility":38.5,"ID":19},{"utility":61,"ID":25},{"utility":47.5,"ID":30}],[],[],[{"utility":45.25,"ID":1},{"utility":30,"ID":8},{"utility":36.75,"ID":17},{"utility":61.75,"ID":18},{"utility":43.5,"ID":28}],[],[{"utility":64,"ID":10},{"utility":35,"ID":24}],[],[{"utility":57.833333333333336,"ID":4},{"utility":55.666666666666664,"ID":7},{"utility":46,"ID":13},{"utility":48.666666666666664,"ID":14},{"utility":50.666666666666664,"ID":21},{"utility":46.833333333333336,"ID":27},{"utility":54.5,"ID":29}],[{"utility":31,"ID":22},{"utility":58,"ID":23}],[{"utility":50,"ID":3},{"utility":58.5,"ID":6},{"utility":52.5,"ID":12}],[{"utility":0,"ID":2}],[{"utility":60,"ID":5},{"utility":51,"ID":9}],[],[],[],[],[],[],[],[],[],[],[],[],[],[],[]],"CORE :":false,"Relazioni :":870,"Time : ":0.2,"LAST PARTITION":{"22":10,"23":5,"24":9,"25":6,"26":2,"27":11,"28":17,"29":11,"30":4,"10":13,"11":13,"12":18,"13":16,"14":11,"15":3,"16":19,"17":7,"18":7,"19":8,"1":3,"2":21,"3":17,"4":20,"5":15,"6":21,"7":14,"8":19,"9":14,"20":1,"21":15}},{"Modalità dinamica :":false,"Q : ":5,"STARTING PARTITION: ":{"22":12,"23":12,"24":9,"25":4,"26":2,"27":11,"28":7,"29":11,"30":4,"10":9,"11":3,"12":13,"13":11,"14":11,"15":1,"16":2,"17":7,"18":7,"19":4,"1":7,"2":14,"3":13,"4":11,"5":15,"6":13,"7":11,"8":7,"9":15,"20":1,"21":11},"LAST COALITION":[[],[{"utility":0,"ID":20}],[{"utility":0,"ID":26}],[{"utility":96,"ID":1},{"utility":82,"ID":15}],[{"utility":0,"ID":30}],[{"utility":0,"ID":23}],[{"utility":0,"ID":25}],[{"utility":70,"ID":17},{"utility":47,"ID":18}],[{"utility":0,"ID":19}],[{"utility":0,"ID":24}],[{"utility":0,"ID":22}],[{"utility":71,"ID":14},{"utility":53,"ID":27},{"utility":44,"ID":29}],[{"utility":99,"ID":2},{"utility":12,"ID":4}],[{"utility":26,"ID":10},{"utility":54,"ID":11}],[{"utility":76,"ID":7},{"utility":59,"ID":9}],[{"utility":93,"ID":5},{"utility":98,"ID":21}],[{"utility":0,"ID":13}],[{"utility":96,"ID":3},{"utility":79,"ID":28}],[{"utility":0,"ID":12}],[{"utility":31,"ID":16},{"utility":98,"ID":8}],[],[{"utility":0,"ID":6}],[],[],[],[],[],[],[],[],[]],"STARTING COALITION: ":[[null],[{"utility":4,"ID":15},{"utility":35,"ID":20}],[{"utility":46,"ID":16},{"utility":13,"ID":26}],[{"utility":0,"ID":11}],[{"utility":38.5,"ID":19},{"utility":61,"ID":25},{"utility":47.5,"ID":30}],[],[],[{"utility":45.25,"ID":1},{"utility":30,"ID":8},{"utility":36.75,"ID":17},{"utility":61.75,"ID":18},{"utility":43.5,"ID":28}],[],[{"utility":64,"ID":10},{"utility":35,"ID":24}],[],[{"utility":57.833333333333336,"ID":4},{"utility":55.666666666666664,"ID":7},{"utility":46,"ID":13},{"utility":48.666666666666664,"ID":14},{"utility":50.666666666666664,"ID":21},{"utility":46.833333333333336,"ID":27},{"utility":54.5,"ID":29}],[{"utility":31,"ID":22},{"utility":58,"ID":23}],[{"utility":50,"ID":3},{"utility":58.5,"ID":6},{"utility":52.5,"ID":12}],[{"utility":0,"ID":2}],[{"utility":60,"ID":5},{"utility":51,"ID":9}],[],[],[],[],[],[],[],[],[],[],[],[],[],[],[]],"CORE :":false,"Relazioni :":870,"Time : ":0.1,"LAST PARTITION":{"22":10,"23":5,"24":9,"25":6,"26":2,"27":11,"28":17,"29":11,"30":4,"10":13,"11":13,"12":18,"13":16,"14":11,"15":3,"16":19,"17":7,"18":7,"19":8,"1":3,"2":12,"3":17,"4":12,"5":15,"6":21,"7":14,"8":19,"9":14,"20":1,"21":15}},{"Modalità dinamica :":false,"Q : ":5,"STARTING PARTITION: ":{"22":12,"23":12,"24":9,"25":4,"26":2,"27":11,"28":7,"29":11,"30":4,"10":9,"11":3,"12":13,"13":11,"14":11,"15":1,"16":2,"17":7,"18":7,"19":4,"1":7,"2":14,"3":13,"4":11,"5":15,"6":13,"7":11,"8":7,"9":15,"20":1,"21":11},"LAST COALITION":[[],[{"utility":0,"ID":20}],[{"utility":0,"ID":26}],[{"utility":96,"ID":1},{"utility":82,"ID":15}],[{"utility":0,"ID":30}],[{"utility":0,"ID":23}],[{"utility":0,"ID":25}],[{"utility":70,"ID":17},{"utility":47,"ID":18}],[{"utility":0,"ID":19}],[{"utility":0,"ID":24}],[{"utility":0,"ID":22}],[{"utility":71,"ID":14},{"utility":53,"ID":27},{"utility":44,"ID":29}],[{"utility":99,"ID":2},{"utility":12,"ID":4}],[{"utility":26,"ID":10},{"utility":54,"ID":11}],[{"utility":76,"ID":7},{"utility":59,"ID":9}],[{"utility":93,"ID":5},{"utility":98,"ID":21}],[{"utility":0,"ID":13}],[{"utility":96,"ID":3},{"utility":79,"ID":28}],[{"utility":0,"ID":12}],[{"utility":31,"ID":16},{"utility":98,"ID":8}],[],[{"utility":0,"ID":6}],[],[],[],[],[],[],[],[],[]],"STARTING COALITION: ":[[null],[{"utility":4,"ID":15},{"utility":35,"ID":20}],[{"utility":46,"ID":16},{"utility":13,"ID":26}],[{"utility":0,"ID":11}],[{"utility":38.5,"ID":19},{"utility":61,"ID":25},{"utility":47.5,"ID":30}],[],[],[{"utility":45.25,"ID":1},{"utility":30,"ID":8},{"utility":36.75,"ID":17},{"utility":61.75,"ID":18},{"utility":43.5,"ID":28}],[],[{"utility":64,"ID":10},{"utility":35,"ID":24}],[],[{"utility":57.833333333333336,"ID":4},{"utility":55.666666666666664,"ID":7},{"utility":46,"ID":13},{"utility":48.666666666666664,"ID":14},{"utility":50.666666666666664,"ID":21},{"utility":46.833333333333336,"ID":27},{"utility":54.5,"ID":29}],[{"utility":31,"ID":22},{"utility":58,"ID":23}],[{"utility":50,"ID":3},{"utility":58.5,"ID":6},{"utility":52.5,"ID":12}],[{"utility":0,"ID":2}],[{"utility":60,"ID":5},{"utility":51,"ID":9}],[],[],[],[],[],[],[],[],[],[],[],[],[],[],[]],"CORE :":false,"Relazioni :":870,"Time : ":0.2,"LAST PARTITION":{"22":10,"23":5,"24":9,"25":6,"26":2,"27":11,"28":17,"29":11,"30":4,"10":13,"11":13,"12":18,"13":16,"14":11,"15":3,"16":19,"17":7,"18":7,"19":8,"1":3,"2":12,"3":17,"4":12,"5":15,"6":21,"7":14,"8":19,"9":14,"20":1,"21":15}},{"Modalità dinamica :":false,"Q : ":6,"STARTING PARTITION: ":{"22":12,"23":12,"24":9,"25":4,"26":2,"27":11,"28":7,"29":11,"30":4,"10":9,"11":3,"12":13,"13":11,"14":11,"15":1,"16":2,"17":7,"18":7,"19":4,"1":7,"2":14,"3":13,"4":11,"5":15,"6":13,"7":11,"8":7,"9":15,"20":1,"21":11},"LAST COALITION":[[],[{"utility":0,"ID":20}],[{"utility":0,"ID":26}],[{"utility":96,"ID":1},{"utility":82,"ID":15}],[{"utility":0,"ID":30}],[{"utility":0,"ID":23}],[{"utility":0,"ID":25}],[{"utility":70,"ID":17},{"utility":47,"ID":18}],[{"utility":0,"ID":19}],[{"utility":0,"ID":24}],[{"utility":0,"ID":22}],[{"utility":71,"ID":14},{"utility":53,"ID":27},{"utility":44,"ID":29}],[{"utility":0,"ID":4}],[{"utility":26,"ID":10},{"utility":54,"ID":11}],[{"utility":76,"ID":7},{"utility":59,"ID":9}],[{"utility":93,"ID":5},{"utility":98,"ID":21}],[{"utility":0,"ID":13}],[{"utility":96,"ID":3},{"utility":79,"ID":28}],[{"utility":0,"ID":12}],[{"utility":31,"ID":16},{"utility":98,"ID":8}],[],[],[{"utility":90,"ID":2},{"utility":91,"ID":6}],[],[],[],[],[],[],[],[]],"STARTING COALITION: ":[[null],[{"utility":4,"ID":15},{"utility":35,"ID":20}],[{"utility":46,"ID":16},{"utility":13,"ID":26}],[{"utility":0,"ID":11}],[{"utility":38.5,"ID":19},{"utility":61,"ID":25},{"utility":47.5,"ID":30}],[],[],[{"utility":45.25,"ID":1},{"utility":30,"ID":8},{"utility":36.75,"ID":17},{"utility":61.75,"ID":18},{"utility":43.5,"ID":28}],[],[{"utility":64,"ID":10},{"utility":35,"ID":24}],[],[{"utility":57.833333333333336,"ID":4},{"utility":55.666666666666664,"ID":7},{"utility":46,"ID":13},{"utility":48.666666666666664,"ID":14},{"utility":50.666666666666664,"ID":21},{"utility":46.833333333333336,"ID":27},{"utility":54.5,"ID":29}],[{"utility":31,"ID":22},{"utility":58,"ID":23}],[{"utility":50,"ID":3},{"utility":58.5,"ID":6},{"utility":52.5,"ID":12}],[{"utility":0,"ID":2}],[{"utility":60,"ID":5},{"utility":51,"ID":9}],[],[],[],[],[],[],[],[],[],[],[],[],[],[],[]],"CORE :":false,"Relazioni :":870,"Time : ":0.1,"LAST PARTITION":{"22":10,"23":5,"24":9,"25":6,"26":2,"27":11,"28":17,"29":11,"30":4,"10":13,"11":13,"12":18,"13":16,"14":11,"15":3,"16":19,"17":7,"18":7,"19":8,"1":3,"2":22,"3":17,"4":12,"5":15,"6":22,"7":14,"8":19,"9":14,"20":1,"21":15}},{"Modalità dinamica :":false,"Q : ":6,"STARTING PARTITION: ":{"22":12,"23":12,"24":9,"25":4,"26":2,"27":11,"28":7,"29":11,"30":4,"10":9,"11":3,"12":13,"13":11,"14":11,"15":1,"16":2,"17":7,"18":7,"19":4,"1":7,"2":14,"3":13,"4":11,"5":15,"6":13,"7":11,"8":7,"9":15,"20":1,"21":11},"LAST COALITION":[[],[{"utility":0,"ID":20}],[{"utility":0,"ID":26}],[{"utility":96,"ID":1},{"utility":82,"ID":15}],[{"utility":0,"ID":30}],[{"utility":0,"ID":23}],[{"utility":0,"ID":25}],[{"utility":70,"ID":17},{"utility":47,"ID":18}],[{"utility":0,"ID":19}],[{"utility":0,"ID":24}],[{"utility":0,"ID":22}],[{"utility":71,"ID":14},{"utility":53,"ID":27},{"utility":44,"ID":29}],[],[{"utility":26,"ID":10},{"utility":54,"ID":11}],[{"utility":76,"ID":7},{"utility":59,"ID":9}],[{"utility":93,"ID":5},{"utility":98,"ID":21}],[{"utility":0,"ID":13}],[{"utility":96,"ID":3},{"utility":79,"ID":28}],[{"utility":0,"ID":12}],[{"utility":31,"ID":16},{"utility":98,"ID":8}],[{"utility":0,"ID":4}],[{"utility":90,"ID":2},{"utility":91,"ID":6}],[],[],[],[],[],[],[],[],[]],"STARTING COALITION: ":[[null],[{"utility":4,"ID":15},{"utility":35,"ID":20}],[{"utility":46,"ID":16},{"utility":13,"ID":26}],[{"utility":0,"ID":11}],[{"utility":38.5,"ID":19},{"utility":61,"ID":25},{"utility":47.5,"ID":30}],[],[],[{"utility":45.25,"ID":1},{"utility":30,"ID":8},{"utility":36.75,"ID":17},{"utility":61.75,"ID":18},{"utility":43.5,"ID":28}],[],[{"utility":64,"ID":10},{"utility":35,"ID":24}],[],[{"utility":57.833333333333336,"ID":4},{"utility":55.666666666666664,"ID":7},{"utility":46,"ID":13},{"utility":48.666666666666664,"ID":14},{"utility":50.666666666666664,"ID":21},{"utility":46.833333333333336,"ID":27},{"utility":54.5,"ID":29}],[{"utility":31,"ID":22},{"utility":58,"ID":23}],[{"utility":50,"ID":3},{"utility":58.5,"ID":6},{"utility":52.5,"ID":12}],[{"utility":0,"ID":2}],[{"utility":60,"ID":5},{"utility":51,"ID":9}],[],[],[],[],[],[],[],[],[],[],[],[],[],[],[]],"CORE :":false,"Relazioni :":870,"Time : ":0.2,"LAST PARTITION":{"22":10,"23":5,"24":9,"25":6,"26":2,"27":11,"28":17,"29":11,"30":4,"10":13,"11":13,"12":18,"13":16,"14":11,"15":3,"16":19,"17":7,"18":7,"19":8,"1":3,"2":21,"3":17,"4":20,"5":15,"6":21,"7":14,"8":19,"9":14,"20":1,"21":15}},{"Modalità dinamica :":false,"Q : ":7,"STARTING PARTITION: ":{"22":12,"23":12,"24":9,"25":4,"26":2,"27":11,"28":7,"29":11,"30":4,"10":9,"11":3,"12":13,"13":11,"14":11,"15":1,"16":2,"17":7,"18":7,"19":4,"1":7,"2":14,"3":13,"4":11,"5":15,"6":13,"7":11,"8":7,"9":15,"20":1,"21":11},"LAST COALITION":[[],[{"utility":0,"ID":20}],[{"utility":0,"ID":26}],[{"utility":96,"ID":1},{"utility":82,"ID":15}],[{"utility":0,"ID":30}],[{"utility":0,"ID":23}],[{"utility":0,"ID":25}],[{"utility":70,"ID":17},{"utility":47,"ID":18}],[{"utility":0,"ID":19}],[{"utility":0,"ID":24}],[{"utility":0,"ID":22}],[{"utility":71,"ID":14},{"utility":53,"ID":27},{"utility":44,"ID":29}],[{"utility":99,"ID":2},{"utility":12,"ID":4}],[{"utility":26,"ID":10},{"utility":54,"ID":11}],[{"utility":76,"ID":7},{"utility":59,"ID":9}],[{"utility":93,"ID":5},{"utility":98,"ID":21}],[{"utility":0,"ID":13}],[{"utility":96,"ID":3},{"utility":79,"ID":28}],[{"utility":0,"ID":12}],[{"utility":31,"ID":16},{"utility":98,"ID":8}],[],[{"utility":0,"ID":6}],[],[],[],[],[],[],[],[],[]],"STARTING COALITION: ":[[null],[{"utility":4,"ID":15},{"utility":35,"ID":20}],[{"utility":46,"ID":16},{"utility":13,"ID":26}],[{"utility":0,"ID":11}],[{"utility":38.5,"ID":19},{"utility":61,"ID":25},{"utility":47.5,"ID":30}],[],[],[{"utility":45.25,"ID":1},{"utility":30,"ID":8},{"utility":36.75,"ID":17},{"utility":61.75,"ID":18},{"utility":43.5,"ID":28}],[],[{"utility":64,"ID":10},{"utility":35,"ID":24}],[],[{"utility":57.833333333333336,"ID":4},{"utility":55.666666666666664,"ID":7},{"utility":46,"ID":13},{"utility":48.666666666666664,"ID":14},{"utility":50.666666666666664,"ID":21},{"utility":46.833333333333336,"ID":27},{"utility":54.5,"ID":29}],[{"utility":31,"ID":22},{"utility":58,"ID":23}],[{"utility":50,"ID":3},{"utility":58.5,"ID":6},{"utility":52.5,"ID":12}],[{"utility":0,"ID":2}],[{"utility":60,"ID":5},{"utility":51,"ID":9}],[],[],[],[],[],[],[],[],[],[],[],[],[],[],[]],"CORE :":false,"Relazioni :":870,"Time : ":0.1,"LAST PARTITION":{"22":10,"23":5,"24":9,"25":6,"26":2,"27":11,"28":17,"29":11,"30":4,"10":13,"11":13,"12":18,"13":16,"14":11,"15":3,"16":19,"17":7,"18":7,"19":8,"1":3,"2":12,"3":17,"4":12,"5":15,"6":21,"7":14,"8":19,"9":14,"20":1,"21":15}},{"Modalità dinamica :":false,"Q : ":7,"STARTING PARTITION: ":{"22":12,"23":12,"24":9,"25":4,"26":2,"27":11,"28":7,"29":11,"30":4,"10":9,"11":3,"12":13,"13":11,"14":11,"15":1,"16":2,"17":7,"18":7,"19":4,"1":7,"2":14,"3":13,"4":11,"5":15,"6":13,"7":11,"8":7,"9":15,"20":1,"21":11},"LAST COALITION":[[],[{"utility":0,"ID":20}],[{"utility":0,"ID":26}],[{"utility":96,"ID":1},{"utility":82,"ID":15}],[{"utility":0,"ID":30}],[{"utility":0,"ID":23}],[{"utility":0,"ID":25}],[{"utility":70,"ID":17},{"utility":47,"ID":18}],[{"utility":0,"ID":19}],[{"utility":0,"ID":24}],[{"utility":0,"ID":22}],[{"utility":71,"ID":14},{"utility":53,"ID":27},{"utility":44,"ID":29}],[],[{"utility":26,"ID":10},{"utility":54,"ID":11}],[{"utility":0,"ID":7}],[{"utility":93,"ID":5},{"utility":98,"ID":21}],[{"utility":0,"ID":13}],[{"utility":96,"ID":3},{"utility":79,"ID":28}],[{"utility":0,"ID":12}],[{"utility":31,"ID":16},{"utility":98,"ID":8}],[{"utility":28,"ID":4},{"utility":96,"ID":9}],[],[{"utility":90,"ID":2},{"utility":91,"ID":6}],[],[],[],[],[],[],[],[]],"STARTING COALITION: ":[[null],[{"utility":4,"ID":15},{"utility":35,"ID":20}],[{"utility":46,"ID":16},{"utility":13,"ID":26}],[{"utility":0,"ID":11}],[{"utility":38.5,"ID":19},{"utility":61,"ID":25},{"utility":47.5,"ID":30}],[],[],[{"utility":45.25,"ID":1},{"utility":30,"ID":8},{"utility":36.75,"ID":17},{"utility":61.75,"ID":18},{"utility":43.5,"ID":28}],[],[{"utility":64,"ID":10},{"utility":35,"ID":24}],[],[{"utility":57.833333333333336,"ID":4},{"utility":55.666666666666664,"ID":7},{"utility":46,"ID":13},{"utility":48.666666666666664,"ID":14},{"utility":50.666666666666664,"ID":21},{"utility":46.833333333333336,"ID":27},{"utility":54.5,"ID":29}],[{"utility":31,"ID":22},{"utility":58,"ID":23}],[{"utility":50,"ID":3},{"utility":58.5,"ID":6},{"utility":52.5,"ID":12}],[{"utility":0,"ID":2}],[{"utility":60,"ID":5},{"utility":51,"ID":9}],[],[],[],[],[],[],[],[],[],[],[],[],[],[],[]],"CORE :":false,"Relazioni :":870,"Time : ":0.2,"LAST PARTITION":{"22":10,"23":5,"24":9,"25":6,"26":2,"27":11,"28":17,"29":11,"30":4,"10":13,"11":13,"12":18,"13":16,"14":11,"15":3,"16":19,"17":7,"18":7,"19":8,"1":3,"2":22,"3":17,"4":20,"5":15,"6":22,"7":14,"8":19,"9":20,"20":1,"21":15}},{"Modalità dinamica :":false,"Q : ":8,"STARTING PARTITION: ":{"22":12,"23":12,"24":9,"25":4,"26":2,"27":11,"28":7,"29":11,"30":4,"10":9,"11":3,"12":13,"13":11,"14":11,"15":1,"16":2,"17":7,"18":7,"19":4,"1":7,"2":14,"3":13,"4":11,"5":15,"6":13,"7":11,"8":7,"9":15,"20":1,"21":11},"LAST COALITION":[[],[{"utility":0,"ID":20}],[{"utility":0,"ID":26}],[{"utility":96,"ID":1},{"utility":82,"ID":15}],[{"utility":0,"ID":30}],[{"utility":0,"ID":23}],[{"utility":0,"ID":25}],[{"utility":70,"ID":17},{"utility":47,"ID":18}],[{"utility":0,"ID":19}],[{"utility":0,"ID":24}],[{"utility":0,"ID":22}],[{"utility":71,"ID":14},{"utility":53,"ID":27},{"utility":44,"ID":29}],[{"utility":96,"ID":4},{"utility":28,"ID":7}],[{"utility":26,"ID":10},{"utility":54,"ID":11}],[],[{"utility":93,"ID":5},{"utility":98,"ID":21}],[{"utility":0,"ID":13}],[{"utility":96,"ID":3},{"utility":79,"ID":28}],[{"utility":0,"ID":12}],[{"utility":31,"ID":16},{"utility":98,"ID":8}],[{"utility":0,"ID":9}],[],[{"utility":90,"ID":2},{"utility":91,"ID":6}],[],[],[],[],[],[],[],[]],"STARTING COALITION: ":[[null],[{"utility":4,"ID":15},{"utility":35,"ID":20}],[{"utility":46,"ID":16},{"utility":13,"ID":26}],[{"utility":0,"ID":11}],[{"utility":38.5,"ID":19},{"utility":61,"ID":25},{"utility":47.5,"ID":30}],[],[],[{"utility":45.25,"ID":1},{"utility":30,"ID":8},{"utility":36.75,"ID":17},{"utility":61.75,"ID":18},{"utility":43.5,"ID":28}],[],[{"utility":64,"ID":10},{"utility":35,"ID":24}],[],[{"utility":57.833333333333336,"ID":4},{"utility":55.666666666666664,"ID":7},{"utility":46,"ID":13},{"utility":48.666666666666664,"ID":14},{"utility":50.666666666666664,"ID":21},{"utility":46.833333333333336,"ID":27},{"utility":54.5,"ID":29}],[{"utility":31,"ID":22},{"utility":58,"ID":23}],[{"utility":50,"ID":3},{"utility":58.5,"ID":6},{"utility":52.5,"ID":12}],[{"utility":0,"ID":2}],[{"utility":60,"ID":5},{"utility":51,"ID":9}],[],[],[],[],[],[],[],[],[],[],[],[],[],[],[]],"CORE :":false,"Relazioni :":870,"Time : ":0.1,"LAST PARTITION":{"22":10,"23":5,"24":9,"25":6,"26":2,"27":11,"28":17,"29":11,"30":4,"10":13,"11":13,"12":18,"13":16,"14":11,"15":3,"16":19,"17":7,"18":7,"19":8,"1":3,"2":22,"3":17,"4":12,"5":15,"6":22,"7":12,"8":19,"9":20,"20":1,"21":15}},{"Modalità dinamica :":false,"Q : ":8,"STARTING PARTITION: ":{"22":12,"23":12,"24":9,"25":4,"26":2,"27":11,"28":7,"29":11,"30":4,"10":9,"11":3,"12":13,"13":11,"14":11,"15":1,"16":2,"17":7,"18":7,"19":4,"1":7,"2":14,"3":13,"4":11,"5":15,"6":13,"7":11,"8":7,"9":15,"20":1,"21":11},"LAST COALITION":[[],[{"utility":0,"ID":20}],[{"utility":0,"ID":26}],[{"utility":96,"ID":1},{"utility":82,"ID":15}],[{"utility":0,"ID":30}],[{"utility":0,"ID":23}],[{"utility":0,"ID":25}],[{"utility":70,"ID":17},{"utility":47,"ID":18}],[{"utility":0,"ID":19}],[{"utility":0,"ID":24}],[{"utility":0,"ID":22}],[{"utility":71,"ID":14},{"utility":53,"ID":27},{"utility":44,"ID":29}],[{"utility":96,"ID":4},{"utility":28,"ID":7}],[{"utility":26,"ID":10},{"utility":54,"ID":11}],[],[{"utility":93,"ID":5},{"utility":98,"ID":21}],[{"utility":0,"ID":13}],[{"utility":96,"ID":3},{"utility":79,"ID":28}],[{"utility":0,"ID":12}],[{"utility":31,"ID":16},{"utility":98,"ID":8}],[{"utility":0,"ID":9}],[],[{"utility":90,"ID":2},{"utility":91,"ID":6}],[],[],[],[],[],[],[],[]],"STARTING COALITION: ":[[null],[{"utility":4,"ID":15},{"utility":35,"ID":20}],[{"utility":46,"ID":16},{"utility":13,"ID":26}],[{"utility":0,"ID":11}],[{"utility":38.5,"ID":19},{"utility":61,"ID":25},{"utility":47.5,"ID":30}],[],[],[{"utility":45.25,"ID":1},{"utility":30,"ID":8},{"utility":36.75,"ID":17},{"utility":61.75,"ID":18},{"utility":43.5,"ID":28}],[],[{"utility":64,"ID":10},{"utility":35,"ID":24}],[],[{"utility":57.833333333333336,"ID":4},{"utility":55.666666666666664,"ID":7},{"utility":46,"ID":13},{"utility":48.666666666666664,"ID":14},{"utility":50.666666666666664,"ID":21},{"utility":46.833333333333336,"ID":27},{"utility":54.5,"ID":29}],[{"utility":31,"ID":22},{"utility":58,"ID":23}],[{"utility":50,"ID":3},{"utility":58.5,"ID":6},{"utility":52.5,"ID":12}],[{"utility":0,"ID":2}],[{"utility":60,"ID":5},{"utility":51,"ID":9}],[],[],[],[],[],[],[],[],[],[],[],[],[],[],[]],"CORE :":false,"Relazioni :":870,"Time : ":0.2,"LAST PARTITION":{"22":10,"23":5,"24":9,"25":6,"26":2,"27":11,"28":17,"29":11,"30":4,"10":13,"11":13,"12":18,"13":16,"14":11,"15":3,"16":19,"17":7,"18":7,"19":8,"1":3,"2":22,"3":17,"4":12,"5":15,"6":22,"7":12,"8":19,"9":20,"20":1,"21":15}},{"Modalità dinamica :":false,"Q : ":9,"STARTING PARTITION: ":{"22":12,"23":12,"24":9,"25":4,"26":2,"27":11,"28":7,"29":11,"30":4,"10":9,"11":3,"12":13,"13":11,"14":11,"15":1,"16":2,"17":7,"18":7,"19":4,"1":7,"2":14,"3":13,"4":11,"5":15,"6":13,"7":11,"8":7,"9":15,"20":1,"21":11},"LAST COALITION":[[],[{"utility":0,"ID":20}],[{"utility":0,"ID":26}],[{"utility":96,"ID":1},{"utility":82,"ID":15}],[{"utility":0,"ID":30}],[{"utility":0,"ID":23}],[{"utility":0,"ID":25}],[{"utility":70,"ID":17},{"utility":47,"ID":18}],[{"utility":0,"ID":19}],[{"utility":0,"ID":24}],[{"utility":0,"ID":22}],[{"utility":71,"ID":14},{"utility":53,"ID":27},{"utility":44,"ID":29}],[],[{"utility":26,"ID":10},{"utility":54,"ID":11}],[{"utility":76,"ID":7},{"utility":59,"ID":9}],[{"utility":93,"ID":5},{"utility":98,"ID":21}],[{"utility":0,"ID":13}],[{"utility":96,"ID":3},{"utility":79,"ID":28}],[{"utility":0,"ID":12}],[{"utility":31,"ID":16},{"utility":98,"ID":8}],[{"utility":0,"ID":4}],[{"utility":90,"ID":2},{"utility":91,"ID":6}],[],[],[],[],[],[],[],[],[]],"STARTING COALITION: ":[[null],[{"utility":4,"ID":15},{"utility":35,"ID":20}],[{"utility":46,"ID":16},{"utility":13,"ID":26}],[{"utility":0,"ID":11}],[{"utility":38.5,"ID":19},{"utility":61,"ID":25},{"utility":47.5,"ID":30}],[],[],[{"utility":45.25,"ID":1},{"utility":30,"ID":8},{"utility":36.75,"ID":17},{"utility":61.75,"ID":18},{"utility":43.5,"ID":28}],[],[{"utility":64,"ID":10},{"utility":35,"ID":24}],[],[{"utility":57.833333333333336,"ID":4},{"utility":55.666666666666664,"ID":7},{"utility":46,"ID":13},{"utility":48.666666666666664,"ID":14},{"utility":50.666666666666664,"ID":21},{"utility":46.833333333333336,"ID":27},{"utility":54.5,"ID":29}],[{"utility":31,"ID":22},{"utility":58,"ID":23}],[{"utility":50,"ID":3},{"utility":58.5,"ID":6},{"utility":52.5,"ID":12}],[{"utility":0,"ID":2}],[{"utility":60,"ID":5},{"utility":51,"ID":9}],[],[],[],[],[],[],[],[],[],[],[],[],[],[],[]],"CORE :":false,"Relazioni :":870,"Time : ":0.1,"LAST PARTITION":{"22":10,"23":5,"24":9,"25":6,"26":2,"27":11,"28":17,"29":11,"30":4,"10":13,"11":13,"12":18,"13":16,"14":11,"15":3,"16":19,"17":7,"18":7,"19":8,"1":3,"2":21,"3":17,"4":20,"5":15,"6":21,"7":14,"8":19,"9":14,"20":1,"21":15}},{"Modalità dinamica :":false,"Q : ":9,"STARTING PARTITION: ":{"22":12,"23":12,"24":9,"25":4,"26":2,"27":11,"28":7,"29":11,"30":4,"10":9,"11":3,"12":13,"13":11,"14":11,"15":1,"16":2,"17":7,"18":7,"19":4,"1":7,"2":14,"3":13,"4":11,"5":15,"6":13,"7":11,"8":7,"9":15,"20":1,"21":11},"LAST COALITION":[[],[{"utility":0,"ID":20}],[{"utility":0,"ID":26}],[{"utility":96,"ID":1},{"utility":82,"ID":15}],[{"utility":0,"ID":30}],[{"utility":0,"ID":23}],[{"utility":0,"ID":25}],[{"utility":70,"ID":17},{"utility":47,"ID":18}],[{"utility":0,"ID":19}],[{"utility":0,"ID":24}],[{"utility":0,"ID":22}],[{"utility":71,"ID":14},{"utility":53,"ID":27},{"utility":44,"ID":29}],[],[{"utility":26,"ID":10},{"utility":54,"ID":11}],[{"utility":76,"ID":7},{"utility":59,"ID":9}],[{"utility":93,"ID":5},{"utility":98,"ID":21}],[{"utility":0,"ID":13}],[{"utility":96,"ID":3},{"utility":79,"ID":28}],[{"utility":0,"ID":12}],[{"utility":31,"ID":16},{"utility":98,"ID":8}],[{"utility":0,"ID":4}],[{"utility":90,"ID":2},{"utility":91,"ID":6}],[],[],[],[],[],[],[],[],[]],"STARTING COALITION: ":[[null],[{"utility":4,"ID":15},{"utility":35,"ID":20}],[{"utility":46,"ID":16},{"utility":13,"ID":26}],[{"utility":0,"ID":11}],[{"utility":38.5,"ID":19},{"utility":61,"ID":25},{"utility":47.5,"ID":30}],[],[],[{"utility":45.25,"ID":1},{"utility":30,"ID":8},{"utility":36.75,"ID":17},{"utility":61.75,"ID":18},{"utility":43.5,"ID":28}],[],[{"utility":64,"ID":10},{"utility":35,"ID":24}],[],[{"utility":57.833333333333336,"ID":4},{"utility":55.666666666666664,"ID":7},{"utility":46,"ID":13},{"utility":48.666666666666664,"ID":14},{"utility":50.666666666666664,"ID":21},{"utility":46.833333333333336,"ID":27},{"utility":54.5,"ID":29}],[{"utility":31,"ID":22},{"utility":58,"ID":23}],[{"utility":50,"ID":3},{"utility":58.5,"ID":6},{"utility":52.5,"ID":12}],[{"utility":0,"ID":2}],[{"utility":60,"ID":5},{"utility":51,"ID":9}],[],[],[],[],[],[],[],[],[],[],[],[],[],[],[]],"CORE :":false,"Relazioni :":870,"Time : ":0.2,"LAST PARTITION":{"22":10,"23":5,"24":9,"25":6,"26":2,"27":11,"28":17,"29":11,"30":4,"10":13,"11":13,"12":18,"13":16,"14":11,"15":3,"16":19,"17":7,"18":7,"19":8,"1":3,"2":21,"3":17,"4":20,"5":15,"6":21,"7":14,"8":19,"9":14,"20":1,"21":15}},{"Modalità dinamica :":false,"Q : ":10,"STARTING PARTITION: ":{"22":12,"23":12,"24":9,"25":4,"26":2,"27":11,"28":7,"29":11,"30":4,"10":9,"11":3,"12":13,"13":11,"14":11,"15":1,"16":2,"17":7,"18":7,"19":4,"1":7,"2":14,"3":13,"4":11,"5":15,"6":13,"7":11,"8":7,"9":15,"20":1,"21":11},"LAST COALITION":[[],[{"utility":0,"ID":20}],[{"utility":0,"ID":26}],[{"utility":96,"ID":1},{"utility":82,"ID":15}],[{"utility":0,"ID":30}],[{"utility":0,"ID":23}],[{"utility":0,"ID":25}],[{"utility":70,"ID":17},{"utility":47,"ID":18}],[{"utility":0,"ID":19}],[{"utility":0,"ID":24}],[{"utility":0,"ID":22}],[{"utility":71,"ID":14},{"utility":53,"ID":27},{"utility":44,"ID":29}],[{"utility":0,"ID":4}],[{"utility":26,"ID":10},{"utility":54,"ID":11}],[{"utility":76,"ID":7},{"utility":59,"ID":9}],[{"utility":93,"ID":5},{"utility":98,"ID":21}],[{"utility":0,"ID":13}],[{"utility":96,"ID":3},{"utility":79,"ID":28}],[{"utility":0,"ID":12}],[{"utility":31,"ID":16},{"utility":98,"ID":8}],[],[],[{"utility":90,"ID":2},{"utility":91,"ID":6}],[],[],[],[],[],[],[],[]],"STARTING COALITION: ":[[null],[{"utility":4,"ID":15},{"utility":35,"ID":20}],[{"utility":46,"ID":16},{"utility":13,"ID":26}],[{"utility":0,"ID":11}],[{"utility":38.5,"ID":19},{"utility":61,"ID":25},{"utility":47.5,"ID":30}],[],[],[{"utility":45.25,"ID":1},{"utility":30,"ID":8},{"utility":36.75,"ID":17},{"utility":61.75,"ID":18},{"utility":43.5,"ID":28}],[],[{"utility":64,"ID":10},{"utility":35,"ID":24}],[],[{"utility":57.833333333333336,"ID":4},{"utility":55.666666666666664,"ID":7},{"utility":46,"ID":13},{"utility":48.666666666666664,"ID":14},{"utility":50.666666666666664,"ID":21},{"utility":46.833333333333336,"ID":27},{"utility":54.5,"ID":29}],[{"utility":31,"ID":22},{"utility":58,"ID":23}],[{"utility":50,"ID":3},{"utility":58.5,"ID":6},{"utility":52.5,"ID":12}],[{"utility":0,"ID":2}],[{"utility":60,"ID":5},{"utility":51,"ID":9}],[],[],[],[],[],[],[],[],[],[],[],[],[],[],[]],"CORE :":false,"Relazioni :":870,"Time : ":0.1,"LAST PARTITION":{"22":10,"23":5,"24":9,"25":6,"26":2,"27":11,"28":17,"29":11,"30":4,"10":13,"11":13,"12":18,"13":16,"14":11,"15":3,"16":19,"17":7,"18":7,"19":8,"1":3,"2":22,"3":17,"4":12,"5":15,"6":22,"7":14,"8":19,"9":14,"20":1,"21":15}},{"Modalità dinamica :":false,"Q : ":10,"STARTING PARTITION: ":{"22":12,"23":12,"24":9,"25":4,"26":2,"27":11,"28":7,"29":11,"30":4,"10":9,"11":3,"12":13,"13":11,"14":11,"15":1,"16":2,"17":7,"18":7,"19":4,"1":7,"2":14,"3":13,"4":11,"5":15,"6":13,"7":11,"8":7,"9":15,"20":1,"21":11},"LAST COALITION":[[],[{"utility":0,"ID":20}],[{"utility":0,"ID":26}],[{"utility":96,"ID":1},{"utility":82,"ID":15}],[{"utility":0,"ID":30}],[{"utility":0,"ID":23}],[{"utility":0,"ID":25}],[{"utility":70,"ID":17},{"utility":47,"ID":18}],[{"utility":0,"ID":19}],[{"utility":0,"ID":24}],[{"utility":0,"ID":22}],[{"utility":71,"ID":14},{"utility":53,"ID":27},{"utility":44,"ID":29}],[{"utility":96,"ID":4},{"utility":28,"ID":7}],[{"utility":26,"ID":10},{"utility":54,"ID":11}],[],[{"utility":93,"ID":5},{"utility":98,"ID":21}],[{"utility":0,"ID":13}],[{"utility":96,"ID":3},{"utility":79,"ID":28}],[{"utility":0,"ID":12}],[{"utility":31,"ID":16},{"utility":98,"ID":8}],[{"utility":0,"ID":9}],[],[{"utility":90,"ID":2},{"utility":91,"ID":6}],[],[],[],[],[],[],[],[]],"STARTING COALITION: ":[[null],[{"utility":4,"ID":15},{"utility":35,"ID":20}],[{"utility":46,"ID":16},{"utility":13,"ID":26}],[{"utility":0,"ID":11}],[{"utility":38.5,"ID":19},{"utility":61,"ID":25},{"utility":47.5,"ID":30}],[],[],[{"utility":45.25,"ID":1},{"utility":30,"ID":8},{"utility":36.75,"ID":17},{"utility":61.75,"ID":18},{"utility":43.5,"ID":28}],[],[{"utility":64,"ID":10},{"utility":35,"ID":24}],[],[{"utility":57.833333333333336,"ID":4},{"utility":55.666666666666664,"ID":7},{"utility":46,"ID":13},{"utility":48.666666666666664,"ID":14},{"utility":50.666666666666664,"ID":21},{"utility":46.833333333333336,"ID":27},{"utility":54.5,"ID":29}],[{"utility":31,"ID":22},{"utility":58,"ID":23}],[{"utility":50,"ID":3},{"utility":58.5,"ID":6},{"utility":52.5,"ID":12}],[{"utility":0,"ID":2}],[{"utility":60,"ID":5},{"utility":51,"ID":9}],[],[],[],[],[],[],[],[],[],[],[],[],[],[],[]],"CORE :":false,"Relazioni :":870,"Time : ":0.2,"LAST PARTITION":{"22":10,"23":5,"24":9,"25":6,"26":2,"27":11,"28":17,"29":11,"30":4,"10":13,"11":13,"12":18,"13":16,"14":11,"15":3,"16":19,"17":7,"18":7,"19":8,"1":3,"2":22,"3":17,"4":12,"5":15,"6":22,"7":12,"8":19,"9":20,"20":1,"21":15}},{"Modalità dinamica :":true,"Q : ":2,"STARTING PARTITION: ":{"22":12,"23":12,"24":9,"25":4,"26":2,"27":11,"28":7,"29":11,"30":4,"10":9,"11":3,"12":13,"13":11,"14":11,"15":1,"16":2,"17":7,"18":7,"19":4,"1":7,"2":14,"3":13,"4":11,"5":15,"6":13,"7":11,"8":7,"9":15,"20":1,"21":11},"LAST COALITION":[[],[{"utility":79,"ID":3},{"utility":99,"ID":23}],[{"utility":98,"ID":19},{"utility":95,"ID":29}],[],[{"utility":90,"ID":2},{"utility":91,"ID":6}],[{"utility":93,"ID":5},{"utility":98,"ID":21}],[],[{"utility":52,"ID":4},{"utility":81,"ID":13}],[{"utility":87,"ID":1},{"utility":88,"ID":30}],[{"utility":94,"ID":22},{"utility":98,"ID":24}],[{"utility":91,"ID":12},{"utility":99,"ID":27}],[{"utility":81,"ID":9},{"utility":92,"ID":10}],[{"utility":93,"ID":15},{"utility":97,"ID":25}],[{"utility":98,"ID":8},{"utility":31,"ID":16}],[{"utility":59,"ID":11},{"utility":32,"ID":14}],[{"utility":96,"ID":18},{"utility":81,"ID":26}],[{"utility":95,"ID":7},{"utility":99,"ID":20}],[{"utility":46,"ID":17},{"utility":90,"ID":28}],[],[],[],[],[],[],[],[],[],[],[],[],[]],"STARTING COALITION: ":[[null],[{"utility":4,"ID":15},{"utility":35,"ID":20}],[{"utility":46,"ID":16},{"utility":13,"ID":26}],[{"utility":0,"ID":11}],[{"utility":38.5,"ID":19},{"utility":61,"ID":25},{"utility":47.5,"ID":30}],[],[],[{"utility":45.25,"ID":1},{"utility":30,"ID":8},{"utility":36.75,"ID":17},{"utility":61.75,"ID":18},{"utility":43.5,"ID":28}],[],[{"utility":64,"ID":10},{"utility":35,"ID":24}],[],[{"utility":57.833333333333336,"ID":4},{"utility":55.666666666666664,"ID":7},{"utility":46,"ID":13},{"utility":48.666666666666664,"ID":14},{"utility":50.666666666666664,"ID":21},{"utility":46.833333333333336,"ID":27},{"utility":54.5,"ID":29}],[{"utility":31,"ID":22},{"utility":58,"ID":23}],[{"utility":50,"ID":3},{"utility":58.5,"ID":6},{"utility":52.5,"ID":12}],[{"utility":0,"ID":2}],[{"utility":60,"ID":5},{"utility":51,"ID":9}],[],[],[],[],[],[],[],[],[],[],[],[],[],[],[]],"CORE :":true,"Relazioni :":870,"Time : ":0.1,"LAST PARTITION":{"22":9,"23":1,"24":9,"25":12,"26":15,"27":10,"28":17,"29":2,"30":8,"10":11,"11":14,"12":10,"13":7,"14":14,"15":12,"16":13,"17":17,"18":15,"19":2,"1":8,"2":4,"3":1,"4":7,"5":5,"6":4,"7":16,"8":13,"9":11,"20":16,"21":5}},{"Modalità dinamica :":true,"Q : ":2,"STARTING PARTITION: ":{"22":12,"23":12,"24":9,"25":4,"26":2,"27":11,"28":7,"29":11,"30":4,"10":9,"11":3,"12":13,"13":11,"14":11,"15":1,"16":2,"17":7,"18":7,"19":4,"1":7,"2":14,"3":13,"4":11,"5":15,"6":13,"7":11,"8":7,"9":15,"20":1,"21":11},"LAST COALITION":[[],[{"utility":93,"ID":15},{"utility":97,"ID":25}],[{"utility":96,"ID":3},{"utility":79,"ID":28}],[{"utility":87,"ID":1},{"utility":88,"ID":30}],[{"utility":95,"ID":7},{"utility":99,"ID":20}],[{"utility":90,"ID":2},{"utility":91,"ID":6}],[{"utility":70,"ID":17},{"utility":47,"ID":18}],[{"utility":91,"ID":12},{"utility":99,"ID":27}],[{"utility":52,"ID":4},{"utility":81,"ID":13}],[],[{"utility":94,"ID":22},{"utility":98,"ID":24}],[{"utility":93,"ID":9},{"utility":82,"ID":23}],[{"utility":98,"ID":8},{"utility":31,"ID":16}],[{"utility":93,"ID":5},{"utility":98,"ID":21}],[{"utility":59,"ID":11},{"utility":32,"ID":14}],[{"utility":68,"ID":10},{"utility":95,"ID":26}],[],[],[],[],[{"utility":98,"ID":19},{"utility":95,"ID":29}],[],[],[],[],[],[],[],[],[],[]],"STARTING COALITION: ":[[null],[{"utility":4,"ID":15},{"utility":35,"ID":20}],[{"utility":46,"ID":16},{"utility":13,"ID":26}],[{"utility":0,"ID":11}],[{"utility":38.5,"ID":19},{"utility":61,"ID":25},{"utility":47.5,"ID":30}],[],[],[{"utility":45.25,"ID":1},{"utility":30,"ID":8},{"utility":36.75,"ID":17},{"utility":61.75,"ID":18},{"utility":43.5,"ID":28}],[],[{"utility":64,"ID":10},{"utility":35,"ID":24}],[],[{"utility":57.833333333333336,"ID":4},{"utility":55.666666666666664,"ID":7},{"utility":46,"ID":13},{"utility":48.666666666666664,"ID":14},{"utility":50.666666666666664,"ID":21},{"utility":46.833333333333336,"ID":27},{"utility":54.5,"ID":29}],[{"utility":31,"ID":22},{"utility":58,"ID":23}],[{"utility":50,"ID":3},{"utility":58.5,"ID":6},{"utility":52.5,"ID":12}],[{"utility":0,"ID":2}],[{"utility":60,"ID":5},{"utility":51,"ID":9}],[],[],[],[],[],[],[],[],[],[],[],[],[],[],[]],"CORE :":true,"Relazioni :":870,"Time : ":0.2,"LAST PARTITION":{"22":10,"23":11,"24":10,"25":1,"26":15,"27":7,"28":2,"29":20,"30":3,"10":15,"11":14,"12":7,"13":8,"14":14,"15":1,"16":12,"17":6,"18":6,"19":20,"1":3,"2":5,"3":2,"4":8,"5":13,"6":5,"7":4,"8":12,"9":11,"20":4,"21":13}},{"Modalità dinamica :":true,"Q : ":3,"STARTING PARTITION: ":{"22":12,"23":12,"24":9,"25":4,"26":2,"27":11,"28":7,"29":11,"30":4,"10":9,"11":3,"12":13,"13":11,"14":11,"15":1,"16":2,"17":7,"18":7,"19":4,"1":7,"2":14,"3":13,"4":11,"5":15,"6":13,"7":11,"8":7,"9":15,"20":1,"21":11},"LAST COALITION":[[],[{"utility":93,"ID":15},{"utility":97,"ID":25}],[{"utility":52,"ID":4},{"utility":81,"ID":13}],[{"utility":59,"ID":11},{"utility":32,"ID":14}],[{"utility":87,"ID":1},{"utility":88,"ID":30}],[{"utility":95,"ID":7},{"utility":99,"ID":20}],[{"utility":70,"ID":17},{"utility":47,"ID":18}],[{"utility":94,"ID":22},{"utility":98,"ID":24}],[{"utility":96,"ID":3},{"utility":79,"ID":28}],[],[{"utility":93,"ID":9},{"utility":82,"ID":23}],[{"utility":93,"ID":5},{"utility":98,"ID":21}],[{"utility":90,"ID":2},{"utility":91,"ID":6}],[{"utility":98,"ID":19},{"utility":95,"ID":29}],[{"utility":68,"ID":10},{"utility":95,"ID":26}],[],[{"utility":91,"ID":12},{"utility":99,"ID":27}],[{"utility":98,"ID":8},{"utility":31,"ID":16}],[],[],[],[],[],[],[],[],[],[],[],[],[]],"STARTING COALITION: ":[[null],[{"utility":4,"ID":15},{"utility":35,"ID":20}],[{"utility":46,"ID":16},{"utility":13,"ID":26}],[{"utility":0,"ID":11}],[{"utility":38.5,"ID":19},{"utility":61,"ID":25},{"utility":47.5,"ID":30}],[],[],[{"utility":45.25,"ID":1},{"utility":30,"ID":8},{"utility":36.75,"ID":17},{"utility":61.75,"ID":18},{"utility":43.5,"ID":28}],[],[{"utility":64,"ID":10},{"utility":35,"ID":24}],[],[{"utility":57.833333333333336,"ID":4},{"utility":55.666666666666664,"ID":7},{"utility":46,"ID":13},{"utility":48.666666666666664,"ID":14},{"utility":50.666666666666664,"ID":21},{"utility":46.833333333333336,"ID":27},{"utility":54.5,"ID":29}],[{"utility":31,"ID":22},{"utility":58,"ID":23}],[{"utility":50,"ID":3},{"utility":58.5,"ID":6},{"utility":52.5,"ID":12}],[{"utility":0,"ID":2}],[{"utility":60,"ID":5},{"utility":51,"ID":9}],[],[],[],[],[],[],[],[],[],[],[],[],[],[],[]],"CORE :":true,"Relazioni :":870,"Time : ":0.1,"LAST PARTITION":{"22":7,"23":10,"24":7,"25":1,"26":14,"27":16,"28":8,"29":13,"30":4,"10":14,"11":3,"12":16,"13":2,"14":3,"15":1,"16":17,"17":6,"18":6,"19":13,"1":4,"2":12,"3":8,"4":2,"5":11,"6":12,"7":5,"8":17,"9":10,"20":5,"21":11}},{"Modalità dinamica :":true,"Q : ":3,"STARTING PARTITION: ":{"22":12,"23":12,"24":9,"25":4,"26":2,"27":11,"28":7,"29":11,"30":4,"10":9,"11":3,"12":13,"13":11,"14":11,"15":1,"16":2,"17":7,"18":7,"19":4,"1":7,"2":14,"3":13,"4":11,"5":15,"6":13,"7":11,"8":7,"9":15,"20":1,"21":11},"LAST COALITION":[[],[{"utility":90,"ID":2},{"utility":91,"ID":6}],[],[{"utility":52,"ID":4},{"utility":81,"ID":13}],[{"utility":70,"ID":17},{"utility":47,"ID":18}],[],[{"utility":96,"ID":3},{"utility":79,"ID":28}],[{"utility":59,"ID":11},{"utility":32,"ID":14}],[{"utility":68,"ID":10},{"utility":95,"ID":26}],[{"utility":93,"ID":5},{"utility":98,"ID":21}],[{"utility":95,"ID":7},{"utility":99,"ID":20}],[{"utility":98,"ID":19},{"utility":95,"ID":29}],[{"utility":98,"ID":8},{"utility":31,"ID":16}],[{"utility":87,"ID":1},{"utility":88,"ID":30}],[{"utility":93,"ID":15},{"utility":97,"ID":25}],[{"utility":91,"ID":12},{"utility":99,"ID":27}],[{"utility":94,"ID":22},{"utility":98,"ID":24}],[{"utility":93,"ID":9},{"utility":82,"ID":23}],[],[],[],[],[],[],[],[],[],[],[],[],[]],"STARTING COALITION: ":[[null],[{"utility":4,"ID":15},{"utility":35,"ID":20}],[{"utility":46,"ID":16},{"utility":13,"ID":26}],[{"utility":0,"ID":11}],[{"utility":38.5,"ID":19},{"utility":61,"ID":25},{"utility":47.5,"ID":30}],[],[],[{"utility":45.25,"ID":1},{"utility":30,"ID":8},{"utility":36.75,"ID":17},{"utility":61.75,"ID":18},{"utility":43.5,"ID":28}],[],[{"utility":64,"ID":10},{"utility":35,"ID":24}],[],[{"utility":57.833333333333336,"ID":4},{"utility":55.666666666666664,"ID":7},{"utility":46,"ID":13},{"utility":48.666666666666664,"ID":14},{"utility":50.666666666666664,"ID":21},{"utility":46.833333333333336,"ID":27},{"utility":54.5,"ID":29}],[{"utility":31,"ID":22},{"utility":58,"ID":23}],[{"utility":50,"ID":3},{"utility":58.5,"ID":6},{"utility":52.5,"ID":12}],[{"utility":0,"ID":2}],[{"utility":60,"ID":5},{"utility":51,"ID":9}],[],[],[],[],[],[],[],[],[],[],[],[],[],[],[]],"CORE :":true,"Relazioni :":870,"Time : ":0.2,"LAST PARTITION":{"22":16,"23":17,"24":16,"25":14,"26":8,"27":15,"28":6,"29":11,"30":13,"10":8,"11":7,"12":15,"13":3,"14":7,"15":14,"16":12,"17":4,"18":4,"19":11,"1":13,"2":1,"3":6,"4":3,"5":9,"6":1,"7":10,"8":12,"9":17,"20":10,"21":9}},{"Modalità dinamica :":true,"Q : ":4,"STARTING PARTITION: ":{"22":12,"23":12,"24":9,"25":4,"26":2,"27":11,"28":7,"29":11,"30":4,"10":9,"11":3,"12":13,"13":11,"14":11,"15":1,"16":2,"17":7,"18":7,"19":4,"1":7,"2":14,"3":13,"4":11,"5":15,"6":13,"7":11,"8":7,"9":15,"20":1,"21":11},"LAST COALITION":[[],[{"utility":75,"ID":10},{"utility":80,"ID":30}],[{"utility":0,"ID":14}],[{"utility":84,"ID":1},{"utility":69,"ID":11}],[{"utility":98,"ID":8},{"utility":31,"ID":16}],[{"utility":87,"ID":13},{"utility":72,"ID":23}],[{"utility":93,"ID":5},{"utility":98,"ID":21}],[{"utility":0,"ID":18}],[{"utility":91,"ID":12},{"utility":99,"ID":27}],[{"utility":93,"ID":9},{"utility":34,"ID":26}],[{"utility":20,"ID":4},{"utility":60,"ID":17}],[{"utility":98,"ID":19},{"utility":95,"ID":29}],[],[{"utility":90,"ID":2},{"utility":91,"ID":6}],[{"utility":94,"ID":22},{"utility":98,"ID":24}],[{"utility":93,"ID":15},{"utility":97,"ID":25}],[{"utility":95,"ID":7},{"utility":99,"ID":20}],[{"utility":96,"ID":3},{"utility":79,"ID":28}],[],[],[],[],[],[],[],[],[],[],[],[],[]],"STARTING COALITION: ":[[null],[{"utility":4,"ID":15},{"utility":35,"ID":20}],[{"utility":46,"ID":16},{"utility":13,"ID":26}],[{"utility":0,"ID":11}],[{"utility":38.5,"ID":19},{"utility":61,"ID":25},{"utility":47.5,"ID":30}],[],[],[{"utility":45.25,"ID":1},{"utility":30,"ID":8},{"utility":36.75,"ID":17},{"utility":61.75,"ID":18},{"utility":43.5,"ID":28}],[],[{"utility":64,"ID":10},{"utility":35,"ID":24}],[],[{"utility":57.833333333333336,"ID":4},{"utility":55.666666666666664,"ID":7},{"utility":46,"ID":13},{"utility":48.666666666666664,"ID":14},{"utility":50.666666666666664,"ID":21},{"utility":46.833333333333336,"ID":27},{"utility":54.5,"ID":29}],[{"utility":31,"ID":22},{"utility":58,"ID":23}],[{"utility":50,"ID":3},{"utility":58.5,"ID":6},{"utility":52.5,"ID":12}],[{"utility":0,"ID":2}],[{"utility":60,"ID":5},{"utility":51,"ID":9}],[],[],[],[],[],[],[],[],[],[],[],[],[],[],[]],"CORE :":true,"Relazioni :":870,"Time : ":0.1,"LAST PARTITION":{"22":14,"23":5,"24":14,"25":15,"26":9,"27":8,"28":17,"29":11,"30":1,"10":1,"11":3,"12":8,"13":5,"14":2,"15":15,"16":4,"17":10,"18":7,"19":11,"1":3,"2":13,"3":17,"4":10,"5":6,"6":13,"7":16,"8":4,"9":9,"20":16,"21":6}},{"Modalità dinamica :":true,"Q : ":4,"STARTING PARTITION: ":{"22":12,"23":12,"24":9,"25":4,"26":2,"27":11,"28":7,"29":11,"30":4,"10":9,"11":3,"12":13,"13":11,"14":11,"15":1,"16":2,"17":7,"18":7,"19":4,"1":7,"2":14,"3":13,"4":11,"5":15,"6":13,"7":11,"8":7,"9":15,"20":1,"21":11},"LAST COALITION":[[],[{"utility":52,"ID":4},{"utility":81,"ID":13}],[{"utility":87,"ID":1},{"utility":88,"ID":30}],[{"utility":79,"ID":3},{"utility":99,"ID":23}],[{"utility":81,"ID":9},{"utility":92,"ID":10}],[{"utility":98,"ID":19},{"utility":95,"ID":29}],[{"utility":46,"ID":17},{"utility":90,"ID":28}],[{"utility":94,"ID":22},{"utility":98,"ID":24}],[{"utility":95,"ID":7},{"utility":99,"ID":20}],[{"utility":93,"ID":5},{"utility":98,"ID":21}],[],[{"utility":91,"ID":12},{"utility":99,"ID":27}],[{"utility":90,"ID":2},{"utility":91,"ID":6}],[{"utility":93,"ID":15},{"utility":97,"ID":25}],[],[{"utility":59,"ID":11},{"utility":32,"ID":14}],[{"utility":96,"ID":18},{"utility":81,"ID":26}],[{"utility":98,"ID":8},{"utility":31,"ID":16}],[],[],[],[],[],[],[],[],[],[],[],[],[]],"STARTING COALITION: ":[[null],[{"utility":4,"ID":15},{"utility":35,"ID":20}],[{"utility":46,"ID":16},{"utility":13,"ID":26}],[{"utility":0,"ID":11}],[{"utility":38.5,"ID":19},{"utility":61,"ID":25},{"utility":47.5,"ID":30}],[],[],[{"utility":45.25,"ID":1},{"utility":30,"ID":8},{"utility":36.75,"ID":17},{"utility":61.75,"ID":18},{"utility":43.5,"ID":28}],[],[{"utility":64,"ID":10},{"utility":35,"ID":24}],[],[{"utility":57.833333333333336,"ID":4},{"utility":55.666666666666664,"ID":7},{"utility":46,"ID":13},{"utility":48.666666666666664,"ID":14},{"utility":50.666666666666664,"ID":21},{"utility":46.833333333333336,"ID":27},{"utility":54.5,"ID":29}],[{"utility":31,"ID":22},{"utility":58,"ID":23}],[{"utility":50,"ID":3},{"utility":58.5,"ID":6},{"utility":52.5,"ID":12}],[{"utility":0,"ID":2}],[{"utility":60,"ID":5},{"utility":51,"ID":9}],[],[],[],[],[],[],[],[],[],[],[],[],[],[],[]],"CORE :":true,"Relazioni :":870,"Time : ":0.2,"LAST PARTITION":{"22":7,"23":3,"24":7,"25":13,"26":16,"27":11,"28":6,"29":5,"30":2,"10":4,"11":15,"12":11,"13":1,"14":15,"15":13,"16":17,"17":6,"18":16,"19":5,"1":2,"2":12,"3":3,"4":1,"5":9,"6":12,"7":8,"8":17,"9":4,"20":8,"21":9}},{"Modalità dinamica :":true,"Q : ":5,"STARTING PARTITION: ":{"22":12,"23":12,"24":9,"25":4,"26":2,"27":11,"28":7,"29":11,"30":4,"10":9,"11":3,"12":13,"13":11,"14":11,"15":1,"16":2,"17":7,"18":7,"19":4,"1":7,"2":14,"3":13,"4":11,"5":15,"6":13,"7":11,"8":7,"9":15,"20":1,"21":11},"LAST COALITION":[[],[{"utility":46,"ID":17},{"utility":90,"ID":28}],[{"utility":68,"ID":10},{"utility":95,"ID":26}],[{"utility":99,"ID":16},{"utility":93,"ID":27}],[{"utility":0,"ID":8}],[{"utility":79,"ID":3},{"utility":99,"ID":23}],[{"utility":95,"ID":7},{"utility":99,"ID":20}],[{"utility":93,"ID":5},{"utility":98,"ID":21}],[{"utility":81,"ID":12},{"utility":38,"ID":14}],[],[{"utility":44,"ID":9},{"utility":37,"ID":13}],[{"utility":93,"ID":15},{"utility":97,"ID":25}],[{"utility":0,"ID":11}],[{"utility":87,"ID":1},{"utility":88,"ID":30}],[{"utility":98,"ID":19},{"utility":95,"ID":29}],[{"utility":0,"ID":18}],[{"utility":0,"ID":4}],[{"utility":94,"ID":22},{"utility":98,"ID":24}],[{"utility":90,"ID":2},{"utility":91,"ID":6}],[],[],[],[],[],[],[],[],[],[],[],[]],"STARTING COALITION: ":[[null],[{"utility":4,"ID":15},{"utility":35,"ID":20}],[{"utility":46,"ID":16},{"utility":13,"ID":26}],[{"utility":0,"ID":11}],[{"utility":38.5,"ID":19},{"utility":61,"ID":25},{"utility":47.5,"ID":30}],[],[],[{"utility":45.25,"ID":1},{"utility":30,"ID":8},{"utility":36.75,"ID":17},{"utility":61.75,"ID":18},{"utility":43.5,"ID":28}],[],[{"utility":64,"ID":10},{"utility":35,"ID":24}],[],[{"utility":57.833333333333336,"ID":4},{"utility":55.666666666666664,"ID":7},{"utility":46,"ID":13},{"utility":48.666666666666664,"ID":14},{"utility":50.666666666666664,"ID":21},{"utility":46.833333333333336,"ID":27},{"utility":54.5,"ID":29}],[{"utility":31,"ID":22},{"utility":58,"ID":23}],[{"utility":50,"ID":3},{"utility":58.5,"ID":6},{"utility":52.5,"ID":12}],[{"utility":0,"ID":2}],[{"utility":60,"ID":5},{"utility":51,"ID":9}],[],[],[],[],[],[],[],[],[],[],[],[],[],[],[]],"CORE :":true,"Relazioni :":870,"Time : ":0.1,"LAST PARTITION":{"22":17,"23":5,"24":17,"25":11,"26":2,"27":3,"28":1,"29":14,"30":13,"10":2,"11":12,"12":8,"13":10,"14":8,"15":11,"16":3,"17":1,"18":15,"19":14,"1":13,"2":18,"3":5,"4":16,"5":7,"6":18,"7":6,"8":4,"9":10,"20":6,"21":7}},{"Modalità dinamica :":true,"Q : ":5,"STARTING PARTITION: ":{"22":12,"23":12,"24":9,"25":4,"26":2,"27":11,"28":7,"29":11,"30":4,"10":9,"11":3,"12":13,"13":11,"14":11,"15":1,"16":2,"17":7,"18":7,"19":4,"1":7,"2":14,"3":13,"4":11,"5":15,"6":13,"7":11,"8":7,"9":15,"20":1,"21":11},"LAST COALITION":[[],[{"utility":90,"ID":2},{"utility":91,"ID":6}],[],[{"utility":59,"ID":11},{"utility":32,"ID":14}],[{"utility":95,"ID":7},{"utility":99,"ID":20}],[{"utility":52,"ID":4},{"utility":81,"ID":13}],[{"utility":98,"ID":19},{"utility":95,"ID":29}],[{"utility":93,"ID":5},{"utility":98,"ID":21}],[{"utility":94,"ID":22},{"utility":98,"ID":24}],[{"utility":81,"ID":9},{"utility":92,"ID":10}],[{"utility":46,"ID":17},{"utility":90,"ID":28}],[{"utility":96,"ID":18},{"utility":81,"ID":26}],[{"utility":87,"ID":1},{"utility":88,"ID":30}],[{"utility":98,"ID":8},{"utility":31,"ID":16}],[{"utility":93,"ID":15},{"utility":97,"ID":25}],[{"utility":91,"ID":12},{"utility":99,"ID":27}],[],[{"utility":79,"ID":3},{"utility":99,"ID":23}],[],[],[],[],[],[],[],[],[],[],[],[],[]],"STARTING COALITION: ":[[null],[{"utility":4,"ID":15},{"utility":35,"ID":20}],[{"utility":46,"ID":16},{"utility":13,"ID":26}],[{"utility":0,"ID":11}],[{"utility":38.5,"ID":19},{"utility":61,"ID":25},{"utility":47.5,"ID":30}],[],[],[{"utility":45.25,"ID":1},{"utility":30,"ID":8},{"utility":36.75,"ID":17},{"utility":61.75,"ID":18},{"utility":43.5,"ID":28}],[],[{"utility":64,"ID":10},{"utility":35,"ID":24}],[],[{"utility":57.833333333333336,"ID":4},{"utility":55.666666666666664,"ID":7},{"utility":46,"ID":13},{"utility":48.666666666666664,"ID":14},{"utility":50.666666666666664,"ID":21},{"utility":46.833333333333336,"ID":27},{"utility":54.5,"ID":29}],[{"utility":31,"ID":22},{"utility":58,"ID":23}],[{"utility":50,"ID":3},{"utility":58.5,"ID":6},{"utility":52.5,"ID":12}],[{"utility":0,"ID":2}],[{"utility":60,"ID":5},{"utility":51,"ID":9}],[],[],[],[],[],[],[],[],[],[],[],[],[],[],[]],"CORE :":true,"Relazioni :":870,"Time : ":0.2,"LAST PARTITION":{"22":8,"23":17,"24":8,"25":14,"26":11,"27":15,"28":10,"29":6,"30":12,"10":9,"11":3,"12":15,"13":5,"14":3,"15":14,"16":13,"17":10,"18":11,"19":6,"1":12,"2":1,"3":17,"4":5,"5":7,"6":1,"7":4,"8":13,"9":9,"20":4,"21":7}},{"Modalità dinamica :":true,"Q : ":6,"STARTING PARTITION: ":{"22":12,"23":12,"24":9,"25":4,"26":2,"27":11,"28":7,"29":11,"30":4,"10":9,"11":3,"12":13,"13":11,"14":11,"15":1,"16":2,"17":7,"18":7,"19":4,"1":7,"2":14,"3":13,"4":11,"5":15,"6":13,"7":11,"8":7,"9":15,"20":1,"21":11},"LAST COALITION":[[],[{"utility":0,"ID":14}],[{"utility":79,"ID":3},{"utility":99,"ID":23}],[{"utility":87,"ID":8},{"utility":75,"ID":13}],[{"utility":91,"ID":12},{"utility":99,"ID":27}],[{"utility":92,"ID":6},{"utility":64,"ID":28}],[{"utility":75,"ID":10},{"utility":80,"ID":30}],[{"utility":0,"ID":16}],[{"utility":95,"ID":7},{"utility":99,"ID":20}],[{"utility":93,"ID":15},{"utility":97,"ID":25}],[{"utility":96,"ID":18},{"utility":81,"ID":26}],[{"utility":0,"ID":11}],[{"utility":98,"ID":19},{"utility":95,"ID":29}],[{"utility":94,"ID":22},{"utility":98,"ID":24}],[{"utility":93,"ID":5},{"utility":98,"ID":21}],[{"utility":0,"ID":17}],[{"utility":0,"ID":2}],[{"utility":0,"ID":1}],[{"utility":28,"ID":4},{"utility":96,"ID":9}],[],[],[],[],[],[],[],[],[],[],[],[]],"STARTING COALITION: ":[[null],[{"utility":4,"ID":15},{"utility":35,"ID":20}],[{"utility":46,"ID":16},{"utility":13,"ID":26}],[{"utility":0,"ID":11}],[{"utility":38.5,"ID":19},{"utility":61,"ID":25},{"utility":47.5,"ID":30}],[],[],[{"utility":45.25,"ID":1},{"utility":30,"ID":8},{"utility":36.75,"ID":17},{"utility":61.75,"ID":18},{"utility":43.5,"ID":28}],[],[{"utility":64,"ID":10},{"utility":35,"ID":24}],[],[{"utility":57.833333333333336,"ID":4},{"utility":55.666666666666664,"ID":7},{"utility":46,"ID":13},{"utility":48.666666666666664,"ID":14},{"utility":50.666666666666664,"ID":21},{"utility":46.833333333333336,"ID":27},{"utility":54.5,"ID":29}],[{"utility":31,"ID":22},{"utility":58,"ID":23}],[{"utility":50,"ID":3},{"utility":58.5,"ID":6},{"utility":52.5,"ID":12}],[{"utility":0,"ID":2}],[{"utility":60,"ID":5},{"utility":51,"ID":9}],[],[],[],[],[],[],[],[],[],[],[],[],[],[],[]],"CORE :":true,"Relazioni :":870,"Time : ":0.1,"LAST PARTITION":{"22":13,"23":2,"24":13,"25":9,"26":10,"27":4,"28":5,"29":12,"30":6,"10":6,"11":11,"12":4,"13":3,"14":1,"15":9,"16":7,"17":15,"18":10,"19":12,"1":17,"2":16,"3":2,"4":18,"5":14,"6":5,"7":8,"8":3,"9":18,"20":8,"21":14}},{"Modalità dinamica :":true,"Q : ":6,"STARTING PARTITION: ":{"22":12,"23":12,"24":9,"25":4,"26":2,"27":11,"28":7,"29":11,"30":4,"10":9,"11":3,"12":13,"13":11,"14":11,"15":1,"16":2,"17":7,"18":7,"19":4,"1":7,"2":14,"3":13,"4":11,"5":15,"6":13,"7":11,"8":7,"9":15,"20":1,"21":11},"LAST COALITION":[[],[{"utility":46,"ID":17},{"utility":90,"ID":28}],[{"utility":98,"ID":19},{"utility":95,"ID":29}],[{"utility":79,"ID":3},{"utility":99,"ID":23}],[{"utility":95,"ID":7},{"utility":99,"ID":20}],[{"utility":87,"ID":8},{"utility":75,"ID":13}],[],[{"utility":81,"ID":9},{"utility":92,"ID":10}],[{"utility":87,"ID":1},{"utility":88,"ID":30}],[{"utility":91,"ID":12},{"utility":99,"ID":27}],[{"utility":93,"ID":15},{"utility":97,"ID":25}],[{"utility":78,"ID":2},{"utility":68,"ID":18}],[{"utility":93,"ID":5},{"utility":98,"ID":21}],[{"utility":46,"ID":11},{"utility":48,"ID":26}],[{"utility":82,"ID":6},{"utility":82,"ID":14}],[{"utility":94,"ID":22},{"utility":98,"ID":24}],[],[],[{"utility":29,"ID":4},{"utility":8,"ID":16}],[],[],[],[],[],[],[],[],[],[],[],[]],"STARTING COALITION: ":[[null],[{"utility":4,"ID":15},{"utility":35,"ID":20}],[{"utility":46,"ID":16},{"utility":13,"ID":26}],[{"utility":0,"ID":11}],[{"utility":38.5,"ID":19},{"utility":61,"ID":25},{"utility":47.5,"ID":30}],[],[],[{"utility":45.25,"ID":1},{"utility":30,"ID":8},{"utility":36.75,"ID":17},{"utility":61.75,"ID":18},{"utility":43.5,"ID":28}],[],[{"utility":64,"ID":10},{"utility":35,"ID":24}],[],[{"utility":57.833333333333336,"ID":4},{"utility":55.666666666666664,"ID":7},{"utility":46,"ID":13},{"utility":48.666666666666664,"ID":14},{"utility":50.666666666666664,"ID":21},{"utility":46.833333333333336,"ID":27},{"utility":54.5,"ID":29}],[{"utility":31,"ID":22},{"utility":58,"ID":23}],[{"utility":50,"ID":3},{"utility":58.5,"ID":6},{"utility":52.5,"ID":12}],[{"utility":0,"ID":2}],[{"utility":60,"ID":5},{"utility":51,"ID":9}],[],[],[],[],[],[],[],[],[],[],[],[],[],[],[]],"CORE :":true,"Relazioni :":870,"Time : ":0.2,"LAST PARTITION":{"22":15,"23":3,"24":15,"25":10,"26":13,"27":9,"28":1,"29":2,"30":8,"10":7,"11":13,"12":9,"13":5,"14":14,"15":10,"16":18,"17":1,"18":11,"19":2,"1":8,"2":11,"3":3,"4":18,"5":12,"6":14,"7":4,"8":5,"9":7,"20":4,"21":12}},{"Modalità dinamica :":true,"Q : ":7,"STARTING PARTITION: ":{"22":12,"23":12,"24":9,"25":4,"26":2,"27":11,"28":7,"29":11,"30":4,"10":9,"11":3,"12":13,"13":11,"14":11,"15":1,"16":2,"17":7,"18":7,"19":4,"1":7,"2":14,"3":13,"4":11,"5":15,"6":13,"7":11,"8":7,"9":15,"20":1,"21":11},"LAST COALITION":[[],[{"utility":93,"ID":15},{"utility":97,"ID":25}],[{"utility":90,"ID":4},{"utility":62,"ID":23}],[],[{"utility":87,"ID":1},{"utility":88,"ID":30}],[{"utility":56,"ID":3},{"utility":97,"ID":14}],[{"utility":91,"ID":12},{"utility":99,"ID":27}],[{"utility":0,"ID":11}],[{"utility":74,"ID":9},{"utility":95,"ID":18}],[{"utility":68,"ID":10},{"utility":95,"ID":26}],[{"utility":95,"ID":7},{"utility":99,"ID":20}],[{"utility":93,"ID":5},{"utility":98,"ID":21}],[{"utility":98,"ID":19},{"utility":95,"ID":29}],[{"utility":20.5,"ID":2},{"utility":26.5,"ID":17},{"utility":84.5,"ID":28}],[{"utility":0,"ID":8}],[{"utility":72,"ID":13},{"utility":91,"ID":16}],[{"utility":94,"ID":22},{"utility":98,"ID":24}],[{"utility":0,"ID":6}],[],[],[],[],[],[],[],[],[],[],[],[],[]],"STARTING COALITION: ":[[null],[{"utility":4,"ID":15},{"utility":35,"ID":20}],[{"utility":46,"ID":16},{"utility":13,"ID":26}],[{"utility":0,"ID":11}],[{"utility":38.5,"ID":19},{"utility":61,"ID":25},{"utility":47.5,"ID":30}],[],[],[{"utility":45.25,"ID":1},{"utility":30,"ID":8},{"utility":36.75,"ID":17},{"utility":61.75,"ID":18},{"utility":43.5,"ID":28}],[],[{"utility":64,"ID":10},{"utility":35,"ID":24}],[],[{"utility":57.833333333333336,"ID":4},{"utility":55.666666666666664,"ID":7},{"utility":46,"ID":13},{"utility":48.666666666666664,"ID":14},{"utility":50.666666666666664,"ID":21},{"utility":46.833333333333336,"ID":27},{"utility":54.5,"ID":29}],[{"utility":31,"ID":22},{"utility":58,"ID":23}],[{"utility":50,"ID":3},{"utility":58.5,"ID":6},{"utility":52.5,"ID":12}],[{"utility":0,"ID":2}],[{"utility":60,"ID":5},{"utility":51,"ID":9}],[],[],[],[],[],[],[],[],[],[],[],[],[],[],[]],"CORE :":true,"Relazioni :":870,"Time : ":0.1,"LAST PARTITION":{"22":16,"23":2,"24":16,"25":1,"26":9,"27":6,"28":13,"29":12,"30":4,"10":9,"11":7,"12":6,"13":15,"14":5,"15":1,"16":15,"17":13,"18":8,"19":12,"1":4,"2":13,"3":5,"4":2,"5":11,"6":17,"7":10,"8":14,"9":8,"20":10,"21":11}},{"Modalità dinamica :":true,"Q : ":7,"STARTING PARTITION: ":{"22":12,"23":12,"24":9,"25":4,"26":2,"27":11,"28":7,"29":11,"30":4,"10":9,"11":3,"12":13,"13":11,"14":11,"15":1,"16":2,"17":7,"18":7,"19":4,"1":7,"2":14,"3":13,"4":11,"5":15,"6":13,"7":11,"8":7,"9":15,"20":1,"21":11},"LAST COALITION":[[],[{"utility":33,"ID":2},{"utility":70,"ID":10}],[{"utility":94,"ID":22},{"utility":98,"ID":24}],[{"utility":96,"ID":18},{"utility":81,"ID":26}],[{"utility":0,"ID":11}],[{"utility":93,"ID":15},{"utility":97,"ID":25}],[{"utility":87,"ID":1},{"utility":88,"ID":30}],[{"utility":82,"ID":6},{"utility":82,"ID":14}],[{"utility":98,"ID":19},{"utility":95,"ID":29}],[{"utility":99,"ID":16},{"utility":93,"ID":27}],[{"utility":95,"ID":7},{"utility":99,"ID":20}],[{"utility":87,"ID":8},{"utility":75,"ID":13}],[],[],[{"utility":63,"ID":4},{"utility":75,"ID":12}],[{"utility":0,"ID":17}],[],[{"utility":96,"ID":3},{"utility":79,"ID":28}],[{"utility":93,"ID":9},{"utility":82,"ID":23}],[{"utility":93,"ID":5},{"utility":98,"ID":21}],[],[],[],[],[],[],[],[],[],[],[]],"STARTING COALITION: ":[[null],[{"utility":4,"ID":15},{"utility":35,"ID":20}],[{"utility":46,"ID":16},{"utility":13,"ID":26}],[{"utility":0,"ID":11}],[{"utility":38.5,"ID":19},{"utility":61,"ID":25},{"utility":47.5,"ID":30}],[],[],[{"utility":45.25,"ID":1},{"utility":30,"ID":8},{"utility":36.75,"ID":17},{"utility":61.75,"ID":18},{"utility":43.5,"ID":28}],[],[{"utility":64,"ID":10},{"utility":35,"ID":24}],[],[{"utility":57.833333333333336,"ID":4},{"utility":55.666666666666664,"ID":7},{"utility":46,"ID":13},{"utility":48.666666666666664,"ID":14},{"utility":50.666666666666664,"ID":21},{"utility":46.833333333333336,"ID":27},{"utility":54.5,"ID":29}],[{"utility":31,"ID":22},{"utility":58,"ID":23}],[{"utility":50,"ID":3},{"utility":58.5,"ID":6},{"utility":52.5,"ID":12}],[{"utility":0,"ID":2}],[{"utility":60,"ID":5},{"utility":51,"ID":9}],[],[],[],[],[],[],[],[],[],[],[],[],[],[],[]],"CORE :":true,"Relazioni :":870,"Time : ":0.2,"LAST PARTITION":{"22":2,"23":18,"24":2,"25":5,"26":3,"27":9,"28":17,"29":8,"30":6,"10":1,"11":4,"12":14,"13":11,"14":7,"15":5,"16":9,"17":15,"18":3,"19":8,"1":6,"2":1,"3":17,"4":14,"5":19,"6":7,"7":10,"8":11,"9":18,"20":10,"21":19}},{"Modalità dinamica :":true,"Q : ":8,"STARTING PARTITION: ":{"22":12,"23":12,"24":9,"25":4,"26":2,"27":11,"28":7,"29":11,"30":4,"10":9,"11":3,"12":13,"13":11,"14":11,"15":1,"16":2,"17":7,"18":7,"19":4,"1":7,"2":14,"3":13,"4":11,"5":15,"6":13,"7":11,"8":7,"9":15,"20":1,"21":11},"LAST COALITION":[[],[],[{"utility":92,"ID":6},{"utility":64,"ID":28}],[],[{"utility":98,"ID":19},{"utility":95,"ID":29}],[{"utility":93,"ID":15},{"utility":97,"ID":25}],[{"utility":95,"ID":7},{"utility":99,"ID":20}],[{"utility":0,"ID":23}],[{"utility":81,"ID":9},{"utility":92,"ID":10}],[{"utility":94,"ID":22},{"utility":98,"ID":24}],[{"utility":19,"ID":8},{"utility":47,"ID":11},{"utility":81.66666666666667,"ID":18},{"utility":71.66666666666667,"ID":26}],[{"utility":0,"ID":17}],[{"utility":87,"ID":1},{"utility":88,"ID":30}],[{"utility":24,"ID":2},{"utility":27,"ID":14},{"utility":48,"ID":16}],[{"utility":91,"ID":12},{"utility":99,"ID":27}],[],[],[{"utility":81,"ID":3},{"utility":93,"ID":21}],[{"utility":52,"ID":4},{"utility":81,"ID":13}],[{"utility":0,"ID":5}],[],[],[],[],[],[],[],[],[],[],[]],"STARTING COALITION: ":[[null],[{"utility":4,"ID":15},{"utility":35,"ID":20}],[{"utility":46,"ID":16},{"utility":13,"ID":26}],[{"utility":0,"ID":11}],[{"utility":38.5,"ID":19},{"utility":61,"ID":25},{"utility":47.5,"ID":30}],[],[],[{"utility":45.25,"ID":1},{"utility":30,"ID":8},{"utility":36.75,"ID":17},{"utility":61.75,"ID":18},{"utility":43.5,"ID":28}],[],[{"utility":64,"ID":10},{"utility":35,"ID":24}],[],[{"utility":57.833333333333336,"ID":4},{"utility":55.666666666666664,"ID":7},{"utility":46,"ID":13},{"utility":48.666666666666664,"ID":14},{"utility":50.666666666666664,"ID":21},{"utility":46.833333333333336,"ID":27},{"utility":54.5,"ID":29}],[{"utility":31,"ID":22},{"utility":58,"ID":23}],[{"utility":50,"ID":3},{"utility":58.5,"ID":6},{"utility":52.5,"ID":12}],[{"utility":0,"ID":2}],[{"utility":60,"ID":5},{"utility":51,"ID":9}],[],[],[],[],[],[],[],[],[],[],[],[],[],[],[]],"CORE :":true,"Relazioni :":870,"Time : ":0.1,"LAST PARTITION":{"22":9,"23":7,"24":9,"25":5,"26":10,"27":14,"28":2,"29":4,"30":12,"10":8,"11":10,"12":14,"13":18,"14":13,"15":5,"16":13,"17":11,"18":10,"19":4,"1":12,"2":13,"3":17,"4":18,"5":19,"6":2,"7":6,"8":10,"9":8,"20":6,"21":17}},{"Modalità dinamica :":true,"Q : ":8,"STARTING PARTITION: ":{"22":12,"23":12,"24":9,"25":4,"26":2,"27":11,"28":7,"29":11,"30":4,"10":9,"11":3,"12":13,"13":11,"14":11,"15":1,"16":2,"17":7,"18":7,"19":4,"1":7,"2":14,"3":13,"4":11,"5":15,"6":13,"7":11,"8":7,"9":15,"20":1,"21":11},"LAST COALITION":[[],[{"utility":93,"ID":5},{"utility":98,"ID":21}],[{"utility":82,"ID":6},{"utility":82,"ID":14}],[{"utility":93,"ID":15},{"utility":97,"ID":25}],[{"utility":46,"ID":17},{"utility":90,"ID":28}],[{"utility":98,"ID":19},{"utility":95,"ID":29}],[{"utility":96,"ID":18},{"utility":81,"ID":26}],[{"utility":0,"ID":13}],[{"utility":46,"ID":11},{"utility":97,"ID":23}],[{"utility":95,"ID":7},{"utility":99,"ID":20}],[{"utility":0,"ID":3}],[{"utility":94,"ID":22},{"utility":98,"ID":24}],[{"utility":62,"ID":8},{"utility":32,"ID":10}],[{"utility":37,"ID":2},{"utility":67,"ID":16}],[{"utility":87,"ID":1},{"utility":88,"ID":30}],[{"utility":28,"ID":4},{"utility":96,"ID":9}],[],[],[{"utility":91,"ID":12},{"utility":99,"ID":27}],[],[],[],[],[],[],[],[],[],[],[],[]],"STARTING COALITION: ":[[null],[{"utility":4,"ID":15},{"utility":35,"ID":20}],[{"utility":46,"ID":16},{"utility":13,"ID":26}],[{"utility":0,"ID":11}],[{"utility":38.5,"ID":19},{"utility":61,"ID":25},{"utility":47.5,"ID":30}],[],[],[{"utility":45.25,"ID":1},{"utility":30,"ID":8},{"utility":36.75,"ID":17},{"utility":61.75,"ID":18},{"utility":43.5,"ID":28}],[],[{"utility":64,"ID":10},{"utility":35,"ID":24}],[],[{"utility":57.833333333333336,"ID":4},{"utility":55.666666666666664,"ID":7},{"utility":46,"ID":13},{"utility":48.666666666666664,"ID":14},{"utility":50.666666666666664,"ID":21},{"utility":46.833333333333336,"ID":27},{"utility":54.5,"ID":29}],[{"utility":31,"ID":22},{"utility":58,"ID":23}],[{"utility":50,"ID":3},{"utility":58.5,"ID":6},{"utility":52.5,"ID":12}],[{"utility":0,"ID":2}],[{"utility":60,"ID":5},{"utility":51,"ID":9}],[],[],[],[],[],[],[],[],[],[],[],[],[],[],[]],"CORE :":true,"Relazioni :":870,"Time : ":0.2,"LAST PARTITION":{"22":11,"23":8,"24":11,"25":3,"26":6,"27":18,"28":4,"29":5,"30":14,"10":12,"11":8,"12":18,"13":7,"14":2,"15":3,"16":13,"17":4,"18":6,"19":5,"1":14,"2":13,"3":10,"4":15,"5":1,"6":2,"7":9,"8":12,"9":15,"20":9,"21":1}},{"Modalità dinamica :":true,"Q : ":9,"STARTING PARTITION: ":{"22":12,"23":12,"24":9,"25":4,"26":2,"27":11,"28":7,"29":11,"30":4,"10":9,"11":3,"12":13,"13":11,"14":11,"15":1,"16":2,"17":7,"18":7,"19":4,"1":7,"2":14,"3":13,"4":11,"5":15,"6":13,"7":11,"8":7,"9":15,"20":1,"21":11},"LAST COALITION":[[],[{"utility":70,"ID":17},{"utility":47,"ID":18}],[{"utility":93,"ID":9},{"utility":82,"ID":23}],[{"utility":52,"ID":4},{"utility":81,"ID":13}],[{"utility":96,"ID":3},{"utility":79,"ID":28}],[{"utility":91,"ID":12},{"utility":99,"ID":27}],[{"utility":93,"ID":15},{"utility":97,"ID":25}],[{"utility":98,"ID":8},{"utility":31,"ID":16}],[{"utility":90,"ID":2},{"utility":91,"ID":6}],[{"utility":93,"ID":5},{"utility":98,"ID":21}],[],[{"utility":68,"ID":10},{"utility":95,"ID":26}],[{"utility":98,"ID":19},{"utility":95,"ID":29}],[{"utility":95,"ID":7},{"utility":99,"ID":20}],[],[{"utility":59,"ID":11},{"utility":32,"ID":14}],[],[{"utility":94,"ID":22},{"utility":98,"ID":24}],[{"utility":87,"ID":1},{"utility":88,"ID":30}],[],[],[],[],[],[],[],[],[],[],[],[]],"STARTING COALITION: ":[[null],[{"utility":4,"ID":15},{"utility":35,"ID":20}],[{"utility":46,"ID":16},{"utility":13,"ID":26}],[{"utility":0,"ID":11}],[{"utility":38.5,"ID":19},{"utility":61,"ID":25},{"utility":47.5,"ID":30}],[],[],[{"utility":45.25,"ID":1},{"utility":30,"ID":8},{"utility":36.75,"ID":17},{"utility":61.75,"ID":18},{"utility":43.5,"ID":28}],[],[{"utility":64,"ID":10},{"utility":35,"ID":24}],[],[{"utility":57.833333333333336,"ID":4},{"utility":55.666666666666664,"ID":7},{"utility":46,"ID":13},{"utility":48.666666666666664,"ID":14},{"utility":50.666666666666664,"ID":21},{"utility":46.833333333333336,"ID":27},{"utility":54.5,"ID":29}],[{"utility":31,"ID":22},{"utility":58,"ID":23}],[{"utility":50,"ID":3},{"utility":58.5,"ID":6},{"utility":52.5,"ID":12}],[{"utility":0,"ID":2}],[{"utility":60,"ID":5},{"utility":51,"ID":9}],[],[],[],[],[],[],[],[],[],[],[],[],[],[],[]],"CORE :":true,"Relazioni :":870,"Time : ":0.1,"LAST PARTITION":{"22":17,"23":2,"24":17,"25":6,"26":11,"27":5,"28":4,"29":12,"30":18,"10":11,"11":15,"12":5,"13":3,"14":15,"15":6,"16":7,"17":1,"18":1,"19":12,"1":18,"2":8,"3":4,"4":3,"5":9,"6":8,"7":13,"8":7,"9":2,"20":13,"21":9}},{"Modalità dinamica :":true,"Q : ":9,"STARTING PARTITION: ":{"22":12,"23":12,"24":9,"25":4,"26":2,"27":11,"28":7,"29":11,"30":4,"10":9,"11":3,"12":13,"13":11,"14":11,"15":1,"16":2,"17":7,"18":7,"19":4,"1":7,"2":14,"3":13,"4":11,"5":15,"6":13,"7":11,"8":7,"9":15,"20":1,"21":11},"LAST COALITION":[[],[{"utility":92,"ID":4},{"utility":83,"ID":19}],[{"utility":21,"ID":9},{"utility":83,"ID":15}],[{"utility":0,"ID":10}],[{"utility":96,"ID":14},{"utility":74,"ID":23}],[{"utility":93,"ID":3},{"utility":96,"ID":25}],[{"utility":94,"ID":22},{"utility":98,"ID":24}],[{"utility":87,"ID":1},{"utility":88,"ID":30}],[],[{"utility":0,"ID":11}],[{"utility":46,"ID":17},{"utility":90,"ID":28}],[{"utility":98,"ID":8},{"utility":31,"ID":16}],[{"utility":91,"ID":12},{"utility":99,"ID":27}],[{"utility":90,"ID":2},{"utility":91,"ID":6}],[{"utility":95,"ID":7},{"utility":99,"ID":20}],[{"utility":0,"ID":29}],[{"utility":93,"ID":5},{"utility":98,"ID":21}],[{"utility":0,"ID":13}],[{"utility":96,"ID":18},{"utility":81,"ID":26}],[],[],[],[],[],[],[],[],[],[],[],[]],"STARTING COALITION: ":[[null],[{"utility":4,"ID":15},{"utility":35,"ID":20}],[{"utility":46,"ID":16},{"utility":13,"ID":26}],[{"utility":0,"ID":11}],[{"utility":38.5,"ID":19},{"utility":61,"ID":25},{"utility":47.5,"ID":30}],[],[],[{"utility":45.25,"ID":1},{"utility":30,"ID":8},{"utility":36.75,"ID":17},{"utility":61.75,"ID":18},{"utility":43.5,"ID":28}],[],[{"utility":64,"ID":10},{"utility":35,"ID":24}],[],[{"utility":57.833333333333336,"ID":4},{"utility":55.666666666666664,"ID":7},{"utility":46,"ID":13},{"utility":48.666666666666664,"ID":14},{"utility":50.666666666666664,"ID":21},{"utility":46.833333333333336,"ID":27},{"utility":54.5,"ID":29}],[{"utility":31,"ID":22},{"utility":58,"ID":23}],[{"utility":50,"ID":3},{"utility":58.5,"ID":6},{"utility":52.5,"ID":12}],[{"utility":0,"ID":2}],[{"utility":60,"ID":5},{"utility":51,"ID":9}],[],[],[],[],[],[],[],[],[],[],[],[],[],[],[]],"CORE :":true,"Relazioni :":870,"Time : ":0.2,"LAST PARTITION":{"22":6,"23":4,"24":6,"25":5,"26":18,"27":12,"28":10,"29":15,"30":7,"10":3,"11":9,"12":12,"13":17,"14":4,"15":2,"16":11,"17":10,"18":18,"19":1,"1":7,"2":13,"3":5,"4":1,"5":16,"6":13,"7":14,"8":11,"9":2,"20":14,"21":16}},{"Modalità dinamica :":true,"Q : ":10,"STARTING PARTITION: ":{"22":12,"23":12,"24":9,"25":4,"26":2,"27":11,"28":7,"29":11,"30":4,"10":9,"11":3,"12":13,"13":11,"14":11,"15":1,"16":2,"17":7,"18":7,"19":4,"1":7,"2":14,"3":13,"4":11,"5":15,"6":13,"7":11,"8":7,"9":15,"20":1,"21":11},"LAST COALITION":[[],[{"utility":76,"ID":4},{"utility":35,"ID":11}],[{"utility":98,"ID":19},{"utility":95,"ID":29}],[{"utility":59,"ID":3},{"utility":62,"ID":16}],[{"utility":89,"ID":1},{"utility":17,"ID":14}],[],[{"utility":91,"ID":12},{"utility":99,"ID":27}],[{"utility":93,"ID":15},{"utility":97,"ID":25}],[{"utility":94,"ID":22},{"utility":98,"ID":24}],[{"utility":0,"ID":6}],[],[{"utility":93,"ID":5},{"utility":98,"ID":21}],[{"utility":51,"ID":13},{"utility":69,"ID":28}],[{"utility":5,"ID":8},{"utility":29,"ID":17}],[{"utility":95,"ID":7},{"utility":99,"ID":20}],[],[{"utility":75,"ID":2},{"utility":86,"ID":26}],[{"utility":75,"ID":10},{"utility":80,"ID":30}],[{"utility":93,"ID":9},{"utility":82,"ID":23}],[{"utility":0,"ID":18}],[],[],[],[],[],[],[],[],[],[],[]],"STARTING COALITION: ":[[null],[{"utility":4,"ID":15},{"utility":35,"ID":20}],[{"utility":46,"ID":16},{"utility":13,"ID":26}],[{"utility":0,"ID":11}],[{"utility":38.5,"ID":19},{"utility":61,"ID":25},{"utility":47.5,"ID":30}],[],[],[{"utility":45.25,"ID":1},{"utility":30,"ID":8},{"utility":36.75,"ID":17},{"utility":61.75,"ID":18},{"utility":43.5,"ID":28}],[],[{"utility":64,"ID":10},{"utility":35,"ID":24}],[],[{"utility":57.833333333333336,"ID":4},{"utility":55.666666666666664,"ID":7},{"utility":46,"ID":13},{"utility":48.666666666666664,"ID":14},{"utility":50.666666666666664,"ID":21},{"utility":46.833333333333336,"ID":27},{"utility":54.5,"ID":29}],[{"utility":31,"ID":22},{"utility":58,"ID":23}],[{"utility":50,"ID":3},{"utility":58.5,"ID":6},{"utility":52.5,"ID":12}],[{"utility":0,"ID":2}],[{"utility":60,"ID":5},{"utility":51,"ID":9}],[],[],[],[],[],[],[],[],[],[],[],[],[],[],[]],"CORE :":true,"Relazioni :":870,"Time : ":0.1,"LAST PARTITION":{"22":8,"23":18,"24":8,"25":7,"26":16,"27":6,"28":12,"29":2,"30":17,"10":17,"11":1,"12":6,"13":12,"14":4,"15":7,"16":3,"17":13,"18":19,"19":2,"1":4,"2":16,"3":3,"4":1,"5":11,"6":9,"7":14,"8":13,"9":18,"20":14,"21":11}},{"Modalità dinamica :":true,"Q : ":10,"STARTING PARTITION: ":{"22":12,"23":12,"24":9,"25":4,"26":2,"27":11,"28":7,"29":11,"30":4,"10":9,"11":3,"12":13,"13":11,"14":11,"15":1,"16":2,"17":7,"18":7,"19":4,"1":7,"2":14,"3":13,"4":11,"5":15,"6":13,"7":11,"8":7,"9":15,"20":1,"21":11},"LAST COALITION":[[],[{"utility":40,"ID":8},{"utility":86,"ID":26}],[{"utility":0,"ID":23}],[{"utility":75,"ID":10},{"utility":80,"ID":30}],[{"utility":91,"ID":12},{"utility":99,"ID":27}],[{"utility":94,"ID":22},{"utility":98,"ID":24}],[{"utility":99,"ID":2},{"utility":12,"ID":4}],[{"utility":0,"ID":6}],[{"utility":93,"ID":15},{"utility":97,"ID":25}],[{"utility":88,"ID":13},{"utility":8,"ID":14}],[{"utility":84,"ID":1},{"utility":69,"ID":11}],[{"utility":98,"ID":19},{"utility":95,"ID":29}],[{"utility":96,"ID":3},{"utility":79,"ID":28}],[{"utility":95,"ID":7},{"utility":99,"ID":20}],[{"utility":93,"ID":5},{"utility":98,"ID":21}],[{"utility":63,"ID":16},{"utility":37,"ID":17}],[],[{"utility":0,"ID":9}],[{"utility":0,"ID":18}],[],[],[],[],[],[],[],[],[],[],[],[]],"STARTING COALITION: ":[[null],[{"utility":4,"ID":15},{"utility":35,"ID":20}],[{"utility":46,"ID":16},{"utility":13,"ID":26}],[{"utility":0,"ID":11}],[{"utility":38.5,"ID":19},{"utility":61,"ID":25},{"utility":47.5,"ID":30}],[],[],[{"utility":45.25,"ID":1},{"utility":30,"ID":8},{"utility":36.75,"ID":17},{"utility":61.75,"ID":18},{"utility":43.5,"ID":28}],[],[{"utility":64,"ID":10},{"utility":35,"ID":24}],[],[{"utility":57.833333333333336,"ID":4},{"utility":55.666666666666664,"ID":7},{"utility":46,"ID":13},{"utility":48.666666666666664,"ID":14},{"utility":50.666666666666664,"ID":21},{"utility":46.833333333333336,"ID":27},{"utility":54.5,"ID":29}],[{"utility":31,"ID":22},{"utility":58,"ID":23}],[{"utility":50,"ID":3},{"utility":58.5,"ID":6},{"utility":52.5,"ID":12}],[{"utility":0,"ID":2}],[{"utility":60,"ID":5},{"utility":51,"ID":9}],[],[],[],[],[],[],[],[],[],[],[],[],[],[],[]],"CORE :":true,"Relazioni :":870,"Time : ":0.2,"LAST PARTITION":{"22":5,"23":2,"24":5,"25":8,"26":1,"27":4,"28":12,"29":11,"30":3,"10":3,"11":10,"12":4,"13":9,"14":9,"15":8,"16":15,"17":15,"18":18,"19":11,"1":10,"2":6,"3":12,"4":6,"5":14,"6":7,"7":13,"8":1,"9":17,"20":13,"21":14}},{"END OF FILE:" : true}]