[{"Modalità dinamica :":false,"Q : ":2,"STARTING PARTITION: ":{"22":1,"23":5,"24":2,"25":3,"26":12,"27":15,"28":13,"29":10,"30":9,"10":13,"11":13,"12":9,"13":5,"14":9,"15":8,"16":15,"17":14,"18":12,"19":1,"1":8,"2":1,"3":11,"4":14,"5":10,"6":2,"7":5,"8":1,"9":5,"20":6,"21":6},"LAST COALITION":[[],[{"utility":49,"ID":5},{"utility":69,"ID":19}],[{"utility":71,"ID":16},{"utility":80,"ID":17}],[],[{"utility":76,"ID":9},{"utility":65,"ID":30}],[{"utility":44,"ID":1},{"utility":86,"ID":23}],[{"utility":65,"ID":25},{"utility":91,"ID":29}],[{"utility":0,"ID":22}],[{"utility":86,"ID":15},{"utility":87,"ID":24}],[{"utility":42,"ID":12},{"utility":88,"ID":28}],[{"utility":99,"ID":7},{"utility":90,"ID":11}],[{"utility":0,"ID":8}],[{"utility":82,"ID":18},{"utility":98,"ID":26}],[],[{"utility":76,"ID":10},{"utility":74,"ID":27}],[{"utility":56,"ID":6},{"utility":70,"ID":20}],[{"utility":53,"ID":3},{"utility":62,"ID":13}],[{"utility":56,"ID":2},{"utility":98,"ID":21}],[],[{"utility":81,"ID":4},{"utility":99,"ID":14}],[],[],[],[],[],[],[],[],[],[],[]],"STARTING COALITION: ":[[null],[{"utility":36.333333333333336,"ID":2},{"utility":0,"ID":8},{"utility":74.66666666666667,"ID":19},{"utility":58.666666666666664,"ID":22}],[{"utility":53,"ID":6},{"utility":0,"ID":24}],[{"utility":0,"ID":25}],[],[{"utility":25.666666666666668,"ID":7},{"utility":11,"ID":9},{"utility":5,"ID":13},{"utility":30,"ID":23}],[{"utility":6,"ID":20},{"utility":0,"ID":21}],[],[{"utility":0,"ID":1},{"utility":59,"ID":15}],[{"utility":56.5,"ID":12},{"utility":84.5,"ID":14},{"utility":0,"ID":30}],[{"utility":0,"ID":5},{"utility":54,"ID":29}],[{"utility":0,"ID":3}],[{"utility":82,"ID":18},{"utility":98,"ID":26}],[{"utility":4,"ID":10},{"utility":0,"ID":11},{"utility":43.5,"ID":28}],[{"utility":0,"ID":4},{"utility":46,"ID":17}],[{"utility":0,"ID":16},{"utility":0,"ID":27}],[],[],[],[],[],[],[],[],[],[],[],[],[],[],[]],"CORE :":true,"Relazioni :":470,"Time : ":0.1,"LAST PARTITION":{"22":7,"23":5,"24":8,"25":6,"26":12,"27":14,"28":9,"29":6,"30":4,"10":14,"11":10,"12":9,"13":16,"14":19,"15":8,"16":2,"17":2,"18":12,"19":1,"1":5,"2":17,"3":16,"4":19,"5":1,"6":15,"7":10,"8":11,"9":4,"20":15,"21":17}},{"Modalità dinamica :":false,"Q : ":2,"STARTING PARTITION: ":{"22":1,"23":5,"24":2,"25":3,"26":12,"27":15,"28":13,"29":10,"30":9,"10":13,"11":13,"12":9,"13":5,"14":9,"15":8,"16":15,"17":14,"18":12,"19":1,"1":8,"2":1,"3":11,"4":14,"5":10,"6":2,"7":5,"8":1,"9":5,"20":6,"21":6},"LAST COALITION":[[],[{"utility":49,"ID":5},{"utility":69,"ID":19}],[{"utility":71,"ID":16},{"utility":80,"ID":17}],[],[{"utility":76,"ID":9},{"utility":65,"ID":30}],[{"utility":44,"ID":1},{"utility":86,"ID":23}],[{"utility":65,"ID":25},{"utility":91,"ID":29}],[{"utility":0,"ID":22}],[{"utility":86,"ID":15},{"utility":87,"ID":24}],[{"utility":42,"ID":12},{"utility":88,"ID":28}],[{"utility":99,"ID":7},{"utility":90,"ID":11}],[{"utility":0,"ID":8}],[{"utility":82,"ID":18},{"utility":98,"ID":26}],[],[{"utility":76,"ID":10},{"utility":74,"ID":27}],[{"utility":56,"ID":6},{"utility":70,"ID":20}],[{"utility":53,"ID":3},{"utility":62,"ID":13}],[{"utility":56,"ID":2},{"utility":98,"ID":21}],[],[{"utility":81,"ID":4},{"utility":99,"ID":14}],[],[],[],[],[],[],[],[],[],[],[]],"STARTING COALITION: ":[[null],[{"utility":36.333333333333336,"ID":2},{"utility":0,"ID":8},{"utility":74.66666666666667,"ID":19},{"utility":58.666666666666664,"ID":22}],[{"utility":53,"ID":6},{"utility":0,"ID":24}],[{"utility":0,"ID":25}],[],[{"utility":25.666666666666668,"ID":7},{"utility":11,"ID":9},{"utility":5,"ID":13},{"utility":30,"ID":23}],[{"utility":6,"ID":20},{"utility":0,"ID":21}],[],[{"utility":0,"ID":1},{"utility":59,"ID":15}],[{"utility":56.5,"ID":12},{"utility":84.5,"ID":14},{"utility":0,"ID":30}],[{"utility":0,"ID":5},{"utility":54,"ID":29}],[{"utility":0,"ID":3}],[{"utility":82,"ID":18},{"utility":98,"ID":26}],[{"utility":4,"ID":10},{"utility":0,"ID":11},{"utility":43.5,"ID":28}],[{"utility":0,"ID":4},{"utility":46,"ID":17}],[{"utility":0,"ID":16},{"utility":0,"ID":27}],[],[],[],[],[],[],[],[],[],[],[],[],[],[],[]],"CORE :":true,"Relazioni :":470,"Time : ":0.2,"LAST PARTITION":{"22":7,"23":5,"24":8,"25":6,"26":12,"27":14,"28":9,"29":6,"30":4,"10":14,"11":10,"12":9,"13":16,"14":19,"15":8,"16":2,"17":2,"18":12,"19":1,"1":5,"2":17,"3":16,"4":19,"5":1,"6":15,"7":10,"8":11,"9":4,"20":15,"21":17}},{"Modalità dinamica :":false,"Q : ":3,"STARTING PARTITION: ":{"22":1,"23":5,"24":2,"25":3,"26":12,"27":15,"28":13,"29":10,"30":9,"10":13,"11":13,"12":9,"13":5,"14":9,"15":8,"16":15,"17":14,"18":12,"19":1,"1":8,"2":1,"3":11,"4":14,"5":10,"6":2,"7":5,"8":1,"9":5,"20":6,"21":6},"LAST COALITION":[[],[{"utility":49,"ID":5},{"utility":69,"ID":19}],[{"utility":71,"ID":16},{"utility":80,"ID":17}],[],[{"utility":76,"ID":9},{"utility":65,"ID":30}],[{"utility":44,"ID":1},{"utility":86,"ID":23}],[{"utility":65,"ID":25},{"utility":91,"ID":29}],[{"utility":0,"ID":22}],[{"utility":86,"ID":15},{"utility":87,"ID":24}],[{"utility":42,"ID":12},{"utility":88,"ID":28}],[{"utility":99,"ID":7},{"utility":90,"ID":11}],[{"utility":0,"ID":8}],[{"utility":82,"ID":18},{"utility":98,"ID":26}],[],[{"utility":76,"ID":10},{"utility":74,"ID":27}],[{"utility":56,"ID":6},{"utility":70,"ID":20}],[{"utility":53,"ID":3},{"utility":62,"ID":13}],[{"utility":56,"ID":2},{"utility":98,"ID":21}],[],[{"utility":81,"ID":4},{"utility":99,"ID":14}],[],[],[],[],[],[],[],[],[],[],[]],"STARTING COALITION: ":[[null],[{"utility":36.333333333333336,"ID":2},{"utility":0,"ID":8},{"utility":74.66666666666667,"ID":19},{"utility":58.666666666666664,"ID":22}],[{"utility":53,"ID":6},{"utility":0,"ID":24}],[{"utility":0,"ID":25}],[],[{"utility":25.666666666666668,"ID":7},{"utility":11,"ID":9},{"utility":5,"ID":13},{"utility":30,"ID":23}],[{"utility":6,"ID":20},{"utility":0,"ID":21}],[],[{"utility":0,"ID":1},{"utility":59,"ID":15}],[{"utility":56.5,"ID":12},{"utility":84.5,"ID":14},{"utility":0,"ID":30}],[{"utility":0,"ID":5},{"utility":54,"ID":29}],[{"utility":0,"ID":3}],[{"utility":82,"ID":18},{"utility":98,"ID":26}],[{"utility":4,"ID":10},{"utility":0,"ID":11},{"utility":43.5,"ID":28}],[{"utility":0,"ID":4},{"utility":46,"ID":17}],[{"utility":0,"ID":16},{"utility":0,"ID":27}],[],[],[],[],[],[],[],[],[],[],[],[],[],[],[]],"CORE :":true,"Relazioni :":470,"Time : ":0.1,"LAST PARTITION":{"22":7,"23":5,"24":8,"25":6,"26":12,"27":14,"28":9,"29":6,"30":4,"10":14,"11":10,"12":9,"13":16,"14":19,"15":8,"16":2,"17":2,"18":12,"19":1,"1":5,"2":17,"3":16,"4":19,"5":1,"6":15,"7":10,"8":11,"9":4,"20":15,"21":17}},{"Modalità dinamica :":false,"Q : ":3,"STARTING PARTITION: ":{"22":1,"23":5,"24":2,"25":3,"26":12,"27":15,"28":13,"29":10,"30":9,"10":13,"11":13,"12":9,"13":5,"14":9,"15":8,"16":15,"17":14,"18":12,"19":1,"1":8,"2":1,"3":11,"4":14,"5":10,"6":2,"7":5,"8":1,"9":5,"20":6,"21":6},"LAST COALITION":[[],[{"utility":49,"ID":5},{"utility":69,"ID":19}],[{"utility":71,"ID":16},{"utility":80,"ID":17}],[],[{"utility":76,"ID":9},{"utility":65,"ID":30}],[{"utility":44,"ID":1},{"utility":86,"ID":23}],[{"utility":65,"ID":25},{"utility":91,"ID":29}],[{"utility":0,"ID":22}],[{"utility":86,"ID":15},{"utility":87,"ID":24}],[{"utility":42,"ID":12},{"utility":88,"ID":28}],[{"utility":99,"ID":7},{"utility":90,"ID":11}],[{"utility":0,"ID":8}],[{"utility":82,"ID":18},{"utility":98,"ID":26}],[],[{"utility":76,"ID":10},{"utility":74,"ID":27}],[{"utility":56,"ID":6},{"utility":70,"ID":20}],[{"utility":53,"ID":3},{"utility":62,"ID":13}],[{"utility":56,"ID":2},{"utility":98,"ID":21}],[],[{"utility":81,"ID":4},{"utility":99,"ID":14}],[],[],[],[],[],[],[],[],[],[],[]],"STARTING COALITION: ":[[null],[{"utility":36.333333333333336,"ID":2},{"utility":0,"ID":8},{"utility":74.66666666666667,"ID":19},{"utility":58.666666666666664,"ID":22}],[{"utility":53,"ID":6},{"utility":0,"ID":24}],[{"utility":0,"ID":25}],[],[{"utility":25.666666666666668,"ID":7},{"utility":11,"ID":9},{"utility":5,"ID":13},{"utility":30,"ID":23}],[{"utility":6,"ID":20},{"utility":0,"ID":21}],[],[{"utility":0,"ID":1},{"utility":59,"ID":15}],[{"utility":56.5,"ID":12},{"utility":84.5,"ID":14},{"utility":0,"ID":30}],[{"utility":0,"ID":5},{"utility":54,"ID":29}],[{"utility":0,"ID":3}],[{"utility":82,"ID":18},{"utility":98,"ID":26}],[{"utility":4,"ID":10},{"utility":0,"ID":11},{"utility":43.5,"ID":28}],[{"utility":0,"ID":4},{"utility":46,"ID":17}],[{"utility":0,"ID":16},{"utility":0,"ID":27}],[],[],[],[],[],[],[],[],[],[],[],[],[],[],[]],"CORE :":true,"Relazioni :":470,"Time : ":0.2,"LAST PARTITION":{"22":7,"23":5,"24":8,"25":6,"26":12,"27":14,"28":9,"29":6,"30":4,"10":14,"11":10,"12":9,"13":16,"14":19,"15":8,"16":2,"17":2,"18":12,"19":1,"1":5,"2":17,"3":16,"4":19,"5":1,"6":15,"7":10,"8":11,"9":4,"20":15,"21":17}},{"Modalità dinamica :":false,"Q : ":4,"STARTING PARTITION: ":{"22":1,"23":5,"24":2,"25":3,"26":12,"27":15,"28":13,"29":10,"30":9,"10":13,"11":13,"12":9,"13":5,"14":9,"15":8,"16":15,"17":14,"18":12,"19":1,"1":8,"2":1,"3":11,"4":14,"5":10,"6":2,"7":5,"8":1,"9":5,"20":6,"21":6},"LAST COALITION":[[],[{"utility":69,"ID":19},{"utility":49,"ID":5}],[{"utility":71,"ID":16},{"utility":80,"ID":17}],[],[{"utility":76,"ID":9},{"utility":65,"ID":30}],[{"utility":44,"ID":1},{"utility":86,"ID":23}],[{"utility":65,"ID":25},{"utility":91,"ID":29}],[{"utility":0,"ID":22}],[{"utility":87,"ID":24},{"utility":86,"ID":15}],[{"utility":42,"ID":12},{"utility":88,"ID":28}],[{"utility":99,"ID":7},{"utility":90,"ID":11}],[{"utility":0,"ID":8}],[{"utility":82,"ID":18},{"utility":98,"ID":26}],[],[{"utility":76,"ID":10},{"utility":74,"ID":27}],[{"utility":70,"ID":20},{"utility":56,"ID":6}],[{"utility":53,"ID":3},{"utility":62,"ID":13}],[{"utility":56,"ID":2},{"utility":98,"ID":21}],[],[{"utility":81,"ID":4},{"utility":99,"ID":14}],[],[],[],[],[],[],[],[],[],[],[]],"STARTING COALITION: ":[[null],[{"utility":36.333333333333336,"ID":2},{"utility":0,"ID":8},{"utility":74.66666666666667,"ID":19},{"utility":58.666666666666664,"ID":22}],[{"utility":53,"ID":6},{"utility":0,"ID":24}],[{"utility":0,"ID":25}],[],[{"utility":25.666666666666668,"ID":7},{"utility":11,"ID":9},{"utility":5,"ID":13},{"utility":30,"ID":23}],[{"utility":6,"ID":20},{"utility":0,"ID":21}],[],[{"utility":0,"ID":1},{"utility":59,"ID":15}],[{"utility":56.5,"ID":12},{"utility":84.5,"ID":14},{"utility":0,"ID":30}],[{"utility":0,"ID":5},{"utility":54,"ID":29}],[{"utility":0,"ID":3}],[{"utility":82,"ID":18},{"utility":98,"ID":26}],[{"utility":4,"ID":10},{"utility":0,"ID":11},{"utility":43.5,"ID":28}],[{"utility":0,"ID":4},{"utility":46,"ID":17}],[{"utility":0,"ID":16},{"utility":0,"ID":27}],[],[],[],[],[],[],[],[],[],[],[],[],[],[],[]],"CORE :":true,"Relazioni :":470,"Time : ":0.1,"LAST PARTITION":{"22":7,"23":5,"24":8,"25":6,"26":12,"27":14,"28":9,"29":6,"30":4,"10":14,"11":10,"12":9,"13":16,"14":19,"15":8,"16":2,"17":2,"18":12,"19":1,"1":5,"2":17,"3":16,"4":19,"5":1,"6":15,"7":10,"8":11,"9":4,"20":15,"21":17}},{"Modalità dinamica :":false,"Q : ":4,"STARTING PARTITION: ":{"22":1,"23":5,"24":2,"25":3,"26":12,"27":15,"28":13,"29":10,"30":9,"10":13,"11":13,"12":9,"13":5,"14":9,"15":8,"16":15,"17":14,"18":12,"19":1,"1":8,"2":1,"3":11,"4":14,"5":10,"6":2,"7":5,"8":1,"9":5,"20":6,"21":6},"LAST COALITION":[[],[{"utility":69,"ID":19},{"utility":49,"ID":5}],[{"utility":71,"ID":16},{"utility":80,"ID":17}],[],[{"utility":76,"ID":9},{"utility":65,"ID":30}],[{"utility":44,"ID":1},{"utility":86,"ID":23}],[{"utility":65,"ID":25},{"utility":91,"ID":29}],[{"utility":0,"ID":22}],[{"utility":87,"ID":24},{"utility":86,"ID":15}],[{"utility":42,"ID":12},{"utility":88,"ID":28}],[{"utility":99,"ID":7},{"utility":90,"ID":11}],[{"utility":0,"ID":8}],[{"utility":82,"ID":18},{"utility":98,"ID":26}],[],[{"utility":76,"ID":10},{"utility":74,"ID":27}],[{"utility":70,"ID":20},{"utility":56,"ID":6}],[{"utility":53,"ID":3},{"utility":62,"ID":13}],[{"utility":56,"ID":2},{"utility":98,"ID":21}],[],[{"utility":81,"ID":4},{"utility":99,"ID":14}],[],[],[],[],[],[],[],[],[],[],[]],"STARTING COALITION: ":[[null],[{"utility":36.333333333333336,"ID":2},{"utility":0,"ID":8},{"utility":74.66666666666667,"ID":19},{"utility":58.666666666666664,"ID":22}],[{"utility":53,"ID":6},{"utility":0,"ID":24}],[{"utility":0,"ID":25}],[],[{"utility":25.666666666666668,"ID":7},{"utility":11,"ID":9},{"utility":5,"ID":13},{"utility":30,"ID":23}],[{"utility":6,"ID":20},{"utility":0,"ID":21}],[],[{"utility":0,"ID":1},{"utility":59,"ID":15}],[{"utility":56.5,"ID":12},{"utility":84.5,"ID":14},{"utility":0,"ID":30}],[{"utility":0,"ID":5},{"utility":54,"ID":29}],[{"utility":0,"ID":3}],[{"utility":82,"ID":18},{"utility":98,"ID":26}],[{"utility":4,"ID":10},{"utility":0,"ID":11},{"utility":43.5,"ID":28}],[{"utility":0,"ID":4},{"utility":46,"ID":17}],[{"utility":0,"ID":16},{"utility":0,"ID":27}],[],[],[],[],[],[],[],[],[],[],[],[],[],[],[]],"CORE :":true,"Relazioni :":470,"Time : ":0.2,"LAST PARTITION":{"22":7,"23":5,"24":8,"25":6,"26":12,"27":14,"28":9,"29":6,"30":4,"10":14,"11":10,"12":9,"13":16,"14":19,"15":8,"16":2,"17":2,"18":12,"19":1,"1":5,"2":17,"3":16,"4":19,"5":1,"6":15,"7":10,"8":11,"9":4,"20":15,"21":17}},{"Modalità dinamica :":false,"Q : ":5,"STARTING PARTITION: ":{"22":1,"23":5,"24":2,"25":3,"26":12,"27":15,"28":13,"29":10,"30":9,"10":13,"11":13,"12":9,"13":5,"14":9,"15":8,"16":15,"17":14,"18":12,"19":1,"1":8,"2":1,"3":11,"4":14,"5":10,"6":2,"7":5,"8":1,"9":5,"20":6,"21":6},"LAST COALITION":[[],[{"utility":69,"ID":19},{"utility":49,"ID":5}],[{"utility":71,"ID":16},{"utility":80,"ID":17}],[],[{"utility":76,"ID":9},{"utility":65,"ID":30}],[{"utility":44,"ID":1},{"utility":86,"ID":23}],[{"utility":65,"ID":25},{"utility":91,"ID":29}],[{"utility":0,"ID":22}],[{"utility":87,"ID":24},{"utility":86,"ID":15}],[{"utility":42,"ID":12},{"utility":88,"ID":28}],[{"utility":99,"ID":7},{"utility":90,"ID":11}],[{"utility":0,"ID":8}],[{"utility":82,"ID":18},{"utility":98,"ID":26}],[],[{"utility":76,"ID":10},{"utility":74,"ID":27}],[{"utility":70,"ID":20},{"utility":56,"ID":6}],[{"utility":53,"ID":3},{"utility":62,"ID":13}],[{"utility":56,"ID":2},{"utility":98,"ID":21}],[],[{"utility":81,"ID":4},{"utility":99,"ID":14}],[],[],[],[],[],[],[],[],[],[],[]],"STARTING COALITION: ":[[null],[{"utility":36.333333333333336,"ID":2},{"utility":0,"ID":8},{"utility":74.66666666666667,"ID":19},{"utility":58.666666666666664,"ID":22}],[{"utility":53,"ID":6},{"utility":0,"ID":24}],[{"utility":0,"ID":25}],[],[{"utility":25.666666666666668,"ID":7},{"utility":11,"ID":9},{"utility":5,"ID":13},{"utility":30,"ID":23}],[{"utility":6,"ID":20},{"utility":0,"ID":21}],[],[{"utility":0,"ID":1},{"utility":59,"ID":15}],[{"utility":56.5,"ID":12},{"utility":84.5,"ID":14},{"utility":0,"ID":30}],[{"utility":0,"ID":5},{"utility":54,"ID":29}],[{"utility":0,"ID":3}],[{"utility":82,"ID":18},{"utility":98,"ID":26}],[{"utility":4,"ID":10},{"utility":0,"ID":11},{"utility":43.5,"ID":28}],[{"utility":0,"ID":4},{"utility":46,"ID":17}],[{"utility":0,"ID":16},{"utility":0,"ID":27}],[],[],[],[],[],[],[],[],[],[],[],[],[],[],[]],"CORE :":true,"Relazioni :":470,"Time : ":0.1,"LAST PARTITION":{"22":7,"23":5,"24":8,"25":6,"26":12,"27":14,"28":9,"29":6,"30":4,"10":14,"11":10,"12":9,"13":16,"14":19,"15":8,"16":2,"17":2,"18":12,"19":1,"1":5,"2":17,"3":16,"4":19,"5":1,"6":15,"7":10,"8":11,"9":4,"20":15,"21":17}},{"Modalità dinamica :":false,"Q : ":5,"STARTING PARTITION: ":{"22":1,"23":5,"24":2,"25":3,"26":12,"27":15,"28":13,"29":10,"30":9,"10":13,"11":13,"12":9,"13":5,"14":9,"15":8,"16":15,"17":14,"18":12,"19":1,"1":8,"2":1,"3":11,"4":14,"5":10,"6":2,"7":5,"8":1,"9":5,"20":6,"21":6},"LAST COALITION":[[],[{"utility":69,"ID":19},{"utility":49,"ID":5}],[{"utility":71,"ID":16},{"utility":80,"ID":17}],[],[{"utility":76,"ID":9},{"utility":65,"ID":30}],[{"utility":44,"ID":1},{"utility":86,"ID":23}],[{"utility":65,"ID":25},{"utility":91,"ID":29}],[{"utility":0,"ID":22}],[{"utility":87,"ID":24},{"utility":86,"ID":15}],[{"utility":42,"ID":12},{"utility":88,"ID":28}],[{"utility":99,"ID":7},{"utility":90,"ID":11}],[{"utility":0,"ID":8}],[{"utility":82,"ID":18},{"utility":98,"ID":26}],[],[{"utility":76,"ID":10},{"utility":74,"ID":27}],[{"utility":70,"ID":20},{"utility":56,"ID":6}],[{"utility":53,"ID":3},{"utility":62,"ID":13}],[{"utility":56,"ID":2},{"utility":98,"ID":21}],[],[{"utility":81,"ID":4},{"utility":99,"ID":14}],[],[],[],[],[],[],[],[],[],[],[]],"STARTING COALITION: ":[[null],[{"utility":36.333333333333336,"ID":2},{"utility":0,"ID":8},{"utility":74.66666666666667,"ID":19},{"utility":58.666666666666664,"ID":22}],[{"utility":53,"ID":6},{"utility":0,"ID":24}],[{"utility":0,"ID":25}],[],[{"utility":25.666666666666668,"ID":7},{"utility":11,"ID":9},{"utility":5,"ID":13},{"utility":30,"ID":23}],[{"utility":6,"ID":20},{"utility":0,"ID":21}],[],[{"utility":0,"ID":1},{"utility":59,"ID":15}],[{"utility":56.5,"ID":12},{"utility":84.5,"ID":14},{"utility":0,"ID":30}],[{"utility":0,"ID":5},{"utility":54,"ID":29}],[{"utility":0,"ID":3}],[{"utility":82,"ID":18},{"utility":98,"ID":26}],[{"utility":4,"ID":10},{"utility":0,"ID":11},{"utility":43.5,"ID":28}],[{"utility":0,"ID":4},{"utility":46,"ID":17}],[{"utility":0,"ID":16},{"utility":0,"ID":27}],[],[],[],[],[],[],[],[],[],[],[],[],[],[],[]],"CORE :":true,"Relazioni :":470,"Time : ":0.2,"LAST PARTITION":{"22":7,"23":5,"24":8,"25":6,"26":12,"27":14,"28":9,"29":6,"30":4,"10":14,"11":10,"12":9,"13":16,"14":19,"15":8,"16":2,"17":2,"18":12,"19":1,"1":5,"2":17,"3":16,"4":19,"5":1,"6":15,"7":10,"8":11,"9":4,"20":15,"21":17}},{"Modalità dinamica :":false,"Q : ":6,"STARTING PARTITION: ":{"22":1,"23":5,"24":2,"25":3,"26":12,"27":15,"28":13,"29":10,"30":9,"10":13,"11":13,"12":9,"13":5,"14":9,"15":8,"16":15,"17":14,"18":12,"19":1,"1":8,"2":1,"3":11,"4":14,"5":10,"6":2,"7":5,"8":1,"9":5,"20":6,"21":6},"LAST COALITION":[[],[{"utility":69,"ID":19},{"utility":49,"ID":5}],[{"utility":71,"ID":16},{"utility":80,"ID":17}],[],[{"utility":76,"ID":9},{"utility":65,"ID":30}],[{"utility":44,"ID":1},{"utility":86,"ID":23}],[{"utility":65,"ID":25},{"utility":91,"ID":29}],[{"utility":0,"ID":22}],[{"utility":87,"ID":24},{"utility":86,"ID":15}],[{"utility":42,"ID":12},{"utility":88,"ID":28}],[{"utility":99,"ID":7},{"utility":90,"ID":11}],[{"utility":0,"ID":8}],[{"utility":82,"ID":18},{"utility":98,"ID":26}],[],[{"utility":76,"ID":10},{"utility":74,"ID":27}],[{"utility":70,"ID":20},{"utility":56,"ID":6}],[{"utility":53,"ID":3},{"utility":62,"ID":13}],[{"utility":56,"ID":2},{"utility":98,"ID":21}],[],[{"utility":81,"ID":4},{"utility":99,"ID":14}],[],[],[],[],[],[],[],[],[],[],[]],"STARTING COALITION: ":[[null],[{"utility":36.333333333333336,"ID":2},{"utility":0,"ID":8},{"utility":74.66666666666667,"ID":19},{"utility":58.666666666666664,"ID":22}],[{"utility":53,"ID":6},{"utility":0,"ID":24}],[{"utility":0,"ID":25}],[],[{"utility":25.666666666666668,"ID":7},{"utility":11,"ID":9},{"utility":5,"ID":13},{"utility":30,"ID":23}],[{"utility":6,"ID":20},{"utility":0,"ID":21}],[],[{"utility":0,"ID":1},{"utility":59,"ID":15}],[{"utility":56.5,"ID":12},{"utility":84.5,"ID":14},{"utility":0,"ID":30}],[{"utility":0,"ID":5},{"utility":54,"ID":29}],[{"utility":0,"ID":3}],[{"utility":82,"ID":18},{"utility":98,"ID":26}],[{"utility":4,"ID":10},{"utility":0,"ID":11},{"utility":43.5,"ID":28}],[{"utility":0,"ID":4},{"utility":46,"ID":17}],[{"utility":0,"ID":16},{"utility":0,"ID":27}],[],[],[],[],[],[],[],[],[],[],[],[],[],[],[]],"CORE :":true,"Relazioni :":470,"Time : ":0.1,"LAST PARTITION":{"22":7,"23":5,"24":8,"25":6,"26":12,"27":14,"28":9,"29":6,"30":4,"10":14,"11":10,"12":9,"13":16,"14":19,"15":8,"16":2,"17":2,"18":12,"19":1,"1":5,"2":17,"3":16,"4":19,"5":1,"6":15,"7":10,"8":11,"9":4,"20":15,"21":17}},{"Modalità dinamica :":false,"Q : ":6,"STARTING PARTITION: ":{"22":1,"23":5,"24":2,"25":3,"26":12,"27":15,"28":13,"29":10,"30":9,"10":13,"11":13,"12":9,"13":5,"14":9,"15":8,"16":15,"17":14,"18":12,"19":1,"1":8,"2":1,"3":11,"4":14,"5":10,"6":2,"7":5,"8":1,"9":5,"20":6,"21":6},"LAST COALITION":[[],[{"utility":69,"ID":19},{"utility":49,"ID":5}],[{"utility":71,"ID":16},{"utility":80,"ID":17}],[],[{"utility":76,"ID":9},{"utility":65,"ID":30}],[{"utility":44,"ID":1},{"utility":86,"ID":23}],[{"utility":65,"ID":25},{"utility":91,"ID":29}],[{"utility":0,"ID":22}],[{"utility":87,"ID":24},{"utility":86,"ID":15}],[{"utility":42,"ID":12},{"utility":88,"ID":28}],[{"utility":99,"ID":7},{"utility":90,"ID":11}],[{"utility":0,"ID":8}],[{"utility":82,"ID":18},{"utility":98,"ID":26}],[],[{"utility":76,"ID":10},{"utility":74,"ID":27}],[{"utility":70,"ID":20},{"utility":56,"ID":6}],[{"utility":53,"ID":3},{"utility":62,"ID":13}],[{"utility":56,"ID":2},{"utility":98,"ID":21}],[],[{"utility":81,"ID":4},{"utility":99,"ID":14}],[],[],[],[],[],[],[],[],[],[],[]],"STARTING COALITION: ":[[null],[{"utility":36.333333333333336,"ID":2},{"utility":0,"ID":8},{"utility":74.66666666666667,"ID":19},{"utility":58.666666666666664,"ID":22}],[{"utility":53,"ID":6},{"utility":0,"ID":24}],[{"utility":0,"ID":25}],[],[{"utility":25.666666666666668,"ID":7},{"utility":11,"ID":9},{"utility":5,"ID":13},{"utility":30,"ID":23}],[{"utility":6,"ID":20},{"utility":0,"ID":21}],[],[{"utility":0,"ID":1},{"utility":59,"ID":15}],[{"utility":56.5,"ID":12},{"utility":84.5,"ID":14},{"utility":0,"ID":30}],[{"utility":0,"ID":5},{"utility":54,"ID":29}],[{"utility":0,"ID":3}],[{"utility":82,"ID":18},{"utility":98,"ID":26}],[{"utility":4,"ID":10},{"utility":0,"ID":11},{"utility":43.5,"ID":28}],[{"utility":0,"ID":4},{"utility":46,"ID":17}],[{"utility":0,"ID":16},{"utility":0,"ID":27}],[],[],[],[],[],[],[],[],[],[],[],[],[],[],[]],"CORE :":true,"Relazioni :":470,"Time : ":0.2,"LAST PARTITION":{"22":7,"23":5,"24":8,"25":6,"26":12,"27":14,"28":9,"29":6,"30":4,"10":14,"11":10,"12":9,"13":16,"14":19,"15":8,"16":2,"17":2,"18":12,"19":1,"1":5,"2":17,"3":16,"4":19,"5":1,"6":15,"7":10,"8":11,"9":4,"20":15,"21":17}},{"Modalità dinamica :":false,"Q : ":7,"STARTING PARTITION: ":{"22":1,"23":5,"24":2,"25":3,"26":12,"27":15,"28":13,"29":10,"30":9,"10":13,"11":13,"12":9,"13":5,"14":9,"15":8,"16":15,"17":14,"18":12,"19":1,"1":8,"2":1,"3":11,"4":14,"5":10,"6":2,"7":5,"8":1,"9":5,"20":6,"21":6},"LAST COALITION":[[],[{"utility":69,"ID":19},{"utility":49,"ID":5}],[{"utility":71,"ID":16},{"utility":80,"ID":17}],[],[{"utility":76,"ID":9},{"utility":65,"ID":30}],[{"utility":44,"ID":1},{"utility":86,"ID":23}],[{"utility":65,"ID":25},{"utility":91,"ID":29}],[{"utility":0,"ID":22}],[{"utility":87,"ID":24},{"utility":86,"ID":15}],[{"utility":42,"ID":12},{"utility":88,"ID":28}],[{"utility":99,"ID":7},{"utility":90,"ID":11}],[{"utility":0,"ID":8}],[{"utility":82,"ID":18},{"utility":98,"ID":26}],[],[{"utility":76,"ID":10},{"utility":74,"ID":27}],[{"utility":70,"ID":20},{"utility":56,"ID":6}],[{"utility":53,"ID":3},{"utility":62,"ID":13}],[{"utility":56,"ID":2},{"utility":98,"ID":21}],[],[{"utility":81,"ID":4},{"utility":99,"ID":14}],[],[],[],[],[],[],[],[],[],[],[]],"STARTING COALITION: ":[[null],[{"utility":36.333333333333336,"ID":2},{"utility":0,"ID":8},{"utility":74.66666666666667,"ID":19},{"utility":58.666666666666664,"ID":22}],[{"utility":53,"ID":6},{"utility":0,"ID":24}],[{"utility":0,"ID":25}],[],[{"utility":25.666666666666668,"ID":7},{"utility":11,"ID":9},{"utility":5,"ID":13},{"utility":30,"ID":23}],[{"utility":6,"ID":20},{"utility":0,"ID":21}],[],[{"utility":0,"ID":1},{"utility":59,"ID":15}],[{"utility":56.5,"ID":12},{"utility":84.5,"ID":14},{"utility":0,"ID":30}],[{"utility":0,"ID":5},{"utility":54,"ID":29}],[{"utility":0,"ID":3}],[{"utility":82,"ID":18},{"utility":98,"ID":26}],[{"utility":4,"ID":10},{"utility":0,"ID":11},{"utility":43.5,"ID":28}],[{"utility":0,"ID":4},{"utility":46,"ID":17}],[{"utility":0,"ID":16},{"utility":0,"ID":27}],[],[],[],[],[],[],[],[],[],[],[],[],[],[],[]],"CORE :":true,"Relazioni :":470,"Time : ":0.1,"LAST PARTITION":{"22":7,"23":5,"24":8,"25":6,"26":12,"27":14,"28":9,"29":6,"30":4,"10":14,"11":10,"12":9,"13":16,"14":19,"15":8,"16":2,"17":2,"18":12,"19":1,"1":5,"2":17,"3":16,"4":19,"5":1,"6":15,"7":10,"8":11,"9":4,"20":15,"21":17}},{"Modalità dinamica :":false,"Q : ":7,"STARTING PARTITION: ":{"22":1,"23":5,"24":2,"25":3,"26":12,"27":15,"28":13,"29":10,"30":9,"10":13,"11":13,"12":9,"13":5,"14":9,"15":8,"16":15,"17":14,"18":12,"19":1,"1":8,"2":1,"3":11,"4":14,"5":10,"6":2,"7":5,"8":1,"9":5,"20":6,"21":6},"LAST COALITION":[[],[{"utility":69,"ID":19},{"utility":49,"ID":5}],[{"utility":71,"ID":16},{"utility":80,"ID":17}],[],[{"utility":76,"ID":9},{"utility":65,"ID":30}],[{"utility":44,"ID":1},{"utility":86,"ID":23}],[{"utility":65,"ID":25},{"utility":91,"ID":29}],[{"utility":0,"ID":22}],[{"utility":87,"ID":24},{"utility":86,"ID":15}],[{"utility":42,"ID":12},{"utility":88,"ID":28}],[{"utility":99,"ID":7},{"utility":90,"ID":11}],[{"utility":0,"ID":8}],[{"utility":82,"ID":18},{"utility":98,"ID":26}],[],[{"utility":76,"ID":10},{"utility":74,"ID":27}],[{"utility":70,"ID":20},{"utility":56,"ID":6}],[{"utility":53,"ID":3},{"utility":62,"ID":13}],[{"utility":56,"ID":2},{"utility":98,"ID":21}],[],[{"utility":81,"ID":4},{"utility":99,"ID":14}],[],[],[],[],[],[],[],[],[],[],[]],"STARTING COALITION: ":[[null],[{"utility":36.333333333333336,"ID":2},{"utility":0,"ID":8},{"utility":74.66666666666667,"ID":19},{"utility":58.666666666666664,"ID":22}],[{"utility":53,"ID":6},{"utility":0,"ID":24}],[{"utility":0,"ID":25}],[],[{"utility":25.666666666666668,"ID":7},{"utility":11,"ID":9},{"utility":5,"ID":13},{"utility":30,"ID":23}],[{"utility":6,"ID":20},{"utility":0,"ID":21}],[],[{"utility":0,"ID":1},{"utility":59,"ID":15}],[{"utility":56.5,"ID":12},{"utility":84.5,"ID":14},{"utility":0,"ID":30}],[{"utility":0,"ID":5},{"utility":54,"ID":29}],[{"utility":0,"ID":3}],[{"utility":82,"ID":18},{"utility":98,"ID":26}],[{"utility":4,"ID":10},{"utility":0,"ID":11},{"utility":43.5,"ID":28}],[{"utility":0,"ID":4},{"utility":46,"ID":17}],[{"utility":0,"ID":16},{"utility":0,"ID":27}],[],[],[],[],[],[],[],[],[],[],[],[],[],[],[]],"CORE :":true,"Relazioni :":470,"Time : ":0.2,"LAST PARTITION":{"22":7,"23":5,"24":8,"25":6,"26":12,"27":14,"28":9,"29":6,"30":4,"10":14,"11":10,"12":9,"13":16,"14":19,"15":8,"16":2,"17":2,"18":12,"19":1,"1":5,"2":17,"3":16,"4":19,"5":1,"6":15,"7":10,"8":11,"9":4,"20":15,"21":17}},{"Modalità dinamica :":false,"Q : ":8,"STARTING PARTITION: ":{"22":1,"23":5,"24":2,"25":3,"26":12,"27":15,"28":13,"29":10,"30":9,"10":13,"11":13,"12":9,"13":5,"14":9,"15":8,"16":15,"17":14,"18":12,"19":1,"1":8,"2":1,"3":11,"4":14,"5":10,"6":2,"7":5,"8":1,"9":5,"20":6,"21":6},"LAST COALITION":[[],[{"utility":69,"ID":19},{"utility":49,"ID":5}],[{"utility":71,"ID":16},{"utility":80,"ID":17}],[],[{"utility":76,"ID":9},{"utility":65,"ID":30}],[{"utility":44,"ID":1},{"utility":86,"ID":23}],[{"utility":65,"ID":25},{"utility":91,"ID":29}],[{"utility":0,"ID":22}],[{"utility":87,"ID":24},{"utility":86,"ID":15}],[{"utility":42,"ID":12},{"utility":88,"ID":28}],[{"utility":99,"ID":7},{"utility":90,"ID":11}],[{"utility":0,"ID":8}],[{"utility":82,"ID":18},{"utility":98,"ID":26}],[],[{"utility":76,"ID":10},{"utility":74,"ID":27}],[{"utility":70,"ID":20},{"utility":56,"ID":6}],[{"utility":53,"ID":3},{"utility":62,"ID":13}],[{"utility":56,"ID":2},{"utility":98,"ID":21}],[],[{"utility":81,"ID":4},{"utility":99,"ID":14}],[],[],[],[],[],[],[],[],[],[],[]],"STARTING COALITION: ":[[null],[{"utility":36.333333333333336,"ID":2},{"utility":0,"ID":8},{"utility":74.66666666666667,"ID":19},{"utility":58.666666666666664,"ID":22}],[{"utility":53,"ID":6},{"utility":0,"ID":24}],[{"utility":0,"ID":25}],[],[{"utility":25.666666666666668,"ID":7},{"utility":11,"ID":9},{"utility":5,"ID":13},{"utility":30,"ID":23}],[{"utility":6,"ID":20},{"utility":0,"ID":21}],[],[{"utility":0,"ID":1},{"utility":59,"ID":15}],[{"utility":56.5,"ID":12},{"utility":84.5,"ID":14},{"utility":0,"ID":30}],[{"utility":0,"ID":5},{"utility":54,"ID":29}],[{"utility":0,"ID":3}],[{"utility":82,"ID":18},{"utility":98,"ID":26}],[{"utility":4,"ID":10},{"utility":0,"ID":11},{"utility":43.5,"ID":28}],[{"utility":0,"ID":4},{"utility":46,"ID":17}],[{"utility":0,"ID":16},{"utility":0,"ID":27}],[],[],[],[],[],[],[],[],[],[],[],[],[],[],[]],"CORE :":true,"Relazioni :":470,"Time : ":0.1,"LAST PARTITION":{"22":7,"23":5,"24":8,"25":6,"26":12,"27":14,"28":9,"29":6,"30":4,"10":14,"11":10,"12":9,"13":16,"14":19,"15":8,"16":2,"17":2,"18":12,"19":1,"1":5,"2":17,"3":16,"4":19,"5":1,"6":15,"7":10,"8":11,"9":4,"20":15,"21":17}},{"Modalità dinamica :":false,"Q : ":8,"STARTING PARTITION: ":{"22":1,"23":5,"24":2,"25":3,"26":12,"27":15,"28":13,"29":10,"30":9,"10":13,"11":13,"12":9,"13":5,"14":9,"15":8,"16":15,"17":14,"18":12,"19":1,"1":8,"2":1,"3":11,"4":14,"5":10,"6":2,"7":5,"8":1,"9":5,"20":6,"21":6},"LAST COALITION":[[],[{"utility":69,"ID":19},{"utility":49,"ID":5}],[{"utility":71,"ID":16},{"utility":80,"ID":17}],[],[{"utility":76,"ID":9},{"utility":65,"ID":30}],[{"utility":44,"ID":1},{"utility":86,"ID":23}],[{"utility":65,"ID":25},{"utility":91,"ID":29}],[{"utility":0,"ID":22}],[{"utility":87,"ID":24},{"utility":86,"ID":15}],[{"utility":42,"ID":12},{"utility":88,"ID":28}],[{"utility":99,"ID":7},{"utility":90,"ID":11}],[{"utility":0,"ID":8}],[{"utility":82,"ID":18},{"utility":98,"ID":26}],[],[{"utility":76,"ID":10},{"utility":74,"ID":27}],[{"utility":70,"ID":20},{"utility":56,"ID":6}],[{"utility":53,"ID":3},{"utility":62,"ID":13}],[{"utility":56,"ID":2},{"utility":98,"ID":21}],[],[{"utility":81,"ID":4},{"utility":99,"ID":14}],[],[],[],[],[],[],[],[],[],[],[]],"STARTING COALITION: ":[[null],[{"utility":36.333333333333336,"ID":2},{"utility":0,"ID":8},{"utility":74.66666666666667,"ID":19},{"utility":58.666666666666664,"ID":22}],[{"utility":53,"ID":6},{"utility":0,"ID":24}],[{"utility":0,"ID":25}],[],[{"utility":25.666666666666668,"ID":7},{"utility":11,"ID":9},{"utility":5,"ID":13},{"utility":30,"ID":23}],[{"utility":6,"ID":20},{"utility":0,"ID":21}],[],[{"utility":0,"ID":1},{"utility":59,"ID":15}],[{"utility":56.5,"ID":12},{"utility":84.5,"ID":14},{"utility":0,"ID":30}],[{"utility":0,"ID":5},{"utility":54,"ID":29}],[{"utility":0,"ID":3}],[{"utility":82,"ID":18},{"utility":98,"ID":26}],[{"utility":4,"ID":10},{"utility":0,"ID":11},{"utility":43.5,"ID":28}],[{"utility":0,"ID":4},{"utility":46,"ID":17}],[{"utility":0,"ID":16},{"utility":0,"ID":27}],[],[],[],[],[],[],[],[],[],[],[],[],[],[],[]],"CORE :":true,"Relazioni :":470,"Time : ":0.2,"LAST PARTITION":{"22":7,"23":5,"24":8,"25":6,"26":12,"27":14,"28":9,"29":6,"30":4,"10":14,"11":10,"12":9,"13":16,"14":19,"15":8,"16":2,"17":2,"18":12,"19":1,"1":5,"2":17,"3":16,"4":19,"5":1,"6":15,"7":10,"8":11,"9":4,"20":15,"21":17}},{"Modalità dinamica :":false,"Q : ":9,"STARTING PARTITION: ":{"22":1,"23":5,"24":2,"25":3,"26":12,"27":15,"28":13,"29":10,"30":9,"10":13,"11":13,"12":9,"13":5,"14":9,"15":8,"16":15,"17":14,"18":12,"19":1,"1":8,"2":1,"3":11,"4":14,"5":10,"6":2,"7":5,"8":1,"9":5,"20":6,"21":6},"LAST COALITION":[[],[{"utility":69,"ID":19},{"utility":49,"ID":5}],[{"utility":71,"ID":16},{"utility":80,"ID":17}],[],[{"utility":76,"ID":9},{"utility":65,"ID":30}],[{"utility":44,"ID":1},{"utility":86,"ID":23}],[{"utility":65,"ID":25},{"utility":91,"ID":29}],[{"utility":0,"ID":22}],[{"utility":87,"ID":24},{"utility":86,"ID":15}],[{"utility":42,"ID":12},{"utility":88,"ID":28}],[{"utility":99,"ID":7},{"utility":90,"ID":11}],[{"utility":0,"ID":8}],[{"utility":82,"ID":18},{"utility":98,"ID":26}],[],[{"utility":76,"ID":10},{"utility":74,"ID":27}],[{"utility":70,"ID":20},{"utility":56,"ID":6}],[{"utility":53,"ID":3},{"utility":62,"ID":13}],[{"utility":56,"ID":2},{"utility":98,"ID":21}],[],[{"utility":81,"ID":4},{"utility":99,"ID":14}],[],[],[],[],[],[],[],[],[],[],[]],"STARTING COALITION: ":[[null],[{"utility":36.333333333333336,"ID":2},{"utility":0,"ID":8},{"utility":74.66666666666667,"ID":19},{"utility":58.666666666666664,"ID":22}],[{"utility":53,"ID":6},{"utility":0,"ID":24}],[{"utility":0,"ID":25}],[],[{"utility":25.666666666666668,"ID":7},{"utility":11,"ID":9},{"utility":5,"ID":13},{"utility":30,"ID":23}],[{"utility":6,"ID":20},{"utility":0,"ID":21}],[],[{"utility":0,"ID":1},{"utility":59,"ID":15}],[{"utility":56.5,"ID":12},{"utility":84.5,"ID":14},{"utility":0,"ID":30}],[{"utility":0,"ID":5},{"utility":54,"ID":29}],[{"utility":0,"ID":3}],[{"utility":82,"ID":18},{"utility":98,"ID":26}],[{"utility":4,"ID":10},{"utility":0,"ID":11},{"utility":43.5,"ID":28}],[{"utility":0,"ID":4},{"utility":46,"ID":17}],[{"utility":0,"ID":16},{"utility":0,"ID":27}],[],[],[],[],[],[],[],[],[],[],[],[],[],[],[]],"CORE :":true,"Relazioni :":470,"Time : ":0.1,"LAST PARTITION":{"22":7,"23":5,"24":8,"25":6,"26":12,"27":14,"28":9,"29":6,"30":4,"10":14,"11":10,"12":9,"13":16,"14":19,"15":8,"16":2,"17":2,"18":12,"19":1,"1":5,"2":17,"3":16,"4":19,"5":1,"6":15,"7":10,"8":11,"9":4,"20":15,"21":17}},{"Modalità dinamica :":false,"Q : ":9,"STARTING PARTITION: ":{"22":1,"23":5,"24":2,"25":3,"26":12,"27":15,"28":13,"29":10,"30":9,"10":13,"11":13,"12":9,"13":5,"14":9,"15":8,"16":15,"17":14,"18":12,"19":1,"1":8,"2":1,"3":11,"4":14,"5":10,"6":2,"7":5,"8":1,"9":5,"20":6,"21":6},"LAST COALITION":[[],[{"utility":69,"ID":19},{"utility":49,"ID":5}],[{"utility":71,"ID":16},{"utility":80,"ID":17}],[],[{"utility":76,"ID":9},{"utility":65,"ID":30}],[{"utility":44,"ID":1},{"utility":86,"ID":23}],[{"utility":65,"ID":25},{"utility":91,"ID":29}],[{"utility":0,"ID":22}],[{"utility":87,"ID":24},{"utility":86,"ID":15}],[{"utility":42,"ID":12},{"utility":88,"ID":28}],[{"utility":99,"ID":7},{"utility":90,"ID":11}],[{"utility":0,"ID":8}],[{"utility":82,"ID":18},{"utility":98,"ID":26}],[],[{"utility":76,"ID":10},{"utility":74,"ID":27}],[{"utility":70,"ID":20},{"utility":56,"ID":6}],[{"utility":53,"ID":3},{"utility":62,"ID":13}],[{"utility":56,"ID":2},{"utility":98,"ID":21}],[],[{"utility":81,"ID":4},{"utility":99,"ID":14}],[],[],[],[],[],[],[],[],[],[],[]],"STARTING COALITION: ":[[null],[{"utility":36.333333333333336,"ID":2},{"utility":0,"ID":8},{"utility":74.66666666666667,"ID":19},{"utility":58.666666666666664,"ID":22}],[{"utility":53,"ID":6},{"utility":0,"ID":24}],[{"utility":0,"ID":25}],[],[{"utility":25.666666666666668,"ID":7},{"utility":11,"ID":9},{"utility":5,"ID":13},{"utility":30,"ID":23}],[{"utility":6,"ID":20},{"utility":0,"ID":21}],[],[{"utility":0,"ID":1},{"utility":59,"ID":15}],[{"utility":56.5,"ID":12},{"utility":84.5,"ID":14},{"utility":0,"ID":30}],[{"utility":0,"ID":5},{"utility":54,"ID":29}],[{"utility":0,"ID":3}],[{"utility":82,"ID":18},{"utility":98,"ID":26}],[{"utility":4,"ID":10},{"utility":0,"ID":11},{"utility":43.5,"ID":28}],[{"utility":0,"ID":4},{"utility":46,"ID":17}],[{"utility":0,"ID":16},{"utility":0,"ID":27}],[],[],[],[],[],[],[],[],[],[],[],[],[],[],[]],"CORE :":true,"Relazioni :":470,"Time : ":0.2,"LAST PARTITION":{"22":7,"23":5,"24":8,"25":6,"26":12,"27":14,"28":9,"29":6,"30":4,"10":14,"11":10,"12":9,"13":16,"14":19,"15":8,"16":2,"17":2,"18":12,"19":1,"1":5,"2":17,"3":16,"4":19,"5":1,"6":15,"7":10,"8":11,"9":4,"20":15,"21":17}},{"Modalità dinamica :":false,"Q : ":10,"STARTING PARTITION: ":{"22":1,"23":5,"24":2,"25":3,"26":12,"27":15,"28":13,"29":10,"30":9,"10":13,"11":13,"12":9,"13":5,"14":9,"15":8,"16":15,"17":14,"18":12,"19":1,"1":8,"2":1,"3":11,"4":14,"5":10,"6":2,"7":5,"8":1,"9":5,"20":6,"21":6},"LAST COALITION":[[],[{"utility":69,"ID":19},{"utility":49,"ID":5}],[{"utility":71,"ID":16},{"utility":80,"ID":17}],[],[{"utility":76,"ID":9},{"utility":65,"ID":30}],[{"utility":44,"ID":1},{"utility":86,"ID":23}],[{"utility":65,"ID":25},{"utility":91,"ID":29}],[{"utility":0,"ID":22}],[{"utility":87,"ID":24},{"utility":86,"ID":15}],[{"utility":42,"ID":12},{"utility":88,"ID":28}],[{"utility":99,"ID":7},{"utility":90,"ID":11}],[{"utility":0,"ID":8}],[{"utility":82,"ID":18},{"utility":98,"ID":26}],[],[{"utility":76,"ID":10},{"utility":74,"ID":27}],[{"utility":70,"ID":20},{"utility":56,"ID":6}],[{"utility":53,"ID":3},{"utility":62,"ID":13}],[{"utility":56,"ID":2},{"utility":98,"ID":21}],[],[{"utility":81,"ID":4},{"utility":99,"ID":14}],[],[],[],[],[],[],[],[],[],[],[]],"STARTING COALITION: ":[[null],[{"utility":36.333333333333336,"ID":2},{"utility":0,"ID":8},{"utility":74.66666666666667,"ID":19},{"utility":58.666666666666664,"ID":22}],[{"utility":53,"ID":6},{"utility":0,"ID":24}],[{"utility":0,"ID":25}],[],[{"utility":25.666666666666668,"ID":7},{"utility":11,"ID":9},{"utility":5,"ID":13},{"utility":30,"ID":23}],[{"utility":6,"ID":20},{"utility":0,"ID":21}],[],[{"utility":0,"ID":1},{"utility":59,"ID":15}],[{"utility":56.5,"ID":12},{"utility":84.5,"ID":14},{"utility":0,"ID":30}],[{"utility":0,"ID":5},{"utility":54,"ID":29}],[{"utility":0,"ID":3}],[{"utility":82,"ID":18},{"utility":98,"ID":26}],[{"utility":4,"ID":10},{"utility":0,"ID":11},{"utility":43.5,"ID":28}],[{"utility":0,"ID":4},{"utility":46,"ID":17}],[{"utility":0,"ID":16},{"utility":0,"ID":27}],[],[],[],[],[],[],[],[],[],[],[],[],[],[],[]],"CORE :":true,"Relazioni :":470,"Time : ":0.1,"LAST PARTITION":{"22":7,"23":5,"24":8,"25":6,"26":12,"27":14,"28":9,"29":6,"30":4,"10":14,"11":10,"12":9,"13":16,"14":19,"15":8,"16":2,"17":2,"18":12,"19":1,"1":5,"2":17,"3":16,"4":19,"5":1,"6":15,"7":10,"8":11,"9":4,"20":15,"21":17}},{"Modalità dinamica :":false,"Q : ":10,"STARTING PARTITION: ":{"22":1,"23":5,"24":2,"25":3,"26":12,"27":15,"28":13,"29":10,"30":9,"10":13,"11":13,"12":9,"13":5,"14":9,"15":8,"16":15,"17":14,"18":12,"19":1,"1":8,"2":1,"3":11,"4":14,"5":10,"6":2,"7":5,"8":1,"9":5,"20":6,"21":6},"LAST COALITION":[[],[{"utility":69,"ID":19},{"utility":49,"ID":5}],[{"utility":71,"ID":16},{"utility":80,"ID":17}],[],[{"utility":76,"ID":9},{"utility":65,"ID":30}],[{"utility":44,"ID":1},{"utility":86,"ID":23}],[{"utility":65,"ID":25},{"utility":91,"ID":29}],[{"utility":0,"ID":22}],[{"utility":87,"ID":24},{"utility":86,"ID":15}],[{"utility":42,"ID":12},{"utility":88,"ID":28}],[{"utility":99,"ID":7},{"utility":90,"ID":11}],[{"utility":0,"ID":8}],[{"utility":82,"ID":18},{"utility":98,"ID":26}],[],[{"utility":76,"ID":10},{"utility":74,"ID":27}],[{"utility":70,"ID":20},{"utility":56,"ID":6}],[{"utility":53,"ID":3},{"utility":62,"ID":13}],[{"utility":56,"ID":2},{"utility":98,"ID":21}],[],[{"utility":81,"ID":4},{"utility":99,"ID":14}],[],[],[],[],[],[],[],[],[],[],[]],"STARTING COALITION: ":[[null],[{"utility":36.333333333333336,"ID":2},{"utility":0,"ID":8},{"utility":74.66666666666667,"ID":19},{"utility":58.666666666666664,"ID":22}],[{"utility":53,"ID":6},{"utility":0,"ID":24}],[{"utility":0,"ID":25}],[],[{"utility":25.666666666666668,"ID":7},{"utility":11,"ID":9},{"utility":5,"ID":13},{"utility":30,"ID":23}],[{"utility":6,"ID":20},{"utility":0,"ID":21}],[],[{"utility":0,"ID":1},{"utility":59,"ID":15}],[{"utility":56.5,"ID":12},{"utility":84.5,"ID":14},{"utility":0,"ID":30}],[{"utility":0,"ID":5},{"utility":54,"ID":29}],[{"utility":0,"ID":3}],[{"utility":82,"ID":18},{"utility":98,"ID":26}],[{"utility":4,"ID":10},{"utility":0,"ID":11},{"utility":43.5,"ID":28}],[{"utility":0,"ID":4},{"utility":46,"ID":17}],[{"utility":0,"ID":16},{"utility":0,"ID":27}],[],[],[],[],[],[],[],[],[],[],[],[],[],[],[]],"CORE :":true,"Relazioni :":470,"Time : ":0.2,"LAST PARTITION":{"22":7,"23":5,"24":8,"25":6,"26":12,"27":14,"28":9,"29":6,"30":4,"10":14,"11":10,"12":9,"13":16,"14":19,"15":8,"16":2,"17":2,"18":12,"19":1,"1":5,"2":17,"3":16,"4":19,"5":1,"6":15,"7":10,"8":11,"9":4,"20":15,"21":17}},{"Modalità dinamica :":true,"Q : ":2,"STARTING PARTITION: ":{"22":1,"23":5,"24":2,"25":3,"26":12,"27":15,"28":13,"29":10,"30":9,"10":13,"11":13,"12":9,"13":5,"14":9,"15":8,"16":15,"17":14,"18":12,"19":1,"1":8,"2":1,"3":11,"4":14,"5":10,"6":2,"7":5,"8":1,"9":5,"20":6,"21":6},"LAST COALITION":[[],[{"utility":0,"ID":8}],[{"utility":86,"ID":15},{"utility":87,"ID":24}],[{"utility":49,"ID":5},{"utility":69,"ID":19}],[],[{"utility":76,"ID":9},{"utility":65,"ID":30}],[{"utility":82,"ID":18},{"utility":98,"ID":26}],[{"utility":81,"ID":4},{"utility":99,"ID":14}],[{"utility":65,"ID":25},{"utility":91,"ID":29}],[{"utility":76,"ID":10},{"utility":74,"ID":27}],[{"utility":44,"ID":1},{"utility":86,"ID":23}],[{"utility":53,"ID":3},{"utility":62,"ID":13}],[{"utility":56,"ID":2},{"utility":98,"ID":21}],[{"utility":56,"ID":6},{"utility":70,"ID":20}],[{"utility":71,"ID":16},{"utility":80,"ID":17}],[{"utility":99,"ID":7},{"utility":90,"ID":11}],[],[{"utility":42,"ID":12},{"utility":88,"ID":28}],[],[{"utility":0,"ID":22}],[],[],[],[],[],[],[],[],[],[],[]],"STARTING COALITION: ":[[null],[{"utility":36.333333333333336,"ID":2},{"utility":0,"ID":8},{"utility":74.66666666666667,"ID":19},{"utility":58.666666666666664,"ID":22}],[{"utility":53,"ID":6},{"utility":0,"ID":24}],[{"utility":0,"ID":25}],[],[{"utility":25.666666666666668,"ID":7},{"utility":11,"ID":9},{"utility":5,"ID":13},{"utility":30,"ID":23}],[{"utility":6,"ID":20},{"utility":0,"ID":21}],[],[{"utility":0,"ID":1},{"utility":59,"ID":15}],[{"utility":56.5,"ID":12},{"utility":84.5,"ID":14},{"utility":0,"ID":30}],[{"utility":0,"ID":5},{"utility":54,"ID":29}],[{"utility":0,"ID":3}],[{"utility":82,"ID":18},{"utility":98,"ID":26}],[{"utility":4,"ID":10},{"utility":0,"ID":11},{"utility":43.5,"ID":28}],[{"utility":0,"ID":4},{"utility":46,"ID":17}],[{"utility":0,"ID":16},{"utility":0,"ID":27}],[],[],[],[],[],[],[],[],[],[],[],[],[],[],[]],"CORE :":true,"Relazioni :":470,"Time : ":0.1,"LAST PARTITION":{"22":19,"23":10,"24":2,"25":8,"26":6,"27":9,"28":17,"29":8,"30":5,"10":9,"11":15,"12":17,"13":11,"14":7,"15":2,"16":14,"17":14,"18":6,"19":3,"1":10,"2":12,"3":11,"4":7,"5":3,"6":13,"7":15,"8":1,"9":5,"20":13,"21":12}},{"Modalità dinamica :":true,"Q : ":2,"STARTING PARTITION: ":{"22":1,"23":5,"24":2,"25":3,"26":12,"27":15,"28":13,"29":10,"30":9,"10":13,"11":13,"12":9,"13":5,"14":9,"15":8,"16":15,"17":14,"18":12,"19":1,"1":8,"2":1,"3":11,"4":14,"5":10,"6":2,"7":5,"8":1,"9":5,"20":6,"21":6},"LAST COALITION":[[],[{"utility":0,"ID":22}],[{"utility":76,"ID":10},{"utility":74,"ID":27}],[{"utility":44,"ID":1},{"utility":86,"ID":23}],[{"utility":81,"ID":4},{"utility":99,"ID":14}],[{"utility":0,"ID":8}],[{"utility":56,"ID":2},{"utility":98,"ID":21}],[{"utility":71,"ID":16},{"utility":80,"ID":17}],[{"utility":49,"ID":5},{"utility":69,"ID":19}],[],[{"utility":56,"ID":6},{"utility":70,"ID":20}],[{"utility":42,"ID":12},{"utility":88,"ID":28}],[{"utility":82,"ID":18},{"utility":98,"ID":26}],[{"utility":86,"ID":15},{"utility":87,"ID":24}],[{"utility":53,"ID":3},{"utility":62,"ID":13}],[{"utility":65,"ID":25},{"utility":91,"ID":29}],[{"utility":76,"ID":9},{"utility":65,"ID":30}],[{"utility":99,"ID":7},{"utility":90,"ID":11}],[],[],[],[],[],[],[],[],[],[],[],[],[]],"STARTING COALITION: ":[[null],[{"utility":36.333333333333336,"ID":2},{"utility":0,"ID":8},{"utility":74.66666666666667,"ID":19},{"utility":58.666666666666664,"ID":22}],[{"utility":53,"ID":6},{"utility":0,"ID":24}],[{"utility":0,"ID":25}],[],[{"utility":25.666666666666668,"ID":7},{"utility":11,"ID":9},{"utility":5,"ID":13},{"utility":30,"ID":23}],[{"utility":6,"ID":20},{"utility":0,"ID":21}],[],[{"utility":0,"ID":1},{"utility":59,"ID":15}],[{"utility":56.5,"ID":12},{"utility":84.5,"ID":14},{"utility":0,"ID":30}],[{"utility":0,"ID":5},{"utility":54,"ID":29}],[{"utility":0,"ID":3}],[{"utility":82,"ID":18},{"utility":98,"ID":26}],[{"utility":4,"ID":10},{"utility":0,"ID":11},{"utility":43.5,"ID":28}],[{"utility":0,"ID":4},{"utility":46,"ID":17}],[{"utility":0,"ID":16},{"utility":0,"ID":27}],[],[],[],[],[],[],[],[],[],[],[],[],[],[],[]],"CORE :":true,"Relazioni :":470,"Time : ":0.2,"LAST PARTITION":{"22":1,"23":3,"24":13,"25":15,"26":12,"27":2,"28":11,"29":15,"30":16,"10":2,"11":17,"12":11,"13":14,"14":4,"15":13,"16":7,"17":7,"18":12,"19":8,"1":3,"2":6,"3":14,"4":4,"5":8,"6":10,"7":17,"8":5,"9":16,"20":10,"21":6}},{"Modalità dinamica :":true,"Q : ":3,"STARTING PARTITION: ":{"22":1,"23":5,"24":2,"25":3,"26":12,"27":15,"28":13,"29":10,"30":9,"10":13,"11":13,"12":9,"13":5,"14":9,"15":8,"16":15,"17":14,"18":12,"19":1,"1":8,"2":1,"3":11,"4":14,"5":10,"6":2,"7":5,"8":1,"9":5,"20":6,"21":6},"LAST COALITION":[[],[{"utility":53,"ID":3},{"utility":62,"ID":13}],[{"utility":65,"ID":25},{"utility":91,"ID":29}],[{"utility":56,"ID":6},{"utility":70,"ID":20}],[{"utility":76,"ID":9},{"utility":65,"ID":30}],[{"utility":86,"ID":15},{"utility":87,"ID":24}],[{"utility":49,"ID":5},{"utility":69,"ID":19}],[{"utility":42,"ID":12},{"utility":88,"ID":28}],[{"utility":71,"ID":16},{"utility":80,"ID":17}],[{"utility":44,"ID":1},{"utility":86,"ID":23}],[{"utility":82,"ID":18},{"utility":98,"ID":26}],[{"utility":99,"ID":7},{"utility":90,"ID":11}],[{"utility":81,"ID":4},{"utility":99,"ID":14}],[],[{"utility":76,"ID":10},{"utility":74,"ID":27}],[{"utility":0,"ID":8}],[],[{"utility":56,"ID":2},{"utility":98,"ID":21}],[{"utility":0,"ID":22}],[],[],[],[],[],[],[],[],[],[],[],[]],"STARTING COALITION: ":[[null],[{"utility":36.333333333333336,"ID":2},{"utility":0,"ID":8},{"utility":74.66666666666667,"ID":19},{"utility":58.666666666666664,"ID":22}],[{"utility":53,"ID":6},{"utility":0,"ID":24}],[{"utility":0,"ID":25}],[],[{"utility":25.666666666666668,"ID":7},{"utility":11,"ID":9},{"utility":5,"ID":13},{"utility":30,"ID":23}],[{"utility":6,"ID":20},{"utility":0,"ID":21}],[],[{"utility":0,"ID":1},{"utility":59,"ID":15}],[{"utility":56.5,"ID":12},{"utility":84.5,"ID":14},{"utility":0,"ID":30}],[{"utility":0,"ID":5},{"utility":54,"ID":29}],[{"utility":0,"ID":3}],[{"utility":82,"ID":18},{"utility":98,"ID":26}],[{"utility":4,"ID":10},{"utility":0,"ID":11},{"utility":43.5,"ID":28}],[{"utility":0,"ID":4},{"utility":46,"ID":17}],[{"utility":0,"ID":16},{"utility":0,"ID":27}],[],[],[],[],[],[],[],[],[],[],[],[],[],[],[]],"CORE :":true,"Relazioni :":470,"Time : ":0.1,"LAST PARTITION":{"22":18,"23":9,"24":5,"25":2,"26":10,"27":14,"28":7,"29":2,"30":4,"10":14,"11":11,"12":7,"13":1,"14":12,"15":5,"16":8,"17":8,"18":10,"19":6,"1":9,"2":17,"3":1,"4":12,"5":6,"6":3,"7":11,"8":15,"9":4,"20":3,"21":17}},{"Modalità dinamica :":true,"Q : ":3,"STARTING PARTITION: ":{"22":1,"23":5,"24":2,"25":3,"26":12,"27":15,"28":13,"29":10,"30":9,"10":13,"11":13,"12":9,"13":5,"14":9,"15":8,"16":15,"17":14,"18":12,"19":1,"1":8,"2":1,"3":11,"4":14,"5":10,"6":2,"7":5,"8":1,"9":5,"20":6,"21":6},"LAST COALITION":[[],[{"utility":76,"ID":10},{"utility":74,"ID":27}],[{"utility":44,"ID":1},{"utility":86,"ID":23}],[{"utility":76,"ID":9},{"utility":65,"ID":30}],[{"utility":81,"ID":4},{"utility":99,"ID":14}],[{"utility":82,"ID":18},{"utility":98,"ID":26}],[{"utility":86,"ID":15},{"utility":87,"ID":24}],[{"utility":71,"ID":16},{"utility":80,"ID":17}],[{"utility":65,"ID":25},{"utility":91,"ID":29}],[{"utility":42,"ID":12},{"utility":88,"ID":28}],[{"utility":49,"ID":5},{"utility":69,"ID":19}],[{"utility":56,"ID":2},{"utility":98,"ID":21}],[{"utility":0,"ID":8}],[],[{"utility":0,"ID":22}],[{"utility":56,"ID":6},{"utility":70,"ID":20}],[{"utility":53,"ID":3},{"utility":62,"ID":13}],[],[],[{"utility":99,"ID":7},{"utility":90,"ID":11}],[],[],[],[],[],[],[],[],[],[],[]],"STARTING COALITION: ":[[null],[{"utility":36.333333333333336,"ID":2},{"utility":0,"ID":8},{"utility":74.66666666666667,"ID":19},{"utility":58.666666666666664,"ID":22}],[{"utility":53,"ID":6},{"utility":0,"ID":24}],[{"utility":0,"ID":25}],[],[{"utility":25.666666666666668,"ID":7},{"utility":11,"ID":9},{"utility":5,"ID":13},{"utility":30,"ID":23}],[{"utility":6,"ID":20},{"utility":0,"ID":21}],[],[{"utility":0,"ID":1},{"utility":59,"ID":15}],[{"utility":56.5,"ID":12},{"utility":84.5,"ID":14},{"utility":0,"ID":30}],[{"utility":0,"ID":5},{"utility":54,"ID":29}],[{"utility":0,"ID":3}],[{"utility":82,"ID":18},{"utility":98,"ID":26}],[{"utility":4,"ID":10},{"utility":0,"ID":11},{"utility":43.5,"ID":28}],[{"utility":0,"ID":4},{"utility":46,"ID":17}],[{"utility":0,"ID":16},{"utility":0,"ID":27}],[],[],[],[],[],[],[],[],[],[],[],[],[],[],[]],"CORE :":true,"Relazioni :":470,"Time : ":0.2,"LAST PARTITION":{"22":14,"23":2,"24":6,"25":8,"26":5,"27":1,"28":9,"29":8,"30":3,"10":1,"11":19,"12":9,"13":16,"14":4,"15":6,"16":7,"17":7,"18":5,"19":10,"1":2,"2":11,"3":16,"4":4,"5":10,"6":15,"7":19,"8":12,"9":3,"20":15,"21":11}},{"Modalità dinamica :":true,"Q : ":4,"STARTING PARTITION: ":{"22":1,"23":5,"24":2,"25":3,"26":12,"27":15,"28":13,"29":10,"30":9,"10":13,"11":13,"12":9,"13":5,"14":9,"15":8,"16":15,"17":14,"18":12,"19":1,"1":8,"2":1,"3":11,"4":14,"5":10,"6":2,"7":5,"8":1,"9":5,"20":6,"21":6},"LAST COALITION":[[],[{"utility":56,"ID":2},{"utility":98,"ID":21}],[{"utility":65,"ID":25},{"utility":91,"ID":29}],[{"utility":44,"ID":1},{"utility":86,"ID":23}],[{"utility":99,"ID":7},{"utility":90,"ID":11}],[{"utility":0,"ID":22}],[{"utility":53,"ID":3},{"utility":62,"ID":13}],[{"utility":56,"ID":6},{"utility":70,"ID":20}],[{"utility":76,"ID":10},{"utility":74,"ID":27}],[],[{"utility":86,"ID":15},{"utility":87,"ID":24}],[{"utility":81,"ID":4},{"utility":99,"ID":14}],[{"utility":82,"ID":18},{"utility":98,"ID":26}],[{"utility":71,"ID":16},{"utility":80,"ID":17}],[{"utility":49,"ID":5},{"utility":69,"ID":19}],[{"utility":0,"ID":8}],[{"utility":42,"ID":12},{"utility":88,"ID":28}],[{"utility":76,"ID":9},{"utility":65,"ID":30}],[],[],[],[],[],[],[],[],[],[],[],[],[]],"STARTING COALITION: ":[[null],[{"utility":36.333333333333336,"ID":2},{"utility":0,"ID":8},{"utility":74.66666666666667,"ID":19},{"utility":58.666666666666664,"ID":22}],[{"utility":53,"ID":6},{"utility":0,"ID":24}],[{"utility":0,"ID":25}],[],[{"utility":25.666666666666668,"ID":7},{"utility":11,"ID":9},{"utility":5,"ID":13},{"utility":30,"ID":23}],[{"utility":6,"ID":20},{"utility":0,"ID":21}],[],[{"utility":0,"ID":1},{"utility":59,"ID":15}],[{"utility":56.5,"ID":12},{"utility":84.5,"ID":14},{"utility":0,"ID":30}],[{"utility":0,"ID":5},{"utility":54,"ID":29}],[{"utility":0,"ID":3}],[{"utility":82,"ID":18},{"utility":98,"ID":26}],[{"utility":4,"ID":10},{"utility":0,"ID":11},{"utility":43.5,"ID":28}],[{"utility":0,"ID":4},{"utility":46,"ID":17}],[{"utility":0,"ID":16},{"utility":0,"ID":27}],[],[],[],[],[],[],[],[],[],[],[],[],[],[],[]],"CORE :":true,"Relazioni :":470,"Time : ":0.1,"LAST PARTITION":{"22":5,"23":3,"24":10,"25":2,"26":12,"27":8,"28":16,"29":2,"30":17,"10":8,"11":4,"12":16,"13":6,"14":11,"15":10,"16":13,"17":13,"18":12,"19":14,"1":3,"2":1,"3":6,"4":11,"5":14,"6":7,"7":4,"8":15,"9":17,"20":7,"21":1}},{"Modalità dinamica :":true,"Q : ":4,"STARTING PARTITION: ":{"22":1,"23":5,"24":2,"25":3,"26":12,"27":15,"28":13,"29":10,"30":9,"10":13,"11":13,"12":9,"13":5,"14":9,"15":8,"16":15,"17":14,"18":12,"19":1,"1":8,"2":1,"3":11,"4":14,"5":10,"6":2,"7":5,"8":1,"9":5,"20":6,"21":6},"LAST COALITION":[[],[{"utility":71,"ID":16},{"utility":80,"ID":17}],[{"utility":82,"ID":18},{"utility":98,"ID":26}],[{"utility":0,"ID":8}],[{"utility":56,"ID":2},{"utility":98,"ID":21}],[{"utility":0,"ID":22}],[{"utility":81,"ID":4},{"utility":99,"ID":14}],[],[{"utility":76,"ID":10},{"utility":74,"ID":27}],[{"utility":42,"ID":12},{"utility":88,"ID":28}],[{"utility":56,"ID":6},{"utility":70,"ID":20}],[{"utility":49,"ID":5},{"utility":69,"ID":19}],[],[{"utility":44,"ID":1},{"utility":86,"ID":23}],[{"utility":99,"ID":7},{"utility":90,"ID":11}],[{"utility":65,"ID":25},{"utility":91,"ID":29}],[{"utility":86,"ID":15},{"utility":87,"ID":24}],[{"utility":53,"ID":3},{"utility":62,"ID":13}],[],[{"utility":76,"ID":9},{"utility":65,"ID":30}],[],[],[],[],[],[],[],[],[],[],[]],"STARTING COALITION: ":[[null],[{"utility":36.333333333333336,"ID":2},{"utility":0,"ID":8},{"utility":74.66666666666667,"ID":19},{"utility":58.666666666666664,"ID":22}],[{"utility":53,"ID":6},{"utility":0,"ID":24}],[{"utility":0,"ID":25}],[],[{"utility":25.666666666666668,"ID":7},{"utility":11,"ID":9},{"utility":5,"ID":13},{"utility":30,"ID":23}],[{"utility":6,"ID":20},{"utility":0,"ID":21}],[],[{"utility":0,"ID":1},{"utility":59,"ID":15}],[{"utility":56.5,"ID":12},{"utility":84.5,"ID":14},{"utility":0,"ID":30}],[{"utility":0,"ID":5},{"utility":54,"ID":29}],[{"utility":0,"ID":3}],[{"utility":82,"ID":18},{"utility":98,"ID":26}],[{"utility":4,"ID":10},{"utility":0,"ID":11},{"utility":43.5,"ID":28}],[{"utility":0,"ID":4},{"utility":46,"ID":17}],[{"utility":0,"ID":16},{"utility":0,"ID":27}],[],[],[],[],[],[],[],[],[],[],[],[],[],[],[]],"CORE :":true,"Relazioni :":470,"Time : ":0.2,"LAST PARTITION":{"22":5,"23":13,"24":16,"25":15,"26":2,"27":8,"28":9,"29":15,"30":19,"10":8,"11":14,"12":9,"13":17,"14":6,"15":16,"16":1,"17":1,"18":2,"19":11,"1":13,"2":4,"3":17,"4":6,"5":11,"6":10,"7":14,"8":3,"9":19,"20":10,"21":4}},{"Modalità dinamica :":true,"Q : ":5,"STARTING PARTITION: ":{"22":1,"23":5,"24":2,"25":3,"26":12,"27":15,"28":13,"29":10,"30":9,"10":13,"11":13,"12":9,"13":5,"14":9,"15":8,"16":15,"17":14,"18":12,"19":1,"1":8,"2":1,"3":11,"4":14,"5":10,"6":2,"7":5,"8":1,"9":5,"20":6,"21":6},"LAST COALITION":[[],[{"utility":76,"ID":9},{"utility":65,"ID":30}],[{"utility":86,"ID":15},{"utility":87,"ID":24}],[{"utility":0,"ID":22}],[{"utility":71,"ID":16},{"utility":80,"ID":17}],[{"utility":99,"ID":7},{"utility":90,"ID":11}],[{"utility":44,"ID":1},{"utility":86,"ID":23}],[{"utility":0,"ID":8}],[{"utility":82,"ID":18},{"utility":98,"ID":26}],[{"utility":49,"ID":5},{"utility":69,"ID":19}],[{"utility":56,"ID":6},{"utility":70,"ID":20}],[{"utility":76,"ID":10},{"utility":74,"ID":27}],[{"utility":56,"ID":2},{"utility":98,"ID":21}],[{"utility":81,"ID":4},{"utility":99,"ID":14}],[{"utility":42,"ID":12},{"utility":88,"ID":28}],[],[{"utility":65,"ID":25},{"utility":91,"ID":29}],[],[{"utility":53,"ID":3},{"utility":62,"ID":13}],[],[],[],[],[],[],[],[],[],[],[],[]],"STARTING COALITION: ":[[null],[{"utility":36.333333333333336,"ID":2},{"utility":0,"ID":8},{"utility":74.66666666666667,"ID":19},{"utility":58.666666666666664,"ID":22}],[{"utility":53,"ID":6},{"utility":0,"ID":24}],[{"utility":0,"ID":25}],[],[{"utility":25.666666666666668,"ID":7},{"utility":11,"ID":9},{"utility":5,"ID":13},{"utility":30,"ID":23}],[{"utility":6,"ID":20},{"utility":0,"ID":21}],[],[{"utility":0,"ID":1},{"utility":59,"ID":15}],[{"utility":56.5,"ID":12},{"utility":84.5,"ID":14},{"utility":0,"ID":30}],[{"utility":0,"ID":5},{"utility":54,"ID":29}],[{"utility":0,"ID":3}],[{"utility":82,"ID":18},{"utility":98,"ID":26}],[{"utility":4,"ID":10},{"utility":0,"ID":11},{"utility":43.5,"ID":28}],[{"utility":0,"ID":4},{"utility":46,"ID":17}],[{"utility":0,"ID":16},{"utility":0,"ID":27}],[],[],[],[],[],[],[],[],[],[],[],[],[],[],[]],"CORE :":true,"Relazioni :":470,"Time : ":0.1,"LAST PARTITION":{"22":3,"23":6,"24":2,"25":16,"26":8,"27":11,"28":14,"29":16,"30":1,"10":11,"11":5,"12":14,"13":18,"14":13,"15":2,"16":4,"17":4,"18":8,"19":9,"1":6,"2":12,"3":18,"4":13,"5":9,"6":10,"7":5,"8":7,"9":1,"20":10,"21":12}},{"Modalità dinamica :":true,"Q : ":5,"STARTING PARTITION: ":{"22":1,"23":5,"24":2,"25":3,"26":12,"27":15,"28":13,"29":10,"30":9,"10":13,"11":13,"12":9,"13":5,"14":9,"15":8,"16":15,"17":14,"18":12,"19":1,"1":8,"2":1,"3":11,"4":14,"5":10,"6":2,"7":5,"8":1,"9":5,"20":6,"21":6},"LAST COALITION":[[],[{"utility":56,"ID":6},{"utility":70,"ID":20}],[{"utility":71,"ID":16},{"utility":80,"ID":17}],[{"utility":53,"ID":3},{"utility":62,"ID":13}],[{"utility":42,"ID":12},{"utility":88,"ID":28}],[{"utility":86,"ID":15},{"utility":87,"ID":24}],[{"utility":65,"ID":25},{"utility":91,"ID":29}],[{"utility":76,"ID":9},{"utility":65,"ID":30}],[{"utility":44,"ID":1},{"utility":86,"ID":23}],[{"utility":0,"ID":22}],[{"utility":49,"ID":5},{"utility":69,"ID":19}],[],[{"utility":82,"ID":18},{"utility":98,"ID":26}],[{"utility":56,"ID":2},{"utility":98,"ID":21}],[],[{"utility":99,"ID":7},{"utility":90,"ID":11}],[{"utility":76,"ID":10},{"utility":74,"ID":27}],[{"utility":0,"ID":8}],[{"utility":81,"ID":4},{"utility":99,"ID":14}],[],[],[],[],[],[],[],[],[],[],[],[]],"STARTING COALITION: ":[[null],[{"utility":36.333333333333336,"ID":2},{"utility":0,"ID":8},{"utility":74.66666666666667,"ID":19},{"utility":58.666666666666664,"ID":22}],[{"utility":53,"ID":6},{"utility":0,"ID":24}],[{"utility":0,"ID":25}],[],[{"utility":25.666666666666668,"ID":7},{"utility":11,"ID":9},{"utility":5,"ID":13},{"utility":30,"ID":23}],[{"utility":6,"ID":20},{"utility":0,"ID":21}],[],[{"utility":0,"ID":1},{"utility":59,"ID":15}],[{"utility":56.5,"ID":12},{"utility":84.5,"ID":14},{"utility":0,"ID":30}],[{"utility":0,"ID":5},{"utility":54,"ID":29}],[{"utility":0,"ID":3}],[{"utility":82,"ID":18},{"utility":98,"ID":26}],[{"utility":4,"ID":10},{"utility":0,"ID":11},{"utility":43.5,"ID":28}],[{"utility":0,"ID":4},{"utility":46,"ID":17}],[{"utility":0,"ID":16},{"utility":0,"ID":27}],[],[],[],[],[],[],[],[],[],[],[],[],[],[],[]],"CORE :":true,"Relazioni :":470,"Time : ":0.2,"LAST PARTITION":{"22":9,"23":8,"24":5,"25":6,"26":12,"27":16,"28":4,"29":6,"30":7,"10":16,"11":15,"12":4,"13":3,"14":18,"15":5,"16":2,"17":2,"18":12,"19":10,"1":8,"2":13,"3":3,"4":18,"5":10,"6":1,"7":15,"8":17,"9":7,"20":1,"21":13}},{"Modalità dinamica :":true,"Q : ":6,"STARTING PARTITION: ":{"22":1,"23":5,"24":2,"25":3,"26":12,"27":15,"28":13,"29":10,"30":9,"10":13,"11":13,"12":9,"13":5,"14":9,"15":8,"16":15,"17":14,"18":12,"19":1,"1":8,"2":1,"3":11,"4":14,"5":10,"6":2,"7":5,"8":1,"9":5,"20":6,"21":6},"LAST COALITION":[[],[{"utility":49,"ID":5},{"utility":69,"ID":19}],[{"utility":76,"ID":9},{"utility":65,"ID":30}],[{"utility":56,"ID":2},{"utility":98,"ID":21}],[{"utility":56,"ID":6},{"utility":70,"ID":20}],[{"utility":76,"ID":10},{"utility":74,"ID":27}],[{"utility":42,"ID":12},{"utility":88,"ID":28}],[{"utility":99,"ID":7},{"utility":90,"ID":11}],[{"utility":81,"ID":4},{"utility":99,"ID":14}],[],[{"utility":86,"ID":15},{"utility":87,"ID":24}],[{"utility":65,"ID":25},{"utility":91,"ID":29}],[{"utility":82,"ID":18},{"utility":98,"ID":26}],[{"utility":71,"ID":16},{"utility":80,"ID":17}],[{"utility":53,"ID":3},{"utility":62,"ID":13}],[{"utility":0,"ID":22}],[{"utility":0,"ID":8}],[{"utility":44,"ID":1},{"utility":86,"ID":23}],[],[],[],[],[],[],[],[],[],[],[],[],[]],"STARTING COALITION: ":[[null],[{"utility":36.333333333333336,"ID":2},{"utility":0,"ID":8},{"utility":74.66666666666667,"ID":19},{"utility":58.666666666666664,"ID":22}],[{"utility":53,"ID":6},{"utility":0,"ID":24}],[{"utility":0,"ID":25}],[],[{"utility":25.666666666666668,"ID":7},{"utility":11,"ID":9},{"utility":5,"ID":13},{"utility":30,"ID":23}],[{"utility":6,"ID":20},{"utility":0,"ID":21}],[],[{"utility":0,"ID":1},{"utility":59,"ID":15}],[{"utility":56.5,"ID":12},{"utility":84.5,"ID":14},{"utility":0,"ID":30}],[{"utility":0,"ID":5},{"utility":54,"ID":29}],[{"utility":0,"ID":3}],[{"utility":82,"ID":18},{"utility":98,"ID":26}],[{"utility":4,"ID":10},{"utility":0,"ID":11},{"utility":43.5,"ID":28}],[{"utility":0,"ID":4},{"utility":46,"ID":17}],[{"utility":0,"ID":16},{"utility":0,"ID":27}],[],[],[],[],[],[],[],[],[],[],[],[],[],[],[]],"CORE :":true,"Relazioni :":470,"Time : ":0.1,"LAST PARTITION":{"22":15,"23":17,"24":10,"25":11,"26":12,"27":5,"28":6,"29":11,"30":2,"10":5,"11":7,"12":6,"13":14,"14":8,"15":10,"16":13,"17":13,"18":12,"19":1,"1":17,"2":3,"3":14,"4":8,"5":1,"6":4,"7":7,"8":16,"9":2,"20":4,"21":3}},{"Modalità dinamica :":true,"Q : ":6,"STARTING PARTITION: ":{"22":1,"23":5,"24":2,"25":3,"26":12,"27":15,"28":13,"29":10,"30":9,"10":13,"11":13,"12":9,"13":5,"14":9,"15":8,"16":15,"17":14,"18":12,"19":1,"1":8,"2":1,"3":11,"4":14,"5":10,"6":2,"7":5,"8":1,"9":5,"20":6,"21":6},"LAST COALITION":[[],[{"utility":44,"ID":1},{"utility":86,"ID":23}],[{"utility":71,"ID":16},{"utility":80,"ID":17}],[{"utility":82,"ID":18},{"utility":98,"ID":26}],[{"utility":99,"ID":7},{"utility":90,"ID":11}],[{"utility":76,"ID":10},{"utility":74,"ID":27}],[{"utility":53,"ID":3},{"utility":62,"ID":13}],[{"utility":49,"ID":5},{"utility":69,"ID":19}],[{"utility":56,"ID":6},{"utility":70,"ID":20}],[],[{"utility":81,"ID":4},{"utility":99,"ID":14}],[{"utility":0,"ID":8}],[{"utility":56,"ID":2},{"utility":98,"ID":21}],[{"utility":86,"ID":15},{"utility":87,"ID":24}],[{"utility":0,"ID":22}],[{"utility":42,"ID":12},{"utility":88,"ID":28}],[{"utility":76,"ID":9},{"utility":65,"ID":30}],[],[],[{"utility":65,"ID":25},{"utility":91,"ID":29}],[],[],[],[],[],[],[],[],[],[],[]],"STARTING COALITION: ":[[null],[{"utility":36.333333333333336,"ID":2},{"utility":0,"ID":8},{"utility":74.66666666666667,"ID":19},{"utility":58.666666666666664,"ID":22}],[{"utility":53,"ID":6},{"utility":0,"ID":24}],[{"utility":0,"ID":25}],[],[{"utility":25.666666666666668,"ID":7},{"utility":11,"ID":9},{"utility":5,"ID":13},{"utility":30,"ID":23}],[{"utility":6,"ID":20},{"utility":0,"ID":21}],[],[{"utility":0,"ID":1},{"utility":59,"ID":15}],[{"utility":56.5,"ID":12},{"utility":84.5,"ID":14},{"utility":0,"ID":30}],[{"utility":0,"ID":5},{"utility":54,"ID":29}],[{"utility":0,"ID":3}],[{"utility":82,"ID":18},{"utility":98,"ID":26}],[{"utility":4,"ID":10},{"utility":0,"ID":11},{"utility":43.5,"ID":28}],[{"utility":0,"ID":4},{"utility":46,"ID":17}],[{"utility":0,"ID":16},{"utility":0,"ID":27}],[],[],[],[],[],[],[],[],[],[],[],[],[],[],[]],"CORE :":true,"Relazioni :":470,"Time : ":0.2,"LAST PARTITION":{"22":14,"23":1,"24":13,"25":19,"26":3,"27":5,"28":15,"29":19,"30":16,"10":5,"11":4,"12":15,"13":6,"14":10,"15":13,"16":2,"17":2,"18":3,"19":7,"1":1,"2":12,"3":6,"4":10,"5":7,"6":8,"7":4,"8":11,"9":16,"20":8,"21":12}},{"Modalità dinamica :":true,"Q : ":7,"STARTING PARTITION: ":{"22":1,"23":5,"24":2,"25":3,"26":12,"27":15,"28":13,"29":10,"30":9,"10":13,"11":13,"12":9,"13":5,"14":9,"15":8,"16":15,"17":14,"18":12,"19":1,"1":8,"2":1,"3":11,"4":14,"5":10,"6":2,"7":5,"8":1,"9":5,"20":6,"21":6},"LAST COALITION":[[],[{"utility":71,"ID":16},{"utility":80,"ID":17}],[],[{"utility":76,"ID":10},{"utility":74,"ID":27}],[{"utility":65,"ID":25},{"utility":91,"ID":29}],[{"utility":99,"ID":7},{"utility":90,"ID":11}],[{"utility":56,"ID":2},{"utility":98,"ID":21}],[{"utility":56,"ID":6},{"utility":70,"ID":20}],[{"utility":42,"ID":12},{"utility":88,"ID":28}],[{"utility":53,"ID":3},{"utility":62,"ID":13}],[{"utility":76,"ID":9},{"utility":65,"ID":30}],[{"utility":81,"ID":4},{"utility":99,"ID":14}],[{"utility":82,"ID":18},{"utility":98,"ID":26}],[{"utility":0,"ID":22}],[{"utility":0,"ID":8}],[{"utility":86,"ID":15},{"utility":87,"ID":24}],[{"utility":44,"ID":1},{"utility":86,"ID":23}],[],[{"utility":49,"ID":5},{"utility":69,"ID":19}],[],[],[],[],[],[],[],[],[],[],[],[]],"STARTING COALITION: ":[[null],[{"utility":36.333333333333336,"ID":2},{"utility":0,"ID":8},{"utility":74.66666666666667,"ID":19},{"utility":58.666666666666664,"ID":22}],[{"utility":53,"ID":6},{"utility":0,"ID":24}],[{"utility":0,"ID":25}],[],[{"utility":25.666666666666668,"ID":7},{"utility":11,"ID":9},{"utility":5,"ID":13},{"utility":30,"ID":23}],[{"utility":6,"ID":20},{"utility":0,"ID":21}],[],[{"utility":0,"ID":1},{"utility":59,"ID":15}],[{"utility":56.5,"ID":12},{"utility":84.5,"ID":14},{"utility":0,"ID":30}],[{"utility":0,"ID":5},{"utility":54,"ID":29}],[{"utility":0,"ID":3}],[{"utility":82,"ID":18},{"utility":98,"ID":26}],[{"utility":4,"ID":10},{"utility":0,"ID":11},{"utility":43.5,"ID":28}],[{"utility":0,"ID":4},{"utility":46,"ID":17}],[{"utility":0,"ID":16},{"utility":0,"ID":27}],[],[],[],[],[],[],[],[],[],[],[],[],[],[],[]],"CORE :":true,"Relazioni :":470,"Time : ":0.1,"LAST PARTITION":{"22":13,"23":16,"24":15,"25":4,"26":12,"27":3,"28":8,"29":4,"30":10,"10":3,"11":5,"12":8,"13":9,"14":11,"15":15,"16":1,"17":1,"18":12,"19":18,"1":16,"2":6,"3":9,"4":11,"5":18,"6":7,"7":5,"8":14,"9":10,"20":7,"21":6}},{"Modalità dinamica :":true,"Q : ":7,"STARTING PARTITION: ":{"22":1,"23":5,"24":2,"25":3,"26":12,"27":15,"28":13,"29":10,"30":9,"10":13,"11":13,"12":9,"13":5,"14":9,"15":8,"16":15,"17":14,"18":12,"19":1,"1":8,"2":1,"3":11,"4":14,"5":10,"6":2,"7":5,"8":1,"9":5,"20":6,"21":6},"LAST COALITION":[[],[{"utility":86,"ID":15},{"utility":87,"ID":24}],[{"utility":76,"ID":10},{"utility":74,"ID":27}],[{"utility":49,"ID":5},{"utility":69,"ID":19}],[{"utility":56,"ID":6},{"utility":70,"ID":20}],[{"utility":56,"ID":2},{"utility":98,"ID":21}],[],[{"utility":65,"ID":25},{"utility":91,"ID":29}],[{"utility":53,"ID":3},{"utility":62,"ID":13}],[{"utility":0,"ID":22}],[{"utility":82,"ID":18},{"utility":98,"ID":26}],[{"utility":0,"ID":8}],[{"utility":42,"ID":12},{"utility":88,"ID":28}],[{"utility":71,"ID":16},{"utility":80,"ID":17}],[{"utility":44,"ID":1},{"utility":86,"ID":23}],[{"utility":76,"ID":9},{"utility":65,"ID":30}],[{"utility":99,"ID":7},{"utility":90,"ID":11}],[],[],[{"utility":81,"ID":4},{"utility":99,"ID":14}],[],[],[],[],[],[],[],[],[],[],[]],"STARTING COALITION: ":[[null],[{"utility":36.333333333333336,"ID":2},{"utility":0,"ID":8},{"utility":74.66666666666667,"ID":19},{"utility":58.666666666666664,"ID":22}],[{"utility":53,"ID":6},{"utility":0,"ID":24}],[{"utility":0,"ID":25}],[],[{"utility":25.666666666666668,"ID":7},{"utility":11,"ID":9},{"utility":5,"ID":13},{"utility":30,"ID":23}],[{"utility":6,"ID":20},{"utility":0,"ID":21}],[],[{"utility":0,"ID":1},{"utility":59,"ID":15}],[{"utility":56.5,"ID":12},{"utility":84.5,"ID":14},{"utility":0,"ID":30}],[{"utility":0,"ID":5},{"utility":54,"ID":29}],[{"utility":0,"ID":3}],[{"utility":82,"ID":18},{"utility":98,"ID":26}],[{"utility":4,"ID":10},{"utility":0,"ID":11},{"utility":43.5,"ID":28}],[{"utility":0,"ID":4},{"utility":46,"ID":17}],[{"utility":0,"ID":16},{"utility":0,"ID":27}],[],[],[],[],[],[],[],[],[],[],[],[],[],[],[]],"CORE :":true,"Relazioni :":470,"Time : ":0.2,"LAST PARTITION":{"22":9,"23":14,"24":1,"25":7,"26":10,"27":2,"28":12,"29":7,"30":15,"10":2,"11":16,"12":12,"13":8,"14":19,"15":1,"16":13,"17":13,"18":10,"19":3,"1":14,"2":5,"3":8,"4":19,"5":3,"6":4,"7":16,"8":11,"9":15,"20":4,"21":5}},{"Modalità dinamica :":true,"Q : ":8,"STARTING PARTITION: ":{"22":1,"23":5,"24":2,"25":3,"26":12,"27":15,"28":13,"29":10,"30":9,"10":13,"11":13,"12":9,"13":5,"14":9,"15":8,"16":15,"17":14,"18":12,"19":1,"1":8,"2":1,"3":11,"4":14,"5":10,"6":2,"7":5,"8":1,"9":5,"20":6,"21":6},"LAST COALITION":[[],[{"utility":42,"ID":12},{"utility":88,"ID":28}],[{"utility":82,"ID":18},{"utility":98,"ID":26}],[{"utility":76,"ID":9},{"utility":65,"ID":30}],[{"utility":65,"ID":25},{"utility":91,"ID":29}],[{"utility":99,"ID":7},{"utility":90,"ID":11}],[{"utility":49,"ID":5},{"utility":69,"ID":19}],[{"utility":56,"ID":2},{"utility":98,"ID":21}],[{"utility":0,"ID":22}],[{"utility":44,"ID":1},{"utility":86,"ID":23}],[{"utility":0,"ID":8}],[{"utility":56,"ID":6},{"utility":70,"ID":20}],[{"utility":81,"ID":4},{"utility":99,"ID":14}],[{"utility":71,"ID":16},{"utility":80,"ID":17}],[{"utility":86,"ID":15},{"utility":87,"ID":24}],[{"utility":76,"ID":10},{"utility":74,"ID":27}],[],[{"utility":53,"ID":3},{"utility":62,"ID":13}],[],[],[],[],[],[],[],[],[],[],[],[],[]],"STARTING COALITION: ":[[null],[{"utility":36.333333333333336,"ID":2},{"utility":0,"ID":8},{"utility":74.66666666666667,"ID":19},{"utility":58.666666666666664,"ID":22}],[{"utility":53,"ID":6},{"utility":0,"ID":24}],[{"utility":0,"ID":25}],[],[{"utility":25.666666666666668,"ID":7},{"utility":11,"ID":9},{"utility":5,"ID":13},{"utility":30,"ID":23}],[{"utility":6,"ID":20},{"utility":0,"ID":21}],[],[{"utility":0,"ID":1},{"utility":59,"ID":15}],[{"utility":56.5,"ID":12},{"utility":84.5,"ID":14},{"utility":0,"ID":30}],[{"utility":0,"ID":5},{"utility":54,"ID":29}],[{"utility":0,"ID":3}],[{"utility":82,"ID":18},{"utility":98,"ID":26}],[{"utility":4,"ID":10},{"utility":0,"ID":11},{"utility":43.5,"ID":28}],[{"utility":0,"ID":4},{"utility":46,"ID":17}],[{"utility":0,"ID":16},{"utility":0,"ID":27}],[],[],[],[],[],[],[],[],[],[],[],[],[],[],[]],"CORE :":true,"Relazioni :":470,"Time : ":0.2,"LAST PARTITION":{"22":8,"23":9,"24":14,"25":4,"26":2,"27":15,"28":1,"29":4,"30":3,"10":15,"11":5,"12":1,"13":17,"14":12,"15":14,"16":13,"17":13,"18":2,"19":6,"1":9,"2":7,"3":17,"4":12,"5":6,"6":11,"7":5,"8":10,"9":3,"20":11,"21":7}},{"Modalità dinamica :":true,"Q : ":9,"STARTING PARTITION: ":{"22":1,"23":5,"24":2,"25":3,"26":12,"27":15,"28":13,"29":10,"30":9,"10":13,"11":13,"12":9,"13":5,"14":9,"15":8,"16":15,"17":14,"18":12,"19":1,"1":8,"2":1,"3":11,"4":14,"5":10,"6":2,"7":5,"8":1,"9":5,"20":6,"21":6},"LAST COALITION":[[],[{"utility":44,"ID":1},{"utility":86,"ID":23}],[{"utility":86,"ID":15},{"utility":87,"ID":24}],[{"utility":49,"ID":5},{"utility":69,"ID":19}],[{"utility":76,"ID":9},{"utility":65,"ID":30}],[{"utility":76,"ID":10},{"utility":74,"ID":27}],[{"utility":82,"ID":18},{"utility":98,"ID":26}],[{"utility":56,"ID":6},{"utility":70,"ID":20}],[],[{"utility":56,"ID":2},{"utility":98,"ID":21}],[{"utility":42,"ID":12},{"utility":88,"ID":28}],[{"utility":99,"ID":7},{"utility":90,"ID":11}],[{"utility":71,"ID":16},{"utility":80,"ID":17}],[{"utility":0,"ID":8}],[{"utility":0,"ID":22}],[{"utility":65,"ID":25},{"utility":91,"ID":29}],[{"utility":81,"ID":4},{"utility":99,"ID":14}],[],[],[{"utility":53,"ID":3},{"utility":62,"ID":13}],[],[],[],[],[],[],[],[],[],[],[]],"STARTING COALITION: ":[[null],[{"utility":36.333333333333336,"ID":2},{"utility":0,"ID":8},{"utility":74.66666666666667,"ID":19},{"utility":58.666666666666664,"ID":22}],[{"utility":53,"ID":6},{"utility":0,"ID":24}],[{"utility":0,"ID":25}],[],[{"utility":25.666666666666668,"ID":7},{"utility":11,"ID":9},{"utility":5,"ID":13},{"utility":30,"ID":23}],[{"utility":6,"ID":20},{"utility":0,"ID":21}],[],[{"utility":0,"ID":1},{"utility":59,"ID":15}],[{"utility":56.5,"ID":12},{"utility":84.5,"ID":14},{"utility":0,"ID":30}],[{"utility":0,"ID":5},{"utility":54,"ID":29}],[{"utility":0,"ID":3}],[{"utility":82,"ID":18},{"utility":98,"ID":26}],[{"utility":4,"ID":10},{"utility":0,"ID":11},{"utility":43.5,"ID":28}],[{"utility":0,"ID":4},{"utility":46,"ID":17}],[{"utility":0,"ID":16},{"utility":0,"ID":27}],[],[],[],[],[],[],[],[],[],[],[],[],[],[],[]],"CORE :":true,"Relazioni :":470,"Time : ":0.1,"LAST PARTITION":{"22":14,"23":1,"24":2,"25":15,"26":6,"27":5,"28":10,"29":15,"30":4,"10":5,"11":11,"12":10,"13":19,"14":16,"15":2,"16":12,"17":12,"18":6,"19":3,"1":1,"2":9,"3":19,"4":16,"5":3,"6":7,"7":11,"8":13,"9":4,"20":7,"21":9}},{"Modalità dinamica :":true,"Q : ":9,"STARTING PARTITION: ":{"22":1,"23":5,"24":2,"25":3,"26":12,"27":15,"28":13,"29":10,"30":9,"10":13,"11":13,"12":9,"13":5,"14":9,"15":8,"16":15,"17":14,"18":12,"19":1,"1":8,"2":1,"3":11,"4":14,"5":10,"6":2,"7":5,"8":1,"9":5,"20":6,"21":6},"LAST COALITION":[[],[{"utility":49,"ID":5},{"utility":69,"ID":19}],[{"utility":76,"ID":10},{"utility":74,"ID":27}],[{"utility":81,"ID":4},{"utility":99,"ID":14}],[{"utility":0,"ID":8}],[{"utility":86,"ID":15},{"utility":87,"ID":24}],[{"utility":0,"ID":22}],[],[{"utility":53,"ID":3},{"utility":62,"ID":13}],[{"utility":56,"ID":2},{"utility":98,"ID":21}],[{"utility":42,"ID":12},{"utility":88,"ID":28}],[{"utility":56,"ID":6},{"utility":70,"ID":20}],[{"utility":71,"ID":16},{"utility":80,"ID":17}],[{"utility":44,"ID":1},{"utility":86,"ID":23}],[{"utility":99,"ID":7},{"utility":90,"ID":11}],[],[{"utility":76,"ID":9},{"utility":65,"ID":30}],[{"utility":65,"ID":25},{"utility":91,"ID":29}],[{"utility":82,"ID":18},{"utility":98,"ID":26}],[],[],[],[],[],[],[],[],[],[],[],[]],"STARTING COALITION: ":[[null],[{"utility":36.333333333333336,"ID":2},{"utility":0,"ID":8},{"utility":74.66666666666667,"ID":19},{"utility":58.666666666666664,"ID":22}],[{"utility":53,"ID":6},{"utility":0,"ID":24}],[{"utility":0,"ID":25}],[],[{"utility":25.666666666666668,"ID":7},{"utility":11,"ID":9},{"utility":5,"ID":13},{"utility":30,"ID":23}],[{"utility":6,"ID":20},{"utility":0,"ID":21}],[],[{"utility":0,"ID":1},{"utility":59,"ID":15}],[{"utility":56.5,"ID":12},{"utility":84.5,"ID":14},{"utility":0,"ID":30}],[{"utility":0,"ID":5},{"utility":54,"ID":29}],[{"utility":0,"ID":3}],[{"utility":82,"ID":18},{"utility":98,"ID":26}],[{"utility":4,"ID":10},{"utility":0,"ID":11},{"utility":43.5,"ID":28}],[{"utility":0,"ID":4},{"utility":46,"ID":17}],[{"utility":0,"ID":16},{"utility":0,"ID":27}],[],[],[],[],[],[],[],[],[],[],[],[],[],[],[]],"CORE :":true,"Relazioni :":470,"Time : ":0.2,"LAST PARTITION":{"22":6,"23":13,"24":5,"25":17,"26":18,"27":2,"28":10,"29":17,"30":16,"10":2,"11":14,"12":10,"13":8,"14":3,"15":5,"16":12,"17":12,"18":18,"19":1,"1":13,"2":9,"3":8,"4":3,"5":1,"6":11,"7":14,"8":4,"9":16,"20":11,"21":9}},{"Modalità dinamica :":true,"Q : ":10,"STARTING PARTITION: ":{"22":1,"23":5,"24":2,"25":3,"26":12,"27":15,"28":13,"29":10,"30":9,"10":13,"11":13,"12":9,"13":5,"14":9,"15":8,"16":15,"17":14,"18":12,"19":1,"1":8,"2":1,"3":11,"4":14,"5":10,"6":2,"7":5,"8":1,"9":5,"20":6,"21":6},"LAST COALITION":[[],[{"utility":42,"ID":12},{"utility":88,"ID":28}],[{"utility":76,"ID":10},{"utility":74,"ID":27}],[{"utility":76,"ID":9},{"utility":65,"ID":30}],[{"utility":0,"ID":8}],[{"utility":56,"ID":6},{"utility":70,"ID":20}],[{"utility":49,"ID":5},{"utility":69,"ID":19}],[{"utility":81,"ID":4},{"utility":99,"ID":14}],[{"utility":53,"ID":3},{"utility":62,"ID":13}],[{"utility":44,"ID":1},{"utility":86,"ID":23}],[],[{"utility":99,"ID":7},{"utility":90,"ID":11}],[{"utility":82,"ID":18},{"utility":98,"ID":26}],[{"utility":56,"ID":2},{"utility":98,"ID":21}],[{"utility":0,"ID":22}],[{"utility":65,"ID":25},{"utility":91,"ID":29}],[{"utility":71,"ID":16},{"utility":80,"ID":17}],[{"utility":86,"ID":15},{"utility":87,"ID":24}],[],[],[],[],[],[],[],[],[],[],[],[],[]],"STARTING COALITION: ":[[null],[{"utility":36.333333333333336,"ID":2},{"utility":0,"ID":8},{"utility":74.66666666666667,"ID":19},{"utility":58.666666666666664,"ID":22}],[{"utility":53,"ID":6},{"utility":0,"ID":24}],[{"utility":0,"ID":25}],[],[{"utility":25.666666666666668,"ID":7},{"utility":11,"ID":9},{"utility":5,"ID":13},{"utility":30,"ID":23}],[{"utility":6,"ID":20},{"utility":0,"ID":21}],[],[{"utility":0,"ID":1},{"utility":59,"ID":15}],[{"utility":56.5,"ID":12},{"utility":84.5,"ID":14},{"utility":0,"ID":30}],[{"utility":0,"ID":5},{"utility":54,"ID":29}],[{"utility":0,"ID":3}],[{"utility":82,"ID":18},{"utility":98,"ID":26}],[{"utility":4,"ID":10},{"utility":0,"ID":11},{"utility":43.5,"ID":28}],[{"utility":0,"ID":4},{"utility":46,"ID":17}],[{"utility":0,"ID":16},{"utility":0,"ID":27}],[],[],[],[],[],[],[],[],[],[],[],[],[],[],[]],"CORE :":true,"Relazioni :":470,"Time : ":0.1,"LAST PARTITION":{"22":14,"23":9,"24":17,"25":15,"26":12,"27":2,"28":1,"29":15,"30":3,"10":2,"11":11,"12":1,"13":8,"14":7,"15":17,"16":16,"17":16,"18":12,"19":6,"1":9,"2":13,"3":8,"4":7,"5":6,"6":5,"7":11,"8":4,"9":3,"20":5,"21":13}},{"Modalità dinamica :":true,"Q : ":10,"STARTING PARTITION: ":{"22":1,"23":5,"24":2,"25":3,"26":12,"27":15,"28":13,"29":10,"30":9,"10":13,"11":13,"12":9,"13":5,"14":9,"15":8,"16":15,"17":14,"18":12,"19":1,"1":8,"2":1,"3":11,"4":14,"5":10,"6":2,"7":5,"8":1,"9":5,"20":6,"21":6},"LAST COALITION":[[],[{"utility":81,"ID":4},{"utility":99,"ID":14}],[{"utility":86,"ID":15},{"utility":87,"ID":24}],[{"utility":76,"ID":10},{"utility":74,"ID":27}],[{"utility":71,"ID":16},{"utility":80,"ID":17}],[],[{"utility":49,"ID":5},{"utility":69,"ID":19}],[{"utility":0,"ID":8}],[{"utility":44,"ID":1},{"utility":86,"ID":23}],[{"utility":65,"ID":25},{"utility":91,"ID":29}],[],[{"utility":0,"ID":22}],[{"utility":82,"ID":18},{"utility":98,"ID":26}],[{"utility":76,"ID":9},{"utility":65,"ID":30}],[{"utility":56,"ID":2},{"utility":98,"ID":21}],[{"utility":42,"ID":12},{"utility":88,"ID":28}],[{"utility":56,"ID":6},{"utility":70,"ID":20}],[{"utility":53,"ID":3},{"utility":62,"ID":13}],[{"utility":99,"ID":7},{"utility":90,"ID":11}],[],[],[],[],[],[],[],[],[],[],[],[]],"STARTING COALITION: ":[[null],[{"utility":36.333333333333336,"ID":2},{"utility":0,"ID":8},{"utility":74.66666666666667,"ID":19},{"utility":58.666666666666664,"ID":22}],[{"utility":53,"ID":6},{"utility":0,"ID":24}],[{"utility":0,"ID":25}],[],[{"utility":25.666666666666668,"ID":7},{"utility":11,"ID":9},{"utility":5,"ID":13},{"utility":30,"ID":23}],[{"utility":6,"ID":20},{"utility":0,"ID":21}],[],[{"utility":0,"ID":1},{"utility":59,"ID":15}],[{"utility":56.5,"ID":12},{"utility":84.5,"ID":14},{"utility":0,"ID":30}],[{"utility":0,"ID":5},{"utility":54,"ID":29}],[{"utility":0,"ID":3}],[{"utility":82,"ID":18},{"utility":98,"ID":26}],[{"utility":4,"ID":10},{"utility":0,"ID":11},{"utility":43.5,"ID":28}],[{"utility":0,"ID":4},{"utility":46,"ID":17}],[{"utility":0,"ID":16},{"utility":0,"ID":27}],[],[],[],[],[],[],[],[],[],[],[],[],[],[],[]],"CORE :":true,"Relazioni :":470,"Time : ":0.2,"LAST PARTITION":{"22":11,"23":8,"24":2,"25":9,"26":12,"27":3,"28":15,"29":9,"30":13,"10":3,"11":18,"12":15,"13":17,"14":1,"15":2,"16":4,"17":4,"18":12,"19":6,"1":8,"2":14,"3":17,"4":1,"5":6,"6":16,"7":18,"8":7,"9":13,"20":16,"21":14}},{"END OF FILE:" : true}]