[{"Modalità dinamica :":false,"Q : ":2,"STARTING PARTITION: ":{"22":10,"23":9,"24":9,"25":3,"26":4,"27":3,"28":2,"29":4,"30":10,"10":1,"11":14,"12":12,"13":8,"14":8,"15":13,"16":13,"17":9,"18":9,"19":5,"1":10,"2":3,"3":1,"4":4,"5":10,"6":4,"7":15,"8":12,"9":4,"20":11,"21":15},"LAST COALITION":[[],[{"utility":86,"ID":8},{"utility":57,"ID":11}],[{"utility":81,"ID":4},{"utility":55,"ID":17}],[{"utility":0,"ID":27}],[{"utility":90,"ID":26},{"utility":0,"ID":29}],[{"utility":0,"ID":19}],[{"utility":54,"ID":3},{"utility":65,"ID":20}],[{"utility":78,"ID":2},{"utility":26,"ID":15}],[{"utility":33,"ID":13},{"utility":21,"ID":14}],[{"utility":13,"ID":18},{"utility":38,"ID":23},{"utility":41.5,"ID":24}],[{"utility":0,"ID":30}],[{"utility":0,"ID":5}],[{"utility":36,"ID":7},{"utility":44,"ID":25}],[],[{"utility":83,"ID":9},{"utility":57,"ID":22}],[{"utility":0,"ID":21}],[{"utility":86,"ID":1},{"utility":41,"ID":28}],[{"utility":91,"ID":6},{"utility":73,"ID":16}],[{"utility":0,"ID":12}],[],[{"utility":0,"ID":10}],[],[],[],[],[],[],[],[],[],[]],"STARTING COALITION: ":[[null],[{"utility":0,"ID":3},{"utility":25,"ID":10}],[{"utility":0,"ID":28}],[{"utility":6,"ID":2},{"utility":2.5,"ID":25},{"utility":37,"ID":27}],[{"utility":48.5,"ID":4},{"utility":41.75,"ID":6},{"utility":16.5,"ID":9},{"utility":84.5,"ID":26},{"utility":32.5,"ID":29}],[{"utility":0,"ID":19}],[],[],[{"utility":33,"ID":13},{"utility":21,"ID":14}],[{"utility":42.333333333333336,"ID":17},{"utility":35,"ID":18},{"utility":25.333333333333332,"ID":23},{"utility":41.666666666666664,"ID":24}],[{"utility":48,"ID":1},{"utility":29.666666666666668,"ID":5},{"utility":50,"ID":22},{"utility":9.666666666666666,"ID":30}],[{"utility":0,"ID":20}],[{"utility":38,"ID":8},{"utility":15,"ID":12}],[{"utility":69,"ID":15},{"utility":64,"ID":16}],[{"utility":0,"ID":11}],[{"utility":28,"ID":7},{"utility":0,"ID":21}],[],[],[],[],[],[],[],[],[],[],[],[],[],[],[]],"CORE :":false,"Relazioni :":570,"Time : ":0.1,"LAST PARTITION":{"22":14,"23":9,"24":9,"25":12,"26":4,"27":3,"28":16,"29":4,"30":10,"10":20,"11":1,"12":18,"13":8,"14":8,"15":7,"16":17,"17":2,"18":9,"19":5,"1":16,"2":7,"3":6,"4":2,"5":11,"6":17,"7":12,"8":1,"9":14,"20":6,"21":15}},{"Modalità dinamica :":false,"Q : ":2,"STARTING PARTITION: ":{"22":10,"23":9,"24":9,"25":3,"26":4,"27":3,"28":2,"29":4,"30":10,"10":1,"11":14,"12":12,"13":8,"14":8,"15":13,"16":13,"17":9,"18":9,"19":5,"1":10,"2":3,"3":1,"4":4,"5":10,"6":4,"7":15,"8":12,"9":4,"20":11,"21":15},"LAST COALITION":[[],[{"utility":86,"ID":8},{"utility":57,"ID":11}],[{"utility":81,"ID":4},{"utility":55,"ID":17}],[{"utility":0,"ID":27}],[{"utility":90,"ID":26},{"utility":0,"ID":29}],[{"utility":0,"ID":19}],[{"utility":54,"ID":3},{"utility":65,"ID":20}],[{"utility":78,"ID":2},{"utility":26,"ID":15}],[{"utility":33,"ID":13},{"utility":21,"ID":14}],[{"utility":13,"ID":18},{"utility":38,"ID":23},{"utility":41.5,"ID":24}],[{"utility":0,"ID":30}],[{"utility":91,"ID":5},{"utility":15,"ID":25}],[{"utility":9,"ID":6},{"utility":43,"ID":7}],[{"utility":0,"ID":12}],[{"utility":83,"ID":9},{"utility":57,"ID":22}],[{"utility":0,"ID":21}],[{"utility":86,"ID":1},{"utility":41,"ID":28}],[],[{"utility":0,"ID":16}],[],[{"utility":0,"ID":10}],[],[],[],[],[],[],[],[],[],[]],"STARTING COALITION: ":[[null],[{"utility":0,"ID":3},{"utility":25,"ID":10}],[{"utility":0,"ID":28}],[{"utility":6,"ID":2},{"utility":2.5,"ID":25},{"utility":37,"ID":27}],[{"utility":48.5,"ID":4},{"utility":41.75,"ID":6},{"utility":16.5,"ID":9},{"utility":84.5,"ID":26},{"utility":32.5,"ID":29}],[{"utility":0,"ID":19}],[],[],[{"utility":33,"ID":13},{"utility":21,"ID":14}],[{"utility":42.333333333333336,"ID":17},{"utility":35,"ID":18},{"utility":25.333333333333332,"ID":23},{"utility":41.666666666666664,"ID":24}],[{"utility":48,"ID":1},{"utility":29.666666666666668,"ID":5},{"utility":50,"ID":22},{"utility":9.666666666666666,"ID":30}],[{"utility":0,"ID":20}],[{"utility":38,"ID":8},{"utility":15,"ID":12}],[{"utility":69,"ID":15},{"utility":64,"ID":16}],[{"utility":0,"ID":11}],[{"utility":28,"ID":7},{"utility":0,"ID":21}],[],[],[],[],[],[],[],[],[],[],[],[],[],[],[]],"CORE :":false,"Relazioni :":570,"Time : ":0.2,"LAST PARTITION":{"22":14,"23":9,"24":9,"25":11,"26":4,"27":3,"28":16,"29":4,"30":10,"10":20,"11":1,"12":13,"13":8,"14":8,"15":7,"16":18,"17":2,"18":9,"19":5,"1":16,"2":7,"3":6,"4":2,"5":11,"6":12,"7":12,"8":1,"9":14,"20":6,"21":15}},{"Modalità dinamica :":false,"Q : ":3,"STARTING PARTITION: ":{"22":10,"23":9,"24":9,"25":3,"26":4,"27":3,"28":2,"29":4,"30":10,"10":1,"11":14,"12":12,"13":8,"14":8,"15":13,"16":13,"17":9,"18":9,"19":5,"1":10,"2":3,"3":1,"4":4,"5":10,"6":4,"7":15,"8":12,"9":4,"20":11,"21":15},"LAST COALITION":[[],[{"utility":86,"ID":8},{"utility":57,"ID":11}],[{"utility":81,"ID":4},{"utility":55,"ID":17}],[{"utility":0,"ID":27}],[{"utility":90,"ID":26},{"utility":0,"ID":29}],[{"utility":0,"ID":19}],[{"utility":54,"ID":3},{"utility":65,"ID":20}],[{"utility":78,"ID":2},{"utility":26,"ID":15}],[{"utility":33,"ID":13},{"utility":21,"ID":14}],[{"utility":13,"ID":18},{"utility":38,"ID":23},{"utility":41.5,"ID":24}],[{"utility":0,"ID":30}],[{"utility":91,"ID":5},{"utility":15,"ID":25}],[{"utility":0,"ID":7}],[],[{"utility":83,"ID":9},{"utility":57,"ID":22}],[{"utility":0,"ID":21}],[{"utility":86,"ID":1},{"utility":41,"ID":28}],[{"utility":33,"ID":6},{"utility":65,"ID":12}],[{"utility":0,"ID":16}],[],[{"utility":0,"ID":10}],[],[],[],[],[],[],[],[],[],[]],"STARTING COALITION: ":[[null],[{"utility":0,"ID":3},{"utility":25,"ID":10}],[{"utility":0,"ID":28}],[{"utility":6,"ID":2},{"utility":2.5,"ID":25},{"utility":37,"ID":27}],[{"utility":48.5,"ID":4},{"utility":41.75,"ID":6},{"utility":16.5,"ID":9},{"utility":84.5,"ID":26},{"utility":32.5,"ID":29}],[{"utility":0,"ID":19}],[],[],[{"utility":33,"ID":13},{"utility":21,"ID":14}],[{"utility":42.333333333333336,"ID":17},{"utility":35,"ID":18},{"utility":25.333333333333332,"ID":23},{"utility":41.666666666666664,"ID":24}],[{"utility":48,"ID":1},{"utility":29.666666666666668,"ID":5},{"utility":50,"ID":22},{"utility":9.666666666666666,"ID":30}],[{"utility":0,"ID":20}],[{"utility":38,"ID":8},{"utility":15,"ID":12}],[{"utility":69,"ID":15},{"utility":64,"ID":16}],[{"utility":0,"ID":11}],[{"utility":28,"ID":7},{"utility":0,"ID":21}],[],[],[],[],[],[],[],[],[],[],[],[],[],[],[]],"CORE :":false,"Relazioni :":570,"Time : ":0.1,"LAST PARTITION":{"22":14,"23":9,"24":9,"25":11,"26":4,"27":3,"28":16,"29":4,"30":10,"10":20,"11":1,"12":17,"13":8,"14":8,"15":7,"16":18,"17":2,"18":9,"19":5,"1":16,"2":7,"3":6,"4":2,"5":11,"6":17,"7":12,"8":1,"9":14,"20":6,"21":15}},{"Modalità dinamica :":false,"Q : ":3,"STARTING PARTITION: ":{"22":10,"23":9,"24":9,"25":3,"26":4,"27":3,"28":2,"29":4,"30":10,"10":1,"11":14,"12":12,"13":8,"14":8,"15":13,"16":13,"17":9,"18":9,"19":5,"1":10,"2":3,"3":1,"4":4,"5":10,"6":4,"7":15,"8":12,"9":4,"20":11,"21":15},"LAST COALITION":[[],[{"utility":86,"ID":8},{"utility":57,"ID":11}],[{"utility":81,"ID":4},{"utility":55,"ID":17}],[{"utility":0,"ID":27}],[{"utility":90,"ID":26},{"utility":0,"ID":29}],[{"utility":0,"ID":19}],[{"utility":54,"ID":3},{"utility":65,"ID":20}],[{"utility":78,"ID":2},{"utility":26,"ID":15}],[{"utility":33,"ID":13},{"utility":21,"ID":14}],[{"utility":13,"ID":18},{"utility":38,"ID":23},{"utility":41.5,"ID":24}],[{"utility":0,"ID":30}],[{"utility":0,"ID":16}],[],[{"utility":9,"ID":6},{"utility":43,"ID":7}],[{"utility":83,"ID":9},{"utility":57,"ID":22}],[{"utility":0,"ID":21}],[{"utility":86,"ID":1},{"utility":41,"ID":28}],[{"utility":0,"ID":12}],[{"utility":0,"ID":25}],[],[{"utility":36,"ID":5},{"utility":45,"ID":10}],[],[],[],[],[],[],[],[],[],[]],"STARTING COALITION: ":[[null],[{"utility":0,"ID":3},{"utility":25,"ID":10}],[{"utility":0,"ID":28}],[{"utility":6,"ID":2},{"utility":2.5,"ID":25},{"utility":37,"ID":27}],[{"utility":48.5,"ID":4},{"utility":41.75,"ID":6},{"utility":16.5,"ID":9},{"utility":84.5,"ID":26},{"utility":32.5,"ID":29}],[{"utility":0,"ID":19}],[],[],[{"utility":33,"ID":13},{"utility":21,"ID":14}],[{"utility":42.333333333333336,"ID":17},{"utility":35,"ID":18},{"utility":25.333333333333332,"ID":23},{"utility":41.666666666666664,"ID":24}],[{"utility":48,"ID":1},{"utility":29.666666666666668,"ID":5},{"utility":50,"ID":22},{"utility":9.666666666666666,"ID":30}],[{"utility":0,"ID":20}],[{"utility":38,"ID":8},{"utility":15,"ID":12}],[{"utility":69,"ID":15},{"utility":64,"ID":16}],[{"utility":0,"ID":11}],[{"utility":28,"ID":7},{"utility":0,"ID":21}],[],[],[],[],[],[],[],[],[],[],[],[],[],[],[]],"CORE :":false,"Relazioni :":570,"Time : ":0.2,"LAST PARTITION":{"22":14,"23":9,"24":9,"25":18,"26":4,"27":3,"28":16,"29":4,"30":10,"10":20,"11":1,"12":17,"13":8,"14":8,"15":7,"16":11,"17":2,"18":9,"19":5,"1":16,"2":7,"3":6,"4":2,"5":20,"6":13,"7":13,"8":1,"9":14,"20":6,"21":15}},{"Modalità dinamica :":false,"Q : ":4,"STARTING PARTITION: ":{"22":10,"23":9,"24":9,"25":3,"26":4,"27":3,"28":2,"29":4,"30":10,"10":1,"11":14,"12":12,"13":8,"14":8,"15":13,"16":13,"17":9,"18":9,"19":5,"1":10,"2":3,"3":1,"4":4,"5":10,"6":4,"7":15,"8":12,"9":4,"20":11,"21":15},"LAST COALITION":[[],[{"utility":86,"ID":8},{"utility":57,"ID":11}],[{"utility":55,"ID":17},{"utility":81,"ID":4}],[{"utility":0,"ID":27}],[{"utility":90,"ID":26},{"utility":0,"ID":29}],[{"utility":0,"ID":19}],[{"utility":54,"ID":3},{"utility":65,"ID":20}],[{"utility":78,"ID":2},{"utility":26,"ID":15}],[{"utility":33,"ID":13},{"utility":21,"ID":14}],[{"utility":13,"ID":18},{"utility":38,"ID":23},{"utility":41.5,"ID":24}],[{"utility":0,"ID":30}],[{"utility":91,"ID":5},{"utility":15,"ID":25}],[{"utility":0,"ID":12}],[],[{"utility":57,"ID":22},{"utility":83,"ID":9}],[{"utility":0,"ID":21}],[{"utility":86,"ID":1},{"utility":41,"ID":28}],[{"utility":0,"ID":7}],[{"utility":73,"ID":16},{"utility":91,"ID":6}],[],[{"utility":0,"ID":10}],[],[],[],[],[],[],[],[],[],[]],"STARTING COALITION: ":[[null],[{"utility":0,"ID":3},{"utility":25,"ID":10}],[{"utility":0,"ID":28}],[{"utility":6,"ID":2},{"utility":2.5,"ID":25},{"utility":37,"ID":27}],[{"utility":48.5,"ID":4},{"utility":41.75,"ID":6},{"utility":16.5,"ID":9},{"utility":84.5,"ID":26},{"utility":32.5,"ID":29}],[{"utility":0,"ID":19}],[],[],[{"utility":33,"ID":13},{"utility":21,"ID":14}],[{"utility":42.333333333333336,"ID":17},{"utility":35,"ID":18},{"utility":25.333333333333332,"ID":23},{"utility":41.666666666666664,"ID":24}],[{"utility":48,"ID":1},{"utility":29.666666666666668,"ID":5},{"utility":50,"ID":22},{"utility":9.666666666666666,"ID":30}],[{"utility":0,"ID":20}],[{"utility":38,"ID":8},{"utility":15,"ID":12}],[{"utility":69,"ID":15},{"utility":64,"ID":16}],[{"utility":0,"ID":11}],[{"utility":28,"ID":7},{"utility":0,"ID":21}],[],[],[],[],[],[],[],[],[],[],[],[],[],[],[]],"CORE :":false,"Relazioni :":570,"Time : ":0.1,"LAST PARTITION":{"22":14,"23":9,"24":9,"25":11,"26":4,"27":3,"28":16,"29":4,"30":10,"10":20,"11":1,"12":12,"13":8,"14":8,"15":7,"16":18,"17":2,"18":9,"19":5,"1":16,"2":7,"3":6,"4":2,"5":11,"6":18,"7":17,"8":1,"9":14,"20":6,"21":15}},{"Modalità dinamica :":false,"Q : ":4,"STARTING PARTITION: ":{"22":10,"23":9,"24":9,"25":3,"26":4,"27":3,"28":2,"29":4,"30":10,"10":1,"11":14,"12":12,"13":8,"14":8,"15":13,"16":13,"17":9,"18":9,"19":5,"1":10,"2":3,"3":1,"4":4,"5":10,"6":4,"7":15,"8":12,"9":4,"20":11,"21":15},"LAST COALITION":[[],[{"utility":86,"ID":8},{"utility":57,"ID":11}],[{"utility":55,"ID":17},{"utility":81,"ID":4}],[{"utility":0,"ID":27}],[{"utility":90,"ID":26},{"utility":0,"ID":29}],[{"utility":0,"ID":19}],[{"utility":54,"ID":3},{"utility":65,"ID":20}],[{"utility":78,"ID":2},{"utility":26,"ID":15}],[{"utility":33,"ID":13},{"utility":21,"ID":14}],[{"utility":13,"ID":18},{"utility":38,"ID":23},{"utility":41.5,"ID":24}],[{"utility":0,"ID":30}],[{"utility":88,"ID":16},{"utility":55,"ID":5}],[{"utility":36,"ID":7},{"utility":44,"ID":25}],[{"utility":0,"ID":10}],[{"utility":57,"ID":22},{"utility":83,"ID":9}],[{"utility":0,"ID":21}],[{"utility":86,"ID":1},{"utility":41,"ID":28}],[{"utility":0,"ID":6}],[{"utility":0,"ID":12}],[],[],[],[],[],[],[],[],[],[],[],[]],"STARTING COALITION: ":[[null],[{"utility":0,"ID":3},{"utility":25,"ID":10}],[{"utility":0,"ID":28}],[{"utility":6,"ID":2},{"utility":2.5,"ID":25},{"utility":37,"ID":27}],[{"utility":48.5,"ID":4},{"utility":41.75,"ID":6},{"utility":16.5,"ID":9},{"utility":84.5,"ID":26},{"utility":32.5,"ID":29}],[{"utility":0,"ID":19}],[],[],[{"utility":33,"ID":13},{"utility":21,"ID":14}],[{"utility":42.333333333333336,"ID":17},{"utility":35,"ID":18},{"utility":25.333333333333332,"ID":23},{"utility":41.666666666666664,"ID":24}],[{"utility":48,"ID":1},{"utility":29.666666666666668,"ID":5},{"utility":50,"ID":22},{"utility":9.666666666666666,"ID":30}],[{"utility":0,"ID":20}],[{"utility":38,"ID":8},{"utility":15,"ID":12}],[{"utility":69,"ID":15},{"utility":64,"ID":16}],[{"utility":0,"ID":11}],[{"utility":28,"ID":7},{"utility":0,"ID":21}],[],[],[],[],[],[],[],[],[],[],[],[],[],[],[]],"CORE :":false,"Relazioni :":570,"Time : ":0.2,"LAST PARTITION":{"22":14,"23":9,"24":9,"25":12,"26":4,"27":3,"28":16,"29":4,"30":10,"10":13,"11":1,"12":18,"13":8,"14":8,"15":7,"16":11,"17":2,"18":9,"19":5,"1":16,"2":7,"3":6,"4":2,"5":11,"6":17,"7":12,"8":1,"9":14,"20":6,"21":15}},{"Modalità dinamica :":false,"Q : ":5,"STARTING PARTITION: ":{"22":10,"23":9,"24":9,"25":3,"26":4,"27":3,"28":2,"29":4,"30":10,"10":1,"11":14,"12":12,"13":8,"14":8,"15":13,"16":13,"17":9,"18":9,"19":5,"1":10,"2":3,"3":1,"4":4,"5":10,"6":4,"7":15,"8":12,"9":4,"20":11,"21":15},"LAST COALITION":[[],[{"utility":86,"ID":8},{"utility":57,"ID":11}],[{"utility":55,"ID":17},{"utility":81,"ID":4}],[{"utility":0,"ID":27}],[{"utility":90,"ID":26},{"utility":0,"ID":29}],[{"utility":0,"ID":19}],[{"utility":54,"ID":3},{"utility":65,"ID":20}],[{"utility":78,"ID":2},{"utility":26,"ID":15}],[{"utility":33,"ID":13},{"utility":21,"ID":14}],[{"utility":13,"ID":18},{"utility":38,"ID":23},{"utility":41.5,"ID":24}],[{"utility":0,"ID":30}],[{"utility":0,"ID":16}],[],[{"utility":9,"ID":6},{"utility":43,"ID":7}],[{"utility":57,"ID":22},{"utility":83,"ID":9}],[{"utility":0,"ID":21}],[{"utility":86,"ID":1},{"utility":41,"ID":28}],[{"utility":0,"ID":12}],[{"utility":0,"ID":25}],[],[{"utility":36,"ID":5},{"utility":45,"ID":10}],[],[],[],[],[],[],[],[],[],[]],"STARTING COALITION: ":[[null],[{"utility":0,"ID":3},{"utility":25,"ID":10}],[{"utility":0,"ID":28}],[{"utility":6,"ID":2},{"utility":2.5,"ID":25},{"utility":37,"ID":27}],[{"utility":48.5,"ID":4},{"utility":41.75,"ID":6},{"utility":16.5,"ID":9},{"utility":84.5,"ID":26},{"utility":32.5,"ID":29}],[{"utility":0,"ID":19}],[],[],[{"utility":33,"ID":13},{"utility":21,"ID":14}],[{"utility":42.333333333333336,"ID":17},{"utility":35,"ID":18},{"utility":25.333333333333332,"ID":23},{"utility":41.666666666666664,"ID":24}],[{"utility":48,"ID":1},{"utility":29.666666666666668,"ID":5},{"utility":50,"ID":22},{"utility":9.666666666666666,"ID":30}],[{"utility":0,"ID":20}],[{"utility":38,"ID":8},{"utility":15,"ID":12}],[{"utility":69,"ID":15},{"utility":64,"ID":16}],[{"utility":0,"ID":11}],[{"utility":28,"ID":7},{"utility":0,"ID":21}],[],[],[],[],[],[],[],[],[],[],[],[],[],[],[]],"CORE :":false,"Relazioni :":570,"Time : ":0.1,"LAST PARTITION":{"22":14,"23":9,"24":9,"25":18,"26":4,"27":3,"28":16,"29":4,"30":10,"10":20,"11":1,"12":17,"13":8,"14":8,"15":7,"16":11,"17":2,"18":9,"19":5,"1":16,"2":7,"3":6,"4":2,"5":20,"6":13,"7":13,"8":1,"9":14,"20":6,"21":15}},{"Modalità dinamica :":false,"Q : ":5,"STARTING PARTITION: ":{"22":10,"23":9,"24":9,"25":3,"26":4,"27":3,"28":2,"29":4,"30":10,"10":1,"11":14,"12":12,"13":8,"14":8,"15":13,"16":13,"17":9,"18":9,"19":5,"1":10,"2":3,"3":1,"4":4,"5":10,"6":4,"7":15,"8":12,"9":4,"20":11,"21":15},"LAST COALITION":[[],[{"utility":86,"ID":8},{"utility":57,"ID":11}],[{"utility":55,"ID":17},{"utility":81,"ID":4}],[{"utility":0,"ID":27}],[{"utility":90,"ID":26},{"utility":0,"ID":29}],[{"utility":0,"ID":19}],[{"utility":54,"ID":3},{"utility":65,"ID":20}],[{"utility":78,"ID":2},{"utility":26,"ID":15}],[{"utility":33,"ID":13},{"utility":21,"ID":14}],[{"utility":13,"ID":18},{"utility":38,"ID":23},{"utility":41.5,"ID":24}],[{"utility":0,"ID":30}],[],[{"utility":0,"ID":12}],[{"utility":36,"ID":7},{"utility":44,"ID":25}],[{"utility":57,"ID":22},{"utility":83,"ID":9}],[{"utility":0,"ID":21}],[{"utility":86,"ID":1},{"utility":41,"ID":28}],[{"utility":36,"ID":5},{"utility":45,"ID":10}],[{"utility":73,"ID":16},{"utility":91,"ID":6}],[],[],[],[],[],[],[],[],[],[],[],[]],"STARTING COALITION: ":[[null],[{"utility":0,"ID":3},{"utility":25,"ID":10}],[{"utility":0,"ID":28}],[{"utility":6,"ID":2},{"utility":2.5,"ID":25},{"utility":37,"ID":27}],[{"utility":48.5,"ID":4},{"utility":41.75,"ID":6},{"utility":16.5,"ID":9},{"utility":84.5,"ID":26},{"utility":32.5,"ID":29}],[{"utility":0,"ID":19}],[],[],[{"utility":33,"ID":13},{"utility":21,"ID":14}],[{"utility":42.333333333333336,"ID":17},{"utility":35,"ID":18},{"utility":25.333333333333332,"ID":23},{"utility":41.666666666666664,"ID":24}],[{"utility":48,"ID":1},{"utility":29.666666666666668,"ID":5},{"utility":50,"ID":22},{"utility":9.666666666666666,"ID":30}],[{"utility":0,"ID":20}],[{"utility":38,"ID":8},{"utility":15,"ID":12}],[{"utility":69,"ID":15},{"utility":64,"ID":16}],[{"utility":0,"ID":11}],[{"utility":28,"ID":7},{"utility":0,"ID":21}],[],[],[],[],[],[],[],[],[],[],[],[],[],[],[]],"CORE :":false,"Relazioni :":570,"Time : ":0.2,"LAST PARTITION":{"22":14,"23":9,"24":9,"25":13,"26":4,"27":3,"28":16,"29":4,"30":10,"10":17,"11":1,"12":12,"13":8,"14":8,"15":7,"16":18,"17":2,"18":9,"19":5,"1":16,"2":7,"3":6,"4":2,"5":17,"6":18,"7":13,"8":1,"9":14,"20":6,"21":15}},{"Modalità dinamica :":false,"Q : ":6,"STARTING PARTITION: ":{"22":10,"23":9,"24":9,"25":3,"26":4,"27":3,"28":2,"29":4,"30":10,"10":1,"11":14,"12":12,"13":8,"14":8,"15":13,"16":13,"17":9,"18":9,"19":5,"1":10,"2":3,"3":1,"4":4,"5":10,"6":4,"7":15,"8":12,"9":4,"20":11,"21":15},"LAST COALITION":[[],[{"utility":86,"ID":8},{"utility":57,"ID":11}],[{"utility":55,"ID":17},{"utility":81,"ID":4}],[{"utility":0,"ID":27}],[{"utility":90,"ID":26},{"utility":0,"ID":29}],[{"utility":0,"ID":19}],[{"utility":54,"ID":3},{"utility":65,"ID":20}],[{"utility":78,"ID":2},{"utility":26,"ID":15}],[{"utility":33,"ID":13},{"utility":21,"ID":14}],[{"utility":13,"ID":18},{"utility":38,"ID":23},{"utility":41.5,"ID":24}],[{"utility":0,"ID":30}],[{"utility":88,"ID":16},{"utility":55,"ID":5}],[{"utility":0,"ID":6}],[{"utility":0,"ID":12}],[{"utility":57,"ID":22},{"utility":83,"ID":9}],[{"utility":0,"ID":21}],[{"utility":86,"ID":1},{"utility":41,"ID":28}],[{"utility":36,"ID":7},{"utility":44,"ID":25}],[{"utility":0,"ID":10}],[],[],[],[],[],[],[],[],[],[],[],[]],"STARTING COALITION: ":[[null],[{"utility":0,"ID":3},{"utility":25,"ID":10}],[{"utility":0,"ID":28}],[{"utility":6,"ID":2},{"utility":2.5,"ID":25},{"utility":37,"ID":27}],[{"utility":48.5,"ID":4},{"utility":41.75,"ID":6},{"utility":16.5,"ID":9},{"utility":84.5,"ID":26},{"utility":32.5,"ID":29}],[{"utility":0,"ID":19}],[],[],[{"utility":33,"ID":13},{"utility":21,"ID":14}],[{"utility":42.333333333333336,"ID":17},{"utility":35,"ID":18},{"utility":25.333333333333332,"ID":23},{"utility":41.666666666666664,"ID":24}],[{"utility":48,"ID":1},{"utility":29.666666666666668,"ID":5},{"utility":50,"ID":22},{"utility":9.666666666666666,"ID":30}],[{"utility":0,"ID":20}],[{"utility":38,"ID":8},{"utility":15,"ID":12}],[{"utility":69,"ID":15},{"utility":64,"ID":16}],[{"utility":0,"ID":11}],[{"utility":28,"ID":7},{"utility":0,"ID":21}],[],[],[],[],[],[],[],[],[],[],[],[],[],[],[]],"CORE :":false,"Relazioni :":570,"Time : ":0.1,"LAST PARTITION":{"22":14,"23":9,"24":9,"25":17,"26":4,"27":3,"28":16,"29":4,"30":10,"10":18,"11":1,"12":13,"13":8,"14":8,"15":7,"16":11,"17":2,"18":9,"19":5,"1":16,"2":7,"3":6,"4":2,"5":11,"6":12,"7":17,"8":1,"9":14,"20":6,"21":15}},{"Modalità dinamica :":false,"Q : ":6,"STARTING PARTITION: ":{"22":10,"23":9,"24":9,"25":3,"26":4,"27":3,"28":2,"29":4,"30":10,"10":1,"11":14,"12":12,"13":8,"14":8,"15":13,"16":13,"17":9,"18":9,"19":5,"1":10,"2":3,"3":1,"4":4,"5":10,"6":4,"7":15,"8":12,"9":4,"20":11,"21":15},"LAST COALITION":[[],[{"utility":86,"ID":8},{"utility":57,"ID":11}],[{"utility":55,"ID":17},{"utility":81,"ID":4}],[{"utility":0,"ID":27}],[{"utility":90,"ID":26},{"utility":0,"ID":29}],[{"utility":0,"ID":19}],[{"utility":54,"ID":3},{"utility":65,"ID":20}],[{"utility":78,"ID":2},{"utility":26,"ID":15}],[{"utility":33,"ID":13},{"utility":21,"ID":14}],[{"utility":13,"ID":18},{"utility":38,"ID":23},{"utility":41.5,"ID":24}],[{"utility":0,"ID":30}],[],[{"utility":88,"ID":16},{"utility":55,"ID":5}],[{"utility":9,"ID":6},{"utility":43,"ID":7}],[{"utility":57,"ID":22},{"utility":83,"ID":9}],[{"utility":0,"ID":21}],[{"utility":86,"ID":1},{"utility":41,"ID":28}],[{"utility":0,"ID":12}],[{"utility":0,"ID":25}],[],[{"utility":0,"ID":10}],[],[],[],[],[],[],[],[],[],[]],"STARTING COALITION: ":[[null],[{"utility":0,"ID":3},{"utility":25,"ID":10}],[{"utility":0,"ID":28}],[{"utility":6,"ID":2},{"utility":2.5,"ID":25},{"utility":37,"ID":27}],[{"utility":48.5,"ID":4},{"utility":41.75,"ID":6},{"utility":16.5,"ID":9},{"utility":84.5,"ID":26},{"utility":32.5,"ID":29}],[{"utility":0,"ID":19}],[],[],[{"utility":33,"ID":13},{"utility":21,"ID":14}],[{"utility":42.333333333333336,"ID":17},{"utility":35,"ID":18},{"utility":25.333333333333332,"ID":23},{"utility":41.666666666666664,"ID":24}],[{"utility":48,"ID":1},{"utility":29.666666666666668,"ID":5},{"utility":50,"ID":22},{"utility":9.666666666666666,"ID":30}],[{"utility":0,"ID":20}],[{"utility":38,"ID":8},{"utility":15,"ID":12}],[{"utility":69,"ID":15},{"utility":64,"ID":16}],[{"utility":0,"ID":11}],[{"utility":28,"ID":7},{"utility":0,"ID":21}],[],[],[],[],[],[],[],[],[],[],[],[],[],[],[]],"CORE :":false,"Relazioni :":570,"Time : ":0.2,"LAST PARTITION":{"22":14,"23":9,"24":9,"25":18,"26":4,"27":3,"28":16,"29":4,"30":10,"10":20,"11":1,"12":17,"13":8,"14":8,"15":7,"16":12,"17":2,"18":9,"19":5,"1":16,"2":7,"3":6,"4":2,"5":12,"6":13,"7":13,"8":1,"9":14,"20":6,"21":15}},{"Modalità dinamica :":false,"Q : ":7,"STARTING PARTITION: ":{"22":10,"23":9,"24":9,"25":3,"26":4,"27":3,"28":2,"29":4,"30":10,"10":1,"11":14,"12":12,"13":8,"14":8,"15":13,"16":13,"17":9,"18":9,"19":5,"1":10,"2":3,"3":1,"4":4,"5":10,"6":4,"7":15,"8":12,"9":4,"20":11,"21":15},"LAST COALITION":[[],[{"utility":86,"ID":8},{"utility":57,"ID":11}],[{"utility":55,"ID":17},{"utility":81,"ID":4}],[{"utility":0,"ID":27}],[{"utility":90,"ID":26},{"utility":0,"ID":29}],[{"utility":0,"ID":19}],[{"utility":54,"ID":3},{"utility":65,"ID":20}],[{"utility":78,"ID":2},{"utility":26,"ID":15}],[{"utility":33,"ID":13},{"utility":21,"ID":14}],[{"utility":13,"ID":18},{"utility":38,"ID":23},{"utility":41.5,"ID":24}],[{"utility":0,"ID":30}],[{"utility":91,"ID":5},{"utility":15,"ID":25}],[{"utility":9,"ID":6},{"utility":43,"ID":7}],[{"utility":0,"ID":12}],[{"utility":57,"ID":22},{"utility":83,"ID":9}],[{"utility":0,"ID":21}],[{"utility":86,"ID":1},{"utility":41,"ID":28}],[],[{"utility":0,"ID":16}],[],[{"utility":0,"ID":10}],[],[],[],[],[],[],[],[],[],[]],"STARTING COALITION: ":[[null],[{"utility":0,"ID":3},{"utility":25,"ID":10}],[{"utility":0,"ID":28}],[{"utility":6,"ID":2},{"utility":2.5,"ID":25},{"utility":37,"ID":27}],[{"utility":48.5,"ID":4},{"utility":41.75,"ID":6},{"utility":16.5,"ID":9},{"utility":84.5,"ID":26},{"utility":32.5,"ID":29}],[{"utility":0,"ID":19}],[],[],[{"utility":33,"ID":13},{"utility":21,"ID":14}],[{"utility":42.333333333333336,"ID":17},{"utility":35,"ID":18},{"utility":25.333333333333332,"ID":23},{"utility":41.666666666666664,"ID":24}],[{"utility":48,"ID":1},{"utility":29.666666666666668,"ID":5},{"utility":50,"ID":22},{"utility":9.666666666666666,"ID":30}],[{"utility":0,"ID":20}],[{"utility":38,"ID":8},{"utility":15,"ID":12}],[{"utility":69,"ID":15},{"utility":64,"ID":16}],[{"utility":0,"ID":11}],[{"utility":28,"ID":7},{"utility":0,"ID":21}],[],[],[],[],[],[],[],[],[],[],[],[],[],[],[]],"CORE :":false,"Relazioni :":570,"Time : ":0.1,"LAST PARTITION":{"22":14,"23":9,"24":9,"25":11,"26":4,"27":3,"28":16,"29":4,"30":10,"10":20,"11":1,"12":13,"13":8,"14":8,"15":7,"16":18,"17":2,"18":9,"19":5,"1":16,"2":7,"3":6,"4":2,"5":11,"6":12,"7":12,"8":1,"9":14,"20":6,"21":15}},{"Modalità dinamica :":false,"Q : ":7,"STARTING PARTITION: ":{"22":10,"23":9,"24":9,"25":3,"26":4,"27":3,"28":2,"29":4,"30":10,"10":1,"11":14,"12":12,"13":8,"14":8,"15":13,"16":13,"17":9,"18":9,"19":5,"1":10,"2":3,"3":1,"4":4,"5":10,"6":4,"7":15,"8":12,"9":4,"20":11,"21":15},"LAST COALITION":[[],[{"utility":86,"ID":8},{"utility":57,"ID":11}],[{"utility":55,"ID":17},{"utility":81,"ID":4}],[{"utility":0,"ID":27}],[{"utility":90,"ID":26},{"utility":0,"ID":29}],[{"utility":0,"ID":19}],[{"utility":54,"ID":3},{"utility":65,"ID":20}],[{"utility":78,"ID":2},{"utility":26,"ID":15}],[{"utility":33,"ID":13},{"utility":21,"ID":14}],[{"utility":13,"ID":18},{"utility":38,"ID":23},{"utility":41.5,"ID":24}],[{"utility":0,"ID":30}],[{"utility":91,"ID":5},{"utility":15,"ID":25}],[{"utility":0,"ID":12}],[],[{"utility":57,"ID":22},{"utility":83,"ID":9}],[{"utility":0,"ID":21}],[{"utility":86,"ID":1},{"utility":41,"ID":28}],[{"utility":0,"ID":7}],[{"utility":73,"ID":16},{"utility":91,"ID":6}],[],[{"utility":0,"ID":10}],[],[],[],[],[],[],[],[],[],[]],"STARTING COALITION: ":[[null],[{"utility":0,"ID":3},{"utility":25,"ID":10}],[{"utility":0,"ID":28}],[{"utility":6,"ID":2},{"utility":2.5,"ID":25},{"utility":37,"ID":27}],[{"utility":48.5,"ID":4},{"utility":41.75,"ID":6},{"utility":16.5,"ID":9},{"utility":84.5,"ID":26},{"utility":32.5,"ID":29}],[{"utility":0,"ID":19}],[],[],[{"utility":33,"ID":13},{"utility":21,"ID":14}],[{"utility":42.333333333333336,"ID":17},{"utility":35,"ID":18},{"utility":25.333333333333332,"ID":23},{"utility":41.666666666666664,"ID":24}],[{"utility":48,"ID":1},{"utility":29.666666666666668,"ID":5},{"utility":50,"ID":22},{"utility":9.666666666666666,"ID":30}],[{"utility":0,"ID":20}],[{"utility":38,"ID":8},{"utility":15,"ID":12}],[{"utility":69,"ID":15},{"utility":64,"ID":16}],[{"utility":0,"ID":11}],[{"utility":28,"ID":7},{"utility":0,"ID":21}],[],[],[],[],[],[],[],[],[],[],[],[],[],[],[]],"CORE :":false,"Relazioni :":570,"Time : ":0.2,"LAST PARTITION":{"22":14,"23":9,"24":9,"25":11,"26":4,"27":3,"28":16,"29":4,"30":10,"10":20,"11":1,"12":12,"13":8,"14":8,"15":7,"16":18,"17":2,"18":9,"19":5,"1":16,"2":7,"3":6,"4":2,"5":11,"6":18,"7":17,"8":1,"9":14,"20":6,"21":15}},{"Modalità dinamica :":false,"Q : ":8,"STARTING PARTITION: ":{"22":10,"23":9,"24":9,"25":3,"26":4,"27":3,"28":2,"29":4,"30":10,"10":1,"11":14,"12":12,"13":8,"14":8,"15":13,"16":13,"17":9,"18":9,"19":5,"1":10,"2":3,"3":1,"4":4,"5":10,"6":4,"7":15,"8":12,"9":4,"20":11,"21":15},"LAST COALITION":[[],[{"utility":86,"ID":8},{"utility":57,"ID":11}],[{"utility":55,"ID":17},{"utility":81,"ID":4}],[{"utility":0,"ID":27}],[{"utility":90,"ID":26},{"utility":0,"ID":29}],[{"utility":0,"ID":19}],[{"utility":54,"ID":3},{"utility":65,"ID":20}],[{"utility":78,"ID":2},{"utility":26,"ID":15}],[{"utility":33,"ID":13},{"utility":21,"ID":14}],[{"utility":13,"ID":18},{"utility":38,"ID":23},{"utility":41.5,"ID":24}],[{"utility":0,"ID":30}],[{"utility":0,"ID":16}],[{"utility":0,"ID":25}],[],[{"utility":57,"ID":22},{"utility":83,"ID":9}],[{"utility":0,"ID":21}],[{"utility":86,"ID":1},{"utility":41,"ID":28}],[{"utility":9,"ID":6},{"utility":43,"ID":7}],[{"utility":0,"ID":12}],[],[{"utility":36,"ID":5},{"utility":45,"ID":10}],[],[],[],[],[],[],[],[],[],[]],"STARTING COALITION: ":[[null],[{"utility":0,"ID":3},{"utility":25,"ID":10}],[{"utility":0,"ID":28}],[{"utility":6,"ID":2},{"utility":2.5,"ID":25},{"utility":37,"ID":27}],[{"utility":48.5,"ID":4},{"utility":41.75,"ID":6},{"utility":16.5,"ID":9},{"utility":84.5,"ID":26},{"utility":32.5,"ID":29}],[{"utility":0,"ID":19}],[],[],[{"utility":33,"ID":13},{"utility":21,"ID":14}],[{"utility":42.333333333333336,"ID":17},{"utility":35,"ID":18},{"utility":25.333333333333332,"ID":23},{"utility":41.666666666666664,"ID":24}],[{"utility":48,"ID":1},{"utility":29.666666666666668,"ID":5},{"utility":50,"ID":22},{"utility":9.666666666666666,"ID":30}],[{"utility":0,"ID":20}],[{"utility":38,"ID":8},{"utility":15,"ID":12}],[{"utility":69,"ID":15},{"utility":64,"ID":16}],[{"utility":0,"ID":11}],[{"utility":28,"ID":7},{"utility":0,"ID":21}],[],[],[],[],[],[],[],[],[],[],[],[],[],[],[]],"CORE :":false,"Relazioni :":570,"Time : ":0.1,"LAST PARTITION":{"22":14,"23":9,"24":9,"25":12,"26":4,"27":3,"28":16,"29":4,"30":10,"10":20,"11":1,"12":18,"13":8,"14":8,"15":7,"16":11,"17":2,"18":9,"19":5,"1":16,"2":7,"3":6,"4":2,"5":20,"6":17,"7":17,"8":1,"9":14,"20":6,"21":15}},{"Modalità dinamica :":false,"Q : ":8,"STARTING PARTITION: ":{"22":10,"23":9,"24":9,"25":3,"26":4,"27":3,"28":2,"29":4,"30":10,"10":1,"11":14,"12":12,"13":8,"14":8,"15":13,"16":13,"17":9,"18":9,"19":5,"1":10,"2":3,"3":1,"4":4,"5":10,"6":4,"7":15,"8":12,"9":4,"20":11,"21":15},"LAST COALITION":[[],[{"utility":86,"ID":8},{"utility":57,"ID":11}],[{"utility":55,"ID":17},{"utility":81,"ID":4}],[{"utility":0,"ID":27}],[{"utility":90,"ID":26},{"utility":0,"ID":29}],[{"utility":0,"ID":19}],[{"utility":54,"ID":3},{"utility":65,"ID":20}],[{"utility":78,"ID":2},{"utility":26,"ID":15}],[{"utility":33,"ID":13},{"utility":21,"ID":14}],[{"utility":13,"ID":18},{"utility":38,"ID":23},{"utility":41.5,"ID":24}],[{"utility":0,"ID":30}],[{"utility":91,"ID":5},{"utility":15,"ID":25}],[{"utility":0,"ID":7}],[],[{"utility":57,"ID":22},{"utility":83,"ID":9}],[{"utility":0,"ID":21}],[{"utility":86,"ID":1},{"utility":41,"ID":28}],[{"utility":33,"ID":6},{"utility":65,"ID":12}],[{"utility":0,"ID":16}],[],[{"utility":0,"ID":10}],[],[],[],[],[],[],[],[],[],[]],"STARTING COALITION: ":[[null],[{"utility":0,"ID":3},{"utility":25,"ID":10}],[{"utility":0,"ID":28}],[{"utility":6,"ID":2},{"utility":2.5,"ID":25},{"utility":37,"ID":27}],[{"utility":48.5,"ID":4},{"utility":41.75,"ID":6},{"utility":16.5,"ID":9},{"utility":84.5,"ID":26},{"utility":32.5,"ID":29}],[{"utility":0,"ID":19}],[],[],[{"utility":33,"ID":13},{"utility":21,"ID":14}],[{"utility":42.333333333333336,"ID":17},{"utility":35,"ID":18},{"utility":25.333333333333332,"ID":23},{"utility":41.666666666666664,"ID":24}],[{"utility":48,"ID":1},{"utility":29.666666666666668,"ID":5},{"utility":50,"ID":22},{"utility":9.666666666666666,"ID":30}],[{"utility":0,"ID":20}],[{"utility":38,"ID":8},{"utility":15,"ID":12}],[{"utility":69,"ID":15},{"utility":64,"ID":16}],[{"utility":0,"ID":11}],[{"utility":28,"ID":7},{"utility":0,"ID":21}],[],[],[],[],[],[],[],[],[],[],[],[],[],[],[]],"CORE :":false,"Relazioni :":570,"Time : ":0.2,"LAST PARTITION":{"22":14,"23":9,"24":9,"25":11,"26":4,"27":3,"28":16,"29":4,"30":10,"10":20,"11":1,"12":17,"13":8,"14":8,"15":7,"16":18,"17":2,"18":9,"19":5,"1":16,"2":7,"3":6,"4":2,"5":11,"6":17,"7":12,"8":1,"9":14,"20":6,"21":15}},{"Modalità dinamica :":false,"Q : ":9,"STARTING PARTITION: ":{"22":10,"23":9,"24":9,"25":3,"26":4,"27":3,"28":2,"29":4,"30":10,"10":1,"11":14,"12":12,"13":8,"14":8,"15":13,"16":13,"17":9,"18":9,"19":5,"1":10,"2":3,"3":1,"4":4,"5":10,"6":4,"7":15,"8":12,"9":4,"20":11,"21":15},"LAST COALITION":[[],[{"utility":86,"ID":8},{"utility":57,"ID":11}],[{"utility":55,"ID":17},{"utility":81,"ID":4}],[{"utility":0,"ID":27}],[{"utility":90,"ID":26},{"utility":0,"ID":29}],[{"utility":0,"ID":19}],[{"utility":54,"ID":3},{"utility":65,"ID":20}],[{"utility":78,"ID":2},{"utility":26,"ID":15}],[{"utility":33,"ID":13},{"utility":21,"ID":14}],[{"utility":13,"ID":18},{"utility":38,"ID":23},{"utility":41.5,"ID":24}],[{"utility":0,"ID":30}],[{"utility":0,"ID":16}],[{"utility":0,"ID":12}],[{"utility":0,"ID":25}],[{"utility":57,"ID":22},{"utility":83,"ID":9}],[{"utility":0,"ID":21}],[{"utility":86,"ID":1},{"utility":41,"ID":28}],[{"utility":0,"ID":10}],[{"utility":9,"ID":6},{"utility":43,"ID":7}],[{"utility":0,"ID":5}],[],[],[],[],[],[],[],[],[],[],[]],"STARTING COALITION: ":[[null],[{"utility":0,"ID":3},{"utility":25,"ID":10}],[{"utility":0,"ID":28}],[{"utility":6,"ID":2},{"utility":2.5,"ID":25},{"utility":37,"ID":27}],[{"utility":48.5,"ID":4},{"utility":41.75,"ID":6},{"utility":16.5,"ID":9},{"utility":84.5,"ID":26},{"utility":32.5,"ID":29}],[{"utility":0,"ID":19}],[],[],[{"utility":33,"ID":13},{"utility":21,"ID":14}],[{"utility":42.333333333333336,"ID":17},{"utility":35,"ID":18},{"utility":25.333333333333332,"ID":23},{"utility":41.666666666666664,"ID":24}],[{"utility":48,"ID":1},{"utility":29.666666666666668,"ID":5},{"utility":50,"ID":22},{"utility":9.666666666666666,"ID":30}],[{"utility":0,"ID":20}],[{"utility":38,"ID":8},{"utility":15,"ID":12}],[{"utility":69,"ID":15},{"utility":64,"ID":16}],[{"utility":0,"ID":11}],[{"utility":28,"ID":7},{"utility":0,"ID":21}],[],[],[],[],[],[],[],[],[],[],[],[],[],[],[]],"CORE :":false,"Relazioni :":570,"Time : ":0.1,"LAST PARTITION":{"22":14,"23":9,"24":9,"25":13,"26":4,"27":3,"28":16,"29":4,"30":10,"10":17,"11":1,"12":12,"13":8,"14":8,"15":7,"16":11,"17":2,"18":9,"19":5,"1":16,"2":7,"3":6,"4":2,"5":19,"6":18,"7":18,"8":1,"9":14,"20":6,"21":15}},{"Modalità dinamica :":false,"Q : ":9,"STARTING PARTITION: ":{"22":10,"23":9,"24":9,"25":3,"26":4,"27":3,"28":2,"29":4,"30":10,"10":1,"11":14,"12":12,"13":8,"14":8,"15":13,"16":13,"17":9,"18":9,"19":5,"1":10,"2":3,"3":1,"4":4,"5":10,"6":4,"7":15,"8":12,"9":4,"20":11,"21":15},"LAST COALITION":[[],[{"utility":86,"ID":8},{"utility":57,"ID":11}],[{"utility":55,"ID":17},{"utility":81,"ID":4}],[{"utility":0,"ID":27}],[{"utility":90,"ID":26},{"utility":0,"ID":29}],[{"utility":0,"ID":19}],[{"utility":54,"ID":3},{"utility":65,"ID":20}],[{"utility":78,"ID":2},{"utility":26,"ID":15}],[{"utility":33,"ID":13},{"utility":21,"ID":14}],[{"utility":13,"ID":18},{"utility":38,"ID":23},{"utility":41.5,"ID":24}],[{"utility":0,"ID":30}],[{"utility":0,"ID":16}],[{"utility":0,"ID":10}],[],[{"utility":57,"ID":22},{"utility":83,"ID":9}],[{"utility":0,"ID":21}],[{"utility":86,"ID":1},{"utility":41,"ID":28}],[{"utility":0,"ID":12}],[{"utility":36,"ID":7},{"utility":44,"ID":25}],[{"utility":80,"ID":5},{"utility":1,"ID":6}],[],[],[],[],[],[],[],[],[],[],[]],"STARTING COALITION: ":[[null],[{"utility":0,"ID":3},{"utility":25,"ID":10}],[{"utility":0,"ID":28}],[{"utility":6,"ID":2},{"utility":2.5,"ID":25},{"utility":37,"ID":27}],[{"utility":48.5,"ID":4},{"utility":41.75,"ID":6},{"utility":16.5,"ID":9},{"utility":84.5,"ID":26},{"utility":32.5,"ID":29}],[{"utility":0,"ID":19}],[],[],[{"utility":33,"ID":13},{"utility":21,"ID":14}],[{"utility":42.333333333333336,"ID":17},{"utility":35,"ID":18},{"utility":25.333333333333332,"ID":23},{"utility":41.666666666666664,"ID":24}],[{"utility":48,"ID":1},{"utility":29.666666666666668,"ID":5},{"utility":50,"ID":22},{"utility":9.666666666666666,"ID":30}],[{"utility":0,"ID":20}],[{"utility":38,"ID":8},{"utility":15,"ID":12}],[{"utility":69,"ID":15},{"utility":64,"ID":16}],[{"utility":0,"ID":11}],[{"utility":28,"ID":7},{"utility":0,"ID":21}],[],[],[],[],[],[],[],[],[],[],[],[],[],[],[]],"CORE :":false,"Relazioni :":570,"Time : ":0.2,"LAST PARTITION":{"22":14,"23":9,"24":9,"25":18,"26":4,"27":3,"28":16,"29":4,"30":10,"10":12,"11":1,"12":17,"13":8,"14":8,"15":7,"16":11,"17":2,"18":9,"19":5,"1":16,"2":7,"3":6,"4":2,"5":19,"6":19,"7":18,"8":1,"9":14,"20":6,"21":15}},{"Modalità dinamica :":false,"Q : ":10,"STARTING PARTITION: ":{"22":10,"23":9,"24":9,"25":3,"26":4,"27":3,"28":2,"29":4,"30":10,"10":1,"11":14,"12":12,"13":8,"14":8,"15":13,"16":13,"17":9,"18":9,"19":5,"1":10,"2":3,"3":1,"4":4,"5":10,"6":4,"7":15,"8":12,"9":4,"20":11,"21":15},"LAST COALITION":[[],[{"utility":86,"ID":8},{"utility":57,"ID":11}],[{"utility":55,"ID":17},{"utility":81,"ID":4}],[{"utility":0,"ID":27}],[{"utility":90,"ID":26},{"utility":0,"ID":29}],[{"utility":0,"ID":19}],[{"utility":54,"ID":3},{"utility":65,"ID":20}],[{"utility":78,"ID":2},{"utility":26,"ID":15}],[{"utility":33,"ID":13},{"utility":21,"ID":14}],[{"utility":13,"ID":18},{"utility":38,"ID":23},{"utility":41.5,"ID":24}],[{"utility":0,"ID":30}],[{"utility":88,"ID":16},{"utility":55,"ID":5}],[{"utility":36,"ID":7},{"utility":44,"ID":25}],[{"utility":0,"ID":10}],[{"utility":57,"ID":22},{"utility":83,"ID":9}],[{"utility":0,"ID":21}],[{"utility":86,"ID":1},{"utility":41,"ID":28}],[{"utility":0,"ID":6}],[{"utility":0,"ID":12}],[],[],[],[],[],[],[],[],[],[],[],[]],"STARTING COALITION: ":[[null],[{"utility":0,"ID":3},{"utility":25,"ID":10}],[{"utility":0,"ID":28}],[{"utility":6,"ID":2},{"utility":2.5,"ID":25},{"utility":37,"ID":27}],[{"utility":48.5,"ID":4},{"utility":41.75,"ID":6},{"utility":16.5,"ID":9},{"utility":84.5,"ID":26},{"utility":32.5,"ID":29}],[{"utility":0,"ID":19}],[],[],[{"utility":33,"ID":13},{"utility":21,"ID":14}],[{"utility":42.333333333333336,"ID":17},{"utility":35,"ID":18},{"utility":25.333333333333332,"ID":23},{"utility":41.666666666666664,"ID":24}],[{"utility":48,"ID":1},{"utility":29.666666666666668,"ID":5},{"utility":50,"ID":22},{"utility":9.666666666666666,"ID":30}],[{"utility":0,"ID":20}],[{"utility":38,"ID":8},{"utility":15,"ID":12}],[{"utility":69,"ID":15},{"utility":64,"ID":16}],[{"utility":0,"ID":11}],[{"utility":28,"ID":7},{"utility":0,"ID":21}],[],[],[],[],[],[],[],[],[],[],[],[],[],[],[]],"CORE :":false,"Relazioni :":570,"Time : ":0.1,"LAST PARTITION":{"22":14,"23":9,"24":9,"25":12,"26":4,"27":3,"28":16,"29":4,"30":10,"10":13,"11":1,"12":18,"13":8,"14":8,"15":7,"16":11,"17":2,"18":9,"19":5,"1":16,"2":7,"3":6,"4":2,"5":11,"6":17,"7":12,"8":1,"9":14,"20":6,"21":15}},{"Modalità dinamica :":false,"Q : ":10,"STARTING PARTITION: ":{"22":10,"23":9,"24":9,"25":3,"26":4,"27":3,"28":2,"29":4,"30":10,"10":1,"11":14,"12":12,"13":8,"14":8,"15":13,"16":13,"17":9,"18":9,"19":5,"1":10,"2":3,"3":1,"4":4,"5":10,"6":4,"7":15,"8":12,"9":4,"20":11,"21":15},"LAST COALITION":[[],[{"utility":86,"ID":8},{"utility":57,"ID":11}],[{"utility":55,"ID":17},{"utility":81,"ID":4}],[{"utility":0,"ID":27}],[{"utility":90,"ID":26},{"utility":0,"ID":29}],[{"utility":0,"ID":19}],[{"utility":54,"ID":3},{"utility":65,"ID":20}],[{"utility":78,"ID":2},{"utility":26,"ID":15}],[{"utility":33,"ID":13},{"utility":21,"ID":14}],[{"utility":13,"ID":18},{"utility":38,"ID":23},{"utility":41.5,"ID":24}],[{"utility":0,"ID":30}],[{"utility":91,"ID":5},{"utility":15,"ID":25}],[{"utility":73,"ID":16},{"utility":91,"ID":6}],[{"utility":0,"ID":12}],[{"utility":57,"ID":22},{"utility":83,"ID":9}],[{"utility":0,"ID":21}],[{"utility":86,"ID":1},{"utility":41,"ID":28}],[],[{"utility":0,"ID":7}],[],[{"utility":0,"ID":10}],[],[],[],[],[],[],[],[],[],[]],"STARTING COALITION: ":[[null],[{"utility":0,"ID":3},{"utility":25,"ID":10}],[{"utility":0,"ID":28}],[{"utility":6,"ID":2},{"utility":2.5,"ID":25},{"utility":37,"ID":27}],[{"utility":48.5,"ID":4},{"utility":41.75,"ID":6},{"utility":16.5,"ID":9},{"utility":84.5,"ID":26},{"utility":32.5,"ID":29}],[{"utility":0,"ID":19}],[],[],[{"utility":33,"ID":13},{"utility":21,"ID":14}],[{"utility":42.333333333333336,"ID":17},{"utility":35,"ID":18},{"utility":25.333333333333332,"ID":23},{"utility":41.666666666666664,"ID":24}],[{"utility":48,"ID":1},{"utility":29.666666666666668,"ID":5},{"utility":50,"ID":22},{"utility":9.666666666666666,"ID":30}],[{"utility":0,"ID":20}],[{"utility":38,"ID":8},{"utility":15,"ID":12}],[{"utility":69,"ID":15},{"utility":64,"ID":16}],[{"utility":0,"ID":11}],[{"utility":28,"ID":7},{"utility":0,"ID":21}],[],[],[],[],[],[],[],[],[],[],[],[],[],[],[]],"CORE :":false,"Relazioni :":570,"Time : ":0.2,"LAST PARTITION":{"22":14,"23":9,"24":9,"25":11,"26":4,"27":3,"28":16,"29":4,"30":10,"10":20,"11":1,"12":13,"13":8,"14":8,"15":7,"16":12,"17":2,"18":9,"19":5,"1":16,"2":7,"3":6,"4":2,"5":11,"6":12,"7":18,"8":1,"9":14,"20":6,"21":15}},{"Modalità dinamica :":true,"Q : ":2,"STARTING PARTITION: ":{"22":10,"23":9,"24":9,"25":3,"26":4,"27":3,"28":2,"29":4,"30":10,"10":1,"11":14,"12":12,"13":8,"14":8,"15":13,"16":13,"17":9,"18":9,"19":5,"1":10,"2":3,"3":1,"4":4,"5":10,"6":4,"7":15,"8":12,"9":4,"20":11,"21":15},"LAST COALITION":[[],[{"utility":57,"ID":1},{"utility":94,"ID":18}],[{"utility":91,"ID":5},{"utility":15,"ID":25}],[{"utility":58,"ID":7},{"utility":26,"ID":24}],[{"utility":59,"ID":12},{"utility":6,"ID":19}],[],[{"utility":64,"ID":15},{"utility":73,"ID":23}],[],[{"utility":78,"ID":22},{"utility":96,"ID":27}],[{"utility":86,"ID":8},{"utility":57,"ID":11}],[{"utility":85,"ID":14},{"utility":67,"ID":26}],[{"utility":98,"ID":2},{"utility":82,"ID":9}],[{"utility":95,"ID":13},{"utility":11,"ID":29}],[{"utility":54,"ID":3},{"utility":65,"ID":20}],[],[{"utility":81,"ID":4},{"utility":55,"ID":17}],[{"utility":80,"ID":10},{"utility":88,"ID":28}],[{"utility":81,"ID":6},{"utility":87,"ID":30}],[],[{"utility":99,"ID":16},{"utility":67,"ID":21}],[],[],[],[],[],[],[],[],[],[],[]],"STARTING COALITION: ":[[null],[{"utility":0,"ID":3},{"utility":25,"ID":10}],[{"utility":0,"ID":28}],[{"utility":6,"ID":2},{"utility":2.5,"ID":25},{"utility":37,"ID":27}],[{"utility":48.5,"ID":4},{"utility":41.75,"ID":6},{"utility":16.5,"ID":9},{"utility":84.5,"ID":26},{"utility":32.5,"ID":29}],[{"utility":0,"ID":19}],[],[],[{"utility":33,"ID":13},{"utility":21,"ID":14}],[{"utility":42.333333333333336,"ID":17},{"utility":35,"ID":18},{"utility":25.333333333333332,"ID":23},{"utility":41.666666666666664,"ID":24}],[{"utility":48,"ID":1},{"utility":29.666666666666668,"ID":5},{"utility":50,"ID":22},{"utility":9.666666666666666,"ID":30}],[{"utility":0,"ID":20}],[{"utility":38,"ID":8},{"utility":15,"ID":12}],[{"utility":69,"ID":15},{"utility":64,"ID":16}],[{"utility":0,"ID":11}],[{"utility":28,"ID":7},{"utility":0,"ID":21}],[],[],[],[],[],[],[],[],[],[],[],[],[],[],[]],"CORE :":true,"Relazioni :":570,"Time : ":0.1,"LAST PARTITION":{"22":8,"23":6,"24":3,"25":2,"26":10,"27":8,"28":16,"29":12,"30":17,"10":16,"11":9,"12":4,"13":12,"14":10,"15":6,"16":19,"17":15,"18":1,"19":4,"1":1,"2":11,"3":13,"4":15,"5":2,"6":17,"7":3,"8":9,"9":11,"20":13,"21":19}},{"Modalità dinamica :":true,"Q : ":2,"STARTING PARTITION: ":{"22":10,"23":9,"24":9,"25":3,"26":4,"27":3,"28":2,"29":4,"30":10,"10":1,"11":14,"12":12,"13":8,"14":8,"15":13,"16":13,"17":9,"18":9,"19":5,"1":10,"2":3,"3":1,"4":4,"5":10,"6":4,"7":15,"8":12,"9":4,"20":11,"21":15},"LAST COALITION":[[],[{"utility":99,"ID":16},{"utility":67,"ID":21}],[{"utility":91,"ID":5},{"utility":15,"ID":25}],[{"utility":57,"ID":1},{"utility":94,"ID":18}],[{"utility":98,"ID":2},{"utility":82,"ID":9}],[{"utility":54,"ID":3},{"utility":65,"ID":20}],[],[{"utility":58,"ID":7},{"utility":26,"ID":24}],[{"utility":81,"ID":6},{"utility":87,"ID":30}],[{"utility":59,"ID":12},{"utility":6,"ID":19}],[{"utility":81,"ID":4},{"utility":55,"ID":17}],[{"utility":80,"ID":10},{"utility":88,"ID":28}],[{"utility":85,"ID":14},{"utility":67,"ID":26}],[{"utility":64,"ID":15},{"utility":73,"ID":23}],[{"utility":86,"ID":8},{"utility":57,"ID":11}],[],[{"utility":95,"ID":13},{"utility":11,"ID":29}],[],[],[],[{"utility":78,"ID":22},{"utility":96,"ID":27}],[],[],[],[],[],[],[],[],[],[]],"STARTING COALITION: ":[[null],[{"utility":0,"ID":3},{"utility":25,"ID":10}],[{"utility":0,"ID":28}],[{"utility":6,"ID":2},{"utility":2.5,"ID":25},{"utility":37,"ID":27}],[{"utility":48.5,"ID":4},{"utility":41.75,"ID":6},{"utility":16.5,"ID":9},{"utility":84.5,"ID":26},{"utility":32.5,"ID":29}],[{"utility":0,"ID":19}],[],[],[{"utility":33,"ID":13},{"utility":21,"ID":14}],[{"utility":42.333333333333336,"ID":17},{"utility":35,"ID":18},{"utility":25.333333333333332,"ID":23},{"utility":41.666666666666664,"ID":24}],[{"utility":48,"ID":1},{"utility":29.666666666666668,"ID":5},{"utility":50,"ID":22},{"utility":9.666666666666666,"ID":30}],[{"utility":0,"ID":20}],[{"utility":38,"ID":8},{"utility":15,"ID":12}],[{"utility":69,"ID":15},{"utility":64,"ID":16}],[{"utility":0,"ID":11}],[{"utility":28,"ID":7},{"utility":0,"ID":21}],[],[],[],[],[],[],[],[],[],[],[],[],[],[],[]],"CORE :":true,"Relazioni :":570,"Time : ":0.2,"LAST PARTITION":{"22":20,"23":13,"24":7,"25":2,"26":12,"27":20,"28":11,"29":16,"30":8,"10":11,"11":14,"12":9,"13":16,"14":12,"15":13,"16":1,"17":10,"18":3,"19":9,"1":3,"2":4,"3":5,"4":10,"5":2,"6":8,"7":7,"8":14,"9":4,"20":5,"21":1}},{"Modalità dinamica :":true,"Q : ":3,"STARTING PARTITION: ":{"22":10,"23":9,"24":9,"25":3,"26":4,"27":3,"28":2,"29":4,"30":10,"10":1,"11":14,"12":12,"13":8,"14":8,"15":13,"16":13,"17":9,"18":9,"19":5,"1":10,"2":3,"3":1,"4":4,"5":10,"6":4,"7":15,"8":12,"9":4,"20":11,"21":15},"LAST COALITION":[[],[{"utility":99,"ID":16},{"utility":67,"ID":21}],[{"utility":98,"ID":2},{"utility":82,"ID":9}],[{"utility":54,"ID":3},{"utility":65,"ID":20}],[{"utility":78,"ID":22},{"utility":96,"ID":27}],[{"utility":64,"ID":15},{"utility":73,"ID":23}],[{"utility":81,"ID":6},{"utility":87,"ID":30}],[{"utility":95,"ID":13},{"utility":11,"ID":29}],[{"utility":59,"ID":12},{"utility":6,"ID":19}],[{"utility":58,"ID":7},{"utility":26,"ID":24}],[{"utility":91,"ID":5},{"utility":15,"ID":25}],[{"utility":57,"ID":1},{"utility":94,"ID":18}],[],[{"utility":81,"ID":4},{"utility":55,"ID":17}],[{"utility":80,"ID":10},{"utility":88,"ID":28}],[{"utility":85,"ID":14},{"utility":67,"ID":26}],[],[],[{"utility":86,"ID":8},{"utility":57,"ID":11}],[],[],[],[],[],[],[],[],[],[],[],[]],"STARTING COALITION: ":[[null],[{"utility":0,"ID":3},{"utility":25,"ID":10}],[{"utility":0,"ID":28}],[{"utility":6,"ID":2},{"utility":2.5,"ID":25},{"utility":37,"ID":27}],[{"utility":48.5,"ID":4},{"utility":41.75,"ID":6},{"utility":16.5,"ID":9},{"utility":84.5,"ID":26},{"utility":32.5,"ID":29}],[{"utility":0,"ID":19}],[],[],[{"utility":33,"ID":13},{"utility":21,"ID":14}],[{"utility":42.333333333333336,"ID":17},{"utility":35,"ID":18},{"utility":25.333333333333332,"ID":23},{"utility":41.666666666666664,"ID":24}],[{"utility":48,"ID":1},{"utility":29.666666666666668,"ID":5},{"utility":50,"ID":22},{"utility":9.666666666666666,"ID":30}],[{"utility":0,"ID":20}],[{"utility":38,"ID":8},{"utility":15,"ID":12}],[{"utility":69,"ID":15},{"utility":64,"ID":16}],[{"utility":0,"ID":11}],[{"utility":28,"ID":7},{"utility":0,"ID":21}],[],[],[],[],[],[],[],[],[],[],[],[],[],[],[]],"CORE :":true,"Relazioni :":570,"Time : ":0.1,"LAST PARTITION":{"22":4,"23":5,"24":9,"25":10,"26":15,"27":4,"28":14,"29":7,"30":6,"10":14,"11":18,"12":8,"13":7,"14":15,"15":5,"16":1,"17":13,"18":11,"19":8,"1":11,"2":2,"3":3,"4":13,"5":10,"6":6,"7":9,"8":18,"9":2,"20":3,"21":1}},{"Modalità dinamica :":true,"Q : ":3,"STARTING PARTITION: ":{"22":10,"23":9,"24":9,"25":3,"26":4,"27":3,"28":2,"29":4,"30":10,"10":1,"11":14,"12":12,"13":8,"14":8,"15":13,"16":13,"17":9,"18":9,"19":5,"1":10,"2":3,"3":1,"4":4,"5":10,"6":4,"7":15,"8":12,"9":4,"20":11,"21":15},"LAST COALITION":[[],[{"utility":85,"ID":14},{"utility":67,"ID":26}],[{"utility":95,"ID":13},{"utility":11,"ID":29}],[{"utility":91,"ID":5},{"utility":15,"ID":25}],[{"utility":98,"ID":2},{"utility":82,"ID":9}],[],[{"utility":81,"ID":6},{"utility":87,"ID":30}],[{"utility":86,"ID":8},{"utility":57,"ID":11}],[{"utility":54,"ID":3},{"utility":65,"ID":20}],[{"utility":78,"ID":22},{"utility":96,"ID":27}],[],[{"utility":58,"ID":7},{"utility":26,"ID":24}],[{"utility":80,"ID":10},{"utility":88,"ID":28}],[{"utility":59,"ID":12},{"utility":6,"ID":19}],[{"utility":99,"ID":16},{"utility":67,"ID":21}],[{"utility":81,"ID":4},{"utility":55,"ID":17}],[{"utility":57,"ID":1},{"utility":94,"ID":18}],[],[{"utility":64,"ID":15},{"utility":73,"ID":23}],[],[],[],[],[],[],[],[],[],[],[],[]],"STARTING COALITION: ":[[null],[{"utility":0,"ID":3},{"utility":25,"ID":10}],[{"utility":0,"ID":28}],[{"utility":6,"ID":2},{"utility":2.5,"ID":25},{"utility":37,"ID":27}],[{"utility":48.5,"ID":4},{"utility":41.75,"ID":6},{"utility":16.5,"ID":9},{"utility":84.5,"ID":26},{"utility":32.5,"ID":29}],[{"utility":0,"ID":19}],[],[],[{"utility":33,"ID":13},{"utility":21,"ID":14}],[{"utility":42.333333333333336,"ID":17},{"utility":35,"ID":18},{"utility":25.333333333333332,"ID":23},{"utility":41.666666666666664,"ID":24}],[{"utility":48,"ID":1},{"utility":29.666666666666668,"ID":5},{"utility":50,"ID":22},{"utility":9.666666666666666,"ID":30}],[{"utility":0,"ID":20}],[{"utility":38,"ID":8},{"utility":15,"ID":12}],[{"utility":69,"ID":15},{"utility":64,"ID":16}],[{"utility":0,"ID":11}],[{"utility":28,"ID":7},{"utility":0,"ID":21}],[],[],[],[],[],[],[],[],[],[],[],[],[],[],[]],"CORE :":true,"Relazioni :":570,"Time : ":0.2,"LAST PARTITION":{"22":9,"23":18,"24":11,"25":3,"26":1,"27":9,"28":12,"29":2,"30":6,"10":12,"11":7,"12":13,"13":2,"14":1,"15":18,"16":14,"17":15,"18":16,"19":13,"1":16,"2":4,"3":8,"4":15,"5":3,"6":6,"7":11,"8":7,"9":4,"20":8,"21":14}},{"Modalità dinamica :":true,"Q : ":4,"STARTING PARTITION: ":{"22":10,"23":9,"24":9,"25":3,"26":4,"27":3,"28":2,"29":4,"30":10,"10":1,"11":14,"12":12,"13":8,"14":8,"15":13,"16":13,"17":9,"18":9,"19":5,"1":10,"2":3,"3":1,"4":4,"5":10,"6":4,"7":15,"8":12,"9":4,"20":11,"21":15},"LAST COALITION":[[],[{"utility":36,"ID":7},{"utility":44,"ID":25}],[{"utility":39.5,"ID":4},{"utility":85.5,"ID":22},{"utility":67.5,"ID":29}],[{"utility":80,"ID":10},{"utility":88,"ID":28}],[],[],[{"utility":64,"ID":15},{"utility":73,"ID":23}],[{"utility":81,"ID":6},{"utility":87,"ID":30}],[{"utility":57,"ID":1},{"utility":94,"ID":18}],[{"utility":98,"ID":2},{"utility":82,"ID":9}],[{"utility":0,"ID":13}],[{"utility":54,"ID":3},{"utility":65,"ID":20}],[{"utility":50,"ID":5},{"utility":72,"ID":17}],[{"utility":85,"ID":14},{"utility":67,"ID":26}],[{"utility":97,"ID":24},{"utility":94,"ID":27}],[{"utility":99,"ID":16},{"utility":67,"ID":21}],[{"utility":59,"ID":12},{"utility":6,"ID":19}],[],[],[],[{"utility":86,"ID":8},{"utility":57,"ID":11}],[],[],[],[],[],[],[],[],[],[]],"STARTING COALITION: ":[[null],[{"utility":0,"ID":3},{"utility":25,"ID":10}],[{"utility":0,"ID":28}],[{"utility":6,"ID":2},{"utility":2.5,"ID":25},{"utility":37,"ID":27}],[{"utility":48.5,"ID":4},{"utility":41.75,"ID":6},{"utility":16.5,"ID":9},{"utility":84.5,"ID":26},{"utility":32.5,"ID":29}],[{"utility":0,"ID":19}],[],[],[{"utility":33,"ID":13},{"utility":21,"ID":14}],[{"utility":42.333333333333336,"ID":17},{"utility":35,"ID":18},{"utility":25.333333333333332,"ID":23},{"utility":41.666666666666664,"ID":24}],[{"utility":48,"ID":1},{"utility":29.666666666666668,"ID":5},{"utility":50,"ID":22},{"utility":9.666666666666666,"ID":30}],[{"utility":0,"ID":20}],[{"utility":38,"ID":8},{"utility":15,"ID":12}],[{"utility":69,"ID":15},{"utility":64,"ID":16}],[{"utility":0,"ID":11}],[{"utility":28,"ID":7},{"utility":0,"ID":21}],[],[],[],[],[],[],[],[],[],[],[],[],[],[],[]],"CORE :":true,"Relazioni :":570,"Time : ":0.1,"LAST PARTITION":{"22":2,"23":6,"24":14,"25":1,"26":13,"27":14,"28":3,"29":2,"30":7,"10":3,"11":20,"12":16,"13":10,"14":13,"15":6,"16":15,"17":12,"18":8,"19":16,"1":8,"2":9,"3":11,"4":2,"5":12,"6":7,"7":1,"8":20,"9":9,"20":11,"21":15}},{"Modalità dinamica :":true,"Q : ":4,"STARTING PARTITION: ":{"22":10,"23":9,"24":9,"25":3,"26":4,"27":3,"28":2,"29":4,"30":10,"10":1,"11":14,"12":12,"13":8,"14":8,"15":13,"16":13,"17":9,"18":9,"19":5,"1":10,"2":3,"3":1,"4":4,"5":10,"6":4,"7":15,"8":12,"9":4,"20":11,"21":15},"LAST COALITION":[[],[{"utility":86,"ID":8},{"utility":57,"ID":11}],[{"utility":64,"ID":15},{"utility":73,"ID":23}],[{"utility":58,"ID":7},{"utility":26,"ID":24}],[{"utility":98,"ID":2},{"utility":82,"ID":9}],[{"utility":91,"ID":5},{"utility":15,"ID":25}],[{"utility":57,"ID":1},{"utility":94,"ID":18}],[{"utility":78,"ID":22},{"utility":96,"ID":27}],[{"utility":99,"ID":16},{"utility":67,"ID":21}],[],[{"utility":59,"ID":12},{"utility":6,"ID":19}],[{"utility":54,"ID":3},{"utility":65,"ID":20}],[],[{"utility":80,"ID":10},{"utility":88,"ID":28}],[{"utility":81,"ID":4},{"utility":55,"ID":17}],[{"utility":81,"ID":6},{"utility":87,"ID":30}],[{"utility":95,"ID":13},{"utility":11,"ID":29}],[],[{"utility":85,"ID":14},{"utility":67,"ID":26}],[],[],[],[],[],[],[],[],[],[],[],[]],"STARTING COALITION: ":[[null],[{"utility":0,"ID":3},{"utility":25,"ID":10}],[{"utility":0,"ID":28}],[{"utility":6,"ID":2},{"utility":2.5,"ID":25},{"utility":37,"ID":27}],[{"utility":48.5,"ID":4},{"utility":41.75,"ID":6},{"utility":16.5,"ID":9},{"utility":84.5,"ID":26},{"utility":32.5,"ID":29}],[{"utility":0,"ID":19}],[],[],[{"utility":33,"ID":13},{"utility":21,"ID":14}],[{"utility":42.333333333333336,"ID":17},{"utility":35,"ID":18},{"utility":25.333333333333332,"ID":23},{"utility":41.666666666666664,"ID":24}],[{"utility":48,"ID":1},{"utility":29.666666666666668,"ID":5},{"utility":50,"ID":22},{"utility":9.666666666666666,"ID":30}],[{"utility":0,"ID":20}],[{"utility":38,"ID":8},{"utility":15,"ID":12}],[{"utility":69,"ID":15},{"utility":64,"ID":16}],[{"utility":0,"ID":11}],[{"utility":28,"ID":7},{"utility":0,"ID":21}],[],[],[],[],[],[],[],[],[],[],[],[],[],[],[]],"CORE :":true,"Relazioni :":570,"Time : ":0.2,"LAST PARTITION":{"22":7,"23":2,"24":3,"25":5,"26":18,"27":7,"28":13,"29":16,"30":15,"10":13,"11":1,"12":10,"13":16,"14":18,"15":2,"16":8,"17":14,"18":6,"19":10,"1":6,"2":4,"3":11,"4":14,"5":5,"6":15,"7":3,"8":1,"9":4,"20":11,"21":8}},{"Modalità dinamica :":true,"Q : ":5,"STARTING PARTITION: ":{"22":10,"23":9,"24":9,"25":3,"26":4,"27":3,"28":2,"29":4,"30":10,"10":1,"11":14,"12":12,"13":8,"14":8,"15":13,"16":13,"17":9,"18":9,"19":5,"1":10,"2":3,"3":1,"4":4,"5":10,"6":4,"7":15,"8":12,"9":4,"20":11,"21":15},"LAST COALITION":[[],[{"utility":80,"ID":10},{"utility":88,"ID":28}],[{"utility":61,"ID":1},{"utility":36,"ID":7}],[{"utility":59,"ID":12},{"utility":6,"ID":19}],[{"utility":98,"ID":2},{"utility":82,"ID":9}],[{"utility":0,"ID":13},{"utility":39,"ID":24}],[{"utility":85,"ID":14},{"utility":67,"ID":26}],[{"utility":79,"ID":4},{"utility":55,"ID":29}],[{"utility":75,"ID":17},{"utility":79,"ID":18}],[{"utility":99,"ID":16},{"utility":67,"ID":21}],[{"utility":91,"ID":5},{"utility":15,"ID":25}],[],[{"utility":54,"ID":3},{"utility":65,"ID":20}],[],[{"utility":64,"ID":15},{"utility":73,"ID":23}],[{"utility":86,"ID":8},{"utility":57,"ID":11}],[{"utility":78,"ID":22},{"utility":96,"ID":27}],[{"utility":81,"ID":6},{"utility":87,"ID":30}],[],[],[],[],[],[],[],[],[],[],[],[],[]],"STARTING COALITION: ":[[null],[{"utility":0,"ID":3},{"utility":25,"ID":10}],[{"utility":0,"ID":28}],[{"utility":6,"ID":2},{"utility":2.5,"ID":25},{"utility":37,"ID":27}],[{"utility":48.5,"ID":4},{"utility":41.75,"ID":6},{"utility":16.5,"ID":9},{"utility":84.5,"ID":26},{"utility":32.5,"ID":29}],[{"utility":0,"ID":19}],[],[],[{"utility":33,"ID":13},{"utility":21,"ID":14}],[{"utility":42.333333333333336,"ID":17},{"utility":35,"ID":18},{"utility":25.333333333333332,"ID":23},{"utility":41.666666666666664,"ID":24}],[{"utility":48,"ID":1},{"utility":29.666666666666668,"ID":5},{"utility":50,"ID":22},{"utility":9.666666666666666,"ID":30}],[{"utility":0,"ID":20}],[{"utility":38,"ID":8},{"utility":15,"ID":12}],[{"utility":69,"ID":15},{"utility":64,"ID":16}],[{"utility":0,"ID":11}],[{"utility":28,"ID":7},{"utility":0,"ID":21}],[],[],[],[],[],[],[],[],[],[],[],[],[],[],[]],"CORE :":true,"Relazioni :":570,"Time : ":0.1,"LAST PARTITION":{"22":16,"23":14,"24":5,"25":10,"26":6,"27":16,"28":1,"29":7,"30":17,"10":1,"11":15,"12":3,"13":5,"14":6,"15":14,"16":9,"17":8,"18":8,"19":3,"1":2,"2":4,"3":12,"4":7,"5":10,"6":17,"7":2,"8":15,"9":4,"20":12,"21":9}},{"Modalità dinamica :":true,"Q : ":5,"STARTING PARTITION: ":{"22":10,"23":9,"24":9,"25":3,"26":4,"27":3,"28":2,"29":4,"30":10,"10":1,"11":14,"12":12,"13":8,"14":8,"15":13,"16":13,"17":9,"18":9,"19":5,"1":10,"2":3,"3":1,"4":4,"5":10,"6":4,"7":15,"8":12,"9":4,"20":11,"21":15},"LAST COALITION":[[],[{"utility":57,"ID":1},{"utility":94,"ID":18}],[{"utility":98,"ID":2},{"utility":82,"ID":9}],[{"utility":91,"ID":5},{"utility":15,"ID":25}],[{"utility":99,"ID":16},{"utility":67,"ID":21}],[{"utility":81,"ID":6},{"utility":87,"ID":30}],[{"utility":95,"ID":13},{"utility":11,"ID":29}],[{"utility":54,"ID":3},{"utility":65,"ID":20}],[{"utility":81,"ID":4},{"utility":55,"ID":17}],[],[{"utility":85,"ID":14},{"utility":67,"ID":26}],[{"utility":86,"ID":8},{"utility":57,"ID":11}],[{"utility":78,"ID":22},{"utility":96,"ID":27}],[{"utility":58,"ID":7},{"utility":26,"ID":24}],[],[{"utility":80,"ID":10},{"utility":88,"ID":28}],[],[{"utility":59,"ID":12},{"utility":6,"ID":19}],[],[{"utility":64,"ID":15},{"utility":73,"ID":23}],[],[],[],[],[],[],[],[],[],[],[]],"STARTING COALITION: ":[[null],[{"utility":0,"ID":3},{"utility":25,"ID":10}],[{"utility":0,"ID":28}],[{"utility":6,"ID":2},{"utility":2.5,"ID":25},{"utility":37,"ID":27}],[{"utility":48.5,"ID":4},{"utility":41.75,"ID":6},{"utility":16.5,"ID":9},{"utility":84.5,"ID":26},{"utility":32.5,"ID":29}],[{"utility":0,"ID":19}],[],[],[{"utility":33,"ID":13},{"utility":21,"ID":14}],[{"utility":42.333333333333336,"ID":17},{"utility":35,"ID":18},{"utility":25.333333333333332,"ID":23},{"utility":41.666666666666664,"ID":24}],[{"utility":48,"ID":1},{"utility":29.666666666666668,"ID":5},{"utility":50,"ID":22},{"utility":9.666666666666666,"ID":30}],[{"utility":0,"ID":20}],[{"utility":38,"ID":8},{"utility":15,"ID":12}],[{"utility":69,"ID":15},{"utility":64,"ID":16}],[{"utility":0,"ID":11}],[{"utility":28,"ID":7},{"utility":0,"ID":21}],[],[],[],[],[],[],[],[],[],[],[],[],[],[],[]],"CORE :":true,"Relazioni :":570,"Time : ":0.2,"LAST PARTITION":{"22":12,"23":19,"24":13,"25":3,"26":10,"27":12,"28":15,"29":6,"30":5,"10":15,"11":11,"12":17,"13":6,"14":10,"15":19,"16":4,"17":8,"18":1,"19":17,"1":1,"2":2,"3":7,"4":8,"5":3,"6":5,"7":13,"8":11,"9":2,"20":7,"21":4}},{"Modalità dinamica :":true,"Q : ":6,"STARTING PARTITION: ":{"22":10,"23":9,"24":9,"25":3,"26":4,"27":3,"28":2,"29":4,"30":10,"10":1,"11":14,"12":12,"13":8,"14":8,"15":13,"16":13,"17":9,"18":9,"19":5,"1":10,"2":3,"3":1,"4":4,"5":10,"6":4,"7":15,"8":12,"9":4,"20":11,"21":15},"LAST COALITION":[[],[{"utility":0,"ID":13},{"utility":39,"ID":24}],[{"utility":75,"ID":17},{"utility":79,"ID":18}],[{"utility":64,"ID":15},{"utility":73,"ID":23}],[],[{"utility":99,"ID":16},{"utility":67,"ID":21}],[{"utility":98,"ID":2},{"utility":82,"ID":9}],[{"utility":61,"ID":1},{"utility":36,"ID":7}],[{"utility":86,"ID":8},{"utility":57,"ID":11}],[{"utility":59,"ID":12},{"utility":6,"ID":19}],[{"utility":78,"ID":22},{"utility":96,"ID":27}],[{"utility":85,"ID":14},{"utility":67,"ID":26}],[{"utility":54,"ID":3},{"utility":65,"ID":20}],[{"utility":91,"ID":5},{"utility":15,"ID":25}],[{"utility":80,"ID":10},{"utility":88,"ID":28}],[{"utility":81,"ID":6},{"utility":87,"ID":30}],[{"utility":79,"ID":4},{"utility":55,"ID":29}],[],[],[],[],[],[],[],[],[],[],[],[],[],[]],"STARTING COALITION: ":[[null],[{"utility":0,"ID":3},{"utility":25,"ID":10}],[{"utility":0,"ID":28}],[{"utility":6,"ID":2},{"utility":2.5,"ID":25},{"utility":37,"ID":27}],[{"utility":48.5,"ID":4},{"utility":41.75,"ID":6},{"utility":16.5,"ID":9},{"utility":84.5,"ID":26},{"utility":32.5,"ID":29}],[{"utility":0,"ID":19}],[],[],[{"utility":33,"ID":13},{"utility":21,"ID":14}],[{"utility":42.333333333333336,"ID":17},{"utility":35,"ID":18},{"utility":25.333333333333332,"ID":23},{"utility":41.666666666666664,"ID":24}],[{"utility":48,"ID":1},{"utility":29.666666666666668,"ID":5},{"utility":50,"ID":22},{"utility":9.666666666666666,"ID":30}],[{"utility":0,"ID":20}],[{"utility":38,"ID":8},{"utility":15,"ID":12}],[{"utility":69,"ID":15},{"utility":64,"ID":16}],[{"utility":0,"ID":11}],[{"utility":28,"ID":7},{"utility":0,"ID":21}],[],[],[],[],[],[],[],[],[],[],[],[],[],[],[]],"CORE :":true,"Relazioni :":570,"Time : ":0.1,"LAST PARTITION":{"22":10,"23":3,"24":1,"25":13,"26":11,"27":10,"28":14,"29":16,"30":15,"10":14,"11":8,"12":9,"13":1,"14":11,"15":3,"16":5,"17":2,"18":2,"19":9,"1":7,"2":6,"3":12,"4":16,"5":13,"6":15,"7":7,"8":8,"9":6,"20":12,"21":5}},{"Modalità dinamica :":true,"Q : ":6,"STARTING PARTITION: ":{"22":10,"23":9,"24":9,"25":3,"26":4,"27":3,"28":2,"29":4,"30":10,"10":1,"11":14,"12":12,"13":8,"14":8,"15":13,"16":13,"17":9,"18":9,"19":5,"1":10,"2":3,"3":1,"4":4,"5":10,"6":4,"7":15,"8":12,"9":4,"20":11,"21":15},"LAST COALITION":[[],[],[{"utility":54,"ID":3},{"utility":65,"ID":20}],[{"utility":91,"ID":5},{"utility":15,"ID":25}],[],[{"utility":57,"ID":1},{"utility":94,"ID":18}],[{"utility":64,"ID":15},{"utility":73,"ID":23}],[{"utility":85,"ID":14},{"utility":67,"ID":26}],[{"utility":81,"ID":4},{"utility":55,"ID":17}],[{"utility":81,"ID":6},{"utility":87,"ID":30}],[{"utility":98,"ID":2},{"utility":82,"ID":9}],[{"utility":99,"ID":16},{"utility":67,"ID":21}],[{"utility":59,"ID":12},{"utility":6,"ID":19}],[{"utility":86,"ID":8},{"utility":57,"ID":11}],[{"utility":95,"ID":13},{"utility":11,"ID":29}],[],[],[{"utility":78,"ID":22},{"utility":96,"ID":27}],[{"utility":80,"ID":10},{"utility":88,"ID":28}],[{"utility":58,"ID":7},{"utility":26,"ID":24}],[],[],[],[],[],[],[],[],[],[],[]],"STARTING COALITION: ":[[null],[{"utility":0,"ID":3},{"utility":25,"ID":10}],[{"utility":0,"ID":28}],[{"utility":6,"ID":2},{"utility":2.5,"ID":25},{"utility":37,"ID":27}],[{"utility":48.5,"ID":4},{"utility":41.75,"ID":6},{"utility":16.5,"ID":9},{"utility":84.5,"ID":26},{"utility":32.5,"ID":29}],[{"utility":0,"ID":19}],[],[],[{"utility":33,"ID":13},{"utility":21,"ID":14}],[{"utility":42.333333333333336,"ID":17},{"utility":35,"ID":18},{"utility":25.333333333333332,"ID":23},{"utility":41.666666666666664,"ID":24}],[{"utility":48,"ID":1},{"utility":29.666666666666668,"ID":5},{"utility":50,"ID":22},{"utility":9.666666666666666,"ID":30}],[{"utility":0,"ID":20}],[{"utility":38,"ID":8},{"utility":15,"ID":12}],[{"utility":69,"ID":15},{"utility":64,"ID":16}],[{"utility":0,"ID":11}],[{"utility":28,"ID":7},{"utility":0,"ID":21}],[],[],[],[],[],[],[],[],[],[],[],[],[],[],[]],"CORE :":true,"Relazioni :":570,"Time : ":0.2,"LAST PARTITION":{"22":17,"23":6,"24":19,"25":3,"26":7,"27":17,"28":18,"29":14,"30":9,"10":18,"11":13,"12":12,"13":14,"14":7,"15":6,"16":11,"17":8,"18":5,"19":12,"1":5,"2":10,"3":2,"4":8,"5":3,"6":9,"7":19,"8":13,"9":10,"20":2,"21":11}},{"Modalità dinamica :":true,"Q : ":7,"STARTING PARTITION: ":{"22":10,"23":9,"24":9,"25":3,"26":4,"27":3,"28":2,"29":4,"30":10,"10":1,"11":14,"12":12,"13":8,"14":8,"15":13,"16":13,"17":9,"18":9,"19":5,"1":10,"2":3,"3":1,"4":4,"5":10,"6":4,"7":15,"8":12,"9":4,"20":11,"21":15},"LAST COALITION":[[],[{"utility":98,"ID":2},{"utility":82,"ID":9}],[{"utility":64,"ID":15},{"utility":73,"ID":23}],[],[{"utility":78,"ID":22},{"utility":96,"ID":27}],[{"utility":85,"ID":14},{"utility":67,"ID":26}],[{"utility":36,"ID":7},{"utility":44,"ID":25}],[{"utility":99,"ID":16},{"utility":67,"ID":21}],[{"utility":59,"ID":12},{"utility":6,"ID":19}],[{"utility":57,"ID":1},{"utility":94,"ID":18}],[{"utility":81,"ID":6},{"utility":87,"ID":30}],[{"utility":54,"ID":3},{"utility":65,"ID":20}],[{"utility":80,"ID":10},{"utility":88,"ID":28}],[{"utility":79,"ID":4},{"utility":55,"ID":29}],[{"utility":50,"ID":5},{"utility":72,"ID":17}],[],[],[{"utility":86,"ID":8},{"utility":57,"ID":11}],[{"utility":0,"ID":13},{"utility":39,"ID":24}],[],[],[],[],[],[],[],[],[],[],[],[]],"STARTING COALITION: ":[[null],[{"utility":0,"ID":3},{"utility":25,"ID":10}],[{"utility":0,"ID":28}],[{"utility":6,"ID":2},{"utility":2.5,"ID":25},{"utility":37,"ID":27}],[{"utility":48.5,"ID":4},{"utility":41.75,"ID":6},{"utility":16.5,"ID":9},{"utility":84.5,"ID":26},{"utility":32.5,"ID":29}],[{"utility":0,"ID":19}],[],[],[{"utility":33,"ID":13},{"utility":21,"ID":14}],[{"utility":42.333333333333336,"ID":17},{"utility":35,"ID":18},{"utility":25.333333333333332,"ID":23},{"utility":41.666666666666664,"ID":24}],[{"utility":48,"ID":1},{"utility":29.666666666666668,"ID":5},{"utility":50,"ID":22},{"utility":9.666666666666666,"ID":30}],[{"utility":0,"ID":20}],[{"utility":38,"ID":8},{"utility":15,"ID":12}],[{"utility":69,"ID":15},{"utility":64,"ID":16}],[{"utility":0,"ID":11}],[{"utility":28,"ID":7},{"utility":0,"ID":21}],[],[],[],[],[],[],[],[],[],[],[],[],[],[],[]],"CORE :":true,"Relazioni :":570,"Time : ":0.1,"LAST PARTITION":{"22":4,"23":2,"24":18,"25":6,"26":5,"27":4,"28":12,"29":13,"30":10,"10":12,"11":17,"12":8,"13":18,"14":5,"15":2,"16":7,"17":14,"18":9,"19":8,"1":9,"2":1,"3":11,"4":13,"5":14,"6":10,"7":6,"8":17,"9":1,"20":11,"21":7}},{"Modalità dinamica :":true,"Q : ":7,"STARTING PARTITION: ":{"22":10,"23":9,"24":9,"25":3,"26":4,"27":3,"28":2,"29":4,"30":10,"10":1,"11":14,"12":12,"13":8,"14":8,"15":13,"16":13,"17":9,"18":9,"19":5,"1":10,"2":3,"3":1,"4":4,"5":10,"6":4,"7":15,"8":12,"9":4,"20":11,"21":15},"LAST COALITION":[[],[{"utility":0,"ID":13}],[{"utility":79,"ID":4},{"utility":55,"ID":29}],[{"utility":98,"ID":2},{"utility":82,"ID":9}],[{"utility":80,"ID":10},{"utility":88,"ID":28}],[{"utility":36,"ID":7},{"utility":44,"ID":25}],[{"utility":78,"ID":22},{"utility":96,"ID":27}],[{"utility":75,"ID":17},{"utility":79,"ID":18}],[{"utility":80,"ID":1},{"utility":23,"ID":5}],[{"utility":54,"ID":3},{"utility":65,"ID":20}],[{"utility":86,"ID":8},{"utility":57,"ID":11}],[],[{"utility":68.5,"ID":12},{"utility":3,"ID":19},{"utility":47.5,"ID":24}],[{"utility":85,"ID":14},{"utility":67,"ID":26}],[],[{"utility":81,"ID":6},{"utility":87,"ID":30}],[{"utility":99,"ID":16},{"utility":67,"ID":21}],[],[],[{"utility":64,"ID":15},{"utility":73,"ID":23}],[],[],[],[],[],[],[],[],[],[],[]],"STARTING COALITION: ":[[null],[{"utility":0,"ID":3},{"utility":25,"ID":10}],[{"utility":0,"ID":28}],[{"utility":6,"ID":2},{"utility":2.5,"ID":25},{"utility":37,"ID":27}],[{"utility":48.5,"ID":4},{"utility":41.75,"ID":6},{"utility":16.5,"ID":9},{"utility":84.5,"ID":26},{"utility":32.5,"ID":29}],[{"utility":0,"ID":19}],[],[],[{"utility":33,"ID":13},{"utility":21,"ID":14}],[{"utility":42.333333333333336,"ID":17},{"utility":35,"ID":18},{"utility":25.333333333333332,"ID":23},{"utility":41.666666666666664,"ID":24}],[{"utility":48,"ID":1},{"utility":29.666666666666668,"ID":5},{"utility":50,"ID":22},{"utility":9.666666666666666,"ID":30}],[{"utility":0,"ID":20}],[{"utility":38,"ID":8},{"utility":15,"ID":12}],[{"utility":69,"ID":15},{"utility":64,"ID":16}],[{"utility":0,"ID":11}],[{"utility":28,"ID":7},{"utility":0,"ID":21}],[],[],[],[],[],[],[],[],[],[],[],[],[],[],[]],"CORE :":true,"Relazioni :":570,"Time : ":0.2,"LAST PARTITION":{"22":6,"23":19,"24":12,"25":5,"26":13,"27":6,"28":4,"29":2,"30":15,"10":4,"11":10,"12":12,"13":1,"14":13,"15":19,"16":16,"17":7,"18":7,"19":12,"1":8,"2":3,"3":9,"4":2,"5":8,"6":15,"7":5,"8":10,"9":3,"20":9,"21":16}},{"Modalità dinamica :":true,"Q : ":8,"STARTING PARTITION: ":{"22":10,"23":9,"24":9,"25":3,"26":4,"27":3,"28":2,"29":4,"30":10,"10":1,"11":14,"12":12,"13":8,"14":8,"15":13,"16":13,"17":9,"18":9,"19":5,"1":10,"2":3,"3":1,"4":4,"5":10,"6":4,"7":15,"8":12,"9":4,"20":11,"21":15},"LAST COALITION":[[],[{"utility":85,"ID":14},{"utility":67,"ID":26}],[],[{"utility":98,"ID":2},{"utility":82,"ID":9}],[{"utility":86,"ID":8},{"utility":57,"ID":11}],[{"utility":58,"ID":7},{"utility":26,"ID":24}],[{"utility":80,"ID":10},{"utility":88,"ID":28}],[{"utility":99,"ID":16},{"utility":67,"ID":21}],[{"utility":59,"ID":12},{"utility":6,"ID":19}],[{"utility":57,"ID":1},{"utility":94,"ID":18}],[{"utility":95,"ID":13},{"utility":11,"ID":29}],[],[{"utility":81,"ID":6},{"utility":87,"ID":30}],[{"utility":91,"ID":5},{"utility":15,"ID":25}],[{"utility":81,"ID":4},{"utility":55,"ID":17}],[{"utility":54,"ID":3},{"utility":65,"ID":20}],[{"utility":64,"ID":15},{"utility":73,"ID":23}],[],[{"utility":78,"ID":22},{"utility":96,"ID":27}],[],[],[],[],[],[],[],[],[],[],[],[]],"STARTING COALITION: ":[[null],[{"utility":0,"ID":3},{"utility":25,"ID":10}],[{"utility":0,"ID":28}],[{"utility":6,"ID":2},{"utility":2.5,"ID":25},{"utility":37,"ID":27}],[{"utility":48.5,"ID":4},{"utility":41.75,"ID":6},{"utility":16.5,"ID":9},{"utility":84.5,"ID":26},{"utility":32.5,"ID":29}],[{"utility":0,"ID":19}],[],[],[{"utility":33,"ID":13},{"utility":21,"ID":14}],[{"utility":42.333333333333336,"ID":17},{"utility":35,"ID":18},{"utility":25.333333333333332,"ID":23},{"utility":41.666666666666664,"ID":24}],[{"utility":48,"ID":1},{"utility":29.666666666666668,"ID":5},{"utility":50,"ID":22},{"utility":9.666666666666666,"ID":30}],[{"utility":0,"ID":20}],[{"utility":38,"ID":8},{"utility":15,"ID":12}],[{"utility":69,"ID":15},{"utility":64,"ID":16}],[{"utility":0,"ID":11}],[{"utility":28,"ID":7},{"utility":0,"ID":21}],[],[],[],[],[],[],[],[],[],[],[],[],[],[],[]],"CORE :":true,"Relazioni :":570,"Time : ":0.1,"LAST PARTITION":{"22":18,"23":16,"24":5,"25":13,"26":1,"27":18,"28":6,"29":10,"30":12,"10":6,"11":4,"12":8,"13":10,"14":1,"15":16,"16":7,"17":14,"18":9,"19":8,"1":9,"2":3,"3":15,"4":14,"5":13,"6":12,"7":5,"8":4,"9":3,"20":15,"21":7}},{"Modalità dinamica :":true,"Q : ":8,"STARTING PARTITION: ":{"22":10,"23":9,"24":9,"25":3,"26":4,"27":3,"28":2,"29":4,"30":10,"10":1,"11":14,"12":12,"13":8,"14":8,"15":13,"16":13,"17":9,"18":9,"19":5,"1":10,"2":3,"3":1,"4":4,"5":10,"6":4,"7":15,"8":12,"9":4,"20":11,"21":15},"LAST COALITION":[[],[{"utility":80,"ID":1},{"utility":23,"ID":5}],[],[{"utility":54,"ID":3},{"utility":65,"ID":20}],[{"utility":99,"ID":16},{"utility":67,"ID":21}],[{"utility":80,"ID":10},{"utility":88,"ID":28}],[{"utility":39.5,"ID":4},{"utility":85.5,"ID":22},{"utility":67.5,"ID":29}],[{"utility":97,"ID":24},{"utility":94,"ID":27}],[{"utility":59,"ID":12},{"utility":6,"ID":19}],[{"utility":75,"ID":17},{"utility":79,"ID":18}],[{"utility":85,"ID":14},{"utility":67,"ID":26}],[{"utility":86,"ID":8},{"utility":57,"ID":11}],[{"utility":0,"ID":13}],[{"utility":36,"ID":7},{"utility":44,"ID":25}],[{"utility":98,"ID":2},{"utility":82,"ID":9}],[],[{"utility":64,"ID":15},{"utility":73,"ID":23}],[],[{"utility":81,"ID":6},{"utility":87,"ID":30}],[],[],[],[],[],[],[],[],[],[],[],[]],"STARTING COALITION: ":[[null],[{"utility":0,"ID":3},{"utility":25,"ID":10}],[{"utility":0,"ID":28}],[{"utility":6,"ID":2},{"utility":2.5,"ID":25},{"utility":37,"ID":27}],[{"utility":48.5,"ID":4},{"utility":41.75,"ID":6},{"utility":16.5,"ID":9},{"utility":84.5,"ID":26},{"utility":32.5,"ID":29}],[{"utility":0,"ID":19}],[],[],[{"utility":33,"ID":13},{"utility":21,"ID":14}],[{"utility":42.333333333333336,"ID":17},{"utility":35,"ID":18},{"utility":25.333333333333332,"ID":23},{"utility":41.666666666666664,"ID":24}],[{"utility":48,"ID":1},{"utility":29.666666666666668,"ID":5},{"utility":50,"ID":22},{"utility":9.666666666666666,"ID":30}],[{"utility":0,"ID":20}],[{"utility":38,"ID":8},{"utility":15,"ID":12}],[{"utility":69,"ID":15},{"utility":64,"ID":16}],[{"utility":0,"ID":11}],[{"utility":28,"ID":7},{"utility":0,"ID":21}],[],[],[],[],[],[],[],[],[],[],[],[],[],[],[]],"CORE :":true,"Relazioni :":570,"Time : ":0.2,"LAST PARTITION":{"22":6,"23":16,"24":7,"25":13,"26":10,"27":7,"28":5,"29":6,"30":18,"10":5,"11":11,"12":8,"13":12,"14":10,"15":16,"16":4,"17":9,"18":9,"19":8,"1":1,"2":14,"3":3,"4":6,"5":1,"6":18,"7":13,"8":11,"9":14,"20":3,"21":4}},{"Modalità dinamica :":true,"Q : ":9,"STARTING PARTITION: ":{"22":10,"23":9,"24":9,"25":3,"26":4,"27":3,"28":2,"29":4,"30":10,"10":1,"11":14,"12":12,"13":8,"14":8,"15":13,"16":13,"17":9,"18":9,"19":5,"1":10,"2":3,"3":1,"4":4,"5":10,"6":4,"7":15,"8":12,"9":4,"20":11,"21":15},"LAST COALITION":[[],[{"utility":78,"ID":22},{"utility":96,"ID":27}],[{"utility":71,"ID":5},{"utility":55,"ID":20}],[{"utility":40,"ID":18},{"utility":86,"ID":19}],[{"utility":80,"ID":10},{"utility":88,"ID":28}],[{"utility":0,"ID":3}],[{"utility":0,"ID":7}],[{"utility":81,"ID":6},{"utility":87,"ID":30}],[{"utility":86,"ID":8},{"utility":57,"ID":11}],[{"utility":0,"ID":17}],[{"utility":0,"ID":26}],[{"utility":79,"ID":4},{"utility":55,"ID":29}],[{"utility":99,"ID":16},{"utility":67,"ID":21}],[{"utility":37,"ID":1},{"utility":50.5,"ID":2},{"utility":13,"ID":15}],[{"utility":43,"ID":14},{"utility":69,"ID":25}],[{"utility":78,"ID":12},{"utility":20,"ID":24}],[{"utility":0,"ID":13}],[],[{"utility":78,"ID":9},{"utility":97,"ID":23}],[],[],[],[],[],[],[],[],[],[],[],[]],"STARTING COALITION: ":[[null],[{"utility":0,"ID":3},{"utility":25,"ID":10}],[{"utility":0,"ID":28}],[{"utility":6,"ID":2},{"utility":2.5,"ID":25},{"utility":37,"ID":27}],[{"utility":48.5,"ID":4},{"utility":41.75,"ID":6},{"utility":16.5,"ID":9},{"utility":84.5,"ID":26},{"utility":32.5,"ID":29}],[{"utility":0,"ID":19}],[],[],[{"utility":33,"ID":13},{"utility":21,"ID":14}],[{"utility":42.333333333333336,"ID":17},{"utility":35,"ID":18},{"utility":25.333333333333332,"ID":23},{"utility":41.666666666666664,"ID":24}],[{"utility":48,"ID":1},{"utility":29.666666666666668,"ID":5},{"utility":50,"ID":22},{"utility":9.666666666666666,"ID":30}],[{"utility":0,"ID":20}],[{"utility":38,"ID":8},{"utility":15,"ID":12}],[{"utility":69,"ID":15},{"utility":64,"ID":16}],[{"utility":0,"ID":11}],[{"utility":28,"ID":7},{"utility":0,"ID":21}],[],[],[],[],[],[],[],[],[],[],[],[],[],[],[]],"CORE :":true,"Relazioni :":570,"Time : ":0.1,"LAST PARTITION":{"22":1,"23":18,"24":15,"25":14,"26":10,"27":1,"28":4,"29":11,"30":7,"10":4,"11":8,"12":15,"13":16,"14":14,"15":13,"16":12,"17":9,"18":3,"19":3,"1":13,"2":13,"3":5,"4":11,"5":2,"6":7,"7":6,"8":8,"9":18,"20":2,"21":12}},{"Modalità dinamica :":true,"Q : ":9,"STARTING PARTITION: ":{"22":10,"23":9,"24":9,"25":3,"26":4,"27":3,"28":2,"29":4,"30":10,"10":1,"11":14,"12":12,"13":8,"14":8,"15":13,"16":13,"17":9,"18":9,"19":5,"1":10,"2":3,"3":1,"4":4,"5":10,"6":4,"7":15,"8":12,"9":4,"20":11,"21":15},"LAST COALITION":[[],[{"utility":54,"ID":3},{"utility":65,"ID":20}],[{"utility":78,"ID":22},{"utility":96,"ID":27}],[{"utility":91,"ID":5},{"utility":15,"ID":25}],[{"utility":64,"ID":15},{"utility":73,"ID":23}],[{"utility":98,"ID":2},{"utility":82,"ID":9}],[{"utility":58,"ID":7},{"utility":26,"ID":24}],[{"utility":99,"ID":16},{"utility":67,"ID":21}],[],[{"utility":81,"ID":6},{"utility":87,"ID":30}],[{"utility":81,"ID":4},{"utility":55,"ID":17}],[{"utility":80,"ID":10},{"utility":88,"ID":28}],[{"utility":85,"ID":14},{"utility":67,"ID":26}],[{"utility":59,"ID":12},{"utility":6,"ID":19}],[{"utility":95,"ID":13},{"utility":11,"ID":29}],[],[],[{"utility":57,"ID":1},{"utility":94,"ID":18}],[],[{"utility":86,"ID":8},{"utility":57,"ID":11}],[],[],[],[],[],[],[],[],[],[],[]],"STARTING COALITION: ":[[null],[{"utility":0,"ID":3},{"utility":25,"ID":10}],[{"utility":0,"ID":28}],[{"utility":6,"ID":2},{"utility":2.5,"ID":25},{"utility":37,"ID":27}],[{"utility":48.5,"ID":4},{"utility":41.75,"ID":6},{"utility":16.5,"ID":9},{"utility":84.5,"ID":26},{"utility":32.5,"ID":29}],[{"utility":0,"ID":19}],[],[],[{"utility":33,"ID":13},{"utility":21,"ID":14}],[{"utility":42.333333333333336,"ID":17},{"utility":35,"ID":18},{"utility":25.333333333333332,"ID":23},{"utility":41.666666666666664,"ID":24}],[{"utility":48,"ID":1},{"utility":29.666666666666668,"ID":5},{"utility":50,"ID":22},{"utility":9.666666666666666,"ID":30}],[{"utility":0,"ID":20}],[{"utility":38,"ID":8},{"utility":15,"ID":12}],[{"utility":69,"ID":15},{"utility":64,"ID":16}],[{"utility":0,"ID":11}],[{"utility":28,"ID":7},{"utility":0,"ID":21}],[],[],[],[],[],[],[],[],[],[],[],[],[],[],[]],"CORE :":true,"Relazioni :":570,"Time : ":0.2,"LAST PARTITION":{"22":2,"23":4,"24":6,"25":3,"26":12,"27":2,"28":11,"29":14,"30":9,"10":11,"11":19,"12":13,"13":14,"14":12,"15":4,"16":7,"17":10,"18":17,"19":13,"1":17,"2":5,"3":1,"4":10,"5":3,"6":9,"7":6,"8":19,"9":5,"20":1,"21":7}},{"Modalità dinamica :":true,"Q : ":10,"STARTING PARTITION: ":{"22":10,"23":9,"24":9,"25":3,"26":4,"27":3,"28":2,"29":4,"30":10,"10":1,"11":14,"12":12,"13":8,"14":8,"15":13,"16":13,"17":9,"18":9,"19":5,"1":10,"2":3,"3":1,"4":4,"5":10,"6":4,"7":15,"8":12,"9":4,"20":11,"21":15},"LAST COALITION":[[],[{"utility":99,"ID":16},{"utility":67,"ID":21}],[{"utility":81,"ID":6},{"utility":87,"ID":30}],[{"utility":59,"ID":12},{"utility":6,"ID":19}],[{"utility":86,"ID":8},{"utility":57,"ID":11}],[{"utility":95,"ID":13},{"utility":11,"ID":29}],[{"utility":91,"ID":5},{"utility":15,"ID":25}],[{"utility":57,"ID":1},{"utility":94,"ID":18}],[{"utility":98,"ID":2},{"utility":82,"ID":9}],[{"utility":78,"ID":22},{"utility":96,"ID":27}],[{"utility":64,"ID":15},{"utility":73,"ID":23}],[{"utility":81,"ID":4},{"utility":55,"ID":17}],[{"utility":58,"ID":7},{"utility":26,"ID":24}],[],[{"utility":85,"ID":14},{"utility":67,"ID":26}],[],[{"utility":54,"ID":3},{"utility":65,"ID":20}],[],[{"utility":80,"ID":10},{"utility":88,"ID":28}],[],[],[],[],[],[],[],[],[],[],[],[]],"STARTING COALITION: ":[[null],[{"utility":0,"ID":3},{"utility":25,"ID":10}],[{"utility":0,"ID":28}],[{"utility":6,"ID":2},{"utility":2.5,"ID":25},{"utility":37,"ID":27}],[{"utility":48.5,"ID":4},{"utility":41.75,"ID":6},{"utility":16.5,"ID":9},{"utility":84.5,"ID":26},{"utility":32.5,"ID":29}],[{"utility":0,"ID":19}],[],[],[{"utility":33,"ID":13},{"utility":21,"ID":14}],[{"utility":42.333333333333336,"ID":17},{"utility":35,"ID":18},{"utility":25.333333333333332,"ID":23},{"utility":41.666666666666664,"ID":24}],[{"utility":48,"ID":1},{"utility":29.666666666666668,"ID":5},{"utility":50,"ID":22},{"utility":9.666666666666666,"ID":30}],[{"utility":0,"ID":20}],[{"utility":38,"ID":8},{"utility":15,"ID":12}],[{"utility":69,"ID":15},{"utility":64,"ID":16}],[{"utility":0,"ID":11}],[{"utility":28,"ID":7},{"utility":0,"ID":21}],[],[],[],[],[],[],[],[],[],[],[],[],[],[],[]],"CORE :":true,"Relazioni :":570,"Time : ":0.1,"LAST PARTITION":{"22":9,"23":10,"24":12,"25":6,"26":14,"27":9,"28":18,"29":5,"30":2,"10":18,"11":4,"12":3,"13":5,"14":14,"15":10,"16":1,"17":11,"18":7,"19":3,"1":7,"2":8,"3":16,"4":11,"5":6,"6":2,"7":12,"8":4,"9":8,"20":16,"21":1}},{"Modalità dinamica :":true,"Q : ":10,"STARTING PARTITION: ":{"22":10,"23":9,"24":9,"25":3,"26":4,"27":3,"28":2,"29":4,"30":10,"10":1,"11":14,"12":12,"13":8,"14":8,"15":13,"16":13,"17":9,"18":9,"19":5,"1":10,"2":3,"3":1,"4":4,"5":10,"6":4,"7":15,"8":12,"9":4,"20":11,"21":15},"LAST COALITION":[[],[{"utility":8,"ID":24},{"utility":68,"ID":29}],[{"utility":0,"ID":21}],[],[{"utility":74,"ID":5},{"utility":32,"ID":15},{"utility":48.5,"ID":25}],[{"utility":80,"ID":10},{"utility":88,"ID":28}],[{"utility":0,"ID":23}],[{"utility":59,"ID":12},{"utility":6,"ID":19}],[{"utility":54,"ID":3},{"utility":65,"ID":20}],[{"utility":75,"ID":17},{"utility":79,"ID":18}],[{"utility":91,"ID":6},{"utility":73,"ID":16}],[{"utility":78,"ID":22},{"utility":96,"ID":27}],[{"utility":85,"ID":14},{"utility":67,"ID":26}],[{"utility":5,"ID":7},{"utility":85,"ID":30}],[{"utility":0,"ID":4}],[{"utility":86,"ID":8},{"utility":57,"ID":11}],[{"utility":98,"ID":2},{"utility":82,"ID":9}],[{"utility":0,"ID":1}],[],[{"utility":0,"ID":13}],[],[],[],[],[],[],[],[],[],[],[]],"STARTING COALITION: ":[[null],[{"utility":0,"ID":3},{"utility":25,"ID":10}],[{"utility":0,"ID":28}],[{"utility":6,"ID":2},{"utility":2.5,"ID":25},{"utility":37,"ID":27}],[{"utility":48.5,"ID":4},{"utility":41.75,"ID":6},{"utility":16.5,"ID":9},{"utility":84.5,"ID":26},{"utility":32.5,"ID":29}],[{"utility":0,"ID":19}],[],[],[{"utility":33,"ID":13},{"utility":21,"ID":14}],[{"utility":42.333333333333336,"ID":17},{"utility":35,"ID":18},{"utility":25.333333333333332,"ID":23},{"utility":41.666666666666664,"ID":24}],[{"utility":48,"ID":1},{"utility":29.666666666666668,"ID":5},{"utility":50,"ID":22},{"utility":9.666666666666666,"ID":30}],[{"utility":0,"ID":20}],[{"utility":38,"ID":8},{"utility":15,"ID":12}],[{"utility":69,"ID":15},{"utility":64,"ID":16}],[{"utility":0,"ID":11}],[{"utility":28,"ID":7},{"utility":0,"ID":21}],[],[],[],[],[],[],[],[],[],[],[],[],[],[],[]],"CORE :":true,"Relazioni :":570,"Time : ":0.2,"LAST PARTITION":{"22":11,"23":6,"24":1,"25":4,"26":12,"27":11,"28":5,"29":1,"30":13,"10":5,"11":15,"12":7,"13":19,"14":12,"15":4,"16":10,"17":9,"18":9,"19":7,"1":17,"2":16,"3":8,"4":14,"5":4,"6":10,"7":13,"8":15,"9":16,"20":8,"21":2}},{"END OF FILE:" : true}]