[{"Modalità dinamica :":false,"Q : ":2,"STARTING PARTITION: ":{"22":14,"23":14,"24":1,"25":8,"26":8,"27":15,"28":3,"29":5,"30":15,"10":15,"11":1,"12":15,"13":1,"14":14,"15":6,"16":8,"17":3,"18":15,"19":8,"1":14,"2":10,"3":10,"4":2,"5":7,"6":7,"7":6,"8":5,"9":1,"20":13,"21":14},"LAST COALITION":[[],[{"utility":75,"ID":9},{"utility":59,"ID":16}],[{"utility":0,"ID":19}],[{"utility":55,"ID":17},{"utility":47,"ID":28}],[{"utility":0,"ID":20}],[{"utility":0,"ID":13}],[{"utility":0,"ID":10}],[{"utility":97,"ID":6},{"utility":16,"ID":21}],[{"utility":98,"ID":7},{"utility":87,"ID":25}],[{"utility":0,"ID":30}],[{"utility":98,"ID":2},{"utility":48,"ID":26}],[{"utility":0,"ID":8}],[{"utility":0,"ID":29}],[{"utility":99,"ID":1},{"utility":51,"ID":12}],[{"utility":10,"ID":14},{"utility":78,"ID":22},{"utility":32.5,"ID":23}],[{"utility":62,"ID":18},{"utility":61,"ID":27}],[{"utility":98,"ID":5},{"utility":18,"ID":11}],[{"utility":92,"ID":4},{"utility":77,"ID":15}],[{"utility":84,"ID":3},{"utility":31,"ID":24}],[],[],[],[],[],[],[],[],[],[],[],[]],"STARTING COALITION: ":[[null],[{"utility":23.333333333333332,"ID":9},{"utility":47,"ID":11},{"utility":22,"ID":13},{"utility":34.666666666666664,"ID":24}],[{"utility":0,"ID":4}],[{"utility":55,"ID":17},{"utility":47,"ID":28}],[],[{"utility":9,"ID":8},{"utility":27,"ID":29}],[{"utility":0,"ID":7},{"utility":13,"ID":15}],[{"utility":0,"ID":5},{"utility":0,"ID":6}],[{"utility":69.33333333333333,"ID":16},{"utility":52,"ID":19},{"utility":28.333333333333332,"ID":25},{"utility":40,"ID":26}],[],[{"utility":74,"ID":2},{"utility":23,"ID":3}],[],[],[{"utility":0,"ID":20}],[{"utility":34.5,"ID":1},{"utility":18,"ID":14},{"utility":31.25,"ID":21},{"utility":60.5,"ID":22},{"utility":41,"ID":23}],[{"utility":8.25,"ID":10},{"utility":21,"ID":12},{"utility":51.5,"ID":18},{"utility":34.25,"ID":27},{"utility":41.5,"ID":30}],[],[],[],[],[],[],[],[],[],[],[],[],[],[],[]],"CORE :":false,"Relazioni :":670,"Time : ":0.1,"LAST PARTITION":{"22":14,"23":14,"24":18,"25":8,"26":10,"27":15,"28":3,"29":12,"30":9,"10":6,"11":16,"12":13,"13":5,"14":14,"15":17,"16":1,"17":3,"18":15,"19":2,"1":13,"2":10,"3":18,"4":17,"5":16,"6":7,"7":8,"8":11,"9":1,"20":4,"21":7}},{"Modalità dinamica :":false,"Q : ":2,"STARTING PARTITION: ":{"22":14,"23":14,"24":1,"25":8,"26":8,"27":15,"28":3,"29":5,"30":15,"10":15,"11":1,"12":15,"13":1,"14":14,"15":6,"16":8,"17":3,"18":15,"19":8,"1":14,"2":10,"3":10,"4":2,"5":7,"6":7,"7":6,"8":5,"9":1,"20":13,"21":14},"LAST COALITION":[[],[{"utility":0,"ID":16}],[{"utility":0,"ID":30}],[{"utility":55,"ID":17},{"utility":47,"ID":28}],[{"utility":99,"ID":1},{"utility":51,"ID":12}],[{"utility":0,"ID":13}],[{"utility":92,"ID":5},{"utility":97,"ID":29}],[{"utility":97,"ID":6},{"utility":16,"ID":21}],[{"utility":98,"ID":7},{"utility":87,"ID":25}],[{"utility":0,"ID":20}],[{"utility":98,"ID":2},{"utility":48,"ID":26}],[{"utility":0,"ID":10}],[{"utility":96,"ID":8},{"utility":16,"ID":9}],[{"utility":0,"ID":19}],[{"utility":10,"ID":14},{"utility":78,"ID":22},{"utility":32.5,"ID":23}],[{"utility":62,"ID":18},{"utility":61,"ID":27}],[],[{"utility":92,"ID":4},{"utility":77,"ID":15}],[{"utility":84,"ID":3},{"utility":31,"ID":24}],[{"utility":0,"ID":11}],[],[],[],[],[],[],[],[],[],[],[]],"STARTING COALITION: ":[[null],[{"utility":23.333333333333332,"ID":9},{"utility":47,"ID":11},{"utility":22,"ID":13},{"utility":34.666666666666664,"ID":24}],[{"utility":0,"ID":4}],[{"utility":55,"ID":17},{"utility":47,"ID":28}],[],[{"utility":9,"ID":8},{"utility":27,"ID":29}],[{"utility":0,"ID":7},{"utility":13,"ID":15}],[{"utility":0,"ID":5},{"utility":0,"ID":6}],[{"utility":69.33333333333333,"ID":16},{"utility":52,"ID":19},{"utility":28.333333333333332,"ID":25},{"utility":40,"ID":26}],[],[{"utility":74,"ID":2},{"utility":23,"ID":3}],[],[],[{"utility":0,"ID":20}],[{"utility":34.5,"ID":1},{"utility":18,"ID":14},{"utility":31.25,"ID":21},{"utility":60.5,"ID":22},{"utility":41,"ID":23}],[{"utility":8.25,"ID":10},{"utility":21,"ID":12},{"utility":51.5,"ID":18},{"utility":34.25,"ID":27},{"utility":41.5,"ID":30}],[],[],[],[],[],[],[],[],[],[],[],[],[],[],[]],"CORE :":false,"Relazioni :":670,"Time : ":0.2,"LAST PARTITION":{"22":14,"23":14,"24":18,"25":8,"26":10,"27":15,"28":3,"29":6,"30":2,"10":11,"11":19,"12":4,"13":5,"14":14,"15":17,"16":1,"17":3,"18":15,"19":13,"1":4,"2":10,"3":18,"4":17,"5":6,"6":7,"7":8,"8":12,"9":12,"20":9,"21":7}},{"Modalità dinamica :":false,"Q : ":3,"STARTING PARTITION: ":{"22":14,"23":14,"24":1,"25":8,"26":8,"27":15,"28":3,"29":5,"30":15,"10":15,"11":1,"12":15,"13":1,"14":14,"15":6,"16":8,"17":3,"18":15,"19":8,"1":14,"2":10,"3":10,"4":2,"5":7,"6":7,"7":6,"8":5,"9":1,"20":13,"21":14},"LAST COALITION":[[],[{"utility":43,"ID":8},{"utility":28,"ID":11}],[{"utility":68,"ID":1},{"utility":82,"ID":19}],[{"utility":55,"ID":17},{"utility":47,"ID":28}],[{"utility":0,"ID":30}],[{"utility":0,"ID":13}],[{"utility":79,"ID":5},{"utility":92,"ID":12}],[{"utility":97,"ID":6},{"utility":16,"ID":21}],[{"utility":98,"ID":7},{"utility":87,"ID":25}],[],[{"utility":98,"ID":2},{"utility":48,"ID":26}],[{"utility":0,"ID":10}],[{"utility":0,"ID":29}],[{"utility":0,"ID":20}],[{"utility":10,"ID":14},{"utility":78,"ID":22},{"utility":32.5,"ID":23}],[{"utility":62,"ID":18},{"utility":61,"ID":27}],[{"utility":0,"ID":9}],[{"utility":92,"ID":4},{"utility":77,"ID":15}],[{"utility":84,"ID":3},{"utility":31,"ID":24}],[{"utility":0,"ID":16}],[],[],[],[],[],[],[],[],[],[],[]],"STARTING COALITION: ":[[null],[{"utility":23.333333333333332,"ID":9},{"utility":47,"ID":11},{"utility":22,"ID":13},{"utility":34.666666666666664,"ID":24}],[{"utility":0,"ID":4}],[{"utility":55,"ID":17},{"utility":47,"ID":28}],[],[{"utility":9,"ID":8},{"utility":27,"ID":29}],[{"utility":0,"ID":7},{"utility":13,"ID":15}],[{"utility":0,"ID":5},{"utility":0,"ID":6}],[{"utility":69.33333333333333,"ID":16},{"utility":52,"ID":19},{"utility":28.333333333333332,"ID":25},{"utility":40,"ID":26}],[],[{"utility":74,"ID":2},{"utility":23,"ID":3}],[],[],[{"utility":0,"ID":20}],[{"utility":34.5,"ID":1},{"utility":18,"ID":14},{"utility":31.25,"ID":21},{"utility":60.5,"ID":22},{"utility":41,"ID":23}],[{"utility":8.25,"ID":10},{"utility":21,"ID":12},{"utility":51.5,"ID":18},{"utility":34.25,"ID":27},{"utility":41.5,"ID":30}],[],[],[],[],[],[],[],[],[],[],[],[],[],[],[]],"CORE :":false,"Relazioni :":670,"Time : ":0.1,"LAST PARTITION":{"22":14,"23":14,"24":18,"25":8,"26":10,"27":15,"28":3,"29":12,"30":4,"10":11,"11":1,"12":6,"13":5,"14":14,"15":17,"16":19,"17":3,"18":15,"19":2,"1":2,"2":10,"3":18,"4":17,"5":6,"6":7,"7":8,"8":1,"9":16,"20":13,"21":7}},{"Modalità dinamica :":false,"Q : ":3,"STARTING PARTITION: ":{"22":14,"23":14,"24":1,"25":8,"26":8,"27":15,"28":3,"29":5,"30":15,"10":15,"11":1,"12":15,"13":1,"14":14,"15":6,"16":8,"17":3,"18":15,"19":8,"1":14,"2":10,"3":10,"4":2,"5":7,"6":7,"7":6,"8":5,"9":1,"20":13,"21":14},"LAST COALITION":[[],[{"utility":43,"ID":8},{"utility":28,"ID":11}],[{"utility":0,"ID":30}],[{"utility":55,"ID":17},{"utility":47,"ID":28}],[{"utility":0,"ID":1}],[{"utility":0,"ID":13}],[{"utility":0,"ID":29}],[{"utility":97,"ID":6},{"utility":16,"ID":21}],[{"utility":98,"ID":7},{"utility":87,"ID":25}],[{"utility":0,"ID":20}],[{"utility":98,"ID":2},{"utility":48,"ID":26}],[{"utility":79,"ID":5},{"utility":92,"ID":12}],[{"utility":0,"ID":10}],[{"utility":0,"ID":19}],[{"utility":10,"ID":14},{"utility":78,"ID":22},{"utility":32.5,"ID":23}],[{"utility":62,"ID":18},{"utility":61,"ID":27}],[],[{"utility":92,"ID":4},{"utility":77,"ID":15}],[{"utility":84,"ID":3},{"utility":31,"ID":24}],[{"utility":75,"ID":9},{"utility":59,"ID":16}],[],[],[],[],[],[],[],[],[],[],[]],"STARTING COALITION: ":[[null],[{"utility":23.333333333333332,"ID":9},{"utility":47,"ID":11},{"utility":22,"ID":13},{"utility":34.666666666666664,"ID":24}],[{"utility":0,"ID":4}],[{"utility":55,"ID":17},{"utility":47,"ID":28}],[],[{"utility":9,"ID":8},{"utility":27,"ID":29}],[{"utility":0,"ID":7},{"utility":13,"ID":15}],[{"utility":0,"ID":5},{"utility":0,"ID":6}],[{"utility":69.33333333333333,"ID":16},{"utility":52,"ID":19},{"utility":28.333333333333332,"ID":25},{"utility":40,"ID":26}],[],[{"utility":74,"ID":2},{"utility":23,"ID":3}],[],[],[{"utility":0,"ID":20}],[{"utility":34.5,"ID":1},{"utility":18,"ID":14},{"utility":31.25,"ID":21},{"utility":60.5,"ID":22},{"utility":41,"ID":23}],[{"utility":8.25,"ID":10},{"utility":21,"ID":12},{"utility":51.5,"ID":18},{"utility":34.25,"ID":27},{"utility":41.5,"ID":30}],[],[],[],[],[],[],[],[],[],[],[],[],[],[],[]],"CORE :":false,"Relazioni :":670,"Time : ":0.2,"LAST PARTITION":{"22":14,"23":14,"24":18,"25":8,"26":10,"27":15,"28":3,"29":6,"30":2,"10":12,"11":1,"12":11,"13":5,"14":14,"15":17,"16":19,"17":3,"18":15,"19":13,"1":4,"2":10,"3":18,"4":17,"5":11,"6":7,"7":8,"8":1,"9":19,"20":9,"21":7}},{"Modalità dinamica :":false,"Q : ":4,"STARTING PARTITION: ":{"22":14,"23":14,"24":1,"25":8,"26":8,"27":15,"28":3,"29":5,"30":15,"10":15,"11":1,"12":15,"13":1,"14":14,"15":6,"16":8,"17":3,"18":15,"19":8,"1":14,"2":10,"3":10,"4":2,"5":7,"6":7,"7":6,"8":5,"9":1,"20":13,"21":14},"LAST COALITION":[[],[{"utility":59,"ID":16},{"utility":75,"ID":9}],[{"utility":0,"ID":20}],[{"utility":55,"ID":17},{"utility":47,"ID":28}],[{"utility":0,"ID":19}],[{"utility":0,"ID":13}],[{"utility":47,"ID":5},{"utility":69,"ID":10}],[{"utility":16,"ID":21},{"utility":97,"ID":6}],[{"utility":98,"ID":7},{"utility":87,"ID":25}],[{"utility":99,"ID":1},{"utility":51,"ID":12}],[{"utility":98,"ID":2},{"utility":48,"ID":26}],[{"utility":0,"ID":29}],[],[{"utility":0,"ID":30}],[{"utility":10,"ID":14},{"utility":78,"ID":22},{"utility":32.5,"ID":23}],[{"utility":62,"ID":18},{"utility":61,"ID":27}],[],[{"utility":92,"ID":4},{"utility":77,"ID":15}],[{"utility":84,"ID":3},{"utility":31,"ID":24}],[{"utility":43,"ID":8},{"utility":28,"ID":11}],[],[],[],[],[],[],[],[],[],[],[]],"STARTING COALITION: ":[[null],[{"utility":23.333333333333332,"ID":9},{"utility":47,"ID":11},{"utility":22,"ID":13},{"utility":34.666666666666664,"ID":24}],[{"utility":0,"ID":4}],[{"utility":55,"ID":17},{"utility":47,"ID":28}],[],[{"utility":9,"ID":8},{"utility":27,"ID":29}],[{"utility":0,"ID":7},{"utility":13,"ID":15}],[{"utility":0,"ID":5},{"utility":0,"ID":6}],[{"utility":69.33333333333333,"ID":16},{"utility":52,"ID":19},{"utility":28.333333333333332,"ID":25},{"utility":40,"ID":26}],[],[{"utility":74,"ID":2},{"utility":23,"ID":3}],[],[],[{"utility":0,"ID":20}],[{"utility":34.5,"ID":1},{"utility":18,"ID":14},{"utility":31.25,"ID":21},{"utility":60.5,"ID":22},{"utility":41,"ID":23}],[{"utility":8.25,"ID":10},{"utility":21,"ID":12},{"utility":51.5,"ID":18},{"utility":34.25,"ID":27},{"utility":41.5,"ID":30}],[],[],[],[],[],[],[],[],[],[],[],[],[],[],[]],"CORE :":false,"Relazioni :":670,"Time : ":0.1,"LAST PARTITION":{"22":14,"23":14,"24":18,"25":8,"26":10,"27":15,"28":3,"29":11,"30":13,"10":6,"11":19,"12":9,"13":5,"14":14,"15":17,"16":1,"17":3,"18":15,"19":4,"1":9,"2":10,"3":18,"4":17,"5":6,"6":7,"7":8,"8":19,"9":1,"20":2,"21":7}},{"Modalità dinamica :":false,"Q : ":4,"STARTING PARTITION: ":{"22":14,"23":14,"24":1,"25":8,"26":8,"27":15,"28":3,"29":5,"30":15,"10":15,"11":1,"12":15,"13":1,"14":14,"15":6,"16":8,"17":3,"18":15,"19":8,"1":14,"2":10,"3":10,"4":2,"5":7,"6":7,"7":6,"8":5,"9":1,"20":13,"21":14},"LAST COALITION":[[],[{"utility":0,"ID":16}],[{"utility":99,"ID":1},{"utility":51,"ID":12}],[{"utility":55,"ID":17},{"utility":47,"ID":28}],[{"utility":0,"ID":30}],[{"utility":0,"ID":13}],[{"utility":0,"ID":29}],[{"utility":16,"ID":21},{"utility":97,"ID":6}],[{"utility":98,"ID":7},{"utility":87,"ID":25}],[{"utility":0,"ID":19}],[{"utility":98,"ID":2},{"utility":48,"ID":26}],[{"utility":0,"ID":10}],[{"utility":96,"ID":8},{"utility":16,"ID":9}],[{"utility":0,"ID":20}],[{"utility":10,"ID":14},{"utility":78,"ID":22},{"utility":32.5,"ID":23}],[{"utility":62,"ID":18},{"utility":61,"ID":27}],[{"utility":98,"ID":5},{"utility":18,"ID":11}],[{"utility":92,"ID":4},{"utility":77,"ID":15}],[{"utility":84,"ID":3},{"utility":31,"ID":24}],[],[],[],[],[],[],[],[],[],[],[],[]],"STARTING COALITION: ":[[null],[{"utility":23.333333333333332,"ID":9},{"utility":47,"ID":11},{"utility":22,"ID":13},{"utility":34.666666666666664,"ID":24}],[{"utility":0,"ID":4}],[{"utility":55,"ID":17},{"utility":47,"ID":28}],[],[{"utility":9,"ID":8},{"utility":27,"ID":29}],[{"utility":0,"ID":7},{"utility":13,"ID":15}],[{"utility":0,"ID":5},{"utility":0,"ID":6}],[{"utility":69.33333333333333,"ID":16},{"utility":52,"ID":19},{"utility":28.333333333333332,"ID":25},{"utility":40,"ID":26}],[],[{"utility":74,"ID":2},{"utility":23,"ID":3}],[],[],[{"utility":0,"ID":20}],[{"utility":34.5,"ID":1},{"utility":18,"ID":14},{"utility":31.25,"ID":21},{"utility":60.5,"ID":22},{"utility":41,"ID":23}],[{"utility":8.25,"ID":10},{"utility":21,"ID":12},{"utility":51.5,"ID":18},{"utility":34.25,"ID":27},{"utility":41.5,"ID":30}],[],[],[],[],[],[],[],[],[],[],[],[],[],[],[]],"CORE :":false,"Relazioni :":670,"Time : ":0.2,"LAST PARTITION":{"22":14,"23":14,"24":18,"25":8,"26":10,"27":15,"28":3,"29":6,"30":4,"10":11,"11":16,"12":2,"13":5,"14":14,"15":17,"16":1,"17":3,"18":15,"19":9,"1":2,"2":10,"3":18,"4":17,"5":16,"6":7,"7":8,"8":12,"9":12,"20":13,"21":7}},{"Modalità dinamica :":false,"Q : ":5,"STARTING PARTITION: ":{"22":14,"23":14,"24":1,"25":8,"26":8,"27":15,"28":3,"29":5,"30":15,"10":15,"11":1,"12":15,"13":1,"14":14,"15":6,"16":8,"17":3,"18":15,"19":8,"1":14,"2":10,"3":10,"4":2,"5":7,"6":7,"7":6,"8":5,"9":1,"20":13,"21":14},"LAST COALITION":[[],[{"utility":43,"ID":8},{"utility":28,"ID":11}],[{"utility":0,"ID":19}],[{"utility":55,"ID":17},{"utility":47,"ID":28}],[{"utility":60,"ID":20},{"utility":87,"ID":5}],[{"utility":0,"ID":13}],[{"utility":0,"ID":10}],[{"utility":16,"ID":21},{"utility":97,"ID":6}],[{"utility":98,"ID":7},{"utility":87,"ID":25}],[{"utility":87,"ID":1},{"utility":76,"ID":30}],[{"utility":98,"ID":2},{"utility":48,"ID":26}],[{"utility":0,"ID":29}],[{"utility":0,"ID":12}],[],[{"utility":10,"ID":14},{"utility":78,"ID":22},{"utility":32.5,"ID":23}],[{"utility":62,"ID":18},{"utility":61,"ID":27}],[{"utility":0,"ID":9}],[{"utility":92,"ID":4},{"utility":77,"ID":15}],[{"utility":84,"ID":3},{"utility":31,"ID":24}],[{"utility":0,"ID":16}],[],[],[],[],[],[],[],[],[],[],[]],"STARTING COALITION: ":[[null],[{"utility":23.333333333333332,"ID":9},{"utility":47,"ID":11},{"utility":22,"ID":13},{"utility":34.666666666666664,"ID":24}],[{"utility":0,"ID":4}],[{"utility":55,"ID":17},{"utility":47,"ID":28}],[],[{"utility":9,"ID":8},{"utility":27,"ID":29}],[{"utility":0,"ID":7},{"utility":13,"ID":15}],[{"utility":0,"ID":5},{"utility":0,"ID":6}],[{"utility":69.33333333333333,"ID":16},{"utility":52,"ID":19},{"utility":28.333333333333332,"ID":25},{"utility":40,"ID":26}],[],[{"utility":74,"ID":2},{"utility":23,"ID":3}],[],[],[{"utility":0,"ID":20}],[{"utility":34.5,"ID":1},{"utility":18,"ID":14},{"utility":31.25,"ID":21},{"utility":60.5,"ID":22},{"utility":41,"ID":23}],[{"utility":8.25,"ID":10},{"utility":21,"ID":12},{"utility":51.5,"ID":18},{"utility":34.25,"ID":27},{"utility":41.5,"ID":30}],[],[],[],[],[],[],[],[],[],[],[],[],[],[],[]],"CORE :":false,"Relazioni :":670,"Time : ":0.1,"LAST PARTITION":{"22":14,"23":14,"24":18,"25":8,"26":10,"27":15,"28":3,"29":11,"30":9,"10":6,"11":1,"12":12,"13":5,"14":14,"15":17,"16":19,"17":3,"18":15,"19":2,"1":9,"2":10,"3":18,"4":17,"5":4,"6":7,"7":8,"8":1,"9":16,"20":4,"21":7}},{"Modalità dinamica :":false,"Q : ":5,"STARTING PARTITION: ":{"22":14,"23":14,"24":1,"25":8,"26":8,"27":15,"28":3,"29":5,"30":15,"10":15,"11":1,"12":15,"13":1,"14":14,"15":6,"16":8,"17":3,"18":15,"19":8,"1":14,"2":10,"3":10,"4":2,"5":7,"6":7,"7":6,"8":5,"9":1,"20":13,"21":14},"LAST COALITION":[[],[{"utility":0,"ID":16}],[{"utility":99,"ID":1},{"utility":51,"ID":12}],[{"utility":55,"ID":17},{"utility":47,"ID":28}],[{"utility":0,"ID":30}],[{"utility":0,"ID":13}],[{"utility":0,"ID":10}],[{"utility":16,"ID":21},{"utility":97,"ID":6}],[{"utility":98,"ID":7},{"utility":87,"ID":25}],[{"utility":0,"ID":19}],[{"utility":98,"ID":2},{"utility":48,"ID":26}],[],[{"utility":92,"ID":5},{"utility":97,"ID":29}],[{"utility":0,"ID":20}],[{"utility":10,"ID":14},{"utility":78,"ID":22},{"utility":32.5,"ID":23}],[{"utility":62,"ID":18},{"utility":61,"ID":27}],[{"utility":0,"ID":9}],[{"utility":92,"ID":4},{"utility":77,"ID":15}],[{"utility":84,"ID":3},{"utility":31,"ID":24}],[{"utility":43,"ID":8},{"utility":28,"ID":11}],[],[],[],[],[],[],[],[],[],[],[]],"STARTING COALITION: ":[[null],[{"utility":23.333333333333332,"ID":9},{"utility":47,"ID":11},{"utility":22,"ID":13},{"utility":34.666666666666664,"ID":24}],[{"utility":0,"ID":4}],[{"utility":55,"ID":17},{"utility":47,"ID":28}],[],[{"utility":9,"ID":8},{"utility":27,"ID":29}],[{"utility":0,"ID":7},{"utility":13,"ID":15}],[{"utility":0,"ID":5},{"utility":0,"ID":6}],[{"utility":69.33333333333333,"ID":16},{"utility":52,"ID":19},{"utility":28.333333333333332,"ID":25},{"utility":40,"ID":26}],[],[{"utility":74,"ID":2},{"utility":23,"ID":3}],[],[],[{"utility":0,"ID":20}],[{"utility":34.5,"ID":1},{"utility":18,"ID":14},{"utility":31.25,"ID":21},{"utility":60.5,"ID":22},{"utility":41,"ID":23}],[{"utility":8.25,"ID":10},{"utility":21,"ID":12},{"utility":51.5,"ID":18},{"utility":34.25,"ID":27},{"utility":41.5,"ID":30}],[],[],[],[],[],[],[],[],[],[],[],[],[],[],[]],"CORE :":false,"Relazioni :":670,"Time : ":0.2,"LAST PARTITION":{"22":14,"23":14,"24":18,"25":8,"26":10,"27":15,"28":3,"29":12,"30":4,"10":6,"11":19,"12":2,"13":5,"14":14,"15":17,"16":1,"17":3,"18":15,"19":9,"1":2,"2":10,"3":18,"4":17,"5":12,"6":7,"7":8,"8":19,"9":16,"20":13,"21":7}},{"Modalità dinamica :":false,"Q : ":6,"STARTING PARTITION: ":{"22":14,"23":14,"24":1,"25":8,"26":8,"27":15,"28":3,"29":5,"30":15,"10":15,"11":1,"12":15,"13":1,"14":14,"15":6,"16":8,"17":3,"18":15,"19":8,"1":14,"2":10,"3":10,"4":2,"5":7,"6":7,"7":6,"8":5,"9":1,"20":13,"21":14},"LAST COALITION":[[],[{"utility":59,"ID":16},{"utility":75,"ID":9}],[{"utility":0,"ID":20}],[{"utility":55,"ID":17},{"utility":47,"ID":28}],[{"utility":0,"ID":19}],[{"utility":0,"ID":13}],[{"utility":0,"ID":29}],[{"utility":16,"ID":21},{"utility":97,"ID":6}],[{"utility":98,"ID":7},{"utility":87,"ID":25}],[{"utility":99,"ID":1},{"utility":51,"ID":12}],[{"utility":98,"ID":2},{"utility":48,"ID":26}],[{"utility":0,"ID":10}],[{"utility":0,"ID":8}],[{"utility":0,"ID":30}],[{"utility":10,"ID":14},{"utility":78,"ID":22},{"utility":32.5,"ID":23}],[{"utility":62,"ID":18},{"utility":61,"ID":27}],[{"utility":98,"ID":5},{"utility":18,"ID":11}],[{"utility":92,"ID":4},{"utility":77,"ID":15}],[{"utility":84,"ID":3},{"utility":31,"ID":24}],[],[],[],[],[],[],[],[],[],[],[],[]],"STARTING COALITION: ":[[null],[{"utility":23.333333333333332,"ID":9},{"utility":47,"ID":11},{"utility":22,"ID":13},{"utility":34.666666666666664,"ID":24}],[{"utility":0,"ID":4}],[{"utility":55,"ID":17},{"utility":47,"ID":28}],[],[{"utility":9,"ID":8},{"utility":27,"ID":29}],[{"utility":0,"ID":7},{"utility":13,"ID":15}],[{"utility":0,"ID":5},{"utility":0,"ID":6}],[{"utility":69.33333333333333,"ID":16},{"utility":52,"ID":19},{"utility":28.333333333333332,"ID":25},{"utility":40,"ID":26}],[],[{"utility":74,"ID":2},{"utility":23,"ID":3}],[],[],[{"utility":0,"ID":20}],[{"utility":34.5,"ID":1},{"utility":18,"ID":14},{"utility":31.25,"ID":21},{"utility":60.5,"ID":22},{"utility":41,"ID":23}],[{"utility":8.25,"ID":10},{"utility":21,"ID":12},{"utility":51.5,"ID":18},{"utility":34.25,"ID":27},{"utility":41.5,"ID":30}],[],[],[],[],[],[],[],[],[],[],[],[],[],[],[]],"CORE :":false,"Relazioni :":670,"Time : ":0.1,"LAST PARTITION":{"22":14,"23":14,"24":18,"25":8,"26":10,"27":15,"28":3,"29":6,"30":13,"10":11,"11":16,"12":9,"13":5,"14":14,"15":17,"16":1,"17":3,"18":15,"19":4,"1":9,"2":10,"3":18,"4":17,"5":16,"6":7,"7":8,"8":12,"9":1,"20":2,"21":7}},{"Modalità dinamica :":false,"Q : ":6,"STARTING PARTITION: ":{"22":14,"23":14,"24":1,"25":8,"26":8,"27":15,"28":3,"29":5,"30":15,"10":15,"11":1,"12":15,"13":1,"14":14,"15":6,"16":8,"17":3,"18":15,"19":8,"1":14,"2":10,"3":10,"4":2,"5":7,"6":7,"7":6,"8":5,"9":1,"20":13,"21":14},"LAST COALITION":[[],[{"utility":59,"ID":16},{"utility":75,"ID":9}],[{"utility":0,"ID":20}],[{"utility":55,"ID":17},{"utility":47,"ID":28}],[{"utility":0,"ID":19}],[{"utility":0,"ID":13}],[],[{"utility":16,"ID":21},{"utility":97,"ID":6}],[{"utility":98,"ID":7},{"utility":87,"ID":25}],[{"utility":99,"ID":1},{"utility":51,"ID":12}],[{"utility":98,"ID":2},{"utility":48,"ID":26}],[{"utility":0,"ID":29}],[{"utility":0,"ID":10}],[{"utility":0,"ID":30}],[{"utility":10,"ID":14},{"utility":78,"ID":22},{"utility":32.5,"ID":23}],[{"utility":62,"ID":18},{"utility":61,"ID":27}],[{"utility":0,"ID":5}],[{"utility":92,"ID":4},{"utility":77,"ID":15}],[{"utility":84,"ID":3},{"utility":31,"ID":24}],[{"utility":43,"ID":8},{"utility":28,"ID":11}],[],[],[],[],[],[],[],[],[],[],[]],"STARTING COALITION: ":[[null],[{"utility":23.333333333333332,"ID":9},{"utility":47,"ID":11},{"utility":22,"ID":13},{"utility":34.666666666666664,"ID":24}],[{"utility":0,"ID":4}],[{"utility":55,"ID":17},{"utility":47,"ID":28}],[],[{"utility":9,"ID":8},{"utility":27,"ID":29}],[{"utility":0,"ID":7},{"utility":13,"ID":15}],[{"utility":0,"ID":5},{"utility":0,"ID":6}],[{"utility":69.33333333333333,"ID":16},{"utility":52,"ID":19},{"utility":28.333333333333332,"ID":25},{"utility":40,"ID":26}],[],[{"utility":74,"ID":2},{"utility":23,"ID":3}],[],[],[{"utility":0,"ID":20}],[{"utility":34.5,"ID":1},{"utility":18,"ID":14},{"utility":31.25,"ID":21},{"utility":60.5,"ID":22},{"utility":41,"ID":23}],[{"utility":8.25,"ID":10},{"utility":21,"ID":12},{"utility":51.5,"ID":18},{"utility":34.25,"ID":27},{"utility":41.5,"ID":30}],[],[],[],[],[],[],[],[],[],[],[],[],[],[],[]],"CORE :":false,"Relazioni :":670,"Time : ":0.2,"LAST PARTITION":{"22":14,"23":14,"24":18,"25":8,"26":10,"27":15,"28":3,"29":11,"30":13,"10":12,"11":19,"12":9,"13":5,"14":14,"15":17,"16":1,"17":3,"18":15,"19":4,"1":9,"2":10,"3":18,"4":17,"5":16,"6":7,"7":8,"8":19,"9":1,"20":2,"21":7}},{"Modalità dinamica :":false,"Q : ":7,"STARTING PARTITION: ":{"22":14,"23":14,"24":1,"25":8,"26":8,"27":15,"28":3,"29":5,"30":15,"10":15,"11":1,"12":15,"13":1,"14":14,"15":6,"16":8,"17":3,"18":15,"19":8,"1":14,"2":10,"3":10,"4":2,"5":7,"6":7,"7":6,"8":5,"9":1,"20":13,"21":14},"LAST COALITION":[[],[{"utility":0,"ID":11}],[{"utility":0,"ID":19}],[{"utility":55,"ID":17},{"utility":47,"ID":28}],[{"utility":0,"ID":20}],[{"utility":0,"ID":13}],[{"utility":92,"ID":5},{"utility":97,"ID":29}],[{"utility":16,"ID":21},{"utility":97,"ID":6}],[{"utility":98,"ID":7},{"utility":87,"ID":25}],[{"utility":0,"ID":30}],[{"utility":98,"ID":2},{"utility":48,"ID":26}],[{"utility":0,"ID":10}],[{"utility":96,"ID":8},{"utility":16,"ID":9}],[{"utility":99,"ID":1},{"utility":51,"ID":12}],[{"utility":10,"ID":14},{"utility":78,"ID":22},{"utility":32.5,"ID":23}],[{"utility":62,"ID":18},{"utility":61,"ID":27}],[],[{"utility":92,"ID":4},{"utility":77,"ID":15}],[{"utility":84,"ID":3},{"utility":31,"ID":24}],[{"utility":0,"ID":16}],[],[],[],[],[],[],[],[],[],[],[]],"STARTING COALITION: ":[[null],[{"utility":23.333333333333332,"ID":9},{"utility":47,"ID":11},{"utility":22,"ID":13},{"utility":34.666666666666664,"ID":24}],[{"utility":0,"ID":4}],[{"utility":55,"ID":17},{"utility":47,"ID":28}],[],[{"utility":9,"ID":8},{"utility":27,"ID":29}],[{"utility":0,"ID":7},{"utility":13,"ID":15}],[{"utility":0,"ID":5},{"utility":0,"ID":6}],[{"utility":69.33333333333333,"ID":16},{"utility":52,"ID":19},{"utility":28.333333333333332,"ID":25},{"utility":40,"ID":26}],[],[{"utility":74,"ID":2},{"utility":23,"ID":3}],[],[],[{"utility":0,"ID":20}],[{"utility":34.5,"ID":1},{"utility":18,"ID":14},{"utility":31.25,"ID":21},{"utility":60.5,"ID":22},{"utility":41,"ID":23}],[{"utility":8.25,"ID":10},{"utility":21,"ID":12},{"utility":51.5,"ID":18},{"utility":34.25,"ID":27},{"utility":41.5,"ID":30}],[],[],[],[],[],[],[],[],[],[],[],[],[],[],[]],"CORE :":false,"Relazioni :":670,"Time : ":0.1,"LAST PARTITION":{"22":14,"23":14,"24":18,"25":8,"26":10,"27":15,"28":3,"29":6,"30":9,"10":11,"11":1,"12":13,"13":5,"14":14,"15":17,"16":19,"17":3,"18":15,"19":2,"1":13,"2":10,"3":18,"4":17,"5":6,"6":7,"7":8,"8":12,"9":12,"20":4,"21":7}},{"Modalità dinamica :":false,"Q : ":7,"STARTING PARTITION: ":{"22":14,"23":14,"24":1,"25":8,"26":8,"27":15,"28":3,"29":5,"30":15,"10":15,"11":1,"12":15,"13":1,"14":14,"15":6,"16":8,"17":3,"18":15,"19":8,"1":14,"2":10,"3":10,"4":2,"5":7,"6":7,"7":6,"8":5,"9":1,"20":13,"21":14},"LAST COALITION":[[],[],[{"utility":0,"ID":20}],[{"utility":55,"ID":17},{"utility":47,"ID":28}],[{"utility":0,"ID":19}],[{"utility":0,"ID":13}],[{"utility":0,"ID":10}],[{"utility":16,"ID":21},{"utility":97,"ID":6}],[{"utility":98,"ID":7},{"utility":87,"ID":25}],[{"utility":99,"ID":1},{"utility":51,"ID":12}],[{"utility":98,"ID":2},{"utility":48,"ID":26}],[{"utility":96,"ID":8},{"utility":16,"ID":9}],[{"utility":0,"ID":29}],[{"utility":0,"ID":30}],[{"utility":10,"ID":14},{"utility":78,"ID":22},{"utility":32.5,"ID":23}],[{"utility":62,"ID":18},{"utility":61,"ID":27}],[{"utility":98,"ID":5},{"utility":18,"ID":11}],[{"utility":92,"ID":4},{"utility":77,"ID":15}],[{"utility":84,"ID":3},{"utility":31,"ID":24}],[{"utility":0,"ID":16}],[],[],[],[],[],[],[],[],[],[],[]],"STARTING COALITION: ":[[null],[{"utility":23.333333333333332,"ID":9},{"utility":47,"ID":11},{"utility":22,"ID":13},{"utility":34.666666666666664,"ID":24}],[{"utility":0,"ID":4}],[{"utility":55,"ID":17},{"utility":47,"ID":28}],[],[{"utility":9,"ID":8},{"utility":27,"ID":29}],[{"utility":0,"ID":7},{"utility":13,"ID":15}],[{"utility":0,"ID":5},{"utility":0,"ID":6}],[{"utility":69.33333333333333,"ID":16},{"utility":52,"ID":19},{"utility":28.333333333333332,"ID":25},{"utility":40,"ID":26}],[],[{"utility":74,"ID":2},{"utility":23,"ID":3}],[],[],[{"utility":0,"ID":20}],[{"utility":34.5,"ID":1},{"utility":18,"ID":14},{"utility":31.25,"ID":21},{"utility":60.5,"ID":22},{"utility":41,"ID":23}],[{"utility":8.25,"ID":10},{"utility":21,"ID":12},{"utility":51.5,"ID":18},{"utility":34.25,"ID":27},{"utility":41.5,"ID":30}],[],[],[],[],[],[],[],[],[],[],[],[],[],[],[]],"CORE :":false,"Relazioni :":670,"Time : ":0.2,"LAST PARTITION":{"22":14,"23":14,"24":18,"25":8,"26":10,"27":15,"28":3,"29":12,"30":13,"10":6,"11":16,"12":9,"13":5,"14":14,"15":17,"16":19,"17":3,"18":15,"19":4,"1":9,"2":10,"3":18,"4":17,"5":16,"6":7,"7":8,"8":11,"9":11,"20":2,"21":7}},{"Modalità dinamica :":false,"Q : ":8,"STARTING PARTITION: ":{"22":14,"23":14,"24":1,"25":8,"26":8,"27":15,"28":3,"29":5,"30":15,"10":15,"11":1,"12":15,"13":1,"14":14,"15":6,"16":8,"17":3,"18":15,"19":8,"1":14,"2":10,"3":10,"4":2,"5":7,"6":7,"7":6,"8":5,"9":1,"20":13,"21":14},"LAST COALITION":[[],[{"utility":0,"ID":16}],[{"utility":0,"ID":30}],[{"utility":55,"ID":17},{"utility":47,"ID":28}],[{"utility":99,"ID":1},{"utility":51,"ID":12}],[{"utility":0,"ID":13}],[{"utility":0,"ID":10}],[{"utility":16,"ID":21},{"utility":97,"ID":6}],[{"utility":98,"ID":7},{"utility":87,"ID":25}],[{"utility":0,"ID":20}],[{"utility":98,"ID":2},{"utility":48,"ID":26}],[],[{"utility":92,"ID":5},{"utility":97,"ID":29}],[{"utility":0,"ID":19}],[{"utility":10,"ID":14},{"utility":78,"ID":22},{"utility":32.5,"ID":23}],[{"utility":62,"ID":18},{"utility":61,"ID":27}],[{"utility":0,"ID":9}],[{"utility":92,"ID":4},{"utility":77,"ID":15}],[{"utility":84,"ID":3},{"utility":31,"ID":24}],[{"utility":43,"ID":8},{"utility":28,"ID":11}],[],[],[],[],[],[],[],[],[],[],[]],"STARTING COALITION: ":[[null],[{"utility":23.333333333333332,"ID":9},{"utility":47,"ID":11},{"utility":22,"ID":13},{"utility":34.666666666666664,"ID":24}],[{"utility":0,"ID":4}],[{"utility":55,"ID":17},{"utility":47,"ID":28}],[],[{"utility":9,"ID":8},{"utility":27,"ID":29}],[{"utility":0,"ID":7},{"utility":13,"ID":15}],[{"utility":0,"ID":5},{"utility":0,"ID":6}],[{"utility":69.33333333333333,"ID":16},{"utility":52,"ID":19},{"utility":28.333333333333332,"ID":25},{"utility":40,"ID":26}],[],[{"utility":74,"ID":2},{"utility":23,"ID":3}],[],[],[{"utility":0,"ID":20}],[{"utility":34.5,"ID":1},{"utility":18,"ID":14},{"utility":31.25,"ID":21},{"utility":60.5,"ID":22},{"utility":41,"ID":23}],[{"utility":8.25,"ID":10},{"utility":21,"ID":12},{"utility":51.5,"ID":18},{"utility":34.25,"ID":27},{"utility":41.5,"ID":30}],[],[],[],[],[],[],[],[],[],[],[],[],[],[],[]],"CORE :":false,"Relazioni :":670,"Time : ":0.1,"LAST PARTITION":{"22":14,"23":14,"24":18,"25":8,"26":10,"27":15,"28":3,"29":12,"30":2,"10":6,"11":19,"12":4,"13":5,"14":14,"15":17,"16":1,"17":3,"18":15,"19":13,"1":4,"2":10,"3":18,"4":17,"5":12,"6":7,"7":8,"8":19,"9":16,"20":9,"21":7}},{"Modalità dinamica :":false,"Q : ":8,"STARTING PARTITION: ":{"22":14,"23":14,"24":1,"25":8,"26":8,"27":15,"28":3,"29":5,"30":15,"10":15,"11":1,"12":15,"13":1,"14":14,"15":6,"16":8,"17":3,"18":15,"19":8,"1":14,"2":10,"3":10,"4":2,"5":7,"6":7,"7":6,"8":5,"9":1,"20":13,"21":14},"LAST COALITION":[[],[{"utility":0,"ID":16}],[{"utility":99,"ID":1},{"utility":51,"ID":12}],[{"utility":55,"ID":17},{"utility":47,"ID":28}],[{"utility":0,"ID":30}],[{"utility":0,"ID":13}],[{"utility":96,"ID":8},{"utility":16,"ID":9}],[{"utility":16,"ID":21},{"utility":97,"ID":6}],[{"utility":98,"ID":7},{"utility":87,"ID":25}],[{"utility":0,"ID":19}],[{"utility":98,"ID":2},{"utility":48,"ID":26}],[{"utility":0,"ID":29}],[{"utility":0,"ID":10}],[{"utility":0,"ID":20}],[{"utility":10,"ID":14},{"utility":78,"ID":22},{"utility":32.5,"ID":23}],[{"utility":62,"ID":18},{"utility":61,"ID":27}],[{"utility":98,"ID":5},{"utility":18,"ID":11}],[{"utility":92,"ID":4},{"utility":77,"ID":15}],[{"utility":84,"ID":3},{"utility":31,"ID":24}],[],[],[],[],[],[],[],[],[],[],[],[]],"STARTING COALITION: ":[[null],[{"utility":23.333333333333332,"ID":9},{"utility":47,"ID":11},{"utility":22,"ID":13},{"utility":34.666666666666664,"ID":24}],[{"utility":0,"ID":4}],[{"utility":55,"ID":17},{"utility":47,"ID":28}],[],[{"utility":9,"ID":8},{"utility":27,"ID":29}],[{"utility":0,"ID":7},{"utility":13,"ID":15}],[{"utility":0,"ID":5},{"utility":0,"ID":6}],[{"utility":69.33333333333333,"ID":16},{"utility":52,"ID":19},{"utility":28.333333333333332,"ID":25},{"utility":40,"ID":26}],[],[{"utility":74,"ID":2},{"utility":23,"ID":3}],[],[],[{"utility":0,"ID":20}],[{"utility":34.5,"ID":1},{"utility":18,"ID":14},{"utility":31.25,"ID":21},{"utility":60.5,"ID":22},{"utility":41,"ID":23}],[{"utility":8.25,"ID":10},{"utility":21,"ID":12},{"utility":51.5,"ID":18},{"utility":34.25,"ID":27},{"utility":41.5,"ID":30}],[],[],[],[],[],[],[],[],[],[],[],[],[],[],[]],"CORE :":false,"Relazioni :":670,"Time : ":0.2,"LAST PARTITION":{"22":14,"23":14,"24":18,"25":8,"26":10,"27":15,"28":3,"29":11,"30":4,"10":12,"11":16,"12":2,"13":5,"14":14,"15":17,"16":1,"17":3,"18":15,"19":9,"1":2,"2":10,"3":18,"4":17,"5":16,"6":7,"7":8,"8":6,"9":6,"20":13,"21":7}},{"Modalità dinamica :":false,"Q : ":9,"STARTING PARTITION: ":{"22":14,"23":14,"24":1,"25":8,"26":8,"27":15,"28":3,"29":5,"30":15,"10":15,"11":1,"12":15,"13":1,"14":14,"15":6,"16":8,"17":3,"18":15,"19":8,"1":14,"2":10,"3":10,"4":2,"5":7,"6":7,"7":6,"8":5,"9":1,"20":13,"21":14},"LAST COALITION":[[],[{"utility":43,"ID":8},{"utility":28,"ID":11}],[{"utility":0,"ID":19}],[{"utility":55,"ID":17},{"utility":47,"ID":28}],[{"utility":0,"ID":20}],[{"utility":0,"ID":13}],[{"utility":0,"ID":10}],[{"utility":16,"ID":21},{"utility":97,"ID":6}],[{"utility":98,"ID":7},{"utility":87,"ID":25}],[{"utility":0,"ID":30}],[{"utility":98,"ID":2},{"utility":48,"ID":26}],[],[{"utility":92,"ID":5},{"utility":97,"ID":29}],[{"utility":99,"ID":1},{"utility":51,"ID":12}],[{"utility":10,"ID":14},{"utility":78,"ID":22},{"utility":32.5,"ID":23}],[{"utility":62,"ID":18},{"utility":61,"ID":27}],[{"utility":0,"ID":9}],[{"utility":92,"ID":4},{"utility":77,"ID":15}],[{"utility":84,"ID":3},{"utility":31,"ID":24}],[{"utility":0,"ID":16}],[],[],[],[],[],[],[],[],[],[],[]],"STARTING COALITION: ":[[null],[{"utility":23.333333333333332,"ID":9},{"utility":47,"ID":11},{"utility":22,"ID":13},{"utility":34.666666666666664,"ID":24}],[{"utility":0,"ID":4}],[{"utility":55,"ID":17},{"utility":47,"ID":28}],[],[{"utility":9,"ID":8},{"utility":27,"ID":29}],[{"utility":0,"ID":7},{"utility":13,"ID":15}],[{"utility":0,"ID":5},{"utility":0,"ID":6}],[{"utility":69.33333333333333,"ID":16},{"utility":52,"ID":19},{"utility":28.333333333333332,"ID":25},{"utility":40,"ID":26}],[],[{"utility":74,"ID":2},{"utility":23,"ID":3}],[],[],[{"utility":0,"ID":20}],[{"utility":34.5,"ID":1},{"utility":18,"ID":14},{"utility":31.25,"ID":21},{"utility":60.5,"ID":22},{"utility":41,"ID":23}],[{"utility":8.25,"ID":10},{"utility":21,"ID":12},{"utility":51.5,"ID":18},{"utility":34.25,"ID":27},{"utility":41.5,"ID":30}],[],[],[],[],[],[],[],[],[],[],[],[],[],[],[]],"CORE :":false,"Relazioni :":670,"Time : ":0.1,"LAST PARTITION":{"22":14,"23":14,"24":18,"25":8,"26":10,"27":15,"28":3,"29":12,"30":9,"10":6,"11":1,"12":13,"13":5,"14":14,"15":17,"16":19,"17":3,"18":15,"19":2,"1":13,"2":10,"3":18,"4":17,"5":12,"6":7,"7":8,"8":1,"9":16,"20":4,"21":7}},{"Modalità dinamica :":false,"Q : ":9,"STARTING PARTITION: ":{"22":14,"23":14,"24":1,"25":8,"26":8,"27":15,"28":3,"29":5,"30":15,"10":15,"11":1,"12":15,"13":1,"14":14,"15":6,"16":8,"17":3,"18":15,"19":8,"1":14,"2":10,"3":10,"4":2,"5":7,"6":7,"7":6,"8":5,"9":1,"20":13,"21":14},"LAST COALITION":[[],[{"utility":0,"ID":16}],[{"utility":99,"ID":1},{"utility":51,"ID":12}],[{"utility":55,"ID":17},{"utility":47,"ID":28}],[{"utility":0,"ID":30}],[{"utility":0,"ID":13}],[{"utility":96,"ID":8},{"utility":16,"ID":9}],[{"utility":16,"ID":21},{"utility":97,"ID":6}],[{"utility":98,"ID":7},{"utility":87,"ID":25}],[{"utility":0,"ID":19}],[{"utility":98,"ID":2},{"utility":48,"ID":26}],[{"utility":92,"ID":5},{"utility":97,"ID":29}],[{"utility":0,"ID":10}],[{"utility":0,"ID":20}],[{"utility":10,"ID":14},{"utility":78,"ID":22},{"utility":32.5,"ID":23}],[{"utility":62,"ID":18},{"utility":61,"ID":27}],[],[{"utility":92,"ID":4},{"utility":77,"ID":15}],[{"utility":84,"ID":3},{"utility":31,"ID":24}],[{"utility":0,"ID":11}],[],[],[],[],[],[],[],[],[],[],[]],"STARTING COALITION: ":[[null],[{"utility":23.333333333333332,"ID":9},{"utility":47,"ID":11},{"utility":22,"ID":13},{"utility":34.666666666666664,"ID":24}],[{"utility":0,"ID":4}],[{"utility":55,"ID":17},{"utility":47,"ID":28}],[],[{"utility":9,"ID":8},{"utility":27,"ID":29}],[{"utility":0,"ID":7},{"utility":13,"ID":15}],[{"utility":0,"ID":5},{"utility":0,"ID":6}],[{"utility":69.33333333333333,"ID":16},{"utility":52,"ID":19},{"utility":28.333333333333332,"ID":25},{"utility":40,"ID":26}],[],[{"utility":74,"ID":2},{"utility":23,"ID":3}],[],[],[{"utility":0,"ID":20}],[{"utility":34.5,"ID":1},{"utility":18,"ID":14},{"utility":31.25,"ID":21},{"utility":60.5,"ID":22},{"utility":41,"ID":23}],[{"utility":8.25,"ID":10},{"utility":21,"ID":12},{"utility":51.5,"ID":18},{"utility":34.25,"ID":27},{"utility":41.5,"ID":30}],[],[],[],[],[],[],[],[],[],[],[],[],[],[],[]],"CORE :":false,"Relazioni :":670,"Time : ":0.2,"LAST PARTITION":{"22":14,"23":14,"24":18,"25":8,"26":10,"27":15,"28":3,"29":11,"30":4,"10":12,"11":19,"12":2,"13":5,"14":14,"15":17,"16":1,"17":3,"18":15,"19":9,"1":2,"2":10,"3":18,"4":17,"5":11,"6":7,"7":8,"8":6,"9":6,"20":13,"21":7}},{"Modalità dinamica :":false,"Q : ":10,"STARTING PARTITION: ":{"22":14,"23":14,"24":1,"25":8,"26":8,"27":15,"28":3,"29":5,"30":15,"10":15,"11":1,"12":15,"13":1,"14":14,"15":6,"16":8,"17":3,"18":15,"19":8,"1":14,"2":10,"3":10,"4":2,"5":7,"6":7,"7":6,"8":5,"9":1,"20":13,"21":14},"LAST COALITION":[[],[{"utility":43,"ID":8},{"utility":28,"ID":11}],[{"utility":0,"ID":19}],[{"utility":55,"ID":17},{"utility":47,"ID":28}],[{"utility":60,"ID":20},{"utility":87,"ID":5}],[{"utility":0,"ID":13}],[{"utility":0,"ID":29}],[{"utility":16,"ID":21},{"utility":97,"ID":6}],[{"utility":98,"ID":7},{"utility":87,"ID":25}],[{"utility":0,"ID":30}],[{"utility":98,"ID":2},{"utility":48,"ID":26}],[],[{"utility":0,"ID":10}],[{"utility":99,"ID":1},{"utility":51,"ID":12}],[{"utility":10,"ID":14},{"utility":78,"ID":22},{"utility":32.5,"ID":23}],[{"utility":62,"ID":18},{"utility":61,"ID":27}],[{"utility":0,"ID":9}],[{"utility":92,"ID":4},{"utility":77,"ID":15}],[{"utility":84,"ID":3},{"utility":31,"ID":24}],[{"utility":0,"ID":16}],[],[],[],[],[],[],[],[],[],[],[]],"STARTING COALITION: ":[[null],[{"utility":23.333333333333332,"ID":9},{"utility":47,"ID":11},{"utility":22,"ID":13},{"utility":34.666666666666664,"ID":24}],[{"utility":0,"ID":4}],[{"utility":55,"ID":17},{"utility":47,"ID":28}],[],[{"utility":9,"ID":8},{"utility":27,"ID":29}],[{"utility":0,"ID":7},{"utility":13,"ID":15}],[{"utility":0,"ID":5},{"utility":0,"ID":6}],[{"utility":69.33333333333333,"ID":16},{"utility":52,"ID":19},{"utility":28.333333333333332,"ID":25},{"utility":40,"ID":26}],[],[{"utility":74,"ID":2},{"utility":23,"ID":3}],[],[],[{"utility":0,"ID":20}],[{"utility":34.5,"ID":1},{"utility":18,"ID":14},{"utility":31.25,"ID":21},{"utility":60.5,"ID":22},{"utility":41,"ID":23}],[{"utility":8.25,"ID":10},{"utility":21,"ID":12},{"utility":51.5,"ID":18},{"utility":34.25,"ID":27},{"utility":41.5,"ID":30}],[],[],[],[],[],[],[],[],[],[],[],[],[],[],[]],"CORE :":false,"Relazioni :":670,"Time : ":0.1,"LAST PARTITION":{"22":14,"23":14,"24":18,"25":8,"26":10,"27":15,"28":3,"29":6,"30":9,"10":12,"11":1,"12":13,"13":5,"14":14,"15":17,"16":19,"17":3,"18":15,"19":2,"1":13,"2":10,"3":18,"4":17,"5":4,"6":7,"7":8,"8":1,"9":16,"20":4,"21":7}},{"Modalità dinamica :":false,"Q : ":10,"STARTING PARTITION: ":{"22":14,"23":14,"24":1,"25":8,"26":8,"27":15,"28":3,"29":5,"30":15,"10":15,"11":1,"12":15,"13":1,"14":14,"15":6,"16":8,"17":3,"18":15,"19":8,"1":14,"2":10,"3":10,"4":2,"5":7,"6":7,"7":6,"8":5,"9":1,"20":13,"21":14},"LAST COALITION":[[],[{"utility":43,"ID":8},{"utility":28,"ID":11}],[{"utility":0,"ID":30}],[{"utility":55,"ID":17},{"utility":47,"ID":28}],[{"utility":0,"ID":1}],[{"utility":0,"ID":13}],[{"utility":0,"ID":29}],[{"utility":16,"ID":21},{"utility":97,"ID":6}],[{"utility":98,"ID":7},{"utility":87,"ID":25}],[{"utility":0,"ID":20}],[{"utility":98,"ID":2},{"utility":48,"ID":26}],[{"utility":79,"ID":5},{"utility":92,"ID":12}],[{"utility":0,"ID":10}],[{"utility":0,"ID":19}],[{"utility":10,"ID":14},{"utility":78,"ID":22},{"utility":32.5,"ID":23}],[{"utility":62,"ID":18},{"utility":61,"ID":27}],[],[{"utility":92,"ID":4},{"utility":77,"ID":15}],[{"utility":84,"ID":3},{"utility":31,"ID":24}],[{"utility":59,"ID":16},{"utility":75,"ID":9}],[],[],[],[],[],[],[],[],[],[],[]],"STARTING COALITION: ":[[null],[{"utility":23.333333333333332,"ID":9},{"utility":47,"ID":11},{"utility":22,"ID":13},{"utility":34.666666666666664,"ID":24}],[{"utility":0,"ID":4}],[{"utility":55,"ID":17},{"utility":47,"ID":28}],[],[{"utility":9,"ID":8},{"utility":27,"ID":29}],[{"utility":0,"ID":7},{"utility":13,"ID":15}],[{"utility":0,"ID":5},{"utility":0,"ID":6}],[{"utility":69.33333333333333,"ID":16},{"utility":52,"ID":19},{"utility":28.333333333333332,"ID":25},{"utility":40,"ID":26}],[],[{"utility":74,"ID":2},{"utility":23,"ID":3}],[],[],[{"utility":0,"ID":20}],[{"utility":34.5,"ID":1},{"utility":18,"ID":14},{"utility":31.25,"ID":21},{"utility":60.5,"ID":22},{"utility":41,"ID":23}],[{"utility":8.25,"ID":10},{"utility":21,"ID":12},{"utility":51.5,"ID":18},{"utility":34.25,"ID":27},{"utility":41.5,"ID":30}],[],[],[],[],[],[],[],[],[],[],[],[],[],[],[]],"CORE :":false,"Relazioni :":670,"Time : ":0.2,"LAST PARTITION":{"22":14,"23":14,"24":18,"25":8,"26":10,"27":15,"28":3,"29":6,"30":2,"10":12,"11":1,"12":11,"13":5,"14":14,"15":17,"16":19,"17":3,"18":15,"19":13,"1":4,"2":10,"3":18,"4":17,"5":11,"6":7,"7":8,"8":1,"9":19,"20":9,"21":7}},{"Modalità dinamica :":true,"Q : ":2,"STARTING PARTITION: ":{"22":14,"23":14,"24":1,"25":8,"26":8,"27":15,"28":3,"29":5,"30":15,"10":15,"11":1,"12":15,"13":1,"14":14,"15":6,"16":8,"17":3,"18":15,"19":8,"1":14,"2":10,"3":10,"4":2,"5":7,"6":7,"7":6,"8":5,"9":1,"20":13,"21":14},"LAST COALITION":[[],[{"utility":70,"ID":8},{"utility":70,"ID":22}],[{"utility":67,"ID":6},{"utility":91,"ID":26}],[],[{"utility":70,"ID":11},{"utility":99,"ID":30}],[{"utility":64,"ID":14},{"utility":63,"ID":24}],[{"utility":93,"ID":10},{"utility":48,"ID":28}],[{"utility":67,"ID":4},{"utility":65,"ID":13}],[{"utility":92,"ID":15},{"utility":87,"ID":23}],[],[{"utility":99,"ID":1},{"utility":51,"ID":12}],[{"utility":98,"ID":7},{"utility":87,"ID":25}],[{"utility":71,"ID":9},{"utility":73,"ID":18}],[{"utility":96,"ID":19},{"utility":98,"ID":21}],[{"utility":92,"ID":5},{"utility":97,"ID":29}],[{"utility":79,"ID":16},{"utility":67,"ID":17}],[{"utility":74,"ID":2},{"utility":23,"ID":3}],[{"utility":90,"ID":20},{"utility":54,"ID":27}],[],[],[],[],[],[],[],[],[],[],[],[],[]],"STARTING COALITION: ":[[null],[{"utility":23.333333333333332,"ID":9},{"utility":47,"ID":11},{"utility":22,"ID":13},{"utility":34.666666666666664,"ID":24}],[{"utility":0,"ID":4}],[{"utility":55,"ID":17},{"utility":47,"ID":28}],[],[{"utility":9,"ID":8},{"utility":27,"ID":29}],[{"utility":0,"ID":7},{"utility":13,"ID":15}],[{"utility":0,"ID":5},{"utility":0,"ID":6}],[{"utility":69.33333333333333,"ID":16},{"utility":52,"ID":19},{"utility":28.333333333333332,"ID":25},{"utility":40,"ID":26}],[],[{"utility":74,"ID":2},{"utility":23,"ID":3}],[],[],[{"utility":0,"ID":20}],[{"utility":34.5,"ID":1},{"utility":18,"ID":14},{"utility":31.25,"ID":21},{"utility":60.5,"ID":22},{"utility":41,"ID":23}],[{"utility":8.25,"ID":10},{"utility":21,"ID":12},{"utility":51.5,"ID":18},{"utility":34.25,"ID":27},{"utility":41.5,"ID":30}],[],[],[],[],[],[],[],[],[],[],[],[],[],[],[]],"CORE :":true,"Relazioni :":670,"Time : ":0.1,"LAST PARTITION":{"22":1,"23":8,"24":5,"25":11,"26":2,"27":17,"28":6,"29":14,"30":4,"10":6,"11":4,"12":10,"13":7,"14":5,"15":8,"16":15,"17":15,"18":12,"19":13,"1":10,"2":16,"3":16,"4":7,"5":14,"6":2,"7":11,"8":1,"9":12,"20":17,"21":13}},{"Modalità dinamica :":true,"Q : ":2,"STARTING PARTITION: ":{"22":14,"23":14,"24":1,"25":8,"26":8,"27":15,"28":3,"29":5,"30":15,"10":15,"11":1,"12":15,"13":1,"14":14,"15":6,"16":8,"17":3,"18":15,"19":8,"1":14,"2":10,"3":10,"4":2,"5":7,"6":7,"7":6,"8":5,"9":1,"20":13,"21":14},"LAST COALITION":[[],[{"utility":64,"ID":14},{"utility":63,"ID":24}],[{"utility":99,"ID":1},{"utility":51,"ID":12}],[{"utility":67,"ID":4},{"utility":65,"ID":13}],[{"utility":70,"ID":8},{"utility":70,"ID":22}],[{"utility":90,"ID":20},{"utility":54,"ID":27}],[{"utility":70,"ID":11},{"utility":99,"ID":30}],[{"utility":74,"ID":2},{"utility":23,"ID":3}],[],[],[{"utility":93,"ID":10},{"utility":48,"ID":28}],[{"utility":79,"ID":16},{"utility":67,"ID":17}],[{"utility":98,"ID":7},{"utility":87,"ID":25}],[{"utility":92,"ID":15},{"utility":87,"ID":23}],[{"utility":67,"ID":6},{"utility":91,"ID":26}],[],[{"utility":96,"ID":19},{"utility":98,"ID":21}],[],[],[{"utility":92,"ID":5},{"utility":97,"ID":29}],[{"utility":71,"ID":9},{"utility":73,"ID":18}],[],[],[],[],[],[],[],[],[],[]],"STARTING COALITION: ":[[null],[{"utility":23.333333333333332,"ID":9},{"utility":47,"ID":11},{"utility":22,"ID":13},{"utility":34.666666666666664,"ID":24}],[{"utility":0,"ID":4}],[{"utility":55,"ID":17},{"utility":47,"ID":28}],[],[{"utility":9,"ID":8},{"utility":27,"ID":29}],[{"utility":0,"ID":7},{"utility":13,"ID":15}],[{"utility":0,"ID":5},{"utility":0,"ID":6}],[{"utility":69.33333333333333,"ID":16},{"utility":52,"ID":19},{"utility":28.333333333333332,"ID":25},{"utility":40,"ID":26}],[],[{"utility":74,"ID":2},{"utility":23,"ID":3}],[],[],[{"utility":0,"ID":20}],[{"utility":34.5,"ID":1},{"utility":18,"ID":14},{"utility":31.25,"ID":21},{"utility":60.5,"ID":22},{"utility":41,"ID":23}],[{"utility":8.25,"ID":10},{"utility":21,"ID":12},{"utility":51.5,"ID":18},{"utility":34.25,"ID":27},{"utility":41.5,"ID":30}],[],[],[],[],[],[],[],[],[],[],[],[],[],[],[]],"CORE :":true,"Relazioni :":670,"Time : ":0.2,"LAST PARTITION":{"22":4,"23":13,"24":1,"25":12,"26":14,"27":5,"28":10,"29":19,"30":6,"10":10,"11":6,"12":2,"13":3,"14":1,"15":13,"16":11,"17":11,"18":20,"19":16,"1":2,"2":7,"3":7,"4":3,"5":19,"6":14,"7":12,"8":4,"9":20,"20":5,"21":16}},{"Modalità dinamica :":true,"Q : ":3,"STARTING PARTITION: ":{"22":14,"23":14,"24":1,"25":8,"26":8,"27":15,"28":3,"29":5,"30":15,"10":15,"11":1,"12":15,"13":1,"14":14,"15":6,"16":8,"17":3,"18":15,"19":8,"1":14,"2":10,"3":10,"4":2,"5":7,"6":7,"7":6,"8":5,"9":1,"20":13,"21":14},"LAST COALITION":[[],[{"utility":67,"ID":4},{"utility":65,"ID":13}],[{"utility":73,"ID":22},{"utility":39,"ID":27}],[{"utility":0,"ID":3}],[{"utility":98,"ID":7},{"utility":87,"ID":25}],[{"utility":99,"ID":1},{"utility":51,"ID":12}],[{"utility":78,"ID":10},{"utility":82,"ID":11}],[{"utility":79,"ID":16},{"utility":67,"ID":17}],[],[{"utility":57,"ID":28},{"utility":67,"ID":30}],[{"utility":0,"ID":2}],[],[{"utility":92,"ID":15},{"utility":87,"ID":23}],[{"utility":71,"ID":9},{"utility":73,"ID":18}],[{"utility":40,"ID":8},{"utility":35,"ID":14}],[{"utility":92,"ID":5},{"utility":97,"ID":29}],[{"utility":67,"ID":6},{"utility":91,"ID":26}],[{"utility":0,"ID":20},{"utility":0,"ID":24}],[{"utility":96,"ID":19},{"utility":98,"ID":21}],[],[],[],[],[],[],[],[],[],[],[],[]],"STARTING COALITION: ":[[null],[{"utility":23.333333333333332,"ID":9},{"utility":47,"ID":11},{"utility":22,"ID":13},{"utility":34.666666666666664,"ID":24}],[{"utility":0,"ID":4}],[{"utility":55,"ID":17},{"utility":47,"ID":28}],[],[{"utility":9,"ID":8},{"utility":27,"ID":29}],[{"utility":0,"ID":7},{"utility":13,"ID":15}],[{"utility":0,"ID":5},{"utility":0,"ID":6}],[{"utility":69.33333333333333,"ID":16},{"utility":52,"ID":19},{"utility":28.333333333333332,"ID":25},{"utility":40,"ID":26}],[],[{"utility":74,"ID":2},{"utility":23,"ID":3}],[],[],[{"utility":0,"ID":20}],[{"utility":34.5,"ID":1},{"utility":18,"ID":14},{"utility":31.25,"ID":21},{"utility":60.5,"ID":22},{"utility":41,"ID":23}],[{"utility":8.25,"ID":10},{"utility":21,"ID":12},{"utility":51.5,"ID":18},{"utility":34.25,"ID":27},{"utility":41.5,"ID":30}],[],[],[],[],[],[],[],[],[],[],[],[],[],[],[]],"CORE :":true,"Relazioni :":670,"Time : ":0.1,"LAST PARTITION":{"22":2,"23":12,"24":17,"25":4,"26":16,"27":2,"28":9,"29":15,"30":9,"10":6,"11":6,"12":5,"13":1,"14":14,"15":12,"16":7,"17":7,"18":13,"19":18,"1":5,"2":10,"3":3,"4":1,"5":15,"6":16,"7":4,"8":14,"9":13,"20":17,"21":18}},{"Modalità dinamica :":true,"Q : ":3,"STARTING PARTITION: ":{"22":14,"23":14,"24":1,"25":8,"26":8,"27":15,"28":3,"29":5,"30":15,"10":15,"11":1,"12":15,"13":1,"14":14,"15":6,"16":8,"17":3,"18":15,"19":8,"1":14,"2":10,"3":10,"4":2,"5":7,"6":7,"7":6,"8":5,"9":1,"20":13,"21":14},"LAST COALITION":[[],[{"utility":78,"ID":10},{"utility":82,"ID":11}],[{"utility":0,"ID":12}],[{"utility":92,"ID":5},{"utility":97,"ID":29}],[],[{"utility":96,"ID":19},{"utility":98,"ID":21}],[{"utility":84,"ID":18},{"utility":22,"ID":22}],[{"utility":67,"ID":4},{"utility":65,"ID":13}],[],[{"utility":55,"ID":17},{"utility":47,"ID":28}],[{"utility":98,"ID":7},{"utility":87,"ID":25}],[{"utility":0,"ID":6}],[{"utility":78,"ID":15},{"utility":43.5,"ID":23},{"utility":94.5,"ID":26}],[{"utility":0,"ID":24}],[{"utility":0,"ID":3}],[{"utility":0,"ID":1}],[{"utility":0,"ID":14}],[{"utility":75,"ID":2},{"utility":73,"ID":16}],[{"utility":55.5,"ID":20},{"utility":59.5,"ID":27},{"utility":49.5,"ID":30}],[{"utility":96,"ID":8},{"utility":16,"ID":9}],[],[],[],[],[],[],[],[],[],[],[]],"STARTING COALITION: ":[[null],[{"utility":23.333333333333332,"ID":9},{"utility":47,"ID":11},{"utility":22,"ID":13},{"utility":34.666666666666664,"ID":24}],[{"utility":0,"ID":4}],[{"utility":55,"ID":17},{"utility":47,"ID":28}],[],[{"utility":9,"ID":8},{"utility":27,"ID":29}],[{"utility":0,"ID":7},{"utility":13,"ID":15}],[{"utility":0,"ID":5},{"utility":0,"ID":6}],[{"utility":69.33333333333333,"ID":16},{"utility":52,"ID":19},{"utility":28.333333333333332,"ID":25},{"utility":40,"ID":26}],[],[{"utility":74,"ID":2},{"utility":23,"ID":3}],[],[],[{"utility":0,"ID":20}],[{"utility":34.5,"ID":1},{"utility":18,"ID":14},{"utility":31.25,"ID":21},{"utility":60.5,"ID":22},{"utility":41,"ID":23}],[{"utility":8.25,"ID":10},{"utility":21,"ID":12},{"utility":51.5,"ID":18},{"utility":34.25,"ID":27},{"utility":41.5,"ID":30}],[],[],[],[],[],[],[],[],[],[],[],[],[],[],[]],"CORE :":true,"Relazioni :":670,"Time : ":0.2,"LAST PARTITION":{"22":6,"23":12,"24":13,"25":10,"26":12,"27":18,"28":9,"29":3,"30":18,"10":1,"11":1,"12":2,"13":7,"14":16,"15":12,"16":17,"17":9,"18":6,"19":5,"1":15,"2":17,"3":14,"4":7,"5":3,"6":11,"7":10,"8":19,"9":19,"20":18,"21":5}},{"Modalità dinamica :":true,"Q : ":4,"STARTING PARTITION: ":{"22":14,"23":14,"24":1,"25":8,"26":8,"27":15,"28":3,"29":5,"30":15,"10":15,"11":1,"12":15,"13":1,"14":14,"15":6,"16":8,"17":3,"18":15,"19":8,"1":14,"2":10,"3":10,"4":2,"5":7,"6":7,"7":6,"8":5,"9":1,"20":13,"21":14},"LAST COALITION":[[],[{"utility":58.5,"ID":8},{"utility":71.5,"ID":22},{"utility":54.5,"ID":27}],[{"utility":74,"ID":2},{"utility":23,"ID":3}],[{"utility":71,"ID":9},{"utility":73,"ID":18}],[{"utility":92,"ID":5},{"utility":97,"ID":29}],[{"utility":99,"ID":1},{"utility":51,"ID":12}],[{"utility":70,"ID":11},{"utility":99,"ID":30}],[{"utility":79,"ID":16},{"utility":99,"ID":20}],[{"utility":0,"ID":14}],[{"utility":98,"ID":7},{"utility":87,"ID":25}],[{"utility":92,"ID":15},{"utility":87,"ID":23}],[],[{"utility":96,"ID":19},{"utility":98,"ID":21}],[{"utility":67,"ID":4},{"utility":65,"ID":13}],[{"utility":67,"ID":6},{"utility":91,"ID":26}],[{"utility":93,"ID":10},{"utility":48,"ID":28}],[{"utility":32,"ID":17},{"utility":75,"ID":24}],[],[],[],[],[],[],[],[],[],[],[],[],[],[]],"STARTING COALITION: ":[[null],[{"utility":23.333333333333332,"ID":9},{"utility":47,"ID":11},{"utility":22,"ID":13},{"utility":34.666666666666664,"ID":24}],[{"utility":0,"ID":4}],[{"utility":55,"ID":17},{"utility":47,"ID":28}],[],[{"utility":9,"ID":8},{"utility":27,"ID":29}],[{"utility":0,"ID":7},{"utility":13,"ID":15}],[{"utility":0,"ID":5},{"utility":0,"ID":6}],[{"utility":69.33333333333333,"ID":16},{"utility":52,"ID":19},{"utility":28.333333333333332,"ID":25},{"utility":40,"ID":26}],[],[{"utility":74,"ID":2},{"utility":23,"ID":3}],[],[],[{"utility":0,"ID":20}],[{"utility":34.5,"ID":1},{"utility":18,"ID":14},{"utility":31.25,"ID":21},{"utility":60.5,"ID":22},{"utility":41,"ID":23}],[{"utility":8.25,"ID":10},{"utility":21,"ID":12},{"utility":51.5,"ID":18},{"utility":34.25,"ID":27},{"utility":41.5,"ID":30}],[],[],[],[],[],[],[],[],[],[],[],[],[],[],[]],"CORE :":true,"Relazioni :":670,"Time : ":0.1,"LAST PARTITION":{"22":1,"23":10,"24":16,"25":9,"26":14,"27":1,"28":15,"29":4,"30":6,"10":15,"11":6,"12":5,"13":13,"14":8,"15":10,"16":7,"17":16,"18":3,"19":12,"1":5,"2":2,"3":2,"4":13,"5":4,"6":14,"7":9,"8":1,"9":3,"20":7,"21":12}},{"Modalità dinamica :":true,"Q : ":4,"STARTING PARTITION: ":{"22":14,"23":14,"24":1,"25":8,"26":8,"27":15,"28":3,"29":5,"30":15,"10":15,"11":1,"12":15,"13":1,"14":14,"15":6,"16":8,"17":3,"18":15,"19":8,"1":14,"2":10,"3":10,"4":2,"5":7,"6":7,"7":6,"8":5,"9":1,"20":13,"21":14},"LAST COALITION":[[],[],[{"utility":92,"ID":5},{"utility":97,"ID":29}],[{"utility":96,"ID":19},{"utility":98,"ID":21}],[{"utility":90,"ID":20},{"utility":54,"ID":27}],[{"utility":93,"ID":10},{"utility":48,"ID":28}],[{"utility":92,"ID":15},{"utility":87,"ID":23}],[{"utility":64,"ID":14},{"utility":63,"ID":24}],[{"utility":79,"ID":16},{"utility":67,"ID":17}],[{"utility":70,"ID":11},{"utility":99,"ID":30}],[{"utility":67,"ID":6},{"utility":91,"ID":26}],[],[{"utility":71,"ID":9},{"utility":73,"ID":18}],[{"utility":70,"ID":8},{"utility":70,"ID":22}],[{"utility":74,"ID":2},{"utility":23,"ID":3}],[],[{"utility":98,"ID":7},{"utility":87,"ID":25}],[{"utility":99,"ID":1},{"utility":51,"ID":12}],[{"utility":67,"ID":4},{"utility":65,"ID":13}],[],[],[],[],[],[],[],[],[],[],[],[]],"STARTING COALITION: ":[[null],[{"utility":23.333333333333332,"ID":9},{"utility":47,"ID":11},{"utility":22,"ID":13},{"utility":34.666666666666664,"ID":24}],[{"utility":0,"ID":4}],[{"utility":55,"ID":17},{"utility":47,"ID":28}],[],[{"utility":9,"ID":8},{"utility":27,"ID":29}],[{"utility":0,"ID":7},{"utility":13,"ID":15}],[{"utility":0,"ID":5},{"utility":0,"ID":6}],[{"utility":69.33333333333333,"ID":16},{"utility":52,"ID":19},{"utility":28.333333333333332,"ID":25},{"utility":40,"ID":26}],[],[{"utility":74,"ID":2},{"utility":23,"ID":3}],[],[],[{"utility":0,"ID":20}],[{"utility":34.5,"ID":1},{"utility":18,"ID":14},{"utility":31.25,"ID":21},{"utility":60.5,"ID":22},{"utility":41,"ID":23}],[{"utility":8.25,"ID":10},{"utility":21,"ID":12},{"utility":51.5,"ID":18},{"utility":34.25,"ID":27},{"utility":41.5,"ID":30}],[],[],[],[],[],[],[],[],[],[],[],[],[],[],[]],"CORE :":true,"Relazioni :":670,"Time : ":0.2,"LAST PARTITION":{"22":13,"23":6,"24":7,"25":16,"26":10,"27":4,"28":5,"29":2,"30":9,"10":5,"11":9,"12":17,"13":18,"14":7,"15":6,"16":8,"17":8,"18":12,"19":3,"1":17,"2":14,"3":14,"4":18,"5":2,"6":10,"7":16,"8":13,"9":12,"20":4,"21":3}},{"Modalità dinamica :":true,"Q : ":5,"STARTING PARTITION: ":{"22":14,"23":14,"24":1,"25":8,"26":8,"27":15,"28":3,"29":5,"30":15,"10":15,"11":1,"12":15,"13":1,"14":14,"15":6,"16":8,"17":3,"18":15,"19":8,"1":14,"2":10,"3":10,"4":2,"5":7,"6":7,"7":6,"8":5,"9":1,"20":13,"21":14},"LAST COALITION":[[],[{"utility":35,"ID":6},{"utility":89,"ID":24}],[{"utility":70,"ID":11},{"utility":99,"ID":30}],[{"utility":93,"ID":10},{"utility":48,"ID":28}],[{"utility":56,"ID":13},{"utility":99,"ID":16}],[],[{"utility":0,"ID":1}],[{"utility":71,"ID":2},{"utility":40,"ID":18}],[{"utility":29,"ID":4},{"utility":40,"ID":9}],[{"utility":58,"ID":14},{"utility":24,"ID":17}],[{"utility":90,"ID":20},{"utility":54,"ID":27}],[{"utility":96,"ID":19},{"utility":98,"ID":21}],[{"utility":92,"ID":5},{"utility":97,"ID":29}],[{"utility":23,"ID":8},{"utility":52,"ID":12}],[{"utility":0,"ID":26}],[{"utility":92,"ID":15},{"utility":87,"ID":23}],[{"utility":98,"ID":7},{"utility":87,"ID":25}],[{"utility":87,"ID":3},{"utility":33,"ID":22}],[],[],[],[],[],[],[],[],[],[],[],[],[]],"STARTING COALITION: ":[[null],[{"utility":23.333333333333332,"ID":9},{"utility":47,"ID":11},{"utility":22,"ID":13},{"utility":34.666666666666664,"ID":24}],[{"utility":0,"ID":4}],[{"utility":55,"ID":17},{"utility":47,"ID":28}],[],[{"utility":9,"ID":8},{"utility":27,"ID":29}],[{"utility":0,"ID":7},{"utility":13,"ID":15}],[{"utility":0,"ID":5},{"utility":0,"ID":6}],[{"utility":69.33333333333333,"ID":16},{"utility":52,"ID":19},{"utility":28.333333333333332,"ID":25},{"utility":40,"ID":26}],[],[{"utility":74,"ID":2},{"utility":23,"ID":3}],[],[],[{"utility":0,"ID":20}],[{"utility":34.5,"ID":1},{"utility":18,"ID":14},{"utility":31.25,"ID":21},{"utility":60.5,"ID":22},{"utility":41,"ID":23}],[{"utility":8.25,"ID":10},{"utility":21,"ID":12},{"utility":51.5,"ID":18},{"utility":34.25,"ID":27},{"utility":41.5,"ID":30}],[],[],[],[],[],[],[],[],[],[],[],[],[],[],[]],"CORE :":true,"Relazioni :":670,"Time : ":0.1,"LAST PARTITION":{"22":17,"23":15,"24":1,"25":16,"26":14,"27":10,"28":3,"29":12,"30":2,"10":3,"11":2,"12":13,"13":4,"14":9,"15":15,"16":4,"17":9,"18":7,"19":11,"1":6,"2":7,"3":17,"4":8,"5":12,"6":1,"7":16,"8":13,"9":8,"20":10,"21":11}},{"Modalità dinamica :":true,"Q : ":5,"STARTING PARTITION: ":{"22":14,"23":14,"24":1,"25":8,"26":8,"27":15,"28":3,"29":5,"30":15,"10":15,"11":1,"12":15,"13":1,"14":14,"15":6,"16":8,"17":3,"18":15,"19":8,"1":14,"2":10,"3":10,"4":2,"5":7,"6":7,"7":6,"8":5,"9":1,"20":13,"21":14},"LAST COALITION":[[],[],[{"utility":92,"ID":5},{"utility":97,"ID":29}],[{"utility":70,"ID":8},{"utility":70,"ID":22}],[{"utility":93,"ID":10},{"utility":48,"ID":28}],[{"utility":79,"ID":16},{"utility":67,"ID":17}],[{"utility":64,"ID":14},{"utility":63,"ID":24}],[{"utility":67,"ID":4},{"utility":65,"ID":13}],[{"utility":98,"ID":7},{"utility":87,"ID":25}],[{"utility":92,"ID":15},{"utility":87,"ID":23}],[{"utility":70,"ID":11},{"utility":99,"ID":30}],[],[{"utility":67,"ID":6},{"utility":91,"ID":26}],[{"utility":96,"ID":19},{"utility":98,"ID":21}],[{"utility":74,"ID":2},{"utility":23,"ID":3}],[{"utility":99,"ID":1},{"utility":51,"ID":12}],[],[{"utility":71,"ID":9},{"utility":73,"ID":18}],[{"utility":90,"ID":20},{"utility":54,"ID":27}],[],[],[],[],[],[],[],[],[],[],[],[]],"STARTING COALITION: ":[[null],[{"utility":23.333333333333332,"ID":9},{"utility":47,"ID":11},{"utility":22,"ID":13},{"utility":34.666666666666664,"ID":24}],[{"utility":0,"ID":4}],[{"utility":55,"ID":17},{"utility":47,"ID":28}],[],[{"utility":9,"ID":8},{"utility":27,"ID":29}],[{"utility":0,"ID":7},{"utility":13,"ID":15}],[{"utility":0,"ID":5},{"utility":0,"ID":6}],[{"utility":69.33333333333333,"ID":16},{"utility":52,"ID":19},{"utility":28.333333333333332,"ID":25},{"utility":40,"ID":26}],[],[{"utility":74,"ID":2},{"utility":23,"ID":3}],[],[],[{"utility":0,"ID":20}],[{"utility":34.5,"ID":1},{"utility":18,"ID":14},{"utility":31.25,"ID":21},{"utility":60.5,"ID":22},{"utility":41,"ID":23}],[{"utility":8.25,"ID":10},{"utility":21,"ID":12},{"utility":51.5,"ID":18},{"utility":34.25,"ID":27},{"utility":41.5,"ID":30}],[],[],[],[],[],[],[],[],[],[],[],[],[],[],[]],"CORE :":true,"Relazioni :":670,"Time : ":0.2,"LAST PARTITION":{"22":3,"23":9,"24":6,"25":8,"26":12,"27":18,"28":4,"29":2,"30":10,"10":4,"11":10,"12":15,"13":7,"14":6,"15":9,"16":5,"17":5,"18":17,"19":13,"1":15,"2":14,"3":14,"4":7,"5":2,"6":12,"7":8,"8":3,"9":17,"20":18,"21":13}},{"Modalità dinamica :":true,"Q : ":6,"STARTING PARTITION: ":{"22":14,"23":14,"24":1,"25":8,"26":8,"27":15,"28":3,"29":5,"30":15,"10":15,"11":1,"12":15,"13":1,"14":14,"15":6,"16":8,"17":3,"18":15,"19":8,"1":14,"2":10,"3":10,"4":2,"5":7,"6":7,"7":6,"8":5,"9":1,"20":13,"21":14},"LAST COALITION":[[],[{"utility":60,"ID":6},{"utility":24.5,"ID":9},{"utility":7.5,"ID":28}],[{"utility":60,"ID":2},{"utility":59,"ID":17}],[{"utility":78,"ID":10},{"utility":82,"ID":11}],[{"utility":63,"ID":24},{"utility":63,"ID":26}],[{"utility":96,"ID":19},{"utility":98,"ID":21}],[{"utility":87,"ID":1},{"utility":76,"ID":30}],[{"utility":60,"ID":4},{"utility":67,"ID":22}],[{"utility":92,"ID":5},{"utility":97,"ID":29}],[{"utility":0,"ID":12}],[{"utility":92,"ID":15},{"utility":87,"ID":23}],[{"utility":17,"ID":3},{"utility":48,"ID":8},{"utility":12,"ID":14},{"utility":9.666666666666666,"ID":18}],[{"utility":56,"ID":13},{"utility":99,"ID":16}],[],[],[{"utility":90,"ID":20},{"utility":54,"ID":27}],[],[],[],[{"utility":98,"ID":7},{"utility":87,"ID":25}],[],[],[],[],[],[],[],[],[],[],[]],"STARTING COALITION: ":[[null],[{"utility":23.333333333333332,"ID":9},{"utility":47,"ID":11},{"utility":22,"ID":13},{"utility":34.666666666666664,"ID":24}],[{"utility":0,"ID":4}],[{"utility":55,"ID":17},{"utility":47,"ID":28}],[],[{"utility":9,"ID":8},{"utility":27,"ID":29}],[{"utility":0,"ID":7},{"utility":13,"ID":15}],[{"utility":0,"ID":5},{"utility":0,"ID":6}],[{"utility":69.33333333333333,"ID":16},{"utility":52,"ID":19},{"utility":28.333333333333332,"ID":25},{"utility":40,"ID":26}],[],[{"utility":74,"ID":2},{"utility":23,"ID":3}],[],[],[{"utility":0,"ID":20}],[{"utility":34.5,"ID":1},{"utility":18,"ID":14},{"utility":31.25,"ID":21},{"utility":60.5,"ID":22},{"utility":41,"ID":23}],[{"utility":8.25,"ID":10},{"utility":21,"ID":12},{"utility":51.5,"ID":18},{"utility":34.25,"ID":27},{"utility":41.5,"ID":30}],[],[],[],[],[],[],[],[],[],[],[],[],[],[],[]],"CORE :":true,"Relazioni :":670,"Time : ":0.1,"LAST PARTITION":{"22":7,"23":10,"24":4,"25":19,"26":4,"27":15,"28":1,"29":8,"30":6,"10":3,"11":3,"12":9,"13":12,"14":11,"15":10,"16":12,"17":2,"18":11,"19":5,"1":6,"2":2,"3":11,"4":7,"5":8,"6":1,"7":19,"8":11,"9":1,"20":15,"21":5}},{"Modalità dinamica :":true,"Q : ":6,"STARTING PARTITION: ":{"22":14,"23":14,"24":1,"25":8,"26":8,"27":15,"28":3,"29":5,"30":15,"10":15,"11":1,"12":15,"13":1,"14":14,"15":6,"16":8,"17":3,"18":15,"19":8,"1":14,"2":10,"3":10,"4":2,"5":7,"6":7,"7":6,"8":5,"9":1,"20":13,"21":14},"LAST COALITION":[[],[{"utility":93,"ID":10},{"utility":48,"ID":28}],[{"utility":90,"ID":20},{"utility":54,"ID":27}],[{"utility":99,"ID":1},{"utility":51,"ID":12}],[{"utility":71,"ID":9},{"utility":73,"ID":18}],[{"utility":98,"ID":7},{"utility":87,"ID":25}],[{"utility":92,"ID":5},{"utility":97,"ID":29}],[{"utility":92,"ID":15},{"utility":87,"ID":23}],[{"utility":79,"ID":16},{"utility":67,"ID":17}],[{"utility":67,"ID":6},{"utility":91,"ID":26}],[],[{"utility":70,"ID":11},{"utility":99,"ID":30}],[{"utility":74,"ID":2},{"utility":23,"ID":3}],[],[],[{"utility":96,"ID":19},{"utility":98,"ID":21}],[{"utility":70,"ID":8},{"utility":70,"ID":22}],[{"utility":67,"ID":4},{"utility":65,"ID":13}],[{"utility":64,"ID":14},{"utility":63,"ID":24}],[],[],[],[],[],[],[],[],[],[],[],[]],"STARTING COALITION: ":[[null],[{"utility":23.333333333333332,"ID":9},{"utility":47,"ID":11},{"utility":22,"ID":13},{"utility":34.666666666666664,"ID":24}],[{"utility":0,"ID":4}],[{"utility":55,"ID":17},{"utility":47,"ID":28}],[],[{"utility":9,"ID":8},{"utility":27,"ID":29}],[{"utility":0,"ID":7},{"utility":13,"ID":15}],[{"utility":0,"ID":5},{"utility":0,"ID":6}],[{"utility":69.33333333333333,"ID":16},{"utility":52,"ID":19},{"utility":28.333333333333332,"ID":25},{"utility":40,"ID":26}],[],[{"utility":74,"ID":2},{"utility":23,"ID":3}],[],[],[{"utility":0,"ID":20}],[{"utility":34.5,"ID":1},{"utility":18,"ID":14},{"utility":31.25,"ID":21},{"utility":60.5,"ID":22},{"utility":41,"ID":23}],[{"utility":8.25,"ID":10},{"utility":21,"ID":12},{"utility":51.5,"ID":18},{"utility":34.25,"ID":27},{"utility":41.5,"ID":30}],[],[],[],[],[],[],[],[],[],[],[],[],[],[],[]],"CORE :":true,"Relazioni :":670,"Time : ":0.2,"LAST PARTITION":{"22":16,"23":7,"24":18,"25":5,"26":9,"27":2,"28":1,"29":6,"30":11,"10":1,"11":11,"12":3,"13":17,"14":18,"15":7,"16":8,"17":8,"18":4,"19":15,"1":3,"2":12,"3":12,"4":17,"5":6,"6":9,"7":5,"8":16,"9":4,"20":2,"21":15}},{"Modalità dinamica :":true,"Q : ":7,"STARTING PARTITION: ":{"22":14,"23":14,"24":1,"25":8,"26":8,"27":15,"28":3,"29":5,"30":15,"10":15,"11":1,"12":15,"13":1,"14":14,"15":6,"16":8,"17":3,"18":15,"19":8,"1":14,"2":10,"3":10,"4":2,"5":7,"6":7,"7":6,"8":5,"9":1,"20":13,"21":14},"LAST COALITION":[[],[{"utility":87,"ID":3},{"utility":33,"ID":22}],[{"utility":0,"ID":24}],[{"utility":0,"ID":14}],[{"utility":0,"ID":17}],[{"utility":99,"ID":1},{"utility":51,"ID":12}],[{"utility":61,"ID":4},{"utility":84,"ID":8}],[{"utility":71,"ID":9},{"utility":73,"ID":18}],[{"utility":0,"ID":11}],[{"utility":98,"ID":7},{"utility":87,"ID":25}],[{"utility":67,"ID":6},{"utility":91,"ID":26}],[{"utility":92,"ID":5},{"utility":97,"ID":29}],[{"utility":96,"ID":19},{"utility":98,"ID":21}],[{"utility":0,"ID":27}],[{"utility":92,"ID":15},{"utility":87,"ID":23}],[],[{"utility":56,"ID":13},{"utility":99,"ID":16}],[{"utility":93,"ID":10},{"utility":48,"ID":28}],[{"utility":0,"ID":20}],[{"utility":68,"ID":2},{"utility":32,"ID":30}],[],[],[],[],[],[],[],[],[],[],[]],"STARTING COALITION: ":[[null],[{"utility":23.333333333333332,"ID":9},{"utility":47,"ID":11},{"utility":22,"ID":13},{"utility":34.666666666666664,"ID":24}],[{"utility":0,"ID":4}],[{"utility":55,"ID":17},{"utility":47,"ID":28}],[],[{"utility":9,"ID":8},{"utility":27,"ID":29}],[{"utility":0,"ID":7},{"utility":13,"ID":15}],[{"utility":0,"ID":5},{"utility":0,"ID":6}],[{"utility":69.33333333333333,"ID":16},{"utility":52,"ID":19},{"utility":28.333333333333332,"ID":25},{"utility":40,"ID":26}],[],[{"utility":74,"ID":2},{"utility":23,"ID":3}],[],[],[{"utility":0,"ID":20}],[{"utility":34.5,"ID":1},{"utility":18,"ID":14},{"utility":31.25,"ID":21},{"utility":60.5,"ID":22},{"utility":41,"ID":23}],[{"utility":8.25,"ID":10},{"utility":21,"ID":12},{"utility":51.5,"ID":18},{"utility":34.25,"ID":27},{"utility":41.5,"ID":30}],[],[],[],[],[],[],[],[],[],[],[],[],[],[],[]],"CORE :":true,"Relazioni :":670,"Time : ":0.1,"LAST PARTITION":{"22":1,"23":14,"24":2,"25":9,"26":10,"27":13,"28":17,"29":11,"30":19,"10":17,"11":8,"12":5,"13":16,"14":3,"15":14,"16":16,"17":4,"18":7,"19":12,"1":5,"2":19,"3":1,"4":6,"5":11,"6":10,"7":9,"8":6,"9":7,"20":18,"21":12}},{"Modalità dinamica :":true,"Q : ":7,"STARTING PARTITION: ":{"22":14,"23":14,"24":1,"25":8,"26":8,"27":15,"28":3,"29":5,"30":15,"10":15,"11":1,"12":15,"13":1,"14":14,"15":6,"16":8,"17":3,"18":15,"19":8,"1":14,"2":10,"3":10,"4":2,"5":7,"6":7,"7":6,"8":5,"9":1,"20":13,"21":14},"LAST COALITION":[[],[{"utility":63,"ID":23},{"utility":72,"ID":29}],[{"utility":71,"ID":9},{"utility":73,"ID":18}],[{"utility":67,"ID":6},{"utility":91,"ID":26}],[{"utility":77,"ID":10},{"utility":33,"ID":14}],[{"utility":96,"ID":19},{"utility":98,"ID":21}],[],[{"utility":98,"ID":7},{"utility":87,"ID":25}],[{"utility":0,"ID":2}],[{"utility":79,"ID":16},{"utility":99,"ID":20}],[{"utility":0,"ID":3}],[{"utility":87,"ID":1},{"utility":76,"ID":30}],[{"utility":79,"ID":5},{"utility":92,"ID":12}],[{"utility":91,"ID":11},{"utility":14,"ID":17}],[{"utility":70,"ID":8},{"utility":70,"ID":22}],[{"utility":67,"ID":4},{"utility":65,"ID":13}],[],[{"utility":0,"ID":27}],[{"utility":78,"ID":15},{"utility":90,"ID":24}],[{"utility":0,"ID":28}],[],[],[],[],[],[],[],[],[],[],[]],"STARTING COALITION: ":[[null],[{"utility":23.333333333333332,"ID":9},{"utility":47,"ID":11},{"utility":22,"ID":13},{"utility":34.666666666666664,"ID":24}],[{"utility":0,"ID":4}],[{"utility":55,"ID":17},{"utility":47,"ID":28}],[],[{"utility":9,"ID":8},{"utility":27,"ID":29}],[{"utility":0,"ID":7},{"utility":13,"ID":15}],[{"utility":0,"ID":5},{"utility":0,"ID":6}],[{"utility":69.33333333333333,"ID":16},{"utility":52,"ID":19},{"utility":28.333333333333332,"ID":25},{"utility":40,"ID":26}],[],[{"utility":74,"ID":2},{"utility":23,"ID":3}],[],[],[{"utility":0,"ID":20}],[{"utility":34.5,"ID":1},{"utility":18,"ID":14},{"utility":31.25,"ID":21},{"utility":60.5,"ID":22},{"utility":41,"ID":23}],[{"utility":8.25,"ID":10},{"utility":21,"ID":12},{"utility":51.5,"ID":18},{"utility":34.25,"ID":27},{"utility":41.5,"ID":30}],[],[],[],[],[],[],[],[],[],[],[],[],[],[],[]],"CORE :":true,"Relazioni :":670,"Time : ":0.2,"LAST PARTITION":{"22":14,"23":1,"24":18,"25":7,"26":3,"27":17,"28":19,"29":1,"30":11,"10":4,"11":13,"12":12,"13":15,"14":4,"15":18,"16":9,"17":13,"18":2,"19":5,"1":11,"2":8,"3":10,"4":15,"5":12,"6":3,"7":7,"8":14,"9":2,"20":9,"21":5}},{"Modalità dinamica :":true,"Q : ":8,"STARTING PARTITION: ":{"22":14,"23":14,"24":1,"25":8,"26":8,"27":15,"28":3,"29":5,"30":15,"10":15,"11":1,"12":15,"13":1,"14":14,"15":6,"16":8,"17":3,"18":15,"19":8,"1":14,"2":10,"3":10,"4":2,"5":7,"6":7,"7":6,"8":5,"9":1,"20":13,"21":14},"LAST COALITION":[[],[{"utility":55.5,"ID":1},{"utility":45,"ID":9},{"utility":42.5,"ID":29}],[{"utility":92.5,"ID":5},{"utility":22,"ID":11},{"utility":30.5,"ID":20}],[{"utility":0,"ID":12}],[{"utility":0,"ID":14}],[{"utility":93,"ID":10},{"utility":48,"ID":28}],[{"utility":70,"ID":8},{"utility":70,"ID":22}],[{"utility":67,"ID":6},{"utility":91,"ID":26}],[{"utility":61,"ID":4},{"utility":82,"ID":30}],[{"utility":0,"ID":2}],[{"utility":92,"ID":15},{"utility":87,"ID":23}],[],[{"utility":98,"ID":7},{"utility":87,"ID":25}],[],[{"utility":73,"ID":16},{"utility":98,"ID":24}],[{"utility":96,"ID":19},{"utility":98,"ID":21}],[{"utility":62,"ID":18},{"utility":61,"ID":27}],[],[],[{"utility":0,"ID":3},{"utility":65,"ID":13},{"utility":38.5,"ID":17}],[],[],[],[],[],[],[],[],[],[],[]],"STARTING COALITION: ":[[null],[{"utility":23.333333333333332,"ID":9},{"utility":47,"ID":11},{"utility":22,"ID":13},{"utility":34.666666666666664,"ID":24}],[{"utility":0,"ID":4}],[{"utility":55,"ID":17},{"utility":47,"ID":28}],[],[{"utility":9,"ID":8},{"utility":27,"ID":29}],[{"utility":0,"ID":7},{"utility":13,"ID":15}],[{"utility":0,"ID":5},{"utility":0,"ID":6}],[{"utility":69.33333333333333,"ID":16},{"utility":52,"ID":19},{"utility":28.333333333333332,"ID":25},{"utility":40,"ID":26}],[],[{"utility":74,"ID":2},{"utility":23,"ID":3}],[],[],[{"utility":0,"ID":20}],[{"utility":34.5,"ID":1},{"utility":18,"ID":14},{"utility":31.25,"ID":21},{"utility":60.5,"ID":22},{"utility":41,"ID":23}],[{"utility":8.25,"ID":10},{"utility":21,"ID":12},{"utility":51.5,"ID":18},{"utility":34.25,"ID":27},{"utility":41.5,"ID":30}],[],[],[],[],[],[],[],[],[],[],[],[],[],[],[]],"CORE :":true,"Relazioni :":670,"Time : ":0.1,"LAST PARTITION":{"22":6,"23":10,"24":14,"25":12,"26":7,"27":16,"28":5,"29":1,"30":8,"10":5,"11":2,"12":3,"13":19,"14":4,"15":10,"16":14,"17":19,"18":16,"19":15,"1":1,"2":9,"3":19,"4":8,"5":2,"6":7,"7":12,"8":6,"9":1,"20":2,"21":15}},{"Modalità dinamica :":true,"Q : ":8,"STARTING PARTITION: ":{"22":14,"23":14,"24":1,"25":8,"26":8,"27":15,"28":3,"29":5,"30":15,"10":15,"11":1,"12":15,"13":1,"14":14,"15":6,"16":8,"17":3,"18":15,"19":8,"1":14,"2":10,"3":10,"4":2,"5":7,"6":7,"7":6,"8":5,"9":1,"20":13,"21":14},"LAST COALITION":[[],[],[],[{"utility":99,"ID":1},{"utility":51,"ID":12}],[{"utility":83,"ID":8},{"utility":23,"ID":23}],[{"utility":96,"ID":19},{"utility":98,"ID":21}],[{"utility":70,"ID":11},{"utility":99,"ID":30}],[{"utility":67,"ID":4},{"utility":65,"ID":13}],[{"utility":78,"ID":15},{"utility":90,"ID":24}],[{"utility":73,"ID":22},{"utility":39,"ID":27}],[{"utility":58,"ID":14},{"utility":24,"ID":17}],[{"utility":92,"ID":5},{"utility":97,"ID":29}],[{"utility":93,"ID":10},{"utility":48,"ID":28}],[{"utility":67,"ID":6},{"utility":91,"ID":26}],[{"utility":79,"ID":16},{"utility":99,"ID":20}],[{"utility":98,"ID":7},{"utility":87,"ID":25}],[{"utility":74,"ID":2},{"utility":23,"ID":3}],[],[],[{"utility":71,"ID":9},{"utility":73,"ID":18}],[],[],[],[],[],[],[],[],[],[],[]],"STARTING COALITION: ":[[null],[{"utility":23.333333333333332,"ID":9},{"utility":47,"ID":11},{"utility":22,"ID":13},{"utility":34.666666666666664,"ID":24}],[{"utility":0,"ID":4}],[{"utility":55,"ID":17},{"utility":47,"ID":28}],[],[{"utility":9,"ID":8},{"utility":27,"ID":29}],[{"utility":0,"ID":7},{"utility":13,"ID":15}],[{"utility":0,"ID":5},{"utility":0,"ID":6}],[{"utility":69.33333333333333,"ID":16},{"utility":52,"ID":19},{"utility":28.333333333333332,"ID":25},{"utility":40,"ID":26}],[],[{"utility":74,"ID":2},{"utility":23,"ID":3}],[],[],[{"utility":0,"ID":20}],[{"utility":34.5,"ID":1},{"utility":18,"ID":14},{"utility":31.25,"ID":21},{"utility":60.5,"ID":22},{"utility":41,"ID":23}],[{"utility":8.25,"ID":10},{"utility":21,"ID":12},{"utility":51.5,"ID":18},{"utility":34.25,"ID":27},{"utility":41.5,"ID":30}],[],[],[],[],[],[],[],[],[],[],[],[],[],[],[]],"CORE :":true,"Relazioni :":670,"Time : ":0.2,"LAST PARTITION":{"22":9,"23":4,"24":8,"25":15,"26":13,"27":9,"28":12,"29":11,"30":6,"10":12,"11":6,"12":3,"13":7,"14":10,"15":8,"16":14,"17":10,"18":19,"19":5,"1":3,"2":16,"3":16,"4":7,"5":11,"6":13,"7":15,"8":4,"9":19,"20":14,"21":5}},{"Modalità dinamica :":true,"Q : ":9,"STARTING PARTITION: ":{"22":14,"23":14,"24":1,"25":8,"26":8,"27":15,"28":3,"29":5,"30":15,"10":15,"11":1,"12":15,"13":1,"14":14,"15":6,"16":8,"17":3,"18":15,"19":8,"1":14,"2":10,"3":10,"4":2,"5":7,"6":7,"7":6,"8":5,"9":1,"20":13,"21":14},"LAST COALITION":[[],[{"utility":40,"ID":1},{"utility":44,"ID":3}],[{"utility":0,"ID":22}],[{"utility":93,"ID":10},{"utility":48,"ID":28}],[{"utility":98,"ID":7},{"utility":87,"ID":25}],[{"utility":0,"ID":24}],[{"utility":79,"ID":16},{"utility":99,"ID":20}],[],[{"utility":67,"ID":6},{"utility":91,"ID":26}],[{"utility":0,"ID":27}],[{"utility":48,"ID":2},{"utility":45,"ID":14}],[{"utility":67,"ID":4},{"utility":65,"ID":13}],[{"utility":92,"ID":15},{"utility":87,"ID":23}],[{"utility":96,"ID":19},{"utility":98,"ID":21}],[{"utility":34,"ID":12},{"utility":16,"ID":30}],[],[{"utility":91,"ID":11},{"utility":14,"ID":17}],[{"utility":92,"ID":5},{"utility":97,"ID":29}],[{"utility":0,"ID":18}],[{"utility":96,"ID":8},{"utility":16,"ID":9}],[],[],[],[],[],[],[],[],[],[],[]],"STARTING COALITION: ":[[null],[{"utility":23.333333333333332,"ID":9},{"utility":47,"ID":11},{"utility":22,"ID":13},{"utility":34.666666666666664,"ID":24}],[{"utility":0,"ID":4}],[{"utility":55,"ID":17},{"utility":47,"ID":28}],[],[{"utility":9,"ID":8},{"utility":27,"ID":29}],[{"utility":0,"ID":7},{"utility":13,"ID":15}],[{"utility":0,"ID":5},{"utility":0,"ID":6}],[{"utility":69.33333333333333,"ID":16},{"utility":52,"ID":19},{"utility":28.333333333333332,"ID":25},{"utility":40,"ID":26}],[],[{"utility":74,"ID":2},{"utility":23,"ID":3}],[],[],[{"utility":0,"ID":20}],[{"utility":34.5,"ID":1},{"utility":18,"ID":14},{"utility":31.25,"ID":21},{"utility":60.5,"ID":22},{"utility":41,"ID":23}],[{"utility":8.25,"ID":10},{"utility":21,"ID":12},{"utility":51.5,"ID":18},{"utility":34.25,"ID":27},{"utility":41.5,"ID":30}],[],[],[],[],[],[],[],[],[],[],[],[],[],[],[]],"CORE :":true,"Relazioni :":670,"Time : ":0.1,"LAST PARTITION":{"22":2,"23":12,"24":5,"25":4,"26":8,"27":9,"28":3,"29":17,"30":14,"10":3,"11":16,"12":14,"13":11,"14":10,"15":12,"16":6,"17":16,"18":18,"19":13,"1":1,"2":10,"3":1,"4":11,"5":17,"6":8,"7":4,"8":19,"9":19,"20":6,"21":13}},{"Modalità dinamica :":true,"Q : ":9,"STARTING PARTITION: ":{"22":14,"23":14,"24":1,"25":8,"26":8,"27":15,"28":3,"29":5,"30":15,"10":15,"11":1,"12":15,"13":1,"14":14,"15":6,"16":8,"17":3,"18":15,"19":8,"1":14,"2":10,"3":10,"4":2,"5":7,"6":7,"7":6,"8":5,"9":1,"20":13,"21":14},"LAST COALITION":[[],[{"utility":0,"ID":17}],[{"utility":0,"ID":27}],[{"utility":98,"ID":7},{"utility":87,"ID":25}],[{"utility":78,"ID":15},{"utility":90,"ID":24}],[{"utility":0,"ID":2}],[{"utility":0,"ID":22}],[{"utility":92,"ID":5},{"utility":97,"ID":29}],[{"utility":25,"ID":1},{"utility":34,"ID":14}],[{"utility":0,"ID":3}],[{"utility":79,"ID":16},{"utility":99,"ID":20}],[{"utility":16.5,"ID":4},{"utility":55.5,"ID":9},{"utility":68.5,"ID":18}],[{"utility":96,"ID":19},{"utility":98,"ID":21}],[{"utility":0,"ID":12}],[{"utility":0,"ID":13}],[{"utility":93,"ID":10},{"utility":48,"ID":28}],[{"utility":90,"ID":23},{"utility":74,"ID":30}],[{"utility":67,"ID":6},{"utility":91,"ID":26}],[{"utility":43,"ID":8},{"utility":28,"ID":11}],[],[],[],[],[],[],[],[],[],[],[],[]],"STARTING COALITION: ":[[null],[{"utility":23.333333333333332,"ID":9},{"utility":47,"ID":11},{"utility":22,"ID":13},{"utility":34.666666666666664,"ID":24}],[{"utility":0,"ID":4}],[{"utility":55,"ID":17},{"utility":47,"ID":28}],[],[{"utility":9,"ID":8},{"utility":27,"ID":29}],[{"utility":0,"ID":7},{"utility":13,"ID":15}],[{"utility":0,"ID":5},{"utility":0,"ID":6}],[{"utility":69.33333333333333,"ID":16},{"utility":52,"ID":19},{"utility":28.333333333333332,"ID":25},{"utility":40,"ID":26}],[],[{"utility":74,"ID":2},{"utility":23,"ID":3}],[],[],[{"utility":0,"ID":20}],[{"utility":34.5,"ID":1},{"utility":18,"ID":14},{"utility":31.25,"ID":21},{"utility":60.5,"ID":22},{"utility":41,"ID":23}],[{"utility":8.25,"ID":10},{"utility":21,"ID":12},{"utility":51.5,"ID":18},{"utility":34.25,"ID":27},{"utility":41.5,"ID":30}],[],[],[],[],[],[],[],[],[],[],[],[],[],[],[]],"CORE :":true,"Relazioni :":670,"Time : ":0.2,"LAST PARTITION":{"22":6,"23":16,"24":4,"25":3,"26":17,"27":2,"28":15,"29":7,"30":16,"10":15,"11":18,"12":13,"13":14,"14":8,"15":4,"16":10,"17":1,"18":11,"19":12,"1":8,"2":5,"3":9,"4":11,"5":7,"6":17,"7":3,"8":18,"9":11,"20":10,"21":12}},{"Modalità dinamica :":true,"Q : ":10,"STARTING PARTITION: ":{"22":14,"23":14,"24":1,"25":8,"26":8,"27":15,"28":3,"29":5,"30":15,"10":15,"11":1,"12":15,"13":1,"14":14,"15":6,"16":8,"17":3,"18":15,"19":8,"1":14,"2":10,"3":10,"4":2,"5":7,"6":7,"7":6,"8":5,"9":1,"20":13,"21":14},"LAST COALITION":[[],[{"utility":0,"ID":8}],[{"utility":78,"ID":10},{"utility":82,"ID":11}],[{"utility":0,"ID":26}],[{"utility":0,"ID":20}],[{"utility":96,"ID":19},{"utility":98,"ID":21}],[{"utility":95,"ID":22},{"utility":36,"ID":30}],[{"utility":71,"ID":9},{"utility":73,"ID":18}],[{"utility":65,"ID":4},{"utility":60.5,"ID":13},{"utility":84,"ID":16}],[{"utility":0,"ID":6}],[{"utility":98,"ID":7},{"utility":87,"ID":25}],[{"utility":99,"ID":1},{"utility":51,"ID":12}],[],[{"utility":71,"ID":14},{"utility":31,"ID":27}],[{"utility":63,"ID":23},{"utility":72,"ID":29}],[{"utility":22,"ID":3},{"utility":70,"ID":5}],[{"utility":78,"ID":15},{"utility":90,"ID":24}],[{"utility":0,"ID":28}],[],[{"utility":60,"ID":2},{"utility":59,"ID":17}],[],[],[],[],[],[],[],[],[],[],[]],"STARTING COALITION: ":[[null],[{"utility":23.333333333333332,"ID":9},{"utility":47,"ID":11},{"utility":22,"ID":13},{"utility":34.666666666666664,"ID":24}],[{"utility":0,"ID":4}],[{"utility":55,"ID":17},{"utility":47,"ID":28}],[],[{"utility":9,"ID":8},{"utility":27,"ID":29}],[{"utility":0,"ID":7},{"utility":13,"ID":15}],[{"utility":0,"ID":5},{"utility":0,"ID":6}],[{"utility":69.33333333333333,"ID":16},{"utility":52,"ID":19},{"utility":28.333333333333332,"ID":25},{"utility":40,"ID":26}],[],[{"utility":74,"ID":2},{"utility":23,"ID":3}],[],[],[{"utility":0,"ID":20}],[{"utility":34.5,"ID":1},{"utility":18,"ID":14},{"utility":31.25,"ID":21},{"utility":60.5,"ID":22},{"utility":41,"ID":23}],[{"utility":8.25,"ID":10},{"utility":21,"ID":12},{"utility":51.5,"ID":18},{"utility":34.25,"ID":27},{"utility":41.5,"ID":30}],[],[],[],[],[],[],[],[],[],[],[],[],[],[],[]],"CORE :":true,"Relazioni :":670,"Time : ":0.1,"LAST PARTITION":{"22":6,"23":14,"24":16,"25":10,"26":3,"27":13,"28":17,"29":14,"30":6,"10":2,"11":2,"12":11,"13":8,"14":13,"15":16,"16":8,"17":19,"18":7,"19":5,"1":11,"2":19,"3":15,"4":8,"5":15,"6":9,"7":10,"8":1,"9":7,"20":4,"21":5}},{"Modalità dinamica :":true,"Q : ":10,"STARTING PARTITION: ":{"22":14,"23":14,"24":1,"25":8,"26":8,"27":15,"28":3,"29":5,"30":15,"10":15,"11":1,"12":15,"13":1,"14":14,"15":6,"16":8,"17":3,"18":15,"19":8,"1":14,"2":10,"3":10,"4":2,"5":7,"6":7,"7":6,"8":5,"9":1,"20":13,"21":14},"LAST COALITION":[[],[{"utility":64,"ID":14},{"utility":63,"ID":24}],[{"utility":0,"ID":16}],[{"utility":0,"ID":9}],[{"utility":70,"ID":11},{"utility":99,"ID":30}],[{"utility":98,"ID":7},{"utility":87,"ID":25}],[{"utility":0,"ID":8}],[{"utility":90,"ID":20},{"utility":54,"ID":27}],[{"utility":40,"ID":1},{"utility":44,"ID":3}],[{"utility":67,"ID":4},{"utility":65,"ID":13}],[{"utility":92,"ID":5},{"utility":97,"ID":29}],[],[{"utility":31,"ID":6},{"utility":71,"ID":17},{"utility":27.5,"ID":22}],[{"utility":92,"ID":15},{"utility":87,"ID":23}],[],[{"utility":71,"ID":2},{"utility":40,"ID":18}],[{"utility":96,"ID":19},{"utility":98,"ID":21}],[{"utility":0,"ID":10}],[{"utility":78,"ID":12},{"utility":46,"ID":28}],[],[{"utility":0,"ID":26}],[],[],[],[],[],[],[],[],[],[]],"STARTING COALITION: ":[[null],[{"utility":23.333333333333332,"ID":9},{"utility":47,"ID":11},{"utility":22,"ID":13},{"utility":34.666666666666664,"ID":24}],[{"utility":0,"ID":4}],[{"utility":55,"ID":17},{"utility":47,"ID":28}],[],[{"utility":9,"ID":8},{"utility":27,"ID":29}],[{"utility":0,"ID":7},{"utility":13,"ID":15}],[{"utility":0,"ID":5},{"utility":0,"ID":6}],[{"utility":69.33333333333333,"ID":16},{"utility":52,"ID":19},{"utility":28.333333333333332,"ID":25},{"utility":40,"ID":26}],[],[{"utility":74,"ID":2},{"utility":23,"ID":3}],[],[],[{"utility":0,"ID":20}],[{"utility":34.5,"ID":1},{"utility":18,"ID":14},{"utility":31.25,"ID":21},{"utility":60.5,"ID":22},{"utility":41,"ID":23}],[{"utility":8.25,"ID":10},{"utility":21,"ID":12},{"utility":51.5,"ID":18},{"utility":34.25,"ID":27},{"utility":41.5,"ID":30}],[],[],[],[],[],[],[],[],[],[],[],[],[],[],[]],"CORE :":true,"Relazioni :":670,"Time : ":0.2,"LAST PARTITION":{"22":12,"23":13,"24":1,"25":5,"26":20,"27":7,"28":18,"29":10,"30":4,"10":17,"11":4,"12":18,"13":9,"14":1,"15":13,"16":2,"17":12,"18":15,"19":16,"1":8,"2":15,"3":8,"4":9,"5":10,"6":12,"7":5,"8":6,"9":3,"20":7,"21":16}},{"END OF FILE:" : true}]