[{"Modalità dinamica :":false,"Q : ":2,"STARTING PARTITION: ":{"22":4,"23":11,"24":1,"25":13,"26":4,"27":2,"28":7,"29":12,"30":15,"10":7,"11":9,"12":14,"13":9,"14":11,"15":11,"16":9,"17":12,"18":7,"19":6,"1":8,"2":13,"3":2,"4":2,"5":1,"6":15,"7":8,"8":12,"9":9,"20":1,"21":12},"LAST COALITION":[[],[{"utility":0,"ID":14}],[{"utility":0,"ID":12}],[{"utility":93,"ID":3},{"utility":73,"ID":18}],[{"utility":75,"ID":2},{"utility":99,"ID":5}],[{"utility":82,"ID":1},{"utility":15,"ID":16}],[{"utility":84,"ID":9},{"utility":34,"ID":24}],[{"utility":97,"ID":10},{"utility":80,"ID":28}],[{"utility":98,"ID":11},{"utility":51,"ID":27}],[{"utility":0,"ID":20}],[],[{"utility":48,"ID":15},{"utility":91,"ID":23}],[{"utility":97,"ID":17},{"utility":73,"ID":29}],[{"utility":98,"ID":6},{"utility":3,"ID":21}],[{"utility":0,"ID":25}],[{"utility":69,"ID":13},{"utility":81,"ID":22}],[{"utility":0,"ID":30}],[{"utility":0,"ID":19}],[{"utility":99,"ID":4},{"utility":7,"ID":26}],[{"utility":38,"ID":7},{"utility":75,"ID":8}],[],[],[],[],[],[],[],[],[],[],[]],"STARTING COALITION: ":[[null],[{"utility":74,"ID":5},{"utility":30,"ID":20},{"utility":38.5,"ID":24}],[{"utility":27,"ID":3},{"utility":50.5,"ID":4},{"utility":37,"ID":27}],[],[{"utility":45,"ID":22},{"utility":79,"ID":26}],[],[{"utility":0,"ID":19}],[{"utility":51,"ID":10},{"utility":48,"ID":18},{"utility":43.5,"ID":28}],[{"utility":40,"ID":1},{"utility":59,"ID":7}],[{"utility":51,"ID":9},{"utility":64,"ID":11},{"utility":56.666666666666664,"ID":13},{"utility":7.333333333333333,"ID":16}],[],[{"utility":45.5,"ID":14},{"utility":33.5,"ID":15},{"utility":45.5,"ID":23}],[{"utility":31.333333333333332,"ID":8},{"utility":79.66666666666667,"ID":17},{"utility":40.666666666666664,"ID":21},{"utility":56.333333333333336,"ID":29}],[{"utility":0,"ID":2},{"utility":99,"ID":25}],[{"utility":0,"ID":12}],[{"utility":15,"ID":6},{"utility":69,"ID":30}],[],[],[],[],[],[],[],[],[],[],[],[],[],[],[]],"CORE :":false,"Relazioni :":770,"Time : ":0.1,"LAST PARTITION":{"22":15,"23":11,"24":6,"25":14,"26":18,"27":8,"28":7,"29":12,"30":16,"10":7,"11":8,"12":2,"13":15,"14":1,"15":11,"16":5,"17":12,"18":3,"19":17,"1":5,"2":4,"3":3,"4":18,"5":4,"6":13,"7":19,"8":19,"9":6,"20":9,"21":13}},{"Modalità dinamica :":false,"Q : ":2,"STARTING PARTITION: ":{"22":4,"23":11,"24":1,"25":13,"26":4,"27":2,"28":7,"29":12,"30":15,"10":7,"11":9,"12":14,"13":9,"14":11,"15":11,"16":9,"17":12,"18":7,"19":6,"1":8,"2":13,"3":2,"4":2,"5":1,"6":15,"7":8,"8":12,"9":9,"20":1,"21":12},"LAST COALITION":[[],[{"utility":0,"ID":14}],[{"utility":0,"ID":25}],[{"utility":93,"ID":3},{"utility":73,"ID":18}],[{"utility":75,"ID":2},{"utility":99,"ID":5}],[{"utility":82,"ID":1},{"utility":15,"ID":16}],[{"utility":84,"ID":9},{"utility":34,"ID":24}],[{"utility":97,"ID":10},{"utility":80,"ID":28}],[{"utility":98,"ID":11},{"utility":51,"ID":27}],[{"utility":0,"ID":20}],[{"utility":0,"ID":12}],[{"utility":48,"ID":15},{"utility":91,"ID":23}],[{"utility":97,"ID":17},{"utility":73,"ID":29}],[{"utility":98,"ID":6},{"utility":3,"ID":21}],[{"utility":91,"ID":7},{"utility":19,"ID":30}],[{"utility":69,"ID":13},{"utility":81,"ID":22}],[],[{"utility":0,"ID":19}],[{"utility":99,"ID":4},{"utility":7,"ID":26}],[{"utility":0,"ID":8}],[],[],[],[],[],[],[],[],[],[],[]],"STARTING COALITION: ":[[null],[{"utility":74,"ID":5},{"utility":30,"ID":20},{"utility":38.5,"ID":24}],[{"utility":27,"ID":3},{"utility":50.5,"ID":4},{"utility":37,"ID":27}],[],[{"utility":45,"ID":22},{"utility":79,"ID":26}],[],[{"utility":0,"ID":19}],[{"utility":51,"ID":10},{"utility":48,"ID":18},{"utility":43.5,"ID":28}],[{"utility":40,"ID":1},{"utility":59,"ID":7}],[{"utility":51,"ID":9},{"utility":64,"ID":11},{"utility":56.666666666666664,"ID":13},{"utility":7.333333333333333,"ID":16}],[],[{"utility":45.5,"ID":14},{"utility":33.5,"ID":15},{"utility":45.5,"ID":23}],[{"utility":31.333333333333332,"ID":8},{"utility":79.66666666666667,"ID":17},{"utility":40.666666666666664,"ID":21},{"utility":56.333333333333336,"ID":29}],[{"utility":0,"ID":2},{"utility":99,"ID":25}],[{"utility":0,"ID":12}],[{"utility":15,"ID":6},{"utility":69,"ID":30}],[],[],[],[],[],[],[],[],[],[],[],[],[],[],[]],"CORE :":false,"Relazioni :":770,"Time : ":0.2,"LAST PARTITION":{"22":15,"23":11,"24":6,"25":2,"26":18,"27":8,"28":7,"29":12,"30":14,"10":7,"11":8,"12":10,"13":15,"14":1,"15":11,"16":5,"17":12,"18":3,"19":17,"1":5,"2":4,"3":3,"4":18,"5":4,"6":13,"7":14,"8":19,"9":6,"20":9,"21":13}},{"Modalità dinamica :":false,"Q : ":3,"STARTING PARTITION: ":{"22":4,"23":11,"24":1,"25":13,"26":4,"27":2,"28":7,"29":12,"30":15,"10":7,"11":9,"12":14,"13":9,"14":11,"15":11,"16":9,"17":12,"18":7,"19":6,"1":8,"2":13,"3":2,"4":2,"5":1,"6":15,"7":8,"8":12,"9":9,"20":1,"21":12},"LAST COALITION":[[],[],[{"utility":98,"ID":6},{"utility":3,"ID":21}],[{"utility":93,"ID":3},{"utility":73,"ID":18}],[{"utility":75,"ID":2},{"utility":99,"ID":5}],[{"utility":0,"ID":14}],[{"utility":84,"ID":9},{"utility":34,"ID":24}],[{"utility":97,"ID":10},{"utility":80,"ID":28}],[{"utility":98,"ID":11},{"utility":51,"ID":27}],[{"utility":0,"ID":20}],[{"utility":0,"ID":8}],[{"utility":48,"ID":15},{"utility":91,"ID":23}],[{"utility":97,"ID":17},{"utility":73,"ID":29}],[{"utility":0,"ID":25}],[{"utility":0,"ID":12}],[{"utility":69,"ID":13},{"utility":81,"ID":22}],[{"utility":78,"ID":1},{"utility":46,"ID":30}],[{"utility":0,"ID":19}],[{"utility":99,"ID":4},{"utility":7,"ID":26}],[{"utility":0,"ID":16}],[{"utility":0,"ID":7}],[],[],[],[],[],[],[],[],[],[]],"STARTING COALITION: ":[[null],[{"utility":74,"ID":5},{"utility":30,"ID":20},{"utility":38.5,"ID":24}],[{"utility":27,"ID":3},{"utility":50.5,"ID":4},{"utility":37,"ID":27}],[],[{"utility":45,"ID":22},{"utility":79,"ID":26}],[],[{"utility":0,"ID":19}],[{"utility":51,"ID":10},{"utility":48,"ID":18},{"utility":43.5,"ID":28}],[{"utility":40,"ID":1},{"utility":59,"ID":7}],[{"utility":51,"ID":9},{"utility":64,"ID":11},{"utility":56.666666666666664,"ID":13},{"utility":7.333333333333333,"ID":16}],[],[{"utility":45.5,"ID":14},{"utility":33.5,"ID":15},{"utility":45.5,"ID":23}],[{"utility":31.333333333333332,"ID":8},{"utility":79.66666666666667,"ID":17},{"utility":40.666666666666664,"ID":21},{"utility":56.333333333333336,"ID":29}],[{"utility":0,"ID":2},{"utility":99,"ID":25}],[{"utility":0,"ID":12}],[{"utility":15,"ID":6},{"utility":69,"ID":30}],[],[],[],[],[],[],[],[],[],[],[],[],[],[],[]],"CORE :":false,"Relazioni :":770,"Time : ":0.1,"LAST PARTITION":{"22":15,"23":11,"24":6,"25":13,"26":18,"27":8,"28":7,"29":12,"30":16,"10":7,"11":8,"12":14,"13":15,"14":5,"15":11,"16":19,"17":12,"18":3,"19":17,"1":16,"2":4,"3":3,"4":18,"5":4,"6":2,"7":20,"8":10,"9":6,"20":9,"21":2}},{"Modalità dinamica :":false,"Q : ":3,"STARTING PARTITION: ":{"22":4,"23":11,"24":1,"25":13,"26":4,"27":2,"28":7,"29":12,"30":15,"10":7,"11":9,"12":14,"13":9,"14":11,"15":11,"16":9,"17":12,"18":7,"19":6,"1":8,"2":13,"3":2,"4":2,"5":1,"6":15,"7":8,"8":12,"9":9,"20":1,"21":12},"LAST COALITION":[[],[{"utility":82,"ID":1},{"utility":15,"ID":16}],[{"utility":98,"ID":6},{"utility":3,"ID":21}],[{"utility":93,"ID":3},{"utility":73,"ID":18}],[{"utility":75,"ID":2},{"utility":99,"ID":5}],[{"utility":0,"ID":14}],[{"utility":84,"ID":9},{"utility":34,"ID":24}],[{"utility":97,"ID":10},{"utility":80,"ID":28}],[{"utility":98,"ID":11},{"utility":51,"ID":27}],[{"utility":0,"ID":20}],[],[{"utility":48,"ID":15},{"utility":91,"ID":23}],[{"utility":97,"ID":17},{"utility":73,"ID":29}],[{"utility":0,"ID":25}],[{"utility":0,"ID":12}],[{"utility":69,"ID":13},{"utility":81,"ID":22}],[{"utility":0,"ID":30}],[{"utility":0,"ID":19}],[{"utility":99,"ID":4},{"utility":7,"ID":26}],[{"utility":38,"ID":7},{"utility":75,"ID":8}],[],[],[],[],[],[],[],[],[],[],[]],"STARTING COALITION: ":[[null],[{"utility":74,"ID":5},{"utility":30,"ID":20},{"utility":38.5,"ID":24}],[{"utility":27,"ID":3},{"utility":50.5,"ID":4},{"utility":37,"ID":27}],[],[{"utility":45,"ID":22},{"utility":79,"ID":26}],[],[{"utility":0,"ID":19}],[{"utility":51,"ID":10},{"utility":48,"ID":18},{"utility":43.5,"ID":28}],[{"utility":40,"ID":1},{"utility":59,"ID":7}],[{"utility":51,"ID":9},{"utility":64,"ID":11},{"utility":56.666666666666664,"ID":13},{"utility":7.333333333333333,"ID":16}],[],[{"utility":45.5,"ID":14},{"utility":33.5,"ID":15},{"utility":45.5,"ID":23}],[{"utility":31.333333333333332,"ID":8},{"utility":79.66666666666667,"ID":17},{"utility":40.666666666666664,"ID":21},{"utility":56.333333333333336,"ID":29}],[{"utility":0,"ID":2},{"utility":99,"ID":25}],[{"utility":0,"ID":12}],[{"utility":15,"ID":6},{"utility":69,"ID":30}],[],[],[],[],[],[],[],[],[],[],[],[],[],[],[]],"CORE :":false,"Relazioni :":770,"Time : ":0.2,"LAST PARTITION":{"22":15,"23":11,"24":6,"25":13,"26":18,"27":8,"28":7,"29":12,"30":16,"10":7,"11":8,"12":14,"13":15,"14":5,"15":11,"16":1,"17":12,"18":3,"19":17,"1":1,"2":4,"3":3,"4":18,"5":4,"6":2,"7":19,"8":19,"9":6,"20":9,"21":2}},{"Modalità dinamica :":false,"Q : ":4,"STARTING PARTITION: ":{"22":4,"23":11,"24":1,"25":13,"26":4,"27":2,"28":7,"29":12,"30":15,"10":7,"11":9,"12":14,"13":9,"14":11,"15":11,"16":9,"17":12,"18":7,"19":6,"1":8,"2":13,"3":2,"4":2,"5":1,"6":15,"7":8,"8":12,"9":9,"20":1,"21":12},"LAST COALITION":[[],[{"utility":15,"ID":16},{"utility":82,"ID":1}],[{"utility":91,"ID":7},{"utility":19,"ID":30}],[{"utility":73,"ID":18},{"utility":93,"ID":3}],[{"utility":75,"ID":2},{"utility":99,"ID":5}],[],[{"utility":34,"ID":24},{"utility":84,"ID":9}],[{"utility":97,"ID":10},{"utility":80,"ID":28}],[{"utility":98,"ID":11},{"utility":51,"ID":27}],[{"utility":0,"ID":20}],[{"utility":88,"ID":8},{"utility":47,"ID":14}],[{"utility":48,"ID":15},{"utility":91,"ID":23}],[{"utility":97,"ID":17},{"utility":73,"ID":29}],[{"utility":0,"ID":25}],[{"utility":3,"ID":21},{"utility":98,"ID":6}],[{"utility":81,"ID":22},{"utility":69,"ID":13}],[{"utility":0,"ID":12}],[{"utility":0,"ID":19}],[{"utility":99,"ID":4},{"utility":7,"ID":26}],[],[],[],[],[],[],[],[],[],[],[],[]],"STARTING COALITION: ":[[null],[{"utility":74,"ID":5},{"utility":30,"ID":20},{"utility":38.5,"ID":24}],[{"utility":27,"ID":3},{"utility":50.5,"ID":4},{"utility":37,"ID":27}],[],[{"utility":45,"ID":22},{"utility":79,"ID":26}],[],[{"utility":0,"ID":19}],[{"utility":51,"ID":10},{"utility":48,"ID":18},{"utility":43.5,"ID":28}],[{"utility":40,"ID":1},{"utility":59,"ID":7}],[{"utility":51,"ID":9},{"utility":64,"ID":11},{"utility":56.666666666666664,"ID":13},{"utility":7.333333333333333,"ID":16}],[],[{"utility":45.5,"ID":14},{"utility":33.5,"ID":15},{"utility":45.5,"ID":23}],[{"utility":31.333333333333332,"ID":8},{"utility":79.66666666666667,"ID":17},{"utility":40.666666666666664,"ID":21},{"utility":56.333333333333336,"ID":29}],[{"utility":0,"ID":2},{"utility":99,"ID":25}],[{"utility":0,"ID":12}],[{"utility":15,"ID":6},{"utility":69,"ID":30}],[],[],[],[],[],[],[],[],[],[],[],[],[],[],[]],"CORE :":false,"Relazioni :":770,"Time : ":0.1,"LAST PARTITION":{"22":15,"23":11,"24":6,"25":13,"26":18,"27":8,"28":7,"29":12,"30":2,"10":7,"11":8,"12":16,"13":15,"14":10,"15":11,"16":1,"17":12,"18":3,"19":17,"1":1,"2":4,"3":3,"4":18,"5":4,"6":14,"7":2,"8":10,"9":6,"20":9,"21":14}},{"Modalità dinamica :":false,"Q : ":4,"STARTING PARTITION: ":{"22":4,"23":11,"24":1,"25":13,"26":4,"27":2,"28":7,"29":12,"30":15,"10":7,"11":9,"12":14,"13":9,"14":11,"15":11,"16":9,"17":12,"18":7,"19":6,"1":8,"2":13,"3":2,"4":2,"5":1,"6":15,"7":8,"8":12,"9":9,"20":1,"21":12},"LAST COALITION":[[],[{"utility":15,"ID":16},{"utility":82,"ID":1}],[{"utility":3,"ID":21},{"utility":98,"ID":6}],[{"utility":73,"ID":18},{"utility":93,"ID":3}],[{"utility":75,"ID":2},{"utility":99,"ID":5}],[{"utility":0,"ID":14}],[{"utility":34,"ID":24},{"utility":84,"ID":9}],[{"utility":97,"ID":10},{"utility":80,"ID":28}],[{"utility":98,"ID":11},{"utility":51,"ID":27}],[{"utility":0,"ID":20}],[],[{"utility":48,"ID":15},{"utility":91,"ID":23}],[{"utility":97,"ID":17},{"utility":73,"ID":29}],[{"utility":91,"ID":7},{"utility":19,"ID":30}],[{"utility":0,"ID":25}],[{"utility":81,"ID":22},{"utility":69,"ID":13}],[{"utility":20,"ID":8},{"utility":15,"ID":12}],[{"utility":0,"ID":19}],[{"utility":99,"ID":4},{"utility":7,"ID":26}],[],[],[],[],[],[],[],[],[],[],[],[]],"STARTING COALITION: ":[[null],[{"utility":74,"ID":5},{"utility":30,"ID":20},{"utility":38.5,"ID":24}],[{"utility":27,"ID":3},{"utility":50.5,"ID":4},{"utility":37,"ID":27}],[],[{"utility":45,"ID":22},{"utility":79,"ID":26}],[],[{"utility":0,"ID":19}],[{"utility":51,"ID":10},{"utility":48,"ID":18},{"utility":43.5,"ID":28}],[{"utility":40,"ID":1},{"utility":59,"ID":7}],[{"utility":51,"ID":9},{"utility":64,"ID":11},{"utility":56.666666666666664,"ID":13},{"utility":7.333333333333333,"ID":16}],[],[{"utility":45.5,"ID":14},{"utility":33.5,"ID":15},{"utility":45.5,"ID":23}],[{"utility":31.333333333333332,"ID":8},{"utility":79.66666666666667,"ID":17},{"utility":40.666666666666664,"ID":21},{"utility":56.333333333333336,"ID":29}],[{"utility":0,"ID":2},{"utility":99,"ID":25}],[{"utility":0,"ID":12}],[{"utility":15,"ID":6},{"utility":69,"ID":30}],[],[],[],[],[],[],[],[],[],[],[],[],[],[],[]],"CORE :":false,"Relazioni :":770,"Time : ":0.2,"LAST PARTITION":{"22":15,"23":11,"24":6,"25":14,"26":18,"27":8,"28":7,"29":12,"30":13,"10":7,"11":8,"12":16,"13":15,"14":5,"15":11,"16":1,"17":12,"18":3,"19":17,"1":1,"2":4,"3":3,"4":18,"5":4,"6":2,"7":13,"8":16,"9":6,"20":9,"21":2}},{"Modalità dinamica :":false,"Q : ":5,"STARTING PARTITION: ":{"22":4,"23":11,"24":1,"25":13,"26":4,"27":2,"28":7,"29":12,"30":15,"10":7,"11":9,"12":14,"13":9,"14":11,"15":11,"16":9,"17":12,"18":7,"19":6,"1":8,"2":13,"3":2,"4":2,"5":1,"6":15,"7":8,"8":12,"9":9,"20":1,"21":12},"LAST COALITION":[[],[{"utility":0,"ID":14}],[{"utility":0,"ID":25}],[{"utility":73,"ID":18},{"utility":93,"ID":3}],[{"utility":75,"ID":2},{"utility":99,"ID":5}],[],[{"utility":34,"ID":24},{"utility":84,"ID":9}],[{"utility":97,"ID":10},{"utility":80,"ID":28}],[{"utility":98,"ID":11},{"utility":51,"ID":27}],[{"utility":0,"ID":20}],[{"utility":0,"ID":8}],[{"utility":48,"ID":15},{"utility":91,"ID":23}],[{"utility":97,"ID":17},{"utility":73,"ID":29}],[{"utility":0,"ID":12}],[{"utility":3,"ID":21},{"utility":98,"ID":6}],[{"utility":81,"ID":22},{"utility":69,"ID":13}],[{"utility":78,"ID":1},{"utility":46,"ID":30}],[{"utility":0,"ID":19}],[{"utility":99,"ID":4},{"utility":7,"ID":26}],[{"utility":0,"ID":16}],[{"utility":0,"ID":7}],[],[],[],[],[],[],[],[],[],[]],"STARTING COALITION: ":[[null],[{"utility":74,"ID":5},{"utility":30,"ID":20},{"utility":38.5,"ID":24}],[{"utility":27,"ID":3},{"utility":50.5,"ID":4},{"utility":37,"ID":27}],[],[{"utility":45,"ID":22},{"utility":79,"ID":26}],[],[{"utility":0,"ID":19}],[{"utility":51,"ID":10},{"utility":48,"ID":18},{"utility":43.5,"ID":28}],[{"utility":40,"ID":1},{"utility":59,"ID":7}],[{"utility":51,"ID":9},{"utility":64,"ID":11},{"utility":56.666666666666664,"ID":13},{"utility":7.333333333333333,"ID":16}],[],[{"utility":45.5,"ID":14},{"utility":33.5,"ID":15},{"utility":45.5,"ID":23}],[{"utility":31.333333333333332,"ID":8},{"utility":79.66666666666667,"ID":17},{"utility":40.666666666666664,"ID":21},{"utility":56.333333333333336,"ID":29}],[{"utility":0,"ID":2},{"utility":99,"ID":25}],[{"utility":0,"ID":12}],[{"utility":15,"ID":6},{"utility":69,"ID":30}],[],[],[],[],[],[],[],[],[],[],[],[],[],[],[]],"CORE :":false,"Relazioni :":770,"Time : ":0.1,"LAST PARTITION":{"22":15,"23":11,"24":6,"25":2,"26":18,"27":8,"28":7,"29":12,"30":16,"10":7,"11":8,"12":13,"13":15,"14":1,"15":11,"16":19,"17":12,"18":3,"19":17,"1":16,"2":4,"3":3,"4":18,"5":4,"6":14,"7":20,"8":10,"9":6,"20":9,"21":14}},{"Modalità dinamica :":false,"Q : ":5,"STARTING PARTITION: ":{"22":4,"23":11,"24":1,"25":13,"26":4,"27":2,"28":7,"29":12,"30":15,"10":7,"11":9,"12":14,"13":9,"14":11,"15":11,"16":9,"17":12,"18":7,"19":6,"1":8,"2":13,"3":2,"4":2,"5":1,"6":15,"7":8,"8":12,"9":9,"20":1,"21":12},"LAST COALITION":[[],[{"utility":15,"ID":16},{"utility":82,"ID":1}],[{"utility":85,"ID":7},{"utility":22,"ID":25}],[{"utility":73,"ID":18},{"utility":93,"ID":3}],[{"utility":75,"ID":2},{"utility":99,"ID":5}],[{"utility":0,"ID":14}],[{"utility":34,"ID":24},{"utility":84,"ID":9}],[{"utility":97,"ID":10},{"utility":80,"ID":28}],[{"utility":98,"ID":11},{"utility":51,"ID":27}],[{"utility":0,"ID":20}],[{"utility":0,"ID":12}],[{"utility":48,"ID":15},{"utility":91,"ID":23}],[{"utility":97,"ID":17},{"utility":73,"ID":29}],[{"utility":3,"ID":21},{"utility":98,"ID":6}],[],[{"utility":81,"ID":22},{"utility":69,"ID":13}],[{"utility":0,"ID":30}],[{"utility":0,"ID":19}],[{"utility":99,"ID":4},{"utility":7,"ID":26}],[{"utility":0,"ID":8}],[],[],[],[],[],[],[],[],[],[],[]],"STARTING COALITION: ":[[null],[{"utility":74,"ID":5},{"utility":30,"ID":20},{"utility":38.5,"ID":24}],[{"utility":27,"ID":3},{"utility":50.5,"ID":4},{"utility":37,"ID":27}],[],[{"utility":45,"ID":22},{"utility":79,"ID":26}],[],[{"utility":0,"ID":19}],[{"utility":51,"ID":10},{"utility":48,"ID":18},{"utility":43.5,"ID":28}],[{"utility":40,"ID":1},{"utility":59,"ID":7}],[{"utility":51,"ID":9},{"utility":64,"ID":11},{"utility":56.666666666666664,"ID":13},{"utility":7.333333333333333,"ID":16}],[],[{"utility":45.5,"ID":14},{"utility":33.5,"ID":15},{"utility":45.5,"ID":23}],[{"utility":31.333333333333332,"ID":8},{"utility":79.66666666666667,"ID":17},{"utility":40.666666666666664,"ID":21},{"utility":56.333333333333336,"ID":29}],[{"utility":0,"ID":2},{"utility":99,"ID":25}],[{"utility":0,"ID":12}],[{"utility":15,"ID":6},{"utility":69,"ID":30}],[],[],[],[],[],[],[],[],[],[],[],[],[],[],[]],"CORE :":false,"Relazioni :":770,"Time : ":0.2,"LAST PARTITION":{"22":15,"23":11,"24":6,"25":2,"26":18,"27":8,"28":7,"29":12,"30":16,"10":7,"11":8,"12":10,"13":15,"14":5,"15":11,"16":1,"17":12,"18":3,"19":17,"1":1,"2":4,"3":3,"4":18,"5":4,"6":13,"7":2,"8":19,"9":6,"20":9,"21":13}},{"Modalità dinamica :":false,"Q : ":6,"STARTING PARTITION: ":{"22":4,"23":11,"24":1,"25":13,"26":4,"27":2,"28":7,"29":12,"30":15,"10":7,"11":9,"12":14,"13":9,"14":11,"15":11,"16":9,"17":12,"18":7,"19":6,"1":8,"2":13,"3":2,"4":2,"5":1,"6":15,"7":8,"8":12,"9":9,"20":1,"21":12},"LAST COALITION":[[],[{"utility":15,"ID":16},{"utility":82,"ID":1}],[{"utility":0,"ID":25}],[{"utility":73,"ID":18},{"utility":93,"ID":3}],[{"utility":75,"ID":2},{"utility":99,"ID":5}],[{"utility":54,"ID":21},{"utility":27,"ID":12}],[{"utility":34,"ID":24},{"utility":84,"ID":9}],[{"utility":97,"ID":10},{"utility":80,"ID":28}],[{"utility":98,"ID":11},{"utility":51,"ID":27}],[{"utility":0,"ID":20}],[{"utility":88,"ID":8},{"utility":47,"ID":14}],[{"utility":48,"ID":15},{"utility":91,"ID":23}],[{"utility":97,"ID":17},{"utility":73,"ID":29}],[{"utility":0,"ID":6}],[{"utility":91,"ID":7},{"utility":19,"ID":30}],[{"utility":81,"ID":22},{"utility":69,"ID":13}],[],[{"utility":0,"ID":19}],[{"utility":99,"ID":4},{"utility":7,"ID":26}],[],[],[],[],[],[],[],[],[],[],[],[]],"STARTING COALITION: ":[[null],[{"utility":74,"ID":5},{"utility":30,"ID":20},{"utility":38.5,"ID":24}],[{"utility":27,"ID":3},{"utility":50.5,"ID":4},{"utility":37,"ID":27}],[],[{"utility":45,"ID":22},{"utility":79,"ID":26}],[],[{"utility":0,"ID":19}],[{"utility":51,"ID":10},{"utility":48,"ID":18},{"utility":43.5,"ID":28}],[{"utility":40,"ID":1},{"utility":59,"ID":7}],[{"utility":51,"ID":9},{"utility":64,"ID":11},{"utility":56.666666666666664,"ID":13},{"utility":7.333333333333333,"ID":16}],[],[{"utility":45.5,"ID":14},{"utility":33.5,"ID":15},{"utility":45.5,"ID":23}],[{"utility":31.333333333333332,"ID":8},{"utility":79.66666666666667,"ID":17},{"utility":40.666666666666664,"ID":21},{"utility":56.333333333333336,"ID":29}],[{"utility":0,"ID":2},{"utility":99,"ID":25}],[{"utility":0,"ID":12}],[{"utility":15,"ID":6},{"utility":69,"ID":30}],[],[],[],[],[],[],[],[],[],[],[],[],[],[],[]],"CORE :":false,"Relazioni :":770,"Time : ":0.1,"LAST PARTITION":{"22":15,"23":11,"24":6,"25":2,"26":18,"27":8,"28":7,"29":12,"30":14,"10":7,"11":8,"12":5,"13":15,"14":10,"15":11,"16":1,"17":12,"18":3,"19":17,"1":1,"2":4,"3":3,"4":18,"5":4,"6":13,"7":14,"8":10,"9":6,"20":9,"21":5}},{"Modalità dinamica :":false,"Q : ":6,"STARTING PARTITION: ":{"22":4,"23":11,"24":1,"25":13,"26":4,"27":2,"28":7,"29":12,"30":15,"10":7,"11":9,"12":14,"13":9,"14":11,"15":11,"16":9,"17":12,"18":7,"19":6,"1":8,"2":13,"3":2,"4":2,"5":1,"6":15,"7":8,"8":12,"9":9,"20":1,"21":12},"LAST COALITION":[[],[{"utility":15,"ID":16},{"utility":82,"ID":1}],[{"utility":0,"ID":25}],[{"utility":73,"ID":18},{"utility":93,"ID":3}],[{"utility":75,"ID":2},{"utility":99,"ID":5}],[{"utility":54,"ID":21},{"utility":27,"ID":12}],[{"utility":34,"ID":24},{"utility":84,"ID":9}],[{"utility":97,"ID":10},{"utility":80,"ID":28}],[{"utility":98,"ID":11},{"utility":51,"ID":27}],[{"utility":0,"ID":20}],[{"utility":88,"ID":8},{"utility":47,"ID":14}],[{"utility":48,"ID":15},{"utility":91,"ID":23}],[{"utility":97,"ID":17},{"utility":73,"ID":29}],[{"utility":0,"ID":6}],[{"utility":91,"ID":7},{"utility":19,"ID":30}],[{"utility":81,"ID":22},{"utility":69,"ID":13}],[],[{"utility":0,"ID":19}],[{"utility":99,"ID":4},{"utility":7,"ID":26}],[],[],[],[],[],[],[],[],[],[],[],[]],"STARTING COALITION: ":[[null],[{"utility":74,"ID":5},{"utility":30,"ID":20},{"utility":38.5,"ID":24}],[{"utility":27,"ID":3},{"utility":50.5,"ID":4},{"utility":37,"ID":27}],[],[{"utility":45,"ID":22},{"utility":79,"ID":26}],[],[{"utility":0,"ID":19}],[{"utility":51,"ID":10},{"utility":48,"ID":18},{"utility":43.5,"ID":28}],[{"utility":40,"ID":1},{"utility":59,"ID":7}],[{"utility":51,"ID":9},{"utility":64,"ID":11},{"utility":56.666666666666664,"ID":13},{"utility":7.333333333333333,"ID":16}],[],[{"utility":45.5,"ID":14},{"utility":33.5,"ID":15},{"utility":45.5,"ID":23}],[{"utility":31.333333333333332,"ID":8},{"utility":79.66666666666667,"ID":17},{"utility":40.666666666666664,"ID":21},{"utility":56.333333333333336,"ID":29}],[{"utility":0,"ID":2},{"utility":99,"ID":25}],[{"utility":0,"ID":12}],[{"utility":15,"ID":6},{"utility":69,"ID":30}],[],[],[],[],[],[],[],[],[],[],[],[],[],[],[]],"CORE :":false,"Relazioni :":770,"Time : ":0.2,"LAST PARTITION":{"22":15,"23":11,"24":6,"25":2,"26":18,"27":8,"28":7,"29":12,"30":14,"10":7,"11":8,"12":5,"13":15,"14":10,"15":11,"16":1,"17":12,"18":3,"19":17,"1":1,"2":4,"3":3,"4":18,"5":4,"6":13,"7":14,"8":10,"9":6,"20":9,"21":5}},{"Modalità dinamica :":false,"Q : ":7,"STARTING PARTITION: ":{"22":4,"23":11,"24":1,"25":13,"26":4,"27":2,"28":7,"29":12,"30":15,"10":7,"11":9,"12":14,"13":9,"14":11,"15":11,"16":9,"17":12,"18":7,"19":6,"1":8,"2":13,"3":2,"4":2,"5":1,"6":15,"7":8,"8":12,"9":9,"20":1,"21":12},"LAST COALITION":[[],[{"utility":0,"ID":1}],[{"utility":0,"ID":25}],[{"utility":73,"ID":18},{"utility":93,"ID":3}],[{"utility":75,"ID":2},{"utility":99,"ID":5}],[{"utility":0,"ID":21}],[{"utility":34,"ID":24},{"utility":84,"ID":9}],[{"utility":97,"ID":10},{"utility":80,"ID":28}],[{"utility":98,"ID":11},{"utility":51,"ID":27}],[{"utility":0,"ID":20}],[{"utility":88,"ID":8},{"utility":47,"ID":14}],[{"utility":48,"ID":15},{"utility":91,"ID":23}],[{"utility":97,"ID":17},{"utility":73,"ID":29}],[{"utility":0,"ID":12}],[{"utility":0,"ID":30}],[{"utility":81,"ID":22},{"utility":69,"ID":13}],[{"utility":0,"ID":7}],[{"utility":0,"ID":19}],[{"utility":99,"ID":4},{"utility":7,"ID":26}],[{"utility":80,"ID":16},{"utility":60,"ID":6}],[],[],[],[],[],[],[],[],[],[],[]],"STARTING COALITION: ":[[null],[{"utility":74,"ID":5},{"utility":30,"ID":20},{"utility":38.5,"ID":24}],[{"utility":27,"ID":3},{"utility":50.5,"ID":4},{"utility":37,"ID":27}],[],[{"utility":45,"ID":22},{"utility":79,"ID":26}],[],[{"utility":0,"ID":19}],[{"utility":51,"ID":10},{"utility":48,"ID":18},{"utility":43.5,"ID":28}],[{"utility":40,"ID":1},{"utility":59,"ID":7}],[{"utility":51,"ID":9},{"utility":64,"ID":11},{"utility":56.666666666666664,"ID":13},{"utility":7.333333333333333,"ID":16}],[],[{"utility":45.5,"ID":14},{"utility":33.5,"ID":15},{"utility":45.5,"ID":23}],[{"utility":31.333333333333332,"ID":8},{"utility":79.66666666666667,"ID":17},{"utility":40.666666666666664,"ID":21},{"utility":56.333333333333336,"ID":29}],[{"utility":0,"ID":2},{"utility":99,"ID":25}],[{"utility":0,"ID":12}],[{"utility":15,"ID":6},{"utility":69,"ID":30}],[],[],[],[],[],[],[],[],[],[],[],[],[],[],[]],"CORE :":false,"Relazioni :":770,"Time : ":0.1,"LAST PARTITION":{"22":15,"23":11,"24":6,"25":2,"26":18,"27":8,"28":7,"29":12,"30":14,"10":7,"11":8,"12":13,"13":15,"14":10,"15":11,"16":19,"17":12,"18":3,"19":17,"1":1,"2":4,"3":3,"4":18,"5":4,"6":19,"7":16,"8":10,"9":6,"20":9,"21":5}},{"Modalità dinamica :":false,"Q : ":7,"STARTING PARTITION: ":{"22":4,"23":11,"24":1,"25":13,"26":4,"27":2,"28":7,"29":12,"30":15,"10":7,"11":9,"12":14,"13":9,"14":11,"15":11,"16":9,"17":12,"18":7,"19":6,"1":8,"2":13,"3":2,"4":2,"5":1,"6":15,"7":8,"8":12,"9":9,"20":1,"21":12},"LAST COALITION":[[],[{"utility":54,"ID":21},{"utility":27,"ID":12}],[{"utility":91,"ID":7},{"utility":19,"ID":30}],[{"utility":73,"ID":18},{"utility":93,"ID":3}],[{"utility":75,"ID":2},{"utility":99,"ID":5}],[{"utility":15,"ID":16},{"utility":82,"ID":1}],[{"utility":34,"ID":24},{"utility":84,"ID":9}],[{"utility":97,"ID":10},{"utility":80,"ID":28}],[{"utility":98,"ID":11},{"utility":51,"ID":27}],[{"utility":0,"ID":20}],[{"utility":88,"ID":8},{"utility":47,"ID":14}],[{"utility":48,"ID":15},{"utility":91,"ID":23}],[{"utility":97,"ID":17},{"utility":73,"ID":29}],[{"utility":0,"ID":25}],[{"utility":0,"ID":6}],[{"utility":81,"ID":22},{"utility":69,"ID":13}],[],[{"utility":0,"ID":19}],[{"utility":99,"ID":4},{"utility":7,"ID":26}],[],[],[],[],[],[],[],[],[],[],[],[]],"STARTING COALITION: ":[[null],[{"utility":74,"ID":5},{"utility":30,"ID":20},{"utility":38.5,"ID":24}],[{"utility":27,"ID":3},{"utility":50.5,"ID":4},{"utility":37,"ID":27}],[],[{"utility":45,"ID":22},{"utility":79,"ID":26}],[],[{"utility":0,"ID":19}],[{"utility":51,"ID":10},{"utility":48,"ID":18},{"utility":43.5,"ID":28}],[{"utility":40,"ID":1},{"utility":59,"ID":7}],[{"utility":51,"ID":9},{"utility":64,"ID":11},{"utility":56.666666666666664,"ID":13},{"utility":7.333333333333333,"ID":16}],[],[{"utility":45.5,"ID":14},{"utility":33.5,"ID":15},{"utility":45.5,"ID":23}],[{"utility":31.333333333333332,"ID":8},{"utility":79.66666666666667,"ID":17},{"utility":40.666666666666664,"ID":21},{"utility":56.333333333333336,"ID":29}],[{"utility":0,"ID":2},{"utility":99,"ID":25}],[{"utility":0,"ID":12}],[{"utility":15,"ID":6},{"utility":69,"ID":30}],[],[],[],[],[],[],[],[],[],[],[],[],[],[],[]],"CORE :":false,"Relazioni :":770,"Time : ":0.2,"LAST PARTITION":{"22":15,"23":11,"24":6,"25":13,"26":18,"27":8,"28":7,"29":12,"30":2,"10":7,"11":8,"12":1,"13":15,"14":10,"15":11,"16":5,"17":12,"18":3,"19":17,"1":5,"2":4,"3":3,"4":18,"5":4,"6":14,"7":2,"8":10,"9":6,"20":9,"21":1}},{"Modalità dinamica :":false,"Q : ":8,"STARTING PARTITION: ":{"22":4,"23":11,"24":1,"25":13,"26":4,"27":2,"28":7,"29":12,"30":15,"10":7,"11":9,"12":14,"13":9,"14":11,"15":11,"16":9,"17":12,"18":7,"19":6,"1":8,"2":13,"3":2,"4":2,"5":1,"6":15,"7":8,"8":12,"9":9,"20":1,"21":12},"LAST COALITION":[[],[{"utility":0,"ID":21}],[{"utility":0,"ID":30}],[{"utility":73,"ID":18},{"utility":93,"ID":3}],[{"utility":75,"ID":2},{"utility":99,"ID":5}],[{"utility":0,"ID":1}],[{"utility":34,"ID":24},{"utility":84,"ID":9}],[{"utility":97,"ID":10},{"utility":80,"ID":28}],[{"utility":98,"ID":11},{"utility":51,"ID":27}],[{"utility":0,"ID":20}],[{"utility":88,"ID":8},{"utility":47,"ID":14}],[{"utility":48,"ID":15},{"utility":91,"ID":23}],[{"utility":97,"ID":17},{"utility":73,"ID":29}],[{"utility":0,"ID":25}],[{"utility":0,"ID":12}],[{"utility":81,"ID":22},{"utility":69,"ID":13}],[{"utility":0,"ID":7}],[{"utility":0,"ID":19}],[{"utility":99,"ID":4},{"utility":7,"ID":26}],[{"utility":80,"ID":16},{"utility":60,"ID":6}],[],[],[],[],[],[],[],[],[],[],[]],"STARTING COALITION: ":[[null],[{"utility":74,"ID":5},{"utility":30,"ID":20},{"utility":38.5,"ID":24}],[{"utility":27,"ID":3},{"utility":50.5,"ID":4},{"utility":37,"ID":27}],[],[{"utility":45,"ID":22},{"utility":79,"ID":26}],[],[{"utility":0,"ID":19}],[{"utility":51,"ID":10},{"utility":48,"ID":18},{"utility":43.5,"ID":28}],[{"utility":40,"ID":1},{"utility":59,"ID":7}],[{"utility":51,"ID":9},{"utility":64,"ID":11},{"utility":56.666666666666664,"ID":13},{"utility":7.333333333333333,"ID":16}],[],[{"utility":45.5,"ID":14},{"utility":33.5,"ID":15},{"utility":45.5,"ID":23}],[{"utility":31.333333333333332,"ID":8},{"utility":79.66666666666667,"ID":17},{"utility":40.666666666666664,"ID":21},{"utility":56.333333333333336,"ID":29}],[{"utility":0,"ID":2},{"utility":99,"ID":25}],[{"utility":0,"ID":12}],[{"utility":15,"ID":6},{"utility":69,"ID":30}],[],[],[],[],[],[],[],[],[],[],[],[],[],[],[]],"CORE :":false,"Relazioni :":770,"Time : ":0.1,"LAST PARTITION":{"22":15,"23":11,"24":6,"25":13,"26":18,"27":8,"28":7,"29":12,"30":2,"10":7,"11":8,"12":14,"13":15,"14":10,"15":11,"16":19,"17":12,"18":3,"19":17,"1":5,"2":4,"3":3,"4":18,"5":4,"6":19,"7":16,"8":10,"9":6,"20":9,"21":1}},{"Modalità dinamica :":false,"Q : ":8,"STARTING PARTITION: ":{"22":4,"23":11,"24":1,"25":13,"26":4,"27":2,"28":7,"29":12,"30":15,"10":7,"11":9,"12":14,"13":9,"14":11,"15":11,"16":9,"17":12,"18":7,"19":6,"1":8,"2":13,"3":2,"4":2,"5":1,"6":15,"7":8,"8":12,"9":9,"20":1,"21":12},"LAST COALITION":[[],[{"utility":15,"ID":16},{"utility":82,"ID":1}],[{"utility":0,"ID":25}],[{"utility":73,"ID":18},{"utility":93,"ID":3}],[{"utility":75,"ID":2},{"utility":99,"ID":5}],[{"utility":0,"ID":14}],[{"utility":34,"ID":24},{"utility":84,"ID":9}],[{"utility":97,"ID":10},{"utility":80,"ID":28}],[{"utility":98,"ID":11},{"utility":51,"ID":27}],[{"utility":0,"ID":20}],[{"utility":57,"ID":7},{"utility":89,"ID":12}],[{"utility":48,"ID":15},{"utility":91,"ID":23}],[{"utility":97,"ID":17},{"utility":73,"ID":29}],[],[{"utility":3,"ID":21},{"utility":98,"ID":6}],[{"utility":81,"ID":22},{"utility":69,"ID":13}],[{"utility":0,"ID":30}],[{"utility":0,"ID":19}],[{"utility":99,"ID":4},{"utility":7,"ID":26}],[{"utility":0,"ID":8}],[],[],[],[],[],[],[],[],[],[],[]],"STARTING COALITION: ":[[null],[{"utility":74,"ID":5},{"utility":30,"ID":20},{"utility":38.5,"ID":24}],[{"utility":27,"ID":3},{"utility":50.5,"ID":4},{"utility":37,"ID":27}],[],[{"utility":45,"ID":22},{"utility":79,"ID":26}],[],[{"utility":0,"ID":19}],[{"utility":51,"ID":10},{"utility":48,"ID":18},{"utility":43.5,"ID":28}],[{"utility":40,"ID":1},{"utility":59,"ID":7}],[{"utility":51,"ID":9},{"utility":64,"ID":11},{"utility":56.666666666666664,"ID":13},{"utility":7.333333333333333,"ID":16}],[],[{"utility":45.5,"ID":14},{"utility":33.5,"ID":15},{"utility":45.5,"ID":23}],[{"utility":31.333333333333332,"ID":8},{"utility":79.66666666666667,"ID":17},{"utility":40.666666666666664,"ID":21},{"utility":56.333333333333336,"ID":29}],[{"utility":0,"ID":2},{"utility":99,"ID":25}],[{"utility":0,"ID":12}],[{"utility":15,"ID":6},{"utility":69,"ID":30}],[],[],[],[],[],[],[],[],[],[],[],[],[],[],[]],"CORE :":false,"Relazioni :":770,"Time : ":0.2,"LAST PARTITION":{"22":15,"23":11,"24":6,"25":2,"26":18,"27":8,"28":7,"29":12,"30":16,"10":7,"11":8,"12":10,"13":15,"14":5,"15":11,"16":1,"17":12,"18":3,"19":17,"1":1,"2":4,"3":3,"4":18,"5":4,"6":14,"7":10,"8":19,"9":6,"20":9,"21":14}},{"Modalità dinamica :":false,"Q : ":9,"STARTING PARTITION: ":{"22":4,"23":11,"24":1,"25":13,"26":4,"27":2,"28":7,"29":12,"30":15,"10":7,"11":9,"12":14,"13":9,"14":11,"15":11,"16":9,"17":12,"18":7,"19":6,"1":8,"2":13,"3":2,"4":2,"5":1,"6":15,"7":8,"8":12,"9":9,"20":1,"21":12},"LAST COALITION":[[],[{"utility":54,"ID":21},{"utility":27,"ID":12}],[{"utility":0,"ID":25}],[{"utility":73,"ID":18},{"utility":93,"ID":3}],[{"utility":75,"ID":2},{"utility":99,"ID":5}],[{"utility":15,"ID":16},{"utility":82,"ID":1}],[{"utility":34,"ID":24},{"utility":84,"ID":9}],[{"utility":97,"ID":10},{"utility":80,"ID":28}],[{"utility":98,"ID":11},{"utility":51,"ID":27}],[{"utility":0,"ID":20}],[{"utility":88,"ID":8},{"utility":47,"ID":14}],[{"utility":48,"ID":15},{"utility":91,"ID":23}],[{"utility":97,"ID":17},{"utility":73,"ID":29}],[{"utility":0,"ID":6}],[{"utility":91,"ID":7},{"utility":19,"ID":30}],[{"utility":81,"ID":22},{"utility":69,"ID":13}],[],[{"utility":0,"ID":19}],[{"utility":99,"ID":4},{"utility":7,"ID":26}],[],[],[],[],[],[],[],[],[],[],[],[]],"STARTING COALITION: ":[[null],[{"utility":74,"ID":5},{"utility":30,"ID":20},{"utility":38.5,"ID":24}],[{"utility":27,"ID":3},{"utility":50.5,"ID":4},{"utility":37,"ID":27}],[],[{"utility":45,"ID":22},{"utility":79,"ID":26}],[],[{"utility":0,"ID":19}],[{"utility":51,"ID":10},{"utility":48,"ID":18},{"utility":43.5,"ID":28}],[{"utility":40,"ID":1},{"utility":59,"ID":7}],[{"utility":51,"ID":9},{"utility":64,"ID":11},{"utility":56.666666666666664,"ID":13},{"utility":7.333333333333333,"ID":16}],[],[{"utility":45.5,"ID":14},{"utility":33.5,"ID":15},{"utility":45.5,"ID":23}],[{"utility":31.333333333333332,"ID":8},{"utility":79.66666666666667,"ID":17},{"utility":40.666666666666664,"ID":21},{"utility":56.333333333333336,"ID":29}],[{"utility":0,"ID":2},{"utility":99,"ID":25}],[{"utility":0,"ID":12}],[{"utility":15,"ID":6},{"utility":69,"ID":30}],[],[],[],[],[],[],[],[],[],[],[],[],[],[],[]],"CORE :":false,"Relazioni :":770,"Time : ":0.1,"LAST PARTITION":{"22":15,"23":11,"24":6,"25":2,"26":18,"27":8,"28":7,"29":12,"30":14,"10":7,"11":8,"12":1,"13":15,"14":10,"15":11,"16":5,"17":12,"18":3,"19":17,"1":5,"2":4,"3":3,"4":18,"5":4,"6":13,"7":14,"8":10,"9":6,"20":9,"21":1}},{"Modalità dinamica :":false,"Q : ":9,"STARTING PARTITION: ":{"22":4,"23":11,"24":1,"25":13,"26":4,"27":2,"28":7,"29":12,"30":15,"10":7,"11":9,"12":14,"13":9,"14":11,"15":11,"16":9,"17":12,"18":7,"19":6,"1":8,"2":13,"3":2,"4":2,"5":1,"6":15,"7":8,"8":12,"9":9,"20":1,"21":12},"LAST COALITION":[[],[{"utility":15,"ID":16},{"utility":82,"ID":1}],[],[{"utility":73,"ID":18},{"utility":93,"ID":3}],[{"utility":75,"ID":2},{"utility":99,"ID":5}],[{"utility":0,"ID":14}],[{"utility":34,"ID":24},{"utility":84,"ID":9}],[{"utility":97,"ID":10},{"utility":80,"ID":28}],[{"utility":98,"ID":11},{"utility":51,"ID":27}],[{"utility":0,"ID":20}],[{"utility":0,"ID":12}],[{"utility":48,"ID":15},{"utility":91,"ID":23}],[{"utility":97,"ID":17},{"utility":73,"ID":29}],[{"utility":85,"ID":7},{"utility":22,"ID":25}],[{"utility":3,"ID":21},{"utility":98,"ID":6}],[{"utility":81,"ID":22},{"utility":69,"ID":13}],[{"utility":0,"ID":30}],[{"utility":0,"ID":19}],[{"utility":99,"ID":4},{"utility":7,"ID":26}],[{"utility":0,"ID":8}],[],[],[],[],[],[],[],[],[],[],[]],"STARTING COALITION: ":[[null],[{"utility":74,"ID":5},{"utility":30,"ID":20},{"utility":38.5,"ID":24}],[{"utility":27,"ID":3},{"utility":50.5,"ID":4},{"utility":37,"ID":27}],[],[{"utility":45,"ID":22},{"utility":79,"ID":26}],[],[{"utility":0,"ID":19}],[{"utility":51,"ID":10},{"utility":48,"ID":18},{"utility":43.5,"ID":28}],[{"utility":40,"ID":1},{"utility":59,"ID":7}],[{"utility":51,"ID":9},{"utility":64,"ID":11},{"utility":56.666666666666664,"ID":13},{"utility":7.333333333333333,"ID":16}],[],[{"utility":45.5,"ID":14},{"utility":33.5,"ID":15},{"utility":45.5,"ID":23}],[{"utility":31.333333333333332,"ID":8},{"utility":79.66666666666667,"ID":17},{"utility":40.666666666666664,"ID":21},{"utility":56.333333333333336,"ID":29}],[{"utility":0,"ID":2},{"utility":99,"ID":25}],[{"utility":0,"ID":12}],[{"utility":15,"ID":6},{"utility":69,"ID":30}],[],[],[],[],[],[],[],[],[],[],[],[],[],[],[]],"CORE :":false,"Relazioni :":770,"Time : ":0.2,"LAST PARTITION":{"22":15,"23":11,"24":6,"25":13,"26":18,"27":8,"28":7,"29":12,"30":16,"10":7,"11":8,"12":10,"13":15,"14":5,"15":11,"16":1,"17":12,"18":3,"19":17,"1":1,"2":4,"3":3,"4":18,"5":4,"6":14,"7":13,"8":19,"9":6,"20":9,"21":14}},{"Modalità dinamica :":false,"Q : ":10,"STARTING PARTITION: ":{"22":4,"23":11,"24":1,"25":13,"26":4,"27":2,"28":7,"29":12,"30":15,"10":7,"11":9,"12":14,"13":9,"14":11,"15":11,"16":9,"17":12,"18":7,"19":6,"1":8,"2":13,"3":2,"4":2,"5":1,"6":15,"7":8,"8":12,"9":9,"20":1,"21":12},"LAST COALITION":[[],[{"utility":15,"ID":16},{"utility":82,"ID":1}],[{"utility":91,"ID":7},{"utility":19,"ID":30}],[{"utility":73,"ID":18},{"utility":93,"ID":3}],[{"utility":75,"ID":2},{"utility":99,"ID":5}],[{"utility":0,"ID":14}],[{"utility":34,"ID":24},{"utility":84,"ID":9}],[{"utility":97,"ID":10},{"utility":80,"ID":28}],[{"utility":98,"ID":11},{"utility":51,"ID":27}],[{"utility":0,"ID":20}],[{"utility":0,"ID":12}],[{"utility":48,"ID":15},{"utility":91,"ID":23}],[{"utility":97,"ID":17},{"utility":73,"ID":29}],[{"utility":0,"ID":25}],[{"utility":3,"ID":21},{"utility":98,"ID":6}],[{"utility":81,"ID":22},{"utility":69,"ID":13}],[],[{"utility":0,"ID":19}],[{"utility":99,"ID":4},{"utility":7,"ID":26}],[{"utility":0,"ID":8}],[],[],[],[],[],[],[],[],[],[],[]],"STARTING COALITION: ":[[null],[{"utility":74,"ID":5},{"utility":30,"ID":20},{"utility":38.5,"ID":24}],[{"utility":27,"ID":3},{"utility":50.5,"ID":4},{"utility":37,"ID":27}],[],[{"utility":45,"ID":22},{"utility":79,"ID":26}],[],[{"utility":0,"ID":19}],[{"utility":51,"ID":10},{"utility":48,"ID":18},{"utility":43.5,"ID":28}],[{"utility":40,"ID":1},{"utility":59,"ID":7}],[{"utility":51,"ID":9},{"utility":64,"ID":11},{"utility":56.666666666666664,"ID":13},{"utility":7.333333333333333,"ID":16}],[],[{"utility":45.5,"ID":14},{"utility":33.5,"ID":15},{"utility":45.5,"ID":23}],[{"utility":31.333333333333332,"ID":8},{"utility":79.66666666666667,"ID":17},{"utility":40.666666666666664,"ID":21},{"utility":56.333333333333336,"ID":29}],[{"utility":0,"ID":2},{"utility":99,"ID":25}],[{"utility":0,"ID":12}],[{"utility":15,"ID":6},{"utility":69,"ID":30}],[],[],[],[],[],[],[],[],[],[],[],[],[],[],[]],"CORE :":false,"Relazioni :":770,"Time : ":0.1,"LAST PARTITION":{"22":15,"23":11,"24":6,"25":13,"26":18,"27":8,"28":7,"29":12,"30":2,"10":7,"11":8,"12":10,"13":15,"14":5,"15":11,"16":1,"17":12,"18":3,"19":17,"1":1,"2":4,"3":3,"4":18,"5":4,"6":14,"7":2,"8":19,"9":6,"20":9,"21":14}},{"Modalità dinamica :":false,"Q : ":10,"STARTING PARTITION: ":{"22":4,"23":11,"24":1,"25":13,"26":4,"27":2,"28":7,"29":12,"30":15,"10":7,"11":9,"12":14,"13":9,"14":11,"15":11,"16":9,"17":12,"18":7,"19":6,"1":8,"2":13,"3":2,"4":2,"5":1,"6":15,"7":8,"8":12,"9":9,"20":1,"21":12},"LAST COALITION":[[],[{"utility":15,"ID":16},{"utility":82,"ID":1}],[{"utility":91,"ID":7},{"utility":19,"ID":30}],[{"utility":73,"ID":18},{"utility":93,"ID":3}],[{"utility":75,"ID":2},{"utility":99,"ID":5}],[],[{"utility":34,"ID":24},{"utility":84,"ID":9}],[{"utility":97,"ID":10},{"utility":80,"ID":28}],[{"utility":98,"ID":11},{"utility":51,"ID":27}],[{"utility":0,"ID":20}],[{"utility":88,"ID":8},{"utility":47,"ID":14}],[{"utility":48,"ID":15},{"utility":91,"ID":23}],[{"utility":97,"ID":17},{"utility":73,"ID":29}],[{"utility":0,"ID":25}],[{"utility":3,"ID":21},{"utility":98,"ID":6}],[{"utility":81,"ID":22},{"utility":69,"ID":13}],[{"utility":0,"ID":12}],[{"utility":0,"ID":19}],[{"utility":99,"ID":4},{"utility":7,"ID":26}],[],[],[],[],[],[],[],[],[],[],[],[]],"STARTING COALITION: ":[[null],[{"utility":74,"ID":5},{"utility":30,"ID":20},{"utility":38.5,"ID":24}],[{"utility":27,"ID":3},{"utility":50.5,"ID":4},{"utility":37,"ID":27}],[],[{"utility":45,"ID":22},{"utility":79,"ID":26}],[],[{"utility":0,"ID":19}],[{"utility":51,"ID":10},{"utility":48,"ID":18},{"utility":43.5,"ID":28}],[{"utility":40,"ID":1},{"utility":59,"ID":7}],[{"utility":51,"ID":9},{"utility":64,"ID":11},{"utility":56.666666666666664,"ID":13},{"utility":7.333333333333333,"ID":16}],[],[{"utility":45.5,"ID":14},{"utility":33.5,"ID":15},{"utility":45.5,"ID":23}],[{"utility":31.333333333333332,"ID":8},{"utility":79.66666666666667,"ID":17},{"utility":40.666666666666664,"ID":21},{"utility":56.333333333333336,"ID":29}],[{"utility":0,"ID":2},{"utility":99,"ID":25}],[{"utility":0,"ID":12}],[{"utility":15,"ID":6},{"utility":69,"ID":30}],[],[],[],[],[],[],[],[],[],[],[],[],[],[],[]],"CORE :":false,"Relazioni :":770,"Time : ":0.2,"LAST PARTITION":{"22":15,"23":11,"24":6,"25":13,"26":18,"27":8,"28":7,"29":12,"30":2,"10":7,"11":8,"12":16,"13":15,"14":10,"15":11,"16":1,"17":12,"18":3,"19":17,"1":1,"2":4,"3":3,"4":18,"5":4,"6":14,"7":2,"8":10,"9":6,"20":9,"21":14}},{"Modalità dinamica :":true,"Q : ":2,"STARTING PARTITION: ":{"22":4,"23":11,"24":1,"25":13,"26":4,"27":2,"28":7,"29":12,"30":15,"10":7,"11":9,"12":14,"13":9,"14":11,"15":11,"16":9,"17":12,"18":7,"19":6,"1":8,"2":13,"3":2,"4":2,"5":1,"6":15,"7":8,"8":12,"9":9,"20":1,"21":12},"LAST COALITION":[[],[{"utility":0,"ID":12}],[{"utility":92,"ID":20},{"utility":58,"ID":30}],[{"utility":0,"ID":21}],[{"utility":92,"ID":19},{"utility":91,"ID":25}],[{"utility":6,"ID":7},{"utility":96,"ID":26}],[{"utility":93,"ID":2},{"utility":88,"ID":4}],[{"utility":0,"ID":1}],[{"utility":93,"ID":3},{"utility":73,"ID":18}],[{"utility":81,"ID":9},{"utility":19,"ID":16}],[{"utility":72,"ID":10},{"utility":42,"ID":24}],[{"utility":31,"ID":14},{"utility":5,"ID":22}],[{"utility":97,"ID":6},{"utility":83,"ID":11}],[{"utility":0,"ID":27}],[{"utility":46,"ID":5},{"utility":84,"ID":13}],[{"utility":89,"ID":8},{"utility":88,"ID":23}],[{"utility":93,"ID":15},{"utility":91,"ID":28}],[{"utility":0,"ID":29}],[{"utility":0,"ID":17}],[],[],[],[],[],[],[],[],[],[],[],[]],"STARTING COALITION: ":[[null],[{"utility":74,"ID":5},{"utility":30,"ID":20},{"utility":38.5,"ID":24}],[{"utility":27,"ID":3},{"utility":50.5,"ID":4},{"utility":37,"ID":27}],[],[{"utility":45,"ID":22},{"utility":79,"ID":26}],[],[{"utility":0,"ID":19}],[{"utility":51,"ID":10},{"utility":48,"ID":18},{"utility":43.5,"ID":28}],[{"utility":40,"ID":1},{"utility":59,"ID":7}],[{"utility":51,"ID":9},{"utility":64,"ID":11},{"utility":56.666666666666664,"ID":13},{"utility":7.333333333333333,"ID":16}],[],[{"utility":45.5,"ID":14},{"utility":33.5,"ID":15},{"utility":45.5,"ID":23}],[{"utility":31.333333333333332,"ID":8},{"utility":79.66666666666667,"ID":17},{"utility":40.666666666666664,"ID":21},{"utility":56.333333333333336,"ID":29}],[{"utility":0,"ID":2},{"utility":99,"ID":25}],[{"utility":0,"ID":12}],[{"utility":15,"ID":6},{"utility":69,"ID":30}],[],[],[],[],[],[],[],[],[],[],[],[],[],[],[]],"CORE :":false,"Relazioni :":770,"Time : ":0.1,"LAST PARTITION":{"22":11,"23":15,"24":10,"25":4,"26":5,"27":13,"28":16,"29":17,"30":2,"10":10,"11":12,"12":1,"13":14,"14":11,"15":16,"16":9,"17":18,"18":8,"19":4,"1":7,"2":6,"3":8,"4":6,"5":14,"6":12,"7":5,"8":15,"9":9,"20":2,"21":3}},{"Modalità dinamica :":true,"Q : ":2,"STARTING PARTITION: ":{"22":4,"23":11,"24":1,"25":13,"26":4,"27":2,"28":7,"29":12,"30":15,"10":7,"11":9,"12":14,"13":9,"14":11,"15":11,"16":9,"17":12,"18":7,"19":6,"1":8,"2":13,"3":2,"4":2,"5":1,"6":15,"7":8,"8":12,"9":9,"20":1,"21":12},"LAST COALITION":[[],[{"utility":64,"ID":9},{"utility":75,"ID":17}],[{"utility":97,"ID":6},{"utility":83,"ID":11}],[{"utility":67,"ID":8},{"utility":85,"ID":29}],[{"utility":0,"ID":5}],[{"utility":92,"ID":20},{"utility":58,"ID":30}],[],[{"utility":19,"ID":16},{"utility":89,"ID":24}],[{"utility":89,"ID":10},{"utility":93,"ID":22}],[{"utility":57,"ID":7},{"utility":89,"ID":12}],[{"utility":75,"ID":23},{"utility":82,"ID":26}],[{"utility":93,"ID":2},{"utility":88,"ID":4}],[{"utility":22,"ID":1},{"utility":11,"ID":13}],[{"utility":93,"ID":3},{"utility":73,"ID":18}],[{"utility":17,"ID":14},{"utility":65,"ID":27}],[{"utility":93,"ID":15},{"utility":91,"ID":28}],[],[],[{"utility":0,"ID":19}],[],[],[{"utility":94,"ID":21},{"utility":84,"ID":25}],[],[],[],[],[],[],[],[],[]],"STARTING COALITION: ":[[null],[{"utility":74,"ID":5},{"utility":30,"ID":20},{"utility":38.5,"ID":24}],[{"utility":27,"ID":3},{"utility":50.5,"ID":4},{"utility":37,"ID":27}],[],[{"utility":45,"ID":22},{"utility":79,"ID":26}],[],[{"utility":0,"ID":19}],[{"utility":51,"ID":10},{"utility":48,"ID":18},{"utility":43.5,"ID":28}],[{"utility":40,"ID":1},{"utility":59,"ID":7}],[{"utility":51,"ID":9},{"utility":64,"ID":11},{"utility":56.666666666666664,"ID":13},{"utility":7.333333333333333,"ID":16}],[],[{"utility":45.5,"ID":14},{"utility":33.5,"ID":15},{"utility":45.5,"ID":23}],[{"utility":31.333333333333332,"ID":8},{"utility":79.66666666666667,"ID":17},{"utility":40.666666666666664,"ID":21},{"utility":56.333333333333336,"ID":29}],[{"utility":0,"ID":2},{"utility":99,"ID":25}],[{"utility":0,"ID":12}],[{"utility":15,"ID":6},{"utility":69,"ID":30}],[],[],[],[],[],[],[],[],[],[],[],[],[],[],[]],"CORE :":false,"Relazioni :":770,"Time : ":0.2,"LAST PARTITION":{"22":8,"23":10,"24":7,"25":21,"26":10,"27":14,"28":15,"29":3,"30":5,"10":8,"11":2,"12":9,"13":12,"14":14,"15":15,"16":7,"17":1,"18":13,"19":18,"1":12,"2":11,"3":13,"4":11,"5":4,"6":2,"7":9,"8":3,"9":1,"20":5,"21":21}},{"Modalità dinamica :":true,"Q : ":3,"STARTING PARTITION: ":{"22":4,"23":11,"24":1,"25":13,"26":4,"27":2,"28":7,"29":12,"30":15,"10":7,"11":9,"12":14,"13":9,"14":11,"15":11,"16":9,"17":12,"18":7,"19":6,"1":8,"2":13,"3":2,"4":2,"5":1,"6":15,"7":8,"8":12,"9":9,"20":1,"21":12},"LAST COALITION":[[],[{"utility":0,"ID":27}],[{"utility":75,"ID":23},{"utility":82,"ID":26}],[{"utility":38,"ID":7},{"utility":75,"ID":8}],[{"utility":96,"ID":2},{"utility":86,"ID":3}],[{"utility":0,"ID":18}],[{"utility":16,"ID":1},{"utility":48,"ID":17}],[],[{"utility":0,"ID":30}],[{"utility":97,"ID":6},{"utility":83,"ID":11}],[{"utility":93.5,"ID":14},{"utility":56,"ID":15},{"utility":49.5,"ID":28}],[{"utility":66,"ID":5},{"utility":85,"ID":12}],[{"utility":0,"ID":21}],[{"utility":0,"ID":24}],[{"utility":89,"ID":10},{"utility":93,"ID":22}],[{"utility":0,"ID":19}],[{"utility":58,"ID":16},{"utility":66,"ID":20}],[{"utility":11,"ID":4},{"utility":38,"ID":9}],[],[{"utility":54,"ID":13},{"utility":90,"ID":25}],[{"utility":0,"ID":29}],[],[],[],[],[],[],[],[],[],[]],"STARTING COALITION: ":[[null],[{"utility":74,"ID":5},{"utility":30,"ID":20},{"utility":38.5,"ID":24}],[{"utility":27,"ID":3},{"utility":50.5,"ID":4},{"utility":37,"ID":27}],[],[{"utility":45,"ID":22},{"utility":79,"ID":26}],[],[{"utility":0,"ID":19}],[{"utility":51,"ID":10},{"utility":48,"ID":18},{"utility":43.5,"ID":28}],[{"utility":40,"ID":1},{"utility":59,"ID":7}],[{"utility":51,"ID":9},{"utility":64,"ID":11},{"utility":56.666666666666664,"ID":13},{"utility":7.333333333333333,"ID":16}],[],[{"utility":45.5,"ID":14},{"utility":33.5,"ID":15},{"utility":45.5,"ID":23}],[{"utility":31.333333333333332,"ID":8},{"utility":79.66666666666667,"ID":17},{"utility":40.666666666666664,"ID":21},{"utility":56.333333333333336,"ID":29}],[{"utility":0,"ID":2},{"utility":99,"ID":25}],[{"utility":0,"ID":12}],[{"utility":15,"ID":6},{"utility":69,"ID":30}],[],[],[],[],[],[],[],[],[],[],[],[],[],[],[]],"CORE :":false,"Relazioni :":770,"Time : ":0.1,"LAST PARTITION":{"22":14,"23":2,"24":13,"25":19,"26":2,"27":1,"28":10,"29":20,"30":8,"10":14,"11":9,"12":11,"13":19,"14":10,"15":10,"16":16,"17":6,"18":5,"19":15,"1":6,"2":4,"3":4,"4":17,"5":11,"6":9,"7":3,"8":3,"9":17,"20":16,"21":12}},{"Modalità dinamica :":true,"Q : ":3,"STARTING PARTITION: ":{"22":4,"23":11,"24":1,"25":13,"26":4,"27":2,"28":7,"29":12,"30":15,"10":7,"11":9,"12":14,"13":9,"14":11,"15":11,"16":9,"17":12,"18":7,"19":6,"1":8,"2":13,"3":2,"4":2,"5":1,"6":15,"7":8,"8":12,"9":9,"20":1,"21":12},"LAST COALITION":[[],[{"utility":96,"ID":2},{"utility":86,"ID":3}],[{"utility":93,"ID":15},{"utility":91,"ID":28}],[{"utility":78,"ID":1},{"utility":46,"ID":30}],[{"utility":92,"ID":19},{"utility":91,"ID":25}],[{"utility":89,"ID":10},{"utility":93,"ID":22}],[{"utility":19,"ID":16},{"utility":89,"ID":24}],[{"utility":76,"ID":4},{"utility":82,"ID":13}],[{"utility":0,"ID":7}],[{"utility":0,"ID":12}],[{"utility":0,"ID":6}],[{"utility":97,"ID":17},{"utility":73,"ID":29}],[{"utility":0,"ID":5}],[],[{"utility":12.5,"ID":18},{"utility":43,"ID":21},{"utility":90.5,"ID":27}],[{"utility":47,"ID":9},{"utility":76,"ID":14}],[{"utility":89,"ID":8},{"utility":88,"ID":23}],[{"utility":89,"ID":11},{"utility":73,"ID":20},{"utility":39.5,"ID":26}],[],[],[],[],[],[],[],[],[],[],[],[],[]],"STARTING COALITION: ":[[null],[{"utility":74,"ID":5},{"utility":30,"ID":20},{"utility":38.5,"ID":24}],[{"utility":27,"ID":3},{"utility":50.5,"ID":4},{"utility":37,"ID":27}],[],[{"utility":45,"ID":22},{"utility":79,"ID":26}],[],[{"utility":0,"ID":19}],[{"utility":51,"ID":10},{"utility":48,"ID":18},{"utility":43.5,"ID":28}],[{"utility":40,"ID":1},{"utility":59,"ID":7}],[{"utility":51,"ID":9},{"utility":64,"ID":11},{"utility":56.666666666666664,"ID":13},{"utility":7.333333333333333,"ID":16}],[],[{"utility":45.5,"ID":14},{"utility":33.5,"ID":15},{"utility":45.5,"ID":23}],[{"utility":31.333333333333332,"ID":8},{"utility":79.66666666666667,"ID":17},{"utility":40.666666666666664,"ID":21},{"utility":56.333333333333336,"ID":29}],[{"utility":0,"ID":2},{"utility":99,"ID":25}],[{"utility":0,"ID":12}],[{"utility":15,"ID":6},{"utility":69,"ID":30}],[],[],[],[],[],[],[],[],[],[],[],[],[],[],[]],"CORE :":false,"Relazioni :":770,"Time : ":0.2,"LAST PARTITION":{"22":5,"23":16,"24":6,"25":4,"26":17,"27":14,"28":2,"29":11,"30":3,"10":5,"11":17,"12":9,"13":7,"14":15,"15":2,"16":6,"17":11,"18":14,"19":4,"1":3,"2":1,"3":1,"4":7,"5":12,"6":10,"7":8,"8":16,"9":15,"20":17,"21":14}},{"Modalità dinamica :":true,"Q : ":4,"STARTING PARTITION: ":{"22":4,"23":11,"24":1,"25":13,"26":4,"27":2,"28":7,"29":12,"30":15,"10":7,"11":9,"12":14,"13":9,"14":11,"15":11,"16":9,"17":12,"18":7,"19":6,"1":8,"2":13,"3":2,"4":2,"5":1,"6":15,"7":8,"8":12,"9":9,"20":1,"21":12},"LAST COALITION":[[],[{"utility":31,"ID":5},{"utility":88,"ID":7}],[{"utility":54,"ID":13},{"utility":90,"ID":25}],[{"utility":97,"ID":6},{"utility":83,"ID":11}],[{"utility":93,"ID":19},{"utility":64,"ID":21}],[{"utility":92,"ID":20},{"utility":58,"ID":30}],[{"utility":0,"ID":4}],[],[{"utility":34,"ID":8},{"utility":64,"ID":9}],[{"utility":0,"ID":1}],[{"utility":76,"ID":14},{"utility":95,"ID":18}],[{"utility":49,"ID":24},{"utility":97,"ID":29}],[{"utility":0,"ID":12}],[{"utility":55,"ID":16},{"utility":47,"ID":22}],[{"utility":93,"ID":15},{"utility":91,"ID":28}],[],[{"utility":0,"ID":27}],[{"utility":96,"ID":2},{"utility":86,"ID":3}],[{"utility":90,"ID":17},{"utility":68,"ID":26}],[{"utility":73,"ID":10},{"utility":95,"ID":23}],[],[],[],[],[],[],[],[],[],[],[]],"STARTING COALITION: ":[[null],[{"utility":74,"ID":5},{"utility":30,"ID":20},{"utility":38.5,"ID":24}],[{"utility":27,"ID":3},{"utility":50.5,"ID":4},{"utility":37,"ID":27}],[],[{"utility":45,"ID":22},{"utility":79,"ID":26}],[],[{"utility":0,"ID":19}],[{"utility":51,"ID":10},{"utility":48,"ID":18},{"utility":43.5,"ID":28}],[{"utility":40,"ID":1},{"utility":59,"ID":7}],[{"utility":51,"ID":9},{"utility":64,"ID":11},{"utility":56.666666666666664,"ID":13},{"utility":7.333333333333333,"ID":16}],[],[{"utility":45.5,"ID":14},{"utility":33.5,"ID":15},{"utility":45.5,"ID":23}],[{"utility":31.333333333333332,"ID":8},{"utility":79.66666666666667,"ID":17},{"utility":40.666666666666664,"ID":21},{"utility":56.333333333333336,"ID":29}],[{"utility":0,"ID":2},{"utility":99,"ID":25}],[{"utility":0,"ID":12}],[{"utility":15,"ID":6},{"utility":69,"ID":30}],[],[],[],[],[],[],[],[],[],[],[],[],[],[],[]],"CORE :":false,"Relazioni :":770,"Time : ":0.1,"LAST PARTITION":{"22":13,"23":19,"24":11,"25":2,"26":18,"27":16,"28":14,"29":11,"30":5,"10":19,"11":3,"12":12,"13":2,"14":10,"15":14,"16":13,"17":18,"18":10,"19":4,"1":9,"2":17,"3":17,"4":6,"5":1,"6":3,"7":1,"8":8,"9":8,"20":5,"21":4}},{"Modalità dinamica :":true,"Q : ":4,"STARTING PARTITION: ":{"22":4,"23":11,"24":1,"25":13,"26":4,"27":2,"28":7,"29":12,"30":15,"10":7,"11":9,"12":14,"13":9,"14":11,"15":11,"16":9,"17":12,"18":7,"19":6,"1":8,"2":13,"3":2,"4":2,"5":1,"6":15,"7":8,"8":12,"9":9,"20":1,"21":12},"LAST COALITION":[[],[{"utility":57,"ID":7},{"utility":89,"ID":12}],[{"utility":54,"ID":21},{"utility":80,"ID":24}],[{"utility":0,"ID":6}],[{"utility":92,"ID":19},{"utility":91,"ID":25}],[],[{"utility":73,"ID":14},{"utility":53,"ID":17}],[{"utility":93,"ID":15},{"utility":91,"ID":28}],[{"utility":58,"ID":16},{"utility":66,"ID":20}],[{"utility":0,"ID":9}],[{"utility":89,"ID":10},{"utility":93,"ID":22}],[],[{"utility":75,"ID":2},{"utility":99,"ID":5}],[{"utility":0,"ID":4}],[{"utility":93,"ID":3},{"utility":73,"ID":18}],[{"utility":78,"ID":1},{"utility":46,"ID":30}],[{"utility":98,"ID":11},{"utility":51,"ID":27}],[],[{"utility":0,"ID":13}],[{"utility":88,"ID":23},{"utility":77,"ID":29}],[{"utility":2,"ID":8},{"utility":93,"ID":26}],[],[],[],[],[],[],[],[],[],[]],"STARTING COALITION: ":[[null],[{"utility":74,"ID":5},{"utility":30,"ID":20},{"utility":38.5,"ID":24}],[{"utility":27,"ID":3},{"utility":50.5,"ID":4},{"utility":37,"ID":27}],[],[{"utility":45,"ID":22},{"utility":79,"ID":26}],[],[{"utility":0,"ID":19}],[{"utility":51,"ID":10},{"utility":48,"ID":18},{"utility":43.5,"ID":28}],[{"utility":40,"ID":1},{"utility":59,"ID":7}],[{"utility":51,"ID":9},{"utility":64,"ID":11},{"utility":56.666666666666664,"ID":13},{"utility":7.333333333333333,"ID":16}],[],[{"utility":45.5,"ID":14},{"utility":33.5,"ID":15},{"utility":45.5,"ID":23}],[{"utility":31.333333333333332,"ID":8},{"utility":79.66666666666667,"ID":17},{"utility":40.666666666666664,"ID":21},{"utility":56.333333333333336,"ID":29}],[{"utility":0,"ID":2},{"utility":99,"ID":25}],[{"utility":0,"ID":12}],[{"utility":15,"ID":6},{"utility":69,"ID":30}],[],[],[],[],[],[],[],[],[],[],[],[],[],[],[]],"CORE :":false,"Relazioni :":770,"Time : ":0.2,"LAST PARTITION":{"22":10,"23":19,"24":2,"25":4,"26":20,"27":16,"28":7,"29":19,"30":15,"10":10,"11":16,"12":1,"13":18,"14":6,"15":7,"16":8,"17":6,"18":14,"19":4,"1":15,"2":12,"3":14,"4":13,"5":12,"6":3,"7":1,"8":20,"9":9,"20":8,"21":2}},{"Modalità dinamica :":true,"Q : ":5,"STARTING PARTITION: ":{"22":4,"23":11,"24":1,"25":13,"26":4,"27":2,"28":7,"29":12,"30":15,"10":7,"11":9,"12":14,"13":9,"14":11,"15":11,"16":9,"17":12,"18":7,"19":6,"1":8,"2":13,"3":2,"4":2,"5":1,"6":15,"7":8,"8":12,"9":9,"20":1,"21":12},"LAST COALITION":[[],[{"utility":57,"ID":16},{"utility":66,"ID":21}],[{"utility":0,"ID":27}],[{"utility":97,"ID":17},{"utility":73,"ID":29}],[{"utility":62,"ID":2},{"utility":96,"ID":10}],[{"utility":97,"ID":6},{"utility":83,"ID":11}],[{"utility":0,"ID":15}],[{"utility":92,"ID":20},{"utility":58,"ID":30}],[{"utility":0,"ID":1},{"utility":52,"ID":24}],[{"utility":85,"ID":7},{"utility":69,"ID":23}],[{"utility":0,"ID":26}],[{"utility":93,"ID":3},{"utility":73,"ID":18}],[],[{"utility":0,"ID":9}],[{"utility":57,"ID":5},{"utility":72,"ID":22}],[{"utility":0,"ID":14}],[{"utility":38,"ID":12},{"utility":69,"ID":28}],[{"utility":81,"ID":4},{"utility":66,"ID":8}],[{"utility":0,"ID":13}],[{"utility":92,"ID":19},{"utility":91,"ID":25}],[],[],[],[],[],[],[],[],[],[],[]],"STARTING COALITION: ":[[null],[{"utility":74,"ID":5},{"utility":30,"ID":20},{"utility":38.5,"ID":24}],[{"utility":27,"ID":3},{"utility":50.5,"ID":4},{"utility":37,"ID":27}],[],[{"utility":45,"ID":22},{"utility":79,"ID":26}],[],[{"utility":0,"ID":19}],[{"utility":51,"ID":10},{"utility":48,"ID":18},{"utility":43.5,"ID":28}],[{"utility":40,"ID":1},{"utility":59,"ID":7}],[{"utility":51,"ID":9},{"utility":64,"ID":11},{"utility":56.666666666666664,"ID":13},{"utility":7.333333333333333,"ID":16}],[],[{"utility":45.5,"ID":14},{"utility":33.5,"ID":15},{"utility":45.5,"ID":23}],[{"utility":31.333333333333332,"ID":8},{"utility":79.66666666666667,"ID":17},{"utility":40.666666666666664,"ID":21},{"utility":56.333333333333336,"ID":29}],[{"utility":0,"ID":2},{"utility":99,"ID":25}],[{"utility":0,"ID":12}],[{"utility":15,"ID":6},{"utility":69,"ID":30}],[],[],[],[],[],[],[],[],[],[],[],[],[],[],[]],"CORE :":false,"Relazioni :":770,"Time : ":0.1,"LAST PARTITION":{"22":14,"23":9,"24":8,"25":19,"26":10,"27":2,"28":16,"29":3,"30":7,"10":4,"11":5,"12":16,"13":18,"14":15,"15":6,"16":1,"17":3,"18":11,"19":19,"1":8,"2":4,"3":11,"4":17,"5":14,"6":5,"7":9,"8":17,"9":13,"20":7,"21":1}},{"Modalità dinamica :":true,"Q : ":5,"STARTING PARTITION: ":{"22":4,"23":11,"24":1,"25":13,"26":4,"27":2,"28":7,"29":12,"30":15,"10":7,"11":9,"12":14,"13":9,"14":11,"15":11,"16":9,"17":12,"18":7,"19":6,"1":8,"2":13,"3":2,"4":2,"5":1,"6":15,"7":8,"8":12,"9":9,"20":1,"21":12},"LAST COALITION":[[],[{"utility":76,"ID":15},{"utility":57,"ID":18}],[{"utility":58,"ID":13},{"utility":35,"ID":17}],[{"utility":81.5,"ID":7},{"utility":76.5,"ID":11},{"utility":59,"ID":30}],[{"utility":94,"ID":6},{"utility":87,"ID":27}],[{"utility":75,"ID":23},{"utility":82,"ID":26}],[{"utility":0,"ID":19}],[{"utility":0,"ID":28}],[{"utility":67,"ID":8},{"utility":85,"ID":29}],[{"utility":58,"ID":16},{"utility":66,"ID":20}],[{"utility":89,"ID":10},{"utility":93,"ID":22}],[{"utility":75,"ID":1},{"utility":87,"ID":14}],[{"utility":93,"ID":2},{"utility":88,"ID":4}],[{"utility":83,"ID":5},{"utility":54,"ID":24}],[{"utility":94,"ID":21},{"utility":84,"ID":25}],[{"utility":0,"ID":12}],[{"utility":84,"ID":3},{"utility":89,"ID":9}],[],[],[],[],[],[],[],[],[],[],[],[],[],[]],"STARTING COALITION: ":[[null],[{"utility":74,"ID":5},{"utility":30,"ID":20},{"utility":38.5,"ID":24}],[{"utility":27,"ID":3},{"utility":50.5,"ID":4},{"utility":37,"ID":27}],[],[{"utility":45,"ID":22},{"utility":79,"ID":26}],[],[{"utility":0,"ID":19}],[{"utility":51,"ID":10},{"utility":48,"ID":18},{"utility":43.5,"ID":28}],[{"utility":40,"ID":1},{"utility":59,"ID":7}],[{"utility":51,"ID":9},{"utility":64,"ID":11},{"utility":56.666666666666664,"ID":13},{"utility":7.333333333333333,"ID":16}],[],[{"utility":45.5,"ID":14},{"utility":33.5,"ID":15},{"utility":45.5,"ID":23}],[{"utility":31.333333333333332,"ID":8},{"utility":79.66666666666667,"ID":17},{"utility":40.666666666666664,"ID":21},{"utility":56.333333333333336,"ID":29}],[{"utility":0,"ID":2},{"utility":99,"ID":25}],[{"utility":0,"ID":12}],[{"utility":15,"ID":6},{"utility":69,"ID":30}],[],[],[],[],[],[],[],[],[],[],[],[],[],[],[]],"CORE :":false,"Relazioni :":770,"Time : ":0.2,"LAST PARTITION":{"22":10,"23":5,"24":13,"25":14,"26":5,"27":4,"28":7,"29":8,"30":3,"10":10,"11":3,"12":15,"13":2,"14":11,"15":1,"16":9,"17":2,"18":1,"19":6,"1":11,"2":12,"3":16,"4":12,"5":13,"6":4,"7":3,"8":8,"9":16,"20":9,"21":14}},{"Modalità dinamica :":true,"Q : ":6,"STARTING PARTITION: ":{"22":4,"23":11,"24":1,"25":13,"26":4,"27":2,"28":7,"29":12,"30":15,"10":7,"11":9,"12":14,"13":9,"14":11,"15":11,"16":9,"17":12,"18":7,"19":6,"1":8,"2":13,"3":2,"4":2,"5":1,"6":15,"7":8,"8":12,"9":9,"20":1,"21":12},"LAST COALITION":[[],[{"utility":78,"ID":1},{"utility":46,"ID":30}],[{"utility":26,"ID":24},{"utility":75,"ID":26}],[{"utility":76,"ID":4},{"utility":82,"ID":13}],[{"utility":0,"ID":29}],[{"utility":89,"ID":10},{"utility":93,"ID":22}],[{"utility":80,"ID":9},{"utility":28,"ID":19}],[{"utility":35,"ID":8},{"utility":34,"ID":25}],[{"utility":57,"ID":16},{"utility":66,"ID":21}],[{"utility":93,"ID":15},{"utility":91,"ID":28}],[{"utility":0,"ID":17}],[{"utility":59,"ID":12},{"utility":21,"ID":23}],[],[{"utility":76,"ID":14},{"utility":95,"ID":18}],[{"utility":95,"ID":11},{"utility":61,"ID":20}],[{"utility":94,"ID":6},{"utility":87,"ID":27}],[{"utility":31,"ID":5},{"utility":88,"ID":7}],[],[{"utility":96,"ID":2},{"utility":86,"ID":3}],[],[],[],[],[],[],[],[],[],[],[],[]],"STARTING COALITION: ":[[null],[{"utility":74,"ID":5},{"utility":30,"ID":20},{"utility":38.5,"ID":24}],[{"utility":27,"ID":3},{"utility":50.5,"ID":4},{"utility":37,"ID":27}],[],[{"utility":45,"ID":22},{"utility":79,"ID":26}],[],[{"utility":0,"ID":19}],[{"utility":51,"ID":10},{"utility":48,"ID":18},{"utility":43.5,"ID":28}],[{"utility":40,"ID":1},{"utility":59,"ID":7}],[{"utility":51,"ID":9},{"utility":64,"ID":11},{"utility":56.666666666666664,"ID":13},{"utility":7.333333333333333,"ID":16}],[],[{"utility":45.5,"ID":14},{"utility":33.5,"ID":15},{"utility":45.5,"ID":23}],[{"utility":31.333333333333332,"ID":8},{"utility":79.66666666666667,"ID":17},{"utility":40.666666666666664,"ID":21},{"utility":56.333333333333336,"ID":29}],[{"utility":0,"ID":2},{"utility":99,"ID":25}],[{"utility":0,"ID":12}],[{"utility":15,"ID":6},{"utility":69,"ID":30}],[],[],[],[],[],[],[],[],[],[],[],[],[],[],[]],"CORE :":false,"Relazioni :":770,"Time : ":0.1,"LAST PARTITION":{"22":5,"23":11,"24":2,"25":7,"26":2,"27":15,"28":9,"29":4,"30":1,"10":5,"11":14,"12":11,"13":3,"14":13,"15":9,"16":8,"17":10,"18":13,"19":6,"1":1,"2":18,"3":18,"4":3,"5":16,"6":15,"7":16,"8":7,"9":6,"20":14,"21":8}},{"Modalità dinamica :":true,"Q : ":6,"STARTING PARTITION: ":{"22":4,"23":11,"24":1,"25":13,"26":4,"27":2,"28":7,"29":12,"30":15,"10":7,"11":9,"12":14,"13":9,"14":11,"15":11,"16":9,"17":12,"18":7,"19":6,"1":8,"2":13,"3":2,"4":2,"5":1,"6":15,"7":8,"8":12,"9":9,"20":1,"21":12},"LAST COALITION":[[],[{"utility":53.5,"ID":16},{"utility":38.5,"ID":23},{"utility":58,"ID":26}],[{"utility":57,"ID":7},{"utility":89,"ID":12}],[{"utility":95,"ID":11},{"utility":61,"ID":20}],[{"utility":94,"ID":21},{"utility":84,"ID":25}],[{"utility":94,"ID":6},{"utility":87,"ID":27}],[{"utility":75,"ID":1},{"utility":87,"ID":14}],[],[],[{"utility":98,"ID":8},{"utility":70,"ID":18}],[{"utility":44,"ID":19},{"utility":65,"ID":30}],[{"utility":64,"ID":9},{"utility":75,"ID":17}],[{"utility":93,"ID":15},{"utility":91,"ID":28}],[{"utility":89,"ID":10},{"utility":93,"ID":22}],[{"utility":96,"ID":2},{"utility":86,"ID":3}],[{"utility":0,"ID":4}],[{"utility":83,"ID":5},{"utility":54,"ID":24}],[{"utility":98,"ID":13},{"utility":50,"ID":29}],[],[],[],[],[],[],[],[],[],[],[],[],[]],"STARTING COALITION: ":[[null],[{"utility":74,"ID":5},{"utility":30,"ID":20},{"utility":38.5,"ID":24}],[{"utility":27,"ID":3},{"utility":50.5,"ID":4},{"utility":37,"ID":27}],[],[{"utility":45,"ID":22},{"utility":79,"ID":26}],[],[{"utility":0,"ID":19}],[{"utility":51,"ID":10},{"utility":48,"ID":18},{"utility":43.5,"ID":28}],[{"utility":40,"ID":1},{"utility":59,"ID":7}],[{"utility":51,"ID":9},{"utility":64,"ID":11},{"utility":56.666666666666664,"ID":13},{"utility":7.333333333333333,"ID":16}],[],[{"utility":45.5,"ID":14},{"utility":33.5,"ID":15},{"utility":45.5,"ID":23}],[{"utility":31.333333333333332,"ID":8},{"utility":79.66666666666667,"ID":17},{"utility":40.666666666666664,"ID":21},{"utility":56.333333333333336,"ID":29}],[{"utility":0,"ID":2},{"utility":99,"ID":25}],[{"utility":0,"ID":12}],[{"utility":15,"ID":6},{"utility":69,"ID":30}],[],[],[],[],[],[],[],[],[],[],[],[],[],[],[]],"CORE :":false,"Relazioni :":770,"Time : ":0.2,"LAST PARTITION":{"22":13,"23":1,"24":16,"25":4,"26":1,"27":5,"28":12,"29":17,"30":10,"10":13,"11":3,"12":2,"13":17,"14":6,"15":12,"16":1,"17":11,"18":9,"19":10,"1":6,"2":14,"3":14,"4":15,"5":16,"6":5,"7":2,"8":9,"9":11,"20":3,"21":4}},{"Modalità dinamica :":true,"Q : ":7,"STARTING PARTITION: ":{"22":4,"23":11,"24":1,"25":13,"26":4,"27":2,"28":7,"29":12,"30":15,"10":7,"11":9,"12":14,"13":9,"14":11,"15":11,"16":9,"17":12,"18":7,"19":6,"1":8,"2":13,"3":2,"4":2,"5":1,"6":15,"7":8,"8":12,"9":9,"20":1,"21":12},"LAST COALITION":[[],[{"utility":89,"ID":10},{"utility":93,"ID":22}],[{"utility":97,"ID":6},{"utility":83,"ID":11}],[{"utility":43,"ID":13},{"utility":99,"ID":23}],[],[{"utility":93,"ID":2},{"utility":88,"ID":4}],[{"utility":93,"ID":3},{"utility":73,"ID":18}],[{"utility":49,"ID":24},{"utility":97,"ID":29}],[{"utility":34,"ID":8},{"utility":64,"ID":9}],[{"utility":0,"ID":5}],[{"utility":0,"ID":27}],[{"utility":0,"ID":26}],[{"utility":92,"ID":19},{"utility":91,"ID":25}],[{"utility":93,"ID":15},{"utility":91,"ID":28}],[{"utility":75,"ID":1},{"utility":87,"ID":14}],[{"utility":92,"ID":20},{"utility":58,"ID":30}],[{"utility":57,"ID":7},{"utility":89,"ID":12}],[{"utility":57,"ID":16},{"utility":66,"ID":21}],[{"utility":0,"ID":17}],[],[],[],[],[],[],[],[],[],[],[],[]],"STARTING COALITION: ":[[null],[{"utility":74,"ID":5},{"utility":30,"ID":20},{"utility":38.5,"ID":24}],[{"utility":27,"ID":3},{"utility":50.5,"ID":4},{"utility":37,"ID":27}],[],[{"utility":45,"ID":22},{"utility":79,"ID":26}],[],[{"utility":0,"ID":19}],[{"utility":51,"ID":10},{"utility":48,"ID":18},{"utility":43.5,"ID":28}],[{"utility":40,"ID":1},{"utility":59,"ID":7}],[{"utility":51,"ID":9},{"utility":64,"ID":11},{"utility":56.666666666666664,"ID":13},{"utility":7.333333333333333,"ID":16}],[],[{"utility":45.5,"ID":14},{"utility":33.5,"ID":15},{"utility":45.5,"ID":23}],[{"utility":31.333333333333332,"ID":8},{"utility":79.66666666666667,"ID":17},{"utility":40.666666666666664,"ID":21},{"utility":56.333333333333336,"ID":29}],[{"utility":0,"ID":2},{"utility":99,"ID":25}],[{"utility":0,"ID":12}],[{"utility":15,"ID":6},{"utility":69,"ID":30}],[],[],[],[],[],[],[],[],[],[],[],[],[],[],[]],"CORE :":false,"Relazioni :":770,"Time : ":0.1,"LAST PARTITION":{"22":1,"23":3,"24":7,"25":12,"26":11,"27":10,"28":13,"29":7,"30":15,"10":1,"11":2,"12":16,"13":3,"14":14,"15":13,"16":17,"17":18,"18":6,"19":12,"1":14,"2":5,"3":6,"4":5,"5":9,"6":2,"7":16,"8":8,"9":8,"20":15,"21":17}},{"Modalità dinamica :":true,"Q : ":7,"STARTING PARTITION: ":{"22":4,"23":11,"24":1,"25":13,"26":4,"27":2,"28":7,"29":12,"30":15,"10":7,"11":9,"12":14,"13":9,"14":11,"15":11,"16":9,"17":12,"18":7,"19":6,"1":8,"2":13,"3":2,"4":2,"5":1,"6":15,"7":8,"8":12,"9":9,"20":1,"21":12},"LAST COALITION":[[],[{"utility":40.5,"ID":12},{"utility":38.5,"ID":18},{"utility":44,"ID":26}],[{"utility":93,"ID":15},{"utility":91,"ID":28}],[{"utility":89,"ID":10},{"utility":93,"ID":22}],[{"utility":81,"ID":9},{"utility":19,"ID":16}],[{"utility":96,"ID":2},{"utility":86,"ID":3}],[{"utility":37.5,"ID":1},{"utility":52,"ID":14},{"utility":67,"ID":19}],[{"utility":94,"ID":6},{"utility":87,"ID":27}],[{"utility":76,"ID":4},{"utility":82,"ID":13}],[{"utility":94,"ID":21},{"utility":84,"ID":25}],[{"utility":0,"ID":24}],[{"utility":97,"ID":17},{"utility":73,"ID":29}],[{"utility":71,"ID":11},{"utility":99,"ID":30}],[],[{"utility":85,"ID":7},{"utility":69,"ID":23}],[{"utility":84,"ID":5},{"utility":3,"ID":8}],[],[{"utility":0,"ID":20}],[],[],[],[],[],[],[],[],[],[],[],[],[]],"STARTING COALITION: ":[[null],[{"utility":74,"ID":5},{"utility":30,"ID":20},{"utility":38.5,"ID":24}],[{"utility":27,"ID":3},{"utility":50.5,"ID":4},{"utility":37,"ID":27}],[],[{"utility":45,"ID":22},{"utility":79,"ID":26}],[],[{"utility":0,"ID":19}],[{"utility":51,"ID":10},{"utility":48,"ID":18},{"utility":43.5,"ID":28}],[{"utility":40,"ID":1},{"utility":59,"ID":7}],[{"utility":51,"ID":9},{"utility":64,"ID":11},{"utility":56.666666666666664,"ID":13},{"utility":7.333333333333333,"ID":16}],[],[{"utility":45.5,"ID":14},{"utility":33.5,"ID":15},{"utility":45.5,"ID":23}],[{"utility":31.333333333333332,"ID":8},{"utility":79.66666666666667,"ID":17},{"utility":40.666666666666664,"ID":21},{"utility":56.333333333333336,"ID":29}],[{"utility":0,"ID":2},{"utility":99,"ID":25}],[{"utility":0,"ID":12}],[{"utility":15,"ID":6},{"utility":69,"ID":30}],[],[],[],[],[],[],[],[],[],[],[],[],[],[],[]],"CORE :":false,"Relazioni :":770,"Time : ":0.2,"LAST PARTITION":{"22":3,"23":14,"24":10,"25":9,"26":1,"27":7,"28":2,"29":11,"30":12,"10":3,"11":12,"12":1,"13":8,"14":6,"15":2,"16":4,"17":11,"18":1,"19":6,"1":6,"2":5,"3":5,"4":8,"5":15,"6":7,"7":14,"8":15,"9":4,"20":17,"21":9}},{"Modalità dinamica :":true,"Q : ":8,"STARTING PARTITION: ":{"22":4,"23":11,"24":1,"25":13,"26":4,"27":2,"28":7,"29":12,"30":15,"10":7,"11":9,"12":14,"13":9,"14":11,"15":11,"16":9,"17":12,"18":7,"19":6,"1":8,"2":13,"3":2,"4":2,"5":1,"6":15,"7":8,"8":12,"9":9,"20":1,"21":12},"LAST COALITION":[[],[{"utility":93,"ID":3},{"utility":73,"ID":18}],[{"utility":93,"ID":15},{"utility":91,"ID":28}],[{"utility":57,"ID":7},{"utility":89,"ID":12}],[{"utility":81,"ID":4},{"utility":66,"ID":8}],[{"utility":34,"ID":19},{"utility":46.5,"ID":26},{"utility":28,"ID":29}],[{"utility":22.5,"ID":5},{"utility":80,"ID":6},{"utility":44,"ID":27}],[{"utility":89,"ID":10},{"utility":93,"ID":22}],[{"utility":72,"ID":24},{"utility":21,"ID":30}],[{"utility":81,"ID":9},{"utility":19,"ID":16}],[{"utility":48,"ID":2},{"utility":94,"ID":23}],[],[{"utility":75,"ID":1},{"utility":87,"ID":14}],[{"utility":58,"ID":13},{"utility":35,"ID":17}],[],[],[],[{"utility":95,"ID":11},{"utility":61,"ID":20}],[{"utility":94,"ID":21},{"utility":84,"ID":25}],[],[],[],[],[],[],[],[],[],[],[],[]],"STARTING COALITION: ":[[null],[{"utility":74,"ID":5},{"utility":30,"ID":20},{"utility":38.5,"ID":24}],[{"utility":27,"ID":3},{"utility":50.5,"ID":4},{"utility":37,"ID":27}],[],[{"utility":45,"ID":22},{"utility":79,"ID":26}],[],[{"utility":0,"ID":19}],[{"utility":51,"ID":10},{"utility":48,"ID":18},{"utility":43.5,"ID":28}],[{"utility":40,"ID":1},{"utility":59,"ID":7}],[{"utility":51,"ID":9},{"utility":64,"ID":11},{"utility":56.666666666666664,"ID":13},{"utility":7.333333333333333,"ID":16}],[],[{"utility":45.5,"ID":14},{"utility":33.5,"ID":15},{"utility":45.5,"ID":23}],[{"utility":31.333333333333332,"ID":8},{"utility":79.66666666666667,"ID":17},{"utility":40.666666666666664,"ID":21},{"utility":56.333333333333336,"ID":29}],[{"utility":0,"ID":2},{"utility":99,"ID":25}],[{"utility":0,"ID":12}],[{"utility":15,"ID":6},{"utility":69,"ID":30}],[],[],[],[],[],[],[],[],[],[],[],[],[],[],[]],"CORE :":false,"Relazioni :":770,"Time : ":0.1,"LAST PARTITION":{"22":7,"23":10,"24":8,"25":18,"26":5,"27":6,"28":2,"29":5,"30":8,"10":7,"11":17,"12":3,"13":13,"14":12,"15":2,"16":9,"17":13,"18":1,"19":5,"1":12,"2":10,"3":1,"4":4,"5":6,"6":6,"7":3,"8":4,"9":9,"20":17,"21":18}},{"Modalità dinamica :":true,"Q : ":8,"STARTING PARTITION: ":{"22":4,"23":11,"24":1,"25":13,"26":4,"27":2,"28":7,"29":12,"30":15,"10":7,"11":9,"12":14,"13":9,"14":11,"15":11,"16":9,"17":12,"18":7,"19":6,"1":8,"2":13,"3":2,"4":2,"5":1,"6":15,"7":8,"8":12,"9":9,"20":1,"21":12},"LAST COALITION":[[],[{"utility":84,"ID":3},{"utility":89,"ID":9}],[{"utility":0,"ID":1}],[{"utility":93,"ID":15},{"utility":91,"ID":28}],[{"utility":92,"ID":20},{"utility":58,"ID":30}],[{"utility":88,"ID":23},{"utility":77,"ID":29}],[{"utility":57,"ID":5},{"utility":72,"ID":22}],[{"utility":19,"ID":16},{"utility":89,"ID":24}],[{"utility":98,"ID":8},{"utility":70,"ID":18}],[{"utility":54,"ID":13},{"utility":90,"ID":25}],[{"utility":93,"ID":19},{"utility":64,"ID":21}],[{"utility":0,"ID":27}],[{"utility":0,"ID":7}],[{"utility":74,"ID":12},{"utility":68,"ID":26}],[],[{"utility":73,"ID":14},{"utility":53,"ID":17}],[{"utility":0,"ID":10}],[],[{"utility":93,"ID":2},{"utility":88,"ID":4}],[{"utility":97,"ID":6},{"utility":83,"ID":11}],[],[],[],[],[],[],[],[],[],[],[]],"STARTING COALITION: ":[[null],[{"utility":74,"ID":5},{"utility":30,"ID":20},{"utility":38.5,"ID":24}],[{"utility":27,"ID":3},{"utility":50.5,"ID":4},{"utility":37,"ID":27}],[],[{"utility":45,"ID":22},{"utility":79,"ID":26}],[],[{"utility":0,"ID":19}],[{"utility":51,"ID":10},{"utility":48,"ID":18},{"utility":43.5,"ID":28}],[{"utility":40,"ID":1},{"utility":59,"ID":7}],[{"utility":51,"ID":9},{"utility":64,"ID":11},{"utility":56.666666666666664,"ID":13},{"utility":7.333333333333333,"ID":16}],[],[{"utility":45.5,"ID":14},{"utility":33.5,"ID":15},{"utility":45.5,"ID":23}],[{"utility":31.333333333333332,"ID":8},{"utility":79.66666666666667,"ID":17},{"utility":40.666666666666664,"ID":21},{"utility":56.333333333333336,"ID":29}],[{"utility":0,"ID":2},{"utility":99,"ID":25}],[{"utility":0,"ID":12}],[{"utility":15,"ID":6},{"utility":69,"ID":30}],[],[],[],[],[],[],[],[],[],[],[],[],[],[],[]],"CORE :":false,"Relazioni :":770,"Time : ":0.2,"LAST PARTITION":{"22":6,"23":5,"24":7,"25":9,"26":13,"27":11,"28":3,"29":5,"30":4,"10":16,"11":19,"12":13,"13":9,"14":15,"15":3,"16":7,"17":15,"18":8,"19":10,"1":2,"2":18,"3":1,"4":18,"5":6,"6":19,"7":12,"8":8,"9":1,"20":4,"21":10}},{"Modalità dinamica :":true,"Q : ":9,"STARTING PARTITION: ":{"22":4,"23":11,"24":1,"25":13,"26":4,"27":2,"28":7,"29":12,"30":15,"10":7,"11":9,"12":14,"13":9,"14":11,"15":11,"16":9,"17":12,"18":7,"19":6,"1":8,"2":13,"3":2,"4":2,"5":1,"6":15,"7":8,"8":12,"9":9,"20":1,"21":12},"LAST COALITION":[[],[{"utility":0,"ID":9}],[{"utility":0,"ID":23}],[{"utility":76,"ID":14},{"utility":95,"ID":18}],[{"utility":98,"ID":11},{"utility":51,"ID":27}],[{"utility":93,"ID":2},{"utility":88,"ID":4}],[{"utility":0,"ID":6}],[{"utility":97,"ID":10},{"utility":80,"ID":28}],[{"utility":0,"ID":1}],[{"utility":54,"ID":21},{"utility":80,"ID":24}],[{"utility":22,"ID":8},{"utility":97,"ID":17}],[{"utility":4,"ID":3},{"utility":47,"ID":25}],[{"utility":0,"ID":29}],[{"utility":58,"ID":16},{"utility":66,"ID":20}],[{"utility":44,"ID":19},{"utility":65,"ID":30}],[{"utility":58,"ID":15},{"utility":8,"ID":26}],[{"utility":0,"ID":5}],[{"utility":69,"ID":13},{"utility":81,"ID":22}],[{"utility":57,"ID":7},{"utility":89,"ID":12}],[],[],[],[],[],[],[],[],[],[],[],[]],"STARTING COALITION: ":[[null],[{"utility":74,"ID":5},{"utility":30,"ID":20},{"utility":38.5,"ID":24}],[{"utility":27,"ID":3},{"utility":50.5,"ID":4},{"utility":37,"ID":27}],[],[{"utility":45,"ID":22},{"utility":79,"ID":26}],[],[{"utility":0,"ID":19}],[{"utility":51,"ID":10},{"utility":48,"ID":18},{"utility":43.5,"ID":28}],[{"utility":40,"ID":1},{"utility":59,"ID":7}],[{"utility":51,"ID":9},{"utility":64,"ID":11},{"utility":56.666666666666664,"ID":13},{"utility":7.333333333333333,"ID":16}],[],[{"utility":45.5,"ID":14},{"utility":33.5,"ID":15},{"utility":45.5,"ID":23}],[{"utility":31.333333333333332,"ID":8},{"utility":79.66666666666667,"ID":17},{"utility":40.666666666666664,"ID":21},{"utility":56.333333333333336,"ID":29}],[{"utility":0,"ID":2},{"utility":99,"ID":25}],[{"utility":0,"ID":12}],[{"utility":15,"ID":6},{"utility":69,"ID":30}],[],[],[],[],[],[],[],[],[],[],[],[],[],[],[]],"CORE :":false,"Relazioni :":770,"Time : ":0.1,"LAST PARTITION":{"22":17,"23":2,"24":9,"25":11,"26":15,"27":4,"28":7,"29":12,"30":14,"10":7,"11":4,"12":18,"13":17,"14":3,"15":15,"16":13,"17":10,"18":3,"19":14,"1":8,"2":5,"3":11,"4":5,"5":16,"6":6,"7":18,"8":10,"9":1,"20":13,"21":9}},{"Modalità dinamica :":true,"Q : ":9,"STARTING PARTITION: ":{"22":4,"23":11,"24":1,"25":13,"26":4,"27":2,"28":7,"29":12,"30":15,"10":7,"11":9,"12":14,"13":9,"14":11,"15":11,"16":9,"17":12,"18":7,"19":6,"1":8,"2":13,"3":2,"4":2,"5":1,"6":15,"7":8,"8":12,"9":9,"20":1,"21":12},"LAST COALITION":[[],[{"utility":89,"ID":8},{"utility":88,"ID":23}],[{"utility":96,"ID":2},{"utility":86,"ID":3}],[{"utility":0,"ID":15}],[{"utility":0,"ID":9}],[{"utility":0,"ID":22}],[{"utility":0,"ID":18}],[{"utility":76,"ID":4},{"utility":82,"ID":13}],[{"utility":97,"ID":10},{"utility":80,"ID":28}],[{"utility":44,"ID":19},{"utility":65,"ID":30}],[{"utility":86,"ID":11},{"utility":87.5,"ID":14},{"utility":59.5,"ID":20}],[{"utility":66,"ID":5},{"utility":85,"ID":12}],[{"utility":40,"ID":1},{"utility":59,"ID":7}],[{"utility":0,"ID":6}],[{"utility":90,"ID":17},{"utility":68,"ID":26}],[{"utility":0,"ID":25}],[{"utility":49,"ID":24},{"utility":97,"ID":29}],[{"utility":57,"ID":16},{"utility":66,"ID":21}],[{"utility":0,"ID":27}],[],[],[],[],[],[],[],[],[],[],[],[]],"STARTING COALITION: ":[[null],[{"utility":74,"ID":5},{"utility":30,"ID":20},{"utility":38.5,"ID":24}],[{"utility":27,"ID":3},{"utility":50.5,"ID":4},{"utility":37,"ID":27}],[],[{"utility":45,"ID":22},{"utility":79,"ID":26}],[],[{"utility":0,"ID":19}],[{"utility":51,"ID":10},{"utility":48,"ID":18},{"utility":43.5,"ID":28}],[{"utility":40,"ID":1},{"utility":59,"ID":7}],[{"utility":51,"ID":9},{"utility":64,"ID":11},{"utility":56.666666666666664,"ID":13},{"utility":7.333333333333333,"ID":16}],[],[{"utility":45.5,"ID":14},{"utility":33.5,"ID":15},{"utility":45.5,"ID":23}],[{"utility":31.333333333333332,"ID":8},{"utility":79.66666666666667,"ID":17},{"utility":40.666666666666664,"ID":21},{"utility":56.333333333333336,"ID":29}],[{"utility":0,"ID":2},{"utility":99,"ID":25}],[{"utility":0,"ID":12}],[{"utility":15,"ID":6},{"utility":69,"ID":30}],[],[],[],[],[],[],[],[],[],[],[],[],[],[],[]],"CORE :":false,"Relazioni :":770,"Time : ":0.2,"LAST PARTITION":{"22":5,"23":1,"24":16,"25":15,"26":14,"27":18,"28":8,"29":16,"30":9,"10":8,"11":10,"12":11,"13":7,"14":10,"15":3,"16":17,"17":14,"18":6,"19":9,"1":12,"2":2,"3":2,"4":7,"5":11,"6":13,"7":12,"8":1,"9":4,"20":10,"21":17}},{"Modalità dinamica :":true,"Q : ":10,"STARTING PARTITION: ":{"22":4,"23":11,"24":1,"25":13,"26":4,"27":2,"28":7,"29":12,"30":15,"10":7,"11":9,"12":14,"13":9,"14":11,"15":11,"16":9,"17":12,"18":7,"19":6,"1":8,"2":13,"3":2,"4":2,"5":1,"6":15,"7":8,"8":12,"9":9,"20":1,"21":12},"LAST COALITION":[[],[{"utility":0,"ID":16}],[{"utility":93,"ID":3},{"utility":73,"ID":18}],[{"utility":84,"ID":10},{"utility":83,"ID":19}],[{"utility":89,"ID":8},{"utility":88,"ID":23}],[{"utility":40.5,"ID":4},{"utility":67.5,"ID":21},{"utility":33.5,"ID":28}],[{"utility":97,"ID":15},{"utility":58,"ID":20}],[{"utility":0,"ID":29}],[{"utility":0,"ID":24}],[{"utility":0,"ID":12}],[{"utility":75,"ID":2},{"utility":99,"ID":5}],[{"utility":6,"ID":7},{"utility":96,"ID":26}],[{"utility":75,"ID":1},{"utility":87,"ID":14}],[{"utility":0,"ID":25}],[{"utility":97,"ID":6},{"utility":83,"ID":11}],[{"utility":0,"ID":30}],[{"utility":69,"ID":13},{"utility":81,"ID":22}],[{"utility":0,"ID":27}],[{"utility":64,"ID":9},{"utility":75,"ID":17}],[],[],[],[],[],[],[],[],[],[],[],[]],"STARTING COALITION: ":[[null],[{"utility":74,"ID":5},{"utility":30,"ID":20},{"utility":38.5,"ID":24}],[{"utility":27,"ID":3},{"utility":50.5,"ID":4},{"utility":37,"ID":27}],[],[{"utility":45,"ID":22},{"utility":79,"ID":26}],[],[{"utility":0,"ID":19}],[{"utility":51,"ID":10},{"utility":48,"ID":18},{"utility":43.5,"ID":28}],[{"utility":40,"ID":1},{"utility":59,"ID":7}],[{"utility":51,"ID":9},{"utility":64,"ID":11},{"utility":56.666666666666664,"ID":13},{"utility":7.333333333333333,"ID":16}],[],[{"utility":45.5,"ID":14},{"utility":33.5,"ID":15},{"utility":45.5,"ID":23}],[{"utility":31.333333333333332,"ID":8},{"utility":79.66666666666667,"ID":17},{"utility":40.666666666666664,"ID":21},{"utility":56.333333333333336,"ID":29}],[{"utility":0,"ID":2},{"utility":99,"ID":25}],[{"utility":0,"ID":12}],[{"utility":15,"ID":6},{"utility":69,"ID":30}],[],[],[],[],[],[],[],[],[],[],[],[],[],[],[]],"CORE :":false,"Relazioni :":770,"Time : ":0.1,"LAST PARTITION":{"22":16,"23":4,"24":8,"25":13,"26":11,"27":17,"28":5,"29":7,"30":15,"10":3,"11":14,"12":9,"13":16,"14":12,"15":6,"16":1,"17":18,"18":2,"19":3,"1":12,"2":10,"3":2,"4":5,"5":10,"6":14,"7":11,"8":4,"9":18,"20":6,"21":5}},{"Modalità dinamica :":true,"Q : ":10,"STARTING PARTITION: ":{"22":4,"23":11,"24":1,"25":13,"26":4,"27":2,"28":7,"29":12,"30":15,"10":7,"11":9,"12":14,"13":9,"14":11,"15":11,"16":9,"17":12,"18":7,"19":6,"1":8,"2":13,"3":2,"4":2,"5":1,"6":15,"7":8,"8":12,"9":9,"20":1,"21":12},"LAST COALITION":[[],[{"utility":93,"ID":15},{"utility":91,"ID":28}],[{"utility":0,"ID":1}],[{"utility":0,"ID":13}],[{"utility":15.5,"ID":17},{"utility":14.5,"ID":19},{"utility":60.5,"ID":24}],[{"utility":10,"ID":2},{"utility":92,"ID":21}],[{"utility":90,"ID":5},{"utility":77,"ID":11}],[{"utility":17,"ID":14},{"utility":65,"ID":27}],[{"utility":34,"ID":7},{"utility":26,"ID":16}],[],[{"utility":2,"ID":8},{"utility":93,"ID":26}],[{"utility":89,"ID":10},{"utility":93,"ID":22}],[{"utility":92,"ID":20},{"utility":58,"ID":30}],[{"utility":82,"ID":9},{"utility":74,"ID":12}],[],[{"utility":93,"ID":3},{"utility":73,"ID":18}],[{"utility":95,"ID":4},{"utility":82,"ID":6}],[{"utility":0,"ID":23}],[],[],[{"utility":69,"ID":25},{"utility":90,"ID":29}],[],[],[],[],[],[],[],[],[],[]],"STARTING COALITION: ":[[null],[{"utility":74,"ID":5},{"utility":30,"ID":20},{"utility":38.5,"ID":24}],[{"utility":27,"ID":3},{"utility":50.5,"ID":4},{"utility":37,"ID":27}],[],[{"utility":45,"ID":22},{"utility":79,"ID":26}],[],[{"utility":0,"ID":19}],[{"utility":51,"ID":10},{"utility":48,"ID":18},{"utility":43.5,"ID":28}],[{"utility":40,"ID":1},{"utility":59,"ID":7}],[{"utility":51,"ID":9},{"utility":64,"ID":11},{"utility":56.666666666666664,"ID":13},{"utility":7.333333333333333,"ID":16}],[],[{"utility":45.5,"ID":14},{"utility":33.5,"ID":15},{"utility":45.5,"ID":23}],[{"utility":31.333333333333332,"ID":8},{"utility":79.66666666666667,"ID":17},{"utility":40.666666666666664,"ID":21},{"utility":56.333333333333336,"ID":29}],[{"utility":0,"ID":2},{"utility":99,"ID":25}],[{"utility":0,"ID":12}],[{"utility":15,"ID":6},{"utility":69,"ID":30}],[],[],[],[],[],[],[],[],[],[],[],[],[],[],[]],"CORE :":false,"Relazioni :":770,"Time : ":0.2,"LAST PARTITION":{"22":11,"23":17,"24":4,"25":20,"26":10,"27":7,"28":1,"29":20,"30":12,"10":11,"11":6,"12":13,"13":3,"14":7,"15":1,"16":8,"17":4,"18":15,"19":4,"1":2,"2":5,"3":15,"4":16,"5":6,"6":16,"7":8,"8":10,"9":13,"20":12,"21":5}},{"END OF FILE:" : true}]