[{"Modalità dinamica :":false,"Q : ":2,"STARTING PARTITION: ":{"22":5,"23":5,"24":15,"25":6,"26":7,"27":4,"28":6,"29":4,"30":3,"10":1,"11":10,"12":9,"13":8,"14":11,"15":8,"16":9,"17":15,"18":9,"19":6,"1":11,"2":9,"3":15,"4":13,"5":11,"6":6,"7":14,"8":4,"9":5,"20":4,"21":6},"LAST COALITION":[[],[{"utility":0,"ID":10}],[{"utility":12,"ID":4},{"utility":48,"ID":5}],[{"utility":0,"ID":30}],[{"utility":40,"ID":8},{"utility":41.333333333333336,"ID":20},{"utility":60,"ID":27},{"utility":65.66666666666667,"ID":29}],[{"utility":14,"ID":22},{"utility":1,"ID":23}],[{"utility":50.666666666666664,"ID":19},{"utility":66.66666666666667,"ID":21},{"utility":70,"ID":25},{"utility":33.666666666666664,"ID":28}],[{"utility":0,"ID":26}],[{"utility":66,"ID":13},{"utility":93,"ID":15}],[{"utility":48.5,"ID":12},{"utility":57.5,"ID":16},{"utility":53,"ID":18}],[{"utility":0,"ID":11}],[{"utility":86,"ID":1},{"utility":81,"ID":6}],[{"utility":0,"ID":9}],[],[{"utility":0,"ID":7}],[{"utility":92,"ID":3},{"utility":79,"ID":17},{"utility":66.5,"ID":24}],[{"utility":99,"ID":2},{"utility":77,"ID":14}],[],[],[],[],[],[],[],[],[],[],[],[],[],[]],"STARTING COALITION: ":[[null],[{"utility":0,"ID":10}],[],[{"utility":0,"ID":30}],[{"utility":40,"ID":8},{"utility":41.333333333333336,"ID":20},{"utility":60,"ID":27},{"utility":65.66666666666667,"ID":29}],[{"utility":43.5,"ID":9},{"utility":42,"ID":22},{"utility":24,"ID":23}],[{"utility":28.5,"ID":6},{"utility":48.5,"ID":19},{"utility":57.5,"ID":21},{"utility":73,"ID":25},{"utility":44.5,"ID":28}],[{"utility":0,"ID":26}],[{"utility":66,"ID":13},{"utility":93,"ID":15}],[{"utility":54.333333333333336,"ID":2},{"utility":62,"ID":12},{"utility":65.66666666666667,"ID":16},{"utility":49.333333333333336,"ID":18}],[{"utility":0,"ID":11}],[{"utility":66,"ID":1},{"utility":75.5,"ID":5},{"utility":52,"ID":14}],[],[{"utility":0,"ID":4}],[{"utility":0,"ID":7}],[{"utility":92,"ID":3},{"utility":79,"ID":17},{"utility":66.5,"ID":24}],[],[],[],[],[],[],[],[],[],[],[],[],[],[],[]],"CORE :":false,"Relazioni :":870,"Time : ":0.1,"LAST PARTITION":{"22":5,"23":5,"24":15,"25":6,"26":7,"27":4,"28":6,"29":4,"30":3,"10":1,"11":10,"12":9,"13":8,"14":16,"15":8,"16":9,"17":15,"18":9,"19":6,"1":11,"2":16,"3":15,"4":2,"5":2,"6":11,"7":14,"8":4,"9":12,"20":4,"21":6}},{"Modalità dinamica :":false,"Q : ":2,"STARTING PARTITION: ":{"22":5,"23":5,"24":15,"25":6,"26":7,"27":4,"28":6,"29":4,"30":3,"10":1,"11":10,"12":9,"13":8,"14":11,"15":8,"16":9,"17":15,"18":9,"19":6,"1":11,"2":9,"3":15,"4":13,"5":11,"6":6,"7":14,"8":4,"9":5,"20":4,"21":6},"LAST COALITION":[[],[{"utility":0,"ID":10}],[{"utility":23,"ID":4},{"utility":89,"ID":6}],[{"utility":0,"ID":30}],[{"utility":40,"ID":8},{"utility":41.333333333333336,"ID":20},{"utility":60,"ID":27},{"utility":65.66666666666667,"ID":29}],[{"utility":14,"ID":22},{"utility":1,"ID":23}],[{"utility":50.666666666666664,"ID":19},{"utility":66.66666666666667,"ID":21},{"utility":70,"ID":25},{"utility":33.666666666666664,"ID":28}],[{"utility":0,"ID":26}],[{"utility":66,"ID":13},{"utility":93,"ID":15}],[{"utility":48.5,"ID":12},{"utility":57.5,"ID":16},{"utility":53,"ID":18}],[{"utility":0,"ID":11}],[{"utility":0,"ID":5}],[{"utility":0,"ID":9}],[{"utility":0,"ID":1}],[{"utility":0,"ID":7}],[{"utility":92,"ID":3},{"utility":79,"ID":17},{"utility":66.5,"ID":24}],[{"utility":99,"ID":2},{"utility":77,"ID":14}],[],[],[],[],[],[],[],[],[],[],[],[],[],[]],"STARTING COALITION: ":[[null],[{"utility":0,"ID":10}],[],[{"utility":0,"ID":30}],[{"utility":40,"ID":8},{"utility":41.333333333333336,"ID":20},{"utility":60,"ID":27},{"utility":65.66666666666667,"ID":29}],[{"utility":43.5,"ID":9},{"utility":42,"ID":22},{"utility":24,"ID":23}],[{"utility":28.5,"ID":6},{"utility":48.5,"ID":19},{"utility":57.5,"ID":21},{"utility":73,"ID":25},{"utility":44.5,"ID":28}],[{"utility":0,"ID":26}],[{"utility":66,"ID":13},{"utility":93,"ID":15}],[{"utility":54.333333333333336,"ID":2},{"utility":62,"ID":12},{"utility":65.66666666666667,"ID":16},{"utility":49.333333333333336,"ID":18}],[{"utility":0,"ID":11}],[{"utility":66,"ID":1},{"utility":75.5,"ID":5},{"utility":52,"ID":14}],[],[{"utility":0,"ID":4}],[{"utility":0,"ID":7}],[{"utility":92,"ID":3},{"utility":79,"ID":17},{"utility":66.5,"ID":24}],[],[],[],[],[],[],[],[],[],[],[],[],[],[],[]],"CORE :":false,"Relazioni :":870,"Time : ":0.2,"LAST PARTITION":{"22":5,"23":5,"24":15,"25":6,"26":7,"27":4,"28":6,"29":4,"30":3,"10":1,"11":10,"12":9,"13":8,"14":16,"15":8,"16":9,"17":15,"18":9,"19":6,"1":13,"2":16,"3":15,"4":2,"5":11,"6":2,"7":14,"8":4,"9":12,"20":4,"21":6}},{"Modalità dinamica :":false,"Q : ":3,"STARTING PARTITION: ":{"22":5,"23":5,"24":15,"25":6,"26":7,"27":4,"28":6,"29":4,"30":3,"10":1,"11":10,"12":9,"13":8,"14":11,"15":8,"16":9,"17":15,"18":9,"19":6,"1":11,"2":9,"3":15,"4":13,"5":11,"6":6,"7":14,"8":4,"9":5,"20":4,"21":6},"LAST COALITION":[[],[{"utility":0,"ID":10}],[],[{"utility":0,"ID":30}],[{"utility":40,"ID":8},{"utility":41.333333333333336,"ID":20},{"utility":60,"ID":27},{"utility":65.66666666666667,"ID":29}],[{"utility":14,"ID":22},{"utility":1,"ID":23}],[{"utility":50.666666666666664,"ID":19},{"utility":66.66666666666667,"ID":21},{"utility":70,"ID":25},{"utility":33.666666666666664,"ID":28}],[{"utility":0,"ID":26}],[{"utility":66,"ID":13},{"utility":93,"ID":15}],[{"utility":48.5,"ID":12},{"utility":57.5,"ID":16},{"utility":53,"ID":18}],[{"utility":0,"ID":11}],[{"utility":86,"ID":1},{"utility":81,"ID":6}],[{"utility":0,"ID":9}],[{"utility":0,"ID":5}],[{"utility":0,"ID":7}],[{"utility":92,"ID":3},{"utility":79,"ID":17},{"utility":66.5,"ID":24}],[{"utility":99,"ID":2},{"utility":77,"ID":14}],[{"utility":0,"ID":4}],[],[],[],[],[],[],[],[],[],[],[],[],[]],"STARTING COALITION: ":[[null],[{"utility":0,"ID":10}],[],[{"utility":0,"ID":30}],[{"utility":40,"ID":8},{"utility":41.333333333333336,"ID":20},{"utility":60,"ID":27},{"utility":65.66666666666667,"ID":29}],[{"utility":43.5,"ID":9},{"utility":42,"ID":22},{"utility":24,"ID":23}],[{"utility":28.5,"ID":6},{"utility":48.5,"ID":19},{"utility":57.5,"ID":21},{"utility":73,"ID":25},{"utility":44.5,"ID":28}],[{"utility":0,"ID":26}],[{"utility":66,"ID":13},{"utility":93,"ID":15}],[{"utility":54.333333333333336,"ID":2},{"utility":62,"ID":12},{"utility":65.66666666666667,"ID":16},{"utility":49.333333333333336,"ID":18}],[{"utility":0,"ID":11}],[{"utility":66,"ID":1},{"utility":75.5,"ID":5},{"utility":52,"ID":14}],[],[{"utility":0,"ID":4}],[{"utility":0,"ID":7}],[{"utility":92,"ID":3},{"utility":79,"ID":17},{"utility":66.5,"ID":24}],[],[],[],[],[],[],[],[],[],[],[],[],[],[],[]],"CORE :":false,"Relazioni :":870,"Time : ":0.1,"LAST PARTITION":{"22":5,"23":5,"24":15,"25":6,"26":7,"27":4,"28":6,"29":4,"30":3,"10":1,"11":10,"12":9,"13":8,"14":16,"15":8,"16":9,"17":15,"18":9,"19":6,"1":11,"2":16,"3":15,"4":17,"5":13,"6":11,"7":14,"8":4,"9":12,"20":4,"21":6}},{"Modalità dinamica :":false,"Q : ":3,"STARTING PARTITION: ":{"22":5,"23":5,"24":15,"25":6,"26":7,"27":4,"28":6,"29":4,"30":3,"10":1,"11":10,"12":9,"13":8,"14":11,"15":8,"16":9,"17":15,"18":9,"19":6,"1":11,"2":9,"3":15,"4":13,"5":11,"6":6,"7":14,"8":4,"9":5,"20":4,"21":6},"LAST COALITION":[[],[{"utility":0,"ID":10}],[],[{"utility":0,"ID":30}],[{"utility":40,"ID":8},{"utility":41.333333333333336,"ID":20},{"utility":60,"ID":27},{"utility":65.66666666666667,"ID":29}],[{"utility":14,"ID":22},{"utility":1,"ID":23}],[{"utility":50.666666666666664,"ID":19},{"utility":66.66666666666667,"ID":21},{"utility":70,"ID":25},{"utility":33.666666666666664,"ID":28}],[{"utility":0,"ID":26}],[{"utility":66,"ID":13},{"utility":93,"ID":15}],[{"utility":48.5,"ID":12},{"utility":57.5,"ID":16},{"utility":53,"ID":18}],[{"utility":0,"ID":11}],[{"utility":12,"ID":4},{"utility":48,"ID":5}],[{"utility":0,"ID":9}],[{"utility":86,"ID":1},{"utility":81,"ID":6}],[{"utility":0,"ID":7}],[{"utility":92,"ID":3},{"utility":79,"ID":17},{"utility":66.5,"ID":24}],[{"utility":99,"ID":2},{"utility":77,"ID":14}],[],[],[],[],[],[],[],[],[],[],[],[],[],[]],"STARTING COALITION: ":[[null],[{"utility":0,"ID":10}],[],[{"utility":0,"ID":30}],[{"utility":40,"ID":8},{"utility":41.333333333333336,"ID":20},{"utility":60,"ID":27},{"utility":65.66666666666667,"ID":29}],[{"utility":43.5,"ID":9},{"utility":42,"ID":22},{"utility":24,"ID":23}],[{"utility":28.5,"ID":6},{"utility":48.5,"ID":19},{"utility":57.5,"ID":21},{"utility":73,"ID":25},{"utility":44.5,"ID":28}],[{"utility":0,"ID":26}],[{"utility":66,"ID":13},{"utility":93,"ID":15}],[{"utility":54.333333333333336,"ID":2},{"utility":62,"ID":12},{"utility":65.66666666666667,"ID":16},{"utility":49.333333333333336,"ID":18}],[{"utility":0,"ID":11}],[{"utility":66,"ID":1},{"utility":75.5,"ID":5},{"utility":52,"ID":14}],[],[{"utility":0,"ID":4}],[{"utility":0,"ID":7}],[{"utility":92,"ID":3},{"utility":79,"ID":17},{"utility":66.5,"ID":24}],[],[],[],[],[],[],[],[],[],[],[],[],[],[],[]],"CORE :":false,"Relazioni :":870,"Time : ":0.2,"LAST PARTITION":{"22":5,"23":5,"24":15,"25":6,"26":7,"27":4,"28":6,"29":4,"30":3,"10":1,"11":10,"12":9,"13":8,"14":16,"15":8,"16":9,"17":15,"18":9,"19":6,"1":13,"2":16,"3":15,"4":11,"5":11,"6":13,"7":14,"8":4,"9":12,"20":4,"21":6}},{"Modalità dinamica :":false,"Q : ":4,"STARTING PARTITION: ":{"22":5,"23":5,"24":15,"25":6,"26":7,"27":4,"28":6,"29":4,"30":3,"10":1,"11":10,"12":9,"13":8,"14":11,"15":8,"16":9,"17":15,"18":9,"19":6,"1":11,"2":9,"3":15,"4":13,"5":11,"6":6,"7":14,"8":4,"9":5,"20":4,"21":6},"LAST COALITION":[[],[{"utility":0,"ID":10}],[],[{"utility":0,"ID":30}],[{"utility":40,"ID":8},{"utility":41.333333333333336,"ID":20},{"utility":60,"ID":27},{"utility":65.66666666666667,"ID":29}],[{"utility":14,"ID":22},{"utility":1,"ID":23}],[{"utility":50.666666666666664,"ID":19},{"utility":66.66666666666667,"ID":21},{"utility":70,"ID":25},{"utility":33.666666666666664,"ID":28}],[{"utility":0,"ID":26}],[{"utility":66,"ID":13},{"utility":93,"ID":15}],[{"utility":48.5,"ID":12},{"utility":57.5,"ID":16},{"utility":53,"ID":18}],[{"utility":0,"ID":11}],[{"utility":64,"ID":1},{"utility":83,"ID":5}],[{"utility":0,"ID":9}],[{"utility":0,"ID":6}],[{"utility":0,"ID":7}],[{"utility":92,"ID":3},{"utility":79,"ID":17},{"utility":66.5,"ID":24}],[{"utility":99,"ID":2},{"utility":77,"ID":14}],[{"utility":0,"ID":4}],[],[],[],[],[],[],[],[],[],[],[],[],[]],"STARTING COALITION: ":[[null],[{"utility":0,"ID":10}],[],[{"utility":0,"ID":30}],[{"utility":40,"ID":8},{"utility":41.333333333333336,"ID":20},{"utility":60,"ID":27},{"utility":65.66666666666667,"ID":29}],[{"utility":43.5,"ID":9},{"utility":42,"ID":22},{"utility":24,"ID":23}],[{"utility":28.5,"ID":6},{"utility":48.5,"ID":19},{"utility":57.5,"ID":21},{"utility":73,"ID":25},{"utility":44.5,"ID":28}],[{"utility":0,"ID":26}],[{"utility":66,"ID":13},{"utility":93,"ID":15}],[{"utility":54.333333333333336,"ID":2},{"utility":62,"ID":12},{"utility":65.66666666666667,"ID":16},{"utility":49.333333333333336,"ID":18}],[{"utility":0,"ID":11}],[{"utility":66,"ID":1},{"utility":75.5,"ID":5},{"utility":52,"ID":14}],[],[{"utility":0,"ID":4}],[{"utility":0,"ID":7}],[{"utility":92,"ID":3},{"utility":79,"ID":17},{"utility":66.5,"ID":24}],[],[],[],[],[],[],[],[],[],[],[],[],[],[],[]],"CORE :":false,"Relazioni :":870,"Time : ":0.1,"LAST PARTITION":{"22":5,"23":5,"24":15,"25":6,"26":7,"27":4,"28":6,"29":4,"30":3,"10":1,"11":10,"12":9,"13":8,"14":16,"15":8,"16":9,"17":15,"18":9,"19":6,"1":11,"2":16,"3":15,"4":17,"5":11,"6":13,"7":14,"8":4,"9":12,"20":4,"21":6}},{"Modalità dinamica :":false,"Q : ":4,"STARTING PARTITION: ":{"22":5,"23":5,"24":15,"25":6,"26":7,"27":4,"28":6,"29":4,"30":3,"10":1,"11":10,"12":9,"13":8,"14":11,"15":8,"16":9,"17":15,"18":9,"19":6,"1":11,"2":9,"3":15,"4":13,"5":11,"6":6,"7":14,"8":4,"9":5,"20":4,"21":6},"LAST COALITION":[[],[{"utility":0,"ID":10}],[{"utility":0,"ID":5}],[{"utility":0,"ID":30}],[{"utility":40,"ID":8},{"utility":41.333333333333336,"ID":20},{"utility":60,"ID":27},{"utility":65.66666666666667,"ID":29}],[{"utility":14,"ID":22},{"utility":1,"ID":23}],[{"utility":50.666666666666664,"ID":19},{"utility":66.66666666666667,"ID":21},{"utility":70,"ID":25},{"utility":33.666666666666664,"ID":28}],[{"utility":0,"ID":26}],[{"utility":66,"ID":13},{"utility":93,"ID":15}],[{"utility":48.5,"ID":12},{"utility":57.5,"ID":16},{"utility":53,"ID":18}],[{"utility":0,"ID":11}],[],[{"utility":0,"ID":9}],[{"utility":0,"ID":6}],[{"utility":0,"ID":7}],[{"utility":92,"ID":3},{"utility":79,"ID":17},{"utility":66.5,"ID":24}],[{"utility":99,"ID":2},{"utility":77,"ID":14}],[{"utility":41,"ID":1},{"utility":73,"ID":4}],[],[],[],[],[],[],[],[],[],[],[],[],[]],"STARTING COALITION: ":[[null],[{"utility":0,"ID":10}],[],[{"utility":0,"ID":30}],[{"utility":40,"ID":8},{"utility":41.333333333333336,"ID":20},{"utility":60,"ID":27},{"utility":65.66666666666667,"ID":29}],[{"utility":43.5,"ID":9},{"utility":42,"ID":22},{"utility":24,"ID":23}],[{"utility":28.5,"ID":6},{"utility":48.5,"ID":19},{"utility":57.5,"ID":21},{"utility":73,"ID":25},{"utility":44.5,"ID":28}],[{"utility":0,"ID":26}],[{"utility":66,"ID":13},{"utility":93,"ID":15}],[{"utility":54.333333333333336,"ID":2},{"utility":62,"ID":12},{"utility":65.66666666666667,"ID":16},{"utility":49.333333333333336,"ID":18}],[{"utility":0,"ID":11}],[{"utility":66,"ID":1},{"utility":75.5,"ID":5},{"utility":52,"ID":14}],[],[{"utility":0,"ID":4}],[{"utility":0,"ID":7}],[{"utility":92,"ID":3},{"utility":79,"ID":17},{"utility":66.5,"ID":24}],[],[],[],[],[],[],[],[],[],[],[],[],[],[],[]],"CORE :":false,"Relazioni :":870,"Time : ":0.2,"LAST PARTITION":{"22":5,"23":5,"24":15,"25":6,"26":7,"27":4,"28":6,"29":4,"30":3,"10":1,"11":10,"12":9,"13":8,"14":16,"15":8,"16":9,"17":15,"18":9,"19":6,"1":17,"2":16,"3":15,"4":17,"5":2,"6":13,"7":14,"8":4,"9":12,"20":4,"21":6}},{"Modalità dinamica :":false,"Q : ":5,"STARTING PARTITION: ":{"22":5,"23":5,"24":15,"25":6,"26":7,"27":4,"28":6,"29":4,"30":3,"10":1,"11":10,"12":9,"13":8,"14":11,"15":8,"16":9,"17":15,"18":9,"19":6,"1":11,"2":9,"3":15,"4":13,"5":11,"6":6,"7":14,"8":4,"9":5,"20":4,"21":6},"LAST COALITION":[[],[{"utility":0,"ID":10}],[{"utility":23,"ID":4},{"utility":89,"ID":6}],[{"utility":0,"ID":30}],[{"utility":40,"ID":8},{"utility":41.333333333333336,"ID":20},{"utility":60,"ID":27},{"utility":65.66666666666667,"ID":29}],[{"utility":14,"ID":22},{"utility":1,"ID":23}],[{"utility":50.666666666666664,"ID":19},{"utility":66.66666666666667,"ID":21},{"utility":70,"ID":25},{"utility":33.666666666666664,"ID":28}],[{"utility":0,"ID":26}],[{"utility":66,"ID":13},{"utility":93,"ID":15}],[{"utility":48.5,"ID":12},{"utility":57.5,"ID":16},{"utility":53,"ID":18}],[{"utility":0,"ID":11}],[{"utility":0,"ID":5}],[{"utility":0,"ID":9}],[{"utility":0,"ID":1}],[{"utility":0,"ID":7}],[{"utility":92,"ID":3},{"utility":79,"ID":17},{"utility":66.5,"ID":24}],[{"utility":99,"ID":2},{"utility":77,"ID":14}],[],[],[],[],[],[],[],[],[],[],[],[],[],[]],"STARTING COALITION: ":[[null],[{"utility":0,"ID":10}],[],[{"utility":0,"ID":30}],[{"utility":40,"ID":8},{"utility":41.333333333333336,"ID":20},{"utility":60,"ID":27},{"utility":65.66666666666667,"ID":29}],[{"utility":43.5,"ID":9},{"utility":42,"ID":22},{"utility":24,"ID":23}],[{"utility":28.5,"ID":6},{"utility":48.5,"ID":19},{"utility":57.5,"ID":21},{"utility":73,"ID":25},{"utility":44.5,"ID":28}],[{"utility":0,"ID":26}],[{"utility":66,"ID":13},{"utility":93,"ID":15}],[{"utility":54.333333333333336,"ID":2},{"utility":62,"ID":12},{"utility":65.66666666666667,"ID":16},{"utility":49.333333333333336,"ID":18}],[{"utility":0,"ID":11}],[{"utility":66,"ID":1},{"utility":75.5,"ID":5},{"utility":52,"ID":14}],[],[{"utility":0,"ID":4}],[{"utility":0,"ID":7}],[{"utility":92,"ID":3},{"utility":79,"ID":17},{"utility":66.5,"ID":24}],[],[],[],[],[],[],[],[],[],[],[],[],[],[],[]],"CORE :":false,"Relazioni :":870,"Time : ":0.1,"LAST PARTITION":{"22":5,"23":5,"24":15,"25":6,"26":7,"27":4,"28":6,"29":4,"30":3,"10":1,"11":10,"12":9,"13":8,"14":16,"15":8,"16":9,"17":15,"18":9,"19":6,"1":13,"2":16,"3":15,"4":2,"5":11,"6":2,"7":14,"8":4,"9":12,"20":4,"21":6}},{"Modalità dinamica :":false,"Q : ":5,"STARTING PARTITION: ":{"22":5,"23":5,"24":15,"25":6,"26":7,"27":4,"28":6,"29":4,"30":3,"10":1,"11":10,"12":9,"13":8,"14":11,"15":8,"16":9,"17":15,"18":9,"19":6,"1":11,"2":9,"3":15,"4":13,"5":11,"6":6,"7":14,"8":4,"9":5,"20":4,"21":6},"LAST COALITION":[[],[{"utility":0,"ID":10}],[{"utility":23,"ID":4},{"utility":89,"ID":6}],[{"utility":0,"ID":30}],[{"utility":40,"ID":8},{"utility":41.333333333333336,"ID":20},{"utility":60,"ID":27},{"utility":65.66666666666667,"ID":29}],[{"utility":14,"ID":22},{"utility":1,"ID":23}],[{"utility":50.666666666666664,"ID":19},{"utility":66.66666666666667,"ID":21},{"utility":70,"ID":25},{"utility":33.666666666666664,"ID":28}],[{"utility":0,"ID":26}],[{"utility":66,"ID":13},{"utility":93,"ID":15}],[{"utility":48.5,"ID":12},{"utility":57.5,"ID":16},{"utility":53,"ID":18}],[{"utility":0,"ID":11}],[{"utility":0,"ID":5}],[{"utility":0,"ID":9}],[{"utility":0,"ID":1}],[{"utility":0,"ID":7}],[{"utility":92,"ID":3},{"utility":79,"ID":17},{"utility":66.5,"ID":24}],[{"utility":99,"ID":2},{"utility":77,"ID":14}],[],[],[],[],[],[],[],[],[],[],[],[],[],[]],"STARTING COALITION: ":[[null],[{"utility":0,"ID":10}],[],[{"utility":0,"ID":30}],[{"utility":40,"ID":8},{"utility":41.333333333333336,"ID":20},{"utility":60,"ID":27},{"utility":65.66666666666667,"ID":29}],[{"utility":43.5,"ID":9},{"utility":42,"ID":22},{"utility":24,"ID":23}],[{"utility":28.5,"ID":6},{"utility":48.5,"ID":19},{"utility":57.5,"ID":21},{"utility":73,"ID":25},{"utility":44.5,"ID":28}],[{"utility":0,"ID":26}],[{"utility":66,"ID":13},{"utility":93,"ID":15}],[{"utility":54.333333333333336,"ID":2},{"utility":62,"ID":12},{"utility":65.66666666666667,"ID":16},{"utility":49.333333333333336,"ID":18}],[{"utility":0,"ID":11}],[{"utility":66,"ID":1},{"utility":75.5,"ID":5},{"utility":52,"ID":14}],[],[{"utility":0,"ID":4}],[{"utility":0,"ID":7}],[{"utility":92,"ID":3},{"utility":79,"ID":17},{"utility":66.5,"ID":24}],[],[],[],[],[],[],[],[],[],[],[],[],[],[],[]],"CORE :":false,"Relazioni :":870,"Time : ":0.2,"LAST PARTITION":{"22":5,"23":5,"24":15,"25":6,"26":7,"27":4,"28":6,"29":4,"30":3,"10":1,"11":10,"12":9,"13":8,"14":16,"15":8,"16":9,"17":15,"18":9,"19":6,"1":13,"2":16,"3":15,"4":2,"5":11,"6":2,"7":14,"8":4,"9":12,"20":4,"21":6}},{"Modalità dinamica :":false,"Q : ":6,"STARTING PARTITION: ":{"22":5,"23":5,"24":15,"25":6,"26":7,"27":4,"28":6,"29":4,"30":3,"10":1,"11":10,"12":9,"13":8,"14":11,"15":8,"16":9,"17":15,"18":9,"19":6,"1":11,"2":9,"3":15,"4":13,"5":11,"6":6,"7":14,"8":4,"9":5,"20":4,"21":6},"LAST COALITION":[[],[{"utility":0,"ID":10}],[],[{"utility":0,"ID":30}],[{"utility":40,"ID":8},{"utility":41.333333333333336,"ID":20},{"utility":60,"ID":27},{"utility":65.66666666666667,"ID":29}],[{"utility":14,"ID":22},{"utility":1,"ID":23}],[{"utility":50.666666666666664,"ID":19},{"utility":66.66666666666667,"ID":21},{"utility":70,"ID":25},{"utility":33.666666666666664,"ID":28}],[{"utility":0,"ID":26}],[{"utility":66,"ID":13},{"utility":93,"ID":15}],[{"utility":48.5,"ID":12},{"utility":57.5,"ID":16},{"utility":53,"ID":18}],[{"utility":0,"ID":11}],[{"utility":64,"ID":1},{"utility":83,"ID":5}],[{"utility":0,"ID":9}],[{"utility":0,"ID":6}],[{"utility":0,"ID":7}],[{"utility":92,"ID":3},{"utility":79,"ID":17},{"utility":66.5,"ID":24}],[{"utility":99,"ID":2},{"utility":77,"ID":14}],[{"utility":0,"ID":4}],[],[],[],[],[],[],[],[],[],[],[],[],[]],"STARTING COALITION: ":[[null],[{"utility":0,"ID":10}],[],[{"utility":0,"ID":30}],[{"utility":40,"ID":8},{"utility":41.333333333333336,"ID":20},{"utility":60,"ID":27},{"utility":65.66666666666667,"ID":29}],[{"utility":43.5,"ID":9},{"utility":42,"ID":22},{"utility":24,"ID":23}],[{"utility":28.5,"ID":6},{"utility":48.5,"ID":19},{"utility":57.5,"ID":21},{"utility":73,"ID":25},{"utility":44.5,"ID":28}],[{"utility":0,"ID":26}],[{"utility":66,"ID":13},{"utility":93,"ID":15}],[{"utility":54.333333333333336,"ID":2},{"utility":62,"ID":12},{"utility":65.66666666666667,"ID":16},{"utility":49.333333333333336,"ID":18}],[{"utility":0,"ID":11}],[{"utility":66,"ID":1},{"utility":75.5,"ID":5},{"utility":52,"ID":14}],[],[{"utility":0,"ID":4}],[{"utility":0,"ID":7}],[{"utility":92,"ID":3},{"utility":79,"ID":17},{"utility":66.5,"ID":24}],[],[],[],[],[],[],[],[],[],[],[],[],[],[],[]],"CORE :":false,"Relazioni :":870,"Time : ":0.1,"LAST PARTITION":{"22":5,"23":5,"24":15,"25":6,"26":7,"27":4,"28":6,"29":4,"30":3,"10":1,"11":10,"12":9,"13":8,"14":16,"15":8,"16":9,"17":15,"18":9,"19":6,"1":11,"2":16,"3":15,"4":17,"5":11,"6":13,"7":14,"8":4,"9":12,"20":4,"21":6}},{"Modalità dinamica :":false,"Q : ":6,"STARTING PARTITION: ":{"22":5,"23":5,"24":15,"25":6,"26":7,"27":4,"28":6,"29":4,"30":3,"10":1,"11":10,"12":9,"13":8,"14":11,"15":8,"16":9,"17":15,"18":9,"19":6,"1":11,"2":9,"3":15,"4":13,"5":11,"6":6,"7":14,"8":4,"9":5,"20":4,"21":6},"LAST COALITION":[[],[{"utility":0,"ID":10}],[{"utility":86,"ID":1},{"utility":81,"ID":6}],[{"utility":0,"ID":30}],[{"utility":40,"ID":8},{"utility":41.333333333333336,"ID":20},{"utility":60,"ID":27},{"utility":65.66666666666667,"ID":29}],[{"utility":14,"ID":22},{"utility":1,"ID":23}],[{"utility":50.666666666666664,"ID":19},{"utility":66.66666666666667,"ID":21},{"utility":70,"ID":25},{"utility":33.666666666666664,"ID":28}],[{"utility":0,"ID":26}],[{"utility":66,"ID":13},{"utility":93,"ID":15}],[{"utility":48.5,"ID":12},{"utility":57.5,"ID":16},{"utility":53,"ID":18}],[{"utility":0,"ID":11}],[{"utility":0,"ID":5}],[{"utility":0,"ID":9}],[],[{"utility":0,"ID":7}],[{"utility":92,"ID":3},{"utility":79,"ID":17},{"utility":66.5,"ID":24}],[{"utility":99,"ID":2},{"utility":77,"ID":14}],[{"utility":0,"ID":4}],[],[],[],[],[],[],[],[],[],[],[],[],[]],"STARTING COALITION: ":[[null],[{"utility":0,"ID":10}],[],[{"utility":0,"ID":30}],[{"utility":40,"ID":8},{"utility":41.333333333333336,"ID":20},{"utility":60,"ID":27},{"utility":65.66666666666667,"ID":29}],[{"utility":43.5,"ID":9},{"utility":42,"ID":22},{"utility":24,"ID":23}],[{"utility":28.5,"ID":6},{"utility":48.5,"ID":19},{"utility":57.5,"ID":21},{"utility":73,"ID":25},{"utility":44.5,"ID":28}],[{"utility":0,"ID":26}],[{"utility":66,"ID":13},{"utility":93,"ID":15}],[{"utility":54.333333333333336,"ID":2},{"utility":62,"ID":12},{"utility":65.66666666666667,"ID":16},{"utility":49.333333333333336,"ID":18}],[{"utility":0,"ID":11}],[{"utility":66,"ID":1},{"utility":75.5,"ID":5},{"utility":52,"ID":14}],[],[{"utility":0,"ID":4}],[{"utility":0,"ID":7}],[{"utility":92,"ID":3},{"utility":79,"ID":17},{"utility":66.5,"ID":24}],[],[],[],[],[],[],[],[],[],[],[],[],[],[],[]],"CORE :":false,"Relazioni :":870,"Time : ":0.2,"LAST PARTITION":{"22":5,"23":5,"24":15,"25":6,"26":7,"27":4,"28":6,"29":4,"30":3,"10":1,"11":10,"12":9,"13":8,"14":16,"15":8,"16":9,"17":15,"18":9,"19":6,"1":2,"2":16,"3":15,"4":17,"5":11,"6":2,"7":14,"8":4,"9":12,"20":4,"21":6}},{"Modalità dinamica :":false,"Q : ":7,"STARTING PARTITION: ":{"22":5,"23":5,"24":15,"25":6,"26":7,"27":4,"28":6,"29":4,"30":3,"10":1,"11":10,"12":9,"13":8,"14":11,"15":8,"16":9,"17":15,"18":9,"19":6,"1":11,"2":9,"3":15,"4":13,"5":11,"6":6,"7":14,"8":4,"9":5,"20":4,"21":6},"LAST COALITION":[[],[{"utility":0,"ID":10}],[{"utility":0,"ID":6}],[{"utility":0,"ID":30}],[{"utility":40,"ID":8},{"utility":41.333333333333336,"ID":20},{"utility":60,"ID":27},{"utility":65.66666666666667,"ID":29}],[{"utility":14,"ID":22},{"utility":1,"ID":23}],[{"utility":50.666666666666664,"ID":19},{"utility":66.66666666666667,"ID":21},{"utility":70,"ID":25},{"utility":33.666666666666664,"ID":28}],[{"utility":0,"ID":26}],[{"utility":66,"ID":13},{"utility":93,"ID":15}],[{"utility":48.5,"ID":12},{"utility":57.5,"ID":16},{"utility":53,"ID":18}],[{"utility":0,"ID":11}],[{"utility":0,"ID":5}],[{"utility":0,"ID":9}],[],[{"utility":0,"ID":7}],[{"utility":92,"ID":3},{"utility":79,"ID":17},{"utility":66.5,"ID":24}],[{"utility":99,"ID":2},{"utility":77,"ID":14}],[{"utility":41,"ID":1},{"utility":73,"ID":4}],[],[],[],[],[],[],[],[],[],[],[],[],[]],"STARTING COALITION: ":[[null],[{"utility":0,"ID":10}],[],[{"utility":0,"ID":30}],[{"utility":40,"ID":8},{"utility":41.333333333333336,"ID":20},{"utility":60,"ID":27},{"utility":65.66666666666667,"ID":29}],[{"utility":43.5,"ID":9},{"utility":42,"ID":22},{"utility":24,"ID":23}],[{"utility":28.5,"ID":6},{"utility":48.5,"ID":19},{"utility":57.5,"ID":21},{"utility":73,"ID":25},{"utility":44.5,"ID":28}],[{"utility":0,"ID":26}],[{"utility":66,"ID":13},{"utility":93,"ID":15}],[{"utility":54.333333333333336,"ID":2},{"utility":62,"ID":12},{"utility":65.66666666666667,"ID":16},{"utility":49.333333333333336,"ID":18}],[{"utility":0,"ID":11}],[{"utility":66,"ID":1},{"utility":75.5,"ID":5},{"utility":52,"ID":14}],[],[{"utility":0,"ID":4}],[{"utility":0,"ID":7}],[{"utility":92,"ID":3},{"utility":79,"ID":17},{"utility":66.5,"ID":24}],[],[],[],[],[],[],[],[],[],[],[],[],[],[],[]],"CORE :":false,"Relazioni :":870,"Time : ":0.1,"LAST PARTITION":{"22":5,"23":5,"24":15,"25":6,"26":7,"27":4,"28":6,"29":4,"30":3,"10":1,"11":10,"12":9,"13":8,"14":16,"15":8,"16":9,"17":15,"18":9,"19":6,"1":17,"2":16,"3":15,"4":17,"5":11,"6":2,"7":14,"8":4,"9":12,"20":4,"21":6}},{"Modalità dinamica :":false,"Q : ":7,"STARTING PARTITION: ":{"22":5,"23":5,"24":15,"25":6,"26":7,"27":4,"28":6,"29":4,"30":3,"10":1,"11":10,"12":9,"13":8,"14":11,"15":8,"16":9,"17":15,"18":9,"19":6,"1":11,"2":9,"3":15,"4":13,"5":11,"6":6,"7":14,"8":4,"9":5,"20":4,"21":6},"LAST COALITION":[[],[{"utility":0,"ID":10}],[{"utility":0,"ID":5}],[{"utility":0,"ID":30}],[{"utility":40,"ID":8},{"utility":41.333333333333336,"ID":20},{"utility":60,"ID":27},{"utility":65.66666666666667,"ID":29}],[{"utility":14,"ID":22},{"utility":1,"ID":23}],[{"utility":50.666666666666664,"ID":19},{"utility":66.66666666666667,"ID":21},{"utility":70,"ID":25},{"utility":33.666666666666664,"ID":28}],[{"utility":0,"ID":26}],[{"utility":66,"ID":13},{"utility":93,"ID":15}],[{"utility":48.5,"ID":12},{"utility":57.5,"ID":16},{"utility":53,"ID":18}],[{"utility":0,"ID":11}],[{"utility":0,"ID":1}],[{"utility":0,"ID":9}],[{"utility":23,"ID":4},{"utility":89,"ID":6}],[{"utility":0,"ID":7}],[{"utility":92,"ID":3},{"utility":79,"ID":17},{"utility":66.5,"ID":24}],[{"utility":99,"ID":2},{"utility":77,"ID":14}],[],[],[],[],[],[],[],[],[],[],[],[],[],[]],"STARTING COALITION: ":[[null],[{"utility":0,"ID":10}],[],[{"utility":0,"ID":30}],[{"utility":40,"ID":8},{"utility":41.333333333333336,"ID":20},{"utility":60,"ID":27},{"utility":65.66666666666667,"ID":29}],[{"utility":43.5,"ID":9},{"utility":42,"ID":22},{"utility":24,"ID":23}],[{"utility":28.5,"ID":6},{"utility":48.5,"ID":19},{"utility":57.5,"ID":21},{"utility":73,"ID":25},{"utility":44.5,"ID":28}],[{"utility":0,"ID":26}],[{"utility":66,"ID":13},{"utility":93,"ID":15}],[{"utility":54.333333333333336,"ID":2},{"utility":62,"ID":12},{"utility":65.66666666666667,"ID":16},{"utility":49.333333333333336,"ID":18}],[{"utility":0,"ID":11}],[{"utility":66,"ID":1},{"utility":75.5,"ID":5},{"utility":52,"ID":14}],[],[{"utility":0,"ID":4}],[{"utility":0,"ID":7}],[{"utility":92,"ID":3},{"utility":79,"ID":17},{"utility":66.5,"ID":24}],[],[],[],[],[],[],[],[],[],[],[],[],[],[],[]],"CORE :":false,"Relazioni :":870,"Time : ":0.2,"LAST PARTITION":{"22":5,"23":5,"24":15,"25":6,"26":7,"27":4,"28":6,"29":4,"30":3,"10":1,"11":10,"12":9,"13":8,"14":16,"15":8,"16":9,"17":15,"18":9,"19":6,"1":11,"2":16,"3":15,"4":13,"5":2,"6":13,"7":14,"8":4,"9":12,"20":4,"21":6}},{"Modalità dinamica :":false,"Q : ":8,"STARTING PARTITION: ":{"22":5,"23":5,"24":15,"25":6,"26":7,"27":4,"28":6,"29":4,"30":3,"10":1,"11":10,"12":9,"13":8,"14":11,"15":8,"16":9,"17":15,"18":9,"19":6,"1":11,"2":9,"3":15,"4":13,"5":11,"6":6,"7":14,"8":4,"9":5,"20":4,"21":6},"LAST COALITION":[[],[{"utility":0,"ID":10}],[{"utility":12,"ID":4},{"utility":48,"ID":5}],[{"utility":0,"ID":30}],[{"utility":40,"ID":8},{"utility":41.333333333333336,"ID":20},{"utility":60,"ID":27},{"utility":65.66666666666667,"ID":29}],[{"utility":14,"ID":22},{"utility":1,"ID":23}],[{"utility":50.666666666666664,"ID":19},{"utility":66.66666666666667,"ID":21},{"utility":70,"ID":25},{"utility":33.666666666666664,"ID":28}],[{"utility":0,"ID":26}],[{"utility":66,"ID":13},{"utility":93,"ID":15}],[{"utility":48.5,"ID":12},{"utility":57.5,"ID":16},{"utility":53,"ID":18}],[{"utility":0,"ID":11}],[{"utility":86,"ID":1},{"utility":81,"ID":6}],[{"utility":0,"ID":9}],[],[{"utility":0,"ID":7}],[{"utility":92,"ID":3},{"utility":79,"ID":17},{"utility":66.5,"ID":24}],[{"utility":99,"ID":2},{"utility":77,"ID":14}],[],[],[],[],[],[],[],[],[],[],[],[],[],[]],"STARTING COALITION: ":[[null],[{"utility":0,"ID":10}],[],[{"utility":0,"ID":30}],[{"utility":40,"ID":8},{"utility":41.333333333333336,"ID":20},{"utility":60,"ID":27},{"utility":65.66666666666667,"ID":29}],[{"utility":43.5,"ID":9},{"utility":42,"ID":22},{"utility":24,"ID":23}],[{"utility":28.5,"ID":6},{"utility":48.5,"ID":19},{"utility":57.5,"ID":21},{"utility":73,"ID":25},{"utility":44.5,"ID":28}],[{"utility":0,"ID":26}],[{"utility":66,"ID":13},{"utility":93,"ID":15}],[{"utility":54.333333333333336,"ID":2},{"utility":62,"ID":12},{"utility":65.66666666666667,"ID":16},{"utility":49.333333333333336,"ID":18}],[{"utility":0,"ID":11}],[{"utility":66,"ID":1},{"utility":75.5,"ID":5},{"utility":52,"ID":14}],[],[{"utility":0,"ID":4}],[{"utility":0,"ID":7}],[{"utility":92,"ID":3},{"utility":79,"ID":17},{"utility":66.5,"ID":24}],[],[],[],[],[],[],[],[],[],[],[],[],[],[],[]],"CORE :":false,"Relazioni :":870,"Time : ":0.1,"LAST PARTITION":{"22":5,"23":5,"24":15,"25":6,"26":7,"27":4,"28":6,"29":4,"30":3,"10":1,"11":10,"12":9,"13":8,"14":16,"15":8,"16":9,"17":15,"18":9,"19":6,"1":11,"2":16,"3":15,"4":2,"5":2,"6":11,"7":14,"8":4,"9":12,"20":4,"21":6}},{"Modalità dinamica :":false,"Q : ":8,"STARTING PARTITION: ":{"22":5,"23":5,"24":15,"25":6,"26":7,"27":4,"28":6,"29":4,"30":3,"10":1,"11":10,"12":9,"13":8,"14":11,"15":8,"16":9,"17":15,"18":9,"19":6,"1":11,"2":9,"3":15,"4":13,"5":11,"6":6,"7":14,"8":4,"9":5,"20":4,"21":6},"LAST COALITION":[[],[{"utility":0,"ID":10}],[{"utility":0,"ID":6}],[{"utility":0,"ID":30}],[{"utility":40,"ID":8},{"utility":41.333333333333336,"ID":20},{"utility":60,"ID":27},{"utility":65.66666666666667,"ID":29}],[{"utility":14,"ID":22},{"utility":1,"ID":23}],[{"utility":50.666666666666664,"ID":19},{"utility":66.66666666666667,"ID":21},{"utility":70,"ID":25},{"utility":33.666666666666664,"ID":28}],[{"utility":0,"ID":26}],[{"utility":66,"ID":13},{"utility":93,"ID":15}],[{"utility":48.5,"ID":12},{"utility":57.5,"ID":16},{"utility":53,"ID":18}],[{"utility":0,"ID":11}],[{"utility":0,"ID":5}],[{"utility":0,"ID":9}],[],[{"utility":0,"ID":7}],[{"utility":92,"ID":3},{"utility":79,"ID":17},{"utility":66.5,"ID":24}],[{"utility":99,"ID":2},{"utility":77,"ID":14}],[{"utility":41,"ID":1},{"utility":73,"ID":4}],[],[],[],[],[],[],[],[],[],[],[],[],[]],"STARTING COALITION: ":[[null],[{"utility":0,"ID":10}],[],[{"utility":0,"ID":30}],[{"utility":40,"ID":8},{"utility":41.333333333333336,"ID":20},{"utility":60,"ID":27},{"utility":65.66666666666667,"ID":29}],[{"utility":43.5,"ID":9},{"utility":42,"ID":22},{"utility":24,"ID":23}],[{"utility":28.5,"ID":6},{"utility":48.5,"ID":19},{"utility":57.5,"ID":21},{"utility":73,"ID":25},{"utility":44.5,"ID":28}],[{"utility":0,"ID":26}],[{"utility":66,"ID":13},{"utility":93,"ID":15}],[{"utility":54.333333333333336,"ID":2},{"utility":62,"ID":12},{"utility":65.66666666666667,"ID":16},{"utility":49.333333333333336,"ID":18}],[{"utility":0,"ID":11}],[{"utility":66,"ID":1},{"utility":75.5,"ID":5},{"utility":52,"ID":14}],[],[{"utility":0,"ID":4}],[{"utility":0,"ID":7}],[{"utility":92,"ID":3},{"utility":79,"ID":17},{"utility":66.5,"ID":24}],[],[],[],[],[],[],[],[],[],[],[],[],[],[],[]],"CORE :":false,"Relazioni :":870,"Time : ":0.2,"LAST PARTITION":{"22":5,"23":5,"24":15,"25":6,"26":7,"27":4,"28":6,"29":4,"30":3,"10":1,"11":10,"12":9,"13":8,"14":16,"15":8,"16":9,"17":15,"18":9,"19":6,"1":17,"2":16,"3":15,"4":17,"5":11,"6":2,"7":14,"8":4,"9":12,"20":4,"21":6}},{"Modalità dinamica :":false,"Q : ":9,"STARTING PARTITION: ":{"22":5,"23":5,"24":15,"25":6,"26":7,"27":4,"28":6,"29":4,"30":3,"10":1,"11":10,"12":9,"13":8,"14":11,"15":8,"16":9,"17":15,"18":9,"19":6,"1":11,"2":9,"3":15,"4":13,"5":11,"6":6,"7":14,"8":4,"9":5,"20":4,"21":6},"LAST COALITION":[[],[{"utility":0,"ID":10}],[{"utility":0,"ID":6}],[{"utility":0,"ID":30}],[{"utility":40,"ID":8},{"utility":41.333333333333336,"ID":20},{"utility":60,"ID":27},{"utility":65.66666666666667,"ID":29}],[{"utility":14,"ID":22},{"utility":1,"ID":23}],[{"utility":50.666666666666664,"ID":19},{"utility":66.66666666666667,"ID":21},{"utility":70,"ID":25},{"utility":33.666666666666664,"ID":28}],[{"utility":0,"ID":26}],[{"utility":66,"ID":13},{"utility":93,"ID":15}],[{"utility":48.5,"ID":12},{"utility":57.5,"ID":16},{"utility":53,"ID":18}],[{"utility":0,"ID":11}],[{"utility":0,"ID":5}],[{"utility":0,"ID":9}],[],[{"utility":0,"ID":7}],[{"utility":92,"ID":3},{"utility":79,"ID":17},{"utility":66.5,"ID":24}],[{"utility":99,"ID":2},{"utility":77,"ID":14}],[{"utility":41,"ID":1},{"utility":73,"ID":4}],[],[],[],[],[],[],[],[],[],[],[],[],[]],"STARTING COALITION: ":[[null],[{"utility":0,"ID":10}],[],[{"utility":0,"ID":30}],[{"utility":40,"ID":8},{"utility":41.333333333333336,"ID":20},{"utility":60,"ID":27},{"utility":65.66666666666667,"ID":29}],[{"utility":43.5,"ID":9},{"utility":42,"ID":22},{"utility":24,"ID":23}],[{"utility":28.5,"ID":6},{"utility":48.5,"ID":19},{"utility":57.5,"ID":21},{"utility":73,"ID":25},{"utility":44.5,"ID":28}],[{"utility":0,"ID":26}],[{"utility":66,"ID":13},{"utility":93,"ID":15}],[{"utility":54.333333333333336,"ID":2},{"utility":62,"ID":12},{"utility":65.66666666666667,"ID":16},{"utility":49.333333333333336,"ID":18}],[{"utility":0,"ID":11}],[{"utility":66,"ID":1},{"utility":75.5,"ID":5},{"utility":52,"ID":14}],[],[{"utility":0,"ID":4}],[{"utility":0,"ID":7}],[{"utility":92,"ID":3},{"utility":79,"ID":17},{"utility":66.5,"ID":24}],[],[],[],[],[],[],[],[],[],[],[],[],[],[],[]],"CORE :":false,"Relazioni :":870,"Time : ":0.1,"LAST PARTITION":{"22":5,"23":5,"24":15,"25":6,"26":7,"27":4,"28":6,"29":4,"30":3,"10":1,"11":10,"12":9,"13":8,"14":16,"15":8,"16":9,"17":15,"18":9,"19":6,"1":17,"2":16,"3":15,"4":17,"5":11,"6":2,"7":14,"8":4,"9":12,"20":4,"21":6}},{"Modalità dinamica :":false,"Q : ":9,"STARTING PARTITION: ":{"22":5,"23":5,"24":15,"25":6,"26":7,"27":4,"28":6,"29":4,"30":3,"10":1,"11":10,"12":9,"13":8,"14":11,"15":8,"16":9,"17":15,"18":9,"19":6,"1":11,"2":9,"3":15,"4":13,"5":11,"6":6,"7":14,"8":4,"9":5,"20":4,"21":6},"LAST COALITION":[[],[{"utility":0,"ID":10}],[{"utility":0,"ID":5}],[{"utility":0,"ID":30}],[{"utility":40,"ID":8},{"utility":41.333333333333336,"ID":20},{"utility":60,"ID":27},{"utility":65.66666666666667,"ID":29}],[{"utility":14,"ID":22},{"utility":1,"ID":23}],[{"utility":50.666666666666664,"ID":19},{"utility":66.66666666666667,"ID":21},{"utility":70,"ID":25},{"utility":33.666666666666664,"ID":28}],[{"utility":0,"ID":26}],[{"utility":66,"ID":13},{"utility":93,"ID":15}],[{"utility":48.5,"ID":12},{"utility":57.5,"ID":16},{"utility":53,"ID":18}],[{"utility":0,"ID":11}],[{"utility":0,"ID":1}],[{"utility":0,"ID":9}],[{"utility":23,"ID":4},{"utility":89,"ID":6}],[{"utility":0,"ID":7}],[{"utility":92,"ID":3},{"utility":79,"ID":17},{"utility":66.5,"ID":24}],[{"utility":99,"ID":2},{"utility":77,"ID":14}],[],[],[],[],[],[],[],[],[],[],[],[],[],[]],"STARTING COALITION: ":[[null],[{"utility":0,"ID":10}],[],[{"utility":0,"ID":30}],[{"utility":40,"ID":8},{"utility":41.333333333333336,"ID":20},{"utility":60,"ID":27},{"utility":65.66666666666667,"ID":29}],[{"utility":43.5,"ID":9},{"utility":42,"ID":22},{"utility":24,"ID":23}],[{"utility":28.5,"ID":6},{"utility":48.5,"ID":19},{"utility":57.5,"ID":21},{"utility":73,"ID":25},{"utility":44.5,"ID":28}],[{"utility":0,"ID":26}],[{"utility":66,"ID":13},{"utility":93,"ID":15}],[{"utility":54.333333333333336,"ID":2},{"utility":62,"ID":12},{"utility":65.66666666666667,"ID":16},{"utility":49.333333333333336,"ID":18}],[{"utility":0,"ID":11}],[{"utility":66,"ID":1},{"utility":75.5,"ID":5},{"utility":52,"ID":14}],[],[{"utility":0,"ID":4}],[{"utility":0,"ID":7}],[{"utility":92,"ID":3},{"utility":79,"ID":17},{"utility":66.5,"ID":24}],[],[],[],[],[],[],[],[],[],[],[],[],[],[],[]],"CORE :":false,"Relazioni :":870,"Time : ":0.2,"LAST PARTITION":{"22":5,"23":5,"24":15,"25":6,"26":7,"27":4,"28":6,"29":4,"30":3,"10":1,"11":10,"12":9,"13":8,"14":16,"15":8,"16":9,"17":15,"18":9,"19":6,"1":11,"2":16,"3":15,"4":13,"5":2,"6":13,"7":14,"8":4,"9":12,"20":4,"21":6}},{"Modalità dinamica :":false,"Q : ":10,"STARTING PARTITION: ":{"22":5,"23":5,"24":15,"25":6,"26":7,"27":4,"28":6,"29":4,"30":3,"10":1,"11":10,"12":9,"13":8,"14":11,"15":8,"16":9,"17":15,"18":9,"19":6,"1":11,"2":9,"3":15,"4":13,"5":11,"6":6,"7":14,"8":4,"9":5,"20":4,"21":6},"LAST COALITION":[[],[{"utility":0,"ID":10}],[{"utility":12,"ID":4},{"utility":48,"ID":5}],[{"utility":0,"ID":30}],[{"utility":40,"ID":8},{"utility":41.333333333333336,"ID":20},{"utility":60,"ID":27},{"utility":65.66666666666667,"ID":29}],[{"utility":14,"ID":22},{"utility":1,"ID":23}],[{"utility":50.666666666666664,"ID":19},{"utility":66.66666666666667,"ID":21},{"utility":70,"ID":25},{"utility":33.666666666666664,"ID":28}],[{"utility":0,"ID":26}],[{"utility":66,"ID":13},{"utility":93,"ID":15}],[{"utility":48.5,"ID":12},{"utility":57.5,"ID":16},{"utility":53,"ID":18}],[{"utility":0,"ID":11}],[{"utility":86,"ID":1},{"utility":81,"ID":6}],[{"utility":0,"ID":9}],[],[{"utility":0,"ID":7}],[{"utility":92,"ID":3},{"utility":79,"ID":17},{"utility":66.5,"ID":24}],[{"utility":99,"ID":2},{"utility":77,"ID":14}],[],[],[],[],[],[],[],[],[],[],[],[],[],[]],"STARTING COALITION: ":[[null],[{"utility":0,"ID":10}],[],[{"utility":0,"ID":30}],[{"utility":40,"ID":8},{"utility":41.333333333333336,"ID":20},{"utility":60,"ID":27},{"utility":65.66666666666667,"ID":29}],[{"utility":43.5,"ID":9},{"utility":42,"ID":22},{"utility":24,"ID":23}],[{"utility":28.5,"ID":6},{"utility":48.5,"ID":19},{"utility":57.5,"ID":21},{"utility":73,"ID":25},{"utility":44.5,"ID":28}],[{"utility":0,"ID":26}],[{"utility":66,"ID":13},{"utility":93,"ID":15}],[{"utility":54.333333333333336,"ID":2},{"utility":62,"ID":12},{"utility":65.66666666666667,"ID":16},{"utility":49.333333333333336,"ID":18}],[{"utility":0,"ID":11}],[{"utility":66,"ID":1},{"utility":75.5,"ID":5},{"utility":52,"ID":14}],[],[{"utility":0,"ID":4}],[{"utility":0,"ID":7}],[{"utility":92,"ID":3},{"utility":79,"ID":17},{"utility":66.5,"ID":24}],[],[],[],[],[],[],[],[],[],[],[],[],[],[],[]],"CORE :":false,"Relazioni :":870,"Time : ":0.1,"LAST PARTITION":{"22":5,"23":5,"24":15,"25":6,"26":7,"27":4,"28":6,"29":4,"30":3,"10":1,"11":10,"12":9,"13":8,"14":16,"15":8,"16":9,"17":15,"18":9,"19":6,"1":11,"2":16,"3":15,"4":2,"5":2,"6":11,"7":14,"8":4,"9":12,"20":4,"21":6}},{"Modalità dinamica :":false,"Q : ":10,"STARTING PARTITION: ":{"22":5,"23":5,"24":15,"25":6,"26":7,"27":4,"28":6,"29":4,"30":3,"10":1,"11":10,"12":9,"13":8,"14":11,"15":8,"16":9,"17":15,"18":9,"19":6,"1":11,"2":9,"3":15,"4":13,"5":11,"6":6,"7":14,"8":4,"9":5,"20":4,"21":6},"LAST COALITION":[[],[{"utility":0,"ID":10}],[{"utility":0,"ID":5}],[{"utility":0,"ID":30}],[{"utility":40,"ID":8},{"utility":41.333333333333336,"ID":20},{"utility":60,"ID":27},{"utility":65.66666666666667,"ID":29}],[{"utility":14,"ID":22},{"utility":1,"ID":23}],[{"utility":50.666666666666664,"ID":19},{"utility":66.66666666666667,"ID":21},{"utility":70,"ID":25},{"utility":33.666666666666664,"ID":28}],[{"utility":0,"ID":26}],[{"utility":66,"ID":13},{"utility":93,"ID":15}],[{"utility":48.5,"ID":12},{"utility":57.5,"ID":16},{"utility":53,"ID":18}],[{"utility":0,"ID":11}],[{"utility":0,"ID":1}],[{"utility":0,"ID":9}],[{"utility":23,"ID":4},{"utility":89,"ID":6}],[{"utility":0,"ID":7}],[{"utility":92,"ID":3},{"utility":79,"ID":17},{"utility":66.5,"ID":24}],[{"utility":99,"ID":2},{"utility":77,"ID":14}],[],[],[],[],[],[],[],[],[],[],[],[],[],[]],"STARTING COALITION: ":[[null],[{"utility":0,"ID":10}],[],[{"utility":0,"ID":30}],[{"utility":40,"ID":8},{"utility":41.333333333333336,"ID":20},{"utility":60,"ID":27},{"utility":65.66666666666667,"ID":29}],[{"utility":43.5,"ID":9},{"utility":42,"ID":22},{"utility":24,"ID":23}],[{"utility":28.5,"ID":6},{"utility":48.5,"ID":19},{"utility":57.5,"ID":21},{"utility":73,"ID":25},{"utility":44.5,"ID":28}],[{"utility":0,"ID":26}],[{"utility":66,"ID":13},{"utility":93,"ID":15}],[{"utility":54.333333333333336,"ID":2},{"utility":62,"ID":12},{"utility":65.66666666666667,"ID":16},{"utility":49.333333333333336,"ID":18}],[{"utility":0,"ID":11}],[{"utility":66,"ID":1},{"utility":75.5,"ID":5},{"utility":52,"ID":14}],[],[{"utility":0,"ID":4}],[{"utility":0,"ID":7}],[{"utility":92,"ID":3},{"utility":79,"ID":17},{"utility":66.5,"ID":24}],[],[],[],[],[],[],[],[],[],[],[],[],[],[],[]],"CORE :":false,"Relazioni :":870,"Time : ":0.2,"LAST PARTITION":{"22":5,"23":5,"24":15,"25":6,"26":7,"27":4,"28":6,"29":4,"30":3,"10":1,"11":10,"12":9,"13":8,"14":16,"15":8,"16":9,"17":15,"18":9,"19":6,"1":11,"2":16,"3":15,"4":13,"5":2,"6":13,"7":14,"8":4,"9":12,"20":4,"21":6}},{"Modalità dinamica :":true,"Q : ":2,"STARTING PARTITION: ":{"22":5,"23":5,"24":15,"25":6,"26":7,"27":4,"28":6,"29":4,"30":3,"10":1,"11":10,"12":9,"13":8,"14":11,"15":8,"16":9,"17":15,"18":9,"19":6,"1":11,"2":9,"3":15,"4":13,"5":11,"6":6,"7":14,"8":4,"9":5,"20":4,"21":6},"LAST COALITION":[[],[{"utility":90,"ID":2},{"utility":76,"ID":21}],[{"utility":59,"ID":12},{"utility":75,"ID":16}],[{"utility":91,"ID":25},{"utility":72,"ID":28}],[{"utility":90,"ID":7},{"utility":95,"ID":19}],[{"utility":0,"ID":1}],[],[{"utility":0,"ID":8}],[{"utility":97,"ID":24},{"utility":98,"ID":30}],[],[{"utility":0,"ID":3}],[{"utility":55,"ID":9},{"utility":83,"ID":14}],[{"utility":66,"ID":13},{"utility":93,"ID":15}],[{"utility":15,"ID":26},{"utility":87,"ID":27}],[{"utility":68,"ID":11},{"utility":68,"ID":17}],[{"utility":99,"ID":5},{"utility":22,"ID":23}],[{"utility":63,"ID":10},{"utility":98,"ID":20}],[{"utility":0,"ID":22}],[{"utility":85,"ID":6},{"utility":94,"ID":29}],[{"utility":0,"ID":4}],[{"utility":0,"ID":18}],[],[],[],[],[],[],[],[],[],[]],"STARTING COALITION: ":[[null],[{"utility":0,"ID":10}],[],[{"utility":0,"ID":30}],[{"utility":40,"ID":8},{"utility":41.333333333333336,"ID":20},{"utility":60,"ID":27},{"utility":65.66666666666667,"ID":29}],[{"utility":43.5,"ID":9},{"utility":42,"ID":22},{"utility":24,"ID":23}],[{"utility":28.5,"ID":6},{"utility":48.5,"ID":19},{"utility":57.5,"ID":21},{"utility":73,"ID":25},{"utility":44.5,"ID":28}],[{"utility":0,"ID":26}],[{"utility":66,"ID":13},{"utility":93,"ID":15}],[{"utility":54.333333333333336,"ID":2},{"utility":62,"ID":12},{"utility":65.66666666666667,"ID":16},{"utility":49.333333333333336,"ID":18}],[{"utility":0,"ID":11}],[{"utility":66,"ID":1},{"utility":75.5,"ID":5},{"utility":52,"ID":14}],[],[{"utility":0,"ID":4}],[{"utility":0,"ID":7}],[{"utility":92,"ID":3},{"utility":79,"ID":17},{"utility":66.5,"ID":24}],[],[],[],[],[],[],[],[],[],[],[],[],[],[],[]],"CORE :":false,"Relazioni :":870,"Time : ":0.1,"LAST PARTITION":{"22":17,"23":15,"24":8,"25":3,"26":13,"27":13,"28":3,"29":18,"30":8,"10":16,"11":14,"12":2,"13":12,"14":11,"15":12,"16":2,"17":14,"18":20,"19":4,"1":5,"2":1,"3":10,"4":19,"5":15,"6":18,"7":4,"8":7,"9":11,"20":16,"21":1}},{"Modalità dinamica :":true,"Q : ":2,"STARTING PARTITION: ":{"22":5,"23":5,"24":15,"25":6,"26":7,"27":4,"28":6,"29":4,"30":3,"10":1,"11":10,"12":9,"13":8,"14":11,"15":8,"16":9,"17":15,"18":9,"19":6,"1":11,"2":9,"3":15,"4":13,"5":11,"6":6,"7":14,"8":4,"9":5,"20":4,"21":6},"LAST COALITION":[[],[{"utility":31,"ID":1},{"utility":83,"ID":12}],[],[{"utility":75,"ID":3},{"utility":88,"ID":26}],[{"utility":12,"ID":4},{"utility":48,"ID":5}],[{"utility":0,"ID":15}],[{"utility":93,"ID":11},{"utility":70,"ID":28}],[{"utility":0,"ID":17}],[],[{"utility":99,"ID":23},{"utility":83,"ID":27}],[{"utility":0,"ID":29}],[{"utility":53,"ID":18},{"utility":97,"ID":21}],[{"utility":53,"ID":13},{"utility":94,"ID":22}],[{"utility":88,"ID":6},{"utility":94,"ID":20}],[{"utility":0,"ID":10}],[{"utility":49,"ID":2},{"utility":82,"ID":16}],[{"utility":90,"ID":7},{"utility":95,"ID":19}],[{"utility":97,"ID":24},{"utility":98,"ID":30}],[],[{"utility":76,"ID":9},{"utility":71,"ID":25}],[{"utility":50,"ID":8},{"utility":92,"ID":14}],[],[],[],[],[],[],[],[],[],[]],"STARTING COALITION: ":[[null],[{"utility":0,"ID":10}],[],[{"utility":0,"ID":30}],[{"utility":40,"ID":8},{"utility":41.333333333333336,"ID":20},{"utility":60,"ID":27},{"utility":65.66666666666667,"ID":29}],[{"utility":43.5,"ID":9},{"utility":42,"ID":22},{"utility":24,"ID":23}],[{"utility":28.5,"ID":6},{"utility":48.5,"ID":19},{"utility":57.5,"ID":21},{"utility":73,"ID":25},{"utility":44.5,"ID":28}],[{"utility":0,"ID":26}],[{"utility":66,"ID":13},{"utility":93,"ID":15}],[{"utility":54.333333333333336,"ID":2},{"utility":62,"ID":12},{"utility":65.66666666666667,"ID":16},{"utility":49.333333333333336,"ID":18}],[{"utility":0,"ID":11}],[{"utility":66,"ID":1},{"utility":75.5,"ID":5},{"utility":52,"ID":14}],[],[{"utility":0,"ID":4}],[{"utility":0,"ID":7}],[{"utility":92,"ID":3},{"utility":79,"ID":17},{"utility":66.5,"ID":24}],[],[],[],[],[],[],[],[],[],[],[],[],[],[],[]],"CORE :":false,"Relazioni :":870,"Time : ":0.2,"LAST PARTITION":{"22":12,"23":9,"24":17,"25":19,"26":3,"27":9,"28":6,"29":10,"30":17,"10":14,"11":6,"12":1,"13":12,"14":20,"15":5,"16":15,"17":7,"18":11,"19":16,"1":1,"2":15,"3":3,"4":4,"5":4,"6":13,"7":16,"8":20,"9":19,"20":13,"21":11}},{"Modalità dinamica :":true,"Q : ":3,"STARTING PARTITION: ":{"22":5,"23":5,"24":15,"25":6,"26":7,"27":4,"28":6,"29":4,"30":3,"10":1,"11":10,"12":9,"13":8,"14":11,"15":8,"16":9,"17":15,"18":9,"19":6,"1":11,"2":9,"3":15,"4":13,"5":11,"6":6,"7":14,"8":4,"9":5,"20":4,"21":6},"LAST COALITION":[[],[{"utility":97,"ID":24},{"utility":98,"ID":30}],[{"utility":97,"ID":3},{"utility":69,"ID":17}],[{"utility":93,"ID":2},{"utility":97,"ID":25}],[{"utility":51,"ID":7},{"utility":12,"ID":20}],[{"utility":99,"ID":14},{"utility":59,"ID":21}],[{"utility":46,"ID":16},{"utility":78,"ID":23}],[{"utility":43,"ID":19},{"utility":92,"ID":27}],[{"utility":23,"ID":4},{"utility":89,"ID":6}],[{"utility":93,"ID":11},{"utility":70,"ID":28}],[{"utility":0,"ID":8}],[{"utility":72,"ID":22},{"utility":67,"ID":26}],[{"utility":64,"ID":1},{"utility":83,"ID":5}],[{"utility":0,"ID":29}],[{"utility":0,"ID":18}],[{"utility":0,"ID":9}],[{"utility":66,"ID":13},{"utility":93,"ID":15}],[{"utility":0,"ID":12}],[{"utility":0,"ID":10}],[],[],[],[],[],[],[],[],[],[],[],[]],"STARTING COALITION: ":[[null],[{"utility":0,"ID":10}],[],[{"utility":0,"ID":30}],[{"utility":40,"ID":8},{"utility":41.333333333333336,"ID":20},{"utility":60,"ID":27},{"utility":65.66666666666667,"ID":29}],[{"utility":43.5,"ID":9},{"utility":42,"ID":22},{"utility":24,"ID":23}],[{"utility":28.5,"ID":6},{"utility":48.5,"ID":19},{"utility":57.5,"ID":21},{"utility":73,"ID":25},{"utility":44.5,"ID":28}],[{"utility":0,"ID":26}],[{"utility":66,"ID":13},{"utility":93,"ID":15}],[{"utility":54.333333333333336,"ID":2},{"utility":62,"ID":12},{"utility":65.66666666666667,"ID":16},{"utility":49.333333333333336,"ID":18}],[{"utility":0,"ID":11}],[{"utility":66,"ID":1},{"utility":75.5,"ID":5},{"utility":52,"ID":14}],[],[{"utility":0,"ID":4}],[{"utility":0,"ID":7}],[{"utility":92,"ID":3},{"utility":79,"ID":17},{"utility":66.5,"ID":24}],[],[],[],[],[],[],[],[],[],[],[],[],[],[],[]],"CORE :":false,"Relazioni :":870,"Time : ":0.1,"LAST PARTITION":{"22":11,"23":6,"24":1,"25":3,"26":11,"27":7,"28":9,"29":13,"30":1,"10":18,"11":9,"12":17,"13":16,"14":5,"15":16,"16":6,"17":2,"18":14,"19":7,"1":12,"2":3,"3":2,"4":8,"5":12,"6":8,"7":4,"8":10,"9":15,"20":4,"21":5}},{"Modalità dinamica :":true,"Q : ":3,"STARTING PARTITION: ":{"22":5,"23":5,"24":15,"25":6,"26":7,"27":4,"28":6,"29":4,"30":3,"10":1,"11":10,"12":9,"13":8,"14":11,"15":8,"16":9,"17":15,"18":9,"19":6,"1":11,"2":9,"3":15,"4":13,"5":11,"6":6,"7":14,"8":4,"9":5,"20":4,"21":6},"LAST COALITION":[[],[{"utility":28.5,"ID":8},{"utility":52,"ID":12},{"utility":79.5,"ID":14}],[{"utility":0,"ID":3}],[{"utility":64,"ID":1},{"utility":83,"ID":5}],[{"utility":77,"ID":10},{"utility":96,"ID":17}],[{"utility":0,"ID":2}],[{"utility":15,"ID":13},{"utility":86,"ID":21}],[{"utility":0,"ID":28}],[],[{"utility":85,"ID":6},{"utility":94,"ID":29}],[{"utility":99,"ID":23},{"utility":83,"ID":27}],[{"utility":82,"ID":15},{"utility":23,"ID":25}],[{"utility":99,"ID":7},{"utility":56,"ID":18}],[{"utility":97,"ID":24},{"utility":98,"ID":30}],[{"utility":0,"ID":16}],[{"utility":50,"ID":9},{"utility":97,"ID":26}],[{"utility":3,"ID":19},{"utility":54,"ID":20}],[{"utility":27,"ID":4},{"utility":22,"ID":11}],[{"utility":0,"ID":22}],[],[],[],[],[],[],[],[],[],[],[],[]],"STARTING COALITION: ":[[null],[{"utility":0,"ID":10}],[],[{"utility":0,"ID":30}],[{"utility":40,"ID":8},{"utility":41.333333333333336,"ID":20},{"utility":60,"ID":27},{"utility":65.66666666666667,"ID":29}],[{"utility":43.5,"ID":9},{"utility":42,"ID":22},{"utility":24,"ID":23}],[{"utility":28.5,"ID":6},{"utility":48.5,"ID":19},{"utility":57.5,"ID":21},{"utility":73,"ID":25},{"utility":44.5,"ID":28}],[{"utility":0,"ID":26}],[{"utility":66,"ID":13},{"utility":93,"ID":15}],[{"utility":54.333333333333336,"ID":2},{"utility":62,"ID":12},{"utility":65.66666666666667,"ID":16},{"utility":49.333333333333336,"ID":18}],[{"utility":0,"ID":11}],[{"utility":66,"ID":1},{"utility":75.5,"ID":5},{"utility":52,"ID":14}],[],[{"utility":0,"ID":4}],[{"utility":0,"ID":7}],[{"utility":92,"ID":3},{"utility":79,"ID":17},{"utility":66.5,"ID":24}],[],[],[],[],[],[],[],[],[],[],[],[],[],[],[]],"CORE :":false,"Relazioni :":870,"Time : ":0.2,"LAST PARTITION":{"22":18,"23":10,"24":13,"25":11,"26":15,"27":10,"28":7,"29":9,"30":13,"10":4,"11":17,"12":1,"13":6,"14":1,"15":11,"16":14,"17":4,"18":12,"19":16,"1":3,"2":5,"3":2,"4":17,"5":3,"6":9,"7":12,"8":1,"9":15,"20":16,"21":6}},{"Modalità dinamica :":true,"Q : ":4,"STARTING PARTITION: ":{"22":5,"23":5,"24":15,"25":6,"26":7,"27":4,"28":6,"29":4,"30":3,"10":1,"11":10,"12":9,"13":8,"14":11,"15":8,"16":9,"17":15,"18":9,"19":6,"1":11,"2":9,"3":15,"4":13,"5":11,"6":6,"7":14,"8":4,"9":5,"20":4,"21":6},"LAST COALITION":[[],[{"utility":53,"ID":18},{"utility":97,"ID":21}],[{"utility":64,"ID":1},{"utility":83,"ID":5}],[{"utility":97,"ID":24},{"utility":98,"ID":30}],[{"utility":99,"ID":2},{"utility":77,"ID":14}],[{"utility":90,"ID":7},{"utility":95,"ID":19}],[{"utility":53,"ID":13},{"utility":94,"ID":22}],[{"utility":59,"ID":12},{"utility":75,"ID":16}],[{"utility":0,"ID":3}],[{"utility":0,"ID":4}],[{"utility":70,"ID":8},{"utility":97,"ID":26}],[{"utility":99,"ID":23},{"utility":83,"ID":27}],[{"utility":0,"ID":11}],[{"utility":91,"ID":25},{"utility":72,"ID":28}],[{"utility":85,"ID":6},{"utility":94,"ID":29}],[{"utility":77,"ID":10},{"utility":96,"ID":17}],[{"utility":89,"ID":9},{"utility":50,"ID":15}],[{"utility":0,"ID":20}],[],[],[],[],[],[],[],[],[],[],[],[],[]],"STARTING COALITION: ":[[null],[{"utility":0,"ID":10}],[],[{"utility":0,"ID":30}],[{"utility":40,"ID":8},{"utility":41.333333333333336,"ID":20},{"utility":60,"ID":27},{"utility":65.66666666666667,"ID":29}],[{"utility":43.5,"ID":9},{"utility":42,"ID":22},{"utility":24,"ID":23}],[{"utility":28.5,"ID":6},{"utility":48.5,"ID":19},{"utility":57.5,"ID":21},{"utility":73,"ID":25},{"utility":44.5,"ID":28}],[{"utility":0,"ID":26}],[{"utility":66,"ID":13},{"utility":93,"ID":15}],[{"utility":54.333333333333336,"ID":2},{"utility":62,"ID":12},{"utility":65.66666666666667,"ID":16},{"utility":49.333333333333336,"ID":18}],[{"utility":0,"ID":11}],[{"utility":66,"ID":1},{"utility":75.5,"ID":5},{"utility":52,"ID":14}],[],[{"utility":0,"ID":4}],[{"utility":0,"ID":7}],[{"utility":92,"ID":3},{"utility":79,"ID":17},{"utility":66.5,"ID":24}],[],[],[],[],[],[],[],[],[],[],[],[],[],[],[]],"CORE :":false,"Relazioni :":870,"Time : ":0.1,"LAST PARTITION":{"22":6,"23":11,"24":3,"25":13,"26":10,"27":11,"28":13,"29":14,"30":3,"10":15,"11":12,"12":7,"13":6,"14":4,"15":16,"16":7,"17":15,"18":1,"19":5,"1":2,"2":4,"3":8,"4":9,"5":2,"6":14,"7":5,"8":10,"9":16,"20":17,"21":1}},{"Modalità dinamica :":true,"Q : ":4,"STARTING PARTITION: ":{"22":5,"23":5,"24":15,"25":6,"26":7,"27":4,"28":6,"29":4,"30":3,"10":1,"11":10,"12":9,"13":8,"14":11,"15":8,"16":9,"17":15,"18":9,"19":6,"1":11,"2":9,"3":15,"4":13,"5":11,"6":6,"7":14,"8":4,"9":5,"20":4,"21":6},"LAST COALITION":[[],[{"utility":55,"ID":2},{"utility":65,"ID":20}],[{"utility":67,"ID":3},{"utility":61.5,"ID":14},{"utility":48,"ID":21}],[{"utility":93,"ID":11},{"utility":70,"ID":28}],[{"utility":44.5,"ID":5},{"utility":66,"ID":12},{"utility":67,"ID":17}],[{"utility":80,"ID":18},{"utility":57,"ID":25}],[{"utility":99,"ID":23},{"utility":83,"ID":27}],[{"utility":0,"ID":13}],[{"utility":28,"ID":4},{"utility":73,"ID":22}],[{"utility":97,"ID":24},{"utility":98,"ID":30}],[{"utility":2,"ID":9},{"utility":99,"ID":10}],[],[{"utility":0,"ID":15}],[],[{"utility":70,"ID":8},{"utility":97,"ID":26}],[],[{"utility":85,"ID":6},{"utility":94,"ID":29}],[{"utility":0,"ID":1}],[{"utility":90,"ID":7},{"utility":95,"ID":19}],[{"utility":0,"ID":16}],[],[],[],[],[],[],[],[],[],[],[]],"STARTING COALITION: ":[[null],[{"utility":0,"ID":10}],[],[{"utility":0,"ID":30}],[{"utility":40,"ID":8},{"utility":41.333333333333336,"ID":20},{"utility":60,"ID":27},{"utility":65.66666666666667,"ID":29}],[{"utility":43.5,"ID":9},{"utility":42,"ID":22},{"utility":24,"ID":23}],[{"utility":28.5,"ID":6},{"utility":48.5,"ID":19},{"utility":57.5,"ID":21},{"utility":73,"ID":25},{"utility":44.5,"ID":28}],[{"utility":0,"ID":26}],[{"utility":66,"ID":13},{"utility":93,"ID":15}],[{"utility":54.333333333333336,"ID":2},{"utility":62,"ID":12},{"utility":65.66666666666667,"ID":16},{"utility":49.333333333333336,"ID":18}],[{"utility":0,"ID":11}],[{"utility":66,"ID":1},{"utility":75.5,"ID":5},{"utility":52,"ID":14}],[],[{"utility":0,"ID":4}],[{"utility":0,"ID":7}],[{"utility":92,"ID":3},{"utility":79,"ID":17},{"utility":66.5,"ID":24}],[],[],[],[],[],[],[],[],[],[],[],[],[],[],[]],"CORE :":false,"Relazioni :":870,"Time : ":0.2,"LAST PARTITION":{"22":8,"23":6,"24":9,"25":5,"26":14,"27":6,"28":3,"29":16,"30":9,"10":10,"11":3,"12":4,"13":7,"14":2,"15":12,"16":19,"17":4,"18":5,"19":18,"1":17,"2":1,"3":2,"4":8,"5":4,"6":16,"7":18,"8":14,"9":10,"20":1,"21":2}},{"Modalità dinamica :":true,"Q : ":5,"STARTING PARTITION: ":{"22":5,"23":5,"24":15,"25":6,"26":7,"27":4,"28":6,"29":4,"30":3,"10":1,"11":10,"12":9,"13":8,"14":11,"15":8,"16":9,"17":15,"18":9,"19":6,"1":11,"2":9,"3":15,"4":13,"5":11,"6":6,"7":14,"8":4,"9":5,"20":4,"21":6},"LAST COALITION":[[],[{"utility":93,"ID":2},{"utility":97,"ID":25}],[{"utility":0,"ID":14}],[{"utility":64,"ID":1},{"utility":83,"ID":5}],[{"utility":0,"ID":13}],[{"utility":87,"ID":10},{"utility":92,"ID":16}],[{"utility":99,"ID":4},{"utility":75,"ID":23}],[{"utility":51.5,"ID":6},{"utility":56.25,"ID":8},{"utility":32.75,"ID":15},{"utility":55.25,"ID":26},{"utility":70.25,"ID":29}],[{"utility":0,"ID":21}],[{"utility":0,"ID":22}],[],[{"utility":0,"ID":18}],[{"utility":20,"ID":11},{"utility":43,"ID":12}],[{"utility":97,"ID":24},{"utility":98,"ID":30}],[{"utility":90,"ID":7},{"utility":95,"ID":19}],[{"utility":0,"ID":20}],[{"utility":0,"ID":28}],[{"utility":70,"ID":3},{"utility":56,"ID":9}],[{"utility":97,"ID":17},{"utility":35,"ID":27}],[],[],[],[],[],[],[],[],[],[],[],[]],"STARTING COALITION: ":[[null],[{"utility":0,"ID":10}],[],[{"utility":0,"ID":30}],[{"utility":40,"ID":8},{"utility":41.333333333333336,"ID":20},{"utility":60,"ID":27},{"utility":65.66666666666667,"ID":29}],[{"utility":43.5,"ID":9},{"utility":42,"ID":22},{"utility":24,"ID":23}],[{"utility":28.5,"ID":6},{"utility":48.5,"ID":19},{"utility":57.5,"ID":21},{"utility":73,"ID":25},{"utility":44.5,"ID":28}],[{"utility":0,"ID":26}],[{"utility":66,"ID":13},{"utility":93,"ID":15}],[{"utility":54.333333333333336,"ID":2},{"utility":62,"ID":12},{"utility":65.66666666666667,"ID":16},{"utility":49.333333333333336,"ID":18}],[{"utility":0,"ID":11}],[{"utility":66,"ID":1},{"utility":75.5,"ID":5},{"utility":52,"ID":14}],[],[{"utility":0,"ID":4}],[{"utility":0,"ID":7}],[{"utility":92,"ID":3},{"utility":79,"ID":17},{"utility":66.5,"ID":24}],[],[],[],[],[],[],[],[],[],[],[],[],[],[],[]],"CORE :":false,"Relazioni :":870,"Time : ":0.1,"LAST PARTITION":{"22":9,"23":6,"24":13,"25":1,"26":7,"27":18,"28":16,"29":7,"30":13,"10":5,"11":12,"12":12,"13":4,"14":2,"15":7,"16":5,"17":18,"18":11,"19":14,"1":3,"2":1,"3":17,"4":6,"5":3,"6":7,"7":14,"8":7,"9":17,"20":15,"21":8}},{"Modalità dinamica :":true,"Q : ":5,"STARTING PARTITION: ":{"22":5,"23":5,"24":15,"25":6,"26":7,"27":4,"28":6,"29":4,"30":3,"10":1,"11":10,"12":9,"13":8,"14":11,"15":8,"16":9,"17":15,"18":9,"19":6,"1":11,"2":9,"3":15,"4":13,"5":11,"6":6,"7":14,"8":4,"9":5,"20":4,"21":6},"LAST COALITION":[[],[{"utility":0,"ID":20}],[{"utility":99,"ID":14},{"utility":59,"ID":21}],[{"utility":97,"ID":24},{"utility":98,"ID":30}],[{"utility":75,"ID":4},{"utility":70,"ID":29}],[{"utility":97,"ID":3},{"utility":69,"ID":17}],[{"utility":0,"ID":1}],[{"utility":50.5,"ID":12},{"utility":65.5,"ID":18},{"utility":47,"ID":28}],[{"utility":99,"ID":23},{"utility":83,"ID":27}],[{"utility":93,"ID":2},{"utility":97,"ID":25}],[{"utility":70,"ID":8},{"utility":97,"ID":26}],[{"utility":0,"ID":9}],[{"utility":50,"ID":5},{"utility":94,"ID":6}],[{"utility":0,"ID":7}],[{"utility":0,"ID":10}],[{"utility":0,"ID":22}],[],[{"utility":0,"ID":11}],[{"utility":66,"ID":13},{"utility":93,"ID":15}],[{"utility":35,"ID":16},{"utility":67,"ID":19}],[],[],[],[],[],[],[],[],[],[],[]],"STARTING COALITION: ":[[null],[{"utility":0,"ID":10}],[],[{"utility":0,"ID":30}],[{"utility":40,"ID":8},{"utility":41.333333333333336,"ID":20},{"utility":60,"ID":27},{"utility":65.66666666666667,"ID":29}],[{"utility":43.5,"ID":9},{"utility":42,"ID":22},{"utility":24,"ID":23}],[{"utility":28.5,"ID":6},{"utility":48.5,"ID":19},{"utility":57.5,"ID":21},{"utility":73,"ID":25},{"utility":44.5,"ID":28}],[{"utility":0,"ID":26}],[{"utility":66,"ID":13},{"utility":93,"ID":15}],[{"utility":54.333333333333336,"ID":2},{"utility":62,"ID":12},{"utility":65.66666666666667,"ID":16},{"utility":49.333333333333336,"ID":18}],[{"utility":0,"ID":11}],[{"utility":66,"ID":1},{"utility":75.5,"ID":5},{"utility":52,"ID":14}],[],[{"utility":0,"ID":4}],[{"utility":0,"ID":7}],[{"utility":92,"ID":3},{"utility":79,"ID":17},{"utility":66.5,"ID":24}],[],[],[],[],[],[],[],[],[],[],[],[],[],[],[]],"CORE :":false,"Relazioni :":870,"Time : ":0.2,"LAST PARTITION":{"22":15,"23":8,"24":3,"25":9,"26":10,"27":8,"28":7,"29":4,"30":3,"10":14,"11":17,"12":7,"13":18,"14":2,"15":18,"16":19,"17":5,"18":7,"19":19,"1":6,"2":9,"3":5,"4":4,"5":12,"6":12,"7":13,"8":10,"9":11,"20":1,"21":2}},{"Modalità dinamica :":true,"Q : ":6,"STARTING PARTITION: ":{"22":5,"23":5,"24":15,"25":6,"26":7,"27":4,"28":6,"29":4,"30":3,"10":1,"11":10,"12":9,"13":8,"14":11,"15":8,"16":9,"17":15,"18":9,"19":6,"1":11,"2":9,"3":15,"4":13,"5":11,"6":6,"7":14,"8":4,"9":5,"20":4,"21":6},"LAST COALITION":[[],[{"utility":79,"ID":15},{"utility":45,"ID":21}],[{"utility":99,"ID":23},{"utility":83,"ID":27}],[{"utility":99,"ID":2},{"utility":77,"ID":14}],[{"utility":67,"ID":1},{"utility":78,"ID":18}],[{"utility":97,"ID":24},{"utility":98,"ID":30}],[{"utility":0,"ID":12}],[{"utility":66,"ID":8},{"utility":87,"ID":29}],[{"utility":23,"ID":20},{"utility":78,"ID":26}],[{"utility":88,"ID":10},{"utility":61,"ID":13}],[{"utility":71,"ID":11},{"utility":94,"ID":16}],[{"utility":23,"ID":4},{"utility":89,"ID":6}],[{"utility":91,"ID":25},{"utility":72,"ID":28}],[{"utility":0,"ID":22}],[{"utility":0,"ID":17}],[{"utility":70,"ID":3},{"utility":56,"ID":9}],[],[{"utility":90,"ID":7},{"utility":95,"ID":19}],[{"utility":0,"ID":5}],[],[],[],[],[],[],[],[],[],[],[],[]],"STARTING COALITION: ":[[null],[{"utility":0,"ID":10}],[],[{"utility":0,"ID":30}],[{"utility":40,"ID":8},{"utility":41.333333333333336,"ID":20},{"utility":60,"ID":27},{"utility":65.66666666666667,"ID":29}],[{"utility":43.5,"ID":9},{"utility":42,"ID":22},{"utility":24,"ID":23}],[{"utility":28.5,"ID":6},{"utility":48.5,"ID":19},{"utility":57.5,"ID":21},{"utility":73,"ID":25},{"utility":44.5,"ID":28}],[{"utility":0,"ID":26}],[{"utility":66,"ID":13},{"utility":93,"ID":15}],[{"utility":54.333333333333336,"ID":2},{"utility":62,"ID":12},{"utility":65.66666666666667,"ID":16},{"utility":49.333333333333336,"ID":18}],[{"utility":0,"ID":11}],[{"utility":66,"ID":1},{"utility":75.5,"ID":5},{"utility":52,"ID":14}],[],[{"utility":0,"ID":4}],[{"utility":0,"ID":7}],[{"utility":92,"ID":3},{"utility":79,"ID":17},{"utility":66.5,"ID":24}],[],[],[],[],[],[],[],[],[],[],[],[],[],[],[]],"CORE :":false,"Relazioni :":870,"Time : ":0.1,"LAST PARTITION":{"22":13,"23":2,"24":5,"25":12,"26":8,"27":2,"28":12,"29":7,"30":5,"10":9,"11":10,"12":6,"13":9,"14":3,"15":1,"16":10,"17":14,"18":4,"19":17,"1":4,"2":3,"3":15,"4":11,"5":18,"6":11,"7":17,"8":7,"9":15,"20":8,"21":1}},{"Modalità dinamica :":true,"Q : ":6,"STARTING PARTITION: ":{"22":5,"23":5,"24":15,"25":6,"26":7,"27":4,"28":6,"29":4,"30":3,"10":1,"11":10,"12":9,"13":8,"14":11,"15":8,"16":9,"17":15,"18":9,"19":6,"1":11,"2":9,"3":15,"4":13,"5":11,"6":6,"7":14,"8":4,"9":5,"20":4,"21":6},"LAST COALITION":[[],[{"utility":83,"ID":19},{"utility":77,"ID":23}],[{"utility":0,"ID":5}],[{"utility":99,"ID":14},{"utility":59,"ID":21}],[{"utility":0,"ID":9}],[{"utility":40,"ID":6},{"utility":68,"ID":18}],[{"utility":93,"ID":2},{"utility":97,"ID":25}],[{"utility":87,"ID":1},{"utility":34,"ID":20}],[{"utility":51,"ID":16},{"utility":78,"ID":22}],[{"utility":97,"ID":3},{"utility":32,"ID":27}],[{"utility":77,"ID":10},{"utility":96,"ID":17}],[{"utility":47,"ID":7},{"utility":37,"ID":28}],[{"utility":97,"ID":24},{"utility":98,"ID":30}],[],[{"utility":66,"ID":13},{"utility":93,"ID":15}],[{"utility":70,"ID":8},{"utility":97,"ID":26}],[{"utility":75,"ID":4},{"utility":70,"ID":29}],[],[{"utility":20,"ID":11},{"utility":43,"ID":12}],[],[],[],[],[],[],[],[],[],[],[],[]],"STARTING COALITION: ":[[null],[{"utility":0,"ID":10}],[],[{"utility":0,"ID":30}],[{"utility":40,"ID":8},{"utility":41.333333333333336,"ID":20},{"utility":60,"ID":27},{"utility":65.66666666666667,"ID":29}],[{"utility":43.5,"ID":9},{"utility":42,"ID":22},{"utility":24,"ID":23}],[{"utility":28.5,"ID":6},{"utility":48.5,"ID":19},{"utility":57.5,"ID":21},{"utility":73,"ID":25},{"utility":44.5,"ID":28}],[{"utility":0,"ID":26}],[{"utility":66,"ID":13},{"utility":93,"ID":15}],[{"utility":54.333333333333336,"ID":2},{"utility":62,"ID":12},{"utility":65.66666666666667,"ID":16},{"utility":49.333333333333336,"ID":18}],[{"utility":0,"ID":11}],[{"utility":66,"ID":1},{"utility":75.5,"ID":5},{"utility":52,"ID":14}],[],[{"utility":0,"ID":4}],[{"utility":0,"ID":7}],[{"utility":92,"ID":3},{"utility":79,"ID":17},{"utility":66.5,"ID":24}],[],[],[],[],[],[],[],[],[],[],[],[],[],[],[]],"CORE :":false,"Relazioni :":870,"Time : ":0.2,"LAST PARTITION":{"22":8,"23":1,"24":12,"25":6,"26":15,"27":9,"28":11,"29":16,"30":12,"10":10,"11":18,"12":18,"13":14,"14":3,"15":14,"16":8,"17":10,"18":5,"19":1,"1":7,"2":6,"3":9,"4":16,"5":2,"6":5,"7":11,"8":15,"9":4,"20":7,"21":3}},{"Modalità dinamica :":true,"Q : ":7,"STARTING PARTITION: ":{"22":5,"23":5,"24":15,"25":6,"26":7,"27":4,"28":6,"29":4,"30":3,"10":1,"11":10,"12":9,"13":8,"14":11,"15":8,"16":9,"17":15,"18":9,"19":6,"1":11,"2":9,"3":15,"4":13,"5":11,"6":6,"7":14,"8":4,"9":5,"20":4,"21":6},"LAST COALITION":[[],[],[{"utility":68,"ID":5},{"utility":40,"ID":14}],[{"utility":83,"ID":19},{"utility":77,"ID":23}],[{"utility":67,"ID":1},{"utility":78,"ID":18}],[{"utility":84,"ID":3},{"utility":59,"ID":12}],[{"utility":93,"ID":2},{"utility":97,"ID":25}],[{"utility":0,"ID":7}],[{"utility":70,"ID":8},{"utility":97,"ID":26}],[{"utility":97,"ID":22},{"utility":30,"ID":29}],[{"utility":87,"ID":10},{"utility":92,"ID":16}],[{"utility":97,"ID":17},{"utility":35,"ID":27}],[{"utility":0,"ID":11}],[{"utility":0,"ID":4}],[{"utility":0,"ID":6}],[{"utility":95,"ID":21},{"utility":26,"ID":28}],[{"utility":0,"ID":20}],[{"utility":0,"ID":13}],[{"utility":97,"ID":24},{"utility":98,"ID":30}],[{"utility":89,"ID":9},{"utility":50,"ID":15}],[],[],[],[],[],[],[],[],[],[],[]],"STARTING COALITION: ":[[null],[{"utility":0,"ID":10}],[],[{"utility":0,"ID":30}],[{"utility":40,"ID":8},{"utility":41.333333333333336,"ID":20},{"utility":60,"ID":27},{"utility":65.66666666666667,"ID":29}],[{"utility":43.5,"ID":9},{"utility":42,"ID":22},{"utility":24,"ID":23}],[{"utility":28.5,"ID":6},{"utility":48.5,"ID":19},{"utility":57.5,"ID":21},{"utility":73,"ID":25},{"utility":44.5,"ID":28}],[{"utility":0,"ID":26}],[{"utility":66,"ID":13},{"utility":93,"ID":15}],[{"utility":54.333333333333336,"ID":2},{"utility":62,"ID":12},{"utility":65.66666666666667,"ID":16},{"utility":49.333333333333336,"ID":18}],[{"utility":0,"ID":11}],[{"utility":66,"ID":1},{"utility":75.5,"ID":5},{"utility":52,"ID":14}],[],[{"utility":0,"ID":4}],[{"utility":0,"ID":7}],[{"utility":92,"ID":3},{"utility":79,"ID":17},{"utility":66.5,"ID":24}],[],[],[],[],[],[],[],[],[],[],[],[],[],[],[]],"CORE :":false,"Relazioni :":870,"Time : ":0.1,"LAST PARTITION":{"22":9,"23":3,"24":18,"25":6,"26":8,"27":11,"28":15,"29":9,"30":18,"10":10,"11":12,"12":5,"13":17,"14":2,"15":19,"16":10,"17":11,"18":4,"19":3,"1":4,"2":6,"3":5,"4":13,"5":2,"6":14,"7":7,"8":8,"9":19,"20":16,"21":15}},{"Modalità dinamica :":true,"Q : ":7,"STARTING PARTITION: ":{"22":5,"23":5,"24":15,"25":6,"26":7,"27":4,"28":6,"29":4,"30":3,"10":1,"11":10,"12":9,"13":8,"14":11,"15":8,"16":9,"17":15,"18":9,"19":6,"1":11,"2":9,"3":15,"4":13,"5":11,"6":6,"7":14,"8":4,"9":5,"20":4,"21":6},"LAST COALITION":[[],[{"utility":97,"ID":17},{"utility":35,"ID":27}],[{"utility":97,"ID":24},{"utility":98,"ID":30}],[{"utility":88,"ID":10},{"utility":61,"ID":13}],[{"utility":0,"ID":5}],[{"utility":50,"ID":8},{"utility":92,"ID":14}],[{"utility":69,"ID":15},{"utility":79,"ID":23}],[{"utility":78,"ID":3},{"utility":40,"ID":20}],[],[{"utility":93,"ID":11},{"utility":70,"ID":28}],[{"utility":0,"ID":12}],[{"utility":85,"ID":6},{"utility":94,"ID":29}],[{"utility":90,"ID":7},{"utility":95,"ID":19}],[{"utility":3,"ID":4},{"utility":93,"ID":16}],[{"utility":73,"ID":9},{"utility":70,"ID":22}],[{"utility":67,"ID":1},{"utility":78,"ID":18}],[{"utility":0,"ID":21}],[{"utility":0,"ID":26}],[{"utility":93,"ID":2},{"utility":97,"ID":25}],[],[],[],[],[],[],[],[],[],[],[],[]],"STARTING COALITION: ":[[null],[{"utility":0,"ID":10}],[],[{"utility":0,"ID":30}],[{"utility":40,"ID":8},{"utility":41.333333333333336,"ID":20},{"utility":60,"ID":27},{"utility":65.66666666666667,"ID":29}],[{"utility":43.5,"ID":9},{"utility":42,"ID":22},{"utility":24,"ID":23}],[{"utility":28.5,"ID":6},{"utility":48.5,"ID":19},{"utility":57.5,"ID":21},{"utility":73,"ID":25},{"utility":44.5,"ID":28}],[{"utility":0,"ID":26}],[{"utility":66,"ID":13},{"utility":93,"ID":15}],[{"utility":54.333333333333336,"ID":2},{"utility":62,"ID":12},{"utility":65.66666666666667,"ID":16},{"utility":49.333333333333336,"ID":18}],[{"utility":0,"ID":11}],[{"utility":66,"ID":1},{"utility":75.5,"ID":5},{"utility":52,"ID":14}],[],[{"utility":0,"ID":4}],[{"utility":0,"ID":7}],[{"utility":92,"ID":3},{"utility":79,"ID":17},{"utility":66.5,"ID":24}],[],[],[],[],[],[],[],[],[],[],[],[],[],[],[]],"CORE :":false,"Relazioni :":870,"Time : ":0.2,"LAST PARTITION":{"22":14,"23":6,"24":2,"25":18,"26":17,"27":1,"28":9,"29":11,"30":2,"10":3,"11":9,"12":10,"13":3,"14":5,"15":6,"16":13,"17":1,"18":15,"19":12,"1":15,"2":18,"3":7,"4":13,"5":4,"6":11,"7":12,"8":5,"9":14,"20":7,"21":16}},{"Modalità dinamica :":true,"Q : ":8,"STARTING PARTITION: ":{"22":5,"23":5,"24":15,"25":6,"26":7,"27":4,"28":6,"29":4,"30":3,"10":1,"11":10,"12":9,"13":8,"14":11,"15":8,"16":9,"17":15,"18":9,"19":6,"1":11,"2":9,"3":15,"4":13,"5":11,"6":6,"7":14,"8":4,"9":5,"20":4,"21":6},"LAST COALITION":[[],[{"utility":85,"ID":6},{"utility":94,"ID":29}],[{"utility":77,"ID":10},{"utility":96,"ID":17}],[{"utility":55,"ID":9},{"utility":54,"ID":21}],[{"utility":99,"ID":23},{"utility":83,"ID":27}],[{"utility":64,"ID":12},{"utility":67,"ID":14}],[{"utility":0,"ID":16}],[{"utility":0,"ID":4}],[{"utility":0,"ID":28}],[{"utility":97,"ID":24},{"utility":98,"ID":30}],[{"utility":62,"ID":15},{"utility":49,"ID":20}],[{"utility":0,"ID":1}],[{"utility":70,"ID":8},{"utility":97,"ID":26}],[{"utility":53,"ID":13},{"utility":94,"ID":22}],[{"utility":46,"ID":5},{"utility":92,"ID":11}],[],[{"utility":90,"ID":7},{"utility":95,"ID":19}],[{"utility":93,"ID":2},{"utility":97,"ID":25}],[{"utility":33,"ID":3},{"utility":95,"ID":18}],[],[],[],[],[],[],[],[],[],[],[],[]],"STARTING COALITION: ":[[null],[{"utility":0,"ID":10}],[],[{"utility":0,"ID":30}],[{"utility":40,"ID":8},{"utility":41.333333333333336,"ID":20},{"utility":60,"ID":27},{"utility":65.66666666666667,"ID":29}],[{"utility":43.5,"ID":9},{"utility":42,"ID":22},{"utility":24,"ID":23}],[{"utility":28.5,"ID":6},{"utility":48.5,"ID":19},{"utility":57.5,"ID":21},{"utility":73,"ID":25},{"utility":44.5,"ID":28}],[{"utility":0,"ID":26}],[{"utility":66,"ID":13},{"utility":93,"ID":15}],[{"utility":54.333333333333336,"ID":2},{"utility":62,"ID":12},{"utility":65.66666666666667,"ID":16},{"utility":49.333333333333336,"ID":18}],[{"utility":0,"ID":11}],[{"utility":66,"ID":1},{"utility":75.5,"ID":5},{"utility":52,"ID":14}],[],[{"utility":0,"ID":4}],[{"utility":0,"ID":7}],[{"utility":92,"ID":3},{"utility":79,"ID":17},{"utility":66.5,"ID":24}],[],[],[],[],[],[],[],[],[],[],[],[],[],[],[]],"CORE :":false,"Relazioni :":870,"Time : ":0.1,"LAST PARTITION":{"22":13,"23":4,"24":9,"25":17,"26":12,"27":4,"28":8,"29":1,"30":9,"10":2,"11":14,"12":5,"13":13,"14":5,"15":10,"16":6,"17":2,"18":18,"19":16,"1":11,"2":17,"3":18,"4":7,"5":14,"6":1,"7":16,"8":12,"9":3,"20":10,"21":3}},{"Modalità dinamica :":true,"Q : ":8,"STARTING PARTITION: ":{"22":5,"23":5,"24":15,"25":6,"26":7,"27":4,"28":6,"29":4,"30":3,"10":1,"11":10,"12":9,"13":8,"14":11,"15":8,"16":9,"17":15,"18":9,"19":6,"1":11,"2":9,"3":15,"4":13,"5":11,"6":6,"7":14,"8":4,"9":5,"20":4,"21":6},"LAST COALITION":[[],[{"utility":0,"ID":16}],[{"utility":23,"ID":4},{"utility":89,"ID":6}],[{"utility":97,"ID":24},{"utility":98,"ID":30}],[{"utility":93,"ID":2},{"utility":97,"ID":25}],[{"utility":79,"ID":12},{"utility":28,"ID":20}],[{"utility":49,"ID":1},{"utility":77,"ID":8},{"utility":61.5,"ID":29}],[{"utility":0,"ID":11}],[{"utility":0,"ID":22}],[{"utility":59,"ID":9},{"utility":87,"ID":19}],[{"utility":77,"ID":10},{"utility":96,"ID":17}],[{"utility":0,"ID":18}],[{"utility":0,"ID":21}],[{"utility":36,"ID":5},{"utility":95,"ID":27}],[{"utility":0,"ID":26}],[{"utility":0,"ID":14}],[{"utility":0,"ID":3}],[{"utility":0,"ID":7}],[{"utility":69,"ID":23},{"utility":72,"ID":28}],[{"utility":66,"ID":13},{"utility":93,"ID":15}],[],[],[],[],[],[],[],[],[],[],[]],"STARTING COALITION: ":[[null],[{"utility":0,"ID":10}],[],[{"utility":0,"ID":30}],[{"utility":40,"ID":8},{"utility":41.333333333333336,"ID":20},{"utility":60,"ID":27},{"utility":65.66666666666667,"ID":29}],[{"utility":43.5,"ID":9},{"utility":42,"ID":22},{"utility":24,"ID":23}],[{"utility":28.5,"ID":6},{"utility":48.5,"ID":19},{"utility":57.5,"ID":21},{"utility":73,"ID":25},{"utility":44.5,"ID":28}],[{"utility":0,"ID":26}],[{"utility":66,"ID":13},{"utility":93,"ID":15}],[{"utility":54.333333333333336,"ID":2},{"utility":62,"ID":12},{"utility":65.66666666666667,"ID":16},{"utility":49.333333333333336,"ID":18}],[{"utility":0,"ID":11}],[{"utility":66,"ID":1},{"utility":75.5,"ID":5},{"utility":52,"ID":14}],[],[{"utility":0,"ID":4}],[{"utility":0,"ID":7}],[{"utility":92,"ID":3},{"utility":79,"ID":17},{"utility":66.5,"ID":24}],[],[],[],[],[],[],[],[],[],[],[],[],[],[],[]],"CORE :":false,"Relazioni :":870,"Time : ":0.2,"LAST PARTITION":{"22":8,"23":18,"24":3,"25":4,"26":14,"27":13,"28":18,"29":6,"30":3,"10":10,"11":7,"12":5,"13":19,"14":15,"15":19,"16":1,"17":10,"18":11,"19":9,"1":6,"2":4,"3":16,"4":2,"5":13,"6":2,"7":17,"8":6,"9":9,"20":5,"21":12}},{"Modalità dinamica :":true,"Q : ":9,"STARTING PARTITION: ":{"22":5,"23":5,"24":15,"25":6,"26":7,"27":4,"28":6,"29":4,"30":3,"10":1,"11":10,"12":9,"13":8,"14":11,"15":8,"16":9,"17":15,"18":9,"19":6,"1":11,"2":9,"3":15,"4":13,"5":11,"6":6,"7":14,"8":4,"9":5,"20":4,"21":6},"LAST COALITION":[[],[{"utility":50,"ID":5},{"utility":94,"ID":6}],[{"utility":99,"ID":23},{"utility":83,"ID":27}],[{"utility":97,"ID":24},{"utility":98,"ID":30}],[{"utility":0,"ID":10}],[{"utility":0,"ID":3}],[{"utility":0,"ID":12}],[{"utility":13,"ID":7},{"utility":83,"ID":15}],[{"utility":71,"ID":11},{"utility":94,"ID":16}],[{"utility":93,"ID":2},{"utility":97,"ID":25}],[{"utility":99,"ID":14},{"utility":59,"ID":21}],[{"utility":0,"ID":20}],[{"utility":73,"ID":9},{"utility":70,"ID":22}],[{"utility":66,"ID":8},{"utility":87,"ID":29}],[],[{"utility":0,"ID":26}],[],[{"utility":67,"ID":1},{"utility":78,"ID":18}],[{"utility":99,"ID":17},{"utility":39,"ID":19}],[{"utility":80,"ID":4},{"utility":32,"ID":13},{"utility":30.5,"ID":28}],[],[],[],[],[],[],[],[],[],[],[]],"STARTING COALITION: ":[[null],[{"utility":0,"ID":10}],[],[{"utility":0,"ID":30}],[{"utility":40,"ID":8},{"utility":41.333333333333336,"ID":20},{"utility":60,"ID":27},{"utility":65.66666666666667,"ID":29}],[{"utility":43.5,"ID":9},{"utility":42,"ID":22},{"utility":24,"ID":23}],[{"utility":28.5,"ID":6},{"utility":48.5,"ID":19},{"utility":57.5,"ID":21},{"utility":73,"ID":25},{"utility":44.5,"ID":28}],[{"utility":0,"ID":26}],[{"utility":66,"ID":13},{"utility":93,"ID":15}],[{"utility":54.333333333333336,"ID":2},{"utility":62,"ID":12},{"utility":65.66666666666667,"ID":16},{"utility":49.333333333333336,"ID":18}],[{"utility":0,"ID":11}],[{"utility":66,"ID":1},{"utility":75.5,"ID":5},{"utility":52,"ID":14}],[],[{"utility":0,"ID":4}],[{"utility":0,"ID":7}],[{"utility":92,"ID":3},{"utility":79,"ID":17},{"utility":66.5,"ID":24}],[],[],[],[],[],[],[],[],[],[],[],[],[],[],[]],"CORE :":false,"Relazioni :":870,"Time : ":0.1,"LAST PARTITION":{"22":12,"23":2,"24":3,"25":9,"26":15,"27":2,"28":19,"29":13,"30":3,"10":4,"11":8,"12":6,"13":19,"14":10,"15":7,"16":8,"17":18,"18":17,"19":18,"1":17,"2":9,"3":5,"4":19,"5":1,"6":1,"7":7,"8":13,"9":12,"20":11,"21":10}},{"Modalità dinamica :":true,"Q : ":9,"STARTING PARTITION: ":{"22":5,"23":5,"24":15,"25":6,"26":7,"27":4,"28":6,"29":4,"30":3,"10":1,"11":10,"12":9,"13":8,"14":11,"15":8,"16":9,"17":15,"18":9,"19":6,"1":11,"2":9,"3":15,"4":13,"5":11,"6":6,"7":14,"8":4,"9":5,"20":4,"21":6},"LAST COALITION":[[],[{"utility":76,"ID":17},{"utility":74,"ID":28}],[{"utility":0,"ID":4}],[{"utility":0,"ID":29}],[{"utility":77,"ID":11},{"utility":20,"ID":14}],[{"utility":0,"ID":1}],[{"utility":0,"ID":22}],[{"utility":97,"ID":24},{"utility":98,"ID":30}],[{"utility":0,"ID":15}],[{"utility":0,"ID":18}],[{"utility":0,"ID":25}],[{"utility":0,"ID":19}],[{"utility":63,"ID":10},{"utility":98,"ID":20}],[{"utility":90,"ID":2},{"utility":76,"ID":21}],[{"utility":99,"ID":23},{"utility":83,"ID":27}],[{"utility":70,"ID":8},{"utility":97,"ID":26}],[{"utility":50,"ID":5},{"utility":94,"ID":6}],[{"utility":0,"ID":7}],[{"utility":0,"ID":16}],[{"utility":60.666666666666664,"ID":3},{"utility":68.33333333333333,"ID":9},{"utility":46,"ID":12},{"utility":51,"ID":13}],[],[],[],[],[],[],[],[],[],[],[]],"STARTING COALITION: ":[[null],[{"utility":0,"ID":10}],[],[{"utility":0,"ID":30}],[{"utility":40,"ID":8},{"utility":41.333333333333336,"ID":20},{"utility":60,"ID":27},{"utility":65.66666666666667,"ID":29}],[{"utility":43.5,"ID":9},{"utility":42,"ID":22},{"utility":24,"ID":23}],[{"utility":28.5,"ID":6},{"utility":48.5,"ID":19},{"utility":57.5,"ID":21},{"utility":73,"ID":25},{"utility":44.5,"ID":28}],[{"utility":0,"ID":26}],[{"utility":66,"ID":13},{"utility":93,"ID":15}],[{"utility":54.333333333333336,"ID":2},{"utility":62,"ID":12},{"utility":65.66666666666667,"ID":16},{"utility":49.333333333333336,"ID":18}],[{"utility":0,"ID":11}],[{"utility":66,"ID":1},{"utility":75.5,"ID":5},{"utility":52,"ID":14}],[],[{"utility":0,"ID":4}],[{"utility":0,"ID":7}],[{"utility":92,"ID":3},{"utility":79,"ID":17},{"utility":66.5,"ID":24}],[],[],[],[],[],[],[],[],[],[],[],[],[],[],[]],"CORE :":false,"Relazioni :":870,"Time : ":0.2,"LAST PARTITION":{"22":6,"23":14,"24":7,"25":10,"26":15,"27":14,"28":1,"29":3,"30":7,"10":12,"11":4,"12":19,"13":19,"14":4,"15":8,"16":18,"17":1,"18":9,"19":11,"1":5,"2":13,"3":19,"4":2,"5":16,"6":16,"7":17,"8":15,"9":19,"20":12,"21":13}},{"Modalità dinamica :":true,"Q : ":10,"STARTING PARTITION: ":{"22":5,"23":5,"24":15,"25":6,"26":7,"27":4,"28":6,"29":4,"30":3,"10":1,"11":10,"12":9,"13":8,"14":11,"15":8,"16":9,"17":15,"18":9,"19":6,"1":11,"2":9,"3":15,"4":13,"5":11,"6":6,"7":14,"8":4,"9":5,"20":4,"21":6},"LAST COALITION":[[],[{"utility":48,"ID":9},{"utility":69.33333333333333,"ID":18},{"utility":61,"ID":20},{"utility":49.666666666666664,"ID":22}],[{"utility":0,"ID":7}],[{"utility":0,"ID":5}],[{"utility":99,"ID":14},{"utility":59,"ID":21}],[{"utility":0,"ID":3}],[{"utility":70,"ID":8},{"utility":97,"ID":26}],[{"utility":99,"ID":23},{"utility":83,"ID":27}],[{"utility":0,"ID":12}],[{"utility":93,"ID":2},{"utility":97,"ID":25}],[{"utility":0,"ID":1}],[{"utility":93,"ID":11},{"utility":70,"ID":28}],[{"utility":66,"ID":13},{"utility":93,"ID":15}],[{"utility":0,"ID":4}],[{"utility":87,"ID":10},{"utility":92,"ID":16}],[{"utility":0,"ID":17}],[{"utility":85,"ID":6},{"utility":94,"ID":29}],[{"utility":97,"ID":24},{"utility":98,"ID":30}],[{"utility":0,"ID":19}],[],[],[],[],[],[],[],[],[],[],[],[]],"STARTING COALITION: ":[[null],[{"utility":0,"ID":10}],[],[{"utility":0,"ID":30}],[{"utility":40,"ID":8},{"utility":41.333333333333336,"ID":20},{"utility":60,"ID":27},{"utility":65.66666666666667,"ID":29}],[{"utility":43.5,"ID":9},{"utility":42,"ID":22},{"utility":24,"ID":23}],[{"utility":28.5,"ID":6},{"utility":48.5,"ID":19},{"utility":57.5,"ID":21},{"utility":73,"ID":25},{"utility":44.5,"ID":28}],[{"utility":0,"ID":26}],[{"utility":66,"ID":13},{"utility":93,"ID":15}],[{"utility":54.333333333333336,"ID":2},{"utility":62,"ID":12},{"utility":65.66666666666667,"ID":16},{"utility":49.333333333333336,"ID":18}],[{"utility":0,"ID":11}],[{"utility":66,"ID":1},{"utility":75.5,"ID":5},{"utility":52,"ID":14}],[],[{"utility":0,"ID":4}],[{"utility":0,"ID":7}],[{"utility":92,"ID":3},{"utility":79,"ID":17},{"utility":66.5,"ID":24}],[],[],[],[],[],[],[],[],[],[],[],[],[],[],[]],"CORE :":false,"Relazioni :":870,"Time : ":0.1,"LAST PARTITION":{"22":1,"23":7,"24":17,"25":9,"26":6,"27":7,"28":11,"29":16,"30":17,"10":14,"11":11,"12":8,"13":12,"14":4,"15":12,"16":14,"17":15,"18":1,"19":18,"1":10,"2":9,"3":5,"4":13,"5":3,"6":16,"7":2,"8":6,"9":1,"20":1,"21":4}},{"Modalità dinamica :":true,"Q : ":10,"STARTING PARTITION: ":{"22":5,"23":5,"24":15,"25":6,"26":7,"27":4,"28":6,"29":4,"30":3,"10":1,"11":10,"12":9,"13":8,"14":11,"15":8,"16":9,"17":15,"18":9,"19":6,"1":11,"2":9,"3":15,"4":13,"5":11,"6":6,"7":14,"8":4,"9":5,"20":4,"21":6},"LAST COALITION":[[],[{"utility":76,"ID":14},{"utility":27,"ID":22}],[{"utility":97,"ID":24},{"utility":98,"ID":30}],[{"utility":0,"ID":26}],[{"utility":97,"ID":20},{"utility":47,"ID":21}],[{"utility":0,"ID":18}],[{"utility":57,"ID":1},{"utility":80,"ID":10},{"utility":64,"ID":17}],[{"utility":49.5,"ID":3},{"utility":61,"ID":4},{"utility":26,"ID":8}],[{"utility":50,"ID":5},{"utility":94,"ID":6}],[{"utility":43,"ID":19},{"utility":92,"ID":27}],[{"utility":93,"ID":2},{"utility":97,"ID":25}],[{"utility":63,"ID":12},{"utility":26,"ID":28}],[],[{"utility":0,"ID":7}],[{"utility":0,"ID":23}],[{"utility":0,"ID":29}],[{"utility":71,"ID":11},{"utility":94,"ID":16}],[{"utility":96,"ID":9},{"utility":35,"ID":13}],[{"utility":0,"ID":15}],[],[],[],[],[],[],[],[],[],[],[],[]],"STARTING COALITION: ":[[null],[{"utility":0,"ID":10}],[],[{"utility":0,"ID":30}],[{"utility":40,"ID":8},{"utility":41.333333333333336,"ID":20},{"utility":60,"ID":27},{"utility":65.66666666666667,"ID":29}],[{"utility":43.5,"ID":9},{"utility":42,"ID":22},{"utility":24,"ID":23}],[{"utility":28.5,"ID":6},{"utility":48.5,"ID":19},{"utility":57.5,"ID":21},{"utility":73,"ID":25},{"utility":44.5,"ID":28}],[{"utility":0,"ID":26}],[{"utility":66,"ID":13},{"utility":93,"ID":15}],[{"utility":54.333333333333336,"ID":2},{"utility":62,"ID":12},{"utility":65.66666666666667,"ID":16},{"utility":49.333333333333336,"ID":18}],[{"utility":0,"ID":11}],[{"utility":66,"ID":1},{"utility":75.5,"ID":5},{"utility":52,"ID":14}],[],[{"utility":0,"ID":4}],[{"utility":0,"ID":7}],[{"utility":92,"ID":3},{"utility":79,"ID":17},{"utility":66.5,"ID":24}],[],[],[],[],[],[],[],[],[],[],[],[],[],[],[]],"CORE :":false,"Relazioni :":870,"Time : ":0.2,"LAST PARTITION":{"22":1,"23":14,"24":2,"25":10,"26":3,"27":9,"28":11,"29":15,"30":2,"10":6,"11":16,"12":11,"13":17,"14":1,"15":18,"16":16,"17":6,"18":5,"19":9,"1":6,"2":10,"3":7,"4":7,"5":8,"6":8,"7":13,"8":7,"9":17,"20":4,"21":4}},{"END OF FILE:" : true}]