[{"STARTING PARTITION: ":{"1":3,"2":3,"3":2,"4":2,"5":2},"Agents":[null,{"utility":100,"ID":1},{"utility":68,"ID":2},{"utility":93,"ID":3},{"utility":0,"ID":4},{"utility":94,"ID":5}],"LAST COALITION":[[],[{"utility":100,"ID":1},{"utility":94,"ID":5}],[{"utility":0,"ID":4}],[],[{"utility":68,"ID":2},{"utility":93,"ID":3}],[]],"STARTING COALITION: ":[[null],[],[{"utility":77.5,"ID":3},{"utility":42,"ID":4},{"utility":50.5,"ID":5}],[{"utility":11,"ID":1},{"utility":76,"ID":2}],[],[]],"CORE :":false,"LAST PARTITION":{"1":1,"2":4,"3":4,"4":2,"5":1}},{"STARTING PARTITION: ":{"1":1,"2":1,"3":1,"4":1,"5":2},"Agents":[null,{"utility":100,"ID":1},{"utility":80.5,"ID":2},{"utility":88,"ID":3},{"utility":49,"ID":4},{"utility":94,"ID":5}],"LAST COALITION":[[],[{"utility":80.5,"ID":2},{"utility":88,"ID":3},{"utility":49,"ID":4}],[],[{"utility":100,"ID":1},{"utility":94,"ID":5}],[],[]],"STARTING COALITION: ":[[null],[{"utility":44,"ID":1},{"utility":79,"ID":2},{"utility":70,"ID":3},{"utility":43.333333333333336,"ID":4}],[{"utility":0,"ID":5}],[],[],[]],"CORE :":true,"LAST PARTITION":{"1":3,"2":1,"3":1,"4":1,"5":3}},{"STARTING PARTITION: ":{"1":1,"2":2,"3":1,"4":3,"5":3},"Agents":[null,{"utility":0,"ID":1},{"utility":68,"ID":2},{"utility":93,"ID":3},{"utility":32,"ID":4},{"utility":95,"ID":5}],"LAST COALITION":[[],[{"utility":0,"ID":1}],[],[{"utility":32,"ID":4},{"utility":95,"ID":5}],[{"utility":68,"ID":2},{"utility":93,"ID":3}],[]],"STARTING COALITION: ":[[null],[{"utility":79,"ID":1},{"utility":34,"ID":3}],[{"utility":0,"ID":2}],[{"utility":32,"ID":4},{"utility":95,"ID":5}],[],[]],"CORE :":false,"LAST PARTITION":{"1":1,"2":4,"3":4,"4":3,"5":3}},{"STARTING PARTITION: ":{"1":1,"2":1,"3":1,"4":3,"5":1},"Agents":[null,{"utility":100,"ID":1},{"utility":0,"ID":2},{"utility":83,"ID":3},{"utility":52,"ID":4},{"utility":94,"ID":5}],"LAST COALITION":[[],[],[{"utility":100,"ID":1},{"utility":94,"ID":5}],[{"utility":83,"ID":3},{"utility":52,"ID":4}],[{"utility":0,"ID":2}],[]],"STARTING COALITION: ":[[null],[{"utility":63.333333333333336,"ID":1},{"utility":61.333333333333336,"ID":2},{"utility":66.33333333333333,"ID":3},{"utility":38.333333333333336,"ID":5}],[],[{"utility":0,"ID":4}],[],[]],"CORE :":false,"LAST PARTITION":{"1":2,"2":4,"3":3,"4":3,"5":2}},{"STARTING PARTITION: ":{"1":1,"2":3,"3":1,"4":3,"5":2},"Agents":[null,{"utility":100,"ID":1},{"utility":93,"ID":2},{"utility":0,"ID":3},{"utility":46,"ID":4},{"utility":94,"ID":5}],"LAST COALITION":[[],[{"utility":0,"ID":3}],[],[{"utility":93,"ID":2},{"utility":46,"ID":4}],[{"utility":100,"ID":1},{"utility":94,"ID":5}],[]],"STARTING COALITION: ":[[null],[{"utility":79,"ID":1},{"utility":34,"ID":3}],[{"utility":0,"ID":5}],[{"utility":93,"ID":2},{"utility":46,"ID":4}],[],[]],"CORE :":false,"LAST PARTITION":{"1":4,"2":3,"3":1,"4":3,"5":4}},{"STARTING PARTITION: ":{"1":1,"2":2,"3":3,"4":3,"5":3},"Agents":[null,{"utility":100,"ID":1},{"utility":93,"ID":2},{"utility":0,"ID":3},{"utility":46,"ID":4},{"utility":94,"ID":5}],"LAST COALITION":[[],[{"utility":100,"ID":1},{"utility":94,"ID":5}],[{"utility":0,"ID":3}],[],[{"utility":93,"ID":2},{"utility":46,"ID":4}],[]],"STARTING COALITION: ":[[null],[{"utility":0,"ID":1}],[{"utility":0,"ID":2}],[{"utility":77.5,"ID":3},{"utility":42,"ID":4},{"utility":50.5,"ID":5}],[],[]],"CORE :":false,"LAST PARTITION":{"1":1,"2":4,"3":2,"4":4,"5":1}},{"STARTING PARTITION: ":{"1":2,"2":1,"3":1,"4":1,"5":3},"Agents":[null,{"utility":100,"ID":1},{"utility":80.5,"ID":2},{"utility":88,"ID":3},{"utility":49,"ID":4},{"utility":94,"ID":5}],"LAST COALITION":[[],[{"utility":80.5,"ID":2},{"utility":88,"ID":3},{"utility":49,"ID":4}],[],[],[{"utility":100,"ID":1},{"utility":94,"ID":5}],[]],"STARTING COALITION: ":[[null],[{"utility":80.5,"ID":2},{"utility":88,"ID":3},{"utility":49,"ID":4}],[{"utility":0,"ID":1}],[{"utility":0,"ID":5}],[],[]],"CORE :":true,"LAST PARTITION":{"1":4,"2":1,"3":1,"4":1,"5":4}},{"STARTING PARTITION: ":{"1":2,"2":3,"3":2,"4":3,"5":1},"Agents":[null,{"utility":100,"ID":1},{"utility":93,"ID":2},{"utility":0,"ID":3},{"utility":46,"ID":4},{"utility":94,"ID":5}],"LAST COALITION":[[],[],[{"utility":0,"ID":3}],[{"utility":93,"ID":2},{"utility":46,"ID":4}],[{"utility":100,"ID":1},{"utility":94,"ID":5}],[]],"STARTING COALITION: ":[[null],[{"utility":0,"ID":5}],[{"utility":79,"ID":1},{"utility":34,"ID":3}],[{"utility":93,"ID":2},{"utility":46,"ID":4}],[],[]],"CORE :":false,"LAST PARTITION":{"1":4,"2":3,"3":2,"4":3,"5":4}},{"STARTING PARTITION: ":{"1":2,"2":2,"3":2,"4":2,"5":2},"Agents":[null,{"utility":100,"ID":1},{"utility":80.5,"ID":2},{"utility":88,"ID":3},{"utility":49,"ID":4},{"utility":94,"ID":5}],"LAST COALITION":[[],[{"utility":100,"ID":1},{"utility":94,"ID":5}],[{"utility":80.5,"ID":2},{"utility":88,"ID":3},{"utility":49,"ID":4}],[],[],[]],"STARTING COALITION: ":[[null],[],[{"utility":58,"ID":1},{"utility":69.25,"ID":2},{"utility":70.5,"ID":3},{"utility":40.5,"ID":4},{"utility":52.5,"ID":5}],[],[],[]],"CORE :":true,"LAST PARTITION":{"1":1,"2":2,"3":2,"4":2,"5":1}},{"STARTING PARTITION: ":{"1":1,"2":2,"3":3,"4":2,"5":2},"Agents":[null,{"utility":11,"ID":1},{"utility":76,"ID":2},{"utility":0,"ID":3},{"utility":32,"ID":4},{"utility":95,"ID":5}],"LAST COALITION":[[],[],[{"utility":32,"ID":4},{"utility":95,"ID":5}],[{"utility":0,"ID":3}],[{"utility":11,"ID":1},{"utility":76,"ID":2}],[]],"STARTING COALITION: ":[[null],[{"utility":0,"ID":1}],[{"utility":66.5,"ID":2},{"utility":39,"ID":4},{"utility":55,"ID":5}],[{"utility":0,"ID":3}],[],[]],"CORE :":false,"LAST PARTITION":{"1":4,"2":4,"3":3,"4":2,"5":2}},{"STARTING PARTITION: ":{"1":1,"2":2,"3":3,"4":3,"5":3},"Agents":[null,{"utility":100,"ID":1},{"utility":93,"ID":2},{"utility":0,"ID":3},{"utility":46,"ID":4},{"utility":94,"ID":5}],"LAST COALITION":[[],[{"utility":100,"ID":1},{"utility":94,"ID":5}],[{"utility":0,"ID":3}],[],[{"utility":93,"ID":2},{"utility":46,"ID":4}],[]],"STARTING COALITION: ":[[null],[{"utility":0,"ID":1}],[{"utility":0,"ID":2}],[{"utility":77.5,"ID":3},{"utility":42,"ID":4},{"utility":50.5,"ID":5}],[],[]],"CORE :":false,"LAST PARTITION":{"1":1,"2":4,"3":2,"4":4,"5":1}},{"STARTING PARTITION: ":{"1":2,"2":1,"3":2,"4":2,"5":3},"Agents":[null,{"utility":100,"ID":1},{"utility":93,"ID":2},{"utility":0,"ID":3},{"utility":46,"ID":4},{"utility":94,"ID":5}],"LAST COALITION":[[],[{"utility":93,"ID":2},{"utility":46,"ID":4}],[],[{"utility":0,"ID":3}],[{"utility":100,"ID":1},{"utility":94,"ID":5}],[]],"STARTING COALITION: ":[[null],[{"utility":0,"ID":2}],[{"utility":60.5,"ID":1},{"utility":58.5,"ID":3},{"utility":42,"ID":4}],[{"utility":0,"ID":5}],[],[]],"CORE :":false,"LAST PARTITION":{"1":4,"2":1,"3":3,"4":1,"5":4}},{"STARTING PARTITION: ":{"1":3,"2":3,"3":1,"4":1,"5":2},"Agents":[null,{"utility":100,"ID":1},{"utility":93,"ID":2},{"utility":0,"ID":3},{"utility":46,"ID":4},{"utility":94,"ID":5}],"LAST COALITION":[[],[],[{"utility":0,"ID":3}],[{"utility":93,"ID":2},{"utility":46,"ID":4}],[{"utility":100,"ID":1},{"utility":94,"ID":5}],[]],"STARTING COALITION: ":[[null],[{"utility":83,"ID":3},{"utility":52,"ID":4}],[{"utility":0,"ID":5}],[{"utility":11,"ID":1},{"utility":76,"ID":2}],[],[]],"CORE :":false,"LAST PARTITION":{"1":4,"2":3,"3":2,"4":3,"5":4}},{"STARTING PARTITION: ":{"1":1,"2":1,"3":1,"4":2,"5":2},"Agents":[null,{"utility":100,"ID":1},{"utility":0,"ID":2},{"utility":83,"ID":3},{"utility":52,"ID":4},{"utility":94,"ID":5}],"LAST COALITION":[[],[],[{"utility":83,"ID":3},{"utility":52,"ID":4}],[{"utility":0,"ID":2}],[{"utility":100,"ID":1},{"utility":94,"ID":5}],[]],"STARTING COALITION: ":[[null],[{"utility":45,"ID":1},{"utility":72,"ID":2},{"utility":63.5,"ID":3}],[{"utility":32,"ID":4},{"utility":95,"ID":5}],[],[],[]],"CORE :":false,"LAST PARTITION":{"1":4,"2":3,"3":2,"4":2,"5":4}},{"STARTING PARTITION: ":{"1":2,"2":2,"3":3,"4":2,"5":2},"Agents":[null,{"utility":100,"ID":1},{"utility":68,"ID":2},{"utility":93,"ID":3},{"utility":0,"ID":4},{"utility":94,"ID":5}],"LAST COALITION":[[],[{"utility":68,"ID":2},{"utility":93,"ID":3}],[],[{"utility":100,"ID":1},{"utility":94,"ID":5}],[{"utility":0,"ID":4}],[]],"STARTING COALITION: ":[[null],[],[{"utility":51,"ID":1},{"utility":69.66666666666667,"ID":2},{"utility":36.666666666666664,"ID":4},{"utility":68,"ID":5}],[{"utility":0,"ID":3}],[],[]],"CORE :":false,"LAST PARTITION":{"1":3,"2":1,"3":1,"4":4,"5":3}},{"STARTING PARTITION: ":{"1":1,"2":3,"3":2,"4":1,"5":1},"Agents":[null,{"utility":11,"ID":1},{"utility":76,"ID":2},{"utility":0,"ID":3},{"utility":32,"ID":4},{"utility":95,"ID":5}],"LAST COALITION":[[],[{"utility":32,"ID":4},{"utility":95,"ID":5}],[{"utility":0,"ID":3}],[{"utility":11,"ID":1},{"utility":76,"ID":2}],[],[]],"STARTING COALITION: ":[[null],[{"utility":71,"ID":1},{"utility":32,"ID":4},{"utility":94.5,"ID":5}],[{"utility":0,"ID":3}],[{"utility":0,"ID":2}],[],[]],"CORE :":false,"LAST PARTITION":{"1":3,"2":3,"3":2,"4":1,"5":1}},{"STARTING PARTITION: ":{"1":3,"2":2,"3":3,"4":2,"5":3},"Agents":[null,{"utility":100,"ID":1},{"utility":93,"ID":2},{"utility":0,"ID":3},{"utility":46,"ID":4},{"utility":94,"ID":5}],"LAST COALITION":[[],[{"utility":100,"ID":1},{"utility":94,"ID":5}],[{"utility":93,"ID":2},{"utility":46,"ID":4}],[{"utility":0,"ID":3}],[],[]],"STARTING COALITION: ":[[null],[],[{"utility":93,"ID":2},{"utility":46,"ID":4}],[{"utility":89.5,"ID":1},{"utility":53,"ID":3},{"utility":50,"ID":5}],[],[]],"CORE :":false,"LAST PARTITION":{"1":1,"2":2,"3":3,"4":2,"5":1}},{"STARTING PARTITION: ":{"1":2,"2":3,"3":1,"4":2,"5":2},"Agents":[null,{"utility":0,"ID":1},{"utility":68,"ID":2},{"utility":93,"ID":3},{"utility":32,"ID":4},{"utility":95,"ID":5}],"LAST COALITION":[[],[{"utility":68,"ID":2},{"utility":93,"ID":3}],[{"utility":32,"ID":4},{"utility":95,"ID":5}],[],[{"utility":0,"ID":1}],[]],"STARTING COALITION: ":[[null],[{"utility":0,"ID":3}],[{"utility":71,"ID":1},{"utility":32,"ID":4},{"utility":94.5,"ID":5}],[{"utility":0,"ID":2}],[],[]],"CORE :":false,"LAST PARTITION":{"1":4,"2":1,"3":1,"4":2,"5":2}},{"STARTING PARTITION: ":{"1":3,"2":3,"3":2,"4":3,"5":2},"Agents":[null,{"utility":100,"ID":1},{"utility":0,"ID":2},{"utility":83,"ID":3},{"utility":52,"ID":4},{"utility":94,"ID":5}],"LAST COALITION":[[],[{"utility":100,"ID":1},{"utility":94,"ID":5}],[],[{"utility":0,"ID":2}],[{"utility":83,"ID":3},{"utility":52,"ID":4}],[]],"STARTING COALITION: ":[[null],[],[{"utility":72,"ID":3},{"utility":6,"ID":5}],[{"utility":26.5,"ID":1},{"utility":84.5,"ID":2},{"utility":39,"ID":4}],[],[]],"CORE :":false,"LAST PARTITION":{"1":1,"2":3,"3":4,"4":4,"5":1}},{"STARTING PARTITION: ":{"1":1,"2":1,"3":3,"4":3,"5":3},"Agents":[null,{"utility":100,"ID":1},{"utility":93,"ID":2},{"utility":0,"ID":3},{"utility":46,"ID":4},{"utility":94,"ID":5}],"LAST COALITION":[[],[{"utility":93,"ID":2},{"utility":46,"ID":4}],[{"utility":100,"ID":1},{"utility":94,"ID":5}],[],[{"utility":0,"ID":3}],[]],"STARTING COALITION: ":[[null],[{"utility":11,"ID":1},{"utility":76,"ID":2}],[],[{"utility":77.5,"ID":3},{"utility":42,"ID":4},{"utility":50.5,"ID":5}],[],[]],"CORE :":false,"LAST PARTITION":{"1":2,"2":1,"3":4,"4":1,"5":2}},{"END OF FILE:" : true}]