[{"STARTING PARTITION: ":{"1":2,"2":2,"3":1,"4":1,"5":3},"Agents":[null,{"utility":91,"ID":1},{"utility":45,"ID":2},{"utility":0,"ID":3},{"utility":99,"ID":4},{"utility":60,"ID":5}],"LAST COALITION":[[],[{"utility":45,"ID":2},{"utility":60,"ID":5}],[],[],[{"utility":0,"ID":3}],[{"utility":91,"ID":1},{"utility":99,"ID":4}]],"STARTING COALITION: ":[[null],[{"utility":1,"ID":3},{"utility":48,"ID":4}],[{"utility":97,"ID":1},{"utility":29,"ID":2}],[{"utility":0,"ID":5}],[],[]],"CORE :":true,"LAST PARTITION":{"1":5,"2":1,"3":4,"4":5,"5":1}},{"STARTING PARTITION: ":{"1":3,"2":3,"3":1,"4":3,"5":2},"Agents":[null,{"utility":94,"ID":1},{"utility":49,"ID":2},{"utility":86,"ID":3},{"utility":63,"ID":4},{"utility":60,"ID":5}],"LAST COALITION":[[],[],[],[{"utility":94,"ID":1},{"utility":49,"ID":2},{"utility":63,"ID":4}],[{"utility":86,"ID":3},{"utility":60,"ID":5}],[]],"STARTING COALITION: ":[[null],[{"utility":0,"ID":3}],[{"utility":0,"ID":5}],[{"utility":94,"ID":1},{"utility":49,"ID":2},{"utility":63,"ID":4}],[],[]],"CORE :":true,"LAST PARTITION":{"1":3,"2":3,"3":4,"4":3,"5":4}},{"STARTING PARTITION: ":{"1":2,"2":2,"3":1,"4":3,"5":1},"Agents":[null,{"utility":0,"ID":1},{"utility":69,"ID":2},{"utility":86,"ID":3},{"utility":27,"ID":4},{"utility":60,"ID":5}],"LAST COALITION":[[],[{"utility":86,"ID":3},{"utility":60,"ID":5}],[{"utility":0,"ID":1}],[],[{"utility":69,"ID":2},{"utility":27,"ID":4}],[]],"STARTING COALITION: ":[[null],[{"utility":86,"ID":3},{"utility":60,"ID":5}],[{"utility":97,"ID":1},{"utility":29,"ID":2}],[{"utility":0,"ID":4}],[],[]],"CORE :":false,"LAST PARTITION":{"1":2,"2":4,"3":1,"4":4,"5":1}},{"STARTING PARTITION: ":{"1":3,"2":1,"3":2,"4":3,"5":3},"Agents":[null,{"utility":91,"ID":1},{"utility":45,"ID":2},{"utility":0,"ID":3},{"utility":99,"ID":4},{"utility":60,"ID":5}],"LAST COALITION":[[],[{"utility":0,"ID":3}],[{"utility":91,"ID":1},{"utility":99,"ID":4}],[],[{"utility":45,"ID":2},{"utility":60,"ID":5}],[]],"STARTING COALITION: ":[[null],[{"utility":0,"ID":2}],[{"utility":0,"ID":3}],[{"utility":76.5,"ID":1},{"utility":93,"ID":4},{"utility":57.5,"ID":5}],[],[]],"CORE :":true,"LAST PARTITION":{"1":2,"2":4,"3":1,"4":2,"5":4}},{"STARTING PARTITION: ":{"1":2,"2":1,"3":2,"4":1,"5":1},"Agents":[null,{"utility":91,"ID":1},{"utility":45,"ID":2},{"utility":0,"ID":3},{"utility":99,"ID":4},{"utility":60,"ID":5}],"LAST COALITION":[[],[{"utility":45,"ID":2},{"utility":60,"ID":5}],[{"utility":0,"ID":3}],[{"utility":91,"ID":1},{"utility":99,"ID":4}],[],[]],"STARTING COALITION: ":[[null],[{"utility":57,"ID":2},{"utility":57,"ID":4},{"utility":50.5,"ID":5}],[{"utility":42,"ID":1},{"utility":34,"ID":3}],[],[],[]],"CORE :":true,"LAST PARTITION":{"1":3,"2":1,"3":2,"4":3,"5":1}},{"STARTING PARTITION: ":{"1":2,"2":1,"3":1,"4":3,"5":3},"Agents":[null,{"utility":91,"ID":1},{"utility":45,"ID":2},{"utility":0,"ID":3},{"utility":99,"ID":4},{"utility":60,"ID":5}],"LAST COALITION":[[],[{"utility":0,"ID":3}],[{"utility":45,"ID":2},{"utility":60,"ID":5}],[],[{"utility":91,"ID":1},{"utility":99,"ID":4}],[]],"STARTING COALITION: ":[[null],[{"utility":40,"ID":2},{"utility":59,"ID":3}],[{"utility":0,"ID":1}],[{"utility":87,"ID":4},{"utility":41,"ID":5}],[],[]],"CORE :":true,"LAST PARTITION":{"1":4,"2":2,"3":1,"4":4,"5":2}},{"STARTING PARTITION: ":{"1":3,"2":1,"3":1,"4":3,"5":2},"Agents":[null,{"utility":91,"ID":1},{"utility":45,"ID":2},{"utility":0,"ID":3},{"utility":99,"ID":4},{"utility":60,"ID":5}],"LAST COALITION":[[],[{"utility":0,"ID":3}],[],[{"utility":91,"ID":1},{"utility":99,"ID":4}],[{"utility":45,"ID":2},{"utility":60,"ID":5}],[]],"STARTING COALITION: ":[[null],[{"utility":40,"ID":2},{"utility":59,"ID":3}],[{"utility":0,"ID":5}],[{"utility":91,"ID":1},{"utility":99,"ID":4}],[],[]],"CORE :":true,"LAST PARTITION":{"1":3,"2":4,"3":1,"4":3,"5":4}},{"STARTING PARTITION: ":{"1":2,"2":3,"3":3,"4":2,"5":1},"Agents":[null,{"utility":91,"ID":1},{"utility":45,"ID":2},{"utility":0,"ID":3},{"utility":99,"ID":4},{"utility":60,"ID":5}],"LAST COALITION":[[],[],[{"utility":91,"ID":1},{"utility":99,"ID":4}],[{"utility":0,"ID":3}],[{"utility":45,"ID":2},{"utility":60,"ID":5}],[]],"STARTING COALITION: ":[[null],[{"utility":0,"ID":5}],[{"utility":91,"ID":1},{"utility":99,"ID":4}],[{"utility":40,"ID":2},{"utility":59,"ID":3}],[],[]],"CORE :":true,"LAST PARTITION":{"1":2,"2":4,"3":3,"4":2,"5":4}},{"STARTING PARTITION: ":{"1":2,"2":2,"3":2,"4":2,"5":2},"Agents":[null,{"utility":91,"ID":1},{"utility":42.5,"ID":2},{"utility":72.5,"ID":3},{"utility":99,"ID":4},{"utility":60,"ID":5}],"LAST COALITION":[[],[{"utility":91,"ID":1},{"utility":99,"ID":4}],[{"utility":42.5,"ID":2},{"utility":72.5,"ID":3},{"utility":60,"ID":5}],[],[],[]],"STARTING COALITION: ":[[null],[],[{"utility":73,"ID":1},{"utility":45.75,"ID":2},{"utility":45,"ID":3},{"utility":65.25,"ID":4},{"utility":58.75,"ID":5}],[],[],[]],"CORE :":true,"LAST PARTITION":{"1":1,"2":2,"3":2,"4":1,"5":2}},{"STARTING PARTITION: ":{"1":2,"2":3,"3":3,"4":2,"5":2},"Agents":[null,{"utility":91,"ID":1},{"utility":45,"ID":2},{"utility":0,"ID":3},{"utility":99,"ID":4},{"utility":60,"ID":5}],"LAST COALITION":[[],[{"utility":91,"ID":1},{"utility":99,"ID":4}],[],[{"utility":0,"ID":3}],[{"utility":45,"ID":2},{"utility":60,"ID":5}],[]],"STARTING COALITION: ":[[null],[],[{"utility":76.5,"ID":1},{"utility":93,"ID":4},{"utility":57.5,"ID":5}],[{"utility":40,"ID":2},{"utility":59,"ID":3}],[],[]],"CORE :":true,"LAST PARTITION":{"1":1,"2":4,"3":3,"4":1,"5":4}},{"STARTING PARTITION: ":{"1":3,"2":2,"3":2,"4":3,"5":3},"Agents":[null,{"utility":91,"ID":1},{"utility":45,"ID":2},{"utility":0,"ID":3},{"utility":99,"ID":4},{"utility":60,"ID":5}],"LAST COALITION":[[],[{"utility":91,"ID":1},{"utility":99,"ID":4}],[{"utility":0,"ID":3}],[],[{"utility":45,"ID":2},{"utility":60,"ID":5}],[]],"STARTING COALITION: ":[[null],[],[{"utility":40,"ID":2},{"utility":59,"ID":3}],[{"utility":76.5,"ID":1},{"utility":93,"ID":4},{"utility":57.5,"ID":5}],[],[]],"CORE :":true,"LAST PARTITION":{"1":1,"2":4,"3":2,"4":1,"5":4}},{"STARTING PARTITION: ":{"1":3,"2":1,"3":2,"4":2,"5":1},"Agents":[null,{"utility":91,"ID":1},{"utility":45,"ID":2},{"utility":0,"ID":3},{"utility":99,"ID":4},{"utility":60,"ID":5}],"LAST COALITION":[[],[{"utility":45,"ID":2},{"utility":60,"ID":5}],[],[{"utility":91,"ID":1},{"utility":99,"ID":4}],[{"utility":0,"ID":3}],[]],"STARTING COALITION: ":[[null],[{"utility":45,"ID":2},{"utility":60,"ID":5}],[{"utility":1,"ID":3},{"utility":48,"ID":4}],[{"utility":0,"ID":1}],[],[]],"CORE :":true,"LAST PARTITION":{"1":3,"2":1,"3":4,"4":3,"5":1}},{"STARTING PARTITION: ":{"1":2,"2":1,"3":1,"4":3,"5":1},"Agents":[null,{"utility":91,"ID":1},{"utility":42.5,"ID":2},{"utility":72.5,"ID":3},{"utility":99,"ID":4},{"utility":60,"ID":5}],"LAST COALITION":[[],[{"utility":42.5,"ID":2},{"utility":72.5,"ID":3},{"utility":60,"ID":5}],[],[],[{"utility":91,"ID":1},{"utility":99,"ID":4}],[]],"STARTING COALITION: ":[[null],[{"utility":42.5,"ID":2},{"utility":72.5,"ID":3},{"utility":60,"ID":5}],[{"utility":0,"ID":1}],[{"utility":0,"ID":4}],[],[]],"CORE :":true,"LAST PARTITION":{"1":4,"2":1,"3":1,"4":4,"5":1}},{"STARTING PARTITION: ":{"1":1,"2":2,"3":3,"4":3,"5":2},"Agents":[null,{"utility":91,"ID":1},{"utility":45,"ID":2},{"utility":0,"ID":3},{"utility":99,"ID":4},{"utility":60,"ID":5}],"LAST COALITION":[[],[{"utility":91,"ID":1},{"utility":99,"ID":4}],[{"utility":45,"ID":2},{"utility":60,"ID":5}],[],[{"utility":0,"ID":3}],[]],"STARTING COALITION: ":[[null],[{"utility":0,"ID":1}],[{"utility":45,"ID":2},{"utility":60,"ID":5}],[{"utility":1,"ID":3},{"utility":48,"ID":4}],[],[]],"CORE :":true,"LAST PARTITION":{"1":1,"2":2,"3":4,"4":1,"5":2}},{"STARTING PARTITION: ":{"1":3,"2":2,"3":3,"4":2,"5":1},"Agents":[null,{"utility":91,"ID":1},{"utility":45,"ID":2},{"utility":0,"ID":3},{"utility":99,"ID":4},{"utility":60,"ID":5}],"LAST COALITION":[[],[],[{"utility":0,"ID":3}],[{"utility":91,"ID":1},{"utility":99,"ID":4}],[{"utility":45,"ID":2},{"utility":60,"ID":5}],[]],"STARTING COALITION: ":[[null],[{"utility":0,"ID":5}],[{"utility":69,"ID":2},{"utility":27,"ID":4}],[{"utility":42,"ID":1},{"utility":34,"ID":3}],[],[]],"CORE :":true,"LAST PARTITION":{"1":3,"2":4,"3":2,"4":3,"5":4}},{"STARTING PARTITION: ":{"1":3,"2":2,"3":2,"4":2,"5":3},"Agents":[null,{"utility":91,"ID":1},{"utility":45,"ID":2},{"utility":0,"ID":3},{"utility":99,"ID":4},{"utility":60,"ID":5}],"LAST COALITION":[[],[{"utility":91,"ID":1},{"utility":99,"ID":4}],[{"utility":0,"ID":3}],[],[{"utility":45,"ID":2},{"utility":60,"ID":5}],[]],"STARTING COALITION: ":[[null],[],[{"utility":54.5,"ID":2},{"utility":30,"ID":3},{"utility":37.5,"ID":4}],[{"utility":62,"ID":1},{"utility":74,"ID":5}],[],[]],"CORE :":true,"LAST PARTITION":{"1":1,"2":4,"3":2,"4":1,"5":4}},{"STARTING PARTITION: ":{"1":3,"2":3,"3":1,"4":1,"5":3},"Agents":[null,{"utility":91,"ID":1},{"utility":45,"ID":2},{"utility":0,"ID":3},{"utility":99,"ID":4},{"utility":60,"ID":5}],"LAST COALITION":[[],[{"utility":0,"ID":3}],[{"utility":91,"ID":1},{"utility":99,"ID":4}],[{"utility":45,"ID":2},{"utility":60,"ID":5}],[],[]],"STARTING COALITION: ":[[null],[{"utility":1,"ID":3},{"utility":48,"ID":4}],[],[{"utility":79.5,"ID":1},{"utility":37,"ID":2},{"utility":67,"ID":5}],[],[]],"CORE :":true,"LAST PARTITION":{"1":2,"2":3,"3":1,"4":2,"5":3}},{"STARTING PARTITION: ":{"1":1,"2":2,"3":3,"4":2,"5":2},"Agents":[null,{"utility":91,"ID":1},{"utility":45,"ID":2},{"utility":0,"ID":3},{"utility":99,"ID":4},{"utility":60,"ID":5}],"LAST COALITION":[[],[{"utility":91,"ID":1},{"utility":99,"ID":4}],[{"utility":45,"ID":2},{"utility":60,"ID":5}],[],[{"utility":0,"ID":3}],[]],"STARTING COALITION: ":[[null],[{"utility":0,"ID":1}],[{"utility":57,"ID":2},{"utility":57,"ID":4},{"utility":50.5,"ID":5}],[{"utility":0,"ID":3}],[],[]],"CORE :":true,"LAST PARTITION":{"1":1,"2":2,"3":4,"4":1,"5":2}},{"STARTING PARTITION: ":{"1":3,"2":2,"3":1,"4":2,"5":1},"Agents":[null,{"utility":91,"ID":1},{"utility":0,"ID":2},{"utility":86,"ID":3},{"utility":99,"ID":4},{"utility":60,"ID":5}],"LAST COALITION":[[],[{"utility":86,"ID":3},{"utility":60,"ID":5}],[{"utility":0,"ID":2}],[],[{"utility":91,"ID":1},{"utility":99,"ID":4}],[]],"STARTING COALITION: ":[[null],[{"utility":86,"ID":3},{"utility":60,"ID":5}],[{"utility":69,"ID":2},{"utility":27,"ID":4}],[{"utility":0,"ID":1}],[],[]],"CORE :":false,"LAST PARTITION":{"1":4,"2":2,"3":1,"4":4,"5":1}},{"STARTING PARTITION: ":{"1":3,"2":2,"3":2,"4":2,"5":2},"Agents":[null,{"utility":91,"ID":1},{"utility":42.5,"ID":2},{"utility":72.5,"ID":3},{"utility":99,"ID":4},{"utility":60,"ID":5}],"LAST COALITION":[[],[{"utility":91,"ID":1},{"utility":99,"ID":4}],[{"utility":42.5,"ID":2},{"utility":72.5,"ID":3},{"utility":60,"ID":5}],[],[],[]],"STARTING COALITION: ":[[null],[],[{"utility":51.333333333333336,"ID":2},{"utility":48.666666666666664,"ID":3},{"utility":54,"ID":4},{"utility":53.666666666666664,"ID":5}],[{"utility":0,"ID":1}],[],[]],"CORE :":true,"LAST PARTITION":{"1":1,"2":2,"3":2,"4":1,"5":2}},{"END OF FILE:" : true}]