[{"STARTING PARTITION: ":{"1":1,"2":2,"3":1,"4":1,"5":3},"Agents":[null,{"utility":31,"ID":1},{"utility":0,"ID":2},{"utility":79,"ID":3},{"utility":94,"ID":4},{"utility":64,"ID":5}],"LAST COALITION":[[],[],[{"utility":94,"ID":4},{"utility":64,"ID":5}],[{"utility":0,"ID":2}],[{"utility":31,"ID":1},{"utility":79,"ID":3}],[]],"STARTING COALITION: ":[[null],[{"utility":42.5,"ID":1},{"utility":51.5,"ID":3},{"utility":70,"ID":4}],[{"utility":0,"ID":2}],[{"utility":0,"ID":5}],[],[]],"CORE :":true,"LAST PARTITION":{"1":4,"2":3,"3":4,"4":2,"5":2}},{"STARTING PARTITION: ":{"1":3,"2":3,"3":1,"4":2,"5":2},"Agents":[null,{"utility":31,"ID":1},{"utility":0,"ID":2},{"utility":79,"ID":3},{"utility":94,"ID":4},{"utility":64,"ID":5}],"LAST COALITION":[[],[],[{"utility":94,"ID":4},{"utility":64,"ID":5}],[{"utility":0,"ID":2}],[{"utility":31,"ID":1},{"utility":79,"ID":3}],[]],"STARTING COALITION: ":[[null],[{"utility":0,"ID":3}],[{"utility":94,"ID":4},{"utility":64,"ID":5}],[{"utility":3,"ID":1},{"utility":27,"ID":2}],[],[]],"CORE :":true,"LAST PARTITION":{"1":4,"2":3,"3":4,"4":2,"5":2}},{"STARTING PARTITION: ":{"1":3,"2":2,"3":3,"4":1,"5":1},"Agents":[null,{"utility":31,"ID":1},{"utility":0,"ID":2},{"utility":79,"ID":3},{"utility":94,"ID":4},{"utility":64,"ID":5}],"LAST COALITION":[[],[{"utility":94,"ID":4},{"utility":64,"ID":5}],[{"utility":0,"ID":2}],[{"utility":31,"ID":1},{"utility":79,"ID":3}],[],[]],"STARTING COALITION: ":[[null],[{"utility":94,"ID":4},{"utility":64,"ID":5}],[{"utility":0,"ID":2}],[{"utility":31,"ID":1},{"utility":79,"ID":3}],[],[]],"CORE :":true,"LAST PARTITION":{"1":3,"2":2,"3":3,"4":1,"5":1}},{"STARTING PARTITION: ":{"1":2,"2":2,"3":3,"4":3,"5":2},"Agents":[null,{"utility":31,"ID":1},{"utility":0,"ID":2},{"utility":79,"ID":3},{"utility":94,"ID":4},{"utility":64,"ID":5}],"LAST COALITION":[[],[],[{"utility":94,"ID":4},{"utility":64,"ID":5}],[{"utility":31,"ID":1},{"utility":79,"ID":3}],[],[{"utility":0,"ID":2}]],"STARTING COALITION: ":[[null],[],[{"utility":15,"ID":1},{"utility":43.5,"ID":2},{"utility":18.5,"ID":5}],[{"utility":24,"ID":3},{"utility":53,"ID":4}],[],[]],"CORE :":true,"LAST PARTITION":{"1":3,"2":5,"3":3,"4":2,"5":2}},{"STARTING PARTITION: ":{"1":1,"2":3,"3":3,"4":2,"5":2},"Agents":[null,{"utility":31,"ID":1},{"utility":0,"ID":2},{"utility":79,"ID":3},{"utility":94,"ID":4},{"utility":64,"ID":5}],"LAST COALITION":[[],[],[{"utility":94,"ID":4},{"utility":64,"ID":5}],[{"utility":0,"ID":2}],[{"utility":31,"ID":1},{"utility":79,"ID":3}],[]],"STARTING COALITION: ":[[null],[{"utility":0,"ID":1}],[{"utility":94,"ID":4},{"utility":64,"ID":5}],[{"utility":99,"ID":2},{"utility":31,"ID":3}],[],[]],"CORE :":true,"LAST PARTITION":{"1":4,"2":3,"3":4,"4":2,"5":2}},{"STARTING PARTITION: ":{"1":2,"2":3,"3":3,"4":2,"5":3},"Agents":[null,{"utility":31,"ID":1},{"utility":0,"ID":2},{"utility":79,"ID":3},{"utility":94,"ID":4},{"utility":64,"ID":5}],"LAST COALITION":[[],[],[{"utility":31,"ID":1},{"utility":79,"ID":3}],[],[{"utility":94,"ID":4},{"utility":64,"ID":5}],[{"utility":0,"ID":2}]],"STARTING COALITION: ":[[null],[],[{"utility":54,"ID":1},{"utility":87,"ID":4}],[{"utility":79.5,"ID":2},{"utility":60,"ID":3},{"utility":47,"ID":5}],[],[]],"CORE :":true,"LAST PARTITION":{"1":2,"2":5,"3":2,"4":4,"5":4}},{"STARTING PARTITION: ":{"1":2,"2":2,"3":3,"4":2,"5":1},"Agents":[null,{"utility":31,"ID":1},{"utility":0,"ID":2},{"utility":79,"ID":3},{"utility":94,"ID":4},{"utility":64,"ID":5}],"LAST COALITION":[[],[{"utility":94,"ID":4},{"utility":64,"ID":5}],[],[{"utility":31,"ID":1},{"utility":79,"ID":3}],[{"utility":0,"ID":2}],[]],"STARTING COALITION: ":[[null],[{"utility":0,"ID":5}],[{"utility":28.5,"ID":1},{"utility":23.5,"ID":2},{"utility":82,"ID":4}],[{"utility":0,"ID":3}],[],[]],"CORE :":true,"LAST PARTITION":{"1":3,"2":4,"3":3,"4":1,"5":1}},{"STARTING PARTITION: ":{"1":3,"2":2,"3":2,"4":3,"5":2},"Agents":[null,{"utility":31,"ID":1},{"utility":0,"ID":2},{"utility":79,"ID":3},{"utility":94,"ID":4},{"utility":64,"ID":5}],"LAST COALITION":[[],[],[{"utility":31,"ID":1},{"utility":79,"ID":3}],[],[{"utility":94,"ID":4},{"utility":64,"ID":5}],[{"utility":0,"ID":2}]],"STARTING COALITION: ":[[null],[],[{"utility":79.5,"ID":2},{"utility":60,"ID":3},{"utility":47,"ID":5}],[{"utility":54,"ID":1},{"utility":87,"ID":4}],[],[]],"CORE :":true,"LAST PARTITION":{"1":2,"2":5,"3":2,"4":4,"5":4}},{"STARTING PARTITION: ":{"1":2,"2":2,"3":3,"4":2,"5":3},"Agents":[null,{"utility":31,"ID":1},{"utility":0,"ID":2},{"utility":79,"ID":3},{"utility":94,"ID":4},{"utility":64,"ID":5}],"LAST COALITION":[[],[{"utility":31,"ID":1},{"utility":79,"ID":3}],[],[],[{"utility":94,"ID":4},{"utility":64,"ID":5}],[{"utility":0,"ID":2}]],"STARTING COALITION: ":[[null],[],[{"utility":28.5,"ID":1},{"utility":23.5,"ID":2},{"utility":82,"ID":4}],[{"utility":89,"ID":3},{"utility":61,"ID":5}],[],[]],"CORE :":true,"LAST PARTITION":{"1":1,"2":5,"3":1,"4":4,"5":4}},{"STARTING PARTITION: ":{"1":2,"2":3,"3":1,"4":1,"5":2},"Agents":[null,{"utility":31,"ID":1},{"utility":0,"ID":2},{"utility":79,"ID":3},{"utility":94,"ID":4},{"utility":64,"ID":5}],"LAST COALITION":[[],[{"utility":31,"ID":1},{"utility":79,"ID":3}],[{"utility":94,"ID":4},{"utility":64,"ID":5}],[],[{"utility":0,"ID":2}],[]],"STARTING COALITION: ":[[null],[{"utility":24,"ID":3},{"utility":53,"ID":4}],[{"utility":27,"ID":1},{"utility":4,"ID":5}],[{"utility":0,"ID":2}],[],[]],"CORE :":true,"LAST PARTITION":{"1":1,"2":4,"3":1,"4":2,"5":2}},{"STARTING PARTITION: ":{"1":3,"2":1,"3":3,"4":3,"5":2},"Agents":[null,{"utility":31,"ID":1},{"utility":0,"ID":2},{"utility":79,"ID":3},{"utility":94,"ID":4},{"utility":64,"ID":5}],"LAST COALITION":[[],[],[{"utility":94,"ID":4},{"utility":64,"ID":5}],[{"utility":0,"ID":2}],[{"utility":31,"ID":1},{"utility":79,"ID":3}],[]],"STARTING COALITION: ":[[null],[{"utility":0,"ID":2}],[{"utility":0,"ID":5}],[{"utility":42.5,"ID":1},{"utility":51.5,"ID":3},{"utility":70,"ID":4}],[],[]],"CORE :":true,"LAST PARTITION":{"1":4,"2":3,"3":4,"4":2,"5":2}},{"STARTING PARTITION: ":{"1":2,"2":1,"3":3,"4":2,"5":2},"Agents":[null,{"utility":31,"ID":1},{"utility":0,"ID":2},{"utility":79,"ID":3},{"utility":94,"ID":4},{"utility":64,"ID":5}],"LAST COALITION":[[],[],[{"utility":31,"ID":1},{"utility":79,"ID":3}],[{"utility":94,"ID":4},{"utility":64,"ID":5}],[],[{"utility":0,"ID":2}]],"STARTING COALITION: ":[[null],[{"utility":0,"ID":2}],[{"utility":40.5,"ID":1},{"utility":90.5,"ID":4},{"utility":34,"ID":5}],[{"utility":0,"ID":3}],[],[]],"CORE :":true,"LAST PARTITION":{"1":2,"2":5,"3":2,"4":3,"5":3}},{"STARTING PARTITION: ":{"1":2,"2":2,"3":2,"4":3,"5":2},"Agents":[null,{"utility":31,"ID":1},{"utility":0,"ID":2},{"utility":79,"ID":3},{"utility":94,"ID":4},{"utility":64,"ID":5}],"LAST COALITION":[[],[],[{"utility":94,"ID":4},{"utility":64,"ID":5}],[{"utility":31,"ID":1},{"utility":79,"ID":3}],[],[{"utility":0,"ID":2}]],"STARTING COALITION: ":[[null],[],[{"utility":20.333333333333332,"ID":1},{"utility":62,"ID":2},{"utility":66.33333333333333,"ID":3},{"utility":32.666666666666664,"ID":5}],[{"utility":0,"ID":4}],[],[]],"CORE :":true,"LAST PARTITION":{"1":3,"2":5,"3":3,"4":2,"5":2}},{"STARTING PARTITION: ":{"1":3,"2":1,"3":2,"4":3,"5":3},"Agents":[null,{"utility":31,"ID":1},{"utility":0,"ID":2},{"utility":79,"ID":3},{"utility":94,"ID":4},{"utility":64,"ID":5}],"LAST COALITION":[[],[],[{"utility":94,"ID":4},{"utility":64,"ID":5}],[{"utility":31,"ID":1},{"utility":79,"ID":3}],[],[{"utility":0,"ID":2}]],"STARTING COALITION: ":[[null],[{"utility":0,"ID":2}],[{"utility":0,"ID":3}],[{"utility":40.5,"ID":1},{"utility":90.5,"ID":4},{"utility":34,"ID":5}],[],[]],"CORE :":true,"LAST PARTITION":{"1":3,"2":5,"3":3,"4":2,"5":2}},{"STARTING PARTITION: ":{"1":2,"2":1,"3":3,"4":2,"5":2},"Agents":[null,{"utility":31,"ID":1},{"utility":0,"ID":2},{"utility":79,"ID":3},{"utility":94,"ID":4},{"utility":64,"ID":5}],"LAST COALITION":[[],[],[{"utility":31,"ID":1},{"utility":79,"ID":3}],[{"utility":94,"ID":4},{"utility":64,"ID":5}],[],[{"utility":0,"ID":2}]],"STARTING COALITION: ":[[null],[{"utility":0,"ID":2}],[{"utility":40.5,"ID":1},{"utility":90.5,"ID":4},{"utility":34,"ID":5}],[{"utility":0,"ID":3}],[],[]],"CORE :":true,"LAST PARTITION":{"1":2,"2":5,"3":2,"4":3,"5":3}},{"STARTING PARTITION: ":{"1":3,"2":1,"3":3,"4":2,"5":3},"Agents":[null,{"utility":31,"ID":1},{"utility":0,"ID":2},{"utility":79,"ID":3},{"utility":94,"ID":4},{"utility":64,"ID":5}],"LAST COALITION":[[],[{"utility":31,"ID":1},{"utility":79,"ID":3}],[{"utility":94,"ID":4},{"utility":64,"ID":5}],[],[],[{"utility":0,"ID":2}]],"STARTING COALITION: ":[[null],[{"utility":0,"ID":2}],[{"utility":0,"ID":4}],[{"utility":29,"ID":1},{"utility":84,"ID":3},{"utility":32.5,"ID":5}],[],[]],"CORE :":true,"LAST PARTITION":{"1":1,"2":5,"3":1,"4":2,"5":2}},{"STARTING PARTITION: ":{"1":1,"2":3,"3":2,"4":2,"5":2},"Agents":[null,{"utility":31,"ID":1},{"utility":0,"ID":2},{"utility":79,"ID":3},{"utility":94,"ID":4},{"utility":64,"ID":5}],"LAST COALITION":[[],[{"utility":31,"ID":1},{"utility":79,"ID":3}],[{"utility":94,"ID":4},{"utility":64,"ID":5}],[],[{"utility":0,"ID":2}],[]],"STARTING COALITION: ":[[null],[{"utility":0,"ID":1}],[{"utility":56.5,"ID":3},{"utility":73.5,"ID":4},{"utility":62.5,"ID":5}],[{"utility":0,"ID":2}],[],[]],"CORE :":true,"LAST PARTITION":{"1":1,"2":4,"3":1,"4":2,"5":2}},{"STARTING PARTITION: ":{"1":3,"2":1,"3":3,"4":3,"5":2},"Agents":[null,{"utility":31,"ID":1},{"utility":0,"ID":2},{"utility":79,"ID":3},{"utility":94,"ID":4},{"utility":64,"ID":5}],"LAST COALITION":[[],[],[{"utility":94,"ID":4},{"utility":64,"ID":5}],[{"utility":0,"ID":2}],[{"utility":31,"ID":1},{"utility":79,"ID":3}],[]],"STARTING COALITION: ":[[null],[{"utility":0,"ID":2}],[{"utility":0,"ID":5}],[{"utility":42.5,"ID":1},{"utility":51.5,"ID":3},{"utility":70,"ID":4}],[],[]],"CORE :":true,"LAST PARTITION":{"1":4,"2":3,"3":4,"4":2,"5":2}},{"STARTING PARTITION: ":{"1":2,"2":1,"3":2,"4":1,"5":2},"Agents":[null,{"utility":31,"ID":1},{"utility":0,"ID":2},{"utility":79,"ID":3},{"utility":94,"ID":4},{"utility":64,"ID":5}],"LAST COALITION":[[],[{"utility":31,"ID":1},{"utility":79,"ID":3}],[],[],[{"utility":94,"ID":4},{"utility":64,"ID":5}],[{"utility":0,"ID":2}]],"STARTING COALITION: ":[[null],[{"utility":20,"ID":2},{"utility":77,"ID":4}],[{"utility":29,"ID":1},{"utility":84,"ID":3},{"utility":32.5,"ID":5}],[],[],[]],"CORE :":true,"LAST PARTITION":{"1":1,"2":5,"3":1,"4":4,"5":4}},{"STARTING PARTITION: ":{"1":2,"2":3,"3":2,"4":1,"5":2},"Agents":[null,{"utility":31,"ID":1},{"utility":0,"ID":2},{"utility":79,"ID":3},{"utility":94,"ID":4},{"utility":64,"ID":5}],"LAST COALITION":[[],[{"utility":94,"ID":4},{"utility":64,"ID":5}],[],[{"utility":31,"ID":1},{"utility":79,"ID":3}],[],[{"utility":0,"ID":2}]],"STARTING COALITION: ":[[null],[{"utility":0,"ID":4}],[{"utility":29,"ID":1},{"utility":84,"ID":3},{"utility":32.5,"ID":5}],[{"utility":0,"ID":2}],[],[]],"CORE :":true,"LAST PARTITION":{"1":3,"2":5,"3":3,"4":1,"5":1}},{"END OF FILE:" : true}]