[{"STARTING PARTITION: ":{"1":3,"2":1,"3":1,"4":1,"5":3},"Agents":[null,{"utility":13,"ID":1},{"utility":85,"ID":2},{"utility":58,"ID":3},{"utility":0,"ID":4},{"utility":56,"ID":5}],"LAST COALITION":[[],[{"utility":0,"ID":4}],[{"utility":85,"ID":2},{"utility":56,"ID":5}],[],[{"utility":13,"ID":1},{"utility":58,"ID":3}],[]],"STARTING COALITION: ":[[null],[{"utility":58,"ID":2},{"utility":28.5,"ID":3},{"utility":13.5,"ID":4}],[],[{"utility":98,"ID":1},{"utility":38,"ID":5}],[],[]],"CORE :":true,"LAST PARTITION":{"1":4,"2":2,"3":4,"4":1,"5":2}},{"STARTING PARTITION: ":{"1":1,"2":2,"3":2,"4":1,"5":2},"Agents":[null,{"utility":13,"ID":1},{"utility":85,"ID":2},{"utility":58,"ID":3},{"utility":0,"ID":4},{"utility":56,"ID":5}],"LAST COALITION":[[],[],[{"utility":85,"ID":2},{"utility":56,"ID":5}],[],[{"utility":0,"ID":4}],[{"utility":13,"ID":1},{"utility":58,"ID":3}]],"STARTING COALITION: ":[[null],[{"utility":11,"ID":1},{"utility":15,"ID":4}],[{"utility":61,"ID":2},{"utility":33.5,"ID":3},{"utility":69.5,"ID":5}],[],[],[]],"CORE :":true,"LAST PARTITION":{"1":5,"2":2,"3":5,"4":4,"5":2}},{"STARTING PARTITION: ":{"1":3,"2":3,"3":1,"4":1,"5":3},"Agents":[null,{"utility":13,"ID":1},{"utility":85,"ID":2},{"utility":58,"ID":3},{"utility":0,"ID":4},{"utility":56,"ID":5}],"LAST COALITION":[[],[{"utility":0,"ID":4}],[{"utility":85,"ID":2},{"utility":56,"ID":5}],[],[{"utility":13,"ID":1},{"utility":58,"ID":3}],[]],"STARTING COALITION: ":[[null],[{"utility":39,"ID":3},{"utility":22,"ID":4}],[],[{"utility":80,"ID":1},{"utility":73.5,"ID":2},{"utility":47,"ID":5}],[],[]],"CORE :":true,"LAST PARTITION":{"1":4,"2":2,"3":4,"4":1,"5":2}},{"STARTING PARTITION: ":{"1":1,"2":1,"3":3,"4":2,"5":3},"Agents":[null,{"utility":13,"ID":1},{"utility":85,"ID":2},{"utility":58,"ID":3},{"utility":0,"ID":4},{"utility":56,"ID":5}],"LAST COALITION":[[],[],[],[{"utility":85,"ID":2},{"utility":56,"ID":5}],[{"utility":0,"ID":4}],[{"utility":13,"ID":1},{"utility":58,"ID":3}]],"STARTING COALITION: ":[[null],[{"utility":62,"ID":1},{"utility":62,"ID":2}],[{"utility":0,"ID":4}],[{"utility":49,"ID":3},{"utility":83,"ID":5}],[],[]],"CORE :":true,"LAST PARTITION":{"1":5,"2":3,"3":5,"4":4,"5":3}},{"STARTING PARTITION: ":{"1":3,"2":1,"3":3,"4":2,"5":1},"Agents":[null,{"utility":13,"ID":1},{"utility":85,"ID":2},{"utility":58,"ID":3},{"utility":0,"ID":4},{"utility":56,"ID":5}],"LAST COALITION":[[],[{"utility":85,"ID":2},{"utility":56,"ID":5}],[{"utility":0,"ID":4}],[{"utility":13,"ID":1},{"utility":58,"ID":3}],[],[]],"STARTING COALITION: ":[[null],[{"utility":85,"ID":2},{"utility":56,"ID":5}],[{"utility":0,"ID":4}],[{"utility":13,"ID":1},{"utility":58,"ID":3}],[],[]],"CORE :":true,"LAST PARTITION":{"1":3,"2":1,"3":3,"4":2,"5":1}},{"STARTING PARTITION: ":{"1":1,"2":1,"3":3,"4":1,"5":3},"Agents":[null,{"utility":36.5,"ID":1},{"utility":70.5,"ID":2},{"utility":49,"ID":3},{"utility":10,"ID":4},{"utility":83,"ID":5}],"LAST COALITION":[[],[{"utility":36.5,"ID":1},{"utility":70.5,"ID":2},{"utility":10,"ID":4}],[],[{"utility":49,"ID":3},{"utility":83,"ID":5}],[],[]],"STARTING COALITION: ":[[null],[{"utility":36.5,"ID":1},{"utility":70.5,"ID":2},{"utility":10,"ID":4}],[],[{"utility":49,"ID":3},{"utility":83,"ID":5}],[],[]],"CORE :":true,"LAST PARTITION":{"1":1,"2":1,"3":3,"4":1,"5":3}},{"STARTING PARTITION: ":{"1":2,"2":1,"3":3,"4":1,"5":3},"Agents":[null,{"utility":13,"ID":1},{"utility":85,"ID":2},{"utility":58,"ID":3},{"utility":0,"ID":4},{"utility":56,"ID":5}],"LAST COALITION":[[],[{"utility":0,"ID":4}],[],[{"utility":85,"ID":2},{"utility":56,"ID":5}],[],[{"utility":13,"ID":1},{"utility":58,"ID":3}]],"STARTING COALITION: ":[[null],[{"utility":79,"ID":2},{"utility":5,"ID":4}],[{"utility":0,"ID":1}],[{"utility":49,"ID":3},{"utility":83,"ID":5}],[],[]],"CORE :":true,"LAST PARTITION":{"1":5,"2":3,"3":5,"4":1,"5":3}},{"STARTING PARTITION: ":{"1":3,"2":1,"3":1,"4":1,"5":1},"Agents":[null,{"utility":13,"ID":1},{"utility":85,"ID":2},{"utility":58,"ID":3},{"utility":0,"ID":4},{"utility":56,"ID":5}],"LAST COALITION":[[],[{"utility":0,"ID":4}],[{"utility":13,"ID":1},{"utility":58,"ID":3}],[{"utility":85,"ID":2},{"utility":56,"ID":5}],[],[]],"STARTING COALITION: ":[[null],[{"utility":67,"ID":2},{"utility":35.333333333333336,"ID":3},{"utility":42,"ID":4},{"utility":64.33333333333333,"ID":5}],[],[{"utility":0,"ID":1}],[],[]],"CORE :":true,"LAST PARTITION":{"1":2,"2":3,"3":2,"4":1,"5":3}},{"STARTING PARTITION: ":{"1":1,"2":3,"3":3,"4":3,"5":1},"Agents":[null,{"utility":13,"ID":1},{"utility":85,"ID":2},{"utility":58,"ID":3},{"utility":0,"ID":4},{"utility":56,"ID":5}],"LAST COALITION":[[],[],[{"utility":85,"ID":2},{"utility":56,"ID":5}],[{"utility":0,"ID":4}],[{"utility":13,"ID":1},{"utility":58,"ID":3}],[]],"STARTING COALITION: ":[[null],[{"utility":98,"ID":1},{"utility":38,"ID":5}],[],[{"utility":58,"ID":2},{"utility":28.5,"ID":3},{"utility":13.5,"ID":4}],[],[]],"CORE :":true,"LAST PARTITION":{"1":4,"2":2,"3":4,"4":3,"5":2}},{"STARTING PARTITION: ":{"1":3,"2":1,"3":1,"4":1,"5":2},"Agents":[null,{"utility":13,"ID":1},{"utility":85,"ID":2},{"utility":58,"ID":3},{"utility":0,"ID":4},{"utility":56,"ID":5}],"LAST COALITION":[[],[{"utility":0,"ID":4}],[{"utility":85,"ID":2},{"utility":56,"ID":5}],[],[{"utility":13,"ID":1},{"utility":58,"ID":3}],[]],"STARTING COALITION: ":[[null],[{"utility":58,"ID":2},{"utility":28.5,"ID":3},{"utility":13.5,"ID":4}],[{"utility":0,"ID":5}],[{"utility":0,"ID":1}],[],[]],"CORE :":true,"LAST PARTITION":{"1":4,"2":2,"3":4,"4":1,"5":2}},{"STARTING PARTITION: ":{"1":1,"2":2,"3":2,"4":3,"5":1},"Agents":[null,{"utility":13,"ID":1},{"utility":85,"ID":2},{"utility":58,"ID":3},{"utility":0,"ID":4},{"utility":56,"ID":5}],"LAST COALITION":[[],[],[],[{"utility":85,"ID":2},{"utility":56,"ID":5}],[{"utility":0,"ID":4}],[{"utility":13,"ID":1},{"utility":58,"ID":3}]],"STARTING COALITION: ":[[null],[{"utility":98,"ID":1},{"utility":38,"ID":5}],[{"utility":37,"ID":2},{"utility":18,"ID":3}],[{"utility":0,"ID":4}],[],[]],"CORE :":true,"LAST PARTITION":{"1":5,"2":3,"3":5,"4":4,"5":3}},{"STARTING PARTITION: ":{"1":3,"2":2,"3":3,"4":1,"5":1},"Agents":[null,{"utility":13,"ID":1},{"utility":85,"ID":2},{"utility":58,"ID":3},{"utility":0,"ID":4},{"utility":56,"ID":5}],"LAST COALITION":[[],[{"utility":0,"ID":4}],[{"utility":85,"ID":2},{"utility":56,"ID":5}],[],[],[{"utility":13,"ID":1},{"utility":58,"ID":3}]],"STARTING COALITION: ":[[null],[{"utility":99,"ID":4},{"utility":54,"ID":5}],[{"utility":0,"ID":2}],[{"utility":13,"ID":1},{"utility":58,"ID":3}],[],[]],"CORE :":true,"LAST PARTITION":{"1":5,"2":2,"3":5,"4":1,"5":2}},{"STARTING PARTITION: ":{"1":2,"2":1,"3":3,"4":2,"5":2},"Agents":[null,{"utility":13,"ID":1},{"utility":85,"ID":2},{"utility":58,"ID":3},{"utility":0,"ID":4},{"utility":56,"ID":5}],"LAST COALITION":[[],[{"utility":85,"ID":2},{"utility":56,"ID":5}],[{"utility":0,"ID":4}],[],[],[{"utility":13,"ID":1},{"utility":58,"ID":3}]],"STARTING COALITION: ":[[null],[{"utility":0,"ID":2}],[{"utility":54.5,"ID":1},{"utility":57,"ID":4},{"utility":46,"ID":5}],[{"utility":0,"ID":3}],[],[]],"CORE :":true,"LAST PARTITION":{"1":5,"2":1,"3":5,"4":2,"5":1}},{"STARTING PARTITION: ":{"1":3,"2":3,"3":3,"4":2,"5":2},"Agents":[null,{"utility":13,"ID":1},{"utility":85,"ID":2},{"utility":58,"ID":3},{"utility":0,"ID":4},{"utility":56,"ID":5}],"LAST COALITION":[[],[],[{"utility":0,"ID":4}],[],[{"utility":85,"ID":2},{"utility":56,"ID":5}],[{"utility":13,"ID":1},{"utility":58,"ID":3}]],"STARTING COALITION: ":[[null],[],[{"utility":99,"ID":4},{"utility":54,"ID":5}],[{"utility":37.5,"ID":1},{"utility":49.5,"ID":2},{"utility":38,"ID":3}],[],[]],"CORE :":true,"LAST PARTITION":{"1":5,"2":4,"3":5,"4":2,"5":4}},{"STARTING PARTITION: ":{"1":3,"2":2,"3":3,"4":3,"5":3},"Agents":[null,{"utility":13,"ID":1},{"utility":85,"ID":2},{"utility":58,"ID":3},{"utility":0,"ID":4},{"utility":56,"ID":5}],"LAST COALITION":[[],[],[{"utility":85,"ID":2},{"utility":56,"ID":5}],[],[{"utility":0,"ID":4}],[{"utility":13,"ID":1},{"utility":58,"ID":3}]],"STARTING COALITION: ":[[null],[],[{"utility":0,"ID":2}],[{"utility":40.666666666666664,"ID":1},{"utility":48.666666666666664,"ID":3},{"utility":45.333333333333336,"ID":4},{"utility":58.333333333333336,"ID":5}],[],[]],"CORE :":true,"LAST PARTITION":{"1":5,"2":2,"3":5,"4":4,"5":2}},{"STARTING PARTITION: ":{"1":1,"2":2,"3":3,"4":3,"5":3},"Agents":[null,{"utility":13,"ID":1},{"utility":85,"ID":2},{"utility":58,"ID":3},{"utility":0,"ID":4},{"utility":56,"ID":5}],"LAST COALITION":[[],[{"utility":85,"ID":2},{"utility":56,"ID":5}],[{"utility":0,"ID":4}],[],[],[{"utility":13,"ID":1},{"utility":58,"ID":3}]],"STARTING COALITION: ":[[null],[{"utility":0,"ID":1}],[{"utility":0,"ID":2}],[{"utility":44,"ID":3},{"utility":60.5,"ID":4},{"utility":68.5,"ID":5}],[],[]],"CORE :":true,"LAST PARTITION":{"1":5,"2":1,"3":5,"4":2,"5":1}},{"STARTING PARTITION: ":{"1":2,"2":1,"3":1,"4":3,"5":1},"Agents":[null,{"utility":13,"ID":1},{"utility":85,"ID":2},{"utility":58,"ID":3},{"utility":0,"ID":4},{"utility":56,"ID":5}],"LAST COALITION":[[],[{"utility":85,"ID":2},{"utility":56,"ID":5}],[{"utility":0,"ID":4}],[],[],[{"utility":13,"ID":1},{"utility":58,"ID":3}]],"STARTING COALITION: ":[[null],[{"utility":61,"ID":2},{"utility":33.5,"ID":3},{"utility":69.5,"ID":5}],[{"utility":0,"ID":1}],[{"utility":0,"ID":4}],[],[]],"CORE :":true,"LAST PARTITION":{"1":5,"2":1,"3":5,"4":2,"5":1}},{"STARTING PARTITION: ":{"1":1,"2":2,"3":1,"4":2,"5":3},"Agents":[null,{"utility":13,"ID":1},{"utility":85,"ID":2},{"utility":58,"ID":3},{"utility":0,"ID":4},{"utility":56,"ID":5}],"LAST COALITION":[[],[],[{"utility":0,"ID":4}],[{"utility":85,"ID":2},{"utility":56,"ID":5}],[],[{"utility":13,"ID":1},{"utility":58,"ID":3}]],"STARTING COALITION: ":[[null],[{"utility":13,"ID":1},{"utility":58,"ID":3}],[{"utility":79,"ID":2},{"utility":5,"ID":4}],[{"utility":0,"ID":5}],[],[]],"CORE :":true,"LAST PARTITION":{"1":5,"2":3,"3":5,"4":2,"5":3}},{"STARTING PARTITION: ":{"1":1,"2":3,"3":2,"4":2,"5":1},"Agents":[null,{"utility":13,"ID":1},{"utility":85,"ID":2},{"utility":58,"ID":3},{"utility":0,"ID":4},{"utility":56,"ID":5}],"LAST COALITION":[[],[],[{"utility":0,"ID":4}],[{"utility":13,"ID":1},{"utility":58,"ID":3}],[{"utility":85,"ID":2},{"utility":56,"ID":5}],[]],"STARTING COALITION: ":[[null],[{"utility":98,"ID":1},{"utility":38,"ID":5}],[{"utility":39,"ID":3},{"utility":22,"ID":4}],[{"utility":0,"ID":2}],[],[]],"CORE :":true,"LAST PARTITION":{"1":3,"2":4,"3":3,"4":2,"5":4}},{"STARTING PARTITION: ":{"1":3,"2":3,"3":3,"4":2,"5":2},"Agents":[null,{"utility":13,"ID":1},{"utility":85,"ID":2},{"utility":58,"ID":3},{"utility":0,"ID":4},{"utility":56,"ID":5}],"LAST COALITION":[[],[],[{"utility":0,"ID":4}],[],[{"utility":85,"ID":2},{"utility":56,"ID":5}],[{"utility":13,"ID":1},{"utility":58,"ID":3}]],"STARTING COALITION: ":[[null],[],[{"utility":99,"ID":4},{"utility":54,"ID":5}],[{"utility":37.5,"ID":1},{"utility":49.5,"ID":2},{"utility":38,"ID":3}],[],[]],"CORE :":true,"LAST PARTITION":{"1":5,"2":4,"3":5,"4":2,"5":4}},{"END OF FILE:" : true}]