[{"STARTING PARTITION: ":{"1":2,"2":3,"3":2,"4":1,"5":3},"Agents":[null,{"utility":0,"ID":1},{"utility":69,"ID":2},{"utility":10,"ID":3},{"utility":0,"ID":4},{"utility":0,"ID":5}],"LAST COALITION":[[],[{"utility":0,"ID":4}],[],[{"utility":0,"ID":5}],[{"utility":0,"ID":1}],[{"utility":69,"ID":2},{"utility":10,"ID":3}]],"STARTING COALITION: ":[[null],[{"utility":0,"ID":4}],[{"utility":9,"ID":1},{"utility":22,"ID":3}],[{"utility":35,"ID":2},{"utility":1,"ID":5}],[],[]],"CORE :":false,"LAST PARTITION":{"1":4,"2":5,"3":5,"4":1,"5":3}},{"STARTING PARTITION: ":{"1":1,"2":3,"3":2,"4":2,"5":1},"Agents":[null,{"utility":41,"ID":1},{"utility":0,"ID":2},{"utility":85,"ID":3},{"utility":20,"ID":4},{"utility":7,"ID":5}],"LAST COALITION":[[],[],[{"utility":41,"ID":1},{"utility":20,"ID":4}],[{"utility":0,"ID":2}],[{"utility":85,"ID":3},{"utility":7,"ID":5}],[]],"STARTING COALITION: ":[[null],[{"utility":34,"ID":1},{"utility":64,"ID":5}],[{"utility":60,"ID":3},{"utility":8,"ID":4}],[{"utility":0,"ID":2}],[],[]],"CORE :":false,"LAST PARTITION":{"1":2,"2":3,"3":4,"4":2,"5":4}},{"STARTING PARTITION: ":{"1":3,"2":1,"3":1,"4":3,"5":2},"Agents":[null,{"utility":41,"ID":1},{"utility":69,"ID":2},{"utility":10,"ID":3},{"utility":20,"ID":4},{"utility":0,"ID":5}],"LAST COALITION":[[],[],[{"utility":69,"ID":2},{"utility":10,"ID":3}],[{"utility":0,"ID":5}],[{"utility":41,"ID":1},{"utility":20,"ID":4}],[]],"STARTING COALITION: ":[[null],[{"utility":69,"ID":2},{"utility":10,"ID":3}],[{"utility":0,"ID":5}],[{"utility":41,"ID":1},{"utility":20,"ID":4}],[],[]],"CORE :":false,"LAST PARTITION":{"1":4,"2":2,"3":2,"4":4,"5":3}},{"STARTING PARTITION: ":{"1":2,"2":1,"3":2,"4":2,"5":1},"Agents":[null,{"utility":41,"ID":1},{"utility":0,"ID":2},{"utility":85,"ID":3},{"utility":20,"ID":4},{"utility":7,"ID":5}],"LAST COALITION":[[],[{"utility":0,"ID":2}],[],[{"utility":41,"ID":1},{"utility":20,"ID":4}],[{"utility":85,"ID":3},{"utility":7,"ID":5}],[]],"STARTING COALITION: ":[[null],[{"utility":35,"ID":2},{"utility":1,"ID":5}],[{"utility":25,"ID":1},{"utility":41,"ID":3},{"utility":14,"ID":4}],[],[],[]],"CORE :":false,"LAST PARTITION":{"1":3,"2":1,"3":4,"4":3,"5":4}},{"STARTING PARTITION: ":{"1":1,"2":3,"3":3,"4":1,"5":2},"Agents":[null,{"utility":0,"ID":1},{"utility":59,"ID":2},{"utility":85,"ID":3},{"utility":35,"ID":4},{"utility":7,"ID":5}],"LAST COALITION":[[],[],[{"utility":0,"ID":1}],[{"utility":59,"ID":2},{"utility":35,"ID":4}],[{"utility":85,"ID":3},{"utility":7,"ID":5}],[]],"STARTING COALITION: ":[[null],[{"utility":41,"ID":1},{"utility":20,"ID":4}],[{"utility":0,"ID":5}],[{"utility":69,"ID":2},{"utility":10,"ID":3}],[],[]],"CORE :":false,"LAST PARTITION":{"1":2,"2":3,"3":4,"4":3,"5":4}},{"STARTING PARTITION: ":{"1":2,"2":3,"3":3,"4":1,"5":2},"Agents":[null,{"utility":34,"ID":1},{"utility":69,"ID":2},{"utility":10,"ID":3},{"utility":0,"ID":4},{"utility":64,"ID":5}],"LAST COALITION":[[],[{"utility":34,"ID":1},{"utility":64,"ID":5}],[{"utility":0,"ID":4}],[],[{"utility":69,"ID":2},{"utility":10,"ID":3}],[]],"STARTING COALITION: ":[[null],[{"utility":0,"ID":4}],[{"utility":34,"ID":1},{"utility":64,"ID":5}],[{"utility":69,"ID":2},{"utility":10,"ID":3}],[],[]],"CORE :":false,"LAST PARTITION":{"1":1,"2":4,"3":4,"4":2,"5":1}},{"STARTING PARTITION: ":{"1":3,"2":2,"3":3,"4":3,"5":2},"Agents":[null,{"utility":41,"ID":1},{"utility":0,"ID":2},{"utility":85,"ID":3},{"utility":20,"ID":4},{"utility":7,"ID":5}],"LAST COALITION":[[],[{"utility":41,"ID":1},{"utility":20,"ID":4}],[],[{"utility":85,"ID":3},{"utility":7,"ID":5}],[{"utility":0,"ID":2}],[]],"STARTING COALITION: ":[[null],[],[{"utility":35,"ID":2},{"utility":1,"ID":5}],[{"utility":25,"ID":1},{"utility":41,"ID":3},{"utility":14,"ID":4}],[],[]],"CORE :":false,"LAST PARTITION":{"1":1,"2":4,"3":3,"4":1,"5":3}},{"STARTING PARTITION: ":{"1":1,"2":3,"3":1,"4":2,"5":3},"Agents":[null,{"utility":0,"ID":1},{"utility":69,"ID":2},{"utility":10,"ID":3},{"utility":0,"ID":4},{"utility":0,"ID":5}],"LAST COALITION":[[],[],[{"utility":0,"ID":4}],[{"utility":0,"ID":5}],[{"utility":0,"ID":1}],[{"utility":69,"ID":2},{"utility":10,"ID":3}]],"STARTING COALITION: ":[[null],[{"utility":9,"ID":1},{"utility":22,"ID":3}],[{"utility":0,"ID":4}],[{"utility":35,"ID":2},{"utility":1,"ID":5}],[],[]],"CORE :":false,"LAST PARTITION":{"1":4,"2":5,"3":5,"4":2,"5":3}},{"STARTING PARTITION: ":{"1":3,"2":3,"3":1,"4":3,"5":2},"Agents":[null,{"utility":34,"ID":1},{"utility":59,"ID":2},{"utility":0,"ID":3},{"utility":35,"ID":4},{"utility":64,"ID":5}],"LAST COALITION":[[],[{"utility":0,"ID":3}],[],[{"utility":34,"ID":1},{"utility":64,"ID":5}],[{"utility":59,"ID":2},{"utility":35,"ID":4}],[]],"STARTING COALITION: ":[[null],[{"utility":0,"ID":3}],[{"utility":0,"ID":5}],[{"utility":68,"ID":1},{"utility":48,"ID":2},{"utility":27.5,"ID":4}],[],[]],"CORE :":false,"LAST PARTITION":{"1":3,"2":4,"3":1,"4":4,"5":3}},{"STARTING PARTITION: ":{"1":1,"2":2,"3":2,"4":3,"5":1},"Agents":[null,{"utility":34,"ID":1},{"utility":69,"ID":2},{"utility":10,"ID":3},{"utility":0,"ID":4},{"utility":64,"ID":5}],"LAST COALITION":[[],[],[{"utility":34,"ID":1},{"utility":64,"ID":5}],[{"utility":69,"ID":2},{"utility":10,"ID":3}],[{"utility":0,"ID":4}],[]],"STARTING COALITION: ":[[null],[{"utility":34,"ID":1},{"utility":64,"ID":5}],[{"utility":69,"ID":2},{"utility":10,"ID":3}],[{"utility":0,"ID":4}],[],[]],"CORE :":false,"LAST PARTITION":{"1":2,"2":3,"3":3,"4":4,"5":2}},{"STARTING PARTITION: ":{"1":1,"2":2,"3":2,"4":1,"5":2},"Agents":[null,{"utility":95,"ID":1},{"utility":37,"ID":2},{"utility":85,"ID":3},{"utility":0,"ID":4},{"utility":7,"ID":5}],"LAST COALITION":[[],[],[{"utility":0,"ID":4}],[{"utility":85,"ID":3},{"utility":7,"ID":5}],[{"utility":95,"ID":1},{"utility":37,"ID":2}],[]],"STARTING COALITION: ":[[null],[{"utility":41,"ID":1},{"utility":20,"ID":4}],[{"utility":52,"ID":2},{"utility":47.5,"ID":3},{"utility":4,"ID":5}],[],[],[]],"CORE :":false,"LAST PARTITION":{"1":4,"2":4,"3":3,"4":2,"5":3}},{"STARTING PARTITION: ":{"1":1,"2":2,"3":1,"4":2,"5":3},"Agents":[null,{"utility":41,"ID":1},{"utility":69,"ID":2},{"utility":10,"ID":3},{"utility":20,"ID":4},{"utility":0,"ID":5}],"LAST COALITION":[[],[{"utility":69,"ID":2},{"utility":10,"ID":3}],[{"utility":0,"ID":5}],[{"utility":41,"ID":1},{"utility":20,"ID":4}],[],[]],"STARTING COALITION: ":[[null],[{"utility":9,"ID":1},{"utility":22,"ID":3}],[{"utility":59,"ID":2},{"utility":35,"ID":4}],[{"utility":0,"ID":5}],[],[]],"CORE :":false,"LAST PARTITION":{"1":3,"2":1,"3":1,"4":3,"5":2}},{"STARTING PARTITION: ":{"1":1,"2":3,"3":3,"4":3,"5":1},"Agents":[null,{"utility":34,"ID":1},{"utility":64,"ID":2},{"utility":35,"ID":3},{"utility":21.5,"ID":4},{"utility":64,"ID":5}],"LAST COALITION":[[],[{"utility":34,"ID":1},{"utility":64,"ID":5}],[],[{"utility":64,"ID":2},{"utility":35,"ID":3},{"utility":21.5,"ID":4}],[],[]],"STARTING COALITION: ":[[null],[{"utility":34,"ID":1},{"utility":64,"ID":5}],[],[{"utility":64,"ID":2},{"utility":35,"ID":3},{"utility":21.5,"ID":4}],[],[]],"CORE :":true,"LAST PARTITION":{"1":1,"2":3,"3":3,"4":3,"5":1}},{"STARTING PARTITION: ":{"1":1,"2":1,"3":1,"4":1,"5":3},"Agents":[null,{"utility":41,"ID":1},{"utility":69,"ID":2},{"utility":10,"ID":3},{"utility":20,"ID":4},{"utility":0,"ID":5}],"LAST COALITION":[[],[{"utility":69,"ID":2},{"utility":10,"ID":3}],[{"utility":0,"ID":5}],[{"utility":41,"ID":1},{"utility":20,"ID":4}],[],[]],"STARTING COALITION: ":[[null],[{"utility":48.333333333333336,"ID":1},{"utility":55,"ID":2},{"utility":30.666666666666668,"ID":3},{"utility":21,"ID":4}],[],[{"utility":0,"ID":5}],[],[]],"CORE :":false,"LAST PARTITION":{"1":3,"2":1,"3":1,"4":3,"5":2}},{"STARTING PARTITION: ":{"1":1,"2":2,"3":3,"4":1,"5":3},"Agents":[null,{"utility":34,"ID":1},{"utility":69,"ID":2},{"utility":10,"ID":3},{"utility":0,"ID":4},{"utility":64,"ID":5}],"LAST COALITION":[[],[{"utility":34,"ID":1},{"utility":64,"ID":5}],[{"utility":0,"ID":4}],[],[{"utility":69,"ID":2},{"utility":10,"ID":3}],[]],"STARTING COALITION: ":[[null],[{"utility":41,"ID":1},{"utility":20,"ID":4}],[{"utility":0,"ID":2}],[{"utility":85,"ID":3},{"utility":7,"ID":5}],[],[]],"CORE :":false,"LAST PARTITION":{"1":1,"2":4,"3":4,"4":2,"5":1}},{"STARTING PARTITION: ":{"1":1,"2":1,"3":3,"4":3,"5":2},"Agents":[null,{"utility":0,"ID":1},{"utility":59,"ID":2},{"utility":85,"ID":3},{"utility":35,"ID":4},{"utility":7,"ID":5}],"LAST COALITION":[[],[{"utility":59,"ID":2},{"utility":35,"ID":4}],[{"utility":85,"ID":3},{"utility":7,"ID":5}],[{"utility":0,"ID":1}],[],[]],"STARTING COALITION: ":[[null],[{"utility":95,"ID":1},{"utility":37,"ID":2}],[{"utility":0,"ID":5}],[{"utility":60,"ID":3},{"utility":8,"ID":4}],[],[]],"CORE :":false,"LAST PARTITION":{"1":3,"2":1,"3":2,"4":1,"5":2}},{"STARTING PARTITION: ":{"1":1,"2":1,"3":1,"4":1,"5":3},"Agents":[null,{"utility":95,"ID":1},{"utility":37,"ID":2},{"utility":85,"ID":3},{"utility":0,"ID":4},{"utility":7,"ID":5}],"LAST COALITION":[[],[{"utility":85,"ID":3},{"utility":7,"ID":5}],[],[{"utility":95,"ID":1},{"utility":37,"ID":2}],[{"utility":0,"ID":4}],[]],"STARTING COALITION: ":[[null],[{"utility":48.333333333333336,"ID":1},{"utility":55,"ID":2},{"utility":30.666666666666668,"ID":3},{"utility":21,"ID":4}],[],[{"utility":0,"ID":5}],[],[]],"CORE :":false,"LAST PARTITION":{"1":3,"2":3,"3":1,"4":4,"5":1}},{"STARTING PARTITION: ":{"1":1,"2":3,"3":3,"4":1,"5":2},"Agents":[null,{"utility":41,"ID":1},{"utility":69,"ID":2},{"utility":10,"ID":3},{"utility":20,"ID":4},{"utility":0,"ID":5}],"LAST COALITION":[[],[{"utility":0,"ID":5}],[{"utility":69,"ID":2},{"utility":10,"ID":3}],[],[{"utility":41,"ID":1},{"utility":20,"ID":4}],[]],"STARTING COALITION: ":[[null],[{"utility":41,"ID":1},{"utility":20,"ID":4}],[{"utility":0,"ID":5}],[{"utility":69,"ID":2},{"utility":10,"ID":3}],[],[]],"CORE :":false,"LAST PARTITION":{"1":4,"2":2,"3":2,"4":4,"5":1}},{"STARTING PARTITION: ":{"1":3,"2":3,"3":2,"4":3,"5":3},"Agents":[null,{"utility":37.5,"ID":1},{"utility":69,"ID":2},{"utility":10,"ID":3},{"utility":29.5,"ID":4},{"utility":37,"ID":5}],"LAST COALITION":[[],[{"utility":69,"ID":2},{"utility":10,"ID":3}],[],[{"utility":37.5,"ID":1},{"utility":29.5,"ID":4},{"utility":37,"ID":5}],[],[]],"STARTING COALITION: ":[[null],[],[{"utility":0,"ID":3}],[{"utility":56.666666666666664,"ID":1},{"utility":43.666666666666664,"ID":2},{"utility":31.333333333333332,"ID":4},{"utility":25,"ID":5}],[],[]],"CORE :":true,"LAST PARTITION":{"1":3,"2":1,"3":1,"4":3,"5":3}},{"STARTING PARTITION: ":{"1":3,"2":1,"3":3,"4":1,"5":1},"Agents":[null,{"utility":95,"ID":1},{"utility":37,"ID":2},{"utility":85,"ID":3},{"utility":0,"ID":4},{"utility":7,"ID":5}],"LAST COALITION":[[],[{"utility":95,"ID":1},{"utility":37,"ID":2}],[{"utility":85,"ID":3},{"utility":7,"ID":5}],[],[{"utility":0,"ID":4}],[]],"STARTING COALITION: ":[[null],[{"utility":47,"ID":2},{"utility":37,"ID":4},{"utility":5.5,"ID":5}],[],[{"utility":9,"ID":1},{"utility":22,"ID":3}],[],[]],"CORE :":false,"LAST PARTITION":{"1":1,"2":1,"3":2,"4":4,"5":2}},{"END OF FILE:" : true}]