[{"Modalità dinamica :":false,"Q : ":2,"STARTING PARTITION: ":{"1":2,"2":3,"3":4,"4":1,"5":6,"6":1,"7":5,"8":2,"9":2,"10":6},"LAST COALITION":[[],[{"utility":31,"ID":4},{"utility":81,"ID":6}],[{"utility":0,"ID":1},{"utility":5.5,"ID":8},{"utility":7.5,"ID":9}],[{"utility":0,"ID":2}],[{"utility":0,"ID":3}],[{"utility":0,"ID":7}],[{"utility":67,"ID":5},{"utility":0,"ID":10}],[],[],[],[]],"STARTING COALITION: ":[[null],[{"utility":31,"ID":4},{"utility":81,"ID":6}],[{"utility":0,"ID":1},{"utility":5.5,"ID":8},{"utility":7.5,"ID":9}],[{"utility":0,"ID":2}],[{"utility":0,"ID":3}],[{"utility":0,"ID":7}],[{"utility":67,"ID":5},{"utility":0,"ID":10}],[],[],[],[]],"CORE :":true,"Relazioni :":20,"Time : ":1,"LAST PARTITION":{"1":2,"2":3,"3":4,"4":1,"5":6,"6":1,"7":5,"8":2,"9":2,"10":6}},{"Modalità dinamica :":false,"Q : ":2,"STARTING PARTITION: ":{"1":2,"2":3,"3":4,"4":1,"5":6,"6":1,"7":5,"8":2,"9":2,"10":6},"LAST COALITION":[[],[{"utility":31,"ID":4},{"utility":81,"ID":6}],[{"utility":0,"ID":1},{"utility":5.5,"ID":8},{"utility":7.5,"ID":9}],[{"utility":0,"ID":2}],[{"utility":0,"ID":3}],[{"utility":0,"ID":7}],[{"utility":67,"ID":5},{"utility":0,"ID":10}],[],[],[],[]],"STARTING COALITION: ":[[null],[{"utility":31,"ID":4},{"utility":81,"ID":6}],[{"utility":0,"ID":1},{"utility":5.5,"ID":8},{"utility":7.5,"ID":9}],[{"utility":0,"ID":2}],[{"utility":0,"ID":3}],[{"utility":0,"ID":7}],[{"utility":67,"ID":5},{"utility":0,"ID":10}],[],[],[],[]],"CORE :":true,"Relazioni :":20,"Time : ":2,"LAST PARTITION":{"1":2,"2":3,"3":4,"4":1,"5":6,"6":1,"7":5,"8":2,"9":2,"10":6}},{"Modalità dinamica :":false,"Q : ":2,"STARTING PARTITION: ":{"1":2,"2":3,"3":4,"4":1,"5":6,"6":1,"7":5,"8":2,"9":2,"10":6},"LAST COALITION":[[],[{"utility":31,"ID":4},{"utility":81,"ID":6}],[{"utility":0,"ID":1},{"utility":5.5,"ID":8},{"utility":7.5,"ID":9}],[{"utility":0,"ID":2}],[{"utility":0,"ID":3}],[{"utility":0,"ID":7}],[{"utility":67,"ID":5},{"utility":0,"ID":10}],[],[],[],[]],"STARTING COALITION: ":[[null],[{"utility":31,"ID":4},{"utility":81,"ID":6}],[{"utility":0,"ID":1},{"utility":5.5,"ID":8},{"utility":7.5,"ID":9}],[{"utility":0,"ID":2}],[{"utility":0,"ID":3}],[{"utility":0,"ID":7}],[{"utility":67,"ID":5},{"utility":0,"ID":10}],[],[],[],[]],"CORE :":true,"Relazioni :":20,"Time : ":3,"LAST PARTITION":{"1":2,"2":3,"3":4,"4":1,"5":6,"6":1,"7":5,"8":2,"9":2,"10":6}},{"Modalità dinamica :":false,"Q : ":3,"STARTING PARTITION: ":{"1":2,"2":3,"3":4,"4":1,"5":6,"6":1,"7":5,"8":2,"9":2,"10":6},"LAST COALITION":[[],[{"utility":31,"ID":4},{"utility":81,"ID":6}],[{"utility":0,"ID":9}],[{"utility":42.5,"ID":3},{"utility":5.5,"ID":7},{"utility":31.5,"ID":8}],[],[],[{"utility":0,"ID":5}],[{"utility":16,"ID":1},{"utility":44.5,"ID":2},{"utility":36.5,"ID":10}],[],[],[]],"STARTING COALITION: ":[[null],[{"utility":31,"ID":4},{"utility":81,"ID":6}],[{"utility":0,"ID":1},{"utility":5.5,"ID":8},{"utility":7.5,"ID":9}],[{"utility":0,"ID":2}],[{"utility":0,"ID":3}],[{"utility":0,"ID":7}],[{"utility":67,"ID":5},{"utility":0,"ID":10}],[],[],[],[]],"CORE :":true,"Relazioni :":20,"Time : ":1,"LAST PARTITION":{"1":7,"2":7,"3":3,"4":1,"5":6,"6":1,"7":3,"8":3,"9":2,"10":7}},{"Modalità dinamica :":false,"Q : ":3,"STARTING PARTITION: ":{"1":2,"2":3,"3":4,"4":1,"5":6,"6":1,"7":5,"8":2,"9":2,"10":6},"LAST COALITION":[[],[{"utility":31,"ID":4},{"utility":81,"ID":6}],[{"utility":0,"ID":9}],[{"utility":42.5,"ID":3},{"utility":5.5,"ID":7},{"utility":31.5,"ID":8}],[],[],[{"utility":0,"ID":5}],[{"utility":16,"ID":1},{"utility":44.5,"ID":2},{"utility":36.5,"ID":10}],[],[],[]],"STARTING COALITION: ":[[null],[{"utility":31,"ID":4},{"utility":81,"ID":6}],[{"utility":0,"ID":1},{"utility":5.5,"ID":8},{"utility":7.5,"ID":9}],[{"utility":0,"ID":2}],[{"utility":0,"ID":3}],[{"utility":0,"ID":7}],[{"utility":67,"ID":5},{"utility":0,"ID":10}],[],[],[],[]],"CORE :":true,"Relazioni :":20,"Time : ":2,"LAST PARTITION":{"1":7,"2":7,"3":3,"4":1,"5":6,"6":1,"7":3,"8":3,"9":2,"10":7}},{"Modalità dinamica :":false,"Q : ":3,"STARTING PARTITION: ":{"1":2,"2":3,"3":4,"4":1,"5":6,"6":1,"7":5,"8":2,"9":2,"10":6},"LAST COALITION":[[],[{"utility":31,"ID":4},{"utility":81,"ID":6}],[{"utility":0,"ID":9}],[{"utility":42.5,"ID":3},{"utility":5.5,"ID":7},{"utility":31.5,"ID":8}],[],[],[{"utility":0,"ID":5}],[{"utility":16,"ID":1},{"utility":44.5,"ID":2},{"utility":36.5,"ID":10}],[],[],[]],"STARTING COALITION: ":[[null],[{"utility":31,"ID":4},{"utility":81,"ID":6}],[{"utility":0,"ID":1},{"utility":5.5,"ID":8},{"utility":7.5,"ID":9}],[{"utility":0,"ID":2}],[{"utility":0,"ID":3}],[{"utility":0,"ID":7}],[{"utility":67,"ID":5},{"utility":0,"ID":10}],[],[],[],[]],"CORE :":true,"Relazioni :":20,"Time : ":3,"LAST PARTITION":{"1":7,"2":7,"3":3,"4":1,"5":6,"6":1,"7":3,"8":3,"9":2,"10":7}},{"Modalità dinamica :":false,"Q : ":4,"STARTING PARTITION: ":{"1":2,"2":3,"3":4,"4":1,"5":6,"6":1,"7":5,"8":2,"9":2,"10":6},"LAST COALITION":[[],[{"utility":31,"ID":4},{"utility":81,"ID":6}],[{"utility":0,"ID":9}],[{"utility":42.5,"ID":3},{"utility":5.5,"ID":7},{"utility":31.5,"ID":8}],[],[],[{"utility":0,"ID":5}],[{"utility":16,"ID":1},{"utility":44.5,"ID":2},{"utility":36.5,"ID":10}],[],[],[]],"STARTING COALITION: ":[[null],[{"utility":31,"ID":4},{"utility":81,"ID":6}],[{"utility":0,"ID":1},{"utility":5.5,"ID":8},{"utility":7.5,"ID":9}],[{"utility":0,"ID":2}],[{"utility":0,"ID":3}],[{"utility":0,"ID":7}],[{"utility":67,"ID":5},{"utility":0,"ID":10}],[],[],[],[]],"CORE :":true,"Relazioni :":20,"Time : ":1,"LAST PARTITION":{"1":7,"2":7,"3":3,"4":1,"5":6,"6":1,"7":3,"8":3,"9":2,"10":7}},{"Modalità dinamica :":false,"Q : ":4,"STARTING PARTITION: ":{"1":2,"2":3,"3":4,"4":1,"5":6,"6":1,"7":5,"8":2,"9":2,"10":6},"LAST COALITION":[[],[{"utility":31,"ID":4},{"utility":81,"ID":6}],[{"utility":0,"ID":9}],[{"utility":42.5,"ID":3},{"utility":5.5,"ID":7},{"utility":31.5,"ID":8}],[],[],[{"utility":0,"ID":5}],[{"utility":16,"ID":1},{"utility":44.5,"ID":2},{"utility":36.5,"ID":10}],[],[],[]],"STARTING COALITION: ":[[null],[{"utility":31,"ID":4},{"utility":81,"ID":6}],[{"utility":0,"ID":1},{"utility":5.5,"ID":8},{"utility":7.5,"ID":9}],[{"utility":0,"ID":2}],[{"utility":0,"ID":3}],[{"utility":0,"ID":7}],[{"utility":67,"ID":5},{"utility":0,"ID":10}],[],[],[],[]],"CORE :":true,"Relazioni :":20,"Time : ":2,"LAST PARTITION":{"1":7,"2":7,"3":3,"4":1,"5":6,"6":1,"7":3,"8":3,"9":2,"10":7}},{"Modalità dinamica :":false,"Q : ":4,"STARTING PARTITION: ":{"1":2,"2":3,"3":4,"4":1,"5":6,"6":1,"7":5,"8":2,"9":2,"10":6},"LAST COALITION":[[],[{"utility":31,"ID":4},{"utility":81,"ID":6}],[{"utility":0,"ID":9}],[{"utility":42.5,"ID":3},{"utility":5.5,"ID":7},{"utility":31.5,"ID":8}],[],[],[{"utility":0,"ID":5}],[{"utility":16,"ID":1},{"utility":44.5,"ID":2},{"utility":36.5,"ID":10}],[],[],[]],"STARTING COALITION: ":[[null],[{"utility":31,"ID":4},{"utility":81,"ID":6}],[{"utility":0,"ID":1},{"utility":5.5,"ID":8},{"utility":7.5,"ID":9}],[{"utility":0,"ID":2}],[{"utility":0,"ID":3}],[{"utility":0,"ID":7}],[{"utility":67,"ID":5},{"utility":0,"ID":10}],[],[],[],[]],"CORE :":true,"Relazioni :":20,"Time : ":3,"LAST PARTITION":{"1":7,"2":7,"3":3,"4":1,"5":6,"6":1,"7":3,"8":3,"9":2,"10":7}},{"Modalità dinamica :":false,"Q : ":5,"STARTING PARTITION: ":{"1":2,"2":3,"3":4,"4":1,"5":6,"6":1,"7":5,"8":2,"9":2,"10":6},"LAST COALITION":[[],[{"utility":31,"ID":4},{"utility":81,"ID":6}],[{"utility":0,"ID":9}],[{"utility":42.5,"ID":3},{"utility":5.5,"ID":7},{"utility":31.5,"ID":8}],[],[],[{"utility":0,"ID":5}],[{"utility":16,"ID":1},{"utility":44.5,"ID":2},{"utility":36.5,"ID":10}],[],[],[]],"STARTING COALITION: ":[[null],[{"utility":31,"ID":4},{"utility":81,"ID":6}],[{"utility":0,"ID":1},{"utility":5.5,"ID":8},{"utility":7.5,"ID":9}],[{"utility":0,"ID":2}],[{"utility":0,"ID":3}],[{"utility":0,"ID":7}],[{"utility":67,"ID":5},{"utility":0,"ID":10}],[],[],[],[]],"CORE :":true,"Relazioni :":20,"Time : ":1,"LAST PARTITION":{"1":7,"2":7,"3":3,"4":1,"5":6,"6":1,"7":3,"8":3,"9":2,"10":7}},{"Modalità dinamica :":false,"Q : ":5,"STARTING PARTITION: ":{"1":2,"2":3,"3":4,"4":1,"5":6,"6":1,"7":5,"8":2,"9":2,"10":6},"LAST COALITION":[[],[{"utility":31,"ID":4},{"utility":81,"ID":6}],[{"utility":0,"ID":9}],[{"utility":42.5,"ID":3},{"utility":5.5,"ID":7},{"utility":31.5,"ID":8}],[],[],[{"utility":0,"ID":5}],[{"utility":16,"ID":1},{"utility":44.5,"ID":2},{"utility":36.5,"ID":10}],[],[],[]],"STARTING COALITION: ":[[null],[{"utility":31,"ID":4},{"utility":81,"ID":6}],[{"utility":0,"ID":1},{"utility":5.5,"ID":8},{"utility":7.5,"ID":9}],[{"utility":0,"ID":2}],[{"utility":0,"ID":3}],[{"utility":0,"ID":7}],[{"utility":67,"ID":5},{"utility":0,"ID":10}],[],[],[],[]],"CORE :":true,"Relazioni :":20,"Time : ":2,"LAST PARTITION":{"1":7,"2":7,"3":3,"4":1,"5":6,"6":1,"7":3,"8":3,"9":2,"10":7}},{"Modalità dinamica :":false,"Q : ":5,"STARTING PARTITION: ":{"1":2,"2":3,"3":4,"4":1,"5":6,"6":1,"7":5,"8":2,"9":2,"10":6},"LAST COALITION":[[],[{"utility":31,"ID":4},{"utility":81,"ID":6}],[{"utility":0,"ID":9}],[{"utility":42.5,"ID":3},{"utility":5.5,"ID":7},{"utility":31.5,"ID":8}],[],[],[{"utility":0,"ID":5}],[{"utility":16,"ID":1},{"utility":44.5,"ID":2},{"utility":36.5,"ID":10}],[],[],[]],"STARTING COALITION: ":[[null],[{"utility":31,"ID":4},{"utility":81,"ID":6}],[{"utility":0,"ID":1},{"utility":5.5,"ID":8},{"utility":7.5,"ID":9}],[{"utility":0,"ID":2}],[{"utility":0,"ID":3}],[{"utility":0,"ID":7}],[{"utility":67,"ID":5},{"utility":0,"ID":10}],[],[],[],[]],"CORE :":true,"Relazioni :":20,"Time : ":3,"LAST PARTITION":{"1":7,"2":7,"3":3,"4":1,"5":6,"6":1,"7":3,"8":3,"9":2,"10":7}},{"Modalità dinamica :":false,"Q : ":6,"STARTING PARTITION: ":{"1":2,"2":3,"3":4,"4":1,"5":6,"6":1,"7":5,"8":2,"9":2,"10":6},"LAST COALITION":[[],[{"utility":31,"ID":4},{"utility":81,"ID":6}],[{"utility":0,"ID":9}],[{"utility":42.5,"ID":3},{"utility":5.5,"ID":7},{"utility":31.5,"ID":8}],[],[],[{"utility":0,"ID":5}],[{"utility":16,"ID":1},{"utility":44.5,"ID":2},{"utility":36.5,"ID":10}],[],[],[]],"STARTING COALITION: ":[[null],[{"utility":31,"ID":4},{"utility":81,"ID":6}],[{"utility":0,"ID":1},{"utility":5.5,"ID":8},{"utility":7.5,"ID":9}],[{"utility":0,"ID":2}],[{"utility":0,"ID":3}],[{"utility":0,"ID":7}],[{"utility":67,"ID":5},{"utility":0,"ID":10}],[],[],[],[]],"CORE :":true,"Relazioni :":20,"Time : ":1,"LAST PARTITION":{"1":7,"2":7,"3":3,"4":1,"5":6,"6":1,"7":3,"8":3,"9":2,"10":7}},{"Modalità dinamica :":false,"Q : ":6,"STARTING PARTITION: ":{"1":2,"2":3,"3":4,"4":1,"5":6,"6":1,"7":5,"8":2,"9":2,"10":6},"LAST COALITION":[[],[{"utility":31,"ID":4},{"utility":81,"ID":6}],[{"utility":0,"ID":9}],[{"utility":42.5,"ID":3},{"utility":5.5,"ID":7},{"utility":31.5,"ID":8}],[],[],[{"utility":0,"ID":5}],[{"utility":16,"ID":1},{"utility":44.5,"ID":2},{"utility":36.5,"ID":10}],[],[],[]],"STARTING COALITION: ":[[null],[{"utility":31,"ID":4},{"utility":81,"ID":6}],[{"utility":0,"ID":1},{"utility":5.5,"ID":8},{"utility":7.5,"ID":9}],[{"utility":0,"ID":2}],[{"utility":0,"ID":3}],[{"utility":0,"ID":7}],[{"utility":67,"ID":5},{"utility":0,"ID":10}],[],[],[],[]],"CORE :":true,"Relazioni :":20,"Time : ":2,"LAST PARTITION":{"1":7,"2":7,"3":3,"4":1,"5":6,"6":1,"7":3,"8":3,"9":2,"10":7}},{"Modalità dinamica :":false,"Q : ":6,"STARTING PARTITION: ":{"1":2,"2":3,"3":4,"4":1,"5":6,"6":1,"7":5,"8":2,"9":2,"10":6},"LAST COALITION":[[],[{"utility":31,"ID":4},{"utility":81,"ID":6}],[{"utility":0,"ID":9}],[{"utility":42.5,"ID":3},{"utility":5.5,"ID":7},{"utility":31.5,"ID":8}],[],[],[{"utility":0,"ID":5}],[{"utility":16,"ID":1},{"utility":44.5,"ID":2},{"utility":36.5,"ID":10}],[],[],[]],"STARTING COALITION: ":[[null],[{"utility":31,"ID":4},{"utility":81,"ID":6}],[{"utility":0,"ID":1},{"utility":5.5,"ID":8},{"utility":7.5,"ID":9}],[{"utility":0,"ID":2}],[{"utility":0,"ID":3}],[{"utility":0,"ID":7}],[{"utility":67,"ID":5},{"utility":0,"ID":10}],[],[],[],[]],"CORE :":true,"Relazioni :":20,"Time : ":3,"LAST PARTITION":{"1":7,"2":7,"3":3,"4":1,"5":6,"6":1,"7":3,"8":3,"9":2,"10":7}},{"Modalità dinamica :":true,"Q : ":2,"STARTING PARTITION: ":{"1":2,"2":3,"3":4,"4":1,"5":6,"6":1,"7":5,"8":2,"9":2,"10":6},"LAST COALITION":[[],[{"utility":31,"ID":4},{"utility":81,"ID":6}],[{"utility":0,"ID":1},{"utility":5.5,"ID":8},{"utility":7.5,"ID":9}],[{"utility":0,"ID":2}],[{"utility":0,"ID":3}],[{"utility":0,"ID":7}],[{"utility":67,"ID":5},{"utility":0,"ID":10}],[],[],[],[]],"STARTING COALITION: ":[[null],[{"utility":31,"ID":4},{"utility":81,"ID":6}],[{"utility":0,"ID":1},{"utility":5.5,"ID":8},{"utility":7.5,"ID":9}],[{"utility":0,"ID":2}],[{"utility":0,"ID":3}],[{"utility":0,"ID":7}],[{"utility":67,"ID":5},{"utility":0,"ID":10}],[],[],[],[]],"CORE :":true,"Relazioni :":20,"Time : ":1,"LAST PARTITION":{"1":2,"2":3,"3":4,"4":1,"5":6,"6":1,"7":5,"8":2,"9":2,"10":6}},{"Modalità dinamica :":true,"Q : ":2,"STARTING PARTITION: ":{"1":2,"2":3,"3":4,"4":1,"5":6,"6":1,"7":5,"8":2,"9":2,"10":6},"LAST COALITION":[[],[{"utility":31,"ID":4},{"utility":81,"ID":6}],[{"utility":0,"ID":1},{"utility":5.5,"ID":8},{"utility":7.5,"ID":9}],[{"utility":0,"ID":2}],[{"utility":0,"ID":3}],[{"utility":0,"ID":7}],[{"utility":67,"ID":5},{"utility":0,"ID":10}],[],[],[],[]],"STARTING COALITION: ":[[null],[{"utility":31,"ID":4},{"utility":81,"ID":6}],[{"utility":0,"ID":1},{"utility":5.5,"ID":8},{"utility":7.5,"ID":9}],[{"utility":0,"ID":2}],[{"utility":0,"ID":3}],[{"utility":0,"ID":7}],[{"utility":67,"ID":5},{"utility":0,"ID":10}],[],[],[],[]],"CORE :":true,"Relazioni :":20,"Time : ":2,"LAST PARTITION":{"1":2,"2":3,"3":4,"4":1,"5":6,"6":1,"7":5,"8":2,"9":2,"10":6}},{"Modalità dinamica :":true,"Q : ":2,"STARTING PARTITION: ":{"1":2,"2":3,"3":4,"4":1,"5":6,"6":1,"7":5,"8":2,"9":2,"10":6},"LAST COALITION":[[],[{"utility":31,"ID":4},{"utility":81,"ID":6}],[{"utility":0,"ID":1},{"utility":5.5,"ID":8},{"utility":7.5,"ID":9}],[{"utility":0,"ID":2}],[{"utility":0,"ID":3}],[{"utility":0,"ID":7}],[{"utility":67,"ID":5},{"utility":0,"ID":10}],[],[],[],[]],"STARTING COALITION: ":[[null],[{"utility":31,"ID":4},{"utility":81,"ID":6}],[{"utility":0,"ID":1},{"utility":5.5,"ID":8},{"utility":7.5,"ID":9}],[{"utility":0,"ID":2}],[{"utility":0,"ID":3}],[{"utility":0,"ID":7}],[{"utility":67,"ID":5},{"utility":0,"ID":10}],[],[],[],[]],"CORE :":true,"Relazioni :":20,"Time : ":3,"LAST PARTITION":{"1":2,"2":3,"3":4,"4":1,"5":6,"6":1,"7":5,"8":2,"9":2,"10":6}},{"Modalità dinamica :":true,"Q : ":3,"STARTING PARTITION: ":{"1":2,"2":3,"3":4,"4":1,"5":6,"6":1,"7":5,"8":2,"9":2,"10":6},"LAST COALITION":[[],[{"utility":31,"ID":4},{"utility":81,"ID":6}],[{"utility":0,"ID":8},{"utility":0,"ID":9}],[],[{"utility":16,"ID":1},{"utility":44.5,"ID":2},{"utility":36.5,"ID":10}],[],[{"utility":0,"ID":5}],[{"utility":0,"ID":3},{"utility":11,"ID":7}],[],[],[]],"STARTING COALITION: ":[[null],[{"utility":31,"ID":4},{"utility":81,"ID":6}],[{"utility":0,"ID":1},{"utility":5.5,"ID":8},{"utility":7.5,"ID":9}],[{"utility":0,"ID":2}],[{"utility":0,"ID":3}],[{"utility":0,"ID":7}],[{"utility":67,"ID":5},{"utility":0,"ID":10}],[],[],[],[]],"CORE :":true,"Relazioni :":20,"Time : ":1,"LAST PARTITION":{"1":4,"2":4,"3":7,"4":1,"5":6,"6":1,"7":7,"8":2,"9":2,"10":4}},{"Modalità dinamica :":true,"Q : ":3,"STARTING PARTITION: ":{"1":2,"2":3,"3":4,"4":1,"5":6,"6":1,"7":5,"8":2,"9":2,"10":6},"LAST COALITION":[[],[{"utility":31,"ID":4},{"utility":81,"ID":6}],[{"utility":0,"ID":9}],[{"utility":42.5,"ID":3},{"utility":5.5,"ID":7},{"utility":31.5,"ID":8}],[],[],[{"utility":0,"ID":5}],[{"utility":16,"ID":1},{"utility":44.5,"ID":2},{"utility":36.5,"ID":10}],[],[],[]],"STARTING COALITION: ":[[null],[{"utility":31,"ID":4},{"utility":81,"ID":6}],[{"utility":0,"ID":1},{"utility":5.5,"ID":8},{"utility":7.5,"ID":9}],[{"utility":0,"ID":2}],[{"utility":0,"ID":3}],[{"utility":0,"ID":7}],[{"utility":67,"ID":5},{"utility":0,"ID":10}],[],[],[],[]],"CORE :":true,"Relazioni :":20,"Time : ":2,"LAST PARTITION":{"1":7,"2":7,"3":3,"4":1,"5":6,"6":1,"7":3,"8":3,"9":2,"10":7}},{"Modalità dinamica :":true,"Q : ":3,"STARTING PARTITION: ":{"1":2,"2":3,"3":4,"4":1,"5":6,"6":1,"7":5,"8":2,"9":2,"10":6},"LAST COALITION":[[],[{"utility":31,"ID":4},{"utility":81,"ID":6}],[{"utility":0,"ID":8},{"utility":0,"ID":9}],[],[{"utility":16,"ID":1},{"utility":44.5,"ID":2},{"utility":36.5,"ID":10}],[],[{"utility":0,"ID":5}],[{"utility":0,"ID":3},{"utility":11,"ID":7}],[],[],[]],"STARTING COALITION: ":[[null],[{"utility":31,"ID":4},{"utility":81,"ID":6}],[{"utility":0,"ID":1},{"utility":5.5,"ID":8},{"utility":7.5,"ID":9}],[{"utility":0,"ID":2}],[{"utility":0,"ID":3}],[{"utility":0,"ID":7}],[{"utility":67,"ID":5},{"utility":0,"ID":10}],[],[],[],[]],"CORE :":true,"Relazioni :":20,"Time : ":3,"LAST PARTITION":{"1":4,"2":4,"3":7,"4":1,"5":6,"6":1,"7":7,"8":2,"9":2,"10":4}},{"Modalità dinamica :":true,"Q : ":4,"STARTING PARTITION: ":{"1":2,"2":3,"3":4,"4":1,"5":6,"6":1,"7":5,"8":2,"9":2,"10":6},"LAST COALITION":[[],[{"utility":31,"ID":4},{"utility":81,"ID":6}],[{"utility":0,"ID":9}],[],[{"utility":16,"ID":1},{"utility":44.5,"ID":2},{"utility":36.5,"ID":10}],[],[{"utility":0,"ID":5}],[{"utility":42.5,"ID":3},{"utility":5.5,"ID":7},{"utility":31.5,"ID":8}],[],[],[]],"STARTING COALITION: ":[[null],[{"utility":31,"ID":4},{"utility":81,"ID":6}],[{"utility":0,"ID":1},{"utility":5.5,"ID":8},{"utility":7.5,"ID":9}],[{"utility":0,"ID":2}],[{"utility":0,"ID":3}],[{"utility":0,"ID":7}],[{"utility":67,"ID":5},{"utility":0,"ID":10}],[],[],[],[]],"CORE :":true,"Relazioni :":20,"Time : ":1,"LAST PARTITION":{"1":4,"2":4,"3":7,"4":1,"5":6,"6":1,"7":7,"8":7,"9":2,"10":4}},{"Modalità dinamica :":true,"Q : ":4,"STARTING PARTITION: ":{"1":2,"2":3,"3":4,"4":1,"5":6,"6":1,"7":5,"8":2,"9":2,"10":6},"LAST COALITION":[[],[{"utility":31,"ID":4},{"utility":81,"ID":6}],[{"utility":22,"ID":1},{"utility":33.5,"ID":5},{"utility":36.5,"ID":10}],[],[{"utility":42.5,"ID":3},{"utility":5.5,"ID":7},{"utility":31.5,"ID":8}],[{"utility":0,"ID":2},{"utility":0,"ID":9}],[],[],[],[],[]],"STARTING COALITION: ":[[null],[{"utility":31,"ID":4},{"utility":81,"ID":6}],[{"utility":0,"ID":1},{"utility":5.5,"ID":8},{"utility":7.5,"ID":9}],[{"utility":0,"ID":2}],[{"utility":0,"ID":3}],[{"utility":0,"ID":7}],[{"utility":67,"ID":5},{"utility":0,"ID":10}],[],[],[],[]],"CORE :":true,"Relazioni :":20,"Time : ":2,"LAST PARTITION":{"1":2,"2":5,"3":4,"4":1,"5":2,"6":1,"7":4,"8":4,"9":5,"10":2}},{"Modalità dinamica :":true,"Q : ":4,"STARTING PARTITION: ":{"1":2,"2":3,"3":4,"4":1,"5":6,"6":1,"7":5,"8":2,"9":2,"10":6},"LAST COALITION":[[],[{"utility":31,"ID":4},{"utility":81,"ID":6}],[{"utility":0,"ID":9}],[{"utility":42.5,"ID":3},{"utility":5.5,"ID":7},{"utility":31.5,"ID":8}],[],[],[{"utility":0,"ID":5}],[{"utility":16,"ID":1},{"utility":44.5,"ID":2},{"utility":36.5,"ID":10}],[],[],[]],"STARTING COALITION: ":[[null],[{"utility":31,"ID":4},{"utility":81,"ID":6}],[{"utility":0,"ID":1},{"utility":5.5,"ID":8},{"utility":7.5,"ID":9}],[{"utility":0,"ID":2}],[{"utility":0,"ID":3}],[{"utility":0,"ID":7}],[{"utility":67,"ID":5},{"utility":0,"ID":10}],[],[],[],[]],"CORE :":true,"Relazioni :":20,"Time : ":3,"LAST PARTITION":{"1":7,"2":7,"3":3,"4":1,"5":6,"6":1,"7":3,"8":3,"9":2,"10":7}},{"Modalità dinamica :":true,"Q : ":5,"STARTING PARTITION: ":{"1":2,"2":3,"3":4,"4":1,"5":6,"6":1,"7":5,"8":2,"9":2,"10":6},"LAST COALITION":[[],[{"utility":31,"ID":4},{"utility":81,"ID":6}],[],[{"utility":42.5,"ID":3},{"utility":5.5,"ID":7},{"utility":31.5,"ID":8}],[{"utility":22,"ID":1},{"utility":33.5,"ID":5},{"utility":36.5,"ID":10}],[],[],[{"utility":0,"ID":2},{"utility":0,"ID":9}],[],[],[]],"STARTING COALITION: ":[[null],[{"utility":31,"ID":4},{"utility":81,"ID":6}],[{"utility":0,"ID":1},{"utility":5.5,"ID":8},{"utility":7.5,"ID":9}],[{"utility":0,"ID":2}],[{"utility":0,"ID":3}],[{"utility":0,"ID":7}],[{"utility":67,"ID":5},{"utility":0,"ID":10}],[],[],[],[]],"CORE :":true,"Relazioni :":20,"Time : ":1,"LAST PARTITION":{"1":4,"2":7,"3":3,"4":1,"5":4,"6":1,"7":3,"8":3,"9":7,"10":4}},{"Modalità dinamica :":true,"Q : ":5,"STARTING PARTITION: ":{"1":2,"2":3,"3":4,"4":1,"5":6,"6":1,"7":5,"8":2,"9":2,"10":6},"LAST COALITION":[[],[{"utility":31,"ID":4},{"utility":81,"ID":6}],[{"utility":0,"ID":9}],[{"utility":42.5,"ID":3},{"utility":5.5,"ID":7},{"utility":31.5,"ID":8}],[],[],[{"utility":0,"ID":5}],[{"utility":16,"ID":1},{"utility":44.5,"ID":2},{"utility":36.5,"ID":10}],[],[],[]],"STARTING COALITION: ":[[null],[{"utility":31,"ID":4},{"utility":81,"ID":6}],[{"utility":0,"ID":1},{"utility":5.5,"ID":8},{"utility":7.5,"ID":9}],[{"utility":0,"ID":2}],[{"utility":0,"ID":3}],[{"utility":0,"ID":7}],[{"utility":67,"ID":5},{"utility":0,"ID":10}],[],[],[],[]],"CORE :":true,"Relazioni :":20,"Time : ":2,"LAST PARTITION":{"1":7,"2":7,"3":3,"4":1,"5":6,"6":1,"7":3,"8":3,"9":2,"10":7}},{"Modalità dinamica :":true,"Q : ":5,"STARTING PARTITION: ":{"1":2,"2":3,"3":4,"4":1,"5":6,"6":1,"7":5,"8":2,"9":2,"10":6},"LAST COALITION":[[],[{"utility":31,"ID":4},{"utility":81,"ID":6}],[{"utility":0,"ID":8},{"utility":0,"ID":9}],[{"utility":22,"ID":1},{"utility":33.5,"ID":5},{"utility":36.5,"ID":10}],[],[],[],[{"utility":0,"ID":2},{"utility":0,"ID":3},{"utility":5.5,"ID":7}],[],[],[]],"STARTING COALITION: ":[[null],[{"utility":31,"ID":4},{"utility":81,"ID":6}],[{"utility":0,"ID":1},{"utility":5.5,"ID":8},{"utility":7.5,"ID":9}],[{"utility":0,"ID":2}],[{"utility":0,"ID":3}],[{"utility":0,"ID":7}],[{"utility":67,"ID":5},{"utility":0,"ID":10}],[],[],[],[]],"CORE :":true,"Relazioni :":20,"Time : ":3,"LAST PARTITION":{"1":3,"2":7,"3":7,"4":1,"5":3,"6":1,"7":7,"8":2,"9":2,"10":3}},{"Modalità dinamica :":true,"Q : ":6,"STARTING PARTITION: ":{"1":2,"2":3,"3":4,"4":1,"5":6,"6":1,"7":5,"8":2,"9":2,"10":6},"LAST COALITION":[[],[{"utility":31,"ID":4},{"utility":81,"ID":6}],[{"utility":0,"ID":8},{"utility":0,"ID":9}],[{"utility":0,"ID":3},{"utility":11,"ID":7}],[{"utility":22,"ID":1},{"utility":33.5,"ID":5},{"utility":36.5,"ID":10}],[],[],[{"utility":0,"ID":2}],[],[],[]],"STARTING COALITION: ":[[null],[{"utility":31,"ID":4},{"utility":81,"ID":6}],[{"utility":0,"ID":1},{"utility":5.5,"ID":8},{"utility":7.5,"ID":9}],[{"utility":0,"ID":2}],[{"utility":0,"ID":3}],[{"utility":0,"ID":7}],[{"utility":67,"ID":5},{"utility":0,"ID":10}],[],[],[],[]],"CORE :":true,"Relazioni :":20,"Time : ":1,"LAST PARTITION":{"1":4,"2":7,"3":3,"4":1,"5":4,"6":1,"7":3,"8":2,"9":2,"10":4}},{"Modalità dinamica :":true,"Q : ":6,"STARTING PARTITION: ":{"1":2,"2":3,"3":4,"4":1,"5":6,"6":1,"7":5,"8":2,"9":2,"10":6},"LAST COALITION":[[],[{"utility":31,"ID":4},{"utility":81,"ID":6}],[{"utility":0,"ID":8},{"utility":0,"ID":9}],[],[{"utility":16,"ID":1},{"utility":44.5,"ID":2},{"utility":36.5,"ID":10}],[],[{"utility":0,"ID":5}],[{"utility":0,"ID":3},{"utility":11,"ID":7}],[],[],[]],"STARTING COALITION: ":[[null],[{"utility":31,"ID":4},{"utility":81,"ID":6}],[{"utility":0,"ID":1},{"utility":5.5,"ID":8},{"utility":7.5,"ID":9}],[{"utility":0,"ID":2}],[{"utility":0,"ID":3}],[{"utility":0,"ID":7}],[{"utility":67,"ID":5},{"utility":0,"ID":10}],[],[],[],[]],"CORE :":true,"Relazioni :":20,"Time : ":2,"LAST PARTITION":{"1":4,"2":4,"3":7,"4":1,"5":6,"6":1,"7":7,"8":2,"9":2,"10":4}},{"Modalità dinamica :":true,"Q : ":6,"STARTING PARTITION: ":{"1":2,"2":3,"3":4,"4":1,"5":6,"6":1,"7":5,"8":2,"9":2,"10":6},"LAST COALITION":[[],[{"utility":31,"ID":4},{"utility":81,"ID":6}],[{"utility":0,"ID":8},{"utility":0,"ID":9}],[{"utility":22,"ID":1},{"utility":33.5,"ID":5},{"utility":36.5,"ID":10}],[],[],[],[{"utility":0,"ID":2},{"utility":0,"ID":3},{"utility":5.5,"ID":7}],[],[],[]],"STARTING COALITION: ":[[null],[{"utility":31,"ID":4},{"utility":81,"ID":6}],[{"utility":0,"ID":1},{"utility":5.5,"ID":8},{"utility":7.5,"ID":9}],[{"utility":0,"ID":2}],[{"utility":0,"ID":3}],[{"utility":0,"ID":7}],[{"utility":67,"ID":5},{"utility":0,"ID":10}],[],[],[],[]],"CORE :":true,"Relazioni :":20,"Time : ":3,"LAST PARTITION":{"1":3,"2":7,"3":7,"4":1,"5":3,"6":1,"7":7,"8":2,"9":2,"10":3}},{"END OF FILE:" : true}]