[{"Modalità dinamica :":false,"Q : ":2,"STARTING PARTITION: ":{"1":3,"2":4,"3":5,"4":1,"5":4,"6":3,"7":2,"8":5,"9":5,"10":4},"LAST COALITION":[[],[{"utility":75,"ID":9},{"utility":27,"ID":10}],[{"utility":7,"ID":4},{"utility":63,"ID":5}],[{"utility":0,"ID":1}],[],[{"utility":0,"ID":8}],[{"utility":0,"ID":2}],[{"utility":0,"ID":6}],[{"utility":59,"ID":3},{"utility":13,"ID":7}],[],[]],"STARTING COALITION: ":[[null],[{"utility":0,"ID":4}],[{"utility":0,"ID":7}],[{"utility":0,"ID":1},{"utility":0,"ID":6}],[{"utility":10.5,"ID":2},{"utility":0,"ID":5},{"utility":0,"ID":10}],[{"utility":12.5,"ID":3},{"utility":0,"ID":8},{"utility":0,"ID":9}],[],[],[],[],[]],"CORE :":true,"Relazioni :":30,"Time : ":1,"LAST PARTITION":{"1":3,"2":6,"3":8,"4":2,"5":2,"6":7,"7":8,"8":5,"9":1,"10":1}},{"Modalità dinamica :":false,"Q : ":2,"STARTING PARTITION: ":{"1":3,"2":4,"3":5,"4":1,"5":4,"6":3,"7":2,"8":5,"9":5,"10":4},"LAST COALITION":[[],[{"utility":75,"ID":9},{"utility":27,"ID":10}],[{"utility":7,"ID":4},{"utility":63,"ID":5}],[{"utility":0,"ID":1}],[],[{"utility":0,"ID":8}],[{"utility":0,"ID":2}],[{"utility":0,"ID":6}],[{"utility":59,"ID":3},{"utility":13,"ID":7}],[],[]],"STARTING COALITION: ":[[null],[{"utility":0,"ID":4}],[{"utility":0,"ID":7}],[{"utility":0,"ID":1},{"utility":0,"ID":6}],[{"utility":10.5,"ID":2},{"utility":0,"ID":5},{"utility":0,"ID":10}],[{"utility":12.5,"ID":3},{"utility":0,"ID":8},{"utility":0,"ID":9}],[],[],[],[],[]],"CORE :":true,"Relazioni :":30,"Time : ":2,"LAST PARTITION":{"1":3,"2":6,"3":8,"4":2,"5":2,"6":7,"7":8,"8":5,"9":1,"10":1}},{"Modalità dinamica :":false,"Q : ":2,"STARTING PARTITION: ":{"1":3,"2":4,"3":5,"4":1,"5":4,"6":3,"7":2,"8":5,"9":5,"10":4},"LAST COALITION":[[],[{"utility":75,"ID":9},{"utility":27,"ID":10}],[{"utility":7,"ID":4},{"utility":63,"ID":5}],[{"utility":0,"ID":1}],[],[{"utility":0,"ID":8}],[{"utility":0,"ID":2}],[{"utility":0,"ID":6}],[{"utility":59,"ID":3},{"utility":13,"ID":7}],[],[]],"STARTING COALITION: ":[[null],[{"utility":0,"ID":4}],[{"utility":0,"ID":7}],[{"utility":0,"ID":1},{"utility":0,"ID":6}],[{"utility":10.5,"ID":2},{"utility":0,"ID":5},{"utility":0,"ID":10}],[{"utility":12.5,"ID":3},{"utility":0,"ID":8},{"utility":0,"ID":9}],[],[],[],[],[]],"CORE :":true,"Relazioni :":30,"Time : ":3,"LAST PARTITION":{"1":3,"2":6,"3":8,"4":2,"5":2,"6":7,"7":8,"8":5,"9":1,"10":1}},{"Modalità dinamica :":false,"Q : ":3,"STARTING PARTITION: ":{"1":3,"2":4,"3":5,"4":1,"5":4,"6":3,"7":2,"8":5,"9":5,"10":4},"LAST COALITION":[[],[{"utility":75,"ID":9},{"utility":27,"ID":10}],[{"utility":5.5,"ID":2},{"utility":12.5,"ID":3},{"utility":22.5,"ID":8}],[],[{"utility":28.5,"ID":1},{"utility":31,"ID":4},{"utility":23.5,"ID":7}],[],[],[{"utility":37,"ID":5},{"utility":83,"ID":6}],[],[],[]],"STARTING COALITION: ":[[null],[{"utility":0,"ID":4}],[{"utility":0,"ID":7}],[{"utility":0,"ID":1},{"utility":0,"ID":6}],[{"utility":10.5,"ID":2},{"utility":0,"ID":5},{"utility":0,"ID":10}],[{"utility":12.5,"ID":3},{"utility":0,"ID":8},{"utility":0,"ID":9}],[],[],[],[],[]],"CORE :":true,"Relazioni :":30,"Time : ":1,"LAST PARTITION":{"1":4,"2":2,"3":2,"4":4,"5":7,"6":7,"7":4,"8":2,"9":1,"10":1}},{"Modalità dinamica :":false,"Q : ":3,"STARTING PARTITION: ":{"1":3,"2":4,"3":5,"4":1,"5":4,"6":3,"7":2,"8":5,"9":5,"10":4},"LAST COALITION":[[],[{"utility":75,"ID":9},{"utility":27,"ID":10}],[{"utility":5.5,"ID":2},{"utility":12.5,"ID":3},{"utility":22.5,"ID":8}],[],[{"utility":28.5,"ID":1},{"utility":31,"ID":4},{"utility":23.5,"ID":7}],[],[],[{"utility":37,"ID":5},{"utility":83,"ID":6}],[],[],[]],"STARTING COALITION: ":[[null],[{"utility":0,"ID":4}],[{"utility":0,"ID":7}],[{"utility":0,"ID":1},{"utility":0,"ID":6}],[{"utility":10.5,"ID":2},{"utility":0,"ID":5},{"utility":0,"ID":10}],[{"utility":12.5,"ID":3},{"utility":0,"ID":8},{"utility":0,"ID":9}],[],[],[],[],[]],"CORE :":true,"Relazioni :":30,"Time : ":2,"LAST PARTITION":{"1":4,"2":2,"3":2,"4":4,"5":7,"6":7,"7":4,"8":2,"9":1,"10":1}},{"Modalità dinamica :":false,"Q : ":3,"STARTING PARTITION: ":{"1":3,"2":4,"3":5,"4":1,"5":4,"6":3,"7":2,"8":5,"9":5,"10":4},"LAST COALITION":[[],[{"utility":75,"ID":9},{"utility":27,"ID":10}],[{"utility":5.5,"ID":2},{"utility":12.5,"ID":3},{"utility":22.5,"ID":8}],[],[{"utility":28.5,"ID":1},{"utility":31,"ID":4},{"utility":23.5,"ID":7}],[],[],[{"utility":37,"ID":5},{"utility":83,"ID":6}],[],[],[]],"STARTING COALITION: ":[[null],[{"utility":0,"ID":4}],[{"utility":0,"ID":7}],[{"utility":0,"ID":1},{"utility":0,"ID":6}],[{"utility":10.5,"ID":2},{"utility":0,"ID":5},{"utility":0,"ID":10}],[{"utility":12.5,"ID":3},{"utility":0,"ID":8},{"utility":0,"ID":9}],[],[],[],[],[]],"CORE :":true,"Relazioni :":30,"Time : ":3,"LAST PARTITION":{"1":4,"2":2,"3":2,"4":4,"5":7,"6":7,"7":4,"8":2,"9":1,"10":1}},{"Modalità dinamica :":false,"Q : ":4,"STARTING PARTITION: ":{"1":3,"2":4,"3":5,"4":1,"5":4,"6":3,"7":2,"8":5,"9":5,"10":4},"LAST COALITION":[[],[{"utility":75,"ID":9},{"utility":27,"ID":10}],[{"utility":5.5,"ID":2},{"utility":12.5,"ID":3},{"utility":22.5,"ID":8}],[],[{"utility":28.5,"ID":1},{"utility":31,"ID":4},{"utility":23.5,"ID":7}],[],[],[{"utility":37,"ID":5},{"utility":83,"ID":6}],[],[],[]],"STARTING COALITION: ":[[null],[{"utility":0,"ID":4}],[{"utility":0,"ID":7}],[{"utility":0,"ID":1},{"utility":0,"ID":6}],[{"utility":10.5,"ID":2},{"utility":0,"ID":5},{"utility":0,"ID":10}],[{"utility":12.5,"ID":3},{"utility":0,"ID":8},{"utility":0,"ID":9}],[],[],[],[],[]],"CORE :":true,"Relazioni :":30,"Time : ":1,"LAST PARTITION":{"1":4,"2":2,"3":2,"4":4,"5":7,"6":7,"7":4,"8":2,"9":1,"10":1}},{"Modalità dinamica :":false,"Q : ":4,"STARTING PARTITION: ":{"1":3,"2":4,"3":5,"4":1,"5":4,"6":3,"7":2,"8":5,"9":5,"10":4},"LAST COALITION":[[],[{"utility":75,"ID":9},{"utility":27,"ID":10}],[{"utility":5.5,"ID":2},{"utility":12.5,"ID":3},{"utility":22.5,"ID":8}],[],[{"utility":28.5,"ID":1},{"utility":31,"ID":4},{"utility":23.5,"ID":7}],[],[],[{"utility":37,"ID":5},{"utility":83,"ID":6}],[],[],[]],"STARTING COALITION: ":[[null],[{"utility":0,"ID":4}],[{"utility":0,"ID":7}],[{"utility":0,"ID":1},{"utility":0,"ID":6}],[{"utility":10.5,"ID":2},{"utility":0,"ID":5},{"utility":0,"ID":10}],[{"utility":12.5,"ID":3},{"utility":0,"ID":8},{"utility":0,"ID":9}],[],[],[],[],[]],"CORE :":true,"Relazioni :":30,"Time : ":2,"LAST PARTITION":{"1":4,"2":2,"3":2,"4":4,"5":7,"6":7,"7":4,"8":2,"9":1,"10":1}},{"Modalità dinamica :":false,"Q : ":4,"STARTING PARTITION: ":{"1":3,"2":4,"3":5,"4":1,"5":4,"6":3,"7":2,"8":5,"9":5,"10":4},"LAST COALITION":[[],[{"utility":75,"ID":9},{"utility":27,"ID":10}],[{"utility":5.5,"ID":2},{"utility":12.5,"ID":3},{"utility":22.5,"ID":8}],[],[{"utility":28.5,"ID":1},{"utility":31,"ID":4},{"utility":23.5,"ID":7}],[],[],[{"utility":37,"ID":5},{"utility":83,"ID":6}],[],[],[]],"STARTING COALITION: ":[[null],[{"utility":0,"ID":4}],[{"utility":0,"ID":7}],[{"utility":0,"ID":1},{"utility":0,"ID":6}],[{"utility":10.5,"ID":2},{"utility":0,"ID":5},{"utility":0,"ID":10}],[{"utility":12.5,"ID":3},{"utility":0,"ID":8},{"utility":0,"ID":9}],[],[],[],[],[]],"CORE :":true,"Relazioni :":30,"Time : ":3,"LAST PARTITION":{"1":4,"2":2,"3":2,"4":4,"5":7,"6":7,"7":4,"8":2,"9":1,"10":1}},{"Modalità dinamica :":false,"Q : ":5,"STARTING PARTITION: ":{"1":3,"2":4,"3":5,"4":1,"5":4,"6":3,"7":2,"8":5,"9":5,"10":4},"LAST COALITION":[[],[{"utility":75,"ID":9},{"utility":27,"ID":10}],[{"utility":5.5,"ID":2},{"utility":12.5,"ID":3},{"utility":22.5,"ID":8}],[],[{"utility":28.5,"ID":1},{"utility":31,"ID":4},{"utility":23.5,"ID":7}],[],[],[{"utility":37,"ID":5},{"utility":83,"ID":6}],[],[],[]],"STARTING COALITION: ":[[null],[{"utility":0,"ID":4}],[{"utility":0,"ID":7}],[{"utility":0,"ID":1},{"utility":0,"ID":6}],[{"utility":10.5,"ID":2},{"utility":0,"ID":5},{"utility":0,"ID":10}],[{"utility":12.5,"ID":3},{"utility":0,"ID":8},{"utility":0,"ID":9}],[],[],[],[],[]],"CORE :":true,"Relazioni :":30,"Time : ":1,"LAST PARTITION":{"1":4,"2":2,"3":2,"4":4,"5":7,"6":7,"7":4,"8":2,"9":1,"10":1}},{"Modalità dinamica :":false,"Q : ":5,"STARTING PARTITION: ":{"1":3,"2":4,"3":5,"4":1,"5":4,"6":3,"7":2,"8":5,"9":5,"10":4},"LAST COALITION":[[],[{"utility":75,"ID":9},{"utility":27,"ID":10}],[{"utility":5.5,"ID":2},{"utility":12.5,"ID":3},{"utility":22.5,"ID":8}],[],[{"utility":28.5,"ID":1},{"utility":31,"ID":4},{"utility":23.5,"ID":7}],[],[],[{"utility":37,"ID":5},{"utility":83,"ID":6}],[],[],[]],"STARTING COALITION: ":[[null],[{"utility":0,"ID":4}],[{"utility":0,"ID":7}],[{"utility":0,"ID":1},{"utility":0,"ID":6}],[{"utility":10.5,"ID":2},{"utility":0,"ID":5},{"utility":0,"ID":10}],[{"utility":12.5,"ID":3},{"utility":0,"ID":8},{"utility":0,"ID":9}],[],[],[],[],[]],"CORE :":true,"Relazioni :":30,"Time : ":2,"LAST PARTITION":{"1":4,"2":2,"3":2,"4":4,"5":7,"6":7,"7":4,"8":2,"9":1,"10":1}},{"Modalità dinamica :":false,"Q : ":5,"STARTING PARTITION: ":{"1":3,"2":4,"3":5,"4":1,"5":4,"6":3,"7":2,"8":5,"9":5,"10":4},"LAST COALITION":[[],[{"utility":75,"ID":9},{"utility":27,"ID":10}],[{"utility":5.5,"ID":2},{"utility":12.5,"ID":3},{"utility":22.5,"ID":8}],[],[{"utility":28.5,"ID":1},{"utility":31,"ID":4},{"utility":23.5,"ID":7}],[],[],[{"utility":37,"ID":5},{"utility":83,"ID":6}],[],[],[]],"STARTING COALITION: ":[[null],[{"utility":0,"ID":4}],[{"utility":0,"ID":7}],[{"utility":0,"ID":1},{"utility":0,"ID":6}],[{"utility":10.5,"ID":2},{"utility":0,"ID":5},{"utility":0,"ID":10}],[{"utility":12.5,"ID":3},{"utility":0,"ID":8},{"utility":0,"ID":9}],[],[],[],[],[]],"CORE :":true,"Relazioni :":30,"Time : ":3,"LAST PARTITION":{"1":4,"2":2,"3":2,"4":4,"5":7,"6":7,"7":4,"8":2,"9":1,"10":1}},{"Modalità dinamica :":false,"Q : ":6,"STARTING PARTITION: ":{"1":3,"2":4,"3":5,"4":1,"5":4,"6":3,"7":2,"8":5,"9":5,"10":4},"LAST COALITION":[[],[{"utility":75,"ID":9},{"utility":27,"ID":10}],[{"utility":5.5,"ID":2},{"utility":12.5,"ID":3},{"utility":22.5,"ID":8}],[],[{"utility":28.5,"ID":1},{"utility":31,"ID":4},{"utility":23.5,"ID":7}],[],[],[{"utility":37,"ID":5},{"utility":83,"ID":6}],[],[],[]],"STARTING COALITION: ":[[null],[{"utility":0,"ID":4}],[{"utility":0,"ID":7}],[{"utility":0,"ID":1},{"utility":0,"ID":6}],[{"utility":10.5,"ID":2},{"utility":0,"ID":5},{"utility":0,"ID":10}],[{"utility":12.5,"ID":3},{"utility":0,"ID":8},{"utility":0,"ID":9}],[],[],[],[],[]],"CORE :":true,"Relazioni :":30,"Time : ":1,"LAST PARTITION":{"1":4,"2":2,"3":2,"4":4,"5":7,"6":7,"7":4,"8":2,"9":1,"10":1}},{"Modalità dinamica :":false,"Q : ":6,"STARTING PARTITION: ":{"1":3,"2":4,"3":5,"4":1,"5":4,"6":3,"7":2,"8":5,"9":5,"10":4},"LAST COALITION":[[],[{"utility":75,"ID":9},{"utility":27,"ID":10}],[{"utility":5.5,"ID":2},{"utility":12.5,"ID":3},{"utility":22.5,"ID":8}],[],[{"utility":28.5,"ID":1},{"utility":31,"ID":4},{"utility":23.5,"ID":7}],[],[],[{"utility":37,"ID":5},{"utility":83,"ID":6}],[],[],[]],"STARTING COALITION: ":[[null],[{"utility":0,"ID":4}],[{"utility":0,"ID":7}],[{"utility":0,"ID":1},{"utility":0,"ID":6}],[{"utility":10.5,"ID":2},{"utility":0,"ID":5},{"utility":0,"ID":10}],[{"utility":12.5,"ID":3},{"utility":0,"ID":8},{"utility":0,"ID":9}],[],[],[],[],[]],"CORE :":true,"Relazioni :":30,"Time : ":2,"LAST PARTITION":{"1":4,"2":2,"3":2,"4":4,"5":7,"6":7,"7":4,"8":2,"9":1,"10":1}},{"Modalità dinamica :":false,"Q : ":6,"STARTING PARTITION: ":{"1":3,"2":4,"3":5,"4":1,"5":4,"6":3,"7":2,"8":5,"9":5,"10":4},"LAST COALITION":[[],[{"utility":75,"ID":9},{"utility":27,"ID":10}],[{"utility":5.5,"ID":2},{"utility":12.5,"ID":3},{"utility":22.5,"ID":8}],[],[{"utility":28.5,"ID":1},{"utility":31,"ID":4},{"utility":23.5,"ID":7}],[],[],[{"utility":37,"ID":5},{"utility":83,"ID":6}],[],[],[]],"STARTING COALITION: ":[[null],[{"utility":0,"ID":4}],[{"utility":0,"ID":7}],[{"utility":0,"ID":1},{"utility":0,"ID":6}],[{"utility":10.5,"ID":2},{"utility":0,"ID":5},{"utility":0,"ID":10}],[{"utility":12.5,"ID":3},{"utility":0,"ID":8},{"utility":0,"ID":9}],[],[],[],[],[]],"CORE :":true,"Relazioni :":30,"Time : ":3,"LAST PARTITION":{"1":4,"2":2,"3":2,"4":4,"5":7,"6":7,"7":4,"8":2,"9":1,"10":1}},{"Modalità dinamica :":true,"Q : ":2,"STARTING PARTITION: ":{"1":3,"2":4,"3":5,"4":1,"5":4,"6":3,"7":2,"8":5,"9":5,"10":4},"LAST COALITION":[[],[{"utility":0,"ID":2}],[{"utility":7,"ID":4},{"utility":63,"ID":5}],[{"utility":0,"ID":1}],[],[{"utility":0,"ID":8}],[{"utility":0,"ID":6}],[{"utility":59,"ID":3},{"utility":13,"ID":7}],[{"utility":75,"ID":9},{"utility":27,"ID":10}],[],[]],"STARTING COALITION: ":[[null],[{"utility":0,"ID":4}],[{"utility":0,"ID":7}],[{"utility":0,"ID":1},{"utility":0,"ID":6}],[{"utility":10.5,"ID":2},{"utility":0,"ID":5},{"utility":0,"ID":10}],[{"utility":12.5,"ID":3},{"utility":0,"ID":8},{"utility":0,"ID":9}],[],[],[],[],[]],"CORE :":true,"Relazioni :":30,"Time : ":1,"LAST PARTITION":{"1":3,"2":1,"3":7,"4":2,"5":2,"6":6,"7":7,"8":5,"9":8,"10":8}},{"Modalità dinamica :":true,"Q : ":2,"STARTING PARTITION: ":{"1":3,"2":4,"3":5,"4":1,"5":4,"6":3,"7":2,"8":5,"9":5,"10":4},"LAST COALITION":[[],[{"utility":75,"ID":9},{"utility":27,"ID":10}],[{"utility":7,"ID":4},{"utility":63,"ID":5}],[{"utility":0,"ID":1}],[{"utility":0,"ID":2}],[{"utility":0,"ID":8}],[],[{"utility":0,"ID":6}],[{"utility":59,"ID":3},{"utility":13,"ID":7}],[],[]],"STARTING COALITION: ":[[null],[{"utility":0,"ID":4}],[{"utility":0,"ID":7}],[{"utility":0,"ID":1},{"utility":0,"ID":6}],[{"utility":10.5,"ID":2},{"utility":0,"ID":5},{"utility":0,"ID":10}],[{"utility":12.5,"ID":3},{"utility":0,"ID":8},{"utility":0,"ID":9}],[],[],[],[],[]],"CORE :":true,"Relazioni :":30,"Time : ":2,"LAST PARTITION":{"1":3,"2":4,"3":8,"4":2,"5":2,"6":7,"7":8,"8":5,"9":1,"10":1}},{"Modalità dinamica :":true,"Q : ":2,"STARTING PARTITION: ":{"1":3,"2":4,"3":5,"4":1,"5":4,"6":3,"7":2,"8":5,"9":5,"10":4},"LAST COALITION":[[],[],[{"utility":75,"ID":9},{"utility":27,"ID":10}],[{"utility":0,"ID":1}],[{"utility":0,"ID":2}],[{"utility":0,"ID":8}],[{"utility":59,"ID":3},{"utility":13,"ID":7}],[{"utility":0,"ID":6}],[{"utility":7,"ID":4},{"utility":63,"ID":5}],[],[]],"STARTING COALITION: ":[[null],[{"utility":0,"ID":4}],[{"utility":0,"ID":7}],[{"utility":0,"ID":1},{"utility":0,"ID":6}],[{"utility":10.5,"ID":2},{"utility":0,"ID":5},{"utility":0,"ID":10}],[{"utility":12.5,"ID":3},{"utility":0,"ID":8},{"utility":0,"ID":9}],[],[],[],[],[]],"CORE :":true,"Relazioni :":30,"Time : ":3,"LAST PARTITION":{"1":3,"2":4,"3":6,"4":8,"5":8,"6":7,"7":6,"8":5,"9":2,"10":2}},{"Modalità dinamica :":true,"Q : ":3,"STARTING PARTITION: ":{"1":3,"2":4,"3":5,"4":1,"5":4,"6":3,"7":2,"8":5,"9":5,"10":4},"LAST COALITION":[[],[{"utility":0,"ID":8},{"utility":76,"ID":10}],[{"utility":37,"ID":5},{"utility":83,"ID":6}],[],[{"utility":28.5,"ID":1},{"utility":31,"ID":4},{"utility":23.5,"ID":7}],[{"utility":89,"ID":2},{"utility":16,"ID":9}],[],[{"utility":0,"ID":3}],[],[],[]],"STARTING COALITION: ":[[null],[{"utility":0,"ID":4}],[{"utility":0,"ID":7}],[{"utility":0,"ID":1},{"utility":0,"ID":6}],[{"utility":10.5,"ID":2},{"utility":0,"ID":5},{"utility":0,"ID":10}],[{"utility":12.5,"ID":3},{"utility":0,"ID":8},{"utility":0,"ID":9}],[],[],[],[],[]],"CORE :":true,"Relazioni :":30,"Time : ":1,"LAST PARTITION":{"1":4,"2":5,"3":7,"4":4,"5":2,"6":2,"7":4,"8":1,"9":5,"10":1}},{"Modalità dinamica :":true,"Q : ":3,"STARTING PARTITION: ":{"1":3,"2":4,"3":5,"4":1,"5":4,"6":3,"7":2,"8":5,"9":5,"10":4},"LAST COALITION":[[],[{"utility":89,"ID":2},{"utility":16,"ID":9}],[],[{"utility":37,"ID":5},{"utility":83,"ID":6}],[],[{"utility":59,"ID":3},{"utility":13,"ID":7}],[{"utility":0,"ID":8},{"utility":76,"ID":10}],[],[{"utility":0,"ID":1},{"utility":62,"ID":4}],[],[]],"STARTING COALITION: ":[[null],[{"utility":0,"ID":4}],[{"utility":0,"ID":7}],[{"utility":0,"ID":1},{"utility":0,"ID":6}],[{"utility":10.5,"ID":2},{"utility":0,"ID":5},{"utility":0,"ID":10}],[{"utility":12.5,"ID":3},{"utility":0,"ID":8},{"utility":0,"ID":9}],[],[],[],[],[]],"CORE :":true,"Relazioni :":30,"Time : ":2,"LAST PARTITION":{"1":8,"2":1,"3":5,"4":8,"5":3,"6":3,"7":5,"8":6,"9":1,"10":6}},{"Modalità dinamica :":true,"Q : ":3,"STARTING PARTITION: ":{"1":3,"2":4,"3":5,"4":1,"5":4,"6":3,"7":2,"8":5,"9":5,"10":4},"LAST COALITION":[[],[{"utility":37,"ID":5},{"utility":83,"ID":6}],[{"utility":75,"ID":9},{"utility":27,"ID":10}],[],[],[{"utility":0,"ID":8}],[{"utility":11,"ID":2},{"utility":0,"ID":3}],[],[{"utility":28.5,"ID":1},{"utility":31,"ID":4},{"utility":23.5,"ID":7}],[],[]],"STARTING COALITION: ":[[null],[{"utility":0,"ID":4}],[{"utility":0,"ID":7}],[{"utility":0,"ID":1},{"utility":0,"ID":6}],[{"utility":10.5,"ID":2},{"utility":0,"ID":5},{"utility":0,"ID":10}],[{"utility":12.5,"ID":3},{"utility":0,"ID":8},{"utility":0,"ID":9}],[],[],[],[],[]],"CORE :":true,"Relazioni :":30,"Time : ":3,"LAST PARTITION":{"1":8,"2":6,"3":6,"4":8,"5":1,"6":1,"7":8,"8":5,"9":2,"10":2}},{"Modalità dinamica :":true,"Q : ":4,"STARTING PARTITION: ":{"1":3,"2":4,"3":5,"4":1,"5":4,"6":3,"7":2,"8":5,"9":5,"10":4},"LAST COALITION":[[],[{"utility":5.5,"ID":2},{"utility":12.5,"ID":3},{"utility":22.5,"ID":8}],[],[],[{"utility":37,"ID":5},{"utility":83,"ID":6}],[],[{"utility":75,"ID":9},{"utility":27,"ID":10}],[],[{"utility":28.5,"ID":1},{"utility":31,"ID":4},{"utility":23.5,"ID":7}],[],[]],"STARTING COALITION: ":[[null],[{"utility":0,"ID":4}],[{"utility":0,"ID":7}],[{"utility":0,"ID":1},{"utility":0,"ID":6}],[{"utility":10.5,"ID":2},{"utility":0,"ID":5},{"utility":0,"ID":10}],[{"utility":12.5,"ID":3},{"utility":0,"ID":8},{"utility":0,"ID":9}],[],[],[],[],[]],"CORE :":true,"Relazioni :":30,"Time : ":1,"LAST PARTITION":{"1":8,"2":1,"3":1,"4":8,"5":4,"6":4,"7":8,"8":1,"9":6,"10":6}},{"Modalità dinamica :":true,"Q : ":4,"STARTING PARTITION: ":{"1":3,"2":4,"3":5,"4":1,"5":4,"6":3,"7":2,"8":5,"9":5,"10":4},"LAST COALITION":[[],[],[{"utility":0,"ID":3}],[{"utility":28.5,"ID":1},{"utility":31,"ID":4},{"utility":23.5,"ID":7}],[{"utility":37,"ID":5},{"utility":83,"ID":6}],[],[{"utility":89,"ID":2},{"utility":16,"ID":9}],[],[{"utility":0,"ID":8},{"utility":76,"ID":10}],[],[]],"STARTING COALITION: ":[[null],[{"utility":0,"ID":4}],[{"utility":0,"ID":7}],[{"utility":0,"ID":1},{"utility":0,"ID":6}],[{"utility":10.5,"ID":2},{"utility":0,"ID":5},{"utility":0,"ID":10}],[{"utility":12.5,"ID":3},{"utility":0,"ID":8},{"utility":0,"ID":9}],[],[],[],[],[]],"CORE :":true,"Relazioni :":30,"Time : ":2,"LAST PARTITION":{"1":3,"2":6,"3":2,"4":3,"5":4,"6":4,"7":3,"8":8,"9":6,"10":8}},{"Modalità dinamica :":true,"Q : ":4,"STARTING PARTITION: ":{"1":3,"2":4,"3":5,"4":1,"5":4,"6":3,"7":2,"8":5,"9":5,"10":4},"LAST COALITION":[[],[{"utility":28.5,"ID":1},{"utility":31,"ID":4},{"utility":23.5,"ID":7}],[{"utility":75,"ID":9},{"utility":27,"ID":10}],[],[{"utility":37,"ID":5},{"utility":83,"ID":6}],[],[{"utility":5.5,"ID":2},{"utility":12.5,"ID":3},{"utility":22.5,"ID":8}],[],[],[],[]],"STARTING COALITION: ":[[null],[{"utility":0,"ID":4}],[{"utility":0,"ID":7}],[{"utility":0,"ID":1},{"utility":0,"ID":6}],[{"utility":10.5,"ID":2},{"utility":0,"ID":5},{"utility":0,"ID":10}],[{"utility":12.5,"ID":3},{"utility":0,"ID":8},{"utility":0,"ID":9}],[],[],[],[],[]],"CORE :":true,"Relazioni :":30,"Time : ":3,"LAST PARTITION":{"1":1,"2":6,"3":6,"4":1,"5":4,"6":4,"7":1,"8":6,"9":2,"10":2}},{"Modalità dinamica :":true,"Q : ":5,"STARTING PARTITION: ":{"1":3,"2":4,"3":5,"4":1,"5":4,"6":3,"7":2,"8":5,"9":5,"10":4},"LAST COALITION":[[],[],[],[{"utility":75,"ID":9},{"utility":27,"ID":10}],[{"utility":37,"ID":5},{"utility":83,"ID":6}],[],[{"utility":28.5,"ID":1},{"utility":31,"ID":4},{"utility":23.5,"ID":7}],[{"utility":5.5,"ID":2},{"utility":12.5,"ID":3},{"utility":22.5,"ID":8}],[],[],[]],"STARTING COALITION: ":[[null],[{"utility":0,"ID":4}],[{"utility":0,"ID":7}],[{"utility":0,"ID":1},{"utility":0,"ID":6}],[{"utility":10.5,"ID":2},{"utility":0,"ID":5},{"utility":0,"ID":10}],[{"utility":12.5,"ID":3},{"utility":0,"ID":8},{"utility":0,"ID":9}],[],[],[],[],[]],"CORE :":true,"Relazioni :":30,"Time : ":1,"LAST PARTITION":{"1":6,"2":7,"3":7,"4":6,"5":4,"6":4,"7":6,"8":7,"9":3,"10":3}},{"Modalità dinamica :":true,"Q : ":5,"STARTING PARTITION: ":{"1":3,"2":4,"3":5,"4":1,"5":4,"6":3,"7":2,"8":5,"9":5,"10":4},"LAST COALITION":[[],[{"utility":0,"ID":3}],[{"utility":89,"ID":2},{"utility":16,"ID":9}],[{"utility":0,"ID":8},{"utility":76,"ID":10}],[],[{"utility":28.5,"ID":1},{"utility":31,"ID":4},{"utility":23.5,"ID":7}],[],[{"utility":37,"ID":5},{"utility":83,"ID":6}],[],[],[]],"STARTING COALITION: ":[[null],[{"utility":0,"ID":4}],[{"utility":0,"ID":7}],[{"utility":0,"ID":1},{"utility":0,"ID":6}],[{"utility":10.5,"ID":2},{"utility":0,"ID":5},{"utility":0,"ID":10}],[{"utility":12.5,"ID":3},{"utility":0,"ID":8},{"utility":0,"ID":9}],[],[],[],[],[]],"CORE :":true,"Relazioni :":30,"Time : ":2,"LAST PARTITION":{"1":5,"2":2,"3":1,"4":5,"5":7,"6":7,"7":5,"8":3,"9":2,"10":3}},{"Modalità dinamica :":true,"Q : ":5,"STARTING PARTITION: ":{"1":3,"2":4,"3":5,"4":1,"5":4,"6":3,"7":2,"8":5,"9":5,"10":4},"LAST COALITION":[[],[],[{"utility":0,"ID":8},{"utility":76,"ID":10}],[{"utility":37,"ID":5},{"utility":83,"ID":6}],[{"utility":89,"ID":2},{"utility":16,"ID":9}],[],[{"utility":0,"ID":3}],[],[{"utility":28.5,"ID":1},{"utility":31,"ID":4},{"utility":23.5,"ID":7}],[],[]],"STARTING COALITION: ":[[null],[{"utility":0,"ID":4}],[{"utility":0,"ID":7}],[{"utility":0,"ID":1},{"utility":0,"ID":6}],[{"utility":10.5,"ID":2},{"utility":0,"ID":5},{"utility":0,"ID":10}],[{"utility":12.5,"ID":3},{"utility":0,"ID":8},{"utility":0,"ID":9}],[],[],[],[],[]],"CORE :":true,"Relazioni :":30,"Time : ":3,"LAST PARTITION":{"1":8,"2":4,"3":6,"4":8,"5":3,"6":3,"7":8,"8":2,"9":4,"10":2}},{"Modalità dinamica :":true,"Q : ":6,"STARTING PARTITION: ":{"1":3,"2":4,"3":5,"4":1,"5":4,"6":3,"7":2,"8":5,"9":5,"10":4},"LAST COALITION":[[],[{"utility":0,"ID":3}],[{"utility":37,"ID":5},{"utility":83,"ID":6}],[{"utility":0,"ID":2},{"utility":45,"ID":8}],[{"utility":75,"ID":9},{"utility":27,"ID":10}],[{"utility":28.5,"ID":1},{"utility":31,"ID":4},{"utility":23.5,"ID":7}],[],[],[],[],[]],"STARTING COALITION: ":[[null],[{"utility":0,"ID":4}],[{"utility":0,"ID":7}],[{"utility":0,"ID":1},{"utility":0,"ID":6}],[{"utility":10.5,"ID":2},{"utility":0,"ID":5},{"utility":0,"ID":10}],[{"utility":12.5,"ID":3},{"utility":0,"ID":8},{"utility":0,"ID":9}],[],[],[],[],[]],"CORE :":true,"Relazioni :":30,"Time : ":1,"LAST PARTITION":{"1":5,"2":3,"3":1,"4":5,"5":2,"6":2,"7":5,"8":3,"9":4,"10":4}},{"Modalità dinamica :":true,"Q : ":6,"STARTING PARTITION: ":{"1":3,"2":4,"3":5,"4":1,"5":4,"6":3,"7":2,"8":5,"9":5,"10":4},"LAST COALITION":[[],[{"utility":37,"ID":5},{"utility":83,"ID":6}],[],[],[{"utility":0,"ID":1},{"utility":62,"ID":4}],[{"utility":0,"ID":8},{"utility":76,"ID":10}],[{"utility":89,"ID":2},{"utility":16,"ID":9}],[{"utility":59,"ID":3},{"utility":13,"ID":7}],[],[],[]],"STARTING COALITION: ":[[null],[{"utility":0,"ID":4}],[{"utility":0,"ID":7}],[{"utility":0,"ID":1},{"utility":0,"ID":6}],[{"utility":10.5,"ID":2},{"utility":0,"ID":5},{"utility":0,"ID":10}],[{"utility":12.5,"ID":3},{"utility":0,"ID":8},{"utility":0,"ID":9}],[],[],[],[],[]],"CORE :":true,"Relazioni :":30,"Time : ":2,"LAST PARTITION":{"1":4,"2":6,"3":7,"4":4,"5":1,"6":1,"7":7,"8":5,"9":6,"10":5}},{"Modalità dinamica :":true,"Q : ":6,"STARTING PARTITION: ":{"1":3,"2":4,"3":5,"4":1,"5":4,"6":3,"7":2,"8":5,"9":5,"10":4},"LAST COALITION":[[],[{"utility":37,"ID":5},{"utility":83,"ID":6}],[{"utility":0,"ID":3}],[],[{"utility":28.5,"ID":1},{"utility":31,"ID":4},{"utility":23.5,"ID":7}],[],[{"utility":36.666666666666664,"ID":2},{"utility":15,"ID":8},{"utility":30.333333333333332,"ID":9},{"utility":34.333333333333336,"ID":10}],[],[],[],[]],"STARTING COALITION: ":[[null],[{"utility":0,"ID":4}],[{"utility":0,"ID":7}],[{"utility":0,"ID":1},{"utility":0,"ID":6}],[{"utility":10.5,"ID":2},{"utility":0,"ID":5},{"utility":0,"ID":10}],[{"utility":12.5,"ID":3},{"utility":0,"ID":8},{"utility":0,"ID":9}],[],[],[],[],[]],"CORE :":true,"Relazioni :":30,"Time : ":3,"LAST PARTITION":{"1":4,"2":6,"3":2,"4":4,"5":1,"6":1,"7":4,"8":6,"9":6,"10":6}},{"END OF FILE:" : true}]