[{"STARTING PARTITION: ":{"1":1,"2":1,"3":2,"4":2,"5":1},"Agents":[null,{"utility":82,"ID":1},{"utility":86,"ID":2},{"utility":0,"ID":3},{"utility":48,"ID":4},{"utility":93,"ID":5}],"LAST COALITION":[[],[{"utility":48,"ID":4},{"utility":93,"ID":5}],[],[{"utility":82,"ID":1},{"utility":86,"ID":2}],[{"utility":0,"ID":3}],[]],"STARTING COALITION: ":[[null],[{"utility":79.5,"ID":1},{"utility":67.5,"ID":2},{"utility":82,"ID":5}],[{"utility":81,"ID":3},{"utility":33,"ID":4}],[],[],[]],"CORE :":true,"LAST PARTITION":{"1":3,"2":3,"3":4,"4":1,"5":1}},{"STARTING PARTITION: ":{"1":2,"2":2,"3":2,"4":2,"5":2},"Agents":[null,{"utility":82,"ID":1},{"utility":86,"ID":2},{"utility":0,"ID":3},{"utility":48,"ID":4},{"utility":93,"ID":5}],"LAST COALITION":[[],[{"utility":82,"ID":1},{"utility":86,"ID":2}],[{"utility":0,"ID":3}],[{"utility":48,"ID":4},{"utility":93,"ID":5}],[],[]],"STARTING COALITION: ":[[null],[],[{"utility":46.25,"ID":1},{"utility":70.75,"ID":2},{"utility":61.5,"ID":3},{"utility":40.5,"ID":4},{"utility":72.75,"ID":5}],[],[],[]],"CORE :":true,"LAST PARTITION":{"1":1,"2":1,"3":2,"4":3,"5":3}},{"STARTING PARTITION: ":{"1":2,"2":2,"3":2,"4":2,"5":1},"Agents":[null,{"utility":82,"ID":1},{"utility":86,"ID":2},{"utility":0,"ID":3},{"utility":48,"ID":4},{"utility":93,"ID":5}],"LAST COALITION":[[],[],[{"utility":0,"ID":3}],[{"utility":82,"ID":1},{"utility":86,"ID":2}],[{"utility":48,"ID":4},{"utility":93,"ID":5}],[]],"STARTING COALITION: ":[[null],[{"utility":0,"ID":5}],[{"utility":36,"ID":1},{"utility":78,"ID":2},{"utility":53.333333333333336,"ID":3},{"utility":38,"ID":4}],[],[],[]],"CORE :":true,"LAST PARTITION":{"1":3,"2":3,"3":2,"4":4,"5":4}},{"STARTING PARTITION: ":{"1":2,"2":1,"3":2,"4":1,"5":1},"Agents":[null,{"utility":82,"ID":1},{"utility":86,"ID":2},{"utility":0,"ID":3},{"utility":48,"ID":4},{"utility":93,"ID":5}],"LAST COALITION":[[],[{"utility":48,"ID":4},{"utility":93,"ID":5}],[],[{"utility":0,"ID":3}],[{"utility":82,"ID":1},{"utility":86,"ID":2}],[]],"STARTING COALITION: ":[[null],[{"utility":64.5,"ID":2},{"utility":28,"ID":4},{"utility":88,"ID":5}],[{"utility":5,"ID":1},{"utility":7,"ID":3}],[],[],[]],"CORE :":true,"LAST PARTITION":{"1":4,"2":4,"3":3,"4":1,"5":1}},{"STARTING PARTITION: ":{"1":2,"2":1,"3":1,"4":2,"5":1},"Agents":[null,{"utility":82,"ID":1},{"utility":86,"ID":2},{"utility":0,"ID":3},{"utility":48,"ID":4},{"utility":93,"ID":5}],"LAST COALITION":[[],[{"utility":0,"ID":3}],[],[{"utility":82,"ID":1},{"utility":86,"ID":2}],[{"utility":48,"ID":4},{"utility":93,"ID":5}],[]],"STARTING COALITION: ":[[null],[{"utility":58.5,"ID":2},{"utility":79,"ID":3},{"utility":58.5,"ID":5}],[{"utility":21,"ID":1},{"utility":73,"ID":4}],[],[],[]],"CORE :":true,"LAST PARTITION":{"1":3,"2":3,"3":1,"4":4,"5":4}},{"STARTING PARTITION: ":{"1":1,"2":1,"3":2,"4":2,"5":2},"Agents":[null,{"utility":82,"ID":1},{"utility":86,"ID":2},{"utility":0,"ID":3},{"utility":48,"ID":4},{"utility":93,"ID":5}],"LAST COALITION":[[],[{"utility":82,"ID":1},{"utility":86,"ID":2}],[{"utility":0,"ID":3}],[{"utility":48,"ID":4},{"utility":93,"ID":5}],[],[]],"STARTING COALITION: ":[[null],[{"utility":82,"ID":1},{"utility":86,"ID":2}],[{"utility":83.5,"ID":3},{"utility":40.5,"ID":4},{"utility":63.5,"ID":5}],[],[],[]],"CORE :":true,"LAST PARTITION":{"1":1,"2":1,"3":2,"4":3,"5":3}},{"STARTING PARTITION: ":{"1":1,"2":2,"3":1,"4":1,"5":1},"Agents":[null,{"utility":82,"ID":1},{"utility":86,"ID":2},{"utility":0,"ID":3},{"utility":48,"ID":4},{"utility":93,"ID":5}],"LAST COALITION":[[],[],[{"utility":0,"ID":3}],[{"utility":48,"ID":4},{"utility":93,"ID":5}],[{"utility":82,"ID":1},{"utility":86,"ID":2}],[]],"STARTING COALITION: ":[[null],[{"utility":34.333333333333336,"ID":1},{"utility":58,"ID":3},{"utility":51.333333333333336,"ID":4},{"utility":69.33333333333333,"ID":5}],[{"utility":0,"ID":2}],[],[],[]],"CORE :":true,"LAST PARTITION":{"1":4,"2":4,"3":2,"4":3,"5":3}},{"STARTING PARTITION: ":{"1":1,"2":2,"3":1,"4":2,"5":2},"Agents":[null,{"utility":82,"ID":1},{"utility":86,"ID":2},{"utility":0,"ID":3},{"utility":48,"ID":4},{"utility":93,"ID":5}],"LAST COALITION":[[],[{"utility":82,"ID":1},{"utility":86,"ID":2}],[{"utility":48,"ID":4},{"utility":93,"ID":5}],[{"utility":0,"ID":3}],[],[]],"STARTING COALITION: ":[[null],[{"utility":5,"ID":1},{"utility":7,"ID":3}],[{"utility":64.5,"ID":2},{"utility":28,"ID":4},{"utility":88,"ID":5}],[],[],[]],"CORE :":true,"LAST PARTITION":{"1":1,"2":1,"3":3,"4":2,"5":2}},{"STARTING PARTITION: ":{"1":2,"2":2,"3":1,"4":1,"5":2},"Agents":[null,{"utility":82,"ID":1},{"utility":86,"ID":2},{"utility":0,"ID":3},{"utility":48,"ID":4},{"utility":93,"ID":5}],"LAST COALITION":[[],[{"utility":48,"ID":4},{"utility":93,"ID":5}],[],[{"utility":82,"ID":1},{"utility":86,"ID":2}],[{"utility":0,"ID":3}],[]],"STARTING COALITION: ":[[null],[{"utility":81,"ID":3},{"utility":33,"ID":4}],[{"utility":79.5,"ID":1},{"utility":67.5,"ID":2},{"utility":82,"ID":5}],[],[],[]],"CORE :":true,"LAST PARTITION":{"1":3,"2":3,"3":4,"4":1,"5":1}},{"STARTING PARTITION: ":{"1":2,"2":1,"3":2,"4":1,"5":2},"Agents":[null,{"utility":82,"ID":1},{"utility":86,"ID":2},{"utility":0,"ID":3},{"utility":48,"ID":4},{"utility":93,"ID":5}],"LAST COALITION":[[],[{"utility":82,"ID":1},{"utility":86,"ID":2}],[{"utility":0,"ID":3}],[],[{"utility":48,"ID":4},{"utility":93,"ID":5}],[]],"STARTING COALITION: ":[[null],[{"utility":80,"ID":2},{"utility":8,"ID":4}],[{"utility":41,"ID":1},{"utility":46.5,"ID":3},{"utility":57.5,"ID":5}],[],[],[]],"CORE :":true,"LAST PARTITION":{"1":1,"2":1,"3":2,"4":4,"5":4}},{"STARTING PARTITION: ":{"1":2,"2":1,"3":1,"4":2,"5":2},"Agents":[null,{"utility":82,"ID":1},{"utility":86,"ID":2},{"utility":0,"ID":3},{"utility":48,"ID":4},{"utility":93,"ID":5}],"LAST COALITION":[[],[{"utility":0,"ID":3}],[{"utility":48,"ID":4},{"utility":93,"ID":5}],[{"utility":82,"ID":1},{"utility":86,"ID":2}],[],[]],"STARTING COALITION: ":[[null],[{"utility":68,"ID":2},{"utility":72,"ID":3}],[{"utility":49,"ID":1},{"utility":60.5,"ID":4},{"utility":87,"ID":5}],[],[],[]],"CORE :":true,"LAST PARTITION":{"1":3,"2":3,"3":1,"4":2,"5":2}},{"STARTING PARTITION: ":{"1":2,"2":2,"3":2,"4":1,"5":1},"Agents":[null,{"utility":82,"ID":1},{"utility":86,"ID":2},{"utility":0,"ID":3},{"utility":48,"ID":4},{"utility":93,"ID":5}],"LAST COALITION":[[],[{"utility":48,"ID":4},{"utility":93,"ID":5}],[{"utility":0,"ID":3}],[{"utility":82,"ID":1},{"utility":86,"ID":2}],[],[]],"STARTING COALITION: ":[[null],[{"utility":48,"ID":4},{"utility":93,"ID":5}],[{"utility":43.5,"ID":1},{"utility":77,"ID":2},{"utility":39.5,"ID":3}],[],[],[]],"CORE :":true,"LAST PARTITION":{"1":3,"2":3,"3":2,"4":1,"5":1}},{"STARTING PARTITION: ":{"1":1,"2":1,"3":2,"4":2,"5":2},"Agents":[null,{"utility":82,"ID":1},{"utility":86,"ID":2},{"utility":0,"ID":3},{"utility":48,"ID":4},{"utility":93,"ID":5}],"LAST COALITION":[[],[{"utility":82,"ID":1},{"utility":86,"ID":2}],[{"utility":0,"ID":3}],[{"utility":48,"ID":4},{"utility":93,"ID":5}],[],[]],"STARTING COALITION: ":[[null],[{"utility":82,"ID":1},{"utility":86,"ID":2}],[{"utility":83.5,"ID":3},{"utility":40.5,"ID":4},{"utility":63.5,"ID":5}],[],[],[]],"CORE :":true,"LAST PARTITION":{"1":1,"2":1,"3":2,"4":3,"5":3}},{"STARTING PARTITION: ":{"1":1,"2":2,"3":2,"4":1,"5":2},"Agents":[null,{"utility":82,"ID":1},{"utility":86,"ID":2},{"utility":0,"ID":3},{"utility":48,"ID":4},{"utility":93,"ID":5}],"LAST COALITION":[[],[{"utility":0,"ID":3}],[{"utility":48,"ID":4},{"utility":93,"ID":5}],[],[{"utility":82,"ID":1},{"utility":86,"ID":2}],[]],"STARTING COALITION: ":[[null],[{"utility":21,"ID":1},{"utility":73,"ID":4}],[{"utility":58.5,"ID":2},{"utility":79,"ID":3},{"utility":58.5,"ID":5}],[],[],[]],"CORE :":true,"LAST PARTITION":{"1":4,"2":4,"3":1,"4":2,"5":2}},{"STARTING PARTITION: ":{"1":2,"2":2,"3":2,"4":2,"5":2},"Agents":[null,{"utility":82,"ID":1},{"utility":86,"ID":2},{"utility":0,"ID":3},{"utility":48,"ID":4},{"utility":93,"ID":5}],"LAST COALITION":[[],[{"utility":82,"ID":1},{"utility":86,"ID":2}],[{"utility":0,"ID":3}],[{"utility":48,"ID":4},{"utility":93,"ID":5}],[],[]],"STARTING COALITION: ":[[null],[],[{"utility":46.25,"ID":1},{"utility":70.75,"ID":2},{"utility":61.5,"ID":3},{"utility":40.5,"ID":4},{"utility":72.75,"ID":5}],[],[],[]],"CORE :":true,"LAST PARTITION":{"1":1,"2":1,"3":2,"4":3,"5":3}},{"STARTING PARTITION: ":{"1":2,"2":2,"3":1,"4":2,"5":2},"Agents":[null,{"utility":82,"ID":1},{"utility":86,"ID":2},{"utility":0,"ID":3},{"utility":48,"ID":4},{"utility":93,"ID":5}],"LAST COALITION":[[],[{"utility":0,"ID":3}],[{"utility":48,"ID":4},{"utility":93,"ID":5}],[{"utility":82,"ID":1},{"utility":86,"ID":2}],[],[]],"STARTING COALITION: ":[[null],[{"utility":0,"ID":3}],[{"utility":60,"ID":1},{"utility":71.66666666666667,"ID":2},{"utility":43,"ID":4},{"utility":85.66666666666667,"ID":5}],[],[],[]],"CORE :":true,"LAST PARTITION":{"1":3,"2":3,"3":1,"4":2,"5":2}},{"STARTING PARTITION: ":{"1":1,"2":1,"3":2,"4":2,"5":2},"Agents":[null,{"utility":82,"ID":1},{"utility":86,"ID":2},{"utility":0,"ID":3},{"utility":48,"ID":4},{"utility":93,"ID":5}],"LAST COALITION":[[],[{"utility":82,"ID":1},{"utility":86,"ID":2}],[{"utility":0,"ID":3}],[{"utility":48,"ID":4},{"utility":93,"ID":5}],[],[]],"STARTING COALITION: ":[[null],[{"utility":82,"ID":1},{"utility":86,"ID":2}],[{"utility":83.5,"ID":3},{"utility":40.5,"ID":4},{"utility":63.5,"ID":5}],[],[],[]],"CORE :":true,"LAST PARTITION":{"1":1,"2":1,"3":2,"4":3,"5":3}},{"STARTING PARTITION: ":{"1":2,"2":1,"3":1,"4":2,"5":2},"Agents":[null,{"utility":82,"ID":1},{"utility":86,"ID":2},{"utility":0,"ID":3},{"utility":48,"ID":4},{"utility":93,"ID":5}],"LAST COALITION":[[],[{"utility":0,"ID":3}],[{"utility":48,"ID":4},{"utility":93,"ID":5}],[{"utility":82,"ID":1},{"utility":86,"ID":2}],[],[]],"STARTING COALITION: ":[[null],[{"utility":68,"ID":2},{"utility":72,"ID":3}],[{"utility":49,"ID":1},{"utility":60.5,"ID":4},{"utility":87,"ID":5}],[],[],[]],"CORE :":true,"LAST PARTITION":{"1":3,"2":3,"3":1,"4":2,"5":2}},{"STARTING PARTITION: ":{"1":2,"2":1,"3":1,"4":1,"5":2},"Agents":[null,{"utility":82,"ID":1},{"utility":86,"ID":2},{"utility":0,"ID":3},{"utility":48,"ID":4},{"utility":93,"ID":5}],"LAST COALITION":[[],[{"utility":82,"ID":1},{"utility":86,"ID":2}],[{"utility":0,"ID":3}],[],[{"utility":48,"ID":4},{"utility":93,"ID":5}],[]],"STARTING COALITION: ":[[null],[{"utility":74,"ID":2},{"utility":76.5,"ID":3},{"utility":20.5,"ID":4}],[{"utility":77,"ID":1},{"utility":81,"ID":5}],[],[],[]],"CORE :":true,"LAST PARTITION":{"1":1,"2":1,"3":2,"4":4,"5":4}},{"STARTING PARTITION: ":{"1":1,"2":1,"3":1,"4":2,"5":2},"Agents":[null,{"utility":82,"ID":1},{"utility":86,"ID":2},{"utility":0,"ID":3},{"utility":48,"ID":4},{"utility":93,"ID":5}],"LAST COALITION":[[],[{"utility":0,"ID":3}],[{"utility":48,"ID":4},{"utility":93,"ID":5}],[{"utility":82,"ID":1},{"utility":86,"ID":2}],[],[]],"STARTING COALITION: ":[[null],[{"utility":43.5,"ID":1},{"utility":77,"ID":2},{"utility":39.5,"ID":3}],[{"utility":48,"ID":4},{"utility":93,"ID":5}],[],[],[]],"CORE :":true,"LAST PARTITION":{"1":3,"2":3,"3":1,"4":2,"5":2}},{"END OF FILE:" : true}]