[{"Modalità dinamica :":false,"Q : ":2,"STARTING PARTITION: ":{"1":5,"2":2,"3":5,"4":5,"5":5,"6":6,"7":4,"8":3,"9":1,"10":2},"LAST COALITION":[[],[{"utility":0,"ID":9}],[{"utility":0,"ID":10}],[{"utility":61,"ID":2},{"utility":94,"ID":8}],[{"utility":0,"ID":7}],[{"utility":0,"ID":3},{"utility":0,"ID":5}],[{"utility":0,"ID":6}],[{"utility":0,"ID":4}],[{"utility":0,"ID":1}],[],[]],"STARTING COALITION: ":[[null],[{"utility":0,"ID":9}],[{"utility":51,"ID":2},{"utility":59,"ID":10}],[{"utility":0,"ID":8}],[{"utility":0,"ID":7}],[{"utility":15.666666666666666,"ID":1},{"utility":30,"ID":3},{"utility":16.333333333333332,"ID":4},{"utility":46.666666666666664,"ID":5}],[{"utility":0,"ID":6}],[],[],[],[]],"CORE :":false,"Relazioni :":50,"Time : ":1,"LAST PARTITION":{"1":8,"2":3,"3":5,"4":7,"5":5,"6":6,"7":4,"8":3,"9":1,"10":2}},{"Modalità dinamica :":false,"Q : ":2,"STARTING PARTITION: ":{"1":5,"2":2,"3":5,"4":5,"5":5,"6":6,"7":4,"8":3,"9":1,"10":2},"LAST COALITION":[[],[{"utility":0,"ID":9}],[{"utility":0,"ID":10}],[{"utility":0,"ID":4}],[{"utility":0,"ID":7}],[{"utility":0,"ID":3},{"utility":0,"ID":5}],[{"utility":0,"ID":6}],[{"utility":61,"ID":2},{"utility":94,"ID":8}],[{"utility":0,"ID":1}],[],[]],"STARTING COALITION: ":[[null],[{"utility":0,"ID":9}],[{"utility":51,"ID":2},{"utility":59,"ID":10}],[{"utility":0,"ID":8}],[{"utility":0,"ID":7}],[{"utility":15.666666666666666,"ID":1},{"utility":30,"ID":3},{"utility":16.333333333333332,"ID":4},{"utility":46.666666666666664,"ID":5}],[{"utility":0,"ID":6}],[],[],[],[]],"CORE :":false,"Relazioni :":50,"Time : ":2,"LAST PARTITION":{"1":8,"2":7,"3":5,"4":3,"5":5,"6":6,"7":4,"8":7,"9":1,"10":2}},{"Modalità dinamica :":false,"Q : ":2,"STARTING PARTITION: ":{"1":5,"2":2,"3":5,"4":5,"5":5,"6":6,"7":4,"8":3,"9":1,"10":2},"LAST COALITION":[[],[{"utility":0,"ID":9}],[{"utility":0,"ID":10}],[{"utility":22,"ID":2},{"utility":81,"ID":4}],[{"utility":0,"ID":7}],[{"utility":0,"ID":3},{"utility":0,"ID":5}],[{"utility":0,"ID":6}],[],[{"utility":62,"ID":1},{"utility":81,"ID":8}],[],[]],"STARTING COALITION: ":[[null],[{"utility":0,"ID":9}],[{"utility":51,"ID":2},{"utility":59,"ID":10}],[{"utility":0,"ID":8}],[{"utility":0,"ID":7}],[{"utility":15.666666666666666,"ID":1},{"utility":30,"ID":3},{"utility":16.333333333333332,"ID":4},{"utility":46.666666666666664,"ID":5}],[{"utility":0,"ID":6}],[],[],[],[]],"CORE :":false,"Relazioni :":50,"Time : ":3,"LAST PARTITION":{"1":8,"2":3,"3":5,"4":3,"5":5,"6":6,"7":4,"8":8,"9":1,"10":2}},{"Modalità dinamica :":false,"Q : ":3,"STARTING PARTITION: ":{"1":5,"2":2,"3":5,"4":5,"5":5,"6":6,"7":4,"8":3,"9":1,"10":2},"LAST COALITION":[[],[{"utility":0,"ID":9}],[{"utility":0,"ID":10}],[],[{"utility":0,"ID":7}],[{"utility":0,"ID":3},{"utility":0,"ID":5}],[{"utility":0,"ID":6}],[{"utility":0,"ID":4}],[{"utility":62,"ID":1},{"utility":81,"ID":8}],[{"utility":0,"ID":2}],[]],"STARTING COALITION: ":[[null],[{"utility":0,"ID":9}],[{"utility":51,"ID":2},{"utility":59,"ID":10}],[{"utility":0,"ID":8}],[{"utility":0,"ID":7}],[{"utility":15.666666666666666,"ID":1},{"utility":30,"ID":3},{"utility":16.333333333333332,"ID":4},{"utility":46.666666666666664,"ID":5}],[{"utility":0,"ID":6}],[],[],[],[]],"CORE :":false,"Relazioni :":50,"Time : ":1,"LAST PARTITION":{"1":8,"2":9,"3":5,"4":7,"5":5,"6":6,"7":4,"8":8,"9":1,"10":2}},{"Modalità dinamica :":false,"Q : ":3,"STARTING PARTITION: ":{"1":5,"2":2,"3":5,"4":5,"5":5,"6":6,"7":4,"8":3,"9":1,"10":2},"LAST COALITION":[[],[{"utility":0,"ID":9}],[{"utility":0,"ID":10}],[{"utility":0,"ID":4}],[{"utility":0,"ID":7}],[{"utility":0,"ID":3},{"utility":0,"ID":5}],[{"utility":0,"ID":6}],[],[{"utility":62,"ID":1},{"utility":81,"ID":8}],[{"utility":0,"ID":2}],[]],"STARTING COALITION: ":[[null],[{"utility":0,"ID":9}],[{"utility":51,"ID":2},{"utility":59,"ID":10}],[{"utility":0,"ID":8}],[{"utility":0,"ID":7}],[{"utility":15.666666666666666,"ID":1},{"utility":30,"ID":3},{"utility":16.333333333333332,"ID":4},{"utility":46.666666666666664,"ID":5}],[{"utility":0,"ID":6}],[],[],[],[]],"CORE :":false,"Relazioni :":50,"Time : ":2,"LAST PARTITION":{"1":8,"2":9,"3":5,"4":3,"5":5,"6":6,"7":4,"8":8,"9":1,"10":2}},{"Modalità dinamica :":false,"Q : ":3,"STARTING PARTITION: ":{"1":5,"2":2,"3":5,"4":5,"5":5,"6":6,"7":4,"8":3,"9":1,"10":2},"LAST COALITION":[[],[{"utility":0,"ID":9}],[{"utility":0,"ID":10}],[{"utility":0,"ID":4}],[{"utility":0,"ID":7}],[{"utility":0,"ID":3},{"utility":0,"ID":5}],[{"utility":0,"ID":6}],[{"utility":61,"ID":2},{"utility":94,"ID":8}],[{"utility":0,"ID":1}],[],[]],"STARTING COALITION: ":[[null],[{"utility":0,"ID":9}],[{"utility":51,"ID":2},{"utility":59,"ID":10}],[{"utility":0,"ID":8}],[{"utility":0,"ID":7}],[{"utility":15.666666666666666,"ID":1},{"utility":30,"ID":3},{"utility":16.333333333333332,"ID":4},{"utility":46.666666666666664,"ID":5}],[{"utility":0,"ID":6}],[],[],[],[]],"CORE :":false,"Relazioni :":50,"Time : ":3,"LAST PARTITION":{"1":8,"2":7,"3":5,"4":3,"5":5,"6":6,"7":4,"8":7,"9":1,"10":2}},{"Modalità dinamica :":false,"Q : ":4,"STARTING PARTITION: ":{"1":5,"2":2,"3":5,"4":5,"5":5,"6":6,"7":4,"8":3,"9":1,"10":2},"LAST COALITION":[[],[{"utility":0,"ID":9}],[{"utility":0,"ID":10}],[{"utility":61,"ID":2},{"utility":94,"ID":8}],[{"utility":0,"ID":7}],[{"utility":0,"ID":3},{"utility":0,"ID":5}],[{"utility":0,"ID":6}],[{"utility":0,"ID":4}],[{"utility":0,"ID":1}],[],[]],"STARTING COALITION: ":[[null],[{"utility":0,"ID":9}],[{"utility":51,"ID":2},{"utility":59,"ID":10}],[{"utility":0,"ID":8}],[{"utility":0,"ID":7}],[{"utility":15.666666666666666,"ID":1},{"utility":30,"ID":3},{"utility":16.333333333333332,"ID":4},{"utility":46.666666666666664,"ID":5}],[{"utility":0,"ID":6}],[],[],[],[]],"CORE :":false,"Relazioni :":50,"Time : ":1,"LAST PARTITION":{"1":8,"2":3,"3":5,"4":7,"5":5,"6":6,"7":4,"8":3,"9":1,"10":2}},{"Modalità dinamica :":false,"Q : ":4,"STARTING PARTITION: ":{"1":5,"2":2,"3":5,"4":5,"5":5,"6":6,"7":4,"8":3,"9":1,"10":2},"LAST COALITION":[[],[{"utility":0,"ID":9}],[{"utility":0,"ID":10}],[{"utility":61,"ID":2},{"utility":94,"ID":8}],[{"utility":0,"ID":7}],[{"utility":0,"ID":3},{"utility":0,"ID":5}],[{"utility":0,"ID":6}],[{"utility":0,"ID":4}],[{"utility":0,"ID":1}],[],[]],"STARTING COALITION: ":[[null],[{"utility":0,"ID":9}],[{"utility":51,"ID":2},{"utility":59,"ID":10}],[{"utility":0,"ID":8}],[{"utility":0,"ID":7}],[{"utility":15.666666666666666,"ID":1},{"utility":30,"ID":3},{"utility":16.333333333333332,"ID":4},{"utility":46.666666666666664,"ID":5}],[{"utility":0,"ID":6}],[],[],[],[]],"CORE :":false,"Relazioni :":50,"Time : ":2,"LAST PARTITION":{"1":8,"2":3,"3":5,"4":7,"5":5,"6":6,"7":4,"8":3,"9":1,"10":2}},{"Modalità dinamica :":false,"Q : ":4,"STARTING PARTITION: ":{"1":5,"2":2,"3":5,"4":5,"5":5,"6":6,"7":4,"8":3,"9":1,"10":2},"LAST COALITION":[[],[{"utility":0,"ID":9}],[{"utility":0,"ID":10}],[{"utility":0,"ID":4}],[{"utility":0,"ID":7}],[{"utility":0,"ID":3},{"utility":0,"ID":5}],[{"utility":0,"ID":6}],[{"utility":61,"ID":2},{"utility":94,"ID":8}],[{"utility":0,"ID":1}],[],[]],"STARTING COALITION: ":[[null],[{"utility":0,"ID":9}],[{"utility":51,"ID":2},{"utility":59,"ID":10}],[{"utility":0,"ID":8}],[{"utility":0,"ID":7}],[{"utility":15.666666666666666,"ID":1},{"utility":30,"ID":3},{"utility":16.333333333333332,"ID":4},{"utility":46.666666666666664,"ID":5}],[{"utility":0,"ID":6}],[],[],[],[]],"CORE :":false,"Relazioni :":50,"Time : ":3,"LAST PARTITION":{"1":8,"2":7,"3":5,"4":3,"5":5,"6":6,"7":4,"8":7,"9":1,"10":2}},{"Modalità dinamica :":false,"Q : ":5,"STARTING PARTITION: ":{"1":5,"2":2,"3":5,"4":5,"5":5,"6":6,"7":4,"8":3,"9":1,"10":2},"LAST COALITION":[[],[{"utility":0,"ID":9}],[{"utility":0,"ID":10}],[{"utility":0,"ID":8}],[{"utility":0,"ID":7}],[{"utility":0,"ID":3},{"utility":0,"ID":5}],[{"utility":0,"ID":6}],[{"utility":0,"ID":4}],[],[{"utility":35,"ID":1},{"utility":68,"ID":2}],[]],"STARTING COALITION: ":[[null],[{"utility":0,"ID":9}],[{"utility":51,"ID":2},{"utility":59,"ID":10}],[{"utility":0,"ID":8}],[{"utility":0,"ID":7}],[{"utility":15.666666666666666,"ID":1},{"utility":30,"ID":3},{"utility":16.333333333333332,"ID":4},{"utility":46.666666666666664,"ID":5}],[{"utility":0,"ID":6}],[],[],[],[]],"CORE :":false,"Relazioni :":50,"Time : ":1,"LAST PARTITION":{"1":9,"2":9,"3":5,"4":7,"5":5,"6":6,"7":4,"8":3,"9":1,"10":2}},{"Modalità dinamica :":false,"Q : ":5,"STARTING PARTITION: ":{"1":5,"2":2,"3":5,"4":5,"5":5,"6":6,"7":4,"8":3,"9":1,"10":2},"LAST COALITION":[[],[{"utility":0,"ID":9}],[{"utility":0,"ID":10}],[{"utility":0,"ID":4}],[{"utility":0,"ID":7}],[{"utility":0,"ID":3},{"utility":0,"ID":5}],[{"utility":0,"ID":6}],[{"utility":61,"ID":2},{"utility":94,"ID":8}],[{"utility":0,"ID":1}],[],[]],"STARTING COALITION: ":[[null],[{"utility":0,"ID":9}],[{"utility":51,"ID":2},{"utility":59,"ID":10}],[{"utility":0,"ID":8}],[{"utility":0,"ID":7}],[{"utility":15.666666666666666,"ID":1},{"utility":30,"ID":3},{"utility":16.333333333333332,"ID":4},{"utility":46.666666666666664,"ID":5}],[{"utility":0,"ID":6}],[],[],[],[]],"CORE :":false,"Relazioni :":50,"Time : ":2,"LAST PARTITION":{"1":8,"2":7,"3":5,"4":3,"5":5,"6":6,"7":4,"8":7,"9":1,"10":2}},{"Modalità dinamica :":false,"Q : ":5,"STARTING PARTITION: ":{"1":5,"2":2,"3":5,"4":5,"5":5,"6":6,"7":4,"8":3,"9":1,"10":2},"LAST COALITION":[[],[{"utility":0,"ID":9}],[{"utility":0,"ID":10}],[{"utility":0,"ID":4}],[{"utility":0,"ID":7}],[{"utility":0,"ID":3},{"utility":0,"ID":5}],[{"utility":0,"ID":6}],[{"utility":61,"ID":2},{"utility":94,"ID":8}],[{"utility":0,"ID":1}],[],[]],"STARTING COALITION: ":[[null],[{"utility":0,"ID":9}],[{"utility":51,"ID":2},{"utility":59,"ID":10}],[{"utility":0,"ID":8}],[{"utility":0,"ID":7}],[{"utility":15.666666666666666,"ID":1},{"utility":30,"ID":3},{"utility":16.333333333333332,"ID":4},{"utility":46.666666666666664,"ID":5}],[{"utility":0,"ID":6}],[],[],[],[]],"CORE :":false,"Relazioni :":50,"Time : ":3,"LAST PARTITION":{"1":8,"2":7,"3":5,"4":3,"5":5,"6":6,"7":4,"8":7,"9":1,"10":2}},{"Modalità dinamica :":false,"Q : ":6,"STARTING PARTITION: ":{"1":5,"2":2,"3":5,"4":5,"5":5,"6":6,"7":4,"8":3,"9":1,"10":2},"LAST COALITION":[[],[{"utility":0,"ID":9}],[{"utility":0,"ID":10}],[{"utility":0,"ID":4}],[{"utility":0,"ID":7}],[{"utility":0,"ID":3},{"utility":0,"ID":5}],[{"utility":0,"ID":6}],[{"utility":0,"ID":8}],[],[{"utility":35,"ID":1},{"utility":68,"ID":2}],[]],"STARTING COALITION: ":[[null],[{"utility":0,"ID":9}],[{"utility":51,"ID":2},{"utility":59,"ID":10}],[{"utility":0,"ID":8}],[{"utility":0,"ID":7}],[{"utility":15.666666666666666,"ID":1},{"utility":30,"ID":3},{"utility":16.333333333333332,"ID":4},{"utility":46.666666666666664,"ID":5}],[{"utility":0,"ID":6}],[],[],[],[]],"CORE :":false,"Relazioni :":50,"Time : ":1,"LAST PARTITION":{"1":9,"2":9,"3":5,"4":3,"5":5,"6":6,"7":4,"8":7,"9":1,"10":2}},{"Modalità dinamica :":false,"Q : ":6,"STARTING PARTITION: ":{"1":5,"2":2,"3":5,"4":5,"5":5,"6":6,"7":4,"8":3,"9":1,"10":2},"LAST COALITION":[[],[{"utility":0,"ID":9}],[{"utility":0,"ID":10}],[{"utility":0,"ID":4}],[{"utility":0,"ID":7}],[{"utility":0,"ID":3},{"utility":0,"ID":5}],[{"utility":0,"ID":6}],[{"utility":61,"ID":2},{"utility":94,"ID":8}],[{"utility":0,"ID":1}],[],[]],"STARTING COALITION: ":[[null],[{"utility":0,"ID":9}],[{"utility":51,"ID":2},{"utility":59,"ID":10}],[{"utility":0,"ID":8}],[{"utility":0,"ID":7}],[{"utility":15.666666666666666,"ID":1},{"utility":30,"ID":3},{"utility":16.333333333333332,"ID":4},{"utility":46.666666666666664,"ID":5}],[{"utility":0,"ID":6}],[],[],[],[]],"CORE :":false,"Relazioni :":50,"Time : ":2,"LAST PARTITION":{"1":8,"2":7,"3":5,"4":3,"5":5,"6":6,"7":4,"8":7,"9":1,"10":2}},{"Modalità dinamica :":false,"Q : ":6,"STARTING PARTITION: ":{"1":5,"2":2,"3":5,"4":5,"5":5,"6":6,"7":4,"8":3,"9":1,"10":2},"LAST COALITION":[[],[{"utility":0,"ID":9}],[{"utility":0,"ID":10}],[{"utility":0,"ID":4}],[{"utility":0,"ID":7}],[{"utility":0,"ID":3},{"utility":0,"ID":5}],[{"utility":0,"ID":6}],[],[{"utility":62,"ID":1},{"utility":81,"ID":8}],[{"utility":0,"ID":2}],[]],"STARTING COALITION: ":[[null],[{"utility":0,"ID":9}],[{"utility":51,"ID":2},{"utility":59,"ID":10}],[{"utility":0,"ID":8}],[{"utility":0,"ID":7}],[{"utility":15.666666666666666,"ID":1},{"utility":30,"ID":3},{"utility":16.333333333333332,"ID":4},{"utility":46.666666666666664,"ID":5}],[{"utility":0,"ID":6}],[],[],[],[]],"CORE :":false,"Relazioni :":50,"Time : ":3,"LAST PARTITION":{"1":8,"2":9,"3":5,"4":3,"5":5,"6":6,"7":4,"8":8,"9":1,"10":2}},{"Modalità dinamica :":true,"Q : ":2,"STARTING PARTITION: ":{"1":5,"2":2,"3":5,"4":5,"5":5,"6":6,"7":4,"8":3,"9":1,"10":2},"LAST COALITION":[[],[{"utility":0,"ID":3}],[{"utility":14,"ID":1},{"utility":41,"ID":10}],[],[{"utility":0,"ID":6}],[{"utility":90,"ID":7},{"utility":98,"ID":9}],[],[{"utility":61,"ID":2},{"utility":94,"ID":8}],[{"utility":49,"ID":4},{"utility":90,"ID":5}],[],[]],"STARTING COALITION: ":[[null],[{"utility":0,"ID":9}],[{"utility":51,"ID":2},{"utility":59,"ID":10}],[{"utility":0,"ID":8}],[{"utility":0,"ID":7}],[{"utility":15.666666666666666,"ID":1},{"utility":30,"ID":3},{"utility":16.333333333333332,"ID":4},{"utility":46.666666666666664,"ID":5}],[{"utility":0,"ID":6}],[],[],[],[]],"CORE :":false,"Relazioni :":50,"Time : ":1,"LAST PARTITION":{"1":2,"2":7,"3":1,"4":8,"5":8,"6":4,"7":5,"8":7,"9":5,"10":2}},{"Modalità dinamica :":true,"Q : ":2,"STARTING PARTITION: ":{"1":5,"2":2,"3":5,"4":5,"5":5,"6":6,"7":4,"8":3,"9":1,"10":2},"LAST COALITION":[[],[{"utility":0,"ID":8}],[{"utility":0,"ID":6}],[],[{"utility":57,"ID":3},{"utility":35,"ID":10}],[{"utility":90,"ID":7},{"utility":98,"ID":9}],[{"utility":35,"ID":1},{"utility":68,"ID":2}],[],[{"utility":49,"ID":4},{"utility":90,"ID":5}],[],[]],"STARTING COALITION: ":[[null],[{"utility":0,"ID":9}],[{"utility":51,"ID":2},{"utility":59,"ID":10}],[{"utility":0,"ID":8}],[{"utility":0,"ID":7}],[{"utility":15.666666666666666,"ID":1},{"utility":30,"ID":3},{"utility":16.333333333333332,"ID":4},{"utility":46.666666666666664,"ID":5}],[{"utility":0,"ID":6}],[],[],[],[]],"CORE :":false,"Relazioni :":50,"Time : ":2,"LAST PARTITION":{"1":6,"2":6,"3":4,"4":8,"5":8,"6":2,"7":5,"8":1,"9":5,"10":4}},{"Modalità dinamica :":true,"Q : ":2,"STARTING PARTITION: ":{"1":5,"2":2,"3":5,"4":5,"5":5,"6":6,"7":4,"8":3,"9":1,"10":2},"LAST COALITION":[[],[{"utility":0,"ID":5}],[{"utility":0,"ID":1}],[{"utility":0,"ID":4}],[{"utility":90,"ID":7},{"utility":98,"ID":9}],[{"utility":0,"ID":6}],[{"utility":0,"ID":10}],[{"utility":61,"ID":2},{"utility":94,"ID":8}],[{"utility":0,"ID":3}],[],[]],"STARTING COALITION: ":[[null],[{"utility":0,"ID":9}],[{"utility":51,"ID":2},{"utility":59,"ID":10}],[{"utility":0,"ID":8}],[{"utility":0,"ID":7}],[{"utility":15.666666666666666,"ID":1},{"utility":30,"ID":3},{"utility":16.333333333333332,"ID":4},{"utility":46.666666666666664,"ID":5}],[{"utility":0,"ID":6}],[],[],[],[]],"CORE :":false,"Relazioni :":50,"Time : ":3,"LAST PARTITION":{"1":2,"2":7,"3":8,"4":3,"5":1,"6":5,"7":4,"8":7,"9":4,"10":6}},{"Modalità dinamica :":true,"Q : ":3,"STARTING PARTITION: ":{"1":5,"2":2,"3":5,"4":5,"5":5,"6":6,"7":4,"8":3,"9":1,"10":2},"LAST COALITION":[[],[{"utility":48.5,"ID":1},{"utility":64.5,"ID":2},{"utility":87.5,"ID":8}],[],[{"utility":57,"ID":3},{"utility":35,"ID":10}],[{"utility":49,"ID":4},{"utility":90,"ID":5}],[{"utility":90,"ID":7},{"utility":98,"ID":9}],[],[{"utility":0,"ID":6}],[],[],[]],"STARTING COALITION: ":[[null],[{"utility":0,"ID":9}],[{"utility":51,"ID":2},{"utility":59,"ID":10}],[{"utility":0,"ID":8}],[{"utility":0,"ID":7}],[{"utility":15.666666666666666,"ID":1},{"utility":30,"ID":3},{"utility":16.333333333333332,"ID":4},{"utility":46.666666666666664,"ID":5}],[{"utility":0,"ID":6}],[],[],[],[]],"CORE :":true,"Relazioni :":50,"Time : ":1,"LAST PARTITION":{"1":1,"2":1,"3":3,"4":4,"5":4,"6":7,"7":5,"8":1,"9":5,"10":3}},{"Modalità dinamica :":true,"Q : ":3,"STARTING PARTITION: ":{"1":5,"2":2,"3":5,"4":5,"5":5,"6":6,"7":4,"8":3,"9":1,"10":2},"LAST COALITION":[[],[{"utility":0,"ID":6}],[{"utility":90,"ID":7},{"utility":98,"ID":9}],[],[{"utility":57,"ID":3},{"utility":35,"ID":10}],[],[{"utility":48.5,"ID":1},{"utility":64.5,"ID":2},{"utility":87.5,"ID":8}],[],[{"utility":49,"ID":4},{"utility":90,"ID":5}],[],[]],"STARTING COALITION: ":[[null],[{"utility":0,"ID":9}],[{"utility":51,"ID":2},{"utility":59,"ID":10}],[{"utility":0,"ID":8}],[{"utility":0,"ID":7}],[{"utility":15.666666666666666,"ID":1},{"utility":30,"ID":3},{"utility":16.333333333333332,"ID":4},{"utility":46.666666666666664,"ID":5}],[{"utility":0,"ID":6}],[],[],[],[]],"CORE :":true,"Relazioni :":50,"Time : ":2,"LAST PARTITION":{"1":6,"2":6,"3":4,"4":8,"5":8,"6":1,"7":2,"8":6,"9":2,"10":4}},{"Modalità dinamica :":true,"Q : ":3,"STARTING PARTITION: ":{"1":5,"2":2,"3":5,"4":5,"5":5,"6":6,"7":4,"8":3,"9":1,"10":2},"LAST COALITION":[[],[{"utility":48.5,"ID":1},{"utility":64.5,"ID":2},{"utility":87.5,"ID":8}],[{"utility":57,"ID":3},{"utility":35,"ID":10}],[{"utility":90,"ID":7},{"utility":98,"ID":9}],[],[],[{"utility":0,"ID":6}],[{"utility":49,"ID":4},{"utility":90,"ID":5}],[],[],[]],"STARTING COALITION: ":[[null],[{"utility":0,"ID":9}],[{"utility":51,"ID":2},{"utility":59,"ID":10}],[{"utility":0,"ID":8}],[{"utility":0,"ID":7}],[{"utility":15.666666666666666,"ID":1},{"utility":30,"ID":3},{"utility":16.333333333333332,"ID":4},{"utility":46.666666666666664,"ID":5}],[{"utility":0,"ID":6}],[],[],[],[]],"CORE :":true,"Relazioni :":50,"Time : ":3,"LAST PARTITION":{"1":1,"2":1,"3":2,"4":7,"5":7,"6":6,"7":3,"8":1,"9":3,"10":2}},{"Modalità dinamica :":true,"Q : ":4,"STARTING PARTITION: ":{"1":5,"2":2,"3":5,"4":5,"5":5,"6":6,"7":4,"8":3,"9":1,"10":2},"LAST COALITION":[[],[{"utility":90,"ID":7},{"utility":98,"ID":9}],[{"utility":48.5,"ID":1},{"utility":64.5,"ID":2},{"utility":87.5,"ID":8}],[{"utility":0,"ID":6}],[],[{"utility":57,"ID":3},{"utility":35,"ID":10}],[{"utility":49,"ID":4},{"utility":90,"ID":5}],[],[],[],[]],"STARTING COALITION: ":[[null],[{"utility":0,"ID":9}],[{"utility":51,"ID":2},{"utility":59,"ID":10}],[{"utility":0,"ID":8}],[{"utility":0,"ID":7}],[{"utility":15.666666666666666,"ID":1},{"utility":30,"ID":3},{"utility":16.333333333333332,"ID":4},{"utility":46.666666666666664,"ID":5}],[{"utility":0,"ID":6}],[],[],[],[]],"CORE :":true,"Relazioni :":50,"Time : ":1,"LAST PARTITION":{"1":2,"2":2,"3":5,"4":6,"5":6,"6":3,"7":1,"8":2,"9":1,"10":5}},{"Modalità dinamica :":true,"Q : ":4,"STARTING PARTITION: ":{"1":5,"2":2,"3":5,"4":5,"5":5,"6":6,"7":4,"8":3,"9":1,"10":2},"LAST COALITION":[[],[{"utility":49,"ID":4},{"utility":90,"ID":5}],[{"utility":48.5,"ID":1},{"utility":64.5,"ID":2},{"utility":87.5,"ID":8}],[],[{"utility":0,"ID":6}],[{"utility":57,"ID":3},{"utility":35,"ID":10}],[],[],[{"utility":90,"ID":7},{"utility":98,"ID":9}],[],[]],"STARTING COALITION: ":[[null],[{"utility":0,"ID":9}],[{"utility":51,"ID":2},{"utility":59,"ID":10}],[{"utility":0,"ID":8}],[{"utility":0,"ID":7}],[{"utility":15.666666666666666,"ID":1},{"utility":30,"ID":3},{"utility":16.333333333333332,"ID":4},{"utility":46.666666666666664,"ID":5}],[{"utility":0,"ID":6}],[],[],[],[]],"CORE :":true,"Relazioni :":50,"Time : ":2,"LAST PARTITION":{"1":2,"2":2,"3":5,"4":1,"5":1,"6":4,"7":8,"8":2,"9":8,"10":5}},{"Modalità dinamica :":true,"Q : ":4,"STARTING PARTITION: ":{"1":5,"2":2,"3":5,"4":5,"5":5,"6":6,"7":4,"8":3,"9":1,"10":2},"LAST COALITION":[[],[{"utility":57,"ID":3},{"utility":35,"ID":10}],[{"utility":49,"ID":4},{"utility":90,"ID":5}],[],[],[{"utility":90,"ID":7},{"utility":98,"ID":9}],[{"utility":48.5,"ID":1},{"utility":64.5,"ID":2},{"utility":87.5,"ID":8}],[],[],[{"utility":0,"ID":6}],[]],"STARTING COALITION: ":[[null],[{"utility":0,"ID":9}],[{"utility":51,"ID":2},{"utility":59,"ID":10}],[{"utility":0,"ID":8}],[{"utility":0,"ID":7}],[{"utility":15.666666666666666,"ID":1},{"utility":30,"ID":3},{"utility":16.333333333333332,"ID":4},{"utility":46.666666666666664,"ID":5}],[{"utility":0,"ID":6}],[],[],[],[]],"CORE :":true,"Relazioni :":50,"Time : ":3,"LAST PARTITION":{"1":6,"2":6,"3":1,"4":2,"5":2,"6":9,"7":5,"8":6,"9":5,"10":1}},{"Modalità dinamica :":true,"Q : ":5,"STARTING PARTITION: ":{"1":5,"2":2,"3":5,"4":5,"5":5,"6":6,"7":4,"8":3,"9":1,"10":2},"LAST COALITION":[[],[{"utility":49,"ID":4},{"utility":90,"ID":5}],[{"utility":57,"ID":3},{"utility":35,"ID":10}],[{"utility":90,"ID":7},{"utility":98,"ID":9}],[{"utility":48.5,"ID":1},{"utility":64.5,"ID":2},{"utility":87.5,"ID":8}],[],[],[],[{"utility":0,"ID":6}],[],[]],"STARTING COALITION: ":[[null],[{"utility":0,"ID":9}],[{"utility":51,"ID":2},{"utility":59,"ID":10}],[{"utility":0,"ID":8}],[{"utility":0,"ID":7}],[{"utility":15.666666666666666,"ID":1},{"utility":30,"ID":3},{"utility":16.333333333333332,"ID":4},{"utility":46.666666666666664,"ID":5}],[{"utility":0,"ID":6}],[],[],[],[]],"CORE :":true,"Relazioni :":50,"Time : ":1,"LAST PARTITION":{"1":4,"2":4,"3":2,"4":1,"5":1,"6":8,"7":3,"8":4,"9":3,"10":2}},{"Modalità dinamica :":true,"Q : ":5,"STARTING PARTITION: ":{"1":5,"2":2,"3":5,"4":5,"5":5,"6":6,"7":4,"8":3,"9":1,"10":2},"LAST COALITION":[[],[],[{"utility":90,"ID":7},{"utility":98,"ID":9}],[{"utility":57,"ID":3},{"utility":35,"ID":10}],[{"utility":48.5,"ID":1},{"utility":64.5,"ID":2},{"utility":87.5,"ID":8}],[{"utility":0,"ID":6}],[],[{"utility":49,"ID":4},{"utility":90,"ID":5}],[],[],[]],"STARTING COALITION: ":[[null],[{"utility":0,"ID":9}],[{"utility":51,"ID":2},{"utility":59,"ID":10}],[{"utility":0,"ID":8}],[{"utility":0,"ID":7}],[{"utility":15.666666666666666,"ID":1},{"utility":30,"ID":3},{"utility":16.333333333333332,"ID":4},{"utility":46.666666666666664,"ID":5}],[{"utility":0,"ID":6}],[],[],[],[]],"CORE :":true,"Relazioni :":50,"Time : ":2,"LAST PARTITION":{"1":4,"2":4,"3":3,"4":7,"5":7,"6":5,"7":2,"8":4,"9":2,"10":3}},{"Modalità dinamica :":true,"Q : ":5,"STARTING PARTITION: ":{"1":5,"2":2,"3":5,"4":5,"5":5,"6":6,"7":4,"8":3,"9":1,"10":2},"LAST COALITION":[[],[{"utility":90,"ID":7},{"utility":98,"ID":9}],[],[],[{"utility":57,"ID":3},{"utility":35,"ID":10}],[{"utility":49,"ID":4},{"utility":90,"ID":5}],[{"utility":0,"ID":6}],[{"utility":48.5,"ID":1},{"utility":64.5,"ID":2},{"utility":87.5,"ID":8}],[],[],[]],"STARTING COALITION: ":[[null],[{"utility":0,"ID":9}],[{"utility":51,"ID":2},{"utility":59,"ID":10}],[{"utility":0,"ID":8}],[{"utility":0,"ID":7}],[{"utility":15.666666666666666,"ID":1},{"utility":30,"ID":3},{"utility":16.333333333333332,"ID":4},{"utility":46.666666666666664,"ID":5}],[{"utility":0,"ID":6}],[],[],[],[]],"CORE :":true,"Relazioni :":50,"Time : ":3,"LAST PARTITION":{"1":7,"2":7,"3":4,"4":5,"5":5,"6":6,"7":1,"8":7,"9":1,"10":4}},{"Modalità dinamica :":true,"Q : ":6,"STARTING PARTITION: ":{"1":5,"2":2,"3":5,"4":5,"5":5,"6":6,"7":4,"8":3,"9":1,"10":2},"LAST COALITION":[[],[{"utility":48.5,"ID":1},{"utility":64.5,"ID":2},{"utility":87.5,"ID":8}],[{"utility":90,"ID":7},{"utility":98,"ID":9}],[],[{"utility":49,"ID":4},{"utility":90,"ID":5}],[{"utility":57,"ID":3},{"utility":35,"ID":10}],[],[{"utility":0,"ID":6}],[],[],[]],"STARTING COALITION: ":[[null],[{"utility":0,"ID":9}],[{"utility":51,"ID":2},{"utility":59,"ID":10}],[{"utility":0,"ID":8}],[{"utility":0,"ID":7}],[{"utility":15.666666666666666,"ID":1},{"utility":30,"ID":3},{"utility":16.333333333333332,"ID":4},{"utility":46.666666666666664,"ID":5}],[{"utility":0,"ID":6}],[],[],[],[]],"CORE :":true,"Relazioni :":50,"Time : ":1,"LAST PARTITION":{"1":1,"2":1,"3":5,"4":4,"5":4,"6":7,"7":2,"8":1,"9":2,"10":5}},{"Modalità dinamica :":true,"Q : ":6,"STARTING PARTITION: ":{"1":5,"2":2,"3":5,"4":5,"5":5,"6":6,"7":4,"8":3,"9":1,"10":2},"LAST COALITION":[[],[{"utility":57,"ID":3},{"utility":35,"ID":10}],[],[{"utility":90,"ID":7},{"utility":98,"ID":9}],[],[{"utility":48.5,"ID":1},{"utility":64.5,"ID":2},{"utility":87.5,"ID":8}],[],[{"utility":0,"ID":6}],[{"utility":49,"ID":4},{"utility":90,"ID":5}],[],[]],"STARTING COALITION: ":[[null],[{"utility":0,"ID":9}],[{"utility":51,"ID":2},{"utility":59,"ID":10}],[{"utility":0,"ID":8}],[{"utility":0,"ID":7}],[{"utility":15.666666666666666,"ID":1},{"utility":30,"ID":3},{"utility":16.333333333333332,"ID":4},{"utility":46.666666666666664,"ID":5}],[{"utility":0,"ID":6}],[],[],[],[]],"CORE :":true,"Relazioni :":50,"Time : ":2,"LAST PARTITION":{"1":5,"2":5,"3":1,"4":8,"5":8,"6":7,"7":3,"8":5,"9":3,"10":1}},{"Modalità dinamica :":true,"Q : ":6,"STARTING PARTITION: ":{"1":5,"2":2,"3":5,"4":5,"5":5,"6":6,"7":4,"8":3,"9":1,"10":2},"LAST COALITION":[[],[{"utility":49,"ID":4},{"utility":90,"ID":5}],[{"utility":90,"ID":7},{"utility":98,"ID":9}],[{"utility":57,"ID":3},{"utility":35,"ID":10}],[{"utility":0,"ID":6}],[{"utility":48.5,"ID":1},{"utility":64.5,"ID":2},{"utility":87.5,"ID":8}],[],[],[],[],[]],"STARTING COALITION: ":[[null],[{"utility":0,"ID":9}],[{"utility":51,"ID":2},{"utility":59,"ID":10}],[{"utility":0,"ID":8}],[{"utility":0,"ID":7}],[{"utility":15.666666666666666,"ID":1},{"utility":30,"ID":3},{"utility":16.333333333333332,"ID":4},{"utility":46.666666666666664,"ID":5}],[{"utility":0,"ID":6}],[],[],[],[]],"CORE :":true,"Relazioni :":50,"Time : ":3,"LAST PARTITION":{"1":5,"2":5,"3":3,"4":1,"5":1,"6":4,"7":2,"8":5,"9":2,"10":3}},{"END OF FILE:" : true}]