[{"Modalità dinamica :":false,"Q : ":2,"STARTING PARTITION: ":{"1":1,"2":4,"3":3,"4":2,"5":5,"6":4,"7":6,"8":1,"9":3,"10":2},"LAST COALITION":[[],[{"utility":75,"ID":1},{"utility":82,"ID":6}],[{"utility":90,"ID":4},{"utility":0,"ID":10}],[{"utility":72,"ID":3},{"utility":87,"ID":9}],[],[{"utility":88,"ID":2},{"utility":88,"ID":7}],[{"utility":86,"ID":5},{"utility":4,"ID":8}],[],[],[],[]],"STARTING COALITION: ":[[null],[{"utility":0,"ID":1},{"utility":0,"ID":8}],[{"utility":90,"ID":4},{"utility":0,"ID":10}],[{"utility":72,"ID":3},{"utility":87,"ID":9}],[{"utility":23,"ID":2},{"utility":38,"ID":6}],[{"utility":0,"ID":5}],[{"utility":0,"ID":7}],[],[],[],[]],"CORE :":true,"Relazioni :":60,"Time : ":1,"LAST PARTITION":{"1":1,"2":5,"3":3,"4":2,"5":6,"6":1,"7":5,"8":6,"9":3,"10":2}},{"Modalità dinamica :":false,"Q : ":2,"STARTING PARTITION: ":{"1":1,"2":4,"3":3,"4":2,"5":5,"6":4,"7":6,"8":1,"9":3,"10":2},"LAST COALITION":[[],[{"utility":75,"ID":1},{"utility":82,"ID":6}],[{"utility":90,"ID":4},{"utility":0,"ID":10}],[{"utility":72,"ID":3},{"utility":87,"ID":9}],[],[{"utility":88,"ID":2},{"utility":88,"ID":7}],[{"utility":86,"ID":5},{"utility":4,"ID":8}],[],[],[],[]],"STARTING COALITION: ":[[null],[{"utility":0,"ID":1},{"utility":0,"ID":8}],[{"utility":90,"ID":4},{"utility":0,"ID":10}],[{"utility":72,"ID":3},{"utility":87,"ID":9}],[{"utility":23,"ID":2},{"utility":38,"ID":6}],[{"utility":0,"ID":5}],[{"utility":0,"ID":7}],[],[],[],[]],"CORE :":true,"Relazioni :":60,"Time : ":2,"LAST PARTITION":{"1":1,"2":5,"3":3,"4":2,"5":6,"6":1,"7":5,"8":6,"9":3,"10":2}},{"Modalità dinamica :":false,"Q : ":2,"STARTING PARTITION: ":{"1":1,"2":4,"3":3,"4":2,"5":5,"6":4,"7":6,"8":1,"9":3,"10":2},"LAST COALITION":[[],[{"utility":75,"ID":1},{"utility":82,"ID":6}],[{"utility":90,"ID":4},{"utility":0,"ID":10}],[{"utility":72,"ID":3},{"utility":87,"ID":9}],[],[{"utility":88,"ID":2},{"utility":88,"ID":7}],[{"utility":86,"ID":5},{"utility":4,"ID":8}],[],[],[],[]],"STARTING COALITION: ":[[null],[{"utility":0,"ID":1},{"utility":0,"ID":8}],[{"utility":90,"ID":4},{"utility":0,"ID":10}],[{"utility":72,"ID":3},{"utility":87,"ID":9}],[{"utility":23,"ID":2},{"utility":38,"ID":6}],[{"utility":0,"ID":5}],[{"utility":0,"ID":7}],[],[],[],[]],"CORE :":true,"Relazioni :":60,"Time : ":3,"LAST PARTITION":{"1":1,"2":5,"3":3,"4":2,"5":6,"6":1,"7":5,"8":6,"9":3,"10":2}},{"Modalità dinamica :":false,"Q : ":3,"STARTING PARTITION: ":{"1":1,"2":4,"3":3,"4":2,"5":5,"6":4,"7":6,"8":1,"9":3,"10":2},"LAST COALITION":[[],[{"utility":75,"ID":1},{"utility":82,"ID":6}],[{"utility":90,"ID":4},{"utility":0,"ID":10}],[{"utility":72,"ID":3},{"utility":87,"ID":9}],[],[{"utility":88,"ID":2},{"utility":88,"ID":7}],[{"utility":86,"ID":5},{"utility":4,"ID":8}],[],[],[],[]],"STARTING COALITION: ":[[null],[{"utility":0,"ID":1},{"utility":0,"ID":8}],[{"utility":90,"ID":4},{"utility":0,"ID":10}],[{"utility":72,"ID":3},{"utility":87,"ID":9}],[{"utility":23,"ID":2},{"utility":38,"ID":6}],[{"utility":0,"ID":5}],[{"utility":0,"ID":7}],[],[],[],[]],"CORE :":true,"Relazioni :":60,"Time : ":1,"LAST PARTITION":{"1":1,"2":5,"3":3,"4":2,"5":6,"6":1,"7":5,"8":6,"9":3,"10":2}},{"Modalità dinamica :":false,"Q : ":3,"STARTING PARTITION: ":{"1":1,"2":4,"3":3,"4":2,"5":5,"6":4,"7":6,"8":1,"9":3,"10":2},"LAST COALITION":[[],[{"utility":75,"ID":1},{"utility":82,"ID":6}],[{"utility":90,"ID":4},{"utility":0,"ID":10}],[{"utility":72,"ID":3},{"utility":87,"ID":9}],[],[{"utility":88,"ID":2},{"utility":88,"ID":7}],[{"utility":86,"ID":5},{"utility":4,"ID":8}],[],[],[],[]],"STARTING COALITION: ":[[null],[{"utility":0,"ID":1},{"utility":0,"ID":8}],[{"utility":90,"ID":4},{"utility":0,"ID":10}],[{"utility":72,"ID":3},{"utility":87,"ID":9}],[{"utility":23,"ID":2},{"utility":38,"ID":6}],[{"utility":0,"ID":5}],[{"utility":0,"ID":7}],[],[],[],[]],"CORE :":true,"Relazioni :":60,"Time : ":2,"LAST PARTITION":{"1":1,"2":5,"3":3,"4":2,"5":6,"6":1,"7":5,"8":6,"9":3,"10":2}},{"Modalità dinamica :":false,"Q : ":3,"STARTING PARTITION: ":{"1":1,"2":4,"3":3,"4":2,"5":5,"6":4,"7":6,"8":1,"9":3,"10":2},"LAST COALITION":[[],[{"utility":75,"ID":1},{"utility":82,"ID":6}],[{"utility":90,"ID":4},{"utility":0,"ID":10}],[{"utility":72,"ID":3},{"utility":87,"ID":9}],[],[{"utility":88,"ID":2},{"utility":88,"ID":7}],[{"utility":86,"ID":5},{"utility":4,"ID":8}],[],[],[],[]],"STARTING COALITION: ":[[null],[{"utility":0,"ID":1},{"utility":0,"ID":8}],[{"utility":90,"ID":4},{"utility":0,"ID":10}],[{"utility":72,"ID":3},{"utility":87,"ID":9}],[{"utility":23,"ID":2},{"utility":38,"ID":6}],[{"utility":0,"ID":5}],[{"utility":0,"ID":7}],[],[],[],[]],"CORE :":true,"Relazioni :":60,"Time : ":3,"LAST PARTITION":{"1":1,"2":5,"3":3,"4":2,"5":6,"6":1,"7":5,"8":6,"9":3,"10":2}},{"Modalità dinamica :":false,"Q : ":4,"STARTING PARTITION: ":{"1":1,"2":4,"3":3,"4":2,"5":5,"6":4,"7":6,"8":1,"9":3,"10":2},"LAST COALITION":[[],[{"utility":75,"ID":1},{"utility":82,"ID":6}],[{"utility":90,"ID":4},{"utility":0,"ID":10}],[{"utility":72,"ID":3},{"utility":87,"ID":9}],[],[{"utility":88,"ID":2},{"utility":88,"ID":7}],[{"utility":86,"ID":5},{"utility":4,"ID":8}],[],[],[],[]],"STARTING COALITION: ":[[null],[{"utility":0,"ID":1},{"utility":0,"ID":8}],[{"utility":90,"ID":4},{"utility":0,"ID":10}],[{"utility":72,"ID":3},{"utility":87,"ID":9}],[{"utility":23,"ID":2},{"utility":38,"ID":6}],[{"utility":0,"ID":5}],[{"utility":0,"ID":7}],[],[],[],[]],"CORE :":true,"Relazioni :":60,"Time : ":1,"LAST PARTITION":{"1":1,"2":5,"3":3,"4":2,"5":6,"6":1,"7":5,"8":6,"9":3,"10":2}},{"Modalità dinamica :":false,"Q : ":4,"STARTING PARTITION: ":{"1":1,"2":4,"3":3,"4":2,"5":5,"6":4,"7":6,"8":1,"9":3,"10":2},"LAST COALITION":[[],[{"utility":75,"ID":1},{"utility":82,"ID":6}],[{"utility":90,"ID":4},{"utility":0,"ID":10}],[{"utility":72,"ID":3},{"utility":87,"ID":9}],[],[{"utility":88,"ID":2},{"utility":88,"ID":7}],[{"utility":86,"ID":5},{"utility":4,"ID":8}],[],[],[],[]],"STARTING COALITION: ":[[null],[{"utility":0,"ID":1},{"utility":0,"ID":8}],[{"utility":90,"ID":4},{"utility":0,"ID":10}],[{"utility":72,"ID":3},{"utility":87,"ID":9}],[{"utility":23,"ID":2},{"utility":38,"ID":6}],[{"utility":0,"ID":5}],[{"utility":0,"ID":7}],[],[],[],[]],"CORE :":true,"Relazioni :":60,"Time : ":2,"LAST PARTITION":{"1":1,"2":5,"3":3,"4":2,"5":6,"6":1,"7":5,"8":6,"9":3,"10":2}},{"Modalità dinamica :":false,"Q : ":4,"STARTING PARTITION: ":{"1":1,"2":4,"3":3,"4":2,"5":5,"6":4,"7":6,"8":1,"9":3,"10":2},"LAST COALITION":[[],[{"utility":75,"ID":1},{"utility":82,"ID":6}],[{"utility":90,"ID":4},{"utility":0,"ID":10}],[{"utility":72,"ID":3},{"utility":87,"ID":9}],[],[{"utility":88,"ID":2},{"utility":88,"ID":7}],[{"utility":86,"ID":5},{"utility":4,"ID":8}],[],[],[],[]],"STARTING COALITION: ":[[null],[{"utility":0,"ID":1},{"utility":0,"ID":8}],[{"utility":90,"ID":4},{"utility":0,"ID":10}],[{"utility":72,"ID":3},{"utility":87,"ID":9}],[{"utility":23,"ID":2},{"utility":38,"ID":6}],[{"utility":0,"ID":5}],[{"utility":0,"ID":7}],[],[],[],[]],"CORE :":true,"Relazioni :":60,"Time : ":3,"LAST PARTITION":{"1":1,"2":5,"3":3,"4":2,"5":6,"6":1,"7":5,"8":6,"9":3,"10":2}},{"Modalità dinamica :":false,"Q : ":5,"STARTING PARTITION: ":{"1":1,"2":4,"3":3,"4":2,"5":5,"6":4,"7":6,"8":1,"9":3,"10":2},"LAST COALITION":[[],[{"utility":75,"ID":1},{"utility":82,"ID":6}],[{"utility":90,"ID":4},{"utility":0,"ID":10}],[{"utility":72,"ID":3},{"utility":87,"ID":9}],[],[{"utility":88,"ID":2},{"utility":88,"ID":7}],[{"utility":86,"ID":5},{"utility":4,"ID":8}],[],[],[],[]],"STARTING COALITION: ":[[null],[{"utility":0,"ID":1},{"utility":0,"ID":8}],[{"utility":90,"ID":4},{"utility":0,"ID":10}],[{"utility":72,"ID":3},{"utility":87,"ID":9}],[{"utility":23,"ID":2},{"utility":38,"ID":6}],[{"utility":0,"ID":5}],[{"utility":0,"ID":7}],[],[],[],[]],"CORE :":true,"Relazioni :":60,"Time : ":1,"LAST PARTITION":{"1":1,"2":5,"3":3,"4":2,"5":6,"6":1,"7":5,"8":6,"9":3,"10":2}},{"Modalità dinamica :":false,"Q : ":5,"STARTING PARTITION: ":{"1":1,"2":4,"3":3,"4":2,"5":5,"6":4,"7":6,"8":1,"9":3,"10":2},"LAST COALITION":[[],[{"utility":75,"ID":1},{"utility":82,"ID":6}],[{"utility":90,"ID":4},{"utility":0,"ID":10}],[{"utility":72,"ID":3},{"utility":87,"ID":9}],[],[{"utility":88,"ID":2},{"utility":88,"ID":7}],[{"utility":86,"ID":5},{"utility":4,"ID":8}],[],[],[],[]],"STARTING COALITION: ":[[null],[{"utility":0,"ID":1},{"utility":0,"ID":8}],[{"utility":90,"ID":4},{"utility":0,"ID":10}],[{"utility":72,"ID":3},{"utility":87,"ID":9}],[{"utility":23,"ID":2},{"utility":38,"ID":6}],[{"utility":0,"ID":5}],[{"utility":0,"ID":7}],[],[],[],[]],"CORE :":true,"Relazioni :":60,"Time : ":2,"LAST PARTITION":{"1":1,"2":5,"3":3,"4":2,"5":6,"6":1,"7":5,"8":6,"9":3,"10":2}},{"Modalità dinamica :":false,"Q : ":5,"STARTING PARTITION: ":{"1":1,"2":4,"3":3,"4":2,"5":5,"6":4,"7":6,"8":1,"9":3,"10":2},"LAST COALITION":[[],[{"utility":75,"ID":1},{"utility":82,"ID":6}],[{"utility":90,"ID":4},{"utility":0,"ID":10}],[{"utility":72,"ID":3},{"utility":87,"ID":9}],[],[{"utility":88,"ID":2},{"utility":88,"ID":7}],[{"utility":86,"ID":5},{"utility":4,"ID":8}],[],[],[],[]],"STARTING COALITION: ":[[null],[{"utility":0,"ID":1},{"utility":0,"ID":8}],[{"utility":90,"ID":4},{"utility":0,"ID":10}],[{"utility":72,"ID":3},{"utility":87,"ID":9}],[{"utility":23,"ID":2},{"utility":38,"ID":6}],[{"utility":0,"ID":5}],[{"utility":0,"ID":7}],[],[],[],[]],"CORE :":true,"Relazioni :":60,"Time : ":3,"LAST PARTITION":{"1":1,"2":5,"3":3,"4":2,"5":6,"6":1,"7":5,"8":6,"9":3,"10":2}},{"Modalità dinamica :":false,"Q : ":6,"STARTING PARTITION: ":{"1":1,"2":4,"3":3,"4":2,"5":5,"6":4,"7":6,"8":1,"9":3,"10":2},"LAST COALITION":[[],[{"utility":75,"ID":1},{"utility":82,"ID":6}],[{"utility":90,"ID":4},{"utility":0,"ID":10}],[{"utility":72,"ID":3},{"utility":87,"ID":9}],[],[{"utility":88,"ID":2},{"utility":88,"ID":7}],[{"utility":86,"ID":5},{"utility":4,"ID":8}],[],[],[],[]],"STARTING COALITION: ":[[null],[{"utility":0,"ID":1},{"utility":0,"ID":8}],[{"utility":90,"ID":4},{"utility":0,"ID":10}],[{"utility":72,"ID":3},{"utility":87,"ID":9}],[{"utility":23,"ID":2},{"utility":38,"ID":6}],[{"utility":0,"ID":5}],[{"utility":0,"ID":7}],[],[],[],[]],"CORE :":true,"Relazioni :":60,"Time : ":1,"LAST PARTITION":{"1":1,"2":5,"3":3,"4":2,"5":6,"6":1,"7":5,"8":6,"9":3,"10":2}},{"Modalità dinamica :":false,"Q : ":6,"STARTING PARTITION: ":{"1":1,"2":4,"3":3,"4":2,"5":5,"6":4,"7":6,"8":1,"9":3,"10":2},"LAST COALITION":[[],[{"utility":75,"ID":1},{"utility":82,"ID":6}],[{"utility":90,"ID":4},{"utility":0,"ID":10}],[{"utility":72,"ID":3},{"utility":87,"ID":9}],[],[{"utility":88,"ID":2},{"utility":88,"ID":7}],[{"utility":86,"ID":5},{"utility":4,"ID":8}],[],[],[],[]],"STARTING COALITION: ":[[null],[{"utility":0,"ID":1},{"utility":0,"ID":8}],[{"utility":90,"ID":4},{"utility":0,"ID":10}],[{"utility":72,"ID":3},{"utility":87,"ID":9}],[{"utility":23,"ID":2},{"utility":38,"ID":6}],[{"utility":0,"ID":5}],[{"utility":0,"ID":7}],[],[],[],[]],"CORE :":true,"Relazioni :":60,"Time : ":2,"LAST PARTITION":{"1":1,"2":5,"3":3,"4":2,"5":6,"6":1,"7":5,"8":6,"9":3,"10":2}},{"Modalità dinamica :":false,"Q : ":6,"STARTING PARTITION: ":{"1":1,"2":4,"3":3,"4":2,"5":5,"6":4,"7":6,"8":1,"9":3,"10":2},"LAST COALITION":[[],[{"utility":75,"ID":1},{"utility":82,"ID":6}],[{"utility":90,"ID":4},{"utility":0,"ID":10}],[{"utility":72,"ID":3},{"utility":87,"ID":9}],[],[{"utility":88,"ID":2},{"utility":88,"ID":7}],[{"utility":86,"ID":5},{"utility":4,"ID":8}],[],[],[],[]],"STARTING COALITION: ":[[null],[{"utility":0,"ID":1},{"utility":0,"ID":8}],[{"utility":90,"ID":4},{"utility":0,"ID":10}],[{"utility":72,"ID":3},{"utility":87,"ID":9}],[{"utility":23,"ID":2},{"utility":38,"ID":6}],[{"utility":0,"ID":5}],[{"utility":0,"ID":7}],[],[],[],[]],"CORE :":true,"Relazioni :":60,"Time : ":3,"LAST PARTITION":{"1":1,"2":5,"3":3,"4":2,"5":6,"6":1,"7":5,"8":6,"9":3,"10":2}},{"Modalità dinamica :":true,"Q : ":2,"STARTING PARTITION: ":{"1":1,"2":4,"3":3,"4":2,"5":5,"6":4,"7":6,"8":1,"9":3,"10":2},"LAST COALITION":[[],[{"utility":88,"ID":2},{"utility":88,"ID":7}],[{"utility":90,"ID":4},{"utility":0,"ID":10}],[{"utility":72,"ID":3},{"utility":87,"ID":9}],[],[],[{"utility":75,"ID":1},{"utility":82,"ID":6}],[{"utility":86,"ID":5},{"utility":4,"ID":8}],[],[],[]],"STARTING COALITION: ":[[null],[{"utility":0,"ID":1},{"utility":0,"ID":8}],[{"utility":90,"ID":4},{"utility":0,"ID":10}],[{"utility":72,"ID":3},{"utility":87,"ID":9}],[{"utility":23,"ID":2},{"utility":38,"ID":6}],[{"utility":0,"ID":5}],[{"utility":0,"ID":7}],[],[],[],[]],"CORE :":true,"Relazioni :":60,"Time : ":1,"LAST PARTITION":{"1":6,"2":1,"3":3,"4":2,"5":7,"6":6,"7":1,"8":7,"9":3,"10":2}},{"Modalità dinamica :":true,"Q : ":2,"STARTING PARTITION: ":{"1":1,"2":4,"3":3,"4":2,"5":5,"6":4,"7":6,"8":1,"9":3,"10":2},"LAST COALITION":[[],[{"utility":88,"ID":2},{"utility":88,"ID":7}],[{"utility":90,"ID":4},{"utility":0,"ID":10}],[{"utility":72,"ID":3},{"utility":87,"ID":9}],[],[{"utility":86,"ID":5},{"utility":4,"ID":8}],[{"utility":75,"ID":1},{"utility":82,"ID":6}],[],[],[],[]],"STARTING COALITION: ":[[null],[{"utility":0,"ID":1},{"utility":0,"ID":8}],[{"utility":90,"ID":4},{"utility":0,"ID":10}],[{"utility":72,"ID":3},{"utility":87,"ID":9}],[{"utility":23,"ID":2},{"utility":38,"ID":6}],[{"utility":0,"ID":5}],[{"utility":0,"ID":7}],[],[],[],[]],"CORE :":true,"Relazioni :":60,"Time : ":2,"LAST PARTITION":{"1":6,"2":1,"3":3,"4":2,"5":5,"6":6,"7":1,"8":5,"9":3,"10":2}},{"Modalità dinamica :":true,"Q : ":2,"STARTING PARTITION: ":{"1":1,"2":4,"3":3,"4":2,"5":5,"6":4,"7":6,"8":1,"9":3,"10":2},"LAST COALITION":[[],[{"utility":75,"ID":1},{"utility":82,"ID":6}],[{"utility":90,"ID":4},{"utility":0,"ID":10}],[{"utility":72,"ID":3},{"utility":87,"ID":9}],[],[{"utility":88,"ID":2},{"utility":88,"ID":7}],[],[{"utility":86,"ID":5},{"utility":4,"ID":8}],[],[],[]],"STARTING COALITION: ":[[null],[{"utility":0,"ID":1},{"utility":0,"ID":8}],[{"utility":90,"ID":4},{"utility":0,"ID":10}],[{"utility":72,"ID":3},{"utility":87,"ID":9}],[{"utility":23,"ID":2},{"utility":38,"ID":6}],[{"utility":0,"ID":5}],[{"utility":0,"ID":7}],[],[],[],[]],"CORE :":true,"Relazioni :":60,"Time : ":3,"LAST PARTITION":{"1":1,"2":5,"3":3,"4":2,"5":7,"6":1,"7":5,"8":7,"9":3,"10":2}},{"Modalità dinamica :":true,"Q : ":3,"STARTING PARTITION: ":{"1":1,"2":4,"3":3,"4":2,"5":5,"6":4,"7":6,"8":1,"9":3,"10":2},"LAST COALITION":[[],[{"utility":88,"ID":2},{"utility":88,"ID":7}],[{"utility":90,"ID":4},{"utility":0,"ID":10}],[{"utility":72,"ID":3},{"utility":87,"ID":9}],[],[],[{"utility":75,"ID":1},{"utility":82,"ID":6}],[{"utility":86,"ID":5},{"utility":4,"ID":8}],[],[],[]],"STARTING COALITION: ":[[null],[{"utility":0,"ID":1},{"utility":0,"ID":8}],[{"utility":90,"ID":4},{"utility":0,"ID":10}],[{"utility":72,"ID":3},{"utility":87,"ID":9}],[{"utility":23,"ID":2},{"utility":38,"ID":6}],[{"utility":0,"ID":5}],[{"utility":0,"ID":7}],[],[],[],[]],"CORE :":true,"Relazioni :":60,"Time : ":1,"LAST PARTITION":{"1":6,"2":1,"3":3,"4":2,"5":7,"6":6,"7":1,"8":7,"9":3,"10":2}},{"Modalità dinamica :":true,"Q : ":3,"STARTING PARTITION: ":{"1":1,"2":4,"3":3,"4":2,"5":5,"6":4,"7":6,"8":1,"9":3,"10":2},"LAST COALITION":[[],[{"utility":75,"ID":1},{"utility":82,"ID":6}],[{"utility":90,"ID":4},{"utility":0,"ID":10}],[{"utility":72,"ID":3},{"utility":87,"ID":9}],[],[{"utility":88,"ID":2},{"utility":88,"ID":7}],[{"utility":86,"ID":5},{"utility":4,"ID":8}],[],[],[],[]],"STARTING COALITION: ":[[null],[{"utility":0,"ID":1},{"utility":0,"ID":8}],[{"utility":90,"ID":4},{"utility":0,"ID":10}],[{"utility":72,"ID":3},{"utility":87,"ID":9}],[{"utility":23,"ID":2},{"utility":38,"ID":6}],[{"utility":0,"ID":5}],[{"utility":0,"ID":7}],[],[],[],[]],"CORE :":true,"Relazioni :":60,"Time : ":2,"LAST PARTITION":{"1":1,"2":5,"3":3,"4":2,"5":6,"6":1,"7":5,"8":6,"9":3,"10":2}},{"Modalità dinamica :":true,"Q : ":3,"STARTING PARTITION: ":{"1":1,"2":4,"3":3,"4":2,"5":5,"6":4,"7":6,"8":1,"9":3,"10":2},"LAST COALITION":[[],[],[{"utility":90,"ID":4},{"utility":0,"ID":10}],[{"utility":72,"ID":3},{"utility":87,"ID":9}],[{"utility":86,"ID":5},{"utility":4,"ID":8}],[{"utility":88,"ID":2},{"utility":88,"ID":7}],[],[{"utility":75,"ID":1},{"utility":82,"ID":6}],[],[],[]],"STARTING COALITION: ":[[null],[{"utility":0,"ID":1},{"utility":0,"ID":8}],[{"utility":90,"ID":4},{"utility":0,"ID":10}],[{"utility":72,"ID":3},{"utility":87,"ID":9}],[{"utility":23,"ID":2},{"utility":38,"ID":6}],[{"utility":0,"ID":5}],[{"utility":0,"ID":7}],[],[],[],[]],"CORE :":true,"Relazioni :":60,"Time : ":3,"LAST PARTITION":{"1":7,"2":5,"3":3,"4":2,"5":4,"6":7,"7":5,"8":4,"9":3,"10":2}},{"Modalità dinamica :":true,"Q : ":4,"STARTING PARTITION: ":{"1":1,"2":4,"3":3,"4":2,"5":5,"6":4,"7":6,"8":1,"9":3,"10":2},"LAST COALITION":[[],[{"utility":88,"ID":2},{"utility":88,"ID":7}],[{"utility":0,"ID":6}],[{"utility":72,"ID":3},{"utility":87,"ID":9}],[{"utility":95,"ID":1},{"utility":32,"ID":5}],[{"utility":80,"ID":4},{"utility":85,"ID":8}],[],[{"utility":0,"ID":10}],[],[],[]],"STARTING COALITION: ":[[null],[{"utility":0,"ID":1},{"utility":0,"ID":8}],[{"utility":90,"ID":4},{"utility":0,"ID":10}],[{"utility":72,"ID":3},{"utility":87,"ID":9}],[{"utility":23,"ID":2},{"utility":38,"ID":6}],[{"utility":0,"ID":5}],[{"utility":0,"ID":7}],[],[],[],[]],"CORE :":true,"Relazioni :":60,"Time : ":1,"LAST PARTITION":{"1":4,"2":1,"3":3,"4":5,"5":4,"6":2,"7":1,"8":5,"9":3,"10":7}},{"Modalità dinamica :":true,"Q : ":4,"STARTING PARTITION: ":{"1":1,"2":4,"3":3,"4":2,"5":5,"6":4,"7":6,"8":1,"9":3,"10":2},"LAST COALITION":[[],[],[{"utility":72,"ID":3},{"utility":87,"ID":9}],[{"utility":80,"ID":4},{"utility":85,"ID":8}],[{"utility":0,"ID":6}],[{"utility":88,"ID":2},{"utility":88,"ID":7}],[{"utility":95,"ID":1},{"utility":32,"ID":5}],[{"utility":0,"ID":10}],[],[],[]],"STARTING COALITION: ":[[null],[{"utility":0,"ID":1},{"utility":0,"ID":8}],[{"utility":90,"ID":4},{"utility":0,"ID":10}],[{"utility":72,"ID":3},{"utility":87,"ID":9}],[{"utility":23,"ID":2},{"utility":38,"ID":6}],[{"utility":0,"ID":5}],[{"utility":0,"ID":7}],[],[],[],[]],"CORE :":true,"Relazioni :":60,"Time : ":2,"LAST PARTITION":{"1":6,"2":5,"3":2,"4":3,"5":6,"6":4,"7":5,"8":3,"9":2,"10":7}},{"Modalità dinamica :":true,"Q : ":4,"STARTING PARTITION: ":{"1":1,"2":4,"3":3,"4":2,"5":5,"6":4,"7":6,"8":1,"9":3,"10":2},"LAST COALITION":[[],[{"utility":75,"ID":1},{"utility":82,"ID":6}],[{"utility":90,"ID":4},{"utility":0,"ID":10}],[{"utility":72,"ID":3},{"utility":87,"ID":9}],[],[{"utility":88,"ID":2},{"utility":88,"ID":7}],[{"utility":86,"ID":5},{"utility":4,"ID":8}],[],[],[],[]],"STARTING COALITION: ":[[null],[{"utility":0,"ID":1},{"utility":0,"ID":8}],[{"utility":90,"ID":4},{"utility":0,"ID":10}],[{"utility":72,"ID":3},{"utility":87,"ID":9}],[{"utility":23,"ID":2},{"utility":38,"ID":6}],[{"utility":0,"ID":5}],[{"utility":0,"ID":7}],[],[],[],[]],"CORE :":true,"Relazioni :":60,"Time : ":3,"LAST PARTITION":{"1":1,"2":5,"3":3,"4":2,"5":6,"6":1,"7":5,"8":6,"9":3,"10":2}},{"Modalità dinamica :":true,"Q : ":5,"STARTING PARTITION: ":{"1":1,"2":4,"3":3,"4":2,"5":5,"6":4,"7":6,"8":1,"9":3,"10":2},"LAST COALITION":[[],[],[{"utility":90,"ID":4},{"utility":0,"ID":10}],[{"utility":72,"ID":3},{"utility":87,"ID":9}],[],[{"utility":88,"ID":2},{"utility":88,"ID":7}],[{"utility":86,"ID":5},{"utility":4,"ID":8}],[{"utility":75,"ID":1},{"utility":82,"ID":6}],[],[],[]],"STARTING COALITION: ":[[null],[{"utility":0,"ID":1},{"utility":0,"ID":8}],[{"utility":90,"ID":4},{"utility":0,"ID":10}],[{"utility":72,"ID":3},{"utility":87,"ID":9}],[{"utility":23,"ID":2},{"utility":38,"ID":6}],[{"utility":0,"ID":5}],[{"utility":0,"ID":7}],[],[],[],[]],"CORE :":true,"Relazioni :":60,"Time : ":1,"LAST PARTITION":{"1":7,"2":5,"3":3,"4":2,"5":6,"6":7,"7":5,"8":6,"9":3,"10":2}},{"Modalità dinamica :":true,"Q : ":5,"STARTING PARTITION: ":{"1":1,"2":4,"3":3,"4":2,"5":5,"6":4,"7":6,"8":1,"9":3,"10":2},"LAST COALITION":[[],[{"utility":86,"ID":5},{"utility":4,"ID":8}],[{"utility":90,"ID":4},{"utility":0,"ID":10}],[{"utility":72,"ID":3},{"utility":87,"ID":9}],[{"utility":88,"ID":2},{"utility":88,"ID":7}],[],[{"utility":75,"ID":1},{"utility":82,"ID":6}],[],[],[],[]],"STARTING COALITION: ":[[null],[{"utility":0,"ID":1},{"utility":0,"ID":8}],[{"utility":90,"ID":4},{"utility":0,"ID":10}],[{"utility":72,"ID":3},{"utility":87,"ID":9}],[{"utility":23,"ID":2},{"utility":38,"ID":6}],[{"utility":0,"ID":5}],[{"utility":0,"ID":7}],[],[],[],[]],"CORE :":true,"Relazioni :":60,"Time : ":2,"LAST PARTITION":{"1":6,"2":4,"3":3,"4":2,"5":1,"6":6,"7":4,"8":1,"9":3,"10":2}},{"Modalità dinamica :":true,"Q : ":5,"STARTING PARTITION: ":{"1":1,"2":4,"3":3,"4":2,"5":5,"6":4,"7":6,"8":1,"9":3,"10":2},"LAST COALITION":[[],[],[{"utility":88,"ID":2},{"utility":88,"ID":7}],[{"utility":72,"ID":3},{"utility":87,"ID":9}],[{"utility":80,"ID":4},{"utility":85,"ID":8}],[{"utility":0,"ID":10}],[{"utility":95,"ID":1},{"utility":32,"ID":5}],[{"utility":0,"ID":6}],[],[],[]],"STARTING COALITION: ":[[null],[{"utility":0,"ID":1},{"utility":0,"ID":8}],[{"utility":90,"ID":4},{"utility":0,"ID":10}],[{"utility":72,"ID":3},{"utility":87,"ID":9}],[{"utility":23,"ID":2},{"utility":38,"ID":6}],[{"utility":0,"ID":5}],[{"utility":0,"ID":7}],[],[],[],[]],"CORE :":true,"Relazioni :":60,"Time : ":3,"LAST PARTITION":{"1":6,"2":2,"3":3,"4":4,"5":6,"6":7,"7":2,"8":4,"9":3,"10":5}},{"Modalità dinamica :":true,"Q : ":6,"STARTING PARTITION: ":{"1":1,"2":4,"3":3,"4":2,"5":5,"6":4,"7":6,"8":1,"9":3,"10":2},"LAST COALITION":[[],[{"utility":80,"ID":4},{"utility":85,"ID":8}],[{"utility":0,"ID":10}],[{"utility":95,"ID":1},{"utility":32,"ID":5}],[],[{"utility":88,"ID":2},{"utility":88,"ID":7}],[],[{"utility":72,"ID":3},{"utility":87,"ID":9}],[{"utility":0,"ID":6}],[],[]],"STARTING COALITION: ":[[null],[{"utility":0,"ID":1},{"utility":0,"ID":8}],[{"utility":90,"ID":4},{"utility":0,"ID":10}],[{"utility":72,"ID":3},{"utility":87,"ID":9}],[{"utility":23,"ID":2},{"utility":38,"ID":6}],[{"utility":0,"ID":5}],[{"utility":0,"ID":7}],[],[],[],[]],"CORE :":true,"Relazioni :":60,"Time : ":1,"LAST PARTITION":{"1":3,"2":5,"3":7,"4":1,"5":3,"6":8,"7":5,"8":1,"9":7,"10":2}},{"Modalità dinamica :":true,"Q : ":6,"STARTING PARTITION: ":{"1":1,"2":4,"3":3,"4":2,"5":5,"6":4,"7":6,"8":1,"9":3,"10":2},"LAST COALITION":[[],[],[{"utility":75,"ID":1},{"utility":82,"ID":6}],[{"utility":72,"ID":3},{"utility":87,"ID":9}],[{"utility":80,"ID":4},{"utility":85,"ID":8}],[],[{"utility":93,"ID":7},{"utility":0,"ID":10}],[{"utility":12,"ID":2},{"utility":34,"ID":5}],[],[],[]],"STARTING COALITION: ":[[null],[{"utility":0,"ID":1},{"utility":0,"ID":8}],[{"utility":90,"ID":4},{"utility":0,"ID":10}],[{"utility":72,"ID":3},{"utility":87,"ID":9}],[{"utility":23,"ID":2},{"utility":38,"ID":6}],[{"utility":0,"ID":5}],[{"utility":0,"ID":7}],[],[],[],[]],"CORE :":true,"Relazioni :":60,"Time : ":2,"LAST PARTITION":{"1":2,"2":7,"3":3,"4":4,"5":7,"6":2,"7":6,"8":4,"9":3,"10":6}},{"Modalità dinamica :":true,"Q : ":6,"STARTING PARTITION: ":{"1":1,"2":4,"3":3,"4":2,"5":5,"6":4,"7":6,"8":1,"9":3,"10":2},"LAST COALITION":[[],[{"utility":72,"ID":3},{"utility":87,"ID":9}],[{"utility":95,"ID":1},{"utility":32,"ID":5}],[],[{"utility":0,"ID":6}],[{"utility":83.5,"ID":2},{"utility":90.5,"ID":7},{"utility":0,"ID":10}],[{"utility":80,"ID":4},{"utility":85,"ID":8}],[],[],[],[]],"STARTING COALITION: ":[[null],[{"utility":0,"ID":1},{"utility":0,"ID":8}],[{"utility":90,"ID":4},{"utility":0,"ID":10}],[{"utility":72,"ID":3},{"utility":87,"ID":9}],[{"utility":23,"ID":2},{"utility":38,"ID":6}],[{"utility":0,"ID":5}],[{"utility":0,"ID":7}],[],[],[],[]],"CORE :":true,"Relazioni :":60,"Time : ":3,"LAST PARTITION":{"1":2,"2":5,"3":1,"4":6,"5":2,"6":4,"7":5,"8":6,"9":1,"10":5}},{"END OF FILE:" : true}]