[{"Modalità dinamica :":false,"Q : ":2,"STARTING PARTITION: ":{"1":4,"2":6,"3":5,"4":1,"5":1,"6":4,"7":2,"8":1,"9":4,"10":5},"LAST COALITION":[[],[{"utility":98,"ID":2},{"utility":22,"ID":8}],[],[{"utility":92,"ID":4},{"utility":65,"ID":5}],[{"utility":0,"ID":6}],[{"utility":84,"ID":3},{"utility":24,"ID":10}],[{"utility":0,"ID":1}],[{"utility":86,"ID":7},{"utility":76,"ID":9}],[],[],[]],"STARTING COALITION: ":[[null],[{"utility":59,"ID":4},{"utility":40.5,"ID":5},{"utility":28.5,"ID":8}],[{"utility":0,"ID":7}],[],[{"utility":40.5,"ID":1},{"utility":41.5,"ID":6},{"utility":36.5,"ID":9}],[{"utility":84,"ID":3},{"utility":24,"ID":10}],[{"utility":0,"ID":2}],[],[],[],[]],"CORE :":true,"Relazioni :":70,"Time : ":1,"LAST PARTITION":{"1":6,"2":1,"3":5,"4":3,"5":3,"6":4,"7":7,"8":1,"9":7,"10":5}},{"Modalità dinamica :":false,"Q : ":2,"STARTING PARTITION: ":{"1":4,"2":6,"3":5,"4":1,"5":1,"6":4,"7":2,"8":1,"9":4,"10":5},"LAST COALITION":[[],[{"utility":98,"ID":2},{"utility":22,"ID":8}],[],[{"utility":92,"ID":4},{"utility":65,"ID":5}],[{"utility":0,"ID":6}],[{"utility":84,"ID":3},{"utility":24,"ID":10}],[{"utility":0,"ID":1}],[{"utility":86,"ID":7},{"utility":76,"ID":9}],[],[],[]],"STARTING COALITION: ":[[null],[{"utility":59,"ID":4},{"utility":40.5,"ID":5},{"utility":28.5,"ID":8}],[{"utility":0,"ID":7}],[],[{"utility":40.5,"ID":1},{"utility":41.5,"ID":6},{"utility":36.5,"ID":9}],[{"utility":84,"ID":3},{"utility":24,"ID":10}],[{"utility":0,"ID":2}],[],[],[],[]],"CORE :":true,"Relazioni :":70,"Time : ":2,"LAST PARTITION":{"1":6,"2":1,"3":5,"4":3,"5":3,"6":4,"7":7,"8":1,"9":7,"10":5}},{"Modalità dinamica :":false,"Q : ":2,"STARTING PARTITION: ":{"1":4,"2":6,"3":5,"4":1,"5":1,"6":4,"7":2,"8":1,"9":4,"10":5},"LAST COALITION":[[],[{"utility":98,"ID":2},{"utility":22,"ID":8}],[],[{"utility":92,"ID":4},{"utility":65,"ID":5}],[{"utility":0,"ID":6}],[{"utility":84,"ID":3},{"utility":24,"ID":10}],[{"utility":0,"ID":1}],[{"utility":86,"ID":7},{"utility":76,"ID":9}],[],[],[]],"STARTING COALITION: ":[[null],[{"utility":59,"ID":4},{"utility":40.5,"ID":5},{"utility":28.5,"ID":8}],[{"utility":0,"ID":7}],[],[{"utility":40.5,"ID":1},{"utility":41.5,"ID":6},{"utility":36.5,"ID":9}],[{"utility":84,"ID":3},{"utility":24,"ID":10}],[{"utility":0,"ID":2}],[],[],[],[]],"CORE :":true,"Relazioni :":70,"Time : ":3,"LAST PARTITION":{"1":6,"2":1,"3":5,"4":3,"5":3,"6":4,"7":7,"8":1,"9":7,"10":5}},{"Modalità dinamica :":false,"Q : ":3,"STARTING PARTITION: ":{"1":4,"2":6,"3":5,"4":1,"5":1,"6":4,"7":2,"8":1,"9":4,"10":5},"LAST COALITION":[[],[{"utility":98,"ID":2},{"utility":22,"ID":8}],[],[{"utility":92,"ID":4},{"utility":65,"ID":5}],[{"utility":0,"ID":6}],[{"utility":84,"ID":3},{"utility":24,"ID":10}],[{"utility":0,"ID":1}],[{"utility":86,"ID":7},{"utility":76,"ID":9}],[],[],[]],"STARTING COALITION: ":[[null],[{"utility":59,"ID":4},{"utility":40.5,"ID":5},{"utility":28.5,"ID":8}],[{"utility":0,"ID":7}],[],[{"utility":40.5,"ID":1},{"utility":41.5,"ID":6},{"utility":36.5,"ID":9}],[{"utility":84,"ID":3},{"utility":24,"ID":10}],[{"utility":0,"ID":2}],[],[],[],[]],"CORE :":true,"Relazioni :":70,"Time : ":1,"LAST PARTITION":{"1":6,"2":1,"3":5,"4":3,"5":3,"6":4,"7":7,"8":1,"9":7,"10":5}},{"Modalità dinamica :":false,"Q : ":3,"STARTING PARTITION: ":{"1":4,"2":6,"3":5,"4":1,"5":1,"6":4,"7":2,"8":1,"9":4,"10":5},"LAST COALITION":[[],[{"utility":98,"ID":2},{"utility":22,"ID":8}],[],[{"utility":92,"ID":4},{"utility":65,"ID":5}],[{"utility":0,"ID":6}],[{"utility":84,"ID":3},{"utility":24,"ID":10}],[{"utility":0,"ID":1}],[{"utility":86,"ID":7},{"utility":76,"ID":9}],[],[],[]],"STARTING COALITION: ":[[null],[{"utility":59,"ID":4},{"utility":40.5,"ID":5},{"utility":28.5,"ID":8}],[{"utility":0,"ID":7}],[],[{"utility":40.5,"ID":1},{"utility":41.5,"ID":6},{"utility":36.5,"ID":9}],[{"utility":84,"ID":3},{"utility":24,"ID":10}],[{"utility":0,"ID":2}],[],[],[],[]],"CORE :":true,"Relazioni :":70,"Time : ":2,"LAST PARTITION":{"1":6,"2":1,"3":5,"4":3,"5":3,"6":4,"7":7,"8":1,"9":7,"10":5}},{"Modalità dinamica :":false,"Q : ":3,"STARTING PARTITION: ":{"1":4,"2":6,"3":5,"4":1,"5":1,"6":4,"7":2,"8":1,"9":4,"10":5},"LAST COALITION":[[],[{"utility":98,"ID":2},{"utility":22,"ID":8}],[],[{"utility":92,"ID":4},{"utility":65,"ID":5}],[{"utility":0,"ID":6}],[{"utility":84,"ID":3},{"utility":24,"ID":10}],[{"utility":0,"ID":1}],[{"utility":86,"ID":7},{"utility":76,"ID":9}],[],[],[]],"STARTING COALITION: ":[[null],[{"utility":59,"ID":4},{"utility":40.5,"ID":5},{"utility":28.5,"ID":8}],[{"utility":0,"ID":7}],[],[{"utility":40.5,"ID":1},{"utility":41.5,"ID":6},{"utility":36.5,"ID":9}],[{"utility":84,"ID":3},{"utility":24,"ID":10}],[{"utility":0,"ID":2}],[],[],[],[]],"CORE :":true,"Relazioni :":70,"Time : ":3,"LAST PARTITION":{"1":6,"2":1,"3":5,"4":3,"5":3,"6":4,"7":7,"8":1,"9":7,"10":5}},{"Modalità dinamica :":false,"Q : ":4,"STARTING PARTITION: ":{"1":4,"2":6,"3":5,"4":1,"5":1,"6":4,"7":2,"8":1,"9":4,"10":5},"LAST COALITION":[[],[{"utility":98,"ID":2},{"utility":22,"ID":8}],[],[{"utility":92,"ID":4},{"utility":65,"ID":5}],[{"utility":0,"ID":6}],[{"utility":84,"ID":3},{"utility":24,"ID":10}],[{"utility":0,"ID":1}],[{"utility":86,"ID":7},{"utility":76,"ID":9}],[],[],[]],"STARTING COALITION: ":[[null],[{"utility":59,"ID":4},{"utility":40.5,"ID":5},{"utility":28.5,"ID":8}],[{"utility":0,"ID":7}],[],[{"utility":40.5,"ID":1},{"utility":41.5,"ID":6},{"utility":36.5,"ID":9}],[{"utility":84,"ID":3},{"utility":24,"ID":10}],[{"utility":0,"ID":2}],[],[],[],[]],"CORE :":true,"Relazioni :":70,"Time : ":1,"LAST PARTITION":{"1":6,"2":1,"3":5,"4":3,"5":3,"6":4,"7":7,"8":1,"9":7,"10":5}},{"Modalità dinamica :":false,"Q : ":4,"STARTING PARTITION: ":{"1":4,"2":6,"3":5,"4":1,"5":1,"6":4,"7":2,"8":1,"9":4,"10":5},"LAST COALITION":[[],[{"utility":98,"ID":2},{"utility":22,"ID":8}],[],[{"utility":92,"ID":4},{"utility":65,"ID":5}],[{"utility":0,"ID":6}],[{"utility":84,"ID":3},{"utility":24,"ID":10}],[{"utility":0,"ID":1}],[{"utility":86,"ID":7},{"utility":76,"ID":9}],[],[],[]],"STARTING COALITION: ":[[null],[{"utility":59,"ID":4},{"utility":40.5,"ID":5},{"utility":28.5,"ID":8}],[{"utility":0,"ID":7}],[],[{"utility":40.5,"ID":1},{"utility":41.5,"ID":6},{"utility":36.5,"ID":9}],[{"utility":84,"ID":3},{"utility":24,"ID":10}],[{"utility":0,"ID":2}],[],[],[],[]],"CORE :":true,"Relazioni :":70,"Time : ":2,"LAST PARTITION":{"1":6,"2":1,"3":5,"4":3,"5":3,"6":4,"7":7,"8":1,"9":7,"10":5}},{"Modalità dinamica :":false,"Q : ":4,"STARTING PARTITION: ":{"1":4,"2":6,"3":5,"4":1,"5":1,"6":4,"7":2,"8":1,"9":4,"10":5},"LAST COALITION":[[],[{"utility":98,"ID":2},{"utility":22,"ID":8}],[],[{"utility":92,"ID":4},{"utility":65,"ID":5}],[{"utility":0,"ID":6}],[{"utility":84,"ID":3},{"utility":24,"ID":10}],[{"utility":0,"ID":1}],[{"utility":86,"ID":7},{"utility":76,"ID":9}],[],[],[]],"STARTING COALITION: ":[[null],[{"utility":59,"ID":4},{"utility":40.5,"ID":5},{"utility":28.5,"ID":8}],[{"utility":0,"ID":7}],[],[{"utility":40.5,"ID":1},{"utility":41.5,"ID":6},{"utility":36.5,"ID":9}],[{"utility":84,"ID":3},{"utility":24,"ID":10}],[{"utility":0,"ID":2}],[],[],[],[]],"CORE :":true,"Relazioni :":70,"Time : ":3,"LAST PARTITION":{"1":6,"2":1,"3":5,"4":3,"5":3,"6":4,"7":7,"8":1,"9":7,"10":5}},{"Modalità dinamica :":false,"Q : ":5,"STARTING PARTITION: ":{"1":4,"2":6,"3":5,"4":1,"5":1,"6":4,"7":2,"8":1,"9":4,"10":5},"LAST COALITION":[[],[{"utility":98,"ID":2},{"utility":22,"ID":8}],[],[{"utility":92,"ID":4},{"utility":65,"ID":5}],[{"utility":0,"ID":6}],[{"utility":84,"ID":3},{"utility":24,"ID":10}],[{"utility":0,"ID":1}],[{"utility":86,"ID":7},{"utility":76,"ID":9}],[],[],[]],"STARTING COALITION: ":[[null],[{"utility":59,"ID":4},{"utility":40.5,"ID":5},{"utility":28.5,"ID":8}],[{"utility":0,"ID":7}],[],[{"utility":40.5,"ID":1},{"utility":41.5,"ID":6},{"utility":36.5,"ID":9}],[{"utility":84,"ID":3},{"utility":24,"ID":10}],[{"utility":0,"ID":2}],[],[],[],[]],"CORE :":true,"Relazioni :":70,"Time : ":1,"LAST PARTITION":{"1":6,"2":1,"3":5,"4":3,"5":3,"6":4,"7":7,"8":1,"9":7,"10":5}},{"Modalità dinamica :":false,"Q : ":5,"STARTING PARTITION: ":{"1":4,"2":6,"3":5,"4":1,"5":1,"6":4,"7":2,"8":1,"9":4,"10":5},"LAST COALITION":[[],[{"utility":98,"ID":2},{"utility":22,"ID":8}],[],[{"utility":92,"ID":4},{"utility":65,"ID":5}],[{"utility":0,"ID":6}],[{"utility":84,"ID":3},{"utility":24,"ID":10}],[{"utility":0,"ID":1}],[{"utility":86,"ID":7},{"utility":76,"ID":9}],[],[],[]],"STARTING COALITION: ":[[null],[{"utility":59,"ID":4},{"utility":40.5,"ID":5},{"utility":28.5,"ID":8}],[{"utility":0,"ID":7}],[],[{"utility":40.5,"ID":1},{"utility":41.5,"ID":6},{"utility":36.5,"ID":9}],[{"utility":84,"ID":3},{"utility":24,"ID":10}],[{"utility":0,"ID":2}],[],[],[],[]],"CORE :":true,"Relazioni :":70,"Time : ":2,"LAST PARTITION":{"1":6,"2":1,"3":5,"4":3,"5":3,"6":4,"7":7,"8":1,"9":7,"10":5}},{"Modalità dinamica :":false,"Q : ":5,"STARTING PARTITION: ":{"1":4,"2":6,"3":5,"4":1,"5":1,"6":4,"7":2,"8":1,"9":4,"10":5},"LAST COALITION":[[],[{"utility":98,"ID":2},{"utility":22,"ID":8}],[],[{"utility":92,"ID":4},{"utility":65,"ID":5}],[{"utility":0,"ID":6}],[{"utility":84,"ID":3},{"utility":24,"ID":10}],[{"utility":0,"ID":1}],[{"utility":86,"ID":7},{"utility":76,"ID":9}],[],[],[]],"STARTING COALITION: ":[[null],[{"utility":59,"ID":4},{"utility":40.5,"ID":5},{"utility":28.5,"ID":8}],[{"utility":0,"ID":7}],[],[{"utility":40.5,"ID":1},{"utility":41.5,"ID":6},{"utility":36.5,"ID":9}],[{"utility":84,"ID":3},{"utility":24,"ID":10}],[{"utility":0,"ID":2}],[],[],[],[]],"CORE :":true,"Relazioni :":70,"Time : ":3,"LAST PARTITION":{"1":6,"2":1,"3":5,"4":3,"5":3,"6":4,"7":7,"8":1,"9":7,"10":5}},{"Modalità dinamica :":false,"Q : ":6,"STARTING PARTITION: ":{"1":4,"2":6,"3":5,"4":1,"5":1,"6":4,"7":2,"8":1,"9":4,"10":5},"LAST COALITION":[[],[{"utility":98,"ID":2},{"utility":22,"ID":8}],[],[{"utility":92,"ID":4},{"utility":65,"ID":5}],[{"utility":0,"ID":6}],[{"utility":84,"ID":3},{"utility":24,"ID":10}],[{"utility":0,"ID":1}],[{"utility":86,"ID":7},{"utility":76,"ID":9}],[],[],[]],"STARTING COALITION: ":[[null],[{"utility":59,"ID":4},{"utility":40.5,"ID":5},{"utility":28.5,"ID":8}],[{"utility":0,"ID":7}],[],[{"utility":40.5,"ID":1},{"utility":41.5,"ID":6},{"utility":36.5,"ID":9}],[{"utility":84,"ID":3},{"utility":24,"ID":10}],[{"utility":0,"ID":2}],[],[],[],[]],"CORE :":true,"Relazioni :":70,"Time : ":1,"LAST PARTITION":{"1":6,"2":1,"3":5,"4":3,"5":3,"6":4,"7":7,"8":1,"9":7,"10":5}},{"Modalità dinamica :":false,"Q : ":6,"STARTING PARTITION: ":{"1":4,"2":6,"3":5,"4":1,"5":1,"6":4,"7":2,"8":1,"9":4,"10":5},"LAST COALITION":[[],[{"utility":98,"ID":2},{"utility":22,"ID":8}],[],[{"utility":92,"ID":4},{"utility":65,"ID":5}],[{"utility":0,"ID":6}],[{"utility":84,"ID":3},{"utility":24,"ID":10}],[{"utility":0,"ID":1}],[{"utility":86,"ID":7},{"utility":76,"ID":9}],[],[],[]],"STARTING COALITION: ":[[null],[{"utility":59,"ID":4},{"utility":40.5,"ID":5},{"utility":28.5,"ID":8}],[{"utility":0,"ID":7}],[],[{"utility":40.5,"ID":1},{"utility":41.5,"ID":6},{"utility":36.5,"ID":9}],[{"utility":84,"ID":3},{"utility":24,"ID":10}],[{"utility":0,"ID":2}],[],[],[],[]],"CORE :":true,"Relazioni :":70,"Time : ":2,"LAST PARTITION":{"1":6,"2":1,"3":5,"4":3,"5":3,"6":4,"7":7,"8":1,"9":7,"10":5}},{"Modalità dinamica :":false,"Q : ":6,"STARTING PARTITION: ":{"1":4,"2":6,"3":5,"4":1,"5":1,"6":4,"7":2,"8":1,"9":4,"10":5},"LAST COALITION":[[],[{"utility":98,"ID":2},{"utility":22,"ID":8}],[],[{"utility":92,"ID":4},{"utility":65,"ID":5}],[{"utility":0,"ID":6}],[{"utility":84,"ID":3},{"utility":24,"ID":10}],[{"utility":0,"ID":1}],[{"utility":86,"ID":7},{"utility":76,"ID":9}],[],[],[]],"STARTING COALITION: ":[[null],[{"utility":59,"ID":4},{"utility":40.5,"ID":5},{"utility":28.5,"ID":8}],[{"utility":0,"ID":7}],[],[{"utility":40.5,"ID":1},{"utility":41.5,"ID":6},{"utility":36.5,"ID":9}],[{"utility":84,"ID":3},{"utility":24,"ID":10}],[{"utility":0,"ID":2}],[],[],[],[]],"CORE :":true,"Relazioni :":70,"Time : ":3,"LAST PARTITION":{"1":6,"2":1,"3":5,"4":3,"5":3,"6":4,"7":7,"8":1,"9":7,"10":5}},{"Modalità dinamica :":true,"Q : ":2,"STARTING PARTITION: ":{"1":4,"2":6,"3":5,"4":1,"5":1,"6":4,"7":2,"8":1,"9":4,"10":5},"LAST COALITION":[[],[{"utility":0,"ID":1}],[{"utility":0,"ID":6}],[],[{"utility":98,"ID":2},{"utility":22,"ID":8}],[{"utility":86,"ID":7},{"utility":76,"ID":9}],[],[{"utility":92,"ID":4},{"utility":65,"ID":5}],[{"utility":84,"ID":3},{"utility":24,"ID":10}],[],[]],"STARTING COALITION: ":[[null],[{"utility":59,"ID":4},{"utility":40.5,"ID":5},{"utility":28.5,"ID":8}],[{"utility":0,"ID":7}],[],[{"utility":40.5,"ID":1},{"utility":41.5,"ID":6},{"utility":36.5,"ID":9}],[{"utility":84,"ID":3},{"utility":24,"ID":10}],[{"utility":0,"ID":2}],[],[],[],[]],"CORE :":true,"Relazioni :":70,"Time : ":1,"LAST PARTITION":{"1":1,"2":4,"3":8,"4":7,"5":7,"6":2,"7":5,"8":4,"9":5,"10":8}},{"Modalità dinamica :":true,"Q : ":2,"STARTING PARTITION: ":{"1":4,"2":6,"3":5,"4":1,"5":1,"6":4,"7":2,"8":1,"9":4,"10":5},"LAST COALITION":[[],[{"utility":0,"ID":6}],[{"utility":0,"ID":1}],[{"utility":98,"ID":2},{"utility":22,"ID":8}],[],[{"utility":84,"ID":3},{"utility":24,"ID":10}],[{"utility":92,"ID":4},{"utility":65,"ID":5}],[],[{"utility":86,"ID":7},{"utility":76,"ID":9}],[],[]],"STARTING COALITION: ":[[null],[{"utility":59,"ID":4},{"utility":40.5,"ID":5},{"utility":28.5,"ID":8}],[{"utility":0,"ID":7}],[],[{"utility":40.5,"ID":1},{"utility":41.5,"ID":6},{"utility":36.5,"ID":9}],[{"utility":84,"ID":3},{"utility":24,"ID":10}],[{"utility":0,"ID":2}],[],[],[],[]],"CORE :":true,"Relazioni :":70,"Time : ":2,"LAST PARTITION":{"1":2,"2":3,"3":5,"4":6,"5":6,"6":1,"7":8,"8":3,"9":8,"10":5}},{"Modalità dinamica :":true,"Q : ":2,"STARTING PARTITION: ":{"1":4,"2":6,"3":5,"4":1,"5":1,"6":4,"7":2,"8":1,"9":4,"10":5},"LAST COALITION":[[],[{"utility":0,"ID":1}],[],[{"utility":98,"ID":2},{"utility":22,"ID":8}],[{"utility":0,"ID":6}],[{"utility":92,"ID":4},{"utility":65,"ID":5}],[{"utility":86,"ID":7},{"utility":76,"ID":9}],[{"utility":84,"ID":3},{"utility":24,"ID":10}],[],[],[]],"STARTING COALITION: ":[[null],[{"utility":59,"ID":4},{"utility":40.5,"ID":5},{"utility":28.5,"ID":8}],[{"utility":0,"ID":7}],[],[{"utility":40.5,"ID":1},{"utility":41.5,"ID":6},{"utility":36.5,"ID":9}],[{"utility":84,"ID":3},{"utility":24,"ID":10}],[{"utility":0,"ID":2}],[],[],[],[]],"CORE :":true,"Relazioni :":70,"Time : ":3,"LAST PARTITION":{"1":1,"2":3,"3":7,"4":5,"5":5,"6":4,"7":6,"8":3,"9":6,"10":7}},{"Modalità dinamica :":true,"Q : ":3,"STARTING PARTITION: ":{"1":4,"2":6,"3":5,"4":1,"5":1,"6":4,"7":2,"8":1,"9":4,"10":5},"LAST COALITION":[[],[{"utility":84,"ID":3},{"utility":24,"ID":10}],[{"utility":98,"ID":2},{"utility":22,"ID":8}],[],[{"utility":0,"ID":6}],[{"utility":92,"ID":4},{"utility":65,"ID":5}],[{"utility":0,"ID":1}],[],[],[{"utility":86,"ID":7},{"utility":76,"ID":9}],[]],"STARTING COALITION: ":[[null],[{"utility":59,"ID":4},{"utility":40.5,"ID":5},{"utility":28.5,"ID":8}],[{"utility":0,"ID":7}],[],[{"utility":40.5,"ID":1},{"utility":41.5,"ID":6},{"utility":36.5,"ID":9}],[{"utility":84,"ID":3},{"utility":24,"ID":10}],[{"utility":0,"ID":2}],[],[],[],[]],"CORE :":true,"Relazioni :":70,"Time : ":1,"LAST PARTITION":{"1":6,"2":2,"3":1,"4":5,"5":5,"6":4,"7":9,"8":2,"9":9,"10":1}},{"Modalità dinamica :":true,"Q : ":3,"STARTING PARTITION: ":{"1":4,"2":6,"3":5,"4":1,"5":1,"6":4,"7":2,"8":1,"9":4,"10":5},"LAST COALITION":[[],[{"utility":92,"ID":4},{"utility":65,"ID":5}],[{"utility":84,"ID":3},{"utility":24,"ID":10}],[{"utility":86,"ID":7},{"utility":76,"ID":9}],[{"utility":0,"ID":1}],[{"utility":98,"ID":2},{"utility":22,"ID":8}],[{"utility":0,"ID":6}],[],[],[],[]],"STARTING COALITION: ":[[null],[{"utility":59,"ID":4},{"utility":40.5,"ID":5},{"utility":28.5,"ID":8}],[{"utility":0,"ID":7}],[],[{"utility":40.5,"ID":1},{"utility":41.5,"ID":6},{"utility":36.5,"ID":9}],[{"utility":84,"ID":3},{"utility":24,"ID":10}],[{"utility":0,"ID":2}],[],[],[],[]],"CORE :":true,"Relazioni :":70,"Time : ":2,"LAST PARTITION":{"1":4,"2":5,"3":2,"4":1,"5":1,"6":6,"7":3,"8":5,"9":3,"10":2}},{"Modalità dinamica :":true,"Q : ":3,"STARTING PARTITION: ":{"1":4,"2":6,"3":5,"4":1,"5":1,"6":4,"7":2,"8":1,"9":4,"10":5},"LAST COALITION":[[],[{"utility":84,"ID":3},{"utility":24,"ID":10}],[{"utility":98,"ID":2},{"utility":22,"ID":8}],[{"utility":92,"ID":4},{"utility":65,"ID":5}],[{"utility":0,"ID":6}],[],[{"utility":86,"ID":7},{"utility":76,"ID":9}],[{"utility":0,"ID":1}],[],[],[]],"STARTING COALITION: ":[[null],[{"utility":59,"ID":4},{"utility":40.5,"ID":5},{"utility":28.5,"ID":8}],[{"utility":0,"ID":7}],[],[{"utility":40.5,"ID":1},{"utility":41.5,"ID":6},{"utility":36.5,"ID":9}],[{"utility":84,"ID":3},{"utility":24,"ID":10}],[{"utility":0,"ID":2}],[],[],[],[]],"CORE :":true,"Relazioni :":70,"Time : ":3,"LAST PARTITION":{"1":7,"2":2,"3":1,"4":3,"5":3,"6":4,"7":6,"8":2,"9":6,"10":1}},{"Modalità dinamica :":true,"Q : ":4,"STARTING PARTITION: ":{"1":4,"2":6,"3":5,"4":1,"5":1,"6":4,"7":2,"8":1,"9":4,"10":5},"LAST COALITION":[[],[{"utility":0,"ID":1},{"utility":90,"ID":7}],[{"utility":92,"ID":4},{"utility":65,"ID":5}],[],[{"utility":98,"ID":2},{"utility":22,"ID":8}],[{"utility":84,"ID":3},{"utility":24,"ID":10}],[],[{"utility":83,"ID":6},{"utility":48,"ID":9}],[],[],[]],"STARTING COALITION: ":[[null],[{"utility":59,"ID":4},{"utility":40.5,"ID":5},{"utility":28.5,"ID":8}],[{"utility":0,"ID":7}],[],[{"utility":40.5,"ID":1},{"utility":41.5,"ID":6},{"utility":36.5,"ID":9}],[{"utility":84,"ID":3},{"utility":24,"ID":10}],[{"utility":0,"ID":2}],[],[],[],[]],"CORE :":true,"Relazioni :":70,"Time : ":1,"LAST PARTITION":{"1":1,"2":4,"3":5,"4":2,"5":2,"6":7,"7":1,"8":4,"9":7,"10":5}},{"Modalità dinamica :":true,"Q : ":4,"STARTING PARTITION: ":{"1":4,"2":6,"3":5,"4":1,"5":1,"6":4,"7":2,"8":1,"9":4,"10":5},"LAST COALITION":[[],[{"utility":98,"ID":2},{"utility":22,"ID":8}],[],[{"utility":2,"ID":1},{"utility":88,"ID":7},{"utility":50.5,"ID":9}],[{"utility":92,"ID":4},{"utility":65,"ID":5}],[{"utility":84,"ID":3},{"utility":24,"ID":10}],[{"utility":0,"ID":6}],[],[],[],[]],"STARTING COALITION: ":[[null],[{"utility":59,"ID":4},{"utility":40.5,"ID":5},{"utility":28.5,"ID":8}],[{"utility":0,"ID":7}],[],[{"utility":40.5,"ID":1},{"utility":41.5,"ID":6},{"utility":36.5,"ID":9}],[{"utility":84,"ID":3},{"utility":24,"ID":10}],[{"utility":0,"ID":2}],[],[],[],[]],"CORE :":true,"Relazioni :":70,"Time : ":2,"LAST PARTITION":{"1":3,"2":1,"3":5,"4":4,"5":4,"6":6,"7":3,"8":1,"9":3,"10":5}},{"Modalità dinamica :":true,"Q : ":4,"STARTING PARTITION: ":{"1":4,"2":6,"3":5,"4":1,"5":1,"6":4,"7":2,"8":1,"9":4,"10":5},"LAST COALITION":[[],[{"utility":98,"ID":2},{"utility":22,"ID":8}],[{"utility":84,"ID":3},{"utility":24,"ID":10}],[{"utility":92,"ID":4},{"utility":65,"ID":5}],[{"utility":83,"ID":6},{"utility":48,"ID":9}],[],[],[{"utility":0,"ID":1},{"utility":90,"ID":7}],[],[],[]],"STARTING COALITION: ":[[null],[{"utility":59,"ID":4},{"utility":40.5,"ID":5},{"utility":28.5,"ID":8}],[{"utility":0,"ID":7}],[],[{"utility":40.5,"ID":1},{"utility":41.5,"ID":6},{"utility":36.5,"ID":9}],[{"utility":84,"ID":3},{"utility":24,"ID":10}],[{"utility":0,"ID":2}],[],[],[],[]],"CORE :":true,"Relazioni :":70,"Time : ":3,"LAST PARTITION":{"1":7,"2":1,"3":2,"4":3,"5":3,"6":4,"7":7,"8":1,"9":4,"10":2}},{"Modalità dinamica :":true,"Q : ":5,"STARTING PARTITION: ":{"1":4,"2":6,"3":5,"4":1,"5":1,"6":4,"7":2,"8":1,"9":4,"10":5},"LAST COALITION":[[],[{"utility":84,"ID":3},{"utility":24,"ID":10}],[],[],[{"utility":0,"ID":6}],[{"utility":92,"ID":4},{"utility":65,"ID":5}],[{"utility":98,"ID":2},{"utility":22,"ID":8}],[{"utility":86,"ID":7},{"utility":76,"ID":9}],[{"utility":0,"ID":1}],[],[]],"STARTING COALITION: ":[[null],[{"utility":59,"ID":4},{"utility":40.5,"ID":5},{"utility":28.5,"ID":8}],[{"utility":0,"ID":7}],[],[{"utility":40.5,"ID":1},{"utility":41.5,"ID":6},{"utility":36.5,"ID":9}],[{"utility":84,"ID":3},{"utility":24,"ID":10}],[{"utility":0,"ID":2}],[],[],[],[]],"CORE :":true,"Relazioni :":70,"Time : ":1,"LAST PARTITION":{"1":8,"2":6,"3":1,"4":5,"5":5,"6":4,"7":7,"8":6,"9":7,"10":1}},{"Modalità dinamica :":true,"Q : ":5,"STARTING PARTITION: ":{"1":4,"2":6,"3":5,"4":1,"5":1,"6":4,"7":2,"8":1,"9":4,"10":5},"LAST COALITION":[[],[{"utility":98,"ID":2},{"utility":22,"ID":8}],[{"utility":92,"ID":4},{"utility":65,"ID":5}],[],[{"utility":0,"ID":6}],[{"utility":84,"ID":3},{"utility":24,"ID":10}],[{"utility":0,"ID":1}],[{"utility":86,"ID":7},{"utility":76,"ID":9}],[],[],[]],"STARTING COALITION: ":[[null],[{"utility":59,"ID":4},{"utility":40.5,"ID":5},{"utility":28.5,"ID":8}],[{"utility":0,"ID":7}],[],[{"utility":40.5,"ID":1},{"utility":41.5,"ID":6},{"utility":36.5,"ID":9}],[{"utility":84,"ID":3},{"utility":24,"ID":10}],[{"utility":0,"ID":2}],[],[],[],[]],"CORE :":true,"Relazioni :":70,"Time : ":2,"LAST PARTITION":{"1":6,"2":1,"3":5,"4":2,"5":2,"6":4,"7":7,"8":1,"9":7,"10":5}},{"Modalità dinamica :":true,"Q : ":5,"STARTING PARTITION: ":{"1":4,"2":6,"3":5,"4":1,"5":1,"6":4,"7":2,"8":1,"9":4,"10":5},"LAST COALITION":[[],[{"utility":0,"ID":1}],[{"utility":0,"ID":6}],[{"utility":86,"ID":7},{"utility":76,"ID":9}],[{"utility":98,"ID":2},{"utility":22,"ID":8}],[{"utility":84,"ID":3},{"utility":24,"ID":10}],[{"utility":92,"ID":4},{"utility":65,"ID":5}],[],[],[],[]],"STARTING COALITION: ":[[null],[{"utility":59,"ID":4},{"utility":40.5,"ID":5},{"utility":28.5,"ID":8}],[{"utility":0,"ID":7}],[],[{"utility":40.5,"ID":1},{"utility":41.5,"ID":6},{"utility":36.5,"ID":9}],[{"utility":84,"ID":3},{"utility":24,"ID":10}],[{"utility":0,"ID":2}],[],[],[],[]],"CORE :":true,"Relazioni :":70,"Time : ":3,"LAST PARTITION":{"1":1,"2":4,"3":5,"4":6,"5":6,"6":2,"7":3,"8":4,"9":3,"10":5}},{"Modalità dinamica :":true,"Q : ":6,"STARTING PARTITION: ":{"1":4,"2":6,"3":5,"4":1,"5":1,"6":4,"7":2,"8":1,"9":4,"10":5},"LAST COALITION":[[],[{"utility":0,"ID":6}],[{"utility":84,"ID":3},{"utility":24,"ID":10}],[{"utility":86,"ID":7},{"utility":76,"ID":9}],[{"utility":0,"ID":1}],[{"utility":98,"ID":2},{"utility":22,"ID":8}],[{"utility":92,"ID":4},{"utility":65,"ID":5}],[],[],[],[]],"STARTING COALITION: ":[[null],[{"utility":59,"ID":4},{"utility":40.5,"ID":5},{"utility":28.5,"ID":8}],[{"utility":0,"ID":7}],[],[{"utility":40.5,"ID":1},{"utility":41.5,"ID":6},{"utility":36.5,"ID":9}],[{"utility":84,"ID":3},{"utility":24,"ID":10}],[{"utility":0,"ID":2}],[],[],[],[]],"CORE :":true,"Relazioni :":70,"Time : ":1,"LAST PARTITION":{"1":4,"2":5,"3":2,"4":6,"5":6,"6":1,"7":3,"8":5,"9":3,"10":2}},{"Modalità dinamica :":true,"Q : ":6,"STARTING PARTITION: ":{"1":4,"2":6,"3":5,"4":1,"5":1,"6":4,"7":2,"8":1,"9":4,"10":5},"LAST COALITION":[[],[{"utility":0,"ID":6}],[{"utility":92,"ID":4},{"utility":65,"ID":5}],[],[{"utility":2,"ID":1},{"utility":88,"ID":7},{"utility":50.5,"ID":9}],[{"utility":84,"ID":3},{"utility":24,"ID":10}],[],[{"utility":98,"ID":2},{"utility":22,"ID":8}],[],[],[]],"STARTING COALITION: ":[[null],[{"utility":59,"ID":4},{"utility":40.5,"ID":5},{"utility":28.5,"ID":8}],[{"utility":0,"ID":7}],[],[{"utility":40.5,"ID":1},{"utility":41.5,"ID":6},{"utility":36.5,"ID":9}],[{"utility":84,"ID":3},{"utility":24,"ID":10}],[{"utility":0,"ID":2}],[],[],[],[]],"CORE :":true,"Relazioni :":70,"Time : ":2,"LAST PARTITION":{"1":4,"2":7,"3":5,"4":2,"5":2,"6":1,"7":4,"8":7,"9":4,"10":5}},{"Modalità dinamica :":true,"Q : ":6,"STARTING PARTITION: ":{"1":4,"2":6,"3":5,"4":1,"5":1,"6":4,"7":2,"8":1,"9":4,"10":5},"LAST COALITION":[[],[{"utility":0,"ID":1}],[{"utility":84,"ID":3},{"utility":24,"ID":10}],[{"utility":92,"ID":4},{"utility":65,"ID":5}],[{"utility":98,"ID":2},{"utility":22,"ID":8}],[{"utility":0,"ID":6}],[{"utility":86,"ID":7},{"utility":76,"ID":9}],[],[],[],[]],"STARTING COALITION: ":[[null],[{"utility":59,"ID":4},{"utility":40.5,"ID":5},{"utility":28.5,"ID":8}],[{"utility":0,"ID":7}],[],[{"utility":40.5,"ID":1},{"utility":41.5,"ID":6},{"utility":36.5,"ID":9}],[{"utility":84,"ID":3},{"utility":24,"ID":10}],[{"utility":0,"ID":2}],[],[],[],[]],"CORE :":true,"Relazioni :":70,"Time : ":3,"LAST PARTITION":{"1":1,"2":4,"3":2,"4":3,"5":3,"6":5,"7":6,"8":4,"9":6,"10":2}},{"END OF FILE:" : true}]