[{"Modalità dinamica :":false,"Q : ":2,"STARTING PARTITION: ":{"1":3,"2":1,"3":5,"4":5,"5":6,"6":4,"7":2,"8":1,"9":5,"10":2},"LAST COALITION":[[],[{"utility":85,"ID":3},{"utility":65,"ID":6}],[{"utility":97,"ID":7},{"utility":22,"ID":10}],[{"utility":0,"ID":5}],[{"utility":0,"ID":8}],[{"utility":0,"ID":9}],[],[{"utility":0,"ID":2}],[{"utility":87,"ID":1},{"utility":23,"ID":4}],[],[]],"STARTING COALITION: ":[[null],[{"utility":67,"ID":2},{"utility":36,"ID":8}],[{"utility":97,"ID":7},{"utility":22,"ID":10}],[{"utility":0,"ID":1}],[{"utility":0,"ID":6}],[{"utility":48.5,"ID":3},{"utility":49.5,"ID":4},{"utility":50.5,"ID":9}],[{"utility":0,"ID":5}],[],[],[],[]],"CORE :":false,"Relazioni :":90,"Time : ":1,"LAST PARTITION":{"1":8,"2":7,"3":1,"4":8,"5":3,"6":1,"7":2,"8":4,"9":5,"10":2}},{"Modalità dinamica :":false,"Q : ":2,"STARTING PARTITION: ":{"1":3,"2":1,"3":5,"4":5,"5":6,"6":4,"7":2,"8":1,"9":5,"10":2},"LAST COALITION":[[],[{"utility":85,"ID":3},{"utility":65,"ID":6}],[{"utility":97,"ID":7},{"utility":22,"ID":10}],[{"utility":0,"ID":5}],[{"utility":0,"ID":8}],[{"utility":0,"ID":9}],[],[{"utility":0,"ID":2}],[{"utility":87,"ID":1},{"utility":23,"ID":4}],[],[]],"STARTING COALITION: ":[[null],[{"utility":67,"ID":2},{"utility":36,"ID":8}],[{"utility":97,"ID":7},{"utility":22,"ID":10}],[{"utility":0,"ID":1}],[{"utility":0,"ID":6}],[{"utility":48.5,"ID":3},{"utility":49.5,"ID":4},{"utility":50.5,"ID":9}],[{"utility":0,"ID":5}],[],[],[],[]],"CORE :":false,"Relazioni :":90,"Time : ":2,"LAST PARTITION":{"1":8,"2":7,"3":1,"4":8,"5":3,"6":1,"7":2,"8":4,"9":5,"10":2}},{"Modalità dinamica :":false,"Q : ":2,"STARTING PARTITION: ":{"1":3,"2":1,"3":5,"4":5,"5":6,"6":4,"7":2,"8":1,"9":5,"10":2},"LAST COALITION":[[],[{"utility":85,"ID":3},{"utility":65,"ID":6}],[{"utility":97,"ID":7},{"utility":22,"ID":10}],[{"utility":0,"ID":5}],[{"utility":0,"ID":8}],[{"utility":0,"ID":9}],[{"utility":17,"ID":2},{"utility":47,"ID":4}],[],[{"utility":0,"ID":1}],[],[]],"STARTING COALITION: ":[[null],[{"utility":67,"ID":2},{"utility":36,"ID":8}],[{"utility":97,"ID":7},{"utility":22,"ID":10}],[{"utility":0,"ID":1}],[{"utility":0,"ID":6}],[{"utility":48.5,"ID":3},{"utility":49.5,"ID":4},{"utility":50.5,"ID":9}],[{"utility":0,"ID":5}],[],[],[],[]],"CORE :":false,"Relazioni :":90,"Time : ":3,"LAST PARTITION":{"1":8,"2":6,"3":1,"4":6,"5":3,"6":1,"7":2,"8":4,"9":5,"10":2}},{"Modalità dinamica :":false,"Q : ":3,"STARTING PARTITION: ":{"1":3,"2":1,"3":5,"4":5,"5":6,"6":4,"7":2,"8":1,"9":5,"10":2},"LAST COALITION":[[],[{"utility":85,"ID":3},{"utility":65,"ID":6}],[{"utility":97,"ID":7},{"utility":22,"ID":10}],[{"utility":0,"ID":5}],[{"utility":0,"ID":8}],[{"utility":0,"ID":9}],[{"utility":0,"ID":4}],[{"utility":57,"ID":1},{"utility":37,"ID":2}],[],[],[]],"STARTING COALITION: ":[[null],[{"utility":67,"ID":2},{"utility":36,"ID":8}],[{"utility":97,"ID":7},{"utility":22,"ID":10}],[{"utility":0,"ID":1}],[{"utility":0,"ID":6}],[{"utility":48.5,"ID":3},{"utility":49.5,"ID":4},{"utility":50.5,"ID":9}],[{"utility":0,"ID":5}],[],[],[],[]],"CORE :":false,"Relazioni :":90,"Time : ":1,"LAST PARTITION":{"1":7,"2":7,"3":1,"4":6,"5":3,"6":1,"7":2,"8":4,"9":5,"10":2}},{"Modalità dinamica :":false,"Q : ":3,"STARTING PARTITION: ":{"1":3,"2":1,"3":5,"4":5,"5":6,"6":4,"7":2,"8":1,"9":5,"10":2},"LAST COALITION":[[],[{"utility":85,"ID":3},{"utility":65,"ID":6}],[{"utility":97,"ID":7},{"utility":22,"ID":10}],[{"utility":0,"ID":5}],[{"utility":0,"ID":8}],[{"utility":0,"ID":9}],[{"utility":17,"ID":2},{"utility":47,"ID":4}],[],[{"utility":0,"ID":1}],[],[]],"STARTING COALITION: ":[[null],[{"utility":67,"ID":2},{"utility":36,"ID":8}],[{"utility":97,"ID":7},{"utility":22,"ID":10}],[{"utility":0,"ID":1}],[{"utility":0,"ID":6}],[{"utility":48.5,"ID":3},{"utility":49.5,"ID":4},{"utility":50.5,"ID":9}],[{"utility":0,"ID":5}],[],[],[],[]],"CORE :":false,"Relazioni :":90,"Time : ":2,"LAST PARTITION":{"1":8,"2":6,"3":1,"4":6,"5":3,"6":1,"7":2,"8":4,"9":5,"10":2}},{"Modalità dinamica :":false,"Q : ":3,"STARTING PARTITION: ":{"1":3,"2":1,"3":5,"4":5,"5":6,"6":4,"7":2,"8":1,"9":5,"10":2},"LAST COALITION":[[],[{"utility":85,"ID":3},{"utility":65,"ID":6}],[{"utility":97,"ID":7},{"utility":22,"ID":10}],[{"utility":0,"ID":5}],[{"utility":0,"ID":8}],[{"utility":0,"ID":9}],[{"utility":17,"ID":2},{"utility":47,"ID":4}],[],[{"utility":0,"ID":1}],[],[]],"STARTING COALITION: ":[[null],[{"utility":67,"ID":2},{"utility":36,"ID":8}],[{"utility":97,"ID":7},{"utility":22,"ID":10}],[{"utility":0,"ID":1}],[{"utility":0,"ID":6}],[{"utility":48.5,"ID":3},{"utility":49.5,"ID":4},{"utility":50.5,"ID":9}],[{"utility":0,"ID":5}],[],[],[],[]],"CORE :":false,"Relazioni :":90,"Time : ":3,"LAST PARTITION":{"1":8,"2":6,"3":1,"4":6,"5":3,"6":1,"7":2,"8":4,"9":5,"10":2}},{"Modalità dinamica :":false,"Q : ":4,"STARTING PARTITION: ":{"1":3,"2":1,"3":5,"4":5,"5":6,"6":4,"7":2,"8":1,"9":5,"10":2},"LAST COALITION":[[],[{"utility":85,"ID":3},{"utility":65,"ID":6}],[{"utility":97,"ID":7},{"utility":22,"ID":10}],[{"utility":0,"ID":5}],[{"utility":0,"ID":8}],[{"utility":0,"ID":9}],[],[{"utility":0,"ID":2}],[{"utility":87,"ID":1},{"utility":23,"ID":4}],[],[]],"STARTING COALITION: ":[[null],[{"utility":67,"ID":2},{"utility":36,"ID":8}],[{"utility":97,"ID":7},{"utility":22,"ID":10}],[{"utility":0,"ID":1}],[{"utility":0,"ID":6}],[{"utility":48.5,"ID":3},{"utility":49.5,"ID":4},{"utility":50.5,"ID":9}],[{"utility":0,"ID":5}],[],[],[],[]],"CORE :":false,"Relazioni :":90,"Time : ":1,"LAST PARTITION":{"1":8,"2":7,"3":1,"4":8,"5":3,"6":1,"7":2,"8":4,"9":5,"10":2}},{"Modalità dinamica :":false,"Q : ":4,"STARTING PARTITION: ":{"1":3,"2":1,"3":5,"4":5,"5":6,"6":4,"7":2,"8":1,"9":5,"10":2},"LAST COALITION":[[],[{"utility":85,"ID":3},{"utility":65,"ID":6}],[{"utility":97,"ID":7},{"utility":22,"ID":10}],[{"utility":0,"ID":5}],[{"utility":0,"ID":8}],[{"utility":0,"ID":9}],[],[{"utility":0,"ID":2}],[{"utility":87,"ID":1},{"utility":23,"ID":4}],[],[]],"STARTING COALITION: ":[[null],[{"utility":67,"ID":2},{"utility":36,"ID":8}],[{"utility":97,"ID":7},{"utility":22,"ID":10}],[{"utility":0,"ID":1}],[{"utility":0,"ID":6}],[{"utility":48.5,"ID":3},{"utility":49.5,"ID":4},{"utility":50.5,"ID":9}],[{"utility":0,"ID":5}],[],[],[],[]],"CORE :":false,"Relazioni :":90,"Time : ":2,"LAST PARTITION":{"1":8,"2":7,"3":1,"4":8,"5":3,"6":1,"7":2,"8":4,"9":5,"10":2}},{"Modalità dinamica :":false,"Q : ":4,"STARTING PARTITION: ":{"1":3,"2":1,"3":5,"4":5,"5":6,"6":4,"7":2,"8":1,"9":5,"10":2},"LAST COALITION":[[],[{"utility":85,"ID":3},{"utility":65,"ID":6}],[{"utility":97,"ID":7},{"utility":22,"ID":10}],[{"utility":0,"ID":5}],[{"utility":0,"ID":8}],[{"utility":0,"ID":9}],[],[{"utility":0,"ID":2}],[{"utility":87,"ID":1},{"utility":23,"ID":4}],[],[]],"STARTING COALITION: ":[[null],[{"utility":67,"ID":2},{"utility":36,"ID":8}],[{"utility":97,"ID":7},{"utility":22,"ID":10}],[{"utility":0,"ID":1}],[{"utility":0,"ID":6}],[{"utility":48.5,"ID":3},{"utility":49.5,"ID":4},{"utility":50.5,"ID":9}],[{"utility":0,"ID":5}],[],[],[],[]],"CORE :":false,"Relazioni :":90,"Time : ":3,"LAST PARTITION":{"1":8,"2":7,"3":1,"4":8,"5":3,"6":1,"7":2,"8":4,"9":5,"10":2}},{"Modalità dinamica :":false,"Q : ":5,"STARTING PARTITION: ":{"1":3,"2":1,"3":5,"4":5,"5":6,"6":4,"7":2,"8":1,"9":5,"10":2},"LAST COALITION":[[],[{"utility":85,"ID":3},{"utility":65,"ID":6}],[{"utility":97,"ID":7},{"utility":22,"ID":10}],[{"utility":0,"ID":5}],[{"utility":0,"ID":8}],[{"utility":0,"ID":9}],[{"utility":0,"ID":4}],[{"utility":57,"ID":1},{"utility":37,"ID":2}],[],[],[]],"STARTING COALITION: ":[[null],[{"utility":67,"ID":2},{"utility":36,"ID":8}],[{"utility":97,"ID":7},{"utility":22,"ID":10}],[{"utility":0,"ID":1}],[{"utility":0,"ID":6}],[{"utility":48.5,"ID":3},{"utility":49.5,"ID":4},{"utility":50.5,"ID":9}],[{"utility":0,"ID":5}],[],[],[],[]],"CORE :":false,"Relazioni :":90,"Time : ":1,"LAST PARTITION":{"1":7,"2":7,"3":1,"4":6,"5":3,"6":1,"7":2,"8":4,"9":5,"10":2}},{"Modalità dinamica :":false,"Q : ":5,"STARTING PARTITION: ":{"1":3,"2":1,"3":5,"4":5,"5":6,"6":4,"7":2,"8":1,"9":5,"10":2},"LAST COALITION":[[],[{"utility":85,"ID":3},{"utility":65,"ID":6}],[{"utility":97,"ID":7},{"utility":22,"ID":10}],[{"utility":0,"ID":5}],[{"utility":0,"ID":8}],[{"utility":0,"ID":9}],[{"utility":17,"ID":2},{"utility":47,"ID":4}],[],[{"utility":0,"ID":1}],[],[]],"STARTING COALITION: ":[[null],[{"utility":67,"ID":2},{"utility":36,"ID":8}],[{"utility":97,"ID":7},{"utility":22,"ID":10}],[{"utility":0,"ID":1}],[{"utility":0,"ID":6}],[{"utility":48.5,"ID":3},{"utility":49.5,"ID":4},{"utility":50.5,"ID":9}],[{"utility":0,"ID":5}],[],[],[],[]],"CORE :":false,"Relazioni :":90,"Time : ":2,"LAST PARTITION":{"1":8,"2":6,"3":1,"4":6,"5":3,"6":1,"7":2,"8":4,"9":5,"10":2}},{"Modalità dinamica :":false,"Q : ":5,"STARTING PARTITION: ":{"1":3,"2":1,"3":5,"4":5,"5":6,"6":4,"7":2,"8":1,"9":5,"10":2},"LAST COALITION":[[],[{"utility":85,"ID":3},{"utility":65,"ID":6}],[{"utility":97,"ID":7},{"utility":22,"ID":10}],[{"utility":0,"ID":5}],[{"utility":0,"ID":8}],[{"utility":0,"ID":9}],[{"utility":17,"ID":2},{"utility":47,"ID":4}],[],[{"utility":0,"ID":1}],[],[]],"STARTING COALITION: ":[[null],[{"utility":67,"ID":2},{"utility":36,"ID":8}],[{"utility":97,"ID":7},{"utility":22,"ID":10}],[{"utility":0,"ID":1}],[{"utility":0,"ID":6}],[{"utility":48.5,"ID":3},{"utility":49.5,"ID":4},{"utility":50.5,"ID":9}],[{"utility":0,"ID":5}],[],[],[],[]],"CORE :":false,"Relazioni :":90,"Time : ":3,"LAST PARTITION":{"1":8,"2":6,"3":1,"4":6,"5":3,"6":1,"7":2,"8":4,"9":5,"10":2}},{"Modalità dinamica :":false,"Q : ":6,"STARTING PARTITION: ":{"1":3,"2":1,"3":5,"4":5,"5":6,"6":4,"7":2,"8":1,"9":5,"10":2},"LAST COALITION":[[],[{"utility":85,"ID":3},{"utility":65,"ID":6}],[{"utility":97,"ID":7},{"utility":22,"ID":10}],[{"utility":0,"ID":5}],[{"utility":0,"ID":8}],[{"utility":0,"ID":9}],[{"utility":17,"ID":2},{"utility":47,"ID":4}],[],[{"utility":0,"ID":1}],[],[]],"STARTING COALITION: ":[[null],[{"utility":67,"ID":2},{"utility":36,"ID":8}],[{"utility":97,"ID":7},{"utility":22,"ID":10}],[{"utility":0,"ID":1}],[{"utility":0,"ID":6}],[{"utility":48.5,"ID":3},{"utility":49.5,"ID":4},{"utility":50.5,"ID":9}],[{"utility":0,"ID":5}],[],[],[],[]],"CORE :":false,"Relazioni :":90,"Time : ":1,"LAST PARTITION":{"1":8,"2":6,"3":1,"4":6,"5":3,"6":1,"7":2,"8":4,"9":5,"10":2}},{"Modalità dinamica :":false,"Q : ":6,"STARTING PARTITION: ":{"1":3,"2":1,"3":5,"4":5,"5":6,"6":4,"7":2,"8":1,"9":5,"10":2},"LAST COALITION":[[],[{"utility":85,"ID":3},{"utility":65,"ID":6}],[{"utility":97,"ID":7},{"utility":22,"ID":10}],[{"utility":0,"ID":5}],[{"utility":0,"ID":8}],[{"utility":0,"ID":9}],[{"utility":17,"ID":2},{"utility":47,"ID":4}],[],[{"utility":0,"ID":1}],[],[]],"STARTING COALITION: ":[[null],[{"utility":67,"ID":2},{"utility":36,"ID":8}],[{"utility":97,"ID":7},{"utility":22,"ID":10}],[{"utility":0,"ID":1}],[{"utility":0,"ID":6}],[{"utility":48.5,"ID":3},{"utility":49.5,"ID":4},{"utility":50.5,"ID":9}],[{"utility":0,"ID":5}],[],[],[],[]],"CORE :":false,"Relazioni :":90,"Time : ":2,"LAST PARTITION":{"1":8,"2":6,"3":1,"4":6,"5":3,"6":1,"7":2,"8":4,"9":5,"10":2}},{"Modalità dinamica :":false,"Q : ":6,"STARTING PARTITION: ":{"1":3,"2":1,"3":5,"4":5,"5":6,"6":4,"7":2,"8":1,"9":5,"10":2},"LAST COALITION":[[],[{"utility":85,"ID":3},{"utility":65,"ID":6}],[{"utility":97,"ID":7},{"utility":22,"ID":10}],[{"utility":0,"ID":5}],[{"utility":0,"ID":8}],[{"utility":0,"ID":9}],[{"utility":0,"ID":4}],[{"utility":57,"ID":1},{"utility":37,"ID":2}],[],[],[]],"STARTING COALITION: ":[[null],[{"utility":67,"ID":2},{"utility":36,"ID":8}],[{"utility":97,"ID":7},{"utility":22,"ID":10}],[{"utility":0,"ID":1}],[{"utility":0,"ID":6}],[{"utility":48.5,"ID":3},{"utility":49.5,"ID":4},{"utility":50.5,"ID":9}],[{"utility":0,"ID":5}],[],[],[],[]],"CORE :":false,"Relazioni :":90,"Time : ":3,"LAST PARTITION":{"1":7,"2":7,"3":1,"4":6,"5":3,"6":1,"7":2,"8":4,"9":5,"10":2}},{"Modalità dinamica :":true,"Q : ":2,"STARTING PARTITION: ":{"1":3,"2":1,"3":5,"4":5,"5":6,"6":4,"7":2,"8":1,"9":5,"10":2},"LAST COALITION":[[],[{"utility":25,"ID":2},{"utility":9,"ID":9}],[{"utility":50,"ID":4},{"utility":90,"ID":7}],[],[{"utility":0,"ID":10}],[{"utility":0,"ID":6}],[],[{"utility":66,"ID":1},{"utility":76,"ID":8}],[],[{"utility":84,"ID":3},{"utility":50,"ID":5}],[]],"STARTING COALITION: ":[[null],[{"utility":67,"ID":2},{"utility":36,"ID":8}],[{"utility":97,"ID":7},{"utility":22,"ID":10}],[{"utility":0,"ID":1}],[{"utility":0,"ID":6}],[{"utility":48.5,"ID":3},{"utility":49.5,"ID":4},{"utility":50.5,"ID":9}],[{"utility":0,"ID":5}],[],[],[],[]],"CORE :":false,"Relazioni :":90,"Time : ":1,"LAST PARTITION":{"1":7,"2":1,"3":9,"4":2,"5":9,"6":5,"7":2,"8":7,"9":1,"10":4}},{"Modalità dinamica :":true,"Q : ":2,"STARTING PARTITION: ":{"1":3,"2":1,"3":5,"4":5,"5":6,"6":4,"7":2,"8":1,"9":5,"10":2},"LAST COALITION":[[],[{"utility":0,"ID":7}],[{"utility":87,"ID":1},{"utility":52,"ID":6}],[{"utility":84,"ID":8},{"utility":29,"ID":10}],[],[{"utility":0,"ID":4}],[{"utility":59,"ID":3},{"utility":18,"ID":9}],[],[{"utility":91,"ID":2},{"utility":12,"ID":5}],[],[]],"STARTING COALITION: ":[[null],[{"utility":67,"ID":2},{"utility":36,"ID":8}],[{"utility":97,"ID":7},{"utility":22,"ID":10}],[{"utility":0,"ID":1}],[{"utility":0,"ID":6}],[{"utility":48.5,"ID":3},{"utility":49.5,"ID":4},{"utility":50.5,"ID":9}],[{"utility":0,"ID":5}],[],[],[],[]],"CORE :":false,"Relazioni :":90,"Time : ":2,"LAST PARTITION":{"1":2,"2":8,"3":6,"4":5,"5":8,"6":2,"7":1,"8":3,"9":6,"10":3}},{"Modalità dinamica :":true,"Q : ":2,"STARTING PARTITION: ":{"1":3,"2":1,"3":5,"4":5,"5":6,"6":4,"7":2,"8":1,"9":5,"10":2},"LAST COALITION":[[],[{"utility":84,"ID":8},{"utility":29,"ID":10}],[{"utility":0,"ID":7}],[{"utility":38,"ID":3},{"utility":60,"ID":4}],[{"utility":53,"ID":2},{"utility":22,"ID":6}],[],[{"utility":0,"ID":1}],[{"utility":71,"ID":5},{"utility":54,"ID":9}],[],[],[]],"STARTING COALITION: ":[[null],[{"utility":67,"ID":2},{"utility":36,"ID":8}],[{"utility":97,"ID":7},{"utility":22,"ID":10}],[{"utility":0,"ID":1}],[{"utility":0,"ID":6}],[{"utility":48.5,"ID":3},{"utility":49.5,"ID":4},{"utility":50.5,"ID":9}],[{"utility":0,"ID":5}],[],[],[],[]],"CORE :":false,"Relazioni :":90,"Time : ":3,"LAST PARTITION":{"1":6,"2":4,"3":3,"4":3,"5":7,"6":4,"7":2,"8":1,"9":7,"10":1}},{"Modalità dinamica :":true,"Q : ":3,"STARTING PARTITION: ":{"1":3,"2":1,"3":5,"4":5,"5":6,"6":4,"7":2,"8":1,"9":5,"10":2},"LAST COALITION":[[],[{"utility":50,"ID":4},{"utility":90,"ID":7}],[],[{"utility":97,"ID":6},{"utility":67,"ID":8}],[{"utility":0,"ID":2}],[{"utility":65,"ID":3},{"utility":50.5,"ID":5},{"utility":35.5,"ID":10}],[{"utility":84,"ID":1},{"utility":73,"ID":9}],[],[],[],[]],"STARTING COALITION: ":[[null],[{"utility":67,"ID":2},{"utility":36,"ID":8}],[{"utility":97,"ID":7},{"utility":22,"ID":10}],[{"utility":0,"ID":1}],[{"utility":0,"ID":6}],[{"utility":48.5,"ID":3},{"utility":49.5,"ID":4},{"utility":50.5,"ID":9}],[{"utility":0,"ID":5}],[],[],[],[]],"CORE :":true,"Relazioni :":90,"Time : ":1,"LAST PARTITION":{"1":6,"2":4,"3":5,"4":1,"5":5,"6":3,"7":1,"8":3,"9":6,"10":5}},{"Modalità dinamica :":true,"Q : ":3,"STARTING PARTITION: ":{"1":3,"2":1,"3":5,"4":5,"5":6,"6":4,"7":2,"8":1,"9":5,"10":2},"LAST COALITION":[[],[],[],[{"utility":97,"ID":6},{"utility":67,"ID":8}],[{"utility":84,"ID":1},{"utility":73,"ID":9}],[{"utility":62,"ID":3},{"utility":55,"ID":4},{"utility":67,"ID":7}],[{"utility":51,"ID":5},{"utility":34,"ID":10}],[{"utility":0,"ID":2}],[],[],[]],"STARTING COALITION: ":[[null],[{"utility":67,"ID":2},{"utility":36,"ID":8}],[{"utility":97,"ID":7},{"utility":22,"ID":10}],[{"utility":0,"ID":1}],[{"utility":0,"ID":6}],[{"utility":48.5,"ID":3},{"utility":49.5,"ID":4},{"utility":50.5,"ID":9}],[{"utility":0,"ID":5}],[],[],[],[]],"CORE :":true,"Relazioni :":90,"Time : ":2,"LAST PARTITION":{"1":4,"2":7,"3":5,"4":5,"5":6,"6":3,"7":5,"8":3,"9":4,"10":6}},{"Modalità dinamica :":true,"Q : ":3,"STARTING PARTITION: ":{"1":3,"2":1,"3":5,"4":5,"5":6,"6":4,"7":2,"8":1,"9":5,"10":2},"LAST COALITION":[[],[{"utility":65,"ID":3},{"utility":50.5,"ID":5},{"utility":35.5,"ID":10}],[{"utility":50,"ID":4},{"utility":90,"ID":7}],[],[{"utility":97,"ID":6},{"utility":67,"ID":8}],[],[{"utility":0,"ID":2}],[{"utility":84,"ID":1},{"utility":73,"ID":9}],[],[],[]],"STARTING COALITION: ":[[null],[{"utility":67,"ID":2},{"utility":36,"ID":8}],[{"utility":97,"ID":7},{"utility":22,"ID":10}],[{"utility":0,"ID":1}],[{"utility":0,"ID":6}],[{"utility":48.5,"ID":3},{"utility":49.5,"ID":4},{"utility":50.5,"ID":9}],[{"utility":0,"ID":5}],[],[],[],[]],"CORE :":true,"Relazioni :":90,"Time : ":3,"LAST PARTITION":{"1":7,"2":6,"3":1,"4":2,"5":1,"6":4,"7":2,"8":4,"9":7,"10":1}},{"Modalità dinamica :":true,"Q : ":4,"STARTING PARTITION: ":{"1":3,"2":1,"3":5,"4":5,"5":6,"6":4,"7":2,"8":1,"9":5,"10":2},"LAST COALITION":[[],[],[{"utility":50,"ID":4},{"utility":90,"ID":7}],[{"utility":84,"ID":1},{"utility":73,"ID":9}],[{"utility":97,"ID":6},{"utility":67,"ID":8}],[],[{"utility":65,"ID":3},{"utility":50.5,"ID":5},{"utility":35.5,"ID":10}],[{"utility":0,"ID":2}],[],[],[]],"STARTING COALITION: ":[[null],[{"utility":67,"ID":2},{"utility":36,"ID":8}],[{"utility":97,"ID":7},{"utility":22,"ID":10}],[{"utility":0,"ID":1}],[{"utility":0,"ID":6}],[{"utility":48.5,"ID":3},{"utility":49.5,"ID":4},{"utility":50.5,"ID":9}],[{"utility":0,"ID":5}],[],[],[],[]],"CORE :":true,"Relazioni :":90,"Time : ":1,"LAST PARTITION":{"1":3,"2":7,"3":6,"4":2,"5":6,"6":4,"7":2,"8":4,"9":3,"10":6}},{"Modalità dinamica :":true,"Q : ":4,"STARTING PARTITION: ":{"1":3,"2":1,"3":5,"4":5,"5":6,"6":4,"7":2,"8":1,"9":5,"10":2},"LAST COALITION":[[],[{"utility":84,"ID":1},{"utility":73,"ID":9}],[{"utility":97,"ID":6},{"utility":67,"ID":8}],[{"utility":51,"ID":5},{"utility":34,"ID":10}],[],[],[{"utility":0,"ID":2}],[{"utility":62,"ID":3},{"utility":55,"ID":4},{"utility":67,"ID":7}],[],[],[]],"STARTING COALITION: ":[[null],[{"utility":67,"ID":2},{"utility":36,"ID":8}],[{"utility":97,"ID":7},{"utility":22,"ID":10}],[{"utility":0,"ID":1}],[{"utility":0,"ID":6}],[{"utility":48.5,"ID":3},{"utility":49.5,"ID":4},{"utility":50.5,"ID":9}],[{"utility":0,"ID":5}],[],[],[],[]],"CORE :":true,"Relazioni :":90,"Time : ":2,"LAST PARTITION":{"1":1,"2":6,"3":7,"4":7,"5":3,"6":2,"7":7,"8":2,"9":1,"10":3}},{"Modalità dinamica :":true,"Q : ":4,"STARTING PARTITION: ":{"1":3,"2":1,"3":5,"4":5,"5":6,"6":4,"7":2,"8":1,"9":5,"10":2},"LAST COALITION":[[],[{"utility":84,"ID":1},{"utility":73,"ID":9}],[{"utility":65,"ID":3},{"utility":50.5,"ID":5},{"utility":35.5,"ID":10}],[{"utility":50,"ID":4},{"utility":90,"ID":7}],[{"utility":97,"ID":6},{"utility":67,"ID":8}],[{"utility":0,"ID":2}],[],[],[],[],[]],"STARTING COALITION: ":[[null],[{"utility":67,"ID":2},{"utility":36,"ID":8}],[{"utility":97,"ID":7},{"utility":22,"ID":10}],[{"utility":0,"ID":1}],[{"utility":0,"ID":6}],[{"utility":48.5,"ID":3},{"utility":49.5,"ID":4},{"utility":50.5,"ID":9}],[{"utility":0,"ID":5}],[],[],[],[]],"CORE :":true,"Relazioni :":90,"Time : ":3,"LAST PARTITION":{"1":1,"2":5,"3":2,"4":3,"5":2,"6":4,"7":3,"8":4,"9":1,"10":2}},{"Modalità dinamica :":true,"Q : ":5,"STARTING PARTITION: ":{"1":3,"2":1,"3":5,"4":5,"5":6,"6":4,"7":2,"8":1,"9":5,"10":2},"LAST COALITION":[[],[{"utility":62,"ID":3},{"utility":55,"ID":4},{"utility":67,"ID":7}],[],[],[{"utility":0,"ID":2}],[{"utility":97,"ID":6},{"utility":67,"ID":8}],[{"utility":84,"ID":1},{"utility":73,"ID":9}],[{"utility":51,"ID":5},{"utility":34,"ID":10}],[],[],[]],"STARTING COALITION: ":[[null],[{"utility":67,"ID":2},{"utility":36,"ID":8}],[{"utility":97,"ID":7},{"utility":22,"ID":10}],[{"utility":0,"ID":1}],[{"utility":0,"ID":6}],[{"utility":48.5,"ID":3},{"utility":49.5,"ID":4},{"utility":50.5,"ID":9}],[{"utility":0,"ID":5}],[],[],[],[]],"CORE :":true,"Relazioni :":90,"Time : ":1,"LAST PARTITION":{"1":6,"2":4,"3":1,"4":1,"5":7,"6":5,"7":1,"8":5,"9":6,"10":7}},{"Modalità dinamica :":true,"Q : ":5,"STARTING PARTITION: ":{"1":3,"2":1,"3":5,"4":5,"5":6,"6":4,"7":2,"8":1,"9":5,"10":2},"LAST COALITION":[[],[],[{"utility":84,"ID":1},{"utility":73,"ID":9}],[],[{"utility":0,"ID":2}],[{"utility":97,"ID":6},{"utility":67,"ID":8}],[{"utility":51,"ID":5},{"utility":34,"ID":10}],[{"utility":62,"ID":3},{"utility":55,"ID":4},{"utility":67,"ID":7}],[],[],[]],"STARTING COALITION: ":[[null],[{"utility":67,"ID":2},{"utility":36,"ID":8}],[{"utility":97,"ID":7},{"utility":22,"ID":10}],[{"utility":0,"ID":1}],[{"utility":0,"ID":6}],[{"utility":48.5,"ID":3},{"utility":49.5,"ID":4},{"utility":50.5,"ID":9}],[{"utility":0,"ID":5}],[],[],[],[]],"CORE :":true,"Relazioni :":90,"Time : ":2,"LAST PARTITION":{"1":2,"2":4,"3":7,"4":7,"5":6,"6":5,"7":7,"8":5,"9":2,"10":6}},{"Modalità dinamica :":true,"Q : ":5,"STARTING PARTITION: ":{"1":3,"2":1,"3":5,"4":5,"5":6,"6":4,"7":2,"8":1,"9":5,"10":2},"LAST COALITION":[[],[{"utility":62,"ID":3},{"utility":55,"ID":4},{"utility":67,"ID":7}],[{"utility":51,"ID":5},{"utility":34,"ID":10}],[{"utility":0,"ID":2}],[],[{"utility":97,"ID":6},{"utility":67,"ID":8}],[{"utility":84,"ID":1},{"utility":73,"ID":9}],[],[],[],[]],"STARTING COALITION: ":[[null],[{"utility":67,"ID":2},{"utility":36,"ID":8}],[{"utility":97,"ID":7},{"utility":22,"ID":10}],[{"utility":0,"ID":1}],[{"utility":0,"ID":6}],[{"utility":48.5,"ID":3},{"utility":49.5,"ID":4},{"utility":50.5,"ID":9}],[{"utility":0,"ID":5}],[],[],[],[]],"CORE :":true,"Relazioni :":90,"Time : ":3,"LAST PARTITION":{"1":6,"2":3,"3":1,"4":1,"5":2,"6":5,"7":1,"8":5,"9":6,"10":2}},{"Modalità dinamica :":true,"Q : ":6,"STARTING PARTITION: ":{"1":3,"2":1,"3":5,"4":5,"5":6,"6":4,"7":2,"8":1,"9":5,"10":2},"LAST COALITION":[[],[{"utility":65,"ID":3},{"utility":50.5,"ID":5},{"utility":35.5,"ID":10}],[],[{"utility":84,"ID":1},{"utility":73,"ID":9}],[],[{"utility":50,"ID":4},{"utility":90,"ID":7}],[{"utility":97,"ID":6},{"utility":67,"ID":8}],[{"utility":0,"ID":2}],[],[],[]],"STARTING COALITION: ":[[null],[{"utility":67,"ID":2},{"utility":36,"ID":8}],[{"utility":97,"ID":7},{"utility":22,"ID":10}],[{"utility":0,"ID":1}],[{"utility":0,"ID":6}],[{"utility":48.5,"ID":3},{"utility":49.5,"ID":4},{"utility":50.5,"ID":9}],[{"utility":0,"ID":5}],[],[],[],[]],"CORE :":true,"Relazioni :":90,"Time : ":1,"LAST PARTITION":{"1":3,"2":7,"3":1,"4":5,"5":1,"6":6,"7":5,"8":6,"9":3,"10":1}},{"Modalità dinamica :":true,"Q : ":6,"STARTING PARTITION: ":{"1":3,"2":1,"3":5,"4":5,"5":6,"6":4,"7":2,"8":1,"9":5,"10":2},"LAST COALITION":[[],[{"utility":51,"ID":5},{"utility":34,"ID":10}],[{"utility":62,"ID":3},{"utility":55,"ID":4},{"utility":67,"ID":7}],[],[{"utility":0,"ID":2}],[{"utility":84,"ID":1},{"utility":73,"ID":9}],[],[],[{"utility":97,"ID":6},{"utility":67,"ID":8}],[],[]],"STARTING COALITION: ":[[null],[{"utility":67,"ID":2},{"utility":36,"ID":8}],[{"utility":97,"ID":7},{"utility":22,"ID":10}],[{"utility":0,"ID":1}],[{"utility":0,"ID":6}],[{"utility":48.5,"ID":3},{"utility":49.5,"ID":4},{"utility":50.5,"ID":9}],[{"utility":0,"ID":5}],[],[],[],[]],"CORE :":true,"Relazioni :":90,"Time : ":2,"LAST PARTITION":{"1":5,"2":4,"3":2,"4":2,"5":1,"6":8,"7":2,"8":8,"9":5,"10":1}},{"Modalità dinamica :":true,"Q : ":6,"STARTING PARTITION: ":{"1":3,"2":1,"3":5,"4":5,"5":6,"6":4,"7":2,"8":1,"9":5,"10":2},"LAST COALITION":[[],[{"utility":0,"ID":2}],[{"utility":65,"ID":3},{"utility":50.5,"ID":5},{"utility":35.5,"ID":10}],[{"utility":84,"ID":1},{"utility":73,"ID":9}],[],[],[{"utility":50,"ID":4},{"utility":90,"ID":7}],[{"utility":97,"ID":6},{"utility":67,"ID":8}],[],[],[]],"STARTING COALITION: ":[[null],[{"utility":67,"ID":2},{"utility":36,"ID":8}],[{"utility":97,"ID":7},{"utility":22,"ID":10}],[{"utility":0,"ID":1}],[{"utility":0,"ID":6}],[{"utility":48.5,"ID":3},{"utility":49.5,"ID":4},{"utility":50.5,"ID":9}],[{"utility":0,"ID":5}],[],[],[],[]],"CORE :":true,"Relazioni :":90,"Time : ":3,"LAST PARTITION":{"1":3,"2":1,"3":2,"4":6,"5":2,"6":7,"7":6,"8":7,"9":3,"10":2}},{"END OF FILE:" : true}]