[{"Modalità dinamica :":false,"Q : ":2,"STARTING PARTITION: ":{"1":2,"2":4,"3":3,"4":1,"5":3,"6":3},"LAST COALITION":[[],[{"utility":0,"ID":4}],[{"utility":0,"ID":1}],[{"utility":0,"ID":3},{"utility":13.5,"ID":5},{"utility":0,"ID":6}],[{"utility":0,"ID":2}],[],[]],"STARTING COALITION: ":[[null],[{"utility":0,"ID":4}],[{"utility":0,"ID":1}],[{"utility":0,"ID":3},{"utility":13.5,"ID":5},{"utility":0,"ID":6}],[{"utility":0,"ID":2}],[],[]],"CORE :":true,"Relazioni :":10,"Time : ":1,"LAST PARTITION":{"1":2,"2":4,"3":3,"4":1,"5":3,"6":3}},{"Modalità dinamica :":false,"Q : ":2,"STARTING PARTITION: ":{"1":2,"2":4,"3":3,"4":1,"5":3,"6":3},"LAST COALITION":[[],[{"utility":0,"ID":4}],[{"utility":0,"ID":1}],[{"utility":0,"ID":3},{"utility":13.5,"ID":5},{"utility":0,"ID":6}],[{"utility":0,"ID":2}],[],[]],"STARTING COALITION: ":[[null],[{"utility":0,"ID":4}],[{"utility":0,"ID":1}],[{"utility":0,"ID":3},{"utility":13.5,"ID":5},{"utility":0,"ID":6}],[{"utility":0,"ID":2}],[],[]],"CORE :":true,"Relazioni :":10,"Time : ":2,"LAST PARTITION":{"1":2,"2":4,"3":3,"4":1,"5":3,"6":3}},{"Modalità dinamica :":false,"Q : ":2,"STARTING PARTITION: ":{"1":2,"2":4,"3":3,"4":1,"5":3,"6":3},"LAST COALITION":[[],[{"utility":0,"ID":4}],[{"utility":0,"ID":1}],[{"utility":0,"ID":3},{"utility":13.5,"ID":5},{"utility":0,"ID":6}],[{"utility":0,"ID":2}],[],[]],"STARTING COALITION: ":[[null],[{"utility":0,"ID":4}],[{"utility":0,"ID":1}],[{"utility":0,"ID":3},{"utility":13.5,"ID":5},{"utility":0,"ID":6}],[{"utility":0,"ID":2}],[],[]],"CORE :":true,"Relazioni :":10,"Time : ":3,"LAST PARTITION":{"1":2,"2":4,"3":3,"4":1,"5":3,"6":3}},{"Modalità dinamica :":false,"Q : ":2,"STARTING PARTITION: ":{"1":2,"2":4,"3":3,"4":1,"5":3,"6":3},"LAST COALITION":[[],[{"utility":0,"ID":4}],[{"utility":0,"ID":1}],[{"utility":0,"ID":3},{"utility":13.5,"ID":5},{"utility":0,"ID":6}],[{"utility":0,"ID":2}],[],[]],"STARTING COALITION: ":[[null],[{"utility":0,"ID":4}],[{"utility":0,"ID":1}],[{"utility":0,"ID":3},{"utility":13.5,"ID":5},{"utility":0,"ID":6}],[{"utility":0,"ID":2}],[],[]],"CORE :":true,"Relazioni :":10,"Time : ":4,"LAST PARTITION":{"1":2,"2":4,"3":3,"4":1,"5":3,"6":3}},{"Modalità dinamica :":false,"Q : ":2,"STARTING PARTITION: ":{"1":2,"2":4,"3":3,"4":1,"5":3,"6":3},"LAST COALITION":[[],[{"utility":0,"ID":4}],[{"utility":0,"ID":1}],[{"utility":0,"ID":3},{"utility":13.5,"ID":5},{"utility":0,"ID":6}],[{"utility":0,"ID":2}],[],[]],"STARTING COALITION: ":[[null],[{"utility":0,"ID":4}],[{"utility":0,"ID":1}],[{"utility":0,"ID":3},{"utility":13.5,"ID":5},{"utility":0,"ID":6}],[{"utility":0,"ID":2}],[],[]],"CORE :":true,"Relazioni :":10,"Time : ":5,"LAST PARTITION":{"1":2,"2":4,"3":3,"4":1,"5":3,"6":3}},{"Modalità dinamica :":false,"Q : ":3,"STARTING PARTITION: ":{"1":2,"2":4,"3":3,"4":1,"5":3,"6":3},"LAST COALITION":[[],[{"utility":0,"ID":4}],[{"utility":0,"ID":1}],[{"utility":0,"ID":3},{"utility":13.5,"ID":5},{"utility":0,"ID":6}],[{"utility":0,"ID":2}],[],[]],"STARTING COALITION: ":[[null],[{"utility":0,"ID":4}],[{"utility":0,"ID":1}],[{"utility":0,"ID":3},{"utility":13.5,"ID":5},{"utility":0,"ID":6}],[{"utility":0,"ID":2}],[],[]],"CORE :":true,"Relazioni :":10,"Time : ":1,"LAST PARTITION":{"1":2,"2":4,"3":3,"4":1,"5":3,"6":3}},{"Modalità dinamica :":false,"Q : ":3,"STARTING PARTITION: ":{"1":2,"2":4,"3":3,"4":1,"5":3,"6":3},"LAST COALITION":[[],[{"utility":0,"ID":4}],[{"utility":0,"ID":1}],[{"utility":0,"ID":3},{"utility":13.5,"ID":5},{"utility":0,"ID":6}],[{"utility":0,"ID":2}],[],[]],"STARTING COALITION: ":[[null],[{"utility":0,"ID":4}],[{"utility":0,"ID":1}],[{"utility":0,"ID":3},{"utility":13.5,"ID":5},{"utility":0,"ID":6}],[{"utility":0,"ID":2}],[],[]],"CORE :":true,"Relazioni :":10,"Time : ":2,"LAST PARTITION":{"1":2,"2":4,"3":3,"4":1,"5":3,"6":3}},{"Modalità dinamica :":false,"Q : ":3,"STARTING PARTITION: ":{"1":2,"2":4,"3":3,"4":1,"5":3,"6":3},"LAST COALITION":[[],[{"utility":0,"ID":4}],[{"utility":0,"ID":1}],[{"utility":0,"ID":3},{"utility":13.5,"ID":5},{"utility":0,"ID":6}],[{"utility":0,"ID":2}],[],[]],"STARTING COALITION: ":[[null],[{"utility":0,"ID":4}],[{"utility":0,"ID":1}],[{"utility":0,"ID":3},{"utility":13.5,"ID":5},{"utility":0,"ID":6}],[{"utility":0,"ID":2}],[],[]],"CORE :":true,"Relazioni :":10,"Time : ":3,"LAST PARTITION":{"1":2,"2":4,"3":3,"4":1,"5":3,"6":3}},{"Modalità dinamica :":false,"Q : ":3,"STARTING PARTITION: ":{"1":2,"2":4,"3":3,"4":1,"5":3,"6":3},"LAST COALITION":[[],[{"utility":0,"ID":4}],[{"utility":0,"ID":1}],[{"utility":0,"ID":3},{"utility":13.5,"ID":5},{"utility":0,"ID":6}],[{"utility":0,"ID":2}],[],[]],"STARTING COALITION: ":[[null],[{"utility":0,"ID":4}],[{"utility":0,"ID":1}],[{"utility":0,"ID":3},{"utility":13.5,"ID":5},{"utility":0,"ID":6}],[{"utility":0,"ID":2}],[],[]],"CORE :":true,"Relazioni :":10,"Time : ":4,"LAST PARTITION":{"1":2,"2":4,"3":3,"4":1,"5":3,"6":3}},{"Modalità dinamica :":false,"Q : ":3,"STARTING PARTITION: ":{"1":2,"2":4,"3":3,"4":1,"5":3,"6":3},"LAST COALITION":[[],[{"utility":0,"ID":4}],[{"utility":0,"ID":1}],[{"utility":0,"ID":3},{"utility":13.5,"ID":5},{"utility":0,"ID":6}],[{"utility":0,"ID":2}],[],[]],"STARTING COALITION: ":[[null],[{"utility":0,"ID":4}],[{"utility":0,"ID":1}],[{"utility":0,"ID":3},{"utility":13.5,"ID":5},{"utility":0,"ID":6}],[{"utility":0,"ID":2}],[],[]],"CORE :":true,"Relazioni :":10,"Time : ":5,"LAST PARTITION":{"1":2,"2":4,"3":3,"4":1,"5":3,"6":3}},{"Modalità dinamica :":false,"Q : ":4,"STARTING PARTITION: ":{"1":2,"2":4,"3":3,"4":1,"5":3,"6":3},"LAST COALITION":[[],[{"utility":0,"ID":4}],[{"utility":0,"ID":1}],[{"utility":0,"ID":3},{"utility":13.5,"ID":5},{"utility":0,"ID":6}],[{"utility":0,"ID":2}],[],[]],"STARTING COALITION: ":[[null],[{"utility":0,"ID":4}],[{"utility":0,"ID":1}],[{"utility":0,"ID":3},{"utility":13.5,"ID":5},{"utility":0,"ID":6}],[{"utility":0,"ID":2}],[],[]],"CORE :":true,"Relazioni :":10,"Time : ":1,"LAST PARTITION":{"1":2,"2":4,"3":3,"4":1,"5":3,"6":3}},{"Modalità dinamica :":false,"Q : ":4,"STARTING PARTITION: ":{"1":2,"2":4,"3":3,"4":1,"5":3,"6":3},"LAST COALITION":[[],[{"utility":0,"ID":4}],[{"utility":0,"ID":1}],[{"utility":0,"ID":3},{"utility":13.5,"ID":5},{"utility":0,"ID":6}],[{"utility":0,"ID":2}],[],[]],"STARTING COALITION: ":[[null],[{"utility":0,"ID":4}],[{"utility":0,"ID":1}],[{"utility":0,"ID":3},{"utility":13.5,"ID":5},{"utility":0,"ID":6}],[{"utility":0,"ID":2}],[],[]],"CORE :":true,"Relazioni :":10,"Time : ":2,"LAST PARTITION":{"1":2,"2":4,"3":3,"4":1,"5":3,"6":3}},{"Modalità dinamica :":false,"Q : ":4,"STARTING PARTITION: ":{"1":2,"2":4,"3":3,"4":1,"5":3,"6":3},"LAST COALITION":[[],[{"utility":0,"ID":4}],[{"utility":0,"ID":1}],[{"utility":0,"ID":3},{"utility":13.5,"ID":5},{"utility":0,"ID":6}],[{"utility":0,"ID":2}],[],[]],"STARTING COALITION: ":[[null],[{"utility":0,"ID":4}],[{"utility":0,"ID":1}],[{"utility":0,"ID":3},{"utility":13.5,"ID":5},{"utility":0,"ID":6}],[{"utility":0,"ID":2}],[],[]],"CORE :":true,"Relazioni :":10,"Time : ":3,"LAST PARTITION":{"1":2,"2":4,"3":3,"4":1,"5":3,"6":3}},{"Modalità dinamica :":false,"Q : ":4,"STARTING PARTITION: ":{"1":2,"2":4,"3":3,"4":1,"5":3,"6":3},"LAST COALITION":[[],[{"utility":0,"ID":4}],[{"utility":0,"ID":1}],[{"utility":0,"ID":3},{"utility":13.5,"ID":5},{"utility":0,"ID":6}],[{"utility":0,"ID":2}],[],[]],"STARTING COALITION: ":[[null],[{"utility":0,"ID":4}],[{"utility":0,"ID":1}],[{"utility":0,"ID":3},{"utility":13.5,"ID":5},{"utility":0,"ID":6}],[{"utility":0,"ID":2}],[],[]],"CORE :":true,"Relazioni :":10,"Time : ":4,"LAST PARTITION":{"1":2,"2":4,"3":3,"4":1,"5":3,"6":3}},{"Modalità dinamica :":false,"Q : ":4,"STARTING PARTITION: ":{"1":2,"2":4,"3":3,"4":1,"5":3,"6":3},"LAST COALITION":[[],[{"utility":0,"ID":4}],[{"utility":0,"ID":1}],[{"utility":0,"ID":3},{"utility":13.5,"ID":5},{"utility":0,"ID":6}],[{"utility":0,"ID":2}],[],[]],"STARTING COALITION: ":[[null],[{"utility":0,"ID":4}],[{"utility":0,"ID":1}],[{"utility":0,"ID":3},{"utility":13.5,"ID":5},{"utility":0,"ID":6}],[{"utility":0,"ID":2}],[],[]],"CORE :":true,"Relazioni :":10,"Time : ":5,"LAST PARTITION":{"1":2,"2":4,"3":3,"4":1,"5":3,"6":3}},{"Modalità dinamica :":false,"Q : ":5,"STARTING PARTITION: ":{"1":2,"2":4,"3":3,"4":1,"5":3,"6":3},"LAST COALITION":[[],[{"utility":0,"ID":4}],[{"utility":0,"ID":1}],[{"utility":0,"ID":3},{"utility":13.5,"ID":5},{"utility":0,"ID":6}],[{"utility":0,"ID":2}],[],[]],"STARTING COALITION: ":[[null],[{"utility":0,"ID":4}],[{"utility":0,"ID":1}],[{"utility":0,"ID":3},{"utility":13.5,"ID":5},{"utility":0,"ID":6}],[{"utility":0,"ID":2}],[],[]],"CORE :":true,"Relazioni :":10,"Time : ":1,"LAST PARTITION":{"1":2,"2":4,"3":3,"4":1,"5":3,"6":3}},{"Modalità dinamica :":false,"Q : ":5,"STARTING PARTITION: ":{"1":2,"2":4,"3":3,"4":1,"5":3,"6":3},"LAST COALITION":[[],[{"utility":0,"ID":4}],[{"utility":0,"ID":1}],[{"utility":0,"ID":3},{"utility":13.5,"ID":5},{"utility":0,"ID":6}],[{"utility":0,"ID":2}],[],[]],"STARTING COALITION: ":[[null],[{"utility":0,"ID":4}],[{"utility":0,"ID":1}],[{"utility":0,"ID":3},{"utility":13.5,"ID":5},{"utility":0,"ID":6}],[{"utility":0,"ID":2}],[],[]],"CORE :":true,"Relazioni :":10,"Time : ":2,"LAST PARTITION":{"1":2,"2":4,"3":3,"4":1,"5":3,"6":3}},{"Modalità dinamica :":false,"Q : ":5,"STARTING PARTITION: ":{"1":2,"2":4,"3":3,"4":1,"5":3,"6":3},"LAST COALITION":[[],[{"utility":0,"ID":4}],[{"utility":0,"ID":1}],[{"utility":0,"ID":3},{"utility":13.5,"ID":5},{"utility":0,"ID":6}],[{"utility":0,"ID":2}],[],[]],"STARTING COALITION: ":[[null],[{"utility":0,"ID":4}],[{"utility":0,"ID":1}],[{"utility":0,"ID":3},{"utility":13.5,"ID":5},{"utility":0,"ID":6}],[{"utility":0,"ID":2}],[],[]],"CORE :":true,"Relazioni :":10,"Time : ":3,"LAST PARTITION":{"1":2,"2":4,"3":3,"4":1,"5":3,"6":3}},{"Modalità dinamica :":false,"Q : ":5,"STARTING PARTITION: ":{"1":2,"2":4,"3":3,"4":1,"5":3,"6":3},"LAST COALITION":[[],[{"utility":0,"ID":4}],[{"utility":0,"ID":1}],[{"utility":0,"ID":3},{"utility":13.5,"ID":5},{"utility":0,"ID":6}],[{"utility":0,"ID":2}],[],[]],"STARTING COALITION: ":[[null],[{"utility":0,"ID":4}],[{"utility":0,"ID":1}],[{"utility":0,"ID":3},{"utility":13.5,"ID":5},{"utility":0,"ID":6}],[{"utility":0,"ID":2}],[],[]],"CORE :":true,"Relazioni :":10,"Time : ":4,"LAST PARTITION":{"1":2,"2":4,"3":3,"4":1,"5":3,"6":3}},{"Modalità dinamica :":false,"Q : ":5,"STARTING PARTITION: ":{"1":2,"2":4,"3":3,"4":1,"5":3,"6":3},"LAST COALITION":[[],[{"utility":0,"ID":4}],[{"utility":0,"ID":1}],[{"utility":0,"ID":3},{"utility":13.5,"ID":5},{"utility":0,"ID":6}],[{"utility":0,"ID":2}],[],[]],"STARTING COALITION: ":[[null],[{"utility":0,"ID":4}],[{"utility":0,"ID":1}],[{"utility":0,"ID":3},{"utility":13.5,"ID":5},{"utility":0,"ID":6}],[{"utility":0,"ID":2}],[],[]],"CORE :":true,"Relazioni :":10,"Time : ":5,"LAST PARTITION":{"1":2,"2":4,"3":3,"4":1,"5":3,"6":3}},{"Modalità dinamica :":true,"Q : ":2,"STARTING PARTITION: ":{"1":2,"2":4,"3":3,"4":1,"5":3,"6":3},"LAST COALITION":[[],[{"utility":0,"ID":4}],[{"utility":0,"ID":1}],[{"utility":0,"ID":3},{"utility":13.5,"ID":5},{"utility":0,"ID":6}],[{"utility":0,"ID":2}],[],[]],"STARTING COALITION: ":[[null],[{"utility":0,"ID":4}],[{"utility":0,"ID":1}],[{"utility":0,"ID":3},{"utility":13.5,"ID":5},{"utility":0,"ID":6}],[{"utility":0,"ID":2}],[],[]],"CORE :":true,"Relazioni :":10,"Time : ":1,"LAST PARTITION":{"1":2,"2":4,"3":3,"4":1,"5":3,"6":3}},{"Modalità dinamica :":true,"Q : ":2,"STARTING PARTITION: ":{"1":2,"2":4,"3":3,"4":1,"5":3,"6":3},"LAST COALITION":[[],[{"utility":0,"ID":4}],[{"utility":0,"ID":1}],[{"utility":0,"ID":3},{"utility":13.5,"ID":5},{"utility":0,"ID":6}],[{"utility":0,"ID":2}],[],[]],"STARTING COALITION: ":[[null],[{"utility":0,"ID":4}],[{"utility":0,"ID":1}],[{"utility":0,"ID":3},{"utility":13.5,"ID":5},{"utility":0,"ID":6}],[{"utility":0,"ID":2}],[],[]],"CORE :":true,"Relazioni :":10,"Time : ":2,"LAST PARTITION":{"1":2,"2":4,"3":3,"4":1,"5":3,"6":3}},{"Modalità dinamica :":true,"Q : ":2,"STARTING PARTITION: ":{"1":2,"2":4,"3":3,"4":1,"5":3,"6":3},"LAST COALITION":[[],[{"utility":0,"ID":4}],[{"utility":0,"ID":1}],[{"utility":0,"ID":3},{"utility":13.5,"ID":5},{"utility":0,"ID":6}],[{"utility":0,"ID":2}],[],[]],"STARTING COALITION: ":[[null],[{"utility":0,"ID":4}],[{"utility":0,"ID":1}],[{"utility":0,"ID":3},{"utility":13.5,"ID":5},{"utility":0,"ID":6}],[{"utility":0,"ID":2}],[],[]],"CORE :":true,"Relazioni :":10,"Time : ":3,"LAST PARTITION":{"1":2,"2":4,"3":3,"4":1,"5":3,"6":3}},{"Modalità dinamica :":true,"Q : ":2,"STARTING PARTITION: ":{"1":2,"2":4,"3":3,"4":1,"5":3,"6":3},"LAST COALITION":[[],[{"utility":0,"ID":4}],[{"utility":0,"ID":1}],[{"utility":0,"ID":3},{"utility":13.5,"ID":5},{"utility":0,"ID":6}],[{"utility":0,"ID":2}],[],[]],"STARTING COALITION: ":[[null],[{"utility":0,"ID":4}],[{"utility":0,"ID":1}],[{"utility":0,"ID":3},{"utility":13.5,"ID":5},{"utility":0,"ID":6}],[{"utility":0,"ID":2}],[],[]],"CORE :":true,"Relazioni :":10,"Time : ":4,"LAST PARTITION":{"1":2,"2":4,"3":3,"4":1,"5":3,"6":3}},{"Modalità dinamica :":true,"Q : ":2,"STARTING PARTITION: ":{"1":2,"2":4,"3":3,"4":1,"5":3,"6":3},"LAST COALITION":[[],[{"utility":0,"ID":4}],[{"utility":0,"ID":1}],[{"utility":0,"ID":3},{"utility":13.5,"ID":5},{"utility":0,"ID":6}],[{"utility":0,"ID":2}],[],[]],"STARTING COALITION: ":[[null],[{"utility":0,"ID":4}],[{"utility":0,"ID":1}],[{"utility":0,"ID":3},{"utility":13.5,"ID":5},{"utility":0,"ID":6}],[{"utility":0,"ID":2}],[],[]],"CORE :":true,"Relazioni :":10,"Time : ":5,"LAST PARTITION":{"1":2,"2":4,"3":3,"4":1,"5":3,"6":3}},{"Modalità dinamica :":true,"Q : ":3,"STARTING PARTITION: ":{"1":2,"2":4,"3":3,"4":1,"5":3,"6":3},"LAST COALITION":[[],[{"utility":0,"ID":4}],[{"utility":0,"ID":1}],[{"utility":0,"ID":3},{"utility":13.5,"ID":5},{"utility":0,"ID":6}],[{"utility":0,"ID":2}],[],[]],"STARTING COALITION: ":[[null],[{"utility":0,"ID":4}],[{"utility":0,"ID":1}],[{"utility":0,"ID":3},{"utility":13.5,"ID":5},{"utility":0,"ID":6}],[{"utility":0,"ID":2}],[],[]],"CORE :":true,"Relazioni :":10,"Time : ":1,"LAST PARTITION":{"1":2,"2":4,"3":3,"4":1,"5":3,"6":3}},{"Modalità dinamica :":true,"Q : ":3,"STARTING PARTITION: ":{"1":2,"2":4,"3":3,"4":1,"5":3,"6":3},"LAST COALITION":[[],[{"utility":0,"ID":4}],[{"utility":0,"ID":1}],[{"utility":0,"ID":3},{"utility":13.5,"ID":5},{"utility":0,"ID":6}],[{"utility":0,"ID":2}],[],[]],"STARTING COALITION: ":[[null],[{"utility":0,"ID":4}],[{"utility":0,"ID":1}],[{"utility":0,"ID":3},{"utility":13.5,"ID":5},{"utility":0,"ID":6}],[{"utility":0,"ID":2}],[],[]],"CORE :":true,"Relazioni :":10,"Time : ":2,"LAST PARTITION":{"1":2,"2":4,"3":3,"4":1,"5":3,"6":3}},{"Modalità dinamica :":true,"Q : ":3,"STARTING PARTITION: ":{"1":2,"2":4,"3":3,"4":1,"5":3,"6":3},"LAST COALITION":[[],[{"utility":0,"ID":4}],[{"utility":0,"ID":1}],[{"utility":0,"ID":3},{"utility":13.5,"ID":5},{"utility":0,"ID":6}],[{"utility":0,"ID":2}],[],[]],"STARTING COALITION: ":[[null],[{"utility":0,"ID":4}],[{"utility":0,"ID":1}],[{"utility":0,"ID":3},{"utility":13.5,"ID":5},{"utility":0,"ID":6}],[{"utility":0,"ID":2}],[],[]],"CORE :":true,"Relazioni :":10,"Time : ":3,"LAST PARTITION":{"1":2,"2":4,"3":3,"4":1,"5":3,"6":3}},{"Modalità dinamica :":true,"Q : ":3,"STARTING PARTITION: ":{"1":2,"2":4,"3":3,"4":1,"5":3,"6":3},"LAST COALITION":[[],[{"utility":0,"ID":4}],[{"utility":0,"ID":1}],[{"utility":0,"ID":3},{"utility":13.5,"ID":5},{"utility":0,"ID":6}],[{"utility":0,"ID":2}],[],[]],"STARTING COALITION: ":[[null],[{"utility":0,"ID":4}],[{"utility":0,"ID":1}],[{"utility":0,"ID":3},{"utility":13.5,"ID":5},{"utility":0,"ID":6}],[{"utility":0,"ID":2}],[],[]],"CORE :":true,"Relazioni :":10,"Time : ":4,"LAST PARTITION":{"1":2,"2":4,"3":3,"4":1,"5":3,"6":3}},{"Modalità dinamica :":true,"Q : ":3,"STARTING PARTITION: ":{"1":2,"2":4,"3":3,"4":1,"5":3,"6":3},"LAST COALITION":[[],[{"utility":0,"ID":4}],[{"utility":0,"ID":1}],[{"utility":0,"ID":3},{"utility":13.5,"ID":5},{"utility":0,"ID":6}],[{"utility":0,"ID":2}],[],[]],"STARTING COALITION: ":[[null],[{"utility":0,"ID":4}],[{"utility":0,"ID":1}],[{"utility":0,"ID":3},{"utility":13.5,"ID":5},{"utility":0,"ID":6}],[{"utility":0,"ID":2}],[],[]],"CORE :":true,"Relazioni :":10,"Time : ":5,"LAST PARTITION":{"1":2,"2":4,"3":3,"4":1,"5":3,"6":3}},{"Modalità dinamica :":true,"Q : ":4,"STARTING PARTITION: ":{"1":2,"2":4,"3":3,"4":1,"5":3,"6":3},"LAST COALITION":[[],[{"utility":0,"ID":4}],[{"utility":0,"ID":1}],[{"utility":0,"ID":3},{"utility":13.5,"ID":5},{"utility":0,"ID":6}],[{"utility":0,"ID":2}],[],[]],"STARTING COALITION: ":[[null],[{"utility":0,"ID":4}],[{"utility":0,"ID":1}],[{"utility":0,"ID":3},{"utility":13.5,"ID":5},{"utility":0,"ID":6}],[{"utility":0,"ID":2}],[],[]],"CORE :":true,"Relazioni :":10,"Time : ":1,"LAST PARTITION":{"1":2,"2":4,"3":3,"4":1,"5":3,"6":3}},{"Modalità dinamica :":true,"Q : ":4,"STARTING PARTITION: ":{"1":2,"2":4,"3":3,"4":1,"5":3,"6":3},"LAST COALITION":[[],[{"utility":0,"ID":4}],[{"utility":0,"ID":1}],[{"utility":0,"ID":3},{"utility":13.5,"ID":5},{"utility":0,"ID":6}],[{"utility":0,"ID":2}],[],[]],"STARTING COALITION: ":[[null],[{"utility":0,"ID":4}],[{"utility":0,"ID":1}],[{"utility":0,"ID":3},{"utility":13.5,"ID":5},{"utility":0,"ID":6}],[{"utility":0,"ID":2}],[],[]],"CORE :":true,"Relazioni :":10,"Time : ":2,"LAST PARTITION":{"1":2,"2":4,"3":3,"4":1,"5":3,"6":3}},{"Modalità dinamica :":true,"Q : ":4,"STARTING PARTITION: ":{"1":2,"2":4,"3":3,"4":1,"5":3,"6":3},"LAST COALITION":[[],[{"utility":0,"ID":4}],[{"utility":0,"ID":1}],[{"utility":0,"ID":3},{"utility":13.5,"ID":5},{"utility":0,"ID":6}],[{"utility":0,"ID":2}],[],[]],"STARTING COALITION: ":[[null],[{"utility":0,"ID":4}],[{"utility":0,"ID":1}],[{"utility":0,"ID":3},{"utility":13.5,"ID":5},{"utility":0,"ID":6}],[{"utility":0,"ID":2}],[],[]],"CORE :":true,"Relazioni :":10,"Time : ":3,"LAST PARTITION":{"1":2,"2":4,"3":3,"4":1,"5":3,"6":3}},{"Modalità dinamica :":true,"Q : ":4,"STARTING PARTITION: ":{"1":2,"2":4,"3":3,"4":1,"5":3,"6":3},"LAST COALITION":[[],[{"utility":0,"ID":4}],[{"utility":0,"ID":1}],[{"utility":0,"ID":3},{"utility":13.5,"ID":5},{"utility":0,"ID":6}],[{"utility":0,"ID":2}],[],[]],"STARTING COALITION: ":[[null],[{"utility":0,"ID":4}],[{"utility":0,"ID":1}],[{"utility":0,"ID":3},{"utility":13.5,"ID":5},{"utility":0,"ID":6}],[{"utility":0,"ID":2}],[],[]],"CORE :":true,"Relazioni :":10,"Time : ":4,"LAST PARTITION":{"1":2,"2":4,"3":3,"4":1,"5":3,"6":3}},{"Modalità dinamica :":true,"Q : ":4,"STARTING PARTITION: ":{"1":2,"2":4,"3":3,"4":1,"5":3,"6":3},"LAST COALITION":[[],[{"utility":0,"ID":4}],[{"utility":0,"ID":1}],[{"utility":0,"ID":3},{"utility":13.5,"ID":5},{"utility":0,"ID":6}],[{"utility":0,"ID":2}],[],[]],"STARTING COALITION: ":[[null],[{"utility":0,"ID":4}],[{"utility":0,"ID":1}],[{"utility":0,"ID":3},{"utility":13.5,"ID":5},{"utility":0,"ID":6}],[{"utility":0,"ID":2}],[],[]],"CORE :":true,"Relazioni :":10,"Time : ":5,"LAST PARTITION":{"1":2,"2":4,"3":3,"4":1,"5":3,"6":3}},{"Modalità dinamica :":true,"Q : ":5,"STARTING PARTITION: ":{"1":2,"2":4,"3":3,"4":1,"5":3,"6":3},"LAST COALITION":[[],[{"utility":0,"ID":4}],[{"utility":0,"ID":1}],[{"utility":0,"ID":3},{"utility":13.5,"ID":5},{"utility":0,"ID":6}],[{"utility":0,"ID":2}],[],[]],"STARTING COALITION: ":[[null],[{"utility":0,"ID":4}],[{"utility":0,"ID":1}],[{"utility":0,"ID":3},{"utility":13.5,"ID":5},{"utility":0,"ID":6}],[{"utility":0,"ID":2}],[],[]],"CORE :":true,"Relazioni :":10,"Time : ":1,"LAST PARTITION":{"1":2,"2":4,"3":3,"4":1,"5":3,"6":3}},{"Modalità dinamica :":true,"Q : ":5,"STARTING PARTITION: ":{"1":2,"2":4,"3":3,"4":1,"5":3,"6":3},"LAST COALITION":[[],[{"utility":0,"ID":4}],[{"utility":0,"ID":1}],[{"utility":0,"ID":3},{"utility":13.5,"ID":5},{"utility":0,"ID":6}],[{"utility":0,"ID":2}],[],[]],"STARTING COALITION: ":[[null],[{"utility":0,"ID":4}],[{"utility":0,"ID":1}],[{"utility":0,"ID":3},{"utility":13.5,"ID":5},{"utility":0,"ID":6}],[{"utility":0,"ID":2}],[],[]],"CORE :":true,"Relazioni :":10,"Time : ":2,"LAST PARTITION":{"1":2,"2":4,"3":3,"4":1,"5":3,"6":3}},{"Modalità dinamica :":true,"Q : ":5,"STARTING PARTITION: ":{"1":2,"2":4,"3":3,"4":1,"5":3,"6":3},"LAST COALITION":[[],[{"utility":0,"ID":4}],[{"utility":0,"ID":1}],[{"utility":0,"ID":3},{"utility":13.5,"ID":5},{"utility":0,"ID":6}],[{"utility":0,"ID":2}],[],[]],"STARTING COALITION: ":[[null],[{"utility":0,"ID":4}],[{"utility":0,"ID":1}],[{"utility":0,"ID":3},{"utility":13.5,"ID":5},{"utility":0,"ID":6}],[{"utility":0,"ID":2}],[],[]],"CORE :":true,"Relazioni :":10,"Time : ":3,"LAST PARTITION":{"1":2,"2":4,"3":3,"4":1,"5":3,"6":3}},{"Modalità dinamica :":true,"Q : ":5,"STARTING PARTITION: ":{"1":2,"2":4,"3":3,"4":1,"5":3,"6":3},"LAST COALITION":[[],[{"utility":0,"ID":4}],[{"utility":0,"ID":1}],[{"utility":0,"ID":3},{"utility":13.5,"ID":5},{"utility":0,"ID":6}],[{"utility":0,"ID":2}],[],[]],"STARTING COALITION: ":[[null],[{"utility":0,"ID":4}],[{"utility":0,"ID":1}],[{"utility":0,"ID":3},{"utility":13.5,"ID":5},{"utility":0,"ID":6}],[{"utility":0,"ID":2}],[],[]],"CORE :":true,"Relazioni :":10,"Time : ":4,"LAST PARTITION":{"1":2,"2":4,"3":3,"4":1,"5":3,"6":3}},{"Modalità dinamica :":true,"Q : ":5,"STARTING PARTITION: ":{"1":2,"2":4,"3":3,"4":1,"5":3,"6":3},"LAST COALITION":[[],[{"utility":0,"ID":4}],[{"utility":0,"ID":1}],[{"utility":0,"ID":3},{"utility":13.5,"ID":5},{"utility":0,"ID":6}],[{"utility":0,"ID":2}],[],[]],"STARTING COALITION: ":[[null],[{"utility":0,"ID":4}],[{"utility":0,"ID":1}],[{"utility":0,"ID":3},{"utility":13.5,"ID":5},{"utility":0,"ID":6}],[{"utility":0,"ID":2}],[],[]],"CORE :":true,"Relazioni :":10,"Time : ":5,"LAST PARTITION":{"1":2,"2":4,"3":3,"4":1,"5":3,"6":3}},{"END OF FILE:" : true}]