[{"Modalità dinamica :":false,"Q : ":2,"STARTING PARTITION: ":{"1":3,"2":1,"3":1,"4":3,"5":1,"6":1},"LAST COALITION":[[],[{"utility":0,"ID":3},{"utility":99,"ID":5}],[{"utility":23,"ID":2},{"utility":62,"ID":6}],[{"utility":0,"ID":1},{"utility":0,"ID":4}],[],[],[]],"STARTING COALITION: ":[[null],[{"utility":22.333333333333332,"ID":2},{"utility":15.333333333333334,"ID":3},{"utility":33,"ID":5},{"utility":20.666666666666668,"ID":6}],[],[{"utility":0,"ID":1},{"utility":0,"ID":4}],[],[],[]],"CORE :":true,"Relazioni :":11,"Time : ":1,"LAST PARTITION":{"1":3,"2":2,"3":1,"4":3,"5":1,"6":2}},{"Modalità dinamica :":false,"Q : ":2,"STARTING PARTITION: ":{"1":3,"2":1,"3":1,"4":3,"5":1,"6":1},"LAST COALITION":[[],[{"utility":0,"ID":3},{"utility":99,"ID":5}],[{"utility":23,"ID":2},{"utility":62,"ID":6}],[{"utility":0,"ID":1},{"utility":0,"ID":4}],[],[],[]],"STARTING COALITION: ":[[null],[{"utility":22.333333333333332,"ID":2},{"utility":15.333333333333334,"ID":3},{"utility":33,"ID":5},{"utility":20.666666666666668,"ID":6}],[],[{"utility":0,"ID":1},{"utility":0,"ID":4}],[],[],[]],"CORE :":true,"Relazioni :":11,"Time : ":2,"LAST PARTITION":{"1":3,"2":2,"3":1,"4":3,"5":1,"6":2}},{"Modalità dinamica :":false,"Q : ":2,"STARTING PARTITION: ":{"1":3,"2":1,"3":1,"4":3,"5":1,"6":1},"LAST COALITION":[[],[{"utility":0,"ID":3},{"utility":99,"ID":5}],[{"utility":23,"ID":2},{"utility":62,"ID":6}],[{"utility":0,"ID":1},{"utility":0,"ID":4}],[],[],[]],"STARTING COALITION: ":[[null],[{"utility":22.333333333333332,"ID":2},{"utility":15.333333333333334,"ID":3},{"utility":33,"ID":5},{"utility":20.666666666666668,"ID":6}],[],[{"utility":0,"ID":1},{"utility":0,"ID":4}],[],[],[]],"CORE :":true,"Relazioni :":11,"Time : ":3,"LAST PARTITION":{"1":3,"2":2,"3":1,"4":3,"5":1,"6":2}},{"Modalità dinamica :":false,"Q : ":2,"STARTING PARTITION: ":{"1":3,"2":1,"3":1,"4":3,"5":1,"6":1},"LAST COALITION":[[],[{"utility":0,"ID":3},{"utility":99,"ID":5}],[{"utility":23,"ID":2},{"utility":62,"ID":6}],[{"utility":0,"ID":1},{"utility":0,"ID":4}],[],[],[]],"STARTING COALITION: ":[[null],[{"utility":22.333333333333332,"ID":2},{"utility":15.333333333333334,"ID":3},{"utility":33,"ID":5},{"utility":20.666666666666668,"ID":6}],[],[{"utility":0,"ID":1},{"utility":0,"ID":4}],[],[],[]],"CORE :":true,"Relazioni :":11,"Time : ":4,"LAST PARTITION":{"1":3,"2":2,"3":1,"4":3,"5":1,"6":2}},{"Modalità dinamica :":false,"Q : ":2,"STARTING PARTITION: ":{"1":3,"2":1,"3":1,"4":3,"5":1,"6":1},"LAST COALITION":[[],[{"utility":0,"ID":3},{"utility":99,"ID":5}],[{"utility":23,"ID":2},{"utility":62,"ID":6}],[{"utility":0,"ID":1},{"utility":0,"ID":4}],[],[],[]],"STARTING COALITION: ":[[null],[{"utility":22.333333333333332,"ID":2},{"utility":15.333333333333334,"ID":3},{"utility":33,"ID":5},{"utility":20.666666666666668,"ID":6}],[],[{"utility":0,"ID":1},{"utility":0,"ID":4}],[],[],[]],"CORE :":true,"Relazioni :":11,"Time : ":5,"LAST PARTITION":{"1":3,"2":2,"3":1,"4":3,"5":1,"6":2}},{"Modalità dinamica :":false,"Q : ":3,"STARTING PARTITION: ":{"1":3,"2":1,"3":1,"4":3,"5":1,"6":1},"LAST COALITION":[[],[{"utility":0,"ID":3},{"utility":99,"ID":5}],[{"utility":23,"ID":2},{"utility":62,"ID":6}],[{"utility":0,"ID":1},{"utility":0,"ID":4}],[],[],[]],"STARTING COALITION: ":[[null],[{"utility":22.333333333333332,"ID":2},{"utility":15.333333333333334,"ID":3},{"utility":33,"ID":5},{"utility":20.666666666666668,"ID":6}],[],[{"utility":0,"ID":1},{"utility":0,"ID":4}],[],[],[]],"CORE :":true,"Relazioni :":11,"Time : ":1,"LAST PARTITION":{"1":3,"2":2,"3":1,"4":3,"5":1,"6":2}},{"Modalità dinamica :":false,"Q : ":3,"STARTING PARTITION: ":{"1":3,"2":1,"3":1,"4":3,"5":1,"6":1},"LAST COALITION":[[],[{"utility":0,"ID":3},{"utility":99,"ID":5}],[{"utility":23,"ID":2},{"utility":62,"ID":6}],[{"utility":0,"ID":1},{"utility":0,"ID":4}],[],[],[]],"STARTING COALITION: ":[[null],[{"utility":22.333333333333332,"ID":2},{"utility":15.333333333333334,"ID":3},{"utility":33,"ID":5},{"utility":20.666666666666668,"ID":6}],[],[{"utility":0,"ID":1},{"utility":0,"ID":4}],[],[],[]],"CORE :":true,"Relazioni :":11,"Time : ":2,"LAST PARTITION":{"1":3,"2":2,"3":1,"4":3,"5":1,"6":2}},{"Modalità dinamica :":false,"Q : ":3,"STARTING PARTITION: ":{"1":3,"2":1,"3":1,"4":3,"5":1,"6":1},"LAST COALITION":[[],[{"utility":0,"ID":3},{"utility":99,"ID":5}],[{"utility":23,"ID":2},{"utility":62,"ID":6}],[{"utility":0,"ID":1},{"utility":0,"ID":4}],[],[],[]],"STARTING COALITION: ":[[null],[{"utility":22.333333333333332,"ID":2},{"utility":15.333333333333334,"ID":3},{"utility":33,"ID":5},{"utility":20.666666666666668,"ID":6}],[],[{"utility":0,"ID":1},{"utility":0,"ID":4}],[],[],[]],"CORE :":true,"Relazioni :":11,"Time : ":3,"LAST PARTITION":{"1":3,"2":2,"3":1,"4":3,"5":1,"6":2}},{"Modalità dinamica :":false,"Q : ":3,"STARTING PARTITION: ":{"1":3,"2":1,"3":1,"4":3,"5":1,"6":1},"LAST COALITION":[[],[{"utility":0,"ID":3},{"utility":99,"ID":5}],[{"utility":23,"ID":2},{"utility":62,"ID":6}],[{"utility":0,"ID":1},{"utility":0,"ID":4}],[],[],[]],"STARTING COALITION: ":[[null],[{"utility":22.333333333333332,"ID":2},{"utility":15.333333333333334,"ID":3},{"utility":33,"ID":5},{"utility":20.666666666666668,"ID":6}],[],[{"utility":0,"ID":1},{"utility":0,"ID":4}],[],[],[]],"CORE :":true,"Relazioni :":11,"Time : ":4,"LAST PARTITION":{"1":3,"2":2,"3":1,"4":3,"5":1,"6":2}},{"Modalità dinamica :":false,"Q : ":3,"STARTING PARTITION: ":{"1":3,"2":1,"3":1,"4":3,"5":1,"6":1},"LAST COALITION":[[],[{"utility":0,"ID":3},{"utility":99,"ID":5}],[{"utility":23,"ID":2},{"utility":62,"ID":6}],[{"utility":0,"ID":1},{"utility":0,"ID":4}],[],[],[]],"STARTING COALITION: ":[[null],[{"utility":22.333333333333332,"ID":2},{"utility":15.333333333333334,"ID":3},{"utility":33,"ID":5},{"utility":20.666666666666668,"ID":6}],[],[{"utility":0,"ID":1},{"utility":0,"ID":4}],[],[],[]],"CORE :":true,"Relazioni :":11,"Time : ":5,"LAST PARTITION":{"1":3,"2":2,"3":1,"4":3,"5":1,"6":2}},{"Modalità dinamica :":false,"Q : ":4,"STARTING PARTITION: ":{"1":3,"2":1,"3":1,"4":3,"5":1,"6":1},"LAST COALITION":[[],[{"utility":0,"ID":3},{"utility":99,"ID":5}],[{"utility":23,"ID":2},{"utility":62,"ID":6}],[{"utility":0,"ID":1},{"utility":0,"ID":4}],[],[],[]],"STARTING COALITION: ":[[null],[{"utility":22.333333333333332,"ID":2},{"utility":15.333333333333334,"ID":3},{"utility":33,"ID":5},{"utility":20.666666666666668,"ID":6}],[],[{"utility":0,"ID":1},{"utility":0,"ID":4}],[],[],[]],"CORE :":true,"Relazioni :":11,"Time : ":1,"LAST PARTITION":{"1":3,"2":2,"3":1,"4":3,"5":1,"6":2}},{"Modalità dinamica :":false,"Q : ":4,"STARTING PARTITION: ":{"1":3,"2":1,"3":1,"4":3,"5":1,"6":1},"LAST COALITION":[[],[{"utility":0,"ID":3},{"utility":99,"ID":5}],[{"utility":23,"ID":2},{"utility":62,"ID":6}],[{"utility":0,"ID":1},{"utility":0,"ID":4}],[],[],[]],"STARTING COALITION: ":[[null],[{"utility":22.333333333333332,"ID":2},{"utility":15.333333333333334,"ID":3},{"utility":33,"ID":5},{"utility":20.666666666666668,"ID":6}],[],[{"utility":0,"ID":1},{"utility":0,"ID":4}],[],[],[]],"CORE :":true,"Relazioni :":11,"Time : ":2,"LAST PARTITION":{"1":3,"2":2,"3":1,"4":3,"5":1,"6":2}},{"Modalità dinamica :":false,"Q : ":4,"STARTING PARTITION: ":{"1":3,"2":1,"3":1,"4":3,"5":1,"6":1},"LAST COALITION":[[],[{"utility":0,"ID":3},{"utility":99,"ID":5}],[{"utility":23,"ID":2},{"utility":62,"ID":6}],[{"utility":0,"ID":1},{"utility":0,"ID":4}],[],[],[]],"STARTING COALITION: ":[[null],[{"utility":22.333333333333332,"ID":2},{"utility":15.333333333333334,"ID":3},{"utility":33,"ID":5},{"utility":20.666666666666668,"ID":6}],[],[{"utility":0,"ID":1},{"utility":0,"ID":4}],[],[],[]],"CORE :":true,"Relazioni :":11,"Time : ":3,"LAST PARTITION":{"1":3,"2":2,"3":1,"4":3,"5":1,"6":2}},{"Modalità dinamica :":false,"Q : ":4,"STARTING PARTITION: ":{"1":3,"2":1,"3":1,"4":3,"5":1,"6":1},"LAST COALITION":[[],[{"utility":0,"ID":3},{"utility":99,"ID":5}],[{"utility":23,"ID":2},{"utility":62,"ID":6}],[{"utility":0,"ID":1},{"utility":0,"ID":4}],[],[],[]],"STARTING COALITION: ":[[null],[{"utility":22.333333333333332,"ID":2},{"utility":15.333333333333334,"ID":3},{"utility":33,"ID":5},{"utility":20.666666666666668,"ID":6}],[],[{"utility":0,"ID":1},{"utility":0,"ID":4}],[],[],[]],"CORE :":true,"Relazioni :":11,"Time : ":4,"LAST PARTITION":{"1":3,"2":2,"3":1,"4":3,"5":1,"6":2}},{"Modalità dinamica :":false,"Q : ":4,"STARTING PARTITION: ":{"1":3,"2":1,"3":1,"4":3,"5":1,"6":1},"LAST COALITION":[[],[{"utility":0,"ID":3},{"utility":99,"ID":5}],[{"utility":23,"ID":2},{"utility":62,"ID":6}],[{"utility":0,"ID":1},{"utility":0,"ID":4}],[],[],[]],"STARTING COALITION: ":[[null],[{"utility":22.333333333333332,"ID":2},{"utility":15.333333333333334,"ID":3},{"utility":33,"ID":5},{"utility":20.666666666666668,"ID":6}],[],[{"utility":0,"ID":1},{"utility":0,"ID":4}],[],[],[]],"CORE :":true,"Relazioni :":11,"Time : ":5,"LAST PARTITION":{"1":3,"2":2,"3":1,"4":3,"5":1,"6":2}},{"Modalità dinamica :":false,"Q : ":5,"STARTING PARTITION: ":{"1":3,"2":1,"3":1,"4":3,"5":1,"6":1},"LAST COALITION":[[],[{"utility":0,"ID":3},{"utility":99,"ID":5}],[{"utility":23,"ID":2},{"utility":62,"ID":6}],[{"utility":0,"ID":1},{"utility":0,"ID":4}],[],[],[]],"STARTING COALITION: ":[[null],[{"utility":22.333333333333332,"ID":2},{"utility":15.333333333333334,"ID":3},{"utility":33,"ID":5},{"utility":20.666666666666668,"ID":6}],[],[{"utility":0,"ID":1},{"utility":0,"ID":4}],[],[],[]],"CORE :":true,"Relazioni :":11,"Time : ":1,"LAST PARTITION":{"1":3,"2":2,"3":1,"4":3,"5":1,"6":2}},{"Modalità dinamica :":false,"Q : ":5,"STARTING PARTITION: ":{"1":3,"2":1,"3":1,"4":3,"5":1,"6":1},"LAST COALITION":[[],[{"utility":0,"ID":3},{"utility":99,"ID":5}],[{"utility":23,"ID":2},{"utility":62,"ID":6}],[{"utility":0,"ID":1},{"utility":0,"ID":4}],[],[],[]],"STARTING COALITION: ":[[null],[{"utility":22.333333333333332,"ID":2},{"utility":15.333333333333334,"ID":3},{"utility":33,"ID":5},{"utility":20.666666666666668,"ID":6}],[],[{"utility":0,"ID":1},{"utility":0,"ID":4}],[],[],[]],"CORE :":true,"Relazioni :":11,"Time : ":2,"LAST PARTITION":{"1":3,"2":2,"3":1,"4":3,"5":1,"6":2}},{"Modalità dinamica :":false,"Q : ":5,"STARTING PARTITION: ":{"1":3,"2":1,"3":1,"4":3,"5":1,"6":1},"LAST COALITION":[[],[{"utility":0,"ID":3},{"utility":99,"ID":5}],[{"utility":23,"ID":2},{"utility":62,"ID":6}],[{"utility":0,"ID":1},{"utility":0,"ID":4}],[],[],[]],"STARTING COALITION: ":[[null],[{"utility":22.333333333333332,"ID":2},{"utility":15.333333333333334,"ID":3},{"utility":33,"ID":5},{"utility":20.666666666666668,"ID":6}],[],[{"utility":0,"ID":1},{"utility":0,"ID":4}],[],[],[]],"CORE :":true,"Relazioni :":11,"Time : ":3,"LAST PARTITION":{"1":3,"2":2,"3":1,"4":3,"5":1,"6":2}},{"Modalità dinamica :":false,"Q : ":5,"STARTING PARTITION: ":{"1":3,"2":1,"3":1,"4":3,"5":1,"6":1},"LAST COALITION":[[],[{"utility":0,"ID":3},{"utility":99,"ID":5}],[{"utility":23,"ID":2},{"utility":62,"ID":6}],[{"utility":0,"ID":1},{"utility":0,"ID":4}],[],[],[]],"STARTING COALITION: ":[[null],[{"utility":22.333333333333332,"ID":2},{"utility":15.333333333333334,"ID":3},{"utility":33,"ID":5},{"utility":20.666666666666668,"ID":6}],[],[{"utility":0,"ID":1},{"utility":0,"ID":4}],[],[],[]],"CORE :":true,"Relazioni :":11,"Time : ":4,"LAST PARTITION":{"1":3,"2":2,"3":1,"4":3,"5":1,"6":2}},{"Modalità dinamica :":false,"Q : ":5,"STARTING PARTITION: ":{"1":3,"2":1,"3":1,"4":3,"5":1,"6":1},"LAST COALITION":[[],[{"utility":0,"ID":3},{"utility":99,"ID":5}],[{"utility":23,"ID":2},{"utility":62,"ID":6}],[{"utility":0,"ID":1},{"utility":0,"ID":4}],[],[],[]],"STARTING COALITION: ":[[null],[{"utility":22.333333333333332,"ID":2},{"utility":15.333333333333334,"ID":3},{"utility":33,"ID":5},{"utility":20.666666666666668,"ID":6}],[],[{"utility":0,"ID":1},{"utility":0,"ID":4}],[],[],[]],"CORE :":true,"Relazioni :":11,"Time : ":5,"LAST PARTITION":{"1":3,"2":2,"3":1,"4":3,"5":1,"6":2}},{"Modalità dinamica :":true,"Q : ":2,"STARTING PARTITION: ":{"1":3,"2":1,"3":1,"4":3,"5":1,"6":1},"LAST COALITION":[[],[{"utility":0,"ID":3},{"utility":99,"ID":5}],[{"utility":23,"ID":2},{"utility":62,"ID":6}],[{"utility":0,"ID":1},{"utility":0,"ID":4}],[],[],[]],"STARTING COALITION: ":[[null],[{"utility":22.333333333333332,"ID":2},{"utility":15.333333333333334,"ID":3},{"utility":33,"ID":5},{"utility":20.666666666666668,"ID":6}],[],[{"utility":0,"ID":1},{"utility":0,"ID":4}],[],[],[]],"CORE :":true,"Relazioni :":11,"Time : ":1,"LAST PARTITION":{"1":3,"2":2,"3":1,"4":3,"5":1,"6":2}},{"Modalità dinamica :":true,"Q : ":2,"STARTING PARTITION: ":{"1":3,"2":1,"3":1,"4":3,"5":1,"6":1},"LAST COALITION":[[],[{"utility":0,"ID":3},{"utility":99,"ID":5}],[{"utility":23,"ID":2},{"utility":62,"ID":6}],[{"utility":0,"ID":1},{"utility":0,"ID":4}],[],[],[]],"STARTING COALITION: ":[[null],[{"utility":22.333333333333332,"ID":2},{"utility":15.333333333333334,"ID":3},{"utility":33,"ID":5},{"utility":20.666666666666668,"ID":6}],[],[{"utility":0,"ID":1},{"utility":0,"ID":4}],[],[],[]],"CORE :":true,"Relazioni :":11,"Time : ":2,"LAST PARTITION":{"1":3,"2":2,"3":1,"4":3,"5":1,"6":2}},{"Modalità dinamica :":true,"Q : ":2,"STARTING PARTITION: ":{"1":3,"2":1,"3":1,"4":3,"5":1,"6":1},"LAST COALITION":[[],[{"utility":0,"ID":3},{"utility":99,"ID":5}],[{"utility":23,"ID":2},{"utility":62,"ID":6}],[{"utility":0,"ID":1},{"utility":0,"ID":4}],[],[],[]],"STARTING COALITION: ":[[null],[{"utility":22.333333333333332,"ID":2},{"utility":15.333333333333334,"ID":3},{"utility":33,"ID":5},{"utility":20.666666666666668,"ID":6}],[],[{"utility":0,"ID":1},{"utility":0,"ID":4}],[],[],[]],"CORE :":true,"Relazioni :":11,"Time : ":3,"LAST PARTITION":{"1":3,"2":2,"3":1,"4":3,"5":1,"6":2}},{"Modalità dinamica :":true,"Q : ":2,"STARTING PARTITION: ":{"1":3,"2":1,"3":1,"4":3,"5":1,"6":1},"LAST COALITION":[[],[{"utility":0,"ID":3},{"utility":99,"ID":5}],[{"utility":23,"ID":2},{"utility":62,"ID":6}],[{"utility":0,"ID":1},{"utility":0,"ID":4}],[],[],[]],"STARTING COALITION: ":[[null],[{"utility":22.333333333333332,"ID":2},{"utility":15.333333333333334,"ID":3},{"utility":33,"ID":5},{"utility":20.666666666666668,"ID":6}],[],[{"utility":0,"ID":1},{"utility":0,"ID":4}],[],[],[]],"CORE :":true,"Relazioni :":11,"Time : ":4,"LAST PARTITION":{"1":3,"2":2,"3":1,"4":3,"5":1,"6":2}},{"Modalità dinamica :":true,"Q : ":2,"STARTING PARTITION: ":{"1":3,"2":1,"3":1,"4":3,"5":1,"6":1},"LAST COALITION":[[],[{"utility":0,"ID":3},{"utility":99,"ID":5}],[{"utility":23,"ID":2},{"utility":62,"ID":6}],[{"utility":0,"ID":1},{"utility":0,"ID":4}],[],[],[]],"STARTING COALITION: ":[[null],[{"utility":22.333333333333332,"ID":2},{"utility":15.333333333333334,"ID":3},{"utility":33,"ID":5},{"utility":20.666666666666668,"ID":6}],[],[{"utility":0,"ID":1},{"utility":0,"ID":4}],[],[],[]],"CORE :":true,"Relazioni :":11,"Time : ":5,"LAST PARTITION":{"1":3,"2":2,"3":1,"4":3,"5":1,"6":2}},{"Modalità dinamica :":true,"Q : ":3,"STARTING PARTITION: ":{"1":3,"2":1,"3":1,"4":3,"5":1,"6":1},"LAST COALITION":[[],[{"utility":0,"ID":3},{"utility":99,"ID":5}],[{"utility":23,"ID":2},{"utility":62,"ID":6}],[{"utility":0,"ID":1},{"utility":0,"ID":4}],[],[],[]],"STARTING COALITION: ":[[null],[{"utility":22.333333333333332,"ID":2},{"utility":15.333333333333334,"ID":3},{"utility":33,"ID":5},{"utility":20.666666666666668,"ID":6}],[],[{"utility":0,"ID":1},{"utility":0,"ID":4}],[],[],[]],"CORE :":true,"Relazioni :":11,"Time : ":1,"LAST PARTITION":{"1":3,"2":2,"3":1,"4":3,"5":1,"6":2}},{"Modalità dinamica :":true,"Q : ":3,"STARTING PARTITION: ":{"1":3,"2":1,"3":1,"4":3,"5":1,"6":1},"LAST COALITION":[[],[{"utility":0,"ID":3},{"utility":99,"ID":5}],[{"utility":23,"ID":2},{"utility":62,"ID":6}],[{"utility":0,"ID":1},{"utility":0,"ID":4}],[],[],[]],"STARTING COALITION: ":[[null],[{"utility":22.333333333333332,"ID":2},{"utility":15.333333333333334,"ID":3},{"utility":33,"ID":5},{"utility":20.666666666666668,"ID":6}],[],[{"utility":0,"ID":1},{"utility":0,"ID":4}],[],[],[]],"CORE :":true,"Relazioni :":11,"Time : ":2,"LAST PARTITION":{"1":3,"2":2,"3":1,"4":3,"5":1,"6":2}},{"Modalità dinamica :":true,"Q : ":3,"STARTING PARTITION: ":{"1":3,"2":1,"3":1,"4":3,"5":1,"6":1},"LAST COALITION":[[],[{"utility":0,"ID":3},{"utility":99,"ID":5}],[{"utility":23,"ID":2},{"utility":62,"ID":6}],[{"utility":0,"ID":1},{"utility":0,"ID":4}],[],[],[]],"STARTING COALITION: ":[[null],[{"utility":22.333333333333332,"ID":2},{"utility":15.333333333333334,"ID":3},{"utility":33,"ID":5},{"utility":20.666666666666668,"ID":6}],[],[{"utility":0,"ID":1},{"utility":0,"ID":4}],[],[],[]],"CORE :":true,"Relazioni :":11,"Time : ":3,"LAST PARTITION":{"1":3,"2":2,"3":1,"4":3,"5":1,"6":2}},{"Modalità dinamica :":true,"Q : ":3,"STARTING PARTITION: ":{"1":3,"2":1,"3":1,"4":3,"5":1,"6":1},"LAST COALITION":[[],[{"utility":0,"ID":3},{"utility":99,"ID":5}],[{"utility":23,"ID":2},{"utility":62,"ID":6}],[{"utility":0,"ID":1},{"utility":0,"ID":4}],[],[],[]],"STARTING COALITION: ":[[null],[{"utility":22.333333333333332,"ID":2},{"utility":15.333333333333334,"ID":3},{"utility":33,"ID":5},{"utility":20.666666666666668,"ID":6}],[],[{"utility":0,"ID":1},{"utility":0,"ID":4}],[],[],[]],"CORE :":true,"Relazioni :":11,"Time : ":4,"LAST PARTITION":{"1":3,"2":2,"3":1,"4":3,"5":1,"6":2}},{"Modalità dinamica :":true,"Q : ":3,"STARTING PARTITION: ":{"1":3,"2":1,"3":1,"4":3,"5":1,"6":1},"LAST COALITION":[[],[{"utility":0,"ID":3},{"utility":99,"ID":5}],[{"utility":23,"ID":2},{"utility":62,"ID":6}],[{"utility":0,"ID":1},{"utility":0,"ID":4}],[],[],[]],"STARTING COALITION: ":[[null],[{"utility":22.333333333333332,"ID":2},{"utility":15.333333333333334,"ID":3},{"utility":33,"ID":5},{"utility":20.666666666666668,"ID":6}],[],[{"utility":0,"ID":1},{"utility":0,"ID":4}],[],[],[]],"CORE :":true,"Relazioni :":11,"Time : ":5,"LAST PARTITION":{"1":3,"2":2,"3":1,"4":3,"5":1,"6":2}},{"Modalità dinamica :":true,"Q : ":4,"STARTING PARTITION: ":{"1":3,"2":1,"3":1,"4":3,"5":1,"6":1},"LAST COALITION":[[],[{"utility":0,"ID":3},{"utility":99,"ID":5}],[{"utility":23,"ID":2},{"utility":62,"ID":6}],[{"utility":0,"ID":1},{"utility":0,"ID":4}],[],[],[]],"STARTING COALITION: ":[[null],[{"utility":22.333333333333332,"ID":2},{"utility":15.333333333333334,"ID":3},{"utility":33,"ID":5},{"utility":20.666666666666668,"ID":6}],[],[{"utility":0,"ID":1},{"utility":0,"ID":4}],[],[],[]],"CORE :":true,"Relazioni :":11,"Time : ":1,"LAST PARTITION":{"1":3,"2":2,"3":1,"4":3,"5":1,"6":2}},{"Modalità dinamica :":true,"Q : ":4,"STARTING PARTITION: ":{"1":3,"2":1,"3":1,"4":3,"5":1,"6":1},"LAST COALITION":[[],[{"utility":0,"ID":3},{"utility":99,"ID":5}],[{"utility":23,"ID":2},{"utility":62,"ID":6}],[{"utility":0,"ID":1},{"utility":0,"ID":4}],[],[],[]],"STARTING COALITION: ":[[null],[{"utility":22.333333333333332,"ID":2},{"utility":15.333333333333334,"ID":3},{"utility":33,"ID":5},{"utility":20.666666666666668,"ID":6}],[],[{"utility":0,"ID":1},{"utility":0,"ID":4}],[],[],[]],"CORE :":true,"Relazioni :":11,"Time : ":2,"LAST PARTITION":{"1":3,"2":2,"3":1,"4":3,"5":1,"6":2}},{"Modalità dinamica :":true,"Q : ":4,"STARTING PARTITION: ":{"1":3,"2":1,"3":1,"4":3,"5":1,"6":1},"LAST COALITION":[[],[{"utility":0,"ID":3},{"utility":99,"ID":5}],[{"utility":23,"ID":2},{"utility":62,"ID":6}],[{"utility":0,"ID":1},{"utility":0,"ID":4}],[],[],[]],"STARTING COALITION: ":[[null],[{"utility":22.333333333333332,"ID":2},{"utility":15.333333333333334,"ID":3},{"utility":33,"ID":5},{"utility":20.666666666666668,"ID":6}],[],[{"utility":0,"ID":1},{"utility":0,"ID":4}],[],[],[]],"CORE :":true,"Relazioni :":11,"Time : ":3,"LAST PARTITION":{"1":3,"2":2,"3":1,"4":3,"5":1,"6":2}},{"Modalità dinamica :":true,"Q : ":4,"STARTING PARTITION: ":{"1":3,"2":1,"3":1,"4":3,"5":1,"6":1},"LAST COALITION":[[],[{"utility":0,"ID":3},{"utility":99,"ID":5}],[{"utility":23,"ID":2},{"utility":62,"ID":6}],[{"utility":0,"ID":1},{"utility":0,"ID":4}],[],[],[]],"STARTING COALITION: ":[[null],[{"utility":22.333333333333332,"ID":2},{"utility":15.333333333333334,"ID":3},{"utility":33,"ID":5},{"utility":20.666666666666668,"ID":6}],[],[{"utility":0,"ID":1},{"utility":0,"ID":4}],[],[],[]],"CORE :":true,"Relazioni :":11,"Time : ":4,"LAST PARTITION":{"1":3,"2":2,"3":1,"4":3,"5":1,"6":2}},{"Modalità dinamica :":true,"Q : ":4,"STARTING PARTITION: ":{"1":3,"2":1,"3":1,"4":3,"5":1,"6":1},"LAST COALITION":[[],[{"utility":0,"ID":3},{"utility":99,"ID":5}],[{"utility":23,"ID":2},{"utility":62,"ID":6}],[{"utility":0,"ID":1},{"utility":0,"ID":4}],[],[],[]],"STARTING COALITION: ":[[null],[{"utility":22.333333333333332,"ID":2},{"utility":15.333333333333334,"ID":3},{"utility":33,"ID":5},{"utility":20.666666666666668,"ID":6}],[],[{"utility":0,"ID":1},{"utility":0,"ID":4}],[],[],[]],"CORE :":true,"Relazioni :":11,"Time : ":5,"LAST PARTITION":{"1":3,"2":2,"3":1,"4":3,"5":1,"6":2}},{"Modalità dinamica :":true,"Q : ":5,"STARTING PARTITION: ":{"1":3,"2":1,"3":1,"4":3,"5":1,"6":1},"LAST COALITION":[[],[{"utility":0,"ID":3},{"utility":99,"ID":5}],[{"utility":23,"ID":2},{"utility":62,"ID":6}],[{"utility":0,"ID":1},{"utility":0,"ID":4}],[],[],[]],"STARTING COALITION: ":[[null],[{"utility":22.333333333333332,"ID":2},{"utility":15.333333333333334,"ID":3},{"utility":33,"ID":5},{"utility":20.666666666666668,"ID":6}],[],[{"utility":0,"ID":1},{"utility":0,"ID":4}],[],[],[]],"CORE :":true,"Relazioni :":11,"Time : ":1,"LAST PARTITION":{"1":3,"2":2,"3":1,"4":3,"5":1,"6":2}},{"Modalità dinamica :":true,"Q : ":5,"STARTING PARTITION: ":{"1":3,"2":1,"3":1,"4":3,"5":1,"6":1},"LAST COALITION":[[],[{"utility":0,"ID":3},{"utility":99,"ID":5}],[{"utility":23,"ID":2},{"utility":62,"ID":6}],[{"utility":0,"ID":1},{"utility":0,"ID":4}],[],[],[]],"STARTING COALITION: ":[[null],[{"utility":22.333333333333332,"ID":2},{"utility":15.333333333333334,"ID":3},{"utility":33,"ID":5},{"utility":20.666666666666668,"ID":6}],[],[{"utility":0,"ID":1},{"utility":0,"ID":4}],[],[],[]],"CORE :":true,"Relazioni :":11,"Time : ":2,"LAST PARTITION":{"1":3,"2":2,"3":1,"4":3,"5":1,"6":2}},{"Modalità dinamica :":true,"Q : ":5,"STARTING PARTITION: ":{"1":3,"2":1,"3":1,"4":3,"5":1,"6":1},"LAST COALITION":[[],[{"utility":0,"ID":3},{"utility":99,"ID":5}],[{"utility":23,"ID":2},{"utility":62,"ID":6}],[{"utility":0,"ID":1},{"utility":0,"ID":4}],[],[],[]],"STARTING COALITION: ":[[null],[{"utility":22.333333333333332,"ID":2},{"utility":15.333333333333334,"ID":3},{"utility":33,"ID":5},{"utility":20.666666666666668,"ID":6}],[],[{"utility":0,"ID":1},{"utility":0,"ID":4}],[],[],[]],"CORE :":true,"Relazioni :":11,"Time : ":3,"LAST PARTITION":{"1":3,"2":2,"3":1,"4":3,"5":1,"6":2}},{"Modalità dinamica :":true,"Q : ":5,"STARTING PARTITION: ":{"1":3,"2":1,"3":1,"4":3,"5":1,"6":1},"LAST COALITION":[[],[{"utility":0,"ID":3},{"utility":99,"ID":5}],[{"utility":23,"ID":2},{"utility":62,"ID":6}],[{"utility":0,"ID":1},{"utility":0,"ID":4}],[],[],[]],"STARTING COALITION: ":[[null],[{"utility":22.333333333333332,"ID":2},{"utility":15.333333333333334,"ID":3},{"utility":33,"ID":5},{"utility":20.666666666666668,"ID":6}],[],[{"utility":0,"ID":1},{"utility":0,"ID":4}],[],[],[]],"CORE :":true,"Relazioni :":11,"Time : ":4,"LAST PARTITION":{"1":3,"2":2,"3":1,"4":3,"5":1,"6":2}},{"Modalità dinamica :":true,"Q : ":5,"STARTING PARTITION: ":{"1":3,"2":1,"3":1,"4":3,"5":1,"6":1},"LAST COALITION":[[],[{"utility":0,"ID":3},{"utility":99,"ID":5}],[{"utility":23,"ID":2},{"utility":62,"ID":6}],[{"utility":0,"ID":1},{"utility":0,"ID":4}],[],[],[]],"STARTING COALITION: ":[[null],[{"utility":22.333333333333332,"ID":2},{"utility":15.333333333333334,"ID":3},{"utility":33,"ID":5},{"utility":20.666666666666668,"ID":6}],[],[{"utility":0,"ID":1},{"utility":0,"ID":4}],[],[],[]],"CORE :":true,"Relazioni :":11,"Time : ":5,"LAST PARTITION":{"1":3,"2":2,"3":1,"4":3,"5":1,"6":2}},{"END OF FILE:" : true}]