[{"Modalità dinamica :":false,"Q : ":2,"STARTING PARTITION: ":{"1":4,"2":3,"3":1,"4":3,"5":4,"6":1},"LAST COALITION":[[],[{"utility":0,"ID":3},{"utility":0,"ID":6}],[{"utility":56,"ID":1},{"utility":92,"ID":4}],[{"utility":0,"ID":2}],[{"utility":0,"ID":5}],[],[]],"STARTING COALITION: ":[[null],[{"utility":0,"ID":3},{"utility":0,"ID":6}],[],[{"utility":34,"ID":2},{"utility":0,"ID":4}],[{"utility":0,"ID":1},{"utility":81,"ID":5}],[],[]],"CORE :":true,"Relazioni :":12,"Time : ":1,"LAST PARTITION":{"1":2,"2":3,"3":1,"4":2,"5":4,"6":1}},{"Modalità dinamica :":false,"Q : ":2,"STARTING PARTITION: ":{"1":4,"2":3,"3":1,"4":3,"5":4,"6":1},"LAST COALITION":[[],[{"utility":0,"ID":3},{"utility":0,"ID":6}],[{"utility":56,"ID":1},{"utility":92,"ID":4}],[{"utility":0,"ID":2}],[{"utility":0,"ID":5}],[],[]],"STARTING COALITION: ":[[null],[{"utility":0,"ID":3},{"utility":0,"ID":6}],[],[{"utility":34,"ID":2},{"utility":0,"ID":4}],[{"utility":0,"ID":1},{"utility":81,"ID":5}],[],[]],"CORE :":true,"Relazioni :":12,"Time : ":2,"LAST PARTITION":{"1":2,"2":3,"3":1,"4":2,"5":4,"6":1}},{"Modalità dinamica :":false,"Q : ":2,"STARTING PARTITION: ":{"1":4,"2":3,"3":1,"4":3,"5":4,"6":1},"LAST COALITION":[[],[{"utility":0,"ID":3},{"utility":0,"ID":6}],[{"utility":56,"ID":1},{"utility":92,"ID":4}],[{"utility":0,"ID":2}],[{"utility":0,"ID":5}],[],[]],"STARTING COALITION: ":[[null],[{"utility":0,"ID":3},{"utility":0,"ID":6}],[],[{"utility":34,"ID":2},{"utility":0,"ID":4}],[{"utility":0,"ID":1},{"utility":81,"ID":5}],[],[]],"CORE :":true,"Relazioni :":12,"Time : ":3,"LAST PARTITION":{"1":2,"2":3,"3":1,"4":2,"5":4,"6":1}},{"Modalità dinamica :":false,"Q : ":2,"STARTING PARTITION: ":{"1":4,"2":3,"3":1,"4":3,"5":4,"6":1},"LAST COALITION":[[],[{"utility":0,"ID":3},{"utility":0,"ID":6}],[{"utility":56,"ID":1},{"utility":92,"ID":4}],[{"utility":0,"ID":2}],[{"utility":0,"ID":5}],[],[]],"STARTING COALITION: ":[[null],[{"utility":0,"ID":3},{"utility":0,"ID":6}],[],[{"utility":34,"ID":2},{"utility":0,"ID":4}],[{"utility":0,"ID":1},{"utility":81,"ID":5}],[],[]],"CORE :":true,"Relazioni :":12,"Time : ":4,"LAST PARTITION":{"1":2,"2":3,"3":1,"4":2,"5":4,"6":1}},{"Modalità dinamica :":false,"Q : ":2,"STARTING PARTITION: ":{"1":4,"2":3,"3":1,"4":3,"5":4,"6":1},"LAST COALITION":[[],[{"utility":0,"ID":3},{"utility":0,"ID":6}],[{"utility":56,"ID":1},{"utility":92,"ID":4}],[{"utility":0,"ID":2}],[{"utility":0,"ID":5}],[],[]],"STARTING COALITION: ":[[null],[{"utility":0,"ID":3},{"utility":0,"ID":6}],[],[{"utility":34,"ID":2},{"utility":0,"ID":4}],[{"utility":0,"ID":1},{"utility":81,"ID":5}],[],[]],"CORE :":true,"Relazioni :":12,"Time : ":5,"LAST PARTITION":{"1":2,"2":3,"3":1,"4":2,"5":4,"6":1}},{"Modalità dinamica :":false,"Q : ":3,"STARTING PARTITION: ":{"1":4,"2":3,"3":1,"4":3,"5":4,"6":1},"LAST COALITION":[[],[{"utility":0,"ID":3},{"utility":0,"ID":6}],[{"utility":56,"ID":1},{"utility":92,"ID":4}],[{"utility":0,"ID":2}],[{"utility":0,"ID":5}],[],[]],"STARTING COALITION: ":[[null],[{"utility":0,"ID":3},{"utility":0,"ID":6}],[],[{"utility":34,"ID":2},{"utility":0,"ID":4}],[{"utility":0,"ID":1},{"utility":81,"ID":5}],[],[]],"CORE :":true,"Relazioni :":12,"Time : ":1,"LAST PARTITION":{"1":2,"2":3,"3":1,"4":2,"5":4,"6":1}},{"Modalità dinamica :":false,"Q : ":3,"STARTING PARTITION: ":{"1":4,"2":3,"3":1,"4":3,"5":4,"6":1},"LAST COALITION":[[],[{"utility":0,"ID":3},{"utility":0,"ID":6}],[{"utility":56,"ID":1},{"utility":92,"ID":4}],[{"utility":0,"ID":2}],[{"utility":0,"ID":5}],[],[]],"STARTING COALITION: ":[[null],[{"utility":0,"ID":3},{"utility":0,"ID":6}],[],[{"utility":34,"ID":2},{"utility":0,"ID":4}],[{"utility":0,"ID":1},{"utility":81,"ID":5}],[],[]],"CORE :":true,"Relazioni :":12,"Time : ":2,"LAST PARTITION":{"1":2,"2":3,"3":1,"4":2,"5":4,"6":1}},{"Modalità dinamica :":false,"Q : ":3,"STARTING PARTITION: ":{"1":4,"2":3,"3":1,"4":3,"5":4,"6":1},"LAST COALITION":[[],[{"utility":0,"ID":3},{"utility":0,"ID":6}],[{"utility":56,"ID":1},{"utility":92,"ID":4}],[{"utility":0,"ID":2}],[{"utility":0,"ID":5}],[],[]],"STARTING COALITION: ":[[null],[{"utility":0,"ID":3},{"utility":0,"ID":6}],[],[{"utility":34,"ID":2},{"utility":0,"ID":4}],[{"utility":0,"ID":1},{"utility":81,"ID":5}],[],[]],"CORE :":true,"Relazioni :":12,"Time : ":3,"LAST PARTITION":{"1":2,"2":3,"3":1,"4":2,"5":4,"6":1}},{"Modalità dinamica :":false,"Q : ":3,"STARTING PARTITION: ":{"1":4,"2":3,"3":1,"4":3,"5":4,"6":1},"LAST COALITION":[[],[{"utility":0,"ID":3},{"utility":0,"ID":6}],[{"utility":56,"ID":1},{"utility":92,"ID":4}],[{"utility":0,"ID":2}],[{"utility":0,"ID":5}],[],[]],"STARTING COALITION: ":[[null],[{"utility":0,"ID":3},{"utility":0,"ID":6}],[],[{"utility":34,"ID":2},{"utility":0,"ID":4}],[{"utility":0,"ID":1},{"utility":81,"ID":5}],[],[]],"CORE :":true,"Relazioni :":12,"Time : ":4,"LAST PARTITION":{"1":2,"2":3,"3":1,"4":2,"5":4,"6":1}},{"Modalità dinamica :":false,"Q : ":3,"STARTING PARTITION: ":{"1":4,"2":3,"3":1,"4":3,"5":4,"6":1},"LAST COALITION":[[],[{"utility":0,"ID":3},{"utility":0,"ID":6}],[{"utility":56,"ID":1},{"utility":92,"ID":4}],[{"utility":0,"ID":2}],[{"utility":0,"ID":5}],[],[]],"STARTING COALITION: ":[[null],[{"utility":0,"ID":3},{"utility":0,"ID":6}],[],[{"utility":34,"ID":2},{"utility":0,"ID":4}],[{"utility":0,"ID":1},{"utility":81,"ID":5}],[],[]],"CORE :":true,"Relazioni :":12,"Time : ":5,"LAST PARTITION":{"1":2,"2":3,"3":1,"4":2,"5":4,"6":1}},{"Modalità dinamica :":false,"Q : ":4,"STARTING PARTITION: ":{"1":4,"2":3,"3":1,"4":3,"5":4,"6":1},"LAST COALITION":[[],[{"utility":0,"ID":3},{"utility":0,"ID":6}],[{"utility":56,"ID":1},{"utility":92,"ID":4}],[{"utility":0,"ID":2}],[{"utility":0,"ID":5}],[],[]],"STARTING COALITION: ":[[null],[{"utility":0,"ID":3},{"utility":0,"ID":6}],[],[{"utility":34,"ID":2},{"utility":0,"ID":4}],[{"utility":0,"ID":1},{"utility":81,"ID":5}],[],[]],"CORE :":true,"Relazioni :":12,"Time : ":1,"LAST PARTITION":{"1":2,"2":3,"3":1,"4":2,"5":4,"6":1}},{"Modalità dinamica :":false,"Q : ":4,"STARTING PARTITION: ":{"1":4,"2":3,"3":1,"4":3,"5":4,"6":1},"LAST COALITION":[[],[{"utility":0,"ID":3},{"utility":0,"ID":6}],[{"utility":56,"ID":1},{"utility":92,"ID":4}],[{"utility":0,"ID":2}],[{"utility":0,"ID":5}],[],[]],"STARTING COALITION: ":[[null],[{"utility":0,"ID":3},{"utility":0,"ID":6}],[],[{"utility":34,"ID":2},{"utility":0,"ID":4}],[{"utility":0,"ID":1},{"utility":81,"ID":5}],[],[]],"CORE :":true,"Relazioni :":12,"Time : ":2,"LAST PARTITION":{"1":2,"2":3,"3":1,"4":2,"5":4,"6":1}},{"Modalità dinamica :":false,"Q : ":4,"STARTING PARTITION: ":{"1":4,"2":3,"3":1,"4":3,"5":4,"6":1},"LAST COALITION":[[],[{"utility":0,"ID":3},{"utility":0,"ID":6}],[{"utility":56,"ID":1},{"utility":92,"ID":4}],[{"utility":0,"ID":2}],[{"utility":0,"ID":5}],[],[]],"STARTING COALITION: ":[[null],[{"utility":0,"ID":3},{"utility":0,"ID":6}],[],[{"utility":34,"ID":2},{"utility":0,"ID":4}],[{"utility":0,"ID":1},{"utility":81,"ID":5}],[],[]],"CORE :":true,"Relazioni :":12,"Time : ":3,"LAST PARTITION":{"1":2,"2":3,"3":1,"4":2,"5":4,"6":1}},{"Modalità dinamica :":false,"Q : ":4,"STARTING PARTITION: ":{"1":4,"2":3,"3":1,"4":3,"5":4,"6":1},"LAST COALITION":[[],[{"utility":0,"ID":3},{"utility":0,"ID":6}],[{"utility":56,"ID":1},{"utility":92,"ID":4}],[{"utility":0,"ID":2}],[{"utility":0,"ID":5}],[],[]],"STARTING COALITION: ":[[null],[{"utility":0,"ID":3},{"utility":0,"ID":6}],[],[{"utility":34,"ID":2},{"utility":0,"ID":4}],[{"utility":0,"ID":1},{"utility":81,"ID":5}],[],[]],"CORE :":true,"Relazioni :":12,"Time : ":4,"LAST PARTITION":{"1":2,"2":3,"3":1,"4":2,"5":4,"6":1}},{"Modalità dinamica :":false,"Q : ":4,"STARTING PARTITION: ":{"1":4,"2":3,"3":1,"4":3,"5":4,"6":1},"LAST COALITION":[[],[{"utility":0,"ID":3},{"utility":0,"ID":6}],[{"utility":56,"ID":1},{"utility":92,"ID":4}],[{"utility":0,"ID":2}],[{"utility":0,"ID":5}],[],[]],"STARTING COALITION: ":[[null],[{"utility":0,"ID":3},{"utility":0,"ID":6}],[],[{"utility":34,"ID":2},{"utility":0,"ID":4}],[{"utility":0,"ID":1},{"utility":81,"ID":5}],[],[]],"CORE :":true,"Relazioni :":12,"Time : ":5,"LAST PARTITION":{"1":2,"2":3,"3":1,"4":2,"5":4,"6":1}},{"Modalità dinamica :":false,"Q : ":5,"STARTING PARTITION: ":{"1":4,"2":3,"3":1,"4":3,"5":4,"6":1},"LAST COALITION":[[],[{"utility":0,"ID":3},{"utility":0,"ID":6}],[{"utility":56,"ID":1},{"utility":92,"ID":4}],[{"utility":0,"ID":2}],[{"utility":0,"ID":5}],[],[]],"STARTING COALITION: ":[[null],[{"utility":0,"ID":3},{"utility":0,"ID":6}],[],[{"utility":34,"ID":2},{"utility":0,"ID":4}],[{"utility":0,"ID":1},{"utility":81,"ID":5}],[],[]],"CORE :":true,"Relazioni :":12,"Time : ":1,"LAST PARTITION":{"1":2,"2":3,"3":1,"4":2,"5":4,"6":1}},{"Modalità dinamica :":false,"Q : ":5,"STARTING PARTITION: ":{"1":4,"2":3,"3":1,"4":3,"5":4,"6":1},"LAST COALITION":[[],[{"utility":0,"ID":3},{"utility":0,"ID":6}],[{"utility":56,"ID":1},{"utility":92,"ID":4}],[{"utility":0,"ID":2}],[{"utility":0,"ID":5}],[],[]],"STARTING COALITION: ":[[null],[{"utility":0,"ID":3},{"utility":0,"ID":6}],[],[{"utility":34,"ID":2},{"utility":0,"ID":4}],[{"utility":0,"ID":1},{"utility":81,"ID":5}],[],[]],"CORE :":true,"Relazioni :":12,"Time : ":2,"LAST PARTITION":{"1":2,"2":3,"3":1,"4":2,"5":4,"6":1}},{"Modalità dinamica :":false,"Q : ":5,"STARTING PARTITION: ":{"1":4,"2":3,"3":1,"4":3,"5":4,"6":1},"LAST COALITION":[[],[{"utility":0,"ID":3},{"utility":0,"ID":6}],[{"utility":56,"ID":1},{"utility":92,"ID":4}],[{"utility":0,"ID":2}],[{"utility":0,"ID":5}],[],[]],"STARTING COALITION: ":[[null],[{"utility":0,"ID":3},{"utility":0,"ID":6}],[],[{"utility":34,"ID":2},{"utility":0,"ID":4}],[{"utility":0,"ID":1},{"utility":81,"ID":5}],[],[]],"CORE :":true,"Relazioni :":12,"Time : ":3,"LAST PARTITION":{"1":2,"2":3,"3":1,"4":2,"5":4,"6":1}},{"Modalità dinamica :":false,"Q : ":5,"STARTING PARTITION: ":{"1":4,"2":3,"3":1,"4":3,"5":4,"6":1},"LAST COALITION":[[],[{"utility":0,"ID":3},{"utility":0,"ID":6}],[{"utility":56,"ID":1},{"utility":92,"ID":4}],[{"utility":0,"ID":2}],[{"utility":0,"ID":5}],[],[]],"STARTING COALITION: ":[[null],[{"utility":0,"ID":3},{"utility":0,"ID":6}],[],[{"utility":34,"ID":2},{"utility":0,"ID":4}],[{"utility":0,"ID":1},{"utility":81,"ID":5}],[],[]],"CORE :":true,"Relazioni :":12,"Time : ":4,"LAST PARTITION":{"1":2,"2":3,"3":1,"4":2,"5":4,"6":1}},{"Modalità dinamica :":false,"Q : ":5,"STARTING PARTITION: ":{"1":4,"2":3,"3":1,"4":3,"5":4,"6":1},"LAST COALITION":[[],[{"utility":0,"ID":3},{"utility":0,"ID":6}],[{"utility":56,"ID":1},{"utility":92,"ID":4}],[{"utility":0,"ID":2}],[{"utility":0,"ID":5}],[],[]],"STARTING COALITION: ":[[null],[{"utility":0,"ID":3},{"utility":0,"ID":6}],[],[{"utility":34,"ID":2},{"utility":0,"ID":4}],[{"utility":0,"ID":1},{"utility":81,"ID":5}],[],[]],"CORE :":true,"Relazioni :":12,"Time : ":5,"LAST PARTITION":{"1":2,"2":3,"3":1,"4":2,"5":4,"6":1}},{"Modalità dinamica :":true,"Q : ":2,"STARTING PARTITION: ":{"1":4,"2":3,"3":1,"4":3,"5":4,"6":1},"LAST COALITION":[[],[{"utility":0,"ID":3},{"utility":0,"ID":6}],[{"utility":56,"ID":1},{"utility":92,"ID":4}],[{"utility":0,"ID":2}],[{"utility":0,"ID":5}],[],[]],"STARTING COALITION: ":[[null],[{"utility":0,"ID":3},{"utility":0,"ID":6}],[],[{"utility":34,"ID":2},{"utility":0,"ID":4}],[{"utility":0,"ID":1},{"utility":81,"ID":5}],[],[]],"CORE :":true,"Relazioni :":12,"Time : ":1,"LAST PARTITION":{"1":2,"2":3,"3":1,"4":2,"5":4,"6":1}},{"Modalità dinamica :":true,"Q : ":2,"STARTING PARTITION: ":{"1":4,"2":3,"3":1,"4":3,"5":4,"6":1},"LAST COALITION":[[],[{"utility":0,"ID":3},{"utility":0,"ID":6}],[{"utility":56,"ID":1},{"utility":92,"ID":4}],[{"utility":0,"ID":2}],[{"utility":0,"ID":5}],[],[]],"STARTING COALITION: ":[[null],[{"utility":0,"ID":3},{"utility":0,"ID":6}],[],[{"utility":34,"ID":2},{"utility":0,"ID":4}],[{"utility":0,"ID":1},{"utility":81,"ID":5}],[],[]],"CORE :":true,"Relazioni :":12,"Time : ":2,"LAST PARTITION":{"1":2,"2":3,"3":1,"4":2,"5":4,"6":1}},{"Modalità dinamica :":true,"Q : ":2,"STARTING PARTITION: ":{"1":4,"2":3,"3":1,"4":3,"5":4,"6":1},"LAST COALITION":[[],[{"utility":0,"ID":3},{"utility":0,"ID":6}],[{"utility":56,"ID":1},{"utility":92,"ID":4}],[{"utility":0,"ID":2}],[{"utility":0,"ID":5}],[],[]],"STARTING COALITION: ":[[null],[{"utility":0,"ID":3},{"utility":0,"ID":6}],[],[{"utility":34,"ID":2},{"utility":0,"ID":4}],[{"utility":0,"ID":1},{"utility":81,"ID":5}],[],[]],"CORE :":true,"Relazioni :":12,"Time : ":3,"LAST PARTITION":{"1":2,"2":3,"3":1,"4":2,"5":4,"6":1}},{"Modalità dinamica :":true,"Q : ":2,"STARTING PARTITION: ":{"1":4,"2":3,"3":1,"4":3,"5":4,"6":1},"LAST COALITION":[[],[{"utility":0,"ID":3},{"utility":0,"ID":6}],[{"utility":56,"ID":1},{"utility":92,"ID":4}],[{"utility":0,"ID":2}],[{"utility":0,"ID":5}],[],[]],"STARTING COALITION: ":[[null],[{"utility":0,"ID":3},{"utility":0,"ID":6}],[],[{"utility":34,"ID":2},{"utility":0,"ID":4}],[{"utility":0,"ID":1},{"utility":81,"ID":5}],[],[]],"CORE :":true,"Relazioni :":12,"Time : ":4,"LAST PARTITION":{"1":2,"2":3,"3":1,"4":2,"5":4,"6":1}},{"Modalità dinamica :":true,"Q : ":2,"STARTING PARTITION: ":{"1":4,"2":3,"3":1,"4":3,"5":4,"6":1},"LAST COALITION":[[],[{"utility":0,"ID":3},{"utility":0,"ID":6}],[{"utility":56,"ID":1},{"utility":92,"ID":4}],[{"utility":0,"ID":2}],[{"utility":0,"ID":5}],[],[]],"STARTING COALITION: ":[[null],[{"utility":0,"ID":3},{"utility":0,"ID":6}],[],[{"utility":34,"ID":2},{"utility":0,"ID":4}],[{"utility":0,"ID":1},{"utility":81,"ID":5}],[],[]],"CORE :":true,"Relazioni :":12,"Time : ":5,"LAST PARTITION":{"1":2,"2":3,"3":1,"4":2,"5":4,"6":1}},{"Modalità dinamica :":true,"Q : ":3,"STARTING PARTITION: ":{"1":4,"2":3,"3":1,"4":3,"5":4,"6":1},"LAST COALITION":[[],[{"utility":0,"ID":3}],[{"utility":0,"ID":6}],[{"utility":0,"ID":2}],[{"utility":0,"ID":5}],[{"utility":56,"ID":1},{"utility":92,"ID":4}],[]],"STARTING COALITION: ":[[null],[{"utility":0,"ID":3},{"utility":0,"ID":6}],[],[{"utility":34,"ID":2},{"utility":0,"ID":4}],[{"utility":0,"ID":1},{"utility":81,"ID":5}],[],[]],"CORE :":true,"Relazioni :":12,"Time : ":1,"LAST PARTITION":{"1":5,"2":3,"3":1,"4":5,"5":4,"6":2}},{"Modalità dinamica :":true,"Q : ":3,"STARTING PARTITION: ":{"1":4,"2":3,"3":1,"4":3,"5":4,"6":1},"LAST COALITION":[[],[{"utility":0,"ID":3}],[{"utility":0,"ID":6}],[{"utility":0,"ID":2}],[{"utility":0,"ID":5}],[{"utility":56,"ID":1},{"utility":92,"ID":4}],[]],"STARTING COALITION: ":[[null],[{"utility":0,"ID":3},{"utility":0,"ID":6}],[],[{"utility":34,"ID":2},{"utility":0,"ID":4}],[{"utility":0,"ID":1},{"utility":81,"ID":5}],[],[]],"CORE :":true,"Relazioni :":12,"Time : ":2,"LAST PARTITION":{"1":5,"2":3,"3":1,"4":5,"5":4,"6":2}},{"Modalità dinamica :":true,"Q : ":3,"STARTING PARTITION: ":{"1":4,"2":3,"3":1,"4":3,"5":4,"6":1},"LAST COALITION":[[],[{"utility":0,"ID":3}],[{"utility":0,"ID":6}],[{"utility":0,"ID":2}],[{"utility":0,"ID":5}],[{"utility":56,"ID":1},{"utility":92,"ID":4}],[]],"STARTING COALITION: ":[[null],[{"utility":0,"ID":3},{"utility":0,"ID":6}],[],[{"utility":34,"ID":2},{"utility":0,"ID":4}],[{"utility":0,"ID":1},{"utility":81,"ID":5}],[],[]],"CORE :":true,"Relazioni :":12,"Time : ":3,"LAST PARTITION":{"1":5,"2":3,"3":1,"4":5,"5":4,"6":2}},{"Modalità dinamica :":true,"Q : ":3,"STARTING PARTITION: ":{"1":4,"2":3,"3":1,"4":3,"5":4,"6":1},"LAST COALITION":[[],[{"utility":0,"ID":3}],[{"utility":0,"ID":6}],[{"utility":0,"ID":2}],[{"utility":0,"ID":5}],[{"utility":56,"ID":1},{"utility":92,"ID":4}],[]],"STARTING COALITION: ":[[null],[{"utility":0,"ID":3},{"utility":0,"ID":6}],[],[{"utility":34,"ID":2},{"utility":0,"ID":4}],[{"utility":0,"ID":1},{"utility":81,"ID":5}],[],[]],"CORE :":true,"Relazioni :":12,"Time : ":4,"LAST PARTITION":{"1":5,"2":3,"3":1,"4":5,"5":4,"6":2}},{"Modalità dinamica :":true,"Q : ":3,"STARTING PARTITION: ":{"1":4,"2":3,"3":1,"4":3,"5":4,"6":1},"LAST COALITION":[[],[{"utility":0,"ID":3},{"utility":0,"ID":6}],[{"utility":56,"ID":1},{"utility":92,"ID":4}],[{"utility":0,"ID":2}],[{"utility":0,"ID":5}],[],[]],"STARTING COALITION: ":[[null],[{"utility":0,"ID":3},{"utility":0,"ID":6}],[],[{"utility":34,"ID":2},{"utility":0,"ID":4}],[{"utility":0,"ID":1},{"utility":81,"ID":5}],[],[]],"CORE :":true,"Relazioni :":12,"Time : ":5,"LAST PARTITION":{"1":2,"2":3,"3":1,"4":2,"5":4,"6":1}},{"Modalità dinamica :":true,"Q : ":4,"STARTING PARTITION: ":{"1":4,"2":3,"3":1,"4":3,"5":4,"6":1},"LAST COALITION":[[],[{"utility":0,"ID":3}],[{"utility":0,"ID":6}],[{"utility":0,"ID":2}],[{"utility":0,"ID":5}],[{"utility":56,"ID":1},{"utility":92,"ID":4}],[]],"STARTING COALITION: ":[[null],[{"utility":0,"ID":3},{"utility":0,"ID":6}],[],[{"utility":34,"ID":2},{"utility":0,"ID":4}],[{"utility":0,"ID":1},{"utility":81,"ID":5}],[],[]],"CORE :":true,"Relazioni :":12,"Time : ":1,"LAST PARTITION":{"1":5,"2":3,"3":1,"4":5,"5":4,"6":2}},{"Modalità dinamica :":true,"Q : ":4,"STARTING PARTITION: ":{"1":4,"2":3,"3":1,"4":3,"5":4,"6":1},"LAST COALITION":[[],[{"utility":0,"ID":3}],[{"utility":0,"ID":6}],[{"utility":0,"ID":2}],[{"utility":0,"ID":5}],[{"utility":56,"ID":1},{"utility":92,"ID":4}],[]],"STARTING COALITION: ":[[null],[{"utility":0,"ID":3},{"utility":0,"ID":6}],[],[{"utility":34,"ID":2},{"utility":0,"ID":4}],[{"utility":0,"ID":1},{"utility":81,"ID":5}],[],[]],"CORE :":true,"Relazioni :":12,"Time : ":2,"LAST PARTITION":{"1":5,"2":3,"3":1,"4":5,"5":4,"6":2}},{"Modalità dinamica :":true,"Q : ":4,"STARTING PARTITION: ":{"1":4,"2":3,"3":1,"4":3,"5":4,"6":1},"LAST COALITION":[[],[{"utility":0,"ID":3},{"utility":0,"ID":6}],[{"utility":56,"ID":1},{"utility":92,"ID":4}],[{"utility":0,"ID":2}],[{"utility":0,"ID":5}],[],[]],"STARTING COALITION: ":[[null],[{"utility":0,"ID":3},{"utility":0,"ID":6}],[],[{"utility":34,"ID":2},{"utility":0,"ID":4}],[{"utility":0,"ID":1},{"utility":81,"ID":5}],[],[]],"CORE :":true,"Relazioni :":12,"Time : ":3,"LAST PARTITION":{"1":2,"2":3,"3":1,"4":2,"5":4,"6":1}},{"Modalità dinamica :":true,"Q : ":4,"STARTING PARTITION: ":{"1":4,"2":3,"3":1,"4":3,"5":4,"6":1},"LAST COALITION":[[],[{"utility":0,"ID":3}],[{"utility":0,"ID":6}],[{"utility":0,"ID":2}],[{"utility":0,"ID":5}],[{"utility":56,"ID":1},{"utility":92,"ID":4}],[]],"STARTING COALITION: ":[[null],[{"utility":0,"ID":3},{"utility":0,"ID":6}],[],[{"utility":34,"ID":2},{"utility":0,"ID":4}],[{"utility":0,"ID":1},{"utility":81,"ID":5}],[],[]],"CORE :":true,"Relazioni :":12,"Time : ":4,"LAST PARTITION":{"1":5,"2":3,"3":1,"4":5,"5":4,"6":2}},{"Modalità dinamica :":true,"Q : ":4,"STARTING PARTITION: ":{"1":4,"2":3,"3":1,"4":3,"5":4,"6":1},"LAST COALITION":[[],[{"utility":0,"ID":3},{"utility":0,"ID":6}],[{"utility":56,"ID":1},{"utility":92,"ID":4}],[{"utility":0,"ID":2}],[{"utility":0,"ID":5}],[],[]],"STARTING COALITION: ":[[null],[{"utility":0,"ID":3},{"utility":0,"ID":6}],[],[{"utility":34,"ID":2},{"utility":0,"ID":4}],[{"utility":0,"ID":1},{"utility":81,"ID":5}],[],[]],"CORE :":true,"Relazioni :":12,"Time : ":5,"LAST PARTITION":{"1":2,"2":3,"3":1,"4":2,"5":4,"6":1}},{"Modalità dinamica :":true,"Q : ":5,"STARTING PARTITION: ":{"1":4,"2":3,"3":1,"4":3,"5":4,"6":1},"LAST COALITION":[[],[{"utility":0,"ID":3}],[{"utility":0,"ID":6}],[{"utility":0,"ID":2}],[{"utility":0,"ID":5}],[{"utility":56,"ID":1},{"utility":92,"ID":4}],[]],"STARTING COALITION: ":[[null],[{"utility":0,"ID":3},{"utility":0,"ID":6}],[],[{"utility":34,"ID":2},{"utility":0,"ID":4}],[{"utility":0,"ID":1},{"utility":81,"ID":5}],[],[]],"CORE :":true,"Relazioni :":12,"Time : ":1,"LAST PARTITION":{"1":5,"2":3,"3":1,"4":5,"5":4,"6":2}},{"Modalità dinamica :":true,"Q : ":5,"STARTING PARTITION: ":{"1":4,"2":3,"3":1,"4":3,"5":4,"6":1},"LAST COALITION":[[],[{"utility":0,"ID":3}],[{"utility":0,"ID":6}],[{"utility":0,"ID":2}],[{"utility":0,"ID":5}],[{"utility":56,"ID":1},{"utility":92,"ID":4}],[]],"STARTING COALITION: ":[[null],[{"utility":0,"ID":3},{"utility":0,"ID":6}],[],[{"utility":34,"ID":2},{"utility":0,"ID":4}],[{"utility":0,"ID":1},{"utility":81,"ID":5}],[],[]],"CORE :":true,"Relazioni :":12,"Time : ":2,"LAST PARTITION":{"1":5,"2":3,"3":1,"4":5,"5":4,"6":2}},{"Modalità dinamica :":true,"Q : ":5,"STARTING PARTITION: ":{"1":4,"2":3,"3":1,"4":3,"5":4,"6":1},"LAST COALITION":[[],[{"utility":0,"ID":3}],[{"utility":0,"ID":6}],[{"utility":0,"ID":2}],[{"utility":0,"ID":5}],[{"utility":56,"ID":1},{"utility":92,"ID":4}],[]],"STARTING COALITION: ":[[null],[{"utility":0,"ID":3},{"utility":0,"ID":6}],[],[{"utility":34,"ID":2},{"utility":0,"ID":4}],[{"utility":0,"ID":1},{"utility":81,"ID":5}],[],[]],"CORE :":true,"Relazioni :":12,"Time : ":3,"LAST PARTITION":{"1":5,"2":3,"3":1,"4":5,"5":4,"6":2}},{"Modalità dinamica :":true,"Q : ":5,"STARTING PARTITION: ":{"1":4,"2":3,"3":1,"4":3,"5":4,"6":1},"LAST COALITION":[[],[{"utility":0,"ID":3},{"utility":0,"ID":6}],[{"utility":56,"ID":1},{"utility":92,"ID":4}],[{"utility":0,"ID":2}],[{"utility":0,"ID":5}],[],[]],"STARTING COALITION: ":[[null],[{"utility":0,"ID":3},{"utility":0,"ID":6}],[],[{"utility":34,"ID":2},{"utility":0,"ID":4}],[{"utility":0,"ID":1},{"utility":81,"ID":5}],[],[]],"CORE :":true,"Relazioni :":12,"Time : ":4,"LAST PARTITION":{"1":2,"2":3,"3":1,"4":2,"5":4,"6":1}},{"Modalità dinamica :":true,"Q : ":5,"STARTING PARTITION: ":{"1":4,"2":3,"3":1,"4":3,"5":4,"6":1},"LAST COALITION":[[],[{"utility":0,"ID":3},{"utility":0,"ID":6}],[{"utility":56,"ID":1},{"utility":92,"ID":4}],[{"utility":0,"ID":2}],[{"utility":0,"ID":5}],[],[]],"STARTING COALITION: ":[[null],[{"utility":0,"ID":3},{"utility":0,"ID":6}],[],[{"utility":34,"ID":2},{"utility":0,"ID":4}],[{"utility":0,"ID":1},{"utility":81,"ID":5}],[],[]],"CORE :":true,"Relazioni :":12,"Time : ":5,"LAST PARTITION":{"1":2,"2":3,"3":1,"4":2,"5":4,"6":1}},{"END OF FILE:" : true}]