[{"Modalità dinamica :":false,"Q : ":2,"STARTING PARTITION: ":{"1":2,"2":1,"3":4,"4":3,"5":3,"6":3},"LAST COALITION":[[],[{"utility":55,"ID":1},{"utility":43,"ID":5}],[{"utility":45,"ID":2},{"utility":48,"ID":3}],[{"utility":0,"ID":4},{"utility":96,"ID":6}],[],[],[]],"STARTING COALITION: ":[[null],[{"utility":0,"ID":2}],[{"utility":0,"ID":1}],[{"utility":27.5,"ID":4},{"utility":0,"ID":5},{"utility":48,"ID":6}],[{"utility":0,"ID":3}],[],[]],"CORE :":true,"Relazioni :":13,"Time : ":1,"LAST PARTITION":{"1":1,"2":2,"3":2,"4":3,"5":1,"6":3}},{"Modalità dinamica :":false,"Q : ":2,"STARTING PARTITION: ":{"1":2,"2":1,"3":4,"4":3,"5":3,"6":3},"LAST COALITION":[[],[{"utility":55,"ID":1},{"utility":43,"ID":5}],[{"utility":45,"ID":2},{"utility":48,"ID":3}],[{"utility":0,"ID":4},{"utility":96,"ID":6}],[],[],[]],"STARTING COALITION: ":[[null],[{"utility":0,"ID":2}],[{"utility":0,"ID":1}],[{"utility":27.5,"ID":4},{"utility":0,"ID":5},{"utility":48,"ID":6}],[{"utility":0,"ID":3}],[],[]],"CORE :":true,"Relazioni :":13,"Time : ":2,"LAST PARTITION":{"1":1,"2":2,"3":2,"4":3,"5":1,"6":3}},{"Modalità dinamica :":false,"Q : ":2,"STARTING PARTITION: ":{"1":2,"2":1,"3":4,"4":3,"5":3,"6":3},"LAST COALITION":[[],[{"utility":55,"ID":1},{"utility":43,"ID":5}],[{"utility":45,"ID":2},{"utility":48,"ID":3}],[{"utility":0,"ID":4},{"utility":96,"ID":6}],[],[],[]],"STARTING COALITION: ":[[null],[{"utility":0,"ID":2}],[{"utility":0,"ID":1}],[{"utility":27.5,"ID":4},{"utility":0,"ID":5},{"utility":48,"ID":6}],[{"utility":0,"ID":3}],[],[]],"CORE :":true,"Relazioni :":13,"Time : ":3,"LAST PARTITION":{"1":1,"2":2,"3":2,"4":3,"5":1,"6":3}},{"Modalità dinamica :":false,"Q : ":2,"STARTING PARTITION: ":{"1":2,"2":1,"3":4,"4":3,"5":3,"6":3},"LAST COALITION":[[],[{"utility":55,"ID":1},{"utility":43,"ID":5}],[{"utility":45,"ID":2},{"utility":48,"ID":3}],[{"utility":0,"ID":4},{"utility":96,"ID":6}],[],[],[]],"STARTING COALITION: ":[[null],[{"utility":0,"ID":2}],[{"utility":0,"ID":1}],[{"utility":27.5,"ID":4},{"utility":0,"ID":5},{"utility":48,"ID":6}],[{"utility":0,"ID":3}],[],[]],"CORE :":true,"Relazioni :":13,"Time : ":4,"LAST PARTITION":{"1":1,"2":2,"3":2,"4":3,"5":1,"6":3}},{"Modalità dinamica :":false,"Q : ":2,"STARTING PARTITION: ":{"1":2,"2":1,"3":4,"4":3,"5":3,"6":3},"LAST COALITION":[[],[{"utility":55,"ID":1},{"utility":43,"ID":5}],[{"utility":45,"ID":2},{"utility":48,"ID":3}],[{"utility":0,"ID":4},{"utility":96,"ID":6}],[],[],[]],"STARTING COALITION: ":[[null],[{"utility":0,"ID":2}],[{"utility":0,"ID":1}],[{"utility":27.5,"ID":4},{"utility":0,"ID":5},{"utility":48,"ID":6}],[{"utility":0,"ID":3}],[],[]],"CORE :":true,"Relazioni :":13,"Time : ":5,"LAST PARTITION":{"1":1,"2":2,"3":2,"4":3,"5":1,"6":3}},{"Modalità dinamica :":false,"Q : ":3,"STARTING PARTITION: ":{"1":2,"2":1,"3":4,"4":3,"5":3,"6":3},"LAST COALITION":[[],[{"utility":55,"ID":1},{"utility":43,"ID":5}],[{"utility":45,"ID":2},{"utility":48,"ID":3}],[{"utility":0,"ID":4},{"utility":96,"ID":6}],[],[],[]],"STARTING COALITION: ":[[null],[{"utility":0,"ID":2}],[{"utility":0,"ID":1}],[{"utility":27.5,"ID":4},{"utility":0,"ID":5},{"utility":48,"ID":6}],[{"utility":0,"ID":3}],[],[]],"CORE :":true,"Relazioni :":13,"Time : ":1,"LAST PARTITION":{"1":1,"2":2,"3":2,"4":3,"5":1,"6":3}},{"Modalità dinamica :":false,"Q : ":3,"STARTING PARTITION: ":{"1":2,"2":1,"3":4,"4":3,"5":3,"6":3},"LAST COALITION":[[],[{"utility":55,"ID":1},{"utility":43,"ID":5}],[{"utility":45,"ID":2},{"utility":48,"ID":3}],[{"utility":0,"ID":4},{"utility":96,"ID":6}],[],[],[]],"STARTING COALITION: ":[[null],[{"utility":0,"ID":2}],[{"utility":0,"ID":1}],[{"utility":27.5,"ID":4},{"utility":0,"ID":5},{"utility":48,"ID":6}],[{"utility":0,"ID":3}],[],[]],"CORE :":true,"Relazioni :":13,"Time : ":2,"LAST PARTITION":{"1":1,"2":2,"3":2,"4":3,"5":1,"6":3}},{"Modalità dinamica :":false,"Q : ":3,"STARTING PARTITION: ":{"1":2,"2":1,"3":4,"4":3,"5":3,"6":3},"LAST COALITION":[[],[{"utility":55,"ID":1},{"utility":43,"ID":5}],[{"utility":45,"ID":2},{"utility":48,"ID":3}],[{"utility":0,"ID":4},{"utility":96,"ID":6}],[],[],[]],"STARTING COALITION: ":[[null],[{"utility":0,"ID":2}],[{"utility":0,"ID":1}],[{"utility":27.5,"ID":4},{"utility":0,"ID":5},{"utility":48,"ID":6}],[{"utility":0,"ID":3}],[],[]],"CORE :":true,"Relazioni :":13,"Time : ":3,"LAST PARTITION":{"1":1,"2":2,"3":2,"4":3,"5":1,"6":3}},{"Modalità dinamica :":false,"Q : ":3,"STARTING PARTITION: ":{"1":2,"2":1,"3":4,"4":3,"5":3,"6":3},"LAST COALITION":[[],[{"utility":55,"ID":1},{"utility":43,"ID":5}],[{"utility":45,"ID":2},{"utility":48,"ID":3}],[{"utility":0,"ID":4},{"utility":96,"ID":6}],[],[],[]],"STARTING COALITION: ":[[null],[{"utility":0,"ID":2}],[{"utility":0,"ID":1}],[{"utility":27.5,"ID":4},{"utility":0,"ID":5},{"utility":48,"ID":6}],[{"utility":0,"ID":3}],[],[]],"CORE :":true,"Relazioni :":13,"Time : ":4,"LAST PARTITION":{"1":1,"2":2,"3":2,"4":3,"5":1,"6":3}},{"Modalità dinamica :":false,"Q : ":3,"STARTING PARTITION: ":{"1":2,"2":1,"3":4,"4":3,"5":3,"6":3},"LAST COALITION":[[],[{"utility":55,"ID":1},{"utility":43,"ID":5}],[{"utility":45,"ID":2},{"utility":48,"ID":3}],[{"utility":0,"ID":4},{"utility":96,"ID":6}],[],[],[]],"STARTING COALITION: ":[[null],[{"utility":0,"ID":2}],[{"utility":0,"ID":1}],[{"utility":27.5,"ID":4},{"utility":0,"ID":5},{"utility":48,"ID":6}],[{"utility":0,"ID":3}],[],[]],"CORE :":true,"Relazioni :":13,"Time : ":5,"LAST PARTITION":{"1":1,"2":2,"3":2,"4":3,"5":1,"6":3}},{"Modalità dinamica :":false,"Q : ":4,"STARTING PARTITION: ":{"1":2,"2":1,"3":4,"4":3,"5":3,"6":3},"LAST COALITION":[[],[{"utility":55,"ID":1},{"utility":43,"ID":5}],[{"utility":45,"ID":2},{"utility":48,"ID":3}],[{"utility":0,"ID":4},{"utility":96,"ID":6}],[],[],[]],"STARTING COALITION: ":[[null],[{"utility":0,"ID":2}],[{"utility":0,"ID":1}],[{"utility":27.5,"ID":4},{"utility":0,"ID":5},{"utility":48,"ID":6}],[{"utility":0,"ID":3}],[],[]],"CORE :":true,"Relazioni :":13,"Time : ":1,"LAST PARTITION":{"1":1,"2":2,"3":2,"4":3,"5":1,"6":3}},{"Modalità dinamica :":false,"Q : ":4,"STARTING PARTITION: ":{"1":2,"2":1,"3":4,"4":3,"5":3,"6":3},"LAST COALITION":[[],[{"utility":55,"ID":1},{"utility":43,"ID":5}],[{"utility":45,"ID":2},{"utility":48,"ID":3}],[{"utility":0,"ID":4},{"utility":96,"ID":6}],[],[],[]],"STARTING COALITION: ":[[null],[{"utility":0,"ID":2}],[{"utility":0,"ID":1}],[{"utility":27.5,"ID":4},{"utility":0,"ID":5},{"utility":48,"ID":6}],[{"utility":0,"ID":3}],[],[]],"CORE :":true,"Relazioni :":13,"Time : ":2,"LAST PARTITION":{"1":1,"2":2,"3":2,"4":3,"5":1,"6":3}},{"Modalità dinamica :":false,"Q : ":4,"STARTING PARTITION: ":{"1":2,"2":1,"3":4,"4":3,"5":3,"6":3},"LAST COALITION":[[],[{"utility":55,"ID":1},{"utility":43,"ID":5}],[{"utility":45,"ID":2},{"utility":48,"ID":3}],[{"utility":0,"ID":4},{"utility":96,"ID":6}],[],[],[]],"STARTING COALITION: ":[[null],[{"utility":0,"ID":2}],[{"utility":0,"ID":1}],[{"utility":27.5,"ID":4},{"utility":0,"ID":5},{"utility":48,"ID":6}],[{"utility":0,"ID":3}],[],[]],"CORE :":true,"Relazioni :":13,"Time : ":3,"LAST PARTITION":{"1":1,"2":2,"3":2,"4":3,"5":1,"6":3}},{"Modalità dinamica :":false,"Q : ":4,"STARTING PARTITION: ":{"1":2,"2":1,"3":4,"4":3,"5":3,"6":3},"LAST COALITION":[[],[{"utility":55,"ID":1},{"utility":43,"ID":5}],[{"utility":45,"ID":2},{"utility":48,"ID":3}],[{"utility":0,"ID":4},{"utility":96,"ID":6}],[],[],[]],"STARTING COALITION: ":[[null],[{"utility":0,"ID":2}],[{"utility":0,"ID":1}],[{"utility":27.5,"ID":4},{"utility":0,"ID":5},{"utility":48,"ID":6}],[{"utility":0,"ID":3}],[],[]],"CORE :":true,"Relazioni :":13,"Time : ":4,"LAST PARTITION":{"1":1,"2":2,"3":2,"4":3,"5":1,"6":3}},{"Modalità dinamica :":false,"Q : ":4,"STARTING PARTITION: ":{"1":2,"2":1,"3":4,"4":3,"5":3,"6":3},"LAST COALITION":[[],[{"utility":55,"ID":1},{"utility":43,"ID":5}],[{"utility":45,"ID":2},{"utility":48,"ID":3}],[{"utility":0,"ID":4},{"utility":96,"ID":6}],[],[],[]],"STARTING COALITION: ":[[null],[{"utility":0,"ID":2}],[{"utility":0,"ID":1}],[{"utility":27.5,"ID":4},{"utility":0,"ID":5},{"utility":48,"ID":6}],[{"utility":0,"ID":3}],[],[]],"CORE :":true,"Relazioni :":13,"Time : ":5,"LAST PARTITION":{"1":1,"2":2,"3":2,"4":3,"5":1,"6":3}},{"Modalità dinamica :":false,"Q : ":5,"STARTING PARTITION: ":{"1":2,"2":1,"3":4,"4":3,"5":3,"6":3},"LAST COALITION":[[],[{"utility":55,"ID":1},{"utility":43,"ID":5}],[{"utility":45,"ID":2},{"utility":48,"ID":3}],[{"utility":0,"ID":4},{"utility":96,"ID":6}],[],[],[]],"STARTING COALITION: ":[[null],[{"utility":0,"ID":2}],[{"utility":0,"ID":1}],[{"utility":27.5,"ID":4},{"utility":0,"ID":5},{"utility":48,"ID":6}],[{"utility":0,"ID":3}],[],[]],"CORE :":true,"Relazioni :":13,"Time : ":1,"LAST PARTITION":{"1":1,"2":2,"3":2,"4":3,"5":1,"6":3}},{"Modalità dinamica :":false,"Q : ":5,"STARTING PARTITION: ":{"1":2,"2":1,"3":4,"4":3,"5":3,"6":3},"LAST COALITION":[[],[{"utility":55,"ID":1},{"utility":43,"ID":5}],[{"utility":45,"ID":2},{"utility":48,"ID":3}],[{"utility":0,"ID":4},{"utility":96,"ID":6}],[],[],[]],"STARTING COALITION: ":[[null],[{"utility":0,"ID":2}],[{"utility":0,"ID":1}],[{"utility":27.5,"ID":4},{"utility":0,"ID":5},{"utility":48,"ID":6}],[{"utility":0,"ID":3}],[],[]],"CORE :":true,"Relazioni :":13,"Time : ":2,"LAST PARTITION":{"1":1,"2":2,"3":2,"4":3,"5":1,"6":3}},{"Modalità dinamica :":false,"Q : ":5,"STARTING PARTITION: ":{"1":2,"2":1,"3":4,"4":3,"5":3,"6":3},"LAST COALITION":[[],[{"utility":55,"ID":1},{"utility":43,"ID":5}],[{"utility":45,"ID":2},{"utility":48,"ID":3}],[{"utility":0,"ID":4},{"utility":96,"ID":6}],[],[],[]],"STARTING COALITION: ":[[null],[{"utility":0,"ID":2}],[{"utility":0,"ID":1}],[{"utility":27.5,"ID":4},{"utility":0,"ID":5},{"utility":48,"ID":6}],[{"utility":0,"ID":3}],[],[]],"CORE :":true,"Relazioni :":13,"Time : ":3,"LAST PARTITION":{"1":1,"2":2,"3":2,"4":3,"5":1,"6":3}},{"Modalità dinamica :":false,"Q : ":5,"STARTING PARTITION: ":{"1":2,"2":1,"3":4,"4":3,"5":3,"6":3},"LAST COALITION":[[],[{"utility":55,"ID":1},{"utility":43,"ID":5}],[{"utility":45,"ID":2},{"utility":48,"ID":3}],[{"utility":0,"ID":4},{"utility":96,"ID":6}],[],[],[]],"STARTING COALITION: ":[[null],[{"utility":0,"ID":2}],[{"utility":0,"ID":1}],[{"utility":27.5,"ID":4},{"utility":0,"ID":5},{"utility":48,"ID":6}],[{"utility":0,"ID":3}],[],[]],"CORE :":true,"Relazioni :":13,"Time : ":4,"LAST PARTITION":{"1":1,"2":2,"3":2,"4":3,"5":1,"6":3}},{"Modalità dinamica :":false,"Q : ":5,"STARTING PARTITION: ":{"1":2,"2":1,"3":4,"4":3,"5":3,"6":3},"LAST COALITION":[[],[{"utility":55,"ID":1},{"utility":43,"ID":5}],[{"utility":45,"ID":2},{"utility":48,"ID":3}],[{"utility":0,"ID":4},{"utility":96,"ID":6}],[],[],[]],"STARTING COALITION: ":[[null],[{"utility":0,"ID":2}],[{"utility":0,"ID":1}],[{"utility":27.5,"ID":4},{"utility":0,"ID":5},{"utility":48,"ID":6}],[{"utility":0,"ID":3}],[],[]],"CORE :":true,"Relazioni :":13,"Time : ":5,"LAST PARTITION":{"1":1,"2":2,"3":2,"4":3,"5":1,"6":3}},{"Modalità dinamica :":true,"Q : ":2,"STARTING PARTITION: ":{"1":2,"2":1,"3":4,"4":3,"5":3,"6":3},"LAST COALITION":[[],[],[{"utility":45,"ID":2},{"utility":48,"ID":3}],[{"utility":0,"ID":4},{"utility":96,"ID":6}],[],[{"utility":55,"ID":1},{"utility":43,"ID":5}],[]],"STARTING COALITION: ":[[null],[{"utility":0,"ID":2}],[{"utility":0,"ID":1}],[{"utility":27.5,"ID":4},{"utility":0,"ID":5},{"utility":48,"ID":6}],[{"utility":0,"ID":3}],[],[]],"CORE :":true,"Relazioni :":13,"Time : ":1,"LAST PARTITION":{"1":5,"2":2,"3":2,"4":3,"5":5,"6":3}},{"Modalità dinamica :":true,"Q : ":2,"STARTING PARTITION: ":{"1":2,"2":1,"3":4,"4":3,"5":3,"6":3},"LAST COALITION":[[],[{"utility":55,"ID":1},{"utility":43,"ID":5}],[],[{"utility":0,"ID":4},{"utility":96,"ID":6}],[],[{"utility":45,"ID":2},{"utility":48,"ID":3}],[]],"STARTING COALITION: ":[[null],[{"utility":0,"ID":2}],[{"utility":0,"ID":1}],[{"utility":27.5,"ID":4},{"utility":0,"ID":5},{"utility":48,"ID":6}],[{"utility":0,"ID":3}],[],[]],"CORE :":true,"Relazioni :":13,"Time : ":2,"LAST PARTITION":{"1":1,"2":5,"3":5,"4":3,"5":1,"6":3}},{"Modalità dinamica :":true,"Q : ":2,"STARTING PARTITION: ":{"1":2,"2":1,"3":4,"4":3,"5":3,"6":3},"LAST COALITION":[[],[{"utility":0,"ID":4}],[{"utility":55,"ID":1},{"utility":43,"ID":5}],[{"utility":0,"ID":6}],[{"utility":45,"ID":2},{"utility":48,"ID":3}],[],[]],"STARTING COALITION: ":[[null],[{"utility":0,"ID":2}],[{"utility":0,"ID":1}],[{"utility":27.5,"ID":4},{"utility":0,"ID":5},{"utility":48,"ID":6}],[{"utility":0,"ID":3}],[],[]],"CORE :":true,"Relazioni :":13,"Time : ":3,"LAST PARTITION":{"1":2,"2":4,"3":4,"4":1,"5":2,"6":3}},{"Modalità dinamica :":true,"Q : ":2,"STARTING PARTITION: ":{"1":2,"2":1,"3":4,"4":3,"5":3,"6":3},"LAST COALITION":[[],[{"utility":55,"ID":1},{"utility":43,"ID":5}],[],[{"utility":0,"ID":6}],[{"utility":0,"ID":4}],[{"utility":45,"ID":2},{"utility":48,"ID":3}],[]],"STARTING COALITION: ":[[null],[{"utility":0,"ID":2}],[{"utility":0,"ID":1}],[{"utility":27.5,"ID":4},{"utility":0,"ID":5},{"utility":48,"ID":6}],[{"utility":0,"ID":3}],[],[]],"CORE :":true,"Relazioni :":13,"Time : ":4,"LAST PARTITION":{"1":1,"2":5,"3":5,"4":4,"5":1,"6":3}},{"Modalità dinamica :":true,"Q : ":2,"STARTING PARTITION: ":{"1":2,"2":1,"3":4,"4":3,"5":3,"6":3},"LAST COALITION":[[],[],[{"utility":55,"ID":1},{"utility":43,"ID":5}],[{"utility":0,"ID":6}],[{"utility":0,"ID":4}],[],[{"utility":45,"ID":2},{"utility":48,"ID":3}]],"STARTING COALITION: ":[[null],[{"utility":0,"ID":2}],[{"utility":0,"ID":1}],[{"utility":27.5,"ID":4},{"utility":0,"ID":5},{"utility":48,"ID":6}],[{"utility":0,"ID":3}],[],[]],"CORE :":true,"Relazioni :":13,"Time : ":5,"LAST PARTITION":{"1":2,"2":6,"3":6,"4":4,"5":2,"6":3}},{"Modalità dinamica :":true,"Q : ":3,"STARTING PARTITION: ":{"1":2,"2":1,"3":4,"4":3,"5":3,"6":3},"LAST COALITION":[[],[],[{"utility":45,"ID":2},{"utility":48,"ID":3}],[{"utility":0,"ID":4},{"utility":96,"ID":6}],[{"utility":55,"ID":1},{"utility":43,"ID":5}],[],[]],"STARTING COALITION: ":[[null],[{"utility":0,"ID":2}],[{"utility":0,"ID":1}],[{"utility":27.5,"ID":4},{"utility":0,"ID":5},{"utility":48,"ID":6}],[{"utility":0,"ID":3}],[],[]],"CORE :":true,"Relazioni :":13,"Time : ":1,"LAST PARTITION":{"1":4,"2":2,"3":2,"4":3,"5":4,"6":3}},{"Modalità dinamica :":true,"Q : ":3,"STARTING PARTITION: ":{"1":2,"2":1,"3":4,"4":3,"5":3,"6":3},"LAST COALITION":[[],[{"utility":55,"ID":1},{"utility":43,"ID":5}],[{"utility":45,"ID":2},{"utility":48,"ID":3}],[{"utility":0,"ID":4},{"utility":96,"ID":6}],[],[],[]],"STARTING COALITION: ":[[null],[{"utility":0,"ID":2}],[{"utility":0,"ID":1}],[{"utility":27.5,"ID":4},{"utility":0,"ID":5},{"utility":48,"ID":6}],[{"utility":0,"ID":3}],[],[]],"CORE :":true,"Relazioni :":13,"Time : ":2,"LAST PARTITION":{"1":1,"2":2,"3":2,"4":3,"5":1,"6":3}},{"Modalità dinamica :":true,"Q : ":3,"STARTING PARTITION: ":{"1":2,"2":1,"3":4,"4":3,"5":3,"6":3},"LAST COALITION":[[],[{"utility":55,"ID":1},{"utility":43,"ID":5}],[{"utility":45,"ID":2},{"utility":48,"ID":3}],[],[],[{"utility":0,"ID":4},{"utility":96,"ID":6}],[]],"STARTING COALITION: ":[[null],[{"utility":0,"ID":2}],[{"utility":0,"ID":1}],[{"utility":27.5,"ID":4},{"utility":0,"ID":5},{"utility":48,"ID":6}],[{"utility":0,"ID":3}],[],[]],"CORE :":true,"Relazioni :":13,"Time : ":3,"LAST PARTITION":{"1":1,"2":2,"3":2,"4":5,"5":1,"6":5}},{"Modalità dinamica :":true,"Q : ":3,"STARTING PARTITION: ":{"1":2,"2":1,"3":4,"4":3,"5":3,"6":3},"LAST COALITION":[[],[{"utility":0,"ID":4}],[{"utility":45,"ID":2},{"utility":48,"ID":3}],[{"utility":0,"ID":6}],[],[{"utility":55,"ID":1},{"utility":43,"ID":5}],[]],"STARTING COALITION: ":[[null],[{"utility":0,"ID":2}],[{"utility":0,"ID":1}],[{"utility":27.5,"ID":4},{"utility":0,"ID":5},{"utility":48,"ID":6}],[{"utility":0,"ID":3}],[],[]],"CORE :":true,"Relazioni :":13,"Time : ":4,"LAST PARTITION":{"1":5,"2":2,"3":2,"4":1,"5":5,"6":3}},{"Modalità dinamica :":true,"Q : ":3,"STARTING PARTITION: ":{"1":2,"2":1,"3":4,"4":3,"5":3,"6":3},"LAST COALITION":[[],[{"utility":55,"ID":1},{"utility":43,"ID":5}],[{"utility":45,"ID":2},{"utility":48,"ID":3}],[{"utility":0,"ID":6}],[{"utility":0,"ID":4}],[],[]],"STARTING COALITION: ":[[null],[{"utility":0,"ID":2}],[{"utility":0,"ID":1}],[{"utility":27.5,"ID":4},{"utility":0,"ID":5},{"utility":48,"ID":6}],[{"utility":0,"ID":3}],[],[]],"CORE :":true,"Relazioni :":13,"Time : ":5,"LAST PARTITION":{"1":1,"2":2,"3":2,"4":4,"5":1,"6":3}},{"Modalità dinamica :":true,"Q : ":4,"STARTING PARTITION: ":{"1":2,"2":1,"3":4,"4":3,"5":3,"6":3},"LAST COALITION":[[],[{"utility":45,"ID":2},{"utility":48,"ID":3}],[],[],[{"utility":55,"ID":1},{"utility":43,"ID":5}],[{"utility":0,"ID":4},{"utility":96,"ID":6}],[]],"STARTING COALITION: ":[[null],[{"utility":0,"ID":2}],[{"utility":0,"ID":1}],[{"utility":27.5,"ID":4},{"utility":0,"ID":5},{"utility":48,"ID":6}],[{"utility":0,"ID":3}],[],[]],"CORE :":true,"Relazioni :":13,"Time : ":1,"LAST PARTITION":{"1":4,"2":1,"3":1,"4":5,"5":4,"6":5}},{"Modalità dinamica :":true,"Q : ":4,"STARTING PARTITION: ":{"1":2,"2":1,"3":4,"4":3,"5":3,"6":3},"LAST COALITION":[[],[{"utility":45,"ID":2},{"utility":48,"ID":3}],[{"utility":0,"ID":4}],[{"utility":0,"ID":6}],[{"utility":55,"ID":1},{"utility":43,"ID":5}],[],[]],"STARTING COALITION: ":[[null],[{"utility":0,"ID":2}],[{"utility":0,"ID":1}],[{"utility":27.5,"ID":4},{"utility":0,"ID":5},{"utility":48,"ID":6}],[{"utility":0,"ID":3}],[],[]],"CORE :":true,"Relazioni :":13,"Time : ":2,"LAST PARTITION":{"1":4,"2":1,"3":1,"4":2,"5":4,"6":3}},{"Modalità dinamica :":true,"Q : ":4,"STARTING PARTITION: ":{"1":2,"2":1,"3":4,"4":3,"5":3,"6":3},"LAST COALITION":[[],[{"utility":55,"ID":1},{"utility":43,"ID":5}],[{"utility":45,"ID":2},{"utility":48,"ID":3}],[{"utility":0,"ID":6}],[],[{"utility":0,"ID":4}],[]],"STARTING COALITION: ":[[null],[{"utility":0,"ID":2}],[{"utility":0,"ID":1}],[{"utility":27.5,"ID":4},{"utility":0,"ID":5},{"utility":48,"ID":6}],[{"utility":0,"ID":3}],[],[]],"CORE :":true,"Relazioni :":13,"Time : ":3,"LAST PARTITION":{"1":1,"2":2,"3":2,"4":5,"5":1,"6":3}},{"Modalità dinamica :":true,"Q : ":4,"STARTING PARTITION: ":{"1":2,"2":1,"3":4,"4":3,"5":3,"6":3},"LAST COALITION":[[],[],[{"utility":55,"ID":1},{"utility":43,"ID":5}],[{"utility":0,"ID":4},{"utility":96,"ID":6}],[{"utility":45,"ID":2},{"utility":48,"ID":3}],[],[]],"STARTING COALITION: ":[[null],[{"utility":0,"ID":2}],[{"utility":0,"ID":1}],[{"utility":27.5,"ID":4},{"utility":0,"ID":5},{"utility":48,"ID":6}],[{"utility":0,"ID":3}],[],[]],"CORE :":true,"Relazioni :":13,"Time : ":4,"LAST PARTITION":{"1":2,"2":4,"3":4,"4":3,"5":2,"6":3}},{"Modalità dinamica :":true,"Q : ":4,"STARTING PARTITION: ":{"1":2,"2":1,"3":4,"4":3,"5":3,"6":3},"LAST COALITION":[[],[],[{"utility":55,"ID":1},{"utility":43,"ID":5}],[{"utility":0,"ID":6}],[{"utility":45,"ID":2},{"utility":48,"ID":3}],[{"utility":0,"ID":4}],[]],"STARTING COALITION: ":[[null],[{"utility":0,"ID":2}],[{"utility":0,"ID":1}],[{"utility":27.5,"ID":4},{"utility":0,"ID":5},{"utility":48,"ID":6}],[{"utility":0,"ID":3}],[],[]],"CORE :":true,"Relazioni :":13,"Time : ":5,"LAST PARTITION":{"1":2,"2":4,"3":4,"4":5,"5":2,"6":3}},{"Modalità dinamica :":true,"Q : ":5,"STARTING PARTITION: ":{"1":2,"2":1,"3":4,"4":3,"5":3,"6":3},"LAST COALITION":[[],[{"utility":45,"ID":2},{"utility":48,"ID":3}],[{"utility":55,"ID":1},{"utility":43,"ID":5}],[{"utility":0,"ID":4},{"utility":96,"ID":6}],[],[],[]],"STARTING COALITION: ":[[null],[{"utility":0,"ID":2}],[{"utility":0,"ID":1}],[{"utility":27.5,"ID":4},{"utility":0,"ID":5},{"utility":48,"ID":6}],[{"utility":0,"ID":3}],[],[]],"CORE :":true,"Relazioni :":13,"Time : ":1,"LAST PARTITION":{"1":2,"2":1,"3":1,"4":3,"5":2,"6":3}},{"Modalità dinamica :":true,"Q : ":5,"STARTING PARTITION: ":{"1":2,"2":1,"3":4,"4":3,"5":3,"6":3},"LAST COALITION":[[],[{"utility":45,"ID":2},{"utility":48,"ID":3}],[{"utility":55,"ID":1},{"utility":43,"ID":5}],[{"utility":0,"ID":6}],[],[{"utility":0,"ID":4}],[]],"STARTING COALITION: ":[[null],[{"utility":0,"ID":2}],[{"utility":0,"ID":1}],[{"utility":27.5,"ID":4},{"utility":0,"ID":5},{"utility":48,"ID":6}],[{"utility":0,"ID":3}],[],[]],"CORE :":true,"Relazioni :":13,"Time : ":2,"LAST PARTITION":{"1":2,"2":1,"3":1,"4":5,"5":2,"6":3}},{"Modalità dinamica :":true,"Q : ":5,"STARTING PARTITION: ":{"1":2,"2":1,"3":4,"4":3,"5":3,"6":3},"LAST COALITION":[[],[{"utility":45,"ID":2},{"utility":48,"ID":3}],[{"utility":55,"ID":1},{"utility":43,"ID":5}],[{"utility":0,"ID":6}],[],[{"utility":0,"ID":4}],[]],"STARTING COALITION: ":[[null],[{"utility":0,"ID":2}],[{"utility":0,"ID":1}],[{"utility":27.5,"ID":4},{"utility":0,"ID":5},{"utility":48,"ID":6}],[{"utility":0,"ID":3}],[],[]],"CORE :":true,"Relazioni :":13,"Time : ":3,"LAST PARTITION":{"1":2,"2":1,"3":1,"4":5,"5":2,"6":3}},{"Modalità dinamica :":true,"Q : ":5,"STARTING PARTITION: ":{"1":2,"2":1,"3":4,"4":3,"5":3,"6":3},"LAST COALITION":[[],[{"utility":0,"ID":4}],[{"utility":55,"ID":1},{"utility":43,"ID":5}],[{"utility":0,"ID":6}],[],[{"utility":45,"ID":2},{"utility":48,"ID":3}],[]],"STARTING COALITION: ":[[null],[{"utility":0,"ID":2}],[{"utility":0,"ID":1}],[{"utility":27.5,"ID":4},{"utility":0,"ID":5},{"utility":48,"ID":6}],[{"utility":0,"ID":3}],[],[]],"CORE :":true,"Relazioni :":13,"Time : ":4,"LAST PARTITION":{"1":2,"2":5,"3":5,"4":1,"5":2,"6":3}},{"Modalità dinamica :":true,"Q : ":5,"STARTING PARTITION: ":{"1":2,"2":1,"3":4,"4":3,"5":3,"6":3},"LAST COALITION":[[],[{"utility":45,"ID":2},{"utility":48,"ID":3}],[{"utility":55,"ID":1},{"utility":43,"ID":5}],[{"utility":0,"ID":6}],[{"utility":0,"ID":4}],[],[]],"STARTING COALITION: ":[[null],[{"utility":0,"ID":2}],[{"utility":0,"ID":1}],[{"utility":27.5,"ID":4},{"utility":0,"ID":5},{"utility":48,"ID":6}],[{"utility":0,"ID":3}],[],[]],"CORE :":true,"Relazioni :":13,"Time : ":5,"LAST PARTITION":{"1":2,"2":1,"3":1,"4":4,"5":2,"6":3}},{"END OF FILE:" : true}]