[{"Modalità dinamica :":false,"Q : ":2,"STARTING PARTITION: ":{"1":2,"2":4,"3":4,"4":3,"5":1,"6":2},"LAST COALITION":[[],[{"utility":39,"ID":1},{"utility":28,"ID":3}],[],[{"utility":60,"ID":4},{"utility":23,"ID":5}],[],[],[{"utility":88,"ID":2},{"utility":68,"ID":6}]],"STARTING COALITION: ":[[null],[{"utility":0,"ID":5}],[{"utility":0,"ID":1},{"utility":0,"ID":6}],[{"utility":0,"ID":4}],[{"utility":0,"ID":2},{"utility":0,"ID":3}],[],[]],"CORE :":true,"Relazioni :":14,"Time : ":1,"LAST PARTITION":{"1":1,"2":6,"3":1,"4":3,"5":3,"6":6}},{"Modalità dinamica :":false,"Q : ":2,"STARTING PARTITION: ":{"1":2,"2":4,"3":4,"4":3,"5":1,"6":2},"LAST COALITION":[[],[{"utility":39,"ID":1},{"utility":28,"ID":3}],[],[{"utility":60,"ID":4},{"utility":23,"ID":5}],[],[],[{"utility":88,"ID":2},{"utility":68,"ID":6}]],"STARTING COALITION: ":[[null],[{"utility":0,"ID":5}],[{"utility":0,"ID":1},{"utility":0,"ID":6}],[{"utility":0,"ID":4}],[{"utility":0,"ID":2},{"utility":0,"ID":3}],[],[]],"CORE :":true,"Relazioni :":14,"Time : ":2,"LAST PARTITION":{"1":1,"2":6,"3":1,"4":3,"5":3,"6":6}},{"Modalità dinamica :":false,"Q : ":2,"STARTING PARTITION: ":{"1":2,"2":4,"3":4,"4":3,"5":1,"6":2},"LAST COALITION":[[],[{"utility":39,"ID":1},{"utility":28,"ID":3}],[],[{"utility":60,"ID":4},{"utility":23,"ID":5}],[],[],[{"utility":88,"ID":2},{"utility":68,"ID":6}]],"STARTING COALITION: ":[[null],[{"utility":0,"ID":5}],[{"utility":0,"ID":1},{"utility":0,"ID":6}],[{"utility":0,"ID":4}],[{"utility":0,"ID":2},{"utility":0,"ID":3}],[],[]],"CORE :":true,"Relazioni :":14,"Time : ":3,"LAST PARTITION":{"1":1,"2":6,"3":1,"4":3,"5":3,"6":6}},{"Modalità dinamica :":false,"Q : ":2,"STARTING PARTITION: ":{"1":2,"2":4,"3":4,"4":3,"5":1,"6":2},"LAST COALITION":[[],[{"utility":39,"ID":1},{"utility":28,"ID":3}],[],[{"utility":60,"ID":4},{"utility":23,"ID":5}],[],[],[{"utility":88,"ID":2},{"utility":68,"ID":6}]],"STARTING COALITION: ":[[null],[{"utility":0,"ID":5}],[{"utility":0,"ID":1},{"utility":0,"ID":6}],[{"utility":0,"ID":4}],[{"utility":0,"ID":2},{"utility":0,"ID":3}],[],[]],"CORE :":true,"Relazioni :":14,"Time : ":4,"LAST PARTITION":{"1":1,"2":6,"3":1,"4":3,"5":3,"6":6}},{"Modalità dinamica :":false,"Q : ":2,"STARTING PARTITION: ":{"1":2,"2":4,"3":4,"4":3,"5":1,"6":2},"LAST COALITION":[[],[{"utility":39,"ID":1},{"utility":28,"ID":3}],[],[{"utility":60,"ID":4},{"utility":23,"ID":5}],[],[],[{"utility":88,"ID":2},{"utility":68,"ID":6}]],"STARTING COALITION: ":[[null],[{"utility":0,"ID":5}],[{"utility":0,"ID":1},{"utility":0,"ID":6}],[{"utility":0,"ID":4}],[{"utility":0,"ID":2},{"utility":0,"ID":3}],[],[]],"CORE :":true,"Relazioni :":14,"Time : ":5,"LAST PARTITION":{"1":1,"2":6,"3":1,"4":3,"5":3,"6":6}},{"Modalità dinamica :":false,"Q : ":3,"STARTING PARTITION: ":{"1":2,"2":4,"3":4,"4":3,"5":1,"6":2},"LAST COALITION":[[],[{"utility":39,"ID":1},{"utility":28,"ID":3}],[],[{"utility":60,"ID":4},{"utility":23,"ID":5}],[],[],[{"utility":88,"ID":2},{"utility":68,"ID":6}]],"STARTING COALITION: ":[[null],[{"utility":0,"ID":5}],[{"utility":0,"ID":1},{"utility":0,"ID":6}],[{"utility":0,"ID":4}],[{"utility":0,"ID":2},{"utility":0,"ID":3}],[],[]],"CORE :":true,"Relazioni :":14,"Time : ":1,"LAST PARTITION":{"1":1,"2":6,"3":1,"4":3,"5":3,"6":6}},{"Modalità dinamica :":false,"Q : ":3,"STARTING PARTITION: ":{"1":2,"2":4,"3":4,"4":3,"5":1,"6":2},"LAST COALITION":[[],[{"utility":39,"ID":1},{"utility":28,"ID":3}],[],[{"utility":60,"ID":4},{"utility":23,"ID":5}],[],[],[{"utility":88,"ID":2},{"utility":68,"ID":6}]],"STARTING COALITION: ":[[null],[{"utility":0,"ID":5}],[{"utility":0,"ID":1},{"utility":0,"ID":6}],[{"utility":0,"ID":4}],[{"utility":0,"ID":2},{"utility":0,"ID":3}],[],[]],"CORE :":true,"Relazioni :":14,"Time : ":2,"LAST PARTITION":{"1":1,"2":6,"3":1,"4":3,"5":3,"6":6}},{"Modalità dinamica :":false,"Q : ":3,"STARTING PARTITION: ":{"1":2,"2":4,"3":4,"4":3,"5":1,"6":2},"LAST COALITION":[[],[{"utility":39,"ID":1},{"utility":28,"ID":3}],[],[{"utility":60,"ID":4},{"utility":23,"ID":5}],[],[],[{"utility":88,"ID":2},{"utility":68,"ID":6}]],"STARTING COALITION: ":[[null],[{"utility":0,"ID":5}],[{"utility":0,"ID":1},{"utility":0,"ID":6}],[{"utility":0,"ID":4}],[{"utility":0,"ID":2},{"utility":0,"ID":3}],[],[]],"CORE :":true,"Relazioni :":14,"Time : ":3,"LAST PARTITION":{"1":1,"2":6,"3":1,"4":3,"5":3,"6":6}},{"Modalità dinamica :":false,"Q : ":3,"STARTING PARTITION: ":{"1":2,"2":4,"3":4,"4":3,"5":1,"6":2},"LAST COALITION":[[],[{"utility":39,"ID":1},{"utility":28,"ID":3}],[],[{"utility":60,"ID":4},{"utility":23,"ID":5}],[],[],[{"utility":88,"ID":2},{"utility":68,"ID":6}]],"STARTING COALITION: ":[[null],[{"utility":0,"ID":5}],[{"utility":0,"ID":1},{"utility":0,"ID":6}],[{"utility":0,"ID":4}],[{"utility":0,"ID":2},{"utility":0,"ID":3}],[],[]],"CORE :":true,"Relazioni :":14,"Time : ":4,"LAST PARTITION":{"1":1,"2":6,"3":1,"4":3,"5":3,"6":6}},{"Modalità dinamica :":false,"Q : ":3,"STARTING PARTITION: ":{"1":2,"2":4,"3":4,"4":3,"5":1,"6":2},"LAST COALITION":[[],[{"utility":39,"ID":1},{"utility":28,"ID":3}],[],[{"utility":60,"ID":4},{"utility":23,"ID":5}],[],[],[{"utility":88,"ID":2},{"utility":68,"ID":6}]],"STARTING COALITION: ":[[null],[{"utility":0,"ID":5}],[{"utility":0,"ID":1},{"utility":0,"ID":6}],[{"utility":0,"ID":4}],[{"utility":0,"ID":2},{"utility":0,"ID":3}],[],[]],"CORE :":true,"Relazioni :":14,"Time : ":5,"LAST PARTITION":{"1":1,"2":6,"3":1,"4":3,"5":3,"6":6}},{"Modalità dinamica :":false,"Q : ":4,"STARTING PARTITION: ":{"1":2,"2":4,"3":4,"4":3,"5":1,"6":2},"LAST COALITION":[[],[{"utility":39,"ID":1},{"utility":28,"ID":3}],[],[{"utility":60,"ID":4},{"utility":23,"ID":5}],[],[],[{"utility":88,"ID":2},{"utility":68,"ID":6}]],"STARTING COALITION: ":[[null],[{"utility":0,"ID":5}],[{"utility":0,"ID":1},{"utility":0,"ID":6}],[{"utility":0,"ID":4}],[{"utility":0,"ID":2},{"utility":0,"ID":3}],[],[]],"CORE :":true,"Relazioni :":14,"Time : ":1,"LAST PARTITION":{"1":1,"2":6,"3":1,"4":3,"5":3,"6":6}},{"Modalità dinamica :":false,"Q : ":4,"STARTING PARTITION: ":{"1":2,"2":4,"3":4,"4":3,"5":1,"6":2},"LAST COALITION":[[],[{"utility":39,"ID":1},{"utility":28,"ID":3}],[],[{"utility":60,"ID":4},{"utility":23,"ID":5}],[],[],[{"utility":88,"ID":2},{"utility":68,"ID":6}]],"STARTING COALITION: ":[[null],[{"utility":0,"ID":5}],[{"utility":0,"ID":1},{"utility":0,"ID":6}],[{"utility":0,"ID":4}],[{"utility":0,"ID":2},{"utility":0,"ID":3}],[],[]],"CORE :":true,"Relazioni :":14,"Time : ":2,"LAST PARTITION":{"1":1,"2":6,"3":1,"4":3,"5":3,"6":6}},{"Modalità dinamica :":false,"Q : ":4,"STARTING PARTITION: ":{"1":2,"2":4,"3":4,"4":3,"5":1,"6":2},"LAST COALITION":[[],[{"utility":39,"ID":1},{"utility":28,"ID":3}],[],[{"utility":60,"ID":4},{"utility":23,"ID":5}],[],[],[{"utility":88,"ID":2},{"utility":68,"ID":6}]],"STARTING COALITION: ":[[null],[{"utility":0,"ID":5}],[{"utility":0,"ID":1},{"utility":0,"ID":6}],[{"utility":0,"ID":4}],[{"utility":0,"ID":2},{"utility":0,"ID":3}],[],[]],"CORE :":true,"Relazioni :":14,"Time : ":3,"LAST PARTITION":{"1":1,"2":6,"3":1,"4":3,"5":3,"6":6}},{"Modalità dinamica :":false,"Q : ":4,"STARTING PARTITION: ":{"1":2,"2":4,"3":4,"4":3,"5":1,"6":2},"LAST COALITION":[[],[{"utility":39,"ID":1},{"utility":28,"ID":3}],[],[{"utility":60,"ID":4},{"utility":23,"ID":5}],[],[],[{"utility":88,"ID":2},{"utility":68,"ID":6}]],"STARTING COALITION: ":[[null],[{"utility":0,"ID":5}],[{"utility":0,"ID":1},{"utility":0,"ID":6}],[{"utility":0,"ID":4}],[{"utility":0,"ID":2},{"utility":0,"ID":3}],[],[]],"CORE :":true,"Relazioni :":14,"Time : ":4,"LAST PARTITION":{"1":1,"2":6,"3":1,"4":3,"5":3,"6":6}},{"Modalità dinamica :":false,"Q : ":4,"STARTING PARTITION: ":{"1":2,"2":4,"3":4,"4":3,"5":1,"6":2},"LAST COALITION":[[],[{"utility":39,"ID":1},{"utility":28,"ID":3}],[],[{"utility":60,"ID":4},{"utility":23,"ID":5}],[],[],[{"utility":88,"ID":2},{"utility":68,"ID":6}]],"STARTING COALITION: ":[[null],[{"utility":0,"ID":5}],[{"utility":0,"ID":1},{"utility":0,"ID":6}],[{"utility":0,"ID":4}],[{"utility":0,"ID":2},{"utility":0,"ID":3}],[],[]],"CORE :":true,"Relazioni :":14,"Time : ":5,"LAST PARTITION":{"1":1,"2":6,"3":1,"4":3,"5":3,"6":6}},{"Modalità dinamica :":false,"Q : ":5,"STARTING PARTITION: ":{"1":2,"2":4,"3":4,"4":3,"5":1,"6":2},"LAST COALITION":[[],[{"utility":39,"ID":1},{"utility":28,"ID":3}],[],[{"utility":60,"ID":4},{"utility":23,"ID":5}],[],[],[{"utility":88,"ID":2},{"utility":68,"ID":6}]],"STARTING COALITION: ":[[null],[{"utility":0,"ID":5}],[{"utility":0,"ID":1},{"utility":0,"ID":6}],[{"utility":0,"ID":4}],[{"utility":0,"ID":2},{"utility":0,"ID":3}],[],[]],"CORE :":true,"Relazioni :":14,"Time : ":1,"LAST PARTITION":{"1":1,"2":6,"3":1,"4":3,"5":3,"6":6}},{"Modalità dinamica :":false,"Q : ":5,"STARTING PARTITION: ":{"1":2,"2":4,"3":4,"4":3,"5":1,"6":2},"LAST COALITION":[[],[{"utility":39,"ID":1},{"utility":28,"ID":3}],[],[{"utility":60,"ID":4},{"utility":23,"ID":5}],[],[],[{"utility":88,"ID":2},{"utility":68,"ID":6}]],"STARTING COALITION: ":[[null],[{"utility":0,"ID":5}],[{"utility":0,"ID":1},{"utility":0,"ID":6}],[{"utility":0,"ID":4}],[{"utility":0,"ID":2},{"utility":0,"ID":3}],[],[]],"CORE :":true,"Relazioni :":14,"Time : ":2,"LAST PARTITION":{"1":1,"2":6,"3":1,"4":3,"5":3,"6":6}},{"Modalità dinamica :":false,"Q : ":5,"STARTING PARTITION: ":{"1":2,"2":4,"3":4,"4":3,"5":1,"6":2},"LAST COALITION":[[],[{"utility":39,"ID":1},{"utility":28,"ID":3}],[],[{"utility":60,"ID":4},{"utility":23,"ID":5}],[],[],[{"utility":88,"ID":2},{"utility":68,"ID":6}]],"STARTING COALITION: ":[[null],[{"utility":0,"ID":5}],[{"utility":0,"ID":1},{"utility":0,"ID":6}],[{"utility":0,"ID":4}],[{"utility":0,"ID":2},{"utility":0,"ID":3}],[],[]],"CORE :":true,"Relazioni :":14,"Time : ":3,"LAST PARTITION":{"1":1,"2":6,"3":1,"4":3,"5":3,"6":6}},{"Modalità dinamica :":false,"Q : ":5,"STARTING PARTITION: ":{"1":2,"2":4,"3":4,"4":3,"5":1,"6":2},"LAST COALITION":[[],[{"utility":39,"ID":1},{"utility":28,"ID":3}],[],[{"utility":60,"ID":4},{"utility":23,"ID":5}],[],[],[{"utility":88,"ID":2},{"utility":68,"ID":6}]],"STARTING COALITION: ":[[null],[{"utility":0,"ID":5}],[{"utility":0,"ID":1},{"utility":0,"ID":6}],[{"utility":0,"ID":4}],[{"utility":0,"ID":2},{"utility":0,"ID":3}],[],[]],"CORE :":true,"Relazioni :":14,"Time : ":4,"LAST PARTITION":{"1":1,"2":6,"3":1,"4":3,"5":3,"6":6}},{"Modalità dinamica :":false,"Q : ":5,"STARTING PARTITION: ":{"1":2,"2":4,"3":4,"4":3,"5":1,"6":2},"LAST COALITION":[[],[{"utility":39,"ID":1},{"utility":28,"ID":3}],[],[{"utility":60,"ID":4},{"utility":23,"ID":5}],[],[],[{"utility":88,"ID":2},{"utility":68,"ID":6}]],"STARTING COALITION: ":[[null],[{"utility":0,"ID":5}],[{"utility":0,"ID":1},{"utility":0,"ID":6}],[{"utility":0,"ID":4}],[{"utility":0,"ID":2},{"utility":0,"ID":3}],[],[]],"CORE :":true,"Relazioni :":14,"Time : ":5,"LAST PARTITION":{"1":1,"2":6,"3":1,"4":3,"5":3,"6":6}},{"Modalità dinamica :":true,"Q : ":2,"STARTING PARTITION: ":{"1":2,"2":4,"3":4,"4":3,"5":1,"6":2},"LAST COALITION":[[],[{"utility":88,"ID":2},{"utility":68,"ID":6}],[],[{"utility":60,"ID":4},{"utility":23,"ID":5}],[{"utility":39,"ID":1},{"utility":28,"ID":3}],[],[]],"STARTING COALITION: ":[[null],[{"utility":0,"ID":5}],[{"utility":0,"ID":1},{"utility":0,"ID":6}],[{"utility":0,"ID":4}],[{"utility":0,"ID":2},{"utility":0,"ID":3}],[],[]],"CORE :":true,"Relazioni :":14,"Time : ":1,"LAST PARTITION":{"1":4,"2":1,"3":4,"4":3,"5":3,"6":1}},{"Modalità dinamica :":true,"Q : ":2,"STARTING PARTITION: ":{"1":2,"2":4,"3":4,"4":3,"5":1,"6":2},"LAST COALITION":[[],[{"utility":88,"ID":2},{"utility":68,"ID":6}],[],[{"utility":39,"ID":1},{"utility":28,"ID":3}],[],[{"utility":60,"ID":4},{"utility":23,"ID":5}],[]],"STARTING COALITION: ":[[null],[{"utility":0,"ID":5}],[{"utility":0,"ID":1},{"utility":0,"ID":6}],[{"utility":0,"ID":4}],[{"utility":0,"ID":2},{"utility":0,"ID":3}],[],[]],"CORE :":true,"Relazioni :":14,"Time : ":2,"LAST PARTITION":{"1":3,"2":1,"3":3,"4":5,"5":5,"6":1}},{"Modalità dinamica :":true,"Q : ":2,"STARTING PARTITION: ":{"1":2,"2":4,"3":4,"4":3,"5":1,"6":2},"LAST COALITION":[[],[{"utility":88,"ID":2},{"utility":68,"ID":6}],[],[{"utility":60,"ID":4},{"utility":23,"ID":5}],[{"utility":39,"ID":1},{"utility":28,"ID":3}],[],[]],"STARTING COALITION: ":[[null],[{"utility":0,"ID":5}],[{"utility":0,"ID":1},{"utility":0,"ID":6}],[{"utility":0,"ID":4}],[{"utility":0,"ID":2},{"utility":0,"ID":3}],[],[]],"CORE :":true,"Relazioni :":14,"Time : ":3,"LAST PARTITION":{"1":4,"2":1,"3":4,"4":3,"5":3,"6":1}},{"Modalità dinamica :":true,"Q : ":2,"STARTING PARTITION: ":{"1":2,"2":4,"3":4,"4":3,"5":1,"6":2},"LAST COALITION":[[],[{"utility":39,"ID":1},{"utility":28,"ID":3}],[],[{"utility":88,"ID":2},{"utility":68,"ID":6}],[{"utility":60,"ID":4},{"utility":23,"ID":5}],[],[]],"STARTING COALITION: ":[[null],[{"utility":0,"ID":5}],[{"utility":0,"ID":1},{"utility":0,"ID":6}],[{"utility":0,"ID":4}],[{"utility":0,"ID":2},{"utility":0,"ID":3}],[],[]],"CORE :":true,"Relazioni :":14,"Time : ":4,"LAST PARTITION":{"1":1,"2":3,"3":1,"4":4,"5":4,"6":3}},{"Modalità dinamica :":true,"Q : ":2,"STARTING PARTITION: ":{"1":2,"2":4,"3":4,"4":3,"5":1,"6":2},"LAST COALITION":[[],[{"utility":88,"ID":2},{"utility":68,"ID":6}],[],[],[],[{"utility":39,"ID":1},{"utility":28,"ID":3}],[{"utility":60,"ID":4},{"utility":23,"ID":5}]],"STARTING COALITION: ":[[null],[{"utility":0,"ID":5}],[{"utility":0,"ID":1},{"utility":0,"ID":6}],[{"utility":0,"ID":4}],[{"utility":0,"ID":2},{"utility":0,"ID":3}],[],[]],"CORE :":true,"Relazioni :":14,"Time : ":5,"LAST PARTITION":{"1":5,"2":1,"3":5,"4":6,"5":6,"6":1}},{"Modalità dinamica :":true,"Q : ":3,"STARTING PARTITION: ":{"1":2,"2":4,"3":4,"4":3,"5":1,"6":2},"LAST COALITION":[[],[{"utility":39,"ID":1},{"utility":28,"ID":3}],[],[{"utility":60,"ID":4},{"utility":23,"ID":5}],[],[{"utility":88,"ID":2},{"utility":68,"ID":6}],[]],"STARTING COALITION: ":[[null],[{"utility":0,"ID":5}],[{"utility":0,"ID":1},{"utility":0,"ID":6}],[{"utility":0,"ID":4}],[{"utility":0,"ID":2},{"utility":0,"ID":3}],[],[]],"CORE :":true,"Relazioni :":14,"Time : ":1,"LAST PARTITION":{"1":1,"2":5,"3":1,"4":3,"5":3,"6":5}},{"Modalità dinamica :":true,"Q : ":3,"STARTING PARTITION: ":{"1":2,"2":4,"3":4,"4":3,"5":1,"6":2},"LAST COALITION":[[],[{"utility":39,"ID":1},{"utility":28,"ID":3}],[{"utility":60,"ID":4},{"utility":23,"ID":5}],[{"utility":88,"ID":2},{"utility":68,"ID":6}],[],[],[]],"STARTING COALITION: ":[[null],[{"utility":0,"ID":5}],[{"utility":0,"ID":1},{"utility":0,"ID":6}],[{"utility":0,"ID":4}],[{"utility":0,"ID":2},{"utility":0,"ID":3}],[],[]],"CORE :":true,"Relazioni :":14,"Time : ":2,"LAST PARTITION":{"1":1,"2":3,"3":1,"4":2,"5":2,"6":3}},{"Modalità dinamica :":true,"Q : ":3,"STARTING PARTITION: ":{"1":2,"2":4,"3":4,"4":3,"5":1,"6":2},"LAST COALITION":[[],[{"utility":39,"ID":1},{"utility":28,"ID":3}],[],[{"utility":60,"ID":4},{"utility":23,"ID":5}],[],[{"utility":88,"ID":2},{"utility":68,"ID":6}],[]],"STARTING COALITION: ":[[null],[{"utility":0,"ID":5}],[{"utility":0,"ID":1},{"utility":0,"ID":6}],[{"utility":0,"ID":4}],[{"utility":0,"ID":2},{"utility":0,"ID":3}],[],[]],"CORE :":true,"Relazioni :":14,"Time : ":3,"LAST PARTITION":{"1":1,"2":5,"3":1,"4":3,"5":3,"6":5}},{"Modalità dinamica :":true,"Q : ":3,"STARTING PARTITION: ":{"1":2,"2":4,"3":4,"4":3,"5":1,"6":2},"LAST COALITION":[[],[{"utility":39,"ID":1},{"utility":28,"ID":3}],[{"utility":88,"ID":2},{"utility":68,"ID":6}],[{"utility":60,"ID":4},{"utility":23,"ID":5}],[],[],[]],"STARTING COALITION: ":[[null],[{"utility":0,"ID":5}],[{"utility":0,"ID":1},{"utility":0,"ID":6}],[{"utility":0,"ID":4}],[{"utility":0,"ID":2},{"utility":0,"ID":3}],[],[]],"CORE :":true,"Relazioni :":14,"Time : ":4,"LAST PARTITION":{"1":1,"2":2,"3":1,"4":3,"5":3,"6":2}},{"Modalità dinamica :":true,"Q : ":3,"STARTING PARTITION: ":{"1":2,"2":4,"3":4,"4":3,"5":1,"6":2},"LAST COALITION":[[],[{"utility":39,"ID":1},{"utility":28,"ID":3}],[],[{"utility":88,"ID":2},{"utility":68,"ID":6}],[{"utility":60,"ID":4},{"utility":23,"ID":5}],[],[]],"STARTING COALITION: ":[[null],[{"utility":0,"ID":5}],[{"utility":0,"ID":1},{"utility":0,"ID":6}],[{"utility":0,"ID":4}],[{"utility":0,"ID":2},{"utility":0,"ID":3}],[],[]],"CORE :":true,"Relazioni :":14,"Time : ":5,"LAST PARTITION":{"1":1,"2":3,"3":1,"4":4,"5":4,"6":3}},{"Modalità dinamica :":true,"Q : ":4,"STARTING PARTITION: ":{"1":2,"2":4,"3":4,"4":3,"5":1,"6":2},"LAST COALITION":[[],[{"utility":88,"ID":2},{"utility":68,"ID":6}],[{"utility":60,"ID":4},{"utility":23,"ID":5}],[{"utility":39,"ID":1},{"utility":28,"ID":3}],[],[],[]],"STARTING COALITION: ":[[null],[{"utility":0,"ID":5}],[{"utility":0,"ID":1},{"utility":0,"ID":6}],[{"utility":0,"ID":4}],[{"utility":0,"ID":2},{"utility":0,"ID":3}],[],[]],"CORE :":true,"Relazioni :":14,"Time : ":1,"LAST PARTITION":{"1":3,"2":1,"3":3,"4":2,"5":2,"6":1}},{"Modalità dinamica :":true,"Q : ":4,"STARTING PARTITION: ":{"1":2,"2":4,"3":4,"4":3,"5":1,"6":2},"LAST COALITION":[[],[{"utility":60,"ID":4},{"utility":23,"ID":5}],[],[{"utility":88,"ID":2},{"utility":68,"ID":6}],[{"utility":39,"ID":1},{"utility":28,"ID":3}],[],[]],"STARTING COALITION: ":[[null],[{"utility":0,"ID":5}],[{"utility":0,"ID":1},{"utility":0,"ID":6}],[{"utility":0,"ID":4}],[{"utility":0,"ID":2},{"utility":0,"ID":3}],[],[]],"CORE :":true,"Relazioni :":14,"Time : ":2,"LAST PARTITION":{"1":4,"2":3,"3":4,"4":1,"5":1,"6":3}},{"Modalità dinamica :":true,"Q : ":4,"STARTING PARTITION: ":{"1":2,"2":4,"3":4,"4":3,"5":1,"6":2},"LAST COALITION":[[],[{"utility":88,"ID":2},{"utility":68,"ID":6}],[],[],[],[{"utility":39,"ID":1},{"utility":28,"ID":3}],[{"utility":60,"ID":4},{"utility":23,"ID":5}]],"STARTING COALITION: ":[[null],[{"utility":0,"ID":5}],[{"utility":0,"ID":1},{"utility":0,"ID":6}],[{"utility":0,"ID":4}],[{"utility":0,"ID":2},{"utility":0,"ID":3}],[],[]],"CORE :":true,"Relazioni :":14,"Time : ":3,"LAST PARTITION":{"1":5,"2":1,"3":5,"4":6,"5":6,"6":1}},{"Modalità dinamica :":true,"Q : ":4,"STARTING PARTITION: ":{"1":2,"2":4,"3":4,"4":3,"5":1,"6":2},"LAST COALITION":[[],[],[{"utility":88,"ID":2},{"utility":68,"ID":6}],[{"utility":39,"ID":1},{"utility":28,"ID":3}],[{"utility":60,"ID":4},{"utility":23,"ID":5}],[],[]],"STARTING COALITION: ":[[null],[{"utility":0,"ID":5}],[{"utility":0,"ID":1},{"utility":0,"ID":6}],[{"utility":0,"ID":4}],[{"utility":0,"ID":2},{"utility":0,"ID":3}],[],[]],"CORE :":true,"Relazioni :":14,"Time : ":4,"LAST PARTITION":{"1":3,"2":2,"3":3,"4":4,"5":4,"6":2}},{"Modalità dinamica :":true,"Q : ":4,"STARTING PARTITION: ":{"1":2,"2":4,"3":4,"4":3,"5":1,"6":2},"LAST COALITION":[[],[],[{"utility":60,"ID":4},{"utility":23,"ID":5}],[{"utility":39,"ID":1},{"utility":28,"ID":3}],[],[{"utility":88,"ID":2},{"utility":68,"ID":6}],[]],"STARTING COALITION: ":[[null],[{"utility":0,"ID":5}],[{"utility":0,"ID":1},{"utility":0,"ID":6}],[{"utility":0,"ID":4}],[{"utility":0,"ID":2},{"utility":0,"ID":3}],[],[]],"CORE :":true,"Relazioni :":14,"Time : ":5,"LAST PARTITION":{"1":3,"2":5,"3":3,"4":2,"5":2,"6":5}},{"Modalità dinamica :":true,"Q : ":5,"STARTING PARTITION: ":{"1":2,"2":4,"3":4,"4":3,"5":1,"6":2},"LAST COALITION":[[],[{"utility":39,"ID":1},{"utility":28,"ID":3}],[],[{"utility":60,"ID":4},{"utility":23,"ID":5}],[],[{"utility":88,"ID":2},{"utility":68,"ID":6}],[]],"STARTING COALITION: ":[[null],[{"utility":0,"ID":5}],[{"utility":0,"ID":1},{"utility":0,"ID":6}],[{"utility":0,"ID":4}],[{"utility":0,"ID":2},{"utility":0,"ID":3}],[],[]],"CORE :":true,"Relazioni :":14,"Time : ":1,"LAST PARTITION":{"1":1,"2":5,"3":1,"4":3,"5":3,"6":5}},{"Modalità dinamica :":true,"Q : ":5,"STARTING PARTITION: ":{"1":2,"2":4,"3":4,"4":3,"5":1,"6":2},"LAST COALITION":[[],[{"utility":88,"ID":2},{"utility":68,"ID":6}],[{"utility":60,"ID":4},{"utility":23,"ID":5}],[{"utility":39,"ID":1},{"utility":28,"ID":3}],[],[],[]],"STARTING COALITION: ":[[null],[{"utility":0,"ID":5}],[{"utility":0,"ID":1},{"utility":0,"ID":6}],[{"utility":0,"ID":4}],[{"utility":0,"ID":2},{"utility":0,"ID":3}],[],[]],"CORE :":true,"Relazioni :":14,"Time : ":2,"LAST PARTITION":{"1":3,"2":1,"3":3,"4":2,"5":2,"6":1}},{"Modalità dinamica :":true,"Q : ":5,"STARTING PARTITION: ":{"1":2,"2":4,"3":4,"4":3,"5":1,"6":2},"LAST COALITION":[[],[],[{"utility":39,"ID":1},{"utility":28,"ID":3}],[{"utility":88,"ID":2},{"utility":68,"ID":6}],[{"utility":60,"ID":4},{"utility":23,"ID":5}],[],[]],"STARTING COALITION: ":[[null],[{"utility":0,"ID":5}],[{"utility":0,"ID":1},{"utility":0,"ID":6}],[{"utility":0,"ID":4}],[{"utility":0,"ID":2},{"utility":0,"ID":3}],[],[]],"CORE :":true,"Relazioni :":14,"Time : ":3,"LAST PARTITION":{"1":2,"2":3,"3":2,"4":4,"5":4,"6":3}},{"Modalità dinamica :":true,"Q : ":5,"STARTING PARTITION: ":{"1":2,"2":4,"3":4,"4":3,"5":1,"6":2},"LAST COALITION":[[],[{"utility":88,"ID":2},{"utility":68,"ID":6}],[],[{"utility":60,"ID":4},{"utility":23,"ID":5}],[{"utility":39,"ID":1},{"utility":28,"ID":3}],[],[]],"STARTING COALITION: ":[[null],[{"utility":0,"ID":5}],[{"utility":0,"ID":1},{"utility":0,"ID":6}],[{"utility":0,"ID":4}],[{"utility":0,"ID":2},{"utility":0,"ID":3}],[],[]],"CORE :":true,"Relazioni :":14,"Time : ":4,"LAST PARTITION":{"1":4,"2":1,"3":4,"4":3,"5":3,"6":1}},{"Modalità dinamica :":true,"Q : ":5,"STARTING PARTITION: ":{"1":2,"2":4,"3":4,"4":3,"5":1,"6":2},"LAST COALITION":[[],[{"utility":39,"ID":1},{"utility":28,"ID":3}],[],[{"utility":88,"ID":2},{"utility":68,"ID":6}],[{"utility":60,"ID":4},{"utility":23,"ID":5}],[],[]],"STARTING COALITION: ":[[null],[{"utility":0,"ID":5}],[{"utility":0,"ID":1},{"utility":0,"ID":6}],[{"utility":0,"ID":4}],[{"utility":0,"ID":2},{"utility":0,"ID":3}],[],[]],"CORE :":true,"Relazioni :":14,"Time : ":5,"LAST PARTITION":{"1":1,"2":3,"3":1,"4":4,"5":4,"6":3}},{"END OF FILE:" : true}]