[{"Modalità dinamica :":false,"Q : ":2,"STARTING PARTITION: ":{"1":4,"2":1,"3":3,"4":3,"5":1,"6":4},"LAST COALITION":[[],[{"utility":0,"ID":5}],[{"utility":0,"ID":1}],[{"utility":83,"ID":4},{"utility":43,"ID":6}],[],[{"utility":19,"ID":2},{"utility":33,"ID":3}],[]],"STARTING COALITION: ":[[null],[{"utility":0,"ID":2},{"utility":0,"ID":5}],[],[{"utility":92,"ID":3},{"utility":0,"ID":4}],[{"utility":38,"ID":1},{"utility":0,"ID":6}],[],[]],"CORE :":true,"Relazioni :":15,"Time : ":1,"LAST PARTITION":{"1":2,"2":5,"3":5,"4":3,"5":1,"6":3}},{"Modalità dinamica :":false,"Q : ":2,"STARTING PARTITION: ":{"1":4,"2":1,"3":3,"4":3,"5":1,"6":4},"LAST COALITION":[[],[{"utility":0,"ID":5}],[{"utility":0,"ID":1}],[{"utility":83,"ID":4},{"utility":43,"ID":6}],[],[{"utility":19,"ID":2},{"utility":33,"ID":3}],[]],"STARTING COALITION: ":[[null],[{"utility":0,"ID":2},{"utility":0,"ID":5}],[],[{"utility":92,"ID":3},{"utility":0,"ID":4}],[{"utility":38,"ID":1},{"utility":0,"ID":6}],[],[]],"CORE :":true,"Relazioni :":15,"Time : ":2,"LAST PARTITION":{"1":2,"2":5,"3":5,"4":3,"5":1,"6":3}},{"Modalità dinamica :":false,"Q : ":2,"STARTING PARTITION: ":{"1":4,"2":1,"3":3,"4":3,"5":1,"6":4},"LAST COALITION":[[],[{"utility":0,"ID":5}],[{"utility":0,"ID":1}],[{"utility":83,"ID":4},{"utility":43,"ID":6}],[],[{"utility":19,"ID":2},{"utility":33,"ID":3}],[]],"STARTING COALITION: ":[[null],[{"utility":0,"ID":2},{"utility":0,"ID":5}],[],[{"utility":92,"ID":3},{"utility":0,"ID":4}],[{"utility":38,"ID":1},{"utility":0,"ID":6}],[],[]],"CORE :":true,"Relazioni :":15,"Time : ":3,"LAST PARTITION":{"1":2,"2":5,"3":5,"4":3,"5":1,"6":3}},{"Modalità dinamica :":false,"Q : ":2,"STARTING PARTITION: ":{"1":4,"2":1,"3":3,"4":3,"5":1,"6":4},"LAST COALITION":[[],[{"utility":0,"ID":5}],[{"utility":0,"ID":1}],[{"utility":83,"ID":4},{"utility":43,"ID":6}],[],[{"utility":19,"ID":2},{"utility":33,"ID":3}],[]],"STARTING COALITION: ":[[null],[{"utility":0,"ID":2},{"utility":0,"ID":5}],[],[{"utility":92,"ID":3},{"utility":0,"ID":4}],[{"utility":38,"ID":1},{"utility":0,"ID":6}],[],[]],"CORE :":true,"Relazioni :":15,"Time : ":4,"LAST PARTITION":{"1":2,"2":5,"3":5,"4":3,"5":1,"6":3}},{"Modalità dinamica :":false,"Q : ":2,"STARTING PARTITION: ":{"1":4,"2":1,"3":3,"4":3,"5":1,"6":4},"LAST COALITION":[[],[{"utility":0,"ID":5}],[{"utility":0,"ID":1}],[{"utility":83,"ID":4},{"utility":43,"ID":6}],[],[{"utility":19,"ID":2},{"utility":33,"ID":3}],[]],"STARTING COALITION: ":[[null],[{"utility":0,"ID":2},{"utility":0,"ID":5}],[],[{"utility":92,"ID":3},{"utility":0,"ID":4}],[{"utility":38,"ID":1},{"utility":0,"ID":6}],[],[]],"CORE :":true,"Relazioni :":15,"Time : ":5,"LAST PARTITION":{"1":2,"2":5,"3":5,"4":3,"5":1,"6":3}},{"Modalità dinamica :":false,"Q : ":3,"STARTING PARTITION: ":{"1":4,"2":1,"3":3,"4":3,"5":1,"6":4},"LAST COALITION":[[],[{"utility":0,"ID":5}],[{"utility":0,"ID":1}],[{"utility":83,"ID":4},{"utility":43,"ID":6}],[],[{"utility":19,"ID":2},{"utility":33,"ID":3}],[]],"STARTING COALITION: ":[[null],[{"utility":0,"ID":2},{"utility":0,"ID":5}],[],[{"utility":92,"ID":3},{"utility":0,"ID":4}],[{"utility":38,"ID":1},{"utility":0,"ID":6}],[],[]],"CORE :":true,"Relazioni :":15,"Time : ":1,"LAST PARTITION":{"1":2,"2":5,"3":5,"4":3,"5":1,"6":3}},{"Modalità dinamica :":false,"Q : ":3,"STARTING PARTITION: ":{"1":4,"2":1,"3":3,"4":3,"5":1,"6":4},"LAST COALITION":[[],[{"utility":0,"ID":5}],[{"utility":0,"ID":1}],[{"utility":83,"ID":4},{"utility":43,"ID":6}],[],[{"utility":19,"ID":2},{"utility":33,"ID":3}],[]],"STARTING COALITION: ":[[null],[{"utility":0,"ID":2},{"utility":0,"ID":5}],[],[{"utility":92,"ID":3},{"utility":0,"ID":4}],[{"utility":38,"ID":1},{"utility":0,"ID":6}],[],[]],"CORE :":true,"Relazioni :":15,"Time : ":2,"LAST PARTITION":{"1":2,"2":5,"3":5,"4":3,"5":1,"6":3}},{"Modalità dinamica :":false,"Q : ":3,"STARTING PARTITION: ":{"1":4,"2":1,"3":3,"4":3,"5":1,"6":4},"LAST COALITION":[[],[{"utility":0,"ID":5}],[{"utility":0,"ID":1}],[{"utility":83,"ID":4},{"utility":43,"ID":6}],[],[{"utility":19,"ID":2},{"utility":33,"ID":3}],[]],"STARTING COALITION: ":[[null],[{"utility":0,"ID":2},{"utility":0,"ID":5}],[],[{"utility":92,"ID":3},{"utility":0,"ID":4}],[{"utility":38,"ID":1},{"utility":0,"ID":6}],[],[]],"CORE :":true,"Relazioni :":15,"Time : ":3,"LAST PARTITION":{"1":2,"2":5,"3":5,"4":3,"5":1,"6":3}},{"Modalità dinamica :":false,"Q : ":3,"STARTING PARTITION: ":{"1":4,"2":1,"3":3,"4":3,"5":1,"6":4},"LAST COALITION":[[],[{"utility":0,"ID":5}],[{"utility":0,"ID":1}],[{"utility":83,"ID":4},{"utility":43,"ID":6}],[],[{"utility":19,"ID":2},{"utility":33,"ID":3}],[]],"STARTING COALITION: ":[[null],[{"utility":0,"ID":2},{"utility":0,"ID":5}],[],[{"utility":92,"ID":3},{"utility":0,"ID":4}],[{"utility":38,"ID":1},{"utility":0,"ID":6}],[],[]],"CORE :":true,"Relazioni :":15,"Time : ":4,"LAST PARTITION":{"1":2,"2":5,"3":5,"4":3,"5":1,"6":3}},{"Modalità dinamica :":false,"Q : ":3,"STARTING PARTITION: ":{"1":4,"2":1,"3":3,"4":3,"5":1,"6":4},"LAST COALITION":[[],[{"utility":0,"ID":5}],[{"utility":0,"ID":1}],[{"utility":83,"ID":4},{"utility":43,"ID":6}],[],[{"utility":19,"ID":2},{"utility":33,"ID":3}],[]],"STARTING COALITION: ":[[null],[{"utility":0,"ID":2},{"utility":0,"ID":5}],[],[{"utility":92,"ID":3},{"utility":0,"ID":4}],[{"utility":38,"ID":1},{"utility":0,"ID":6}],[],[]],"CORE :":true,"Relazioni :":15,"Time : ":5,"LAST PARTITION":{"1":2,"2":5,"3":5,"4":3,"5":1,"6":3}},{"Modalità dinamica :":false,"Q : ":4,"STARTING PARTITION: ":{"1":4,"2":1,"3":3,"4":3,"5":1,"6":4},"LAST COALITION":[[],[{"utility":0,"ID":5}],[{"utility":0,"ID":1}],[{"utility":83,"ID":4},{"utility":43,"ID":6}],[],[{"utility":19,"ID":2},{"utility":33,"ID":3}],[]],"STARTING COALITION: ":[[null],[{"utility":0,"ID":2},{"utility":0,"ID":5}],[],[{"utility":92,"ID":3},{"utility":0,"ID":4}],[{"utility":38,"ID":1},{"utility":0,"ID":6}],[],[]],"CORE :":true,"Relazioni :":15,"Time : ":1,"LAST PARTITION":{"1":2,"2":5,"3":5,"4":3,"5":1,"6":3}},{"Modalità dinamica :":false,"Q : ":4,"STARTING PARTITION: ":{"1":4,"2":1,"3":3,"4":3,"5":1,"6":4},"LAST COALITION":[[],[{"utility":0,"ID":5}],[{"utility":0,"ID":1}],[{"utility":83,"ID":4},{"utility":43,"ID":6}],[],[{"utility":19,"ID":2},{"utility":33,"ID":3}],[]],"STARTING COALITION: ":[[null],[{"utility":0,"ID":2},{"utility":0,"ID":5}],[],[{"utility":92,"ID":3},{"utility":0,"ID":4}],[{"utility":38,"ID":1},{"utility":0,"ID":6}],[],[]],"CORE :":true,"Relazioni :":15,"Time : ":2,"LAST PARTITION":{"1":2,"2":5,"3":5,"4":3,"5":1,"6":3}},{"Modalità dinamica :":false,"Q : ":4,"STARTING PARTITION: ":{"1":4,"2":1,"3":3,"4":3,"5":1,"6":4},"LAST COALITION":[[],[{"utility":0,"ID":5}],[{"utility":0,"ID":1}],[{"utility":83,"ID":4},{"utility":43,"ID":6}],[],[{"utility":19,"ID":2},{"utility":33,"ID":3}],[]],"STARTING COALITION: ":[[null],[{"utility":0,"ID":2},{"utility":0,"ID":5}],[],[{"utility":92,"ID":3},{"utility":0,"ID":4}],[{"utility":38,"ID":1},{"utility":0,"ID":6}],[],[]],"CORE :":true,"Relazioni :":15,"Time : ":3,"LAST PARTITION":{"1":2,"2":5,"3":5,"4":3,"5":1,"6":3}},{"Modalità dinamica :":false,"Q : ":4,"STARTING PARTITION: ":{"1":4,"2":1,"3":3,"4":3,"5":1,"6":4},"LAST COALITION":[[],[{"utility":0,"ID":5}],[{"utility":0,"ID":1}],[{"utility":83,"ID":4},{"utility":43,"ID":6}],[],[{"utility":19,"ID":2},{"utility":33,"ID":3}],[]],"STARTING COALITION: ":[[null],[{"utility":0,"ID":2},{"utility":0,"ID":5}],[],[{"utility":92,"ID":3},{"utility":0,"ID":4}],[{"utility":38,"ID":1},{"utility":0,"ID":6}],[],[]],"CORE :":true,"Relazioni :":15,"Time : ":4,"LAST PARTITION":{"1":2,"2":5,"3":5,"4":3,"5":1,"6":3}},{"Modalità dinamica :":false,"Q : ":4,"STARTING PARTITION: ":{"1":4,"2":1,"3":3,"4":3,"5":1,"6":4},"LAST COALITION":[[],[{"utility":0,"ID":5}],[{"utility":0,"ID":1}],[{"utility":83,"ID":4},{"utility":43,"ID":6}],[],[{"utility":19,"ID":2},{"utility":33,"ID":3}],[]],"STARTING COALITION: ":[[null],[{"utility":0,"ID":2},{"utility":0,"ID":5}],[],[{"utility":92,"ID":3},{"utility":0,"ID":4}],[{"utility":38,"ID":1},{"utility":0,"ID":6}],[],[]],"CORE :":true,"Relazioni :":15,"Time : ":5,"LAST PARTITION":{"1":2,"2":5,"3":5,"4":3,"5":1,"6":3}},{"Modalità dinamica :":false,"Q : ":5,"STARTING PARTITION: ":{"1":4,"2":1,"3":3,"4":3,"5":1,"6":4},"LAST COALITION":[[],[{"utility":0,"ID":5}],[{"utility":0,"ID":1}],[{"utility":83,"ID":4},{"utility":43,"ID":6}],[],[{"utility":19,"ID":2},{"utility":33,"ID":3}],[]],"STARTING COALITION: ":[[null],[{"utility":0,"ID":2},{"utility":0,"ID":5}],[],[{"utility":92,"ID":3},{"utility":0,"ID":4}],[{"utility":38,"ID":1},{"utility":0,"ID":6}],[],[]],"CORE :":true,"Relazioni :":15,"Time : ":1,"LAST PARTITION":{"1":2,"2":5,"3":5,"4":3,"5":1,"6":3}},{"Modalità dinamica :":false,"Q : ":5,"STARTING PARTITION: ":{"1":4,"2":1,"3":3,"4":3,"5":1,"6":4},"LAST COALITION":[[],[{"utility":0,"ID":5}],[{"utility":0,"ID":1}],[{"utility":83,"ID":4},{"utility":43,"ID":6}],[],[{"utility":19,"ID":2},{"utility":33,"ID":3}],[]],"STARTING COALITION: ":[[null],[{"utility":0,"ID":2},{"utility":0,"ID":5}],[],[{"utility":92,"ID":3},{"utility":0,"ID":4}],[{"utility":38,"ID":1},{"utility":0,"ID":6}],[],[]],"CORE :":true,"Relazioni :":15,"Time : ":2,"LAST PARTITION":{"1":2,"2":5,"3":5,"4":3,"5":1,"6":3}},{"Modalità dinamica :":false,"Q : ":5,"STARTING PARTITION: ":{"1":4,"2":1,"3":3,"4":3,"5":1,"6":4},"LAST COALITION":[[],[{"utility":0,"ID":5}],[{"utility":0,"ID":1}],[{"utility":83,"ID":4},{"utility":43,"ID":6}],[],[{"utility":19,"ID":2},{"utility":33,"ID":3}],[]],"STARTING COALITION: ":[[null],[{"utility":0,"ID":2},{"utility":0,"ID":5}],[],[{"utility":92,"ID":3},{"utility":0,"ID":4}],[{"utility":38,"ID":1},{"utility":0,"ID":6}],[],[]],"CORE :":true,"Relazioni :":15,"Time : ":3,"LAST PARTITION":{"1":2,"2":5,"3":5,"4":3,"5":1,"6":3}},{"Modalità dinamica :":false,"Q : ":5,"STARTING PARTITION: ":{"1":4,"2":1,"3":3,"4":3,"5":1,"6":4},"LAST COALITION":[[],[{"utility":0,"ID":5}],[{"utility":0,"ID":1}],[{"utility":83,"ID":4},{"utility":43,"ID":6}],[],[{"utility":19,"ID":2},{"utility":33,"ID":3}],[]],"STARTING COALITION: ":[[null],[{"utility":0,"ID":2},{"utility":0,"ID":5}],[],[{"utility":92,"ID":3},{"utility":0,"ID":4}],[{"utility":38,"ID":1},{"utility":0,"ID":6}],[],[]],"CORE :":true,"Relazioni :":15,"Time : ":4,"LAST PARTITION":{"1":2,"2":5,"3":5,"4":3,"5":1,"6":3}},{"Modalità dinamica :":false,"Q : ":5,"STARTING PARTITION: ":{"1":4,"2":1,"3":3,"4":3,"5":1,"6":4},"LAST COALITION":[[],[{"utility":0,"ID":5}],[{"utility":0,"ID":1}],[{"utility":83,"ID":4},{"utility":43,"ID":6}],[],[{"utility":19,"ID":2},{"utility":33,"ID":3}],[]],"STARTING COALITION: ":[[null],[{"utility":0,"ID":2},{"utility":0,"ID":5}],[],[{"utility":92,"ID":3},{"utility":0,"ID":4}],[{"utility":38,"ID":1},{"utility":0,"ID":6}],[],[]],"CORE :":true,"Relazioni :":15,"Time : ":5,"LAST PARTITION":{"1":2,"2":5,"3":5,"4":3,"5":1,"6":3}},{"Modalità dinamica :":true,"Q : ":2,"STARTING PARTITION: ":{"1":4,"2":1,"3":3,"4":3,"5":1,"6":4},"LAST COALITION":[[],[{"utility":0,"ID":5}],[{"utility":83,"ID":4},{"utility":43,"ID":6}],[],[{"utility":0,"ID":1}],[{"utility":19,"ID":2},{"utility":33,"ID":3}],[]],"STARTING COALITION: ":[[null],[{"utility":0,"ID":2},{"utility":0,"ID":5}],[],[{"utility":92,"ID":3},{"utility":0,"ID":4}],[{"utility":38,"ID":1},{"utility":0,"ID":6}],[],[]],"CORE :":true,"Relazioni :":15,"Time : ":1,"LAST PARTITION":{"1":4,"2":5,"3":5,"4":2,"5":1,"6":2}},{"Modalità dinamica :":true,"Q : ":2,"STARTING PARTITION: ":{"1":4,"2":1,"3":3,"4":3,"5":1,"6":4},"LAST COALITION":[[],[{"utility":0,"ID":5}],[{"utility":83,"ID":4},{"utility":43,"ID":6}],[],[{"utility":0,"ID":1}],[{"utility":19,"ID":2},{"utility":33,"ID":3}],[]],"STARTING COALITION: ":[[null],[{"utility":0,"ID":2},{"utility":0,"ID":5}],[],[{"utility":92,"ID":3},{"utility":0,"ID":4}],[{"utility":38,"ID":1},{"utility":0,"ID":6}],[],[]],"CORE :":true,"Relazioni :":15,"Time : ":2,"LAST PARTITION":{"1":4,"2":5,"3":5,"4":2,"5":1,"6":2}},{"Modalità dinamica :":true,"Q : ":2,"STARTING PARTITION: ":{"1":4,"2":1,"3":3,"4":3,"5":1,"6":4},"LAST COALITION":[[],[{"utility":0,"ID":5}],[{"utility":83,"ID":4},{"utility":43,"ID":6}],[],[{"utility":0,"ID":1}],[{"utility":19,"ID":2},{"utility":33,"ID":3}],[]],"STARTING COALITION: ":[[null],[{"utility":0,"ID":2},{"utility":0,"ID":5}],[],[{"utility":92,"ID":3},{"utility":0,"ID":4}],[{"utility":38,"ID":1},{"utility":0,"ID":6}],[],[]],"CORE :":true,"Relazioni :":15,"Time : ":3,"LAST PARTITION":{"1":4,"2":5,"3":5,"4":2,"5":1,"6":2}},{"Modalità dinamica :":true,"Q : ":2,"STARTING PARTITION: ":{"1":4,"2":1,"3":3,"4":3,"5":1,"6":4},"LAST COALITION":[[],[{"utility":0,"ID":5}],[{"utility":83,"ID":4},{"utility":43,"ID":6}],[],[{"utility":0,"ID":1}],[{"utility":19,"ID":2},{"utility":33,"ID":3}],[]],"STARTING COALITION: ":[[null],[{"utility":0,"ID":2},{"utility":0,"ID":5}],[],[{"utility":92,"ID":3},{"utility":0,"ID":4}],[{"utility":38,"ID":1},{"utility":0,"ID":6}],[],[]],"CORE :":true,"Relazioni :":15,"Time : ":4,"LAST PARTITION":{"1":4,"2":5,"3":5,"4":2,"5":1,"6":2}},{"Modalità dinamica :":true,"Q : ":2,"STARTING PARTITION: ":{"1":4,"2":1,"3":3,"4":3,"5":1,"6":4},"LAST COALITION":[[],[{"utility":0,"ID":5}],[{"utility":0,"ID":1}],[{"utility":83,"ID":4},{"utility":43,"ID":6}],[],[{"utility":19,"ID":2},{"utility":33,"ID":3}],[]],"STARTING COALITION: ":[[null],[{"utility":0,"ID":2},{"utility":0,"ID":5}],[],[{"utility":92,"ID":3},{"utility":0,"ID":4}],[{"utility":38,"ID":1},{"utility":0,"ID":6}],[],[]],"CORE :":true,"Relazioni :":15,"Time : ":5,"LAST PARTITION":{"1":2,"2":5,"3":5,"4":3,"5":1,"6":3}},{"Modalità dinamica :":true,"Q : ":3,"STARTING PARTITION: ":{"1":4,"2":1,"3":3,"4":3,"5":1,"6":4},"LAST COALITION":[[],[],[{"utility":0,"ID":1},{"utility":80,"ID":5}],[],[{"utility":19,"ID":2},{"utility":33,"ID":3}],[{"utility":83,"ID":4},{"utility":43,"ID":6}],[]],"STARTING COALITION: ":[[null],[{"utility":0,"ID":2},{"utility":0,"ID":5}],[],[{"utility":92,"ID":3},{"utility":0,"ID":4}],[{"utility":38,"ID":1},{"utility":0,"ID":6}],[],[]],"CORE :":true,"Relazioni :":15,"Time : ":1,"LAST PARTITION":{"1":2,"2":4,"3":4,"4":5,"5":2,"6":5}},{"Modalità dinamica :":true,"Q : ":3,"STARTING PARTITION: ":{"1":4,"2":1,"3":3,"4":3,"5":1,"6":4},"LAST COALITION":[[],[{"utility":0,"ID":5}],[{"utility":0,"ID":1}],[{"utility":83,"ID":4},{"utility":43,"ID":6}],[{"utility":19,"ID":2},{"utility":33,"ID":3}],[],[]],"STARTING COALITION: ":[[null],[{"utility":0,"ID":2},{"utility":0,"ID":5}],[],[{"utility":92,"ID":3},{"utility":0,"ID":4}],[{"utility":38,"ID":1},{"utility":0,"ID":6}],[],[]],"CORE :":true,"Relazioni :":15,"Time : ":2,"LAST PARTITION":{"1":2,"2":4,"3":4,"4":3,"5":1,"6":3}},{"Modalità dinamica :":true,"Q : ":3,"STARTING PARTITION: ":{"1":4,"2":1,"3":3,"4":3,"5":1,"6":4},"LAST COALITION":[[],[],[{"utility":0,"ID":1},{"utility":80,"ID":5}],[],[{"utility":19,"ID":2},{"utility":33,"ID":3}],[{"utility":83,"ID":4},{"utility":43,"ID":6}],[]],"STARTING COALITION: ":[[null],[{"utility":0,"ID":2},{"utility":0,"ID":5}],[],[{"utility":92,"ID":3},{"utility":0,"ID":4}],[{"utility":38,"ID":1},{"utility":0,"ID":6}],[],[]],"CORE :":true,"Relazioni :":15,"Time : ":3,"LAST PARTITION":{"1":2,"2":4,"3":4,"4":5,"5":2,"6":5}},{"Modalità dinamica :":true,"Q : ":3,"STARTING PARTITION: ":{"1":4,"2":1,"3":3,"4":3,"5":1,"6":4},"LAST COALITION":[[],[{"utility":0,"ID":5}],[{"utility":100,"ID":1},{"utility":50,"ID":4}],[],[],[{"utility":9.5,"ID":2},{"utility":63.5,"ID":3},{"utility":44.5,"ID":6}],[]],"STARTING COALITION: ":[[null],[{"utility":0,"ID":2},{"utility":0,"ID":5}],[],[{"utility":92,"ID":3},{"utility":0,"ID":4}],[{"utility":38,"ID":1},{"utility":0,"ID":6}],[],[]],"CORE :":true,"Relazioni :":15,"Time : ":4,"LAST PARTITION":{"1":2,"2":5,"3":5,"4":2,"5":1,"6":5}},{"Modalità dinamica :":true,"Q : ":3,"STARTING PARTITION: ":{"1":4,"2":1,"3":3,"4":3,"5":1,"6":4},"LAST COALITION":[[],[{"utility":0,"ID":5}],[{"utility":83,"ID":4},{"utility":43,"ID":6}],[],[{"utility":0,"ID":1}],[{"utility":19,"ID":2},{"utility":33,"ID":3}],[]],"STARTING COALITION: ":[[null],[{"utility":0,"ID":2},{"utility":0,"ID":5}],[],[{"utility":92,"ID":3},{"utility":0,"ID":4}],[{"utility":38,"ID":1},{"utility":0,"ID":6}],[],[]],"CORE :":true,"Relazioni :":15,"Time : ":5,"LAST PARTITION":{"1":4,"2":5,"3":5,"4":2,"5":1,"6":2}},{"Modalità dinamica :":true,"Q : ":4,"STARTING PARTITION: ":{"1":4,"2":1,"3":3,"4":3,"5":1,"6":4},"LAST COALITION":[[],[{"utility":0,"ID":5}],[{"utility":0,"ID":1}],[],[{"utility":83,"ID":4},{"utility":43,"ID":6}],[{"utility":19,"ID":2},{"utility":33,"ID":3}],[]],"STARTING COALITION: ":[[null],[{"utility":0,"ID":2},{"utility":0,"ID":5}],[],[{"utility":92,"ID":3},{"utility":0,"ID":4}],[{"utility":38,"ID":1},{"utility":0,"ID":6}],[],[]],"CORE :":true,"Relazioni :":15,"Time : ":1,"LAST PARTITION":{"1":2,"2":5,"3":5,"4":4,"5":1,"6":4}},{"Modalità dinamica :":true,"Q : ":4,"STARTING PARTITION: ":{"1":4,"2":1,"3":3,"4":3,"5":1,"6":4},"LAST COALITION":[[],[{"utility":83,"ID":4},{"utility":43,"ID":6}],[{"utility":0,"ID":1},{"utility":80,"ID":5}],[],[{"utility":19,"ID":2},{"utility":33,"ID":3}],[],[]],"STARTING COALITION: ":[[null],[{"utility":0,"ID":2},{"utility":0,"ID":5}],[],[{"utility":92,"ID":3},{"utility":0,"ID":4}],[{"utility":38,"ID":1},{"utility":0,"ID":6}],[],[]],"CORE :":true,"Relazioni :":15,"Time : ":2,"LAST PARTITION":{"1":2,"2":4,"3":4,"4":1,"5":2,"6":1}},{"Modalità dinamica :":true,"Q : ":4,"STARTING PARTITION: ":{"1":4,"2":1,"3":3,"4":3,"5":1,"6":4},"LAST COALITION":[[],[{"utility":0,"ID":5}],[],[{"utility":83,"ID":4},{"utility":43,"ID":6}],[{"utility":0,"ID":1}],[{"utility":19,"ID":2},{"utility":33,"ID":3}],[]],"STARTING COALITION: ":[[null],[{"utility":0,"ID":2},{"utility":0,"ID":5}],[],[{"utility":92,"ID":3},{"utility":0,"ID":4}],[{"utility":38,"ID":1},{"utility":0,"ID":6}],[],[]],"CORE :":true,"Relazioni :":15,"Time : ":3,"LAST PARTITION":{"1":4,"2":5,"3":5,"4":3,"5":1,"6":3}},{"Modalità dinamica :":true,"Q : ":4,"STARTING PARTITION: ":{"1":4,"2":1,"3":3,"4":3,"5":1,"6":4},"LAST COALITION":[[],[{"utility":19,"ID":2},{"utility":33,"ID":3}],[{"utility":0,"ID":5}],[],[{"utility":83,"ID":4},{"utility":43,"ID":6}],[{"utility":0,"ID":1}],[]],"STARTING COALITION: ":[[null],[{"utility":0,"ID":2},{"utility":0,"ID":5}],[],[{"utility":92,"ID":3},{"utility":0,"ID":4}],[{"utility":38,"ID":1},{"utility":0,"ID":6}],[],[]],"CORE :":true,"Relazioni :":15,"Time : ":4,"LAST PARTITION":{"1":5,"2":1,"3":1,"4":4,"5":2,"6":4}},{"Modalità dinamica :":true,"Q : ":4,"STARTING PARTITION: ":{"1":4,"2":1,"3":3,"4":3,"5":1,"6":4},"LAST COALITION":[[],[{"utility":19,"ID":2},{"utility":33,"ID":3}],[{"utility":83,"ID":4},{"utility":43,"ID":6}],[],[],[{"utility":0,"ID":1},{"utility":80,"ID":5}],[]],"STARTING COALITION: ":[[null],[{"utility":0,"ID":2},{"utility":0,"ID":5}],[],[{"utility":92,"ID":3},{"utility":0,"ID":4}],[{"utility":38,"ID":1},{"utility":0,"ID":6}],[],[]],"CORE :":true,"Relazioni :":15,"Time : ":5,"LAST PARTITION":{"1":5,"2":1,"3":1,"4":2,"5":5,"6":2}},{"Modalità dinamica :":true,"Q : ":5,"STARTING PARTITION: ":{"1":4,"2":1,"3":3,"4":3,"5":1,"6":4},"LAST COALITION":[[],[{"utility":100,"ID":1},{"utility":50,"ID":4}],[{"utility":0,"ID":5}],[],[],[{"utility":9.5,"ID":2},{"utility":63.5,"ID":3},{"utility":44.5,"ID":6}],[]],"STARTING COALITION: ":[[null],[{"utility":0,"ID":2},{"utility":0,"ID":5}],[],[{"utility":92,"ID":3},{"utility":0,"ID":4}],[{"utility":38,"ID":1},{"utility":0,"ID":6}],[],[]],"CORE :":true,"Relazioni :":15,"Time : ":1,"LAST PARTITION":{"1":1,"2":5,"3":5,"4":1,"5":2,"6":5}},{"Modalità dinamica :":true,"Q : ":5,"STARTING PARTITION: ":{"1":4,"2":1,"3":3,"4":3,"5":1,"6":4},"LAST COALITION":[[],[{"utility":100,"ID":1},{"utility":50,"ID":4}],[],[{"utility":0,"ID":5}],[],[{"utility":9.5,"ID":2},{"utility":63.5,"ID":3},{"utility":44.5,"ID":6}],[]],"STARTING COALITION: ":[[null],[{"utility":0,"ID":2},{"utility":0,"ID":5}],[],[{"utility":92,"ID":3},{"utility":0,"ID":4}],[{"utility":38,"ID":1},{"utility":0,"ID":6}],[],[]],"CORE :":true,"Relazioni :":15,"Time : ":2,"LAST PARTITION":{"1":1,"2":5,"3":5,"4":1,"5":3,"6":5}},{"Modalità dinamica :":true,"Q : ":5,"STARTING PARTITION: ":{"1":4,"2":1,"3":3,"4":3,"5":1,"6":4},"LAST COALITION":[[],[{"utility":100,"ID":1},{"utility":50,"ID":4}],[],[{"utility":0,"ID":5}],[],[{"utility":9.5,"ID":2},{"utility":63.5,"ID":3},{"utility":44.5,"ID":6}],[]],"STARTING COALITION: ":[[null],[{"utility":0,"ID":2},{"utility":0,"ID":5}],[],[{"utility":92,"ID":3},{"utility":0,"ID":4}],[{"utility":38,"ID":1},{"utility":0,"ID":6}],[],[]],"CORE :":true,"Relazioni :":15,"Time : ":3,"LAST PARTITION":{"1":1,"2":5,"3":5,"4":1,"5":3,"6":5}},{"Modalità dinamica :":true,"Q : ":5,"STARTING PARTITION: ":{"1":4,"2":1,"3":3,"4":3,"5":1,"6":4},"LAST COALITION":[[],[{"utility":0,"ID":5}],[{"utility":0,"ID":1}],[{"utility":83,"ID":4},{"utility":43,"ID":6}],[{"utility":19,"ID":2},{"utility":33,"ID":3}],[],[]],"STARTING COALITION: ":[[null],[{"utility":0,"ID":2},{"utility":0,"ID":5}],[],[{"utility":92,"ID":3},{"utility":0,"ID":4}],[{"utility":38,"ID":1},{"utility":0,"ID":6}],[],[]],"CORE :":true,"Relazioni :":15,"Time : ":4,"LAST PARTITION":{"1":2,"2":4,"3":4,"4":3,"5":1,"6":3}},{"Modalità dinamica :":true,"Q : ":5,"STARTING PARTITION: ":{"1":4,"2":1,"3":3,"4":3,"5":1,"6":4},"LAST COALITION":[[],[{"utility":0,"ID":5}],[{"utility":0,"ID":1}],[{"utility":83,"ID":4},{"utility":43,"ID":6}],[],[{"utility":19,"ID":2},{"utility":33,"ID":3}],[]],"STARTING COALITION: ":[[null],[{"utility":0,"ID":2},{"utility":0,"ID":5}],[],[{"utility":92,"ID":3},{"utility":0,"ID":4}],[{"utility":38,"ID":1},{"utility":0,"ID":6}],[],[]],"CORE :":true,"Relazioni :":15,"Time : ":5,"LAST PARTITION":{"1":2,"2":5,"3":5,"4":3,"5":1,"6":3}},{"END OF FILE:" : true}]