[{"Modalità dinamica :":false,"Q : ":2,"STARTING PARTITION: ":{"1":3,"2":1,"3":1,"4":4,"5":4,"6":4},"LAST COALITION":[[],[],[{"utility":0,"ID":2}],[{"utility":0,"ID":1}],[{"utility":0,"ID":5},{"utility":39,"ID":6}],[{"utility":76,"ID":3},{"utility":54,"ID":4}],[]],"STARTING COALITION: ":[[null],[{"utility":20,"ID":2},{"utility":0,"ID":3}],[],[{"utility":0,"ID":1}],[{"utility":14.5,"ID":4},{"utility":0,"ID":5},{"utility":51,"ID":6}],[],[]],"CORE :":true,"Relazioni :":17,"Time : ":1,"LAST PARTITION":{"1":3,"2":2,"3":5,"4":5,"5":4,"6":4}},{"Modalità dinamica :":false,"Q : ":2,"STARTING PARTITION: ":{"1":3,"2":1,"3":1,"4":4,"5":4,"6":4},"LAST COALITION":[[],[],[{"utility":0,"ID":2}],[{"utility":0,"ID":1}],[{"utility":0,"ID":5},{"utility":39,"ID":6}],[{"utility":76,"ID":3},{"utility":54,"ID":4}],[]],"STARTING COALITION: ":[[null],[{"utility":20,"ID":2},{"utility":0,"ID":3}],[],[{"utility":0,"ID":1}],[{"utility":14.5,"ID":4},{"utility":0,"ID":5},{"utility":51,"ID":6}],[],[]],"CORE :":true,"Relazioni :":17,"Time : ":2,"LAST PARTITION":{"1":3,"2":2,"3":5,"4":5,"5":4,"6":4}},{"Modalità dinamica :":false,"Q : ":2,"STARTING PARTITION: ":{"1":3,"2":1,"3":1,"4":4,"5":4,"6":4},"LAST COALITION":[[],[],[{"utility":0,"ID":2}],[{"utility":0,"ID":1}],[{"utility":0,"ID":5},{"utility":39,"ID":6}],[{"utility":76,"ID":3},{"utility":54,"ID":4}],[]],"STARTING COALITION: ":[[null],[{"utility":20,"ID":2},{"utility":0,"ID":3}],[],[{"utility":0,"ID":1}],[{"utility":14.5,"ID":4},{"utility":0,"ID":5},{"utility":51,"ID":6}],[],[]],"CORE :":true,"Relazioni :":17,"Time : ":3,"LAST PARTITION":{"1":3,"2":2,"3":5,"4":5,"5":4,"6":4}},{"Modalità dinamica :":false,"Q : ":2,"STARTING PARTITION: ":{"1":3,"2":1,"3":1,"4":4,"5":4,"6":4},"LAST COALITION":[[],[],[{"utility":0,"ID":2}],[{"utility":0,"ID":1}],[{"utility":0,"ID":5},{"utility":39,"ID":6}],[{"utility":76,"ID":3},{"utility":54,"ID":4}],[]],"STARTING COALITION: ":[[null],[{"utility":20,"ID":2},{"utility":0,"ID":3}],[],[{"utility":0,"ID":1}],[{"utility":14.5,"ID":4},{"utility":0,"ID":5},{"utility":51,"ID":6}],[],[]],"CORE :":true,"Relazioni :":17,"Time : ":4,"LAST PARTITION":{"1":3,"2":2,"3":5,"4":5,"5":4,"6":4}},{"Modalità dinamica :":false,"Q : ":2,"STARTING PARTITION: ":{"1":3,"2":1,"3":1,"4":4,"5":4,"6":4},"LAST COALITION":[[],[],[{"utility":0,"ID":2}],[{"utility":0,"ID":1}],[{"utility":0,"ID":5},{"utility":39,"ID":6}],[{"utility":76,"ID":3},{"utility":54,"ID":4}],[]],"STARTING COALITION: ":[[null],[{"utility":20,"ID":2},{"utility":0,"ID":3}],[],[{"utility":0,"ID":1}],[{"utility":14.5,"ID":4},{"utility":0,"ID":5},{"utility":51,"ID":6}],[],[]],"CORE :":true,"Relazioni :":17,"Time : ":5,"LAST PARTITION":{"1":3,"2":2,"3":5,"4":5,"5":4,"6":4}},{"Modalità dinamica :":false,"Q : ":3,"STARTING PARTITION: ":{"1":3,"2":1,"3":1,"4":4,"5":4,"6":4},"LAST COALITION":[[],[{"utility":19.5,"ID":1},{"utility":30.5,"ID":2},{"utility":4,"ID":5}],[],[],[{"utility":0,"ID":6}],[{"utility":76,"ID":3},{"utility":54,"ID":4}],[]],"STARTING COALITION: ":[[null],[{"utility":20,"ID":2},{"utility":0,"ID":3}],[],[{"utility":0,"ID":1}],[{"utility":14.5,"ID":4},{"utility":0,"ID":5},{"utility":51,"ID":6}],[],[]],"CORE :":true,"Relazioni :":17,"Time : ":1,"LAST PARTITION":{"1":1,"2":1,"3":5,"4":5,"5":1,"6":4}},{"Modalità dinamica :":false,"Q : ":3,"STARTING PARTITION: ":{"1":3,"2":1,"3":1,"4":4,"5":4,"6":4},"LAST COALITION":[[],[{"utility":19.5,"ID":1},{"utility":30.5,"ID":2},{"utility":4,"ID":5}],[],[],[{"utility":0,"ID":6}],[{"utility":76,"ID":3},{"utility":54,"ID":4}],[]],"STARTING COALITION: ":[[null],[{"utility":20,"ID":2},{"utility":0,"ID":3}],[],[{"utility":0,"ID":1}],[{"utility":14.5,"ID":4},{"utility":0,"ID":5},{"utility":51,"ID":6}],[],[]],"CORE :":true,"Relazioni :":17,"Time : ":2,"LAST PARTITION":{"1":1,"2":1,"3":5,"4":5,"5":1,"6":4}},{"Modalità dinamica :":false,"Q : ":3,"STARTING PARTITION: ":{"1":3,"2":1,"3":1,"4":4,"5":4,"6":4},"LAST COALITION":[[],[{"utility":19.5,"ID":1},{"utility":30.5,"ID":2},{"utility":4,"ID":5}],[],[],[{"utility":0,"ID":6}],[{"utility":76,"ID":3},{"utility":54,"ID":4}],[]],"STARTING COALITION: ":[[null],[{"utility":20,"ID":2},{"utility":0,"ID":3}],[],[{"utility":0,"ID":1}],[{"utility":14.5,"ID":4},{"utility":0,"ID":5},{"utility":51,"ID":6}],[],[]],"CORE :":true,"Relazioni :":17,"Time : ":3,"LAST PARTITION":{"1":1,"2":1,"3":5,"4":5,"5":1,"6":4}},{"Modalità dinamica :":false,"Q : ":3,"STARTING PARTITION: ":{"1":3,"2":1,"3":1,"4":4,"5":4,"6":4},"LAST COALITION":[[],[{"utility":19.5,"ID":1},{"utility":30.5,"ID":2},{"utility":4,"ID":5}],[],[],[{"utility":0,"ID":6}],[{"utility":76,"ID":3},{"utility":54,"ID":4}],[]],"STARTING COALITION: ":[[null],[{"utility":20,"ID":2},{"utility":0,"ID":3}],[],[{"utility":0,"ID":1}],[{"utility":14.5,"ID":4},{"utility":0,"ID":5},{"utility":51,"ID":6}],[],[]],"CORE :":true,"Relazioni :":17,"Time : ":4,"LAST PARTITION":{"1":1,"2":1,"3":5,"4":5,"5":1,"6":4}},{"Modalità dinamica :":false,"Q : ":3,"STARTING PARTITION: ":{"1":3,"2":1,"3":1,"4":4,"5":4,"6":4},"LAST COALITION":[[],[{"utility":19.5,"ID":1},{"utility":30.5,"ID":2},{"utility":4,"ID":5}],[],[],[{"utility":0,"ID":6}],[{"utility":76,"ID":3},{"utility":54,"ID":4}],[]],"STARTING COALITION: ":[[null],[{"utility":20,"ID":2},{"utility":0,"ID":3}],[],[{"utility":0,"ID":1}],[{"utility":14.5,"ID":4},{"utility":0,"ID":5},{"utility":51,"ID":6}],[],[]],"CORE :":true,"Relazioni :":17,"Time : ":5,"LAST PARTITION":{"1":1,"2":1,"3":5,"4":5,"5":1,"6":4}},{"Modalità dinamica :":false,"Q : ":4,"STARTING PARTITION: ":{"1":3,"2":1,"3":1,"4":4,"5":4,"6":4},"LAST COALITION":[[],[{"utility":19.5,"ID":1},{"utility":30.5,"ID":2},{"utility":4,"ID":5}],[],[],[{"utility":0,"ID":6}],[{"utility":76,"ID":3},{"utility":54,"ID":4}],[]],"STARTING COALITION: ":[[null],[{"utility":20,"ID":2},{"utility":0,"ID":3}],[],[{"utility":0,"ID":1}],[{"utility":14.5,"ID":4},{"utility":0,"ID":5},{"utility":51,"ID":6}],[],[]],"CORE :":true,"Relazioni :":17,"Time : ":1,"LAST PARTITION":{"1":1,"2":1,"3":5,"4":5,"5":1,"6":4}},{"Modalità dinamica :":false,"Q : ":4,"STARTING PARTITION: ":{"1":3,"2":1,"3":1,"4":4,"5":4,"6":4},"LAST COALITION":[[],[{"utility":19.5,"ID":1},{"utility":30.5,"ID":2},{"utility":4,"ID":5}],[],[],[{"utility":0,"ID":6}],[{"utility":76,"ID":3},{"utility":54,"ID":4}],[]],"STARTING COALITION: ":[[null],[{"utility":20,"ID":2},{"utility":0,"ID":3}],[],[{"utility":0,"ID":1}],[{"utility":14.5,"ID":4},{"utility":0,"ID":5},{"utility":51,"ID":6}],[],[]],"CORE :":true,"Relazioni :":17,"Time : ":2,"LAST PARTITION":{"1":1,"2":1,"3":5,"4":5,"5":1,"6":4}},{"Modalità dinamica :":false,"Q : ":4,"STARTING PARTITION: ":{"1":3,"2":1,"3":1,"4":4,"5":4,"6":4},"LAST COALITION":[[],[{"utility":19.5,"ID":1},{"utility":30.5,"ID":2},{"utility":4,"ID":5}],[],[],[{"utility":0,"ID":6}],[{"utility":76,"ID":3},{"utility":54,"ID":4}],[]],"STARTING COALITION: ":[[null],[{"utility":20,"ID":2},{"utility":0,"ID":3}],[],[{"utility":0,"ID":1}],[{"utility":14.5,"ID":4},{"utility":0,"ID":5},{"utility":51,"ID":6}],[],[]],"CORE :":true,"Relazioni :":17,"Time : ":3,"LAST PARTITION":{"1":1,"2":1,"3":5,"4":5,"5":1,"6":4}},{"Modalità dinamica :":false,"Q : ":4,"STARTING PARTITION: ":{"1":3,"2":1,"3":1,"4":4,"5":4,"6":4},"LAST COALITION":[[],[{"utility":19.5,"ID":1},{"utility":30.5,"ID":2},{"utility":4,"ID":5}],[],[],[{"utility":0,"ID":6}],[{"utility":76,"ID":3},{"utility":54,"ID":4}],[]],"STARTING COALITION: ":[[null],[{"utility":20,"ID":2},{"utility":0,"ID":3}],[],[{"utility":0,"ID":1}],[{"utility":14.5,"ID":4},{"utility":0,"ID":5},{"utility":51,"ID":6}],[],[]],"CORE :":true,"Relazioni :":17,"Time : ":4,"LAST PARTITION":{"1":1,"2":1,"3":5,"4":5,"5":1,"6":4}},{"Modalità dinamica :":false,"Q : ":4,"STARTING PARTITION: ":{"1":3,"2":1,"3":1,"4":4,"5":4,"6":4},"LAST COALITION":[[],[{"utility":19.5,"ID":1},{"utility":30.5,"ID":2},{"utility":4,"ID":5}],[],[],[{"utility":0,"ID":6}],[{"utility":76,"ID":3},{"utility":54,"ID":4}],[]],"STARTING COALITION: ":[[null],[{"utility":20,"ID":2},{"utility":0,"ID":3}],[],[{"utility":0,"ID":1}],[{"utility":14.5,"ID":4},{"utility":0,"ID":5},{"utility":51,"ID":6}],[],[]],"CORE :":true,"Relazioni :":17,"Time : ":5,"LAST PARTITION":{"1":1,"2":1,"3":5,"4":5,"5":1,"6":4}},{"Modalità dinamica :":false,"Q : ":5,"STARTING PARTITION: ":{"1":3,"2":1,"3":1,"4":4,"5":4,"6":4},"LAST COALITION":[[],[{"utility":19.5,"ID":1},{"utility":30.5,"ID":2},{"utility":4,"ID":5}],[],[],[{"utility":0,"ID":6}],[{"utility":76,"ID":3},{"utility":54,"ID":4}],[]],"STARTING COALITION: ":[[null],[{"utility":20,"ID":2},{"utility":0,"ID":3}],[],[{"utility":0,"ID":1}],[{"utility":14.5,"ID":4},{"utility":0,"ID":5},{"utility":51,"ID":6}],[],[]],"CORE :":true,"Relazioni :":17,"Time : ":1,"LAST PARTITION":{"1":1,"2":1,"3":5,"4":5,"5":1,"6":4}},{"Modalità dinamica :":false,"Q : ":5,"STARTING PARTITION: ":{"1":3,"2":1,"3":1,"4":4,"5":4,"6":4},"LAST COALITION":[[],[{"utility":19.5,"ID":1},{"utility":30.5,"ID":2},{"utility":4,"ID":5}],[],[],[{"utility":0,"ID":6}],[{"utility":76,"ID":3},{"utility":54,"ID":4}],[]],"STARTING COALITION: ":[[null],[{"utility":20,"ID":2},{"utility":0,"ID":3}],[],[{"utility":0,"ID":1}],[{"utility":14.5,"ID":4},{"utility":0,"ID":5},{"utility":51,"ID":6}],[],[]],"CORE :":true,"Relazioni :":17,"Time : ":2,"LAST PARTITION":{"1":1,"2":1,"3":5,"4":5,"5":1,"6":4}},{"Modalità dinamica :":false,"Q : ":5,"STARTING PARTITION: ":{"1":3,"2":1,"3":1,"4":4,"5":4,"6":4},"LAST COALITION":[[],[{"utility":19.5,"ID":1},{"utility":30.5,"ID":2},{"utility":4,"ID":5}],[],[],[{"utility":0,"ID":6}],[{"utility":76,"ID":3},{"utility":54,"ID":4}],[]],"STARTING COALITION: ":[[null],[{"utility":20,"ID":2},{"utility":0,"ID":3}],[],[{"utility":0,"ID":1}],[{"utility":14.5,"ID":4},{"utility":0,"ID":5},{"utility":51,"ID":6}],[],[]],"CORE :":true,"Relazioni :":17,"Time : ":3,"LAST PARTITION":{"1":1,"2":1,"3":5,"4":5,"5":1,"6":4}},{"Modalità dinamica :":false,"Q : ":5,"STARTING PARTITION: ":{"1":3,"2":1,"3":1,"4":4,"5":4,"6":4},"LAST COALITION":[[],[{"utility":19.5,"ID":1},{"utility":30.5,"ID":2},{"utility":4,"ID":5}],[],[],[{"utility":0,"ID":6}],[{"utility":76,"ID":3},{"utility":54,"ID":4}],[]],"STARTING COALITION: ":[[null],[{"utility":20,"ID":2},{"utility":0,"ID":3}],[],[{"utility":0,"ID":1}],[{"utility":14.5,"ID":4},{"utility":0,"ID":5},{"utility":51,"ID":6}],[],[]],"CORE :":true,"Relazioni :":17,"Time : ":4,"LAST PARTITION":{"1":1,"2":1,"3":5,"4":5,"5":1,"6":4}},{"Modalità dinamica :":false,"Q : ":5,"STARTING PARTITION: ":{"1":3,"2":1,"3":1,"4":4,"5":4,"6":4},"LAST COALITION":[[],[{"utility":19.5,"ID":1},{"utility":30.5,"ID":2},{"utility":4,"ID":5}],[],[],[{"utility":0,"ID":6}],[{"utility":76,"ID":3},{"utility":54,"ID":4}],[]],"STARTING COALITION: ":[[null],[{"utility":20,"ID":2},{"utility":0,"ID":3}],[],[{"utility":0,"ID":1}],[{"utility":14.5,"ID":4},{"utility":0,"ID":5},{"utility":51,"ID":6}],[],[]],"CORE :":true,"Relazioni :":17,"Time : ":5,"LAST PARTITION":{"1":1,"2":1,"3":5,"4":5,"5":1,"6":4}},{"Modalità dinamica :":true,"Q : ":2,"STARTING PARTITION: ":{"1":3,"2":1,"3":1,"4":4,"5":4,"6":4},"LAST COALITION":[[],[{"utility":0,"ID":2}],[{"utility":76,"ID":3},{"utility":54,"ID":4}],[{"utility":0,"ID":1}],[{"utility":0,"ID":5},{"utility":39,"ID":6}],[],[]],"STARTING COALITION: ":[[null],[{"utility":20,"ID":2},{"utility":0,"ID":3}],[],[{"utility":0,"ID":1}],[{"utility":14.5,"ID":4},{"utility":0,"ID":5},{"utility":51,"ID":6}],[],[]],"CORE :":true,"Relazioni :":17,"Time : ":1,"LAST PARTITION":{"1":3,"2":1,"3":2,"4":2,"5":4,"6":4}},{"Modalità dinamica :":true,"Q : ":2,"STARTING PARTITION: ":{"1":3,"2":1,"3":1,"4":4,"5":4,"6":4},"LAST COALITION":[[],[{"utility":0,"ID":2}],[{"utility":76,"ID":3},{"utility":54,"ID":4}],[{"utility":0,"ID":1}],[{"utility":0,"ID":5},{"utility":39,"ID":6}],[],[]],"STARTING COALITION: ":[[null],[{"utility":20,"ID":2},{"utility":0,"ID":3}],[],[{"utility":0,"ID":1}],[{"utility":14.5,"ID":4},{"utility":0,"ID":5},{"utility":51,"ID":6}],[],[]],"CORE :":true,"Relazioni :":17,"Time : ":2,"LAST PARTITION":{"1":3,"2":1,"3":2,"4":2,"5":4,"6":4}},{"Modalità dinamica :":true,"Q : ":2,"STARTING PARTITION: ":{"1":3,"2":1,"3":1,"4":4,"5":4,"6":4},"LAST COALITION":[[],[{"utility":0,"ID":2}],[{"utility":76,"ID":3},{"utility":54,"ID":4}],[{"utility":0,"ID":1}],[{"utility":0,"ID":5},{"utility":39,"ID":6}],[],[]],"STARTING COALITION: ":[[null],[{"utility":20,"ID":2},{"utility":0,"ID":3}],[],[{"utility":0,"ID":1}],[{"utility":14.5,"ID":4},{"utility":0,"ID":5},{"utility":51,"ID":6}],[],[]],"CORE :":true,"Relazioni :":17,"Time : ":3,"LAST PARTITION":{"1":3,"2":1,"3":2,"4":2,"5":4,"6":4}},{"Modalità dinamica :":true,"Q : ":2,"STARTING PARTITION: ":{"1":3,"2":1,"3":1,"4":4,"5":4,"6":4},"LAST COALITION":[[],[],[{"utility":0,"ID":2}],[{"utility":0,"ID":1}],[{"utility":0,"ID":5},{"utility":39,"ID":6}],[{"utility":76,"ID":3},{"utility":54,"ID":4}],[]],"STARTING COALITION: ":[[null],[{"utility":20,"ID":2},{"utility":0,"ID":3}],[],[{"utility":0,"ID":1}],[{"utility":14.5,"ID":4},{"utility":0,"ID":5},{"utility":51,"ID":6}],[],[]],"CORE :":true,"Relazioni :":17,"Time : ":4,"LAST PARTITION":{"1":3,"2":2,"3":5,"4":5,"5":4,"6":4}},{"Modalità dinamica :":true,"Q : ":2,"STARTING PARTITION: ":{"1":3,"2":1,"3":1,"4":4,"5":4,"6":4},"LAST COALITION":[[],[{"utility":0,"ID":2}],[{"utility":76,"ID":3},{"utility":54,"ID":4}],[{"utility":0,"ID":1}],[{"utility":0,"ID":5},{"utility":39,"ID":6}],[],[]],"STARTING COALITION: ":[[null],[{"utility":20,"ID":2},{"utility":0,"ID":3}],[],[{"utility":0,"ID":1}],[{"utility":14.5,"ID":4},{"utility":0,"ID":5},{"utility":51,"ID":6}],[],[]],"CORE :":true,"Relazioni :":17,"Time : ":5,"LAST PARTITION":{"1":3,"2":1,"3":2,"4":2,"5":4,"6":4}},{"Modalità dinamica :":true,"Q : ":3,"STARTING PARTITION: ":{"1":3,"2":1,"3":1,"4":4,"5":4,"6":4},"LAST COALITION":[[],[],[{"utility":0,"ID":1},{"utility":61,"ID":2}],[{"utility":76,"ID":3},{"utility":54,"ID":4}],[{"utility":0,"ID":5},{"utility":39,"ID":6}],[],[]],"STARTING COALITION: ":[[null],[{"utility":20,"ID":2},{"utility":0,"ID":3}],[],[{"utility":0,"ID":1}],[{"utility":14.5,"ID":4},{"utility":0,"ID":5},{"utility":51,"ID":6}],[],[]],"CORE :":true,"Relazioni :":17,"Time : ":1,"LAST PARTITION":{"1":2,"2":2,"3":3,"4":3,"5":4,"6":4}},{"Modalità dinamica :":true,"Q : ":3,"STARTING PARTITION: ":{"1":3,"2":1,"3":1,"4":4,"5":4,"6":4},"LAST COALITION":[[],[],[{"utility":19.5,"ID":1},{"utility":30.5,"ID":2},{"utility":4,"ID":5}],[{"utility":76,"ID":3},{"utility":54,"ID":4}],[{"utility":0,"ID":6}],[],[]],"STARTING COALITION: ":[[null],[{"utility":20,"ID":2},{"utility":0,"ID":3}],[],[{"utility":0,"ID":1}],[{"utility":14.5,"ID":4},{"utility":0,"ID":5},{"utility":51,"ID":6}],[],[]],"CORE :":true,"Relazioni :":17,"Time : ":2,"LAST PARTITION":{"1":2,"2":2,"3":3,"4":3,"5":2,"6":4}},{"Modalità dinamica :":true,"Q : ":3,"STARTING PARTITION: ":{"1":3,"2":1,"3":1,"4":4,"5":4,"6":4},"LAST COALITION":[[],[],[{"utility":76,"ID":3},{"utility":54,"ID":4}],[],[{"utility":0,"ID":6}],[{"utility":19.5,"ID":1},{"utility":30.5,"ID":2},{"utility":4,"ID":5}],[]],"STARTING COALITION: ":[[null],[{"utility":20,"ID":2},{"utility":0,"ID":3}],[],[{"utility":0,"ID":1}],[{"utility":14.5,"ID":4},{"utility":0,"ID":5},{"utility":51,"ID":6}],[],[]],"CORE :":true,"Relazioni :":17,"Time : ":3,"LAST PARTITION":{"1":5,"2":5,"3":2,"4":2,"5":5,"6":4}},{"Modalità dinamica :":true,"Q : ":3,"STARTING PARTITION: ":{"1":3,"2":1,"3":1,"4":4,"5":4,"6":4},"LAST COALITION":[[],[],[{"utility":39,"ID":1},{"utility":0,"ID":5}],[{"utility":0,"ID":2}],[{"utility":0,"ID":6}],[{"utility":76,"ID":3},{"utility":54,"ID":4}],[]],"STARTING COALITION: ":[[null],[{"utility":20,"ID":2},{"utility":0,"ID":3}],[],[{"utility":0,"ID":1}],[{"utility":14.5,"ID":4},{"utility":0,"ID":5},{"utility":51,"ID":6}],[],[]],"CORE :":true,"Relazioni :":17,"Time : ":4,"LAST PARTITION":{"1":2,"2":3,"3":5,"4":5,"5":2,"6":4}},{"Modalità dinamica :":true,"Q : ":3,"STARTING PARTITION: ":{"1":3,"2":1,"3":1,"4":4,"5":4,"6":4},"LAST COALITION":[[],[],[{"utility":76,"ID":3},{"utility":54,"ID":4}],[],[{"utility":0,"ID":6}],[{"utility":19.5,"ID":1},{"utility":30.5,"ID":2},{"utility":4,"ID":5}],[]],"STARTING COALITION: ":[[null],[{"utility":20,"ID":2},{"utility":0,"ID":3}],[],[{"utility":0,"ID":1}],[{"utility":14.5,"ID":4},{"utility":0,"ID":5},{"utility":51,"ID":6}],[],[]],"CORE :":true,"Relazioni :":17,"Time : ":5,"LAST PARTITION":{"1":5,"2":5,"3":2,"4":2,"5":5,"6":4}},{"Modalità dinamica :":true,"Q : ":4,"STARTING PARTITION: ":{"1":3,"2":1,"3":1,"4":4,"5":4,"6":4},"LAST COALITION":[[],[{"utility":0,"ID":2}],[{"utility":39,"ID":1},{"utility":0,"ID":5}],[{"utility":0,"ID":6}],[{"utility":76,"ID":3},{"utility":54,"ID":4}],[],[]],"STARTING COALITION: ":[[null],[{"utility":20,"ID":2},{"utility":0,"ID":3}],[],[{"utility":0,"ID":1}],[{"utility":14.5,"ID":4},{"utility":0,"ID":5},{"utility":51,"ID":6}],[],[]],"CORE :":true,"Relazioni :":17,"Time : ":1,"LAST PARTITION":{"1":2,"2":1,"3":4,"4":4,"5":2,"6":3}},{"Modalità dinamica :":true,"Q : ":4,"STARTING PARTITION: ":{"1":3,"2":1,"3":1,"4":4,"5":4,"6":4},"LAST COALITION":[[],[{"utility":76,"ID":3},{"utility":54,"ID":4}],[],[],[{"utility":0,"ID":6}],[{"utility":19.5,"ID":1},{"utility":30.5,"ID":2},{"utility":4,"ID":5}],[]],"STARTING COALITION: ":[[null],[{"utility":20,"ID":2},{"utility":0,"ID":3}],[],[{"utility":0,"ID":1}],[{"utility":14.5,"ID":4},{"utility":0,"ID":5},{"utility":51,"ID":6}],[],[]],"CORE :":true,"Relazioni :":17,"Time : ":2,"LAST PARTITION":{"1":5,"2":5,"3":1,"4":1,"5":5,"6":4}},{"Modalità dinamica :":true,"Q : ":4,"STARTING PARTITION: ":{"1":3,"2":1,"3":1,"4":4,"5":4,"6":4},"LAST COALITION":[[],[{"utility":76,"ID":3},{"utility":54,"ID":4}],[{"utility":0,"ID":1},{"utility":61,"ID":2}],[],[{"utility":0,"ID":5},{"utility":39,"ID":6}],[],[]],"STARTING COALITION: ":[[null],[{"utility":20,"ID":2},{"utility":0,"ID":3}],[],[{"utility":0,"ID":1}],[{"utility":14.5,"ID":4},{"utility":0,"ID":5},{"utility":51,"ID":6}],[],[]],"CORE :":true,"Relazioni :":17,"Time : ":3,"LAST PARTITION":{"1":2,"2":2,"3":1,"4":1,"5":4,"6":4}},{"Modalità dinamica :":true,"Q : ":4,"STARTING PARTITION: ":{"1":3,"2":1,"3":1,"4":4,"5":4,"6":4},"LAST COALITION":[[],[{"utility":76,"ID":3},{"utility":54,"ID":4}],[{"utility":0,"ID":1},{"utility":61,"ID":2}],[],[{"utility":0,"ID":5},{"utility":39,"ID":6}],[],[]],"STARTING COALITION: ":[[null],[{"utility":20,"ID":2},{"utility":0,"ID":3}],[],[{"utility":0,"ID":1}],[{"utility":14.5,"ID":4},{"utility":0,"ID":5},{"utility":51,"ID":6}],[],[]],"CORE :":true,"Relazioni :":17,"Time : ":4,"LAST PARTITION":{"1":2,"2":2,"3":1,"4":1,"5":4,"6":4}},{"Modalità dinamica :":true,"Q : ":4,"STARTING PARTITION: ":{"1":3,"2":1,"3":1,"4":4,"5":4,"6":4},"LAST COALITION":[[],[{"utility":0,"ID":2}],[{"utility":39,"ID":1},{"utility":0,"ID":5}],[{"utility":0,"ID":6}],[{"utility":76,"ID":3},{"utility":54,"ID":4}],[],[]],"STARTING COALITION: ":[[null],[{"utility":20,"ID":2},{"utility":0,"ID":3}],[],[{"utility":0,"ID":1}],[{"utility":14.5,"ID":4},{"utility":0,"ID":5},{"utility":51,"ID":6}],[],[]],"CORE :":true,"Relazioni :":17,"Time : ":5,"LAST PARTITION":{"1":2,"2":1,"3":4,"4":4,"5":2,"6":3}},{"Modalità dinamica :":true,"Q : ":5,"STARTING PARTITION: ":{"1":3,"2":1,"3":1,"4":4,"5":4,"6":4},"LAST COALITION":[[],[],[],[{"utility":76,"ID":3},{"utility":54,"ID":4}],[{"utility":0,"ID":6}],[{"utility":19.5,"ID":1},{"utility":30.5,"ID":2},{"utility":4,"ID":5}],[]],"STARTING COALITION: ":[[null],[{"utility":20,"ID":2},{"utility":0,"ID":3}],[],[{"utility":0,"ID":1}],[{"utility":14.5,"ID":4},{"utility":0,"ID":5},{"utility":51,"ID":6}],[],[]],"CORE :":true,"Relazioni :":17,"Time : ":1,"LAST PARTITION":{"1":5,"2":5,"3":3,"4":3,"5":5,"6":4}},{"Modalità dinamica :":true,"Q : ":5,"STARTING PARTITION: ":{"1":3,"2":1,"3":1,"4":4,"5":4,"6":4},"LAST COALITION":[[],[{"utility":76,"ID":3},{"utility":54,"ID":4}],[],[],[{"utility":0,"ID":6}],[{"utility":19.5,"ID":1},{"utility":30.5,"ID":2},{"utility":4,"ID":5}],[]],"STARTING COALITION: ":[[null],[{"utility":20,"ID":2},{"utility":0,"ID":3}],[],[{"utility":0,"ID":1}],[{"utility":14.5,"ID":4},{"utility":0,"ID":5},{"utility":51,"ID":6}],[],[]],"CORE :":true,"Relazioni :":17,"Time : ":2,"LAST PARTITION":{"1":5,"2":5,"3":1,"4":1,"5":5,"6":4}},{"Modalità dinamica :":true,"Q : ":5,"STARTING PARTITION: ":{"1":3,"2":1,"3":1,"4":4,"5":4,"6":4},"LAST COALITION":[[],[{"utility":76,"ID":3},{"utility":54,"ID":4}],[{"utility":0,"ID":5}],[],[],[{"utility":9,"ID":1},{"utility":30.5,"ID":2},{"utility":12.5,"ID":6}],[]],"STARTING COALITION: ":[[null],[{"utility":20,"ID":2},{"utility":0,"ID":3}],[],[{"utility":0,"ID":1}],[{"utility":14.5,"ID":4},{"utility":0,"ID":5},{"utility":51,"ID":6}],[],[]],"CORE :":true,"Relazioni :":17,"Time : ":3,"LAST PARTITION":{"1":5,"2":5,"3":1,"4":1,"5":2,"6":5}},{"Modalità dinamica :":true,"Q : ":5,"STARTING PARTITION: ":{"1":3,"2":1,"3":1,"4":4,"5":4,"6":4},"LAST COALITION":[[],[{"utility":76,"ID":3},{"utility":54,"ID":4}],[],[{"utility":0,"ID":5}],[],[{"utility":9,"ID":1},{"utility":30.5,"ID":2},{"utility":12.5,"ID":6}],[]],"STARTING COALITION: ":[[null],[{"utility":20,"ID":2},{"utility":0,"ID":3}],[],[{"utility":0,"ID":1}],[{"utility":14.5,"ID":4},{"utility":0,"ID":5},{"utility":51,"ID":6}],[],[]],"CORE :":true,"Relazioni :":17,"Time : ":4,"LAST PARTITION":{"1":5,"2":5,"3":1,"4":1,"5":3,"6":5}},{"Modalità dinamica :":true,"Q : ":5,"STARTING PARTITION: ":{"1":3,"2":1,"3":1,"4":4,"5":4,"6":4},"LAST COALITION":[[],[{"utility":99,"ID":2},{"utility":48,"ID":4}],[{"utility":97,"ID":3},{"utility":0,"ID":5}],[{"utility":0,"ID":1}],[{"utility":0,"ID":6}],[],[]],"STARTING COALITION: ":[[null],[{"utility":20,"ID":2},{"utility":0,"ID":3}],[],[{"utility":0,"ID":1}],[{"utility":14.5,"ID":4},{"utility":0,"ID":5},{"utility":51,"ID":6}],[],[]],"CORE :":true,"Relazioni :":17,"Time : ":5,"LAST PARTITION":{"1":3,"2":1,"3":2,"4":1,"5":2,"6":4}},{"END OF FILE:" : true}]