[{"Modalità dinamica :":false,"Q : ":2,"STARTING PARTITION: ":{"1":1,"2":3,"3":4,"4":4,"5":4,"6":3},"LAST COALITION":[[],[{"utility":43,"ID":3},{"utility":71,"ID":6}],[],[{"utility":72,"ID":2},{"utility":80,"ID":4}],[{"utility":0,"ID":5}],[{"utility":0,"ID":1}],[]],"STARTING COALITION: ":[[null],[{"utility":0,"ID":1}],[],[{"utility":97,"ID":2},{"utility":0,"ID":6}],[{"utility":0,"ID":3},{"utility":5,"ID":4},{"utility":0,"ID":5}],[],[]],"CORE :":true,"Relazioni :":18,"Time : ":1,"LAST PARTITION":{"1":5,"2":3,"3":1,"4":3,"5":4,"6":1}},{"Modalità dinamica :":false,"Q : ":2,"STARTING PARTITION: ":{"1":1,"2":3,"3":4,"4":4,"5":4,"6":3},"LAST COALITION":[[],[{"utility":43,"ID":3},{"utility":71,"ID":6}],[],[{"utility":72,"ID":2},{"utility":80,"ID":4}],[{"utility":0,"ID":5}],[{"utility":0,"ID":1}],[]],"STARTING COALITION: ":[[null],[{"utility":0,"ID":1}],[],[{"utility":97,"ID":2},{"utility":0,"ID":6}],[{"utility":0,"ID":3},{"utility":5,"ID":4},{"utility":0,"ID":5}],[],[]],"CORE :":true,"Relazioni :":18,"Time : ":2,"LAST PARTITION":{"1":5,"2":3,"3":1,"4":3,"5":4,"6":1}},{"Modalità dinamica :":false,"Q : ":2,"STARTING PARTITION: ":{"1":1,"2":3,"3":4,"4":4,"5":4,"6":3},"LAST COALITION":[[],[{"utility":43,"ID":3},{"utility":71,"ID":6}],[],[{"utility":72,"ID":2},{"utility":80,"ID":4}],[{"utility":0,"ID":5}],[{"utility":0,"ID":1}],[]],"STARTING COALITION: ":[[null],[{"utility":0,"ID":1}],[],[{"utility":97,"ID":2},{"utility":0,"ID":6}],[{"utility":0,"ID":3},{"utility":5,"ID":4},{"utility":0,"ID":5}],[],[]],"CORE :":true,"Relazioni :":18,"Time : ":3,"LAST PARTITION":{"1":5,"2":3,"3":1,"4":3,"5":4,"6":1}},{"Modalità dinamica :":false,"Q : ":2,"STARTING PARTITION: ":{"1":1,"2":3,"3":4,"4":4,"5":4,"6":3},"LAST COALITION":[[],[{"utility":43,"ID":3},{"utility":71,"ID":6}],[],[{"utility":72,"ID":2},{"utility":80,"ID":4}],[{"utility":0,"ID":5}],[{"utility":0,"ID":1}],[]],"STARTING COALITION: ":[[null],[{"utility":0,"ID":1}],[],[{"utility":97,"ID":2},{"utility":0,"ID":6}],[{"utility":0,"ID":3},{"utility":5,"ID":4},{"utility":0,"ID":5}],[],[]],"CORE :":true,"Relazioni :":18,"Time : ":4,"LAST PARTITION":{"1":5,"2":3,"3":1,"4":3,"5":4,"6":1}},{"Modalità dinamica :":false,"Q : ":2,"STARTING PARTITION: ":{"1":1,"2":3,"3":4,"4":4,"5":4,"6":3},"LAST COALITION":[[],[{"utility":43,"ID":3},{"utility":71,"ID":6}],[],[{"utility":72,"ID":2},{"utility":80,"ID":4}],[{"utility":0,"ID":5}],[{"utility":0,"ID":1}],[]],"STARTING COALITION: ":[[null],[{"utility":0,"ID":1}],[],[{"utility":97,"ID":2},{"utility":0,"ID":6}],[{"utility":0,"ID":3},{"utility":5,"ID":4},{"utility":0,"ID":5}],[],[]],"CORE :":true,"Relazioni :":18,"Time : ":5,"LAST PARTITION":{"1":5,"2":3,"3":1,"4":3,"5":4,"6":1}},{"Modalità dinamica :":false,"Q : ":3,"STARTING PARTITION: ":{"1":1,"2":3,"3":4,"4":4,"5":4,"6":3},"LAST COALITION":[[],[{"utility":43,"ID":3},{"utility":71,"ID":6}],[],[{"utility":72,"ID":2},{"utility":80,"ID":4}],[{"utility":0,"ID":5}],[{"utility":0,"ID":1}],[]],"STARTING COALITION: ":[[null],[{"utility":0,"ID":1}],[],[{"utility":97,"ID":2},{"utility":0,"ID":6}],[{"utility":0,"ID":3},{"utility":5,"ID":4},{"utility":0,"ID":5}],[],[]],"CORE :":true,"Relazioni :":18,"Time : ":1,"LAST PARTITION":{"1":5,"2":3,"3":1,"4":3,"5":4,"6":1}},{"Modalità dinamica :":false,"Q : ":3,"STARTING PARTITION: ":{"1":1,"2":3,"3":4,"4":4,"5":4,"6":3},"LAST COALITION":[[],[{"utility":43,"ID":3},{"utility":71,"ID":6}],[],[{"utility":72,"ID":2},{"utility":80,"ID":4}],[{"utility":0,"ID":5}],[{"utility":0,"ID":1}],[]],"STARTING COALITION: ":[[null],[{"utility":0,"ID":1}],[],[{"utility":97,"ID":2},{"utility":0,"ID":6}],[{"utility":0,"ID":3},{"utility":5,"ID":4},{"utility":0,"ID":5}],[],[]],"CORE :":true,"Relazioni :":18,"Time : ":2,"LAST PARTITION":{"1":5,"2":3,"3":1,"4":3,"5":4,"6":1}},{"Modalità dinamica :":false,"Q : ":3,"STARTING PARTITION: ":{"1":1,"2":3,"3":4,"4":4,"5":4,"6":3},"LAST COALITION":[[],[{"utility":43,"ID":3},{"utility":71,"ID":6}],[],[{"utility":72,"ID":2},{"utility":80,"ID":4}],[{"utility":0,"ID":5}],[{"utility":0,"ID":1}],[]],"STARTING COALITION: ":[[null],[{"utility":0,"ID":1}],[],[{"utility":97,"ID":2},{"utility":0,"ID":6}],[{"utility":0,"ID":3},{"utility":5,"ID":4},{"utility":0,"ID":5}],[],[]],"CORE :":true,"Relazioni :":18,"Time : ":3,"LAST PARTITION":{"1":5,"2":3,"3":1,"4":3,"5":4,"6":1}},{"Modalità dinamica :":false,"Q : ":3,"STARTING PARTITION: ":{"1":1,"2":3,"3":4,"4":4,"5":4,"6":3},"LAST COALITION":[[],[{"utility":43,"ID":3},{"utility":71,"ID":6}],[],[{"utility":72,"ID":2},{"utility":80,"ID":4}],[{"utility":0,"ID":5}],[{"utility":0,"ID":1}],[]],"STARTING COALITION: ":[[null],[{"utility":0,"ID":1}],[],[{"utility":97,"ID":2},{"utility":0,"ID":6}],[{"utility":0,"ID":3},{"utility":5,"ID":4},{"utility":0,"ID":5}],[],[]],"CORE :":true,"Relazioni :":18,"Time : ":4,"LAST PARTITION":{"1":5,"2":3,"3":1,"4":3,"5":4,"6":1}},{"Modalità dinamica :":false,"Q : ":3,"STARTING PARTITION: ":{"1":1,"2":3,"3":4,"4":4,"5":4,"6":3},"LAST COALITION":[[],[{"utility":43,"ID":3},{"utility":71,"ID":6}],[],[{"utility":72,"ID":2},{"utility":80,"ID":4}],[{"utility":0,"ID":5}],[{"utility":0,"ID":1}],[]],"STARTING COALITION: ":[[null],[{"utility":0,"ID":1}],[],[{"utility":97,"ID":2},{"utility":0,"ID":6}],[{"utility":0,"ID":3},{"utility":5,"ID":4},{"utility":0,"ID":5}],[],[]],"CORE :":true,"Relazioni :":18,"Time : ":5,"LAST PARTITION":{"1":5,"2":3,"3":1,"4":3,"5":4,"6":1}},{"Modalità dinamica :":false,"Q : ":4,"STARTING PARTITION: ":{"1":1,"2":3,"3":4,"4":4,"5":4,"6":3},"LAST COALITION":[[],[{"utility":43,"ID":3},{"utility":71,"ID":6}],[],[{"utility":72,"ID":2},{"utility":80,"ID":4}],[{"utility":0,"ID":5}],[{"utility":0,"ID":1}],[]],"STARTING COALITION: ":[[null],[{"utility":0,"ID":1}],[],[{"utility":97,"ID":2},{"utility":0,"ID":6}],[{"utility":0,"ID":3},{"utility":5,"ID":4},{"utility":0,"ID":5}],[],[]],"CORE :":true,"Relazioni :":18,"Time : ":1,"LAST PARTITION":{"1":5,"2":3,"3":1,"4":3,"5":4,"6":1}},{"Modalità dinamica :":false,"Q : ":4,"STARTING PARTITION: ":{"1":1,"2":3,"3":4,"4":4,"5":4,"6":3},"LAST COALITION":[[],[{"utility":43,"ID":3},{"utility":71,"ID":6}],[],[{"utility":72,"ID":2},{"utility":80,"ID":4}],[{"utility":0,"ID":5}],[{"utility":0,"ID":1}],[]],"STARTING COALITION: ":[[null],[{"utility":0,"ID":1}],[],[{"utility":97,"ID":2},{"utility":0,"ID":6}],[{"utility":0,"ID":3},{"utility":5,"ID":4},{"utility":0,"ID":5}],[],[]],"CORE :":true,"Relazioni :":18,"Time : ":2,"LAST PARTITION":{"1":5,"2":3,"3":1,"4":3,"5":4,"6":1}},{"Modalità dinamica :":false,"Q : ":4,"STARTING PARTITION: ":{"1":1,"2":3,"3":4,"4":4,"5":4,"6":3},"LAST COALITION":[[],[{"utility":43,"ID":3},{"utility":71,"ID":6}],[],[{"utility":72,"ID":2},{"utility":80,"ID":4}],[{"utility":0,"ID":5}],[{"utility":0,"ID":1}],[]],"STARTING COALITION: ":[[null],[{"utility":0,"ID":1}],[],[{"utility":97,"ID":2},{"utility":0,"ID":6}],[{"utility":0,"ID":3},{"utility":5,"ID":4},{"utility":0,"ID":5}],[],[]],"CORE :":true,"Relazioni :":18,"Time : ":3,"LAST PARTITION":{"1":5,"2":3,"3":1,"4":3,"5":4,"6":1}},{"Modalità dinamica :":false,"Q : ":4,"STARTING PARTITION: ":{"1":1,"2":3,"3":4,"4":4,"5":4,"6":3},"LAST COALITION":[[],[{"utility":43,"ID":3},{"utility":71,"ID":6}],[],[{"utility":72,"ID":2},{"utility":80,"ID":4}],[{"utility":0,"ID":5}],[{"utility":0,"ID":1}],[]],"STARTING COALITION: ":[[null],[{"utility":0,"ID":1}],[],[{"utility":97,"ID":2},{"utility":0,"ID":6}],[{"utility":0,"ID":3},{"utility":5,"ID":4},{"utility":0,"ID":5}],[],[]],"CORE :":true,"Relazioni :":18,"Time : ":4,"LAST PARTITION":{"1":5,"2":3,"3":1,"4":3,"5":4,"6":1}},{"Modalità dinamica :":false,"Q : ":4,"STARTING PARTITION: ":{"1":1,"2":3,"3":4,"4":4,"5":4,"6":3},"LAST COALITION":[[],[{"utility":43,"ID":3},{"utility":71,"ID":6}],[],[{"utility":72,"ID":2},{"utility":80,"ID":4}],[{"utility":0,"ID":5}],[{"utility":0,"ID":1}],[]],"STARTING COALITION: ":[[null],[{"utility":0,"ID":1}],[],[{"utility":97,"ID":2},{"utility":0,"ID":6}],[{"utility":0,"ID":3},{"utility":5,"ID":4},{"utility":0,"ID":5}],[],[]],"CORE :":true,"Relazioni :":18,"Time : ":5,"LAST PARTITION":{"1":5,"2":3,"3":1,"4":3,"5":4,"6":1}},{"Modalità dinamica :":false,"Q : ":5,"STARTING PARTITION: ":{"1":1,"2":3,"3":4,"4":4,"5":4,"6":3},"LAST COALITION":[[],[{"utility":43,"ID":3},{"utility":71,"ID":6}],[],[{"utility":72,"ID":2},{"utility":80,"ID":4}],[{"utility":0,"ID":5}],[{"utility":0,"ID":1}],[]],"STARTING COALITION: ":[[null],[{"utility":0,"ID":1}],[],[{"utility":97,"ID":2},{"utility":0,"ID":6}],[{"utility":0,"ID":3},{"utility":5,"ID":4},{"utility":0,"ID":5}],[],[]],"CORE :":true,"Relazioni :":18,"Time : ":1,"LAST PARTITION":{"1":5,"2":3,"3":1,"4":3,"5":4,"6":1}},{"Modalità dinamica :":false,"Q : ":5,"STARTING PARTITION: ":{"1":1,"2":3,"3":4,"4":4,"5":4,"6":3},"LAST COALITION":[[],[{"utility":43,"ID":3},{"utility":71,"ID":6}],[],[{"utility":72,"ID":2},{"utility":80,"ID":4}],[{"utility":0,"ID":5}],[{"utility":0,"ID":1}],[]],"STARTING COALITION: ":[[null],[{"utility":0,"ID":1}],[],[{"utility":97,"ID":2},{"utility":0,"ID":6}],[{"utility":0,"ID":3},{"utility":5,"ID":4},{"utility":0,"ID":5}],[],[]],"CORE :":true,"Relazioni :":18,"Time : ":2,"LAST PARTITION":{"1":5,"2":3,"3":1,"4":3,"5":4,"6":1}},{"Modalità dinamica :":false,"Q : ":5,"STARTING PARTITION: ":{"1":1,"2":3,"3":4,"4":4,"5":4,"6":3},"LAST COALITION":[[],[{"utility":43,"ID":3},{"utility":71,"ID":6}],[],[{"utility":72,"ID":2},{"utility":80,"ID":4}],[{"utility":0,"ID":5}],[{"utility":0,"ID":1}],[]],"STARTING COALITION: ":[[null],[{"utility":0,"ID":1}],[],[{"utility":97,"ID":2},{"utility":0,"ID":6}],[{"utility":0,"ID":3},{"utility":5,"ID":4},{"utility":0,"ID":5}],[],[]],"CORE :":true,"Relazioni :":18,"Time : ":3,"LAST PARTITION":{"1":5,"2":3,"3":1,"4":3,"5":4,"6":1}},{"Modalità dinamica :":false,"Q : ":5,"STARTING PARTITION: ":{"1":1,"2":3,"3":4,"4":4,"5":4,"6":3},"LAST COALITION":[[],[{"utility":43,"ID":3},{"utility":71,"ID":6}],[],[{"utility":72,"ID":2},{"utility":80,"ID":4}],[{"utility":0,"ID":5}],[{"utility":0,"ID":1}],[]],"STARTING COALITION: ":[[null],[{"utility":0,"ID":1}],[],[{"utility":97,"ID":2},{"utility":0,"ID":6}],[{"utility":0,"ID":3},{"utility":5,"ID":4},{"utility":0,"ID":5}],[],[]],"CORE :":true,"Relazioni :":18,"Time : ":4,"LAST PARTITION":{"1":5,"2":3,"3":1,"4":3,"5":4,"6":1}},{"Modalità dinamica :":false,"Q : ":5,"STARTING PARTITION: ":{"1":1,"2":3,"3":4,"4":4,"5":4,"6":3},"LAST COALITION":[[],[{"utility":43,"ID":3},{"utility":71,"ID":6}],[],[{"utility":72,"ID":2},{"utility":80,"ID":4}],[{"utility":0,"ID":5}],[{"utility":0,"ID":1}],[]],"STARTING COALITION: ":[[null],[{"utility":0,"ID":1}],[],[{"utility":97,"ID":2},{"utility":0,"ID":6}],[{"utility":0,"ID":3},{"utility":5,"ID":4},{"utility":0,"ID":5}],[],[]],"CORE :":true,"Relazioni :":18,"Time : ":5,"LAST PARTITION":{"1":5,"2":3,"3":1,"4":3,"5":4,"6":1}},{"Modalità dinamica :":true,"Q : ":2,"STARTING PARTITION: ":{"1":1,"2":3,"3":4,"4":4,"5":4,"6":3},"LAST COALITION":[[],[{"utility":72,"ID":2},{"utility":80,"ID":4}],[{"utility":43,"ID":3},{"utility":71,"ID":6}],[],[{"utility":0,"ID":5}],[{"utility":0,"ID":1}],[]],"STARTING COALITION: ":[[null],[{"utility":0,"ID":1}],[],[{"utility":97,"ID":2},{"utility":0,"ID":6}],[{"utility":0,"ID":3},{"utility":5,"ID":4},{"utility":0,"ID":5}],[],[]],"CORE :":true,"Relazioni :":18,"Time : ":1,"LAST PARTITION":{"1":5,"2":1,"3":2,"4":1,"5":4,"6":2}},{"Modalità dinamica :":true,"Q : ":2,"STARTING PARTITION: ":{"1":1,"2":3,"3":4,"4":4,"5":4,"6":3},"LAST COALITION":[[],[{"utility":72,"ID":2},{"utility":80,"ID":4}],[{"utility":43,"ID":3},{"utility":71,"ID":6}],[],[{"utility":0,"ID":5}],[{"utility":0,"ID":1}],[]],"STARTING COALITION: ":[[null],[{"utility":0,"ID":1}],[],[{"utility":97,"ID":2},{"utility":0,"ID":6}],[{"utility":0,"ID":3},{"utility":5,"ID":4},{"utility":0,"ID":5}],[],[]],"CORE :":true,"Relazioni :":18,"Time : ":2,"LAST PARTITION":{"1":5,"2":1,"3":2,"4":1,"5":4,"6":2}},{"Modalità dinamica :":true,"Q : ":2,"STARTING PARTITION: ":{"1":1,"2":3,"3":4,"4":4,"5":4,"6":3},"LAST COALITION":[[],[{"utility":0,"ID":1}],[{"utility":72,"ID":2},{"utility":80,"ID":4}],[{"utility":43,"ID":3},{"utility":71,"ID":6}],[{"utility":0,"ID":5}],[],[]],"STARTING COALITION: ":[[null],[{"utility":0,"ID":1}],[],[{"utility":97,"ID":2},{"utility":0,"ID":6}],[{"utility":0,"ID":3},{"utility":5,"ID":4},{"utility":0,"ID":5}],[],[]],"CORE :":true,"Relazioni :":18,"Time : ":3,"LAST PARTITION":{"1":1,"2":2,"3":3,"4":2,"5":4,"6":3}},{"Modalità dinamica :":true,"Q : ":2,"STARTING PARTITION: ":{"1":1,"2":3,"3":4,"4":4,"5":4,"6":3},"LAST COALITION":[[],[{"utility":72,"ID":2},{"utility":80,"ID":4}],[{"utility":43,"ID":3},{"utility":71,"ID":6}],[],[{"utility":0,"ID":5}],[{"utility":0,"ID":1}],[]],"STARTING COALITION: ":[[null],[{"utility":0,"ID":1}],[],[{"utility":97,"ID":2},{"utility":0,"ID":6}],[{"utility":0,"ID":3},{"utility":5,"ID":4},{"utility":0,"ID":5}],[],[]],"CORE :":true,"Relazioni :":18,"Time : ":4,"LAST PARTITION":{"1":5,"2":1,"3":2,"4":1,"5":4,"6":2}},{"Modalità dinamica :":true,"Q : ":2,"STARTING PARTITION: ":{"1":1,"2":3,"3":4,"4":4,"5":4,"6":3},"LAST COALITION":[[],[{"utility":72,"ID":2},{"utility":80,"ID":4}],[{"utility":43,"ID":3},{"utility":71,"ID":6}],[{"utility":0,"ID":1}],[{"utility":0,"ID":5}],[],[]],"STARTING COALITION: ":[[null],[{"utility":0,"ID":1}],[],[{"utility":97,"ID":2},{"utility":0,"ID":6}],[{"utility":0,"ID":3},{"utility":5,"ID":4},{"utility":0,"ID":5}],[],[]],"CORE :":true,"Relazioni :":18,"Time : ":5,"LAST PARTITION":{"1":3,"2":1,"3":2,"4":1,"5":4,"6":2}},{"Modalità dinamica :":true,"Q : ":3,"STARTING PARTITION: ":{"1":1,"2":3,"3":4,"4":4,"5":4,"6":3},"LAST COALITION":[[],[{"utility":0,"ID":1}],[],[{"utility":72,"ID":2},{"utility":80,"ID":4}],[],[{"utility":43,"ID":3},{"utility":71,"ID":6}],[{"utility":0,"ID":5}]],"STARTING COALITION: ":[[null],[{"utility":0,"ID":1}],[],[{"utility":97,"ID":2},{"utility":0,"ID":6}],[{"utility":0,"ID":3},{"utility":5,"ID":4},{"utility":0,"ID":5}],[],[]],"CORE :":true,"Relazioni :":18,"Time : ":1,"LAST PARTITION":{"1":1,"2":3,"3":5,"4":3,"5":6,"6":5}},{"Modalità dinamica :":true,"Q : ":3,"STARTING PARTITION: ":{"1":1,"2":3,"3":4,"4":4,"5":4,"6":3},"LAST COALITION":[[],[{"utility":43,"ID":3},{"utility":71,"ID":6}],[{"utility":72,"ID":2},{"utility":80,"ID":4}],[],[],[{"utility":0,"ID":1},{"utility":50,"ID":5}],[]],"STARTING COALITION: ":[[null],[{"utility":0,"ID":1}],[],[{"utility":97,"ID":2},{"utility":0,"ID":6}],[{"utility":0,"ID":3},{"utility":5,"ID":4},{"utility":0,"ID":5}],[],[]],"CORE :":true,"Relazioni :":18,"Time : ":2,"LAST PARTITION":{"1":5,"2":2,"3":1,"4":2,"5":5,"6":1}},{"Modalità dinamica :":true,"Q : ":3,"STARTING PARTITION: ":{"1":1,"2":3,"3":4,"4":4,"5":4,"6":3},"LAST COALITION":[[],[{"utility":0,"ID":5}],[{"utility":43,"ID":3},{"utility":71,"ID":6}],[{"utility":0,"ID":1}],[],[{"utility":72,"ID":2},{"utility":80,"ID":4}],[]],"STARTING COALITION: ":[[null],[{"utility":0,"ID":1}],[],[{"utility":97,"ID":2},{"utility":0,"ID":6}],[{"utility":0,"ID":3},{"utility":5,"ID":4},{"utility":0,"ID":5}],[],[]],"CORE :":true,"Relazioni :":18,"Time : ":3,"LAST PARTITION":{"1":3,"2":5,"3":2,"4":5,"5":1,"6":2}},{"Modalità dinamica :":true,"Q : ":3,"STARTING PARTITION: ":{"1":1,"2":3,"3":4,"4":4,"5":4,"6":3},"LAST COALITION":[[],[{"utility":0,"ID":1}],[{"utility":0,"ID":5}],[{"utility":43,"ID":3},{"utility":71,"ID":6}],[],[{"utility":72,"ID":2},{"utility":80,"ID":4}],[]],"STARTING COALITION: ":[[null],[{"utility":0,"ID":1}],[],[{"utility":97,"ID":2},{"utility":0,"ID":6}],[{"utility":0,"ID":3},{"utility":5,"ID":4},{"utility":0,"ID":5}],[],[]],"CORE :":true,"Relazioni :":18,"Time : ":4,"LAST PARTITION":{"1":1,"2":5,"3":3,"4":5,"5":2,"6":3}},{"Modalità dinamica :":true,"Q : ":3,"STARTING PARTITION: ":{"1":1,"2":3,"3":4,"4":4,"5":4,"6":3},"LAST COALITION":[[],[{"utility":0,"ID":1}],[{"utility":43,"ID":3},{"utility":71,"ID":6}],[{"utility":72,"ID":2},{"utility":80,"ID":4}],[{"utility":0,"ID":5}],[],[]],"STARTING COALITION: ":[[null],[{"utility":0,"ID":1}],[],[{"utility":97,"ID":2},{"utility":0,"ID":6}],[{"utility":0,"ID":3},{"utility":5,"ID":4},{"utility":0,"ID":5}],[],[]],"CORE :":true,"Relazioni :":18,"Time : ":5,"LAST PARTITION":{"1":1,"2":3,"3":2,"4":3,"5":4,"6":2}},{"Modalità dinamica :":true,"Q : ":4,"STARTING PARTITION: ":{"1":1,"2":3,"3":4,"4":4,"5":4,"6":3},"LAST COALITION":[[],[],[{"utility":0,"ID":1}],[{"utility":72,"ID":2},{"utility":80,"ID":4}],[],[{"utility":43,"ID":3},{"utility":71,"ID":6}],[{"utility":0,"ID":5}]],"STARTING COALITION: ":[[null],[{"utility":0,"ID":1}],[],[{"utility":97,"ID":2},{"utility":0,"ID":6}],[{"utility":0,"ID":3},{"utility":5,"ID":4},{"utility":0,"ID":5}],[],[]],"CORE :":true,"Relazioni :":18,"Time : ":1,"LAST PARTITION":{"1":2,"2":3,"3":5,"4":3,"5":6,"6":5}},{"Modalità dinamica :":true,"Q : ":4,"STARTING PARTITION: ":{"1":1,"2":3,"3":4,"4":4,"5":4,"6":3},"LAST COALITION":[[],[{"utility":72,"ID":2},{"utility":80,"ID":4}],[{"utility":0,"ID":1},{"utility":50,"ID":5}],[{"utility":43,"ID":3},{"utility":71,"ID":6}],[],[],[]],"STARTING COALITION: ":[[null],[{"utility":0,"ID":1}],[],[{"utility":97,"ID":2},{"utility":0,"ID":6}],[{"utility":0,"ID":3},{"utility":5,"ID":4},{"utility":0,"ID":5}],[],[]],"CORE :":true,"Relazioni :":18,"Time : ":2,"LAST PARTITION":{"1":2,"2":1,"3":3,"4":1,"5":2,"6":3}},{"Modalità dinamica :":true,"Q : ":4,"STARTING PARTITION: ":{"1":1,"2":3,"3":4,"4":4,"5":4,"6":3},"LAST COALITION":[[],[{"utility":0,"ID":5}],[{"utility":43,"ID":3},{"utility":71,"ID":6}],[{"utility":0,"ID":1}],[],[{"utility":72,"ID":2},{"utility":80,"ID":4}],[]],"STARTING COALITION: ":[[null],[{"utility":0,"ID":1}],[],[{"utility":97,"ID":2},{"utility":0,"ID":6}],[{"utility":0,"ID":3},{"utility":5,"ID":4},{"utility":0,"ID":5}],[],[]],"CORE :":true,"Relazioni :":18,"Time : ":3,"LAST PARTITION":{"1":3,"2":5,"3":2,"4":5,"5":1,"6":2}},{"Modalità dinamica :":true,"Q : ":4,"STARTING PARTITION: ":{"1":1,"2":3,"3":4,"4":4,"5":4,"6":3},"LAST COALITION":[[],[{"utility":72,"ID":2},{"utility":80,"ID":4}],[{"utility":0,"ID":1}],[{"utility":43,"ID":3},{"utility":71,"ID":6}],[{"utility":0,"ID":5}],[],[]],"STARTING COALITION: ":[[null],[{"utility":0,"ID":1}],[],[{"utility":97,"ID":2},{"utility":0,"ID":6}],[{"utility":0,"ID":3},{"utility":5,"ID":4},{"utility":0,"ID":5}],[],[]],"CORE :":true,"Relazioni :":18,"Time : ":4,"LAST PARTITION":{"1":2,"2":1,"3":3,"4":1,"5":4,"6":3}},{"Modalità dinamica :":true,"Q : ":4,"STARTING PARTITION: ":{"1":1,"2":3,"3":4,"4":4,"5":4,"6":3},"LAST COALITION":[[],[{"utility":72,"ID":2},{"utility":80,"ID":4}],[{"utility":43,"ID":3},{"utility":71,"ID":6}],[],[{"utility":0,"ID":5}],[{"utility":0,"ID":1}],[]],"STARTING COALITION: ":[[null],[{"utility":0,"ID":1}],[],[{"utility":97,"ID":2},{"utility":0,"ID":6}],[{"utility":0,"ID":3},{"utility":5,"ID":4},{"utility":0,"ID":5}],[],[]],"CORE :":true,"Relazioni :":18,"Time : ":5,"LAST PARTITION":{"1":5,"2":1,"3":2,"4":1,"5":4,"6":2}},{"Modalità dinamica :":true,"Q : ":5,"STARTING PARTITION: ":{"1":1,"2":3,"3":4,"4":4,"5":4,"6":3},"LAST COALITION":[[],[{"utility":43,"ID":3},{"utility":71,"ID":6}],[{"utility":0,"ID":1},{"utility":50,"ID":5}],[],[{"utility":72,"ID":2},{"utility":80,"ID":4}],[],[]],"STARTING COALITION: ":[[null],[{"utility":0,"ID":1}],[],[{"utility":97,"ID":2},{"utility":0,"ID":6}],[{"utility":0,"ID":3},{"utility":5,"ID":4},{"utility":0,"ID":5}],[],[]],"CORE :":true,"Relazioni :":18,"Time : ":1,"LAST PARTITION":{"1":2,"2":4,"3":1,"4":4,"5":2,"6":1}},{"Modalità dinamica :":true,"Q : ":5,"STARTING PARTITION: ":{"1":1,"2":3,"3":4,"4":4,"5":4,"6":3},"LAST COALITION":[[],[{"utility":0,"ID":1}],[{"utility":72,"ID":2},{"utility":80,"ID":4}],[{"utility":0,"ID":5}],[{"utility":43,"ID":3},{"utility":71,"ID":6}],[],[]],"STARTING COALITION: ":[[null],[{"utility":0,"ID":1}],[],[{"utility":97,"ID":2},{"utility":0,"ID":6}],[{"utility":0,"ID":3},{"utility":5,"ID":4},{"utility":0,"ID":5}],[],[]],"CORE :":true,"Relazioni :":18,"Time : ":2,"LAST PARTITION":{"1":1,"2":2,"3":4,"4":2,"5":3,"6":4}},{"Modalità dinamica :":true,"Q : ":5,"STARTING PARTITION: ":{"1":1,"2":3,"3":4,"4":4,"5":4,"6":3},"LAST COALITION":[[],[{"utility":0,"ID":1}],[{"utility":72,"ID":2},{"utility":80,"ID":4}],[],[],[{"utility":43,"ID":3},{"utility":71,"ID":6}],[{"utility":0,"ID":5}]],"STARTING COALITION: ":[[null],[{"utility":0,"ID":1}],[],[{"utility":97,"ID":2},{"utility":0,"ID":6}],[{"utility":0,"ID":3},{"utility":5,"ID":4},{"utility":0,"ID":5}],[],[]],"CORE :":true,"Relazioni :":18,"Time : ":3,"LAST PARTITION":{"1":1,"2":2,"3":5,"4":2,"5":6,"6":5}},{"Modalità dinamica :":true,"Q : ":5,"STARTING PARTITION: ":{"1":1,"2":3,"3":4,"4":4,"5":4,"6":3},"LAST COALITION":[[],[{"utility":43,"ID":3},{"utility":71,"ID":6}],[{"utility":0,"ID":5}],[{"utility":72,"ID":2},{"utility":80,"ID":4}],[{"utility":0,"ID":1}],[],[]],"STARTING COALITION: ":[[null],[{"utility":0,"ID":1}],[],[{"utility":97,"ID":2},{"utility":0,"ID":6}],[{"utility":0,"ID":3},{"utility":5,"ID":4},{"utility":0,"ID":5}],[],[]],"CORE :":true,"Relazioni :":18,"Time : ":4,"LAST PARTITION":{"1":4,"2":3,"3":1,"4":3,"5":2,"6":1}},{"Modalità dinamica :":true,"Q : ":5,"STARTING PARTITION: ":{"1":1,"2":3,"3":4,"4":4,"5":4,"6":3},"LAST COALITION":[[],[],[{"utility":0,"ID":5}],[{"utility":72,"ID":2},{"utility":80,"ID":4}],[{"utility":43,"ID":3},{"utility":71,"ID":6}],[{"utility":0,"ID":1}],[]],"STARTING COALITION: ":[[null],[{"utility":0,"ID":1}],[],[{"utility":97,"ID":2},{"utility":0,"ID":6}],[{"utility":0,"ID":3},{"utility":5,"ID":4},{"utility":0,"ID":5}],[],[]],"CORE :":true,"Relazioni :":18,"Time : ":5,"LAST PARTITION":{"1":5,"2":3,"3":4,"4":3,"5":2,"6":4}},{"END OF FILE:" : true}]