[{"Modalità dinamica :":false,"Q : ":2,"STARTING PARTITION: ":{"1":2,"2":1,"3":4,"4":3,"5":1,"6":2},"LAST COALITION":[[],[],[{"utility":80,"ID":4},{"utility":63,"ID":5}],[],[{"utility":92,"ID":2},{"utility":35,"ID":6}],[{"utility":63,"ID":1},{"utility":48,"ID":3}],[]],"STARTING COALITION: ":[[null],[{"utility":18,"ID":2},{"utility":17,"ID":5}],[{"utility":56,"ID":1},{"utility":0,"ID":6}],[{"utility":0,"ID":4}],[{"utility":0,"ID":3}],[],[]],"CORE :":true,"Relazioni :":21,"Time : ":1,"LAST PARTITION":{"1":5,"2":4,"3":5,"4":2,"5":2,"6":4}},{"Modalità dinamica :":false,"Q : ":2,"STARTING PARTITION: ":{"1":2,"2":1,"3":4,"4":3,"5":1,"6":2},"LAST COALITION":[[],[],[{"utility":80,"ID":4},{"utility":63,"ID":5}],[],[{"utility":92,"ID":2},{"utility":35,"ID":6}],[{"utility":63,"ID":1},{"utility":48,"ID":3}],[]],"STARTING COALITION: ":[[null],[{"utility":18,"ID":2},{"utility":17,"ID":5}],[{"utility":56,"ID":1},{"utility":0,"ID":6}],[{"utility":0,"ID":4}],[{"utility":0,"ID":3}],[],[]],"CORE :":true,"Relazioni :":21,"Time : ":2,"LAST PARTITION":{"1":5,"2":4,"3":5,"4":2,"5":2,"6":4}},{"Modalità dinamica :":false,"Q : ":2,"STARTING PARTITION: ":{"1":2,"2":1,"3":4,"4":3,"5":1,"6":2},"LAST COALITION":[[],[],[{"utility":80,"ID":4},{"utility":63,"ID":5}],[],[{"utility":92,"ID":2},{"utility":35,"ID":6}],[{"utility":63,"ID":1},{"utility":48,"ID":3}],[]],"STARTING COALITION: ":[[null],[{"utility":18,"ID":2},{"utility":17,"ID":5}],[{"utility":56,"ID":1},{"utility":0,"ID":6}],[{"utility":0,"ID":4}],[{"utility":0,"ID":3}],[],[]],"CORE :":true,"Relazioni :":21,"Time : ":3,"LAST PARTITION":{"1":5,"2":4,"3":5,"4":2,"5":2,"6":4}},{"Modalità dinamica :":false,"Q : ":2,"STARTING PARTITION: ":{"1":2,"2":1,"3":4,"4":3,"5":1,"6":2},"LAST COALITION":[[],[],[{"utility":80,"ID":4},{"utility":63,"ID":5}],[],[{"utility":92,"ID":2},{"utility":35,"ID":6}],[{"utility":63,"ID":1},{"utility":48,"ID":3}],[]],"STARTING COALITION: ":[[null],[{"utility":18,"ID":2},{"utility":17,"ID":5}],[{"utility":56,"ID":1},{"utility":0,"ID":6}],[{"utility":0,"ID":4}],[{"utility":0,"ID":3}],[],[]],"CORE :":true,"Relazioni :":21,"Time : ":4,"LAST PARTITION":{"1":5,"2":4,"3":5,"4":2,"5":2,"6":4}},{"Modalità dinamica :":false,"Q : ":2,"STARTING PARTITION: ":{"1":2,"2":1,"3":4,"4":3,"5":1,"6":2},"LAST COALITION":[[],[],[{"utility":80,"ID":4},{"utility":63,"ID":5}],[],[{"utility":92,"ID":2},{"utility":35,"ID":6}],[{"utility":63,"ID":1},{"utility":48,"ID":3}],[]],"STARTING COALITION: ":[[null],[{"utility":18,"ID":2},{"utility":17,"ID":5}],[{"utility":56,"ID":1},{"utility":0,"ID":6}],[{"utility":0,"ID":4}],[{"utility":0,"ID":3}],[],[]],"CORE :":true,"Relazioni :":21,"Time : ":5,"LAST PARTITION":{"1":5,"2":4,"3":5,"4":2,"5":2,"6":4}},{"Modalità dinamica :":false,"Q : ":3,"STARTING PARTITION: ":{"1":2,"2":1,"3":4,"4":3,"5":1,"6":2},"LAST COALITION":[[],[],[{"utility":80,"ID":4},{"utility":63,"ID":5}],[],[{"utility":92,"ID":2},{"utility":35,"ID":6}],[{"utility":63,"ID":1},{"utility":48,"ID":3}],[]],"STARTING COALITION: ":[[null],[{"utility":18,"ID":2},{"utility":17,"ID":5}],[{"utility":56,"ID":1},{"utility":0,"ID":6}],[{"utility":0,"ID":4}],[{"utility":0,"ID":3}],[],[]],"CORE :":true,"Relazioni :":21,"Time : ":1,"LAST PARTITION":{"1":5,"2":4,"3":5,"4":2,"5":2,"6":4}},{"Modalità dinamica :":false,"Q : ":3,"STARTING PARTITION: ":{"1":2,"2":1,"3":4,"4":3,"5":1,"6":2},"LAST COALITION":[[],[],[{"utility":80,"ID":4},{"utility":63,"ID":5}],[],[{"utility":92,"ID":2},{"utility":35,"ID":6}],[{"utility":63,"ID":1},{"utility":48,"ID":3}],[]],"STARTING COALITION: ":[[null],[{"utility":18,"ID":2},{"utility":17,"ID":5}],[{"utility":56,"ID":1},{"utility":0,"ID":6}],[{"utility":0,"ID":4}],[{"utility":0,"ID":3}],[],[]],"CORE :":true,"Relazioni :":21,"Time : ":2,"LAST PARTITION":{"1":5,"2":4,"3":5,"4":2,"5":2,"6":4}},{"Modalità dinamica :":false,"Q : ":3,"STARTING PARTITION: ":{"1":2,"2":1,"3":4,"4":3,"5":1,"6":2},"LAST COALITION":[[],[],[{"utility":80,"ID":4},{"utility":63,"ID":5}],[],[{"utility":92,"ID":2},{"utility":35,"ID":6}],[{"utility":63,"ID":1},{"utility":48,"ID":3}],[]],"STARTING COALITION: ":[[null],[{"utility":18,"ID":2},{"utility":17,"ID":5}],[{"utility":56,"ID":1},{"utility":0,"ID":6}],[{"utility":0,"ID":4}],[{"utility":0,"ID":3}],[],[]],"CORE :":true,"Relazioni :":21,"Time : ":3,"LAST PARTITION":{"1":5,"2":4,"3":5,"4":2,"5":2,"6":4}},{"Modalità dinamica :":false,"Q : ":3,"STARTING PARTITION: ":{"1":2,"2":1,"3":4,"4":3,"5":1,"6":2},"LAST COALITION":[[],[],[{"utility":80,"ID":4},{"utility":63,"ID":5}],[],[{"utility":92,"ID":2},{"utility":35,"ID":6}],[{"utility":63,"ID":1},{"utility":48,"ID":3}],[]],"STARTING COALITION: ":[[null],[{"utility":18,"ID":2},{"utility":17,"ID":5}],[{"utility":56,"ID":1},{"utility":0,"ID":6}],[{"utility":0,"ID":4}],[{"utility":0,"ID":3}],[],[]],"CORE :":true,"Relazioni :":21,"Time : ":4,"LAST PARTITION":{"1":5,"2":4,"3":5,"4":2,"5":2,"6":4}},{"Modalità dinamica :":false,"Q : ":3,"STARTING PARTITION: ":{"1":2,"2":1,"3":4,"4":3,"5":1,"6":2},"LAST COALITION":[[],[],[{"utility":80,"ID":4},{"utility":63,"ID":5}],[],[{"utility":92,"ID":2},{"utility":35,"ID":6}],[{"utility":63,"ID":1},{"utility":48,"ID":3}],[]],"STARTING COALITION: ":[[null],[{"utility":18,"ID":2},{"utility":17,"ID":5}],[{"utility":56,"ID":1},{"utility":0,"ID":6}],[{"utility":0,"ID":4}],[{"utility":0,"ID":3}],[],[]],"CORE :":true,"Relazioni :":21,"Time : ":5,"LAST PARTITION":{"1":5,"2":4,"3":5,"4":2,"5":2,"6":4}},{"Modalità dinamica :":false,"Q : ":4,"STARTING PARTITION: ":{"1":2,"2":1,"3":4,"4":3,"5":1,"6":2},"LAST COALITION":[[],[],[{"utility":80,"ID":4},{"utility":63,"ID":5}],[],[{"utility":92,"ID":2},{"utility":35,"ID":6}],[{"utility":63,"ID":1},{"utility":48,"ID":3}],[]],"STARTING COALITION: ":[[null],[{"utility":18,"ID":2},{"utility":17,"ID":5}],[{"utility":56,"ID":1},{"utility":0,"ID":6}],[{"utility":0,"ID":4}],[{"utility":0,"ID":3}],[],[]],"CORE :":true,"Relazioni :":21,"Time : ":1,"LAST PARTITION":{"1":5,"2":4,"3":5,"4":2,"5":2,"6":4}},{"Modalità dinamica :":false,"Q : ":4,"STARTING PARTITION: ":{"1":2,"2":1,"3":4,"4":3,"5":1,"6":2},"LAST COALITION":[[],[],[{"utility":80,"ID":4},{"utility":63,"ID":5}],[],[{"utility":92,"ID":2},{"utility":35,"ID":6}],[{"utility":63,"ID":1},{"utility":48,"ID":3}],[]],"STARTING COALITION: ":[[null],[{"utility":18,"ID":2},{"utility":17,"ID":5}],[{"utility":56,"ID":1},{"utility":0,"ID":6}],[{"utility":0,"ID":4}],[{"utility":0,"ID":3}],[],[]],"CORE :":true,"Relazioni :":21,"Time : ":2,"LAST PARTITION":{"1":5,"2":4,"3":5,"4":2,"5":2,"6":4}},{"Modalità dinamica :":false,"Q : ":4,"STARTING PARTITION: ":{"1":2,"2":1,"3":4,"4":3,"5":1,"6":2},"LAST COALITION":[[],[],[{"utility":80,"ID":4},{"utility":63,"ID":5}],[],[{"utility":92,"ID":2},{"utility":35,"ID":6}],[{"utility":63,"ID":1},{"utility":48,"ID":3}],[]],"STARTING COALITION: ":[[null],[{"utility":18,"ID":2},{"utility":17,"ID":5}],[{"utility":56,"ID":1},{"utility":0,"ID":6}],[{"utility":0,"ID":4}],[{"utility":0,"ID":3}],[],[]],"CORE :":true,"Relazioni :":21,"Time : ":3,"LAST PARTITION":{"1":5,"2":4,"3":5,"4":2,"5":2,"6":4}},{"Modalità dinamica :":false,"Q : ":4,"STARTING PARTITION: ":{"1":2,"2":1,"3":4,"4":3,"5":1,"6":2},"LAST COALITION":[[],[],[{"utility":80,"ID":4},{"utility":63,"ID":5}],[],[{"utility":92,"ID":2},{"utility":35,"ID":6}],[{"utility":63,"ID":1},{"utility":48,"ID":3}],[]],"STARTING COALITION: ":[[null],[{"utility":18,"ID":2},{"utility":17,"ID":5}],[{"utility":56,"ID":1},{"utility":0,"ID":6}],[{"utility":0,"ID":4}],[{"utility":0,"ID":3}],[],[]],"CORE :":true,"Relazioni :":21,"Time : ":4,"LAST PARTITION":{"1":5,"2":4,"3":5,"4":2,"5":2,"6":4}},{"Modalità dinamica :":false,"Q : ":4,"STARTING PARTITION: ":{"1":2,"2":1,"3":4,"4":3,"5":1,"6":2},"LAST COALITION":[[],[],[{"utility":80,"ID":4},{"utility":63,"ID":5}],[],[{"utility":92,"ID":2},{"utility":35,"ID":6}],[{"utility":63,"ID":1},{"utility":48,"ID":3}],[]],"STARTING COALITION: ":[[null],[{"utility":18,"ID":2},{"utility":17,"ID":5}],[{"utility":56,"ID":1},{"utility":0,"ID":6}],[{"utility":0,"ID":4}],[{"utility":0,"ID":3}],[],[]],"CORE :":true,"Relazioni :":21,"Time : ":5,"LAST PARTITION":{"1":5,"2":4,"3":5,"4":2,"5":2,"6":4}},{"Modalità dinamica :":false,"Q : ":5,"STARTING PARTITION: ":{"1":2,"2":1,"3":4,"4":3,"5":1,"6":2},"LAST COALITION":[[],[],[{"utility":80,"ID":4},{"utility":63,"ID":5}],[],[{"utility":92,"ID":2},{"utility":35,"ID":6}],[{"utility":63,"ID":1},{"utility":48,"ID":3}],[]],"STARTING COALITION: ":[[null],[{"utility":18,"ID":2},{"utility":17,"ID":5}],[{"utility":56,"ID":1},{"utility":0,"ID":6}],[{"utility":0,"ID":4}],[{"utility":0,"ID":3}],[],[]],"CORE :":true,"Relazioni :":21,"Time : ":1,"LAST PARTITION":{"1":5,"2":4,"3":5,"4":2,"5":2,"6":4}},{"Modalità dinamica :":false,"Q : ":5,"STARTING PARTITION: ":{"1":2,"2":1,"3":4,"4":3,"5":1,"6":2},"LAST COALITION":[[],[],[{"utility":80,"ID":4},{"utility":63,"ID":5}],[],[{"utility":92,"ID":2},{"utility":35,"ID":6}],[{"utility":63,"ID":1},{"utility":48,"ID":3}],[]],"STARTING COALITION: ":[[null],[{"utility":18,"ID":2},{"utility":17,"ID":5}],[{"utility":56,"ID":1},{"utility":0,"ID":6}],[{"utility":0,"ID":4}],[{"utility":0,"ID":3}],[],[]],"CORE :":true,"Relazioni :":21,"Time : ":2,"LAST PARTITION":{"1":5,"2":4,"3":5,"4":2,"5":2,"6":4}},{"Modalità dinamica :":false,"Q : ":5,"STARTING PARTITION: ":{"1":2,"2":1,"3":4,"4":3,"5":1,"6":2},"LAST COALITION":[[],[],[{"utility":80,"ID":4},{"utility":63,"ID":5}],[],[{"utility":92,"ID":2},{"utility":35,"ID":6}],[{"utility":63,"ID":1},{"utility":48,"ID":3}],[]],"STARTING COALITION: ":[[null],[{"utility":18,"ID":2},{"utility":17,"ID":5}],[{"utility":56,"ID":1},{"utility":0,"ID":6}],[{"utility":0,"ID":4}],[{"utility":0,"ID":3}],[],[]],"CORE :":true,"Relazioni :":21,"Time : ":3,"LAST PARTITION":{"1":5,"2":4,"3":5,"4":2,"5":2,"6":4}},{"Modalità dinamica :":false,"Q : ":5,"STARTING PARTITION: ":{"1":2,"2":1,"3":4,"4":3,"5":1,"6":2},"LAST COALITION":[[],[],[{"utility":80,"ID":4},{"utility":63,"ID":5}],[],[{"utility":92,"ID":2},{"utility":35,"ID":6}],[{"utility":63,"ID":1},{"utility":48,"ID":3}],[]],"STARTING COALITION: ":[[null],[{"utility":18,"ID":2},{"utility":17,"ID":5}],[{"utility":56,"ID":1},{"utility":0,"ID":6}],[{"utility":0,"ID":4}],[{"utility":0,"ID":3}],[],[]],"CORE :":true,"Relazioni :":21,"Time : ":4,"LAST PARTITION":{"1":5,"2":4,"3":5,"4":2,"5":2,"6":4}},{"Modalità dinamica :":false,"Q : ":5,"STARTING PARTITION: ":{"1":2,"2":1,"3":4,"4":3,"5":1,"6":2},"LAST COALITION":[[],[],[{"utility":80,"ID":4},{"utility":63,"ID":5}],[],[{"utility":92,"ID":2},{"utility":35,"ID":6}],[{"utility":63,"ID":1},{"utility":48,"ID":3}],[]],"STARTING COALITION: ":[[null],[{"utility":18,"ID":2},{"utility":17,"ID":5}],[{"utility":56,"ID":1},{"utility":0,"ID":6}],[{"utility":0,"ID":4}],[{"utility":0,"ID":3}],[],[]],"CORE :":true,"Relazioni :":21,"Time : ":5,"LAST PARTITION":{"1":5,"2":4,"3":5,"4":2,"5":2,"6":4}},{"Modalità dinamica :":true,"Q : ":2,"STARTING PARTITION: ":{"1":2,"2":1,"3":4,"4":3,"5":1,"6":2},"LAST COALITION":[[],[],[{"utility":80,"ID":4},{"utility":63,"ID":5}],[{"utility":92,"ID":2},{"utility":35,"ID":6}],[],[],[{"utility":63,"ID":1},{"utility":48,"ID":3}]],"STARTING COALITION: ":[[null],[{"utility":18,"ID":2},{"utility":17,"ID":5}],[{"utility":56,"ID":1},{"utility":0,"ID":6}],[{"utility":0,"ID":4}],[{"utility":0,"ID":3}],[],[]],"CORE :":true,"Relazioni :":21,"Time : ":1,"LAST PARTITION":{"1":6,"2":3,"3":6,"4":2,"5":2,"6":3}},{"Modalità dinamica :":true,"Q : ":2,"STARTING PARTITION: ":{"1":2,"2":1,"3":4,"4":3,"5":1,"6":2},"LAST COALITION":[[],[],[],[{"utility":63,"ID":1},{"utility":48,"ID":3}],[{"utility":80,"ID":4},{"utility":63,"ID":5}],[{"utility":92,"ID":2},{"utility":35,"ID":6}],[]],"STARTING COALITION: ":[[null],[{"utility":18,"ID":2},{"utility":17,"ID":5}],[{"utility":56,"ID":1},{"utility":0,"ID":6}],[{"utility":0,"ID":4}],[{"utility":0,"ID":3}],[],[]],"CORE :":true,"Relazioni :":21,"Time : ":2,"LAST PARTITION":{"1":3,"2":5,"3":3,"4":4,"5":4,"6":5}},{"Modalità dinamica :":true,"Q : ":2,"STARTING PARTITION: ":{"1":2,"2":1,"3":4,"4":3,"5":1,"6":2},"LAST COALITION":[[],[{"utility":63,"ID":1},{"utility":48,"ID":3}],[{"utility":92,"ID":2},{"utility":35,"ID":6}],[{"utility":80,"ID":4},{"utility":63,"ID":5}],[],[],[]],"STARTING COALITION: ":[[null],[{"utility":18,"ID":2},{"utility":17,"ID":5}],[{"utility":56,"ID":1},{"utility":0,"ID":6}],[{"utility":0,"ID":4}],[{"utility":0,"ID":3}],[],[]],"CORE :":true,"Relazioni :":21,"Time : ":3,"LAST PARTITION":{"1":1,"2":2,"3":1,"4":3,"5":3,"6":2}},{"Modalità dinamica :":true,"Q : ":2,"STARTING PARTITION: ":{"1":2,"2":1,"3":4,"4":3,"5":1,"6":2},"LAST COALITION":[[],[],[{"utility":80,"ID":4},{"utility":63,"ID":5}],[],[],[{"utility":92,"ID":2},{"utility":35,"ID":6}],[{"utility":63,"ID":1},{"utility":48,"ID":3}]],"STARTING COALITION: ":[[null],[{"utility":18,"ID":2},{"utility":17,"ID":5}],[{"utility":56,"ID":1},{"utility":0,"ID":6}],[{"utility":0,"ID":4}],[{"utility":0,"ID":3}],[],[]],"CORE :":true,"Relazioni :":21,"Time : ":4,"LAST PARTITION":{"1":6,"2":5,"3":6,"4":2,"5":2,"6":5}},{"Modalità dinamica :":true,"Q : ":2,"STARTING PARTITION: ":{"1":2,"2":1,"3":4,"4":3,"5":1,"6":2},"LAST COALITION":[[],[],[{"utility":63,"ID":1},{"utility":48,"ID":3}],[{"utility":92,"ID":2},{"utility":35,"ID":6}],[{"utility":80,"ID":4},{"utility":63,"ID":5}],[],[]],"STARTING COALITION: ":[[null],[{"utility":18,"ID":2},{"utility":17,"ID":5}],[{"utility":56,"ID":1},{"utility":0,"ID":6}],[{"utility":0,"ID":4}],[{"utility":0,"ID":3}],[],[]],"CORE :":true,"Relazioni :":21,"Time : ":5,"LAST PARTITION":{"1":2,"2":3,"3":2,"4":4,"5":4,"6":3}},{"Modalità dinamica :":true,"Q : ":3,"STARTING PARTITION: ":{"1":2,"2":1,"3":4,"4":3,"5":1,"6":2},"LAST COALITION":[[],[{"utility":92,"ID":2},{"utility":35,"ID":6}],[{"utility":63,"ID":1},{"utility":48,"ID":3}],[{"utility":80,"ID":4},{"utility":63,"ID":5}],[],[],[]],"STARTING COALITION: ":[[null],[{"utility":18,"ID":2},{"utility":17,"ID":5}],[{"utility":56,"ID":1},{"utility":0,"ID":6}],[{"utility":0,"ID":4}],[{"utility":0,"ID":3}],[],[]],"CORE :":true,"Relazioni :":21,"Time : ":1,"LAST PARTITION":{"1":2,"2":1,"3":2,"4":3,"5":3,"6":1}},{"Modalità dinamica :":true,"Q : ":3,"STARTING PARTITION: ":{"1":2,"2":1,"3":4,"4":3,"5":1,"6":2},"LAST COALITION":[[],[],[{"utility":80,"ID":4},{"utility":63,"ID":5}],[],[{"utility":92,"ID":2},{"utility":35,"ID":6}],[{"utility":63,"ID":1},{"utility":48,"ID":3}],[]],"STARTING COALITION: ":[[null],[{"utility":18,"ID":2},{"utility":17,"ID":5}],[{"utility":56,"ID":1},{"utility":0,"ID":6}],[{"utility":0,"ID":4}],[{"utility":0,"ID":3}],[],[]],"CORE :":true,"Relazioni :":21,"Time : ":2,"LAST PARTITION":{"1":5,"2":4,"3":5,"4":2,"5":2,"6":4}},{"Modalità dinamica :":true,"Q : ":3,"STARTING PARTITION: ":{"1":2,"2":1,"3":4,"4":3,"5":1,"6":2},"LAST COALITION":[[],[{"utility":80,"ID":4},{"utility":63,"ID":5}],[{"utility":92,"ID":2},{"utility":35,"ID":6}],[],[],[{"utility":63,"ID":1},{"utility":48,"ID":3}],[]],"STARTING COALITION: ":[[null],[{"utility":18,"ID":2},{"utility":17,"ID":5}],[{"utility":56,"ID":1},{"utility":0,"ID":6}],[{"utility":0,"ID":4}],[{"utility":0,"ID":3}],[],[]],"CORE :":true,"Relazioni :":21,"Time : ":3,"LAST PARTITION":{"1":5,"2":2,"3":5,"4":1,"5":1,"6":2}},{"Modalità dinamica :":true,"Q : ":3,"STARTING PARTITION: ":{"1":2,"2":1,"3":4,"4":3,"5":1,"6":2},"LAST COALITION":[[],[{"utility":80,"ID":4},{"utility":63,"ID":5}],[],[{"utility":92,"ID":2},{"utility":35,"ID":6}],[],[{"utility":63,"ID":1},{"utility":48,"ID":3}],[]],"STARTING COALITION: ":[[null],[{"utility":18,"ID":2},{"utility":17,"ID":5}],[{"utility":56,"ID":1},{"utility":0,"ID":6}],[{"utility":0,"ID":4}],[{"utility":0,"ID":3}],[],[]],"CORE :":true,"Relazioni :":21,"Time : ":4,"LAST PARTITION":{"1":5,"2":3,"3":5,"4":1,"5":1,"6":3}},{"Modalità dinamica :":true,"Q : ":3,"STARTING PARTITION: ":{"1":2,"2":1,"3":4,"4":3,"5":1,"6":2},"LAST COALITION":[[],[{"utility":92,"ID":2},{"utility":35,"ID":6}],[],[{"utility":80,"ID":4},{"utility":63,"ID":5}],[],[{"utility":63,"ID":1},{"utility":48,"ID":3}],[]],"STARTING COALITION: ":[[null],[{"utility":18,"ID":2},{"utility":17,"ID":5}],[{"utility":56,"ID":1},{"utility":0,"ID":6}],[{"utility":0,"ID":4}],[{"utility":0,"ID":3}],[],[]],"CORE :":true,"Relazioni :":21,"Time : ":5,"LAST PARTITION":{"1":5,"2":1,"3":5,"4":3,"5":3,"6":1}},{"Modalità dinamica :":true,"Q : ":4,"STARTING PARTITION: ":{"1":2,"2":1,"3":4,"4":3,"5":1,"6":2},"LAST COALITION":[[],[{"utility":80,"ID":4},{"utility":63,"ID":5}],[{"utility":92,"ID":2},{"utility":35,"ID":6}],[],[],[{"utility":63,"ID":1},{"utility":48,"ID":3}],[]],"STARTING COALITION: ":[[null],[{"utility":18,"ID":2},{"utility":17,"ID":5}],[{"utility":56,"ID":1},{"utility":0,"ID":6}],[{"utility":0,"ID":4}],[{"utility":0,"ID":3}],[],[]],"CORE :":true,"Relazioni :":21,"Time : ":1,"LAST PARTITION":{"1":5,"2":2,"3":5,"4":1,"5":1,"6":2}},{"Modalità dinamica :":true,"Q : ":4,"STARTING PARTITION: ":{"1":2,"2":1,"3":4,"4":3,"5":1,"6":2},"LAST COALITION":[[],[{"utility":80,"ID":4},{"utility":63,"ID":5}],[{"utility":92,"ID":2},{"utility":35,"ID":6}],[],[],[{"utility":63,"ID":1},{"utility":48,"ID":3}],[]],"STARTING COALITION: ":[[null],[{"utility":18,"ID":2},{"utility":17,"ID":5}],[{"utility":56,"ID":1},{"utility":0,"ID":6}],[{"utility":0,"ID":4}],[{"utility":0,"ID":3}],[],[]],"CORE :":true,"Relazioni :":21,"Time : ":2,"LAST PARTITION":{"1":5,"2":2,"3":5,"4":1,"5":1,"6":2}},{"Modalità dinamica :":true,"Q : ":4,"STARTING PARTITION: ":{"1":2,"2":1,"3":4,"4":3,"5":1,"6":2},"LAST COALITION":[[],[{"utility":80,"ID":4},{"utility":63,"ID":5}],[],[{"utility":92,"ID":2},{"utility":35,"ID":6}],[],[{"utility":63,"ID":1},{"utility":48,"ID":3}],[]],"STARTING COALITION: ":[[null],[{"utility":18,"ID":2},{"utility":17,"ID":5}],[{"utility":56,"ID":1},{"utility":0,"ID":6}],[{"utility":0,"ID":4}],[{"utility":0,"ID":3}],[],[]],"CORE :":true,"Relazioni :":21,"Time : ":3,"LAST PARTITION":{"1":5,"2":3,"3":5,"4":1,"5":1,"6":3}},{"Modalità dinamica :":true,"Q : ":4,"STARTING PARTITION: ":{"1":2,"2":1,"3":4,"4":3,"5":1,"6":2},"LAST COALITION":[[],[{"utility":63,"ID":1},{"utility":48,"ID":3}],[{"utility":80,"ID":4},{"utility":63,"ID":5}],[],[],[{"utility":92,"ID":2},{"utility":35,"ID":6}],[]],"STARTING COALITION: ":[[null],[{"utility":18,"ID":2},{"utility":17,"ID":5}],[{"utility":56,"ID":1},{"utility":0,"ID":6}],[{"utility":0,"ID":4}],[{"utility":0,"ID":3}],[],[]],"CORE :":true,"Relazioni :":21,"Time : ":4,"LAST PARTITION":{"1":1,"2":5,"3":1,"4":2,"5":2,"6":5}},{"Modalità dinamica :":true,"Q : ":4,"STARTING PARTITION: ":{"1":2,"2":1,"3":4,"4":3,"5":1,"6":2},"LAST COALITION":[[],[],[{"utility":92,"ID":2},{"utility":35,"ID":6}],[],[{"utility":80,"ID":4},{"utility":63,"ID":5}],[{"utility":63,"ID":1},{"utility":48,"ID":3}],[]],"STARTING COALITION: ":[[null],[{"utility":18,"ID":2},{"utility":17,"ID":5}],[{"utility":56,"ID":1},{"utility":0,"ID":6}],[{"utility":0,"ID":4}],[{"utility":0,"ID":3}],[],[]],"CORE :":true,"Relazioni :":21,"Time : ":5,"LAST PARTITION":{"1":5,"2":2,"3":5,"4":4,"5":4,"6":2}},{"Modalità dinamica :":true,"Q : ":5,"STARTING PARTITION: ":{"1":2,"2":1,"3":4,"4":3,"5":1,"6":2},"LAST COALITION":[[],[{"utility":80,"ID":4},{"utility":63,"ID":5}],[{"utility":63,"ID":1},{"utility":48,"ID":3}],[],[],[{"utility":92,"ID":2},{"utility":35,"ID":6}],[]],"STARTING COALITION: ":[[null],[{"utility":18,"ID":2},{"utility":17,"ID":5}],[{"utility":56,"ID":1},{"utility":0,"ID":6}],[{"utility":0,"ID":4}],[{"utility":0,"ID":3}],[],[]],"CORE :":true,"Relazioni :":21,"Time : ":1,"LAST PARTITION":{"1":2,"2":5,"3":2,"4":1,"5":1,"6":5}},{"Modalità dinamica :":true,"Q : ":5,"STARTING PARTITION: ":{"1":2,"2":1,"3":4,"4":3,"5":1,"6":2},"LAST COALITION":[[],[{"utility":80,"ID":4},{"utility":63,"ID":5}],[],[{"utility":92,"ID":2},{"utility":35,"ID":6}],[{"utility":63,"ID":1},{"utility":48,"ID":3}],[],[]],"STARTING COALITION: ":[[null],[{"utility":18,"ID":2},{"utility":17,"ID":5}],[{"utility":56,"ID":1},{"utility":0,"ID":6}],[{"utility":0,"ID":4}],[{"utility":0,"ID":3}],[],[]],"CORE :":true,"Relazioni :":21,"Time : ":2,"LAST PARTITION":{"1":4,"2":3,"3":4,"4":1,"5":1,"6":3}},{"Modalità dinamica :":true,"Q : ":5,"STARTING PARTITION: ":{"1":2,"2":1,"3":4,"4":3,"5":1,"6":2},"LAST COALITION":[[],[{"utility":80,"ID":4},{"utility":63,"ID":5}],[{"utility":92,"ID":2},{"utility":35,"ID":6}],[{"utility":63,"ID":1},{"utility":48,"ID":3}],[],[],[]],"STARTING COALITION: ":[[null],[{"utility":18,"ID":2},{"utility":17,"ID":5}],[{"utility":56,"ID":1},{"utility":0,"ID":6}],[{"utility":0,"ID":4}],[{"utility":0,"ID":3}],[],[]],"CORE :":true,"Relazioni :":21,"Time : ":3,"LAST PARTITION":{"1":3,"2":2,"3":3,"4":1,"5":1,"6":2}},{"Modalità dinamica :":true,"Q : ":5,"STARTING PARTITION: ":{"1":2,"2":1,"3":4,"4":3,"5":1,"6":2},"LAST COALITION":[[],[{"utility":63,"ID":1},{"utility":48,"ID":3}],[{"utility":92,"ID":2},{"utility":35,"ID":6}],[{"utility":80,"ID":4},{"utility":63,"ID":5}],[],[],[]],"STARTING COALITION: ":[[null],[{"utility":18,"ID":2},{"utility":17,"ID":5}],[{"utility":56,"ID":1},{"utility":0,"ID":6}],[{"utility":0,"ID":4}],[{"utility":0,"ID":3}],[],[]],"CORE :":true,"Relazioni :":21,"Time : ":4,"LAST PARTITION":{"1":1,"2":2,"3":1,"4":3,"5":3,"6":2}},{"Modalità dinamica :":true,"Q : ":5,"STARTING PARTITION: ":{"1":2,"2":1,"3":4,"4":3,"5":1,"6":2},"LAST COALITION":[[],[],[],[{"utility":92,"ID":2},{"utility":35,"ID":6}],[{"utility":80,"ID":4},{"utility":63,"ID":5}],[{"utility":63,"ID":1},{"utility":48,"ID":3}],[]],"STARTING COALITION: ":[[null],[{"utility":18,"ID":2},{"utility":17,"ID":5}],[{"utility":56,"ID":1},{"utility":0,"ID":6}],[{"utility":0,"ID":4}],[{"utility":0,"ID":3}],[],[]],"CORE :":true,"Relazioni :":21,"Time : ":5,"LAST PARTITION":{"1":5,"2":3,"3":5,"4":4,"5":4,"6":3}},{"END OF FILE:" : true}]