[{"Modalità dinamica :":false,"Q : ":2,"STARTING PARTITION: ":{"1":4,"2":1,"3":1,"4":1,"5":3,"6":4},"LAST COALITION":[[],[{"utility":49,"ID":2},{"utility":73,"ID":6}],[{"utility":38,"ID":1},{"utility":67,"ID":5}],[],[],[{"utility":87,"ID":3},{"utility":43,"ID":4}],[]],"STARTING COALITION: ":[[null],[{"utility":67.5,"ID":2},{"utility":43.5,"ID":3},{"utility":30.5,"ID":4}],[],[{"utility":0,"ID":5}],[{"utility":65,"ID":1},{"utility":16,"ID":6}],[],[]],"CORE :":true,"Relazioni :":23,"Time : ":1,"LAST PARTITION":{"1":2,"2":1,"3":5,"4":5,"5":2,"6":1}},{"Modalità dinamica :":false,"Q : ":2,"STARTING PARTITION: ":{"1":4,"2":1,"3":1,"4":1,"5":3,"6":4},"LAST COALITION":[[],[{"utility":49,"ID":2},{"utility":73,"ID":6}],[{"utility":38,"ID":1},{"utility":67,"ID":5}],[],[],[{"utility":87,"ID":3},{"utility":43,"ID":4}],[]],"STARTING COALITION: ":[[null],[{"utility":67.5,"ID":2},{"utility":43.5,"ID":3},{"utility":30.5,"ID":4}],[],[{"utility":0,"ID":5}],[{"utility":65,"ID":1},{"utility":16,"ID":6}],[],[]],"CORE :":true,"Relazioni :":23,"Time : ":2,"LAST PARTITION":{"1":2,"2":1,"3":5,"4":5,"5":2,"6":1}},{"Modalità dinamica :":false,"Q : ":2,"STARTING PARTITION: ":{"1":4,"2":1,"3":1,"4":1,"5":3,"6":4},"LAST COALITION":[[],[{"utility":49,"ID":2},{"utility":73,"ID":6}],[{"utility":38,"ID":1},{"utility":67,"ID":5}],[],[],[{"utility":87,"ID":3},{"utility":43,"ID":4}],[]],"STARTING COALITION: ":[[null],[{"utility":67.5,"ID":2},{"utility":43.5,"ID":3},{"utility":30.5,"ID":4}],[],[{"utility":0,"ID":5}],[{"utility":65,"ID":1},{"utility":16,"ID":6}],[],[]],"CORE :":true,"Relazioni :":23,"Time : ":3,"LAST PARTITION":{"1":2,"2":1,"3":5,"4":5,"5":2,"6":1}},{"Modalità dinamica :":false,"Q : ":2,"STARTING PARTITION: ":{"1":4,"2":1,"3":1,"4":1,"5":3,"6":4},"LAST COALITION":[[],[{"utility":49,"ID":2},{"utility":73,"ID":6}],[{"utility":38,"ID":1},{"utility":67,"ID":5}],[],[],[{"utility":87,"ID":3},{"utility":43,"ID":4}],[]],"STARTING COALITION: ":[[null],[{"utility":67.5,"ID":2},{"utility":43.5,"ID":3},{"utility":30.5,"ID":4}],[],[{"utility":0,"ID":5}],[{"utility":65,"ID":1},{"utility":16,"ID":6}],[],[]],"CORE :":true,"Relazioni :":23,"Time : ":4,"LAST PARTITION":{"1":2,"2":1,"3":5,"4":5,"5":2,"6":1}},{"Modalità dinamica :":false,"Q : ":2,"STARTING PARTITION: ":{"1":4,"2":1,"3":1,"4":1,"5":3,"6":4},"LAST COALITION":[[],[{"utility":49,"ID":2},{"utility":73,"ID":6}],[{"utility":38,"ID":1},{"utility":67,"ID":5}],[],[],[{"utility":87,"ID":3},{"utility":43,"ID":4}],[]],"STARTING COALITION: ":[[null],[{"utility":67.5,"ID":2},{"utility":43.5,"ID":3},{"utility":30.5,"ID":4}],[],[{"utility":0,"ID":5}],[{"utility":65,"ID":1},{"utility":16,"ID":6}],[],[]],"CORE :":true,"Relazioni :":23,"Time : ":5,"LAST PARTITION":{"1":2,"2":1,"3":5,"4":5,"5":2,"6":1}},{"Modalità dinamica :":false,"Q : ":3,"STARTING PARTITION: ":{"1":4,"2":1,"3":1,"4":1,"5":3,"6":4},"LAST COALITION":[[],[{"utility":49,"ID":2},{"utility":73,"ID":6}],[{"utility":38,"ID":1},{"utility":67,"ID":5}],[],[],[{"utility":87,"ID":3},{"utility":43,"ID":4}],[]],"STARTING COALITION: ":[[null],[{"utility":67.5,"ID":2},{"utility":43.5,"ID":3},{"utility":30.5,"ID":4}],[],[{"utility":0,"ID":5}],[{"utility":65,"ID":1},{"utility":16,"ID":6}],[],[]],"CORE :":true,"Relazioni :":23,"Time : ":1,"LAST PARTITION":{"1":2,"2":1,"3":5,"4":5,"5":2,"6":1}},{"Modalità dinamica :":false,"Q : ":3,"STARTING PARTITION: ":{"1":4,"2":1,"3":1,"4":1,"5":3,"6":4},"LAST COALITION":[[],[{"utility":49,"ID":2},{"utility":73,"ID":6}],[{"utility":38,"ID":1},{"utility":67,"ID":5}],[],[],[{"utility":87,"ID":3},{"utility":43,"ID":4}],[]],"STARTING COALITION: ":[[null],[{"utility":67.5,"ID":2},{"utility":43.5,"ID":3},{"utility":30.5,"ID":4}],[],[{"utility":0,"ID":5}],[{"utility":65,"ID":1},{"utility":16,"ID":6}],[],[]],"CORE :":true,"Relazioni :":23,"Time : ":2,"LAST PARTITION":{"1":2,"2":1,"3":5,"4":5,"5":2,"6":1}},{"Modalità dinamica :":false,"Q : ":3,"STARTING PARTITION: ":{"1":4,"2":1,"3":1,"4":1,"5":3,"6":4},"LAST COALITION":[[],[{"utility":49,"ID":2},{"utility":73,"ID":6}],[{"utility":38,"ID":1},{"utility":67,"ID":5}],[],[],[{"utility":87,"ID":3},{"utility":43,"ID":4}],[]],"STARTING COALITION: ":[[null],[{"utility":67.5,"ID":2},{"utility":43.5,"ID":3},{"utility":30.5,"ID":4}],[],[{"utility":0,"ID":5}],[{"utility":65,"ID":1},{"utility":16,"ID":6}],[],[]],"CORE :":true,"Relazioni :":23,"Time : ":3,"LAST PARTITION":{"1":2,"2":1,"3":5,"4":5,"5":2,"6":1}},{"Modalità dinamica :":false,"Q : ":3,"STARTING PARTITION: ":{"1":4,"2":1,"3":1,"4":1,"5":3,"6":4},"LAST COALITION":[[],[{"utility":49,"ID":2},{"utility":73,"ID":6}],[{"utility":38,"ID":1},{"utility":67,"ID":5}],[],[],[{"utility":87,"ID":3},{"utility":43,"ID":4}],[]],"STARTING COALITION: ":[[null],[{"utility":67.5,"ID":2},{"utility":43.5,"ID":3},{"utility":30.5,"ID":4}],[],[{"utility":0,"ID":5}],[{"utility":65,"ID":1},{"utility":16,"ID":6}],[],[]],"CORE :":true,"Relazioni :":23,"Time : ":4,"LAST PARTITION":{"1":2,"2":1,"3":5,"4":5,"5":2,"6":1}},{"Modalità dinamica :":false,"Q : ":3,"STARTING PARTITION: ":{"1":4,"2":1,"3":1,"4":1,"5":3,"6":4},"LAST COALITION":[[],[{"utility":49,"ID":2},{"utility":73,"ID":6}],[{"utility":38,"ID":1},{"utility":67,"ID":5}],[],[],[{"utility":87,"ID":3},{"utility":43,"ID":4}],[]],"STARTING COALITION: ":[[null],[{"utility":67.5,"ID":2},{"utility":43.5,"ID":3},{"utility":30.5,"ID":4}],[],[{"utility":0,"ID":5}],[{"utility":65,"ID":1},{"utility":16,"ID":6}],[],[]],"CORE :":true,"Relazioni :":23,"Time : ":5,"LAST PARTITION":{"1":2,"2":1,"3":5,"4":5,"5":2,"6":1}},{"Modalità dinamica :":false,"Q : ":4,"STARTING PARTITION: ":{"1":4,"2":1,"3":1,"4":1,"5":3,"6":4},"LAST COALITION":[[],[{"utility":49,"ID":2},{"utility":73,"ID":6}],[{"utility":38,"ID":1},{"utility":67,"ID":5}],[],[],[{"utility":87,"ID":3},{"utility":43,"ID":4}],[]],"STARTING COALITION: ":[[null],[{"utility":67.5,"ID":2},{"utility":43.5,"ID":3},{"utility":30.5,"ID":4}],[],[{"utility":0,"ID":5}],[{"utility":65,"ID":1},{"utility":16,"ID":6}],[],[]],"CORE :":true,"Relazioni :":23,"Time : ":1,"LAST PARTITION":{"1":2,"2":1,"3":5,"4":5,"5":2,"6":1}},{"Modalità dinamica :":false,"Q : ":4,"STARTING PARTITION: ":{"1":4,"2":1,"3":1,"4":1,"5":3,"6":4},"LAST COALITION":[[],[{"utility":49,"ID":2},{"utility":73,"ID":6}],[{"utility":38,"ID":1},{"utility":67,"ID":5}],[],[],[{"utility":87,"ID":3},{"utility":43,"ID":4}],[]],"STARTING COALITION: ":[[null],[{"utility":67.5,"ID":2},{"utility":43.5,"ID":3},{"utility":30.5,"ID":4}],[],[{"utility":0,"ID":5}],[{"utility":65,"ID":1},{"utility":16,"ID":6}],[],[]],"CORE :":true,"Relazioni :":23,"Time : ":2,"LAST PARTITION":{"1":2,"2":1,"3":5,"4":5,"5":2,"6":1}},{"Modalità dinamica :":false,"Q : ":4,"STARTING PARTITION: ":{"1":4,"2":1,"3":1,"4":1,"5":3,"6":4},"LAST COALITION":[[],[{"utility":49,"ID":2},{"utility":73,"ID":6}],[{"utility":38,"ID":1},{"utility":67,"ID":5}],[],[],[{"utility":87,"ID":3},{"utility":43,"ID":4}],[]],"STARTING COALITION: ":[[null],[{"utility":67.5,"ID":2},{"utility":43.5,"ID":3},{"utility":30.5,"ID":4}],[],[{"utility":0,"ID":5}],[{"utility":65,"ID":1},{"utility":16,"ID":6}],[],[]],"CORE :":true,"Relazioni :":23,"Time : ":3,"LAST PARTITION":{"1":2,"2":1,"3":5,"4":5,"5":2,"6":1}},{"Modalità dinamica :":false,"Q : ":4,"STARTING PARTITION: ":{"1":4,"2":1,"3":1,"4":1,"5":3,"6":4},"LAST COALITION":[[],[{"utility":49,"ID":2},{"utility":73,"ID":6}],[{"utility":38,"ID":1},{"utility":67,"ID":5}],[],[],[{"utility":87,"ID":3},{"utility":43,"ID":4}],[]],"STARTING COALITION: ":[[null],[{"utility":67.5,"ID":2},{"utility":43.5,"ID":3},{"utility":30.5,"ID":4}],[],[{"utility":0,"ID":5}],[{"utility":65,"ID":1},{"utility":16,"ID":6}],[],[]],"CORE :":true,"Relazioni :":23,"Time : ":4,"LAST PARTITION":{"1":2,"2":1,"3":5,"4":5,"5":2,"6":1}},{"Modalità dinamica :":false,"Q : ":4,"STARTING PARTITION: ":{"1":4,"2":1,"3":1,"4":1,"5":3,"6":4},"LAST COALITION":[[],[{"utility":49,"ID":2},{"utility":73,"ID":6}],[{"utility":38,"ID":1},{"utility":67,"ID":5}],[],[],[{"utility":87,"ID":3},{"utility":43,"ID":4}],[]],"STARTING COALITION: ":[[null],[{"utility":67.5,"ID":2},{"utility":43.5,"ID":3},{"utility":30.5,"ID":4}],[],[{"utility":0,"ID":5}],[{"utility":65,"ID":1},{"utility":16,"ID":6}],[],[]],"CORE :":true,"Relazioni :":23,"Time : ":5,"LAST PARTITION":{"1":2,"2":1,"3":5,"4":5,"5":2,"6":1}},{"Modalità dinamica :":false,"Q : ":5,"STARTING PARTITION: ":{"1":4,"2":1,"3":1,"4":1,"5":3,"6":4},"LAST COALITION":[[],[{"utility":49,"ID":2},{"utility":73,"ID":6}],[{"utility":38,"ID":1},{"utility":67,"ID":5}],[],[],[{"utility":87,"ID":3},{"utility":43,"ID":4}],[]],"STARTING COALITION: ":[[null],[{"utility":67.5,"ID":2},{"utility":43.5,"ID":3},{"utility":30.5,"ID":4}],[],[{"utility":0,"ID":5}],[{"utility":65,"ID":1},{"utility":16,"ID":6}],[],[]],"CORE :":true,"Relazioni :":23,"Time : ":1,"LAST PARTITION":{"1":2,"2":1,"3":5,"4":5,"5":2,"6":1}},{"Modalità dinamica :":false,"Q : ":5,"STARTING PARTITION: ":{"1":4,"2":1,"3":1,"4":1,"5":3,"6":4},"LAST COALITION":[[],[{"utility":49,"ID":2},{"utility":73,"ID":6}],[{"utility":38,"ID":1},{"utility":67,"ID":5}],[],[],[{"utility":87,"ID":3},{"utility":43,"ID":4}],[]],"STARTING COALITION: ":[[null],[{"utility":67.5,"ID":2},{"utility":43.5,"ID":3},{"utility":30.5,"ID":4}],[],[{"utility":0,"ID":5}],[{"utility":65,"ID":1},{"utility":16,"ID":6}],[],[]],"CORE :":true,"Relazioni :":23,"Time : ":2,"LAST PARTITION":{"1":2,"2":1,"3":5,"4":5,"5":2,"6":1}},{"Modalità dinamica :":false,"Q : ":5,"STARTING PARTITION: ":{"1":4,"2":1,"3":1,"4":1,"5":3,"6":4},"LAST COALITION":[[],[{"utility":49,"ID":2},{"utility":73,"ID":6}],[{"utility":38,"ID":1},{"utility":67,"ID":5}],[],[],[{"utility":87,"ID":3},{"utility":43,"ID":4}],[]],"STARTING COALITION: ":[[null],[{"utility":67.5,"ID":2},{"utility":43.5,"ID":3},{"utility":30.5,"ID":4}],[],[{"utility":0,"ID":5}],[{"utility":65,"ID":1},{"utility":16,"ID":6}],[],[]],"CORE :":true,"Relazioni :":23,"Time : ":3,"LAST PARTITION":{"1":2,"2":1,"3":5,"4":5,"5":2,"6":1}},{"Modalità dinamica :":false,"Q : ":5,"STARTING PARTITION: ":{"1":4,"2":1,"3":1,"4":1,"5":3,"6":4},"LAST COALITION":[[],[{"utility":49,"ID":2},{"utility":73,"ID":6}],[{"utility":38,"ID":1},{"utility":67,"ID":5}],[],[],[{"utility":87,"ID":3},{"utility":43,"ID":4}],[]],"STARTING COALITION: ":[[null],[{"utility":67.5,"ID":2},{"utility":43.5,"ID":3},{"utility":30.5,"ID":4}],[],[{"utility":0,"ID":5}],[{"utility":65,"ID":1},{"utility":16,"ID":6}],[],[]],"CORE :":true,"Relazioni :":23,"Time : ":4,"LAST PARTITION":{"1":2,"2":1,"3":5,"4":5,"5":2,"6":1}},{"Modalità dinamica :":false,"Q : ":5,"STARTING PARTITION: ":{"1":4,"2":1,"3":1,"4":1,"5":3,"6":4},"LAST COALITION":[[],[{"utility":49,"ID":2},{"utility":73,"ID":6}],[{"utility":38,"ID":1},{"utility":67,"ID":5}],[],[],[{"utility":87,"ID":3},{"utility":43,"ID":4}],[]],"STARTING COALITION: ":[[null],[{"utility":67.5,"ID":2},{"utility":43.5,"ID":3},{"utility":30.5,"ID":4}],[],[{"utility":0,"ID":5}],[{"utility":65,"ID":1},{"utility":16,"ID":6}],[],[]],"CORE :":true,"Relazioni :":23,"Time : ":5,"LAST PARTITION":{"1":2,"2":1,"3":5,"4":5,"5":2,"6":1}},{"Modalità dinamica :":true,"Q : ":2,"STARTING PARTITION: ":{"1":4,"2":1,"3":1,"4":1,"5":3,"6":4},"LAST COALITION":[[],[{"utility":49,"ID":2},{"utility":73,"ID":6}],[],[{"utility":38,"ID":1},{"utility":67,"ID":5}],[],[{"utility":87,"ID":3},{"utility":43,"ID":4}],[]],"STARTING COALITION: ":[[null],[{"utility":67.5,"ID":2},{"utility":43.5,"ID":3},{"utility":30.5,"ID":4}],[],[{"utility":0,"ID":5}],[{"utility":65,"ID":1},{"utility":16,"ID":6}],[],[]],"CORE :":true,"Relazioni :":23,"Time : ":1,"LAST PARTITION":{"1":3,"2":1,"3":5,"4":5,"5":3,"6":1}},{"Modalità dinamica :":true,"Q : ":2,"STARTING PARTITION: ":{"1":4,"2":1,"3":1,"4":1,"5":3,"6":4},"LAST COALITION":[[],[{"utility":38,"ID":1},{"utility":67,"ID":5}],[{"utility":87,"ID":3},{"utility":43,"ID":4}],[],[],[{"utility":49,"ID":2},{"utility":73,"ID":6}],[]],"STARTING COALITION: ":[[null],[{"utility":67.5,"ID":2},{"utility":43.5,"ID":3},{"utility":30.5,"ID":4}],[],[{"utility":0,"ID":5}],[{"utility":65,"ID":1},{"utility":16,"ID":6}],[],[]],"CORE :":true,"Relazioni :":23,"Time : ":2,"LAST PARTITION":{"1":1,"2":5,"3":2,"4":2,"5":1,"6":5}},{"Modalità dinamica :":true,"Q : ":2,"STARTING PARTITION: ":{"1":4,"2":1,"3":1,"4":1,"5":3,"6":4},"LAST COALITION":[[],[{"utility":38,"ID":1},{"utility":67,"ID":5}],[{"utility":49,"ID":2},{"utility":73,"ID":6}],[],[{"utility":87,"ID":3},{"utility":43,"ID":4}],[],[]],"STARTING COALITION: ":[[null],[{"utility":67.5,"ID":2},{"utility":43.5,"ID":3},{"utility":30.5,"ID":4}],[],[{"utility":0,"ID":5}],[{"utility":65,"ID":1},{"utility":16,"ID":6}],[],[]],"CORE :":true,"Relazioni :":23,"Time : ":3,"LAST PARTITION":{"1":1,"2":2,"3":4,"4":4,"5":1,"6":2}},{"Modalità dinamica :":true,"Q : ":2,"STARTING PARTITION: ":{"1":4,"2":1,"3":1,"4":1,"5":3,"6":4},"LAST COALITION":[[],[{"utility":38,"ID":1},{"utility":67,"ID":5}],[],[{"utility":87,"ID":3},{"utility":43,"ID":4}],[],[{"utility":49,"ID":2},{"utility":73,"ID":6}],[]],"STARTING COALITION: ":[[null],[{"utility":67.5,"ID":2},{"utility":43.5,"ID":3},{"utility":30.5,"ID":4}],[],[{"utility":0,"ID":5}],[{"utility":65,"ID":1},{"utility":16,"ID":6}],[],[]],"CORE :":true,"Relazioni :":23,"Time : ":4,"LAST PARTITION":{"1":1,"2":5,"3":3,"4":3,"5":1,"6":5}},{"Modalità dinamica :":true,"Q : ":2,"STARTING PARTITION: ":{"1":4,"2":1,"3":1,"4":1,"5":3,"6":4},"LAST COALITION":[[],[{"utility":38,"ID":1},{"utility":67,"ID":5}],[],[],[],[{"utility":87,"ID":3},{"utility":43,"ID":4}],[{"utility":49,"ID":2},{"utility":73,"ID":6}]],"STARTING COALITION: ":[[null],[{"utility":67.5,"ID":2},{"utility":43.5,"ID":3},{"utility":30.5,"ID":4}],[],[{"utility":0,"ID":5}],[{"utility":65,"ID":1},{"utility":16,"ID":6}],[],[]],"CORE :":true,"Relazioni :":23,"Time : ":5,"LAST PARTITION":{"1":1,"2":6,"3":5,"4":5,"5":1,"6":6}},{"Modalità dinamica :":true,"Q : ":3,"STARTING PARTITION: ":{"1":4,"2":1,"3":1,"4":1,"5":3,"6":4},"LAST COALITION":[[],[{"utility":49,"ID":2},{"utility":73,"ID":6}],[{"utility":87,"ID":3},{"utility":43,"ID":4}],[],[{"utility":38,"ID":1},{"utility":67,"ID":5}],[],[]],"STARTING COALITION: ":[[null],[{"utility":67.5,"ID":2},{"utility":43.5,"ID":3},{"utility":30.5,"ID":4}],[],[{"utility":0,"ID":5}],[{"utility":65,"ID":1},{"utility":16,"ID":6}],[],[]],"CORE :":true,"Relazioni :":23,"Time : ":1,"LAST PARTITION":{"1":4,"2":1,"3":2,"4":2,"5":4,"6":1}},{"Modalità dinamica :":true,"Q : ":3,"STARTING PARTITION: ":{"1":4,"2":1,"3":1,"4":1,"5":3,"6":4},"LAST COALITION":[[],[{"utility":49,"ID":2},{"utility":73,"ID":6}],[{"utility":87,"ID":3},{"utility":43,"ID":4}],[],[{"utility":38,"ID":1},{"utility":67,"ID":5}],[],[]],"STARTING COALITION: ":[[null],[{"utility":67.5,"ID":2},{"utility":43.5,"ID":3},{"utility":30.5,"ID":4}],[],[{"utility":0,"ID":5}],[{"utility":65,"ID":1},{"utility":16,"ID":6}],[],[]],"CORE :":true,"Relazioni :":23,"Time : ":2,"LAST PARTITION":{"1":4,"2":1,"3":2,"4":2,"5":4,"6":1}},{"Modalità dinamica :":true,"Q : ":3,"STARTING PARTITION: ":{"1":4,"2":1,"3":1,"4":1,"5":3,"6":4},"LAST COALITION":[[],[{"utility":38,"ID":1},{"utility":67,"ID":5}],[{"utility":87,"ID":3},{"utility":43,"ID":4}],[{"utility":49,"ID":2},{"utility":73,"ID":6}],[],[],[]],"STARTING COALITION: ":[[null],[{"utility":67.5,"ID":2},{"utility":43.5,"ID":3},{"utility":30.5,"ID":4}],[],[{"utility":0,"ID":5}],[{"utility":65,"ID":1},{"utility":16,"ID":6}],[],[]],"CORE :":true,"Relazioni :":23,"Time : ":3,"LAST PARTITION":{"1":1,"2":3,"3":2,"4":2,"5":1,"6":3}},{"Modalità dinamica :":true,"Q : ":3,"STARTING PARTITION: ":{"1":4,"2":1,"3":1,"4":1,"5":3,"6":4},"LAST COALITION":[[],[{"utility":49,"ID":2},{"utility":73,"ID":6}],[],[{"utility":87,"ID":3},{"utility":43,"ID":4}],[{"utility":38,"ID":1},{"utility":67,"ID":5}],[],[]],"STARTING COALITION: ":[[null],[{"utility":67.5,"ID":2},{"utility":43.5,"ID":3},{"utility":30.5,"ID":4}],[],[{"utility":0,"ID":5}],[{"utility":65,"ID":1},{"utility":16,"ID":6}],[],[]],"CORE :":true,"Relazioni :":23,"Time : ":4,"LAST PARTITION":{"1":4,"2":1,"3":3,"4":3,"5":4,"6":1}},{"Modalità dinamica :":true,"Q : ":3,"STARTING PARTITION: ":{"1":4,"2":1,"3":1,"4":1,"5":3,"6":4},"LAST COALITION":[[],[{"utility":38,"ID":1},{"utility":67,"ID":5}],[{"utility":87,"ID":3},{"utility":43,"ID":4}],[{"utility":49,"ID":2},{"utility":73,"ID":6}],[],[],[]],"STARTING COALITION: ":[[null],[{"utility":67.5,"ID":2},{"utility":43.5,"ID":3},{"utility":30.5,"ID":4}],[],[{"utility":0,"ID":5}],[{"utility":65,"ID":1},{"utility":16,"ID":6}],[],[]],"CORE :":true,"Relazioni :":23,"Time : ":5,"LAST PARTITION":{"1":1,"2":3,"3":2,"4":2,"5":1,"6":3}},{"Modalità dinamica :":true,"Q : ":4,"STARTING PARTITION: ":{"1":4,"2":1,"3":1,"4":1,"5":3,"6":4},"LAST COALITION":[[],[{"utility":49,"ID":2},{"utility":73,"ID":6}],[{"utility":87,"ID":3},{"utility":43,"ID":4}],[{"utility":38,"ID":1},{"utility":67,"ID":5}],[],[],[]],"STARTING COALITION: ":[[null],[{"utility":67.5,"ID":2},{"utility":43.5,"ID":3},{"utility":30.5,"ID":4}],[],[{"utility":0,"ID":5}],[{"utility":65,"ID":1},{"utility":16,"ID":6}],[],[]],"CORE :":true,"Relazioni :":23,"Time : ":1,"LAST PARTITION":{"1":3,"2":1,"3":2,"4":2,"5":3,"6":1}},{"Modalità dinamica :":true,"Q : ":4,"STARTING PARTITION: ":{"1":4,"2":1,"3":1,"4":1,"5":3,"6":4},"LAST COALITION":[[],[],[{"utility":87,"ID":3},{"utility":43,"ID":4}],[],[{"utility":49,"ID":2},{"utility":73,"ID":6}],[{"utility":38,"ID":1},{"utility":67,"ID":5}],[]],"STARTING COALITION: ":[[null],[{"utility":67.5,"ID":2},{"utility":43.5,"ID":3},{"utility":30.5,"ID":4}],[],[{"utility":0,"ID":5}],[{"utility":65,"ID":1},{"utility":16,"ID":6}],[],[]],"CORE :":true,"Relazioni :":23,"Time : ":2,"LAST PARTITION":{"1":5,"2":4,"3":2,"4":2,"5":5,"6":4}},{"Modalità dinamica :":true,"Q : ":4,"STARTING PARTITION: ":{"1":4,"2":1,"3":1,"4":1,"5":3,"6":4},"LAST COALITION":[[],[{"utility":49,"ID":2},{"utility":73,"ID":6}],[{"utility":87,"ID":3},{"utility":43,"ID":4}],[],[{"utility":38,"ID":1},{"utility":67,"ID":5}],[],[]],"STARTING COALITION: ":[[null],[{"utility":67.5,"ID":2},{"utility":43.5,"ID":3},{"utility":30.5,"ID":4}],[],[{"utility":0,"ID":5}],[{"utility":65,"ID":1},{"utility":16,"ID":6}],[],[]],"CORE :":true,"Relazioni :":23,"Time : ":3,"LAST PARTITION":{"1":4,"2":1,"3":2,"4":2,"5":4,"6":1}},{"Modalità dinamica :":true,"Q : ":4,"STARTING PARTITION: ":{"1":4,"2":1,"3":1,"4":1,"5":3,"6":4},"LAST COALITION":[[],[{"utility":49,"ID":2},{"utility":73,"ID":6}],[{"utility":38,"ID":1},{"utility":67,"ID":5}],[{"utility":87,"ID":3},{"utility":43,"ID":4}],[],[],[]],"STARTING COALITION: ":[[null],[{"utility":67.5,"ID":2},{"utility":43.5,"ID":3},{"utility":30.5,"ID":4}],[],[{"utility":0,"ID":5}],[{"utility":65,"ID":1},{"utility":16,"ID":6}],[],[]],"CORE :":true,"Relazioni :":23,"Time : ":4,"LAST PARTITION":{"1":2,"2":1,"3":3,"4":3,"5":2,"6":1}},{"Modalità dinamica :":true,"Q : ":4,"STARTING PARTITION: ":{"1":4,"2":1,"3":1,"4":1,"5":3,"6":4},"LAST COALITION":[[],[{"utility":96,"ID":1},{"utility":44,"ID":3}],[{"utility":59.5,"ID":2},{"utility":46.5,"ID":4},{"utility":41.5,"ID":6}],[],[],[],[{"utility":0,"ID":5}]],"STARTING COALITION: ":[[null],[{"utility":67.5,"ID":2},{"utility":43.5,"ID":3},{"utility":30.5,"ID":4}],[],[{"utility":0,"ID":5}],[{"utility":65,"ID":1},{"utility":16,"ID":6}],[],[]],"CORE :":true,"Relazioni :":23,"Time : ":5,"LAST PARTITION":{"1":1,"2":2,"3":1,"4":2,"5":6,"6":2}},{"Modalità dinamica :":true,"Q : ":5,"STARTING PARTITION: ":{"1":4,"2":1,"3":1,"4":1,"5":3,"6":4},"LAST COALITION":[[],[{"utility":87,"ID":3},{"utility":43,"ID":4}],[],[],[{"utility":38,"ID":1},{"utility":67,"ID":5}],[{"utility":49,"ID":2},{"utility":73,"ID":6}],[]],"STARTING COALITION: ":[[null],[{"utility":67.5,"ID":2},{"utility":43.5,"ID":3},{"utility":30.5,"ID":4}],[],[{"utility":0,"ID":5}],[{"utility":65,"ID":1},{"utility":16,"ID":6}],[],[]],"CORE :":true,"Relazioni :":23,"Time : ":1,"LAST PARTITION":{"1":4,"2":5,"3":1,"4":1,"5":4,"6":5}},{"Modalità dinamica :":true,"Q : ":5,"STARTING PARTITION: ":{"1":4,"2":1,"3":1,"4":1,"5":3,"6":4},"LAST COALITION":[[],[{"utility":0,"ID":5}],[{"utility":96,"ID":1},{"utility":44,"ID":3}],[],[],[{"utility":59.5,"ID":2},{"utility":46.5,"ID":4},{"utility":41.5,"ID":6}],[]],"STARTING COALITION: ":[[null],[{"utility":67.5,"ID":2},{"utility":43.5,"ID":3},{"utility":30.5,"ID":4}],[],[{"utility":0,"ID":5}],[{"utility":65,"ID":1},{"utility":16,"ID":6}],[],[]],"CORE :":true,"Relazioni :":23,"Time : ":2,"LAST PARTITION":{"1":2,"2":5,"3":2,"4":5,"5":1,"6":5}},{"Modalità dinamica :":true,"Q : ":5,"STARTING PARTITION: ":{"1":4,"2":1,"3":1,"4":1,"5":3,"6":4},"LAST COALITION":[[],[{"utility":49,"ID":2},{"utility":73,"ID":6}],[],[{"utility":87,"ID":3},{"utility":43,"ID":4}],[{"utility":38,"ID":1},{"utility":67,"ID":5}],[],[]],"STARTING COALITION: ":[[null],[{"utility":67.5,"ID":2},{"utility":43.5,"ID":3},{"utility":30.5,"ID":4}],[],[{"utility":0,"ID":5}],[{"utility":65,"ID":1},{"utility":16,"ID":6}],[],[]],"CORE :":true,"Relazioni :":23,"Time : ":3,"LAST PARTITION":{"1":4,"2":1,"3":3,"4":3,"5":4,"6":1}},{"Modalità dinamica :":true,"Q : ":5,"STARTING PARTITION: ":{"1":4,"2":1,"3":1,"4":1,"5":3,"6":4},"LAST COALITION":[[],[{"utility":0,"ID":5}],[],[{"utility":59.5,"ID":2},{"utility":46.5,"ID":4},{"utility":41.5,"ID":6}],[{"utility":96,"ID":1},{"utility":44,"ID":3}],[],[]],"STARTING COALITION: ":[[null],[{"utility":67.5,"ID":2},{"utility":43.5,"ID":3},{"utility":30.5,"ID":4}],[],[{"utility":0,"ID":5}],[{"utility":65,"ID":1},{"utility":16,"ID":6}],[],[]],"CORE :":true,"Relazioni :":23,"Time : ":4,"LAST PARTITION":{"1":4,"2":3,"3":4,"4":3,"5":1,"6":3}},{"Modalità dinamica :":true,"Q : ":5,"STARTING PARTITION: ":{"1":4,"2":1,"3":1,"4":1,"5":3,"6":4},"LAST COALITION":[[],[{"utility":38,"ID":1},{"utility":67,"ID":5}],[],[{"utility":49,"ID":2},{"utility":73,"ID":6}],[],[{"utility":87,"ID":3},{"utility":43,"ID":4}],[]],"STARTING COALITION: ":[[null],[{"utility":67.5,"ID":2},{"utility":43.5,"ID":3},{"utility":30.5,"ID":4}],[],[{"utility":0,"ID":5}],[{"utility":65,"ID":1},{"utility":16,"ID":6}],[],[]],"CORE :":true,"Relazioni :":23,"Time : ":5,"LAST PARTITION":{"1":1,"2":3,"3":5,"4":5,"5":1,"6":3}},{"END OF FILE:" : true}]