[{"STARTING PARTITION: ":{"1":2,"2":1,"3":2,"4":2,"5":2},"Agents":[null,{"utility":48.5,"ID":1},{"utility":52,"ID":2},{"utility":44,"ID":3},{"utility":85,"ID":4},{"utility":39,"ID":5}],"LAST COALITION":[[],[],[{"utility":48.5,"ID":1},{"utility":52,"ID":2},{"utility":39,"ID":5}],[],[{"utility":44,"ID":3},{"utility":85,"ID":4}],[]],"STARTING COALITION: ":[[null],[{"utility":0,"ID":2}],[{"utility":70.33333333333333,"ID":1},{"utility":19.666666666666668,"ID":3},{"utility":52.333333333333336,"ID":4},{"utility":37.333333333333336,"ID":5}],[],[],[]],"CORE :":true,"LAST PARTITION":{"1":2,"2":2,"3":4,"4":4,"5":2}},{"STARTING PARTITION: ":{"1":2,"2":2,"3":2,"4":2,"5":1},"Agents":[null,{"utility":21,"ID":1},{"utility":28,"ID":2},{"utility":33,"ID":3},{"utility":90,"ID":4},{"utility":48,"ID":5}],"LAST COALITION":[[],[],[],[{"utility":28,"ID":2},{"utility":33,"ID":3},{"utility":90,"ID":4}],[{"utility":21,"ID":1},{"utility":48,"ID":5}],[]],"STARTING COALITION: ":[[null],[{"utility":0,"ID":5}],[{"utility":88.66666666666667,"ID":1},{"utility":26,"ID":2},{"utility":24.333333333333332,"ID":3},{"utility":65,"ID":4}],[],[],[]],"CORE :":true,"LAST PARTITION":{"1":4,"2":3,"3":3,"4":3,"5":4}},{"STARTING PARTITION: ":{"1":1,"2":1,"3":2,"4":2,"5":1},"Agents":[null,{"utility":48.5,"ID":1},{"utility":52,"ID":2},{"utility":44,"ID":3},{"utility":85,"ID":4},{"utility":39,"ID":5}],"LAST COALITION":[[],[{"utility":48.5,"ID":1},{"utility":52,"ID":2},{"utility":39,"ID":5}],[{"utility":44,"ID":3},{"utility":85,"ID":4}],[],[],[]],"STARTING COALITION: ":[[null],[{"utility":48.5,"ID":1},{"utility":52,"ID":2},{"utility":39,"ID":5}],[{"utility":44,"ID":3},{"utility":85,"ID":4}],[],[],[]],"CORE :":true,"LAST PARTITION":{"1":1,"2":1,"3":2,"4":2,"5":1}},{"STARTING PARTITION: ":{"1":2,"2":2,"3":2,"4":2,"5":2},"Agents":[null,{"utility":48.5,"ID":1},{"utility":52,"ID":2},{"utility":44,"ID":3},{"utility":85,"ID":4},{"utility":39,"ID":5}],"LAST COALITION":[[],[{"utility":44,"ID":3},{"utility":85,"ID":4}],[],[{"utility":48.5,"ID":1},{"utility":52,"ID":2},{"utility":39,"ID":5}],[],[]],"STARTING COALITION: ":[[null],[],[{"utility":71.75,"ID":1},{"utility":40,"ID":2},{"utility":20.25,"ID":3},{"utility":63,"ID":4},{"utility":35.5,"ID":5}],[],[],[]],"CORE :":true,"LAST PARTITION":{"1":3,"2":3,"3":1,"4":1,"5":3}},{"STARTING PARTITION: ":{"1":1,"2":1,"3":2,"4":1,"5":2},"Agents":[null,{"utility":21,"ID":1},{"utility":28,"ID":2},{"utility":33,"ID":3},{"utility":90,"ID":4},{"utility":48,"ID":5}],"LAST COALITION":[[],[{"utility":28,"ID":2},{"utility":33,"ID":3},{"utility":90,"ID":4}],[{"utility":21,"ID":1},{"utility":48,"ID":5}],[],[],[]],"STARTING COALITION: ":[[null],[{"utility":84,"ID":1},{"utility":15.5,"ID":2},{"utility":55,"ID":4}],[{"utility":8,"ID":3},{"utility":7,"ID":5}],[],[],[]],"CORE :":true,"LAST PARTITION":{"1":2,"2":1,"3":1,"4":1,"5":2}},{"STARTING PARTITION: ":{"1":2,"2":2,"3":2,"4":1,"5":2},"Agents":[null,{"utility":21,"ID":1},{"utility":28,"ID":2},{"utility":33,"ID":3},{"utility":90,"ID":4},{"utility":48,"ID":5}],"LAST COALITION":[[],[],[{"utility":21,"ID":1},{"utility":48,"ID":5}],[],[{"utility":28,"ID":2},{"utility":33,"ID":3},{"utility":90,"ID":4}],[]],"STARTING COALITION: ":[[null],[{"utility":0,"ID":4}],[{"utility":65,"ID":1},{"utility":50.333333333333336,"ID":2},{"utility":12.333333333333334,"ID":3},{"utility":28.333333333333332,"ID":5}],[],[],[]],"CORE :":true,"LAST PARTITION":{"1":2,"2":4,"3":4,"4":4,"5":2}},{"STARTING PARTITION: ":{"1":2,"2":1,"3":1,"4":2,"5":1},"Agents":[null,{"utility":21,"ID":1},{"utility":28,"ID":2},{"utility":33,"ID":3},{"utility":90,"ID":4},{"utility":48,"ID":5}],"LAST COALITION":[[],[{"utility":21,"ID":1},{"utility":48,"ID":5}],[],[],[{"utility":28,"ID":2},{"utility":33,"ID":3},{"utility":90,"ID":4}],[]],"STARTING COALITION: ":[[null],[{"utility":64.5,"ID":2},{"utility":15,"ID":3},{"utility":18.5,"ID":5}],[{"utility":92,"ID":1},{"utility":15,"ID":4}],[],[],[]],"CORE :":true,"LAST PARTITION":{"1":1,"2":4,"3":4,"4":4,"5":1}},{"STARTING PARTITION: ":{"1":2,"2":1,"3":2,"4":1,"5":1},"Agents":[null,{"utility":48.5,"ID":1},{"utility":52,"ID":2},{"utility":44,"ID":3},{"utility":85,"ID":4},{"utility":39,"ID":5}],"LAST COALITION":[[],[],[],[{"utility":48.5,"ID":1},{"utility":52,"ID":2},{"utility":39,"ID":5}],[{"utility":44,"ID":3},{"utility":85,"ID":4}],[]],"STARTING COALITION: ":[[null],[{"utility":45.5,"ID":2},{"utility":76,"ID":4},{"utility":43.5,"ID":5}],[{"utility":98,"ID":1},{"utility":7,"ID":3}],[],[],[]],"CORE :":true,"LAST PARTITION":{"1":3,"2":3,"3":4,"4":4,"5":3}},{"STARTING PARTITION: ":{"1":2,"2":2,"3":2,"4":2,"5":1},"Agents":[null,{"utility":21,"ID":1},{"utility":28,"ID":2},{"utility":33,"ID":3},{"utility":90,"ID":4},{"utility":48,"ID":5}],"LAST COALITION":[[],[],[],[{"utility":28,"ID":2},{"utility":33,"ID":3},{"utility":90,"ID":4}],[{"utility":21,"ID":1},{"utility":48,"ID":5}],[]],"STARTING COALITION: ":[[null],[{"utility":0,"ID":5}],[{"utility":88.66666666666667,"ID":1},{"utility":26,"ID":2},{"utility":24.333333333333332,"ID":3},{"utility":65,"ID":4}],[],[],[]],"CORE :":true,"LAST PARTITION":{"1":4,"2":3,"3":3,"4":3,"5":4}},{"STARTING PARTITION: ":{"1":1,"2":1,"3":1,"4":1,"5":1},"Agents":[null,{"utility":48.5,"ID":1},{"utility":52,"ID":2},{"utility":44,"ID":3},{"utility":85,"ID":4},{"utility":39,"ID":5}],"LAST COALITION":[[],[],[],[],[{"utility":44,"ID":3},{"utility":85,"ID":4}],[{"utility":48.5,"ID":1},{"utility":52,"ID":2},{"utility":39,"ID":5}]],"STARTING COALITION: ":[[null],[{"utility":71.75,"ID":1},{"utility":40,"ID":2},{"utility":20.25,"ID":3},{"utility":63,"ID":4},{"utility":35.5,"ID":5}],[],[],[],[]],"CORE :":true,"LAST PARTITION":{"1":5,"2":5,"3":4,"4":4,"5":5}},{"STARTING PARTITION: ":{"1":2,"2":2,"3":1,"4":1,"5":1},"Agents":[null,{"utility":21,"ID":1},{"utility":28,"ID":2},{"utility":33,"ID":3},{"utility":90,"ID":4},{"utility":48,"ID":5}],"LAST COALITION":[[],[],[],[{"utility":28,"ID":2},{"utility":33,"ID":3},{"utility":90,"ID":4}],[{"utility":21,"ID":1},{"utility":48,"ID":5}],[]],"STARTING COALITION: ":[[null],[{"utility":26,"ID":3},{"utility":71,"ID":4},{"utility":32,"ID":5}],[{"utility":76,"ID":1},{"utility":22,"ID":2}],[],[],[]],"CORE :":true,"LAST PARTITION":{"1":4,"2":3,"3":3,"4":3,"5":4}},{"STARTING PARTITION: ":{"1":2,"2":2,"3":2,"4":1,"5":1},"Agents":[null,{"utility":48.5,"ID":1},{"utility":52,"ID":2},{"utility":44,"ID":3},{"utility":85,"ID":4},{"utility":39,"ID":5}],"LAST COALITION":[[],[],[],[],[{"utility":44,"ID":3},{"utility":85,"ID":4}],[{"utility":48.5,"ID":1},{"utility":52,"ID":2},{"utility":39,"ID":5}]],"STARTING COALITION: ":[[null],[{"utility":57,"ID":4},{"utility":57,"ID":5}],[{"utility":87,"ID":1},{"utility":34.5,"ID":2},{"utility":14.5,"ID":3}],[],[],[]],"CORE :":true,"LAST PARTITION":{"1":5,"2":5,"3":4,"4":4,"5":5}},{"STARTING PARTITION: ":{"1":2,"2":1,"3":1,"4":1,"5":1},"Agents":[null,{"utility":21,"ID":1},{"utility":28,"ID":2},{"utility":33,"ID":3},{"utility":90,"ID":4},{"utility":48,"ID":5}],"LAST COALITION":[[],[{"utility":28,"ID":2},{"utility":33,"ID":3},{"utility":90,"ID":4}],[],[{"utility":21,"ID":1},{"utility":48,"ID":5}],[],[]],"STARTING COALITION: ":[[null],[{"utility":46,"ID":2},{"utility":24.666666666666668,"ID":3},{"utility":79,"ID":4},{"utility":31.333333333333332,"ID":5}],[{"utility":0,"ID":1}],[],[],[]],"CORE :":true,"LAST PARTITION":{"1":3,"2":1,"3":1,"4":1,"5":3}},{"STARTING PARTITION: ":{"1":1,"2":2,"3":1,"4":2,"5":2},"Agents":[null,{"utility":48.5,"ID":1},{"utility":52,"ID":2},{"utility":44,"ID":3},{"utility":85,"ID":4},{"utility":39,"ID":5}],"LAST COALITION":[[],[],[{"utility":44,"ID":3},{"utility":85,"ID":4}],[{"utility":48.5,"ID":1},{"utility":52,"ID":2},{"utility":39,"ID":5}],[],[]],"STARTING COALITION: ":[[null],[{"utility":98,"ID":1},{"utility":7,"ID":3}],[{"utility":45.5,"ID":2},{"utility":76,"ID":4},{"utility":43.5,"ID":5}],[],[],[]],"CORE :":true,"LAST PARTITION":{"1":3,"2":3,"3":2,"4":2,"5":3}},{"STARTING PARTITION: ":{"1":2,"2":2,"3":1,"4":1,"5":1},"Agents":[null,{"utility":21,"ID":1},{"utility":28,"ID":2},{"utility":33,"ID":3},{"utility":90,"ID":4},{"utility":48,"ID":5}],"LAST COALITION":[[],[],[],[{"utility":28,"ID":2},{"utility":33,"ID":3},{"utility":90,"ID":4}],[{"utility":21,"ID":1},{"utility":48,"ID":5}],[]],"STARTING COALITION: ":[[null],[{"utility":26,"ID":3},{"utility":71,"ID":4},{"utility":32,"ID":5}],[{"utility":76,"ID":1},{"utility":22,"ID":2}],[],[],[]],"CORE :":true,"LAST PARTITION":{"1":4,"2":3,"3":3,"4":3,"5":4}},{"STARTING PARTITION: ":{"1":1,"2":2,"3":2,"4":1,"5":1},"Agents":[null,{"utility":21,"ID":1},{"utility":28,"ID":2},{"utility":33,"ID":3},{"utility":90,"ID":4},{"utility":48,"ID":5}],"LAST COALITION":[[],[{"utility":21,"ID":1},{"utility":48,"ID":5}],[{"utility":28,"ID":2},{"utility":33,"ID":3},{"utility":90,"ID":4}],[],[],[]],"STARTING COALITION: ":[[null],[{"utility":56.5,"ID":1},{"utility":36,"ID":4},{"utility":52.5,"ID":5}],[{"utility":47,"ID":2},{"utility":22,"ID":3}],[],[],[]],"CORE :":true,"LAST PARTITION":{"1":1,"2":2,"3":2,"4":2,"5":1}},{"STARTING PARTITION: ":{"1":2,"2":1,"3":1,"4":1,"5":1},"Agents":[null,{"utility":21,"ID":1},{"utility":28,"ID":2},{"utility":33,"ID":3},{"utility":90,"ID":4},{"utility":48,"ID":5}],"LAST COALITION":[[],[],[{"utility":28,"ID":2},{"utility":33,"ID":3},{"utility":90,"ID":4}],[],[{"utility":21,"ID":1},{"utility":48,"ID":5}],[]],"STARTING COALITION: ":[[null],[{"utility":46,"ID":2},{"utility":24.666666666666668,"ID":3},{"utility":79,"ID":4},{"utility":31.333333333333332,"ID":5}],[{"utility":0,"ID":1}],[],[],[]],"CORE :":true,"LAST PARTITION":{"1":4,"2":2,"3":2,"4":2,"5":4}},{"STARTING PARTITION: ":{"1":1,"2":1,"3":2,"4":2,"5":2},"Agents":[null,{"utility":48.5,"ID":1},{"utility":52,"ID":2},{"utility":44,"ID":3},{"utility":85,"ID":4},{"utility":39,"ID":5}],"LAST COALITION":[[],[],[],[{"utility":44,"ID":3},{"utility":85,"ID":4}],[{"utility":48.5,"ID":1},{"utility":52,"ID":2},{"utility":39,"ID":5}],[]],"STARTING COALITION: ":[[null],[{"utility":76,"ID":1},{"utility":22,"ID":2}],[{"utility":26,"ID":3},{"utility":71,"ID":4},{"utility":32,"ID":5}],[],[],[]],"CORE :":true,"LAST PARTITION":{"1":4,"2":4,"3":3,"4":3,"5":4}},{"STARTING PARTITION: ":{"1":2,"2":1,"3":1,"4":1,"5":1},"Agents":[null,{"utility":21,"ID":1},{"utility":28,"ID":2},{"utility":33,"ID":3},{"utility":90,"ID":4},{"utility":48,"ID":5}],"LAST COALITION":[[],[{"utility":28,"ID":2},{"utility":33,"ID":3},{"utility":90,"ID":4}],[],[],[{"utility":21,"ID":1},{"utility":48,"ID":5}],[]],"STARTING COALITION: ":[[null],[{"utility":46,"ID":2},{"utility":24.666666666666668,"ID":3},{"utility":79,"ID":4},{"utility":31.333333333333332,"ID":5}],[{"utility":0,"ID":1}],[],[],[]],"CORE :":true,"LAST PARTITION":{"1":4,"2":1,"3":1,"4":1,"5":4}},{"STARTING PARTITION: ":{"1":1,"2":2,"3":1,"4":1,"5":1},"Agents":[null,{"utility":48.5,"ID":1},{"utility":52,"ID":2},{"utility":44,"ID":3},{"utility":85,"ID":4},{"utility":39,"ID":5}],"LAST COALITION":[[],[],[],[],[{"utility":44,"ID":3},{"utility":85,"ID":4}],[{"utility":48.5,"ID":1},{"utility":52,"ID":2},{"utility":39,"ID":5}]],"STARTING COALITION: ":[[null],[{"utility":70.33333333333333,"ID":1},{"utility":19.666666666666668,"ID":3},{"utility":52.333333333333336,"ID":4},{"utility":37.333333333333336,"ID":5}],[{"utility":0,"ID":2}],[],[],[]],"CORE :":true,"LAST PARTITION":{"1":5,"2":5,"3":4,"4":4,"5":5}},{"END OF FILE:" : true}]