[{"Modalità dinamica :":false,"Q : ":2,"STARTING PARTITION: ":{"1":2,"2":2,"3":2,"4":1,"5":3,"6":3},"LAST COALITION":[[],[],[{"utility":4,"ID":1},{"utility":92,"ID":2}],[{"utility":40,"ID":5},{"utility":83,"ID":6}],[{"utility":100,"ID":3},{"utility":87,"ID":4}],[],[]],"STARTING COALITION: ":[[null],[{"utility":0,"ID":4}],[{"utility":41.5,"ID":1},{"utility":60.5,"ID":2},{"utility":39.5,"ID":3}],[{"utility":40,"ID":5},{"utility":83,"ID":6}],[],[],[]],"CORE :":true,"Relazioni :":27,"Time : ":1,"LAST PARTITION":{"1":2,"2":2,"3":4,"4":4,"5":3,"6":3}},{"Modalità dinamica :":false,"Q : ":2,"STARTING PARTITION: ":{"1":2,"2":2,"3":2,"4":1,"5":3,"6":3},"LAST COALITION":[[],[],[{"utility":4,"ID":1},{"utility":92,"ID":2}],[{"utility":40,"ID":5},{"utility":83,"ID":6}],[{"utility":100,"ID":3},{"utility":87,"ID":4}],[],[]],"STARTING COALITION: ":[[null],[{"utility":0,"ID":4}],[{"utility":41.5,"ID":1},{"utility":60.5,"ID":2},{"utility":39.5,"ID":3}],[{"utility":40,"ID":5},{"utility":83,"ID":6}],[],[],[]],"CORE :":true,"Relazioni :":27,"Time : ":2,"LAST PARTITION":{"1":2,"2":2,"3":4,"4":4,"5":3,"6":3}},{"Modalità dinamica :":false,"Q : ":2,"STARTING PARTITION: ":{"1":2,"2":2,"3":2,"4":1,"5":3,"6":3},"LAST COALITION":[[],[],[{"utility":4,"ID":1},{"utility":92,"ID":2}],[{"utility":40,"ID":5},{"utility":83,"ID":6}],[{"utility":100,"ID":3},{"utility":87,"ID":4}],[],[]],"STARTING COALITION: ":[[null],[{"utility":0,"ID":4}],[{"utility":41.5,"ID":1},{"utility":60.5,"ID":2},{"utility":39.5,"ID":3}],[{"utility":40,"ID":5},{"utility":83,"ID":6}],[],[],[]],"CORE :":true,"Relazioni :":27,"Time : ":3,"LAST PARTITION":{"1":2,"2":2,"3":4,"4":4,"5":3,"6":3}},{"Modalità dinamica :":false,"Q : ":2,"STARTING PARTITION: ":{"1":2,"2":2,"3":2,"4":1,"5":3,"6":3},"LAST COALITION":[[],[],[{"utility":4,"ID":1},{"utility":92,"ID":2}],[{"utility":40,"ID":5},{"utility":83,"ID":6}],[{"utility":100,"ID":3},{"utility":87,"ID":4}],[],[]],"STARTING COALITION: ":[[null],[{"utility":0,"ID":4}],[{"utility":41.5,"ID":1},{"utility":60.5,"ID":2},{"utility":39.5,"ID":3}],[{"utility":40,"ID":5},{"utility":83,"ID":6}],[],[],[]],"CORE :":true,"Relazioni :":27,"Time : ":4,"LAST PARTITION":{"1":2,"2":2,"3":4,"4":4,"5":3,"6":3}},{"Modalità dinamica :":false,"Q : ":2,"STARTING PARTITION: ":{"1":2,"2":2,"3":2,"4":1,"5":3,"6":3},"LAST COALITION":[[],[],[{"utility":4,"ID":1},{"utility":92,"ID":2}],[{"utility":40,"ID":5},{"utility":83,"ID":6}],[{"utility":100,"ID":3},{"utility":87,"ID":4}],[],[]],"STARTING COALITION: ":[[null],[{"utility":0,"ID":4}],[{"utility":41.5,"ID":1},{"utility":60.5,"ID":2},{"utility":39.5,"ID":3}],[{"utility":40,"ID":5},{"utility":83,"ID":6}],[],[],[]],"CORE :":true,"Relazioni :":27,"Time : ":5,"LAST PARTITION":{"1":2,"2":2,"3":4,"4":4,"5":3,"6":3}},{"Modalità dinamica :":false,"Q : ":3,"STARTING PARTITION: ":{"1":2,"2":2,"3":2,"4":1,"5":3,"6":3},"LAST COALITION":[[],[],[{"utility":4,"ID":1},{"utility":92,"ID":2}],[{"utility":40,"ID":5},{"utility":83,"ID":6}],[{"utility":100,"ID":3},{"utility":87,"ID":4}],[],[]],"STARTING COALITION: ":[[null],[{"utility":0,"ID":4}],[{"utility":41.5,"ID":1},{"utility":60.5,"ID":2},{"utility":39.5,"ID":3}],[{"utility":40,"ID":5},{"utility":83,"ID":6}],[],[],[]],"CORE :":true,"Relazioni :":27,"Time : ":1,"LAST PARTITION":{"1":2,"2":2,"3":4,"4":4,"5":3,"6":3}},{"Modalità dinamica :":false,"Q : ":3,"STARTING PARTITION: ":{"1":2,"2":2,"3":2,"4":1,"5":3,"6":3},"LAST COALITION":[[],[],[{"utility":4,"ID":1},{"utility":92,"ID":2}],[{"utility":40,"ID":5},{"utility":83,"ID":6}],[{"utility":100,"ID":3},{"utility":87,"ID":4}],[],[]],"STARTING COALITION: ":[[null],[{"utility":0,"ID":4}],[{"utility":41.5,"ID":1},{"utility":60.5,"ID":2},{"utility":39.5,"ID":3}],[{"utility":40,"ID":5},{"utility":83,"ID":6}],[],[],[]],"CORE :":true,"Relazioni :":27,"Time : ":2,"LAST PARTITION":{"1":2,"2":2,"3":4,"4":4,"5":3,"6":3}},{"Modalità dinamica :":false,"Q : ":3,"STARTING PARTITION: ":{"1":2,"2":2,"3":2,"4":1,"5":3,"6":3},"LAST COALITION":[[],[],[{"utility":4,"ID":1},{"utility":92,"ID":2}],[{"utility":40,"ID":5},{"utility":83,"ID":6}],[{"utility":100,"ID":3},{"utility":87,"ID":4}],[],[]],"STARTING COALITION: ":[[null],[{"utility":0,"ID":4}],[{"utility":41.5,"ID":1},{"utility":60.5,"ID":2},{"utility":39.5,"ID":3}],[{"utility":40,"ID":5},{"utility":83,"ID":6}],[],[],[]],"CORE :":true,"Relazioni :":27,"Time : ":3,"LAST PARTITION":{"1":2,"2":2,"3":4,"4":4,"5":3,"6":3}},{"Modalità dinamica :":false,"Q : ":3,"STARTING PARTITION: ":{"1":2,"2":2,"3":2,"4":1,"5":3,"6":3},"LAST COALITION":[[],[],[{"utility":4,"ID":1},{"utility":92,"ID":2}],[{"utility":40,"ID":5},{"utility":83,"ID":6}],[{"utility":100,"ID":3},{"utility":87,"ID":4}],[],[]],"STARTING COALITION: ":[[null],[{"utility":0,"ID":4}],[{"utility":41.5,"ID":1},{"utility":60.5,"ID":2},{"utility":39.5,"ID":3}],[{"utility":40,"ID":5},{"utility":83,"ID":6}],[],[],[]],"CORE :":true,"Relazioni :":27,"Time : ":4,"LAST PARTITION":{"1":2,"2":2,"3":4,"4":4,"5":3,"6":3}},{"Modalità dinamica :":false,"Q : ":3,"STARTING PARTITION: ":{"1":2,"2":2,"3":2,"4":1,"5":3,"6":3},"LAST COALITION":[[],[],[{"utility":4,"ID":1},{"utility":92,"ID":2}],[{"utility":40,"ID":5},{"utility":83,"ID":6}],[{"utility":100,"ID":3},{"utility":87,"ID":4}],[],[]],"STARTING COALITION: ":[[null],[{"utility":0,"ID":4}],[{"utility":41.5,"ID":1},{"utility":60.5,"ID":2},{"utility":39.5,"ID":3}],[{"utility":40,"ID":5},{"utility":83,"ID":6}],[],[],[]],"CORE :":true,"Relazioni :":27,"Time : ":5,"LAST PARTITION":{"1":2,"2":2,"3":4,"4":4,"5":3,"6":3}},{"Modalità dinamica :":false,"Q : ":4,"STARTING PARTITION: ":{"1":2,"2":2,"3":2,"4":1,"5":3,"6":3},"LAST COALITION":[[],[],[{"utility":4,"ID":1},{"utility":92,"ID":2}],[{"utility":40,"ID":5},{"utility":83,"ID":6}],[{"utility":100,"ID":3},{"utility":87,"ID":4}],[],[]],"STARTING COALITION: ":[[null],[{"utility":0,"ID":4}],[{"utility":41.5,"ID":1},{"utility":60.5,"ID":2},{"utility":39.5,"ID":3}],[{"utility":40,"ID":5},{"utility":83,"ID":6}],[],[],[]],"CORE :":true,"Relazioni :":27,"Time : ":1,"LAST PARTITION":{"1":2,"2":2,"3":4,"4":4,"5":3,"6":3}},{"Modalità dinamica :":false,"Q : ":4,"STARTING PARTITION: ":{"1":2,"2":2,"3":2,"4":1,"5":3,"6":3},"LAST COALITION":[[],[],[{"utility":4,"ID":1},{"utility":92,"ID":2}],[{"utility":40,"ID":5},{"utility":83,"ID":6}],[{"utility":100,"ID":3},{"utility":87,"ID":4}],[],[]],"STARTING COALITION: ":[[null],[{"utility":0,"ID":4}],[{"utility":41.5,"ID":1},{"utility":60.5,"ID":2},{"utility":39.5,"ID":3}],[{"utility":40,"ID":5},{"utility":83,"ID":6}],[],[],[]],"CORE :":true,"Relazioni :":27,"Time : ":2,"LAST PARTITION":{"1":2,"2":2,"3":4,"4":4,"5":3,"6":3}},{"Modalità dinamica :":false,"Q : ":4,"STARTING PARTITION: ":{"1":2,"2":2,"3":2,"4":1,"5":3,"6":3},"LAST COALITION":[[],[],[{"utility":4,"ID":1},{"utility":92,"ID":2}],[{"utility":40,"ID":5},{"utility":83,"ID":6}],[{"utility":100,"ID":3},{"utility":87,"ID":4}],[],[]],"STARTING COALITION: ":[[null],[{"utility":0,"ID":4}],[{"utility":41.5,"ID":1},{"utility":60.5,"ID":2},{"utility":39.5,"ID":3}],[{"utility":40,"ID":5},{"utility":83,"ID":6}],[],[],[]],"CORE :":true,"Relazioni :":27,"Time : ":3,"LAST PARTITION":{"1":2,"2":2,"3":4,"4":4,"5":3,"6":3}},{"Modalità dinamica :":false,"Q : ":4,"STARTING PARTITION: ":{"1":2,"2":2,"3":2,"4":1,"5":3,"6":3},"LAST COALITION":[[],[],[{"utility":4,"ID":1},{"utility":92,"ID":2}],[{"utility":40,"ID":5},{"utility":83,"ID":6}],[{"utility":100,"ID":3},{"utility":87,"ID":4}],[],[]],"STARTING COALITION: ":[[null],[{"utility":0,"ID":4}],[{"utility":41.5,"ID":1},{"utility":60.5,"ID":2},{"utility":39.5,"ID":3}],[{"utility":40,"ID":5},{"utility":83,"ID":6}],[],[],[]],"CORE :":true,"Relazioni :":27,"Time : ":4,"LAST PARTITION":{"1":2,"2":2,"3":4,"4":4,"5":3,"6":3}},{"Modalità dinamica :":false,"Q : ":4,"STARTING PARTITION: ":{"1":2,"2":2,"3":2,"4":1,"5":3,"6":3},"LAST COALITION":[[],[],[{"utility":4,"ID":1},{"utility":92,"ID":2}],[{"utility":40,"ID":5},{"utility":83,"ID":6}],[{"utility":100,"ID":3},{"utility":87,"ID":4}],[],[]],"STARTING COALITION: ":[[null],[{"utility":0,"ID":4}],[{"utility":41.5,"ID":1},{"utility":60.5,"ID":2},{"utility":39.5,"ID":3}],[{"utility":40,"ID":5},{"utility":83,"ID":6}],[],[],[]],"CORE :":true,"Relazioni :":27,"Time : ":5,"LAST PARTITION":{"1":2,"2":2,"3":4,"4":4,"5":3,"6":3}},{"Modalità dinamica :":false,"Q : ":5,"STARTING PARTITION: ":{"1":2,"2":2,"3":2,"4":1,"5":3,"6":3},"LAST COALITION":[[],[],[{"utility":4,"ID":1},{"utility":92,"ID":2}],[{"utility":40,"ID":5},{"utility":83,"ID":6}],[{"utility":100,"ID":3},{"utility":87,"ID":4}],[],[]],"STARTING COALITION: ":[[null],[{"utility":0,"ID":4}],[{"utility":41.5,"ID":1},{"utility":60.5,"ID":2},{"utility":39.5,"ID":3}],[{"utility":40,"ID":5},{"utility":83,"ID":6}],[],[],[]],"CORE :":true,"Relazioni :":27,"Time : ":1,"LAST PARTITION":{"1":2,"2":2,"3":4,"4":4,"5":3,"6":3}},{"Modalità dinamica :":false,"Q : ":5,"STARTING PARTITION: ":{"1":2,"2":2,"3":2,"4":1,"5":3,"6":3},"LAST COALITION":[[],[],[{"utility":4,"ID":1},{"utility":92,"ID":2}],[{"utility":40,"ID":5},{"utility":83,"ID":6}],[{"utility":100,"ID":3},{"utility":87,"ID":4}],[],[]],"STARTING COALITION: ":[[null],[{"utility":0,"ID":4}],[{"utility":41.5,"ID":1},{"utility":60.5,"ID":2},{"utility":39.5,"ID":3}],[{"utility":40,"ID":5},{"utility":83,"ID":6}],[],[],[]],"CORE :":true,"Relazioni :":27,"Time : ":2,"LAST PARTITION":{"1":2,"2":2,"3":4,"4":4,"5":3,"6":3}},{"Modalità dinamica :":false,"Q : ":5,"STARTING PARTITION: ":{"1":2,"2":2,"3":2,"4":1,"5":3,"6":3},"LAST COALITION":[[],[],[{"utility":4,"ID":1},{"utility":92,"ID":2}],[{"utility":40,"ID":5},{"utility":83,"ID":6}],[{"utility":100,"ID":3},{"utility":87,"ID":4}],[],[]],"STARTING COALITION: ":[[null],[{"utility":0,"ID":4}],[{"utility":41.5,"ID":1},{"utility":60.5,"ID":2},{"utility":39.5,"ID":3}],[{"utility":40,"ID":5},{"utility":83,"ID":6}],[],[],[]],"CORE :":true,"Relazioni :":27,"Time : ":3,"LAST PARTITION":{"1":2,"2":2,"3":4,"4":4,"5":3,"6":3}},{"Modalità dinamica :":false,"Q : ":5,"STARTING PARTITION: ":{"1":2,"2":2,"3":2,"4":1,"5":3,"6":3},"LAST COALITION":[[],[],[{"utility":4,"ID":1},{"utility":92,"ID":2}],[{"utility":40,"ID":5},{"utility":83,"ID":6}],[{"utility":100,"ID":3},{"utility":87,"ID":4}],[],[]],"STARTING COALITION: ":[[null],[{"utility":0,"ID":4}],[{"utility":41.5,"ID":1},{"utility":60.5,"ID":2},{"utility":39.5,"ID":3}],[{"utility":40,"ID":5},{"utility":83,"ID":6}],[],[],[]],"CORE :":true,"Relazioni :":27,"Time : ":4,"LAST PARTITION":{"1":2,"2":2,"3":4,"4":4,"5":3,"6":3}},{"Modalità dinamica :":false,"Q : ":5,"STARTING PARTITION: ":{"1":2,"2":2,"3":2,"4":1,"5":3,"6":3},"LAST COALITION":[[],[],[{"utility":4,"ID":1},{"utility":92,"ID":2}],[{"utility":40,"ID":5},{"utility":83,"ID":6}],[{"utility":100,"ID":3},{"utility":87,"ID":4}],[],[]],"STARTING COALITION: ":[[null],[{"utility":0,"ID":4}],[{"utility":41.5,"ID":1},{"utility":60.5,"ID":2},{"utility":39.5,"ID":3}],[{"utility":40,"ID":5},{"utility":83,"ID":6}],[],[],[]],"CORE :":true,"Relazioni :":27,"Time : ":5,"LAST PARTITION":{"1":2,"2":2,"3":4,"4":4,"5":3,"6":3}},{"Modalità dinamica :":true,"Q : ":2,"STARTING PARTITION: ":{"1":2,"2":2,"3":2,"4":1,"5":3,"6":3},"LAST COALITION":[[],[{"utility":100,"ID":3},{"utility":87,"ID":4}],[{"utility":4,"ID":1},{"utility":92,"ID":2}],[],[],[{"utility":40,"ID":5},{"utility":83,"ID":6}],[]],"STARTING COALITION: ":[[null],[{"utility":0,"ID":4}],[{"utility":41.5,"ID":1},{"utility":60.5,"ID":2},{"utility":39.5,"ID":3}],[{"utility":40,"ID":5},{"utility":83,"ID":6}],[],[],[]],"CORE :":true,"Relazioni :":27,"Time : ":1,"LAST PARTITION":{"1":2,"2":2,"3":1,"4":1,"5":5,"6":5}},{"Modalità dinamica :":true,"Q : ":2,"STARTING PARTITION: ":{"1":2,"2":2,"3":2,"4":1,"5":3,"6":3},"LAST COALITION":[[],[],[{"utility":4,"ID":1},{"utility":92,"ID":2}],[{"utility":40,"ID":5},{"utility":83,"ID":6}],[{"utility":100,"ID":3},{"utility":87,"ID":4}],[],[]],"STARTING COALITION: ":[[null],[{"utility":0,"ID":4}],[{"utility":41.5,"ID":1},{"utility":60.5,"ID":2},{"utility":39.5,"ID":3}],[{"utility":40,"ID":5},{"utility":83,"ID":6}],[],[],[]],"CORE :":true,"Relazioni :":27,"Time : ":2,"LAST PARTITION":{"1":2,"2":2,"3":4,"4":4,"5":3,"6":3}},{"Modalità dinamica :":true,"Q : ":2,"STARTING PARTITION: ":{"1":2,"2":2,"3":2,"4":1,"5":3,"6":3},"LAST COALITION":[[],[{"utility":100,"ID":3},{"utility":87,"ID":4}],[{"utility":40,"ID":5},{"utility":83,"ID":6}],[],[],[{"utility":4,"ID":1},{"utility":92,"ID":2}],[]],"STARTING COALITION: ":[[null],[{"utility":0,"ID":4}],[{"utility":41.5,"ID":1},{"utility":60.5,"ID":2},{"utility":39.5,"ID":3}],[{"utility":40,"ID":5},{"utility":83,"ID":6}],[],[],[]],"CORE :":true,"Relazioni :":27,"Time : ":3,"LAST PARTITION":{"1":5,"2":5,"3":1,"4":1,"5":2,"6":2}},{"Modalità dinamica :":true,"Q : ":2,"STARTING PARTITION: ":{"1":2,"2":2,"3":2,"4":1,"5":3,"6":3},"LAST COALITION":[[],[],[{"utility":4,"ID":1},{"utility":92,"ID":2}],[{"utility":40,"ID":5},{"utility":83,"ID":6}],[{"utility":100,"ID":3},{"utility":87,"ID":4}],[],[]],"STARTING COALITION: ":[[null],[{"utility":0,"ID":4}],[{"utility":41.5,"ID":1},{"utility":60.5,"ID":2},{"utility":39.5,"ID":3}],[{"utility":40,"ID":5},{"utility":83,"ID":6}],[],[],[]],"CORE :":true,"Relazioni :":27,"Time : ":4,"LAST PARTITION":{"1":2,"2":2,"3":4,"4":4,"5":3,"6":3}},{"Modalità dinamica :":true,"Q : ":2,"STARTING PARTITION: ":{"1":2,"2":2,"3":2,"4":1,"5":3,"6":3},"LAST COALITION":[[],[],[{"utility":4,"ID":1},{"utility":92,"ID":2}],[{"utility":40,"ID":5},{"utility":83,"ID":6}],[{"utility":100,"ID":3},{"utility":87,"ID":4}],[],[]],"STARTING COALITION: ":[[null],[{"utility":0,"ID":4}],[{"utility":41.5,"ID":1},{"utility":60.5,"ID":2},{"utility":39.5,"ID":3}],[{"utility":40,"ID":5},{"utility":83,"ID":6}],[],[],[]],"CORE :":true,"Relazioni :":27,"Time : ":5,"LAST PARTITION":{"1":2,"2":2,"3":4,"4":4,"5":3,"6":3}},{"Modalità dinamica :":true,"Q : ":3,"STARTING PARTITION: ":{"1":2,"2":2,"3":2,"4":1,"5":3,"6":3},"LAST COALITION":[[],[],[{"utility":4,"ID":1},{"utility":92,"ID":2}],[{"utility":40,"ID":5},{"utility":83,"ID":6}],[{"utility":100,"ID":3},{"utility":87,"ID":4}],[],[]],"STARTING COALITION: ":[[null],[{"utility":0,"ID":4}],[{"utility":41.5,"ID":1},{"utility":60.5,"ID":2},{"utility":39.5,"ID":3}],[{"utility":40,"ID":5},{"utility":83,"ID":6}],[],[],[]],"CORE :":true,"Relazioni :":27,"Time : ":1,"LAST PARTITION":{"1":2,"2":2,"3":4,"4":4,"5":3,"6":3}},{"Modalità dinamica :":true,"Q : ":3,"STARTING PARTITION: ":{"1":2,"2":2,"3":2,"4":1,"5":3,"6":3},"LAST COALITION":[[],[],[{"utility":4,"ID":1},{"utility":92,"ID":2}],[{"utility":40,"ID":5},{"utility":83,"ID":6}],[{"utility":100,"ID":3},{"utility":87,"ID":4}],[],[]],"STARTING COALITION: ":[[null],[{"utility":0,"ID":4}],[{"utility":41.5,"ID":1},{"utility":60.5,"ID":2},{"utility":39.5,"ID":3}],[{"utility":40,"ID":5},{"utility":83,"ID":6}],[],[],[]],"CORE :":true,"Relazioni :":27,"Time : ":2,"LAST PARTITION":{"1":2,"2":2,"3":4,"4":4,"5":3,"6":3}},{"Modalità dinamica :":true,"Q : ":3,"STARTING PARTITION: ":{"1":2,"2":2,"3":2,"4":1,"5":3,"6":3},"LAST COALITION":[[],[],[{"utility":4,"ID":1},{"utility":92,"ID":2}],[{"utility":40,"ID":5},{"utility":83,"ID":6}],[{"utility":100,"ID":3},{"utility":87,"ID":4}],[],[]],"STARTING COALITION: ":[[null],[{"utility":0,"ID":4}],[{"utility":41.5,"ID":1},{"utility":60.5,"ID":2},{"utility":39.5,"ID":3}],[{"utility":40,"ID":5},{"utility":83,"ID":6}],[],[],[]],"CORE :":true,"Relazioni :":27,"Time : ":3,"LAST PARTITION":{"1":2,"2":2,"3":4,"4":4,"5":3,"6":3}},{"Modalità dinamica :":true,"Q : ":3,"STARTING PARTITION: ":{"1":2,"2":2,"3":2,"4":1,"5":3,"6":3},"LAST COALITION":[[],[{"utility":100,"ID":3},{"utility":87,"ID":4}],[],[{"utility":40,"ID":5},{"utility":83,"ID":6}],[],[{"utility":4,"ID":1},{"utility":92,"ID":2}],[]],"STARTING COALITION: ":[[null],[{"utility":0,"ID":4}],[{"utility":41.5,"ID":1},{"utility":60.5,"ID":2},{"utility":39.5,"ID":3}],[{"utility":40,"ID":5},{"utility":83,"ID":6}],[],[],[]],"CORE :":true,"Relazioni :":27,"Time : ":4,"LAST PARTITION":{"1":5,"2":5,"3":1,"4":1,"5":3,"6":3}},{"Modalità dinamica :":true,"Q : ":3,"STARTING PARTITION: ":{"1":2,"2":2,"3":2,"4":1,"5":3,"6":3},"LAST COALITION":[[],[],[{"utility":40,"ID":5},{"utility":83,"ID":6}],[],[{"utility":100,"ID":3},{"utility":87,"ID":4}],[{"utility":4,"ID":1},{"utility":92,"ID":2}],[]],"STARTING COALITION: ":[[null],[{"utility":0,"ID":4}],[{"utility":41.5,"ID":1},{"utility":60.5,"ID":2},{"utility":39.5,"ID":3}],[{"utility":40,"ID":5},{"utility":83,"ID":6}],[],[],[]],"CORE :":true,"Relazioni :":27,"Time : ":5,"LAST PARTITION":{"1":5,"2":5,"3":4,"4":4,"5":2,"6":2}},{"Modalità dinamica :":true,"Q : ":4,"STARTING PARTITION: ":{"1":2,"2":2,"3":2,"4":1,"5":3,"6":3},"LAST COALITION":[[],[],[{"utility":4,"ID":1},{"utility":92,"ID":2}],[{"utility":40,"ID":5},{"utility":83,"ID":6}],[{"utility":100,"ID":3},{"utility":87,"ID":4}],[],[]],"STARTING COALITION: ":[[null],[{"utility":0,"ID":4}],[{"utility":41.5,"ID":1},{"utility":60.5,"ID":2},{"utility":39.5,"ID":3}],[{"utility":40,"ID":5},{"utility":83,"ID":6}],[],[],[]],"CORE :":true,"Relazioni :":27,"Time : ":1,"LAST PARTITION":{"1":2,"2":2,"3":4,"4":4,"5":3,"6":3}},{"Modalità dinamica :":true,"Q : ":4,"STARTING PARTITION: ":{"1":2,"2":2,"3":2,"4":1,"5":3,"6":3},"LAST COALITION":[[],[],[{"utility":4,"ID":1},{"utility":92,"ID":2}],[{"utility":40,"ID":5},{"utility":83,"ID":6}],[{"utility":100,"ID":3},{"utility":87,"ID":4}],[],[]],"STARTING COALITION: ":[[null],[{"utility":0,"ID":4}],[{"utility":41.5,"ID":1},{"utility":60.5,"ID":2},{"utility":39.5,"ID":3}],[{"utility":40,"ID":5},{"utility":83,"ID":6}],[],[],[]],"CORE :":true,"Relazioni :":27,"Time : ":2,"LAST PARTITION":{"1":2,"2":2,"3":4,"4":4,"5":3,"6":3}},{"Modalità dinamica :":true,"Q : ":4,"STARTING PARTITION: ":{"1":2,"2":2,"3":2,"4":1,"5":3,"6":3},"LAST COALITION":[[],[{"utility":100,"ID":3},{"utility":87,"ID":4}],[],[{"utility":40,"ID":5},{"utility":83,"ID":6}],[],[{"utility":4,"ID":1},{"utility":92,"ID":2}],[]],"STARTING COALITION: ":[[null],[{"utility":0,"ID":4}],[{"utility":41.5,"ID":1},{"utility":60.5,"ID":2},{"utility":39.5,"ID":3}],[{"utility":40,"ID":5},{"utility":83,"ID":6}],[],[],[]],"CORE :":true,"Relazioni :":27,"Time : ":3,"LAST PARTITION":{"1":5,"2":5,"3":1,"4":1,"5":3,"6":3}},{"Modalità dinamica :":true,"Q : ":4,"STARTING PARTITION: ":{"1":2,"2":2,"3":2,"4":1,"5":3,"6":3},"LAST COALITION":[[],[{"utility":4,"ID":1},{"utility":92,"ID":2}],[{"utility":40,"ID":5},{"utility":83,"ID":6}],[],[{"utility":100,"ID":3},{"utility":87,"ID":4}],[],[]],"STARTING COALITION: ":[[null],[{"utility":0,"ID":4}],[{"utility":41.5,"ID":1},{"utility":60.5,"ID":2},{"utility":39.5,"ID":3}],[{"utility":40,"ID":5},{"utility":83,"ID":6}],[],[],[]],"CORE :":true,"Relazioni :":27,"Time : ":4,"LAST PARTITION":{"1":1,"2":1,"3":4,"4":4,"5":2,"6":2}},{"Modalità dinamica :":true,"Q : ":4,"STARTING PARTITION: ":{"1":2,"2":2,"3":2,"4":1,"5":3,"6":3},"LAST COALITION":[[],[{"utility":100,"ID":3},{"utility":87,"ID":4}],[],[{"utility":40,"ID":5},{"utility":83,"ID":6}],[],[{"utility":4,"ID":1},{"utility":92,"ID":2}],[]],"STARTING COALITION: ":[[null],[{"utility":0,"ID":4}],[{"utility":41.5,"ID":1},{"utility":60.5,"ID":2},{"utility":39.5,"ID":3}],[{"utility":40,"ID":5},{"utility":83,"ID":6}],[],[],[]],"CORE :":true,"Relazioni :":27,"Time : ":5,"LAST PARTITION":{"1":5,"2":5,"3":1,"4":1,"5":3,"6":3}},{"Modalità dinamica :":true,"Q : ":5,"STARTING PARTITION: ":{"1":2,"2":2,"3":2,"4":1,"5":3,"6":3},"LAST COALITION":[[],[{"utility":4,"ID":1},{"utility":92,"ID":2}],[{"utility":40,"ID":5},{"utility":83,"ID":6}],[{"utility":100,"ID":3},{"utility":87,"ID":4}],[],[],[]],"STARTING COALITION: ":[[null],[{"utility":0,"ID":4}],[{"utility":41.5,"ID":1},{"utility":60.5,"ID":2},{"utility":39.5,"ID":3}],[{"utility":40,"ID":5},{"utility":83,"ID":6}],[],[],[]],"CORE :":true,"Relazioni :":27,"Time : ":1,"LAST PARTITION":{"1":1,"2":1,"3":3,"4":3,"5":2,"6":2}},{"Modalità dinamica :":true,"Q : ":5,"STARTING PARTITION: ":{"1":2,"2":2,"3":2,"4":1,"5":3,"6":3},"LAST COALITION":[[],[],[{"utility":4,"ID":1},{"utility":92,"ID":2}],[{"utility":40,"ID":5},{"utility":83,"ID":6}],[{"utility":100,"ID":3},{"utility":87,"ID":4}],[],[]],"STARTING COALITION: ":[[null],[{"utility":0,"ID":4}],[{"utility":41.5,"ID":1},{"utility":60.5,"ID":2},{"utility":39.5,"ID":3}],[{"utility":40,"ID":5},{"utility":83,"ID":6}],[],[],[]],"CORE :":true,"Relazioni :":27,"Time : ":2,"LAST PARTITION":{"1":2,"2":2,"3":4,"4":4,"5":3,"6":3}},{"Modalità dinamica :":true,"Q : ":5,"STARTING PARTITION: ":{"1":2,"2":2,"3":2,"4":1,"5":3,"6":3},"LAST COALITION":[[],[{"utility":100,"ID":3},{"utility":87,"ID":4}],[],[{"utility":40,"ID":5},{"utility":83,"ID":6}],[{"utility":4,"ID":1},{"utility":92,"ID":2}],[],[]],"STARTING COALITION: ":[[null],[{"utility":0,"ID":4}],[{"utility":41.5,"ID":1},{"utility":60.5,"ID":2},{"utility":39.5,"ID":3}],[{"utility":40,"ID":5},{"utility":83,"ID":6}],[],[],[]],"CORE :":true,"Relazioni :":27,"Time : ":3,"LAST PARTITION":{"1":4,"2":4,"3":1,"4":1,"5":3,"6":3}},{"Modalità dinamica :":true,"Q : ":5,"STARTING PARTITION: ":{"1":2,"2":2,"3":2,"4":1,"5":3,"6":3},"LAST COALITION":[[],[{"utility":100,"ID":3},{"utility":87,"ID":4}],[],[{"utility":40,"ID":5},{"utility":83,"ID":6}],[],[{"utility":4,"ID":1},{"utility":92,"ID":2}],[]],"STARTING COALITION: ":[[null],[{"utility":0,"ID":4}],[{"utility":41.5,"ID":1},{"utility":60.5,"ID":2},{"utility":39.5,"ID":3}],[{"utility":40,"ID":5},{"utility":83,"ID":6}],[],[],[]],"CORE :":true,"Relazioni :":27,"Time : ":4,"LAST PARTITION":{"1":5,"2":5,"3":1,"4":1,"5":3,"6":3}},{"Modalità dinamica :":true,"Q : ":5,"STARTING PARTITION: ":{"1":2,"2":2,"3":2,"4":1,"5":3,"6":3},"LAST COALITION":[[],[{"utility":100,"ID":3},{"utility":87,"ID":4}],[],[{"utility":40,"ID":5},{"utility":83,"ID":6}],[],[{"utility":4,"ID":1},{"utility":92,"ID":2}],[]],"STARTING COALITION: ":[[null],[{"utility":0,"ID":4}],[{"utility":41.5,"ID":1},{"utility":60.5,"ID":2},{"utility":39.5,"ID":3}],[{"utility":40,"ID":5},{"utility":83,"ID":6}],[],[],[]],"CORE :":true,"Relazioni :":27,"Time : ":5,"LAST PARTITION":{"1":5,"2":5,"3":1,"4":1,"5":3,"6":3}},{"END OF FILE:" : true}]