[{"Modalità dinamica :":false,"Q : ":2,"STARTING PARTITION: ":{"1":4,"2":1,"3":4,"4":2,"5":2,"6":4},"LAST COALITION":[[],[{"utility":66,"ID":4},{"utility":76,"ID":6}],[{"utility":0,"ID":5}],[{"utility":86,"ID":1},{"utility":82,"ID":2}],[{"utility":0,"ID":3}],[],[]],"STARTING COALITION: ":[[null],[{"utility":0,"ID":2}],[{"utility":0,"ID":4},{"utility":39,"ID":5}],[],[{"utility":17.5,"ID":1},{"utility":45,"ID":3},{"utility":32.5,"ID":6}],[],[]],"CORE :":false,"Relazioni :":28,"Time : ":1,"LAST PARTITION":{"1":3,"2":3,"3":4,"4":1,"5":2,"6":1}},{"Modalità dinamica :":false,"Q : ":2,"STARTING PARTITION: ":{"1":4,"2":1,"3":4,"4":2,"5":2,"6":4},"LAST COALITION":[[],[{"utility":66,"ID":4},{"utility":76,"ID":6}],[{"utility":65,"ID":2},{"utility":57,"ID":5}],[],[{"utility":0,"ID":3}],[{"utility":0,"ID":1}],[]],"STARTING COALITION: ":[[null],[{"utility":0,"ID":2}],[{"utility":0,"ID":4},{"utility":39,"ID":5}],[],[{"utility":17.5,"ID":1},{"utility":45,"ID":3},{"utility":32.5,"ID":6}],[],[]],"CORE :":false,"Relazioni :":28,"Time : ":2,"LAST PARTITION":{"1":5,"2":2,"3":4,"4":1,"5":2,"6":1}},{"Modalità dinamica :":false,"Q : ":2,"STARTING PARTITION: ":{"1":4,"2":1,"3":4,"4":2,"5":2,"6":4},"LAST COALITION":[[],[{"utility":66,"ID":4},{"utility":76,"ID":6}],[{"utility":0,"ID":5}],[{"utility":86,"ID":1},{"utility":82,"ID":2}],[{"utility":0,"ID":3}],[],[]],"STARTING COALITION: ":[[null],[{"utility":0,"ID":2}],[{"utility":0,"ID":4},{"utility":39,"ID":5}],[],[{"utility":17.5,"ID":1},{"utility":45,"ID":3},{"utility":32.5,"ID":6}],[],[]],"CORE :":false,"Relazioni :":28,"Time : ":3,"LAST PARTITION":{"1":3,"2":3,"3":4,"4":1,"5":2,"6":1}},{"Modalità dinamica :":false,"Q : ":2,"STARTING PARTITION: ":{"1":4,"2":1,"3":4,"4":2,"5":2,"6":4},"LAST COALITION":[[],[{"utility":66,"ID":4},{"utility":76,"ID":6}],[{"utility":65,"ID":2},{"utility":57,"ID":5}],[],[{"utility":0,"ID":3}],[{"utility":0,"ID":1}],[]],"STARTING COALITION: ":[[null],[{"utility":0,"ID":2}],[{"utility":0,"ID":4},{"utility":39,"ID":5}],[],[{"utility":17.5,"ID":1},{"utility":45,"ID":3},{"utility":32.5,"ID":6}],[],[]],"CORE :":false,"Relazioni :":28,"Time : ":4,"LAST PARTITION":{"1":5,"2":2,"3":4,"4":1,"5":2,"6":1}},{"Modalità dinamica :":false,"Q : ":2,"STARTING PARTITION: ":{"1":4,"2":1,"3":4,"4":2,"5":2,"6":4},"LAST COALITION":[[],[{"utility":66,"ID":4},{"utility":76,"ID":6}],[{"utility":65,"ID":2},{"utility":57,"ID":5}],[],[{"utility":0,"ID":3}],[{"utility":0,"ID":1}],[]],"STARTING COALITION: ":[[null],[{"utility":0,"ID":2}],[{"utility":0,"ID":4},{"utility":39,"ID":5}],[],[{"utility":17.5,"ID":1},{"utility":45,"ID":3},{"utility":32.5,"ID":6}],[],[]],"CORE :":false,"Relazioni :":28,"Time : ":5,"LAST PARTITION":{"1":5,"2":2,"3":4,"4":1,"5":2,"6":1}},{"Modalità dinamica :":false,"Q : ":3,"STARTING PARTITION: ":{"1":4,"2":1,"3":4,"4":2,"5":2,"6":4},"LAST COALITION":[[],[{"utility":66,"ID":4},{"utility":76,"ID":6}],[{"utility":65,"ID":2},{"utility":57,"ID":5}],[],[{"utility":0,"ID":3}],[{"utility":0,"ID":1}],[]],"STARTING COALITION: ":[[null],[{"utility":0,"ID":2}],[{"utility":0,"ID":4},{"utility":39,"ID":5}],[],[{"utility":17.5,"ID":1},{"utility":45,"ID":3},{"utility":32.5,"ID":6}],[],[]],"CORE :":false,"Relazioni :":28,"Time : ":1,"LAST PARTITION":{"1":5,"2":2,"3":4,"4":1,"5":2,"6":1}},{"Modalità dinamica :":false,"Q : ":3,"STARTING PARTITION: ":{"1":4,"2":1,"3":4,"4":2,"5":2,"6":4},"LAST COALITION":[[],[{"utility":66,"ID":4},{"utility":76,"ID":6}],[{"utility":0,"ID":5}],[{"utility":86,"ID":1},{"utility":82,"ID":2}],[{"utility":0,"ID":3}],[],[]],"STARTING COALITION: ":[[null],[{"utility":0,"ID":2}],[{"utility":0,"ID":4},{"utility":39,"ID":5}],[],[{"utility":17.5,"ID":1},{"utility":45,"ID":3},{"utility":32.5,"ID":6}],[],[]],"CORE :":false,"Relazioni :":28,"Time : ":2,"LAST PARTITION":{"1":3,"2":3,"3":4,"4":1,"5":2,"6":1}},{"Modalità dinamica :":false,"Q : ":3,"STARTING PARTITION: ":{"1":4,"2":1,"3":4,"4":2,"5":2,"6":4},"LAST COALITION":[[],[{"utility":66,"ID":4},{"utility":76,"ID":6}],[{"utility":0,"ID":5}],[{"utility":86,"ID":1},{"utility":82,"ID":2}],[{"utility":0,"ID":3}],[],[]],"STARTING COALITION: ":[[null],[{"utility":0,"ID":2}],[{"utility":0,"ID":4},{"utility":39,"ID":5}],[],[{"utility":17.5,"ID":1},{"utility":45,"ID":3},{"utility":32.5,"ID":6}],[],[]],"CORE :":false,"Relazioni :":28,"Time : ":3,"LAST PARTITION":{"1":3,"2":3,"3":4,"4":1,"5":2,"6":1}},{"Modalità dinamica :":false,"Q : ":3,"STARTING PARTITION: ":{"1":4,"2":1,"3":4,"4":2,"5":2,"6":4},"LAST COALITION":[[],[{"utility":66,"ID":4},{"utility":76,"ID":6}],[{"utility":65,"ID":2},{"utility":57,"ID":5}],[],[{"utility":0,"ID":3}],[{"utility":0,"ID":1}],[]],"STARTING COALITION: ":[[null],[{"utility":0,"ID":2}],[{"utility":0,"ID":4},{"utility":39,"ID":5}],[],[{"utility":17.5,"ID":1},{"utility":45,"ID":3},{"utility":32.5,"ID":6}],[],[]],"CORE :":false,"Relazioni :":28,"Time : ":4,"LAST PARTITION":{"1":5,"2":2,"3":4,"4":1,"5":2,"6":1}},{"Modalità dinamica :":false,"Q : ":3,"STARTING PARTITION: ":{"1":4,"2":1,"3":4,"4":2,"5":2,"6":4},"LAST COALITION":[[],[{"utility":66,"ID":4},{"utility":76,"ID":6}],[{"utility":0,"ID":5}],[{"utility":86,"ID":1},{"utility":82,"ID":2}],[{"utility":0,"ID":3}],[],[]],"STARTING COALITION: ":[[null],[{"utility":0,"ID":2}],[{"utility":0,"ID":4},{"utility":39,"ID":5}],[],[{"utility":17.5,"ID":1},{"utility":45,"ID":3},{"utility":32.5,"ID":6}],[],[]],"CORE :":false,"Relazioni :":28,"Time : ":5,"LAST PARTITION":{"1":3,"2":3,"3":4,"4":1,"5":2,"6":1}},{"Modalità dinamica :":false,"Q : ":4,"STARTING PARTITION: ":{"1":4,"2":1,"3":4,"4":2,"5":2,"6":4},"LAST COALITION":[[],[{"utility":66,"ID":4},{"utility":76,"ID":6}],[{"utility":65,"ID":2},{"utility":57,"ID":5}],[],[{"utility":0,"ID":3}],[{"utility":0,"ID":1}],[]],"STARTING COALITION: ":[[null],[{"utility":0,"ID":2}],[{"utility":0,"ID":4},{"utility":39,"ID":5}],[],[{"utility":17.5,"ID":1},{"utility":45,"ID":3},{"utility":32.5,"ID":6}],[],[]],"CORE :":false,"Relazioni :":28,"Time : ":1,"LAST PARTITION":{"1":5,"2":2,"3":4,"4":1,"5":2,"6":1}},{"Modalità dinamica :":false,"Q : ":4,"STARTING PARTITION: ":{"1":4,"2":1,"3":4,"4":2,"5":2,"6":4},"LAST COALITION":[[],[{"utility":66,"ID":4},{"utility":76,"ID":6}],[{"utility":0,"ID":5}],[{"utility":86,"ID":1},{"utility":82,"ID":2}],[{"utility":0,"ID":3}],[],[]],"STARTING COALITION: ":[[null],[{"utility":0,"ID":2}],[{"utility":0,"ID":4},{"utility":39,"ID":5}],[],[{"utility":17.5,"ID":1},{"utility":45,"ID":3},{"utility":32.5,"ID":6}],[],[]],"CORE :":false,"Relazioni :":28,"Time : ":2,"LAST PARTITION":{"1":3,"2":3,"3":4,"4":1,"5":2,"6":1}},{"Modalità dinamica :":false,"Q : ":4,"STARTING PARTITION: ":{"1":4,"2":1,"3":4,"4":2,"5":2,"6":4},"LAST COALITION":[[],[{"utility":66,"ID":4},{"utility":76,"ID":6}],[{"utility":65,"ID":2},{"utility":57,"ID":5}],[],[{"utility":0,"ID":3}],[{"utility":0,"ID":1}],[]],"STARTING COALITION: ":[[null],[{"utility":0,"ID":2}],[{"utility":0,"ID":4},{"utility":39,"ID":5}],[],[{"utility":17.5,"ID":1},{"utility":45,"ID":3},{"utility":32.5,"ID":6}],[],[]],"CORE :":false,"Relazioni :":28,"Time : ":3,"LAST PARTITION":{"1":5,"2":2,"3":4,"4":1,"5":2,"6":1}},{"Modalità dinamica :":false,"Q : ":4,"STARTING PARTITION: ":{"1":4,"2":1,"3":4,"4":2,"5":2,"6":4},"LAST COALITION":[[],[{"utility":66,"ID":4},{"utility":76,"ID":6}],[{"utility":65,"ID":2},{"utility":57,"ID":5}],[],[{"utility":0,"ID":3}],[{"utility":0,"ID":1}],[]],"STARTING COALITION: ":[[null],[{"utility":0,"ID":2}],[{"utility":0,"ID":4},{"utility":39,"ID":5}],[],[{"utility":17.5,"ID":1},{"utility":45,"ID":3},{"utility":32.5,"ID":6}],[],[]],"CORE :":false,"Relazioni :":28,"Time : ":4,"LAST PARTITION":{"1":5,"2":2,"3":4,"4":1,"5":2,"6":1}},{"Modalità dinamica :":false,"Q : ":4,"STARTING PARTITION: ":{"1":4,"2":1,"3":4,"4":2,"5":2,"6":4},"LAST COALITION":[[],[{"utility":66,"ID":4},{"utility":76,"ID":6}],[{"utility":0,"ID":5}],[{"utility":86,"ID":1},{"utility":82,"ID":2}],[{"utility":0,"ID":3}],[],[]],"STARTING COALITION: ":[[null],[{"utility":0,"ID":2}],[{"utility":0,"ID":4},{"utility":39,"ID":5}],[],[{"utility":17.5,"ID":1},{"utility":45,"ID":3},{"utility":32.5,"ID":6}],[],[]],"CORE :":false,"Relazioni :":28,"Time : ":5,"LAST PARTITION":{"1":3,"2":3,"3":4,"4":1,"5":2,"6":1}},{"Modalità dinamica :":false,"Q : ":5,"STARTING PARTITION: ":{"1":4,"2":1,"3":4,"4":2,"5":2,"6":4},"LAST COALITION":[[],[{"utility":66,"ID":4},{"utility":76,"ID":6}],[],[{"utility":0,"ID":2}],[{"utility":0,"ID":3}],[{"utility":90,"ID":1},{"utility":37,"ID":5}],[]],"STARTING COALITION: ":[[null],[{"utility":0,"ID":2}],[{"utility":0,"ID":4},{"utility":39,"ID":5}],[],[{"utility":17.5,"ID":1},{"utility":45,"ID":3},{"utility":32.5,"ID":6}],[],[]],"CORE :":false,"Relazioni :":28,"Time : ":1,"LAST PARTITION":{"1":5,"2":3,"3":4,"4":1,"5":5,"6":1}},{"Modalità dinamica :":false,"Q : ":5,"STARTING PARTITION: ":{"1":4,"2":1,"3":4,"4":2,"5":2,"6":4},"LAST COALITION":[[],[{"utility":66,"ID":4},{"utility":76,"ID":6}],[{"utility":65,"ID":2},{"utility":57,"ID":5}],[],[{"utility":0,"ID":3}],[{"utility":0,"ID":1}],[]],"STARTING COALITION: ":[[null],[{"utility":0,"ID":2}],[{"utility":0,"ID":4},{"utility":39,"ID":5}],[],[{"utility":17.5,"ID":1},{"utility":45,"ID":3},{"utility":32.5,"ID":6}],[],[]],"CORE :":false,"Relazioni :":28,"Time : ":2,"LAST PARTITION":{"1":5,"2":2,"3":4,"4":1,"5":2,"6":1}},{"Modalità dinamica :":false,"Q : ":5,"STARTING PARTITION: ":{"1":4,"2":1,"3":4,"4":2,"5":2,"6":4},"LAST COALITION":[[],[{"utility":66,"ID":4},{"utility":76,"ID":6}],[],[{"utility":0,"ID":2}],[{"utility":0,"ID":3}],[{"utility":90,"ID":1},{"utility":37,"ID":5}],[]],"STARTING COALITION: ":[[null],[{"utility":0,"ID":2}],[{"utility":0,"ID":4},{"utility":39,"ID":5}],[],[{"utility":17.5,"ID":1},{"utility":45,"ID":3},{"utility":32.5,"ID":6}],[],[]],"CORE :":false,"Relazioni :":28,"Time : ":3,"LAST PARTITION":{"1":5,"2":3,"3":4,"4":1,"5":5,"6":1}},{"Modalità dinamica :":false,"Q : ":5,"STARTING PARTITION: ":{"1":4,"2":1,"3":4,"4":2,"5":2,"6":4},"LAST COALITION":[[],[{"utility":66,"ID":4},{"utility":76,"ID":6}],[{"utility":65,"ID":2},{"utility":57,"ID":5}],[],[{"utility":0,"ID":3}],[{"utility":0,"ID":1}],[]],"STARTING COALITION: ":[[null],[{"utility":0,"ID":2}],[{"utility":0,"ID":4},{"utility":39,"ID":5}],[],[{"utility":17.5,"ID":1},{"utility":45,"ID":3},{"utility":32.5,"ID":6}],[],[]],"CORE :":false,"Relazioni :":28,"Time : ":4,"LAST PARTITION":{"1":5,"2":2,"3":4,"4":1,"5":2,"6":1}},{"Modalità dinamica :":false,"Q : ":5,"STARTING PARTITION: ":{"1":4,"2":1,"3":4,"4":2,"5":2,"6":4},"LAST COALITION":[[],[{"utility":66,"ID":4},{"utility":76,"ID":6}],[{"utility":0,"ID":5}],[{"utility":86,"ID":1},{"utility":82,"ID":2}],[{"utility":0,"ID":3}],[],[]],"STARTING COALITION: ":[[null],[{"utility":0,"ID":2}],[{"utility":0,"ID":4},{"utility":39,"ID":5}],[],[{"utility":17.5,"ID":1},{"utility":45,"ID":3},{"utility":32.5,"ID":6}],[],[]],"CORE :":false,"Relazioni :":28,"Time : ":5,"LAST PARTITION":{"1":3,"2":3,"3":4,"4":1,"5":2,"6":1}},{"Modalità dinamica :":true,"Q : ":2,"STARTING PARTITION: ":{"1":4,"2":1,"3":4,"4":2,"5":2,"6":4},"LAST COALITION":[[],[],[{"utility":7,"ID":1},{"utility":20,"ID":3}],[],[{"utility":65,"ID":2},{"utility":57,"ID":5}],[{"utility":66,"ID":4},{"utility":76,"ID":6}],[]],"STARTING COALITION: ":[[null],[{"utility":0,"ID":2}],[{"utility":0,"ID":4},{"utility":39,"ID":5}],[],[{"utility":17.5,"ID":1},{"utility":45,"ID":3},{"utility":32.5,"ID":6}],[],[]],"CORE :":false,"Relazioni :":28,"Time : ":1,"LAST PARTITION":{"1":2,"2":4,"3":2,"4":5,"5":4,"6":5}},{"Modalità dinamica :":true,"Q : ":2,"STARTING PARTITION: ":{"1":4,"2":1,"3":4,"4":2,"5":2,"6":4},"LAST COALITION":[[],[{"utility":66,"ID":4},{"utility":76,"ID":6}],[{"utility":86,"ID":1},{"utility":82,"ID":2}],[],[{"utility":49,"ID":3},{"utility":4,"ID":5}],[],[]],"STARTING COALITION: ":[[null],[{"utility":0,"ID":2}],[{"utility":0,"ID":4},{"utility":39,"ID":5}],[],[{"utility":17.5,"ID":1},{"utility":45,"ID":3},{"utility":32.5,"ID":6}],[],[]],"CORE :":false,"Relazioni :":28,"Time : ":2,"LAST PARTITION":{"1":2,"2":2,"3":4,"4":1,"5":4,"6":1}},{"Modalità dinamica :":true,"Q : ":2,"STARTING PARTITION: ":{"1":4,"2":1,"3":4,"4":2,"5":2,"6":4},"LAST COALITION":[[],[{"utility":66,"ID":4},{"utility":76,"ID":6}],[{"utility":0,"ID":3}],[{"utility":86,"ID":1},{"utility":82,"ID":2}],[],[{"utility":0,"ID":5}],[]],"STARTING COALITION: ":[[null],[{"utility":0,"ID":2}],[{"utility":0,"ID":4},{"utility":39,"ID":5}],[],[{"utility":17.5,"ID":1},{"utility":45,"ID":3},{"utility":32.5,"ID":6}],[],[]],"CORE :":false,"Relazioni :":28,"Time : ":3,"LAST PARTITION":{"1":3,"2":3,"3":2,"4":1,"5":5,"6":1}},{"Modalità dinamica :":true,"Q : ":2,"STARTING PARTITION: ":{"1":4,"2":1,"3":4,"4":2,"5":2,"6":4},"LAST COALITION":[[],[{"utility":90,"ID":1},{"utility":37,"ID":5}],[{"utility":0,"ID":2}],[{"utility":66,"ID":4},{"utility":76,"ID":6}],[{"utility":0,"ID":3}],[],[]],"STARTING COALITION: ":[[null],[{"utility":0,"ID":2}],[{"utility":0,"ID":4},{"utility":39,"ID":5}],[],[{"utility":17.5,"ID":1},{"utility":45,"ID":3},{"utility":32.5,"ID":6}],[],[]],"CORE :":false,"Relazioni :":28,"Time : ":4,"LAST PARTITION":{"1":1,"2":2,"3":4,"4":3,"5":1,"6":3}},{"Modalità dinamica :":true,"Q : ":2,"STARTING PARTITION: ":{"1":4,"2":1,"3":4,"4":2,"5":2,"6":4},"LAST COALITION":[[],[{"utility":0,"ID":3}],[],[{"utility":0,"ID":1}],[{"utility":65,"ID":2},{"utility":57,"ID":5}],[{"utility":66,"ID":4},{"utility":76,"ID":6}],[]],"STARTING COALITION: ":[[null],[{"utility":0,"ID":2}],[{"utility":0,"ID":4},{"utility":39,"ID":5}],[],[{"utility":17.5,"ID":1},{"utility":45,"ID":3},{"utility":32.5,"ID":6}],[],[]],"CORE :":false,"Relazioni :":28,"Time : ":5,"LAST PARTITION":{"1":3,"2":4,"3":1,"4":5,"5":4,"6":5}},{"Modalità dinamica :":true,"Q : ":3,"STARTING PARTITION: ":{"1":4,"2":1,"3":4,"4":2,"5":2,"6":4},"LAST COALITION":[[],[],[{"utility":0,"ID":3}],[{"utility":0,"ID":1}],[{"utility":66,"ID":4},{"utility":76,"ID":6}],[{"utility":65,"ID":2},{"utility":57,"ID":5}],[]],"STARTING COALITION: ":[[null],[{"utility":0,"ID":2}],[{"utility":0,"ID":4},{"utility":39,"ID":5}],[],[{"utility":17.5,"ID":1},{"utility":45,"ID":3},{"utility":32.5,"ID":6}],[],[]],"CORE :":false,"Relazioni :":28,"Time : ":1,"LAST PARTITION":{"1":3,"2":5,"3":2,"4":4,"5":5,"6":4}},{"Modalità dinamica :":true,"Q : ":3,"STARTING PARTITION: ":{"1":4,"2":1,"3":4,"4":2,"5":2,"6":4},"LAST COALITION":[[],[{"utility":0,"ID":3}],[{"utility":66,"ID":4},{"utility":76,"ID":6}],[{"utility":86,"ID":1},{"utility":82,"ID":2}],[],[{"utility":0,"ID":5}],[]],"STARTING COALITION: ":[[null],[{"utility":0,"ID":2}],[{"utility":0,"ID":4},{"utility":39,"ID":5}],[],[{"utility":17.5,"ID":1},{"utility":45,"ID":3},{"utility":32.5,"ID":6}],[],[]],"CORE :":false,"Relazioni :":28,"Time : ":2,"LAST PARTITION":{"1":3,"2":3,"3":1,"4":2,"5":5,"6":2}},{"Modalità dinamica :":true,"Q : ":3,"STARTING PARTITION: ":{"1":4,"2":1,"3":4,"4":2,"5":2,"6":4},"LAST COALITION":[[],[{"utility":86,"ID":1},{"utility":82,"ID":2}],[],[{"utility":49,"ID":3},{"utility":4,"ID":5}],[],[{"utility":66,"ID":4},{"utility":76,"ID":6}],[]],"STARTING COALITION: ":[[null],[{"utility":0,"ID":2}],[{"utility":0,"ID":4},{"utility":39,"ID":5}],[],[{"utility":17.5,"ID":1},{"utility":45,"ID":3},{"utility":32.5,"ID":6}],[],[]],"CORE :":false,"Relazioni :":28,"Time : ":3,"LAST PARTITION":{"1":1,"2":1,"3":3,"4":5,"5":3,"6":5}},{"Modalità dinamica :":true,"Q : ":3,"STARTING PARTITION: ":{"1":4,"2":1,"3":4,"4":2,"5":2,"6":4},"LAST COALITION":[[],[],[{"utility":0,"ID":1}],[{"utility":66,"ID":4},{"utility":76,"ID":6}],[{"utility":0,"ID":3}],[{"utility":65,"ID":2},{"utility":57,"ID":5}],[]],"STARTING COALITION: ":[[null],[{"utility":0,"ID":2}],[{"utility":0,"ID":4},{"utility":39,"ID":5}],[],[{"utility":17.5,"ID":1},{"utility":45,"ID":3},{"utility":32.5,"ID":6}],[],[]],"CORE :":false,"Relazioni :":28,"Time : ":4,"LAST PARTITION":{"1":2,"2":5,"3":4,"4":3,"5":5,"6":3}},{"Modalità dinamica :":true,"Q : ":3,"STARTING PARTITION: ":{"1":4,"2":1,"3":4,"4":2,"5":2,"6":4},"LAST COALITION":[[],[{"utility":66,"ID":4},{"utility":76,"ID":6}],[],[{"utility":88,"ID":1},{"utility":73.5,"ID":2},{"utility":47,"ID":5}],[{"utility":0,"ID":3}],[],[]],"STARTING COALITION: ":[[null],[{"utility":0,"ID":2}],[{"utility":0,"ID":4},{"utility":39,"ID":5}],[],[{"utility":17.5,"ID":1},{"utility":45,"ID":3},{"utility":32.5,"ID":6}],[],[]],"CORE :":true,"Relazioni :":28,"Time : ":5,"LAST PARTITION":{"1":3,"2":3,"3":4,"4":1,"5":3,"6":1}},{"Modalità dinamica :":true,"Q : ":4,"STARTING PARTITION: ":{"1":4,"2":1,"3":4,"4":2,"5":2,"6":4},"LAST COALITION":[[],[{"utility":66,"ID":4},{"utility":76,"ID":6}],[],[{"utility":7,"ID":1},{"utility":20,"ID":3}],[],[{"utility":65,"ID":2},{"utility":57,"ID":5}],[]],"STARTING COALITION: ":[[null],[{"utility":0,"ID":2}],[{"utility":0,"ID":4},{"utility":39,"ID":5}],[],[{"utility":17.5,"ID":1},{"utility":45,"ID":3},{"utility":32.5,"ID":6}],[],[]],"CORE :":false,"Relazioni :":28,"Time : ":1,"LAST PARTITION":{"1":3,"2":5,"3":3,"4":1,"5":5,"6":1}},{"Modalità dinamica :":true,"Q : ":4,"STARTING PARTITION: ":{"1":4,"2":1,"3":4,"4":2,"5":2,"6":4},"LAST COALITION":[[],[{"utility":66,"ID":4},{"utility":76,"ID":6}],[{"utility":0,"ID":1}],[],[{"utility":0,"ID":3}],[{"utility":65,"ID":2},{"utility":57,"ID":5}],[]],"STARTING COALITION: ":[[null],[{"utility":0,"ID":2}],[{"utility":0,"ID":4},{"utility":39,"ID":5}],[],[{"utility":17.5,"ID":1},{"utility":45,"ID":3},{"utility":32.5,"ID":6}],[],[]],"CORE :":false,"Relazioni :":28,"Time : ":2,"LAST PARTITION":{"1":2,"2":5,"3":4,"4":1,"5":5,"6":1}},{"Modalità dinamica :":true,"Q : ":4,"STARTING PARTITION: ":{"1":4,"2":1,"3":4,"4":2,"5":2,"6":4},"LAST COALITION":[[],[{"utility":86,"ID":1},{"utility":82,"ID":2}],[{"utility":49,"ID":3},{"utility":4,"ID":5}],[{"utility":66,"ID":4},{"utility":76,"ID":6}],[],[],[]],"STARTING COALITION: ":[[null],[{"utility":0,"ID":2}],[{"utility":0,"ID":4},{"utility":39,"ID":5}],[],[{"utility":17.5,"ID":1},{"utility":45,"ID":3},{"utility":32.5,"ID":6}],[],[]],"CORE :":false,"Relazioni :":28,"Time : ":3,"LAST PARTITION":{"1":1,"2":1,"3":2,"4":3,"5":2,"6":3}},{"Modalità dinamica :":true,"Q : ":4,"STARTING PARTITION: ":{"1":4,"2":1,"3":4,"4":2,"5":2,"6":4},"LAST COALITION":[[],[{"utility":66,"ID":4},{"utility":76,"ID":6}],[{"utility":0,"ID":3}],[{"utility":86,"ID":1},{"utility":82,"ID":2}],[],[{"utility":0,"ID":5}],[]],"STARTING COALITION: ":[[null],[{"utility":0,"ID":2}],[{"utility":0,"ID":4},{"utility":39,"ID":5}],[],[{"utility":17.5,"ID":1},{"utility":45,"ID":3},{"utility":32.5,"ID":6}],[],[]],"CORE :":false,"Relazioni :":28,"Time : ":4,"LAST PARTITION":{"1":3,"2":3,"3":2,"4":1,"5":5,"6":1}},{"Modalità dinamica :":true,"Q : ":4,"STARTING PARTITION: ":{"1":4,"2":1,"3":4,"4":2,"5":2,"6":4},"LAST COALITION":[[],[{"utility":86,"ID":1},{"utility":82,"ID":2}],[{"utility":49,"ID":3},{"utility":4,"ID":5}],[],[],[{"utility":66,"ID":4},{"utility":76,"ID":6}],[]],"STARTING COALITION: ":[[null],[{"utility":0,"ID":2}],[{"utility":0,"ID":4},{"utility":39,"ID":5}],[],[{"utility":17.5,"ID":1},{"utility":45,"ID":3},{"utility":32.5,"ID":6}],[],[]],"CORE :":false,"Relazioni :":28,"Time : ":5,"LAST PARTITION":{"1":1,"2":1,"3":2,"4":5,"5":2,"6":5}},{"Modalità dinamica :":true,"Q : ":5,"STARTING PARTITION: ":{"1":4,"2":1,"3":4,"4":2,"5":2,"6":4},"LAST COALITION":[[],[{"utility":88,"ID":1},{"utility":73.5,"ID":2},{"utility":47,"ID":5}],[],[{"utility":66,"ID":4},{"utility":76,"ID":6}],[{"utility":0,"ID":3}],[],[]],"STARTING COALITION: ":[[null],[{"utility":0,"ID":2}],[{"utility":0,"ID":4},{"utility":39,"ID":5}],[],[{"utility":17.5,"ID":1},{"utility":45,"ID":3},{"utility":32.5,"ID":6}],[],[]],"CORE :":true,"Relazioni :":28,"Time : ":1,"LAST PARTITION":{"1":1,"2":1,"3":4,"4":3,"5":1,"6":3}},{"Modalità dinamica :":true,"Q : ":5,"STARTING PARTITION: ":{"1":4,"2":1,"3":4,"4":2,"5":2,"6":4},"LAST COALITION":[[],[{"utility":7,"ID":1},{"utility":20,"ID":3}],[],[],[{"utility":65,"ID":2},{"utility":57,"ID":5}],[{"utility":66,"ID":4},{"utility":76,"ID":6}],[]],"STARTING COALITION: ":[[null],[{"utility":0,"ID":2}],[{"utility":0,"ID":4},{"utility":39,"ID":5}],[],[{"utility":17.5,"ID":1},{"utility":45,"ID":3},{"utility":32.5,"ID":6}],[],[]],"CORE :":false,"Relazioni :":28,"Time : ":2,"LAST PARTITION":{"1":1,"2":4,"3":1,"4":5,"5":4,"6":5}},{"Modalità dinamica :":true,"Q : ":5,"STARTING PARTITION: ":{"1":4,"2":1,"3":4,"4":2,"5":2,"6":4},"LAST COALITION":[[],[{"utility":90,"ID":1},{"utility":37,"ID":5}],[{"utility":0,"ID":2}],[{"utility":0,"ID":3}],[{"utility":66,"ID":4},{"utility":76,"ID":6}],[],[]],"STARTING COALITION: ":[[null],[{"utility":0,"ID":2}],[{"utility":0,"ID":4},{"utility":39,"ID":5}],[],[{"utility":17.5,"ID":1},{"utility":45,"ID":3},{"utility":32.5,"ID":6}],[],[]],"CORE :":false,"Relazioni :":28,"Time : ":3,"LAST PARTITION":{"1":1,"2":2,"3":3,"4":4,"5":1,"6":4}},{"Modalità dinamica :":true,"Q : ":5,"STARTING PARTITION: ":{"1":4,"2":1,"3":4,"4":2,"5":2,"6":4},"LAST COALITION":[[],[{"utility":90,"ID":1},{"utility":37,"ID":5}],[{"utility":66,"ID":4},{"utility":76,"ID":6}],[{"utility":0,"ID":2}],[{"utility":0,"ID":3}],[],[]],"STARTING COALITION: ":[[null],[{"utility":0,"ID":2}],[{"utility":0,"ID":4},{"utility":39,"ID":5}],[],[{"utility":17.5,"ID":1},{"utility":45,"ID":3},{"utility":32.5,"ID":6}],[],[]],"CORE :":false,"Relazioni :":28,"Time : ":4,"LAST PARTITION":{"1":1,"2":3,"3":4,"4":2,"5":1,"6":2}},{"Modalità dinamica :":true,"Q : ":5,"STARTING PARTITION: ":{"1":4,"2":1,"3":4,"4":2,"5":2,"6":4},"LAST COALITION":[[],[{"utility":0,"ID":3}],[{"utility":66,"ID":4},{"utility":76,"ID":6}],[],[{"utility":0,"ID":1}],[{"utility":65,"ID":2},{"utility":57,"ID":5}],[]],"STARTING COALITION: ":[[null],[{"utility":0,"ID":2}],[{"utility":0,"ID":4},{"utility":39,"ID":5}],[],[{"utility":17.5,"ID":1},{"utility":45,"ID":3},{"utility":32.5,"ID":6}],[],[]],"CORE :":false,"Relazioni :":28,"Time : ":5,"LAST PARTITION":{"1":4,"2":5,"3":1,"4":2,"5":5,"6":2}},{"END OF FILE:" : true}]