[{"Modalità dinamica :":false,"Q : ":2,"STARTING PARTITION: ":{"1":2,"2":3,"3":1,"4":2,"5":1,"6":2},"LAST COALITION":[[],[],[],[{"utility":86,"ID":3},{"utility":71,"ID":6}],[{"utility":97,"ID":1},{"utility":70,"ID":2}],[{"utility":85,"ID":4},{"utility":65,"ID":5}],[]],"STARTING COALITION: ":[[null],[{"utility":80,"ID":3},{"utility":64,"ID":5}],[{"utility":48,"ID":1},{"utility":52,"ID":4},{"utility":42,"ID":6}],[{"utility":0,"ID":2}],[],[],[]],"CORE :":true,"Relazioni :":29,"Time : ":1,"LAST PARTITION":{"1":4,"2":4,"3":3,"4":5,"5":5,"6":3}},{"Modalità dinamica :":false,"Q : ":2,"STARTING PARTITION: ":{"1":2,"2":3,"3":1,"4":2,"5":1,"6":2},"LAST COALITION":[[],[],[],[{"utility":86,"ID":3},{"utility":71,"ID":6}],[{"utility":97,"ID":1},{"utility":70,"ID":2}],[{"utility":85,"ID":4},{"utility":65,"ID":5}],[]],"STARTING COALITION: ":[[null],[{"utility":80,"ID":3},{"utility":64,"ID":5}],[{"utility":48,"ID":1},{"utility":52,"ID":4},{"utility":42,"ID":6}],[{"utility":0,"ID":2}],[],[],[]],"CORE :":true,"Relazioni :":29,"Time : ":2,"LAST PARTITION":{"1":4,"2":4,"3":3,"4":5,"5":5,"6":3}},{"Modalità dinamica :":false,"Q : ":2,"STARTING PARTITION: ":{"1":2,"2":3,"3":1,"4":2,"5":1,"6":2},"LAST COALITION":[[],[],[],[{"utility":86,"ID":3},{"utility":71,"ID":6}],[{"utility":97,"ID":1},{"utility":70,"ID":2}],[{"utility":85,"ID":4},{"utility":65,"ID":5}],[]],"STARTING COALITION: ":[[null],[{"utility":80,"ID":3},{"utility":64,"ID":5}],[{"utility":48,"ID":1},{"utility":52,"ID":4},{"utility":42,"ID":6}],[{"utility":0,"ID":2}],[],[],[]],"CORE :":true,"Relazioni :":29,"Time : ":3,"LAST PARTITION":{"1":4,"2":4,"3":3,"4":5,"5":5,"6":3}},{"Modalità dinamica :":false,"Q : ":2,"STARTING PARTITION: ":{"1":2,"2":3,"3":1,"4":2,"5":1,"6":2},"LAST COALITION":[[],[],[],[{"utility":86,"ID":3},{"utility":71,"ID":6}],[{"utility":97,"ID":1},{"utility":70,"ID":2}],[{"utility":85,"ID":4},{"utility":65,"ID":5}],[]],"STARTING COALITION: ":[[null],[{"utility":80,"ID":3},{"utility":64,"ID":5}],[{"utility":48,"ID":1},{"utility":52,"ID":4},{"utility":42,"ID":6}],[{"utility":0,"ID":2}],[],[],[]],"CORE :":true,"Relazioni :":29,"Time : ":4,"LAST PARTITION":{"1":4,"2":4,"3":3,"4":5,"5":5,"6":3}},{"Modalità dinamica :":false,"Q : ":2,"STARTING PARTITION: ":{"1":2,"2":3,"3":1,"4":2,"5":1,"6":2},"LAST COALITION":[[],[],[],[{"utility":86,"ID":3},{"utility":71,"ID":6}],[{"utility":97,"ID":1},{"utility":70,"ID":2}],[{"utility":85,"ID":4},{"utility":65,"ID":5}],[]],"STARTING COALITION: ":[[null],[{"utility":80,"ID":3},{"utility":64,"ID":5}],[{"utility":48,"ID":1},{"utility":52,"ID":4},{"utility":42,"ID":6}],[{"utility":0,"ID":2}],[],[],[]],"CORE :":true,"Relazioni :":29,"Time : ":5,"LAST PARTITION":{"1":4,"2":4,"3":3,"4":5,"5":5,"6":3}},{"Modalità dinamica :":false,"Q : ":3,"STARTING PARTITION: ":{"1":2,"2":3,"3":1,"4":2,"5":1,"6":2},"LAST COALITION":[[],[],[],[{"utility":86,"ID":3},{"utility":71,"ID":6}],[{"utility":97,"ID":1},{"utility":70,"ID":2}],[{"utility":85,"ID":4},{"utility":65,"ID":5}],[]],"STARTING COALITION: ":[[null],[{"utility":80,"ID":3},{"utility":64,"ID":5}],[{"utility":48,"ID":1},{"utility":52,"ID":4},{"utility":42,"ID":6}],[{"utility":0,"ID":2}],[],[],[]],"CORE :":true,"Relazioni :":29,"Time : ":1,"LAST PARTITION":{"1":4,"2":4,"3":3,"4":5,"5":5,"6":3}},{"Modalità dinamica :":false,"Q : ":3,"STARTING PARTITION: ":{"1":2,"2":3,"3":1,"4":2,"5":1,"6":2},"LAST COALITION":[[],[],[],[{"utility":86,"ID":3},{"utility":71,"ID":6}],[{"utility":97,"ID":1},{"utility":70,"ID":2}],[{"utility":85,"ID":4},{"utility":65,"ID":5}],[]],"STARTING COALITION: ":[[null],[{"utility":80,"ID":3},{"utility":64,"ID":5}],[{"utility":48,"ID":1},{"utility":52,"ID":4},{"utility":42,"ID":6}],[{"utility":0,"ID":2}],[],[],[]],"CORE :":true,"Relazioni :":29,"Time : ":2,"LAST PARTITION":{"1":4,"2":4,"3":3,"4":5,"5":5,"6":3}},{"Modalità dinamica :":false,"Q : ":3,"STARTING PARTITION: ":{"1":2,"2":3,"3":1,"4":2,"5":1,"6":2},"LAST COALITION":[[],[],[],[{"utility":86,"ID":3},{"utility":71,"ID":6}],[{"utility":97,"ID":1},{"utility":70,"ID":2}],[{"utility":85,"ID":4},{"utility":65,"ID":5}],[]],"STARTING COALITION: ":[[null],[{"utility":80,"ID":3},{"utility":64,"ID":5}],[{"utility":48,"ID":1},{"utility":52,"ID":4},{"utility":42,"ID":6}],[{"utility":0,"ID":2}],[],[],[]],"CORE :":true,"Relazioni :":29,"Time : ":3,"LAST PARTITION":{"1":4,"2":4,"3":3,"4":5,"5":5,"6":3}},{"Modalità dinamica :":false,"Q : ":3,"STARTING PARTITION: ":{"1":2,"2":3,"3":1,"4":2,"5":1,"6":2},"LAST COALITION":[[],[],[],[{"utility":86,"ID":3},{"utility":71,"ID":6}],[{"utility":97,"ID":1},{"utility":70,"ID":2}],[{"utility":85,"ID":4},{"utility":65,"ID":5}],[]],"STARTING COALITION: ":[[null],[{"utility":80,"ID":3},{"utility":64,"ID":5}],[{"utility":48,"ID":1},{"utility":52,"ID":4},{"utility":42,"ID":6}],[{"utility":0,"ID":2}],[],[],[]],"CORE :":true,"Relazioni :":29,"Time : ":4,"LAST PARTITION":{"1":4,"2":4,"3":3,"4":5,"5":5,"6":3}},{"Modalità dinamica :":false,"Q : ":3,"STARTING PARTITION: ":{"1":2,"2":3,"3":1,"4":2,"5":1,"6":2},"LAST COALITION":[[],[],[],[{"utility":86,"ID":3},{"utility":71,"ID":6}],[{"utility":97,"ID":1},{"utility":70,"ID":2}],[{"utility":85,"ID":4},{"utility":65,"ID":5}],[]],"STARTING COALITION: ":[[null],[{"utility":80,"ID":3},{"utility":64,"ID":5}],[{"utility":48,"ID":1},{"utility":52,"ID":4},{"utility":42,"ID":6}],[{"utility":0,"ID":2}],[],[],[]],"CORE :":true,"Relazioni :":29,"Time : ":5,"LAST PARTITION":{"1":4,"2":4,"3":3,"4":5,"5":5,"6":3}},{"Modalità dinamica :":false,"Q : ":4,"STARTING PARTITION: ":{"1":2,"2":3,"3":1,"4":2,"5":1,"6":2},"LAST COALITION":[[],[],[],[{"utility":86,"ID":3},{"utility":71,"ID":6}],[{"utility":97,"ID":1},{"utility":70,"ID":2}],[{"utility":85,"ID":4},{"utility":65,"ID":5}],[]],"STARTING COALITION: ":[[null],[{"utility":80,"ID":3},{"utility":64,"ID":5}],[{"utility":48,"ID":1},{"utility":52,"ID":4},{"utility":42,"ID":6}],[{"utility":0,"ID":2}],[],[],[]],"CORE :":true,"Relazioni :":29,"Time : ":1,"LAST PARTITION":{"1":4,"2":4,"3":3,"4":5,"5":5,"6":3}},{"Modalità dinamica :":false,"Q : ":4,"STARTING PARTITION: ":{"1":2,"2":3,"3":1,"4":2,"5":1,"6":2},"LAST COALITION":[[],[],[],[{"utility":86,"ID":3},{"utility":71,"ID":6}],[{"utility":97,"ID":1},{"utility":70,"ID":2}],[{"utility":85,"ID":4},{"utility":65,"ID":5}],[]],"STARTING COALITION: ":[[null],[{"utility":80,"ID":3},{"utility":64,"ID":5}],[{"utility":48,"ID":1},{"utility":52,"ID":4},{"utility":42,"ID":6}],[{"utility":0,"ID":2}],[],[],[]],"CORE :":true,"Relazioni :":29,"Time : ":2,"LAST PARTITION":{"1":4,"2":4,"3":3,"4":5,"5":5,"6":3}},{"Modalità dinamica :":false,"Q : ":4,"STARTING PARTITION: ":{"1":2,"2":3,"3":1,"4":2,"5":1,"6":2},"LAST COALITION":[[],[],[],[{"utility":86,"ID":3},{"utility":71,"ID":6}],[{"utility":97,"ID":1},{"utility":70,"ID":2}],[{"utility":85,"ID":4},{"utility":65,"ID":5}],[]],"STARTING COALITION: ":[[null],[{"utility":80,"ID":3},{"utility":64,"ID":5}],[{"utility":48,"ID":1},{"utility":52,"ID":4},{"utility":42,"ID":6}],[{"utility":0,"ID":2}],[],[],[]],"CORE :":true,"Relazioni :":29,"Time : ":3,"LAST PARTITION":{"1":4,"2":4,"3":3,"4":5,"5":5,"6":3}},{"Modalità dinamica :":false,"Q : ":4,"STARTING PARTITION: ":{"1":2,"2":3,"3":1,"4":2,"5":1,"6":2},"LAST COALITION":[[],[],[],[{"utility":86,"ID":3},{"utility":71,"ID":6}],[{"utility":97,"ID":1},{"utility":70,"ID":2}],[{"utility":85,"ID":4},{"utility":65,"ID":5}],[]],"STARTING COALITION: ":[[null],[{"utility":80,"ID":3},{"utility":64,"ID":5}],[{"utility":48,"ID":1},{"utility":52,"ID":4},{"utility":42,"ID":6}],[{"utility":0,"ID":2}],[],[],[]],"CORE :":true,"Relazioni :":29,"Time : ":4,"LAST PARTITION":{"1":4,"2":4,"3":3,"4":5,"5":5,"6":3}},{"Modalità dinamica :":false,"Q : ":4,"STARTING PARTITION: ":{"1":2,"2":3,"3":1,"4":2,"5":1,"6":2},"LAST COALITION":[[],[],[],[{"utility":86,"ID":3},{"utility":71,"ID":6}],[{"utility":97,"ID":1},{"utility":70,"ID":2}],[{"utility":85,"ID":4},{"utility":65,"ID":5}],[]],"STARTING COALITION: ":[[null],[{"utility":80,"ID":3},{"utility":64,"ID":5}],[{"utility":48,"ID":1},{"utility":52,"ID":4},{"utility":42,"ID":6}],[{"utility":0,"ID":2}],[],[],[]],"CORE :":true,"Relazioni :":29,"Time : ":5,"LAST PARTITION":{"1":4,"2":4,"3":3,"4":5,"5":5,"6":3}},{"Modalità dinamica :":false,"Q : ":5,"STARTING PARTITION: ":{"1":2,"2":3,"3":1,"4":2,"5":1,"6":2},"LAST COALITION":[[],[],[],[{"utility":86,"ID":3},{"utility":71,"ID":6}],[{"utility":97,"ID":1},{"utility":70,"ID":2}],[{"utility":85,"ID":4},{"utility":65,"ID":5}],[]],"STARTING COALITION: ":[[null],[{"utility":80,"ID":3},{"utility":64,"ID":5}],[{"utility":48,"ID":1},{"utility":52,"ID":4},{"utility":42,"ID":6}],[{"utility":0,"ID":2}],[],[],[]],"CORE :":true,"Relazioni :":29,"Time : ":1,"LAST PARTITION":{"1":4,"2":4,"3":3,"4":5,"5":5,"6":3}},{"Modalità dinamica :":false,"Q : ":5,"STARTING PARTITION: ":{"1":2,"2":3,"3":1,"4":2,"5":1,"6":2},"LAST COALITION":[[],[],[],[{"utility":86,"ID":3},{"utility":71,"ID":6}],[{"utility":97,"ID":1},{"utility":70,"ID":2}],[{"utility":85,"ID":4},{"utility":65,"ID":5}],[]],"STARTING COALITION: ":[[null],[{"utility":80,"ID":3},{"utility":64,"ID":5}],[{"utility":48,"ID":1},{"utility":52,"ID":4},{"utility":42,"ID":6}],[{"utility":0,"ID":2}],[],[],[]],"CORE :":true,"Relazioni :":29,"Time : ":2,"LAST PARTITION":{"1":4,"2":4,"3":3,"4":5,"5":5,"6":3}},{"Modalità dinamica :":false,"Q : ":5,"STARTING PARTITION: ":{"1":2,"2":3,"3":1,"4":2,"5":1,"6":2},"LAST COALITION":[[],[],[],[{"utility":86,"ID":3},{"utility":71,"ID":6}],[{"utility":97,"ID":1},{"utility":70,"ID":2}],[{"utility":85,"ID":4},{"utility":65,"ID":5}],[]],"STARTING COALITION: ":[[null],[{"utility":80,"ID":3},{"utility":64,"ID":5}],[{"utility":48,"ID":1},{"utility":52,"ID":4},{"utility":42,"ID":6}],[{"utility":0,"ID":2}],[],[],[]],"CORE :":true,"Relazioni :":29,"Time : ":3,"LAST PARTITION":{"1":4,"2":4,"3":3,"4":5,"5":5,"6":3}},{"Modalità dinamica :":false,"Q : ":5,"STARTING PARTITION: ":{"1":2,"2":3,"3":1,"4":2,"5":1,"6":2},"LAST COALITION":[[],[],[],[{"utility":86,"ID":3},{"utility":71,"ID":6}],[{"utility":97,"ID":1},{"utility":70,"ID":2}],[{"utility":85,"ID":4},{"utility":65,"ID":5}],[]],"STARTING COALITION: ":[[null],[{"utility":80,"ID":3},{"utility":64,"ID":5}],[{"utility":48,"ID":1},{"utility":52,"ID":4},{"utility":42,"ID":6}],[{"utility":0,"ID":2}],[],[],[]],"CORE :":true,"Relazioni :":29,"Time : ":4,"LAST PARTITION":{"1":4,"2":4,"3":3,"4":5,"5":5,"6":3}},{"Modalità dinamica :":false,"Q : ":5,"STARTING PARTITION: ":{"1":2,"2":3,"3":1,"4":2,"5":1,"6":2},"LAST COALITION":[[],[],[],[{"utility":86,"ID":3},{"utility":71,"ID":6}],[{"utility":97,"ID":1},{"utility":70,"ID":2}],[{"utility":85,"ID":4},{"utility":65,"ID":5}],[]],"STARTING COALITION: ":[[null],[{"utility":80,"ID":3},{"utility":64,"ID":5}],[{"utility":48,"ID":1},{"utility":52,"ID":4},{"utility":42,"ID":6}],[{"utility":0,"ID":2}],[],[],[]],"CORE :":true,"Relazioni :":29,"Time : ":5,"LAST PARTITION":{"1":4,"2":4,"3":3,"4":5,"5":5,"6":3}},{"Modalità dinamica :":true,"Q : ":2,"STARTING PARTITION: ":{"1":2,"2":3,"3":1,"4":2,"5":1,"6":2},"LAST COALITION":[[],[],[{"utility":85,"ID":4},{"utility":65,"ID":5}],[{"utility":97,"ID":1},{"utility":70,"ID":2}],[],[{"utility":86,"ID":3},{"utility":71,"ID":6}],[]],"STARTING COALITION: ":[[null],[{"utility":80,"ID":3},{"utility":64,"ID":5}],[{"utility":48,"ID":1},{"utility":52,"ID":4},{"utility":42,"ID":6}],[{"utility":0,"ID":2}],[],[],[]],"CORE :":true,"Relazioni :":29,"Time : ":1,"LAST PARTITION":{"1":3,"2":3,"3":5,"4":2,"5":2,"6":5}},{"Modalità dinamica :":true,"Q : ":2,"STARTING PARTITION: ":{"1":2,"2":3,"3":1,"4":2,"5":1,"6":2},"LAST COALITION":[[],[],[],[{"utility":97,"ID":1},{"utility":70,"ID":2}],[{"utility":85,"ID":4},{"utility":65,"ID":5}],[{"utility":86,"ID":3},{"utility":71,"ID":6}],[]],"STARTING COALITION: ":[[null],[{"utility":80,"ID":3},{"utility":64,"ID":5}],[{"utility":48,"ID":1},{"utility":52,"ID":4},{"utility":42,"ID":6}],[{"utility":0,"ID":2}],[],[],[]],"CORE :":true,"Relazioni :":29,"Time : ":2,"LAST PARTITION":{"1":3,"2":3,"3":5,"4":4,"5":4,"6":5}},{"Modalità dinamica :":true,"Q : ":2,"STARTING PARTITION: ":{"1":2,"2":3,"3":1,"4":2,"5":1,"6":2},"LAST COALITION":[[],[],[],[{"utility":86,"ID":3},{"utility":71,"ID":6}],[{"utility":85,"ID":4},{"utility":65,"ID":5}],[{"utility":97,"ID":1},{"utility":70,"ID":2}],[]],"STARTING COALITION: ":[[null],[{"utility":80,"ID":3},{"utility":64,"ID":5}],[{"utility":48,"ID":1},{"utility":52,"ID":4},{"utility":42,"ID":6}],[{"utility":0,"ID":2}],[],[],[]],"CORE :":true,"Relazioni :":29,"Time : ":3,"LAST PARTITION":{"1":5,"2":5,"3":3,"4":4,"5":4,"6":3}},{"Modalità dinamica :":true,"Q : ":2,"STARTING PARTITION: ":{"1":2,"2":3,"3":1,"4":2,"5":1,"6":2},"LAST COALITION":[[],[{"utility":86,"ID":3},{"utility":71,"ID":6}],[],[{"utility":85,"ID":4},{"utility":65,"ID":5}],[{"utility":97,"ID":1},{"utility":70,"ID":2}],[],[]],"STARTING COALITION: ":[[null],[{"utility":80,"ID":3},{"utility":64,"ID":5}],[{"utility":48,"ID":1},{"utility":52,"ID":4},{"utility":42,"ID":6}],[{"utility":0,"ID":2}],[],[],[]],"CORE :":true,"Relazioni :":29,"Time : ":4,"LAST PARTITION":{"1":4,"2":4,"3":1,"4":3,"5":3,"6":1}},{"Modalità dinamica :":true,"Q : ":2,"STARTING PARTITION: ":{"1":2,"2":3,"3":1,"4":2,"5":1,"6":2},"LAST COALITION":[[],[{"utility":97,"ID":1},{"utility":70,"ID":2}],[{"utility":86,"ID":3},{"utility":71,"ID":6}],[],[{"utility":85,"ID":4},{"utility":65,"ID":5}],[],[]],"STARTING COALITION: ":[[null],[{"utility":80,"ID":3},{"utility":64,"ID":5}],[{"utility":48,"ID":1},{"utility":52,"ID":4},{"utility":42,"ID":6}],[{"utility":0,"ID":2}],[],[],[]],"CORE :":true,"Relazioni :":29,"Time : ":5,"LAST PARTITION":{"1":1,"2":1,"3":2,"4":4,"5":4,"6":2}},{"Modalità dinamica :":true,"Q : ":3,"STARTING PARTITION: ":{"1":2,"2":3,"3":1,"4":2,"5":1,"6":2},"LAST COALITION":[[],[{"utility":86,"ID":3},{"utility":71,"ID":6}],[],[],[{"utility":85,"ID":4},{"utility":65,"ID":5}],[{"utility":97,"ID":1},{"utility":70,"ID":2}],[]],"STARTING COALITION: ":[[null],[{"utility":80,"ID":3},{"utility":64,"ID":5}],[{"utility":48,"ID":1},{"utility":52,"ID":4},{"utility":42,"ID":6}],[{"utility":0,"ID":2}],[],[],[]],"CORE :":true,"Relazioni :":29,"Time : ":1,"LAST PARTITION":{"1":5,"2":5,"3":1,"4":4,"5":4,"6":1}},{"Modalità dinamica :":true,"Q : ":3,"STARTING PARTITION: ":{"1":2,"2":3,"3":1,"4":2,"5":1,"6":2},"LAST COALITION":[[],[{"utility":97,"ID":1},{"utility":70,"ID":2}],[],[{"utility":85,"ID":4},{"utility":65,"ID":5}],[],[{"utility":86,"ID":3},{"utility":71,"ID":6}],[]],"STARTING COALITION: ":[[null],[{"utility":80,"ID":3},{"utility":64,"ID":5}],[{"utility":48,"ID":1},{"utility":52,"ID":4},{"utility":42,"ID":6}],[{"utility":0,"ID":2}],[],[],[]],"CORE :":true,"Relazioni :":29,"Time : ":2,"LAST PARTITION":{"1":1,"2":1,"3":5,"4":3,"5":3,"6":5}},{"Modalità dinamica :":true,"Q : ":3,"STARTING PARTITION: ":{"1":2,"2":3,"3":1,"4":2,"5":1,"6":2},"LAST COALITION":[[],[],[],[{"utility":85,"ID":4},{"utility":65,"ID":5}],[{"utility":86,"ID":3},{"utility":71,"ID":6}],[{"utility":97,"ID":1},{"utility":70,"ID":2}],[]],"STARTING COALITION: ":[[null],[{"utility":80,"ID":3},{"utility":64,"ID":5}],[{"utility":48,"ID":1},{"utility":52,"ID":4},{"utility":42,"ID":6}],[{"utility":0,"ID":2}],[],[],[]],"CORE :":true,"Relazioni :":29,"Time : ":3,"LAST PARTITION":{"1":5,"2":5,"3":4,"4":3,"5":3,"6":4}},{"Modalità dinamica :":true,"Q : ":3,"STARTING PARTITION: ":{"1":2,"2":3,"3":1,"4":2,"5":1,"6":2},"LAST COALITION":[[],[{"utility":86,"ID":3},{"utility":71,"ID":6}],[],[{"utility":85,"ID":4},{"utility":65,"ID":5}],[],[{"utility":97,"ID":1},{"utility":70,"ID":2}],[]],"STARTING COALITION: ":[[null],[{"utility":80,"ID":3},{"utility":64,"ID":5}],[{"utility":48,"ID":1},{"utility":52,"ID":4},{"utility":42,"ID":6}],[{"utility":0,"ID":2}],[],[],[]],"CORE :":true,"Relazioni :":29,"Time : ":4,"LAST PARTITION":{"1":5,"2":5,"3":1,"4":3,"5":3,"6":1}},{"Modalità dinamica :":true,"Q : ":3,"STARTING PARTITION: ":{"1":2,"2":3,"3":1,"4":2,"5":1,"6":2},"LAST COALITION":[[],[],[{"utility":97,"ID":1},{"utility":70,"ID":2}],[],[{"utility":85,"ID":4},{"utility":65,"ID":5}],[{"utility":86,"ID":3},{"utility":71,"ID":6}],[]],"STARTING COALITION: ":[[null],[{"utility":80,"ID":3},{"utility":64,"ID":5}],[{"utility":48,"ID":1},{"utility":52,"ID":4},{"utility":42,"ID":6}],[{"utility":0,"ID":2}],[],[],[]],"CORE :":true,"Relazioni :":29,"Time : ":5,"LAST PARTITION":{"1":2,"2":2,"3":5,"4":4,"5":4,"6":5}},{"Modalità dinamica :":true,"Q : ":4,"STARTING PARTITION: ":{"1":2,"2":3,"3":1,"4":2,"5":1,"6":2},"LAST COALITION":[[],[],[],[{"utility":86,"ID":3},{"utility":71,"ID":6}],[{"utility":85,"ID":4},{"utility":65,"ID":5}],[{"utility":97,"ID":1},{"utility":70,"ID":2}],[]],"STARTING COALITION: ":[[null],[{"utility":80,"ID":3},{"utility":64,"ID":5}],[{"utility":48,"ID":1},{"utility":52,"ID":4},{"utility":42,"ID":6}],[{"utility":0,"ID":2}],[],[],[]],"CORE :":true,"Relazioni :":29,"Time : ":1,"LAST PARTITION":{"1":5,"2":5,"3":3,"4":4,"5":4,"6":3}},{"Modalità dinamica :":true,"Q : ":4,"STARTING PARTITION: ":{"1":2,"2":3,"3":1,"4":2,"5":1,"6":2},"LAST COALITION":[[],[],[{"utility":97,"ID":1},{"utility":70,"ID":2}],[{"utility":85,"ID":4},{"utility":65,"ID":5}],[{"utility":86,"ID":3},{"utility":71,"ID":6}],[],[]],"STARTING COALITION: ":[[null],[{"utility":80,"ID":3},{"utility":64,"ID":5}],[{"utility":48,"ID":1},{"utility":52,"ID":4},{"utility":42,"ID":6}],[{"utility":0,"ID":2}],[],[],[]],"CORE :":true,"Relazioni :":29,"Time : ":2,"LAST PARTITION":{"1":2,"2":2,"3":4,"4":3,"5":3,"6":4}},{"Modalità dinamica :":true,"Q : ":4,"STARTING PARTITION: ":{"1":2,"2":3,"3":1,"4":2,"5":1,"6":2},"LAST COALITION":[[],[{"utility":97,"ID":1},{"utility":70,"ID":2}],[],[{"utility":85,"ID":4},{"utility":65,"ID":5}],[{"utility":86,"ID":3},{"utility":71,"ID":6}],[],[]],"STARTING COALITION: ":[[null],[{"utility":80,"ID":3},{"utility":64,"ID":5}],[{"utility":48,"ID":1},{"utility":52,"ID":4},{"utility":42,"ID":6}],[{"utility":0,"ID":2}],[],[],[]],"CORE :":true,"Relazioni :":29,"Time : ":3,"LAST PARTITION":{"1":1,"2":1,"3":4,"4":3,"5":3,"6":4}},{"Modalità dinamica :":true,"Q : ":4,"STARTING PARTITION: ":{"1":2,"2":3,"3":1,"4":2,"5":1,"6":2},"LAST COALITION":[[],[],[{"utility":86,"ID":3},{"utility":71,"ID":6}],[],[{"utility":85,"ID":4},{"utility":65,"ID":5}],[{"utility":97,"ID":1},{"utility":70,"ID":2}],[]],"STARTING COALITION: ":[[null],[{"utility":80,"ID":3},{"utility":64,"ID":5}],[{"utility":48,"ID":1},{"utility":52,"ID":4},{"utility":42,"ID":6}],[{"utility":0,"ID":2}],[],[],[]],"CORE :":true,"Relazioni :":29,"Time : ":4,"LAST PARTITION":{"1":5,"2":5,"3":2,"4":4,"5":4,"6":2}},{"Modalità dinamica :":true,"Q : ":4,"STARTING PARTITION: ":{"1":2,"2":3,"3":1,"4":2,"5":1,"6":2},"LAST COALITION":[[],[],[],[{"utility":86,"ID":3},{"utility":71,"ID":6}],[{"utility":85,"ID":4},{"utility":65,"ID":5}],[{"utility":97,"ID":1},{"utility":70,"ID":2}],[]],"STARTING COALITION: ":[[null],[{"utility":80,"ID":3},{"utility":64,"ID":5}],[{"utility":48,"ID":1},{"utility":52,"ID":4},{"utility":42,"ID":6}],[{"utility":0,"ID":2}],[],[],[]],"CORE :":true,"Relazioni :":29,"Time : ":5,"LAST PARTITION":{"1":5,"2":5,"3":3,"4":4,"5":4,"6":3}},{"Modalità dinamica :":true,"Q : ":5,"STARTING PARTITION: ":{"1":2,"2":3,"3":1,"4":2,"5":1,"6":2},"LAST COALITION":[[],[],[{"utility":86,"ID":3},{"utility":71,"ID":6}],[{"utility":97,"ID":1},{"utility":70,"ID":2}],[{"utility":85,"ID":4},{"utility":65,"ID":5}],[],[]],"STARTING COALITION: ":[[null],[{"utility":80,"ID":3},{"utility":64,"ID":5}],[{"utility":48,"ID":1},{"utility":52,"ID":4},{"utility":42,"ID":6}],[{"utility":0,"ID":2}],[],[],[]],"CORE :":true,"Relazioni :":29,"Time : ":1,"LAST PARTITION":{"1":3,"2":3,"3":2,"4":4,"5":4,"6":2}},{"Modalità dinamica :":true,"Q : ":5,"STARTING PARTITION: ":{"1":2,"2":3,"3":1,"4":2,"5":1,"6":2},"LAST COALITION":[[],[{"utility":86,"ID":3},{"utility":71,"ID":6}],[],[],[{"utility":85,"ID":4},{"utility":65,"ID":5}],[{"utility":97,"ID":1},{"utility":70,"ID":2}],[]],"STARTING COALITION: ":[[null],[{"utility":80,"ID":3},{"utility":64,"ID":5}],[{"utility":48,"ID":1},{"utility":52,"ID":4},{"utility":42,"ID":6}],[{"utility":0,"ID":2}],[],[],[]],"CORE :":true,"Relazioni :":29,"Time : ":2,"LAST PARTITION":{"1":5,"2":5,"3":1,"4":4,"5":4,"6":1}},{"Modalità dinamica :":true,"Q : ":5,"STARTING PARTITION: ":{"1":2,"2":3,"3":1,"4":2,"5":1,"6":2},"LAST COALITION":[[],[{"utility":86,"ID":3},{"utility":71,"ID":6}],[{"utility":85,"ID":4},{"utility":65,"ID":5}],[{"utility":97,"ID":1},{"utility":70,"ID":2}],[],[],[]],"STARTING COALITION: ":[[null],[{"utility":80,"ID":3},{"utility":64,"ID":5}],[{"utility":48,"ID":1},{"utility":52,"ID":4},{"utility":42,"ID":6}],[{"utility":0,"ID":2}],[],[],[]],"CORE :":true,"Relazioni :":29,"Time : ":3,"LAST PARTITION":{"1":3,"2":3,"3":1,"4":2,"5":2,"6":1}},{"Modalità dinamica :":true,"Q : ":5,"STARTING PARTITION: ":{"1":2,"2":3,"3":1,"4":2,"5":1,"6":2},"LAST COALITION":[[],[],[],[{"utility":86,"ID":3},{"utility":71,"ID":6}],[{"utility":97,"ID":1},{"utility":70,"ID":2}],[{"utility":85,"ID":4},{"utility":65,"ID":5}],[]],"STARTING COALITION: ":[[null],[{"utility":80,"ID":3},{"utility":64,"ID":5}],[{"utility":48,"ID":1},{"utility":52,"ID":4},{"utility":42,"ID":6}],[{"utility":0,"ID":2}],[],[],[]],"CORE :":true,"Relazioni :":29,"Time : ":4,"LAST PARTITION":{"1":4,"2":4,"3":3,"4":5,"5":5,"6":3}},{"Modalità dinamica :":true,"Q : ":5,"STARTING PARTITION: ":{"1":2,"2":3,"3":1,"4":2,"5":1,"6":2},"LAST COALITION":[[],[{"utility":86,"ID":3},{"utility":71,"ID":6}],[],[{"utility":97,"ID":1},{"utility":70,"ID":2}],[],[{"utility":85,"ID":4},{"utility":65,"ID":5}],[]],"STARTING COALITION: ":[[null],[{"utility":80,"ID":3},{"utility":64,"ID":5}],[{"utility":48,"ID":1},{"utility":52,"ID":4},{"utility":42,"ID":6}],[{"utility":0,"ID":2}],[],[],[]],"CORE :":true,"Relazioni :":29,"Time : ":5,"LAST PARTITION":{"1":3,"2":3,"3":1,"4":5,"5":5,"6":1}},{"END OF FILE:" : true}]