[{"Modalità dinamica :":false,"Q : ":2,"STARTING PARTITION: ":{"1":3,"2":4,"3":1,"4":3,"5":3,"6":4},"LAST COALITION":[[],[{"utility":46,"ID":5},{"utility":29,"ID":6}],[{"utility":97,"ID":1},{"utility":84,"ID":4}],[],[],[{"utility":85,"ID":2},{"utility":98,"ID":3}],[]],"STARTING COALITION: ":[[null],[{"utility":0,"ID":3}],[],[{"utility":73,"ID":1},{"utility":47.5,"ID":4},{"utility":65.5,"ID":5}],[{"utility":55,"ID":2},{"utility":3,"ID":6}],[],[]],"CORE :":true,"Relazioni :":30,"Time : ":1,"LAST PARTITION":{"1":2,"2":5,"3":5,"4":2,"5":1,"6":1}},{"Modalità dinamica :":false,"Q : ":2,"STARTING PARTITION: ":{"1":3,"2":4,"3":1,"4":3,"5":3,"6":4},"LAST COALITION":[[],[{"utility":46,"ID":5},{"utility":29,"ID":6}],[{"utility":97,"ID":1},{"utility":84,"ID":4}],[],[],[{"utility":85,"ID":2},{"utility":98,"ID":3}],[]],"STARTING COALITION: ":[[null],[{"utility":0,"ID":3}],[],[{"utility":73,"ID":1},{"utility":47.5,"ID":4},{"utility":65.5,"ID":5}],[{"utility":55,"ID":2},{"utility":3,"ID":6}],[],[]],"CORE :":true,"Relazioni :":30,"Time : ":2,"LAST PARTITION":{"1":2,"2":5,"3":5,"4":2,"5":1,"6":1}},{"Modalità dinamica :":false,"Q : ":2,"STARTING PARTITION: ":{"1":3,"2":4,"3":1,"4":3,"5":3,"6":4},"LAST COALITION":[[],[{"utility":46,"ID":5},{"utility":29,"ID":6}],[{"utility":97,"ID":1},{"utility":84,"ID":4}],[],[],[{"utility":85,"ID":2},{"utility":98,"ID":3}],[]],"STARTING COALITION: ":[[null],[{"utility":0,"ID":3}],[],[{"utility":73,"ID":1},{"utility":47.5,"ID":4},{"utility":65.5,"ID":5}],[{"utility":55,"ID":2},{"utility":3,"ID":6}],[],[]],"CORE :":true,"Relazioni :":30,"Time : ":3,"LAST PARTITION":{"1":2,"2":5,"3":5,"4":2,"5":1,"6":1}},{"Modalità dinamica :":false,"Q : ":2,"STARTING PARTITION: ":{"1":3,"2":4,"3":1,"4":3,"5":3,"6":4},"LAST COALITION":[[],[{"utility":46,"ID":5},{"utility":29,"ID":6}],[{"utility":97,"ID":1},{"utility":84,"ID":4}],[],[],[{"utility":85,"ID":2},{"utility":98,"ID":3}],[]],"STARTING COALITION: ":[[null],[{"utility":0,"ID":3}],[],[{"utility":73,"ID":1},{"utility":47.5,"ID":4},{"utility":65.5,"ID":5}],[{"utility":55,"ID":2},{"utility":3,"ID":6}],[],[]],"CORE :":true,"Relazioni :":30,"Time : ":4,"LAST PARTITION":{"1":2,"2":5,"3":5,"4":2,"5":1,"6":1}},{"Modalità dinamica :":false,"Q : ":2,"STARTING PARTITION: ":{"1":3,"2":4,"3":1,"4":3,"5":3,"6":4},"LAST COALITION":[[],[{"utility":46,"ID":5},{"utility":29,"ID":6}],[{"utility":97,"ID":1},{"utility":84,"ID":4}],[],[],[{"utility":85,"ID":2},{"utility":98,"ID":3}],[]],"STARTING COALITION: ":[[null],[{"utility":0,"ID":3}],[],[{"utility":73,"ID":1},{"utility":47.5,"ID":4},{"utility":65.5,"ID":5}],[{"utility":55,"ID":2},{"utility":3,"ID":6}],[],[]],"CORE :":true,"Relazioni :":30,"Time : ":5,"LAST PARTITION":{"1":2,"2":5,"3":5,"4":2,"5":1,"6":1}},{"Modalità dinamica :":false,"Q : ":3,"STARTING PARTITION: ":{"1":3,"2":4,"3":1,"4":3,"5":3,"6":4},"LAST COALITION":[[],[{"utility":46,"ID":5},{"utility":29,"ID":6}],[{"utility":97,"ID":1},{"utility":84,"ID":4}],[],[],[{"utility":85,"ID":2},{"utility":98,"ID":3}],[]],"STARTING COALITION: ":[[null],[{"utility":0,"ID":3}],[],[{"utility":73,"ID":1},{"utility":47.5,"ID":4},{"utility":65.5,"ID":5}],[{"utility":55,"ID":2},{"utility":3,"ID":6}],[],[]],"CORE :":true,"Relazioni :":30,"Time : ":1,"LAST PARTITION":{"1":2,"2":5,"3":5,"4":2,"5":1,"6":1}},{"Modalità dinamica :":false,"Q : ":3,"STARTING PARTITION: ":{"1":3,"2":4,"3":1,"4":3,"5":3,"6":4},"LAST COALITION":[[],[{"utility":46,"ID":5},{"utility":29,"ID":6}],[{"utility":97,"ID":1},{"utility":84,"ID":4}],[],[],[{"utility":85,"ID":2},{"utility":98,"ID":3}],[]],"STARTING COALITION: ":[[null],[{"utility":0,"ID":3}],[],[{"utility":73,"ID":1},{"utility":47.5,"ID":4},{"utility":65.5,"ID":5}],[{"utility":55,"ID":2},{"utility":3,"ID":6}],[],[]],"CORE :":true,"Relazioni :":30,"Time : ":2,"LAST PARTITION":{"1":2,"2":5,"3":5,"4":2,"5":1,"6":1}},{"Modalità dinamica :":false,"Q : ":3,"STARTING PARTITION: ":{"1":3,"2":4,"3":1,"4":3,"5":3,"6":4},"LAST COALITION":[[],[{"utility":46,"ID":5},{"utility":29,"ID":6}],[{"utility":97,"ID":1},{"utility":84,"ID":4}],[],[],[{"utility":85,"ID":2},{"utility":98,"ID":3}],[]],"STARTING COALITION: ":[[null],[{"utility":0,"ID":3}],[],[{"utility":73,"ID":1},{"utility":47.5,"ID":4},{"utility":65.5,"ID":5}],[{"utility":55,"ID":2},{"utility":3,"ID":6}],[],[]],"CORE :":true,"Relazioni :":30,"Time : ":3,"LAST PARTITION":{"1":2,"2":5,"3":5,"4":2,"5":1,"6":1}},{"Modalità dinamica :":false,"Q : ":3,"STARTING PARTITION: ":{"1":3,"2":4,"3":1,"4":3,"5":3,"6":4},"LAST COALITION":[[],[{"utility":46,"ID":5},{"utility":29,"ID":6}],[{"utility":97,"ID":1},{"utility":84,"ID":4}],[],[],[{"utility":85,"ID":2},{"utility":98,"ID":3}],[]],"STARTING COALITION: ":[[null],[{"utility":0,"ID":3}],[],[{"utility":73,"ID":1},{"utility":47.5,"ID":4},{"utility":65.5,"ID":5}],[{"utility":55,"ID":2},{"utility":3,"ID":6}],[],[]],"CORE :":true,"Relazioni :":30,"Time : ":4,"LAST PARTITION":{"1":2,"2":5,"3":5,"4":2,"5":1,"6":1}},{"Modalità dinamica :":false,"Q : ":3,"STARTING PARTITION: ":{"1":3,"2":4,"3":1,"4":3,"5":3,"6":4},"LAST COALITION":[[],[{"utility":46,"ID":5},{"utility":29,"ID":6}],[{"utility":97,"ID":1},{"utility":84,"ID":4}],[],[],[{"utility":85,"ID":2},{"utility":98,"ID":3}],[]],"STARTING COALITION: ":[[null],[{"utility":0,"ID":3}],[],[{"utility":73,"ID":1},{"utility":47.5,"ID":4},{"utility":65.5,"ID":5}],[{"utility":55,"ID":2},{"utility":3,"ID":6}],[],[]],"CORE :":true,"Relazioni :":30,"Time : ":5,"LAST PARTITION":{"1":2,"2":5,"3":5,"4":2,"5":1,"6":1}},{"Modalità dinamica :":false,"Q : ":4,"STARTING PARTITION: ":{"1":3,"2":4,"3":1,"4":3,"5":3,"6":4},"LAST COALITION":[[],[{"utility":46,"ID":5},{"utility":29,"ID":6}],[{"utility":97,"ID":1},{"utility":84,"ID":4}],[],[],[{"utility":85,"ID":2},{"utility":98,"ID":3}],[]],"STARTING COALITION: ":[[null],[{"utility":0,"ID":3}],[],[{"utility":73,"ID":1},{"utility":47.5,"ID":4},{"utility":65.5,"ID":5}],[{"utility":55,"ID":2},{"utility":3,"ID":6}],[],[]],"CORE :":true,"Relazioni :":30,"Time : ":1,"LAST PARTITION":{"1":2,"2":5,"3":5,"4":2,"5":1,"6":1}},{"Modalità dinamica :":false,"Q : ":4,"STARTING PARTITION: ":{"1":3,"2":4,"3":1,"4":3,"5":3,"6":4},"LAST COALITION":[[],[{"utility":46,"ID":5},{"utility":29,"ID":6}],[{"utility":97,"ID":1},{"utility":84,"ID":4}],[],[],[{"utility":85,"ID":2},{"utility":98,"ID":3}],[]],"STARTING COALITION: ":[[null],[{"utility":0,"ID":3}],[],[{"utility":73,"ID":1},{"utility":47.5,"ID":4},{"utility":65.5,"ID":5}],[{"utility":55,"ID":2},{"utility":3,"ID":6}],[],[]],"CORE :":true,"Relazioni :":30,"Time : ":2,"LAST PARTITION":{"1":2,"2":5,"3":5,"4":2,"5":1,"6":1}},{"Modalità dinamica :":false,"Q : ":4,"STARTING PARTITION: ":{"1":3,"2":4,"3":1,"4":3,"5":3,"6":4},"LAST COALITION":[[],[{"utility":46,"ID":5},{"utility":29,"ID":6}],[{"utility":97,"ID":1},{"utility":84,"ID":4}],[],[],[{"utility":85,"ID":2},{"utility":98,"ID":3}],[]],"STARTING COALITION: ":[[null],[{"utility":0,"ID":3}],[],[{"utility":73,"ID":1},{"utility":47.5,"ID":4},{"utility":65.5,"ID":5}],[{"utility":55,"ID":2},{"utility":3,"ID":6}],[],[]],"CORE :":true,"Relazioni :":30,"Time : ":3,"LAST PARTITION":{"1":2,"2":5,"3":5,"4":2,"5":1,"6":1}},{"Modalità dinamica :":false,"Q : ":4,"STARTING PARTITION: ":{"1":3,"2":4,"3":1,"4":3,"5":3,"6":4},"LAST COALITION":[[],[{"utility":46,"ID":5},{"utility":29,"ID":6}],[{"utility":97,"ID":1},{"utility":84,"ID":4}],[],[],[{"utility":85,"ID":2},{"utility":98,"ID":3}],[]],"STARTING COALITION: ":[[null],[{"utility":0,"ID":3}],[],[{"utility":73,"ID":1},{"utility":47.5,"ID":4},{"utility":65.5,"ID":5}],[{"utility":55,"ID":2},{"utility":3,"ID":6}],[],[]],"CORE :":true,"Relazioni :":30,"Time : ":4,"LAST PARTITION":{"1":2,"2":5,"3":5,"4":2,"5":1,"6":1}},{"Modalità dinamica :":false,"Q : ":4,"STARTING PARTITION: ":{"1":3,"2":4,"3":1,"4":3,"5":3,"6":4},"LAST COALITION":[[],[{"utility":46,"ID":5},{"utility":29,"ID":6}],[{"utility":97,"ID":1},{"utility":84,"ID":4}],[],[],[{"utility":85,"ID":2},{"utility":98,"ID":3}],[]],"STARTING COALITION: ":[[null],[{"utility":0,"ID":3}],[],[{"utility":73,"ID":1},{"utility":47.5,"ID":4},{"utility":65.5,"ID":5}],[{"utility":55,"ID":2},{"utility":3,"ID":6}],[],[]],"CORE :":true,"Relazioni :":30,"Time : ":5,"LAST PARTITION":{"1":2,"2":5,"3":5,"4":2,"5":1,"6":1}},{"Modalità dinamica :":false,"Q : ":5,"STARTING PARTITION: ":{"1":3,"2":4,"3":1,"4":3,"5":3,"6":4},"LAST COALITION":[[],[{"utility":46,"ID":5},{"utility":29,"ID":6}],[{"utility":97,"ID":1},{"utility":84,"ID":4}],[],[],[{"utility":85,"ID":2},{"utility":98,"ID":3}],[]],"STARTING COALITION: ":[[null],[{"utility":0,"ID":3}],[],[{"utility":73,"ID":1},{"utility":47.5,"ID":4},{"utility":65.5,"ID":5}],[{"utility":55,"ID":2},{"utility":3,"ID":6}],[],[]],"CORE :":true,"Relazioni :":30,"Time : ":1,"LAST PARTITION":{"1":2,"2":5,"3":5,"4":2,"5":1,"6":1}},{"Modalità dinamica :":false,"Q : ":5,"STARTING PARTITION: ":{"1":3,"2":4,"3":1,"4":3,"5":3,"6":4},"LAST COALITION":[[],[{"utility":46,"ID":5},{"utility":29,"ID":6}],[{"utility":97,"ID":1},{"utility":84,"ID":4}],[],[],[{"utility":85,"ID":2},{"utility":98,"ID":3}],[]],"STARTING COALITION: ":[[null],[{"utility":0,"ID":3}],[],[{"utility":73,"ID":1},{"utility":47.5,"ID":4},{"utility":65.5,"ID":5}],[{"utility":55,"ID":2},{"utility":3,"ID":6}],[],[]],"CORE :":true,"Relazioni :":30,"Time : ":2,"LAST PARTITION":{"1":2,"2":5,"3":5,"4":2,"5":1,"6":1}},{"Modalità dinamica :":false,"Q : ":5,"STARTING PARTITION: ":{"1":3,"2":4,"3":1,"4":3,"5":3,"6":4},"LAST COALITION":[[],[{"utility":46,"ID":5},{"utility":29,"ID":6}],[{"utility":97,"ID":1},{"utility":84,"ID":4}],[],[],[{"utility":85,"ID":2},{"utility":98,"ID":3}],[]],"STARTING COALITION: ":[[null],[{"utility":0,"ID":3}],[],[{"utility":73,"ID":1},{"utility":47.5,"ID":4},{"utility":65.5,"ID":5}],[{"utility":55,"ID":2},{"utility":3,"ID":6}],[],[]],"CORE :":true,"Relazioni :":30,"Time : ":3,"LAST PARTITION":{"1":2,"2":5,"3":5,"4":2,"5":1,"6":1}},{"Modalità dinamica :":false,"Q : ":5,"STARTING PARTITION: ":{"1":3,"2":4,"3":1,"4":3,"5":3,"6":4},"LAST COALITION":[[],[{"utility":46,"ID":5},{"utility":29,"ID":6}],[{"utility":97,"ID":1},{"utility":84,"ID":4}],[],[],[{"utility":85,"ID":2},{"utility":98,"ID":3}],[]],"STARTING COALITION: ":[[null],[{"utility":0,"ID":3}],[],[{"utility":73,"ID":1},{"utility":47.5,"ID":4},{"utility":65.5,"ID":5}],[{"utility":55,"ID":2},{"utility":3,"ID":6}],[],[]],"CORE :":true,"Relazioni :":30,"Time : ":4,"LAST PARTITION":{"1":2,"2":5,"3":5,"4":2,"5":1,"6":1}},{"Modalità dinamica :":false,"Q : ":5,"STARTING PARTITION: ":{"1":3,"2":4,"3":1,"4":3,"5":3,"6":4},"LAST COALITION":[[],[{"utility":46,"ID":5},{"utility":29,"ID":6}],[{"utility":97,"ID":1},{"utility":84,"ID":4}],[],[],[{"utility":85,"ID":2},{"utility":98,"ID":3}],[]],"STARTING COALITION: ":[[null],[{"utility":0,"ID":3}],[],[{"utility":73,"ID":1},{"utility":47.5,"ID":4},{"utility":65.5,"ID":5}],[{"utility":55,"ID":2},{"utility":3,"ID":6}],[],[]],"CORE :":true,"Relazioni :":30,"Time : ":5,"LAST PARTITION":{"1":2,"2":5,"3":5,"4":2,"5":1,"6":1}},{"Modalità dinamica :":true,"Q : ":2,"STARTING PARTITION: ":{"1":3,"2":4,"3":1,"4":3,"5":3,"6":4},"LAST COALITION":[[],[{"utility":97,"ID":1},{"utility":84,"ID":4}],[],[{"utility":85,"ID":2},{"utility":98,"ID":3}],[{"utility":46,"ID":5},{"utility":29,"ID":6}],[],[]],"STARTING COALITION: ":[[null],[{"utility":0,"ID":3}],[],[{"utility":73,"ID":1},{"utility":47.5,"ID":4},{"utility":65.5,"ID":5}],[{"utility":55,"ID":2},{"utility":3,"ID":6}],[],[]],"CORE :":true,"Relazioni :":30,"Time : ":1,"LAST PARTITION":{"1":1,"2":3,"3":3,"4":1,"5":4,"6":4}},{"Modalità dinamica :":true,"Q : ":2,"STARTING PARTITION: ":{"1":3,"2":4,"3":1,"4":3,"5":3,"6":4},"LAST COALITION":[[],[{"utility":46,"ID":5},{"utility":29,"ID":6}],[{"utility":97,"ID":1},{"utility":84,"ID":4}],[],[],[{"utility":85,"ID":2},{"utility":98,"ID":3}],[]],"STARTING COALITION: ":[[null],[{"utility":0,"ID":3}],[],[{"utility":73,"ID":1},{"utility":47.5,"ID":4},{"utility":65.5,"ID":5}],[{"utility":55,"ID":2},{"utility":3,"ID":6}],[],[]],"CORE :":true,"Relazioni :":30,"Time : ":2,"LAST PARTITION":{"1":2,"2":5,"3":5,"4":2,"5":1,"6":1}},{"Modalità dinamica :":true,"Q : ":2,"STARTING PARTITION: ":{"1":3,"2":4,"3":1,"4":3,"5":3,"6":4},"LAST COALITION":[[],[],[{"utility":97,"ID":1},{"utility":84,"ID":4}],[{"utility":46,"ID":5},{"utility":29,"ID":6}],[],[{"utility":85,"ID":2},{"utility":98,"ID":3}],[]],"STARTING COALITION: ":[[null],[{"utility":0,"ID":3}],[],[{"utility":73,"ID":1},{"utility":47.5,"ID":4},{"utility":65.5,"ID":5}],[{"utility":55,"ID":2},{"utility":3,"ID":6}],[],[]],"CORE :":true,"Relazioni :":30,"Time : ":3,"LAST PARTITION":{"1":2,"2":5,"3":5,"4":2,"5":3,"6":3}},{"Modalità dinamica :":true,"Q : ":2,"STARTING PARTITION: ":{"1":3,"2":4,"3":1,"4":3,"5":3,"6":4},"LAST COALITION":[[],[],[{"utility":97,"ID":1},{"utility":84,"ID":4}],[{"utility":46,"ID":5},{"utility":29,"ID":6}],[],[{"utility":85,"ID":2},{"utility":98,"ID":3}],[]],"STARTING COALITION: ":[[null],[{"utility":0,"ID":3}],[],[{"utility":73,"ID":1},{"utility":47.5,"ID":4},{"utility":65.5,"ID":5}],[{"utility":55,"ID":2},{"utility":3,"ID":6}],[],[]],"CORE :":true,"Relazioni :":30,"Time : ":4,"LAST PARTITION":{"1":2,"2":5,"3":5,"4":2,"5":3,"6":3}},{"Modalità dinamica :":true,"Q : ":2,"STARTING PARTITION: ":{"1":3,"2":4,"3":1,"4":3,"5":3,"6":4},"LAST COALITION":[[],[{"utility":85,"ID":2},{"utility":98,"ID":3}],[],[{"utility":97,"ID":1},{"utility":84,"ID":4}],[],[{"utility":46,"ID":5},{"utility":29,"ID":6}],[]],"STARTING COALITION: ":[[null],[{"utility":0,"ID":3}],[],[{"utility":73,"ID":1},{"utility":47.5,"ID":4},{"utility":65.5,"ID":5}],[{"utility":55,"ID":2},{"utility":3,"ID":6}],[],[]],"CORE :":true,"Relazioni :":30,"Time : ":5,"LAST PARTITION":{"1":3,"2":1,"3":1,"4":3,"5":5,"6":5}},{"Modalità dinamica :":true,"Q : ":3,"STARTING PARTITION: ":{"1":3,"2":4,"3":1,"4":3,"5":3,"6":4},"LAST COALITION":[[],[{"utility":85,"ID":2},{"utility":98,"ID":3}],[],[{"utility":97,"ID":1},{"utility":84,"ID":4}],[],[{"utility":46,"ID":5},{"utility":29,"ID":6}],[]],"STARTING COALITION: ":[[null],[{"utility":0,"ID":3}],[],[{"utility":73,"ID":1},{"utility":47.5,"ID":4},{"utility":65.5,"ID":5}],[{"utility":55,"ID":2},{"utility":3,"ID":6}],[],[]],"CORE :":true,"Relazioni :":30,"Time : ":1,"LAST PARTITION":{"1":3,"2":1,"3":1,"4":3,"5":5,"6":5}},{"Modalità dinamica :":true,"Q : ":3,"STARTING PARTITION: ":{"1":3,"2":4,"3":1,"4":3,"5":3,"6":4},"LAST COALITION":[[],[],[{"utility":97,"ID":1},{"utility":84,"ID":4}],[],[{"utility":85,"ID":2},{"utility":98,"ID":3}],[{"utility":46,"ID":5},{"utility":29,"ID":6}],[]],"STARTING COALITION: ":[[null],[{"utility":0,"ID":3}],[],[{"utility":73,"ID":1},{"utility":47.5,"ID":4},{"utility":65.5,"ID":5}],[{"utility":55,"ID":2},{"utility":3,"ID":6}],[],[]],"CORE :":true,"Relazioni :":30,"Time : ":2,"LAST PARTITION":{"1":2,"2":4,"3":4,"4":2,"5":5,"6":5}},{"Modalità dinamica :":true,"Q : ":3,"STARTING PARTITION: ":{"1":3,"2":4,"3":1,"4":3,"5":3,"6":4},"LAST COALITION":[[],[{"utility":85,"ID":2},{"utility":98,"ID":3}],[],[],[{"utility":46,"ID":5},{"utility":29,"ID":6}],[{"utility":97,"ID":1},{"utility":84,"ID":4}],[]],"STARTING COALITION: ":[[null],[{"utility":0,"ID":3}],[],[{"utility":73,"ID":1},{"utility":47.5,"ID":4},{"utility":65.5,"ID":5}],[{"utility":55,"ID":2},{"utility":3,"ID":6}],[],[]],"CORE :":true,"Relazioni :":30,"Time : ":3,"LAST PARTITION":{"1":5,"2":1,"3":1,"4":5,"5":4,"6":4}},{"Modalità dinamica :":true,"Q : ":3,"STARTING PARTITION: ":{"1":3,"2":4,"3":1,"4":3,"5":3,"6":4},"LAST COALITION":[[],[{"utility":97,"ID":1},{"utility":84,"ID":4}],[],[],[{"utility":46,"ID":5},{"utility":29,"ID":6}],[{"utility":85,"ID":2},{"utility":98,"ID":3}],[]],"STARTING COALITION: ":[[null],[{"utility":0,"ID":3}],[],[{"utility":73,"ID":1},{"utility":47.5,"ID":4},{"utility":65.5,"ID":5}],[{"utility":55,"ID":2},{"utility":3,"ID":6}],[],[]],"CORE :":true,"Relazioni :":30,"Time : ":4,"LAST PARTITION":{"1":1,"2":5,"3":5,"4":1,"5":4,"6":4}},{"Modalità dinamica :":true,"Q : ":3,"STARTING PARTITION: ":{"1":3,"2":4,"3":1,"4":3,"5":3,"6":4},"LAST COALITION":[[],[],[{"utility":46,"ID":5},{"utility":29,"ID":6}],[],[{"utility":97,"ID":1},{"utility":84,"ID":4}],[{"utility":85,"ID":2},{"utility":98,"ID":3}],[]],"STARTING COALITION: ":[[null],[{"utility":0,"ID":3}],[],[{"utility":73,"ID":1},{"utility":47.5,"ID":4},{"utility":65.5,"ID":5}],[{"utility":55,"ID":2},{"utility":3,"ID":6}],[],[]],"CORE :":true,"Relazioni :":30,"Time : ":5,"LAST PARTITION":{"1":4,"2":5,"3":5,"4":4,"5":2,"6":2}},{"Modalità dinamica :":true,"Q : ":4,"STARTING PARTITION: ":{"1":3,"2":4,"3":1,"4":3,"5":3,"6":4},"LAST COALITION":[[],[],[],[{"utility":97,"ID":1},{"utility":84,"ID":4}],[{"utility":46,"ID":5},{"utility":29,"ID":6}],[],[{"utility":85,"ID":2},{"utility":98,"ID":3}]],"STARTING COALITION: ":[[null],[{"utility":0,"ID":3}],[],[{"utility":73,"ID":1},{"utility":47.5,"ID":4},{"utility":65.5,"ID":5}],[{"utility":55,"ID":2},{"utility":3,"ID":6}],[],[]],"CORE :":true,"Relazioni :":30,"Time : ":1,"LAST PARTITION":{"1":3,"2":6,"3":6,"4":3,"5":4,"6":4}},{"Modalità dinamica :":true,"Q : ":4,"STARTING PARTITION: ":{"1":3,"2":4,"3":1,"4":3,"5":3,"6":4},"LAST COALITION":[[],[{"utility":97,"ID":1},{"utility":84,"ID":4}],[],[{"utility":85,"ID":2},{"utility":98,"ID":3}],[],[{"utility":46,"ID":5},{"utility":29,"ID":6}],[]],"STARTING COALITION: ":[[null],[{"utility":0,"ID":3}],[],[{"utility":73,"ID":1},{"utility":47.5,"ID":4},{"utility":65.5,"ID":5}],[{"utility":55,"ID":2},{"utility":3,"ID":6}],[],[]],"CORE :":true,"Relazioni :":30,"Time : ":2,"LAST PARTITION":{"1":1,"2":3,"3":3,"4":1,"5":5,"6":5}},{"Modalità dinamica :":true,"Q : ":4,"STARTING PARTITION: ":{"1":3,"2":4,"3":1,"4":3,"5":3,"6":4},"LAST COALITION":[[],[{"utility":97,"ID":1},{"utility":84,"ID":4}],[],[],[{"utility":46,"ID":5},{"utility":29,"ID":6}],[{"utility":85,"ID":2},{"utility":98,"ID":3}],[]],"STARTING COALITION: ":[[null],[{"utility":0,"ID":3}],[],[{"utility":73,"ID":1},{"utility":47.5,"ID":4},{"utility":65.5,"ID":5}],[{"utility":55,"ID":2},{"utility":3,"ID":6}],[],[]],"CORE :":true,"Relazioni :":30,"Time : ":3,"LAST PARTITION":{"1":1,"2":5,"3":5,"4":1,"5":4,"6":4}},{"Modalità dinamica :":true,"Q : ":4,"STARTING PARTITION: ":{"1":3,"2":4,"3":1,"4":3,"5":3,"6":4},"LAST COALITION":[[],[],[{"utility":97,"ID":1},{"utility":84,"ID":4}],[],[{"utility":85,"ID":2},{"utility":98,"ID":3}],[{"utility":46,"ID":5},{"utility":29,"ID":6}],[]],"STARTING COALITION: ":[[null],[{"utility":0,"ID":3}],[],[{"utility":73,"ID":1},{"utility":47.5,"ID":4},{"utility":65.5,"ID":5}],[{"utility":55,"ID":2},{"utility":3,"ID":6}],[],[]],"CORE :":true,"Relazioni :":30,"Time : ":4,"LAST PARTITION":{"1":2,"2":4,"3":4,"4":2,"5":5,"6":5}},{"Modalità dinamica :":true,"Q : ":4,"STARTING PARTITION: ":{"1":3,"2":4,"3":1,"4":3,"5":3,"6":4},"LAST COALITION":[[],[{"utility":85,"ID":2},{"utility":98,"ID":3}],[{"utility":97,"ID":1},{"utility":84,"ID":4}],[],[{"utility":46,"ID":5},{"utility":29,"ID":6}],[],[]],"STARTING COALITION: ":[[null],[{"utility":0,"ID":3}],[],[{"utility":73,"ID":1},{"utility":47.5,"ID":4},{"utility":65.5,"ID":5}],[{"utility":55,"ID":2},{"utility":3,"ID":6}],[],[]],"CORE :":true,"Relazioni :":30,"Time : ":5,"LAST PARTITION":{"1":2,"2":1,"3":1,"4":2,"5":4,"6":4}},{"Modalità dinamica :":true,"Q : ":5,"STARTING PARTITION: ":{"1":3,"2":4,"3":1,"4":3,"5":3,"6":4},"LAST COALITION":[[],[{"utility":85,"ID":2},{"utility":98,"ID":3}],[],[],[],[{"utility":97,"ID":1},{"utility":84,"ID":4}],[{"utility":46,"ID":5},{"utility":29,"ID":6}]],"STARTING COALITION: ":[[null],[{"utility":0,"ID":3}],[],[{"utility":73,"ID":1},{"utility":47.5,"ID":4},{"utility":65.5,"ID":5}],[{"utility":55,"ID":2},{"utility":3,"ID":6}],[],[]],"CORE :":true,"Relazioni :":30,"Time : ":1,"LAST PARTITION":{"1":5,"2":1,"3":1,"4":5,"5":6,"6":6}},{"Modalità dinamica :":true,"Q : ":5,"STARTING PARTITION: ":{"1":3,"2":4,"3":1,"4":3,"5":3,"6":4},"LAST COALITION":[[],[],[{"utility":85,"ID":2},{"utility":98,"ID":3}],[{"utility":46,"ID":5},{"utility":29,"ID":6}],[],[{"utility":97,"ID":1},{"utility":84,"ID":4}],[]],"STARTING COALITION: ":[[null],[{"utility":0,"ID":3}],[],[{"utility":73,"ID":1},{"utility":47.5,"ID":4},{"utility":65.5,"ID":5}],[{"utility":55,"ID":2},{"utility":3,"ID":6}],[],[]],"CORE :":true,"Relazioni :":30,"Time : ":2,"LAST PARTITION":{"1":5,"2":2,"3":2,"4":5,"5":3,"6":3}},{"Modalità dinamica :":true,"Q : ":5,"STARTING PARTITION: ":{"1":3,"2":4,"3":1,"4":3,"5":3,"6":4},"LAST COALITION":[[],[{"utility":85,"ID":2},{"utility":98,"ID":3}],[],[],[{"utility":97,"ID":1},{"utility":84,"ID":4}],[{"utility":46,"ID":5},{"utility":29,"ID":6}],[]],"STARTING COALITION: ":[[null],[{"utility":0,"ID":3}],[],[{"utility":73,"ID":1},{"utility":47.5,"ID":4},{"utility":65.5,"ID":5}],[{"utility":55,"ID":2},{"utility":3,"ID":6}],[],[]],"CORE :":true,"Relazioni :":30,"Time : ":3,"LAST PARTITION":{"1":4,"2":1,"3":1,"4":4,"5":5,"6":5}},{"Modalità dinamica :":true,"Q : ":5,"STARTING PARTITION: ":{"1":3,"2":4,"3":1,"4":3,"5":3,"6":4},"LAST COALITION":[[],[{"utility":85,"ID":2},{"utility":98,"ID":3}],[],[],[{"utility":46,"ID":5},{"utility":29,"ID":6}],[{"utility":97,"ID":1},{"utility":84,"ID":4}],[]],"STARTING COALITION: ":[[null],[{"utility":0,"ID":3}],[],[{"utility":73,"ID":1},{"utility":47.5,"ID":4},{"utility":65.5,"ID":5}],[{"utility":55,"ID":2},{"utility":3,"ID":6}],[],[]],"CORE :":true,"Relazioni :":30,"Time : ":4,"LAST PARTITION":{"1":5,"2":1,"3":1,"4":5,"5":4,"6":4}},{"Modalità dinamica :":true,"Q : ":5,"STARTING PARTITION: ":{"1":3,"2":4,"3":1,"4":3,"5":3,"6":4},"LAST COALITION":[[],[{"utility":97,"ID":1},{"utility":84,"ID":4}],[],[],[{"utility":46,"ID":5},{"utility":29,"ID":6}],[{"utility":85,"ID":2},{"utility":98,"ID":3}],[]],"STARTING COALITION: ":[[null],[{"utility":0,"ID":3}],[],[{"utility":73,"ID":1},{"utility":47.5,"ID":4},{"utility":65.5,"ID":5}],[{"utility":55,"ID":2},{"utility":3,"ID":6}],[],[]],"CORE :":true,"Relazioni :":30,"Time : ":5,"LAST PARTITION":{"1":1,"2":5,"3":5,"4":1,"5":4,"6":4}},{"END OF FILE:" : true}]