[{"STARTING PARTITION: ":{"1":2,"2":2,"3":1,"4":1,"5":2},"Agents":[null,{"utility":51,"ID":1},{"utility":99,"ID":2},{"utility":0,"ID":3},{"utility":17,"ID":4},{"utility":98,"ID":5}],"LAST COALITION":[[],[],[{"utility":51,"ID":1},{"utility":17,"ID":4}],[{"utility":99,"ID":2},{"utility":98,"ID":5}],[{"utility":0,"ID":3}],[]],"STARTING COALITION: ":[[null],[{"utility":45,"ID":3},{"utility":19,"ID":4}],[{"utility":77.5,"ID":1},{"utility":60.5,"ID":2},{"utility":80,"ID":5}],[],[],[]],"CORE :":false,"LAST PARTITION":{"1":2,"2":3,"3":4,"4":2,"5":3}},{"STARTING PARTITION: ":{"1":2,"2":2,"3":1,"4":1,"5":2},"Agents":[null,{"utility":51,"ID":1},{"utility":99,"ID":2},{"utility":0,"ID":3},{"utility":17,"ID":4},{"utility":98,"ID":5}],"LAST COALITION":[[],[],[{"utility":51,"ID":1},{"utility":17,"ID":4}],[{"utility":99,"ID":2},{"utility":98,"ID":5}],[{"utility":0,"ID":3}],[]],"STARTING COALITION: ":[[null],[{"utility":45,"ID":3},{"utility":19,"ID":4}],[{"utility":77.5,"ID":1},{"utility":60.5,"ID":2},{"utility":80,"ID":5}],[],[],[]],"CORE :":false,"LAST PARTITION":{"1":2,"2":3,"3":4,"4":2,"5":3}},{"STARTING PARTITION: ":{"1":2,"2":1,"3":2,"4":1,"5":1},"Agents":[null,{"utility":0,"ID":1},{"utility":99,"ID":2},{"utility":45,"ID":3},{"utility":19,"ID":4},{"utility":98,"ID":5}],"LAST COALITION":[[],[{"utility":45,"ID":3},{"utility":19,"ID":4}],[],[{"utility":99,"ID":2},{"utility":98,"ID":5}],[{"utility":0,"ID":1}],[]],"STARTING COALITION: ":[[null],[{"utility":63.5,"ID":2},{"utility":59.5,"ID":4},{"utility":88,"ID":5}],[{"utility":39,"ID":1},{"utility":46,"ID":3}],[],[],[]],"CORE :":false,"LAST PARTITION":{"1":4,"2":3,"3":1,"4":1,"5":3}},{"STARTING PARTITION: ":{"1":2,"2":2,"3":2,"4":1,"5":1},"Agents":[null,{"utility":39,"ID":1},{"utility":99,"ID":2},{"utility":46,"ID":3},{"utility":0,"ID":4},{"utility":98,"ID":5}],"LAST COALITION":[[],[{"utility":99,"ID":2},{"utility":98,"ID":5}],[{"utility":39,"ID":1},{"utility":46,"ID":3}],[{"utility":0,"ID":4}],[],[]],"STARTING COALITION: ":[[null],[{"utility":49,"ID":4},{"utility":78,"ID":5}],[{"utility":62.5,"ID":1},{"utility":13,"ID":2},{"utility":42.5,"ID":3}],[],[],[]],"CORE :":false,"LAST PARTITION":{"1":2,"2":1,"3":2,"4":3,"5":1}},{"STARTING PARTITION: ":{"1":1,"2":1,"3":2,"4":1,"5":2},"Agents":[null,{"utility":0,"ID":1},{"utility":99,"ID":2},{"utility":45,"ID":3},{"utility":19,"ID":4},{"utility":98,"ID":5}],"LAST COALITION":[[],[{"utility":99,"ID":2},{"utility":98,"ID":5}],[],[{"utility":0,"ID":1}],[{"utility":45,"ID":3},{"utility":19,"ID":4}],[]],"STARTING COALITION: ":[[null],[{"utility":68.5,"ID":1},{"utility":25,"ID":2},{"utility":43.5,"ID":4}],[{"utility":68,"ID":3},{"utility":9,"ID":5}],[],[],[]],"CORE :":false,"LAST PARTITION":{"1":3,"2":1,"3":4,"4":4,"5":1}},{"STARTING PARTITION: ":{"1":1,"2":2,"3":2,"4":2,"5":2},"Agents":[null,{"utility":0,"ID":1},{"utility":99,"ID":2},{"utility":45,"ID":3},{"utility":19,"ID":4},{"utility":98,"ID":5}],"LAST COALITION":[[],[{"utility":99,"ID":2},{"utility":98,"ID":5}],[{"utility":45,"ID":3},{"utility":19,"ID":4}],[{"utility":0,"ID":1}],[],[]],"STARTING COALITION: ":[[null],[{"utility":0,"ID":1}],[{"utility":43.666666666666664,"ID":2},{"utility":50.666666666666664,"ID":3},{"utility":46,"ID":4},{"utility":61.666666666666664,"ID":5}],[],[],[]],"CORE :":false,"LAST PARTITION":{"1":3,"2":1,"3":2,"4":2,"5":1}},{"STARTING PARTITION: ":{"1":1,"2":1,"3":2,"4":2,"5":1},"Agents":[null,{"utility":51,"ID":1},{"utility":99,"ID":2},{"utility":0,"ID":3},{"utility":17,"ID":4},{"utility":98,"ID":5}],"LAST COALITION":[[],[{"utility":99,"ID":2},{"utility":98,"ID":5}],[{"utility":51,"ID":1},{"utility":17,"ID":4}],[],[{"utility":0,"ID":3}],[]],"STARTING COALITION: ":[[null],[{"utility":77.5,"ID":1},{"utility":60.5,"ID":2},{"utility":80,"ID":5}],[{"utility":45,"ID":3},{"utility":19,"ID":4}],[],[],[]],"CORE :":false,"LAST PARTITION":{"1":2,"2":1,"3":4,"4":2,"5":1}},{"STARTING PARTITION: ":{"1":2,"2":2,"3":2,"4":2,"5":1},"Agents":[null,{"utility":0,"ID":1},{"utility":99,"ID":2},{"utility":45,"ID":3},{"utility":19,"ID":4},{"utility":98,"ID":5}],"LAST COALITION":[[],[{"utility":45,"ID":3},{"utility":19,"ID":4}],[{"utility":99,"ID":2},{"utility":98,"ID":5}],[],[{"utility":0,"ID":1}],[]],"STARTING COALITION: ":[[null],[{"utility":0,"ID":5}],[{"utility":58.666666666666664,"ID":1},{"utility":18,"ID":2},{"utility":43.333333333333336,"ID":3},{"utility":35.333333333333336,"ID":4}],[],[],[]],"CORE :":false,"LAST PARTITION":{"1":4,"2":2,"3":1,"4":1,"5":2}},{"STARTING PARTITION: ":{"1":2,"2":2,"3":1,"4":2,"5":1},"Agents":[null,{"utility":39,"ID":1},{"utility":99,"ID":2},{"utility":46,"ID":3},{"utility":0,"ID":4},{"utility":98,"ID":5}],"LAST COALITION":[[],[],[{"utility":0,"ID":4}],[{"utility":39,"ID":1},{"utility":46,"ID":3}],[{"utility":99,"ID":2},{"utility":98,"ID":5}],[]],"STARTING COALITION: ":[[null],[{"utility":68,"ID":3},{"utility":9,"ID":5}],[{"utility":68.5,"ID":1},{"utility":25,"ID":2},{"utility":43.5,"ID":4}],[],[],[]],"CORE :":false,"LAST PARTITION":{"1":3,"2":4,"3":3,"4":2,"5":4}},{"STARTING PARTITION: ":{"1":2,"2":1,"3":1,"4":2,"5":1},"Agents":[null,{"utility":39,"ID":1},{"utility":99,"ID":2},{"utility":46,"ID":3},{"utility":0,"ID":4},{"utility":98,"ID":5}],"LAST COALITION":[[],[],[{"utility":0,"ID":4}],[{"utility":39,"ID":1},{"utility":46,"ID":3}],[{"utility":99,"ID":2},{"utility":98,"ID":5}],[]],"STARTING COALITION: ":[[null],[{"utility":51.5,"ID":2},{"utility":53.5,"ID":3},{"utility":53.5,"ID":5}],[{"utility":51,"ID":1},{"utility":17,"ID":4}],[],[],[]],"CORE :":false,"LAST PARTITION":{"1":3,"2":4,"3":3,"4":2,"5":4}},{"STARTING PARTITION: ":{"1":1,"2":1,"3":1,"4":2,"5":1},"Agents":[null,{"utility":51,"ID":1},{"utility":99,"ID":2},{"utility":0,"ID":3},{"utility":17,"ID":4},{"utility":98,"ID":5}],"LAST COALITION":[[],[{"utility":0,"ID":3}],[{"utility":99,"ID":2},{"utility":98,"ID":5}],[],[{"utility":51,"ID":1},{"utility":17,"ID":4}],[]],"STARTING COALITION: ":[[null],[{"utility":64.66666666666667,"ID":1},{"utility":41.666666666666664,"ID":2},{"utility":51,"ID":3},{"utility":56.333333333333336,"ID":5}],[{"utility":0,"ID":4}],[],[],[]],"CORE :":false,"LAST PARTITION":{"1":4,"2":2,"3":1,"4":4,"5":2}},{"STARTING PARTITION: ":{"1":2,"2":1,"3":2,"4":2,"5":2},"Agents":[null,{"utility":45,"ID":1},{"utility":99,"ID":2},{"utility":45.5,"ID":3},{"utility":18,"ID":4},{"utility":98,"ID":5}],"LAST COALITION":[[],[],[{"utility":99,"ID":2},{"utility":98,"ID":5}],[],[],[{"utility":45,"ID":1},{"utility":45.5,"ID":3},{"utility":18,"ID":4}]],"STARTING COALITION: ":[[null],[{"utility":0,"ID":2}],[{"utility":53,"ID":1},{"utility":53,"ID":3},{"utility":28.333333333333332,"ID":4},{"utility":49.666666666666664,"ID":5}],[],[],[]],"CORE :":true,"LAST PARTITION":{"1":5,"2":2,"3":5,"4":5,"5":2}},{"STARTING PARTITION: ":{"1":1,"2":1,"3":1,"4":1,"5":1},"Agents":[null,{"utility":51,"ID":1},{"utility":99,"ID":2},{"utility":0,"ID":3},{"utility":17,"ID":4},{"utility":98,"ID":5}],"LAST COALITION":[[],[{"utility":99,"ID":2},{"utility":98,"ID":5}],[{"utility":51,"ID":1},{"utility":17,"ID":4}],[],[{"utility":0,"ID":3}],[]],"STARTING COALITION: ":[[null],[{"utility":61.25,"ID":1},{"utility":38.25,"ID":2},{"utility":49.5,"ID":3},{"utility":38.75,"ID":4},{"utility":61.75,"ID":5}],[],[],[],[]],"CORE :":false,"LAST PARTITION":{"1":2,"2":1,"3":4,"4":2,"5":1}},{"STARTING PARTITION: ":{"1":1,"2":2,"3":1,"4":1,"5":1},"Agents":[null,{"utility":39,"ID":1},{"utility":99,"ID":2},{"utility":46,"ID":3},{"utility":0,"ID":4},{"utility":98,"ID":5}],"LAST COALITION":[[],[],[{"utility":0,"ID":4}],[{"utility":39,"ID":1},{"utility":46,"ID":3}],[{"utility":99,"ID":2},{"utility":98,"ID":5}],[]],"STARTING COALITION: ":[[null],[{"utility":53,"ID":1},{"utility":53,"ID":3},{"utility":28.333333333333332,"ID":4},{"utility":49.666666666666664,"ID":5}],[{"utility":0,"ID":2}],[],[],[]],"CORE :":false,"LAST PARTITION":{"1":3,"2":4,"3":3,"4":2,"5":4}},{"STARTING PARTITION: ":{"1":1,"2":1,"3":1,"4":1,"5":2},"Agents":[null,{"utility":0,"ID":1},{"utility":99,"ID":2},{"utility":45,"ID":3},{"utility":19,"ID":4},{"utility":98,"ID":5}],"LAST COALITION":[[],[],[{"utility":0,"ID":1}],[{"utility":45,"ID":3},{"utility":19,"ID":4}],[{"utility":99,"ID":2},{"utility":98,"ID":5}],[]],"STARTING COALITION: ":[[null],[{"utility":58.666666666666664,"ID":1},{"utility":18,"ID":2},{"utility":43.333333333333336,"ID":3},{"utility":35.333333333333336,"ID":4}],[{"utility":0,"ID":5}],[],[],[]],"CORE :":false,"LAST PARTITION":{"1":2,"2":4,"3":3,"4":3,"5":4}},{"STARTING PARTITION: ":{"1":1,"2":1,"3":1,"4":1,"5":2},"Agents":[null,{"utility":45,"ID":1},{"utility":99,"ID":2},{"utility":45.5,"ID":3},{"utility":18,"ID":4},{"utility":98,"ID":5}],"LAST COALITION":[[],[],[],[{"utility":99,"ID":2},{"utility":98,"ID":5}],[],[{"utility":45,"ID":1},{"utility":45.5,"ID":3},{"utility":18,"ID":4}]],"STARTING COALITION: ":[[null],[{"utility":58.666666666666664,"ID":1},{"utility":18,"ID":2},{"utility":43.333333333333336,"ID":3},{"utility":35.333333333333336,"ID":4}],[{"utility":0,"ID":5}],[],[],[]],"CORE :":true,"LAST PARTITION":{"1":5,"2":3,"3":5,"4":5,"5":3}},{"STARTING PARTITION: ":{"1":2,"2":2,"3":1,"4":2,"5":2},"Agents":[null,{"utility":51,"ID":1},{"utility":99,"ID":2},{"utility":0,"ID":3},{"utility":17,"ID":4},{"utility":98,"ID":5}],"LAST COALITION":[[],[{"utility":0,"ID":3}],[{"utility":99,"ID":2},{"utility":98,"ID":5}],[{"utility":51,"ID":1},{"utility":17,"ID":4}],[],[]],"STARTING COALITION: ":[[null],[{"utility":0,"ID":3}],[{"utility":68.66666666666667,"ID":1},{"utility":49.666666666666664,"ID":2},{"utility":45.333333333333336,"ID":4},{"utility":79.33333333333333,"ID":5}],[],[],[]],"CORE :":false,"LAST PARTITION":{"1":3,"2":2,"3":1,"4":3,"5":2}},{"STARTING PARTITION: ":{"1":2,"2":1,"3":1,"4":2,"5":1},"Agents":[null,{"utility":45,"ID":1},{"utility":99,"ID":2},{"utility":45.5,"ID":3},{"utility":18,"ID":4},{"utility":98,"ID":5}],"LAST COALITION":[[],[],[{"utility":99,"ID":2},{"utility":98,"ID":5}],[],[],[{"utility":45,"ID":1},{"utility":45.5,"ID":3},{"utility":18,"ID":4}]],"STARTING COALITION: ":[[null],[{"utility":51.5,"ID":2},{"utility":53.5,"ID":3},{"utility":53.5,"ID":5}],[{"utility":51,"ID":1},{"utility":17,"ID":4}],[],[],[]],"CORE :":true,"LAST PARTITION":{"1":5,"2":2,"3":5,"4":5,"5":2}},{"STARTING PARTITION: ":{"1":2,"2":2,"3":2,"4":2,"5":1},"Agents":[null,{"utility":39,"ID":1},{"utility":99,"ID":2},{"utility":46,"ID":3},{"utility":0,"ID":4},{"utility":98,"ID":5}],"LAST COALITION":[[],[{"utility":39,"ID":1},{"utility":46,"ID":3}],[],[{"utility":0,"ID":4}],[{"utility":99,"ID":2},{"utility":98,"ID":5}],[]],"STARTING COALITION: ":[[null],[{"utility":0,"ID":5}],[{"utility":58.666666666666664,"ID":1},{"utility":18,"ID":2},{"utility":43.333333333333336,"ID":3},{"utility":35.333333333333336,"ID":4}],[],[],[]],"CORE :":false,"LAST PARTITION":{"1":1,"2":4,"3":1,"4":3,"5":4}},{"STARTING PARTITION: ":{"1":1,"2":1,"3":2,"4":2,"5":2},"Agents":[null,{"utility":39,"ID":1},{"utility":99,"ID":2},{"utility":46,"ID":3},{"utility":0,"ID":4},{"utility":98,"ID":5}],"LAST COALITION":[[],[{"utility":99,"ID":2},{"utility":98,"ID":5}],[{"utility":39,"ID":1},{"utility":46,"ID":3}],[{"utility":0,"ID":4}],[],[]],"STARTING COALITION: ":[[null],[{"utility":86,"ID":1},{"utility":22,"ID":2}],[{"utility":56.5,"ID":3},{"utility":34,"ID":4},{"utility":43.5,"ID":5}],[],[],[]],"CORE :":false,"LAST PARTITION":{"1":2,"2":1,"3":2,"4":3,"5":1}},{"END OF FILE:" : true}]