[{"STARTING PARTITION: ":{"1":1,"2":1,"3":2,"4":2,"5":1},"Agents":[null,{"utility":81,"ID":1},{"utility":0,"ID":2},{"utility":87,"ID":3},{"utility":35,"ID":4},{"utility":60,"ID":5}],"LAST COALITION":[[],[{"utility":0,"ID":2}],[{"utility":87,"ID":3},{"utility":35,"ID":4}],[{"utility":81,"ID":1},{"utility":60,"ID":5}],[],[]],"STARTING COALITION: ":[[null],[{"utility":71.5,"ID":1},{"utility":58,"ID":2},{"utility":54.5,"ID":5}],[{"utility":87,"ID":3},{"utility":35,"ID":4}],[],[],[]],"CORE :":true,"LAST PARTITION":{"1":3,"2":1,"3":2,"4":2,"5":3}},{"STARTING PARTITION: ":{"1":2,"2":1,"3":2,"4":1,"5":2},"Agents":[null,{"utility":81,"ID":1},{"utility":0,"ID":2},{"utility":87,"ID":3},{"utility":35,"ID":4},{"utility":60,"ID":5}],"LAST COALITION":[[],[{"utility":81,"ID":1},{"utility":60,"ID":5}],[],[{"utility":0,"ID":2}],[{"utility":87,"ID":3},{"utility":35,"ID":4}],[]],"STARTING COALITION: ":[[null],[{"utility":41,"ID":2},{"utility":18,"ID":4}],[{"utility":60.5,"ID":1},{"utility":50,"ID":3},{"utility":40.5,"ID":5}],[],[],[]],"CORE :":true,"LAST PARTITION":{"1":1,"2":3,"3":4,"4":4,"5":1}},{"STARTING PARTITION: ":{"1":2,"2":2,"3":2,"4":1,"5":1},"Agents":[null,{"utility":81,"ID":1},{"utility":0,"ID":2},{"utility":87,"ID":3},{"utility":35,"ID":4},{"utility":60,"ID":5}],"LAST COALITION":[[],[{"utility":81,"ID":1},{"utility":60,"ID":5}],[{"utility":87,"ID":3},{"utility":35,"ID":4}],[{"utility":0,"ID":2}],[],[]],"STARTING COALITION: ":[[null],[{"utility":84,"ID":4},{"utility":40,"ID":5}],[{"utility":51,"ID":1},{"utility":49,"ID":2},{"utility":55,"ID":3}],[],[],[]],"CORE :":true,"LAST PARTITION":{"1":1,"2":3,"3":2,"4":2,"5":1}},{"STARTING PARTITION: ":{"1":2,"2":1,"3":2,"4":1,"5":1},"Agents":[null,{"utility":81,"ID":1},{"utility":0,"ID":2},{"utility":87,"ID":3},{"utility":35,"ID":4},{"utility":60,"ID":5}],"LAST COALITION":[[],[{"utility":0,"ID":2}],[],[{"utility":81,"ID":1},{"utility":60,"ID":5}],[{"utility":87,"ID":3},{"utility":35,"ID":4}],[]],"STARTING COALITION: ":[[null],[{"utility":68,"ID":2},{"utility":51,"ID":4},{"utility":44.5,"ID":5}],[{"utility":40,"ID":1},{"utility":24,"ID":3}],[],[],[]],"CORE :":true,"LAST PARTITION":{"1":3,"2":1,"3":4,"4":4,"5":3}},{"STARTING PARTITION: ":{"1":1,"2":1,"3":1,"4":1,"5":2},"Agents":[null,{"utility":81,"ID":1},{"utility":0,"ID":2},{"utility":87,"ID":3},{"utility":35,"ID":4},{"utility":60,"ID":5}],"LAST COALITION":[[],[{"utility":0,"ID":2}],[{"utility":87,"ID":3},{"utility":35,"ID":4}],[{"utility":81,"ID":1},{"utility":60,"ID":5}],[],[]],"STARTING COALITION: ":[[null],[{"utility":45.666666666666664,"ID":1},{"utility":46.333333333333336,"ID":2},{"utility":65.66666666666667,"ID":3},{"utility":22,"ID":4}],[{"utility":0,"ID":5}],[],[],[]],"CORE :":true,"LAST PARTITION":{"1":3,"2":1,"3":2,"4":2,"5":3}},{"STARTING PARTITION: ":{"1":2,"2":2,"3":1,"4":2,"5":1},"Agents":[null,{"utility":81,"ID":1},{"utility":0,"ID":2},{"utility":87,"ID":3},{"utility":35,"ID":4},{"utility":60,"ID":5}],"LAST COALITION":[[],[{"utility":87,"ID":3},{"utility":35,"ID":4}],[{"utility":0,"ID":2}],[{"utility":81,"ID":1},{"utility":60,"ID":5}],[],[]],"STARTING COALITION: ":[[null],[{"utility":76,"ID":3},{"utility":21,"ID":5}],[{"utility":48.5,"ID":1},{"utility":31,"ID":2},{"utility":15.5,"ID":4}],[],[],[]],"CORE :":true,"LAST PARTITION":{"1":3,"2":2,"3":1,"4":1,"5":3}},{"STARTING PARTITION: ":{"1":1,"2":2,"3":2,"4":1,"5":1},"Agents":[null,{"utility":81,"ID":1},{"utility":0,"ID":2},{"utility":87,"ID":3},{"utility":35,"ID":4},{"utility":60,"ID":5}],"LAST COALITION":[[],[],[{"utility":0,"ID":2}],[{"utility":81,"ID":1},{"utility":60,"ID":5}],[{"utility":87,"ID":3},{"utility":35,"ID":4}],[]],"STARTING COALITION: ":[[null],[{"utility":58,"ID":1},{"utility":48.5,"ID":4},{"utility":50,"ID":5}],[{"utility":77,"ID":2},{"utility":86,"ID":3}],[],[],[]],"CORE :":true,"LAST PARTITION":{"1":3,"2":2,"3":4,"4":4,"5":3}},{"STARTING PARTITION: ":{"1":1,"2":2,"3":2,"4":2,"5":2},"Agents":[null,{"utility":81,"ID":1},{"utility":0,"ID":2},{"utility":87,"ID":3},{"utility":35,"ID":4},{"utility":60,"ID":5}],"LAST COALITION":[[],[{"utility":81,"ID":1},{"utility":60,"ID":5}],[{"utility":0,"ID":2}],[],[{"utility":87,"ID":3},{"utility":35,"ID":4}],[]],"STARTING COALITION: ":[[null],[{"utility":0,"ID":1}],[{"utility":71,"ID":2},{"utility":83,"ID":3},{"utility":45.666666666666664,"ID":4},{"utility":36.666666666666664,"ID":5}],[],[],[]],"CORE :":true,"LAST PARTITION":{"1":1,"2":2,"3":4,"4":4,"5":1}},{"STARTING PARTITION: ":{"1":1,"2":1,"3":1,"4":1,"5":2},"Agents":[null,{"utility":81,"ID":1},{"utility":0,"ID":2},{"utility":87,"ID":3},{"utility":35,"ID":4},{"utility":60,"ID":5}],"LAST COALITION":[[],[{"utility":0,"ID":2}],[{"utility":87,"ID":3},{"utility":35,"ID":4}],[{"utility":81,"ID":1},{"utility":60,"ID":5}],[],[]],"STARTING COALITION: ":[[null],[{"utility":45.666666666666664,"ID":1},{"utility":46.333333333333336,"ID":2},{"utility":65.66666666666667,"ID":3},{"utility":22,"ID":4}],[{"utility":0,"ID":5}],[],[],[]],"CORE :":true,"LAST PARTITION":{"1":3,"2":1,"3":2,"4":2,"5":3}},{"STARTING PARTITION: ":{"1":2,"2":1,"3":2,"4":1,"5":1},"Agents":[null,{"utility":81,"ID":1},{"utility":0,"ID":2},{"utility":87,"ID":3},{"utility":35,"ID":4},{"utility":60,"ID":5}],"LAST COALITION":[[],[{"utility":0,"ID":2}],[],[{"utility":81,"ID":1},{"utility":60,"ID":5}],[{"utility":87,"ID":3},{"utility":35,"ID":4}],[]],"STARTING COALITION: ":[[null],[{"utility":68,"ID":2},{"utility":51,"ID":4},{"utility":44.5,"ID":5}],[{"utility":40,"ID":1},{"utility":24,"ID":3}],[],[],[]],"CORE :":true,"LAST PARTITION":{"1":3,"2":1,"3":4,"4":4,"5":3}},{"STARTING PARTITION: ":{"1":2,"2":1,"3":1,"4":1,"5":2},"Agents":[null,{"utility":81,"ID":1},{"utility":0,"ID":2},{"utility":87,"ID":3},{"utility":35,"ID":4},{"utility":60,"ID":5}],"LAST COALITION":[[],[{"utility":0,"ID":2}],[{"utility":81,"ID":1},{"utility":60,"ID":5}],[{"utility":87,"ID":3},{"utility":35,"ID":4}],[],[]],"STARTING COALITION: ":[[null],[{"utility":59,"ID":2},{"utility":86.5,"ID":3},{"utility":26.5,"ID":4}],[{"utility":81,"ID":1},{"utility":60,"ID":5}],[],[],[]],"CORE :":true,"LAST PARTITION":{"1":2,"2":1,"3":3,"4":3,"5":2}},{"STARTING PARTITION: ":{"1":2,"2":1,"3":1,"4":1,"5":1},"Agents":[null,{"utility":81,"ID":1},{"utility":0,"ID":2},{"utility":87,"ID":3},{"utility":35,"ID":4},{"utility":60,"ID":5}],"LAST COALITION":[[],[{"utility":0,"ID":2}],[{"utility":81,"ID":1},{"utility":60,"ID":5}],[],[{"utility":87,"ID":3},{"utility":35,"ID":4}],[]],"STARTING COALITION: ":[[null],[{"utility":71,"ID":2},{"utility":83,"ID":3},{"utility":45.666666666666664,"ID":4},{"utility":36.666666666666664,"ID":5}],[{"utility":0,"ID":1}],[],[],[]],"CORE :":true,"LAST PARTITION":{"1":2,"2":1,"3":4,"4":4,"5":2}},{"STARTING PARTITION: ":{"1":2,"2":1,"3":1,"4":1,"5":2},"Agents":[null,{"utility":81,"ID":1},{"utility":0,"ID":2},{"utility":87,"ID":3},{"utility":35,"ID":4},{"utility":60,"ID":5}],"LAST COALITION":[[],[{"utility":0,"ID":2}],[{"utility":81,"ID":1},{"utility":60,"ID":5}],[{"utility":87,"ID":3},{"utility":35,"ID":4}],[],[]],"STARTING COALITION: ":[[null],[{"utility":59,"ID":2},{"utility":86.5,"ID":3},{"utility":26.5,"ID":4}],[{"utility":81,"ID":1},{"utility":60,"ID":5}],[],[],[]],"CORE :":true,"LAST PARTITION":{"1":2,"2":1,"3":3,"4":3,"5":2}},{"STARTING PARTITION: ":{"1":2,"2":1,"3":1,"4":2,"5":1},"Agents":[null,{"utility":81,"ID":1},{"utility":0,"ID":2},{"utility":87,"ID":3},{"utility":35,"ID":4},{"utility":60,"ID":5}],"LAST COALITION":[[],[{"utility":87,"ID":3},{"utility":35,"ID":4}],[{"utility":81,"ID":1},{"utility":60,"ID":5}],[],[],[{"utility":0,"ID":2}]],"STARTING COALITION: ":[[null],[{"utility":86,"ID":2},{"utility":81,"ID":3},{"utility":35,"ID":5}],[{"utility":35,"ID":1},{"utility":13,"ID":4}],[],[],[]],"CORE :":true,"LAST PARTITION":{"1":2,"2":5,"3":1,"4":1,"5":2}},{"STARTING PARTITION: ":{"1":2,"2":2,"3":2,"4":1,"5":2},"Agents":[null,{"utility":81,"ID":1},{"utility":0,"ID":2},{"utility":87,"ID":3},{"utility":35,"ID":4},{"utility":60,"ID":5}],"LAST COALITION":[[],[{"utility":0,"ID":2}],[{"utility":81,"ID":1},{"utility":60,"ID":5}],[{"utility":87,"ID":3},{"utility":35,"ID":4}],[],[]],"STARTING COALITION: ":[[null],[{"utility":0,"ID":4}],[{"utility":61,"ID":1},{"utility":64.33333333333333,"ID":2},{"utility":62,"ID":3},{"utility":43.333333333333336,"ID":5}],[],[],[]],"CORE :":true,"LAST PARTITION":{"1":2,"2":1,"3":3,"4":3,"5":2}},{"STARTING PARTITION: ":{"1":1,"2":2,"3":2,"4":2,"5":1},"Agents":[null,{"utility":81,"ID":1},{"utility":0,"ID":2},{"utility":87,"ID":3},{"utility":35,"ID":4},{"utility":60,"ID":5}],"LAST COALITION":[[],[{"utility":81,"ID":1},{"utility":60,"ID":5}],[{"utility":0,"ID":2}],[{"utility":87,"ID":3},{"utility":35,"ID":4}],[],[]],"STARTING COALITION: ":[[null],[{"utility":81,"ID":1},{"utility":60,"ID":5}],[{"utility":59,"ID":2},{"utility":86.5,"ID":3},{"utility":26.5,"ID":4}],[],[],[]],"CORE :":true,"LAST PARTITION":{"1":1,"2":2,"3":3,"4":3,"5":1}},{"STARTING PARTITION: ":{"1":2,"2":2,"3":1,"4":2,"5":1},"Agents":[null,{"utility":81,"ID":1},{"utility":0,"ID":2},{"utility":87,"ID":3},{"utility":35,"ID":4},{"utility":60,"ID":5}],"LAST COALITION":[[],[{"utility":87,"ID":3},{"utility":35,"ID":4}],[],[{"utility":0,"ID":2}],[{"utility":81,"ID":1},{"utility":60,"ID":5}],[]],"STARTING COALITION: ":[[null],[{"utility":76,"ID":3},{"utility":21,"ID":5}],[{"utility":48.5,"ID":1},{"utility":31,"ID":2},{"utility":15.5,"ID":4}],[],[],[]],"CORE :":true,"LAST PARTITION":{"1":4,"2":3,"3":1,"4":1,"5":4}},{"STARTING PARTITION: ":{"1":1,"2":1,"3":1,"4":2,"5":2},"Agents":[null,{"utility":81,"ID":1},{"utility":0,"ID":2},{"utility":87,"ID":3},{"utility":35,"ID":4},{"utility":60,"ID":5}],"LAST COALITION":[[],[],[],[{"utility":0,"ID":2}],[{"utility":81,"ID":1},{"utility":60,"ID":5}],[{"utility":87,"ID":3},{"utility":35,"ID":4}]],"STARTING COALITION: ":[[null],[{"utility":51,"ID":1},{"utility":49,"ID":2},{"utility":55,"ID":3}],[{"utility":84,"ID":4},{"utility":40,"ID":5}],[],[],[]],"CORE :":true,"LAST PARTITION":{"1":4,"2":3,"3":5,"4":5,"5":4}},{"STARTING PARTITION: ":{"1":2,"2":1,"3":1,"4":1,"5":2},"Agents":[null,{"utility":81,"ID":1},{"utility":0,"ID":2},{"utility":87,"ID":3},{"utility":35,"ID":4},{"utility":60,"ID":5}],"LAST COALITION":[[],[{"utility":0,"ID":2}],[{"utility":81,"ID":1},{"utility":60,"ID":5}],[{"utility":87,"ID":3},{"utility":35,"ID":4}],[],[]],"STARTING COALITION: ":[[null],[{"utility":59,"ID":2},{"utility":86.5,"ID":3},{"utility":26.5,"ID":4}],[{"utility":81,"ID":1},{"utility":60,"ID":5}],[],[],[]],"CORE :":true,"LAST PARTITION":{"1":2,"2":1,"3":3,"4":3,"5":2}},{"STARTING PARTITION: ":{"1":1,"2":1,"3":2,"4":2,"5":2},"Agents":[null,{"utility":81,"ID":1},{"utility":0,"ID":2},{"utility":87,"ID":3},{"utility":35,"ID":4},{"utility":60,"ID":5}],"LAST COALITION":[[],[],[{"utility":87,"ID":3},{"utility":35,"ID":4}],[{"utility":0,"ID":2}],[{"utility":81,"ID":1},{"utility":60,"ID":5}],[]],"STARTING COALITION: ":[[null],[{"utility":62,"ID":1},{"utility":21,"ID":2}],[{"utility":81.5,"ID":3},{"utility":59.5,"ID":4},{"utility":30.5,"ID":5}],[],[],[]],"CORE :":true,"LAST PARTITION":{"1":4,"2":3,"3":2,"4":2,"5":4}},{"END OF FILE:" : true}]