[{"STARTING PARTITION: ":{"1":2,"2":2,"3":2,"4":1,"5":2},"Agents":[null,{"utility":94,"ID":1},{"utility":18,"ID":2},{"utility":74,"ID":3},{"utility":67,"ID":4},{"utility":0,"ID":5}],"LAST COALITION":[[],[{"utility":74,"ID":3},{"utility":67,"ID":4}],[],[{"utility":94,"ID":1},{"utility":18,"ID":2}],[{"utility":0,"ID":5}],[]],"STARTING COALITION: ":[[null],[{"utility":0,"ID":4}],[{"utility":53.666666666666664,"ID":1},{"utility":26.333333333333332,"ID":2},{"utility":55.666666666666664,"ID":3},{"utility":35.333333333333336,"ID":5}],[],[],[]],"CORE :":true,"LAST PARTITION":{"1":3,"2":3,"3":1,"4":1,"5":4}},{"STARTING PARTITION: ":{"1":2,"2":2,"3":2,"4":1,"5":1},"Agents":[null,{"utility":94,"ID":1},{"utility":18,"ID":2},{"utility":74,"ID":3},{"utility":67,"ID":4},{"utility":0,"ID":5}],"LAST COALITION":[[],[{"utility":0,"ID":5}],[{"utility":94,"ID":1},{"utility":18,"ID":2}],[{"utility":74,"ID":3},{"utility":67,"ID":4}],[],[]],"STARTING COALITION: ":[[null],[{"utility":28,"ID":4},{"utility":72,"ID":5}],[{"utility":75.5,"ID":1},{"utility":31,"ID":2},{"utility":58,"ID":3}],[],[],[]],"CORE :":true,"LAST PARTITION":{"1":2,"2":2,"3":3,"4":3,"5":1}},{"STARTING PARTITION: ":{"1":1,"2":1,"3":2,"4":1,"5":1},"Agents":[null,{"utility":94,"ID":1},{"utility":18,"ID":2},{"utility":74,"ID":3},{"utility":67,"ID":4},{"utility":0,"ID":5}],"LAST COALITION":[[],[{"utility":0,"ID":5}],[{"utility":74,"ID":3},{"utility":67,"ID":4}],[{"utility":94,"ID":1},{"utility":18,"ID":2}],[],[]],"STARTING COALITION: ":[[null],[{"utility":36.666666666666664,"ID":1},{"utility":43.333333333333336,"ID":2},{"utility":35.666666666666664,"ID":4},{"utility":57.333333333333336,"ID":5}],[{"utility":0,"ID":3}],[],[],[]],"CORE :":true,"LAST PARTITION":{"1":3,"2":3,"3":2,"4":2,"5":1}},{"STARTING PARTITION: ":{"1":2,"2":1,"3":1,"4":1,"5":1},"Agents":[null,{"utility":94,"ID":1},{"utility":18,"ID":2},{"utility":74,"ID":3},{"utility":67,"ID":4},{"utility":0,"ID":5}],"LAST COALITION":[[],[{"utility":74,"ID":3},{"utility":67,"ID":4}],[{"utility":94,"ID":1},{"utility":18,"ID":2}],[{"utility":0,"ID":5}],[],[]],"STARTING COALITION: ":[[null],[{"utility":52,"ID":2},{"utility":59.333333333333336,"ID":3},{"utility":45.666666666666664,"ID":4},{"utility":46,"ID":5}],[{"utility":0,"ID":1}],[],[],[]],"CORE :":true,"LAST PARTITION":{"1":2,"2":2,"3":1,"4":1,"5":3}},{"STARTING PARTITION: ":{"1":1,"2":1,"3":1,"4":2,"5":1},"Agents":[null,{"utility":94,"ID":1},{"utility":18,"ID":2},{"utility":74,"ID":3},{"utility":67,"ID":4},{"utility":0,"ID":5}],"LAST COALITION":[[],[],[],[{"utility":0,"ID":5}],[{"utility":74,"ID":3},{"utility":67,"ID":4}],[{"utility":94,"ID":1},{"utility":18,"ID":2}]],"STARTING COALITION: ":[[null],[{"utility":53.666666666666664,"ID":1},{"utility":26.333333333333332,"ID":2},{"utility":55.666666666666664,"ID":3},{"utility":35.333333333333336,"ID":5}],[{"utility":0,"ID":4}],[],[],[]],"CORE :":true,"LAST PARTITION":{"1":5,"2":5,"3":4,"4":4,"5":3}},{"STARTING PARTITION: ":{"1":1,"2":2,"3":2,"4":1,"5":2},"Agents":[null,{"utility":94,"ID":1},{"utility":18,"ID":2},{"utility":74,"ID":3},{"utility":67,"ID":4},{"utility":0,"ID":5}],"LAST COALITION":[[],[{"utility":74,"ID":3},{"utility":67,"ID":4}],[{"utility":0,"ID":5}],[{"utility":94,"ID":1},{"utility":18,"ID":2}],[],[]],"STARTING COALITION: ":[[null],[{"utility":6,"ID":1},{"utility":37,"ID":4}],[{"utility":30.5,"ID":2},{"utility":52,"ID":3},{"utility":33,"ID":5}],[],[],[]],"CORE :":true,"LAST PARTITION":{"1":3,"2":3,"3":1,"4":1,"5":2}},{"STARTING PARTITION: ":{"1":2,"2":2,"3":1,"4":2,"5":2},"Agents":[null,{"utility":94,"ID":1},{"utility":18,"ID":2},{"utility":74,"ID":3},{"utility":67,"ID":4},{"utility":0,"ID":5}],"LAST COALITION":[[],[{"utility":74,"ID":3},{"utility":67,"ID":4}],[{"utility":94,"ID":1},{"utility":18,"ID":2}],[],[],[{"utility":0,"ID":5}]],"STARTING COALITION: ":[[null],[{"utility":0,"ID":3}],[{"utility":36.666666666666664,"ID":1},{"utility":43.333333333333336,"ID":2},{"utility":35.666666666666664,"ID":4},{"utility":57.333333333333336,"ID":5}],[],[],[]],"CORE :":true,"LAST PARTITION":{"1":2,"2":2,"3":1,"4":1,"5":5}},{"STARTING PARTITION: ":{"1":1,"2":1,"3":2,"4":2,"5":1},"Agents":[null,{"utility":94,"ID":1},{"utility":18,"ID":2},{"utility":74,"ID":3},{"utility":67,"ID":4},{"utility":0,"ID":5}],"LAST COALITION":[[],[{"utility":0,"ID":5}],[{"utility":74,"ID":3},{"utility":67,"ID":4}],[{"utility":94,"ID":1},{"utility":18,"ID":2}],[],[]],"STARTING COALITION: ":[[null],[{"utility":52,"ID":1},{"utility":17.5,"ID":2},{"utility":50,"ID":5}],[{"utility":74,"ID":3},{"utility":67,"ID":4}],[],[],[]],"CORE :":true,"LAST PARTITION":{"1":3,"2":3,"3":2,"4":2,"5":1}},{"STARTING PARTITION: ":{"1":1,"2":2,"3":2,"4":1,"5":1},"Agents":[null,{"utility":94,"ID":1},{"utility":18,"ID":2},{"utility":74,"ID":3},{"utility":67,"ID":4},{"utility":0,"ID":5}],"LAST COALITION":[[],[{"utility":94,"ID":1},{"utility":18,"ID":2}],[{"utility":74,"ID":3},{"utility":67,"ID":4}],[],[{"utility":0,"ID":5}],[]],"STARTING COALITION: ":[[null],[{"utility":8,"ID":1},{"utility":32.5,"ID":4},{"utility":56,"ID":5}],[{"utility":44,"ID":2},{"utility":53,"ID":3}],[],[],[]],"CORE :":true,"LAST PARTITION":{"1":1,"2":1,"3":2,"4":2,"5":4}},{"STARTING PARTITION: ":{"1":2,"2":2,"3":1,"4":2,"5":1},"Agents":[null,{"utility":94,"ID":1},{"utility":18,"ID":2},{"utility":74,"ID":3},{"utility":67,"ID":4},{"utility":0,"ID":5}],"LAST COALITION":[[],[{"utility":0,"ID":5}],[{"utility":94,"ID":1},{"utility":18,"ID":2}],[{"utility":74,"ID":3},{"utility":67,"ID":4}],[],[]],"STARTING COALITION: ":[[null],[{"utility":51,"ID":3},{"utility":6,"ID":5}],[{"utility":50,"ID":1},{"utility":56.5,"ID":2},{"utility":39.5,"ID":4}],[],[],[]],"CORE :":true,"LAST PARTITION":{"1":2,"2":2,"3":3,"4":3,"5":1}},{"STARTING PARTITION: ":{"1":2,"2":1,"3":1,"4":2,"5":2},"Agents":[null,{"utility":94,"ID":1},{"utility":18,"ID":2},{"utility":74,"ID":3},{"utility":67,"ID":4},{"utility":0,"ID":5}],"LAST COALITION":[[],[],[{"utility":94,"ID":1},{"utility":18,"ID":2}],[{"utility":74,"ID":3},{"utility":67,"ID":4}],[{"utility":0,"ID":5}],[]],"STARTING COALITION: ":[[null],[{"utility":44,"ID":2},{"utility":53,"ID":3}],[{"utility":8,"ID":1},{"utility":32.5,"ID":4},{"utility":56,"ID":5}],[],[],[]],"CORE :":true,"LAST PARTITION":{"1":2,"2":2,"3":3,"4":3,"5":4}},{"STARTING PARTITION: ":{"1":2,"2":2,"3":2,"4":2,"5":2},"Agents":[null,{"utility":94,"ID":1},{"utility":18,"ID":2},{"utility":74,"ID":3},{"utility":67,"ID":4},{"utility":0,"ID":5}],"LAST COALITION":[[],[],[{"utility":0,"ID":5}],[{"utility":74,"ID":3},{"utility":67,"ID":4}],[{"utility":94,"ID":1},{"utility":18,"ID":2}],[]],"STARTING COALITION: ":[[null],[],[{"utility":41.75,"ID":1},{"utility":43.5,"ID":2},{"utility":60.25,"ID":3},{"utility":43.5,"ID":4},{"utility":44.5,"ID":5}],[],[],[]],"CORE :":true,"LAST PARTITION":{"1":4,"2":4,"3":3,"4":3,"5":2}},{"STARTING PARTITION: ":{"1":2,"2":2,"3":2,"4":1,"5":2},"Agents":[null,{"utility":94,"ID":1},{"utility":18,"ID":2},{"utility":74,"ID":3},{"utility":67,"ID":4},{"utility":0,"ID":5}],"LAST COALITION":[[],[{"utility":74,"ID":3},{"utility":67,"ID":4}],[{"utility":94,"ID":1},{"utility":18,"ID":2}],[],[],[{"utility":0,"ID":5}]],"STARTING COALITION: ":[[null],[{"utility":0,"ID":4}],[{"utility":53.666666666666664,"ID":1},{"utility":26.333333333333332,"ID":2},{"utility":55.666666666666664,"ID":3},{"utility":35.333333333333336,"ID":5}],[],[],[]],"CORE :":true,"LAST PARTITION":{"1":2,"2":2,"3":1,"4":1,"5":5}},{"STARTING PARTITION: ":{"1":1,"2":1,"3":2,"4":2,"5":1},"Agents":[null,{"utility":94,"ID":1},{"utility":18,"ID":2},{"utility":74,"ID":3},{"utility":67,"ID":4},{"utility":0,"ID":5}],"LAST COALITION":[[],[{"utility":0,"ID":5}],[{"utility":74,"ID":3},{"utility":67,"ID":4}],[{"utility":94,"ID":1},{"utility":18,"ID":2}],[],[]],"STARTING COALITION: ":[[null],[{"utility":52,"ID":1},{"utility":17.5,"ID":2},{"utility":50,"ID":5}],[{"utility":74,"ID":3},{"utility":67,"ID":4}],[],[],[]],"CORE :":true,"LAST PARTITION":{"1":3,"2":3,"3":2,"4":2,"5":1}},{"STARTING PARTITION: ":{"1":2,"2":1,"3":1,"4":2,"5":1},"Agents":[null,{"utility":94,"ID":1},{"utility":18,"ID":2},{"utility":74,"ID":3},{"utility":67,"ID":4},{"utility":0,"ID":5}],"LAST COALITION":[[],[{"utility":0,"ID":5}],[],[],[{"utility":74,"ID":3},{"utility":67,"ID":4}],[{"utility":94,"ID":1},{"utility":18,"ID":2}]],"STARTING COALITION: ":[[null],[{"utility":30.5,"ID":2},{"utility":52,"ID":3},{"utility":33,"ID":5}],[{"utility":6,"ID":1},{"utility":37,"ID":4}],[],[],[]],"CORE :":true,"LAST PARTITION":{"1":5,"2":5,"3":4,"4":4,"5":1}},{"STARTING PARTITION: ":{"1":1,"2":2,"3":2,"4":1,"5":1},"Agents":[null,{"utility":94,"ID":1},{"utility":18,"ID":2},{"utility":74,"ID":3},{"utility":67,"ID":4},{"utility":0,"ID":5}],"LAST COALITION":[[],[],[{"utility":94,"ID":1},{"utility":18,"ID":2}],[{"utility":74,"ID":3},{"utility":67,"ID":4}],[{"utility":0,"ID":5}],[]],"STARTING COALITION: ":[[null],[{"utility":8,"ID":1},{"utility":32.5,"ID":4},{"utility":56,"ID":5}],[{"utility":44,"ID":2},{"utility":53,"ID":3}],[],[],[]],"CORE :":true,"LAST PARTITION":{"1":2,"2":2,"3":3,"4":3,"5":4}},{"STARTING PARTITION: ":{"1":2,"2":2,"3":2,"4":1,"5":2},"Agents":[null,{"utility":94,"ID":1},{"utility":18,"ID":2},{"utility":74,"ID":3},{"utility":67,"ID":4},{"utility":0,"ID":5}],"LAST COALITION":[[],[{"utility":94,"ID":1},{"utility":18,"ID":2}],[{"utility":0,"ID":5}],[{"utility":74,"ID":3},{"utility":67,"ID":4}],[],[]],"STARTING COALITION: ":[[null],[{"utility":0,"ID":4}],[{"utility":53.666666666666664,"ID":1},{"utility":26.333333333333332,"ID":2},{"utility":55.666666666666664,"ID":3},{"utility":35.333333333333336,"ID":5}],[],[],[]],"CORE :":true,"LAST PARTITION":{"1":1,"2":1,"3":3,"4":3,"5":2}},{"STARTING PARTITION: ":{"1":2,"2":1,"3":1,"4":1,"5":2},"Agents":[null,{"utility":94,"ID":1},{"utility":18,"ID":2},{"utility":74,"ID":3},{"utility":67,"ID":4},{"utility":0,"ID":5}],"LAST COALITION":[[],[{"utility":94,"ID":1},{"utility":18,"ID":2}],[],[{"utility":74,"ID":3},{"utility":67,"ID":4}],[{"utility":0,"ID":5}],[]],"STARTING COALITION: ":[[null],[{"utility":69.5,"ID":2},{"utility":63.5,"ID":3},{"utility":54.5,"ID":4}],[{"utility":10,"ID":1},{"utility":40,"ID":5}],[],[],[]],"CORE :":true,"LAST PARTITION":{"1":1,"2":1,"3":3,"4":3,"5":4}},{"STARTING PARTITION: ":{"1":2,"2":1,"3":2,"4":1,"5":2},"Agents":[null,{"utility":94,"ID":1},{"utility":18,"ID":2},{"utility":74,"ID":3},{"utility":67,"ID":4},{"utility":0,"ID":5}],"LAST COALITION":[[],[],[{"utility":94,"ID":1},{"utility":18,"ID":2}],[],[{"utility":74,"ID":3},{"utility":67,"ID":4}],[{"utility":0,"ID":5}]],"STARTING COALITION: ":[[null],[{"utility":95,"ID":2},{"utility":42,"ID":4}],[{"utility":33.5,"ID":1},{"utility":57,"ID":3},{"utility":23,"ID":5}],[],[],[]],"CORE :":true,"LAST PARTITION":{"1":2,"2":2,"3":4,"4":4,"5":5}},{"STARTING PARTITION: ":{"1":1,"2":1,"3":1,"4":2,"5":2},"Agents":[null,{"utility":94,"ID":1},{"utility":18,"ID":2},{"utility":74,"ID":3},{"utility":67,"ID":4},{"utility":0,"ID":5}],"LAST COALITION":[[],[],[{"utility":94,"ID":1},{"utility":18,"ID":2}],[],[{"utility":74,"ID":3},{"utility":67,"ID":4}],[{"utility":0,"ID":5}]],"STARTING COALITION: ":[[null],[{"utility":75.5,"ID":1},{"utility":31,"ID":2},{"utility":58,"ID":3}],[{"utility":28,"ID":4},{"utility":72,"ID":5}],[],[],[]],"CORE :":true,"LAST PARTITION":{"1":2,"2":2,"3":4,"4":4,"5":5}},{"END OF FILE:" : true}]