[{"STARTING PARTITION: ":{"1":2,"2":1,"3":2,"4":1,"5":2},"Agents":[null,{"utility":0,"ID":1},{"utility":96,"ID":2},{"utility":61,"ID":3},{"utility":99,"ID":4},{"utility":16,"ID":5}],"LAST COALITION":[[],[{"utility":96,"ID":2},{"utility":99,"ID":4}],[{"utility":0,"ID":1}],[{"utility":61,"ID":3},{"utility":16,"ID":5}],[],[]],"STARTING COALITION: ":[[null],[{"utility":96,"ID":2},{"utility":99,"ID":4}],[{"utility":40,"ID":1},{"utility":56.5,"ID":3},{"utility":14.5,"ID":5}],[],[],[]],"CORE :":true,"LAST PARTITION":{"1":2,"2":1,"3":3,"4":1,"5":3}},{"STARTING PARTITION: ":{"1":1,"2":1,"3":2,"4":2,"5":1},"Agents":[null,{"utility":0,"ID":1},{"utility":96,"ID":2},{"utility":61,"ID":3},{"utility":99,"ID":4},{"utility":16,"ID":5}],"LAST COALITION":[[],[{"utility":0,"ID":1}],[],[{"utility":96,"ID":2},{"utility":99,"ID":4}],[{"utility":61,"ID":3},{"utility":16,"ID":5}],[]],"STARTING COALITION: ":[[null],[{"utility":57.5,"ID":1},{"utility":90,"ID":2},{"utility":35,"ID":5}],[{"utility":71,"ID":3},{"utility":42,"ID":4}],[],[],[]],"CORE :":true,"LAST PARTITION":{"1":1,"2":3,"3":4,"4":3,"5":4}},{"STARTING PARTITION: ":{"1":2,"2":1,"3":1,"4":2,"5":2},"Agents":[null,{"utility":0,"ID":1},{"utility":96,"ID":2},{"utility":61,"ID":3},{"utility":99,"ID":4},{"utility":16,"ID":5}],"LAST COALITION":[[],[],[{"utility":0,"ID":1}],[{"utility":96,"ID":2},{"utility":99,"ID":4}],[{"utility":61,"ID":3},{"utility":16,"ID":5}],[]],"STARTING COALITION: ":[[null],[{"utility":93,"ID":2},{"utility":59,"ID":3}],[{"utility":82,"ID":1},{"utility":77,"ID":4},{"utility":49.5,"ID":5}],[],[],[]],"CORE :":true,"LAST PARTITION":{"1":2,"2":3,"3":4,"4":3,"5":4}},{"STARTING PARTITION: ":{"1":2,"2":1,"3":1,"4":1,"5":1},"Agents":[null,{"utility":37,"ID":1},{"utility":96,"ID":2},{"utility":0,"ID":3},{"utility":90,"ID":4},{"utility":86,"ID":5}],"LAST COALITION":[[],[{"utility":0,"ID":3}],[{"utility":90,"ID":4},{"utility":86,"ID":5}],[{"utility":37,"ID":1},{"utility":96,"ID":2}],[],[]],"STARTING COALITION: ":[[null],[{"utility":91,"ID":2},{"utility":63.666666666666664,"ID":3},{"utility":77,"ID":4},{"utility":53,"ID":5}],[{"utility":0,"ID":1}],[],[],[]],"CORE :":true,"LAST PARTITION":{"1":3,"2":3,"3":1,"4":2,"5":2}},{"STARTING PARTITION: ":{"1":1,"2":1,"3":2,"4":2,"5":2},"Agents":[null,{"utility":37,"ID":1},{"utility":96,"ID":2},{"utility":0,"ID":3},{"utility":90,"ID":4},{"utility":86,"ID":5}],"LAST COALITION":[[],[{"utility":37,"ID":1},{"utility":96,"ID":2}],[{"utility":0,"ID":3}],[{"utility":90,"ID":4},{"utility":86,"ID":5}],[],[]],"STARTING COALITION: ":[[null],[{"utility":37,"ID":1},{"utility":96,"ID":2}],[{"utility":66,"ID":3},{"utility":66,"ID":4},{"utility":51,"ID":5}],[],[],[]],"CORE :":true,"LAST PARTITION":{"1":1,"2":1,"3":2,"4":3,"5":3}},{"STARTING PARTITION: ":{"1":1,"2":2,"3":1,"4":2,"5":2},"Agents":[null,{"utility":37,"ID":1},{"utility":96,"ID":2},{"utility":0,"ID":3},{"utility":90,"ID":4},{"utility":86,"ID":5}],"LAST COALITION":[[],[{"utility":0,"ID":3}],[{"utility":90,"ID":4},{"utility":86,"ID":5}],[{"utility":37,"ID":1},{"utility":96,"ID":2}],[],[]],"STARTING COALITION: ":[[null],[{"utility":2,"ID":1},{"utility":52,"ID":3}],[{"utility":90,"ID":2},{"utility":94.5,"ID":4},{"utility":71.5,"ID":5}],[],[],[]],"CORE :":true,"LAST PARTITION":{"1":3,"2":3,"3":1,"4":2,"5":2}},{"STARTING PARTITION: ":{"1":1,"2":1,"3":1,"4":2,"5":1},"Agents":[null,{"utility":0,"ID":1},{"utility":96,"ID":2},{"utility":61,"ID":3},{"utility":99,"ID":4},{"utility":16,"ID":5}],"LAST COALITION":[[],[{"utility":61,"ID":3},{"utility":16,"ID":5}],[{"utility":96,"ID":2},{"utility":99,"ID":4}],[{"utility":0,"ID":1}],[],[]],"STARTING COALITION: ":[[null],[{"utility":39,"ID":1},{"utility":91,"ID":2},{"utility":57.333333333333336,"ID":3},{"utility":28.666666666666668,"ID":5}],[{"utility":0,"ID":4}],[],[],[]],"CORE :":true,"LAST PARTITION":{"1":3,"2":2,"3":1,"4":2,"5":1}},{"STARTING PARTITION: ":{"1":1,"2":2,"3":2,"4":2,"5":2},"Agents":[null,{"utility":37,"ID":1},{"utility":96,"ID":2},{"utility":0,"ID":3},{"utility":90,"ID":4},{"utility":86,"ID":5}],"LAST COALITION":[[],[{"utility":90,"ID":4},{"utility":86,"ID":5}],[{"utility":0,"ID":3}],[{"utility":37,"ID":1},{"utility":96,"ID":2}],[],[]],"STARTING COALITION: ":[[null],[{"utility":0,"ID":1}],[{"utility":91,"ID":2},{"utility":63.666666666666664,"ID":3},{"utility":77,"ID":4},{"utility":53,"ID":5}],[],[],[]],"CORE :":true,"LAST PARTITION":{"1":3,"2":3,"3":2,"4":1,"5":1}},{"STARTING PARTITION: ":{"1":2,"2":1,"3":1,"4":1,"5":2},"Agents":[null,{"utility":0,"ID":1},{"utility":96,"ID":2},{"utility":61,"ID":3},{"utility":99,"ID":4},{"utility":16,"ID":5}],"LAST COALITION":[[],[],[{"utility":96,"ID":2},{"utility":99,"ID":4}],[{"utility":0,"ID":1}],[{"utility":61,"ID":3},{"utility":16,"ID":5}],[]],"STARTING COALITION: ":[[null],[{"utility":94.5,"ID":2},{"utility":65,"ID":3},{"utility":70.5,"ID":4}],[{"utility":78,"ID":1},{"utility":13,"ID":5}],[],[],[]],"CORE :":true,"LAST PARTITION":{"1":3,"2":2,"3":4,"4":2,"5":4}},{"STARTING PARTITION: ":{"1":1,"2":1,"3":1,"4":1,"5":2},"Agents":[null,{"utility":0,"ID":1},{"utility":96,"ID":2},{"utility":61,"ID":3},{"utility":99,"ID":4},{"utility":16,"ID":5}],"LAST COALITION":[[],[],[{"utility":96,"ID":2},{"utility":99,"ID":4}],[{"utility":0,"ID":1}],[{"utility":61,"ID":3},{"utility":16,"ID":5}],[]],"STARTING COALITION: ":[[null],[{"utility":41.666666666666664,"ID":1},{"utility":95,"ID":2},{"utility":60.666666666666664,"ID":3},{"utility":68.33333333333333,"ID":4}],[{"utility":0,"ID":5}],[],[],[]],"CORE :":true,"LAST PARTITION":{"1":3,"2":2,"3":4,"4":2,"5":4}},{"STARTING PARTITION: ":{"1":2,"2":1,"3":1,"4":2,"5":2},"Agents":[null,{"utility":0,"ID":1},{"utility":96,"ID":2},{"utility":61,"ID":3},{"utility":99,"ID":4},{"utility":16,"ID":5}],"LAST COALITION":[[],[],[{"utility":0,"ID":1}],[{"utility":96,"ID":2},{"utility":99,"ID":4}],[{"utility":61,"ID":3},{"utility":16,"ID":5}],[]],"STARTING COALITION: ":[[null],[{"utility":93,"ID":2},{"utility":59,"ID":3}],[{"utility":82,"ID":1},{"utility":77,"ID":4},{"utility":49.5,"ID":5}],[],[],[]],"CORE :":true,"LAST PARTITION":{"1":2,"2":3,"3":4,"4":3,"5":4}},{"STARTING PARTITION: ":{"1":1,"2":2,"3":1,"4":2,"5":1},"Agents":[null,{"utility":0,"ID":1},{"utility":96,"ID":2},{"utility":61,"ID":3},{"utility":99,"ID":4},{"utility":16,"ID":5}],"LAST COALITION":[[],[{"utility":0,"ID":1}],[{"utility":96,"ID":2},{"utility":99,"ID":4}],[{"utility":61,"ID":3},{"utility":16,"ID":5}],[],[]],"STARTING COALITION: ":[[null],[{"utility":40,"ID":1},{"utility":56.5,"ID":3},{"utility":14.5,"ID":5}],[{"utility":96,"ID":2},{"utility":99,"ID":4}],[],[],[]],"CORE :":true,"LAST PARTITION":{"1":1,"2":2,"3":3,"4":2,"5":3}},{"STARTING PARTITION: ":{"1":2,"2":1,"3":1,"4":2,"5":2},"Agents":[null,{"utility":37,"ID":1},{"utility":96,"ID":2},{"utility":0,"ID":3},{"utility":90,"ID":4},{"utility":86,"ID":5}],"LAST COALITION":[[],[{"utility":0,"ID":3}],[],[{"utility":90,"ID":4},{"utility":86,"ID":5}],[{"utility":37,"ID":1},{"utility":96,"ID":2}],[]],"STARTING COALITION: ":[[null],[{"utility":93,"ID":2},{"utility":59,"ID":3}],[{"utility":82,"ID":1},{"utility":77,"ID":4},{"utility":49.5,"ID":5}],[],[],[]],"CORE :":true,"LAST PARTITION":{"1":4,"2":4,"3":1,"4":3,"5":3}},{"STARTING PARTITION: ":{"1":2,"2":2,"3":2,"4":1,"5":1},"Agents":[null,{"utility":37,"ID":1},{"utility":96,"ID":2},{"utility":0,"ID":3},{"utility":90,"ID":4},{"utility":86,"ID":5}],"LAST COALITION":[[],[{"utility":90,"ID":4},{"utility":86,"ID":5}],[{"utility":0,"ID":3}],[{"utility":37,"ID":1},{"utility":96,"ID":2}],[],[]],"STARTING COALITION: ":[[null],[{"utility":90,"ID":4},{"utility":86,"ID":5}],[{"utility":19.5,"ID":1},{"utility":94.5,"ID":2},{"utility":55.5,"ID":3}],[],[],[]],"CORE :":true,"LAST PARTITION":{"1":3,"2":3,"3":2,"4":1,"5":1}},{"STARTING PARTITION: ":{"1":1,"2":2,"3":1,"4":2,"5":1},"Agents":[null,{"utility":0,"ID":1},{"utility":96,"ID":2},{"utility":61,"ID":3},{"utility":99,"ID":4},{"utility":16,"ID":5}],"LAST COALITION":[[],[{"utility":0,"ID":1}],[{"utility":96,"ID":2},{"utility":99,"ID":4}],[{"utility":61,"ID":3},{"utility":16,"ID":5}],[],[]],"STARTING COALITION: ":[[null],[{"utility":40,"ID":1},{"utility":56.5,"ID":3},{"utility":14.5,"ID":5}],[{"utility":96,"ID":2},{"utility":99,"ID":4}],[],[],[]],"CORE :":true,"LAST PARTITION":{"1":1,"2":2,"3":3,"4":2,"5":3}},{"STARTING PARTITION: ":{"1":2,"2":1,"3":2,"4":1,"5":1},"Agents":[null,{"utility":37,"ID":1},{"utility":96,"ID":2},{"utility":0,"ID":3},{"utility":90,"ID":4},{"utility":86,"ID":5}],"LAST COALITION":[[],[{"utility":90,"ID":4},{"utility":86,"ID":5}],[{"utility":0,"ID":3}],[{"utility":37,"ID":1},{"utility":96,"ID":2}],[],[]],"STARTING COALITION: ":[[null],[{"utility":90,"ID":2},{"utility":94.5,"ID":4},{"utility":71.5,"ID":5}],[{"utility":2,"ID":1},{"utility":52,"ID":3}],[],[],[]],"CORE :":true,"LAST PARTITION":{"1":3,"2":3,"3":2,"4":1,"5":1}},{"STARTING PARTITION: ":{"1":2,"2":2,"3":1,"4":2,"5":2},"Agents":[null,{"utility":0,"ID":1},{"utility":96,"ID":2},{"utility":61,"ID":3},{"utility":99,"ID":4},{"utility":16,"ID":5}],"LAST COALITION":[[],[{"utility":61,"ID":3},{"utility":16,"ID":5}],[],[],[{"utility":96,"ID":2},{"utility":99,"ID":4}],[{"utility":0,"ID":1}]],"STARTING COALITION: ":[[null],[{"utility":0,"ID":3}],[{"utility":67,"ID":1},{"utility":92,"ID":2},{"utility":84.33333333333333,"ID":4},{"utility":52,"ID":5}],[],[],[]],"CORE :":true,"LAST PARTITION":{"1":5,"2":4,"3":1,"4":4,"5":1}},{"STARTING PARTITION: ":{"1":2,"2":2,"3":1,"4":1,"5":2},"Agents":[null,{"utility":0,"ID":1},{"utility":96,"ID":2},{"utility":61,"ID":3},{"utility":99,"ID":4},{"utility":16,"ID":5}],"LAST COALITION":[[],[],[{"utility":0,"ID":1}],[{"utility":96,"ID":2},{"utility":99,"ID":4}],[{"utility":61,"ID":3},{"utility":16,"ID":5}],[]],"STARTING COALITION: ":[[null],[{"utility":71,"ID":3},{"utility":42,"ID":4}],[{"utility":57.5,"ID":1},{"utility":90,"ID":2},{"utility":35,"ID":5}],[],[],[]],"CORE :":true,"LAST PARTITION":{"1":2,"2":3,"3":4,"4":3,"5":4}},{"STARTING PARTITION: ":{"1":1,"2":2,"3":1,"4":2,"5":2},"Agents":[null,{"utility":37,"ID":1},{"utility":96,"ID":2},{"utility":0,"ID":3},{"utility":90,"ID":4},{"utility":86,"ID":5}],"LAST COALITION":[[],[{"utility":0,"ID":3}],[{"utility":90,"ID":4},{"utility":86,"ID":5}],[{"utility":37,"ID":1},{"utility":96,"ID":2}],[],[]],"STARTING COALITION: ":[[null],[{"utility":2,"ID":1},{"utility":52,"ID":3}],[{"utility":90,"ID":2},{"utility":94.5,"ID":4},{"utility":71.5,"ID":5}],[],[],[]],"CORE :":true,"LAST PARTITION":{"1":3,"2":3,"3":1,"4":2,"5":2}},{"STARTING PARTITION: ":{"1":2,"2":1,"3":2,"4":1,"5":2},"Agents":[null,{"utility":0,"ID":1},{"utility":96,"ID":2},{"utility":61,"ID":3},{"utility":99,"ID":4},{"utility":16,"ID":5}],"LAST COALITION":[[],[{"utility":96,"ID":2},{"utility":99,"ID":4}],[{"utility":0,"ID":1}],[{"utility":61,"ID":3},{"utility":16,"ID":5}],[],[]],"STARTING COALITION: ":[[null],[{"utility":96,"ID":2},{"utility":99,"ID":4}],[{"utility":40,"ID":1},{"utility":56.5,"ID":3},{"utility":14.5,"ID":5}],[],[],[]],"CORE :":true,"LAST PARTITION":{"1":2,"2":1,"3":3,"4":1,"5":3}},{"END OF FILE:" : true}]