[{"STARTING PARTITION: ":{"1":1,"2":1,"3":1,"4":1,"5":2},"Agents":[null,{"utility":58,"ID":1},{"utility":63,"ID":2},{"utility":73,"ID":3},{"utility":69.5,"ID":4},{"utility":67,"ID":5}],"LAST COALITION":[[],[{"utility":58,"ID":1},{"utility":63,"ID":2},{"utility":69.5,"ID":4}],[],[{"utility":73,"ID":3},{"utility":67,"ID":5}],[],[]],"STARTING COALITION: ":[[null],[{"utility":51.666666666666664,"ID":1},{"utility":70.33333333333333,"ID":2},{"utility":42.666666666666664,"ID":3},{"utility":73.33333333333333,"ID":4}],[{"utility":0,"ID":5}],[],[],[]],"CORE :":true,"LAST PARTITION":{"1":1,"2":1,"3":3,"4":1,"5":3}},{"STARTING PARTITION: ":{"1":2,"2":1,"3":1,"4":2,"5":2},"Agents":[null,{"utility":58,"ID":1},{"utility":63,"ID":2},{"utility":73,"ID":3},{"utility":69.5,"ID":4},{"utility":67,"ID":5}],"LAST COALITION":[[],[{"utility":58,"ID":1},{"utility":63,"ID":2},{"utility":69.5,"ID":4}],[{"utility":73,"ID":3},{"utility":67,"ID":5}],[],[],[]],"STARTING COALITION: ":[[null],[{"utility":85,"ID":2},{"utility":22,"ID":3}],[{"utility":50,"ID":1},{"utility":48.5,"ID":4},{"utility":74,"ID":5}],[],[],[]],"CORE :":true,"LAST PARTITION":{"1":1,"2":1,"3":2,"4":1,"5":2}},{"STARTING PARTITION: ":{"1":1,"2":1,"3":1,"4":2,"5":1},"Agents":[null,{"utility":58,"ID":1},{"utility":63,"ID":2},{"utility":73,"ID":3},{"utility":69.5,"ID":4},{"utility":67,"ID":5}],"LAST COALITION":[[],[],[{"utility":58,"ID":1},{"utility":63,"ID":2},{"utility":69.5,"ID":4}],[{"utility":73,"ID":3},{"utility":67,"ID":5}],[],[]],"STARTING COALITION: ":[[null],[{"utility":33.666666666666664,"ID":1},{"utility":70.33333333333333,"ID":2},{"utility":55.666666666666664,"ID":3},{"utility":62.666666666666664,"ID":5}],[{"utility":0,"ID":4}],[],[],[]],"CORE :":true,"LAST PARTITION":{"1":2,"2":2,"3":3,"4":2,"5":3}},{"STARTING PARTITION: ":{"1":1,"2":1,"3":2,"4":1,"5":1},"Agents":[null,{"utility":58,"ID":1},{"utility":63,"ID":2},{"utility":73,"ID":3},{"utility":69.5,"ID":4},{"utility":67,"ID":5}],"LAST COALITION":[[],[{"utility":58,"ID":1},{"utility":63,"ID":2},{"utility":69.5,"ID":4}],[],[{"utility":73,"ID":3},{"utility":67,"ID":5}],[],[]],"STARTING COALITION: ":[[null],[{"utility":46.333333333333336,"ID":1},{"utility":53,"ID":2},{"utility":60,"ID":4},{"utility":58,"ID":5}],[{"utility":0,"ID":3}],[],[],[]],"CORE :":true,"LAST PARTITION":{"1":1,"2":1,"3":3,"4":1,"5":3}},{"STARTING PARTITION: ":{"1":2,"2":1,"3":2,"4":2,"5":1},"Agents":[null,{"utility":58,"ID":1},{"utility":63,"ID":2},{"utility":73,"ID":3},{"utility":69.5,"ID":4},{"utility":67,"ID":5}],"LAST COALITION":[[],[{"utility":73,"ID":3},{"utility":67,"ID":5}],[],[{"utility":58,"ID":1},{"utility":63,"ID":2},{"utility":69.5,"ID":4}],[],[]],"STARTING COALITION: ":[[null],[{"utility":33,"ID":2},{"utility":26,"ID":5}],[{"utility":58,"ID":1},{"utility":53,"ID":3},{"utility":68.5,"ID":4}],[],[],[]],"CORE :":true,"LAST PARTITION":{"1":3,"2":3,"3":1,"4":3,"5":1}},{"STARTING PARTITION: ":{"1":1,"2":2,"3":1,"4":2,"5":2},"Agents":[null,{"utility":58,"ID":1},{"utility":63,"ID":2},{"utility":73,"ID":3},{"utility":69.5,"ID":4},{"utility":67,"ID":5}],"LAST COALITION":[[],[{"utility":73,"ID":3},{"utility":67,"ID":5}],[],[],[{"utility":58,"ID":1},{"utility":63,"ID":2},{"utility":69.5,"ID":4}],[]],"STARTING COALITION: ":[[null],[{"utility":39,"ID":1},{"utility":72,"ID":3}],[{"utility":33,"ID":2},{"utility":62,"ID":4},{"utility":39.5,"ID":5}],[],[],[]],"CORE :":true,"LAST PARTITION":{"1":4,"2":4,"3":1,"4":4,"5":1}},{"STARTING PARTITION: ":{"1":2,"2":2,"3":1,"4":1,"5":1},"Agents":[null,{"utility":58,"ID":1},{"utility":63,"ID":2},{"utility":73,"ID":3},{"utility":69.5,"ID":4},{"utility":67,"ID":5}],"LAST COALITION":[[],[{"utility":58,"ID":1},{"utility":63,"ID":2},{"utility":69.5,"ID":4}],[{"utility":73,"ID":3},{"utility":67,"ID":5}],[],[],[]],"STARTING COALITION: ":[[null],[{"utility":53.5,"ID":3},{"utility":61,"ID":4},{"utility":60,"ID":5}],[{"utility":39,"ID":1},{"utility":93,"ID":2}],[],[],[]],"CORE :":true,"LAST PARTITION":{"1":1,"2":1,"3":2,"4":1,"5":2}},{"STARTING PARTITION: ":{"1":2,"2":1,"3":1,"4":1,"5":2},"Agents":[null,{"utility":58,"ID":1},{"utility":63,"ID":2},{"utility":73,"ID":3},{"utility":69.5,"ID":4},{"utility":67,"ID":5}],"LAST COALITION":[[],[{"utility":58,"ID":1},{"utility":63,"ID":2},{"utility":69.5,"ID":4}],[],[],[{"utility":73,"ID":3},{"utility":67,"ID":5}],[]],"STARTING COALITION: ":[[null],[{"utility":59,"ID":2},{"utility":28,"ID":3},{"utility":82,"ID":4}],[{"utility":23,"ID":1},{"utility":95,"ID":5}],[],[],[]],"CORE :":true,"LAST PARTITION":{"1":1,"2":1,"3":4,"4":1,"5":4}},{"STARTING PARTITION: ":{"1":1,"2":2,"3":1,"4":1,"5":1},"Agents":[null,{"utility":58,"ID":1},{"utility":63,"ID":2},{"utility":73,"ID":3},{"utility":69.5,"ID":4},{"utility":67,"ID":5}],"LAST COALITION":[[],[{"utility":73,"ID":3},{"utility":67,"ID":5}],[],[{"utility":58,"ID":1},{"utility":63,"ID":2},{"utility":69.5,"ID":4}],[],[]],"STARTING COALITION: ":[[null],[{"utility":46.333333333333336,"ID":1},{"utility":59.666666666666664,"ID":3},{"utility":59.333333333333336,"ID":4},{"utility":71.66666666666667,"ID":5}],[{"utility":0,"ID":2}],[],[],[]],"CORE :":true,"LAST PARTITION":{"1":3,"2":3,"3":1,"4":3,"5":1}},{"STARTING PARTITION: ":{"1":1,"2":2,"3":2,"4":2,"5":1},"Agents":[null,{"utility":58,"ID":1},{"utility":63,"ID":2},{"utility":73,"ID":3},{"utility":69.5,"ID":4},{"utility":67,"ID":5}],"LAST COALITION":[[],[{"utility":58,"ID":1},{"utility":63,"ID":2},{"utility":69.5,"ID":4}],[{"utility":73,"ID":3},{"utility":67,"ID":5}],[],[],[]],"STARTING COALITION: ":[[null],[{"utility":23,"ID":1},{"utility":95,"ID":5}],[{"utility":59,"ID":2},{"utility":28,"ID":3},{"utility":82,"ID":4}],[],[],[]],"CORE :":true,"LAST PARTITION":{"1":1,"2":1,"3":2,"4":1,"5":2}},{"STARTING PARTITION: ":{"1":1,"2":1,"3":2,"4":1,"5":1},"Agents":[null,{"utility":58,"ID":1},{"utility":63,"ID":2},{"utility":73,"ID":3},{"utility":69.5,"ID":4},{"utility":67,"ID":5}],"LAST COALITION":[[],[{"utility":58,"ID":1},{"utility":63,"ID":2},{"utility":69.5,"ID":4}],[],[{"utility":73,"ID":3},{"utility":67,"ID":5}],[],[]],"STARTING COALITION: ":[[null],[{"utility":46.333333333333336,"ID":1},{"utility":53,"ID":2},{"utility":60,"ID":4},{"utility":58,"ID":5}],[{"utility":0,"ID":3}],[],[],[]],"CORE :":true,"LAST PARTITION":{"1":1,"2":1,"3":3,"4":1,"5":3}},{"STARTING PARTITION: ":{"1":2,"2":1,"3":1,"4":2,"5":1},"Agents":[null,{"utility":58,"ID":1},{"utility":63,"ID":2},{"utility":73,"ID":3},{"utility":69.5,"ID":4},{"utility":67,"ID":5}],"LAST COALITION":[[],[{"utility":73,"ID":3},{"utility":67,"ID":5}],[],[{"utility":58,"ID":1},{"utility":63,"ID":2},{"utility":69.5,"ID":4}],[],[]],"STARTING COALITION: ":[[null],[{"utility":59,"ID":2},{"utility":47.5,"ID":3},{"utility":46.5,"ID":5}],[{"utility":77,"ID":1},{"utility":56,"ID":4}],[],[],[]],"CORE :":true,"LAST PARTITION":{"1":3,"2":3,"3":1,"4":3,"5":1}},{"STARTING PARTITION: ":{"1":2,"2":1,"3":2,"4":1,"5":1},"Agents":[null,{"utility":58,"ID":1},{"utility":63,"ID":2},{"utility":73,"ID":3},{"utility":69.5,"ID":4},{"utility":67,"ID":5}],"LAST COALITION":[[],[],[{"utility":58,"ID":1},{"utility":63,"ID":2},{"utility":69.5,"ID":4}],[],[],[{"utility":73,"ID":3},{"utility":67,"ID":5}]],"STARTING COALITION: ":[[null],[{"utility":33,"ID":2},{"utility":62,"ID":4},{"utility":39.5,"ID":5}],[{"utility":39,"ID":1},{"utility":72,"ID":3}],[],[],[]],"CORE :":true,"LAST PARTITION":{"1":2,"2":2,"3":5,"4":2,"5":5}},{"STARTING PARTITION: ":{"1":2,"2":2,"3":2,"4":2,"5":2},"Agents":[null,{"utility":58,"ID":1},{"utility":63,"ID":2},{"utility":73,"ID":3},{"utility":69.5,"ID":4},{"utility":67,"ID":5}],"LAST COALITION":[[],[],[{"utility":58,"ID":1},{"utility":63,"ID":2},{"utility":69.5,"ID":4}],[{"utility":73,"ID":3},{"utility":67,"ID":5}],[],[]],"STARTING COALITION: ":[[null],[],[{"utility":44.5,"ID":1},{"utility":61,"ID":2},{"utility":50.25,"ID":3},{"utility":65.25,"ID":4},{"utility":60.25,"ID":5}],[],[],[]],"CORE :":true,"LAST PARTITION":{"1":2,"2":2,"3":3,"4":2,"5":3}},{"STARTING PARTITION: ":{"1":2,"2":2,"3":1,"4":2,"5":2},"Agents":[null,{"utility":58,"ID":1},{"utility":63,"ID":2},{"utility":73,"ID":3},{"utility":69.5,"ID":4},{"utility":67,"ID":5}],"LAST COALITION":[[],[{"utility":73,"ID":3},{"utility":67,"ID":5}],[],[{"utility":58,"ID":1},{"utility":63,"ID":2},{"utility":69.5,"ID":4}],[],[]],"STARTING COALITION: ":[[null],[{"utility":0,"ID":3}],[{"utility":46.333333333333336,"ID":1},{"utility":53,"ID":2},{"utility":60,"ID":4},{"utility":58,"ID":5}],[],[],[]],"CORE :":true,"LAST PARTITION":{"1":3,"2":3,"3":1,"4":3,"5":1}},{"STARTING PARTITION: ":{"1":2,"2":2,"3":2,"4":2,"5":2},"Agents":[null,{"utility":58,"ID":1},{"utility":63,"ID":2},{"utility":73,"ID":3},{"utility":69.5,"ID":4},{"utility":67,"ID":5}],"LAST COALITION":[[],[],[{"utility":58,"ID":1},{"utility":63,"ID":2},{"utility":69.5,"ID":4}],[{"utility":73,"ID":3},{"utility":67,"ID":5}],[],[]],"STARTING COALITION: ":[[null],[],[{"utility":44.5,"ID":1},{"utility":61,"ID":2},{"utility":50.25,"ID":3},{"utility":65.25,"ID":4},{"utility":60.25,"ID":5}],[],[],[]],"CORE :":true,"LAST PARTITION":{"1":2,"2":2,"3":3,"4":2,"5":3}},{"STARTING PARTITION: ":{"1":2,"2":2,"3":2,"4":2,"5":1},"Agents":[null,{"utility":58,"ID":1},{"utility":63,"ID":2},{"utility":73,"ID":3},{"utility":69.5,"ID":4},{"utility":67,"ID":5}],"LAST COALITION":[[],[],[{"utility":58,"ID":1},{"utility":63,"ID":2},{"utility":69.5,"ID":4}],[{"utility":73,"ID":3},{"utility":67,"ID":5}],[],[]],"STARTING COALITION: ":[[null],[{"utility":0,"ID":5}],[{"utility":51.666666666666664,"ID":1},{"utility":70.33333333333333,"ID":2},{"utility":42.666666666666664,"ID":3},{"utility":73.33333333333333,"ID":4}],[],[],[]],"CORE :":true,"LAST PARTITION":{"1":2,"2":2,"3":3,"4":2,"5":3}},{"STARTING PARTITION: ":{"1":1,"2":2,"3":1,"4":2,"5":1},"Agents":[null,{"utility":58,"ID":1},{"utility":63,"ID":2},{"utility":73,"ID":3},{"utility":69.5,"ID":4},{"utility":67,"ID":5}],"LAST COALITION":[[],[{"utility":73,"ID":3},{"utility":67,"ID":5}],[{"utility":58,"ID":1},{"utility":63,"ID":2},{"utility":69.5,"ID":4}],[],[],[]],"STARTING COALITION: ":[[null],[{"utility":31,"ID":1},{"utility":72.5,"ID":3},{"utility":81,"ID":5}],[{"utility":33,"ID":2},{"utility":83,"ID":4}],[],[],[]],"CORE :":true,"LAST PARTITION":{"1":2,"2":2,"3":1,"4":2,"5":1}},{"STARTING PARTITION: ":{"1":1,"2":1,"3":1,"4":1,"5":1},"Agents":[null,{"utility":58,"ID":1},{"utility":63,"ID":2},{"utility":73,"ID":3},{"utility":69.5,"ID":4},{"utility":67,"ID":5}],"LAST COALITION":[[],[{"utility":73,"ID":3},{"utility":67,"ID":5}],[{"utility":58,"ID":1},{"utility":63,"ID":2},{"utility":69.5,"ID":4}],[],[],[]],"STARTING COALITION: ":[[null],[{"utility":44.5,"ID":1},{"utility":61,"ID":2},{"utility":50.25,"ID":3},{"utility":65.25,"ID":4},{"utility":60.25,"ID":5}],[],[],[],[]],"CORE :":true,"LAST PARTITION":{"1":2,"2":2,"3":1,"4":2,"5":1}},{"STARTING PARTITION: ":{"1":1,"2":1,"3":1,"4":1,"5":1},"Agents":[null,{"utility":58,"ID":1},{"utility":63,"ID":2},{"utility":73,"ID":3},{"utility":69.5,"ID":4},{"utility":67,"ID":5}],"LAST COALITION":[[],[{"utility":58,"ID":1},{"utility":63,"ID":2},{"utility":69.5,"ID":4}],[{"utility":73,"ID":3},{"utility":67,"ID":5}],[],[],[]],"STARTING COALITION: ":[[null],[{"utility":44.5,"ID":1},{"utility":61,"ID":2},{"utility":50.25,"ID":3},{"utility":65.25,"ID":4},{"utility":60.25,"ID":5}],[],[],[],[]],"CORE :":true,"LAST PARTITION":{"1":1,"2":1,"3":2,"4":1,"5":2}},{"END OF FILE:" : true}]