[{"STARTING PARTITION: ":{"1":1,"2":2,"3":2,"4":2,"5":2},"Agents":[null,{"utility":94,"ID":1},{"utility":12,"ID":2},{"utility":0,"ID":3},{"utility":88,"ID":4},{"utility":47,"ID":5}],"LAST COALITION":[[],[],[{"utility":94,"ID":1},{"utility":88,"ID":4}],[{"utility":0,"ID":3}],[{"utility":12,"ID":2},{"utility":47,"ID":5}],[]],"STARTING COALITION: ":[[null],[{"utility":0,"ID":1}],[{"utility":20.333333333333332,"ID":2},{"utility":39,"ID":3},{"utility":58,"ID":4},{"utility":34.333333333333336,"ID":5}],[],[],[]],"CORE :":true,"LAST PARTITION":{"1":2,"2":4,"3":3,"4":2,"5":4}},{"STARTING PARTITION: ":{"1":2,"2":2,"3":1,"4":1,"5":1},"Agents":[null,{"utility":78,"ID":1},{"utility":8,"ID":2},{"utility":1,"ID":3},{"utility":91,"ID":4},{"utility":64.5,"ID":5}],"LAST COALITION":[[],[{"utility":78,"ID":1},{"utility":91,"ID":4},{"utility":64.5,"ID":5}],[],[],[{"utility":8,"ID":2},{"utility":1,"ID":3}],[]],"STARTING COALITION: ":[[null],[{"utility":58,"ID":3},{"utility":77.5,"ID":4},{"utility":28,"ID":5}],[{"utility":42,"ID":1},{"utility":98,"ID":2}],[],[],[]],"CORE :":true,"LAST PARTITION":{"1":1,"2":4,"3":4,"4":1,"5":1}},{"STARTING PARTITION: ":{"1":1,"2":1,"3":1,"4":1,"5":1},"Agents":[null,{"utility":94,"ID":1},{"utility":12,"ID":2},{"utility":0,"ID":3},{"utility":88,"ID":4},{"utility":47,"ID":5}],"LAST COALITION":[[],[{"utility":0,"ID":3}],[{"utility":12,"ID":2},{"utility":47,"ID":5}],[{"utility":94,"ID":1},{"utility":88,"ID":4}],[],[]],"STARTING COALITION: ":[[null],[{"utility":65,"ID":1},{"utility":39.75,"ID":2},{"utility":47.5,"ID":3},{"utility":65.5,"ID":4},{"utility":46.25,"ID":5}],[],[],[],[]],"CORE :":true,"LAST PARTITION":{"1":3,"2":2,"3":1,"4":3,"5":2}},{"STARTING PARTITION: ":{"1":2,"2":1,"3":2,"4":1,"5":2},"Agents":[null,{"utility":78,"ID":1},{"utility":8,"ID":2},{"utility":1,"ID":3},{"utility":91,"ID":4},{"utility":64.5,"ID":5}],"LAST COALITION":[[],[{"utility":78,"ID":1},{"utility":91,"ID":4},{"utility":64.5,"ID":5}],[],[],[{"utility":8,"ID":2},{"utility":1,"ID":3}],[]],"STARTING COALITION: ":[[null],[{"utility":41,"ID":2},{"utility":19,"ID":4}],[{"utility":62,"ID":1},{"utility":81.5,"ID":3},{"utility":45.5,"ID":5}],[],[],[]],"CORE :":true,"LAST PARTITION":{"1":1,"2":4,"3":4,"4":1,"5":1}},{"STARTING PARTITION: ":{"1":2,"2":2,"3":1,"4":1,"5":2},"Agents":[null,{"utility":94,"ID":1},{"utility":12,"ID":2},{"utility":0,"ID":3},{"utility":88,"ID":4},{"utility":47,"ID":5}],"LAST COALITION":[[],[{"utility":0,"ID":3}],[{"utility":12,"ID":2},{"utility":47,"ID":5}],[{"utility":94,"ID":1},{"utility":88,"ID":4}],[],[]],"STARTING COALITION: ":[[null],[{"utility":26,"ID":3},{"utility":61,"ID":4}],[{"utility":52,"ID":1},{"utility":55,"ID":2},{"utility":64.5,"ID":5}],[],[],[]],"CORE :":true,"LAST PARTITION":{"1":3,"2":2,"3":1,"4":3,"5":2}},{"STARTING PARTITION: ":{"1":2,"2":2,"3":2,"4":1,"5":2},"Agents":[null,{"utility":78,"ID":1},{"utility":8,"ID":2},{"utility":1,"ID":3},{"utility":91,"ID":4},{"utility":64.5,"ID":5}],"LAST COALITION":[[],[{"utility":78,"ID":1},{"utility":91,"ID":4},{"utility":64.5,"ID":5}],[],[],[{"utility":8,"ID":2},{"utility":1,"ID":3}],[]],"STARTING COALITION: ":[[null],[{"utility":0,"ID":4}],[{"utility":55.333333333333336,"ID":1},{"utility":39.333333333333336,"ID":2},{"utility":54.666666666666664,"ID":3},{"utility":46,"ID":5}],[],[],[]],"CORE :":true,"LAST PARTITION":{"1":1,"2":4,"3":4,"4":1,"5":1}},{"STARTING PARTITION: ":{"1":1,"2":2,"3":1,"4":2,"5":2},"Agents":[null,{"utility":78,"ID":1},{"utility":8,"ID":2},{"utility":1,"ID":3},{"utility":91,"ID":4},{"utility":64.5,"ID":5}],"LAST COALITION":[[],[],[{"utility":78,"ID":1},{"utility":91,"ID":4},{"utility":64.5,"ID":5}],[],[{"utility":8,"ID":2},{"utility":1,"ID":3}],[]],"STARTING COALITION: ":[[null],[{"utility":62,"ID":1},{"utility":73,"ID":3}],[{"utility":26.5,"ID":2},{"utility":56.5,"ID":4},{"utility":47,"ID":5}],[],[],[]],"CORE :":true,"LAST PARTITION":{"1":2,"2":4,"3":4,"4":2,"5":2}},{"STARTING PARTITION: ":{"1":1,"2":1,"3":2,"4":1,"5":1},"Agents":[null,{"utility":78,"ID":1},{"utility":8,"ID":2},{"utility":1,"ID":3},{"utility":91,"ID":4},{"utility":64.5,"ID":5}],"LAST COALITION":[[],[],[],[{"utility":78,"ID":1},{"utility":91,"ID":4},{"utility":64.5,"ID":5}],[{"utility":8,"ID":2},{"utility":1,"ID":3}],[]],"STARTING COALITION: ":[[null],[{"utility":66,"ID":1},{"utility":50.333333333333336,"ID":2},{"utility":67,"ID":4},{"utility":58.666666666666664,"ID":5}],[{"utility":0,"ID":3}],[],[],[]],"CORE :":true,"LAST PARTITION":{"1":3,"2":4,"3":4,"4":3,"5":3}},{"STARTING PARTITION: ":{"1":1,"2":1,"3":1,"4":1,"5":2},"Agents":[null,{"utility":78,"ID":1},{"utility":8,"ID":2},{"utility":1,"ID":3},{"utility":91,"ID":4},{"utility":64.5,"ID":5}],"LAST COALITION":[[],[],[{"utility":78,"ID":1},{"utility":91,"ID":4},{"utility":64.5,"ID":5}],[],[{"utility":8,"ID":2},{"utility":1,"ID":3}],[]],"STARTING COALITION: ":[[null],[{"utility":66,"ID":1},{"utility":49,"ID":2},{"utility":33.333333333333336,"ID":3},{"utility":56,"ID":4}],[{"utility":0,"ID":5}],[],[],[]],"CORE :":true,"LAST PARTITION":{"1":2,"2":4,"3":4,"4":2,"5":2}},{"STARTING PARTITION: ":{"1":2,"2":1,"3":2,"4":2,"5":1},"Agents":[null,{"utility":94,"ID":1},{"utility":12,"ID":2},{"utility":0,"ID":3},{"utility":88,"ID":4},{"utility":47,"ID":5}],"LAST COALITION":[[],[{"utility":12,"ID":2},{"utility":47,"ID":5}],[{"utility":0,"ID":3}],[{"utility":94,"ID":1},{"utility":88,"ID":4}],[],[]],"STARTING COALITION: ":[[null],[{"utility":12,"ID":2},{"utility":47,"ID":5}],[{"utility":78,"ID":1},{"utility":49.5,"ID":3},{"utility":74.5,"ID":4}],[],[],[]],"CORE :":true,"LAST PARTITION":{"1":3,"2":1,"3":2,"4":3,"5":1}},{"STARTING PARTITION: ":{"1":2,"2":1,"3":2,"4":2,"5":1},"Agents":[null,{"utility":94,"ID":1},{"utility":12,"ID":2},{"utility":0,"ID":3},{"utility":88,"ID":4},{"utility":47,"ID":5}],"LAST COALITION":[[],[{"utility":12,"ID":2},{"utility":47,"ID":5}],[{"utility":0,"ID":3}],[{"utility":94,"ID":1},{"utility":88,"ID":4}],[],[]],"STARTING COALITION: ":[[null],[{"utility":12,"ID":2},{"utility":47,"ID":5}],[{"utility":78,"ID":1},{"utility":49.5,"ID":3},{"utility":74.5,"ID":4}],[],[],[]],"CORE :":true,"LAST PARTITION":{"1":3,"2":1,"3":2,"4":3,"5":1}},{"STARTING PARTITION: ":{"1":2,"2":2,"3":1,"4":1,"5":2},"Agents":[null,{"utility":94,"ID":1},{"utility":12,"ID":2},{"utility":0,"ID":3},{"utility":88,"ID":4},{"utility":47,"ID":5}],"LAST COALITION":[[],[{"utility":0,"ID":3}],[{"utility":12,"ID":2},{"utility":47,"ID":5}],[{"utility":94,"ID":1},{"utility":88,"ID":4}],[],[]],"STARTING COALITION: ":[[null],[{"utility":26,"ID":3},{"utility":61,"ID":4}],[{"utility":52,"ID":1},{"utility":55,"ID":2},{"utility":64.5,"ID":5}],[],[],[]],"CORE :":true,"LAST PARTITION":{"1":3,"2":2,"3":1,"4":3,"5":2}},{"STARTING PARTITION: ":{"1":1,"2":1,"3":1,"4":1,"5":1},"Agents":[null,{"utility":94,"ID":1},{"utility":12,"ID":2},{"utility":0,"ID":3},{"utility":88,"ID":4},{"utility":47,"ID":5}],"LAST COALITION":[[],[{"utility":12,"ID":2},{"utility":47,"ID":5}],[{"utility":0,"ID":3}],[{"utility":94,"ID":1},{"utility":88,"ID":4}],[],[]],"STARTING COALITION: ":[[null],[{"utility":65,"ID":1},{"utility":39.75,"ID":2},{"utility":47.5,"ID":3},{"utility":65.5,"ID":4},{"utility":46.25,"ID":5}],[],[],[],[]],"CORE :":true,"LAST PARTITION":{"1":3,"2":1,"3":2,"4":3,"5":1}},{"STARTING PARTITION: ":{"1":1,"2":2,"3":1,"4":2,"5":2},"Agents":[null,{"utility":78,"ID":1},{"utility":8,"ID":2},{"utility":1,"ID":3},{"utility":91,"ID":4},{"utility":64.5,"ID":5}],"LAST COALITION":[[],[],[{"utility":78,"ID":1},{"utility":91,"ID":4},{"utility":64.5,"ID":5}],[],[{"utility":8,"ID":2},{"utility":1,"ID":3}],[]],"STARTING COALITION: ":[[null],[{"utility":62,"ID":1},{"utility":73,"ID":3}],[{"utility":26.5,"ID":2},{"utility":56.5,"ID":4},{"utility":47,"ID":5}],[],[],[]],"CORE :":true,"LAST PARTITION":{"1":2,"2":4,"3":4,"4":2,"5":2}},{"STARTING PARTITION: ":{"1":1,"2":2,"3":1,"4":2,"5":1},"Agents":[null,{"utility":62,"ID":1},{"utility":0,"ID":2},{"utility":73,"ID":3},{"utility":94,"ID":4},{"utility":47,"ID":5}],"LAST COALITION":[[],[{"utility":62,"ID":1},{"utility":73,"ID":3}],[{"utility":0,"ID":2}],[{"utility":94,"ID":4},{"utility":47,"ID":5}],[],[]],"STARTING COALITION: ":[[null],[{"utility":62,"ID":1},{"utility":81.5,"ID":3},{"utility":45.5,"ID":5}],[{"utility":41,"ID":2},{"utility":19,"ID":4}],[],[],[]],"CORE :":true,"LAST PARTITION":{"1":1,"2":2,"3":1,"4":3,"5":3}},{"STARTING PARTITION: ":{"1":2,"2":2,"3":2,"4":2,"5":1},"Agents":[null,{"utility":78,"ID":1},{"utility":8,"ID":2},{"utility":1,"ID":3},{"utility":91,"ID":4},{"utility":64.5,"ID":5}],"LAST COALITION":[[],[],[{"utility":8,"ID":2},{"utility":1,"ID":3}],[{"utility":78,"ID":1},{"utility":91,"ID":4},{"utility":64.5,"ID":5}],[],[]],"STARTING COALITION: ":[[null],[{"utility":0,"ID":5}],[{"utility":66,"ID":1},{"utility":49,"ID":2},{"utility":33.333333333333336,"ID":3},{"utility":56,"ID":4}],[],[],[]],"CORE :":true,"LAST PARTITION":{"1":3,"2":2,"3":2,"4":3,"5":3}},{"STARTING PARTITION: ":{"1":2,"2":2,"3":1,"4":1,"5":1},"Agents":[null,{"utility":62,"ID":1},{"utility":0,"ID":2},{"utility":73,"ID":3},{"utility":94,"ID":4},{"utility":47,"ID":5}],"LAST COALITION":[[],[{"utility":62,"ID":1},{"utility":73,"ID":3}],[],[],[{"utility":94,"ID":4},{"utility":47,"ID":5}],[{"utility":0,"ID":2}]],"STARTING COALITION: ":[[null],[{"utility":58,"ID":3},{"utility":77.5,"ID":4},{"utility":28,"ID":5}],[{"utility":42,"ID":1},{"utility":98,"ID":2}],[],[],[]],"CORE :":true,"LAST PARTITION":{"1":1,"2":5,"3":1,"4":4,"5":4}},{"STARTING PARTITION: ":{"1":1,"2":1,"3":2,"4":2,"5":1},"Agents":[null,{"utility":94,"ID":1},{"utility":12,"ID":2},{"utility":0,"ID":3},{"utility":88,"ID":4},{"utility":47,"ID":5}],"LAST COALITION":[[],[{"utility":0,"ID":3}],[{"utility":94,"ID":1},{"utility":88,"ID":4}],[{"utility":12,"ID":2},{"utility":47,"ID":5}],[],[]],"STARTING COALITION: ":[[null],[{"utility":52,"ID":1},{"utility":55,"ID":2},{"utility":64.5,"ID":5}],[{"utility":26,"ID":3},{"utility":61,"ID":4}],[],[],[]],"CORE :":true,"LAST PARTITION":{"1":2,"2":3,"3":1,"4":2,"5":3}},{"STARTING PARTITION: ":{"1":1,"2":1,"3":2,"4":2,"5":2},"Agents":[null,{"utility":62,"ID":1},{"utility":0,"ID":2},{"utility":73,"ID":3},{"utility":94,"ID":4},{"utility":47,"ID":5}],"LAST COALITION":[[],[{"utility":0,"ID":2}],[{"utility":62,"ID":1},{"utility":73,"ID":3}],[],[{"utility":94,"ID":4},{"utility":47,"ID":5}],[]],"STARTING COALITION: ":[[null],[{"utility":42,"ID":1},{"utility":98,"ID":2}],[{"utility":58,"ID":3},{"utility":77.5,"ID":4},{"utility":28,"ID":5}],[],[],[]],"CORE :":true,"LAST PARTITION":{"1":2,"2":1,"3":2,"4":4,"5":4}},{"STARTING PARTITION: ":{"1":1,"2":1,"3":2,"4":2,"5":2},"Agents":[null,{"utility":94,"ID":1},{"utility":12,"ID":2},{"utility":0,"ID":3},{"utility":88,"ID":4},{"utility":47,"ID":5}],"LAST COALITION":[[],[{"utility":0,"ID":3}],[{"utility":94,"ID":1},{"utility":88,"ID":4}],[],[],[{"utility":12,"ID":2},{"utility":47,"ID":5}]],"STARTING COALITION: ":[[null],[{"utility":42,"ID":1},{"utility":98,"ID":2}],[{"utility":58,"ID":3},{"utility":77.5,"ID":4},{"utility":28,"ID":5}],[],[],[]],"CORE :":true,"LAST PARTITION":{"1":2,"2":5,"3":1,"4":2,"5":5}},{"END OF FILE:" : true}]