[{"STARTING PARTITION: ":{"1":1,"2":2,"3":2,"4":2,"5":1},"Agents":[null,{"utility":95,"ID":1},{"utility":0,"ID":2},{"utility":47,"ID":3},{"utility":17,"ID":4},{"utility":86,"ID":5}],"LAST COALITION":[[],[{"utility":17,"ID":4},{"utility":86,"ID":5}],[],[{"utility":95,"ID":1},{"utility":47,"ID":3}],[{"utility":0,"ID":2}],[]],"STARTING COALITION: ":[[null],[{"utility":4,"ID":1},{"utility":63,"ID":5}],[{"utility":27.5,"ID":2},{"utility":34,"ID":3},{"utility":26.5,"ID":4}],[],[],[]],"CORE :":false,"LAST PARTITION":{"1":3,"2":4,"3":3,"4":1,"5":1}},{"STARTING PARTITION: ":{"1":1,"2":2,"3":2,"4":2,"5":2},"Agents":[null,{"utility":95,"ID":1},{"utility":0,"ID":2},{"utility":47,"ID":3},{"utility":17,"ID":4},{"utility":86,"ID":5}],"LAST COALITION":[[],[{"utility":95,"ID":1},{"utility":47,"ID":3}],[{"utility":0,"ID":2}],[],[{"utility":17,"ID":4},{"utility":86,"ID":5}],[]],"STARTING COALITION: ":[[null],[{"utility":0,"ID":1}],[{"utility":42.333333333333336,"ID":2},{"utility":34.666666666666664,"ID":3},{"utility":23.333333333333332,"ID":4},{"utility":67,"ID":5}],[],[],[]],"CORE :":false,"LAST PARTITION":{"1":1,"2":2,"3":1,"4":4,"5":4}},{"STARTING PARTITION: ":{"1":1,"2":2,"3":1,"4":1,"5":2},"Agents":[null,{"utility":95,"ID":1},{"utility":72,"ID":2},{"utility":47,"ID":3},{"utility":0,"ID":4},{"utility":84,"ID":5}],"LAST COALITION":[[],[{"utility":0,"ID":4}],[{"utility":72,"ID":2},{"utility":84,"ID":5}],[{"utility":95,"ID":1},{"utility":47,"ID":3}],[],[]],"STARTING COALITION: ":[[null],[{"utility":55.5,"ID":1},{"utility":38,"ID":3},{"utility":29.5,"ID":4}],[{"utility":72,"ID":2},{"utility":84,"ID":5}],[],[],[]],"CORE :":false,"LAST PARTITION":{"1":3,"2":2,"3":3,"4":1,"5":2}},{"STARTING PARTITION: ":{"1":1,"2":1,"3":1,"4":1,"5":1},"Agents":[null,{"utility":95,"ID":1},{"utility":59.5,"ID":2},{"utility":47,"ID":3},{"utility":18.5,"ID":4},{"utility":85,"ID":5}],"LAST COALITION":[[],[{"utility":59.5,"ID":2},{"utility":18.5,"ID":4},{"utility":85,"ID":5}],[{"utility":95,"ID":1},{"utility":47,"ID":3}],[],[],[]],"STARTING COALITION: ":[[null],[{"utility":47.5,"ID":1},{"utility":42.75,"ID":2},{"utility":37.75,"ID":3},{"utility":24,"ID":4},{"utility":66,"ID":5}],[],[],[],[]],"CORE :":true,"LAST PARTITION":{"1":2,"2":1,"3":2,"4":1,"5":1}},{"STARTING PARTITION: ":{"1":2,"2":2,"3":2,"4":2,"5":1},"Agents":[null,{"utility":95,"ID":1},{"utility":0,"ID":2},{"utility":47,"ID":3},{"utility":17,"ID":4},{"utility":86,"ID":5}],"LAST COALITION":[[],[{"utility":95,"ID":1},{"utility":47,"ID":3}],[],[{"utility":0,"ID":2}],[{"utility":17,"ID":4},{"utility":86,"ID":5}],[]],"STARTING COALITION: ":[[null],[{"utility":0,"ID":5}],[{"utility":62,"ID":1},{"utility":33,"ID":2},{"utility":38.333333333333336,"ID":3},{"utility":26.333333333333332,"ID":4}],[],[],[]],"CORE :":false,"LAST PARTITION":{"1":1,"2":3,"3":1,"4":4,"5":4}},{"STARTING PARTITION: ":{"1":1,"2":1,"3":1,"4":1,"5":2},"Agents":[null,{"utility":95,"ID":1},{"utility":72,"ID":2},{"utility":47,"ID":3},{"utility":0,"ID":4},{"utility":84,"ID":5}],"LAST COALITION":[[],[{"utility":0,"ID":4}],[],[{"utility":72,"ID":2},{"utility":84,"ID":5}],[{"utility":95,"ID":1},{"utility":47,"ID":3}],[]],"STARTING COALITION: ":[[null],[{"utility":62,"ID":1},{"utility":33,"ID":2},{"utility":38.333333333333336,"ID":3},{"utility":26.333333333333332,"ID":4}],[{"utility":0,"ID":5}],[],[],[]],"CORE :":false,"LAST PARTITION":{"1":4,"2":3,"3":4,"4":1,"5":3}},{"STARTING PARTITION: ":{"1":1,"2":1,"3":1,"4":2,"5":1},"Agents":[null,{"utility":95,"ID":1},{"utility":59.5,"ID":2},{"utility":47,"ID":3},{"utility":18.5,"ID":4},{"utility":85,"ID":5}],"LAST COALITION":[[],[],[],[],[{"utility":95,"ID":1},{"utility":47,"ID":3}],[{"utility":59.5,"ID":2},{"utility":18.5,"ID":4},{"utility":85,"ID":5}]],"STARTING COALITION: ":[[null],[{"utility":58,"ID":1},{"utility":41.333333333333336,"ID":2},{"utility":40.666666666666664,"ID":3},{"utility":59.333333333333336,"ID":5}],[{"utility":0,"ID":4}],[],[],[]],"CORE :":true,"LAST PARTITION":{"1":4,"2":5,"3":4,"4":5,"5":5}},{"STARTING PARTITION: ":{"1":1,"2":2,"3":2,"4":2,"5":2},"Agents":[null,{"utility":95,"ID":1},{"utility":59.5,"ID":2},{"utility":47,"ID":3},{"utility":18.5,"ID":4},{"utility":85,"ID":5}],"LAST COALITION":[[],[],[{"utility":59.5,"ID":2},{"utility":18.5,"ID":4},{"utility":85,"ID":5}],[{"utility":95,"ID":1},{"utility":47,"ID":3}],[],[]],"STARTING COALITION: ":[[null],[{"utility":0,"ID":1}],[{"utility":42.333333333333336,"ID":2},{"utility":34.666666666666664,"ID":3},{"utility":23.333333333333332,"ID":4},{"utility":67,"ID":5}],[],[],[]],"CORE :":true,"LAST PARTITION":{"1":3,"2":2,"3":3,"4":2,"5":2}},{"STARTING PARTITION: ":{"1":2,"2":1,"3":1,"4":1,"5":1},"Agents":[null,{"utility":95,"ID":1},{"utility":59.5,"ID":2},{"utility":47,"ID":3},{"utility":18.5,"ID":4},{"utility":85,"ID":5}],"LAST COALITION":[[],[{"utility":59.5,"ID":2},{"utility":18.5,"ID":4},{"utility":85,"ID":5}],[],[{"utility":95,"ID":1},{"utility":47,"ID":3}],[],[]],"STARTING COALITION: ":[[null],[{"utility":42.333333333333336,"ID":2},{"utility":34.666666666666664,"ID":3},{"utility":23.333333333333332,"ID":4},{"utility":67,"ID":5}],[{"utility":0,"ID":1}],[],[],[]],"CORE :":true,"LAST PARTITION":{"1":3,"2":1,"3":3,"4":1,"5":1}},{"STARTING PARTITION: ":{"1":2,"2":2,"3":1,"4":2,"5":1},"Agents":[null,{"utility":95,"ID":1},{"utility":47,"ID":2},{"utility":47,"ID":3},{"utility":20,"ID":4},{"utility":0,"ID":5}],"LAST COALITION":[[],[],[{"utility":95,"ID":1},{"utility":47,"ID":3}],[{"utility":47,"ID":2},{"utility":20,"ID":4}],[{"utility":0,"ID":5}],[]],"STARTING COALITION: ":[[null],[{"utility":36,"ID":3},{"utility":31,"ID":5}],[{"utility":45.5,"ID":1},{"utility":45.5,"ID":2},{"utility":23,"ID":4}],[],[],[]],"CORE :":false,"LAST PARTITION":{"1":2,"2":3,"3":2,"4":3,"5":4}},{"STARTING PARTITION: ":{"1":1,"2":2,"3":2,"4":1,"5":1},"Agents":[null,{"utility":95,"ID":1},{"utility":0,"ID":2},{"utility":47,"ID":3},{"utility":17,"ID":4},{"utility":86,"ID":5}],"LAST COALITION":[[],[{"utility":17,"ID":4},{"utility":86,"ID":5}],[{"utility":0,"ID":2}],[{"utility":95,"ID":1},{"utility":47,"ID":3}],[],[]],"STARTING COALITION: ":[[null],[{"utility":10,"ID":1},{"utility":21.5,"ID":4},{"utility":74.5,"ID":5}],[{"utility":8,"ID":2},{"utility":39,"ID":3}],[],[],[]],"CORE :":false,"LAST PARTITION":{"1":3,"2":2,"3":3,"4":1,"5":1}},{"STARTING PARTITION: ":{"1":2,"2":2,"3":1,"4":2,"5":2},"Agents":[null,{"utility":95,"ID":1},{"utility":0,"ID":2},{"utility":47,"ID":3},{"utility":17,"ID":4},{"utility":86,"ID":5}],"LAST COALITION":[[],[{"utility":95,"ID":1},{"utility":47,"ID":3}],[{"utility":17,"ID":4},{"utility":86,"ID":5}],[{"utility":0,"ID":2}],[],[]],"STARTING COALITION: ":[[null],[{"utility":0,"ID":3}],[{"utility":31.666666666666668,"ID":1},{"utility":54.333333333333336,"ID":2},{"utility":21,"ID":4},{"utility":77.66666666666667,"ID":5}],[],[],[]],"CORE :":false,"LAST PARTITION":{"1":1,"2":3,"3":1,"4":2,"5":2}},{"STARTING PARTITION: ":{"1":2,"2":2,"3":1,"4":1,"5":1},"Agents":[null,{"utility":95,"ID":1},{"utility":0,"ID":2},{"utility":47,"ID":3},{"utility":17,"ID":4},{"utility":86,"ID":5}],"LAST COALITION":[[],[],[{"utility":17,"ID":4},{"utility":86,"ID":5}],[{"utility":0,"ID":2}],[{"utility":95,"ID":1},{"utility":47,"ID":3}],[]],"STARTING COALITION: ":[[null],[{"utility":32.5,"ID":3},{"utility":25,"ID":4},{"utility":58.5,"ID":5}],[{"utility":75,"ID":1},{"utility":44,"ID":2}],[],[],[]],"CORE :":false,"LAST PARTITION":{"1":4,"2":3,"3":4,"4":2,"5":2}},{"STARTING PARTITION: ":{"1":1,"2":2,"3":1,"4":2,"5":1},"Agents":[null,{"utility":95,"ID":1},{"utility":72,"ID":2},{"utility":47,"ID":3},{"utility":0,"ID":4},{"utility":84,"ID":5}],"LAST COALITION":[[],[],[{"utility":0,"ID":4}],[{"utility":95,"ID":1},{"utility":47,"ID":3}],[{"utility":72,"ID":2},{"utility":84,"ID":5}],[]],"STARTING COALITION: ":[[null],[{"utility":49.5,"ID":1},{"utility":41.5,"ID":3},{"utility":47,"ID":5}],[{"utility":47,"ID":2},{"utility":20,"ID":4}],[],[],[]],"CORE :":false,"LAST PARTITION":{"1":3,"2":4,"3":3,"4":2,"5":4}},{"STARTING PARTITION: ":{"1":1,"2":1,"3":2,"4":1,"5":1},"Agents":[null,{"utility":95,"ID":1},{"utility":47,"ID":2},{"utility":47,"ID":3},{"utility":20,"ID":4},{"utility":0,"ID":5}],"LAST COALITION":[[],[{"utility":0,"ID":5}],[{"utility":95,"ID":1},{"utility":47,"ID":3}],[],[{"utility":47,"ID":2},{"utility":20,"ID":4}],[]],"STARTING COALITION: ":[[null],[{"utility":31.666666666666668,"ID":1},{"utility":54.333333333333336,"ID":2},{"utility":21,"ID":4},{"utility":77.66666666666667,"ID":5}],[{"utility":0,"ID":3}],[],[],[]],"CORE :":false,"LAST PARTITION":{"1":2,"2":4,"3":2,"4":4,"5":1}},{"STARTING PARTITION: ":{"1":2,"2":2,"3":2,"4":2,"5":1},"Agents":[null,{"utility":95,"ID":1},{"utility":0,"ID":2},{"utility":47,"ID":3},{"utility":17,"ID":4},{"utility":86,"ID":5}],"LAST COALITION":[[],[{"utility":95,"ID":1},{"utility":47,"ID":3}],[],[{"utility":0,"ID":2}],[{"utility":17,"ID":4},{"utility":86,"ID":5}],[]],"STARTING COALITION: ":[[null],[{"utility":0,"ID":5}],[{"utility":62,"ID":1},{"utility":33,"ID":2},{"utility":38.333333333333336,"ID":3},{"utility":26.333333333333332,"ID":4}],[],[],[]],"CORE :":false,"LAST PARTITION":{"1":1,"2":3,"3":1,"4":4,"5":4}},{"STARTING PARTITION: ":{"1":1,"2":1,"3":2,"4":2,"5":1},"Agents":[null,{"utility":95,"ID":1},{"utility":47,"ID":2},{"utility":47,"ID":3},{"utility":20,"ID":4},{"utility":0,"ID":5}],"LAST COALITION":[[],[],[{"utility":47,"ID":2},{"utility":20,"ID":4}],[{"utility":95,"ID":1},{"utility":47,"ID":3}],[{"utility":0,"ID":5}],[]],"STARTING COALITION: ":[[null],[{"utility":39.5,"ID":1},{"utility":58,"ID":2},{"utility":73.5,"ID":5}],[{"utility":29,"ID":3},{"utility":33,"ID":4}],[],[],[]],"CORE :":false,"LAST PARTITION":{"1":3,"2":2,"3":3,"4":2,"5":4}},{"STARTING PARTITION: ":{"1":1,"2":1,"3":2,"4":1,"5":1},"Agents":[null,{"utility":95,"ID":1},{"utility":0,"ID":2},{"utility":47,"ID":3},{"utility":17,"ID":4},{"utility":86,"ID":5}],"LAST COALITION":[[],[{"utility":0,"ID":2}],[{"utility":95,"ID":1},{"utility":47,"ID":3}],[],[{"utility":17,"ID":4},{"utility":86,"ID":5}],[]],"STARTING COALITION: ":[[null],[{"utility":31.666666666666668,"ID":1},{"utility":54.333333333333336,"ID":2},{"utility":21,"ID":4},{"utility":77.66666666666667,"ID":5}],[{"utility":0,"ID":3}],[],[],[]],"CORE :":false,"LAST PARTITION":{"1":2,"2":1,"3":2,"4":4,"5":4}},{"STARTING PARTITION: ":{"1":2,"2":2,"3":1,"4":2,"5":2},"Agents":[null,{"utility":95,"ID":1},{"utility":72,"ID":2},{"utility":47,"ID":3},{"utility":0,"ID":4},{"utility":84,"ID":5}],"LAST COALITION":[[],[{"utility":72,"ID":2},{"utility":84,"ID":5}],[],[{"utility":0,"ID":4}],[{"utility":95,"ID":1},{"utility":47,"ID":3}],[]],"STARTING COALITION: ":[[null],[{"utility":0,"ID":3}],[{"utility":31.666666666666668,"ID":1},{"utility":54.333333333333336,"ID":2},{"utility":21,"ID":4},{"utility":77.66666666666667,"ID":5}],[],[],[]],"CORE :":false,"LAST PARTITION":{"1":4,"2":1,"3":4,"4":3,"5":1}},{"STARTING PARTITION: ":{"1":2,"2":2,"3":2,"4":1,"5":1},"Agents":[null,{"utility":95,"ID":1},{"utility":0,"ID":2},{"utility":47,"ID":3},{"utility":17,"ID":4},{"utility":86,"ID":5}],"LAST COALITION":[[],[{"utility":17,"ID":4},{"utility":86,"ID":5}],[{"utility":0,"ID":2}],[{"utility":95,"ID":1},{"utility":47,"ID":3}],[],[]],"STARTING COALITION: ":[[null],[{"utility":17,"ID":4},{"utility":86,"ID":5}],[{"utility":85,"ID":1},{"utility":26,"ID":2},{"utility":43,"ID":3}],[],[],[]],"CORE :":false,"LAST PARTITION":{"1":3,"2":2,"3":3,"4":1,"5":1}},{"END OF FILE:" : true}]