[{"STARTING PARTITION: ":{"1":2,"2":2,"3":1,"4":1,"5":2},"Agents":[null,{"utility":74,"ID":1},{"utility":41.5,"ID":2},{"utility":60,"ID":3},{"utility":67,"ID":4},{"utility":83,"ID":5}],"LAST COALITION":[[],[],[],[{"utility":74,"ID":1},{"utility":67,"ID":4}],[{"utility":41.5,"ID":2},{"utility":60,"ID":3},{"utility":83,"ID":5}],[]],"STARTING COALITION: ":[[null],[{"utility":55,"ID":3},{"utility":74,"ID":4}],[{"utility":28,"ID":1},{"utility":44.5,"ID":2},{"utility":52,"ID":5}],[],[],[]],"CORE :":true,"LAST PARTITION":{"1":3,"2":4,"3":4,"4":3,"5":4}},{"STARTING PARTITION: ":{"1":1,"2":2,"3":1,"4":1,"5":1},"Agents":[null,{"utility":53,"ID":1},{"utility":48.5,"ID":2},{"utility":93,"ID":3},{"utility":72,"ID":4},{"utility":71,"ID":5}],"LAST COALITION":[[],[{"utility":53,"ID":1},{"utility":48.5,"ID":2},{"utility":72,"ID":4}],[],[],[],[{"utility":93,"ID":3},{"utility":71,"ID":5}]],"STARTING COALITION: ":[[null],[{"utility":56.333333333333336,"ID":1},{"utility":64.33333333333333,"ID":3},{"utility":59.666666666666664,"ID":4},{"utility":48,"ID":5}],[{"utility":0,"ID":2}],[],[],[]],"CORE :":true,"LAST PARTITION":{"1":1,"2":1,"3":5,"4":1,"5":5}},{"STARTING PARTITION: ":{"1":1,"2":1,"3":1,"4":2,"5":2},"Agents":[null,{"utility":74,"ID":1},{"utility":41.5,"ID":2},{"utility":60,"ID":3},{"utility":67,"ID":4},{"utility":83,"ID":5}],"LAST COALITION":[[],[{"utility":74,"ID":1},{"utility":67,"ID":4}],[],[{"utility":41.5,"ID":2},{"utility":60,"ID":3},{"utility":83,"ID":5}],[],[]],"STARTING COALITION: ":[[null],[{"utility":51.5,"ID":1},{"utility":72,"ID":2},{"utility":36,"ID":3}],[{"utility":38,"ID":4},{"utility":64,"ID":5}],[],[],[]],"CORE :":true,"LAST PARTITION":{"1":1,"2":3,"3":3,"4":1,"5":3}},{"STARTING PARTITION: ":{"1":1,"2":1,"3":2,"4":2,"5":2},"Agents":[null,{"utility":53,"ID":1},{"utility":48.5,"ID":2},{"utility":93,"ID":3},{"utility":72,"ID":4},{"utility":71,"ID":5}],"LAST COALITION":[[],[{"utility":53,"ID":1},{"utility":48.5,"ID":2},{"utility":72,"ID":4}],[{"utility":93,"ID":3},{"utility":71,"ID":5}],[],[],[]],"STARTING COALITION: ":[[null],[{"utility":32,"ID":1},{"utility":75,"ID":2}],[{"utility":74,"ID":3},{"utility":56,"ID":4},{"utility":67.5,"ID":5}],[],[],[]],"CORE :":true,"LAST PARTITION":{"1":1,"2":1,"3":2,"4":1,"5":2}},{"STARTING PARTITION: ":{"1":1,"2":1,"3":2,"4":2,"5":2},"Agents":[null,{"utility":74,"ID":1},{"utility":41.5,"ID":2},{"utility":60,"ID":3},{"utility":67,"ID":4},{"utility":83,"ID":5}],"LAST COALITION":[[],[{"utility":41.5,"ID":2},{"utility":60,"ID":3},{"utility":83,"ID":5}],[],[{"utility":74,"ID":1},{"utility":67,"ID":4}],[],[]],"STARTING COALITION: ":[[null],[{"utility":32,"ID":1},{"utility":75,"ID":2}],[{"utility":74,"ID":3},{"utility":56,"ID":4},{"utility":67.5,"ID":5}],[],[],[]],"CORE :":true,"LAST PARTITION":{"1":3,"2":1,"3":1,"4":3,"5":1}},{"STARTING PARTITION: ":{"1":1,"2":2,"3":2,"4":1,"5":1},"Agents":[null,{"utility":53,"ID":1},{"utility":48.5,"ID":2},{"utility":93,"ID":3},{"utility":72,"ID":4},{"utility":71,"ID":5}],"LAST COALITION":[[],[{"utility":53,"ID":1},{"utility":48.5,"ID":2},{"utility":72,"ID":4}],[],[],[],[{"utility":93,"ID":3},{"utility":71,"ID":5}]],"STARTING COALITION: ":[[null],[{"utility":49,"ID":1},{"utility":52.5,"ID":4},{"utility":36.5,"ID":5}],[{"utility":69,"ID":2},{"utility":27,"ID":3}],[],[],[]],"CORE :":true,"LAST PARTITION":{"1":1,"2":1,"3":5,"4":1,"5":5}},{"STARTING PARTITION: ":{"1":1,"2":2,"3":2,"4":2,"5":1},"Agents":[null,{"utility":53,"ID":1},{"utility":48.5,"ID":2},{"utility":93,"ID":3},{"utility":72,"ID":4},{"utility":71,"ID":5}],"LAST COALITION":[[],[{"utility":53,"ID":1},{"utility":48.5,"ID":2},{"utility":72,"ID":4}],[],[],[],[{"utility":93,"ID":3},{"utility":71,"ID":5}]],"STARTING COALITION: ":[[null],[{"utility":24,"ID":1},{"utility":9,"ID":5}],[{"utility":45.5,"ID":2},{"utility":41,"ID":3},{"utility":75.5,"ID":4}],[],[],[]],"CORE :":true,"LAST PARTITION":{"1":1,"2":1,"3":5,"4":1,"5":5}},{"STARTING PARTITION: ":{"1":1,"2":1,"3":2,"4":2,"5":1},"Agents":[null,{"utility":74,"ID":1},{"utility":41.5,"ID":2},{"utility":60,"ID":3},{"utility":67,"ID":4},{"utility":83,"ID":5}],"LAST COALITION":[[],[{"utility":74,"ID":1},{"utility":67,"ID":4}],[],[{"utility":41.5,"ID":2},{"utility":60,"ID":3},{"utility":83,"ID":5}],[],[]],"STARTING COALITION: ":[[null],[{"utility":28,"ID":1},{"utility":44.5,"ID":2},{"utility":52,"ID":5}],[{"utility":55,"ID":3},{"utility":74,"ID":4}],[],[],[]],"CORE :":true,"LAST PARTITION":{"1":1,"2":3,"3":3,"4":1,"5":3}},{"STARTING PARTITION: ":{"1":1,"2":1,"3":1,"4":1,"5":1},"Agents":[null,{"utility":53,"ID":1},{"utility":48.5,"ID":2},{"utility":93,"ID":3},{"utility":72,"ID":4},{"utility":71,"ID":5}],"LAST COALITION":[[],[{"utility":53,"ID":1},{"utility":48.5,"ID":2},{"utility":72,"ID":4}],[{"utility":93,"ID":3},{"utility":71,"ID":5}],[],[],[]],"STARTING COALITION: ":[[null],[{"utility":50.25,"ID":1},{"utility":45,"ID":2},{"utility":55,"ID":3},{"utility":64,"ID":4},{"utility":59.75,"ID":5}],[],[],[],[]],"CORE :":true,"LAST PARTITION":{"1":1,"2":1,"3":2,"4":1,"5":2}},{"STARTING PARTITION: ":{"1":2,"2":1,"3":2,"4":2,"5":1},"Agents":[null,{"utility":53,"ID":1},{"utility":48.5,"ID":2},{"utility":93,"ID":3},{"utility":72,"ID":4},{"utility":71,"ID":5}],"LAST COALITION":[[],[{"utility":53,"ID":1},{"utility":48.5,"ID":2},{"utility":72,"ID":4}],[],[{"utility":93,"ID":3},{"utility":71,"ID":5}],[],[]],"STARTING COALITION: ":[[null],[{"utility":14,"ID":2},{"utility":95,"ID":5}],[{"utility":72.5,"ID":1},{"utility":50,"ID":3},{"utility":70.5,"ID":4}],[],[],[]],"CORE :":true,"LAST PARTITION":{"1":1,"2":1,"3":3,"4":1,"5":3}},{"STARTING PARTITION: ":{"1":2,"2":1,"3":2,"4":2,"5":1},"Agents":[null,{"utility":74,"ID":1},{"utility":41.5,"ID":2},{"utility":60,"ID":3},{"utility":67,"ID":4},{"utility":83,"ID":5}],"LAST COALITION":[[],[{"utility":74,"ID":1},{"utility":67,"ID":4}],[{"utility":41.5,"ID":2},{"utility":60,"ID":3},{"utility":83,"ID":5}],[],[],[]],"STARTING COALITION: ":[[null],[{"utility":14,"ID":2},{"utility":95,"ID":5}],[{"utility":72.5,"ID":1},{"utility":50,"ID":3},{"utility":70.5,"ID":4}],[],[],[]],"CORE :":true,"LAST PARTITION":{"1":1,"2":2,"3":2,"4":1,"5":2}},{"STARTING PARTITION: ":{"1":1,"2":2,"3":1,"4":1,"5":2},"Agents":[null,{"utility":74,"ID":1},{"utility":41.5,"ID":2},{"utility":60,"ID":3},{"utility":67,"ID":4},{"utility":83,"ID":5}],"LAST COALITION":[[],[],[{"utility":74,"ID":1},{"utility":67,"ID":4}],[],[{"utility":41.5,"ID":2},{"utility":60,"ID":3},{"utility":83,"ID":5}],[]],"STARTING COALITION: ":[[null],[{"utility":72.5,"ID":1},{"utility":50,"ID":3},{"utility":70.5,"ID":4}],[{"utility":14,"ID":2},{"utility":95,"ID":5}],[],[],[]],"CORE :":true,"LAST PARTITION":{"1":2,"2":4,"3":4,"4":2,"5":4}},{"STARTING PARTITION: ":{"1":1,"2":1,"3":1,"4":2,"5":2},"Agents":[null,{"utility":74,"ID":1},{"utility":41.5,"ID":2},{"utility":60,"ID":3},{"utility":67,"ID":4},{"utility":83,"ID":5}],"LAST COALITION":[[],[],[{"utility":74,"ID":1},{"utility":67,"ID":4}],[],[],[{"utility":41.5,"ID":2},{"utility":60,"ID":3},{"utility":83,"ID":5}]],"STARTING COALITION: ":[[null],[{"utility":51.5,"ID":1},{"utility":72,"ID":2},{"utility":36,"ID":3}],[{"utility":38,"ID":4},{"utility":64,"ID":5}],[],[],[]],"CORE :":true,"LAST PARTITION":{"1":2,"2":5,"3":5,"4":2,"5":5}},{"STARTING PARTITION: ":{"1":2,"2":2,"3":2,"4":1,"5":1},"Agents":[null,{"utility":53,"ID":1},{"utility":48.5,"ID":2},{"utility":93,"ID":3},{"utility":72,"ID":4},{"utility":71,"ID":5}],"LAST COALITION":[[],[{"utility":93,"ID":3},{"utility":71,"ID":5}],[{"utility":53,"ID":1},{"utility":48.5,"ID":2},{"utility":72,"ID":4}],[],[],[]],"STARTING COALITION: ":[[null],[{"utility":38,"ID":4},{"utility":64,"ID":5}],[{"utility":51.5,"ID":1},{"utility":72,"ID":2},{"utility":36,"ID":3}],[],[],[]],"CORE :":true,"LAST PARTITION":{"1":2,"2":2,"3":1,"4":2,"5":1}},{"STARTING PARTITION: ":{"1":1,"2":1,"3":2,"4":2,"5":1},"Agents":[null,{"utility":74,"ID":1},{"utility":41.5,"ID":2},{"utility":60,"ID":3},{"utility":67,"ID":4},{"utility":83,"ID":5}],"LAST COALITION":[[],[{"utility":74,"ID":1},{"utility":67,"ID":4}],[{"utility":41.5,"ID":2},{"utility":60,"ID":3},{"utility":83,"ID":5}],[],[],[]],"STARTING COALITION: ":[[null],[{"utility":28,"ID":1},{"utility":44.5,"ID":2},{"utility":52,"ID":5}],[{"utility":55,"ID":3},{"utility":74,"ID":4}],[],[],[]],"CORE :":true,"LAST PARTITION":{"1":1,"2":2,"3":2,"4":1,"5":2}},{"STARTING PARTITION: ":{"1":2,"2":2,"3":1,"4":2,"5":2},"Agents":[null,{"utility":74,"ID":1},{"utility":41.5,"ID":2},{"utility":60,"ID":3},{"utility":67,"ID":4},{"utility":83,"ID":5}],"LAST COALITION":[[],[{"utility":74,"ID":1},{"utility":67,"ID":4}],[],[],[{"utility":41.5,"ID":2},{"utility":60,"ID":3},{"utility":83,"ID":5}],[]],"STARTING COALITION: ":[[null],[{"utility":0,"ID":3}],[{"utility":43.333333333333336,"ID":1},{"utility":37,"ID":2},{"utility":60.666666666666664,"ID":4},{"utility":56,"ID":5}],[],[],[]],"CORE :":true,"LAST PARTITION":{"1":1,"2":4,"3":4,"4":1,"5":4}},{"STARTING PARTITION: ":{"1":1,"2":1,"3":1,"4":1,"5":1},"Agents":[null,{"utility":53,"ID":1},{"utility":48.5,"ID":2},{"utility":93,"ID":3},{"utility":72,"ID":4},{"utility":71,"ID":5}],"LAST COALITION":[[],[{"utility":53,"ID":1},{"utility":48.5,"ID":2},{"utility":72,"ID":4}],[{"utility":93,"ID":3},{"utility":71,"ID":5}],[],[],[]],"STARTING COALITION: ":[[null],[{"utility":50.25,"ID":1},{"utility":45,"ID":2},{"utility":55,"ID":3},{"utility":64,"ID":4},{"utility":59.75,"ID":5}],[],[],[],[]],"CORE :":true,"LAST PARTITION":{"1":1,"2":1,"3":2,"4":1,"5":2}},{"STARTING PARTITION: ":{"1":1,"2":2,"3":2,"4":1,"5":1},"Agents":[null,{"utility":53,"ID":1},{"utility":48.5,"ID":2},{"utility":93,"ID":3},{"utility":72,"ID":4},{"utility":71,"ID":5}],"LAST COALITION":[[],[{"utility":53,"ID":1},{"utility":48.5,"ID":2},{"utility":72,"ID":4}],[],[],[],[{"utility":93,"ID":3},{"utility":71,"ID":5}]],"STARTING COALITION: ":[[null],[{"utility":49,"ID":1},{"utility":52.5,"ID":4},{"utility":36.5,"ID":5}],[{"utility":69,"ID":2},{"utility":27,"ID":3}],[],[],[]],"CORE :":true,"LAST PARTITION":{"1":1,"2":1,"3":5,"4":1,"5":5}},{"STARTING PARTITION: ":{"1":2,"2":1,"3":2,"4":1,"5":2},"Agents":[null,{"utility":53,"ID":1},{"utility":48.5,"ID":2},{"utility":93,"ID":3},{"utility":72,"ID":4},{"utility":71,"ID":5}],"LAST COALITION":[[],[{"utility":53,"ID":1},{"utility":48.5,"ID":2},{"utility":72,"ID":4}],[],[],[],[{"utility":93,"ID":3},{"utility":71,"ID":5}]],"STARTING COALITION: ":[[null],[{"utility":22,"ID":2},{"utility":77,"ID":4}],[{"utility":47.5,"ID":1},{"utility":69,"ID":3},{"utility":40,"ID":5}],[],[],[]],"CORE :":true,"LAST PARTITION":{"1":1,"2":1,"3":5,"4":1,"5":5}},{"STARTING PARTITION: ":{"1":2,"2":1,"3":1,"4":1,"5":1},"Agents":[null,{"utility":53,"ID":1},{"utility":48.5,"ID":2},{"utility":93,"ID":3},{"utility":72,"ID":4},{"utility":71,"ID":5}],"LAST COALITION":[[],[],[],[{"utility":93,"ID":3},{"utility":71,"ID":5}],[{"utility":53,"ID":1},{"utility":48.5,"ID":2},{"utility":72,"ID":4}],[]],"STARTING COALITION: ":[[null],[{"utility":35,"ID":2},{"utility":58.333333333333336,"ID":3},{"utility":63,"ID":4},{"utility":76.66666666666667,"ID":5}],[{"utility":0,"ID":1}],[],[],[]],"CORE :":true,"LAST PARTITION":{"1":4,"2":4,"3":3,"4":4,"5":3}},{"END OF FILE:" : true}]