[{"STARTING PARTITION: ":{"1":1,"2":1,"3":2,"4":2,"5":2},"Agents":[null,{"utility":73,"ID":1},{"utility":75,"ID":2},{"utility":28,"ID":3},{"utility":93,"ID":4},{"utility":0,"ID":5}],"LAST COALITION":[[],[{"utility":75,"ID":2},{"utility":28,"ID":3}],[{"utility":73,"ID":1},{"utility":93,"ID":4}],[{"utility":0,"ID":5}],[],[]],"STARTING COALITION: ":[[null],[{"utility":10,"ID":1},{"utility":16,"ID":2}],[{"utility":53,"ID":3},{"utility":71.5,"ID":4},{"utility":62,"ID":5}],[],[],[]],"CORE :":true,"LAST PARTITION":{"1":2,"2":1,"3":1,"4":2,"5":3}},{"STARTING PARTITION: ":{"1":1,"2":2,"3":1,"4":1,"5":1},"Agents":[null,{"utility":73,"ID":1},{"utility":75,"ID":2},{"utility":28,"ID":3},{"utility":93,"ID":4},{"utility":0,"ID":5}],"LAST COALITION":[[],[{"utility":0,"ID":5}],[],[{"utility":73,"ID":1},{"utility":93,"ID":4}],[{"utility":75,"ID":2},{"utility":28,"ID":3}],[]],"STARTING COALITION: ":[[null],[{"utility":64.66666666666667,"ID":1},{"utility":39.333333333333336,"ID":3},{"utility":78.66666666666667,"ID":4},{"utility":73,"ID":5}],[{"utility":0,"ID":2}],[],[],[]],"CORE :":true,"LAST PARTITION":{"1":3,"2":4,"3":4,"4":3,"5":1}},{"STARTING PARTITION: ":{"1":2,"2":1,"3":2,"4":2,"5":2},"Agents":[null,{"utility":73,"ID":1},{"utility":75,"ID":2},{"utility":28,"ID":3},{"utility":93,"ID":4},{"utility":0,"ID":5}],"LAST COALITION":[[],[],[{"utility":0,"ID":5}],[{"utility":73,"ID":1},{"utility":93,"ID":4}],[{"utility":75,"ID":2},{"utility":28,"ID":3}],[]],"STARTING COALITION: ":[[null],[{"utility":0,"ID":2}],[{"utility":64.66666666666667,"ID":1},{"utility":39.333333333333336,"ID":3},{"utility":78.66666666666667,"ID":4},{"utility":73,"ID":5}],[],[],[]],"CORE :":true,"LAST PARTITION":{"1":3,"2":4,"3":4,"4":3,"5":2}},{"STARTING PARTITION: ":{"1":1,"2":2,"3":2,"4":1,"5":1},"Agents":[null,{"utility":73,"ID":1},{"utility":75,"ID":2},{"utility":28,"ID":3},{"utility":93,"ID":4},{"utility":0,"ID":5}],"LAST COALITION":[[],[{"utility":0,"ID":5}],[{"utility":75,"ID":2},{"utility":28,"ID":3}],[{"utility":73,"ID":1},{"utility":93,"ID":4}],[],[]],"STARTING COALITION: ":[[null],[{"utility":58,"ID":1},{"utility":92.5,"ID":4},{"utility":95,"ID":5}],[{"utility":75,"ID":2},{"utility":28,"ID":3}],[],[],[]],"CORE :":true,"LAST PARTITION":{"1":3,"2":2,"3":2,"4":3,"5":1}},{"STARTING PARTITION: ":{"1":2,"2":1,"3":1,"4":2,"5":1},"Agents":[null,{"utility":73,"ID":1},{"utility":75,"ID":2},{"utility":28,"ID":3},{"utility":93,"ID":4},{"utility":0,"ID":5}],"LAST COALITION":[[],[{"utility":0,"ID":5}],[{"utility":73,"ID":1},{"utility":93,"ID":4}],[{"utility":75,"ID":2},{"utility":28,"ID":3}],[],[]],"STARTING COALITION: ":[[null],[{"utility":62,"ID":2},{"utility":27,"ID":3},{"utility":20.5,"ID":5}],[{"utility":73,"ID":1},{"utility":93,"ID":4}],[],[],[]],"CORE :":true,"LAST PARTITION":{"1":2,"2":3,"3":3,"4":2,"5":1}},{"STARTING PARTITION: ":{"1":2,"2":2,"3":2,"4":2,"5":1},"Agents":[null,{"utility":73,"ID":1},{"utility":75,"ID":2},{"utility":28,"ID":3},{"utility":93,"ID":4},{"utility":0,"ID":5}],"LAST COALITION":[[],[{"utility":73,"ID":1},{"utility":93,"ID":4}],[{"utility":75,"ID":2},{"utility":28,"ID":3}],[{"utility":0,"ID":5}],[],[]],"STARTING COALITION: ":[[null],[{"utility":0,"ID":5}],[{"utility":53.666666666666664,"ID":1},{"utility":34.666666666666664,"ID":2},{"utility":40,"ID":3},{"utility":73.33333333333333,"ID":4}],[],[],[]],"CORE :":true,"LAST PARTITION":{"1":1,"2":2,"3":2,"4":1,"5":3}},{"STARTING PARTITION: ":{"1":1,"2":1,"3":2,"4":2,"5":2},"Agents":[null,{"utility":73,"ID":1},{"utility":75,"ID":2},{"utility":28,"ID":3},{"utility":93,"ID":4},{"utility":0,"ID":5}],"LAST COALITION":[[],[],[{"utility":0,"ID":5}],[{"utility":73,"ID":1},{"utility":93,"ID":4}],[{"utility":75,"ID":2},{"utility":28,"ID":3}],[]],"STARTING COALITION: ":[[null],[{"utility":10,"ID":1},{"utility":16,"ID":2}],[{"utility":53,"ID":3},{"utility":71.5,"ID":4},{"utility":62,"ID":5}],[],[],[]],"CORE :":true,"LAST PARTITION":{"1":3,"2":4,"3":4,"4":3,"5":2}},{"STARTING PARTITION: ":{"1":1,"2":1,"3":1,"4":2,"5":1},"Agents":[null,{"utility":73,"ID":1},{"utility":75,"ID":2},{"utility":28,"ID":3},{"utility":93,"ID":4},{"utility":0,"ID":5}],"LAST COALITION":[[],[],[{"utility":75,"ID":2},{"utility":28,"ID":3}],[],[{"utility":73,"ID":1},{"utility":93,"ID":4}],[{"utility":0,"ID":5}]],"STARTING COALITION: ":[[null],[{"utility":43.666666666666664,"ID":1},{"utility":46.666666666666664,"ID":2},{"utility":22,"ID":3},{"utility":45.333333333333336,"ID":5}],[{"utility":0,"ID":4}],[],[],[]],"CORE :":true,"LAST PARTITION":{"1":4,"2":2,"3":2,"4":4,"5":5}},{"STARTING PARTITION: ":{"1":2,"2":2,"3":1,"4":2,"5":2},"Agents":[null,{"utility":73,"ID":1},{"utility":75,"ID":2},{"utility":28,"ID":3},{"utility":93,"ID":4},{"utility":0,"ID":5}],"LAST COALITION":[[],[{"utility":75,"ID":2},{"utility":28,"ID":3}],[],[{"utility":73,"ID":1},{"utility":93,"ID":4}],[{"utility":0,"ID":5}],[]],"STARTING COALITION: ":[[null],[{"utility":0,"ID":3}],[{"utility":42,"ID":1},{"utility":26,"ID":2},{"utility":87,"ID":4},{"utility":67.33333333333333,"ID":5}],[],[],[]],"CORE :":true,"LAST PARTITION":{"1":3,"2":1,"3":1,"4":3,"5":4}},{"STARTING PARTITION: ":{"1":2,"2":1,"3":2,"4":2,"5":2},"Agents":[null,{"utility":73,"ID":1},{"utility":75,"ID":2},{"utility":28,"ID":3},{"utility":93,"ID":4},{"utility":0,"ID":5}],"LAST COALITION":[[],[],[{"utility":0,"ID":5}],[{"utility":73,"ID":1},{"utility":93,"ID":4}],[{"utility":75,"ID":2},{"utility":28,"ID":3}],[]],"STARTING COALITION: ":[[null],[{"utility":0,"ID":2}],[{"utility":64.66666666666667,"ID":1},{"utility":39.333333333333336,"ID":3},{"utility":78.66666666666667,"ID":4},{"utility":73,"ID":5}],[],[],[]],"CORE :":true,"LAST PARTITION":{"1":3,"2":4,"3":4,"4":3,"5":2}},{"STARTING PARTITION: ":{"1":1,"2":2,"3":2,"4":2,"5":1},"Agents":[null,{"utility":73,"ID":1},{"utility":75,"ID":2},{"utility":28,"ID":3},{"utility":93,"ID":4},{"utility":0,"ID":5}],"LAST COALITION":[[],[{"utility":0,"ID":5}],[{"utility":75,"ID":2},{"utility":28,"ID":3}],[{"utility":73,"ID":1},{"utility":93,"ID":4}],[],[]],"STARTING COALITION: ":[[null],[{"utility":43,"ID":1},{"utility":95,"ID":5}],[{"utility":44,"ID":2},{"utility":54,"ID":3},{"utility":63.5,"ID":4}],[],[],[]],"CORE :":true,"LAST PARTITION":{"1":3,"2":2,"3":2,"4":3,"5":1}},{"STARTING PARTITION: ":{"1":2,"2":2,"3":1,"4":2,"5":2},"Agents":[null,{"utility":73,"ID":1},{"utility":75,"ID":2},{"utility":28,"ID":3},{"utility":93,"ID":4},{"utility":0,"ID":5}],"LAST COALITION":[[],[{"utility":75,"ID":2},{"utility":28,"ID":3}],[{"utility":73,"ID":1},{"utility":93,"ID":4}],[],[],[{"utility":0,"ID":5}]],"STARTING COALITION: ":[[null],[{"utility":0,"ID":3}],[{"utility":42,"ID":1},{"utility":26,"ID":2},{"utility":87,"ID":4},{"utility":67.33333333333333,"ID":5}],[],[],[]],"CORE :":true,"LAST PARTITION":{"1":2,"2":1,"3":1,"4":2,"5":5}},{"STARTING PARTITION: ":{"1":1,"2":1,"3":2,"4":1,"5":2},"Agents":[null,{"utility":73,"ID":1},{"utility":75,"ID":2},{"utility":28,"ID":3},{"utility":93,"ID":4},{"utility":0,"ID":5}],"LAST COALITION":[[],[{"utility":75,"ID":2},{"utility":28,"ID":3}],[],[{"utility":73,"ID":1},{"utility":93,"ID":4}],[{"utility":0,"ID":5}],[]],"STARTING COALITION: ":[[null],[{"utility":41.5,"ID":1},{"utility":14.5,"ID":2},{"utility":84.5,"ID":4}],[{"utility":26,"ID":3},{"utility":29,"ID":5}],[],[],[]],"CORE :":true,"LAST PARTITION":{"1":3,"2":1,"3":1,"4":3,"5":4}},{"STARTING PARTITION: ":{"1":2,"2":2,"3":2,"4":1,"5":2},"Agents":[null,{"utility":73,"ID":1},{"utility":75,"ID":2},{"utility":28,"ID":3},{"utility":93,"ID":4},{"utility":0,"ID":5}],"LAST COALITION":[[],[{"utility":0,"ID":5}],[{"utility":73,"ID":1},{"utility":93,"ID":4}],[],[{"utility":75,"ID":2},{"utility":28,"ID":3}],[]],"STARTING COALITION: ":[[null],[{"utility":0,"ID":4}],[{"utility":43.666666666666664,"ID":1},{"utility":46.666666666666664,"ID":2},{"utility":22,"ID":3},{"utility":45.333333333333336,"ID":5}],[],[],[]],"CORE :":true,"LAST PARTITION":{"1":2,"2":4,"3":4,"4":2,"5":1}},{"STARTING PARTITION: ":{"1":1,"2":1,"3":2,"4":2,"5":1},"Agents":[null,{"utility":73,"ID":1},{"utility":75,"ID":2},{"utility":28,"ID":3},{"utility":93,"ID":4},{"utility":0,"ID":5}],"LAST COALITION":[[],[{"utility":75,"ID":2},{"utility":28,"ID":3}],[],[{"utility":73,"ID":1},{"utility":93,"ID":4}],[{"utility":0,"ID":5}],[]],"STARTING COALITION: ":[[null],[{"utility":26.5,"ID":1},{"utility":32.5,"ID":2},{"utility":53.5,"ID":5}],[{"utility":80,"ID":3},{"utility":51,"ID":4}],[],[],[]],"CORE :":true,"LAST PARTITION":{"1":3,"2":1,"3":1,"4":3,"5":4}},{"STARTING PARTITION: ":{"1":2,"2":2,"3":2,"4":1,"5":1},"Agents":[null,{"utility":73,"ID":1},{"utility":75,"ID":2},{"utility":28,"ID":3},{"utility":93,"ID":4},{"utility":0,"ID":5}],"LAST COALITION":[[],[{"utility":0,"ID":5}],[{"utility":75,"ID":2},{"utility":28,"ID":3}],[{"utility":73,"ID":1},{"utility":93,"ID":4}],[],[]],"STARTING COALITION: ":[[null],[{"utility":92,"ID":4},{"utility":95,"ID":5}],[{"utility":44,"ID":1},{"utility":45.5,"ID":2},{"utility":20,"ID":3}],[],[],[]],"CORE :":true,"LAST PARTITION":{"1":3,"2":2,"3":2,"4":3,"5":1}},{"STARTING PARTITION: ":{"1":1,"2":2,"3":1,"4":2,"5":2},"Agents":[null,{"utility":73,"ID":1},{"utility":75,"ID":2},{"utility":28,"ID":3},{"utility":93,"ID":4},{"utility":0,"ID":5}],"LAST COALITION":[[],[],[{"utility":0,"ID":5}],[{"utility":75,"ID":2},{"utility":28,"ID":3}],[{"utility":73,"ID":1},{"utility":93,"ID":4}],[]],"STARTING COALITION: ":[[null],[{"utility":78,"ID":1},{"utility":12,"ID":3}],[{"utility":31,"ID":2},{"utility":84,"ID":4},{"utility":53.5,"ID":5}],[],[],[]],"CORE :":true,"LAST PARTITION":{"1":4,"2":3,"3":3,"4":4,"5":2}},{"STARTING PARTITION: ":{"1":2,"2":1,"3":1,"4":2,"5":1},"Agents":[null,{"utility":73,"ID":1},{"utility":75,"ID":2},{"utility":28,"ID":3},{"utility":93,"ID":4},{"utility":0,"ID":5}],"LAST COALITION":[[],[{"utility":0,"ID":5}],[{"utility":73,"ID":1},{"utility":93,"ID":4}],[{"utility":75,"ID":2},{"utility":28,"ID":3}],[],[]],"STARTING COALITION: ":[[null],[{"utility":62,"ID":2},{"utility":27,"ID":3},{"utility":20.5,"ID":5}],[{"utility":73,"ID":1},{"utility":93,"ID":4}],[],[],[]],"CORE :":true,"LAST PARTITION":{"1":2,"2":3,"3":3,"4":2,"5":1}},{"STARTING PARTITION: ":{"1":2,"2":2,"3":2,"4":1,"5":2},"Agents":[null,{"utility":73,"ID":1},{"utility":75,"ID":2},{"utility":28,"ID":3},{"utility":93,"ID":4},{"utility":0,"ID":5}],"LAST COALITION":[[],[{"utility":73,"ID":1},{"utility":93,"ID":4}],[{"utility":75,"ID":2},{"utility":28,"ID":3}],[{"utility":0,"ID":5}],[],[]],"STARTING COALITION: ":[[null],[{"utility":0,"ID":4}],[{"utility":43.666666666666664,"ID":1},{"utility":46.666666666666664,"ID":2},{"utility":22,"ID":3},{"utility":45.333333333333336,"ID":5}],[],[],[]],"CORE :":true,"LAST PARTITION":{"1":1,"2":2,"3":2,"4":1,"5":3}},{"STARTING PARTITION: ":{"1":1,"2":1,"3":2,"4":2,"5":1},"Agents":[null,{"utility":73,"ID":1},{"utility":75,"ID":2},{"utility":28,"ID":3},{"utility":93,"ID":4},{"utility":0,"ID":5}],"LAST COALITION":[[],[{"utility":75,"ID":2},{"utility":28,"ID":3}],[{"utility":0,"ID":5}],[{"utility":73,"ID":1},{"utility":93,"ID":4}],[],[]],"STARTING COALITION: ":[[null],[{"utility":26.5,"ID":1},{"utility":32.5,"ID":2},{"utility":53.5,"ID":5}],[{"utility":80,"ID":3},{"utility":51,"ID":4}],[],[],[]],"CORE :":true,"LAST PARTITION":{"1":3,"2":1,"3":1,"4":3,"5":2}},{"END OF FILE:" : true}]