[{"STARTING PARTITION: ":{"1":2,"2":2,"3":2,"4":2,"5":2},"Agents":[null,{"utility":79,"ID":1},{"utility":5,"ID":2},{"utility":0,"ID":3},{"utility":87,"ID":4},{"utility":95,"ID":5}],"LAST COALITION":[[],[{"utility":0,"ID":3}],[{"utility":79,"ID":1},{"utility":5,"ID":2}],[{"utility":87,"ID":4},{"utility":95,"ID":5}],[],[]],"STARTING COALITION: ":[[null],[],[{"utility":52.5,"ID":1},{"utility":34,"ID":2},{"utility":42.25,"ID":3},{"utility":55.75,"ID":4},{"utility":59,"ID":5}],[],[],[]],"CORE :":true,"LAST PARTITION":{"1":2,"2":2,"3":1,"4":3,"5":3}},{"STARTING PARTITION: ":{"1":1,"2":1,"3":2,"4":1,"5":2},"Agents":[null,{"utility":79,"ID":1},{"utility":5,"ID":2},{"utility":0,"ID":3},{"utility":87,"ID":4},{"utility":95,"ID":5}],"LAST COALITION":[[],[{"utility":79,"ID":1},{"utility":5,"ID":2}],[{"utility":0,"ID":3}],[{"utility":87,"ID":4},{"utility":95,"ID":5}],[],[]],"STARTING COALITION: ":[[null],[{"utility":60.5,"ID":1},{"utility":33,"ID":2},{"utility":63.5,"ID":4}],[{"utility":81,"ID":3},{"utility":61,"ID":5}],[],[],[]],"CORE :":true,"LAST PARTITION":{"1":1,"2":1,"3":2,"4":3,"5":3}},{"STARTING PARTITION: ":{"1":2,"2":2,"3":1,"4":2,"5":2},"Agents":[null,{"utility":79,"ID":1},{"utility":5,"ID":2},{"utility":0,"ID":3},{"utility":87,"ID":4},{"utility":95,"ID":5}],"LAST COALITION":[[],[{"utility":87,"ID":4},{"utility":95,"ID":5}],[{"utility":79,"ID":1},{"utility":5,"ID":2}],[{"utility":0,"ID":3}],[],[]],"STARTING COALITION: ":[[null],[{"utility":0,"ID":3}],[{"utility":60.333333333333336,"ID":1},{"utility":44,"ID":2},{"utility":71.33333333333333,"ID":4},{"utility":58.333333333333336,"ID":5}],[],[],[]],"CORE :":true,"LAST PARTITION":{"1":2,"2":2,"3":3,"4":1,"5":1}},{"STARTING PARTITION: ":{"1":1,"2":2,"3":1,"4":1,"5":2},"Agents":[null,{"utility":79,"ID":1},{"utility":5,"ID":2},{"utility":0,"ID":3},{"utility":87,"ID":4},{"utility":95,"ID":5}],"LAST COALITION":[[],[{"utility":0,"ID":3}],[{"utility":79,"ID":1},{"utility":5,"ID":2}],[],[{"utility":87,"ID":4},{"utility":95,"ID":5}],[]],"STARTING COALITION: ":[[null],[{"utility":35.5,"ID":1},{"utility":33,"ID":3},{"utility":38.5,"ID":4}],[{"utility":66,"ID":2},{"utility":21,"ID":5}],[],[],[]],"CORE :":true,"LAST PARTITION":{"1":2,"2":2,"3":1,"4":4,"5":4}},{"STARTING PARTITION: ":{"1":1,"2":2,"3":2,"4":2,"5":2},"Agents":[null,{"utility":79,"ID":1},{"utility":5,"ID":2},{"utility":0,"ID":3},{"utility":87,"ID":4},{"utility":95,"ID":5}],"LAST COALITION":[[],[{"utility":0,"ID":3}],[{"utility":79,"ID":1},{"utility":5,"ID":2}],[],[{"utility":87,"ID":4},{"utility":95,"ID":5}],[]],"STARTING COALITION: ":[[null],[{"utility":0,"ID":1}],[{"utility":43.666666666666664,"ID":2},{"utility":51.333333333333336,"ID":3},{"utility":51.666666666666664,"ID":4},{"utility":59,"ID":5}],[],[],[]],"CORE :":true,"LAST PARTITION":{"1":2,"2":2,"3":1,"4":4,"5":4}},{"STARTING PARTITION: ":{"1":2,"2":1,"3":2,"4":2,"5":1},"Agents":[null,{"utility":79,"ID":1},{"utility":5,"ID":2},{"utility":0,"ID":3},{"utility":87,"ID":4},{"utility":95,"ID":5}],"LAST COALITION":[[],[{"utility":79,"ID":1},{"utility":5,"ID":2}],[],[{"utility":87,"ID":4},{"utility":95,"ID":5}],[{"utility":0,"ID":3}],[]],"STARTING COALITION: ":[[null],[{"utility":66,"ID":2},{"utility":21,"ID":5}],[{"utility":35.5,"ID":1},{"utility":33,"ID":3},{"utility":38.5,"ID":4}],[],[],[]],"CORE :":true,"LAST PARTITION":{"1":1,"2":1,"3":4,"4":3,"5":3}},{"STARTING PARTITION: ":{"1":1,"2":2,"3":2,"4":2,"5":1},"Agents":[null,{"utility":79,"ID":1},{"utility":5,"ID":2},{"utility":0,"ID":3},{"utility":87,"ID":4},{"utility":95,"ID":5}],"LAST COALITION":[[],[],[{"utility":0,"ID":3}],[],[{"utility":87,"ID":4},{"utility":95,"ID":5}],[{"utility":79,"ID":1},{"utility":5,"ID":2}]],"STARTING COALITION: ":[[null],[{"utility":60,"ID":1},{"utility":59,"ID":5}],[{"utility":32.5,"ID":2},{"utility":36.5,"ID":3},{"utility":34,"ID":4}],[],[],[]],"CORE :":true,"LAST PARTITION":{"1":5,"2":5,"3":2,"4":4,"5":4}},{"STARTING PARTITION: ":{"1":2,"2":1,"3":2,"4":1,"5":2},"Agents":[null,{"utility":79,"ID":1},{"utility":5,"ID":2},{"utility":0,"ID":3},{"utility":87,"ID":4},{"utility":95,"ID":5}],"LAST COALITION":[[],[],[{"utility":0,"ID":3}],[{"utility":87,"ID":4},{"utility":95,"ID":5}],[{"utility":79,"ID":1},{"utility":5,"ID":2}],[]],"STARTING COALITION: ":[[null],[{"utility":61,"ID":2},{"utility":59,"ID":4}],[{"utility":44.5,"ID":1},{"utility":48,"ID":3},{"utility":60,"ID":5}],[],[],[]],"CORE :":true,"LAST PARTITION":{"1":4,"2":4,"3":2,"4":3,"5":3}},{"STARTING PARTITION: ":{"1":1,"2":2,"3":1,"4":1,"5":2},"Agents":[null,{"utility":79,"ID":1},{"utility":5,"ID":2},{"utility":0,"ID":3},{"utility":87,"ID":4},{"utility":95,"ID":5}],"LAST COALITION":[[],[{"utility":87,"ID":4},{"utility":95,"ID":5}],[{"utility":0,"ID":3}],[],[{"utility":79,"ID":1},{"utility":5,"ID":2}],[]],"STARTING COALITION: ":[[null],[{"utility":35.5,"ID":1},{"utility":33,"ID":3},{"utility":38.5,"ID":4}],[{"utility":66,"ID":2},{"utility":21,"ID":5}],[],[],[]],"CORE :":true,"LAST PARTITION":{"1":4,"2":4,"3":2,"4":1,"5":1}},{"STARTING PARTITION: ":{"1":1,"2":2,"3":1,"4":2,"5":1},"Agents":[null,{"utility":79,"ID":1},{"utility":5,"ID":2},{"utility":0,"ID":3},{"utility":87,"ID":4},{"utility":95,"ID":5}],"LAST COALITION":[[],[{"utility":0,"ID":3}],[{"utility":87,"ID":4},{"utility":95,"ID":5}],[{"utility":79,"ID":1},{"utility":5,"ID":2}],[],[]],"STARTING COALITION: ":[[null],[{"utility":44.5,"ID":1},{"utility":48,"ID":3},{"utility":60,"ID":5}],[{"utility":61,"ID":2},{"utility":59,"ID":4}],[],[],[]],"CORE :":true,"LAST PARTITION":{"1":3,"2":3,"3":1,"4":2,"5":2}},{"STARTING PARTITION: ":{"1":2,"2":1,"3":2,"4":2,"5":2},"Agents":[null,{"utility":79,"ID":1},{"utility":5,"ID":2},{"utility":0,"ID":3},{"utility":87,"ID":4},{"utility":95,"ID":5}],"LAST COALITION":[[],[{"utility":87,"ID":4},{"utility":95,"ID":5}],[{"utility":79,"ID":1},{"utility":5,"ID":2}],[],[{"utility":0,"ID":3}],[]],"STARTING COALITION: ":[[null],[{"utility":0,"ID":2}],[{"utility":43.666666666666664,"ID":1},{"utility":49,"ID":3},{"utility":54.666666666666664,"ID":4},{"utility":71.66666666666667,"ID":5}],[],[],[]],"CORE :":true,"LAST PARTITION":{"1":2,"2":2,"3":4,"4":1,"5":1}},{"STARTING PARTITION: ":{"1":2,"2":2,"3":1,"4":1,"5":1},"Agents":[null,{"utility":79,"ID":1},{"utility":5,"ID":2},{"utility":0,"ID":3},{"utility":87,"ID":4},{"utility":95,"ID":5}],"LAST COALITION":[[],[{"utility":79,"ID":1},{"utility":5,"ID":2}],[{"utility":0,"ID":3}],[],[{"utility":87,"ID":4},{"utility":95,"ID":5}],[]],"STARTING COALITION: ":[[null],[{"utility":66,"ID":3},{"utility":48,"ID":4},{"utility":78,"ID":5}],[{"utility":79,"ID":1},{"utility":5,"ID":2}],[],[],[]],"CORE :":true,"LAST PARTITION":{"1":1,"2":1,"3":2,"4":4,"5":4}},{"STARTING PARTITION: ":{"1":2,"2":2,"3":2,"4":1,"5":2},"Agents":[null,{"utility":79,"ID":1},{"utility":5,"ID":2},{"utility":0,"ID":3},{"utility":87,"ID":4},{"utility":95,"ID":5}],"LAST COALITION":[[],[{"utility":87,"ID":4},{"utility":95,"ID":5}],[{"utility":0,"ID":3}],[{"utility":79,"ID":1},{"utility":5,"ID":2}],[],[]],"STARTING COALITION: ":[[null],[{"utility":0,"ID":4}],[{"utility":56,"ID":1},{"utility":25,"ID":2},{"utility":39.333333333333336,"ID":3},{"utility":47,"ID":5}],[],[],[]],"CORE :":true,"LAST PARTITION":{"1":3,"2":3,"3":2,"4":1,"5":1}},{"STARTING PARTITION: ":{"1":1,"2":1,"3":1,"4":1,"5":2},"Agents":[null,{"utility":79,"ID":1},{"utility":5,"ID":2},{"utility":0,"ID":3},{"utility":87,"ID":4},{"utility":95,"ID":5}],"LAST COALITION":[[],[{"utility":0,"ID":3}],[{"utility":79,"ID":1},{"utility":5,"ID":2}],[{"utility":87,"ID":4},{"utility":95,"ID":5}],[],[]],"STARTING COALITION: ":[[null],[{"utility":50,"ID":1},{"utility":23.333333333333332,"ID":2},{"utility":29.333333333333332,"ID":3},{"utility":45.333333333333336,"ID":4}],[{"utility":0,"ID":5}],[],[],[]],"CORE :":true,"LAST PARTITION":{"1":2,"2":2,"3":1,"4":3,"5":3}},{"STARTING PARTITION: ":{"1":1,"2":2,"3":1,"4":2,"5":1},"Agents":[null,{"utility":79,"ID":1},{"utility":5,"ID":2},{"utility":0,"ID":3},{"utility":87,"ID":4},{"utility":95,"ID":5}],"LAST COALITION":[[],[{"utility":79,"ID":1},{"utility":5,"ID":2}],[{"utility":87,"ID":4},{"utility":95,"ID":5}],[{"utility":0,"ID":3}],[],[]],"STARTING COALITION: ":[[null],[{"utility":44.5,"ID":1},{"utility":48,"ID":3},{"utility":60,"ID":5}],[{"utility":61,"ID":2},{"utility":59,"ID":4}],[],[],[]],"CORE :":true,"LAST PARTITION":{"1":1,"2":1,"3":3,"4":2,"5":2}},{"STARTING PARTITION: ":{"1":1,"2":1,"3":1,"4":2,"5":2},"Agents":[null,{"utility":79,"ID":1},{"utility":5,"ID":2},{"utility":0,"ID":3},{"utility":87,"ID":4},{"utility":95,"ID":5}],"LAST COALITION":[[],[{"utility":0,"ID":3}],[{"utility":87,"ID":4},{"utility":95,"ID":5}],[{"utility":79,"ID":1},{"utility":5,"ID":2}],[],[]],"STARTING COALITION: ":[[null],[{"utility":54,"ID":1},{"utility":4.5,"ID":2},{"utility":18.5,"ID":3}],[{"utility":87,"ID":4},{"utility":95,"ID":5}],[],[],[]],"CORE :":true,"LAST PARTITION":{"1":3,"2":3,"3":1,"4":2,"5":2}},{"STARTING PARTITION: ":{"1":1,"2":1,"3":1,"4":2,"5":1},"Agents":[null,{"utility":79,"ID":1},{"utility":5,"ID":2},{"utility":0,"ID":3},{"utility":87,"ID":4},{"utility":95,"ID":5}],"LAST COALITION":[[],[{"utility":79,"ID":1},{"utility":5,"ID":2}],[],[{"utility":0,"ID":3}],[{"utility":87,"ID":4},{"utility":95,"ID":5}],[]],"STARTING COALITION: ":[[null],[{"utility":56,"ID":1},{"utility":25,"ID":2},{"utility":39.333333333333336,"ID":3},{"utility":47,"ID":5}],[{"utility":0,"ID":4}],[],[],[]],"CORE :":true,"LAST PARTITION":{"1":1,"2":1,"3":3,"4":4,"5":4}},{"STARTING PARTITION: ":{"1":2,"2":2,"3":2,"4":1,"5":2},"Agents":[null,{"utility":79,"ID":1},{"utility":5,"ID":2},{"utility":0,"ID":3},{"utility":87,"ID":4},{"utility":95,"ID":5}],"LAST COALITION":[[],[{"utility":87,"ID":4},{"utility":95,"ID":5}],[{"utility":0,"ID":3}],[{"utility":79,"ID":1},{"utility":5,"ID":2}],[],[]],"STARTING COALITION: ":[[null],[{"utility":0,"ID":4}],[{"utility":56,"ID":1},{"utility":25,"ID":2},{"utility":39.333333333333336,"ID":3},{"utility":47,"ID":5}],[],[],[]],"CORE :":true,"LAST PARTITION":{"1":3,"2":3,"3":2,"4":1,"5":1}},{"STARTING PARTITION: ":{"1":1,"2":2,"3":2,"4":1,"5":1},"Agents":[null,{"utility":79,"ID":1},{"utility":5,"ID":2},{"utility":0,"ID":3},{"utility":87,"ID":4},{"utility":95,"ID":5}],"LAST COALITION":[[],[{"utility":87,"ID":4},{"utility":95,"ID":5}],[{"utility":0,"ID":3}],[{"utility":79,"ID":1},{"utility":5,"ID":2}],[],[]],"STARTING COALITION: ":[[null],[{"utility":51,"ID":1},{"utility":77.5,"ID":4},{"utility":77,"ID":5}],[{"utility":4,"ID":2},{"utility":22,"ID":3}],[],[],[]],"CORE :":true,"LAST PARTITION":{"1":3,"2":3,"3":2,"4":1,"5":1}},{"STARTING PARTITION: ":{"1":1,"2":1,"3":1,"4":2,"5":1},"Agents":[null,{"utility":79,"ID":1},{"utility":5,"ID":2},{"utility":0,"ID":3},{"utility":87,"ID":4},{"utility":95,"ID":5}],"LAST COALITION":[[],[{"utility":87,"ID":4},{"utility":95,"ID":5}],[{"utility":79,"ID":1},{"utility":5,"ID":2}],[],[{"utility":0,"ID":3}],[]],"STARTING COALITION: ":[[null],[{"utility":56,"ID":1},{"utility":25,"ID":2},{"utility":39.333333333333336,"ID":3},{"utility":47,"ID":5}],[{"utility":0,"ID":4}],[],[],[]],"CORE :":true,"LAST PARTITION":{"1":2,"2":2,"3":4,"4":1,"5":1}},{"END OF FILE:" : true}]