[{"STARTING PARTITION: ":{"1":1,"2":2,"3":2,"4":2,"5":2},"Agents":[null,{"utility":40,"ID":1},{"utility":0,"ID":2},{"utility":79,"ID":3},{"utility":89,"ID":4},{"utility":86,"ID":5}],"LAST COALITION":[[],[{"utility":89,"ID":4},{"utility":86,"ID":5}],[],[{"utility":0,"ID":2}],[{"utility":40,"ID":1},{"utility":79,"ID":3}],[]],"STARTING COALITION: ":[[null],[{"utility":0,"ID":1}],[{"utility":87,"ID":2},{"utility":55.666666666666664,"ID":3},{"utility":65.66666666666667,"ID":4},{"utility":37.666666666666664,"ID":5}],[],[],[]],"CORE :":true,"LAST PARTITION":{"1":4,"2":3,"3":4,"4":1,"5":1}},{"STARTING PARTITION: ":{"1":2,"2":1,"3":2,"4":2,"5":1},"Agents":[null,{"utility":40,"ID":1},{"utility":0,"ID":2},{"utility":79,"ID":3},{"utility":89,"ID":4},{"utility":86,"ID":5}],"LAST COALITION":[[],[{"utility":0,"ID":2}],[],[{"utility":40,"ID":1},{"utility":79,"ID":3}],[{"utility":89,"ID":4},{"utility":86,"ID":5}],[]],"STARTING COALITION: ":[[null],[{"utility":88,"ID":2},{"utility":19,"ID":5}],[{"utility":34,"ID":1},{"utility":76.5,"ID":3},{"utility":37.5,"ID":4}],[],[],[]],"CORE :":true,"LAST PARTITION":{"1":3,"2":1,"3":3,"4":4,"5":4}},{"STARTING PARTITION: ":{"1":1,"2":1,"3":1,"4":2,"5":1},"Agents":[null,{"utility":40,"ID":1},{"utility":0,"ID":2},{"utility":79,"ID":3},{"utility":89,"ID":4},{"utility":86,"ID":5}],"LAST COALITION":[[],[{"utility":0,"ID":2}],[{"utility":89,"ID":4},{"utility":86,"ID":5}],[],[{"utility":40,"ID":1},{"utility":79,"ID":3}],[]],"STARTING COALITION: ":[[null],[{"utility":24,"ID":1},{"utility":57.666666666666664,"ID":2},{"utility":57.333333333333336,"ID":3},{"utility":24.333333333333332,"ID":5}],[{"utility":0,"ID":4}],[],[],[]],"CORE :":true,"LAST PARTITION":{"1":4,"2":1,"3":4,"4":2,"5":2}},{"STARTING PARTITION: ":{"1":1,"2":1,"3":2,"4":2,"5":1},"Agents":[null,{"utility":40,"ID":1},{"utility":0,"ID":2},{"utility":79,"ID":3},{"utility":89,"ID":4},{"utility":86,"ID":5}],"LAST COALITION":[[],[{"utility":0,"ID":2}],[{"utility":89,"ID":4},{"utility":86,"ID":5}],[],[{"utility":40,"ID":1},{"utility":79,"ID":3}],[]],"STARTING COALITION: ":[[null],[{"utility":16,"ID":1},{"utility":45.5,"ID":2},{"utility":32.5,"ID":5}],[{"utility":74,"ID":3},{"utility":51,"ID":4}],[],[],[]],"CORE :":true,"LAST PARTITION":{"1":4,"2":1,"3":4,"4":2,"5":2}},{"STARTING PARTITION: ":{"1":1,"2":2,"3":1,"4":1,"5":1},"Agents":[null,{"utility":40,"ID":1},{"utility":0,"ID":2},{"utility":79,"ID":3},{"utility":89,"ID":4},{"utility":86,"ID":5}],"LAST COALITION":[[],[{"utility":89,"ID":4},{"utility":86,"ID":5}],[{"utility":40,"ID":1},{"utility":79,"ID":3}],[{"utility":0,"ID":2}],[],[]],"STARTING COALITION: ":[[null],[{"utility":32.333333333333336,"ID":1},{"utility":57.666666666666664,"ID":3},{"utility":54.666666666666664,"ID":4},{"utility":46.666666666666664,"ID":5}],[{"utility":0,"ID":2}],[],[],[]],"CORE :":true,"LAST PARTITION":{"1":2,"2":3,"3":2,"4":1,"5":1}},{"STARTING PARTITION: ":{"1":1,"2":1,"3":2,"4":1,"5":2},"Agents":[null,{"utility":40,"ID":1},{"utility":0,"ID":2},{"utility":79,"ID":3},{"utility":89,"ID":4},{"utility":86,"ID":5}],"LAST COALITION":[[],[{"utility":89,"ID":4},{"utility":86,"ID":5}],[],[{"utility":40,"ID":1},{"utility":79,"ID":3}],[{"utility":0,"ID":2}],[]],"STARTING COALITION: ":[[null],[{"utility":15.5,"ID":1},{"utility":47,"ID":2},{"utility":40.5,"ID":4}],[{"utility":20,"ID":3},{"utility":8,"ID":5}],[],[],[]],"CORE :":true,"LAST PARTITION":{"1":3,"2":4,"3":3,"4":1,"5":1}},{"STARTING PARTITION: ":{"1":1,"2":2,"3":2,"4":2,"5":1},"Agents":[null,{"utility":40,"ID":1},{"utility":0,"ID":2},{"utility":79,"ID":3},{"utility":89,"ID":4},{"utility":86,"ID":5}],"LAST COALITION":[[],[],[{"utility":0,"ID":2}],[{"utility":40,"ID":1},{"utility":79,"ID":3}],[{"utility":89,"ID":4},{"utility":86,"ID":5}],[]],"STARTING COALITION: ":[[null],[{"utility":29,"ID":1},{"utility":46,"ID":5}],[{"utility":86.5,"ID":2},{"utility":73.5,"ID":3},{"utility":54,"ID":4}],[],[],[]],"CORE :":true,"LAST PARTITION":{"1":3,"2":2,"3":3,"4":4,"5":4}},{"STARTING PARTITION: ":{"1":2,"2":2,"3":2,"4":1,"5":2},"Agents":[null,{"utility":40,"ID":1},{"utility":0,"ID":2},{"utility":79,"ID":3},{"utility":89,"ID":4},{"utility":86,"ID":5}],"LAST COALITION":[[],[{"utility":40,"ID":1},{"utility":79,"ID":3}],[{"utility":0,"ID":2}],[{"utility":89,"ID":4},{"utility":86,"ID":5}],[],[]],"STARTING COALITION: ":[[null],[{"utility":0,"ID":4}],[{"utility":24,"ID":1},{"utility":57.666666666666664,"ID":2},{"utility":57.333333333333336,"ID":3},{"utility":24.333333333333332,"ID":5}],[],[],[]],"CORE :":true,"LAST PARTITION":{"1":1,"2":2,"3":1,"4":3,"5":3}},{"STARTING PARTITION: ":{"1":2,"2":1,"3":2,"4":1,"5":1},"Agents":[null,{"utility":40,"ID":1},{"utility":0,"ID":2},{"utility":79,"ID":3},{"utility":89,"ID":4},{"utility":86,"ID":5}],"LAST COALITION":[[],[{"utility":0,"ID":2}],[{"utility":40,"ID":1},{"utility":79,"ID":3}],[{"utility":89,"ID":4},{"utility":86,"ID":5}],[],[]],"STARTING COALITION: ":[[null],[{"utility":89.5,"ID":2},{"utility":73,"ID":4},{"utility":52.5,"ID":5}],[{"utility":40,"ID":1},{"utility":79,"ID":3}],[],[],[]],"CORE :":true,"LAST PARTITION":{"1":2,"2":1,"3":2,"4":3,"5":3}},{"STARTING PARTITION: ":{"1":2,"2":1,"3":2,"4":2,"5":1},"Agents":[null,{"utility":40,"ID":1},{"utility":0,"ID":2},{"utility":79,"ID":3},{"utility":89,"ID":4},{"utility":86,"ID":5}],"LAST COALITION":[[],[],[{"utility":89,"ID":4},{"utility":86,"ID":5}],[{"utility":40,"ID":1},{"utility":79,"ID":3}],[{"utility":0,"ID":2}],[]],"STARTING COALITION: ":[[null],[{"utility":88,"ID":2},{"utility":19,"ID":5}],[{"utility":34,"ID":1},{"utility":76.5,"ID":3},{"utility":37.5,"ID":4}],[],[],[]],"CORE :":true,"LAST PARTITION":{"1":3,"2":4,"3":3,"4":2,"5":2}},{"STARTING PARTITION: ":{"1":2,"2":1,"3":1,"4":2,"5":1},"Agents":[null,{"utility":40,"ID":1},{"utility":0,"ID":2},{"utility":79,"ID":3},{"utility":89,"ID":4},{"utility":86,"ID":5}],"LAST COALITION":[[],[{"utility":89,"ID":4},{"utility":86,"ID":5}],[],[{"utility":40,"ID":1},{"utility":79,"ID":3}],[{"utility":0,"ID":2}],[]],"STARTING COALITION: ":[[null],[{"utility":85,"ID":2},{"utility":46.5,"ID":3},{"utility":13.5,"ID":5}],[{"utility":28,"ID":1},{"utility":24,"ID":4}],[],[],[]],"CORE :":true,"LAST PARTITION":{"1":3,"2":4,"3":3,"4":1,"5":1}},{"STARTING PARTITION: ":{"1":2,"2":2,"3":1,"4":2,"5":1},"Agents":[null,{"utility":40,"ID":1},{"utility":0,"ID":2},{"utility":79,"ID":3},{"utility":89,"ID":4},{"utility":86,"ID":5}],"LAST COALITION":[[],[],[{"utility":0,"ID":2}],[{"utility":40,"ID":1},{"utility":79,"ID":3}],[{"utility":89,"ID":4},{"utility":86,"ID":5}],[]],"STARTING COALITION: ":[[null],[{"utility":20,"ID":3},{"utility":8,"ID":5}],[{"utility":15.5,"ID":1},{"utility":47,"ID":2},{"utility":40.5,"ID":4}],[],[],[]],"CORE :":true,"LAST PARTITION":{"1":3,"2":2,"3":3,"4":4,"5":4}},{"STARTING PARTITION: ":{"1":2,"2":1,"3":2,"4":1,"5":1},"Agents":[null,{"utility":40,"ID":1},{"utility":0,"ID":2},{"utility":79,"ID":3},{"utility":89,"ID":4},{"utility":86,"ID":5}],"LAST COALITION":[[],[{"utility":0,"ID":2}],[{"utility":40,"ID":1},{"utility":79,"ID":3}],[{"utility":89,"ID":4},{"utility":86,"ID":5}],[],[]],"STARTING COALITION: ":[[null],[{"utility":89.5,"ID":2},{"utility":73,"ID":4},{"utility":52.5,"ID":5}],[{"utility":40,"ID":1},{"utility":79,"ID":3}],[],[],[]],"CORE :":true,"LAST PARTITION":{"1":2,"2":1,"3":2,"4":3,"5":3}},{"STARTING PARTITION: ":{"1":2,"2":1,"3":1,"4":2,"5":2},"Agents":[null,{"utility":40,"ID":1},{"utility":0,"ID":2},{"utility":79,"ID":3},{"utility":89,"ID":4},{"utility":86,"ID":5}],"LAST COALITION":[[],[{"utility":0,"ID":2}],[],[{"utility":89,"ID":4},{"utility":86,"ID":5}],[{"utility":40,"ID":1},{"utility":79,"ID":3}],[]],"STARTING COALITION: ":[[null],[{"utility":82,"ID":2},{"utility":73,"ID":3}],[{"utility":28.5,"ID":1},{"utility":56.5,"ID":4},{"utility":66,"ID":5}],[],[],[]],"CORE :":true,"LAST PARTITION":{"1":4,"2":1,"3":4,"4":3,"5":3}},{"STARTING PARTITION: ":{"1":1,"2":2,"3":2,"4":1,"5":2},"Agents":[null,{"utility":40,"ID":1},{"utility":0,"ID":2},{"utility":79,"ID":3},{"utility":89,"ID":4},{"utility":86,"ID":5}],"LAST COALITION":[[],[{"utility":40,"ID":1},{"utility":79,"ID":3}],[{"utility":0,"ID":2}],[{"utility":89,"ID":4},{"utility":86,"ID":5}],[],[]],"STARTING COALITION: ":[[null],[{"utility":28,"ID":1},{"utility":24,"ID":4}],[{"utility":85,"ID":2},{"utility":46.5,"ID":3},{"utility":13.5,"ID":5}],[],[],[]],"CORE :":true,"LAST PARTITION":{"1":1,"2":2,"3":1,"4":3,"5":3}},{"STARTING PARTITION: ":{"1":2,"2":2,"3":1,"4":2,"5":1},"Agents":[null,{"utility":40,"ID":1},{"utility":0,"ID":2},{"utility":79,"ID":3},{"utility":89,"ID":4},{"utility":86,"ID":5}],"LAST COALITION":[[],[{"utility":0,"ID":2}],[{"utility":89,"ID":4},{"utility":86,"ID":5}],[],[],[{"utility":40,"ID":1},{"utility":79,"ID":3}]],"STARTING COALITION: ":[[null],[{"utility":20,"ID":3},{"utility":8,"ID":5}],[{"utility":15.5,"ID":1},{"utility":47,"ID":2},{"utility":40.5,"ID":4}],[],[],[]],"CORE :":true,"LAST PARTITION":{"1":5,"2":1,"3":5,"4":2,"5":2}},{"STARTING PARTITION: ":{"1":2,"2":1,"3":2,"4":2,"5":1},"Agents":[null,{"utility":40,"ID":1},{"utility":0,"ID":2},{"utility":79,"ID":3},{"utility":89,"ID":4},{"utility":86,"ID":5}],"LAST COALITION":[[],[{"utility":89,"ID":4},{"utility":86,"ID":5}],[{"utility":40,"ID":1},{"utility":79,"ID":3}],[{"utility":0,"ID":2}],[],[]],"STARTING COALITION: ":[[null],[{"utility":88,"ID":2},{"utility":19,"ID":5}],[{"utility":34,"ID":1},{"utility":76.5,"ID":3},{"utility":37.5,"ID":4}],[],[],[]],"CORE :":true,"LAST PARTITION":{"1":2,"2":3,"3":2,"4":1,"5":1}},{"STARTING PARTITION: ":{"1":2,"2":2,"3":2,"4":2,"5":2},"Agents":[null,{"utility":40,"ID":1},{"utility":0,"ID":2},{"utility":79,"ID":3},{"utility":89,"ID":4},{"utility":86,"ID":5}],"LAST COALITION":[[],[{"utility":40,"ID":1},{"utility":79,"ID":3}],[],[{"utility":0,"ID":2}],[{"utility":89,"ID":4},{"utility":86,"ID":5}],[]],"STARTING COALITION: ":[[null],[],[{"utility":25,"ID":1},{"utility":66,"ID":2},{"utility":61.5,"ID":3},{"utility":55.25,"ID":4},{"utility":39.75,"ID":5}],[],[],[]],"CORE :":true,"LAST PARTITION":{"1":1,"2":3,"3":1,"4":4,"5":4}},{"STARTING PARTITION: ":{"1":2,"2":2,"3":2,"4":1,"5":1},"Agents":[null,{"utility":40,"ID":1},{"utility":0,"ID":2},{"utility":79,"ID":3},{"utility":89,"ID":4},{"utility":86,"ID":5}],"LAST COALITION":[[],[{"utility":89,"ID":4},{"utility":86,"ID":5}],[{"utility":0,"ID":2}],[{"utility":40,"ID":1},{"utility":79,"ID":3}],[],[]],"STARTING COALITION: ":[[null],[{"utility":89,"ID":4},{"utility":86,"ID":5}],[{"utility":21.5,"ID":1},{"utility":42.5,"ID":2},{"utility":76,"ID":3}],[],[],[]],"CORE :":true,"LAST PARTITION":{"1":3,"2":2,"3":3,"4":1,"5":1}},{"STARTING PARTITION: ":{"1":2,"2":1,"3":2,"4":1,"5":1},"Agents":[null,{"utility":40,"ID":1},{"utility":0,"ID":2},{"utility":79,"ID":3},{"utility":89,"ID":4},{"utility":86,"ID":5}],"LAST COALITION":[[],[{"utility":0,"ID":2}],[{"utility":40,"ID":1},{"utility":79,"ID":3}],[{"utility":89,"ID":4},{"utility":86,"ID":5}],[],[]],"STARTING COALITION: ":[[null],[{"utility":89.5,"ID":2},{"utility":73,"ID":4},{"utility":52.5,"ID":5}],[{"utility":40,"ID":1},{"utility":79,"ID":3}],[],[],[]],"CORE :":true,"LAST PARTITION":{"1":2,"2":1,"3":2,"4":3,"5":3}},{"END OF FILE:" : true}]