[{"STARTING PARTITION: ":{"1":1,"2":2,"3":1,"4":1,"5":1},"Agents":[null,{"utility":0,"ID":1},{"utility":88,"ID":2},{"utility":67,"ID":3},{"utility":60,"ID":4},{"utility":92,"ID":5}],"LAST COALITION":[[],[],[{"utility":88,"ID":2},{"utility":60,"ID":4}],[{"utility":0,"ID":1}],[],[{"utility":67,"ID":3},{"utility":92,"ID":5}]],"STARTING COALITION: ":[[null],[{"utility":51.666666666666664,"ID":1},{"utility":70,"ID":3},{"utility":52,"ID":4},{"utility":60.666666666666664,"ID":5}],[{"utility":0,"ID":2}],[],[],[]],"CORE :":true,"LAST PARTITION":{"1":3,"2":2,"3":5,"4":2,"5":5}},{"STARTING PARTITION: ":{"1":2,"2":2,"3":1,"4":2,"5":1},"Agents":[null,{"utility":0,"ID":1},{"utility":88,"ID":2},{"utility":67,"ID":3},{"utility":60,"ID":4},{"utility":92,"ID":5}],"LAST COALITION":[[],[{"utility":67,"ID":3},{"utility":92,"ID":5}],[{"utility":0,"ID":1}],[{"utility":88,"ID":2},{"utility":60,"ID":4}],[],[]],"STARTING COALITION: ":[[null],[{"utility":67,"ID":3},{"utility":92,"ID":5}],[{"utility":39,"ID":1},{"utility":77,"ID":2},{"utility":42,"ID":4}],[],[],[]],"CORE :":true,"LAST PARTITION":{"1":2,"2":3,"3":1,"4":3,"5":1}},{"STARTING PARTITION: ":{"1":1,"2":2,"3":2,"4":1,"5":2},"Agents":[null,{"utility":0,"ID":1},{"utility":88,"ID":2},{"utility":67,"ID":3},{"utility":60,"ID":4},{"utility":92,"ID":5}],"LAST COALITION":[[],[{"utility":0,"ID":1}],[{"utility":67,"ID":3},{"utility":92,"ID":5}],[],[{"utility":88,"ID":2},{"utility":60,"ID":4}],[]],"STARTING COALITION: ":[[null],[{"utility":67,"ID":1},{"utility":24,"ID":4}],[{"utility":40.5,"ID":2},{"utility":81,"ID":3},{"utility":52,"ID":5}],[],[],[]],"CORE :":true,"LAST PARTITION":{"1":1,"2":4,"3":2,"4":4,"5":2}},{"STARTING PARTITION: ":{"1":1,"2":1,"3":1,"4":1,"5":1},"Agents":[null,{"utility":11,"ID":1},{"utility":66,"ID":2},{"utility":73.5,"ID":3},{"utility":66,"ID":4},{"utility":78.5,"ID":5}],"LAST COALITION":[[],[],[{"utility":11,"ID":1},{"utility":66,"ID":2}],[],[{"utility":73.5,"ID":3},{"utility":66,"ID":4},{"utility":78.5,"ID":5}],[]],"STARTING COALITION: ":[[null],[{"utility":41.5,"ID":1},{"utility":58.75,"ID":2},{"utility":76.25,"ID":3},{"utility":54,"ID":4},{"utility":48.5,"ID":5}],[],[],[],[]],"CORE :":true,"LAST PARTITION":{"1":2,"2":2,"3":4,"4":4,"5":4}},{"STARTING PARTITION: ":{"1":1,"2":2,"3":2,"4":2,"5":1},"Agents":[null,{"utility":0,"ID":1},{"utility":88,"ID":2},{"utility":67,"ID":3},{"utility":60,"ID":4},{"utility":92,"ID":5}],"LAST COALITION":[[],[{"utility":0,"ID":1}],[],[{"utility":88,"ID":2},{"utility":60,"ID":4}],[{"utility":67,"ID":3},{"utility":92,"ID":5}],[]],"STARTING COALITION: ":[[null],[{"utility":48,"ID":1},{"utility":25,"ID":5}],[{"utility":76,"ID":2},{"utility":87.5,"ID":3},{"utility":52,"ID":4}],[],[],[]],"CORE :":true,"LAST PARTITION":{"1":1,"2":3,"3":4,"4":3,"5":4}},{"STARTING PARTITION: ":{"1":2,"2":1,"3":2,"4":1,"5":2},"Agents":[null,{"utility":0,"ID":1},{"utility":88,"ID":2},{"utility":67,"ID":3},{"utility":60,"ID":4},{"utility":92,"ID":5}],"LAST COALITION":[[],[{"utility":88,"ID":2},{"utility":60,"ID":4}],[{"utility":0,"ID":1}],[{"utility":67,"ID":3},{"utility":92,"ID":5}],[],[]],"STARTING COALITION: ":[[null],[{"utility":88,"ID":2},{"utility":60,"ID":4}],[{"utility":44,"ID":1},{"utility":65,"ID":3},{"utility":58.5,"ID":5}],[],[],[]],"CORE :":true,"LAST PARTITION":{"1":2,"2":1,"3":3,"4":1,"5":3}},{"STARTING PARTITION: ":{"1":2,"2":2,"3":2,"4":1,"5":1},"Agents":[null,{"utility":25.5,"ID":1},{"utility":65,"ID":2},{"utility":79,"ID":3},{"utility":88,"ID":4},{"utility":65,"ID":5}],"LAST COALITION":[[],[{"utility":88,"ID":4},{"utility":65,"ID":5}],[{"utility":25.5,"ID":1},{"utility":65,"ID":2},{"utility":79,"ID":3}],[],[],[]],"STARTING COALITION: ":[[null],[{"utility":88,"ID":4},{"utility":65,"ID":5}],[{"utility":25.5,"ID":1},{"utility":65,"ID":2},{"utility":79,"ID":3}],[],[],[]],"CORE :":true,"LAST PARTITION":{"1":2,"2":2,"3":2,"4":1,"5":1}},{"STARTING PARTITION: ":{"1":2,"2":2,"3":1,"4":1,"5":1},"Agents":[null,{"utility":11,"ID":1},{"utility":66,"ID":2},{"utility":73.5,"ID":3},{"utility":66,"ID":4},{"utility":78.5,"ID":5}],"LAST COALITION":[[],[{"utility":73.5,"ID":3},{"utility":66,"ID":4},{"utility":78.5,"ID":5}],[{"utility":11,"ID":1},{"utility":66,"ID":2}],[],[],[]],"STARTING COALITION: ":[[null],[{"utility":73.5,"ID":3},{"utility":66,"ID":4},{"utility":78.5,"ID":5}],[{"utility":11,"ID":1},{"utility":66,"ID":2}],[],[],[]],"CORE :":true,"LAST PARTITION":{"1":2,"2":2,"3":1,"4":1,"5":1}},{"STARTING PARTITION: ":{"1":1,"2":1,"3":2,"4":1,"5":2},"Agents":[null,{"utility":25.5,"ID":1},{"utility":65,"ID":2},{"utility":79,"ID":3},{"utility":88,"ID":4},{"utility":65,"ID":5}],"LAST COALITION":[[],[],[],[{"utility":88,"ID":4},{"utility":65,"ID":5}],[{"utility":25.5,"ID":1},{"utility":65,"ID":2},{"utility":79,"ID":3}],[]],"STARTING COALITION: ":[[null],[{"utility":39,"ID":1},{"utility":77,"ID":2},{"utility":42,"ID":4}],[{"utility":67,"ID":3},{"utility":92,"ID":5}],[],[],[]],"CORE :":true,"LAST PARTITION":{"1":4,"2":4,"3":4,"4":3,"5":3}},{"STARTING PARTITION: ":{"1":1,"2":1,"3":2,"4":2,"5":1},"Agents":[null,{"utility":0,"ID":1},{"utility":88,"ID":2},{"utility":67,"ID":3},{"utility":60,"ID":4},{"utility":92,"ID":5}],"LAST COALITION":[[],[{"utility":0,"ID":1}],[],[{"utility":88,"ID":2},{"utility":60,"ID":4}],[{"utility":67,"ID":3},{"utility":92,"ID":5}],[]],"STARTING COALITION: ":[[null],[{"utility":29.5,"ID":1},{"utility":41.5,"ID":2},{"utility":18.5,"ID":5}],[{"utility":80,"ID":3},{"utility":44,"ID":4}],[],[],[]],"CORE :":true,"LAST PARTITION":{"1":1,"2":3,"3":4,"4":3,"5":4}},{"STARTING PARTITION: ":{"1":2,"2":1,"3":1,"4":1,"5":1},"Agents":[null,{"utility":11,"ID":1},{"utility":66,"ID":2},{"utility":73.5,"ID":3},{"utility":66,"ID":4},{"utility":78.5,"ID":5}],"LAST COALITION":[[],[{"utility":73.5,"ID":3},{"utility":66,"ID":4},{"utility":78.5,"ID":5}],[],[{"utility":11,"ID":1},{"utility":66,"ID":2}],[],[]],"STARTING COALITION: ":[[null],[{"utility":56.333333333333336,"ID":2},{"utility":80.66666666666667,"ID":3},{"utility":64,"ID":4},{"utility":56.333333333333336,"ID":5}],[{"utility":0,"ID":1}],[],[],[]],"CORE :":true,"LAST PARTITION":{"1":3,"2":3,"3":1,"4":1,"5":1}},{"STARTING PARTITION: ":{"1":2,"2":1,"3":2,"4":1,"5":2},"Agents":[null,{"utility":0,"ID":1},{"utility":88,"ID":2},{"utility":67,"ID":3},{"utility":60,"ID":4},{"utility":92,"ID":5}],"LAST COALITION":[[],[{"utility":88,"ID":2},{"utility":60,"ID":4}],[{"utility":0,"ID":1}],[{"utility":67,"ID":3},{"utility":92,"ID":5}],[],[]],"STARTING COALITION: ":[[null],[{"utility":88,"ID":2},{"utility":60,"ID":4}],[{"utility":44,"ID":1},{"utility":65,"ID":3},{"utility":58.5,"ID":5}],[],[],[]],"CORE :":true,"LAST PARTITION":{"1":2,"2":1,"3":3,"4":1,"5":3}},{"STARTING PARTITION: ":{"1":2,"2":1,"3":1,"4":1,"5":2},"Agents":[null,{"utility":11,"ID":1},{"utility":66,"ID":2},{"utility":73.5,"ID":3},{"utility":66,"ID":4},{"utility":78.5,"ID":5}],"LAST COALITION":[[],[{"utility":11,"ID":1},{"utility":66,"ID":2}],[],[],[{"utility":73.5,"ID":3},{"utility":66,"ID":4},{"utility":78.5,"ID":5}],[]],"STARTING COALITION: ":[[null],[{"utility":76,"ID":2},{"utility":87.5,"ID":3},{"utility":52,"ID":4}],[{"utility":48,"ID":1},{"utility":25,"ID":5}],[],[],[]],"CORE :":true,"LAST PARTITION":{"1":1,"2":1,"3":4,"4":4,"5":4}},{"STARTING PARTITION: ":{"1":2,"2":1,"3":2,"4":2,"5":2},"Agents":[null,{"utility":0,"ID":1},{"utility":88,"ID":2},{"utility":67,"ID":3},{"utility":60,"ID":4},{"utility":92,"ID":5}],"LAST COALITION":[[],[{"utility":88,"ID":2},{"utility":60,"ID":4}],[{"utility":0,"ID":1}],[],[{"utility":67,"ID":3},{"utility":92,"ID":5}],[]],"STARTING COALITION: ":[[null],[{"utility":0,"ID":2}],[{"utility":51.666666666666664,"ID":1},{"utility":70,"ID":3},{"utility":52,"ID":4},{"utility":60.666666666666664,"ID":5}],[],[],[]],"CORE :":true,"LAST PARTITION":{"1":2,"2":1,"3":4,"4":1,"5":4}},{"STARTING PARTITION: ":{"1":2,"2":2,"3":1,"4":1,"5":1},"Agents":[null,{"utility":11,"ID":1},{"utility":66,"ID":2},{"utility":73.5,"ID":3},{"utility":66,"ID":4},{"utility":78.5,"ID":5}],"LAST COALITION":[[],[{"utility":73.5,"ID":3},{"utility":66,"ID":4},{"utility":78.5,"ID":5}],[{"utility":11,"ID":1},{"utility":66,"ID":2}],[],[],[]],"STARTING COALITION: ":[[null],[{"utility":73.5,"ID":3},{"utility":66,"ID":4},{"utility":78.5,"ID":5}],[{"utility":11,"ID":1},{"utility":66,"ID":2}],[],[],[]],"CORE :":true,"LAST PARTITION":{"1":2,"2":2,"3":1,"4":1,"5":1}},{"STARTING PARTITION: ":{"1":2,"2":2,"3":1,"4":1,"5":2},"Agents":[null,{"utility":0,"ID":1},{"utility":88,"ID":2},{"utility":67,"ID":3},{"utility":60,"ID":4},{"utility":92,"ID":5}],"LAST COALITION":[[],[{"utility":67,"ID":3},{"utility":92,"ID":5}],[{"utility":0,"ID":1}],[{"utility":88,"ID":2},{"utility":60,"ID":4}],[],[]],"STARTING COALITION: ":[[null],[{"utility":80,"ID":3},{"utility":44,"ID":4}],[{"utility":29.5,"ID":1},{"utility":41.5,"ID":2},{"utility":18.5,"ID":5}],[],[],[]],"CORE :":true,"LAST PARTITION":{"1":2,"2":3,"3":1,"4":3,"5":1}},{"STARTING PARTITION: ":{"1":1,"2":2,"3":1,"4":2,"5":2},"Agents":[null,{"utility":0,"ID":1},{"utility":88,"ID":2},{"utility":67,"ID":3},{"utility":60,"ID":4},{"utility":92,"ID":5}],"LAST COALITION":[[],[{"utility":67,"ID":3},{"utility":92,"ID":5}],[],[{"utility":88,"ID":2},{"utility":60,"ID":4}],[{"utility":0,"ID":1}],[]],"STARTING COALITION: ":[[null],[{"utility":40,"ID":1},{"utility":63,"ID":3}],[{"utility":52.5,"ID":2},{"utility":74,"ID":4},{"utility":38.5,"ID":5}],[],[],[]],"CORE :":true,"LAST PARTITION":{"1":4,"2":3,"3":1,"4":3,"5":1}},{"STARTING PARTITION: ":{"1":1,"2":1,"3":1,"4":2,"5":1},"Agents":[null,{"utility":0,"ID":1},{"utility":88,"ID":2},{"utility":67,"ID":3},{"utility":60,"ID":4},{"utility":92,"ID":5}],"LAST COALITION":[[],[],[{"utility":88,"ID":2},{"utility":60,"ID":4}],[{"utility":0,"ID":1}],[{"utility":67,"ID":3},{"utility":92,"ID":5}],[]],"STARTING COALITION: ":[[null],[{"utility":33,"ID":1},{"utility":49,"ID":2},{"utility":75,"ID":3},{"utility":43,"ID":5}],[{"utility":0,"ID":4}],[],[],[]],"CORE :":true,"LAST PARTITION":{"1":3,"2":2,"3":4,"4":2,"5":4}},{"STARTING PARTITION: ":{"1":2,"2":1,"3":2,"4":2,"5":1},"Agents":[null,{"utility":0,"ID":1},{"utility":88,"ID":2},{"utility":67,"ID":3},{"utility":60,"ID":4},{"utility":92,"ID":5}],"LAST COALITION":[[],[{"utility":88,"ID":2},{"utility":60,"ID":4}],[{"utility":67,"ID":3},{"utility":92,"ID":5}],[],[{"utility":0,"ID":1}],[]],"STARTING COALITION: ":[[null],[{"utility":17,"ID":2},{"utility":12,"ID":5}],[{"utility":53.5,"ID":1},{"utility":71.5,"ID":3},{"utility":34,"ID":4}],[],[],[]],"CORE :":true,"LAST PARTITION":{"1":4,"2":1,"3":2,"4":1,"5":2}},{"STARTING PARTITION: ":{"1":2,"2":1,"3":2,"4":1,"5":2},"Agents":[null,{"utility":0,"ID":1},{"utility":88,"ID":2},{"utility":67,"ID":3},{"utility":60,"ID":4},{"utility":92,"ID":5}],"LAST COALITION":[[],[{"utility":88,"ID":2},{"utility":60,"ID":4}],[{"utility":67,"ID":3},{"utility":92,"ID":5}],[],[],[{"utility":0,"ID":1}]],"STARTING COALITION: ":[[null],[{"utility":88,"ID":2},{"utility":60,"ID":4}],[{"utility":44,"ID":1},{"utility":65,"ID":3},{"utility":58.5,"ID":5}],[],[],[]],"CORE :":true,"LAST PARTITION":{"1":5,"2":1,"3":2,"4":1,"5":2}},{"END OF FILE:" : true}]