[{"STARTING PARTITION: ":{"1":1,"2":1,"3":2,"4":1,"5":2},"Agents":[null,{"utility":0,"ID":1},{"utility":25,"ID":2},{"utility":75,"ID":3},{"utility":93,"ID":4},{"utility":74,"ID":5}],"LAST COALITION":[[],[{"utility":25,"ID":2},{"utility":74,"ID":5}],[{"utility":75,"ID":3},{"utility":93,"ID":4}],[{"utility":0,"ID":1}],[],[]],"STARTING COALITION: ":[[null],[{"utility":51.5,"ID":1},{"utility":12,"ID":2},{"utility":40,"ID":4}],[{"utility":6,"ID":3},{"utility":12,"ID":5}],[],[],[]],"CORE :":true,"LAST PARTITION":{"1":3,"2":1,"3":2,"4":2,"5":1}},{"STARTING PARTITION: ":{"1":1,"2":1,"3":1,"4":2,"5":2},"Agents":[null,{"utility":0,"ID":1},{"utility":25,"ID":2},{"utility":75,"ID":3},{"utility":93,"ID":4},{"utility":74,"ID":5}],"LAST COALITION":[[],[],[{"utility":25,"ID":2},{"utility":74,"ID":5}],[{"utility":0,"ID":1}],[{"utility":75,"ID":3},{"utility":93,"ID":4}],[]],"STARTING COALITION: ":[[null],[{"utility":52.5,"ID":1},{"utility":25.5,"ID":2},{"utility":34.5,"ID":3}],[{"utility":10,"ID":4},{"utility":1,"ID":5}],[],[],[]],"CORE :":true,"LAST PARTITION":{"1":3,"2":2,"3":4,"4":4,"5":2}},{"STARTING PARTITION: ":{"1":2,"2":2,"3":2,"4":1,"5":1},"Agents":[null,{"utility":0,"ID":1},{"utility":25,"ID":2},{"utility":75,"ID":3},{"utility":93,"ID":4},{"utility":74,"ID":5}],"LAST COALITION":[[],[{"utility":0,"ID":1}],[{"utility":25,"ID":2},{"utility":74,"ID":5}],[{"utility":75,"ID":3},{"utility":93,"ID":4}],[],[]],"STARTING COALITION: ":[[null],[{"utility":10,"ID":4},{"utility":1,"ID":5}],[{"utility":52.5,"ID":1},{"utility":25.5,"ID":2},{"utility":34.5,"ID":3}],[],[],[]],"CORE :":true,"LAST PARTITION":{"1":1,"2":2,"3":3,"4":3,"5":2}},{"STARTING PARTITION: ":{"1":2,"2":1,"3":2,"4":2,"5":2},"Agents":[null,{"utility":0,"ID":1},{"utility":25,"ID":2},{"utility":75,"ID":3},{"utility":93,"ID":4},{"utility":74,"ID":5}],"LAST COALITION":[[],[{"utility":25,"ID":2},{"utility":74,"ID":5}],[{"utility":0,"ID":1}],[{"utility":75,"ID":3},{"utility":93,"ID":4}],[],[]],"STARTING COALITION: ":[[null],[{"utility":0,"ID":2}],[{"utility":47,"ID":1},{"utility":29.666666666666668,"ID":3},{"utility":46.333333333333336,"ID":4},{"utility":25.333333333333332,"ID":5}],[],[],[]],"CORE :":true,"LAST PARTITION":{"1":2,"2":1,"3":3,"4":3,"5":1}},{"STARTING PARTITION: ":{"1":2,"2":1,"3":1,"4":1,"5":2},"Agents":[null,{"utility":0,"ID":1},{"utility":25,"ID":2},{"utility":75,"ID":3},{"utility":93,"ID":4},{"utility":74,"ID":5}],"LAST COALITION":[[],[{"utility":75,"ID":3},{"utility":93,"ID":4}],[{"utility":0,"ID":1}],[{"utility":25,"ID":2},{"utility":74,"ID":5}],[],[]],"STARTING COALITION: ":[[null],[{"utility":14.5,"ID":2},{"utility":68,"ID":3},{"utility":68.5,"ID":4}],[{"utility":97,"ID":1},{"utility":63,"ID":5}],[],[],[]],"CORE :":true,"LAST PARTITION":{"1":2,"2":3,"3":1,"4":1,"5":3}},{"STARTING PARTITION: ":{"1":1,"2":1,"3":2,"4":2,"5":1},"Agents":[null,{"utility":0,"ID":1},{"utility":25,"ID":2},{"utility":75,"ID":3},{"utility":93,"ID":4},{"utility":74,"ID":5}],"LAST COALITION":[[],[{"utility":0,"ID":1}],[{"utility":75,"ID":3},{"utility":93,"ID":4}],[{"utility":25,"ID":2},{"utility":74,"ID":5}],[],[]],"STARTING COALITION: ":[[null],[{"utility":89.5,"ID":1},{"utility":24,"ID":2},{"utility":68.5,"ID":5}],[{"utility":75,"ID":3},{"utility":93,"ID":4}],[],[],[]],"CORE :":true,"LAST PARTITION":{"1":1,"2":3,"3":2,"4":2,"5":3}},{"STARTING PARTITION: ":{"1":1,"2":2,"3":1,"4":1,"5":1},"Agents":[null,{"utility":0,"ID":1},{"utility":25,"ID":2},{"utility":75,"ID":3},{"utility":93,"ID":4},{"utility":74,"ID":5}],"LAST COALITION":[[],[{"utility":25,"ID":2},{"utility":74,"ID":5}],[{"utility":75,"ID":3},{"utility":93,"ID":4}],[],[{"utility":0,"ID":1}],[]],"STARTING COALITION: ":[[null],[{"utility":47,"ID":1},{"utility":29.666666666666668,"ID":3},{"utility":46.333333333333336,"ID":4},{"utility":25.333333333333332,"ID":5}],[{"utility":0,"ID":2}],[],[],[]],"CORE :":true,"LAST PARTITION":{"1":4,"2":1,"3":2,"4":2,"5":1}},{"STARTING PARTITION: ":{"1":1,"2":1,"3":2,"4":2,"5":2},"Agents":[null,{"utility":0,"ID":1},{"utility":25,"ID":2},{"utility":75,"ID":3},{"utility":93,"ID":4},{"utility":74,"ID":5}],"LAST COALITION":[[],[{"utility":75,"ID":3},{"utility":93,"ID":4}],[{"utility":25,"ID":2},{"utility":74,"ID":5}],[{"utility":0,"ID":1}],[],[]],"STARTING COALITION: ":[[null],[{"utility":82,"ID":1},{"utility":23,"ID":2}],[{"utility":40.5,"ID":3},{"utility":51.5,"ID":4},{"utility":6.5,"ID":5}],[],[],[]],"CORE :":true,"LAST PARTITION":{"1":3,"2":2,"3":1,"4":1,"5":2}},{"STARTING PARTITION: ":{"1":2,"2":2,"3":1,"4":1,"5":2},"Agents":[null,{"utility":0,"ID":1},{"utility":25,"ID":2},{"utility":75,"ID":3},{"utility":93,"ID":4},{"utility":74,"ID":5}],"LAST COALITION":[[],[{"utility":75,"ID":3},{"utility":93,"ID":4}],[{"utility":0,"ID":1}],[{"utility":25,"ID":2},{"utility":74,"ID":5}],[],[]],"STARTING COALITION: ":[[null],[{"utility":75,"ID":3},{"utility":93,"ID":4}],[{"utility":89.5,"ID":1},{"utility":24,"ID":2},{"utility":68.5,"ID":5}],[],[],[]],"CORE :":true,"LAST PARTITION":{"1":2,"2":3,"3":1,"4":1,"5":3}},{"STARTING PARTITION: ":{"1":1,"2":1,"3":2,"4":2,"5":1},"Agents":[null,{"utility":0,"ID":1},{"utility":25,"ID":2},{"utility":75,"ID":3},{"utility":93,"ID":4},{"utility":74,"ID":5}],"LAST COALITION":[[],[{"utility":0,"ID":1}],[{"utility":75,"ID":3},{"utility":93,"ID":4}],[{"utility":25,"ID":2},{"utility":74,"ID":5}],[],[]],"STARTING COALITION: ":[[null],[{"utility":89.5,"ID":1},{"utility":24,"ID":2},{"utility":68.5,"ID":5}],[{"utility":75,"ID":3},{"utility":93,"ID":4}],[],[],[]],"CORE :":true,"LAST PARTITION":{"1":1,"2":3,"3":2,"4":2,"5":3}},{"STARTING PARTITION: ":{"1":1,"2":2,"3":1,"4":1,"5":2},"Agents":[null,{"utility":0,"ID":1},{"utility":25,"ID":2},{"utility":75,"ID":3},{"utility":93,"ID":4},{"utility":74,"ID":5}],"LAST COALITION":[[],[{"utility":0,"ID":1}],[{"utility":25,"ID":2},{"utility":74,"ID":5}],[],[{"utility":75,"ID":3},{"utility":93,"ID":4}],[]],"STARTING COALITION: ":[[null],[{"utility":22,"ID":1},{"utility":41.5,"ID":3},{"utility":64.5,"ID":4}],[{"utility":25,"ID":2},{"utility":74,"ID":5}],[],[],[]],"CORE :":true,"LAST PARTITION":{"1":1,"2":2,"3":4,"4":4,"5":2}},{"STARTING PARTITION: ":{"1":2,"2":2,"3":1,"4":1,"5":2},"Agents":[null,{"utility":0,"ID":1},{"utility":25,"ID":2},{"utility":75,"ID":3},{"utility":93,"ID":4},{"utility":74,"ID":5}],"LAST COALITION":[[],[{"utility":75,"ID":3},{"utility":93,"ID":4}],[{"utility":0,"ID":1}],[{"utility":25,"ID":2},{"utility":74,"ID":5}],[],[]],"STARTING COALITION: ":[[null],[{"utility":75,"ID":3},{"utility":93,"ID":4}],[{"utility":89.5,"ID":1},{"utility":24,"ID":2},{"utility":68.5,"ID":5}],[],[],[]],"CORE :":true,"LAST PARTITION":{"1":2,"2":3,"3":1,"4":1,"5":3}},{"STARTING PARTITION: ":{"1":2,"2":2,"3":2,"4":1,"5":2},"Agents":[null,{"utility":0,"ID":1},{"utility":25,"ID":2},{"utility":75,"ID":3},{"utility":93,"ID":4},{"utility":74,"ID":5}],"LAST COALITION":[[],[{"utility":25,"ID":2},{"utility":74,"ID":5}],[],[{"utility":0,"ID":1}],[{"utility":75,"ID":3},{"utility":93,"ID":4}],[]],"STARTING COALITION: ":[[null],[{"utility":0,"ID":4}],[{"utility":67.33333333333333,"ID":1},{"utility":25.333333333333332,"ID":2},{"utility":25,"ID":3},{"utility":49.666666666666664,"ID":5}],[],[],[]],"CORE :":true,"LAST PARTITION":{"1":3,"2":1,"3":4,"4":4,"5":1}},{"STARTING PARTITION: ":{"1":1,"2":1,"3":1,"4":2,"5":1},"Agents":[null,{"utility":0,"ID":1},{"utility":25,"ID":2},{"utility":75,"ID":3},{"utility":93,"ID":4},{"utility":74,"ID":5}],"LAST COALITION":[[],[{"utility":0,"ID":1}],[{"utility":25,"ID":2},{"utility":74,"ID":5}],[],[{"utility":75,"ID":3},{"utility":93,"ID":4}],[]],"STARTING COALITION: ":[[null],[{"utility":67.33333333333333,"ID":1},{"utility":25.333333333333332,"ID":2},{"utility":25,"ID":3},{"utility":49.666666666666664,"ID":5}],[{"utility":0,"ID":4}],[],[],[]],"CORE :":true,"LAST PARTITION":{"1":1,"2":2,"3":4,"4":4,"5":2}},{"STARTING PARTITION: ":{"1":2,"2":1,"3":1,"4":1,"5":2},"Agents":[null,{"utility":0,"ID":1},{"utility":25,"ID":2},{"utility":75,"ID":3},{"utility":93,"ID":4},{"utility":74,"ID":5}],"LAST COALITION":[[],[],[{"utility":0,"ID":1}],[{"utility":75,"ID":3},{"utility":93,"ID":4}],[{"utility":25,"ID":2},{"utility":74,"ID":5}],[]],"STARTING COALITION: ":[[null],[{"utility":14.5,"ID":2},{"utility":68,"ID":3},{"utility":68.5,"ID":4}],[{"utility":97,"ID":1},{"utility":63,"ID":5}],[],[],[]],"CORE :":true,"LAST PARTITION":{"1":2,"2":4,"3":3,"4":3,"5":4}},{"STARTING PARTITION: ":{"1":2,"2":2,"3":1,"4":1,"5":2},"Agents":[null,{"utility":0,"ID":1},{"utility":25,"ID":2},{"utility":75,"ID":3},{"utility":93,"ID":4},{"utility":74,"ID":5}],"LAST COALITION":[[],[{"utility":75,"ID":3},{"utility":93,"ID":4}],[{"utility":0,"ID":1}],[{"utility":25,"ID":2},{"utility":74,"ID":5}],[],[]],"STARTING COALITION: ":[[null],[{"utility":75,"ID":3},{"utility":93,"ID":4}],[{"utility":89.5,"ID":1},{"utility":24,"ID":2},{"utility":68.5,"ID":5}],[],[],[]],"CORE :":true,"LAST PARTITION":{"1":2,"2":3,"3":1,"4":1,"5":3}},{"STARTING PARTITION: ":{"1":1,"2":2,"3":2,"4":2,"5":1},"Agents":[null,{"utility":0,"ID":1},{"utility":25,"ID":2},{"utility":75,"ID":3},{"utility":93,"ID":4},{"utility":74,"ID":5}],"LAST COALITION":[[],[{"utility":0,"ID":1}],[],[{"utility":75,"ID":3},{"utility":93,"ID":4}],[{"utility":25,"ID":2},{"utility":74,"ID":5}],[]],"STARTING COALITION: ":[[null],[{"utility":97,"ID":1},{"utility":63,"ID":5}],[{"utility":14.5,"ID":2},{"utility":68,"ID":3},{"utility":68.5,"ID":4}],[],[],[]],"CORE :":true,"LAST PARTITION":{"1":1,"2":4,"3":3,"4":3,"5":4}},{"STARTING PARTITION: ":{"1":2,"2":1,"3":2,"4":2,"5":2},"Agents":[null,{"utility":0,"ID":1},{"utility":25,"ID":2},{"utility":75,"ID":3},{"utility":93,"ID":4},{"utility":74,"ID":5}],"LAST COALITION":[[],[{"utility":75,"ID":3},{"utility":93,"ID":4}],[{"utility":0,"ID":1}],[{"utility":25,"ID":2},{"utility":74,"ID":5}],[],[]],"STARTING COALITION: ":[[null],[{"utility":0,"ID":2}],[{"utility":47,"ID":1},{"utility":29.666666666666668,"ID":3},{"utility":46.333333333333336,"ID":4},{"utility":25.333333333333332,"ID":5}],[],[],[]],"CORE :":true,"LAST PARTITION":{"1":2,"2":3,"3":1,"4":1,"5":3}},{"STARTING PARTITION: ":{"1":2,"2":2,"3":2,"4":2,"5":1},"Agents":[null,{"utility":0,"ID":1},{"utility":25,"ID":2},{"utility":75,"ID":3},{"utility":93,"ID":4},{"utility":74,"ID":5}],"LAST COALITION":[[],[{"utility":25,"ID":2},{"utility":74,"ID":5}],[],[{"utility":75,"ID":3},{"utility":93,"ID":4}],[{"utility":0,"ID":1}],[]],"STARTING COALITION: ":[[null],[{"utility":0,"ID":5}],[{"utility":42,"ID":1},{"utility":17.333333333333332,"ID":2},{"utility":48,"ID":3},{"utility":57.666666666666664,"ID":4}],[],[],[]],"CORE :":true,"LAST PARTITION":{"1":4,"2":1,"3":3,"4":3,"5":1}},{"STARTING PARTITION: ":{"1":2,"2":1,"3":2,"4":1,"5":1},"Agents":[null,{"utility":0,"ID":1},{"utility":25,"ID":2},{"utility":75,"ID":3},{"utility":93,"ID":4},{"utility":74,"ID":5}],"LAST COALITION":[[],[{"utility":0,"ID":1}],[],[{"utility":25,"ID":2},{"utility":74,"ID":5}],[{"utility":75,"ID":3},{"utility":93,"ID":4}],[]],"STARTING COALITION: ":[[null],[{"utility":13,"ID":2},{"utility":27,"ID":4},{"utility":37.5,"ID":5}],[{"utility":23,"ID":1},{"utility":8,"ID":3}],[],[],[]],"CORE :":true,"LAST PARTITION":{"1":1,"2":3,"3":4,"4":4,"5":3}},{"END OF FILE:" : true}]