[{"Modalità dinamica :":false,"Q : ":4,"STARTING PARTITION: ":{"22":8,"23":15,"24":15,"25":6,"26":5,"27":10,"28":2,"29":5,"30":15,"10":8,"11":8,"12":10,"13":12,"14":7,"15":8,"16":6,"17":1,"18":5,"19":15,"1":13,"2":14,"3":14,"4":10,"5":12,"6":2,"7":11,"8":13,"9":4,"20":9,"21":9},"LAST COALITION":[[],[{"utility":0,"ID":12}],[{"utility":97,"ID":21},{"utility":92,"ID":7}],[{"utility":0,"ID":16}],[{"utility":98,"ID":6},{"utility":36,"ID":15}],[{"utility":89,"ID":26},{"utility":22,"ID":29}],[{"utility":0,"ID":25}],[{"utility":0,"ID":23}],[{"utility":53.5,"ID":10},{"utility":63.5,"ID":11},{"utility":27.5,"ID":22}],[{"utility":0,"ID":20}],[{"utility":0,"ID":27}],[{"utility":82,"ID":8},{"utility":68,"ID":9}],[{"utility":0,"ID":14}],[{"utility":0,"ID":4}],[{"utility":98,"ID":3},{"utility":94,"ID":13}],[{"utility":45,"ID":19},{"utility":47.5,"ID":24},{"utility":62.5,"ID":30}],[{"utility":95,"ID":1},{"utility":62,"ID":18}],[{"utility":98,"ID":17},{"utility":93,"ID":5}],[{"utility":0,"ID":28}],[{"utility":0,"ID":2}],[],[],[],[],[],[],[],[],[],[],[]],"STARTING COALITION: ":[[null],[{"utility":0,"ID":17}],[{"utility":76,"ID":6},{"utility":5,"ID":28}],[],[{"utility":0,"ID":9}],[{"utility":52.5,"ID":18},{"utility":77,"ID":26},{"utility":37,"ID":29}],[{"utility":8,"ID":16},{"utility":15,"ID":25}],[{"utility":0,"ID":14}],[{"utility":42.666666666666664,"ID":10},{"utility":44.333333333333336,"ID":11},{"utility":60.333333333333336,"ID":15},{"utility":51,"ID":22}],[{"utility":6,"ID":20},{"utility":53,"ID":21}],[{"utility":52,"ID":4},{"utility":69.5,"ID":12},{"utility":19,"ID":27}],[{"utility":0,"ID":7}],[{"utility":37,"ID":5},{"utility":27,"ID":13}],[{"utility":53,"ID":1},{"utility":80,"ID":8}],[{"utility":25,"ID":2},{"utility":48,"ID":3}],[{"utility":30.666666666666668,"ID":19},{"utility":78.66666666666667,"ID":23},{"utility":54,"ID":24},{"utility":52,"ID":30}],[],[],[],[],[],[],[],[],[],[],[],[],[],[],[]],"CORE :":false,"Relazioni :":870,"Time : ":0.1,"LAST PARTITION":{"22":8,"23":7,"24":15,"25":6,"26":5,"27":10,"28":18,"29":5,"30":15,"10":8,"11":8,"12":1,"13":14,"14":12,"15":4,"16":3,"17":17,"18":16,"19":15,"1":16,"2":19,"3":14,"4":13,"5":17,"6":4,"7":2,"8":11,"9":11,"20":9,"21":2}},{"Modalità dinamica :":false,"Q : ":5,"STARTING PARTITION: ":{"22":8,"23":15,"24":15,"25":6,"26":5,"27":10,"28":2,"29":5,"30":15,"10":8,"11":8,"12":10,"13":12,"14":7,"15":8,"16":6,"17":1,"18":5,"19":15,"1":13,"2":14,"3":14,"4":10,"5":12,"6":2,"7":11,"8":13,"9":4,"20":9,"21":9},"LAST COALITION":[[],[{"utility":0,"ID":12}],[{"utility":97,"ID":21},{"utility":92,"ID":7}],[{"utility":0,"ID":16}],[{"utility":98,"ID":6},{"utility":36,"ID":15}],[{"utility":89,"ID":26},{"utility":22,"ID":29}],[{"utility":0,"ID":25}],[{"utility":0,"ID":23}],[{"utility":53.5,"ID":10},{"utility":63.5,"ID":11},{"utility":27.5,"ID":22}],[{"utility":0,"ID":20}],[{"utility":0,"ID":27}],[],[{"utility":0,"ID":14}],[{"utility":88,"ID":4},{"utility":12,"ID":9}],[{"utility":98,"ID":3},{"utility":94,"ID":13}],[{"utility":45,"ID":19},{"utility":47.5,"ID":24},{"utility":62.5,"ID":30}],[{"utility":95,"ID":1},{"utility":62,"ID":18}],[{"utility":98,"ID":17},{"utility":93,"ID":5}],[{"utility":0,"ID":28}],[{"utility":83,"ID":2},{"utility":72,"ID":8}],[],[],[],[],[],[],[],[],[],[],[]],"STARTING COALITION: ":[[null],[{"utility":0,"ID":17}],[{"utility":76,"ID":6},{"utility":5,"ID":28}],[],[{"utility":0,"ID":9}],[{"utility":52.5,"ID":18},{"utility":77,"ID":26},{"utility":37,"ID":29}],[{"utility":8,"ID":16},{"utility":15,"ID":25}],[{"utility":0,"ID":14}],[{"utility":42.666666666666664,"ID":10},{"utility":44.333333333333336,"ID":11},{"utility":60.333333333333336,"ID":15},{"utility":51,"ID":22}],[{"utility":6,"ID":20},{"utility":53,"ID":21}],[{"utility":52,"ID":4},{"utility":69.5,"ID":12},{"utility":19,"ID":27}],[{"utility":0,"ID":7}],[{"utility":37,"ID":5},{"utility":27,"ID":13}],[{"utility":53,"ID":1},{"utility":80,"ID":8}],[{"utility":25,"ID":2},{"utility":48,"ID":3}],[{"utility":30.666666666666668,"ID":19},{"utility":78.66666666666667,"ID":23},{"utility":54,"ID":24},{"utility":52,"ID":30}],[],[],[],[],[],[],[],[],[],[],[],[],[],[],[]],"CORE :":false,"Relazioni :":870,"Time : ":0.1,"LAST PARTITION":{"22":8,"23":7,"24":15,"25":6,"26":5,"27":10,"28":18,"29":5,"30":15,"10":8,"11":8,"12":1,"13":14,"14":12,"15":4,"16":3,"17":17,"18":16,"19":15,"1":16,"2":19,"3":14,"4":13,"5":17,"6":4,"7":2,"8":19,"9":13,"20":9,"21":2}},{"Modalità dinamica :":false,"Q : ":6,"STARTING PARTITION: ":{"22":8,"23":15,"24":15,"25":6,"26":5,"27":10,"28":2,"29":5,"30":15,"10":8,"11":8,"12":10,"13":12,"14":7,"15":8,"16":6,"17":1,"18":5,"19":15,"1":13,"2":14,"3":14,"4":10,"5":12,"6":2,"7":11,"8":13,"9":4,"20":9,"21":9},"LAST COALITION":[[],[{"utility":0,"ID":12}],[{"utility":97,"ID":21},{"utility":92,"ID":7}],[{"utility":0,"ID":16}],[{"utility":98,"ID":6},{"utility":36,"ID":15}],[{"utility":89,"ID":26},{"utility":22,"ID":29}],[{"utility":0,"ID":25}],[{"utility":0,"ID":23}],[{"utility":53.5,"ID":10},{"utility":63.5,"ID":11},{"utility":27.5,"ID":22}],[{"utility":0,"ID":20}],[{"utility":0,"ID":27}],[{"utility":0,"ID":4}],[{"utility":0,"ID":14}],[{"utility":82,"ID":8},{"utility":68,"ID":9}],[{"utility":98,"ID":3},{"utility":94,"ID":13}],[{"utility":45,"ID":19},{"utility":47.5,"ID":24},{"utility":62.5,"ID":30}],[{"utility":95,"ID":1},{"utility":62,"ID":18}],[{"utility":98,"ID":17},{"utility":93,"ID":5}],[{"utility":0,"ID":28}],[{"utility":0,"ID":2}],[],[],[],[],[],[],[],[],[],[],[]],"STARTING COALITION: ":[[null],[{"utility":0,"ID":17}],[{"utility":76,"ID":6},{"utility":5,"ID":28}],[],[{"utility":0,"ID":9}],[{"utility":52.5,"ID":18},{"utility":77,"ID":26},{"utility":37,"ID":29}],[{"utility":8,"ID":16},{"utility":15,"ID":25}],[{"utility":0,"ID":14}],[{"utility":42.666666666666664,"ID":10},{"utility":44.333333333333336,"ID":11},{"utility":60.333333333333336,"ID":15},{"utility":51,"ID":22}],[{"utility":6,"ID":20},{"utility":53,"ID":21}],[{"utility":52,"ID":4},{"utility":69.5,"ID":12},{"utility":19,"ID":27}],[{"utility":0,"ID":7}],[{"utility":37,"ID":5},{"utility":27,"ID":13}],[{"utility":53,"ID":1},{"utility":80,"ID":8}],[{"utility":25,"ID":2},{"utility":48,"ID":3}],[{"utility":30.666666666666668,"ID":19},{"utility":78.66666666666667,"ID":23},{"utility":54,"ID":24},{"utility":52,"ID":30}],[],[],[],[],[],[],[],[],[],[],[],[],[],[],[]],"CORE :":false,"Relazioni :":870,"Time : ":0.1,"LAST PARTITION":{"22":8,"23":7,"24":15,"25":6,"26":5,"27":10,"28":18,"29":5,"30":15,"10":8,"11":8,"12":1,"13":14,"14":12,"15":4,"16":3,"17":17,"18":16,"19":15,"1":16,"2":19,"3":14,"4":11,"5":17,"6":4,"7":2,"8":13,"9":13,"20":9,"21":2}},{"Modalità dinamica :":true,"Q : ":4,"STARTING PARTITION: ":{"22":8,"23":15,"24":15,"25":6,"26":5,"27":10,"28":2,"29":5,"30":15,"10":8,"11":8,"12":10,"13":12,"14":7,"15":8,"16":6,"17":1,"18":5,"19":15,"1":13,"2":14,"3":14,"4":10,"5":12,"6":2,"7":11,"8":13,"9":4,"20":9,"21":9},"LAST COALITION":[[],[{"utility":81,"ID":2},{"utility":99,"ID":9}],[{"utility":0,"ID":6}],[{"utility":0,"ID":30}],[{"utility":0,"ID":5}],[{"utility":74,"ID":1},{"utility":84,"ID":25}],[{"utility":50,"ID":4},{"utility":72,"ID":12}],[{"utility":98,"ID":13},{"utility":99,"ID":19}],[{"utility":92,"ID":16},{"utility":87,"ID":21}],[],[{"utility":80,"ID":11},{"utility":98,"ID":27}],[{"utility":74,"ID":8},{"utility":26,"ID":26}],[{"utility":65,"ID":3},{"utility":98,"ID":14}],[],[{"utility":75,"ID":15},{"utility":98,"ID":22}],[{"utility":86,"ID":18},{"utility":99,"ID":24}],[{"utility":53,"ID":10},{"utility":48,"ID":20}],[{"utility":15,"ID":7},{"utility":23,"ID":17}],[{"utility":72,"ID":23},{"utility":82.5,"ID":28},{"utility":47,"ID":29}],[],[],[],[],[],[],[],[],[],[],[],[]],"STARTING COALITION: ":[[null],[{"utility":0,"ID":17}],[{"utility":76,"ID":6},{"utility":5,"ID":28}],[],[{"utility":0,"ID":9}],[{"utility":52.5,"ID":18},{"utility":77,"ID":26},{"utility":37,"ID":29}],[{"utility":8,"ID":16},{"utility":15,"ID":25}],[{"utility":0,"ID":14}],[{"utility":42.666666666666664,"ID":10},{"utility":44.333333333333336,"ID":11},{"utility":60.333333333333336,"ID":15},{"utility":51,"ID":22}],[{"utility":6,"ID":20},{"utility":53,"ID":21}],[{"utility":52,"ID":4},{"utility":69.5,"ID":12},{"utility":19,"ID":27}],[{"utility":0,"ID":7}],[{"utility":37,"ID":5},{"utility":27,"ID":13}],[{"utility":53,"ID":1},{"utility":80,"ID":8}],[{"utility":25,"ID":2},{"utility":48,"ID":3}],[{"utility":30.666666666666668,"ID":19},{"utility":78.66666666666667,"ID":23},{"utility":54,"ID":24},{"utility":52,"ID":30}],[],[],[],[],[],[],[],[],[],[],[],[],[],[],[]],"CORE :":false,"Relazioni :":870,"Time : ":0.1,"LAST PARTITION":{"22":14,"23":18,"24":15,"25":5,"26":11,"27":10,"28":18,"29":18,"30":3,"10":16,"11":10,"12":6,"13":7,"14":12,"15":14,"16":8,"17":17,"18":15,"19":7,"1":5,"2":1,"3":12,"4":6,"5":4,"6":2,"7":17,"8":11,"9":1,"20":16,"21":8}},{"Modalità dinamica :":true,"Q : ":5,"STARTING PARTITION: ":{"22":8,"23":15,"24":15,"25":6,"26":5,"27":10,"28":2,"29":5,"30":15,"10":8,"11":8,"12":10,"13":12,"14":7,"15":8,"16":6,"17":1,"18":5,"19":15,"1":13,"2":14,"3":14,"4":10,"5":12,"6":2,"7":11,"8":13,"9":4,"20":9,"21":9},"LAST COALITION":[[],[{"utility":57,"ID":4},{"utility":80,"ID":14}],[{"utility":99,"ID":15},{"utility":92,"ID":28}],[{"utility":74,"ID":1},{"utility":84,"ID":25}],[{"utility":92,"ID":11},{"utility":81,"ID":26}],[{"utility":0,"ID":8}],[{"utility":85,"ID":16},{"utility":97,"ID":29}],[{"utility":8,"ID":12},{"utility":60,"ID":20}],[],[{"utility":92,"ID":3},{"utility":67,"ID":6}],[{"utility":70,"ID":10},{"utility":82,"ID":27}],[],[{"utility":81,"ID":2},{"utility":99,"ID":9}],[{"utility":92,"ID":7},{"utility":97,"ID":21}],[{"utility":99,"ID":22},{"utility":59,"ID":30}],[{"utility":93,"ID":5},{"utility":98,"ID":17}],[],[{"utility":86,"ID":18},{"utility":99,"ID":24}],[{"utility":98,"ID":13},{"utility":99,"ID":19}],[{"utility":0,"ID":23}],[],[],[],[],[],[],[],[],[],[],[]],"STARTING COALITION: ":[[null],[{"utility":0,"ID":17}],[{"utility":76,"ID":6},{"utility":5,"ID":28}],[],[{"utility":0,"ID":9}],[{"utility":52.5,"ID":18},{"utility":77,"ID":26},{"utility":37,"ID":29}],[{"utility":8,"ID":16},{"utility":15,"ID":25}],[{"utility":0,"ID":14}],[{"utility":42.666666666666664,"ID":10},{"utility":44.333333333333336,"ID":11},{"utility":60.333333333333336,"ID":15},{"utility":51,"ID":22}],[{"utility":6,"ID":20},{"utility":53,"ID":21}],[{"utility":52,"ID":4},{"utility":69.5,"ID":12},{"utility":19,"ID":27}],[{"utility":0,"ID":7}],[{"utility":37,"ID":5},{"utility":27,"ID":13}],[{"utility":53,"ID":1},{"utility":80,"ID":8}],[{"utility":25,"ID":2},{"utility":48,"ID":3}],[{"utility":30.666666666666668,"ID":19},{"utility":78.66666666666667,"ID":23},{"utility":54,"ID":24},{"utility":52,"ID":30}],[],[],[],[],[],[],[],[],[],[],[],[],[],[],[]],"CORE :":false,"Relazioni :":870,"Time : ":0.1,"LAST PARTITION":{"22":14,"23":19,"24":17,"25":3,"26":4,"27":10,"28":2,"29":6,"30":14,"10":10,"11":4,"12":7,"13":18,"14":1,"15":2,"16":6,"17":15,"18":17,"19":18,"1":3,"2":12,"3":9,"4":1,"5":15,"6":9,"7":13,"8":5,"9":12,"20":7,"21":13}},{"Modalità dinamica :":true,"Q : ":6,"STARTING PARTITION: ":{"22":8,"23":15,"24":15,"25":6,"26":5,"27":10,"28":2,"29":5,"30":15,"10":8,"11":8,"12":10,"13":12,"14":7,"15":8,"16":6,"17":1,"18":5,"19":15,"1":13,"2":14,"3":14,"4":10,"5":12,"6":2,"7":11,"8":13,"9":4,"20":9,"21":9},"LAST COALITION":[[],[{"utility":41.5,"ID":2},{"utility":50,"ID":4},{"utility":79.5,"ID":20}],[{"utility":86,"ID":7},{"utility":61,"ID":25}],[{"utility":32,"ID":6},{"utility":82,"ID":22}],[{"utility":73,"ID":14},{"utility":93,"ID":28}],[{"utility":35,"ID":18},{"utility":78,"ID":23}],[],[],[{"utility":93,"ID":5},{"utility":98,"ID":17}],[{"utility":92,"ID":11},{"utility":81,"ID":26}],[{"utility":98,"ID":13},{"utility":99,"ID":19}],[{"utility":92,"ID":8},{"utility":89,"ID":24}],[{"utility":88,"ID":10},{"utility":95,"ID":29}],[{"utility":92,"ID":16},{"utility":87,"ID":21}],[{"utility":32,"ID":3},{"utility":91,"ID":15}],[],[{"utility":71,"ID":1},{"utility":68,"ID":27}],[],[{"utility":64,"ID":9},{"utility":96,"ID":12},{"utility":50.5,"ID":30}],[],[],[],[],[],[],[],[],[],[],[],[]],"STARTING COALITION: ":[[null],[{"utility":0,"ID":17}],[{"utility":76,"ID":6},{"utility":5,"ID":28}],[],[{"utility":0,"ID":9}],[{"utility":52.5,"ID":18},{"utility":77,"ID":26},{"utility":37,"ID":29}],[{"utility":8,"ID":16},{"utility":15,"ID":25}],[{"utility":0,"ID":14}],[{"utility":42.666666666666664,"ID":10},{"utility":44.333333333333336,"ID":11},{"utility":60.333333333333336,"ID":15},{"utility":51,"ID":22}],[{"utility":6,"ID":20},{"utility":53,"ID":21}],[{"utility":52,"ID":4},{"utility":69.5,"ID":12},{"utility":19,"ID":27}],[{"utility":0,"ID":7}],[{"utility":37,"ID":5},{"utility":27,"ID":13}],[{"utility":53,"ID":1},{"utility":80,"ID":8}],[{"utility":25,"ID":2},{"utility":48,"ID":3}],[{"utility":30.666666666666668,"ID":19},{"utility":78.66666666666667,"ID":23},{"utility":54,"ID":24},{"utility":52,"ID":30}],[],[],[],[],[],[],[],[],[],[],[],[],[],[],[]],"CORE :":false,"Relazioni :":870,"Time : ":0.1,"LAST PARTITION":{"22":3,"23":5,"24":11,"25":2,"26":9,"27":16,"28":4,"29":12,"30":18,"10":12,"11":9,"12":18,"13":10,"14":4,"15":14,"16":13,"17":8,"18":5,"19":10,"1":16,"2":1,"3":14,"4":1,"5":8,"6":3,"7":2,"8":11,"9":18,"20":1,"21":13}},{"END OF FILE:" : true}]