[{"Modalità dinamica :":false,"Q : ":3,"STARTING PARTITION: ":{"22":1,"23":7,"24":10,"25":5,"26":11,"27":8,"28":9,"29":15,"30":2,"10":7,"11":13,"12":9,"13":12,"14":12,"15":6,"16":7,"17":2,"18":3,"19":7,"1":8,"2":13,"3":3,"4":8,"5":10,"6":2,"7":7,"8":4,"9":9,"20":11,"21":11},"LAST COALITION":[[],[{"utility":0,"ID":22}],[{"utility":83,"ID":17},{"utility":37,"ID":30}],[{"utility":0,"ID":18}],[],[{"utility":0,"ID":25}],[{"utility":0,"ID":15}],[{"utility":33.666666666666664,"ID":10},{"utility":57.666666666666664,"ID":16},{"utility":51.333333333333336,"ID":19},{"utility":37,"ID":23}],[{"utility":99,"ID":4},{"utility":78,"ID":8}],[{"utility":69.5,"ID":9},{"utility":71.5,"ID":12},{"utility":84,"ID":28}],[{"utility":0,"ID":24}],[{"utility":46,"ID":20},{"utility":59,"ID":26}],[{"utility":59,"ID":13},{"utility":69,"ID":14}],[{"utility":0,"ID":11}],[{"utility":10,"ID":5},{"utility":95,"ID":7}],[{"utility":99,"ID":3},{"utility":51,"ID":27}],[],[{"utility":0,"ID":21}],[{"utility":88,"ID":2},{"utility":45,"ID":29}],[{"utility":90,"ID":1},{"utility":66,"ID":6}],[],[],[],[],[],[],[],[],[],[],[]],"STARTING COALITION: ":[[null],[{"utility":0,"ID":22}],[{"utility":69.5,"ID":6},{"utility":45,"ID":17},{"utility":44.5,"ID":30}],[{"utility":25,"ID":3},{"utility":29,"ID":18}],[{"utility":0,"ID":8}],[{"utility":0,"ID":25}],[{"utility":0,"ID":15}],[{"utility":67.75,"ID":7},{"utility":26.5,"ID":10},{"utility":57.5,"ID":16},{"utility":39.5,"ID":19},{"utility":49,"ID":23}],[{"utility":21,"ID":1},{"utility":53.5,"ID":4},{"utility":55,"ID":27}],[{"utility":69.5,"ID":9},{"utility":71.5,"ID":12},{"utility":84,"ID":28}],[{"utility":10,"ID":5},{"utility":54,"ID":24}],[{"utility":32.5,"ID":20},{"utility":39,"ID":21},{"utility":38,"ID":26}],[{"utility":59,"ID":13},{"utility":69,"ID":14}],[{"utility":64,"ID":2},{"utility":7,"ID":11}],[],[{"utility":0,"ID":29}],[],[],[],[],[],[],[],[],[],[],[],[],[],[],[]],"CORE :":false,"Relazioni :":870,"Time : ":0.1,"LAST PARTITION":{"22":1,"23":7,"24":10,"25":5,"26":11,"27":15,"28":9,"29":18,"30":2,"10":7,"11":13,"12":9,"13":12,"14":12,"15":6,"16":7,"17":2,"18":3,"19":7,"1":19,"2":18,"3":15,"4":8,"5":14,"6":19,"7":14,"8":8,"9":9,"20":11,"21":17}},{"Modalità dinamica :":false,"Q : ":4,"STARTING PARTITION: ":{"22":1,"23":7,"24":10,"25":5,"26":11,"27":8,"28":9,"29":15,"30":2,"10":7,"11":13,"12":9,"13":12,"14":12,"15":6,"16":7,"17":2,"18":3,"19":7,"1":8,"2":13,"3":3,"4":8,"5":10,"6":2,"7":7,"8":4,"9":9,"20":11,"21":11},"LAST COALITION":[[],[{"utility":0,"ID":22}],[{"utility":83,"ID":17},{"utility":37,"ID":30}],[{"utility":0,"ID":18}],[{"utility":0,"ID":7}],[{"utility":0,"ID":25}],[{"utility":0,"ID":15}],[{"utility":33.666666666666664,"ID":10},{"utility":57.666666666666664,"ID":16},{"utility":51.333333333333336,"ID":19},{"utility":37,"ID":23}],[{"utility":99,"ID":4},{"utility":78,"ID":8}],[{"utility":69.5,"ID":9},{"utility":71.5,"ID":12},{"utility":84,"ID":28}],[{"utility":0,"ID":24}],[{"utility":46,"ID":20},{"utility":59,"ID":26}],[{"utility":59,"ID":13},{"utility":69,"ID":14}],[{"utility":0,"ID":11}],[],[{"utility":99,"ID":3},{"utility":51,"ID":27}],[{"utility":0,"ID":5}],[{"utility":0,"ID":21}],[{"utility":88,"ID":2},{"utility":45,"ID":29}],[{"utility":90,"ID":1},{"utility":66,"ID":6}],[],[],[],[],[],[],[],[],[],[],[]],"STARTING COALITION: ":[[null],[{"utility":0,"ID":22}],[{"utility":69.5,"ID":6},{"utility":45,"ID":17},{"utility":44.5,"ID":30}],[{"utility":25,"ID":3},{"utility":29,"ID":18}],[{"utility":0,"ID":8}],[{"utility":0,"ID":25}],[{"utility":0,"ID":15}],[{"utility":67.75,"ID":7},{"utility":26.5,"ID":10},{"utility":57.5,"ID":16},{"utility":39.5,"ID":19},{"utility":49,"ID":23}],[{"utility":21,"ID":1},{"utility":53.5,"ID":4},{"utility":55,"ID":27}],[{"utility":69.5,"ID":9},{"utility":71.5,"ID":12},{"utility":84,"ID":28}],[{"utility":10,"ID":5},{"utility":54,"ID":24}],[{"utility":32.5,"ID":20},{"utility":39,"ID":21},{"utility":38,"ID":26}],[{"utility":59,"ID":13},{"utility":69,"ID":14}],[{"utility":64,"ID":2},{"utility":7,"ID":11}],[],[{"utility":0,"ID":29}],[],[],[],[],[],[],[],[],[],[],[],[],[],[],[]],"CORE :":false,"Relazioni :":870,"Time : ":0.1,"LAST PARTITION":{"22":1,"23":7,"24":10,"25":5,"26":11,"27":15,"28":9,"29":18,"30":2,"10":7,"11":13,"12":9,"13":12,"14":12,"15":6,"16":7,"17":2,"18":3,"19":7,"1":19,"2":18,"3":15,"4":8,"5":16,"6":19,"7":4,"8":8,"9":9,"20":11,"21":17}},{"Modalità dinamica :":false,"Q : ":5,"STARTING PARTITION: ":{"22":1,"23":7,"24":10,"25":5,"26":11,"27":8,"28":9,"29":15,"30":2,"10":7,"11":13,"12":9,"13":12,"14":12,"15":6,"16":7,"17":2,"18":3,"19":7,"1":8,"2":13,"3":3,"4":8,"5":10,"6":2,"7":7,"8":4,"9":9,"20":11,"21":11},"LAST COALITION":[[],[{"utility":0,"ID":22}],[{"utility":83,"ID":17},{"utility":37,"ID":30}],[{"utility":0,"ID":18}],[],[{"utility":0,"ID":25}],[{"utility":0,"ID":15}],[{"utility":33.666666666666664,"ID":10},{"utility":57.666666666666664,"ID":16},{"utility":51.333333333333336,"ID":19},{"utility":37,"ID":23}],[{"utility":99,"ID":4},{"utility":78,"ID":8}],[{"utility":69.5,"ID":9},{"utility":71.5,"ID":12},{"utility":84,"ID":28}],[{"utility":0,"ID":24}],[{"utility":46,"ID":20},{"utility":59,"ID":26}],[{"utility":59,"ID":13},{"utility":69,"ID":14}],[{"utility":0,"ID":11}],[{"utility":10,"ID":5},{"utility":95,"ID":7}],[{"utility":99,"ID":3},{"utility":51,"ID":27}],[],[{"utility":0,"ID":21}],[{"utility":88,"ID":2},{"utility":45,"ID":29}],[{"utility":90,"ID":1},{"utility":66,"ID":6}],[],[],[],[],[],[],[],[],[],[],[]],"STARTING COALITION: ":[[null],[{"utility":0,"ID":22}],[{"utility":69.5,"ID":6},{"utility":45,"ID":17},{"utility":44.5,"ID":30}],[{"utility":25,"ID":3},{"utility":29,"ID":18}],[{"utility":0,"ID":8}],[{"utility":0,"ID":25}],[{"utility":0,"ID":15}],[{"utility":67.75,"ID":7},{"utility":26.5,"ID":10},{"utility":57.5,"ID":16},{"utility":39.5,"ID":19},{"utility":49,"ID":23}],[{"utility":21,"ID":1},{"utility":53.5,"ID":4},{"utility":55,"ID":27}],[{"utility":69.5,"ID":9},{"utility":71.5,"ID":12},{"utility":84,"ID":28}],[{"utility":10,"ID":5},{"utility":54,"ID":24}],[{"utility":32.5,"ID":20},{"utility":39,"ID":21},{"utility":38,"ID":26}],[{"utility":59,"ID":13},{"utility":69,"ID":14}],[{"utility":64,"ID":2},{"utility":7,"ID":11}],[],[{"utility":0,"ID":29}],[],[],[],[],[],[],[],[],[],[],[],[],[],[],[]],"CORE :":false,"Relazioni :":870,"Time : ":0.1,"LAST PARTITION":{"22":1,"23":7,"24":10,"25":5,"26":11,"27":15,"28":9,"29":18,"30":2,"10":7,"11":13,"12":9,"13":12,"14":12,"15":6,"16":7,"17":2,"18":3,"19":7,"1":19,"2":18,"3":15,"4":8,"5":14,"6":19,"7":14,"8":8,"9":9,"20":11,"21":17}},{"Modalità dinamica :":false,"Q : ":6,"STARTING PARTITION: ":{"22":1,"23":7,"24":10,"25":5,"26":11,"27":8,"28":9,"29":15,"30":2,"10":7,"11":13,"12":9,"13":12,"14":12,"15":6,"16":7,"17":2,"18":3,"19":7,"1":8,"2":13,"3":3,"4":8,"5":10,"6":2,"7":7,"8":4,"9":9,"20":11,"21":11},"LAST COALITION":[[],[{"utility":0,"ID":22}],[{"utility":83,"ID":17},{"utility":37,"ID":30}],[{"utility":0,"ID":18}],[{"utility":0,"ID":7}],[{"utility":0,"ID":25}],[{"utility":0,"ID":15}],[{"utility":33.666666666666664,"ID":10},{"utility":57.666666666666664,"ID":16},{"utility":51.333333333333336,"ID":19},{"utility":37,"ID":23}],[{"utility":0,"ID":4}],[{"utility":69.5,"ID":9},{"utility":71.5,"ID":12},{"utility":84,"ID":28}],[{"utility":0,"ID":24}],[{"utility":46,"ID":20},{"utility":59,"ID":26}],[{"utility":59,"ID":13},{"utility":69,"ID":14}],[{"utility":0,"ID":11}],[{"utility":25,"ID":5},{"utility":81,"ID":8}],[{"utility":99,"ID":3},{"utility":51,"ID":27}],[],[{"utility":0,"ID":21}],[{"utility":88,"ID":2},{"utility":45,"ID":29}],[{"utility":90,"ID":1},{"utility":66,"ID":6}],[],[],[],[],[],[],[],[],[],[],[]],"STARTING COALITION: ":[[null],[{"utility":0,"ID":22}],[{"utility":69.5,"ID":6},{"utility":45,"ID":17},{"utility":44.5,"ID":30}],[{"utility":25,"ID":3},{"utility":29,"ID":18}],[{"utility":0,"ID":8}],[{"utility":0,"ID":25}],[{"utility":0,"ID":15}],[{"utility":67.75,"ID":7},{"utility":26.5,"ID":10},{"utility":57.5,"ID":16},{"utility":39.5,"ID":19},{"utility":49,"ID":23}],[{"utility":21,"ID":1},{"utility":53.5,"ID":4},{"utility":55,"ID":27}],[{"utility":69.5,"ID":9},{"utility":71.5,"ID":12},{"utility":84,"ID":28}],[{"utility":10,"ID":5},{"utility":54,"ID":24}],[{"utility":32.5,"ID":20},{"utility":39,"ID":21},{"utility":38,"ID":26}],[{"utility":59,"ID":13},{"utility":69,"ID":14}],[{"utility":64,"ID":2},{"utility":7,"ID":11}],[],[{"utility":0,"ID":29}],[],[],[],[],[],[],[],[],[],[],[],[],[],[],[]],"CORE :":false,"Relazioni :":870,"Time : ":0.1,"LAST PARTITION":{"22":1,"23":7,"24":10,"25":5,"26":11,"27":15,"28":9,"29":18,"30":2,"10":7,"11":13,"12":9,"13":12,"14":12,"15":6,"16":7,"17":2,"18":3,"19":7,"1":19,"2":18,"3":15,"4":8,"5":14,"6":19,"7":4,"8":14,"9":9,"20":11,"21":17}},{"Modalità dinamica :":true,"Q : ":3,"STARTING PARTITION: ":{"22":1,"23":7,"24":10,"25":5,"26":11,"27":8,"28":9,"29":15,"30":2,"10":7,"11":13,"12":9,"13":12,"14":12,"15":6,"16":7,"17":2,"18":3,"19":7,"1":8,"2":13,"3":3,"4":8,"5":10,"6":2,"7":7,"8":4,"9":9,"20":11,"21":11},"LAST COALITION":[[],[{"utility":81,"ID":13},{"utility":82,"ID":27}],[],[{"utility":93,"ID":19},{"utility":93,"ID":26}],[{"utility":93,"ID":3},{"utility":81,"ID":8}],[{"utility":8,"ID":1},{"utility":88,"ID":4}],[{"utility":88,"ID":24},{"utility":68,"ID":25}],[{"utility":66,"ID":5},{"utility":44,"ID":11}],[],[{"utility":66,"ID":16},{"utility":80,"ID":21}],[{"utility":51,"ID":2},{"utility":97,"ID":15}],[{"utility":93,"ID":12},{"utility":89,"ID":22}],[{"utility":94,"ID":7},{"utility":94,"ID":29}],[{"utility":59,"ID":18},{"utility":68,"ID":20},{"utility":74.5,"ID":23}],[{"utility":94,"ID":6},{"utility":98,"ID":14}],[{"utility":95,"ID":9},{"utility":93,"ID":17}],[],[],[{"utility":98,"ID":28},{"utility":63,"ID":30}],[{"utility":0,"ID":10}],[],[],[],[],[],[],[],[],[],[],[]],"STARTING COALITION: ":[[null],[{"utility":0,"ID":22}],[{"utility":69.5,"ID":6},{"utility":45,"ID":17},{"utility":44.5,"ID":30}],[{"utility":25,"ID":3},{"utility":29,"ID":18}],[{"utility":0,"ID":8}],[{"utility":0,"ID":25}],[{"utility":0,"ID":15}],[{"utility":67.75,"ID":7},{"utility":26.5,"ID":10},{"utility":57.5,"ID":16},{"utility":39.5,"ID":19},{"utility":49,"ID":23}],[{"utility":21,"ID":1},{"utility":53.5,"ID":4},{"utility":55,"ID":27}],[{"utility":69.5,"ID":9},{"utility":71.5,"ID":12},{"utility":84,"ID":28}],[{"utility":10,"ID":5},{"utility":54,"ID":24}],[{"utility":32.5,"ID":20},{"utility":39,"ID":21},{"utility":38,"ID":26}],[{"utility":59,"ID":13},{"utility":69,"ID":14}],[{"utility":64,"ID":2},{"utility":7,"ID":11}],[],[{"utility":0,"ID":29}],[],[],[],[],[],[],[],[],[],[],[],[],[],[],[]],"CORE :":false,"Relazioni :":870,"Time : ":0.1,"LAST PARTITION":{"22":11,"23":13,"24":6,"25":6,"26":3,"27":1,"28":18,"29":12,"30":18,"10":19,"11":7,"12":11,"13":1,"14":14,"15":10,"16":9,"17":15,"18":13,"19":3,"1":5,"2":10,"3":4,"4":5,"5":7,"6":14,"7":12,"8":4,"9":15,"20":13,"21":9}},{"Modalità dinamica :":true,"Q : ":4,"STARTING PARTITION: ":{"22":1,"23":7,"24":10,"25":5,"26":11,"27":8,"28":9,"29":15,"30":2,"10":7,"11":13,"12":9,"13":12,"14":12,"15":6,"16":7,"17":2,"18":3,"19":7,"1":8,"2":13,"3":3,"4":8,"5":10,"6":2,"7":7,"8":4,"9":9,"20":11,"21":11},"LAST COALITION":[[],[{"utility":73,"ID":17},{"utility":89,"ID":21}],[{"utility":0,"ID":11}],[{"utility":0,"ID":2}],[{"utility":93,"ID":12},{"utility":89,"ID":22}],[{"utility":86,"ID":16},{"utility":89,"ID":18}],[{"utility":97,"ID":19},{"utility":91,"ID":28}],[{"utility":86,"ID":9},{"utility":61,"ID":27}],[{"utility":0,"ID":3}],[{"utility":10,"ID":4},{"utility":81,"ID":25}],[{"utility":81,"ID":1},{"utility":89,"ID":26}],[{"utility":94,"ID":7},{"utility":94,"ID":29}],[{"utility":97,"ID":8},{"utility":38,"ID":30}],[{"utility":0,"ID":13}],[{"utility":0,"ID":23}],[{"utility":94,"ID":6},{"utility":98,"ID":14}],[{"utility":47,"ID":5},{"utility":83,"ID":10},{"utility":29.5,"ID":15}],[{"utility":23,"ID":20},{"utility":74,"ID":24}],[],[],[],[],[],[],[],[],[],[],[],[],[]],"STARTING COALITION: ":[[null],[{"utility":0,"ID":22}],[{"utility":69.5,"ID":6},{"utility":45,"ID":17},{"utility":44.5,"ID":30}],[{"utility":25,"ID":3},{"utility":29,"ID":18}],[{"utility":0,"ID":8}],[{"utility":0,"ID":25}],[{"utility":0,"ID":15}],[{"utility":67.75,"ID":7},{"utility":26.5,"ID":10},{"utility":57.5,"ID":16},{"utility":39.5,"ID":19},{"utility":49,"ID":23}],[{"utility":21,"ID":1},{"utility":53.5,"ID":4},{"utility":55,"ID":27}],[{"utility":69.5,"ID":9},{"utility":71.5,"ID":12},{"utility":84,"ID":28}],[{"utility":10,"ID":5},{"utility":54,"ID":24}],[{"utility":32.5,"ID":20},{"utility":39,"ID":21},{"utility":38,"ID":26}],[{"utility":59,"ID":13},{"utility":69,"ID":14}],[{"utility":64,"ID":2},{"utility":7,"ID":11}],[],[{"utility":0,"ID":29}],[],[],[],[],[],[],[],[],[],[],[],[],[],[],[]],"CORE :":false,"Relazioni :":870,"Time : ":0.1,"LAST PARTITION":{"22":4,"23":14,"24":17,"25":9,"26":10,"27":7,"28":6,"29":11,"30":12,"10":16,"11":2,"12":4,"13":13,"14":15,"15":16,"16":5,"17":1,"18":5,"19":6,"1":10,"2":3,"3":8,"4":9,"5":16,"6":15,"7":11,"8":12,"9":7,"20":17,"21":1}},{"Modalità dinamica :":true,"Q : ":5,"STARTING PARTITION: ":{"22":1,"23":7,"24":10,"25":5,"26":11,"27":8,"28":9,"29":15,"30":2,"10":7,"11":13,"12":9,"13":12,"14":12,"15":6,"16":7,"17":2,"18":3,"19":7,"1":8,"2":13,"3":3,"4":8,"5":10,"6":2,"7":7,"8":4,"9":9,"20":11,"21":11},"LAST COALITION":[[],[{"utility":56,"ID":11},{"utility":86,"ID":30}],[{"utility":51,"ID":2},{"utility":97,"ID":15}],[{"utility":86,"ID":16},{"utility":89,"ID":18}],[{"utility":16,"ID":13},{"utility":98,"ID":29}],[{"utility":0,"ID":10}],[{"utility":0,"ID":7}],[{"utility":19,"ID":4},{"utility":76,"ID":27}],[{"utility":93,"ID":12},{"utility":89,"ID":22}],[{"utility":88,"ID":24},{"utility":68,"ID":25}],[{"utility":81,"ID":1},{"utility":89,"ID":26}],[{"utility":25,"ID":21},{"utility":73,"ID":28}],[{"utility":94,"ID":6},{"utility":98,"ID":14}],[{"utility":93,"ID":3},{"utility":81,"ID":8}],[],[{"utility":0,"ID":23}],[{"utility":0,"ID":5}],[{"utility":95,"ID":9},{"utility":93,"ID":17}],[{"utility":10,"ID":19},{"utility":73,"ID":20}],[],[],[],[],[],[],[],[],[],[],[],[]],"STARTING COALITION: ":[[null],[{"utility":0,"ID":22}],[{"utility":69.5,"ID":6},{"utility":45,"ID":17},{"utility":44.5,"ID":30}],[{"utility":25,"ID":3},{"utility":29,"ID":18}],[{"utility":0,"ID":8}],[{"utility":0,"ID":25}],[{"utility":0,"ID":15}],[{"utility":67.75,"ID":7},{"utility":26.5,"ID":10},{"utility":57.5,"ID":16},{"utility":39.5,"ID":19},{"utility":49,"ID":23}],[{"utility":21,"ID":1},{"utility":53.5,"ID":4},{"utility":55,"ID":27}],[{"utility":69.5,"ID":9},{"utility":71.5,"ID":12},{"utility":84,"ID":28}],[{"utility":10,"ID":5},{"utility":54,"ID":24}],[{"utility":32.5,"ID":20},{"utility":39,"ID":21},{"utility":38,"ID":26}],[{"utility":59,"ID":13},{"utility":69,"ID":14}],[{"utility":64,"ID":2},{"utility":7,"ID":11}],[],[{"utility":0,"ID":29}],[],[],[],[],[],[],[],[],[],[],[],[],[],[],[]],"CORE :":false,"Relazioni :":870,"Time : ":0.1,"LAST PARTITION":{"22":8,"23":15,"24":9,"25":9,"26":10,"27":7,"28":11,"29":4,"30":1,"10":5,"11":1,"12":8,"13":4,"14":12,"15":2,"16":3,"17":17,"18":3,"19":18,"1":10,"2":2,"3":13,"4":7,"5":16,"6":12,"7":6,"8":13,"9":17,"20":18,"21":11}},{"Modalità dinamica :":true,"Q : ":6,"STARTING PARTITION: ":{"22":1,"23":7,"24":10,"25":5,"26":11,"27":8,"28":9,"29":15,"30":2,"10":7,"11":13,"12":9,"13":12,"14":12,"15":6,"16":7,"17":2,"18":3,"19":7,"1":8,"2":13,"3":3,"4":8,"5":10,"6":2,"7":7,"8":4,"9":9,"20":11,"21":11},"LAST COALITION":[[],[{"utility":91,"ID":9},{"utility":86,"ID":15}],[{"utility":79,"ID":7},{"utility":92,"ID":20}],[{"utility":75,"ID":4},{"utility":21,"ID":10}],[{"utility":91,"ID":21},{"utility":73,"ID":27}],[],[{"utility":86,"ID":16},{"utility":89,"ID":18}],[{"utility":94,"ID":6},{"utility":98,"ID":14}],[{"utility":87,"ID":5},{"utility":46,"ID":23}],[{"utility":0,"ID":11}],[{"utility":16,"ID":13},{"utility":98,"ID":29}],[{"utility":81,"ID":1},{"utility":89,"ID":26}],[{"utility":93,"ID":12},{"utility":89,"ID":22}],[],[{"utility":93,"ID":3},{"utility":81,"ID":8}],[{"utility":0,"ID":24}],[{"utility":97,"ID":19},{"utility":91,"ID":28}],[{"utility":82,"ID":2},{"utility":12,"ID":30}],[{"utility":90,"ID":17},{"utility":80,"ID":25}],[],[],[],[],[],[],[],[],[],[],[],[]],"STARTING COALITION: ":[[null],[{"utility":0,"ID":22}],[{"utility":69.5,"ID":6},{"utility":45,"ID":17},{"utility":44.5,"ID":30}],[{"utility":25,"ID":3},{"utility":29,"ID":18}],[{"utility":0,"ID":8}],[{"utility":0,"ID":25}],[{"utility":0,"ID":15}],[{"utility":67.75,"ID":7},{"utility":26.5,"ID":10},{"utility":57.5,"ID":16},{"utility":39.5,"ID":19},{"utility":49,"ID":23}],[{"utility":21,"ID":1},{"utility":53.5,"ID":4},{"utility":55,"ID":27}],[{"utility":69.5,"ID":9},{"utility":71.5,"ID":12},{"utility":84,"ID":28}],[{"utility":10,"ID":5},{"utility":54,"ID":24}],[{"utility":32.5,"ID":20},{"utility":39,"ID":21},{"utility":38,"ID":26}],[{"utility":59,"ID":13},{"utility":69,"ID":14}],[{"utility":64,"ID":2},{"utility":7,"ID":11}],[],[{"utility":0,"ID":29}],[],[],[],[],[],[],[],[],[],[],[],[],[],[],[]],"CORE :":false,"Relazioni :":870,"Time : ":0.1,"LAST PARTITION":{"22":12,"23":8,"24":15,"25":18,"26":11,"27":4,"28":16,"29":10,"30":17,"10":3,"11":9,"12":12,"13":10,"14":7,"15":1,"16":6,"17":18,"18":6,"19":16,"1":11,"2":17,"3":14,"4":3,"5":8,"6":7,"7":2,"8":14,"9":1,"20":2,"21":4}},{"END OF FILE:" : true}]