[{"Modalità dinamica :":false,"Q : ":2,"STARTING PARTITION: ":{"22":2,"23":9,"24":4,"25":11,"26":12,"27":4,"28":11,"29":5,"30":7,"10":7,"11":3,"12":4,"13":12,"14":3,"15":8,"16":6,"17":9,"18":2,"19":10,"1":4,"2":1,"3":7,"4":4,"5":15,"6":9,"7":15,"8":6,"9":1,"20":14,"21":13},"LAST COALITION":[[],[{"utility":98,"ID":1},{"utility":83,"ID":11}],[{"utility":66,"ID":18},{"utility":45,"ID":22}],[{"utility":0,"ID":23}],[{"utility":89,"ID":12},{"utility":60,"ID":27}],[{"utility":0,"ID":29}],[{"utility":0,"ID":16}],[{"utility":0,"ID":30}],[{"utility":0,"ID":15}],[{"utility":0,"ID":20}],[{"utility":0,"ID":19}],[{"utility":82,"ID":25},{"utility":96,"ID":28}],[{"utility":21,"ID":6},{"utility":98,"ID":10}],[{"utility":0,"ID":21}],[{"utility":0,"ID":24}],[{"utility":0,"ID":14}],[{"utility":96,"ID":2},{"utility":23,"ID":9}],[{"utility":0,"ID":7}],[{"utility":0,"ID":8}],[],[{"utility":89,"ID":4},{"utility":43,"ID":17}],[{"utility":91,"ID":3},{"utility":96,"ID":26}],[],[{"utility":99,"ID":5},{"utility":13,"ID":13}],[],[],[],[],[],[],[]],"STARTING COALITION: ":[[null],[{"utility":96,"ID":2},{"utility":23,"ID":9}],[{"utility":66,"ID":18},{"utility":45,"ID":22}],[{"utility":78,"ID":11},{"utility":50,"ID":14}],[{"utility":69,"ID":1},{"utility":53.5,"ID":4},{"utility":54.75,"ID":12},{"utility":60.5,"ID":24},{"utility":68.75,"ID":27}],[{"utility":0,"ID":29}],[{"utility":46,"ID":8},{"utility":13,"ID":16}],[{"utility":30,"ID":3},{"utility":42,"ID":10},{"utility":67,"ID":30}],[{"utility":0,"ID":15}],[{"utility":21,"ID":6},{"utility":62.5,"ID":17},{"utility":23.5,"ID":23}],[{"utility":0,"ID":19}],[{"utility":82,"ID":25},{"utility":96,"ID":28}],[{"utility":38,"ID":13},{"utility":77,"ID":26}],[{"utility":0,"ID":21}],[{"utility":0,"ID":20}],[{"utility":67,"ID":5},{"utility":23,"ID":7}],[],[],[],[],[],[],[],[],[],[],[],[],[],[],[]],"CORE :":false,"Relazioni :":870,"Time : ":0.1,"LAST PARTITION":{"22":2,"23":3,"24":14,"25":11,"26":21,"27":4,"28":11,"29":5,"30":7,"10":12,"11":1,"12":4,"13":23,"14":15,"15":8,"16":6,"17":20,"18":2,"19":10,"1":1,"2":16,"3":21,"4":20,"5":23,"6":12,"7":17,"8":18,"9":16,"20":9,"21":13}},{"Modalità dinamica :":false,"Q : ":3,"STARTING PARTITION: ":{"22":2,"23":9,"24":4,"25":11,"26":12,"27":4,"28":11,"29":5,"30":7,"10":7,"11":3,"12":4,"13":12,"14":3,"15":8,"16":6,"17":9,"18":2,"19":10,"1":4,"2":1,"3":7,"4":4,"5":15,"6":9,"7":15,"8":6,"9":1,"20":14,"21":13},"LAST COALITION":[[],[{"utility":98,"ID":1},{"utility":83,"ID":11}],[{"utility":66,"ID":18},{"utility":45,"ID":22}],[{"utility":0,"ID":23}],[{"utility":89,"ID":12},{"utility":60,"ID":27}],[{"utility":0,"ID":29}],[{"utility":0,"ID":16}],[{"utility":0,"ID":30}],[{"utility":0,"ID":15}],[{"utility":0,"ID":20}],[{"utility":0,"ID":19}],[{"utility":82,"ID":25},{"utility":96,"ID":28}],[{"utility":0,"ID":10}],[{"utility":0,"ID":21}],[{"utility":0,"ID":24}],[{"utility":0,"ID":14}],[{"utility":96,"ID":2},{"utility":23,"ID":9}],[],[{"utility":0,"ID":8}],[{"utility":94,"ID":6},{"utility":59,"ID":7}],[{"utility":89,"ID":4},{"utility":43,"ID":17}],[{"utility":91,"ID":3},{"utility":96,"ID":26}],[],[{"utility":99,"ID":5},{"utility":13,"ID":13}],[],[],[],[],[],[],[]],"STARTING COALITION: ":[[null],[{"utility":96,"ID":2},{"utility":23,"ID":9}],[{"utility":66,"ID":18},{"utility":45,"ID":22}],[{"utility":78,"ID":11},{"utility":50,"ID":14}],[{"utility":69,"ID":1},{"utility":53.5,"ID":4},{"utility":54.75,"ID":12},{"utility":60.5,"ID":24},{"utility":68.75,"ID":27}],[{"utility":0,"ID":29}],[{"utility":46,"ID":8},{"utility":13,"ID":16}],[{"utility":30,"ID":3},{"utility":42,"ID":10},{"utility":67,"ID":30}],[{"utility":0,"ID":15}],[{"utility":21,"ID":6},{"utility":62.5,"ID":17},{"utility":23.5,"ID":23}],[{"utility":0,"ID":19}],[{"utility":82,"ID":25},{"utility":96,"ID":28}],[{"utility":38,"ID":13},{"utility":77,"ID":26}],[{"utility":0,"ID":21}],[{"utility":0,"ID":20}],[{"utility":67,"ID":5},{"utility":23,"ID":7}],[],[],[],[],[],[],[],[],[],[],[],[],[],[],[]],"CORE :":false,"Relazioni :":870,"Time : ":0.1,"LAST PARTITION":{"22":2,"23":3,"24":14,"25":11,"26":21,"27":4,"28":11,"29":5,"30":7,"10":12,"11":1,"12":4,"13":23,"14":15,"15":8,"16":6,"17":20,"18":2,"19":10,"1":1,"2":16,"3":21,"4":20,"5":23,"6":19,"7":19,"8":18,"9":16,"20":9,"21":13}},{"Modalità dinamica :":false,"Q : ":4,"STARTING PARTITION: ":{"22":2,"23":9,"24":4,"25":11,"26":12,"27":4,"28":11,"29":5,"30":7,"10":7,"11":3,"12":4,"13":12,"14":3,"15":8,"16":6,"17":9,"18":2,"19":10,"1":4,"2":1,"3":7,"4":4,"5":15,"6":9,"7":15,"8":6,"9":1,"20":14,"21":13},"LAST COALITION":[[],[{"utility":98,"ID":1},{"utility":83,"ID":11}],[{"utility":66,"ID":18},{"utility":45,"ID":22}],[{"utility":0,"ID":23}],[{"utility":89,"ID":12},{"utility":60,"ID":27}],[{"utility":0,"ID":29}],[{"utility":0,"ID":16}],[{"utility":0,"ID":30}],[{"utility":0,"ID":15}],[{"utility":0,"ID":20}],[{"utility":0,"ID":19}],[{"utility":82,"ID":25},{"utility":96,"ID":28}],[{"utility":21,"ID":6},{"utility":98,"ID":10}],[{"utility":0,"ID":21}],[{"utility":0,"ID":24}],[{"utility":0,"ID":14}],[{"utility":96,"ID":2},{"utility":23,"ID":9}],[{"utility":0,"ID":7}],[{"utility":0,"ID":8}],[],[{"utility":43,"ID":17},{"utility":89,"ID":4}],[{"utility":91,"ID":3},{"utility":96,"ID":26}],[],[{"utility":99,"ID":5},{"utility":13,"ID":13}],[],[],[],[],[],[],[]],"STARTING COALITION: ":[[null],[{"utility":96,"ID":2},{"utility":23,"ID":9}],[{"utility":66,"ID":18},{"utility":45,"ID":22}],[{"utility":78,"ID":11},{"utility":50,"ID":14}],[{"utility":69,"ID":1},{"utility":53.5,"ID":4},{"utility":54.75,"ID":12},{"utility":60.5,"ID":24},{"utility":68.75,"ID":27}],[{"utility":0,"ID":29}],[{"utility":46,"ID":8},{"utility":13,"ID":16}],[{"utility":30,"ID":3},{"utility":42,"ID":10},{"utility":67,"ID":30}],[{"utility":0,"ID":15}],[{"utility":21,"ID":6},{"utility":62.5,"ID":17},{"utility":23.5,"ID":23}],[{"utility":0,"ID":19}],[{"utility":82,"ID":25},{"utility":96,"ID":28}],[{"utility":38,"ID":13},{"utility":77,"ID":26}],[{"utility":0,"ID":21}],[{"utility":0,"ID":20}],[{"utility":67,"ID":5},{"utility":23,"ID":7}],[],[],[],[],[],[],[],[],[],[],[],[],[],[],[]],"CORE :":false,"Relazioni :":870,"Time : ":0.1,"LAST PARTITION":{"22":2,"23":3,"24":14,"25":11,"26":21,"27":4,"28":11,"29":5,"30":7,"10":12,"11":1,"12":4,"13":23,"14":15,"15":8,"16":6,"17":20,"18":2,"19":10,"1":1,"2":16,"3":21,"4":20,"5":23,"6":12,"7":17,"8":18,"9":16,"20":9,"21":13}},{"Modalità dinamica :":true,"Q : ":2,"STARTING PARTITION: ":{"22":2,"23":9,"24":4,"25":11,"26":12,"27":4,"28":11,"29":5,"30":7,"10":7,"11":3,"12":4,"13":12,"14":3,"15":8,"16":6,"17":9,"18":2,"19":10,"1":4,"2":1,"3":7,"4":4,"5":15,"6":9,"7":15,"8":6,"9":1,"20":14,"21":13},"LAST COALITION":[[],[{"utility":0,"ID":9}],[{"utility":0,"ID":11}],[{"utility":83,"ID":5},{"utility":77,"ID":18}],[{"utility":0,"ID":17}],[],[{"utility":0,"ID":22}],[{"utility":0,"ID":23}],[{"utility":0,"ID":24}],[{"utility":0,"ID":25}],[{"utility":0,"ID":2}],[{"utility":0,"ID":20}],[{"utility":98,"ID":27},{"utility":68,"ID":30}],[{"utility":0,"ID":15}],[{"utility":93,"ID":1},{"utility":74,"ID":14}],[{"utility":58,"ID":7},{"utility":64,"ID":29}],[{"utility":0,"ID":10}],[{"utility":0,"ID":26}],[{"utility":58,"ID":3},{"utility":73,"ID":6}],[{"utility":94,"ID":4},{"utility":71,"ID":12}],[{"utility":26,"ID":8},{"utility":70,"ID":28}],[{"utility":15,"ID":13},{"utility":95,"ID":16}],[{"utility":58,"ID":19},{"utility":75,"ID":21}],[],[],[],[],[],[],[],[]],"STARTING COALITION: ":[[null],[{"utility":96,"ID":2},{"utility":23,"ID":9}],[{"utility":66,"ID":18},{"utility":45,"ID":22}],[{"utility":78,"ID":11},{"utility":50,"ID":14}],[{"utility":69,"ID":1},{"utility":53.5,"ID":4},{"utility":54.75,"ID":12},{"utility":60.5,"ID":24},{"utility":68.75,"ID":27}],[{"utility":0,"ID":29}],[{"utility":46,"ID":8},{"utility":13,"ID":16}],[{"utility":30,"ID":3},{"utility":42,"ID":10},{"utility":67,"ID":30}],[{"utility":0,"ID":15}],[{"utility":21,"ID":6},{"utility":62.5,"ID":17},{"utility":23.5,"ID":23}],[{"utility":0,"ID":19}],[{"utility":82,"ID":25},{"utility":96,"ID":28}],[{"utility":38,"ID":13},{"utility":77,"ID":26}],[{"utility":0,"ID":21}],[{"utility":0,"ID":20}],[{"utility":67,"ID":5},{"utility":23,"ID":7}],[],[],[],[],[],[],[],[],[],[],[],[],[],[],[]],"CORE :":false,"Relazioni :":870,"Time : ":0.1,"LAST PARTITION":{"22":6,"23":7,"24":8,"25":9,"26":17,"27":12,"28":20,"29":15,"30":12,"10":16,"11":2,"12":19,"13":21,"14":14,"15":13,"16":21,"17":4,"18":3,"19":22,"1":14,"2":10,"3":18,"4":19,"5":3,"6":18,"7":15,"8":20,"9":1,"20":11,"21":22}},{"Modalità dinamica :":true,"Q : ":3,"STARTING PARTITION: ":{"22":2,"23":9,"24":4,"25":11,"26":12,"27":4,"28":11,"29":5,"30":7,"10":7,"11":3,"12":4,"13":12,"14":3,"15":8,"16":6,"17":9,"18":2,"19":10,"1":4,"2":1,"3":7,"4":4,"5":15,"6":9,"7":15,"8":6,"9":1,"20":14,"21":13},"LAST COALITION":[[],[{"utility":98,"ID":1},{"utility":83,"ID":11}],[{"utility":78,"ID":22},{"utility":15,"ID":28}],[{"utility":92,"ID":15},{"utility":93,"ID":23}],[{"utility":49.5,"ID":4},{"utility":76.5,"ID":29},{"utility":57,"ID":30}],[{"utility":90,"ID":10},{"utility":88,"ID":26}],[{"utility":94,"ID":12},{"utility":76,"ID":13}],[{"utility":85,"ID":8},{"utility":40,"ID":20}],[{"utility":0,"ID":2}],[{"utility":84,"ID":17},{"utility":78,"ID":19}],[],[{"utility":0,"ID":14}],[{"utility":89,"ID":9},{"utility":91,"ID":27}],[{"utility":0,"ID":5}],[{"utility":15,"ID":3},{"utility":72,"ID":25}],[{"utility":94,"ID":6},{"utility":59,"ID":7}],[],[],[{"utility":80,"ID":18},{"utility":95,"ID":21}],[{"utility":0,"ID":16}],[{"utility":0,"ID":24}],[],[],[],[],[],[],[],[],[],[]],"STARTING COALITION: ":[[null],[{"utility":96,"ID":2},{"utility":23,"ID":9}],[{"utility":66,"ID":18},{"utility":45,"ID":22}],[{"utility":78,"ID":11},{"utility":50,"ID":14}],[{"utility":69,"ID":1},{"utility":53.5,"ID":4},{"utility":54.75,"ID":12},{"utility":60.5,"ID":24},{"utility":68.75,"ID":27}],[{"utility":0,"ID":29}],[{"utility":46,"ID":8},{"utility":13,"ID":16}],[{"utility":30,"ID":3},{"utility":42,"ID":10},{"utility":67,"ID":30}],[{"utility":0,"ID":15}],[{"utility":21,"ID":6},{"utility":62.5,"ID":17},{"utility":23.5,"ID":23}],[{"utility":0,"ID":19}],[{"utility":82,"ID":25},{"utility":96,"ID":28}],[{"utility":38,"ID":13},{"utility":77,"ID":26}],[{"utility":0,"ID":21}],[{"utility":0,"ID":20}],[{"utility":67,"ID":5},{"utility":23,"ID":7}],[],[],[],[],[],[],[],[],[],[],[],[],[],[],[]],"CORE :":false,"Relazioni :":870,"Time : ":0.1,"LAST PARTITION":{"22":2,"23":3,"24":20,"25":14,"26":5,"27":12,"28":2,"29":4,"30":4,"10":5,"11":1,"12":6,"13":6,"14":11,"15":3,"16":19,"17":9,"18":18,"19":9,"1":1,"2":8,"3":14,"4":4,"5":13,"6":15,"7":15,"8":7,"9":12,"20":7,"21":18}},{"Modalità dinamica :":true,"Q : ":4,"STARTING PARTITION: ":{"22":2,"23":9,"24":4,"25":11,"26":12,"27":4,"28":11,"29":5,"30":7,"10":7,"11":3,"12":4,"13":12,"14":3,"15":8,"16":6,"17":9,"18":2,"19":10,"1":4,"2":1,"3":7,"4":4,"5":15,"6":9,"7":15,"8":6,"9":1,"20":14,"21":13},"LAST COALITION":[[],[{"utility":51,"ID":7},{"utility":67,"ID":21}],[{"utility":0,"ID":27}],[],[{"utility":0,"ID":2}],[{"utility":92,"ID":15},{"utility":93,"ID":23}],[{"utility":83,"ID":4},{"utility":54,"ID":9}],[{"utility":72,"ID":17},{"utility":87,"ID":30}],[{"utility":0,"ID":19}],[{"utility":0,"ID":8}],[{"utility":21,"ID":6},{"utility":98,"ID":10}],[],[{"utility":83,"ID":5},{"utility":77,"ID":18}],[{"utility":0,"ID":14}],[{"utility":86,"ID":12},{"utility":81,"ID":22}],[{"utility":0,"ID":11}],[{"utility":76,"ID":13},{"utility":91,"ID":25}],[{"utility":0,"ID":24}],[{"utility":97,"ID":20},{"utility":54,"ID":29}],[{"utility":0,"ID":28}],[{"utility":91,"ID":3},{"utility":96,"ID":26}],[{"utility":93,"ID":1},{"utility":88,"ID":16}],[],[],[],[],[],[],[],[],[]],"STARTING COALITION: ":[[null],[{"utility":96,"ID":2},{"utility":23,"ID":9}],[{"utility":66,"ID":18},{"utility":45,"ID":22}],[{"utility":78,"ID":11},{"utility":50,"ID":14}],[{"utility":69,"ID":1},{"utility":53.5,"ID":4},{"utility":54.75,"ID":12},{"utility":60.5,"ID":24},{"utility":68.75,"ID":27}],[{"utility":0,"ID":29}],[{"utility":46,"ID":8},{"utility":13,"ID":16}],[{"utility":30,"ID":3},{"utility":42,"ID":10},{"utility":67,"ID":30}],[{"utility":0,"ID":15}],[{"utility":21,"ID":6},{"utility":62.5,"ID":17},{"utility":23.5,"ID":23}],[{"utility":0,"ID":19}],[{"utility":82,"ID":25},{"utility":96,"ID":28}],[{"utility":38,"ID":13},{"utility":77,"ID":26}],[{"utility":0,"ID":21}],[{"utility":0,"ID":20}],[{"utility":67,"ID":5},{"utility":23,"ID":7}],[],[],[],[],[],[],[],[],[],[],[],[],[],[],[]],"CORE :":false,"Relazioni :":870,"Time : ":0.1,"LAST PARTITION":{"22":14,"23":5,"24":17,"25":16,"26":20,"27":2,"28":19,"29":18,"30":7,"10":10,"11":15,"12":14,"13":16,"14":13,"15":5,"16":21,"17":7,"18":12,"19":8,"1":21,"2":4,"3":20,"4":6,"5":12,"6":10,"7":1,"8":9,"9":6,"20":18,"21":1}},{"END OF FILE:" : true}]