[{"Modalità dinamica :":false,"Q : ":2,"STARTING PARTITION: ":{"22":11,"23":15,"24":3,"25":1,"26":2,"27":7,"28":4,"29":4,"30":15,"10":12,"11":1,"12":13,"13":4,"14":10,"15":13,"16":5,"17":5,"18":10,"19":5,"1":8,"2":9,"3":14,"4":4,"5":4,"6":11,"7":6,"8":1,"9":14,"20":5,"21":6},"LAST COALITION":[[],[{"utility":85,"ID":3},{"utility":6,"ID":20}],[{"utility":0,"ID":10}],[{"utility":0,"ID":26}],[{"utility":0,"ID":29}],[{"utility":41,"ID":16},{"utility":68,"ID":17}],[{"utility":91,"ID":5},{"utility":59,"ID":25}],[],[{"utility":99,"ID":6},{"utility":75,"ID":27}],[{"utility":99,"ID":1},{"utility":97,"ID":21}],[{"utility":11,"ID":14},{"utility":60,"ID":18}],[{"utility":0,"ID":22}],[{"utility":0,"ID":12}],[{"utility":0,"ID":15}],[{"utility":80,"ID":7},{"utility":66,"ID":28}],[{"utility":0,"ID":23}],[{"utility":0,"ID":13}],[{"utility":0,"ID":2}],[{"utility":99,"ID":4},{"utility":70,"ID":30}],[{"utility":0,"ID":11}],[{"utility":0,"ID":19}],[{"utility":0,"ID":24}],[{"utility":86,"ID":8},{"utility":86,"ID":9}],[],[],[],[],[],[],[],[]],"STARTING COALITION: ":[[null],[{"utility":33.5,"ID":8},{"utility":31.5,"ID":11},{"utility":55,"ID":25}],[{"utility":0,"ID":26}],[{"utility":0,"ID":24}],[{"utility":39,"ID":4},{"utility":46.5,"ID":5},{"utility":11.25,"ID":13},{"utility":19.75,"ID":28},{"utility":25,"ID":29}],[{"utility":46.333333333333336,"ID":16},{"utility":60.333333333333336,"ID":17},{"utility":61.333333333333336,"ID":19},{"utility":58,"ID":20}],[{"utility":87,"ID":7},{"utility":0,"ID":21}],[{"utility":0,"ID":27}],[{"utility":0,"ID":1}],[{"utility":0,"ID":2}],[{"utility":11,"ID":14},{"utility":60,"ID":18}],[{"utility":12,"ID":6},{"utility":23,"ID":22}],[{"utility":0,"ID":10}],[{"utility":49,"ID":12},{"utility":39,"ID":15}],[{"utility":0,"ID":3},{"utility":20,"ID":9}],[{"utility":65,"ID":23},{"utility":7,"ID":30}],[],[],[],[],[],[],[],[],[],[],[],[],[],[],[]],"CORE :":false,"Relazioni :":660,"Time : ":0.1,"LAST PARTITION":{"22":11,"23":15,"24":21,"25":6,"26":3,"27":8,"28":14,"29":4,"30":18,"10":2,"11":19,"12":12,"13":16,"14":10,"15":13,"16":5,"17":5,"18":10,"19":20,"1":9,"2":17,"3":1,"4":18,"5":6,"6":8,"7":14,"8":22,"9":22,"20":1,"21":9}},{"Modalità dinamica :":false,"Q : ":3,"STARTING PARTITION: ":{"22":11,"23":15,"24":3,"25":1,"26":2,"27":7,"28":4,"29":4,"30":15,"10":12,"11":1,"12":13,"13":4,"14":10,"15":13,"16":5,"17":5,"18":10,"19":5,"1":8,"2":9,"3":14,"4":4,"5":4,"6":11,"7":6,"8":1,"9":14,"20":5,"21":6},"LAST COALITION":[[],[{"utility":85,"ID":3},{"utility":6,"ID":20}],[{"utility":0,"ID":10}],[{"utility":0,"ID":26}],[{"utility":0,"ID":29}],[{"utility":41,"ID":16},{"utility":68,"ID":17}],[{"utility":91,"ID":5},{"utility":59,"ID":25}],[],[{"utility":99,"ID":6},{"utility":75,"ID":27}],[{"utility":99,"ID":1},{"utility":97,"ID":21}],[{"utility":11,"ID":14},{"utility":60,"ID":18}],[{"utility":0,"ID":22}],[{"utility":0,"ID":12}],[{"utility":0,"ID":15}],[{"utility":80,"ID":7},{"utility":66,"ID":28}],[{"utility":0,"ID":23}],[{"utility":0,"ID":13}],[{"utility":0,"ID":2}],[{"utility":99,"ID":4},{"utility":70,"ID":30}],[{"utility":0,"ID":11}],[{"utility":0,"ID":19}],[{"utility":0,"ID":24}],[{"utility":86,"ID":8},{"utility":86,"ID":9}],[],[],[],[],[],[],[],[]],"STARTING COALITION: ":[[null],[{"utility":33.5,"ID":8},{"utility":31.5,"ID":11},{"utility":55,"ID":25}],[{"utility":0,"ID":26}],[{"utility":0,"ID":24}],[{"utility":39,"ID":4},{"utility":46.5,"ID":5},{"utility":11.25,"ID":13},{"utility":19.75,"ID":28},{"utility":25,"ID":29}],[{"utility":46.333333333333336,"ID":16},{"utility":60.333333333333336,"ID":17},{"utility":61.333333333333336,"ID":19},{"utility":58,"ID":20}],[{"utility":87,"ID":7},{"utility":0,"ID":21}],[{"utility":0,"ID":27}],[{"utility":0,"ID":1}],[{"utility":0,"ID":2}],[{"utility":11,"ID":14},{"utility":60,"ID":18}],[{"utility":12,"ID":6},{"utility":23,"ID":22}],[{"utility":0,"ID":10}],[{"utility":49,"ID":12},{"utility":39,"ID":15}],[{"utility":0,"ID":3},{"utility":20,"ID":9}],[{"utility":65,"ID":23},{"utility":7,"ID":30}],[],[],[],[],[],[],[],[],[],[],[],[],[],[],[]],"CORE :":false,"Relazioni :":660,"Time : ":0.1,"LAST PARTITION":{"22":11,"23":15,"24":21,"25":6,"26":3,"27":8,"28":14,"29":4,"30":18,"10":2,"11":19,"12":12,"13":16,"14":10,"15":13,"16":5,"17":5,"18":10,"19":20,"1":9,"2":17,"3":1,"4":18,"5":6,"6":8,"7":14,"8":22,"9":22,"20":1,"21":9}},{"Modalità dinamica :":false,"Q : ":4,"STARTING PARTITION: ":{"22":11,"23":15,"24":3,"25":1,"26":2,"27":7,"28":4,"29":4,"30":15,"10":12,"11":1,"12":13,"13":4,"14":10,"15":13,"16":5,"17":5,"18":10,"19":5,"1":8,"2":9,"3":14,"4":4,"5":4,"6":11,"7":6,"8":1,"9":14,"20":5,"21":6},"LAST COALITION":[[],[{"utility":85,"ID":3},{"utility":6,"ID":20}],[{"utility":0,"ID":10}],[{"utility":0,"ID":26}],[{"utility":0,"ID":29}],[{"utility":41,"ID":16},{"utility":68,"ID":17}],[{"utility":91,"ID":5},{"utility":59,"ID":25}],[{"utility":0,"ID":8}],[{"utility":99,"ID":6},{"utility":75,"ID":27}],[{"utility":99,"ID":1},{"utility":97,"ID":21}],[{"utility":11,"ID":14},{"utility":60,"ID":18}],[{"utility":0,"ID":22}],[{"utility":0,"ID":12}],[{"utility":0,"ID":15}],[{"utility":80,"ID":7},{"utility":66,"ID":28}],[{"utility":0,"ID":23}],[{"utility":0,"ID":13}],[{"utility":93,"ID":2},{"utility":47,"ID":9}],[{"utility":99,"ID":4},{"utility":70,"ID":30}],[{"utility":0,"ID":11}],[{"utility":0,"ID":19}],[{"utility":0,"ID":24}],[],[],[],[],[],[],[],[],[]],"STARTING COALITION: ":[[null],[{"utility":33.5,"ID":8},{"utility":31.5,"ID":11},{"utility":55,"ID":25}],[{"utility":0,"ID":26}],[{"utility":0,"ID":24}],[{"utility":39,"ID":4},{"utility":46.5,"ID":5},{"utility":11.25,"ID":13},{"utility":19.75,"ID":28},{"utility":25,"ID":29}],[{"utility":46.333333333333336,"ID":16},{"utility":60.333333333333336,"ID":17},{"utility":61.333333333333336,"ID":19},{"utility":58,"ID":20}],[{"utility":87,"ID":7},{"utility":0,"ID":21}],[{"utility":0,"ID":27}],[{"utility":0,"ID":1}],[{"utility":0,"ID":2}],[{"utility":11,"ID":14},{"utility":60,"ID":18}],[{"utility":12,"ID":6},{"utility":23,"ID":22}],[{"utility":0,"ID":10}],[{"utility":49,"ID":12},{"utility":39,"ID":15}],[{"utility":0,"ID":3},{"utility":20,"ID":9}],[{"utility":65,"ID":23},{"utility":7,"ID":30}],[],[],[],[],[],[],[],[],[],[],[],[],[],[],[]],"CORE :":false,"Relazioni :":660,"Time : ":0.1,"LAST PARTITION":{"22":11,"23":15,"24":21,"25":6,"26":3,"27":8,"28":14,"29":4,"30":18,"10":2,"11":19,"12":12,"13":16,"14":10,"15":13,"16":5,"17":5,"18":10,"19":20,"1":9,"2":17,"3":1,"4":18,"5":6,"6":8,"7":14,"8":7,"9":17,"20":1,"21":9}},{"Modalità dinamica :":true,"Q : ":2,"STARTING PARTITION: ":{"22":11,"23":15,"24":3,"25":1,"26":2,"27":7,"28":4,"29":4,"30":15,"10":12,"11":1,"12":13,"13":4,"14":10,"15":13,"16":5,"17":5,"18":10,"19":5,"1":8,"2":9,"3":14,"4":4,"5":4,"6":11,"7":6,"8":1,"9":14,"20":5,"21":6},"LAST COALITION":[[],[{"utility":79,"ID":3},{"utility":91,"ID":26}],[{"utility":6,"ID":10},{"utility":71,"ID":12}],[{"utility":0,"ID":24}],[{"utility":90,"ID":13},{"utility":77,"ID":18}],[{"utility":74,"ID":15},{"utility":75,"ID":23}],[{"utility":53,"ID":9},{"utility":97,"ID":14}],[{"utility":99,"ID":4},{"utility":70,"ID":30}],[{"utility":20,"ID":2},{"utility":95,"ID":8}],[{"utility":99,"ID":1},{"utility":97,"ID":21}],[{"utility":64,"ID":11},{"utility":77,"ID":22}],[{"utility":80,"ID":7},{"utility":66,"ID":28}],[{"utility":99,"ID":6},{"utility":75,"ID":27}],[{"utility":98,"ID":17},{"utility":88,"ID":20}],[],[],[{"utility":0,"ID":16}],[],[],[{"utility":97,"ID":19},{"utility":93,"ID":29}],[],[{"utility":91,"ID":5},{"utility":59,"ID":25}],[],[],[],[],[],[],[],[],[]],"STARTING COALITION: ":[[null],[{"utility":33.5,"ID":8},{"utility":31.5,"ID":11},{"utility":55,"ID":25}],[{"utility":0,"ID":26}],[{"utility":0,"ID":24}],[{"utility":39,"ID":4},{"utility":46.5,"ID":5},{"utility":11.25,"ID":13},{"utility":19.75,"ID":28},{"utility":25,"ID":29}],[{"utility":46.333333333333336,"ID":16},{"utility":60.333333333333336,"ID":17},{"utility":61.333333333333336,"ID":19},{"utility":58,"ID":20}],[{"utility":87,"ID":7},{"utility":0,"ID":21}],[{"utility":0,"ID":27}],[{"utility":0,"ID":1}],[{"utility":0,"ID":2}],[{"utility":11,"ID":14},{"utility":60,"ID":18}],[{"utility":12,"ID":6},{"utility":23,"ID":22}],[{"utility":0,"ID":10}],[{"utility":49,"ID":12},{"utility":39,"ID":15}],[{"utility":0,"ID":3},{"utility":20,"ID":9}],[{"utility":65,"ID":23},{"utility":7,"ID":30}],[],[],[],[],[],[],[],[],[],[],[],[],[],[],[]],"CORE :":true,"Relazioni :":660,"Time : ":0.1,"LAST PARTITION":{"22":10,"23":5,"24":3,"25":21,"26":1,"27":12,"28":11,"29":19,"30":7,"10":2,"11":10,"12":2,"13":4,"14":6,"15":5,"16":16,"17":13,"18":4,"19":19,"1":9,"2":8,"3":1,"4":7,"5":21,"6":12,"7":11,"8":8,"9":6,"20":13,"21":9}},{"Modalità dinamica :":true,"Q : ":3,"STARTING PARTITION: ":{"22":11,"23":15,"24":3,"25":1,"26":2,"27":7,"28":4,"29":4,"30":15,"10":12,"11":1,"12":13,"13":4,"14":10,"15":13,"16":5,"17":5,"18":10,"19":5,"1":8,"2":9,"3":14,"4":4,"5":4,"6":11,"7":6,"8":1,"9":14,"20":5,"21":6},"LAST COALITION":[[],[{"utility":53,"ID":9},{"utility":97,"ID":14}],[{"utility":91,"ID":5},{"utility":59,"ID":25}],[{"utility":6,"ID":10},{"utility":71,"ID":12}],[{"utility":74,"ID":15},{"utility":75,"ID":23}],[],[{"utility":98,"ID":17},{"utility":88,"ID":20}],[{"utility":79,"ID":3},{"utility":91,"ID":26}],[{"utility":20,"ID":2},{"utility":95,"ID":8}],[{"utility":80,"ID":7},{"utility":66,"ID":28}],[{"utility":97,"ID":19},{"utility":93,"ID":29}],[{"utility":0,"ID":24}],[{"utility":90,"ID":13},{"utility":77,"ID":18}],[{"utility":0,"ID":16}],[{"utility":99,"ID":1},{"utility":97,"ID":21}],[{"utility":99,"ID":6},{"utility":75,"ID":27}],[],[{"utility":64,"ID":11},{"utility":77,"ID":22}],[{"utility":99,"ID":4},{"utility":70,"ID":30}],[],[],[],[],[],[],[],[],[],[],[],[]],"STARTING COALITION: ":[[null],[{"utility":33.5,"ID":8},{"utility":31.5,"ID":11},{"utility":55,"ID":25}],[{"utility":0,"ID":26}],[{"utility":0,"ID":24}],[{"utility":39,"ID":4},{"utility":46.5,"ID":5},{"utility":11.25,"ID":13},{"utility":19.75,"ID":28},{"utility":25,"ID":29}],[{"utility":46.333333333333336,"ID":16},{"utility":60.333333333333336,"ID":17},{"utility":61.333333333333336,"ID":19},{"utility":58,"ID":20}],[{"utility":87,"ID":7},{"utility":0,"ID":21}],[{"utility":0,"ID":27}],[{"utility":0,"ID":1}],[{"utility":0,"ID":2}],[{"utility":11,"ID":14},{"utility":60,"ID":18}],[{"utility":12,"ID":6},{"utility":23,"ID":22}],[{"utility":0,"ID":10}],[{"utility":49,"ID":12},{"utility":39,"ID":15}],[{"utility":0,"ID":3},{"utility":20,"ID":9}],[{"utility":65,"ID":23},{"utility":7,"ID":30}],[],[],[],[],[],[],[],[],[],[],[],[],[],[],[]],"CORE :":true,"Relazioni :":660,"Time : ":0.1,"LAST PARTITION":{"22":17,"23":4,"24":11,"25":2,"26":7,"27":15,"28":9,"29":10,"30":18,"10":3,"11":17,"12":3,"13":12,"14":1,"15":4,"16":13,"17":6,"18":12,"19":10,"1":14,"2":8,"3":7,"4":18,"5":2,"6":15,"7":9,"8":8,"9":1,"20":6,"21":14}},{"Modalità dinamica :":true,"Q : ":4,"STARTING PARTITION: ":{"22":11,"23":15,"24":3,"25":1,"26":2,"27":7,"28":4,"29":4,"30":15,"10":12,"11":1,"12":13,"13":4,"14":10,"15":13,"16":5,"17":5,"18":10,"19":5,"1":8,"2":9,"3":14,"4":4,"5":4,"6":11,"7":6,"8":1,"9":14,"20":5,"21":6},"LAST COALITION":[[],[{"utility":64,"ID":11},{"utility":77,"ID":22}],[{"utility":79,"ID":3},{"utility":91,"ID":26}],[{"utility":90,"ID":13},{"utility":77,"ID":18}],[{"utility":0,"ID":16}],[{"utility":80,"ID":7},{"utility":66,"ID":28}],[{"utility":99,"ID":4},{"utility":70,"ID":30}],[{"utility":98,"ID":17},{"utility":88,"ID":20}],[{"utility":0,"ID":24}],[{"utility":91,"ID":5},{"utility":59,"ID":25}],[{"utility":97,"ID":19},{"utility":93,"ID":29}],[{"utility":20,"ID":2},{"utility":95,"ID":8}],[{"utility":6,"ID":10},{"utility":71,"ID":12}],[{"utility":74,"ID":15},{"utility":75,"ID":23}],[],[{"utility":99,"ID":1},{"utility":97,"ID":21}],[{"utility":53,"ID":9},{"utility":97,"ID":14}],[{"utility":99,"ID":6},{"utility":75,"ID":27}],[],[],[],[],[],[],[],[],[],[],[],[],[]],"STARTING COALITION: ":[[null],[{"utility":33.5,"ID":8},{"utility":31.5,"ID":11},{"utility":55,"ID":25}],[{"utility":0,"ID":26}],[{"utility":0,"ID":24}],[{"utility":39,"ID":4},{"utility":46.5,"ID":5},{"utility":11.25,"ID":13},{"utility":19.75,"ID":28},{"utility":25,"ID":29}],[{"utility":46.333333333333336,"ID":16},{"utility":60.333333333333336,"ID":17},{"utility":61.333333333333336,"ID":19},{"utility":58,"ID":20}],[{"utility":87,"ID":7},{"utility":0,"ID":21}],[{"utility":0,"ID":27}],[{"utility":0,"ID":1}],[{"utility":0,"ID":2}],[{"utility":11,"ID":14},{"utility":60,"ID":18}],[{"utility":12,"ID":6},{"utility":23,"ID":22}],[{"utility":0,"ID":10}],[{"utility":49,"ID":12},{"utility":39,"ID":15}],[{"utility":0,"ID":3},{"utility":20,"ID":9}],[{"utility":65,"ID":23},{"utility":7,"ID":30}],[],[],[],[],[],[],[],[],[],[],[],[],[],[],[]],"CORE :":true,"Relazioni :":660,"Time : ":0.1,"LAST PARTITION":{"22":1,"23":13,"24":8,"25":9,"26":2,"27":17,"28":5,"29":10,"30":6,"10":12,"11":1,"12":12,"13":3,"14":16,"15":13,"16":4,"17":7,"18":3,"19":10,"1":15,"2":11,"3":2,"4":6,"5":9,"6":17,"7":5,"8":11,"9":16,"20":7,"21":15}},{"END OF FILE:" : true}]