[{"Modalità dinamica :":false,"Q : ":2,"STARTING PARTITION: ":{"22":8,"23":15,"24":12,"25":8,"26":12,"27":1,"28":7,"29":2,"30":15,"10":5,"11":13,"12":8,"13":6,"14":13,"15":6,"16":6,"17":10,"18":7,"19":7,"1":14,"2":12,"3":2,"4":11,"5":13,"6":9,"7":14,"8":3,"9":3,"20":2,"21":14},"LAST COALITION":[[],[{"utility":99,"ID":1},{"utility":62,"ID":30}],[{"utility":0,"ID":29}],[{"utility":0,"ID":10}],[{"utility":0,"ID":24}],[{"utility":0,"ID":17}],[{"utility":45.5,"ID":13},{"utility":59.5,"ID":15},{"utility":46.5,"ID":16}],[{"utility":67,"ID":18},{"utility":80.5,"ID":19},{"utility":57.5,"ID":28}],[{"utility":0,"ID":12}],[{"utility":99,"ID":2},{"utility":40,"ID":6}],[{"utility":0,"ID":5}],[{"utility":0,"ID":8}],[{"utility":0,"ID":26}],[{"utility":10,"ID":11},{"utility":29,"ID":14}],[{"utility":0,"ID":21}],[{"utility":0,"ID":23}],[{"utility":0,"ID":20}],[{"utility":0,"ID":27}],[{"utility":0,"ID":7}],[{"utility":0,"ID":9}],[{"utility":99,"ID":4},{"utility":49,"ID":25}],[{"utility":93,"ID":3},{"utility":27,"ID":22}],[],[],[],[],[],[],[],[],[]],"STARTING COALITION: ":[[null],[{"utility":0,"ID":27}],[{"utility":48.5,"ID":3},{"utility":41.5,"ID":20},{"utility":31,"ID":29}],[{"utility":15,"ID":8},{"utility":77,"ID":9}],[],[{"utility":0,"ID":10}],[{"utility":45.5,"ID":13},{"utility":59.5,"ID":15},{"utility":46.5,"ID":16}],[{"utility":67,"ID":18},{"utility":80.5,"ID":19},{"utility":57.5,"ID":28}],[{"utility":69.5,"ID":12},{"utility":48,"ID":22},{"utility":15,"ID":25}],[{"utility":0,"ID":6}],[{"utility":0,"ID":17}],[{"utility":0,"ID":4}],[{"utility":67.5,"ID":2},{"utility":67.5,"ID":24},{"utility":46.5,"ID":26}],[{"utility":53.5,"ID":5},{"utility":16.5,"ID":11},{"utility":22.5,"ID":14}],[{"utility":54.5,"ID":1},{"utility":81,"ID":7},{"utility":61,"ID":21}],[{"utility":62,"ID":23},{"utility":24,"ID":30}],[],[],[],[],[],[],[],[],[],[],[],[],[],[],[]],"CORE :":false,"Relazioni :":870,"Time : ":0.1,"LAST PARTITION":{"22":21,"23":15,"24":4,"25":20,"26":12,"27":17,"28":7,"29":2,"30":1,"10":3,"11":13,"12":8,"13":6,"14":13,"15":6,"16":6,"17":5,"18":7,"19":7,"1":1,"2":9,"3":21,"4":20,"5":10,"6":9,"7":18,"8":11,"9":19,"20":16,"21":14}},{"Modalità dinamica :":false,"Q : ":3,"STARTING PARTITION: ":{"22":8,"23":15,"24":12,"25":8,"26":12,"27":1,"28":7,"29":2,"30":15,"10":5,"11":13,"12":8,"13":6,"14":13,"15":6,"16":6,"17":10,"18":7,"19":7,"1":14,"2":12,"3":2,"4":11,"5":13,"6":9,"7":14,"8":3,"9":3,"20":2,"21":14},"LAST COALITION":[[],[{"utility":99,"ID":1},{"utility":62,"ID":30}],[{"utility":0,"ID":29}],[{"utility":0,"ID":10}],[{"utility":0,"ID":24}],[{"utility":0,"ID":17}],[{"utility":45.5,"ID":13},{"utility":59.5,"ID":15},{"utility":46.5,"ID":16}],[{"utility":67,"ID":18},{"utility":80.5,"ID":19},{"utility":57.5,"ID":28}],[{"utility":0,"ID":12}],[{"utility":0,"ID":2}],[],[{"utility":0,"ID":8}],[{"utility":0,"ID":26}],[{"utility":10,"ID":11},{"utility":29,"ID":14}],[{"utility":0,"ID":21}],[{"utility":0,"ID":23}],[{"utility":0,"ID":20}],[{"utility":0,"ID":27}],[{"utility":0,"ID":7}],[{"utility":0,"ID":9}],[{"utility":99,"ID":4},{"utility":49,"ID":25}],[{"utility":93,"ID":3},{"utility":27,"ID":22}],[{"utility":71,"ID":5},{"utility":46,"ID":6}],[],[],[],[],[],[],[],[]],"STARTING COALITION: ":[[null],[{"utility":0,"ID":27}],[{"utility":48.5,"ID":3},{"utility":41.5,"ID":20},{"utility":31,"ID":29}],[{"utility":15,"ID":8},{"utility":77,"ID":9}],[],[{"utility":0,"ID":10}],[{"utility":45.5,"ID":13},{"utility":59.5,"ID":15},{"utility":46.5,"ID":16}],[{"utility":67,"ID":18},{"utility":80.5,"ID":19},{"utility":57.5,"ID":28}],[{"utility":69.5,"ID":12},{"utility":48,"ID":22},{"utility":15,"ID":25}],[{"utility":0,"ID":6}],[{"utility":0,"ID":17}],[{"utility":0,"ID":4}],[{"utility":67.5,"ID":2},{"utility":67.5,"ID":24},{"utility":46.5,"ID":26}],[{"utility":53.5,"ID":5},{"utility":16.5,"ID":11},{"utility":22.5,"ID":14}],[{"utility":54.5,"ID":1},{"utility":81,"ID":7},{"utility":61,"ID":21}],[{"utility":62,"ID":23},{"utility":24,"ID":30}],[],[],[],[],[],[],[],[],[],[],[],[],[],[],[]],"CORE :":false,"Relazioni :":870,"Time : ":0.1,"LAST PARTITION":{"22":21,"23":15,"24":4,"25":20,"26":12,"27":17,"28":7,"29":2,"30":1,"10":3,"11":13,"12":8,"13":6,"14":13,"15":6,"16":6,"17":5,"18":7,"19":7,"1":1,"2":9,"3":21,"4":20,"5":22,"6":22,"7":18,"8":11,"9":19,"20":16,"21":14}},{"Modalità dinamica :":false,"Q : ":4,"STARTING PARTITION: ":{"22":8,"23":15,"24":12,"25":8,"26":12,"27":1,"28":7,"29":2,"30":15,"10":5,"11":13,"12":8,"13":6,"14":13,"15":6,"16":6,"17":10,"18":7,"19":7,"1":14,"2":12,"3":2,"4":11,"5":13,"6":9,"7":14,"8":3,"9":3,"20":2,"21":14},"LAST COALITION":[[],[{"utility":99,"ID":1},{"utility":62,"ID":30}],[{"utility":0,"ID":29}],[{"utility":0,"ID":10}],[{"utility":0,"ID":24}],[{"utility":0,"ID":17}],[{"utility":45.5,"ID":13},{"utility":59.5,"ID":15},{"utility":46.5,"ID":16}],[{"utility":67,"ID":18},{"utility":80.5,"ID":19},{"utility":57.5,"ID":28}],[{"utility":0,"ID":12}],[{"utility":0,"ID":2}],[],[{"utility":0,"ID":8}],[{"utility":0,"ID":26}],[{"utility":10,"ID":11},{"utility":29,"ID":14}],[{"utility":0,"ID":21}],[{"utility":0,"ID":23}],[{"utility":0,"ID":20}],[{"utility":0,"ID":27}],[{"utility":0,"ID":7}],[{"utility":0,"ID":9}],[{"utility":99,"ID":4},{"utility":49,"ID":25}],[{"utility":93,"ID":3},{"utility":27,"ID":22}],[{"utility":71,"ID":5},{"utility":46,"ID":6}],[],[],[],[],[],[],[],[]],"STARTING COALITION: ":[[null],[{"utility":0,"ID":27}],[{"utility":48.5,"ID":3},{"utility":41.5,"ID":20},{"utility":31,"ID":29}],[{"utility":15,"ID":8},{"utility":77,"ID":9}],[],[{"utility":0,"ID":10}],[{"utility":45.5,"ID":13},{"utility":59.5,"ID":15},{"utility":46.5,"ID":16}],[{"utility":67,"ID":18},{"utility":80.5,"ID":19},{"utility":57.5,"ID":28}],[{"utility":69.5,"ID":12},{"utility":48,"ID":22},{"utility":15,"ID":25}],[{"utility":0,"ID":6}],[{"utility":0,"ID":17}],[{"utility":0,"ID":4}],[{"utility":67.5,"ID":2},{"utility":67.5,"ID":24},{"utility":46.5,"ID":26}],[{"utility":53.5,"ID":5},{"utility":16.5,"ID":11},{"utility":22.5,"ID":14}],[{"utility":54.5,"ID":1},{"utility":81,"ID":7},{"utility":61,"ID":21}],[{"utility":62,"ID":23},{"utility":24,"ID":30}],[],[],[],[],[],[],[],[],[],[],[],[],[],[],[]],"CORE :":false,"Relazioni :":870,"Time : ":0.1,"LAST PARTITION":{"22":21,"23":15,"24":4,"25":20,"26":12,"27":17,"28":7,"29":2,"30":1,"10":3,"11":13,"12":8,"13":6,"14":13,"15":6,"16":6,"17":5,"18":7,"19":7,"1":1,"2":9,"3":21,"4":20,"5":22,"6":22,"7":18,"8":11,"9":19,"20":16,"21":14}},{"Modalità dinamica :":false,"Q : ":5,"STARTING PARTITION: ":{"22":8,"23":15,"24":12,"25":8,"26":12,"27":1,"28":7,"29":2,"30":15,"10":5,"11":13,"12":8,"13":6,"14":13,"15":6,"16":6,"17":10,"18":7,"19":7,"1":14,"2":12,"3":2,"4":11,"5":13,"6":9,"7":14,"8":3,"9":3,"20":2,"21":14},"LAST COALITION":[[],[{"utility":99,"ID":1},{"utility":62,"ID":30}],[{"utility":0,"ID":29}],[{"utility":0,"ID":10}],[{"utility":0,"ID":24}],[{"utility":0,"ID":17}],[{"utility":45.5,"ID":13},{"utility":59.5,"ID":15},{"utility":46.5,"ID":16}],[{"utility":67,"ID":18},{"utility":80.5,"ID":19},{"utility":57.5,"ID":28}],[{"utility":0,"ID":12}],[{"utility":99,"ID":2},{"utility":40,"ID":6}],[{"utility":0,"ID":5}],[{"utility":0,"ID":8}],[{"utility":0,"ID":26}],[{"utility":10,"ID":11},{"utility":29,"ID":14}],[{"utility":0,"ID":21}],[{"utility":0,"ID":23}],[{"utility":0,"ID":20}],[{"utility":0,"ID":27}],[{"utility":0,"ID":7}],[{"utility":0,"ID":9}],[{"utility":99,"ID":4},{"utility":49,"ID":25}],[{"utility":93,"ID":3},{"utility":27,"ID":22}],[],[],[],[],[],[],[],[],[]],"STARTING COALITION: ":[[null],[{"utility":0,"ID":27}],[{"utility":48.5,"ID":3},{"utility":41.5,"ID":20},{"utility":31,"ID":29}],[{"utility":15,"ID":8},{"utility":77,"ID":9}],[],[{"utility":0,"ID":10}],[{"utility":45.5,"ID":13},{"utility":59.5,"ID":15},{"utility":46.5,"ID":16}],[{"utility":67,"ID":18},{"utility":80.5,"ID":19},{"utility":57.5,"ID":28}],[{"utility":69.5,"ID":12},{"utility":48,"ID":22},{"utility":15,"ID":25}],[{"utility":0,"ID":6}],[{"utility":0,"ID":17}],[{"utility":0,"ID":4}],[{"utility":67.5,"ID":2},{"utility":67.5,"ID":24},{"utility":46.5,"ID":26}],[{"utility":53.5,"ID":5},{"utility":16.5,"ID":11},{"utility":22.5,"ID":14}],[{"utility":54.5,"ID":1},{"utility":81,"ID":7},{"utility":61,"ID":21}],[{"utility":62,"ID":23},{"utility":24,"ID":30}],[],[],[],[],[],[],[],[],[],[],[],[],[],[],[]],"CORE :":false,"Relazioni :":870,"Time : ":0.1,"LAST PARTITION":{"22":21,"23":15,"24":4,"25":20,"26":12,"27":17,"28":7,"29":2,"30":1,"10":3,"11":13,"12":8,"13":6,"14":13,"15":6,"16":6,"17":5,"18":7,"19":7,"1":1,"2":9,"3":21,"4":20,"5":10,"6":9,"7":18,"8":11,"9":19,"20":16,"21":14}},{"Modalità dinamica :":false,"Q : ":6,"STARTING PARTITION: ":{"22":8,"23":15,"24":12,"25":8,"26":12,"27":1,"28":7,"29":2,"30":15,"10":5,"11":13,"12":8,"13":6,"14":13,"15":6,"16":6,"17":10,"18":7,"19":7,"1":14,"2":12,"3":2,"4":11,"5":13,"6":9,"7":14,"8":3,"9":3,"20":2,"21":14},"LAST COALITION":[[],[{"utility":99,"ID":1},{"utility":62,"ID":30}],[{"utility":0,"ID":29}],[{"utility":0,"ID":10}],[{"utility":0,"ID":24}],[{"utility":0,"ID":17}],[{"utility":45.5,"ID":13},{"utility":59.5,"ID":15},{"utility":46.5,"ID":16}],[{"utility":67,"ID":18},{"utility":80.5,"ID":19},{"utility":57.5,"ID":28}],[{"utility":0,"ID":12}],[],[{"utility":36,"ID":2},{"utility":94,"ID":5}],[{"utility":0,"ID":8}],[{"utility":0,"ID":26}],[{"utility":10,"ID":11},{"utility":29,"ID":14}],[{"utility":0,"ID":21}],[{"utility":0,"ID":23}],[{"utility":0,"ID":20}],[{"utility":0,"ID":27}],[{"utility":0,"ID":7}],[{"utility":0,"ID":9}],[{"utility":99,"ID":4},{"utility":49,"ID":25}],[{"utility":93,"ID":3},{"utility":27,"ID":22}],[{"utility":0,"ID":6}],[],[],[],[],[],[],[],[]],"STARTING COALITION: ":[[null],[{"utility":0,"ID":27}],[{"utility":48.5,"ID":3},{"utility":41.5,"ID":20},{"utility":31,"ID":29}],[{"utility":15,"ID":8},{"utility":77,"ID":9}],[],[{"utility":0,"ID":10}],[{"utility":45.5,"ID":13},{"utility":59.5,"ID":15},{"utility":46.5,"ID":16}],[{"utility":67,"ID":18},{"utility":80.5,"ID":19},{"utility":57.5,"ID":28}],[{"utility":69.5,"ID":12},{"utility":48,"ID":22},{"utility":15,"ID":25}],[{"utility":0,"ID":6}],[{"utility":0,"ID":17}],[{"utility":0,"ID":4}],[{"utility":67.5,"ID":2},{"utility":67.5,"ID":24},{"utility":46.5,"ID":26}],[{"utility":53.5,"ID":5},{"utility":16.5,"ID":11},{"utility":22.5,"ID":14}],[{"utility":54.5,"ID":1},{"utility":81,"ID":7},{"utility":61,"ID":21}],[{"utility":62,"ID":23},{"utility":24,"ID":30}],[],[],[],[],[],[],[],[],[],[],[],[],[],[],[]],"CORE :":false,"Relazioni :":870,"Time : ":0.1,"LAST PARTITION":{"22":21,"23":15,"24":4,"25":20,"26":12,"27":17,"28":7,"29":2,"30":1,"10":3,"11":13,"12":8,"13":6,"14":13,"15":6,"16":6,"17":5,"18":7,"19":7,"1":1,"2":10,"3":21,"4":20,"5":10,"6":22,"7":18,"8":11,"9":19,"20":16,"21":14}},{"Modalità dinamica :":false,"Q : ":7,"STARTING PARTITION: ":{"22":8,"23":15,"24":12,"25":8,"26":12,"27":1,"28":7,"29":2,"30":15,"10":5,"11":13,"12":8,"13":6,"14":13,"15":6,"16":6,"17":10,"18":7,"19":7,"1":14,"2":12,"3":2,"4":11,"5":13,"6":9,"7":14,"8":3,"9":3,"20":2,"21":14},"LAST COALITION":[[],[{"utility":99,"ID":1},{"utility":62,"ID":30}],[{"utility":0,"ID":29}],[{"utility":0,"ID":10}],[{"utility":0,"ID":24}],[{"utility":0,"ID":17}],[{"utility":45.5,"ID":13},{"utility":59.5,"ID":15},{"utility":46.5,"ID":16}],[{"utility":67,"ID":18},{"utility":80.5,"ID":19},{"utility":57.5,"ID":28}],[{"utility":0,"ID":12}],[{"utility":0,"ID":2}],[],[{"utility":0,"ID":8}],[{"utility":0,"ID":26}],[{"utility":10,"ID":11},{"utility":29,"ID":14}],[{"utility":0,"ID":21}],[{"utility":0,"ID":23}],[{"utility":0,"ID":20}],[{"utility":0,"ID":27}],[{"utility":0,"ID":7}],[{"utility":0,"ID":9}],[{"utility":99,"ID":4},{"utility":49,"ID":25}],[{"utility":93,"ID":3},{"utility":27,"ID":22}],[{"utility":71,"ID":5},{"utility":46,"ID":6}],[],[],[],[],[],[],[],[]],"STARTING COALITION: ":[[null],[{"utility":0,"ID":27}],[{"utility":48.5,"ID":3},{"utility":41.5,"ID":20},{"utility":31,"ID":29}],[{"utility":15,"ID":8},{"utility":77,"ID":9}],[],[{"utility":0,"ID":10}],[{"utility":45.5,"ID":13},{"utility":59.5,"ID":15},{"utility":46.5,"ID":16}],[{"utility":67,"ID":18},{"utility":80.5,"ID":19},{"utility":57.5,"ID":28}],[{"utility":69.5,"ID":12},{"utility":48,"ID":22},{"utility":15,"ID":25}],[{"utility":0,"ID":6}],[{"utility":0,"ID":17}],[{"utility":0,"ID":4}],[{"utility":67.5,"ID":2},{"utility":67.5,"ID":24},{"utility":46.5,"ID":26}],[{"utility":53.5,"ID":5},{"utility":16.5,"ID":11},{"utility":22.5,"ID":14}],[{"utility":54.5,"ID":1},{"utility":81,"ID":7},{"utility":61,"ID":21}],[{"utility":62,"ID":23},{"utility":24,"ID":30}],[],[],[],[],[],[],[],[],[],[],[],[],[],[],[]],"CORE :":false,"Relazioni :":870,"Time : ":0.1,"LAST PARTITION":{"22":21,"23":15,"24":4,"25":20,"26":12,"27":17,"28":7,"29":2,"30":1,"10":3,"11":13,"12":8,"13":6,"14":13,"15":6,"16":6,"17":5,"18":7,"19":7,"1":1,"2":9,"3":21,"4":20,"5":22,"6":22,"7":18,"8":11,"9":19,"20":16,"21":14}},{"Modalità dinamica :":false,"Q : ":8,"STARTING PARTITION: ":{"22":8,"23":15,"24":12,"25":8,"26":12,"27":1,"28":7,"29":2,"30":15,"10":5,"11":13,"12":8,"13":6,"14":13,"15":6,"16":6,"17":10,"18":7,"19":7,"1":14,"2":12,"3":2,"4":11,"5":13,"6":9,"7":14,"8":3,"9":3,"20":2,"21":14},"LAST COALITION":[[],[{"utility":99,"ID":1},{"utility":62,"ID":30}],[{"utility":0,"ID":29}],[{"utility":0,"ID":10}],[{"utility":0,"ID":24}],[{"utility":0,"ID":17}],[{"utility":45.5,"ID":13},{"utility":59.5,"ID":15},{"utility":46.5,"ID":16}],[{"utility":67,"ID":18},{"utility":80.5,"ID":19},{"utility":57.5,"ID":28}],[{"utility":0,"ID":12}],[{"utility":0,"ID":2}],[],[{"utility":0,"ID":8}],[{"utility":0,"ID":26}],[{"utility":10,"ID":11},{"utility":29,"ID":14}],[{"utility":0,"ID":21}],[{"utility":0,"ID":23}],[{"utility":0,"ID":20}],[{"utility":0,"ID":27}],[{"utility":0,"ID":7}],[{"utility":0,"ID":9}],[{"utility":99,"ID":4},{"utility":49,"ID":25}],[{"utility":93,"ID":3},{"utility":27,"ID":22}],[{"utility":71,"ID":5},{"utility":46,"ID":6}],[],[],[],[],[],[],[],[]],"STARTING COALITION: ":[[null],[{"utility":0,"ID":27}],[{"utility":48.5,"ID":3},{"utility":41.5,"ID":20},{"utility":31,"ID":29}],[{"utility":15,"ID":8},{"utility":77,"ID":9}],[],[{"utility":0,"ID":10}],[{"utility":45.5,"ID":13},{"utility":59.5,"ID":15},{"utility":46.5,"ID":16}],[{"utility":67,"ID":18},{"utility":80.5,"ID":19},{"utility":57.5,"ID":28}],[{"utility":69.5,"ID":12},{"utility":48,"ID":22},{"utility":15,"ID":25}],[{"utility":0,"ID":6}],[{"utility":0,"ID":17}],[{"utility":0,"ID":4}],[{"utility":67.5,"ID":2},{"utility":67.5,"ID":24},{"utility":46.5,"ID":26}],[{"utility":53.5,"ID":5},{"utility":16.5,"ID":11},{"utility":22.5,"ID":14}],[{"utility":54.5,"ID":1},{"utility":81,"ID":7},{"utility":61,"ID":21}],[{"utility":62,"ID":23},{"utility":24,"ID":30}],[],[],[],[],[],[],[],[],[],[],[],[],[],[],[]],"CORE :":false,"Relazioni :":870,"Time : ":0.1,"LAST PARTITION":{"22":21,"23":15,"24":4,"25":20,"26":12,"27":17,"28":7,"29":2,"30":1,"10":3,"11":13,"12":8,"13":6,"14":13,"15":6,"16":6,"17":5,"18":7,"19":7,"1":1,"2":9,"3":21,"4":20,"5":22,"6":22,"7":18,"8":11,"9":19,"20":16,"21":14}},{"Modalità dinamica :":false,"Q : ":9,"STARTING PARTITION: ":{"22":8,"23":15,"24":12,"25":8,"26":12,"27":1,"28":7,"29":2,"30":15,"10":5,"11":13,"12":8,"13":6,"14":13,"15":6,"16":6,"17":10,"18":7,"19":7,"1":14,"2":12,"3":2,"4":11,"5":13,"6":9,"7":14,"8":3,"9":3,"20":2,"21":14},"LAST COALITION":[[],[{"utility":99,"ID":1},{"utility":62,"ID":30}],[{"utility":0,"ID":29}],[{"utility":0,"ID":10}],[{"utility":0,"ID":24}],[{"utility":0,"ID":17}],[{"utility":45.5,"ID":13},{"utility":59.5,"ID":15},{"utility":46.5,"ID":16}],[{"utility":67,"ID":18},{"utility":80.5,"ID":19},{"utility":57.5,"ID":28}],[{"utility":0,"ID":12}],[],[{"utility":36,"ID":2},{"utility":94,"ID":5}],[{"utility":0,"ID":8}],[{"utility":0,"ID":26}],[{"utility":10,"ID":11},{"utility":29,"ID":14}],[{"utility":0,"ID":21}],[{"utility":0,"ID":23}],[{"utility":0,"ID":20}],[{"utility":0,"ID":27}],[{"utility":0,"ID":7}],[{"utility":0,"ID":9}],[{"utility":99,"ID":4},{"utility":49,"ID":25}],[{"utility":93,"ID":3},{"utility":27,"ID":22}],[{"utility":0,"ID":6}],[],[],[],[],[],[],[],[]],"STARTING COALITION: ":[[null],[{"utility":0,"ID":27}],[{"utility":48.5,"ID":3},{"utility":41.5,"ID":20},{"utility":31,"ID":29}],[{"utility":15,"ID":8},{"utility":77,"ID":9}],[],[{"utility":0,"ID":10}],[{"utility":45.5,"ID":13},{"utility":59.5,"ID":15},{"utility":46.5,"ID":16}],[{"utility":67,"ID":18},{"utility":80.5,"ID":19},{"utility":57.5,"ID":28}],[{"utility":69.5,"ID":12},{"utility":48,"ID":22},{"utility":15,"ID":25}],[{"utility":0,"ID":6}],[{"utility":0,"ID":17}],[{"utility":0,"ID":4}],[{"utility":67.5,"ID":2},{"utility":67.5,"ID":24},{"utility":46.5,"ID":26}],[{"utility":53.5,"ID":5},{"utility":16.5,"ID":11},{"utility":22.5,"ID":14}],[{"utility":54.5,"ID":1},{"utility":81,"ID":7},{"utility":61,"ID":21}],[{"utility":62,"ID":23},{"utility":24,"ID":30}],[],[],[],[],[],[],[],[],[],[],[],[],[],[],[]],"CORE :":false,"Relazioni :":870,"Time : ":0.1,"LAST PARTITION":{"22":21,"23":15,"24":4,"25":20,"26":12,"27":17,"28":7,"29":2,"30":1,"10":3,"11":13,"12":8,"13":6,"14":13,"15":6,"16":6,"17":5,"18":7,"19":7,"1":1,"2":10,"3":21,"4":20,"5":10,"6":22,"7":18,"8":11,"9":19,"20":16,"21":14}},{"Modalità dinamica :":false,"Q : ":10,"STARTING PARTITION: ":{"22":8,"23":15,"24":12,"25":8,"26":12,"27":1,"28":7,"29":2,"30":15,"10":5,"11":13,"12":8,"13":6,"14":13,"15":6,"16":6,"17":10,"18":7,"19":7,"1":14,"2":12,"3":2,"4":11,"5":13,"6":9,"7":14,"8":3,"9":3,"20":2,"21":14},"LAST COALITION":[[],[{"utility":99,"ID":1},{"utility":62,"ID":30}],[{"utility":0,"ID":29}],[{"utility":0,"ID":10}],[{"utility":0,"ID":24}],[{"utility":0,"ID":17}],[{"utility":45.5,"ID":13},{"utility":59.5,"ID":15},{"utility":46.5,"ID":16}],[{"utility":67,"ID":18},{"utility":80.5,"ID":19},{"utility":57.5,"ID":28}],[{"utility":0,"ID":12}],[{"utility":99,"ID":2},{"utility":40,"ID":6}],[{"utility":0,"ID":5}],[{"utility":0,"ID":8}],[{"utility":0,"ID":26}],[{"utility":10,"ID":11},{"utility":29,"ID":14}],[{"utility":0,"ID":21}],[{"utility":0,"ID":23}],[{"utility":0,"ID":20}],[{"utility":0,"ID":27}],[{"utility":0,"ID":7}],[{"utility":0,"ID":9}],[{"utility":99,"ID":4},{"utility":49,"ID":25}],[{"utility":93,"ID":3},{"utility":27,"ID":22}],[],[],[],[],[],[],[],[],[]],"STARTING COALITION: ":[[null],[{"utility":0,"ID":27}],[{"utility":48.5,"ID":3},{"utility":41.5,"ID":20},{"utility":31,"ID":29}],[{"utility":15,"ID":8},{"utility":77,"ID":9}],[],[{"utility":0,"ID":10}],[{"utility":45.5,"ID":13},{"utility":59.5,"ID":15},{"utility":46.5,"ID":16}],[{"utility":67,"ID":18},{"utility":80.5,"ID":19},{"utility":57.5,"ID":28}],[{"utility":69.5,"ID":12},{"utility":48,"ID":22},{"utility":15,"ID":25}],[{"utility":0,"ID":6}],[{"utility":0,"ID":17}],[{"utility":0,"ID":4}],[{"utility":67.5,"ID":2},{"utility":67.5,"ID":24},{"utility":46.5,"ID":26}],[{"utility":53.5,"ID":5},{"utility":16.5,"ID":11},{"utility":22.5,"ID":14}],[{"utility":54.5,"ID":1},{"utility":81,"ID":7},{"utility":61,"ID":21}],[{"utility":62,"ID":23},{"utility":24,"ID":30}],[],[],[],[],[],[],[],[],[],[],[],[],[],[],[]],"CORE :":false,"Relazioni :":870,"Time : ":0.1,"LAST PARTITION":{"22":21,"23":15,"24":4,"25":20,"26":12,"27":17,"28":7,"29":2,"30":1,"10":3,"11":13,"12":8,"13":6,"14":13,"15":6,"16":6,"17":5,"18":7,"19":7,"1":1,"2":9,"3":21,"4":20,"5":10,"6":9,"7":18,"8":11,"9":19,"20":16,"21":14}},{"Modalità dinamica :":true,"Q : ":2,"STARTING PARTITION: ":{"22":8,"23":15,"24":12,"25":8,"26":12,"27":1,"28":7,"29":2,"30":15,"10":5,"11":13,"12":8,"13":6,"14":13,"15":6,"16":6,"17":10,"18":7,"19":7,"1":14,"2":12,"3":2,"4":11,"5":13,"6":9,"7":14,"8":3,"9":3,"20":2,"21":14},"LAST COALITION":[[],[{"utility":0,"ID":27}],[{"utility":48.5,"ID":3},{"utility":41.5,"ID":20},{"utility":31,"ID":29}],[{"utility":15,"ID":8},{"utility":77,"ID":9}],[{"utility":98,"ID":4},{"utility":95,"ID":24}],[{"utility":0,"ID":10}],[{"utility":45.5,"ID":13},{"utility":59.5,"ID":15},{"utility":46.5,"ID":16}],[{"utility":67,"ID":18},{"utility":80.5,"ID":19},{"utility":57.5,"ID":28}],[{"utility":69.5,"ID":12},{"utility":48,"ID":22},{"utility":15,"ID":25}],[{"utility":0,"ID":6}],[{"utility":0,"ID":17}],[],[{"utility":69,"ID":2},{"utility":47,"ID":26}],[{"utility":53.5,"ID":5},{"utility":16.5,"ID":11},{"utility":22.5,"ID":14}],[{"utility":54.5,"ID":1},{"utility":81,"ID":7},{"utility":61,"ID":21}],[{"utility":62,"ID":23},{"utility":24,"ID":30}],[],[],[],[],[],[],[],[],[],[],[],[],[],[],[]],"STARTING COALITION: ":[[null],[{"utility":0,"ID":27}],[{"utility":48.5,"ID":3},{"utility":41.5,"ID":20},{"utility":31,"ID":29}],[{"utility":15,"ID":8},{"utility":77,"ID":9}],[],[{"utility":0,"ID":10}],[{"utility":45.5,"ID":13},{"utility":59.5,"ID":15},{"utility":46.5,"ID":16}],[{"utility":67,"ID":18},{"utility":80.5,"ID":19},{"utility":57.5,"ID":28}],[{"utility":69.5,"ID":12},{"utility":48,"ID":22},{"utility":15,"ID":25}],[{"utility":0,"ID":6}],[{"utility":0,"ID":17}],[{"utility":0,"ID":4}],[{"utility":67.5,"ID":2},{"utility":67.5,"ID":24},{"utility":46.5,"ID":26}],[{"utility":53.5,"ID":5},{"utility":16.5,"ID":11},{"utility":22.5,"ID":14}],[{"utility":54.5,"ID":1},{"utility":81,"ID":7},{"utility":61,"ID":21}],[{"utility":62,"ID":23},{"utility":24,"ID":30}],[],[],[],[],[],[],[],[],[],[],[],[],[],[],[]],"CORE :":false,"Relazioni :":870,"Time : ":0.1,"LAST PARTITION":{"22":8,"23":15,"24":4,"25":8,"26":12,"27":1,"28":7,"29":2,"30":15,"10":5,"11":13,"12":8,"13":6,"14":13,"15":6,"16":6,"17":10,"18":7,"19":7,"1":14,"2":12,"3":2,"4":4,"5":13,"6":9,"7":14,"8":3,"9":3,"20":2,"21":14}},{"Modalità dinamica :":true,"Q : ":3,"STARTING PARTITION: ":{"22":8,"23":15,"24":12,"25":8,"26":12,"27":1,"28":7,"29":2,"30":15,"10":5,"11":13,"12":8,"13":6,"14":13,"15":6,"16":6,"17":10,"18":7,"19":7,"1":14,"2":12,"3":2,"4":11,"5":13,"6":9,"7":14,"8":3,"9":3,"20":2,"21":14},"LAST COALITION":[[],[{"utility":0,"ID":27}],[{"utility":48.5,"ID":3},{"utility":41.5,"ID":20},{"utility":31,"ID":29}],[{"utility":15,"ID":8},{"utility":77,"ID":9}],[{"utility":80.5,"ID":10},{"utility":44.5,"ID":11},{"utility":52.5,"ID":22}],[],[{"utility":45.5,"ID":13},{"utility":59.5,"ID":15},{"utility":46.5,"ID":16}],[{"utility":67,"ID":18},{"utility":80.5,"ID":19},{"utility":57.5,"ID":28}],[{"utility":53,"ID":12},{"utility":18,"ID":25}],[{"utility":0,"ID":6}],[{"utility":0,"ID":17}],[{"utility":0,"ID":4}],[{"utility":67.5,"ID":2},{"utility":67.5,"ID":24},{"utility":46.5,"ID":26}],[{"utility":97,"ID":5},{"utility":16,"ID":14}],[{"utility":54.5,"ID":1},{"utility":81,"ID":7},{"utility":61,"ID":21}],[{"utility":62,"ID":23},{"utility":24,"ID":30}],[],[],[],[],[],[],[],[],[],[],[],[],[],[],[]],"STARTING COALITION: ":[[null],[{"utility":0,"ID":27}],[{"utility":48.5,"ID":3},{"utility":41.5,"ID":20},{"utility":31,"ID":29}],[{"utility":15,"ID":8},{"utility":77,"ID":9}],[],[{"utility":0,"ID":10}],[{"utility":45.5,"ID":13},{"utility":59.5,"ID":15},{"utility":46.5,"ID":16}],[{"utility":67,"ID":18},{"utility":80.5,"ID":19},{"utility":57.5,"ID":28}],[{"utility":69.5,"ID":12},{"utility":48,"ID":22},{"utility":15,"ID":25}],[{"utility":0,"ID":6}],[{"utility":0,"ID":17}],[{"utility":0,"ID":4}],[{"utility":67.5,"ID":2},{"utility":67.5,"ID":24},{"utility":46.5,"ID":26}],[{"utility":53.5,"ID":5},{"utility":16.5,"ID":11},{"utility":22.5,"ID":14}],[{"utility":54.5,"ID":1},{"utility":81,"ID":7},{"utility":61,"ID":21}],[{"utility":62,"ID":23},{"utility":24,"ID":30}],[],[],[],[],[],[],[],[],[],[],[],[],[],[],[]],"CORE :":false,"Relazioni :":870,"Time : ":0.1,"LAST PARTITION":{"22":4,"23":15,"24":12,"25":8,"26":12,"27":1,"28":7,"29":2,"30":15,"10":4,"11":4,"12":8,"13":6,"14":13,"15":6,"16":6,"17":10,"18":7,"19":7,"1":14,"2":12,"3":2,"4":11,"5":13,"6":9,"7":14,"8":3,"9":3,"20":2,"21":14}},{"Modalità dinamica :":true,"Q : ":4,"STARTING PARTITION: ":{"22":8,"23":15,"24":12,"25":8,"26":12,"27":1,"28":7,"29":2,"30":15,"10":5,"11":13,"12":8,"13":6,"14":13,"15":6,"16":6,"17":10,"18":7,"19":7,"1":14,"2":12,"3":2,"4":11,"5":13,"6":9,"7":14,"8":3,"9":3,"20":2,"21":14},"LAST COALITION":[[],[{"utility":0,"ID":27}],[{"utility":48.5,"ID":3},{"utility":41.5,"ID":20},{"utility":31,"ID":29}],[{"utility":15,"ID":8},{"utility":77,"ID":9}],[{"utility":55.5,"ID":11},{"utility":78,"ID":15},{"utility":59,"ID":26}],[{"utility":0,"ID":10}],[{"utility":69,"ID":13},{"utility":50,"ID":16}],[{"utility":67,"ID":18},{"utility":80.5,"ID":19},{"utility":57.5,"ID":28}],[{"utility":69.5,"ID":12},{"utility":48,"ID":22},{"utility":15,"ID":25}],[{"utility":0,"ID":6}],[{"utility":0,"ID":17}],[{"utility":0,"ID":4}],[{"utility":66,"ID":2},{"utility":49,"ID":24}],[{"utility":97,"ID":5},{"utility":16,"ID":14}],[{"utility":54.5,"ID":1},{"utility":81,"ID":7},{"utility":61,"ID":21}],[{"utility":62,"ID":23},{"utility":24,"ID":30}],[],[],[],[],[],[],[],[],[],[],[],[],[],[],[]],"STARTING COALITION: ":[[null],[{"utility":0,"ID":27}],[{"utility":48.5,"ID":3},{"utility":41.5,"ID":20},{"utility":31,"ID":29}],[{"utility":15,"ID":8},{"utility":77,"ID":9}],[],[{"utility":0,"ID":10}],[{"utility":45.5,"ID":13},{"utility":59.5,"ID":15},{"utility":46.5,"ID":16}],[{"utility":67,"ID":18},{"utility":80.5,"ID":19},{"utility":57.5,"ID":28}],[{"utility":69.5,"ID":12},{"utility":48,"ID":22},{"utility":15,"ID":25}],[{"utility":0,"ID":6}],[{"utility":0,"ID":17}],[{"utility":0,"ID":4}],[{"utility":67.5,"ID":2},{"utility":67.5,"ID":24},{"utility":46.5,"ID":26}],[{"utility":53.5,"ID":5},{"utility":16.5,"ID":11},{"utility":22.5,"ID":14}],[{"utility":54.5,"ID":1},{"utility":81,"ID":7},{"utility":61,"ID":21}],[{"utility":62,"ID":23},{"utility":24,"ID":30}],[],[],[],[],[],[],[],[],[],[],[],[],[],[],[]],"CORE :":false,"Relazioni :":870,"Time : ":0.1,"LAST PARTITION":{"22":8,"23":15,"24":12,"25":8,"26":4,"27":1,"28":7,"29":2,"30":15,"10":5,"11":4,"12":8,"13":6,"14":13,"15":4,"16":6,"17":10,"18":7,"19":7,"1":14,"2":12,"3":2,"4":11,"5":13,"6":9,"7":14,"8":3,"9":3,"20":2,"21":14}},{"Modalità dinamica :":true,"Q : ":5,"STARTING PARTITION: ":{"22":8,"23":15,"24":12,"25":8,"26":12,"27":1,"28":7,"29":2,"30":15,"10":5,"11":13,"12":8,"13":6,"14":13,"15":6,"16":6,"17":10,"18":7,"19":7,"1":14,"2":12,"3":2,"4":11,"5":13,"6":9,"7":14,"8":3,"9":3,"20":2,"21":14},"LAST COALITION":[[],[{"utility":0,"ID":27}],[{"utility":48.5,"ID":3},{"utility":41.5,"ID":20},{"utility":31,"ID":29}],[{"utility":15,"ID":8},{"utility":77,"ID":9}],[{"utility":42,"ID":4},{"utility":82,"ID":19}],[{"utility":0,"ID":10}],[{"utility":45.5,"ID":13},{"utility":59.5,"ID":15},{"utility":46.5,"ID":16}],[{"utility":76,"ID":18},{"utility":29,"ID":28}],[{"utility":69.5,"ID":12},{"utility":48,"ID":22},{"utility":15,"ID":25}],[{"utility":0,"ID":6}],[{"utility":0,"ID":17}],[],[{"utility":67.5,"ID":2},{"utility":67.5,"ID":24},{"utility":46.5,"ID":26}],[{"utility":53.5,"ID":5},{"utility":16.5,"ID":11},{"utility":22.5,"ID":14}],[{"utility":54.5,"ID":1},{"utility":81,"ID":7},{"utility":61,"ID":21}],[{"utility":62,"ID":23},{"utility":24,"ID":30}],[],[],[],[],[],[],[],[],[],[],[],[],[],[],[]],"STARTING COALITION: ":[[null],[{"utility":0,"ID":27}],[{"utility":48.5,"ID":3},{"utility":41.5,"ID":20},{"utility":31,"ID":29}],[{"utility":15,"ID":8},{"utility":77,"ID":9}],[],[{"utility":0,"ID":10}],[{"utility":45.5,"ID":13},{"utility":59.5,"ID":15},{"utility":46.5,"ID":16}],[{"utility":67,"ID":18},{"utility":80.5,"ID":19},{"utility":57.5,"ID":28}],[{"utility":69.5,"ID":12},{"utility":48,"ID":22},{"utility":15,"ID":25}],[{"utility":0,"ID":6}],[{"utility":0,"ID":17}],[{"utility":0,"ID":4}],[{"utility":67.5,"ID":2},{"utility":67.5,"ID":24},{"utility":46.5,"ID":26}],[{"utility":53.5,"ID":5},{"utility":16.5,"ID":11},{"utility":22.5,"ID":14}],[{"utility":54.5,"ID":1},{"utility":81,"ID":7},{"utility":61,"ID":21}],[{"utility":62,"ID":23},{"utility":24,"ID":30}],[],[],[],[],[],[],[],[],[],[],[],[],[],[],[]],"CORE :":false,"Relazioni :":870,"Time : ":0.1,"LAST PARTITION":{"22":8,"23":15,"24":12,"25":8,"26":12,"27":1,"28":7,"29":2,"30":15,"10":5,"11":13,"12":8,"13":6,"14":13,"15":6,"16":6,"17":10,"18":7,"19":4,"1":14,"2":12,"3":2,"4":4,"5":13,"6":9,"7":14,"8":3,"9":3,"20":2,"21":14}},{"Modalità dinamica :":true,"Q : ":6,"STARTING PARTITION: ":{"22":8,"23":15,"24":12,"25":8,"26":12,"27":1,"28":7,"29":2,"30":15,"10":5,"11":13,"12":8,"13":6,"14":13,"15":6,"16":6,"17":10,"18":7,"19":7,"1":14,"2":12,"3":2,"4":11,"5":13,"6":9,"7":14,"8":3,"9":3,"20":2,"21":14},"LAST COALITION":[[],[{"utility":42,"ID":14},{"utility":88,"ID":21}],[{"utility":48.5,"ID":3},{"utility":41.5,"ID":20},{"utility":31,"ID":29}],[{"utility":0,"ID":9}],[{"utility":92.5,"ID":4},{"utility":73.5,"ID":8},{"utility":60.5,"ID":25}],[],[{"utility":45.5,"ID":13},{"utility":59.5,"ID":15},{"utility":46.5,"ID":16}],[{"utility":67,"ID":18},{"utility":80.5,"ID":19},{"utility":57.5,"ID":28}],[{"utility":86,"ID":12},{"utility":5,"ID":22}],[{"utility":0,"ID":6}],[{"utility":0,"ID":17}],[{"utility":95,"ID":10},{"utility":37,"ID":27}],[{"utility":67.5,"ID":2},{"utility":67.5,"ID":24},{"utility":46.5,"ID":26}],[{"utility":10,"ID":5},{"utility":23,"ID":11}],[{"utility":54,"ID":1},{"utility":78,"ID":7}],[{"utility":62,"ID":23},{"utility":24,"ID":30}],[],[],[],[],[],[],[],[],[],[],[],[],[],[],[]],"STARTING COALITION: ":[[null],[{"utility":0,"ID":27}],[{"utility":48.5,"ID":3},{"utility":41.5,"ID":20},{"utility":31,"ID":29}],[{"utility":15,"ID":8},{"utility":77,"ID":9}],[],[{"utility":0,"ID":10}],[{"utility":45.5,"ID":13},{"utility":59.5,"ID":15},{"utility":46.5,"ID":16}],[{"utility":67,"ID":18},{"utility":80.5,"ID":19},{"utility":57.5,"ID":28}],[{"utility":69.5,"ID":12},{"utility":48,"ID":22},{"utility":15,"ID":25}],[{"utility":0,"ID":6}],[{"utility":0,"ID":17}],[{"utility":0,"ID":4}],[{"utility":67.5,"ID":2},{"utility":67.5,"ID":24},{"utility":46.5,"ID":26}],[{"utility":53.5,"ID":5},{"utility":16.5,"ID":11},{"utility":22.5,"ID":14}],[{"utility":54.5,"ID":1},{"utility":81,"ID":7},{"utility":61,"ID":21}],[{"utility":62,"ID":23},{"utility":24,"ID":30}],[],[],[],[],[],[],[],[],[],[],[],[],[],[],[]],"CORE :":false,"Relazioni :":870,"Time : ":0.1,"LAST PARTITION":{"22":8,"23":15,"24":12,"25":4,"26":12,"27":11,"28":7,"29":2,"30":15,"10":11,"11":13,"12":8,"13":6,"14":1,"15":6,"16":6,"17":10,"18":7,"19":7,"1":14,"2":12,"3":2,"4":4,"5":13,"6":9,"7":14,"8":4,"9":3,"20":2,"21":1}},{"Modalità dinamica :":true,"Q : ":7,"STARTING PARTITION: ":{"22":8,"23":15,"24":12,"25":8,"26":12,"27":1,"28":7,"29":2,"30":15,"10":5,"11":13,"12":8,"13":6,"14":13,"15":6,"16":6,"17":10,"18":7,"19":7,"1":14,"2":12,"3":2,"4":11,"5":13,"6":9,"7":14,"8":3,"9":3,"20":2,"21":14},"LAST COALITION":[[],[{"utility":0,"ID":27}],[{"utility":48.5,"ID":3},{"utility":41.5,"ID":20},{"utility":31,"ID":29}],[{"utility":0,"ID":9}],[{"utility":75.5,"ID":1},{"utility":57,"ID":13},{"utility":83,"ID":15}],[{"utility":0,"ID":10}],[{"utility":0,"ID":16}],[{"utility":67,"ID":18},{"utility":80.5,"ID":19},{"utility":57.5,"ID":28}],[{"utility":69.5,"ID":12},{"utility":48,"ID":22},{"utility":15,"ID":25}],[],[{"utility":0,"ID":17}],[{"utility":0,"ID":4}],[{"utility":86,"ID":24},{"utility":46,"ID":26}],[{"utility":53.5,"ID":5},{"utility":16.5,"ID":11},{"utility":22.5,"ID":14}],[{"utility":84,"ID":7},{"utility":36,"ID":21}],[{"utility":62,"ID":23},{"utility":24,"ID":30}],[{"utility":68.5,"ID":2},{"utility":67.5,"ID":6},{"utility":49.5,"ID":8}],[],[],[],[],[],[],[],[],[],[],[],[],[],[]],"STARTING COALITION: ":[[null],[{"utility":0,"ID":27}],[{"utility":48.5,"ID":3},{"utility":41.5,"ID":20},{"utility":31,"ID":29}],[{"utility":15,"ID":8},{"utility":77,"ID":9}],[],[{"utility":0,"ID":10}],[{"utility":45.5,"ID":13},{"utility":59.5,"ID":15},{"utility":46.5,"ID":16}],[{"utility":67,"ID":18},{"utility":80.5,"ID":19},{"utility":57.5,"ID":28}],[{"utility":69.5,"ID":12},{"utility":48,"ID":22},{"utility":15,"ID":25}],[{"utility":0,"ID":6}],[{"utility":0,"ID":17}],[{"utility":0,"ID":4}],[{"utility":67.5,"ID":2},{"utility":67.5,"ID":24},{"utility":46.5,"ID":26}],[{"utility":53.5,"ID":5},{"utility":16.5,"ID":11},{"utility":22.5,"ID":14}],[{"utility":54.5,"ID":1},{"utility":81,"ID":7},{"utility":61,"ID":21}],[{"utility":62,"ID":23},{"utility":24,"ID":30}],[],[],[],[],[],[],[],[],[],[],[],[],[],[],[]],"CORE :":false,"Relazioni :":870,"Time : ":0.1,"LAST PARTITION":{"22":8,"23":15,"24":12,"25":8,"26":12,"27":1,"28":7,"29":2,"30":15,"10":5,"11":13,"12":8,"13":4,"14":13,"15":4,"16":6,"17":10,"18":7,"19":7,"1":4,"2":16,"3":2,"4":11,"5":13,"6":16,"7":14,"8":16,"9":3,"20":2,"21":14}},{"Modalità dinamica :":true,"Q : ":8,"STARTING PARTITION: ":{"22":8,"23":15,"24":12,"25":8,"26":12,"27":1,"28":7,"29":2,"30":15,"10":5,"11":13,"12":8,"13":6,"14":13,"15":6,"16":6,"17":10,"18":7,"19":7,"1":14,"2":12,"3":2,"4":11,"5":13,"6":9,"7":14,"8":3,"9":3,"20":2,"21":14},"LAST COALITION":[[],[{"utility":0,"ID":27}],[{"utility":48.5,"ID":3},{"utility":41.5,"ID":20},{"utility":31,"ID":29}],[{"utility":15,"ID":8},{"utility":77,"ID":9}],[{"utility":44,"ID":25},{"utility":65,"ID":30}],[{"utility":0,"ID":10}],[{"utility":45.5,"ID":13},{"utility":59.5,"ID":15},{"utility":46.5,"ID":16}],[{"utility":67,"ID":18},{"utility":80.5,"ID":19},{"utility":57.5,"ID":28}],[{"utility":86,"ID":12},{"utility":5,"ID":22}],[{"utility":0,"ID":6}],[{"utility":0,"ID":17}],[{"utility":0,"ID":4}],[{"utility":67.5,"ID":2},{"utility":67.5,"ID":24},{"utility":46.5,"ID":26}],[{"utility":53.5,"ID":5},{"utility":16.5,"ID":11},{"utility":22.5,"ID":14}],[{"utility":54.5,"ID":1},{"utility":81,"ID":7},{"utility":61,"ID":21}],[{"utility":0,"ID":23}],[],[],[],[],[],[],[],[],[],[],[],[],[],[],[]],"STARTING COALITION: ":[[null],[{"utility":0,"ID":27}],[{"utility":48.5,"ID":3},{"utility":41.5,"ID":20},{"utility":31,"ID":29}],[{"utility":15,"ID":8},{"utility":77,"ID":9}],[],[{"utility":0,"ID":10}],[{"utility":45.5,"ID":13},{"utility":59.5,"ID":15},{"utility":46.5,"ID":16}],[{"utility":67,"ID":18},{"utility":80.5,"ID":19},{"utility":57.5,"ID":28}],[{"utility":69.5,"ID":12},{"utility":48,"ID":22},{"utility":15,"ID":25}],[{"utility":0,"ID":6}],[{"utility":0,"ID":17}],[{"utility":0,"ID":4}],[{"utility":67.5,"ID":2},{"utility":67.5,"ID":24},{"utility":46.5,"ID":26}],[{"utility":53.5,"ID":5},{"utility":16.5,"ID":11},{"utility":22.5,"ID":14}],[{"utility":54.5,"ID":1},{"utility":81,"ID":7},{"utility":61,"ID":21}],[{"utility":62,"ID":23},{"utility":24,"ID":30}],[],[],[],[],[],[],[],[],[],[],[],[],[],[],[]],"CORE :":false,"Relazioni :":870,"Time : ":0.1,"LAST PARTITION":{"22":8,"23":15,"24":12,"25":4,"26":12,"27":1,"28":7,"29":2,"30":4,"10":5,"11":13,"12":8,"13":6,"14":13,"15":6,"16":6,"17":10,"18":7,"19":7,"1":14,"2":12,"3":2,"4":11,"5":13,"6":9,"7":14,"8":3,"9":3,"20":2,"21":14}},{"Modalità dinamica :":true,"Q : ":9,"STARTING PARTITION: ":{"22":8,"23":15,"24":12,"25":8,"26":12,"27":1,"28":7,"29":2,"30":15,"10":5,"11":13,"12":8,"13":6,"14":13,"15":6,"16":6,"17":10,"18":7,"19":7,"1":14,"2":12,"3":2,"4":11,"5":13,"6":9,"7":14,"8":3,"9":3,"20":2,"21":14},"LAST COALITION":[[],[{"utility":81,"ID":1},{"utility":75,"ID":20}],[],[{"utility":0,"ID":5}],[{"utility":38,"ID":14},{"utility":37,"ID":17}],[{"utility":76,"ID":6},{"utility":53,"ID":26}],[{"utility":72.5,"ID":2},{"utility":29.5,"ID":9},{"utility":65.5,"ID":10}],[{"utility":0,"ID":11}],[{"utility":85,"ID":15},{"utility":42,"ID":21}],[{"utility":80,"ID":3},{"utility":98,"ID":16}],[{"utility":29,"ID":8},{"utility":46,"ID":22}],[{"utility":95,"ID":18},{"utility":26,"ID":27}],[{"utility":82,"ID":23},{"utility":91,"ID":25}],[{"utility":98,"ID":4},{"utility":95,"ID":24}],[{"utility":0,"ID":29}],[],[{"utility":90,"ID":28},{"utility":98,"ID":30}],[{"utility":79,"ID":7},{"utility":99,"ID":13}],[],[{"utility":71,"ID":12},{"utility":65,"ID":19}],[],[],[],[],[],[],[],[],[],[],[]],"STARTING COALITION: ":[[null],[{"utility":0,"ID":27}],[{"utility":48.5,"ID":3},{"utility":41.5,"ID":20},{"utility":31,"ID":29}],[{"utility":15,"ID":8},{"utility":77,"ID":9}],[],[{"utility":0,"ID":10}],[{"utility":45.5,"ID":13},{"utility":59.5,"ID":15},{"utility":46.5,"ID":16}],[{"utility":67,"ID":18},{"utility":80.5,"ID":19},{"utility":57.5,"ID":28}],[{"utility":69.5,"ID":12},{"utility":48,"ID":22},{"utility":15,"ID":25}],[{"utility":0,"ID":6}],[{"utility":0,"ID":17}],[{"utility":0,"ID":4}],[{"utility":67.5,"ID":2},{"utility":67.5,"ID":24},{"utility":46.5,"ID":26}],[{"utility":53.5,"ID":5},{"utility":16.5,"ID":11},{"utility":22.5,"ID":14}],[{"utility":54.5,"ID":1},{"utility":81,"ID":7},{"utility":61,"ID":21}],[{"utility":62,"ID":23},{"utility":24,"ID":30}],[],[],[],[],[],[],[],[],[],[],[],[],[],[],[]],"CORE :":false,"Relazioni :":870,"Time : ":0.1,"LAST PARTITION":{"22":10,"23":12,"24":13,"25":12,"26":5,"27":11,"28":16,"29":14,"30":16,"10":6,"11":7,"12":19,"13":17,"14":4,"15":8,"16":9,"17":4,"18":11,"19":19,"1":1,"2":6,"3":9,"4":13,"5":3,"6":5,"7":17,"8":10,"9":6,"20":1,"21":8}},{"Modalità dinamica :":true,"Q : ":10,"STARTING PARTITION: ":{"22":8,"23":15,"24":12,"25":8,"26":12,"27":1,"28":7,"29":2,"30":15,"10":5,"11":13,"12":8,"13":6,"14":13,"15":6,"16":6,"17":10,"18":7,"19":7,"1":14,"2":12,"3":2,"4":11,"5":13,"6":9,"7":14,"8":3,"9":3,"20":2,"21":14},"LAST COALITION":[[],[{"utility":90,"ID":28},{"utility":98,"ID":30}],[{"utility":97,"ID":5},{"utility":95,"ID":24}],[{"utility":0,"ID":9}],[{"utility":61,"ID":10},{"utility":61,"ID":14}],[{"utility":0,"ID":29}],[{"utility":70,"ID":17},{"utility":99,"ID":23}],[{"utility":42,"ID":4},{"utility":82,"ID":19}],[{"utility":87.5,"ID":11},{"utility":83,"ID":18},{"utility":38.5,"ID":26}],[{"utility":98,"ID":12},{"utility":71,"ID":21}],[],[{"utility":73,"ID":2},{"utility":44,"ID":16}],[{"utility":0,"ID":22}],[{"utility":79,"ID":7},{"utility":99,"ID":13}],[{"utility":85,"ID":3},{"utility":95,"ID":6}],[{"utility":91,"ID":8},{"utility":72,"ID":25}],[{"utility":61,"ID":20},{"utility":70,"ID":27}],[{"utility":77,"ID":1},{"utility":85,"ID":15}],[],[],[],[],[],[],[],[],[],[],[],[],[]],"STARTING COALITION: ":[[null],[{"utility":0,"ID":27}],[{"utility":48.5,"ID":3},{"utility":41.5,"ID":20},{"utility":31,"ID":29}],[{"utility":15,"ID":8},{"utility":77,"ID":9}],[],[{"utility":0,"ID":10}],[{"utility":45.5,"ID":13},{"utility":59.5,"ID":15},{"utility":46.5,"ID":16}],[{"utility":67,"ID":18},{"utility":80.5,"ID":19},{"utility":57.5,"ID":28}],[{"utility":69.5,"ID":12},{"utility":48,"ID":22},{"utility":15,"ID":25}],[{"utility":0,"ID":6}],[{"utility":0,"ID":17}],[{"utility":0,"ID":4}],[{"utility":67.5,"ID":2},{"utility":67.5,"ID":24},{"utility":46.5,"ID":26}],[{"utility":53.5,"ID":5},{"utility":16.5,"ID":11},{"utility":22.5,"ID":14}],[{"utility":54.5,"ID":1},{"utility":81,"ID":7},{"utility":61,"ID":21}],[{"utility":62,"ID":23},{"utility":24,"ID":30}],[],[],[],[],[],[],[],[],[],[],[],[],[],[],[]],"CORE :":false,"Relazioni :":870,"Time : ":0.1,"LAST PARTITION":{"22":12,"23":6,"24":2,"25":15,"26":8,"27":16,"28":1,"29":5,"30":1,"10":4,"11":8,"12":9,"13":13,"14":4,"15":17,"16":11,"17":6,"18":8,"19":7,"1":17,"2":11,"3":14,"4":7,"5":2,"6":14,"7":13,"8":15,"9":3,"20":16,"21":9}},{"END OF FILE:" : true}]