[{"Modalità dinamica :":false,"Q : ":2,"STARTING PARTITION: ":{"22":11,"23":14,"24":14,"25":8,"26":5,"27":1,"28":13,"29":13,"30":14,"10":8,"11":2,"12":3,"13":4,"14":2,"15":10,"16":2,"17":3,"18":15,"19":12,"1":13,"2":11,"3":14,"4":15,"5":9,"6":9,"7":1,"8":7,"9":9,"20":13,"21":8},"LAST COALITION":[[],[{"utility":0,"ID":27}],[{"utility":54,"ID":14},{"utility":11,"ID":16}],[{"utility":70,"ID":12},{"utility":18,"ID":17}],[{"utility":0,"ID":13}],[{"utility":0,"ID":26}],[],[{"utility":0,"ID":8}],[{"utility":28.5,"ID":10},{"utility":25.5,"ID":21},{"utility":56,"ID":25}],[{"utility":45,"ID":6},{"utility":21,"ID":9}],[{"utility":80,"ID":3},{"utility":96,"ID":7}],[{"utility":0,"ID":22}],[{"utility":98,"ID":2},{"utility":43,"ID":15}],[{"utility":53.5,"ID":20},{"utility":66.5,"ID":28},{"utility":83.5,"ID":29}],[{"utility":41.5,"ID":23},{"utility":65,"ID":24},{"utility":26,"ID":30}],[{"utility":0,"ID":18}],[{"utility":79,"ID":4},{"utility":13,"ID":5}],[{"utility":0,"ID":19}],[{"utility":0,"ID":11}],[{"utility":0,"ID":1}],[],[],[],[],[],[],[],[],[],[],[]],"STARTING COALITION: ":[[null],[{"utility":21,"ID":7},{"utility":27,"ID":27}],[{"utility":36,"ID":11},{"utility":49,"ID":14},{"utility":18.5,"ID":16}],[{"utility":70,"ID":12},{"utility":18,"ID":17}],[{"utility":0,"ID":13}],[{"utility":0,"ID":26}],[],[{"utility":0,"ID":8}],[{"utility":28.5,"ID":10},{"utility":25.5,"ID":21},{"utility":56,"ID":25}],[{"utility":30,"ID":5},{"utility":66,"ID":6},{"utility":33.5,"ID":9}],[{"utility":0,"ID":15}],[{"utility":74,"ID":2},{"utility":4,"ID":22}],[{"utility":0,"ID":19}],[{"utility":43.666666666666664,"ID":1},{"utility":44,"ID":20},{"utility":58,"ID":28},{"utility":64.33333333333333,"ID":29}],[{"utility":58.333333333333336,"ID":3},{"utility":37.333333333333336,"ID":23},{"utility":62.666666666666664,"ID":24},{"utility":42.666666666666664,"ID":30}],[{"utility":63,"ID":4},{"utility":84,"ID":18}],[],[],[],[],[],[],[],[],[],[],[],[],[],[],[]],"CORE :":false,"Relazioni :":870,"Time : ":0.1,"LAST PARTITION":{"22":11,"23":14,"24":14,"25":8,"26":5,"27":1,"28":13,"29":13,"30":14,"10":8,"11":18,"12":3,"13":4,"14":2,"15":12,"16":2,"17":3,"18":15,"19":17,"1":19,"2":12,"3":10,"4":16,"5":16,"6":9,"7":10,"8":7,"9":9,"20":13,"21":8}},{"Modalità dinamica :":false,"Q : ":3,"STARTING PARTITION: ":{"22":11,"23":14,"24":14,"25":8,"26":5,"27":1,"28":13,"29":13,"30":14,"10":8,"11":2,"12":3,"13":4,"14":2,"15":10,"16":2,"17":3,"18":15,"19":12,"1":13,"2":11,"3":14,"4":15,"5":9,"6":9,"7":1,"8":7,"9":9,"20":13,"21":8},"LAST COALITION":[[],[{"utility":0,"ID":27}],[{"utility":54,"ID":14},{"utility":11,"ID":16}],[{"utility":70,"ID":12},{"utility":18,"ID":17}],[{"utility":0,"ID":13}],[{"utility":0,"ID":26}],[{"utility":47,"ID":1},{"utility":99,"ID":5}],[{"utility":0,"ID":8}],[{"utility":28.5,"ID":10},{"utility":25.5,"ID":21},{"utility":56,"ID":25}],[{"utility":45,"ID":6},{"utility":21,"ID":9}],[{"utility":80,"ID":3},{"utility":96,"ID":7}],[{"utility":0,"ID":22}],[{"utility":98,"ID":2},{"utility":43,"ID":15}],[{"utility":53.5,"ID":20},{"utility":66.5,"ID":28},{"utility":83.5,"ID":29}],[{"utility":41.5,"ID":23},{"utility":65,"ID":24},{"utility":26,"ID":30}],[{"utility":0,"ID":18}],[{"utility":0,"ID":4}],[{"utility":0,"ID":19}],[{"utility":0,"ID":11}],[],[],[],[],[],[],[],[],[],[],[],[]],"STARTING COALITION: ":[[null],[{"utility":21,"ID":7},{"utility":27,"ID":27}],[{"utility":36,"ID":11},{"utility":49,"ID":14},{"utility":18.5,"ID":16}],[{"utility":70,"ID":12},{"utility":18,"ID":17}],[{"utility":0,"ID":13}],[{"utility":0,"ID":26}],[],[{"utility":0,"ID":8}],[{"utility":28.5,"ID":10},{"utility":25.5,"ID":21},{"utility":56,"ID":25}],[{"utility":30,"ID":5},{"utility":66,"ID":6},{"utility":33.5,"ID":9}],[{"utility":0,"ID":15}],[{"utility":74,"ID":2},{"utility":4,"ID":22}],[{"utility":0,"ID":19}],[{"utility":43.666666666666664,"ID":1},{"utility":44,"ID":20},{"utility":58,"ID":28},{"utility":64.33333333333333,"ID":29}],[{"utility":58.333333333333336,"ID":3},{"utility":37.333333333333336,"ID":23},{"utility":62.666666666666664,"ID":24},{"utility":42.666666666666664,"ID":30}],[{"utility":63,"ID":4},{"utility":84,"ID":18}],[],[],[],[],[],[],[],[],[],[],[],[],[],[],[]],"CORE :":false,"Relazioni :":870,"Time : ":0.1,"LAST PARTITION":{"22":11,"23":14,"24":14,"25":8,"26":5,"27":1,"28":13,"29":13,"30":14,"10":8,"11":18,"12":3,"13":4,"14":2,"15":12,"16":2,"17":3,"18":15,"19":17,"1":6,"2":12,"3":10,"4":16,"5":6,"6":9,"7":10,"8":7,"9":9,"20":13,"21":8}},{"Modalità dinamica :":false,"Q : ":4,"STARTING PARTITION: ":{"22":11,"23":14,"24":14,"25":8,"26":5,"27":1,"28":13,"29":13,"30":14,"10":8,"11":2,"12":3,"13":4,"14":2,"15":10,"16":2,"17":3,"18":15,"19":12,"1":13,"2":11,"3":14,"4":15,"5":9,"6":9,"7":1,"8":7,"9":9,"20":13,"21":8},"LAST COALITION":[[],[{"utility":0,"ID":27}],[{"utility":54,"ID":14},{"utility":11,"ID":16}],[{"utility":70,"ID":12},{"utility":18,"ID":17}],[{"utility":0,"ID":13}],[{"utility":0,"ID":26}],[],[{"utility":0,"ID":8}],[{"utility":28.5,"ID":10},{"utility":25.5,"ID":21},{"utility":56,"ID":25}],[{"utility":45,"ID":6},{"utility":21,"ID":9}],[{"utility":80,"ID":3},{"utility":96,"ID":7}],[{"utility":0,"ID":22}],[{"utility":98,"ID":2},{"utility":43,"ID":15}],[{"utility":53.5,"ID":20},{"utility":66.5,"ID":28},{"utility":83.5,"ID":29}],[{"utility":41.5,"ID":23},{"utility":65,"ID":24},{"utility":26,"ID":30}],[{"utility":0,"ID":18}],[{"utility":79,"ID":4},{"utility":13,"ID":5}],[{"utility":0,"ID":19}],[{"utility":0,"ID":11}],[{"utility":0,"ID":1}],[],[],[],[],[],[],[],[],[],[],[]],"STARTING COALITION: ":[[null],[{"utility":21,"ID":7},{"utility":27,"ID":27}],[{"utility":36,"ID":11},{"utility":49,"ID":14},{"utility":18.5,"ID":16}],[{"utility":70,"ID":12},{"utility":18,"ID":17}],[{"utility":0,"ID":13}],[{"utility":0,"ID":26}],[],[{"utility":0,"ID":8}],[{"utility":28.5,"ID":10},{"utility":25.5,"ID":21},{"utility":56,"ID":25}],[{"utility":30,"ID":5},{"utility":66,"ID":6},{"utility":33.5,"ID":9}],[{"utility":0,"ID":15}],[{"utility":74,"ID":2},{"utility":4,"ID":22}],[{"utility":0,"ID":19}],[{"utility":43.666666666666664,"ID":1},{"utility":44,"ID":20},{"utility":58,"ID":28},{"utility":64.33333333333333,"ID":29}],[{"utility":58.333333333333336,"ID":3},{"utility":37.333333333333336,"ID":23},{"utility":62.666666666666664,"ID":24},{"utility":42.666666666666664,"ID":30}],[{"utility":63,"ID":4},{"utility":84,"ID":18}],[],[],[],[],[],[],[],[],[],[],[],[],[],[],[]],"CORE :":false,"Relazioni :":870,"Time : ":0.1,"LAST PARTITION":{"22":11,"23":14,"24":14,"25":8,"26":5,"27":1,"28":13,"29":13,"30":14,"10":8,"11":18,"12":3,"13":4,"14":2,"15":12,"16":2,"17":3,"18":15,"19":17,"1":19,"2":12,"3":10,"4":16,"5":16,"6":9,"7":10,"8":7,"9":9,"20":13,"21":8}},{"Modalità dinamica :":false,"Q : ":5,"STARTING PARTITION: ":{"22":11,"23":14,"24":14,"25":8,"26":5,"27":1,"28":13,"29":13,"30":14,"10":8,"11":2,"12":3,"13":4,"14":2,"15":10,"16":2,"17":3,"18":15,"19":12,"1":13,"2":11,"3":14,"4":15,"5":9,"6":9,"7":1,"8":7,"9":9,"20":13,"21":8},"LAST COALITION":[[],[{"utility":0,"ID":27}],[{"utility":54,"ID":14},{"utility":11,"ID":16}],[{"utility":70,"ID":12},{"utility":18,"ID":17}],[{"utility":0,"ID":13}],[{"utility":0,"ID":26}],[],[{"utility":0,"ID":8}],[{"utility":28.5,"ID":10},{"utility":25.5,"ID":21},{"utility":56,"ID":25}],[{"utility":45,"ID":6},{"utility":21,"ID":9}],[{"utility":80,"ID":3},{"utility":96,"ID":7}],[{"utility":0,"ID":22}],[{"utility":98,"ID":2},{"utility":43,"ID":15}],[{"utility":53.5,"ID":20},{"utility":66.5,"ID":28},{"utility":83.5,"ID":29}],[{"utility":41.5,"ID":23},{"utility":65,"ID":24},{"utility":26,"ID":30}],[{"utility":0,"ID":18}],[{"utility":79,"ID":4},{"utility":13,"ID":5}],[{"utility":0,"ID":19}],[{"utility":0,"ID":11}],[{"utility":0,"ID":1}],[],[],[],[],[],[],[],[],[],[],[]],"STARTING COALITION: ":[[null],[{"utility":21,"ID":7},{"utility":27,"ID":27}],[{"utility":36,"ID":11},{"utility":49,"ID":14},{"utility":18.5,"ID":16}],[{"utility":70,"ID":12},{"utility":18,"ID":17}],[{"utility":0,"ID":13}],[{"utility":0,"ID":26}],[],[{"utility":0,"ID":8}],[{"utility":28.5,"ID":10},{"utility":25.5,"ID":21},{"utility":56,"ID":25}],[{"utility":30,"ID":5},{"utility":66,"ID":6},{"utility":33.5,"ID":9}],[{"utility":0,"ID":15}],[{"utility":74,"ID":2},{"utility":4,"ID":22}],[{"utility":0,"ID":19}],[{"utility":43.666666666666664,"ID":1},{"utility":44,"ID":20},{"utility":58,"ID":28},{"utility":64.33333333333333,"ID":29}],[{"utility":58.333333333333336,"ID":3},{"utility":37.333333333333336,"ID":23},{"utility":62.666666666666664,"ID":24},{"utility":42.666666666666664,"ID":30}],[{"utility":63,"ID":4},{"utility":84,"ID":18}],[],[],[],[],[],[],[],[],[],[],[],[],[],[],[]],"CORE :":false,"Relazioni :":870,"Time : ":0.1,"LAST PARTITION":{"22":11,"23":14,"24":14,"25":8,"26":5,"27":1,"28":13,"29":13,"30":14,"10":8,"11":18,"12":3,"13":4,"14":2,"15":12,"16":2,"17":3,"18":15,"19":17,"1":19,"2":12,"3":10,"4":16,"5":16,"6":9,"7":10,"8":7,"9":9,"20":13,"21":8}},{"Modalità dinamica :":false,"Q : ":6,"STARTING PARTITION: ":{"22":11,"23":14,"24":14,"25":8,"26":5,"27":1,"28":13,"29":13,"30":14,"10":8,"11":2,"12":3,"13":4,"14":2,"15":10,"16":2,"17":3,"18":15,"19":12,"1":13,"2":11,"3":14,"4":15,"5":9,"6":9,"7":1,"8":7,"9":9,"20":13,"21":8},"LAST COALITION":[[],[{"utility":0,"ID":27}],[{"utility":54,"ID":14},{"utility":11,"ID":16}],[{"utility":70,"ID":12},{"utility":18,"ID":17}],[{"utility":0,"ID":13}],[{"utility":0,"ID":26}],[],[{"utility":0,"ID":8}],[{"utility":28.5,"ID":10},{"utility":25.5,"ID":21},{"utility":56,"ID":25}],[{"utility":45,"ID":6},{"utility":21,"ID":9}],[{"utility":80,"ID":3},{"utility":96,"ID":7}],[{"utility":0,"ID":22}],[{"utility":98,"ID":2},{"utility":43,"ID":15}],[{"utility":53.5,"ID":20},{"utility":66.5,"ID":28},{"utility":83.5,"ID":29}],[{"utility":41.5,"ID":23},{"utility":65,"ID":24},{"utility":26,"ID":30}],[{"utility":0,"ID":18}],[{"utility":79,"ID":4},{"utility":13,"ID":5}],[{"utility":0,"ID":19}],[{"utility":0,"ID":11}],[{"utility":0,"ID":1}],[],[],[],[],[],[],[],[],[],[],[]],"STARTING COALITION: ":[[null],[{"utility":21,"ID":7},{"utility":27,"ID":27}],[{"utility":36,"ID":11},{"utility":49,"ID":14},{"utility":18.5,"ID":16}],[{"utility":70,"ID":12},{"utility":18,"ID":17}],[{"utility":0,"ID":13}],[{"utility":0,"ID":26}],[],[{"utility":0,"ID":8}],[{"utility":28.5,"ID":10},{"utility":25.5,"ID":21},{"utility":56,"ID":25}],[{"utility":30,"ID":5},{"utility":66,"ID":6},{"utility":33.5,"ID":9}],[{"utility":0,"ID":15}],[{"utility":74,"ID":2},{"utility":4,"ID":22}],[{"utility":0,"ID":19}],[{"utility":43.666666666666664,"ID":1},{"utility":44,"ID":20},{"utility":58,"ID":28},{"utility":64.33333333333333,"ID":29}],[{"utility":58.333333333333336,"ID":3},{"utility":37.333333333333336,"ID":23},{"utility":62.666666666666664,"ID":24},{"utility":42.666666666666664,"ID":30}],[{"utility":63,"ID":4},{"utility":84,"ID":18}],[],[],[],[],[],[],[],[],[],[],[],[],[],[],[]],"CORE :":false,"Relazioni :":870,"Time : ":0.1,"LAST PARTITION":{"22":11,"23":14,"24":14,"25":8,"26":5,"27":1,"28":13,"29":13,"30":14,"10":8,"11":18,"12":3,"13":4,"14":2,"15":12,"16":2,"17":3,"18":15,"19":17,"1":19,"2":12,"3":10,"4":16,"5":16,"6":9,"7":10,"8":7,"9":9,"20":13,"21":8}},{"Modalità dinamica :":false,"Q : ":7,"STARTING PARTITION: ":{"22":11,"23":14,"24":14,"25":8,"26":5,"27":1,"28":13,"29":13,"30":14,"10":8,"11":2,"12":3,"13":4,"14":2,"15":10,"16":2,"17":3,"18":15,"19":12,"1":13,"2":11,"3":14,"4":15,"5":9,"6":9,"7":1,"8":7,"9":9,"20":13,"21":8},"LAST COALITION":[[],[{"utility":0,"ID":27}],[{"utility":54,"ID":14},{"utility":11,"ID":16}],[{"utility":70,"ID":12},{"utility":18,"ID":17}],[{"utility":0,"ID":13}],[{"utility":0,"ID":26}],[],[{"utility":0,"ID":8}],[{"utility":28.5,"ID":10},{"utility":25.5,"ID":21},{"utility":56,"ID":25}],[{"utility":45,"ID":6},{"utility":21,"ID":9}],[{"utility":80,"ID":3},{"utility":96,"ID":7}],[{"utility":0,"ID":22}],[{"utility":98,"ID":2},{"utility":43,"ID":15}],[{"utility":53.5,"ID":20},{"utility":66.5,"ID":28},{"utility":83.5,"ID":29}],[{"utility":41.5,"ID":23},{"utility":65,"ID":24},{"utility":26,"ID":30}],[{"utility":0,"ID":18}],[{"utility":79,"ID":4},{"utility":13,"ID":5}],[{"utility":0,"ID":19}],[{"utility":0,"ID":11}],[{"utility":0,"ID":1}],[],[],[],[],[],[],[],[],[],[],[]],"STARTING COALITION: ":[[null],[{"utility":21,"ID":7},{"utility":27,"ID":27}],[{"utility":36,"ID":11},{"utility":49,"ID":14},{"utility":18.5,"ID":16}],[{"utility":70,"ID":12},{"utility":18,"ID":17}],[{"utility":0,"ID":13}],[{"utility":0,"ID":26}],[],[{"utility":0,"ID":8}],[{"utility":28.5,"ID":10},{"utility":25.5,"ID":21},{"utility":56,"ID":25}],[{"utility":30,"ID":5},{"utility":66,"ID":6},{"utility":33.5,"ID":9}],[{"utility":0,"ID":15}],[{"utility":74,"ID":2},{"utility":4,"ID":22}],[{"utility":0,"ID":19}],[{"utility":43.666666666666664,"ID":1},{"utility":44,"ID":20},{"utility":58,"ID":28},{"utility":64.33333333333333,"ID":29}],[{"utility":58.333333333333336,"ID":3},{"utility":37.333333333333336,"ID":23},{"utility":62.666666666666664,"ID":24},{"utility":42.666666666666664,"ID":30}],[{"utility":63,"ID":4},{"utility":84,"ID":18}],[],[],[],[],[],[],[],[],[],[],[],[],[],[],[]],"CORE :":false,"Relazioni :":870,"Time : ":0.1,"LAST PARTITION":{"22":11,"23":14,"24":14,"25":8,"26":5,"27":1,"28":13,"29":13,"30":14,"10":8,"11":18,"12":3,"13":4,"14":2,"15":12,"16":2,"17":3,"18":15,"19":17,"1":19,"2":12,"3":10,"4":16,"5":16,"6":9,"7":10,"8":7,"9":9,"20":13,"21":8}},{"Modalità dinamica :":false,"Q : ":8,"STARTING PARTITION: ":{"22":11,"23":14,"24":14,"25":8,"26":5,"27":1,"28":13,"29":13,"30":14,"10":8,"11":2,"12":3,"13":4,"14":2,"15":10,"16":2,"17":3,"18":15,"19":12,"1":13,"2":11,"3":14,"4":15,"5":9,"6":9,"7":1,"8":7,"9":9,"20":13,"21":8},"LAST COALITION":[[],[{"utility":0,"ID":27}],[{"utility":54,"ID":14},{"utility":11,"ID":16}],[{"utility":70,"ID":12},{"utility":18,"ID":17}],[{"utility":0,"ID":13}],[{"utility":0,"ID":26}],[{"utility":47,"ID":1},{"utility":99,"ID":5}],[{"utility":0,"ID":8}],[{"utility":28.5,"ID":10},{"utility":25.5,"ID":21},{"utility":56,"ID":25}],[{"utility":45,"ID":6},{"utility":21,"ID":9}],[{"utility":80,"ID":3},{"utility":96,"ID":7}],[{"utility":0,"ID":22}],[{"utility":98,"ID":2},{"utility":43,"ID":15}],[{"utility":53.5,"ID":20},{"utility":66.5,"ID":28},{"utility":83.5,"ID":29}],[{"utility":41.5,"ID":23},{"utility":65,"ID":24},{"utility":26,"ID":30}],[{"utility":0,"ID":18}],[{"utility":0,"ID":4}],[{"utility":0,"ID":19}],[{"utility":0,"ID":11}],[],[],[],[],[],[],[],[],[],[],[],[]],"STARTING COALITION: ":[[null],[{"utility":21,"ID":7},{"utility":27,"ID":27}],[{"utility":36,"ID":11},{"utility":49,"ID":14},{"utility":18.5,"ID":16}],[{"utility":70,"ID":12},{"utility":18,"ID":17}],[{"utility":0,"ID":13}],[{"utility":0,"ID":26}],[],[{"utility":0,"ID":8}],[{"utility":28.5,"ID":10},{"utility":25.5,"ID":21},{"utility":56,"ID":25}],[{"utility":30,"ID":5},{"utility":66,"ID":6},{"utility":33.5,"ID":9}],[{"utility":0,"ID":15}],[{"utility":74,"ID":2},{"utility":4,"ID":22}],[{"utility":0,"ID":19}],[{"utility":43.666666666666664,"ID":1},{"utility":44,"ID":20},{"utility":58,"ID":28},{"utility":64.33333333333333,"ID":29}],[{"utility":58.333333333333336,"ID":3},{"utility":37.333333333333336,"ID":23},{"utility":62.666666666666664,"ID":24},{"utility":42.666666666666664,"ID":30}],[{"utility":63,"ID":4},{"utility":84,"ID":18}],[],[],[],[],[],[],[],[],[],[],[],[],[],[],[]],"CORE :":false,"Relazioni :":870,"Time : ":0.1,"LAST PARTITION":{"22":11,"23":14,"24":14,"25":8,"26":5,"27":1,"28":13,"29":13,"30":14,"10":8,"11":18,"12":3,"13":4,"14":2,"15":12,"16":2,"17":3,"18":15,"19":17,"1":6,"2":12,"3":10,"4":16,"5":6,"6":9,"7":10,"8":7,"9":9,"20":13,"21":8}},{"Modalità dinamica :":false,"Q : ":9,"STARTING PARTITION: ":{"22":11,"23":14,"24":14,"25":8,"26":5,"27":1,"28":13,"29":13,"30":14,"10":8,"11":2,"12":3,"13":4,"14":2,"15":10,"16":2,"17":3,"18":15,"19":12,"1":13,"2":11,"3":14,"4":15,"5":9,"6":9,"7":1,"8":7,"9":9,"20":13,"21":8},"LAST COALITION":[[],[{"utility":0,"ID":27}],[{"utility":54,"ID":14},{"utility":11,"ID":16}],[{"utility":70,"ID":12},{"utility":18,"ID":17}],[{"utility":0,"ID":13}],[{"utility":0,"ID":26}],[],[{"utility":0,"ID":8}],[{"utility":28.5,"ID":10},{"utility":25.5,"ID":21},{"utility":56,"ID":25}],[{"utility":45,"ID":6},{"utility":21,"ID":9}],[{"utility":80,"ID":3},{"utility":96,"ID":7}],[{"utility":0,"ID":22}],[{"utility":98,"ID":2},{"utility":43,"ID":15}],[{"utility":53.5,"ID":20},{"utility":66.5,"ID":28},{"utility":83.5,"ID":29}],[{"utility":41.5,"ID":23},{"utility":65,"ID":24},{"utility":26,"ID":30}],[{"utility":0,"ID":18}],[{"utility":79,"ID":4},{"utility":13,"ID":5}],[{"utility":0,"ID":19}],[{"utility":0,"ID":11}],[{"utility":0,"ID":1}],[],[],[],[],[],[],[],[],[],[],[]],"STARTING COALITION: ":[[null],[{"utility":21,"ID":7},{"utility":27,"ID":27}],[{"utility":36,"ID":11},{"utility":49,"ID":14},{"utility":18.5,"ID":16}],[{"utility":70,"ID":12},{"utility":18,"ID":17}],[{"utility":0,"ID":13}],[{"utility":0,"ID":26}],[],[{"utility":0,"ID":8}],[{"utility":28.5,"ID":10},{"utility":25.5,"ID":21},{"utility":56,"ID":25}],[{"utility":30,"ID":5},{"utility":66,"ID":6},{"utility":33.5,"ID":9}],[{"utility":0,"ID":15}],[{"utility":74,"ID":2},{"utility":4,"ID":22}],[{"utility":0,"ID":19}],[{"utility":43.666666666666664,"ID":1},{"utility":44,"ID":20},{"utility":58,"ID":28},{"utility":64.33333333333333,"ID":29}],[{"utility":58.333333333333336,"ID":3},{"utility":37.333333333333336,"ID":23},{"utility":62.666666666666664,"ID":24},{"utility":42.666666666666664,"ID":30}],[{"utility":63,"ID":4},{"utility":84,"ID":18}],[],[],[],[],[],[],[],[],[],[],[],[],[],[],[]],"CORE :":false,"Relazioni :":870,"Time : ":0.1,"LAST PARTITION":{"22":11,"23":14,"24":14,"25":8,"26":5,"27":1,"28":13,"29":13,"30":14,"10":8,"11":18,"12":3,"13":4,"14":2,"15":12,"16":2,"17":3,"18":15,"19":17,"1":19,"2":12,"3":10,"4":16,"5":16,"6":9,"7":10,"8":7,"9":9,"20":13,"21":8}},{"Modalità dinamica :":false,"Q : ":10,"STARTING PARTITION: ":{"22":11,"23":14,"24":14,"25":8,"26":5,"27":1,"28":13,"29":13,"30":14,"10":8,"11":2,"12":3,"13":4,"14":2,"15":10,"16":2,"17":3,"18":15,"19":12,"1":13,"2":11,"3":14,"4":15,"5":9,"6":9,"7":1,"8":7,"9":9,"20":13,"21":8},"LAST COALITION":[[],[{"utility":0,"ID":27}],[{"utility":54,"ID":14},{"utility":11,"ID":16}],[{"utility":70,"ID":12},{"utility":18,"ID":17}],[{"utility":0,"ID":13}],[{"utility":0,"ID":26}],[],[{"utility":0,"ID":8}],[{"utility":28.5,"ID":10},{"utility":25.5,"ID":21},{"utility":56,"ID":25}],[{"utility":45,"ID":6},{"utility":21,"ID":9}],[{"utility":80,"ID":3},{"utility":96,"ID":7}],[{"utility":0,"ID":22}],[{"utility":98,"ID":2},{"utility":43,"ID":15}],[{"utility":53.5,"ID":20},{"utility":66.5,"ID":28},{"utility":83.5,"ID":29}],[{"utility":41.5,"ID":23},{"utility":65,"ID":24},{"utility":26,"ID":30}],[{"utility":0,"ID":18}],[{"utility":79,"ID":4},{"utility":13,"ID":5}],[{"utility":0,"ID":19}],[{"utility":0,"ID":11}],[{"utility":0,"ID":1}],[],[],[],[],[],[],[],[],[],[],[]],"STARTING COALITION: ":[[null],[{"utility":21,"ID":7},{"utility":27,"ID":27}],[{"utility":36,"ID":11},{"utility":49,"ID":14},{"utility":18.5,"ID":16}],[{"utility":70,"ID":12},{"utility":18,"ID":17}],[{"utility":0,"ID":13}],[{"utility":0,"ID":26}],[],[{"utility":0,"ID":8}],[{"utility":28.5,"ID":10},{"utility":25.5,"ID":21},{"utility":56,"ID":25}],[{"utility":30,"ID":5},{"utility":66,"ID":6},{"utility":33.5,"ID":9}],[{"utility":0,"ID":15}],[{"utility":74,"ID":2},{"utility":4,"ID":22}],[{"utility":0,"ID":19}],[{"utility":43.666666666666664,"ID":1},{"utility":44,"ID":20},{"utility":58,"ID":28},{"utility":64.33333333333333,"ID":29}],[{"utility":58.333333333333336,"ID":3},{"utility":37.333333333333336,"ID":23},{"utility":62.666666666666664,"ID":24},{"utility":42.666666666666664,"ID":30}],[{"utility":63,"ID":4},{"utility":84,"ID":18}],[],[],[],[],[],[],[],[],[],[],[],[],[],[],[]],"CORE :":false,"Relazioni :":870,"Time : ":0.1,"LAST PARTITION":{"22":11,"23":14,"24":14,"25":8,"26":5,"27":1,"28":13,"29":13,"30":14,"10":8,"11":18,"12":3,"13":4,"14":2,"15":12,"16":2,"17":3,"18":15,"19":17,"1":19,"2":12,"3":10,"4":16,"5":16,"6":9,"7":10,"8":7,"9":9,"20":13,"21":8}},{"Modalità dinamica :":true,"Q : ":2,"STARTING PARTITION: ":{"22":11,"23":14,"24":14,"25":8,"26":5,"27":1,"28":13,"29":13,"30":14,"10":8,"11":2,"12":3,"13":4,"14":2,"15":10,"16":2,"17":3,"18":15,"19":12,"1":13,"2":11,"3":14,"4":15,"5":9,"6":9,"7":1,"8":7,"9":9,"20":13,"21":8},"LAST COALITION":[[],[{"utility":93,"ID":2},{"utility":41,"ID":20}],[],[{"utility":83,"ID":6},{"utility":97,"ID":28}],[],[{"utility":89,"ID":1},{"utility":97,"ID":19}],[{"utility":91,"ID":16},{"utility":65,"ID":22}],[{"utility":79,"ID":15},{"utility":97,"ID":29}],[{"utility":94,"ID":14},{"utility":99,"ID":25}],[{"utility":80,"ID":3},{"utility":96,"ID":7}],[{"utility":94,"ID":12},{"utility":89,"ID":21}],[{"utility":81,"ID":5},{"utility":98,"ID":13}],[{"utility":98,"ID":10},{"utility":81,"ID":27}],[{"utility":99,"ID":4},{"utility":91,"ID":26}],[{"utility":72,"ID":8},{"utility":97,"ID":24}],[{"utility":91,"ID":11},{"utility":56,"ID":17}],[],[{"utility":89,"ID":9},{"utility":78,"ID":30}],[],[{"utility":88,"ID":18},{"utility":94,"ID":23}],[],[],[],[],[],[],[],[],[],[],[]],"STARTING COALITION: ":[[null],[{"utility":21,"ID":7},{"utility":27,"ID":27}],[{"utility":36,"ID":11},{"utility":49,"ID":14},{"utility":18.5,"ID":16}],[{"utility":70,"ID":12},{"utility":18,"ID":17}],[{"utility":0,"ID":13}],[{"utility":0,"ID":26}],[],[{"utility":0,"ID":8}],[{"utility":28.5,"ID":10},{"utility":25.5,"ID":21},{"utility":56,"ID":25}],[{"utility":30,"ID":5},{"utility":66,"ID":6},{"utility":33.5,"ID":9}],[{"utility":0,"ID":15}],[{"utility":74,"ID":2},{"utility":4,"ID":22}],[{"utility":0,"ID":19}],[{"utility":43.666666666666664,"ID":1},{"utility":44,"ID":20},{"utility":58,"ID":28},{"utility":64.33333333333333,"ID":29}],[{"utility":58.333333333333336,"ID":3},{"utility":37.333333333333336,"ID":23},{"utility":62.666666666666664,"ID":24},{"utility":42.666666666666664,"ID":30}],[{"utility":63,"ID":4},{"utility":84,"ID":18}],[],[],[],[],[],[],[],[],[],[],[],[],[],[],[]],"CORE :":true,"Relazioni :":870,"Time : ":0.1,"LAST PARTITION":{"22":6,"23":19,"24":14,"25":8,"26":13,"27":12,"28":3,"29":7,"30":17,"10":12,"11":15,"12":10,"13":11,"14":8,"15":7,"16":6,"17":15,"18":19,"19":5,"1":5,"2":1,"3":9,"4":13,"5":11,"6":3,"7":9,"8":14,"9":17,"20":1,"21":10}},