[{"Modalità dinamica :":false,"Q : ":2,"STARTING PARTITION: ":{"22":15,"23":5,"24":6,"25":8,"26":13,"27":9,"28":5,"29":5,"30":4,"10":8,"11":4,"12":3,"13":7,"14":5,"15":7,"16":13,"17":14,"18":8,"19":5,"1":7,"2":9,"3":9,"4":7,"5":4,"6":10,"7":2,"8":10,"9":12,"20":10,"21":5},"LAST COALITION":[[],[{"utility":93,"ID":1},{"utility":98,"ID":4}],[{"utility":0,"ID":20}],[{"utility":92,"ID":12},{"utility":15,"ID":17}],[{"utility":0,"ID":30}],[{"utility":89,"ID":19},{"utility":82.5,"ID":23},{"utility":23,"ID":28}],[{"utility":94,"ID":11},{"utility":85,"ID":26}],[{"utility":0,"ID":24}],[{"utility":0,"ID":25}],[{"utility":96,"ID":14},{"utility":85,"ID":15}],[{"utility":90,"ID":7},{"utility":89,"ID":10}],[{"utility":0,"ID":27}],[{"utility":61,"ID":5},{"utility":54,"ID":16}],[{"utility":93,"ID":13},{"utility":82,"ID":18}],[{"utility":95,"ID":3},{"utility":87,"ID":21}],[{"utility":0,"ID":22}],[{"utility":0,"ID":9}],[{"utility":99,"ID":6},{"utility":93,"ID":8}],[],[{"utility":95,"ID":2},{"utility":90,"ID":29}],[],[],[],[],[],[],[],[],[],[],[]],"STARTING COALITION: ":[[null],[],[{"utility":0,"ID":7}],[{"utility":0,"ID":12}],[{"utility":40.5,"ID":5},{"utility":45.5,"ID":11},{"utility":48,"ID":30}],[{"utility":55.2,"ID":14},{"utility":78.6,"ID":19},{"utility":55.2,"ID":21},{"utility":64.2,"ID":23},{"utility":45.4,"ID":28},{"utility":48,"ID":29}],[{"utility":0,"ID":24}],[{"utility":58.666666666666664,"ID":1},{"utility":71,"ID":4},{"utility":36.666666666666664,"ID":13},{"utility":69,"ID":15}],[{"utility":37.5,"ID":10},{"utility":42,"ID":18},{"utility":48.5,"ID":25}],[{"utility":67,"ID":2},{"utility":47,"ID":3},{"utility":80.5,"ID":27}],[{"utility":51.5,"ID":6},{"utility":78,"ID":8},{"utility":24,"ID":20}],[],[{"utility":0,"ID":9}],[{"utility":21,"ID":16},{"utility":10,"ID":26}],[{"utility":0,"ID":17}],[{"utility":0,"ID":22}],[],[],[],[],[],[],[],[],[],[],[],[],[],[],[]],"CORE :":false,"Relazioni :":870,"Time : ":0.1,"LAST PARTITION":{"22":15,"23":5,"24":7,"25":8,"26":6,"27":11,"28":5,"29":19,"30":4,"10":10,"11":6,"12":3,"13":13,"14":9,"15":9,"16":12,"17":3,"18":13,"19":5,"1":1,"2":19,"3":14,"4":1,"5":12,"6":17,"7":10,"8":17,"9":16,"20":2,"21":14}},{"Modalità dinamica :":false,"Q : ":3,"STARTING PARTITION: ":{"22":15,"23":5,"24":6,"25":8,"26":13,"27":9,"28":5,"29":5,"30":4,"10":8,"11":4,"12":3,"13":7,"14":5,"15":7,"16":13,"17":14,"18":8,"19":5,"1":7,"2":9,"3":9,"4":7,"5":4,"6":10,"7":2,"8":10,"9":12,"20":10,"21":5},"LAST COALITION":[[],[{"utility":93,"ID":1},{"utility":98,"ID":4}],[{"utility":0,"ID":20}],[{"utility":92,"ID":12},{"utility":15,"ID":17}],[{"utility":0,"ID":30}],[{"utility":89,"ID":19},{"utility":82.5,"ID":23},{"utility":23,"ID":28}],[{"utility":94,"ID":11},{"utility":85,"ID":26}],[{"utility":0,"ID":24}],[{"utility":0,"ID":25}],[{"utility":96,"ID":14},{"utility":85,"ID":15}],[{"utility":90,"ID":7},{"utility":89,"ID":10}],[{"utility":0,"ID":27}],[{"utility":61,"ID":5},{"utility":54,"ID":16}],[{"utility":93,"ID":13},{"utility":82,"ID":18}],[{"utility":95,"ID":3},{"utility":87,"ID":21}],[{"utility":0,"ID":22}],[{"utility":0,"ID":9}],[{"utility":99,"ID":6},{"utility":93,"ID":8}],[],[{"utility":95,"ID":2},{"utility":90,"ID":29}],[],[],[],[],[],[],[],[],[],[],[]],"STARTING COALITION: ":[[null],[],[{"utility":0,"ID":7}],[{"utility":0,"ID":12}],[{"utility":40.5,"ID":5},{"utility":45.5,"ID":11},{"utility":48,"ID":30}],[{"utility":55.2,"ID":14},{"utility":78.6,"ID":19},{"utility":55.2,"ID":21},{"utility":64.2,"ID":23},{"utility":45.4,"ID":28},{"utility":48,"ID":29}],[{"utility":0,"ID":24}],[{"utility":58.666666666666664,"ID":1},{"utility":71,"ID":4},{"utility":36.666666666666664,"ID":13},{"utility":69,"ID":15}],[{"utility":37.5,"ID":10},{"utility":42,"ID":18},{"utility":48.5,"ID":25}],[{"utility":67,"ID":2},{"utility":47,"ID":3},{"utility":80.5,"ID":27}],[{"utility":51.5,"ID":6},{"utility":78,"ID":8},{"utility":24,"ID":20}],[],[{"utility":0,"ID":9}],[{"utility":21,"ID":16},{"utility":10,"ID":26}],[{"utility":0,"ID":17}],[{"utility":0,"ID":22}],[],[],[],[],[],[],[],[],[],[],[],[],[],[],[]],"CORE :":false,"Relazioni :":870,"Time : ":0.1,"LAST PARTITION":{"22":15,"23":5,"24":7,"25":8,"26":6,"27":11,"28":5,"29":19,"30":4,"10":10,"11":6,"12":3,"13":13,"14":9,"15":9,"16":12,"17":3,"18":13,"19":5,"1":1,"2":19,"3":14,"4":1,"5":12,"6":17,"7":10,"8":17,"9":16,"20":2,"21":14}},{"Modalità dinamica :":false,"Q : ":4,"STARTING PARTITION: ":{"22":15,"23":5,"24":6,"25":8,"26":13,"27":9,"28":5,"29":5,"30":4,"10":8,"11":4,"12":3,"13":7,"14":5,"15":7,"16":13,"17":14,"18":8,"19":5,"1":7,"2":9,"3":9,"4":7,"5":4,"6":10,"7":2,"8":10,"9":12,"20":10,"21":5},"LAST COALITION":[[],[{"utility":93,"ID":1},{"utility":98,"ID":4}],[{"utility":0,"ID":20}],[{"utility":15,"ID":17},{"utility":92,"ID":12}],[{"utility":0,"ID":30}],[{"utility":89,"ID":19},{"utility":82.5,"ID":23},{"utility":23,"ID":28}],[{"utility":85,"ID":26},{"utility":94,"ID":11}],[{"utility":0,"ID":24}],[{"utility":0,"ID":25}],[{"utility":96,"ID":14},{"utility":85,"ID":15}],[{"utility":90,"ID":7},{"utility":89,"ID":10}],[{"utility":0,"ID":27}],[],[{"utility":82,"ID":18},{"utility":93,"ID":13}],[{"utility":95,"ID":3},{"utility":87,"ID":21}],[{"utility":0,"ID":22}],[{"utility":45,"ID":16},{"utility":68,"ID":9}],[{"utility":99,"ID":6},{"utility":93,"ID":8}],[{"utility":0,"ID":5}],[{"utility":95,"ID":2},{"utility":90,"ID":29}],[],[],[],[],[],[],[],[],[],[],[]],"STARTING COALITION: ":[[null],[],[{"utility":0,"ID":7}],[{"utility":0,"ID":12}],[{"utility":40.5,"ID":5},{"utility":45.5,"ID":11},{"utility":48,"ID":30}],[{"utility":55.2,"ID":14},{"utility":78.6,"ID":19},{"utility":55.2,"ID":21},{"utility":64.2,"ID":23},{"utility":45.4,"ID":28},{"utility":48,"ID":29}],[{"utility":0,"ID":24}],[{"utility":58.666666666666664,"ID":1},{"utility":71,"ID":4},{"utility":36.666666666666664,"ID":13},{"utility":69,"ID":15}],[{"utility":37.5,"ID":10},{"utility":42,"ID":18},{"utility":48.5,"ID":25}],[{"utility":67,"ID":2},{"utility":47,"ID":3},{"utility":80.5,"ID":27}],[{"utility":51.5,"ID":6},{"utility":78,"ID":8},{"utility":24,"ID":20}],[],[{"utility":0,"ID":9}],[{"utility":21,"ID":16},{"utility":10,"ID":26}],[{"utility":0,"ID":17}],[{"utility":0,"ID":22}],[],[],[],[],[],[],[],[],[],[],[],[],[],[],[]],"CORE :":false,"Relazioni :":870,"Time : ":0.1,"LAST PARTITION":{"22":15,"23":5,"24":7,"25":8,"26":6,"27":11,"28":5,"29":19,"30":4,"10":10,"11":6,"12":3,"13":13,"14":9,"15":9,"16":16,"17":3,"18":13,"19":5,"1":1,"2":19,"3":14,"4":1,"5":18,"6":17,"7":10,"8":17,"9":16,"20":2,"21":14}},{"Modalità dinamica :":false,"Q : ":5,"STARTING PARTITION: ":{"22":15,"23":5,"24":6,"25":8,"26":13,"27":9,"28":5,"29":5,"30":4,"10":8,"11":4,"12":3,"13":7,"14":5,"15":7,"16":13,"17":14,"18":8,"19":5,"1":7,"2":9,"3":9,"4":7,"5":4,"6":10,"7":2,"8":10,"9":12,"20":10,"21":5},"LAST COALITION":[[],[{"utility":93,"ID":1},{"utility":98,"ID":4}],[{"utility":0,"ID":20}],[{"utility":15,"ID":17},{"utility":92,"ID":12}],[{"utility":0,"ID":30}],[{"utility":89,"ID":19},{"utility":82.5,"ID":23},{"utility":23,"ID":28}],[{"utility":85,"ID":26},{"utility":94,"ID":11}],[{"utility":0,"ID":24}],[{"utility":0,"ID":25}],[{"utility":96,"ID":14},{"utility":85,"ID":15}],[{"utility":90,"ID":7},{"utility":89,"ID":10}],[{"utility":0,"ID":27}],[{"utility":0,"ID":16}],[{"utility":82,"ID":18},{"utility":93,"ID":13}],[{"utility":95,"ID":3},{"utility":87,"ID":21}],[{"utility":0,"ID":22}],[],[{"utility":99,"ID":6},{"utility":93,"ID":8}],[{"utility":94,"ID":5},{"utility":13,"ID":9}],[{"utility":95,"ID":2},{"utility":90,"ID":29}],[],[],[],[],[],[],[],[],[],[],[]],"STARTING COALITION: ":[[null],[],[{"utility":0,"ID":7}],[{"utility":0,"ID":12}],[{"utility":40.5,"ID":5},{"utility":45.5,"ID":11},{"utility":48,"ID":30}],[{"utility":55.2,"ID":14},{"utility":78.6,"ID":19},{"utility":55.2,"ID":21},{"utility":64.2,"ID":23},{"utility":45.4,"ID":28},{"utility":48,"ID":29}],[{"utility":0,"ID":24}],[{"utility":58.666666666666664,"ID":1},{"utility":71,"ID":4},{"utility":36.666666666666664,"ID":13},{"utility":69,"ID":15}],[{"utility":37.5,"ID":10},{"utility":42,"ID":18},{"utility":48.5,"ID":25}],[{"utility":67,"ID":2},{"utility":47,"ID":3},{"utility":80.5,"ID":27}],[{"utility":51.5,"ID":6},{"utility":78,"ID":8},{"utility":24,"ID":20}],[],[{"utility":0,"ID":9}],[{"utility":21,"ID":16},{"utility":10,"ID":26}],[{"utility":0,"ID":17}],[{"utility":0,"ID":22}],[],[],[],[],[],[],[],[],[],[],[],[],[],[],[]],"CORE :":false,"Relazioni :":870,"Time : ":0.1,"LAST PARTITION":{"22":15,"23":5,"24":7,"25":8,"26":6,"27":11,"28":5,"29":19,"30":4,"10":10,"11":6,"12":3,"13":13,"14":9,"15":9,"16":12,"17":3,"18":13,"19":5,"1":1,"2":19,"3":14,"4":1,"5":18,"6":17,"7":10,"8":17,"9":18,"20":2,"21":14}},{"Modalità dinamica :":false,"Q : ":6,"STARTING PARTITION: ":{"22":15,"23":5,"24":6,"25":8,"26":13,"27":9,"28":5,"29":5,"30":4,"10":8,"11":4,"12":3,"13":7,"14":5,"15":7,"16":13,"17":14,"18":8,"19":5,"1":7,"2":9,"3":9,"4":7,"5":4,"6":10,"7":2,"8":10,"9":12,"20":10,"21":5},"LAST COALITION":[[],[{"utility":93,"ID":1},{"utility":98,"ID":4}],[{"utility":0,"ID":20}],[{"utility":15,"ID":17},{"utility":92,"ID":12}],[{"utility":0,"ID":30}],[{"utility":89,"ID":19},{"utility":82.5,"ID":23},{"utility":23,"ID":28}],[{"utility":85,"ID":26},{"utility":94,"ID":11}],[{"utility":0,"ID":24}],[{"utility":0,"ID":25}],[{"utility":96,"ID":14},{"utility":85,"ID":15}],[{"utility":90,"ID":7},{"utility":89,"ID":10}],[{"utility":0,"ID":27}],[{"utility":0,"ID":16}],[{"utility":82,"ID":18},{"utility":93,"ID":13}],[{"utility":95,"ID":3},{"utility":87,"ID":21}],[{"utility":0,"ID":22}],[],[{"utility":99,"ID":6},{"utility":93,"ID":8}],[{"utility":94,"ID":5},{"utility":13,"ID":9}],[{"utility":95,"ID":2},{"utility":90,"ID":29}],[],[],[],[],[],[],[],[],[],[],[]],"STARTING COALITION: ":[[null],[],[{"utility":0,"ID":7}],[{"utility":0,"ID":12}],[{"utility":40.5,"ID":5},{"utility":45.5,"ID":11},{"utility":48,"ID":30}],[{"utility":55.2,"ID":14},{"utility":78.6,"ID":19},{"utility":55.2,"ID":21},{"utility":64.2,"ID":23},{"utility":45.4,"ID":28},{"utility":48,"ID":29}],[{"utility":0,"ID":24}],[{"utility":58.666666666666664,"ID":1},{"utility":71,"ID":4},{"utility":36.666666666666664,"ID":13},{"utility":69,"ID":15}],[{"utility":37.5,"ID":10},{"utility":42,"ID":18},{"utility":48.5,"ID":25}],[{"utility":67,"ID":2},{"utility":47,"ID":3},{"utility":80.5,"ID":27}],[{"utility":51.5,"ID":6},{"utility":78,"ID":8},{"utility":24,"ID":20}],[],[{"utility":0,"ID":9}],[{"utility":21,"ID":16},{"utility":10,"ID":26}],[{"utility":0,"ID":17}],[{"utility":0,"ID":22}],[],[],[],[],[],[],[],[],[],[],[],[],[],[],[]],"CORE :":false,"Relazioni :":870,"Time : ":0.1,"LAST PARTITION":{"22":15,"23":5,"24":7,"25":8,"26":6,"27":11,"28":5,"29":19,"30":4,"10":10,"11":6,"12":3,"13":13,"14":9,"15":9,"16":12,"17":3,"18":13,"19":5,"1":1,"2":19,"3":14,"4":1,"5":18,"6":17,"7":10,"8":17,"9":18,"20":2,"21":14}},{"Modalità dinamica :":false,"Q : ":7,"STARTING PARTITION: ":{"22":15,"23":5,"24":6,"25":8,"26":13,"27":9,"28":5,"29":5,"30":4,"10":8,"11":4,"12":3,"13":7,"14":5,"15":7,"16":13,"17":14,"18":8,"19":5,"1":7,"2":9,"3":9,"4":7,"5":4,"6":10,"7":2,"8":10,"9":12,"20":10,"21":5},"LAST COALITION":[[],[{"utility":93,"ID":1},{"utility":98,"ID":4}],[{"utility":0,"ID":20}],[{"utility":15,"ID":17},{"utility":92,"ID":12}],[{"utility":0,"ID":30}],[{"utility":89,"ID":19},{"utility":82.5,"ID":23},{"utility":23,"ID":28}],[{"utility":85,"ID":26},{"utility":94,"ID":11}],[{"utility":0,"ID":24}],[{"utility":0,"ID":25}],[{"utility":96,"ID":14},{"utility":85,"ID":15}],[{"utility":90,"ID":7},{"utility":89,"ID":10}],[{"utility":0,"ID":27}],[{"utility":54,"ID":16},{"utility":61,"ID":5}],[{"utility":82,"ID":18},{"utility":93,"ID":13}],[{"utility":95,"ID":3},{"utility":87,"ID":21}],[{"utility":0,"ID":22}],[{"utility":0,"ID":9}],[{"utility":99,"ID":6},{"utility":93,"ID":8}],[],[{"utility":95,"ID":2},{"utility":90,"ID":29}],[],[],[],[],[],[],[],[],[],[],[]],"STARTING COALITION: ":[[null],[],[{"utility":0,"ID":7}],[{"utility":0,"ID":12}],[{"utility":40.5,"ID":5},{"utility":45.5,"ID":11},{"utility":48,"ID":30}],[{"utility":55.2,"ID":14},{"utility":78.6,"ID":19},{"utility":55.2,"ID":21},{"utility":64.2,"ID":23},{"utility":45.4,"ID":28},{"utility":48,"ID":29}],[{"utility":0,"ID":24}],[{"utility":58.666666666666664,"ID":1},{"utility":71,"ID":4},{"utility":36.666666666666664,"ID":13},{"utility":69,"ID":15}],[{"utility":37.5,"ID":10},{"utility":42,"ID":18},{"utility":48.5,"ID":25}],[{"utility":67,"ID":2},{"utility":47,"ID":3},{"utility":80.5,"ID":27}],[{"utility":51.5,"ID":6},{"utility":78,"ID":8},{"utility":24,"ID":20}],[],[{"utility":0,"ID":9}],[{"utility":21,"ID":16},{"utility":10,"ID":26}],[{"utility":0,"ID":17}],[{"utility":0,"ID":22}],[],[],[],[],[],[],[],[],[],[],[],[],[],[],[]],"CORE :":false,"Relazioni :":870,"Time : ":0.1,"LAST PARTITION":{"22":15,"23":5,"24":7,"25":8,"26":6,"27":11,"28":5,"29":19,"30":4,"10":10,"11":6,"12":3,"13":13,"14":9,"15":9,"16":12,"17":3,"18":13,"19":5,"1":1,"2":19,"3":14,"4":1,"5":12,"6":17,"7":10,"8":17,"9":16,"20":2,"21":14}},{"Modalità dinamica :":false,"Q : ":8,"STARTING PARTITION: ":{"22":15,"23":5,"24":6,"25":8,"26":13,"27":9,"28":5,"29":5,"30":4,"10":8,"11":4,"12":3,"13":7,"14":5,"15":7,"16":13,"17":14,"18":8,"19":5,"1":7,"2":9,"3":9,"4":7,"5":4,"6":10,"7":2,"8":10,"9":12,"20":10,"21":5},"LAST COALITION":[[],[{"utility":93,"ID":1},{"utility":98,"ID":4}],[{"utility":0,"ID":20}],[{"utility":15,"ID":17},{"utility":92,"ID":12}],[{"utility":0,"ID":30}],[{"utility":89,"ID":19},{"utility":82.5,"ID":23},{"utility":23,"ID":28}],[{"utility":85,"ID":26},{"utility":94,"ID":11}],[{"utility":0,"ID":24}],[{"utility":0,"ID":25}],[{"utility":96,"ID":14},{"utility":85,"ID":15}],[{"utility":90,"ID":7},{"utility":89,"ID":10}],[{"utility":0,"ID":27}],[],[{"utility":82,"ID":18},{"utility":93,"ID":13}],[{"utility":95,"ID":3},{"utility":87,"ID":21}],[{"utility":0,"ID":22}],[{"utility":45,"ID":16},{"utility":68,"ID":9}],[{"utility":99,"ID":6},{"utility":93,"ID":8}],[{"utility":0,"ID":5}],[{"utility":95,"ID":2},{"utility":90,"ID":29}],[],[],[],[],[],[],[],[],[],[],[]],"STARTING COALITION: ":[[null],[],[{"utility":0,"ID":7}],[{"utility":0,"ID":12}],[{"utility":40.5,"ID":5},{"utility":45.5,"ID":11},{"utility":48,"ID":30}],[{"utility":55.2,"ID":14},{"utility":78.6,"ID":19},{"utility":55.2,"ID":21},{"utility":64.2,"ID":23},{"utility":45.4,"ID":28},{"utility":48,"ID":29}],[{"utility":0,"ID":24}],[{"utility":58.666666666666664,"ID":1},{"utility":71,"ID":4},{"utility":36.666666666666664,"ID":13},{"utility":69,"ID":15}],[{"utility":37.5,"ID":10},{"utility":42,"ID":18},{"utility":48.5,"ID":25}],[{"utility":67,"ID":2},{"utility":47,"ID":3},{"utility":80.5,"ID":27}],[{"utility":51.5,"ID":6},{"utility":78,"ID":8},{"utility":24,"ID":20}],[],[{"utility":0,"ID":9}],[{"utility":21,"ID":16},{"utility":10,"ID":26}],[{"utility":0,"ID":17}],[{"utility":0,"ID":22}],[],[],[],[],[],[],[],[],[],[],[],[],[],[],[]],"CORE :":false,"Relazioni :":870,"Time : ":0.1,"LAST PARTITION":{"22":15,"23":5,"24":7,"25":8,"26":6,"27":11,"28":5,"29":19,"30":4,"10":10,"11":6,"12":3,"13":13,"14":9,"15":9,"16":16,"17":3,"18":13,"19":5,"1":1,"2":19,"3":14,"4":1,"5":18,"6":17,"7":10,"8":17,"9":16,"20":2,"21":14}},{"Modalità dinamica :":false,"Q : ":9,"STARTING PARTITION: ":{"22":15,"23":5,"24":6,"25":8,"26":13,"27":9,"28":5,"29":5,"30":4,"10":8,"11":4,"12":3,"13":7,"14":5,"15":7,"16":13,"17":14,"18":8,"19":5,"1":7,"2":9,"3":9,"4":7,"5":4,"6":10,"7":2,"8":10,"9":12,"20":10,"21":5},"LAST COALITION":[[],[{"utility":93,"ID":1},{"utility":98,"ID":4}],[{"utility":0,"ID":20}],[{"utility":15,"ID":17},{"utility":92,"ID":12}],[{"utility":0,"ID":30}],[{"utility":89,"ID":19},{"utility":82.5,"ID":23},{"utility":23,"ID":28}],[{"utility":85,"ID":26},{"utility":94,"ID":11}],[{"utility":0,"ID":24}],[{"utility":0,"ID":25}],[{"utility":96,"ID":14},{"utility":85,"ID":15}],[{"utility":90,"ID":7},{"utility":89,"ID":10}],[{"utility":0,"ID":27}],[],[{"utility":82,"ID":18},{"utility":93,"ID":13}],[{"utility":95,"ID":3},{"utility":87,"ID":21}],[{"utility":0,"ID":22}],[{"utility":45,"ID":16},{"utility":68,"ID":9}],[{"utility":99,"ID":6},{"utility":93,"ID":8}],[{"utility":0,"ID":5}],[{"utility":95,"ID":2},{"utility":90,"ID":29}],[],[],[],[],[],[],[],[],[],[],[]],"STARTING COALITION: ":[[null],[],[{"utility":0,"ID":7}],[{"utility":0,"ID":12}],[{"utility":40.5,"ID":5},{"utility":45.5,"ID":11},{"utility":48,"ID":30}],[{"utility":55.2,"ID":14},{"utility":78.6,"ID":19},{"utility":55.2,"ID":21},{"utility":64.2,"ID":23},{"utility":45.4,"ID":28},{"utility":48,"ID":29}],[{"utility":0,"ID":24}],[{"utility":58.666666666666664,"ID":1},{"utility":71,"ID":4},{"utility":36.666666666666664,"ID":13},{"utility":69,"ID":15}],[{"utility":37.5,"ID":10},{"utility":42,"ID":18},{"utility":48.5,"ID":25}],[{"utility":67,"ID":2},{"utility":47,"ID":3},{"utility":80.5,"ID":27}],[{"utility":51.5,"ID":6},{"utility":78,"ID":8},{"utility":24,"ID":20}],[],[{"utility":0,"ID":9}],[{"utility":21,"ID":16},{"utility":10,"ID":26}],[{"utility":0,"ID":17}],[{"utility":0,"ID":22}],[],[],[],[],[],[],[],[],[],[],[],[],[],[],[]],"CORE :":false,"Relazioni :":870,"Time : ":0.1,"LAST PARTITION":{"22":15,"23":5,"24":7,"25":8,"26":6,"27":11,"28":5,"29":19,"30":4,"10":10,"11":6,"12":3,"13":13,"14":9,"15":9,"16":16,"17":3,"18":13,"19":5,"1":1,"2":19,"3":14,"4":1,"5":18,"6":17,"7":10,"8":17,"9":16,"20":2,"21":14}},{"Modalità dinamica :":false,"Q : ":10,"STARTING PARTITION: ":{"22":15,"23":5,"24":6,"25":8,"26":13,"27":9,"28":5,"29":5,"30":4,"10":8,"11":4,"12":3,"13":7,"14":5,"15":7,"16":13,"17":14,"18":8,"19":5,"1":7,"2":9,"3":9,"4":7,"5":4,"6":10,"7":2,"8":10,"9":12,"20":10,"21":5},"LAST COALITION":[[],[{"utility":93,"ID":1},{"utility":98,"ID":4}],[{"utility":0,"ID":20}],[{"utility":15,"ID":17},{"utility":92,"ID":12}],[{"utility":0,"ID":30}],[{"utility":89,"ID":19},{"utility":82.5,"ID":23},{"utility":23,"ID":28}],[{"utility":85,"ID":26},{"utility":94,"ID":11}],[{"utility":0,"ID":24}],[{"utility":0,"ID":25}],[{"utility":96,"ID":14},{"utility":85,"ID":15}],[{"utility":90,"ID":7},{"utility":89,"ID":10}],[{"utility":0,"ID":27}],[],[{"utility":82,"ID":18},{"utility":93,"ID":13}],[{"utility":95,"ID":3},{"utility":87,"ID":21}],[{"utility":0,"ID":22}],[{"utility":45,"ID":16},{"utility":68,"ID":9}],[{"utility":99,"ID":6},{"utility":93,"ID":8}],[{"utility":0,"ID":5}],[{"utility":95,"ID":2},{"utility":90,"ID":29}],[],[],[],[],[],[],[],[],[],[],[]],"STARTING COALITION: ":[[null],[],[{"utility":0,"ID":7}],[{"utility":0,"ID":12}],[{"utility":40.5,"ID":5},{"utility":45.5,"ID":11},{"utility":48,"ID":30}],[{"utility":55.2,"ID":14},{"utility":78.6,"ID":19},{"utility":55.2,"ID":21},{"utility":64.2,"ID":23},{"utility":45.4,"ID":28},{"utility":48,"ID":29}],[{"utility":0,"ID":24}],[{"utility":58.666666666666664,"ID":1},{"utility":71,"ID":4},{"utility":36.666666666666664,"ID":13},{"utility":69,"ID":15}],[{"utility":37.5,"ID":10},{"utility":42,"ID":18},{"utility":48.5,"ID":25}],[{"utility":67,"ID":2},{"utility":47,"ID":3},{"utility":80.5,"ID":27}],[{"utility":51.5,"ID":6},{"utility":78,"ID":8},{"utility":24,"ID":20}],[],[{"utility":0,"ID":9}],[{"utility":21,"ID":16},{"utility":10,"ID":26}],[{"utility":0,"ID":17}],[{"utility":0,"ID":22}],[],[],[],[],[],[],[],[],[],[],[],[],[],[],[]],"CORE :":false,"Relazioni :":870,"Time : ":0.1,"LAST PARTITION":{"22":15,"23":5,"24":7,"25":8,"26":6,"27":11,"28":5,"29":19,"30":4,"10":10,"11":6,"12":3,"13":13,"14":9,"15":9,"16":16,"17":3,"18":13,"19":5,"1":1,"2":19,"3":14,"4":1,"5":18,"6":17,"7":10,"8":17,"9":16,"20":2,"21":14}},{"Modalità dinamica :":true,"Q : ":2,"STARTING PARTITION: ":{"22":15,"23":5,"24":6,"25":8,"26":13,"27":9,"28":5,"29":5,"30":4,"10":8,"11":4,"12":3,"13":7,"14":5,"15":7,"16":13,"17":14,"18":8,"19":5,"1":7,"2":9,"3":9,"4":7,"5":4,"6":10,"7":2,"8":10,"9":12,"20":10,"21":5},"LAST COALITION":[[],[{"utility":95,"ID":3},{"utility":87,"ID":21}],[{"utility":90,"ID":7},{"utility":89,"ID":10}],[{"utility":96,"ID":14},{"utility":85,"ID":15}],[{"utility":59,"ID":16},{"utility":98,"ID":28}],[{"utility":96,"ID":24},{"utility":90,"ID":30}],[{"utility":99,"ID":11},{"utility":79,"ID":13}],[{"utility":96,"ID":19},{"utility":94,"ID":23}],[{"utility":86,"ID":9},{"utility":87,"ID":27}],[{"utility":67,"ID":22},{"utility":30,"ID":29}],[{"utility":99,"ID":6},{"utility":93,"ID":8}],[],[{"utility":97,"ID":2},{"utility":77,"ID":26}],[],[{"utility":86,"ID":5},{"utility":92,"ID":20}],[],[{"utility":58,"ID":12},{"utility":89,"ID":18}],[],[{"utility":98,"ID":17},{"utility":91,"ID":25}],[],[{"utility":93,"ID":1},{"utility":98,"ID":4}],[],[],[],[],[],[],[],[],[],[]],"STARTING COALITION: ":[[null],[],[{"utility":0,"ID":7}],[{"utility":0,"ID":12}],[{"utility":40.5,"ID":5},{"utility":45.5,"ID":11},{"utility":48,"ID":30}],[{"utility":55.2,"ID":14},{"utility":78.6,"ID":19},{"utility":55.2,"ID":21},{"utility":64.2,"ID":23},{"utility":45.4,"ID":28},{"utility":48,"ID":29}],[{"utility":0,"ID":24}],[{"utility":58.666666666666664,"ID":1},{"utility":71,"ID":4},{"utility":36.666666666666664,"ID":13},{"utility":69,"ID":15}],[{"utility":37.5,"ID":10},{"utility":42,"ID":18},{"utility":48.5,"ID":25}],[{"utility":67,"ID":2},{"utility":47,"ID":3},{"utility":80.5,"ID":27}],[{"utility":51.5,"ID":6},{"utility":78,"ID":8},{"utility":24,"ID":20}],[],[{"utility":0,"ID":9}],[{"utility":21,"ID":16},{"utility":10,"ID":26}],[{"utility":0,"ID":17}],[{"utility":0,"ID":22}],[],[],[],[],[],[],[],[],[],[],[],[],[],[],[]],"CORE :":true,"Relazioni :":870,"Time : ":0.1,"LAST PARTITION":{"22":9,"23":7,"24":5,"25":18,"26":12,"27":8,"28":4,"29":9,"30":5,"10":2,"11":6,"12":16,"13":6,"14":3,"15":3,"16":4,"17":18,"18":16,"19":7,"1":20,"2":12,"3":1,"4":20,"5":14,"6":10,"7":2,"8":10,"9":8,"20":14,"21":1}},