[{"Modalità dinamica :":false,"Q : ":2,"STARTING PARTITION: ":{"22":7,"23":7,"24":11,"25":11,"26":4,"27":3,"28":5,"29":15,"30":10,"10":9,"11":11,"12":12,"13":10,"14":11,"15":3,"16":5,"17":1,"18":6,"19":10,"1":13,"2":3,"3":11,"4":14,"5":6,"6":6,"7":12,"8":12,"9":15,"20":7,"21":1},"LAST COALITION":[[],[{"utility":0,"ID":16}],[{"utility":0,"ID":24}],[{"utility":93,"ID":6},{"utility":17,"ID":19}],[{"utility":0,"ID":18}],[{"utility":0,"ID":28}],[{"utility":72,"ID":5},{"utility":99,"ID":17}],[{"utility":0,"ID":23}],[],[{"utility":0,"ID":15}],[{"utility":0,"ID":11}],[{"utility":0,"ID":14}],[{"utility":0,"ID":25}],[{"utility":0,"ID":13}],[{"utility":97,"ID":3},{"utility":96,"ID":22}],[{"utility":0,"ID":29}],[{"utility":93,"ID":1},{"utility":47,"ID":21}],[{"utility":0,"ID":12}],[{"utility":71,"ID":7},{"utility":74,"ID":10}],[{"utility":95,"ID":4},{"utility":13,"ID":27}],[{"utility":96,"ID":2},{"utility":87,"ID":20}],[{"utility":98,"ID":8},{"utility":77,"ID":26}],[{"utility":98,"ID":9},{"utility":35,"ID":30}],[],[],[],[],[],[],[],[]],"STARTING COALITION: ":[[null],[{"utility":19,"ID":17},{"utility":81,"ID":21}],[],[{"utility":36,"ID":2},{"utility":16.5,"ID":15},{"utility":71.5,"ID":27}],[{"utility":0,"ID":26}],[{"utility":19,"ID":16},{"utility":60,"ID":28}],[{"utility":45,"ID":5},{"utility":25,"ID":6},{"utility":51.5,"ID":18}],[{"utility":59.5,"ID":20},{"utility":46,"ID":22},{"utility":35,"ID":23}],[],[{"utility":0,"ID":10}],[{"utility":42.5,"ID":13},{"utility":40,"ID":19},{"utility":61.5,"ID":30}],[{"utility":53.5,"ID":3},{"utility":58.75,"ID":11},{"utility":31.5,"ID":14},{"utility":54.75,"ID":24},{"utility":39.75,"ID":25}],[{"utility":76,"ID":7},{"utility":71,"ID":8},{"utility":78.5,"ID":12}],[{"utility":0,"ID":1}],[{"utility":0,"ID":4}],[{"utility":65,"ID":9},{"utility":67,"ID":29}],[],[],[],[],[],[],[],[],[],[],[],[],[],[],[]],"CORE :":false,"Relazioni :":870,"Time : ":0.1,"LAST PARTITION":{"22":14,"23":7,"24":2,"25":12,"26":21,"27":19,"28":5,"29":15,"30":22,"10":18,"11":10,"12":17,"13":13,"14":11,"15":9,"16":1,"17":6,"18":4,"19":3,"1":16,"2":20,"3":14,"4":19,"5":6,"6":3,"7":18,"8":21,"9":22,"20":20,"21":16}},{"Modalità dinamica :":false,"Q : ":3,"STARTING PARTITION: ":{"22":7,"23":7,"24":11,"25":11,"26":4,"27":3,"28":5,"29":15,"30":10,"10":9,"11":11,"12":12,"13":10,"14":11,"15":3,"16":5,"17":1,"18":6,"19":10,"1":13,"2":3,"3":11,"4":14,"5":6,"6":6,"7":12,"8":12,"9":15,"20":7,"21":1},"LAST COALITION":[[],[{"utility":0,"ID":16}],[{"utility":0,"ID":24}],[{"utility":93,"ID":6},{"utility":17,"ID":19}],[{"utility":0,"ID":18}],[{"utility":0,"ID":28}],[{"utility":72,"ID":5},{"utility":99,"ID":17}],[{"utility":0,"ID":23}],[{"utility":90,"ID":7},{"utility":79,"ID":11}],[{"utility":0,"ID":15}],[],[{"utility":0,"ID":14}],[{"utility":0,"ID":25}],[{"utility":0,"ID":13}],[{"utility":97,"ID":3},{"utility":96,"ID":22}],[{"utility":0,"ID":29}],[{"utility":93,"ID":1},{"utility":47,"ID":21}],[{"utility":0,"ID":12}],[{"utility":0,"ID":10}],[{"utility":95,"ID":4},{"utility":13,"ID":27}],[{"utility":96,"ID":2},{"utility":87,"ID":20}],[{"utility":98,"ID":8},{"utility":77,"ID":26}],[{"utility":98,"ID":9},{"utility":35,"ID":30}],[],[],[],[],[],[],[],[]],"STARTING COALITION: ":[[null],[{"utility":19,"ID":17},{"utility":81,"ID":21}],[],[{"utility":36,"ID":2},{"utility":16.5,"ID":15},{"utility":71.5,"ID":27}],[{"utility":0,"ID":26}],[{"utility":19,"ID":16},{"utility":60,"ID":28}],[{"utility":45,"ID":5},{"utility":25,"ID":6},{"utility":51.5,"ID":18}],[{"utility":59.5,"ID":20},{"utility":46,"ID":22},{"utility":35,"ID":23}],[],[{"utility":0,"ID":10}],[{"utility":42.5,"ID":13},{"utility":40,"ID":19},{"utility":61.5,"ID":30}],[{"utility":53.5,"ID":3},{"utility":58.75,"ID":11},{"utility":31.5,"ID":14},{"utility":54.75,"ID":24},{"utility":39.75,"ID":25}],[{"utility":76,"ID":7},{"utility":71,"ID":8},{"utility":78.5,"ID":12}],[{"utility":0,"ID":1}],[{"utility":0,"ID":4}],[{"utility":65,"ID":9},{"utility":67,"ID":29}],[],[],[],[],[],[],[],[],[],[],[],[],[],[],[]],"CORE :":false,"Relazioni :":870,"Time : ":0.1,"LAST PARTITION":{"22":14,"23":7,"24":2,"25":12,"26":21,"27":19,"28":5,"29":15,"30":22,"10":18,"11":8,"12":17,"13":13,"14":11,"15":9,"16":1,"17":6,"18":4,"19":3,"1":16,"2":20,"3":14,"4":19,"5":6,"6":3,"7":8,"8":21,"9":22,"20":20,"21":16}},{"Modalità dinamica :":false,"Q : ":4,"STARTING PARTITION: ":{"22":7,"23":7,"24":11,"25":11,"26":4,"27":3,"28":5,"29":15,"30":10,"10":9,"11":11,"12":12,"13":10,"14":11,"15":3,"16":5,"17":1,"18":6,"19":10,"1":13,"2":3,"3":11,"4":14,"5":6,"6":6,"7":12,"8":12,"9":15,"20":7,"21":1},"LAST COALITION":[[],[{"utility":0,"ID":16}],[{"utility":0,"ID":24}],[{"utility":17,"ID":19},{"utility":93,"ID":6}],[{"utility":0,"ID":18}],[{"utility":0,"ID":28}],[{"utility":99,"ID":17},{"utility":72,"ID":5}],[{"utility":0,"ID":23}],[],[{"utility":0,"ID":15}],[{"utility":0,"ID":11}],[{"utility":0,"ID":14}],[{"utility":0,"ID":25}],[{"utility":0,"ID":13}],[{"utility":97,"ID":3},{"utility":96,"ID":22}],[{"utility":0,"ID":29}],[{"utility":93,"ID":1},{"utility":47,"ID":21}],[{"utility":0,"ID":12}],[{"utility":71,"ID":7},{"utility":74,"ID":10}],[{"utility":95,"ID":4},{"utility":13,"ID":27}],[{"utility":96,"ID":2},{"utility":87,"ID":20}],[{"utility":98,"ID":8},{"utility":77,"ID":26}],[{"utility":98,"ID":9},{"utility":35,"ID":30}],[],[],[],[],[],[],[],[]],"STARTING COALITION: ":[[null],[{"utility":19,"ID":17},{"utility":81,"ID":21}],[],[{"utility":36,"ID":2},{"utility":16.5,"ID":15},{"utility":71.5,"ID":27}],[{"utility":0,"ID":26}],[{"utility":19,"ID":16},{"utility":60,"ID":28}],[{"utility":45,"ID":5},{"utility":25,"ID":6},{"utility":51.5,"ID":18}],[{"utility":59.5,"ID":20},{"utility":46,"ID":22},{"utility":35,"ID":23}],[],[{"utility":0,"ID":10}],[{"utility":42.5,"ID":13},{"utility":40,"ID":19},{"utility":61.5,"ID":30}],[{"utility":53.5,"ID":3},{"utility":58.75,"ID":11},{"utility":31.5,"ID":14},{"utility":54.75,"ID":24},{"utility":39.75,"ID":25}],[{"utility":76,"ID":7},{"utility":71,"ID":8},{"utility":78.5,"ID":12}],[{"utility":0,"ID":1}],[{"utility":0,"ID":4}],[{"utility":65,"ID":9},{"utility":67,"ID":29}],[],[],[],[],[],[],[],[],[],[],[],[],[],[],[]],"CORE :":false,"Relazioni :":870,"Time : ":0.1,"LAST PARTITION":{"22":14,"23":7,"24":2,"25":12,"26":21,"27":19,"28":5,"29":15,"30":22,"10":18,"11":10,"12":17,"13":13,"14":11,"15":9,"16":1,"17":6,"18":4,"19":3,"1":16,"2":20,"3":14,"4":19,"5":6,"6":3,"7":18,"8":21,"9":22,"20":20,"21":16}},{"Modalità dinamica :":false,"Q : ":5,"STARTING PARTITION: ":{"22":7,"23":7,"24":11,"25":11,"26":4,"27":3,"28":5,"29":15,"30":10,"10":9,"11":11,"12":12,"13":10,"14":11,"15":3,"16":5,"17":1,"18":6,"19":10,"1":13,"2":3,"3":11,"4":14,"5":6,"6":6,"7":12,"8":12,"9":15,"20":7,"21":1},"LAST COALITION":[[],[{"utility":0,"ID":16}],[{"utility":0,"ID":24}],[{"utility":17,"ID":19},{"utility":93,"ID":6}],[{"utility":0,"ID":18}],[{"utility":0,"ID":28}],[{"utility":99,"ID":17},{"utility":72,"ID":5}],[{"utility":0,"ID":23}],[{"utility":0,"ID":7}],[{"utility":0,"ID":15}],[{"utility":26,"ID":10},{"utility":91,"ID":11}],[{"utility":0,"ID":14}],[{"utility":0,"ID":25}],[{"utility":0,"ID":13}],[{"utility":97,"ID":3},{"utility":96,"ID":22}],[{"utility":0,"ID":29}],[{"utility":93,"ID":1},{"utility":47,"ID":21}],[{"utility":0,"ID":12}],[],[{"utility":95,"ID":4},{"utility":13,"ID":27}],[{"utility":96,"ID":2},{"utility":87,"ID":20}],[{"utility":98,"ID":8},{"utility":77,"ID":26}],[{"utility":98,"ID":9},{"utility":35,"ID":30}],[],[],[],[],[],[],[],[]],"STARTING COALITION: ":[[null],[{"utility":19,"ID":17},{"utility":81,"ID":21}],[],[{"utility":36,"ID":2},{"utility":16.5,"ID":15},{"utility":71.5,"ID":27}],[{"utility":0,"ID":26}],[{"utility":19,"ID":16},{"utility":60,"ID":28}],[{"utility":45,"ID":5},{"utility":25,"ID":6},{"utility":51.5,"ID":18}],[{"utility":59.5,"ID":20},{"utility":46,"ID":22},{"utility":35,"ID":23}],[],[{"utility":0,"ID":10}],[{"utility":42.5,"ID":13},{"utility":40,"ID":19},{"utility":61.5,"ID":30}],[{"utility":53.5,"ID":3},{"utility":58.75,"ID":11},{"utility":31.5,"ID":14},{"utility":54.75,"ID":24},{"utility":39.75,"ID":25}],[{"utility":76,"ID":7},{"utility":71,"ID":8},{"utility":78.5,"ID":12}],[{"utility":0,"ID":1}],[{"utility":0,"ID":4}],[{"utility":65,"ID":9},{"utility":67,"ID":29}],[],[],[],[],[],[],[],[],[],[],[],[],[],[],[]],"CORE :":false,"Relazioni :":870,"Time : ":0.1,"LAST PARTITION":{"22":14,"23":7,"24":2,"25":12,"26":21,"27":19,"28":5,"29":15,"30":22,"10":10,"11":10,"12":17,"13":13,"14":11,"15":9,"16":1,"17":6,"18":4,"19":3,"1":16,"2":20,"3":14,"4":19,"5":6,"6":3,"7":8,"8":21,"9":22,"20":20,"21":16}},{"Modalità dinamica :":false,"Q : ":6,"STARTING PARTITION: ":{"22":7,"23":7,"24":11,"25":11,"26":4,"27":3,"28":5,"29":15,"30":10,"10":9,"11":11,"12":12,"13":10,"14":11,"15":3,"16":5,"17":1,"18":6,"19":10,"1":13,"2":3,"3":11,"4":14,"5":6,"6":6,"7":12,"8":12,"9":15,"20":7,"21":1},"LAST COALITION":[[],[{"utility":0,"ID":16}],[{"utility":0,"ID":24}],[{"utility":17,"ID":19},{"utility":93,"ID":6}],[{"utility":0,"ID":18}],[{"utility":0,"ID":28}],[{"utility":99,"ID":17},{"utility":72,"ID":5}],[{"utility":0,"ID":23}],[{"utility":0,"ID":7}],[{"utility":0,"ID":15}],[{"utility":26,"ID":10},{"utility":91,"ID":11}],[{"utility":0,"ID":14}],[{"utility":0,"ID":25}],[{"utility":0,"ID":13}],[{"utility":97,"ID":3},{"utility":96,"ID":22}],[{"utility":0,"ID":29}],[{"utility":93,"ID":1},{"utility":47,"ID":21}],[{"utility":0,"ID":12}],[],[{"utility":95,"ID":4},{"utility":13,"ID":27}],[{"utility":96,"ID":2},{"utility":87,"ID":20}],[{"utility":98,"ID":8},{"utility":77,"ID":26}],[{"utility":98,"ID":9},{"utility":35,"ID":30}],[],[],[],[],[],[],[],[]],"STARTING COALITION: ":[[null],[{"utility":19,"ID":17},{"utility":81,"ID":21}],[],[{"utility":36,"ID":2},{"utility":16.5,"ID":15},{"utility":71.5,"ID":27}],[{"utility":0,"ID":26}],[{"utility":19,"ID":16},{"utility":60,"ID":28}],[{"utility":45,"ID":5},{"utility":25,"ID":6},{"utility":51.5,"ID":18}],[{"utility":59.5,"ID":20},{"utility":46,"ID":22},{"utility":35,"ID":23}],[],[{"utility":0,"ID":10}],[{"utility":42.5,"ID":13},{"utility":40,"ID":19},{"utility":61.5,"ID":30}],[{"utility":53.5,"ID":3},{"utility":58.75,"ID":11},{"utility":31.5,"ID":14},{"utility":54.75,"ID":24},{"utility":39.75,"ID":25}],[{"utility":76,"ID":7},{"utility":71,"ID":8},{"utility":78.5,"ID":12}],[{"utility":0,"ID":1}],[{"utility":0,"ID":4}],[{"utility":65,"ID":9},{"utility":67,"ID":29}],[],[],[],[],[],[],[],[],[],[],[],[],[],[],[]],"CORE :":false,"Relazioni :":870,"Time : ":0.1,"LAST PARTITION":{"22":14,"23":7,"24":2,"25":12,"26":21,"27":19,"28":5,"29":15,"30":22,"10":10,"11":10,"12":17,"13":13,"14":11,"15":9,"16":1,"17":6,"18":4,"19":3,"1":16,"2":20,"3":14,"4":19,"5":6,"6":3,"7":8,"8":21,"9":22,"20":20,"21":16}},{"Modalità dinamica :":false,"Q : ":7,"STARTING PARTITION: ":{"22":7,"23":7,"24":11,"25":11,"26":4,"27":3,"28":5,"29":15,"30":10,"10":9,"11":11,"12":12,"13":10,"14":11,"15":3,"16":5,"17":1,"18":6,"19":10,"1":13,"2":3,"3":11,"4":14,"5":6,"6":6,"7":12,"8":12,"9":15,"20":7,"21":1},"LAST COALITION":[[],[{"utility":0,"ID":16}],[{"utility":0,"ID":24}],[{"utility":17,"ID":19},{"utility":93,"ID":6}],[{"utility":0,"ID":18}],[{"utility":0,"ID":28}],[{"utility":99,"ID":17},{"utility":72,"ID":5}],[{"utility":0,"ID":23}],[{"utility":0,"ID":7}],[{"utility":0,"ID":15}],[{"utility":26,"ID":10},{"utility":91,"ID":11}],[{"utility":0,"ID":14}],[{"utility":0,"ID":25}],[{"utility":0,"ID":13}],[{"utility":97,"ID":3},{"utility":96,"ID":22}],[{"utility":0,"ID":29}],[{"utility":93,"ID":1},{"utility":47,"ID":21}],[{"utility":0,"ID":12}],[],[{"utility":95,"ID":4},{"utility":13,"ID":27}],[{"utility":96,"ID":2},{"utility":87,"ID":20}],[{"utility":98,"ID":8},{"utility":77,"ID":26}],[{"utility":98,"ID":9},{"utility":35,"ID":30}],[],[],[],[],[],[],[],[]],"STARTING COALITION: ":[[null],[{"utility":19,"ID":17},{"utility":81,"ID":21}],[],[{"utility":36,"ID":2},{"utility":16.5,"ID":15},{"utility":71.5,"ID":27}],[{"utility":0,"ID":26}],[{"utility":19,"ID":16},{"utility":60,"ID":28}],[{"utility":45,"ID":5},{"utility":25,"ID":6},{"utility":51.5,"ID":18}],[{"utility":59.5,"ID":20},{"utility":46,"ID":22},{"utility":35,"ID":23}],[],[{"utility":0,"ID":10}],[{"utility":42.5,"ID":13},{"utility":40,"ID":19},{"utility":61.5,"ID":30}],[{"utility":53.5,"ID":3},{"utility":58.75,"ID":11},{"utility":31.5,"ID":14},{"utility":54.75,"ID":24},{"utility":39.75,"ID":25}],[{"utility":76,"ID":7},{"utility":71,"ID":8},{"utility":78.5,"ID":12}],[{"utility":0,"ID":1}],[{"utility":0,"ID":4}],[{"utility":65,"ID":9},{"utility":67,"ID":29}],[],[],[],[],[],[],[],[],[],[],[],[],[],[],[]],"CORE :":false,"Relazioni :":870,"Time : ":0.1,"LAST PARTITION":{"22":14,"23":7,"24":2,"25":12,"26":21,"27":19,"28":5,"29":15,"30":22,"10":10,"11":10,"12":17,"13":13,"14":11,"15":9,"16":1,"17":6,"18":4,"19":3,"1":16,"2":20,"3":14,"4":19,"5":6,"6":3,"7":8,"8":21,"9":22,"20":20,"21":16}},{"Modalità dinamica :":false,"Q : ":8,"STARTING PARTITION: ":{"22":7,"23":7,"24":11,"25":11,"26":4,"27":3,"28":5,"29":15,"30":10,"10":9,"11":11,"12":12,"13":10,"14":11,"15":3,"16":5,"17":1,"18":6,"19":10,"1":13,"2":3,"3":11,"4":14,"5":6,"6":6,"7":12,"8":12,"9":15,"20":7,"21":1},"LAST COALITION":[[],[{"utility":0,"ID":16}],[{"utility":0,"ID":24}],[{"utility":17,"ID":19},{"utility":93,"ID":6}],[{"utility":0,"ID":18}],[{"utility":0,"ID":28}],[{"utility":99,"ID":17},{"utility":72,"ID":5}],[{"utility":0,"ID":23}],[{"utility":0,"ID":7}],[{"utility":0,"ID":15}],[{"utility":26,"ID":10},{"utility":91,"ID":11}],[{"utility":0,"ID":14}],[{"utility":0,"ID":25}],[{"utility":0,"ID":13}],[{"utility":97,"ID":3},{"utility":96,"ID":22}],[{"utility":0,"ID":29}],[{"utility":93,"ID":1},{"utility":47,"ID":21}],[{"utility":0,"ID":12}],[],[{"utility":95,"ID":4},{"utility":13,"ID":27}],[{"utility":96,"ID":2},{"utility":87,"ID":20}],[{"utility":98,"ID":8},{"utility":77,"ID":26}],[{"utility":98,"ID":9},{"utility":35,"ID":30}],[],[],[],[],[],[],[],[]],"STARTING COALITION: ":[[null],[{"utility":19,"ID":17},{"utility":81,"ID":21}],[],[{"utility":36,"ID":2},{"utility":16.5,"ID":15},{"utility":71.5,"ID":27}],[{"utility":0,"ID":26}],[{"utility":19,"ID":16},{"utility":60,"ID":28}],[{"utility":45,"ID":5},{"utility":25,"ID":6},{"utility":51.5,"ID":18}],[{"utility":59.5,"ID":20},{"utility":46,"ID":22},{"utility":35,"ID":23}],[],[{"utility":0,"ID":10}],[{"utility":42.5,"ID":13},{"utility":40,"ID":19},{"utility":61.5,"ID":30}],[{"utility":53.5,"ID":3},{"utility":58.75,"ID":11},{"utility":31.5,"ID":14},{"utility":54.75,"ID":24},{"utility":39.75,"ID":25}],[{"utility":76,"ID":7},{"utility":71,"ID":8},{"utility":78.5,"ID":12}],[{"utility":0,"ID":1}],[{"utility":0,"ID":4}],[{"utility":65,"ID":9},{"utility":67,"ID":29}],[],[],[],[],[],[],[],[],[],[],[],[],[],[],[]],"CORE :":false,"Relazioni :":870,"Time : ":0.1,"LAST PARTITION":{"22":14,"23":7,"24":2,"25":12,"26":21,"27":19,"28":5,"29":15,"30":22,"10":10,"11":10,"12":17,"13":13,"14":11,"15":9,"16":1,"17":6,"18":4,"19":3,"1":16,"2":20,"3":14,"4":19,"5":6,"6":3,"7":8,"8":21,"9":22,"20":20,"21":16}},{"Modalità dinamica :":false,"Q : ":9,"STARTING PARTITION: ":{"22":7,"23":7,"24":11,"25":11,"26":4,"27":3,"28":5,"29":15,"30":10,"10":9,"11":11,"12":12,"13":10,"14":11,"15":3,"16":5,"17":1,"18":6,"19":10,"1":13,"2":3,"3":11,"4":14,"5":6,"6":6,"7":12,"8":12,"9":15,"20":7,"21":1},"LAST COALITION":[[],[{"utility":0,"ID":16}],[{"utility":0,"ID":24}],[{"utility":17,"ID":19},{"utility":93,"ID":6}],[{"utility":0,"ID":18}],[{"utility":0,"ID":28}],[{"utility":99,"ID":17},{"utility":72,"ID":5}],[{"utility":0,"ID":23}],[{"utility":90,"ID":7},{"utility":79,"ID":11}],[{"utility":0,"ID":15}],[],[{"utility":0,"ID":14}],[{"utility":0,"ID":25}],[{"utility":0,"ID":13}],[{"utility":97,"ID":3},{"utility":96,"ID":22}],[{"utility":0,"ID":29}],[{"utility":93,"ID":1},{"utility":47,"ID":21}],[{"utility":0,"ID":12}],[{"utility":0,"ID":10}],[{"utility":95,"ID":4},{"utility":13,"ID":27}],[{"utility":96,"ID":2},{"utility":87,"ID":20}],[{"utility":98,"ID":8},{"utility":77,"ID":26}],[{"utility":98,"ID":9},{"utility":35,"ID":30}],[],[],[],[],[],[],[],[]],"STARTING COALITION: ":[[null],[{"utility":19,"ID":17},{"utility":81,"ID":21}],[],[{"utility":36,"ID":2},{"utility":16.5,"ID":15},{"utility":71.5,"ID":27}],[{"utility":0,"ID":26}],[{"utility":19,"ID":16},{"utility":60,"ID":28}],[{"utility":45,"ID":5},{"utility":25,"ID":6},{"utility":51.5,"ID":18}],[{"utility":59.5,"ID":20},{"utility":46,"ID":22},{"utility":35,"ID":23}],[],[{"utility":0,"ID":10}],[{"utility":42.5,"ID":13},{"utility":40,"ID":19},{"utility":61.5,"ID":30}],[{"utility":53.5,"ID":3},{"utility":58.75,"ID":11},{"utility":31.5,"ID":14},{"utility":54.75,"ID":24},{"utility":39.75,"ID":25}],[{"utility":76,"ID":7},{"utility":71,"ID":8},{"utility":78.5,"ID":12}],[{"utility":0,"ID":1}],[{"utility":0,"ID":4}],[{"utility":65,"ID":9},{"utility":67,"ID":29}],[],[],[],[],[],[],[],[],[],[],[],[],[],[],[]],"CORE :":false,"Relazioni :":870,"Time : ":0.1,"LAST PARTITION":{"22":14,"23":7,"24":2,"25":12,"26":21,"27":19,"28":5,"29":15,"30":22,"10":18,"11":8,"12":17,"13":13,"14":11,"15":9,"16":1,"17":6,"18":4,"19":3,"1":16,"2":20,"3":14,"4":19,"5":6,"6":3,"7":8,"8":21,"9":22,"20":20,"21":16}},{"Modalità dinamica :":false,"Q : ":10,"STARTING PARTITION: ":{"22":7,"23":7,"24":11,"25":11,"26":4,"27":3,"28":5,"29":15,"30":10,"10":9,"11":11,"12":12,"13":10,"14":11,"15":3,"16":5,"17":1,"18":6,"19":10,"1":13,"2":3,"3":11,"4":14,"5":6,"6":6,"7":12,"8":12,"9":15,"20":7,"21":1},"LAST COALITION":[[],[{"utility":0,"ID":16}],[{"utility":0,"ID":24}],[{"utility":17,"ID":19},{"utility":93,"ID":6}],[{"utility":0,"ID":18}],[{"utility":0,"ID":28}],[{"utility":99,"ID":17},{"utility":72,"ID":5}],[{"utility":0,"ID":23}],[],[{"utility":0,"ID":15}],[{"utility":0,"ID":11}],[{"utility":0,"ID":14}],[{"utility":0,"ID":25}],[{"utility":0,"ID":13}],[{"utility":97,"ID":3},{"utility":96,"ID":22}],[{"utility":0,"ID":29}],[{"utility":93,"ID":1},{"utility":47,"ID":21}],[{"utility":0,"ID":12}],[{"utility":71,"ID":7},{"utility":74,"ID":10}],[{"utility":95,"ID":4},{"utility":13,"ID":27}],[{"utility":96,"ID":2},{"utility":87,"ID":20}],[{"utility":98,"ID":8},{"utility":77,"ID":26}],[{"utility":98,"ID":9},{"utility":35,"ID":30}],[],[],[],[],[],[],[],[]],"STARTING COALITION: ":[[null],[{"utility":19,"ID":17},{"utility":81,"ID":21}],[],[{"utility":36,"ID":2},{"utility":16.5,"ID":15},{"utility":71.5,"ID":27}],[{"utility":0,"ID":26}],[{"utility":19,"ID":16},{"utility":60,"ID":28}],[{"utility":45,"ID":5},{"utility":25,"ID":6},{"utility":51.5,"ID":18}],[{"utility":59.5,"ID":20},{"utility":46,"ID":22},{"utility":35,"ID":23}],[],[{"utility":0,"ID":10}],[{"utility":42.5,"ID":13},{"utility":40,"ID":19},{"utility":61.5,"ID":30}],[{"utility":53.5,"ID":3},{"utility":58.75,"ID":11},{"utility":31.5,"ID":14},{"utility":54.75,"ID":24},{"utility":39.75,"ID":25}],[{"utility":76,"ID":7},{"utility":71,"ID":8},{"utility":78.5,"ID":12}],[{"utility":0,"ID":1}],[{"utility":0,"ID":4}],[{"utility":65,"ID":9},{"utility":67,"ID":29}],[],[],[],[],[],[],[],[],[],[],[],[],[],[],[]],"CORE :":false,"Relazioni :":870,"Time : ":0.1,"LAST PARTITION":{"22":14,"23":7,"24":2,"25":12,"26":21,"27":19,"28":5,"29":15,"30":22,"10":18,"11":10,"12":17,"13":13,"14":11,"15":9,"16":1,"17":6,"18":4,"19":3,"1":16,"2":20,"3":14,"4":19,"5":6,"6":3,"7":18,"8":21,"9":22,"20":20,"21":16}},{"Modalità dinamica :":true,"Q : ":2,"STARTING PARTITION: ":{"22":7,"23":7,"24":11,"25":11,"26":4,"27":3,"28":5,"29":15,"30":10,"10":9,"11":11,"12":12,"13":10,"14":11,"15":3,"16":5,"17":1,"18":6,"19":10,"1":13,"2":3,"3":11,"4":14,"5":6,"6":6,"7":12,"8":12,"9":15,"20":7,"21":1},"LAST COALITION":[[],[{"utility":19,"ID":17},{"utility":81,"ID":21}],[{"utility":40,"ID":1},{"utility":64,"ID":16}],[{"utility":36,"ID":2},{"utility":16.5,"ID":15},{"utility":71.5,"ID":27}],[{"utility":0,"ID":26}],[{"utility":0,"ID":28}],[{"utility":45,"ID":5},{"utility":25,"ID":6},{"utility":51.5,"ID":18}],[{"utility":59.5,"ID":20},{"utility":46,"ID":22},{"utility":35,"ID":23}],[],[{"utility":0,"ID":10}],[{"utility":42.5,"ID":13},{"utility":40,"ID":19},{"utility":61.5,"ID":30}],[{"utility":53.5,"ID":3},{"utility":58.75,"ID":11},{"utility":31.5,"ID":14},{"utility":54.75,"ID":24},{"utility":39.75,"ID":25}],[{"utility":76,"ID":7},{"utility":71,"ID":8},{"utility":78.5,"ID":12}],[],[{"utility":0,"ID":4}],[{"utility":65,"ID":9},{"utility":67,"ID":29}],[],[],[],[],[],[],[],[],[],[],[],[],[],[],[]],"STARTING COALITION: ":[[null],[{"utility":19,"ID":17},{"utility":81,"ID":21}],[],[{"utility":36,"ID":2},{"utility":16.5,"ID":15},{"utility":71.5,"ID":27}],[{"utility":0,"ID":26}],[{"utility":19,"ID":16},{"utility":60,"ID":28}],[{"utility":45,"ID":5},{"utility":25,"ID":6},{"utility":51.5,"ID":18}],[{"utility":59.5,"ID":20},{"utility":46,"ID":22},{"utility":35,"ID":23}],[],[{"utility":0,"ID":10}],[{"utility":42.5,"ID":13},{"utility":40,"ID":19},{"utility":61.5,"ID":30}],[{"utility":53.5,"ID":3},{"utility":58.75,"ID":11},{"utility":31.5,"ID":14},{"utility":54.75,"ID":24},{"utility":39.75,"ID":25}],[{"utility":76,"ID":7},{"utility":71,"ID":8},{"utility":78.5,"ID":12}],[{"utility":0,"ID":1}],[{"utility":0,"ID":4}],[{"utility":65,"ID":9},{"utility":67,"ID":29}],[],[],[],[],[],[],[],[],[],[],[],[],[],[],[]],"CORE :":false,"Relazioni :":870,"Time : ":0.1,"LAST PARTITION":{"22":7,"23":7,"24":11,"25":11,"26":4,"27":3,"28":5,"29":15,"30":10,"10":9,"11":11,"12":12,"13":10,"14":11,"15":3,"16":2,"17":1,"18":6,"19":10,"1":2,"2":3,"3":11,"4":14,"5":6,"6":6,"7":12,"8":12,"9":15,"20":7,"21":1}},{"Modalità dinamica :":true,"Q : ":3,"STARTING PARTITION: ":{"22":7,"23":7,"24":11,"25":11,"26":4,"27":3,"28":5,"29":15,"30":10,"10":9,"11":11,"12":12,"13":10,"14":11,"15":3,"16":5,"17":1,"18":6,"19":10,"1":13,"2":3,"3":11,"4":14,"5":6,"6":6,"7":12,"8":12,"9":15,"20":7,"21":1},"LAST COALITION":[[],[{"utility":87,"ID":14},{"utility":99,"ID":19}],[{"utility":90,"ID":7},{"utility":79,"ID":11}],[{"utility":74,"ID":24},{"utility":65,"ID":28}],[{"utility":94,"ID":12},{"utility":22,"ID":23}],[],[{"utility":72,"ID":5},{"utility":99,"ID":17}],[{"utility":91,"ID":6},{"utility":97,"ID":10}],[{"utility":72,"ID":4},{"utility":93,"ID":20}],[{"utility":95,"ID":18},{"utility":84,"ID":21}],[{"utility":77,"ID":15},{"utility":95,"ID":30}],[],[{"utility":27,"ID":2},{"utility":78,"ID":9}],[],[{"utility":98,"ID":8},{"utility":77,"ID":26}],[{"utility":97,"ID":3},{"utility":96,"ID":22}],[{"utility":73,"ID":27},{"utility":96,"ID":29}],[{"utility":96,"ID":16},{"utility":92,"ID":25}],[],[{"utility":84,"ID":1},{"utility":87,"ID":13}],[],[],[],[],[],[],[],[],[],[],[]],"STARTING COALITION: ":[[null],[{"utility":19,"ID":17},{"utility":81,"ID":21}],[],[{"utility":36,"ID":2},{"utility":16.5,"ID":15},{"utility":71.5,"ID":27}],[{"utility":0,"ID":26}],[{"utility":19,"ID":16},{"utility":60,"ID":28}],[{"utility":45,"ID":5},{"utility":25,"ID":6},{"utility":51.5,"ID":18}],[{"utility":59.5,"ID":20},{"utility":46,"ID":22},{"utility":35,"ID":23}],[],[{"utility":0,"ID":10}],[{"utility":42.5,"ID":13},{"utility":40,"ID":19},{"utility":61.5,"ID":30}],[{"utility":53.5,"ID":3},{"utility":58.75,"ID":11},{"utility":31.5,"ID":14},{"utility":54.75,"ID":24},{"utility":39.75,"ID":25}],[{"utility":76,"ID":7},{"utility":71,"ID":8},{"utility":78.5,"ID":12}],[{"utility":0,"ID":1}],[{"utility":0,"ID":4}],[{"utility":65,"ID":9},{"utility":67,"ID":29}],[],[],[],[],[],[],[],[],[],[],[],[],[],[],[]],"CORE :":false,"Relazioni :":870,"Time : ":0.1,"LAST PARTITION":{"22":15,"23":4,"24":3,"25":17,"26":14,"27":16,"28":3,"29":16,"30":10,"10":7,"11":2,"12":4,"13":19,"14":1,"15":10,"16":17,"17":6,"18":9,"19":1,"1":19,"2":12,"3":15,"4":8,"5":6,"6":7,"7":2,"8":14,"9":12,"20":8,"21":9}},{"Modalità dinamica :":true,"Q : ":4,"STARTING PARTITION: ":{"22":7,"23":7,"24":11,"25":11,"26":4,"27":3,"28":5,"29":15,"30":10,"10":9,"11":11,"12":12,"13":10,"14":11,"15":3,"16":5,"17":1,"18":6,"19":10,"1":13,"2":3,"3":11,"4":14,"5":6,"6":6,"7":12,"8":12,"9":15,"20":7,"21":1},"LAST COALITION":[[],[{"utility":10,"ID":13},{"utility":86,"ID":24}],[{"utility":50,"ID":23},{"utility":36,"ID":28}],[{"utility":62,"ID":2},{"utility":95,"ID":8}],[{"utility":87,"ID":14},{"utility":99,"ID":19}],[{"utility":95,"ID":18},{"utility":84,"ID":21}],[{"utility":73,"ID":27},{"utility":96,"ID":29}],[{"utility":97,"ID":3},{"utility":96,"ID":22}],[{"utility":77,"ID":15},{"utility":95,"ID":30}],[{"utility":0,"ID":4}],[{"utility":96,"ID":16},{"utility":92,"ID":25}],[],[{"utility":99,"ID":1},{"utility":75,"ID":26}],[{"utility":0,"ID":9}],[{"utility":72,"ID":5},{"utility":99,"ID":17}],[{"utility":91,"ID":6},{"utility":97,"ID":10}],[],[{"utility":90,"ID":7},{"utility":79,"ID":11}],[{"utility":55,"ID":12},{"utility":99,"ID":20}],[],[],[],[],[],[],[],[],[],[],[],[]],"STARTING COALITION: ":[[null],[{"utility":19,"ID":17},{"utility":81,"ID":21}],[],[{"utility":36,"ID":2},{"utility":16.5,"ID":15},{"utility":71.5,"ID":27}],[{"utility":0,"ID":26}],[{"utility":19,"ID":16},{"utility":60,"ID":28}],[{"utility":45,"ID":5},{"utility":25,"ID":6},{"utility":51.5,"ID":18}],[{"utility":59.5,"ID":20},{"utility":46,"ID":22},{"utility":35,"ID":23}],[],[{"utility":0,"ID":10}],[{"utility":42.5,"ID":13},{"utility":40,"ID":19},{"utility":61.5,"ID":30}],[{"utility":53.5,"ID":3},{"utility":58.75,"ID":11},{"utility":31.5,"ID":14},{"utility":54.75,"ID":24},{"utility":39.75,"ID":25}],[{"utility":76,"ID":7},{"utility":71,"ID":8},{"utility":78.5,"ID":12}],[{"utility":0,"ID":1}],[{"utility":0,"ID":4}],[{"utility":65,"ID":9},{"utility":67,"ID":29}],[],[],[],[],[],[],[],[],[],[],[],[],[],[],[]],"CORE :":false,"Relazioni :":870,"Time : ":0.1,"LAST PARTITION":{"22":7,"23":2,"24":1,"25":10,"26":12,"27":6,"28":2,"29":6,"30":8,"10":15,"11":17,"12":18,"13":1,"14":4,"15":8,"16":10,"17":14,"18":5,"19":4,"1":12,"2":3,"3":7,"4":9,"5":14,"6":15,"7":17,"8":3,"9":13,"20":18,"21":5}},{"Modalità dinamica :":true,"Q : ":5,"STARTING PARTITION: ":{"22":7,"23":7,"24":11,"25":11,"26":4,"27":3,"28":5,"29":15,"30":10,"10":9,"11":11,"12":12,"13":10,"14":11,"15":3,"16":5,"17":1,"18":6,"19":10,"1":13,"2":3,"3":11,"4":14,"5":6,"6":6,"7":12,"8":12,"9":15,"20":7,"21":1},"LAST COALITION":[[],[{"utility":91,"ID":1},{"utility":95,"ID":18}],[{"utility":95,"ID":17},{"utility":87,"ID":19}],[{"utility":60,"ID":9},{"utility":26,"ID":14},{"utility":14.5,"ID":15}],[{"utility":97,"ID":11},{"utility":82,"ID":30}],[],[],[{"utility":73,"ID":27},{"utility":96,"ID":29}],[{"utility":76,"ID":4},{"utility":78,"ID":13}],[{"utility":97,"ID":3},{"utility":96,"ID":22}],[{"utility":91,"ID":6},{"utility":97,"ID":10}],[{"utility":0,"ID":28}],[{"utility":0,"ID":20}],[{"utility":63,"ID":21},{"utility":60,"ID":26}],[{"utility":39,"ID":16},{"utility":99,"ID":23}],[{"utility":85,"ID":7},{"utility":96,"ID":12}],[{"utility":0,"ID":2}],[{"utility":74,"ID":8},{"utility":6,"ID":24}],[{"utility":40,"ID":5},{"utility":17,"ID":25}],[],[],[],[],[],[],[],[],[],[],[],[]],"STARTING COALITION: ":[[null],[{"utility":19,"ID":17},{"utility":81,"ID":21}],[],[{"utility":36,"ID":2},{"utility":16.5,"ID":15},{"utility":71.5,"ID":27}],[{"utility":0,"ID":26}],[{"utility":19,"ID":16},{"utility":60,"ID":28}],[{"utility":45,"ID":5},{"utility":25,"ID":6},{"utility":51.5,"ID":18}],[{"utility":59.5,"ID":20},{"utility":46,"ID":22},{"utility":35,"ID":23}],[],[{"utility":0,"ID":10}],[{"utility":42.5,"ID":13},{"utility":40,"ID":19},{"utility":61.5,"ID":30}],[{"utility":53.5,"ID":3},{"utility":58.75,"ID":11},{"utility":31.5,"ID":14},{"utility":54.75,"ID":24},{"utility":39.75,"ID":25}],[{"utility":76,"ID":7},{"utility":71,"ID":8},{"utility":78.5,"ID":12}],[{"utility":0,"ID":1}],[{"utility":0,"ID":4}],[{"utility":65,"ID":9},{"utility":67,"ID":29}],[],[],[],[],[],[],[],[],[],[],[],[],[],[],[]],"CORE :":false,"Relazioni :":870,"Time : ":0.1,"LAST PARTITION":{"22":9,"23":14,"24":17,"25":18,"26":13,"27":7,"28":11,"29":7,"30":4,"10":10,"11":4,"12":15,"13":8,"14":3,"15":3,"16":14,"17":2,"18":1,"19":2,"1":1,"2":16,"3":9,"4":8,"5":18,"6":10,"7":15,"8":17,"9":3,"20":12,"21":13}},