[{"Modalità dinamica :":false,"Q : ":2,"STARTING PARTITION: ":{"22":15,"23":12,"24":11,"25":11,"26":13,"27":5,"28":8,"29":6,"30":14,"10":9,"11":2,"12":14,"13":12,"14":14,"15":7,"16":6,"17":3,"18":2,"19":9,"1":1,"2":14,"3":11,"4":8,"5":8,"6":9,"7":15,"8":4,"9":6,"20":12,"21":7},"LAST COALITION":[[],[{"utility":93,"ID":2},{"utility":47,"ID":10}],[{"utility":50,"ID":11},{"utility":87,"ID":18}],[{"utility":0,"ID":17}],[{"utility":0,"ID":8}],[{"utility":0,"ID":27}],[{"utility":54,"ID":9},{"utility":38,"ID":16},{"utility":59.5,"ID":29}],[{"utility":78,"ID":15},{"utility":94,"ID":21}],[{"utility":0,"ID":28}],[{"utility":62,"ID":6},{"utility":86,"ID":19}],[{"utility":0,"ID":5}],[{"utility":39,"ID":24},{"utility":89,"ID":25}],[{"utility":34.5,"ID":13},{"utility":54,"ID":20},{"utility":60,"ID":23}],[{"utility":0,"ID":26}],[{"utility":33,"ID":12},{"utility":61,"ID":14}],[{"utility":0,"ID":22}],[{"utility":0,"ID":7}],[{"utility":88,"ID":1},{"utility":55,"ID":4}],[{"utility":98,"ID":3},{"utility":92,"ID":30}],[],[],[],[],[],[],[],[],[],[],[],[]],"STARTING COALITION: ":[[null],[{"utility":0,"ID":1}],[{"utility":50,"ID":11},{"utility":87,"ID":18}],[{"utility":0,"ID":17}],[{"utility":0,"ID":8}],[{"utility":0,"ID":27}],[{"utility":54,"ID":9},{"utility":38,"ID":16},{"utility":59.5,"ID":29}],[{"utility":78,"ID":15},{"utility":94,"ID":21}],[{"utility":53,"ID":4},{"utility":70.5,"ID":5},{"utility":35.5,"ID":28}],[{"utility":60.5,"ID":6},{"utility":19,"ID":10},{"utility":53,"ID":19}],[],[{"utility":39.5,"ID":3},{"utility":50,"ID":24},{"utility":60.5,"ID":25}],[{"utility":34.5,"ID":13},{"utility":54,"ID":20},{"utility":60,"ID":23}],[{"utility":0,"ID":26}],[{"utility":66.33333333333333,"ID":2},{"utility":29,"ID":12},{"utility":43,"ID":14},{"utility":20.666666666666668,"ID":30}],[{"utility":14,"ID":7},{"utility":42,"ID":22}],[],[],[],[],[],[],[],[],[],[],[],[],[],[],[]],"CORE :":false,"Relazioni :":870,"Time : ":0.1,"LAST PARTITION":{"22":15,"23":12,"24":11,"25":11,"26":13,"27":5,"28":8,"29":6,"30":18,"10":1,"11":2,"12":14,"13":12,"14":14,"15":7,"16":6,"17":3,"18":2,"19":9,"1":17,"2":1,"3":18,"4":17,"5":10,"6":9,"7":16,"8":4,"9":6,"20":12,"21":7}},{"Modalità dinamica :":false,"Q : ":3,"STARTING PARTITION: ":{"22":15,"23":12,"24":11,"25":11,"26":13,"27":5,"28":8,"29":6,"30":14,"10":9,"11":2,"12":14,"13":12,"14":14,"15":7,"16":6,"17":3,"18":2,"19":9,"1":1,"2":14,"3":11,"4":8,"5":8,"6":9,"7":15,"8":4,"9":6,"20":12,"21":7},"LAST COALITION":[[],[{"utility":93,"ID":2},{"utility":47,"ID":10}],[{"utility":50,"ID":11},{"utility":87,"ID":18}],[{"utility":0,"ID":17}],[{"utility":0,"ID":8}],[{"utility":0,"ID":27}],[{"utility":54,"ID":9},{"utility":38,"ID":16},{"utility":59.5,"ID":29}],[{"utility":78,"ID":15},{"utility":94,"ID":21}],[{"utility":0,"ID":28}],[{"utility":62,"ID":6},{"utility":86,"ID":19}],[],[{"utility":39,"ID":24},{"utility":89,"ID":25}],[{"utility":34.5,"ID":13},{"utility":54,"ID":20},{"utility":60,"ID":23}],[{"utility":0,"ID":26}],[{"utility":33,"ID":12},{"utility":61,"ID":14}],[{"utility":0,"ID":22}],[{"utility":0,"ID":5}],[{"utility":0,"ID":1}],[{"utility":98,"ID":3},{"utility":92,"ID":30}],[{"utility":81,"ID":4},{"utility":45,"ID":7}],[],[],[],[],[],[],[],[],[],[],[]],"STARTING COALITION: ":[[null],[{"utility":0,"ID":1}],[{"utility":50,"ID":11},{"utility":87,"ID":18}],[{"utility":0,"ID":17}],[{"utility":0,"ID":8}],[{"utility":0,"ID":27}],[{"utility":54,"ID":9},{"utility":38,"ID":16},{"utility":59.5,"ID":29}],[{"utility":78,"ID":15},{"utility":94,"ID":21}],[{"utility":53,"ID":4},{"utility":70.5,"ID":5},{"utility":35.5,"ID":28}],[{"utility":60.5,"ID":6},{"utility":19,"ID":10},{"utility":53,"ID":19}],[],[{"utility":39.5,"ID":3},{"utility":50,"ID":24},{"utility":60.5,"ID":25}],[{"utility":34.5,"ID":13},{"utility":54,"ID":20},{"utility":60,"ID":23}],[{"utility":0,"ID":26}],[{"utility":66.33333333333333,"ID":2},{"utility":29,"ID":12},{"utility":43,"ID":14},{"utility":20.666666666666668,"ID":30}],[{"utility":14,"ID":7},{"utility":42,"ID":22}],[],[],[],[],[],[],[],[],[],[],[],[],[],[],[]],"CORE :":false,"Relazioni :":870,"Time : ":0.1,"LAST PARTITION":{"22":15,"23":12,"24":11,"25":11,"26":13,"27":5,"28":8,"29":6,"30":18,"10":1,"11":2,"12":14,"13":12,"14":14,"15":7,"16":6,"17":3,"18":2,"19":9,"1":17,"2":1,"3":18,"4":19,"5":16,"6":9,"7":19,"8":4,"9":6,"20":12,"21":7}},{"Modalità dinamica :":false,"Q : ":4,"STARTING PARTITION: ":{"22":15,"23":12,"24":11,"25":11,"26":13,"27":5,"28":8,"29":6,"30":14,"10":9,"11":2,"12":14,"13":12,"14":14,"15":7,"16":6,"17":3,"18":2,"19":9,"1":1,"2":14,"3":11,"4":8,"5":8,"6":9,"7":15,"8":4,"9":6,"20":12,"21":7},"LAST COALITION":[[],[{"utility":93,"ID":2},{"utility":47,"ID":10}],[{"utility":50,"ID":11},{"utility":87,"ID":18}],[{"utility":0,"ID":17}],[{"utility":0,"ID":8}],[{"utility":0,"ID":27}],[{"utility":54,"ID":9},{"utility":38,"ID":16},{"utility":59.5,"ID":29}],[{"utility":78,"ID":15},{"utility":94,"ID":21}],[{"utility":0,"ID":28}],[{"utility":62,"ID":6},{"utility":86,"ID":19}],[{"utility":0,"ID":5}],[{"utility":39,"ID":24},{"utility":89,"ID":25}],[{"utility":34.5,"ID":13},{"utility":54,"ID":20},{"utility":60,"ID":23}],[{"utility":0,"ID":26}],[{"utility":33,"ID":12},{"utility":61,"ID":14}],[{"utility":0,"ID":22}],[],[{"utility":0,"ID":1}],[{"utility":98,"ID":3},{"utility":92,"ID":30}],[{"utility":81,"ID":4},{"utility":45,"ID":7}],[],[],[],[],[],[],[],[],[],[],[]],"STARTING COALITION: ":[[null],[{"utility":0,"ID":1}],[{"utility":50,"ID":11},{"utility":87,"ID":18}],[{"utility":0,"ID":17}],[{"utility":0,"ID":8}],[{"utility":0,"ID":27}],[{"utility":54,"ID":9},{"utility":38,"ID":16},{"utility":59.5,"ID":29}],[{"utility":78,"ID":15},{"utility":94,"ID":21}],[{"utility":53,"ID":4},{"utility":70.5,"ID":5},{"utility":35.5,"ID":28}],[{"utility":60.5,"ID":6},{"utility":19,"ID":10},{"utility":53,"ID":19}],[],[{"utility":39.5,"ID":3},{"utility":50,"ID":24},{"utility":60.5,"ID":25}],[{"utility":34.5,"ID":13},{"utility":54,"ID":20},{"utility":60,"ID":23}],[{"utility":0,"ID":26}],[{"utility":66.33333333333333,"ID":2},{"utility":29,"ID":12},{"utility":43,"ID":14},{"utility":20.666666666666668,"ID":30}],[{"utility":14,"ID":7},{"utility":42,"ID":22}],[],[],[],[],[],[],[],[],[],[],[],[],[],[],[]],"CORE :":false,"Relazioni :":870,"Time : ":0.1,"LAST PARTITION":{"22":15,"23":12,"24":11,"25":11,"26":13,"27":5,"28":8,"29":6,"30":18,"10":1,"11":2,"12":14,"13":12,"14":14,"15":7,"16":6,"17":3,"18":2,"19":9,"1":17,"2":1,"3":18,"4":19,"5":10,"6":9,"7":19,"8":4,"9":6,"20":12,"21":7}},{"Modalità dinamica :":false,"Q : ":5,"STARTING PARTITION: ":{"22":15,"23":12,"24":11,"25":11,"26":13,"27":5,"28":8,"29":6,"30":14,"10":9,"11":2,"12":14,"13":12,"14":14,"15":7,"16":6,"17":3,"18":2,"19":9,"1":1,"2":14,"3":11,"4":8,"5":8,"6":9,"7":15,"8":4,"9":6,"20":12,"21":7},"LAST COALITION":[[],[{"utility":93,"ID":2},{"utility":47,"ID":10}],[{"utility":50,"ID":11},{"utility":87,"ID":18}],[{"utility":0,"ID":17}],[{"utility":0,"ID":8}],[{"utility":0,"ID":27}],[{"utility":54,"ID":9},{"utility":38,"ID":16},{"utility":59.5,"ID":29}],[{"utility":78,"ID":15},{"utility":94,"ID":21}],[{"utility":0,"ID":28}],[{"utility":62,"ID":6},{"utility":86,"ID":19}],[{"utility":0,"ID":5}],[{"utility":39,"ID":24},{"utility":89,"ID":25}],[{"utility":34.5,"ID":13},{"utility":54,"ID":20},{"utility":60,"ID":23}],[{"utility":0,"ID":26}],[{"utility":33,"ID":12},{"utility":61,"ID":14}],[{"utility":0,"ID":22}],[],[{"utility":0,"ID":1}],[{"utility":98,"ID":3},{"utility":92,"ID":30}],[{"utility":81,"ID":4},{"utility":45,"ID":7}],[],[],[],[],[],[],[],[],[],[],[]],"STARTING COALITION: ":[[null],[{"utility":0,"ID":1}],[{"utility":50,"ID":11},{"utility":87,"ID":18}],[{"utility":0,"ID":17}],[{"utility":0,"ID":8}],[{"utility":0,"ID":27}],[{"utility":54,"ID":9},{"utility":38,"ID":16},{"utility":59.5,"ID":29}],[{"utility":78,"ID":15},{"utility":94,"ID":21}],[{"utility":53,"ID":4},{"utility":70.5,"ID":5},{"utility":35.5,"ID":28}],[{"utility":60.5,"ID":6},{"utility":19,"ID":10},{"utility":53,"ID":19}],[],[{"utility":39.5,"ID":3},{"utility":50,"ID":24},{"utility":60.5,"ID":25}],[{"utility":34.5,"ID":13},{"utility":54,"ID":20},{"utility":60,"ID":23}],[{"utility":0,"ID":26}],[{"utility":66.33333333333333,"ID":2},{"utility":29,"ID":12},{"utility":43,"ID":14},{"utility":20.666666666666668,"ID":30}],[{"utility":14,"ID":7},{"utility":42,"ID":22}],[],[],[],[],[],[],[],[],[],[],[],[],[],[],[]],"CORE :":false,"Relazioni :":870,"Time : ":0.1,"LAST PARTITION":{"22":15,"23":12,"24":11,"25":11,"26":13,"27":5,"28":8,"29":6,"30":18,"10":1,"11":2,"12":14,"13":12,"14":14,"15":7,"16":6,"17":3,"18":2,"19":9,"1":17,"2":1,"3":18,"4":19,"5":10,"6":9,"7":19,"8":4,"9":6,"20":12,"21":7}},{"Modalità dinamica :":false,"Q : ":6,"STARTING PARTITION: ":{"22":15,"23":12,"24":11,"25":11,"26":13,"27":5,"28":8,"29":6,"30":14,"10":9,"11":2,"12":14,"13":12,"14":14,"15":7,"16":6,"17":3,"18":2,"19":9,"1":1,"2":14,"3":11,"4":8,"5":8,"6":9,"7":15,"8":4,"9":6,"20":12,"21":7},"LAST COALITION":[[],[{"utility":93,"ID":2},{"utility":47,"ID":10}],[{"utility":50,"ID":11},{"utility":87,"ID":18}],[{"utility":0,"ID":17}],[{"utility":0,"ID":8}],[{"utility":0,"ID":27}],[{"utility":54,"ID":9},{"utility":38,"ID":16},{"utility":59.5,"ID":29}],[{"utility":78,"ID":15},{"utility":94,"ID":21}],[{"utility":0,"ID":28}],[{"utility":62,"ID":6},{"utility":86,"ID":19}],[{"utility":0,"ID":5}],[{"utility":39,"ID":24},{"utility":89,"ID":25}],[{"utility":34.5,"ID":13},{"utility":54,"ID":20},{"utility":60,"ID":23}],[{"utility":0,"ID":26}],[{"utility":33,"ID":12},{"utility":61,"ID":14}],[{"utility":0,"ID":22}],[],[{"utility":0,"ID":1}],[{"utility":98,"ID":3},{"utility":92,"ID":30}],[{"utility":81,"ID":4},{"utility":45,"ID":7}],[],[],[],[],[],[],[],[],[],[],[]],"STARTING COALITION: ":[[null],[{"utility":0,"ID":1}],[{"utility":50,"ID":11},{"utility":87,"ID":18}],[{"utility":0,"ID":17}],[{"utility":0,"ID":8}],[{"utility":0,"ID":27}],[{"utility":54,"ID":9},{"utility":38,"ID":16},{"utility":59.5,"ID":29}],[{"utility":78,"ID":15},{"utility":94,"ID":21}],[{"utility":53,"ID":4},{"utility":70.5,"ID":5},{"utility":35.5,"ID":28}],[{"utility":60.5,"ID":6},{"utility":19,"ID":10},{"utility":53,"ID":19}],[],[{"utility":39.5,"ID":3},{"utility":50,"ID":24},{"utility":60.5,"ID":25}],[{"utility":34.5,"ID":13},{"utility":54,"ID":20},{"utility":60,"ID":23}],[{"utility":0,"ID":26}],[{"utility":66.33333333333333,"ID":2},{"utility":29,"ID":12},{"utility":43,"ID":14},{"utility":20.666666666666668,"ID":30}],[{"utility":14,"ID":7},{"utility":42,"ID":22}],[],[],[],[],[],[],[],[],[],[],[],[],[],[],[]],"CORE :":false,"Relazioni :":870,"Time : ":0.1,"LAST PARTITION":{"22":15,"23":12,"24":11,"25":11,"26":13,"27":5,"28":8,"29":6,"30":18,"10":1,"11":2,"12":14,"13":12,"14":14,"15":7,"16":6,"17":3,"18":2,"19":9,"1":17,"2":1,"3":18,"4":19,"5":10,"6":9,"7":19,"8":4,"9":6,"20":12,"21":7}},{"Modalità dinamica :":false,"Q : ":7,"STARTING PARTITION: ":{"22":15,"23":12,"24":11,"25":11,"26":13,"27":5,"28":8,"29":6,"30":14,"10":9,"11":2,"12":14,"13":12,"14":14,"15":7,"16":6,"17":3,"18":2,"19":9,"1":1,"2":14,"3":11,"4":8,"5":8,"6":9,"7":15,"8":4,"9":6,"20":12,"21":7},"LAST COALITION":[[],[{"utility":93,"ID":2},{"utility":47,"ID":10}],[{"utility":50,"ID":11},{"utility":87,"ID":18}],[{"utility":0,"ID":17}],[{"utility":0,"ID":8}],[{"utility":0,"ID":27}],[{"utility":54,"ID":9},{"utility":38,"ID":16},{"utility":59.5,"ID":29}],[{"utility":78,"ID":15},{"utility":94,"ID":21}],[{"utility":0,"ID":28}],[{"utility":62,"ID":6},{"utility":86,"ID":19}],[{"utility":0,"ID":5}],[{"utility":39,"ID":24},{"utility":89,"ID":25}],[{"utility":34.5,"ID":13},{"utility":54,"ID":20},{"utility":60,"ID":23}],[{"utility":0,"ID":26}],[{"utility":33,"ID":12},{"utility":61,"ID":14}],[{"utility":0,"ID":22}],[],[{"utility":0,"ID":1}],[{"utility":98,"ID":3},{"utility":92,"ID":30}],[{"utility":81,"ID":4},{"utility":45,"ID":7}],[],[],[],[],[],[],[],[],[],[],[]],"STARTING COALITION: ":[[null],[{"utility":0,"ID":1}],[{"utility":50,"ID":11},{"utility":87,"ID":18}],[{"utility":0,"ID":17}],[{"utility":0,"ID":8}],[{"utility":0,"ID":27}],[{"utility":54,"ID":9},{"utility":38,"ID":16},{"utility":59.5,"ID":29}],[{"utility":78,"ID":15},{"utility":94,"ID":21}],[{"utility":53,"ID":4},{"utility":70.5,"ID":5},{"utility":35.5,"ID":28}],[{"utility":60.5,"ID":6},{"utility":19,"ID":10},{"utility":53,"ID":19}],[],[{"utility":39.5,"ID":3},{"utility":50,"ID":24},{"utility":60.5,"ID":25}],[{"utility":34.5,"ID":13},{"utility":54,"ID":20},{"utility":60,"ID":23}],[{"utility":0,"ID":26}],[{"utility":66.33333333333333,"ID":2},{"utility":29,"ID":12},{"utility":43,"ID":14},{"utility":20.666666666666668,"ID":30}],[{"utility":14,"ID":7},{"utility":42,"ID":22}],[],[],[],[],[],[],[],[],[],[],[],[],[],[],[]],"CORE :":false,"Relazioni :":870,"Time : ":0.1,"LAST PARTITION":{"22":15,"23":12,"24":11,"25":11,"26":13,"27":5,"28":8,"29":6,"30":18,"10":1,"11":2,"12":14,"13":12,"14":14,"15":7,"16":6,"17":3,"18":2,"19":9,"1":17,"2":1,"3":18,"4":19,"5":10,"6":9,"7":19,"8":4,"9":6,"20":12,"21":7}},{"Modalità dinamica :":false,"Q : ":8,"STARTING PARTITION: ":{"22":15,"23":12,"24":11,"25":11,"26":13,"27":5,"28":8,"29":6,"30":14,"10":9,"11":2,"12":14,"13":12,"14":14,"15":7,"16":6,"17":3,"18":2,"19":9,"1":1,"2":14,"3":11,"4":8,"5":8,"6":9,"7":15,"8":4,"9":6,"20":12,"21":7},"LAST COALITION":[[],[{"utility":93,"ID":2},{"utility":47,"ID":10}],[{"utility":50,"ID":11},{"utility":87,"ID":18}],[{"utility":0,"ID":17}],[{"utility":0,"ID":8}],[{"utility":0,"ID":27}],[{"utility":54,"ID":9},{"utility":38,"ID":16},{"utility":59.5,"ID":29}],[{"utility":78,"ID":15},{"utility":94,"ID":21}],[{"utility":0,"ID":28}],[{"utility":62,"ID":6},{"utility":86,"ID":19}],[],[{"utility":39,"ID":24},{"utility":89,"ID":25}],[{"utility":34.5,"ID":13},{"utility":54,"ID":20},{"utility":60,"ID":23}],[{"utility":0,"ID":26}],[{"utility":33,"ID":12},{"utility":61,"ID":14}],[{"utility":0,"ID":22}],[{"utility":25,"ID":1},{"utility":75,"ID":5}],[],[{"utility":98,"ID":3},{"utility":92,"ID":30}],[{"utility":81,"ID":4},{"utility":45,"ID":7}],[],[],[],[],[],[],[],[],[],[],[]],"STARTING COALITION: ":[[null],[{"utility":0,"ID":1}],[{"utility":50,"ID":11},{"utility":87,"ID":18}],[{"utility":0,"ID":17}],[{"utility":0,"ID":8}],[{"utility":0,"ID":27}],[{"utility":54,"ID":9},{"utility":38,"ID":16},{"utility":59.5,"ID":29}],[{"utility":78,"ID":15},{"utility":94,"ID":21}],[{"utility":53,"ID":4},{"utility":70.5,"ID":5},{"utility":35.5,"ID":28}],[{"utility":60.5,"ID":6},{"utility":19,"ID":10},{"utility":53,"ID":19}],[],[{"utility":39.5,"ID":3},{"utility":50,"ID":24},{"utility":60.5,"ID":25}],[{"utility":34.5,"ID":13},{"utility":54,"ID":20},{"utility":60,"ID":23}],[{"utility":0,"ID":26}],[{"utility":66.33333333333333,"ID":2},{"utility":29,"ID":12},{"utility":43,"ID":14},{"utility":20.666666666666668,"ID":30}],[{"utility":14,"ID":7},{"utility":42,"ID":22}],[],[],[],[],[],[],[],[],[],[],[],[],[],[],[]],"CORE :":false,"Relazioni :":870,"Time : ":0.1,"LAST PARTITION":{"22":15,"23":12,"24":11,"25":11,"26":13,"27":5,"28":8,"29":6,"30":18,"10":1,"11":2,"12":14,"13":12,"14":14,"15":7,"16":6,"17":3,"18":2,"19":9,"1":16,"2":1,"3":18,"4":19,"5":16,"6":9,"7":19,"8":4,"9":6,"20":12,"21":7}},{"Modalità dinamica :":false,"Q : ":9,"STARTING PARTITION: ":{"22":15,"23":12,"24":11,"25":11,"26":13,"27":5,"28":8,"29":6,"30":14,"10":9,"11":2,"12":14,"13":12,"14":14,"15":7,"16":6,"17":3,"18":2,"19":9,"1":1,"2":14,"3":11,"4":8,"5":8,"6":9,"7":15,"8":4,"9":6,"20":12,"21":7},"LAST COALITION":[[],[{"utility":93,"ID":2},{"utility":47,"ID":10}],[{"utility":50,"ID":11},{"utility":87,"ID":18}],[{"utility":0,"ID":17}],[{"utility":0,"ID":8}],[{"utility":0,"ID":27}],[{"utility":54,"ID":9},{"utility":38,"ID":16},{"utility":59.5,"ID":29}],[{"utility":78,"ID":15},{"utility":94,"ID":21}],[{"utility":0,"ID":28}],[{"utility":62,"ID":6},{"utility":86,"ID":19}],[{"utility":25,"ID":1},{"utility":75,"ID":5}],[{"utility":39,"ID":24},{"utility":89,"ID":25}],[{"utility":34.5,"ID":13},{"utility":54,"ID":20},{"utility":60,"ID":23}],[{"utility":0,"ID":26}],[{"utility":33,"ID":12},{"utility":61,"ID":14}],[{"utility":0,"ID":22}],[],[],[{"utility":98,"ID":3},{"utility":92,"ID":30}],[{"utility":81,"ID":4},{"utility":45,"ID":7}],[],[],[],[],[],[],[],[],[],[],[]],"STARTING COALITION: ":[[null],[{"utility":0,"ID":1}],[{"utility":50,"ID":11},{"utility":87,"ID":18}],[{"utility":0,"ID":17}],[{"utility":0,"ID":8}],[{"utility":0,"ID":27}],[{"utility":54,"ID":9},{"utility":38,"ID":16},{"utility":59.5,"ID":29}],[{"utility":78,"ID":15},{"utility":94,"ID":21}],[{"utility":53,"ID":4},{"utility":70.5,"ID":5},{"utility":35.5,"ID":28}],[{"utility":60.5,"ID":6},{"utility":19,"ID":10},{"utility":53,"ID":19}],[],[{"utility":39.5,"ID":3},{"utility":50,"ID":24},{"utility":60.5,"ID":25}],[{"utility":34.5,"ID":13},{"utility":54,"ID":20},{"utility":60,"ID":23}],[{"utility":0,"ID":26}],[{"utility":66.33333333333333,"ID":2},{"utility":29,"ID":12},{"utility":43,"ID":14},{"utility":20.666666666666668,"ID":30}],[{"utility":14,"ID":7},{"utility":42,"ID":22}],[],[],[],[],[],[],[],[],[],[],[],[],[],[],[]],"CORE :":false,"Relazioni :":870,"Time : ":0.1,"LAST PARTITION":{"22":15,"23":12,"24":11,"25":11,"26":13,"27":5,"28":8,"29":6,"30":18,"10":1,"11":2,"12":14,"13":12,"14":14,"15":7,"16":6,"17":3,"18":2,"19":9,"1":10,"2":1,"3":18,"4":19,"5":10,"6":9,"7":19,"8":4,"9":6,"20":12,"21":7}},{"Modalità dinamica :":false,"Q : ":10,"STARTING PARTITION: ":{"22":15,"23":12,"24":11,"25":11,"26":13,"27":5,"28":8,"29":6,"30":14,"10":9,"11":2,"12":14,"13":12,"14":14,"15":7,"16":6,"17":3,"18":2,"19":9,"1":1,"2":14,"3":11,"4":8,"5":8,"6":9,"7":15,"8":4,"9":6,"20":12,"21":7},"LAST COALITION":[[],[{"utility":93,"ID":2},{"utility":47,"ID":10}],[{"utility":50,"ID":11},{"utility":87,"ID":18}],[{"utility":0,"ID":17}],[{"utility":0,"ID":8}],[{"utility":0,"ID":27}],[{"utility":54,"ID":9},{"utility":38,"ID":16},{"utility":59.5,"ID":29}],[{"utility":78,"ID":15},{"utility":94,"ID":21}],[{"utility":0,"ID":28}],[{"utility":62,"ID":6},{"utility":86,"ID":19}],[],[{"utility":39,"ID":24},{"utility":89,"ID":25}],[{"utility":34.5,"ID":13},{"utility":54,"ID":20},{"utility":60,"ID":23}],[{"utility":0,"ID":26}],[{"utility":33,"ID":12},{"utility":61,"ID":14}],[{"utility":0,"ID":22}],[{"utility":0,"ID":5}],[{"utility":0,"ID":1}],[{"utility":98,"ID":3},{"utility":92,"ID":30}],[{"utility":81,"ID":4},{"utility":45,"ID":7}],[],[],[],[],[],[],[],[],[],[],[]],"STARTING COALITION: ":[[null],[{"utility":0,"ID":1}],[{"utility":50,"ID":11},{"utility":87,"ID":18}],[{"utility":0,"ID":17}],[{"utility":0,"ID":8}],[{"utility":0,"ID":27}],[{"utility":54,"ID":9},{"utility":38,"ID":16},{"utility":59.5,"ID":29}],[{"utility":78,"ID":15},{"utility":94,"ID":21}],[{"utility":53,"ID":4},{"utility":70.5,"ID":5},{"utility":35.5,"ID":28}],[{"utility":60.5,"ID":6},{"utility":19,"ID":10},{"utility":53,"ID":19}],[],[{"utility":39.5,"ID":3},{"utility":50,"ID":24},{"utility":60.5,"ID":25}],[{"utility":34.5,"ID":13},{"utility":54,"ID":20},{"utility":60,"ID":23}],[{"utility":0,"ID":26}],[{"utility":66.33333333333333,"ID":2},{"utility":29,"ID":12},{"utility":43,"ID":14},{"utility":20.666666666666668,"ID":30}],[{"utility":14,"ID":7},{"utility":42,"ID":22}],[],[],[],[],[],[],[],[],[],[],[],[],[],[],[]],"CORE :":false,"Relazioni :":870,"Time : ":0.1,"LAST PARTITION":{"22":15,"23":12,"24":11,"25":11,"26":13,"27":5,"28":8,"29":6,"30":18,"10":1,"11":2,"12":14,"13":12,"14":14,"15":7,"16":6,"17":3,"18":2,"19":9,"1":17,"2":1,"3":18,"4":19,"5":16,"6":9,"7":19,"8":4,"9":6,"20":12,"21":7}},{"Modalità dinamica :":true,"Q : ":2,"STARTING PARTITION: ":{"22":15,"23":12,"24":11,"25":11,"26":13,"27":5,"28":8,"29":6,"30":14,"10":9,"11":2,"12":14,"13":12,"14":14,"15":7,"16":6,"17":3,"18":2,"19":9,"1":1,"2":14,"3":11,"4":8,"5":8,"6":9,"7":15,"8":4,"9":6,"20":12,"21":7},"LAST COALITION":[[],[{"utility":91,"ID":2},{"utility":68,"ID":19}],[],[],[{"utility":97,"ID":4},{"utility":78,"ID":23}],[{"utility":87,"ID":8},{"utility":95,"ID":28}],[{"utility":96,"ID":11},{"utility":88,"ID":29}],[{"utility":98,"ID":3},{"utility":92,"ID":30}],[{"utility":81,"ID":5},{"utility":84,"ID":15}],[{"utility":56,"ID":7},{"utility":96,"ID":16}],[{"utility":92,"ID":6},{"utility":55,"ID":20}],[{"utility":76,"ID":1},{"utility":79,"ID":24}],[{"utility":77,"ID":18},{"utility":88,"ID":25}],[{"utility":87,"ID":21},{"utility":98,"ID":26}],[{"utility":97,"ID":10},{"utility":97,"ID":22}],[{"utility":77,"ID":17},{"utility":55,"ID":27}],[],[{"utility":81,"ID":12},{"utility":87,"ID":13}],[],[],[{"utility":96,"ID":9},{"utility":93,"ID":14}],[],[],[],[],[],[],[],[],[],[]],"STARTING COALITION: ":[[null],[{"utility":0,"ID":1}],[{"utility":50,"ID":11},{"utility":87,"ID":18}],[{"utility":0,"ID":17}],[{"utility":0,"ID":8}],[{"utility":0,"ID":27}],[{"utility":54,"ID":9},{"utility":38,"ID":16},{"utility":59.5,"ID":29}],[{"utility":78,"ID":15},{"utility":94,"ID":21}],[{"utility":53,"ID":4},{"utility":70.5,"ID":5},{"utility":35.5,"ID":28}],[{"utility":60.5,"ID":6},{"utility":19,"ID":10},{"utility":53,"ID":19}],[],[{"utility":39.5,"ID":3},{"utility":50,"ID":24},{"utility":60.5,"ID":25}],[{"utility":34.5,"ID":13},{"utility":54,"ID":20},{"utility":60,"ID":23}],[{"utility":0,"ID":26}],[{"utility":66.33333333333333,"ID":2},{"utility":29,"ID":12},{"utility":43,"ID":14},{"utility":20.666666666666668,"ID":30}],[{"utility":14,"ID":7},{"utility":42,"ID":22}],[],[],[],[],[],[],[],[],[],[],[],[],[],[],[]],"CORE :":true,"Relazioni :":870,"Time : ":0.1,"LAST PARTITION":{"22":14,"23":4,"24":11,"25":12,"26":13,"27":15,"28":5,"29":6,"30":7,"10":14,"11":6,"12":17,"13":17,"14":20,"15":8,"16":9,"17":15,"18":12,"19":1,"1":11,"2":1,"3":7,"4":4,"5":8,"6":10,"7":9,"8":5,"9":20,"20":10,"21":13}},{"Modalità dinamica :":true,"Q : ":3,"STARTING PARTITION: ":{"22":15,"23":12,"24":11,"25":11,"26":13,"27":5,"28":8,"29":6,"30":14,"10":9,"11":2,"12":14,"13":12,"14":14,"15":7,"16":6,"17":3,"18":2,"19":9,"1":1,"2":14,"3":11,"4":8,"5":8,"6":9,"7":15,"8":4,"9":6,"20":12,"21":7},"LAST COALITION":[[],[{"utility":98,"ID":3},{"utility":92,"ID":30}],[{"utility":87,"ID":8},{"utility":95,"ID":28}],[{"utility":22,"ID":6},{"utility":94,"ID":29}],[{"utility":97,"ID":10},{"utility":97,"ID":22}],[{"utility":81,"ID":5},{"utility":84,"ID":15}],[{"utility":39,"ID":12},{"utility":63,"ID":17}],[{"utility":91,"ID":2},{"utility":68,"ID":19}],[{"utility":53,"ID":1},{"utility":60,"ID":7}],[{"utility":45.5,"ID":20},{"utility":55,"ID":24},{"utility":45,"ID":27}],[{"utility":77,"ID":18},{"utility":88,"ID":25}],[],[],[{"utility":87,"ID":21},{"utility":98,"ID":26}],[{"utility":0,"ID":16}],[],[{"utility":57,"ID":11},{"utility":66,"ID":13}],[{"utility":97,"ID":4},{"utility":78,"ID":23}],[],[{"utility":96,"ID":9},{"utility":93,"ID":14}],[],[],[],[],[],[],[],[],[],[],[]],"STARTING COALITION: ":[[null],[{"utility":0,"ID":1}],[{"utility":50,"ID":11},{"utility":87,"ID":18}],[{"utility":0,"ID":17}],[{"utility":0,"ID":8}],[{"utility":0,"ID":27}],[{"utility":54,"ID":9},{"utility":38,"ID":16},{"utility":59.5,"ID":29}],[{"utility":78,"ID":15},{"utility":94,"ID":21}],[{"utility":53,"ID":4},{"utility":70.5,"ID":5},{"utility":35.5,"ID":28}],[{"utility":60.5,"ID":6},{"utility":19,"ID":10},{"utility":53,"ID":19}],[],[{"utility":39.5,"ID":3},{"utility":50,"ID":24},{"utility":60.5,"ID":25}],[{"utility":34.5,"ID":13},{"utility":54,"ID":20},{"utility":60,"ID":23}],[{"utility":0,"ID":26}],[{"utility":66.33333333333333,"ID":2},{"utility":29,"ID":12},{"utility":43,"ID":14},{"utility":20.666666666666668,"ID":30}],[{"utility":14,"ID":7},{"utility":42,"ID":22}],[],[],[],[],[],[],[],[],[],[],[],[],[],[],[]],"CORE :":true,"Relazioni :":870,"Time : ":0.1,"LAST PARTITION":{"22":4,"23":17,"24":9,"25":10,"26":13,"27":9,"28":2,"29":3,"30":1,"10":4,"11":16,"12":6,"13":16,"14":19,"15":5,"16":14,"17":6,"18":10,"19":7,"1":8,"2":7,"3":1,"4":17,"5":5,"6":3,"7":8,"8":2,"9":19,"20":9,"21":13}},