[{"Modalità dinamica :":false,"Q : ":2,"STARTING PARTITION: ":{"22":14,"23":10,"24":9,"25":11,"26":1,"27":1,"28":10,"29":14,"30":13,"10":5,"11":10,"12":3,"13":1,"14":2,"15":8,"16":6,"17":6,"18":14,"19":13,"1":2,"2":9,"3":8,"4":10,"5":2,"6":2,"7":11,"8":13,"9":3,"20":4,"21":13},"LAST COALITION":[[],[{"utility":0,"ID":27}],[{"utility":59,"ID":13},{"utility":94,"ID":15}],[{"utility":98,"ID":2},{"utility":25,"ID":26}],[],[{"utility":86,"ID":10},{"utility":73,"ID":21}],[{"utility":66,"ID":16},{"utility":22,"ID":17}],[{"utility":96,"ID":3},{"utility":78,"ID":25}],[{"utility":96,"ID":5},{"utility":62,"ID":28}],[{"utility":0,"ID":11}],[{"utility":98,"ID":9},{"utility":77,"ID":29}],[{"utility":93,"ID":12},{"utility":54,"ID":14}],[{"utility":99,"ID":6},{"utility":65,"ID":24}],[{"utility":99,"ID":19},{"utility":87,"ID":30}],[],[{"utility":98,"ID":1},{"utility":55,"ID":18}],[{"utility":99,"ID":8},{"utility":18,"ID":20}],[{"utility":70,"ID":7},{"utility":34,"ID":22}],[{"utility":91,"ID":4},{"utility":94,"ID":23}],[],[],[],[],[],[],[],[],[],[],[],[]],"STARTING COALITION: ":[[null],[{"utility":11.5,"ID":13},{"utility":24.5,"ID":26},{"utility":62.5,"ID":27}],[{"utility":29.333333333333332,"ID":1},{"utility":36.333333333333336,"ID":5},{"utility":66,"ID":6},{"utility":54,"ID":14}],[{"utility":56,"ID":9},{"utility":64,"ID":12}],[{"utility":0,"ID":20}],[{"utility":0,"ID":10}],[{"utility":66,"ID":16},{"utility":22,"ID":17}],[],[{"utility":20,"ID":3},{"utility":85,"ID":15}],[{"utility":20,"ID":2},{"utility":81,"ID":24}],[{"utility":70.33333333333333,"ID":4},{"utility":18.333333333333332,"ID":11},{"utility":48.333333333333336,"ID":23},{"utility":27,"ID":28}],[{"utility":58,"ID":7},{"utility":43,"ID":25}],[],[{"utility":32.666666666666664,"ID":8},{"utility":78.33333333333333,"ID":19},{"utility":67.33333333333333,"ID":21},{"utility":59.666666666666664,"ID":30}],[{"utility":42,"ID":18},{"utility":52,"ID":22},{"utility":7.5,"ID":29}],[],[],[],[],[],[],[],[],[],[],[],[],[],[],[],[]],"CORE :":false,"Relazioni :":870,"Time : ":0.1,"LAST PARTITION":{"22":17,"23":18,"24":12,"25":7,"26":3,"27":1,"28":8,"29":10,"30":13,"10":5,"11":9,"12":11,"13":2,"14":11,"15":2,"16":6,"17":6,"18":15,"19":13,"1":15,"2":3,"3":7,"4":18,"5":8,"6":12,"7":17,"8":16,"9":10,"20":16,"21":5}},{"Modalità dinamica :":false,"Q : ":3,"STARTING PARTITION: ":{"22":14,"23":10,"24":9,"25":11,"26":1,"27":1,"28":10,"29":14,"30":13,"10":5,"11":10,"12":3,"13":1,"14":2,"15":8,"16":6,"17":6,"18":14,"19":13,"1":2,"2":9,"3":8,"4":10,"5":2,"6":2,"7":11,"8":13,"9":3,"20":4,"21":13},"LAST COALITION":[[],[{"utility":0,"ID":27}],[],[{"utility":98,"ID":2},{"utility":25,"ID":26}],[{"utility":0,"ID":13}],[{"utility":86,"ID":10},{"utility":73,"ID":21}],[{"utility":66,"ID":16},{"utility":22,"ID":17}],[{"utility":96,"ID":3},{"utility":78,"ID":25}],[{"utility":96,"ID":5},{"utility":62,"ID":28}],[{"utility":86,"ID":11},{"utility":69,"ID":15}],[{"utility":98,"ID":9},{"utility":77,"ID":29}],[{"utility":93,"ID":12},{"utility":54,"ID":14}],[{"utility":99,"ID":6},{"utility":65,"ID":24}],[{"utility":99,"ID":19},{"utility":87,"ID":30}],[],[{"utility":98,"ID":1},{"utility":55,"ID":18}],[{"utility":99,"ID":8},{"utility":18,"ID":20}],[{"utility":70,"ID":7},{"utility":34,"ID":22}],[{"utility":91,"ID":4},{"utility":94,"ID":23}],[],[],[],[],[],[],[],[],[],[],[],[]],"STARTING COALITION: ":[[null],[{"utility":11.5,"ID":13},{"utility":24.5,"ID":26},{"utility":62.5,"ID":27}],[{"utility":29.333333333333332,"ID":1},{"utility":36.333333333333336,"ID":5},{"utility":66,"ID":6},{"utility":54,"ID":14}],[{"utility":56,"ID":9},{"utility":64,"ID":12}],[{"utility":0,"ID":20}],[{"utility":0,"ID":10}],[{"utility":66,"ID":16},{"utility":22,"ID":17}],[],[{"utility":20,"ID":3},{"utility":85,"ID":15}],[{"utility":20,"ID":2},{"utility":81,"ID":24}],[{"utility":70.33333333333333,"ID":4},{"utility":18.333333333333332,"ID":11},{"utility":48.333333333333336,"ID":23},{"utility":27,"ID":28}],[{"utility":58,"ID":7},{"utility":43,"ID":25}],[],[{"utility":32.666666666666664,"ID":8},{"utility":78.33333333333333,"ID":19},{"utility":67.33333333333333,"ID":21},{"utility":59.666666666666664,"ID":30}],[{"utility":42,"ID":18},{"utility":52,"ID":22},{"utility":7.5,"ID":29}],[],[],[],[],[],[],[],[],[],[],[],[],[],[],[],[]],"CORE :":false,"Relazioni :":870,"Time : ":0.1,"LAST PARTITION":{"22":17,"23":18,"24":12,"25":7,"26":3,"27":1,"28":8,"29":10,"30":13,"10":5,"11":9,"12":11,"13":4,"14":11,"15":9,"16":6,"17":6,"18":15,"19":13,"1":15,"2":3,"3":7,"4":18,"5":8,"6":12,"7":17,"8":16,"9":10,"20":16,"21":5}},{"Modalità dinamica :":false,"Q : ":4,"STARTING PARTITION: ":{"22":14,"23":10,"24":9,"25":11,"26":1,"27":1,"28":10,"29":14,"30":13,"10":5,"11":10,"12":3,"13":1,"14":2,"15":8,"16":6,"17":6,"18":14,"19":13,"1":2,"2":9,"3":8,"4":10,"5":2,"6":2,"7":11,"8":13,"9":3,"20":4,"21":13},"LAST COALITION":[[],[{"utility":0,"ID":27}],[{"utility":59,"ID":13},{"utility":94,"ID":15}],[{"utility":98,"ID":2},{"utility":25,"ID":26}],[],[{"utility":73,"ID":21},{"utility":86,"ID":10}],[{"utility":66,"ID":16},{"utility":22,"ID":17}],[{"utility":96,"ID":3},{"utility":78,"ID":25}],[{"utility":96,"ID":5},{"utility":62,"ID":28}],[{"utility":0,"ID":11}],[{"utility":98,"ID":9},{"utility":77,"ID":29}],[{"utility":93,"ID":12},{"utility":54,"ID":14}],[{"utility":99,"ID":6},{"utility":65,"ID":24}],[{"utility":99,"ID":19},{"utility":87,"ID":30}],[],[{"utility":98,"ID":1},{"utility":55,"ID":18}],[{"utility":18,"ID":20},{"utility":99,"ID":8}],[{"utility":34,"ID":22},{"utility":70,"ID":7}],[{"utility":91,"ID":4},{"utility":94,"ID":23}],[],[],[],[],[],[],[],[],[],[],[],[]],"STARTING COALITION: ":[[null],[{"utility":11.5,"ID":13},{"utility":24.5,"ID":26},{"utility":62.5,"ID":27}],[{"utility":29.333333333333332,"ID":1},{"utility":36.333333333333336,"ID":5},{"utility":66,"ID":6},{"utility":54,"ID":14}],[{"utility":56,"ID":9},{"utility":64,"ID":12}],[{"utility":0,"ID":20}],[{"utility":0,"ID":10}],[{"utility":66,"ID":16},{"utility":22,"ID":17}],[],[{"utility":20,"ID":3},{"utility":85,"ID":15}],[{"utility":20,"ID":2},{"utility":81,"ID":24}],[{"utility":70.33333333333333,"ID":4},{"utility":18.333333333333332,"ID":11},{"utility":48.333333333333336,"ID":23},{"utility":27,"ID":28}],[{"utility":58,"ID":7},{"utility":43,"ID":25}],[],[{"utility":32.666666666666664,"ID":8},{"utility":78.33333333333333,"ID":19},{"utility":67.33333333333333,"ID":21},{"utility":59.666666666666664,"ID":30}],[{"utility":42,"ID":18},{"utility":52,"ID":22},{"utility":7.5,"ID":29}],[],[],[],[],[],[],[],[],[],[],[],[],[],[],[],[]],"CORE :":false,"Relazioni :":870,"Time : ":0.1,"LAST PARTITION":{"22":17,"23":18,"24":12,"25":7,"26":3,"27":1,"28":8,"29":10,"30":13,"10":5,"11":9,"12":11,"13":2,"14":11,"15":2,"16":6,"17":6,"18":15,"19":13,"1":15,"2":3,"3":7,"4":18,"5":8,"6":12,"7":17,"8":16,"9":10,"20":16,"21":5}},{"Modalità dinamica :":false,"Q : ":5,"STARTING PARTITION: ":{"22":14,"23":10,"24":9,"25":11,"26":1,"27":1,"28":10,"29":14,"30":13,"10":5,"11":10,"12":3,"13":1,"14":2,"15":8,"16":6,"17":6,"18":14,"19":13,"1":2,"2":9,"3":8,"4":10,"5":2,"6":2,"7":11,"8":13,"9":3,"20":4,"21":13},"LAST COALITION":[[],[{"utility":0,"ID":27}],[{"utility":59,"ID":13},{"utility":94,"ID":15}],[{"utility":98,"ID":2},{"utility":25,"ID":26}],[],[{"utility":73,"ID":21},{"utility":86,"ID":10}],[{"utility":66,"ID":16},{"utility":22,"ID":17}],[{"utility":96,"ID":3},{"utility":78,"ID":25}],[{"utility":96,"ID":5},{"utility":62,"ID":28}],[{"utility":0,"ID":11}],[{"utility":98,"ID":9},{"utility":77,"ID":29}],[{"utility":93,"ID":12},{"utility":54,"ID":14}],[{"utility":99,"ID":6},{"utility":65,"ID":24}],[{"utility":99,"ID":19},{"utility":87,"ID":30}],[],[{"utility":98,"ID":1},{"utility":55,"ID":18}],[{"utility":18,"ID":20},{"utility":99,"ID":8}],[{"utility":34,"ID":22},{"utility":70,"ID":7}],[{"utility":91,"ID":4},{"utility":94,"ID":23}],[],[],[],[],[],[],[],[],[],[],[],[]],"STARTING COALITION: ":[[null],[{"utility":11.5,"ID":13},{"utility":24.5,"ID":26},{"utility":62.5,"ID":27}],[{"utility":29.333333333333332,"ID":1},{"utility":36.333333333333336,"ID":5},{"utility":66,"ID":6},{"utility":54,"ID":14}],[{"utility":56,"ID":9},{"utility":64,"ID":12}],[{"utility":0,"ID":20}],[{"utility":0,"ID":10}],[{"utility":66,"ID":16},{"utility":22,"ID":17}],[],[{"utility":20,"ID":3},{"utility":85,"ID":15}],[{"utility":20,"ID":2},{"utility":81,"ID":24}],[{"utility":70.33333333333333,"ID":4},{"utility":18.333333333333332,"ID":11},{"utility":48.333333333333336,"ID":23},{"utility":27,"ID":28}],[{"utility":58,"ID":7},{"utility":43,"ID":25}],[],[{"utility":32.666666666666664,"ID":8},{"utility":78.33333333333333,"ID":19},{"utility":67.33333333333333,"ID":21},{"utility":59.666666666666664,"ID":30}],[{"utility":42,"ID":18},{"utility":52,"ID":22},{"utility":7.5,"ID":29}],[],[],[],[],[],[],[],[],[],[],[],[],[],[],[],[]],"CORE :":false,"Relazioni :":870,"Time : ":0.1,"LAST PARTITION":{"22":17,"23":18,"24":12,"25":7,"26":3,"27":1,"28":8,"29":10,"30":13,"10":5,"11":9,"12":11,"13":2,"14":11,"15":2,"16":6,"17":6,"18":15,"19":13,"1":15,"2":3,"3":7,"4":18,"5":8,"6":12,"7":17,"8":16,"9":10,"20":16,"21":5}},{"Modalità dinamica :":false,"Q : ":6,"STARTING PARTITION: ":{"22":14,"23":10,"24":9,"25":11,"26":1,"27":1,"28":10,"29":14,"30":13,"10":5,"11":10,"12":3,"13":1,"14":2,"15":8,"16":6,"17":6,"18":14,"19":13,"1":2,"2":9,"3":8,"4":10,"5":2,"6":2,"7":11,"8":13,"9":3,"20":4,"21":13},"LAST COALITION":[[],[{"utility":0,"ID":27}],[{"utility":59,"ID":13},{"utility":94,"ID":15}],[{"utility":98,"ID":2},{"utility":25,"ID":26}],[],[{"utility":73,"ID":21},{"utility":86,"ID":10}],[{"utility":66,"ID":16},{"utility":22,"ID":17}],[{"utility":96,"ID":3},{"utility":78,"ID":25}],[{"utility":96,"ID":5},{"utility":62,"ID":28}],[{"utility":0,"ID":11}],[{"utility":98,"ID":9},{"utility":77,"ID":29}],[{"utility":93,"ID":12},{"utility":54,"ID":14}],[{"utility":99,"ID":6},{"utility":65,"ID":24}],[{"utility":99,"ID":19},{"utility":87,"ID":30}],[],[{"utility":98,"ID":1},{"utility":55,"ID":18}],[{"utility":18,"ID":20},{"utility":99,"ID":8}],[{"utility":34,"ID":22},{"utility":70,"ID":7}],[{"utility":91,"ID":4},{"utility":94,"ID":23}],[],[],[],[],[],[],[],[],[],[],[],[]],"STARTING COALITION: ":[[null],[{"utility":11.5,"ID":13},{"utility":24.5,"ID":26},{"utility":62.5,"ID":27}],[{"utility":29.333333333333332,"ID":1},{"utility":36.333333333333336,"ID":5},{"utility":66,"ID":6},{"utility":54,"ID":14}],[{"utility":56,"ID":9},{"utility":64,"ID":12}],[{"utility":0,"ID":20}],[{"utility":0,"ID":10}],[{"utility":66,"ID":16},{"utility":22,"ID":17}],[],[{"utility":20,"ID":3},{"utility":85,"ID":15}],[{"utility":20,"ID":2},{"utility":81,"ID":24}],[{"utility":70.33333333333333,"ID":4},{"utility":18.333333333333332,"ID":11},{"utility":48.333333333333336,"ID":23},{"utility":27,"ID":28}],[{"utility":58,"ID":7},{"utility":43,"ID":25}],[],[{"utility":32.666666666666664,"ID":8},{"utility":78.33333333333333,"ID":19},{"utility":67.33333333333333,"ID":21},{"utility":59.666666666666664,"ID":30}],[{"utility":42,"ID":18},{"utility":52,"ID":22},{"utility":7.5,"ID":29}],[],[],[],[],[],[],[],[],[],[],[],[],[],[],[],[]],"CORE :":false,"Relazioni :":870,"Time : ":0.1,"LAST PARTITION":{"22":17,"23":18,"24":12,"25":7,"26":3,"27":1,"28":8,"29":10,"30":13,"10":5,"11":9,"12":11,"13":2,"14":11,"15":2,"16":6,"17":6,"18":15,"19":13,"1":15,"2":3,"3":7,"4":18,"5":8,"6":12,"7":17,"8":16,"9":10,"20":16,"21":5}},{"Modalità dinamica :":false,"Q : ":7,"STARTING PARTITION: ":{"22":14,"23":10,"24":9,"25":11,"26":1,"27":1,"28":10,"29":14,"30":13,"10":5,"11":10,"12":3,"13":1,"14":2,"15":8,"16":6,"17":6,"18":14,"19":13,"1":2,"2":9,"3":8,"4":10,"5":2,"6":2,"7":11,"8":13,"9":3,"20":4,"21":13},"LAST COALITION":[[],[{"utility":0,"ID":27}],[{"utility":59,"ID":13},{"utility":94,"ID":15}],[{"utility":98,"ID":2},{"utility":25,"ID":26}],[],[{"utility":73,"ID":21},{"utility":86,"ID":10}],[{"utility":66,"ID":16},{"utility":22,"ID":17}],[{"utility":96,"ID":3},{"utility":78,"ID":25}],[{"utility":96,"ID":5},{"utility":62,"ID":28}],[{"utility":0,"ID":11}],[{"utility":98,"ID":9},{"utility":77,"ID":29}],[{"utility":93,"ID":12},{"utility":54,"ID":14}],[{"utility":99,"ID":6},{"utility":65,"ID":24}],[{"utility":99,"ID":19},{"utility":87,"ID":30}],[],[{"utility":98,"ID":1},{"utility":55,"ID":18}],[{"utility":18,"ID":20},{"utility":99,"ID":8}],[{"utility":34,"ID":22},{"utility":70,"ID":7}],[{"utility":91,"ID":4},{"utility":94,"ID":23}],[],[],[],[],[],[],[],[],[],[],[],[]],"STARTING COALITION: ":[[null],[{"utility":11.5,"ID":13},{"utility":24.5,"ID":26},{"utility":62.5,"ID":27}],[{"utility":29.333333333333332,"ID":1},{"utility":36.333333333333336,"ID":5},{"utility":66,"ID":6},{"utility":54,"ID":14}],[{"utility":56,"ID":9},{"utility":64,"ID":12}],[{"utility":0,"ID":20}],[{"utility":0,"ID":10}],[{"utility":66,"ID":16},{"utility":22,"ID":17}],[],[{"utility":20,"ID":3},{"utility":85,"ID":15}],[{"utility":20,"ID":2},{"utility":81,"ID":24}],[{"utility":70.33333333333333,"ID":4},{"utility":18.333333333333332,"ID":11},{"utility":48.333333333333336,"ID":23},{"utility":27,"ID":28}],[{"utility":58,"ID":7},{"utility":43,"ID":25}],[],[{"utility":32.666666666666664,"ID":8},{"utility":78.33333333333333,"ID":19},{"utility":67.33333333333333,"ID":21},{"utility":59.666666666666664,"ID":30}],[{"utility":42,"ID":18},{"utility":52,"ID":22},{"utility":7.5,"ID":29}],[],[],[],[],[],[],[],[],[],[],[],[],[],[],[],[]],"CORE :":false,"Relazioni :":870,"Time : ":0.1,"LAST PARTITION":{"22":17,"23":18,"24":12,"25":7,"26":3,"27":1,"28":8,"29":10,"30":13,"10":5,"11":9,"12":11,"13":2,"14":11,"15":2,"16":6,"17":6,"18":15,"19":13,"1":15,"2":3,"3":7,"4":18,"5":8,"6":12,"7":17,"8":16,"9":10,"20":16,"21":5}},{"Modalità dinamica :":false,"Q : ":8,"STARTING PARTITION: ":{"22":14,"23":10,"24":9,"25":11,"26":1,"27":1,"28":10,"29":14,"30":13,"10":5,"11":10,"12":3,"13":1,"14":2,"15":8,"16":6,"17":6,"18":14,"19":13,"1":2,"2":9,"3":8,"4":10,"5":2,"6":2,"7":11,"8":13,"9":3,"20":4,"21":13},"LAST COALITION":[[],[{"utility":0,"ID":27}],[{"utility":59,"ID":13},{"utility":94,"ID":15}],[{"utility":98,"ID":2},{"utility":25,"ID":26}],[],[{"utility":73,"ID":21},{"utility":86,"ID":10}],[{"utility":66,"ID":16},{"utility":22,"ID":17}],[{"utility":96,"ID":3},{"utility":78,"ID":25}],[{"utility":96,"ID":5},{"utility":62,"ID":28}],[{"utility":0,"ID":11}],[{"utility":98,"ID":9},{"utility":77,"ID":29}],[{"utility":93,"ID":12},{"utility":54,"ID":14}],[{"utility":99,"ID":6},{"utility":65,"ID":24}],[{"utility":99,"ID":19},{"utility":87,"ID":30}],[],[{"utility":98,"ID":1},{"utility":55,"ID":18}],[{"utility":18,"ID":20},{"utility":99,"ID":8}],[{"utility":34,"ID":22},{"utility":70,"ID":7}],[{"utility":91,"ID":4},{"utility":94,"ID":23}],[],[],[],[],[],[],[],[],[],[],[],[]],"STARTING COALITION: ":[[null],[{"utility":11.5,"ID":13},{"utility":24.5,"ID":26},{"utility":62.5,"ID":27}],[{"utility":29.333333333333332,"ID":1},{"utility":36.333333333333336,"ID":5},{"utility":66,"ID":6},{"utility":54,"ID":14}],[{"utility":56,"ID":9},{"utility":64,"ID":12}],[{"utility":0,"ID":20}],[{"utility":0,"ID":10}],[{"utility":66,"ID":16},{"utility":22,"ID":17}],[],[{"utility":20,"ID":3},{"utility":85,"ID":15}],[{"utility":20,"ID":2},{"utility":81,"ID":24}],[{"utility":70.33333333333333,"ID":4},{"utility":18.333333333333332,"ID":11},{"utility":48.333333333333336,"ID":23},{"utility":27,"ID":28}],[{"utility":58,"ID":7},{"utility":43,"ID":25}],[],[{"utility":32.666666666666664,"ID":8},{"utility":78.33333333333333,"ID":19},{"utility":67.33333333333333,"ID":21},{"utility":59.666666666666664,"ID":30}],[{"utility":42,"ID":18},{"utility":52,"ID":22},{"utility":7.5,"ID":29}],[],[],[],[],[],[],[],[],[],[],[],[],[],[],[],[]],"CORE :":false,"Relazioni :":870,"Time : ":0.1,"LAST PARTITION":{"22":17,"23":18,"24":12,"25":7,"26":3,"27":1,"28":8,"29":10,"30":13,"10":5,"11":9,"12":11,"13":2,"14":11,"15":2,"16":6,"17":6,"18":15,"19":13,"1":15,"2":3,"3":7,"4":18,"5":8,"6":12,"7":17,"8":16,"9":10,"20":16,"21":5}},{"Modalità dinamica :":false,"Q : ":9,"STARTING PARTITION: ":{"22":14,"23":10,"24":9,"25":11,"26":1,"27":1,"28":10,"29":14,"30":13,"10":5,"11":10,"12":3,"13":1,"14":2,"15":8,"16":6,"17":6,"18":14,"19":13,"1":2,"2":9,"3":8,"4":10,"5":2,"6":2,"7":11,"8":13,"9":3,"20":4,"21":13},"LAST COALITION":[[],[{"utility":0,"ID":27}],[{"utility":0,"ID":15}],[{"utility":98,"ID":2},{"utility":25,"ID":26}],[{"utility":59,"ID":11},{"utility":98,"ID":13}],[{"utility":73,"ID":21},{"utility":86,"ID":10}],[{"utility":66,"ID":16},{"utility":22,"ID":17}],[{"utility":96,"ID":3},{"utility":78,"ID":25}],[{"utility":96,"ID":5},{"utility":62,"ID":28}],[],[{"utility":98,"ID":9},{"utility":77,"ID":29}],[{"utility":93,"ID":12},{"utility":54,"ID":14}],[{"utility":99,"ID":6},{"utility":65,"ID":24}],[{"utility":99,"ID":19},{"utility":87,"ID":30}],[],[{"utility":98,"ID":1},{"utility":55,"ID":18}],[{"utility":18,"ID":20},{"utility":99,"ID":8}],[{"utility":34,"ID":22},{"utility":70,"ID":7}],[{"utility":91,"ID":4},{"utility":94,"ID":23}],[],[],[],[],[],[],[],[],[],[],[],[]],"STARTING COALITION: ":[[null],[{"utility":11.5,"ID":13},{"utility":24.5,"ID":26},{"utility":62.5,"ID":27}],[{"utility":29.333333333333332,"ID":1},{"utility":36.333333333333336,"ID":5},{"utility":66,"ID":6},{"utility":54,"ID":14}],[{"utility":56,"ID":9},{"utility":64,"ID":12}],[{"utility":0,"ID":20}],[{"utility":0,"ID":10}],[{"utility":66,"ID":16},{"utility":22,"ID":17}],[],[{"utility":20,"ID":3},{"utility":85,"ID":15}],[{"utility":20,"ID":2},{"utility":81,"ID":24}],[{"utility":70.33333333333333,"ID":4},{"utility":18.333333333333332,"ID":11},{"utility":48.333333333333336,"ID":23},{"utility":27,"ID":28}],[{"utility":58,"ID":7},{"utility":43,"ID":25}],[],[{"utility":32.666666666666664,"ID":8},{"utility":78.33333333333333,"ID":19},{"utility":67.33333333333333,"ID":21},{"utility":59.666666666666664,"ID":30}],[{"utility":42,"ID":18},{"utility":52,"ID":22},{"utility":7.5,"ID":29}],[],[],[],[],[],[],[],[],[],[],[],[],[],[],[],[]],"CORE :":false,"Relazioni :":870,"Time : ":0.1,"LAST PARTITION":{"22":17,"23":18,"24":12,"25":7,"26":3,"27":1,"28":8,"29":10,"30":13,"10":5,"11":4,"12":11,"13":4,"14":11,"15":2,"16":6,"17":6,"18":15,"19":13,"1":15,"2":3,"3":7,"4":18,"5":8,"6":12,"7":17,"8":16,"9":10,"20":16,"21":5}},{"Modalità dinamica :":false,"Q : ":10,"STARTING PARTITION: ":{"22":14,"23":10,"24":9,"25":11,"26":1,"27":1,"28":10,"29":14,"30":13,"10":5,"11":10,"12":3,"13":1,"14":2,"15":8,"16":6,"17":6,"18":14,"19":13,"1":2,"2":9,"3":8,"4":10,"5":2,"6":2,"7":11,"8":13,"9":3,"20":4,"21":13},"LAST COALITION":[[],[{"utility":0,"ID":27}],[],[{"utility":98,"ID":2},{"utility":25,"ID":26}],[{"utility":0,"ID":13}],[{"utility":73,"ID":21},{"utility":86,"ID":10}],[{"utility":66,"ID":16},{"utility":22,"ID":17}],[{"utility":96,"ID":3},{"utility":78,"ID":25}],[{"utility":96,"ID":5},{"utility":62,"ID":28}],[{"utility":86,"ID":11},{"utility":69,"ID":15}],[{"utility":98,"ID":9},{"utility":77,"ID":29}],[{"utility":93,"ID":12},{"utility":54,"ID":14}],[{"utility":99,"ID":6},{"utility":65,"ID":24}],[{"utility":99,"ID":19},{"utility":87,"ID":30}],[],[{"utility":98,"ID":1},{"utility":55,"ID":18}],[{"utility":18,"ID":20},{"utility":99,"ID":8}],[{"utility":34,"ID":22},{"utility":70,"ID":7}],[{"utility":91,"ID":4},{"utility":94,"ID":23}],[],[],[],[],[],[],[],[],[],[],[],[]],"STARTING COALITION: ":[[null],[{"utility":11.5,"ID":13},{"utility":24.5,"ID":26},{"utility":62.5,"ID":27}],[{"utility":29.333333333333332,"ID":1},{"utility":36.333333333333336,"ID":5},{"utility":66,"ID":6},{"utility":54,"ID":14}],[{"utility":56,"ID":9},{"utility":64,"ID":12}],[{"utility":0,"ID":20}],[{"utility":0,"ID":10}],[{"utility":66,"ID":16},{"utility":22,"ID":17}],[],[{"utility":20,"ID":3},{"utility":85,"ID":15}],[{"utility":20,"ID":2},{"utility":81,"ID":24}],[{"utility":70.33333333333333,"ID":4},{"utility":18.333333333333332,"ID":11},{"utility":48.333333333333336,"ID":23},{"utility":27,"ID":28}],[{"utility":58,"ID":7},{"utility":43,"ID":25}],[],[{"utility":32.666666666666664,"ID":8},{"utility":78.33333333333333,"ID":19},{"utility":67.33333333333333,"ID":21},{"utility":59.666666666666664,"ID":30}],[{"utility":42,"ID":18},{"utility":52,"ID":22},{"utility":7.5,"ID":29}],[],[],[],[],[],[],[],[],[],[],[],[],[],[],[],[]],"CORE :":false,"Relazioni :":870,"Time : ":0.1,"LAST PARTITION":{"22":17,"23":18,"24":12,"25":7,"26":3,"27":1,"28":8,"29":10,"30":13,"10":5,"11":9,"12":11,"13":4,"14":11,"15":9,"16":6,"17":6,"18":15,"19":13,"1":15,"2":3,"3":7,"4":18,"5":8,"6":12,"7":17,"8":16,"9":10,"20":16,"21":5}},{"Modalità dinamica :":true,"Q : ":2,"STARTING PARTITION: ":{"22":14,"23":10,"24":9,"25":11,"26":1,"27":1,"28":10,"29":14,"30":13,"10":5,"11":10,"12":3,"13":1,"14":2,"15":8,"16":6,"17":6,"18":14,"19":13,"1":2,"2":9,"3":8,"4":10,"5":2,"6":2,"7":11,"8":13,"9":3,"20":4,"21":13},"LAST COALITION":[[],[{"utility":70,"ID":13},{"utility":55,"ID":20}],[{"utility":19,"ID":8},{"utility":42,"ID":10}],[{"utility":0,"ID":7}],[{"utility":0,"ID":6}],[{"utility":0,"ID":15}],[{"utility":85,"ID":1},{"utility":86,"ID":9}],[{"utility":77,"ID":2},{"utility":99,"ID":11}],[{"utility":91,"ID":4},{"utility":94,"ID":23}],[{"utility":66,"ID":5},{"utility":74,"ID":24}],[{"utility":96,"ID":3},{"utility":78,"ID":25}],[{"utility":0,"ID":30}],[{"utility":1,"ID":12},{"utility":82,"ID":26}],[{"utility":97,"ID":16},{"utility":99,"ID":22}],[],[{"utility":0,"ID":18}],[{"utility":0,"ID":28}],[{"utility":72,"ID":17},{"utility":99,"ID":19}],[{"utility":88,"ID":14},{"utility":83,"ID":21}],[],[{"utility":45,"ID":27},{"utility":65,"ID":29}],[],[],[],[],[],[],[],[],[],[]],"STARTING COALITION: ":[[null],[{"utility":11.5,"ID":13},{"utility":24.5,"ID":26},{"utility":62.5,"ID":27}],[{"utility":29.333333333333332,"ID":1},{"utility":36.333333333333336,"ID":5},{"utility":66,"ID":6},{"utility":54,"ID":14}],[{"utility":56,"ID":9},{"utility":64,"ID":12}],[{"utility":0,"ID":20}],[{"utility":0,"ID":10}],[{"utility":66,"ID":16},{"utility":22,"ID":17}],[],[{"utility":20,"ID":3},{"utility":85,"ID":15}],[{"utility":20,"ID":2},{"utility":81,"ID":24}],[{"utility":70.33333333333333,"ID":4},{"utility":18.333333333333332,"ID":11},{"utility":48.333333333333336,"ID":23},{"utility":27,"ID":28}],[{"utility":58,"ID":7},{"utility":43,"ID":25}],[],[{"utility":32.666666666666664,"ID":8},{"utility":78.33333333333333,"ID":19},{"utility":67.33333333333333,"ID":21},{"utility":59.666666666666664,"ID":30}],[{"utility":42,"ID":18},{"utility":52,"ID":22},{"utility":7.5,"ID":29}],[],[],[],[],[],[],[],[],[],[],[],[],[],[],[],[]],"CORE :":false,"Relazioni :":870,"Time : ":0.1,"LAST PARTITION":{"22":13,"23":8,"24":9,"25":10,"26":12,"27":20,"28":16,"29":20,"30":11,"10":2,"11":7,"12":12,"13":1,"14":18,"15":5,"16":13,"17":17,"18":15,"19":17,"1":6,"2":7,"3":10,"4":8,"5":9,"6":4,"7":3,"8":2,"9":6,"20":1,"21":18}},{"Modalità dinamica :":true,"Q : ":3,"STARTING PARTITION: ":{"22":14,"23":10,"24":9,"25":11,"26":1,"27":1,"28":10,"29":14,"30":13,"10":5,"11":10,"12":3,"13":1,"14":2,"15":8,"16":6,"17":6,"18":14,"19":13,"1":2,"2":9,"3":8,"4":10,"5":2,"6":2,"7":11,"8":13,"9":3,"20":4,"21":13},"LAST COALITION":[[],[{"utility":43,"ID":5},{"utility":65,"ID":27}],[{"utility":71,"ID":3},{"utility":96,"ID":29}],[{"utility":80,"ID":1},{"utility":75,"ID":28}],[{"utility":0,"ID":11}],[{"utility":66.5,"ID":18},{"utility":62,"ID":20},{"utility":73,"ID":26}],[{"utility":72,"ID":17},{"utility":99,"ID":19}],[{"utility":23,"ID":8},{"utility":84,"ID":24}],[{"utility":97,"ID":16},{"utility":99,"ID":22}],[{"utility":50,"ID":6},{"utility":61,"ID":12}],[{"utility":88,"ID":15},{"utility":65,"ID":25}],[],[{"utility":88,"ID":14},{"utility":83,"ID":21}],[{"utility":53,"ID":7},{"utility":83,"ID":13}],[{"utility":6,"ID":2},{"utility":86,"ID":10}],[],[{"utility":91,"ID":4},{"utility":94,"ID":23}],[{"utility":90,"ID":9},{"utility":53,"ID":30}],[],[],[],[],[],[],[],[],[],[],[],[],[]],"STARTING COALITION: ":[[null],[{"utility":11.5,"ID":13},{"utility":24.5,"ID":26},{"utility":62.5,"ID":27}],[{"utility":29.333333333333332,"ID":1},{"utility":36.333333333333336,"ID":5},{"utility":66,"ID":6},{"utility":54,"ID":14}],[{"utility":56,"ID":9},{"utility":64,"ID":12}],[{"utility":0,"ID":20}],[{"utility":0,"ID":10}],[{"utility":66,"ID":16},{"utility":22,"ID":17}],[],[{"utility":20,"ID":3},{"utility":85,"ID":15}],[{"utility":20,"ID":2},{"utility":81,"ID":24}],[{"utility":70.33333333333333,"ID":4},{"utility":18.333333333333332,"ID":11},{"utility":48.333333333333336,"ID":23},{"utility":27,"ID":28}],[{"utility":58,"ID":7},{"utility":43,"ID":25}],[],[{"utility":32.666666666666664,"ID":8},{"utility":78.33333333333333,"ID":19},{"utility":67.33333333333333,"ID":21},{"utility":59.666666666666664,"ID":30}],[{"utility":42,"ID":18},{"utility":52,"ID":22},{"utility":7.5,"ID":29}],[],[],[],[],[],[],[],[],[],[],[],[],[],[],[],[]],"CORE :":false,"Relazioni :":870,"Time : ":0.1,"LAST PARTITION":{"22":8,"23":16,"24":7,"25":10,"26":5,"27":1,"28":3,"29":2,"30":17,"10":14,"11":4,"12":9,"13":13,"14":12,"15":10,"16":8,"17":6,"18":5,"19":6,"1":3,"2":14,"3":2,"4":16,"5":1,"6":9,"7":13,"8":7,"9":17,"20":5,"21":12}},{"Modalità dinamica :":true,"Q : ":4,"STARTING PARTITION: ":{"22":14,"23":10,"24":9,"25":11,"26":1,"27":1,"28":10,"29":14,"30":13,"10":5,"11":10,"12":3,"13":1,"14":2,"15":8,"16":6,"17":6,"18":14,"19":13,"1":2,"2":9,"3":8,"4":10,"5":2,"6":2,"7":11,"8":13,"9":3,"20":4,"21":13},"LAST COALITION":[[],[{"utility":83,"ID":4},{"utility":38,"ID":27}],[{"utility":78,"ID":2},{"utility":98,"ID":21}],[],[{"utility":0,"ID":14}],[{"utility":41,"ID":20},{"utility":86,"ID":26}],[{"utility":58,"ID":7},{"utility":43,"ID":25}],[{"utility":97,"ID":16},{"utility":99,"ID":22}],[{"utility":99,"ID":19},{"utility":87,"ID":30}],[{"utility":73,"ID":11},{"utility":94,"ID":17}],[{"utility":71.5,"ID":3},{"utility":25.5,"ID":6},{"utility":70,"ID":29}],[{"utility":38,"ID":10},{"utility":85,"ID":28}],[],[{"utility":57,"ID":8},{"utility":46,"ID":13}],[{"utility":73,"ID":5},{"utility":89,"ID":9}],[{"utility":28.5,"ID":12},{"utility":76.5,"ID":15},{"utility":86,"ID":18}],[{"utility":65,"ID":1},{"utility":76,"ID":24}],[{"utility":0,"ID":23}],[],[],[],[],[],[],[],[],[],[],[],[],[]],"STARTING COALITION: ":[[null],[{"utility":11.5,"ID":13},{"utility":24.5,"ID":26},{"utility":62.5,"ID":27}],[{"utility":29.333333333333332,"ID":1},{"utility":36.333333333333336,"ID":5},{"utility":66,"ID":6},{"utility":54,"ID":14}],[{"utility":56,"ID":9},{"utility":64,"ID":12}],[{"utility":0,"ID":20}],[{"utility":0,"ID":10}],[{"utility":66,"ID":16},{"utility":22,"ID":17}],[],[{"utility":20,"ID":3},{"utility":85,"ID":15}],[{"utility":20,"ID":2},{"utility":81,"ID":24}],[{"utility":70.33333333333333,"ID":4},{"utility":18.333333333333332,"ID":11},{"utility":48.333333333333336,"ID":23},{"utility":27,"ID":28}],[{"utility":58,"ID":7},{"utility":43,"ID":25}],[],[{"utility":32.666666666666664,"ID":8},{"utility":78.33333333333333,"ID":19},{"utility":67.33333333333333,"ID":21},{"utility":59.666666666666664,"ID":30}],[{"utility":42,"ID":18},{"utility":52,"ID":22},{"utility":7.5,"ID":29}],[],[],[],[],[],[],[],[],[],[],[],[],[],[],[],[]],"CORE :":false,"Relazioni :":870,"Time : ":0.1,"LAST PARTITION":{"22":7,"23":17,"24":16,"25":6,"26":5,"27":1,"28":11,"29":10,"30":8,"10":11,"11":9,"12":15,"13":13,"14":4,"15":15,"16":7,"17":9,"18":15,"19":8,"1":16,"2":2,"3":10,"4":1,"5":14,"6":10,"7":6,"8":13,"9":14,"20":5,"21":2}},{"Modalità dinamica :":true,"Q : ":5,"STARTING PARTITION: ":{"22":14,"23":10,"24":9,"25":11,"26":1,"27":1,"28":10,"29":14,"30":13,"10":5,"11":10,"12":3,"13":1,"14":2,"15":8,"16":6,"17":6,"18":14,"19":13,"1":2,"2":9,"3":8,"4":10,"5":2,"6":2,"7":11,"8":13,"9":3,"20":4,"21":13},"LAST COALITION":[[],[{"utility":96,"ID":5},{"utility":62,"ID":28}],[{"utility":83,"ID":17},{"utility":66,"ID":24}],[{"utility":79,"ID":14},{"utility":68,"ID":15}],[{"utility":0,"ID":9}],[{"utility":97,"ID":16},{"utility":99,"ID":22}],[{"utility":0,"ID":7}],[{"utility":96,"ID":3},{"utility":78,"ID":25}],[{"utility":0,"ID":27}],[{"utility":91,"ID":4},{"utility":94,"ID":23}],[{"utility":65,"ID":1},{"utility":60,"ID":8}],[],[{"utility":82,"ID":10},{"utility":97,"ID":11}],[{"utility":77,"ID":6},{"utility":92,"ID":19}],[{"utility":0,"ID":30}],[{"utility":78,"ID":2},{"utility":98,"ID":21}],[],[{"utility":41,"ID":20},{"utility":86,"ID":26}],[{"utility":74,"ID":13},{"utility":39,"ID":29}],[{"utility":0,"ID":12}],[{"utility":0,"ID":18}],[],[],[],[],[],[],[],[],[],[]],"STARTING COALITION: ":[[null],[{"utility":11.5,"ID":13},{"utility":24.5,"ID":26},{"utility":62.5,"ID":27}],[{"utility":29.333333333333332,"ID":1},{"utility":36.333333333333336,"ID":5},{"utility":66,"ID":6},{"utility":54,"ID":14}],[{"utility":56,"ID":9},{"utility":64,"ID":12}],[{"utility":0,"ID":20}],[{"utility":0,"ID":10}],[{"utility":66,"ID":16},{"utility":22,"ID":17}],[],[{"utility":20,"ID":3},{"utility":85,"ID":15}],[{"utility":20,"ID":2},{"utility":81,"ID":24}],[{"utility":70.33333333333333,"ID":4},{"utility":18.333333333333332,"ID":11},{"utility":48.333333333333336,"ID":23},{"utility":27,"ID":28}],[{"utility":58,"ID":7},{"utility":43,"ID":25}],[],[{"utility":32.666666666666664,"ID":8},{"utility":78.33333333333333,"ID":19},{"utility":67.33333333333333,"ID":21},{"utility":59.666666666666664,"ID":30}],[{"utility":42,"ID":18},{"utility":52,"ID":22},{"utility":7.5,"ID":29}],[],[],[],[],[],[],[],[],[],[],[],[],[],[],[],[]],"CORE :":false,"Relazioni :":870,"Time : ":0.1,"LAST PARTITION":{"22":5,"23":9,"24":2,"25":7,"26":17,"27":8,"28":1,"29":18,"30":14,"10":12,"11":12,"12":19,"13":18,"14":3,"15":3,"16":5,"17":2,"18":20,"19":13,"1":10,"2":15,"3":7,"4":9,"5":1,"6":13,"7":6,"8":10,"9":4,"20":17,"21":15}},{"Modalità dinamica :":true,"Q : ":6,"STARTING PARTITION: ":{"22":14,"23":10,"24":9,"25":11,"26":1,"27":1,"28":10,"29":14,"30":13,"10":5,"11":10,"12":3,"13":1,"14":2,"15":8,"16":6,"17":6,"18":14,"19":13,"1":2,"2":9,"3":8,"4":10,"5":2,"6":2,"7":11,"8":13,"9":3,"20":4,"21":13},"LAST COALITION":[[],[{"utility":0,"ID":5}],[{"utility":99,"ID":2},{"utility":46,"ID":16}],[{"utility":80,"ID":1},{"utility":75,"ID":28}],[{"utility":91,"ID":4},{"utility":94,"ID":23}],[{"utility":77,"ID":6},{"utility":92,"ID":19}],[{"utility":98,"ID":9},{"utility":77,"ID":29}],[{"utility":70,"ID":13},{"utility":59,"ID":22}],[{"utility":0,"ID":14}],[{"utility":0,"ID":12}],[{"utility":40,"ID":7},{"utility":97,"ID":11}],[{"utility":74,"ID":26},{"utility":97,"ID":30}],[{"utility":55,"ID":10},{"utility":44,"ID":27}],[{"utility":23,"ID":8},{"utility":84,"ID":24}],[{"utility":76,"ID":18},{"utility":83,"ID":20}],[{"utility":0,"ID":21}],[{"utility":87,"ID":15},{"utility":98,"ID":17}],[],[],[{"utility":96,"ID":3},{"utility":78,"ID":25}],[],[],[],[],[],[],[],[],[],[],[]],"STARTING COALITION: ":[[null],[{"utility":11.5,"ID":13},{"utility":24.5,"ID":26},{"utility":62.5,"ID":27}],[{"utility":29.333333333333332,"ID":1},{"utility":36.333333333333336,"ID":5},{"utility":66,"ID":6},{"utility":54,"ID":14}],[{"utility":56,"ID":9},{"utility":64,"ID":12}],[{"utility":0,"ID":20}],[{"utility":0,"ID":10}],[{"utility":66,"ID":16},{"utility":22,"ID":17}],[],[{"utility":20,"ID":3},{"utility":85,"ID":15}],[{"utility":20,"ID":2},{"utility":81,"ID":24}],[{"utility":70.33333333333333,"ID":4},{"utility":18.333333333333332,"ID":11},{"utility":48.333333333333336,"ID":23},{"utility":27,"ID":28}],[{"utility":58,"ID":7},{"utility":43,"ID":25}],[],[{"utility":32.666666666666664,"ID":8},{"utility":78.33333333333333,"ID":19},{"utility":67.33333333333333,"ID":21},{"utility":59.666666666666664,"ID":30}],[{"utility":42,"ID":18},{"utility":52,"ID":22},{"utility":7.5,"ID":29}],[],[],[],[],[],[],[],[],[],[],[],[],[],[],[],[]],"CORE :":false,"Relazioni :":870,"Time : ":0.1,"LAST PARTITION":{"22":7,"23":4,"24":13,"25":19,"26":11,"27":12,"28":3,"29":6,"30":11,"10":12,"11":10,"12":9,"13":7,"14":8,"15":16,"16":2,"17":16,"18":14,"19":5,"1":3,"2":2,"3":19,"4":4,"5":1,"6":5,"7":10,"8":13,"9":6,"20":14,"21":15}},{"Modalità dinamica :":true,"Q : ":7,"STARTING PARTITION: ":{"22":14,"23":10,"24":9,"25":11,"26":1,"27":1,"28":10,"29":14,"30":13,"10":5,"11":10,"12":3,"13":1,"14":2,"15":8,"16":6,"17":6,"18":14,"19":13,"1":2,"2":9,"3":8,"4":10,"5":2,"6":2,"7":11,"8":13,"9":3,"20":4,"21":13},"LAST COALITION":[[],[{"utility":91,"ID":4},{"utility":94,"ID":23}],[{"utility":0,"ID":18}],[{"utility":77,"ID":6},{"utility":92,"ID":19}],[{"utility":78,"ID":2},{"utility":98,"ID":21}],[{"utility":96,"ID":5},{"utility":62,"ID":28}],[{"utility":93,"ID":12},{"utility":54,"ID":14}],[{"utility":0,"ID":30}],[{"utility":54,"ID":3},{"utility":95,"ID":26}],[{"utility":65,"ID":1},{"utility":76,"ID":24}],[{"utility":0,"ID":7}],[{"utility":87,"ID":15},{"utility":98,"ID":17}],[{"utility":0,"ID":27}],[{"utility":97,"ID":16},{"utility":99,"ID":22}],[{"utility":87,"ID":8},{"utility":32,"ID":29}],[{"utility":82,"ID":10},{"utility":97,"ID":11}],[],[{"utility":70,"ID":13},{"utility":55,"ID":20}],[{"utility":27,"ID":9},{"utility":73,"ID":25}],[],[],[],[],[],[],[],[],[],[],[],[]],"STARTING COALITION: ":[[null],[{"utility":11.5,"ID":13},{"utility":24.5,"ID":26},{"utility":62.5,"ID":27}],[{"utility":29.333333333333332,"ID":1},{"utility":36.333333333333336,"ID":5},{"utility":66,"ID":6},{"utility":54,"ID":14}],[{"utility":56,"ID":9},{"utility":64,"ID":12}],[{"utility":0,"ID":20}],[{"utility":0,"ID":10}],[{"utility":66,"ID":16},{"utility":22,"ID":17}],[],[{"utility":20,"ID":3},{"utility":85,"ID":15}],[{"utility":20,"ID":2},{"utility":81,"ID":24}],[{"utility":70.33333333333333,"ID":4},{"utility":18.333333333333332,"ID":11},{"utility":48.333333333333336,"ID":23},{"utility":27,"ID":28}],[{"utility":58,"ID":7},{"utility":43,"ID":25}],[],[{"utility":32.666666666666664,"ID":8},{"utility":78.33333333333333,"ID":19},{"utility":67.33333333333333,"ID":21},{"utility":59.666666666666664,"ID":30}],[{"utility":42,"ID":18},{"utility":52,"ID":22},{"utility":7.5,"ID":29}],[],[],[],[],[],[],[],[],[],[],[],[],[],[],[],[]],"CORE :":false,"Relazioni :":870,"Time : ":0.1,"LAST PARTITION":{"22":13,"23":1,"24":9,"25":18,"26":8,"27":12,"28":5,"29":14,"30":7,"10":15,"11":15,"12":6,"13":17,"14":6,"15":11,"16":13,"17":11,"18":2,"19":3,"1":9,"2":4,"3":8,"4":1,"5":5,"6":3,"7":10,"8":14,"9":18,"20":17,"21":4}},{"Modalità dinamica :":true,"Q : ":8,"STARTING PARTITION: ":{"22":14,"23":10,"24":9,"25":11,"26":1,"27":1,"28":10,"29":14,"30":13,"10":5,"11":10,"12":3,"13":1,"14":2,"15":8,"16":6,"17":6,"18":14,"19":13,"1":2,"2":9,"3":8,"4":10,"5":2,"6":2,"7":11,"8":13,"9":3,"20":4,"21":13},"LAST COALITION":[[],[{"utility":73,"ID":11},{"utility":94,"ID":17}],[{"utility":91,"ID":4},{"utility":94,"ID":23}],[{"utility":53,"ID":7},{"utility":64,"ID":14}],[{"utility":86,"ID":10},{"utility":73,"ID":21}],[],[{"utility":99,"ID":6},{"utility":65,"ID":24}],[{"utility":97,"ID":16},{"utility":99,"ID":22}],[{"utility":68,"ID":12},{"utility":70,"ID":19}],[{"utility":65,"ID":1},{"utility":60,"ID":8}],[{"utility":96,"ID":3},{"utility":78,"ID":25}],[{"utility":98,"ID":9},{"utility":77,"ID":29}],[{"utility":0,"ID":27}],[{"utility":0,"ID":2}],[{"utility":76,"ID":18},{"utility":83,"ID":20}],[{"utility":63,"ID":13},{"utility":95,"ID":28}],[],[{"utility":74,"ID":26},{"utility":97,"ID":30}],[],[{"utility":93,"ID":5},{"utility":41,"ID":15}],[],[],[],[],[],[],[],[],[],[],[]],"STARTING COALITION: ":[[null],[{"utility":11.5,"ID":13},{"utility":24.5,"ID":26},{"utility":62.5,"ID":27}],[{"utility":29.333333333333332,"ID":1},{"utility":36.333333333333336,"ID":5},{"utility":66,"ID":6},{"utility":54,"ID":14}],[{"utility":56,"ID":9},{"utility":64,"ID":12}],[{"utility":0,"ID":20}],[{"utility":0,"ID":10}],[{"utility":66,"ID":16},{"utility":22,"ID":17}],[],[{"utility":20,"ID":3},{"utility":85,"ID":15}],[{"utility":20,"ID":2},{"utility":81,"ID":24}],[{"utility":70.33333333333333,"ID":4},{"utility":18.333333333333332,"ID":11},{"utility":48.333333333333336,"ID":23},{"utility":27,"ID":28}],[{"utility":58,"ID":7},{"utility":43,"ID":25}],[],[{"utility":32.666666666666664,"ID":8},{"utility":78.33333333333333,"ID":19},{"utility":67.33333333333333,"ID":21},{"utility":59.666666666666664,"ID":30}],[{"utility":42,"ID":18},{"utility":52,"ID":22},{"utility":7.5,"ID":29}],[],[],[],[],[],[],[],[],[],[],[],[],[],[],[],[]],"CORE :":false,"Relazioni :":870,"Time : ":0.1,"LAST PARTITION":{"22":7,"23":2,"24":6,"25":10,"26":17,"27":12,"28":15,"29":11,"30":17,"10":4,"11":1,"12":8,"13":15,"14":3,"15":19,"16":7,"17":1,"18":14,"19":8,"1":9,"2":13,"3":10,"4":2,"5":19,"6":6,"7":3,"8":9,"9":11,"20":14,"21":4}},{"Modalità dinamica :":true,"Q : ":9,"STARTING PARTITION: ":{"22":14,"23":10,"24":9,"25":11,"26":1,"27":1,"28":10,"29":14,"30":13,"10":5,"11":10,"12":3,"13":1,"14":2,"15":8,"16":6,"17":6,"18":14,"19":13,"1":2,"2":9,"3":8,"4":10,"5":2,"6":2,"7":11,"8":13,"9":3,"20":4,"21":13},"LAST COALITION":[[],[{"utility":80,"ID":7},{"utility":13,"ID":8}],[{"utility":0,"ID":5}],[{"utility":0,"ID":13}],[{"utility":76,"ID":18},{"utility":83,"ID":20}],[{"utility":96,"ID":3},{"utility":78,"ID":25}],[{"utility":87,"ID":15},{"utility":98,"ID":17}],[{"utility":77,"ID":6},{"utility":92,"ID":19}],[{"utility":80,"ID":1},{"utility":75,"ID":28}],[],[{"utility":91,"ID":2},{"utility":56,"ID":12}],[{"utility":98,"ID":9},{"utility":77,"ID":29}],[{"utility":88,"ID":14},{"utility":83,"ID":21}],[],[{"utility":73,"ID":24},{"utility":92,"ID":27}],[{"utility":97,"ID":16},{"utility":99,"ID":22}],[{"utility":82,"ID":10},{"utility":97,"ID":11}],[],[{"utility":74,"ID":26},{"utility":97,"ID":30}],[{"utility":91,"ID":4},{"utility":94,"ID":23}],[],[],[],[],[],[],[],[],[],[],[]],"STARTING COALITION: ":[[null],[{"utility":11.5,"ID":13},{"utility":24.5,"ID":26},{"utility":62.5,"ID":27}],[{"utility":29.333333333333332,"ID":1},{"utility":36.333333333333336,"ID":5},{"utility":66,"ID":6},{"utility":54,"ID":14}],[{"utility":56,"ID":9},{"utility":64,"ID":12}],[{"utility":0,"ID":20}],[{"utility":0,"ID":10}],[{"utility":66,"ID":16},{"utility":22,"ID":17}],[],[{"utility":20,"ID":3},{"utility":85,"ID":15}],[{"utility":20,"ID":2},{"utility":81,"ID":24}],[{"utility":70.33333333333333,"ID":4},{"utility":18.333333333333332,"ID":11},{"utility":48.333333333333336,"ID":23},{"utility":27,"ID":28}],[{"utility":58,"ID":7},{"utility":43,"ID":25}],[],[{"utility":32.666666666666664,"ID":8},{"utility":78.33333333333333,"ID":19},{"utility":67.33333333333333,"ID":21},{"utility":59.666666666666664,"ID":30}],[{"utility":42,"ID":18},{"utility":52,"ID":22},{"utility":7.5,"ID":29}],[],[],[],[],[],[],[],[],[],[],[],[],[],[],[],[]],"CORE :":false,"Relazioni :":870,"Time : ":0.1,"LAST PARTITION":{"22":15,"23":19,"24":14,"25":5,"26":18,"27":14,"28":8,"29":11,"30":18,"10":16,"11":16,"12":10,"13":3,"14":12,"15":6,"16":15,"17":6,"18":4,"19":7,"1":8,"2":10,"3":5,"4":19,"5":2,"6":7,"7":1,"8":1,"9":11,"20":4,"21":12}},{"Modalità dinamica :":true,"Q : ":10,"STARTING PARTITION: ":{"22":14,"23":10,"24":9,"25":11,"26":1,"27":1,"28":10,"29":14,"30":13,"10":5,"11":10,"12":3,"13":1,"14":2,"15":8,"16":6,"17":6,"18":14,"19":13,"1":2,"2":9,"3":8,"4":10,"5":2,"6":2,"7":11,"8":13,"9":3,"20":4,"21":13},"LAST COALITION":[[],[{"utility":63,"ID":13},{"utility":95,"ID":28}],[{"utility":0,"ID":10}],[{"utility":75,"ID":3},{"utility":65.5,"ID":25},{"utility":96,"ID":26}],[{"utility":0,"ID":12}],[{"utility":0,"ID":15}],[{"utility":0,"ID":17}],[{"utility":77,"ID":6},{"utility":92,"ID":19}],[{"utility":0,"ID":11}],[{"utility":73,"ID":5},{"utility":89,"ID":9}],[{"utility":0,"ID":20}],[{"utility":0,"ID":18}],[{"utility":98,"ID":2},{"utility":20,"ID":29}],[{"utility":88,"ID":14},{"utility":83,"ID":21}],[{"utility":91,"ID":4},{"utility":94,"ID":23}],[{"utility":97,"ID":16},{"utility":99,"ID":22}],[{"utility":7,"ID":7},{"utility":50,"ID":30}],[],[{"utility":62,"ID":1},{"utility":28,"ID":8},{"utility":77.66666666666667,"ID":24},{"utility":70,"ID":27}],[],[],[],[],[],[],[],[],[],[],[],[]],"STARTING COALITION: ":[[null],[{"utility":11.5,"ID":13},{"utility":24.5,"ID":26},{"utility":62.5,"ID":27}],[{"utility":29.333333333333332,"ID":1},{"utility":36.333333333333336,"ID":5},{"utility":66,"ID":6},{"utility":54,"ID":14}],[{"utility":56,"ID":9},{"utility":64,"ID":12}],[{"utility":0,"ID":20}],[{"utility":0,"ID":10}],[{"utility":66,"ID":16},{"utility":22,"ID":17}],[],[{"utility":20,"ID":3},{"utility":85,"ID":15}],[{"utility":20,"ID":2},{"utility":81,"ID":24}],[{"utility":70.33333333333333,"ID":4},{"utility":18.333333333333332,"ID":11},{"utility":48.333333333333336,"ID":23},{"utility":27,"ID":28}],[{"utility":58,"ID":7},{"utility":43,"ID":25}],[],[{"utility":32.666666666666664,"ID":8},{"utility":78.33333333333333,"ID":19},{"utility":67.33333333333333,"ID":21},{"utility":59.666666666666664,"ID":30}],[{"utility":42,"ID":18},{"utility":52,"ID":22},{"utility":7.5,"ID":29}],[],[],[],[],[],[],[],[],[],[],[],[],[],[],[],[]],"CORE :":false,"Relazioni :":870,"Time : ":0.1,"LAST PARTITION":{"22":15,"23":14,"24":18,"25":3,"26":3,"27":18,"28":1,"29":12,"30":16,"10":2,"11":8,"12":4,"13":1,"14":13,"15":5,"16":15,"17":6,"18":11,"19":7,"1":18,"2":12,"3":3,"4":14,"5":9,"6":7,"7":16,"8":18,"9":9,"20":10,"21":13}},{"END OF FILE:" : true}]