[{"Modalità dinamica :":false,"Q : ":2,"STARTING PARTITION: ":{"22":4,"23":11,"24":6,"25":6,"26":13,"27":14,"28":10,"29":5,"30":10,"10":5,"11":14,"12":14,"13":2,"14":1,"15":9,"16":13,"17":15,"18":5,"19":7,"1":7,"2":2,"3":5,"4":14,"5":13,"6":1,"7":12,"8":12,"9":9,"20":8,"21":14},"LAST COALITION":[[],[{"utility":98,"ID":7},{"utility":78,"ID":18}],[{"utility":0,"ID":13}],[{"utility":0,"ID":30}],[{"utility":0,"ID":8}],[{"utility":0,"ID":29}],[{"utility":36,"ID":24},{"utility":25,"ID":25}],[{"utility":0,"ID":19}],[{"utility":0,"ID":14}],[{"utility":0,"ID":15}],[{"utility":92,"ID":2},{"utility":35,"ID":11}],[{"utility":0,"ID":23}],[{"utility":0,"ID":22}],[{"utility":72,"ID":16},{"utility":47,"ID":26}],[{"utility":0,"ID":27}],[{"utility":97,"ID":4},{"utility":5,"ID":20}],[{"utility":92,"ID":1},{"utility":58,"ID":28}],[{"utility":96,"ID":6},{"utility":57,"ID":12}],[{"utility":0,"ID":17}],[],[{"utility":97,"ID":3},{"utility":33,"ID":10}],[{"utility":0,"ID":21}],[{"utility":0,"ID":9}],[{"utility":0,"ID":5}],[],[],[],[],[],[],[]],"STARTING COALITION: ":[[null],[{"utility":52,"ID":6},{"utility":68,"ID":14}],[{"utility":84,"ID":2},{"utility":53,"ID":13}],[],[{"utility":0,"ID":22}],[{"utility":53,"ID":3},{"utility":27.666666666666668,"ID":10},{"utility":39,"ID":18},{"utility":22.666666666666668,"ID":29}],[{"utility":36,"ID":24},{"utility":25,"ID":25}],[{"utility":78,"ID":1},{"utility":53,"ID":19}],[{"utility":0,"ID":20}],[{"utility":41,"ID":9},{"utility":35,"ID":15}],[{"utility":22,"ID":28},{"utility":86,"ID":30}],[{"utility":0,"ID":23}],[{"utility":61,"ID":7},{"utility":2,"ID":8}],[{"utility":53,"ID":5},{"utility":40.5,"ID":16},{"utility":26.5,"ID":26}],[{"utility":62.25,"ID":4},{"utility":61.5,"ID":11},{"utility":50.5,"ID":12},{"utility":47,"ID":21},{"utility":54.75,"ID":27}],[{"utility":0,"ID":17}],[],[],[],[],[],[],[],[],[],[],[],[],[],[],[]],"CORE :":false,"Relazioni :":870,"Time : ":0.1,"LAST PARTITION":{"22":12,"23":11,"24":6,"25":6,"26":13,"27":14,"28":16,"29":5,"30":3,"10":20,"11":10,"12":17,"13":2,"14":8,"15":9,"16":13,"17":18,"18":1,"19":7,"1":16,"2":10,"3":20,"4":15,"5":23,"6":17,"7":1,"8":4,"9":22,"20":15,"21":21}},{"Modalità dinamica :":false,"Q : ":3,"STARTING PARTITION: ":{"22":4,"23":11,"24":6,"25":6,"26":13,"27":14,"28":10,"29":5,"30":10,"10":5,"11":14,"12":14,"13":2,"14":1,"15":9,"16":13,"17":15,"18":5,"19":7,"1":7,"2":2,"3":5,"4":14,"5":13,"6":1,"7":12,"8":12,"9":9,"20":8,"21":14},"LAST COALITION":[[],[{"utility":98,"ID":7},{"utility":78,"ID":18}],[{"utility":0,"ID":13}],[{"utility":0,"ID":30}],[{"utility":0,"ID":8}],[{"utility":0,"ID":29}],[{"utility":36,"ID":24},{"utility":25,"ID":25}],[{"utility":0,"ID":19}],[{"utility":0,"ID":14}],[{"utility":0,"ID":15}],[],[{"utility":0,"ID":23}],[{"utility":0,"ID":22}],[{"utility":72,"ID":16},{"utility":47,"ID":26}],[{"utility":0,"ID":27}],[{"utility":97,"ID":4},{"utility":5,"ID":20}],[{"utility":92,"ID":1},{"utility":58,"ID":28}],[{"utility":96,"ID":6},{"utility":57,"ID":12}],[{"utility":0,"ID":17}],[{"utility":0,"ID":11}],[{"utility":97,"ID":3},{"utility":33,"ID":10}],[{"utility":0,"ID":21}],[{"utility":76,"ID":2},{"utility":82,"ID":9}],[{"utility":0,"ID":5}],[],[],[],[],[],[],[]],"STARTING COALITION: ":[[null],[{"utility":52,"ID":6},{"utility":68,"ID":14}],[{"utility":84,"ID":2},{"utility":53,"ID":13}],[],[{"utility":0,"ID":22}],[{"utility":53,"ID":3},{"utility":27.666666666666668,"ID":10},{"utility":39,"ID":18},{"utility":22.666666666666668,"ID":29}],[{"utility":36,"ID":24},{"utility":25,"ID":25}],[{"utility":78,"ID":1},{"utility":53,"ID":19}],[{"utility":0,"ID":20}],[{"utility":41,"ID":9},{"utility":35,"ID":15}],[{"utility":22,"ID":28},{"utility":86,"ID":30}],[{"utility":0,"ID":23}],[{"utility":61,"ID":7},{"utility":2,"ID":8}],[{"utility":53,"ID":5},{"utility":40.5,"ID":16},{"utility":26.5,"ID":26}],[{"utility":62.25,"ID":4},{"utility":61.5,"ID":11},{"utility":50.5,"ID":12},{"utility":47,"ID":21},{"utility":54.75,"ID":27}],[{"utility":0,"ID":17}],[],[],[],[],[],[],[],[],[],[],[],[],[],[],[]],"CORE :":false,"Relazioni :":870,"Time : ":0.1,"LAST PARTITION":{"22":12,"23":11,"24":6,"25":6,"26":13,"27":14,"28":16,"29":5,"30":3,"10":20,"11":19,"12":17,"13":2,"14":8,"15":9,"16":13,"17":18,"18":1,"19":7,"1":16,"2":22,"3":20,"4":15,"5":23,"6":17,"7":1,"8":4,"9":22,"20":15,"21":21}},{"Modalità dinamica :":false,"Q : ":4,"STARTING PARTITION: ":{"22":4,"23":11,"24":6,"25":6,"26":13,"27":14,"28":10,"29":5,"30":10,"10":5,"11":14,"12":14,"13":2,"14":1,"15":9,"16":13,"17":15,"18":5,"19":7,"1":7,"2":2,"3":5,"4":14,"5":13,"6":1,"7":12,"8":12,"9":9,"20":8,"21":14},"LAST COALITION":[[],[{"utility":78,"ID":18},{"utility":98,"ID":7}],[{"utility":0,"ID":13}],[{"utility":0,"ID":30}],[],[{"utility":0,"ID":29}],[{"utility":36,"ID":24},{"utility":25,"ID":25}],[{"utility":0,"ID":19}],[{"utility":0,"ID":14}],[{"utility":0,"ID":15}],[{"utility":92,"ID":2},{"utility":35,"ID":11}],[{"utility":0,"ID":23}],[{"utility":0,"ID":22}],[{"utility":72,"ID":16},{"utility":47,"ID":26}],[{"utility":0,"ID":27}],[{"utility":97,"ID":4},{"utility":5,"ID":20}],[{"utility":92,"ID":1},{"utility":58,"ID":28}],[{"utility":96,"ID":6},{"utility":57,"ID":12}],[{"utility":0,"ID":17}],[{"utility":19,"ID":5},{"utility":92,"ID":8}],[{"utility":97,"ID":3},{"utility":33,"ID":10}],[{"utility":0,"ID":21}],[{"utility":0,"ID":9}],[],[],[],[],[],[],[],[]],"STARTING COALITION: ":[[null],[{"utility":52,"ID":6},{"utility":68,"ID":14}],[{"utility":84,"ID":2},{"utility":53,"ID":13}],[],[{"utility":0,"ID":22}],[{"utility":53,"ID":3},{"utility":27.666666666666668,"ID":10},{"utility":39,"ID":18},{"utility":22.666666666666668,"ID":29}],[{"utility":36,"ID":24},{"utility":25,"ID":25}],[{"utility":78,"ID":1},{"utility":53,"ID":19}],[{"utility":0,"ID":20}],[{"utility":41,"ID":9},{"utility":35,"ID":15}],[{"utility":22,"ID":28},{"utility":86,"ID":30}],[{"utility":0,"ID":23}],[{"utility":61,"ID":7},{"utility":2,"ID":8}],[{"utility":53,"ID":5},{"utility":40.5,"ID":16},{"utility":26.5,"ID":26}],[{"utility":62.25,"ID":4},{"utility":61.5,"ID":11},{"utility":50.5,"ID":12},{"utility":47,"ID":21},{"utility":54.75,"ID":27}],[{"utility":0,"ID":17}],[],[],[],[],[],[],[],[],[],[],[],[],[],[],[]],"CORE :":false,"Relazioni :":870,"Time : ":0.1,"LAST PARTITION":{"22":12,"23":11,"24":6,"25":6,"26":13,"27":14,"28":16,"29":5,"30":3,"10":20,"11":10,"12":17,"13":2,"14":8,"15":9,"16":13,"17":18,"18":1,"19":7,"1":16,"2":10,"3":20,"4":15,"5":19,"6":17,"7":1,"8":19,"9":22,"20":15,"21":21}},{"Modalità dinamica :":false,"Q : ":5,"STARTING PARTITION: ":{"22":4,"23":11,"24":6,"25":6,"26":13,"27":14,"28":10,"29":5,"30":10,"10":5,"11":14,"12":14,"13":2,"14":1,"15":9,"16":13,"17":15,"18":5,"19":7,"1":7,"2":2,"3":5,"4":14,"5":13,"6":1,"7":12,"8":12,"9":9,"20":8,"21":14},"LAST COALITION":[[],[{"utility":78,"ID":18},{"utility":98,"ID":7}],[{"utility":0,"ID":13}],[{"utility":0,"ID":30}],[{"utility":92,"ID":2},{"utility":35,"ID":11}],[{"utility":0,"ID":29}],[{"utility":36,"ID":24},{"utility":25,"ID":25}],[{"utility":0,"ID":19}],[{"utility":0,"ID":14}],[{"utility":0,"ID":15}],[{"utility":27,"ID":5},{"utility":60,"ID":9}],[{"utility":0,"ID":23}],[{"utility":0,"ID":22}],[{"utility":72,"ID":16},{"utility":47,"ID":26}],[{"utility":0,"ID":27}],[{"utility":97,"ID":4},{"utility":5,"ID":20}],[{"utility":92,"ID":1},{"utility":58,"ID":28}],[{"utility":96,"ID":6},{"utility":57,"ID":12}],[{"utility":0,"ID":17}],[],[{"utility":97,"ID":3},{"utility":33,"ID":10}],[{"utility":0,"ID":21}],[{"utility":0,"ID":8}],[],[],[],[],[],[],[],[]],"STARTING COALITION: ":[[null],[{"utility":52,"ID":6},{"utility":68,"ID":14}],[{"utility":84,"ID":2},{"utility":53,"ID":13}],[],[{"utility":0,"ID":22}],[{"utility":53,"ID":3},{"utility":27.666666666666668,"ID":10},{"utility":39,"ID":18},{"utility":22.666666666666668,"ID":29}],[{"utility":36,"ID":24},{"utility":25,"ID":25}],[{"utility":78,"ID":1},{"utility":53,"ID":19}],[{"utility":0,"ID":20}],[{"utility":41,"ID":9},{"utility":35,"ID":15}],[{"utility":22,"ID":28},{"utility":86,"ID":30}],[{"utility":0,"ID":23}],[{"utility":61,"ID":7},{"utility":2,"ID":8}],[{"utility":53,"ID":5},{"utility":40.5,"ID":16},{"utility":26.5,"ID":26}],[{"utility":62.25,"ID":4},{"utility":61.5,"ID":11},{"utility":50.5,"ID":12},{"utility":47,"ID":21},{"utility":54.75,"ID":27}],[{"utility":0,"ID":17}],[],[],[],[],[],[],[],[],[],[],[],[],[],[],[]],"CORE :":false,"Relazioni :":870,"Time : ":0.1,"LAST PARTITION":{"22":12,"23":11,"24":6,"25":6,"26":13,"27":14,"28":16,"29":5,"30":3,"10":20,"11":4,"12":17,"13":2,"14":8,"15":9,"16":13,"17":18,"18":1,"19":7,"1":16,"2":4,"3":20,"4":15,"5":10,"6":17,"7":1,"8":22,"9":10,"20":15,"21":21}},{"Modalità dinamica :":false,"Q : ":6,"STARTING PARTITION: ":{"22":4,"23":11,"24":6,"25":6,"26":13,"27":14,"28":10,"29":5,"30":10,"10":5,"11":14,"12":14,"13":2,"14":1,"15":9,"16":13,"17":15,"18":5,"19":7,"1":7,"2":2,"3":5,"4":14,"5":13,"6":1,"7":12,"8":12,"9":9,"20":8,"21":14},"LAST COALITION":[[],[{"utility":78,"ID":18},{"utility":98,"ID":7}],[{"utility":0,"ID":13}],[{"utility":0,"ID":30}],[{"utility":0,"ID":2}],[{"utility":0,"ID":29}],[{"utility":36,"ID":24},{"utility":25,"ID":25}],[{"utility":0,"ID":19}],[{"utility":0,"ID":14}],[{"utility":0,"ID":15}],[{"utility":0,"ID":9}],[{"utility":0,"ID":23}],[{"utility":0,"ID":22}],[{"utility":72,"ID":16},{"utility":47,"ID":26}],[{"utility":0,"ID":27}],[{"utility":97,"ID":4},{"utility":5,"ID":20}],[{"utility":92,"ID":1},{"utility":58,"ID":28}],[{"utility":96,"ID":6},{"utility":57,"ID":12}],[{"utility":0,"ID":17}],[{"utility":70,"ID":5},{"utility":66,"ID":11}],[{"utility":97,"ID":3},{"utility":33,"ID":10}],[{"utility":0,"ID":21}],[{"utility":0,"ID":8}],[],[],[],[],[],[],[],[]],"STARTING COALITION: ":[[null],[{"utility":52,"ID":6},{"utility":68,"ID":14}],[{"utility":84,"ID":2},{"utility":53,"ID":13}],[],[{"utility":0,"ID":22}],[{"utility":53,"ID":3},{"utility":27.666666666666668,"ID":10},{"utility":39,"ID":18},{"utility":22.666666666666668,"ID":29}],[{"utility":36,"ID":24},{"utility":25,"ID":25}],[{"utility":78,"ID":1},{"utility":53,"ID":19}],[{"utility":0,"ID":20}],[{"utility":41,"ID":9},{"utility":35,"ID":15}],[{"utility":22,"ID":28},{"utility":86,"ID":30}],[{"utility":0,"ID":23}],[{"utility":61,"ID":7},{"utility":2,"ID":8}],[{"utility":53,"ID":5},{"utility":40.5,"ID":16},{"utility":26.5,"ID":26}],[{"utility":62.25,"ID":4},{"utility":61.5,"ID":11},{"utility":50.5,"ID":12},{"utility":47,"ID":21},{"utility":54.75,"ID":27}],[{"utility":0,"ID":17}],[],[],[],[],[],[],[],[],[],[],[],[],[],[],[]],"CORE :":false,"Relazioni :":870,"Time : ":0.1,"LAST PARTITION":{"22":12,"23":11,"24":6,"25":6,"26":13,"27":14,"28":16,"29":5,"30":3,"10":20,"11":19,"12":17,"13":2,"14":8,"15":9,"16":13,"17":18,"18":1,"19":7,"1":16,"2":4,"3":20,"4":15,"5":19,"6":17,"7":1,"8":22,"9":10,"20":15,"21":21}},{"Modalità dinamica :":false,"Q : ":7,"STARTING PARTITION: ":{"22":4,"23":11,"24":6,"25":6,"26":13,"27":14,"28":10,"29":5,"30":10,"10":5,"11":14,"12":14,"13":2,"14":1,"15":9,"16":13,"17":15,"18":5,"19":7,"1":7,"2":2,"3":5,"4":14,"5":13,"6":1,"7":12,"8":12,"9":9,"20":8,"21":14},"LAST COALITION":[[],[{"utility":78,"ID":18},{"utility":98,"ID":7}],[{"utility":0,"ID":13}],[{"utility":0,"ID":30}],[{"utility":0,"ID":9}],[{"utility":0,"ID":29}],[{"utility":36,"ID":24},{"utility":25,"ID":25}],[{"utility":0,"ID":19}],[{"utility":0,"ID":14}],[{"utility":0,"ID":15}],[{"utility":0,"ID":2}],[{"utility":0,"ID":23}],[{"utility":0,"ID":22}],[{"utility":72,"ID":16},{"utility":47,"ID":26}],[{"utility":0,"ID":27}],[{"utility":97,"ID":4},{"utility":5,"ID":20}],[{"utility":92,"ID":1},{"utility":58,"ID":28}],[{"utility":96,"ID":6},{"utility":57,"ID":12}],[{"utility":0,"ID":17}],[{"utility":0,"ID":8}],[{"utility":97,"ID":3},{"utility":33,"ID":10}],[{"utility":0,"ID":21}],[{"utility":70,"ID":5},{"utility":66,"ID":11}],[],[],[],[],[],[],[],[]],"STARTING COALITION: ":[[null],[{"utility":52,"ID":6},{"utility":68,"ID":14}],[{"utility":84,"ID":2},{"utility":53,"ID":13}],[],[{"utility":0,"ID":22}],[{"utility":53,"ID":3},{"utility":27.666666666666668,"ID":10},{"utility":39,"ID":18},{"utility":22.666666666666668,"ID":29}],[{"utility":36,"ID":24},{"utility":25,"ID":25}],[{"utility":78,"ID":1},{"utility":53,"ID":19}],[{"utility":0,"ID":20}],[{"utility":41,"ID":9},{"utility":35,"ID":15}],[{"utility":22,"ID":28},{"utility":86,"ID":30}],[{"utility":0,"ID":23}],[{"utility":61,"ID":7},{"utility":2,"ID":8}],[{"utility":53,"ID":5},{"utility":40.5,"ID":16},{"utility":26.5,"ID":26}],[{"utility":62.25,"ID":4},{"utility":61.5,"ID":11},{"utility":50.5,"ID":12},{"utility":47,"ID":21},{"utility":54.75,"ID":27}],[{"utility":0,"ID":17}],[],[],[],[],[],[],[],[],[],[],[],[],[],[],[]],"CORE :":false,"Relazioni :":870,"Time : ":0.1,"LAST PARTITION":{"22":12,"23":11,"24":6,"25":6,"26":13,"27":14,"28":16,"29":5,"30":3,"10":20,"11":22,"12":17,"13":2,"14":8,"15":9,"16":13,"17":18,"18":1,"19":7,"1":16,"2":10,"3":20,"4":15,"5":22,"6":17,"7":1,"8":19,"9":4,"20":15,"21":21}},{"Modalità dinamica :":false,"Q : ":8,"STARTING PARTITION: ":{"22":4,"23":11,"24":6,"25":6,"26":13,"27":14,"28":10,"29":5,"30":10,"10":5,"11":14,"12":14,"13":2,"14":1,"15":9,"16":13,"17":15,"18":5,"19":7,"1":7,"2":2,"3":5,"4":14,"5":13,"6":1,"7":12,"8":12,"9":9,"20":8,"21":14},"LAST COALITION":[[],[{"utility":78,"ID":18},{"utility":98,"ID":7}],[{"utility":0,"ID":13}],[{"utility":0,"ID":30}],[{"utility":92,"ID":2},{"utility":35,"ID":11}],[{"utility":0,"ID":29}],[{"utility":36,"ID":24},{"utility":25,"ID":25}],[{"utility":0,"ID":19}],[{"utility":0,"ID":14}],[{"utility":0,"ID":15}],[{"utility":27,"ID":5},{"utility":60,"ID":9}],[{"utility":0,"ID":23}],[{"utility":0,"ID":22}],[{"utility":72,"ID":16},{"utility":47,"ID":26}],[{"utility":0,"ID":27}],[{"utility":97,"ID":4},{"utility":5,"ID":20}],[{"utility":92,"ID":1},{"utility":58,"ID":28}],[{"utility":96,"ID":6},{"utility":57,"ID":12}],[{"utility":0,"ID":17}],[],[{"utility":97,"ID":3},{"utility":33,"ID":10}],[{"utility":0,"ID":21}],[{"utility":0,"ID":8}],[],[],[],[],[],[],[],[]],"STARTING COALITION: ":[[null],[{"utility":52,"ID":6},{"utility":68,"ID":14}],[{"utility":84,"ID":2},{"utility":53,"ID":13}],[],[{"utility":0,"ID":22}],[{"utility":53,"ID":3},{"utility":27.666666666666668,"ID":10},{"utility":39,"ID":18},{"utility":22.666666666666668,"ID":29}],[{"utility":36,"ID":24},{"utility":25,"ID":25}],[{"utility":78,"ID":1},{"utility":53,"ID":19}],[{"utility":0,"ID":20}],[{"utility":41,"ID":9},{"utility":35,"ID":15}],[{"utility":22,"ID":28},{"utility":86,"ID":30}],[{"utility":0,"ID":23}],[{"utility":61,"ID":7},{"utility":2,"ID":8}],[{"utility":53,"ID":5},{"utility":40.5,"ID":16},{"utility":26.5,"ID":26}],[{"utility":62.25,"ID":4},{"utility":61.5,"ID":11},{"utility":50.5,"ID":12},{"utility":47,"ID":21},{"utility":54.75,"ID":27}],[{"utility":0,"ID":17}],[],[],[],[],[],[],[],[],[],[],[],[],[],[],[]],"CORE :":false,"Relazioni :":870,"Time : ":0.1,"LAST PARTITION":{"22":12,"23":11,"24":6,"25":6,"26":13,"27":14,"28":16,"29":5,"30":3,"10":20,"11":4,"12":17,"13":2,"14":8,"15":9,"16":13,"17":18,"18":1,"19":7,"1":16,"2":4,"3":20,"4":15,"5":10,"6":17,"7":1,"8":22,"9":10,"20":15,"21":21}},{"Modalità dinamica :":false,"Q : ":9,"STARTING PARTITION: ":{"22":4,"23":11,"24":6,"25":6,"26":13,"27":14,"28":10,"29":5,"30":10,"10":5,"11":14,"12":14,"13":2,"14":1,"15":9,"16":13,"17":15,"18":5,"19":7,"1":7,"2":2,"3":5,"4":14,"5":13,"6":1,"7":12,"8":12,"9":9,"20":8,"21":14},"LAST COALITION":[[],[{"utility":78,"ID":18},{"utility":98,"ID":7}],[{"utility":0,"ID":13}],[{"utility":0,"ID":30}],[{"utility":0,"ID":9}],[{"utility":0,"ID":29}],[{"utility":36,"ID":24},{"utility":25,"ID":25}],[{"utility":0,"ID":19}],[{"utility":0,"ID":14}],[{"utility":0,"ID":15}],[{"utility":0,"ID":2}],[{"utility":0,"ID":23}],[{"utility":0,"ID":22}],[{"utility":72,"ID":16},{"utility":47,"ID":26}],[{"utility":0,"ID":27}],[{"utility":97,"ID":4},{"utility":5,"ID":20}],[{"utility":92,"ID":1},{"utility":58,"ID":28}],[{"utility":96,"ID":6},{"utility":57,"ID":12}],[{"utility":0,"ID":17}],[{"utility":0,"ID":8}],[{"utility":97,"ID":3},{"utility":33,"ID":10}],[{"utility":0,"ID":21}],[{"utility":70,"ID":5},{"utility":66,"ID":11}],[],[],[],[],[],[],[],[]],"STARTING COALITION: ":[[null],[{"utility":52,"ID":6},{"utility":68,"ID":14}],[{"utility":84,"ID":2},{"utility":53,"ID":13}],[],[{"utility":0,"ID":22}],[{"utility":53,"ID":3},{"utility":27.666666666666668,"ID":10},{"utility":39,"ID":18},{"utility":22.666666666666668,"ID":29}],[{"utility":36,"ID":24},{"utility":25,"ID":25}],[{"utility":78,"ID":1},{"utility":53,"ID":19}],[{"utility":0,"ID":20}],[{"utility":41,"ID":9},{"utility":35,"ID":15}],[{"utility":22,"ID":28},{"utility":86,"ID":30}],[{"utility":0,"ID":23}],[{"utility":61,"ID":7},{"utility":2,"ID":8}],[{"utility":53,"ID":5},{"utility":40.5,"ID":16},{"utility":26.5,"ID":26}],[{"utility":62.25,"ID":4},{"utility":61.5,"ID":11},{"utility":50.5,"ID":12},{"utility":47,"ID":21},{"utility":54.75,"ID":27}],[{"utility":0,"ID":17}],[],[],[],[],[],[],[],[],[],[],[],[],[],[],[]],"CORE :":false,"Relazioni :":870,"Time : ":0.1,"LAST PARTITION":{"22":12,"23":11,"24":6,"25":6,"26":13,"27":14,"28":16,"29":5,"30":3,"10":20,"11":22,"12":17,"13":2,"14":8,"15":9,"16":13,"17":18,"18":1,"19":7,"1":16,"2":10,"3":20,"4":15,"5":22,"6":17,"7":1,"8":19,"9":4,"20":15,"21":21}},{"Modalità dinamica :":false,"Q : ":10,"STARTING PARTITION: ":{"22":4,"23":11,"24":6,"25":6,"26":13,"27":14,"28":10,"29":5,"30":10,"10":5,"11":14,"12":14,"13":2,"14":1,"15":9,"16":13,"17":15,"18":5,"19":7,"1":7,"2":2,"3":5,"4":14,"5":13,"6":1,"7":12,"8":12,"9":9,"20":8,"21":14},"LAST COALITION":[[],[{"utility":78,"ID":18},{"utility":98,"ID":7}],[{"utility":0,"ID":13}],[{"utility":0,"ID":30}],[],[{"utility":0,"ID":29}],[{"utility":36,"ID":24},{"utility":25,"ID":25}],[{"utility":0,"ID":19}],[{"utility":0,"ID":14}],[{"utility":0,"ID":15}],[{"utility":92,"ID":2},{"utility":35,"ID":11}],[{"utility":0,"ID":23}],[{"utility":0,"ID":22}],[{"utility":72,"ID":16},{"utility":47,"ID":26}],[{"utility":0,"ID":27}],[{"utility":97,"ID":4},{"utility":5,"ID":20}],[{"utility":92,"ID":1},{"utility":58,"ID":28}],[{"utility":96,"ID":6},{"utility":57,"ID":12}],[{"utility":0,"ID":17}],[{"utility":19,"ID":5},{"utility":92,"ID":8}],[{"utility":97,"ID":3},{"utility":33,"ID":10}],[{"utility":0,"ID":21}],[{"utility":0,"ID":9}],[],[],[],[],[],[],[],[]],"STARTING COALITION: ":[[null],[{"utility":52,"ID":6},{"utility":68,"ID":14}],[{"utility":84,"ID":2},{"utility":53,"ID":13}],[],[{"utility":0,"ID":22}],[{"utility":53,"ID":3},{"utility":27.666666666666668,"ID":10},{"utility":39,"ID":18},{"utility":22.666666666666668,"ID":29}],[{"utility":36,"ID":24},{"utility":25,"ID":25}],[{"utility":78,"ID":1},{"utility":53,"ID":19}],[{"utility":0,"ID":20}],[{"utility":41,"ID":9},{"utility":35,"ID":15}],[{"utility":22,"ID":28},{"utility":86,"ID":30}],[{"utility":0,"ID":23}],[{"utility":61,"ID":7},{"utility":2,"ID":8}],[{"utility":53,"ID":5},{"utility":40.5,"ID":16},{"utility":26.5,"ID":26}],[{"utility":62.25,"ID":4},{"utility":61.5,"ID":11},{"utility":50.5,"ID":12},{"utility":47,"ID":21},{"utility":54.75,"ID":27}],[{"utility":0,"ID":17}],[],[],[],[],[],[],[],[],[],[],[],[],[],[],[]],"CORE :":false,"Relazioni :":870,"Time : ":0.1,"LAST PARTITION":{"22":12,"23":11,"24":6,"25":6,"26":13,"27":14,"28":16,"29":5,"30":3,"10":20,"11":10,"12":17,"13":2,"14":8,"15":9,"16":13,"17":18,"18":1,"19":7,"1":16,"2":10,"3":20,"4":15,"5":19,"6":17,"7":1,"8":19,"9":22,"20":15,"21":21}},{"Modalità dinamica :":true,"Q : ":2,"STARTING PARTITION: ":{"22":4,"23":11,"24":6,"25":6,"26":13,"27":14,"28":10,"29":5,"30":10,"10":5,"11":14,"12":14,"13":2,"14":1,"15":9,"16":13,"17":15,"18":5,"19":7,"1":7,"2":2,"3":5,"4":14,"5":13,"6":1,"7":12,"8":12,"9":9,"20":8,"21":14},"LAST COALITION":[[],[{"utility":82,"ID":14},{"utility":88,"ID":23}],[{"utility":90,"ID":22},{"utility":72,"ID":30}],[{"utility":98,"ID":7},{"utility":97,"ID":21}],[{"utility":62,"ID":9},{"utility":69,"ID":19}],[{"utility":0,"ID":2}],[{"utility":87,"ID":15},{"utility":96,"ID":26}],[{"utility":93,"ID":12},{"utility":59,"ID":28}],[{"utility":78,"ID":3},{"utility":50,"ID":27}],[{"utility":87,"ID":10},{"utility":92,"ID":20}],[{"utility":60,"ID":1},{"utility":74,"ID":8}],[{"utility":92,"ID":16},{"utility":62,"ID":25}],[{"utility":54,"ID":6},{"utility":64,"ID":18}],[{"utility":0,"ID":17}],[{"utility":83,"ID":4},{"utility":94,"ID":13}],[{"utility":70,"ID":5},{"utility":66,"ID":11}],[],[],[],[{"utility":95,"ID":24},{"utility":90,"ID":29}],[],[],[],[],[],[],[],[],[],[],[]],"STARTING COALITION: ":[[null],[{"utility":52,"ID":6},{"utility":68,"ID":14}],[{"utility":84,"ID":2},{"utility":53,"ID":13}],[],[{"utility":0,"ID":22}],[{"utility":53,"ID":3},{"utility":27.666666666666668,"ID":10},{"utility":39,"ID":18},{"utility":22.666666666666668,"ID":29}],[{"utility":36,"ID":24},{"utility":25,"ID":25}],[{"utility":78,"ID":1},{"utility":53,"ID":19}],[{"utility":0,"ID":20}],[{"utility":41,"ID":9},{"utility":35,"ID":15}],[{"utility":22,"ID":28},{"utility":86,"ID":30}],[{"utility":0,"ID":23}],[{"utility":61,"ID":7},{"utility":2,"ID":8}],[{"utility":53,"ID":5},{"utility":40.5,"ID":16},{"utility":26.5,"ID":26}],[{"utility":62.25,"ID":4},{"utility":61.5,"ID":11},{"utility":50.5,"ID":12},{"utility":47,"ID":21},{"utility":54.75,"ID":27}],[{"utility":0,"ID":17}],[],[],[],[],[],[],[],[],[],[],[],[],[],[],[]],"CORE :":false,"Relazioni :":870,"Time : ":0.1,"LAST PARTITION":{"22":2,"23":1,"24":19,"25":11,"26":6,"27":8,"28":7,"29":19,"30":2,"10":9,"11":15,"12":7,"13":14,"14":1,"15":6,"16":11,"17":13,"18":12,"19":4,"1":10,"2":5,"3":8,"4":14,"5":15,"6":12,"7":3,"8":10,"9":4,"20":9,"21":3}},{"Modalità dinamica :":true,"Q : ":3,"STARTING PARTITION: ":{"22":4,"23":11,"24":6,"25":6,"26":13,"27":14,"28":10,"29":5,"30":10,"10":5,"11":14,"12":14,"13":2,"14":1,"15":9,"16":13,"17":15,"18":5,"19":7,"1":7,"2":2,"3":5,"4":14,"5":13,"6":1,"7":12,"8":12,"9":9,"20":8,"21":14},"LAST COALITION":[[],[{"utility":89,"ID":6},{"utility":88,"ID":16}],[{"utility":0,"ID":22}],[{"utility":83,"ID":4},{"utility":94,"ID":13}],[{"utility":48,"ID":3},{"utility":98,"ID":5}],[{"utility":93,"ID":12},{"utility":59,"ID":28}],[{"utility":48,"ID":17},{"utility":86,"ID":19}],[{"utility":0,"ID":11}],[{"utility":0,"ID":9}],[{"utility":55,"ID":2},{"utility":90,"ID":10}],[{"utility":82,"ID":14},{"utility":88,"ID":23}],[{"utility":49,"ID":1},{"utility":94,"ID":20}],[{"utility":98,"ID":7},{"utility":97,"ID":21}],[{"utility":0,"ID":27}],[{"utility":0,"ID":8}],[{"utility":86,"ID":18},{"utility":64,"ID":25}],[{"utility":0,"ID":29}],[{"utility":87,"ID":15},{"utility":96,"ID":26}],[{"utility":0,"ID":24}],[{"utility":0,"ID":30}],[],[],[],[],[],[],[],[],[],[],[]],"STARTING COALITION: ":[[null],[{"utility":52,"ID":6},{"utility":68,"ID":14}],[{"utility":84,"ID":2},{"utility":53,"ID":13}],[],[{"utility":0,"ID":22}],[{"utility":53,"ID":3},{"utility":27.666666666666668,"ID":10},{"utility":39,"ID":18},{"utility":22.666666666666668,"ID":29}],[{"utility":36,"ID":24},{"utility":25,"ID":25}],[{"utility":78,"ID":1},{"utility":53,"ID":19}],[{"utility":0,"ID":20}],[{"utility":41,"ID":9},{"utility":35,"ID":15}],[{"utility":22,"ID":28},{"utility":86,"ID":30}],[{"utility":0,"ID":23}],[{"utility":61,"ID":7},{"utility":2,"ID":8}],[{"utility":53,"ID":5},{"utility":40.5,"ID":16},{"utility":26.5,"ID":26}],[{"utility":62.25,"ID":4},{"utility":61.5,"ID":11},{"utility":50.5,"ID":12},{"utility":47,"ID":21},{"utility":54.75,"ID":27}],[{"utility":0,"ID":17}],[],[],[],[],[],[],[],[],[],[],[],[],[],[],[]],"CORE :":false,"Relazioni :":870,"Time : ":0.1,"LAST PARTITION":{"22":2,"23":10,"24":18,"25":15,"26":17,"27":13,"28":5,"29":16,"30":19,"10":9,"11":7,"12":5,"13":3,"14":10,"15":17,"16":1,"17":6,"18":15,"19":6,"1":11,"2":9,"3":4,"4":3,"5":4,"6":1,"7":12,"8":14,"9":8,"20":11,"21":12}},{"Modalità dinamica :":true,"Q : ":4,"STARTING PARTITION: ":{"22":4,"23":11,"24":6,"25":6,"26":13,"27":14,"28":10,"29":5,"30":10,"10":5,"11":14,"12":14,"13":2,"14":1,"15":9,"16":13,"17":15,"18":5,"19":7,"1":7,"2":2,"3":5,"4":14,"5":13,"6":1,"7":12,"8":12,"9":9,"20":8,"21":14},"LAST COALITION":[[],[{"utility":95,"ID":24},{"utility":90,"ID":29}],[{"utility":0,"ID":5}],[{"utility":76,"ID":2},{"utility":82,"ID":9}],[{"utility":0,"ID":17}],[{"utility":98,"ID":7},{"utility":97,"ID":21}],[{"utility":81,"ID":4},{"utility":91,"ID":11}],[{"utility":9,"ID":3},{"utility":67,"ID":28}],[{"utility":78,"ID":1},{"utility":53,"ID":19}],[],[{"utility":87,"ID":18},{"utility":86,"ID":27}],[{"utility":90,"ID":22},{"utility":72,"ID":30}],[{"utility":87,"ID":10},{"utility":92,"ID":20}],[{"utility":92,"ID":16},{"utility":62,"ID":25}],[{"utility":37,"ID":13},{"utility":83,"ID":23}],[{"utility":87,"ID":15},{"utility":96,"ID":26}],[{"utility":62,"ID":12},{"utility":54,"ID":14}],[],[{"utility":87,"ID":6},{"utility":91,"ID":8}],[],[],[],[],[],[],[],[],[],[],[],[]],"STARTING COALITION: ":[[null],[{"utility":52,"ID":6},{"utility":68,"ID":14}],[{"utility":84,"ID":2},{"utility":53,"ID":13}],[],[{"utility":0,"ID":22}],[{"utility":53,"ID":3},{"utility":27.666666666666668,"ID":10},{"utility":39,"ID":18},{"utility":22.666666666666668,"ID":29}],[{"utility":36,"ID":24},{"utility":25,"ID":25}],[{"utility":78,"ID":1},{"utility":53,"ID":19}],[{"utility":0,"ID":20}],[{"utility":41,"ID":9},{"utility":35,"ID":15}],[{"utility":22,"ID":28},{"utility":86,"ID":30}],[{"utility":0,"ID":23}],[{"utility":61,"ID":7},{"utility":2,"ID":8}],[{"utility":53,"ID":5},{"utility":40.5,"ID":16},{"utility":26.5,"ID":26}],[{"utility":62.25,"ID":4},{"utility":61.5,"ID":11},{"utility":50.5,"ID":12},{"utility":47,"ID":21},{"utility":54.75,"ID":27}],[{"utility":0,"ID":17}],[],[],[],[],[],[],[],[],[],[],[],[],[],[],[]],"CORE :":false,"Relazioni :":870,"Time : ":0.1,"LAST PARTITION":{"22":11,"23":14,"24":1,"25":13,"26":15,"27":10,"28":7,"29":1,"30":11,"10":12,"11":6,"12":16,"13":14,"14":16,"15":15,"16":13,"17":4,"18":10,"19":8,"1":8,"2":3,"3":7,"4":6,"5":2,"6":18,"7":5,"8":18,"9":3,"20":12,"21":5}},{"Modalità dinamica :":true,"Q : ":5,"STARTING PARTITION: ":{"22":4,"23":11,"24":6,"25":6,"26":13,"27":14,"28":10,"29":5,"30":10,"10":5,"11":14,"12":14,"13":2,"14":1,"15":9,"16":13,"17":15,"18":5,"19":7,"1":7,"2":2,"3":5,"4":14,"5":13,"6":1,"7":12,"8":12,"9":9,"20":8,"21":14},"LAST COALITION":[[],[],[{"utility":77,"ID":15},{"utility":4,"ID":18}],[{"utility":85,"ID":4},{"utility":59,"ID":30}],[{"utility":0,"ID":5}],[{"utility":95,"ID":24},{"utility":90,"ID":29}],[{"utility":0,"ID":2}],[{"utility":82,"ID":14},{"utility":88,"ID":23}],[{"utility":46,"ID":1},{"utility":70,"ID":25}],[{"utility":98,"ID":7},{"utility":97,"ID":21}],[{"utility":95.5,"ID":13},{"utility":85,"ID":16},{"utility":42.5,"ID":28}],[{"utility":0,"ID":12}],[{"utility":48,"ID":17},{"utility":86,"ID":19}],[{"utility":0,"ID":11}],[{"utility":75,"ID":26},{"utility":79,"ID":27}],[{"utility":34,"ID":3},{"utility":99,"ID":22}],[{"utility":59.5,"ID":9},{"utility":82,"ID":10},{"utility":76,"ID":20}],[{"utility":87,"ID":6},{"utility":91,"ID":8}],[],[],[],[],[],[],[],[],[],[],[],[],[]],"STARTING COALITION: ":[[null],[{"utility":52,"ID":6},{"utility":68,"ID":14}],[{"utility":84,"ID":2},{"utility":53,"ID":13}],[],[{"utility":0,"ID":22}],[{"utility":53,"ID":3},{"utility":27.666666666666668,"ID":10},{"utility":39,"ID":18},{"utility":22.666666666666668,"ID":29}],[{"utility":36,"ID":24},{"utility":25,"ID":25}],[{"utility":78,"ID":1},{"utility":53,"ID":19}],[{"utility":0,"ID":20}],[{"utility":41,"ID":9},{"utility":35,"ID":15}],[{"utility":22,"ID":28},{"utility":86,"ID":30}],[{"utility":0,"ID":23}],[{"utility":61,"ID":7},{"utility":2,"ID":8}],[{"utility":53,"ID":5},{"utility":40.5,"ID":16},{"utility":26.5,"ID":26}],[{"utility":62.25,"ID":4},{"utility":61.5,"ID":11},{"utility":50.5,"ID":12},{"utility":47,"ID":21},{"utility":54.75,"ID":27}],[{"utility":0,"ID":17}],[],[],[],[],[],[],[],[],[],[],[],[],[],[],[]],"CORE :":false,"Relazioni :":870,"Time : ":0.1,"LAST PARTITION":{"22":15,"23":7,"24":5,"25":8,"26":14,"27":14,"28":10,"29":5,"30":3,"10":16,"11":13,"12":11,"13":10,"14":7,"15":2,"16":10,"17":12,"18":2,"19":12,"1":8,"2":6,"3":15,"4":3,"5":4,"6":17,"7":9,"8":17,"9":16,"20":16,"21":9}},{"Modalità dinamica :":true,"Q : ":6,"STARTING PARTITION: ":{"22":4,"23":11,"24":6,"25":6,"26":13,"27":14,"28":10,"29":5,"30":10,"10":5,"11":14,"12":14,"13":2,"14":1,"15":9,"16":13,"17":15,"18":5,"19":7,"1":7,"2":2,"3":5,"4":14,"5":13,"6":1,"7":12,"8":12,"9":9,"20":8,"21":14},"LAST COALITION":[[],[{"utility":0,"ID":5}],[{"utility":95,"ID":24},{"utility":90,"ID":29}],[{"utility":67,"ID":8},{"utility":56,"ID":17}],[{"utility":74,"ID":18},{"utility":53,"ID":30}],[{"utility":56,"ID":13},{"utility":93,"ID":27}],[{"utility":47,"ID":2},{"utility":70,"ID":3}],[{"utility":98,"ID":7},{"utility":97,"ID":21}],[{"utility":87,"ID":15},{"utility":96,"ID":26}],[{"utility":0,"ID":25}],[{"utility":73,"ID":12},{"utility":46,"ID":19}],[{"utility":74.5,"ID":1},{"utility":60.5,"ID":16},{"utility":48,"ID":28}],[{"utility":88,"ID":4},{"utility":68,"ID":22}],[{"utility":84,"ID":9},{"utility":78,"ID":14}],[{"utility":0,"ID":11}],[],[],[{"utility":96,"ID":6},{"utility":64,"ID":23}],[{"utility":87,"ID":10},{"utility":92,"ID":20}],[],[],[],[],[],[],[],[],[],[],[],[]],"STARTING COALITION: ":[[null],[{"utility":52,"ID":6},{"utility":68,"ID":14}],[{"utility":84,"ID":2},{"utility":53,"ID":13}],[],[{"utility":0,"ID":22}],[{"utility":53,"ID":3},{"utility":27.666666666666668,"ID":10},{"utility":39,"ID":18},{"utility":22.666666666666668,"ID":29}],[{"utility":36,"ID":24},{"utility":25,"ID":25}],[{"utility":78,"ID":1},{"utility":53,"ID":19}],[{"utility":0,"ID":20}],[{"utility":41,"ID":9},{"utility":35,"ID":15}],[{"utility":22,"ID":28},{"utility":86,"ID":30}],[{"utility":0,"ID":23}],[{"utility":61,"ID":7},{"utility":2,"ID":8}],[{"utility":53,"ID":5},{"utility":40.5,"ID":16},{"utility":26.5,"ID":26}],[{"utility":62.25,"ID":4},{"utility":61.5,"ID":11},{"utility":50.5,"ID":12},{"utility":47,"ID":21},{"utility":54.75,"ID":27}],[{"utility":0,"ID":17}],[],[],[],[],[],[],[],[],[],[],[],[],[],[],[]],"CORE :":false,"Relazioni :":870,"Time : ":0.1,"LAST PARTITION":{"22":12,"23":17,"24":2,"25":9,"26":8,"27":5,"28":11,"29":2,"30":4,"10":18,"11":14,"12":10,"13":5,"14":13,"15":8,"16":11,"17":3,"18":4,"19":10,"1":11,"2":6,"3":6,"4":12,"5":1,"6":17,"7":7,"8":3,"9":13,"20":18,"21":7}},{"Modalità dinamica :":true,"Q : ":7,"STARTING PARTITION: ":{"22":4,"23":11,"24":6,"25":6,"26":13,"27":14,"28":10,"29":5,"30":10,"10":5,"11":14,"12":14,"13":2,"14":1,"15":9,"16":13,"17":15,"18":5,"19":7,"1":7,"2":2,"3":5,"4":14,"5":13,"6":1,"7":12,"8":12,"9":9,"20":8,"21":14},"LAST COALITION":[[],[{"utility":58,"ID":6},{"utility":50,"ID":9},{"utility":48.333333333333336,"ID":16},{"utility":40,"ID":18}],[{"utility":98,"ID":7},{"utility":97,"ID":21}],[{"utility":33.5,"ID":3},{"utility":76,"ID":5},{"utility":46.5,"ID":13}],[{"utility":82,"ID":14},{"utility":88,"ID":23}],[],[{"utility":0,"ID":28}],[{"utility":51.5,"ID":17},{"utility":52,"ID":29},{"utility":44,"ID":30}],[{"utility":59,"ID":1},{"utility":98,"ID":4}],[{"utility":22,"ID":8},{"utility":73,"ID":25}],[{"utility":0,"ID":22}],[{"utility":87,"ID":15},{"utility":96,"ID":26}],[{"utility":22,"ID":12},{"utility":80,"ID":20}],[{"utility":0,"ID":24}],[{"utility":0,"ID":2}],[],[{"utility":94,"ID":10},{"utility":51,"ID":11}],[],[],[{"utility":0,"ID":27}],[{"utility":0,"ID":19}],[],[],[],[],[],[],[],[],[],[]],"STARTING COALITION: ":[[null],[{"utility":52,"ID":6},{"utility":68,"ID":14}],[{"utility":84,"ID":2},{"utility":53,"ID":13}],[],[{"utility":0,"ID":22}],[{"utility":53,"ID":3},{"utility":27.666666666666668,"ID":10},{"utility":39,"ID":18},{"utility":22.666666666666668,"ID":29}],[{"utility":36,"ID":24},{"utility":25,"ID":25}],[{"utility":78,"ID":1},{"utility":53,"ID":19}],[{"utility":0,"ID":20}],[{"utility":41,"ID":9},{"utility":35,"ID":15}],[{"utility":22,"ID":28},{"utility":86,"ID":30}],[{"utility":0,"ID":23}],[{"utility":61,"ID":7},{"utility":2,"ID":8}],[{"utility":53,"ID":5},{"utility":40.5,"ID":16},{"utility":26.5,"ID":26}],[{"utility":62.25,"ID":4},{"utility":61.5,"ID":11},{"utility":50.5,"ID":12},{"utility":47,"ID":21},{"utility":54.75,"ID":27}],[{"utility":0,"ID":17}],[],[],[],[],[],[],[],[],[],[],[],[],[],[],[]],"CORE :":false,"Relazioni :":870,"Time : ":0.1,"LAST PARTITION":{"22":10,"23":4,"24":13,"25":9,"26":11,"27":19,"28":6,"29":7,"30":7,"10":16,"11":16,"12":12,"13":3,"14":4,"15":11,"16":1,"17":7,"18":1,"19":20,"1":8,"2":14,"3":3,"4":8,"5":3,"6":1,"7":2,"8":9,"9":1,"20":12,"21":2}},{"Modalità dinamica :":true,"Q : ":8,"STARTING PARTITION: ":{"22":4,"23":11,"24":6,"25":6,"26":13,"27":14,"28":10,"29":5,"30":10,"10":5,"11":14,"12":14,"13":2,"14":1,"15":9,"16":13,"17":15,"18":5,"19":7,"1":7,"2":2,"3":5,"4":14,"5":13,"6":1,"7":12,"8":12,"9":9,"20":8,"21":14},"LAST COALITION":[[],[{"utility":90,"ID":4},{"utility":86,"ID":8}],[{"utility":87,"ID":10},{"utility":92,"ID":20}],[{"utility":48,"ID":17},{"utility":86,"ID":19}],[{"utility":0,"ID":5}],[{"utility":98,"ID":7},{"utility":97,"ID":21}],[{"utility":92,"ID":1},{"utility":58,"ID":28}],[{"utility":50,"ID":2},{"utility":66,"ID":13},{"utility":75.5,"ID":25}],[{"utility":73.5,"ID":9},{"utility":40.5,"ID":11},{"utility":85.5,"ID":14}],[],[{"utility":0,"ID":23}],[{"utility":0,"ID":12}],[{"utility":0,"ID":30}],[{"utility":87,"ID":15},{"utility":96,"ID":26}],[{"utility":34,"ID":3},{"utility":99,"ID":22}],[{"utility":87,"ID":18},{"utility":86,"ID":27}],[{"utility":95,"ID":24},{"utility":90,"ID":29}],[{"utility":89,"ID":6},{"utility":88,"ID":16}],[],[],[],[],[],[],[],[],[],[],[],[],[]],"STARTING COALITION: ":[[null],[{"utility":52,"ID":6},{"utility":68,"ID":14}],[{"utility":84,"ID":2},{"utility":53,"ID":13}],[],[{"utility":0,"ID":22}],[{"utility":53,"ID":3},{"utility":27.666666666666668,"ID":10},{"utility":39,"ID":18},{"utility":22.666666666666668,"ID":29}],[{"utility":36,"ID":24},{"utility":25,"ID":25}],[{"utility":78,"ID":1},{"utility":53,"ID":19}],[{"utility":0,"ID":20}],[{"utility":41,"ID":9},{"utility":35,"ID":15}],[{"utility":22,"ID":28},{"utility":86,"ID":30}],[{"utility":0,"ID":23}],[{"utility":61,"ID":7},{"utility":2,"ID":8}],[{"utility":53,"ID":5},{"utility":40.5,"ID":16},{"utility":26.5,"ID":26}],[{"utility":62.25,"ID":4},{"utility":61.5,"ID":11},{"utility":50.5,"ID":12},{"utility":47,"ID":21},{"utility":54.75,"ID":27}],[{"utility":0,"ID":17}],[],[],[],[],[],[],[],[],[],[],[],[],[],[],[]],"CORE :":false,"Relazioni :":870,"Time : ":0.1,"LAST PARTITION":{"22":14,"23":10,"24":16,"25":7,"26":13,"27":15,"28":6,"29":16,"30":12,"10":2,"11":8,"12":11,"13":7,"14":8,"15":13,"16":17,"17":3,"18":15,"19":3,"1":6,"2":7,"3":14,"4":1,"5":4,"6":17,"7":5,"8":1,"9":8,"20":2,"21":5}},{"Modalità dinamica :":true,"Q : ":9,"STARTING PARTITION: ":{"22":4,"23":11,"24":6,"25":6,"26":13,"27":14,"28":10,"29":5,"30":10,"10":5,"11":14,"12":14,"13":2,"14":1,"15":9,"16":13,"17":15,"18":5,"19":7,"1":7,"2":2,"3":5,"4":14,"5":13,"6":1,"7":12,"8":12,"9":9,"20":8,"21":14},"LAST COALITION":[[],[],[{"utility":53.5,"ID":13},{"utility":68,"ID":15},{"utility":93,"ID":26}],[{"utility":0,"ID":29}],[{"utility":93,"ID":12},{"utility":59,"ID":28}],[{"utility":88,"ID":18},{"utility":80,"ID":22}],[{"utility":78,"ID":1},{"utility":53,"ID":19}],[{"utility":98,"ID":7},{"utility":97,"ID":21}],[{"utility":68,"ID":2},{"utility":86,"ID":5}],[{"utility":84,"ID":20},{"utility":71,"ID":30}],[],[{"utility":82,"ID":14},{"utility":88,"ID":23}],[{"utility":96,"ID":4},{"utility":14,"ID":17}],[{"utility":94,"ID":10},{"utility":51,"ID":11}],[{"utility":89,"ID":6},{"utility":88,"ID":16}],[{"utility":0,"ID":8}],[{"utility":0,"ID":27}],[{"utility":36,"ID":24},{"utility":25,"ID":25}],[{"utility":82,"ID":3},{"utility":56,"ID":9}],[],[],[],[],[],[],[],[],[],[],[],[]],"STARTING COALITION: ":[[null],[{"utility":52,"ID":6},{"utility":68,"ID":14}],[{"utility":84,"ID":2},{"utility":53,"ID":13}],[],[{"utility":0,"ID":22}],[{"utility":53,"ID":3},{"utility":27.666666666666668,"ID":10},{"utility":39,"ID":18},{"utility":22.666666666666668,"ID":29}],[{"utility":36,"ID":24},{"utility":25,"ID":25}],[{"utility":78,"ID":1},{"utility":53,"ID":19}],[{"utility":0,"ID":20}],[{"utility":41,"ID":9},{"utility":35,"ID":15}],[{"utility":22,"ID":28},{"utility":86,"ID":30}],[{"utility":0,"ID":23}],[{"utility":61,"ID":7},{"utility":2,"ID":8}],[{"utility":53,"ID":5},{"utility":40.5,"ID":16},{"utility":26.5,"ID":26}],[{"utility":62.25,"ID":4},{"utility":61.5,"ID":11},{"utility":50.5,"ID":12},{"utility":47,"ID":21},{"utility":54.75,"ID":27}],[{"utility":0,"ID":17}],[],[],[],[],[],[],[],[],[],[],[],[],[],[],[]],"CORE :":false,"Relazioni :":870,"Time : ":0.1,"LAST PARTITION":{"22":5,"23":11,"24":17,"25":17,"26":2,"27":16,"28":4,"29":3,"30":9,"10":13,"11":13,"12":4,"13":2,"14":11,"15":2,"16":14,"17":12,"18":5,"19":6,"1":6,"2":8,"3":18,"4":12,"5":8,"6":14,"7":7,"8":15,"9":18,"20":9,"21":7}},{"Modalità dinamica :":true,"Q : ":10,"STARTING PARTITION: ":{"22":4,"23":11,"24":6,"25":6,"26":13,"27":14,"28":10,"29":5,"30":10,"10":5,"11":14,"12":14,"13":2,"14":1,"15":9,"16":13,"17":15,"18":5,"19":7,"1":7,"2":2,"3":5,"4":14,"5":13,"6":1,"7":12,"8":12,"9":9,"20":8,"21":14},"LAST COALITION":[[],[{"utility":68,"ID":24},{"utility":50,"ID":27}],[{"utility":0,"ID":9}],[{"utility":0,"ID":3}],[{"utility":95,"ID":5},{"utility":38,"ID":28}],[{"utility":96,"ID":19},{"utility":92,"ID":26}],[{"utility":91,"ID":1},{"utility":47,"ID":18}],[{"utility":96,"ID":6},{"utility":57,"ID":12}],[{"utility":0,"ID":30}],[{"utility":0,"ID":17}],[{"utility":82,"ID":14},{"utility":88,"ID":23}],[{"utility":98,"ID":7},{"utility":97,"ID":21}],[{"utility":26,"ID":11},{"utility":94,"ID":29}],[{"utility":56,"ID":2},{"utility":96,"ID":22}],[{"utility":0,"ID":13}],[{"utility":97,"ID":4},{"utility":5,"ID":20}],[{"utility":68,"ID":8},{"utility":62,"ID":10}],[{"utility":92,"ID":16},{"utility":62,"ID":25}],[{"utility":0,"ID":15}],[],[],[],[],[],[],[],[],[],[],[],[]],"STARTING COALITION: ":[[null],[{"utility":52,"ID":6},{"utility":68,"ID":14}],[{"utility":84,"ID":2},{"utility":53,"ID":13}],[],[{"utility":0,"ID":22}],[{"utility":53,"ID":3},{"utility":27.666666666666668,"ID":10},{"utility":39,"ID":18},{"utility":22.666666666666668,"ID":29}],[{"utility":36,"ID":24},{"utility":25,"ID":25}],[{"utility":78,"ID":1},{"utility":53,"ID":19}],[{"utility":0,"ID":20}],[{"utility":41,"ID":9},{"utility":35,"ID":15}],[{"utility":22,"ID":28},{"utility":86,"ID":30}],[{"utility":0,"ID":23}],[{"utility":61,"ID":7},{"utility":2,"ID":8}],[{"utility":53,"ID":5},{"utility":40.5,"ID":16},{"utility":26.5,"ID":26}],[{"utility":62.25,"ID":4},{"utility":61.5,"ID":11},{"utility":50.5,"ID":12},{"utility":47,"ID":21},{"utility":54.75,"ID":27}],[{"utility":0,"ID":17}],[],[],[],[],[],[],[],[],[],[],[],[],[],[],[]],"CORE :":false,"Relazioni :":870,"Time : ":0.1,"LAST PARTITION":{"22":13,"23":10,"24":1,"25":17,"26":5,"27":1,"28":4,"29":12,"30":8,"10":16,"11":12,"12":7,"13":14,"14":10,"15":18,"16":17,"17":9,"18":6,"19":5,"1":6,"2":13,"3":3,"4":15,"5":4,"6":7,"7":11,"8":16,"9":2,"20":15,"21":11}},{"END OF FILE:" : true}]