[{"Modalità dinamica :":false,"Q : ":2,"STARTING PARTITION: ":{"22":10,"23":2,"24":2,"25":3,"26":4,"27":8,"28":10,"29":5,"30":3,"10":11,"11":11,"12":15,"13":4,"14":13,"15":1,"16":10,"17":15,"18":6,"19":14,"1":7,"2":11,"3":12,"4":4,"5":9,"6":11,"7":5,"8":14,"9":8,"20":2,"21":15},"LAST COALITION":[[],[{"utility":92,"ID":9},{"utility":91,"ID":20}],[{"utility":56,"ID":10},{"utility":52,"ID":11}],[{"utility":0,"ID":14}],[{"utility":0,"ID":26}],[],[{"utility":98,"ID":1},{"utility":46,"ID":23}],[{"utility":0,"ID":2}],[{"utility":0,"ID":27}],[{"utility":96,"ID":4},{"utility":62,"ID":17}],[{"utility":78.5,"ID":16},{"utility":58.5,"ID":22},{"utility":41.5,"ID":28}],[{"utility":0,"ID":30}],[{"utility":0,"ID":25}],[{"utility":0,"ID":21}],[{"utility":90,"ID":8},{"utility":53,"ID":12}],[{"utility":0,"ID":15}],[{"utility":95,"ID":3},{"utility":43,"ID":19}],[{"utility":85,"ID":5},{"utility":33,"ID":29}],[{"utility":0,"ID":18}],[],[{"utility":96,"ID":6},{"utility":86,"ID":13}],[],[{"utility":99,"ID":7},{"utility":12,"ID":24}],[],[],[],[],[],[],[],[]],"STARTING COALITION: ":[[null],[{"utility":0,"ID":15}],[{"utility":77.5,"ID":20},{"utility":77.5,"ID":23},{"utility":53,"ID":24}],[{"utility":66,"ID":25},{"utility":60,"ID":30}],[{"utility":51.5,"ID":4},{"utility":52,"ID":13},{"utility":51.5,"ID":26}],[{"utility":29,"ID":7},{"utility":94,"ID":29}],[{"utility":0,"ID":18}],[{"utility":0,"ID":1}],[{"utility":44,"ID":9},{"utility":47,"ID":27}],[{"utility":0,"ID":5}],[{"utility":78.5,"ID":16},{"utility":58.5,"ID":22},{"utility":41.5,"ID":28}],[{"utility":38.333333333333336,"ID":2},{"utility":22,"ID":6},{"utility":76.33333333333333,"ID":10},{"utility":56,"ID":11}],[{"utility":0,"ID":3}],[{"utility":0,"ID":14}],[{"utility":48,"ID":8},{"utility":6,"ID":19}],[{"utility":11,"ID":12},{"utility":50.5,"ID":17},{"utility":17,"ID":21}],[],[],[],[],[],[],[],[],[],[],[],[],[],[],[]],"CORE :":false,"Relazioni :":870,"Time : ":0.1,"LAST PARTITION":{"22":10,"23":6,"24":22,"25":12,"26":4,"27":8,"28":10,"29":17,"30":11,"10":2,"11":2,"12":14,"13":20,"14":3,"15":15,"16":10,"17":9,"18":18,"19":16,"1":6,"2":7,"3":16,"4":9,"5":17,"6":20,"7":22,"8":14,"9":1,"20":1,"21":13}},{"Modalità dinamica :":false,"Q : ":3,"STARTING PARTITION: ":{"22":10,"23":2,"24":2,"25":3,"26":4,"27":8,"28":10,"29":5,"30":3,"10":11,"11":11,"12":15,"13":4,"14":13,"15":1,"16":10,"17":15,"18":6,"19":14,"1":7,"2":11,"3":12,"4":4,"5":9,"6":11,"7":5,"8":14,"9":8,"20":2,"21":15},"LAST COALITION":[[],[{"utility":92,"ID":9},{"utility":91,"ID":20}],[{"utility":56,"ID":10},{"utility":52,"ID":11}],[{"utility":0,"ID":14}],[{"utility":0,"ID":26}],[],[{"utility":98,"ID":1},{"utility":46,"ID":23}],[{"utility":0,"ID":2}],[{"utility":0,"ID":27}],[{"utility":96,"ID":4},{"utility":62,"ID":17}],[{"utility":78.5,"ID":16},{"utility":58.5,"ID":22},{"utility":41.5,"ID":28}],[{"utility":0,"ID":30}],[{"utility":0,"ID":25}],[{"utility":0,"ID":21}],[{"utility":90,"ID":8},{"utility":53,"ID":12}],[{"utility":0,"ID":15}],[{"utility":95,"ID":3},{"utility":43,"ID":19}],[{"utility":85,"ID":5},{"utility":33,"ID":29}],[{"utility":0,"ID":18}],[],[{"utility":96,"ID":6},{"utility":86,"ID":13}],[],[{"utility":99,"ID":7},{"utility":12,"ID":24}],[],[],[],[],[],[],[],[]],"STARTING COALITION: ":[[null],[{"utility":0,"ID":15}],[{"utility":77.5,"ID":20},{"utility":77.5,"ID":23},{"utility":53,"ID":24}],[{"utility":66,"ID":25},{"utility":60,"ID":30}],[{"utility":51.5,"ID":4},{"utility":52,"ID":13},{"utility":51.5,"ID":26}],[{"utility":29,"ID":7},{"utility":94,"ID":29}],[{"utility":0,"ID":18}],[{"utility":0,"ID":1}],[{"utility":44,"ID":9},{"utility":47,"ID":27}],[{"utility":0,"ID":5}],[{"utility":78.5,"ID":16},{"utility":58.5,"ID":22},{"utility":41.5,"ID":28}],[{"utility":38.333333333333336,"ID":2},{"utility":22,"ID":6},{"utility":76.33333333333333,"ID":10},{"utility":56,"ID":11}],[{"utility":0,"ID":3}],[{"utility":0,"ID":14}],[{"utility":48,"ID":8},{"utility":6,"ID":19}],[{"utility":11,"ID":12},{"utility":50.5,"ID":17},{"utility":17,"ID":21}],[],[],[],[],[],[],[],[],[],[],[],[],[],[],[]],"CORE :":false,"Relazioni :":870,"Time : ":0.1,"LAST PARTITION":{"22":10,"23":6,"24":22,"25":12,"26":4,"27":8,"28":10,"29":17,"30":11,"10":2,"11":2,"12":14,"13":20,"14":3,"15":15,"16":10,"17":9,"18":18,"19":16,"1":6,"2":7,"3":16,"4":9,"5":17,"6":20,"7":22,"8":14,"9":1,"20":1,"21":13}},{"Modalità dinamica :":false,"Q : ":4,"STARTING PARTITION: ":{"22":10,"23":2,"24":2,"25":3,"26":4,"27":8,"28":10,"29":5,"30":3,"10":11,"11":11,"12":15,"13":4,"14":13,"15":1,"16":10,"17":15,"18":6,"19":14,"1":7,"2":11,"3":12,"4":4,"5":9,"6":11,"7":5,"8":14,"9":8,"20":2,"21":15},"LAST COALITION":[[],[{"utility":91,"ID":20},{"utility":92,"ID":9}],[{"utility":0,"ID":11}],[{"utility":0,"ID":14}],[{"utility":0,"ID":26}],[{"utility":12,"ID":2},{"utility":75,"ID":10}],[{"utility":98,"ID":1},{"utility":46,"ID":23}],[],[{"utility":0,"ID":27}],[{"utility":62,"ID":17},{"utility":96,"ID":4}],[{"utility":78.5,"ID":16},{"utility":58.5,"ID":22},{"utility":41.5,"ID":28}],[{"utility":0,"ID":30}],[{"utility":0,"ID":25}],[{"utility":0,"ID":21}],[{"utility":90,"ID":8},{"utility":53,"ID":12}],[{"utility":0,"ID":15}],[{"utility":95,"ID":3},{"utility":43,"ID":19}],[{"utility":85,"ID":5},{"utility":33,"ID":29}],[{"utility":0,"ID":18}],[],[{"utility":96,"ID":6},{"utility":86,"ID":13}],[],[{"utility":99,"ID":7},{"utility":12,"ID":24}],[],[],[],[],[],[],[],[]],"STARTING COALITION: ":[[null],[{"utility":0,"ID":15}],[{"utility":77.5,"ID":20},{"utility":77.5,"ID":23},{"utility":53,"ID":24}],[{"utility":66,"ID":25},{"utility":60,"ID":30}],[{"utility":51.5,"ID":4},{"utility":52,"ID":13},{"utility":51.5,"ID":26}],[{"utility":29,"ID":7},{"utility":94,"ID":29}],[{"utility":0,"ID":18}],[{"utility":0,"ID":1}],[{"utility":44,"ID":9},{"utility":47,"ID":27}],[{"utility":0,"ID":5}],[{"utility":78.5,"ID":16},{"utility":58.5,"ID":22},{"utility":41.5,"ID":28}],[{"utility":38.333333333333336,"ID":2},{"utility":22,"ID":6},{"utility":76.33333333333333,"ID":10},{"utility":56,"ID":11}],[{"utility":0,"ID":3}],[{"utility":0,"ID":14}],[{"utility":48,"ID":8},{"utility":6,"ID":19}],[{"utility":11,"ID":12},{"utility":50.5,"ID":17},{"utility":17,"ID":21}],[],[],[],[],[],[],[],[],[],[],[],[],[],[],[]],"CORE :":false,"Relazioni :":870,"Time : ":0.1,"LAST PARTITION":{"22":10,"23":6,"24":22,"25":12,"26":4,"27":8,"28":10,"29":17,"30":11,"10":5,"11":2,"12":14,"13":20,"14":3,"15":15,"16":10,"17":9,"18":18,"19":16,"1":6,"2":5,"3":16,"4":9,"5":17,"6":20,"7":22,"8":14,"9":1,"20":1,"21":13}},{"Modalità dinamica :":false,"Q : ":5,"STARTING PARTITION: ":{"22":10,"23":2,"24":2,"25":3,"26":4,"27":8,"28":10,"29":5,"30":3,"10":11,"11":11,"12":15,"13":4,"14":13,"15":1,"16":10,"17":15,"18":6,"19":14,"1":7,"2":11,"3":12,"4":4,"5":9,"6":11,"7":5,"8":14,"9":8,"20":2,"21":15},"LAST COALITION":[[],[{"utility":91,"ID":20},{"utility":92,"ID":9}],[{"utility":56,"ID":10},{"utility":52,"ID":11}],[{"utility":0,"ID":14}],[{"utility":0,"ID":26}],[],[{"utility":98,"ID":1},{"utility":46,"ID":23}],[{"utility":0,"ID":2}],[{"utility":0,"ID":27}],[{"utility":62,"ID":17},{"utility":96,"ID":4}],[{"utility":78.5,"ID":16},{"utility":58.5,"ID":22},{"utility":41.5,"ID":28}],[{"utility":0,"ID":30}],[{"utility":0,"ID":25}],[{"utility":0,"ID":21}],[{"utility":90,"ID":8},{"utility":53,"ID":12}],[{"utility":0,"ID":15}],[{"utility":95,"ID":3},{"utility":43,"ID":19}],[{"utility":85,"ID":5},{"utility":33,"ID":29}],[{"utility":0,"ID":18}],[],[{"utility":96,"ID":6},{"utility":86,"ID":13}],[],[{"utility":99,"ID":7},{"utility":12,"ID":24}],[],[],[],[],[],[],[],[]],"STARTING COALITION: ":[[null],[{"utility":0,"ID":15}],[{"utility":77.5,"ID":20},{"utility":77.5,"ID":23},{"utility":53,"ID":24}],[{"utility":66,"ID":25},{"utility":60,"ID":30}],[{"utility":51.5,"ID":4},{"utility":52,"ID":13},{"utility":51.5,"ID":26}],[{"utility":29,"ID":7},{"utility":94,"ID":29}],[{"utility":0,"ID":18}],[{"utility":0,"ID":1}],[{"utility":44,"ID":9},{"utility":47,"ID":27}],[{"utility":0,"ID":5}],[{"utility":78.5,"ID":16},{"utility":58.5,"ID":22},{"utility":41.5,"ID":28}],[{"utility":38.333333333333336,"ID":2},{"utility":22,"ID":6},{"utility":76.33333333333333,"ID":10},{"utility":56,"ID":11}],[{"utility":0,"ID":3}],[{"utility":0,"ID":14}],[{"utility":48,"ID":8},{"utility":6,"ID":19}],[{"utility":11,"ID":12},{"utility":50.5,"ID":17},{"utility":17,"ID":21}],[],[],[],[],[],[],[],[],[],[],[],[],[],[],[]],"CORE :":false,"Relazioni :":870,"Time : ":0.1,"LAST PARTITION":{"22":10,"23":6,"24":22,"25":12,"26":4,"27":8,"28":10,"29":17,"30":11,"10":2,"11":2,"12":14,"13":20,"14":3,"15":15,"16":10,"17":9,"18":18,"19":16,"1":6,"2":7,"3":16,"4":9,"5":17,"6":20,"7":22,"8":14,"9":1,"20":1,"21":13}},{"Modalità dinamica :":false,"Q : ":6,"STARTING PARTITION: ":{"22":10,"23":2,"24":2,"25":3,"26":4,"27":8,"28":10,"29":5,"30":3,"10":11,"11":11,"12":15,"13":4,"14":13,"15":1,"16":10,"17":15,"18":6,"19":14,"1":7,"2":11,"3":12,"4":4,"5":9,"6":11,"7":5,"8":14,"9":8,"20":2,"21":15},"LAST COALITION":[[],[{"utility":91,"ID":20},{"utility":92,"ID":9}],[{"utility":56,"ID":10},{"utility":52,"ID":11}],[{"utility":0,"ID":14}],[{"utility":0,"ID":26}],[],[{"utility":98,"ID":1},{"utility":46,"ID":23}],[{"utility":0,"ID":2}],[{"utility":0,"ID":27}],[{"utility":62,"ID":17},{"utility":96,"ID":4}],[{"utility":78.5,"ID":16},{"utility":58.5,"ID":22},{"utility":41.5,"ID":28}],[{"utility":0,"ID":30}],[{"utility":0,"ID":25}],[{"utility":0,"ID":21}],[{"utility":90,"ID":8},{"utility":53,"ID":12}],[{"utility":0,"ID":15}],[{"utility":95,"ID":3},{"utility":43,"ID":19}],[{"utility":85,"ID":5},{"utility":33,"ID":29}],[{"utility":0,"ID":18}],[],[{"utility":96,"ID":6},{"utility":86,"ID":13}],[],[{"utility":99,"ID":7},{"utility":12,"ID":24}],[],[],[],[],[],[],[],[]],"STARTING COALITION: ":[[null],[{"utility":0,"ID":15}],[{"utility":77.5,"ID":20},{"utility":77.5,"ID":23},{"utility":53,"ID":24}],[{"utility":66,"ID":25},{"utility":60,"ID":30}],[{"utility":51.5,"ID":4},{"utility":52,"ID":13},{"utility":51.5,"ID":26}],[{"utility":29,"ID":7},{"utility":94,"ID":29}],[{"utility":0,"ID":18}],[{"utility":0,"ID":1}],[{"utility":44,"ID":9},{"utility":47,"ID":27}],[{"utility":0,"ID":5}],[{"utility":78.5,"ID":16},{"utility":58.5,"ID":22},{"utility":41.5,"ID":28}],[{"utility":38.333333333333336,"ID":2},{"utility":22,"ID":6},{"utility":76.33333333333333,"ID":10},{"utility":56,"ID":11}],[{"utility":0,"ID":3}],[{"utility":0,"ID":14}],[{"utility":48,"ID":8},{"utility":6,"ID":19}],[{"utility":11,"ID":12},{"utility":50.5,"ID":17},{"utility":17,"ID":21}],[],[],[],[],[],[],[],[],[],[],[],[],[],[],[]],"CORE :":false,"Relazioni :":870,"Time : ":0.1,"LAST PARTITION":{"22":10,"23":6,"24":22,"25":12,"26":4,"27":8,"28":10,"29":17,"30":11,"10":2,"11":2,"12":14,"13":20,"14":3,"15":15,"16":10,"17":9,"18":18,"19":16,"1":6,"2":7,"3":16,"4":9,"5":17,"6":20,"7":22,"8":14,"9":1,"20":1,"21":13}},{"Modalità dinamica :":false,"Q : ":7,"STARTING PARTITION: ":{"22":10,"23":2,"24":2,"25":3,"26":4,"27":8,"28":10,"29":5,"30":3,"10":11,"11":11,"12":15,"13":4,"14":13,"15":1,"16":10,"17":15,"18":6,"19":14,"1":7,"2":11,"3":12,"4":4,"5":9,"6":11,"7":5,"8":14,"9":8,"20":2,"21":15},"LAST COALITION":[[],[{"utility":91,"ID":20},{"utility":92,"ID":9}],[{"utility":0,"ID":11}],[{"utility":0,"ID":14}],[{"utility":0,"ID":26}],[{"utility":12,"ID":2},{"utility":75,"ID":10}],[{"utility":98,"ID":1},{"utility":46,"ID":23}],[],[{"utility":0,"ID":27}],[{"utility":62,"ID":17},{"utility":96,"ID":4}],[{"utility":78.5,"ID":16},{"utility":58.5,"ID":22},{"utility":41.5,"ID":28}],[{"utility":0,"ID":30}],[{"utility":0,"ID":25}],[{"utility":0,"ID":21}],[{"utility":90,"ID":8},{"utility":53,"ID":12}],[{"utility":0,"ID":15}],[{"utility":95,"ID":3},{"utility":43,"ID":19}],[{"utility":85,"ID":5},{"utility":33,"ID":29}],[{"utility":0,"ID":18}],[],[{"utility":96,"ID":6},{"utility":86,"ID":13}],[],[{"utility":99,"ID":7},{"utility":12,"ID":24}],[],[],[],[],[],[],[],[]],"STARTING COALITION: ":[[null],[{"utility":0,"ID":15}],[{"utility":77.5,"ID":20},{"utility":77.5,"ID":23},{"utility":53,"ID":24}],[{"utility":66,"ID":25},{"utility":60,"ID":30}],[{"utility":51.5,"ID":4},{"utility":52,"ID":13},{"utility":51.5,"ID":26}],[{"utility":29,"ID":7},{"utility":94,"ID":29}],[{"utility":0,"ID":18}],[{"utility":0,"ID":1}],[{"utility":44,"ID":9},{"utility":47,"ID":27}],[{"utility":0,"ID":5}],[{"utility":78.5,"ID":16},{"utility":58.5,"ID":22},{"utility":41.5,"ID":28}],[{"utility":38.333333333333336,"ID":2},{"utility":22,"ID":6},{"utility":76.33333333333333,"ID":10},{"utility":56,"ID":11}],[{"utility":0,"ID":3}],[{"utility":0,"ID":14}],[{"utility":48,"ID":8},{"utility":6,"ID":19}],[{"utility":11,"ID":12},{"utility":50.5,"ID":17},{"utility":17,"ID":21}],[],[],[],[],[],[],[],[],[],[],[],[],[],[],[]],"CORE :":false,"Relazioni :":870,"Time : ":0.1,"LAST PARTITION":{"22":10,"23":6,"24":22,"25":12,"26":4,"27":8,"28":10,"29":17,"30":11,"10":5,"11":2,"12":14,"13":20,"14":3,"15":15,"16":10,"17":9,"18":18,"19":16,"1":6,"2":5,"3":16,"4":9,"5":17,"6":20,"7":22,"8":14,"9":1,"20":1,"21":13}},{"Modalità dinamica :":false,"Q : ":8,"STARTING PARTITION: ":{"22":10,"23":2,"24":2,"25":3,"26":4,"27":8,"28":10,"29":5,"30":3,"10":11,"11":11,"12":15,"13":4,"14":13,"15":1,"16":10,"17":15,"18":6,"19":14,"1":7,"2":11,"3":12,"4":4,"5":9,"6":11,"7":5,"8":14,"9":8,"20":2,"21":15},"LAST COALITION":[[],[{"utility":91,"ID":20},{"utility":92,"ID":9}],[{"utility":56,"ID":10},{"utility":52,"ID":11}],[{"utility":0,"ID":14}],[{"utility":0,"ID":26}],[],[{"utility":98,"ID":1},{"utility":46,"ID":23}],[{"utility":0,"ID":2}],[{"utility":0,"ID":27}],[{"utility":62,"ID":17},{"utility":96,"ID":4}],[{"utility":78.5,"ID":16},{"utility":58.5,"ID":22},{"utility":41.5,"ID":28}],[{"utility":0,"ID":30}],[{"utility":0,"ID":25}],[{"utility":0,"ID":21}],[{"utility":90,"ID":8},{"utility":53,"ID":12}],[{"utility":0,"ID":15}],[{"utility":95,"ID":3},{"utility":43,"ID":19}],[{"utility":85,"ID":5},{"utility":33,"ID":29}],[{"utility":0,"ID":18}],[],[{"utility":96,"ID":6},{"utility":86,"ID":13}],[],[{"utility":99,"ID":7},{"utility":12,"ID":24}],[],[],[],[],[],[],[],[]],"STARTING COALITION: ":[[null],[{"utility":0,"ID":15}],[{"utility":77.5,"ID":20},{"utility":77.5,"ID":23},{"utility":53,"ID":24}],[{"utility":66,"ID":25},{"utility":60,"ID":30}],[{"utility":51.5,"ID":4},{"utility":52,"ID":13},{"utility":51.5,"ID":26}],[{"utility":29,"ID":7},{"utility":94,"ID":29}],[{"utility":0,"ID":18}],[{"utility":0,"ID":1}],[{"utility":44,"ID":9},{"utility":47,"ID":27}],[{"utility":0,"ID":5}],[{"utility":78.5,"ID":16},{"utility":58.5,"ID":22},{"utility":41.5,"ID":28}],[{"utility":38.333333333333336,"ID":2},{"utility":22,"ID":6},{"utility":76.33333333333333,"ID":10},{"utility":56,"ID":11}],[{"utility":0,"ID":3}],[{"utility":0,"ID":14}],[{"utility":48,"ID":8},{"utility":6,"ID":19}],[{"utility":11,"ID":12},{"utility":50.5,"ID":17},{"utility":17,"ID":21}],[],[],[],[],[],[],[],[],[],[],[],[],[],[],[]],"CORE :":false,"Relazioni :":870,"Time : ":0.1,"LAST PARTITION":{"22":10,"23":6,"24":22,"25":12,"26":4,"27":8,"28":10,"29":17,"30":11,"10":2,"11":2,"12":14,"13":20,"14":3,"15":15,"16":10,"17":9,"18":18,"19":16,"1":6,"2":7,"3":16,"4":9,"5":17,"6":20,"7":22,"8":14,"9":1,"20":1,"21":13}},{"Modalità dinamica :":false,"Q : ":9,"STARTING PARTITION: ":{"22":10,"23":2,"24":2,"25":3,"26":4,"27":8,"28":10,"29":5,"30":3,"10":11,"11":11,"12":15,"13":4,"14":13,"15":1,"16":10,"17":15,"18":6,"19":14,"1":7,"2":11,"3":12,"4":4,"5":9,"6":11,"7":5,"8":14,"9":8,"20":2,"21":15},"LAST COALITION":[[],[{"utility":91,"ID":20},{"utility":92,"ID":9}],[{"utility":56,"ID":10},{"utility":52,"ID":11}],[{"utility":0,"ID":14}],[{"utility":0,"ID":26}],[],[{"utility":98,"ID":1},{"utility":46,"ID":23}],[{"utility":0,"ID":2}],[{"utility":0,"ID":27}],[{"utility":62,"ID":17},{"utility":96,"ID":4}],[{"utility":78.5,"ID":16},{"utility":58.5,"ID":22},{"utility":41.5,"ID":28}],[{"utility":0,"ID":30}],[{"utility":0,"ID":25}],[{"utility":0,"ID":21}],[{"utility":90,"ID":8},{"utility":53,"ID":12}],[{"utility":0,"ID":15}],[{"utility":95,"ID":3},{"utility":43,"ID":19}],[{"utility":85,"ID":5},{"utility":33,"ID":29}],[{"utility":0,"ID":18}],[],[{"utility":96,"ID":6},{"utility":86,"ID":13}],[],[{"utility":99,"ID":7},{"utility":12,"ID":24}],[],[],[],[],[],[],[],[]],"STARTING COALITION: ":[[null],[{"utility":0,"ID":15}],[{"utility":77.5,"ID":20},{"utility":77.5,"ID":23},{"utility":53,"ID":24}],[{"utility":66,"ID":25},{"utility":60,"ID":30}],[{"utility":51.5,"ID":4},{"utility":52,"ID":13},{"utility":51.5,"ID":26}],[{"utility":29,"ID":7},{"utility":94,"ID":29}],[{"utility":0,"ID":18}],[{"utility":0,"ID":1}],[{"utility":44,"ID":9},{"utility":47,"ID":27}],[{"utility":0,"ID":5}],[{"utility":78.5,"ID":16},{"utility":58.5,"ID":22},{"utility":41.5,"ID":28}],[{"utility":38.333333333333336,"ID":2},{"utility":22,"ID":6},{"utility":76.33333333333333,"ID":10},{"utility":56,"ID":11}],[{"utility":0,"ID":3}],[{"utility":0,"ID":14}],[{"utility":48,"ID":8},{"utility":6,"ID":19}],[{"utility":11,"ID":12},{"utility":50.5,"ID":17},{"utility":17,"ID":21}],[],[],[],[],[],[],[],[],[],[],[],[],[],[],[]],"CORE :":false,"Relazioni :":870,"Time : ":0.1,"LAST PARTITION":{"22":10,"23":6,"24":22,"25":12,"26":4,"27":8,"28":10,"29":17,"30":11,"10":2,"11":2,"12":14,"13":20,"14":3,"15":15,"16":10,"17":9,"18":18,"19":16,"1":6,"2":7,"3":16,"4":9,"5":17,"6":20,"7":22,"8":14,"9":1,"20":1,"21":13}},{"Modalità dinamica :":false,"Q : ":10,"STARTING PARTITION: ":{"22":10,"23":2,"24":2,"25":3,"26":4,"27":8,"28":10,"29":5,"30":3,"10":11,"11":11,"12":15,"13":4,"14":13,"15":1,"16":10,"17":15,"18":6,"19":14,"1":7,"2":11,"3":12,"4":4,"5":9,"6":11,"7":5,"8":14,"9":8,"20":2,"21":15},"LAST COALITION":[[],[{"utility":91,"ID":20},{"utility":92,"ID":9}],[{"utility":0,"ID":11}],[{"utility":0,"ID":14}],[{"utility":0,"ID":26}],[{"utility":12,"ID":2},{"utility":75,"ID":10}],[{"utility":98,"ID":1},{"utility":46,"ID":23}],[],[{"utility":0,"ID":27}],[{"utility":62,"ID":17},{"utility":96,"ID":4}],[{"utility":78.5,"ID":16},{"utility":58.5,"ID":22},{"utility":41.5,"ID":28}],[{"utility":0,"ID":30}],[{"utility":0,"ID":25}],[{"utility":0,"ID":21}],[{"utility":90,"ID":8},{"utility":53,"ID":12}],[{"utility":0,"ID":15}],[{"utility":95,"ID":3},{"utility":43,"ID":19}],[{"utility":85,"ID":5},{"utility":33,"ID":29}],[{"utility":0,"ID":18}],[],[{"utility":96,"ID":6},{"utility":86,"ID":13}],[],[{"utility":99,"ID":7},{"utility":12,"ID":24}],[],[],[],[],[],[],[],[]],"STARTING COALITION: ":[[null],[{"utility":0,"ID":15}],[{"utility":77.5,"ID":20},{"utility":77.5,"ID":23},{"utility":53,"ID":24}],[{"utility":66,"ID":25},{"utility":60,"ID":30}],[{"utility":51.5,"ID":4},{"utility":52,"ID":13},{"utility":51.5,"ID":26}],[{"utility":29,"ID":7},{"utility":94,"ID":29}],[{"utility":0,"ID":18}],[{"utility":0,"ID":1}],[{"utility":44,"ID":9},{"utility":47,"ID":27}],[{"utility":0,"ID":5}],[{"utility":78.5,"ID":16},{"utility":58.5,"ID":22},{"utility":41.5,"ID":28}],[{"utility":38.333333333333336,"ID":2},{"utility":22,"ID":6},{"utility":76.33333333333333,"ID":10},{"utility":56,"ID":11}],[{"utility":0,"ID":3}],[{"utility":0,"ID":14}],[{"utility":48,"ID":8},{"utility":6,"ID":19}],[{"utility":11,"ID":12},{"utility":50.5,"ID":17},{"utility":17,"ID":21}],[],[],[],[],[],[],[],[],[],[],[],[],[],[],[]],"CORE :":false,"Relazioni :":870,"Time : ":0.1,"LAST PARTITION":{"22":10,"23":6,"24":22,"25":12,"26":4,"27":8,"28":10,"29":17,"30":11,"10":5,"11":2,"12":14,"13":20,"14":3,"15":15,"16":10,"17":9,"18":18,"19":16,"1":6,"2":5,"3":16,"4":9,"5":17,"6":20,"7":22,"8":14,"9":1,"20":1,"21":13}},{"Modalità dinamica :":true,"Q : ":2,"STARTING PARTITION: ":{"22":10,"23":2,"24":2,"25":3,"26":4,"27":8,"28":10,"29":5,"30":3,"10":11,"11":11,"12":15,"13":4,"14":13,"15":1,"16":10,"17":15,"18":6,"19":14,"1":7,"2":11,"3":12,"4":4,"5":9,"6":11,"7":5,"8":14,"9":8,"20":2,"21":15},"LAST COALITION":[[],[{"utility":45,"ID":1},{"utility":12,"ID":6}],[{"utility":0,"ID":24}],[{"utility":39,"ID":12},{"utility":73,"ID":16}],[{"utility":87,"ID":22},{"utility":81,"ID":30}],[{"utility":86,"ID":3},{"utility":75,"ID":29}],[{"utility":26,"ID":18},{"utility":94,"ID":27}],[{"utility":84,"ID":4},{"utility":97,"ID":11}],[{"utility":96,"ID":17},{"utility":11,"ID":19}],[{"utility":77,"ID":15},{"utility":73,"ID":25}],[{"utility":80,"ID":2},{"utility":74,"ID":8}],[{"utility":82,"ID":14},{"utility":32,"ID":26}],[{"utility":72,"ID":10},{"utility":98,"ID":28}],[{"utility":0,"ID":9}],[{"utility":91,"ID":7},{"utility":86,"ID":23}],[{"utility":0,"ID":20}],[{"utility":25,"ID":5},{"utility":81,"ID":21}],[{"utility":0,"ID":13}],[],[],[],[],[],[],[],[],[],[],[],[],[]],"STARTING COALITION: ":[[null],[{"utility":0,"ID":15}],[{"utility":77.5,"ID":20},{"utility":77.5,"ID":23},{"utility":53,"ID":24}],[{"utility":66,"ID":25},{"utility":60,"ID":30}],[{"utility":51.5,"ID":4},{"utility":52,"ID":13},{"utility":51.5,"ID":26}],[{"utility":29,"ID":7},{"utility":94,"ID":29}],[{"utility":0,"ID":18}],[{"utility":0,"ID":1}],[{"utility":44,"ID":9},{"utility":47,"ID":27}],[{"utility":0,"ID":5}],[{"utility":78.5,"ID":16},{"utility":58.5,"ID":22},{"utility":41.5,"ID":28}],[{"utility":38.333333333333336,"ID":2},{"utility":22,"ID":6},{"utility":76.33333333333333,"ID":10},{"utility":56,"ID":11}],[{"utility":0,"ID":3}],[{"utility":0,"ID":14}],[{"utility":48,"ID":8},{"utility":6,"ID":19}],[{"utility":11,"ID":12},{"utility":50.5,"ID":17},{"utility":17,"ID":21}],[],[],[],[],[],[],[],[],[],[],[],[],[],[],[]],"CORE :":false,"Relazioni :":870,"Time : ":0.1,"LAST PARTITION":{"22":4,"23":14,"24":2,"25":9,"26":11,"27":6,"28":12,"29":5,"30":4,"10":12,"11":7,"12":3,"13":17,"14":11,"15":9,"16":3,"17":8,"18":6,"19":8,"1":1,"2":10,"3":5,"4":7,"5":16,"6":1,"7":14,"8":10,"9":13,"20":15,"21":16}},{"Modalità dinamica :":true,"Q : ":3,"STARTING PARTITION: ":{"22":10,"23":2,"24":2,"25":3,"26":4,"27":8,"28":10,"29":5,"30":3,"10":11,"11":11,"12":15,"13":4,"14":13,"15":1,"16":10,"17":15,"18":6,"19":14,"1":7,"2":11,"3":12,"4":4,"5":9,"6":11,"7":5,"8":14,"9":8,"20":2,"21":15},"LAST COALITION":[[],[{"utility":0,"ID":7}],[{"utility":44,"ID":10},{"utility":98,"ID":14}],[{"utility":0,"ID":3}],[{"utility":74,"ID":1},{"utility":54,"ID":5}],[{"utility":88.5,"ID":16},{"utility":65.5,"ID":28},{"utility":48.5,"ID":30}],[],[{"utility":66,"ID":20},{"utility":82,"ID":23}],[{"utility":90,"ID":17},{"utility":90.5,"ID":25},{"utility":39.5,"ID":26}],[{"utility":0,"ID":9}],[{"utility":62,"ID":12},{"utility":92,"ID":29}],[{"utility":83,"ID":11},{"utility":89,"ID":22}],[{"utility":96,"ID":6},{"utility":86,"ID":13}],[{"utility":67,"ID":4},{"utility":65.5,"ID":19},{"utility":50,"ID":24}],[],[{"utility":80,"ID":2},{"utility":74,"ID":8}],[],[],[{"utility":82,"ID":15},{"utility":83,"ID":18}],[],[{"utility":26,"ID":21},{"utility":61,"ID":27}],[],[],[],[],[],[],[],[],[],[]],"STARTING COALITION: ":[[null],[{"utility":0,"ID":15}],[{"utility":77.5,"ID":20},{"utility":77.5,"ID":23},{"utility":53,"ID":24}],[{"utility":66,"ID":25},{"utility":60,"ID":30}],[{"utility":51.5,"ID":4},{"utility":52,"ID":13},{"utility":51.5,"ID":26}],[{"utility":29,"ID":7},{"utility":94,"ID":29}],[{"utility":0,"ID":18}],[{"utility":0,"ID":1}],[{"utility":44,"ID":9},{"utility":47,"ID":27}],[{"utility":0,"ID":5}],[{"utility":78.5,"ID":16},{"utility":58.5,"ID":22},{"utility":41.5,"ID":28}],[{"utility":38.333333333333336,"ID":2},{"utility":22,"ID":6},{"utility":76.33333333333333,"ID":10},{"utility":56,"ID":11}],[{"utility":0,"ID":3}],[{"utility":0,"ID":14}],[{"utility":48,"ID":8},{"utility":6,"ID":19}],[{"utility":11,"ID":12},{"utility":50.5,"ID":17},{"utility":17,"ID":21}],[],[],[],[],[],[],[],[],[],[],[],[],[],[],[]],"CORE :":false,"Relazioni :":870,"Time : ":0.1,"LAST PARTITION":{"22":11,"23":7,"24":13,"25":8,"26":8,"27":20,"28":5,"29":10,"30":5,"10":2,"11":11,"12":10,"13":12,"14":2,"15":18,"16":5,"17":8,"18":18,"19":13,"1":4,"2":15,"3":3,"4":13,"5":4,"6":12,"7":1,"8":15,"9":9,"20":7,"21":20}},{"Modalità dinamica :":true,"Q : ":4,"STARTING PARTITION: ":{"22":10,"23":2,"24":2,"25":3,"26":4,"27":8,"28":10,"29":5,"30":3,"10":11,"11":11,"12":15,"13":4,"14":13,"15":1,"16":10,"17":15,"18":6,"19":14,"1":7,"2":11,"3":12,"4":4,"5":9,"6":11,"7":5,"8":14,"9":8,"20":2,"21":15},"LAST COALITION":[[],[{"utility":11,"ID":3},{"utility":78.5,"ID":12},{"utility":37.5,"ID":27}],[{"utility":84,"ID":8},{"utility":84,"ID":13}],[{"utility":76,"ID":19},{"utility":89,"ID":22}],[{"utility":75,"ID":21},{"utility":98,"ID":24}],[{"utility":97,"ID":14},{"utility":99,"ID":30}],[{"utility":0,"ID":10}],[{"utility":0,"ID":29}],[],[{"utility":91,"ID":6},{"utility":92,"ID":26}],[{"utility":86,"ID":15},{"utility":70,"ID":17}],[{"utility":84,"ID":4},{"utility":97,"ID":11}],[],[{"utility":91,"ID":7},{"utility":86,"ID":23}],[{"utility":92,"ID":9},{"utility":91,"ID":20}],[{"utility":0,"ID":2}],[{"utility":92,"ID":16},{"utility":93,"ID":25}],[{"utility":82,"ID":1},{"utility":77,"ID":18}],[{"utility":72,"ID":5},{"utility":87,"ID":28}],[],[],[],[],[],[],[],[],[],[],[],[]],"STARTING COALITION: ":[[null],[{"utility":0,"ID":15}],[{"utility":77.5,"ID":20},{"utility":77.5,"ID":23},{"utility":53,"ID":24}],[{"utility":66,"ID":25},{"utility":60,"ID":30}],[{"utility":51.5,"ID":4},{"utility":52,"ID":13},{"utility":51.5,"ID":26}],[{"utility":29,"ID":7},{"utility":94,"ID":29}],[{"utility":0,"ID":18}],[{"utility":0,"ID":1}],[{"utility":44,"ID":9},{"utility":47,"ID":27}],[{"utility":0,"ID":5}],[{"utility":78.5,"ID":16},{"utility":58.5,"ID":22},{"utility":41.5,"ID":28}],[{"utility":38.333333333333336,"ID":2},{"utility":22,"ID":6},{"utility":76.33333333333333,"ID":10},{"utility":56,"ID":11}],[{"utility":0,"ID":3}],[{"utility":0,"ID":14}],[{"utility":48,"ID":8},{"utility":6,"ID":19}],[{"utility":11,"ID":12},{"utility":50.5,"ID":17},{"utility":17,"ID":21}],[],[],[],[],[],[],[],[],[],[],[],[],[],[],[]],"CORE :":false,"Relazioni :":870,"Time : ":0.1,"LAST PARTITION":{"22":3,"23":13,"24":4,"25":16,"26":9,"27":1,"28":18,"29":7,"30":5,"10":6,"11":11,"12":1,"13":2,"14":5,"15":10,"16":16,"17":10,"18":17,"19":3,"1":17,"2":15,"3":1,"4":11,"5":18,"6":9,"7":13,"8":2,"9":14,"20":14,"21":4}},{"Modalità dinamica :":true,"Q : ":5,"STARTING PARTITION: ":{"22":10,"23":2,"24":2,"25":3,"26":4,"27":8,"28":10,"29":5,"30":3,"10":11,"11":11,"12":15,"13":4,"14":13,"15":1,"16":10,"17":15,"18":6,"19":14,"1":7,"2":11,"3":12,"4":4,"5":9,"6":11,"7":5,"8":14,"9":8,"20":2,"21":15},"LAST COALITION":[[],[],[{"utility":0,"ID":6}],[{"utility":82,"ID":1},{"utility":77,"ID":18}],[{"utility":80,"ID":2},{"utility":74,"ID":8}],[{"utility":62,"ID":12},{"utility":92,"ID":29}],[{"utility":2,"ID":5},{"utility":96,"ID":13}],[{"utility":75,"ID":21},{"utility":98,"ID":24}],[{"utility":92,"ID":9},{"utility":91,"ID":20}],[{"utility":92,"ID":16},{"utility":93,"ID":25}],[{"utility":76,"ID":27},{"utility":64,"ID":28}],[{"utility":84,"ID":4},{"utility":97,"ID":11}],[{"utility":91,"ID":7},{"utility":86,"ID":23}],[{"utility":95,"ID":3},{"utility":43,"ID":19}],[{"utility":0,"ID":14}],[{"utility":0,"ID":26}],[{"utility":53.5,"ID":10},{"utility":62.5,"ID":15},{"utility":79.5,"ID":17}],[],[],[{"utility":87,"ID":22},{"utility":81,"ID":30}],[],[],[],[],[],[],[],[],[],[],[]],"STARTING COALITION: ":[[null],[{"utility":0,"ID":15}],[{"utility":77.5,"ID":20},{"utility":77.5,"ID":23},{"utility":53,"ID":24}],[{"utility":66,"ID":25},{"utility":60,"ID":30}],[{"utility":51.5,"ID":4},{"utility":52,"ID":13},{"utility":51.5,"ID":26}],[{"utility":29,"ID":7},{"utility":94,"ID":29}],[{"utility":0,"ID":18}],[{"utility":0,"ID":1}],[{"utility":44,"ID":9},{"utility":47,"ID":27}],[{"utility":0,"ID":5}],[{"utility":78.5,"ID":16},{"utility":58.5,"ID":22},{"utility":41.5,"ID":28}],[{"utility":38.333333333333336,"ID":2},{"utility":22,"ID":6},{"utility":76.33333333333333,"ID":10},{"utility":56,"ID":11}],[{"utility":0,"ID":3}],[{"utility":0,"ID":14}],[{"utility":48,"ID":8},{"utility":6,"ID":19}],[{"utility":11,"ID":12},{"utility":50.5,"ID":17},{"utility":17,"ID":21}],[],[],[],[],[],[],[],[],[],[],[],[],[],[],[]],"CORE :":false,"Relazioni :":870,"Time : ":0.1,"LAST PARTITION":{"22":19,"23":12,"24":7,"25":9,"26":15,"27":10,"28":10,"29":5,"30":19,"10":16,"11":11,"12":5,"13":6,"14":14,"15":16,"16":9,"17":16,"18":3,"19":13,"1":3,"2":4,"3":13,"4":11,"5":6,"6":2,"7":12,"8":4,"9":8,"20":8,"21":7}},{"Modalità dinamica :":true,"Q : ":6,"STARTING PARTITION: ":{"22":10,"23":2,"24":2,"25":3,"26":4,"27":8,"28":10,"29":5,"30":3,"10":11,"11":11,"12":15,"13":4,"14":13,"15":1,"16":10,"17":15,"18":6,"19":14,"1":7,"2":11,"3":12,"4":4,"5":9,"6":11,"7":5,"8":14,"9":8,"20":2,"21":15},"LAST COALITION":[[],[{"utility":77,"ID":16},{"utility":76,"ID":26}],[{"utility":84,"ID":19},{"utility":46,"ID":21}],[{"utility":0,"ID":1}],[{"utility":96,"ID":5},{"utility":40,"ID":22}],[{"utility":77,"ID":15},{"utility":73,"ID":25}],[{"utility":0,"ID":4}],[{"utility":72,"ID":10},{"utility":98,"ID":28}],[{"utility":96,"ID":18},{"utility":92,"ID":24}],[{"utility":0,"ID":23}],[{"utility":82,"ID":17},{"utility":77,"ID":27}],[{"utility":29,"ID":7},{"utility":94,"ID":29}],[{"utility":0,"ID":3}],[{"utility":96,"ID":6},{"utility":86,"ID":13}],[{"utility":92,"ID":9},{"utility":91,"ID":20}],[{"utility":92,"ID":2},{"utility":34,"ID":11}],[{"utility":97,"ID":14},{"utility":99,"ID":30}],[{"utility":90,"ID":8},{"utility":53,"ID":12}],[],[],[],[],[],[],[],[],[],[],[],[],[]],"STARTING COALITION: ":[[null],[{"utility":0,"ID":15}],[{"utility":77.5,"ID":20},{"utility":77.5,"ID":23},{"utility":53,"ID":24}],[{"utility":66,"ID":25},{"utility":60,"ID":30}],[{"utility":51.5,"ID":4},{"utility":52,"ID":13},{"utility":51.5,"ID":26}],[{"utility":29,"ID":7},{"utility":94,"ID":29}],[{"utility":0,"ID":18}],[{"utility":0,"ID":1}],[{"utility":44,"ID":9},{"utility":47,"ID":27}],[{"utility":0,"ID":5}],[{"utility":78.5,"ID":16},{"utility":58.5,"ID":22},{"utility":41.5,"ID":28}],[{"utility":38.333333333333336,"ID":2},{"utility":22,"ID":6},{"utility":76.33333333333333,"ID":10},{"utility":56,"ID":11}],[{"utility":0,"ID":3}],[{"utility":0,"ID":14}],[{"utility":48,"ID":8},{"utility":6,"ID":19}],[{"utility":11,"ID":12},{"utility":50.5,"ID":17},{"utility":17,"ID":21}],[],[],[],[],[],[],[],[],[],[],[],[],[],[],[]],"CORE :":false,"Relazioni :":870,"Time : ":0.1,"LAST PARTITION":{"22":4,"23":9,"24":8,"25":5,"26":1,"27":10,"28":7,"29":11,"30":16,"10":7,"11":15,"12":17,"13":13,"14":16,"15":5,"16":1,"17":10,"18":8,"19":2,"1":3,"2":15,"3":12,"4":6,"5":4,"6":13,"7":11,"8":17,"9":14,"20":14,"21":2}},{"Modalità dinamica :":true,"Q : ":7,"STARTING PARTITION: ":{"22":10,"23":2,"24":2,"25":3,"26":4,"27":8,"28":10,"29":5,"30":3,"10":11,"11":11,"12":15,"13":4,"14":13,"15":1,"16":10,"17":15,"18":6,"19":14,"1":7,"2":11,"3":12,"4":4,"5":9,"6":11,"7":5,"8":14,"9":8,"20":2,"21":15},"LAST COALITION":[[],[{"utility":53,"ID":26},{"utility":86,"ID":28}],[{"utility":4,"ID":4},{"utility":82,"ID":5}],[{"utility":0,"ID":24}],[{"utility":0,"ID":20}],[{"utility":44,"ID":1},{"utility":94,"ID":7}],[{"utility":97,"ID":14},{"utility":99,"ID":30}],[{"utility":86,"ID":15},{"utility":70,"ID":17}],[{"utility":76,"ID":19},{"utility":89,"ID":22}],[{"utility":0,"ID":10}],[{"utility":62,"ID":12},{"utility":92,"ID":29}],[{"utility":92,"ID":16},{"utility":93,"ID":25}],[{"utility":81,"ID":3},{"utility":39,"ID":18}],[{"utility":92,"ID":2},{"utility":34,"ID":11}],[{"utility":96,"ID":6},{"utility":86,"ID":13}],[],[{"utility":0,"ID":23}],[{"utility":36,"ID":8},{"utility":76,"ID":27}],[{"utility":0,"ID":9}],[{"utility":0,"ID":21}],[],[],[],[],[],[],[],[],[],[],[]],"STARTING COALITION: ":[[null],[{"utility":0,"ID":15}],[{"utility":77.5,"ID":20},{"utility":77.5,"ID":23},{"utility":53,"ID":24}],[{"utility":66,"ID":25},{"utility":60,"ID":30}],[{"utility":51.5,"ID":4},{"utility":52,"ID":13},{"utility":51.5,"ID":26}],[{"utility":29,"ID":7},{"utility":94,"ID":29}],[{"utility":0,"ID":18}],[{"utility":0,"ID":1}],[{"utility":44,"ID":9},{"utility":47,"ID":27}],[{"utility":0,"ID":5}],[{"utility":78.5,"ID":16},{"utility":58.5,"ID":22},{"utility":41.5,"ID":28}],[{"utility":38.333333333333336,"ID":2},{"utility":22,"ID":6},{"utility":76.33333333333333,"ID":10},{"utility":56,"ID":11}],[{"utility":0,"ID":3}],[{"utility":0,"ID":14}],[{"utility":48,"ID":8},{"utility":6,"ID":19}],[{"utility":11,"ID":12},{"utility":50.5,"ID":17},{"utility":17,"ID":21}],[],[],[],[],[],[],[],[],[],[],[],[],[],[],[]],"CORE :":false,"Relazioni :":870,"Time : ":0.1,"LAST PARTITION":{"22":8,"23":16,"24":3,"25":11,"26":1,"27":17,"28":1,"29":10,"30":6,"10":9,"11":13,"12":10,"13":14,"14":6,"15":7,"16":11,"17":7,"18":12,"19":8,"1":5,"2":13,"3":12,"4":2,"5":2,"6":14,"7":5,"8":17,"9":18,"20":4,"21":19}},{"Modalità dinamica :":true,"Q : ":8,"STARTING PARTITION: ":{"22":10,"23":2,"24":2,"25":3,"26":4,"27":8,"28":10,"29":5,"30":3,"10":11,"11":11,"12":15,"13":4,"14":13,"15":1,"16":10,"17":15,"18":6,"19":14,"1":7,"2":11,"3":12,"4":4,"5":9,"6":11,"7":5,"8":14,"9":8,"20":2,"21":15},"LAST COALITION":[[],[{"utility":78,"ID":3},{"utility":71.5,"ID":26},{"utility":77,"ID":29}],[{"utility":0,"ID":27}],[{"utility":83,"ID":11},{"utility":89,"ID":22}],[{"utility":92,"ID":9},{"utility":91,"ID":20}],[],[{"utility":86,"ID":15},{"utility":70,"ID":17}],[{"utility":0,"ID":28}],[{"utility":72,"ID":5},{"utility":56,"ID":14}],[{"utility":41,"ID":4},{"utility":75,"ID":19}],[{"utility":63,"ID":7},{"utility":6,"ID":30}],[],[{"utility":75,"ID":21},{"utility":98,"ID":24}],[{"utility":90,"ID":8},{"utility":53,"ID":12}],[{"utility":96,"ID":6},{"utility":86,"ID":13}],[{"utility":92,"ID":16},{"utility":93,"ID":25}],[{"utility":82,"ID":2},{"utility":32,"ID":23}],[{"utility":0,"ID":10}],[{"utility":82,"ID":1},{"utility":77,"ID":18}],[],[],[],[],[],[],[],[],[],[],[],[]],"STARTING COALITION: ":[[null],[{"utility":0,"ID":15}],[{"utility":77.5,"ID":20},{"utility":77.5,"ID":23},{"utility":53,"ID":24}],[{"utility":66,"ID":25},{"utility":60,"ID":30}],[{"utility":51.5,"ID":4},{"utility":52,"ID":13},{"utility":51.5,"ID":26}],[{"utility":29,"ID":7},{"utility":94,"ID":29}],[{"utility":0,"ID":18}],[{"utility":0,"ID":1}],[{"utility":44,"ID":9},{"utility":47,"ID":27}],[{"utility":0,"ID":5}],[{"utility":78.5,"ID":16},{"utility":58.5,"ID":22},{"utility":41.5,"ID":28}],[{"utility":38.333333333333336,"ID":2},{"utility":22,"ID":6},{"utility":76.33333333333333,"ID":10},{"utility":56,"ID":11}],[{"utility":0,"ID":3}],[{"utility":0,"ID":14}],[{"utility":48,"ID":8},{"utility":6,"ID":19}],[{"utility":11,"ID":12},{"utility":50.5,"ID":17},{"utility":17,"ID":21}],[],[],[],[],[],[],[],[],[],[],[],[],[],[],[]],"CORE :":false,"Relazioni :":870,"Time : ":0.1,"LAST PARTITION":{"22":3,"23":16,"24":12,"25":15,"26":1,"27":2,"28":7,"29":1,"30":10,"10":17,"11":3,"12":13,"13":14,"14":8,"15":6,"16":15,"17":6,"18":18,"19":9,"1":18,"2":16,"3":1,"4":9,"5":8,"6":14,"7":10,"8":13,"9":4,"20":4,"21":12}},{"Modalità dinamica :":true,"Q : ":9,"STARTING PARTITION: ":{"22":10,"23":2,"24":2,"25":3,"26":4,"27":8,"28":10,"29":5,"30":3,"10":11,"11":11,"12":15,"13":4,"14":13,"15":1,"16":10,"17":15,"18":6,"19":14,"1":7,"2":11,"3":12,"4":4,"5":9,"6":11,"7":5,"8":14,"9":8,"20":2,"21":15},"LAST COALITION":[[],[{"utility":0,"ID":3}],[{"utility":41,"ID":8},{"utility":91,"ID":21}],[{"utility":56.5,"ID":4},{"utility":49.5,"ID":27},{"utility":57.5,"ID":29}],[{"utility":96,"ID":6},{"utility":86,"ID":13}],[{"utility":0,"ID":26}],[{"utility":0,"ID":1}],[{"utility":0,"ID":14}],[{"utility":92,"ID":16},{"utility":93,"ID":25}],[{"utility":92,"ID":9},{"utility":91,"ID":20}],[{"utility":0,"ID":17}],[{"utility":76,"ID":19},{"utility":89,"ID":22}],[{"utility":70,"ID":11},{"utility":94,"ID":30}],[{"utility":0,"ID":10}],[],[{"utility":0,"ID":15}],[{"utility":96,"ID":18},{"utility":92,"ID":24}],[{"utility":0,"ID":5}],[{"utility":46,"ID":2},{"utility":89,"ID":28}],[{"utility":0,"ID":12}],[{"utility":91,"ID":7},{"utility":86,"ID":23}],[],[],[],[],[],[],[],[],[],[]],"STARTING COALITION: ":[[null],[{"utility":0,"ID":15}],[{"utility":77.5,"ID":20},{"utility":77.5,"ID":23},{"utility":53,"ID":24}],[{"utility":66,"ID":25},{"utility":60,"ID":30}],[{"utility":51.5,"ID":4},{"utility":52,"ID":13},{"utility":51.5,"ID":26}],[{"utility":29,"ID":7},{"utility":94,"ID":29}],[{"utility":0,"ID":18}],[{"utility":0,"ID":1}],[{"utility":44,"ID":9},{"utility":47,"ID":27}],[{"utility":0,"ID":5}],[{"utility":78.5,"ID":16},{"utility":58.5,"ID":22},{"utility":41.5,"ID":28}],[{"utility":38.333333333333336,"ID":2},{"utility":22,"ID":6},{"utility":76.33333333333333,"ID":10},{"utility":56,"ID":11}],[{"utility":0,"ID":3}],[{"utility":0,"ID":14}],[{"utility":48,"ID":8},{"utility":6,"ID":19}],[{"utility":11,"ID":12},{"utility":50.5,"ID":17},{"utility":17,"ID":21}],[],[],[],[],[],[],[],[],[],[],[],[],[],[],[]],"CORE :":false,"Relazioni :":870,"Time : ":0.1,"LAST PARTITION":{"22":11,"23":20,"24":16,"25":8,"26":5,"27":3,"28":18,"29":3,"30":12,"10":13,"11":12,"12":19,"13":4,"14":7,"15":15,"16":8,"17":10,"18":16,"19":11,"1":6,"2":18,"3":1,"4":3,"5":17,"6":4,"7":20,"8":2,"9":9,"20":9,"21":2}},{"Modalità dinamica :":true,"Q : ":10,"STARTING PARTITION: ":{"22":10,"23":2,"24":2,"25":3,"26":4,"27":8,"28":10,"29":5,"30":3,"10":11,"11":11,"12":15,"13":4,"14":13,"15":1,"16":10,"17":15,"18":6,"19":14,"1":7,"2":11,"3":12,"4":4,"5":9,"6":11,"7":5,"8":14,"9":8,"20":2,"21":15},"LAST COALITION":[[],[{"utility":93,"ID":4},{"utility":94,"ID":24}],[{"utility":0,"ID":2}],[{"utility":95,"ID":13},{"utility":73,"ID":18}],[{"utility":46.333333333333336,"ID":16},{"utility":66.66666666666667,"ID":17},{"utility":47.333333333333336,"ID":22},{"utility":60.666666666666664,"ID":27}],[{"utility":0,"ID":20}],[{"utility":91,"ID":6},{"utility":92,"ID":26}],[{"utility":77,"ID":5},{"utility":92,"ID":25}],[{"utility":90,"ID":21},{"utility":78,"ID":29}],[{"utility":0,"ID":7}],[{"utility":54,"ID":1},{"utility":55,"ID":12}],[{"utility":0,"ID":28}],[{"utility":0,"ID":15}],[{"utility":0,"ID":19}],[{"utility":43,"ID":8},{"utility":62,"ID":23}],[],[{"utility":97,"ID":14},{"utility":99,"ID":30}],[],[{"utility":76,"ID":9},{"utility":69,"ID":10}],[{"utility":54,"ID":3},{"utility":61,"ID":11}],[],[],[],[],[],[],[],[],[],[],[]],"STARTING COALITION: ":[[null],[{"utility":0,"ID":15}],[{"utility":77.5,"ID":20},{"utility":77.5,"ID":23},{"utility":53,"ID":24}],[{"utility":66,"ID":25},{"utility":60,"ID":30}],[{"utility":51.5,"ID":4},{"utility":52,"ID":13},{"utility":51.5,"ID":26}],[{"utility":29,"ID":7},{"utility":94,"ID":29}],[{"utility":0,"ID":18}],[{"utility":0,"ID":1}],[{"utility":44,"ID":9},{"utility":47,"ID":27}],[{"utility":0,"ID":5}],[{"utility":78.5,"ID":16},{"utility":58.5,"ID":22},{"utility":41.5,"ID":28}],[{"utility":38.333333333333336,"ID":2},{"utility":22,"ID":6},{"utility":76.33333333333333,"ID":10},{"utility":56,"ID":11}],[{"utility":0,"ID":3}],[{"utility":0,"ID":14}],[{"utility":48,"ID":8},{"utility":6,"ID":19}],[{"utility":11,"ID":12},{"utility":50.5,"ID":17},{"utility":17,"ID":21}],[],[],[],[],[],[],[],[],[],[],[],[],[],[],[]],"CORE :":false,"Relazioni :":870,"Time : ":0.1,"LAST PARTITION":{"22":4,"23":14,"24":1,"25":7,"26":6,"27":4,"28":11,"29":8,"30":16,"10":18,"11":19,"12":10,"13":3,"14":16,"15":12,"16":4,"17":4,"18":3,"19":13,"1":10,"2":2,"3":19,"4":1,"5":7,"6":6,"7":9,"8":14,"9":18,"20":5,"21":8}},{"END OF FILE:" : true}]