[{"Modalità dinamica :":false,"Q : ":2,"STARTING PARTITION: ":{"22":5,"23":15,"24":2,"25":13,"26":3,"27":2,"28":8,"29":4,"30":7,"10":9,"11":3,"12":7,"13":5,"14":13,"15":14,"16":1,"17":4,"18":3,"19":14,"1":15,"2":15,"3":1,"4":11,"5":6,"6":1,"7":3,"8":15,"9":15,"20":14,"21":13},"LAST COALITION":[[],[],[{"utility":14,"ID":24},{"utility":9,"ID":27}],[{"utility":76,"ID":11},{"utility":73,"ID":26}],[{"utility":0,"ID":29}],[{"utility":0,"ID":13}],[{"utility":95,"ID":1},{"utility":66,"ID":17}],[{"utility":76,"ID":12},{"utility":63,"ID":30}],[{"utility":97,"ID":3},{"utility":86,"ID":10}],[{"utility":0,"ID":18}],[{"utility":0,"ID":16}],[{"utility":0,"ID":22}],[{"utility":93,"ID":2},{"utility":54,"ID":28}],[{"utility":75.5,"ID":14},{"utility":89.5,"ID":21},{"utility":78,"ID":25}],[{"utility":67,"ID":15},{"utility":75.5,"ID":19},{"utility":56.5,"ID":20}],[{"utility":79,"ID":8},{"utility":94,"ID":9}],[{"utility":72,"ID":4},{"utility":80,"ID":6}],[{"utility":84,"ID":5},{"utility":82,"ID":23}],[{"utility":0,"ID":7}],[],[],[],[],[],[],[],[],[],[],[],[]],"STARTING COALITION: ":[[null],[{"utility":61.5,"ID":3},{"utility":43,"ID":6},{"utility":16,"ID":16}],[{"utility":14,"ID":24},{"utility":9,"ID":27}],[{"utility":36,"ID":7},{"utility":55.666666666666664,"ID":11},{"utility":36,"ID":18},{"utility":40.333333333333336,"ID":26}],[{"utility":21,"ID":17},{"utility":8,"ID":29}],[{"utility":86,"ID":13},{"utility":1,"ID":22}],[{"utility":0,"ID":5}],[{"utility":76,"ID":12},{"utility":63,"ID":30}],[{"utility":0,"ID":28}],[{"utility":0,"ID":10}],[],[{"utility":0,"ID":4}],[],[{"utility":75.5,"ID":14},{"utility":89.5,"ID":21},{"utility":78,"ID":25}],[{"utility":67,"ID":15},{"utility":75.5,"ID":19},{"utility":56.5,"ID":20}],[{"utility":39.5,"ID":1},{"utility":52.75,"ID":2},{"utility":81,"ID":8},{"utility":59.25,"ID":9},{"utility":51.5,"ID":23}],[],[],[],[],[],[],[],[],[],[],[],[],[],[],[]],"CORE :":false,"Relazioni :":870,"Time : ":0.1,"LAST PARTITION":{"22":11,"23":17,"24":2,"25":13,"26":3,"27":2,"28":12,"29":4,"30":7,"10":8,"11":3,"12":7,"13":5,"14":13,"15":14,"16":10,"17":6,"18":9,"19":14,"1":6,"2":12,"3":8,"4":16,"5":17,"6":16,"7":18,"8":15,"9":15,"20":14,"21":13}},{"Modalità dinamica :":false,"Q : ":3,"STARTING PARTITION: ":{"22":5,"23":15,"24":2,"25":13,"26":3,"27":2,"28":8,"29":4,"30":7,"10":9,"11":3,"12":7,"13":5,"14":13,"15":14,"16":1,"17":4,"18":3,"19":14,"1":15,"2":15,"3":1,"4":11,"5":6,"6":1,"7":3,"8":15,"9":15,"20":14,"21":13},"LAST COALITION":[[],[{"utility":0,"ID":4}],[{"utility":14,"ID":24},{"utility":9,"ID":27}],[{"utility":76,"ID":11},{"utility":73,"ID":26}],[{"utility":0,"ID":29}],[{"utility":0,"ID":13}],[{"utility":95,"ID":1},{"utility":66,"ID":17}],[{"utility":76,"ID":12},{"utility":63,"ID":30}],[{"utility":97,"ID":3},{"utility":86,"ID":10}],[{"utility":0,"ID":18}],[{"utility":0,"ID":16}],[{"utility":0,"ID":22}],[{"utility":93,"ID":2},{"utility":54,"ID":28}],[{"utility":75.5,"ID":14},{"utility":89.5,"ID":21},{"utility":78,"ID":25}],[{"utility":67,"ID":15},{"utility":75.5,"ID":19},{"utility":56.5,"ID":20}],[{"utility":79,"ID":8},{"utility":94,"ID":9}],[],[{"utility":84,"ID":5},{"utility":82,"ID":23}],[{"utility":49,"ID":6},{"utility":83,"ID":7}],[],[],[],[],[],[],[],[],[],[],[],[]],"STARTING COALITION: ":[[null],[{"utility":61.5,"ID":3},{"utility":43,"ID":6},{"utility":16,"ID":16}],[{"utility":14,"ID":24},{"utility":9,"ID":27}],[{"utility":36,"ID":7},{"utility":55.666666666666664,"ID":11},{"utility":36,"ID":18},{"utility":40.333333333333336,"ID":26}],[{"utility":21,"ID":17},{"utility":8,"ID":29}],[{"utility":86,"ID":13},{"utility":1,"ID":22}],[{"utility":0,"ID":5}],[{"utility":76,"ID":12},{"utility":63,"ID":30}],[{"utility":0,"ID":28}],[{"utility":0,"ID":10}],[],[{"utility":0,"ID":4}],[],[{"utility":75.5,"ID":14},{"utility":89.5,"ID":21},{"utility":78,"ID":25}],[{"utility":67,"ID":15},{"utility":75.5,"ID":19},{"utility":56.5,"ID":20}],[{"utility":39.5,"ID":1},{"utility":52.75,"ID":2},{"utility":81,"ID":8},{"utility":59.25,"ID":9},{"utility":51.5,"ID":23}],[],[],[],[],[],[],[],[],[],[],[],[],[],[],[]],"CORE :":false,"Relazioni :":870,"Time : ":0.1,"LAST PARTITION":{"22":11,"23":17,"24":2,"25":13,"26":3,"27":2,"28":12,"29":4,"30":7,"10":8,"11":3,"12":7,"13":5,"14":13,"15":14,"16":10,"17":6,"18":9,"19":14,"1":6,"2":12,"3":8,"4":1,"5":17,"6":18,"7":18,"8":15,"9":15,"20":14,"21":13}},{"Modalità dinamica :":false,"Q : ":4,"STARTING PARTITION: ":{"22":5,"23":15,"24":2,"25":13,"26":3,"27":2,"28":8,"29":4,"30":7,"10":9,"11":3,"12":7,"13":5,"14":13,"15":14,"16":1,"17":4,"18":3,"19":14,"1":15,"2":15,"3":1,"4":11,"5":6,"6":1,"7":3,"8":15,"9":15,"20":14,"21":13},"LAST COALITION":[[],[{"utility":98,"ID":4},{"utility":39,"ID":7}],[{"utility":14,"ID":24},{"utility":9,"ID":27}],[{"utility":76,"ID":11},{"utility":73,"ID":26}],[{"utility":0,"ID":29}],[{"utility":0,"ID":13}],[{"utility":95,"ID":1},{"utility":66,"ID":17}],[{"utility":76,"ID":12},{"utility":63,"ID":30}],[{"utility":97,"ID":3},{"utility":86,"ID":10}],[{"utility":0,"ID":18}],[{"utility":0,"ID":16}],[{"utility":0,"ID":22}],[{"utility":93,"ID":2},{"utility":54,"ID":28}],[{"utility":75.5,"ID":14},{"utility":89.5,"ID":21},{"utility":78,"ID":25}],[{"utility":67,"ID":15},{"utility":75.5,"ID":19},{"utility":56.5,"ID":20}],[{"utility":79,"ID":8},{"utility":94,"ID":9}],[{"utility":0,"ID":6}],[{"utility":84,"ID":5},{"utility":82,"ID":23}],[],[],[],[],[],[],[],[],[],[],[],[],[]],"STARTING COALITION: ":[[null],[{"utility":61.5,"ID":3},{"utility":43,"ID":6},{"utility":16,"ID":16}],[{"utility":14,"ID":24},{"utility":9,"ID":27}],[{"utility":36,"ID":7},{"utility":55.666666666666664,"ID":11},{"utility":36,"ID":18},{"utility":40.333333333333336,"ID":26}],[{"utility":21,"ID":17},{"utility":8,"ID":29}],[{"utility":86,"ID":13},{"utility":1,"ID":22}],[{"utility":0,"ID":5}],[{"utility":76,"ID":12},{"utility":63,"ID":30}],[{"utility":0,"ID":28}],[{"utility":0,"ID":10}],[],[{"utility":0,"ID":4}],[],[{"utility":75.5,"ID":14},{"utility":89.5,"ID":21},{"utility":78,"ID":25}],[{"utility":67,"ID":15},{"utility":75.5,"ID":19},{"utility":56.5,"ID":20}],[{"utility":39.5,"ID":1},{"utility":52.75,"ID":2},{"utility":81,"ID":8},{"utility":59.25,"ID":9},{"utility":51.5,"ID":23}],[],[],[],[],[],[],[],[],[],[],[],[],[],[],[]],"CORE :":false,"Relazioni :":870,"Time : ":0.1,"LAST PARTITION":{"22":11,"23":17,"24":2,"25":13,"26":3,"27":2,"28":12,"29":4,"30":7,"10":8,"11":3,"12":7,"13":5,"14":13,"15":14,"16":10,"17":6,"18":9,"19":14,"1":6,"2":12,"3":8,"4":1,"5":17,"6":16,"7":1,"8":15,"9":15,"20":14,"21":13}},{"Modalità dinamica :":false,"Q : ":5,"STARTING PARTITION: ":{"22":5,"23":15,"24":2,"25":13,"26":3,"27":2,"28":8,"29":4,"30":7,"10":9,"11":3,"12":7,"13":5,"14":13,"15":14,"16":1,"17":4,"18":3,"19":14,"1":15,"2":15,"3":1,"4":11,"5":6,"6":1,"7":3,"8":15,"9":15,"20":14,"21":13},"LAST COALITION":[[],[{"utility":0,"ID":4}],[{"utility":14,"ID":24},{"utility":9,"ID":27}],[{"utility":76,"ID":11},{"utility":73,"ID":26}],[{"utility":0,"ID":29}],[{"utility":0,"ID":13}],[{"utility":95,"ID":1},{"utility":66,"ID":17}],[{"utility":76,"ID":12},{"utility":63,"ID":30}],[{"utility":97,"ID":3},{"utility":86,"ID":10}],[{"utility":0,"ID":18}],[{"utility":0,"ID":16}],[{"utility":0,"ID":22}],[{"utility":93,"ID":2},{"utility":54,"ID":28}],[{"utility":75.5,"ID":14},{"utility":89.5,"ID":21},{"utility":78,"ID":25}],[{"utility":67,"ID":15},{"utility":75.5,"ID":19},{"utility":56.5,"ID":20}],[{"utility":79,"ID":8},{"utility":94,"ID":9}],[],[{"utility":84,"ID":5},{"utility":82,"ID":23}],[{"utility":49,"ID":6},{"utility":83,"ID":7}],[],[],[],[],[],[],[],[],[],[],[],[]],"STARTING COALITION: ":[[null],[{"utility":61.5,"ID":3},{"utility":43,"ID":6},{"utility":16,"ID":16}],[{"utility":14,"ID":24},{"utility":9,"ID":27}],[{"utility":36,"ID":7},{"utility":55.666666666666664,"ID":11},{"utility":36,"ID":18},{"utility":40.333333333333336,"ID":26}],[{"utility":21,"ID":17},{"utility":8,"ID":29}],[{"utility":86,"ID":13},{"utility":1,"ID":22}],[{"utility":0,"ID":5}],[{"utility":76,"ID":12},{"utility":63,"ID":30}],[{"utility":0,"ID":28}],[{"utility":0,"ID":10}],[],[{"utility":0,"ID":4}],[],[{"utility":75.5,"ID":14},{"utility":89.5,"ID":21},{"utility":78,"ID":25}],[{"utility":67,"ID":15},{"utility":75.5,"ID":19},{"utility":56.5,"ID":20}],[{"utility":39.5,"ID":1},{"utility":52.75,"ID":2},{"utility":81,"ID":8},{"utility":59.25,"ID":9},{"utility":51.5,"ID":23}],[],[],[],[],[],[],[],[],[],[],[],[],[],[],[]],"CORE :":false,"Relazioni :":870,"Time : ":0.1,"LAST PARTITION":{"22":11,"23":17,"24":2,"25":13,"26":3,"27":2,"28":12,"29":4,"30":7,"10":8,"11":3,"12":7,"13":5,"14":13,"15":14,"16":10,"17":6,"18":9,"19":14,"1":6,"2":12,"3":8,"4":1,"5":17,"6":18,"7":18,"8":15,"9":15,"20":14,"21":13}},{"Modalità dinamica :":false,"Q : ":6,"STARTING PARTITION: ":{"22":5,"23":15,"24":2,"25":13,"26":3,"27":2,"28":8,"29":4,"30":7,"10":9,"11":3,"12":7,"13":5,"14":13,"15":14,"16":1,"17":4,"18":3,"19":14,"1":15,"2":15,"3":1,"4":11,"5":6,"6":1,"7":3,"8":15,"9":15,"20":14,"21":13},"LAST COALITION":[[],[{"utility":0,"ID":4}],[{"utility":14,"ID":24},{"utility":9,"ID":27}],[{"utility":76,"ID":11},{"utility":73,"ID":26}],[{"utility":0,"ID":29}],[{"utility":0,"ID":13}],[{"utility":95,"ID":1},{"utility":66,"ID":17}],[{"utility":76,"ID":12},{"utility":63,"ID":30}],[{"utility":97,"ID":3},{"utility":86,"ID":10}],[{"utility":0,"ID":18}],[{"utility":0,"ID":16}],[{"utility":0,"ID":22}],[{"utility":93,"ID":2},{"utility":54,"ID":28}],[{"utility":75.5,"ID":14},{"utility":89.5,"ID":21},{"utility":78,"ID":25}],[{"utility":67,"ID":15},{"utility":75.5,"ID":19},{"utility":56.5,"ID":20}],[{"utility":79,"ID":8},{"utility":94,"ID":9}],[],[{"utility":84,"ID":5},{"utility":82,"ID":23}],[{"utility":49,"ID":6},{"utility":83,"ID":7}],[],[],[],[],[],[],[],[],[],[],[],[]],"STARTING COALITION: ":[[null],[{"utility":61.5,"ID":3},{"utility":43,"ID":6},{"utility":16,"ID":16}],[{"utility":14,"ID":24},{"utility":9,"ID":27}],[{"utility":36,"ID":7},{"utility":55.666666666666664,"ID":11},{"utility":36,"ID":18},{"utility":40.333333333333336,"ID":26}],[{"utility":21,"ID":17},{"utility":8,"ID":29}],[{"utility":86,"ID":13},{"utility":1,"ID":22}],[{"utility":0,"ID":5}],[{"utility":76,"ID":12},{"utility":63,"ID":30}],[{"utility":0,"ID":28}],[{"utility":0,"ID":10}],[],[{"utility":0,"ID":4}],[],[{"utility":75.5,"ID":14},{"utility":89.5,"ID":21},{"utility":78,"ID":25}],[{"utility":67,"ID":15},{"utility":75.5,"ID":19},{"utility":56.5,"ID":20}],[{"utility":39.5,"ID":1},{"utility":52.75,"ID":2},{"utility":81,"ID":8},{"utility":59.25,"ID":9},{"utility":51.5,"ID":23}],[],[],[],[],[],[],[],[],[],[],[],[],[],[],[]],"CORE :":false,"Relazioni :":870,"Time : ":0.1,"LAST PARTITION":{"22":11,"23":17,"24":2,"25":13,"26":3,"27":2,"28":12,"29":4,"30":7,"10":8,"11":3,"12":7,"13":5,"14":13,"15":14,"16":10,"17":6,"18":9,"19":14,"1":6,"2":12,"3":8,"4":1,"5":17,"6":18,"7":18,"8":15,"9":15,"20":14,"21":13}},{"Modalità dinamica :":false,"Q : ":7,"STARTING PARTITION: ":{"22":5,"23":15,"24":2,"25":13,"26":3,"27":2,"28":8,"29":4,"30":7,"10":9,"11":3,"12":7,"13":5,"14":13,"15":14,"16":1,"17":4,"18":3,"19":14,"1":15,"2":15,"3":1,"4":11,"5":6,"6":1,"7":3,"8":15,"9":15,"20":14,"21":13},"LAST COALITION":[[],[{"utility":98,"ID":4},{"utility":39,"ID":7}],[{"utility":14,"ID":24},{"utility":9,"ID":27}],[{"utility":76,"ID":11},{"utility":73,"ID":26}],[{"utility":0,"ID":29}],[{"utility":0,"ID":13}],[{"utility":95,"ID":1},{"utility":66,"ID":17}],[{"utility":76,"ID":12},{"utility":63,"ID":30}],[{"utility":97,"ID":3},{"utility":86,"ID":10}],[{"utility":0,"ID":18}],[{"utility":0,"ID":16}],[{"utility":0,"ID":22}],[{"utility":93,"ID":2},{"utility":54,"ID":28}],[{"utility":75.5,"ID":14},{"utility":89.5,"ID":21},{"utility":78,"ID":25}],[{"utility":67,"ID":15},{"utility":75.5,"ID":19},{"utility":56.5,"ID":20}],[{"utility":79,"ID":8},{"utility":94,"ID":9}],[{"utility":0,"ID":6}],[{"utility":84,"ID":5},{"utility":82,"ID":23}],[],[],[],[],[],[],[],[],[],[],[],[],[]],"STARTING COALITION: ":[[null],[{"utility":61.5,"ID":3},{"utility":43,"ID":6},{"utility":16,"ID":16}],[{"utility":14,"ID":24},{"utility":9,"ID":27}],[{"utility":36,"ID":7},{"utility":55.666666666666664,"ID":11},{"utility":36,"ID":18},{"utility":40.333333333333336,"ID":26}],[{"utility":21,"ID":17},{"utility":8,"ID":29}],[{"utility":86,"ID":13},{"utility":1,"ID":22}],[{"utility":0,"ID":5}],[{"utility":76,"ID":12},{"utility":63,"ID":30}],[{"utility":0,"ID":28}],[{"utility":0,"ID":10}],[],[{"utility":0,"ID":4}],[],[{"utility":75.5,"ID":14},{"utility":89.5,"ID":21},{"utility":78,"ID":25}],[{"utility":67,"ID":15},{"utility":75.5,"ID":19},{"utility":56.5,"ID":20}],[{"utility":39.5,"ID":1},{"utility":52.75,"ID":2},{"utility":81,"ID":8},{"utility":59.25,"ID":9},{"utility":51.5,"ID":23}],[],[],[],[],[],[],[],[],[],[],[],[],[],[],[]],"CORE :":false,"Relazioni :":870,"Time : ":0.1,"LAST PARTITION":{"22":11,"23":17,"24":2,"25":13,"26":3,"27":2,"28":12,"29":4,"30":7,"10":8,"11":3,"12":7,"13":5,"14":13,"15":14,"16":10,"17":6,"18":9,"19":14,"1":6,"2":12,"3":8,"4":1,"5":17,"6":16,"7":1,"8":15,"9":15,"20":14,"21":13}},{"Modalità dinamica :":false,"Q : ":8,"STARTING PARTITION: ":{"22":5,"23":15,"24":2,"25":13,"26":3,"27":2,"28":8,"29":4,"30":7,"10":9,"11":3,"12":7,"13":5,"14":13,"15":14,"16":1,"17":4,"18":3,"19":14,"1":15,"2":15,"3":1,"4":11,"5":6,"6":1,"7":3,"8":15,"9":15,"20":14,"21":13},"LAST COALITION":[[],[{"utility":0,"ID":4}],[{"utility":14,"ID":24},{"utility":9,"ID":27}],[{"utility":76,"ID":11},{"utility":73,"ID":26}],[{"utility":0,"ID":29}],[{"utility":0,"ID":13}],[{"utility":95,"ID":1},{"utility":66,"ID":17}],[{"utility":76,"ID":12},{"utility":63,"ID":30}],[{"utility":97,"ID":3},{"utility":86,"ID":10}],[{"utility":0,"ID":18}],[{"utility":0,"ID":16}],[{"utility":0,"ID":22}],[{"utility":93,"ID":2},{"utility":54,"ID":28}],[{"utility":75.5,"ID":14},{"utility":89.5,"ID":21},{"utility":78,"ID":25}],[{"utility":67,"ID":15},{"utility":75.5,"ID":19},{"utility":56.5,"ID":20}],[{"utility":79,"ID":8},{"utility":94,"ID":9}],[],[{"utility":84,"ID":5},{"utility":82,"ID":23}],[{"utility":49,"ID":6},{"utility":83,"ID":7}],[],[],[],[],[],[],[],[],[],[],[],[]],"STARTING COALITION: ":[[null],[{"utility":61.5,"ID":3},{"utility":43,"ID":6},{"utility":16,"ID":16}],[{"utility":14,"ID":24},{"utility":9,"ID":27}],[{"utility":36,"ID":7},{"utility":55.666666666666664,"ID":11},{"utility":36,"ID":18},{"utility":40.333333333333336,"ID":26}],[{"utility":21,"ID":17},{"utility":8,"ID":29}],[{"utility":86,"ID":13},{"utility":1,"ID":22}],[{"utility":0,"ID":5}],[{"utility":76,"ID":12},{"utility":63,"ID":30}],[{"utility":0,"ID":28}],[{"utility":0,"ID":10}],[],[{"utility":0,"ID":4}],[],[{"utility":75.5,"ID":14},{"utility":89.5,"ID":21},{"utility":78,"ID":25}],[{"utility":67,"ID":15},{"utility":75.5,"ID":19},{"utility":56.5,"ID":20}],[{"utility":39.5,"ID":1},{"utility":52.75,"ID":2},{"utility":81,"ID":8},{"utility":59.25,"ID":9},{"utility":51.5,"ID":23}],[],[],[],[],[],[],[],[],[],[],[],[],[],[],[]],"CORE :":false,"Relazioni :":870,"Time : ":0.1,"LAST PARTITION":{"22":11,"23":17,"24":2,"25":13,"26":3,"27":2,"28":12,"29":4,"30":7,"10":8,"11":3,"12":7,"13":5,"14":13,"15":14,"16":10,"17":6,"18":9,"19":14,"1":6,"2":12,"3":8,"4":1,"5":17,"6":18,"7":18,"8":15,"9":15,"20":14,"21":13}},{"Modalità dinamica :":false,"Q : ":9,"STARTING PARTITION: ":{"22":5,"23":15,"24":2,"25":13,"26":3,"27":2,"28":8,"29":4,"30":7,"10":9,"11":3,"12":7,"13":5,"14":13,"15":14,"16":1,"17":4,"18":3,"19":14,"1":15,"2":15,"3":1,"4":11,"5":6,"6":1,"7":3,"8":15,"9":15,"20":14,"21":13},"LAST COALITION":[[],[{"utility":98,"ID":4},{"utility":39,"ID":7}],[{"utility":14,"ID":24},{"utility":9,"ID":27}],[{"utility":76,"ID":11},{"utility":73,"ID":26}],[{"utility":0,"ID":29}],[{"utility":0,"ID":13}],[{"utility":95,"ID":1},{"utility":66,"ID":17}],[{"utility":76,"ID":12},{"utility":63,"ID":30}],[{"utility":97,"ID":3},{"utility":86,"ID":10}],[{"utility":0,"ID":18}],[{"utility":0,"ID":16}],[{"utility":0,"ID":22}],[{"utility":93,"ID":2},{"utility":54,"ID":28}],[{"utility":75.5,"ID":14},{"utility":89.5,"ID":21},{"utility":78,"ID":25}],[{"utility":67,"ID":15},{"utility":75.5,"ID":19},{"utility":56.5,"ID":20}],[{"utility":79,"ID":8},{"utility":94,"ID":9}],[{"utility":0,"ID":6}],[{"utility":84,"ID":5},{"utility":82,"ID":23}],[],[],[],[],[],[],[],[],[],[],[],[],[]],"STARTING COALITION: ":[[null],[{"utility":61.5,"ID":3},{"utility":43,"ID":6},{"utility":16,"ID":16}],[{"utility":14,"ID":24},{"utility":9,"ID":27}],[{"utility":36,"ID":7},{"utility":55.666666666666664,"ID":11},{"utility":36,"ID":18},{"utility":40.333333333333336,"ID":26}],[{"utility":21,"ID":17},{"utility":8,"ID":29}],[{"utility":86,"ID":13},{"utility":1,"ID":22}],[{"utility":0,"ID":5}],[{"utility":76,"ID":12},{"utility":63,"ID":30}],[{"utility":0,"ID":28}],[{"utility":0,"ID":10}],[],[{"utility":0,"ID":4}],[],[{"utility":75.5,"ID":14},{"utility":89.5,"ID":21},{"utility":78,"ID":25}],[{"utility":67,"ID":15},{"utility":75.5,"ID":19},{"utility":56.5,"ID":20}],[{"utility":39.5,"ID":1},{"utility":52.75,"ID":2},{"utility":81,"ID":8},{"utility":59.25,"ID":9},{"utility":51.5,"ID":23}],[],[],[],[],[],[],[],[],[],[],[],[],[],[],[]],"CORE :":false,"Relazioni :":870,"Time : ":0.1,"LAST PARTITION":{"22":11,"23":17,"24":2,"25":13,"26":3,"27":2,"28":12,"29":4,"30":7,"10":8,"11":3,"12":7,"13":5,"14":13,"15":14,"16":10,"17":6,"18":9,"19":14,"1":6,"2":12,"3":8,"4":1,"5":17,"6":16,"7":1,"8":15,"9":15,"20":14,"21":13}},{"Modalità dinamica :":false,"Q : ":10,"STARTING PARTITION: ":{"22":5,"23":15,"24":2,"25":13,"26":3,"27":2,"28":8,"29":4,"30":7,"10":9,"11":3,"12":7,"13":5,"14":13,"15":14,"16":1,"17":4,"18":3,"19":14,"1":15,"2":15,"3":1,"4":11,"5":6,"6":1,"7":3,"8":15,"9":15,"20":14,"21":13},"LAST COALITION":[[],[{"utility":98,"ID":4},{"utility":39,"ID":7}],[{"utility":14,"ID":24},{"utility":9,"ID":27}],[{"utility":76,"ID":11},{"utility":73,"ID":26}],[{"utility":0,"ID":29}],[{"utility":0,"ID":13}],[{"utility":95,"ID":1},{"utility":66,"ID":17}],[{"utility":76,"ID":12},{"utility":63,"ID":30}],[{"utility":97,"ID":3},{"utility":86,"ID":10}],[{"utility":0,"ID":18}],[{"utility":0,"ID":16}],[{"utility":0,"ID":22}],[{"utility":93,"ID":2},{"utility":54,"ID":28}],[{"utility":75.5,"ID":14},{"utility":89.5,"ID":21},{"utility":78,"ID":25}],[{"utility":67,"ID":15},{"utility":75.5,"ID":19},{"utility":56.5,"ID":20}],[{"utility":79,"ID":8},{"utility":94,"ID":9}],[{"utility":0,"ID":6}],[{"utility":84,"ID":5},{"utility":82,"ID":23}],[],[],[],[],[],[],[],[],[],[],[],[],[]],"STARTING COALITION: ":[[null],[{"utility":61.5,"ID":3},{"utility":43,"ID":6},{"utility":16,"ID":16}],[{"utility":14,"ID":24},{"utility":9,"ID":27}],[{"utility":36,"ID":7},{"utility":55.666666666666664,"ID":11},{"utility":36,"ID":18},{"utility":40.333333333333336,"ID":26}],[{"utility":21,"ID":17},{"utility":8,"ID":29}],[{"utility":86,"ID":13},{"utility":1,"ID":22}],[{"utility":0,"ID":5}],[{"utility":76,"ID":12},{"utility":63,"ID":30}],[{"utility":0,"ID":28}],[{"utility":0,"ID":10}],[],[{"utility":0,"ID":4}],[],[{"utility":75.5,"ID":14},{"utility":89.5,"ID":21},{"utility":78,"ID":25}],[{"utility":67,"ID":15},{"utility":75.5,"ID":19},{"utility":56.5,"ID":20}],[{"utility":39.5,"ID":1},{"utility":52.75,"ID":2},{"utility":81,"ID":8},{"utility":59.25,"ID":9},{"utility":51.5,"ID":23}],[],[],[],[],[],[],[],[],[],[],[],[],[],[],[]],"CORE :":false,"Relazioni :":870,"Time : ":0.1,"LAST PARTITION":{"22":11,"23":17,"24":2,"25":13,"26":3,"27":2,"28":12,"29":4,"30":7,"10":8,"11":3,"12":7,"13":5,"14":13,"15":14,"16":10,"17":6,"18":9,"19":14,"1":6,"2":12,"3":8,"4":1,"5":17,"6":16,"7":1,"8":15,"9":15,"20":14,"21":13}},{"Modalità dinamica :":true,"Q : ":2,"STARTING PARTITION: ":{"22":5,"23":15,"24":2,"25":13,"26":3,"27":2,"28":8,"29":4,"30":7,"10":9,"11":3,"12":7,"13":5,"14":13,"15":14,"16":1,"17":4,"18":3,"19":14,"1":15,"2":15,"3":1,"4":11,"5":6,"6":1,"7":3,"8":15,"9":15,"20":14,"21":13},"LAST COALITION":[[],[{"utility":0,"ID":19}],[{"utility":91,"ID":2},{"utility":98,"ID":16}],[{"utility":65,"ID":4},{"utility":63,"ID":15}],[],[{"utility":93,"ID":23},{"utility":86,"ID":30}],[{"utility":0,"ID":14}],[{"utility":0,"ID":28}],[{"utility":0,"ID":26}],[{"utility":51,"ID":1},{"utility":49,"ID":13}],[{"utility":0,"ID":21}],[{"utility":83,"ID":7},{"utility":89,"ID":25}],[],[{"utility":84,"ID":12},{"utility":79,"ID":18}],[{"utility":89,"ID":10},{"utility":99,"ID":11}],[{"utility":36,"ID":17},{"utility":34,"ID":24}],[{"utility":43,"ID":3},{"utility":84,"ID":20}],[{"utility":79,"ID":8},{"utility":94,"ID":9}],[{"utility":91,"ID":6},{"utility":42,"ID":22}],[{"utility":15,"ID":5},{"utility":62,"ID":29}],[],[{"utility":0,"ID":27}],[],[],[],[],[],[],[],[],[]],"STARTING COALITION: ":[[null],[{"utility":61.5,"ID":3},{"utility":43,"ID":6},{"utility":16,"ID":16}],[{"utility":14,"ID":24},{"utility":9,"ID":27}],[{"utility":36,"ID":7},{"utility":55.666666666666664,"ID":11},{"utility":36,"ID":18},{"utility":40.333333333333336,"ID":26}],[{"utility":21,"ID":17},{"utility":8,"ID":29}],[{"utility":86,"ID":13},{"utility":1,"ID":22}],[{"utility":0,"ID":5}],[{"utility":76,"ID":12},{"utility":63,"ID":30}],[{"utility":0,"ID":28}],[{"utility":0,"ID":10}],[],[{"utility":0,"ID":4}],[],[{"utility":75.5,"ID":14},{"utility":89.5,"ID":21},{"utility":78,"ID":25}],[{"utility":67,"ID":15},{"utility":75.5,"ID":19},{"utility":56.5,"ID":20}],[{"utility":39.5,"ID":1},{"utility":52.75,"ID":2},{"utility":81,"ID":8},{"utility":59.25,"ID":9},{"utility":51.5,"ID":23}],[],[],[],[],[],[],[],[],[],[],[],[],[],[],[]],"CORE :":false,"Relazioni :":870,"Time : ":0.1,"LAST PARTITION":{"22":18,"23":5,"24":15,"25":11,"26":8,"27":21,"28":7,"29":19,"30":5,"10":14,"11":14,"12":13,"13":9,"14":6,"15":3,"16":2,"17":15,"18":13,"19":1,"1":9,"2":2,"3":16,"4":3,"5":19,"6":18,"7":11,"8":17,"9":17,"20":16,"21":10}},{"Modalità dinamica :":true,"Q : ":3,"STARTING PARTITION: ":{"22":5,"23":15,"24":2,"25":13,"26":3,"27":2,"28":8,"29":4,"30":7,"10":9,"11":3,"12":7,"13":5,"14":13,"15":14,"16":1,"17":4,"18":3,"19":14,"1":15,"2":15,"3":1,"4":11,"5":6,"6":1,"7":3,"8":15,"9":15,"20":14,"21":13},"LAST COALITION":[[],[{"utility":0,"ID":1}],[{"utility":84,"ID":12},{"utility":79,"ID":18}],[{"utility":75,"ID":5},{"utility":47,"ID":30}],[{"utility":0,"ID":14}],[{"utility":41,"ID":4},{"utility":54,"ID":28}],[{"utility":89,"ID":10},{"utility":99,"ID":11}],[{"utility":97,"ID":26},{"utility":67,"ID":29}],[{"utility":91,"ID":16},{"utility":93,"ID":19}],[{"utility":61,"ID":3},{"utility":87,"ID":13}],[{"utility":84,"ID":9},{"utility":82,"ID":17}],[{"utility":84,"ID":2},{"utility":55,"ID":8}],[],[{"utility":0,"ID":23}],[{"utility":99,"ID":25},{"utility":6,"ID":27}],[{"utility":0,"ID":22}],[{"utility":99,"ID":6},{"utility":77,"ID":15}],[{"utility":0,"ID":24}],[{"utility":22.5,"ID":7},{"utility":79,"ID":20},{"utility":55.5,"ID":21}],[],[],[],[],[],[],[],[],[],[],[],[]],"STARTING COALITION: ":[[null],[{"utility":61.5,"ID":3},{"utility":43,"ID":6},{"utility":16,"ID":16}],[{"utility":14,"ID":24},{"utility":9,"ID":27}],[{"utility":36,"ID":7},{"utility":55.666666666666664,"ID":11},{"utility":36,"ID":18},{"utility":40.333333333333336,"ID":26}],[{"utility":21,"ID":17},{"utility":8,"ID":29}],[{"utility":86,"ID":13},{"utility":1,"ID":22}],[{"utility":0,"ID":5}],[{"utility":76,"ID":12},{"utility":63,"ID":30}],[{"utility":0,"ID":28}],[{"utility":0,"ID":10}],[],[{"utility":0,"ID":4}],[],[{"utility":75.5,"ID":14},{"utility":89.5,"ID":21},{"utility":78,"ID":25}],[{"utility":67,"ID":15},{"utility":75.5,"ID":19},{"utility":56.5,"ID":20}],[{"utility":39.5,"ID":1},{"utility":52.75,"ID":2},{"utility":81,"ID":8},{"utility":59.25,"ID":9},{"utility":51.5,"ID":23}],[],[],[],[],[],[],[],[],[],[],[],[],[],[],[]],"CORE :":false,"Relazioni :":870,"Time : ":0.1,"LAST PARTITION":{"22":15,"23":13,"24":17,"25":14,"26":7,"27":14,"28":5,"29":7,"30":3,"10":6,"11":6,"12":2,"13":9,"14":4,"15":16,"16":8,"17":10,"18":2,"19":8,"1":1,"2":11,"3":9,"4":5,"5":3,"6":16,"7":18,"8":11,"9":10,"20":18,"21":18}},{"Modalità dinamica :":true,"Q : ":4,"STARTING PARTITION: ":{"22":5,"23":15,"24":2,"25":13,"26":3,"27":2,"28":8,"29":4,"30":7,"10":9,"11":3,"12":7,"13":5,"14":13,"15":14,"16":1,"17":4,"18":3,"19":14,"1":15,"2":15,"3":1,"4":11,"5":6,"6":1,"7":3,"8":15,"9":15,"20":14,"21":13},"LAST COALITION":[[],[{"utility":76,"ID":19},{"utility":99,"ID":22}],[{"utility":43,"ID":21},{"utility":36,"ID":27}],[{"utility":43.5,"ID":4},{"utility":41,"ID":20},{"utility":92.5,"ID":24}],[],[{"utility":93,"ID":23},{"utility":86,"ID":30}],[{"utility":0,"ID":14}],[{"utility":99,"ID":6},{"utility":77,"ID":15}],[{"utility":0,"ID":5}],[{"utility":83,"ID":25},{"utility":75,"ID":29}],[{"utility":93,"ID":2},{"utility":54,"ID":28}],[{"utility":89,"ID":10},{"utility":99,"ID":11}],[{"utility":79,"ID":8},{"utility":94,"ID":9}],[{"utility":84,"ID":12},{"utility":79,"ID":18}],[{"utility":78,"ID":7},{"utility":90,"ID":13}],[{"utility":95,"ID":1},{"utility":66,"ID":17}],[],[],[{"utility":88,"ID":3},{"utility":89,"ID":26}],[],[{"utility":0,"ID":16}],[],[],[],[],[],[],[],[],[],[]],"STARTING COALITION: ":[[null],[{"utility":61.5,"ID":3},{"utility":43,"ID":6},{"utility":16,"ID":16}],[{"utility":14,"ID":24},{"utility":9,"ID":27}],[{"utility":36,"ID":7},{"utility":55.666666666666664,"ID":11},{"utility":36,"ID":18},{"utility":40.333333333333336,"ID":26}],[{"utility":21,"ID":17},{"utility":8,"ID":29}],[{"utility":86,"ID":13},{"utility":1,"ID":22}],[{"utility":0,"ID":5}],[{"utility":76,"ID":12},{"utility":63,"ID":30}],[{"utility":0,"ID":28}],[{"utility":0,"ID":10}],[],[{"utility":0,"ID":4}],[],[{"utility":75.5,"ID":14},{"utility":89.5,"ID":21},{"utility":78,"ID":25}],[{"utility":67,"ID":15},{"utility":75.5,"ID":19},{"utility":56.5,"ID":20}],[{"utility":39.5,"ID":1},{"utility":52.75,"ID":2},{"utility":81,"ID":8},{"utility":59.25,"ID":9},{"utility":51.5,"ID":23}],[],[],[],[],[],[],[],[],[],[],[],[],[],[],[]],"CORE :":false,"Relazioni :":870,"Time : ":0.1,"LAST PARTITION":{"22":1,"23":5,"24":3,"25":9,"26":18,"27":2,"28":10,"29":9,"30":5,"10":11,"11":11,"12":13,"13":14,"14":6,"15":7,"16":20,"17":15,"18":13,"19":1,"1":15,"2":10,"3":18,"4":3,"5":8,"6":7,"7":14,"8":12,"9":12,"20":3,"21":2}},{"Modalità dinamica :":true,"Q : ":5,"STARTING PARTITION: ":{"22":5,"23":15,"24":2,"25":13,"26":3,"27":2,"28":8,"29":4,"30":7,"10":9,"11":3,"12":7,"13":5,"14":13,"15":14,"16":1,"17":4,"18":3,"19":14,"1":15,"2":15,"3":1,"4":11,"5":6,"6":1,"7":3,"8":15,"9":15,"20":14,"21":13},"LAST COALITION":[[],[{"utility":99,"ID":14},{"utility":79,"ID":25}],[{"utility":89,"ID":10},{"utility":99,"ID":11}],[{"utility":74.5,"ID":5},{"utility":80.5,"ID":18},{"utility":49,"ID":26}],[{"utility":20,"ID":19},{"utility":15,"ID":21},{"utility":45,"ID":29}],[{"utility":94,"ID":15},{"utility":39,"ID":16}],[{"utility":78,"ID":7},{"utility":90,"ID":13}],[{"utility":0,"ID":8}],[{"utility":53,"ID":3},{"utility":83,"ID":28}],[{"utility":44.5,"ID":12},{"utility":55.5,"ID":20},{"utility":76,"ID":24}],[{"utility":51,"ID":6},{"utility":62,"ID":17}],[{"utility":78,"ID":2},{"utility":83,"ID":4}],[],[{"utility":93,"ID":23},{"utility":86,"ID":30}],[{"utility":85,"ID":1},{"utility":97,"ID":22}],[],[],[],[],[{"utility":70,"ID":9},{"utility":39,"ID":27}],[],[],[],[],[],[],[],[],[],[],[]],"STARTING COALITION: ":[[null],[{"utility":61.5,"ID":3},{"utility":43,"ID":6},{"utility":16,"ID":16}],[{"utility":14,"ID":24},{"utility":9,"ID":27}],[{"utility":36,"ID":7},{"utility":55.666666666666664,"ID":11},{"utility":36,"ID":18},{"utility":40.333333333333336,"ID":26}],[{"utility":21,"ID":17},{"utility":8,"ID":29}],[{"utility":86,"ID":13},{"utility":1,"ID":22}],[{"utility":0,"ID":5}],[{"utility":76,"ID":12},{"utility":63,"ID":30}],[{"utility":0,"ID":28}],[{"utility":0,"ID":10}],[],[{"utility":0,"ID":4}],[],[{"utility":75.5,"ID":14},{"utility":89.5,"ID":21},{"utility":78,"ID":25}],[{"utility":67,"ID":15},{"utility":75.5,"ID":19},{"utility":56.5,"ID":20}],[{"utility":39.5,"ID":1},{"utility":52.75,"ID":2},{"utility":81,"ID":8},{"utility":59.25,"ID":9},{"utility":51.5,"ID":23}],[],[],[],[],[],[],[],[],[],[],[],[],[],[],[]],"CORE :":false,"Relazioni :":870,"Time : ":0.1,"LAST PARTITION":{"22":14,"23":13,"24":9,"25":1,"26":3,"27":19,"28":8,"29":4,"30":13,"10":2,"11":2,"12":9,"13":6,"14":1,"15":5,"16":5,"17":10,"18":3,"19":4,"1":14,"2":11,"3":8,"4":11,"5":3,"6":10,"7":6,"8":7,"9":19,"20":9,"21":4}},{"Modalità dinamica :":true,"Q : ":6,"STARTING PARTITION: ":{"22":5,"23":15,"24":2,"25":13,"26":3,"27":2,"28":8,"29":4,"30":7,"10":9,"11":3,"12":7,"13":5,"14":13,"15":14,"16":1,"17":4,"18":3,"19":14,"1":15,"2":15,"3":1,"4":11,"5":6,"6":1,"7":3,"8":15,"9":15,"20":14,"21":13},"LAST COALITION":[[],[{"utility":0,"ID":20}],[{"utility":79,"ID":6},{"utility":63,"ID":21}],[{"utility":89,"ID":10},{"utility":99,"ID":11}],[{"utility":93,"ID":15},{"utility":52,"ID":24}],[{"utility":84,"ID":9},{"utility":82,"ID":17}],[{"utility":0,"ID":1}],[{"utility":0,"ID":4}],[{"utility":99,"ID":2},{"utility":71,"ID":25}],[{"utility":67,"ID":3},{"utility":83,"ID":12}],[{"utility":76,"ID":19},{"utility":99,"ID":22}],[{"utility":62,"ID":8},{"utility":98,"ID":26}],[{"utility":0,"ID":28}],[],[{"utility":0,"ID":16}],[{"utility":93,"ID":23},{"utility":86,"ID":30}],[{"utility":0,"ID":14}],[{"utility":97,"ID":13},{"utility":67,"ID":18}],[],[{"utility":35,"ID":5},{"utility":22,"ID":7}],[{"utility":57,"ID":27},{"utility":33,"ID":29}],[],[],[],[],[],[],[],[],[],[]],"STARTING COALITION: ":[[null],[{"utility":61.5,"ID":3},{"utility":43,"ID":6},{"utility":16,"ID":16}],[{"utility":14,"ID":24},{"utility":9,"ID":27}],[{"utility":36,"ID":7},{"utility":55.666666666666664,"ID":11},{"utility":36,"ID":18},{"utility":40.333333333333336,"ID":26}],[{"utility":21,"ID":17},{"utility":8,"ID":29}],[{"utility":86,"ID":13},{"utility":1,"ID":22}],[{"utility":0,"ID":5}],[{"utility":76,"ID":12},{"utility":63,"ID":30}],[{"utility":0,"ID":28}],[{"utility":0,"ID":10}],[],[{"utility":0,"ID":4}],[],[{"utility":75.5,"ID":14},{"utility":89.5,"ID":21},{"utility":78,"ID":25}],[{"utility":67,"ID":15},{"utility":75.5,"ID":19},{"utility":56.5,"ID":20}],[{"utility":39.5,"ID":1},{"utility":52.75,"ID":2},{"utility":81,"ID":8},{"utility":59.25,"ID":9},{"utility":51.5,"ID":23}],[],[],[],[],[],[],[],[],[],[],[],[],[],[],[]],"CORE :":false,"Relazioni :":870,"Time : ":0.1,"LAST PARTITION":{"22":10,"23":15,"24":4,"25":8,"26":11,"27":20,"28":12,"29":20,"30":15,"10":3,"11":3,"12":9,"13":17,"14":16,"15":4,"16":14,"17":5,"18":17,"19":10,"1":6,"2":8,"3":9,"4":7,"5":19,"6":2,"7":19,"8":11,"9":5,"20":1,"21":2}},{"Modalità dinamica :":true,"Q : ":7,"STARTING PARTITION: ":{"22":5,"23":15,"24":2,"25":13,"26":3,"27":2,"28":8,"29":4,"30":7,"10":9,"11":3,"12":7,"13":5,"14":13,"15":14,"16":1,"17":4,"18":3,"19":14,"1":15,"2":15,"3":1,"4":11,"5":6,"6":1,"7":3,"8":15,"9":15,"20":14,"21":13},"LAST COALITION":[[],[{"utility":76,"ID":19},{"utility":99,"ID":22}],[{"utility":52,"ID":14},{"utility":88,"ID":21}],[{"utility":77,"ID":5},{"utility":82,"ID":26}],[{"utility":61,"ID":3},{"utility":87,"ID":13}],[{"utility":0,"ID":15}],[{"utility":0,"ID":29}],[{"utility":72,"ID":4},{"utility":80,"ID":6}],[{"utility":83,"ID":7},{"utility":89,"ID":25}],[{"utility":84,"ID":9},{"utility":82,"ID":17}],[{"utility":68,"ID":24},{"utility":74,"ID":28}],[{"utility":64,"ID":12},{"utility":88,"ID":20}],[{"utility":89,"ID":10},{"utility":99,"ID":11}],[{"utility":45,"ID":1},{"utility":96,"ID":8}],[],[],[{"utility":91,"ID":2},{"utility":98,"ID":16}],[{"utility":75,"ID":18},{"utility":29,"ID":27}],[{"utility":93,"ID":23},{"utility":86,"ID":30}],[],[],[],[],[],[],[],[],[],[],[],[]],"STARTING COALITION: ":[[null],[{"utility":61.5,"ID":3},{"utility":43,"ID":6},{"utility":16,"ID":16}],[{"utility":14,"ID":24},{"utility":9,"ID":27}],[{"utility":36,"ID":7},{"utility":55.666666666666664,"ID":11},{"utility":36,"ID":18},{"utility":40.333333333333336,"ID":26}],[{"utility":21,"ID":17},{"utility":8,"ID":29}],[{"utility":86,"ID":13},{"utility":1,"ID":22}],[{"utility":0,"ID":5}],[{"utility":76,"ID":12},{"utility":63,"ID":30}],[{"utility":0,"ID":28}],[{"utility":0,"ID":10}],[],[{"utility":0,"ID":4}],[],[{"utility":75.5,"ID":14},{"utility":89.5,"ID":21},{"utility":78,"ID":25}],[{"utility":67,"ID":15},{"utility":75.5,"ID":19},{"utility":56.5,"ID":20}],[{"utility":39.5,"ID":1},{"utility":52.75,"ID":2},{"utility":81,"ID":8},{"utility":59.25,"ID":9},{"utility":51.5,"ID":23}],[],[],[],[],[],[],[],[],[],[],[],[],[],[],[]],"CORE :":false,"Relazioni :":870,"Time : ":0.1,"LAST PARTITION":{"22":1,"23":18,"24":10,"25":8,"26":3,"27":17,"28":10,"29":6,"30":18,"10":12,"11":12,"12":11,"13":4,"14":2,"15":5,"16":16,"17":9,"18":17,"19":1,"1":13,"2":16,"3":4,"4":7,"5":3,"6":7,"7":8,"8":13,"9":9,"20":11,"21":2}},{"Modalità dinamica :":true,"Q : ":8,"STARTING PARTITION: ":{"22":5,"23":15,"24":2,"25":13,"26":3,"27":2,"28":8,"29":4,"30":7,"10":9,"11":3,"12":7,"13":5,"14":13,"15":14,"16":1,"17":4,"18":3,"19":14,"1":15,"2":15,"3":1,"4":11,"5":6,"6":1,"7":3,"8":15,"9":15,"20":14,"21":13},"LAST COALITION":[[],[{"utility":57,"ID":4},{"utility":59,"ID":20}],[{"utility":0,"ID":6}],[],[{"utility":43,"ID":21},{"utility":36,"ID":27}],[{"utility":78,"ID":7},{"utility":90,"ID":13}],[{"utility":0,"ID":3}],[{"utility":93,"ID":23},{"utility":86,"ID":30}],[{"utility":76,"ID":19},{"utility":99,"ID":22}],[{"utility":34,"ID":5},{"utility":88,"ID":24}],[{"utility":0,"ID":14}],[{"utility":83,"ID":25},{"utility":75,"ID":29}],[{"utility":84,"ID":12},{"utility":79,"ID":18}],[{"utility":84,"ID":9},{"utility":82,"ID":17}],[{"utility":0,"ID":26}],[{"utility":45,"ID":1},{"utility":96,"ID":8}],[{"utility":0,"ID":2}],[{"utility":89,"ID":10},{"utility":99,"ID":11}],[{"utility":0,"ID":15}],[{"utility":40,"ID":16},{"utility":69,"ID":28}],[],[],[],[],[],[],[],[],[],[],[]],"STARTING COALITION: ":[[null],[{"utility":61.5,"ID":3},{"utility":43,"ID":6},{"utility":16,"ID":16}],[{"utility":14,"ID":24},{"utility":9,"ID":27}],[{"utility":36,"ID":7},{"utility":55.666666666666664,"ID":11},{"utility":36,"ID":18},{"utility":40.333333333333336,"ID":26}],[{"utility":21,"ID":17},{"utility":8,"ID":29}],[{"utility":86,"ID":13},{"utility":1,"ID":22}],[{"utility":0,"ID":5}],[{"utility":76,"ID":12},{"utility":63,"ID":30}],[{"utility":0,"ID":28}],[{"utility":0,"ID":10}],[],[{"utility":0,"ID":4}],[],[{"utility":75.5,"ID":14},{"utility":89.5,"ID":21},{"utility":78,"ID":25}],[{"utility":67,"ID":15},{"utility":75.5,"ID":19},{"utility":56.5,"ID":20}],[{"utility":39.5,"ID":1},{"utility":52.75,"ID":2},{"utility":81,"ID":8},{"utility":59.25,"ID":9},{"utility":51.5,"ID":23}],[],[],[],[],[],[],[],[],[],[],[],[],[],[],[]],"CORE :":false,"Relazioni :":870,"Time : ":0.1,"LAST PARTITION":{"22":8,"23":7,"24":9,"25":11,"26":14,"27":4,"28":19,"29":11,"30":7,"10":17,"11":17,"12":12,"13":5,"14":10,"15":18,"16":19,"17":13,"18":12,"19":8,"1":15,"2":16,"3":6,"4":1,"5":9,"6":2,"7":5,"8":15,"9":13,"20":1,"21":4}},{"Modalità dinamica :":true,"Q : ":9,"STARTING PARTITION: ":{"22":5,"23":15,"24":2,"25":13,"26":3,"27":2,"28":8,"29":4,"30":7,"10":9,"11":3,"12":7,"13":5,"14":13,"15":14,"16":1,"17":4,"18":3,"19":14,"1":15,"2":15,"3":1,"4":11,"5":6,"6":1,"7":3,"8":15,"9":15,"20":14,"21":13},"LAST COALITION":[[],[{"utility":72,"ID":4},{"utility":80,"ID":6}],[{"utility":93,"ID":23},{"utility":86,"ID":30}],[{"utility":91,"ID":2},{"utility":98,"ID":16}],[{"utility":83,"ID":7},{"utility":89,"ID":25}],[{"utility":0,"ID":12}],[{"utility":0,"ID":14}],[{"utility":79,"ID":20},{"utility":78,"ID":28}],[{"utility":89,"ID":10},{"utility":99,"ID":11}],[{"utility":0,"ID":21}],[{"utility":0,"ID":27}],[{"utility":97,"ID":26},{"utility":67,"ID":29}],[{"utility":79,"ID":5},{"utility":72,"ID":22}],[{"utility":93,"ID":15},{"utility":52,"ID":24}],[{"utility":45,"ID":1},{"utility":96,"ID":8}],[{"utility":0,"ID":9}],[{"utility":0,"ID":17}],[],[{"utility":0,"ID":19}],[],[{"utility":59.5,"ID":3},{"utility":92,"ID":13},{"utility":79.5,"ID":18}],[],[],[],[],[],[],[],[],[],[]],"STARTING COALITION: ":[[null],[{"utility":61.5,"ID":3},{"utility":43,"ID":6},{"utility":16,"ID":16}],[{"utility":14,"ID":24},{"utility":9,"ID":27}],[{"utility":36,"ID":7},{"utility":55.666666666666664,"ID":11},{"utility":36,"ID":18},{"utility":40.333333333333336,"ID":26}],[{"utility":21,"ID":17},{"utility":8,"ID":29}],[{"utility":86,"ID":13},{"utility":1,"ID":22}],[{"utility":0,"ID":5}],[{"utility":76,"ID":12},{"utility":63,"ID":30}],[{"utility":0,"ID":28}],[{"utility":0,"ID":10}],[],[{"utility":0,"ID":4}],[],[{"utility":75.5,"ID":14},{"utility":89.5,"ID":21},{"utility":78,"ID":25}],[{"utility":67,"ID":15},{"utility":75.5,"ID":19},{"utility":56.5,"ID":20}],[{"utility":39.5,"ID":1},{"utility":52.75,"ID":2},{"utility":81,"ID":8},{"utility":59.25,"ID":9},{"utility":51.5,"ID":23}],[],[],[],[],[],[],[],[],[],[],[],[],[],[],[]],"CORE :":false,"Relazioni :":870,"Time : ":0.1,"LAST PARTITION":{"22":12,"23":2,"24":13,"25":4,"26":11,"27":10,"28":7,"29":11,"30":2,"10":8,"11":8,"12":5,"13":20,"14":6,"15":13,"16":3,"17":16,"18":20,"19":18,"1":14,"2":3,"3":20,"4":1,"5":12,"6":1,"7":4,"8":14,"9":15,"20":7,"21":9}},{"Modalità dinamica :":true,"Q : ":10,"STARTING PARTITION: ":{"22":5,"23":15,"24":2,"25":13,"26":3,"27":2,"28":8,"29":4,"30":7,"10":9,"11":3,"12":7,"13":5,"14":13,"15":14,"16":1,"17":4,"18":3,"19":14,"1":15,"2":15,"3":1,"4":11,"5":6,"6":1,"7":3,"8":15,"9":15,"20":14,"21":13},"LAST COALITION":[[],[{"utility":0,"ID":6}],[{"utility":0,"ID":4}],[],[{"utility":76,"ID":19},{"utility":99,"ID":22}],[{"utility":91,"ID":21},{"utility":77,"ID":25}],[{"utility":89,"ID":10},{"utility":99,"ID":11}],[{"utility":0,"ID":27}],[],[{"utility":60,"ID":8},{"utility":75,"ID":29}],[{"utility":84,"ID":5},{"utility":82,"ID":23}],[{"utility":97,"ID":13},{"utility":67,"ID":18}],[{"utility":71,"ID":24},{"utility":42,"ID":26},{"utility":55,"ID":28}],[{"utility":79,"ID":12},{"utility":97,"ID":14}],[{"utility":84,"ID":9},{"utility":82,"ID":17}],[{"utility":0,"ID":1}],[{"utility":91,"ID":2},{"utility":98,"ID":16}],[{"utility":87,"ID":3},{"utility":83,"ID":30}],[{"utility":0,"ID":15}],[{"utility":13,"ID":7},{"utility":90,"ID":20}],[],[],[],[],[],[],[],[],[],[],[]],"STARTING COALITION: ":[[null],[{"utility":61.5,"ID":3},{"utility":43,"ID":6},{"utility":16,"ID":16}],[{"utility":14,"ID":24},{"utility":9,"ID":27}],[{"utility":36,"ID":7},{"utility":55.666666666666664,"ID":11},{"utility":36,"ID":18},{"utility":40.333333333333336,"ID":26}],[{"utility":21,"ID":17},{"utility":8,"ID":29}],[{"utility":86,"ID":13},{"utility":1,"ID":22}],[{"utility":0,"ID":5}],[{"utility":76,"ID":12},{"utility":63,"ID":30}],[{"utility":0,"ID":28}],[{"utility":0,"ID":10}],[],[{"utility":0,"ID":4}],[],[{"utility":75.5,"ID":14},{"utility":89.5,"ID":21},{"utility":78,"ID":25}],[{"utility":67,"ID":15},{"utility":75.5,"ID":19},{"utility":56.5,"ID":20}],[{"utility":39.5,"ID":1},{"utility":52.75,"ID":2},{"utility":81,"ID":8},{"utility":59.25,"ID":9},{"utility":51.5,"ID":23}],[],[],[],[],[],[],[],[],[],[],[],[],[],[],[]],"CORE :":false,"Relazioni :":870,"Time : ":0.1,"LAST PARTITION":{"22":4,"23":10,"24":12,"25":5,"26":12,"27":7,"28":12,"29":9,"30":17,"10":6,"11":6,"12":13,"13":11,"14":13,"15":18,"16":16,"17":14,"18":11,"19":4,"1":15,"2":16,"3":17,"4":2,"5":10,"6":1,"7":19,"8":9,"9":14,"20":19,"21":5}},{"END OF FILE:" : true}]