[{"Modalità dinamica :":false,"Q : ":2,"STARTING PARTITION: ":{"22":8,"23":6,"24":12,"25":15,"26":1,"27":14,"28":1,"29":5,"30":11,"10":11,"11":12,"12":11,"13":12,"14":6,"15":5,"16":10,"17":6,"18":3,"19":15,"1":9,"2":4,"3":2,"4":7,"5":5,"6":5,"7":7,"8":10,"9":5,"20":11,"21":7},"LAST COALITION":[[],[{"utility":28,"ID":26},{"utility":77,"ID":28}],[{"utility":0,"ID":14}],[{"utility":85,"ID":3},{"utility":87,"ID":8}],[{"utility":92,"ID":5},{"utility":42,"ID":12}],[{"utility":25,"ID":15},{"utility":91,"ID":29}],[{"utility":0,"ID":9}],[{"utility":0,"ID":21}],[],[{"utility":0,"ID":23}],[{"utility":0,"ID":16}],[{"utility":86,"ID":10},{"utility":76,"ID":30}],[{"utility":93,"ID":11},{"utility":84.5,"ID":13},{"utility":16.5,"ID":24}],[{"utility":95,"ID":2},{"utility":24,"ID":7}],[{"utility":0,"ID":27}],[{"utility":41,"ID":19},{"utility":47,"ID":25}],[{"utility":98,"ID":4},{"utility":33,"ID":20}],[{"utility":0,"ID":18}],[{"utility":92,"ID":1},{"utility":2,"ID":17}],[{"utility":0,"ID":6}],[{"utility":0,"ID":22}],[],[],[],[],[],[],[],[],[],[]],"STARTING COALITION: ":[[null],[{"utility":28,"ID":26},{"utility":77,"ID":28}],[{"utility":0,"ID":3}],[{"utility":0,"ID":18}],[{"utility":0,"ID":2}],[{"utility":58.25,"ID":5},{"utility":26,"ID":6},{"utility":60,"ID":9},{"utility":37,"ID":15},{"utility":56.25,"ID":29}],[{"utility":38.5,"ID":14},{"utility":31.5,"ID":17},{"utility":30.5,"ID":23}],[{"utility":51,"ID":4},{"utility":47,"ID":7},{"utility":63.5,"ID":21}],[{"utility":0,"ID":22}],[{"utility":0,"ID":1}],[{"utility":38,"ID":8},{"utility":57,"ID":16}],[{"utility":78.66666666666667,"ID":10},{"utility":35,"ID":12},{"utility":31.333333333333332,"ID":20},{"utility":40.666666666666664,"ID":30}],[{"utility":93,"ID":11},{"utility":84.5,"ID":13},{"utility":16.5,"ID":24}],[],[{"utility":0,"ID":27}],[{"utility":41,"ID":19},{"utility":47,"ID":25}],[],[],[],[],[],[],[],[],[],[],[],[],[],[],[]],"CORE :":false,"Relazioni :":870,"Time : ":0.1,"LAST PARTITION":{"22":20,"23":9,"24":12,"25":15,"26":1,"27":14,"28":1,"29":5,"30":11,"10":11,"11":12,"12":4,"13":12,"14":2,"15":5,"16":10,"17":18,"18":17,"19":15,"1":18,"2":13,"3":3,"4":16,"5":4,"6":19,"7":13,"8":3,"9":6,"20":16,"21":7}},{"Modalità dinamica :":false,"Q : ":3,"STARTING PARTITION: ":{"22":8,"23":6,"24":12,"25":15,"26":1,"27":14,"28":1,"29":5,"30":11,"10":11,"11":12,"12":11,"13":12,"14":6,"15":5,"16":10,"17":6,"18":3,"19":15,"1":9,"2":4,"3":2,"4":7,"5":5,"6":5,"7":7,"8":10,"9":5,"20":11,"21":7},"LAST COALITION":[[],[{"utility":28,"ID":26},{"utility":77,"ID":28}],[{"utility":0,"ID":14}],[],[{"utility":92,"ID":5},{"utility":42,"ID":12}],[{"utility":25,"ID":15},{"utility":91,"ID":29}],[{"utility":0,"ID":9}],[{"utility":0,"ID":21}],[{"utility":0,"ID":3}],[{"utility":0,"ID":23}],[{"utility":0,"ID":16}],[{"utility":86,"ID":10},{"utility":76,"ID":30}],[{"utility":93,"ID":11},{"utility":84.5,"ID":13},{"utility":16.5,"ID":24}],[{"utility":95,"ID":2},{"utility":24,"ID":7}],[{"utility":0,"ID":27}],[{"utility":41,"ID":19},{"utility":47,"ID":25}],[{"utility":98,"ID":4},{"utility":33,"ID":20}],[{"utility":0,"ID":18}],[{"utility":92,"ID":1},{"utility":2,"ID":17}],[{"utility":74,"ID":6},{"utility":47,"ID":8}],[{"utility":0,"ID":22}],[],[],[],[],[],[],[],[],[],[]],"STARTING COALITION: ":[[null],[{"utility":28,"ID":26},{"utility":77,"ID":28}],[{"utility":0,"ID":3}],[{"utility":0,"ID":18}],[{"utility":0,"ID":2}],[{"utility":58.25,"ID":5},{"utility":26,"ID":6},{"utility":60,"ID":9},{"utility":37,"ID":15},{"utility":56.25,"ID":29}],[{"utility":38.5,"ID":14},{"utility":31.5,"ID":17},{"utility":30.5,"ID":23}],[{"utility":51,"ID":4},{"utility":47,"ID":7},{"utility":63.5,"ID":21}],[{"utility":0,"ID":22}],[{"utility":0,"ID":1}],[{"utility":38,"ID":8},{"utility":57,"ID":16}],[{"utility":78.66666666666667,"ID":10},{"utility":35,"ID":12},{"utility":31.333333333333332,"ID":20},{"utility":40.666666666666664,"ID":30}],[{"utility":93,"ID":11},{"utility":84.5,"ID":13},{"utility":16.5,"ID":24}],[],[{"utility":0,"ID":27}],[{"utility":41,"ID":19},{"utility":47,"ID":25}],[],[],[],[],[],[],[],[],[],[],[],[],[],[],[]],"CORE :":false,"Relazioni :":870,"Time : ":0.1,"LAST PARTITION":{"22":20,"23":9,"24":12,"25":15,"26":1,"27":14,"28":1,"29":5,"30":11,"10":11,"11":12,"12":4,"13":12,"14":2,"15":5,"16":10,"17":18,"18":17,"19":15,"1":18,"2":13,"3":8,"4":16,"5":4,"6":19,"7":13,"8":19,"9":6,"20":16,"21":7}},{"Modalità dinamica :":false,"Q : ":4,"STARTING PARTITION: ":{"22":8,"23":6,"24":12,"25":15,"26":1,"27":14,"28":1,"29":5,"30":11,"10":11,"11":12,"12":11,"13":12,"14":6,"15":5,"16":10,"17":6,"18":3,"19":15,"1":9,"2":4,"3":2,"4":7,"5":5,"6":5,"7":7,"8":10,"9":5,"20":11,"21":7},"LAST COALITION":[[],[{"utility":28,"ID":26},{"utility":77,"ID":28}],[{"utility":0,"ID":14}],[{"utility":0,"ID":8}],[{"utility":92,"ID":5},{"utility":42,"ID":12}],[{"utility":25,"ID":15},{"utility":91,"ID":29}],[{"utility":0,"ID":9}],[{"utility":0,"ID":21}],[{"utility":99,"ID":3},{"utility":50,"ID":6}],[{"utility":0,"ID":23}],[{"utility":0,"ID":16}],[{"utility":86,"ID":10},{"utility":76,"ID":30}],[{"utility":93,"ID":11},{"utility":84.5,"ID":13},{"utility":16.5,"ID":24}],[{"utility":95,"ID":2},{"utility":24,"ID":7}],[{"utility":0,"ID":27}],[{"utility":41,"ID":19},{"utility":47,"ID":25}],[{"utility":98,"ID":4},{"utility":33,"ID":20}],[{"utility":0,"ID":18}],[{"utility":92,"ID":1},{"utility":2,"ID":17}],[],[{"utility":0,"ID":22}],[],[],[],[],[],[],[],[],[],[]],"STARTING COALITION: ":[[null],[{"utility":28,"ID":26},{"utility":77,"ID":28}],[{"utility":0,"ID":3}],[{"utility":0,"ID":18}],[{"utility":0,"ID":2}],[{"utility":58.25,"ID":5},{"utility":26,"ID":6},{"utility":60,"ID":9},{"utility":37,"ID":15},{"utility":56.25,"ID":29}],[{"utility":38.5,"ID":14},{"utility":31.5,"ID":17},{"utility":30.5,"ID":23}],[{"utility":51,"ID":4},{"utility":47,"ID":7},{"utility":63.5,"ID":21}],[{"utility":0,"ID":22}],[{"utility":0,"ID":1}],[{"utility":38,"ID":8},{"utility":57,"ID":16}],[{"utility":78.66666666666667,"ID":10},{"utility":35,"ID":12},{"utility":31.333333333333332,"ID":20},{"utility":40.666666666666664,"ID":30}],[{"utility":93,"ID":11},{"utility":84.5,"ID":13},{"utility":16.5,"ID":24}],[],[{"utility":0,"ID":27}],[{"utility":41,"ID":19},{"utility":47,"ID":25}],[],[],[],[],[],[],[],[],[],[],[],[],[],[],[]],"CORE :":false,"Relazioni :":870,"Time : ":0.1,"LAST PARTITION":{"22":20,"23":9,"24":12,"25":15,"26":1,"27":14,"28":1,"29":5,"30":11,"10":11,"11":12,"12":4,"13":12,"14":2,"15":5,"16":10,"17":18,"18":17,"19":15,"1":18,"2":13,"3":8,"4":16,"5":4,"6":8,"7":13,"8":3,"9":6,"20":16,"21":7}},{"Modalità dinamica :":false,"Q : ":5,"STARTING PARTITION: ":{"22":8,"23":6,"24":12,"25":15,"26":1,"27":14,"28":1,"29":5,"30":11,"10":11,"11":12,"12":11,"13":12,"14":6,"15":5,"16":10,"17":6,"18":3,"19":15,"1":9,"2":4,"3":2,"4":7,"5":5,"6":5,"7":7,"8":10,"9":5,"20":11,"21":7},"LAST COALITION":[[],[{"utility":28,"ID":26},{"utility":77,"ID":28}],[{"utility":0,"ID":14}],[],[{"utility":92,"ID":5},{"utility":42,"ID":12}],[{"utility":25,"ID":15},{"utility":91,"ID":29}],[{"utility":0,"ID":9}],[{"utility":0,"ID":21}],[{"utility":0,"ID":3}],[{"utility":0,"ID":23}],[{"utility":0,"ID":16}],[{"utility":86,"ID":10},{"utility":76,"ID":30}],[{"utility":93,"ID":11},{"utility":84.5,"ID":13},{"utility":16.5,"ID":24}],[{"utility":95,"ID":2},{"utility":24,"ID":7}],[{"utility":0,"ID":27}],[{"utility":41,"ID":19},{"utility":47,"ID":25}],[{"utility":98,"ID":4},{"utility":33,"ID":20}],[{"utility":0,"ID":18}],[{"utility":92,"ID":1},{"utility":2,"ID":17}],[{"utility":74,"ID":6},{"utility":47,"ID":8}],[{"utility":0,"ID":22}],[],[],[],[],[],[],[],[],[],[]],"STARTING COALITION: ":[[null],[{"utility":28,"ID":26},{"utility":77,"ID":28}],[{"utility":0,"ID":3}],[{"utility":0,"ID":18}],[{"utility":0,"ID":2}],[{"utility":58.25,"ID":5},{"utility":26,"ID":6},{"utility":60,"ID":9},{"utility":37,"ID":15},{"utility":56.25,"ID":29}],[{"utility":38.5,"ID":14},{"utility":31.5,"ID":17},{"utility":30.5,"ID":23}],[{"utility":51,"ID":4},{"utility":47,"ID":7},{"utility":63.5,"ID":21}],[{"utility":0,"ID":22}],[{"utility":0,"ID":1}],[{"utility":38,"ID":8},{"utility":57,"ID":16}],[{"utility":78.66666666666667,"ID":10},{"utility":35,"ID":12},{"utility":31.333333333333332,"ID":20},{"utility":40.666666666666664,"ID":30}],[{"utility":93,"ID":11},{"utility":84.5,"ID":13},{"utility":16.5,"ID":24}],[],[{"utility":0,"ID":27}],[{"utility":41,"ID":19},{"utility":47,"ID":25}],[],[],[],[],[],[],[],[],[],[],[],[],[],[],[]],"CORE :":false,"Relazioni :":870,"Time : ":0.1,"LAST PARTITION":{"22":20,"23":9,"24":12,"25":15,"26":1,"27":14,"28":1,"29":5,"30":11,"10":11,"11":12,"12":4,"13":12,"14":2,"15":5,"16":10,"17":18,"18":17,"19":15,"1":18,"2":13,"3":8,"4":16,"5":4,"6":19,"7":13,"8":19,"9":6,"20":16,"21":7}},{"Modalità dinamica :":false,"Q : ":6,"STARTING PARTITION: ":{"22":8,"23":6,"24":12,"25":15,"26":1,"27":14,"28":1,"29":5,"30":11,"10":11,"11":12,"12":11,"13":12,"14":6,"15":5,"16":10,"17":6,"18":3,"19":15,"1":9,"2":4,"3":2,"4":7,"5":5,"6":5,"7":7,"8":10,"9":5,"20":11,"21":7},"LAST COALITION":[[],[{"utility":28,"ID":26},{"utility":77,"ID":28}],[{"utility":0,"ID":14}],[{"utility":0,"ID":8}],[{"utility":92,"ID":5},{"utility":42,"ID":12}],[{"utility":25,"ID":15},{"utility":91,"ID":29}],[{"utility":0,"ID":9}],[{"utility":0,"ID":21}],[{"utility":99,"ID":3},{"utility":50,"ID":6}],[{"utility":0,"ID":23}],[{"utility":0,"ID":16}],[{"utility":86,"ID":10},{"utility":76,"ID":30}],[{"utility":93,"ID":11},{"utility":84.5,"ID":13},{"utility":16.5,"ID":24}],[{"utility":95,"ID":2},{"utility":24,"ID":7}],[{"utility":0,"ID":27}],[{"utility":41,"ID":19},{"utility":47,"ID":25}],[{"utility":98,"ID":4},{"utility":33,"ID":20}],[{"utility":0,"ID":18}],[{"utility":92,"ID":1},{"utility":2,"ID":17}],[],[{"utility":0,"ID":22}],[],[],[],[],[],[],[],[],[],[]],"STARTING COALITION: ":[[null],[{"utility":28,"ID":26},{"utility":77,"ID":28}],[{"utility":0,"ID":3}],[{"utility":0,"ID":18}],[{"utility":0,"ID":2}],[{"utility":58.25,"ID":5},{"utility":26,"ID":6},{"utility":60,"ID":9},{"utility":37,"ID":15},{"utility":56.25,"ID":29}],[{"utility":38.5,"ID":14},{"utility":31.5,"ID":17},{"utility":30.5,"ID":23}],[{"utility":51,"ID":4},{"utility":47,"ID":7},{"utility":63.5,"ID":21}],[{"utility":0,"ID":22}],[{"utility":0,"ID":1}],[{"utility":38,"ID":8},{"utility":57,"ID":16}],[{"utility":78.66666666666667,"ID":10},{"utility":35,"ID":12},{"utility":31.333333333333332,"ID":20},{"utility":40.666666666666664,"ID":30}],[{"utility":93,"ID":11},{"utility":84.5,"ID":13},{"utility":16.5,"ID":24}],[],[{"utility":0,"ID":27}],[{"utility":41,"ID":19},{"utility":47,"ID":25}],[],[],[],[],[],[],[],[],[],[],[],[],[],[],[]],"CORE :":false,"Relazioni :":870,"Time : ":0.1,"LAST PARTITION":{"22":20,"23":9,"24":12,"25":15,"26":1,"27":14,"28":1,"29":5,"30":11,"10":11,"11":12,"12":4,"13":12,"14":2,"15":5,"16":10,"17":18,"18":17,"19":15,"1":18,"2":13,"3":8,"4":16,"5":4,"6":8,"7":13,"8":3,"9":6,"20":16,"21":7}},{"Modalità dinamica :":false,"Q : ":7,"STARTING PARTITION: ":{"22":8,"23":6,"24":12,"25":15,"26":1,"27":14,"28":1,"29":5,"30":11,"10":11,"11":12,"12":11,"13":12,"14":6,"15":5,"16":10,"17":6,"18":3,"19":15,"1":9,"2":4,"3":2,"4":7,"5":5,"6":5,"7":7,"8":10,"9":5,"20":11,"21":7},"LAST COALITION":[[],[{"utility":28,"ID":26},{"utility":77,"ID":28}],[{"utility":0,"ID":14}],[],[{"utility":92,"ID":5},{"utility":42,"ID":12}],[{"utility":25,"ID":15},{"utility":91,"ID":29}],[{"utility":0,"ID":9}],[{"utility":0,"ID":21}],[{"utility":0,"ID":3}],[{"utility":0,"ID":23}],[{"utility":0,"ID":16}],[{"utility":86,"ID":10},{"utility":76,"ID":30}],[{"utility":93,"ID":11},{"utility":84.5,"ID":13},{"utility":16.5,"ID":24}],[{"utility":95,"ID":2},{"utility":24,"ID":7}],[{"utility":0,"ID":27}],[{"utility":41,"ID":19},{"utility":47,"ID":25}],[{"utility":98,"ID":4},{"utility":33,"ID":20}],[{"utility":0,"ID":18}],[{"utility":92,"ID":1},{"utility":2,"ID":17}],[{"utility":74,"ID":6},{"utility":47,"ID":8}],[{"utility":0,"ID":22}],[],[],[],[],[],[],[],[],[],[]],"STARTING COALITION: ":[[null],[{"utility":28,"ID":26},{"utility":77,"ID":28}],[{"utility":0,"ID":3}],[{"utility":0,"ID":18}],[{"utility":0,"ID":2}],[{"utility":58.25,"ID":5},{"utility":26,"ID":6},{"utility":60,"ID":9},{"utility":37,"ID":15},{"utility":56.25,"ID":29}],[{"utility":38.5,"ID":14},{"utility":31.5,"ID":17},{"utility":30.5,"ID":23}],[{"utility":51,"ID":4},{"utility":47,"ID":7},{"utility":63.5,"ID":21}],[{"utility":0,"ID":22}],[{"utility":0,"ID":1}],[{"utility":38,"ID":8},{"utility":57,"ID":16}],[{"utility":78.66666666666667,"ID":10},{"utility":35,"ID":12},{"utility":31.333333333333332,"ID":20},{"utility":40.666666666666664,"ID":30}],[{"utility":93,"ID":11},{"utility":84.5,"ID":13},{"utility":16.5,"ID":24}],[],[{"utility":0,"ID":27}],[{"utility":41,"ID":19},{"utility":47,"ID":25}],[],[],[],[],[],[],[],[],[],[],[],[],[],[],[]],"CORE :":false,"Relazioni :":870,"Time : ":0.1,"LAST PARTITION":{"22":20,"23":9,"24":12,"25":15,"26":1,"27":14,"28":1,"29":5,"30":11,"10":11,"11":12,"12":4,"13":12,"14":2,"15":5,"16":10,"17":18,"18":17,"19":15,"1":18,"2":13,"3":8,"4":16,"5":4,"6":19,"7":13,"8":19,"9":6,"20":16,"21":7}},{"Modalità dinamica :":false,"Q : ":8,"STARTING PARTITION: ":{"22":8,"23":6,"24":12,"25":15,"26":1,"27":14,"28":1,"29":5,"30":11,"10":11,"11":12,"12":11,"13":12,"14":6,"15":5,"16":10,"17":6,"18":3,"19":15,"1":9,"2":4,"3":2,"4":7,"5":5,"6":5,"7":7,"8":10,"9":5,"20":11,"21":7},"LAST COALITION":[[],[{"utility":28,"ID":26},{"utility":77,"ID":28}],[{"utility":0,"ID":14}],[{"utility":85,"ID":3},{"utility":87,"ID":8}],[{"utility":92,"ID":5},{"utility":42,"ID":12}],[{"utility":25,"ID":15},{"utility":91,"ID":29}],[{"utility":0,"ID":9}],[{"utility":0,"ID":21}],[],[{"utility":0,"ID":23}],[{"utility":0,"ID":16}],[{"utility":86,"ID":10},{"utility":76,"ID":30}],[{"utility":93,"ID":11},{"utility":84.5,"ID":13},{"utility":16.5,"ID":24}],[{"utility":95,"ID":2},{"utility":24,"ID":7}],[{"utility":0,"ID":27}],[{"utility":41,"ID":19},{"utility":47,"ID":25}],[{"utility":98,"ID":4},{"utility":33,"ID":20}],[{"utility":0,"ID":18}],[{"utility":92,"ID":1},{"utility":2,"ID":17}],[{"utility":0,"ID":6}],[{"utility":0,"ID":22}],[],[],[],[],[],[],[],[],[],[]],"STARTING COALITION: ":[[null],[{"utility":28,"ID":26},{"utility":77,"ID":28}],[{"utility":0,"ID":3}],[{"utility":0,"ID":18}],[{"utility":0,"ID":2}],[{"utility":58.25,"ID":5},{"utility":26,"ID":6},{"utility":60,"ID":9},{"utility":37,"ID":15},{"utility":56.25,"ID":29}],[{"utility":38.5,"ID":14},{"utility":31.5,"ID":17},{"utility":30.5,"ID":23}],[{"utility":51,"ID":4},{"utility":47,"ID":7},{"utility":63.5,"ID":21}],[{"utility":0,"ID":22}],[{"utility":0,"ID":1}],[{"utility":38,"ID":8},{"utility":57,"ID":16}],[{"utility":78.66666666666667,"ID":10},{"utility":35,"ID":12},{"utility":31.333333333333332,"ID":20},{"utility":40.666666666666664,"ID":30}],[{"utility":93,"ID":11},{"utility":84.5,"ID":13},{"utility":16.5,"ID":24}],[],[{"utility":0,"ID":27}],[{"utility":41,"ID":19},{"utility":47,"ID":25}],[],[],[],[],[],[],[],[],[],[],[],[],[],[],[]],"CORE :":false,"Relazioni :":870,"Time : ":0.1,"LAST PARTITION":{"22":20,"23":9,"24":12,"25":15,"26":1,"27":14,"28":1,"29":5,"30":11,"10":11,"11":12,"12":4,"13":12,"14":2,"15":5,"16":10,"17":18,"18":17,"19":15,"1":18,"2":13,"3":3,"4":16,"5":4,"6":19,"7":13,"8":3,"9":6,"20":16,"21":7}},{"Modalità dinamica :":false,"Q : ":9,"STARTING PARTITION: ":{"22":8,"23":6,"24":12,"25":15,"26":1,"27":14,"28":1,"29":5,"30":11,"10":11,"11":12,"12":11,"13":12,"14":6,"15":5,"16":10,"17":6,"18":3,"19":15,"1":9,"2":4,"3":2,"4":7,"5":5,"6":5,"7":7,"8":10,"9":5,"20":11,"21":7},"LAST COALITION":[[],[{"utility":28,"ID":26},{"utility":77,"ID":28}],[{"utility":0,"ID":14}],[],[{"utility":92,"ID":5},{"utility":42,"ID":12}],[{"utility":25,"ID":15},{"utility":91,"ID":29}],[{"utility":0,"ID":9}],[{"utility":0,"ID":21}],[{"utility":0,"ID":3}],[{"utility":0,"ID":23}],[{"utility":0,"ID":16}],[{"utility":86,"ID":10},{"utility":76,"ID":30}],[{"utility":93,"ID":11},{"utility":84.5,"ID":13},{"utility":16.5,"ID":24}],[{"utility":95,"ID":2},{"utility":24,"ID":7}],[{"utility":0,"ID":27}],[{"utility":41,"ID":19},{"utility":47,"ID":25}],[{"utility":98,"ID":4},{"utility":33,"ID":20}],[{"utility":0,"ID":18}],[{"utility":92,"ID":1},{"utility":2,"ID":17}],[{"utility":74,"ID":6},{"utility":47,"ID":8}],[{"utility":0,"ID":22}],[],[],[],[],[],[],[],[],[],[]],"STARTING COALITION: ":[[null],[{"utility":28,"ID":26},{"utility":77,"ID":28}],[{"utility":0,"ID":3}],[{"utility":0,"ID":18}],[{"utility":0,"ID":2}],[{"utility":58.25,"ID":5},{"utility":26,"ID":6},{"utility":60,"ID":9},{"utility":37,"ID":15},{"utility":56.25,"ID":29}],[{"utility":38.5,"ID":14},{"utility":31.5,"ID":17},{"utility":30.5,"ID":23}],[{"utility":51,"ID":4},{"utility":47,"ID":7},{"utility":63.5,"ID":21}],[{"utility":0,"ID":22}],[{"utility":0,"ID":1}],[{"utility":38,"ID":8},{"utility":57,"ID":16}],[{"utility":78.66666666666667,"ID":10},{"utility":35,"ID":12},{"utility":31.333333333333332,"ID":20},{"utility":40.666666666666664,"ID":30}],[{"utility":93,"ID":11},{"utility":84.5,"ID":13},{"utility":16.5,"ID":24}],[],[{"utility":0,"ID":27}],[{"utility":41,"ID":19},{"utility":47,"ID":25}],[],[],[],[],[],[],[],[],[],[],[],[],[],[],[]],"CORE :":false,"Relazioni :":870,"Time : ":0.1,"LAST PARTITION":{"22":20,"23":9,"24":12,"25":15,"26":1,"27":14,"28":1,"29":5,"30":11,"10":11,"11":12,"12":4,"13":12,"14":2,"15":5,"16":10,"17":18,"18":17,"19":15,"1":18,"2":13,"3":8,"4":16,"5":4,"6":19,"7":13,"8":19,"9":6,"20":16,"21":7}},{"Modalità dinamica :":false,"Q : ":10,"STARTING PARTITION: ":{"22":8,"23":6,"24":12,"25":15,"26":1,"27":14,"28":1,"29":5,"30":11,"10":11,"11":12,"12":11,"13":12,"14":6,"15":5,"16":10,"17":6,"18":3,"19":15,"1":9,"2":4,"3":2,"4":7,"5":5,"6":5,"7":7,"8":10,"9":5,"20":11,"21":7},"LAST COALITION":[[],[{"utility":28,"ID":26},{"utility":77,"ID":28}],[{"utility":0,"ID":14}],[],[{"utility":92,"ID":5},{"utility":42,"ID":12}],[{"utility":25,"ID":15},{"utility":91,"ID":29}],[{"utility":0,"ID":9}],[{"utility":0,"ID":21}],[{"utility":0,"ID":3}],[{"utility":0,"ID":23}],[{"utility":0,"ID":16}],[{"utility":86,"ID":10},{"utility":76,"ID":30}],[{"utility":93,"ID":11},{"utility":84.5,"ID":13},{"utility":16.5,"ID":24}],[{"utility":95,"ID":2},{"utility":24,"ID":7}],[{"utility":0,"ID":27}],[{"utility":41,"ID":19},{"utility":47,"ID":25}],[{"utility":98,"ID":4},{"utility":33,"ID":20}],[{"utility":0,"ID":18}],[{"utility":92,"ID":1},{"utility":2,"ID":17}],[{"utility":74,"ID":6},{"utility":47,"ID":8}],[{"utility":0,"ID":22}],[],[],[],[],[],[],[],[],[],[]],"STARTING COALITION: ":[[null],[{"utility":28,"ID":26},{"utility":77,"ID":28}],[{"utility":0,"ID":3}],[{"utility":0,"ID":18}],[{"utility":0,"ID":2}],[{"utility":58.25,"ID":5},{"utility":26,"ID":6},{"utility":60,"ID":9},{"utility":37,"ID":15},{"utility":56.25,"ID":29}],[{"utility":38.5,"ID":14},{"utility":31.5,"ID":17},{"utility":30.5,"ID":23}],[{"utility":51,"ID":4},{"utility":47,"ID":7},{"utility":63.5,"ID":21}],[{"utility":0,"ID":22}],[{"utility":0,"ID":1}],[{"utility":38,"ID":8},{"utility":57,"ID":16}],[{"utility":78.66666666666667,"ID":10},{"utility":35,"ID":12},{"utility":31.333333333333332,"ID":20},{"utility":40.666666666666664,"ID":30}],[{"utility":93,"ID":11},{"utility":84.5,"ID":13},{"utility":16.5,"ID":24}],[],[{"utility":0,"ID":27}],[{"utility":41,"ID":19},{"utility":47,"ID":25}],[],[],[],[],[],[],[],[],[],[],[],[],[],[],[]],"CORE :":false,"Relazioni :":870,"Time : ":0.1,"LAST PARTITION":{"22":20,"23":9,"24":12,"25":15,"26":1,"27":14,"28":1,"29":5,"30":11,"10":11,"11":12,"12":4,"13":12,"14":2,"15":5,"16":10,"17":18,"18":17,"19":15,"1":18,"2":13,"3":8,"4":16,"5":4,"6":19,"7":13,"8":19,"9":6,"20":16,"21":7}},{"Modalità dinamica :":true,"Q : ":2,"STARTING PARTITION: ":{"22":8,"23":6,"24":12,"25":15,"26":1,"27":14,"28":1,"29":5,"30":11,"10":11,"11":12,"12":11,"13":12,"14":6,"15":5,"16":10,"17":6,"18":3,"19":15,"1":9,"2":4,"3":2,"4":7,"5":5,"6":5,"7":7,"8":10,"9":5,"20":11,"21":7},"LAST COALITION":[[],[{"utility":8,"ID":2},{"utility":75,"ID":18}],[{"utility":80,"ID":5},{"utility":97,"ID":22}],[{"utility":73,"ID":1},{"utility":19,"ID":8}],[{"utility":71,"ID":7},{"utility":75,"ID":29}],[],[{"utility":96,"ID":16},{"utility":84,"ID":25}],[{"utility":97,"ID":3},{"utility":98,"ID":30}],[{"utility":0,"ID":27}],[{"utility":89,"ID":6},{"utility":84,"ID":12}],[{"utility":95,"ID":20},{"utility":44,"ID":21}],[{"utility":81,"ID":19},{"utility":95,"ID":23}],[],[],[{"utility":0,"ID":17}],[{"utility":87,"ID":9},{"utility":97,"ID":13}],[{"utility":93,"ID":4},{"utility":89,"ID":28}],[{"utility":64,"ID":11},{"utility":64,"ID":14}],[],[{"utility":86,"ID":10},{"utility":41,"ID":15}],[{"utility":0,"ID":26}],[{"utility":0,"ID":24}],[],[],[],[],[],[],[],[],[]],"STARTING COALITION: ":[[null],[{"utility":28,"ID":26},{"utility":77,"ID":28}],[{"utility":0,"ID":3}],[{"utility":0,"ID":18}],[{"utility":0,"ID":2}],[{"utility":58.25,"ID":5},{"utility":26,"ID":6},{"utility":60,"ID":9},{"utility":37,"ID":15},{"utility":56.25,"ID":29}],[{"utility":38.5,"ID":14},{"utility":31.5,"ID":17},{"utility":30.5,"ID":23}],[{"utility":51,"ID":4},{"utility":47,"ID":7},{"utility":63.5,"ID":21}],[{"utility":0,"ID":22}],[{"utility":0,"ID":1}],[{"utility":38,"ID":8},{"utility":57,"ID":16}],[{"utility":78.66666666666667,"ID":10},{"utility":35,"ID":12},{"utility":31.333333333333332,"ID":20},{"utility":40.666666666666664,"ID":30}],[{"utility":93,"ID":11},{"utility":84.5,"ID":13},{"utility":16.5,"ID":24}],[],[{"utility":0,"ID":27}],[{"utility":41,"ID":19},{"utility":47,"ID":25}],[],[],[],[],[],[],[],[],[],[],[],[],[],[],[]],"CORE :":false,"Relazioni :":870,"Time : ":0.1,"LAST PARTITION":{"22":2,"23":11,"24":21,"25":6,"26":20,"27":8,"28":16,"29":4,"30":7,"10":19,"11":17,"12":9,"13":15,"14":17,"15":19,"16":6,"17":14,"18":1,"19":11,"1":3,"2":1,"3":7,"4":16,"5":2,"6":9,"7":4,"8":3,"9":15,"20":10,"21":10}},{"Modalità dinamica :":true,"Q : ":3,"STARTING PARTITION: ":{"22":8,"23":6,"24":12,"25":15,"26":1,"27":14,"28":1,"29":5,"30":11,"10":11,"11":12,"12":11,"13":12,"14":6,"15":5,"16":10,"17":6,"18":3,"19":15,"1":9,"2":4,"3":2,"4":7,"5":5,"6":5,"7":7,"8":10,"9":5,"20":11,"21":7},"LAST COALITION":[[],[{"utility":99,"ID":1},{"utility":79,"ID":13}],[{"utility":97,"ID":3},{"utility":98,"ID":30}],[{"utility":75,"ID":10},{"utility":60,"ID":21}],[{"utility":0,"ID":23}],[{"utility":89,"ID":6},{"utility":84,"ID":12}],[{"utility":99,"ID":2},{"utility":87,"ID":11}],[{"utility":45,"ID":24},{"utility":87,"ID":29}],[{"utility":98,"ID":7},{"utility":99,"ID":14}],[{"utility":33,"ID":17},{"utility":89,"ID":20}],[{"utility":93,"ID":4},{"utility":89,"ID":28}],[{"utility":16,"ID":8},{"utility":46,"ID":26}],[{"utility":80,"ID":5},{"utility":97,"ID":22}],[{"utility":0,"ID":16}],[{"utility":56,"ID":18},{"utility":95,"ID":27}],[{"utility":85,"ID":9},{"utility":96,"ID":25}],[],[],[{"utility":47,"ID":15},{"utility":98,"ID":19}],[],[],[],[],[],[],[],[],[],[],[],[]],"STARTING COALITION: ":[[null],[{"utility":28,"ID":26},{"utility":77,"ID":28}],[{"utility":0,"ID":3}],[{"utility":0,"ID":18}],[{"utility":0,"ID":2}],[{"utility":58.25,"ID":5},{"utility":26,"ID":6},{"utility":60,"ID":9},{"utility":37,"ID":15},{"utility":56.25,"ID":29}],[{"utility":38.5,"ID":14},{"utility":31.5,"ID":17},{"utility":30.5,"ID":23}],[{"utility":51,"ID":4},{"utility":47,"ID":7},{"utility":63.5,"ID":21}],[{"utility":0,"ID":22}],[{"utility":0,"ID":1}],[{"utility":38,"ID":8},{"utility":57,"ID":16}],[{"utility":78.66666666666667,"ID":10},{"utility":35,"ID":12},{"utility":31.333333333333332,"ID":20},{"utility":40.666666666666664,"ID":30}],[{"utility":93,"ID":11},{"utility":84.5,"ID":13},{"utility":16.5,"ID":24}],[],[{"utility":0,"ID":27}],[{"utility":41,"ID":19},{"utility":47,"ID":25}],[],[],[],[],[],[],[],[],[],[],[],[],[],[],[]],"CORE :":false,"Relazioni :":870,"Time : ":0.1,"LAST PARTITION":{"22":12,"23":4,"24":7,"25":15,"26":11,"27":14,"28":10,"29":7,"30":2,"10":3,"11":6,"12":5,"13":1,"14":8,"15":18,"16":13,"17":9,"18":14,"19":18,"1":1,"2":6,"3":2,"4":10,"5":12,"6":5,"7":8,"8":11,"9":15,"20":9,"21":3}},{"Modalità dinamica :":true,"Q : ":4,"STARTING PARTITION: ":{"22":8,"23":6,"24":12,"25":15,"26":1,"27":14,"28":1,"29":5,"30":11,"10":11,"11":12,"12":11,"13":12,"14":6,"15":5,"16":10,"17":6,"18":3,"19":15,"1":9,"2":4,"3":2,"4":7,"5":5,"6":5,"7":7,"8":10,"9":5,"20":11,"21":7},"LAST COALITION":[[],[{"utility":65,"ID":4},{"utility":84,"ID":16}],[{"utility":97,"ID":3},{"utility":98,"ID":30}],[{"utility":45,"ID":24},{"utility":87,"ID":29}],[{"utility":84,"ID":6},{"utility":88,"ID":27}],[{"utility":0,"ID":18}],[{"utility":80,"ID":5},{"utility":97,"ID":22}],[{"utility":99,"ID":2},{"utility":87,"ID":11}],[],[{"utility":0,"ID":8}],[{"utility":33,"ID":17},{"utility":89,"ID":20}],[{"utility":49,"ID":12},{"utility":95,"ID":26}],[{"utility":81,"ID":19},{"utility":95,"ID":23}],[{"utility":0,"ID":10}],[{"utility":60,"ID":7},{"utility":38,"ID":28}],[{"utility":52,"ID":1},{"utility":98,"ID":15}],[{"utility":87,"ID":9},{"utility":97,"ID":13}],[{"utility":99,"ID":14},{"utility":18,"ID":25}],[{"utility":0,"ID":21}],[],[],[],[],[],[],[],[],[],[],[],[]],"STARTING COALITION: ":[[null],[{"utility":28,"ID":26},{"utility":77,"ID":28}],[{"utility":0,"ID":3}],[{"utility":0,"ID":18}],[{"utility":0,"ID":2}],[{"utility":58.25,"ID":5},{"utility":26,"ID":6},{"utility":60,"ID":9},{"utility":37,"ID":15},{"utility":56.25,"ID":29}],[{"utility":38.5,"ID":14},{"utility":31.5,"ID":17},{"utility":30.5,"ID":23}],[{"utility":51,"ID":4},{"utility":47,"ID":7},{"utility":63.5,"ID":21}],[{"utility":0,"ID":22}],[{"utility":0,"ID":1}],[{"utility":38,"ID":8},{"utility":57,"ID":16}],[{"utility":78.66666666666667,"ID":10},{"utility":35,"ID":12},{"utility":31.333333333333332,"ID":20},{"utility":40.666666666666664,"ID":30}],[{"utility":93,"ID":11},{"utility":84.5,"ID":13},{"utility":16.5,"ID":24}],[],[{"utility":0,"ID":27}],[{"utility":41,"ID":19},{"utility":47,"ID":25}],[],[],[],[],[],[],[],[],[],[],[],[],[],[],[]],"CORE :":false,"Relazioni :":870,"Time : ":0.1,"LAST PARTITION":{"22":6,"23":12,"24":3,"25":17,"26":11,"27":4,"28":14,"29":3,"30":2,"10":13,"11":7,"12":11,"13":16,"14":17,"15":15,"16":1,"17":10,"18":5,"19":12,"1":15,"2":7,"3":2,"4":1,"5":6,"6":4,"7":14,"8":9,"9":16,"20":10,"21":18}},{"Modalità dinamica :":true,"Q : ":5,"STARTING PARTITION: ":{"22":8,"23":6,"24":12,"25":15,"26":1,"27":14,"28":1,"29":5,"30":11,"10":11,"11":12,"12":11,"13":12,"14":6,"15":5,"16":10,"17":6,"18":3,"19":15,"1":9,"2":4,"3":2,"4":7,"5":5,"6":5,"7":7,"8":10,"9":5,"20":11,"21":7},"LAST COALITION":[[],[{"utility":70,"ID":1},{"utility":99,"ID":18}],[{"utility":99,"ID":2},{"utility":87,"ID":11}],[],[{"utility":36,"ID":10},{"utility":49,"ID":24}],[{"utility":0,"ID":5}],[{"utility":81,"ID":21},{"utility":74,"ID":22}],[{"utility":97,"ID":3},{"utility":98,"ID":30}],[{"utility":93,"ID":4},{"utility":89,"ID":28}],[{"utility":89,"ID":6},{"utility":84,"ID":12}],[{"utility":72.5,"ID":15},{"utility":83.5,"ID":25},{"utility":45,"ID":27}],[{"utility":33,"ID":17},{"utility":89,"ID":20}],[{"utility":93,"ID":16},{"utility":19,"ID":23}],[{"utility":98,"ID":7},{"utility":99,"ID":14}],[{"utility":91,"ID":19},{"utility":89,"ID":26}],[{"utility":87,"ID":9},{"utility":97,"ID":13}],[],[{"utility":86,"ID":8},{"utility":63,"ID":29}],[],[],[],[],[],[],[],[],[],[],[],[],[]],"STARTING COALITION: ":[[null],[{"utility":28,"ID":26},{"utility":77,"ID":28}],[{"utility":0,"ID":3}],[{"utility":0,"ID":18}],[{"utility":0,"ID":2}],[{"utility":58.25,"ID":5},{"utility":26,"ID":6},{"utility":60,"ID":9},{"utility":37,"ID":15},{"utility":56.25,"ID":29}],[{"utility":38.5,"ID":14},{"utility":31.5,"ID":17},{"utility":30.5,"ID":23}],[{"utility":51,"ID":4},{"utility":47,"ID":7},{"utility":63.5,"ID":21}],[{"utility":0,"ID":22}],[{"utility":0,"ID":1}],[{"utility":38,"ID":8},{"utility":57,"ID":16}],[{"utility":78.66666666666667,"ID":10},{"utility":35,"ID":12},{"utility":31.333333333333332,"ID":20},{"utility":40.666666666666664,"ID":30}],[{"utility":93,"ID":11},{"utility":84.5,"ID":13},{"utility":16.5,"ID":24}],[],[{"utility":0,"ID":27}],[{"utility":41,"ID":19},{"utility":47,"ID":25}],[],[],[],[],[],[],[],[],[],[],[],[],[],[],[]],"CORE :":false,"Relazioni :":870,"Time : ":0.1,"LAST PARTITION":{"22":6,"23":12,"24":4,"25":10,"26":14,"27":10,"28":8,"29":17,"30":7,"10":4,"11":2,"12":9,"13":15,"14":13,"15":10,"16":12,"17":11,"18":1,"19":14,"1":1,"2":2,"3":7,"4":8,"5":5,"6":9,"7":13,"8":17,"9":15,"20":11,"21":6}},{"Modalità dinamica :":true,"Q : ":6,"STARTING PARTITION: ":{"22":8,"23":6,"24":12,"25":15,"26":1,"27":14,"28":1,"29":5,"30":11,"10":11,"11":12,"12":11,"13":12,"14":6,"15":5,"16":10,"17":6,"18":3,"19":15,"1":9,"2":4,"3":2,"4":7,"5":5,"6":5,"7":7,"8":10,"9":5,"20":11,"21":7},"LAST COALITION":[[],[{"utility":70,"ID":1},{"utility":99,"ID":18}],[],[{"utility":96,"ID":3},{"utility":99,"ID":22}],[{"utility":78,"ID":8},{"utility":58,"ID":28}],[{"utility":10,"ID":5},{"utility":64,"ID":23}],[{"utility":0,"ID":29}],[],[{"utility":96,"ID":16},{"utility":84,"ID":25}],[{"utility":99,"ID":2},{"utility":87,"ID":11}],[{"utility":87,"ID":9},{"utility":97,"ID":13}],[{"utility":51.5,"ID":4},{"utility":79,"ID":12},{"utility":22,"ID":20}],[{"utility":98,"ID":7},{"utility":99,"ID":14}],[{"utility":59,"ID":15},{"utility":25,"ID":24}],[{"utility":91,"ID":19},{"utility":89,"ID":26}],[{"utility":84,"ID":6},{"utility":88,"ID":27}],[{"utility":81,"ID":21},{"utility":98,"ID":30}],[{"utility":42,"ID":10},{"utility":15,"ID":17}],[],[],[],[],[],[],[],[],[],[],[],[],[]],"STARTING COALITION: ":[[null],[{"utility":28,"ID":26},{"utility":77,"ID":28}],[{"utility":0,"ID":3}],[{"utility":0,"ID":18}],[{"utility":0,"ID":2}],[{"utility":58.25,"ID":5},{"utility":26,"ID":6},{"utility":60,"ID":9},{"utility":37,"ID":15},{"utility":56.25,"ID":29}],[{"utility":38.5,"ID":14},{"utility":31.5,"ID":17},{"utility":30.5,"ID":23}],[{"utility":51,"ID":4},{"utility":47,"ID":7},{"utility":63.5,"ID":21}],[{"utility":0,"ID":22}],[{"utility":0,"ID":1}],[{"utility":38,"ID":8},{"utility":57,"ID":16}],[{"utility":78.66666666666667,"ID":10},{"utility":35,"ID":12},{"utility":31.333333333333332,"ID":20},{"utility":40.666666666666664,"ID":30}],[{"utility":93,"ID":11},{"utility":84.5,"ID":13},{"utility":16.5,"ID":24}],[],[{"utility":0,"ID":27}],[{"utility":41,"ID":19},{"utility":47,"ID":25}],[],[],[],[],[],[],[],[],[],[],[],[],[],[],[]],"CORE :":false,"Relazioni :":870,"Time : ":0.1,"LAST PARTITION":{"22":3,"23":5,"24":13,"25":8,"26":14,"27":15,"28":4,"29":6,"30":16,"10":17,"11":9,"12":11,"13":10,"14":12,"15":13,"16":8,"17":17,"18":1,"19":14,"1":1,"2":9,"3":3,"4":11,"5":5,"6":15,"7":12,"8":4,"9":10,"20":11,"21":16}},{"Modalità dinamica :":true,"Q : ":7,"STARTING PARTITION: ":{"22":8,"23":6,"24":12,"25":15,"26":1,"27":14,"28":1,"29":5,"30":11,"10":11,"11":12,"12":11,"13":12,"14":6,"15":5,"16":10,"17":6,"18":3,"19":15,"1":9,"2":4,"3":2,"4":7,"5":5,"6":5,"7":7,"8":10,"9":5,"20":11,"21":7},"LAST COALITION":[[],[{"utility":96,"ID":16},{"utility":84,"ID":25}],[{"utility":0,"ID":13}],[{"utility":96,"ID":3},{"utility":99,"ID":22}],[{"utility":86,"ID":8},{"utility":63,"ID":29}],[{"utility":86,"ID":10},{"utility":76,"ID":30}],[{"utility":93,"ID":4},{"utility":89,"ID":28}],[{"utility":77,"ID":23},{"utility":65,"ID":26}],[{"utility":98,"ID":7},{"utility":99,"ID":14}],[{"utility":57,"ID":2},{"utility":92.5,"ID":9},{"utility":61.5,"ID":11}],[{"utility":72,"ID":5},{"utility":61,"ID":24}],[{"utility":0,"ID":12}],[{"utility":0,"ID":21}],[],[{"utility":56,"ID":18},{"utility":95,"ID":27}],[{"utility":61,"ID":19},{"utility":40,"ID":20}],[{"utility":70,"ID":6},{"utility":37,"ID":15}],[{"utility":92,"ID":1},{"utility":2,"ID":17}],[],[],[],[],[],[],[],[],[],[],[],[],[]],"STARTING COALITION: ":[[null],[{"utility":28,"ID":26},{"utility":77,"ID":28}],[{"utility":0,"ID":3}],[{"utility":0,"ID":18}],[{"utility":0,"ID":2}],[{"utility":58.25,"ID":5},{"utility":26,"ID":6},{"utility":60,"ID":9},{"utility":37,"ID":15},{"utility":56.25,"ID":29}],[{"utility":38.5,"ID":14},{"utility":31.5,"ID":17},{"utility":30.5,"ID":23}],[{"utility":51,"ID":4},{"utility":47,"ID":7},{"utility":63.5,"ID":21}],[{"utility":0,"ID":22}],[{"utility":0,"ID":1}],[{"utility":38,"ID":8},{"utility":57,"ID":16}],[{"utility":78.66666666666667,"ID":10},{"utility":35,"ID":12},{"utility":31.333333333333332,"ID":20},{"utility":40.666666666666664,"ID":30}],[{"utility":93,"ID":11},{"utility":84.5,"ID":13},{"utility":16.5,"ID":24}],[],[{"utility":0,"ID":27}],[{"utility":41,"ID":19},{"utility":47,"ID":25}],[],[],[],[],[],[],[],[],[],[],[],[],[],[],[]],"CORE :":false,"Relazioni :":870,"Time : ":0.1,"LAST PARTITION":{"22":3,"23":7,"24":10,"25":1,"26":7,"27":14,"28":6,"29":4,"30":5,"10":5,"11":9,"12":11,"13":2,"14":8,"15":16,"16":1,"17":17,"18":14,"19":15,"1":17,"2":9,"3":3,"4":6,"5":10,"6":16,"7":8,"8":4,"9":9,"20":15,"21":12}},{"Modalità dinamica :":true,"Q : ":8,"STARTING PARTITION: ":{"22":8,"23":6,"24":12,"25":15,"26":1,"27":14,"28":1,"29":5,"30":11,"10":11,"11":12,"12":11,"13":12,"14":6,"15":5,"16":10,"17":6,"18":3,"19":15,"1":9,"2":4,"3":2,"4":7,"5":5,"6":5,"7":7,"8":10,"9":5,"20":11,"21":7},"LAST COALITION":[[],[{"utility":0,"ID":2}],[{"utility":0,"ID":21}],[{"utility":98,"ID":7},{"utility":99,"ID":14}],[{"utility":73,"ID":8},{"utility":8,"ID":19}],[{"utility":93,"ID":4},{"utility":89,"ID":28}],[{"utility":97,"ID":3},{"utility":98,"ID":30}],[{"utility":0,"ID":25}],[],[{"utility":22,"ID":12},{"utility":98,"ID":18}],[{"utility":74,"ID":6},{"utility":88,"ID":22}],[{"utility":44.5,"ID":9},{"utility":83.5,"ID":20},{"utility":27.5,"ID":26}],[{"utility":90,"ID":15},{"utility":67,"ID":27}],[{"utility":90,"ID":11},{"utility":38.5,"ID":24},{"utility":82.5,"ID":29}],[],[{"utility":0,"ID":10}],[{"utility":99,"ID":1},{"utility":79,"ID":13}],[],[{"utility":78,"ID":5},{"utility":69,"ID":16}],[{"utility":37,"ID":17},{"utility":59,"ID":23}],[],[],[],[],[],[],[],[],[],[],[]],"STARTING COALITION: ":[[null],[{"utility":28,"ID":26},{"utility":77,"ID":28}],[{"utility":0,"ID":3}],[{"utility":0,"ID":18}],[{"utility":0,"ID":2}],[{"utility":58.25,"ID":5},{"utility":26,"ID":6},{"utility":60,"ID":9},{"utility":37,"ID":15},{"utility":56.25,"ID":29}],[{"utility":38.5,"ID":14},{"utility":31.5,"ID":17},{"utility":30.5,"ID":23}],[{"utility":51,"ID":4},{"utility":47,"ID":7},{"utility":63.5,"ID":21}],[{"utility":0,"ID":22}],[{"utility":0,"ID":1}],[{"utility":38,"ID":8},{"utility":57,"ID":16}],[{"utility":78.66666666666667,"ID":10},{"utility":35,"ID":12},{"utility":31.333333333333332,"ID":20},{"utility":40.666666666666664,"ID":30}],[{"utility":93,"ID":11},{"utility":84.5,"ID":13},{"utility":16.5,"ID":24}],[],[{"utility":0,"ID":27}],[{"utility":41,"ID":19},{"utility":47,"ID":25}],[],[],[],[],[],[],[],[],[],[],[],[],[],[],[]],"CORE :":false,"Relazioni :":870,"Time : ":0.1,"LAST PARTITION":{"22":10,"23":19,"24":13,"25":7,"26":11,"27":12,"28":5,"29":13,"30":6,"10":15,"11":13,"12":9,"13":16,"14":3,"15":12,"16":18,"17":19,"18":9,"19":4,"1":16,"2":1,"3":6,"4":5,"5":18,"6":10,"7":3,"8":4,"9":11,"20":11,"21":2}},{"Modalità dinamica :":true,"Q : ":9,"STARTING PARTITION: ":{"22":8,"23":6,"24":12,"25":15,"26":1,"27":14,"28":1,"29":5,"30":11,"10":11,"11":12,"12":11,"13":12,"14":6,"15":5,"16":10,"17":6,"18":3,"19":15,"1":9,"2":4,"3":2,"4":7,"5":5,"6":5,"7":7,"8":10,"9":5,"20":11,"21":7},"LAST COALITION":[[],[{"utility":96,"ID":16},{"utility":84,"ID":25}],[{"utility":72.5,"ID":2},{"utility":57,"ID":24},{"utility":78,"ID":30}],[{"utility":98,"ID":7},{"utility":99,"ID":14}],[],[{"utility":0,"ID":18}],[{"utility":96,"ID":3},{"utility":99,"ID":22}],[{"utility":75,"ID":11},{"utility":53,"ID":27}],[{"utility":99,"ID":1},{"utility":79,"ID":13}],[{"utility":67,"ID":10},{"utility":49,"ID":26}],[],[{"utility":18,"ID":6},{"utility":91,"ID":9}],[{"utility":92,"ID":21},{"utility":40,"ID":29}],[{"utility":76,"ID":5},{"utility":42,"ID":15}],[{"utility":0,"ID":8}],[{"utility":81,"ID":19},{"utility":95,"ID":23}],[{"utility":0,"ID":17}],[{"utility":93,"ID":4},{"utility":89,"ID":28}],[{"utility":73,"ID":12},{"utility":11,"ID":20}],[],[],[],[],[],[],[],[],[],[],[],[]],"STARTING COALITION: ":[[null],[{"utility":28,"ID":26},{"utility":77,"ID":28}],[{"utility":0,"ID":3}],[{"utility":0,"ID":18}],[{"utility":0,"ID":2}],[{"utility":58.25,"ID":5},{"utility":26,"ID":6},{"utility":60,"ID":9},{"utility":37,"ID":15},{"utility":56.25,"ID":29}],[{"utility":38.5,"ID":14},{"utility":31.5,"ID":17},{"utility":30.5,"ID":23}],[{"utility":51,"ID":4},{"utility":47,"ID":7},{"utility":63.5,"ID":21}],[{"utility":0,"ID":22}],[{"utility":0,"ID":1}],[{"utility":38,"ID":8},{"utility":57,"ID":16}],[{"utility":78.66666666666667,"ID":10},{"utility":35,"ID":12},{"utility":31.333333333333332,"ID":20},{"utility":40.666666666666664,"ID":30}],[{"utility":93,"ID":11},{"utility":84.5,"ID":13},{"utility":16.5,"ID":24}],[],[{"utility":0,"ID":27}],[{"utility":41,"ID":19},{"utility":47,"ID":25}],[],[],[],[],[],[],[],[],[],[],[],[],[],[],[]],"CORE :":false,"Relazioni :":870,"Time : ":0.1,"LAST PARTITION":{"22":6,"23":15,"24":2,"25":1,"26":9,"27":7,"28":17,"29":12,"30":2,"10":9,"11":7,"12":18,"13":8,"14":3,"15":13,"16":1,"17":16,"18":5,"19":15,"1":8,"2":2,"3":6,"4":17,"5":13,"6":11,"7":3,"8":14,"9":11,"20":18,"21":12}},{"Modalità dinamica :":true,"Q : ":10,"STARTING PARTITION: ":{"22":8,"23":6,"24":12,"25":15,"26":1,"27":14,"28":1,"29":5,"30":11,"10":11,"11":12,"12":11,"13":12,"14":6,"15":5,"16":10,"17":6,"18":3,"19":15,"1":9,"2":4,"3":2,"4":7,"5":5,"6":5,"7":7,"8":10,"9":5,"20":11,"21":7},"LAST COALITION":[[],[{"utility":70,"ID":1},{"utility":99,"ID":18}],[],[{"utility":80,"ID":5},{"utility":97,"ID":22}],[{"utility":96,"ID":16},{"utility":84,"ID":25}],[{"utility":70,"ID":6},{"utility":37,"ID":15}],[{"utility":0,"ID":17}],[{"utility":86,"ID":8},{"utility":63,"ID":29}],[{"utility":89,"ID":10},{"utility":30,"ID":20}],[],[{"utility":0,"ID":21}],[{"utility":98,"ID":7},{"utility":99,"ID":14}],[{"utility":93,"ID":4},{"utility":89,"ID":28}],[{"utility":87,"ID":9},{"utility":97,"ID":13}],[{"utility":97,"ID":3},{"utility":98,"ID":30}],[{"utility":57,"ID":12},{"utility":83,"ID":24}],[{"utility":99,"ID":2},{"utility":87,"ID":11}],[{"utility":91,"ID":19},{"utility":89,"ID":26}],[{"utility":70,"ID":23},{"utility":28,"ID":27}],[],[],[],[],[],[],[],[],[],[],[],[]],"STARTING COALITION: ":[[null],[{"utility":28,"ID":26},{"utility":77,"ID":28}],[{"utility":0,"ID":3}],[{"utility":0,"ID":18}],[{"utility":0,"ID":2}],[{"utility":58.25,"ID":5},{"utility":26,"ID":6},{"utility":60,"ID":9},{"utility":37,"ID":15},{"utility":56.25,"ID":29}],[{"utility":38.5,"ID":14},{"utility":31.5,"ID":17},{"utility":30.5,"ID":23}],[{"utility":51,"ID":4},{"utility":47,"ID":7},{"utility":63.5,"ID":21}],[{"utility":0,"ID":22}],[{"utility":0,"ID":1}],[{"utility":38,"ID":8},{"utility":57,"ID":16}],[{"utility":78.66666666666667,"ID":10},{"utility":35,"ID":12},{"utility":31.333333333333332,"ID":20},{"utility":40.666666666666664,"ID":30}],[{"utility":93,"ID":11},{"utility":84.5,"ID":13},{"utility":16.5,"ID":24}],[],[{"utility":0,"ID":27}],[{"utility":41,"ID":19},{"utility":47,"ID":25}],[],[],[],[],[],[],[],[],[],[],[],[],[],[],[]],"CORE :":false,"Relazioni :":870,"Time : ":0.1,"LAST PARTITION":{"22":3,"23":18,"24":15,"25":4,"26":17,"27":18,"28":12,"29":7,"30":14,"10":8,"11":16,"12":15,"13":13,"14":11,"15":5,"16":4,"17":6,"18":1,"19":17,"1":1,"2":16,"3":14,"4":12,"5":3,"6":5,"7":11,"8":7,"9":13,"20":8,"21":10}},{"END OF FILE:" : true}]