[{"Modalità dinamica :":false,"Q : ":2,"STARTING PARTITION: ":{"22":2,"23":5,"24":5,"25":9,"26":5,"27":14,"28":10,"29":6,"30":7,"10":14,"11":14,"12":2,"13":8,"14":9,"15":14,"16":13,"17":16,"18":8,"19":11,"1":6,"2":4,"3":5,"4":13,"5":6,"6":16,"7":7,"8":9,"9":3,"20":9,"21":3},"LAST COALITION":[[],[{"utility":0,"ID":5}],[{"utility":0,"ID":22}],[{"utility":0,"ID":21}],[{"utility":0,"ID":8}],[{"utility":39,"ID":23},{"utility":41,"ID":24},{"utility":50,"ID":26}],[{"utility":0,"ID":29}],[{"utility":57,"ID":7},{"utility":58,"ID":30}],[{"utility":54,"ID":13},{"utility":65,"ID":18}],[{"utility":6,"ID":14},{"utility":52.5,"ID":20},{"utility":4.5,"ID":25}],[{"utility":0,"ID":4}],[{"utility":84,"ID":3},{"utility":61,"ID":28}],[{"utility":0,"ID":12}],[{"utility":0,"ID":16}],[{"utility":54.333333333333336,"ID":10},{"utility":63,"ID":11},{"utility":43.666666666666664,"ID":15},{"utility":43.333333333333336,"ID":27}],[{"utility":98,"ID":1},{"utility":70,"ID":19}],[{"utility":37,"ID":2},{"utility":83,"ID":6}],[{"utility":0,"ID":9}],[{"utility":0,"ID":17}],[],[],[],[],[],[],[],[],[],[],[],[]],"STARTING COALITION: ":[[null],[],[{"utility":11,"ID":12},{"utility":84,"ID":22}],[{"utility":11,"ID":9},{"utility":16,"ID":21}],[{"utility":0,"ID":2}],[{"utility":33.333333333333336,"ID":3},{"utility":51,"ID":23},{"utility":36.333333333333336,"ID":24},{"utility":38.666666666666664,"ID":26}],[{"utility":26,"ID":1},{"utility":33,"ID":5},{"utility":36.5,"ID":29}],[{"utility":57,"ID":7},{"utility":58,"ID":30}],[{"utility":54,"ID":13},{"utility":65,"ID":18}],[{"utility":36.666666666666664,"ID":8},{"utility":15,"ID":14},{"utility":52.333333333333336,"ID":20},{"utility":35.333333333333336,"ID":25}],[{"utility":0,"ID":28}],[{"utility":0,"ID":19}],[],[{"utility":45,"ID":4},{"utility":99,"ID":16}],[{"utility":54.333333333333336,"ID":10},{"utility":63,"ID":11},{"utility":43.666666666666664,"ID":15},{"utility":43.333333333333336,"ID":27}],[],[{"utility":25,"ID":6},{"utility":6,"ID":17}],[],[],[],[],[],[],[],[],[],[],[],[],[],[]],"CORE :":false,"Relazioni :":870,"Time : ":0.1,"LAST PARTITION":{"22":2,"23":5,"24":5,"25":9,"26":5,"27":14,"28":11,"29":6,"30":7,"10":14,"11":14,"12":12,"13":8,"14":9,"15":14,"16":13,"17":18,"18":8,"19":15,"1":15,"2":16,"3":11,"4":10,"5":1,"6":16,"7":7,"8":4,"9":17,"20":9,"21":3}},{"Modalità dinamica :":false,"Q : ":3,"STARTING PARTITION: ":{"22":2,"23":5,"24":5,"25":9,"26":5,"27":14,"28":10,"29":6,"30":7,"10":14,"11":14,"12":2,"13":8,"14":9,"15":14,"16":13,"17":16,"18":8,"19":11,"1":6,"2":4,"3":5,"4":13,"5":6,"6":16,"7":7,"8":9,"9":3,"20":9,"21":3},"LAST COALITION":[[],[{"utility":0,"ID":5}],[{"utility":0,"ID":22}],[{"utility":0,"ID":21}],[{"utility":0,"ID":8}],[{"utility":39,"ID":23},{"utility":41,"ID":24},{"utility":50,"ID":26}],[{"utility":0,"ID":29}],[{"utility":57,"ID":7},{"utility":58,"ID":30}],[{"utility":54,"ID":13},{"utility":65,"ID":18}],[{"utility":6,"ID":14},{"utility":52.5,"ID":20},{"utility":4.5,"ID":25}],[],[{"utility":84,"ID":3},{"utility":61,"ID":28}],[{"utility":0,"ID":12}],[{"utility":0,"ID":16}],[{"utility":54.333333333333336,"ID":10},{"utility":63,"ID":11},{"utility":43.666666666666664,"ID":15},{"utility":43.333333333333336,"ID":27}],[{"utility":98,"ID":1},{"utility":70,"ID":19}],[{"utility":0,"ID":6}],[{"utility":0,"ID":9}],[{"utility":0,"ID":17}],[{"utility":92,"ID":2},{"utility":28,"ID":4}],[],[],[],[],[],[],[],[],[],[],[]],"STARTING COALITION: ":[[null],[],[{"utility":11,"ID":12},{"utility":84,"ID":22}],[{"utility":11,"ID":9},{"utility":16,"ID":21}],[{"utility":0,"ID":2}],[{"utility":33.333333333333336,"ID":3},{"utility":51,"ID":23},{"utility":36.333333333333336,"ID":24},{"utility":38.666666666666664,"ID":26}],[{"utility":26,"ID":1},{"utility":33,"ID":5},{"utility":36.5,"ID":29}],[{"utility":57,"ID":7},{"utility":58,"ID":30}],[{"utility":54,"ID":13},{"utility":65,"ID":18}],[{"utility":36.666666666666664,"ID":8},{"utility":15,"ID":14},{"utility":52.333333333333336,"ID":20},{"utility":35.333333333333336,"ID":25}],[{"utility":0,"ID":28}],[{"utility":0,"ID":19}],[],[{"utility":45,"ID":4},{"utility":99,"ID":16}],[{"utility":54.333333333333336,"ID":10},{"utility":63,"ID":11},{"utility":43.666666666666664,"ID":15},{"utility":43.333333333333336,"ID":27}],[],[{"utility":25,"ID":6},{"utility":6,"ID":17}],[],[],[],[],[],[],[],[],[],[],[],[],[],[]],"CORE :":false,"Relazioni :":870,"Time : ":0.1,"LAST PARTITION":{"22":2,"23":5,"24":5,"25":9,"26":5,"27":14,"28":11,"29":6,"30":7,"10":14,"11":14,"12":12,"13":8,"14":9,"15":14,"16":13,"17":18,"18":8,"19":15,"1":15,"2":19,"3":11,"4":19,"5":1,"6":16,"7":7,"8":4,"9":17,"20":9,"21":3}},{"Modalità dinamica :":false,"Q : ":4,"STARTING PARTITION: ":{"22":2,"23":5,"24":5,"25":9,"26":5,"27":14,"28":10,"29":6,"30":7,"10":14,"11":14,"12":2,"13":8,"14":9,"15":14,"16":13,"17":16,"18":8,"19":11,"1":6,"2":4,"3":5,"4":13,"5":6,"6":16,"7":7,"8":9,"9":3,"20":9,"21":3},"LAST COALITION":[[],[],[{"utility":0,"ID":22}],[{"utility":0,"ID":21}],[{"utility":0,"ID":8}],[{"utility":39,"ID":23},{"utility":41,"ID":24},{"utility":50,"ID":26}],[{"utility":0,"ID":29}],[{"utility":57,"ID":7},{"utility":58,"ID":30}],[{"utility":54,"ID":13},{"utility":65,"ID":18}],[{"utility":6,"ID":14},{"utility":52.5,"ID":20},{"utility":4.5,"ID":25}],[{"utility":34,"ID":4},{"utility":52,"ID":6}],[{"utility":84,"ID":3},{"utility":61,"ID":28}],[{"utility":0,"ID":12}],[{"utility":0,"ID":16}],[{"utility":54.333333333333336,"ID":10},{"utility":63,"ID":11},{"utility":43.666666666666664,"ID":15},{"utility":43.333333333333336,"ID":27}],[{"utility":98,"ID":1},{"utility":70,"ID":19}],[{"utility":0,"ID":5}],[{"utility":0,"ID":9}],[{"utility":0,"ID":17}],[{"utility":0,"ID":2}],[],[],[],[],[],[],[],[],[],[],[]],"STARTING COALITION: ":[[null],[],[{"utility":11,"ID":12},{"utility":84,"ID":22}],[{"utility":11,"ID":9},{"utility":16,"ID":21}],[{"utility":0,"ID":2}],[{"utility":33.333333333333336,"ID":3},{"utility":51,"ID":23},{"utility":36.333333333333336,"ID":24},{"utility":38.666666666666664,"ID":26}],[{"utility":26,"ID":1},{"utility":33,"ID":5},{"utility":36.5,"ID":29}],[{"utility":57,"ID":7},{"utility":58,"ID":30}],[{"utility":54,"ID":13},{"utility":65,"ID":18}],[{"utility":36.666666666666664,"ID":8},{"utility":15,"ID":14},{"utility":52.333333333333336,"ID":20},{"utility":35.333333333333336,"ID":25}],[{"utility":0,"ID":28}],[{"utility":0,"ID":19}],[],[{"utility":45,"ID":4},{"utility":99,"ID":16}],[{"utility":54.333333333333336,"ID":10},{"utility":63,"ID":11},{"utility":43.666666666666664,"ID":15},{"utility":43.333333333333336,"ID":27}],[],[{"utility":25,"ID":6},{"utility":6,"ID":17}],[],[],[],[],[],[],[],[],[],[],[],[],[],[]],"CORE :":false,"Relazioni :":870,"Time : ":0.1,"LAST PARTITION":{"22":2,"23":5,"24":5,"25":9,"26":5,"27":14,"28":11,"29":6,"30":7,"10":14,"11":14,"12":12,"13":8,"14":9,"15":14,"16":13,"17":18,"18":8,"19":15,"1":15,"2":19,"3":11,"4":10,"5":16,"6":10,"7":7,"8":4,"9":17,"20":9,"21":3}},{"Modalità dinamica :":false,"Q : ":5,"STARTING PARTITION: ":{"22":2,"23":5,"24":5,"25":9,"26":5,"27":14,"28":10,"29":6,"30":7,"10":14,"11":14,"12":2,"13":8,"14":9,"15":14,"16":13,"17":16,"18":8,"19":11,"1":6,"2":4,"3":5,"4":13,"5":6,"6":16,"7":7,"8":9,"9":3,"20":9,"21":3},"LAST COALITION":[[],[{"utility":0,"ID":5}],[{"utility":0,"ID":22}],[{"utility":0,"ID":21}],[{"utility":0,"ID":8}],[{"utility":39,"ID":23},{"utility":41,"ID":24},{"utility":50,"ID":26}],[{"utility":0,"ID":29}],[{"utility":57,"ID":7},{"utility":58,"ID":30}],[{"utility":54,"ID":13},{"utility":65,"ID":18}],[{"utility":6,"ID":14},{"utility":52.5,"ID":20},{"utility":4.5,"ID":25}],[{"utility":0,"ID":4}],[{"utility":84,"ID":3},{"utility":61,"ID":28}],[{"utility":0,"ID":12}],[{"utility":0,"ID":16}],[{"utility":54.333333333333336,"ID":10},{"utility":63,"ID":11},{"utility":43.666666666666664,"ID":15},{"utility":43.333333333333336,"ID":27}],[{"utility":98,"ID":1},{"utility":70,"ID":19}],[{"utility":37,"ID":2},{"utility":83,"ID":6}],[{"utility":0,"ID":9}],[{"utility":0,"ID":17}],[],[],[],[],[],[],[],[],[],[],[],[]],"STARTING COALITION: ":[[null],[],[{"utility":11,"ID":12},{"utility":84,"ID":22}],[{"utility":11,"ID":9},{"utility":16,"ID":21}],[{"utility":0,"ID":2}],[{"utility":33.333333333333336,"ID":3},{"utility":51,"ID":23},{"utility":36.333333333333336,"ID":24},{"utility":38.666666666666664,"ID":26}],[{"utility":26,"ID":1},{"utility":33,"ID":5},{"utility":36.5,"ID":29}],[{"utility":57,"ID":7},{"utility":58,"ID":30}],[{"utility":54,"ID":13},{"utility":65,"ID":18}],[{"utility":36.666666666666664,"ID":8},{"utility":15,"ID":14},{"utility":52.333333333333336,"ID":20},{"utility":35.333333333333336,"ID":25}],[{"utility":0,"ID":28}],[{"utility":0,"ID":19}],[],[{"utility":45,"ID":4},{"utility":99,"ID":16}],[{"utility":54.333333333333336,"ID":10},{"utility":63,"ID":11},{"utility":43.666666666666664,"ID":15},{"utility":43.333333333333336,"ID":27}],[],[{"utility":25,"ID":6},{"utility":6,"ID":17}],[],[],[],[],[],[],[],[],[],[],[],[],[],[]],"CORE :":false,"Relazioni :":870,"Time : ":0.1,"LAST PARTITION":{"22":2,"23":5,"24":5,"25":9,"26":5,"27":14,"28":11,"29":6,"30":7,"10":14,"11":14,"12":12,"13":8,"14":9,"15":14,"16":13,"17":18,"18":8,"19":15,"1":15,"2":16,"3":11,"4":10,"5":1,"6":16,"7":7,"8":4,"9":17,"20":9,"21":3}},{"Modalità dinamica :":false,"Q : ":6,"STARTING PARTITION: ":{"22":2,"23":5,"24":5,"25":9,"26":5,"27":14,"28":10,"29":6,"30":7,"10":14,"11":14,"12":2,"13":8,"14":9,"15":14,"16":13,"17":16,"18":8,"19":11,"1":6,"2":4,"3":5,"4":13,"5":6,"6":16,"7":7,"8":9,"9":3,"20":9,"21":3},"LAST COALITION":[[],[],[{"utility":0,"ID":22}],[{"utility":0,"ID":21}],[{"utility":0,"ID":8}],[{"utility":39,"ID":23},{"utility":41,"ID":24},{"utility":50,"ID":26}],[{"utility":0,"ID":29}],[{"utility":57,"ID":7},{"utility":58,"ID":30}],[{"utility":54,"ID":13},{"utility":65,"ID":18}],[{"utility":6,"ID":14},{"utility":52.5,"ID":20},{"utility":4.5,"ID":25}],[{"utility":34,"ID":4},{"utility":52,"ID":6}],[{"utility":84,"ID":3},{"utility":61,"ID":28}],[{"utility":0,"ID":12}],[{"utility":0,"ID":16}],[{"utility":54.333333333333336,"ID":10},{"utility":63,"ID":11},{"utility":43.666666666666664,"ID":15},{"utility":43.333333333333336,"ID":27}],[{"utility":98,"ID":1},{"utility":70,"ID":19}],[{"utility":0,"ID":5}],[{"utility":0,"ID":9}],[{"utility":0,"ID":17}],[{"utility":0,"ID":2}],[],[],[],[],[],[],[],[],[],[],[]],"STARTING COALITION: ":[[null],[],[{"utility":11,"ID":12},{"utility":84,"ID":22}],[{"utility":11,"ID":9},{"utility":16,"ID":21}],[{"utility":0,"ID":2}],[{"utility":33.333333333333336,"ID":3},{"utility":51,"ID":23},{"utility":36.333333333333336,"ID":24},{"utility":38.666666666666664,"ID":26}],[{"utility":26,"ID":1},{"utility":33,"ID":5},{"utility":36.5,"ID":29}],[{"utility":57,"ID":7},{"utility":58,"ID":30}],[{"utility":54,"ID":13},{"utility":65,"ID":18}],[{"utility":36.666666666666664,"ID":8},{"utility":15,"ID":14},{"utility":52.333333333333336,"ID":20},{"utility":35.333333333333336,"ID":25}],[{"utility":0,"ID":28}],[{"utility":0,"ID":19}],[],[{"utility":45,"ID":4},{"utility":99,"ID":16}],[{"utility":54.333333333333336,"ID":10},{"utility":63,"ID":11},{"utility":43.666666666666664,"ID":15},{"utility":43.333333333333336,"ID":27}],[],[{"utility":25,"ID":6},{"utility":6,"ID":17}],[],[],[],[],[],[],[],[],[],[],[],[],[],[]],"CORE :":false,"Relazioni :":870,"Time : ":0.1,"LAST PARTITION":{"22":2,"23":5,"24":5,"25":9,"26":5,"27":14,"28":11,"29":6,"30":7,"10":14,"11":14,"12":12,"13":8,"14":9,"15":14,"16":13,"17":18,"18":8,"19":15,"1":15,"2":19,"3":11,"4":10,"5":16,"6":10,"7":7,"8":4,"9":17,"20":9,"21":3}},{"Modalità dinamica :":false,"Q : ":7,"STARTING PARTITION: ":{"22":2,"23":5,"24":5,"25":9,"26":5,"27":14,"28":10,"29":6,"30":7,"10":14,"11":14,"12":2,"13":8,"14":9,"15":14,"16":13,"17":16,"18":8,"19":11,"1":6,"2":4,"3":5,"4":13,"5":6,"6":16,"7":7,"8":9,"9":3,"20":9,"21":3},"LAST COALITION":[[],[{"utility":0,"ID":5}],[{"utility":0,"ID":22}],[{"utility":0,"ID":21}],[{"utility":0,"ID":8}],[{"utility":39,"ID":23},{"utility":41,"ID":24},{"utility":50,"ID":26}],[{"utility":0,"ID":29}],[{"utility":57,"ID":7},{"utility":58,"ID":30}],[{"utility":54,"ID":13},{"utility":65,"ID":18}],[{"utility":6,"ID":14},{"utility":52.5,"ID":20},{"utility":4.5,"ID":25}],[{"utility":0,"ID":4}],[{"utility":84,"ID":3},{"utility":61,"ID":28}],[{"utility":0,"ID":12}],[{"utility":0,"ID":16}],[{"utility":54.333333333333336,"ID":10},{"utility":63,"ID":11},{"utility":43.666666666666664,"ID":15},{"utility":43.333333333333336,"ID":27}],[{"utility":98,"ID":1},{"utility":70,"ID":19}],[{"utility":37,"ID":2},{"utility":83,"ID":6}],[{"utility":0,"ID":9}],[{"utility":0,"ID":17}],[],[],[],[],[],[],[],[],[],[],[],[]],"STARTING COALITION: ":[[null],[],[{"utility":11,"ID":12},{"utility":84,"ID":22}],[{"utility":11,"ID":9},{"utility":16,"ID":21}],[{"utility":0,"ID":2}],[{"utility":33.333333333333336,"ID":3},{"utility":51,"ID":23},{"utility":36.333333333333336,"ID":24},{"utility":38.666666666666664,"ID":26}],[{"utility":26,"ID":1},{"utility":33,"ID":5},{"utility":36.5,"ID":29}],[{"utility":57,"ID":7},{"utility":58,"ID":30}],[{"utility":54,"ID":13},{"utility":65,"ID":18}],[{"utility":36.666666666666664,"ID":8},{"utility":15,"ID":14},{"utility":52.333333333333336,"ID":20},{"utility":35.333333333333336,"ID":25}],[{"utility":0,"ID":28}],[{"utility":0,"ID":19}],[],[{"utility":45,"ID":4},{"utility":99,"ID":16}],[{"utility":54.333333333333336,"ID":10},{"utility":63,"ID":11},{"utility":43.666666666666664,"ID":15},{"utility":43.333333333333336,"ID":27}],[],[{"utility":25,"ID":6},{"utility":6,"ID":17}],[],[],[],[],[],[],[],[],[],[],[],[],[],[]],"CORE :":false,"Relazioni :":870,"Time : ":0.1,"LAST PARTITION":{"22":2,"23":5,"24":5,"25":9,"26":5,"27":14,"28":11,"29":6,"30":7,"10":14,"11":14,"12":12,"13":8,"14":9,"15":14,"16":13,"17":18,"18":8,"19":15,"1":15,"2":16,"3":11,"4":10,"5":1,"6":16,"7":7,"8":4,"9":17,"20":9,"21":3}},{"Modalità dinamica :":false,"Q : ":8,"STARTING PARTITION: ":{"22":2,"23":5,"24":5,"25":9,"26":5,"27":14,"28":10,"29":6,"30":7,"10":14,"11":14,"12":2,"13":8,"14":9,"15":14,"16":13,"17":16,"18":8,"19":11,"1":6,"2":4,"3":5,"4":13,"5":6,"6":16,"7":7,"8":9,"9":3,"20":9,"21":3},"LAST COALITION":[[],[],[{"utility":0,"ID":22}],[{"utility":0,"ID":21}],[{"utility":0,"ID":8}],[{"utility":39,"ID":23},{"utility":41,"ID":24},{"utility":50,"ID":26}],[{"utility":0,"ID":29}],[{"utility":57,"ID":7},{"utility":58,"ID":30}],[{"utility":54,"ID":13},{"utility":65,"ID":18}],[{"utility":6,"ID":14},{"utility":52.5,"ID":20},{"utility":4.5,"ID":25}],[{"utility":34,"ID":4},{"utility":52,"ID":6}],[{"utility":84,"ID":3},{"utility":61,"ID":28}],[{"utility":0,"ID":12}],[{"utility":0,"ID":16}],[{"utility":54.333333333333336,"ID":10},{"utility":63,"ID":11},{"utility":43.666666666666664,"ID":15},{"utility":43.333333333333336,"ID":27}],[{"utility":98,"ID":1},{"utility":70,"ID":19}],[{"utility":0,"ID":5}],[{"utility":0,"ID":9}],[{"utility":0,"ID":17}],[{"utility":0,"ID":2}],[],[],[],[],[],[],[],[],[],[],[]],"STARTING COALITION: ":[[null],[],[{"utility":11,"ID":12},{"utility":84,"ID":22}],[{"utility":11,"ID":9},{"utility":16,"ID":21}],[{"utility":0,"ID":2}],[{"utility":33.333333333333336,"ID":3},{"utility":51,"ID":23},{"utility":36.333333333333336,"ID":24},{"utility":38.666666666666664,"ID":26}],[{"utility":26,"ID":1},{"utility":33,"ID":5},{"utility":36.5,"ID":29}],[{"utility":57,"ID":7},{"utility":58,"ID":30}],[{"utility":54,"ID":13},{"utility":65,"ID":18}],[{"utility":36.666666666666664,"ID":8},{"utility":15,"ID":14},{"utility":52.333333333333336,"ID":20},{"utility":35.333333333333336,"ID":25}],[{"utility":0,"ID":28}],[{"utility":0,"ID":19}],[],[{"utility":45,"ID":4},{"utility":99,"ID":16}],[{"utility":54.333333333333336,"ID":10},{"utility":63,"ID":11},{"utility":43.666666666666664,"ID":15},{"utility":43.333333333333336,"ID":27}],[],[{"utility":25,"ID":6},{"utility":6,"ID":17}],[],[],[],[],[],[],[],[],[],[],[],[],[],[]],"CORE :":false,"Relazioni :":870,"Time : ":0.1,"LAST PARTITION":{"22":2,"23":5,"24":5,"25":9,"26":5,"27":14,"28":11,"29":6,"30":7,"10":14,"11":14,"12":12,"13":8,"14":9,"15":14,"16":13,"17":18,"18":8,"19":15,"1":15,"2":19,"3":11,"4":10,"5":16,"6":10,"7":7,"8":4,"9":17,"20":9,"21":3}},{"Modalità dinamica :":false,"Q : ":9,"STARTING PARTITION: ":{"22":2,"23":5,"24":5,"25":9,"26":5,"27":14,"28":10,"29":6,"30":7,"10":14,"11":14,"12":2,"13":8,"14":9,"15":14,"16":13,"17":16,"18":8,"19":11,"1":6,"2":4,"3":5,"4":13,"5":6,"6":16,"7":7,"8":9,"9":3,"20":9,"21":3},"LAST COALITION":[[],[{"utility":30,"ID":2},{"utility":78,"ID":5}],[{"utility":0,"ID":22}],[{"utility":0,"ID":21}],[{"utility":0,"ID":8}],[{"utility":39,"ID":23},{"utility":41,"ID":24},{"utility":50,"ID":26}],[{"utility":0,"ID":29}],[{"utility":57,"ID":7},{"utility":58,"ID":30}],[{"utility":54,"ID":13},{"utility":65,"ID":18}],[{"utility":6,"ID":14},{"utility":52.5,"ID":20},{"utility":4.5,"ID":25}],[{"utility":34,"ID":4},{"utility":52,"ID":6}],[{"utility":84,"ID":3},{"utility":61,"ID":28}],[{"utility":0,"ID":12}],[{"utility":0,"ID":16}],[{"utility":54.333333333333336,"ID":10},{"utility":63,"ID":11},{"utility":43.666666666666664,"ID":15},{"utility":43.333333333333336,"ID":27}],[{"utility":98,"ID":1},{"utility":70,"ID":19}],[],[{"utility":0,"ID":9}],[{"utility":0,"ID":17}],[],[],[],[],[],[],[],[],[],[],[],[]],"STARTING COALITION: ":[[null],[],[{"utility":11,"ID":12},{"utility":84,"ID":22}],[{"utility":11,"ID":9},{"utility":16,"ID":21}],[{"utility":0,"ID":2}],[{"utility":33.333333333333336,"ID":3},{"utility":51,"ID":23},{"utility":36.333333333333336,"ID":24},{"utility":38.666666666666664,"ID":26}],[{"utility":26,"ID":1},{"utility":33,"ID":5},{"utility":36.5,"ID":29}],[{"utility":57,"ID":7},{"utility":58,"ID":30}],[{"utility":54,"ID":13},{"utility":65,"ID":18}],[{"utility":36.666666666666664,"ID":8},{"utility":15,"ID":14},{"utility":52.333333333333336,"ID":20},{"utility":35.333333333333336,"ID":25}],[{"utility":0,"ID":28}],[{"utility":0,"ID":19}],[],[{"utility":45,"ID":4},{"utility":99,"ID":16}],[{"utility":54.333333333333336,"ID":10},{"utility":63,"ID":11},{"utility":43.666666666666664,"ID":15},{"utility":43.333333333333336,"ID":27}],[],[{"utility":25,"ID":6},{"utility":6,"ID":17}],[],[],[],[],[],[],[],[],[],[],[],[],[],[]],"CORE :":false,"Relazioni :":870,"Time : ":0.1,"LAST PARTITION":{"22":2,"23":5,"24":5,"25":9,"26":5,"27":14,"28":11,"29":6,"30":7,"10":14,"11":14,"12":12,"13":8,"14":9,"15":14,"16":13,"17":18,"18":8,"19":15,"1":15,"2":1,"3":11,"4":10,"5":1,"6":10,"7":7,"8":4,"9":17,"20":9,"21":3}},{"Modalità dinamica :":false,"Q : ":10,"STARTING PARTITION: ":{"22":2,"23":5,"24":5,"25":9,"26":5,"27":14,"28":10,"29":6,"30":7,"10":14,"11":14,"12":2,"13":8,"14":9,"15":14,"16":13,"17":16,"18":8,"19":11,"1":6,"2":4,"3":5,"4":13,"5":6,"6":16,"7":7,"8":9,"9":3,"20":9,"21":3},"LAST COALITION":[[],[{"utility":0,"ID":5}],[{"utility":0,"ID":22}],[{"utility":0,"ID":21}],[{"utility":0,"ID":8}],[{"utility":39,"ID":23},{"utility":41,"ID":24},{"utility":50,"ID":26}],[{"utility":0,"ID":29}],[{"utility":57,"ID":7},{"utility":58,"ID":30}],[{"utility":54,"ID":13},{"utility":65,"ID":18}],[{"utility":6,"ID":14},{"utility":52.5,"ID":20},{"utility":4.5,"ID":25}],[{"utility":0,"ID":4}],[{"utility":84,"ID":3},{"utility":61,"ID":28}],[{"utility":0,"ID":12}],[{"utility":0,"ID":16}],[{"utility":54.333333333333336,"ID":10},{"utility":63,"ID":11},{"utility":43.666666666666664,"ID":15},{"utility":43.333333333333336,"ID":27}],[{"utility":98,"ID":1},{"utility":70,"ID":19}],[{"utility":37,"ID":2},{"utility":83,"ID":6}],[{"utility":0,"ID":9}],[{"utility":0,"ID":17}],[],[],[],[],[],[],[],[],[],[],[],[]],"STARTING COALITION: ":[[null],[],[{"utility":11,"ID":12},{"utility":84,"ID":22}],[{"utility":11,"ID":9},{"utility":16,"ID":21}],[{"utility":0,"ID":2}],[{"utility":33.333333333333336,"ID":3},{"utility":51,"ID":23},{"utility":36.333333333333336,"ID":24},{"utility":38.666666666666664,"ID":26}],[{"utility":26,"ID":1},{"utility":33,"ID":5},{"utility":36.5,"ID":29}],[{"utility":57,"ID":7},{"utility":58,"ID":30}],[{"utility":54,"ID":13},{"utility":65,"ID":18}],[{"utility":36.666666666666664,"ID":8},{"utility":15,"ID":14},{"utility":52.333333333333336,"ID":20},{"utility":35.333333333333336,"ID":25}],[{"utility":0,"ID":28}],[{"utility":0,"ID":19}],[],[{"utility":45,"ID":4},{"utility":99,"ID":16}],[{"utility":54.333333333333336,"ID":10},{"utility":63,"ID":11},{"utility":43.666666666666664,"ID":15},{"utility":43.333333333333336,"ID":27}],[],[{"utility":25,"ID":6},{"utility":6,"ID":17}],[],[],[],[],[],[],[],[],[],[],[],[],[],[]],"CORE :":false,"Relazioni :":870,"Time : ":0.1,"LAST PARTITION":{"22":2,"23":5,"24":5,"25":9,"26":5,"27":14,"28":11,"29":6,"30":7,"10":14,"11":14,"12":12,"13":8,"14":9,"15":14,"16":13,"17":18,"18":8,"19":15,"1":15,"2":16,"3":11,"4":10,"5":1,"6":16,"7":7,"8":4,"9":17,"20":9,"21":3}},{"Modalità dinamica :":true,"Q : ":2,"STARTING PARTITION: ":{"22":2,"23":5,"24":5,"25":9,"26":5,"27":14,"28":10,"29":6,"30":7,"10":14,"11":14,"12":2,"13":8,"14":9,"15":14,"16":13,"17":16,"18":8,"19":11,"1":6,"2":4,"3":5,"4":13,"5":6,"6":16,"7":7,"8":9,"9":3,"20":9,"21":3},"LAST COALITION":[[],[{"utility":93,"ID":6},{"utility":96,"ID":18}],[{"utility":0,"ID":11}],[{"utility":97,"ID":16},{"utility":62,"ID":21}],[{"utility":93,"ID":19},{"utility":96,"ID":23}],[{"utility":0,"ID":15}],[{"utility":0,"ID":20}],[{"utility":0,"ID":29}],[{"utility":80,"ID":3},{"utility":89,"ID":27}],[{"utility":95,"ID":9},{"utility":85,"ID":10}],[{"utility":0,"ID":24}],[{"utility":52,"ID":8},{"utility":92,"ID":12}],[{"utility":72,"ID":28},{"utility":21,"ID":30}],[{"utility":97,"ID":4},{"utility":87,"ID":14}],[{"utility":96,"ID":13},{"utility":84,"ID":26}],[{"utility":92,"ID":2},{"utility":68,"ID":17}],[{"utility":0,"ID":25}],[{"utility":0,"ID":22}],[{"utility":0,"ID":5}],[{"utility":70,"ID":1},{"utility":91,"ID":7}],[],[],[],[],[],[],[],[],[],[],[]],"STARTING COALITION: ":[[null],[],[{"utility":11,"ID":12},{"utility":84,"ID":22}],[{"utility":11,"ID":9},{"utility":16,"ID":21}],[{"utility":0,"ID":2}],[{"utility":33.333333333333336,"ID":3},{"utility":51,"ID":23},{"utility":36.333333333333336,"ID":24},{"utility":38.666666666666664,"ID":26}],[{"utility":26,"ID":1},{"utility":33,"ID":5},{"utility":36.5,"ID":29}],[{"utility":57,"ID":7},{"utility":58,"ID":30}],[{"utility":54,"ID":13},{"utility":65,"ID":18}],[{"utility":36.666666666666664,"ID":8},{"utility":15,"ID":14},{"utility":52.333333333333336,"ID":20},{"utility":35.333333333333336,"ID":25}],[{"utility":0,"ID":28}],[{"utility":0,"ID":19}],[],[{"utility":45,"ID":4},{"utility":99,"ID":16}],[{"utility":54.333333333333336,"ID":10},{"utility":63,"ID":11},{"utility":43.666666666666664,"ID":15},{"utility":43.333333333333336,"ID":27}],[],[{"utility":25,"ID":6},{"utility":6,"ID":17}],[],[],[],[],[],[],[],[],[],[],[],[],[],[]],"CORE :":false,"Relazioni :":870,"Time : ":0.1,"LAST PARTITION":{"22":17,"23":4,"24":10,"25":16,"26":14,"27":8,"28":12,"29":7,"30":12,"10":9,"11":2,"12":11,"13":14,"14":13,"15":5,"16":3,"17":15,"18":1,"19":4,"1":19,"2":15,"3":8,"4":13,"5":18,"6":1,"7":19,"8":11,"9":9,"20":6,"21":3}},{"Modalità dinamica :":true,"Q : ":3,"STARTING PARTITION: ":{"22":2,"23":5,"24":5,"25":9,"26":5,"27":14,"28":10,"29":6,"30":7,"10":14,"11":14,"12":2,"13":8,"14":9,"15":14,"16":13,"17":16,"18":8,"19":11,"1":6,"2":4,"3":5,"4":13,"5":6,"6":16,"7":7,"8":9,"9":3,"20":9,"21":3},"LAST COALITION":[[],[{"utility":92,"ID":2},{"utility":68,"ID":17}],[{"utility":79,"ID":7},{"utility":72,"ID":25}],[{"utility":92,"ID":12},{"utility":63,"ID":30}],[{"utility":99,"ID":26},{"utility":90,"ID":27}],[{"utility":71,"ID":1},{"utility":30,"ID":8}],[],[],[{"utility":66,"ID":20},{"utility":95,"ID":22}],[{"utility":93,"ID":6},{"utility":96,"ID":18}],[{"utility":16,"ID":13},{"utility":84,"ID":24}],[{"utility":95,"ID":9},{"utility":85,"ID":10}],[{"utility":98,"ID":15},{"utility":80,"ID":21}],[{"utility":84,"ID":5},{"utility":62,"ID":16}],[{"utility":84,"ID":3},{"utility":61,"ID":28}],[],[{"utility":79,"ID":11},{"utility":89,"ID":29}],[{"utility":97,"ID":4},{"utility":87,"ID":14}],[{"utility":93,"ID":19},{"utility":96,"ID":23}],[],[],[],[],[],[],[],[],[],[],[],[]],"STARTING COALITION: ":[[null],[],[{"utility":11,"ID":12},{"utility":84,"ID":22}],[{"utility":11,"ID":9},{"utility":16,"ID":21}],[{"utility":0,"ID":2}],[{"utility":33.333333333333336,"ID":3},{"utility":51,"ID":23},{"utility":36.333333333333336,"ID":24},{"utility":38.666666666666664,"ID":26}],[{"utility":26,"ID":1},{"utility":33,"ID":5},{"utility":36.5,"ID":29}],[{"utility":57,"ID":7},{"utility":58,"ID":30}],[{"utility":54,"ID":13},{"utility":65,"ID":18}],[{"utility":36.666666666666664,"ID":8},{"utility":15,"ID":14},{"utility":52.333333333333336,"ID":20},{"utility":35.333333333333336,"ID":25}],[{"utility":0,"ID":28}],[{"utility":0,"ID":19}],[],[{"utility":45,"ID":4},{"utility":99,"ID":16}],[{"utility":54.333333333333336,"ID":10},{"utility":63,"ID":11},{"utility":43.666666666666664,"ID":15},{"utility":43.333333333333336,"ID":27}],[],[{"utility":25,"ID":6},{"utility":6,"ID":17}],[],[],[],[],[],[],[],[],[],[],[],[],[],[]],"CORE :":true,"Relazioni :":870,"Time : ":0.1,"LAST PARTITION":{"22":8,"23":18,"24":10,"25":2,"26":4,"27":4,"28":14,"29":16,"30":3,"10":11,"11":16,"12":3,"13":10,"14":17,"15":12,"16":13,"17":1,"18":9,"19":18,"1":5,"2":1,"3":14,"4":17,"5":13,"6":9,"7":2,"8":5,"9":11,"20":8,"21":12}},{"Modalità dinamica :":true,"Q : ":4,"STARTING PARTITION: ":{"22":2,"23":5,"24":5,"25":9,"26":5,"27":14,"28":10,"29":6,"30":7,"10":14,"11":14,"12":2,"13":8,"14":9,"15":14,"16":13,"17":16,"18":8,"19":11,"1":6,"2":4,"3":5,"4":13,"5":6,"6":16,"7":7,"8":9,"9":3,"20":9,"21":3},"LAST COALITION":[[],[{"utility":37,"ID":5},{"utility":94,"ID":7}],[{"utility":84,"ID":3},{"utility":61,"ID":28}],[{"utility":48.5,"ID":14},{"utility":70.5,"ID":15},{"utility":86,"ID":17}],[{"utility":88,"ID":4},{"utility":94,"ID":25}],[{"utility":0,"ID":20}],[{"utility":93,"ID":6},{"utility":96,"ID":18}],[{"utility":0,"ID":21}],[{"utility":93,"ID":19},{"utility":96,"ID":23}],[{"utility":63,"ID":1},{"utility":56,"ID":16}],[{"utility":25,"ID":13},{"utility":83,"ID":22}],[],[{"utility":99,"ID":26},{"utility":90,"ID":27}],[{"utility":79,"ID":11},{"utility":89,"ID":29}],[{"utility":0,"ID":2}],[],[{"utility":33,"ID":8},{"utility":88.5,"ID":12},{"utility":28,"ID":24}],[{"utility":0,"ID":30}],[],[{"utility":95,"ID":9},{"utility":85,"ID":10}],[],[],[],[],[],[],[],[],[],[],[]],"STARTING COALITION: ":[[null],[],[{"utility":11,"ID":12},{"utility":84,"ID":22}],[{"utility":11,"ID":9},{"utility":16,"ID":21}],[{"utility":0,"ID":2}],[{"utility":33.333333333333336,"ID":3},{"utility":51,"ID":23},{"utility":36.333333333333336,"ID":24},{"utility":38.666666666666664,"ID":26}],[{"utility":26,"ID":1},{"utility":33,"ID":5},{"utility":36.5,"ID":29}],[{"utility":57,"ID":7},{"utility":58,"ID":30}],[{"utility":54,"ID":13},{"utility":65,"ID":18}],[{"utility":36.666666666666664,"ID":8},{"utility":15,"ID":14},{"utility":52.333333333333336,"ID":20},{"utility":35.333333333333336,"ID":25}],[{"utility":0,"ID":28}],[{"utility":0,"ID":19}],[],[{"utility":45,"ID":4},{"utility":99,"ID":16}],[{"utility":54.333333333333336,"ID":10},{"utility":63,"ID":11},{"utility":43.666666666666664,"ID":15},{"utility":43.333333333333336,"ID":27}],[],[{"utility":25,"ID":6},{"utility":6,"ID":17}],[],[],[],[],[],[],[],[],[],[],[],[],[],[]],"CORE :":true,"Relazioni :":870,"Time : ":0.1,"LAST PARTITION":{"22":10,"23":8,"24":16,"25":4,"26":12,"27":12,"28":2,"29":13,"30":17,"10":19,"11":13,"12":16,"13":10,"14":3,"15":3,"16":9,"17":3,"18":6,"19":8,"1":9,"2":14,"3":2,"4":4,"5":1,"6":6,"7":1,"8":16,"9":19,"20":5,"21":7}},{"Modalità dinamica :":true,"Q : ":5,"STARTING PARTITION: ":{"22":2,"23":5,"24":5,"25":9,"26":5,"27":14,"28":10,"29":6,"30":7,"10":14,"11":14,"12":2,"13":8,"14":9,"15":14,"16":13,"17":16,"18":8,"19":11,"1":6,"2":4,"3":5,"4":13,"5":6,"6":16,"7":7,"8":9,"9":3,"20":9,"21":3},"LAST COALITION":[[],[{"utility":97,"ID":4},{"utility":87,"ID":14}],[{"utility":37,"ID":5},{"utility":94,"ID":7}],[{"utility":0,"ID":25}],[{"utility":73,"ID":11},{"utility":92,"ID":21}],[{"utility":0,"ID":13}],[{"utility":52,"ID":8},{"utility":92,"ID":12}],[{"utility":0,"ID":28}],[{"utility":93,"ID":19},{"utility":96,"ID":23}],[{"utility":0,"ID":22}],[{"utility":95,"ID":9},{"utility":85,"ID":10}],[{"utility":64,"ID":1},{"utility":94,"ID":24}],[],[{"utility":61,"ID":15},{"utility":69,"ID":20}],[{"utility":99,"ID":26},{"utility":90,"ID":27}],[{"utility":66.5,"ID":2},{"utility":37,"ID":16},{"utility":24.5,"ID":30}],[],[{"utility":93,"ID":6},{"utility":96,"ID":18}],[{"utility":98,"ID":17},{"utility":60,"ID":29}],[{"utility":0,"ID":3}],[],[],[],[],[],[],[],[],[],[],[]],"STARTING COALITION: ":[[null],[],[{"utility":11,"ID":12},{"utility":84,"ID":22}],[{"utility":11,"ID":9},{"utility":16,"ID":21}],[{"utility":0,"ID":2}],[{"utility":33.333333333333336,"ID":3},{"utility":51,"ID":23},{"utility":36.333333333333336,"ID":24},{"utility":38.666666666666664,"ID":26}],[{"utility":26,"ID":1},{"utility":33,"ID":5},{"utility":36.5,"ID":29}],[{"utility":57,"ID":7},{"utility":58,"ID":30}],[{"utility":54,"ID":13},{"utility":65,"ID":18}],[{"utility":36.666666666666664,"ID":8},{"utility":15,"ID":14},{"utility":52.333333333333336,"ID":20},{"utility":35.333333333333336,"ID":25}],[{"utility":0,"ID":28}],[{"utility":0,"ID":19}],[],[{"utility":45,"ID":4},{"utility":99,"ID":16}],[{"utility":54.333333333333336,"ID":10},{"utility":63,"ID":11},{"utility":43.666666666666664,"ID":15},{"utility":43.333333333333336,"ID":27}],[],[{"utility":25,"ID":6},{"utility":6,"ID":17}],[],[],[],[],[],[],[],[],[],[],[],[],[],[]],"CORE :":true,"Relazioni :":870,"Time : ":0.1,"LAST PARTITION":{"22":9,"23":8,"24":11,"25":3,"26":14,"27":14,"28":7,"29":18,"30":15,"10":10,"11":4,"12":6,"13":5,"14":1,"15":13,"16":15,"17":18,"18":17,"19":8,"1":11,"2":15,"3":19,"4":1,"5":2,"6":17,"7":2,"8":6,"9":10,"20":13,"21":4}},{"Modalità dinamica :":true,"Q : ":6,"STARTING PARTITION: ":{"22":2,"23":5,"24":5,"25":9,"26":5,"27":14,"28":10,"29":6,"30":7,"10":14,"11":14,"12":2,"13":8,"14":9,"15":14,"16":13,"17":16,"18":8,"19":11,"1":6,"2":4,"3":5,"4":13,"5":6,"6":16,"7":7,"8":9,"9":3,"20":9,"21":3},"LAST COALITION":[[],[{"utility":0,"ID":13}],[{"utility":93,"ID":19},{"utility":96,"ID":23}],[{"utility":99,"ID":26},{"utility":90,"ID":27}],[{"utility":72,"ID":4},{"utility":63,"ID":10}],[{"utility":94,"ID":1},{"utility":82,"ID":12}],[{"utility":73,"ID":11},{"utility":92,"ID":21}],[{"utility":76,"ID":9},{"utility":82,"ID":14}],[{"utility":51,"ID":5},{"utility":80,"ID":17}],[{"utility":93,"ID":6},{"utility":96,"ID":18}],[{"utility":0,"ID":2}],[{"utility":57,"ID":7},{"utility":58,"ID":30}],[{"utility":55,"ID":3},{"utility":95,"ID":20}],[],[{"utility":87,"ID":16},{"utility":89,"ID":29}],[{"utility":0,"ID":8}],[{"utility":0,"ID":15}],[],[{"utility":49,"ID":24},{"utility":93,"ID":25}],[{"utility":46,"ID":22},{"utility":82,"ID":28}],[],[],[],[],[],[],[],[],[],[],[]],"STARTING COALITION: ":[[null],[],[{"utility":11,"ID":12},{"utility":84,"ID":22}],[{"utility":11,"ID":9},{"utility":16,"ID":21}],[{"utility":0,"ID":2}],[{"utility":33.333333333333336,"ID":3},{"utility":51,"ID":23},{"utility":36.333333333333336,"ID":24},{"utility":38.666666666666664,"ID":26}],[{"utility":26,"ID":1},{"utility":33,"ID":5},{"utility":36.5,"ID":29}],[{"utility":57,"ID":7},{"utility":58,"ID":30}],[{"utility":54,"ID":13},{"utility":65,"ID":18}],[{"utility":36.666666666666664,"ID":8},{"utility":15,"ID":14},{"utility":52.333333333333336,"ID":20},{"utility":35.333333333333336,"ID":25}],[{"utility":0,"ID":28}],[{"utility":0,"ID":19}],[],[{"utility":45,"ID":4},{"utility":99,"ID":16}],[{"utility":54.333333333333336,"ID":10},{"utility":63,"ID":11},{"utility":43.666666666666664,"ID":15},{"utility":43.333333333333336,"ID":27}],[],[{"utility":25,"ID":6},{"utility":6,"ID":17}],[],[],[],[],[],[],[],[],[],[],[],[],[],[]],"CORE :":true,"Relazioni :":870,"Time : ":0.1,"LAST PARTITION":{"22":19,"23":2,"24":18,"25":18,"26":3,"27":3,"28":19,"29":14,"30":11,"10":4,"11":6,"12":5,"13":1,"14":7,"15":16,"16":14,"17":8,"18":9,"19":2,"1":5,"2":10,"3":12,"4":4,"5":8,"6":9,"7":11,"8":15,"9":7,"20":12,"21":6}},{"Modalità dinamica :":true,"Q : ":7,"STARTING PARTITION: ":{"22":2,"23":5,"24":5,"25":9,"26":5,"27":14,"28":10,"29":6,"30":7,"10":14,"11":14,"12":2,"13":8,"14":9,"15":14,"16":13,"17":16,"18":8,"19":11,"1":6,"2":4,"3":5,"4":13,"5":6,"6":16,"7":7,"8":9,"9":3,"20":9,"21":3},"LAST COALITION":[[],[{"utility":79,"ID":7},{"utility":72,"ID":25}],[{"utility":79,"ID":11},{"utility":89,"ID":29}],[],[{"utility":71,"ID":1},{"utility":30,"ID":8}],[{"utility":98,"ID":15},{"utility":80,"ID":21}],[{"utility":16,"ID":13},{"utility":84,"ID":24}],[{"utility":95,"ID":9},{"utility":85,"ID":10}],[{"utility":92,"ID":2},{"utility":68,"ID":17}],[{"utility":97,"ID":4},{"utility":87,"ID":14}],[{"utility":99,"ID":26},{"utility":90,"ID":27}],[{"utility":92,"ID":12},{"utility":63,"ID":30}],[{"utility":66,"ID":20},{"utility":95,"ID":22}],[{"utility":84,"ID":3},{"utility":61,"ID":28}],[{"utility":84,"ID":5},{"utility":62,"ID":16}],[{"utility":93,"ID":6},{"utility":96,"ID":18}],[],[],[{"utility":93,"ID":19},{"utility":96,"ID":23}],[],[],[],[],[],[],[],[],[],[],[],[]],"STARTING COALITION: ":[[null],[],[{"utility":11,"ID":12},{"utility":84,"ID":22}],[{"utility":11,"ID":9},{"utility":16,"ID":21}],[{"utility":0,"ID":2}],[{"utility":33.333333333333336,"ID":3},{"utility":51,"ID":23},{"utility":36.333333333333336,"ID":24},{"utility":38.666666666666664,"ID":26}],[{"utility":26,"ID":1},{"utility":33,"ID":5},{"utility":36.5,"ID":29}],[{"utility":57,"ID":7},{"utility":58,"ID":30}],[{"utility":54,"ID":13},{"utility":65,"ID":18}],[{"utility":36.666666666666664,"ID":8},{"utility":15,"ID":14},{"utility":52.333333333333336,"ID":20},{"utility":35.333333333333336,"ID":25}],[{"utility":0,"ID":28}],[{"utility":0,"ID":19}],[],[{"utility":45,"ID":4},{"utility":99,"ID":16}],[{"utility":54.333333333333336,"ID":10},{"utility":63,"ID":11},{"utility":43.666666666666664,"ID":15},{"utility":43.333333333333336,"ID":27}],[],[{"utility":25,"ID":6},{"utility":6,"ID":17}],[],[],[],[],[],[],[],[],[],[],[],[],[],[]],"CORE :":true,"Relazioni :":870,"Time : ":0.1,"LAST PARTITION":{"22":12,"23":18,"24":6,"25":1,"26":10,"27":10,"28":13,"29":2,"30":11,"10":7,"11":2,"12":11,"13":6,"14":9,"15":5,"16":14,"17":8,"18":15,"19":18,"1":4,"2":8,"3":13,"4":9,"5":14,"6":15,"7":1,"8":4,"9":7,"20":12,"21":5}},{"Modalità dinamica :":true,"Q : ":8,"STARTING PARTITION: ":{"22":2,"23":5,"24":5,"25":9,"26":5,"27":14,"28":10,"29":6,"30":7,"10":14,"11":14,"12":2,"13":8,"14":9,"15":14,"16":13,"17":16,"18":8,"19":11,"1":6,"2":4,"3":5,"4":13,"5":6,"6":16,"7":7,"8":9,"9":3,"20":9,"21":3},"LAST COALITION":[[],[{"utility":0,"ID":21}],[{"utility":97,"ID":4},{"utility":87,"ID":14}],[{"utility":74,"ID":15},{"utility":93,"ID":30}],[{"utility":93,"ID":19},{"utility":96,"ID":23}],[{"utility":95,"ID":9},{"utility":85,"ID":10}],[{"utility":94,"ID":1},{"utility":82,"ID":12}],[{"utility":79,"ID":11},{"utility":89,"ID":29}],[{"utility":0,"ID":24}],[{"utility":93,"ID":6},{"utility":96,"ID":18}],[{"utility":84,"ID":5},{"utility":62,"ID":16}],[{"utility":41,"ID":2},{"utility":99,"ID":8}],[{"utility":60,"ID":13},{"utility":40,"ID":17}],[{"utility":84,"ID":3},{"utility":61,"ID":28}],[{"utility":66,"ID":20},{"utility":95,"ID":22}],[{"utility":79,"ID":7},{"utility":72,"ID":25}],[],[],[{"utility":99,"ID":26},{"utility":90,"ID":27}],[],[],[],[],[],[],[],[],[],[],[],[]],"STARTING COALITION: ":[[null],[],[{"utility":11,"ID":12},{"utility":84,"ID":22}],[{"utility":11,"ID":9},{"utility":16,"ID":21}],[{"utility":0,"ID":2}],[{"utility":33.333333333333336,"ID":3},{"utility":51,"ID":23},{"utility":36.333333333333336,"ID":24},{"utility":38.666666666666664,"ID":26}],[{"utility":26,"ID":1},{"utility":33,"ID":5},{"utility":36.5,"ID":29}],[{"utility":57,"ID":7},{"utility":58,"ID":30}],[{"utility":54,"ID":13},{"utility":65,"ID":18}],[{"utility":36.666666666666664,"ID":8},{"utility":15,"ID":14},{"utility":52.333333333333336,"ID":20},{"utility":35.333333333333336,"ID":25}],[{"utility":0,"ID":28}],[{"utility":0,"ID":19}],[],[{"utility":45,"ID":4},{"utility":99,"ID":16}],[{"utility":54.333333333333336,"ID":10},{"utility":63,"ID":11},{"utility":43.666666666666664,"ID":15},{"utility":43.333333333333336,"ID":27}],[],[{"utility":25,"ID":6},{"utility":6,"ID":17}],[],[],[],[],[],[],[],[],[],[],[],[],[],[]],"CORE :":true,"Relazioni :":870,"Time : ":0.1,"LAST PARTITION":{"22":14,"23":4,"24":8,"25":15,"26":18,"27":18,"28":13,"29":7,"30":3,"10":5,"11":7,"12":6,"13":12,"14":2,"15":3,"16":10,"17":12,"18":9,"19":4,"1":6,"2":11,"3":13,"4":2,"5":10,"6":9,"7":15,"8":11,"9":5,"20":14,"21":1}},{"Modalità dinamica :":true,"Q : ":9,"STARTING PARTITION: ":{"22":2,"23":5,"24":5,"25":9,"26":5,"27":14,"28":10,"29":6,"30":7,"10":14,"11":14,"12":2,"13":8,"14":9,"15":14,"16":13,"17":16,"18":8,"19":11,"1":6,"2":4,"3":5,"4":13,"5":6,"6":16,"7":7,"8":9,"9":3,"20":9,"21":3},"LAST COALITION":[[],[{"utility":45,"ID":13},{"utility":35,"ID":25}],[{"utility":93,"ID":6},{"utility":96,"ID":18}],[],[{"utility":87,"ID":16},{"utility":89,"ID":29}],[{"utility":84,"ID":3},{"utility":61,"ID":28}],[{"utility":95,"ID":9},{"utility":85,"ID":10}],[{"utility":97,"ID":4},{"utility":87,"ID":14}],[{"utility":44,"ID":11},{"utility":15,"ID":24}],[{"utility":93,"ID":19},{"utility":96,"ID":23}],[{"utility":50.5,"ID":2},{"utility":47,"ID":5},{"utility":54,"ID":30}],[{"utility":0,"ID":1}],[{"utility":35,"ID":7},{"utility":54,"ID":8}],[],[{"utility":98,"ID":15},{"utility":80,"ID":21}],[{"utility":62,"ID":12},{"utility":31,"ID":17}],[{"utility":99,"ID":26},{"utility":90,"ID":27}],[],[],[{"utility":66,"ID":20},{"utility":95,"ID":22}],[],[],[],[],[],[],[],[],[],[],[]],"STARTING COALITION: ":[[null],[],[{"utility":11,"ID":12},{"utility":84,"ID":22}],[{"utility":11,"ID":9},{"utility":16,"ID":21}],[{"utility":0,"ID":2}],[{"utility":33.333333333333336,"ID":3},{"utility":51,"ID":23},{"utility":36.333333333333336,"ID":24},{"utility":38.666666666666664,"ID":26}],[{"utility":26,"ID":1},{"utility":33,"ID":5},{"utility":36.5,"ID":29}],[{"utility":57,"ID":7},{"utility":58,"ID":30}],[{"utility":54,"ID":13},{"utility":65,"ID":18}],[{"utility":36.666666666666664,"ID":8},{"utility":15,"ID":14},{"utility":52.333333333333336,"ID":20},{"utility":35.333333333333336,"ID":25}],[{"utility":0,"ID":28}],[{"utility":0,"ID":19}],[],[{"utility":45,"ID":4},{"utility":99,"ID":16}],[{"utility":54.333333333333336,"ID":10},{"utility":63,"ID":11},{"utility":43.666666666666664,"ID":15},{"utility":43.333333333333336,"ID":27}],[],[{"utility":25,"ID":6},{"utility":6,"ID":17}],[],[],[],[],[],[],[],[],[],[],[],[],[],[]],"CORE :":true,"Relazioni :":870,"Time : ":0.1,"LAST PARTITION":{"22":19,"23":9,"24":8,"25":1,"26":16,"27":16,"28":5,"29":4,"30":10,"10":6,"11":8,"12":15,"13":1,"14":7,"15":14,"16":4,"17":15,"18":2,"19":9,"1":11,"2":10,"3":5,"4":7,"5":10,"6":2,"7":12,"8":12,"9":6,"20":19,"21":14}},{"Modalità dinamica :":true,"Q : ":10,"STARTING PARTITION: ":{"22":2,"23":5,"24":5,"25":9,"26":5,"27":14,"28":10,"29":6,"30":7,"10":14,"11":14,"12":2,"13":8,"14":9,"15":14,"16":13,"17":16,"18":8,"19":11,"1":6,"2":4,"3":5,"4":13,"5":6,"6":16,"7":7,"8":9,"9":3,"20":9,"21":3},"LAST COALITION":[[],[],[{"utility":100,"ID":14},{"utility":40,"ID":28}],[{"utility":55,"ID":3},{"utility":95,"ID":20}],[{"utility":33,"ID":10},{"utility":89,"ID":22}],[{"utility":0,"ID":13}],[],[{"utility":81,"ID":5},{"utility":85,"ID":27}],[{"utility":92,"ID":12},{"utility":63,"ID":30}],[{"utility":98,"ID":15},{"utility":80,"ID":21}],[{"utility":46,"ID":4},{"utility":37,"ID":8},{"utility":21,"ID":9}],[{"utility":93,"ID":6},{"utility":96,"ID":18}],[{"utility":0,"ID":1}],[],[{"utility":93,"ID":19},{"utility":96,"ID":23}],[{"utility":0,"ID":25}],[{"utility":62.5,"ID":7},{"utility":57,"ID":11},{"utility":52.5,"ID":24}],[{"utility":92,"ID":2},{"utility":68,"ID":17}],[{"utility":0,"ID":26}],[{"utility":87,"ID":16},{"utility":89,"ID":29}],[],[],[],[],[],[],[],[],[],[],[]],"STARTING COALITION: ":[[null],[],[{"utility":11,"ID":12},{"utility":84,"ID":22}],[{"utility":11,"ID":9},{"utility":16,"ID":21}],[{"utility":0,"ID":2}],[{"utility":33.333333333333336,"ID":3},{"utility":51,"ID":23},{"utility":36.333333333333336,"ID":24},{"utility":38.666666666666664,"ID":26}],[{"utility":26,"ID":1},{"utility":33,"ID":5},{"utility":36.5,"ID":29}],[{"utility":57,"ID":7},{"utility":58,"ID":30}],[{"utility":54,"ID":13},{"utility":65,"ID":18}],[{"utility":36.666666666666664,"ID":8},{"utility":15,"ID":14},{"utility":52.333333333333336,"ID":20},{"utility":35.333333333333336,"ID":25}],[{"utility":0,"ID":28}],[{"utility":0,"ID":19}],[],[{"utility":45,"ID":4},{"utility":99,"ID":16}],[{"utility":54.333333333333336,"ID":10},{"utility":63,"ID":11},{"utility":43.666666666666664,"ID":15},{"utility":43.333333333333336,"ID":27}],[],[{"utility":25,"ID":6},{"utility":6,"ID":17}],[],[],[],[],[],[],[],[],[],[],[],[],[],[]],"CORE :":true,"Relazioni :":870,"Time : ":0.1,"LAST PARTITION":{"22":4,"23":14,"24":16,"25":15,"26":18,"27":7,"28":2,"29":19,"30":8,"10":4,"11":16,"12":8,"13":5,"14":2,"15":9,"16":19,"17":17,"18":11,"19":14,"1":12,"2":17,"3":3,"4":10,"5":7,"6":11,"7":16,"8":10,"9":10,"20":3,"21":9}},{"END OF FILE:" : true}]