[{"Modalità dinamica :":false,"Q : ":2,"STARTING PARTITION: ":{"22":8,"23":1,"24":12,"25":7,"26":9,"27":5,"28":14,"29":6,"30":7,"10":5,"11":10,"12":15,"13":1,"14":11,"15":8,"16":13,"17":12,"18":6,"19":1,"1":8,"2":15,"3":9,"4":14,"5":3,"6":15,"7":7,"8":15,"9":5,"20":15,"21":1},"LAST COALITION":[[],[{"utility":50.333333333333336,"ID":13},{"utility":50.333333333333336,"ID":19},{"utility":75,"ID":21},{"utility":80,"ID":23}],[{"utility":67,"ID":2},{"utility":66,"ID":5}],[{"utility":0,"ID":22}],[{"utility":96,"ID":1},{"utility":81,"ID":18}],[{"utility":38.5,"ID":9},{"utility":51.5,"ID":10},{"utility":69.5,"ID":27}],[{"utility":0,"ID":29}],[{"utility":85,"ID":7},{"utility":4,"ID":25}],[{"utility":0,"ID":15}],[{"utility":0,"ID":26}],[{"utility":98,"ID":3},{"utility":41,"ID":14}],[{"utility":0,"ID":11}],[{"utility":78,"ID":17},{"utility":86,"ID":24}],[{"utility":0,"ID":16}],[{"utility":0,"ID":28}],[{"utility":87.5,"ID":6},{"utility":46,"ID":12},{"utility":16,"ID":20}],[],[{"utility":99,"ID":4},{"utility":91,"ID":30}],[{"utility":0,"ID":8}],[],[],[],[],[],[],[],[],[],[],[],[]],"STARTING COALITION: ":[[null],[{"utility":50.333333333333336,"ID":13},{"utility":50.333333333333336,"ID":19},{"utility":75,"ID":21},{"utility":80,"ID":23}],[],[{"utility":0,"ID":5}],[],[{"utility":38.5,"ID":9},{"utility":51.5,"ID":10},{"utility":69.5,"ID":27}],[{"utility":56,"ID":18},{"utility":17,"ID":29}],[{"utility":87.5,"ID":7},{"utility":7.5,"ID":25},{"utility":26,"ID":30}],[{"utility":43.5,"ID":1},{"utility":84.5,"ID":15},{"utility":29.5,"ID":22}],[{"utility":26,"ID":3},{"utility":91,"ID":26}],[{"utility":0,"ID":11}],[{"utility":0,"ID":14}],[{"utility":78,"ID":17},{"utility":86,"ID":24}],[{"utility":0,"ID":16}],[{"utility":87,"ID":4},{"utility":6,"ID":28}],[{"utility":75.75,"ID":2},{"utility":57,"ID":6},{"utility":69.75,"ID":8},{"utility":47.75,"ID":12},{"utility":40,"ID":20}],[],[],[],[],[],[],[],[],[],[],[],[],[],[],[]],"CORE :":false,"Relazioni :":870,"Time : ":0.1,"LAST PARTITION":{"22":3,"23":1,"24":12,"25":7,"26":9,"27":5,"28":14,"29":6,"30":17,"10":5,"11":11,"12":15,"13":1,"14":10,"15":8,"16":13,"17":12,"18":4,"19":1,"1":4,"2":2,"3":10,"4":17,"5":2,"6":15,"7":7,"8":18,"9":5,"20":15,"21":1}},{"Modalità dinamica :":false,"Q : ":3,"STARTING PARTITION: ":{"22":8,"23":1,"24":12,"25":7,"26":9,"27":5,"28":14,"29":6,"30":7,"10":5,"11":10,"12":15,"13":1,"14":11,"15":8,"16":13,"17":12,"18":6,"19":1,"1":8,"2":15,"3":9,"4":14,"5":3,"6":15,"7":7,"8":15,"9":5,"20":15,"21":1},"LAST COALITION":[[],[{"utility":50.333333333333336,"ID":13},{"utility":50.333333333333336,"ID":19},{"utility":75,"ID":21},{"utility":80,"ID":23}],[{"utility":67,"ID":2},{"utility":66,"ID":5}],[{"utility":0,"ID":22}],[{"utility":96,"ID":1},{"utility":81,"ID":18}],[{"utility":38.5,"ID":9},{"utility":51.5,"ID":10},{"utility":69.5,"ID":27}],[{"utility":0,"ID":29}],[{"utility":85,"ID":7},{"utility":4,"ID":25}],[{"utility":0,"ID":15}],[{"utility":0,"ID":26}],[{"utility":98,"ID":3},{"utility":41,"ID":14}],[{"utility":0,"ID":11}],[{"utility":78,"ID":17},{"utility":86,"ID":24}],[{"utility":0,"ID":16}],[{"utility":0,"ID":28}],[{"utility":87.5,"ID":6},{"utility":46,"ID":12},{"utility":16,"ID":20}],[],[{"utility":99,"ID":4},{"utility":91,"ID":30}],[{"utility":0,"ID":8}],[],[],[],[],[],[],[],[],[],[],[],[]],"STARTING COALITION: ":[[null],[{"utility":50.333333333333336,"ID":13},{"utility":50.333333333333336,"ID":19},{"utility":75,"ID":21},{"utility":80,"ID":23}],[],[{"utility":0,"ID":5}],[],[{"utility":38.5,"ID":9},{"utility":51.5,"ID":10},{"utility":69.5,"ID":27}],[{"utility":56,"ID":18},{"utility":17,"ID":29}],[{"utility":87.5,"ID":7},{"utility":7.5,"ID":25},{"utility":26,"ID":30}],[{"utility":43.5,"ID":1},{"utility":84.5,"ID":15},{"utility":29.5,"ID":22}],[{"utility":26,"ID":3},{"utility":91,"ID":26}],[{"utility":0,"ID":11}],[{"utility":0,"ID":14}],[{"utility":78,"ID":17},{"utility":86,"ID":24}],[{"utility":0,"ID":16}],[{"utility":87,"ID":4},{"utility":6,"ID":28}],[{"utility":75.75,"ID":2},{"utility":57,"ID":6},{"utility":69.75,"ID":8},{"utility":47.75,"ID":12},{"utility":40,"ID":20}],[],[],[],[],[],[],[],[],[],[],[],[],[],[],[]],"CORE :":false,"Relazioni :":870,"Time : ":0.1,"LAST PARTITION":{"22":3,"23":1,"24":12,"25":7,"26":9,"27":5,"28":14,"29":6,"30":17,"10":5,"11":11,"12":15,"13":1,"14":10,"15":8,"16":13,"17":12,"18":4,"19":1,"1":4,"2":2,"3":10,"4":17,"5":2,"6":15,"7":7,"8":18,"9":5,"20":15,"21":1}},{"Modalità dinamica :":false,"Q : ":4,"STARTING PARTITION: ":{"22":8,"23":1,"24":12,"25":7,"26":9,"27":5,"28":14,"29":6,"30":7,"10":5,"11":10,"12":15,"13":1,"14":11,"15":8,"16":13,"17":12,"18":6,"19":1,"1":8,"2":15,"3":9,"4":14,"5":3,"6":15,"7":7,"8":15,"9":5,"20":15,"21":1},"LAST COALITION":[[],[{"utility":50.333333333333336,"ID":13},{"utility":50.333333333333336,"ID":19},{"utility":75,"ID":21},{"utility":80,"ID":23}],[{"utility":67,"ID":2},{"utility":66,"ID":5}],[{"utility":0,"ID":22}],[{"utility":96,"ID":1},{"utility":81,"ID":18}],[{"utility":38.5,"ID":9},{"utility":51.5,"ID":10},{"utility":69.5,"ID":27}],[{"utility":0,"ID":29}],[{"utility":85,"ID":7},{"utility":4,"ID":25}],[{"utility":0,"ID":15}],[{"utility":0,"ID":26}],[{"utility":98,"ID":3},{"utility":41,"ID":14}],[{"utility":0,"ID":11}],[{"utility":78,"ID":17},{"utility":86,"ID":24}],[{"utility":0,"ID":16}],[{"utility":0,"ID":28}],[{"utility":87.5,"ID":6},{"utility":46,"ID":12},{"utility":16,"ID":20}],[],[{"utility":99,"ID":4},{"utility":91,"ID":30}],[{"utility":0,"ID":8}],[],[],[],[],[],[],[],[],[],[],[],[]],"STARTING COALITION: ":[[null],[{"utility":50.333333333333336,"ID":13},{"utility":50.333333333333336,"ID":19},{"utility":75,"ID":21},{"utility":80,"ID":23}],[],[{"utility":0,"ID":5}],[],[{"utility":38.5,"ID":9},{"utility":51.5,"ID":10},{"utility":69.5,"ID":27}],[{"utility":56,"ID":18},{"utility":17,"ID":29}],[{"utility":87.5,"ID":7},{"utility":7.5,"ID":25},{"utility":26,"ID":30}],[{"utility":43.5,"ID":1},{"utility":84.5,"ID":15},{"utility":29.5,"ID":22}],[{"utility":26,"ID":3},{"utility":91,"ID":26}],[{"utility":0,"ID":11}],[{"utility":0,"ID":14}],[{"utility":78,"ID":17},{"utility":86,"ID":24}],[{"utility":0,"ID":16}],[{"utility":87,"ID":4},{"utility":6,"ID":28}],[{"utility":75.75,"ID":2},{"utility":57,"ID":6},{"utility":69.75,"ID":8},{"utility":47.75,"ID":12},{"utility":40,"ID":20}],[],[],[],[],[],[],[],[],[],[],[],[],[],[],[]],"CORE :":false,"Relazioni :":870,"Time : ":0.1,"LAST PARTITION":{"22":3,"23":1,"24":12,"25":7,"26":9,"27":5,"28":14,"29":6,"30":17,"10":5,"11":11,"12":15,"13":1,"14":10,"15":8,"16":13,"17":12,"18":4,"19":1,"1":4,"2":2,"3":10,"4":17,"5":2,"6":15,"7":7,"8":18,"9":5,"20":15,"21":1}},{"Modalità dinamica :":false,"Q : ":5,"STARTING PARTITION: ":{"22":8,"23":1,"24":12,"25":7,"26":9,"27":5,"28":14,"29":6,"30":7,"10":5,"11":10,"12":15,"13":1,"14":11,"15":8,"16":13,"17":12,"18":6,"19":1,"1":8,"2":15,"3":9,"4":14,"5":3,"6":15,"7":7,"8":15,"9":5,"20":15,"21":1},"LAST COALITION":[[],[{"utility":50.333333333333336,"ID":13},{"utility":50.333333333333336,"ID":19},{"utility":75,"ID":21},{"utility":80,"ID":23}],[],[{"utility":0,"ID":22}],[{"utility":96,"ID":1},{"utility":81,"ID":18}],[{"utility":38.5,"ID":9},{"utility":51.5,"ID":10},{"utility":69.5,"ID":27}],[{"utility":0,"ID":29}],[{"utility":85,"ID":7},{"utility":4,"ID":25}],[{"utility":0,"ID":15}],[{"utility":0,"ID":26}],[{"utility":98,"ID":3},{"utility":41,"ID":14}],[{"utility":0,"ID":11}],[{"utility":78,"ID":17},{"utility":86,"ID":24}],[{"utility":0,"ID":16}],[{"utility":0,"ID":28}],[{"utility":87.5,"ID":6},{"utility":46,"ID":12},{"utility":16,"ID":20}],[{"utility":0,"ID":2}],[{"utility":99,"ID":4},{"utility":91,"ID":30}],[{"utility":8,"ID":5},{"utility":97,"ID":8}],[],[],[],[],[],[],[],[],[],[],[],[]],"STARTING COALITION: ":[[null],[{"utility":50.333333333333336,"ID":13},{"utility":50.333333333333336,"ID":19},{"utility":75,"ID":21},{"utility":80,"ID":23}],[],[{"utility":0,"ID":5}],[],[{"utility":38.5,"ID":9},{"utility":51.5,"ID":10},{"utility":69.5,"ID":27}],[{"utility":56,"ID":18},{"utility":17,"ID":29}],[{"utility":87.5,"ID":7},{"utility":7.5,"ID":25},{"utility":26,"ID":30}],[{"utility":43.5,"ID":1},{"utility":84.5,"ID":15},{"utility":29.5,"ID":22}],[{"utility":26,"ID":3},{"utility":91,"ID":26}],[{"utility":0,"ID":11}],[{"utility":0,"ID":14}],[{"utility":78,"ID":17},{"utility":86,"ID":24}],[{"utility":0,"ID":16}],[{"utility":87,"ID":4},{"utility":6,"ID":28}],[{"utility":75.75,"ID":2},{"utility":57,"ID":6},{"utility":69.75,"ID":8},{"utility":47.75,"ID":12},{"utility":40,"ID":20}],[],[],[],[],[],[],[],[],[],[],[],[],[],[],[]],"CORE :":false,"Relazioni :":870,"Time : ":0.1,"LAST PARTITION":{"22":3,"23":1,"24":12,"25":7,"26":9,"27":5,"28":14,"29":6,"30":17,"10":5,"11":11,"12":15,"13":1,"14":10,"15":8,"16":13,"17":12,"18":4,"19":1,"1":4,"2":16,"3":10,"4":17,"5":18,"6":15,"7":7,"8":18,"9":5,"20":15,"21":1}},{"Modalità dinamica :":false,"Q : ":6,"STARTING PARTITION: ":{"22":8,"23":1,"24":12,"25":7,"26":9,"27":5,"28":14,"29":6,"30":7,"10":5,"11":10,"12":15,"13":1,"14":11,"15":8,"16":13,"17":12,"18":6,"19":1,"1":8,"2":15,"3":9,"4":14,"5":3,"6":15,"7":7,"8":15,"9":5,"20":15,"21":1},"LAST COALITION":[[],[{"utility":50.333333333333336,"ID":13},{"utility":50.333333333333336,"ID":19},{"utility":75,"ID":21},{"utility":80,"ID":23}],[{"utility":0,"ID":5}],[{"utility":0,"ID":22}],[{"utility":96,"ID":1},{"utility":81,"ID":18}],[{"utility":38.5,"ID":9},{"utility":51.5,"ID":10},{"utility":69.5,"ID":27}],[{"utility":0,"ID":29}],[{"utility":85,"ID":7},{"utility":4,"ID":25}],[{"utility":0,"ID":15}],[{"utility":0,"ID":26}],[{"utility":98,"ID":3},{"utility":41,"ID":14}],[{"utility":0,"ID":11}],[{"utility":78,"ID":17},{"utility":86,"ID":24}],[{"utility":0,"ID":16}],[{"utility":0,"ID":28}],[{"utility":87.5,"ID":6},{"utility":46,"ID":12},{"utility":16,"ID":20}],[{"utility":97,"ID":2},{"utility":73,"ID":8}],[{"utility":99,"ID":4},{"utility":91,"ID":30}],[],[],[],[],[],[],[],[],[],[],[],[],[]],"STARTING COALITION: ":[[null],[{"utility":50.333333333333336,"ID":13},{"utility":50.333333333333336,"ID":19},{"utility":75,"ID":21},{"utility":80,"ID":23}],[],[{"utility":0,"ID":5}],[],[{"utility":38.5,"ID":9},{"utility":51.5,"ID":10},{"utility":69.5,"ID":27}],[{"utility":56,"ID":18},{"utility":17,"ID":29}],[{"utility":87.5,"ID":7},{"utility":7.5,"ID":25},{"utility":26,"ID":30}],[{"utility":43.5,"ID":1},{"utility":84.5,"ID":15},{"utility":29.5,"ID":22}],[{"utility":26,"ID":3},{"utility":91,"ID":26}],[{"utility":0,"ID":11}],[{"utility":0,"ID":14}],[{"utility":78,"ID":17},{"utility":86,"ID":24}],[{"utility":0,"ID":16}],[{"utility":87,"ID":4},{"utility":6,"ID":28}],[{"utility":75.75,"ID":2},{"utility":57,"ID":6},{"utility":69.75,"ID":8},{"utility":47.75,"ID":12},{"utility":40,"ID":20}],[],[],[],[],[],[],[],[],[],[],[],[],[],[],[]],"CORE :":false,"Relazioni :":870,"Time : ":0.1,"LAST PARTITION":{"22":3,"23":1,"24":12,"25":7,"26":9,"27":5,"28":14,"29":6,"30":17,"10":5,"11":11,"12":15,"13":1,"14":10,"15":8,"16":13,"17":12,"18":4,"19":1,"1":4,"2":16,"3":10,"4":17,"5":2,"6":15,"7":7,"8":16,"9":5,"20":15,"21":1}},{"Modalità dinamica :":false,"Q : ":7,"STARTING PARTITION: ":{"22":8,"23":1,"24":12,"25":7,"26":9,"27":5,"28":14,"29":6,"30":7,"10":5,"11":10,"12":15,"13":1,"14":11,"15":8,"16":13,"17":12,"18":6,"19":1,"1":8,"2":15,"3":9,"4":14,"5":3,"6":15,"7":7,"8":15,"9":5,"20":15,"21":1},"LAST COALITION":[[],[{"utility":50.333333333333336,"ID":13},{"utility":50.333333333333336,"ID":19},{"utility":75,"ID":21},{"utility":80,"ID":23}],[{"utility":0,"ID":5}],[{"utility":0,"ID":22}],[{"utility":96,"ID":1},{"utility":81,"ID":18}],[{"utility":38.5,"ID":9},{"utility":51.5,"ID":10},{"utility":69.5,"ID":27}],[{"utility":0,"ID":29}],[{"utility":85,"ID":7},{"utility":4,"ID":25}],[{"utility":0,"ID":15}],[{"utility":0,"ID":26}],[{"utility":98,"ID":3},{"utility":41,"ID":14}],[{"utility":0,"ID":11}],[{"utility":78,"ID":17},{"utility":86,"ID":24}],[{"utility":0,"ID":16}],[{"utility":0,"ID":28}],[{"utility":87.5,"ID":6},{"utility":46,"ID":12},{"utility":16,"ID":20}],[{"utility":97,"ID":2},{"utility":73,"ID":8}],[{"utility":99,"ID":4},{"utility":91,"ID":30}],[],[],[],[],[],[],[],[],[],[],[],[],[]],"STARTING COALITION: ":[[null],[{"utility":50.333333333333336,"ID":13},{"utility":50.333333333333336,"ID":19},{"utility":75,"ID":21},{"utility":80,"ID":23}],[],[{"utility":0,"ID":5}],[],[{"utility":38.5,"ID":9},{"utility":51.5,"ID":10},{"utility":69.5,"ID":27}],[{"utility":56,"ID":18},{"utility":17,"ID":29}],[{"utility":87.5,"ID":7},{"utility":7.5,"ID":25},{"utility":26,"ID":30}],[{"utility":43.5,"ID":1},{"utility":84.5,"ID":15},{"utility":29.5,"ID":22}],[{"utility":26,"ID":3},{"utility":91,"ID":26}],[{"utility":0,"ID":11}],[{"utility":0,"ID":14}],[{"utility":78,"ID":17},{"utility":86,"ID":24}],[{"utility":0,"ID":16}],[{"utility":87,"ID":4},{"utility":6,"ID":28}],[{"utility":75.75,"ID":2},{"utility":57,"ID":6},{"utility":69.75,"ID":8},{"utility":47.75,"ID":12},{"utility":40,"ID":20}],[],[],[],[],[],[],[],[],[],[],[],[],[],[],[]],"CORE :":false,"Relazioni :":870,"Time : ":0.1,"LAST PARTITION":{"22":3,"23":1,"24":12,"25":7,"26":9,"27":5,"28":14,"29":6,"30":17,"10":5,"11":11,"12":15,"13":1,"14":10,"15":8,"16":13,"17":12,"18":4,"19":1,"1":4,"2":16,"3":10,"4":17,"5":2,"6":15,"7":7,"8":16,"9":5,"20":15,"21":1}},{"Modalità dinamica :":false,"Q : ":8,"STARTING PARTITION: ":{"22":8,"23":1,"24":12,"25":7,"26":9,"27":5,"28":14,"29":6,"30":7,"10":5,"11":10,"12":15,"13":1,"14":11,"15":8,"16":13,"17":12,"18":6,"19":1,"1":8,"2":15,"3":9,"4":14,"5":3,"6":15,"7":7,"8":15,"9":5,"20":15,"21":1},"LAST COALITION":[[],[{"utility":50.333333333333336,"ID":13},{"utility":50.333333333333336,"ID":19},{"utility":75,"ID":21},{"utility":80,"ID":23}],[{"utility":67,"ID":2},{"utility":66,"ID":5}],[{"utility":0,"ID":22}],[{"utility":96,"ID":1},{"utility":81,"ID":18}],[{"utility":38.5,"ID":9},{"utility":51.5,"ID":10},{"utility":69.5,"ID":27}],[{"utility":0,"ID":29}],[{"utility":85,"ID":7},{"utility":4,"ID":25}],[{"utility":0,"ID":15}],[{"utility":0,"ID":26}],[{"utility":98,"ID":3},{"utility":41,"ID":14}],[{"utility":0,"ID":11}],[{"utility":78,"ID":17},{"utility":86,"ID":24}],[{"utility":0,"ID":16}],[{"utility":0,"ID":28}],[{"utility":87.5,"ID":6},{"utility":46,"ID":12},{"utility":16,"ID":20}],[],[{"utility":99,"ID":4},{"utility":91,"ID":30}],[{"utility":0,"ID":8}],[],[],[],[],[],[],[],[],[],[],[],[]],"STARTING COALITION: ":[[null],[{"utility":50.333333333333336,"ID":13},{"utility":50.333333333333336,"ID":19},{"utility":75,"ID":21},{"utility":80,"ID":23}],[],[{"utility":0,"ID":5}],[],[{"utility":38.5,"ID":9},{"utility":51.5,"ID":10},{"utility":69.5,"ID":27}],[{"utility":56,"ID":18},{"utility":17,"ID":29}],[{"utility":87.5,"ID":7},{"utility":7.5,"ID":25},{"utility":26,"ID":30}],[{"utility":43.5,"ID":1},{"utility":84.5,"ID":15},{"utility":29.5,"ID":22}],[{"utility":26,"ID":3},{"utility":91,"ID":26}],[{"utility":0,"ID":11}],[{"utility":0,"ID":14}],[{"utility":78,"ID":17},{"utility":86,"ID":24}],[{"utility":0,"ID":16}],[{"utility":87,"ID":4},{"utility":6,"ID":28}],[{"utility":75.75,"ID":2},{"utility":57,"ID":6},{"utility":69.75,"ID":8},{"utility":47.75,"ID":12},{"utility":40,"ID":20}],[],[],[],[],[],[],[],[],[],[],[],[],[],[],[]],"CORE :":false,"Relazioni :":870,"Time : ":0.1,"LAST PARTITION":{"22":3,"23":1,"24":12,"25":7,"26":9,"27":5,"28":14,"29":6,"30":17,"10":5,"11":11,"12":15,"13":1,"14":10,"15":8,"16":13,"17":12,"18":4,"19":1,"1":4,"2":2,"3":10,"4":17,"5":2,"6":15,"7":7,"8":18,"9":5,"20":15,"21":1}},{"Modalità dinamica :":false,"Q : ":9,"STARTING PARTITION: ":{"22":8,"23":1,"24":12,"25":7,"26":9,"27":5,"28":14,"29":6,"30":7,"10":5,"11":10,"12":15,"13":1,"14":11,"15":8,"16":13,"17":12,"18":6,"19":1,"1":8,"2":15,"3":9,"4":14,"5":3,"6":15,"7":7,"8":15,"9":5,"20":15,"21":1},"LAST COALITION":[[],[{"utility":50.333333333333336,"ID":13},{"utility":50.333333333333336,"ID":19},{"utility":75,"ID":21},{"utility":80,"ID":23}],[],[{"utility":0,"ID":22}],[{"utility":96,"ID":1},{"utility":81,"ID":18}],[{"utility":38.5,"ID":9},{"utility":51.5,"ID":10},{"utility":69.5,"ID":27}],[{"utility":0,"ID":29}],[{"utility":85,"ID":7},{"utility":4,"ID":25}],[{"utility":0,"ID":15}],[{"utility":0,"ID":26}],[{"utility":98,"ID":3},{"utility":41,"ID":14}],[{"utility":0,"ID":11}],[{"utility":78,"ID":17},{"utility":86,"ID":24}],[{"utility":0,"ID":16}],[{"utility":0,"ID":28}],[{"utility":87.5,"ID":6},{"utility":46,"ID":12},{"utility":16,"ID":20}],[{"utility":0,"ID":2}],[{"utility":99,"ID":4},{"utility":91,"ID":30}],[{"utility":8,"ID":5},{"utility":97,"ID":8}],[],[],[],[],[],[],[],[],[],[],[],[]],"STARTING COALITION: ":[[null],[{"utility":50.333333333333336,"ID":13},{"utility":50.333333333333336,"ID":19},{"utility":75,"ID":21},{"utility":80,"ID":23}],[],[{"utility":0,"ID":5}],[],[{"utility":38.5,"ID":9},{"utility":51.5,"ID":10},{"utility":69.5,"ID":27}],[{"utility":56,"ID":18},{"utility":17,"ID":29}],[{"utility":87.5,"ID":7},{"utility":7.5,"ID":25},{"utility":26,"ID":30}],[{"utility":43.5,"ID":1},{"utility":84.5,"ID":15},{"utility":29.5,"ID":22}],[{"utility":26,"ID":3},{"utility":91,"ID":26}],[{"utility":0,"ID":11}],[{"utility":0,"ID":14}],[{"utility":78,"ID":17},{"utility":86,"ID":24}],[{"utility":0,"ID":16}],[{"utility":87,"ID":4},{"utility":6,"ID":28}],[{"utility":75.75,"ID":2},{"utility":57,"ID":6},{"utility":69.75,"ID":8},{"utility":47.75,"ID":12},{"utility":40,"ID":20}],[],[],[],[],[],[],[],[],[],[],[],[],[],[],[]],"CORE :":false,"Relazioni :":870,"Time : ":0.1,"LAST PARTITION":{"22":3,"23":1,"24":12,"25":7,"26":9,"27":5,"28":14,"29":6,"30":17,"10":5,"11":11,"12":15,"13":1,"14":10,"15":8,"16":13,"17":12,"18":4,"19":1,"1":4,"2":16,"3":10,"4":17,"5":18,"6":15,"7":7,"8":18,"9":5,"20":15,"21":1}},{"Modalità dinamica :":false,"Q : ":10,"STARTING PARTITION: ":{"22":8,"23":1,"24":12,"25":7,"26":9,"27":5,"28":14,"29":6,"30":7,"10":5,"11":10,"12":15,"13":1,"14":11,"15":8,"16":13,"17":12,"18":6,"19":1,"1":8,"2":15,"3":9,"4":14,"5":3,"6":15,"7":7,"8":15,"9":5,"20":15,"21":1},"LAST COALITION":[[],[{"utility":50.333333333333336,"ID":13},{"utility":50.333333333333336,"ID":19},{"utility":75,"ID":21},{"utility":80,"ID":23}],[{"utility":0,"ID":5}],[{"utility":0,"ID":22}],[{"utility":96,"ID":1},{"utility":81,"ID":18}],[{"utility":38.5,"ID":9},{"utility":51.5,"ID":10},{"utility":69.5,"ID":27}],[{"utility":0,"ID":29}],[{"utility":85,"ID":7},{"utility":4,"ID":25}],[{"utility":0,"ID":15}],[{"utility":0,"ID":26}],[{"utility":98,"ID":3},{"utility":41,"ID":14}],[{"utility":0,"ID":11}],[{"utility":78,"ID":17},{"utility":86,"ID":24}],[{"utility":0,"ID":16}],[{"utility":0,"ID":28}],[{"utility":87.5,"ID":6},{"utility":46,"ID":12},{"utility":16,"ID":20}],[{"utility":97,"ID":2},{"utility":73,"ID":8}],[{"utility":99,"ID":4},{"utility":91,"ID":30}],[],[],[],[],[],[],[],[],[],[],[],[],[]],"STARTING COALITION: ":[[null],[{"utility":50.333333333333336,"ID":13},{"utility":50.333333333333336,"ID":19},{"utility":75,"ID":21},{"utility":80,"ID":23}],[],[{"utility":0,"ID":5}],[],[{"utility":38.5,"ID":9},{"utility":51.5,"ID":10},{"utility":69.5,"ID":27}],[{"utility":56,"ID":18},{"utility":17,"ID":29}],[{"utility":87.5,"ID":7},{"utility":7.5,"ID":25},{"utility":26,"ID":30}],[{"utility":43.5,"ID":1},{"utility":84.5,"ID":15},{"utility":29.5,"ID":22}],[{"utility":26,"ID":3},{"utility":91,"ID":26}],[{"utility":0,"ID":11}],[{"utility":0,"ID":14}],[{"utility":78,"ID":17},{"utility":86,"ID":24}],[{"utility":0,"ID":16}],[{"utility":87,"ID":4},{"utility":6,"ID":28}],[{"utility":75.75,"ID":2},{"utility":57,"ID":6},{"utility":69.75,"ID":8},{"utility":47.75,"ID":12},{"utility":40,"ID":20}],[],[],[],[],[],[],[],[],[],[],[],[],[],[],[]],"CORE :":false,"Relazioni :":870,"Time : ":0.1,"LAST PARTITION":{"22":3,"23":1,"24":12,"25":7,"26":9,"27":5,"28":14,"29":6,"30":17,"10":5,"11":11,"12":15,"13":1,"14":10,"15":8,"16":13,"17":12,"18":4,"19":1,"1":4,"2":16,"3":10,"4":17,"5":2,"6":15,"7":7,"8":16,"9":5,"20":15,"21":1}},{"Modalità dinamica :":true,"Q : ":2,"STARTING PARTITION: ":{"22":8,"23":1,"24":12,"25":7,"26":9,"27":5,"28":14,"29":6,"30":7,"10":5,"11":10,"12":15,"13":1,"14":11,"15":8,"16":13,"17":12,"18":6,"19":1,"1":8,"2":15,"3":9,"4":14,"5":3,"6":15,"7":7,"8":15,"9":5,"20":15,"21":1},"LAST COALITION":[[],[{"utility":88,"ID":1},{"utility":98,"ID":11}],[{"utility":0,"ID":26}],[{"utility":39,"ID":3},{"utility":73,"ID":16}],[{"utility":57,"ID":24},{"utility":93,"ID":28}],[{"utility":37,"ID":5},{"utility":60,"ID":23}],[{"utility":68,"ID":8},{"utility":100,"ID":13}],[{"utility":33,"ID":9},{"utility":85,"ID":19}],[{"utility":0,"ID":27}],[{"utility":91,"ID":10},{"utility":99,"ID":25}],[{"utility":99,"ID":4},{"utility":91,"ID":30}],[{"utility":18,"ID":15},{"utility":98,"ID":21}],[{"utility":50,"ID":20},{"utility":82,"ID":22}],[{"utility":93,"ID":6},{"utility":84,"ID":12}],[{"utility":80,"ID":17},{"utility":95,"ID":18}],[{"utility":81,"ID":2},{"utility":49,"ID":7}],[{"utility":86,"ID":14},{"utility":67,"ID":29}],[],[],[],[],[],[],[],[],[],[],[],[],[],[]],"STARTING COALITION: ":[[null],[{"utility":50.333333333333336,"ID":13},{"utility":50.333333333333336,"ID":19},{"utility":75,"ID":21},{"utility":80,"ID":23}],[],[{"utility":0,"ID":5}],[],[{"utility":38.5,"ID":9},{"utility":51.5,"ID":10},{"utility":69.5,"ID":27}],[{"utility":56,"ID":18},{"utility":17,"ID":29}],[{"utility":87.5,"ID":7},{"utility":7.5,"ID":25},{"utility":26,"ID":30}],[{"utility":43.5,"ID":1},{"utility":84.5,"ID":15},{"utility":29.5,"ID":22}],[{"utility":26,"ID":3},{"utility":91,"ID":26}],[{"utility":0,"ID":11}],[{"utility":0,"ID":14}],[{"utility":78,"ID":17},{"utility":86,"ID":24}],[{"utility":0,"ID":16}],[{"utility":87,"ID":4},{"utility":6,"ID":28}],[{"utility":75.75,"ID":2},{"utility":57,"ID":6},{"utility":69.75,"ID":8},{"utility":47.75,"ID":12},{"utility":40,"ID":20}],[],[],[],[],[],[],[],[],[],[],[],[],[],[],[]],"CORE :":false,"Relazioni :":870,"Time : ":0.1,"LAST PARTITION":{"22":12,"23":5,"24":4,"25":9,"26":2,"27":8,"28":4,"29":16,"30":10,"10":9,"11":1,"12":13,"13":6,"14":16,"15":11,"16":3,"17":14,"18":14,"19":7,"1":1,"2":15,"3":3,"4":10,"5":5,"6":13,"7":15,"8":6,"9":7,"20":12,"21":11}},{"Modalità dinamica :":true,"Q : ":3,"STARTING PARTITION: ":{"22":8,"23":1,"24":12,"25":7,"26":9,"27":5,"28":14,"29":6,"30":7,"10":5,"11":10,"12":15,"13":1,"14":11,"15":8,"16":13,"17":12,"18":6,"19":1,"1":8,"2":15,"3":9,"4":14,"5":3,"6":15,"7":7,"8":15,"9":5,"20":15,"21":1},"LAST COALITION":[[],[{"utility":69,"ID":16},{"utility":99,"ID":19}],[{"utility":0,"ID":20}],[{"utility":68,"ID":8},{"utility":100,"ID":13}],[{"utility":0,"ID":26}],[{"utility":86,"ID":14},{"utility":67,"ID":29}],[{"utility":91,"ID":10},{"utility":99,"ID":25}],[{"utility":84,"ID":1},{"utility":58,"ID":22}],[],[{"utility":0,"ID":17}],[{"utility":59,"ID":3},{"utility":80,"ID":28}],[{"utility":0,"ID":23}],[{"utility":68,"ID":5},{"utility":97,"ID":18}],[{"utility":0,"ID":21}],[{"utility":0,"ID":2}],[{"utility":0,"ID":24}],[{"utility":93,"ID":6},{"utility":84,"ID":12}],[{"utility":31,"ID":9},{"utility":90,"ID":15}],[{"utility":99,"ID":4},{"utility":91,"ID":30}],[{"utility":0,"ID":11}],[{"utility":88,"ID":7},{"utility":81,"ID":27}],[],[],[],[],[],[],[],[],[],[]],"STARTING COALITION: ":[[null],[{"utility":50.333333333333336,"ID":13},{"utility":50.333333333333336,"ID":19},{"utility":75,"ID":21},{"utility":80,"ID":23}],[],[{"utility":0,"ID":5}],[],[{"utility":38.5,"ID":9},{"utility":51.5,"ID":10},{"utility":69.5,"ID":27}],[{"utility":56,"ID":18},{"utility":17,"ID":29}],[{"utility":87.5,"ID":7},{"utility":7.5,"ID":25},{"utility":26,"ID":30}],[{"utility":43.5,"ID":1},{"utility":84.5,"ID":15},{"utility":29.5,"ID":22}],[{"utility":26,"ID":3},{"utility":91,"ID":26}],[{"utility":0,"ID":11}],[{"utility":0,"ID":14}],[{"utility":78,"ID":17},{"utility":86,"ID":24}],[{"utility":0,"ID":16}],[{"utility":87,"ID":4},{"utility":6,"ID":28}],[{"utility":75.75,"ID":2},{"utility":57,"ID":6},{"utility":69.75,"ID":8},{"utility":47.75,"ID":12},{"utility":40,"ID":20}],[],[],[],[],[],[],[],[],[],[],[],[],[],[],[]],"CORE :":false,"Relazioni :":870,"Time : ":0.1,"LAST PARTITION":{"22":7,"23":11,"24":15,"25":6,"26":4,"27":20,"28":10,"29":5,"30":18,"10":6,"11":19,"12":16,"13":3,"14":5,"15":17,"16":1,"17":9,"18":12,"19":1,"1":7,"2":14,"3":10,"4":18,"5":12,"6":16,"7":20,"8":3,"9":17,"20":2,"21":13}},{"Modalità dinamica :":true,"Q : ":4,"STARTING PARTITION: ":{"22":8,"23":1,"24":12,"25":7,"26":9,"27":5,"28":14,"29":6,"30":7,"10":5,"11":10,"12":15,"13":1,"14":11,"15":8,"16":13,"17":12,"18":6,"19":1,"1":8,"2":15,"3":9,"4":14,"5":3,"6":15,"7":7,"8":15,"9":5,"20":15,"21":1},"LAST COALITION":[[],[{"utility":95,"ID":1},{"utility":83,"ID":8}],[{"utility":0,"ID":7}],[{"utility":96,"ID":3},{"utility":96,"ID":21}],[{"utility":73.33333333333333,"ID":4},{"utility":63.666666666666664,"ID":13},{"utility":56.333333333333336,"ID":22},{"utility":68,"ID":23}],[{"utility":0,"ID":16}],[],[{"utility":84,"ID":11},{"utility":100,"ID":25}],[{"utility":0,"ID":15}],[{"utility":92,"ID":17},{"utility":36,"ID":19}],[{"utility":0,"ID":14}],[{"utility":8,"ID":18},{"utility":64,"ID":28}],[{"utility":0,"ID":26}],[],[{"utility":94,"ID":5},{"utility":98,"ID":9}],[{"utility":93,"ID":6},{"utility":84,"ID":12}],[],[{"utility":55,"ID":2},{"utility":97,"ID":20}],[{"utility":76,"ID":24},{"utility":99,"ID":29}],[{"utility":85,"ID":10},{"utility":84.5,"ID":27},{"utility":55,"ID":30}],[],[],[],[],[],[],[],[],[],[],[]],"STARTING COALITION: ":[[null],[{"utility":50.333333333333336,"ID":13},{"utility":50.333333333333336,"ID":19},{"utility":75,"ID":21},{"utility":80,"ID":23}],[],[{"utility":0,"ID":5}],[],[{"utility":38.5,"ID":9},{"utility":51.5,"ID":10},{"utility":69.5,"ID":27}],[{"utility":56,"ID":18},{"utility":17,"ID":29}],[{"utility":87.5,"ID":7},{"utility":7.5,"ID":25},{"utility":26,"ID":30}],[{"utility":43.5,"ID":1},{"utility":84.5,"ID":15},{"utility":29.5,"ID":22}],[{"utility":26,"ID":3},{"utility":91,"ID":26}],[{"utility":0,"ID":11}],[{"utility":0,"ID":14}],[{"utility":78,"ID":17},{"utility":86,"ID":24}],[{"utility":0,"ID":16}],[{"utility":87,"ID":4},{"utility":6,"ID":28}],[{"utility":75.75,"ID":2},{"utility":57,"ID":6},{"utility":69.75,"ID":8},{"utility":47.75,"ID":12},{"utility":40,"ID":20}],[],[],[],[],[],[],[],[],[],[],[],[],[],[],[]],"CORE :":false,"Relazioni :":870,"Time : ":0.1,"LAST PARTITION":{"22":4,"23":4,"24":18,"25":7,"26":12,"27":19,"28":11,"29":18,"30":19,"10":19,"11":7,"12":15,"13":4,"14":10,"15":8,"16":5,"17":9,"18":11,"19":9,"1":1,"2":17,"3":3,"4":4,"5":14,"6":15,"7":2,"8":1,"9":14,"20":17,"21":3}},{"Modalità dinamica :":true,"Q : ":5,"STARTING PARTITION: ":{"22":8,"23":1,"24":12,"25":7,"26":9,"27":5,"28":14,"29":6,"30":7,"10":5,"11":10,"12":15,"13":1,"14":11,"15":8,"16":13,"17":12,"18":6,"19":1,"1":8,"2":15,"3":9,"4":14,"5":3,"6":15,"7":7,"8":15,"9":5,"20":15,"21":1},"LAST COALITION":[[],[{"utility":80,"ID":17},{"utility":95,"ID":18}],[{"utility":80,"ID":13},{"utility":100,"ID":24}],[{"utility":98,"ID":8},{"utility":93,"ID":22}],[{"utility":98,"ID":23},{"utility":72,"ID":29}],[{"utility":83,"ID":26},{"utility":91,"ID":27}],[{"utility":85,"ID":10},{"utility":81,"ID":14}],[{"utility":93,"ID":6},{"utility":84,"ID":12}],[],[{"utility":26,"ID":7},{"utility":12,"ID":20}],[{"utility":0,"ID":25}],[{"utility":69,"ID":16},{"utility":99,"ID":19}],[{"utility":0,"ID":2}],[],[{"utility":88,"ID":1},{"utility":98,"ID":11}],[{"utility":94,"ID":5},{"utility":98,"ID":9}],[{"utility":96,"ID":3},{"utility":96,"ID":21}],[{"utility":99,"ID":4},{"utility":91,"ID":30}],[{"utility":13,"ID":15},{"utility":11,"ID":28}],[],[],[],[],[],[],[],[],[],[],[],[]],"STARTING COALITION: ":[[null],[{"utility":50.333333333333336,"ID":13},{"utility":50.333333333333336,"ID":19},{"utility":75,"ID":21},{"utility":80,"ID":23}],[],[{"utility":0,"ID":5}],[],[{"utility":38.5,"ID":9},{"utility":51.5,"ID":10},{"utility":69.5,"ID":27}],[{"utility":56,"ID":18},{"utility":17,"ID":29}],[{"utility":87.5,"ID":7},{"utility":7.5,"ID":25},{"utility":26,"ID":30}],[{"utility":43.5,"ID":1},{"utility":84.5,"ID":15},{"utility":29.5,"ID":22}],[{"utility":26,"ID":3},{"utility":91,"ID":26}],[{"utility":0,"ID":11}],[{"utility":0,"ID":14}],[{"utility":78,"ID":17},{"utility":86,"ID":24}],[{"utility":0,"ID":16}],[{"utility":87,"ID":4},{"utility":6,"ID":28}],[{"utility":75.75,"ID":2},{"utility":57,"ID":6},{"utility":69.75,"ID":8},{"utility":47.75,"ID":12},{"utility":40,"ID":20}],[],[],[],[],[],[],[],[],[],[],[],[],[],[],[]],"CORE :":false,"Relazioni :":870,"Time : ":0.1,"LAST PARTITION":{"22":3,"23":4,"24":2,"25":10,"26":5,"27":5,"28":18,"29":4,"30":17,"10":6,"11":14,"12":7,"13":2,"14":6,"15":18,"16":11,"17":1,"18":1,"19":11,"1":14,"2":12,"3":16,"4":17,"5":15,"6":7,"7":9,"8":3,"9":15,"20":9,"21":16}},{"Modalità dinamica :":true,"Q : ":6,"STARTING PARTITION: ":{"22":8,"23":1,"24":12,"25":7,"26":9,"27":5,"28":14,"29":6,"30":7,"10":5,"11":10,"12":15,"13":1,"14":11,"15":8,"16":13,"17":12,"18":6,"19":1,"1":8,"2":15,"3":9,"4":14,"5":3,"6":15,"7":7,"8":15,"9":5,"20":15,"21":1},"LAST COALITION":[[],[{"utility":96,"ID":3},{"utility":96,"ID":21}],[{"utility":76,"ID":8},{"utility":31,"ID":20}],[{"utility":80,"ID":13},{"utility":100,"ID":24}],[],[{"utility":0,"ID":7}],[{"utility":80,"ID":17},{"utility":95,"ID":18}],[{"utility":0,"ID":26}],[{"utility":100,"ID":11},{"utility":69,"ID":19}],[{"utility":99,"ID":4},{"utility":91,"ID":30}],[{"utility":17,"ID":15},{"utility":58,"ID":16}],[{"utility":0,"ID":29}],[{"utility":85,"ID":2},{"utility":42,"ID":28}],[{"utility":0,"ID":27}],[{"utility":93,"ID":6},{"utility":84,"ID":12}],[{"utility":94,"ID":5},{"utility":98,"ID":9}],[],[{"utility":17,"ID":14},{"utility":97,"ID":22}],[{"utility":91,"ID":10},{"utility":99,"ID":25}],[{"utility":49,"ID":1},{"utility":100,"ID":23}],[],[],[],[],[],[],[],[],[],[],[]],"STARTING COALITION: ":[[null],[{"utility":50.333333333333336,"ID":13},{"utility":50.333333333333336,"ID":19},{"utility":75,"ID":21},{"utility":80,"ID":23}],[],[{"utility":0,"ID":5}],[],[{"utility":38.5,"ID":9},{"utility":51.5,"ID":10},{"utility":69.5,"ID":27}],[{"utility":56,"ID":18},{"utility":17,"ID":29}],[{"utility":87.5,"ID":7},{"utility":7.5,"ID":25},{"utility":26,"ID":30}],[{"utility":43.5,"ID":1},{"utility":84.5,"ID":15},{"utility":29.5,"ID":22}],[{"utility":26,"ID":3},{"utility":91,"ID":26}],[{"utility":0,"ID":11}],[{"utility":0,"ID":14}],[{"utility":78,"ID":17},{"utility":86,"ID":24}],[{"utility":0,"ID":16}],[{"utility":87,"ID":4},{"utility":6,"ID":28}],[{"utility":75.75,"ID":2},{"utility":57,"ID":6},{"utility":69.75,"ID":8},{"utility":47.75,"ID":12},{"utility":40,"ID":20}],[],[],[],[],[],[],[],[],[],[],[],[],[],[],[]],"CORE :":false,"Relazioni :":870,"Time : ":0.1,"LAST PARTITION":{"22":17,"23":19,"24":3,"25":18,"26":7,"27":13,"28":12,"29":11,"30":9,"10":18,"11":8,"12":14,"13":3,"14":17,"15":10,"16":10,"17":6,"18":6,"19":8,"1":19,"2":12,"3":1,"4":9,"5":15,"6":14,"7":5,"8":2,"9":15,"20":2,"21":1}},{"Modalità dinamica :":true,"Q : ":7,"STARTING PARTITION: ":{"22":8,"23":1,"24":12,"25":7,"26":9,"27":5,"28":14,"29":6,"30":7,"10":5,"11":10,"12":15,"13":1,"14":11,"15":8,"16":13,"17":12,"18":6,"19":1,"1":8,"2":15,"3":9,"4":14,"5":3,"6":15,"7":7,"8":15,"9":5,"20":15,"21":1},"LAST COALITION":[[],[{"utility":45.5,"ID":16},{"utility":98.5,"ID":19},{"utility":70,"ID":27}],[{"utility":0,"ID":23}],[{"utility":0,"ID":9}],[{"utility":67,"ID":13},{"utility":83.5,"ID":17},{"utility":93,"ID":24}],[{"utility":85,"ID":10},{"utility":81,"ID":14}],[{"utility":84,"ID":11},{"utility":100,"ID":25}],[],[{"utility":0,"ID":7}],[],[{"utility":93,"ID":6},{"utility":84,"ID":12}],[{"utility":99,"ID":4},{"utility":91,"ID":30}],[{"utility":0,"ID":29}],[{"utility":0,"ID":20}],[],[{"utility":0,"ID":2}],[{"utility":85,"ID":18},{"utility":97,"ID":26}],[{"utility":0,"ID":1}],[{"utility":96,"ID":3},{"utility":96,"ID":21}],[{"utility":61,"ID":5},{"utility":79,"ID":28}],[{"utility":77.5,"ID":8},{"utility":80,"ID":15},{"utility":47,"ID":22}],[],[],[],[],[],[],[],[],[],[]],"STARTING COALITION: ":[[null],[{"utility":50.333333333333336,"ID":13},{"utility":50.333333333333336,"ID":19},{"utility":75,"ID":21},{"utility":80,"ID":23}],[],[{"utility":0,"ID":5}],[],[{"utility":38.5,"ID":9},{"utility":51.5,"ID":10},{"utility":69.5,"ID":27}],[{"utility":56,"ID":18},{"utility":17,"ID":29}],[{"utility":87.5,"ID":7},{"utility":7.5,"ID":25},{"utility":26,"ID":30}],[{"utility":43.5,"ID":1},{"utility":84.5,"ID":15},{"utility":29.5,"ID":22}],[{"utility":26,"ID":3},{"utility":91,"ID":26}],[{"utility":0,"ID":11}],[{"utility":0,"ID":14}],[{"utility":78,"ID":17},{"utility":86,"ID":24}],[{"utility":0,"ID":16}],[{"utility":87,"ID":4},{"utility":6,"ID":28}],[{"utility":75.75,"ID":2},{"utility":57,"ID":6},{"utility":69.75,"ID":8},{"utility":47.75,"ID":12},{"utility":40,"ID":20}],[],[],[],[],[],[],[],[],[],[],[],[],[],[],[]],"CORE :":false,"Relazioni :":870,"Time : ":0.1,"LAST PARTITION":{"22":20,"23":2,"24":4,"25":6,"26":16,"27":1,"28":19,"29":12,"30":11,"10":5,"11":6,"12":10,"13":4,"14":5,"15":20,"16":1,"17":4,"18":16,"19":1,"1":17,"2":15,"3":18,"4":11,"5":19,"6":10,"7":8,"8":20,"9":3,"20":13,"21":18}},{"Modalità dinamica :":true,"Q : ":8,"STARTING PARTITION: ":{"22":8,"23":1,"24":12,"25":7,"26":9,"27":5,"28":14,"29":6,"30":7,"10":5,"11":10,"12":15,"13":1,"14":11,"15":8,"16":13,"17":12,"18":6,"19":1,"1":8,"2":15,"3":9,"4":14,"5":3,"6":15,"7":7,"8":15,"9":5,"20":15,"21":1},"LAST COALITION":[[],[{"utility":80,"ID":13},{"utility":100,"ID":24}],[],[{"utility":83,"ID":26},{"utility":91,"ID":27}],[{"utility":91,"ID":10},{"utility":99,"ID":25}],[{"utility":90,"ID":1},{"utility":54,"ID":16}],[{"utility":94,"ID":5},{"utility":98,"ID":9}],[{"utility":93,"ID":6},{"utility":84,"ID":12}],[{"utility":98,"ID":8},{"utility":93,"ID":22}],[{"utility":67,"ID":7},{"utility":47,"ID":23}],[{"utility":96,"ID":3},{"utility":96,"ID":21}],[{"utility":86,"ID":14},{"utility":67,"ID":29}],[{"utility":99,"ID":4},{"utility":91,"ID":30}],[{"utility":80,"ID":17},{"utility":95,"ID":18}],[{"utility":100,"ID":11},{"utility":69,"ID":19}],[{"utility":0,"ID":20}],[],[{"utility":0,"ID":15}],[{"utility":85,"ID":2},{"utility":42,"ID":28}],[],[],[],[],[],[],[],[],[],[],[],[]],"STARTING COALITION: ":[[null],[{"utility":50.333333333333336,"ID":13},{"utility":50.333333333333336,"ID":19},{"utility":75,"ID":21},{"utility":80,"ID":23}],[],[{"utility":0,"ID":5}],[],[{"utility":38.5,"ID":9},{"utility":51.5,"ID":10},{"utility":69.5,"ID":27}],[{"utility":56,"ID":18},{"utility":17,"ID":29}],[{"utility":87.5,"ID":7},{"utility":7.5,"ID":25},{"utility":26,"ID":30}],[{"utility":43.5,"ID":1},{"utility":84.5,"ID":15},{"utility":29.5,"ID":22}],[{"utility":26,"ID":3},{"utility":91,"ID":26}],[{"utility":0,"ID":11}],[{"utility":0,"ID":14}],[{"utility":78,"ID":17},{"utility":86,"ID":24}],[{"utility":0,"ID":16}],[{"utility":87,"ID":4},{"utility":6,"ID":28}],[{"utility":75.75,"ID":2},{"utility":57,"ID":6},{"utility":69.75,"ID":8},{"utility":47.75,"ID":12},{"utility":40,"ID":20}],[],[],[],[],[],[],[],[],[],[],[],[],[],[],[]],"CORE :":false,"Relazioni :":870,"Time : ":0.1,"LAST PARTITION":{"22":8,"23":9,"24":1,"25":4,"26":3,"27":3,"28":18,"29":11,"30":12,"10":4,"11":14,"12":7,"13":1,"14":11,"15":17,"16":5,"17":13,"18":13,"19":14,"1":5,"2":18,"3":10,"4":12,"5":6,"6":7,"7":9,"8":8,"9":6,"20":15,"21":10}},{"Modalità dinamica :":true,"Q : ":9,"STARTING PARTITION: ":{"22":8,"23":1,"24":12,"25":7,"26":9,"27":5,"28":14,"29":6,"30":7,"10":5,"11":10,"12":15,"13":1,"14":11,"15":8,"16":13,"17":12,"18":6,"19":1,"1":8,"2":15,"3":9,"4":14,"5":3,"6":15,"7":7,"8":15,"9":5,"20":15,"21":1},"LAST COALITION":[[],[{"utility":84,"ID":11},{"utility":100,"ID":25}],[{"utility":77,"ID":20},{"utility":81,"ID":29}],[{"utility":99,"ID":4},{"utility":91,"ID":30}],[{"utility":69,"ID":16},{"utility":99,"ID":19}],[],[{"utility":88,"ID":3},{"utility":11,"ID":27}],[{"utility":0,"ID":21}],[{"utility":98,"ID":8},{"utility":93,"ID":22}],[{"utility":91,"ID":1},{"utility":60,"ID":14}],[{"utility":35.5,"ID":2},{"utility":76.5,"ID":15},{"utility":50,"ID":17}],[],[],[{"utility":85,"ID":23},{"utility":81,"ID":26}],[{"utility":95,"ID":18},{"utility":72,"ID":24}],[{"utility":93,"ID":6},{"utility":84,"ID":12}],[{"utility":79,"ID":10},{"utility":92,"ID":13}],[{"utility":46,"ID":7},{"utility":99,"ID":28}],[{"utility":94,"ID":5},{"utility":98,"ID":9}],[],[],[],[],[],[],[],[],[],[],[],[]],"STARTING COALITION: ":[[null],[{"utility":50.333333333333336,"ID":13},{"utility":50.333333333333336,"ID":19},{"utility":75,"ID":21},{"utility":80,"ID":23}],[],[{"utility":0,"ID":5}],[],[{"utility":38.5,"ID":9},{"utility":51.5,"ID":10},{"utility":69.5,"ID":27}],[{"utility":56,"ID":18},{"utility":17,"ID":29}],[{"utility":87.5,"ID":7},{"utility":7.5,"ID":25},{"utility":26,"ID":30}],[{"utility":43.5,"ID":1},{"utility":84.5,"ID":15},{"utility":29.5,"ID":22}],[{"utility":26,"ID":3},{"utility":91,"ID":26}],[{"utility":0,"ID":11}],[{"utility":0,"ID":14}],[{"utility":78,"ID":17},{"utility":86,"ID":24}],[{"utility":0,"ID":16}],[{"utility":87,"ID":4},{"utility":6,"ID":28}],[{"utility":75.75,"ID":2},{"utility":57,"ID":6},{"utility":69.75,"ID":8},{"utility":47.75,"ID":12},{"utility":40,"ID":20}],[],[],[],[],[],[],[],[],[],[],[],[],[],[],[]],"CORE :":false,"Relazioni :":870,"Time : ":0.1,"LAST PARTITION":{"22":8,"23":13,"24":14,"25":1,"26":13,"27":6,"28":17,"29":2,"30":3,"10":16,"11":1,"12":15,"13":16,"14":9,"15":10,"16":4,"17":10,"18":14,"19":4,"1":9,"2":10,"3":6,"4":3,"5":18,"6":15,"7":17,"8":8,"9":18,"20":2,"21":7}},{"Modalità dinamica :":true,"Q : ":10,"STARTING PARTITION: ":{"22":8,"23":1,"24":12,"25":7,"26":9,"27":5,"28":14,"29":6,"30":7,"10":5,"11":10,"12":15,"13":1,"14":11,"15":8,"16":13,"17":12,"18":6,"19":1,"1":8,"2":15,"3":9,"4":14,"5":3,"6":15,"7":7,"8":15,"9":5,"20":15,"21":1},"LAST COALITION":[[],[{"utility":80,"ID":17},{"utility":95,"ID":18}],[{"utility":0,"ID":28}],[{"utility":93,"ID":6},{"utility":84,"ID":12}],[{"utility":0,"ID":14}],[{"utility":80,"ID":13},{"utility":100,"ID":24}],[{"utility":0,"ID":26}],[{"utility":98,"ID":8},{"utility":93,"ID":22}],[],[{"utility":82,"ID":10},{"utility":83,"ID":27}],[{"utility":0,"ID":23}],[{"utility":88,"ID":15},{"utility":79,"ID":25}],[{"utility":0,"ID":29}],[{"utility":0,"ID":11}],[{"utility":67,"ID":2},{"utility":66,"ID":5}],[{"utility":53,"ID":16},{"utility":96,"ID":20}],[{"utility":96,"ID":3},{"utility":96,"ID":21}],[{"utility":91,"ID":1},{"utility":45,"ID":7}],[{"utility":99,"ID":4},{"utility":91,"ID":30}],[{"utility":33,"ID":9},{"utility":85,"ID":19}],[],[],[],[],[],[],[],[],[],[],[]],"STARTING COALITION: ":[[null],[{"utility":50.333333333333336,"ID":13},{"utility":50.333333333333336,"ID":19},{"utility":75,"ID":21},{"utility":80,"ID":23}],[],[{"utility":0,"ID":5}],[],[{"utility":38.5,"ID":9},{"utility":51.5,"ID":10},{"utility":69.5,"ID":27}],[{"utility":56,"ID":18},{"utility":17,"ID":29}],[{"utility":87.5,"ID":7},{"utility":7.5,"ID":25},{"utility":26,"ID":30}],[{"utility":43.5,"ID":1},{"utility":84.5,"ID":15},{"utility":29.5,"ID":22}],[{"utility":26,"ID":3},{"utility":91,"ID":26}],[{"utility":0,"ID":11}],[{"utility":0,"ID":14}],[{"utility":78,"ID":17},{"utility":86,"ID":24}],[{"utility":0,"ID":16}],[{"utility":87,"ID":4},{"utility":6,"ID":28}],[{"utility":75.75,"ID":2},{"utility":57,"ID":6},{"utility":69.75,"ID":8},{"utility":47.75,"ID":12},{"utility":40,"ID":20}],[],[],[],[],[],[],[],[],[],[],[],[],[],[],[]],"CORE :":false,"Relazioni :":870,"Time : ":0.1,"LAST PARTITION":{"22":7,"23":10,"24":5,"25":11,"26":6,"27":9,"28":2,"29":12,"30":18,"10":9,"11":13,"12":3,"13":5,"14":4,"15":11,"16":15,"17":1,"18":1,"19":19,"1":17,"2":14,"3":16,"4":18,"5":14,"6":3,"7":17,"8":7,"9":19,"20":15,"21":16}},{"END OF FILE:" : true}]