[{"Modalità dinamica :":false,"Q : ":2,"STARTING PARTITION: ":{"22":13,"23":1,"24":14,"25":7,"26":11,"27":11,"28":8,"29":11,"30":15,"10":13,"11":6,"12":7,"13":15,"14":10,"15":2,"16":13,"17":12,"18":14,"19":11,"1":9,"2":10,"3":10,"4":4,"5":8,"6":9,"7":4,"8":7,"9":10,"20":14,"21":7},"LAST COALITION":[[],[{"utility":0,"ID":23}],[{"utility":0,"ID":15}],[],[{"utility":0,"ID":4}],[{"utility":0,"ID":7}],[{"utility":0,"ID":11}],[{"utility":52,"ID":21},{"utility":6,"ID":25}],[{"utility":0,"ID":28}],[{"utility":87,"ID":3},{"utility":87,"ID":12}],[{"utility":0,"ID":14}],[{"utility":30,"ID":19},{"utility":38.5,"ID":26},{"utility":76,"ID":29}],[{"utility":0,"ID":17}],[{"utility":0,"ID":22}],[{"utility":46.5,"ID":18},{"utility":41.5,"ID":20},{"utility":81.5,"ID":24}],[{"utility":5,"ID":13},{"utility":47,"ID":30}],[{"utility":97,"ID":1},{"utility":69,"ID":27}],[{"utility":0,"ID":9}],[{"utility":0,"ID":10}],[{"utility":96,"ID":2},{"utility":43,"ID":16}],[{"utility":0,"ID":8}],[{"utility":25,"ID":5},{"utility":80,"ID":6}],[],[],[],[],[],[],[],[],[]],"STARTING COALITION: ":[[null],[{"utility":0,"ID":23}],[{"utility":0,"ID":15}],[],[{"utility":7,"ID":4},{"utility":55,"ID":7}],[],[{"utility":0,"ID":11}],[{"utility":57.666666666666664,"ID":8},{"utility":53.333333333333336,"ID":12},{"utility":36,"ID":21},{"utility":23.333333333333332,"ID":25}],[{"utility":40,"ID":5},{"utility":76,"ID":28}],[{"utility":68,"ID":1},{"utility":100,"ID":6}],[{"utility":70.66666666666667,"ID":2},{"utility":21,"ID":3},{"utility":89.66666666666667,"ID":9},{"utility":47.333333333333336,"ID":14}],[{"utility":20,"ID":19},{"utility":43,"ID":26},{"utility":48.666666666666664,"ID":27},{"utility":67.33333333333333,"ID":29}],[{"utility":0,"ID":17}],[{"utility":34,"ID":10},{"utility":37,"ID":16},{"utility":6,"ID":22}],[{"utility":46.5,"ID":18},{"utility":41.5,"ID":20},{"utility":81.5,"ID":24}],[{"utility":5,"ID":13},{"utility":47,"ID":30}],[],[],[],[],[],[],[],[],[],[],[],[],[],[],[]],"CORE :":false,"Relazioni :":770,"Time : ":0.1,"LAST PARTITION":{"22":13,"23":1,"24":14,"25":7,"26":11,"27":16,"28":8,"29":11,"30":15,"10":18,"11":6,"12":9,"13":15,"14":10,"15":2,"16":19,"17":12,"18":14,"19":11,"1":16,"2":19,"3":9,"4":4,"5":21,"6":21,"7":5,"8":20,"9":17,"20":14,"21":7}},{"Modalità dinamica :":false,"Q : ":3,"STARTING PARTITION: ":{"22":13,"23":1,"24":14,"25":7,"26":11,"27":11,"28":8,"29":11,"30":15,"10":13,"11":6,"12":7,"13":15,"14":10,"15":2,"16":13,"17":12,"18":14,"19":11,"1":9,"2":10,"3":10,"4":4,"5":8,"6":9,"7":4,"8":7,"9":10,"20":14,"21":7},"LAST COALITION":[[],[{"utility":0,"ID":23}],[{"utility":0,"ID":15}],[],[{"utility":68,"ID":3},{"utility":3,"ID":8}],[{"utility":0,"ID":12}],[{"utility":0,"ID":11}],[{"utility":52,"ID":21},{"utility":6,"ID":25}],[{"utility":0,"ID":28}],[{"utility":0,"ID":7}],[{"utility":0,"ID":14}],[{"utility":30,"ID":19},{"utility":38.5,"ID":26},{"utility":76,"ID":29}],[{"utility":0,"ID":17}],[{"utility":0,"ID":22}],[{"utility":46.5,"ID":18},{"utility":41.5,"ID":20},{"utility":81.5,"ID":24}],[{"utility":5,"ID":13},{"utility":47,"ID":30}],[{"utility":97,"ID":1},{"utility":69,"ID":27}],[{"utility":0,"ID":9}],[{"utility":0,"ID":10}],[{"utility":96,"ID":2},{"utility":43,"ID":16}],[{"utility":89,"ID":4},{"utility":52,"ID":5}],[],[{"utility":0,"ID":6}],[],[],[],[],[],[],[],[]],"STARTING COALITION: ":[[null],[{"utility":0,"ID":23}],[{"utility":0,"ID":15}],[],[{"utility":7,"ID":4},{"utility":55,"ID":7}],[],[{"utility":0,"ID":11}],[{"utility":57.666666666666664,"ID":8},{"utility":53.333333333333336,"ID":12},{"utility":36,"ID":21},{"utility":23.333333333333332,"ID":25}],[{"utility":40,"ID":5},{"utility":76,"ID":28}],[{"utility":68,"ID":1},{"utility":100,"ID":6}],[{"utility":70.66666666666667,"ID":2},{"utility":21,"ID":3},{"utility":89.66666666666667,"ID":9},{"utility":47.333333333333336,"ID":14}],[{"utility":20,"ID":19},{"utility":43,"ID":26},{"utility":48.666666666666664,"ID":27},{"utility":67.33333333333333,"ID":29}],[{"utility":0,"ID":17}],[{"utility":34,"ID":10},{"utility":37,"ID":16},{"utility":6,"ID":22}],[{"utility":46.5,"ID":18},{"utility":41.5,"ID":20},{"utility":81.5,"ID":24}],[{"utility":5,"ID":13},{"utility":47,"ID":30}],[],[],[],[],[],[],[],[],[],[],[],[],[],[],[]],"CORE :":false,"Relazioni :":770,"Time : ":0.1,"LAST PARTITION":{"22":13,"23":1,"24":14,"25":7,"26":11,"27":16,"28":8,"29":11,"30":15,"10":18,"11":6,"12":5,"13":15,"14":10,"15":2,"16":19,"17":12,"18":14,"19":11,"1":16,"2":19,"3":4,"4":20,"5":20,"6":22,"7":9,"8":4,"9":17,"20":14,"21":7}},{"Modalità dinamica :":false,"Q : ":4,"STARTING PARTITION: ":{"22":13,"23":1,"24":14,"25":7,"26":11,"27":11,"28":8,"29":11,"30":15,"10":13,"11":6,"12":7,"13":15,"14":10,"15":2,"16":13,"17":12,"18":14,"19":11,"1":9,"2":10,"3":10,"4":4,"5":8,"6":9,"7":4,"8":7,"9":10,"20":14,"21":7},"LAST COALITION":[[],[{"utility":0,"ID":23}],[{"utility":0,"ID":15}],[],[{"utility":89,"ID":4},{"utility":52,"ID":5}],[{"utility":0,"ID":7}],[{"utility":0,"ID":11}],[{"utility":52,"ID":21},{"utility":6,"ID":25}],[{"utility":0,"ID":28}],[{"utility":0,"ID":12}],[{"utility":0,"ID":14}],[{"utility":30,"ID":19},{"utility":38.5,"ID":26},{"utility":76,"ID":29}],[{"utility":0,"ID":17}],[{"utility":0,"ID":22}],[{"utility":46.5,"ID":18},{"utility":41.5,"ID":20},{"utility":81.5,"ID":24}],[{"utility":5,"ID":13},{"utility":47,"ID":30}],[{"utility":97,"ID":1},{"utility":69,"ID":27}],[{"utility":0,"ID":9}],[{"utility":0,"ID":10}],[{"utility":43,"ID":16},{"utility":96,"ID":2}],[{"utility":0,"ID":8}],[],[{"utility":17,"ID":3},{"utility":35,"ID":6}],[],[],[],[],[],[],[],[]],"STARTING COALITION: ":[[null],[{"utility":0,"ID":23}],[{"utility":0,"ID":15}],[],[{"utility":7,"ID":4},{"utility":55,"ID":7}],[],[{"utility":0,"ID":11}],[{"utility":57.666666666666664,"ID":8},{"utility":53.333333333333336,"ID":12},{"utility":36,"ID":21},{"utility":23.333333333333332,"ID":25}],[{"utility":40,"ID":5},{"utility":76,"ID":28}],[{"utility":68,"ID":1},{"utility":100,"ID":6}],[{"utility":70.66666666666667,"ID":2},{"utility":21,"ID":3},{"utility":89.66666666666667,"ID":9},{"utility":47.333333333333336,"ID":14}],[{"utility":20,"ID":19},{"utility":43,"ID":26},{"utility":48.666666666666664,"ID":27},{"utility":67.33333333333333,"ID":29}],[{"utility":0,"ID":17}],[{"utility":34,"ID":10},{"utility":37,"ID":16},{"utility":6,"ID":22}],[{"utility":46.5,"ID":18},{"utility":41.5,"ID":20},{"utility":81.5,"ID":24}],[{"utility":5,"ID":13},{"utility":47,"ID":30}],[],[],[],[],[],[],[],[],[],[],[],[],[],[],[]],"CORE :":false,"Relazioni :":770,"Time : ":0.1,"LAST PARTITION":{"22":13,"23":1,"24":14,"25":7,"26":11,"27":16,"28":8,"29":11,"30":15,"10":18,"11":6,"12":9,"13":15,"14":10,"15":2,"16":19,"17":12,"18":14,"19":11,"1":16,"2":19,"3":22,"4":4,"5":4,"6":22,"7":5,"8":20,"9":17,"20":14,"21":7}},{"Modalità dinamica :":false,"Q : ":5,"STARTING PARTITION: ":{"22":13,"23":1,"24":14,"25":7,"26":11,"27":11,"28":8,"29":11,"30":15,"10":13,"11":6,"12":7,"13":15,"14":10,"15":2,"16":13,"17":12,"18":14,"19":11,"1":9,"2":10,"3":10,"4":4,"5":8,"6":9,"7":4,"8":7,"9":10,"20":14,"21":7},"LAST COALITION":[[],[{"utility":0,"ID":23}],[{"utility":0,"ID":15}],[{"utility":0,"ID":5}],[{"utility":91,"ID":4},{"utility":75,"ID":6}],[{"utility":0,"ID":7}],[{"utility":0,"ID":11}],[{"utility":52,"ID":21},{"utility":6,"ID":25}],[{"utility":0,"ID":28}],[{"utility":87,"ID":3},{"utility":87,"ID":12}],[{"utility":0,"ID":14}],[{"utility":30,"ID":19},{"utility":38.5,"ID":26},{"utility":76,"ID":29}],[{"utility":0,"ID":17}],[{"utility":0,"ID":22}],[{"utility":46.5,"ID":18},{"utility":41.5,"ID":20},{"utility":81.5,"ID":24}],[{"utility":5,"ID":13},{"utility":47,"ID":30}],[{"utility":97,"ID":1},{"utility":69,"ID":27}],[{"utility":0,"ID":9}],[{"utility":0,"ID":10}],[{"utility":43,"ID":16},{"utility":96,"ID":2}],[{"utility":0,"ID":8}],[],[],[],[],[],[],[],[],[],[]],"STARTING COALITION: ":[[null],[{"utility":0,"ID":23}],[{"utility":0,"ID":15}],[],[{"utility":7,"ID":4},{"utility":55,"ID":7}],[],[{"utility":0,"ID":11}],[{"utility":57.666666666666664,"ID":8},{"utility":53.333333333333336,"ID":12},{"utility":36,"ID":21},{"utility":23.333333333333332,"ID":25}],[{"utility":40,"ID":5},{"utility":76,"ID":28}],[{"utility":68,"ID":1},{"utility":100,"ID":6}],[{"utility":70.66666666666667,"ID":2},{"utility":21,"ID":3},{"utility":89.66666666666667,"ID":9},{"utility":47.333333333333336,"ID":14}],[{"utility":20,"ID":19},{"utility":43,"ID":26},{"utility":48.666666666666664,"ID":27},{"utility":67.33333333333333,"ID":29}],[{"utility":0,"ID":17}],[{"utility":34,"ID":10},{"utility":37,"ID":16},{"utility":6,"ID":22}],[{"utility":46.5,"ID":18},{"utility":41.5,"ID":20},{"utility":81.5,"ID":24}],[{"utility":5,"ID":13},{"utility":47,"ID":30}],[],[],[],[],[],[],[],[],[],[],[],[],[],[],[]],"CORE :":false,"Relazioni :":770,"Time : ":0.1,"LAST PARTITION":{"22":13,"23":1,"24":14,"25":7,"26":11,"27":16,"28":8,"29":11,"30":15,"10":18,"11":6,"12":9,"13":15,"14":10,"15":2,"16":19,"17":12,"18":14,"19":11,"1":16,"2":19,"3":9,"4":4,"5":3,"6":4,"7":5,"8":20,"9":17,"20":14,"21":7}},{"Modalità dinamica :":false,"Q : ":6,"STARTING PARTITION: ":{"22":13,"23":1,"24":14,"25":7,"26":11,"27":11,"28":8,"29":11,"30":15,"10":13,"11":6,"12":7,"13":15,"14":10,"15":2,"16":13,"17":12,"18":14,"19":11,"1":9,"2":10,"3":10,"4":4,"5":8,"6":9,"7":4,"8":7,"9":10,"20":14,"21":7},"LAST COALITION":[[],[{"utility":0,"ID":23}],[{"utility":0,"ID":15}],[{"utility":0,"ID":7}],[{"utility":0,"ID":3}],[{"utility":0,"ID":8}],[{"utility":0,"ID":11}],[{"utility":52,"ID":21},{"utility":6,"ID":25}],[{"utility":0,"ID":28}],[{"utility":89,"ID":4},{"utility":52,"ID":5}],[{"utility":0,"ID":14}],[{"utility":30,"ID":19},{"utility":38.5,"ID":26},{"utility":76,"ID":29}],[{"utility":0,"ID":17}],[{"utility":0,"ID":22}],[{"utility":46.5,"ID":18},{"utility":41.5,"ID":20},{"utility":81.5,"ID":24}],[{"utility":5,"ID":13},{"utility":47,"ID":30}],[{"utility":97,"ID":1},{"utility":69,"ID":27}],[{"utility":0,"ID":9}],[{"utility":0,"ID":10}],[{"utility":43,"ID":16},{"utility":96,"ID":2}],[{"utility":0,"ID":12}],[{"utility":0,"ID":6}],[],[],[],[],[],[],[],[],[]],"STARTING COALITION: ":[[null],[{"utility":0,"ID":23}],[{"utility":0,"ID":15}],[],[{"utility":7,"ID":4},{"utility":55,"ID":7}],[],[{"utility":0,"ID":11}],[{"utility":57.666666666666664,"ID":8},{"utility":53.333333333333336,"ID":12},{"utility":36,"ID":21},{"utility":23.333333333333332,"ID":25}],[{"utility":40,"ID":5},{"utility":76,"ID":28}],[{"utility":68,"ID":1},{"utility":100,"ID":6}],[{"utility":70.66666666666667,"ID":2},{"utility":21,"ID":3},{"utility":89.66666666666667,"ID":9},{"utility":47.333333333333336,"ID":14}],[{"utility":20,"ID":19},{"utility":43,"ID":26},{"utility":48.666666666666664,"ID":27},{"utility":67.33333333333333,"ID":29}],[{"utility":0,"ID":17}],[{"utility":34,"ID":10},{"utility":37,"ID":16},{"utility":6,"ID":22}],[{"utility":46.5,"ID":18},{"utility":41.5,"ID":20},{"utility":81.5,"ID":24}],[{"utility":5,"ID":13},{"utility":47,"ID":30}],[],[],[],[],[],[],[],[],[],[],[],[],[],[],[]],"CORE :":false,"Relazioni :":770,"Time : ":0.1,"LAST PARTITION":{"22":13,"23":1,"24":14,"25":7,"26":11,"27":16,"28":8,"29":11,"30":15,"10":18,"11":6,"12":20,"13":15,"14":10,"15":2,"16":19,"17":12,"18":14,"19":11,"1":16,"2":19,"3":4,"4":9,"5":9,"6":21,"7":3,"8":5,"9":17,"20":14,"21":7}},{"Modalità dinamica :":false,"Q : ":7,"STARTING PARTITION: ":{"22":13,"23":1,"24":14,"25":7,"26":11,"27":11,"28":8,"29":11,"30":15,"10":13,"11":6,"12":7,"13":15,"14":10,"15":2,"16":13,"17":12,"18":14,"19":11,"1":9,"2":10,"3":10,"4":4,"5":8,"6":9,"7":4,"8":7,"9":10,"20":14,"21":7},"LAST COALITION":[[],[{"utility":0,"ID":23}],[{"utility":0,"ID":15}],[{"utility":0,"ID":7}],[{"utility":0,"ID":5}],[{"utility":0,"ID":8}],[{"utility":0,"ID":11}],[{"utility":52,"ID":21},{"utility":6,"ID":25}],[{"utility":0,"ID":28}],[{"utility":91,"ID":4},{"utility":75,"ID":6}],[{"utility":0,"ID":14}],[{"utility":30,"ID":19},{"utility":38.5,"ID":26},{"utility":76,"ID":29}],[{"utility":0,"ID":17}],[{"utility":0,"ID":22}],[{"utility":46.5,"ID":18},{"utility":41.5,"ID":20},{"utility":81.5,"ID":24}],[{"utility":5,"ID":13},{"utility":47,"ID":30}],[{"utility":97,"ID":1},{"utility":69,"ID":27}],[{"utility":0,"ID":9}],[{"utility":0,"ID":10}],[{"utility":43,"ID":16},{"utility":96,"ID":2}],[{"utility":87,"ID":3},{"utility":87,"ID":12}],[],[],[],[],[],[],[],[],[],[]],"STARTING COALITION: ":[[null],[{"utility":0,"ID":23}],[{"utility":0,"ID":15}],[],[{"utility":7,"ID":4},{"utility":55,"ID":7}],[],[{"utility":0,"ID":11}],[{"utility":57.666666666666664,"ID":8},{"utility":53.333333333333336,"ID":12},{"utility":36,"ID":21},{"utility":23.333333333333332,"ID":25}],[{"utility":40,"ID":5},{"utility":76,"ID":28}],[{"utility":68,"ID":1},{"utility":100,"ID":6}],[{"utility":70.66666666666667,"ID":2},{"utility":21,"ID":3},{"utility":89.66666666666667,"ID":9},{"utility":47.333333333333336,"ID":14}],[{"utility":20,"ID":19},{"utility":43,"ID":26},{"utility":48.666666666666664,"ID":27},{"utility":67.33333333333333,"ID":29}],[{"utility":0,"ID":17}],[{"utility":34,"ID":10},{"utility":37,"ID":16},{"utility":6,"ID":22}],[{"utility":46.5,"ID":18},{"utility":41.5,"ID":20},{"utility":81.5,"ID":24}],[{"utility":5,"ID":13},{"utility":47,"ID":30}],[],[],[],[],[],[],[],[],[],[],[],[],[],[],[]],"CORE :":false,"Relazioni :":770,"Time : ":0.1,"LAST PARTITION":{"22":13,"23":1,"24":14,"25":7,"26":11,"27":16,"28":8,"29":11,"30":15,"10":18,"11":6,"12":20,"13":15,"14":10,"15":2,"16":19,"17":12,"18":14,"19":11,"1":16,"2":19,"3":20,"4":9,"5":4,"6":9,"7":3,"8":5,"9":17,"20":14,"21":7}},{"Modalità dinamica :":false,"Q : ":8,"STARTING PARTITION: ":{"22":13,"23":1,"24":14,"25":7,"26":11,"27":11,"28":8,"29":11,"30":15,"10":13,"11":6,"12":7,"13":15,"14":10,"15":2,"16":13,"17":12,"18":14,"19":11,"1":9,"2":10,"3":10,"4":4,"5":8,"6":9,"7":4,"8":7,"9":10,"20":14,"21":7},"LAST COALITION":[[],[{"utility":0,"ID":23}],[{"utility":0,"ID":15}],[{"utility":0,"ID":8}],[{"utility":0,"ID":7}],[{"utility":0,"ID":12}],[{"utility":0,"ID":11}],[{"utility":52,"ID":21},{"utility":6,"ID":25}],[{"utility":0,"ID":28}],[{"utility":0,"ID":3}],[{"utility":0,"ID":14}],[{"utility":30,"ID":19},{"utility":38.5,"ID":26},{"utility":76,"ID":29}],[{"utility":0,"ID":17}],[{"utility":0,"ID":22}],[{"utility":46.5,"ID":18},{"utility":41.5,"ID":20},{"utility":81.5,"ID":24}],[{"utility":5,"ID":13},{"utility":47,"ID":30}],[{"utility":97,"ID":1},{"utility":69,"ID":27}],[{"utility":0,"ID":9}],[{"utility":0,"ID":10}],[{"utility":43,"ID":16},{"utility":96,"ID":2}],[{"utility":89,"ID":4},{"utility":52,"ID":5}],[{"utility":0,"ID":6}],[],[],[],[],[],[],[],[],[]],"STARTING COALITION: ":[[null],[{"utility":0,"ID":23}],[{"utility":0,"ID":15}],[],[{"utility":7,"ID":4},{"utility":55,"ID":7}],[],[{"utility":0,"ID":11}],[{"utility":57.666666666666664,"ID":8},{"utility":53.333333333333336,"ID":12},{"utility":36,"ID":21},{"utility":23.333333333333332,"ID":25}],[{"utility":40,"ID":5},{"utility":76,"ID":28}],[{"utility":68,"ID":1},{"utility":100,"ID":6}],[{"utility":70.66666666666667,"ID":2},{"utility":21,"ID":3},{"utility":89.66666666666667,"ID":9},{"utility":47.333333333333336,"ID":14}],[{"utility":20,"ID":19},{"utility":43,"ID":26},{"utility":48.666666666666664,"ID":27},{"utility":67.33333333333333,"ID":29}],[{"utility":0,"ID":17}],[{"utility":34,"ID":10},{"utility":37,"ID":16},{"utility":6,"ID":22}],[{"utility":46.5,"ID":18},{"utility":41.5,"ID":20},{"utility":81.5,"ID":24}],[{"utility":5,"ID":13},{"utility":47,"ID":30}],[],[],[],[],[],[],[],[],[],[],[],[],[],[],[]],"CORE :":false,"Relazioni :":770,"Time : ":0.1,"LAST PARTITION":{"22":13,"23":1,"24":14,"25":7,"26":11,"27":16,"28":8,"29":11,"30":15,"10":18,"11":6,"12":5,"13":15,"14":10,"15":2,"16":19,"17":12,"18":14,"19":11,"1":16,"2":19,"3":9,"4":20,"5":20,"6":21,"7":4,"8":3,"9":17,"20":14,"21":7}},{"Modalità dinamica :":false,"Q : ":9,"STARTING PARTITION: ":{"22":13,"23":1,"24":14,"25":7,"26":11,"27":11,"28":8,"29":11,"30":15,"10":13,"11":6,"12":7,"13":15,"14":10,"15":2,"16":13,"17":12,"18":14,"19":11,"1":9,"2":10,"3":10,"4":4,"5":8,"6":9,"7":4,"8":7,"9":10,"20":14,"21":7},"LAST COALITION":[[],[{"utility":0,"ID":23}],[{"utility":0,"ID":15}],[{"utility":0,"ID":12}],[{"utility":0,"ID":8}],[{"utility":89,"ID":4},{"utility":52,"ID":5}],[{"utility":0,"ID":11}],[{"utility":52,"ID":21},{"utility":6,"ID":25}],[{"utility":0,"ID":28}],[{"utility":0,"ID":7}],[{"utility":0,"ID":14}],[{"utility":30,"ID":19},{"utility":38.5,"ID":26},{"utility":76,"ID":29}],[{"utility":0,"ID":17}],[{"utility":0,"ID":22}],[{"utility":46.5,"ID":18},{"utility":41.5,"ID":20},{"utility":81.5,"ID":24}],[{"utility":5,"ID":13},{"utility":47,"ID":30}],[{"utility":97,"ID":1},{"utility":69,"ID":27}],[{"utility":0,"ID":9}],[{"utility":0,"ID":10}],[{"utility":43,"ID":16},{"utility":96,"ID":2}],[{"utility":0,"ID":3}],[{"utility":0,"ID":6}],[],[],[],[],[],[],[],[],[]],"STARTING COALITION: ":[[null],[{"utility":0,"ID":23}],[{"utility":0,"ID":15}],[],[{"utility":7,"ID":4},{"utility":55,"ID":7}],[],[{"utility":0,"ID":11}],[{"utility":57.666666666666664,"ID":8},{"utility":53.333333333333336,"ID":12},{"utility":36,"ID":21},{"utility":23.333333333333332,"ID":25}],[{"utility":40,"ID":5},{"utility":76,"ID":28}],[{"utility":68,"ID":1},{"utility":100,"ID":6}],[{"utility":70.66666666666667,"ID":2},{"utility":21,"ID":3},{"utility":89.66666666666667,"ID":9},{"utility":47.333333333333336,"ID":14}],[{"utility":20,"ID":19},{"utility":43,"ID":26},{"utility":48.666666666666664,"ID":27},{"utility":67.33333333333333,"ID":29}],[{"utility":0,"ID":17}],[{"utility":34,"ID":10},{"utility":37,"ID":16},{"utility":6,"ID":22}],[{"utility":46.5,"ID":18},{"utility":41.5,"ID":20},{"utility":81.5,"ID":24}],[{"utility":5,"ID":13},{"utility":47,"ID":30}],[],[],[],[],[],[],[],[],[],[],[],[],[],[],[]],"CORE :":false,"Relazioni :":770,"Time : ":0.1,"LAST PARTITION":{"22":13,"23":1,"24":14,"25":7,"26":11,"27":16,"28":8,"29":11,"30":15,"10":18,"11":6,"12":3,"13":15,"14":10,"15":2,"16":19,"17":12,"18":14,"19":11,"1":16,"2":19,"3":20,"4":5,"5":5,"6":21,"7":9,"8":4,"9":17,"20":14,"21":7}},{"Modalità dinamica :":false,"Q : ":10,"STARTING PARTITION: ":{"22":13,"23":1,"24":14,"25":7,"26":11,"27":11,"28":8,"29":11,"30":15,"10":13,"11":6,"12":7,"13":15,"14":10,"15":2,"16":13,"17":12,"18":14,"19":11,"1":9,"2":10,"3":10,"4":4,"5":8,"6":9,"7":4,"8":7,"9":10,"20":14,"21":7},"LAST COALITION":[[],[{"utility":0,"ID":23}],[{"utility":0,"ID":15}],[],[{"utility":87,"ID":3},{"utility":87,"ID":12}],[{"utility":89,"ID":4},{"utility":52,"ID":5}],[{"utility":0,"ID":11}],[{"utility":52,"ID":21},{"utility":6,"ID":25}],[{"utility":0,"ID":28}],[{"utility":0,"ID":8}],[{"utility":0,"ID":14}],[{"utility":30,"ID":19},{"utility":38.5,"ID":26},{"utility":76,"ID":29}],[{"utility":0,"ID":17}],[{"utility":0,"ID":22}],[{"utility":46.5,"ID":18},{"utility":41.5,"ID":20},{"utility":81.5,"ID":24}],[{"utility":5,"ID":13},{"utility":47,"ID":30}],[{"utility":97,"ID":1},{"utility":69,"ID":27}],[{"utility":0,"ID":9}],[{"utility":0,"ID":10}],[{"utility":43,"ID":16},{"utility":96,"ID":2}],[{"utility":0,"ID":7}],[],[{"utility":0,"ID":6}],[],[],[],[],[],[],[],[]],"STARTING COALITION: ":[[null],[{"utility":0,"ID":23}],[{"utility":0,"ID":15}],[],[{"utility":7,"ID":4},{"utility":55,"ID":7}],[],[{"utility":0,"ID":11}],[{"utility":57.666666666666664,"ID":8},{"utility":53.333333333333336,"ID":12},{"utility":36,"ID":21},{"utility":23.333333333333332,"ID":25}],[{"utility":40,"ID":5},{"utility":76,"ID":28}],[{"utility":68,"ID":1},{"utility":100,"ID":6}],[{"utility":70.66666666666667,"ID":2},{"utility":21,"ID":3},{"utility":89.66666666666667,"ID":9},{"utility":47.333333333333336,"ID":14}],[{"utility":20,"ID":19},{"utility":43,"ID":26},{"utility":48.666666666666664,"ID":27},{"utility":67.33333333333333,"ID":29}],[{"utility":0,"ID":17}],[{"utility":34,"ID":10},{"utility":37,"ID":16},{"utility":6,"ID":22}],[{"utility":46.5,"ID":18},{"utility":41.5,"ID":20},{"utility":81.5,"ID":24}],[{"utility":5,"ID":13},{"utility":47,"ID":30}],[],[],[],[],[],[],[],[],[],[],[],[],[],[],[]],"CORE :":false,"Relazioni :":770,"Time : ":0.1,"LAST PARTITION":{"22":13,"23":1,"24":14,"25":7,"26":11,"27":16,"28":8,"29":11,"30":15,"10":18,"11":6,"12":4,"13":15,"14":10,"15":2,"16":19,"17":12,"18":14,"19":11,"1":16,"2":19,"3":4,"4":5,"5":5,"6":22,"7":20,"8":9,"9":17,"20":14,"21":7}},{"Modalità dinamica :":true,"Q : ":2,"STARTING PARTITION: ":{"22":13,"23":1,"24":14,"25":7,"26":11,"27":11,"28":8,"29":11,"30":15,"10":13,"11":6,"12":7,"13":15,"14":10,"15":2,"16":13,"17":12,"18":14,"19":11,"1":9,"2":10,"3":10,"4":4,"5":8,"6":9,"7":4,"8":7,"9":10,"20":14,"21":7},"LAST COALITION":[[],[{"utility":77,"ID":4},{"utility":13,"ID":30}],[{"utility":87,"ID":12},{"utility":82,"ID":17}],[{"utility":100,"ID":7},{"utility":61,"ID":28}],[{"utility":54,"ID":3},{"utility":92,"ID":13}],[{"utility":83,"ID":5},{"utility":85,"ID":19}],[{"utility":100,"ID":21},{"utility":92,"ID":22}],[{"utility":26,"ID":20},{"utility":74,"ID":24}],[{"utility":96,"ID":8},{"utility":79,"ID":10}],[{"utility":89,"ID":15},{"utility":91,"ID":26}],[{"utility":100,"ID":6},{"utility":89,"ID":23}],[],[{"utility":88,"ID":9},{"utility":99,"ID":14}],[],[],[{"utility":86,"ID":11},{"utility":68,"ID":16}],[{"utility":97,"ID":1},{"utility":69,"ID":27}],[],[{"utility":86,"ID":2},{"utility":65,"ID":25}],[{"utility":89,"ID":18},{"utility":81,"ID":29}],[],[],[],[],[],[],[],[],[],[],[]],"STARTING COALITION: ":[[null],[{"utility":0,"ID":23}],[{"utility":0,"ID":15}],[],[{"utility":7,"ID":4},{"utility":55,"ID":7}],[],[{"utility":0,"ID":11}],[{"utility":57.666666666666664,"ID":8},{"utility":53.333333333333336,"ID":12},{"utility":36,"ID":21},{"utility":23.333333333333332,"ID":25}],[{"utility":40,"ID":5},{"utility":76,"ID":28}],[{"utility":68,"ID":1},{"utility":100,"ID":6}],[{"utility":70.66666666666667,"ID":2},{"utility":21,"ID":3},{"utility":89.66666666666667,"ID":9},{"utility":47.333333333333336,"ID":14}],[{"utility":20,"ID":19},{"utility":43,"ID":26},{"utility":48.666666666666664,"ID":27},{"utility":67.33333333333333,"ID":29}],[{"utility":0,"ID":17}],[{"utility":34,"ID":10},{"utility":37,"ID":16},{"utility":6,"ID":22}],[{"utility":46.5,"ID":18},{"utility":41.5,"ID":20},{"utility":81.5,"ID":24}],[{"utility":5,"ID":13},{"utility":47,"ID":30}],[],[],[],[],[],[],[],[],[],[],[],[],[],[],[]],"CORE :":true,"Relazioni :":770,"Time : ":0.1,"LAST PARTITION":{"22":6,"23":10,"24":7,"25":18,"26":9,"27":16,"28":3,"29":19,"30":1,"10":8,"11":15,"12":2,"13":4,"14":12,"15":9,"16":15,"17":2,"18":19,"19":5,"1":16,"2":18,"3":4,"4":1,"5":5,"6":10,"7":3,"8":8,"9":12,"20":7,"21":6}},{"Modalità dinamica :":true,"Q : ":3,"STARTING PARTITION: ":{"22":13,"23":1,"24":14,"25":7,"26":11,"27":11,"28":8,"29":11,"30":15,"10":13,"11":6,"12":7,"13":15,"14":10,"15":2,"16":13,"17":12,"18":14,"19":11,"1":9,"2":10,"3":10,"4":4,"5":8,"6":9,"7":4,"8":7,"9":10,"20":14,"21":7},"LAST COALITION":[[],[{"utility":90,"ID":26},{"utility":73,"ID":30}],[{"utility":87,"ID":12},{"utility":82,"ID":17}],[{"utility":96,"ID":8},{"utility":79,"ID":10}],[{"utility":72,"ID":11},{"utility":2,"ID":13}],[{"utility":89,"ID":18},{"utility":81,"ID":29}],[{"utility":83,"ID":5},{"utility":85,"ID":19}],[{"utility":64,"ID":4},{"utility":53,"ID":25}],[{"utility":79,"ID":2},{"utility":98,"ID":9}],[{"utility":100,"ID":6},{"utility":89,"ID":23}],[{"utility":100,"ID":21},{"utility":92,"ID":22}],[{"utility":53,"ID":7},{"utility":70,"ID":20}],[{"utility":0,"ID":14}],[{"utility":0,"ID":3}],[{"utility":0,"ID":16}],[{"utility":40,"ID":15},{"utility":4.5,"ID":24},{"utility":65,"ID":28}],[{"utility":97,"ID":1},{"utility":69,"ID":27}],[],[],[],[],[],[],[],[],[],[],[],[],[],[]],"STARTING COALITION: ":[[null],[{"utility":0,"ID":23}],[{"utility":0,"ID":15}],[],[{"utility":7,"ID":4},{"utility":55,"ID":7}],[],[{"utility":0,"ID":11}],[{"utility":57.666666666666664,"ID":8},{"utility":53.333333333333336,"ID":12},{"utility":36,"ID":21},{"utility":23.333333333333332,"ID":25}],[{"utility":40,"ID":5},{"utility":76,"ID":28}],[{"utility":68,"ID":1},{"utility":100,"ID":6}],[{"utility":70.66666666666667,"ID":2},{"utility":21,"ID":3},{"utility":89.66666666666667,"ID":9},{"utility":47.333333333333336,"ID":14}],[{"utility":20,"ID":19},{"utility":43,"ID":26},{"utility":48.666666666666664,"ID":27},{"utility":67.33333333333333,"ID":29}],[{"utility":0,"ID":17}],[{"utility":34,"ID":10},{"utility":37,"ID":16},{"utility":6,"ID":22}],[{"utility":46.5,"ID":18},{"utility":41.5,"ID":20},{"utility":81.5,"ID":24}],[{"utility":5,"ID":13},{"utility":47,"ID":30}],[],[],[],[],[],[],[],[],[],[],[],[],[],[],[]],"CORE :":true,"Relazioni :":770,"Time : ":0.1,"LAST PARTITION":{"22":10,"23":9,"24":15,"25":7,"26":1,"27":16,"28":15,"29":5,"30":1,"10":3,"11":4,"12":2,"13":4,"14":12,"15":15,"16":14,"17":2,"18":5,"19":6,"1":16,"2":8,"3":13,"4":7,"5":6,"6":9,"7":11,"8":3,"9":8,"20":11,"21":10}},{"Modalità dinamica :":true,"Q : ":4,"STARTING PARTITION: ":{"22":13,"23":1,"24":14,"25":7,"26":11,"27":11,"28":8,"29":11,"30":15,"10":13,"11":6,"12":7,"13":15,"14":10,"15":2,"16":13,"17":12,"18":14,"19":11,"1":9,"2":10,"3":10,"4":4,"5":8,"6":9,"7":4,"8":7,"9":10,"20":14,"21":7},"LAST COALITION":[[],[{"utility":100,"ID":7},{"utility":61,"ID":28}],[{"utility":97,"ID":1},{"utility":69,"ID":27}],[{"utility":75,"ID":16},{"utility":52,"ID":24}],[{"utility":83,"ID":8},{"utility":84,"ID":14}],[{"utility":81,"ID":17},{"utility":86,"ID":19}],[{"utility":78,"ID":5},{"utility":94,"ID":9}],[],[{"utility":86,"ID":2},{"utility":65,"ID":25}],[],[{"utility":89,"ID":18},{"utility":81,"ID":29}],[{"utility":100,"ID":21},{"utility":92,"ID":22}],[{"utility":89,"ID":15},{"utility":91,"ID":26}],[{"utility":84,"ID":11},{"utility":67,"ID":20}],[{"utility":87,"ID":3},{"utility":87,"ID":12}],[{"utility":100,"ID":6},{"utility":89,"ID":23}],[{"utility":77,"ID":4},{"utility":13,"ID":30}],[],[],[{"utility":100,"ID":10},{"utility":46,"ID":13}],[],[],[],[],[],[],[],[],[],[],[]],"STARTING COALITION: ":[[null],[{"utility":0,"ID":23}],[{"utility":0,"ID":15}],[],[{"utility":7,"ID":4},{"utility":55,"ID":7}],[],[{"utility":0,"ID":11}],[{"utility":57.666666666666664,"ID":8},{"utility":53.333333333333336,"ID":12},{"utility":36,"ID":21},{"utility":23.333333333333332,"ID":25}],[{"utility":40,"ID":5},{"utility":76,"ID":28}],[{"utility":68,"ID":1},{"utility":100,"ID":6}],[{"utility":70.66666666666667,"ID":2},{"utility":21,"ID":3},{"utility":89.66666666666667,"ID":9},{"utility":47.333333333333336,"ID":14}],[{"utility":20,"ID":19},{"utility":43,"ID":26},{"utility":48.666666666666664,"ID":27},{"utility":67.33333333333333,"ID":29}],[{"utility":0,"ID":17}],[{"utility":34,"ID":10},{"utility":37,"ID":16},{"utility":6,"ID":22}],[{"utility":46.5,"ID":18},{"utility":41.5,"ID":20},{"utility":81.5,"ID":24}],[{"utility":5,"ID":13},{"utility":47,"ID":30}],[],[],[],[],[],[],[],[],[],[],[],[],[],[],[]],"CORE :":true,"Relazioni :":770,"Time : ":0.1,"LAST PARTITION":{"22":11,"23":15,"24":3,"25":8,"26":12,"27":2,"28":1,"29":10,"30":16,"10":19,"11":13,"12":14,"13":19,"14":4,"15":12,"16":3,"17":5,"18":10,"19":5,"1":2,"2":8,"3":14,"4":16,"5":6,"6":15,"7":1,"8":4,"9":6,"20":13,"21":11}},{"Modalità dinamica :":true,"Q : ":5,"STARTING PARTITION: ":{"22":13,"23":1,"24":14,"25":7,"26":11,"27":11,"28":8,"29":11,"30":15,"10":13,"11":6,"12":7,"13":15,"14":10,"15":2,"16":13,"17":12,"18":14,"19":11,"1":9,"2":10,"3":10,"4":4,"5":8,"6":9,"7":4,"8":7,"9":10,"20":14,"21":7},"LAST COALITION":[[],[{"utility":52,"ID":4},{"utility":69,"ID":28}],[{"utility":0,"ID":25}],[{"utility":33,"ID":14},{"utility":69,"ID":30}],[{"utility":87,"ID":12},{"utility":82,"ID":17}],[{"utility":100,"ID":6},{"utility":89,"ID":23}],[{"utility":61,"ID":3},{"utility":18,"ID":20}],[{"utility":0,"ID":27}],[],[{"utility":0,"ID":18}],[{"utility":100,"ID":21},{"utility":92,"ID":22}],[{"utility":100,"ID":16},{"utility":56,"ID":19}],[{"utility":0,"ID":7}],[],[{"utility":87,"ID":5},{"utility":79,"ID":11}],[{"utility":94,"ID":9},{"utility":51,"ID":24}],[{"utility":96,"ID":8},{"utility":79,"ID":10}],[{"utility":25,"ID":1},{"utility":90,"ID":29}],[{"utility":0,"ID":13}],[{"utility":89,"ID":15},{"utility":91,"ID":26}],[{"utility":0,"ID":2}],[],[],[],[],[],[],[],[],[],[]],"STARTING COALITION: ":[[null],[{"utility":0,"ID":23}],[{"utility":0,"ID":15}],[],[{"utility":7,"ID":4},{"utility":55,"ID":7}],[],[{"utility":0,"ID":11}],[{"utility":57.666666666666664,"ID":8},{"utility":53.333333333333336,"ID":12},{"utility":36,"ID":21},{"utility":23.333333333333332,"ID":25}],[{"utility":40,"ID":5},{"utility":76,"ID":28}],[{"utility":68,"ID":1},{"utility":100,"ID":6}],[{"utility":70.66666666666667,"ID":2},{"utility":21,"ID":3},{"utility":89.66666666666667,"ID":9},{"utility":47.333333333333336,"ID":14}],[{"utility":20,"ID":19},{"utility":43,"ID":26},{"utility":48.666666666666664,"ID":27},{"utility":67.33333333333333,"ID":29}],[{"utility":0,"ID":17}],[{"utility":34,"ID":10},{"utility":37,"ID":16},{"utility":6,"ID":22}],[{"utility":46.5,"ID":18},{"utility":41.5,"ID":20},{"utility":81.5,"ID":24}],[{"utility":5,"ID":13},{"utility":47,"ID":30}],[],[],[],[],[],[],[],[],[],[],[],[],[],[],[]],"CORE :":true,"Relazioni :":770,"Time : ":0.1,"LAST PARTITION":{"22":10,"23":5,"24":15,"25":2,"26":19,"27":7,"28":1,"29":17,"30":3,"10":16,"11":14,"12":4,"13":18,"14":3,"15":19,"16":11,"17":4,"18":9,"19":11,"1":17,"2":20,"3":6,"4":1,"5":14,"6":5,"7":12,"8":16,"9":15,"20":6,"21":10}},{"Modalità dinamica :":true,"Q : ":6,"STARTING PARTITION: ":{"22":13,"23":1,"24":14,"25":7,"26":11,"27":11,"28":8,"29":11,"30":15,"10":13,"11":6,"12":7,"13":15,"14":10,"15":2,"16":13,"17":12,"18":14,"19":11,"1":9,"2":10,"3":10,"4":4,"5":8,"6":9,"7":4,"8":7,"9":10,"20":14,"21":7},"LAST COALITION":[[],[{"utility":15,"ID":20},{"utility":72,"ID":27}],[{"utility":85,"ID":6},{"utility":72,"ID":7},{"utility":71,"ID":23}],[{"utility":83,"ID":5},{"utility":85,"ID":19}],[{"utility":100,"ID":21},{"utility":92,"ID":22}],[{"utility":0,"ID":17}],[{"utility":78,"ID":18},{"utility":91,"ID":30}],[{"utility":48,"ID":2},{"utility":86,"ID":11},{"utility":55.5,"ID":16}],[{"utility":25,"ID":1},{"utility":90,"ID":29}],[{"utility":88,"ID":9},{"utility":99,"ID":14}],[{"utility":87,"ID":3},{"utility":87,"ID":12}],[{"utility":58,"ID":4},{"utility":64,"ID":13}],[{"utility":89,"ID":15},{"utility":91,"ID":26}],[],[{"utility":0,"ID":24}],[{"utility":96,"ID":8},{"utility":79,"ID":10}],[{"utility":0,"ID":25}],[{"utility":0,"ID":28}],[],[],[],[],[],[],[],[],[],[],[],[],[]],"STARTING COALITION: ":[[null],[{"utility":0,"ID":23}],[{"utility":0,"ID":15}],[],[{"utility":7,"ID":4},{"utility":55,"ID":7}],[],[{"utility":0,"ID":11}],[{"utility":57.666666666666664,"ID":8},{"utility":53.333333333333336,"ID":12},{"utility":36,"ID":21},{"utility":23.333333333333332,"ID":25}],[{"utility":40,"ID":5},{"utility":76,"ID":28}],[{"utility":68,"ID":1},{"utility":100,"ID":6}],[{"utility":70.66666666666667,"ID":2},{"utility":21,"ID":3},{"utility":89.66666666666667,"ID":9},{"utility":47.333333333333336,"ID":14}],[{"utility":20,"ID":19},{"utility":43,"ID":26},{"utility":48.666666666666664,"ID":27},{"utility":67.33333333333333,"ID":29}],[{"utility":0,"ID":17}],[{"utility":34,"ID":10},{"utility":37,"ID":16},{"utility":6,"ID":22}],[{"utility":46.5,"ID":18},{"utility":41.5,"ID":20},{"utility":81.5,"ID":24}],[{"utility":5,"ID":13},{"utility":47,"ID":30}],[],[],[],[],[],[],[],[],[],[],[],[],[],[],[]],"CORE :":true,"Relazioni :":770,"Time : ":0.1,"LAST PARTITION":{"22":4,"23":2,"24":14,"25":16,"26":12,"27":1,"28":17,"29":8,"30":6,"10":15,"11":7,"12":10,"13":11,"14":9,"15":12,"16":7,"17":5,"18":6,"19":3,"1":8,"2":7,"3":10,"4":11,"5":3,"6":2,"7":2,"8":15,"9":9,"20":1,"21":4}},{"Modalità dinamica :":true,"Q : ":7,"STARTING PARTITION: ":{"22":13,"23":1,"24":14,"25":7,"26":11,"27":11,"28":8,"29":11,"30":15,"10":13,"11":6,"12":7,"13":15,"14":10,"15":2,"16":13,"17":12,"18":14,"19":11,"1":9,"2":10,"3":10,"4":4,"5":8,"6":9,"7":4,"8":7,"9":10,"20":14,"21":7},"LAST COALITION":[[],[{"utility":54,"ID":3},{"utility":92,"ID":13}],[{"utility":100,"ID":21},{"utility":92,"ID":22}],[{"utility":69,"ID":2},{"utility":56,"ID":28}],[{"utility":81,"ID":17},{"utility":86,"ID":19}],[{"utility":0,"ID":20}],[{"utility":0,"ID":24}],[{"utility":96,"ID":8},{"utility":79,"ID":10}],[{"utility":77,"ID":4},{"utility":13,"ID":30}],[{"utility":100,"ID":6},{"utility":89,"ID":23}],[{"utility":91,"ID":7},{"utility":1,"ID":25}],[{"utility":97,"ID":1},{"utility":69,"ID":27}],[{"utility":0,"ID":16}],[{"utility":0,"ID":29}],[{"utility":83,"ID":12},{"utility":98,"ID":18}],[{"utility":0,"ID":15}],[{"utility":87,"ID":5},{"utility":79,"ID":11}],[{"utility":88,"ID":9},{"utility":99,"ID":14}],[{"utility":0,"ID":26}],[],[],[],[],[],[],[],[],[],[],[],[]],"STARTING COALITION: ":[[null],[{"utility":0,"ID":23}],[{"utility":0,"ID":15}],[],[{"utility":7,"ID":4},{"utility":55,"ID":7}],[],[{"utility":0,"ID":11}],[{"utility":57.666666666666664,"ID":8},{"utility":53.333333333333336,"ID":12},{"utility":36,"ID":21},{"utility":23.333333333333332,"ID":25}],[{"utility":40,"ID":5},{"utility":76,"ID":28}],[{"utility":68,"ID":1},{"utility":100,"ID":6}],[{"utility":70.66666666666667,"ID":2},{"utility":21,"ID":3},{"utility":89.66666666666667,"ID":9},{"utility":47.333333333333336,"ID":14}],[{"utility":20,"ID":19},{"utility":43,"ID":26},{"utility":48.666666666666664,"ID":27},{"utility":67.33333333333333,"ID":29}],[{"utility":0,"ID":17}],[{"utility":34,"ID":10},{"utility":37,"ID":16},{"utility":6,"ID":22}],[{"utility":46.5,"ID":18},{"utility":41.5,"ID":20},{"utility":81.5,"ID":24}],[{"utility":5,"ID":13},{"utility":47,"ID":30}],[],[],[],[],[],[],[],[],[],[],[],[],[],[],[]],"CORE :":true,"Relazioni :":770,"Time : ":0.1,"LAST PARTITION":{"22":2,"23":9,"24":6,"25":10,"26":18,"27":11,"28":3,"29":13,"30":8,"10":7,"11":16,"12":14,"13":1,"14":17,"15":15,"16":12,"17":4,"18":14,"19":4,"1":11,"2":3,"3":1,"4":8,"5":16,"6":9,"7":10,"8":7,"9":17,"20":5,"21":2}},{"Modalità dinamica :":true,"Q : ":8,"STARTING PARTITION: ":{"22":13,"23":1,"24":14,"25":7,"26":11,"27":11,"28":8,"29":11,"30":15,"10":13,"11":6,"12":7,"13":15,"14":10,"15":2,"16":13,"17":12,"18":14,"19":11,"1":9,"2":10,"3":10,"4":4,"5":8,"6":9,"7":4,"8":7,"9":10,"20":14,"21":7},"LAST COALITION":[[],[{"utility":58,"ID":4},{"utility":64,"ID":13}],[{"utility":0,"ID":18}],[{"utility":97,"ID":1},{"utility":69,"ID":27}],[{"utility":89,"ID":15},{"utility":91,"ID":26}],[{"utility":0,"ID":24}],[{"utility":0,"ID":9}],[{"utility":11,"ID":25},{"utility":92,"ID":30}],[{"utility":100,"ID":17},{"utility":78,"ID":29}],[{"utility":86,"ID":11},{"utility":68,"ID":16}],[{"utility":96,"ID":8},{"utility":79,"ID":10}],[{"utility":83,"ID":5},{"utility":85,"ID":19}],[{"utility":100,"ID":7},{"utility":61,"ID":28}],[{"utility":87,"ID":3},{"utility":87,"ID":12}],[{"utility":100,"ID":6},{"utility":89,"ID":23}],[{"utility":100,"ID":21},{"utility":92,"ID":22}],[{"utility":0,"ID":2}],[{"utility":47,"ID":14},{"utility":81,"ID":20}],[],[],[],[],[],[],[],[],[],[],[],[],[]],"STARTING COALITION: ":[[null],[{"utility":0,"ID":23}],[{"utility":0,"ID":15}],[],[{"utility":7,"ID":4},{"utility":55,"ID":7}],[],[{"utility":0,"ID":11}],[{"utility":57.666666666666664,"ID":8},{"utility":53.333333333333336,"ID":12},{"utility":36,"ID":21},{"utility":23.333333333333332,"ID":25}],[{"utility":40,"ID":5},{"utility":76,"ID":28}],[{"utility":68,"ID":1},{"utility":100,"ID":6}],[{"utility":70.66666666666667,"ID":2},{"utility":21,"ID":3},{"utility":89.66666666666667,"ID":9},{"utility":47.333333333333336,"ID":14}],[{"utility":20,"ID":19},{"utility":43,"ID":26},{"utility":48.666666666666664,"ID":27},{"utility":67.33333333333333,"ID":29}],[{"utility":0,"ID":17}],[{"utility":34,"ID":10},{"utility":37,"ID":16},{"utility":6,"ID":22}],[{"utility":46.5,"ID":18},{"utility":41.5,"ID":20},{"utility":81.5,"ID":24}],[{"utility":5,"ID":13},{"utility":47,"ID":30}],[],[],[],[],[],[],[],[],[],[],[],[],[],[],[]],"CORE :":true,"Relazioni :":770,"Time : ":0.1,"LAST PARTITION":{"22":15,"23":14,"24":5,"25":7,"26":4,"27":3,"28":12,"29":8,"30":7,"10":10,"11":9,"12":13,"13":1,"14":17,"15":4,"16":9,"17":8,"18":2,"19":11,"1":3,"2":16,"3":13,"4":1,"5":11,"6":14,"7":12,"8":10,"9":6,"20":17,"21":15}},{"Modalità dinamica :":true,"Q : ":9,"STARTING PARTITION: ":{"22":13,"23":1,"24":14,"25":7,"26":11,"27":11,"28":8,"29":11,"30":15,"10":13,"11":6,"12":7,"13":15,"14":10,"15":2,"16":13,"17":12,"18":14,"19":11,"1":9,"2":10,"3":10,"4":4,"5":8,"6":9,"7":4,"8":7,"9":10,"20":14,"21":7},"LAST COALITION":[[],[{"utility":25,"ID":5},{"utility":80,"ID":6}],[{"utility":54,"ID":3},{"utility":92,"ID":13}],[{"utility":100,"ID":17},{"utility":78,"ID":29}],[{"utility":0,"ID":23}],[],[{"utility":86,"ID":2},{"utility":65,"ID":25}],[{"utility":97,"ID":1},{"utility":69,"ID":27}],[{"utility":53,"ID":7},{"utility":70,"ID":20}],[{"utility":89,"ID":15},{"utility":91,"ID":26}],[{"utility":78,"ID":18},{"utility":91,"ID":30}],[{"utility":88,"ID":9},{"utility":99,"ID":14}],[{"utility":86,"ID":11},{"utility":68,"ID":16}],[{"utility":100,"ID":21},{"utility":92,"ID":22}],[{"utility":24,"ID":4},{"utility":42,"ID":8}],[{"utility":55,"ID":10},{"utility":87,"ID":12}],[],[{"utility":71,"ID":19},{"utility":87,"ID":24}],[],[{"utility":0,"ID":28}],[],[],[],[],[],[],[],[],[],[],[]],"STARTING COALITION: ":[[null],[{"utility":0,"ID":23}],[{"utility":0,"ID":15}],[],[{"utility":7,"ID":4},{"utility":55,"ID":7}],[],[{"utility":0,"ID":11}],[{"utility":57.666666666666664,"ID":8},{"utility":53.333333333333336,"ID":12},{"utility":36,"ID":21},{"utility":23.333333333333332,"ID":25}],[{"utility":40,"ID":5},{"utility":76,"ID":28}],[{"utility":68,"ID":1},{"utility":100,"ID":6}],[{"utility":70.66666666666667,"ID":2},{"utility":21,"ID":3},{"utility":89.66666666666667,"ID":9},{"utility":47.333333333333336,"ID":14}],[{"utility":20,"ID":19},{"utility":43,"ID":26},{"utility":48.666666666666664,"ID":27},{"utility":67.33333333333333,"ID":29}],[{"utility":0,"ID":17}],[{"utility":34,"ID":10},{"utility":37,"ID":16},{"utility":6,"ID":22}],[{"utility":46.5,"ID":18},{"utility":41.5,"ID":20},{"utility":81.5,"ID":24}],[{"utility":5,"ID":13},{"utility":47,"ID":30}],[],[],[],[],[],[],[],[],[],[],[],[],[],[],[]],"CORE :":true,"Relazioni :":770,"Time : ":0.1,"LAST PARTITION":{"22":13,"23":4,"24":17,"25":6,"26":9,"27":7,"28":19,"29":3,"30":10,"10":15,"11":12,"12":15,"13":2,"14":11,"15":9,"16":12,"17":3,"18":10,"19":17,"1":7,"2":6,"3":2,"4":14,"5":1,"6":1,"7":8,"8":14,"9":11,"20":8,"21":13}},{"Modalità dinamica :":true,"Q : ":10,"STARTING PARTITION: ":{"22":13,"23":1,"24":14,"25":7,"26":11,"27":11,"28":8,"29":11,"30":15,"10":13,"11":6,"12":7,"13":15,"14":10,"15":2,"16":13,"17":12,"18":14,"19":11,"1":9,"2":10,"3":10,"4":4,"5":8,"6":9,"7":4,"8":7,"9":10,"20":14,"21":7},"LAST COALITION":[[],[{"utility":96,"ID":8},{"utility":79,"ID":10}],[{"utility":80,"ID":2},{"utility":50,"ID":27}],[{"utility":88,"ID":9},{"utility":99,"ID":14}],[{"utility":99,"ID":18},{"utility":63,"ID":26}],[{"utility":100,"ID":21},{"utility":92,"ID":22}],[{"utility":0,"ID":30}],[{"utility":26,"ID":20},{"utility":74,"ID":24}],[{"utility":83,"ID":5},{"utility":85,"ID":19}],[{"utility":0,"ID":28}],[{"utility":0,"ID":25}],[{"utility":72,"ID":6},{"utility":71,"ID":13}],[{"utility":0,"ID":17}],[{"utility":31,"ID":3},{"utility":100,"ID":29}],[{"utility":22,"ID":12},{"utility":96,"ID":23}],[{"utility":85,"ID":1},{"utility":87,"ID":11}],[],[{"utility":33,"ID":4},{"utility":97,"ID":15}],[{"utility":0,"ID":16}],[{"utility":0,"ID":7}],[],[],[],[],[],[],[],[],[],[],[]],"STARTING COALITION: ":[[null],[{"utility":0,"ID":23}],[{"utility":0,"ID":15}],[],[{"utility":7,"ID":4},{"utility":55,"ID":7}],[],[{"utility":0,"ID":11}],[{"utility":57.666666666666664,"ID":8},{"utility":53.333333333333336,"ID":12},{"utility":36,"ID":21},{"utility":23.333333333333332,"ID":25}],[{"utility":40,"ID":5},{"utility":76,"ID":28}],[{"utility":68,"ID":1},{"utility":100,"ID":6}],[{"utility":70.66666666666667,"ID":2},{"utility":21,"ID":3},{"utility":89.66666666666667,"ID":9},{"utility":47.333333333333336,"ID":14}],[{"utility":20,"ID":19},{"utility":43,"ID":26},{"utility":48.666666666666664,"ID":27},{"utility":67.33333333333333,"ID":29}],[{"utility":0,"ID":17}],[{"utility":34,"ID":10},{"utility":37,"ID":16},{"utility":6,"ID":22}],[{"utility":46.5,"ID":18},{"utility":41.5,"ID":20},{"utility":81.5,"ID":24}],[{"utility":5,"ID":13},{"utility":47,"ID":30}],[],[],[],[],[],[],[],[],[],[],[],[],[],[],[]],"CORE :":true,"Relazioni :":770,"Time : ":0.1,"LAST PARTITION":{"22":5,"23":14,"24":7,"25":10,"26":4,"27":2,"28":9,"29":13,"30":6,"10":1,"11":15,"12":14,"13":11,"14":3,"15":17,"16":18,"17":12,"18":4,"19":8,"1":15,"2":2,"3":13,"4":17,"5":8,"6":11,"7":19,"8":1,"9":3,"20":7,"21":5}},{"END OF FILE:" : true}]