[{"Modalità dinamica :":false,"Q : ":2,"STARTING PARTITION: ":{"22":11,"23":9,"24":6,"25":15,"26":9,"27":10,"28":5,"29":6,"30":5,"10":13,"11":9,"12":1,"13":15,"14":12,"15":9,"16":12,"17":12,"18":8,"19":8,"1":3,"2":15,"3":14,"4":13,"5":15,"6":1,"7":15,"8":7,"9":13,"20":4,"21":9},"LAST COALITION":[[],[{"utility":0,"ID":12}],[{"utility":0,"ID":5}],[],[{"utility":0,"ID":20}],[{"utility":17,"ID":28},{"utility":95,"ID":30}],[{"utility":11,"ID":24},{"utility":87,"ID":29}],[{"utility":0,"ID":8}],[{"utility":54,"ID":18},{"utility":55,"ID":19}],[{"utility":62,"ID":11},{"utility":70.75,"ID":15},{"utility":26.5,"ID":21},{"utility":30.75,"ID":23},{"utility":50,"ID":26}],[{"utility":0,"ID":27}],[{"utility":0,"ID":22}],[{"utility":10,"ID":14},{"utility":57,"ID":16}],[{"utility":62.5,"ID":4},{"utility":35.5,"ID":9},{"utility":32.5,"ID":10}],[{"utility":96,"ID":2},{"utility":77,"ID":17}],[{"utility":85.5,"ID":7},{"utility":73,"ID":13},{"utility":60.5,"ID":25}],[{"utility":63,"ID":3},{"utility":14,"ID":6}],[{"utility":0,"ID":1}],[],[],[],[],[],[],[],[],[],[],[],[],[]],"STARTING COALITION: ":[[null],[{"utility":0,"ID":6},{"utility":58,"ID":12}],[],[{"utility":0,"ID":1}],[{"utility":0,"ID":20}],[{"utility":17,"ID":28},{"utility":95,"ID":30}],[{"utility":11,"ID":24},{"utility":87,"ID":29}],[{"utility":0,"ID":8}],[{"utility":54,"ID":18},{"utility":55,"ID":19}],[{"utility":62,"ID":11},{"utility":70.75,"ID":15},{"utility":26.5,"ID":21},{"utility":30.75,"ID":23},{"utility":50,"ID":26}],[{"utility":0,"ID":27}],[{"utility":0,"ID":22}],[{"utility":23,"ID":14},{"utility":41.5,"ID":16},{"utility":48.5,"ID":17}],[{"utility":62.5,"ID":4},{"utility":35.5,"ID":9},{"utility":32.5,"ID":10}],[{"utility":0,"ID":3}],[{"utility":72,"ID":2},{"utility":27,"ID":5},{"utility":66,"ID":7},{"utility":36.5,"ID":13},{"utility":72.5,"ID":25}],[],[],[],[],[],[],[],[],[],[],[],[],[],[],[]],"CORE :":false,"Relazioni :":770,"Time : ":0.1,"LAST PARTITION":{"22":11,"23":9,"24":6,"25":15,"26":9,"27":10,"28":5,"29":6,"30":5,"10":13,"11":9,"12":1,"13":15,"14":12,"15":9,"16":12,"17":14,"18":8,"19":8,"1":17,"2":14,"3":16,"4":13,"5":2,"6":16,"7":15,"8":7,"9":13,"20":4,"21":9}},{"Modalità dinamica :":false,"Q : ":3,"STARTING PARTITION: ":{"22":11,"23":9,"24":6,"25":15,"26":9,"27":10,"28":5,"29":6,"30":5,"10":13,"11":9,"12":1,"13":15,"14":12,"15":9,"16":12,"17":12,"18":8,"19":8,"1":3,"2":15,"3":14,"4":13,"5":15,"6":1,"7":15,"8":7,"9":13,"20":4,"21":9},"LAST COALITION":[[],[{"utility":0,"ID":12}],[{"utility":0,"ID":5}],[],[{"utility":0,"ID":20}],[{"utility":17,"ID":28},{"utility":95,"ID":30}],[{"utility":11,"ID":24},{"utility":87,"ID":29}],[{"utility":0,"ID":8}],[{"utility":54,"ID":18},{"utility":55,"ID":19}],[{"utility":62,"ID":11},{"utility":70.75,"ID":15},{"utility":26.5,"ID":21},{"utility":30.75,"ID":23},{"utility":50,"ID":26}],[{"utility":0,"ID":27}],[{"utility":0,"ID":22}],[{"utility":10,"ID":14},{"utility":57,"ID":16}],[{"utility":62.5,"ID":4},{"utility":35.5,"ID":9},{"utility":32.5,"ID":10}],[{"utility":96,"ID":2},{"utility":77,"ID":17}],[{"utility":85.5,"ID":7},{"utility":73,"ID":13},{"utility":60.5,"ID":25}],[{"utility":63,"ID":3},{"utility":14,"ID":6}],[{"utility":0,"ID":1}],[],[],[],[],[],[],[],[],[],[],[],[],[]],"STARTING COALITION: ":[[null],[{"utility":0,"ID":6},{"utility":58,"ID":12}],[],[{"utility":0,"ID":1}],[{"utility":0,"ID":20}],[{"utility":17,"ID":28},{"utility":95,"ID":30}],[{"utility":11,"ID":24},{"utility":87,"ID":29}],[{"utility":0,"ID":8}],[{"utility":54,"ID":18},{"utility":55,"ID":19}],[{"utility":62,"ID":11},{"utility":70.75,"ID":15},{"utility":26.5,"ID":21},{"utility":30.75,"ID":23},{"utility":50,"ID":26}],[{"utility":0,"ID":27}],[{"utility":0,"ID":22}],[{"utility":23,"ID":14},{"utility":41.5,"ID":16},{"utility":48.5,"ID":17}],[{"utility":62.5,"ID":4},{"utility":35.5,"ID":9},{"utility":32.5,"ID":10}],[{"utility":0,"ID":3}],[{"utility":72,"ID":2},{"utility":27,"ID":5},{"utility":66,"ID":7},{"utility":36.5,"ID":13},{"utility":72.5,"ID":25}],[],[],[],[],[],[],[],[],[],[],[],[],[],[],[]],"CORE :":false,"Relazioni :":770,"Time : ":0.1,"LAST PARTITION":{"22":11,"23":9,"24":6,"25":15,"26":9,"27":10,"28":5,"29":6,"30":5,"10":13,"11":9,"12":1,"13":15,"14":12,"15":9,"16":12,"17":14,"18":8,"19":8,"1":17,"2":14,"3":16,"4":13,"5":2,"6":16,"7":15,"8":7,"9":13,"20":4,"21":9}},{"Modalità dinamica :":false,"Q : ":4,"STARTING PARTITION: ":{"22":11,"23":9,"24":6,"25":15,"26":9,"27":10,"28":5,"29":6,"30":5,"10":13,"11":9,"12":1,"13":15,"14":12,"15":9,"16":12,"17":12,"18":8,"19":8,"1":3,"2":15,"3":14,"4":13,"5":15,"6":1,"7":15,"8":7,"9":13,"20":4,"21":9},"LAST COALITION":[[],[{"utility":0,"ID":12}],[{"utility":0,"ID":5}],[{"utility":0,"ID":6}],[{"utility":0,"ID":20}],[{"utility":17,"ID":28},{"utility":95,"ID":30}],[{"utility":11,"ID":24},{"utility":87,"ID":29}],[{"utility":0,"ID":8}],[{"utility":54,"ID":18},{"utility":55,"ID":19}],[{"utility":62,"ID":11},{"utility":70.75,"ID":15},{"utility":26.5,"ID":21},{"utility":30.75,"ID":23},{"utility":50,"ID":26}],[{"utility":0,"ID":27}],[{"utility":0,"ID":22}],[{"utility":10,"ID":14},{"utility":57,"ID":16}],[{"utility":62.5,"ID":4},{"utility":35.5,"ID":9},{"utility":32.5,"ID":10}],[{"utility":77,"ID":17},{"utility":96,"ID":2}],[{"utility":85.5,"ID":7},{"utility":73,"ID":13},{"utility":60.5,"ID":25}],[],[{"utility":98,"ID":1},{"utility":9,"ID":3}],[],[],[],[],[],[],[],[],[],[],[],[],[]],"STARTING COALITION: ":[[null],[{"utility":0,"ID":6},{"utility":58,"ID":12}],[],[{"utility":0,"ID":1}],[{"utility":0,"ID":20}],[{"utility":17,"ID":28},{"utility":95,"ID":30}],[{"utility":11,"ID":24},{"utility":87,"ID":29}],[{"utility":0,"ID":8}],[{"utility":54,"ID":18},{"utility":55,"ID":19}],[{"utility":62,"ID":11},{"utility":70.75,"ID":15},{"utility":26.5,"ID":21},{"utility":30.75,"ID":23},{"utility":50,"ID":26}],[{"utility":0,"ID":27}],[{"utility":0,"ID":22}],[{"utility":23,"ID":14},{"utility":41.5,"ID":16},{"utility":48.5,"ID":17}],[{"utility":62.5,"ID":4},{"utility":35.5,"ID":9},{"utility":32.5,"ID":10}],[{"utility":0,"ID":3}],[{"utility":72,"ID":2},{"utility":27,"ID":5},{"utility":66,"ID":7},{"utility":36.5,"ID":13},{"utility":72.5,"ID":25}],[],[],[],[],[],[],[],[],[],[],[],[],[],[],[]],"CORE :":false,"Relazioni :":770,"Time : ":0.1,"LAST PARTITION":{"22":11,"23":9,"24":6,"25":15,"26":9,"27":10,"28":5,"29":6,"30":5,"10":13,"11":9,"12":1,"13":15,"14":12,"15":9,"16":12,"17":14,"18":8,"19":8,"1":17,"2":14,"3":17,"4":13,"5":2,"6":3,"7":15,"8":7,"9":13,"20":4,"21":9}},{"Modalità dinamica :":false,"Q : ":5,"STARTING PARTITION: ":{"22":11,"23":9,"24":6,"25":15,"26":9,"27":10,"28":5,"29":6,"30":5,"10":13,"11":9,"12":1,"13":15,"14":12,"15":9,"16":12,"17":12,"18":8,"19":8,"1":3,"2":15,"3":14,"4":13,"5":15,"6":1,"7":15,"8":7,"9":13,"20":4,"21":9},"LAST COALITION":[[],[{"utility":0,"ID":12}],[{"utility":8,"ID":1},{"utility":78,"ID":5}],[],[{"utility":0,"ID":20}],[{"utility":17,"ID":28},{"utility":95,"ID":30}],[{"utility":11,"ID":24},{"utility":87,"ID":29}],[{"utility":0,"ID":8}],[{"utility":54,"ID":18},{"utility":55,"ID":19}],[{"utility":62,"ID":11},{"utility":70.75,"ID":15},{"utility":26.5,"ID":21},{"utility":30.75,"ID":23},{"utility":50,"ID":26}],[{"utility":0,"ID":27}],[{"utility":0,"ID":22}],[{"utility":10,"ID":14},{"utility":57,"ID":16}],[{"utility":62.5,"ID":4},{"utility":35.5,"ID":9},{"utility":32.5,"ID":10}],[{"utility":77,"ID":17},{"utility":96,"ID":2}],[{"utility":85.5,"ID":7},{"utility":73,"ID":13},{"utility":60.5,"ID":25}],[{"utility":63,"ID":3},{"utility":14,"ID":6}],[],[],[],[],[],[],[],[],[],[],[],[],[],[]],"STARTING COALITION: ":[[null],[{"utility":0,"ID":6},{"utility":58,"ID":12}],[],[{"utility":0,"ID":1}],[{"utility":0,"ID":20}],[{"utility":17,"ID":28},{"utility":95,"ID":30}],[{"utility":11,"ID":24},{"utility":87,"ID":29}],[{"utility":0,"ID":8}],[{"utility":54,"ID":18},{"utility":55,"ID":19}],[{"utility":62,"ID":11},{"utility":70.75,"ID":15},{"utility":26.5,"ID":21},{"utility":30.75,"ID":23},{"utility":50,"ID":26}],[{"utility":0,"ID":27}],[{"utility":0,"ID":22}],[{"utility":23,"ID":14},{"utility":41.5,"ID":16},{"utility":48.5,"ID":17}],[{"utility":62.5,"ID":4},{"utility":35.5,"ID":9},{"utility":32.5,"ID":10}],[{"utility":0,"ID":3}],[{"utility":72,"ID":2},{"utility":27,"ID":5},{"utility":66,"ID":7},{"utility":36.5,"ID":13},{"utility":72.5,"ID":25}],[],[],[],[],[],[],[],[],[],[],[],[],[],[],[]],"CORE :":false,"Relazioni :":770,"Time : ":0.1,"LAST PARTITION":{"22":11,"23":9,"24":6,"25":15,"26":9,"27":10,"28":5,"29":6,"30":5,"10":13,"11":9,"12":1,"13":15,"14":12,"15":9,"16":12,"17":14,"18":8,"19":8,"1":2,"2":14,"3":16,"4":13,"5":2,"6":16,"7":15,"8":7,"9":13,"20":4,"21":9}},{"Modalità dinamica :":false,"Q : ":6,"STARTING PARTITION: ":{"22":11,"23":9,"24":6,"25":15,"26":9,"27":10,"28":5,"29":6,"30":5,"10":13,"11":9,"12":1,"13":15,"14":12,"15":9,"16":12,"17":12,"18":8,"19":8,"1":3,"2":15,"3":14,"4":13,"5":15,"6":1,"7":15,"8":7,"9":13,"20":4,"21":9},"LAST COALITION":[[],[{"utility":0,"ID":12}],[],[{"utility":0,"ID":5}],[{"utility":0,"ID":20}],[{"utility":17,"ID":28},{"utility":95,"ID":30}],[{"utility":11,"ID":24},{"utility":87,"ID":29}],[{"utility":0,"ID":8}],[{"utility":54,"ID":18},{"utility":55,"ID":19}],[{"utility":62,"ID":11},{"utility":70.75,"ID":15},{"utility":26.5,"ID":21},{"utility":30.75,"ID":23},{"utility":50,"ID":26}],[{"utility":0,"ID":27}],[{"utility":0,"ID":22}],[{"utility":10,"ID":14},{"utility":57,"ID":16}],[{"utility":62.5,"ID":4},{"utility":35.5,"ID":9},{"utility":32.5,"ID":10}],[{"utility":77,"ID":17},{"utility":96,"ID":2}],[{"utility":85.5,"ID":7},{"utility":73,"ID":13},{"utility":60.5,"ID":25}],[{"utility":63,"ID":3},{"utility":14,"ID":6}],[{"utility":0,"ID":1}],[],[],[],[],[],[],[],[],[],[],[],[],[]],"STARTING COALITION: ":[[null],[{"utility":0,"ID":6},{"utility":58,"ID":12}],[],[{"utility":0,"ID":1}],[{"utility":0,"ID":20}],[{"utility":17,"ID":28},{"utility":95,"ID":30}],[{"utility":11,"ID":24},{"utility":87,"ID":29}],[{"utility":0,"ID":8}],[{"utility":54,"ID":18},{"utility":55,"ID":19}],[{"utility":62,"ID":11},{"utility":70.75,"ID":15},{"utility":26.5,"ID":21},{"utility":30.75,"ID":23},{"utility":50,"ID":26}],[{"utility":0,"ID":27}],[{"utility":0,"ID":22}],[{"utility":23,"ID":14},{"utility":41.5,"ID":16},{"utility":48.5,"ID":17}],[{"utility":62.5,"ID":4},{"utility":35.5,"ID":9},{"utility":32.5,"ID":10}],[{"utility":0,"ID":3}],[{"utility":72,"ID":2},{"utility":27,"ID":5},{"utility":66,"ID":7},{"utility":36.5,"ID":13},{"utility":72.5,"ID":25}],[],[],[],[],[],[],[],[],[],[],[],[],[],[],[]],"CORE :":false,"Relazioni :":770,"Time : ":0.1,"LAST PARTITION":{"22":11,"23":9,"24":6,"25":15,"26":9,"27":10,"28":5,"29":6,"30":5,"10":13,"11":9,"12":1,"13":15,"14":12,"15":9,"16":12,"17":14,"18":8,"19":8,"1":17,"2":14,"3":16,"4":13,"5":3,"6":16,"7":15,"8":7,"9":13,"20":4,"21":9}},{"Modalità dinamica :":false,"Q : ":7,"STARTING PARTITION: ":{"22":11,"23":9,"24":6,"25":15,"26":9,"27":10,"28":5,"29":6,"30":5,"10":13,"11":9,"12":1,"13":15,"14":12,"15":9,"16":12,"17":12,"18":8,"19":8,"1":3,"2":15,"3":14,"4":13,"5":15,"6":1,"7":15,"8":7,"9":13,"20":4,"21":9},"LAST COALITION":[[],[{"utility":0,"ID":12}],[],[{"utility":8,"ID":1},{"utility":78,"ID":5}],[{"utility":0,"ID":20}],[{"utility":17,"ID":28},{"utility":95,"ID":30}],[{"utility":11,"ID":24},{"utility":87,"ID":29}],[{"utility":0,"ID":8}],[{"utility":54,"ID":18},{"utility":55,"ID":19}],[{"utility":62,"ID":11},{"utility":70.75,"ID":15},{"utility":26.5,"ID":21},{"utility":30.75,"ID":23},{"utility":50,"ID":26}],[{"utility":0,"ID":27}],[{"utility":0,"ID":22}],[{"utility":10,"ID":14},{"utility":57,"ID":16}],[{"utility":62.5,"ID":4},{"utility":35.5,"ID":9},{"utility":32.5,"ID":10}],[{"utility":77,"ID":17},{"utility":96,"ID":2}],[{"utility":85.5,"ID":7},{"utility":73,"ID":13},{"utility":60.5,"ID":25}],[{"utility":63,"ID":3},{"utility":14,"ID":6}],[],[],[],[],[],[],[],[],[],[],[],[],[],[]],"STARTING COALITION: ":[[null],[{"utility":0,"ID":6},{"utility":58,"ID":12}],[],[{"utility":0,"ID":1}],[{"utility":0,"ID":20}],[{"utility":17,"ID":28},{"utility":95,"ID":30}],[{"utility":11,"ID":24},{"utility":87,"ID":29}],[{"utility":0,"ID":8}],[{"utility":54,"ID":18},{"utility":55,"ID":19}],[{"utility":62,"ID":11},{"utility":70.75,"ID":15},{"utility":26.5,"ID":21},{"utility":30.75,"ID":23},{"utility":50,"ID":26}],[{"utility":0,"ID":27}],[{"utility":0,"ID":22}],[{"utility":23,"ID":14},{"utility":41.5,"ID":16},{"utility":48.5,"ID":17}],[{"utility":62.5,"ID":4},{"utility":35.5,"ID":9},{"utility":32.5,"ID":10}],[{"utility":0,"ID":3}],[{"utility":72,"ID":2},{"utility":27,"ID":5},{"utility":66,"ID":7},{"utility":36.5,"ID":13},{"utility":72.5,"ID":25}],[],[],[],[],[],[],[],[],[],[],[],[],[],[],[]],"CORE :":false,"Relazioni :":770,"Time : ":0.1,"LAST PARTITION":{"22":11,"23":9,"24":6,"25":15,"26":9,"27":10,"28":5,"29":6,"30":5,"10":13,"11":9,"12":1,"13":15,"14":12,"15":9,"16":12,"17":14,"18":8,"19":8,"1":3,"2":14,"3":16,"4":13,"5":3,"6":16,"7":15,"8":7,"9":13,"20":4,"21":9}},{"Modalità dinamica :":false,"Q : ":8,"STARTING PARTITION: ":{"22":11,"23":9,"24":6,"25":15,"26":9,"27":10,"28":5,"29":6,"30":5,"10":13,"11":9,"12":1,"13":15,"14":12,"15":9,"16":12,"17":12,"18":8,"19":8,"1":3,"2":15,"3":14,"4":13,"5":15,"6":1,"7":15,"8":7,"9":13,"20":4,"21":9},"LAST COALITION":[[],[{"utility":0,"ID":12}],[{"utility":0,"ID":5}],[{"utility":0,"ID":6}],[{"utility":0,"ID":20}],[{"utility":17,"ID":28},{"utility":95,"ID":30}],[{"utility":11,"ID":24},{"utility":87,"ID":29}],[{"utility":0,"ID":8}],[{"utility":54,"ID":18},{"utility":55,"ID":19}],[{"utility":62,"ID":11},{"utility":70.75,"ID":15},{"utility":26.5,"ID":21},{"utility":30.75,"ID":23},{"utility":50,"ID":26}],[{"utility":0,"ID":27}],[{"utility":0,"ID":22}],[{"utility":10,"ID":14},{"utility":57,"ID":16}],[{"utility":62.5,"ID":4},{"utility":35.5,"ID":9},{"utility":32.5,"ID":10}],[{"utility":77,"ID":17},{"utility":96,"ID":2}],[{"utility":85.5,"ID":7},{"utility":73,"ID":13},{"utility":60.5,"ID":25}],[],[{"utility":98,"ID":1},{"utility":9,"ID":3}],[],[],[],[],[],[],[],[],[],[],[],[],[]],"STARTING COALITION: ":[[null],[{"utility":0,"ID":6},{"utility":58,"ID":12}],[],[{"utility":0,"ID":1}],[{"utility":0,"ID":20}],[{"utility":17,"ID":28},{"utility":95,"ID":30}],[{"utility":11,"ID":24},{"utility":87,"ID":29}],[{"utility":0,"ID":8}],[{"utility":54,"ID":18},{"utility":55,"ID":19}],[{"utility":62,"ID":11},{"utility":70.75,"ID":15},{"utility":26.5,"ID":21},{"utility":30.75,"ID":23},{"utility":50,"ID":26}],[{"utility":0,"ID":27}],[{"utility":0,"ID":22}],[{"utility":23,"ID":14},{"utility":41.5,"ID":16},{"utility":48.5,"ID":17}],[{"utility":62.5,"ID":4},{"utility":35.5,"ID":9},{"utility":32.5,"ID":10}],[{"utility":0,"ID":3}],[{"utility":72,"ID":2},{"utility":27,"ID":5},{"utility":66,"ID":7},{"utility":36.5,"ID":13},{"utility":72.5,"ID":25}],[],[],[],[],[],[],[],[],[],[],[],[],[],[],[]],"CORE :":false,"Relazioni :":770,"Time : ":0.1,"LAST PARTITION":{"22":11,"23":9,"24":6,"25":15,"26":9,"27":10,"28":5,"29":6,"30":5,"10":13,"11":9,"12":1,"13":15,"14":12,"15":9,"16":12,"17":14,"18":8,"19":8,"1":17,"2":14,"3":17,"4":13,"5":2,"6":3,"7":15,"8":7,"9":13,"20":4,"21":9}},{"Modalità dinamica :":false,"Q : ":9,"STARTING PARTITION: ":{"22":11,"23":9,"24":6,"25":15,"26":9,"27":10,"28":5,"29":6,"30":5,"10":13,"11":9,"12":1,"13":15,"14":12,"15":9,"16":12,"17":12,"18":8,"19":8,"1":3,"2":15,"3":14,"4":13,"5":15,"6":1,"7":15,"8":7,"9":13,"20":4,"21":9},"LAST COALITION":[[],[{"utility":0,"ID":12}],[],[{"utility":8,"ID":1},{"utility":78,"ID":5}],[{"utility":0,"ID":20}],[{"utility":17,"ID":28},{"utility":95,"ID":30}],[{"utility":11,"ID":24},{"utility":87,"ID":29}],[{"utility":0,"ID":8}],[{"utility":54,"ID":18},{"utility":55,"ID":19}],[{"utility":62,"ID":11},{"utility":70.75,"ID":15},{"utility":26.5,"ID":21},{"utility":30.75,"ID":23},{"utility":50,"ID":26}],[{"utility":0,"ID":27}],[{"utility":0,"ID":22}],[{"utility":10,"ID":14},{"utility":57,"ID":16}],[{"utility":62.5,"ID":4},{"utility":35.5,"ID":9},{"utility":32.5,"ID":10}],[{"utility":77,"ID":17},{"utility":96,"ID":2}],[{"utility":85.5,"ID":7},{"utility":73,"ID":13},{"utility":60.5,"ID":25}],[{"utility":63,"ID":3},{"utility":14,"ID":6}],[],[],[],[],[],[],[],[],[],[],[],[],[],[]],"STARTING COALITION: ":[[null],[{"utility":0,"ID":6},{"utility":58,"ID":12}],[],[{"utility":0,"ID":1}],[{"utility":0,"ID":20}],[{"utility":17,"ID":28},{"utility":95,"ID":30}],[{"utility":11,"ID":24},{"utility":87,"ID":29}],[{"utility":0,"ID":8}],[{"utility":54,"ID":18},{"utility":55,"ID":19}],[{"utility":62,"ID":11},{"utility":70.75,"ID":15},{"utility":26.5,"ID":21},{"utility":30.75,"ID":23},{"utility":50,"ID":26}],[{"utility":0,"ID":27}],[{"utility":0,"ID":22}],[{"utility":23,"ID":14},{"utility":41.5,"ID":16},{"utility":48.5,"ID":17}],[{"utility":62.5,"ID":4},{"utility":35.5,"ID":9},{"utility":32.5,"ID":10}],[{"utility":0,"ID":3}],[{"utility":72,"ID":2},{"utility":27,"ID":5},{"utility":66,"ID":7},{"utility":36.5,"ID":13},{"utility":72.5,"ID":25}],[],[],[],[],[],[],[],[],[],[],[],[],[],[],[]],"CORE :":false,"Relazioni :":770,"Time : ":0.1,"LAST PARTITION":{"22":11,"23":9,"24":6,"25":15,"26":9,"27":10,"28":5,"29":6,"30":5,"10":13,"11":9,"12":1,"13":15,"14":12,"15":9,"16":12,"17":14,"18":8,"19":8,"1":3,"2":14,"3":16,"4":13,"5":3,"6":16,"7":15,"8":7,"9":13,"20":4,"21":9}},{"Modalità dinamica :":false,"Q : ":10,"STARTING PARTITION: ":{"22":11,"23":9,"24":6,"25":15,"26":9,"27":10,"28":5,"29":6,"30":5,"10":13,"11":9,"12":1,"13":15,"14":12,"15":9,"16":12,"17":12,"18":8,"19":8,"1":3,"2":15,"3":14,"4":13,"5":15,"6":1,"7":15,"8":7,"9":13,"20":4,"21":9},"LAST COALITION":[[],[{"utility":0,"ID":12}],[{"utility":0,"ID":5}],[],[{"utility":0,"ID":20}],[{"utility":17,"ID":28},{"utility":95,"ID":30}],[{"utility":11,"ID":24},{"utility":87,"ID":29}],[{"utility":0,"ID":8}],[{"utility":54,"ID":18},{"utility":55,"ID":19}],[{"utility":62,"ID":11},{"utility":70.75,"ID":15},{"utility":26.5,"ID":21},{"utility":30.75,"ID":23},{"utility":50,"ID":26}],[{"utility":0,"ID":27}],[{"utility":0,"ID":22}],[{"utility":10,"ID":14},{"utility":57,"ID":16}],[{"utility":62.5,"ID":4},{"utility":35.5,"ID":9},{"utility":32.5,"ID":10}],[{"utility":77,"ID":17},{"utility":96,"ID":2}],[{"utility":85.5,"ID":7},{"utility":73,"ID":13},{"utility":60.5,"ID":25}],[{"utility":63,"ID":3},{"utility":14,"ID":6}],[{"utility":0,"ID":1}],[],[],[],[],[],[],[],[],[],[],[],[],[]],"STARTING COALITION: ":[[null],[{"utility":0,"ID":6},{"utility":58,"ID":12}],[],[{"utility":0,"ID":1}],[{"utility":0,"ID":20}],[{"utility":17,"ID":28},{"utility":95,"ID":30}],[{"utility":11,"ID":24},{"utility":87,"ID":29}],[{"utility":0,"ID":8}],[{"utility":54,"ID":18},{"utility":55,"ID":19}],[{"utility":62,"ID":11},{"utility":70.75,"ID":15},{"utility":26.5,"ID":21},{"utility":30.75,"ID":23},{"utility":50,"ID":26}],[{"utility":0,"ID":27}],[{"utility":0,"ID":22}],[{"utility":23,"ID":14},{"utility":41.5,"ID":16},{"utility":48.5,"ID":17}],[{"utility":62.5,"ID":4},{"utility":35.5,"ID":9},{"utility":32.5,"ID":10}],[{"utility":0,"ID":3}],[{"utility":72,"ID":2},{"utility":27,"ID":5},{"utility":66,"ID":7},{"utility":36.5,"ID":13},{"utility":72.5,"ID":25}],[],[],[],[],[],[],[],[],[],[],[],[],[],[],[]],"CORE :":false,"Relazioni :":770,"Time : ":0.1,"LAST PARTITION":{"22":11,"23":9,"24":6,"25":15,"26":9,"27":10,"28":5,"29":6,"30":5,"10":13,"11":9,"12":1,"13":15,"14":12,"15":9,"16":12,"17":14,"18":8,"19":8,"1":17,"2":14,"3":16,"4":13,"5":2,"6":16,"7":15,"8":7,"9":13,"20":4,"21":9}},{"Modalità dinamica :":true,"Q : ":2,"STARTING PARTITION: ":{"22":11,"23":9,"24":6,"25":15,"26":9,"27":10,"28":5,"29":6,"30":5,"10":13,"11":9,"12":1,"13":15,"14":12,"15":9,"16":12,"17":12,"18":8,"19":8,"1":3,"2":15,"3":14,"4":13,"5":15,"6":1,"7":15,"8":7,"9":13,"20":4,"21":9},"LAST COALITION":[[],[{"utility":99,"ID":13},{"utility":71,"ID":22}],[{"utility":58,"ID":20},{"utility":99,"ID":21}],[{"utility":59,"ID":26},{"utility":11,"ID":29}],[{"utility":91,"ID":6},{"utility":85,"ID":11}],[{"utility":0,"ID":7}],[{"utility":92,"ID":1},{"utility":98,"ID":25}],[{"utility":85,"ID":3},{"utility":96,"ID":14}],[{"utility":96,"ID":2},{"utility":77,"ID":17}],[{"utility":44,"ID":12},{"utility":94,"ID":16}],[{"utility":54,"ID":4},{"utility":87,"ID":8}],[{"utility":0,"ID":19}],[{"utility":0,"ID":15}],[],[{"utility":0,"ID":24}],[{"utility":98,"ID":18},{"utility":63,"ID":30}],[{"utility":89,"ID":9},{"utility":48,"ID":23}],[],[{"utility":83,"ID":5},{"utility":82,"ID":27}],[],[{"utility":94,"ID":10},{"utility":90,"ID":28}],[],[],[],[],[],[],[],[],[],[]],"STARTING COALITION: ":[[null],[{"utility":0,"ID":6},{"utility":58,"ID":12}],[],[{"utility":0,"ID":1}],[{"utility":0,"ID":20}],[{"utility":17,"ID":28},{"utility":95,"ID":30}],[{"utility":11,"ID":24},{"utility":87,"ID":29}],[{"utility":0,"ID":8}],[{"utility":54,"ID":18},{"utility":55,"ID":19}],[{"utility":62,"ID":11},{"utility":70.75,"ID":15},{"utility":26.5,"ID":21},{"utility":30.75,"ID":23},{"utility":50,"ID":26}],[{"utility":0,"ID":27}],[{"utility":0,"ID":22}],[{"utility":23,"ID":14},{"utility":41.5,"ID":16},{"utility":48.5,"ID":17}],[{"utility":62.5,"ID":4},{"utility":35.5,"ID":9},{"utility":32.5,"ID":10}],[{"utility":0,"ID":3}],[{"utility":72,"ID":2},{"utility":27,"ID":5},{"utility":66,"ID":7},{"utility":36.5,"ID":13},{"utility":72.5,"ID":25}],[],[],[],[],[],[],[],[],[],[],[],[],[],[],[]],"CORE :":false,"Relazioni :":770,"Time : ":0.1,"LAST PARTITION":{"22":1,"23":16,"24":14,"25":6,"26":3,"27":18,"28":20,"29":3,"30":15,"10":20,"11":4,"12":9,"13":1,"14":7,"15":12,"16":9,"17":8,"18":15,"19":11,"1":6,"2":8,"3":7,"4":10,"5":18,"6":4,"7":5,"8":10,"9":16,"20":2,"21":2}},{"Modalità dinamica :":true,"Q : ":3,"STARTING PARTITION: ":{"22":11,"23":9,"24":6,"25":15,"26":9,"27":10,"28":5,"29":6,"30":5,"10":13,"11":9,"12":1,"13":15,"14":12,"15":9,"16":12,"17":12,"18":8,"19":8,"1":3,"2":15,"3":14,"4":13,"5":15,"6":1,"7":15,"8":7,"9":13,"20":4,"21":9},"LAST COALITION":[[],[{"utility":95,"ID":13},{"utility":67,"ID":19}],[{"utility":0,"ID":21}],[{"utility":94,"ID":10},{"utility":90,"ID":28}],[{"utility":0,"ID":14}],[{"utility":79,"ID":7},{"utility":92,"ID":16}],[{"utility":56,"ID":6},{"utility":90,"ID":30}],[{"utility":89,"ID":3},{"utility":81,"ID":22}],[{"utility":0,"ID":17}],[{"utility":95,"ID":11},{"utility":44,"ID":27}],[],[{"utility":92,"ID":1},{"utility":98,"ID":25}],[{"utility":88,"ID":15},{"utility":37,"ID":26}],[{"utility":0,"ID":2}],[{"utility":89,"ID":9},{"utility":48,"ID":23}],[{"utility":21,"ID":4},{"utility":99,"ID":12}],[],[{"utility":50,"ID":18},{"utility":93,"ID":20}],[{"utility":20,"ID":5},{"utility":46,"ID":29}],[{"utility":81,"ID":8},{"utility":57,"ID":24}],[],[],[],[],[],[],[],[],[],[],[]],"STARTING COALITION: ":[[null],[{"utility":0,"ID":6},{"utility":58,"ID":12}],[],[{"utility":0,"ID":1}],[{"utility":0,"ID":20}],[{"utility":17,"ID":28},{"utility":95,"ID":30}],[{"utility":11,"ID":24},{"utility":87,"ID":29}],[{"utility":0,"ID":8}],[{"utility":54,"ID":18},{"utility":55,"ID":19}],[{"utility":62,"ID":11},{"utility":70.75,"ID":15},{"utility":26.5,"ID":21},{"utility":30.75,"ID":23},{"utility":50,"ID":26}],[{"utility":0,"ID":27}],[{"utility":0,"ID":22}],[{"utility":23,"ID":14},{"utility":41.5,"ID":16},{"utility":48.5,"ID":17}],[{"utility":62.5,"ID":4},{"utility":35.5,"ID":9},{"utility":32.5,"ID":10}],[{"utility":0,"ID":3}],[{"utility":72,"ID":2},{"utility":27,"ID":5},{"utility":66,"ID":7},{"utility":36.5,"ID":13},{"utility":72.5,"ID":25}],[],[],[],[],[],[],[],[],[],[],[],[],[],[],[]],"CORE :":false,"Relazioni :":770,"Time : ":0.1,"LAST PARTITION":{"22":7,"23":14,"24":19,"25":11,"26":12,"27":9,"28":3,"29":18,"30":6,"10":3,"11":9,"12":15,"13":1,"14":4,"15":12,"16":5,"17":8,"18":17,"19":1,"1":11,"2":13,"3":7,"4":15,"5":18,"6":6,"7":5,"8":19,"9":14,"20":17,"21":2}},{"Modalità dinamica :":true,"Q : ":4,"STARTING PARTITION: ":{"22":11,"23":9,"24":6,"25":15,"26":9,"27":10,"28":5,"29":6,"30":5,"10":13,"11":9,"12":1,"13":15,"14":12,"15":9,"16":12,"17":12,"18":8,"19":8,"1":3,"2":15,"3":14,"4":13,"5":15,"6":1,"7":15,"8":7,"9":13,"20":4,"21":9},"LAST COALITION":[[],[{"utility":0,"ID":14}],[{"utility":75,"ID":7},{"utility":69,"ID":9}],[{"utility":81,"ID":8},{"utility":57,"ID":24}],[{"utility":0,"ID":15}],[{"utility":0,"ID":26}],[{"utility":20,"ID":13},{"utility":72,"ID":17}],[{"utility":94,"ID":10},{"utility":90,"ID":28}],[{"utility":73.5,"ID":6},{"utility":87,"ID":11},{"utility":49,"ID":30}],[{"utility":0,"ID":21}],[{"utility":0,"ID":16}],[{"utility":74,"ID":20},{"utility":56,"ID":23}],[{"utility":36,"ID":5},{"utility":71,"ID":12}],[{"utility":89,"ID":3},{"utility":81,"ID":22}],[{"utility":96,"ID":2},{"utility":77,"ID":27}],[],[{"utility":87,"ID":4},{"utility":67,"ID":19}],[{"utility":92,"ID":1},{"utility":98,"ID":25}],[{"utility":96,"ID":18},{"utility":71,"ID":29}],[],[],[],[],[],[],[],[],[],[],[],[]],"STARTING COALITION: ":[[null],[{"utility":0,"ID":6},{"utility":58,"ID":12}],[],[{"utility":0,"ID":1}],[{"utility":0,"ID":20}],[{"utility":17,"ID":28},{"utility":95,"ID":30}],[{"utility":11,"ID":24},{"utility":87,"ID":29}],[{"utility":0,"ID":8}],[{"utility":54,"ID":18},{"utility":55,"ID":19}],[{"utility":62,"ID":11},{"utility":70.75,"ID":15},{"utility":26.5,"ID":21},{"utility":30.75,"ID":23},{"utility":50,"ID":26}],[{"utility":0,"ID":27}],[{"utility":0,"ID":22}],[{"utility":23,"ID":14},{"utility":41.5,"ID":16},{"utility":48.5,"ID":17}],[{"utility":62.5,"ID":4},{"utility":35.5,"ID":9},{"utility":32.5,"ID":10}],[{"utility":0,"ID":3}],[{"utility":72,"ID":2},{"utility":27,"ID":5},{"utility":66,"ID":7},{"utility":36.5,"ID":13},{"utility":72.5,"ID":25}],[],[],[],[],[],[],[],[],[],[],[],[],[],[],[]],"CORE :":false,"Relazioni :":770,"Time : ":0.1,"LAST PARTITION":{"22":13,"23":11,"24":3,"25":17,"26":5,"27":14,"28":7,"29":18,"30":8,"10":7,"11":8,"12":12,"13":6,"14":1,"15":4,"16":10,"17":6,"18":18,"19":16,"1":17,"2":14,"3":13,"4":16,"5":12,"6":8,"7":2,"8":3,"9":2,"20":11,"21":9}},{"Modalità dinamica :":true,"Q : ":5,"STARTING PARTITION: ":{"22":11,"23":9,"24":6,"25":15,"26":9,"27":10,"28":5,"29":6,"30":5,"10":13,"11":9,"12":1,"13":15,"14":12,"15":9,"16":12,"17":12,"18":8,"19":8,"1":3,"2":15,"3":14,"4":13,"5":15,"6":1,"7":15,"8":7,"9":13,"20":4,"21":9},"LAST COALITION":[[],[{"utility":0,"ID":26}],[{"utility":94,"ID":10},{"utility":90,"ID":28}],[{"utility":89,"ID":3},{"utility":81,"ID":22}],[{"utility":92,"ID":1},{"utility":98,"ID":25}],[{"utility":74,"ID":20},{"utility":56,"ID":23}],[{"utility":0,"ID":30}],[{"utility":96,"ID":18},{"utility":71,"ID":29}],[{"utility":79,"ID":9},{"utility":48,"ID":21}],[{"utility":0,"ID":12}],[],[{"utility":0,"ID":14}],[{"utility":0,"ID":8}],[{"utility":83,"ID":5},{"utility":82,"ID":27}],[{"utility":89,"ID":7},{"utility":49,"ID":15}],[{"utility":82,"ID":4},{"utility":87,"ID":16}],[{"utility":91,"ID":6},{"utility":85,"ID":11}],[{"utility":95,"ID":13},{"utility":67,"ID":19}],[{"utility":67,"ID":2},{"utility":56.5,"ID":17},{"utility":83,"ID":24}],[],[],[],[],[],[],[],[],[],[],[],[]],"STARTING COALITION: ":[[null],[{"utility":0,"ID":6},{"utility":58,"ID":12}],[],[{"utility":0,"ID":1}],[{"utility":0,"ID":20}],[{"utility":17,"ID":28},{"utility":95,"ID":30}],[{"utility":11,"ID":24},{"utility":87,"ID":29}],[{"utility":0,"ID":8}],[{"utility":54,"ID":18},{"utility":55,"ID":19}],[{"utility":62,"ID":11},{"utility":70.75,"ID":15},{"utility":26.5,"ID":21},{"utility":30.75,"ID":23},{"utility":50,"ID":26}],[{"utility":0,"ID":27}],[{"utility":0,"ID":22}],[{"utility":23,"ID":14},{"utility":41.5,"ID":16},{"utility":48.5,"ID":17}],[{"utility":62.5,"ID":4},{"utility":35.5,"ID":9},{"utility":32.5,"ID":10}],[{"utility":0,"ID":3}],[{"utility":72,"ID":2},{"utility":27,"ID":5},{"utility":66,"ID":7},{"utility":36.5,"ID":13},{"utility":72.5,"ID":25}],[],[],[],[],[],[],[],[],[],[],[],[],[],[],[]],"CORE :":false,"Relazioni :":770,"Time : ":0.1,"LAST PARTITION":{"22":3,"23":5,"24":18,"25":4,"26":1,"27":13,"28":2,"29":7,"30":6,"10":2,"11":16,"12":9,"13":17,"14":11,"15":14,"16":15,"17":18,"18":7,"19":17,"1":4,"2":18,"3":3,"4":15,"5":13,"6":16,"7":14,"8":12,"9":8,"20":5,"21":8}},{"Modalità dinamica :":true,"Q : ":6,"STARTING PARTITION: ":{"22":11,"23":9,"24":6,"25":15,"26":9,"27":10,"28":5,"29":6,"30":5,"10":13,"11":9,"12":1,"13":15,"14":12,"15":9,"16":12,"17":12,"18":8,"19":8,"1":3,"2":15,"3":14,"4":13,"5":15,"6":1,"7":15,"8":7,"9":13,"20":4,"21":9},"LAST COALITION":[[],[{"utility":92,"ID":1},{"utility":98,"ID":25}],[{"utility":78,"ID":10},{"utility":95,"ID":24}],[{"utility":83,"ID":5},{"utility":82,"ID":27}],[{"utility":0,"ID":9}],[{"utility":96,"ID":18},{"utility":71,"ID":29}],[{"utility":76,"ID":8},{"utility":38,"ID":14}],[{"utility":89,"ID":3},{"utility":81,"ID":22}],[],[{"utility":79,"ID":7},{"utility":92,"ID":16}],[{"utility":93,"ID":23},{"utility":88,"ID":28}],[{"utility":56,"ID":6},{"utility":90,"ID":30}],[{"utility":37,"ID":2},{"utility":69,"ID":19}],[],[{"utility":21,"ID":4},{"utility":99,"ID":12}],[{"utility":82,"ID":11},{"utility":70,"ID":15}],[{"utility":100,"ID":20},{"utility":55,"ID":26}],[{"utility":0,"ID":17}],[{"utility":60,"ID":13},{"utility":47,"ID":21}],[],[],[],[],[],[],[],[],[],[],[],[]],"STARTING COALITION: ":[[null],[{"utility":0,"ID":6},{"utility":58,"ID":12}],[],[{"utility":0,"ID":1}],[{"utility":0,"ID":20}],[{"utility":17,"ID":28},{"utility":95,"ID":30}],[{"utility":11,"ID":24},{"utility":87,"ID":29}],[{"utility":0,"ID":8}],[{"utility":54,"ID":18},{"utility":55,"ID":19}],[{"utility":62,"ID":11},{"utility":70.75,"ID":15},{"utility":26.5,"ID":21},{"utility":30.75,"ID":23},{"utility":50,"ID":26}],[{"utility":0,"ID":27}],[{"utility":0,"ID":22}],[{"utility":23,"ID":14},{"utility":41.5,"ID":16},{"utility":48.5,"ID":17}],[{"utility":62.5,"ID":4},{"utility":35.5,"ID":9},{"utility":32.5,"ID":10}],[{"utility":0,"ID":3}],[{"utility":72,"ID":2},{"utility":27,"ID":5},{"utility":66,"ID":7},{"utility":36.5,"ID":13},{"utility":72.5,"ID":25}],[],[],[],[],[],[],[],[],[],[],[],[],[],[],[]],"CORE :":false,"Relazioni :":770,"Time : ":0.1,"LAST PARTITION":{"22":7,"23":10,"24":2,"25":1,"26":16,"27":3,"28":10,"29":5,"30":11,"10":2,"11":15,"12":14,"13":18,"14":6,"15":15,"16":9,"17":17,"18":5,"19":12,"1":1,"2":12,"3":7,"4":14,"5":3,"6":11,"7":9,"8":6,"9":4,"20":16,"21":18}},{"Modalità dinamica :":true,"Q : ":7,"STARTING PARTITION: ":{"22":11,"23":9,"24":6,"25":15,"26":9,"27":10,"28":5,"29":6,"30":5,"10":13,"11":9,"12":1,"13":15,"14":12,"15":9,"16":12,"17":12,"18":8,"19":8,"1":3,"2":15,"3":14,"4":13,"5":15,"6":1,"7":15,"8":7,"9":13,"20":4,"21":9},"LAST COALITION":[[],[{"utility":95,"ID":13},{"utility":29,"ID":14}],[{"utility":100,"ID":19},{"utility":51,"ID":23}],[{"utility":81,"ID":8},{"utility":57,"ID":24}],[{"utility":94,"ID":10},{"utility":90,"ID":28}],[{"utility":58,"ID":20},{"utility":99,"ID":21}],[{"utility":89,"ID":3},{"utility":81,"ID":22}],[{"utility":0,"ID":6}],[{"utility":44,"ID":12},{"utility":94,"ID":16}],[{"utility":0,"ID":5}],[{"utility":93,"ID":4},{"utility":31,"ID":15}],[{"utility":96,"ID":2},{"utility":77,"ID":27}],[{"utility":86,"ID":17},{"utility":74,"ID":18}],[{"utility":0,"ID":9}],[{"utility":66,"ID":7},{"utility":64,"ID":29}],[{"utility":92,"ID":1},{"utility":98,"ID":25}],[{"utility":42,"ID":26},{"utility":93,"ID":30}],[{"utility":0,"ID":11}],[],[],[],[],[],[],[],[],[],[],[],[],[]],"STARTING COALITION: ":[[null],[{"utility":0,"ID":6},{"utility":58,"ID":12}],[],[{"utility":0,"ID":1}],[{"utility":0,"ID":20}],[{"utility":17,"ID":28},{"utility":95,"ID":30}],[{"utility":11,"ID":24},{"utility":87,"ID":29}],[{"utility":0,"ID":8}],[{"utility":54,"ID":18},{"utility":55,"ID":19}],[{"utility":62,"ID":11},{"utility":70.75,"ID":15},{"utility":26.5,"ID":21},{"utility":30.75,"ID":23},{"utility":50,"ID":26}],[{"utility":0,"ID":27}],[{"utility":0,"ID":22}],[{"utility":23,"ID":14},{"utility":41.5,"ID":16},{"utility":48.5,"ID":17}],[{"utility":62.5,"ID":4},{"utility":35.5,"ID":9},{"utility":32.5,"ID":10}],[{"utility":0,"ID":3}],[{"utility":72,"ID":2},{"utility":27,"ID":5},{"utility":66,"ID":7},{"utility":36.5,"ID":13},{"utility":72.5,"ID":25}],[],[],[],[],[],[],[],[],[],[],[],[],[],[],[]],"CORE :":false,"Relazioni :":770,"Time : ":0.1,"LAST PARTITION":{"22":6,"23":2,"24":3,"25":15,"26":16,"27":11,"28":4,"29":14,"30":16,"10":4,"11":17,"12":8,"13":1,"14":1,"15":10,"16":8,"17":12,"18":12,"19":2,"1":15,"2":11,"3":6,"4":10,"5":9,"6":7,"7":14,"8":3,"9":13,"20":5,"21":5}},{"Modalità dinamica :":true,"Q : ":8,"STARTING PARTITION: ":{"22":11,"23":9,"24":6,"25":15,"26":9,"27":10,"28":5,"29":6,"30":5,"10":13,"11":9,"12":1,"13":15,"14":12,"15":9,"16":12,"17":12,"18":8,"19":8,"1":3,"2":15,"3":14,"4":13,"5":15,"6":1,"7":15,"8":7,"9":13,"20":4,"21":9},"LAST COALITION":[[],[{"utility":93,"ID":23},{"utility":88,"ID":28}],[{"utility":3,"ID":7},{"utility":37,"ID":14}],[{"utility":0,"ID":11}],[{"utility":0,"ID":4}],[{"utility":0,"ID":27}],[{"utility":0,"ID":2}],[{"utility":78,"ID":10},{"utility":95,"ID":24}],[{"utility":68,"ID":9},{"utility":75,"ID":16}],[{"utility":92,"ID":1},{"utility":98,"ID":25}],[{"utility":59,"ID":26},{"utility":11,"ID":29}],[{"utility":96.5,"ID":8},{"utility":70,"ID":18},{"utility":67,"ID":20}],[{"utility":4,"ID":15},{"utility":89,"ID":17}],[{"utility":56,"ID":6},{"utility":90,"ID":30}],[{"utility":89,"ID":3},{"utility":81,"ID":22}],[{"utility":0,"ID":21}],[{"utility":36,"ID":5},{"utility":71,"ID":12}],[],[],[{"utility":95,"ID":13},{"utility":67,"ID":19}],[],[],[],[],[],[],[],[],[],[],[]],"STARTING COALITION: ":[[null],[{"utility":0,"ID":6},{"utility":58,"ID":12}],[],[{"utility":0,"ID":1}],[{"utility":0,"ID":20}],[{"utility":17,"ID":28},{"utility":95,"ID":30}],[{"utility":11,"ID":24},{"utility":87,"ID":29}],[{"utility":0,"ID":8}],[{"utility":54,"ID":18},{"utility":55,"ID":19}],[{"utility":62,"ID":11},{"utility":70.75,"ID":15},{"utility":26.5,"ID":21},{"utility":30.75,"ID":23},{"utility":50,"ID":26}],[{"utility":0,"ID":27}],[{"utility":0,"ID":22}],[{"utility":23,"ID":14},{"utility":41.5,"ID":16},{"utility":48.5,"ID":17}],[{"utility":62.5,"ID":4},{"utility":35.5,"ID":9},{"utility":32.5,"ID":10}],[{"utility":0,"ID":3}],[{"utility":72,"ID":2},{"utility":27,"ID":5},{"utility":66,"ID":7},{"utility":36.5,"ID":13},{"utility":72.5,"ID":25}],[],[],[],[],[],[],[],[],[],[],[],[],[],[],[]],"CORE :":false,"Relazioni :":770,"Time : ":0.1,"LAST PARTITION":{"22":14,"23":1,"24":7,"25":9,"26":10,"27":5,"28":1,"29":10,"30":13,"10":7,"11":3,"12":16,"13":19,"14":2,"15":12,"16":8,"17":12,"18":11,"19":19,"1":9,"2":6,"3":14,"4":4,"5":16,"6":13,"7":2,"8":11,"9":8,"20":11,"21":15}},{"Modalità dinamica :":true,"Q : ":9,"STARTING PARTITION: ":{"22":11,"23":9,"24":6,"25":15,"26":9,"27":10,"28":5,"29":6,"30":5,"10":13,"11":9,"12":1,"13":15,"14":12,"15":9,"16":12,"17":12,"18":8,"19":8,"1":3,"2":15,"3":14,"4":13,"5":15,"6":1,"7":15,"8":7,"9":13,"20":4,"21":9},"LAST COALITION":[[],[{"utility":92,"ID":1},{"utility":98,"ID":25}],[{"utility":74,"ID":20},{"utility":56,"ID":23}],[{"utility":79.5,"ID":2},{"utility":63.5,"ID":26},{"utility":76.5,"ID":30}],[{"utility":34,"ID":7},{"utility":9,"ID":24}],[{"utility":95,"ID":13},{"utility":67,"ID":19}],[{"utility":72,"ID":12},{"utility":89,"ID":17}],[{"utility":94,"ID":10},{"utility":90,"ID":28}],[{"utility":83,"ID":5},{"utility":82,"ID":27}],[],[],[{"utility":89,"ID":3},{"utility":81,"ID":22}],[{"utility":82,"ID":4},{"utility":87,"ID":16}],[],[{"utility":96,"ID":8},{"utility":90,"ID":18}],[{"utility":42,"ID":15},{"utility":75,"ID":29}],[{"utility":79,"ID":9},{"utility":48,"ID":21}],[{"utility":91,"ID":6},{"utility":85,"ID":11}],[{"utility":0,"ID":14}],[],[],[],[],[],[],[],[],[],[],[],[]],"STARTING COALITION: ":[[null],[{"utility":0,"ID":6},{"utility":58,"ID":12}],[],[{"utility":0,"ID":1}],[{"utility":0,"ID":20}],[{"utility":17,"ID":28},{"utility":95,"ID":30}],[{"utility":11,"ID":24},{"utility":87,"ID":29}],[{"utility":0,"ID":8}],[{"utility":54,"ID":18},{"utility":55,"ID":19}],[{"utility":62,"ID":11},{"utility":70.75,"ID":15},{"utility":26.5,"ID":21},{"utility":30.75,"ID":23},{"utility":50,"ID":26}],[{"utility":0,"ID":27}],[{"utility":0,"ID":22}],[{"utility":23,"ID":14},{"utility":41.5,"ID":16},{"utility":48.5,"ID":17}],[{"utility":62.5,"ID":4},{"utility":35.5,"ID":9},{"utility":32.5,"ID":10}],[{"utility":0,"ID":3}],[{"utility":72,"ID":2},{"utility":27,"ID":5},{"utility":66,"ID":7},{"utility":36.5,"ID":13},{"utility":72.5,"ID":25}],[],[],[],[],[],[],[],[],[],[],[],[],[],[],[]],"CORE :":false,"Relazioni :":770,"Time : ":0.1,"LAST PARTITION":{"22":11,"23":2,"24":4,"25":1,"26":3,"27":8,"28":7,"29":15,"30":3,"10":7,"11":17,"12":6,"13":5,"14":18,"15":15,"16":12,"17":6,"18":14,"19":5,"1":1,"2":3,"3":11,"4":12,"5":8,"6":17,"7":4,"8":14,"9":16,"20":2,"21":16}},{"Modalità dinamica :":true,"Q : ":10,"STARTING PARTITION: ":{"22":11,"23":9,"24":6,"25":15,"26":9,"27":10,"28":5,"29":6,"30":5,"10":13,"11":9,"12":1,"13":15,"14":12,"15":9,"16":12,"17":12,"18":8,"19":8,"1":3,"2":15,"3":14,"4":13,"5":15,"6":1,"7":15,"8":7,"9":13,"20":4,"21":9},"LAST COALITION":[[],[{"utility":72,"ID":12},{"utility":89,"ID":17}],[{"utility":0,"ID":6}],[{"utility":0,"ID":5}],[{"utility":92,"ID":1},{"utility":98,"ID":25}],[{"utility":78,"ID":10},{"utility":95,"ID":24}],[{"utility":89,"ID":3},{"utility":81,"ID":22}],[{"utility":0,"ID":15}],[{"utility":0,"ID":13}],[{"utility":54,"ID":18},{"utility":55,"ID":19}],[{"utility":68,"ID":9},{"utility":75,"ID":16}],[{"utility":0,"ID":21}],[],[{"utility":95,"ID":7},{"utility":50,"ID":20}],[{"utility":0,"ID":26}],[{"utility":0,"ID":27}],[{"utility":93,"ID":23},{"utility":88,"ID":28}],[{"utility":54,"ID":4},{"utility":87,"ID":8}],[{"utility":0,"ID":2}],[{"utility":83.66666666666667,"ID":11},{"utility":64,"ID":14},{"utility":21.333333333333332,"ID":29},{"utility":16.666666666666668,"ID":30}],[],[],[],[],[],[],[],[],[],[],[]],"STARTING COALITION: ":[[null],[{"utility":0,"ID":6},{"utility":58,"ID":12}],[],[{"utility":0,"ID":1}],[{"utility":0,"ID":20}],[{"utility":17,"ID":28},{"utility":95,"ID":30}],[{"utility":11,"ID":24},{"utility":87,"ID":29}],[{"utility":0,"ID":8}],[{"utility":54,"ID":18},{"utility":55,"ID":19}],[{"utility":62,"ID":11},{"utility":70.75,"ID":15},{"utility":26.5,"ID":21},{"utility":30.75,"ID":23},{"utility":50,"ID":26}],[{"utility":0,"ID":27}],[{"utility":0,"ID":22}],[{"utility":23,"ID":14},{"utility":41.5,"ID":16},{"utility":48.5,"ID":17}],[{"utility":62.5,"ID":4},{"utility":35.5,"ID":9},{"utility":32.5,"ID":10}],[{"utility":0,"ID":3}],[{"utility":72,"ID":2},{"utility":27,"ID":5},{"utility":66,"ID":7},{"utility":36.5,"ID":13},{"utility":72.5,"ID":25}],[],[],[],[],[],[],[],[],[],[],[],[],[],[],[]],"CORE :":false,"Relazioni :":770,"Time : ":0.1,"LAST PARTITION":{"22":6,"23":16,"24":5,"25":4,"26":14,"27":15,"28":16,"29":19,"30":19,"10":5,"11":19,"12":1,"13":8,"14":19,"15":7,"16":10,"17":1,"18":9,"19":9,"1":4,"2":18,"3":6,"4":17,"5":3,"6":2,"7":13,"8":17,"9":10,"20":13,"21":11}},{"END OF FILE:" : true}]