[{"Modalità dinamica :":false,"Q : ":2,"STARTING PARTITION: ":{"11":10,"12":7,"13":9,"14":1,"15":9,"16":3,"17":8,"18":11,"19":2,"1":3,"2":2,"3":8,"4":4,"5":1,"6":6,"7":3,"8":9,"9":9,"20":1,"10":9},"LAST COALITION":[[],[{"utility":85,"ID":14},{"utility":33,"ID":20}],[{"utility":0,"ID":19}],[{"utility":87,"ID":7},{"utility":0,"ID":16}],[{"utility":92,"ID":2},{"utility":68,"ID":17}],[],[{"utility":0,"ID":9}],[{"utility":0,"ID":10}],[{"utility":93,"ID":4},{"utility":27,"ID":8}],[{"utility":0,"ID":13}],[{"utility":87,"ID":5},{"utility":47,"ID":18}],[],[{"utility":72,"ID":1},{"utility":91,"ID":12}],[{"utility":94,"ID":3},{"utility":60,"ID":15}],[{"utility":99,"ID":6},{"utility":27,"ID":11}],[],[],[],[],[],[]],"STARTING COALITION: ":[[null],[{"utility":30,"ID":5},{"utility":70.5,"ID":14},{"utility":55,"ID":20}],[{"utility":33,"ID":2},{"utility":62,"ID":19}],[{"utility":18.5,"ID":1},{"utility":71,"ID":7},{"utility":36.5,"ID":16}],[{"utility":0,"ID":4}],[],[{"utility":0,"ID":6}],[{"utility":0,"ID":12}],[{"utility":0,"ID":3},{"utility":0,"ID":17}],[{"utility":57.75,"ID":8},{"utility":30,"ID":9},{"utility":58.25,"ID":10},{"utility":36.25,"ID":13},{"utility":68.25,"ID":15}],[{"utility":0,"ID":11}],[{"utility":0,"ID":18}],[],[],[],[],[],[],[],[],[]],"CORE :":false,"Relazioni :":280,"Time : ":0.1,"LAST PARTITION":{"11":14,"12":12,"13":9,"14":1,"15":13,"16":3,"17":4,"18":10,"19":2,"1":12,"2":4,"3":13,"4":8,"5":10,"6":14,"7":3,"8":8,"9":6,"20":1,"10":7}},{"Modalità dinamica :":false,"Q : ":3,"STARTING PARTITION: ":{"11":10,"12":7,"13":9,"14":1,"15":9,"16":3,"17":8,"18":11,"19":2,"1":3,"2":2,"3":8,"4":4,"5":1,"6":6,"7":3,"8":9,"9":9,"20":1,"10":9},"LAST COALITION":[[],[{"utility":85,"ID":14},{"utility":33,"ID":20}],[{"utility":0,"ID":19}],[{"utility":87,"ID":7},{"utility":0,"ID":16}],[{"utility":92,"ID":2},{"utility":68,"ID":17}],[{"utility":77,"ID":8},{"utility":34,"ID":9}],[],[{"utility":0,"ID":10}],[{"utility":0,"ID":4}],[{"utility":0,"ID":13}],[{"utility":87,"ID":5},{"utility":47,"ID":18}],[],[{"utility":72,"ID":1},{"utility":91,"ID":12}],[{"utility":94,"ID":3},{"utility":60,"ID":15}],[{"utility":99,"ID":6},{"utility":27,"ID":11}],[],[],[],[],[],[]],"STARTING COALITION: ":[[null],[{"utility":30,"ID":5},{"utility":70.5,"ID":14},{"utility":55,"ID":20}],[{"utility":33,"ID":2},{"utility":62,"ID":19}],[{"utility":18.5,"ID":1},{"utility":71,"ID":7},{"utility":36.5,"ID":16}],[{"utility":0,"ID":4}],[],[{"utility":0,"ID":6}],[{"utility":0,"ID":12}],[{"utility":0,"ID":3},{"utility":0,"ID":17}],[{"utility":57.75,"ID":8},{"utility":30,"ID":9},{"utility":58.25,"ID":10},{"utility":36.25,"ID":13},{"utility":68.25,"ID":15}],[{"utility":0,"ID":11}],[{"utility":0,"ID":18}],[],[],[],[],[],[],[],[],[]],"CORE :":false,"Relazioni :":280,"Time : ":0.1,"LAST PARTITION":{"11":14,"12":12,"13":9,"14":1,"15":13,"16":3,"17":4,"18":10,"19":2,"1":12,"2":4,"3":13,"4":8,"5":10,"6":14,"7":3,"8":5,"9":5,"20":1,"10":7}},{"Modalità dinamica :":false,"Q : ":4,"STARTING PARTITION: ":{"11":10,"12":7,"13":9,"14":1,"15":9,"16":3,"17":8,"18":11,"19":2,"1":3,"2":2,"3":8,"4":4,"5":1,"6":6,"7":3,"8":9,"9":9,"20":1,"10":9},"LAST COALITION":[[],[{"utility":85,"ID":14},{"utility":33,"ID":20}],[{"utility":0,"ID":19}],[{"utility":87,"ID":7},{"utility":0,"ID":16}],[{"utility":68,"ID":17},{"utility":92,"ID":2}],[{"utility":77,"ID":8},{"utility":34,"ID":9}],[],[{"utility":0,"ID":10}],[{"utility":0,"ID":4}],[{"utility":0,"ID":13}],[{"utility":47,"ID":18},{"utility":87,"ID":5}],[],[{"utility":72,"ID":1},{"utility":91,"ID":12}],[{"utility":94,"ID":3},{"utility":60,"ID":15}],[{"utility":99,"ID":6},{"utility":27,"ID":11}],[],[],[],[],[],[]],"STARTING COALITION: ":[[null],[{"utility":30,"ID":5},{"utility":70.5,"ID":14},{"utility":55,"ID":20}],[{"utility":33,"ID":2},{"utility":62,"ID":19}],[{"utility":18.5,"ID":1},{"utility":71,"ID":7},{"utility":36.5,"ID":16}],[{"utility":0,"ID":4}],[],[{"utility":0,"ID":6}],[{"utility":0,"ID":12}],[{"utility":0,"ID":3},{"utility":0,"ID":17}],[{"utility":57.75,"ID":8},{"utility":30,"ID":9},{"utility":58.25,"ID":10},{"utility":36.25,"ID":13},{"utility":68.25,"ID":15}],[{"utility":0,"ID":11}],[{"utility":0,"ID":18}],[],[],[],[],[],[],[],[],[]],"CORE :":false,"Relazioni :":280,"Time : ":0.1,"LAST PARTITION":{"11":14,"12":12,"13":9,"14":1,"15":13,"16":3,"17":4,"18":10,"19":2,"1":12,"2":4,"3":13,"4":8,"5":10,"6":14,"7":3,"8":5,"9":5,"20":1,"10":7}},{"Modalità dinamica :":false,"Q : ":5,"STARTING PARTITION: ":{"11":10,"12":7,"13":9,"14":1,"15":9,"16":3,"17":8,"18":11,"19":2,"1":3,"2":2,"3":8,"4":4,"5":1,"6":6,"7":3,"8":9,"9":9,"20":1,"10":9},"LAST COALITION":[[],[{"utility":85,"ID":14},{"utility":33,"ID":20}],[{"utility":0,"ID":19}],[{"utility":87,"ID":7},{"utility":0,"ID":16}],[{"utility":68,"ID":17},{"utility":92,"ID":2}],[{"utility":77,"ID":8},{"utility":34,"ID":9}],[],[{"utility":0,"ID":10}],[{"utility":0,"ID":4}],[{"utility":0,"ID":13}],[{"utility":47,"ID":18},{"utility":87,"ID":5}],[],[{"utility":72,"ID":1},{"utility":91,"ID":12}],[{"utility":94,"ID":3},{"utility":60,"ID":15}],[{"utility":99,"ID":6},{"utility":27,"ID":11}],[],[],[],[],[],[]],"STARTING COALITION: ":[[null],[{"utility":30,"ID":5},{"utility":70.5,"ID":14},{"utility":55,"ID":20}],[{"utility":33,"ID":2},{"utility":62,"ID":19}],[{"utility":18.5,"ID":1},{"utility":71,"ID":7},{"utility":36.5,"ID":16}],[{"utility":0,"ID":4}],[],[{"utility":0,"ID":6}],[{"utility":0,"ID":12}],[{"utility":0,"ID":3},{"utility":0,"ID":17}],[{"utility":57.75,"ID":8},{"utility":30,"ID":9},{"utility":58.25,"ID":10},{"utility":36.25,"ID":13},{"utility":68.25,"ID":15}],[{"utility":0,"ID":11}],[{"utility":0,"ID":18}],[],[],[],[],[],[],[],[],[]],"CORE :":false,"Relazioni :":280,"Time : ":0.1,"LAST PARTITION":{"11":14,"12":12,"13":9,"14":1,"15":13,"16":3,"17":4,"18":10,"19":2,"1":12,"2":4,"3":13,"4":8,"5":10,"6":14,"7":3,"8":5,"9":5,"20":1,"10":7}},{"Modalità dinamica :":false,"Q : ":6,"STARTING PARTITION: ":{"11":10,"12":7,"13":9,"14":1,"15":9,"16":3,"17":8,"18":11,"19":2,"1":3,"2":2,"3":8,"4":4,"5":1,"6":6,"7":3,"8":9,"9":9,"20":1,"10":9},"LAST COALITION":[[],[{"utility":85,"ID":14},{"utility":33,"ID":20}],[{"utility":0,"ID":19}],[{"utility":87,"ID":7},{"utility":0,"ID":16}],[{"utility":68,"ID":17},{"utility":92,"ID":2}],[],[{"utility":0,"ID":9}],[{"utility":0,"ID":10}],[{"utility":93,"ID":4},{"utility":27,"ID":8}],[{"utility":0,"ID":13}],[{"utility":47,"ID":18},{"utility":87,"ID":5}],[],[{"utility":72,"ID":1},{"utility":91,"ID":12}],[{"utility":94,"ID":3},{"utility":60,"ID":15}],[{"utility":99,"ID":6},{"utility":27,"ID":11}],[],[],[],[],[],[]],"STARTING COALITION: ":[[null],[{"utility":30,"ID":5},{"utility":70.5,"ID":14},{"utility":55,"ID":20}],[{"utility":33,"ID":2},{"utility":62,"ID":19}],[{"utility":18.5,"ID":1},{"utility":71,"ID":7},{"utility":36.5,"ID":16}],[{"utility":0,"ID":4}],[],[{"utility":0,"ID":6}],[{"utility":0,"ID":12}],[{"utility":0,"ID":3},{"utility":0,"ID":17}],[{"utility":57.75,"ID":8},{"utility":30,"ID":9},{"utility":58.25,"ID":10},{"utility":36.25,"ID":13},{"utility":68.25,"ID":15}],[{"utility":0,"ID":11}],[{"utility":0,"ID":18}],[],[],[],[],[],[],[],[],[]],"CORE :":false,"Relazioni :":280,"Time : ":0.1,"LAST PARTITION":{"11":14,"12":12,"13":9,"14":1,"15":13,"16":3,"17":4,"18":10,"19":2,"1":12,"2":4,"3":13,"4":8,"5":10,"6":14,"7":3,"8":8,"9":6,"20":1,"10":7}},{"Modalità dinamica :":false,"Q : ":7,"STARTING PARTITION: ":{"11":10,"12":7,"13":9,"14":1,"15":9,"16":3,"17":8,"18":11,"19":2,"1":3,"2":2,"3":8,"4":4,"5":1,"6":6,"7":3,"8":9,"9":9,"20":1,"10":9},"LAST COALITION":[[],[{"utility":85,"ID":14},{"utility":33,"ID":20}],[{"utility":0,"ID":19}],[{"utility":87,"ID":7},{"utility":0,"ID":16}],[{"utility":68,"ID":17},{"utility":92,"ID":2}],[{"utility":77,"ID":8},{"utility":34,"ID":9}],[],[{"utility":0,"ID":10}],[{"utility":0,"ID":4}],[{"utility":0,"ID":13}],[{"utility":47,"ID":18},{"utility":87,"ID":5}],[],[{"utility":72,"ID":1},{"utility":91,"ID":12}],[{"utility":94,"ID":3},{"utility":60,"ID":15}],[{"utility":99,"ID":6},{"utility":27,"ID":11}],[],[],[],[],[],[]],"STARTING COALITION: ":[[null],[{"utility":30,"ID":5},{"utility":70.5,"ID":14},{"utility":55,"ID":20}],[{"utility":33,"ID":2},{"utility":62,"ID":19}],[{"utility":18.5,"ID":1},{"utility":71,"ID":7},{"utility":36.5,"ID":16}],[{"utility":0,"ID":4}],[],[{"utility":0,"ID":6}],[{"utility":0,"ID":12}],[{"utility":0,"ID":3},{"utility":0,"ID":17}],[{"utility":57.75,"ID":8},{"utility":30,"ID":9},{"utility":58.25,"ID":10},{"utility":36.25,"ID":13},{"utility":68.25,"ID":15}],[{"utility":0,"ID":11}],[{"utility":0,"ID":18}],[],[],[],[],[],[],[],[],[]],"CORE :":false,"Relazioni :":280,"Time : ":0.1,"LAST PARTITION":{"11":14,"12":12,"13":9,"14":1,"15":13,"16":3,"17":4,"18":10,"19":2,"1":12,"2":4,"3":13,"4":8,"5":10,"6":14,"7":3,"8":5,"9":5,"20":1,"10":7}},{"Modalità dinamica :":false,"Q : ":8,"STARTING PARTITION: ":{"11":10,"12":7,"13":9,"14":1,"15":9,"16":3,"17":8,"18":11,"19":2,"1":3,"2":2,"3":8,"4":4,"5":1,"6":6,"7":3,"8":9,"9":9,"20":1,"10":9},"LAST COALITION":[[],[{"utility":85,"ID":14},{"utility":33,"ID":20}],[{"utility":0,"ID":19}],[{"utility":87,"ID":7},{"utility":0,"ID":16}],[{"utility":68,"ID":17},{"utility":92,"ID":2}],[],[{"utility":0,"ID":9}],[{"utility":0,"ID":10}],[{"utility":93,"ID":4},{"utility":27,"ID":8}],[{"utility":0,"ID":13}],[{"utility":47,"ID":18},{"utility":87,"ID":5}],[],[{"utility":72,"ID":1},{"utility":91,"ID":12}],[{"utility":94,"ID":3},{"utility":60,"ID":15}],[{"utility":99,"ID":6},{"utility":27,"ID":11}],[],[],[],[],[],[]],"STARTING COALITION: ":[[null],[{"utility":30,"ID":5},{"utility":70.5,"ID":14},{"utility":55,"ID":20}],[{"utility":33,"ID":2},{"utility":62,"ID":19}],[{"utility":18.5,"ID":1},{"utility":71,"ID":7},{"utility":36.5,"ID":16}],[{"utility":0,"ID":4}],[],[{"utility":0,"ID":6}],[{"utility":0,"ID":12}],[{"utility":0,"ID":3},{"utility":0,"ID":17}],[{"utility":57.75,"ID":8},{"utility":30,"ID":9},{"utility":58.25,"ID":10},{"utility":36.25,"ID":13},{"utility":68.25,"ID":15}],[{"utility":0,"ID":11}],[{"utility":0,"ID":18}],[],[],[],[],[],[],[],[],[]],"CORE :":false,"Relazioni :":280,"Time : ":0.1,"LAST PARTITION":{"11":14,"12":12,"13":9,"14":1,"15":13,"16":3,"17":4,"18":10,"19":2,"1":12,"2":4,"3":13,"4":8,"5":10,"6":14,"7":3,"8":8,"9":6,"20":1,"10":7}},{"Modalità dinamica :":false,"Q : ":9,"STARTING PARTITION: ":{"11":10,"12":7,"13":9,"14":1,"15":9,"16":3,"17":8,"18":11,"19":2,"1":3,"2":2,"3":8,"4":4,"5":1,"6":6,"7":3,"8":9,"9":9,"20":1,"10":9},"LAST COALITION":[[],[{"utility":85,"ID":14},{"utility":33,"ID":20}],[{"utility":0,"ID":19}],[{"utility":87,"ID":7},{"utility":0,"ID":16}],[{"utility":68,"ID":17},{"utility":92,"ID":2}],[{"utility":77,"ID":8},{"utility":34,"ID":9}],[],[{"utility":0,"ID":10}],[{"utility":0,"ID":4}],[{"utility":0,"ID":13}],[{"utility":47,"ID":18},{"utility":87,"ID":5}],[],[{"utility":72,"ID":1},{"utility":91,"ID":12}],[{"utility":94,"ID":3},{"utility":60,"ID":15}],[{"utility":99,"ID":6},{"utility":27,"ID":11}],[],[],[],[],[],[]],"STARTING COALITION: ":[[null],[{"utility":30,"ID":5},{"utility":70.5,"ID":14},{"utility":55,"ID":20}],[{"utility":33,"ID":2},{"utility":62,"ID":19}],[{"utility":18.5,"ID":1},{"utility":71,"ID":7},{"utility":36.5,"ID":16}],[{"utility":0,"ID":4}],[],[{"utility":0,"ID":6}],[{"utility":0,"ID":12}],[{"utility":0,"ID":3},{"utility":0,"ID":17}],[{"utility":57.75,"ID":8},{"utility":30,"ID":9},{"utility":58.25,"ID":10},{"utility":36.25,"ID":13},{"utility":68.25,"ID":15}],[{"utility":0,"ID":11}],[{"utility":0,"ID":18}],[],[],[],[],[],[],[],[],[]],"CORE :":false,"Relazioni :":280,"Time : ":0.1,"LAST PARTITION":{"11":14,"12":12,"13":9,"14":1,"15":13,"16":3,"17":4,"18":10,"19":2,"1":12,"2":4,"3":13,"4":8,"5":10,"6":14,"7":3,"8":5,"9":5,"20":1,"10":7}},{"Modalità dinamica :":false,"Q : ":10,"STARTING PARTITION: ":{"11":10,"12":7,"13":9,"14":1,"15":9,"16":3,"17":8,"18":11,"19":2,"1":3,"2":2,"3":8,"4":4,"5":1,"6":6,"7":3,"8":9,"9":9,"20":1,"10":9},"LAST COALITION":[[],[{"utility":85,"ID":14},{"utility":33,"ID":20}],[{"utility":0,"ID":19}],[{"utility":87,"ID":7},{"utility":0,"ID":16}],[{"utility":68,"ID":17},{"utility":92,"ID":2}],[],[{"utility":0,"ID":9}],[{"utility":0,"ID":10}],[{"utility":93,"ID":4},{"utility":27,"ID":8}],[{"utility":0,"ID":13}],[{"utility":47,"ID":18},{"utility":87,"ID":5}],[],[{"utility":72,"ID":1},{"utility":91,"ID":12}],[{"utility":94,"ID":3},{"utility":60,"ID":15}],[{"utility":99,"ID":6},{"utility":27,"ID":11}],[],[],[],[],[],[]],"STARTING COALITION: ":[[null],[{"utility":30,"ID":5},{"utility":70.5,"ID":14},{"utility":55,"ID":20}],[{"utility":33,"ID":2},{"utility":62,"ID":19}],[{"utility":18.5,"ID":1},{"utility":71,"ID":7},{"utility":36.5,"ID":16}],[{"utility":0,"ID":4}],[],[{"utility":0,"ID":6}],[{"utility":0,"ID":12}],[{"utility":0,"ID":3},{"utility":0,"ID":17}],[{"utility":57.75,"ID":8},{"utility":30,"ID":9},{"utility":58.25,"ID":10},{"utility":36.25,"ID":13},{"utility":68.25,"ID":15}],[{"utility":0,"ID":11}],[{"utility":0,"ID":18}],[],[],[],[],[],[],[],[],[]],"CORE :":false,"Relazioni :":280,"Time : ":0.1,"LAST PARTITION":{"11":14,"12":12,"13":9,"14":1,"15":13,"16":3,"17":4,"18":10,"19":2,"1":12,"2":4,"3":13,"4":8,"5":10,"6":14,"7":3,"8":8,"9":6,"20":1,"10":7}},{"Modalità dinamica :":true,"Q : ":2,"STARTING PARTITION: ":{"11":10,"12":7,"13":9,"14":1,"15":9,"16":3,"17":8,"18":11,"19":2,"1":3,"2":2,"3":8,"4":4,"5":1,"6":6,"7":3,"8":9,"9":9,"20":1,"10":9},"LAST COALITION":[[],[{"utility":0,"ID":15}],[{"utility":69,"ID":9},{"utility":96,"ID":12}],[{"utility":47,"ID":11},{"utility":45,"ID":18}],[{"utility":63,"ID":4},{"utility":60,"ID":20}],[{"utility":44,"ID":2},{"utility":97,"ID":10}],[{"utility":41,"ID":7},{"utility":16,"ID":13}],[{"utility":38,"ID":3},{"utility":100,"ID":8}],[{"utility":0,"ID":1}],[{"utility":0,"ID":5}],[{"utility":2,"ID":16},{"utility":91,"ID":17}],[{"utility":0,"ID":6}],[],[{"utility":32,"ID":14},{"utility":30,"ID":19}],[],[],[],[],[],[],[]],"STARTING COALITION: ":[[null],[{"utility":30,"ID":5},{"utility":70.5,"ID":14},{"utility":55,"ID":20}],[{"utility":33,"ID":2},{"utility":62,"ID":19}],[{"utility":18.5,"ID":1},{"utility":71,"ID":7},{"utility":36.5,"ID":16}],[{"utility":0,"ID":4}],[],[{"utility":0,"ID":6}],[{"utility":0,"ID":12}],[{"utility":0,"ID":3},{"utility":0,"ID":17}],[{"utility":57.75,"ID":8},{"utility":30,"ID":9},{"utility":58.25,"ID":10},{"utility":36.25,"ID":13},{"utility":68.25,"ID":15}],[{"utility":0,"ID":11}],[{"utility":0,"ID":18}],[],[],[],[],[],[],[],[],[]],"CORE :":false,"Relazioni :":280,"Time : ":0.1,"LAST PARTITION":{"11":3,"12":2,"13":6,"14":13,"15":1,"16":10,"17":10,"18":3,"19":13,"1":8,"2":5,"3":7,"4":4,"5":9,"6":11,"7":6,"8":7,"9":2,"20":4,"10":5}},{"Modalità dinamica :":true,"Q : ":3,"STARTING PARTITION: ":{"11":10,"12":7,"13":9,"14":1,"15":9,"16":3,"17":8,"18":11,"19":2,"1":3,"2":2,"3":8,"4":4,"5":1,"6":6,"7":3,"8":9,"9":9,"20":1,"10":9},"LAST COALITION":[[],[{"utility":91,"ID":14},{"utility":57,"ID":18}],[{"utility":93,"ID":3},{"utility":95,"ID":10}],[],[{"utility":49.5,"ID":6},{"utility":32.5,"ID":11},{"utility":78.5,"ID":19}],[{"utility":41,"ID":7},{"utility":16,"ID":13}],[],[{"utility":78,"ID":8},{"utility":87,"ID":15}],[{"utility":92,"ID":2},{"utility":68,"ID":17}],[],[{"utility":69,"ID":5},{"utility":80,"ID":16}],[{"utility":72,"ID":1},{"utility":91,"ID":12}],[{"utility":54.5,"ID":4},{"utility":79,"ID":9},{"utility":72.5,"ID":20}],[],[],[],[],[],[],[],[]],"STARTING COALITION: ":[[null],[{"utility":30,"ID":5},{"utility":70.5,"ID":14},{"utility":55,"ID":20}],[{"utility":33,"ID":2},{"utility":62,"ID":19}],[{"utility":18.5,"ID":1},{"utility":71,"ID":7},{"utility":36.5,"ID":16}],[{"utility":0,"ID":4}],[],[{"utility":0,"ID":6}],[{"utility":0,"ID":12}],[{"utility":0,"ID":3},{"utility":0,"ID":17}],[{"utility":57.75,"ID":8},{"utility":30,"ID":9},{"utility":58.25,"ID":10},{"utility":36.25,"ID":13},{"utility":68.25,"ID":15}],[{"utility":0,"ID":11}],[{"utility":0,"ID":18}],[],[],[],[],[],[],[],[],[]],"CORE :":true,"Relazioni :":280,"Time : ":0.1,"LAST PARTITION":{"11":4,"12":11,"13":5,"14":1,"15":7,"16":10,"17":8,"18":1,"19":4,"1":11,"2":8,"3":2,"4":12,"5":10,"6":4,"7":5,"8":7,"9":12,"20":12,"10":2}},{"Modalità dinamica :":true,"Q : ":4,"STARTING PARTITION: ":{"11":10,"12":7,"13":9,"14":1,"15":9,"16":3,"17":8,"18":11,"19":2,"1":3,"2":2,"3":8,"4":4,"5":1,"6":6,"7":3,"8":9,"9":9,"20":1,"10":9},"LAST COALITION":[[],[],[{"utility":93,"ID":3},{"utility":95,"ID":10}],[],[],[{"utility":92,"ID":2},{"utility":68,"ID":17}],[{"utility":72,"ID":1},{"utility":91,"ID":12}],[{"utility":69,"ID":5},{"utility":80,"ID":16}],[{"utility":91,"ID":14},{"utility":57,"ID":18}],[{"utility":78,"ID":8},{"utility":87,"ID":15}],[{"utility":41,"ID":7},{"utility":16,"ID":13}],[{"utility":49.5,"ID":6},{"utility":32.5,"ID":11},{"utility":78.5,"ID":19}],[{"utility":54.5,"ID":4},{"utility":79,"ID":9},{"utility":72.5,"ID":20}],[],[],[],[],[],[],[],[]],"STARTING COALITION: ":[[null],[{"utility":30,"ID":5},{"utility":70.5,"ID":14},{"utility":55,"ID":20}],[{"utility":33,"ID":2},{"utility":62,"ID":19}],[{"utility":18.5,"ID":1},{"utility":71,"ID":7},{"utility":36.5,"ID":16}],[{"utility":0,"ID":4}],[],[{"utility":0,"ID":6}],[{"utility":0,"ID":12}],[{"utility":0,"ID":3},{"utility":0,"ID":17}],[{"utility":57.75,"ID":8},{"utility":30,"ID":9},{"utility":58.25,"ID":10},{"utility":36.25,"ID":13},{"utility":68.25,"ID":15}],[{"utility":0,"ID":11}],[{"utility":0,"ID":18}],[],[],[],[],[],[],[],[],[]],"CORE :":true,"Relazioni :":280,"Time : ":0.1,"LAST PARTITION":{"11":11,"12":6,"13":10,"14":8,"15":9,"16":7,"17":5,"18":8,"19":11,"1":6,"2":5,"3":2,"4":12,"5":7,"6":11,"7":10,"8":9,"9":12,"20":12,"10":2}},{"Modalità dinamica :":true,"Q : ":5,"STARTING PARTITION: ":{"11":10,"12":7,"13":9,"14":1,"15":9,"16":3,"17":8,"18":11,"19":2,"1":3,"2":2,"3":8,"4":4,"5":1,"6":6,"7":3,"8":9,"9":9,"20":1,"10":9},"LAST COALITION":[[],[{"utility":72,"ID":6},{"utility":35,"ID":7}],[{"utility":93,"ID":3},{"utility":95,"ID":10}],[],[{"utility":69,"ID":5},{"utility":80,"ID":16}],[],[{"utility":91,"ID":14},{"utility":57,"ID":18}],[{"utility":72,"ID":1},{"utility":91,"ID":12}],[],[{"utility":60.5,"ID":11},{"utility":21.5,"ID":13},{"utility":38,"ID":19}],[],[{"utility":92,"ID":2},{"utility":68,"ID":17}],[{"utility":78,"ID":8},{"utility":87,"ID":15}],[{"utility":54.5,"ID":4},{"utility":79,"ID":9},{"utility":72.5,"ID":20}],[],[],[],[],[],[],[]],"STARTING COALITION: ":[[null],[{"utility":30,"ID":5},{"utility":70.5,"ID":14},{"utility":55,"ID":20}],[{"utility":33,"ID":2},{"utility":62,"ID":19}],[{"utility":18.5,"ID":1},{"utility":71,"ID":7},{"utility":36.5,"ID":16}],[{"utility":0,"ID":4}],[],[{"utility":0,"ID":6}],[{"utility":0,"ID":12}],[{"utility":0,"ID":3},{"utility":0,"ID":17}],[{"utility":57.75,"ID":8},{"utility":30,"ID":9},{"utility":58.25,"ID":10},{"utility":36.25,"ID":13},{"utility":68.25,"ID":15}],[{"utility":0,"ID":11}],[{"utility":0,"ID":18}],[],[],[],[],[],[],[],[],[]],"CORE :":true,"Relazioni :":280,"Time : ":0.1,"LAST PARTITION":{"11":9,"12":7,"13":9,"14":6,"15":12,"16":4,"17":11,"18":6,"19":9,"1":7,"2":11,"3":2,"4":13,"5":4,"6":1,"7":1,"8":12,"9":13,"20":13,"10":2}},{"Modalità dinamica :":true,"Q : ":6,"STARTING PARTITION: ":{"11":10,"12":7,"13":9,"14":1,"15":9,"16":3,"17":8,"18":11,"19":2,"1":3,"2":2,"3":8,"4":4,"5":1,"6":6,"7":3,"8":9,"9":9,"20":1,"10":9},"LAST COALITION":[[],[{"utility":78,"ID":8},{"utility":87,"ID":15}],[{"utility":69,"ID":5},{"utility":80,"ID":16}],[{"utility":91,"ID":14},{"utility":57,"ID":18}],[{"utility":92,"ID":2},{"utility":68,"ID":17}],[],[{"utility":72,"ID":1},{"utility":91,"ID":12}],[],[],[{"utility":54.5,"ID":4},{"utility":79,"ID":9},{"utility":72.5,"ID":20}],[{"utility":41,"ID":7},{"utility":16,"ID":13}],[{"utility":93,"ID":3},{"utility":95,"ID":10}],[{"utility":49.5,"ID":6},{"utility":32.5,"ID":11},{"utility":78.5,"ID":19}],[],[],[],[],[],[],[],[]],"STARTING COALITION: ":[[null],[{"utility":30,"ID":5},{"utility":70.5,"ID":14},{"utility":55,"ID":20}],[{"utility":33,"ID":2},{"utility":62,"ID":19}],[{"utility":18.5,"ID":1},{"utility":71,"ID":7},{"utility":36.5,"ID":16}],[{"utility":0,"ID":4}],[],[{"utility":0,"ID":6}],[{"utility":0,"ID":12}],[{"utility":0,"ID":3},{"utility":0,"ID":17}],[{"utility":57.75,"ID":8},{"utility":30,"ID":9},{"utility":58.25,"ID":10},{"utility":36.25,"ID":13},{"utility":68.25,"ID":15}],[{"utility":0,"ID":11}],[{"utility":0,"ID":18}],[],[],[],[],[],[],[],[],[]],"CORE :":true,"Relazioni :":280,"Time : ":0.1,"LAST PARTITION":{"11":12,"12":6,"13":10,"14":3,"15":1,"16":2,"17":4,"18":3,"19":12,"1":6,"2":4,"3":11,"4":9,"5":2,"6":12,"7":10,"8":1,"9":9,"20":9,"10":11}},{"Modalità dinamica :":true,"Q : ":7,"STARTING PARTITION: ":{"11":10,"12":7,"13":9,"14":1,"15":9,"16":3,"17":8,"18":11,"19":2,"1":3,"2":2,"3":8,"4":4,"5":1,"6":6,"7":3,"8":9,"9":9,"20":1,"10":9},"LAST COALITION":[[],[],[{"utility":78,"ID":8},{"utility":87,"ID":15}],[{"utility":54.5,"ID":4},{"utility":79,"ID":9},{"utility":72.5,"ID":20}],[{"utility":72,"ID":6},{"utility":35,"ID":7}],[],[{"utility":92,"ID":2},{"utility":68,"ID":17}],[{"utility":60.5,"ID":11},{"utility":21.5,"ID":13},{"utility":38,"ID":19}],[{"utility":72,"ID":1},{"utility":91,"ID":12}],[{"utility":91,"ID":14},{"utility":57,"ID":18}],[{"utility":69,"ID":5},{"utility":80,"ID":16}],[{"utility":93,"ID":3},{"utility":95,"ID":10}],[],[],[],[],[],[],[],[],[]],"STARTING COALITION: ":[[null],[{"utility":30,"ID":5},{"utility":70.5,"ID":14},{"utility":55,"ID":20}],[{"utility":33,"ID":2},{"utility":62,"ID":19}],[{"utility":18.5,"ID":1},{"utility":71,"ID":7},{"utility":36.5,"ID":16}],[{"utility":0,"ID":4}],[],[{"utility":0,"ID":6}],[{"utility":0,"ID":12}],[{"utility":0,"ID":3},{"utility":0,"ID":17}],[{"utility":57.75,"ID":8},{"utility":30,"ID":9},{"utility":58.25,"ID":10},{"utility":36.25,"ID":13},{"utility":68.25,"ID":15}],[{"utility":0,"ID":11}],[{"utility":0,"ID":18}],[],[],[],[],[],[],[],[],[]],"CORE :":true,"Relazioni :":280,"Time : ":0.1,"LAST PARTITION":{"11":7,"12":8,"13":7,"14":9,"15":2,"16":10,"17":6,"18":9,"19":7,"1":8,"2":6,"3":11,"4":3,"5":10,"6":4,"7":4,"8":2,"9":3,"20":3,"10":11}},{"Modalità dinamica :":true,"Q : ":8,"STARTING PARTITION: ":{"11":10,"12":7,"13":9,"14":1,"15":9,"16":3,"17":8,"18":11,"19":2,"1":3,"2":2,"3":8,"4":4,"5":1,"6":6,"7":3,"8":9,"9":9,"20":1,"10":9},"LAST COALITION":[[],[{"utility":92,"ID":2},{"utility":68,"ID":17}],[{"utility":54.5,"ID":4},{"utility":79,"ID":9},{"utility":72.5,"ID":20}],[{"utility":91,"ID":14},{"utility":57,"ID":18}],[],[{"utility":78,"ID":8},{"utility":87,"ID":15}],[],[{"utility":72,"ID":6},{"utility":35,"ID":7}],[{"utility":93,"ID":3},{"utility":95,"ID":10}],[],[{"utility":69,"ID":5},{"utility":80,"ID":16}],[],[{"utility":72,"ID":1},{"utility":91,"ID":12}],[{"utility":60.5,"ID":11},{"utility":21.5,"ID":13},{"utility":38,"ID":19}],[],[],[],[],[],[],[]],"STARTING COALITION: ":[[null],[{"utility":30,"ID":5},{"utility":70.5,"ID":14},{"utility":55,"ID":20}],[{"utility":33,"ID":2},{"utility":62,"ID":19}],[{"utility":18.5,"ID":1},{"utility":71,"ID":7},{"utility":36.5,"ID":16}],[{"utility":0,"ID":4}],[],[{"utility":0,"ID":6}],[{"utility":0,"ID":12}],[{"utility":0,"ID":3},{"utility":0,"ID":17}],[{"utility":57.75,"ID":8},{"utility":30,"ID":9},{"utility":58.25,"ID":10},{"utility":36.25,"ID":13},{"utility":68.25,"ID":15}],[{"utility":0,"ID":11}],[{"utility":0,"ID":18}],[],[],[],[],[],[],[],[],[]],"CORE :":true,"Relazioni :":280,"Time : ":0.1,"LAST PARTITION":{"11":13,"12":12,"13":13,"14":3,"15":5,"16":10,"17":1,"18":3,"19":13,"1":12,"2":1,"3":8,"4":2,"5":10,"6":7,"7":7,"8":5,"9":2,"20":2,"10":8}},{"Modalità dinamica :":true,"Q : ":9,"STARTING PARTITION: ":{"11":10,"12":7,"13":9,"14":1,"15":9,"16":3,"17":8,"18":11,"19":2,"1":3,"2":2,"3":8,"4":4,"5":1,"6":6,"7":3,"8":9,"9":9,"20":1,"10":9},"LAST COALITION":[[],[],[{"utility":91,"ID":14},{"utility":57,"ID":18}],[{"utility":78,"ID":8},{"utility":87,"ID":15}],[{"utility":92,"ID":2},{"utility":68,"ID":17}],[{"utility":54.5,"ID":4},{"utility":79,"ID":9},{"utility":72.5,"ID":20}],[{"utility":72,"ID":1},{"utility":91,"ID":12}],[{"utility":60.5,"ID":11},{"utility":21.5,"ID":13},{"utility":38,"ID":19}],[{"utility":69,"ID":5},{"utility":80,"ID":16}],[{"utility":93,"ID":3},{"utility":95,"ID":10}],[],[{"utility":72,"ID":6},{"utility":35,"ID":7}],[],[],[],[],[],[],[],[],[]],"STARTING COALITION: ":[[null],[{"utility":30,"ID":5},{"utility":70.5,"ID":14},{"utility":55,"ID":20}],[{"utility":33,"ID":2},{"utility":62,"ID":19}],[{"utility":18.5,"ID":1},{"utility":71,"ID":7},{"utility":36.5,"ID":16}],[{"utility":0,"ID":4}],[],[{"utility":0,"ID":6}],[{"utility":0,"ID":12}],[{"utility":0,"ID":3},{"utility":0,"ID":17}],[{"utility":57.75,"ID":8},{"utility":30,"ID":9},{"utility":58.25,"ID":10},{"utility":36.25,"ID":13},{"utility":68.25,"ID":15}],[{"utility":0,"ID":11}],[{"utility":0,"ID":18}],[],[],[],[],[],[],[],[],[]],"CORE :":true,"Relazioni :":280,"Time : ":0.1,"LAST PARTITION":{"11":7,"12":6,"13":7,"14":2,"15":3,"16":8,"17":4,"18":2,"19":7,"1":6,"2":4,"3":9,"4":5,"5":8,"6":11,"7":11,"8":3,"9":5,"20":5,"10":9}},{"Modalità dinamica :":true,"Q : ":10,"STARTING PARTITION: ":{"11":10,"12":7,"13":9,"14":1,"15":9,"16":3,"17":8,"18":11,"19":2,"1":3,"2":2,"3":8,"4":4,"5":1,"6":6,"7":3,"8":9,"9":9,"20":1,"10":9},"LAST COALITION":[[],[{"utility":92,"ID":2},{"utility":68,"ID":17}],[{"utility":93,"ID":3},{"utility":95,"ID":10}],[{"utility":72,"ID":6},{"utility":35,"ID":7}],[{"utility":57,"ID":1},{"utility":82,"ID":18}],[{"utility":78,"ID":8},{"utility":87,"ID":15}],[{"utility":63,"ID":4},{"utility":60,"ID":20}],[],[{"utility":69,"ID":5},{"utility":80,"ID":16}],[],[],[],[{"utility":44.333333333333336,"ID":11},{"utility":25.333333333333332,"ID":13},{"utility":19.666666666666668,"ID":14},{"utility":35.333333333333336,"ID":19}],[],[{"utility":69,"ID":9},{"utility":96,"ID":12}],[],[],[],[],[],[]],"STARTING COALITION: ":[[null],[{"utility":30,"ID":5},{"utility":70.5,"ID":14},{"utility":55,"ID":20}],[{"utility":33,"ID":2},{"utility":62,"ID":19}],[{"utility":18.5,"ID":1},{"utility":71,"ID":7},{"utility":36.5,"ID":16}],[{"utility":0,"ID":4}],[],[{"utility":0,"ID":6}],[{"utility":0,"ID":12}],[{"utility":0,"ID":3},{"utility":0,"ID":17}],[{"utility":57.75,"ID":8},{"utility":30,"ID":9},{"utility":58.25,"ID":10},{"utility":36.25,"ID":13},{"utility":68.25,"ID":15}],[{"utility":0,"ID":11}],[{"utility":0,"ID":18}],[],[],[],[],[],[],[],[],[]],"CORE :":true,"Relazioni :":280,"Time : ":0.1,"LAST PARTITION":{"11":12,"12":14,"13":12,"14":12,"15":5,"16":8,"17":1,"18":4,"19":12,"1":4,"2":1,"3":2,"4":6,"5":8,"6":3,"7":3,"8":5,"9":14,"20":6,"10":2}},{"END OF FILE:" : true}]