[{"Modalità dinamica :":false,"Q : ":2,"STARTING PARTITION: ":{"11":5,"12":11,"13":2,"14":8,"15":8,"16":7,"17":7,"18":6,"19":2,"1":6,"2":10,"3":9,"4":2,"5":9,"6":2,"7":7,"8":5,"9":7,"20":3,"10":4},"LAST COALITION":[[],[{"utility":0,"ID":14}],[{"utility":100,"ID":13},{"utility":92,"ID":19}],[{"utility":100,"ID":5},{"utility":30,"ID":11}],[{"utility":99,"ID":2},{"utility":8,"ID":16}],[{"utility":0,"ID":20}],[{"utility":0,"ID":18}],[{"utility":0,"ID":17}],[{"utility":0,"ID":15}],[],[{"utility":97,"ID":3},{"utility":89,"ID":4}],[{"utility":0,"ID":12}],[{"utility":97,"ID":1},{"utility":67,"ID":10}],[{"utility":0,"ID":9}],[{"utility":21,"ID":6},{"utility":100,"ID":7}],[{"utility":0,"ID":8}],[],[],[],[],[]],"STARTING COALITION: ":[[null],[],[{"utility":26.666666666666668,"ID":4},{"utility":25.666666666666668,"ID":6},{"utility":53,"ID":13},{"utility":74.66666666666667,"ID":19}],[{"utility":0,"ID":20}],[{"utility":0,"ID":10}],[{"utility":39,"ID":8},{"utility":87,"ID":11}],[{"utility":81,"ID":1},{"utility":66,"ID":18}],[{"utility":52.666666666666664,"ID":7},{"utility":61,"ID":9},{"utility":32,"ID":16},{"utility":31,"ID":17}],[{"utility":60,"ID":14},{"utility":36,"ID":15}],[{"utility":56,"ID":3},{"utility":81,"ID":5}],[{"utility":0,"ID":2}],[{"utility":0,"ID":12}],[],[],[],[],[],[],[],[],[]],"CORE :":false,"Relazioni :":380,"Time : ":0.1,"LAST PARTITION":{"11":3,"12":11,"13":2,"14":1,"15":8,"16":4,"17":7,"18":6,"19":2,"1":12,"2":4,"3":10,"4":10,"5":3,"6":14,"7":14,"8":15,"9":13,"20":5,"10":12}},{"Modalità dinamica :":false,"Q : ":3,"STARTING PARTITION: ":{"11":5,"12":11,"13":2,"14":8,"15":8,"16":7,"17":7,"18":6,"19":2,"1":6,"2":10,"3":9,"4":2,"5":9,"6":2,"7":7,"8":5,"9":7,"20":3,"10":4},"LAST COALITION":[[],[{"utility":0,"ID":14}],[{"utility":100,"ID":13},{"utility":92,"ID":19}],[{"utility":100,"ID":5},{"utility":30,"ID":11}],[{"utility":99,"ID":2},{"utility":8,"ID":16}],[{"utility":0,"ID":20}],[{"utility":0,"ID":18}],[{"utility":0,"ID":17}],[{"utility":0,"ID":15}],[{"utility":95,"ID":6},{"utility":22,"ID":8}],[{"utility":97,"ID":3},{"utility":89,"ID":4}],[{"utility":0,"ID":12}],[{"utility":97,"ID":1},{"utility":67,"ID":10}],[{"utility":0,"ID":9}],[{"utility":0,"ID":7}],[],[],[],[],[],[]],"STARTING COALITION: ":[[null],[],[{"utility":26.666666666666668,"ID":4},{"utility":25.666666666666668,"ID":6},{"utility":53,"ID":13},{"utility":74.66666666666667,"ID":19}],[{"utility":0,"ID":20}],[{"utility":0,"ID":10}],[{"utility":39,"ID":8},{"utility":87,"ID":11}],[{"utility":81,"ID":1},{"utility":66,"ID":18}],[{"utility":52.666666666666664,"ID":7},{"utility":61,"ID":9},{"utility":32,"ID":16},{"utility":31,"ID":17}],[{"utility":60,"ID":14},{"utility":36,"ID":15}],[{"utility":56,"ID":3},{"utility":81,"ID":5}],[{"utility":0,"ID":2}],[{"utility":0,"ID":12}],[],[],[],[],[],[],[],[],[]],"CORE :":false,"Relazioni :":380,"Time : ":0.1,"LAST PARTITION":{"11":3,"12":11,"13":2,"14":1,"15":8,"16":4,"17":7,"18":6,"19":2,"1":12,"2":4,"3":10,"4":10,"5":3,"6":9,"7":14,"8":9,"9":13,"20":5,"10":12}},{"Modalità dinamica :":false,"Q : ":4,"STARTING PARTITION: ":{"11":5,"12":11,"13":2,"14":8,"15":8,"16":7,"17":7,"18":6,"19":2,"1":6,"2":10,"3":9,"4":2,"5":9,"6":2,"7":7,"8":5,"9":7,"20":3,"10":4},"LAST COALITION":[[],[{"utility":0,"ID":14}],[{"utility":100,"ID":13},{"utility":92,"ID":19}],[{"utility":100,"ID":5},{"utility":30,"ID":11}],[{"utility":8,"ID":16},{"utility":99,"ID":2}],[{"utility":0,"ID":20}],[{"utility":0,"ID":18}],[{"utility":0,"ID":17}],[{"utility":0,"ID":15}],[{"utility":95,"ID":6},{"utility":22,"ID":8}],[{"utility":97,"ID":3},{"utility":89,"ID":4}],[{"utility":0,"ID":12}],[{"utility":97,"ID":1},{"utility":67,"ID":10}],[{"utility":0,"ID":9}],[{"utility":0,"ID":7}],[],[],[],[],[],[]],"STARTING COALITION: ":[[null],[],[{"utility":26.666666666666668,"ID":4},{"utility":25.666666666666668,"ID":6},{"utility":53,"ID":13},{"utility":74.66666666666667,"ID":19}],[{"utility":0,"ID":20}],[{"utility":0,"ID":10}],[{"utility":39,"ID":8},{"utility":87,"ID":11}],[{"utility":81,"ID":1},{"utility":66,"ID":18}],[{"utility":52.666666666666664,"ID":7},{"utility":61,"ID":9},{"utility":32,"ID":16},{"utility":31,"ID":17}],[{"utility":60,"ID":14},{"utility":36,"ID":15}],[{"utility":56,"ID":3},{"utility":81,"ID":5}],[{"utility":0,"ID":2}],[{"utility":0,"ID":12}],[],[],[],[],[],[],[],[],[]],"CORE :":false,"Relazioni :":380,"Time : ":0.1,"LAST PARTITION":{"11":3,"12":11,"13":2,"14":1,"15":8,"16":4,"17":7,"18":6,"19":2,"1":12,"2":4,"3":10,"4":10,"5":3,"6":9,"7":14,"8":9,"9":13,"20":5,"10":12}},{"Modalità dinamica :":false,"Q : ":5,"STARTING PARTITION: ":{"11":5,"12":11,"13":2,"14":8,"15":8,"16":7,"17":7,"18":6,"19":2,"1":6,"2":10,"3":9,"4":2,"5":9,"6":2,"7":7,"8":5,"9":7,"20":3,"10":4},"LAST COALITION":[[],[{"utility":0,"ID":14}],[{"utility":100,"ID":13},{"utility":92,"ID":19}],[{"utility":100,"ID":5},{"utility":30,"ID":11}],[{"utility":8,"ID":16},{"utility":99,"ID":2}],[{"utility":0,"ID":20}],[{"utility":0,"ID":18}],[{"utility":0,"ID":17}],[{"utility":0,"ID":15}],[{"utility":0,"ID":6}],[{"utility":97,"ID":3},{"utility":89,"ID":4}],[{"utility":0,"ID":12}],[{"utility":97,"ID":1},{"utility":67,"ID":10}],[{"utility":0,"ID":9}],[],[{"utility":23,"ID":7},{"utility":26,"ID":8}],[],[],[],[],[]],"STARTING COALITION: ":[[null],[],[{"utility":26.666666666666668,"ID":4},{"utility":25.666666666666668,"ID":6},{"utility":53,"ID":13},{"utility":74.66666666666667,"ID":19}],[{"utility":0,"ID":20}],[{"utility":0,"ID":10}],[{"utility":39,"ID":8},{"utility":87,"ID":11}],[{"utility":81,"ID":1},{"utility":66,"ID":18}],[{"utility":52.666666666666664,"ID":7},{"utility":61,"ID":9},{"utility":32,"ID":16},{"utility":31,"ID":17}],[{"utility":60,"ID":14},{"utility":36,"ID":15}],[{"utility":56,"ID":3},{"utility":81,"ID":5}],[{"utility":0,"ID":2}],[{"utility":0,"ID":12}],[],[],[],[],[],[],[],[],[]],"CORE :":false,"Relazioni :":380,"Time : ":0.1,"LAST PARTITION":{"11":3,"12":11,"13":2,"14":1,"15":8,"16":4,"17":7,"18":6,"19":2,"1":12,"2":4,"3":10,"4":10,"5":3,"6":9,"7":15,"8":15,"9":13,"20":5,"10":12}},{"Modalità dinamica :":false,"Q : ":6,"STARTING PARTITION: ":{"11":5,"12":11,"13":2,"14":8,"15":8,"16":7,"17":7,"18":6,"19":2,"1":6,"2":10,"3":9,"4":2,"5":9,"6":2,"7":7,"8":5,"9":7,"20":3,"10":4},"LAST COALITION":[[],[{"utility":0,"ID":14}],[{"utility":100,"ID":13},{"utility":92,"ID":19}],[{"utility":100,"ID":5},{"utility":30,"ID":11}],[{"utility":8,"ID":16},{"utility":99,"ID":2}],[{"utility":0,"ID":20}],[{"utility":0,"ID":18}],[{"utility":0,"ID":17}],[{"utility":0,"ID":15}],[{"utility":0,"ID":6}],[{"utility":97,"ID":3},{"utility":89,"ID":4}],[{"utility":0,"ID":12}],[{"utility":97,"ID":1},{"utility":67,"ID":10}],[{"utility":0,"ID":9}],[],[{"utility":23,"ID":7},{"utility":26,"ID":8}],[],[],[],[],[]],"STARTING COALITION: ":[[null],[],[{"utility":26.666666666666668,"ID":4},{"utility":25.666666666666668,"ID":6},{"utility":53,"ID":13},{"utility":74.66666666666667,"ID":19}],[{"utility":0,"ID":20}],[{"utility":0,"ID":10}],[{"utility":39,"ID":8},{"utility":87,"ID":11}],[{"utility":81,"ID":1},{"utility":66,"ID":18}],[{"utility":52.666666666666664,"ID":7},{"utility":61,"ID":9},{"utility":32,"ID":16},{"utility":31,"ID":17}],[{"utility":60,"ID":14},{"utility":36,"ID":15}],[{"utility":56,"ID":3},{"utility":81,"ID":5}],[{"utility":0,"ID":2}],[{"utility":0,"ID":12}],[],[],[],[],[],[],[],[],[]],"CORE :":false,"Relazioni :":380,"Time : ":0.1,"LAST PARTITION":{"11":3,"12":11,"13":2,"14":1,"15":8,"16":4,"17":7,"18":6,"19":2,"1":12,"2":4,"3":10,"4":10,"5":3,"6":9,"7":15,"8":15,"9":13,"20":5,"10":12}},{"Modalità dinamica :":false,"Q : ":7,"STARTING PARTITION: ":{"11":5,"12":11,"13":2,"14":8,"15":8,"16":7,"17":7,"18":6,"19":2,"1":6,"2":10,"3":9,"4":2,"5":9,"6":2,"7":7,"8":5,"9":7,"20":3,"10":4},"LAST COALITION":[[],[{"utility":0,"ID":14}],[{"utility":100,"ID":13},{"utility":92,"ID":19}],[{"utility":100,"ID":5},{"utility":30,"ID":11}],[{"utility":8,"ID":16},{"utility":99,"ID":2}],[{"utility":0,"ID":20}],[{"utility":0,"ID":18}],[{"utility":0,"ID":17}],[{"utility":0,"ID":15}],[{"utility":95,"ID":6},{"utility":22,"ID":8}],[{"utility":97,"ID":3},{"utility":89,"ID":4}],[{"utility":0,"ID":12}],[{"utility":97,"ID":1},{"utility":67,"ID":10}],[{"utility":0,"ID":9}],[{"utility":0,"ID":7}],[],[],[],[],[],[]],"STARTING COALITION: ":[[null],[],[{"utility":26.666666666666668,"ID":4},{"utility":25.666666666666668,"ID":6},{"utility":53,"ID":13},{"utility":74.66666666666667,"ID":19}],[{"utility":0,"ID":20}],[{"utility":0,"ID":10}],[{"utility":39,"ID":8},{"utility":87,"ID":11}],[{"utility":81,"ID":1},{"utility":66,"ID":18}],[{"utility":52.666666666666664,"ID":7},{"utility":61,"ID":9},{"utility":32,"ID":16},{"utility":31,"ID":17}],[{"utility":60,"ID":14},{"utility":36,"ID":15}],[{"utility":56,"ID":3},{"utility":81,"ID":5}],[{"utility":0,"ID":2}],[{"utility":0,"ID":12}],[],[],[],[],[],[],[],[],[]],"CORE :":false,"Relazioni :":380,"Time : ":0.1,"LAST PARTITION":{"11":3,"12":11,"13":2,"14":1,"15":8,"16":4,"17":7,"18":6,"19":2,"1":12,"2":4,"3":10,"4":10,"5":3,"6":9,"7":14,"8":9,"9":13,"20":5,"10":12}},{"Modalità dinamica :":false,"Q : ":8,"STARTING PARTITION: ":{"11":5,"12":11,"13":2,"14":8,"15":8,"16":7,"17":7,"18":6,"19":2,"1":6,"2":10,"3":9,"4":2,"5":9,"6":2,"7":7,"8":5,"9":7,"20":3,"10":4},"LAST COALITION":[[],[{"utility":0,"ID":14}],[{"utility":100,"ID":13},{"utility":92,"ID":19}],[{"utility":100,"ID":5},{"utility":30,"ID":11}],[{"utility":8,"ID":16},{"utility":99,"ID":2}],[{"utility":0,"ID":20}],[{"utility":0,"ID":18}],[{"utility":0,"ID":17}],[{"utility":0,"ID":15}],[{"utility":95,"ID":6},{"utility":22,"ID":8}],[{"utility":97,"ID":3},{"utility":89,"ID":4}],[{"utility":0,"ID":12}],[{"utility":97,"ID":1},{"utility":67,"ID":10}],[{"utility":0,"ID":9}],[{"utility":0,"ID":7}],[],[],[],[],[],[]],"STARTING COALITION: ":[[null],[],[{"utility":26.666666666666668,"ID":4},{"utility":25.666666666666668,"ID":6},{"utility":53,"ID":13},{"utility":74.66666666666667,"ID":19}],[{"utility":0,"ID":20}],[{"utility":0,"ID":10}],[{"utility":39,"ID":8},{"utility":87,"ID":11}],[{"utility":81,"ID":1},{"utility":66,"ID":18}],[{"utility":52.666666666666664,"ID":7},{"utility":61,"ID":9},{"utility":32,"ID":16},{"utility":31,"ID":17}],[{"utility":60,"ID":14},{"utility":36,"ID":15}],[{"utility":56,"ID":3},{"utility":81,"ID":5}],[{"utility":0,"ID":2}],[{"utility":0,"ID":12}],[],[],[],[],[],[],[],[],[]],"CORE :":false,"Relazioni :":380,"Time : ":0.1,"LAST PARTITION":{"11":3,"12":11,"13":2,"14":1,"15":8,"16":4,"17":7,"18":6,"19":2,"1":12,"2":4,"3":10,"4":10,"5":3,"6":9,"7":14,"8":9,"9":13,"20":5,"10":12}},{"Modalità dinamica :":false,"Q : ":9,"STARTING PARTITION: ":{"11":5,"12":11,"13":2,"14":8,"15":8,"16":7,"17":7,"18":6,"19":2,"1":6,"2":10,"3":9,"4":2,"5":9,"6":2,"7":7,"8":5,"9":7,"20":3,"10":4},"LAST COALITION":[[],[{"utility":0,"ID":14}],[{"utility":100,"ID":13},{"utility":92,"ID":19}],[{"utility":100,"ID":5},{"utility":30,"ID":11}],[{"utility":8,"ID":16},{"utility":99,"ID":2}],[{"utility":0,"ID":20}],[{"utility":0,"ID":18}],[{"utility":0,"ID":17}],[{"utility":0,"ID":15}],[{"utility":0,"ID":6}],[{"utility":97,"ID":3},{"utility":89,"ID":4}],[{"utility":0,"ID":12}],[{"utility":97,"ID":1},{"utility":67,"ID":10}],[{"utility":0,"ID":9}],[],[{"utility":23,"ID":7},{"utility":26,"ID":8}],[],[],[],[],[]],"STARTING COALITION: ":[[null],[],[{"utility":26.666666666666668,"ID":4},{"utility":25.666666666666668,"ID":6},{"utility":53,"ID":13},{"utility":74.66666666666667,"ID":19}],[{"utility":0,"ID":20}],[{"utility":0,"ID":10}],[{"utility":39,"ID":8},{"utility":87,"ID":11}],[{"utility":81,"ID":1},{"utility":66,"ID":18}],[{"utility":52.666666666666664,"ID":7},{"utility":61,"ID":9},{"utility":32,"ID":16},{"utility":31,"ID":17}],[{"utility":60,"ID":14},{"utility":36,"ID":15}],[{"utility":56,"ID":3},{"utility":81,"ID":5}],[{"utility":0,"ID":2}],[{"utility":0,"ID":12}],[],[],[],[],[],[],[],[],[]],"CORE :":false,"Relazioni :":380,"Time : ":0.1,"LAST PARTITION":{"11":3,"12":11,"13":2,"14":1,"15":8,"16":4,"17":7,"18":6,"19":2,"1":12,"2":4,"3":10,"4":10,"5":3,"6":9,"7":15,"8":15,"9":13,"20":5,"10":12}},{"Modalità dinamica :":false,"Q : ":10,"STARTING PARTITION: ":{"11":5,"12":11,"13":2,"14":8,"15":8,"16":7,"17":7,"18":6,"19":2,"1":6,"2":10,"3":9,"4":2,"5":9,"6":2,"7":7,"8":5,"9":7,"20":3,"10":4},"LAST COALITION":[[],[{"utility":0,"ID":14}],[{"utility":100,"ID":13},{"utility":92,"ID":19}],[{"utility":100,"ID":5},{"utility":30,"ID":11}],[{"utility":8,"ID":16},{"utility":99,"ID":2}],[{"utility":0,"ID":20}],[{"utility":0,"ID":18}],[{"utility":0,"ID":17}],[{"utility":0,"ID":15}],[{"utility":0,"ID":6}],[{"utility":97,"ID":3},{"utility":89,"ID":4}],[{"utility":0,"ID":12}],[{"utility":97,"ID":1},{"utility":67,"ID":10}],[{"utility":0,"ID":9}],[],[{"utility":23,"ID":7},{"utility":26,"ID":8}],[],[],[],[],[]],"STARTING COALITION: ":[[null],[],[{"utility":26.666666666666668,"ID":4},{"utility":25.666666666666668,"ID":6},{"utility":53,"ID":13},{"utility":74.66666666666667,"ID":19}],[{"utility":0,"ID":20}],[{"utility":0,"ID":10}],[{"utility":39,"ID":8},{"utility":87,"ID":11}],[{"utility":81,"ID":1},{"utility":66,"ID":18}],[{"utility":52.666666666666664,"ID":7},{"utility":61,"ID":9},{"utility":32,"ID":16},{"utility":31,"ID":17}],[{"utility":60,"ID":14},{"utility":36,"ID":15}],[{"utility":56,"ID":3},{"utility":81,"ID":5}],[{"utility":0,"ID":2}],[{"utility":0,"ID":12}],[],[],[],[],[],[],[],[],[]],"CORE :":false,"Relazioni :":380,"Time : ":0.1,"LAST PARTITION":{"11":3,"12":11,"13":2,"14":1,"15":8,"16":4,"17":7,"18":6,"19":2,"1":12,"2":4,"3":10,"4":10,"5":3,"6":9,"7":15,"8":15,"9":13,"20":5,"10":12}},{"Modalità dinamica :":true,"Q : ":2,"STARTING PARTITION: ":{"11":5,"12":11,"13":2,"14":8,"15":8,"16":7,"17":7,"18":6,"19":2,"1":6,"2":10,"3":9,"4":2,"5":9,"6":2,"7":7,"8":5,"9":7,"20":3,"10":4},"LAST COALITION":[[],[],[],[{"utility":94,"ID":1},{"utility":90,"ID":5}],[{"utility":97,"ID":3},{"utility":89,"ID":4}],[{"utility":60,"ID":7},{"utility":72,"ID":18}],[{"utility":77,"ID":10},{"utility":95,"ID":11}],[{"utility":66,"ID":8},{"utility":89,"ID":12}],[{"utility":100,"ID":13},{"utility":92,"ID":19}],[{"utility":79,"ID":14},{"utility":89,"ID":17}],[{"utility":99,"ID":2},{"utility":8,"ID":16}],[{"utility":87,"ID":6},{"utility":46,"ID":15}],[{"utility":92,"ID":9},{"utility":34,"ID":20}],[],[],[],[],[],[],[],[]],"STARTING COALITION: ":[[null],[],[{"utility":26.666666666666668,"ID":4},{"utility":25.666666666666668,"ID":6},{"utility":53,"ID":13},{"utility":74.66666666666667,"ID":19}],[{"utility":0,"ID":20}],[{"utility":0,"ID":10}],[{"utility":39,"ID":8},{"utility":87,"ID":11}],[{"utility":81,"ID":1},{"utility":66,"ID":18}],[{"utility":52.666666666666664,"ID":7},{"utility":61,"ID":9},{"utility":32,"ID":16},{"utility":31,"ID":17}],[{"utility":60,"ID":14},{"utility":36,"ID":15}],[{"utility":56,"ID":3},{"utility":81,"ID":5}],[{"utility":0,"ID":2}],[{"utility":0,"ID":12}],[],[],[],[],[],[],[],[],[]],"CORE :":true,"Relazioni :":380,"Time : ":0.1,"LAST PARTITION":{"11":6,"12":7,"13":8,"14":9,"15":11,"16":10,"17":9,"18":5,"19":8,"1":3,"2":10,"3":4,"4":4,"5":3,"6":11,"7":5,"8":7,"9":12,"20":12,"10":6}},{"Modalità dinamica :":true,"Q : ":3,"STARTING PARTITION: ":{"11":5,"12":11,"13":2,"14":8,"15":8,"16":7,"17":7,"18":6,"19":2,"1":6,"2":10,"3":9,"4":2,"5":9,"6":2,"7":7,"8":5,"9":7,"20":3,"10":4},"LAST COALITION":[[],[{"utility":94,"ID":1},{"utility":90,"ID":5}],[{"utility":92,"ID":9},{"utility":34,"ID":20}],[{"utility":79,"ID":14},{"utility":89,"ID":17}],[{"utility":97,"ID":3},{"utility":89,"ID":4}],[],[{"utility":77,"ID":10},{"utility":95,"ID":11}],[{"utility":100,"ID":13},{"utility":92,"ID":19}],[{"utility":87,"ID":6},{"utility":46,"ID":15}],[],[{"utility":57,"ID":12},{"utility":32,"ID":16}],[],[],[{"utility":75,"ID":2},{"utility":91,"ID":8}],[{"utility":60,"ID":7},{"utility":72,"ID":18}],[],[],[],[],[],[]],"STARTING COALITION: ":[[null],[],[{"utility":26.666666666666668,"ID":4},{"utility":25.666666666666668,"ID":6},{"utility":53,"ID":13},{"utility":74.66666666666667,"ID":19}],[{"utility":0,"ID":20}],[{"utility":0,"ID":10}],[{"utility":39,"ID":8},{"utility":87,"ID":11}],[{"utility":81,"ID":1},{"utility":66,"ID":18}],[{"utility":52.666666666666664,"ID":7},{"utility":61,"ID":9},{"utility":32,"ID":16},{"utility":31,"ID":17}],[{"utility":60,"ID":14},{"utility":36,"ID":15}],[{"utility":56,"ID":3},{"utility":81,"ID":5}],[{"utility":0,"ID":2}],[{"utility":0,"ID":12}],[],[],[],[],[],[],[],[],[]],"CORE :":true,"Relazioni :":380,"Time : ":0.1,"LAST PARTITION":{"11":6,"12":10,"13":7,"14":3,"15":8,"16":10,"17":3,"18":14,"19":7,"1":1,"2":13,"3":4,"4":4,"5":1,"6":8,"7":14,"8":13,"9":2,"20":2,"10":6}},{"Modalità dinamica :":true,"Q : ":4,"STARTING PARTITION: ":{"11":5,"12":11,"13":2,"14":8,"15":8,"16":7,"17":7,"18":6,"19":2,"1":6,"2":10,"3":9,"4":2,"5":9,"6":2,"7":7,"8":5,"9":7,"20":3,"10":4},"LAST COALITION":[[],[{"utility":87,"ID":6},{"utility":46,"ID":15}],[{"utility":75,"ID":2},{"utility":91,"ID":8}],[],[{"utility":82,"ID":9},{"utility":96,"ID":10}],[{"utility":94,"ID":1},{"utility":90,"ID":5}],[{"utility":57,"ID":12},{"utility":32,"ID":16}],[{"utility":89,"ID":14},{"utility":50,"ID":18}],[{"utility":97,"ID":3},{"utility":89,"ID":4}],[{"utility":92,"ID":7},{"utility":52,"ID":17}],[],[],[{"utility":60,"ID":11},{"utility":79,"ID":20}],[{"utility":100,"ID":13},{"utility":92,"ID":19}],[],[],[],[],[],[],[]],"STARTING COALITION: ":[[null],[],[{"utility":26.666666666666668,"ID":4},{"utility":25.666666666666668,"ID":6},{"utility":53,"ID":13},{"utility":74.66666666666667,"ID":19}],[{"utility":0,"ID":20}],[{"utility":0,"ID":10}],[{"utility":39,"ID":8},{"utility":87,"ID":11}],[{"utility":81,"ID":1},{"utility":66,"ID":18}],[{"utility":52.666666666666664,"ID":7},{"utility":61,"ID":9},{"utility":32,"ID":16},{"utility":31,"ID":17}],[{"utility":60,"ID":14},{"utility":36,"ID":15}],[{"utility":56,"ID":3},{"utility":81,"ID":5}],[{"utility":0,"ID":2}],[{"utility":0,"ID":12}],[],[],[],[],[],[],[],[],[]],"CORE :":true,"Relazioni :":380,"Time : ":0.1,"LAST PARTITION":{"11":12,"12":6,"13":13,"14":7,"15":1,"16":6,"17":9,"18":7,"19":13,"1":5,"2":2,"3":8,"4":8,"5":5,"6":1,"7":9,"8":2,"9":4,"20":12,"10":4}},{"Modalità dinamica :":true,"Q : ":5,"STARTING PARTITION: ":{"11":5,"12":11,"13":2,"14":8,"15":8,"16":7,"17":7,"18":6,"19":2,"1":6,"2":10,"3":9,"4":2,"5":9,"6":2,"7":7,"8":5,"9":7,"20":3,"10":4},"LAST COALITION":[[],[{"utility":79,"ID":14},{"utility":89,"ID":17}],[{"utility":94,"ID":1},{"utility":90,"ID":5}],[{"utility":60,"ID":7},{"utility":72,"ID":18}],[{"utility":97,"ID":3},{"utility":89,"ID":4}],[],[{"utility":100,"ID":13},{"utility":92,"ID":19}],[{"utility":87,"ID":6},{"utility":46,"ID":15}],[{"utility":75,"ID":2},{"utility":91,"ID":8}],[{"utility":77,"ID":10},{"utility":95,"ID":11}],[{"utility":57,"ID":12},{"utility":32,"ID":16}],[{"utility":92,"ID":9},{"utility":34,"ID":20}],[],[],[],[],[],[],[],[],[]],"STARTING COALITION: ":[[null],[],[{"utility":26.666666666666668,"ID":4},{"utility":25.666666666666668,"ID":6},{"utility":53,"ID":13},{"utility":74.66666666666667,"ID":19}],[{"utility":0,"ID":20}],[{"utility":0,"ID":10}],[{"utility":39,"ID":8},{"utility":87,"ID":11}],[{"utility":81,"ID":1},{"utility":66,"ID":18}],[{"utility":52.666666666666664,"ID":7},{"utility":61,"ID":9},{"utility":32,"ID":16},{"utility":31,"ID":17}],[{"utility":60,"ID":14},{"utility":36,"ID":15}],[{"utility":56,"ID":3},{"utility":81,"ID":5}],[{"utility":0,"ID":2}],[{"utility":0,"ID":12}],[],[],[],[],[],[],[],[],[]],"CORE :":true,"Relazioni :":380,"Time : ":0.1,"LAST PARTITION":{"11":9,"12":10,"13":6,"14":1,"15":7,"16":10,"17":1,"18":3,"19":6,"1":2,"2":8,"3":4,"4":4,"5":2,"6":7,"7":3,"8":8,"9":11,"20":11,"10":9}},{"Modalità dinamica :":true,"Q : ":6,"STARTING PARTITION: ":{"11":5,"12":11,"13":2,"14":8,"15":8,"16":7,"17":7,"18":6,"19":2,"1":6,"2":10,"3":9,"4":2,"5":9,"6":2,"7":7,"8":5,"9":7,"20":3,"10":4},"LAST COALITION":[[],[{"utility":77,"ID":10},{"utility":95,"ID":11}],[{"utility":100,"ID":13},{"utility":92,"ID":19}],[{"utility":94,"ID":1},{"utility":90,"ID":5}],[{"utility":92,"ID":9},{"utility":34,"ID":20}],[{"utility":75,"ID":2},{"utility":91,"ID":8}],[{"utility":60,"ID":7},{"utility":72,"ID":18}],[{"utility":87,"ID":6},{"utility":46,"ID":15}],[],[{"utility":79,"ID":14},{"utility":89,"ID":17}],[],[{"utility":57,"ID":12},{"utility":32,"ID":16}],[{"utility":97,"ID":3},{"utility":89,"ID":4}],[],[],[],[],[],[],[],[]],"STARTING COALITION: ":[[null],[],[{"utility":26.666666666666668,"ID":4},{"utility":25.666666666666668,"ID":6},{"utility":53,"ID":13},{"utility":74.66666666666667,"ID":19}],[{"utility":0,"ID":20}],[{"utility":0,"ID":10}],[{"utility":39,"ID":8},{"utility":87,"ID":11}],[{"utility":81,"ID":1},{"utility":66,"ID":18}],[{"utility":52.666666666666664,"ID":7},{"utility":61,"ID":9},{"utility":32,"ID":16},{"utility":31,"ID":17}],[{"utility":60,"ID":14},{"utility":36,"ID":15}],[{"utility":56,"ID":3},{"utility":81,"ID":5}],[{"utility":0,"ID":2}],[{"utility":0,"ID":12}],[],[],[],[],[],[],[],[],[]],"CORE :":true,"Relazioni :":380,"Time : ":0.1,"LAST PARTITION":{"11":1,"12":11,"13":2,"14":9,"15":7,"16":11,"17":9,"18":6,"19":2,"1":3,"2":5,"3":12,"4":12,"5":3,"6":7,"7":6,"8":5,"9":4,"20":4,"10":1}},{"Modalità dinamica :":true,"Q : ":7,"STARTING PARTITION: ":{"11":5,"12":11,"13":2,"14":8,"15":8,"16":7,"17":7,"18":6,"19":2,"1":6,"2":10,"3":9,"4":2,"5":9,"6":2,"7":7,"8":5,"9":7,"20":3,"10":4},"LAST COALITION":[[],[{"utility":94,"ID":1},{"utility":90,"ID":5}],[{"utility":100,"ID":13},{"utility":92,"ID":19}],[{"utility":75,"ID":2},{"utility":91,"ID":8}],[{"utility":79,"ID":14},{"utility":89,"ID":17}],[],[{"utility":77,"ID":10},{"utility":95,"ID":11}],[{"utility":92,"ID":9},{"utility":34,"ID":20}],[{"utility":60,"ID":7},{"utility":72,"ID":18}],[{"utility":97,"ID":3},{"utility":89,"ID":4}],[{"utility":57,"ID":12},{"utility":32,"ID":16}],[{"utility":87,"ID":6},{"utility":46,"ID":15}],[],[],[],[],[],[],[],[],[]],"STARTING COALITION: ":[[null],[],[{"utility":26.666666666666668,"ID":4},{"utility":25.666666666666668,"ID":6},{"utility":53,"ID":13},{"utility":74.66666666666667,"ID":19}],[{"utility":0,"ID":20}],[{"utility":0,"ID":10}],[{"utility":39,"ID":8},{"utility":87,"ID":11}],[{"utility":81,"ID":1},{"utility":66,"ID":18}],[{"utility":52.666666666666664,"ID":7},{"utility":61,"ID":9},{"utility":32,"ID":16},{"utility":31,"ID":17}],[{"utility":60,"ID":14},{"utility":36,"ID":15}],[{"utility":56,"ID":3},{"utility":81,"ID":5}],[{"utility":0,"ID":2}],[{"utility":0,"ID":12}],[],[],[],[],[],[],[],[],[]],"CORE :":true,"Relazioni :":380,"Time : ":0.1,"LAST PARTITION":{"11":6,"12":10,"13":2,"14":4,"15":11,"16":10,"17":4,"18":8,"19":2,"1":1,"2":3,"3":9,"4":9,"5":1,"6":11,"7":8,"8":3,"9":7,"20":7,"10":6}},{"Modalità dinamica :":true,"Q : ":8,"STARTING PARTITION: ":{"11":5,"12":11,"13":2,"14":8,"15":8,"16":7,"17":7,"18":6,"19":2,"1":6,"2":10,"3":9,"4":2,"5":9,"6":2,"7":7,"8":5,"9":7,"20":3,"10":4},"LAST COALITION":[[],[{"utility":100,"ID":13},{"utility":92,"ID":19}],[{"utility":87,"ID":6},{"utility":46,"ID":15}],[],[{"utility":82,"ID":9},{"utility":96,"ID":10}],[],[{"utility":94,"ID":1},{"utility":90,"ID":5}],[{"utility":57,"ID":12},{"utility":32,"ID":16}],[{"utility":75,"ID":2},{"utility":91,"ID":8}],[{"utility":50,"ID":17},{"utility":71,"ID":20}],[{"utility":97,"ID":3},{"utility":89,"ID":4}],[{"utility":89,"ID":14},{"utility":50,"ID":18}],[],[{"utility":92,"ID":7},{"utility":86,"ID":11}],[],[],[],[],[],[],[]],"STARTING COALITION: ":[[null],[],[{"utility":26.666666666666668,"ID":4},{"utility":25.666666666666668,"ID":6},{"utility":53,"ID":13},{"utility":74.66666666666667,"ID":19}],[{"utility":0,"ID":20}],[{"utility":0,"ID":10}],[{"utility":39,"ID":8},{"utility":87,"ID":11}],[{"utility":81,"ID":1},{"utility":66,"ID":18}],[{"utility":52.666666666666664,"ID":7},{"utility":61,"ID":9},{"utility":32,"ID":16},{"utility":31,"ID":17}],[{"utility":60,"ID":14},{"utility":36,"ID":15}],[{"utility":56,"ID":3},{"utility":81,"ID":5}],[{"utility":0,"ID":2}],[{"utility":0,"ID":12}],[],[],[],[],[],[],[],[],[]],"CORE :":true,"Relazioni :":380,"Time : ":0.1,"LAST PARTITION":{"11":13,"12":7,"13":1,"14":11,"15":2,"16":7,"17":9,"18":11,"19":1,"1":6,"2":8,"3":10,"4":10,"5":6,"6":2,"7":13,"8":8,"9":4,"20":9,"10":4}},{"Modalità dinamica :":true,"Q : ":9,"STARTING PARTITION: ":{"11":5,"12":11,"13":2,"14":8,"15":8,"16":7,"17":7,"18":6,"19":2,"1":6,"2":10,"3":9,"4":2,"5":9,"6":2,"7":7,"8":5,"9":7,"20":3,"10":4},"LAST COALITION":[[],[{"utility":97,"ID":3},{"utility":89,"ID":4}],[{"utility":92,"ID":7},{"utility":52,"ID":17}],[{"utility":82,"ID":9},{"utility":96,"ID":10}],[{"utility":100,"ID":13},{"utility":92,"ID":19}],[{"utility":57,"ID":12},{"utility":32,"ID":16}],[{"utility":60,"ID":11},{"utility":79,"ID":20}],[],[{"utility":87,"ID":6},{"utility":46,"ID":15}],[{"utility":94,"ID":1},{"utility":90,"ID":5}],[],[{"utility":89,"ID":14},{"utility":50,"ID":18}],[],[{"utility":75,"ID":2},{"utility":91,"ID":8}],[],[],[],[],[],[],[]],"STARTING COALITION: ":[[null],[],[{"utility":26.666666666666668,"ID":4},{"utility":25.666666666666668,"ID":6},{"utility":53,"ID":13},{"utility":74.66666666666667,"ID":19}],[{"utility":0,"ID":20}],[{"utility":0,"ID":10}],[{"utility":39,"ID":8},{"utility":87,"ID":11}],[{"utility":81,"ID":1},{"utility":66,"ID":18}],[{"utility":52.666666666666664,"ID":7},{"utility":61,"ID":9},{"utility":32,"ID":16},{"utility":31,"ID":17}],[{"utility":60,"ID":14},{"utility":36,"ID":15}],[{"utility":56,"ID":3},{"utility":81,"ID":5}],[{"utility":0,"ID":2}],[{"utility":0,"ID":12}],[],[],[],[],[],[],[],[],[]],"CORE :":true,"Relazioni :":380,"Time : ":0.1,"LAST PARTITION":{"11":6,"12":5,"13":4,"14":11,"15":8,"16":5,"17":2,"18":11,"19":4,"1":9,"2":13,"3":1,"4":1,"5":9,"6":8,"7":2,"8":13,"9":3,"20":6,"10":3}},{"Modalità dinamica :":true,"Q : ":10,"STARTING PARTITION: ":{"11":5,"12":11,"13":2,"14":8,"15":8,"16":7,"17":7,"18":6,"19":2,"1":6,"2":10,"3":9,"4":2,"5":9,"6":2,"7":7,"8":5,"9":7,"20":3,"10":4},"LAST COALITION":[[],[{"utility":77,"ID":10},{"utility":95,"ID":11}],[{"utility":94,"ID":1},{"utility":90,"ID":5}],[{"utility":66,"ID":8},{"utility":89,"ID":12}],[{"utility":99,"ID":2},{"utility":8,"ID":16}],[{"utility":60,"ID":7},{"utility":72,"ID":18}],[{"utility":79,"ID":14},{"utility":89,"ID":17}],[],[{"utility":92,"ID":9},{"utility":34,"ID":20}],[],[{"utility":100,"ID":13},{"utility":92,"ID":19}],[{"utility":97,"ID":3},{"utility":89,"ID":4}],[{"utility":87,"ID":6},{"utility":46,"ID":15}],[],[],[],[],[],[],[],[]],"STARTING COALITION: ":[[null],[],[{"utility":26.666666666666668,"ID":4},{"utility":25.666666666666668,"ID":6},{"utility":53,"ID":13},{"utility":74.66666666666667,"ID":19}],[{"utility":0,"ID":20}],[{"utility":0,"ID":10}],[{"utility":39,"ID":8},{"utility":87,"ID":11}],[{"utility":81,"ID":1},{"utility":66,"ID":18}],[{"utility":52.666666666666664,"ID":7},{"utility":61,"ID":9},{"utility":32,"ID":16},{"utility":31,"ID":17}],[{"utility":60,"ID":14},{"utility":36,"ID":15}],[{"utility":56,"ID":3},{"utility":81,"ID":5}],[{"utility":0,"ID":2}],[{"utility":0,"ID":12}],[],[],[],[],[],[],[],[],[]],"CORE :":true,"Relazioni :":380,"Time : ":0.1,"LAST PARTITION":{"11":1,"12":3,"13":10,"14":6,"15":12,"16":4,"17":6,"18":5,"19":10,"1":2,"2":4,"3":11,"4":11,"5":2,"6":12,"7":5,"8":3,"9":8,"20":8,"10":1}},{"END OF FILE:" : true}]