[{"Modalità dinamica :":false,"Q : ":2,"STARTING PARTITION: ":{"22":4,"23":4,"24":2,"25":12,"26":7,"27":14,"28":15,"29":7,"30":12,"10":9,"11":12,"12":10,"13":1,"14":12,"15":11,"16":16,"17":13,"18":1,"19":4,"1":13,"2":1,"3":11,"4":2,"5":4,"6":5,"7":3,"8":13,"9":10,"20":1,"21":16},"LAST COALITION":[[],[{"utility":0,"ID":20}],[{"utility":91,"ID":8},{"utility":82,"ID":18}],[{"utility":87,"ID":1},{"utility":7,"ID":17}],[{"utility":58.5,"ID":19},{"utility":50.5,"ID":22},{"utility":35.5,"ID":23}],[{"utility":0,"ID":14}],[{"utility":100,"ID":2},{"utility":80,"ID":21}],[{"utility":100,"ID":26},{"utility":24,"ID":29}],[{"utility":0,"ID":27}],[{"utility":0,"ID":24}],[{"utility":97,"ID":11},{"utility":96,"ID":12}],[{"utility":90,"ID":3},{"utility":79,"ID":16}],[],[{"utility":98,"ID":6},{"utility":54,"ID":25}],[{"utility":98,"ID":10},{"utility":73,"ID":15}],[{"utility":0,"ID":28}],[{"utility":38,"ID":4},{"utility":60,"ID":9}],[{"utility":73,"ID":7},{"utility":42,"ID":13}],[{"utility":95,"ID":5},{"utility":63,"ID":30}],[],[],[],[],[],[],[],[],[],[],[],[]],"STARTING COALITION: ":[[null],[{"utility":24.333333333333332,"ID":2},{"utility":30.666666666666668,"ID":13},{"utility":43,"ID":18},{"utility":58,"ID":20}],[{"utility":86,"ID":4},{"utility":43,"ID":24}],[{"utility":0,"ID":7}],[{"utility":76.33333333333333,"ID":5},{"utility":59.666666666666664,"ID":19},{"utility":40.333333333333336,"ID":22},{"utility":50.666666666666664,"ID":23}],[{"utility":0,"ID":6}],[],[{"utility":100,"ID":26},{"utility":24,"ID":29}],[],[{"utility":0,"ID":10}],[{"utility":22,"ID":9},{"utility":72,"ID":12}],[{"utility":80,"ID":3},{"utility":85,"ID":15}],[{"utility":81.66666666666667,"ID":11},{"utility":44,"ID":14},{"utility":60,"ID":25},{"utility":48.333333333333336,"ID":30}],[{"utility":44,"ID":1},{"utility":76.5,"ID":8},{"utility":44.5,"ID":17}],[{"utility":0,"ID":27}],[{"utility":0,"ID":28}],[{"utility":78,"ID":16},{"utility":38,"ID":21}],[],[],[],[],[],[],[],[],[],[],[],[],[],[]],"CORE :":false,"Relazioni :":870,"Time : ":0.2,"LAST PARTITION":{"22":4,"23":4,"24":9,"25":13,"26":7,"27":8,"28":15,"29":7,"30":18,"10":14,"11":10,"12":10,"13":17,"14":5,"15":14,"16":11,"17":3,"18":2,"19":4,"1":3,"2":6,"3":11,"4":16,"5":18,"6":13,"7":17,"8":2,"9":16,"20":1,"21":6}},{"Modalità dinamica :":false,"Q : ":2,"STARTING PARTITION: ":{"22":4,"23":4,"24":2,"25":12,"26":7,"27":14,"28":15,"29":7,"30":12,"10":9,"11":12,"12":10,"13":1,"14":12,"15":11,"16":16,"17":13,"18":1,"19":4,"1":13,"2":1,"3":11,"4":2,"5":4,"6":5,"7":3,"8":13,"9":10,"20":1,"21":16},"LAST COALITION":[[],[{"utility":0,"ID":20}],[{"utility":91,"ID":8},{"utility":82,"ID":18}],[{"utility":87,"ID":1},{"utility":7,"ID":17}],[{"utility":58.5,"ID":19},{"utility":50.5,"ID":22},{"utility":35.5,"ID":23}],[{"utility":0,"ID":14}],[{"utility":100,"ID":2},{"utility":80,"ID":21}],[{"utility":100,"ID":26},{"utility":24,"ID":29}],[{"utility":0,"ID":27}],[{"utility":0,"ID":24}],[{"utility":97,"ID":11},{"utility":96,"ID":12}],[{"utility":90,"ID":3},{"utility":79,"ID":16}],[],[{"utility":98,"ID":6},{"utility":54,"ID":25}],[{"utility":98,"ID":10},{"utility":73,"ID":15}],[{"utility":0,"ID":28}],[{"utility":38,"ID":4},{"utility":60,"ID":9}],[{"utility":73,"ID":7},{"utility":42,"ID":13}],[{"utility":95,"ID":5},{"utility":63,"ID":30}],[],[],[],[],[],[],[],[],[],[],[],[]],"STARTING COALITION: ":[[null],[{"utility":24.333333333333332,"ID":2},{"utility":30.666666666666668,"ID":13},{"utility":43,"ID":18},{"utility":58,"ID":20}],[{"utility":86,"ID":4},{"utility":43,"ID":24}],[{"utility":0,"ID":7}],[{"utility":76.33333333333333,"ID":5},{"utility":59.666666666666664,"ID":19},{"utility":40.333333333333336,"ID":22},{"utility":50.666666666666664,"ID":23}],[{"utility":0,"ID":6}],[],[{"utility":100,"ID":26},{"utility":24,"ID":29}],[],[{"utility":0,"ID":10}],[{"utility":22,"ID":9},{"utility":72,"ID":12}],[{"utility":80,"ID":3},{"utility":85,"ID":15}],[{"utility":81.66666666666667,"ID":11},{"utility":44,"ID":14},{"utility":60,"ID":25},{"utility":48.333333333333336,"ID":30}],[{"utility":44,"ID":1},{"utility":76.5,"ID":8},{"utility":44.5,"ID":17}],[{"utility":0,"ID":27}],[{"utility":0,"ID":28}],[{"utility":78,"ID":16},{"utility":38,"ID":21}],[],[],[],[],[],[],[],[],[],[],[],[],[],[]],"CORE :":false,"Relazioni :":870,"Time : ":0.30000000000000004,"LAST PARTITION":{"22":4,"23":4,"24":9,"25":13,"26":7,"27":8,"28":15,"29":7,"30":18,"10":14,"11":10,"12":10,"13":17,"14":5,"15":14,"16":11,"17":3,"18":2,"19":4,"1":3,"2":6,"3":11,"4":16,"5":18,"6":13,"7":17,"8":2,"9":16,"20":1,"21":6}},{"Modalità dinamica :":false,"Q : ":3,"STARTING PARTITION: ":{"22":4,"23":4,"24":2,"25":12,"26":7,"27":14,"28":15,"29":7,"30":12,"10":9,"11":12,"12":10,"13":1,"14":12,"15":11,"16":16,"17":13,"18":1,"19":4,"1":13,"2":1,"3":11,"4":2,"5":4,"6":5,"7":3,"8":13,"9":10,"20":1,"21":16},"LAST COALITION":[[],[{"utility":0,"ID":20}],[{"utility":91,"ID":8},{"utility":82,"ID":18}],[{"utility":87,"ID":1},{"utility":7,"ID":17}],[{"utility":58.5,"ID":19},{"utility":50.5,"ID":22},{"utility":35.5,"ID":23}],[{"utility":0,"ID":14}],[{"utility":100,"ID":2},{"utility":80,"ID":21}],[{"utility":100,"ID":26},{"utility":24,"ID":29}],[{"utility":0,"ID":27}],[{"utility":0,"ID":24}],[{"utility":97,"ID":11},{"utility":96,"ID":12}],[{"utility":90,"ID":3},{"utility":79,"ID":16}],[{"utility":38,"ID":4},{"utility":60,"ID":9}],[{"utility":98,"ID":6},{"utility":54,"ID":25}],[{"utility":98,"ID":10},{"utility":73,"ID":15}],[{"utility":0,"ID":28}],[],[{"utility":73,"ID":7},{"utility":42,"ID":13}],[{"utility":95,"ID":5},{"utility":63,"ID":30}],[],[],[],[],[],[],[],[],[],[],[],[]],"STARTING COALITION: ":[[null],[{"utility":24.333333333333332,"ID":2},{"utility":30.666666666666668,"ID":13},{"utility":43,"ID":18},{"utility":58,"ID":20}],[{"utility":86,"ID":4},{"utility":43,"ID":24}],[{"utility":0,"ID":7}],[{"utility":76.33333333333333,"ID":5},{"utility":59.666666666666664,"ID":19},{"utility":40.333333333333336,"ID":22},{"utility":50.666666666666664,"ID":23}],[{"utility":0,"ID":6}],[],[{"utility":100,"ID":26},{"utility":24,"ID":29}],[],[{"utility":0,"ID":10}],[{"utility":22,"ID":9},{"utility":72,"ID":12}],[{"utility":80,"ID":3},{"utility":85,"ID":15}],[{"utility":81.66666666666667,"ID":11},{"utility":44,"ID":14},{"utility":60,"ID":25},{"utility":48.333333333333336,"ID":30}],[{"utility":44,"ID":1},{"utility":76.5,"ID":8},{"utility":44.5,"ID":17}],[{"utility":0,"ID":27}],[{"utility":0,"ID":28}],[{"utility":78,"ID":16},{"utility":38,"ID":21}],[],[],[],[],[],[],[],[],[],[],[],[],[],[]],"CORE :":false,"Relazioni :":870,"Time : ":0.4,"LAST PARTITION":{"22":4,"23":4,"24":9,"25":13,"26":7,"27":8,"28":15,"29":7,"30":18,"10":14,"11":10,"12":10,"13":17,"14":5,"15":14,"16":11,"17":3,"18":2,"19":4,"1":3,"2":6,"3":11,"4":12,"5":18,"6":13,"7":17,"8":2,"9":12,"20":1,"21":6}},{"Modalità dinamica :":false,"Q : ":3,"STARTING PARTITION: ":{"22":4,"23":4,"24":2,"25":12,"26":7,"27":14,"28":15,"29":7,"30":12,"10":9,"11":12,"12":10,"13":1,"14":12,"15":11,"16":16,"17":13,"18":1,"19":4,"1":13,"2":1,"3":11,"4":2,"5":4,"6":5,"7":3,"8":13,"9":10,"20":1,"21":16},"LAST COALITION":[[],[{"utility":0,"ID":20}],[{"utility":91,"ID":8},{"utility":82,"ID":18}],[{"utility":0,"ID":1}],[{"utility":58.5,"ID":19},{"utility":50.5,"ID":22},{"utility":35.5,"ID":23}],[{"utility":0,"ID":14}],[{"utility":100,"ID":2},{"utility":80,"ID":21}],[{"utility":100,"ID":26},{"utility":24,"ID":29}],[{"utility":0,"ID":27}],[{"utility":0,"ID":24}],[{"utility":97,"ID":11},{"utility":96,"ID":12}],[{"utility":90,"ID":3},{"utility":79,"ID":16}],[{"utility":46,"ID":4},{"utility":58,"ID":17}],[{"utility":98,"ID":6},{"utility":54,"ID":25}],[{"utility":98,"ID":10},{"utility":73,"ID":15}],[{"utility":0,"ID":28}],[{"utility":0,"ID":9}],[{"utility":73,"ID":7},{"utility":42,"ID":13}],[{"utility":95,"ID":5},{"utility":63,"ID":30}],[],[],[],[],[],[],[],[],[],[],[],[]],"STARTING COALITION: ":[[null],[{"utility":24.333333333333332,"ID":2},{"utility":30.666666666666668,"ID":13},{"utility":43,"ID":18},{"utility":58,"ID":20}],[{"utility":86,"ID":4},{"utility":43,"ID":24}],[{"utility":0,"ID":7}],[{"utility":76.33333333333333,"ID":5},{"utility":59.666666666666664,"ID":19},{"utility":40.333333333333336,"ID":22},{"utility":50.666666666666664,"ID":23}],[{"utility":0,"ID":6}],[],[{"utility":100,"ID":26},{"utility":24,"ID":29}],[],[{"utility":0,"ID":10}],[{"utility":22,"ID":9},{"utility":72,"ID":12}],[{"utility":80,"ID":3},{"utility":85,"ID":15}],[{"utility":81.66666666666667,"ID":11},{"utility":44,"ID":14},{"utility":60,"ID":25},{"utility":48.333333333333336,"ID":30}],[{"utility":44,"ID":1},{"utility":76.5,"ID":8},{"utility":44.5,"ID":17}],[{"utility":0,"ID":27}],[{"utility":0,"ID":28}],[{"utility":78,"ID":16},{"utility":38,"ID":21}],[],[],[],[],[],[],[],[],[],[],[],[],[],[]],"CORE :":false,"Relazioni :":870,"Time : ":0.5,"LAST PARTITION":{"22":4,"23":4,"24":9,"25":13,"26":7,"27":8,"28":15,"29":7,"30":18,"10":14,"11":10,"12":10,"13":17,"14":5,"15":14,"16":11,"17":12,"18":2,"19":4,"1":3,"2":6,"3":11,"4":12,"5":18,"6":13,"7":17,"8":2,"9":16,"20":1,"21":6}},{"Modalità dinamica :":false,"Q : ":4,"STARTING PARTITION: ":{"22":4,"23":4,"24":2,"25":12,"26":7,"27":14,"28":15,"29":7,"30":12,"10":9,"11":12,"12":10,"13":1,"14":12,"15":11,"16":16,"17":13,"18":1,"19":4,"1":13,"2":1,"3":11,"4":2,"5":4,"6":5,"7":3,"8":13,"9":10,"20":1,"21":16},"LAST COALITION":[[],[{"utility":0,"ID":20}],[{"utility":82,"ID":18},{"utility":91,"ID":8}],[{"utility":0,"ID":1}],[{"utility":58.5,"ID":19},{"utility":50.5,"ID":22},{"utility":35.5,"ID":23}],[{"utility":0,"ID":14}],[{"utility":100,"ID":2},{"utility":80,"ID":21}],[{"utility":100,"ID":26},{"utility":24,"ID":29}],[{"utility":0,"ID":27}],[{"utility":0,"ID":24}],[{"utility":97,"ID":11},{"utility":96,"ID":12}],[{"utility":79,"ID":16},{"utility":90,"ID":3}],[{"utility":58,"ID":17},{"utility":46,"ID":4}],[{"utility":98,"ID":6},{"utility":54,"ID":25}],[{"utility":98,"ID":10},{"utility":73,"ID":15}],[{"utility":0,"ID":28}],[{"utility":0,"ID":9}],[{"utility":73,"ID":7},{"utility":42,"ID":13}],[{"utility":95,"ID":5},{"utility":63,"ID":30}],[],[],[],[],[],[],[],[],[],[],[],[]],"STARTING COALITION: ":[[null],[{"utility":24.333333333333332,"ID":2},{"utility":30.666666666666668,"ID":13},{"utility":43,"ID":18},{"utility":58,"ID":20}],[{"utility":86,"ID":4},{"utility":43,"ID":24}],[{"utility":0,"ID":7}],[{"utility":76.33333333333333,"ID":5},{"utility":59.666666666666664,"ID":19},{"utility":40.333333333333336,"ID":22},{"utility":50.666666666666664,"ID":23}],[{"utility":0,"ID":6}],[],[{"utility":100,"ID":26},{"utility":24,"ID":29}],[],[{"utility":0,"ID":10}],[{"utility":22,"ID":9},{"utility":72,"ID":12}],[{"utility":80,"ID":3},{"utility":85,"ID":15}],[{"utility":81.66666666666667,"ID":11},{"utility":44,"ID":14},{"utility":60,"ID":25},{"utility":48.333333333333336,"ID":30}],[{"utility":44,"ID":1},{"utility":76.5,"ID":8},{"utility":44.5,"ID":17}],[{"utility":0,"ID":27}],[{"utility":0,"ID":28}],[{"utility":78,"ID":16},{"utility":38,"ID":21}],[],[],[],[],[],[],[],[],[],[],[],[],[],[]],"CORE :":false,"Relazioni :":870,"Time : ":0.6,"LAST PARTITION":{"22":4,"23":4,"24":9,"25":13,"26":7,"27":8,"28":15,"29":7,"30":18,"10":14,"11":10,"12":10,"13":17,"14":5,"15":14,"16":11,"17":12,"18":2,"19":4,"1":3,"2":6,"3":11,"4":12,"5":18,"6":13,"7":17,"8":2,"9":16,"20":1,"21":6}},{"Modalità dinamica :":false,"Q : ":4,"STARTING PARTITION: ":{"22":4,"23":4,"24":2,"25":12,"26":7,"27":14,"28":15,"29":7,"30":12,"10":9,"11":12,"12":10,"13":1,"14":12,"15":11,"16":16,"17":13,"18":1,"19":4,"1":13,"2":1,"3":11,"4":2,"5":4,"6":5,"7":3,"8":13,"9":10,"20":1,"21":16},"LAST COALITION":[[],[{"utility":0,"ID":20}],[{"utility":82,"ID":18},{"utility":91,"ID":8}],[],[{"utility":58.5,"ID":19},{"utility":50.5,"ID":22},{"utility":35.5,"ID":23}],[{"utility":0,"ID":14}],[{"utility":100,"ID":2},{"utility":80,"ID":21}],[{"utility":100,"ID":26},{"utility":24,"ID":29}],[{"utility":0,"ID":27}],[{"utility":0,"ID":24}],[{"utility":97,"ID":11},{"utility":96,"ID":12}],[{"utility":79,"ID":16},{"utility":90,"ID":3}],[{"utility":0,"ID":9}],[{"utility":98,"ID":6},{"utility":54,"ID":25}],[{"utility":98,"ID":10},{"utility":73,"ID":15}],[{"utility":0,"ID":28}],[{"utility":0,"ID":17}],[{"utility":73,"ID":7},{"utility":42,"ID":13}],[{"utility":95,"ID":5},{"utility":63,"ID":30}],[{"utility":75,"ID":1},{"utility":82,"ID":4}],[],[],[],[],[],[],[],[],[],[],[]],"STARTING COALITION: ":[[null],[{"utility":24.333333333333332,"ID":2},{"utility":30.666666666666668,"ID":13},{"utility":43,"ID":18},{"utility":58,"ID":20}],[{"utility":86,"ID":4},{"utility":43,"ID":24}],[{"utility":0,"ID":7}],[{"utility":76.33333333333333,"ID":5},{"utility":59.666666666666664,"ID":19},{"utility":40.333333333333336,"ID":22},{"utility":50.666666666666664,"ID":23}],[{"utility":0,"ID":6}],[],[{"utility":100,"ID":26},{"utility":24,"ID":29}],[],[{"utility":0,"ID":10}],[{"utility":22,"ID":9},{"utility":72,"ID":12}],[{"utility":80,"ID":3},{"utility":85,"ID":15}],[{"utility":81.66666666666667,"ID":11},{"utility":44,"ID":14},{"utility":60,"ID":25},{"utility":48.333333333333336,"ID":30}],[{"utility":44,"ID":1},{"utility":76.5,"ID":8},{"utility":44.5,"ID":17}],[{"utility":0,"ID":27}],[{"utility":0,"ID":28}],[{"utility":78,"ID":16},{"utility":38,"ID":21}],[],[],[],[],[],[],[],[],[],[],[],[],[],[]],"CORE :":false,"Relazioni :":870,"Time : ":0.7,"LAST PARTITION":{"22":4,"23":4,"24":9,"25":13,"26":7,"27":8,"28":15,"29":7,"30":18,"10":14,"11":10,"12":10,"13":17,"14":5,"15":14,"16":11,"17":16,"18":2,"19":4,"1":19,"2":6,"3":11,"4":19,"5":18,"6":13,"7":17,"8":2,"9":12,"20":1,"21":6}},{"Modalità dinamica :":false,"Q : ":5,"STARTING PARTITION: ":{"22":4,"23":4,"24":2,"25":12,"26":7,"27":14,"28":15,"29":7,"30":12,"10":9,"11":12,"12":10,"13":1,"14":12,"15":11,"16":16,"17":13,"18":1,"19":4,"1":13,"2":1,"3":11,"4":2,"5":4,"6":5,"7":3,"8":13,"9":10,"20":1,"21":16},"LAST COALITION":[[],[{"utility":0,"ID":20}],[{"utility":82,"ID":18},{"utility":91,"ID":8}],[{"utility":0,"ID":1}],[{"utility":58.5,"ID":19},{"utility":50.5,"ID":22},{"utility":35.5,"ID":23}],[{"utility":0,"ID":14}],[{"utility":100,"ID":2},{"utility":80,"ID":21}],[{"utility":100,"ID":26},{"utility":24,"ID":29}],[{"utility":0,"ID":27}],[{"utility":0,"ID":24}],[{"utility":97,"ID":11},{"utility":96,"ID":12}],[{"utility":79,"ID":16},{"utility":90,"ID":3}],[{"utility":0,"ID":9}],[{"utility":98,"ID":6},{"utility":54,"ID":25}],[{"utility":98,"ID":10},{"utility":73,"ID":15}],[{"utility":0,"ID":28}],[{"utility":58,"ID":17},{"utility":46,"ID":4}],[{"utility":73,"ID":7},{"utility":42,"ID":13}],[{"utility":95,"ID":5},{"utility":63,"ID":30}],[],[],[],[],[],[],[],[],[],[],[],[]],"STARTING COALITION: ":[[null],[{"utility":24.333333333333332,"ID":2},{"utility":30.666666666666668,"ID":13},{"utility":43,"ID":18},{"utility":58,"ID":20}],[{"utility":86,"ID":4},{"utility":43,"ID":24}],[{"utility":0,"ID":7}],[{"utility":76.33333333333333,"ID":5},{"utility":59.666666666666664,"ID":19},{"utility":40.333333333333336,"ID":22},{"utility":50.666666666666664,"ID":23}],[{"utility":0,"ID":6}],[],[{"utility":100,"ID":26},{"utility":24,"ID":29}],[],[{"utility":0,"ID":10}],[{"utility":22,"ID":9},{"utility":72,"ID":12}],[{"utility":80,"ID":3},{"utility":85,"ID":15}],[{"utility":81.66666666666667,"ID":11},{"utility":44,"ID":14},{"utility":60,"ID":25},{"utility":48.333333333333336,"ID":30}],[{"utility":44,"ID":1},{"utility":76.5,"ID":8},{"utility":44.5,"ID":17}],[{"utility":0,"ID":27}],[{"utility":0,"ID":28}],[{"utility":78,"ID":16},{"utility":38,"ID":21}],[],[],[],[],[],[],[],[],[],[],[],[],[],[]],"CORE :":false,"Relazioni :":870,"Time : ":0.7999999999999999,"LAST PARTITION":{"22":4,"23":4,"24":9,"25":13,"26":7,"27":8,"28":15,"29":7,"30":18,"10":14,"11":10,"12":10,"13":17,"14":5,"15":14,"16":11,"17":16,"18":2,"19":4,"1":3,"2":6,"3":11,"4":16,"5":18,"6":13,"7":17,"8":2,"9":12,"20":1,"21":6}},{"Modalità dinamica :":false,"Q : ":5,"STARTING PARTITION: ":{"22":4,"23":4,"24":2,"25":12,"26":7,"27":14,"28":15,"29":7,"30":12,"10":9,"11":12,"12":10,"13":1,"14":12,"15":11,"16":16,"17":13,"18":1,"19":4,"1":13,"2":1,"3":11,"4":2,"5":4,"6":5,"7":3,"8":13,"9":10,"20":1,"21":16},"LAST COALITION":[[],[{"utility":0,"ID":20}],[{"utility":82,"ID":18},{"utility":91,"ID":8}],[{"utility":0,"ID":1}],[{"utility":58.5,"ID":19},{"utility":50.5,"ID":22},{"utility":35.5,"ID":23}],[{"utility":0,"ID":14}],[{"utility":100,"ID":2},{"utility":80,"ID":21}],[{"utility":100,"ID":26},{"utility":24,"ID":29}],[{"utility":0,"ID":27}],[{"utility":0,"ID":24}],[{"utility":97,"ID":11},{"utility":96,"ID":12}],[{"utility":79,"ID":16},{"utility":90,"ID":3}],[{"utility":0,"ID":9}],[{"utility":98,"ID":6},{"utility":54,"ID":25}],[{"utility":98,"ID":10},{"utility":73,"ID":15}],[{"utility":0,"ID":28}],[{"utility":58,"ID":17},{"utility":46,"ID":4}],[{"utility":73,"ID":7},{"utility":42,"ID":13}],[{"utility":95,"ID":5},{"utility":63,"ID":30}],[],[],[],[],[],[],[],[],[],[],[],[]],"STARTING COALITION: ":[[null],[{"utility":24.333333333333332,"ID":2},{"utility":30.666666666666668,"ID":13},{"utility":43,"ID":18},{"utility":58,"ID":20}],[{"utility":86,"ID":4},{"utility":43,"ID":24}],[{"utility":0,"ID":7}],[{"utility":76.33333333333333,"ID":5},{"utility":59.666666666666664,"ID":19},{"utility":40.333333333333336,"ID":22},{"utility":50.666666666666664,"ID":23}],[{"utility":0,"ID":6}],[],[{"utility":100,"ID":26},{"utility":24,"ID":29}],[],[{"utility":0,"ID":10}],[{"utility":22,"ID":9},{"utility":72,"ID":12}],[{"utility":80,"ID":3},{"utility":85,"ID":15}],[{"utility":81.66666666666667,"ID":11},{"utility":44,"ID":14},{"utility":60,"ID":25},{"utility":48.333333333333336,"ID":30}],[{"utility":44,"ID":1},{"utility":76.5,"ID":8},{"utility":44.5,"ID":17}],[{"utility":0,"ID":27}],[{"utility":0,"ID":28}],[{"utility":78,"ID":16},{"utility":38,"ID":21}],[],[],[],[],[],[],[],[],[],[],[],[],[],[]],"CORE :":false,"Relazioni :":870,"Time : ":0.8999999999999999,"LAST PARTITION":{"22":4,"23":4,"24":9,"25":13,"26":7,"27":8,"28":15,"29":7,"30":18,"10":14,"11":10,"12":10,"13":17,"14":5,"15":14,"16":11,"17":16,"18":2,"19":4,"1":3,"2":6,"3":11,"4":16,"5":18,"6":13,"7":17,"8":2,"9":12,"20":1,"21":6}},{"Modalità dinamica :":false,"Q : ":6,"STARTING PARTITION: ":{"22":4,"23":4,"24":2,"25":12,"26":7,"27":14,"28":15,"29":7,"30":12,"10":9,"11":12,"12":10,"13":1,"14":12,"15":11,"16":16,"17":13,"18":1,"19":4,"1":13,"2":1,"3":11,"4":2,"5":4,"6":5,"7":3,"8":13,"9":10,"20":1,"21":16},"LAST COALITION":[[],[{"utility":0,"ID":20}],[{"utility":82,"ID":18},{"utility":91,"ID":8}],[{"utility":87,"ID":1},{"utility":7,"ID":17}],[{"utility":58.5,"ID":19},{"utility":50.5,"ID":22},{"utility":35.5,"ID":23}],[{"utility":0,"ID":14}],[{"utility":100,"ID":2},{"utility":80,"ID":21}],[{"utility":100,"ID":26},{"utility":24,"ID":29}],[{"utility":0,"ID":27}],[{"utility":0,"ID":24}],[{"utility":97,"ID":11},{"utility":96,"ID":12}],[{"utility":79,"ID":16},{"utility":90,"ID":3}],[{"utility":38,"ID":4},{"utility":60,"ID":9}],[{"utility":98,"ID":6},{"utility":54,"ID":25}],[{"utility":98,"ID":10},{"utility":73,"ID":15}],[{"utility":0,"ID":28}],[],[{"utility":73,"ID":7},{"utility":42,"ID":13}],[{"utility":95,"ID":5},{"utility":63,"ID":30}],[],[],[],[],[],[],[],[],[],[],[],[]],"STARTING COALITION: ":[[null],[{"utility":24.333333333333332,"ID":2},{"utility":30.666666666666668,"ID":13},{"utility":43,"ID":18},{"utility":58,"ID":20}],[{"utility":86,"ID":4},{"utility":43,"ID":24}],[{"utility":0,"ID":7}],[{"utility":76.33333333333333,"ID":5},{"utility":59.666666666666664,"ID":19},{"utility":40.333333333333336,"ID":22},{"utility":50.666666666666664,"ID":23}],[{"utility":0,"ID":6}],[],[{"utility":100,"ID":26},{"utility":24,"ID":29}],[],[{"utility":0,"ID":10}],[{"utility":22,"ID":9},{"utility":72,"ID":12}],[{"utility":80,"ID":3},{"utility":85,"ID":15}],[{"utility":81.66666666666667,"ID":11},{"utility":44,"ID":14},{"utility":60,"ID":25},{"utility":48.333333333333336,"ID":30}],[{"utility":44,"ID":1},{"utility":76.5,"ID":8},{"utility":44.5,"ID":17}],[{"utility":0,"ID":27}],[{"utility":0,"ID":28}],[{"utility":78,"ID":16},{"utility":38,"ID":21}],[],[],[],[],[],[],[],[],[],[],[],[],[],[]],"CORE :":false,"Relazioni :":870,"Time : ":0.9999999999999999,"LAST PARTITION":{"22":4,"23":4,"24":9,"25":13,"26":7,"27":8,"28":15,"29":7,"30":18,"10":14,"11":10,"12":10,"13":17,"14":5,"15":14,"16":11,"17":3,"18":2,"19":4,"1":3,"2":6,"3":11,"4":12,"5":18,"6":13,"7":17,"8":2,"9":12,"20":1,"21":6}},{"Modalità dinamica :":false,"Q : ":6,"STARTING PARTITION: ":{"22":4,"23":4,"24":2,"25":12,"26":7,"27":14,"28":15,"29":7,"30":12,"10":9,"11":12,"12":10,"13":1,"14":12,"15":11,"16":16,"17":13,"18":1,"19":4,"1":13,"2":1,"3":11,"4":2,"5":4,"6":5,"7":3,"8":13,"9":10,"20":1,"21":16},"LAST COALITION":[[],[{"utility":0,"ID":20}],[{"utility":82,"ID":18},{"utility":91,"ID":8}],[{"utility":0,"ID":1}],[{"utility":58.5,"ID":19},{"utility":50.5,"ID":22},{"utility":35.5,"ID":23}],[{"utility":0,"ID":14}],[{"utility":100,"ID":2},{"utility":80,"ID":21}],[{"utility":100,"ID":26},{"utility":24,"ID":29}],[{"utility":0,"ID":27}],[{"utility":0,"ID":24}],[{"utility":97,"ID":11},{"utility":96,"ID":12}],[{"utility":79,"ID":16},{"utility":90,"ID":3}],[{"utility":58,"ID":17},{"utility":46,"ID":4}],[{"utility":98,"ID":6},{"utility":54,"ID":25}],[{"utility":98,"ID":10},{"utility":73,"ID":15}],[{"utility":0,"ID":28}],[{"utility":0,"ID":9}],[{"utility":73,"ID":7},{"utility":42,"ID":13}],[{"utility":95,"ID":5},{"utility":63,"ID":30}],[],[],[],[],[],[],[],[],[],[],[],[]],"STARTING COALITION: ":[[null],[{"utility":24.333333333333332,"ID":2},{"utility":30.666666666666668,"ID":13},{"utility":43,"ID":18},{"utility":58,"ID":20}],[{"utility":86,"ID":4},{"utility":43,"ID":24}],[{"utility":0,"ID":7}],[{"utility":76.33333333333333,"ID":5},{"utility":59.666666666666664,"ID":19},{"utility":40.333333333333336,"ID":22},{"utility":50.666666666666664,"ID":23}],[{"utility":0,"ID":6}],[],[{"utility":100,"ID":26},{"utility":24,"ID":29}],[],[{"utility":0,"ID":10}],[{"utility":22,"ID":9},{"utility":72,"ID":12}],[{"utility":80,"ID":3},{"utility":85,"ID":15}],[{"utility":81.66666666666667,"ID":11},{"utility":44,"ID":14},{"utility":60,"ID":25},{"utility":48.333333333333336,"ID":30}],[{"utility":44,"ID":1},{"utility":76.5,"ID":8},{"utility":44.5,"ID":17}],[{"utility":0,"ID":27}],[{"utility":0,"ID":28}],[{"utility":78,"ID":16},{"utility":38,"ID":21}],[],[],[],[],[],[],[],[],[],[],[],[],[],[]],"CORE :":false,"Relazioni :":870,"Time : ":1.0999999999999999,"LAST PARTITION":{"22":4,"23":4,"24":9,"25":13,"26":7,"27":8,"28":15,"29":7,"30":18,"10":14,"11":10,"12":10,"13":17,"14":5,"15":14,"16":11,"17":12,"18":2,"19":4,"1":3,"2":6,"3":11,"4":12,"5":18,"6":13,"7":17,"8":2,"9":16,"20":1,"21":6}},{"Modalità dinamica :":false,"Q : ":7,"STARTING PARTITION: ":{"22":4,"23":4,"24":2,"25":12,"26":7,"27":14,"28":15,"29":7,"30":12,"10":9,"11":12,"12":10,"13":1,"14":12,"15":11,"16":16,"17":13,"18":1,"19":4,"1":13,"2":1,"3":11,"4":2,"5":4,"6":5,"7":3,"8":13,"9":10,"20":1,"21":16},"LAST COALITION":[[],[{"utility":0,"ID":20}],[{"utility":82,"ID":18},{"utility":91,"ID":8}],[{"utility":87,"ID":1},{"utility":7,"ID":17}],[{"utility":58.5,"ID":19},{"utility":50.5,"ID":22},{"utility":35.5,"ID":23}],[{"utility":0,"ID":14}],[{"utility":100,"ID":2},{"utility":80,"ID":21}],[{"utility":100,"ID":26},{"utility":24,"ID":29}],[{"utility":0,"ID":27}],[{"utility":0,"ID":24}],[{"utility":97,"ID":11},{"utility":96,"ID":12}],[{"utility":79,"ID":16},{"utility":90,"ID":3}],[{"utility":38,"ID":4},{"utility":60,"ID":9}],[{"utility":98,"ID":6},{"utility":54,"ID":25}],[{"utility":98,"ID":10},{"utility":73,"ID":15}],[{"utility":0,"ID":28}],[],[{"utility":73,"ID":7},{"utility":42,"ID":13}],[{"utility":95,"ID":5},{"utility":63,"ID":30}],[],[],[],[],[],[],[],[],[],[],[],[]],"STARTING COALITION: ":[[null],[{"utility":24.333333333333332,"ID":2},{"utility":30.666666666666668,"ID":13},{"utility":43,"ID":18},{"utility":58,"ID":20}],[{"utility":86,"ID":4},{"utility":43,"ID":24}],[{"utility":0,"ID":7}],[{"utility":76.33333333333333,"ID":5},{"utility":59.666666666666664,"ID":19},{"utility":40.333333333333336,"ID":22},{"utility":50.666666666666664,"ID":23}],[{"utility":0,"ID":6}],[],[{"utility":100,"ID":26},{"utility":24,"ID":29}],[],[{"utility":0,"ID":10}],[{"utility":22,"ID":9},{"utility":72,"ID":12}],[{"utility":80,"ID":3},{"utility":85,"ID":15}],[{"utility":81.66666666666667,"ID":11},{"utility":44,"ID":14},{"utility":60,"ID":25},{"utility":48.333333333333336,"ID":30}],[{"utility":44,"ID":1},{"utility":76.5,"ID":8},{"utility":44.5,"ID":17}],[{"utility":0,"ID":27}],[{"utility":0,"ID":28}],[{"utility":78,"ID":16},{"utility":38,"ID":21}],[],[],[],[],[],[],[],[],[],[],[],[],[],[]],"CORE :":false,"Relazioni :":870,"Time : ":1.2,"LAST PARTITION":{"22":4,"23":4,"24":9,"25":13,"26":7,"27":8,"28":15,"29":7,"30":18,"10":14,"11":10,"12":10,"13":17,"14":5,"15":14,"16":11,"17":3,"18":2,"19":4,"1":3,"2":6,"3":11,"4":12,"5":18,"6":13,"7":17,"8":2,"9":12,"20":1,"21":6}},