[{"Modalità dinamica :":false,"Q : ":2,"STARTING PARTITION: ":{"22":6,"23":14,"24":9,"25":9,"26":5,"27":8,"28":14,"29":8,"30":12,"10":9,"11":16,"12":2,"13":2,"14":2,"15":7,"16":13,"17":7,"18":2,"19":15,"1":6,"2":2,"3":10,"4":13,"5":9,"6":13,"7":13,"8":15,"9":16,"20":2,"21":1},"LAST COALITION":[[],[{"utility":0,"ID":16}],[{"utility":0,"ID":13},{"utility":37.5,"ID":14},{"utility":23,"ID":20}],[{"utility":0,"ID":11}],[{"utility":100,"ID":4},{"utility":74,"ID":22}],[{"utility":0,"ID":26}],[{"utility":12,"ID":1},{"utility":98,"ID":8}],[{"utility":0,"ID":15}],[{"utility":0,"ID":27},{"utility":8,"ID":29}],[{"utility":31.5,"ID":10},{"utility":16,"ID":24},{"utility":57,"ID":25}],[{"utility":0,"ID":17}],[{"utility":92,"ID":3},{"utility":42,"ID":21}],[],[{"utility":0,"ID":7}],[{"utility":72,"ID":23},{"utility":91,"ID":28}],[{"utility":0,"ID":19}],[{"utility":99,"ID":2},{"utility":39,"ID":30}],[{"utility":0,"ID":12}],[{"utility":94,"ID":5},{"utility":87,"ID":18}],[{"utility":96,"ID":6},{"utility":35,"ID":9}],[],[],[],[],[],[],[],[],[],[],[]],"STARTING COALITION: ":[[null],[{"utility":0,"ID":21}],[{"utility":10.4,"ID":2},{"utility":32.8,"ID":12},{"utility":5.4,"ID":13},{"utility":23.8,"ID":14},{"utility":33.6,"ID":18},{"utility":30.2,"ID":20}],[],[],[{"utility":0,"ID":26}],[{"utility":16,"ID":1},{"utility":0,"ID":22}],[{"utility":45,"ID":15},{"utility":17,"ID":17}],[{"utility":0,"ID":27},{"utility":8,"ID":29}],[{"utility":32,"ID":5},{"utility":21,"ID":10},{"utility":10.666666666666666,"ID":24},{"utility":38,"ID":25}],[{"utility":0,"ID":3}],[],[{"utility":0,"ID":30}],[{"utility":47.333333333333336,"ID":4},{"utility":36,"ID":6},{"utility":2,"ID":7},{"utility":13,"ID":16}],[{"utility":72,"ID":23},{"utility":91,"ID":28}],[{"utility":28,"ID":8},{"utility":38,"ID":19}],[{"utility":0,"ID":9},{"utility":48,"ID":11}],[],[],[],[],[],[],[],[],[],[],[],[],[],[]],"CORE :":false,"Relazioni :":470,"Time : ":0.1,"LAST PARTITION":{"22":4,"23":14,"24":9,"25":9,"26":5,"27":8,"28":14,"29":8,"30":16,"10":9,"11":3,"12":17,"13":2,"14":2,"15":7,"16":1,"17":10,"18":18,"19":15,"1":6,"2":16,"3":11,"4":4,"5":18,"6":19,"7":13,"8":6,"9":19,"20":2,"21":11}},{"Modalità dinamica :":false,"Q : ":2,"STARTING PARTITION: ":{"22":6,"23":14,"24":9,"25":9,"26":5,"27":8,"28":14,"29":8,"30":12,"10":9,"11":16,"12":2,"13":2,"14":2,"15":7,"16":13,"17":7,"18":2,"19":15,"1":6,"2":2,"3":10,"4":13,"5":9,"6":13,"7":13,"8":15,"9":16,"20":2,"21":1},"LAST COALITION":[[],[{"utility":0,"ID":16}],[{"utility":0,"ID":13},{"utility":37.5,"ID":14},{"utility":23,"ID":20}],[{"utility":0,"ID":11}],[{"utility":100,"ID":4},{"utility":74,"ID":22}],[{"utility":0,"ID":26}],[],[{"utility":0,"ID":15}],[{"utility":0,"ID":27},{"utility":8,"ID":29}],[{"utility":31.5,"ID":10},{"utility":16,"ID":24},{"utility":57,"ID":25}],[{"utility":0,"ID":17}],[{"utility":92,"ID":3},{"utility":42,"ID":21}],[{"utility":0,"ID":8}],[{"utility":0,"ID":7}],[{"utility":72,"ID":23},{"utility":91,"ID":28}],[{"utility":0,"ID":19}],[{"utility":99,"ID":2},{"utility":39,"ID":30}],[{"utility":0,"ID":12}],[{"utility":94,"ID":5},{"utility":87,"ID":18}],[{"utility":96,"ID":6},{"utility":35,"ID":9}],[{"utility":0,"ID":1}],[],[],[],[],[],[],[],[],[],[]],"STARTING COALITION: ":[[null],[{"utility":0,"ID":21}],[{"utility":10.4,"ID":2},{"utility":32.8,"ID":12},{"utility":5.4,"ID":13},{"utility":23.8,"ID":14},{"utility":33.6,"ID":18},{"utility":30.2,"ID":20}],[],[],[{"utility":0,"ID":26}],[{"utility":16,"ID":1},{"utility":0,"ID":22}],[{"utility":45,"ID":15},{"utility":17,"ID":17}],[{"utility":0,"ID":27},{"utility":8,"ID":29}],[{"utility":32,"ID":5},{"utility":21,"ID":10},{"utility":10.666666666666666,"ID":24},{"utility":38,"ID":25}],[{"utility":0,"ID":3}],[],[{"utility":0,"ID":30}],[{"utility":47.333333333333336,"ID":4},{"utility":36,"ID":6},{"utility":2,"ID":7},{"utility":13,"ID":16}],[{"utility":72,"ID":23},{"utility":91,"ID":28}],[{"utility":28,"ID":8},{"utility":38,"ID":19}],[{"utility":0,"ID":9},{"utility":48,"ID":11}],[],[],[],[],[],[],[],[],[],[],[],[],[],[]],"CORE :":false,"Relazioni :":470,"Time : ":0.2,"LAST PARTITION":{"22":4,"23":14,"24":9,"25":9,"26":5,"27":8,"28":14,"29":8,"30":16,"10":9,"11":3,"12":17,"13":2,"14":2,"15":7,"16":1,"17":10,"18":18,"19":15,"1":20,"2":16,"3":11,"4":4,"5":18,"6":19,"7":13,"8":12,"9":19,"20":2,"21":11}},{"Modalità dinamica :":false,"Q : ":3,"STARTING PARTITION: ":{"22":6,"23":14,"24":9,"25":9,"26":5,"27":8,"28":14,"29":8,"30":12,"10":9,"11":16,"12":2,"13":2,"14":2,"15":7,"16":13,"17":7,"18":2,"19":15,"1":6,"2":2,"3":10,"4":13,"5":9,"6":13,"7":13,"8":15,"9":16,"20":2,"21":1},"LAST COALITION":[[],[{"utility":0,"ID":16}],[{"utility":0,"ID":13},{"utility":37.5,"ID":14},{"utility":23,"ID":20}],[{"utility":0,"ID":11}],[{"utility":100,"ID":4},{"utility":74,"ID":22}],[{"utility":0,"ID":26}],[{"utility":12,"ID":1},{"utility":98,"ID":8}],[{"utility":0,"ID":15}],[{"utility":0,"ID":27},{"utility":8,"ID":29}],[{"utility":31.5,"ID":10},{"utility":16,"ID":24},{"utility":57,"ID":25}],[{"utility":0,"ID":17}],[{"utility":92,"ID":3},{"utility":42,"ID":21}],[],[{"utility":0,"ID":7}],[{"utility":72,"ID":23},{"utility":91,"ID":28}],[{"utility":0,"ID":19}],[{"utility":99,"ID":2},{"utility":39,"ID":30}],[{"utility":0,"ID":12}],[{"utility":94,"ID":5},{"utility":87,"ID":18}],[{"utility":96,"ID":6},{"utility":35,"ID":9}],[],[],[],[],[],[],[],[],[],[],[]],"STARTING COALITION: ":[[null],[{"utility":0,"ID":21}],[{"utility":10.4,"ID":2},{"utility":32.8,"ID":12},{"utility":5.4,"ID":13},{"utility":23.8,"ID":14},{"utility":33.6,"ID":18},{"utility":30.2,"ID":20}],[],[],[{"utility":0,"ID":26}],[{"utility":16,"ID":1},{"utility":0,"ID":22}],[{"utility":45,"ID":15},{"utility":17,"ID":17}],[{"utility":0,"ID":27},{"utility":8,"ID":29}],[{"utility":32,"ID":5},{"utility":21,"ID":10},{"utility":10.666666666666666,"ID":24},{"utility":38,"ID":25}],[{"utility":0,"ID":3}],[],[{"utility":0,"ID":30}],[{"utility":47.333333333333336,"ID":4},{"utility":36,"ID":6},{"utility":2,"ID":7},{"utility":13,"ID":16}],[{"utility":72,"ID":23},{"utility":91,"ID":28}],[{"utility":28,"ID":8},{"utility":38,"ID":19}],[{"utility":0,"ID":9},{"utility":48,"ID":11}],[],[],[],[],[],[],[],[],[],[],[],[],[],[]],"CORE :":false,"Relazioni :":470,"Time : ":0.1,"LAST PARTITION":{"22":4,"23":14,"24":9,"25":9,"26":5,"27":8,"28":14,"29":8,"30":16,"10":9,"11":3,"12":17,"13":2,"14":2,"15":7,"16":1,"17":10,"18":18,"19":15,"1":6,"2":16,"3":11,"4":4,"5":18,"6":19,"7":13,"8":6,"9":19,"20":2,"21":11}},{"Modalità dinamica :":false,"Q : ":3,"STARTING PARTITION: ":{"22":6,"23":14,"24":9,"25":9,"26":5,"27":8,"28":14,"29":8,"30":12,"10":9,"11":16,"12":2,"13":2,"14":2,"15":7,"16":13,"17":7,"18":2,"19":15,"1":6,"2":2,"3":10,"4":13,"5":9,"6":13,"7":13,"8":15,"9":16,"20":2,"21":1},"LAST COALITION":[[],[{"utility":0,"ID":16}],[{"utility":0,"ID":13},{"utility":37.5,"ID":14},{"utility":23,"ID":20}],[{"utility":0,"ID":11}],[{"utility":100,"ID":4},{"utility":74,"ID":22}],[{"utility":0,"ID":26}],[{"utility":87,"ID":1},{"utility":83,"ID":9}],[{"utility":0,"ID":15}],[{"utility":0,"ID":27},{"utility":8,"ID":29}],[{"utility":31.5,"ID":10},{"utility":16,"ID":24},{"utility":57,"ID":25}],[{"utility":0,"ID":17}],[{"utility":92,"ID":3},{"utility":42,"ID":21}],[{"utility":0,"ID":8}],[{"utility":0,"ID":7}],[{"utility":72,"ID":23},{"utility":91,"ID":28}],[{"utility":0,"ID":19}],[{"utility":99,"ID":2},{"utility":39,"ID":30}],[{"utility":0,"ID":12}],[{"utility":94,"ID":5},{"utility":87,"ID":18}],[{"utility":0,"ID":6}],[],[],[],[],[],[],[],[],[],[],[]],"STARTING COALITION: ":[[null],[{"utility":0,"ID":21}],[{"utility":10.4,"ID":2},{"utility":32.8,"ID":12},{"utility":5.4,"ID":13},{"utility":23.8,"ID":14},{"utility":33.6,"ID":18},{"utility":30.2,"ID":20}],[],[],[{"utility":0,"ID":26}],[{"utility":16,"ID":1},{"utility":0,"ID":22}],[{"utility":45,"ID":15},{"utility":17,"ID":17}],[{"utility":0,"ID":27},{"utility":8,"ID":29}],[{"utility":32,"ID":5},{"utility":21,"ID":10},{"utility":10.666666666666666,"ID":24},{"utility":38,"ID":25}],[{"utility":0,"ID":3}],[],[{"utility":0,"ID":30}],[{"utility":47.333333333333336,"ID":4},{"utility":36,"ID":6},{"utility":2,"ID":7},{"utility":13,"ID":16}],[{"utility":72,"ID":23},{"utility":91,"ID":28}],[{"utility":28,"ID":8},{"utility":38,"ID":19}],[{"utility":0,"ID":9},{"utility":48,"ID":11}],[],[],[],[],[],[],[],[],[],[],[],[],[],[]],"CORE :":false,"Relazioni :":470,"Time : ":0.2,"LAST PARTITION":{"22":4,"23":14,"24":9,"25":9,"26":5,"27":8,"28":14,"29":8,"30":16,"10":9,"11":3,"12":17,"13":2,"14":2,"15":7,"16":1,"17":10,"18":18,"19":15,"1":6,"2":16,"3":11,"4":4,"5":18,"6":19,"7":13,"8":12,"9":6,"20":2,"21":11}},{"Modalità dinamica :":false,"Q : ":4,"STARTING PARTITION: ":{"22":6,"23":14,"24":9,"25":9,"26":5,"27":8,"28":14,"29":8,"30":12,"10":9,"11":16,"12":2,"13":2,"14":2,"15":7,"16":13,"17":7,"18":2,"19":15,"1":6,"2":2,"3":10,"4":13,"5":9,"6":13,"7":13,"8":15,"9":16,"20":2,"21":1},"LAST COALITION":[[],[{"utility":0,"ID":16}],[{"utility":0,"ID":13},{"utility":37.5,"ID":14},{"utility":23,"ID":20}],[{"utility":0,"ID":11}],[{"utility":100,"ID":4},{"utility":74,"ID":22}],[{"utility":0,"ID":26}],[],[{"utility":0,"ID":15}],[{"utility":0,"ID":27},{"utility":8,"ID":29}],[{"utility":31.5,"ID":10},{"utility":16,"ID":24},{"utility":57,"ID":25}],[{"utility":0,"ID":17}],[{"utility":92,"ID":3},{"utility":42,"ID":21}],[{"utility":12,"ID":1},{"utility":98,"ID":8}],[{"utility":0,"ID":7}],[{"utility":72,"ID":23},{"utility":91,"ID":28}],[{"utility":0,"ID":19}],[{"utility":99,"ID":2},{"utility":39,"ID":30}],[{"utility":0,"ID":12}],[{"utility":87,"ID":18},{"utility":94,"ID":5}],[{"utility":96,"ID":6},{"utility":35,"ID":9}],[],[],[],[],[],[],[],[],[],[],[]],"STARTING COALITION: ":[[null],[{"utility":0,"ID":21}],[{"utility":10.4,"ID":2},{"utility":32.8,"ID":12},{"utility":5.4,"ID":13},{"utility":23.8,"ID":14},{"utility":33.6,"ID":18},{"utility":30.2,"ID":20}],[],[],[{"utility":0,"ID":26}],[{"utility":16,"ID":1},{"utility":0,"ID":22}],[{"utility":45,"ID":15},{"utility":17,"ID":17}],[{"utility":0,"ID":27},{"utility":8,"ID":29}],[{"utility":32,"ID":5},{"utility":21,"ID":10},{"utility":10.666666666666666,"ID":24},{"utility":38,"ID":25}],[{"utility":0,"ID":3}],[],[{"utility":0,"ID":30}],[{"utility":47.333333333333336,"ID":4},{"utility":36,"ID":6},{"utility":2,"ID":7},{"utility":13,"ID":16}],[{"utility":72,"ID":23},{"utility":91,"ID":28}],[{"utility":28,"ID":8},{"utility":38,"ID":19}],[{"utility":0,"ID":9},{"utility":48,"ID":11}],[],[],[],[],[],[],[],[],[],[],[],[],[],[]],"CORE :":false,"Relazioni :":470,"Time : ":0.1,"LAST PARTITION":{"22":4,"23":14,"24":9,"25":9,"26":5,"27":8,"28":14,"29":8,"30":16,"10":9,"11":3,"12":17,"13":2,"14":2,"15":7,"16":1,"17":10,"18":18,"19":15,"1":12,"2":16,"3":11,"4":4,"5":18,"6":19,"7":13,"8":12,"9":19,"20":2,"21":11}},{"Modalità dinamica :":false,"Q : ":4,"STARTING PARTITION: ":{"22":6,"23":14,"24":9,"25":9,"26":5,"27":8,"28":14,"29":8,"30":12,"10":9,"11":16,"12":2,"13":2,"14":2,"15":7,"16":13,"17":7,"18":2,"19":15,"1":6,"2":2,"3":10,"4":13,"5":9,"6":13,"7":13,"8":15,"9":16,"20":2,"21":1},"LAST COALITION":[[],[{"utility":0,"ID":16}],[{"utility":0,"ID":13},{"utility":37.5,"ID":14},{"utility":23,"ID":20}],[{"utility":0,"ID":11}],[{"utility":100,"ID":4},{"utility":74,"ID":22}],[{"utility":0,"ID":26}],[],[{"utility":0,"ID":15}],[{"utility":0,"ID":27},{"utility":8,"ID":29}],[{"utility":31.5,"ID":10},{"utility":16,"ID":24},{"utility":57,"ID":25}],[{"utility":0,"ID":17}],[{"utility":92,"ID":3},{"utility":42,"ID":21}],[{"utility":0,"ID":8}],[{"utility":0,"ID":7}],[{"utility":72,"ID":23},{"utility":91,"ID":28}],[{"utility":0,"ID":19}],[{"utility":99,"ID":2},{"utility":39,"ID":30}],[{"utility":0,"ID":12}],[{"utility":87,"ID":18},{"utility":94,"ID":5}],[{"utility":96,"ID":6},{"utility":35,"ID":9}],[{"utility":0,"ID":1}],[],[],[],[],[],[],[],[],[],[]],"STARTING COALITION: ":[[null],[{"utility":0,"ID":21}],[{"utility":10.4,"ID":2},{"utility":32.8,"ID":12},{"utility":5.4,"ID":13},{"utility":23.8,"ID":14},{"utility":33.6,"ID":18},{"utility":30.2,"ID":20}],[],[],[{"utility":0,"ID":26}],[{"utility":16,"ID":1},{"utility":0,"ID":22}],[{"utility":45,"ID":15},{"utility":17,"ID":17}],[{"utility":0,"ID":27},{"utility":8,"ID":29}],[{"utility":32,"ID":5},{"utility":21,"ID":10},{"utility":10.666666666666666,"ID":24},{"utility":38,"ID":25}],[{"utility":0,"ID":3}],[],[{"utility":0,"ID":30}],[{"utility":47.333333333333336,"ID":4},{"utility":36,"ID":6},{"utility":2,"ID":7},{"utility":13,"ID":16}],[{"utility":72,"ID":23},{"utility":91,"ID":28}],[{"utility":28,"ID":8},{"utility":38,"ID":19}],[{"utility":0,"ID":9},{"utility":48,"ID":11}],[],[],[],[],[],[],[],[],[],[],[],[],[],[]],"CORE :":false,"Relazioni :":470,"Time : ":0.2,"LAST PARTITION":{"22":4,"23":14,"24":9,"25":9,"26":5,"27":8,"28":14,"29":8,"30":16,"10":9,"11":3,"12":17,"13":2,"14":2,"15":7,"16":1,"17":10,"18":18,"19":15,"1":20,"2":16,"3":11,"4":4,"5":18,"6":19,"7":13,"8":12,"9":19,"20":2,"21":11}},{"Modalità dinamica :":false,"Q : ":5,"STARTING PARTITION: ":{"22":6,"23":14,"24":9,"25":9,"26":5,"27":8,"28":14,"29":8,"30":12,"10":9,"11":16,"12":2,"13":2,"14":2,"15":7,"16":13,"17":7,"18":2,"19":15,"1":6,"2":2,"3":10,"4":13,"5":9,"6":13,"7":13,"8":15,"9":16,"20":2,"21":1},"LAST COALITION":[[],[{"utility":0,"ID":16}],[{"utility":0,"ID":13},{"utility":37.5,"ID":14},{"utility":23,"ID":20}],[{"utility":0,"ID":11}],[{"utility":100,"ID":4},{"utility":74,"ID":22}],[{"utility":0,"ID":26}],[],[{"utility":0,"ID":15}],[{"utility":0,"ID":27},{"utility":8,"ID":29}],[{"utility":31.5,"ID":10},{"utility":16,"ID":24},{"utility":57,"ID":25}],[{"utility":0,"ID":17}],[{"utility":92,"ID":3},{"utility":42,"ID":21}],[{"utility":0,"ID":8}],[{"utility":0,"ID":7}],[{"utility":72,"ID":23},{"utility":91,"ID":28}],[{"utility":0,"ID":19}],[{"utility":99,"ID":2},{"utility":39,"ID":30}],[{"utility":0,"ID":12}],[{"utility":87,"ID":18},{"utility":94,"ID":5}],[{"utility":96,"ID":6},{"utility":35,"ID":9}],[{"utility":0,"ID":1}],[],[],[],[],[],[],[],[],[],[]],"STARTING COALITION: ":[[null],[{"utility":0,"ID":21}],[{"utility":10.4,"ID":2},{"utility":32.8,"ID":12},{"utility":5.4,"ID":13},{"utility":23.8,"ID":14},{"utility":33.6,"ID":18},{"utility":30.2,"ID":20}],[],[],[{"utility":0,"ID":26}],[{"utility":16,"ID":1},{"utility":0,"ID":22}],[{"utility":45,"ID":15},{"utility":17,"ID":17}],[{"utility":0,"ID":27},{"utility":8,"ID":29}],[{"utility":32,"ID":5},{"utility":21,"ID":10},{"utility":10.666666666666666,"ID":24},{"utility":38,"ID":25}],[{"utility":0,"ID":3}],[],[{"utility":0,"ID":30}],[{"utility":47.333333333333336,"ID":4},{"utility":36,"ID":6},{"utility":2,"ID":7},{"utility":13,"ID":16}],[{"utility":72,"ID":23},{"utility":91,"ID":28}],[{"utility":28,"ID":8},{"utility":38,"ID":19}],[{"utility":0,"ID":9},{"utility":48,"ID":11}],[],[],[],[],[],[],[],[],[],[],[],[],[],[]],"CORE :":false,"Relazioni :":470,"Time : ":0.1,"LAST PARTITION":{"22":4,"23":14,"24":9,"25":9,"26":5,"27":8,"28":14,"29":8,"30":16,"10":9,"11":3,"12":17,"13":2,"14":2,"15":7,"16":1,"17":10,"18":18,"19":15,"1":20,"2":16,"3":11,"4":4,"5":18,"6":19,"7":13,"8":12,"9":19,"20":2,"21":11}},{"Modalità dinamica :":false,"Q : ":5,"STARTING PARTITION: ":{"22":6,"23":14,"24":9,"25":9,"26":5,"27":8,"28":14,"29":8,"30":12,"10":9,"11":16,"12":2,"13":2,"14":2,"15":7,"16":13,"17":7,"18":2,"19":15,"1":6,"2":2,"3":10,"4":13,"5":9,"6":13,"7":13,"8":15,"9":16,"20":2,"21":1},"LAST COALITION":[[],[{"utility":0,"ID":16}],[{"utility":0,"ID":13},{"utility":37.5,"ID":14},{"utility":23,"ID":20}],[{"utility":0,"ID":11}],[{"utility":100,"ID":4},{"utility":74,"ID":22}],[{"utility":0,"ID":26}],[{"utility":0,"ID":8}],[{"utility":0,"ID":15}],[{"utility":0,"ID":27},{"utility":8,"ID":29}],[{"utility":31.5,"ID":10},{"utility":16,"ID":24},{"utility":57,"ID":25}],[{"utility":0,"ID":17}],[{"utility":92,"ID":3},{"utility":42,"ID":21}],[],[{"utility":0,"ID":7}],[{"utility":72,"ID":23},{"utility":91,"ID":28}],[{"utility":0,"ID":19}],[{"utility":99,"ID":2},{"utility":39,"ID":30}],[{"utility":0,"ID":12}],[{"utility":87,"ID":18},{"utility":94,"ID":5}],[{"utility":96,"ID":6},{"utility":35,"ID":9}],[{"utility":0,"ID":1}],[],[],[],[],[],[],[],[],[],[]],"STARTING COALITION: ":[[null],[{"utility":0,"ID":21}],[{"utility":10.4,"ID":2},{"utility":32.8,"ID":12},{"utility":5.4,"ID":13},{"utility":23.8,"ID":14},{"utility":33.6,"ID":18},{"utility":30.2,"ID":20}],[],[],[{"utility":0,"ID":26}],[{"utility":16,"ID":1},{"utility":0,"ID":22}],[{"utility":45,"ID":15},{"utility":17,"ID":17}],[{"utility":0,"ID":27},{"utility":8,"ID":29}],[{"utility":32,"ID":5},{"utility":21,"ID":10},{"utility":10.666666666666666,"ID":24},{"utility":38,"ID":25}],[{"utility":0,"ID":3}],[],[{"utility":0,"ID":30}],[{"utility":47.333333333333336,"ID":4},{"utility":36,"ID":6},{"utility":2,"ID":7},{"utility":13,"ID":16}],[{"utility":72,"ID":23},{"utility":91,"ID":28}],[{"utility":28,"ID":8},{"utility":38,"ID":19}],[{"utility":0,"ID":9},{"utility":48,"ID":11}],[],[],[],[],[],[],[],[],[],[],[],[],[],[]],"CORE :":false,"Relazioni :":470,"Time : ":0.2,"LAST PARTITION":{"22":4,"23":14,"24":9,"25":9,"26":5,"27":8,"28":14,"29":8,"30":16,"10":9,"11":3,"12":17,"13":2,"14":2,"15":7,"16":1,"17":10,"18":18,"19":15,"1":20,"2":16,"3":11,"4":4,"5":18,"6":19,"7":13,"8":6,"9":19,"20":2,"21":11}},{"Modalità dinamica :":false,"Q : ":6,"STARTING PARTITION: ":{"22":6,"23":14,"24":9,"25":9,"26":5,"27":8,"28":14,"29":8,"30":12,"10":9,"11":16,"12":2,"13":2,"14":2,"15":7,"16":13,"17":7,"18":2,"19":15,"1":6,"2":2,"3":10,"4":13,"5":9,"6":13,"7":13,"8":15,"9":16,"20":2,"21":1},"LAST COALITION":[[],[{"utility":0,"ID":16}],[{"utility":0,"ID":13},{"utility":37.5,"ID":14},{"utility":23,"ID":20}],[{"utility":0,"ID":11}],[{"utility":100,"ID":4},{"utility":74,"ID":22}],[{"utility":0,"ID":26}],[],[{"utility":0,"ID":15}],[{"utility":0,"ID":27},{"utility":8,"ID":29}],[{"utility":31.5,"ID":10},{"utility":16,"ID":24},{"utility":57,"ID":25}],[{"utility":0,"ID":17}],[{"utility":92,"ID":3},{"utility":42,"ID":21}],[{"utility":0,"ID":8}],[{"utility":0,"ID":7}],[{"utility":72,"ID":23},{"utility":91,"ID":28}],[{"utility":0,"ID":19}],[{"utility":99,"ID":2},{"utility":39,"ID":30}],[{"utility":0,"ID":12}],[{"utility":87,"ID":18},{"utility":94,"ID":5}],[{"utility":96,"ID":6},{"utility":35,"ID":9}],[{"utility":0,"ID":1}],[],[],[],[],[],[],[],[],[],[]],"STARTING COALITION: ":[[null],[{"utility":0,"ID":21}],[{"utility":10.4,"ID":2},{"utility":32.8,"ID":12},{"utility":5.4,"ID":13},{"utility":23.8,"ID":14},{"utility":33.6,"ID":18},{"utility":30.2,"ID":20}],[],[],[{"utility":0,"ID":26}],[{"utility":16,"ID":1},{"utility":0,"ID":22}],[{"utility":45,"ID":15},{"utility":17,"ID":17}],[{"utility":0,"ID":27},{"utility":8,"ID":29}],[{"utility":32,"ID":5},{"utility":21,"ID":10},{"utility":10.666666666666666,"ID":24},{"utility":38,"ID":25}],[{"utility":0,"ID":3}],[],[{"utility":0,"ID":30}],[{"utility":47.333333333333336,"ID":4},{"utility":36,"ID":6},{"utility":2,"ID":7},{"utility":13,"ID":16}],[{"utility":72,"ID":23},{"utility":91,"ID":28}],[{"utility":28,"ID":8},{"utility":38,"ID":19}],[{"utility":0,"ID":9},{"utility":48,"ID":11}],[],[],[],[],[],[],[],[],[],[],[],[],[],[]],"CORE :":false,"Relazioni :":470,"Time : ":0.1,"LAST PARTITION":{"22":4,"23":14,"24":9,"25":9,"26":5,"27":8,"28":14,"29":8,"30":16,"10":9,"11":3,"12":17,"13":2,"14":2,"15":7,"16":1,"17":10,"18":18,"19":15,"1":20,"2":16,"3":11,"4":4,"5":18,"6":19,"7":13,"8":12,"9":19,"20":2,"21":11}},{"Modalità dinamica :":false,"Q : ":6,"STARTING PARTITION: ":{"22":6,"23":14,"24":9,"25":9,"26":5,"27":8,"28":14,"29":8,"30":12,"10":9,"11":16,"12":2,"13":2,"14":2,"15":7,"16":13,"17":7,"18":2,"19":15,"1":6,"2":2,"3":10,"4":13,"5":9,"6":13,"7":13,"8":15,"9":16,"20":2,"21":1},"LAST COALITION":[[],[{"utility":0,"ID":16}],[{"utility":0,"ID":13},{"utility":37.5,"ID":14},{"utility":23,"ID":20}],[{"utility":0,"ID":11}],[{"utility":100,"ID":4},{"utility":74,"ID":22}],[{"utility":0,"ID":26}],[],[{"utility":0,"ID":15}],[{"utility":0,"ID":27},{"utility":8,"ID":29}],[{"utility":31.5,"ID":10},{"utility":16,"ID":24},{"utility":57,"ID":25}],[{"utility":0,"ID":17}],[{"utility":92,"ID":3},{"utility":42,"ID":21}],[{"utility":0,"ID":8}],[{"utility":0,"ID":7}],[{"utility":72,"ID":23},{"utility":91,"ID":28}],[{"utility":0,"ID":19}],[{"utility":99,"ID":2},{"utility":39,"ID":30}],[{"utility":0,"ID":12}],[{"utility":87,"ID":18},{"utility":94,"ID":5}],[{"utility":96,"ID":6},{"utility":35,"ID":9}],[{"utility":0,"ID":1}],[],[],[],[],[],[],[],[],[],[]],"STARTING COALITION: ":[[null],[{"utility":0,"ID":21}],[{"utility":10.4,"ID":2},{"utility":32.8,"ID":12},{"utility":5.4,"ID":13},{"utility":23.8,"ID":14},{"utility":33.6,"ID":18},{"utility":30.2,"ID":20}],[],[],[{"utility":0,"ID":26}],[{"utility":16,"ID":1},{"utility":0,"ID":22}],[{"utility":45,"ID":15},{"utility":17,"ID":17}],[{"utility":0,"ID":27},{"utility":8,"ID":29}],[{"utility":32,"ID":5},{"utility":21,"ID":10},{"utility":10.666666666666666,"ID":24},{"utility":38,"ID":25}],[{"utility":0,"ID":3}],[],[{"utility":0,"ID":30}],[{"utility":47.333333333333336,"ID":4},{"utility":36,"ID":6},{"utility":2,"ID":7},{"utility":13,"ID":16}],[{"utility":72,"ID":23},{"utility":91,"ID":28}],[{"utility":28,"ID":8},{"utility":38,"ID":19}],[{"utility":0,"ID":9},{"utility":48,"ID":11}],[],[],[],[],[],[],[],[],[],[],[],[],[],[]],"CORE :":false,"Relazioni :":470,"Time : ":0.2,"LAST PARTITION":{"22":4,"23":14,"24":9,"25":9,"26":5,"27":8,"28":14,"29":8,"30":16,"10":9,"11":3,"12":17,"13":2,"14":2,"15":7,"16":1,"17":10,"18":18,"19":15,"1":20,"2":16,"3":11,"4":4,"5":18,"6":19,"7":13,"8":12,"9":19,"20":2,"21":11}},{"Modalità dinamica :":false,"Q : ":7,"STARTING PARTITION: ":{"22":6,"23":14,"24":9,"25":9,"26":5,"27":8,"28":14,"29":8,"30":12,"10":9,"11":16,"12":2,"13":2,"14":2,"15":7,"16":13,"17":7,"18":2,"19":15,"1":6,"2":2,"3":10,"4":13,"5":9,"6":13,"7":13,"8":15,"9":16,"20":2,"21":1},"LAST COALITION":[[],[{"utility":0,"ID":16}],[{"utility":0,"ID":13},{"utility":37.5,"ID":14},{"utility":23,"ID":20}],[{"utility":0,"ID":11}],[{"utility":100,"ID":4},{"utility":74,"ID":22}],[{"utility":0,"ID":26}],[{"utility":0,"ID":8}],[{"utility":0,"ID":15}],[{"utility":0,"ID":27},{"utility":8,"ID":29}],[{"utility":31.5,"ID":10},{"utility":16,"ID":24},{"utility":57,"ID":25}],[{"utility":0,"ID":17}],[{"utility":92,"ID":3},{"utility":42,"ID":21}],[],[{"utility":0,"ID":7}],[{"utility":72,"ID":23},{"utility":91,"ID":28}],[{"utility":0,"ID":19}],[{"utility":99,"ID":2},{"utility":39,"ID":30}],[{"utility":0,"ID":12}],[{"utility":87,"ID":18},{"utility":94,"ID":5}],[{"utility":96,"ID":6},{"utility":35,"ID":9}],[{"utility":0,"ID":1}],[],[],[],[],[],[],[],[],[],[]],"STARTING COALITION: ":[[null],[{"utility":0,"ID":21}],[{"utility":10.4,"ID":2},{"utility":32.8,"ID":12},{"utility":5.4,"ID":13},{"utility":23.8,"ID":14},{"utility":33.6,"ID":18},{"utility":30.2,"ID":20}],[],[],[{"utility":0,"ID":26}],[{"utility":16,"ID":1},{"utility":0,"ID":22}],[{"utility":45,"ID":15},{"utility":17,"ID":17}],[{"utility":0,"ID":27},{"utility":8,"ID":29}],[{"utility":32,"ID":5},{"utility":21,"ID":10},{"utility":10.666666666666666,"ID":24},{"utility":38,"ID":25}],[{"utility":0,"ID":3}],[],[{"utility":0,"ID":30}],[{"utility":47.333333333333336,"ID":4},{"utility":36,"ID":6},{"utility":2,"ID":7},{"utility":13,"ID":16}],[{"utility":72,"ID":23},{"utility":91,"ID":28}],[{"utility":28,"ID":8},{"utility":38,"ID":19}],[{"utility":0,"ID":9},{"utility":48,"ID":11}],[],[],[],[],[],[],[],[],[],[],[],[],[],[]],"CORE :":false,"Relazioni :":470,"Time : ":0.1,"LAST PARTITION":{"22":4,"23":14,"24":9,"25":9,"26":5,"27":8,"28":14,"29":8,"30":16,"10":9,"11":3,"12":17,"13":2,"14":2,"15":7,"16":1,"17":10,"18":18,"19":15,"1":20,"2":16,"3":11,"4":4,"5":18,"6":19,"7":13,"8":6,"9":19,"20":2,"21":11}},{"Modalità dinamica :":false,"Q : ":7,"STARTING PARTITION: ":{"22":6,"23":14,"24":9,"25":9,"26":5,"27":8,"28":14,"29":8,"30":12,"10":9,"11":16,"12":2,"13":2,"14":2,"15":7,"16":13,"17":7,"18":2,"19":15,"1":6,"2":2,"3":10,"4":13,"5":9,"6":13,"7":13,"8":15,"9":16,"20":2,"21":1},"LAST COALITION":[[],[{"utility":0,"ID":16}],[{"utility":0,"ID":13},{"utility":37.5,"ID":14},{"utility":23,"ID":20}],[{"utility":0,"ID":11}],[{"utility":100,"ID":4},{"utility":74,"ID":22}],[{"utility":0,"ID":26}],[{"utility":0,"ID":8}],[{"utility":0,"ID":15}],[{"utility":0,"ID":27},{"utility":8,"ID":29}],[{"utility":31.5,"ID":10},{"utility":16,"ID":24},{"utility":57,"ID":25}],[{"utility":0,"ID":17}],[{"utility":92,"ID":3},{"utility":42,"ID":21}],[],[{"utility":0,"ID":7}],[{"utility":72,"ID":23},{"utility":91,"ID":28}],[{"utility":0,"ID":19}],[{"utility":99,"ID":2},{"utility":39,"ID":30}],[{"utility":0,"ID":12}],[{"utility":87,"ID":18},{"utility":94,"ID":5}],[{"utility":96,"ID":6},{"utility":35,"ID":9}],[{"utility":0,"ID":1}],[],[],[],[],[],[],[],[],[],[]],"STARTING COALITION: ":[[null],[{"utility":0,"ID":21}],[{"utility":10.4,"ID":2},{"utility":32.8,"ID":12},{"utility":5.4,"ID":13},{"utility":23.8,"ID":14},{"utility":33.6,"ID":18},{"utility":30.2,"ID":20}],[],[],[{"utility":0,"ID":26}],[{"utility":16,"ID":1},{"utility":0,"ID":22}],[{"utility":45,"ID":15},{"utility":17,"ID":17}],[{"utility":0,"ID":27},{"utility":8,"ID":29}],[{"utility":32,"ID":5},{"utility":21,"ID":10},{"utility":10.666666666666666,"ID":24},{"utility":38,"ID":25}],[{"utility":0,"ID":3}],[],[{"utility":0,"ID":30}],[{"utility":47.333333333333336,"ID":4},{"utility":36,"ID":6},{"utility":2,"ID":7},{"utility":13,"ID":16}],[{"utility":72,"ID":23},{"utility":91,"ID":28}],[{"utility":28,"ID":8},{"utility":38,"ID":19}],[{"utility":0,"ID":9},{"utility":48,"ID":11}],[],[],[],[],[],[],[],[],[],[],[],[],[],[]],"CORE :":false,"Relazioni :":470,"Time : ":0.2,"LAST PARTITION":{"22":4,"23":14,"24":9,"25":9,"26":5,"27":8,"28":14,"29":8,"30":16,"10":9,"11":3,"12":17,"13":2,"14":2,"15":7,"16":1,"17":10,"18":18,"19":15,"1":20,"2":16,"3":11,"4":4,"5":18,"6":19,"7":13,"8":6,"9":19,"20":2,"21":11}},{"Modalità dinamica :":false,"Q : ":8,"STARTING PARTITION: ":{"22":6,"23":14,"24":9,"25":9,"26":5,"27":8,"28":14,"29":8,"30":12,"10":9,"11":16,"12":2,"13":2,"14":2,"15":7,"16":13,"17":7,"18":2,"19":15,"1":6,"2":2,"3":10,"4":13,"5":9,"6":13,"7":13,"8":15,"9":16,"20":2,"21":1},"LAST COALITION":[[],[{"utility":0,"ID":16}],[{"utility":0,"ID":13},{"utility":37.5,"ID":14},{"utility":23,"ID":20}],[{"utility":0,"ID":11}],[{"utility":100,"ID":4},{"utility":74,"ID":22}],[{"utility":0,"ID":26}],[{"utility":0,"ID":8}],[{"utility":0,"ID":15}],[{"utility":0,"ID":27},{"utility":8,"ID":29}],[{"utility":31.5,"ID":10},{"utility":16,"ID":24},{"utility":57,"ID":25}],[{"utility":0,"ID":17}],[{"utility":92,"ID":3},{"utility":42,"ID":21}],[],[{"utility":0,"ID":7}],[{"utility":72,"ID":23},{"utility":91,"ID":28}],[{"utility":0,"ID":19}],[{"utility":99,"ID":2},{"utility":39,"ID":30}],[{"utility":0,"ID":12}],[{"utility":87,"ID":18},{"utility":94,"ID":5}],[{"utility":96,"ID":6},{"utility":35,"ID":9}],[{"utility":0,"ID":1}],[],[],[],[],[],[],[],[],[],[]],"STARTING COALITION: ":[[null],[{"utility":0,"ID":21}],[{"utility":10.4,"ID":2},{"utility":32.8,"ID":12},{"utility":5.4,"ID":13},{"utility":23.8,"ID":14},{"utility":33.6,"ID":18},{"utility":30.2,"ID":20}],[],[],[{"utility":0,"ID":26}],[{"utility":16,"ID":1},{"utility":0,"ID":22}],[{"utility":45,"ID":15},{"utility":17,"ID":17}],[{"utility":0,"ID":27},{"utility":8,"ID":29}],[{"utility":32,"ID":5},{"utility":21,"ID":10},{"utility":10.666666666666666,"ID":24},{"utility":38,"ID":25}],[{"utility":0,"ID":3}],[],[{"utility":0,"ID":30}],[{"utility":47.333333333333336,"ID":4},{"utility":36,"ID":6},{"utility":2,"ID":7},{"utility":13,"ID":16}],[{"utility":72,"ID":23},{"utility":91,"ID":28}],[{"utility":28,"ID":8},{"utility":38,"ID":19}],[{"utility":0,"ID":9},{"utility":48,"ID":11}],[],[],[],[],[],[],[],[],[],[],[],[],[],[]],"CORE :":false,"Relazioni :":470,"Time : ":0.1,"LAST PARTITION":{"22":4,"23":14,"24":9,"25":9,"26":5,"27":8,"28":14,"29":8,"30":16,"10":9,"11":3,"12":17,"13":2,"14":2,"15":7,"16":1,"17":10,"18":18,"19":15,"1":20,"2":16,"3":11,"4":4,"5":18,"6":19,"7":13,"8":6,"9":19,"20":2,"21":11}},{"Modalità dinamica :":false,"Q : ":8,"STARTING PARTITION: ":{"22":6,"23":14,"24":9,"25":9,"26":5,"27":8,"28":14,"29":8,"30":12,"10":9,"11":16,"12":2,"13":2,"14":2,"15":7,"16":13,"17":7,"18":2,"19":15,"1":6,"2":2,"3":10,"4":13,"5":9,"6":13,"7":13,"8":15,"9":16,"20":2,"21":1},"LAST COALITION":[[],[{"utility":0,"ID":16}],[{"utility":0,"ID":13},{"utility":37.5,"ID":14},{"utility":23,"ID":20}],[{"utility":0,"ID":11}],[{"utility":100,"ID":4},{"utility":74,"ID":22}],[{"utility":0,"ID":26}],[],[{"utility":0,"ID":15}],[{"utility":0,"ID":27},{"utility":8,"ID":29}],[{"utility":31.5,"ID":10},{"utility":16,"ID":24},{"utility":57,"ID":25}],[{"utility":0,"ID":17}],[{"utility":92,"ID":3},{"utility":42,"ID":21}],[{"utility":0,"ID":8}],[{"utility":0,"ID":7}],[{"utility":72,"ID":23},{"utility":91,"ID":28}],[{"utility":0,"ID":19}],[{"utility":99,"ID":2},{"utility":39,"ID":30}],[{"utility":0,"ID":12}],[{"utility":87,"ID":18},{"utility":94,"ID":5}],[{"utility":96,"ID":6},{"utility":35,"ID":9}],[{"utility":0,"ID":1}],[],[],[],[],[],[],[],[],[],[]],"STARTING COALITION: ":[[null],[{"utility":0,"ID":21}],[{"utility":10.4,"ID":2},{"utility":32.8,"ID":12},{"utility":5.4,"ID":13},{"utility":23.8,"ID":14},{"utility":33.6,"ID":18},{"utility":30.2,"ID":20}],[],[],[{"utility":0,"ID":26}],[{"utility":16,"ID":1},{"utility":0,"ID":22}],[{"utility":45,"ID":15},{"utility":17,"ID":17}],[{"utility":0,"ID":27},{"utility":8,"ID":29}],[{"utility":32,"ID":5},{"utility":21,"ID":10},{"utility":10.666666666666666,"ID":24},{"utility":38,"ID":25}],[{"utility":0,"ID":3}],[],[{"utility":0,"ID":30}],[{"utility":47.333333333333336,"ID":4},{"utility":36,"ID":6},{"utility":2,"ID":7},{"utility":13,"ID":16}],[{"utility":72,"ID":23},{"utility":91,"ID":28}],[{"utility":28,"ID":8},{"utility":38,"ID":19}],[{"utility":0,"ID":9},{"utility":48,"ID":11}],[],[],[],[],[],[],[],[],[],[],[],[],[],[]],"CORE :":false,"Relazioni :":470,"Time : ":0.2,"LAST PARTITION":{"22":4,"23":14,"24":9,"25":9,"26":5,"27":8,"28":14,"29":8,"30":16,"10":9,"11":3,"12":17,"13":2,"14":2,"15":7,"16":1,"17":10,"18":18,"19":15,"1":20,"2":16,"3":11,"4":4,"5":18,"6":19,"7":13,"8":12,"9":19,"20":2,"21":11}},{"Modalità dinamica :":false,"Q : ":9,"STARTING PARTITION: ":{"22":6,"23":14,"24":9,"25":9,"26":5,"27":8,"28":14,"29":8,"30":12,"10":9,"11":16,"12":2,"13":2,"14":2,"15":7,"16":13,"17":7,"18":2,"19":15,"1":6,"2":2,"3":10,"4":13,"5":9,"6":13,"7":13,"8":15,"9":16,"20":2,"21":1},"LAST COALITION":[[],[{"utility":0,"ID":16}],[{"utility":0,"ID":13},{"utility":37.5,"ID":14},{"utility":23,"ID":20}],[{"utility":0,"ID":11}],[{"utility":100,"ID":4},{"utility":74,"ID":22}],[{"utility":0,"ID":26}],[{"utility":0,"ID":8}],[{"utility":0,"ID":15}],[{"utility":0,"ID":27},{"utility":8,"ID":29}],[{"utility":31.5,"ID":10},{"utility":16,"ID":24},{"utility":57,"ID":25}],[{"utility":0,"ID":17}],[{"utility":92,"ID":3},{"utility":42,"ID":21}],[],[{"utility":0,"ID":7}],[{"utility":72,"ID":23},{"utility":91,"ID":28}],[{"utility":0,"ID":19}],[{"utility":99,"ID":2},{"utility":39,"ID":30}],[{"utility":0,"ID":12}],[{"utility":87,"ID":18},{"utility":94,"ID":5}],[{"utility":96,"ID":6},{"utility":35,"ID":9}],[{"utility":0,"ID":1}],[],[],[],[],[],[],[],[],[],[]],"STARTING COALITION: ":[[null],[{"utility":0,"ID":21}],[{"utility":10.4,"ID":2},{"utility":32.8,"ID":12},{"utility":5.4,"ID":13},{"utility":23.8,"ID":14},{"utility":33.6,"ID":18},{"utility":30.2,"ID":20}],[],[],[{"utility":0,"ID":26}],[{"utility":16,"ID":1},{"utility":0,"ID":22}],[{"utility":45,"ID":15},{"utility":17,"ID":17}],[{"utility":0,"ID":27},{"utility":8,"ID":29}],[{"utility":32,"ID":5},{"utility":21,"ID":10},{"utility":10.666666666666666,"ID":24},{"utility":38,"ID":25}],[{"utility":0,"ID":3}],[],[{"utility":0,"ID":30}],[{"utility":47.333333333333336,"ID":4},{"utility":36,"ID":6},{"utility":2,"ID":7},{"utility":13,"ID":16}],[{"utility":72,"ID":23},{"utility":91,"ID":28}],[{"utility":28,"ID":8},{"utility":38,"ID":19}],[{"utility":0,"ID":9},{"utility":48,"ID":11}],[],[],[],[],[],[],[],[],[],[],[],[],[],[]],"CORE :":false,"Relazioni :":470,"Time : ":0.1,"LAST PARTITION":{"22":4,"23":14,"24":9,"25":9,"26":5,"27":8,"28":14,"29":8,"30":16,"10":9,"11":3,"12":17,"13":2,"14":2,"15":7,"16":1,"17":10,"18":18,"19":15,"1":20,"2":16,"3":11,"4":4,"5":18,"6":19,"7":13,"8":6,"9":19,"20":2,"21":11}},{"Modalità dinamica :":false,"Q : ":9,"STARTING PARTITION: ":{"22":6,"23":14,"24":9,"25":9,"26":5,"27":8,"28":14,"29":8,"30":12,"10":9,"11":16,"12":2,"13":2,"14":2,"15":7,"16":13,"17":7,"18":2,"19":15,"1":6,"2":2,"3":10,"4":13,"5":9,"6":13,"7":13,"8":15,"9":16,"20":2,"21":1},"LAST COALITION":[[],[{"utility":0,"ID":16}],[{"utility":0,"ID":13},{"utility":37.5,"ID":14},{"utility":23,"ID":20}],[{"utility":0,"ID":11}],[{"utility":100,"ID":4},{"utility":74,"ID":22}],[{"utility":0,"ID":26}],[],[{"utility":0,"ID":15}],[{"utility":0,"ID":27},{"utility":8,"ID":29}],[{"utility":31.5,"ID":10},{"utility":16,"ID":24},{"utility":57,"ID":25}],[{"utility":0,"ID":17}],[{"utility":92,"ID":3},{"utility":42,"ID":21}],[{"utility":0,"ID":8}],[{"utility":0,"ID":7}],[{"utility":72,"ID":23},{"utility":91,"ID":28}],[{"utility":0,"ID":19}],[{"utility":99,"ID":2},{"utility":39,"ID":30}],[{"utility":0,"ID":12}],[{"utility":87,"ID":18},{"utility":94,"ID":5}],[{"utility":96,"ID":6},{"utility":35,"ID":9}],[{"utility":0,"ID":1}],[],[],[],[],[],[],[],[],[],[]],"STARTING COALITION: ":[[null],[{"utility":0,"ID":21}],[{"utility":10.4,"ID":2},{"utility":32.8,"ID":12},{"utility":5.4,"ID":13},{"utility":23.8,"ID":14},{"utility":33.6,"ID":18},{"utility":30.2,"ID":20}],[],[],[{"utility":0,"ID":26}],[{"utility":16,"ID":1},{"utility":0,"ID":22}],[{"utility":45,"ID":15},{"utility":17,"ID":17}],[{"utility":0,"ID":27},{"utility":8,"ID":29}],[{"utility":32,"ID":5},{"utility":21,"ID":10},{"utility":10.666666666666666,"ID":24},{"utility":38,"ID":25}],[{"utility":0,"ID":3}],[],[{"utility":0,"ID":30}],[{"utility":47.333333333333336,"ID":4},{"utility":36,"ID":6},{"utility":2,"ID":7},{"utility":13,"ID":16}],[{"utility":72,"ID":23},{"utility":91,"ID":28}],[{"utility":28,"ID":8},{"utility":38,"ID":19}],[{"utility":0,"ID":9},{"utility":48,"ID":11}],[],[],[],[],[],[],[],[],[],[],[],[],[],[]],"CORE :":false,"Relazioni :":470,"Time : ":0.2,"LAST PARTITION":{"22":4,"23":14,"24":9,"25":9,"26":5,"27":8,"28":14,"29":8,"30":16,"10":9,"11":3,"12":17,"13":2,"14":2,"15":7,"16":1,"17":10,"18":18,"19":15,"1":20,"2":16,"3":11,"4":4,"5":18,"6":19,"7":13,"8":12,"9":19,"20":2,"21":11}},{"Modalità dinamica :":false,"Q : ":10,"STARTING PARTITION: ":{"22":6,"23":14,"24":9,"25":9,"26":5,"27":8,"28":14,"29":8,"30":12,"10":9,"11":16,"12":2,"13":2,"14":2,"15":7,"16":13,"17":7,"18":2,"19":15,"1":6,"2":2,"3":10,"4":13,"5":9,"6":13,"7":13,"8":15,"9":16,"20":2,"21":1},"LAST COALITION":[[],[{"utility":0,"ID":16}],[{"utility":0,"ID":13},{"utility":37.5,"ID":14},{"utility":23,"ID":20}],[{"utility":0,"ID":11}],[{"utility":100,"ID":4},{"utility":74,"ID":22}],[{"utility":0,"ID":26}],[{"utility":0,"ID":8}],[{"utility":0,"ID":15}],[{"utility":0,"ID":27},{"utility":8,"ID":29}],[{"utility":31.5,"ID":10},{"utility":16,"ID":24},{"utility":57,"ID":25}],[{"utility":0,"ID":17}],[{"utility":92,"ID":3},{"utility":42,"ID":21}],[],[{"utility":0,"ID":7}],[{"utility":72,"ID":23},{"utility":91,"ID":28}],[{"utility":0,"ID":19}],[{"utility":99,"ID":2},{"utility":39,"ID":30}],[{"utility":0,"ID":12}],[{"utility":87,"ID":18},{"utility":94,"ID":5}],[{"utility":96,"ID":6},{"utility":35,"ID":9}],[{"utility":0,"ID":1}],[],[],[],[],[],[],[],[],[],[]],"STARTING COALITION: ":[[null],[{"utility":0,"ID":21}],[{"utility":10.4,"ID":2},{"utility":32.8,"ID":12},{"utility":5.4,"ID":13},{"utility":23.8,"ID":14},{"utility":33.6,"ID":18},{"utility":30.2,"ID":20}],[],[],[{"utility":0,"ID":26}],[{"utility":16,"ID":1},{"utility":0,"ID":22}],[{"utility":45,"ID":15},{"utility":17,"ID":17}],[{"utility":0,"ID":27},{"utility":8,"ID":29}],[{"utility":32,"ID":5},{"utility":21,"ID":10},{"utility":10.666666666666666,"ID":24},{"utility":38,"ID":25}],[{"utility":0,"ID":3}],[],[{"utility":0,"ID":30}],[{"utility":47.333333333333336,"ID":4},{"utility":36,"ID":6},{"utility":2,"ID":7},{"utility":13,"ID":16}],[{"utility":72,"ID":23},{"utility":91,"ID":28}],[{"utility":28,"ID":8},{"utility":38,"ID":19}],[{"utility":0,"ID":9},{"utility":48,"ID":11}],[],[],[],[],[],[],[],[],[],[],[],[],[],[]],"CORE :":false,"Relazioni :":470,"Time : ":0.1,"LAST PARTITION":{"22":4,"23":14,"24":9,"25":9,"26":5,"27":8,"28":14,"29":8,"30":16,"10":9,"11":3,"12":17,"13":2,"14":2,"15":7,"16":1,"17":10,"18":18,"19":15,"1":20,"2":16,"3":11,"4":4,"5":18,"6":19,"7":13,"8":6,"9":19,"20":2,"21":11}},{"Modalità dinamica :":false,"Q : ":10,"STARTING PARTITION: ":{"22":6,"23":14,"24":9,"25":9,"26":5,"27":8,"28":14,"29":8,"30":12,"10":9,"11":16,"12":2,"13":2,"14":2,"15":7,"16":13,"17":7,"18":2,"19":15,"1":6,"2":2,"3":10,"4":13,"5":9,"6":13,"7":13,"8":15,"9":16,"20":2,"21":1},"LAST COALITION":[[],[{"utility":0,"ID":16}],[{"utility":0,"ID":13},{"utility":37.5,"ID":14},{"utility":23,"ID":20}],[{"utility":0,"ID":11}],[{"utility":100,"ID":4},{"utility":74,"ID":22}],[{"utility":0,"ID":26}],[],[{"utility":0,"ID":15}],[{"utility":0,"ID":27},{"utility":8,"ID":29}],[{"utility":31.5,"ID":10},{"utility":16,"ID":24},{"utility":57,"ID":25}],[{"utility":0,"ID":17}],[{"utility":92,"ID":3},{"utility":42,"ID":21}],[{"utility":0,"ID":8}],[{"utility":0,"ID":7}],[{"utility":72,"ID":23},{"utility":91,"ID":28}],[{"utility":0,"ID":19}],[{"utility":99,"ID":2},{"utility":39,"ID":30}],[{"utility":0,"ID":12}],[{"utility":87,"ID":18},{"utility":94,"ID":5}],[{"utility":96,"ID":6},{"utility":35,"ID":9}],[{"utility":0,"ID":1}],[],[],[],[],[],[],[],[],[],[]],"STARTING COALITION: ":[[null],[{"utility":0,"ID":21}],[{"utility":10.4,"ID":2},{"utility":32.8,"ID":12},{"utility":5.4,"ID":13},{"utility":23.8,"ID":14},{"utility":33.6,"ID":18},{"utility":30.2,"ID":20}],[],[],[{"utility":0,"ID":26}],[{"utility":16,"ID":1},{"utility":0,"ID":22}],[{"utility":45,"ID":15},{"utility":17,"ID":17}],[{"utility":0,"ID":27},{"utility":8,"ID":29}],[{"utility":32,"ID":5},{"utility":21,"ID":10},{"utility":10.666666666666666,"ID":24},{"utility":38,"ID":25}],[{"utility":0,"ID":3}],[],[{"utility":0,"ID":30}],[{"utility":47.333333333333336,"ID":4},{"utility":36,"ID":6},{"utility":2,"ID":7},{"utility":13,"ID":16}],[{"utility":72,"ID":23},{"utility":91,"ID":28}],[{"utility":28,"ID":8},{"utility":38,"ID":19}],[{"utility":0,"ID":9},{"utility":48,"ID":11}],[],[],[],[],[],[],[],[],[],[],[],[],[],[]],"CORE :":false,"Relazioni :":470,"Time : ":0.2,"LAST PARTITION":{"22":4,"23":14,"24":9,"25":9,"26":5,"27":8,"28":14,"29":8,"30":16,"10":9,"11":3,"12":17,"13":2,"14":2,"15":7,"16":1,"17":10,"18":18,"19":15,"1":20,"2":16,"3":11,"4":4,"5":18,"6":19,"7":13,"8":12,"9":19,"20":2,"21":11}},{"Modalità dinamica :":true,"Q : ":2,"STARTING PARTITION: ":{"22":6,"23":14,"24":9,"25":9,"26":5,"27":8,"28":14,"29":8,"30":12,"10":9,"11":16,"12":2,"13":2,"14":2,"15":7,"16":13,"17":7,"18":2,"19":15,"1":6,"2":2,"3":10,"4":13,"5":9,"6":13,"7":13,"8":15,"9":16,"20":2,"21":1},"LAST COALITION":[[],[{"utility":0,"ID":15}],[{"utility":64,"ID":3},{"utility":66,"ID":6}],[{"utility":18,"ID":2},{"utility":87,"ID":9}],[{"utility":0,"ID":26}],[{"utility":33,"ID":12},{"utility":96,"ID":18}],[{"utility":0,"ID":5}],[{"utility":72,"ID":23},{"utility":91,"ID":28}],[{"utility":58,"ID":21},{"utility":96,"ID":25}],[],[{"utility":83,"ID":8},{"utility":77,"ID":10}],[{"utility":28,"ID":16},{"utility":73,"ID":17}],[{"utility":0,"ID":24}],[],[{"utility":94,"ID":14},{"utility":87,"ID":27}],[{"utility":98,"ID":1},{"utility":3,"ID":20}],[{"utility":87,"ID":13},{"utility":20,"ID":29}],[{"utility":68,"ID":7},{"utility":51,"ID":11}],[{"utility":100,"ID":4},{"utility":74,"ID":22}],[],[{"utility":85,"ID":19},{"utility":85,"ID":30}],[],[],[],[],[],[],[],[],[],[]],"STARTING COALITION: ":[[null],[{"utility":0,"ID":21}],[{"utility":10.4,"ID":2},{"utility":32.8,"ID":12},{"utility":5.4,"ID":13},{"utility":23.8,"ID":14},{"utility":33.6,"ID":18},{"utility":30.2,"ID":20}],[],[],[{"utility":0,"ID":26}],[{"utility":16,"ID":1},{"utility":0,"ID":22}],[{"utility":45,"ID":15},{"utility":17,"ID":17}],[{"utility":0,"ID":27},{"utility":8,"ID":29}],[{"utility":32,"ID":5},{"utility":21,"ID":10},{"utility":10.666666666666666,"ID":24},{"utility":38,"ID":25}],[{"utility":0,"ID":3}],[],[{"utility":0,"ID":30}],[{"utility":47.333333333333336,"ID":4},{"utility":36,"ID":6},{"utility":2,"ID":7},{"utility":13,"ID":16}],[{"utility":72,"ID":23},{"utility":91,"ID":28}],[{"utility":28,"ID":8},{"utility":38,"ID":19}],[{"utility":0,"ID":9},{"utility":48,"ID":11}],[],[],[],[],[],[],[],[],[],[],[],[],[],[]],"CORE :":false,"Relazioni :":470,"Time : ":0.1,"LAST PARTITION":{"22":18,"23":7,"24":12,"25":8,"26":4,"27":14,"28":7,"29":16,"30":20,"10":10,"11":17,"12":5,"13":16,"14":14,"15":1,"16":11,"17":11,"18":5,"19":20,"1":15,"2":3,"3":2,"4":18,"5":6,"6":2,"7":17,"8":10,"9":3,"20":15,"21":8}},{"Modalità dinamica :":true,"Q : ":2,"STARTING PARTITION: ":{"22":6,"23":14,"24":9,"25":9,"26":5,"27":8,"28":14,"29":8,"30":12,"10":9,"11":16,"12":2,"13":2,"14":2,"15":7,"16":13,"17":7,"18":2,"19":15,"1":6,"2":2,"3":10,"4":13,"5":9,"6":13,"7":13,"8":15,"9":16,"20":2,"21":1},"LAST COALITION":[[],[{"utility":58,"ID":21},{"utility":96,"ID":25}],[{"utility":0,"ID":17}],[{"utility":100,"ID":4},{"utility":74,"ID":22}],[{"utility":16,"ID":15},{"utility":68,"ID":29}],[{"utility":68,"ID":3},{"utility":34,"ID":13}],[{"utility":72,"ID":23},{"utility":91,"ID":28}],[{"utility":98,"ID":1},{"utility":3,"ID":20}],[{"utility":85,"ID":19},{"utility":85,"ID":30}],[{"utility":40,"ID":6},{"utility":90,"ID":12}],[{"utility":18,"ID":2},{"utility":87,"ID":9}],[{"utility":68,"ID":7},{"utility":51,"ID":11}],[{"utility":0,"ID":16}],[],[{"utility":83,"ID":8},{"utility":77,"ID":10}],[{"utility":0,"ID":26}],[{"utility":94,"ID":14},{"utility":87,"ID":27}],[{"utility":0,"ID":24}],[],[{"utility":94,"ID":5},{"utility":87,"ID":18}],[],[],[],[],[],[],[],[],[],[],[]],"STARTING COALITION: ":[[null],[{"utility":0,"ID":21}],[{"utility":10.4,"ID":2},{"utility":32.8,"ID":12},{"utility":5.4,"ID":13},{"utility":23.8,"ID":14},{"utility":33.6,"ID":18},{"utility":30.2,"ID":20}],[],[],[{"utility":0,"ID":26}],[{"utility":16,"ID":1},{"utility":0,"ID":22}],[{"utility":45,"ID":15},{"utility":17,"ID":17}],[{"utility":0,"ID":27},{"utility":8,"ID":29}],[{"utility":32,"ID":5},{"utility":21,"ID":10},{"utility":10.666666666666666,"ID":24},{"utility":38,"ID":25}],[{"utility":0,"ID":3}],[],[{"utility":0,"ID":30}],[{"utility":47.333333333333336,"ID":4},{"utility":36,"ID":6},{"utility":2,"ID":7},{"utility":13,"ID":16}],[{"utility":72,"ID":23},{"utility":91,"ID":28}],[{"utility":28,"ID":8},{"utility":38,"ID":19}],[{"utility":0,"ID":9},{"utility":48,"ID":11}],[],[],[],[],[],[],[],[],[],[],[],[],[],[]],"CORE :":false,"Relazioni :":470,"Time : ":0.2,"LAST PARTITION":{"22":3,"23":6,"24":17,"25":1,"26":15,"27":16,"28":6,"29":4,"30":8,"10":14,"11":11,"12":9,"13":5,"14":16,"15":4,"16":12,"17":2,"18":19,"19":8,"1":7,"2":10,"3":5,"4":3,"5":19,"6":9,"7":11,"8":14,"9":10,"20":7,"21":1}},{"Modalità dinamica :":true,"Q : ":3,"STARTING PARTITION: ":{"22":6,"23":14,"24":9,"25":9,"26":5,"27":8,"28":14,"29":8,"30":12,"10":9,"11":16,"12":2,"13":2,"14":2,"15":7,"16":13,"17":7,"18":2,"19":15,"1":6,"2":2,"3":10,"4":13,"5":9,"6":13,"7":13,"8":15,"9":16,"20":2,"21":1},"LAST COALITION":[[],[{"utility":82,"ID":13},{"utility":57,"ID":24}],[{"utility":16,"ID":15},{"utility":68,"ID":29}],[{"utility":68,"ID":7},{"utility":51,"ID":11}],[{"utility":79,"ID":9},{"utility":73,"ID":17}],[{"utility":72,"ID":23},{"utility":91,"ID":28}],[{"utility":94,"ID":5},{"utility":87,"ID":18}],[],[],[{"utility":20.5,"ID":2},{"utility":60,"ID":12},{"utility":36,"ID":26}],[{"utility":64,"ID":3},{"utility":66,"ID":6}],[{"utility":0,"ID":16}],[{"utility":83,"ID":8},{"utility":77,"ID":10}],[{"utility":85,"ID":19},{"utility":85,"ID":30}],[{"utility":58,"ID":21},{"utility":96,"ID":25}],[],[{"utility":100,"ID":4},{"utility":74,"ID":22}],[{"utility":98,"ID":1},{"utility":3,"ID":20}],[],[],[],[],[{"utility":94,"ID":14},{"utility":87,"ID":27}],[],[],[],[],[],[],[],[]],"STARTING COALITION: ":[[null],[{"utility":0,"ID":21}],[{"utility":10.4,"ID":2},{"utility":32.8,"ID":12},{"utility":5.4,"ID":13},{"utility":23.8,"ID":14},{"utility":33.6,"ID":18},{"utility":30.2,"ID":20}],[],[],[{"utility":0,"ID":26}],[{"utility":16,"ID":1},{"utility":0,"ID":22}],[{"utility":45,"ID":15},{"utility":17,"ID":17}],[{"utility":0,"ID":27},{"utility":8,"ID":29}],[{"utility":32,"ID":5},{"utility":21,"ID":10},{"utility":10.666666666666666,"ID":24},{"utility":38,"ID":25}],[{"utility":0,"ID":3}],[],[{"utility":0,"ID":30}],[{"utility":47.333333333333336,"ID":4},{"utility":36,"ID":6},{"utility":2,"ID":7},{"utility":13,"ID":16}],[{"utility":72,"ID":23},{"utility":91,"ID":28}],[{"utility":28,"ID":8},{"utility":38,"ID":19}],[{"utility":0,"ID":9},{"utility":48,"ID":11}],[],[],[],[],[],[],[],[],[],[],[],[],[],[]],"CORE :":true,"Relazioni :":470,"Time : ":0.1,"LAST PARTITION":{"22":16,"23":5,"24":1,"25":14,"26":9,"27":22,"28":5,"29":2,"30":13,"10":12,"11":3,"12":9,"13":1,"14":22,"15":2,"16":11,"17":4,"18":6,"19":13,"1":17,"2":9,"3":10,"4":16,"5":6,"6":10,"7":3,"8":12,"9":4,"20":17,"21":14}},{"Modalità dinamica :":true,"Q : ":3,"STARTING PARTITION: ":{"22":6,"23":14,"24":9,"25":9,"26":5,"27":8,"28":14,"29":8,"30":12,"10":9,"11":16,"12":2,"13":2,"14":2,"15":7,"16":13,"17":7,"18":2,"19":15,"1":6,"2":2,"3":10,"4":13,"5":9,"6":13,"7":13,"8":15,"9":16,"20":2,"21":1},"LAST COALITION":[[],[{"utility":83,"ID":8},{"utility":77,"ID":10}],[{"utility":94,"ID":5},{"utility":87,"ID":18}],[{"utility":72,"ID":23},{"utility":91,"ID":28}],[{"utility":94,"ID":14},{"utility":87,"ID":27}],[],[{"utility":100,"ID":4},{"utility":74,"ID":22}],[{"utility":28,"ID":16},{"utility":73,"ID":17}],[{"utility":10.5,"ID":15},{"utility":45.5,"ID":20},{"utility":76.5,"ID":29}],[{"utility":58,"ID":21},{"utility":96,"ID":25}],[{"utility":40,"ID":6},{"utility":90,"ID":12}],[{"utility":85,"ID":19},{"utility":85,"ID":30}],[{"utility":68,"ID":7},{"utility":51,"ID":11}],[{"utility":82,"ID":13},{"utility":57,"ID":24}],[{"utility":18,"ID":2},{"utility":87,"ID":9}],[{"utility":0,"ID":26}],[{"utility":68,"ID":1},{"utility":78,"ID":3}],[],[],[],[],[],[],[],[],[],[],[],[],[],[]],"STARTING COALITION: ":[[null],[{"utility":0,"ID":21}],[{"utility":10.4,"ID":2},{"utility":32.8,"ID":12},{"utility":5.4,"ID":13},{"utility":23.8,"ID":14},{"utility":33.6,"ID":18},{"utility":30.2,"ID":20}],[],[],[{"utility":0,"ID":26}],[{"utility":16,"ID":1},{"utility":0,"ID":22}],[{"utility":45,"ID":15},{"utility":17,"ID":17}],[{"utility":0,"ID":27},{"utility":8,"ID":29}],[{"utility":32,"ID":5},{"utility":21,"ID":10},{"utility":10.666666666666666,"ID":24},{"utility":38,"ID":25}],[{"utility":0,"ID":3}],[],[{"utility":0,"ID":30}],[{"utility":47.333333333333336,"ID":4},{"utility":36,"ID":6},{"utility":2,"ID":7},{"utility":13,"ID":16}],[{"utility":72,"ID":23},{"utility":91,"ID":28}],[{"utility":28,"ID":8},{"utility":38,"ID":19}],[{"utility":0,"ID":9},{"utility":48,"ID":11}],[],[],[],[],[],[],[],[],[],[],[],[],[],[]],"CORE :":true,"Relazioni :":470,"Time : ":0.2,"LAST PARTITION":{"22":6,"23":3,"24":13,"25":9,"26":15,"27":4,"28":3,"29":8,"30":11,"10":1,"11":12,"12":10,"13":13,"14":4,"15":8,"16":7,"17":7,"18":2,"19":11,"1":16,"2":14,"3":16,"4":6,"5":2,"6":10,"7":12,"8":1,"9":14,"20":8,"21":9}},{"Modalità dinamica :":true,"Q : ":4,"STARTING PARTITION: ":{"22":6,"23":14,"24":9,"25":9,"26":5,"27":8,"28":14,"29":8,"30":12,"10":9,"11":16,"12":2,"13":2,"14":2,"15":7,"16":13,"17":7,"18":2,"19":15,"1":6,"2":2,"3":10,"4":13,"5":9,"6":13,"7":13,"8":15,"9":16,"20":2,"21":1},"LAST COALITION":[[],[{"utility":64,"ID":3},{"utility":66,"ID":6}],[{"utility":94,"ID":14},{"utility":87,"ID":27}],[{"utility":98,"ID":1},{"utility":3,"ID":20}],[{"utility":68,"ID":7},{"utility":51,"ID":11}],[{"utility":20.5,"ID":2},{"utility":60,"ID":12},{"utility":36,"ID":26}],[{"utility":94,"ID":5},{"utility":87,"ID":18}],[{"utility":100,"ID":4},{"utility":74,"ID":22}],[{"utility":79,"ID":9},{"utility":73,"ID":17}],[{"utility":58,"ID":21},{"utility":96,"ID":25}],[],[],[{"utility":83,"ID":8},{"utility":77,"ID":10}],[{"utility":85,"ID":19},{"utility":85,"ID":30}],[{"utility":72,"ID":23},{"utility":91,"ID":28}],[{"utility":0,"ID":16}],[],[{"utility":82,"ID":13},{"utility":57,"ID":24}],[],[{"utility":16,"ID":15},{"utility":68,"ID":29}],[],[],[],[],[],[],[],[],[],[],[]],"STARTING COALITION: ":[[null],[{"utility":0,"ID":21}],[{"utility":10.4,"ID":2},{"utility":32.8,"ID":12},{"utility":5.4,"ID":13},{"utility":23.8,"ID":14},{"utility":33.6,"ID":18},{"utility":30.2,"ID":20}],[],[],[{"utility":0,"ID":26}],[{"utility":16,"ID":1},{"utility":0,"ID":22}],[{"utility":45,"ID":15},{"utility":17,"ID":17}],[{"utility":0,"ID":27},{"utility":8,"ID":29}],[{"utility":32,"ID":5},{"utility":21,"ID":10},{"utility":10.666666666666666,"ID":24},{"utility":38,"ID":25}],[{"utility":0,"ID":3}],[],[{"utility":0,"ID":30}],[{"utility":47.333333333333336,"ID":4},{"utility":36,"ID":6},{"utility":2,"ID":7},{"utility":13,"ID":16}],[{"utility":72,"ID":23},{"utility":91,"ID":28}],[{"utility":28,"ID":8},{"utility":38,"ID":19}],[{"utility":0,"ID":9},{"utility":48,"ID":11}],[],[],[],[],[],[],[],[],[],[],[],[],[],[]],"CORE :":true,"Relazioni :":470,"Time : ":0.1,"LAST PARTITION":{"22":7,"23":14,"24":17,"25":9,"26":5,"27":2,"28":14,"29":19,"30":13,"10":12,"11":4,"12":5,"13":17,"14":2,"15":19,"16":15,"17":8,"18":6,"19":13,"1":3,"2":5,"3":1,"4":7,"5":6,"6":1,"7":4,"8":12,"9":8,"20":3,"21":9}},{"Modalità dinamica :":true,"Q : ":4,"STARTING PARTITION: ":{"22":6,"23":14,"24":9,"25":9,"26":5,"27":8,"28":14,"29":8,"30":12,"10":9,"11":16,"12":2,"13":2,"14":2,"15":7,"16":13,"17":7,"18":2,"19":15,"1":6,"2":2,"3":10,"4":13,"5":9,"6":13,"7":13,"8":15,"9":16,"20":2,"21":1},"LAST COALITION":[[],[{"utility":28,"ID":16},{"utility":73,"ID":17}],[{"utility":94,"ID":5},{"utility":87,"ID":18}],[{"utility":85,"ID":19},{"utility":85,"ID":30}],[{"utility":18,"ID":2},{"utility":87,"ID":9}],[{"utility":72,"ID":23},{"utility":91,"ID":28}],[],[{"utility":68,"ID":1},{"utility":78,"ID":3}],[{"utility":83,"ID":8},{"utility":77,"ID":10}],[{"utility":94,"ID":14},{"utility":87,"ID":27}],[{"utility":0,"ID":26}],[{"utility":82,"ID":13},{"utility":57,"ID":24}],[{"utility":58,"ID":21},{"utility":96,"ID":25}],[{"utility":68,"ID":7},{"utility":51,"ID":11}],[{"utility":10.5,"ID":15},{"utility":45.5,"ID":20},{"utility":76.5,"ID":29}],[{"utility":100,"ID":4},{"utility":74,"ID":22}],[{"utility":40,"ID":6},{"utility":90,"ID":12}],[],[],[],[],[],[],[],[],[],[],[],[],[],[]],"STARTING COALITION: ":[[null],[{"utility":0,"ID":21}],[{"utility":10.4,"ID":2},{"utility":32.8,"ID":12},{"utility":5.4,"ID":13},{"utility":23.8,"ID":14},{"utility":33.6,"ID":18},{"utility":30.2,"ID":20}],[],[],[{"utility":0,"ID":26}],[{"utility":16,"ID":1},{"utility":0,"ID":22}],[{"utility":45,"ID":15},{"utility":17,"ID":17}],[{"utility":0,"ID":27},{"utility":8,"ID":29}],[{"utility":32,"ID":5},{"utility":21,"ID":10},{"utility":10.666666666666666,"ID":24},{"utility":38,"ID":25}],[{"utility":0,"ID":3}],[],[{"utility":0,"ID":30}],[{"utility":47.333333333333336,"ID":4},{"utility":36,"ID":6},{"utility":2,"ID":7},{"utility":13,"ID":16}],[{"utility":72,"ID":23},{"utility":91,"ID":28}],[{"utility":28,"ID":8},{"utility":38,"ID":19}],[{"utility":0,"ID":9},{"utility":48,"ID":11}],[],[],[],[],[],[],[],[],[],[],[],[],[],[]],"CORE :":true,"Relazioni :":470,"Time : ":0.2,"LAST PARTITION":{"22":15,"23":5,"24":11,"25":12,"26":10,"27":9,"28":5,"29":14,"30":3,"10":8,"11":13,"12":16,"13":11,"14":9,"15":14,"16":1,"17":1,"18":2,"19":3,"1":7,"2":4,"3":7,"4":15,"5":2,"6":16,"7":13,"8":8,"9":4,"20":14,"21":12}},{"Modalità dinamica :":true,"Q : ":5,"STARTING PARTITION: ":{"22":6,"23":14,"24":9,"25":9,"26":5,"27":8,"28":14,"29":8,"30":12,"10":9,"11":16,"12":2,"13":2,"14":2,"15":7,"16":13,"17":7,"18":2,"19":15,"1":6,"2":2,"3":10,"4":13,"5":9,"6":13,"7":13,"8":15,"9":16,"20":2,"21":1},"LAST COALITION":[[],[{"utility":72,"ID":23},{"utility":91,"ID":28}],[{"utility":0,"ID":16}],[{"utility":94,"ID":14},{"utility":87,"ID":27}],[{"utility":85,"ID":19},{"utility":85,"ID":30}],[{"utility":94,"ID":5},{"utility":87,"ID":18}],[{"utility":68,"ID":7},{"utility":51,"ID":11}],[{"utility":58,"ID":21},{"utility":96,"ID":25}],[{"utility":16,"ID":15},{"utility":68,"ID":29}],[{"utility":100,"ID":4},{"utility":74,"ID":22}],[],[{"utility":64,"ID":3},{"utility":66,"ID":6}],[{"utility":83,"ID":8},{"utility":77,"ID":10}],[{"utility":82,"ID":13},{"utility":57,"ID":24}],[{"utility":20.5,"ID":2},{"utility":60,"ID":12},{"utility":36,"ID":26}],[{"utility":98,"ID":1},{"utility":3,"ID":20}],[],[],[],[],[{"utility":79,"ID":9},{"utility":73,"ID":17}],[],[],[],[],[],[],[],[],[],[]],"STARTING COALITION: ":[[null],[{"utility":0,"ID":21}],[{"utility":10.4,"ID":2},{"utility":32.8,"ID":12},{"utility":5.4,"ID":13},{"utility":23.8,"ID":14},{"utility":33.6,"ID":18},{"utility":30.2,"ID":20}],[],[],[{"utility":0,"ID":26}],[{"utility":16,"ID":1},{"utility":0,"ID":22}],[{"utility":45,"ID":15},{"utility":17,"ID":17}],[{"utility":0,"ID":27},{"utility":8,"ID":29}],[{"utility":32,"ID":5},{"utility":21,"ID":10},{"utility":10.666666666666666,"ID":24},{"utility":38,"ID":25}],[{"utility":0,"ID":3}],[],[{"utility":0,"ID":30}],[{"utility":47.333333333333336,"ID":4},{"utility":36,"ID":6},{"utility":2,"ID":7},{"utility":13,"ID":16}],[{"utility":72,"ID":23},{"utility":91,"ID":28}],[{"utility":28,"ID":8},{"utility":38,"ID":19}],[{"utility":0,"ID":9},{"utility":48,"ID":11}],[],[],[],[],[],[],[],[],[],[],[],[],[],[]],"CORE :":true,"Relazioni :":470,"Time : ":0.1,"LAST PARTITION":{"22":9,"23":1,"24":13,"25":7,"26":14,"27":3,"28":1,"29":8,"30":4,"10":12,"11":6,"12":14,"13":13,"14":3,"15":8,"16":2,"17":20,"18":5,"19":4,"1":15,"2":14,"3":11,"4":9,"5":5,"6":11,"7":6,"8":12,"9":20,"20":15,"21":7}},{"Modalità dinamica :":true,"Q : ":5,"STARTING PARTITION: ":{"22":6,"23":14,"24":9,"25":9,"26":5,"27":8,"28":14,"29":8,"30":12,"10":9,"11":16,"12":2,"13":2,"14":2,"15":7,"16":13,"17":7,"18":2,"19":15,"1":6,"2":2,"3":10,"4":13,"5":9,"6":13,"7":13,"8":15,"9":16,"20":2,"21":1},"LAST COALITION":[[],[{"utility":0,"ID":26}],[{"utility":82,"ID":13},{"utility":57,"ID":24}],[{"utility":28,"ID":16},{"utility":73,"ID":17}],[{"utility":58,"ID":21},{"utility":96,"ID":25}],[{"utility":85,"ID":19},{"utility":85,"ID":30}],[],[],[{"utility":40,"ID":6},{"utility":90,"ID":12}],[{"utility":18,"ID":2},{"utility":87,"ID":9}],[{"utility":68,"ID":1},{"utility":78,"ID":3}],[{"utility":83,"ID":8},{"utility":77,"ID":10}],[{"utility":10.5,"ID":15},{"utility":45.5,"ID":20},{"utility":76.5,"ID":29}],[{"utility":72,"ID":23},{"utility":91,"ID":28}],[{"utility":68,"ID":7},{"utility":51,"ID":11}],[],[{"utility":94,"ID":14},{"utility":87,"ID":27}],[{"utility":100,"ID":4},{"utility":74,"ID":22}],[],[{"utility":94,"ID":5},{"utility":87,"ID":18}],[],[],[],[],[],[],[],[],[],[],[]],"STARTING COALITION: ":[[null],[{"utility":0,"ID":21}],[{"utility":10.4,"ID":2},{"utility":32.8,"ID":12},{"utility":5.4,"ID":13},{"utility":23.8,"ID":14},{"utility":33.6,"ID":18},{"utility":30.2,"ID":20}],[],[],[{"utility":0,"ID":26}],[{"utility":16,"ID":1},{"utility":0,"ID":22}],[{"utility":45,"ID":15},{"utility":17,"ID":17}],[{"utility":0,"ID":27},{"utility":8,"ID":29}],[{"utility":32,"ID":5},{"utility":21,"ID":10},{"utility":10.666666666666666,"ID":24},{"utility":38,"ID":25}],[{"utility":0,"ID":3}],[],[{"utility":0,"ID":30}],[{"utility":47.333333333333336,"ID":4},{"utility":36,"ID":6},{"utility":2,"ID":7},{"utility":13,"ID":16}],[{"utility":72,"ID":23},{"utility":91,"ID":28}],[{"utility":28,"ID":8},{"utility":38,"ID":19}],[{"utility":0,"ID":9},{"utility":48,"ID":11}],[],[],[],[],[],[],[],[],[],[],[],[],[],[]],"CORE :":true,"Relazioni :":470,"Time : ":0.2,"LAST PARTITION":{"22":17,"23":13,"24":2,"25":4,"26":1,"27":16,"28":13,"29":12,"30":5,"10":11,"11":14,"12":8,"13":2,"14":16,"15":12,"16":3,"17":3,"18":19,"19":5,"1":10,"2":9,"3":10,"4":17,"5":19,"6":8,"7":14,"8":11,"9":9,"20":12,"21":4}},{"Modalità dinamica :":true,"Q : ":6,"STARTING PARTITION: ":{"22":6,"23":14,"24":9,"25":9,"26":5,"27":8,"28":14,"29":8,"30":12,"10":9,"11":16,"12":2,"13":2,"14":2,"15":7,"16":13,"17":7,"18":2,"19":15,"1":6,"2":2,"3":10,"4":13,"5":9,"6":13,"7":13,"8":15,"9":16,"20":2,"21":1},"LAST COALITION":[[],[{"utility":94,"ID":14},{"utility":87,"ID":27}],[{"utility":18,"ID":2},{"utility":87,"ID":9}],[{"utility":0,"ID":25}],[{"utility":68,"ID":1},{"utility":78,"ID":3}],[{"utility":83,"ID":8},{"utility":77,"ID":10}],[{"utility":0,"ID":20}],[{"utility":72,"ID":23},{"utility":91,"ID":28}],[{"utility":94,"ID":5},{"utility":87,"ID":18}],[{"utility":49,"ID":11},{"utility":98,"ID":13}],[{"utility":37.5,"ID":16},{"utility":29.5,"ID":19},{"utility":76.5,"ID":26}],[{"utility":0,"ID":7}],[],[{"utility":0,"ID":17}],[],[{"utility":0,"ID":15},{"utility":47,"ID":24}],[{"utility":85,"ID":21},{"utility":69,"ID":30}],[{"utility":0,"ID":29}],[{"utility":100,"ID":4},{"utility":74,"ID":22}],[{"utility":40,"ID":6},{"utility":90,"ID":12}],[],[],[],[],[],[],[],[],[],[],[]],"STARTING COALITION: ":[[null],[{"utility":0,"ID":21}],[{"utility":10.4,"ID":2},{"utility":32.8,"ID":12},{"utility":5.4,"ID":13},{"utility":23.8,"ID":14},{"utility":33.6,"ID":18},{"utility":30.2,"ID":20}],[],[],[{"utility":0,"ID":26}],[{"utility":16,"ID":1},{"utility":0,"ID":22}],[{"utility":45,"ID":15},{"utility":17,"ID":17}],[{"utility":0,"ID":27},{"utility":8,"ID":29}],[{"utility":32,"ID":5},{"utility":21,"ID":10},{"utility":10.666666666666666,"ID":24},{"utility":38,"ID":25}],[{"utility":0,"ID":3}],[],[{"utility":0,"ID":30}],[{"utility":47.333333333333336,"ID":4},{"utility":36,"ID":6},{"utility":2,"ID":7},{"utility":13,"ID":16}],[{"utility":72,"ID":23},{"utility":91,"ID":28}],[{"utility":28,"ID":8},{"utility":38,"ID":19}],[{"utility":0,"ID":9},{"utility":48,"ID":11}],[],[],[],[],[],[],[],[],[],[],[],[],[],[]],"CORE :":false,"Relazioni :":470,"Time : ":0.1,"LAST PARTITION":{"22":18,"23":7,"24":15,"25":3,"26":10,"27":1,"28":7,"29":17,"30":16,"10":5,"11":9,"12":19,"13":9,"14":1,"15":15,"16":10,"17":13,"18":8,"19":10,"1":4,"2":2,"3":4,"4":18,"5":8,"6":19,"7":11,"8":5,"9":2,"20":6,"21":16}},{"Modalità dinamica :":true,"Q : ":6,"STARTING PARTITION: ":{"22":6,"23":14,"24":9,"25":9,"26":5,"27":8,"28":14,"29":8,"30":12,"10":9,"11":16,"12":2,"13":2,"14":2,"15":7,"16":13,"17":7,"18":2,"19":15,"1":6,"2":2,"3":10,"4":13,"5":9,"6":13,"7":13,"8":15,"9":16,"20":2,"21":1},"LAST COALITION":[[],[{"utility":94,"ID":14},{"utility":87,"ID":27}],[{"utility":82,"ID":13},{"utility":57,"ID":24}],[{"utility":10.5,"ID":15},{"utility":45.5,"ID":20},{"utility":76.5,"ID":29}],[{"utility":58,"ID":21},{"utility":96,"ID":25}],[{"utility":100,"ID":4},{"utility":74,"ID":22}],[{"utility":68,"ID":7},{"utility":51,"ID":11}],[{"utility":72,"ID":23},{"utility":91,"ID":28}],[{"utility":83,"ID":8},{"utility":77,"ID":10}],[{"utility":68,"ID":1},{"utility":78,"ID":3}],[{"utility":28,"ID":16},{"utility":73,"ID":17}],[],[{"utility":40,"ID":6},{"utility":90,"ID":12}],[{"utility":94,"ID":5},{"utility":87,"ID":18}],[{"utility":0,"ID":26}],[{"utility":18,"ID":2},{"utility":87,"ID":9}],[],[{"utility":85,"ID":19},{"utility":85,"ID":30}],[],[],[],[],[],[],[],[],[],[],[],[],[]],"STARTING COALITION: ":[[null],[{"utility":0,"ID":21}],[{"utility":10.4,"ID":2},{"utility":32.8,"ID":12},{"utility":5.4,"ID":13},{"utility":23.8,"ID":14},{"utility":33.6,"ID":18},{"utility":30.2,"ID":20}],[],[],[{"utility":0,"ID":26}],[{"utility":16,"ID":1},{"utility":0,"ID":22}],[{"utility":45,"ID":15},{"utility":17,"ID":17}],[{"utility":0,"ID":27},{"utility":8,"ID":29}],[{"utility":32,"ID":5},{"utility":21,"ID":10},{"utility":10.666666666666666,"ID":24},{"utility":38,"ID":25}],[{"utility":0,"ID":3}],[],[{"utility":0,"ID":30}],[{"utility":47.333333333333336,"ID":4},{"utility":36,"ID":6},{"utility":2,"ID":7},{"utility":13,"ID":16}],[{"utility":72,"ID":23},{"utility":91,"ID":28}],[{"utility":28,"ID":8},{"utility":38,"ID":19}],[{"utility":0,"ID":9},{"utility":48,"ID":11}],[],[],[],[],[],[],[],[],[],[],[],[],[],[]],"CORE :":true,"Relazioni :":470,"Time : ":0.2,"LAST PARTITION":{"22":5,"23":7,"24":2,"25":4,"26":14,"27":1,"28":7,"29":3,"30":17,"10":8,"11":6,"12":12,"13":2,"14":1,"15":3,"16":10,"17":10,"18":13,"19":17,"1":9,"2":15,"3":9,"4":5,"5":13,"6":12,"7":6,"8":8,"9":15,"20":3,"21":4}},{"Modalità dinamica :":true,"Q : ":7,"STARTING PARTITION: ":{"22":6,"23":14,"24":9,"25":9,"26":5,"27":8,"28":14,"29":8,"30":12,"10":9,"11":16,"12":2,"13":2,"14":2,"15":7,"16":13,"17":7,"18":2,"19":15,"1":6,"2":2,"3":10,"4":13,"5":9,"6":13,"7":13,"8":15,"9":16,"20":2,"21":1},"LAST COALITION":[[],[{"utility":100,"ID":4},{"utility":74,"ID":22}],[{"utility":94,"ID":14},{"utility":87,"ID":27}],[{"utility":40,"ID":6},{"utility":90,"ID":12}],[{"utility":18,"ID":2},{"utility":87,"ID":9}],[{"utility":94,"ID":5},{"utility":87,"ID":18}],[{"utility":82,"ID":13},{"utility":57,"ID":24}],[{"utility":10.5,"ID":15},{"utility":45.5,"ID":20},{"utility":76.5,"ID":29}],[],[],[{"utility":85,"ID":19},{"utility":85,"ID":30}],[{"utility":0,"ID":26}],[{"utility":72,"ID":23},{"utility":91,"ID":28}],[{"utility":68,"ID":1},{"utility":78,"ID":3}],[{"utility":28,"ID":16},{"utility":73,"ID":17}],[{"utility":68,"ID":7},{"utility":51,"ID":11}],[],[],[{"utility":58,"ID":21},{"utility":96,"ID":25}],[{"utility":83,"ID":8},{"utility":77,"ID":10}],[],[],[],[],[],[],[],[],[],[],[]],"STARTING COALITION: ":[[null],[{"utility":0,"ID":21}],[{"utility":10.4,"ID":2},{"utility":32.8,"ID":12},{"utility":5.4,"ID":13},{"utility":23.8,"ID":14},{"utility":33.6,"ID":18},{"utility":30.2,"ID":20}],[],[],[{"utility":0,"ID":26}],[{"utility":16,"ID":1},{"utility":0,"ID":22}],[{"utility":45,"ID":15},{"utility":17,"ID":17}],[{"utility":0,"ID":27},{"utility":8,"ID":29}],[{"utility":32,"ID":5},{"utility":21,"ID":10},{"utility":10.666666666666666,"ID":24},{"utility":38,"ID":25}],[{"utility":0,"ID":3}],[],[{"utility":0,"ID":30}],[{"utility":47.333333333333336,"ID":4},{"utility":36,"ID":6},{"utility":2,"ID":7},{"utility":13,"ID":16}],[{"utility":72,"ID":23},{"utility":91,"ID":28}],[{"utility":28,"ID":8},{"utility":38,"ID":19}],[{"utility":0,"ID":9},{"utility":48,"ID":11}],[],[],[],[],[],[],[],[],[],[],[],[],[],[]],"CORE :":true,"Relazioni :":470,"Time : ":0.1,"LAST PARTITION":{"22":1,"23":12,"24":6,"25":18,"26":11,"27":2,"28":12,"29":7,"30":10,"10":19,"11":15,"12":3,"13":6,"14":2,"15":7,"16":14,"17":14,"18":5,"19":10,"1":13,"2":4,"3":13,"4":1,"5":5,"6":3,"7":15,"8":19,"9":4,"20":7,"21":18}},{"Modalità dinamica :":true,"Q : ":7,"STARTING PARTITION: ":{"22":6,"23":14,"24":9,"25":9,"26":5,"27":8,"28":14,"29":8,"30":12,"10":9,"11":16,"12":2,"13":2,"14":2,"15":7,"16":13,"17":7,"18":2,"19":15,"1":6,"2":2,"3":10,"4":13,"5":9,"6":13,"7":13,"8":15,"9":16,"20":2,"21":1},"LAST COALITION":[[],[{"utility":94,"ID":14},{"utility":87,"ID":27}],[{"utility":86,"ID":2},{"utility":57,"ID":17}],[{"utility":99,"ID":4},{"utility":63,"ID":6}],[{"utility":94,"ID":5},{"utility":87,"ID":18}],[{"utility":58,"ID":21},{"utility":96,"ID":25}],[{"utility":82,"ID":13},{"utility":57,"ID":24}],[],[{"utility":79,"ID":3},{"utility":53,"ID":12}],[{"utility":85,"ID":19},{"utility":85,"ID":30}],[{"utility":87,"ID":1},{"utility":83,"ID":9}],[{"utility":83,"ID":8},{"utility":77,"ID":10}],[{"utility":72,"ID":23},{"utility":91,"ID":28}],[{"utility":49.5,"ID":15},{"utility":45.5,"ID":20},{"utility":11.5,"ID":26}],[{"utility":68,"ID":7},{"utility":51,"ID":11}],[],[],[{"utility":43.5,"ID":16},{"utility":76.5,"ID":22},{"utility":32,"ID":29}],[],[],[],[],[],[],[],[],[],[],[],[],[]],"STARTING COALITION: ":[[null],[{"utility":0,"ID":21}],[{"utility":10.4,"ID":2},{"utility":32.8,"ID":12},{"utility":5.4,"ID":13},{"utility":23.8,"ID":14},{"utility":33.6,"ID":18},{"utility":30.2,"ID":20}],[],[],[{"utility":0,"ID":26}],[{"utility":16,"ID":1},{"utility":0,"ID":22}],[{"utility":45,"ID":15},{"utility":17,"ID":17}],[{"utility":0,"ID":27},{"utility":8,"ID":29}],[{"utility":32,"ID":5},{"utility":21,"ID":10},{"utility":10.666666666666666,"ID":24},{"utility":38,"ID":25}],[{"utility":0,"ID":3}],[],[{"utility":0,"ID":30}],[{"utility":47.333333333333336,"ID":4},{"utility":36,"ID":6},{"utility":2,"ID":7},{"utility":13,"ID":16}],[{"utility":72,"ID":23},{"utility":91,"ID":28}],[{"utility":28,"ID":8},{"utility":38,"ID":19}],[{"utility":0,"ID":9},{"utility":48,"ID":11}],[],[],[],[],[],[],[],[],[],[],[],[],[],[]],"CORE :":true,"Relazioni :":470,"Time : ":0.2,"LAST PARTITION":{"22":17,"23":12,"24":6,"25":5,"26":13,"27":1,"28":12,"29":17,"30":9,"10":11,"11":14,"12":8,"13":6,"14":1,"15":13,"16":17,"17":2,"18":4,"19":9,"1":10,"2":2,"3":8,"4":3,"5":4,"6":3,"7":14,"8":11,"9":10,"20":13,"21":5}},{"Modalità dinamica :":true,"Q : ":8,"STARTING PARTITION: ":{"22":6,"23":14,"24":9,"25":9,"26":5,"27":8,"28":14,"29":8,"30":12,"10":9,"11":16,"12":2,"13":2,"14":2,"15":7,"16":13,"17":7,"18":2,"19":15,"1":6,"2":2,"3":10,"4":13,"5":9,"6":13,"7":13,"8":15,"9":16,"20":2,"21":1},"LAST COALITION":[[],[{"utility":0,"ID":7}],[{"utility":94,"ID":14},{"utility":87,"ID":27}],[],[{"utility":83,"ID":8},{"utility":77,"ID":10}],[],[{"utility":0,"ID":6}],[{"utility":49.5,"ID":12},{"utility":43.5,"ID":23},{"utility":73.5,"ID":28}],[{"utility":43.5,"ID":16},{"utility":76.5,"ID":22},{"utility":32,"ID":29}],[{"utility":0,"ID":4},{"utility":91,"ID":17}],[{"utility":0,"ID":26}],[{"utility":39.333333333333336,"ID":9},{"utility":24.333333333333332,"ID":11},{"utility":28.666666666666668,"ID":20},{"utility":16.666666666666668,"ID":24}],[{"utility":0,"ID":13}],[{"utility":58,"ID":21},{"utility":96,"ID":25}],[{"utility":0,"ID":2}],[{"utility":85,"ID":19},{"utility":85,"ID":30}],[{"utility":34,"ID":1},{"utility":39,"ID":3},{"utility":86,"ID":15}],[],[],[],[{"utility":94,"ID":5},{"utility":87,"ID":18}],[],[],[],[],[],[],[],[],[],[]],"STARTING COALITION: ":[[null],[{"utility":0,"ID":21}],[{"utility":10.4,"ID":2},{"utility":32.8,"ID":12},{"utility":5.4,"ID":13},{"utility":23.8,"ID":14},{"utility":33.6,"ID":18},{"utility":30.2,"ID":20}],[],[],[{"utility":0,"ID":26}],[{"utility":16,"ID":1},{"utility":0,"ID":22}],[{"utility":45,"ID":15},{"utility":17,"ID":17}],[{"utility":0,"ID":27},{"utility":8,"ID":29}],[{"utility":32,"ID":5},{"utility":21,"ID":10},{"utility":10.666666666666666,"ID":24},{"utility":38,"ID":25}],[{"utility":0,"ID":3}],[],[{"utility":0,"ID":30}],[{"utility":47.333333333333336,"ID":4},{"utility":36,"ID":6},{"utility":2,"ID":7},{"utility":13,"ID":16}],[{"utility":72,"ID":23},{"utility":91,"ID":28}],[{"utility":28,"ID":8},{"utility":38,"ID":19}],[{"utility":0,"ID":9},{"utility":48,"ID":11}],[],[],[],[],[],[],[],[],[],[],[],[],[],[]],"CORE :":false,"Relazioni :":470,"Time : ":0.1,"LAST PARTITION":{"22":8,"23":7,"24":11,"25":13,"26":10,"27":2,"28":7,"29":8,"30":15,"10":4,"11":11,"12":7,"13":12,"14":2,"15":16,"16":8,"17":9,"18":20,"19":15,"1":16,"2":14,"3":16,"4":9,"5":20,"6":6,"7":1,"8":4,"9":11,"20":11,"21":13}},{"Modalità dinamica :":true,"Q : ":8,"STARTING PARTITION: ":{"22":6,"23":14,"24":9,"25":9,"26":5,"27":8,"28":14,"29":8,"30":12,"10":9,"11":16,"12":2,"13":2,"14":2,"15":7,"16":13,"17":7,"18":2,"19":15,"1":6,"2":2,"3":10,"4":13,"5":9,"6":13,"7":13,"8":15,"9":16,"20":2,"21":1},"LAST COALITION":[[],[{"utility":29.5,"ID":12},{"utility":43.5,"ID":13},{"utility":10,"ID":29}],[{"utility":0,"ID":25}],[],[{"utility":94,"ID":14},{"utility":87,"ID":27}],[{"utility":5,"ID":2},{"utility":69,"ID":24}],[{"utility":94,"ID":5},{"utility":87,"ID":18}],[{"utility":96,"ID":6},{"utility":35,"ID":9}],[{"utility":85,"ID":19},{"utility":85,"ID":30}],[],[{"utility":100,"ID":4},{"utility":74,"ID":22}],[{"utility":68,"ID":1},{"utility":78,"ID":3}],[{"utility":5,"ID":15},{"utility":91,"ID":20}],[],[{"utility":83,"ID":8},{"utility":77,"ID":10}],[],[{"utility":68,"ID":7},{"utility":51,"ID":11}],[{"utility":72,"ID":23},{"utility":91,"ID":28}],[{"utility":28,"ID":16},{"utility":73,"ID":17}],[{"utility":27,"ID":21},{"utility":49,"ID":26}],[],[],[],[],[],[],[],[],[],[],[]],"STARTING COALITION: ":[[null],[{"utility":0,"ID":21}],[{"utility":10.4,"ID":2},{"utility":32.8,"ID":12},{"utility":5.4,"ID":13},{"utility":23.8,"ID":14},{"utility":33.6,"ID":18},{"utility":30.2,"ID":20}],[],[],[{"utility":0,"ID":26}],[{"utility":16,"ID":1},{"utility":0,"ID":22}],[{"utility":45,"ID":15},{"utility":17,"ID":17}],[{"utility":0,"ID":27},{"utility":8,"ID":29}],[{"utility":32,"ID":5},{"utility":21,"ID":10},{"utility":10.666666666666666,"ID":24},{"utility":38,"ID":25}],[{"utility":0,"ID":3}],[],[{"utility":0,"ID":30}],[{"utility":47.333333333333336,"ID":4},{"utility":36,"ID":6},{"utility":2,"ID":7},{"utility":13,"ID":16}],[{"utility":72,"ID":23},{"utility":91,"ID":28}],[{"utility":28,"ID":8},{"utility":38,"ID":19}],[{"utility":0,"ID":9},{"utility":48,"ID":11}],[],[],[],[],[],[],[],[],[],[],[],[],[],[]],"CORE :":false,"Relazioni :":470,"Time : ":0.2,"LAST PARTITION":{"22":10,"23":17,"24":5,"25":2,"26":19,"27":4,"28":17,"29":1,"30":8,"10":14,"11":16,"12":1,"13":1,"14":4,"15":12,"16":18,"17":18,"18":6,"19":8,"1":11,"2":5,"3":11,"4":10,"5":6,"6":7,"7":16,"8":14,"9":7,"20":12,"21":19}},{"Modalità dinamica :":true,"Q : ":9,"STARTING PARTITION: ":{"22":6,"23":14,"24":9,"25":9,"26":5,"27":8,"28":14,"29":8,"30":12,"10":9,"11":16,"12":2,"13":2,"14":2,"15":7,"16":13,"17":7,"18":2,"19":15,"1":6,"2":2,"3":10,"4":13,"5":9,"6":13,"7":13,"8":15,"9":16,"20":2,"21":1},"LAST COALITION":[[],[{"utility":16,"ID":15},{"utility":68,"ID":29}],[{"utility":0,"ID":2}],[{"utility":99,"ID":13},{"utility":60,"ID":25}],[{"utility":73,"ID":7},{"utility":52,"ID":12}],[{"utility":87,"ID":1},{"utility":83,"ID":9}],[{"utility":0,"ID":16}],[{"utility":48,"ID":17},{"utility":74,"ID":20}],[{"utility":0,"ID":19}],[{"utility":100,"ID":4},{"utility":74,"ID":22}],[{"utility":94,"ID":14},{"utility":87,"ID":27}],[{"utility":65,"ID":6},{"utility":41,"ID":21}],[{"utility":0,"ID":26}],[{"utility":83,"ID":8},{"utility":77,"ID":10}],[{"utility":72,"ID":23},{"utility":91,"ID":28}],[{"utility":0,"ID":11}],[{"utility":94,"ID":5},{"utility":87,"ID":18}],[{"utility":56,"ID":3},{"utility":91,"ID":30}],[{"utility":0,"ID":24}],[],[],[],[],[],[],[],[],[],[],[],[]],"STARTING COALITION: ":[[null],[{"utility":0,"ID":21}],[{"utility":10.4,"ID":2},{"utility":32.8,"ID":12},{"utility":5.4,"ID":13},{"utility":23.8,"ID":14},{"utility":33.6,"ID":18},{"utility":30.2,"ID":20}],[],[],[{"utility":0,"ID":26}],[{"utility":16,"ID":1},{"utility":0,"ID":22}],[{"utility":45,"ID":15},{"utility":17,"ID":17}],[{"utility":0,"ID":27},{"utility":8,"ID":29}],[{"utility":32,"ID":5},{"utility":21,"ID":10},{"utility":10.666666666666666,"ID":24},{"utility":38,"ID":25}],[{"utility":0,"ID":3}],[],[{"utility":0,"ID":30}],[{"utility":47.333333333333336,"ID":4},{"utility":36,"ID":6},{"utility":2,"ID":7},{"utility":13,"ID":16}],[{"utility":72,"ID":23},{"utility":91,"ID":28}],[{"utility":28,"ID":8},{"utility":38,"ID":19}],[{"utility":0,"ID":9},{"utility":48,"ID":11}],[],[],[],[],[],[],[],[],[],[],[],[],[],[]],"CORE :":false,"Relazioni :":470,"Time : ":0.1,"LAST PARTITION":{"22":9,"23":14,"24":18,"25":3,"26":12,"27":10,"28":14,"29":1,"30":17,"10":13,"11":15,"12":4,"13":3,"14":10,"15":1,"16":6,"17":7,"18":16,"19":8,"1":5,"2":2,"3":17,"4":9,"5":16,"6":11,"7":4,"8":13,"9":5,"20":7,"21":11}},{"Modalità dinamica :":true,"Q : ":9,"STARTING PARTITION: ":{"22":6,"23":14,"24":9,"25":9,"26":5,"27":8,"28":14,"29":8,"30":12,"10":9,"11":16,"12":2,"13":2,"14":2,"15":7,"16":13,"17":7,"18":2,"19":15,"1":6,"2":2,"3":10,"4":13,"5":9,"6":13,"7":13,"8":15,"9":16,"20":2,"21":1},"LAST COALITION":[[],[{"utility":94,"ID":14},{"utility":87,"ID":27}],[{"utility":83,"ID":8},{"utility":77,"ID":10}],[{"utility":0,"ID":24}],[{"utility":59,"ID":19},{"utility":80,"ID":26}],[{"utility":87,"ID":1},{"utility":83,"ID":9}],[{"utility":0,"ID":16}],[{"utility":0,"ID":30}],[{"utility":86,"ID":2},{"utility":57,"ID":17}],[{"utility":0,"ID":12}],[{"utility":0,"ID":7}],[{"utility":100,"ID":4},{"utility":74,"ID":22}],[{"utility":58,"ID":21},{"utility":96,"ID":25}],[{"utility":0,"ID":29}],[{"utility":72,"ID":23},{"utility":91,"ID":28}],[{"utility":64,"ID":3},{"utility":66,"ID":6}],[{"utility":5,"ID":15},{"utility":91,"ID":20}],[{"utility":94,"ID":5},{"utility":87,"ID":18}],[],[{"utility":49,"ID":11},{"utility":98,"ID":13}],[],[],[],[],[],[],[],[],[],[],[]],"STARTING COALITION: ":[[null],[{"utility":0,"ID":21}],[{"utility":10.4,"ID":2},{"utility":32.8,"ID":12},{"utility":5.4,"ID":13},{"utility":23.8,"ID":14},{"utility":33.6,"ID":18},{"utility":30.2,"ID":20}],[],[],[{"utility":0,"ID":26}],[{"utility":16,"ID":1},{"utility":0,"ID":22}],[{"utility":45,"ID":15},{"utility":17,"ID":17}],[{"utility":0,"ID":27},{"utility":8,"ID":29}],[{"utility":32,"ID":5},{"utility":21,"ID":10},{"utility":10.666666666666666,"ID":24},{"utility":38,"ID":25}],[{"utility":0,"ID":3}],[],[{"utility":0,"ID":30}],[{"utility":47.333333333333336,"ID":4},{"utility":36,"ID":6},{"utility":2,"ID":7},{"utility":13,"ID":16}],[{"utility":72,"ID":23},{"utility":91,"ID":28}],[{"utility":28,"ID":8},{"utility":38,"ID":19}],[{"utility":0,"ID":9},{"utility":48,"ID":11}],[],[],[],[],[],[],[],[],[],[],[],[],[],[]],"CORE :":false,"Relazioni :":470,"Time : ":0.2,"LAST PARTITION":{"22":11,"23":14,"24":3,"25":12,"26":4,"27":1,"28":14,"29":13,"30":7,"10":2,"11":19,"12":9,"13":19,"14":1,"15":16,"16":6,"17":8,"18":17,"19":4,"1":5,"2":8,"3":15,"4":11,"5":17,"6":15,"7":10,"8":2,"9":5,"20":16,"21":12}},{"Modalità dinamica :":true,"Q : ":10,"STARTING PARTITION: ":{"22":6,"23":14,"24":9,"25":9,"26":5,"27":8,"28":14,"29":8,"30":12,"10":9,"11":16,"12":2,"13":2,"14":2,"15":7,"16":13,"17":7,"18":2,"19":15,"1":6,"2":2,"3":10,"4":13,"5":9,"6":13,"7":13,"8":15,"9":16,"20":2,"21":1},"LAST COALITION":[[],[{"utility":94,"ID":5},{"utility":87,"ID":18}],[{"utility":0,"ID":1}],[{"utility":85,"ID":19},{"utility":85,"ID":30}],[{"utility":0,"ID":6}],[{"utility":82,"ID":13},{"utility":57,"ID":24}],[{"utility":83,"ID":8},{"utility":77,"ID":10}],[{"utility":73,"ID":7},{"utility":52,"ID":12}],[{"utility":72,"ID":23},{"utility":91,"ID":28}],[{"utility":0,"ID":3}],[{"utility":16,"ID":15},{"utility":68,"ID":29}],[{"utility":0,"ID":11}],[{"utility":94,"ID":14},{"utility":87,"ID":27}],[{"utility":100,"ID":4},{"utility":74,"ID":22}],[{"utility":58,"ID":21},{"utility":96,"ID":25}],[{"utility":69,"ID":9},{"utility":27,"ID":20}],[{"utility":41,"ID":2},{"utility":0,"ID":26}],[{"utility":28,"ID":16},{"utility":73,"ID":17}],[],[],[],[],[],[],[],[],[],[],[],[],[]],"STARTING COALITION: ":[[null],[{"utility":0,"ID":21}],[{"utility":10.4,"ID":2},{"utility":32.8,"ID":12},{"utility":5.4,"ID":13},{"utility":23.8,"ID":14},{"utility":33.6,"ID":18},{"utility":30.2,"ID":20}],[],[],[{"utility":0,"ID":26}],[{"utility":16,"ID":1},{"utility":0,"ID":22}],[{"utility":45,"ID":15},{"utility":17,"ID":17}],[{"utility":0,"ID":27},{"utility":8,"ID":29}],[{"utility":32,"ID":5},{"utility":21,"ID":10},{"utility":10.666666666666666,"ID":24},{"utility":38,"ID":25}],[{"utility":0,"ID":3}],[],[{"utility":0,"ID":30}],[{"utility":47.333333333333336,"ID":4},{"utility":36,"ID":6},{"utility":2,"ID":7},{"utility":13,"ID":16}],[{"utility":72,"ID":23},{"utility":91,"ID":28}],[{"utility":28,"ID":8},{"utility":38,"ID":19}],[{"utility":0,"ID":9},{"utility":48,"ID":11}],[],[],[],[],[],[],[],[],[],[],[],[],[],[]],"CORE :":false,"Relazioni :":470,"Time : ":0.1,"LAST PARTITION":{"22":13,"23":8,"24":5,"25":14,"26":16,"27":12,"28":8,"29":10,"30":3,"10":6,"11":11,"12":7,"13":5,"14":12,"15":10,"16":17,"17":17,"18":1,"19":3,"1":2,"2":16,"3":9,"4":13,"5":1,"6":4,"7":7,"8":6,"9":15,"20":15,"21":14}},{"Modalità dinamica :":true,"Q : ":10,"STARTING PARTITION: ":{"22":6,"23":14,"24":9,"25":9,"26":5,"27":8,"28":14,"29":8,"30":12,"10":9,"11":16,"12":2,"13":2,"14":2,"15":7,"16":13,"17":7,"18":2,"19":15,"1":6,"2":2,"3":10,"4":13,"5":9,"6":13,"7":13,"8":15,"9":16,"20":2,"21":1},"LAST COALITION":[[],[{"utility":0,"ID":1}],[{"utility":94,"ID":14},{"utility":87,"ID":27}],[{"utility":31,"ID":6},{"utility":39,"ID":16}],[{"utility":0,"ID":28}],[{"utility":79,"ID":3},{"utility":53,"ID":12}],[{"utility":0,"ID":15},{"utility":47,"ID":24}],[{"utility":94,"ID":5},{"utility":87,"ID":18}],[{"utility":100,"ID":4},{"utility":74,"ID":22}],[{"utility":0,"ID":26}],[{"utility":58,"ID":21},{"utility":96,"ID":25}],[{"utility":51,"ID":8},{"utility":81,"ID":23}],[{"utility":0,"ID":29}],[{"utility":79,"ID":9},{"utility":73,"ID":17}],[{"utility":0,"ID":2}],[{"utility":85,"ID":19},{"utility":85,"ID":30}],[],[{"utility":0,"ID":11}],[{"utility":97,"ID":7},{"utility":25,"ID":10}],[{"utility":0,"ID":13}],[{"utility":0,"ID":20}],[],[],[],[],[],[],[],[],[],[]],"STARTING COALITION: ":[[null],[{"utility":0,"ID":21}],[{"utility":10.4,"ID":2},{"utility":32.8,"ID":12},{"utility":5.4,"ID":13},{"utility":23.8,"ID":14},{"utility":33.6,"ID":18},{"utility":30.2,"ID":20}],[],[],[{"utility":0,"ID":26}],[{"utility":16,"ID":1},{"utility":0,"ID":22}],[{"utility":45,"ID":15},{"utility":17,"ID":17}],[{"utility":0,"ID":27},{"utility":8,"ID":29}],[{"utility":32,"ID":5},{"utility":21,"ID":10},{"utility":10.666666666666666,"ID":24},{"utility":38,"ID":25}],[{"utility":0,"ID":3}],[],[{"utility":0,"ID":30}],[{"utility":47.333333333333336,"ID":4},{"utility":36,"ID":6},{"utility":2,"ID":7},{"utility":13,"ID":16}],[{"utility":72,"ID":23},{"utility":91,"ID":28}],[{"utility":28,"ID":8},{"utility":38,"ID":19}],[{"utility":0,"ID":9},{"utility":48,"ID":11}],[],[],[],[],[],[],[],[],[],[],[],[],[],[]],"CORE :":false,"Relazioni :":470,"Time : ":0.2,"LAST PARTITION":{"22":8,"23":11,"24":6,"25":10,"26":9,"27":2,"28":4,"29":12,"30":15,"10":18,"11":17,"12":5,"13":19,"14":2,"15":6,"16":3,"17":13,"18":7,"19":15,"1":1,"2":14,"3":5,"4":8,"5":7,"6":3,"7":18,"8":11,"9":13,"20":20,"21":10}},{"END OF FILE:" : true}]