[{"Modalità dinamica :":false,"Q : ":2,"STARTING PARTITION: ":{"22":9,"23":2,"24":3,"25":11,"26":3,"27":7,"28":5,"29":4,"30":4,"10":1,"11":13,"12":3,"13":2,"14":3,"15":9,"16":9,"17":3,"18":8,"19":9,"1":1,"2":1,"3":15,"4":12,"5":1,"6":13,"7":5,"8":4,"9":12,"20":1,"21":7},"LAST COALITION":[[],[{"utility":87,"ID":3},{"utility":86,"ID":7}],[{"utility":0,"ID":13}],[{"utility":73,"ID":9},{"utility":62,"ID":10}],[{"utility":97,"ID":29},{"utility":0,"ID":30}],[{"utility":0,"ID":28}],[{"utility":0,"ID":24}],[{"utility":0,"ID":22}],[{"utility":0,"ID":18}],[{"utility":84,"ID":15},{"utility":0,"ID":19}],[{"utility":0,"ID":23}],[{"utility":0,"ID":25}],[{"utility":95,"ID":5},{"utility":64,"ID":14}],[{"utility":0,"ID":11}],[{"utility":95,"ID":1},{"utility":60,"ID":27}],[{"utility":0,"ID":16}],[{"utility":98,"ID":2},{"utility":87,"ID":20}],[{"utility":77,"ID":4},{"utility":35,"ID":21}],[{"utility":0,"ID":17}],[{"utility":100,"ID":8},{"utility":89,"ID":26}],[{"utility":0,"ID":6}],[{"utility":0,"ID":12}],[],[],[],[],[],[],[],[],[]],"STARTING COALITION: ":[[null],[{"utility":49.75,"ID":1},{"utility":72.25,"ID":2},{"utility":42.75,"ID":5},{"utility":48.75,"ID":10},{"utility":28.75,"ID":20}],[{"utility":57,"ID":13},{"utility":39,"ID":23}],[{"utility":48.75,"ID":12},{"utility":49.75,"ID":14},{"utility":12.5,"ID":17},{"utility":15.5,"ID":24},{"utility":55,"ID":26}],[{"utility":16,"ID":8},{"utility":70,"ID":29},{"utility":0,"ID":30}],[{"utility":0,"ID":7},{"utility":0,"ID":28}],[],[{"utility":0,"ID":21},{"utility":0,"ID":27}],[{"utility":0,"ID":18}],[{"utility":28,"ID":15},{"utility":18.666666666666668,"ID":16},{"utility":36.666666666666664,"ID":19},{"utility":36.666666666666664,"ID":22}],[],[{"utility":0,"ID":25}],[{"utility":94,"ID":4},{"utility":38,"ID":9}],[{"utility":53,"ID":6},{"utility":0,"ID":11}],[],[{"utility":0,"ID":3}],[],[],[],[],[],[],[],[],[],[],[],[],[],[],[]],"CORE :":false,"Relazioni :":570,"Time : ":0.1,"LAST PARTITION":{"22":7,"23":10,"24":6,"25":11,"26":19,"27":14,"28":5,"29":4,"30":4,"10":3,"11":13,"12":21,"13":2,"14":12,"15":9,"16":15,"17":18,"18":8,"19":9,"1":14,"2":16,"3":1,"4":17,"5":12,"6":20,"7":1,"8":19,"9":3,"20":16,"21":17}},{"Modalità dinamica :":false,"Q : ":2,"STARTING PARTITION: ":{"22":9,"23":2,"24":3,"25":11,"26":3,"27":7,"28":5,"29":4,"30":4,"10":1,"11":13,"12":3,"13":2,"14":3,"15":9,"16":9,"17":3,"18":8,"19":9,"1":1,"2":1,"3":15,"4":12,"5":1,"6":13,"7":5,"8":4,"9":12,"20":1,"21":7},"LAST COALITION":[[],[{"utility":87,"ID":3},{"utility":86,"ID":7}],[{"utility":0,"ID":13}],[{"utility":0,"ID":6}],[{"utility":97,"ID":29},{"utility":0,"ID":30}],[{"utility":0,"ID":28}],[{"utility":0,"ID":24}],[{"utility":0,"ID":22}],[{"utility":0,"ID":18}],[{"utility":84,"ID":15},{"utility":0,"ID":19}],[{"utility":0,"ID":23}],[{"utility":0,"ID":25}],[{"utility":95,"ID":5},{"utility":64,"ID":14}],[{"utility":77,"ID":4},{"utility":35,"ID":21}],[{"utility":95,"ID":1},{"utility":60,"ID":27}],[{"utility":0,"ID":11}],[{"utility":98,"ID":2},{"utility":87,"ID":20}],[{"utility":73,"ID":9},{"utility":62,"ID":10}],[{"utility":0,"ID":17}],[{"utility":100,"ID":8},{"utility":89,"ID":26}],[{"utility":0,"ID":16}],[{"utility":0,"ID":12}],[],[],[],[],[],[],[],[],[]],"STARTING COALITION: ":[[null],[{"utility":49.75,"ID":1},{"utility":72.25,"ID":2},{"utility":42.75,"ID":5},{"utility":48.75,"ID":10},{"utility":28.75,"ID":20}],[{"utility":57,"ID":13},{"utility":39,"ID":23}],[{"utility":48.75,"ID":12},{"utility":49.75,"ID":14},{"utility":12.5,"ID":17},{"utility":15.5,"ID":24},{"utility":55,"ID":26}],[{"utility":16,"ID":8},{"utility":70,"ID":29},{"utility":0,"ID":30}],[{"utility":0,"ID":7},{"utility":0,"ID":28}],[],[{"utility":0,"ID":21},{"utility":0,"ID":27}],[{"utility":0,"ID":18}],[{"utility":28,"ID":15},{"utility":18.666666666666668,"ID":16},{"utility":36.666666666666664,"ID":19},{"utility":36.666666666666664,"ID":22}],[],[{"utility":0,"ID":25}],[{"utility":94,"ID":4},{"utility":38,"ID":9}],[{"utility":53,"ID":6},{"utility":0,"ID":11}],[],[{"utility":0,"ID":3}],[],[],[],[],[],[],[],[],[],[],[],[],[],[],[]],"CORE :":false,"Relazioni :":570,"Time : ":0.2,"LAST PARTITION":{"22":7,"23":10,"24":6,"25":11,"26":19,"27":14,"28":5,"29":4,"30":4,"10":17,"11":15,"12":21,"13":2,"14":12,"15":9,"16":20,"17":18,"18":8,"19":9,"1":14,"2":16,"3":1,"4":13,"5":12,"6":3,"7":1,"8":19,"9":17,"20":16,"21":13}},{"Modalità dinamica :":false,"Q : ":3,"STARTING PARTITION: ":{"22":9,"23":2,"24":3,"25":11,"26":3,"27":7,"28":5,"29":4,"30":4,"10":1,"11":13,"12":3,"13":2,"14":3,"15":9,"16":9,"17":3,"18":8,"19":9,"1":1,"2":1,"3":15,"4":12,"5":1,"6":13,"7":5,"8":4,"9":12,"20":1,"21":7},"LAST COALITION":[[],[{"utility":87,"ID":3},{"utility":86,"ID":7}],[{"utility":0,"ID":13}],[{"utility":0,"ID":11}],[{"utility":97,"ID":29},{"utility":0,"ID":30}],[{"utility":0,"ID":28}],[{"utility":0,"ID":24}],[{"utility":0,"ID":22}],[{"utility":0,"ID":18}],[{"utility":84,"ID":15},{"utility":0,"ID":19}],[{"utility":0,"ID":23}],[{"utility":0,"ID":25}],[{"utility":95,"ID":5},{"utility":64,"ID":14}],[{"utility":74,"ID":10},{"utility":35,"ID":16}],[{"utility":95,"ID":1},{"utility":60,"ID":27}],[],[{"utility":98,"ID":2},{"utility":87,"ID":20}],[{"utility":94,"ID":4},{"utility":38,"ID":9}],[{"utility":0,"ID":17}],[{"utility":100,"ID":8},{"utility":89,"ID":26}],[{"utility":0,"ID":21}],[],[{"utility":91,"ID":6},{"utility":26,"ID":12}],[],[],[],[],[],[],[],[]],"STARTING COALITION: ":[[null],[{"utility":49.75,"ID":1},{"utility":72.25,"ID":2},{"utility":42.75,"ID":5},{"utility":48.75,"ID":10},{"utility":28.75,"ID":20}],[{"utility":57,"ID":13},{"utility":39,"ID":23}],[{"utility":48.75,"ID":12},{"utility":49.75,"ID":14},{"utility":12.5,"ID":17},{"utility":15.5,"ID":24},{"utility":55,"ID":26}],[{"utility":16,"ID":8},{"utility":70,"ID":29},{"utility":0,"ID":30}],[{"utility":0,"ID":7},{"utility":0,"ID":28}],[],[{"utility":0,"ID":21},{"utility":0,"ID":27}],[{"utility":0,"ID":18}],[{"utility":28,"ID":15},{"utility":18.666666666666668,"ID":16},{"utility":36.666666666666664,"ID":19},{"utility":36.666666666666664,"ID":22}],[],[{"utility":0,"ID":25}],[{"utility":94,"ID":4},{"utility":38,"ID":9}],[{"utility":53,"ID":6},{"utility":0,"ID":11}],[],[{"utility":0,"ID":3}],[],[],[],[],[],[],[],[],[],[],[],[],[],[],[]],"CORE :":false,"Relazioni :":570,"Time : ":0.1,"LAST PARTITION":{"22":7,"23":10,"24":6,"25":11,"26":19,"27":14,"28":5,"29":4,"30":4,"10":13,"11":3,"12":22,"13":2,"14":12,"15":9,"16":13,"17":18,"18":8,"19":9,"1":14,"2":16,"3":1,"4":17,"5":12,"6":22,"7":1,"8":19,"9":17,"20":16,"21":20}},{"Modalità dinamica :":false,"Q : ":3,"STARTING PARTITION: ":{"22":9,"23":2,"24":3,"25":11,"26":3,"27":7,"28":5,"29":4,"30":4,"10":1,"11":13,"12":3,"13":2,"14":3,"15":9,"16":9,"17":3,"18":8,"19":9,"1":1,"2":1,"3":15,"4":12,"5":1,"6":13,"7":5,"8":4,"9":12,"20":1,"21":7},"LAST COALITION":[[],[{"utility":87,"ID":3},{"utility":86,"ID":7}],[{"utility":0,"ID":13}],[{"utility":0,"ID":11}],[{"utility":97,"ID":29},{"utility":0,"ID":30}],[{"utility":0,"ID":28}],[{"utility":0,"ID":24}],[{"utility":0,"ID":22}],[{"utility":0,"ID":18}],[{"utility":84,"ID":15},{"utility":0,"ID":19}],[{"utility":0,"ID":23}],[{"utility":0,"ID":25}],[{"utility":95,"ID":5},{"utility":64,"ID":14}],[{"utility":98,"ID":6},{"utility":50,"ID":9}],[{"utility":95,"ID":1},{"utility":60,"ID":27}],[],[{"utility":98,"ID":2},{"utility":87,"ID":20}],[{"utility":0,"ID":16}],[{"utility":0,"ID":17}],[{"utility":100,"ID":8},{"utility":89,"ID":26}],[{"utility":77,"ID":4},{"utility":35,"ID":21}],[{"utility":0,"ID":12}],[{"utility":0,"ID":10}],[],[],[],[],[],[],[],[]],"STARTING COALITION: ":[[null],[{"utility":49.75,"ID":1},{"utility":72.25,"ID":2},{"utility":42.75,"ID":5},{"utility":48.75,"ID":10},{"utility":28.75,"ID":20}],[{"utility":57,"ID":13},{"utility":39,"ID":23}],[{"utility":48.75,"ID":12},{"utility":49.75,"ID":14},{"utility":12.5,"ID":17},{"utility":15.5,"ID":24},{"utility":55,"ID":26}],[{"utility":16,"ID":8},{"utility":70,"ID":29},{"utility":0,"ID":30}],[{"utility":0,"ID":7},{"utility":0,"ID":28}],[],[{"utility":0,"ID":21},{"utility":0,"ID":27}],[{"utility":0,"ID":18}],[{"utility":28,"ID":15},{"utility":18.666666666666668,"ID":16},{"utility":36.666666666666664,"ID":19},{"utility":36.666666666666664,"ID":22}],[],[{"utility":0,"ID":25}],[{"utility":94,"ID":4},{"utility":38,"ID":9}],[{"utility":53,"ID":6},{"utility":0,"ID":11}],[],[{"utility":0,"ID":3}],[],[],[],[],[],[],[],[],[],[],[],[],[],[],[]],"CORE :":false,"Relazioni :":570,"Time : ":0.2,"LAST PARTITION":{"22":7,"23":10,"24":6,"25":11,"26":19,"27":14,"28":5,"29":4,"30":4,"10":22,"11":3,"12":21,"13":2,"14":12,"15":9,"16":17,"17":18,"18":8,"19":9,"1":14,"2":16,"3":1,"4":20,"5":12,"6":13,"7":1,"8":19,"9":13,"20":16,"21":20}},{"Modalità dinamica :":false,"Q : ":4,"STARTING PARTITION: ":{"22":9,"23":2,"24":3,"25":11,"26":3,"27":7,"28":5,"29":4,"30":4,"10":1,"11":13,"12":3,"13":2,"14":3,"15":9,"16":9,"17":3,"18":8,"19":9,"1":1,"2":1,"3":15,"4":12,"5":1,"6":13,"7":5,"8":4,"9":12,"20":1,"21":7},"LAST COALITION":[[],[{"utility":87,"ID":3},{"utility":86,"ID":7}],[{"utility":0,"ID":13}],[{"utility":0,"ID":11}],[{"utility":97,"ID":29},{"utility":0,"ID":30}],[{"utility":0,"ID":28}],[{"utility":0,"ID":24}],[{"utility":0,"ID":22}],[{"utility":0,"ID":18}],[{"utility":84,"ID":15},{"utility":0,"ID":19}],[{"utility":0,"ID":23}],[{"utility":0,"ID":25}],[{"utility":95,"ID":5},{"utility":64,"ID":14}],[{"utility":0,"ID":6}],[{"utility":95,"ID":1},{"utility":60,"ID":27}],[{"utility":73,"ID":9},{"utility":62,"ID":10}],[{"utility":98,"ID":2},{"utility":87,"ID":20}],[{"utility":0,"ID":16}],[{"utility":0,"ID":17}],[{"utility":100,"ID":8},{"utility":89,"ID":26}],[{"utility":77,"ID":4},{"utility":35,"ID":21}],[],[{"utility":0,"ID":12}],[],[],[],[],[],[],[],[]],"STARTING COALITION: ":[[null],[{"utility":49.75,"ID":1},{"utility":72.25,"ID":2},{"utility":42.75,"ID":5},{"utility":48.75,"ID":10},{"utility":28.75,"ID":20}],[{"utility":57,"ID":13},{"utility":39,"ID":23}],[{"utility":48.75,"ID":12},{"utility":49.75,"ID":14},{"utility":12.5,"ID":17},{"utility":15.5,"ID":24},{"utility":55,"ID":26}],[{"utility":16,"ID":8},{"utility":70,"ID":29},{"utility":0,"ID":30}],[{"utility":0,"ID":7},{"utility":0,"ID":28}],[],[{"utility":0,"ID":21},{"utility":0,"ID":27}],[{"utility":0,"ID":18}],[{"utility":28,"ID":15},{"utility":18.666666666666668,"ID":16},{"utility":36.666666666666664,"ID":19},{"utility":36.666666666666664,"ID":22}],[],[{"utility":0,"ID":25}],[{"utility":94,"ID":4},{"utility":38,"ID":9}],[{"utility":53,"ID":6},{"utility":0,"ID":11}],[],[{"utility":0,"ID":3}],[],[],[],[],[],[],[],[],[],[],[],[],[],[],[]],"CORE :":false,"Relazioni :":570,"Time : ":0.1,"LAST PARTITION":{"22":7,"23":10,"24":6,"25":11,"26":19,"27":14,"28":5,"29":4,"30":4,"10":15,"11":3,"12":22,"13":2,"14":12,"15":9,"16":17,"17":18,"18":8,"19":9,"1":14,"2":16,"3":1,"4":20,"5":12,"6":13,"7":1,"8":19,"9":15,"20":16,"21":20}},{"Modalità dinamica :":false,"Q : ":4,"STARTING PARTITION: ":{"22":9,"23":2,"24":3,"25":11,"26":3,"27":7,"28":5,"29":4,"30":4,"10":1,"11":13,"12":3,"13":2,"14":3,"15":9,"16":9,"17":3,"18":8,"19":9,"1":1,"2":1,"3":15,"4":12,"5":1,"6":13,"7":5,"8":4,"9":12,"20":1,"21":7},"LAST COALITION":[[],[{"utility":87,"ID":3},{"utility":86,"ID":7}],[{"utility":0,"ID":13}],[],[{"utility":97,"ID":29},{"utility":0,"ID":30}],[{"utility":0,"ID":28}],[{"utility":0,"ID":24}],[{"utility":0,"ID":22}],[{"utility":0,"ID":18}],[{"utility":84,"ID":15},{"utility":0,"ID":19}],[{"utility":0,"ID":23}],[{"utility":0,"ID":25}],[{"utility":95,"ID":5},{"utility":64,"ID":14}],[{"utility":0,"ID":9}],[{"utility":95,"ID":1},{"utility":60,"ID":27}],[{"utility":77,"ID":4},{"utility":35,"ID":21}],[{"utility":98,"ID":2},{"utility":87,"ID":20}],[{"utility":35,"ID":16},{"utility":74,"ID":10}],[{"utility":0,"ID":17}],[{"utility":100,"ID":8},{"utility":89,"ID":26}],[{"utility":0,"ID":11}],[{"utility":91,"ID":6},{"utility":26,"ID":12}],[],[],[],[],[],[],[],[],[]],"STARTING COALITION: ":[[null],[{"utility":49.75,"ID":1},{"utility":72.25,"ID":2},{"utility":42.75,"ID":5},{"utility":48.75,"ID":10},{"utility":28.75,"ID":20}],[{"utility":57,"ID":13},{"utility":39,"ID":23}],[{"utility":48.75,"ID":12},{"utility":49.75,"ID":14},{"utility":12.5,"ID":17},{"utility":15.5,"ID":24},{"utility":55,"ID":26}],[{"utility":16,"ID":8},{"utility":70,"ID":29},{"utility":0,"ID":30}],[{"utility":0,"ID":7},{"utility":0,"ID":28}],[],[{"utility":0,"ID":21},{"utility":0,"ID":27}],[{"utility":0,"ID":18}],[{"utility":28,"ID":15},{"utility":18.666666666666668,"ID":16},{"utility":36.666666666666664,"ID":19},{"utility":36.666666666666664,"ID":22}],[],[{"utility":0,"ID":25}],[{"utility":94,"ID":4},{"utility":38,"ID":9}],[{"utility":53,"ID":6},{"utility":0,"ID":11}],[],[{"utility":0,"ID":3}],[],[],[],[],[],[],[],[],[],[],[],[],[],[],[]],"CORE :":false,"Relazioni :":570,"Time : ":0.2,"LAST PARTITION":{"22":7,"23":10,"24":6,"25":11,"26":19,"27":14,"28":5,"29":4,"30":4,"10":17,"11":20,"12":21,"13":2,"14":12,"15":9,"16":17,"17":18,"18":8,"19":9,"1":14,"2":16,"3":1,"4":15,"5":12,"6":21,"7":1,"8":19,"9":13,"20":16,"21":15}},{"Modalità dinamica :":false,"Q : ":5,"STARTING PARTITION: ":{"22":9,"23":2,"24":3,"25":11,"26":3,"27":7,"28":5,"29":4,"30":4,"10":1,"11":13,"12":3,"13":2,"14":3,"15":9,"16":9,"17":3,"18":8,"19":9,"1":1,"2":1,"3":15,"4":12,"5":1,"6":13,"7":5,"8":4,"9":12,"20":1,"21":7},"LAST COALITION":[[],[{"utility":87,"ID":3},{"utility":86,"ID":7}],[{"utility":0,"ID":13}],[{"utility":77,"ID":4},{"utility":35,"ID":21}],[{"utility":97,"ID":29},{"utility":0,"ID":30}],[{"utility":0,"ID":28}],[{"utility":0,"ID":24}],[{"utility":0,"ID":22}],[{"utility":0,"ID":18}],[{"utility":84,"ID":15},{"utility":0,"ID":19}],[{"utility":0,"ID":23}],[{"utility":0,"ID":25}],[{"utility":95,"ID":5},{"utility":64,"ID":14}],[{"utility":0,"ID":16}],[{"utility":95,"ID":1},{"utility":60,"ID":27}],[{"utility":0,"ID":6}],[{"utility":98,"ID":2},{"utility":87,"ID":20}],[{"utility":0,"ID":11}],[{"utility":0,"ID":17}],[{"utility":100,"ID":8},{"utility":89,"ID":26}],[{"utility":73,"ID":9},{"utility":62,"ID":10}],[{"utility":0,"ID":12}],[],[],[],[],[],[],[],[],[]],"STARTING COALITION: ":[[null],[{"utility":49.75,"ID":1},{"utility":72.25,"ID":2},{"utility":42.75,"ID":5},{"utility":48.75,"ID":10},{"utility":28.75,"ID":20}],[{"utility":57,"ID":13},{"utility":39,"ID":23}],[{"utility":48.75,"ID":12},{"utility":49.75,"ID":14},{"utility":12.5,"ID":17},{"utility":15.5,"ID":24},{"utility":55,"ID":26}],[{"utility":16,"ID":8},{"utility":70,"ID":29},{"utility":0,"ID":30}],[{"utility":0,"ID":7},{"utility":0,"ID":28}],[],[{"utility":0,"ID":21},{"utility":0,"ID":27}],[{"utility":0,"ID":18}],[{"utility":28,"ID":15},{"utility":18.666666666666668,"ID":16},{"utility":36.666666666666664,"ID":19},{"utility":36.666666666666664,"ID":22}],[],[{"utility":0,"ID":25}],[{"utility":94,"ID":4},{"utility":38,"ID":9}],[{"utility":53,"ID":6},{"utility":0,"ID":11}],[],[{"utility":0,"ID":3}],[],[],[],[],[],[],[],[],[],[],[],[],[],[],[]],"CORE :":false,"Relazioni :":570,"Time : ":0.1,"LAST PARTITION":{"22":7,"23":10,"24":6,"25":11,"26":19,"27":14,"28":5,"29":4,"30":4,"10":20,"11":17,"12":21,"13":2,"14":12,"15":9,"16":13,"17":18,"18":8,"19":9,"1":14,"2":16,"3":1,"4":3,"5":12,"6":15,"7":1,"8":19,"9":20,"20":16,"21":3}},{"Modalità dinamica :":false,"Q : ":5,"STARTING PARTITION: ":{"22":9,"23":2,"24":3,"25":11,"26":3,"27":7,"28":5,"29":4,"30":4,"10":1,"11":13,"12":3,"13":2,"14":3,"15":9,"16":9,"17":3,"18":8,"19":9,"1":1,"2":1,"3":15,"4":12,"5":1,"6":13,"7":5,"8":4,"9":12,"20":1,"21":7},"LAST COALITION":[[],[{"utility":87,"ID":3},{"utility":86,"ID":7}],[{"utility":0,"ID":13}],[{"utility":0,"ID":16}],[{"utility":97,"ID":29},{"utility":0,"ID":30}],[{"utility":0,"ID":28}],[{"utility":0,"ID":24}],[{"utility":0,"ID":22}],[{"utility":0,"ID":18}],[{"utility":84,"ID":15},{"utility":0,"ID":19}],[{"utility":0,"ID":23}],[{"utility":0,"ID":25}],[{"utility":95,"ID":5},{"utility":64,"ID":14}],[{"utility":73,"ID":9},{"utility":62,"ID":10}],[{"utility":95,"ID":1},{"utility":60,"ID":27}],[{"utility":77,"ID":4},{"utility":35,"ID":21}],[{"utility":98,"ID":2},{"utility":87,"ID":20}],[{"utility":0,"ID":6}],[{"utility":0,"ID":17}],[{"utility":100,"ID":8},{"utility":89,"ID":26}],[{"utility":0,"ID":11}],[{"utility":0,"ID":12}],[],[],[],[],[],[],[],[],[]],"STARTING COALITION: ":[[null],[{"utility":49.75,"ID":1},{"utility":72.25,"ID":2},{"utility":42.75,"ID":5},{"utility":48.75,"ID":10},{"utility":28.75,"ID":20}],[{"utility":57,"ID":13},{"utility":39,"ID":23}],[{"utility":48.75,"ID":12},{"utility":49.75,"ID":14},{"utility":12.5,"ID":17},{"utility":15.5,"ID":24},{"utility":55,"ID":26}],[{"utility":16,"ID":8},{"utility":70,"ID":29},{"utility":0,"ID":30}],[{"utility":0,"ID":7},{"utility":0,"ID":28}],[],[{"utility":0,"ID":21},{"utility":0,"ID":27}],[{"utility":0,"ID":18}],[{"utility":28,"ID":15},{"utility":18.666666666666668,"ID":16},{"utility":36.666666666666664,"ID":19},{"utility":36.666666666666664,"ID":22}],[],[{"utility":0,"ID":25}],[{"utility":94,"ID":4},{"utility":38,"ID":9}],[{"utility":53,"ID":6},{"utility":0,"ID":11}],[],[{"utility":0,"ID":3}],[],[],[],[],[],[],[],[],[],[],[],[],[],[],[]],"CORE :":false,"Relazioni :":570,"Time : ":0.2,"LAST PARTITION":{"22":7,"23":10,"24":6,"25":11,"26":19,"27":14,"28":5,"29":4,"30":4,"10":13,"11":20,"12":21,"13":2,"14":12,"15":9,"16":3,"17":18,"18":8,"19":9,"1":14,"2":16,"3":1,"4":15,"5":12,"6":17,"7":1,"8":19,"9":13,"20":16,"21":15}},{"Modalità dinamica :":false,"Q : ":6,"STARTING PARTITION: ":{"22":9,"23":2,"24":3,"25":11,"26":3,"27":7,"28":5,"29":4,"30":4,"10":1,"11":13,"12":3,"13":2,"14":3,"15":9,"16":9,"17":3,"18":8,"19":9,"1":1,"2":1,"3":15,"4":12,"5":1,"6":13,"7":5,"8":4,"9":12,"20":1,"21":7},"LAST COALITION":[[],[{"utility":87,"ID":3},{"utility":86,"ID":7}],[{"utility":0,"ID":13}],[{"utility":77,"ID":4},{"utility":35,"ID":21}],[{"utility":97,"ID":29},{"utility":0,"ID":30}],[{"utility":0,"ID":28}],[{"utility":0,"ID":24}],[{"utility":0,"ID":22}],[{"utility":0,"ID":18}],[{"utility":84,"ID":15},{"utility":0,"ID":19}],[{"utility":0,"ID":23}],[{"utility":0,"ID":25}],[{"utility":95,"ID":5},{"utility":64,"ID":14}],[{"utility":0,"ID":16}],[{"utility":95,"ID":1},{"utility":60,"ID":27}],[{"utility":98,"ID":6},{"utility":50,"ID":9}],[{"utility":98,"ID":2},{"utility":87,"ID":20}],[{"utility":0,"ID":11}],[{"utility":0,"ID":17}],[{"utility":100,"ID":8},{"utility":89,"ID":26}],[],[{"utility":0,"ID":12}],[{"utility":0,"ID":10}],[],[],[],[],[],[],[],[]],"STARTING COALITION: ":[[null],[{"utility":49.75,"ID":1},{"utility":72.25,"ID":2},{"utility":42.75,"ID":5},{"utility":48.75,"ID":10},{"utility":28.75,"ID":20}],[{"utility":57,"ID":13},{"utility":39,"ID":23}],[{"utility":48.75,"ID":12},{"utility":49.75,"ID":14},{"utility":12.5,"ID":17},{"utility":15.5,"ID":24},{"utility":55,"ID":26}],[{"utility":16,"ID":8},{"utility":70,"ID":29},{"utility":0,"ID":30}],[{"utility":0,"ID":7},{"utility":0,"ID":28}],[],[{"utility":0,"ID":21},{"utility":0,"ID":27}],[{"utility":0,"ID":18}],[{"utility":28,"ID":15},{"utility":18.666666666666668,"ID":16},{"utility":36.666666666666664,"ID":19},{"utility":36.666666666666664,"ID":22}],[],[{"utility":0,"ID":25}],[{"utility":94,"ID":4},{"utility":38,"ID":9}],[{"utility":53,"ID":6},{"utility":0,"ID":11}],[],[{"utility":0,"ID":3}],[],[],[],[],[],[],[],[],[],[],[],[],[],[],[]],"CORE :":false,"Relazioni :":570,"Time : ":0.1,"LAST PARTITION":{"22":7,"23":10,"24":6,"25":11,"26":19,"27":14,"28":5,"29":4,"30":4,"10":22,"11":17,"12":21,"13":2,"14":12,"15":9,"16":13,"17":18,"18":8,"19":9,"1":14,"2":16,"3":1,"4":3,"5":12,"6":15,"7":1,"8":19,"9":15,"20":16,"21":3}},{"Modalità dinamica :":false,"Q : ":6,"STARTING PARTITION: ":{"22":9,"23":2,"24":3,"25":11,"26":3,"27":7,"28":5,"29":4,"30":4,"10":1,"11":13,"12":3,"13":2,"14":3,"15":9,"16":9,"17":3,"18":8,"19":9,"1":1,"2":1,"3":15,"4":12,"5":1,"6":13,"7":5,"8":4,"9":12,"20":1,"21":7},"LAST COALITION":[[],[{"utility":87,"ID":3},{"utility":86,"ID":7}],[{"utility":0,"ID":13}],[{"utility":0,"ID":16}],[{"utility":97,"ID":29},{"utility":0,"ID":30}],[{"utility":0,"ID":28}],[{"utility":0,"ID":24}],[{"utility":0,"ID":22}],[{"utility":0,"ID":18}],[{"utility":84,"ID":15},{"utility":0,"ID":19}],[{"utility":0,"ID":23}],[{"utility":0,"ID":25}],[{"utility":95,"ID":5},{"utility":64,"ID":14}],[{"utility":73,"ID":9},{"utility":62,"ID":10}],[{"utility":95,"ID":1},{"utility":60,"ID":27}],[{"utility":77,"ID":4},{"utility":35,"ID":21}],[{"utility":98,"ID":2},{"utility":87,"ID":20}],[{"utility":0,"ID":6}],[{"utility":0,"ID":17}],[{"utility":100,"ID":8},{"utility":89,"ID":26}],[{"utility":0,"ID":11}],[{"utility":0,"ID":12}],[],[],[],[],[],[],[],[],[]],"STARTING COALITION: ":[[null],[{"utility":49.75,"ID":1},{"utility":72.25,"ID":2},{"utility":42.75,"ID":5},{"utility":48.75,"ID":10},{"utility":28.75,"ID":20}],[{"utility":57,"ID":13},{"utility":39,"ID":23}],[{"utility":48.75,"ID":12},{"utility":49.75,"ID":14},{"utility":12.5,"ID":17},{"utility":15.5,"ID":24},{"utility":55,"ID":26}],[{"utility":16,"ID":8},{"utility":70,"ID":29},{"utility":0,"ID":30}],[{"utility":0,"ID":7},{"utility":0,"ID":28}],[],[{"utility":0,"ID":21},{"utility":0,"ID":27}],[{"utility":0,"ID":18}],[{"utility":28,"ID":15},{"utility":18.666666666666668,"ID":16},{"utility":36.666666666666664,"ID":19},{"utility":36.666666666666664,"ID":22}],[],[{"utility":0,"ID":25}],[{"utility":94,"ID":4},{"utility":38,"ID":9}],[{"utility":53,"ID":6},{"utility":0,"ID":11}],[],[{"utility":0,"ID":3}],[],[],[],[],[],[],[],[],[],[],[],[],[],[],[]],"CORE :":false,"Relazioni :":570,"Time : ":0.2,"LAST PARTITION":{"22":7,"23":10,"24":6,"25":11,"26":19,"27":14,"28":5,"29":4,"30":4,"10":13,"11":20,"12":21,"13":2,"14":12,"15":9,"16":3,"17":18,"18":8,"19":9,"1":14,"2":16,"3":1,"4":15,"5":12,"6":17,"7":1,"8":19,"9":13,"20":16,"21":15}},{"Modalità dinamica :":false,"Q : ":7,"STARTING PARTITION: ":{"22":9,"23":2,"24":3,"25":11,"26":3,"27":7,"28":5,"29":4,"30":4,"10":1,"11":13,"12":3,"13":2,"14":3,"15":9,"16":9,"17":3,"18":8,"19":9,"1":1,"2":1,"3":15,"4":12,"5":1,"6":13,"7":5,"8":4,"9":12,"20":1,"21":7},"LAST COALITION":[[],[{"utility":87,"ID":3},{"utility":86,"ID":7}],[{"utility":0,"ID":13}],[{"utility":0,"ID":16}],[{"utility":97,"ID":29},{"utility":0,"ID":30}],[{"utility":0,"ID":28}],[{"utility":0,"ID":24}],[{"utility":0,"ID":22}],[{"utility":0,"ID":18}],[{"utility":84,"ID":15},{"utility":0,"ID":19}],[{"utility":0,"ID":23}],[{"utility":0,"ID":25}],[{"utility":95,"ID":5},{"utility":64,"ID":14}],[{"utility":0,"ID":21}],[{"utility":95,"ID":1},{"utility":60,"ID":27}],[{"utility":0,"ID":11}],[{"utility":98,"ID":2},{"utility":87,"ID":20}],[{"utility":98,"ID":6},{"utility":50,"ID":9}],[{"utility":0,"ID":17}],[{"utility":100,"ID":8},{"utility":89,"ID":26}],[],[{"utility":0,"ID":12}],[{"utility":54,"ID":4},{"utility":76,"ID":10}],[],[],[],[],[],[],[],[]],"STARTING COALITION: ":[[null],[{"utility":49.75,"ID":1},{"utility":72.25,"ID":2},{"utility":42.75,"ID":5},{"utility":48.75,"ID":10},{"utility":28.75,"ID":20}],[{"utility":57,"ID":13},{"utility":39,"ID":23}],[{"utility":48.75,"ID":12},{"utility":49.75,"ID":14},{"utility":12.5,"ID":17},{"utility":15.5,"ID":24},{"utility":55,"ID":26}],[{"utility":16,"ID":8},{"utility":70,"ID":29},{"utility":0,"ID":30}],[{"utility":0,"ID":7},{"utility":0,"ID":28}],[],[{"utility":0,"ID":21},{"utility":0,"ID":27}],[{"utility":0,"ID":18}],[{"utility":28,"ID":15},{"utility":18.666666666666668,"ID":16},{"utility":36.666666666666664,"ID":19},{"utility":36.666666666666664,"ID":22}],[],[{"utility":0,"ID":25}],[{"utility":94,"ID":4},{"utility":38,"ID":9}],[{"utility":53,"ID":6},{"utility":0,"ID":11}],[],[{"utility":0,"ID":3}],[],[],[],[],[],[],[],[],[],[],[],[],[],[],[]],"CORE :":false,"Relazioni :":570,"Time : ":0.1,"LAST PARTITION":{"22":7,"23":10,"24":6,"25":11,"26":19,"27":14,"28":5,"29":4,"30":4,"10":22,"11":15,"12":21,"13":2,"14":12,"15":9,"16":3,"17":18,"18":8,"19":9,"1":14,"2":16,"3":1,"4":22,"5":12,"6":17,"7":1,"8":19,"9":17,"20":16,"21":13}},{"Modalità dinamica :":false,"Q : ":7,"STARTING PARTITION: ":{"22":9,"23":2,"24":3,"25":11,"26":3,"27":7,"28":5,"29":4,"30":4,"10":1,"11":13,"12":3,"13":2,"14":3,"15":9,"16":9,"17":3,"18":8,"19":9,"1":1,"2":1,"3":15,"4":12,"5":1,"6":13,"7":5,"8":4,"9":12,"20":1,"21":7},"LAST COALITION":[[],[{"utility":87,"ID":3},{"utility":86,"ID":7}],[{"utility":0,"ID":13}],[{"utility":55,"ID":4},{"utility":82,"ID":11}],[{"utility":97,"ID":29},{"utility":0,"ID":30}],[{"utility":0,"ID":28}],[{"utility":0,"ID":24}],[{"utility":0,"ID":22}],[{"utility":0,"ID":18}],[{"utility":84,"ID":15},{"utility":0,"ID":19}],[{"utility":0,"ID":23}],[{"utility":0,"ID":25}],[{"utility":95,"ID":5},{"utility":64,"ID":14}],[{"utility":98,"ID":6},{"utility":50,"ID":9}],[{"utility":95,"ID":1},{"utility":60,"ID":27}],[{"utility":0,"ID":21}],[{"utility":98,"ID":2},{"utility":87,"ID":20}],[{"utility":0,"ID":16}],[{"utility":0,"ID":17}],[{"utility":100,"ID":8},{"utility":89,"ID":26}],[],[{"utility":0,"ID":10}],[{"utility":0,"ID":12}],[],[],[],[],[],[],[],[]],"STARTING COALITION: ":[[null],[{"utility":49.75,"ID":1},{"utility":72.25,"ID":2},{"utility":42.75,"ID":5},{"utility":48.75,"ID":10},{"utility":28.75,"ID":20}],[{"utility":57,"ID":13},{"utility":39,"ID":23}],[{"utility":48.75,"ID":12},{"utility":49.75,"ID":14},{"utility":12.5,"ID":17},{"utility":15.5,"ID":24},{"utility":55,"ID":26}],[{"utility":16,"ID":8},{"utility":70,"ID":29},{"utility":0,"ID":30}],[{"utility":0,"ID":7},{"utility":0,"ID":28}],[],[{"utility":0,"ID":21},{"utility":0,"ID":27}],[{"utility":0,"ID":18}],[{"utility":28,"ID":15},{"utility":18.666666666666668,"ID":16},{"utility":36.666666666666664,"ID":19},{"utility":36.666666666666664,"ID":22}],[],[{"utility":0,"ID":25}],[{"utility":94,"ID":4},{"utility":38,"ID":9}],[{"utility":53,"ID":6},{"utility":0,"ID":11}],[],[{"utility":0,"ID":3}],[],[],[],[],[],[],[],[],[],[],[],[],[],[],[]],"CORE :":false,"Relazioni :":570,"Time : ":0.2,"LAST PARTITION":{"22":7,"23":10,"24":6,"25":11,"26":19,"27":14,"28":5,"29":4,"30":4,"10":21,"11":3,"12":22,"13":2,"14":12,"15":9,"16":17,"17":18,"18":8,"19":9,"1":14,"2":16,"3":1,"4":3,"5":12,"6":13,"7":1,"8":19,"9":13,"20":16,"21":15}},{"Modalità dinamica :":false,"Q : ":8,"STARTING PARTITION: ":{"22":9,"23":2,"24":3,"25":11,"26":3,"27":7,"28":5,"29":4,"30":4,"10":1,"11":13,"12":3,"13":2,"14":3,"15":9,"16":9,"17":3,"18":8,"19":9,"1":1,"2":1,"3":15,"4":12,"5":1,"6":13,"7":5,"8":4,"9":12,"20":1,"21":7},"LAST COALITION":[[],[{"utility":87,"ID":3},{"utility":86,"ID":7}],[{"utility":0,"ID":13}],[{"utility":77,"ID":4},{"utility":35,"ID":21}],[{"utility":97,"ID":29},{"utility":0,"ID":30}],[{"utility":0,"ID":28}],[{"utility":0,"ID":24}],[{"utility":0,"ID":22}],[{"utility":0,"ID":18}],[{"utility":84,"ID":15},{"utility":0,"ID":19}],[{"utility":0,"ID":23}],[{"utility":0,"ID":25}],[{"utility":95,"ID":5},{"utility":64,"ID":14}],[],[{"utility":95,"ID":1},{"utility":60,"ID":27}],[{"utility":35,"ID":16},{"utility":74,"ID":10}],[{"utility":98,"ID":2},{"utility":87,"ID":20}],[{"utility":0,"ID":11}],[{"utility":0,"ID":17}],[{"utility":100,"ID":8},{"utility":89,"ID":26}],[{"utility":0,"ID":9}],[],[{"utility":91,"ID":6},{"utility":26,"ID":12}],[],[],[],[],[],[],[],[]],"STARTING COALITION: ":[[null],[{"utility":49.75,"ID":1},{"utility":72.25,"ID":2},{"utility":42.75,"ID":5},{"utility":48.75,"ID":10},{"utility":28.75,"ID":20}],[{"utility":57,"ID":13},{"utility":39,"ID":23}],[{"utility":48.75,"ID":12},{"utility":49.75,"ID":14},{"utility":12.5,"ID":17},{"utility":15.5,"ID":24},{"utility":55,"ID":26}],[{"utility":16,"ID":8},{"utility":70,"ID":29},{"utility":0,"ID":30}],[{"utility":0,"ID":7},{"utility":0,"ID":28}],[],[{"utility":0,"ID":21},{"utility":0,"ID":27}],[{"utility":0,"ID":18}],[{"utility":28,"ID":15},{"utility":18.666666666666668,"ID":16},{"utility":36.666666666666664,"ID":19},{"utility":36.666666666666664,"ID":22}],[],[{"utility":0,"ID":25}],[{"utility":94,"ID":4},{"utility":38,"ID":9}],[{"utility":53,"ID":6},{"utility":0,"ID":11}],[],[{"utility":0,"ID":3}],[],[],[],[],[],[],[],[],[],[],[],[],[],[],[]],"CORE :":false,"Relazioni :":570,"Time : ":0.1,"LAST PARTITION":{"22":7,"23":10,"24":6,"25":11,"26":19,"27":14,"28":5,"29":4,"30":4,"10":15,"11":17,"12":22,"13":2,"14":12,"15":9,"16":15,"17":18,"18":8,"19":9,"1":14,"2":16,"3":1,"4":3,"5":12,"6":22,"7":1,"8":19,"9":20,"20":16,"21":3}},{"Modalità dinamica :":false,"Q : ":8,"STARTING PARTITION: ":{"22":9,"23":2,"24":3,"25":11,"26":3,"27":7,"28":5,"29":4,"30":4,"10":1,"11":13,"12":3,"13":2,"14":3,"15":9,"16":9,"17":3,"18":8,"19":9,"1":1,"2":1,"3":15,"4":12,"5":1,"6":13,"7":5,"8":4,"9":12,"20":1,"21":7},"LAST COALITION":[[],[{"utility":87,"ID":3},{"utility":86,"ID":7}],[{"utility":0,"ID":13}],[{"utility":35,"ID":16},{"utility":74,"ID":10}],[{"utility":97,"ID":29},{"utility":0,"ID":30}],[{"utility":0,"ID":28}],[{"utility":0,"ID":24}],[{"utility":0,"ID":22}],[{"utility":0,"ID":18}],[{"utility":84,"ID":15},{"utility":0,"ID":19}],[{"utility":0,"ID":23}],[{"utility":0,"ID":25}],[{"utility":95,"ID":5},{"utility":64,"ID":14}],[{"utility":0,"ID":21}],[{"utility":95,"ID":1},{"utility":60,"ID":27}],[{"utility":0,"ID":11}],[{"utility":98,"ID":2},{"utility":87,"ID":20}],[{"utility":98,"ID":6},{"utility":50,"ID":9}],[{"utility":0,"ID":17}],[{"utility":100,"ID":8},{"utility":89,"ID":26}],[{"utility":0,"ID":4}],[],[{"utility":0,"ID":12}],[],[],[],[],[],[],[],[]],"STARTING COALITION: ":[[null],[{"utility":49.75,"ID":1},{"utility":72.25,"ID":2},{"utility":42.75,"ID":5},{"utility":48.75,"ID":10},{"utility":28.75,"ID":20}],[{"utility":57,"ID":13},{"utility":39,"ID":23}],[{"utility":48.75,"ID":12},{"utility":49.75,"ID":14},{"utility":12.5,"ID":17},{"utility":15.5,"ID":24},{"utility":55,"ID":26}],[{"utility":16,"ID":8},{"utility":70,"ID":29},{"utility":0,"ID":30}],[{"utility":0,"ID":7},{"utility":0,"ID":28}],[],[{"utility":0,"ID":21},{"utility":0,"ID":27}],[{"utility":0,"ID":18}],[{"utility":28,"ID":15},{"utility":18.666666666666668,"ID":16},{"utility":36.666666666666664,"ID":19},{"utility":36.666666666666664,"ID":22}],[],[{"utility":0,"ID":25}],[{"utility":94,"ID":4},{"utility":38,"ID":9}],[{"utility":53,"ID":6},{"utility":0,"ID":11}],[],[{"utility":0,"ID":3}],[],[],[],[],[],[],[],[],[],[],[],[],[],[],[]],"CORE :":false,"Relazioni :":570,"Time : ":0.2,"LAST PARTITION":{"22":7,"23":10,"24":6,"25":11,"26":19,"27":14,"28":5,"29":4,"30":4,"10":3,"11":15,"12":22,"13":2,"14":12,"15":9,"16":3,"17":18,"18":8,"19":9,"1":14,"2":16,"3":1,"4":20,"5":12,"6":17,"7":1,"8":19,"9":17,"20":16,"21":13}},{"Modalità dinamica :":false,"Q : ":9,"STARTING PARTITION: ":{"22":9,"23":2,"24":3,"25":11,"26":3,"27":7,"28":5,"29":4,"30":4,"10":1,"11":13,"12":3,"13":2,"14":3,"15":9,"16":9,"17":3,"18":8,"19":9,"1":1,"2":1,"3":15,"4":12,"5":1,"6":13,"7":5,"8":4,"9":12,"20":1,"21":7},"LAST COALITION":[[],[{"utility":87,"ID":3},{"utility":86,"ID":7}],[{"utility":0,"ID":13}],[{"utility":0,"ID":21}],[{"utility":97,"ID":29},{"utility":0,"ID":30}],[{"utility":0,"ID":28}],[{"utility":0,"ID":24}],[{"utility":0,"ID":22}],[{"utility":0,"ID":18}],[{"utility":84,"ID":15},{"utility":0,"ID":19}],[{"utility":0,"ID":23}],[{"utility":0,"ID":25}],[{"utility":95,"ID":5},{"utility":64,"ID":14}],[{"utility":0,"ID":4}],[{"utility":95,"ID":1},{"utility":60,"ID":27}],[{"utility":35,"ID":16},{"utility":74,"ID":10}],[{"utility":98,"ID":2},{"utility":87,"ID":20}],[{"utility":0,"ID":11}],[{"utility":0,"ID":17}],[{"utility":100,"ID":8},{"utility":89,"ID":26}],[{"utility":98,"ID":6},{"utility":50,"ID":9}],[{"utility":0,"ID":12}],[],[],[],[],[],[],[],[],[]],"STARTING COALITION: ":[[null],[{"utility":49.75,"ID":1},{"utility":72.25,"ID":2},{"utility":42.75,"ID":5},{"utility":48.75,"ID":10},{"utility":28.75,"ID":20}],[{"utility":57,"ID":13},{"utility":39,"ID":23}],[{"utility":48.75,"ID":12},{"utility":49.75,"ID":14},{"utility":12.5,"ID":17},{"utility":15.5,"ID":24},{"utility":55,"ID":26}],[{"utility":16,"ID":8},{"utility":70,"ID":29},{"utility":0,"ID":30}],[{"utility":0,"ID":7},{"utility":0,"ID":28}],[],[{"utility":0,"ID":21},{"utility":0,"ID":27}],[{"utility":0,"ID":18}],[{"utility":28,"ID":15},{"utility":18.666666666666668,"ID":16},{"utility":36.666666666666664,"ID":19},{"utility":36.666666666666664,"ID":22}],[],[{"utility":0,"ID":25}],[{"utility":94,"ID":4},{"utility":38,"ID":9}],[{"utility":53,"ID":6},{"utility":0,"ID":11}],[],[{"utility":0,"ID":3}],[],[],[],[],[],[],[],[],[],[],[],[],[],[],[]],"CORE :":false,"Relazioni :":570,"Time : ":0.1,"LAST PARTITION":{"22":7,"23":10,"24":6,"25":11,"26":19,"27":14,"28":5,"29":4,"30":4,"10":15,"11":17,"12":21,"13":2,"14":12,"15":9,"16":15,"17":18,"18":8,"19":9,"1":14,"2":16,"3":1,"4":13,"5":12,"6":20,"7":1,"8":19,"9":20,"20":16,"21":3}},{"Modalità dinamica :":false,"Q : ":9,"STARTING PARTITION: ":{"22":9,"23":2,"24":3,"25":11,"26":3,"27":7,"28":5,"29":4,"30":4,"10":1,"11":13,"12":3,"13":2,"14":3,"15":9,"16":9,"17":3,"18":8,"19":9,"1":1,"2":1,"3":15,"4":12,"5":1,"6":13,"7":5,"8":4,"9":12,"20":1,"21":7},"LAST COALITION":[[],[{"utility":87,"ID":3},{"utility":86,"ID":7}],[{"utility":0,"ID":13}],[],[{"utility":97,"ID":29},{"utility":0,"ID":30}],[{"utility":0,"ID":28}],[{"utility":0,"ID":24}],[{"utility":0,"ID":22}],[{"utility":0,"ID":18}],[{"utility":84,"ID":15},{"utility":0,"ID":19}],[{"utility":0,"ID":23}],[{"utility":0,"ID":25}],[{"utility":95,"ID":5},{"utility":64,"ID":14}],[{"utility":98,"ID":6},{"utility":50,"ID":9}],[{"utility":95,"ID":1},{"utility":60,"ID":27}],[{"utility":0,"ID":21}],[{"utility":98,"ID":2},{"utility":87,"ID":20}],[{"utility":0,"ID":16}],[{"utility":0,"ID":17}],[{"utility":100,"ID":8},{"utility":89,"ID":26}],[{"utility":0,"ID":11}],[{"utility":0,"ID":12}],[{"utility":54,"ID":4},{"utility":76,"ID":10}],[],[],[],[],[],[],[],[]],"STARTING COALITION: ":[[null],[{"utility":49.75,"ID":1},{"utility":72.25,"ID":2},{"utility":42.75,"ID":5},{"utility":48.75,"ID":10},{"utility":28.75,"ID":20}],[{"utility":57,"ID":13},{"utility":39,"ID":23}],[{"utility":48.75,"ID":12},{"utility":49.75,"ID":14},{"utility":12.5,"ID":17},{"utility":15.5,"ID":24},{"utility":55,"ID":26}],[{"utility":16,"ID":8},{"utility":70,"ID":29},{"utility":0,"ID":30}],[{"utility":0,"ID":7},{"utility":0,"ID":28}],[],[{"utility":0,"ID":21},{"utility":0,"ID":27}],[{"utility":0,"ID":18}],[{"utility":28,"ID":15},{"utility":18.666666666666668,"ID":16},{"utility":36.666666666666664,"ID":19},{"utility":36.666666666666664,"ID":22}],[],[{"utility":0,"ID":25}],[{"utility":94,"ID":4},{"utility":38,"ID":9}],[{"utility":53,"ID":6},{"utility":0,"ID":11}],[],[{"utility":0,"ID":3}],[],[],[],[],[],[],[],[],[],[],[],[],[],[],[]],"CORE :":false,"Relazioni :":570,"Time : ":0.2,"LAST PARTITION":{"22":7,"23":10,"24":6,"25":11,"26":19,"27":14,"28":5,"29":4,"30":4,"10":22,"11":20,"12":21,"13":2,"14":12,"15":9,"16":17,"17":18,"18":8,"19":9,"1":14,"2":16,"3":1,"4":22,"5":12,"6":13,"7":1,"8":19,"9":13,"20":16,"21":15}},{"Modalità dinamica :":false,"Q : ":10,"STARTING PARTITION: ":{"22":9,"23":2,"24":3,"25":11,"26":3,"27":7,"28":5,"29":4,"30":4,"10":1,"11":13,"12":3,"13":2,"14":3,"15":9,"16":9,"17":3,"18":8,"19":9,"1":1,"2":1,"3":15,"4":12,"5":1,"6":13,"7":5,"8":4,"9":12,"20":1,"21":7},"LAST COALITION":[[],[{"utility":87,"ID":3},{"utility":86,"ID":7}],[{"utility":0,"ID":13}],[{"utility":73,"ID":9},{"utility":62,"ID":10}],[{"utility":97,"ID":29},{"utility":0,"ID":30}],[{"utility":0,"ID":28}],[{"utility":0,"ID":24}],[{"utility":0,"ID":22}],[{"utility":0,"ID":18}],[{"utility":84,"ID":15},{"utility":0,"ID":19}],[{"utility":0,"ID":23}],[{"utility":0,"ID":25}],[{"utility":95,"ID":5},{"utility":64,"ID":14}],[{"utility":0,"ID":11}],[{"utility":95,"ID":1},{"utility":60,"ID":27}],[{"utility":0,"ID":16}],[{"utility":98,"ID":2},{"utility":87,"ID":20}],[{"utility":77,"ID":4},{"utility":35,"ID":21}],[{"utility":0,"ID":17}],[{"utility":100,"ID":8},{"utility":89,"ID":26}],[],[{"utility":91,"ID":6},{"utility":26,"ID":12}],[],[],[],[],[],[],[],[],[]],"STARTING COALITION: ":[[null],[{"utility":49.75,"ID":1},{"utility":72.25,"ID":2},{"utility":42.75,"ID":5},{"utility":48.75,"ID":10},{"utility":28.75,"ID":20}],[{"utility":57,"ID":13},{"utility":39,"ID":23}],[{"utility":48.75,"ID":12},{"utility":49.75,"ID":14},{"utility":12.5,"ID":17},{"utility":15.5,"ID":24},{"utility":55,"ID":26}],[{"utility":16,"ID":8},{"utility":70,"ID":29},{"utility":0,"ID":30}],[{"utility":0,"ID":7},{"utility":0,"ID":28}],[],[{"utility":0,"ID":21},{"utility":0,"ID":27}],[{"utility":0,"ID":18}],[{"utility":28,"ID":15},{"utility":18.666666666666668,"ID":16},{"utility":36.666666666666664,"ID":19},{"utility":36.666666666666664,"ID":22}],[],[{"utility":0,"ID":25}],[{"utility":94,"ID":4},{"utility":38,"ID":9}],[{"utility":53,"ID":6},{"utility":0,"ID":11}],[],[{"utility":0,"ID":3}],[],[],[],[],[],[],[],[],[],[],[],[],[],[],[]],"CORE :":false,"Relazioni :":570,"Time : ":0.1,"LAST PARTITION":{"22":7,"23":10,"24":6,"25":11,"26":19,"27":14,"28":5,"29":4,"30":4,"10":3,"11":13,"12":21,"13":2,"14":12,"15":9,"16":15,"17":18,"18":8,"19":9,"1":14,"2":16,"3":1,"4":17,"5":12,"6":21,"7":1,"8":19,"9":3,"20":16,"21":17}},{"Modalità dinamica :":false,"Q : ":10,"STARTING PARTITION: ":{"22":9,"23":2,"24":3,"25":11,"26":3,"27":7,"28":5,"29":4,"30":4,"10":1,"11":13,"12":3,"13":2,"14":3,"15":9,"16":9,"17":3,"18":8,"19":9,"1":1,"2":1,"3":15,"4":12,"5":1,"6":13,"7":5,"8":4,"9":12,"20":1,"21":7},"LAST COALITION":[[],[{"utility":87,"ID":3},{"utility":86,"ID":7}],[{"utility":0,"ID":13}],[],[{"utility":97,"ID":29},{"utility":0,"ID":30}],[{"utility":0,"ID":28}],[{"utility":0,"ID":24}],[{"utility":0,"ID":22}],[{"utility":0,"ID":18}],[{"utility":84,"ID":15},{"utility":0,"ID":19}],[{"utility":0,"ID":23}],[{"utility":0,"ID":25}],[{"utility":95,"ID":5},{"utility":64,"ID":14}],[{"utility":0,"ID":9}],[{"utility":95,"ID":1},{"utility":60,"ID":27}],[{"utility":77,"ID":4},{"utility":35,"ID":21}],[{"utility":98,"ID":2},{"utility":87,"ID":20}],[{"utility":35,"ID":16},{"utility":74,"ID":10}],[{"utility":0,"ID":17}],[{"utility":100,"ID":8},{"utility":89,"ID":26}],[{"utility":0,"ID":11}],[{"utility":91,"ID":6},{"utility":26,"ID":12}],[],[],[],[],[],[],[],[],[]],"STARTING COALITION: ":[[null],[{"utility":49.75,"ID":1},{"utility":72.25,"ID":2},{"utility":42.75,"ID":5},{"utility":48.75,"ID":10},{"utility":28.75,"ID":20}],[{"utility":57,"ID":13},{"utility":39,"ID":23}],[{"utility":48.75,"ID":12},{"utility":49.75,"ID":14},{"utility":12.5,"ID":17},{"utility":15.5,"ID":24},{"utility":55,"ID":26}],[{"utility":16,"ID":8},{"utility":70,"ID":29},{"utility":0,"ID":30}],[{"utility":0,"ID":7},{"utility":0,"ID":28}],[],[{"utility":0,"ID":21},{"utility":0,"ID":27}],[{"utility":0,"ID":18}],[{"utility":28,"ID":15},{"utility":18.666666666666668,"ID":16},{"utility":36.666666666666664,"ID":19},{"utility":36.666666666666664,"ID":22}],[],[{"utility":0,"ID":25}],[{"utility":94,"ID":4},{"utility":38,"ID":9}],[{"utility":53,"ID":6},{"utility":0,"ID":11}],[],[{"utility":0,"ID":3}],[],[],[],[],[],[],[],[],[],[],[],[],[],[],[]],"CORE :":false,"Relazioni :":570,"Time : ":0.2,"LAST PARTITION":{"22":7,"23":10,"24":6,"25":11,"26":19,"27":14,"28":5,"29":4,"30":4,"10":17,"11":20,"12":21,"13":2,"14":12,"15":9,"16":17,"17":18,"18":8,"19":9,"1":14,"2":16,"3":1,"4":15,"5":12,"6":21,"7":1,"8":19,"9":13,"20":16,"21":15}},{"Modalità dinamica :":true,"Q : ":2,"STARTING PARTITION: ":{"22":9,"23":2,"24":3,"25":11,"26":3,"27":7,"28":5,"29":4,"30":4,"10":1,"11":13,"12":3,"13":2,"14":3,"15":9,"16":9,"17":3,"18":8,"19":9,"1":1,"2":1,"3":15,"4":12,"5":1,"6":13,"7":5,"8":4,"9":12,"20":1,"21":7},"LAST COALITION":[[],[{"utility":100,"ID":18},{"utility":78,"ID":19}],[{"utility":74,"ID":10},{"utility":35,"ID":16}],[{"utility":37,"ID":12},{"utility":36,"ID":29}],[{"utility":86,"ID":13},{"utility":89,"ID":17}],[{"utility":99,"ID":24},{"utility":63,"ID":25}],[{"utility":98,"ID":2},{"utility":87,"ID":20}],[{"utility":87,"ID":3},{"utility":86,"ID":7}],[{"utility":19,"ID":14},{"utility":96,"ID":26}],[{"utility":0,"ID":6}],[{"utility":0,"ID":5}],[{"utility":100,"ID":15},{"utility":71,"ID":28}],[],[{"utility":83,"ID":8},{"utility":62,"ID":22}],[{"utility":95,"ID":1},{"utility":60,"ID":27}],[{"utility":65,"ID":9},{"utility":77,"ID":21}],[{"utility":66,"ID":4},{"utility":80,"ID":23}],[{"utility":68,"ID":11},{"utility":86,"ID":30}],[],[],[],[],[],[],[],[],[],[],[],[],[]],"STARTING COALITION: ":[[null],[{"utility":49.75,"ID":1},{"utility":72.25,"ID":2},{"utility":42.75,"ID":5},{"utility":48.75,"ID":10},{"utility":28.75,"ID":20}],[{"utility":57,"ID":13},{"utility":39,"ID":23}],[{"utility":48.75,"ID":12},{"utility":49.75,"ID":14},{"utility":12.5,"ID":17},{"utility":15.5,"ID":24},{"utility":55,"ID":26}],[{"utility":16,"ID":8},{"utility":70,"ID":29},{"utility":0,"ID":30}],[{"utility":0,"ID":7},{"utility":0,"ID":28}],[],[{"utility":0,"ID":21},{"utility":0,"ID":27}],[{"utility":0,"ID":18}],[{"utility":28,"ID":15},{"utility":18.666666666666668,"ID":16},{"utility":36.666666666666664,"ID":19},{"utility":36.666666666666664,"ID":22}],[],[{"utility":0,"ID":25}],[{"utility":94,"ID":4},{"utility":38,"ID":9}],[{"utility":53,"ID":6},{"utility":0,"ID":11}],[],[{"utility":0,"ID":3}],[],[],[],[],[],[],[],[],[],[],[],[],[],[],[]],"CORE :":false,"Relazioni :":570,"Time : ":0.1,"LAST PARTITION":{"22":13,"23":16,"24":5,"25":5,"26":8,"27":14,"28":11,"29":3,"30":17,"10":2,"11":17,"12":3,"13":4,"14":8,"15":11,"16":2,"17":4,"18":1,"19":1,"1":14,"2":6,"3":7,"4":16,"5":10,"6":9,"7":7,"8":13,"9":15,"20":6,"21":15}},{"Modalità dinamica :":true,"Q : ":2,"STARTING PARTITION: ":{"22":9,"23":2,"24":3,"25":11,"26":3,"27":7,"28":5,"29":4,"30":4,"10":1,"11":13,"12":3,"13":2,"14":3,"15":9,"16":9,"17":3,"18":8,"19":9,"1":1,"2":1,"3":15,"4":12,"5":1,"6":13,"7":5,"8":4,"9":12,"20":1,"21":7},"LAST COALITION":[[],[{"utility":100,"ID":15},{"utility":71,"ID":28}],[{"utility":100,"ID":18},{"utility":78,"ID":19}],[{"utility":55,"ID":4},{"utility":82,"ID":11}],[{"utility":99,"ID":24},{"utility":63,"ID":25}],[{"utility":7,"ID":21},{"utility":23,"ID":30}],[{"utility":0,"ID":3}],[{"utility":77,"ID":1},{"utility":46,"ID":23}],[{"utility":0,"ID":22}],[{"utility":0,"ID":12}],[{"utility":0,"ID":14}],[{"utility":0,"ID":7}],[{"utility":0,"ID":16}],[],[{"utility":100,"ID":8},{"utility":89,"ID":26}],[{"utility":86,"ID":13},{"utility":89,"ID":17}],[{"utility":73,"ID":9},{"utility":62,"ID":10}],[{"utility":96,"ID":5},{"utility":13,"ID":29}],[{"utility":98,"ID":2},{"utility":87,"ID":20}],[],[{"utility":69,"ID":6},{"utility":86,"ID":27}],[],[],[],[],[],[],[],[],[],[]],"STARTING COALITION: ":[[null],[{"utility":49.75,"ID":1},{"utility":72.25,"ID":2},{"utility":42.75,"ID":5},{"utility":48.75,"ID":10},{"utility":28.75,"ID":20}],[{"utility":57,"ID":13},{"utility":39,"ID":23}],[{"utility":48.75,"ID":12},{"utility":49.75,"ID":14},{"utility":12.5,"ID":17},{"utility":15.5,"ID":24},{"utility":55,"ID":26}],[{"utility":16,"ID":8},{"utility":70,"ID":29},{"utility":0,"ID":30}],[{"utility":0,"ID":7},{"utility":0,"ID":28}],[],[{"utility":0,"ID":21},{"utility":0,"ID":27}],[{"utility":0,"ID":18}],[{"utility":28,"ID":15},{"utility":18.666666666666668,"ID":16},{"utility":36.666666666666664,"ID":19},{"utility":36.666666666666664,"ID":22}],[],[{"utility":0,"ID":25}],[{"utility":94,"ID":4},{"utility":38,"ID":9}],[{"utility":53,"ID":6},{"utility":0,"ID":11}],[],[{"utility":0,"ID":3}],[],[],[],[],[],[],[],[],[],[],[],[],[],[],[]],"CORE :":false,"Relazioni :":570,"Time : ":0.2,"LAST PARTITION":{"22":8,"23":7,"24":4,"25":4,"26":14,"27":20,"28":1,"29":17,"30":5,"10":16,"11":3,"12":9,"13":15,"14":10,"15":1,"16":12,"17":15,"18":2,"19":2,"1":7,"2":18,"3":6,"4":3,"5":17,"6":20,"7":11,"8":14,"9":16,"20":18,"21":5}},{"Modalità dinamica :":true,"Q : ":3,"STARTING PARTITION: ":{"22":9,"23":2,"24":3,"25":11,"26":3,"27":7,"28":5,"29":4,"30":4,"10":1,"11":13,"12":3,"13":2,"14":3,"15":9,"16":9,"17":3,"18":8,"19":9,"1":1,"2":1,"3":15,"4":12,"5":1,"6":13,"7":5,"8":4,"9":12,"20":1,"21":7},"LAST COALITION":[[],[],[{"utility":100,"ID":15},{"utility":71,"ID":28}],[{"utility":100,"ID":8},{"utility":89,"ID":26}],[{"utility":86,"ID":13},{"utility":89,"ID":17}],[{"utility":95,"ID":1},{"utility":60,"ID":27}],[{"utility":98,"ID":2},{"utility":87,"ID":20}],[],[{"utility":66,"ID":4},{"utility":80,"ID":23}],[{"utility":100,"ID":18},{"utility":78,"ID":19}],[{"utility":96,"ID":5},{"utility":13,"ID":29}],[{"utility":87,"ID":3},{"utility":86,"ID":7}],[{"utility":68,"ID":11},{"utility":86,"ID":30}],[{"utility":73,"ID":9},{"utility":62,"ID":10}],[{"utility":86,"ID":6},{"utility":64,"ID":14}],[{"utility":57.5,"ID":21},{"utility":94,"ID":24},{"utility":64,"ID":25}],[{"utility":60,"ID":12},{"utility":46,"ID":16}],[],[{"utility":0,"ID":22}],[],[],[],[],[],[],[],[],[],[],[],[]],"STARTING COALITION: ":[[null],[{"utility":49.75,"ID":1},{"utility":72.25,"ID":2},{"utility":42.75,"ID":5},{"utility":48.75,"ID":10},{"utility":28.75,"ID":20}],[{"utility":57,"ID":13},{"utility":39,"ID":23}],[{"utility":48.75,"ID":12},{"utility":49.75,"ID":14},{"utility":12.5,"ID":17},{"utility":15.5,"ID":24},{"utility":55,"ID":26}],[{"utility":16,"ID":8},{"utility":70,"ID":29},{"utility":0,"ID":30}],[{"utility":0,"ID":7},{"utility":0,"ID":28}],[],[{"utility":0,"ID":21},{"utility":0,"ID":27}],[{"utility":0,"ID":18}],[{"utility":28,"ID":15},{"utility":18.666666666666668,"ID":16},{"utility":36.666666666666664,"ID":19},{"utility":36.666666666666664,"ID":22}],[],[{"utility":0,"ID":25}],[{"utility":94,"ID":4},{"utility":38,"ID":9}],[{"utility":53,"ID":6},{"utility":0,"ID":11}],[],[{"utility":0,"ID":3}],[],[],[],[],[],[],[],[],[],[],[],[],[],[],[]],"CORE :":true,"Relazioni :":570,"Time : ":0.1,"LAST PARTITION":{"22":18,"23":8,"24":15,"25":15,"26":3,"27":5,"28":2,"29":10,"30":12,"10":13,"11":12,"12":16,"13":4,"14":14,"15":2,"16":16,"17":4,"18":9,"19":9,"1":5,"2":6,"3":11,"4":8,"5":10,"6":14,"7":11,"8":3,"9":13,"20":6,"21":15}},{"Modalità dinamica :":true,"Q : ":3,"STARTING PARTITION: ":{"22":9,"23":2,"24":3,"25":11,"26":3,"27":7,"28":5,"29":4,"30":4,"10":1,"11":13,"12":3,"13":2,"14":3,"15":9,"16":9,"17":3,"18":8,"19":9,"1":1,"2":1,"3":15,"4":12,"5":1,"6":13,"7":5,"8":4,"9":12,"20":1,"21":7},"LAST COALITION":[[],[],[{"utility":73,"ID":9},{"utility":62,"ID":10}],[{"utility":60,"ID":12},{"utility":46,"ID":16}],[{"utility":98,"ID":2},{"utility":87,"ID":20}],[{"utility":87,"ID":3},{"utility":86,"ID":7}],[{"utility":100,"ID":15},{"utility":71,"ID":28}],[{"utility":68,"ID":11},{"utility":86,"ID":30}],[{"utility":86,"ID":13},{"utility":89,"ID":17}],[{"utility":0,"ID":22}],[{"utility":100,"ID":18},{"utility":78,"ID":19}],[{"utility":86,"ID":6},{"utility":64,"ID":14}],[{"utility":96,"ID":5},{"utility":13,"ID":29}],[{"utility":95,"ID":1},{"utility":60,"ID":27}],[],[{"utility":66,"ID":4},{"utility":80,"ID":23}],[],[{"utility":100,"ID":8},{"utility":89,"ID":26}],[],[],[{"utility":57.5,"ID":21},{"utility":94,"ID":24},{"utility":64,"ID":25}],[],[],[],[],[],[],[],[],[],[]],"STARTING COALITION: ":[[null],[{"utility":49.75,"ID":1},{"utility":72.25,"ID":2},{"utility":42.75,"ID":5},{"utility":48.75,"ID":10},{"utility":28.75,"ID":20}],[{"utility":57,"ID":13},{"utility":39,"ID":23}],[{"utility":48.75,"ID":12},{"utility":49.75,"ID":14},{"utility":12.5,"ID":17},{"utility":15.5,"ID":24},{"utility":55,"ID":26}],[{"utility":16,"ID":8},{"utility":70,"ID":29},{"utility":0,"ID":30}],[{"utility":0,"ID":7},{"utility":0,"ID":28}],[],[{"utility":0,"ID":21},{"utility":0,"ID":27}],[{"utility":0,"ID":18}],[{"utility":28,"ID":15},{"utility":18.666666666666668,"ID":16},{"utility":36.666666666666664,"ID":19},{"utility":36.666666666666664,"ID":22}],[],[{"utility":0,"ID":25}],[{"utility":94,"ID":4},{"utility":38,"ID":9}],[{"utility":53,"ID":6},{"utility":0,"ID":11}],[],[{"utility":0,"ID":3}],[],[],[],[],[],[],[],[],[],[],[],[],[],[],[]],"CORE :":true,"Relazioni :":570,"Time : ":0.2,"LAST PARTITION":{"22":9,"23":15,"24":20,"25":20,"26":17,"27":13,"28":6,"29":12,"30":7,"10":2,"11":7,"12":3,"13":8,"14":11,"15":6,"16":3,"17":8,"18":10,"19":10,"1":13,"2":4,"3":5,"4":15,"5":12,"6":11,"7":5,"8":17,"9":2,"20":4,"21":20}},{"Modalità dinamica :":true,"Q : ":4,"STARTING PARTITION: ":{"22":9,"23":2,"24":3,"25":11,"26":3,"27":7,"28":5,"29":4,"30":4,"10":1,"11":13,"12":3,"13":2,"14":3,"15":9,"16":9,"17":3,"18":8,"19":9,"1":1,"2":1,"3":15,"4":12,"5":1,"6":13,"7":5,"8":4,"9":12,"20":1,"21":7},"LAST COALITION":[[],[{"utility":0,"ID":22}],[{"utility":95,"ID":1},{"utility":60,"ID":27}],[],[{"utility":73,"ID":9},{"utility":62,"ID":10}],[{"utility":100,"ID":15},{"utility":71,"ID":28}],[{"utility":60,"ID":12},{"utility":46,"ID":16}],[{"utility":66,"ID":4},{"utility":80,"ID":23}],[{"utility":100,"ID":8},{"utility":89,"ID":26}],[{"utility":57.5,"ID":21},{"utility":94,"ID":24},{"utility":64,"ID":25}],[],[{"utility":87,"ID":3},{"utility":86,"ID":7}],[{"utility":86,"ID":13},{"utility":89,"ID":17}],[{"utility":68,"ID":11},{"utility":86,"ID":30}],[],[{"utility":96,"ID":5},{"utility":13,"ID":29}],[],[{"utility":86,"ID":6},{"utility":64,"ID":14}],[],[{"utility":98,"ID":2},{"utility":87,"ID":20}],[{"utility":100,"ID":18},{"utility":78,"ID":19}],[],[],[],[],[],[],[],[],[],[]],"STARTING COALITION: ":[[null],[{"utility":49.75,"ID":1},{"utility":72.25,"ID":2},{"utility":42.75,"ID":5},{"utility":48.75,"ID":10},{"utility":28.75,"ID":20}],[{"utility":57,"ID":13},{"utility":39,"ID":23}],[{"utility":48.75,"ID":12},{"utility":49.75,"ID":14},{"utility":12.5,"ID":17},{"utility":15.5,"ID":24},{"utility":55,"ID":26}],[{"utility":16,"ID":8},{"utility":70,"ID":29},{"utility":0,"ID":30}],[{"utility":0,"ID":7},{"utility":0,"ID":28}],[],[{"utility":0,"ID":21},{"utility":0,"ID":27}],[{"utility":0,"ID":18}],[{"utility":28,"ID":15},{"utility":18.666666666666668,"ID":16},{"utility":36.666666666666664,"ID":19},{"utility":36.666666666666664,"ID":22}],[],[{"utility":0,"ID":25}],[{"utility":94,"ID":4},{"utility":38,"ID":9}],[{"utility":53,"ID":6},{"utility":0,"ID":11}],[],[{"utility":0,"ID":3}],[],[],[],[],[],[],[],[],[],[],[],[],[],[],[]],"CORE :":true,"Relazioni :":570,"Time : ":0.1,"LAST PARTITION":{"22":1,"23":7,"24":9,"25":9,"26":8,"27":2,"28":5,"29":15,"30":13,"10":4,"11":13,"12":6,"13":12,"14":17,"15":5,"16":6,"17":12,"18":20,"19":20,"1":2,"2":19,"3":11,"4":7,"5":15,"6":17,"7":11,"8":8,"9":4,"20":19,"21":9}},{"Modalità dinamica :":true,"Q : ":4,"STARTING PARTITION: ":{"22":9,"23":2,"24":3,"25":11,"26":3,"27":7,"28":5,"29":4,"30":4,"10":1,"11":13,"12":3,"13":2,"14":3,"15":9,"16":9,"17":3,"18":8,"19":9,"1":1,"2":1,"3":15,"4":12,"5":1,"6":13,"7":5,"8":4,"9":12,"20":1,"21":7},"LAST COALITION":[[],[{"utility":95,"ID":5},{"utility":64,"ID":14}],[{"utility":60,"ID":12},{"utility":46,"ID":16}],[{"utility":86,"ID":13},{"utility":89,"ID":17}],[{"utility":69,"ID":6},{"utility":86,"ID":27}],[{"utility":73,"ID":9},{"utility":62,"ID":10}],[{"utility":98,"ID":2},{"utility":87,"ID":20}],[{"utility":100,"ID":18},{"utility":78,"ID":19}],[],[{"utility":100,"ID":15},{"utility":71,"ID":28}],[{"utility":0,"ID":22}],[{"utility":75,"ID":1},{"utility":94,"ID":7}],[],[{"utility":68,"ID":11},{"utility":86,"ID":30}],[{"utility":66,"ID":4},{"utility":80,"ID":23}],[{"utility":57.5,"ID":21},{"utility":94,"ID":24},{"utility":64,"ID":25}],[{"utility":14,"ID":3},{"utility":17,"ID":29}],[],[{"utility":100,"ID":8},{"utility":89,"ID":26}],[],[],[],[],[],[],[],[],[],[],[],[]],"STARTING COALITION: ":[[null],[{"utility":49.75,"ID":1},{"utility":72.25,"ID":2},{"utility":42.75,"ID":5},{"utility":48.75,"ID":10},{"utility":28.75,"ID":20}],[{"utility":57,"ID":13},{"utility":39,"ID":23}],[{"utility":48.75,"ID":12},{"utility":49.75,"ID":14},{"utility":12.5,"ID":17},{"utility":15.5,"ID":24},{"utility":55,"ID":26}],[{"utility":16,"ID":8},{"utility":70,"ID":29},{"utility":0,"ID":30}],[{"utility":0,"ID":7},{"utility":0,"ID":28}],[],[{"utility":0,"ID":21},{"utility":0,"ID":27}],[{"utility":0,"ID":18}],[{"utility":28,"ID":15},{"utility":18.666666666666668,"ID":16},{"utility":36.666666666666664,"ID":19},{"utility":36.666666666666664,"ID":22}],[],[{"utility":0,"ID":25}],[{"utility":94,"ID":4},{"utility":38,"ID":9}],[{"utility":53,"ID":6},{"utility":0,"ID":11}],[],[{"utility":0,"ID":3}],[],[],[],[],[],[],[],[],[],[],[],[],[],[],[]],"CORE :":true,"Relazioni :":570,"Time : ":0.2,"LAST PARTITION":{"22":10,"23":14,"24":15,"25":15,"26":18,"27":4,"28":9,"29":16,"30":13,"10":5,"11":13,"12":2,"13":3,"14":1,"15":9,"16":2,"17":3,"18":7,"19":7,"1":11,"2":6,"3":16,"4":14,"5":1,"6":4,"7":11,"8":18,"9":5,"20":6,"21":15}},{"Modalità dinamica :":true,"Q : ":5,"STARTING PARTITION: ":{"22":9,"23":2,"24":3,"25":11,"26":3,"27":7,"28":5,"29":4,"30":4,"10":1,"11":13,"12":3,"13":2,"14":3,"15":9,"16":9,"17":3,"18":8,"19":9,"1":1,"2":1,"3":15,"4":12,"5":1,"6":13,"7":5,"8":4,"9":12,"20":1,"21":7},"LAST COALITION":[[],[{"utility":100,"ID":18},{"utility":78,"ID":19}],[{"utility":100,"ID":8},{"utility":89,"ID":26}],[{"utility":98,"ID":2},{"utility":87,"ID":20}],[{"utility":68,"ID":11},{"utility":86,"ID":30}],[{"utility":0,"ID":22}],[{"utility":100,"ID":15},{"utility":71,"ID":28}],[{"utility":87,"ID":3},{"utility":86,"ID":7}],[{"utility":86,"ID":6},{"utility":64,"ID":14}],[{"utility":86,"ID":13},{"utility":89,"ID":17}],[],[],[{"utility":66,"ID":4},{"utility":80,"ID":23}],[{"utility":60,"ID":12},{"utility":46,"ID":16}],[{"utility":73,"ID":9},{"utility":62,"ID":10}],[{"utility":57.5,"ID":21},{"utility":94,"ID":24},{"utility":64,"ID":25}],[{"utility":95,"ID":1},{"utility":60,"ID":27}],[{"utility":96,"ID":5},{"utility":13,"ID":29}],[],[],[],[],[],[],[],[],[],[],[],[],[]],"STARTING COALITION: ":[[null],[{"utility":49.75,"ID":1},{"utility":72.25,"ID":2},{"utility":42.75,"ID":5},{"utility":48.75,"ID":10},{"utility":28.75,"ID":20}],[{"utility":57,"ID":13},{"utility":39,"ID":23}],[{"utility":48.75,"ID":12},{"utility":49.75,"ID":14},{"utility":12.5,"ID":17},{"utility":15.5,"ID":24},{"utility":55,"ID":26}],[{"utility":16,"ID":8},{"utility":70,"ID":29},{"utility":0,"ID":30}],[{"utility":0,"ID":7},{"utility":0,"ID":28}],[],[{"utility":0,"ID":21},{"utility":0,"ID":27}],[{"utility":0,"ID":18}],[{"utility":28,"ID":15},{"utility":18.666666666666668,"ID":16},{"utility":36.666666666666664,"ID":19},{"utility":36.666666666666664,"ID":22}],[],[{"utility":0,"ID":25}],[{"utility":94,"ID":4},{"utility":38,"ID":9}],[{"utility":53,"ID":6},{"utility":0,"ID":11}],[],[{"utility":0,"ID":3}],[],[],[],[],[],[],[],[],[],[],[],[],[],[],[]],"CORE :":true,"Relazioni :":570,"Time : ":0.1,"LAST PARTITION":{"22":5,"23":12,"24":15,"25":15,"26":2,"27":16,"28":6,"29":17,"30":4,"10":14,"11":4,"12":13,"13":9,"14":8,"15":6,"16":13,"17":9,"18":1,"19":1,"1":16,"2":3,"3":7,"4":12,"5":17,"6":8,"7":7,"8":2,"9":14,"20":3,"21":15}},{"Modalità dinamica :":true,"Q : ":5,"STARTING PARTITION: ":{"22":9,"23":2,"24":3,"25":11,"26":3,"27":7,"28":5,"29":4,"30":4,"10":1,"11":13,"12":3,"13":2,"14":3,"15":9,"16":9,"17":3,"18":8,"19":9,"1":1,"2":1,"3":15,"4":12,"5":1,"6":13,"7":5,"8":4,"9":12,"20":1,"21":7},"LAST COALITION":[[],[{"utility":95,"ID":1},{"utility":60,"ID":27}],[{"utility":100,"ID":18},{"utility":78,"ID":19}],[{"utility":73,"ID":9},{"utility":62,"ID":10}],[],[],[{"utility":60,"ID":12},{"utility":46,"ID":16}],[{"utility":68,"ID":11},{"utility":86,"ID":30}],[{"utility":98,"ID":2},{"utility":87,"ID":20}],[{"utility":86,"ID":6},{"utility":64,"ID":14}],[{"utility":66,"ID":4},{"utility":80,"ID":23}],[{"utility":96,"ID":5},{"utility":13,"ID":29}],[{"utility":0,"ID":22}],[{"utility":100,"ID":15},{"utility":71,"ID":28}],[{"utility":86,"ID":13},{"utility":89,"ID":17}],[{"utility":87,"ID":3},{"utility":86,"ID":7}],[{"utility":57.5,"ID":21},{"utility":94,"ID":24},{"utility":64,"ID":25}],[],[{"utility":100,"ID":8},{"utility":89,"ID":26}],[],[],[],[],[],[],[],[],[],[],[],[]],"STARTING COALITION: ":[[null],[{"utility":49.75,"ID":1},{"utility":72.25,"ID":2},{"utility":42.75,"ID":5},{"utility":48.75,"ID":10},{"utility":28.75,"ID":20}],[{"utility":57,"ID":13},{"utility":39,"ID":23}],[{"utility":48.75,"ID":12},{"utility":49.75,"ID":14},{"utility":12.5,"ID":17},{"utility":15.5,"ID":24},{"utility":55,"ID":26}],[{"utility":16,"ID":8},{"utility":70,"ID":29},{"utility":0,"ID":30}],[{"utility":0,"ID":7},{"utility":0,"ID":28}],[],[{"utility":0,"ID":21},{"utility":0,"ID":27}],[{"utility":0,"ID":18}],[{"utility":28,"ID":15},{"utility":18.666666666666668,"ID":16},{"utility":36.666666666666664,"ID":19},{"utility":36.666666666666664,"ID":22}],[],[{"utility":0,"ID":25}],[{"utility":94,"ID":4},{"utility":38,"ID":9}],[{"utility":53,"ID":6},{"utility":0,"ID":11}],[],[{"utility":0,"ID":3}],[],[],[],[],[],[],[],[],[],[],[],[],[],[],[]],"CORE :":true,"Relazioni :":570,"Time : ":0.2,"LAST PARTITION":{"22":12,"23":10,"24":16,"25":16,"26":18,"27":1,"28":13,"29":11,"30":7,"10":3,"11":7,"12":6,"13":14,"14":9,"15":13,"16":6,"17":14,"18":2,"19":2,"1":1,"2":8,"3":15,"4":10,"5":11,"6":9,"7":15,"8":18,"9":3,"20":8,"21":16}},{"Modalità dinamica :":true,"Q : ":6,"STARTING PARTITION: ":{"22":9,"23":2,"24":3,"25":11,"26":3,"27":7,"28":5,"29":4,"30":4,"10":1,"11":13,"12":3,"13":2,"14":3,"15":9,"16":9,"17":3,"18":8,"19":9,"1":1,"2":1,"3":15,"4":12,"5":1,"6":13,"7":5,"8":4,"9":12,"20":1,"21":7},"LAST COALITION":[[],[{"utility":95,"ID":1},{"utility":60,"ID":27}],[{"utility":0,"ID":16}],[{"utility":91,"ID":6},{"utility":26,"ID":12}],[{"utility":68,"ID":21},{"utility":89,"ID":24}],[{"utility":96,"ID":5},{"utility":13,"ID":29}],[{"utility":30,"ID":25},{"utility":72,"ID":28}],[],[{"utility":100,"ID":8},{"utility":89,"ID":26}],[{"utility":68,"ID":11},{"utility":86,"ID":30}],[{"utility":98,"ID":2},{"utility":87,"ID":20}],[{"utility":73,"ID":9},{"utility":62,"ID":10}],[{"utility":0,"ID":14}],[{"utility":0,"ID":19}],[{"utility":59,"ID":18},{"utility":43,"ID":22}],[{"utility":66,"ID":4},{"utility":80,"ID":23}],[],[{"utility":86,"ID":13},{"utility":89,"ID":17}],[{"utility":0,"ID":15}],[{"utility":87,"ID":3},{"utility":86,"ID":7}],[],[],[],[],[],[],[],[],[],[],[]],"STARTING COALITION: ":[[null],[{"utility":49.75,"ID":1},{"utility":72.25,"ID":2},{"utility":42.75,"ID":5},{"utility":48.75,"ID":10},{"utility":28.75,"ID":20}],[{"utility":57,"ID":13},{"utility":39,"ID":23}],[{"utility":48.75,"ID":12},{"utility":49.75,"ID":14},{"utility":12.5,"ID":17},{"utility":15.5,"ID":24},{"utility":55,"ID":26}],[{"utility":16,"ID":8},{"utility":70,"ID":29},{"utility":0,"ID":30}],[{"utility":0,"ID":7},{"utility":0,"ID":28}],[],[{"utility":0,"ID":21},{"utility":0,"ID":27}],[{"utility":0,"ID":18}],[{"utility":28,"ID":15},{"utility":18.666666666666668,"ID":16},{"utility":36.666666666666664,"ID":19},{"utility":36.666666666666664,"ID":22}],[],[{"utility":0,"ID":25}],[{"utility":94,"ID":4},{"utility":38,"ID":9}],[{"utility":53,"ID":6},{"utility":0,"ID":11}],[],[{"utility":0,"ID":3}],[],[],[],[],[],[],[],[],[],[],[],[],[],[],[]],"CORE :":false,"Relazioni :":570,"Time : ":0.1,"LAST PARTITION":{"22":14,"23":15,"24":4,"25":6,"26":8,"27":1,"28":6,"29":5,"30":9,"10":11,"11":9,"12":3,"13":17,"14":12,"15":18,"16":2,"17":17,"18":14,"19":13,"1":1,"2":10,"3":19,"4":15,"5":5,"6":3,"7":19,"8":8,"9":11,"20":10,"21":4}},{"Modalità dinamica :":true,"Q : ":6,"STARTING PARTITION: ":{"22":9,"23":2,"24":3,"25":11,"26":3,"27":7,"28":5,"29":4,"30":4,"10":1,"11":13,"12":3,"13":2,"14":3,"15":9,"16":9,"17":3,"18":8,"19":9,"1":1,"2":1,"3":15,"4":12,"5":1,"6":13,"7":5,"8":4,"9":12,"20":1,"21":7},"LAST COALITION":[[],[{"utility":86,"ID":13},{"utility":89,"ID":17}],[{"utility":96,"ID":5},{"utility":13,"ID":29}],[{"utility":66,"ID":4},{"utility":80,"ID":23}],[{"utility":86,"ID":6},{"utility":64,"ID":14}],[{"utility":100,"ID":15},{"utility":71,"ID":28}],[{"utility":98,"ID":2},{"utility":87,"ID":20}],[{"utility":73,"ID":9},{"utility":62,"ID":10}],[{"utility":60,"ID":12},{"utility":46,"ID":16}],[{"utility":95,"ID":1},{"utility":60,"ID":27}],[],[{"utility":68,"ID":11},{"utility":86,"ID":30}],[{"utility":87,"ID":3},{"utility":86,"ID":7}],[],[{"utility":57.5,"ID":21},{"utility":94,"ID":24},{"utility":64,"ID":25}],[{"utility":100,"ID":8},{"utility":89,"ID":26}],[],[{"utility":100,"ID":18},{"utility":78,"ID":19}],[{"utility":0,"ID":22}],[],[],[],[],[],[],[],[],[],[],[],[]],"STARTING COALITION: ":[[null],[{"utility":49.75,"ID":1},{"utility":72.25,"ID":2},{"utility":42.75,"ID":5},{"utility":48.75,"ID":10},{"utility":28.75,"ID":20}],[{"utility":57,"ID":13},{"utility":39,"ID":23}],[{"utility":48.75,"ID":12},{"utility":49.75,"ID":14},{"utility":12.5,"ID":17},{"utility":15.5,"ID":24},{"utility":55,"ID":26}],[{"utility":16,"ID":8},{"utility":70,"ID":29},{"utility":0,"ID":30}],[{"utility":0,"ID":7},{"utility":0,"ID":28}],[],[{"utility":0,"ID":21},{"utility":0,"ID":27}],[{"utility":0,"ID":18}],[{"utility":28,"ID":15},{"utility":18.666666666666668,"ID":16},{"utility":36.666666666666664,"ID":19},{"utility":36.666666666666664,"ID":22}],[],[{"utility":0,"ID":25}],[{"utility":94,"ID":4},{"utility":38,"ID":9}],[{"utility":53,"ID":6},{"utility":0,"ID":11}],[],[{"utility":0,"ID":3}],[],[],[],[],[],[],[],[],[],[],[],[],[],[],[]],"CORE :":true,"Relazioni :":570,"Time : ":0.2,"LAST PARTITION":{"22":18,"23":3,"24":14,"25":14,"26":15,"27":9,"28":5,"29":2,"30":11,"10":7,"11":11,"12":8,"13":1,"14":4,"15":5,"16":8,"17":1,"18":17,"19":17,"1":9,"2":6,"3":12,"4":3,"5":2,"6":4,"7":12,"8":15,"9":7,"20":6,"21":14}},{"Modalità dinamica :":true,"Q : ":7,"STARTING PARTITION: ":{"22":9,"23":2,"24":3,"25":11,"26":3,"27":7,"28":5,"29":4,"30":4,"10":1,"11":13,"12":3,"13":2,"14":3,"15":9,"16":9,"17":3,"18":8,"19":9,"1":1,"2":1,"3":15,"4":12,"5":1,"6":13,"7":5,"8":4,"9":12,"20":1,"21":7},"LAST COALITION":[[],[{"utility":62,"ID":11},{"utility":87,"ID":21}],[{"utility":86,"ID":13},{"utility":89,"ID":17}],[{"utility":68,"ID":19},{"utility":77,"ID":22}],[{"utility":95,"ID":5},{"utility":64,"ID":14}],[{"utility":87,"ID":3},{"utility":86,"ID":7}],[{"utility":100,"ID":8},{"utility":89,"ID":26}],[{"utility":0,"ID":23}],[{"utility":0,"ID":29}],[{"utility":46,"ID":12},{"utility":3,"ID":18},{"utility":51.5,"ID":30}],[{"utility":95,"ID":1},{"utility":60,"ID":27}],[{"utility":100,"ID":15},{"utility":71,"ID":28}],[{"utility":74,"ID":4},{"utility":55.5,"ID":9},{"utility":69,"ID":10}],[{"utility":0,"ID":24}],[{"utility":0,"ID":16}],[],[{"utility":0,"ID":25}],[{"utility":98,"ID":2},{"utility":87,"ID":20}],[{"utility":0,"ID":6}],[],[],[],[],[],[],[],[],[],[],[],[]],"STARTING COALITION: ":[[null],[{"utility":49.75,"ID":1},{"utility":72.25,"ID":2},{"utility":42.75,"ID":5},{"utility":48.75,"ID":10},{"utility":28.75,"ID":20}],[{"utility":57,"ID":13},{"utility":39,"ID":23}],[{"utility":48.75,"ID":12},{"utility":49.75,"ID":14},{"utility":12.5,"ID":17},{"utility":15.5,"ID":24},{"utility":55,"ID":26}],[{"utility":16,"ID":8},{"utility":70,"ID":29},{"utility":0,"ID":30}],[{"utility":0,"ID":7},{"utility":0,"ID":28}],[],[{"utility":0,"ID":21},{"utility":0,"ID":27}],[{"utility":0,"ID":18}],[{"utility":28,"ID":15},{"utility":18.666666666666668,"ID":16},{"utility":36.666666666666664,"ID":19},{"utility":36.666666666666664,"ID":22}],[],[{"utility":0,"ID":25}],[{"utility":94,"ID":4},{"utility":38,"ID":9}],[{"utility":53,"ID":6},{"utility":0,"ID":11}],[],[{"utility":0,"ID":3}],[],[],[],[],[],[],[],[],[],[],[],[],[],[],[]],"CORE :":false,"Relazioni :":570,"Time : ":0.1,"LAST PARTITION":{"22":3,"23":7,"24":13,"25":16,"26":6,"27":10,"28":11,"29":8,"30":9,"10":12,"11":1,"12":9,"13":2,"14":4,"15":11,"16":14,"17":2,"18":9,"19":3,"1":10,"2":17,"3":5,"4":12,"5":4,"6":18,"7":5,"8":6,"9":12,"20":17,"21":1}},{"Modalità dinamica :":true,"Q : ":7,"STARTING PARTITION: ":{"22":9,"23":2,"24":3,"25":11,"26":3,"27":7,"28":5,"29":4,"30":4,"10":1,"11":13,"12":3,"13":2,"14":3,"15":9,"16":9,"17":3,"18":8,"19":9,"1":1,"2":1,"3":15,"4":12,"5":1,"6":13,"7":5,"8":4,"9":12,"20":1,"21":7},"LAST COALITION":[[],[{"utility":73,"ID":9},{"utility":62,"ID":10}],[{"utility":100,"ID":15},{"utility":71,"ID":28}],[{"utility":86,"ID":13},{"utility":89,"ID":17}],[{"utility":95,"ID":1},{"utility":60,"ID":27}],[{"utility":66,"ID":4},{"utility":80,"ID":23}],[{"utility":57.5,"ID":21},{"utility":94,"ID":24},{"utility":64,"ID":25}],[{"utility":68,"ID":11},{"utility":86,"ID":30}],[{"utility":96,"ID":5},{"utility":13,"ID":29}],[{"utility":0,"ID":22}],[{"utility":87,"ID":3},{"utility":86,"ID":7}],[{"utility":60,"ID":12},{"utility":46,"ID":16}],[],[{"utility":86,"ID":6},{"utility":64,"ID":14}],[{"utility":98,"ID":2},{"utility":87,"ID":20}],[],[{"utility":100,"ID":18},{"utility":78,"ID":19}],[],[],[],[{"utility":100,"ID":8},{"utility":89,"ID":26}],[],[],[],[],[],[],[],[],[],[]],"STARTING COALITION: ":[[null],[{"utility":49.75,"ID":1},{"utility":72.25,"ID":2},{"utility":42.75,"ID":5},{"utility":48.75,"ID":10},{"utility":28.75,"ID":20}],[{"utility":57,"ID":13},{"utility":39,"ID":23}],[{"utility":48.75,"ID":12},{"utility":49.75,"ID":14},{"utility":12.5,"ID":17},{"utility":15.5,"ID":24},{"utility":55,"ID":26}],[{"utility":16,"ID":8},{"utility":70,"ID":29},{"utility":0,"ID":30}],[{"utility":0,"ID":7},{"utility":0,"ID":28}],[],[{"utility":0,"ID":21},{"utility":0,"ID":27}],[{"utility":0,"ID":18}],[{"utility":28,"ID":15},{"utility":18.666666666666668,"ID":16},{"utility":36.666666666666664,"ID":19},{"utility":36.666666666666664,"ID":22}],[],[{"utility":0,"ID":25}],[{"utility":94,"ID":4},{"utility":38,"ID":9}],[{"utility":53,"ID":6},{"utility":0,"ID":11}],[],[{"utility":0,"ID":3}],[],[],[],[],[],[],[],[],[],[],[],[],[],[],[]],"CORE :":true,"Relazioni :":570,"Time : ":0.2,"LAST PARTITION":{"22":9,"23":5,"24":6,"25":6,"26":20,"27":4,"28":2,"29":8,"30":7,"10":1,"11":7,"12":11,"13":3,"14":13,"15":2,"16":11,"17":3,"18":16,"19":16,"1":4,"2":14,"3":10,"4":5,"5":8,"6":13,"7":10,"8":20,"9":1,"20":14,"21":6}},{"Modalità dinamica :":true,"Q : ":8,"STARTING PARTITION: ":{"22":9,"23":2,"24":3,"25":11,"26":3,"27":7,"28":5,"29":4,"30":4,"10":1,"11":13,"12":3,"13":2,"14":3,"15":9,"16":9,"17":3,"18":8,"19":9,"1":1,"2":1,"3":15,"4":12,"5":1,"6":13,"7":5,"8":4,"9":12,"20":1,"21":7},"LAST COALITION":[[],[{"utility":75,"ID":1},{"utility":79,"ID":12}],[{"utility":0,"ID":16}],[{"utility":98,"ID":2},{"utility":87,"ID":20}],[{"utility":100,"ID":18},{"utility":78,"ID":19}],[{"utility":68,"ID":21},{"utility":89,"ID":24}],[{"utility":61,"ID":7},{"utility":77,"ID":11}],[{"utility":86,"ID":13},{"utility":89,"ID":17}],[{"utility":100,"ID":15},{"utility":71,"ID":28}],[{"utility":0,"ID":22}],[{"utility":48,"ID":8},{"utility":76,"ID":27}],[{"utility":76,"ID":9},{"utility":71,"ID":26}],[],[{"utility":42,"ID":6},{"utility":17,"ID":29}],[{"utility":0,"ID":25}],[{"utility":40.5,"ID":3},{"utility":36.5,"ID":10},{"utility":53,"ID":30}],[{"utility":95,"ID":5},{"utility":64,"ID":14}],[],[],[],[{"utility":66,"ID":4},{"utility":80,"ID":23}],[],[],[],[],[],[],[],[],[],[]],"STARTING COALITION: ":[[null],[{"utility":49.75,"ID":1},{"utility":72.25,"ID":2},{"utility":42.75,"ID":5},{"utility":48.75,"ID":10},{"utility":28.75,"ID":20}],[{"utility":57,"ID":13},{"utility":39,"ID":23}],[{"utility":48.75,"ID":12},{"utility":49.75,"ID":14},{"utility":12.5,"ID":17},{"utility":15.5,"ID":24},{"utility":55,"ID":26}],[{"utility":16,"ID":8},{"utility":70,"ID":29},{"utility":0,"ID":30}],[{"utility":0,"ID":7},{"utility":0,"ID":28}],[],[{"utility":0,"ID":21},{"utility":0,"ID":27}],[{"utility":0,"ID":18}],[{"utility":28,"ID":15},{"utility":18.666666666666668,"ID":16},{"utility":36.666666666666664,"ID":19},{"utility":36.666666666666664,"ID":22}],[],[{"utility":0,"ID":25}],[{"utility":94,"ID":4},{"utility":38,"ID":9}],[{"utility":53,"ID":6},{"utility":0,"ID":11}],[],[{"utility":0,"ID":3}],[],[],[],[],[],[],[],[],[],[],[],[],[],[],[]],"CORE :":false,"Relazioni :":570,"Time : ":0.1,"LAST PARTITION":{"22":9,"23":20,"24":5,"25":14,"26":11,"27":10,"28":8,"29":13,"30":15,"10":15,"11":6,"12":1,"13":7,"14":16,"15":8,"16":2,"17":7,"18":4,"19":4,"1":1,"2":3,"3":15,"4":20,"5":16,"6":13,"7":6,"8":10,"9":11,"20":3,"21":5}},{"Modalità dinamica :":true,"Q : ":8,"STARTING PARTITION: ":{"22":9,"23":2,"24":3,"25":11,"26":3,"27":7,"28":5,"29":4,"30":4,"10":1,"11":13,"12":3,"13":2,"14":3,"15":9,"16":9,"17":3,"18":8,"19":9,"1":1,"2":1,"3":15,"4":12,"5":1,"6":13,"7":5,"8":4,"9":12,"20":1,"21":7},"LAST COALITION":[[],[{"utility":68,"ID":21},{"utility":89,"ID":24}],[],[{"utility":0,"ID":3}],[{"utility":68,"ID":11},{"utility":86,"ID":30}],[{"utility":98,"ID":2},{"utility":87,"ID":20}],[{"utility":86,"ID":13},{"utility":89,"ID":17}],[{"utility":100,"ID":8},{"utility":89,"ID":26}],[{"utility":73,"ID":9},{"utility":62,"ID":10}],[{"utility":67,"ID":16},{"utility":38,"ID":27}],[{"utility":100,"ID":15},{"utility":71,"ID":28}],[{"utility":100,"ID":18},{"utility":78,"ID":19}],[{"utility":37,"ID":12},{"utility":36,"ID":29}],[],[{"utility":75,"ID":1},{"utility":94,"ID":7}],[{"utility":64,"ID":5},{"utility":73,"ID":22},{"utility":26,"ID":23}],[{"utility":86,"ID":6},{"utility":64,"ID":14}],[{"utility":12,"ID":4},{"utility":65,"ID":25}],[],[],[],[],[],[],[],[],[],[],[],[],[]],"STARTING COALITION: ":[[null],[{"utility":49.75,"ID":1},{"utility":72.25,"ID":2},{"utility":42.75,"ID":5},{"utility":48.75,"ID":10},{"utility":28.75,"ID":20}],[{"utility":57,"ID":13},{"utility":39,"ID":23}],[{"utility":48.75,"ID":12},{"utility":49.75,"ID":14},{"utility":12.5,"ID":17},{"utility":15.5,"ID":24},{"utility":55,"ID":26}],[{"utility":16,"ID":8},{"utility":70,"ID":29},{"utility":0,"ID":30}],[{"utility":0,"ID":7},{"utility":0,"ID":28}],[],[{"utility":0,"ID":21},{"utility":0,"ID":27}],[{"utility":0,"ID":18}],[{"utility":28,"ID":15},{"utility":18.666666666666668,"ID":16},{"utility":36.666666666666664,"ID":19},{"utility":36.666666666666664,"ID":22}],[],[{"utility":0,"ID":25}],[{"utility":94,"ID":4},{"utility":38,"ID":9}],[{"utility":53,"ID":6},{"utility":0,"ID":11}],[],[{"utility":0,"ID":3}],[],[],[],[],[],[],[],[],[],[],[],[],[],[],[]],"CORE :":false,"Relazioni :":570,"Time : ":0.2,"LAST PARTITION":{"22":15,"23":15,"24":1,"25":17,"26":7,"27":9,"28":10,"29":12,"30":4,"10":8,"11":4,"12":12,"13":6,"14":16,"15":10,"16":9,"17":6,"18":11,"19":11,"1":14,"2":5,"3":3,"4":17,"5":15,"6":16,"7":14,"8":7,"9":8,"20":5,"21":1}},{"Modalità dinamica :":true,"Q : ":9,"STARTING PARTITION: ":{"22":9,"23":2,"24":3,"25":11,"26":3,"27":7,"28":5,"29":4,"30":4,"10":1,"11":13,"12":3,"13":2,"14":3,"15":9,"16":9,"17":3,"18":8,"19":9,"1":1,"2":1,"3":15,"4":12,"5":1,"6":13,"7":5,"8":4,"9":12,"20":1,"21":7},"LAST COALITION":[[],[{"utility":100,"ID":18},{"utility":78,"ID":19}],[{"utility":100,"ID":8},{"utility":89,"ID":26}],[{"utility":100,"ID":15},{"utility":71,"ID":28}],[{"utility":95,"ID":14},{"utility":0,"ID":25}],[{"utility":86,"ID":13},{"utility":89,"ID":17}],[{"utility":77,"ID":4},{"utility":35,"ID":21}],[{"utility":87,"ID":3},{"utility":86,"ID":7}],[{"utility":96,"ID":5},{"utility":13,"ID":29}],[{"utility":59,"ID":6},{"utility":33.5,"ID":16},{"utility":62,"ID":27}],[{"utility":73,"ID":9},{"utility":62,"ID":10}],[{"utility":68,"ID":11},{"utility":86,"ID":30}],[{"utility":0,"ID":22}],[],[{"utility":84,"ID":12},{"utility":74.5,"ID":23},{"utility":16.5,"ID":24}],[],[{"utility":98,"ID":2},{"utility":87,"ID":20}],[{"utility":0,"ID":1}],[],[],[],[],[],[],[],[],[],[],[],[],[]],"STARTING COALITION: ":[[null],[{"utility":49.75,"ID":1},{"utility":72.25,"ID":2},{"utility":42.75,"ID":5},{"utility":48.75,"ID":10},{"utility":28.75,"ID":20}],[{"utility":57,"ID":13},{"utility":39,"ID":23}],[{"utility":48.75,"ID":12},{"utility":49.75,"ID":14},{"utility":12.5,"ID":17},{"utility":15.5,"ID":24},{"utility":55,"ID":26}],[{"utility":16,"ID":8},{"utility":70,"ID":29},{"utility":0,"ID":30}],[{"utility":0,"ID":7},{"utility":0,"ID":28}],[],[{"utility":0,"ID":21},{"utility":0,"ID":27}],[{"utility":0,"ID":18}],[{"utility":28,"ID":15},{"utility":18.666666666666668,"ID":16},{"utility":36.666666666666664,"ID":19},{"utility":36.666666666666664,"ID":22}],[],[{"utility":0,"ID":25}],[{"utility":94,"ID":4},{"utility":38,"ID":9}],[{"utility":53,"ID":6},{"utility":0,"ID":11}],[],[{"utility":0,"ID":3}],[],[],[],[],[],[],[],[],[],[],[],[],[],[],[]],"CORE :":false,"Relazioni :":570,"Time : ":0.1,"LAST PARTITION":{"22":12,"23":14,"24":14,"25":4,"26":2,"27":9,"28":3,"29":8,"30":11,"10":10,"11":11,"12":14,"13":5,"14":4,"15":3,"16":9,"17":5,"18":1,"19":1,"1":17,"2":16,"3":7,"4":6,"5":8,"6":9,"7":7,"8":2,"9":10,"20":16,"21":6}},{"Modalità dinamica :":true,"Q : ":9,"STARTING PARTITION: ":{"22":9,"23":2,"24":3,"25":11,"26":3,"27":7,"28":5,"29":4,"30":4,"10":1,"11":13,"12":3,"13":2,"14":3,"15":9,"16":9,"17":3,"18":8,"19":9,"1":1,"2":1,"3":15,"4":12,"5":1,"6":13,"7":5,"8":4,"9":12,"20":1,"21":7},"LAST COALITION":[[],[],[{"utility":75,"ID":1},{"utility":94,"ID":7}],[{"utility":82,"ID":12},{"utility":61,"ID":23}],[{"utility":54,"ID":5},{"utility":99,"ID":16}],[{"utility":0,"ID":21}],[{"utility":100,"ID":18},{"utility":78,"ID":19}],[{"utility":86,"ID":13},{"utility":89,"ID":17}],[{"utility":0,"ID":22}],[{"utility":72,"ID":4},{"utility":15,"ID":27}],[{"utility":0,"ID":10}],[{"utility":100,"ID":8},{"utility":89,"ID":26}],[{"utility":98,"ID":2},{"utility":87,"ID":20}],[{"utility":0,"ID":14}],[{"utility":99,"ID":24},{"utility":63,"ID":25}],[{"utility":68,"ID":11},{"utility":86,"ID":30}],[],[{"utility":98,"ID":6},{"utility":50,"ID":9}],[{"utility":14,"ID":3},{"utility":17,"ID":29}],[{"utility":100,"ID":15},{"utility":71,"ID":28}],[],[],[],[],[],[],[],[],[],[],[]],"STARTING COALITION: ":[[null],[{"utility":49.75,"ID":1},{"utility":72.25,"ID":2},{"utility":42.75,"ID":5},{"utility":48.75,"ID":10},{"utility":28.75,"ID":20}],[{"utility":57,"ID":13},{"utility":39,"ID":23}],[{"utility":48.75,"ID":12},{"utility":49.75,"ID":14},{"utility":12.5,"ID":17},{"utility":15.5,"ID":24},{"utility":55,"ID":26}],[{"utility":16,"ID":8},{"utility":70,"ID":29},{"utility":0,"ID":30}],[{"utility":0,"ID":7},{"utility":0,"ID":28}],[],[{"utility":0,"ID":21},{"utility":0,"ID":27}],[{"utility":0,"ID":18}],[{"utility":28,"ID":15},{"utility":18.666666666666668,"ID":16},{"utility":36.666666666666664,"ID":19},{"utility":36.666666666666664,"ID":22}],[],[{"utility":0,"ID":25}],[{"utility":94,"ID":4},{"utility":38,"ID":9}],[{"utility":53,"ID":6},{"utility":0,"ID":11}],[],[{"utility":0,"ID":3}],[],[],[],[],[],[],[],[],[],[],[],[],[],[],[]],"CORE :":false,"Relazioni :":570,"Time : ":0.2,"LAST PARTITION":{"22":8,"23":3,"24":14,"25":14,"26":11,"27":9,"28":19,"29":18,"30":15,"10":10,"11":15,"12":3,"13":7,"14":13,"15":19,"16":4,"17":7,"18":6,"19":6,"1":2,"2":12,"3":18,"4":9,"5":4,"6":17,"7":2,"8":11,"9":17,"20":12,"21":5}},{"Modalità dinamica :":true,"Q : ":10,"STARTING PARTITION: ":{"22":9,"23":2,"24":3,"25":11,"26":3,"27":7,"28":5,"29":4,"30":4,"10":1,"11":13,"12":3,"13":2,"14":3,"15":9,"16":9,"17":3,"18":8,"19":9,"1":1,"2":1,"3":15,"4":12,"5":1,"6":13,"7":5,"8":4,"9":12,"20":1,"21":7},"LAST COALITION":[[],[{"utility":0,"ID":30}],[{"utility":86,"ID":13},{"utility":89,"ID":17}],[{"utility":98,"ID":2},{"utility":87,"ID":20}],[{"utility":0,"ID":3}],[{"utility":99,"ID":24},{"utility":63,"ID":25}],[{"utility":100,"ID":15},{"utility":71,"ID":28}],[{"utility":77,"ID":4},{"utility":35,"ID":21}],[{"utility":95,"ID":5},{"utility":64,"ID":14}],[{"utility":74,"ID":10},{"utility":35,"ID":16}],[{"utility":75,"ID":1},{"utility":94,"ID":7}],[],[{"utility":100,"ID":18},{"utility":78,"ID":19}],[{"utility":82,"ID":12},{"utility":61,"ID":23}],[],[{"utility":0,"ID":22}],[{"utility":100,"ID":8},{"utility":89,"ID":26}],[],[{"utility":0,"ID":11}],[{"utility":0,"ID":29}],[{"utility":98,"ID":6},{"utility":50,"ID":9}],[{"utility":0,"ID":27}],[],[],[],[],[],[],[],[],[]],"STARTING COALITION: ":[[null],[{"utility":49.75,"ID":1},{"utility":72.25,"ID":2},{"utility":42.75,"ID":5},{"utility":48.75,"ID":10},{"utility":28.75,"ID":20}],[{"utility":57,"ID":13},{"utility":39,"ID":23}],[{"utility":48.75,"ID":12},{"utility":49.75,"ID":14},{"utility":12.5,"ID":17},{"utility":15.5,"ID":24},{"utility":55,"ID":26}],[{"utility":16,"ID":8},{"utility":70,"ID":29},{"utility":0,"ID":30}],[{"utility":0,"ID":7},{"utility":0,"ID":28}],[],[{"utility":0,"ID":21},{"utility":0,"ID":27}],[{"utility":0,"ID":18}],[{"utility":28,"ID":15},{"utility":18.666666666666668,"ID":16},{"utility":36.666666666666664,"ID":19},{"utility":36.666666666666664,"ID":22}],[],[{"utility":0,"ID":25}],[{"utility":94,"ID":4},{"utility":38,"ID":9}],[{"utility":53,"ID":6},{"utility":0,"ID":11}],[],[{"utility":0,"ID":3}],[],[],[],[],[],[],[],[],[],[],[],[],[],[],[]],"CORE :":false,"Relazioni :":570,"Time : ":0.1,"LAST PARTITION":{"22":15,"23":13,"24":5,"25":5,"26":16,"27":21,"28":6,"29":19,"30":1,"10":9,"11":18,"12":13,"13":2,"14":8,"15":6,"16":9,"17":2,"18":12,"19":12,"1":10,"2":3,"3":4,"4":7,"5":8,"6":20,"7":10,"8":16,"9":20,"20":3,"21":7}},{"Modalità dinamica :":true,"Q : ":10,"STARTING PARTITION: ":{"22":9,"23":2,"24":3,"25":11,"26":3,"27":7,"28":5,"29":4,"30":4,"10":1,"11":13,"12":3,"13":2,"14":3,"15":9,"16":9,"17":3,"18":8,"19":9,"1":1,"2":1,"3":15,"4":12,"5":1,"6":13,"7":5,"8":4,"9":12,"20":1,"21":7},"LAST COALITION":[[],[{"utility":69,"ID":6},{"utility":86,"ID":27}],[{"utility":0,"ID":29}],[{"utility":60,"ID":12},{"utility":46,"ID":16}],[{"utility":100,"ID":15},{"utility":71,"ID":28}],[{"utility":0,"ID":30}],[{"utility":20,"ID":14},{"utility":27,"ID":22}],[{"utility":77,"ID":1},{"utility":46,"ID":23}],[{"utility":100,"ID":18},{"utility":78,"ID":19}],[],[{"utility":99,"ID":24},{"utility":63,"ID":25}],[{"utility":55,"ID":4},{"utility":82,"ID":11}],[{"utility":86,"ID":13},{"utility":89,"ID":17}],[{"utility":0,"ID":26}],[{"utility":98,"ID":2},{"utility":87,"ID":20}],[{"utility":34,"ID":5},{"utility":82,"ID":10}],[{"utility":0,"ID":8}],[],[{"utility":87,"ID":3},{"utility":86,"ID":7}],[{"utility":65,"ID":9},{"utility":77,"ID":21}],[],[],[],[],[],[],[],[],[],[],[]],"STARTING COALITION: ":[[null],[{"utility":49.75,"ID":1},{"utility":72.25,"ID":2},{"utility":42.75,"ID":5},{"utility":48.75,"ID":10},{"utility":28.75,"ID":20}],[{"utility":57,"ID":13},{"utility":39,"ID":23}],[{"utility":48.75,"ID":12},{"utility":49.75,"ID":14},{"utility":12.5,"ID":17},{"utility":15.5,"ID":24},{"utility":55,"ID":26}],[{"utility":16,"ID":8},{"utility":70,"ID":29},{"utility":0,"ID":30}],[{"utility":0,"ID":7},{"utility":0,"ID":28}],[],[{"utility":0,"ID":21},{"utility":0,"ID":27}],[{"utility":0,"ID":18}],[{"utility":28,"ID":15},{"utility":18.666666666666668,"ID":16},{"utility":36.666666666666664,"ID":19},{"utility":36.666666666666664,"ID":22}],[],[{"utility":0,"ID":25}],[{"utility":94,"ID":4},{"utility":38,"ID":9}],[{"utility":53,"ID":6},{"utility":0,"ID":11}],[],[{"utility":0,"ID":3}],[],[],[],[],[],[],[],[],[],[],[],[],[],[],[]],"CORE :":false,"Relazioni :":570,"Time : ":0.2,"LAST PARTITION":{"22":6,"23":7,"24":10,"25":10,"26":13,"27":1,"28":4,"29":2,"30":5,"10":15,"11":11,"12":3,"13":12,"14":6,"15":4,"16":3,"17":12,"18":8,"19":8,"1":7,"2":14,"3":18,"4":11,"5":15,"6":1,"7":18,"8":16,"9":19,"20":14,"21":19}},{"END OF FILE:" : true}]