[{"Modalità dinamica :":false,"Q : ":2,"STARTING PARTITION: ":{"22":9,"23":1,"24":4,"25":6,"26":3,"27":16,"28":1,"29":7,"30":10,"10":16,"11":8,"12":14,"13":14,"14":3,"15":14,"16":2,"17":12,"18":4,"19":14,"1":14,"2":9,"3":1,"4":2,"5":4,"6":11,"7":13,"8":13,"9":11,"20":8,"21":4},"LAST COALITION":[[],[{"utility":95,"ID":6},{"utility":51,"ID":29}],[{"utility":0,"ID":20}],[{"utility":100,"ID":14},{"utility":19,"ID":26}],[{"utility":85,"ID":3},{"utility":94,"ID":27}],[{"utility":92,"ID":2},{"utility":93,"ID":15}],[{"utility":21,"ID":7},{"utility":99,"ID":19}],[{"utility":0,"ID":25}],[{"utility":95,"ID":12},{"utility":69,"ID":22}],[],[{"utility":100,"ID":11},{"utility":6,"ID":28}],[{"utility":75,"ID":10},{"utility":12,"ID":30}],[{"utility":0,"ID":23}],[{"utility":86,"ID":8},{"utility":66,"ID":17}],[{"utility":84,"ID":9},{"utility":96,"ID":13}],[{"utility":84,"ID":1},{"utility":43,"ID":16}],[{"utility":81,"ID":4},{"utility":22,"ID":21}],[],[],[],[{"utility":95,"ID":5},{"utility":95,"ID":18}],[],[{"utility":0,"ID":24}],[],[],[],[],[],[],[],[]],"STARTING COALITION: ":[[null],[{"utility":55,"ID":3},{"utility":19,"ID":23},{"utility":0,"ID":28}],[{"utility":86,"ID":4},{"utility":2,"ID":16}],[{"utility":100,"ID":14},{"utility":19,"ID":26}],[{"utility":80,"ID":5},{"utility":56,"ID":18},{"utility":26.333333333333332,"ID":21},{"utility":42,"ID":24}],[],[{"utility":0,"ID":25}],[{"utility":0,"ID":29}],[{"utility":40,"ID":11},{"utility":0,"ID":20}],[{"utility":47,"ID":2},{"utility":47,"ID":22}],[{"utility":0,"ID":30}],[{"utility":37,"ID":6},{"utility":0,"ID":9}],[{"utility":0,"ID":17}],[{"utility":27,"ID":7},{"utility":33,"ID":8}],[{"utility":40.5,"ID":1},{"utility":38.5,"ID":12},{"utility":43.25,"ID":13},{"utility":41,"ID":15},{"utility":72.5,"ID":19}],[],[{"utility":32,"ID":10},{"utility":59,"ID":27}],[],[],[],[],[],[],[],[],[],[],[],[],[],[]],"CORE :":false,"Relazioni :":670,"Time : ":0.1,"LAST PARTITION":{"22":8,"23":12,"24":22,"25":7,"26":3,"27":4,"28":10,"29":1,"30":11,"10":11,"11":10,"12":8,"13":14,"14":3,"15":5,"16":15,"17":13,"18":20,"19":6,"1":15,"2":5,"3":4,"4":16,"5":20,"6":1,"7":6,"8":13,"9":14,"20":2,"21":16}},{"Modalità dinamica :":false,"Q : ":2,"STARTING PARTITION: ":{"22":9,"23":1,"24":4,"25":6,"26":3,"27":16,"28":1,"29":7,"30":10,"10":16,"11":8,"12":14,"13":14,"14":3,"15":14,"16":2,"17":12,"18":4,"19":14,"1":14,"2":9,"3":1,"4":2,"5":4,"6":11,"7":13,"8":13,"9":11,"20":8,"21":4},"LAST COALITION":[[],[{"utility":95,"ID":6},{"utility":51,"ID":29}],[{"utility":0,"ID":19}],[{"utility":100,"ID":14},{"utility":19,"ID":26}],[{"utility":85,"ID":3},{"utility":94,"ID":27}],[{"utility":92,"ID":2},{"utility":93,"ID":15}],[{"utility":94,"ID":1},{"utility":57,"ID":20}],[{"utility":0,"ID":25}],[{"utility":95,"ID":12},{"utility":69,"ID":22}],[{"utility":0,"ID":4}],[{"utility":100,"ID":11},{"utility":6,"ID":28}],[{"utility":75,"ID":10},{"utility":12,"ID":30}],[{"utility":0,"ID":23}],[{"utility":86,"ID":8},{"utility":66,"ID":17}],[{"utility":84,"ID":9},{"utility":96,"ID":13}],[{"utility":100,"ID":7},{"utility":17,"ID":16}],[{"utility":0,"ID":21}],[],[],[],[{"utility":95,"ID":5},{"utility":95,"ID":18}],[],[{"utility":0,"ID":24}],[],[],[],[],[],[],[],[]],"STARTING COALITION: ":[[null],[{"utility":55,"ID":3},{"utility":19,"ID":23},{"utility":0,"ID":28}],[{"utility":86,"ID":4},{"utility":2,"ID":16}],[{"utility":100,"ID":14},{"utility":19,"ID":26}],[{"utility":80,"ID":5},{"utility":56,"ID":18},{"utility":26.333333333333332,"ID":21},{"utility":42,"ID":24}],[],[{"utility":0,"ID":25}],[{"utility":0,"ID":29}],[{"utility":40,"ID":11},{"utility":0,"ID":20}],[{"utility":47,"ID":2},{"utility":47,"ID":22}],[{"utility":0,"ID":30}],[{"utility":37,"ID":6},{"utility":0,"ID":9}],[{"utility":0,"ID":17}],[{"utility":27,"ID":7},{"utility":33,"ID":8}],[{"utility":40.5,"ID":1},{"utility":38.5,"ID":12},{"utility":43.25,"ID":13},{"utility":41,"ID":15},{"utility":72.5,"ID":19}],[],[{"utility":32,"ID":10},{"utility":59,"ID":27}],[],[],[],[],[],[],[],[],[],[],[],[],[],[]],"CORE :":false,"Relazioni :":670,"Time : ":0.2,"LAST PARTITION":{"22":8,"23":12,"24":22,"25":7,"26":3,"27":4,"28":10,"29":1,"30":11,"10":11,"11":10,"12":8,"13":14,"14":3,"15":5,"16":15,"17":13,"18":20,"19":2,"1":6,"2":5,"3":4,"4":9,"5":20,"6":1,"7":15,"8":13,"9":14,"20":6,"21":16}},{"Modalità dinamica :":false,"Q : ":3,"STARTING PARTITION: ":{"22":9,"23":1,"24":4,"25":6,"26":3,"27":16,"28":1,"29":7,"30":10,"10":16,"11":8,"12":14,"13":14,"14":3,"15":14,"16":2,"17":12,"18":4,"19":14,"1":14,"2":9,"3":1,"4":2,"5":4,"6":11,"7":13,"8":13,"9":11,"20":8,"21":4},"LAST COALITION":[[],[{"utility":95,"ID":6},{"utility":51,"ID":29}],[{"utility":94,"ID":1},{"utility":57,"ID":20}],[{"utility":100,"ID":14},{"utility":19,"ID":26}],[{"utility":85,"ID":3},{"utility":94,"ID":27}],[{"utility":0,"ID":2}],[{"utility":99,"ID":15},{"utility":73,"ID":19}],[{"utility":0,"ID":25}],[{"utility":95,"ID":12},{"utility":69,"ID":22}],[],[{"utility":100,"ID":11},{"utility":6,"ID":28}],[{"utility":75,"ID":10},{"utility":12,"ID":30}],[{"utility":0,"ID":23}],[{"utility":86,"ID":8},{"utility":66,"ID":17}],[{"utility":84,"ID":9},{"utility":96,"ID":13}],[{"utility":100,"ID":7},{"utility":17,"ID":16}],[],[{"utility":81,"ID":4},{"utility":22,"ID":21}],[],[],[{"utility":95,"ID":5},{"utility":95,"ID":18}],[],[{"utility":0,"ID":24}],[],[],[],[],[],[],[],[]],"STARTING COALITION: ":[[null],[{"utility":55,"ID":3},{"utility":19,"ID":23},{"utility":0,"ID":28}],[{"utility":86,"ID":4},{"utility":2,"ID":16}],[{"utility":100,"ID":14},{"utility":19,"ID":26}],[{"utility":80,"ID":5},{"utility":56,"ID":18},{"utility":26.333333333333332,"ID":21},{"utility":42,"ID":24}],[],[{"utility":0,"ID":25}],[{"utility":0,"ID":29}],[{"utility":40,"ID":11},{"utility":0,"ID":20}],[{"utility":47,"ID":2},{"utility":47,"ID":22}],[{"utility":0,"ID":30}],[{"utility":37,"ID":6},{"utility":0,"ID":9}],[{"utility":0,"ID":17}],[{"utility":27,"ID":7},{"utility":33,"ID":8}],[{"utility":40.5,"ID":1},{"utility":38.5,"ID":12},{"utility":43.25,"ID":13},{"utility":41,"ID":15},{"utility":72.5,"ID":19}],[],[{"utility":32,"ID":10},{"utility":59,"ID":27}],[],[],[],[],[],[],[],[],[],[],[],[],[],[]],"CORE :":false,"Relazioni :":670,"Time : ":0.1,"LAST PARTITION":{"22":8,"23":12,"24":22,"25":7,"26":3,"27":4,"28":10,"29":1,"30":11,"10":11,"11":10,"12":8,"13":14,"14":3,"15":6,"16":15,"17":13,"18":20,"19":6,"1":2,"2":5,"3":4,"4":17,"5":20,"6":1,"7":15,"8":13,"9":14,"20":2,"21":17}},{"Modalità dinamica :":false,"Q : ":3,"STARTING PARTITION: ":{"22":9,"23":1,"24":4,"25":6,"26":3,"27":16,"28":1,"29":7,"30":10,"10":16,"11":8,"12":14,"13":14,"14":3,"15":14,"16":2,"17":12,"18":4,"19":14,"1":14,"2":9,"3":1,"4":2,"5":4,"6":11,"7":13,"8":13,"9":11,"20":8,"21":4},"LAST COALITION":[[],[{"utility":95,"ID":6},{"utility":51,"ID":29}],[],[{"utility":100,"ID":14},{"utility":19,"ID":26}],[{"utility":85,"ID":3},{"utility":94,"ID":27}],[{"utility":92,"ID":2},{"utility":93,"ID":15}],[{"utility":21,"ID":7},{"utility":99,"ID":19}],[{"utility":0,"ID":25}],[{"utility":95,"ID":12},{"utility":69,"ID":22}],[{"utility":94,"ID":1},{"utility":57,"ID":20}],[{"utility":100,"ID":11},{"utility":6,"ID":28}],[{"utility":75,"ID":10},{"utility":12,"ID":30}],[{"utility":0,"ID":23}],[{"utility":86,"ID":8},{"utility":66,"ID":17}],[{"utility":84,"ID":9},{"utility":96,"ID":13}],[{"utility":0,"ID":16}],[{"utility":81,"ID":4},{"utility":22,"ID":21}],[],[],[],[{"utility":95,"ID":5},{"utility":95,"ID":18}],[],[{"utility":0,"ID":24}],[],[],[],[],[],[],[],[]],"STARTING COALITION: ":[[null],[{"utility":55,"ID":3},{"utility":19,"ID":23},{"utility":0,"ID":28}],[{"utility":86,"ID":4},{"utility":2,"ID":16}],[{"utility":100,"ID":14},{"utility":19,"ID":26}],[{"utility":80,"ID":5},{"utility":56,"ID":18},{"utility":26.333333333333332,"ID":21},{"utility":42,"ID":24}],[],[{"utility":0,"ID":25}],[{"utility":0,"ID":29}],[{"utility":40,"ID":11},{"utility":0,"ID":20}],[{"utility":47,"ID":2},{"utility":47,"ID":22}],[{"utility":0,"ID":30}],[{"utility":37,"ID":6},{"utility":0,"ID":9}],[{"utility":0,"ID":17}],[{"utility":27,"ID":7},{"utility":33,"ID":8}],[{"utility":40.5,"ID":1},{"utility":38.5,"ID":12},{"utility":43.25,"ID":13},{"utility":41,"ID":15},{"utility":72.5,"ID":19}],[],[{"utility":32,"ID":10},{"utility":59,"ID":27}],[],[],[],[],[],[],[],[],[],[],[],[],[],[]],"CORE :":false,"Relazioni :":670,"Time : ":0.2,"LAST PARTITION":{"22":8,"23":12,"24":22,"25":7,"26":3,"27":4,"28":10,"29":1,"30":11,"10":11,"11":10,"12":8,"13":14,"14":3,"15":5,"16":15,"17":13,"18":20,"19":6,"1":9,"2":5,"3":4,"4":16,"5":20,"6":1,"7":6,"8":13,"9":14,"20":9,"21":16}},{"Modalità dinamica :":false,"Q : ":4,"STARTING PARTITION: ":{"22":9,"23":1,"24":4,"25":6,"26":3,"27":16,"28":1,"29":7,"30":10,"10":16,"11":8,"12":14,"13":14,"14":3,"15":14,"16":2,"17":12,"18":4,"19":14,"1":14,"2":9,"3":1,"4":2,"5":4,"6":11,"7":13,"8":13,"9":11,"20":8,"21":4},"LAST COALITION":[[],[{"utility":95,"ID":6},{"utility":51,"ID":29}],[{"utility":94,"ID":1},{"utility":57,"ID":20}],[{"utility":100,"ID":14},{"utility":19,"ID":26}],[{"utility":85,"ID":3},{"utility":94,"ID":27}],[{"utility":17,"ID":16},{"utility":100,"ID":7}],[{"utility":0,"ID":4}],[{"utility":0,"ID":25}],[{"utility":69,"ID":22},{"utility":95,"ID":12}],[{"utility":0,"ID":19}],[{"utility":100,"ID":11},{"utility":6,"ID":28}],[{"utility":75,"ID":10},{"utility":12,"ID":30}],[{"utility":0,"ID":23}],[{"utility":66,"ID":17},{"utility":86,"ID":8}],[{"utility":84,"ID":9},{"utility":96,"ID":13}],[{"utility":92,"ID":2},{"utility":93,"ID":15}],[],[{"utility":0,"ID":21}],[],[],[{"utility":95,"ID":18},{"utility":95,"ID":5}],[],[{"utility":0,"ID":24}],[],[],[],[],[],[],[],[]],"STARTING COALITION: ":[[null],[{"utility":55,"ID":3},{"utility":19,"ID":23},{"utility":0,"ID":28}],[{"utility":86,"ID":4},{"utility":2,"ID":16}],[{"utility":100,"ID":14},{"utility":19,"ID":26}],[{"utility":80,"ID":5},{"utility":56,"ID":18},{"utility":26.333333333333332,"ID":21},{"utility":42,"ID":24}],[],[{"utility":0,"ID":25}],[{"utility":0,"ID":29}],[{"utility":40,"ID":11},{"utility":0,"ID":20}],[{"utility":47,"ID":2},{"utility":47,"ID":22}],[{"utility":0,"ID":30}],[{"utility":37,"ID":6},{"utility":0,"ID":9}],[{"utility":0,"ID":17}],[{"utility":27,"ID":7},{"utility":33,"ID":8}],[{"utility":40.5,"ID":1},{"utility":38.5,"ID":12},{"utility":43.25,"ID":13},{"utility":41,"ID":15},{"utility":72.5,"ID":19}],[],[{"utility":32,"ID":10},{"utility":59,"ID":27}],[],[],[],[],[],[],[],[],[],[],[],[],[],[]],"CORE :":false,"Relazioni :":670,"Time : ":0.1,"LAST PARTITION":{"22":8,"23":12,"24":22,"25":7,"26":3,"27":4,"28":10,"29":1,"30":11,"10":11,"11":10,"12":8,"13":14,"14":3,"15":15,"16":5,"17":13,"18":20,"19":9,"1":2,"2":15,"3":4,"4":6,"5":20,"6":1,"7":5,"8":13,"9":14,"20":2,"21":17}},{"Modalità dinamica :":false,"Q : ":4,"STARTING PARTITION: ":{"22":9,"23":1,"24":4,"25":6,"26":3,"27":16,"28":1,"29":7,"30":10,"10":16,"11":8,"12":14,"13":14,"14":3,"15":14,"16":2,"17":12,"18":4,"19":14,"1":14,"2":9,"3":1,"4":2,"5":4,"6":11,"7":13,"8":13,"9":11,"20":8,"21":4},"LAST COALITION":[[],[{"utility":95,"ID":6},{"utility":51,"ID":29}],[{"utility":99,"ID":19},{"utility":21,"ID":7}],[{"utility":100,"ID":14},{"utility":19,"ID":26}],[{"utility":85,"ID":3},{"utility":94,"ID":27}],[{"utility":43,"ID":16},{"utility":84,"ID":1}],[{"utility":0,"ID":15}],[{"utility":0,"ID":25}],[{"utility":69,"ID":22},{"utility":95,"ID":12}],[{"utility":91,"ID":2},{"utility":88,"ID":20}],[{"utility":100,"ID":11},{"utility":6,"ID":28}],[{"utility":75,"ID":10},{"utility":12,"ID":30}],[{"utility":0,"ID":23}],[{"utility":66,"ID":17},{"utility":86,"ID":8}],[{"utility":84,"ID":9},{"utility":96,"ID":13}],[],[],[{"utility":81,"ID":4},{"utility":22,"ID":21}],[],[],[{"utility":95,"ID":18},{"utility":95,"ID":5}],[],[{"utility":0,"ID":24}],[],[],[],[],[],[],[],[]],"STARTING COALITION: ":[[null],[{"utility":55,"ID":3},{"utility":19,"ID":23},{"utility":0,"ID":28}],[{"utility":86,"ID":4},{"utility":2,"ID":16}],[{"utility":100,"ID":14},{"utility":19,"ID":26}],[{"utility":80,"ID":5},{"utility":56,"ID":18},{"utility":26.333333333333332,"ID":21},{"utility":42,"ID":24}],[],[{"utility":0,"ID":25}],[{"utility":0,"ID":29}],[{"utility":40,"ID":11},{"utility":0,"ID":20}],[{"utility":47,"ID":2},{"utility":47,"ID":22}],[{"utility":0,"ID":30}],[{"utility":37,"ID":6},{"utility":0,"ID":9}],[{"utility":0,"ID":17}],[{"utility":27,"ID":7},{"utility":33,"ID":8}],[{"utility":40.5,"ID":1},{"utility":38.5,"ID":12},{"utility":43.25,"ID":13},{"utility":41,"ID":15},{"utility":72.5,"ID":19}],[],[{"utility":32,"ID":10},{"utility":59,"ID":27}],[],[],[],[],[],[],[],[],[],[],[],[],[],[]],"CORE :":false,"Relazioni :":670,"Time : ":0.2,"LAST PARTITION":{"22":8,"23":12,"24":22,"25":7,"26":3,"27":4,"28":10,"29":1,"30":11,"10":11,"11":10,"12":8,"13":14,"14":3,"15":6,"16":5,"17":13,"18":20,"19":2,"1":5,"2":9,"3":4,"4":17,"5":20,"6":1,"7":2,"8":13,"9":14,"20":9,"21":17}},{"Modalità dinamica :":false,"Q : ":5,"STARTING PARTITION: ":{"22":9,"23":1,"24":4,"25":6,"26":3,"27":16,"28":1,"29":7,"30":10,"10":16,"11":8,"12":14,"13":14,"14":3,"15":14,"16":2,"17":12,"18":4,"19":14,"1":14,"2":9,"3":1,"4":2,"5":4,"6":11,"7":13,"8":13,"9":11,"20":8,"21":4},"LAST COALITION":[[],[{"utility":95,"ID":6},{"utility":51,"ID":29}],[{"utility":99,"ID":19},{"utility":21,"ID":7}],[{"utility":100,"ID":14},{"utility":19,"ID":26}],[{"utility":85,"ID":3},{"utility":94,"ID":27}],[{"utility":92,"ID":2},{"utility":93,"ID":15}],[{"utility":94,"ID":1},{"utility":57,"ID":20}],[{"utility":0,"ID":25}],[{"utility":69,"ID":22},{"utility":95,"ID":12}],[{"utility":2,"ID":16},{"utility":86,"ID":4}],[{"utility":100,"ID":11},{"utility":6,"ID":28}],[{"utility":75,"ID":10},{"utility":12,"ID":30}],[{"utility":0,"ID":23}],[{"utility":66,"ID":17},{"utility":86,"ID":8}],[{"utility":84,"ID":9},{"utility":96,"ID":13}],[],[{"utility":0,"ID":21}],[],[],[],[{"utility":95,"ID":18},{"utility":95,"ID":5}],[],[{"utility":0,"ID":24}],[],[],[],[],[],[],[],[]],"STARTING COALITION: ":[[null],[{"utility":55,"ID":3},{"utility":19,"ID":23},{"utility":0,"ID":28}],[{"utility":86,"ID":4},{"utility":2,"ID":16}],[{"utility":100,"ID":14},{"utility":19,"ID":26}],[{"utility":80,"ID":5},{"utility":56,"ID":18},{"utility":26.333333333333332,"ID":21},{"utility":42,"ID":24}],[],[{"utility":0,"ID":25}],[{"utility":0,"ID":29}],[{"utility":40,"ID":11},{"utility":0,"ID":20}],[{"utility":47,"ID":2},{"utility":47,"ID":22}],[{"utility":0,"ID":30}],[{"utility":37,"ID":6},{"utility":0,"ID":9}],[{"utility":0,"ID":17}],[{"utility":27,"ID":7},{"utility":33,"ID":8}],[{"utility":40.5,"ID":1},{"utility":38.5,"ID":12},{"utility":43.25,"ID":13},{"utility":41,"ID":15},{"utility":72.5,"ID":19}],[],[{"utility":32,"ID":10},{"utility":59,"ID":27}],[],[],[],[],[],[],[],[],[],[],[],[],[],[]],"CORE :":false,"Relazioni :":670,"Time : ":0.1,"LAST PARTITION":{"22":8,"23":12,"24":22,"25":7,"26":3,"27":4,"28":10,"29":1,"30":11,"10":11,"11":10,"12":8,"13":14,"14":3,"15":5,"16":9,"17":13,"18":20,"19":2,"1":6,"2":5,"3":4,"4":9,"5":20,"6":1,"7":2,"8":13,"9":14,"20":6,"21":16}},{"Modalità dinamica :":false,"Q : ":5,"STARTING PARTITION: ":{"22":9,"23":1,"24":4,"25":6,"26":3,"27":16,"28":1,"29":7,"30":10,"10":16,"11":8,"12":14,"13":14,"14":3,"15":14,"16":2,"17":12,"18":4,"19":14,"1":14,"2":9,"3":1,"4":2,"5":4,"6":11,"7":13,"8":13,"9":11,"20":8,"21":4},"LAST COALITION":[[],[{"utility":95,"ID":6},{"utility":51,"ID":29}],[],[{"utility":100,"ID":14},{"utility":19,"ID":26}],[{"utility":85,"ID":3},{"utility":94,"ID":27}],[{"utility":17,"ID":16},{"utility":100,"ID":7}],[{"utility":0,"ID":19}],[{"utility":0,"ID":25}],[{"utility":69,"ID":22},{"utility":95,"ID":12}],[{"utility":94,"ID":1},{"utility":57,"ID":20}],[{"utility":100,"ID":11},{"utility":6,"ID":28}],[{"utility":75,"ID":10},{"utility":12,"ID":30}],[{"utility":0,"ID":23}],[{"utility":66,"ID":17},{"utility":86,"ID":8}],[{"utility":84,"ID":9},{"utility":96,"ID":13}],[{"utility":92,"ID":2},{"utility":93,"ID":15}],[{"utility":81,"ID":4},{"utility":22,"ID":21}],[],[],[],[{"utility":95,"ID":18},{"utility":95,"ID":5}],[],[{"utility":0,"ID":24}],[],[],[],[],[],[],[],[]],"STARTING COALITION: ":[[null],[{"utility":55,"ID":3},{"utility":19,"ID":23},{"utility":0,"ID":28}],[{"utility":86,"ID":4},{"utility":2,"ID":16}],[{"utility":100,"ID":14},{"utility":19,"ID":26}],[{"utility":80,"ID":5},{"utility":56,"ID":18},{"utility":26.333333333333332,"ID":21},{"utility":42,"ID":24}],[],[{"utility":0,"ID":25}],[{"utility":0,"ID":29}],[{"utility":40,"ID":11},{"utility":0,"ID":20}],[{"utility":47,"ID":2},{"utility":47,"ID":22}],[{"utility":0,"ID":30}],[{"utility":37,"ID":6},{"utility":0,"ID":9}],[{"utility":0,"ID":17}],[{"utility":27,"ID":7},{"utility":33,"ID":8}],[{"utility":40.5,"ID":1},{"utility":38.5,"ID":12},{"utility":43.25,"ID":13},{"utility":41,"ID":15},{"utility":72.5,"ID":19}],[],[{"utility":32,"ID":10},{"utility":59,"ID":27}],[],[],[],[],[],[],[],[],[],[],[],[],[],[]],"CORE :":false,"Relazioni :":670,"Time : ":0.2,"LAST PARTITION":{"22":8,"23":12,"24":22,"25":7,"26":3,"27":4,"28":10,"29":1,"30":11,"10":11,"11":10,"12":8,"13":14,"14":3,"15":15,"16":5,"17":13,"18":20,"19":6,"1":9,"2":15,"3":4,"4":16,"5":20,"6":1,"7":5,"8":13,"9":14,"20":9,"21":16}},{"Modalità dinamica :":false,"Q : ":6,"STARTING PARTITION: ":{"22":9,"23":1,"24":4,"25":6,"26":3,"27":16,"28":1,"29":7,"30":10,"10":16,"11":8,"12":14,"13":14,"14":3,"15":14,"16":2,"17":12,"18":4,"19":14,"1":14,"2":9,"3":1,"4":2,"5":4,"6":11,"7":13,"8":13,"9":11,"20":8,"21":4},"LAST COALITION":[[],[{"utility":95,"ID":6},{"utility":51,"ID":29}],[{"utility":91,"ID":2},{"utility":88,"ID":20}],[{"utility":100,"ID":14},{"utility":19,"ID":26}],[{"utility":85,"ID":3},{"utility":94,"ID":27}],[],[{"utility":99,"ID":19},{"utility":21,"ID":7}],[{"utility":0,"ID":25}],[{"utility":69,"ID":22},{"utility":95,"ID":12}],[{"utility":0,"ID":15}],[{"utility":100,"ID":11},{"utility":6,"ID":28}],[{"utility":75,"ID":10},{"utility":12,"ID":30}],[{"utility":0,"ID":23}],[{"utility":66,"ID":17},{"utility":86,"ID":8}],[{"utility":84,"ID":9},{"utility":96,"ID":13}],[{"utility":43,"ID":16},{"utility":84,"ID":1}],[{"utility":81,"ID":4},{"utility":22,"ID":21}],[],[],[],[{"utility":95,"ID":18},{"utility":95,"ID":5}],[],[{"utility":0,"ID":24}],[],[],[],[],[],[],[],[]],"STARTING COALITION: ":[[null],[{"utility":55,"ID":3},{"utility":19,"ID":23},{"utility":0,"ID":28}],[{"utility":86,"ID":4},{"utility":2,"ID":16}],[{"utility":100,"ID":14},{"utility":19,"ID":26}],[{"utility":80,"ID":5},{"utility":56,"ID":18},{"utility":26.333333333333332,"ID":21},{"utility":42,"ID":24}],[],[{"utility":0,"ID":25}],[{"utility":0,"ID":29}],[{"utility":40,"ID":11},{"utility":0,"ID":20}],[{"utility":47,"ID":2},{"utility":47,"ID":22}],[{"utility":0,"ID":30}],[{"utility":37,"ID":6},{"utility":0,"ID":9}],[{"utility":0,"ID":17}],[{"utility":27,"ID":7},{"utility":33,"ID":8}],[{"utility":40.5,"ID":1},{"utility":38.5,"ID":12},{"utility":43.25,"ID":13},{"utility":41,"ID":15},{"utility":72.5,"ID":19}],[],[{"utility":32,"ID":10},{"utility":59,"ID":27}],[],[],[],[],[],[],[],[],[],[],[],[],[],[]],"CORE :":false,"Relazioni :":670,"Time : ":0.1,"LAST PARTITION":{"22":8,"23":12,"24":22,"25":7,"26":3,"27":4,"28":10,"29":1,"30":11,"10":11,"11":10,"12":8,"13":14,"14":3,"15":9,"16":15,"17":13,"18":20,"19":6,"1":15,"2":2,"3":4,"4":16,"5":20,"6":1,"7":6,"8":13,"9":14,"20":2,"21":16}},{"Modalità dinamica :":false,"Q : ":6,"STARTING PARTITION: ":{"22":9,"23":1,"24":4,"25":6,"26":3,"27":16,"28":1,"29":7,"30":10,"10":16,"11":8,"12":14,"13":14,"14":3,"15":14,"16":2,"17":12,"18":4,"19":14,"1":14,"2":9,"3":1,"4":2,"5":4,"6":11,"7":13,"8":13,"9":11,"20":8,"21":4},"LAST COALITION":[[],[{"utility":95,"ID":6},{"utility":51,"ID":29}],[{"utility":0,"ID":19}],[{"utility":100,"ID":14},{"utility":19,"ID":26}],[{"utility":85,"ID":3},{"utility":94,"ID":27}],[{"utility":17,"ID":16},{"utility":100,"ID":7}],[{"utility":94,"ID":1},{"utility":57,"ID":20}],[{"utility":0,"ID":25}],[{"utility":69,"ID":22},{"utility":95,"ID":12}],[{"utility":0,"ID":4}],[{"utility":100,"ID":11},{"utility":6,"ID":28}],[{"utility":75,"ID":10},{"utility":12,"ID":30}],[{"utility":0,"ID":23}],[{"utility":66,"ID":17},{"utility":86,"ID":8}],[{"utility":84,"ID":9},{"utility":96,"ID":13}],[{"utility":92,"ID":2},{"utility":93,"ID":15}],[],[{"utility":0,"ID":21}],[],[],[{"utility":95,"ID":18},{"utility":95,"ID":5}],[],[{"utility":0,"ID":24}],[],[],[],[],[],[],[],[]],"STARTING COALITION: ":[[null],[{"utility":55,"ID":3},{"utility":19,"ID":23},{"utility":0,"ID":28}],[{"utility":86,"ID":4},{"utility":2,"ID":16}],[{"utility":100,"ID":14},{"utility":19,"ID":26}],[{"utility":80,"ID":5},{"utility":56,"ID":18},{"utility":26.333333333333332,"ID":21},{"utility":42,"ID":24}],[],[{"utility":0,"ID":25}],[{"utility":0,"ID":29}],[{"utility":40,"ID":11},{"utility":0,"ID":20}],[{"utility":47,"ID":2},{"utility":47,"ID":22}],[{"utility":0,"ID":30}],[{"utility":37,"ID":6},{"utility":0,"ID":9}],[{"utility":0,"ID":17}],[{"utility":27,"ID":7},{"utility":33,"ID":8}],[{"utility":40.5,"ID":1},{"utility":38.5,"ID":12},{"utility":43.25,"ID":13},{"utility":41,"ID":15},{"utility":72.5,"ID":19}],[],[{"utility":32,"ID":10},{"utility":59,"ID":27}],[],[],[],[],[],[],[],[],[],[],[],[],[],[]],"CORE :":false,"Relazioni :":670,"Time : ":0.2,"LAST PARTITION":{"22":8,"23":12,"24":22,"25":7,"26":3,"27":4,"28":10,"29":1,"30":11,"10":11,"11":10,"12":8,"13":14,"14":3,"15":15,"16":5,"17":13,"18":20,"19":2,"1":6,"2":15,"3":4,"4":9,"5":20,"6":1,"7":5,"8":13,"9":14,"20":6,"21":17}},{"Modalità dinamica :":false,"Q : ":7,"STARTING PARTITION: ":{"22":9,"23":1,"24":4,"25":6,"26":3,"27":16,"28":1,"29":7,"30":10,"10":16,"11":8,"12":14,"13":14,"14":3,"15":14,"16":2,"17":12,"18":4,"19":14,"1":14,"2":9,"3":1,"4":2,"5":4,"6":11,"7":13,"8":13,"9":11,"20":8,"21":4},"LAST COALITION":[[],[{"utility":95,"ID":6},{"utility":51,"ID":29}],[{"utility":94,"ID":1},{"utility":57,"ID":20}],[{"utility":100,"ID":14},{"utility":19,"ID":26}],[{"utility":85,"ID":3},{"utility":94,"ID":27}],[{"utility":92,"ID":2},{"utility":93,"ID":15}],[{"utility":0,"ID":4}],[{"utility":0,"ID":25}],[{"utility":69,"ID":22},{"utility":95,"ID":12}],[{"utility":0,"ID":19}],[{"utility":100,"ID":11},{"utility":6,"ID":28}],[{"utility":75,"ID":10},{"utility":12,"ID":30}],[{"utility":0,"ID":23}],[{"utility":66,"ID":17},{"utility":86,"ID":8}],[{"utility":84,"ID":9},{"utility":96,"ID":13}],[{"utility":17,"ID":16},{"utility":100,"ID":7}],[{"utility":0,"ID":21}],[],[],[],[{"utility":95,"ID":18},{"utility":95,"ID":5}],[],[{"utility":0,"ID":24}],[],[],[],[],[],[],[],[]],"STARTING COALITION: ":[[null],[{"utility":55,"ID":3},{"utility":19,"ID":23},{"utility":0,"ID":28}],[{"utility":86,"ID":4},{"utility":2,"ID":16}],[{"utility":100,"ID":14},{"utility":19,"ID":26}],[{"utility":80,"ID":5},{"utility":56,"ID":18},{"utility":26.333333333333332,"ID":21},{"utility":42,"ID":24}],[],[{"utility":0,"ID":25}],[{"utility":0,"ID":29}],[{"utility":40,"ID":11},{"utility":0,"ID":20}],[{"utility":47,"ID":2},{"utility":47,"ID":22}],[{"utility":0,"ID":30}],[{"utility":37,"ID":6},{"utility":0,"ID":9}],[{"utility":0,"ID":17}],[{"utility":27,"ID":7},{"utility":33,"ID":8}],[{"utility":40.5,"ID":1},{"utility":38.5,"ID":12},{"utility":43.25,"ID":13},{"utility":41,"ID":15},{"utility":72.5,"ID":19}],[],[{"utility":32,"ID":10},{"utility":59,"ID":27}],[],[],[],[],[],[],[],[],[],[],[],[],[],[]],"CORE :":false,"Relazioni :":670,"Time : ":0.1,"LAST PARTITION":{"22":8,"23":12,"24":22,"25":7,"26":3,"27":4,"28":10,"29":1,"30":11,"10":11,"11":10,"12":8,"13":14,"14":3,"15":5,"16":15,"17":13,"18":20,"19":9,"1":2,"2":5,"3":4,"4":6,"5":20,"6":1,"7":15,"8":13,"9":14,"20":2,"21":16}},{"Modalità dinamica :":false,"Q : ":7,"STARTING PARTITION: ":{"22":9,"23":1,"24":4,"25":6,"26":3,"27":16,"28":1,"29":7,"30":10,"10":16,"11":8,"12":14,"13":14,"14":3,"15":14,"16":2,"17":12,"18":4,"19":14,"1":14,"2":9,"3":1,"4":2,"5":4,"6":11,"7":13,"8":13,"9":11,"20":8,"21":4},"LAST COALITION":[[],[{"utility":95,"ID":6},{"utility":51,"ID":29}],[{"utility":0,"ID":4}],[{"utility":100,"ID":14},{"utility":19,"ID":26}],[{"utility":85,"ID":3},{"utility":94,"ID":27}],[{"utility":92,"ID":2},{"utility":93,"ID":15}],[{"utility":0,"ID":19}],[{"utility":0,"ID":25}],[{"utility":69,"ID":22},{"utility":95,"ID":12}],[{"utility":94,"ID":1},{"utility":57,"ID":20}],[{"utility":100,"ID":11},{"utility":6,"ID":28}],[{"utility":75,"ID":10},{"utility":12,"ID":30}],[{"utility":0,"ID":23}],[{"utility":66,"ID":17},{"utility":86,"ID":8}],[{"utility":84,"ID":9},{"utility":96,"ID":13}],[{"utility":17,"ID":16},{"utility":100,"ID":7}],[{"utility":0,"ID":21}],[],[],[],[{"utility":95,"ID":18},{"utility":95,"ID":5}],[],[{"utility":0,"ID":24}],[],[],[],[],[],[],[],[]],"STARTING COALITION: ":[[null],[{"utility":55,"ID":3},{"utility":19,"ID":23},{"utility":0,"ID":28}],[{"utility":86,"ID":4},{"utility":2,"ID":16}],[{"utility":100,"ID":14},{"utility":19,"ID":26}],[{"utility":80,"ID":5},{"utility":56,"ID":18},{"utility":26.333333333333332,"ID":21},{"utility":42,"ID":24}],[],[{"utility":0,"ID":25}],[{"utility":0,"ID":29}],[{"utility":40,"ID":11},{"utility":0,"ID":20}],[{"utility":47,"ID":2},{"utility":47,"ID":22}],[{"utility":0,"ID":30}],[{"utility":37,"ID":6},{"utility":0,"ID":9}],[{"utility":0,"ID":17}],[{"utility":27,"ID":7},{"utility":33,"ID":8}],[{"utility":40.5,"ID":1},{"utility":38.5,"ID":12},{"utility":43.25,"ID":13},{"utility":41,"ID":15},{"utility":72.5,"ID":19}],[],[{"utility":32,"ID":10},{"utility":59,"ID":27}],[],[],[],[],[],[],[],[],[],[],[],[],[],[]],"CORE :":false,"Relazioni :":670,"Time : ":0.2,"LAST PARTITION":{"22":8,"23":12,"24":22,"25":7,"26":3,"27":4,"28":10,"29":1,"30":11,"10":11,"11":10,"12":8,"13":14,"14":3,"15":5,"16":15,"17":13,"18":20,"19":6,"1":9,"2":5,"3":4,"4":2,"5":20,"6":1,"7":15,"8":13,"9":14,"20":9,"21":16}},{"Modalità dinamica :":false,"Q : ":8,"STARTING PARTITION: ":{"22":9,"23":1,"24":4,"25":6,"26":3,"27":16,"28":1,"29":7,"30":10,"10":16,"11":8,"12":14,"13":14,"14":3,"15":14,"16":2,"17":12,"18":4,"19":14,"1":14,"2":9,"3":1,"4":2,"5":4,"6":11,"7":13,"8":13,"9":11,"20":8,"21":4},"LAST COALITION":[[],[{"utility":95,"ID":6},{"utility":51,"ID":29}],[{"utility":94,"ID":1},{"utility":57,"ID":20}],[{"utility":100,"ID":14},{"utility":19,"ID":26}],[{"utility":85,"ID":3},{"utility":94,"ID":27}],[{"utility":17,"ID":16},{"utility":100,"ID":7}],[{"utility":0,"ID":4}],[{"utility":0,"ID":25}],[{"utility":69,"ID":22},{"utility":95,"ID":12}],[{"utility":0,"ID":19}],[{"utility":100,"ID":11},{"utility":6,"ID":28}],[{"utility":75,"ID":10},{"utility":12,"ID":30}],[{"utility":0,"ID":23}],[{"utility":66,"ID":17},{"utility":86,"ID":8}],[{"utility":84,"ID":9},{"utility":96,"ID":13}],[{"utility":92,"ID":2},{"utility":93,"ID":15}],[],[{"utility":0,"ID":21}],[],[],[{"utility":95,"ID":18},{"utility":95,"ID":5}],[],[{"utility":0,"ID":24}],[],[],[],[],[],[],[],[]],"STARTING COALITION: ":[[null],[{"utility":55,"ID":3},{"utility":19,"ID":23},{"utility":0,"ID":28}],[{"utility":86,"ID":4},{"utility":2,"ID":16}],[{"utility":100,"ID":14},{"utility":19,"ID":26}],[{"utility":80,"ID":5},{"utility":56,"ID":18},{"utility":26.333333333333332,"ID":21},{"utility":42,"ID":24}],[],[{"utility":0,"ID":25}],[{"utility":0,"ID":29}],[{"utility":40,"ID":11},{"utility":0,"ID":20}],[{"utility":47,"ID":2},{"utility":47,"ID":22}],[{"utility":0,"ID":30}],[{"utility":37,"ID":6},{"utility":0,"ID":9}],[{"utility":0,"ID":17}],[{"utility":27,"ID":7},{"utility":33,"ID":8}],[{"utility":40.5,"ID":1},{"utility":38.5,"ID":12},{"utility":43.25,"ID":13},{"utility":41,"ID":15},{"utility":72.5,"ID":19}],[],[{"utility":32,"ID":10},{"utility":59,"ID":27}],[],[],[],[],[],[],[],[],[],[],[],[],[],[]],"CORE :":false,"Relazioni :":670,"Time : ":0.1,"LAST PARTITION":{"22":8,"23":12,"24":22,"25":7,"26":3,"27":4,"28":10,"29":1,"30":11,"10":11,"11":10,"12":8,"13":14,"14":3,"15":15,"16":5,"17":13,"18":20,"19":9,"1":2,"2":15,"3":4,"4":6,"5":20,"6":1,"7":5,"8":13,"9":14,"20":2,"21":17}},{"Modalità dinamica :":false,"Q : ":8,"STARTING PARTITION: ":{"22":9,"23":1,"24":4,"25":6,"26":3,"27":16,"28":1,"29":7,"30":10,"10":16,"11":8,"12":14,"13":14,"14":3,"15":14,"16":2,"17":12,"18":4,"19":14,"1":14,"2":9,"3":1,"4":2,"5":4,"6":11,"7":13,"8":13,"9":11,"20":8,"21":4},"LAST COALITION":[[],[{"utility":95,"ID":6},{"utility":51,"ID":29}],[{"utility":73,"ID":19},{"utility":99,"ID":15}],[{"utility":100,"ID":14},{"utility":19,"ID":26}],[{"utility":85,"ID":3},{"utility":94,"ID":27}],[{"utility":17,"ID":16},{"utility":100,"ID":7}],[],[{"utility":0,"ID":25}],[{"utility":69,"ID":22},{"utility":95,"ID":12}],[{"utility":94,"ID":1},{"utility":57,"ID":20}],[{"utility":100,"ID":11},{"utility":6,"ID":28}],[{"utility":75,"ID":10},{"utility":12,"ID":30}],[{"utility":0,"ID":23}],[{"utility":66,"ID":17},{"utility":86,"ID":8}],[{"utility":84,"ID":9},{"utility":96,"ID":13}],[{"utility":0,"ID":2}],[{"utility":81,"ID":4},{"utility":22,"ID":21}],[],[],[],[{"utility":95,"ID":18},{"utility":95,"ID":5}],[],[{"utility":0,"ID":24}],[],[],[],[],[],[],[],[]],"STARTING COALITION: ":[[null],[{"utility":55,"ID":3},{"utility":19,"ID":23},{"utility":0,"ID":28}],[{"utility":86,"ID":4},{"utility":2,"ID":16}],[{"utility":100,"ID":14},{"utility":19,"ID":26}],[{"utility":80,"ID":5},{"utility":56,"ID":18},{"utility":26.333333333333332,"ID":21},{"utility":42,"ID":24}],[],[{"utility":0,"ID":25}],[{"utility":0,"ID":29}],[{"utility":40,"ID":11},{"utility":0,"ID":20}],[{"utility":47,"ID":2},{"utility":47,"ID":22}],[{"utility":0,"ID":30}],[{"utility":37,"ID":6},{"utility":0,"ID":9}],[{"utility":0,"ID":17}],[{"utility":27,"ID":7},{"utility":33,"ID":8}],[{"utility":40.5,"ID":1},{"utility":38.5,"ID":12},{"utility":43.25,"ID":13},{"utility":41,"ID":15},{"utility":72.5,"ID":19}],[],[{"utility":32,"ID":10},{"utility":59,"ID":27}],[],[],[],[],[],[],[],[],[],[],[],[],[],[]],"CORE :":false,"Relazioni :":670,"Time : ":0.2,"LAST PARTITION":{"22":8,"23":12,"24":22,"25":7,"26":3,"27":4,"28":10,"29":1,"30":11,"10":11,"11":10,"12":8,"13":14,"14":3,"15":2,"16":5,"17":13,"18":20,"19":2,"1":9,"2":15,"3":4,"4":16,"5":20,"6":1,"7":5,"8":13,"9":14,"20":9,"21":16}},{"Modalità dinamica :":false,"Q : ":9,"STARTING PARTITION: ":{"22":9,"23":1,"24":4,"25":6,"26":3,"27":16,"28":1,"29":7,"30":10,"10":16,"11":8,"12":14,"13":14,"14":3,"15":14,"16":2,"17":12,"18":4,"19":14,"1":14,"2":9,"3":1,"4":2,"5":4,"6":11,"7":13,"8":13,"9":11,"20":8,"21":4},"LAST COALITION":[[],[{"utility":95,"ID":6},{"utility":51,"ID":29}],[{"utility":2,"ID":16},{"utility":86,"ID":4}],[{"utility":100,"ID":14},{"utility":19,"ID":26}],[{"utility":85,"ID":3},{"utility":94,"ID":27}],[],[{"utility":99,"ID":19},{"utility":21,"ID":7}],[{"utility":0,"ID":25}],[{"utility":69,"ID":22},{"utility":95,"ID":12}],[{"utility":94,"ID":1},{"utility":57,"ID":20}],[{"utility":100,"ID":11},{"utility":6,"ID":28}],[{"utility":75,"ID":10},{"utility":12,"ID":30}],[{"utility":0,"ID":23}],[{"utility":66,"ID":17},{"utility":86,"ID":8}],[{"utility":84,"ID":9},{"utility":96,"ID":13}],[{"utility":92,"ID":2},{"utility":93,"ID":15}],[],[{"utility":0,"ID":21}],[],[],[{"utility":95,"ID":18},{"utility":95,"ID":5}],[],[{"utility":0,"ID":24}],[],[],[],[],[],[],[],[]],"STARTING COALITION: ":[[null],[{"utility":55,"ID":3},{"utility":19,"ID":23},{"utility":0,"ID":28}],[{"utility":86,"ID":4},{"utility":2,"ID":16}],[{"utility":100,"ID":14},{"utility":19,"ID":26}],[{"utility":80,"ID":5},{"utility":56,"ID":18},{"utility":26.333333333333332,"ID":21},{"utility":42,"ID":24}],[],[{"utility":0,"ID":25}],[{"utility":0,"ID":29}],[{"utility":40,"ID":11},{"utility":0,"ID":20}],[{"utility":47,"ID":2},{"utility":47,"ID":22}],[{"utility":0,"ID":30}],[{"utility":37,"ID":6},{"utility":0,"ID":9}],[{"utility":0,"ID":17}],[{"utility":27,"ID":7},{"utility":33,"ID":8}],[{"utility":40.5,"ID":1},{"utility":38.5,"ID":12},{"utility":43.25,"ID":13},{"utility":41,"ID":15},{"utility":72.5,"ID":19}],[],[{"utility":32,"ID":10},{"utility":59,"ID":27}],[],[],[],[],[],[],[],[],[],[],[],[],[],[]],"CORE :":false,"Relazioni :":670,"Time : ":0.1,"LAST PARTITION":{"22":8,"23":12,"24":22,"25":7,"26":3,"27":4,"28":10,"29":1,"30":11,"10":11,"11":10,"12":8,"13":14,"14":3,"15":15,"16":2,"17":13,"18":20,"19":6,"1":9,"2":15,"3":4,"4":2,"5":20,"6":1,"7":6,"8":13,"9":14,"20":9,"21":17}},{"Modalità dinamica :":false,"Q : ":9,"STARTING PARTITION: ":{"22":9,"23":1,"24":4,"25":6,"26":3,"27":16,"28":1,"29":7,"30":10,"10":16,"11":8,"12":14,"13":14,"14":3,"15":14,"16":2,"17":12,"18":4,"19":14,"1":14,"2":9,"3":1,"4":2,"5":4,"6":11,"7":13,"8":13,"9":11,"20":8,"21":4},"LAST COALITION":[[],[{"utility":95,"ID":6},{"utility":51,"ID":29}],[{"utility":0,"ID":19}],[{"utility":100,"ID":14},{"utility":19,"ID":26}],[{"utility":85,"ID":3},{"utility":94,"ID":27}],[{"utility":92,"ID":2},{"utility":93,"ID":15}],[{"utility":94,"ID":1},{"utility":57,"ID":20}],[{"utility":0,"ID":25}],[{"utility":69,"ID":22},{"utility":95,"ID":12}],[],[{"utility":100,"ID":11},{"utility":6,"ID":28}],[{"utility":75,"ID":10},{"utility":12,"ID":30}],[{"utility":0,"ID":23}],[{"utility":66,"ID":17},{"utility":86,"ID":8}],[{"utility":84,"ID":9},{"utility":96,"ID":13}],[{"utility":17,"ID":16},{"utility":100,"ID":7}],[],[{"utility":81,"ID":4},{"utility":22,"ID":21}],[],[],[{"utility":95,"ID":18},{"utility":95,"ID":5}],[],[{"utility":0,"ID":24}],[],[],[],[],[],[],[],[]],"STARTING COALITION: ":[[null],[{"utility":55,"ID":3},{"utility":19,"ID":23},{"utility":0,"ID":28}],[{"utility":86,"ID":4},{"utility":2,"ID":16}],[{"utility":100,"ID":14},{"utility":19,"ID":26}],[{"utility":80,"ID":5},{"utility":56,"ID":18},{"utility":26.333333333333332,"ID":21},{"utility":42,"ID":24}],[],[{"utility":0,"ID":25}],[{"utility":0,"ID":29}],[{"utility":40,"ID":11},{"utility":0,"ID":20}],[{"utility":47,"ID":2},{"utility":47,"ID":22}],[{"utility":0,"ID":30}],[{"utility":37,"ID":6},{"utility":0,"ID":9}],[{"utility":0,"ID":17}],[{"utility":27,"ID":7},{"utility":33,"ID":8}],[{"utility":40.5,"ID":1},{"utility":38.5,"ID":12},{"utility":43.25,"ID":13},{"utility":41,"ID":15},{"utility":72.5,"ID":19}],[],[{"utility":32,"ID":10},{"utility":59,"ID":27}],[],[],[],[],[],[],[],[],[],[],[],[],[],[]],"CORE :":false,"Relazioni :":670,"Time : ":0.2,"LAST PARTITION":{"22":8,"23":12,"24":22,"25":7,"26":3,"27":4,"28":10,"29":1,"30":11,"10":11,"11":10,"12":8,"13":14,"14":3,"15":5,"16":15,"17":13,"18":20,"19":2,"1":6,"2":5,"3":4,"4":17,"5":20,"6":1,"7":15,"8":13,"9":14,"20":6,"21":17}},{"Modalità dinamica :":false,"Q : ":10,"STARTING PARTITION: ":{"22":9,"23":1,"24":4,"25":6,"26":3,"27":16,"28":1,"29":7,"30":10,"10":16,"11":8,"12":14,"13":14,"14":3,"15":14,"16":2,"17":12,"18":4,"19":14,"1":14,"2":9,"3":1,"4":2,"5":4,"6":11,"7":13,"8":13,"9":11,"20":8,"21":4},"LAST COALITION":[[],[{"utility":95,"ID":6},{"utility":51,"ID":29}],[{"utility":99,"ID":19},{"utility":21,"ID":7}],[{"utility":100,"ID":14},{"utility":19,"ID":26}],[{"utility":85,"ID":3},{"utility":94,"ID":27}],[{"utility":92,"ID":2},{"utility":93,"ID":15}],[],[{"utility":0,"ID":25}],[{"utility":69,"ID":22},{"utility":95,"ID":12}],[{"utility":0,"ID":20}],[{"utility":100,"ID":11},{"utility":6,"ID":28}],[{"utility":75,"ID":10},{"utility":12,"ID":30}],[{"utility":0,"ID":23}],[{"utility":66,"ID":17},{"utility":86,"ID":8}],[{"utility":84,"ID":9},{"utility":96,"ID":13}],[{"utility":43,"ID":16},{"utility":84,"ID":1}],[{"utility":81,"ID":4},{"utility":22,"ID":21}],[],[],[],[{"utility":95,"ID":18},{"utility":95,"ID":5}],[],[{"utility":0,"ID":24}],[],[],[],[],[],[],[],[]],"STARTING COALITION: ":[[null],[{"utility":55,"ID":3},{"utility":19,"ID":23},{"utility":0,"ID":28}],[{"utility":86,"ID":4},{"utility":2,"ID":16}],[{"utility":100,"ID":14},{"utility":19,"ID":26}],[{"utility":80,"ID":5},{"utility":56,"ID":18},{"utility":26.333333333333332,"ID":21},{"utility":42,"ID":24}],[],[{"utility":0,"ID":25}],[{"utility":0,"ID":29}],[{"utility":40,"ID":11},{"utility":0,"ID":20}],[{"utility":47,"ID":2},{"utility":47,"ID":22}],[{"utility":0,"ID":30}],[{"utility":37,"ID":6},{"utility":0,"ID":9}],[{"utility":0,"ID":17}],[{"utility":27,"ID":7},{"utility":33,"ID":8}],[{"utility":40.5,"ID":1},{"utility":38.5,"ID":12},{"utility":43.25,"ID":13},{"utility":41,"ID":15},{"utility":72.5,"ID":19}],[],[{"utility":32,"ID":10},{"utility":59,"ID":27}],[],[],[],[],[],[],[],[],[],[],[],[],[],[]],"CORE :":false,"Relazioni :":670,"Time : ":0.1,"LAST PARTITION":{"22":8,"23":12,"24":22,"25":7,"26":3,"27":4,"28":10,"29":1,"30":11,"10":11,"11":10,"12":8,"13":14,"14":3,"15":5,"16":15,"17":13,"18":20,"19":2,"1":15,"2":5,"3":4,"4":16,"5":20,"6":1,"7":2,"8":13,"9":14,"20":9,"21":16}},{"Modalità dinamica :":false,"Q : ":10,"STARTING PARTITION: ":{"22":9,"23":1,"24":4,"25":6,"26":3,"27":16,"28":1,"29":7,"30":10,"10":16,"11":8,"12":14,"13":14,"14":3,"15":14,"16":2,"17":12,"18":4,"19":14,"1":14,"2":9,"3":1,"4":2,"5":4,"6":11,"7":13,"8":13,"9":11,"20":8,"21":4},"LAST COALITION":[[],[{"utility":95,"ID":6},{"utility":51,"ID":29}],[{"utility":0,"ID":4}],[{"utility":100,"ID":14},{"utility":19,"ID":26}],[{"utility":85,"ID":3},{"utility":94,"ID":27}],[{"utility":17,"ID":16},{"utility":100,"ID":7}],[{"utility":0,"ID":19}],[{"utility":0,"ID":25}],[{"utility":69,"ID":22},{"utility":95,"ID":12}],[{"utility":94,"ID":1},{"utility":57,"ID":20}],[{"utility":100,"ID":11},{"utility":6,"ID":28}],[{"utility":75,"ID":10},{"utility":12,"ID":30}],[{"utility":0,"ID":23}],[{"utility":66,"ID":17},{"utility":86,"ID":8}],[{"utility":84,"ID":9},{"utility":96,"ID":13}],[{"utility":92,"ID":2},{"utility":93,"ID":15}],[],[{"utility":0,"ID":21}],[],[],[{"utility":95,"ID":18},{"utility":95,"ID":5}],[],[{"utility":0,"ID":24}],[],[],[],[],[],[],[],[]],"STARTING COALITION: ":[[null],[{"utility":55,"ID":3},{"utility":19,"ID":23},{"utility":0,"ID":28}],[{"utility":86,"ID":4},{"utility":2,"ID":16}],[{"utility":100,"ID":14},{"utility":19,"ID":26}],[{"utility":80,"ID":5},{"utility":56,"ID":18},{"utility":26.333333333333332,"ID":21},{"utility":42,"ID":24}],[],[{"utility":0,"ID":25}],[{"utility":0,"ID":29}],[{"utility":40,"ID":11},{"utility":0,"ID":20}],[{"utility":47,"ID":2},{"utility":47,"ID":22}],[{"utility":0,"ID":30}],[{"utility":37,"ID":6},{"utility":0,"ID":9}],[{"utility":0,"ID":17}],[{"utility":27,"ID":7},{"utility":33,"ID":8}],[{"utility":40.5,"ID":1},{"utility":38.5,"ID":12},{"utility":43.25,"ID":13},{"utility":41,"ID":15},{"utility":72.5,"ID":19}],[],[{"utility":32,"ID":10},{"utility":59,"ID":27}],[],[],[],[],[],[],[],[],[],[],[],[],[],[]],"CORE :":false,"Relazioni :":670,"Time : ":0.2,"LAST PARTITION":{"22":8,"23":12,"24":22,"25":7,"26":3,"27":4,"28":10,"29":1,"30":11,"10":11,"11":10,"12":8,"13":14,"14":3,"15":15,"16":5,"17":13,"18":20,"19":6,"1":9,"2":15,"3":4,"4":2,"5":20,"6":1,"7":5,"8":13,"9":14,"20":9,"21":17}},{"Modalità dinamica :":true,"Q : ":2,"STARTING PARTITION: ":{"22":9,"23":1,"24":4,"25":6,"26":3,"27":16,"28":1,"29":7,"30":10,"10":16,"11":8,"12":14,"13":14,"14":3,"15":14,"16":2,"17":12,"18":4,"19":14,"1":14,"2":9,"3":1,"4":2,"5":4,"6":11,"7":13,"8":13,"9":11,"20":8,"21":4},"LAST COALITION":[[],[{"utility":13,"ID":11},{"utility":83,"ID":23}],[{"utility":85,"ID":3},{"utility":94,"ID":27}],[{"utility":60,"ID":10},{"utility":99,"ID":21}],[],[{"utility":69,"ID":1},{"utility":94,"ID":12}],[{"utility":44,"ID":6},{"utility":100,"ID":22}],[{"utility":72,"ID":20},{"utility":95,"ID":24}],[{"utility":81,"ID":19},{"utility":100,"ID":26}],[{"utility":90,"ID":7},{"utility":73,"ID":30}],[{"utility":84,"ID":9},{"utility":96,"ID":13}],[{"utility":92,"ID":2},{"utility":93,"ID":15}],[{"utility":49,"ID":4},{"utility":95,"ID":29}],[{"utility":86,"ID":8},{"utility":66,"ID":17}],[],[{"utility":95,"ID":5},{"utility":95,"ID":18}],[{"utility":62,"ID":14},{"utility":78,"ID":25}],[],[],[],[],[{"utility":86,"ID":16},{"utility":78,"ID":28}],[],[],[],[],[],[],[],[],[]],"STARTING COALITION: ":[[null],[{"utility":55,"ID":3},{"utility":19,"ID":23},{"utility":0,"ID":28}],[{"utility":86,"ID":4},{"utility":2,"ID":16}],[{"utility":100,"ID":14},{"utility":19,"ID":26}],[{"utility":80,"ID":5},{"utility":56,"ID":18},{"utility":26.333333333333332,"ID":21},{"utility":42,"ID":24}],[],[{"utility":0,"ID":25}],[{"utility":0,"ID":29}],[{"utility":40,"ID":11},{"utility":0,"ID":20}],[{"utility":47,"ID":2},{"utility":47,"ID":22}],[{"utility":0,"ID":30}],[{"utility":37,"ID":6},{"utility":0,"ID":9}],[{"utility":0,"ID":17}],[{"utility":27,"ID":7},{"utility":33,"ID":8}],[{"utility":40.5,"ID":1},{"utility":38.5,"ID":12},{"utility":43.25,"ID":13},{"utility":41,"ID":15},{"utility":72.5,"ID":19}],[],[{"utility":32,"ID":10},{"utility":59,"ID":27}],[],[],[],[],[],[],[],[],[],[],[],[],[],[]],"CORE :":true,"Relazioni :":670,"Time : ":0.1,"LAST PARTITION":{"22":6,"23":1,"24":7,"25":16,"26":8,"27":2,"28":21,"29":12,"30":9,"10":3,"11":1,"12":5,"13":10,"14":16,"15":11,"16":21,"17":13,"18":15,"19":8,"1":5,"2":11,"3":2,"4":12,"5":15,"6":6,"7":9,"8":13,"9":10,"20":7,"21":3}},{"Modalità dinamica :":true,"Q : ":2,"STARTING PARTITION: ":{"22":9,"23":1,"24":4,"25":6,"26":3,"27":16,"28":1,"29":7,"30":10,"10":16,"11":8,"12":14,"13":14,"14":3,"15":14,"16":2,"17":12,"18":4,"19":14,"1":14,"2":9,"3":1,"4":2,"5":4,"6":11,"7":13,"8":13,"9":11,"20":8,"21":4},"LAST COALITION":[[],[{"utility":62,"ID":14},{"utility":78,"ID":25}],[{"utility":90,"ID":7},{"utility":73,"ID":30}],[{"utility":92,"ID":2},{"utility":93,"ID":15}],[{"utility":85,"ID":3},{"utility":94,"ID":27}],[{"utility":13,"ID":11},{"utility":83,"ID":23}],[{"utility":86,"ID":16},{"utility":78,"ID":28}],[{"utility":95,"ID":5},{"utility":95,"ID":18}],[{"utility":81,"ID":19},{"utility":100,"ID":26}],[{"utility":44,"ID":6},{"utility":100,"ID":22}],[{"utility":69,"ID":1},{"utility":94,"ID":12}],[{"utility":84,"ID":9},{"utility":96,"ID":13}],[],[],[{"utility":49,"ID":4},{"utility":95,"ID":29}],[{"utility":86,"ID":8},{"utility":66,"ID":17}],[],[{"utility":60,"ID":10},{"utility":99,"ID":21}],[{"utility":72,"ID":20},{"utility":95,"ID":24}],[],[],[],[],[],[],[],[],[],[],[],[]],"STARTING COALITION: ":[[null],[{"utility":55,"ID":3},{"utility":19,"ID":23},{"utility":0,"ID":28}],[{"utility":86,"ID":4},{"utility":2,"ID":16}],[{"utility":100,"ID":14},{"utility":19,"ID":26}],[{"utility":80,"ID":5},{"utility":56,"ID":18},{"utility":26.333333333333332,"ID":21},{"utility":42,"ID":24}],[],[{"utility":0,"ID":25}],[{"utility":0,"ID":29}],[{"utility":40,"ID":11},{"utility":0,"ID":20}],[{"utility":47,"ID":2},{"utility":47,"ID":22}],[{"utility":0,"ID":30}],[{"utility":37,"ID":6},{"utility":0,"ID":9}],[{"utility":0,"ID":17}],[{"utility":27,"ID":7},{"utility":33,"ID":8}],[{"utility":40.5,"ID":1},{"utility":38.5,"ID":12},{"utility":43.25,"ID":13},{"utility":41,"ID":15},{"utility":72.5,"ID":19}],[],[{"utility":32,"ID":10},{"utility":59,"ID":27}],[],[],[],[],[],[],[],[],[],[],[],[],[],[]],"CORE :":true,"Relazioni :":670,"Time : ":0.2,"LAST PARTITION":{"22":9,"23":5,"24":18,"25":1,"26":8,"27":4,"28":6,"29":14,"30":2,"10":17,"11":5,"12":10,"13":11,"14":1,"15":3,"16":6,"17":15,"18":7,"19":8,"1":10,"2":3,"3":4,"4":14,"5":7,"6":9,"7":2,"8":15,"9":11,"20":18,"21":17}},{"Modalità dinamica :":true,"Q : ":3,"STARTING PARTITION: ":{"22":9,"23":1,"24":4,"25":6,"26":3,"27":16,"28":1,"29":7,"30":10,"10":16,"11":8,"12":14,"13":14,"14":3,"15":14,"16":2,"17":12,"18":4,"19":14,"1":14,"2":9,"3":1,"4":2,"5":4,"6":11,"7":13,"8":13,"9":11,"20":8,"21":4},"LAST COALITION":[[],[{"utility":92,"ID":2},{"utility":93,"ID":15}],[{"utility":82,"ID":22},{"utility":79,"ID":30}],[{"utility":66,"ID":10},{"utility":57,"ID":25}],[{"utility":95,"ID":5},{"utility":95,"ID":18}],[],[{"utility":85,"ID":3},{"utility":94,"ID":27}],[{"utility":72,"ID":20},{"utility":95,"ID":24}],[{"utility":56,"ID":6},{"utility":90,"ID":21}],[],[{"utility":86,"ID":8},{"utility":66,"ID":17}],[{"utility":81,"ID":19},{"utility":100,"ID":26}],[{"utility":13,"ID":11},{"utility":83,"ID":23}],[{"utility":77,"ID":7},{"utility":96,"ID":29}],[{"utility":84,"ID":9},{"utility":96,"ID":13}],[{"utility":42,"ID":4},{"utility":99,"ID":28}],[{"utility":72,"ID":12},{"utility":98,"ID":14}],[{"utility":84,"ID":1},{"utility":43,"ID":16}],[],[],[],[],[],[],[],[],[],[],[],[],[]],"STARTING COALITION: ":[[null],[{"utility":55,"ID":3},{"utility":19,"ID":23},{"utility":0,"ID":28}],[{"utility":86,"ID":4},{"utility":2,"ID":16}],[{"utility":100,"ID":14},{"utility":19,"ID":26}],[{"utility":80,"ID":5},{"utility":56,"ID":18},{"utility":26.333333333333332,"ID":21},{"utility":42,"ID":24}],[],[{"utility":0,"ID":25}],[{"utility":0,"ID":29}],[{"utility":40,"ID":11},{"utility":0,"ID":20}],[{"utility":47,"ID":2},{"utility":47,"ID":22}],[{"utility":0,"ID":30}],[{"utility":37,"ID":6},{"utility":0,"ID":9}],[{"utility":0,"ID":17}],[{"utility":27,"ID":7},{"utility":33,"ID":8}],[{"utility":40.5,"ID":1},{"utility":38.5,"ID":12},{"utility":43.25,"ID":13},{"utility":41,"ID":15},{"utility":72.5,"ID":19}],[],[{"utility":32,"ID":10},{"utility":59,"ID":27}],[],[],[],[],[],[],[],[],[],[],[],[],[],[]],"CORE :":true,"Relazioni :":670,"Time : ":0.1,"LAST PARTITION":{"22":2,"23":12,"24":7,"25":3,"26":11,"27":6,"28":15,"29":13,"30":2,"10":3,"11":12,"12":16,"13":14,"14":16,"15":1,"16":17,"17":10,"18":4,"19":11,"1":17,"2":1,"3":6,"4":15,"5":4,"6":8,"7":13,"8":10,"9":14,"20":7,"21":8}},{"Modalità dinamica :":true,"Q : ":3,"STARTING PARTITION: ":{"22":9,"23":1,"24":4,"25":6,"26":3,"27":16,"28":1,"29":7,"30":10,"10":16,"11":8,"12":14,"13":14,"14":3,"15":14,"16":2,"17":12,"18":4,"19":14,"1":14,"2":9,"3":1,"4":2,"5":4,"6":11,"7":13,"8":13,"9":11,"20":8,"21":4},"LAST COALITION":[[],[{"utility":72,"ID":8},{"utility":13,"ID":22}],[{"utility":41,"ID":16},{"utility":34,"ID":23}],[{"utility":76,"ID":20},{"utility":17,"ID":30}],[{"utility":0,"ID":7}],[{"utility":0,"ID":1}],[{"utility":94,"ID":12},{"utility":92,"ID":24}],[{"utility":9.5,"ID":21},{"utility":63,"ID":25},{"utility":5,"ID":29}],[{"utility":62,"ID":6},{"utility":40,"ID":28}],[],[{"utility":0,"ID":14}],[{"utility":0,"ID":10}],[{"utility":84,"ID":9},{"utility":96,"ID":13}],[{"utility":0,"ID":11}],[{"utility":85,"ID":3},{"utility":94,"ID":27}],[],[{"utility":92,"ID":2},{"utility":93,"ID":15}],[{"utility":95,"ID":5},{"utility":95,"ID":18}],[{"utility":0,"ID":17}],[],[{"utility":0,"ID":4}],[{"utility":81,"ID":19},{"utility":100,"ID":26}],[],[],[],[],[],[],[],[],[]],"STARTING COALITION: ":[[null],[{"utility":55,"ID":3},{"utility":19,"ID":23},{"utility":0,"ID":28}],[{"utility":86,"ID":4},{"utility":2,"ID":16}],[{"utility":100,"ID":14},{"utility":19,"ID":26}],[{"utility":80,"ID":5},{"utility":56,"ID":18},{"utility":26.333333333333332,"ID":21},{"utility":42,"ID":24}],[],[{"utility":0,"ID":25}],[{"utility":0,"ID":29}],[{"utility":40,"ID":11},{"utility":0,"ID":20}],[{"utility":47,"ID":2},{"utility":47,"ID":22}],[{"utility":0,"ID":30}],[{"utility":37,"ID":6},{"utility":0,"ID":9}],[{"utility":0,"ID":17}],[{"utility":27,"ID":7},{"utility":33,"ID":8}],[{"utility":40.5,"ID":1},{"utility":38.5,"ID":12},{"utility":43.25,"ID":13},{"utility":41,"ID":15},{"utility":72.5,"ID":19}],[],[{"utility":32,"ID":10},{"utility":59,"ID":27}],[],[],[],[],[],[],[],[],[],[],[],[],[],[]],"CORE :":false,"Relazioni :":670,"Time : ":0.2,"LAST PARTITION":{"22":1,"23":2,"24":6,"25":7,"26":21,"27":14,"28":8,"29":7,"30":3,"10":11,"11":13,"12":6,"13":12,"14":10,"15":16,"16":2,"17":18,"18":17,"19":21,"1":5,"2":16,"3":14,"4":20,"5":17,"6":8,"7":4,"8":1,"9":12,"20":3,"21":7}},{"Modalità dinamica :":true,"Q : ":4,"STARTING PARTITION: ":{"22":9,"23":1,"24":4,"25":6,"26":3,"27":16,"28":1,"29":7,"30":10,"10":16,"11":8,"12":14,"13":14,"14":3,"15":14,"16":2,"17":12,"18":4,"19":14,"1":14,"2":9,"3":1,"4":2,"5":4,"6":11,"7":13,"8":13,"9":11,"20":8,"21":4},"LAST COALITION":[[],[{"utility":66,"ID":26},{"utility":12,"ID":28}],[{"utility":84,"ID":9},{"utility":96,"ID":13}],[],[{"utility":85,"ID":3},{"utility":94,"ID":27}],[],[{"utility":86,"ID":8},{"utility":66,"ID":17}],[{"utility":95,"ID":5},{"utility":95,"ID":18}],[{"utility":0,"ID":25}],[{"utility":95,"ID":16},{"utility":25,"ID":30}],[{"utility":72,"ID":20},{"utility":95,"ID":24}],[{"utility":95,"ID":12},{"utility":69,"ID":22}],[{"utility":92,"ID":2},{"utility":93,"ID":15}],[{"utility":0,"ID":14}],[{"utility":0,"ID":23}],[{"utility":0,"ID":19}],[{"utility":77,"ID":7},{"utility":96,"ID":29}],[{"utility":44,"ID":1},{"utility":82,"ID":11}],[{"utility":90,"ID":4},{"utility":28,"ID":6},{"utility":56,"ID":21}],[{"utility":0,"ID":10}],[],[],[],[],[],[],[],[],[],[],[]],"STARTING COALITION: ":[[null],[{"utility":55,"ID":3},{"utility":19,"ID":23},{"utility":0,"ID":28}],[{"utility":86,"ID":4},{"utility":2,"ID":16}],[{"utility":100,"ID":14},{"utility":19,"ID":26}],[{"utility":80,"ID":5},{"utility":56,"ID":18},{"utility":26.333333333333332,"ID":21},{"utility":42,"ID":24}],[],[{"utility":0,"ID":25}],[{"utility":0,"ID":29}],[{"utility":40,"ID":11},{"utility":0,"ID":20}],[{"utility":47,"ID":2},{"utility":47,"ID":22}],[{"utility":0,"ID":30}],[{"utility":37,"ID":6},{"utility":0,"ID":9}],[{"utility":0,"ID":17}],[{"utility":27,"ID":7},{"utility":33,"ID":8}],[{"utility":40.5,"ID":1},{"utility":38.5,"ID":12},{"utility":43.25,"ID":13},{"utility":41,"ID":15},{"utility":72.5,"ID":19}],[],[{"utility":32,"ID":10},{"utility":59,"ID":27}],[],[],[],[],[],[],[],[],[],[],[],[],[],[]],"CORE :":false,"Relazioni :":670,"Time : ":0.1,"LAST PARTITION":{"22":11,"23":14,"24":10,"25":8,"26":1,"27":4,"28":1,"29":16,"30":9,"10":19,"11":17,"12":11,"13":2,"14":13,"15":12,"16":9,"17":6,"18":7,"19":15,"1":17,"2":12,"3":4,"4":18,"5":7,"6":18,"7":16,"8":6,"9":2,"20":10,"21":18}},{"Modalità dinamica :":true,"Q : ":4,"STARTING PARTITION: ":{"22":9,"23":1,"24":4,"25":6,"26":3,"27":16,"28":1,"29":7,"30":10,"10":16,"11":8,"12":14,"13":14,"14":3,"15":14,"16":2,"17":12,"18":4,"19":14,"1":14,"2":9,"3":1,"4":2,"5":4,"6":11,"7":13,"8":13,"9":11,"20":8,"21":4},"LAST COALITION":[[],[{"utility":85,"ID":3},{"utility":94,"ID":27}],[{"utility":42,"ID":4},{"utility":99,"ID":28}],[{"utility":72,"ID":12},{"utility":98,"ID":14}],[{"utility":82,"ID":22},{"utility":79,"ID":30}],[{"utility":66,"ID":10},{"utility":57,"ID":25}],[{"utility":77,"ID":7},{"utility":96,"ID":29}],[],[{"utility":13,"ID":11},{"utility":83,"ID":23}],[{"utility":84,"ID":1},{"utility":43,"ID":16}],[{"utility":92,"ID":2},{"utility":93,"ID":15}],[],[{"utility":56,"ID":6},{"utility":90,"ID":21}],[{"utility":84,"ID":9},{"utility":96,"ID":13}],[{"utility":95,"ID":5},{"utility":95,"ID":18}],[{"utility":86,"ID":8},{"utility":66,"ID":17}],[],[],[{"utility":72,"ID":20},{"utility":95,"ID":24}],[],[{"utility":81,"ID":19},{"utility":100,"ID":26}],[],[],[],[],[],[],[],[],[],[]],"STARTING COALITION: ":[[null],[{"utility":55,"ID":3},{"utility":19,"ID":23},{"utility":0,"ID":28}],[{"utility":86,"ID":4},{"utility":2,"ID":16}],[{"utility":100,"ID":14},{"utility":19,"ID":26}],[{"utility":80,"ID":5},{"utility":56,"ID":18},{"utility":26.333333333333332,"ID":21},{"utility":42,"ID":24}],[],[{"utility":0,"ID":25}],[{"utility":0,"ID":29}],[{"utility":40,"ID":11},{"utility":0,"ID":20}],[{"utility":47,"ID":2},{"utility":47,"ID":22}],[{"utility":0,"ID":30}],[{"utility":37,"ID":6},{"utility":0,"ID":9}],[{"utility":0,"ID":17}],[{"utility":27,"ID":7},{"utility":33,"ID":8}],[{"utility":40.5,"ID":1},{"utility":38.5,"ID":12},{"utility":43.25,"ID":13},{"utility":41,"ID":15},{"utility":72.5,"ID":19}],[],[{"utility":32,"ID":10},{"utility":59,"ID":27}],[],[],[],[],[],[],[],[],[],[],[],[],[],[]],"CORE :":true,"Relazioni :":670,"Time : ":0.2,"LAST PARTITION":{"22":4,"23":8,"24":18,"25":5,"26":20,"27":1,"28":2,"29":6,"30":4,"10":5,"11":8,"12":3,"13":13,"14":3,"15":10,"16":9,"17":15,"18":14,"19":20,"1":9,"2":10,"3":1,"4":2,"5":14,"6":12,"7":6,"8":15,"9":13,"20":18,"21":12}},{"Modalità dinamica :":true,"Q : ":5,"STARTING PARTITION: ":{"22":9,"23":1,"24":4,"25":6,"26":3,"27":16,"28":1,"29":7,"30":10,"10":16,"11":8,"12":14,"13":14,"14":3,"15":14,"16":2,"17":12,"18":4,"19":14,"1":14,"2":9,"3":1,"4":2,"5":4,"6":11,"7":13,"8":13,"9":11,"20":8,"21":4},"LAST COALITION":[[],[{"utility":57,"ID":12},{"utility":96,"ID":21}],[{"utility":86,"ID":16},{"utility":78,"ID":28}],[{"utility":90,"ID":7},{"utility":73,"ID":30}],[{"utility":0,"ID":4}],[{"utility":44,"ID":6},{"utility":100,"ID":22}],[{"utility":11,"ID":5},{"utility":4,"ID":23}],[{"utility":0,"ID":24}],[{"utility":62,"ID":14},{"utility":78,"ID":25}],[{"utility":57,"ID":18},{"utility":84,"ID":29}],[{"utility":0,"ID":20}],[],[{"utility":92,"ID":2},{"utility":93,"ID":15}],[{"utility":44,"ID":1},{"utility":82,"ID":11}],[{"utility":86,"ID":8},{"utility":66,"ID":17}],[],[{"utility":9,"ID":3},{"utility":66,"ID":10}],[{"utility":81,"ID":19},{"utility":100,"ID":26}],[{"utility":84,"ID":9},{"utility":96,"ID":13}],[{"utility":0,"ID":27}],[],[],[],[],[],[],[],[],[],[],[]],"STARTING COALITION: ":[[null],[{"utility":55,"ID":3},{"utility":19,"ID":23},{"utility":0,"ID":28}],[{"utility":86,"ID":4},{"utility":2,"ID":16}],[{"utility":100,"ID":14},{"utility":19,"ID":26}],[{"utility":80,"ID":5},{"utility":56,"ID":18},{"utility":26.333333333333332,"ID":21},{"utility":42,"ID":24}],[],[{"utility":0,"ID":25}],[{"utility":0,"ID":29}],[{"utility":40,"ID":11},{"utility":0,"ID":20}],[{"utility":47,"ID":2},{"utility":47,"ID":22}],[{"utility":0,"ID":30}],[{"utility":37,"ID":6},{"utility":0,"ID":9}],[{"utility":0,"ID":17}],[{"utility":27,"ID":7},{"utility":33,"ID":8}],[{"utility":40.5,"ID":1},{"utility":38.5,"ID":12},{"utility":43.25,"ID":13},{"utility":41,"ID":15},{"utility":72.5,"ID":19}],[],[{"utility":32,"ID":10},{"utility":59,"ID":27}],[],[],[],[],[],[],[],[],[],[],[],[],[],[]],"CORE :":false,"Relazioni :":670,"Time : ":0.1,"LAST PARTITION":{"22":5,"23":6,"24":7,"25":8,"26":17,"27":19,"28":2,"29":9,"30":3,"10":16,"11":13,"12":1,"13":18,"14":8,"15":12,"16":2,"17":14,"18":9,"19":17,"1":13,"2":12,"3":16,"4":4,"5":6,"6":5,"7":3,"8":14,"9":18,"20":10,"21":1}},{"Modalità dinamica :":true,"Q : ":5,"STARTING PARTITION: ":{"22":9,"23":1,"24":4,"25":6,"26":3,"27":16,"28":1,"29":7,"30":10,"10":16,"11":8,"12":14,"13":14,"14":3,"15":14,"16":2,"17":12,"18":4,"19":14,"1":14,"2":9,"3":1,"4":2,"5":4,"6":11,"7":13,"8":13,"9":11,"20":8,"21":4},"LAST COALITION":[[],[],[{"utility":84,"ID":1},{"utility":43,"ID":16}],[{"utility":66,"ID":10},{"utility":57,"ID":25}],[{"utility":84,"ID":9},{"utility":96,"ID":13}],[{"utility":85,"ID":3},{"utility":94,"ID":27}],[{"utility":56,"ID":6},{"utility":90,"ID":21}],[{"utility":42,"ID":4},{"utility":99,"ID":28}],[{"utility":72,"ID":20},{"utility":95,"ID":24}],[{"utility":72,"ID":12},{"utility":98,"ID":14}],[{"utility":77,"ID":7},{"utility":96,"ID":29}],[{"utility":13,"ID":11},{"utility":83,"ID":23}],[{"utility":81,"ID":19},{"utility":100,"ID":26}],[{"utility":92,"ID":2},{"utility":93,"ID":15}],[],[{"utility":95,"ID":5},{"utility":95,"ID":18}],[{"utility":82,"ID":22},{"utility":79,"ID":30}],[],[],[{"utility":86,"ID":8},{"utility":66,"ID":17}],[],[],[],[],[],[],[],[],[],[],[]],"STARTING COALITION: ":[[null],[{"utility":55,"ID":3},{"utility":19,"ID":23},{"utility":0,"ID":28}],[{"utility":86,"ID":4},{"utility":2,"ID":16}],[{"utility":100,"ID":14},{"utility":19,"ID":26}],[{"utility":80,"ID":5},{"utility":56,"ID":18},{"utility":26.333333333333332,"ID":21},{"utility":42,"ID":24}],[],[{"utility":0,"ID":25}],[{"utility":0,"ID":29}],[{"utility":40,"ID":11},{"utility":0,"ID":20}],[{"utility":47,"ID":2},{"utility":47,"ID":22}],[{"utility":0,"ID":30}],[{"utility":37,"ID":6},{"utility":0,"ID":9}],[{"utility":0,"ID":17}],[{"utility":27,"ID":7},{"utility":33,"ID":8}],[{"utility":40.5,"ID":1},{"utility":38.5,"ID":12},{"utility":43.25,"ID":13},{"utility":41,"ID":15},{"utility":72.5,"ID":19}],[],[{"utility":32,"ID":10},{"utility":59,"ID":27}],[],[],[],[],[],[],[],[],[],[],[],[],[],[]],"CORE :":true,"Relazioni :":670,"Time : ":0.2,"LAST PARTITION":{"22":16,"23":11,"24":8,"25":3,"26":12,"27":5,"28":7,"29":10,"30":16,"10":3,"11":11,"12":9,"13":4,"14":9,"15":13,"16":2,"17":19,"18":15,"19":12,"1":2,"2":13,"3":5,"4":7,"5":15,"6":6,"7":10,"8":19,"9":4,"20":8,"21":6}},{"Modalità dinamica :":true,"Q : ":6,"STARTING PARTITION: ":{"22":9,"23":1,"24":4,"25":6,"26":3,"27":16,"28":1,"29":7,"30":10,"10":16,"11":8,"12":14,"13":14,"14":3,"15":14,"16":2,"17":12,"18":4,"19":14,"1":14,"2":9,"3":1,"4":2,"5":4,"6":11,"7":13,"8":13,"9":11,"20":8,"21":4},"LAST COALITION":[[],[{"utility":50,"ID":17},{"utility":56,"ID":27}],[],[{"utility":63,"ID":23},{"utility":74,"ID":30}],[{"utility":11,"ID":3},{"utility":46,"ID":22}],[{"utility":83,"ID":6},{"utility":6,"ID":8}],[{"utility":77,"ID":7},{"utility":96,"ID":29}],[{"utility":81,"ID":19},{"utility":100,"ID":26}],[{"utility":53,"ID":16},{"utility":39,"ID":25}],[{"utility":95,"ID":5},{"utility":95,"ID":18}],[{"utility":0,"ID":28}],[{"utility":0,"ID":14}],[{"utility":44,"ID":1},{"utility":82,"ID":11}],[],[{"utility":0,"ID":4}],[{"utility":84,"ID":9},{"utility":96,"ID":13}],[{"utility":60,"ID":10},{"utility":99,"ID":21}],[{"utility":94,"ID":12},{"utility":92,"ID":24}],[{"utility":91,"ID":2},{"utility":88,"ID":20}],[{"utility":0,"ID":15}],[],[],[],[],[],[],[],[],[],[],[]],"STARTING COALITION: ":[[null],[{"utility":55,"ID":3},{"utility":19,"ID":23},{"utility":0,"ID":28}],[{"utility":86,"ID":4},{"utility":2,"ID":16}],[{"utility":100,"ID":14},{"utility":19,"ID":26}],[{"utility":80,"ID":5},{"utility":56,"ID":18},{"utility":26.333333333333332,"ID":21},{"utility":42,"ID":24}],[],[{"utility":0,"ID":25}],[{"utility":0,"ID":29}],[{"utility":40,"ID":11},{"utility":0,"ID":20}],[{"utility":47,"ID":2},{"utility":47,"ID":22}],[{"utility":0,"ID":30}],[{"utility":37,"ID":6},{"utility":0,"ID":9}],[{"utility":0,"ID":17}],[{"utility":27,"ID":7},{"utility":33,"ID":8}],[{"utility":40.5,"ID":1},{"utility":38.5,"ID":12},{"utility":43.25,"ID":13},{"utility":41,"ID":15},{"utility":72.5,"ID":19}],[],[{"utility":32,"ID":10},{"utility":59,"ID":27}],[],[],[],[],[],[],[],[],[],[],[],[],[],[]],"CORE :":false,"Relazioni :":670,"Time : ":0.1,"LAST PARTITION":{"22":4,"23":3,"24":17,"25":8,"26":7,"27":1,"28":10,"29":6,"30":3,"10":16,"11":12,"12":17,"13":15,"14":11,"15":19,"16":8,"17":1,"18":9,"19":7,"1":12,"2":18,"3":4,"4":14,"5":9,"6":5,"7":6,"8":5,"9":15,"20":18,"21":16}},{"Modalità dinamica :":true,"Q : ":6,"STARTING PARTITION: ":{"22":9,"23":1,"24":4,"25":6,"26":3,"27":16,"28":1,"29":7,"30":10,"10":16,"11":8,"12":14,"13":14,"14":3,"15":14,"16":2,"17":12,"18":4,"19":14,"1":14,"2":9,"3":1,"4":2,"5":4,"6":11,"7":13,"8":13,"9":11,"20":8,"21":4},"LAST COALITION":[[],[{"utility":99,"ID":15},{"utility":73,"ID":19}],[{"utility":30,"ID":8},{"utility":82,"ID":20}],[{"utility":48,"ID":1},{"utility":63,"ID":14}],[{"utility":97,"ID":27},{"utility":56,"ID":29}],[{"utility":100,"ID":7},{"utility":17,"ID":16}],[],[{"utility":56,"ID":6},{"utility":90,"ID":21}],[{"utility":95,"ID":5},{"utility":95,"ID":18}],[{"utility":53,"ID":3},{"utility":56,"ID":26}],[{"utility":63,"ID":2},{"utility":27,"ID":4}],[{"utility":94,"ID":12},{"utility":92,"ID":24}],[],[{"utility":77,"ID":17},{"utility":42,"ID":28}],[{"utility":0,"ID":10}],[],[{"utility":46,"ID":9},{"utility":64,"ID":23}],[{"utility":87,"ID":11},{"utility":91,"ID":13}],[],[{"utility":82,"ID":22},{"utility":79,"ID":30}],[{"utility":0,"ID":25}],[],[],[],[],[],[],[],[],[],[]],"STARTING COALITION: ":[[null],[{"utility":55,"ID":3},{"utility":19,"ID":23},{"utility":0,"ID":28}],[{"utility":86,"ID":4},{"utility":2,"ID":16}],[{"utility":100,"ID":14},{"utility":19,"ID":26}],[{"utility":80,"ID":5},{"utility":56,"ID":18},{"utility":26.333333333333332,"ID":21},{"utility":42,"ID":24}],[],[{"utility":0,"ID":25}],[{"utility":0,"ID":29}],[{"utility":40,"ID":11},{"utility":0,"ID":20}],[{"utility":47,"ID":2},{"utility":47,"ID":22}],[{"utility":0,"ID":30}],[{"utility":37,"ID":6},{"utility":0,"ID":9}],[{"utility":0,"ID":17}],[{"utility":27,"ID":7},{"utility":33,"ID":8}],[{"utility":40.5,"ID":1},{"utility":38.5,"ID":12},{"utility":43.25,"ID":13},{"utility":41,"ID":15},{"utility":72.5,"ID":19}],[],[{"utility":32,"ID":10},{"utility":59,"ID":27}],[],[],[],[],[],[],[],[],[],[],[],[],[],[]],"CORE :":false,"Relazioni :":670,"Time : ":0.2,"LAST PARTITION":{"22":19,"23":16,"24":11,"25":20,"26":9,"27":4,"28":13,"29":4,"30":19,"10":14,"11":17,"12":11,"13":17,"14":3,"15":1,"16":5,"17":13,"18":8,"19":1,"1":3,"2":10,"3":9,"4":10,"5":8,"6":7,"7":5,"8":2,"9":16,"20":2,"21":7}},{"Modalità dinamica :":true,"Q : ":7,"STARTING PARTITION: ":{"22":9,"23":1,"24":4,"25":6,"26":3,"27":16,"28":1,"29":7,"30":10,"10":16,"11":8,"12":14,"13":14,"14":3,"15":14,"16":2,"17":12,"18":4,"19":14,"1":14,"2":9,"3":1,"4":2,"5":4,"6":11,"7":13,"8":13,"9":11,"20":8,"21":4},"LAST COALITION":[[],[{"utility":48,"ID":1},{"utility":63,"ID":14}],[{"utility":0,"ID":9}],[{"utility":57,"ID":12},{"utility":96,"ID":21}],[{"utility":72,"ID":20},{"utility":95,"ID":24}],[{"utility":53,"ID":16},{"utility":39,"ID":25}],[{"utility":99,"ID":15},{"utility":73,"ID":19}],[{"utility":82,"ID":22},{"utility":79,"ID":30}],[{"utility":83,"ID":6},{"utility":58,"ID":10}],[{"utility":0,"ID":2}],[{"utility":0,"ID":7}],[],[{"utility":42,"ID":4},{"utility":99,"ID":28}],[{"utility":57,"ID":13},{"utility":87,"ID":17}],[{"utility":53,"ID":3},{"utility":56,"ID":26}],[{"utility":55.5,"ID":8},{"utility":94,"ID":27},{"utility":28,"ID":29}],[],[{"utility":95,"ID":5},{"utility":95,"ID":18}],[{"utility":13,"ID":11},{"utility":83,"ID":23}],[],[],[],[],[],[],[],[],[],[],[],[]],"STARTING COALITION: ":[[null],[{"utility":55,"ID":3},{"utility":19,"ID":23},{"utility":0,"ID":28}],[{"utility":86,"ID":4},{"utility":2,"ID":16}],[{"utility":100,"ID":14},{"utility":19,"ID":26}],[{"utility":80,"ID":5},{"utility":56,"ID":18},{"utility":26.333333333333332,"ID":21},{"utility":42,"ID":24}],[],[{"utility":0,"ID":25}],[{"utility":0,"ID":29}],[{"utility":40,"ID":11},{"utility":0,"ID":20}],[{"utility":47,"ID":2},{"utility":47,"ID":22}],[{"utility":0,"ID":30}],[{"utility":37,"ID":6},{"utility":0,"ID":9}],[{"utility":0,"ID":17}],[{"utility":27,"ID":7},{"utility":33,"ID":8}],[{"utility":40.5,"ID":1},{"utility":38.5,"ID":12},{"utility":43.25,"ID":13},{"utility":41,"ID":15},{"utility":72.5,"ID":19}],[],[{"utility":32,"ID":10},{"utility":59,"ID":27}],[],[],[],[],[],[],[],[],[],[],[],[],[],[]],"CORE :":false,"Relazioni :":670,"Time : ":0.1,"LAST PARTITION":{"22":7,"23":18,"24":4,"25":5,"26":14,"27":15,"28":12,"29":15,"30":7,"10":8,"11":18,"12":3,"13":13,"14":1,"15":6,"16":5,"17":13,"18":17,"19":6,"1":1,"2":9,"3":14,"4":12,"5":17,"6":8,"7":10,"8":15,"9":2,"20":4,"21":3}},{"Modalità dinamica :":true,"Q : ":7,"STARTING PARTITION: ":{"22":9,"23":1,"24":4,"25":6,"26":3,"27":16,"28":1,"29":7,"30":10,"10":16,"11":8,"12":14,"13":14,"14":3,"15":14,"16":2,"17":12,"18":4,"19":14,"1":14,"2":9,"3":1,"4":2,"5":4,"6":11,"7":13,"8":13,"9":11,"20":8,"21":4},"LAST COALITION":[[],[{"utility":86,"ID":16},{"utility":78,"ID":28}],[{"utility":0,"ID":17}],[{"utility":0,"ID":3}],[{"utility":48,"ID":1},{"utility":63,"ID":14}],[{"utility":92,"ID":2},{"utility":93,"ID":15}],[{"utility":0,"ID":25}],[{"utility":30,"ID":8},{"utility":82,"ID":20}],[{"utility":82,"ID":22},{"utility":79,"ID":30}],[],[{"utility":100,"ID":12},{"utility":78,"ID":18}],[{"utility":50,"ID":5},{"utility":74,"ID":11}],[{"utility":81,"ID":19},{"utility":100,"ID":26}],[{"utility":11.5,"ID":21},{"utility":45,"ID":23},{"utility":33,"ID":24}],[{"utility":77,"ID":7},{"utility":96,"ID":29}],[{"utility":0,"ID":4}],[{"utility":59,"ID":6},{"utility":64,"ID":27}],[],[{"utility":0,"ID":10}],[{"utility":84,"ID":9},{"utility":96,"ID":13}],[],[],[],[],[],[],[],[],[],[],[]],"STARTING COALITION: ":[[null],[{"utility":55,"ID":3},{"utility":19,"ID":23},{"utility":0,"ID":28}],[{"utility":86,"ID":4},{"utility":2,"ID":16}],[{"utility":100,"ID":14},{"utility":19,"ID":26}],[{"utility":80,"ID":5},{"utility":56,"ID":18},{"utility":26.333333333333332,"ID":21},{"utility":42,"ID":24}],[],[{"utility":0,"ID":25}],[{"utility":0,"ID":29}],[{"utility":40,"ID":11},{"utility":0,"ID":20}],[{"utility":47,"ID":2},{"utility":47,"ID":22}],[{"utility":0,"ID":30}],[{"utility":37,"ID":6},{"utility":0,"ID":9}],[{"utility":0,"ID":17}],[{"utility":27,"ID":7},{"utility":33,"ID":8}],[{"utility":40.5,"ID":1},{"utility":38.5,"ID":12},{"utility":43.25,"ID":13},{"utility":41,"ID":15},{"utility":72.5,"ID":19}],[],[{"utility":32,"ID":10},{"utility":59,"ID":27}],[],[],[],[],[],[],[],[],[],[],[],[],[],[]],"CORE :":false,"Relazioni :":670,"Time : ":0.2,"LAST PARTITION":{"22":8,"23":13,"24":13,"25":6,"26":12,"27":16,"28":1,"29":14,"30":8,"10":18,"11":11,"12":10,"13":19,"14":4,"15":5,"16":1,"17":2,"18":10,"19":12,"1":4,"2":5,"3":3,"4":15,"5":11,"6":16,"7":14,"8":7,"9":19,"20":7,"21":13}},{"Modalità dinamica :":true,"Q : ":8,"STARTING PARTITION: ":{"22":9,"23":1,"24":4,"25":6,"26":3,"27":16,"28":1,"29":7,"30":10,"10":16,"11":8,"12":14,"13":14,"14":3,"15":14,"16":2,"17":12,"18":4,"19":14,"1":14,"2":9,"3":1,"4":2,"5":4,"6":11,"7":13,"8":13,"9":11,"20":8,"21":4},"LAST COALITION":[[],[{"utility":0,"ID":22}],[{"utility":55.5,"ID":6},{"utility":53.5,"ID":21},{"utility":65.5,"ID":23}],[{"utility":91,"ID":4},{"utility":36,"ID":27}],[{"utility":0,"ID":17}],[{"utility":90,"ID":7},{"utility":73,"ID":30}],[{"utility":0,"ID":29}],[{"utility":84,"ID":9},{"utility":96,"ID":13}],[{"utility":94,"ID":12},{"utility":92,"ID":24}],[{"utility":86,"ID":16},{"utility":78,"ID":28}],[{"utility":27,"ID":1},{"utility":9,"ID":15}],[{"utility":60,"ID":3},{"utility":62,"ID":11}],[{"utility":95,"ID":5},{"utility":95,"ID":18}],[],[{"utility":81,"ID":19},{"utility":100,"ID":26}],[],[],[],[{"utility":78.5,"ID":2},{"utility":18,"ID":8},{"utility":85,"ID":20}],[{"utility":51,"ID":10},{"utility":33,"ID":14},{"utility":67.5,"ID":25}],[],[],[],[],[],[],[],[],[],[],[]],"STARTING COALITION: ":[[null],[{"utility":55,"ID":3},{"utility":19,"ID":23},{"utility":0,"ID":28}],[{"utility":86,"ID":4},{"utility":2,"ID":16}],[{"utility":100,"ID":14},{"utility":19,"ID":26}],[{"utility":80,"ID":5},{"utility":56,"ID":18},{"utility":26.333333333333332,"ID":21},{"utility":42,"ID":24}],[],[{"utility":0,"ID":25}],[{"utility":0,"ID":29}],[{"utility":40,"ID":11},{"utility":0,"ID":20}],[{"utility":47,"ID":2},{"utility":47,"ID":22}],[{"utility":0,"ID":30}],[{"utility":37,"ID":6},{"utility":0,"ID":9}],[{"utility":0,"ID":17}],[{"utility":27,"ID":7},{"utility":33,"ID":8}],[{"utility":40.5,"ID":1},{"utility":38.5,"ID":12},{"utility":43.25,"ID":13},{"utility":41,"ID":15},{"utility":72.5,"ID":19}],[],[{"utility":32,"ID":10},{"utility":59,"ID":27}],[],[],[],[],[],[],[],[],[],[],[],[],[],[]],"CORE :":false,"Relazioni :":670,"Time : ":0.1,"LAST PARTITION":{"22":1,"23":2,"24":8,"25":19,"26":14,"27":3,"28":9,"29":6,"30":5,"10":19,"11":11,"12":8,"13":7,"14":19,"15":10,"16":9,"17":4,"18":12,"19":14,"1":10,"2":18,"3":11,"4":3,"5":12,"6":2,"7":5,"8":18,"9":7,"20":18,"21":2}},{"Modalità dinamica :":true,"Q : ":8,"STARTING PARTITION: ":{"22":9,"23":1,"24":4,"25":6,"26":3,"27":16,"28":1,"29":7,"30":10,"10":16,"11":8,"12":14,"13":14,"14":3,"15":14,"16":2,"17":12,"18":4,"19":14,"1":14,"2":9,"3":1,"4":2,"5":4,"6":11,"7":13,"8":13,"9":11,"20":8,"21":4},"LAST COALITION":[[],[{"utility":0,"ID":20}],[{"utility":97,"ID":27},{"utility":56,"ID":29}],[{"utility":48,"ID":1},{"utility":63,"ID":14}],[{"utility":57,"ID":13},{"utility":87,"ID":17}],[],[{"utility":92,"ID":2},{"utility":93,"ID":15}],[{"utility":0,"ID":26}],[{"utility":76,"ID":7},{"utility":85,"ID":22}],[{"utility":50.333333333333336,"ID":12},{"utility":82.33333333333333,"ID":19},{"utility":42,"ID":21},{"utility":47,"ID":24}],[{"utility":0,"ID":11}],[{"utility":41,"ID":9},{"utility":89,"ID":28}],[{"utility":0,"ID":16}],[{"utility":54,"ID":3},{"utility":48,"ID":4},{"utility":27.666666666666668,"ID":6},{"utility":10,"ID":8}],[{"utility":95,"ID":5},{"utility":95,"ID":18}],[],[{"utility":66,"ID":10},{"utility":57,"ID":25}],[{"utility":63,"ID":23},{"utility":74,"ID":30}],[],[],[],[],[],[],[],[],[],[],[],[],[]],"STARTING COALITION: ":[[null],[{"utility":55,"ID":3},{"utility":19,"ID":23},{"utility":0,"ID":28}],[{"utility":86,"ID":4},{"utility":2,"ID":16}],[{"utility":100,"ID":14},{"utility":19,"ID":26}],[{"utility":80,"ID":5},{"utility":56,"ID":18},{"utility":26.333333333333332,"ID":21},{"utility":42,"ID":24}],[],[{"utility":0,"ID":25}],[{"utility":0,"ID":29}],[{"utility":40,"ID":11},{"utility":0,"ID":20}],[{"utility":47,"ID":2},{"utility":47,"ID":22}],[{"utility":0,"ID":30}],[{"utility":37,"ID":6},{"utility":0,"ID":9}],[{"utility":0,"ID":17}],[{"utility":27,"ID":7},{"utility":33,"ID":8}],[{"utility":40.5,"ID":1},{"utility":38.5,"ID":12},{"utility":43.25,"ID":13},{"utility":41,"ID":15},{"utility":72.5,"ID":19}],[],[{"utility":32,"ID":10},{"utility":59,"ID":27}],[],[],[],[],[],[],[],[],[],[],[],[],[],[]],"CORE :":false,"Relazioni :":670,"Time : ":0.2,"LAST PARTITION":{"22":8,"23":17,"24":9,"25":16,"26":7,"27":2,"28":11,"29":2,"30":17,"10":16,"11":10,"12":9,"13":4,"14":3,"15":6,"16":12,"17":4,"18":14,"19":9,"1":3,"2":6,"3":13,"4":13,"5":14,"6":13,"7":8,"8":13,"9":11,"20":1,"21":9}},{"Modalità dinamica :":true,"Q : ":9,"STARTING PARTITION: ":{"22":9,"23":1,"24":4,"25":6,"26":3,"27":16,"28":1,"29":7,"30":10,"10":16,"11":8,"12":14,"13":14,"14":3,"15":14,"16":2,"17":12,"18":4,"19":14,"1":14,"2":9,"3":1,"4":2,"5":4,"6":11,"7":13,"8":13,"9":11,"20":8,"21":4},"LAST COALITION":[[],[{"utility":0,"ID":6}],[{"utility":86,"ID":16},{"utility":78,"ID":28}],[{"utility":0,"ID":1}],[{"utility":63,"ID":8},{"utility":25,"ID":23}],[{"utility":82,"ID":22},{"utility":79,"ID":30}],[{"utility":85,"ID":3},{"utility":94,"ID":27}],[{"utility":0,"ID":5}],[{"utility":0,"ID":12}],[{"utility":92,"ID":2},{"utility":93,"ID":15}],[{"utility":77,"ID":7},{"utility":96,"ID":29}],[{"utility":100,"ID":18},{"utility":49,"ID":26}],[{"utility":20,"ID":10},{"utility":93,"ID":24}],[{"utility":14,"ID":4},{"utility":57,"ID":11}],[],[{"utility":70,"ID":17},{"utility":87,"ID":21}],[{"utility":71,"ID":19},{"utility":67,"ID":25}],[{"utility":99,"ID":14},{"utility":63,"ID":20}],[],[{"utility":84,"ID":9},{"utility":96,"ID":13}],[],[],[],[],[],[],[],[],[],[],[]],"STARTING COALITION: ":[[null],[{"utility":55,"ID":3},{"utility":19,"ID":23},{"utility":0,"ID":28}],[{"utility":86,"ID":4},{"utility":2,"ID":16}],[{"utility":100,"ID":14},{"utility":19,"ID":26}],[{"utility":80,"ID":5},{"utility":56,"ID":18},{"utility":26.333333333333332,"ID":21},{"utility":42,"ID":24}],[],[{"utility":0,"ID":25}],[{"utility":0,"ID":29}],[{"utility":40,"ID":11},{"utility":0,"ID":20}],[{"utility":47,"ID":2},{"utility":47,"ID":22}],[{"utility":0,"ID":30}],[{"utility":37,"ID":6},{"utility":0,"ID":9}],[{"utility":0,"ID":17}],[{"utility":27,"ID":7},{"utility":33,"ID":8}],[{"utility":40.5,"ID":1},{"utility":38.5,"ID":12},{"utility":43.25,"ID":13},{"utility":41,"ID":15},{"utility":72.5,"ID":19}],[],[{"utility":32,"ID":10},{"utility":59,"ID":27}],[],[],[],[],[],[],[],[],[],[],[],[],[],[]],"CORE :":false,"Relazioni :":670,"Time : ":0.1,"LAST PARTITION":{"22":5,"23":4,"24":12,"25":16,"26":11,"27":6,"28":2,"29":10,"30":5,"10":12,"11":13,"12":8,"13":19,"14":17,"15":9,"16":2,"17":15,"18":11,"19":16,"1":3,"2":9,"3":6,"4":13,"5":7,"6":1,"7":10,"8":4,"9":19,"20":17,"21":15}},{"Modalità dinamica :":true,"Q : ":9,"STARTING PARTITION: ":{"22":9,"23":1,"24":4,"25":6,"26":3,"27":16,"28":1,"29":7,"30":10,"10":16,"11":8,"12":14,"13":14,"14":3,"15":14,"16":2,"17":12,"18":4,"19":14,"1":14,"2":9,"3":1,"4":2,"5":4,"6":11,"7":13,"8":13,"9":11,"20":8,"21":4},"LAST COALITION":[[],[{"utility":66,"ID":10},{"utility":57,"ID":25}],[{"utility":69,"ID":1},{"utility":94,"ID":12}],[{"utility":77,"ID":7},{"utility":96,"ID":29}],[{"utility":95,"ID":5},{"utility":95,"ID":18}],[{"utility":0,"ID":4}],[{"utility":0,"ID":22}],[{"utility":60,"ID":3},{"utility":62,"ID":11}],[{"utility":70,"ID":17},{"utility":87,"ID":21}],[{"utility":79,"ID":14},{"utility":57,"ID":26},{"utility":71.5,"ID":27}],[{"utility":27,"ID":6},{"utility":64,"ID":19}],[{"utility":86,"ID":16},{"utility":78,"ID":28}],[{"utility":92,"ID":2},{"utility":93,"ID":15}],[{"utility":63,"ID":23},{"utility":74,"ID":30}],[{"utility":84,"ID":9},{"utility":96,"ID":13}],[{"utility":55,"ID":8},{"utility":77,"ID":20},{"utility":72.5,"ID":24}],[],[],[],[],[],[],[],[],[],[],[],[],[],[],[]],"STARTING COALITION: ":[[null],[{"utility":55,"ID":3},{"utility":19,"ID":23},{"utility":0,"ID":28}],[{"utility":86,"ID":4},{"utility":2,"ID":16}],[{"utility":100,"ID":14},{"utility":19,"ID":26}],[{"utility":80,"ID":5},{"utility":56,"ID":18},{"utility":26.333333333333332,"ID":21},{"utility":42,"ID":24}],[],[{"utility":0,"ID":25}],[{"utility":0,"ID":29}],[{"utility":40,"ID":11},{"utility":0,"ID":20}],[{"utility":47,"ID":2},{"utility":47,"ID":22}],[{"utility":0,"ID":30}],[{"utility":37,"ID":6},{"utility":0,"ID":9}],[{"utility":0,"ID":17}],[{"utility":27,"ID":7},{"utility":33,"ID":8}],[{"utility":40.5,"ID":1},{"utility":38.5,"ID":12},{"utility":43.25,"ID":13},{"utility":41,"ID":15},{"utility":72.5,"ID":19}],[],[{"utility":32,"ID":10},{"utility":59,"ID":27}],[],[],[],[],[],[],[],[],[],[],[],[],[],[]],"CORE :":false,"Relazioni :":670,"Time : ":0.2,"LAST PARTITION":{"22":6,"23":13,"24":15,"25":1,"26":9,"27":9,"28":11,"29":3,"30":13,"10":1,"11":7,"12":2,"13":14,"14":9,"15":12,"16":11,"17":8,"18":4,"19":10,"1":2,"2":12,"3":7,"4":5,"5":4,"6":10,"7":3,"8":15,"9":14,"20":15,"21":8}},{"Modalità dinamica :":true,"Q : ":10,"STARTING PARTITION: ":{"22":9,"23":1,"24":4,"25":6,"26":3,"27":16,"28":1,"29":7,"30":10,"10":16,"11":8,"12":14,"13":14,"14":3,"15":14,"16":2,"17":12,"18":4,"19":14,"1":14,"2":9,"3":1,"4":2,"5":4,"6":11,"7":13,"8":13,"9":11,"20":8,"21":4},"LAST COALITION":[[],[{"utility":85,"ID":3},{"utility":94,"ID":27}],[{"utility":84,"ID":9},{"utility":96,"ID":13}],[{"utility":33.666666666666664,"ID":1},{"utility":30.333333333333332,"ID":4},{"utility":32,"ID":7},{"utility":42.666666666666664,"ID":28}],[{"utility":62,"ID":14},{"utility":78,"ID":25}],[{"utility":95,"ID":6},{"utility":51,"ID":29}],[],[{"utility":0,"ID":22}],[{"utility":58,"ID":10},{"utility":22,"ID":26}],[{"utility":0,"ID":8},{"utility":100,"ID":11}],[{"utility":92,"ID":2},{"utility":93,"ID":15}],[],[{"utility":0,"ID":20}],[{"utility":42,"ID":17},{"utility":99,"ID":19}],[{"utility":57,"ID":12},{"utility":96,"ID":21}],[{"utility":45,"ID":16},{"utility":10,"ID":24}],[{"utility":95,"ID":5},{"utility":95,"ID":18}],[{"utility":63,"ID":23},{"utility":74,"ID":30}],[],[],[],[],[],[],[],[],[],[],[],[],[]],"STARTING COALITION: ":[[null],[{"utility":55,"ID":3},{"utility":19,"ID":23},{"utility":0,"ID":28}],[{"utility":86,"ID":4},{"utility":2,"ID":16}],[{"utility":100,"ID":14},{"utility":19,"ID":26}],[{"utility":80,"ID":5},{"utility":56,"ID":18},{"utility":26.333333333333332,"ID":21},{"utility":42,"ID":24}],[],[{"utility":0,"ID":25}],[{"utility":0,"ID":29}],[{"utility":40,"ID":11},{"utility":0,"ID":20}],[{"utility":47,"ID":2},{"utility":47,"ID":22}],[{"utility":0,"ID":30}],[{"utility":37,"ID":6},{"utility":0,"ID":9}],[{"utility":0,"ID":17}],[{"utility":27,"ID":7},{"utility":33,"ID":8}],[{"utility":40.5,"ID":1},{"utility":38.5,"ID":12},{"utility":43.25,"ID":13},{"utility":41,"ID":15},{"utility":72.5,"ID":19}],[],[{"utility":32,"ID":10},{"utility":59,"ID":27}],[],[],[],[],[],[],[],[],[],[],[],[],[],[]],"CORE :":false,"Relazioni :":670,"Time : ":0.1,"LAST PARTITION":{"22":7,"23":17,"24":15,"25":4,"26":8,"27":1,"28":3,"29":5,"30":17,"10":8,"11":9,"12":14,"13":2,"14":4,"15":10,"16":15,"17":13,"18":16,"19":13,"1":3,"2":10,"3":1,"4":3,"5":16,"6":5,"7":3,"8":9,"9":2,"20":12,"21":14}},{"Modalità dinamica :":true,"Q : ":10,"STARTING PARTITION: ":{"22":9,"23":1,"24":4,"25":6,"26":3,"27":16,"28":1,"29":7,"30":10,"10":16,"11":8,"12":14,"13":14,"14":3,"15":14,"16":2,"17":12,"18":4,"19":14,"1":14,"2":9,"3":1,"4":2,"5":4,"6":11,"7":13,"8":13,"9":11,"20":8,"21":4},"LAST COALITION":[[],[{"utility":72,"ID":12},{"utility":98,"ID":14}],[{"utility":81,"ID":19},{"utility":100,"ID":26}],[{"utility":0,"ID":17}],[{"utility":84,"ID":9},{"utility":96,"ID":13}],[{"utility":35,"ID":23},{"utility":81,"ID":29}],[{"utility":85,"ID":3},{"utility":94,"ID":27}],[{"utility":0,"ID":24}],[{"utility":78,"ID":11},{"utility":67,"ID":15}],[{"utility":95,"ID":5},{"utility":95,"ID":18}],[{"utility":90,"ID":7},{"utility":73,"ID":30}],[{"utility":83,"ID":6},{"utility":58,"ID":10}],[{"utility":72,"ID":8},{"utility":13,"ID":22}],[{"utility":84,"ID":1},{"utility":43,"ID":16}],[{"utility":0,"ID":21}],[{"utility":91,"ID":2},{"utility":88,"ID":20}],[],[{"utility":0,"ID":25}],[{"utility":42,"ID":4},{"utility":99,"ID":28}],[],[],[],[],[],[],[],[],[],[],[],[]],"STARTING COALITION: ":[[null],[{"utility":55,"ID":3},{"utility":19,"ID":23},{"utility":0,"ID":28}],[{"utility":86,"ID":4},{"utility":2,"ID":16}],[{"utility":100,"ID":14},{"utility":19,"ID":26}],[{"utility":80,"ID":5},{"utility":56,"ID":18},{"utility":26.333333333333332,"ID":21},{"utility":42,"ID":24}],[],[{"utility":0,"ID":25}],[{"utility":0,"ID":29}],[{"utility":40,"ID":11},{"utility":0,"ID":20}],[{"utility":47,"ID":2},{"utility":47,"ID":22}],[{"utility":0,"ID":30}],[{"utility":37,"ID":6},{"utility":0,"ID":9}],[{"utility":0,"ID":17}],[{"utility":27,"ID":7},{"utility":33,"ID":8}],[{"utility":40.5,"ID":1},{"utility":38.5,"ID":12},{"utility":43.25,"ID":13},{"utility":41,"ID":15},{"utility":72.5,"ID":19}],[],[{"utility":32,"ID":10},{"utility":59,"ID":27}],[],[],[],[],[],[],[],[],[],[],[],[],[],[]],"CORE :":false,"Relazioni :":670,"Time : ":0.2,"LAST PARTITION":{"22":12,"23":5,"24":7,"25":17,"26":2,"27":6,"28":18,"29":5,"30":10,"10":11,"11":8,"12":1,"13":4,"14":1,"15":8,"16":13,"17":3,"18":9,"19":2,"1":13,"2":15,"3":6,"4":18,"5":9,"6":11,"7":10,"8":12,"9":4,"20":15,"21":14}},{"END OF FILE:" : true}]