[{"Modalità dinamica :":false,"Q : ":2,"STARTING PARTITION: ":{"22":15,"23":6,"24":3,"25":14,"26":10,"27":16,"28":10,"29":5,"30":9,"10":4,"11":1,"12":16,"13":14,"14":15,"15":4,"16":4,"17":2,"18":11,"19":4,"1":11,"2":1,"3":16,"4":7,"5":15,"6":7,"7":10,"8":13,"9":9,"20":6,"21":3},"LAST COALITION":[[],[{"utility":0,"ID":9}],[{"utility":99,"ID":6},{"utility":7,"ID":10}],[{"utility":36,"ID":21},{"utility":65,"ID":24}],[],[{"utility":0,"ID":29}],[{"utility":95,"ID":20},{"utility":16,"ID":23}],[{"utility":0,"ID":27}],[{"utility":0,"ID":30}],[{"utility":96,"ID":7},{"utility":99,"ID":16}],[{"utility":29,"ID":26},{"utility":60,"ID":28}],[{"utility":0,"ID":11}],[{"utility":92,"ID":4},{"utility":69,"ID":17}],[{"utility":99,"ID":1},{"utility":25,"ID":14}],[{"utility":87,"ID":13},{"utility":54,"ID":25}],[{"utility":0,"ID":22}],[{"utility":0,"ID":12}],[{"utility":79,"ID":5},{"utility":16,"ID":15}],[{"utility":98,"ID":2},{"utility":22,"ID":18}],[{"utility":100,"ID":3},{"utility":30,"ID":19}],[{"utility":0,"ID":8}],[],[],[],[],[],[],[],[],[],[]],"STARTING COALITION: ":[[null],[{"utility":2,"ID":2},{"utility":39,"ID":11}],[{"utility":0,"ID":17}],[{"utility":36,"ID":21},{"utility":65,"ID":24}],[{"utility":69.66666666666667,"ID":10},{"utility":32.666666666666664,"ID":15},{"utility":46.666666666666664,"ID":16},{"utility":29.666666666666668,"ID":19}],[{"utility":0,"ID":29}],[{"utility":95,"ID":20},{"utility":16,"ID":23}],[{"utility":37,"ID":4},{"utility":55,"ID":6}],[],[{"utility":5,"ID":9},{"utility":76,"ID":30}],[{"utility":15.5,"ID":7},{"utility":23,"ID":26},{"utility":59,"ID":28}],[{"utility":91,"ID":1},{"utility":18,"ID":18}],[],[{"utility":0,"ID":8}],[{"utility":87,"ID":13},{"utility":54,"ID":25}],[{"utility":30.5,"ID":5},{"utility":63,"ID":14},{"utility":15.5,"ID":22}],[{"utility":81.5,"ID":3},{"utility":49.5,"ID":12},{"utility":10,"ID":27}],[],[],[],[],[],[],[],[],[],[],[],[],[],[]],"CORE :":false,"Relazioni :":870,"Time : ":0.1,"LAST PARTITION":{"22":15,"23":6,"24":3,"25":14,"26":10,"27":7,"28":10,"29":5,"30":8,"10":2,"11":11,"12":16,"13":14,"14":13,"15":17,"16":9,"17":12,"18":18,"19":19,"1":13,"2":18,"3":19,"4":12,"5":17,"6":2,"7":9,"8":20,"9":1,"20":6,"21":3}},{"Modalità dinamica :":false,"Q : ":2,"STARTING PARTITION: ":{"22":15,"23":6,"24":3,"25":14,"26":10,"27":16,"28":10,"29":5,"30":9,"10":4,"11":1,"12":16,"13":14,"14":15,"15":4,"16":4,"17":2,"18":11,"19":4,"1":11,"2":1,"3":16,"4":7,"5":15,"6":7,"7":10,"8":13,"9":9,"20":6,"21":3},"LAST COALITION":[[],[{"utility":0,"ID":9}],[{"utility":0,"ID":15}],[{"utility":36,"ID":21},{"utility":65,"ID":24}],[{"utility":28,"ID":5},{"utility":33,"ID":10}],[{"utility":0,"ID":29}],[{"utility":95,"ID":20},{"utility":16,"ID":23}],[{"utility":0,"ID":27}],[{"utility":0,"ID":30}],[{"utility":96,"ID":7},{"utility":99,"ID":16}],[{"utility":29,"ID":26},{"utility":60,"ID":28}],[{"utility":97,"ID":6},{"utility":51,"ID":11}],[{"utility":92,"ID":4},{"utility":69,"ID":17}],[{"utility":99,"ID":1},{"utility":25,"ID":14}],[{"utility":87,"ID":13},{"utility":54,"ID":25}],[{"utility":0,"ID":22}],[{"utility":0,"ID":12}],[{"utility":0,"ID":8}],[{"utility":98,"ID":2},{"utility":22,"ID":18}],[{"utility":100,"ID":3},{"utility":30,"ID":19}],[],[],[],[],[],[],[],[],[],[],[]],"STARTING COALITION: ":[[null],[{"utility":2,"ID":2},{"utility":39,"ID":11}],[{"utility":0,"ID":17}],[{"utility":36,"ID":21},{"utility":65,"ID":24}],[{"utility":69.66666666666667,"ID":10},{"utility":32.666666666666664,"ID":15},{"utility":46.666666666666664,"ID":16},{"utility":29.666666666666668,"ID":19}],[{"utility":0,"ID":29}],[{"utility":95,"ID":20},{"utility":16,"ID":23}],[{"utility":37,"ID":4},{"utility":55,"ID":6}],[],[{"utility":5,"ID":9},{"utility":76,"ID":30}],[{"utility":15.5,"ID":7},{"utility":23,"ID":26},{"utility":59,"ID":28}],[{"utility":91,"ID":1},{"utility":18,"ID":18}],[],[{"utility":0,"ID":8}],[{"utility":87,"ID":13},{"utility":54,"ID":25}],[{"utility":30.5,"ID":5},{"utility":63,"ID":14},{"utility":15.5,"ID":22}],[{"utility":81.5,"ID":3},{"utility":49.5,"ID":12},{"utility":10,"ID":27}],[],[],[],[],[],[],[],[],[],[],[],[],[],[]],"CORE :":false,"Relazioni :":870,"Time : ":0.2,"LAST PARTITION":{"22":15,"23":6,"24":3,"25":14,"26":10,"27":7,"28":10,"29":5,"30":8,"10":4,"11":11,"12":16,"13":14,"14":13,"15":2,"16":9,"17":12,"18":18,"19":19,"1":13,"2":18,"3":19,"4":12,"5":4,"6":11,"7":9,"8":17,"9":1,"20":6,"21":3}},{"Modalità dinamica :":false,"Q : ":3,"STARTING PARTITION: ":{"22":15,"23":6,"24":3,"25":14,"26":10,"27":16,"28":10,"29":5,"30":9,"10":4,"11":1,"12":16,"13":14,"14":15,"15":4,"16":4,"17":2,"18":11,"19":4,"1":11,"2":1,"3":16,"4":7,"5":15,"6":7,"7":10,"8":13,"9":9,"20":6,"21":3},"LAST COALITION":[[],[],[{"utility":97,"ID":6},{"utility":51,"ID":11}],[{"utility":36,"ID":21},{"utility":65,"ID":24}],[{"utility":0,"ID":10}],[{"utility":0,"ID":29}],[{"utility":95,"ID":20},{"utility":16,"ID":23}],[{"utility":0,"ID":27}],[{"utility":0,"ID":30}],[{"utility":96,"ID":7},{"utility":99,"ID":16}],[{"utility":29,"ID":26},{"utility":60,"ID":28}],[{"utility":0,"ID":9}],[{"utility":92,"ID":4},{"utility":69,"ID":17}],[{"utility":99,"ID":1},{"utility":25,"ID":14}],[{"utility":87,"ID":13},{"utility":54,"ID":25}],[{"utility":0,"ID":22}],[{"utility":0,"ID":12}],[{"utility":0,"ID":15}],[{"utility":98,"ID":2},{"utility":22,"ID":18}],[{"utility":100,"ID":3},{"utility":30,"ID":19}],[{"utility":75,"ID":5},{"utility":14,"ID":8}],[],[],[],[],[],[],[],[],[],[]],"STARTING COALITION: ":[[null],[{"utility":2,"ID":2},{"utility":39,"ID":11}],[{"utility":0,"ID":17}],[{"utility":36,"ID":21},{"utility":65,"ID":24}],[{"utility":69.66666666666667,"ID":10},{"utility":32.666666666666664,"ID":15},{"utility":46.666666666666664,"ID":16},{"utility":29.666666666666668,"ID":19}],[{"utility":0,"ID":29}],[{"utility":95,"ID":20},{"utility":16,"ID":23}],[{"utility":37,"ID":4},{"utility":55,"ID":6}],[],[{"utility":5,"ID":9},{"utility":76,"ID":30}],[{"utility":15.5,"ID":7},{"utility":23,"ID":26},{"utility":59,"ID":28}],[{"utility":91,"ID":1},{"utility":18,"ID":18}],[],[{"utility":0,"ID":8}],[{"utility":87,"ID":13},{"utility":54,"ID":25}],[{"utility":30.5,"ID":5},{"utility":63,"ID":14},{"utility":15.5,"ID":22}],[{"utility":81.5,"ID":3},{"utility":49.5,"ID":12},{"utility":10,"ID":27}],[],[],[],[],[],[],[],[],[],[],[],[],[],[]],"CORE :":false,"Relazioni :":870,"Time : ":0.1,"LAST PARTITION":{"22":15,"23":6,"24":3,"25":14,"26":10,"27":7,"28":10,"29":5,"30":8,"10":4,"11":2,"12":16,"13":14,"14":13,"15":17,"16":9,"17":12,"18":18,"19":19,"1":13,"2":18,"3":19,"4":12,"5":20,"6":2,"7":9,"8":20,"9":11,"20":6,"21":3}},{"Modalità dinamica :":false,"Q : ":3,"STARTING PARTITION: ":{"22":15,"23":6,"24":3,"25":14,"26":10,"27":16,"28":10,"29":5,"30":9,"10":4,"11":1,"12":16,"13":14,"14":15,"15":4,"16":4,"17":2,"18":11,"19":4,"1":11,"2":1,"3":16,"4":7,"5":15,"6":7,"7":10,"8":13,"9":9,"20":6,"21":3},"LAST COALITION":[[],[{"utility":79,"ID":8},{"utility":19,"ID":10}],[{"utility":97,"ID":6},{"utility":51,"ID":11}],[{"utility":36,"ID":21},{"utility":65,"ID":24}],[],[{"utility":0,"ID":29}],[{"utility":95,"ID":20},{"utility":16,"ID":23}],[{"utility":0,"ID":27}],[{"utility":0,"ID":30}],[{"utility":96,"ID":7},{"utility":99,"ID":16}],[{"utility":29,"ID":26},{"utility":60,"ID":28}],[{"utility":21,"ID":5},{"utility":97,"ID":9}],[{"utility":92,"ID":4},{"utility":69,"ID":17}],[{"utility":99,"ID":1},{"utility":25,"ID":14}],[{"utility":87,"ID":13},{"utility":54,"ID":25}],[{"utility":0,"ID":22}],[{"utility":0,"ID":12}],[{"utility":0,"ID":15}],[{"utility":98,"ID":2},{"utility":22,"ID":18}],[{"utility":100,"ID":3},{"utility":30,"ID":19}],[],[],[],[],[],[],[],[],[],[],[]],"STARTING COALITION: ":[[null],[{"utility":2,"ID":2},{"utility":39,"ID":11}],[{"utility":0,"ID":17}],[{"utility":36,"ID":21},{"utility":65,"ID":24}],[{"utility":69.66666666666667,"ID":10},{"utility":32.666666666666664,"ID":15},{"utility":46.666666666666664,"ID":16},{"utility":29.666666666666668,"ID":19}],[{"utility":0,"ID":29}],[{"utility":95,"ID":20},{"utility":16,"ID":23}],[{"utility":37,"ID":4},{"utility":55,"ID":6}],[],[{"utility":5,"ID":9},{"utility":76,"ID":30}],[{"utility":15.5,"ID":7},{"utility":23,"ID":26},{"utility":59,"ID":28}],[{"utility":91,"ID":1},{"utility":18,"ID":18}],[],[{"utility":0,"ID":8}],[{"utility":87,"ID":13},{"utility":54,"ID":25}],[{"utility":30.5,"ID":5},{"utility":63,"ID":14},{"utility":15.5,"ID":22}],[{"utility":81.5,"ID":3},{"utility":49.5,"ID":12},{"utility":10,"ID":27}],[],[],[],[],[],[],[],[],[],[],[],[],[],[]],"CORE :":false,"Relazioni :":870,"Time : ":0.2,"LAST PARTITION":{"22":15,"23":6,"24":3,"25":14,"26":10,"27":7,"28":10,"29":5,"30":8,"10":1,"11":2,"12":16,"13":14,"14":13,"15":17,"16":9,"17":12,"18":18,"19":19,"1":13,"2":18,"3":19,"4":12,"5":11,"6":2,"7":9,"8":1,"9":11,"20":6,"21":3}},{"Modalità dinamica :":false,"Q : ":4,"STARTING PARTITION: ":{"22":15,"23":6,"24":3,"25":14,"26":10,"27":16,"28":10,"29":5,"30":9,"10":4,"11":1,"12":16,"13":14,"14":15,"15":4,"16":4,"17":2,"18":11,"19":4,"1":11,"2":1,"3":16,"4":7,"5":15,"6":7,"7":10,"8":13,"9":9,"20":6,"21":3},"LAST COALITION":[[],[{"utility":79,"ID":5},{"utility":16,"ID":15}],[{"utility":0,"ID":11}],[{"utility":36,"ID":21},{"utility":65,"ID":24}],[{"utility":10,"ID":8},{"utility":89,"ID":9}],[{"utility":0,"ID":29}],[{"utility":95,"ID":20},{"utility":16,"ID":23}],[{"utility":0,"ID":27}],[{"utility":0,"ID":30}],[{"utility":99,"ID":16},{"utility":96,"ID":7}],[{"utility":29,"ID":26},{"utility":60,"ID":28}],[],[{"utility":69,"ID":17},{"utility":92,"ID":4}],[{"utility":99,"ID":1},{"utility":25,"ID":14}],[{"utility":87,"ID":13},{"utility":54,"ID":25}],[{"utility":0,"ID":22}],[{"utility":0,"ID":12}],[{"utility":99,"ID":6},{"utility":7,"ID":10}],[{"utility":98,"ID":2},{"utility":22,"ID":18}],[{"utility":100,"ID":3},{"utility":30,"ID":19}],[],[],[],[],[],[],[],[],[],[],[]],"STARTING COALITION: ":[[null],[{"utility":2,"ID":2},{"utility":39,"ID":11}],[{"utility":0,"ID":17}],[{"utility":36,"ID":21},{"utility":65,"ID":24}],[{"utility":69.66666666666667,"ID":10},{"utility":32.666666666666664,"ID":15},{"utility":46.666666666666664,"ID":16},{"utility":29.666666666666668,"ID":19}],[{"utility":0,"ID":29}],[{"utility":95,"ID":20},{"utility":16,"ID":23}],[{"utility":37,"ID":4},{"utility":55,"ID":6}],[],[{"utility":5,"ID":9},{"utility":76,"ID":30}],[{"utility":15.5,"ID":7},{"utility":23,"ID":26},{"utility":59,"ID":28}],[{"utility":91,"ID":1},{"utility":18,"ID":18}],[],[{"utility":0,"ID":8}],[{"utility":87,"ID":13},{"utility":54,"ID":25}],[{"utility":30.5,"ID":5},{"utility":63,"ID":14},{"utility":15.5,"ID":22}],[{"utility":81.5,"ID":3},{"utility":49.5,"ID":12},{"utility":10,"ID":27}],[],[],[],[],[],[],[],[],[],[],[],[],[],[]],"CORE :":false,"Relazioni :":870,"Time : ":0.1,"LAST PARTITION":{"22":15,"23":6,"24":3,"25":14,"26":10,"27":7,"28":10,"29":5,"30":8,"10":17,"11":2,"12":16,"13":14,"14":13,"15":1,"16":9,"17":12,"18":18,"19":19,"1":13,"2":18,"3":19,"4":12,"5":1,"6":17,"7":9,"8":4,"9":4,"20":6,"21":3}},{"Modalità dinamica :":false,"Q : ":4,"STARTING PARTITION: ":{"22":15,"23":6,"24":3,"25":14,"26":10,"27":16,"28":10,"29":5,"30":9,"10":4,"11":1,"12":16,"13":14,"14":15,"15":4,"16":4,"17":2,"18":11,"19":4,"1":11,"2":1,"3":16,"4":7,"5":15,"6":7,"7":10,"8":13,"9":9,"20":6,"21":3},"LAST COALITION":[[],[],[{"utility":99,"ID":6},{"utility":7,"ID":10}],[{"utility":36,"ID":21},{"utility":65,"ID":24}],[{"utility":10,"ID":8},{"utility":89,"ID":9}],[{"utility":0,"ID":29}],[{"utility":95,"ID":20},{"utility":16,"ID":23}],[{"utility":0,"ID":27}],[{"utility":0,"ID":30}],[{"utility":99,"ID":16},{"utility":96,"ID":7}],[{"utility":29,"ID":26},{"utility":60,"ID":28}],[{"utility":0,"ID":11}],[{"utility":69,"ID":17},{"utility":92,"ID":4}],[{"utility":99,"ID":1},{"utility":25,"ID":14}],[{"utility":87,"ID":13},{"utility":54,"ID":25}],[{"utility":0,"ID":22}],[{"utility":0,"ID":12}],[{"utility":79,"ID":5},{"utility":16,"ID":15}],[{"utility":98,"ID":2},{"utility":22,"ID":18}],[{"utility":100,"ID":3},{"utility":30,"ID":19}],[],[],[],[],[],[],[],[],[],[],[]],"STARTING COALITION: ":[[null],[{"utility":2,"ID":2},{"utility":39,"ID":11}],[{"utility":0,"ID":17}],[{"utility":36,"ID":21},{"utility":65,"ID":24}],[{"utility":69.66666666666667,"ID":10},{"utility":32.666666666666664,"ID":15},{"utility":46.666666666666664,"ID":16},{"utility":29.666666666666668,"ID":19}],[{"utility":0,"ID":29}],[{"utility":95,"ID":20},{"utility":16,"ID":23}],[{"utility":37,"ID":4},{"utility":55,"ID":6}],[],[{"utility":5,"ID":9},{"utility":76,"ID":30}],[{"utility":15.5,"ID":7},{"utility":23,"ID":26},{"utility":59,"ID":28}],[{"utility":91,"ID":1},{"utility":18,"ID":18}],[],[{"utility":0,"ID":8}],[{"utility":87,"ID":13},{"utility":54,"ID":25}],[{"utility":30.5,"ID":5},{"utility":63,"ID":14},{"utility":15.5,"ID":22}],[{"utility":81.5,"ID":3},{"utility":49.5,"ID":12},{"utility":10,"ID":27}],[],[],[],[],[],[],[],[],[],[],[],[],[],[]],"CORE :":false,"Relazioni :":870,"Time : ":0.2,"LAST PARTITION":{"22":15,"23":6,"24":3,"25":14,"26":10,"27":7,"28":10,"29":5,"30":8,"10":2,"11":11,"12":16,"13":14,"14":13,"15":17,"16":9,"17":12,"18":18,"19":19,"1":13,"2":18,"3":19,"4":12,"5":17,"6":2,"7":9,"8":4,"9":4,"20":6,"21":3}},{"Modalità dinamica :":false,"Q : ":5,"STARTING PARTITION: ":{"22":15,"23":6,"24":3,"25":14,"26":10,"27":16,"28":10,"29":5,"30":9,"10":4,"11":1,"12":16,"13":14,"14":15,"15":4,"16":4,"17":2,"18":11,"19":4,"1":11,"2":1,"3":16,"4":7,"5":15,"6":7,"7":10,"8":13,"9":9,"20":6,"21":3},"LAST COALITION":[[],[{"utility":79,"ID":5},{"utility":16,"ID":15}],[{"utility":97,"ID":6},{"utility":51,"ID":11}],[{"utility":36,"ID":21},{"utility":65,"ID":24}],[{"utility":0,"ID":10}],[{"utility":0,"ID":29}],[{"utility":95,"ID":20},{"utility":16,"ID":23}],[{"utility":0,"ID":27}],[{"utility":0,"ID":30}],[{"utility":99,"ID":16},{"utility":96,"ID":7}],[{"utility":29,"ID":26},{"utility":60,"ID":28}],[{"utility":0,"ID":9}],[{"utility":69,"ID":17},{"utility":92,"ID":4}],[{"utility":99,"ID":1},{"utility":25,"ID":14}],[{"utility":87,"ID":13},{"utility":54,"ID":25}],[{"utility":0,"ID":22}],[{"utility":0,"ID":12}],[],[{"utility":98,"ID":2},{"utility":22,"ID":18}],[{"utility":100,"ID":3},{"utility":30,"ID":19}],[{"utility":0,"ID":8}],[],[],[],[],[],[],[],[],[],[]],"STARTING COALITION: ":[[null],[{"utility":2,"ID":2},{"utility":39,"ID":11}],[{"utility":0,"ID":17}],[{"utility":36,"ID":21},{"utility":65,"ID":24}],[{"utility":69.66666666666667,"ID":10},{"utility":32.666666666666664,"ID":15},{"utility":46.666666666666664,"ID":16},{"utility":29.666666666666668,"ID":19}],[{"utility":0,"ID":29}],[{"utility":95,"ID":20},{"utility":16,"ID":23}],[{"utility":37,"ID":4},{"utility":55,"ID":6}],[],[{"utility":5,"ID":9},{"utility":76,"ID":30}],[{"utility":15.5,"ID":7},{"utility":23,"ID":26},{"utility":59,"ID":28}],[{"utility":91,"ID":1},{"utility":18,"ID":18}],[],[{"utility":0,"ID":8}],[{"utility":87,"ID":13},{"utility":54,"ID":25}],[{"utility":30.5,"ID":5},{"utility":63,"ID":14},{"utility":15.5,"ID":22}],[{"utility":81.5,"ID":3},{"utility":49.5,"ID":12},{"utility":10,"ID":27}],[],[],[],[],[],[],[],[],[],[],[],[],[],[]],"CORE :":false,"Relazioni :":870,"Time : ":0.1,"LAST PARTITION":{"22":15,"23":6,"24":3,"25":14,"26":10,"27":7,"28":10,"29":5,"30":8,"10":4,"11":2,"12":16,"13":14,"14":13,"15":1,"16":9,"17":12,"18":18,"19":19,"1":13,"2":18,"3":19,"4":12,"5":1,"6":2,"7":9,"8":20,"9":11,"20":6,"21":3}},{"Modalità dinamica :":false,"Q : ":5,"STARTING PARTITION: ":{"22":15,"23":6,"24":3,"25":14,"26":10,"27":16,"28":10,"29":5,"30":9,"10":4,"11":1,"12":16,"13":14,"14":15,"15":4,"16":4,"17":2,"18":11,"19":4,"1":11,"2":1,"3":16,"4":7,"5":15,"6":7,"7":10,"8":13,"9":9,"20":6,"21":3},"LAST COALITION":[[],[{"utility":0,"ID":11}],[{"utility":79,"ID":5},{"utility":16,"ID":15}],[{"utility":36,"ID":21},{"utility":65,"ID":24}],[{"utility":10,"ID":8},{"utility":89,"ID":9}],[{"utility":0,"ID":29}],[{"utility":95,"ID":20},{"utility":16,"ID":23}],[{"utility":0,"ID":27}],[{"utility":0,"ID":30}],[{"utility":99,"ID":16},{"utility":96,"ID":7}],[{"utility":29,"ID":26},{"utility":60,"ID":28}],[{"utility":99,"ID":6},{"utility":7,"ID":10}],[{"utility":69,"ID":17},{"utility":92,"ID":4}],[{"utility":99,"ID":1},{"utility":25,"ID":14}],[{"utility":87,"ID":13},{"utility":54,"ID":25}],[{"utility":0,"ID":22}],[{"utility":0,"ID":12}],[],[{"utility":98,"ID":2},{"utility":22,"ID":18}],[{"utility":100,"ID":3},{"utility":30,"ID":19}],[],[],[],[],[],[],[],[],[],[],[]],"STARTING COALITION: ":[[null],[{"utility":2,"ID":2},{"utility":39,"ID":11}],[{"utility":0,"ID":17}],[{"utility":36,"ID":21},{"utility":65,"ID":24}],[{"utility":69.66666666666667,"ID":10},{"utility":32.666666666666664,"ID":15},{"utility":46.666666666666664,"ID":16},{"utility":29.666666666666668,"ID":19}],[{"utility":0,"ID":29}],[{"utility":95,"ID":20},{"utility":16,"ID":23}],[{"utility":37,"ID":4},{"utility":55,"ID":6}],[],[{"utility":5,"ID":9},{"utility":76,"ID":30}],[{"utility":15.5,"ID":7},{"utility":23,"ID":26},{"utility":59,"ID":28}],[{"utility":91,"ID":1},{"utility":18,"ID":18}],[],[{"utility":0,"ID":8}],[{"utility":87,"ID":13},{"utility":54,"ID":25}],[{"utility":30.5,"ID":5},{"utility":63,"ID":14},{"utility":15.5,"ID":22}],[{"utility":81.5,"ID":3},{"utility":49.5,"ID":12},{"utility":10,"ID":27}],[],[],[],[],[],[],[],[],[],[],[],[],[],[]],"CORE :":false,"Relazioni :":870,"Time : ":0.2,"LAST PARTITION":{"22":15,"23":6,"24":3,"25":14,"26":10,"27":7,"28":10,"29":5,"30":8,"10":11,"11":1,"12":16,"13":14,"14":13,"15":2,"16":9,"17":12,"18":18,"19":19,"1":13,"2":18,"3":19,"4":12,"5":2,"6":11,"7":9,"8":4,"9":4,"20":6,"21":3}},{"Modalità dinamica :":false,"Q : ":6,"STARTING PARTITION: ":{"22":15,"23":6,"24":3,"25":14,"26":10,"27":16,"28":10,"29":5,"30":9,"10":4,"11":1,"12":16,"13":14,"14":15,"15":4,"16":4,"17":2,"18":11,"19":4,"1":11,"2":1,"3":16,"4":7,"5":15,"6":7,"7":10,"8":13,"9":9,"20":6,"21":3},"LAST COALITION":[[],[{"utility":79,"ID":5},{"utility":16,"ID":15}],[{"utility":0,"ID":11}],[{"utility":36,"ID":21},{"utility":65,"ID":24}],[{"utility":10,"ID":8},{"utility":89,"ID":9}],[{"utility":0,"ID":29}],[{"utility":95,"ID":20},{"utility":16,"ID":23}],[{"utility":0,"ID":27}],[{"utility":0,"ID":30}],[{"utility":99,"ID":16},{"utility":96,"ID":7}],[{"utility":29,"ID":26},{"utility":60,"ID":28}],[],[{"utility":69,"ID":17},{"utility":92,"ID":4}],[{"utility":99,"ID":1},{"utility":25,"ID":14}],[{"utility":87,"ID":13},{"utility":54,"ID":25}],[{"utility":0,"ID":22}],[{"utility":0,"ID":12}],[{"utility":99,"ID":6},{"utility":7,"ID":10}],[{"utility":98,"ID":2},{"utility":22,"ID":18}],[{"utility":100,"ID":3},{"utility":30,"ID":19}],[],[],[],[],[],[],[],[],[],[],[]],"STARTING COALITION: ":[[null],[{"utility":2,"ID":2},{"utility":39,"ID":11}],[{"utility":0,"ID":17}],[{"utility":36,"ID":21},{"utility":65,"ID":24}],[{"utility":69.66666666666667,"ID":10},{"utility":32.666666666666664,"ID":15},{"utility":46.666666666666664,"ID":16},{"utility":29.666666666666668,"ID":19}],[{"utility":0,"ID":29}],[{"utility":95,"ID":20},{"utility":16,"ID":23}],[{"utility":37,"ID":4},{"utility":55,"ID":6}],[],[{"utility":5,"ID":9},{"utility":76,"ID":30}],[{"utility":15.5,"ID":7},{"utility":23,"ID":26},{"utility":59,"ID":28}],[{"utility":91,"ID":1},{"utility":18,"ID":18}],[],[{"utility":0,"ID":8}],[{"utility":87,"ID":13},{"utility":54,"ID":25}],[{"utility":30.5,"ID":5},{"utility":63,"ID":14},{"utility":15.5,"ID":22}],[{"utility":81.5,"ID":3},{"utility":49.5,"ID":12},{"utility":10,"ID":27}],[],[],[],[],[],[],[],[],[],[],[],[],[],[]],"CORE :":false,"Relazioni :":870,"Time : ":0.1,"LAST PARTITION":{"22":15,"23":6,"24":3,"25":14,"26":10,"27":7,"28":10,"29":5,"30":8,"10":17,"11":2,"12":16,"13":14,"14":13,"15":1,"16":9,"17":12,"18":18,"19":19,"1":13,"2":18,"3":19,"4":12,"5":1,"6":17,"7":9,"8":4,"9":4,"20":6,"21":3}},{"Modalità dinamica :":false,"Q : ":6,"STARTING PARTITION: ":{"22":15,"23":6,"24":3,"25":14,"26":10,"27":16,"28":10,"29":5,"30":9,"10":4,"11":1,"12":16,"13":14,"14":15,"15":4,"16":4,"17":2,"18":11,"19":4,"1":11,"2":1,"3":16,"4":7,"5":15,"6":7,"7":10,"8":13,"9":9,"20":6,"21":3},"LAST COALITION":[[],[{"utility":79,"ID":5},{"utility":16,"ID":15}],[{"utility":97,"ID":6},{"utility":51,"ID":11}],[{"utility":36,"ID":21},{"utility":65,"ID":24}],[{"utility":0,"ID":10}],[{"utility":0,"ID":29}],[{"utility":95,"ID":20},{"utility":16,"ID":23}],[{"utility":0,"ID":27}],[{"utility":0,"ID":30}],[{"utility":99,"ID":16},{"utility":96,"ID":7}],[{"utility":29,"ID":26},{"utility":60,"ID":28}],[{"utility":0,"ID":9}],[{"utility":69,"ID":17},{"utility":92,"ID":4}],[{"utility":99,"ID":1},{"utility":25,"ID":14}],[{"utility":87,"ID":13},{"utility":54,"ID":25}],[{"utility":0,"ID":22}],[{"utility":0,"ID":12}],[],[{"utility":98,"ID":2},{"utility":22,"ID":18}],[{"utility":100,"ID":3},{"utility":30,"ID":19}],[{"utility":0,"ID":8}],[],[],[],[],[],[],[],[],[],[]],"STARTING COALITION: ":[[null],[{"utility":2,"ID":2},{"utility":39,"ID":11}],[{"utility":0,"ID":17}],[{"utility":36,"ID":21},{"utility":65,"ID":24}],[{"utility":69.66666666666667,"ID":10},{"utility":32.666666666666664,"ID":15},{"utility":46.666666666666664,"ID":16},{"utility":29.666666666666668,"ID":19}],[{"utility":0,"ID":29}],[{"utility":95,"ID":20},{"utility":16,"ID":23}],[{"utility":37,"ID":4},{"utility":55,"ID":6}],[],[{"utility":5,"ID":9},{"utility":76,"ID":30}],[{"utility":15.5,"ID":7},{"utility":23,"ID":26},{"utility":59,"ID":28}],[{"utility":91,"ID":1},{"utility":18,"ID":18}],[],[{"utility":0,"ID":8}],[{"utility":87,"ID":13},{"utility":54,"ID":25}],[{"utility":30.5,"ID":5},{"utility":63,"ID":14},{"utility":15.5,"ID":22}],[{"utility":81.5,"ID":3},{"utility":49.5,"ID":12},{"utility":10,"ID":27}],[],[],[],[],[],[],[],[],[],[],[],[],[],[]],"CORE :":false,"Relazioni :":870,"Time : ":0.2,"LAST PARTITION":{"22":15,"23":6,"24":3,"25":14,"26":10,"27":7,"28":10,"29":5,"30":8,"10":4,"11":2,"12":16,"13":14,"14":13,"15":1,"16":9,"17":12,"18":18,"19":19,"1":13,"2":18,"3":19,"4":12,"5":1,"6":2,"7":9,"8":20,"9":11,"20":6,"21":3}},{"Modalità dinamica :":false,"Q : ":7,"STARTING PARTITION: ":{"22":15,"23":6,"24":3,"25":14,"26":10,"27":16,"28":10,"29":5,"30":9,"10":4,"11":1,"12":16,"13":14,"14":15,"15":4,"16":4,"17":2,"18":11,"19":4,"1":11,"2":1,"3":16,"4":7,"5":15,"6":7,"7":10,"8":13,"9":9,"20":6,"21":3},"LAST COALITION":[[],[{"utility":0,"ID":8}],[{"utility":97,"ID":6},{"utility":51,"ID":11}],[{"utility":36,"ID":21},{"utility":65,"ID":24}],[{"utility":28,"ID":5},{"utility":33,"ID":10}],[{"utility":0,"ID":29}],[{"utility":95,"ID":20},{"utility":16,"ID":23}],[{"utility":0,"ID":27}],[{"utility":0,"ID":30}],[{"utility":99,"ID":16},{"utility":96,"ID":7}],[{"utility":29,"ID":26},{"utility":60,"ID":28}],[{"utility":0,"ID":9}],[{"utility":69,"ID":17},{"utility":92,"ID":4}],[{"utility":99,"ID":1},{"utility":25,"ID":14}],[{"utility":87,"ID":13},{"utility":54,"ID":25}],[{"utility":0,"ID":22}],[{"utility":0,"ID":12}],[{"utility":0,"ID":15}],[{"utility":98,"ID":2},{"utility":22,"ID":18}],[{"utility":100,"ID":3},{"utility":30,"ID":19}],[],[],[],[],[],[],[],[],[],[],[]],"STARTING COALITION: ":[[null],[{"utility":2,"ID":2},{"utility":39,"ID":11}],[{"utility":0,"ID":17}],[{"utility":36,"ID":21},{"utility":65,"ID":24}],[{"utility":69.66666666666667,"ID":10},{"utility":32.666666666666664,"ID":15},{"utility":46.666666666666664,"ID":16},{"utility":29.666666666666668,"ID":19}],[{"utility":0,"ID":29}],[{"utility":95,"ID":20},{"utility":16,"ID":23}],[{"utility":37,"ID":4},{"utility":55,"ID":6}],[],[{"utility":5,"ID":9},{"utility":76,"ID":30}],[{"utility":15.5,"ID":7},{"utility":23,"ID":26},{"utility":59,"ID":28}],[{"utility":91,"ID":1},{"utility":18,"ID":18}],[],[{"utility":0,"ID":8}],[{"utility":87,"ID":13},{"utility":54,"ID":25}],[{"utility":30.5,"ID":5},{"utility":63,"ID":14},{"utility":15.5,"ID":22}],[{"utility":81.5,"ID":3},{"utility":49.5,"ID":12},{"utility":10,"ID":27}],[],[],[],[],[],[],[],[],[],[],[],[],[],[]],"CORE :":false,"Relazioni :":870,"Time : ":0.1,"LAST PARTITION":{"22":15,"23":6,"24":3,"25":14,"26":10,"27":7,"28":10,"29":5,"30":8,"10":4,"11":2,"12":16,"13":14,"14":13,"15":17,"16":9,"17":12,"18":18,"19":19,"1":13,"2":18,"3":19,"4":12,"5":4,"6":2,"7":9,"8":1,"9":11,"20":6,"21":3}},{"Modalità dinamica :":false,"Q : ":7,"STARTING PARTITION: ":{"22":15,"23":6,"24":3,"25":14,"26":10,"27":16,"28":10,"29":5,"30":9,"10":4,"11":1,"12":16,"13":14,"14":15,"15":4,"16":4,"17":2,"18":11,"19":4,"1":11,"2":1,"3":16,"4":7,"5":15,"6":7,"7":10,"8":13,"9":9,"20":6,"21":3},"LAST COALITION":[[],[{"utility":79,"ID":8},{"utility":19,"ID":10}],[],[{"utility":36,"ID":21},{"utility":65,"ID":24}],[{"utility":0,"ID":9}],[{"utility":0,"ID":29}],[{"utility":95,"ID":20},{"utility":16,"ID":23}],[{"utility":0,"ID":27}],[{"utility":0,"ID":30}],[{"utility":99,"ID":16},{"utility":96,"ID":7}],[{"utility":29,"ID":26},{"utility":60,"ID":28}],[{"utility":0,"ID":11}],[{"utility":69,"ID":17},{"utility":92,"ID":4}],[{"utility":99,"ID":1},{"utility":25,"ID":14}],[{"utility":87,"ID":13},{"utility":54,"ID":25}],[{"utility":0,"ID":22}],[{"utility":0,"ID":12}],[{"utility":0,"ID":15}],[{"utility":98,"ID":2},{"utility":22,"ID":18}],[{"utility":100,"ID":3},{"utility":30,"ID":19}],[{"utility":90,"ID":5},{"utility":93,"ID":6}],[],[],[],[],[],[],[],[],[],[]],"STARTING COALITION: ":[[null],[{"utility":2,"ID":2},{"utility":39,"ID":11}],[{"utility":0,"ID":17}],[{"utility":36,"ID":21},{"utility":65,"ID":24}],[{"utility":69.66666666666667,"ID":10},{"utility":32.666666666666664,"ID":15},{"utility":46.666666666666664,"ID":16},{"utility":29.666666666666668,"ID":19}],[{"utility":0,"ID":29}],[{"utility":95,"ID":20},{"utility":16,"ID":23}],[{"utility":37,"ID":4},{"utility":55,"ID":6}],[],[{"utility":5,"ID":9},{"utility":76,"ID":30}],[{"utility":15.5,"ID":7},{"utility":23,"ID":26},{"utility":59,"ID":28}],[{"utility":91,"ID":1},{"utility":18,"ID":18}],[],[{"utility":0,"ID":8}],[{"utility":87,"ID":13},{"utility":54,"ID":25}],[{"utility":30.5,"ID":5},{"utility":63,"ID":14},{"utility":15.5,"ID":22}],[{"utility":81.5,"ID":3},{"utility":49.5,"ID":12},{"utility":10,"ID":27}],[],[],[],[],[],[],[],[],[],[],[],[],[],[]],"CORE :":false,"Relazioni :":870,"Time : ":0.2,"LAST PARTITION":{"22":15,"23":6,"24":3,"25":14,"26":10,"27":7,"28":10,"29":5,"30":8,"10":1,"11":11,"12":16,"13":14,"14":13,"15":17,"16":9,"17":12,"18":18,"19":19,"1":13,"2":18,"3":19,"4":12,"5":20,"6":20,"7":9,"8":1,"9":4,"20":6,"21":3}},{"Modalità dinamica :":false,"Q : ":8,"STARTING PARTITION: ":{"22":15,"23":6,"24":3,"25":14,"26":10,"27":16,"28":10,"29":5,"30":9,"10":4,"11":1,"12":16,"13":14,"14":15,"15":4,"16":4,"17":2,"18":11,"19":4,"1":11,"2":1,"3":16,"4":7,"5":15,"6":7,"7":10,"8":13,"9":9,"20":6,"21":3},"LAST COALITION":[[],[{"utility":0,"ID":15}],[{"utility":21,"ID":5},{"utility":97,"ID":9}],[{"utility":36,"ID":21},{"utility":65,"ID":24}],[],[{"utility":0,"ID":29}],[{"utility":95,"ID":20},{"utility":16,"ID":23}],[{"utility":0,"ID":27}],[{"utility":0,"ID":30}],[{"utility":99,"ID":16},{"utility":96,"ID":7}],[{"utility":29,"ID":26},{"utility":60,"ID":28}],[{"utility":79,"ID":8},{"utility":19,"ID":10}],[{"utility":69,"ID":17},{"utility":92,"ID":4}],[{"utility":99,"ID":1},{"utility":25,"ID":14}],[{"utility":87,"ID":13},{"utility":54,"ID":25}],[{"utility":0,"ID":22}],[{"utility":0,"ID":12}],[{"utility":97,"ID":6},{"utility":51,"ID":11}],[{"utility":98,"ID":2},{"utility":22,"ID":18}],[{"utility":100,"ID":3},{"utility":30,"ID":19}],[],[],[],[],[],[],[],[],[],[],[]],"STARTING COALITION: ":[[null],[{"utility":2,"ID":2},{"utility":39,"ID":11}],[{"utility":0,"ID":17}],[{"utility":36,"ID":21},{"utility":65,"ID":24}],[{"utility":69.66666666666667,"ID":10},{"utility":32.666666666666664,"ID":15},{"utility":46.666666666666664,"ID":16},{"utility":29.666666666666668,"ID":19}],[{"utility":0,"ID":29}],[{"utility":95,"ID":20},{"utility":16,"ID":23}],[{"utility":37,"ID":4},{"utility":55,"ID":6}],[],[{"utility":5,"ID":9},{"utility":76,"ID":30}],[{"utility":15.5,"ID":7},{"utility":23,"ID":26},{"utility":59,"ID":28}],[{"utility":91,"ID":1},{"utility":18,"ID":18}],[],[{"utility":0,"ID":8}],[{"utility":87,"ID":13},{"utility":54,"ID":25}],[{"utility":30.5,"ID":5},{"utility":63,"ID":14},{"utility":15.5,"ID":22}],[{"utility":81.5,"ID":3},{"utility":49.5,"ID":12},{"utility":10,"ID":27}],[],[],[],[],[],[],[],[],[],[],[],[],[],[]],"CORE :":false,"Relazioni :":870,"Time : ":0.1,"LAST PARTITION":{"22":15,"23":6,"24":3,"25":14,"26":10,"27":7,"28":10,"29":5,"30":8,"10":11,"11":17,"12":16,"13":14,"14":13,"15":1,"16":9,"17":12,"18":18,"19":19,"1":13,"2":18,"3":19,"4":12,"5":2,"6":17,"7":9,"8":11,"9":2,"20":6,"21":3}},{"Modalità dinamica :":false,"Q : ":8,"STARTING PARTITION: ":{"22":15,"23":6,"24":3,"25":14,"26":10,"27":16,"28":10,"29":5,"30":9,"10":4,"11":1,"12":16,"13":14,"14":15,"15":4,"16":4,"17":2,"18":11,"19":4,"1":11,"2":1,"3":16,"4":7,"5":15,"6":7,"7":10,"8":13,"9":9,"20":6,"21":3},"LAST COALITION":[[],[{"utility":79,"ID":5},{"utility":16,"ID":15}],[{"utility":97,"ID":6},{"utility":51,"ID":11}],[{"utility":36,"ID":21},{"utility":65,"ID":24}],[{"utility":0,"ID":10}],[{"utility":0,"ID":29}],[{"utility":95,"ID":20},{"utility":16,"ID":23}],[{"utility":0,"ID":27}],[{"utility":0,"ID":30}],[{"utility":99,"ID":16},{"utility":96,"ID":7}],[{"utility":29,"ID":26},{"utility":60,"ID":28}],[{"utility":0,"ID":9}],[{"utility":69,"ID":17},{"utility":92,"ID":4}],[{"utility":99,"ID":1},{"utility":25,"ID":14}],[{"utility":87,"ID":13},{"utility":54,"ID":25}],[{"utility":0,"ID":22}],[{"utility":0,"ID":12}],[],[{"utility":98,"ID":2},{"utility":22,"ID":18}],[{"utility":100,"ID":3},{"utility":30,"ID":19}],[{"utility":0,"ID":8}],[],[],[],[],[],[],[],[],[],[]],"STARTING COALITION: ":[[null],[{"utility":2,"ID":2},{"utility":39,"ID":11}],[{"utility":0,"ID":17}],[{"utility":36,"ID":21},{"utility":65,"ID":24}],[{"utility":69.66666666666667,"ID":10},{"utility":32.666666666666664,"ID":15},{"utility":46.666666666666664,"ID":16},{"utility":29.666666666666668,"ID":19}],[{"utility":0,"ID":29}],[{"utility":95,"ID":20},{"utility":16,"ID":23}],[{"utility":37,"ID":4},{"utility":55,"ID":6}],[],[{"utility":5,"ID":9},{"utility":76,"ID":30}],[{"utility":15.5,"ID":7},{"utility":23,"ID":26},{"utility":59,"ID":28}],[{"utility":91,"ID":1},{"utility":18,"ID":18}],[],[{"utility":0,"ID":8}],[{"utility":87,"ID":13},{"utility":54,"ID":25}],[{"utility":30.5,"ID":5},{"utility":63,"ID":14},{"utility":15.5,"ID":22}],[{"utility":81.5,"ID":3},{"utility":49.5,"ID":12},{"utility":10,"ID":27}],[],[],[],[],[],[],[],[],[],[],[],[],[],[]],"CORE :":false,"Relazioni :":870,"Time : ":0.2,"LAST PARTITION":{"22":15,"23":6,"24":3,"25":14,"26":10,"27":7,"28":10,"29":5,"30":8,"10":4,"11":2,"12":16,"13":14,"14":13,"15":1,"16":9,"17":12,"18":18,"19":19,"1":13,"2":18,"3":19,"4":12,"5":1,"6":2,"7":9,"8":20,"9":11,"20":6,"21":3}},{"Modalità dinamica :":false,"Q : ":9,"STARTING PARTITION: ":{"22":15,"23":6,"24":3,"25":14,"26":10,"27":16,"28":10,"29":5,"30":9,"10":4,"11":1,"12":16,"13":14,"14":15,"15":4,"16":4,"17":2,"18":11,"19":4,"1":11,"2":1,"3":16,"4":7,"5":15,"6":7,"7":10,"8":13,"9":9,"20":6,"21":3},"LAST COALITION":[[],[{"utility":0,"ID":8}],[{"utility":97,"ID":6},{"utility":51,"ID":11}],[{"utility":36,"ID":21},{"utility":65,"ID":24}],[{"utility":28,"ID":5},{"utility":33,"ID":10}],[{"utility":0,"ID":29}],[{"utility":95,"ID":20},{"utility":16,"ID":23}],[{"utility":0,"ID":27}],[{"utility":0,"ID":30}],[{"utility":99,"ID":16},{"utility":96,"ID":7}],[{"utility":29,"ID":26},{"utility":60,"ID":28}],[{"utility":0,"ID":9}],[{"utility":69,"ID":17},{"utility":92,"ID":4}],[{"utility":99,"ID":1},{"utility":25,"ID":14}],[{"utility":87,"ID":13},{"utility":54,"ID":25}],[{"utility":0,"ID":22}],[{"utility":0,"ID":12}],[{"utility":0,"ID":15}],[{"utility":98,"ID":2},{"utility":22,"ID":18}],[{"utility":100,"ID":3},{"utility":30,"ID":19}],[],[],[],[],[],[],[],[],[],[],[]],"STARTING COALITION: ":[[null],[{"utility":2,"ID":2},{"utility":39,"ID":11}],[{"utility":0,"ID":17}],[{"utility":36,"ID":21},{"utility":65,"ID":24}],[{"utility":69.66666666666667,"ID":10},{"utility":32.666666666666664,"ID":15},{"utility":46.666666666666664,"ID":16},{"utility":29.666666666666668,"ID":19}],[{"utility":0,"ID":29}],[{"utility":95,"ID":20},{"utility":16,"ID":23}],[{"utility":37,"ID":4},{"utility":55,"ID":6}],[],[{"utility":5,"ID":9},{"utility":76,"ID":30}],[{"utility":15.5,"ID":7},{"utility":23,"ID":26},{"utility":59,"ID":28}],[{"utility":91,"ID":1},{"utility":18,"ID":18}],[],[{"utility":0,"ID":8}],[{"utility":87,"ID":13},{"utility":54,"ID":25}],[{"utility":30.5,"ID":5},{"utility":63,"ID":14},{"utility":15.5,"ID":22}],[{"utility":81.5,"ID":3},{"utility":49.5,"ID":12},{"utility":10,"ID":27}],[],[],[],[],[],[],[],[],[],[],[],[],[],[]],"CORE :":false,"Relazioni :":870,"Time : ":0.1,"LAST PARTITION":{"22":15,"23":6,"24":3,"25":14,"26":10,"27":7,"28":10,"29":5,"30":8,"10":4,"11":2,"12":16,"13":14,"14":13,"15":17,"16":9,"17":12,"18":18,"19":19,"1":13,"2":18,"3":19,"4":12,"5":4,"6":2,"7":9,"8":1,"9":11,"20":6,"21":3}},{"Modalità dinamica :":false,"Q : ":9,"STARTING PARTITION: ":{"22":15,"23":6,"24":3,"25":14,"26":10,"27":16,"28":10,"29":5,"30":9,"10":4,"11":1,"12":16,"13":14,"14":15,"15":4,"16":4,"17":2,"18":11,"19":4,"1":11,"2":1,"3":16,"4":7,"5":15,"6":7,"7":10,"8":13,"9":9,"20":6,"21":3},"LAST COALITION":[[],[{"utility":0,"ID":8}],[{"utility":97,"ID":6},{"utility":51,"ID":11}],[{"utility":36,"ID":21},{"utility":65,"ID":24}],[{"utility":28,"ID":5},{"utility":33,"ID":10}],[{"utility":0,"ID":29}],[{"utility":95,"ID":20},{"utility":16,"ID":23}],[{"utility":0,"ID":27}],[{"utility":0,"ID":30}],[{"utility":99,"ID":16},{"utility":96,"ID":7}],[{"utility":29,"ID":26},{"utility":60,"ID":28}],[{"utility":0,"ID":9}],[{"utility":69,"ID":17},{"utility":92,"ID":4}],[{"utility":99,"ID":1},{"utility":25,"ID":14}],[{"utility":87,"ID":13},{"utility":54,"ID":25}],[{"utility":0,"ID":22}],[{"utility":0,"ID":12}],[{"utility":0,"ID":15}],[{"utility":98,"ID":2},{"utility":22,"ID":18}],[{"utility":100,"ID":3},{"utility":30,"ID":19}],[],[],[],[],[],[],[],[],[],[],[]],"STARTING COALITION: ":[[null],[{"utility":2,"ID":2},{"utility":39,"ID":11}],[{"utility":0,"ID":17}],[{"utility":36,"ID":21},{"utility":65,"ID":24}],[{"utility":69.66666666666667,"ID":10},{"utility":32.666666666666664,"ID":15},{"utility":46.666666666666664,"ID":16},{"utility":29.666666666666668,"ID":19}],[{"utility":0,"ID":29}],[{"utility":95,"ID":20},{"utility":16,"ID":23}],[{"utility":37,"ID":4},{"utility":55,"ID":6}],[],[{"utility":5,"ID":9},{"utility":76,"ID":30}],[{"utility":15.5,"ID":7},{"utility":23,"ID":26},{"utility":59,"ID":28}],[{"utility":91,"ID":1},{"utility":18,"ID":18}],[],[{"utility":0,"ID":8}],[{"utility":87,"ID":13},{"utility":54,"ID":25}],[{"utility":30.5,"ID":5},{"utility":63,"ID":14},{"utility":15.5,"ID":22}],[{"utility":81.5,"ID":3},{"utility":49.5,"ID":12},{"utility":10,"ID":27}],[],[],[],[],[],[],[],[],[],[],[],[],[],[]],"CORE :":false,"Relazioni :":870,"Time : ":0.2,"LAST PARTITION":{"22":15,"23":6,"24":3,"25":14,"26":10,"27":7,"28":10,"29":5,"30":8,"10":4,"11":2,"12":16,"13":14,"14":13,"15":17,"16":9,"17":12,"18":18,"19":19,"1":13,"2":18,"3":19,"4":12,"5":4,"6":2,"7":9,"8":1,"9":11,"20":6,"21":3}},{"Modalità dinamica :":false,"Q : ":10,"STARTING PARTITION: ":{"22":15,"23":6,"24":3,"25":14,"26":10,"27":16,"28":10,"29":5,"30":9,"10":4,"11":1,"12":16,"13":14,"14":15,"15":4,"16":4,"17":2,"18":11,"19":4,"1":11,"2":1,"3":16,"4":7,"5":15,"6":7,"7":10,"8":13,"9":9,"20":6,"21":3},"LAST COALITION":[[],[{"utility":97,"ID":6},{"utility":51,"ID":11}],[{"utility":79,"ID":8},{"utility":19,"ID":10}],[{"utility":36,"ID":21},{"utility":65,"ID":24}],[{"utility":0,"ID":9}],[{"utility":0,"ID":29}],[{"utility":95,"ID":20},{"utility":16,"ID":23}],[{"utility":0,"ID":27}],[{"utility":0,"ID":30}],[{"utility":99,"ID":16},{"utility":96,"ID":7}],[{"utility":29,"ID":26},{"utility":60,"ID":28}],[{"utility":0,"ID":15}],[{"utility":69,"ID":17},{"utility":92,"ID":4}],[{"utility":99,"ID":1},{"utility":25,"ID":14}],[{"utility":87,"ID":13},{"utility":54,"ID":25}],[{"utility":0,"ID":22}],[{"utility":0,"ID":12}],[],[{"utility":98,"ID":2},{"utility":22,"ID":18}],[{"utility":100,"ID":3},{"utility":30,"ID":19}],[{"utility":0,"ID":5}],[],[],[],[],[],[],[],[],[],[]],"STARTING COALITION: ":[[null],[{"utility":2,"ID":2},{"utility":39,"ID":11}],[{"utility":0,"ID":17}],[{"utility":36,"ID":21},{"utility":65,"ID":24}],[{"utility":69.66666666666667,"ID":10},{"utility":32.666666666666664,"ID":15},{"utility":46.666666666666664,"ID":16},{"utility":29.666666666666668,"ID":19}],[{"utility":0,"ID":29}],[{"utility":95,"ID":20},{"utility":16,"ID":23}],[{"utility":37,"ID":4},{"utility":55,"ID":6}],[],[{"utility":5,"ID":9},{"utility":76,"ID":30}],[{"utility":15.5,"ID":7},{"utility":23,"ID":26},{"utility":59,"ID":28}],[{"utility":91,"ID":1},{"utility":18,"ID":18}],[],[{"utility":0,"ID":8}],[{"utility":87,"ID":13},{"utility":54,"ID":25}],[{"utility":30.5,"ID":5},{"utility":63,"ID":14},{"utility":15.5,"ID":22}],[{"utility":81.5,"ID":3},{"utility":49.5,"ID":12},{"utility":10,"ID":27}],[],[],[],[],[],[],[],[],[],[],[],[],[],[]],"CORE :":false,"Relazioni :":870,"Time : ":0.1,"LAST PARTITION":{"22":15,"23":6,"24":3,"25":14,"26":10,"27":7,"28":10,"29":5,"30":8,"10":2,"11":1,"12":16,"13":14,"14":13,"15":11,"16":9,"17":12,"18":18,"19":19,"1":13,"2":18,"3":19,"4":12,"5":20,"6":1,"7":9,"8":2,"9":4,"20":6,"21":3}},{"Modalità dinamica :":false,"Q : ":10,"STARTING PARTITION: ":{"22":15,"23":6,"24":3,"25":14,"26":10,"27":16,"28":10,"29":5,"30":9,"10":4,"11":1,"12":16,"13":14,"14":15,"15":4,"16":4,"17":2,"18":11,"19":4,"1":11,"2":1,"3":16,"4":7,"5":15,"6":7,"7":10,"8":13,"9":9,"20":6,"21":3},"LAST COALITION":[[],[],[{"utility":79,"ID":8},{"utility":19,"ID":10}],[{"utility":36,"ID":21},{"utility":65,"ID":24}],[{"utility":0,"ID":9}],[{"utility":0,"ID":29}],[{"utility":95,"ID":20},{"utility":16,"ID":23}],[{"utility":0,"ID":27}],[{"utility":0,"ID":30}],[{"utility":99,"ID":16},{"utility":96,"ID":7}],[{"utility":29,"ID":26},{"utility":60,"ID":28}],[{"utility":0,"ID":15}],[{"utility":69,"ID":17},{"utility":92,"ID":4}],[{"utility":99,"ID":1},{"utility":25,"ID":14}],[{"utility":87,"ID":13},{"utility":54,"ID":25}],[{"utility":0,"ID":22}],[{"utility":0,"ID":12}],[{"utility":0,"ID":11}],[{"utility":98,"ID":2},{"utility":22,"ID":18}],[{"utility":100,"ID":3},{"utility":30,"ID":19}],[{"utility":90,"ID":5},{"utility":93,"ID":6}],[],[],[],[],[],[],[],[],[],[]],"STARTING COALITION: ":[[null],[{"utility":2,"ID":2},{"utility":39,"ID":11}],[{"utility":0,"ID":17}],[{"utility":36,"ID":21},{"utility":65,"ID":24}],[{"utility":69.66666666666667,"ID":10},{"utility":32.666666666666664,"ID":15},{"utility":46.666666666666664,"ID":16},{"utility":29.666666666666668,"ID":19}],[{"utility":0,"ID":29}],[{"utility":95,"ID":20},{"utility":16,"ID":23}],[{"utility":37,"ID":4},{"utility":55,"ID":6}],[],[{"utility":5,"ID":9},{"utility":76,"ID":30}],[{"utility":15.5,"ID":7},{"utility":23,"ID":26},{"utility":59,"ID":28}],[{"utility":91,"ID":1},{"utility":18,"ID":18}],[],[{"utility":0,"ID":8}],[{"utility":87,"ID":13},{"utility":54,"ID":25}],[{"utility":30.5,"ID":5},{"utility":63,"ID":14},{"utility":15.5,"ID":22}],[{"utility":81.5,"ID":3},{"utility":49.5,"ID":12},{"utility":10,"ID":27}],[],[],[],[],[],[],[],[],[],[],[],[],[],[]],"CORE :":false,"Relazioni :":870,"Time : ":0.2,"LAST PARTITION":{"22":15,"23":6,"24":3,"25":14,"26":10,"27":7,"28":10,"29":5,"30":8,"10":2,"11":17,"12":16,"13":14,"14":13,"15":11,"16":9,"17":12,"18":18,"19":19,"1":13,"2":18,"3":19,"4":12,"5":20,"6":20,"7":9,"8":2,"9":4,"20":6,"21":3}},{"Modalità dinamica :":true,"Q : ":2,"STARTING PARTITION: ":{"22":15,"23":6,"24":3,"25":14,"26":10,"27":16,"28":10,"29":5,"30":9,"10":4,"11":1,"12":16,"13":14,"14":15,"15":4,"16":4,"17":2,"18":11,"19":4,"1":11,"2":1,"3":16,"4":7,"5":15,"6":7,"7":10,"8":13,"9":9,"20":6,"21":3},"LAST COALITION":[[],[{"utility":96,"ID":8},{"utility":99,"ID":12}],[{"utility":97,"ID":14},{"utility":58,"ID":27}],[{"utility":86,"ID":10},{"utility":65,"ID":16}],[{"utility":89,"ID":3},{"utility":90,"ID":13}],[{"utility":83,"ID":2},{"utility":91,"ID":9}],[{"utility":69,"ID":4},{"utility":88,"ID":11}],[{"utility":93,"ID":7},{"utility":95,"ID":15}],[{"utility":69,"ID":17},{"utility":96,"ID":20}],[{"utility":0,"ID":26}],[{"utility":78,"ID":24},{"utility":67,"ID":25}],[{"utility":0,"ID":21}],[{"utility":43,"ID":18},{"utility":95,"ID":28}],[{"utility":0,"ID":5}],[{"utility":98,"ID":1},{"utility":99,"ID":30}],[{"utility":0,"ID":22}],[{"utility":54,"ID":23},{"utility":93,"ID":29}],[],[{"utility":24,"ID":6},{"utility":82,"ID":19}],[],[],[],[],[],[],[],[],[],[],[],[]],"STARTING COALITION: ":[[null],[{"utility":2,"ID":2},{"utility":39,"ID":11}],[{"utility":0,"ID":17}],[{"utility":36,"ID":21},{"utility":65,"ID":24}],[{"utility":69.66666666666667,"ID":10},{"utility":32.666666666666664,"ID":15},{"utility":46.666666666666664,"ID":16},{"utility":29.666666666666668,"ID":19}],[{"utility":0,"ID":29}],[{"utility":95,"ID":20},{"utility":16,"ID":23}],[{"utility":37,"ID":4},{"utility":55,"ID":6}],[],[{"utility":5,"ID":9},{"utility":76,"ID":30}],[{"utility":15.5,"ID":7},{"utility":23,"ID":26},{"utility":59,"ID":28}],[{"utility":91,"ID":1},{"utility":18,"ID":18}],[],[{"utility":0,"ID":8}],[{"utility":87,"ID":13},{"utility":54,"ID":25}],[{"utility":30.5,"ID":5},{"utility":63,"ID":14},{"utility":15.5,"ID":22}],[{"utility":81.5,"ID":3},{"utility":49.5,"ID":12},{"utility":10,"ID":27}],[],[],[],[],[],[],[],[],[],[],[],[],[],[]],"CORE :":false,"Relazioni :":870,"Time : ":0.1,"LAST PARTITION":{"22":15,"23":16,"24":10,"25":10,"26":9,"27":2,"28":12,"29":16,"30":14,"10":3,"11":6,"12":1,"13":4,"14":2,"15":7,"16":3,"17":8,"18":12,"19":18,"1":14,"2":5,"3":4,"4":6,"5":13,"6":18,"7":7,"8":1,"9":5,"20":8,"21":11}},{"Modalità dinamica :":true,"Q : ":2,"STARTING PARTITION: ":{"22":15,"23":6,"24":3,"25":14,"26":10,"27":16,"28":10,"29":5,"30":9,"10":4,"11":1,"12":16,"13":14,"14":15,"15":4,"16":4,"17":2,"18":11,"19":4,"1":11,"2":1,"3":16,"4":7,"5":15,"6":7,"7":10,"8":13,"9":9,"20":6,"21":3},"LAST COALITION":[[],[{"utility":84,"ID":3},{"utility":83,"ID":29}],[{"utility":96,"ID":7},{"utility":99,"ID":16}],[{"utility":0,"ID":23}],[{"utility":90,"ID":5},{"utility":93,"ID":6}],[{"utility":90,"ID":10},{"utility":96,"ID":13}],[{"utility":25,"ID":11},{"utility":70,"ID":14}],[{"utility":0,"ID":15}],[{"utility":0,"ID":18}],[{"utility":92,"ID":19},{"utility":93,"ID":26}],[{"utility":0,"ID":1}],[{"utility":96,"ID":8},{"utility":99,"ID":12}],[{"utility":90,"ID":17},{"utility":84,"ID":30}],[{"utility":91,"ID":21},{"utility":82,"ID":25}],[{"utility":63,"ID":27},{"utility":19,"ID":28}],[],[{"utility":83,"ID":2},{"utility":91,"ID":9}],[{"utility":86,"ID":4},{"utility":95,"ID":24}],[],[{"utility":83,"ID":20},{"utility":42,"ID":22}],[],[],[],[],[],[],[],[],[],[],[]],"STARTING COALITION: ":[[null],[{"utility":2,"ID":2},{"utility":39,"ID":11}],[{"utility":0,"ID":17}],[{"utility":36,"ID":21},{"utility":65,"ID":24}],[{"utility":69.66666666666667,"ID":10},{"utility":32.666666666666664,"ID":15},{"utility":46.666666666666664,"ID":16},{"utility":29.666666666666668,"ID":19}],[{"utility":0,"ID":29}],[{"utility":95,"ID":20},{"utility":16,"ID":23}],[{"utility":37,"ID":4},{"utility":55,"ID":6}],[],[{"utility":5,"ID":9},{"utility":76,"ID":30}],[{"utility":15.5,"ID":7},{"utility":23,"ID":26},{"utility":59,"ID":28}],[{"utility":91,"ID":1},{"utility":18,"ID":18}],[],[{"utility":0,"ID":8}],[{"utility":87,"ID":13},{"utility":54,"ID":25}],[{"utility":30.5,"ID":5},{"utility":63,"ID":14},{"utility":15.5,"ID":22}],[{"utility":81.5,"ID":3},{"utility":49.5,"ID":12},{"utility":10,"ID":27}],[],[],[],[],[],[],[],[],[],[],[],[],[],[]],"CORE :":false,"Relazioni :":870,"Time : ":0.2,"LAST PARTITION":{"22":19,"23":3,"24":17,"25":13,"26":9,"27":14,"28":14,"29":1,"30":12,"10":5,"11":6,"12":11,"13":5,"14":6,"15":7,"16":2,"17":12,"18":8,"19":9,"1":10,"2":16,"3":1,"4":17,"5":4,"6":4,"7":2,"8":11,"9":16,"20":19,"21":13}},{"Modalità dinamica :":true,"Q : ":3,"STARTING PARTITION: ":{"22":15,"23":6,"24":3,"25":14,"26":10,"27":16,"28":10,"29":5,"30":9,"10":4,"11":1,"12":16,"13":14,"14":15,"15":4,"16":4,"17":2,"18":11,"19":4,"1":11,"2":1,"3":16,"4":7,"5":15,"6":7,"7":10,"8":13,"9":9,"20":6,"21":3},"LAST COALITION":[[],[{"utility":72,"ID":20},{"utility":98,"ID":28}],[{"utility":33,"ID":2},{"utility":93,"ID":26}],[{"utility":91,"ID":21},{"utility":82,"ID":25}],[{"utility":58,"ID":10},{"utility":89,"ID":29}],[{"utility":98,"ID":1},{"utility":99,"ID":30}],[{"utility":84,"ID":19},{"utility":63,"ID":23}],[{"utility":0,"ID":11}],[],[{"utility":0,"ID":4}],[{"utility":70,"ID":9},{"utility":81,"ID":22}],[{"utility":91,"ID":15},{"utility":82,"ID":17}],[{"utility":99,"ID":3},{"utility":82,"ID":24}],[{"utility":76,"ID":5},{"utility":19,"ID":27}],[{"utility":96,"ID":7},{"utility":99,"ID":16}],[{"utility":0,"ID":18}],[{"utility":0,"ID":6}],[{"utility":4,"ID":13},{"utility":94,"ID":14}],[],[{"utility":96,"ID":8},{"utility":99,"ID":12}],[],[],[],[],[],[],[],[],[],[],[]],"STARTING COALITION: ":[[null],[{"utility":2,"ID":2},{"utility":39,"ID":11}],[{"utility":0,"ID":17}],[{"utility":36,"ID":21},{"utility":65,"ID":24}],[{"utility":69.66666666666667,"ID":10},{"utility":32.666666666666664,"ID":15},{"utility":46.666666666666664,"ID":16},{"utility":29.666666666666668,"ID":19}],[{"utility":0,"ID":29}],[{"utility":95,"ID":20},{"utility":16,"ID":23}],[{"utility":37,"ID":4},{"utility":55,"ID":6}],[],[{"utility":5,"ID":9},{"utility":76,"ID":30}],[{"utility":15.5,"ID":7},{"utility":23,"ID":26},{"utility":59,"ID":28}],[{"utility":91,"ID":1},{"utility":18,"ID":18}],[],[{"utility":0,"ID":8}],[{"utility":87,"ID":13},{"utility":54,"ID":25}],[{"utility":30.5,"ID":5},{"utility":63,"ID":14},{"utility":15.5,"ID":22}],[{"utility":81.5,"ID":3},{"utility":49.5,"ID":12},{"utility":10,"ID":27}],[],[],[],[],[],[],[],[],[],[],[],[],[],[]],"CORE :":false,"Relazioni :":870,"Time : ":0.1,"LAST PARTITION":{"22":10,"23":6,"24":12,"25":3,"26":2,"27":13,"28":1,"29":4,"30":5,"10":4,"11":7,"12":19,"13":17,"14":17,"15":11,"16":14,"17":11,"18":15,"19":6,"1":5,"2":2,"3":12,"4":9,"5":13,"6":16,"7":14,"8":19,"9":10,"20":1,"21":3}},{"Modalità dinamica :":true,"Q : ":3,"STARTING PARTITION: ":{"22":15,"23":6,"24":3,"25":14,"26":10,"27":16,"28":10,"29":5,"30":9,"10":4,"11":1,"12":16,"13":14,"14":15,"15":4,"16":4,"17":2,"18":11,"19":4,"1":11,"2":1,"3":16,"4":7,"5":15,"6":7,"7":10,"8":13,"9":9,"20":6,"21":3},"LAST COALITION":[[],[{"utility":0,"ID":28}],[{"utility":0,"ID":16}],[{"utility":68,"ID":11},{"utility":78,"ID":22}],[{"utility":40,"ID":18},{"utility":55,"ID":25}],[{"utility":0,"ID":6}],[{"utility":92,"ID":19},{"utility":93,"ID":26}],[{"utility":98,"ID":1},{"utility":99,"ID":30}],[{"utility":97,"ID":14},{"utility":58,"ID":27}],[{"utility":0,"ID":24}],[{"utility":96,"ID":8},{"utility":99,"ID":12}],[],[{"utility":80,"ID":3},{"utility":100,"ID":10}],[{"utility":96,"ID":2},{"utility":75,"ID":20}],[{"utility":70,"ID":15},{"utility":94,"ID":29}],[{"utility":100,"ID":7},{"utility":76,"ID":13}],[{"utility":56,"ID":21},{"utility":54,"ID":23}],[],[],[{"utility":92,"ID":4},{"utility":69,"ID":17}],[{"utility":21,"ID":5},{"utility":97,"ID":9}],[],[],[],[],[],[],[],[],[],[]],"STARTING COALITION: ":[[null],[{"utility":2,"ID":2},{"utility":39,"ID":11}],[{"utility":0,"ID":17}],[{"utility":36,"ID":21},{"utility":65,"ID":24}],[{"utility":69.66666666666667,"ID":10},{"utility":32.666666666666664,"ID":15},{"utility":46.666666666666664,"ID":16},{"utility":29.666666666666668,"ID":19}],[{"utility":0,"ID":29}],[{"utility":95,"ID":20},{"utility":16,"ID":23}],[{"utility":37,"ID":4},{"utility":55,"ID":6}],[],[{"utility":5,"ID":9},{"utility":76,"ID":30}],[{"utility":15.5,"ID":7},{"utility":23,"ID":26},{"utility":59,"ID":28}],[{"utility":91,"ID":1},{"utility":18,"ID":18}],[],[{"utility":0,"ID":8}],[{"utility":87,"ID":13},{"utility":54,"ID":25}],[{"utility":30.5,"ID":5},{"utility":63,"ID":14},{"utility":15.5,"ID":22}],[{"utility":81.5,"ID":3},{"utility":49.5,"ID":12},{"utility":10,"ID":27}],[],[],[],[],[],[],[],[],[],[],[],[],[],[]],"CORE :":false,"Relazioni :":870,"Time : ":0.2,"LAST PARTITION":{"22":3,"23":16,"24":9,"25":4,"26":6,"27":8,"28":1,"29":14,"30":7,"10":12,"11":3,"12":10,"13":15,"14":8,"15":14,"16":2,"17":19,"18":4,"19":6,"1":7,"2":13,"3":12,"4":19,"5":20,"6":5,"7":15,"8":10,"9":20,"20":13,"21":16}},{"Modalità dinamica :":true,"Q : ":4,"STARTING PARTITION: ":{"22":15,"23":6,"24":3,"25":14,"26":10,"27":16,"28":10,"29":5,"30":9,"10":4,"11":1,"12":16,"13":14,"14":15,"15":4,"16":4,"17":2,"18":11,"19":4,"1":11,"2":1,"3":16,"4":7,"5":15,"6":7,"7":10,"8":13,"9":9,"20":6,"21":3},"LAST COALITION":[[],[{"utility":96,"ID":8},{"utility":99,"ID":12}],[{"utility":91,"ID":16},{"utility":95,"ID":26}],[{"utility":0,"ID":23}],[{"utility":86,"ID":4},{"utility":95,"ID":24}],[{"utility":91,"ID":7},{"utility":87,"ID":20}],[{"utility":0,"ID":28}],[{"utility":98,"ID":1},{"utility":99,"ID":30}],[{"utility":83,"ID":2},{"utility":91,"ID":9}],[{"utility":0,"ID":22}],[{"utility":90,"ID":5},{"utility":93,"ID":6}],[{"utility":0,"ID":27}],[{"utility":56,"ID":11},{"utility":88,"ID":13}],[{"utility":91,"ID":19},{"utility":46,"ID":21}],[{"utility":58,"ID":10},{"utility":89,"ID":29}],[{"utility":91,"ID":15},{"utility":82,"ID":17}],[{"utility":0,"ID":25}],[],[{"utility":0,"ID":3}],[{"utility":78,"ID":14},{"utility":99,"ID":18}],[],[],[],[],[],[],[],[],[],[],[]],"STARTING COALITION: ":[[null],[{"utility":2,"ID":2},{"utility":39,"ID":11}],[{"utility":0,"ID":17}],[{"utility":36,"ID":21},{"utility":65,"ID":24}],[{"utility":69.66666666666667,"ID":10},{"utility":32.666666666666664,"ID":15},{"utility":46.666666666666664,"ID":16},{"utility":29.666666666666668,"ID":19}],[{"utility":0,"ID":29}],[{"utility":95,"ID":20},{"utility":16,"ID":23}],[{"utility":37,"ID":4},{"utility":55,"ID":6}],[],[{"utility":5,"ID":9},{"utility":76,"ID":30}],[{"utility":15.5,"ID":7},{"utility":23,"ID":26},{"utility":59,"ID":28}],[{"utility":91,"ID":1},{"utility":18,"ID":18}],[],[{"utility":0,"ID":8}],[{"utility":87,"ID":13},{"utility":54,"ID":25}],[{"utility":30.5,"ID":5},{"utility":63,"ID":14},{"utility":15.5,"ID":22}],[{"utility":81.5,"ID":3},{"utility":49.5,"ID":12},{"utility":10,"ID":27}],[],[],[],[],[],[],[],[],[],[],[],[],[],[]],"CORE :":false,"Relazioni :":870,"Time : ":0.1,"LAST PARTITION":{"22":9,"23":3,"24":4,"25":16,"26":2,"27":11,"28":6,"29":14,"30":7,"10":14,"11":12,"12":1,"13":12,"14":19,"15":15,"16":2,"17":15,"18":19,"19":13,"1":7,"2":8,"3":18,"4":4,"5":10,"6":10,"7":5,"8":1,"9":8,"20":5,"21":13}},{"Modalità dinamica :":true,"Q : ":4,"STARTING PARTITION: ":{"22":15,"23":6,"24":3,"25":14,"26":10,"27":16,"28":10,"29":5,"30":9,"10":4,"11":1,"12":16,"13":14,"14":15,"15":4,"16":4,"17":2,"18":11,"19":4,"1":11,"2":1,"3":16,"4":7,"5":15,"6":7,"7":10,"8":13,"9":9,"20":6,"21":3},"LAST COALITION":[[],[{"utility":96,"ID":8},{"utility":99,"ID":12}],[{"utility":86,"ID":4},{"utility":95,"ID":24}],[{"utility":91,"ID":21},{"utility":82,"ID":25}],[],[{"utility":96,"ID":7},{"utility":99,"ID":16}],[{"utility":92,"ID":19},{"utility":93,"ID":26}],[{"utility":84.5,"ID":3},{"utility":95,"ID":10},{"utility":93,"ID":13}],[{"utility":66,"ID":27},{"utility":72,"ID":29}],[],[{"utility":96,"ID":2},{"utility":75,"ID":20}],[{"utility":90,"ID":5},{"utility":93,"ID":6}],[{"utility":98,"ID":1},{"utility":99,"ID":30}],[{"utility":100,"ID":23},{"utility":55,"ID":28}],[{"utility":91,"ID":15},{"utility":82,"ID":17}],[],[],[{"utility":83,"ID":9},{"utility":41,"ID":14},{"utility":99,"ID":18}],[],[{"utility":68,"ID":11},{"utility":78,"ID":22}],[],[],[],[],[],[],[],[],[],[],[]],"STARTING COALITION: ":[[null],[{"utility":2,"ID":2},{"utility":39,"ID":11}],[{"utility":0,"ID":17}],[{"utility":36,"ID":21},{"utility":65,"ID":24}],[{"utility":69.66666666666667,"ID":10},{"utility":32.666666666666664,"ID":15},{"utility":46.666666666666664,"ID":16},{"utility":29.666666666666668,"ID":19}],[{"utility":0,"ID":29}],[{"utility":95,"ID":20},{"utility":16,"ID":23}],[{"utility":37,"ID":4},{"utility":55,"ID":6}],[],[{"utility":5,"ID":9},{"utility":76,"ID":30}],[{"utility":15.5,"ID":7},{"utility":23,"ID":26},{"utility":59,"ID":28}],[{"utility":91,"ID":1},{"utility":18,"ID":18}],[],[{"utility":0,"ID":8}],[{"utility":87,"ID":13},{"utility":54,"ID":25}],[{"utility":30.5,"ID":5},{"utility":63,"ID":14},{"utility":15.5,"ID":22}],[{"utility":81.5,"ID":3},{"utility":49.5,"ID":12},{"utility":10,"ID":27}],[],[],[],[],[],[],[],[],[],[],[],[],[],[]],"CORE :":true,"Relazioni :":870,"Time : ":0.2,"LAST PARTITION":{"22":19,"23":13,"24":2,"25":3,"26":6,"27":8,"28":13,"29":8,"30":12,"10":7,"11":19,"12":1,"13":7,"14":17,"15":14,"16":5,"17":14,"18":17,"19":6,"1":12,"2":10,"3":7,"4":2,"5":11,"6":11,"7":5,"8":1,"9":17,"20":10,"21":3}},{"Modalità dinamica :":true,"Q : ":5,"STARTING PARTITION: ":{"22":15,"23":6,"24":3,"25":14,"26":10,"27":16,"28":10,"29":5,"30":9,"10":4,"11":1,"12":16,"13":14,"14":15,"15":4,"16":4,"17":2,"18":11,"19":4,"1":11,"2":1,"3":16,"4":7,"5":15,"6":7,"7":10,"8":13,"9":9,"20":6,"21":3},"LAST COALITION":[[],[{"utility":96,"ID":8},{"utility":99,"ID":12}],[],[{"utility":86,"ID":4},{"utility":95,"ID":24}],[{"utility":88,"ID":25},{"utility":66,"ID":30}],[{"utility":99,"ID":1},{"utility":25,"ID":14}],[{"utility":91,"ID":15},{"utility":82,"ID":17}],[{"utility":21,"ID":16},{"utility":73,"ID":18}],[{"utility":0,"ID":21}],[{"utility":83,"ID":2},{"utility":91,"ID":9}],[{"utility":54,"ID":23},{"utility":93,"ID":29}],[{"utility":68,"ID":11},{"utility":78,"ID":22}],[{"utility":92,"ID":19},{"utility":93,"ID":26}],[{"utility":90,"ID":5},{"utility":93,"ID":6}],[{"utility":0,"ID":7}],[{"utility":89,"ID":3},{"utility":90,"ID":13}],[{"utility":33,"ID":10},{"utility":93,"ID":27}],[],[{"utility":72,"ID":20},{"utility":98,"ID":28}],[],[],[],[],[],[],[],[],[],[],[],[]],"STARTING COALITION: ":[[null],[{"utility":2,"ID":2},{"utility":39,"ID":11}],[{"utility":0,"ID":17}],[{"utility":36,"ID":21},{"utility":65,"ID":24}],[{"utility":69.66666666666667,"ID":10},{"utility":32.666666666666664,"ID":15},{"utility":46.666666666666664,"ID":16},{"utility":29.666666666666668,"ID":19}],[{"utility":0,"ID":29}],[{"utility":95,"ID":20},{"utility":16,"ID":23}],[{"utility":37,"ID":4},{"utility":55,"ID":6}],[],[{"utility":5,"ID":9},{"utility":76,"ID":30}],[{"utility":15.5,"ID":7},{"utility":23,"ID":26},{"utility":59,"ID":28}],[{"utility":91,"ID":1},{"utility":18,"ID":18}],[],[{"utility":0,"ID":8}],[{"utility":87,"ID":13},{"utility":54,"ID":25}],[{"utility":30.5,"ID":5},{"utility":63,"ID":14},{"utility":15.5,"ID":22}],[{"utility":81.5,"ID":3},{"utility":49.5,"ID":12},{"utility":10,"ID":27}],[],[],[],[],[],[],[],[],[],[],[],[],[],[]],"CORE :":false,"Relazioni :":870,"Time : ":0.1,"LAST PARTITION":{"22":11,"23":10,"24":3,"25":4,"26":12,"27":16,"28":18,"29":10,"30":4,"10":16,"11":11,"12":1,"13":15,"14":5,"15":6,"16":7,"17":6,"18":7,"19":12,"1":5,"2":9,"3":15,"4":3,"5":13,"6":13,"7":14,"8":1,"9":9,"20":18,"21":8}},{"Modalità dinamica :":true,"Q : ":5,"STARTING PARTITION: ":{"22":15,"23":6,"24":3,"25":14,"26":10,"27":16,"28":10,"29":5,"30":9,"10":4,"11":1,"12":16,"13":14,"14":15,"15":4,"16":4,"17":2,"18":11,"19":4,"1":11,"2":1,"3":16,"4":7,"5":15,"6":7,"7":10,"8":13,"9":9,"20":6,"21":3},"LAST COALITION":[[],[{"utility":62,"ID":3},{"utility":36,"ID":20}],[{"utility":96,"ID":8},{"utility":99,"ID":12}],[{"utility":66,"ID":27},{"utility":72,"ID":29}],[{"utility":96,"ID":7},{"utility":99,"ID":16}],[{"utility":0,"ID":14}],[{"utility":91,"ID":21},{"utility":82,"ID":25}],[{"utility":86,"ID":4},{"utility":95,"ID":24}],[{"utility":69,"ID":11},{"utility":61.5,"ID":18},{"utility":52,"ID":22}],[{"utility":92,"ID":19},{"utility":93,"ID":26}],[],[{"utility":0,"ID":6}],[{"utility":0,"ID":9}],[{"utility":90,"ID":10},{"utility":96,"ID":13}],[{"utility":98,"ID":1},{"utility":99,"ID":30}],[{"utility":93,"ID":2},{"utility":60,"ID":5}],[{"utility":91,"ID":15},{"utility":82,"ID":17}],[{"utility":100,"ID":23},{"utility":55,"ID":28}],[],[],[],[],[],[],[],[],[],[],[],[],[]],"STARTING COALITION: ":[[null],[{"utility":2,"ID":2},{"utility":39,"ID":11}],[{"utility":0,"ID":17}],[{"utility":36,"ID":21},{"utility":65,"ID":24}],[{"utility":69.66666666666667,"ID":10},{"utility":32.666666666666664,"ID":15},{"utility":46.666666666666664,"ID":16},{"utility":29.666666666666668,"ID":19}],[{"utility":0,"ID":29}],[{"utility":95,"ID":20},{"utility":16,"ID":23}],[{"utility":37,"ID":4},{"utility":55,"ID":6}],[],[{"utility":5,"ID":9},{"utility":76,"ID":30}],[{"utility":15.5,"ID":7},{"utility":23,"ID":26},{"utility":59,"ID":28}],[{"utility":91,"ID":1},{"utility":18,"ID":18}],[],[{"utility":0,"ID":8}],[{"utility":87,"ID":13},{"utility":54,"ID":25}],[{"utility":30.5,"ID":5},{"utility":63,"ID":14},{"utility":15.5,"ID":22}],[{"utility":81.5,"ID":3},{"utility":49.5,"ID":12},{"utility":10,"ID":27}],[],[],[],[],[],[],[],[],[],[],[],[],[],[]],"CORE :":false,"Relazioni :":870,"Time : ":0.2,"LAST PARTITION":{"22":8,"23":17,"24":7,"25":6,"26":9,"27":3,"28":17,"29":3,"30":14,"10":13,"11":8,"12":2,"13":13,"14":5,"15":16,"16":4,"17":16,"18":8,"19":9,"1":14,"2":15,"3":1,"4":7,"5":15,"6":11,"7":4,"8":2,"9":12,"20":1,"21":6}},{"Modalità dinamica :":true,"Q : ":6,"STARTING PARTITION: ":{"22":15,"23":6,"24":3,"25":14,"26":10,"27":16,"28":10,"29":5,"30":9,"10":4,"11":1,"12":16,"13":14,"14":15,"15":4,"16":4,"17":2,"18":11,"19":4,"1":11,"2":1,"3":16,"4":7,"5":15,"6":7,"7":10,"8":13,"9":9,"20":6,"21":3},"LAST COALITION":[[],[{"utility":0,"ID":23}],[{"utility":96,"ID":7},{"utility":99,"ID":16}],[{"utility":90,"ID":17},{"utility":84,"ID":30}],[{"utility":71,"ID":21},{"utility":95,"ID":27}],[{"utility":83,"ID":2},{"utility":91,"ID":9}],[{"utility":87,"ID":1},{"utility":93,"ID":5}],[{"utility":70,"ID":4},{"utility":50,"ID":26}],[{"utility":96,"ID":14},{"utility":52,"ID":25}],[{"utility":96,"ID":8},{"utility":99,"ID":12}],[{"utility":90,"ID":10},{"utility":96,"ID":13}],[{"utility":0,"ID":24}],[{"utility":68,"ID":11},{"utility":78,"ID":22}],[{"utility":70,"ID":15},{"utility":94,"ID":29}],[{"utility":72,"ID":20},{"utility":98,"ID":28}],[],[],[],[{"utility":68.66666666666667,"ID":3},{"utility":64,"ID":6},{"utility":57.666666666666664,"ID":18},{"utility":61,"ID":19}],[],[],[],[],[],[],[],[],[],[],[],[]],"STARTING COALITION: ":[[null],[{"utility":2,"ID":2},{"utility":39,"ID":11}],[{"utility":0,"ID":17}],[{"utility":36,"ID":21},{"utility":65,"ID":24}],[{"utility":69.66666666666667,"ID":10},{"utility":32.666666666666664,"ID":15},{"utility":46.666666666666664,"ID":16},{"utility":29.666666666666668,"ID":19}],[{"utility":0,"ID":29}],[{"utility":95,"ID":20},{"utility":16,"ID":23}],[{"utility":37,"ID":4},{"utility":55,"ID":6}],[],[{"utility":5,"ID":9},{"utility":76,"ID":30}],[{"utility":15.5,"ID":7},{"utility":23,"ID":26},{"utility":59,"ID":28}],[{"utility":91,"ID":1},{"utility":18,"ID":18}],[],[{"utility":0,"ID":8}],[{"utility":87,"ID":13},{"utility":54,"ID":25}],[{"utility":30.5,"ID":5},{"utility":63,"ID":14},{"utility":15.5,"ID":22}],[{"utility":81.5,"ID":3},{"utility":49.5,"ID":12},{"utility":10,"ID":27}],[],[],[],[],[],[],[],[],[],[],[],[],[],[]],"CORE :":false,"Relazioni :":870,"Time : ":0.1,"LAST PARTITION":{"22":12,"23":1,"24":11,"25":8,"26":7,"27":4,"28":14,"29":13,"30":3,"10":10,"11":12,"12":9,"13":10,"14":8,"15":13,"16":2,"17":3,"18":18,"19":18,"1":6,"2":5,"3":18,"4":7,"5":6,"6":18,"7":2,"8":9,"9":5,"20":14,"21":4}},{"Modalità dinamica :":true,"Q : ":6,"STARTING PARTITION: ":{"22":15,"23":6,"24":3,"25":14,"26":10,"27":16,"28":10,"29":5,"30":9,"10":4,"11":1,"12":16,"13":14,"14":15,"15":4,"16":4,"17":2,"18":11,"19":4,"1":11,"2":1,"3":16,"4":7,"5":15,"6":7,"7":10,"8":13,"9":9,"20":6,"21":3},"LAST COALITION":[[],[{"utility":83,"ID":2},{"utility":91,"ID":9}],[{"utility":0,"ID":24}],[{"utility":91,"ID":16},{"utility":95,"ID":26}],[{"utility":96,"ID":8},{"utility":99,"ID":12}],[{"utility":55.5,"ID":10},{"utility":73,"ID":23},{"utility":55.5,"ID":28}],[{"utility":68,"ID":11},{"utility":78,"ID":22}],[{"utility":91,"ID":21},{"utility":82,"ID":25}],[{"utility":91,"ID":15},{"utility":82,"ID":17}],[{"utility":0,"ID":19}],[{"utility":0,"ID":18}],[{"utility":91,"ID":7},{"utility":87,"ID":20}],[{"utility":90,"ID":5},{"utility":93,"ID":6}],[{"utility":92,"ID":4},{"utility":23,"ID":14}],[{"utility":98,"ID":1},{"utility":99,"ID":30}],[],[],[{"utility":89,"ID":3},{"utility":90,"ID":13}],[{"utility":66,"ID":27},{"utility":72,"ID":29}],[],[],[],[],[],[],[],[],[],[],[],[]],"STARTING COALITION: ":[[null],[{"utility":2,"ID":2},{"utility":39,"ID":11}],[{"utility":0,"ID":17}],[{"utility":36,"ID":21},{"utility":65,"ID":24}],[{"utility":69.66666666666667,"ID":10},{"utility":32.666666666666664,"ID":15},{"utility":46.666666666666664,"ID":16},{"utility":29.666666666666668,"ID":19}],[{"utility":0,"ID":29}],[{"utility":95,"ID":20},{"utility":16,"ID":23}],[{"utility":37,"ID":4},{"utility":55,"ID":6}],[],[{"utility":5,"ID":9},{"utility":76,"ID":30}],[{"utility":15.5,"ID":7},{"utility":23,"ID":26},{"utility":59,"ID":28}],[{"utility":91,"ID":1},{"utility":18,"ID":18}],[],[{"utility":0,"ID":8}],[{"utility":87,"ID":13},{"utility":54,"ID":25}],[{"utility":30.5,"ID":5},{"utility":63,"ID":14},{"utility":15.5,"ID":22}],[{"utility":81.5,"ID":3},{"utility":49.5,"ID":12},{"utility":10,"ID":27}],[],[],[],[],[],[],[],[],[],[],[],[],[],[]],"CORE :":false,"Relazioni :":870,"Time : ":0.2,"LAST PARTITION":{"22":6,"23":5,"24":2,"25":7,"26":3,"27":18,"28":5,"29":18,"30":14,"10":5,"11":6,"12":4,"13":17,"14":13,"15":8,"16":3,"17":8,"18":10,"19":9,"1":14,"2":1,"3":17,"4":13,"5":12,"6":12,"7":11,"8":4,"9":1,"20":11,"21":7}},{"Modalità dinamica :":true,"Q : ":7,"STARTING PARTITION: ":{"22":15,"23":6,"24":3,"25":14,"26":10,"27":16,"28":10,"29":5,"30":9,"10":4,"11":1,"12":16,"13":14,"14":15,"15":4,"16":4,"17":2,"18":11,"19":4,"1":11,"2":1,"3":16,"4":7,"5":15,"6":7,"7":10,"8":13,"9":9,"20":6,"21":3},"LAST COALITION":[[],[{"utility":0,"ID":14}],[{"utility":0,"ID":3}],[{"utility":0,"ID":25}],[{"utility":38.5,"ID":11},{"utility":40,"ID":18},{"utility":58.5,"ID":28}],[{"utility":69,"ID":17},{"utility":96,"ID":20}],[{"utility":96,"ID":8},{"utility":99,"ID":12}],[{"utility":96,"ID":7},{"utility":99,"ID":16}],[{"utility":95,"ID":15},{"utility":2,"ID":22}],[{"utility":44,"ID":9},{"utility":89,"ID":27}],[{"utility":54,"ID":23},{"utility":93,"ID":29}],[{"utility":90,"ID":10},{"utility":96,"ID":13}],[{"utility":46,"ID":2},{"utility":97,"ID":21}],[],[{"utility":92,"ID":19},{"utility":93,"ID":26}],[{"utility":98,"ID":1},{"utility":99,"ID":30}],[{"utility":90,"ID":5},{"utility":93,"ID":6}],[{"utility":86,"ID":4},{"utility":95,"ID":24}],[],[],[],[],[],[],[],[],[],[],[],[],[]],"STARTING COALITION: ":[[null],[{"utility":2,"ID":2},{"utility":39,"ID":11}],[{"utility":0,"ID":17}],[{"utility":36,"ID":21},{"utility":65,"ID":24}],[{"utility":69.66666666666667,"ID":10},{"utility":32.666666666666664,"ID":15},{"utility":46.666666666666664,"ID":16},{"utility":29.666666666666668,"ID":19}],[{"utility":0,"ID":29}],[{"utility":95,"ID":20},{"utility":16,"ID":23}],[{"utility":37,"ID":4},{"utility":55,"ID":6}],[],[{"utility":5,"ID":9},{"utility":76,"ID":30}],[{"utility":15.5,"ID":7},{"utility":23,"ID":26},{"utility":59,"ID":28}],[{"utility":91,"ID":1},{"utility":18,"ID":18}],[],[{"utility":0,"ID":8}],[{"utility":87,"ID":13},{"utility":54,"ID":25}],[{"utility":30.5,"ID":5},{"utility":63,"ID":14},{"utility":15.5,"ID":22}],[{"utility":81.5,"ID":3},{"utility":49.5,"ID":12},{"utility":10,"ID":27}],[],[],[],[],[],[],[],[],[],[],[],[],[],[]],"CORE :":false,"Relazioni :":870,"Time : ":0.1,"LAST PARTITION":{"22":8,"23":10,"24":17,"25":3,"26":14,"27":9,"28":4,"29":10,"30":15,"10":11,"11":4,"12":6,"13":11,"14":1,"15":8,"16":7,"17":5,"18":4,"19":14,"1":15,"2":12,"3":2,"4":17,"5":16,"6":16,"7":7,"8":6,"9":9,"20":5,"21":12}},{"Modalità dinamica :":true,"Q : ":7,"STARTING PARTITION: ":{"22":15,"23":6,"24":3,"25":14,"26":10,"27":16,"28":10,"29":5,"30":9,"10":4,"11":1,"12":16,"13":14,"14":15,"15":4,"16":4,"17":2,"18":11,"19":4,"1":11,"2":1,"3":16,"4":7,"5":15,"6":7,"7":10,"8":13,"9":9,"20":6,"21":3},"LAST COALITION":[[],[{"utility":0,"ID":6}],[{"utility":100,"ID":23},{"utility":55,"ID":28}],[{"utility":96,"ID":7},{"utility":99,"ID":16}],[{"utility":0,"ID":27}],[{"utility":96,"ID":3},{"utility":56,"ID":9}],[{"utility":44.5,"ID":10},{"utility":62,"ID":22},{"utility":49.5,"ID":29}],[{"utility":0,"ID":4}],[{"utility":78,"ID":14},{"utility":99,"ID":18}],[{"utility":87,"ID":1},{"utility":93,"ID":5}],[{"utility":95,"ID":24},{"utility":58,"ID":30}],[{"utility":91,"ID":15},{"utility":82,"ID":17}],[{"utility":91,"ID":21},{"utility":82,"ID":25}],[],[{"utility":96,"ID":2},{"utility":75,"ID":20}],[{"utility":92,"ID":19},{"utility":93,"ID":26}],[],[{"utility":56,"ID":11},{"utility":88,"ID":13}],[{"utility":96,"ID":8},{"utility":99,"ID":12}],[],[],[],[],[],[],[],[],[],[],[],[]],"STARTING COALITION: ":[[null],[{"utility":2,"ID":2},{"utility":39,"ID":11}],[{"utility":0,"ID":17}],[{"utility":36,"ID":21},{"utility":65,"ID":24}],[{"utility":69.66666666666667,"ID":10},{"utility":32.666666666666664,"ID":15},{"utility":46.666666666666664,"ID":16},{"utility":29.666666666666668,"ID":19}],[{"utility":0,"ID":29}],[{"utility":95,"ID":20},{"utility":16,"ID":23}],[{"utility":37,"ID":4},{"utility":55,"ID":6}],[],[{"utility":5,"ID":9},{"utility":76,"ID":30}],[{"utility":15.5,"ID":7},{"utility":23,"ID":26},{"utility":59,"ID":28}],[{"utility":91,"ID":1},{"utility":18,"ID":18}],[],[{"utility":0,"ID":8}],[{"utility":87,"ID":13},{"utility":54,"ID":25}],[{"utility":30.5,"ID":5},{"utility":63,"ID":14},{"utility":15.5,"ID":22}],[{"utility":81.5,"ID":3},{"utility":49.5,"ID":12},{"utility":10,"ID":27}],[],[],[],[],[],[],[],[],[],[],[],[],[],[]],"CORE :":false,"Relazioni :":870,"Time : ":0.2,"LAST PARTITION":{"22":6,"23":2,"24":10,"25":12,"26":15,"27":4,"28":2,"29":6,"30":10,"10":6,"11":17,"12":18,"13":17,"14":8,"15":11,"16":3,"17":11,"18":8,"19":15,"1":9,"2":14,"3":5,"4":7,"5":9,"6":1,"7":3,"8":18,"9":5,"20":14,"21":12}},{"Modalità dinamica :":true,"Q : ":8,"STARTING PARTITION: ":{"22":15,"23":6,"24":3,"25":14,"26":10,"27":16,"28":10,"29":5,"30":9,"10":4,"11":1,"12":16,"13":14,"14":15,"15":4,"16":4,"17":2,"18":11,"19":4,"1":11,"2":1,"3":16,"4":7,"5":15,"6":7,"7":10,"8":13,"9":9,"20":6,"21":3},"LAST COALITION":[[],[{"utility":68,"ID":9},{"utility":48,"ID":24}],[{"utility":90,"ID":10},{"utility":96,"ID":13}],[],[{"utility":80,"ID":22},{"utility":10,"ID":29}],[{"utility":0,"ID":3}],[{"utility":100,"ID":23},{"utility":55,"ID":28}],[{"utility":0,"ID":11}],[{"utility":93,"ID":2},{"utility":60,"ID":5}],[{"utility":92,"ID":4},{"utility":69,"ID":17}],[{"utility":96,"ID":7},{"utility":99,"ID":16}],[{"utility":78,"ID":14},{"utility":99,"ID":18}],[{"utility":72,"ID":25},{"utility":72,"ID":27}],[{"utility":98,"ID":1},{"utility":99,"ID":30}],[{"utility":92,"ID":19},{"utility":93,"ID":26}],[{"utility":96,"ID":8},{"utility":99,"ID":12}],[],[{"utility":86,"ID":15},{"utility":82,"ID":20}],[{"utility":0,"ID":21}],[{"utility":0,"ID":6}],[],[],[],[],[],[],[],[],[],[],[]],"STARTING COALITION: ":[[null],[{"utility":2,"ID":2},{"utility":39,"ID":11}],[{"utility":0,"ID":17}],[{"utility":36,"ID":21},{"utility":65,"ID":24}],[{"utility":69.66666666666667,"ID":10},{"utility":32.666666666666664,"ID":15},{"utility":46.666666666666664,"ID":16},{"utility":29.666666666666668,"ID":19}],[{"utility":0,"ID":29}],[{"utility":95,"ID":20},{"utility":16,"ID":23}],[{"utility":37,"ID":4},{"utility":55,"ID":6}],[],[{"utility":5,"ID":9},{"utility":76,"ID":30}],[{"utility":15.5,"ID":7},{"utility":23,"ID":26},{"utility":59,"ID":28}],[{"utility":91,"ID":1},{"utility":18,"ID":18}],[],[{"utility":0,"ID":8}],[{"utility":87,"ID":13},{"utility":54,"ID":25}],[{"utility":30.5,"ID":5},{"utility":63,"ID":14},{"utility":15.5,"ID":22}],[{"utility":81.5,"ID":3},{"utility":49.5,"ID":12},{"utility":10,"ID":27}],[],[],[],[],[],[],[],[],[],[],[],[],[],[]],"CORE :":false,"Relazioni :":870,"Time : ":0.1,"LAST PARTITION":{"22":4,"23":6,"24":1,"25":12,"26":14,"27":12,"28":6,"29":4,"30":13,"10":2,"11":7,"12":15,"13":2,"14":11,"15":17,"16":10,"17":9,"18":11,"19":14,"1":13,"2":8,"3":5,"4":9,"5":8,"6":19,"7":10,"8":15,"9":1,"20":17,"21":18}},{"Modalità dinamica :":true,"Q : ":8,"STARTING PARTITION: ":{"22":15,"23":6,"24":3,"25":14,"26":10,"27":16,"28":10,"29":5,"30":9,"10":4,"11":1,"12":16,"13":14,"14":15,"15":4,"16":4,"17":2,"18":11,"19":4,"1":11,"2":1,"3":16,"4":7,"5":15,"6":7,"7":10,"8":13,"9":9,"20":6,"21":3},"LAST COALITION":[[],[{"utility":0,"ID":11}],[{"utility":46,"ID":6},{"utility":62,"ID":29}],[{"utility":77,"ID":9},{"utility":76,"ID":26}],[{"utility":0,"ID":2}],[{"utility":91,"ID":15},{"utility":82,"ID":17}],[{"utility":63.5,"ID":5},{"utility":51.5,"ID":19},{"utility":44.5,"ID":21}],[{"utility":96,"ID":8},{"utility":99,"ID":12}],[{"utility":78,"ID":14},{"utility":99,"ID":18}],[{"utility":89,"ID":3},{"utility":90,"ID":13}],[{"utility":96,"ID":7},{"utility":99,"ID":16}],[{"utility":86,"ID":4},{"utility":95,"ID":24}],[],[{"utility":72,"ID":20},{"utility":98,"ID":28}],[{"utility":59,"ID":22},{"utility":58,"ID":25}],[],[{"utility":78.5,"ID":1},{"utility":71.5,"ID":23},{"utility":87.5,"ID":30}],[],[{"utility":33,"ID":10},{"utility":93,"ID":27}],[],[],[],[],[],[],[],[],[],[],[],[]],"STARTING COALITION: ":[[null],[{"utility":2,"ID":2},{"utility":39,"ID":11}],[{"utility":0,"ID":17}],[{"utility":36,"ID":21},{"utility":65,"ID":24}],[{"utility":69.66666666666667,"ID":10},{"utility":32.666666666666664,"ID":15},{"utility":46.666666666666664,"ID":16},{"utility":29.666666666666668,"ID":19}],[{"utility":0,"ID":29}],[{"utility":95,"ID":20},{"utility":16,"ID":23}],[{"utility":37,"ID":4},{"utility":55,"ID":6}],[],[{"utility":5,"ID":9},{"utility":76,"ID":30}],[{"utility":15.5,"ID":7},{"utility":23,"ID":26},{"utility":59,"ID":28}],[{"utility":91,"ID":1},{"utility":18,"ID":18}],[],[{"utility":0,"ID":8}],[{"utility":87,"ID":13},{"utility":54,"ID":25}],[{"utility":30.5,"ID":5},{"utility":63,"ID":14},{"utility":15.5,"ID":22}],[{"utility":81.5,"ID":3},{"utility":49.5,"ID":12},{"utility":10,"ID":27}],[],[],[],[],[],[],[],[],[],[],[],[],[],[]],"CORE :":false,"Relazioni :":870,"Time : ":0.2,"LAST PARTITION":{"22":14,"23":16,"24":11,"25":14,"26":3,"27":18,"28":13,"29":2,"30":16,"10":18,"11":1,"12":7,"13":9,"14":8,"15":5,"16":10,"17":5,"18":8,"19":6,"1":16,"2":4,"3":9,"4":11,"5":6,"6":2,"7":10,"8":7,"9":3,"20":13,"21":6}},{"Modalità dinamica :":true,"Q : ":9,"STARTING PARTITION: ":{"22":15,"23":6,"24":3,"25":14,"26":10,"27":16,"28":10,"29":5,"30":9,"10":4,"11":1,"12":16,"13":14,"14":15,"15":4,"16":4,"17":2,"18":11,"19":4,"1":11,"2":1,"3":16,"4":7,"5":15,"6":7,"7":10,"8":13,"9":9,"20":6,"21":3},"LAST COALITION":[[],[{"utility":43,"ID":18},{"utility":95,"ID":28}],[{"utility":0,"ID":29}],[{"utility":71,"ID":21},{"utility":95,"ID":27}],[{"utility":96,"ID":7},{"utility":99,"ID":16}],[{"utility":80,"ID":3},{"utility":100,"ID":10}],[{"utility":90,"ID":5},{"utility":93,"ID":6}],[{"utility":0,"ID":13}],[{"utility":96,"ID":8},{"utility":99,"ID":12}],[{"utility":91,"ID":15},{"utility":82,"ID":17}],[{"utility":0,"ID":20}],[{"utility":77,"ID":9},{"utility":76,"ID":26}],[{"utility":0,"ID":23}],[{"utility":99,"ID":1},{"utility":25,"ID":14}],[{"utility":71,"ID":2},{"utility":96,"ID":19}],[{"utility":88,"ID":25},{"utility":66,"ID":30}],[{"utility":68,"ID":11},{"utility":78,"ID":22}],[],[{"utility":86,"ID":4},{"utility":95,"ID":24}],[],[],[],[],[],[],[],[],[],[],[],[]],"STARTING COALITION: ":[[null],[{"utility":2,"ID":2},{"utility":39,"ID":11}],[{"utility":0,"ID":17}],[{"utility":36,"ID":21},{"utility":65,"ID":24}],[{"utility":69.66666666666667,"ID":10},{"utility":32.666666666666664,"ID":15},{"utility":46.666666666666664,"ID":16},{"utility":29.666666666666668,"ID":19}],[{"utility":0,"ID":29}],[{"utility":95,"ID":20},{"utility":16,"ID":23}],[{"utility":37,"ID":4},{"utility":55,"ID":6}],[],[{"utility":5,"ID":9},{"utility":76,"ID":30}],[{"utility":15.5,"ID":7},{"utility":23,"ID":26},{"utility":59,"ID":28}],[{"utility":91,"ID":1},{"utility":18,"ID":18}],[],[{"utility":0,"ID":8}],[{"utility":87,"ID":13},{"utility":54,"ID":25}],[{"utility":30.5,"ID":5},{"utility":63,"ID":14},{"utility":15.5,"ID":22}],[{"utility":81.5,"ID":3},{"utility":49.5,"ID":12},{"utility":10,"ID":27}],[],[],[],[],[],[],[],[],[],[],[],[],[],[]],"CORE :":false,"Relazioni :":870,"Time : ":0.1,"LAST PARTITION":{"22":16,"23":12,"24":18,"25":15,"26":11,"27":3,"28":1,"29":2,"30":15,"10":5,"11":16,"12":8,"13":7,"14":13,"15":9,"16":4,"17":9,"18":1,"19":14,"1":13,"2":14,"3":5,"4":18,"5":6,"6":6,"7":4,"8":8,"9":11,"20":10,"21":3}},{"Modalità dinamica :":true,"Q : ":9,"STARTING PARTITION: ":{"22":15,"23":6,"24":3,"25":14,"26":10,"27":16,"28":10,"29":5,"30":9,"10":4,"11":1,"12":16,"13":14,"14":15,"15":4,"16":4,"17":2,"18":11,"19":4,"1":11,"2":1,"3":16,"4":7,"5":15,"6":7,"7":10,"8":13,"9":9,"20":6,"21":3},"LAST COALITION":[[],[{"utility":100,"ID":23},{"utility":55,"ID":28}],[{"utility":91,"ID":21},{"utility":82,"ID":25}],[{"utility":4,"ID":13},{"utility":94,"ID":14}],[{"utility":83,"ID":2},{"utility":91,"ID":9}],[{"utility":84,"ID":3},{"utility":83,"ID":29}],[{"utility":90,"ID":5},{"utility":93,"ID":6}],[{"utility":86,"ID":15},{"utility":82,"ID":20}],[{"utility":96,"ID":8},{"utility":99,"ID":12}],[{"utility":96,"ID":7},{"utility":99,"ID":16}],[{"utility":97,"ID":10},{"utility":51,"ID":24}],[],[],[{"utility":0,"ID":4}],[{"utility":68,"ID":11},{"utility":78,"ID":22}],[{"utility":61,"ID":26},{"utility":86,"ID":27}],[{"utility":0,"ID":18}],[{"utility":77,"ID":17},{"utility":9,"ID":19}],[{"utility":98,"ID":1},{"utility":99,"ID":30}],[],[],[],[],[],[],[],[],[],[],[],[]],"STARTING COALITION: ":[[null],[{"utility":2,"ID":2},{"utility":39,"ID":11}],[{"utility":0,"ID":17}],[{"utility":36,"ID":21},{"utility":65,"ID":24}],[{"utility":69.66666666666667,"ID":10},{"utility":32.666666666666664,"ID":15},{"utility":46.666666666666664,"ID":16},{"utility":29.666666666666668,"ID":19}],[{"utility":0,"ID":29}],[{"utility":95,"ID":20},{"utility":16,"ID":23}],[{"utility":37,"ID":4},{"utility":55,"ID":6}],[],[{"utility":5,"ID":9},{"utility":76,"ID":30}],[{"utility":15.5,"ID":7},{"utility":23,"ID":26},{"utility":59,"ID":28}],[{"utility":91,"ID":1},{"utility":18,"ID":18}],[],[{"utility":0,"ID":8}],[{"utility":87,"ID":13},{"utility":54,"ID":25}],[{"utility":30.5,"ID":5},{"utility":63,"ID":14},{"utility":15.5,"ID":22}],[{"utility":81.5,"ID":3},{"utility":49.5,"ID":12},{"utility":10,"ID":27}],[],[],[],[],[],[],[],[],[],[],[],[],[],[]],"CORE :":false,"Relazioni :":870,"Time : ":0.2,"LAST PARTITION":{"22":14,"23":1,"24":10,"25":2,"26":15,"27":15,"28":1,"29":5,"30":18,"10":10,"11":14,"12":8,"13":3,"14":3,"15":7,"16":9,"17":17,"18":16,"19":17,"1":18,"2":4,"3":5,"4":13,"5":6,"6":6,"7":9,"8":8,"9":4,"20":7,"21":2}},{"Modalità dinamica :":true,"Q : ":10,"STARTING PARTITION: ":{"22":15,"23":6,"24":3,"25":14,"26":10,"27":16,"28":10,"29":5,"30":9,"10":4,"11":1,"12":16,"13":14,"14":15,"15":4,"16":4,"17":2,"18":11,"19":4,"1":11,"2":1,"3":16,"4":7,"5":15,"6":7,"7":10,"8":13,"9":9,"20":6,"21":3},"LAST COALITION":[[],[{"utility":73,"ID":13},{"utility":52,"ID":18}],[{"utility":57,"ID":6},{"utility":48,"ID":23}],[{"utility":0,"ID":27}],[{"utility":68,"ID":11},{"utility":78,"ID":22}],[{"utility":0,"ID":4}],[{"utility":83,"ID":2},{"utility":91,"ID":9}],[{"utility":96,"ID":8},{"utility":99,"ID":12}],[{"utility":96,"ID":7},{"utility":99,"ID":16}],[{"utility":0,"ID":14}],[{"utility":98,"ID":1},{"utility":99,"ID":30}],[{"utility":0,"ID":19}],[{"utility":0,"ID":24}],[{"utility":80,"ID":3},{"utility":100,"ID":10}],[{"utility":91,"ID":15},{"utility":82,"ID":17}],[{"utility":0,"ID":5}],[{"utility":72,"ID":20},{"utility":98,"ID":28}],[{"utility":0,"ID":25}],[{"utility":0,"ID":29}],[{"utility":73,"ID":21},{"utility":66,"ID":26}],[],[],[],[],[],[],[],[],[],[],[]],"STARTING COALITION: ":[[null],[{"utility":2,"ID":2},{"utility":39,"ID":11}],[{"utility":0,"ID":17}],[{"utility":36,"ID":21},{"utility":65,"ID":24}],[{"utility":69.66666666666667,"ID":10},{"utility":32.666666666666664,"ID":15},{"utility":46.666666666666664,"ID":16},{"utility":29.666666666666668,"ID":19}],[{"utility":0,"ID":29}],[{"utility":95,"ID":20},{"utility":16,"ID":23}],[{"utility":37,"ID":4},{"utility":55,"ID":6}],[],[{"utility":5,"ID":9},{"utility":76,"ID":30}],[{"utility":15.5,"ID":7},{"utility":23,"ID":26},{"utility":59,"ID":28}],[{"utility":91,"ID":1},{"utility":18,"ID":18}],[],[{"utility":0,"ID":8}],[{"utility":87,"ID":13},{"utility":54,"ID":25}],[{"utility":30.5,"ID":5},{"utility":63,"ID":14},{"utility":15.5,"ID":22}],[{"utility":81.5,"ID":3},{"utility":49.5,"ID":12},{"utility":10,"ID":27}],[],[],[],[],[],[],[],[],[],[],[],[],[],[]],"CORE :":false,"Relazioni :":870,"Time : ":0.1,"LAST PARTITION":{"22":4,"23":2,"24":12,"25":17,"26":19,"27":3,"28":16,"29":18,"30":10,"10":13,"11":4,"12":7,"13":1,"14":9,"15":14,"16":8,"17":14,"18":1,"19":11,"1":10,"2":6,"3":13,"4":5,"5":15,"6":2,"7":8,"8":7,"9":6,"20":16,"21":19}},{"Modalità dinamica :":true,"Q : ":10,"STARTING PARTITION: ":{"22":15,"23":6,"24":3,"25":14,"26":10,"27":16,"28":10,"29":5,"30":9,"10":4,"11":1,"12":16,"13":14,"14":15,"15":4,"16":4,"17":2,"18":11,"19":4,"1":11,"2":1,"3":16,"4":7,"5":15,"6":7,"7":10,"8":13,"9":9,"20":6,"21":3},"LAST COALITION":[[],[{"utility":68,"ID":11},{"utility":78,"ID":22}],[{"utility":96,"ID":7},{"utility":99,"ID":16}],[{"utility":87,"ID":1},{"utility":93,"ID":5}],[{"utility":0,"ID":3}],[{"utility":96,"ID":8},{"utility":99,"ID":12}],[],[{"utility":0,"ID":6}],[{"utility":78,"ID":14},{"utility":99,"ID":18}],[{"utility":86,"ID":4},{"utility":95,"ID":24}],[{"utility":84,"ID":19},{"utility":63,"ID":23}],[],[{"utility":0,"ID":21}],[{"utility":0,"ID":9}],[{"utility":90,"ID":10},{"utility":96,"ID":13}],[{"utility":61,"ID":26},{"utility":86,"ID":27}],[{"utility":90,"ID":17},{"utility":84,"ID":30}],[{"utility":81,"ID":25},{"utility":77,"ID":29}],[{"utility":86,"ID":15},{"utility":82,"ID":20}],[{"utility":43,"ID":2},{"utility":80,"ID":28}],[],[],[],[],[],[],[],[],[],[],[]],"STARTING COALITION: ":[[null],[{"utility":2,"ID":2},{"utility":39,"ID":11}],[{"utility":0,"ID":17}],[{"utility":36,"ID":21},{"utility":65,"ID":24}],[{"utility":69.66666666666667,"ID":10},{"utility":32.666666666666664,"ID":15},{"utility":46.666666666666664,"ID":16},{"utility":29.666666666666668,"ID":19}],[{"utility":0,"ID":29}],[{"utility":95,"ID":20},{"utility":16,"ID":23}],[{"utility":37,"ID":4},{"utility":55,"ID":6}],[],[{"utility":5,"ID":9},{"utility":76,"ID":30}],[{"utility":15.5,"ID":7},{"utility":23,"ID":26},{"utility":59,"ID":28}],[{"utility":91,"ID":1},{"utility":18,"ID":18}],[],[{"utility":0,"ID":8}],[{"utility":87,"ID":13},{"utility":54,"ID":25}],[{"utility":30.5,"ID":5},{"utility":63,"ID":14},{"utility":15.5,"ID":22}],[{"utility":81.5,"ID":3},{"utility":49.5,"ID":12},{"utility":10,"ID":27}],[],[],[],[],[],[],[],[],[],[],[],[],[],[]],"CORE :":false,"Relazioni :":870,"Time : ":0.2,"LAST PARTITION":{"22":1,"23":10,"24":9,"25":17,"26":15,"27":15,"28":19,"29":17,"30":16,"10":14,"11":1,"12":5,"13":14,"14":8,"15":18,"16":2,"17":16,"18":8,"19":10,"1":3,"2":19,"3":4,"4":9,"5":3,"6":7,"7":2,"8":5,"9":13,"20":18,"21":12}},{"END OF FILE:" : true}]