[{"Modalità dinamica :":false,"Q : ":10,"STARTING PARTITION: ":{"22":12,"23":3,"24":16,"25":1,"26":3,"27":5,"28":8,"29":13,"30":4,"10":8,"11":4,"12":13,"13":10,"14":15,"15":4,"16":6,"17":14,"18":10,"19":3,"1":5,"2":13,"3":15,"4":9,"5":1,"6":3,"7":12,"8":2,"9":9,"20":14,"21":15},"LAST COALITION":[[],[{"utility":23.333333333333332,"ID":2},{"utility":26.666666666666668,"ID":22},{"utility":9,"ID":24},{"utility":24,"ID":11}],[{"utility":9,"ID":16},{"utility":20.5,"ID":19},{"utility":50,"ID":9}],[{"utility":0,"ID":6}],[{"utility":0,"ID":30}],[{"utility":0,"ID":1},{"utility":0,"ID":27}],[{"utility":95,"ID":13},{"utility":59,"ID":15}],[],[{"utility":41,"ID":25},{"utility":0,"ID":28}],[{"utility":0,"ID":4}],[{"utility":0,"ID":18}],[{"utility":43,"ID":20},{"utility":48,"ID":23},{"utility":37.5,"ID":29}],[{"utility":0,"ID":7}],[{"utility":0,"ID":12}],[{"utility":0,"ID":3}],[{"utility":0,"ID":14},{"utility":0,"ID":21}],[],[{"utility":0,"ID":17},{"utility":68,"ID":10}],[{"utility":3.5,"ID":5},{"utility":19.5,"ID":8},{"utility":42,"ID":26}],[],[],[],[],[],[],[],[],[],[],[],[]],"STARTING COALITION: ":[[null],[{"utility":0,"ID":5},{"utility":0,"ID":25}],[{"utility":0,"ID":8}],[{"utility":0,"ID":6},{"utility":0,"ID":19},{"utility":0,"ID":23},{"utility":6,"ID":26}],[{"utility":0,"ID":11},{"utility":0,"ID":15},{"utility":0,"ID":30}],[{"utility":0,"ID":1},{"utility":0,"ID":27}],[{"utility":0,"ID":16}],[],[{"utility":0,"ID":10},{"utility":0,"ID":28}],[{"utility":0,"ID":4},{"utility":0,"ID":9}],[{"utility":0,"ID":13},{"utility":0,"ID":18}],[],[{"utility":0,"ID":7},{"utility":0,"ID":22}],[{"utility":2,"ID":2},{"utility":0,"ID":12},{"utility":50,"ID":29}],[{"utility":0,"ID":17},{"utility":33,"ID":20}],[{"utility":0,"ID":3},{"utility":0,"ID":14},{"utility":0,"ID":21}],[{"utility":0,"ID":24}],[],[],[],[],[],[],[],[],[],[],[],[],[],[]],"CORE :":true,"Relazioni :":70,"Time : ":0.1,"LAST PARTITION":{"22":1,"23":11,"24":1,"25":8,"26":18,"27":5,"28":8,"29":11,"30":4,"10":17,"11":1,"12":13,"13":6,"14":15,"15":6,"16":2,"17":17,"18":10,"19":2,"1":5,"2":1,"3":14,"4":9,"5":18,"6":3,"7":12,"8":18,"9":2,"20":11,"21":15}},