[{"Modalità dinamica :":false,"Q : ":2,"STARTING PARTITION: ":{"1":3,"2":3,"3":3,"4":3},"LAST COALITION":[[],[{"utility":82,"ID":2},{"utility":72,"ID":3}],[],[{"utility":16,"ID":1},{"utility":45,"ID":4}],[]],"STARTING COALITION: ":[[null],[],[],[{"utility":40.666666666666664,"ID":1},{"utility":57,"ID":2},{"utility":29.333333333333332,"ID":3},{"utility":48,"ID":4}],[]],"CORE :":true,"Relazioni :":11,"Time : ":0.1,"LAST PARTITION":{"1":3,"2":1,"3":1,"4":3}},{"Modalità dinamica :":false,"Q : ":2,"STARTING PARTITION: ":{"1":3,"2":3,"3":3,"4":3},"LAST COALITION":[[],[{"utility":82,"ID":2},{"utility":72,"ID":3}],[],[{"utility":16,"ID":1},{"utility":45,"ID":4}],[]],"STARTING COALITION: ":[[null],[],[],[{"utility":40.666666666666664,"ID":1},{"utility":57,"ID":2},{"utility":29.333333333333332,"ID":3},{"utility":48,"ID":4}],[]],"CORE :":true,"Relazioni :":11,"Time : ":0.2,"LAST PARTITION":{"1":3,"2":1,"3":1,"4":3}},{"Modalità dinamica :":false,"Q : ":3,"STARTING PARTITION: ":{"1":3,"2":3,"3":3,"4":3},"LAST COALITION":[[],[{"utility":82,"ID":2},{"utility":72,"ID":3}],[],[{"utility":16,"ID":1},{"utility":45,"ID":4}],[]],"STARTING COALITION: ":[[null],[],[],[{"utility":40.666666666666664,"ID":1},{"utility":57,"ID":2},{"utility":29.333333333333332,"ID":3},{"utility":48,"ID":4}],[]],"CORE :":true,"Relazioni :":11,"Time : ":0.1,"LAST PARTITION":{"1":3,"2":1,"3":1,"4":3}},{"Modalità dinamica :":false,"Q : ":3,"STARTING PARTITION: ":{"1":3,"2":3,"3":3,"4":3},"LAST COALITION":[[],[{"utility":82,"ID":2},{"utility":72,"ID":3}],[],[{"utility":16,"ID":1},{"utility":45,"ID":4}],[]],"STARTING COALITION: ":[[null],[],[],[{"utility":40.666666666666664,"ID":1},{"utility":57,"ID":2},{"utility":29.333333333333332,"ID":3},{"utility":48,"ID":4}],[]],"CORE :":true,"Relazioni :":11,"Time : ":0.2,"LAST PARTITION":{"1":3,"2":1,"3":1,"4":3}},{"Modalità dinamica :":true,"Q : ":2,"STARTING PARTITION: ":{"1":3,"2":3,"3":3,"4":3},"LAST COALITION":[[],[{"utility":82,"ID":2},{"utility":72,"ID":3}],[],[{"utility":16,"ID":1},{"utility":45,"ID":4}],[]],"STARTING COALITION: ":[[null],[],[],[{"utility":40.666666666666664,"ID":1},{"utility":57,"ID":2},{"utility":29.333333333333332,"ID":3},{"utility":48,"ID":4}],[]],"CORE :":true,"Relazioni :":11,"Time : ":0.1,"LAST PARTITION":{"1":3,"2":1,"3":1,"4":3}},{"Modalità dinamica :":true,"Q : ":2,"STARTING PARTITION: ":{"1":3,"2":3,"3":3,"4":3},"LAST COALITION":[[],[{"utility":82,"ID":2},{"utility":72,"ID":3}],[],[{"utility":16,"ID":1},{"utility":45,"ID":4}],[]],"STARTING COALITION: ":[[null],[],[],[{"utility":40.666666666666664,"ID":1},{"utility":57,"ID":2},{"utility":29.333333333333332,"ID":3},{"utility":48,"ID":4}],[]],"CORE :":true,"Relazioni :":11,"Time : ":0.2,"LAST PARTITION":{"1":3,"2":1,"3":1,"4":3}},{"Modalità dinamica :":true,"Q : ":3,"STARTING PARTITION: ":{"1":3,"2":3,"3":3,"4":3},"LAST COALITION":[[],[{"utility":53,"ID":1},{"utility":82,"ID":2},{"utility":41.5,"ID":3}],[],[{"utility":0,"ID":4}],[]],"STARTING COALITION: ":[[null],[],[],[{"utility":40.666666666666664,"ID":1},{"utility":57,"ID":2},{"utility":29.333333333333332,"ID":3},{"utility":48,"ID":4}],[]],"CORE :":true,"Relazioni :":11,"Time : ":0.1,"LAST PARTITION":{"1":1,"2":1,"3":1,"4":3}},{"Modalità dinamica :":true,"Q : ":3,"STARTING PARTITION: ":{"1":3,"2":3,"3":3,"4":3},"LAST COALITION":[[],[{"utility":53,"ID":1},{"utility":82,"ID":2},{"utility":41.5,"ID":3}],[],[{"utility":0,"ID":4}],[]],"STARTING COALITION: ":[[null],[],[],[{"utility":40.666666666666664,"ID":1},{"utility":57,"ID":2},{"utility":29.333333333333332,"ID":3},{"utility":48,"ID":4}],[]],"CORE :":true,"Relazioni :":11,"Time : ":0.2,"LAST PARTITION":{"1":1,"2":1,"3":1,"4":3}},{"END OF FILE:" : true}]