[{"Modalità dinamica :":false,"Q : ":2,"STARTING PARTITION: ":{"22":15,"23":15,"24":9,"25":2,"26":6,"27":8,"28":12,"29":4,"30":6,"10":14,"11":6,"12":1,"13":9,"14":11,"15":15,"16":1,"17":3,"18":4,"19":8,"1":8,"2":10,"3":9,"4":2,"5":7,"6":15,"7":14,"8":6,"9":12,"20":9,"21":2},"LAST COALITION":[[],[{"utility":97,"ID":8},{"utility":99,"ID":9}],[{"utility":0,"ID":25}],[{"utility":96,"ID":1},{"utility":81,"ID":22}],[{"utility":0,"ID":29}],[{"utility":91,"ID":6},{"utility":80,"ID":12}],[{"utility":9,"ID":26},{"utility":26,"ID":30}],[],[{"utility":86,"ID":19},{"utility":76,"ID":27}],[{"utility":86,"ID":20},{"utility":16,"ID":24}],[{"utility":94,"ID":7},{"utility":84,"ID":18}],[{"utility":95,"ID":11},{"utility":6,"ID":13}],[{"utility":0,"ID":28}],[{"utility":0,"ID":3}],[{"utility":88,"ID":10},{"utility":84,"ID":17}],[{"utility":0,"ID":15}],[{"utility":100,"ID":5},{"utility":29,"ID":21}],[{"utility":0,"ID":23}],[{"utility":97,"ID":4},{"utility":71,"ID":16}],[{"utility":81,"ID":2},{"utility":54,"ID":14}],[],[],[],[],[],[],[],[],[],[],[]],"STARTING COALITION: ":[[null],[{"utility":4,"ID":12},{"utility":53,"ID":16}],[{"utility":70.5,"ID":4},{"utility":37,"ID":21},{"utility":20.5,"ID":25}],[{"utility":0,"ID":17}],[{"utility":45,"ID":18},{"utility":75,"ID":29}],[],[{"utility":36,"ID":8},{"utility":30.666666666666668,"ID":11},{"utility":44.666666666666664,"ID":26},{"utility":36,"ID":30}],[{"utility":0,"ID":5}],[{"utility":67,"ID":1},{"utility":81.5,"ID":19},{"utility":86.5,"ID":27}],[{"utility":57.666666666666664,"ID":3},{"utility":30,"ID":13},{"utility":64,"ID":20},{"utility":24,"ID":24}],[{"utility":0,"ID":2}],[{"utility":0,"ID":14}],[{"utility":46,"ID":9},{"utility":67,"ID":28}],[],[{"utility":78,"ID":7},{"utility":74,"ID":10}],[{"utility":55,"ID":6},{"utility":41,"ID":15},{"utility":46,"ID":22},{"utility":33.333333333333336,"ID":23}],[],[],[],[],[],[],[],[],[],[],[],[],[],[],[]],"CORE :":false,"Relazioni :":770,"Time : ":0.2,"LAST PARTITION":{"22":3,"23":17,"24":9,"25":2,"26":6,"27":8,"28":12,"29":4,"30":6,"10":14,"11":11,"12":5,"13":11,"14":19,"15":15,"16":18,"17":14,"18":10,"19":8,"1":3,"2":19,"3":13,"4":18,"5":16,"6":5,"7":10,"8":1,"9":1,"20":9,"21":16}},{"Modalità dinamica :":false,"Q : ":2,"STARTING PARTITION: ":{"22":15,"23":15,"24":9,"25":2,"26":6,"27":8,"28":12,"29":4,"30":6,"10":14,"11":6,"12":1,"13":9,"14":11,"15":15,"16":1,"17":3,"18":4,"19":8,"1":8,"2":10,"3":9,"4":2,"5":7,"6":15,"7":14,"8":6,"9":12,"20":9,"21":2},"LAST COALITION":[[],[{"utility":97,"ID":8},{"utility":99,"ID":9}],[{"utility":0,"ID":25}],[{"utility":96,"ID":1},{"utility":81,"ID":22}],[{"utility":0,"ID":29}],[{"utility":91,"ID":6},{"utility":80,"ID":12}],[{"utility":9,"ID":26},{"utility":26,"ID":30}],[{"utility":60,"ID":3},{"utility":96,"ID":10}],[{"utility":86,"ID":19},{"utility":76,"ID":27}],[{"utility":86,"ID":20},{"utility":16,"ID":24}],[{"utility":94,"ID":7},{"utility":84,"ID":18}],[{"utility":95,"ID":11},{"utility":6,"ID":13}],[{"utility":0,"ID":28}],[{"utility":81,"ID":2},{"utility":54,"ID":14}],[{"utility":0,"ID":17}],[{"utility":0,"ID":15}],[{"utility":100,"ID":5},{"utility":29,"ID":21}],[],[{"utility":97,"ID":4},{"utility":71,"ID":16}],[{"utility":0,"ID":23}],[],[],[],[],[],[],[],[],[],[],[]],"STARTING COALITION: ":[[null],[{"utility":4,"ID":12},{"utility":53,"ID":16}],[{"utility":70.5,"ID":4},{"utility":37,"ID":21},{"utility":20.5,"ID":25}],[{"utility":0,"ID":17}],[{"utility":45,"ID":18},{"utility":75,"ID":29}],[],[{"utility":36,"ID":8},{"utility":30.666666666666668,"ID":11},{"utility":44.666666666666664,"ID":26},{"utility":36,"ID":30}],[{"utility":0,"ID":5}],[{"utility":67,"ID":1},{"utility":81.5,"ID":19},{"utility":86.5,"ID":27}],[{"utility":57.666666666666664,"ID":3},{"utility":30,"ID":13},{"utility":64,"ID":20},{"utility":24,"ID":24}],[{"utility":0,"ID":2}],[{"utility":0,"ID":14}],[{"utility":46,"ID":9},{"utility":67,"ID":28}],[],[{"utility":78,"ID":7},{"utility":74,"ID":10}],[{"utility":55,"ID":6},{"utility":41,"ID":15},{"utility":46,"ID":22},{"utility":33.333333333333336,"ID":23}],[],[],[],[],[],[],[],[],[],[],[],[],[],[],[]],"CORE :":false,"Relazioni :":770,"Time : ":0.4,"LAST PARTITION":{"22":3,"23":19,"24":9,"25":2,"26":6,"27":8,"28":12,"29":4,"30":6,"10":7,"11":11,"12":5,"13":11,"14":13,"15":15,"16":18,"17":14,"18":10,"19":8,"1":3,"2":13,"3":7,"4":18,"5":16,"6":5,"7":10,"8":1,"9":1,"20":9,"21":16}},{"Modalità dinamica :":false,"Q : ":3,"STARTING PARTITION: ":{"22":15,"23":15,"24":9,"25":2,"26":6,"27":8,"28":12,"29":4,"30":6,"10":14,"11":6,"12":1,"13":9,"14":11,"15":15,"16":1,"17":3,"18":4,"19":8,"1":8,"2":10,"3":9,"4":2,"5":7,"6":15,"7":14,"8":6,"9":12,"20":9,"21":2},"LAST COALITION":[[],[{"utility":97,"ID":8},{"utility":99,"ID":9}],[{"utility":0,"ID":25}],[{"utility":96,"ID":1},{"utility":81,"ID":22}],[{"utility":0,"ID":29}],[{"utility":91,"ID":6},{"utility":80,"ID":12}],[{"utility":9,"ID":26},{"utility":26,"ID":30}],[{"utility":88,"ID":10},{"utility":84,"ID":17}],[{"utility":86,"ID":19},{"utility":76,"ID":27}],[{"utility":86,"ID":20},{"utility":16,"ID":24}],[{"utility":94,"ID":7},{"utility":84,"ID":18}],[{"utility":95,"ID":11},{"utility":6,"ID":13}],[{"utility":0,"ID":28}],[{"utility":0,"ID":2}],[],[{"utility":0,"ID":15}],[{"utility":100,"ID":5},{"utility":29,"ID":21}],[{"utility":0,"ID":14}],[{"utility":97,"ID":4},{"utility":71,"ID":16}],[{"utility":81,"ID":3},{"utility":15,"ID":23}],[],[],[],[],[],[],[],[],[],[],[]],"STARTING COALITION: ":[[null],[{"utility":4,"ID":12},{"utility":53,"ID":16}],[{"utility":70.5,"ID":4},{"utility":37,"ID":21},{"utility":20.5,"ID":25}],[{"utility":0,"ID":17}],[{"utility":45,"ID":18},{"utility":75,"ID":29}],[],[{"utility":36,"ID":8},{"utility":30.666666666666668,"ID":11},{"utility":44.666666666666664,"ID":26},{"utility":36,"ID":30}],[{"utility":0,"ID":5}],[{"utility":67,"ID":1},{"utility":81.5,"ID":19},{"utility":86.5,"ID":27}],[{"utility":57.666666666666664,"ID":3},{"utility":30,"ID":13},{"utility":64,"ID":20},{"utility":24,"ID":24}],[{"utility":0,"ID":2}],[{"utility":0,"ID":14}],[{"utility":46,"ID":9},{"utility":67,"ID":28}],[],[{"utility":78,"ID":7},{"utility":74,"ID":10}],[{"utility":55,"ID":6},{"utility":41,"ID":15},{"utility":46,"ID":22},{"utility":33.333333333333336,"ID":23}],[],[],[],[],[],[],[],[],[],[],[],[],[],[],[]],"CORE :":false,"Relazioni :":770,"Time : ":0.2,"LAST PARTITION":{"22":3,"23":19,"24":9,"25":2,"26":6,"27":8,"28":12,"29":4,"30":6,"10":7,"11":11,"12":5,"13":11,"14":17,"15":15,"16":18,"17":7,"18":10,"19":8,"1":3,"2":13,"3":19,"4":18,"5":16,"6":5,"7":10,"8":1,"9":1,"20":9,"21":16}},{"Modalità dinamica :":false,"Q : ":3,"STARTING PARTITION: ":{"22":15,"23":15,"24":9,"25":2,"26":6,"27":8,"28":12,"29":4,"30":6,"10":14,"11":6,"12":1,"13":9,"14":11,"15":15,"16":1,"17":3,"18":4,"19":8,"1":8,"2":10,"3":9,"4":2,"5":7,"6":15,"7":14,"8":6,"9":12,"20":9,"21":2},"LAST COALITION":[[],[{"utility":97,"ID":8},{"utility":99,"ID":9}],[{"utility":0,"ID":25}],[{"utility":96,"ID":1},{"utility":81,"ID":22}],[{"utility":0,"ID":29}],[{"utility":91,"ID":6},{"utility":80,"ID":12}],[{"utility":9,"ID":26},{"utility":26,"ID":30}],[{"utility":88,"ID":10},{"utility":84,"ID":17}],[{"utility":86,"ID":19},{"utility":76,"ID":27}],[{"utility":86,"ID":20},{"utility":16,"ID":24}],[{"utility":94,"ID":7},{"utility":84,"ID":18}],[{"utility":0,"ID":11}],[{"utility":0,"ID":28}],[],[{"utility":0,"ID":13}],[{"utility":0,"ID":15}],[{"utility":100,"ID":5},{"utility":29,"ID":21}],[{"utility":81,"ID":3},{"utility":15,"ID":23}],[{"utility":97,"ID":4},{"utility":71,"ID":16}],[{"utility":81,"ID":2},{"utility":54,"ID":14}],[],[],[],[],[],[],[],[],[],[],[]],"STARTING COALITION: ":[[null],[{"utility":4,"ID":12},{"utility":53,"ID":16}],[{"utility":70.5,"ID":4},{"utility":37,"ID":21},{"utility":20.5,"ID":25}],[{"utility":0,"ID":17}],[{"utility":45,"ID":18},{"utility":75,"ID":29}],[],[{"utility":36,"ID":8},{"utility":30.666666666666668,"ID":11},{"utility":44.666666666666664,"ID":26},{"utility":36,"ID":30}],[{"utility":0,"ID":5}],[{"utility":67,"ID":1},{"utility":81.5,"ID":19},{"utility":86.5,"ID":27}],[{"utility":57.666666666666664,"ID":3},{"utility":30,"ID":13},{"utility":64,"ID":20},{"utility":24,"ID":24}],[{"utility":0,"ID":2}],[{"utility":0,"ID":14}],[{"utility":46,"ID":9},{"utility":67,"ID":28}],[],[{"utility":78,"ID":7},{"utility":74,"ID":10}],[{"utility":55,"ID":6},{"utility":41,"ID":15},{"utility":46,"ID":22},{"utility":33.333333333333336,"ID":23}],[],[],[],[],[],[],[],[],[],[],[],[],[],[],[]],"CORE :":false,"Relazioni :":770,"Time : ":0.4,"LAST PARTITION":{"22":3,"23":17,"24":9,"25":2,"26":6,"27":8,"28":12,"29":4,"30":6,"10":7,"11":11,"12":5,"13":14,"14":19,"15":15,"16":18,"17":7,"18":10,"19":8,"1":3,"2":19,"3":17,"4":18,"5":16,"6":5,"7":10,"8":1,"9":1,"20":9,"21":16}},{"Modalità dinamica :":false,"Q : ":4,"STARTING PARTITION: ":{"22":15,"23":15,"24":9,"25":2,"26":6,"27":8,"28":12,"29":4,"30":6,"10":14,"11":6,"12":1,"13":9,"14":11,"15":15,"16":1,"17":3,"18":4,"19":8,"1":8,"2":10,"3":9,"4":2,"5":7,"6":15,"7":14,"8":6,"9":12,"20":9,"21":2},"LAST COALITION":[[],[{"utility":97,"ID":8},{"utility":99,"ID":9}],[{"utility":0,"ID":25}],[{"utility":96,"ID":1},{"utility":81,"ID":22}],[{"utility":0,"ID":29}],[{"utility":91,"ID":6},{"utility":80,"ID":12}],[{"utility":9,"ID":26},{"utility":26,"ID":30}],[],[{"utility":86,"ID":19},{"utility":76,"ID":27}],[{"utility":86,"ID":20},{"utility":16,"ID":24}],[{"utility":84,"ID":18},{"utility":94,"ID":7}],[{"utility":95,"ID":11},{"utility":6,"ID":13}],[{"utility":0,"ID":28}],[{"utility":0,"ID":3}],[{"utility":84,"ID":17},{"utility":88,"ID":10}],[{"utility":0,"ID":15}],[{"utility":100,"ID":5},{"utility":29,"ID":21}],[{"utility":0,"ID":23}],[{"utility":71,"ID":16},{"utility":97,"ID":4}],[{"utility":81,"ID":2},{"utility":54,"ID":14}],[],[],[],[],[],[],[],[],[],[],[]],"STARTING COALITION: ":[[null],[{"utility":4,"ID":12},{"utility":53,"ID":16}],[{"utility":70.5,"ID":4},{"utility":37,"ID":21},{"utility":20.5,"ID":25}],[{"utility":0,"ID":17}],[{"utility":45,"ID":18},{"utility":75,"ID":29}],[],[{"utility":36,"ID":8},{"utility":30.666666666666668,"ID":11},{"utility":44.666666666666664,"ID":26},{"utility":36,"ID":30}],[{"utility":0,"ID":5}],[{"utility":67,"ID":1},{"utility":81.5,"ID":19},{"utility":86.5,"ID":27}],[{"utility":57.666666666666664,"ID":3},{"utility":30,"ID":13},{"utility":64,"ID":20},{"utility":24,"ID":24}],[{"utility":0,"ID":2}],[{"utility":0,"ID":14}],[{"utility":46,"ID":9},{"utility":67,"ID":28}],[],[{"utility":78,"ID":7},{"utility":74,"ID":10}],[{"utility":55,"ID":6},{"utility":41,"ID":15},{"utility":46,"ID":22},{"utility":33.333333333333336,"ID":23}],[],[],[],[],[],[],[],[],[],[],[],[],[],[],[]],"CORE :":false,"Relazioni :":770,"Time : ":0.2,"LAST PARTITION":{"22":3,"23":17,"24":9,"25":2,"26":6,"27":8,"28":12,"29":4,"30":6,"10":14,"11":11,"12":5,"13":11,"14":19,"15":15,"16":18,"17":14,"18":10,"19":8,"1":3,"2":19,"3":13,"4":18,"5":16,"6":5,"7":10,"8":1,"9":1,"20":9,"21":16}},{"Modalità dinamica :":false,"Q : ":4,"STARTING PARTITION: ":{"22":15,"23":15,"24":9,"25":2,"26":6,"27":8,"28":12,"29":4,"30":6,"10":14,"11":6,"12":1,"13":9,"14":11,"15":15,"16":1,"17":3,"18":4,"19":8,"1":8,"2":10,"3":9,"4":2,"5":7,"6":15,"7":14,"8":6,"9":12,"20":9,"21":2},"LAST COALITION":[[],[{"utility":97,"ID":8},{"utility":99,"ID":9}],[{"utility":0,"ID":25}],[{"utility":96,"ID":1},{"utility":81,"ID":22}],[{"utility":0,"ID":29}],[{"utility":91,"ID":6},{"utility":80,"ID":12}],[{"utility":9,"ID":26},{"utility":26,"ID":30}],[{"utility":84,"ID":17},{"utility":88,"ID":10}],[{"utility":86,"ID":19},{"utility":76,"ID":27}],[{"utility":86,"ID":20},{"utility":16,"ID":24}],[{"utility":84,"ID":18},{"utility":94,"ID":7}],[{"utility":95,"ID":11},{"utility":6,"ID":13}],[{"utility":0,"ID":28}],[{"utility":0,"ID":23}],[],[{"utility":0,"ID":15}],[{"utility":100,"ID":5},{"utility":29,"ID":21}],[{"utility":81,"ID":2},{"utility":54,"ID":14}],[{"utility":71,"ID":16},{"utility":97,"ID":4}],[{"utility":0,"ID":3}],[],[],[],[],[],[],[],[],[],[],[]],"STARTING COALITION: ":[[null],[{"utility":4,"ID":12},{"utility":53,"ID":16}],[{"utility":70.5,"ID":4},{"utility":37,"ID":21},{"utility":20.5,"ID":25}],[{"utility":0,"ID":17}],[{"utility":45,"ID":18},{"utility":75,"ID":29}],[],[{"utility":36,"ID":8},{"utility":30.666666666666668,"ID":11},{"utility":44.666666666666664,"ID":26},{"utility":36,"ID":30}],[{"utility":0,"ID":5}],[{"utility":67,"ID":1},{"utility":81.5,"ID":19},{"utility":86.5,"ID":27}],[{"utility":57.666666666666664,"ID":3},{"utility":30,"ID":13},{"utility":64,"ID":20},{"utility":24,"ID":24}],[{"utility":0,"ID":2}],[{"utility":0,"ID":14}],[{"utility":46,"ID":9},{"utility":67,"ID":28}],[],[{"utility":78,"ID":7},{"utility":74,"ID":10}],[{"utility":55,"ID":6},{"utility":41,"ID":15},{"utility":46,"ID":22},{"utility":33.333333333333336,"ID":23}],[],[],[],[],[],[],[],[],[],[],[],[],[],[],[]],"CORE :":false,"Relazioni :":770,"Time : ":0.4,"LAST PARTITION":{"22":3,"23":13,"24":9,"25":2,"26":6,"27":8,"28":12,"29":4,"30":6,"10":7,"11":11,"12":5,"13":11,"14":17,"15":15,"16":18,"17":7,"18":10,"19":8,"1":3,"2":17,"3":19,"4":18,"5":16,"6":5,"7":10,"8":1,"9":1,"20":9,"21":16}},{"Modalità dinamica :":false,"Q : ":5,"STARTING PARTITION: ":{"22":15,"23":15,"24":9,"25":2,"26":6,"27":8,"28":12,"29":4,"30":6,"10":14,"11":6,"12":1,"13":9,"14":11,"15":15,"16":1,"17":3,"18":4,"19":8,"1":8,"2":10,"3":9,"4":2,"5":7,"6":15,"7":14,"8":6,"9":12,"20":9,"21":2},"LAST COALITION":[[],[{"utility":97,"ID":8},{"utility":99,"ID":9}],[{"utility":0,"ID":25}],[{"utility":96,"ID":1},{"utility":81,"ID":22}],[{"utility":0,"ID":29}],[{"utility":91,"ID":6},{"utility":80,"ID":12}],[{"utility":9,"ID":26},{"utility":26,"ID":30}],[],[{"utility":86,"ID":19},{"utility":76,"ID":27}],[{"utility":86,"ID":20},{"utility":16,"ID":24}],[{"utility":84,"ID":18},{"utility":94,"ID":7}],[{"utility":95,"ID":11},{"utility":6,"ID":13}],[{"utility":0,"ID":28}],[{"utility":81,"ID":3},{"utility":15,"ID":23}],[{"utility":84,"ID":17},{"utility":88,"ID":10}],[{"utility":0,"ID":15}],[{"utility":100,"ID":5},{"utility":29,"ID":21}],[{"utility":0,"ID":2}],[{"utility":71,"ID":16},{"utility":97,"ID":4}],[{"utility":0,"ID":14}],[],[],[],[],[],[],[],[],[],[],[]],"STARTING COALITION: ":[[null],[{"utility":4,"ID":12},{"utility":53,"ID":16}],[{"utility":70.5,"ID":4},{"utility":37,"ID":21},{"utility":20.5,"ID":25}],[{"utility":0,"ID":17}],[{"utility":45,"ID":18},{"utility":75,"ID":29}],[],[{"utility":36,"ID":8},{"utility":30.666666666666668,"ID":11},{"utility":44.666666666666664,"ID":26},{"utility":36,"ID":30}],[{"utility":0,"ID":5}],[{"utility":67,"ID":1},{"utility":81.5,"ID":19},{"utility":86.5,"ID":27}],[{"utility":57.666666666666664,"ID":3},{"utility":30,"ID":13},{"utility":64,"ID":20},{"utility":24,"ID":24}],[{"utility":0,"ID":2}],[{"utility":0,"ID":14}],[{"utility":46,"ID":9},{"utility":67,"ID":28}],[],[{"utility":78,"ID":7},{"utility":74,"ID":10}],[{"utility":55,"ID":6},{"utility":41,"ID":15},{"utility":46,"ID":22},{"utility":33.333333333333336,"ID":23}],[],[],[],[],[],[],[],[],[],[],[],[],[],[],[]],"CORE :":false,"Relazioni :":770,"Time : ":0.2,"LAST PARTITION":{"22":3,"23":13,"24":9,"25":2,"26":6,"27":8,"28":12,"29":4,"30":6,"10":14,"11":11,"12":5,"13":11,"14":19,"15":15,"16":18,"17":14,"18":10,"19":8,"1":3,"2":17,"3":13,"4":18,"5":16,"6":5,"7":10,"8":1,"9":1,"20":9,"21":16}},{"Modalità dinamica :":false,"Q : ":5,"STARTING PARTITION: ":{"22":15,"23":15,"24":9,"25":2,"26":6,"27":8,"28":12,"29":4,"30":6,"10":14,"11":6,"12":1,"13":9,"14":11,"15":15,"16":1,"17":3,"18":4,"19":8,"1":8,"2":10,"3":9,"4":2,"5":7,"6":15,"7":14,"8":6,"9":12,"20":9,"21":2},"LAST COALITION":[[],[{"utility":97,"ID":8},{"utility":99,"ID":9}],[{"utility":0,"ID":25}],[{"utility":96,"ID":1},{"utility":81,"ID":22}],[{"utility":0,"ID":29}],[{"utility":91,"ID":6},{"utility":80,"ID":12}],[{"utility":9,"ID":26},{"utility":26,"ID":30}],[],[{"utility":86,"ID":19},{"utility":76,"ID":27}],[{"utility":86,"ID":20},{"utility":16,"ID":24}],[{"utility":84,"ID":18},{"utility":94,"ID":7}],[{"utility":95,"ID":11},{"utility":6,"ID":13}],[{"utility":0,"ID":28}],[{"utility":0,"ID":2}],[{"utility":84,"ID":17},{"utility":88,"ID":10}],[{"utility":0,"ID":15}],[{"utility":100,"ID":5},{"utility":29,"ID":21}],[{"utility":0,"ID":14}],[{"utility":71,"ID":16},{"utility":97,"ID":4}],[{"utility":81,"ID":3},{"utility":15,"ID":23}],[],[],[],[],[],[],[],[],[],[],[]],"STARTING COALITION: ":[[null],[{"utility":4,"ID":12},{"utility":53,"ID":16}],[{"utility":70.5,"ID":4},{"utility":37,"ID":21},{"utility":20.5,"ID":25}],[{"utility":0,"ID":17}],[{"utility":45,"ID":18},{"utility":75,"ID":29}],[],[{"utility":36,"ID":8},{"utility":30.666666666666668,"ID":11},{"utility":44.666666666666664,"ID":26},{"utility":36,"ID":30}],[{"utility":0,"ID":5}],[{"utility":67,"ID":1},{"utility":81.5,"ID":19},{"utility":86.5,"ID":27}],[{"utility":57.666666666666664,"ID":3},{"utility":30,"ID":13},{"utility":64,"ID":20},{"utility":24,"ID":24}],[{"utility":0,"ID":2}],[{"utility":0,"ID":14}],[{"utility":46,"ID":9},{"utility":67,"ID":28}],[],[{"utility":78,"ID":7},{"utility":74,"ID":10}],[{"utility":55,"ID":6},{"utility":41,"ID":15},{"utility":46,"ID":22},{"utility":33.333333333333336,"ID":23}],[],[],[],[],[],[],[],[],[],[],[],[],[],[],[]],"CORE :":false,"Relazioni :":770,"Time : ":0.4,"LAST PARTITION":{"22":3,"23":19,"24":9,"25":2,"26":6,"27":8,"28":12,"29":4,"30":6,"10":14,"11":11,"12":5,"13":11,"14":17,"15":15,"16":18,"17":14,"18":10,"19":8,"1":3,"2":13,"3":19,"4":18,"5":16,"6":5,"7":10,"8":1,"9":1,"20":9,"21":16}},{"Modalità dinamica :":false,"Q : ":6,"STARTING PARTITION: ":{"22":15,"23":15,"24":9,"25":2,"26":6,"27":8,"28":12,"29":4,"30":6,"10":14,"11":6,"12":1,"13":9,"14":11,"15":15,"16":1,"17":3,"18":4,"19":8,"1":8,"2":10,"3":9,"4":2,"5":7,"6":15,"7":14,"8":6,"9":12,"20":9,"21":2},"LAST COALITION":[[],[{"utility":97,"ID":8},{"utility":99,"ID":9}],[{"utility":0,"ID":25}],[{"utility":96,"ID":1},{"utility":81,"ID":22}],[{"utility":0,"ID":29}],[{"utility":91,"ID":6},{"utility":80,"ID":12}],[{"utility":9,"ID":26},{"utility":26,"ID":30}],[{"utility":0,"ID":17}],[{"utility":86,"ID":19},{"utility":76,"ID":27}],[{"utility":86,"ID":20},{"utility":16,"ID":24}],[{"utility":84,"ID":18},{"utility":94,"ID":7}],[{"utility":95,"ID":11},{"utility":6,"ID":13}],[{"utility":0,"ID":28}],[{"utility":81,"ID":2},{"utility":54,"ID":14}],[{"utility":60,"ID":3},{"utility":96,"ID":10}],[{"utility":0,"ID":15}],[{"utility":100,"ID":5},{"utility":29,"ID":21}],[],[{"utility":71,"ID":16},{"utility":97,"ID":4}],[{"utility":0,"ID":23}],[],[],[],[],[],[],[],[],[],[],[]],"STARTING COALITION: ":[[null],[{"utility":4,"ID":12},{"utility":53,"ID":16}],[{"utility":70.5,"ID":4},{"utility":37,"ID":21},{"utility":20.5,"ID":25}],[{"utility":0,"ID":17}],[{"utility":45,"ID":18},{"utility":75,"ID":29}],[],[{"utility":36,"ID":8},{"utility":30.666666666666668,"ID":11},{"utility":44.666666666666664,"ID":26},{"utility":36,"ID":30}],[{"utility":0,"ID":5}],[{"utility":67,"ID":1},{"utility":81.5,"ID":19},{"utility":86.5,"ID":27}],[{"utility":57.666666666666664,"ID":3},{"utility":30,"ID":13},{"utility":64,"ID":20},{"utility":24,"ID":24}],[{"utility":0,"ID":2}],[{"utility":0,"ID":14}],[{"utility":46,"ID":9},{"utility":67,"ID":28}],[],[{"utility":78,"ID":7},{"utility":74,"ID":10}],[{"utility":55,"ID":6},{"utility":41,"ID":15},{"utility":46,"ID":22},{"utility":33.333333333333336,"ID":23}],[],[],[],[],[],[],[],[],[],[],[],[],[],[],[]],"CORE :":false,"Relazioni :":770,"Time : ":0.2,"LAST PARTITION":{"22":3,"23":19,"24":9,"25":2,"26":6,"27":8,"28":12,"29":4,"30":6,"10":14,"11":11,"12":5,"13":11,"14":13,"15":15,"16":18,"17":7,"18":10,"19":8,"1":3,"2":13,"3":14,"4":18,"5":16,"6":5,"7":10,"8":1,"9":1,"20":9,"21":16}},{"Modalità dinamica :":false,"Q : ":6,"STARTING PARTITION: ":{"22":15,"23":15,"24":9,"25":2,"26":6,"27":8,"28":12,"29":4,"30":6,"10":14,"11":6,"12":1,"13":9,"14":11,"15":15,"16":1,"17":3,"18":4,"19":8,"1":8,"2":10,"3":9,"4":2,"5":7,"6":15,"7":14,"8":6,"9":12,"20":9,"21":2},"LAST COALITION":[[],[{"utility":97,"ID":8},{"utility":99,"ID":9}],[{"utility":0,"ID":25}],[{"utility":96,"ID":1},{"utility":81,"ID":22}],[{"utility":0,"ID":29}],[{"utility":91,"ID":6},{"utility":80,"ID":12}],[{"utility":9,"ID":26},{"utility":26,"ID":30}],[],[{"utility":86,"ID":19},{"utility":76,"ID":27}],[{"utility":86,"ID":20},{"utility":16,"ID":24}],[{"utility":84,"ID":18},{"utility":94,"ID":7}],[{"utility":95,"ID":11},{"utility":6,"ID":13}],[{"utility":0,"ID":28}],[{"utility":0,"ID":3}],[{"utility":84,"ID":17},{"utility":88,"ID":10}],[{"utility":0,"ID":15}],[{"utility":100,"ID":5},{"utility":29,"ID":21}],[{"utility":0,"ID":23}],[{"utility":71,"ID":16},{"utility":97,"ID":4}],[{"utility":81,"ID":2},{"utility":54,"ID":14}],[],[],[],[],[],[],[],[],[],[],[]],"STARTING COALITION: ":[[null],[{"utility":4,"ID":12},{"utility":53,"ID":16}],[{"utility":70.5,"ID":4},{"utility":37,"ID":21},{"utility":20.5,"ID":25}],[{"utility":0,"ID":17}],[{"utility":45,"ID":18},{"utility":75,"ID":29}],[],[{"utility":36,"ID":8},{"utility":30.666666666666668,"ID":11},{"utility":44.666666666666664,"ID":26},{"utility":36,"ID":30}],[{"utility":0,"ID":5}],[{"utility":67,"ID":1},{"utility":81.5,"ID":19},{"utility":86.5,"ID":27}],[{"utility":57.666666666666664,"ID":3},{"utility":30,"ID":13},{"utility":64,"ID":20},{"utility":24,"ID":24}],[{"utility":0,"ID":2}],[{"utility":0,"ID":14}],[{"utility":46,"ID":9},{"utility":67,"ID":28}],[],[{"utility":78,"ID":7},{"utility":74,"ID":10}],[{"utility":55,"ID":6},{"utility":41,"ID":15},{"utility":46,"ID":22},{"utility":33.333333333333336,"ID":23}],[],[],[],[],[],[],[],[],[],[],[],[],[],[],[]],"CORE :":false,"Relazioni :":770,"Time : ":0.4,"LAST PARTITION":{"22":3,"23":17,"24":9,"25":2,"26":6,"27":8,"28":12,"29":4,"30":6,"10":14,"11":11,"12":5,"13":11,"14":19,"15":15,"16":18,"17":14,"18":10,"19":8,"1":3,"2":19,"3":13,"4":18,"5":16,"6":5,"7":10,"8":1,"9":1,"20":9,"21":16}},{"Modalità dinamica :":false,"Q : ":7,"STARTING PARTITION: ":{"22":15,"23":15,"24":9,"25":2,"26":6,"27":8,"28":12,"29":4,"30":6,"10":14,"11":6,"12":1,"13":9,"14":11,"15":15,"16":1,"17":3,"18":4,"19":8,"1":8,"2":10,"3":9,"4":2,"5":7,"6":15,"7":14,"8":6,"9":12,"20":9,"21":2},"LAST COALITION":[[],[{"utility":97,"ID":8},{"utility":99,"ID":9}],[{"utility":0,"ID":25}],[{"utility":96,"ID":1},{"utility":81,"ID":22}],[{"utility":0,"ID":29}],[{"utility":91,"ID":6},{"utility":80,"ID":12}],[{"utility":9,"ID":26},{"utility":26,"ID":30}],[{"utility":0,"ID":17}],[{"utility":86,"ID":19},{"utility":76,"ID":27}],[{"utility":86,"ID":20},{"utility":16,"ID":24}],[{"utility":84,"ID":18},{"utility":94,"ID":7}],[{"utility":95,"ID":11},{"utility":6,"ID":13}],[{"utility":0,"ID":28}],[{"utility":0,"ID":14}],[],[{"utility":0,"ID":15}],[{"utility":100,"ID":5},{"utility":29,"ID":21}],[{"utility":81,"ID":3},{"utility":15,"ID":23}],[{"utility":71,"ID":16},{"utility":97,"ID":4}],[{"utility":97,"ID":2},{"utility":44,"ID":10}],[],[],[],[],[],[],[],[],[],[],[]],"STARTING COALITION: ":[[null],[{"utility":4,"ID":12},{"utility":53,"ID":16}],[{"utility":70.5,"ID":4},{"utility":37,"ID":21},{"utility":20.5,"ID":25}],[{"utility":0,"ID":17}],[{"utility":45,"ID":18},{"utility":75,"ID":29}],[],[{"utility":36,"ID":8},{"utility":30.666666666666668,"ID":11},{"utility":44.666666666666664,"ID":26},{"utility":36,"ID":30}],[{"utility":0,"ID":5}],[{"utility":67,"ID":1},{"utility":81.5,"ID":19},{"utility":86.5,"ID":27}],[{"utility":57.666666666666664,"ID":3},{"utility":30,"ID":13},{"utility":64,"ID":20},{"utility":24,"ID":24}],[{"utility":0,"ID":2}],[{"utility":0,"ID":14}],[{"utility":46,"ID":9},{"utility":67,"ID":28}],[],[{"utility":78,"ID":7},{"utility":74,"ID":10}],[{"utility":55,"ID":6},{"utility":41,"ID":15},{"utility":46,"ID":22},{"utility":33.333333333333336,"ID":23}],[],[],[],[],[],[],[],[],[],[],[],[],[],[],[]],"CORE :":false,"Relazioni :":770,"Time : ":0.2,"LAST PARTITION":{"22":3,"23":17,"24":9,"25":2,"26":6,"27":8,"28":12,"29":4,"30":6,"10":19,"11":11,"12":5,"13":11,"14":13,"15":15,"16":18,"17":7,"18":10,"19":8,"1":3,"2":19,"3":17,"4":18,"5":16,"6":5,"7":10,"8":1,"9":1,"20":9,"21":16}},{"Modalità dinamica :":false,"Q : ":7,"STARTING PARTITION: ":{"22":15,"23":15,"24":9,"25":2,"26":6,"27":8,"28":12,"29":4,"30":6,"10":14,"11":6,"12":1,"13":9,"14":11,"15":15,"16":1,"17":3,"18":4,"19":8,"1":8,"2":10,"3":9,"4":2,"5":7,"6":15,"7":14,"8":6,"9":12,"20":9,"21":2},"LAST COALITION":[[],[{"utility":97,"ID":8},{"utility":99,"ID":9}],[{"utility":0,"ID":25}],[{"utility":96,"ID":1},{"utility":81,"ID":22}],[{"utility":0,"ID":29}],[{"utility":91,"ID":6},{"utility":80,"ID":12}],[{"utility":9,"ID":26},{"utility":26,"ID":30}],[{"utility":84,"ID":17},{"utility":88,"ID":10}],[{"utility":86,"ID":19},{"utility":76,"ID":27}],[{"utility":86,"ID":20},{"utility":16,"ID":24}],[{"utility":84,"ID":18},{"utility":94,"ID":7}],[{"utility":95,"ID":11},{"utility":6,"ID":13}],[{"utility":0,"ID":28}],[{"utility":0,"ID":23}],[],[{"utility":0,"ID":15}],[{"utility":100,"ID":5},{"utility":29,"ID":21}],[{"utility":81,"ID":2},{"utility":54,"ID":14}],[{"utility":71,"ID":16},{"utility":97,"ID":4}],[{"utility":0,"ID":3}],[],[],[],[],[],[],[],[],[],[],[]],"STARTING COALITION: ":[[null],[{"utility":4,"ID":12},{"utility":53,"ID":16}],[{"utility":70.5,"ID":4},{"utility":37,"ID":21},{"utility":20.5,"ID":25}],[{"utility":0,"ID":17}],[{"utility":45,"ID":18},{"utility":75,"ID":29}],[],[{"utility":36,"ID":8},{"utility":30.666666666666668,"ID":11},{"utility":44.666666666666664,"ID":26},{"utility":36,"ID":30}],[{"utility":0,"ID":5}],[{"utility":67,"ID":1},{"utility":81.5,"ID":19},{"utility":86.5,"ID":27}],[{"utility":57.666666666666664,"ID":3},{"utility":30,"ID":13},{"utility":64,"ID":20},{"utility":24,"ID":24}],[{"utility":0,"ID":2}],[{"utility":0,"ID":14}],[{"utility":46,"ID":9},{"utility":67,"ID":28}],[],[{"utility":78,"ID":7},{"utility":74,"ID":10}],[{"utility":55,"ID":6},{"utility":41,"ID":15},{"utility":46,"ID":22},{"utility":33.333333333333336,"ID":23}],[],[],[],[],[],[],[],[],[],[],[],[],[],[],[]],"CORE :":false,"Relazioni :":770,"Time : ":0.4,"LAST PARTITION":{"22":3,"23":13,"24":9,"25":2,"26":6,"27":8,"28":12,"29":4,"30":6,"10":7,"11":11,"12":5,"13":11,"14":17,"15":15,"16":18,"17":7,"18":10,"19":8,"1":3,"2":17,"3":19,"4":18,"5":16,"6":5,"7":10,"8":1,"9":1,"20":9,"21":16}},{"Modalità dinamica :":false,"Q : ":8,"STARTING PARTITION: ":{"22":15,"23":15,"24":9,"25":2,"26":6,"27":8,"28":12,"29":4,"30":6,"10":14,"11":6,"12":1,"13":9,"14":11,"15":15,"16":1,"17":3,"18":4,"19":8,"1":8,"2":10,"3":9,"4":2,"5":7,"6":15,"7":14,"8":6,"9":12,"20":9,"21":2},"LAST COALITION":[[],[{"utility":97,"ID":8},{"utility":99,"ID":9}],[{"utility":0,"ID":25}],[{"utility":96,"ID":1},{"utility":81,"ID":22}],[{"utility":0,"ID":29}],[{"utility":91,"ID":6},{"utility":80,"ID":12}],[{"utility":9,"ID":26},{"utility":26,"ID":30}],[{"utility":84,"ID":17},{"utility":88,"ID":10}],[{"utility":86,"ID":19},{"utility":76,"ID":27}],[{"utility":86,"ID":20},{"utility":16,"ID":24}],[{"utility":84,"ID":18},{"utility":94,"ID":7}],[{"utility":95,"ID":11},{"utility":6,"ID":13}],[{"utility":0,"ID":28}],[{"utility":81,"ID":2},{"utility":54,"ID":14}],[],[{"utility":0,"ID":15}],[{"utility":100,"ID":5},{"utility":29,"ID":21}],[{"utility":0,"ID":3}],[{"utility":71,"ID":16},{"utility":97,"ID":4}],[{"utility":0,"ID":23}],[],[],[],[],[],[],[],[],[],[],[]],"STARTING COALITION: ":[[null],[{"utility":4,"ID":12},{"utility":53,"ID":16}],[{"utility":70.5,"ID":4},{"utility":37,"ID":21},{"utility":20.5,"ID":25}],[{"utility":0,"ID":17}],[{"utility":45,"ID":18},{"utility":75,"ID":29}],[],[{"utility":36,"ID":8},{"utility":30.666666666666668,"ID":11},{"utility":44.666666666666664,"ID":26},{"utility":36,"ID":30}],[{"utility":0,"ID":5}],[{"utility":67,"ID":1},{"utility":81.5,"ID":19},{"utility":86.5,"ID":27}],[{"utility":57.666666666666664,"ID":3},{"utility":30,"ID":13},{"utility":64,"ID":20},{"utility":24,"ID":24}],[{"utility":0,"ID":2}],[{"utility":0,"ID":14}],[{"utility":46,"ID":9},{"utility":67,"ID":28}],[],[{"utility":78,"ID":7},{"utility":74,"ID":10}],[{"utility":55,"ID":6},{"utility":41,"ID":15},{"utility":46,"ID":22},{"utility":33.333333333333336,"ID":23}],[],[],[],[],[],[],[],[],[],[],[],[],[],[],[]],"CORE :":false,"Relazioni :":770,"Time : ":0.2,"LAST PARTITION":{"22":3,"23":19,"24":9,"25":2,"26":6,"27":8,"28":12,"29":4,"30":6,"10":7,"11":11,"12":5,"13":11,"14":13,"15":15,"16":18,"17":7,"18":10,"19":8,"1":3,"2":13,"3":17,"4":18,"5":16,"6":5,"7":10,"8":1,"9":1,"20":9,"21":16}},{"Modalità dinamica :":false,"Q : ":8,"STARTING PARTITION: ":{"22":15,"23":15,"24":9,"25":2,"26":6,"27":8,"28":12,"29":4,"30":6,"10":14,"11":6,"12":1,"13":9,"14":11,"15":15,"16":1,"17":3,"18":4,"19":8,"1":8,"2":10,"3":9,"4":2,"5":7,"6":15,"7":14,"8":6,"9":12,"20":9,"21":2},"LAST COALITION":[[],[{"utility":97,"ID":8},{"utility":99,"ID":9}],[{"utility":0,"ID":25}],[{"utility":96,"ID":1},{"utility":81,"ID":22}],[{"utility":0,"ID":29}],[{"utility":91,"ID":6},{"utility":80,"ID":12}],[{"utility":9,"ID":26},{"utility":26,"ID":30}],[{"utility":0,"ID":17}],[{"utility":86,"ID":19},{"utility":76,"ID":27}],[{"utility":86,"ID":20},{"utility":16,"ID":24}],[{"utility":84,"ID":18},{"utility":94,"ID":7}],[{"utility":95,"ID":11},{"utility":6,"ID":13}],[{"utility":0,"ID":28}],[{"utility":81,"ID":2},{"utility":54,"ID":14}],[{"utility":60,"ID":3},{"utility":96,"ID":10}],[{"utility":0,"ID":15}],[{"utility":100,"ID":5},{"utility":29,"ID":21}],[],[{"utility":71,"ID":16},{"utility":97,"ID":4}],[{"utility":0,"ID":23}],[],[],[],[],[],[],[],[],[],[],[]],"STARTING COALITION: ":[[null],[{"utility":4,"ID":12},{"utility":53,"ID":16}],[{"utility":70.5,"ID":4},{"utility":37,"ID":21},{"utility":20.5,"ID":25}],[{"utility":0,"ID":17}],[{"utility":45,"ID":18},{"utility":75,"ID":29}],[],[{"utility":36,"ID":8},{"utility":30.666666666666668,"ID":11},{"utility":44.666666666666664,"ID":26},{"utility":36,"ID":30}],[{"utility":0,"ID":5}],[{"utility":67,"ID":1},{"utility":81.5,"ID":19},{"utility":86.5,"ID":27}],[{"utility":57.666666666666664,"ID":3},{"utility":30,"ID":13},{"utility":64,"ID":20},{"utility":24,"ID":24}],[{"utility":0,"ID":2}],[{"utility":0,"ID":14}],[{"utility":46,"ID":9},{"utility":67,"ID":28}],[],[{"utility":78,"ID":7},{"utility":74,"ID":10}],[{"utility":55,"ID":6},{"utility":41,"ID":15},{"utility":46,"ID":22},{"utility":33.333333333333336,"ID":23}],[],[],[],[],[],[],[],[],[],[],[],[],[],[],[]],"CORE :":false,"Relazioni :":770,"Time : ":0.4,"LAST PARTITION":{"22":3,"23":19,"24":9,"25":2,"26":6,"27":8,"28":12,"29":4,"30":6,"10":14,"11":11,"12":5,"13":11,"14":13,"15":15,"16":18,"17":7,"18":10,"19":8,"1":3,"2":13,"3":14,"4":18,"5":16,"6":5,"7":10,"8":1,"9":1,"20":9,"21":16}},{"Modalità dinamica :":false,"Q : ":9,"STARTING PARTITION: ":{"22":15,"23":15,"24":9,"25":2,"26":6,"27":8,"28":12,"29":4,"30":6,"10":14,"11":6,"12":1,"13":9,"14":11,"15":15,"16":1,"17":3,"18":4,"19":8,"1":8,"2":10,"3":9,"4":2,"5":7,"6":15,"7":14,"8":6,"9":12,"20":9,"21":2},"LAST COALITION":[[],[{"utility":97,"ID":8},{"utility":99,"ID":9}],[{"utility":0,"ID":25}],[{"utility":96,"ID":1},{"utility":81,"ID":22}],[{"utility":0,"ID":29}],[{"utility":91,"ID":6},{"utility":80,"ID":12}],[{"utility":9,"ID":26},{"utility":26,"ID":30}],[{"utility":84,"ID":17},{"utility":88,"ID":10}],[{"utility":86,"ID":19},{"utility":76,"ID":27}],[{"utility":86,"ID":20},{"utility":16,"ID":24}],[{"utility":84,"ID":18},{"utility":94,"ID":7}],[{"utility":95,"ID":11},{"utility":6,"ID":13}],[{"utility":0,"ID":28}],[{"utility":0,"ID":3}],[],[{"utility":0,"ID":15}],[{"utility":100,"ID":5},{"utility":29,"ID":21}],[{"utility":0,"ID":23}],[{"utility":71,"ID":16},{"utility":97,"ID":4}],[{"utility":81,"ID":2},{"utility":54,"ID":14}],[],[],[],[],[],[],[],[],[],[],[]],"STARTING COALITION: ":[[null],[{"utility":4,"ID":12},{"utility":53,"ID":16}],[{"utility":70.5,"ID":4},{"utility":37,"ID":21},{"utility":20.5,"ID":25}],[{"utility":0,"ID":17}],[{"utility":45,"ID":18},{"utility":75,"ID":29}],[],[{"utility":36,"ID":8},{"utility":30.666666666666668,"ID":11},{"utility":44.666666666666664,"ID":26},{"utility":36,"ID":30}],[{"utility":0,"ID":5}],[{"utility":67,"ID":1},{"utility":81.5,"ID":19},{"utility":86.5,"ID":27}],[{"utility":57.666666666666664,"ID":3},{"utility":30,"ID":13},{"utility":64,"ID":20},{"utility":24,"ID":24}],[{"utility":0,"ID":2}],[{"utility":0,"ID":14}],[{"utility":46,"ID":9},{"utility":67,"ID":28}],[],[{"utility":78,"ID":7},{"utility":74,"ID":10}],[{"utility":55,"ID":6},{"utility":41,"ID":15},{"utility":46,"ID":22},{"utility":33.333333333333336,"ID":23}],[],[],[],[],[],[],[],[],[],[],[],[],[],[],[]],"CORE :":false,"Relazioni :":770,"Time : ":0.2,"LAST PARTITION":{"22":3,"23":17,"24":9,"25":2,"26":6,"27":8,"28":12,"29":4,"30":6,"10":7,"11":11,"12":5,"13":11,"14":19,"15":15,"16":18,"17":7,"18":10,"19":8,"1":3,"2":19,"3":13,"4":18,"5":16,"6":5,"7":10,"8":1,"9":1,"20":9,"21":16}},{"Modalità dinamica :":false,"Q : ":9,"STARTING PARTITION: ":{"22":15,"23":15,"24":9,"25":2,"26":6,"27":8,"28":12,"29":4,"30":6,"10":14,"11":6,"12":1,"13":9,"14":11,"15":15,"16":1,"17":3,"18":4,"19":8,"1":8,"2":10,"3":9,"4":2,"5":7,"6":15,"7":14,"8":6,"9":12,"20":9,"21":2},"LAST COALITION":[[],[{"utility":97,"ID":8},{"utility":99,"ID":9}],[{"utility":0,"ID":25}],[{"utility":96,"ID":1},{"utility":81,"ID":22}],[{"utility":0,"ID":29}],[{"utility":91,"ID":6},{"utility":80,"ID":12}],[{"utility":9,"ID":26},{"utility":26,"ID":30}],[],[{"utility":86,"ID":19},{"utility":76,"ID":27}],[{"utility":86,"ID":20},{"utility":16,"ID":24}],[{"utility":84,"ID":18},{"utility":94,"ID":7}],[{"utility":95,"ID":11},{"utility":6,"ID":13}],[{"utility":0,"ID":28}],[{"utility":81,"ID":2},{"utility":54,"ID":14}],[{"utility":84,"ID":17},{"utility":88,"ID":10}],[{"utility":0,"ID":15}],[{"utility":100,"ID":5},{"utility":29,"ID":21}],[{"utility":0,"ID":3}],[{"utility":71,"ID":16},{"utility":97,"ID":4}],[{"utility":0,"ID":23}],[],[],[],[],[],[],[],[],[],[],[]],"STARTING COALITION: ":[[null],[{"utility":4,"ID":12},{"utility":53,"ID":16}],[{"utility":70.5,"ID":4},{"utility":37,"ID":21},{"utility":20.5,"ID":25}],[{"utility":0,"ID":17}],[{"utility":45,"ID":18},{"utility":75,"ID":29}],[],[{"utility":36,"ID":8},{"utility":30.666666666666668,"ID":11},{"utility":44.666666666666664,"ID":26},{"utility":36,"ID":30}],[{"utility":0,"ID":5}],[{"utility":67,"ID":1},{"utility":81.5,"ID":19},{"utility":86.5,"ID":27}],[{"utility":57.666666666666664,"ID":3},{"utility":30,"ID":13},{"utility":64,"ID":20},{"utility":24,"ID":24}],[{"utility":0,"ID":2}],[{"utility":0,"ID":14}],[{"utility":46,"ID":9},{"utility":67,"ID":28}],[],[{"utility":78,"ID":7},{"utility":74,"ID":10}],[{"utility":55,"ID":6},{"utility":41,"ID":15},{"utility":46,"ID":22},{"utility":33.333333333333336,"ID":23}],[],[],[],[],[],[],[],[],[],[],[],[],[],[],[]],"CORE :":false,"Relazioni :":770,"Time : ":0.4,"LAST PARTITION":{"22":3,"23":19,"24":9,"25":2,"26":6,"27":8,"28":12,"29":4,"30":6,"10":14,"11":11,"12":5,"13":11,"14":13,"15":15,"16":18,"17":14,"18":10,"19":8,"1":3,"2":13,"3":17,"4":18,"5":16,"6":5,"7":10,"8":1,"9":1,"20":9,"21":16}},{"Modalità dinamica :":false,"Q : ":10,"STARTING PARTITION: ":{"22":15,"23":15,"24":9,"25":2,"26":6,"27":8,"28":12,"29":4,"30":6,"10":14,"11":6,"12":1,"13":9,"14":11,"15":15,"16":1,"17":3,"18":4,"19":8,"1":8,"2":10,"3":9,"4":2,"5":7,"6":15,"7":14,"8":6,"9":12,"20":9,"21":2},"LAST COALITION":[[],[{"utility":97,"ID":8},{"utility":99,"ID":9}],[{"utility":0,"ID":25}],[{"utility":96,"ID":1},{"utility":81,"ID":22}],[{"utility":0,"ID":29}],[{"utility":91,"ID":6},{"utility":80,"ID":12}],[{"utility":9,"ID":26},{"utility":26,"ID":30}],[{"utility":84,"ID":17},{"utility":88,"ID":10}],[{"utility":86,"ID":19},{"utility":76,"ID":27}],[{"utility":86,"ID":20},{"utility":16,"ID":24}],[{"utility":84,"ID":18},{"utility":94,"ID":7}],[{"utility":95,"ID":11},{"utility":6,"ID":13}],[{"utility":0,"ID":28}],[{"utility":0,"ID":14}],[],[{"utility":0,"ID":15}],[{"utility":100,"ID":5},{"utility":29,"ID":21}],[{"utility":81,"ID":3},{"utility":15,"ID":23}],[{"utility":71,"ID":16},{"utility":97,"ID":4}],[{"utility":0,"ID":2}],[],[],[],[],[],[],[],[],[],[],[]],"STARTING COALITION: ":[[null],[{"utility":4,"ID":12},{"utility":53,"ID":16}],[{"utility":70.5,"ID":4},{"utility":37,"ID":21},{"utility":20.5,"ID":25}],[{"utility":0,"ID":17}],[{"utility":45,"ID":18},{"utility":75,"ID":29}],[],[{"utility":36,"ID":8},{"utility":30.666666666666668,"ID":11},{"utility":44.666666666666664,"ID":26},{"utility":36,"ID":30}],[{"utility":0,"ID":5}],[{"utility":67,"ID":1},{"utility":81.5,"ID":19},{"utility":86.5,"ID":27}],[{"utility":57.666666666666664,"ID":3},{"utility":30,"ID":13},{"utility":64,"ID":20},{"utility":24,"ID":24}],[{"utility":0,"ID":2}],[{"utility":0,"ID":14}],[{"utility":46,"ID":9},{"utility":67,"ID":28}],[],[{"utility":78,"ID":7},{"utility":74,"ID":10}],[{"utility":55,"ID":6},{"utility":41,"ID":15},{"utility":46,"ID":22},{"utility":33.333333333333336,"ID":23}],[],[],[],[],[],[],[],[],[],[],[],[],[],[],[]],"CORE :":false,"Relazioni :":770,"Time : ":0.2,"LAST PARTITION":{"22":3,"23":17,"24":9,"25":2,"26":6,"27":8,"28":12,"29":4,"30":6,"10":7,"11":11,"12":5,"13":11,"14":13,"15":15,"16":18,"17":7,"18":10,"19":8,"1":3,"2":19,"3":17,"4":18,"5":16,"6":5,"7":10,"8":1,"9":1,"20":9,"21":16}},{"Modalità dinamica :":false,"Q : ":10,"STARTING PARTITION: ":{"22":15,"23":15,"24":9,"25":2,"26":6,"27":8,"28":12,"29":4,"30":6,"10":14,"11":6,"12":1,"13":9,"14":11,"15":15,"16":1,"17":3,"18":4,"19":8,"1":8,"2":10,"3":9,"4":2,"5":7,"6":15,"7":14,"8":6,"9":12,"20":9,"21":2},"LAST COALITION":[[],[{"utility":97,"ID":8},{"utility":99,"ID":9}],[{"utility":0,"ID":25}],[{"utility":96,"ID":1},{"utility":81,"ID":22}],[{"utility":0,"ID":29}],[{"utility":91,"ID":6},{"utility":80,"ID":12}],[{"utility":9,"ID":26},{"utility":26,"ID":30}],[{"utility":0,"ID":10}],[{"utility":86,"ID":19},{"utility":76,"ID":27}],[{"utility":86,"ID":20},{"utility":16,"ID":24}],[{"utility":84,"ID":18},{"utility":94,"ID":7}],[{"utility":95,"ID":11},{"utility":6,"ID":13}],[{"utility":0,"ID":28}],[{"utility":81,"ID":2},{"utility":54,"ID":14}],[{"utility":0,"ID":17}],[{"utility":0,"ID":15}],[{"utility":100,"ID":5},{"utility":29,"ID":21}],[{"utility":81,"ID":3},{"utility":15,"ID":23}],[{"utility":71,"ID":16},{"utility":97,"ID":4}],[],[],[],[],[],[],[],[],[],[],[],[]],"STARTING COALITION: ":[[null],[{"utility":4,"ID":12},{"utility":53,"ID":16}],[{"utility":70.5,"ID":4},{"utility":37,"ID":21},{"utility":20.5,"ID":25}],[{"utility":0,"ID":17}],[{"utility":45,"ID":18},{"utility":75,"ID":29}],[],[{"utility":36,"ID":8},{"utility":30.666666666666668,"ID":11},{"utility":44.666666666666664,"ID":26},{"utility":36,"ID":30}],[{"utility":0,"ID":5}],[{"utility":67,"ID":1},{"utility":81.5,"ID":19},{"utility":86.5,"ID":27}],[{"utility":57.666666666666664,"ID":3},{"utility":30,"ID":13},{"utility":64,"ID":20},{"utility":24,"ID":24}],[{"utility":0,"ID":2}],[{"utility":0,"ID":14}],[{"utility":46,"ID":9},{"utility":67,"ID":28}],[],[{"utility":78,"ID":7},{"utility":74,"ID":10}],[{"utility":55,"ID":6},{"utility":41,"ID":15},{"utility":46,"ID":22},{"utility":33.333333333333336,"ID":23}],[],[],[],[],[],[],[],[],[],[],[],[],[],[],[]],"CORE :":false,"Relazioni :":770,"Time : ":0.4,"LAST PARTITION":{"22":3,"23":17,"24":9,"25":2,"26":6,"27":8,"28":12,"29":4,"30":6,"10":7,"11":11,"12":5,"13":11,"14":13,"15":15,"16":18,"17":14,"18":10,"19":8,"1":3,"2":13,"3":17,"4":18,"5":16,"6":5,"7":10,"8":1,"9":1,"20":9,"21":16}},{"Modalità dinamica :":true,"Q : ":2,"STARTING PARTITION: ":{"22":15,"23":15,"24":9,"25":2,"26":6,"27":8,"28":12,"29":4,"30":6,"10":14,"11":6,"12":1,"13":9,"14":11,"15":15,"16":1,"17":3,"18":4,"19":8,"1":8,"2":10,"3":9,"4":2,"5":7,"6":15,"7":14,"8":6,"9":12,"20":9,"21":2},"LAST COALITION":[[],[{"utility":79,"ID":11},{"utility":76,"ID":29}],[{"utility":93,"ID":22},{"utility":83,"ID":24}],[{"utility":97,"ID":4},{"utility":71,"ID":16}],[{"utility":43,"ID":20},{"utility":87,"ID":28}],[{"utility":96,"ID":1},{"utility":78,"ID":23}],[{"utility":94,"ID":7},{"utility":84,"ID":18}],[],[{"utility":88,"ID":5},{"utility":72,"ID":30}],[{"utility":81,"ID":2},{"utility":54,"ID":14}],[{"utility":39,"ID":15},{"utility":92,"ID":27}],[{"utility":91,"ID":6},{"utility":80,"ID":12}],[{"utility":88,"ID":10},{"utility":84,"ID":17}],[],[{"utility":97,"ID":8},{"utility":99,"ID":9}],[],[{"utility":53,"ID":13},{"utility":40,"ID":25}],[{"utility":89,"ID":19},{"utility":95,"ID":21}],[],[{"utility":65,"ID":3},{"utility":66,"ID":26}],[],[],[],[],[],[],[],[],[],[],[]],"STARTING COALITION: ":[[null],[{"utility":4,"ID":12},{"utility":53,"ID":16}],[{"utility":70.5,"ID":4},{"utility":37,"ID":21},{"utility":20.5,"ID":25}],[{"utility":0,"ID":17}],[{"utility":45,"ID":18},{"utility":75,"ID":29}],[],[{"utility":36,"ID":8},{"utility":30.666666666666668,"ID":11},{"utility":44.666666666666664,"ID":26},{"utility":36,"ID":30}],[{"utility":0,"ID":5}],[{"utility":67,"ID":1},{"utility":81.5,"ID":19},{"utility":86.5,"ID":27}],[{"utility":57.666666666666664,"ID":3},{"utility":30,"ID":13},{"utility":64,"ID":20},{"utility":24,"ID":24}],[{"utility":0,"ID":2}],[{"utility":0,"ID":14}],[{"utility":46,"ID":9},{"utility":67,"ID":28}],[],[{"utility":78,"ID":7},{"utility":74,"ID":10}],[{"utility":55,"ID":6},{"utility":41,"ID":15},{"utility":46,"ID":22},{"utility":33.333333333333336,"ID":23}],[],[],[],[],[],[],[],[],[],[],[],[],[],[],[]],"CORE :":true,"Relazioni :":770,"Time : ":0.2,"LAST PARTITION":{"22":2,"23":5,"24":2,"25":16,"26":19,"27":10,"28":4,"29":1,"30":8,"10":12,"11":1,"12":11,"13":16,"14":9,"15":10,"16":3,"17":12,"18":6,"19":17,"1":5,"2":9,"3":19,"4":3,"5":8,"6":11,"7":6,"8":14,"9":14,"20":4,"21":17}},{"Modalità dinamica :":true,"Q : ":2,"STARTING PARTITION: ":{"22":15,"23":15,"24":9,"25":2,"26":6,"27":8,"28":12,"29":4,"30":6,"10":14,"11":6,"12":1,"13":9,"14":11,"15":15,"16":1,"17":3,"18":4,"19":8,"1":8,"2":10,"3":9,"4":2,"5":7,"6":15,"7":14,"8":6,"9":12,"20":9,"21":2},"LAST COALITION":[[],[{"utility":96,"ID":1},{"utility":78,"ID":23}],[{"utility":88,"ID":5},{"utility":72,"ID":30}],[{"utility":93,"ID":22},{"utility":83,"ID":24}],[{"utility":97,"ID":4},{"utility":71,"ID":16}],[],[],[{"utility":53,"ID":13},{"utility":40,"ID":25}],[{"utility":94,"ID":7},{"utility":84,"ID":18}],[{"utility":97,"ID":8},{"utility":99,"ID":9}],[{"utility":88,"ID":10},{"utility":84,"ID":17}],[{"utility":91,"ID":6},{"utility":80,"ID":12}],[{"utility":89,"ID":19},{"utility":95,"ID":21}],[{"utility":65,"ID":3},{"utility":66,"ID":26}],[{"utility":81,"ID":2},{"utility":54,"ID":14}],[{"utility":39,"ID":15},{"utility":92,"ID":27}],[{"utility":93,"ID":20},{"utility":73,"ID":29}],[],[],[{"utility":86,"ID":11},{"utility":53,"ID":28}],[],[],[],[],[],[],[],[],[],[],[]],"STARTING COALITION: ":[[null],[{"utility":4,"ID":12},{"utility":53,"ID":16}],[{"utility":70.5,"ID":4},{"utility":37,"ID":21},{"utility":20.5,"ID":25}],[{"utility":0,"ID":17}],[{"utility":45,"ID":18},{"utility":75,"ID":29}],[],[{"utility":36,"ID":8},{"utility":30.666666666666668,"ID":11},{"utility":44.666666666666664,"ID":26},{"utility":36,"ID":30}],[{"utility":0,"ID":5}],[{"utility":67,"ID":1},{"utility":81.5,"ID":19},{"utility":86.5,"ID":27}],[{"utility":57.666666666666664,"ID":3},{"utility":30,"ID":13},{"utility":64,"ID":20},{"utility":24,"ID":24}],[{"utility":0,"ID":2}],[{"utility":0,"ID":14}],[{"utility":46,"ID":9},{"utility":67,"ID":28}],[],[{"utility":78,"ID":7},{"utility":74,"ID":10}],[{"utility":55,"ID":6},{"utility":41,"ID":15},{"utility":46,"ID":22},{"utility":33.333333333333336,"ID":23}],[],[],[],[],[],[],[],[],[],[],[],[],[],[],[]],"CORE :":true,"Relazioni :":770,"Time : ":0.4,"LAST PARTITION":{"22":3,"23":1,"24":3,"25":7,"26":13,"27":15,"28":19,"29":16,"30":2,"10":10,"11":19,"12":11,"13":7,"14":14,"15":15,"16":4,"17":10,"18":8,"19":12,"1":1,"2":14,"3":13,"4":4,"5":2,"6":11,"7":8,"8":9,"9":9,"20":16,"21":12}},{"Modalità dinamica :":true,"Q : ":3,"STARTING PARTITION: ":{"22":15,"23":15,"24":9,"25":2,"26":6,"27":8,"28":12,"29":4,"30":6,"10":14,"11":6,"12":1,"13":9,"14":11,"15":15,"16":1,"17":3,"18":4,"19":8,"1":8,"2":10,"3":9,"4":2,"5":7,"6":15,"7":14,"8":6,"9":12,"20":9,"21":2},"LAST COALITION":[[],[{"utility":88,"ID":5},{"utility":72,"ID":30}],[{"utility":97,"ID":4},{"utility":71,"ID":16}],[{"utility":43,"ID":20},{"utility":87,"ID":28}],[],[{"utility":88,"ID":10},{"utility":84,"ID":17}],[{"utility":65,"ID":3},{"utility":66,"ID":26}],[{"utility":81,"ID":2},{"utility":54,"ID":14}],[{"utility":97,"ID":8},{"utility":99,"ID":9}],[{"utility":91,"ID":6},{"utility":80,"ID":12}],[],[{"utility":96,"ID":1},{"utility":78,"ID":23}],[],[{"utility":89,"ID":19},{"utility":95,"ID":21}],[{"utility":79,"ID":11},{"utility":76,"ID":29}],[{"utility":39,"ID":15},{"utility":92,"ID":27}],[{"utility":94,"ID":7},{"utility":84,"ID":18}],[{"utility":93,"ID":22},{"utility":83,"ID":24}],[{"utility":53,"ID":13},{"utility":40,"ID":25}],[],[],[],[],[],[],[],[],[],[],[],[]],"STARTING COALITION: ":[[null],[{"utility":4,"ID":12},{"utility":53,"ID":16}],[{"utility":70.5,"ID":4},{"utility":37,"ID":21},{"utility":20.5,"ID":25}],[{"utility":0,"ID":17}],[{"utility":45,"ID":18},{"utility":75,"ID":29}],[],[{"utility":36,"ID":8},{"utility":30.666666666666668,"ID":11},{"utility":44.666666666666664,"ID":26},{"utility":36,"ID":30}],[{"utility":0,"ID":5}],[{"utility":67,"ID":1},{"utility":81.5,"ID":19},{"utility":86.5,"ID":27}],[{"utility":57.666666666666664,"ID":3},{"utility":30,"ID":13},{"utility":64,"ID":20},{"utility":24,"ID":24}],[{"utility":0,"ID":2}],[{"utility":0,"ID":14}],[{"utility":46,"ID":9},{"utility":67,"ID":28}],[],[{"utility":78,"ID":7},{"utility":74,"ID":10}],[{"utility":55,"ID":6},{"utility":41,"ID":15},{"utility":46,"ID":22},{"utility":33.333333333333336,"ID":23}],[],[],[],[],[],[],[],[],[],[],[],[],[],[],[]],"CORE :":true,"Relazioni :":770,"Time : ":0.2,"LAST PARTITION":{"22":17,"23":11,"24":17,"25":18,"26":6,"27":15,"28":3,"29":14,"30":1,"10":5,"11":14,"12":9,"13":18,"14":7,"15":15,"16":2,"17":5,"18":16,"19":13,"1":11,"2":7,"3":6,"4":2,"5":1,"6":9,"7":16,"8":8,"9":8,"20":3,"21":13}},{"Modalità dinamica :":true,"Q : ":3,"STARTING PARTITION: ":{"22":15,"23":15,"24":9,"25":2,"26":6,"27":8,"28":12,"29":4,"30":6,"10":14,"11":6,"12":1,"13":9,"14":11,"15":15,"16":1,"17":3,"18":4,"19":8,"1":8,"2":10,"3":9,"4":2,"5":7,"6":15,"7":14,"8":6,"9":12,"20":9,"21":2},"LAST COALITION":[[],[{"utility":88,"ID":10},{"utility":84,"ID":17}],[{"utility":94,"ID":7},{"utility":84,"ID":18}],[],[{"utility":43,"ID":20},{"utility":87,"ID":28}],[{"utility":97,"ID":4},{"utility":71,"ID":16}],[{"utility":91,"ID":6},{"utility":80,"ID":12}],[{"utility":89,"ID":19},{"utility":95,"ID":21}],[{"utility":65,"ID":3},{"utility":66,"ID":26}],[{"utility":88,"ID":5},{"utility":72,"ID":30}],[{"utility":81,"ID":2},{"utility":54,"ID":14}],[{"utility":39,"ID":15},{"utility":92,"ID":27}],[{"utility":93,"ID":22},{"utility":83,"ID":24}],[{"utility":96,"ID":1},{"utility":78,"ID":23}],[{"utility":53,"ID":13},{"utility":40,"ID":25}],[],[{"utility":79,"ID":11},{"utility":76,"ID":29}],[],[],[{"utility":97,"ID":8},{"utility":99,"ID":9}],[],[],[],[],[],[],[],[],[],[],[]],"STARTING COALITION: ":[[null],[{"utility":4,"ID":12},{"utility":53,"ID":16}],[{"utility":70.5,"ID":4},{"utility":37,"ID":21},{"utility":20.5,"ID":25}],[{"utility":0,"ID":17}],[{"utility":45,"ID":18},{"utility":75,"ID":29}],[],[{"utility":36,"ID":8},{"utility":30.666666666666668,"ID":11},{"utility":44.666666666666664,"ID":26},{"utility":36,"ID":30}],[{"utility":0,"ID":5}],[{"utility":67,"ID":1},{"utility":81.5,"ID":19},{"utility":86.5,"ID":27}],[{"utility":57.666666666666664,"ID":3},{"utility":30,"ID":13},{"utility":64,"ID":20},{"utility":24,"ID":24}],[{"utility":0,"ID":2}],[{"utility":0,"ID":14}],[{"utility":46,"ID":9},{"utility":67,"ID":28}],[],[{"utility":78,"ID":7},{"utility":74,"ID":10}],[{"utility":55,"ID":6},{"utility":41,"ID":15},{"utility":46,"ID":22},{"utility":33.333333333333336,"ID":23}],[],[],[],[],[],[],[],[],[],[],[],[],[],[],[]],"CORE :":true,"Relazioni :":770,"Time : ":0.4,"LAST PARTITION":{"22":12,"23":13,"24":12,"25":14,"26":8,"27":11,"28":4,"29":16,"30":9,"10":1,"11":16,"12":6,"13":14,"14":10,"15":11,"16":5,"17":1,"18":2,"19":7,"1":13,"2":10,"3":8,"4":5,"5":9,"6":6,"7":2,"8":19,"9":19,"20":4,"21":7}},{"Modalità dinamica :":true,"Q : ":4,"STARTING PARTITION: ":{"22":15,"23":15,"24":9,"25":2,"26":6,"27":8,"28":12,"29":4,"30":6,"10":14,"11":6,"12":1,"13":9,"14":11,"15":15,"16":1,"17":3,"18":4,"19":8,"1":8,"2":10,"3":9,"4":2,"5":7,"6":15,"7":14,"8":6,"9":12,"20":9,"21":2},"LAST COALITION":[[],[{"utility":94,"ID":7},{"utility":84,"ID":18}],[{"utility":97,"ID":8},{"utility":99,"ID":9}],[{"utility":53,"ID":13},{"utility":40,"ID":25}],[{"utility":86,"ID":11},{"utility":53,"ID":28}],[{"utility":88,"ID":10},{"utility":84,"ID":17}],[{"utility":96,"ID":1},{"utility":78,"ID":23}],[{"utility":88,"ID":5},{"utility":72,"ID":30}],[],[{"utility":93,"ID":20},{"utility":73,"ID":29}],[{"utility":39,"ID":15},{"utility":92,"ID":27}],[],[{"utility":89,"ID":19},{"utility":95,"ID":21}],[{"utility":91,"ID":6},{"utility":80,"ID":12}],[{"utility":93,"ID":22},{"utility":83,"ID":24}],[{"utility":65,"ID":3},{"utility":66,"ID":26}],[{"utility":97,"ID":4},{"utility":71,"ID":16}],[],[{"utility":81,"ID":2},{"utility":54,"ID":14}],[],[],[],[],[],[],[],[],[],[],[],[]],"STARTING COALITION: ":[[null],[{"utility":4,"ID":12},{"utility":53,"ID":16}],[{"utility":70.5,"ID":4},{"utility":37,"ID":21},{"utility":20.5,"ID":25}],[{"utility":0,"ID":17}],[{"utility":45,"ID":18},{"utility":75,"ID":29}],[],[{"utility":36,"ID":8},{"utility":30.666666666666668,"ID":11},{"utility":44.666666666666664,"ID":26},{"utility":36,"ID":30}],[{"utility":0,"ID":5}],[{"utility":67,"ID":1},{"utility":81.5,"ID":19},{"utility":86.5,"ID":27}],[{"utility":57.666666666666664,"ID":3},{"utility":30,"ID":13},{"utility":64,"ID":20},{"utility":24,"ID":24}],[{"utility":0,"ID":2}],[{"utility":0,"ID":14}],[{"utility":46,"ID":9},{"utility":67,"ID":28}],[],[{"utility":78,"ID":7},{"utility":74,"ID":10}],[{"utility":55,"ID":6},{"utility":41,"ID":15},{"utility":46,"ID":22},{"utility":33.333333333333336,"ID":23}],[],[],[],[],[],[],[],[],[],[],[],[],[],[],[]],"CORE :":true,"Relazioni :":770,"Time : ":0.2,"LAST PARTITION":{"22":14,"23":6,"24":14,"25":3,"26":15,"27":10,"28":4,"29":9,"30":7,"10":5,"11":4,"12":13,"13":3,"14":18,"15":10,"16":16,"17":5,"18":1,"19":12,"1":6,"2":18,"3":15,"4":16,"5":7,"6":13,"7":1,"8":2,"9":2,"20":9,"21":12}},{"Modalità dinamica :":true,"Q : ":4,"STARTING PARTITION: ":{"22":15,"23":15,"24":9,"25":2,"26":6,"27":8,"28":12,"29":4,"30":6,"10":14,"11":6,"12":1,"13":9,"14":11,"15":15,"16":1,"17":3,"18":4,"19":8,"1":8,"2":10,"3":9,"4":2,"5":7,"6":15,"7":14,"8":6,"9":12,"20":9,"21":2},"LAST COALITION":[[],[{"utility":39,"ID":15},{"utility":92,"ID":27}],[{"utility":65,"ID":3},{"utility":66,"ID":26}],[{"utility":93,"ID":20},{"utility":73,"ID":29}],[{"utility":97,"ID":4},{"utility":71,"ID":16}],[{"utility":91,"ID":6},{"utility":80,"ID":12}],[{"utility":81,"ID":2},{"utility":54,"ID":14}],[{"utility":89,"ID":19},{"utility":95,"ID":21}],[{"utility":88,"ID":5},{"utility":72,"ID":30}],[{"utility":93,"ID":22},{"utility":83,"ID":24}],[{"utility":97,"ID":8},{"utility":99,"ID":9}],[{"utility":53,"ID":13},{"utility":40,"ID":25}],[{"utility":88,"ID":10},{"utility":84,"ID":17}],[],[{"utility":96,"ID":1},{"utility":78,"ID":23}],[],[],[{"utility":94,"ID":7},{"utility":84,"ID":18}],[{"utility":86,"ID":11},{"utility":53,"ID":28}],[],[],[],[],[],[],[],[],[],[],[],[]],"STARTING COALITION: ":[[null],[{"utility":4,"ID":12},{"utility":53,"ID":16}],[{"utility":70.5,"ID":4},{"utility":37,"ID":21},{"utility":20.5,"ID":25}],[{"utility":0,"ID":17}],[{"utility":45,"ID":18},{"utility":75,"ID":29}],[],[{"utility":36,"ID":8},{"utility":30.666666666666668,"ID":11},{"utility":44.666666666666664,"ID":26},{"utility":36,"ID":30}],[{"utility":0,"ID":5}],[{"utility":67,"ID":1},{"utility":81.5,"ID":19},{"utility":86.5,"ID":27}],[{"utility":57.666666666666664,"ID":3},{"utility":30,"ID":13},{"utility":64,"ID":20},{"utility":24,"ID":24}],[{"utility":0,"ID":2}],[{"utility":0,"ID":14}],[{"utility":46,"ID":9},{"utility":67,"ID":28}],[],[{"utility":78,"ID":7},{"utility":74,"ID":10}],[{"utility":55,"ID":6},{"utility":41,"ID":15},{"utility":46,"ID":22},{"utility":33.333333333333336,"ID":23}],[],[],[],[],[],[],[],[],[],[],[],[],[],[],[]],"CORE :":true,"Relazioni :":770,"Time : ":0.4,"LAST PARTITION":{"22":9,"23":14,"24":9,"25":11,"26":2,"27":1,"28":18,"29":3,"30":8,"10":12,"11":18,"12":5,"13":11,"14":6,"15":1,"16":4,"17":12,"18":17,"19":7,"1":14,"2":6,"3":2,"4":4,"5":8,"6":5,"7":17,"8":10,"9":10,"20":3,"21":7}},{"Modalità dinamica :":true,"Q : ":5,"STARTING PARTITION: ":{"22":15,"23":15,"24":9,"25":2,"26":6,"27":8,"28":12,"29":4,"30":6,"10":14,"11":6,"12":1,"13":9,"14":11,"15":15,"16":1,"17":3,"18":4,"19":8,"1":8,"2":10,"3":9,"4":2,"5":7,"6":15,"7":14,"8":6,"9":12,"20":9,"21":2},"LAST COALITION":[[],[{"utility":93,"ID":22},{"utility":83,"ID":24}],[{"utility":89,"ID":19},{"utility":95,"ID":21}],[{"utility":65,"ID":3},{"utility":66,"ID":26}],[],[{"utility":39,"ID":15},{"utility":92,"ID":27}],[{"utility":53,"ID":13},{"utility":40,"ID":25}],[{"utility":96,"ID":1},{"utility":78,"ID":23}],[{"utility":91,"ID":6},{"utility":80,"ID":12}],[{"utility":88,"ID":5},{"utility":72,"ID":30}],[],[{"utility":97,"ID":8},{"utility":99,"ID":9}],[{"utility":81,"ID":2},{"utility":54,"ID":14}],[{"utility":43,"ID":20},{"utility":87,"ID":28}],[{"utility":94,"ID":7},{"utility":84,"ID":18}],[{"utility":79,"ID":11},{"utility":76,"ID":29}],[],[{"utility":97,"ID":4},{"utility":71,"ID":16}],[{"utility":88,"ID":10},{"utility":84,"ID":17}],[],[],[],[],[],[],[],[],[],[],[],[]],"STARTING COALITION: ":[[null],[{"utility":4,"ID":12},{"utility":53,"ID":16}],[{"utility":70.5,"ID":4},{"utility":37,"ID":21},{"utility":20.5,"ID":25}],[{"utility":0,"ID":17}],[{"utility":45,"ID":18},{"utility":75,"ID":29}],[],[{"utility":36,"ID":8},{"utility":30.666666666666668,"ID":11},{"utility":44.666666666666664,"ID":26},{"utility":36,"ID":30}],[{"utility":0,"ID":5}],[{"utility":67,"ID":1},{"utility":81.5,"ID":19},{"utility":86.5,"ID":27}],[{"utility":57.666666666666664,"ID":3},{"utility":30,"ID":13},{"utility":64,"ID":20},{"utility":24,"ID":24}],[{"utility":0,"ID":2}],[{"utility":0,"ID":14}],[{"utility":46,"ID":9},{"utility":67,"ID":28}],[],[{"utility":78,"ID":7},{"utility":74,"ID":10}],[{"utility":55,"ID":6},{"utility":41,"ID":15},{"utility":46,"ID":22},{"utility":33.333333333333336,"ID":23}],[],[],[],[],[],[],[],[],[],[],[],[],[],[],[]],"CORE :":true,"Relazioni :":770,"Time : ":0.2,"LAST PARTITION":{"22":1,"23":7,"24":1,"25":6,"26":3,"27":5,"28":13,"29":15,"30":9,"10":18,"11":15,"12":8,"13":6,"14":12,"15":5,"16":17,"17":18,"18":14,"19":2,"1":7,"2":12,"3":3,"4":17,"5":9,"6":8,"7":14,"8":11,"9":11,"20":13,"21":2}},{"Modalità dinamica :":true,"Q : ":5,"STARTING PARTITION: ":{"22":15,"23":15,"24":9,"25":2,"26":6,"27":8,"28":12,"29":4,"30":6,"10":14,"11":6,"12":1,"13":9,"14":11,"15":15,"16":1,"17":3,"18":4,"19":8,"1":8,"2":10,"3":9,"4":2,"5":7,"6":15,"7":14,"8":6,"9":12,"20":9,"21":2},"LAST COALITION":[[],[{"utility":81,"ID":2},{"utility":54,"ID":14}],[{"utility":93,"ID":22},{"utility":83,"ID":24}],[{"utility":97,"ID":8},{"utility":99,"ID":9}],[{"utility":97,"ID":4},{"utility":71,"ID":16}],[{"utility":53,"ID":13},{"utility":40,"ID":25}],[{"utility":65,"ID":3},{"utility":66,"ID":26}],[{"utility":94,"ID":7},{"utility":84,"ID":18}],[{"utility":96,"ID":1},{"utility":78,"ID":23}],[{"utility":88,"ID":5},{"utility":72,"ID":30}],[{"utility":93,"ID":20},{"utility":73,"ID":29}],[{"utility":89,"ID":19},{"utility":95,"ID":21}],[{"utility":86,"ID":11},{"utility":53,"ID":28}],[{"utility":91,"ID":6},{"utility":80,"ID":12}],[],[{"utility":39,"ID":15},{"utility":92,"ID":27}],[],[],[],[{"utility":88,"ID":10},{"utility":84,"ID":17}],[],[],[],[],[],[],[],[],[],[],[]],"STARTING COALITION: ":[[null],[{"utility":4,"ID":12},{"utility":53,"ID":16}],[{"utility":70.5,"ID":4},{"utility":37,"ID":21},{"utility":20.5,"ID":25}],[{"utility":0,"ID":17}],[{"utility":45,"ID":18},{"utility":75,"ID":29}],[],[{"utility":36,"ID":8},{"utility":30.666666666666668,"ID":11},{"utility":44.666666666666664,"ID":26},{"utility":36,"ID":30}],[{"utility":0,"ID":5}],[{"utility":67,"ID":1},{"utility":81.5,"ID":19},{"utility":86.5,"ID":27}],[{"utility":57.666666666666664,"ID":3},{"utility":30,"ID":13},{"utility":64,"ID":20},{"utility":24,"ID":24}],[{"utility":0,"ID":2}],[{"utility":0,"ID":14}],[{"utility":46,"ID":9},{"utility":67,"ID":28}],[],[{"utility":78,"ID":7},{"utility":74,"ID":10}],[{"utility":55,"ID":6},{"utility":41,"ID":15},{"utility":46,"ID":22},{"utility":33.333333333333336,"ID":23}],[],[],[],[],[],[],[],[],[],[],[],[],[],[],[]],"CORE :":true,"Relazioni :":770,"Time : ":0.4,"LAST PARTITION":{"22":2,"23":8,"24":2,"25":5,"26":6,"27":15,"28":12,"29":10,"30":9,"10":19,"11":12,"12":13,"13":5,"14":1,"15":15,"16":4,"17":19,"18":7,"19":11,"1":8,"2":1,"3":6,"4":4,"5":9,"6":13,"7":7,"8":3,"9":3,"20":10,"21":11}},{"Modalità dinamica :":true,"Q : ":6,"STARTING PARTITION: ":{"22":15,"23":15,"24":9,"25":2,"26":6,"27":8,"28":12,"29":4,"30":6,"10":14,"11":6,"12":1,"13":9,"14":11,"15":15,"16":1,"17":3,"18":4,"19":8,"1":8,"2":10,"3":9,"4":2,"5":7,"6":15,"7":14,"8":6,"9":12,"20":9,"21":2},"LAST COALITION":[[],[],[{"utility":89,"ID":19},{"utility":95,"ID":21}],[{"utility":88,"ID":10},{"utility":84,"ID":17}],[{"utility":53,"ID":13},{"utility":40,"ID":25}],[{"utility":91,"ID":6},{"utility":80,"ID":12}],[{"utility":88,"ID":5},{"utility":72,"ID":30}],[{"utility":97,"ID":8},{"utility":99,"ID":9}],[{"utility":97,"ID":4},{"utility":71,"ID":16}],[],[{"utility":94,"ID":7},{"utility":84,"ID":18}],[{"utility":43,"ID":20},{"utility":87,"ID":28}],[{"utility":81,"ID":2},{"utility":54,"ID":14}],[{"utility":96,"ID":1},{"utility":78,"ID":23}],[],[{"utility":93,"ID":22},{"utility":83,"ID":24}],[{"utility":65,"ID":3},{"utility":66,"ID":26}],[{"utility":39,"ID":15},{"utility":92,"ID":27}],[{"utility":79,"ID":11},{"utility":76,"ID":29}],[],[],[],[],[],[],[],[],[],[],[],[]],"STARTING COALITION: ":[[null],[{"utility":4,"ID":12},{"utility":53,"ID":16}],[{"utility":70.5,"ID":4},{"utility":37,"ID":21},{"utility":20.5,"ID":25}],[{"utility":0,"ID":17}],[{"utility":45,"ID":18},{"utility":75,"ID":29}],[],[{"utility":36,"ID":8},{"utility":30.666666666666668,"ID":11},{"utility":44.666666666666664,"ID":26},{"utility":36,"ID":30}],[{"utility":0,"ID":5}],[{"utility":67,"ID":1},{"utility":81.5,"ID":19},{"utility":86.5,"ID":27}],[{"utility":57.666666666666664,"ID":3},{"utility":30,"ID":13},{"utility":64,"ID":20},{"utility":24,"ID":24}],[{"utility":0,"ID":2}],[{"utility":0,"ID":14}],[{"utility":46,"ID":9},{"utility":67,"ID":28}],[],[{"utility":78,"ID":7},{"utility":74,"ID":10}],[{"utility":55,"ID":6},{"utility":41,"ID":15},{"utility":46,"ID":22},{"utility":33.333333333333336,"ID":23}],[],[],[],[],[],[],[],[],[],[],[],[],[],[],[]],"CORE :":true,"Relazioni :":770,"Time : ":0.2,"LAST PARTITION":{"22":15,"23":13,"24":15,"25":4,"26":16,"27":17,"28":11,"29":18,"30":6,"10":3,"11":18,"12":5,"13":4,"14":12,"15":17,"16":8,"17":3,"18":10,"19":2,"1":13,"2":12,"3":16,"4":8,"5":6,"6":5,"7":10,"8":7,"9":7,"20":11,"21":2}},{"Modalità dinamica :":true,"Q : ":6,"STARTING PARTITION: ":{"22":15,"23":15,"24":9,"25":2,"26":6,"27":8,"28":12,"29":4,"30":6,"10":14,"11":6,"12":1,"13":9,"14":11,"15":15,"16":1,"17":3,"18":4,"19":8,"1":8,"2":10,"3":9,"4":2,"5":7,"6":15,"7":14,"8":6,"9":12,"20":9,"21":2},"LAST COALITION":[[],[],[{"utility":97,"ID":4},{"utility":71,"ID":16}],[{"utility":94,"ID":7},{"utility":84,"ID":18}],[{"utility":39,"ID":15},{"utility":92,"ID":27}],[{"utility":91,"ID":6},{"utility":80,"ID":12}],[{"utility":88,"ID":5},{"utility":72,"ID":30}],[],[{"utility":96,"ID":1},{"utility":78,"ID":23}],[{"utility":53,"ID":13},{"utility":40,"ID":25}],[{"utility":86,"ID":11},{"utility":53,"ID":28}],[{"utility":88,"ID":10},{"utility":84,"ID":17}],[{"utility":89,"ID":19},{"utility":95,"ID":21}],[{"utility":65,"ID":3},{"utility":66,"ID":26}],[{"utility":93,"ID":22},{"utility":83,"ID":24}],[{"utility":81,"ID":2},{"utility":54,"ID":14}],[{"utility":93,"ID":20},{"utility":73,"ID":29}],[],[],[{"utility":97,"ID":8},{"utility":99,"ID":9}],[],[],[],[],[],[],[],[],[],[],[]],"STARTING COALITION: ":[[null],[{"utility":4,"ID":12},{"utility":53,"ID":16}],[{"utility":70.5,"ID":4},{"utility":37,"ID":21},{"utility":20.5,"ID":25}],[{"utility":0,"ID":17}],[{"utility":45,"ID":18},{"utility":75,"ID":29}],[],[{"utility":36,"ID":8},{"utility":30.666666666666668,"ID":11},{"utility":44.666666666666664,"ID":26},{"utility":36,"ID":30}],[{"utility":0,"ID":5}],[{"utility":67,"ID":1},{"utility":81.5,"ID":19},{"utility":86.5,"ID":27}],[{"utility":57.666666666666664,"ID":3},{"utility":30,"ID":13},{"utility":64,"ID":20},{"utility":24,"ID":24}],[{"utility":0,"ID":2}],[{"utility":0,"ID":14}],[{"utility":46,"ID":9},{"utility":67,"ID":28}],[],[{"utility":78,"ID":7},{"utility":74,"ID":10}],[{"utility":55,"ID":6},{"utility":41,"ID":15},{"utility":46,"ID":22},{"utility":33.333333333333336,"ID":23}],[],[],[],[],[],[],[],[],[],[],[],[],[],[],[]],"CORE :":true,"Relazioni :":770,"Time : ":0.4,"LAST PARTITION":{"22":14,"23":8,"24":14,"25":9,"26":13,"27":4,"28":10,"29":16,"30":6,"10":11,"11":10,"12":5,"13":9,"14":15,"15":4,"16":2,"17":11,"18":3,"19":12,"1":8,"2":15,"3":13,"4":2,"5":6,"6":5,"7":3,"8":19,"9":19,"20":16,"21":12}},{"Modalità dinamica :":true,"Q : ":7,"STARTING PARTITION: ":{"22":15,"23":15,"24":9,"25":2,"26":6,"27":8,"28":12,"29":4,"30":6,"10":14,"11":6,"12":1,"13":9,"14":11,"15":15,"16":1,"17":3,"18":4,"19":8,"1":8,"2":10,"3":9,"4":2,"5":7,"6":15,"7":14,"8":6,"9":12,"20":9,"21":2},"LAST COALITION":[[],[{"utility":88,"ID":4},{"utility":88,"ID":15}],[{"utility":33,"ID":5},{"utility":16.5,"ID":10},{"utility":55,"ID":14}],[{"utility":77,"ID":16},{"utility":73,"ID":24}],[{"utility":46,"ID":17},{"utility":49.5,"ID":25},{"utility":41.5,"ID":27}],[{"utility":89,"ID":19},{"utility":95,"ID":21}],[{"utility":96,"ID":1},{"utility":78,"ID":23}],[{"utility":94,"ID":7},{"utility":84,"ID":18}],[{"utility":91,"ID":6},{"utility":80,"ID":12}],[],[{"utility":0,"ID":2}],[{"utility":97,"ID":8},{"utility":99,"ID":9}],[],[],[{"utility":0,"ID":13}],[{"utility":93,"ID":20},{"utility":73,"ID":29}],[{"utility":88,"ID":11},{"utility":70,"ID":22}],[],[{"utility":79,"ID":28},{"utility":65,"ID":30}],[{"utility":65,"ID":3},{"utility":66,"ID":26}],[],[],[],[],[],[],[],[],[],[],[]],"STARTING COALITION: ":[[null],[{"utility":4,"ID":12},{"utility":53,"ID":16}],[{"utility":70.5,"ID":4},{"utility":37,"ID":21},{"utility":20.5,"ID":25}],[{"utility":0,"ID":17}],[{"utility":45,"ID":18},{"utility":75,"ID":29}],[],[{"utility":36,"ID":8},{"utility":30.666666666666668,"ID":11},{"utility":44.666666666666664,"ID":26},{"utility":36,"ID":30}],[{"utility":0,"ID":5}],[{"utility":67,"ID":1},{"utility":81.5,"ID":19},{"utility":86.5,"ID":27}],[{"utility":57.666666666666664,"ID":3},{"utility":30,"ID":13},{"utility":64,"ID":20},{"utility":24,"ID":24}],[{"utility":0,"ID":2}],[{"utility":0,"ID":14}],[{"utility":46,"ID":9},{"utility":67,"ID":28}],[],[{"utility":78,"ID":7},{"utility":74,"ID":10}],[{"utility":55,"ID":6},{"utility":41,"ID":15},{"utility":46,"ID":22},{"utility":33.333333333333336,"ID":23}],[],[],[],[],[],[],[],[],[],[],[],[],[],[],[]],"CORE :":false,"Relazioni :":770,"Time : ":0.2,"LAST PARTITION":{"22":16,"23":6,"24":3,"25":4,"26":19,"27":4,"28":18,"29":15,"30":18,"10":2,"11":16,"12":8,"13":14,"14":2,"15":1,"16":3,"17":4,"18":7,"19":5,"1":6,"2":10,"3":19,"4":1,"5":2,"6":8,"7":7,"8":11,"9":11,"20":15,"21":5}},{"Modalità dinamica :":true,"Q : ":7,"STARTING PARTITION: ":{"22":15,"23":15,"24":9,"25":2,"26":6,"27":8,"28":12,"29":4,"30":6,"10":14,"11":6,"12":1,"13":9,"14":11,"15":15,"16":1,"17":3,"18":4,"19":8,"1":8,"2":10,"3":9,"4":2,"5":7,"6":15,"7":14,"8":6,"9":12,"20":9,"21":2},"LAST COALITION":[[],[{"utility":97,"ID":4},{"utility":71,"ID":16}],[{"utility":81,"ID":2},{"utility":54,"ID":14}],[{"utility":88,"ID":10},{"utility":84,"ID":17}],[{"utility":93,"ID":22},{"utility":83,"ID":24}],[{"utility":88,"ID":5},{"utility":72,"ID":30}],[{"utility":94,"ID":7},{"utility":84,"ID":18}],[],[{"utility":65,"ID":3},{"utility":66,"ID":26}],[{"utility":96,"ID":1},{"utility":78,"ID":23}],[],[{"utility":91,"ID":6},{"utility":80,"ID":12}],[{"utility":39,"ID":15},{"utility":92,"ID":27}],[{"utility":97,"ID":8},{"utility":99,"ID":9}],[{"utility":53,"ID":13},{"utility":40,"ID":25}],[{"utility":93,"ID":20},{"utility":73,"ID":29}],[{"utility":86,"ID":11},{"utility":53,"ID":28}],[],[{"utility":89,"ID":19},{"utility":95,"ID":21}],[],[],[],[],[],[],[],[],[],[],[],[]],"STARTING COALITION: ":[[null],[{"utility":4,"ID":12},{"utility":53,"ID":16}],[{"utility":70.5,"ID":4},{"utility":37,"ID":21},{"utility":20.5,"ID":25}],[{"utility":0,"ID":17}],[{"utility":45,"ID":18},{"utility":75,"ID":29}],[],[{"utility":36,"ID":8},{"utility":30.666666666666668,"ID":11},{"utility":44.666666666666664,"ID":26},{"utility":36,"ID":30}],[{"utility":0,"ID":5}],[{"utility":67,"ID":1},{"utility":81.5,"ID":19},{"utility":86.5,"ID":27}],[{"utility":57.666666666666664,"ID":3},{"utility":30,"ID":13},{"utility":64,"ID":20},{"utility":24,"ID":24}],[{"utility":0,"ID":2}],[{"utility":0,"ID":14}],[{"utility":46,"ID":9},{"utility":67,"ID":28}],[],[{"utility":78,"ID":7},{"utility":74,"ID":10}],[{"utility":55,"ID":6},{"utility":41,"ID":15},{"utility":46,"ID":22},{"utility":33.333333333333336,"ID":23}],[],[],[],[],[],[],[],[],[],[],[],[],[],[],[]],"CORE :":true,"Relazioni :":770,"Time : ":0.4,"LAST PARTITION":{"22":4,"23":9,"24":4,"25":14,"26":8,"27":12,"28":16,"29":15,"30":5,"10":3,"11":16,"12":11,"13":14,"14":2,"15":12,"16":1,"17":3,"18":6,"19":18,"1":9,"2":2,"3":8,"4":1,"5":5,"6":11,"7":6,"8":13,"9":13,"20":15,"21":18}},{"Modalità dinamica :":true,"Q : ":8,"STARTING PARTITION: ":{"22":15,"23":15,"24":9,"25":2,"26":6,"27":8,"28":12,"29":4,"30":6,"10":14,"11":6,"12":1,"13":9,"14":11,"15":15,"16":1,"17":3,"18":4,"19":8,"1":8,"2":10,"3":9,"4":2,"5":7,"6":15,"7":14,"8":6,"9":12,"20":9,"21":2},"LAST COALITION":[[],[{"utility":88,"ID":5},{"utility":72,"ID":30}],[{"utility":97,"ID":4},{"utility":71,"ID":16}],[{"utility":94,"ID":7},{"utility":84,"ID":18}],[{"utility":93,"ID":20},{"utility":73,"ID":29}],[{"utility":53,"ID":13},{"utility":40,"ID":25}],[{"utility":89,"ID":19},{"utility":95,"ID":21}],[{"utility":91,"ID":6},{"utility":80,"ID":12}],[],[{"utility":81,"ID":2},{"utility":54,"ID":14}],[{"utility":86,"ID":11},{"utility":53,"ID":28}],[{"utility":96,"ID":1},{"utility":78,"ID":23}],[{"utility":97,"ID":8},{"utility":99,"ID":9}],[{"utility":93,"ID":22},{"utility":83,"ID":24}],[{"utility":39,"ID":15},{"utility":92,"ID":27}],[{"utility":65,"ID":3},{"utility":66,"ID":26}],[{"utility":88,"ID":10},{"utility":84,"ID":17}],[],[],[],[],[],[],[],[],[],[],[],[],[],[]],"STARTING COALITION: ":[[null],[{"utility":4,"ID":12},{"utility":53,"ID":16}],[{"utility":70.5,"ID":4},{"utility":37,"ID":21},{"utility":20.5,"ID":25}],[{"utility":0,"ID":17}],[{"utility":45,"ID":18},{"utility":75,"ID":29}],[],[{"utility":36,"ID":8},{"utility":30.666666666666668,"ID":11},{"utility":44.666666666666664,"ID":26},{"utility":36,"ID":30}],[{"utility":0,"ID":5}],[{"utility":67,"ID":1},{"utility":81.5,"ID":19},{"utility":86.5,"ID":27}],[{"utility":57.666666666666664,"ID":3},{"utility":30,"ID":13},{"utility":64,"ID":20},{"utility":24,"ID":24}],[{"utility":0,"ID":2}],[{"utility":0,"ID":14}],[{"utility":46,"ID":9},{"utility":67,"ID":28}],[],[{"utility":78,"ID":7},{"utility":74,"ID":10}],[{"utility":55,"ID":6},{"utility":41,"ID":15},{"utility":46,"ID":22},{"utility":33.333333333333336,"ID":23}],[],[],[],[],[],[],[],[],[],[],[],[],[],[],[]],"CORE :":true,"Relazioni :":770,"Time : ":0.2,"LAST PARTITION":{"22":13,"23":11,"24":13,"25":5,"26":15,"27":14,"28":10,"29":4,"30":1,"10":16,"11":10,"12":7,"13":5,"14":9,"15":14,"16":2,"17":16,"18":3,"19":6,"1":11,"2":9,"3":15,"4":2,"5":1,"6":7,"7":3,"8":12,"9":12,"20":4,"21":6}},{"Modalità dinamica :":true,"Q : ":8,"STARTING PARTITION: ":{"22":15,"23":15,"24":9,"25":2,"26":6,"27":8,"28":12,"29":4,"30":6,"10":14,"11":6,"12":1,"13":9,"14":11,"15":15,"16":1,"17":3,"18":4,"19":8,"1":8,"2":10,"3":9,"4":2,"5":7,"6":15,"7":14,"8":6,"9":12,"20":9,"21":2},"LAST COALITION":[[],[{"utility":86,"ID":3},{"utility":22,"ID":27}],[{"utility":7,"ID":10},{"utility":64,"ID":24}],[{"utility":79,"ID":11},{"utility":76,"ID":29}],[{"utility":97,"ID":8},{"utility":99,"ID":9}],[{"utility":41,"ID":13},{"utility":20,"ID":25},{"utility":70.5,"ID":28}],[{"utility":99,"ID":19},{"utility":40,"ID":23}],[{"utility":0,"ID":16}],[{"utility":81,"ID":2},{"utility":54,"ID":14}],[{"utility":28,"ID":21},{"utility":12,"ID":26}],[{"utility":68,"ID":1},{"utility":24,"ID":5}],[{"utility":94,"ID":7},{"utility":84,"ID":18}],[{"utility":88,"ID":4},{"utility":88,"ID":15}],[],[{"utility":39,"ID":17},{"utility":36,"ID":30}],[],[{"utility":91,"ID":6},{"utility":80,"ID":12}],[],[{"utility":90,"ID":20},{"utility":71,"ID":22}],[],[],[],[],[],[],[],[],[],[],[],[]],"STARTING COALITION: ":[[null],[{"utility":4,"ID":12},{"utility":53,"ID":16}],[{"utility":70.5,"ID":4},{"utility":37,"ID":21},{"utility":20.5,"ID":25}],[{"utility":0,"ID":17}],[{"utility":45,"ID":18},{"utility":75,"ID":29}],[],[{"utility":36,"ID":8},{"utility":30.666666666666668,"ID":11},{"utility":44.666666666666664,"ID":26},{"utility":36,"ID":30}],[{"utility":0,"ID":5}],[{"utility":67,"ID":1},{"utility":81.5,"ID":19},{"utility":86.5,"ID":27}],[{"utility":57.666666666666664,"ID":3},{"utility":30,"ID":13},{"utility":64,"ID":20},{"utility":24,"ID":24}],[{"utility":0,"ID":2}],[{"utility":0,"ID":14}],[{"utility":46,"ID":9},{"utility":67,"ID":28}],[],[{"utility":78,"ID":7},{"utility":74,"ID":10}],[{"utility":55,"ID":6},{"utility":41,"ID":15},{"utility":46,"ID":22},{"utility":33.333333333333336,"ID":23}],[],[],[],[],[],[],[],[],[],[],[],[],[],[],[]],"CORE :":false,"Relazioni :":770,"Time : ":0.4,"LAST PARTITION":{"22":18,"23":6,"24":2,"25":5,"26":9,"27":1,"28":5,"29":3,"30":14,"10":2,"11":3,"12":16,"13":5,"14":8,"15":12,"16":7,"17":14,"18":11,"19":6,"1":10,"2":8,"3":1,"4":12,"5":10,"6":16,"7":11,"8":4,"9":4,"20":18,"21":9}},{"Modalità dinamica :":true,"Q : ":9,"STARTING PARTITION: ":{"22":15,"23":15,"24":9,"25":2,"26":6,"27":8,"28":12,"29":4,"30":6,"10":14,"11":6,"12":1,"13":9,"14":11,"15":15,"16":1,"17":3,"18":4,"19":8,"1":8,"2":10,"3":9,"4":2,"5":7,"6":15,"7":14,"8":6,"9":12,"20":9,"21":2},"LAST COALITION":[[],[{"utility":81,"ID":2},{"utility":54,"ID":14}],[{"utility":88,"ID":5},{"utility":72,"ID":30}],[{"utility":91,"ID":6},{"utility":80,"ID":12}],[{"utility":65,"ID":3},{"utility":66,"ID":26}],[{"utility":93,"ID":20},{"utility":73,"ID":29}],[{"utility":94,"ID":7},{"utility":84,"ID":18}],[{"utility":88,"ID":10},{"utility":84,"ID":17}],[{"utility":96,"ID":1},{"utility":78,"ID":23}],[{"utility":86,"ID":11},{"utility":53,"ID":28}],[{"utility":97,"ID":4},{"utility":71,"ID":16}],[{"utility":89,"ID":19},{"utility":95,"ID":21}],[],[{"utility":53,"ID":13},{"utility":40,"ID":25}],[],[{"utility":97,"ID":8},{"utility":99,"ID":9}],[{"utility":39,"ID":15},{"utility":92,"ID":27}],[{"utility":93,"ID":22},{"utility":83,"ID":24}],[],[],[],[],[],[],[],[],[],[],[],[],[]],"STARTING COALITION: ":[[null],[{"utility":4,"ID":12},{"utility":53,"ID":16}],[{"utility":70.5,"ID":4},{"utility":37,"ID":21},{"utility":20.5,"ID":25}],[{"utility":0,"ID":17}],[{"utility":45,"ID":18},{"utility":75,"ID":29}],[],[{"utility":36,"ID":8},{"utility":30.666666666666668,"ID":11},{"utility":44.666666666666664,"ID":26},{"utility":36,"ID":30}],[{"utility":0,"ID":5}],[{"utility":67,"ID":1},{"utility":81.5,"ID":19},{"utility":86.5,"ID":27}],[{"utility":57.666666666666664,"ID":3},{"utility":30,"ID":13},{"utility":64,"ID":20},{"utility":24,"ID":24}],[{"utility":0,"ID":2}],[{"utility":0,"ID":14}],[{"utility":46,"ID":9},{"utility":67,"ID":28}],[],[{"utility":78,"ID":7},{"utility":74,"ID":10}],[{"utility":55,"ID":6},{"utility":41,"ID":15},{"utility":46,"ID":22},{"utility":33.333333333333336,"ID":23}],[],[],[],[],[],[],[],[],[],[],[],[],[],[],[]],"CORE :":true,"Relazioni :":770,"Time : ":0.2,"LAST PARTITION":{"22":17,"23":8,"24":17,"25":13,"26":4,"27":16,"28":9,"29":5,"30":2,"10":7,"11":9,"12":3,"13":13,"14":1,"15":16,"16":10,"17":7,"18":6,"19":11,"1":8,"2":1,"3":4,"4":10,"5":2,"6":3,"7":6,"8":15,"9":15,"20":5,"21":11}},{"Modalità dinamica :":true,"Q : ":9,"STARTING PARTITION: ":{"22":15,"23":15,"24":9,"25":2,"26":6,"27":8,"28":12,"29":4,"30":6,"10":14,"11":6,"12":1,"13":9,"14":11,"15":15,"16":1,"17":3,"18":4,"19":8,"1":8,"2":10,"3":9,"4":2,"5":7,"6":15,"7":14,"8":6,"9":12,"20":9,"21":2},"LAST COALITION":[[],[{"utility":89,"ID":19},{"utility":95,"ID":21}],[{"utility":88,"ID":5},{"utility":72,"ID":30}],[{"utility":39,"ID":15},{"utility":92,"ID":27}],[{"utility":93,"ID":22},{"utility":83,"ID":24}],[],[{"utility":97,"ID":4},{"utility":71,"ID":16}],[],[{"utility":86,"ID":11},{"utility":53,"ID":28}],[{"utility":96,"ID":1},{"utility":78,"ID":23}],[{"utility":88,"ID":10},{"utility":84,"ID":17}],[{"utility":93,"ID":20},{"utility":73,"ID":29}],[{"utility":94,"ID":7},{"utility":84,"ID":18}],[{"utility":97,"ID":8},{"utility":99,"ID":9}],[],[{"utility":81,"ID":2},{"utility":54,"ID":14}],[{"utility":91,"ID":6},{"utility":80,"ID":12}],[{"utility":53,"ID":13},{"utility":40,"ID":25}],[{"utility":65,"ID":3},{"utility":66,"ID":26}],[],[],[],[],[],[],[],[],[],[],[],[]],"STARTING COALITION: ":[[null],[{"utility":4,"ID":12},{"utility":53,"ID":16}],[{"utility":70.5,"ID":4},{"utility":37,"ID":21},{"utility":20.5,"ID":25}],[{"utility":0,"ID":17}],[{"utility":45,"ID":18},{"utility":75,"ID":29}],[],[{"utility":36,"ID":8},{"utility":30.666666666666668,"ID":11},{"utility":44.666666666666664,"ID":26},{"utility":36,"ID":30}],[{"utility":0,"ID":5}],[{"utility":67,"ID":1},{"utility":81.5,"ID":19},{"utility":86.5,"ID":27}],[{"utility":57.666666666666664,"ID":3},{"utility":30,"ID":13},{"utility":64,"ID":20},{"utility":24,"ID":24}],[{"utility":0,"ID":2}],[{"utility":0,"ID":14}],[{"utility":46,"ID":9},{"utility":67,"ID":28}],[],[{"utility":78,"ID":7},{"utility":74,"ID":10}],[{"utility":55,"ID":6},{"utility":41,"ID":15},{"utility":46,"ID":22},{"utility":33.333333333333336,"ID":23}],[],[],[],[],[],[],[],[],[],[],[],[],[],[],[]],"CORE :":true,"Relazioni :":770,"Time : ":0.4,"LAST PARTITION":{"22":4,"23":9,"24":4,"25":17,"26":18,"27":3,"28":8,"29":11,"30":2,"10":10,"11":8,"12":16,"13":17,"14":15,"15":3,"16":6,"17":10,"18":12,"19":1,"1":9,"2":15,"3":18,"4":6,"5":2,"6":16,"7":12,"8":13,"9":13,"20":11,"21":1}},{"Modalità dinamica :":true,"Q : ":10,"STARTING PARTITION: ":{"22":15,"23":15,"24":9,"25":2,"26":6,"27":8,"28":12,"29":4,"30":6,"10":14,"11":6,"12":1,"13":9,"14":11,"15":15,"16":1,"17":3,"18":4,"19":8,"1":8,"2":10,"3":9,"4":2,"5":7,"6":15,"7":14,"8":6,"9":12,"20":9,"21":2},"LAST COALITION":[[],[{"utility":0,"ID":21}],[{"utility":96,"ID":1},{"utility":78,"ID":23}],[{"utility":0,"ID":12}],[{"utility":90,"ID":20},{"utility":71,"ID":22}],[{"utility":97,"ID":4},{"utility":71,"ID":16}],[{"utility":79,"ID":11},{"utility":76,"ID":29}],[{"utility":65,"ID":3},{"utility":66,"ID":26}],[{"utility":0,"ID":5}],[{"utility":0,"ID":14}],[{"utility":0,"ID":25}],[{"utility":97,"ID":2},{"utility":44,"ID":10}],[{"utility":97,"ID":8},{"utility":99,"ID":9}],[{"utility":0,"ID":17}],[{"utility":79,"ID":28},{"utility":65,"ID":30}],[{"utility":86,"ID":19},{"utility":76,"ID":27}],[{"utility":55.5,"ID":13},{"utility":34,"ID":15},{"utility":66,"ID":24}],[{"utility":94,"ID":7},{"utility":84,"ID":18}],[],[],[{"utility":0,"ID":6}],[],[],[],[],[],[],[],[],[],[]],"STARTING COALITION: ":[[null],[{"utility":4,"ID":12},{"utility":53,"ID":16}],[{"utility":70.5,"ID":4},{"utility":37,"ID":21},{"utility":20.5,"ID":25}],[{"utility":0,"ID":17}],[{"utility":45,"ID":18},{"utility":75,"ID":29}],[],[{"utility":36,"ID":8},{"utility":30.666666666666668,"ID":11},{"utility":44.666666666666664,"ID":26},{"utility":36,"ID":30}],[{"utility":0,"ID":5}],[{"utility":67,"ID":1},{"utility":81.5,"ID":19},{"utility":86.5,"ID":27}],[{"utility":57.666666666666664,"ID":3},{"utility":30,"ID":13},{"utility":64,"ID":20},{"utility":24,"ID":24}],[{"utility":0,"ID":2}],[{"utility":0,"ID":14}],[{"utility":46,"ID":9},{"utility":67,"ID":28}],[],[{"utility":78,"ID":7},{"utility":74,"ID":10}],[{"utility":55,"ID":6},{"utility":41,"ID":15},{"utility":46,"ID":22},{"utility":33.333333333333336,"ID":23}],[],[],[],[],[],[],[],[],[],[],[],[],[],[],[]],"CORE :":false,"Relazioni :":770,"Time : ":0.2,"LAST PARTITION":{"22":4,"23":2,"24":16,"25":10,"26":7,"27":15,"28":14,"29":6,"30":14,"10":11,"11":6,"12":3,"13":16,"14":9,"15":16,"16":5,"17":13,"18":17,"19":15,"1":2,"2":11,"3":7,"4":5,"5":8,"6":20,"7":17,"8":12,"9":12,"20":4,"21":1}},{"Modalità dinamica :":true,"Q : ":10,"STARTING PARTITION: ":{"22":15,"23":15,"24":9,"25":2,"26":6,"27":8,"28":12,"29":4,"30":6,"10":14,"11":6,"12":1,"13":9,"14":11,"15":15,"16":1,"17":3,"18":4,"19":8,"1":8,"2":10,"3":9,"4":2,"5":7,"6":15,"7":14,"8":6,"9":12,"20":9,"21":2},"LAST COALITION":[[],[{"utility":94,"ID":7},{"utility":84,"ID":18}],[{"utility":34,"ID":17},{"utility":97,"ID":29}],[{"utility":97,"ID":8},{"utility":99,"ID":9}],[{"utility":0,"ID":25}],[{"utility":88,"ID":4},{"utility":88,"ID":15}],[{"utility":70,"ID":13},{"utility":42,"ID":16}],[{"utility":60,"ID":3},{"utility":96,"ID":10}],[{"utility":91,"ID":6},{"utility":80,"ID":12}],[{"utility":38,"ID":14},{"utility":50,"ID":30}],[{"utility":0,"ID":21}],[{"utility":75,"ID":11},{"utility":76,"ID":20}],[{"utility":41,"ID":2},{"utility":61,"ID":5}],[],[{"utility":0,"ID":22}],[{"utility":96,"ID":1},{"utility":78,"ID":23}],[{"utility":84,"ID":26},{"utility":15,"ID":28}],[{"utility":43,"ID":19},{"utility":49,"ID":24},{"utility":69,"ID":27}],[],[],[],[],[],[],[],[],[],[],[],[],[]],"STARTING COALITION: ":[[null],[{"utility":4,"ID":12},{"utility":53,"ID":16}],[{"utility":70.5,"ID":4},{"utility":37,"ID":21},{"utility":20.5,"ID":25}],[{"utility":0,"ID":17}],[{"utility":45,"ID":18},{"utility":75,"ID":29}],[],[{"utility":36,"ID":8},{"utility":30.666666666666668,"ID":11},{"utility":44.666666666666664,"ID":26},{"utility":36,"ID":30}],[{"utility":0,"ID":5}],[{"utility":67,"ID":1},{"utility":81.5,"ID":19},{"utility":86.5,"ID":27}],[{"utility":57.666666666666664,"ID":3},{"utility":30,"ID":13},{"utility":64,"ID":20},{"utility":24,"ID":24}],[{"utility":0,"ID":2}],[{"utility":0,"ID":14}],[{"utility":46,"ID":9},{"utility":67,"ID":28}],[],[{"utility":78,"ID":7},{"utility":74,"ID":10}],[{"utility":55,"ID":6},{"utility":41,"ID":15},{"utility":46,"ID":22},{"utility":33.333333333333336,"ID":23}],[],[],[],[],[],[],[],[],[],[],[],[],[],[],[]],"CORE :":false,"Relazioni :":770,"Time : ":0.4,"LAST PARTITION":{"22":14,"23":15,"24":17,"25":4,"26":16,"27":17,"28":16,"29":2,"30":9,"10":7,"11":11,"12":8,"13":6,"14":9,"15":5,"16":6,"17":2,"18":1,"19":17,"1":15,"2":12,"3":7,"4":5,"5":12,"6":8,"7":1,"8":3,"9":3,"20":11,"21":10}},{"END OF FILE:" : true}]