[{"STARTING PARTITION: ":{"11":3,"12":9,"13":8,"14":11,"15":8,"16":11,"17":4,"18":11,"19":7,"1":2,"2":3,"3":4,"4":9,"5":3,"6":2,"7":6,"8":10,"9":4,"20":3,"10":4},"Agents":[null,{"utility":69,"ID":1},{"utility":63.5,"ID":2},{"utility":81,"ID":3},{"utility":4,"ID":4},{"utility":28,"ID":5},{"utility":86,"ID":6},{"utility":30.5,"ID":7},{"utility":0,"ID":8},{"utility":68,"ID":9},{"utility":0,"ID":10},{"utility":0,"ID":11},{"utility":97,"ID":12},{"utility":56,"ID":13},{"utility":94,"ID":14},{"utility":49,"ID":15},{"utility":57,"ID":16},{"utility":36.5,"ID":17},{"utility":54,"ID":18},{"utility":0,"ID":19},{"utility":0,"ID":20}],"LAST COALITION":[[],[],[{"utility":0,"ID":20}],[{"utility":57,"ID":16},{"utility":68,"ID":9}],[{"utility":0,"ID":11}],[{"utility":4,"ID":4},{"utility":28,"ID":5}],[{"utility":97,"ID":12},{"utility":56,"ID":13}],[{"utility":0,"ID":19}],[{"utility":86,"ID":6},{"utility":94,"ID":14}],[{"utility":81,"ID":3},{"utility":49,"ID":15}],[{"utility":0,"ID":8}],[{"utility":69,"ID":1},{"utility":54,"ID":18}],[{"utility":36.5,"ID":17},{"utility":63.5,"ID":2},{"utility":30.5,"ID":7}],[{"utility":0,"ID":10}],[],[],[],[],[],[],[]],"STARTING COALITION: ":[[null],[],[{"utility":7,"ID":1},{"utility":31,"ID":6}],[{"utility":19.333333333333332,"ID":2},{"utility":30.333333333333332,"ID":5},{"utility":29,"ID":11},{"utility":39.666666666666664,"ID":20}],[{"utility":19.666666666666668,"ID":3},{"utility":7.666666666666667,"ID":9},{"utility":29.333333333333332,"ID":10},{"utility":16.333333333333332,"ID":17}],[],[{"utility":0,"ID":7}],[{"utility":0,"ID":19}],[{"utility":40,"ID":13},{"utility":0,"ID":15}],[{"utility":0,"ID":4},{"utility":0,"ID":12}],[{"utility":0,"ID":8}],[{"utility":34.5,"ID":14},{"utility":2.5,"ID":16},{"utility":54,"ID":18}],[],[],[],[],[],[],[],[],[]],"CORE :":false,"LAST PARTITION":{"11":4,"12":6,"13":6,"14":8,"15":9,"16":3,"17":12,"18":11,"19":7,"1":11,"2":12,"3":9,"4":5,"5":5,"6":8,"7":12,"8":10,"9":3,"20":2,"10":13}},{"STARTING PARTITION: ":{"11":11,"12":10,"13":2,"14":1,"15":3,"16":4,"17":1,"18":9,"19":11,"1":10,"2":11,"3":10,"4":5,"5":10,"6":3,"7":10,"8":6,"9":8,"20":2,"10":7},"Agents":[null,{"utility":69,"ID":1},{"utility":63.5,"ID":2},{"utility":81,"ID":3},{"utility":5,"ID":4},{"utility":0,"ID":5},{"utility":86,"ID":6},{"utility":30.5,"ID":7},{"utility":0,"ID":8},{"utility":68,"ID":9},{"utility":0,"ID":10},{"utility":0,"ID":11},{"utility":97,"ID":12},{"utility":56,"ID":13},{"utility":94,"ID":14},{"utility":49,"ID":15},{"utility":57,"ID":16},{"utility":36.5,"ID":17},{"utility":54,"ID":18},{"utility":0,"ID":19},{"utility":25,"ID":20}],"LAST COALITION":[[],[{"utility":5,"ID":4},{"utility":25,"ID":20}],[{"utility":86,"ID":6},{"utility":94,"ID":14}],[{"utility":0,"ID":5}],[{"utility":0,"ID":11}],[{"utility":0,"ID":10}],[{"utility":0,"ID":8}],[{"utility":97,"ID":12},{"utility":56,"ID":13}],[{"utility":57,"ID":16},{"utility":68,"ID":9}],[],[],[{"utility":0,"ID":19}],[{"utility":69,"ID":1},{"utility":54,"ID":18}],[{"utility":36.5,"ID":17},{"utility":63.5,"ID":2},{"utility":30.5,"ID":7}],[],[],[{"utility":81,"ID":3},{"utility":49,"ID":15}],[],[],[],[]],"STARTING COALITION: ":[[null],[{"utility":0,"ID":14},{"utility":0,"ID":17}],[{"utility":0,"ID":13},{"utility":18,"ID":20}],[{"utility":2,"ID":6},{"utility":0,"ID":15}],[{"utility":0,"ID":16}],[{"utility":0,"ID":4}],[{"utility":0,"ID":8}],[{"utility":0,"ID":10}],[{"utility":0,"ID":9}],[{"utility":0,"ID":18}],[{"utility":22.25,"ID":1},{"utility":39.25,"ID":3},{"utility":14.25,"ID":5},{"utility":39.5,"ID":7},{"utility":29.5,"ID":12}],[{"utility":0,"ID":2},{"utility":0,"ID":11},{"utility":0,"ID":19}],[],[],[],[],[],[],[],[],[]],"CORE :":false,"LAST PARTITION":{"11":4,"12":7,"13":7,"14":2,"15":16,"16":8,"17":13,"18":12,"19":11,"1":12,"2":13,"3":16,"4":1,"5":3,"6":2,"7":13,"8":6,"9":8,"20":1,"10":5}},{"STARTING PARTITION: ":{"11":5,"12":1,"13":9,"14":2,"15":2,"16":2,"17":6,"18":1,"19":10,"1":5,"2":3,"3":2,"4":8,"5":5,"6":10,"7":7,"8":9,"9":3,"20":2,"10":3},"Agents":[null,{"utility":69,"ID":1},{"utility":63.5,"ID":2},{"utility":81,"ID":3},{"utility":0,"ID":4},{"utility":0,"ID":5},{"utility":86,"ID":6},{"utility":30.5,"ID":7},{"utility":0,"ID":8},{"utility":68,"ID":9},{"utility":0,"ID":10},{"utility":0,"ID":11},{"utility":97,"ID":12},{"utility":56,"ID":13},{"utility":94,"ID":14},{"utility":49,"ID":15},{"utility":57,"ID":16},{"utility":36.5,"ID":17},{"utility":54,"ID":18},{"utility":0,"ID":19},{"utility":0,"ID":20}],"LAST COALITION":[[],[{"utility":81,"ID":3},{"utility":49,"ID":15}],[{"utility":0,"ID":11}],[{"utility":57,"ID":16},{"utility":68,"ID":9}],[{"utility":0,"ID":4}],[{"utility":97,"ID":12},{"utility":56,"ID":13}],[{"utility":0,"ID":20}],[],[{"utility":69,"ID":1},{"utility":54,"ID":18}],[{"utility":0,"ID":8}],[{"utility":0,"ID":19}],[{"utility":36.5,"ID":17},{"utility":63.5,"ID":2},{"utility":30.5,"ID":7}],[{"utility":0,"ID":5}],[{"utility":0,"ID":10}],[],[{"utility":86,"ID":6},{"utility":94,"ID":14}],[],[],[],[],[]],"STARTING COALITION: ":[[null],[{"utility":28,"ID":12},{"utility":0,"ID":18}],[{"utility":61.75,"ID":3},{"utility":36.5,"ID":14},{"utility":15,"ID":15},{"utility":44,"ID":16},{"utility":13.5,"ID":20}],[{"utility":0,"ID":2},{"utility":0,"ID":9},{"utility":5,"ID":10}],[],[{"utility":0,"ID":1},{"utility":35.5,"ID":5},{"utility":30,"ID":11}],[{"utility":0,"ID":17}],[{"utility":0,"ID":7}],[{"utility":0,"ID":4}],[{"utility":0,"ID":8},{"utility":0,"ID":13}],[{"utility":0,"ID":6},{"utility":0,"ID":19}],[],[],[],[],[],[],[],[],[],[]],"CORE :":false,"LAST PARTITION":{"11":2,"12":5,"13":5,"14":15,"15":1,"16":3,"17":11,"18":8,"19":10,"1":8,"2":11,"3":1,"4":4,"5":12,"6":15,"7":11,"8":9,"9":3,"20":6,"10":13}},{"STARTING PARTITION: ":{"11":3,"12":9,"13":3,"14":7,"15":4,"16":9,"17":4,"18":6,"19":10,"1":1,"2":8,"3":3,"4":3,"5":8,"6":1,"7":8,"8":6,"9":1,"20":10,"10":3},"Agents":[null,{"utility":65,"ID":1},{"utility":58,"ID":2},{"utility":81,"ID":3},{"utility":54,"ID":4},{"utility":0,"ID":5},{"utility":86,"ID":6},{"utility":25,"ID":7},{"utility":0,"ID":8},{"utility":68,"ID":9},{"utility":0,"ID":10},{"utility":0,"ID":11},{"utility":97,"ID":12},{"utility":56,"ID":13},{"utility":94,"ID":14},{"utility":49,"ID":15},{"utility":57,"ID":16},{"utility":79,"ID":17},{"utility":0,"ID":18},{"utility":0,"ID":19},{"utility":74,"ID":20}],"LAST COALITION":[[],[{"utility":54,"ID":4},{"utility":25,"ID":7}],[{"utility":58,"ID":2},{"utility":74,"ID":20}],[{"utility":0,"ID":10}],[{"utility":0,"ID":18}],[],[{"utility":0,"ID":8}],[{"utility":57,"ID":16},{"utility":68,"ID":9}],[{"utility":65,"ID":1},{"utility":79,"ID":17}],[{"utility":0,"ID":11}],[{"utility":0,"ID":19}],[{"utility":97,"ID":12},{"utility":56,"ID":13}],[{"utility":0,"ID":5}],[],[{"utility":86,"ID":6},{"utility":94,"ID":14}],[{"utility":81,"ID":3},{"utility":49,"ID":15}],[],[],[],[],[]],"STARTING COALITION: ":[[null],[{"utility":3.5,"ID":1},{"utility":17,"ID":6},{"utility":0,"ID":9}],[],[{"utility":39,"ID":3},{"utility":0,"ID":4},{"utility":36.75,"ID":10},{"utility":35.75,"ID":11},{"utility":27,"ID":13}],[{"utility":0,"ID":15},{"utility":0,"ID":17}],[],[{"utility":49,"ID":8},{"utility":0,"ID":18}],[{"utility":0,"ID":14}],[{"utility":16.5,"ID":2},{"utility":38.5,"ID":5},{"utility":49,"ID":7}],[{"utility":0,"ID":12},{"utility":0,"ID":16}],[{"utility":75,"ID":19},{"utility":0,"ID":20}],[],[],[],[],[],[],[],[],[],[]],"CORE :":false,"LAST PARTITION":{"11":9,"12":11,"13":11,"14":14,"15":15,"16":7,"17":8,"18":4,"19":10,"1":8,"2":2,"3":15,"4":1,"5":12,"6":14,"7":1,"8":6,"9":7,"20":2,"10":3}},{"STARTING PARTITION: ":{"11":2,"12":2,"13":3,"14":5,"15":3,"16":5,"17":3,"18":6,"19":8,"1":3,"2":9,"3":7,"4":1,"5":10,"6":5,"7":6,"8":11,"9":9,"20":6,"10":4},"Agents":[null,{"utility":69,"ID":1},{"utility":63.5,"ID":2},{"utility":81,"ID":3},{"utility":0,"ID":4},{"utility":0,"ID":5},{"utility":86,"ID":6},{"utility":30.5,"ID":7},{"utility":0,"ID":8},{"utility":68,"ID":9},{"utility":0,"ID":10},{"utility":0,"ID":11},{"utility":97,"ID":12},{"utility":56,"ID":13},{"utility":94,"ID":14},{"utility":49,"ID":15},{"utility":57,"ID":16},{"utility":36.5,"ID":17},{"utility":54,"ID":18},{"utility":0,"ID":19},{"utility":0,"ID":20}],"LAST COALITION":[[],[{"utility":97,"ID":12},{"utility":56,"ID":13}],[{"utility":57,"ID":16},{"utility":68,"ID":9}],[{"utility":0,"ID":4}],[{"utility":0,"ID":20}],[{"utility":0,"ID":11}],[{"utility":0,"ID":10}],[{"utility":81,"ID":3},{"utility":49,"ID":15}],[{"utility":0,"ID":19}],[{"utility":69,"ID":1},{"utility":54,"ID":18}],[],[{"utility":0,"ID":8}],[{"utility":36.5,"ID":17},{"utility":63.5,"ID":2},{"utility":30.5,"ID":7}],[{"utility":0,"ID":5}],[],[{"utility":86,"ID":6},{"utility":94,"ID":14}],[],[],[],[],[]],"STARTING COALITION: ":[[null],[{"utility":0,"ID":4}],[{"utility":62,"ID":11},{"utility":1,"ID":12}],[{"utility":21.666666666666668,"ID":1},{"utility":13.333333333333334,"ID":13},{"utility":0,"ID":15},{"utility":59,"ID":17}],[{"utility":0,"ID":10}],[{"utility":43,"ID":6},{"utility":81.5,"ID":14},{"utility":2.5,"ID":16}],[{"utility":7,"ID":7},{"utility":23,"ID":18},{"utility":0,"ID":20}],[{"utility":0,"ID":3}],[{"utility":0,"ID":19}],[{"utility":0,"ID":2},{"utility":0,"ID":9}],[{"utility":0,"ID":5}],[{"utility":0,"ID":8}],[],[],[],[],[],[],[],[],[]],"CORE :":false,"LAST PARTITION":{"11":5,"12":1,"13":1,"14":15,"15":7,"16":2,"17":12,"18":9,"19":8,"1":9,"2":12,"3":7,"4":3,"5":13,"6":15,"7":12,"8":11,"9":2,"20":4,"10":6}},{"END OF FILE:" : true}]