[{"STARTING PARTITION: ":{"22":7,"23":14,"24":3,"25":5,"26":13,"27":8,"28":3,"29":5,"30":10,"10":8,"11":3,"12":1,"13":16,"14":12,"15":7,"16":2,"17":5,"18":2,"19":14,"1":12,"2":6,"3":5,"4":10,"5":14,"6":2,"7":5,"8":13,"9":16,"20":8,"21":4},"Agents":[null,{"utility":99,"ID":1},{"utility":100,"ID":2},{"utility":86,"ID":3},{"utility":100,"ID":4},{"utility":96,"ID":5},{"utility":23,"ID":6},{"utility":89,"ID":7},{"utility":13,"ID":8},{"utility":74,"ID":9},{"utility":11,"ID":10},{"utility":82.5,"ID":11},{"utility":0,"ID":12},{"utility":98,"ID":13},{"utility":0,"ID":14},{"utility":51,"ID":15},{"utility":0,"ID":16},{"utility":0,"ID":17},{"utility":4,"ID":18},{"utility":67,"ID":19},{"utility":59,"ID":20},{"utility":0,"ID":21},{"utility":82,"ID":22},{"utility":33,"ID":23},{"utility":25,"ID":24},{"utility":59,"ID":25},{"utility":64,"ID":26},{"utility":97,"ID":27},{"utility":75.5,"ID":28},{"utility":0,"ID":29},{"utility":0,"ID":30}],"LAST COALITION":[[],[{"utility":99,"ID":1},{"utility":11,"ID":10}],[],[{"utility":82.5,"ID":11},{"utility":25,"ID":24},{"utility":75.5,"ID":28}],[{"utility":0,"ID":21}],[{"utility":0,"ID":29}],[{"utility":23,"ID":6},{"utility":13,"ID":8}],[{"utility":0,"ID":14}],[{"utility":59,"ID":20},{"utility":97,"ID":27}],[{"utility":86,"ID":3},{"utility":59,"ID":25}],[{"utility":0,"ID":30}],[{"utility":96,"ID":5},{"utility":51,"ID":15}],[{"utility":0,"ID":12}],[{"utility":89,"ID":7},{"utility":64,"ID":26}],[{"utility":67,"ID":19},{"utility":33,"ID":23}],[{"utility":0,"ID":17}],[{"utility":74,"ID":9},{"utility":98,"ID":13}],[{"utility":100,"ID":4},{"utility":82,"ID":22}],[{"utility":100,"ID":2},{"utility":4,"ID":18}],[],[{"utility":0,"ID":16}],[],[],[],[],[],[],[],[],[],[]],"STARTING COALITION: ":[[null],[{"utility":0,"ID":12}],[{"utility":45.5,"ID":6},{"utility":30,"ID":16},{"utility":57,"ID":18}],[{"utility":82.5,"ID":11},{"utility":25,"ID":24},{"utility":75.5,"ID":28}],[{"utility":0,"ID":21}],[{"utility":40.5,"ID":3},{"utility":63,"ID":7},{"utility":36.25,"ID":17},{"utility":49,"ID":25},{"utility":55.25,"ID":29}],[{"utility":0,"ID":2}],[{"utility":73,"ID":15},{"utility":44,"ID":22}],[{"utility":55,"ID":10},{"utility":74,"ID":20},{"utility":77.5,"ID":27}],[],[{"utility":58,"ID":4},{"utility":4,"ID":30}],[],[{"utility":25,"ID":1},{"utility":24,"ID":14}],[{"utility":48,"ID":8},{"utility":54,"ID":26}],[{"utility":38,"ID":5},{"utility":76,"ID":19},{"utility":23,"ID":23}],[],[{"utility":74,"ID":9},{"utility":98,"ID":13}],[],[],[],[],[],[],[],[],[],[],[],[],[],[]],"CORE :":false,"LAST PARTITION":{"22":17,"23":14,"24":3,"25":9,"26":13,"27":8,"28":3,"29":5,"30":10,"10":1,"11":3,"12":12,"13":16,"14":7,"15":11,"16":20,"17":15,"18":18,"19":14,"1":1,"2":18,"3":9,"4":17,"5":11,"6":6,"7":13,"8":6,"9":16,"20":8,"21":4}},{"STARTING PARTITION: ":{"22":5,"23":11,"24":1,"25":7,"26":14,"27":16,"28":13,"29":15,"30":6,"10":3,"11":15,"12":14,"13":5,"14":9,"15":2,"16":6,"17":12,"18":7,"19":7,"1":3,"2":8,"3":3,"4":9,"5":2,"6":16,"7":13,"8":14,"9":7,"20":2,"21":2},"Agents":[null,{"utility":0,"ID":1},{"utility":97,"ID":2},{"utility":89,"ID":3},{"utility":91,"ID":4},{"utility":40.333333333333336,"ID":5},{"utility":88,"ID":6},{"utility":0,"ID":7},{"utility":0,"ID":8},{"utility":49,"ID":9},{"utility":33,"ID":10},{"utility":64,"ID":11},{"utility":74,"ID":12},{"utility":0,"ID":13},{"utility":0,"ID":14},{"utility":58,"ID":15},{"utility":0,"ID":16},{"utility":0,"ID":17},{"utility":80.33333333333333,"ID":18},{"utility":44,"ID":19},{"utility":56.666666666666664,"ID":20},{"utility":53,"ID":21},{"utility":21,"ID":22},{"utility":0,"ID":23},{"utility":0,"ID":24},{"utility":19.666666666666668,"ID":25},{"utility":55,"ID":26},{"utility":0,"ID":27},{"utility":0,"ID":28},{"utility":18,"ID":29},{"utility":0,"ID":30}],"LAST COALITION":[[],[{"utility":0,"ID":24}],[{"utility":40.333333333333336,"ID":5},{"utility":58,"ID":15},{"utility":56.666666666666664,"ID":20},{"utility":53,"ID":21}],[{"utility":97,"ID":2},{"utility":33,"ID":10}],[{"utility":0,"ID":14}],[{"utility":0,"ID":13}],[{"utility":0,"ID":30}],[{"utility":49,"ID":9},{"utility":80.33333333333333,"ID":18},{"utility":44,"ID":19},{"utility":19.666666666666668,"ID":25}],[{"utility":89,"ID":3},{"utility":21,"ID":22}],[{"utility":91,"ID":4},{"utility":88,"ID":6}],[{"utility":0,"ID":17}],[{"utility":0,"ID":23}],[],[{"utility":0,"ID":28}],[{"utility":74,"ID":12},{"utility":55,"ID":26}],[{"utility":64,"ID":11},{"utility":18,"ID":29}],[{"utility":0,"ID":27}],[{"utility":0,"ID":8}],[{"utility":0,"ID":16}],[{"utility":0,"ID":7}],[{"utility":0,"ID":1}],[],[],[],[],[],[],[],[],[],[]],"STARTING COALITION: ":[[null],[{"utility":0,"ID":24}],[{"utility":40.333333333333336,"ID":5},{"utility":58,"ID":15},{"utility":56.666666666666664,"ID":20},{"utility":53,"ID":21}],[{"utility":65,"ID":1},{"utility":43.5,"ID":3},{"utility":45.5,"ID":10}],[],[{"utility":82,"ID":13},{"utility":8,"ID":22}],[{"utility":43,"ID":16},{"utility":15,"ID":30}],[{"utility":49,"ID":9},{"utility":80.33333333333333,"ID":18},{"utility":44,"ID":19},{"utility":19.666666666666668,"ID":25}],[{"utility":0,"ID":2}],[{"utility":17,"ID":4},{"utility":28,"ID":14}],[],[{"utility":0,"ID":23}],[{"utility":0,"ID":17}],[{"utility":15,"ID":7},{"utility":96,"ID":28}],[{"utility":41.5,"ID":8},{"utility":70,"ID":12},{"utility":54.5,"ID":26}],[{"utility":64,"ID":11},{"utility":18,"ID":29}],[{"utility":18,"ID":6},{"utility":25,"ID":27}],[],[],[],[],[],[],[],[],[],[],[],[],[],[]],"CORE :":false,"LAST PARTITION":{"22":8,"23":11,"24":1,"25":7,"26":14,"27":16,"28":13,"29":15,"30":6,"10":3,"11":15,"12":14,"13":5,"14":4,"15":2,"16":18,"17":10,"18":7,"19":7,"1":20,"2":3,"3":8,"4":9,"5":2,"6":9,"7":19,"8":17,"9":7,"20":2,"21":2}},{"STARTING PARTITION: ":{"22":2,"23":16,"24":5,"25":8,"26":16,"27":15,"28":11,"29":6,"30":9,"10":6,"11":6,"12":6,"13":13,"14":9,"15":16,"16":8,"17":15,"18":1,"19":12,"1":12,"2":9,"3":2,"4":11,"5":5,"6":4,"7":2,"8":8,"9":15,"20":15,"21":14},"Agents":[null,{"utility":38,"ID":1},{"utility":100,"ID":2},{"utility":87,"ID":3},{"utility":0,"ID":4},{"utility":88,"ID":5},{"utility":99,"ID":6},{"utility":0,"ID":7},{"utility":0,"ID":8},{"utility":94,"ID":9},{"utility":42.666666666666664,"ID":10},{"utility":54,"ID":11},{"utility":70.33333333333333,"ID":12},{"utility":0,"ID":13},{"utility":0,"ID":14},{"utility":73.5,"ID":15},{"utility":0,"ID":16},{"utility":0,"ID":17},{"utility":4,"ID":18},{"utility":0,"ID":19},{"utility":51,"ID":20},{"utility":0,"ID":21},{"utility":85,"ID":22},{"utility":36,"ID":23},{"utility":0,"ID":24},{"utility":0,"ID":25},{"utility":34,"ID":26},{"utility":19,"ID":27},{"utility":0,"ID":28},{"utility":55.333333333333336,"ID":29},{"utility":0,"ID":30}],"LAST COALITION":[[],[{"utility":0,"ID":7}],[{"utility":0,"ID":17}],[{"utility":0,"ID":16}],[{"utility":0,"ID":14}],[{"utility":0,"ID":24}],[{"utility":42.666666666666664,"ID":10},{"utility":54,"ID":11},{"utility":70.33333333333333,"ID":12},{"utility":55.333333333333336,"ID":29}],[{"utility":0,"ID":8}],[{"utility":0,"ID":25}],[{"utility":0,"ID":30}],[{"utility":0,"ID":13}],[{"utility":0,"ID":28}],[{"utility":0,"ID":19}],[{"utility":88,"ID":5},{"utility":85,"ID":22}],[{"utility":0,"ID":21}],[{"utility":94,"ID":9},{"utility":19,"ID":27}],[{"utility":73.5,"ID":15},{"utility":36,"ID":23},{"utility":34,"ID":26}],[{"utility":100,"ID":2},{"utility":4,"ID":18}],[{"utility":87,"ID":3},{"utility":51,"ID":20}],[{"utility":0,"ID":4}],[{"utility":38,"ID":1},{"utility":99,"ID":6}],[],[],[],[],[],[],[],[],[],[]],"STARTING COALITION: ":[[null],[{"utility":0,"ID":18}],[{"utility":59,"ID":3},{"utility":47,"ID":7},{"utility":48.5,"ID":22}],[],[{"utility":0,"ID":6}],[{"utility":54,"ID":5},{"utility":1,"ID":24}],[{"utility":42.666666666666664,"ID":10},{"utility":54,"ID":11},{"utility":70.33333333333333,"ID":12},{"utility":55.333333333333336,"ID":29}],[],[{"utility":48,"ID":8},{"utility":49,"ID":16},{"utility":27,"ID":25}],[{"utility":48,"ID":2},{"utility":18,"ID":14},{"utility":35,"ID":30}],[],[{"utility":91,"ID":4},{"utility":68,"ID":28}],[{"utility":63,"ID":1},{"utility":7,"ID":19}],[{"utility":0,"ID":13}],[{"utility":0,"ID":21}],[{"utility":65,"ID":9},{"utility":42,"ID":17},{"utility":42.666666666666664,"ID":20},{"utility":53.666666666666664,"ID":27}],[{"utility":73.5,"ID":15},{"utility":36,"ID":23},{"utility":34,"ID":26}],[],[],[],[],[],[],[],[],[],[],[],[],[],[]],"CORE :":false,"LAST PARTITION":{"22":13,"23":16,"24":5,"25":8,"26":16,"27":15,"28":11,"29":6,"30":9,"10":6,"11":6,"12":6,"13":10,"14":4,"15":16,"16":3,"17":2,"18":17,"19":12,"1":20,"2":17,"3":18,"4":19,"5":13,"6":20,"7":1,"8":7,"9":15,"20":18,"21":14}},{"STARTING PARTITION: ":{"22":13,"23":16,"24":5,"25":7,"26":2,"27":13,"28":16,"29":7,"30":12,"10":2,"11":7,"12":2,"13":15,"14":8,"15":8,"16":10,"17":6,"18":1,"19":8,"1":6,"2":3,"3":12,"4":3,"5":1,"6":4,"7":3,"8":15,"9":10,"20":6,"21":1},"Agents":[null,{"utility":0,"ID":1},{"utility":97,"ID":2},{"utility":87,"ID":3},{"utility":91,"ID":4},{"utility":88,"ID":5},{"utility":88,"ID":6},{"utility":0,"ID":7},{"utility":53,"ID":8},{"utility":0,"ID":9},{"utility":33,"ID":10},{"utility":68.5,"ID":11},{"utility":74,"ID":12},{"utility":29,"ID":13},{"utility":0,"ID":14},{"utility":74,"ID":15},{"utility":0,"ID":16},{"utility":0,"ID":17},{"utility":38,"ID":18},{"utility":94,"ID":19},{"utility":51,"ID":20},{"utility":45,"ID":21},{"utility":85,"ID":22},{"utility":64,"ID":23},{"utility":0,"ID":24},{"utility":74,"ID":25},{"utility":55,"ID":26},{"utility":0,"ID":27},{"utility":45,"ID":28},{"utility":47.5,"ID":29},{"utility":0,"ID":30}],"LAST COALITION":[[],[{"utility":38,"ID":18},{"utility":45,"ID":21}],[{"utility":74,"ID":12},{"utility":55,"ID":26}],[{"utility":0,"ID":17}],[{"utility":0,"ID":14}],[{"utility":0,"ID":24}],[{"utility":88,"ID":5},{"utility":85,"ID":22}],[{"utility":68.5,"ID":11},{"utility":74,"ID":25},{"utility":47.5,"ID":29}],[{"utility":74,"ID":15},{"utility":94,"ID":19}],[{"utility":0,"ID":16}],[{"utility":0,"ID":9}],[{"utility":97,"ID":2},{"utility":33,"ID":10}],[{"utility":0,"ID":30}],[{"utility":0,"ID":27}],[{"utility":0,"ID":7}],[{"utility":53,"ID":8},{"utility":29,"ID":13}],[{"utility":64,"ID":23},{"utility":45,"ID":28}],[{"utility":91,"ID":4},{"utility":88,"ID":6}],[{"utility":87,"ID":3},{"utility":51,"ID":20}],[{"utility":0,"ID":1}],[],[],[],[],[],[],[],[],[],[],[]],"STARTING COALITION: ":[[null],[{"utility":13.5,"ID":5},{"utility":32,"ID":18},{"utility":26.5,"ID":21}],[{"utility":23.5,"ID":10},{"utility":60,"ID":12},{"utility":35,"ID":26}],[{"utility":85.5,"ID":2},{"utility":52.5,"ID":4},{"utility":45,"ID":7}],[{"utility":0,"ID":6}],[{"utility":0,"ID":24}],[{"utility":59,"ID":1},{"utility":29.5,"ID":17},{"utility":39,"ID":20}],[{"utility":68.5,"ID":11},{"utility":74,"ID":25},{"utility":47.5,"ID":29}],[{"utility":76.5,"ID":14},{"utility":58,"ID":15},{"utility":76.5,"ID":19}],[],[{"utility":28,"ID":9},{"utility":65,"ID":16}],[],[{"utility":3,"ID":3},{"utility":13,"ID":30}],[{"utility":31,"ID":22},{"utility":87,"ID":27}],[],[{"utility":53,"ID":8},{"utility":29,"ID":13}],[{"utility":64,"ID":23},{"utility":45,"ID":28}],[],[],[],[],[],[],[],[],[],[],[],[],[],[]],"CORE :":false,"LAST PARTITION":{"22":6,"23":16,"24":5,"25":7,"26":2,"27":13,"28":16,"29":7,"30":12,"10":11,"11":7,"12":2,"13":15,"14":4,"15":8,"16":9,"17":3,"18":1,"19":8,"1":19,"2":11,"3":18,"4":17,"5":6,"6":17,"7":14,"8":15,"9":10,"20":18,"21":1}},{"STARTING PARTITION: ":{"22":1,"23":15,"24":3,"25":7,"26":6,"27":6,"28":6,"29":6,"30":11,"10":13,"11":9,"12":6,"13":10,"14":8,"15":14,"16":10,"17":4,"18":2,"19":3,"1":1,"2":6,"3":12,"4":8,"5":1,"6":4,"7":13,"8":2,"9":15,"20":1,"21":4},"Agents":[null,{"utility":80,"ID":1},{"utility":100,"ID":2},{"utility":87,"ID":3},{"utility":100,"ID":4},{"utility":96,"ID":5},{"utility":0,"ID":6},{"utility":0,"ID":7},{"utility":43,"ID":8},{"utility":85,"ID":9},{"utility":0,"ID":10},{"utility":0,"ID":11},{"utility":52.25,"ID":12},{"utility":30,"ID":13},{"utility":0,"ID":14},{"utility":51,"ID":15},{"utility":19,"ID":16},{"utility":80,"ID":17},{"utility":4,"ID":18},{"utility":77,"ID":19},{"utility":51,"ID":20},{"utility":14,"ID":21},{"utility":82,"ID":22},{"utility":34,"ID":23},{"utility":80,"ID":24},{"utility":0,"ID":25},{"utility":46.25,"ID":26},{"utility":49,"ID":27},{"utility":23.75,"ID":28},{"utility":38.75,"ID":29},{"utility":0,"ID":30}],"LAST COALITION":[[],[{"utility":0,"ID":7}],[{"utility":0,"ID":14}],[{"utility":77,"ID":19},{"utility":80,"ID":24}],[{"utility":80,"ID":17},{"utility":14,"ID":21}],[{"utility":96,"ID":5},{"utility":51,"ID":15}],[{"utility":52.25,"ID":12},{"utility":46.25,"ID":26},{"utility":49,"ID":27},{"utility":23.75,"ID":28},{"utility":38.75,"ID":29}],[{"utility":87,"ID":3},{"utility":51,"ID":20}],[],[{"utility":0,"ID":11}],[{"utility":30,"ID":13},{"utility":19,"ID":16}],[{"utility":0,"ID":30}],[{"utility":80,"ID":1},{"utility":43,"ID":8}],[{"utility":0,"ID":25}],[{"utility":0,"ID":10}],[{"utility":85,"ID":9},{"utility":34,"ID":23}],[{"utility":100,"ID":4},{"utility":82,"ID":22}],[{"utility":100,"ID":2},{"utility":4,"ID":18}],[{"utility":0,"ID":6}],[],[],[],[],[],[],[],[],[],[],[],[]],"STARTING COALITION: ":[[null],[{"utility":62,"ID":1},{"utility":34.333333333333336,"ID":5},{"utility":55,"ID":20},{"utility":58.666666666666664,"ID":22}],[{"utility":14,"ID":8},{"utility":95,"ID":18}],[{"utility":77,"ID":19},{"utility":80,"ID":24}],[{"utility":52.5,"ID":6},{"utility":88,"ID":17},{"utility":10,"ID":21}],[],[{"utility":47.4,"ID":2},{"utility":54.4,"ID":12},{"utility":52,"ID":26},{"utility":40.8,"ID":27},{"utility":35.4,"ID":28},{"utility":43.4,"ID":29}],[{"utility":0,"ID":25}],[{"utility":17,"ID":4},{"utility":28,"ID":14}],[{"utility":0,"ID":11}],[{"utility":30,"ID":13},{"utility":19,"ID":16}],[{"utility":0,"ID":30}],[{"utility":0,"ID":3}],[{"utility":1,"ID":7},{"utility":1,"ID":10}],[{"utility":0,"ID":15}],[{"utility":85,"ID":9},{"utility":34,"ID":23}],[],[],[],[],[],[],[],[],[],[],[],[],[],[],[]],"CORE :":false,"LAST PARTITION":{"22":16,"23":15,"24":3,"25":13,"26":6,"27":6,"28":6,"29":6,"30":11,"10":14,"11":9,"12":6,"13":10,"14":2,"15":5,"16":10,"17":4,"18":17,"19":3,"1":12,"2":17,"3":7,"4":16,"5":5,"6":18,"7":1,"8":12,"9":15,"20":7,"21":4}},{"END OF FILE:" : true}]