[{"STARTING PARTITION: ":{"22":2,"23":1,"24":15,"25":2,"26":10,"27":7,"28":10,"29":4,"30":8,"10":15,"11":10,"12":3,"13":6,"14":6,"15":16,"16":10,"17":2,"18":5,"19":11,"1":9,"2":12,"3":14,"4":11,"5":3,"6":12,"7":1,"8":10,"9":16,"20":13,"21":14},"Agents":[null,{"utility":98,"ID":1},{"utility":98,"ID":2},{"utility":32,"ID":3},{"utility":99,"ID":4},{"utility":96,"ID":5},{"utility":97,"ID":6},{"utility":89,"ID":7},{"utility":0,"ID":8},{"utility":0,"ID":9},{"utility":92,"ID":10},{"utility":86,"ID":11},{"utility":92,"ID":12},{"utility":0,"ID":13},{"utility":0,"ID":14},{"utility":0,"ID":15},{"utility":94,"ID":16},{"utility":0,"ID":17},{"utility":0,"ID":18},{"utility":0,"ID":19},{"utility":0,"ID":20},{"utility":0,"ID":21},{"utility":96,"ID":22},{"utility":18,"ID":23},{"utility":0,"ID":24},{"utility":38,"ID":25},{"utility":57,"ID":26},{"utility":0,"ID":27},{"utility":95,"ID":28},{"utility":59,"ID":29},{"utility":6,"ID":30}],"LAST COALITION":[[],[{"utility":0,"ID":17}],[],[{"utility":0,"ID":18}],[{"utility":94,"ID":16},{"utility":89,"ID":7}],[{"utility":96,"ID":22},{"utility":92,"ID":10}],[{"utility":0,"ID":15}],[{"utility":0,"ID":27}],[{"utility":0,"ID":14}],[{"utility":0,"ID":21}],[{"utility":57,"ID":26},{"utility":95,"ID":28}],[{"utility":0,"ID":24}],[{"utility":0,"ID":20}],[{"utility":98,"ID":2},{"utility":18,"ID":23}],[{"utility":38,"ID":25},{"utility":86,"ID":11}],[{"utility":0,"ID":9}],[{"utility":0,"ID":19}],[{"utility":0,"ID":13}],[{"utility":97,"ID":6},{"utility":92,"ID":12}],[{"utility":98,"ID":1},{"utility":6,"ID":30}],[{"utility":96,"ID":5},{"utility":59,"ID":29}],[{"utility":0,"ID":8}],[{"utility":32,"ID":3},{"utility":99,"ID":4}],[],[],[],[],[],[],[],[]],"STARTING COALITION: ":[[null],[{"utility":58,"ID":7},{"utility":56,"ID":23}],[{"utility":95,"ID":17},{"utility":51.5,"ID":22},{"utility":57.5,"ID":25}],[{"utility":89,"ID":5},{"utility":29,"ID":12}],[{"utility":0,"ID":29}],[{"utility":0,"ID":18}],[{"utility":15,"ID":13},{"utility":92,"ID":14}],[{"utility":0,"ID":27}],[{"utility":0,"ID":30}],[{"utility":0,"ID":1}],[{"utility":45,"ID":8},{"utility":20.75,"ID":11},{"utility":38,"ID":16},{"utility":57,"ID":26},{"utility":41.5,"ID":28}],[{"utility":16,"ID":4},{"utility":49,"ID":19}],[{"utility":1,"ID":2},{"utility":14,"ID":6}],[{"utility":0,"ID":20}],[{"utility":49,"ID":3},{"utility":36,"ID":21}],[{"utility":51,"ID":10},{"utility":23,"ID":24}],[{"utility":27,"ID":9},{"utility":85,"ID":15}],[],[],[],[],[],[],[],[],[],[],[],[],[],[]],"CORE :":false,"LAST PARTITION":{"22":5,"23":13,"24":11,"25":14,"26":10,"27":7,"28":10,"29":20,"30":19,"10":5,"11":14,"12":18,"13":17,"14":8,"15":6,"16":4,"17":1,"18":3,"19":16,"1":19,"2":13,"3":22,"4":22,"5":20,"6":18,"7":4,"8":21,"9":15,"20":12,"21":9}},{"STARTING PARTITION: ":{"22":1,"23":11,"24":12,"25":1,"26":8,"27":3,"28":11,"29":3,"30":16,"10":15,"11":1,"12":2,"13":4,"14":4,"15":6,"16":3,"17":7,"18":4,"19":6,"1":10,"2":1,"3":2,"4":5,"5":3,"6":4,"7":8,"8":1,"9":11,"20":15,"21":4},"Agents":[null,{"utility":98,"ID":1},{"utility":90,"ID":2},{"utility":93,"ID":3},{"utility":88,"ID":4},{"utility":89,"ID":5},{"utility":55,"ID":6},{"utility":99,"ID":7},{"utility":42.666666666666664,"ID":8},{"utility":0,"ID":9},{"utility":67,"ID":10},{"utility":70,"ID":11},{"utility":29,"ID":12},{"utility":15,"ID":13},{"utility":63,"ID":14},{"utility":30,"ID":15},{"utility":37.5,"ID":16},{"utility":77,"ID":17},{"utility":80.5,"ID":18},{"utility":53,"ID":19},{"utility":85,"ID":20},{"utility":55,"ID":21},{"utility":48.333333333333336,"ID":22},{"utility":48,"ID":23},{"utility":0,"ID":24},{"utility":48.666666666666664,"ID":25},{"utility":16,"ID":26},{"utility":75,"ID":27},{"utility":50,"ID":28},{"utility":21.5,"ID":29},{"utility":6,"ID":30}],"LAST COALITION":[[],[{"utility":42.666666666666664,"ID":8},{"utility":70,"ID":11},{"utility":48.333333333333336,"ID":22},{"utility":48.666666666666664,"ID":25}],[{"utility":93,"ID":3},{"utility":15,"ID":13}],[{"utility":37.5,"ID":16},{"utility":75,"ID":27},{"utility":21.5,"ID":29}],[{"utility":63,"ID":14},{"utility":80.5,"ID":18},{"utility":55,"ID":21}],[{"utility":0,"ID":9}],[{"utility":30,"ID":15},{"utility":53,"ID":19}],[],[{"utility":99,"ID":7},{"utility":16,"ID":26}],[{"utility":88,"ID":4},{"utility":55,"ID":6}],[{"utility":89,"ID":5},{"utility":29,"ID":12}],[{"utility":48,"ID":23},{"utility":50,"ID":28}],[{"utility":98,"ID":1},{"utility":6,"ID":30}],[{"utility":0,"ID":24}],[],[{"utility":67,"ID":10},{"utility":85,"ID":20}],[{"utility":77,"ID":17},{"utility":90,"ID":2}],[],[],[],[],[],[],[],[],[],[],[],[],[],[]],"STARTING COALITION: ":[[null],[{"utility":57.5,"ID":2},{"utility":50.75,"ID":8},{"utility":54,"ID":11},{"utility":46,"ID":22},{"utility":53.25,"ID":25}],[{"utility":2,"ID":3},{"utility":55,"ID":12}],[{"utility":47.333333333333336,"ID":5},{"utility":54.333333333333336,"ID":16},{"utility":57.333333333333336,"ID":27},{"utility":34,"ID":29}],[{"utility":65.75,"ID":6},{"utility":16.75,"ID":13},{"utility":76,"ID":14},{"utility":56.5,"ID":18},{"utility":73.75,"ID":21}],[{"utility":0,"ID":4}],[{"utility":30,"ID":15},{"utility":53,"ID":19}],[{"utility":0,"ID":17}],[{"utility":99,"ID":7},{"utility":16,"ID":26}],[],[{"utility":0,"ID":1}],[{"utility":91,"ID":9},{"utility":64,"ID":23},{"utility":46,"ID":28}],[{"utility":0,"ID":24}],[],[],[{"utility":67,"ID":10},{"utility":85,"ID":20}],[{"utility":0,"ID":30}],[],[],[],[],[],[],[],[],[],[],[],[],[],[]],"CORE :":false,"LAST PARTITION":{"22":1,"23":11,"24":13,"25":1,"26":8,"27":3,"28":11,"29":3,"30":12,"10":15,"11":1,"12":10,"13":2,"14":4,"15":6,"16":3,"17":16,"18":4,"19":6,"1":12,"2":16,"3":2,"4":9,"5":10,"6":9,"7":8,"8":1,"9":5,"20":15,"21":4}},{"STARTING PARTITION: ":{"22":1,"23":4,"24":15,"25":15,"26":6,"27":14,"28":10,"29":12,"30":11,"10":15,"11":3,"12":5,"13":12,"14":4,"15":7,"16":2,"17":5,"18":16,"19":8,"1":6,"2":16,"3":9,"4":12,"5":2,"6":14,"7":11,"8":13,"9":4,"20":3,"21":12},"Agents":[null,{"utility":98,"ID":1},{"utility":35,"ID":2},{"utility":93,"ID":3},{"utility":94,"ID":4},{"utility":89,"ID":5},{"utility":0,"ID":6},{"utility":80,"ID":7},{"utility":0,"ID":8},{"utility":12,"ID":9},{"utility":29.5,"ID":10},{"utility":55,"ID":11},{"utility":29,"ID":12},{"utility":15,"ID":13},{"utility":95,"ID":14},{"utility":0,"ID":15},{"utility":0,"ID":16},{"utility":0,"ID":17},{"utility":0,"ID":18},{"utility":0,"ID":19},{"utility":8,"ID":20},{"utility":85,"ID":21},{"utility":0,"ID":22},{"utility":81,"ID":23},{"utility":20.5,"ID":24},{"utility":38.5,"ID":25},{"utility":0,"ID":26},{"utility":0,"ID":27},{"utility":0,"ID":28},{"utility":59,"ID":29},{"utility":6,"ID":30}],"LAST COALITION":[[],[{"utility":0,"ID":22}],[{"utility":89,"ID":5},{"utility":29,"ID":12}],[{"utility":55,"ID":11},{"utility":8,"ID":20}],[{"utility":95,"ID":14},{"utility":81,"ID":23}],[{"utility":93,"ID":3},{"utility":15,"ID":13}],[{"utility":0,"ID":26}],[{"utility":0,"ID":15}],[{"utility":0,"ID":19}],[{"utility":0,"ID":8}],[{"utility":0,"ID":28}],[{"utility":0,"ID":17}],[{"utility":85,"ID":21},{"utility":59,"ID":29}],[{"utility":94,"ID":4},{"utility":80,"ID":7}],[{"utility":0,"ID":27}],[{"utility":29.5,"ID":10},{"utility":20.5,"ID":24},{"utility":38.5,"ID":25}],[{"utility":0,"ID":18}],[{"utility":0,"ID":6}],[{"utility":0,"ID":16}],[{"utility":98,"ID":1},{"utility":6,"ID":30}],[],[{"utility":35,"ID":2},{"utility":12,"ID":9}],[],[],[],[],[],[],[],[],[]],"STARTING COALITION: ":[[null],[{"utility":0,"ID":22}],[{"utility":3,"ID":5},{"utility":88,"ID":16}],[{"utility":55,"ID":11},{"utility":8,"ID":20}],[{"utility":51,"ID":9},{"utility":82.5,"ID":14},{"utility":80.5,"ID":23}],[{"utility":77,"ID":12},{"utility":40,"ID":17}],[{"utility":35,"ID":1},{"utility":77,"ID":26}],[{"utility":0,"ID":15}],[{"utility":0,"ID":19}],[{"utility":0,"ID":3}],[{"utility":0,"ID":28}],[{"utility":35,"ID":7},{"utility":87,"ID":30}],[{"utility":63.333333333333336,"ID":4},{"utility":27.666666666666668,"ID":13},{"utility":89.33333333333333,"ID":21},{"utility":54,"ID":29}],[{"utility":0,"ID":8}],[{"utility":46,"ID":6},{"utility":61,"ID":27}],[{"utility":29.5,"ID":10},{"utility":20.5,"ID":24},{"utility":38.5,"ID":25}],[{"utility":55,"ID":2},{"utility":56,"ID":18}],[],[],[],[],[],[],[],[],[],[],[],[],[],[]],"CORE :":false,"LAST PARTITION":{"22":1,"23":4,"24":15,"25":15,"26":6,"27":14,"28":10,"29":12,"30":19,"10":15,"11":3,"12":2,"13":5,"14":4,"15":7,"16":18,"17":11,"18":16,"19":8,"1":19,"2":21,"3":5,"4":13,"5":2,"6":17,"7":13,"8":9,"9":21,"20":3,"21":12}},{"STARTING PARTITION: ":{"22":3,"23":11,"24":4,"25":2,"26":5,"27":15,"28":13,"29":9,"30":16,"10":12,"11":12,"12":15,"13":11,"14":13,"15":7,"16":16,"17":8,"18":15,"19":11,"1":8,"2":15,"3":7,"4":4,"5":13,"6":5,"7":14,"8":7,"9":13,"20":2,"21":11},"Agents":[null,{"utility":98,"ID":1},{"utility":90,"ID":2},{"utility":95,"ID":3},{"utility":94,"ID":4},{"utility":78,"ID":5},{"utility":92,"ID":6},{"utility":80,"ID":7},{"utility":0,"ID":8},{"utility":96,"ID":9},{"utility":68,"ID":10},{"utility":95,"ID":11},{"utility":0,"ID":12},{"utility":0,"ID":13},{"utility":0,"ID":14},{"utility":0,"ID":15},{"utility":0,"ID":16},{"utility":77,"ID":17},{"utility":21,"ID":18},{"utility":87,"ID":19},{"utility":84,"ID":20},{"utility":51.5,"ID":21},{"utility":0,"ID":22},{"utility":62,"ID":23},{"utility":0,"ID":24},{"utility":17,"ID":25},{"utility":12,"ID":26},{"utility":28,"ID":27},{"utility":42,"ID":28},{"utility":0,"ID":29},{"utility":6,"ID":30}],"LAST COALITION":[[],[{"utility":0,"ID":12}],[{"utility":84,"ID":20},{"utility":17,"ID":25}],[{"utility":0,"ID":22}],[{"utility":0,"ID":14}],[{"utility":92,"ID":6},{"utility":12,"ID":26}],[],[{"utility":0,"ID":15}],[{"utility":0,"ID":13}],[{"utility":0,"ID":29}],[{"utility":0,"ID":8}],[{"utility":87,"ID":19},{"utility":51.5,"ID":21},{"utility":62,"ID":23}],[{"utility":68,"ID":10},{"utility":95,"ID":11}],[{"utility":96,"ID":9},{"utility":42,"ID":28}],[{"utility":95,"ID":3},{"utility":78,"ID":5}],[{"utility":21,"ID":18},{"utility":28,"ID":27}],[{"utility":77,"ID":17},{"utility":90,"ID":2}],[{"utility":0,"ID":16}],[{"utility":0,"ID":24}],[{"utility":98,"ID":1},{"utility":6,"ID":30}],[{"utility":94,"ID":4},{"utility":80,"ID":7}],[],[],[],[],[],[],[],[],[],[]],"STARTING COALITION: ":[[null],[],[{"utility":84,"ID":20},{"utility":17,"ID":25}],[{"utility":0,"ID":22}],[{"utility":25,"ID":4},{"utility":46,"ID":24}],[{"utility":92,"ID":6},{"utility":12,"ID":26}],[],[{"utility":41.5,"ID":3},{"utility":50,"ID":8},{"utility":15,"ID":15}],[{"utility":45,"ID":1},{"utility":67,"ID":17}],[{"utility":0,"ID":29}],[],[{"utility":19.666666666666668,"ID":13},{"utility":78.66666666666667,"ID":19},{"utility":66.33333333333333,"ID":21},{"utility":73,"ID":23}],[{"utility":68,"ID":10},{"utility":95,"ID":11}],[{"utility":59,"ID":5},{"utility":65,"ID":9},{"utility":46,"ID":14},{"utility":66,"ID":28}],[{"utility":0,"ID":7}],[{"utility":47,"ID":2},{"utility":61.333333333333336,"ID":12},{"utility":38,"ID":18},{"utility":43.666666666666664,"ID":27}],[{"utility":21,"ID":16},{"utility":68,"ID":30}],[],[],[],[],[],[],[],[],[],[],[],[],[],[]],"CORE :":false,"LAST PARTITION":{"22":3,"23":11,"24":18,"25":2,"26":5,"27":15,"28":13,"29":9,"30":19,"10":12,"11":12,"12":1,"13":8,"14":4,"15":7,"16":17,"17":16,"18":15,"19":11,"1":19,"2":16,"3":14,"4":20,"5":14,"6":5,"7":20,"8":10,"9":13,"20":2,"21":11}},{"STARTING PARTITION: ":{"22":5,"23":15,"24":3,"25":4,"26":2,"27":3,"28":3,"29":6,"30":16,"10":15,"11":3,"12":15,"13":5,"14":13,"15":13,"16":14,"17":12,"18":9,"19":2,"1":15,"2":14,"3":3,"4":3,"5":14,"6":12,"7":6,"8":13,"9":10,"20":11,"21":15},"Agents":[null,{"utility":98,"ID":1},{"utility":90,"ID":2},{"utility":88,"ID":3},{"utility":0,"ID":4},{"utility":96,"ID":5},{"utility":37,"ID":6},{"utility":87,"ID":7},{"utility":0,"ID":8},{"utility":95,"ID":9},{"utility":63,"ID":10},{"utility":56.5,"ID":11},{"utility":0,"ID":12},{"utility":95,"ID":13},{"utility":41,"ID":14},{"utility":89,"ID":15},{"utility":0,"ID":16},{"utility":77,"ID":17},{"utility":0,"ID":18},{"utility":42,"ID":19},{"utility":0,"ID":20},{"utility":76.5,"ID":21},{"utility":86,"ID":22},{"utility":30.5,"ID":23},{"utility":63.5,"ID":24},{"utility":0,"ID":25},{"utility":72,"ID":26},{"utility":93.5,"ID":27},{"utility":0,"ID":28},{"utility":59,"ID":29},{"utility":6,"ID":30}],"LAST COALITION":[[],[{"utility":88,"ID":3},{"utility":95,"ID":9}],[{"utility":42,"ID":19},{"utility":72,"ID":26}],[{"utility":56.5,"ID":11},{"utility":63.5,"ID":24},{"utility":93.5,"ID":27}],[{"utility":0,"ID":25}],[{"utility":95,"ID":13},{"utility":86,"ID":22}],[{"utility":0,"ID":8}],[{"utility":0,"ID":12}],[{"utility":98,"ID":1},{"utility":6,"ID":30}],[{"utility":0,"ID":18}],[{"utility":0,"ID":16}],[{"utility":0,"ID":20}],[{"utility":0,"ID":28}],[{"utility":41,"ID":14},{"utility":89,"ID":15}],[{"utility":0,"ID":4}],[{"utility":63,"ID":10},{"utility":76.5,"ID":21},{"utility":30.5,"ID":23}],[{"utility":96,"ID":5},{"utility":59,"ID":29}],[{"utility":77,"ID":17},{"utility":90,"ID":2}],[{"utility":37,"ID":6},{"utility":87,"ID":7}],[],[],[],[],[],[],[],[],[],[],[],[]],"STARTING COALITION: ":[[null],[],[{"utility":42,"ID":19},{"utility":72,"ID":26}],[{"utility":47.8,"ID":3},{"utility":38.2,"ID":4},{"utility":44,"ID":11},{"utility":62.8,"ID":24},{"utility":71.6,"ID":27},{"utility":42.2,"ID":28}],[{"utility":0,"ID":25}],[{"utility":95,"ID":13},{"utility":86,"ID":22}],[{"utility":62,"ID":7},{"utility":81,"ID":29}],[],[],[{"utility":0,"ID":18}],[{"utility":0,"ID":9}],[{"utility":0,"ID":20}],[{"utility":10,"ID":6},{"utility":89,"ID":17}],[{"utility":49.5,"ID":8},{"utility":36,"ID":14},{"utility":49.5,"ID":15}],[{"utility":62.5,"ID":2},{"utility":37.5,"ID":5},{"utility":57,"ID":16}],[{"utility":26,"ID":1},{"utility":56.5,"ID":10},{"utility":47,"ID":12},{"utility":53.25,"ID":21},{"utility":59.25,"ID":23}],[{"utility":0,"ID":30}],[],[],[],[],[],[],[],[],[],[],[],[],[],[]],"CORE :":false,"LAST PARTITION":{"22":5,"23":15,"24":3,"25":4,"26":2,"27":3,"28":12,"29":16,"30":8,"10":15,"11":3,"12":7,"13":5,"14":13,"15":13,"16":10,"17":17,"18":9,"19":2,"1":8,"2":17,"3":1,"4":14,"5":16,"6":18,"7":18,"8":6,"9":1,"20":11,"21":15}},{"END OF FILE:" : true}]