[{"STARTING PARTITION: ":{"22":3,"23":2,"24":9,"25":9,"26":1,"27":16,"28":1,"29":7,"30":16,"10":12,"11":16,"12":12,"13":11,"14":6,"15":13,"16":8,"17":11,"18":10,"19":12,"1":9,"2":16,"3":15,"4":14,"5":8,"6":8,"7":8,"8":15,"9":15,"20":4,"21":1},"Agents":[null,{"utility":91,"ID":1},{"utility":96,"ID":2},{"utility":98,"ID":3},{"utility":93,"ID":4},{"utility":13,"ID":5},{"utility":60,"ID":6},{"utility":0,"ID":7},{"utility":0,"ID":8},{"utility":16,"ID":9},{"utility":39,"ID":10},{"utility":48,"ID":11},{"utility":6.5,"ID":12},{"utility":97,"ID":13},{"utility":0,"ID":14},{"utility":84,"ID":15},{"utility":3,"ID":16},{"utility":42,"ID":17},{"utility":0,"ID":18},{"utility":45,"ID":19},{"utility":0,"ID":20},{"utility":17.5,"ID":21},{"utility":0,"ID":22},{"utility":0,"ID":23},{"utility":14,"ID":24},{"utility":85,"ID":25},{"utility":5.5,"ID":26},{"utility":52,"ID":27},{"utility":96.5,"ID":28},{"utility":0,"ID":29},{"utility":89,"ID":30}],"LAST COALITION":[[],[{"utility":17.5,"ID":21},{"utility":5.5,"ID":26},{"utility":96.5,"ID":28}],[{"utility":0,"ID":23}],[{"utility":0,"ID":22}],[{"utility":0,"ID":20}],[{"utility":91,"ID":1},{"utility":48,"ID":11}],[{"utility":0,"ID":14}],[{"utility":0,"ID":29}],[{"utility":60,"ID":6},{"utility":3,"ID":16}],[{"utility":14,"ID":24},{"utility":85,"ID":25}],[{"utility":0,"ID":18}],[{"utility":97,"ID":13},{"utility":42,"ID":17}],[{"utility":39,"ID":10},{"utility":6.5,"ID":12},{"utility":45,"ID":19}],[{"utility":0,"ID":7}],[{"utility":96,"ID":2},{"utility":84,"ID":15}],[{"utility":0,"ID":8}],[{"utility":52,"ID":27},{"utility":89,"ID":30}],[{"utility":98,"ID":3},{"utility":13,"ID":5}],[],[{"utility":93,"ID":4},{"utility":16,"ID":9}],[],[],[],[],[],[],[],[],[],[],[]],"STARTING COALITION: ":[[null],[{"utility":17.5,"ID":21},{"utility":5.5,"ID":26},{"utility":96.5,"ID":28}],[{"utility":0,"ID":23}],[{"utility":0,"ID":22}],[{"utility":0,"ID":20}],[],[{"utility":0,"ID":14}],[{"utility":0,"ID":29}],[{"utility":25.666666666666668,"ID":5},{"utility":29.666666666666668,"ID":6},{"utility":58.666666666666664,"ID":7},{"utility":29.333333333333332,"ID":16}],[{"utility":42.5,"ID":1},{"utility":20.5,"ID":24},{"utility":44.5,"ID":25}],[{"utility":0,"ID":18}],[{"utility":97,"ID":13},{"utility":42,"ID":17}],[{"utility":39,"ID":10},{"utility":6.5,"ID":12},{"utility":45,"ID":19}],[{"utility":0,"ID":15}],[{"utility":0,"ID":4}],[{"utility":82.5,"ID":3},{"utility":46,"ID":8},{"utility":45.5,"ID":9}],[{"utility":72.66666666666667,"ID":2},{"utility":28,"ID":11},{"utility":56.333333333333336,"ID":27},{"utility":53.666666666666664,"ID":30}],[],[],[],[],[],[],[],[],[],[],[],[],[],[]],"CORE :":false,"LAST PARTITION":{"22":3,"23":2,"24":9,"25":9,"26":1,"27":16,"28":1,"29":7,"30":16,"10":12,"11":5,"12":12,"13":11,"14":6,"15":14,"16":8,"17":11,"18":10,"19":12,"1":5,"2":14,"3":17,"4":19,"5":17,"6":8,"7":13,"8":15,"9":19,"20":4,"21":1}},{"STARTING PARTITION: ":{"22":1,"23":6,"24":3,"25":1,"26":7,"27":5,"28":14,"29":10,"30":9,"10":15,"11":12,"12":4,"13":16,"14":9,"15":1,"16":9,"17":8,"18":8,"19":4,"1":6,"2":11,"3":4,"4":6,"5":3,"6":5,"7":11,"8":5,"9":14,"20":8,"21":7},"Agents":[null,{"utility":91,"ID":1},{"utility":98,"ID":2},{"utility":0,"ID":3},{"utility":93,"ID":4},{"utility":63,"ID":5},{"utility":0,"ID":6},{"utility":30,"ID":7},{"utility":96,"ID":8},{"utility":16,"ID":9},{"utility":0,"ID":10},{"utility":48,"ID":11},{"utility":6,"ID":12},{"utility":0,"ID":13},{"utility":24.5,"ID":14},{"utility":0,"ID":15},{"utility":73.5,"ID":16},{"utility":39.5,"ID":17},{"utility":37.5,"ID":18},{"utility":51,"ID":19},{"utility":76,"ID":20},{"utility":24,"ID":21},{"utility":21,"ID":22},{"utility":0,"ID":23},{"utility":0,"ID":24},{"utility":91,"ID":25},{"utility":1,"ID":26},{"utility":39,"ID":27},{"utility":72,"ID":28},{"utility":0,"ID":29},{"utility":77.5,"ID":30}],"LAST COALITION":[[],[{"utility":21,"ID":22},{"utility":91,"ID":25}],[{"utility":91,"ID":1},{"utility":48,"ID":11}],[{"utility":0,"ID":24}],[{"utility":6,"ID":12},{"utility":51,"ID":19}],[{"utility":96,"ID":8},{"utility":39,"ID":27}],[{"utility":0,"ID":23}],[{"utility":24,"ID":21},{"utility":1,"ID":26}],[{"utility":39.5,"ID":17},{"utility":37.5,"ID":18},{"utility":76,"ID":20}],[{"utility":24.5,"ID":14},{"utility":73.5,"ID":16},{"utility":77.5,"ID":30}],[{"utility":0,"ID":29}],[{"utility":63,"ID":5},{"utility":30,"ID":7}],[],[{"utility":0,"ID":6}],[{"utility":93,"ID":4},{"utility":16,"ID":9}],[{"utility":0,"ID":10}],[{"utility":0,"ID":13}],[{"utility":0,"ID":15}],[{"utility":98,"ID":2},{"utility":72,"ID":28}],[{"utility":0,"ID":3}],[],[],[],[],[],[],[],[],[],[],[]],"STARTING COALITION: ":[[null],[{"utility":42.5,"ID":15},{"utility":27,"ID":22},{"utility":68.5,"ID":25}],[],[{"utility":5,"ID":5},{"utility":3,"ID":24}],[{"utility":37.5,"ID":3},{"utility":37,"ID":12},{"utility":47,"ID":19}],[{"utility":7,"ID":6},{"utility":77.5,"ID":8},{"utility":39.5,"ID":27}],[{"utility":42,"ID":1},{"utility":11,"ID":4},{"utility":72,"ID":23}],[{"utility":24,"ID":21},{"utility":1,"ID":26}],[{"utility":39.5,"ID":17},{"utility":37.5,"ID":18},{"utility":76,"ID":20}],[{"utility":24.5,"ID":14},{"utility":73.5,"ID":16},{"utility":77.5,"ID":30}],[{"utility":0,"ID":29}],[{"utility":41,"ID":2},{"utility":65,"ID":7}],[{"utility":0,"ID":11}],[],[{"utility":74,"ID":9},{"utility":37,"ID":28}],[{"utility":0,"ID":10}],[{"utility":0,"ID":13}],[],[],[],[],[],[],[],[],[],[],[],[],[],[]],"CORE :":false,"LAST PARTITION":{"22":1,"23":6,"24":3,"25":1,"26":7,"27":5,"28":18,"29":10,"30":9,"10":15,"11":2,"12":4,"13":16,"14":9,"15":17,"16":9,"17":8,"18":8,"19":4,"1":2,"2":18,"3":19,"4":14,"5":11,"6":13,"7":11,"8":5,"9":14,"20":8,"21":7}},{"STARTING PARTITION: ":{"22":5,"23":3,"24":1,"25":15,"26":3,"27":12,"28":11,"29":5,"30":3,"10":5,"11":11,"12":3,"13":1,"14":10,"15":9,"16":13,"17":15,"18":2,"19":11,"1":13,"2":15,"3":8,"4":5,"5":12,"6":4,"7":12,"8":13,"9":15,"20":10,"21":1},"Agents":[null,{"utility":84,"ID":1},{"utility":98,"ID":2},{"utility":28,"ID":3},{"utility":93,"ID":4},{"utility":63,"ID":5},{"utility":15,"ID":6},{"utility":30,"ID":7},{"utility":86,"ID":8},{"utility":16,"ID":9},{"utility":15,"ID":10},{"utility":93,"ID":11},{"utility":50,"ID":12},{"utility":39.5,"ID":13},{"utility":85,"ID":14},{"utility":21,"ID":15},{"utility":18,"ID":16},{"utility":81,"ID":17},{"utility":0,"ID":18},{"utility":47,"ID":19},{"utility":92,"ID":20},{"utility":37,"ID":21},{"utility":16,"ID":22},{"utility":0,"ID":23},{"utility":25,"ID":24},{"utility":97,"ID":25},{"utility":63,"ID":26},{"utility":0,"ID":27},{"utility":72,"ID":28},{"utility":0,"ID":29},{"utility":57.5,"ID":30}],"LAST COALITION":[[],[{"utility":39.5,"ID":13},{"utility":37,"ID":21},{"utility":25,"ID":24}],[{"utility":0,"ID":18}],[{"utility":50,"ID":12},{"utility":63,"ID":26},{"utility":57.5,"ID":30}],[],[{"utility":15,"ID":10},{"utility":16,"ID":22}],[{"utility":63,"ID":5},{"utility":30,"ID":7}],[{"utility":0,"ID":23}],[{"utility":0,"ID":29}],[{"utility":28,"ID":3},{"utility":15,"ID":6}],[{"utility":85,"ID":14},{"utility":92,"ID":20}],[{"utility":93,"ID":11},{"utility":47,"ID":19}],[{"utility":0,"ID":27}],[{"utility":86,"ID":8},{"utility":18,"ID":16}],[],[{"utility":81,"ID":17},{"utility":97,"ID":25}],[{"utility":98,"ID":2},{"utility":72,"ID":28}],[{"utility":84,"ID":1},{"utility":21,"ID":15}],[{"utility":93,"ID":4},{"utility":16,"ID":9}],[],[],[],[],[],[],[],[],[],[],[],[]],"STARTING COALITION: ":[[null],[{"utility":39.5,"ID":13},{"utility":37,"ID":21},{"utility":25,"ID":24}],[{"utility":0,"ID":18}],[{"utility":58.666666666666664,"ID":12},{"utility":58.333333333333336,"ID":23},{"utility":42.666666666666664,"ID":26},{"utility":66.33333333333333,"ID":30}],[{"utility":0,"ID":6}],[{"utility":51.666666666666664,"ID":4},{"utility":40,"ID":10},{"utility":25.333333333333332,"ID":22},{"utility":46.666666666666664,"ID":29}],[],[],[{"utility":0,"ID":3}],[{"utility":0,"ID":15}],[{"utility":85,"ID":14},{"utility":92,"ID":20}],[{"utility":48.5,"ID":11},{"utility":30,"ID":19},{"utility":36,"ID":28}],[{"utility":40.5,"ID":5},{"utility":41.5,"ID":7},{"utility":79,"ID":27}],[{"utility":9,"ID":1},{"utility":72,"ID":8},{"utility":33.5,"ID":16}],[],[{"utility":42,"ID":2},{"utility":32.333333333333336,"ID":9},{"utility":54.666666666666664,"ID":17},{"utility":72,"ID":25}],[],[],[],[],[],[],[],[],[],[],[],[],[],[],[]],"CORE :":false,"LAST PARTITION":{"22":5,"23":7,"24":1,"25":15,"26":3,"27":12,"28":16,"29":8,"30":3,"10":5,"11":11,"12":3,"13":1,"14":10,"15":17,"16":13,"17":15,"18":2,"19":11,"1":17,"2":16,"3":9,"4":18,"5":6,"6":9,"7":6,"8":13,"9":18,"20":10,"21":1}},{"STARTING PARTITION: ":{"22":6,"23":7,"24":4,"25":5,"26":14,"27":11,"28":6,"29":1,"30":10,"10":4,"11":8,"12":6,"13":11,"14":2,"15":2,"16":10,"17":12,"18":16,"19":2,"1":9,"2":11,"3":8,"4":3,"5":12,"6":7,"7":14,"8":11,"9":6,"20":2,"21":3},"Agents":[null,{"utility":96,"ID":1},{"utility":99,"ID":2},{"utility":0,"ID":3},{"utility":0,"ID":4},{"utility":67,"ID":5},{"utility":93,"ID":6},{"utility":0,"ID":7},{"utility":98,"ID":8},{"utility":0,"ID":9},{"utility":0,"ID":10},{"utility":26,"ID":11},{"utility":22,"ID":12},{"utility":83.5,"ID":13},{"utility":39,"ID":14},{"utility":0,"ID":15},{"utility":65,"ID":16},{"utility":98,"ID":17},{"utility":0,"ID":18},{"utility":78,"ID":19},{"utility":0,"ID":20},{"utility":0,"ID":21},{"utility":52,"ID":22},{"utility":11,"ID":23},{"utility":0,"ID":24},{"utility":0,"ID":25},{"utility":0,"ID":26},{"utility":47,"ID":27},{"utility":30,"ID":28},{"utility":0,"ID":29},{"utility":98,"ID":30}],"LAST COALITION":[[],[{"utility":0,"ID":29}],[{"utility":39,"ID":14},{"utility":78,"ID":19}],[{"utility":99,"ID":2},{"utility":26,"ID":11}],[{"utility":0,"ID":24}],[{"utility":0,"ID":25}],[{"utility":22,"ID":12},{"utility":52,"ID":22}],[{"utility":93,"ID":6},{"utility":11,"ID":23}],[],[{"utility":0,"ID":9}],[{"utility":65,"ID":16},{"utility":98,"ID":30}],[{"utility":98,"ID":8},{"utility":83.5,"ID":13},{"utility":47,"ID":27}],[{"utility":67,"ID":5},{"utility":98,"ID":17}],[{"utility":0,"ID":20}],[{"utility":0,"ID":26}],[{"utility":0,"ID":10}],[{"utility":0,"ID":21}],[{"utility":0,"ID":18}],[{"utility":0,"ID":7}],[{"utility":0,"ID":15}],[{"utility":96,"ID":1},{"utility":30,"ID":28}],[{"utility":0,"ID":3}],[{"utility":0,"ID":4}],[],[],[],[],[],[],[],[]],"STARTING COALITION: ":[[null],[{"utility":0,"ID":29}],[{"utility":45.333333333333336,"ID":14},{"utility":23,"ID":15},{"utility":62.666666666666664,"ID":19},{"utility":46,"ID":20}],[{"utility":5,"ID":4},{"utility":89,"ID":21}],[{"utility":41,"ID":10},{"utility":40,"ID":24}],[{"utility":0,"ID":25}],[{"utility":40.666666666666664,"ID":9},{"utility":60.333333333333336,"ID":12},{"utility":24.333333333333332,"ID":22},{"utility":44,"ID":28}],[{"utility":93,"ID":6},{"utility":11,"ID":23}],[{"utility":64,"ID":3},{"utility":51,"ID":11}],[{"utility":0,"ID":1}],[{"utility":65,"ID":16},{"utility":98,"ID":30}],[{"utility":49,"ID":2},{"utility":89.66666666666667,"ID":8},{"utility":64.66666666666667,"ID":13},{"utility":61,"ID":27}],[{"utility":67,"ID":5},{"utility":98,"ID":17}],[],[{"utility":40,"ID":7},{"utility":98,"ID":26}],[],[{"utility":0,"ID":18}],[],[],[],[],[],[],[],[],[],[],[],[],[],[]],"CORE :":false,"LAST PARTITION":{"22":6,"23":7,"24":4,"25":5,"26":14,"27":11,"28":20,"29":1,"30":10,"10":15,"11":3,"12":6,"13":11,"14":2,"15":19,"16":10,"17":12,"18":17,"19":2,"1":20,"2":3,"3":21,"4":22,"5":12,"6":7,"7":18,"8":11,"9":9,"20":13,"21":16}},{"STARTING PARTITION: ":{"22":14,"23":4,"24":10,"25":8,"26":2,"27":12,"28":6,"29":16,"30":15,"10":11,"11":3,"12":13,"13":3,"14":15,"15":8,"16":7,"17":15,"18":7,"19":9,"1":3,"2":8,"3":5,"4":6,"5":9,"6":8,"7":4,"8":2,"9":16,"20":12,"21":3},"Agents":[null,{"utility":96,"ID":1},{"utility":96,"ID":2},{"utility":0,"ID":3},{"utility":75,"ID":4},{"utility":37,"ID":5},{"utility":44,"ID":6},{"utility":0,"ID":7},{"utility":0,"ID":8},{"utility":87,"ID":9},{"utility":0,"ID":10},{"utility":78,"ID":11},{"utility":0,"ID":12},{"utility":38,"ID":13},{"utility":0,"ID":14},{"utility":84,"ID":15},{"utility":8,"ID":16},{"utility":57,"ID":17},{"utility":26,"ID":18},{"utility":0,"ID":19},{"utility":17,"ID":20},{"utility":71.5,"ID":21},{"utility":0,"ID":22},{"utility":0,"ID":23},{"utility":0,"ID":24},{"utility":16,"ID":25},{"utility":0,"ID":26},{"utility":65,"ID":27},{"utility":30,"ID":28},{"utility":51,"ID":29},{"utility":80,"ID":30}],"LAST COALITION":[[],[{"utility":0,"ID":14}],[{"utility":0,"ID":26}],[{"utility":78,"ID":11},{"utility":38,"ID":13},{"utility":71.5,"ID":21}],[{"utility":0,"ID":23}],[{"utility":75,"ID":4},{"utility":37,"ID":5}],[{"utility":96,"ID":1},{"utility":30,"ID":28}],[{"utility":8,"ID":16},{"utility":26,"ID":18}],[{"utility":44,"ID":6},{"utility":16,"ID":25}],[{"utility":0,"ID":19}],[{"utility":0,"ID":24}],[{"utility":0,"ID":10}],[{"utility":17,"ID":20},{"utility":65,"ID":27}],[{"utility":0,"ID":12}],[{"utility":0,"ID":22}],[{"utility":57,"ID":17},{"utility":80,"ID":30}],[{"utility":87,"ID":9},{"utility":51,"ID":29}],[{"utility":0,"ID":7}],[{"utility":96,"ID":2},{"utility":84,"ID":15}],[{"utility":0,"ID":8}],[],[{"utility":0,"ID":3}],[],[],[],[],[],[],[],[],[]],"STARTING COALITION: ":[[null],[],[{"utility":12,"ID":8},{"utility":20,"ID":26}],[{"utility":89.33333333333333,"ID":1},{"utility":68,"ID":11},{"utility":29.666666666666668,"ID":13},{"utility":55.333333333333336,"ID":21}],[{"utility":51,"ID":7},{"utility":27,"ID":23}],[{"utility":0,"ID":3}],[{"utility":93,"ID":4},{"utility":66,"ID":28}],[{"utility":8,"ID":16},{"utility":26,"ID":18}],[{"utility":53.333333333333336,"ID":2},{"utility":56.333333333333336,"ID":6},{"utility":70.66666666666667,"ID":15},{"utility":39.333333333333336,"ID":25}],[{"utility":9,"ID":5},{"utility":99,"ID":19}],[{"utility":0,"ID":24}],[{"utility":0,"ID":10}],[{"utility":17,"ID":20},{"utility":65,"ID":27}],[{"utility":0,"ID":12}],[{"utility":0,"ID":22}],[{"utility":13,"ID":14},{"utility":30,"ID":17},{"utility":68.5,"ID":30}],[{"utility":87,"ID":9},{"utility":51,"ID":29}],[],[],[],[],[],[],[],[],[],[],[],[],[],[]],"CORE :":false,"LAST PARTITION":{"22":14,"23":4,"24":10,"25":8,"26":2,"27":12,"28":6,"29":16,"30":15,"10":11,"11":3,"12":13,"13":3,"14":1,"15":18,"16":7,"17":15,"18":7,"19":9,"1":6,"2":18,"3":21,"4":5,"5":5,"6":8,"7":17,"8":19,"9":16,"20":12,"21":3}},{"END OF FILE:" : true}]