[{"STARTING PARTITION: ":{"22":3,"23":14,"24":13,"25":4,"26":3,"27":1,"28":16,"29":13,"30":3,"10":8,"11":1,"12":2,"13":10,"14":8,"15":10,"16":4,"17":5,"18":12,"19":1,"1":6,"2":8,"3":16,"4":3,"5":9,"6":15,"7":14,"8":13,"9":9,"20":12,"21":13},"Agents":[null,{"utility":94,"ID":1},{"utility":85,"ID":2},{"utility":99,"ID":3},{"utility":95,"ID":4},{"utility":99,"ID":5},{"utility":84,"ID":6},{"utility":96,"ID":7},{"utility":87,"ID":8},{"utility":98,"ID":9},{"utility":0,"ID":10},{"utility":0,"ID":11},{"utility":0,"ID":12},{"utility":90,"ID":13},{"utility":68,"ID":14},{"utility":66,"ID":15},{"utility":68,"ID":16},{"utility":29,"ID":17},{"utility":64,"ID":18},{"utility":96,"ID":19},{"utility":0,"ID":20},{"utility":0,"ID":21},{"utility":84,"ID":22},{"utility":0,"ID":23},{"utility":35,"ID":24},{"utility":62,"ID":25},{"utility":54,"ID":26},{"utility":57,"ID":27},{"utility":0,"ID":28},{"utility":63,"ID":29},{"utility":0,"ID":30}],"LAST COALITION":[[],[{"utility":96,"ID":19},{"utility":57,"ID":27}],[{"utility":95,"ID":4},{"utility":84,"ID":22}],[{"utility":0,"ID":23}],[{"utility":0,"ID":11}],[{"utility":87,"ID":8},{"utility":68,"ID":14}],[{"utility":0,"ID":20}],[{"utility":0,"ID":28}],[{"utility":90,"ID":13},{"utility":63,"ID":29}],[{"utility":84,"ID":6},{"utility":66,"ID":15}],[{"utility":0,"ID":21}],[{"utility":0,"ID":30}],[{"utility":64,"ID":18},{"utility":98,"ID":9}],[{"utility":0,"ID":12}],[],[{"utility":29,"ID":17},{"utility":99,"ID":5}],[],[{"utility":99,"ID":3},{"utility":35,"ID":24}],[{"utility":68,"ID":16},{"utility":85,"ID":2}],[{"utility":94,"ID":1},{"utility":62,"ID":25}],[{"utility":0,"ID":10}],[{"utility":96,"ID":7},{"utility":54,"ID":26}],[],[],[],[],[],[],[],[],[]],"STARTING COALITION: ":[[null],[{"utility":10,"ID":11},{"utility":61.5,"ID":19},{"utility":29.5,"ID":27}],[{"utility":0,"ID":12}],[{"utility":33.666666666666664,"ID":4},{"utility":51.666666666666664,"ID":22},{"utility":69,"ID":26},{"utility":55.333333333333336,"ID":30}],[{"utility":75,"ID":16},{"utility":12,"ID":25}],[{"utility":0,"ID":17}],[{"utility":0,"ID":1}],[],[{"utility":33,"ID":2},{"utility":69.5,"ID":10},{"utility":62.5,"ID":14}],[{"utility":57,"ID":5},{"utility":96,"ID":9}],[{"utility":43,"ID":13},{"utility":59,"ID":15}],[],[{"utility":89,"ID":18},{"utility":92,"ID":20}],[{"utility":46,"ID":8},{"utility":52,"ID":21},{"utility":53,"ID":24},{"utility":59,"ID":29}],[{"utility":8,"ID":7},{"utility":38,"ID":23}],[{"utility":0,"ID":6}],[{"utility":40,"ID":3},{"utility":84,"ID":28}],[],[],[],[],[],[],[],[],[],[],[],[],[],[]],"CORE :":false,"LAST PARTITION":{"22":2,"23":3,"24":17,"25":19,"26":21,"27":1,"28":7,"29":8,"30":11,"10":20,"11":4,"12":13,"13":8,"14":5,"15":9,"16":18,"17":15,"18":12,"19":1,"1":19,"2":18,"3":17,"4":2,"5":15,"6":9,"7":21,"8":5,"9":12,"20":6,"21":10}},{"STARTING PARTITION: ":{"22":14,"23":1,"24":10,"25":13,"26":6,"27":4,"28":16,"29":4,"30":13,"10":3,"11":16,"12":9,"13":12,"14":10,"15":5,"16":4,"17":11,"18":4,"19":5,"1":6,"2":2,"3":8,"4":1,"5":4,"6":8,"7":6,"8":9,"9":7,"20":10,"21":3},"Agents":[null,{"utility":94,"ID":1},{"utility":85,"ID":2},{"utility":71,"ID":3},{"utility":95,"ID":4},{"utility":99,"ID":5},{"utility":88,"ID":6},{"utility":96,"ID":7},{"utility":98,"ID":8},{"utility":98,"ID":9},{"utility":82,"ID":10},{"utility":0,"ID":11},{"utility":99,"ID":12},{"utility":85,"ID":13},{"utility":49,"ID":14},{"utility":0,"ID":15},{"utility":68,"ID":16},{"utility":29,"ID":17},{"utility":64,"ID":18},{"utility":23,"ID":19},{"utility":98,"ID":20},{"utility":0,"ID":21},{"utility":84,"ID":22},{"utility":0,"ID":23},{"utility":43,"ID":24},{"utility":62,"ID":25},{"utility":54,"ID":26},{"utility":0,"ID":27},{"utility":66,"ID":28},{"utility":78,"ID":29},{"utility":0,"ID":30}],"LAST COALITION":[[],[{"utility":0,"ID":27}],[{"utility":0,"ID":15}],[{"utility":0,"ID":21}],[{"utility":0,"ID":23}],[{"utility":98,"ID":8},{"utility":85,"ID":13}],[{"utility":96,"ID":7},{"utility":54,"ID":26}],[{"utility":0,"ID":11}],[{"utility":64,"ID":18},{"utility":98,"ID":9}],[{"utility":29,"ID":17},{"utility":99,"ID":5}],[{"utility":98,"ID":20},{"utility":43,"ID":24}],[{"utility":0,"ID":30}],[{"utility":94,"ID":1},{"utility":62,"ID":25}],[{"utility":88,"ID":6},{"utility":49,"ID":14}],[{"utility":23,"ID":19},{"utility":99,"ID":12}],[{"utility":68,"ID":16},{"utility":85,"ID":2}],[{"utility":71,"ID":3},{"utility":78,"ID":29}],[{"utility":82,"ID":10},{"utility":66,"ID":28}],[],[],[],[{"utility":95,"ID":4},{"utility":84,"ID":22}],[],[],[],[],[],[],[],[],[]],"STARTING COALITION: ":[[null],[{"utility":20,"ID":4},{"utility":12,"ID":23}],[{"utility":0,"ID":2}],[{"utility":21,"ID":10},{"utility":56,"ID":21}],[{"utility":65.5,"ID":5},{"utility":74.5,"ID":16},{"utility":55.25,"ID":18},{"utility":52,"ID":27},{"utility":40,"ID":29}],[{"utility":94,"ID":15},{"utility":15,"ID":19}],[{"utility":35,"ID":1},{"utility":96.5,"ID":7},{"utility":42,"ID":26}],[{"utility":0,"ID":9}],[{"utility":62,"ID":3},{"utility":95,"ID":6}],[{"utility":70,"ID":8},{"utility":74,"ID":12}],[{"utility":34.5,"ID":14},{"utility":97,"ID":20},{"utility":52.5,"ID":24}],[{"utility":0,"ID":17}],[{"utility":0,"ID":13}],[{"utility":21,"ID":25},{"utility":79,"ID":30}],[{"utility":0,"ID":22}],[],[{"utility":97,"ID":11},{"utility":63,"ID":28}],[],[],[],[],[],[],[],[],[],[],[],[],[],[]],"CORE :":false,"LAST PARTITION":{"22":21,"23":4,"24":10,"25":12,"26":6,"27":1,"28":17,"29":16,"30":11,"10":17,"11":7,"12":14,"13":5,"14":13,"15":2,"16":15,"17":9,"18":8,"19":14,"1":12,"2":15,"3":16,"4":21,"5":9,"6":13,"7":6,"8":5,"9":8,"20":10,"21":3}},{"STARTING PARTITION: ":{"22":6,"23":2,"24":1,"25":14,"26":7,"27":10,"28":11,"29":5,"30":1,"10":16,"11":10,"12":11,"13":3,"14":10,"15":15,"16":15,"17":4,"18":10,"19":7,"1":10,"2":6,"3":5,"4":1,"5":12,"6":10,"7":7,"8":15,"9":12,"20":16,"21":4},"Agents":[null,{"utility":94,"ID":1},{"utility":85,"ID":2},{"utility":0,"ID":3},{"utility":95,"ID":4},{"utility":99,"ID":5},{"utility":99,"ID":6},{"utility":92,"ID":7},{"utility":46,"ID":8},{"utility":0,"ID":9},{"utility":0,"ID":10},{"utility":76,"ID":11},{"utility":0,"ID":12},{"utility":36,"ID":13},{"utility":85,"ID":14},{"utility":0,"ID":15},{"utility":68,"ID":16},{"utility":29,"ID":17},{"utility":41,"ID":18},{"utility":88,"ID":19},{"utility":0,"ID":20},{"utility":0,"ID":21},{"utility":84,"ID":22},{"utility":0,"ID":23},{"utility":95,"ID":24},{"utility":62,"ID":25},{"utility":65,"ID":26},{"utility":69,"ID":27},{"utility":0,"ID":28},{"utility":0,"ID":29},{"utility":75,"ID":30}],"LAST COALITION":[[],[{"utility":95,"ID":24},{"utility":75,"ID":30}],[{"utility":0,"ID":23}],[{"utility":94,"ID":1},{"utility":62,"ID":25}],[{"utility":0,"ID":29}],[{"utility":92,"ID":7},{"utility":85,"ID":14}],[{"utility":0,"ID":9}],[{"utility":88,"ID":19},{"utility":65,"ID":26}],[{"utility":0,"ID":10}],[{"utility":99,"ID":6},{"utility":36,"ID":13}],[{"utility":41,"ID":18},{"utility":69,"ID":27}],[{"utility":0,"ID":28}],[{"utility":46,"ID":8},{"utility":76,"ID":11}],[{"utility":68,"ID":16},{"utility":85,"ID":2}],[{"utility":0,"ID":15}],[{"utility":0,"ID":21}],[{"utility":0,"ID":20}],[{"utility":0,"ID":12}],[{"utility":0,"ID":3}],[{"utility":95,"ID":4},{"utility":84,"ID":22}],[{"utility":29,"ID":17},{"utility":99,"ID":5}],[],[],[],[],[],[],[],[],[],[]],"STARTING COALITION: ":[[null],[{"utility":39,"ID":4},{"utility":69.5,"ID":24},{"utility":72,"ID":30}],[{"utility":0,"ID":23}],[{"utility":0,"ID":13}],[{"utility":12,"ID":17},{"utility":41,"ID":21}],[{"utility":71,"ID":3},{"utility":78,"ID":29}],[{"utility":19,"ID":2},{"utility":79,"ID":22}],[{"utility":88.5,"ID":7},{"utility":71,"ID":19},{"utility":59.5,"ID":26}],[],[],[{"utility":39,"ID":1},{"utility":57.4,"ID":6},{"utility":45,"ID":11},{"utility":43.6,"ID":14},{"utility":32.2,"ID":18},{"utility":56.8,"ID":27}],[{"utility":12,"ID":12},{"utility":20,"ID":28}],[{"utility":57,"ID":5},{"utility":96,"ID":9}],[],[{"utility":0,"ID":25}],[{"utility":75.5,"ID":8},{"utility":51.5,"ID":15},{"utility":57,"ID":16}],[{"utility":16,"ID":10},{"utility":78,"ID":20}],[],[],[],[],[],[],[],[],[],[],[],[],[],[]],"CORE :":false,"LAST PARTITION":{"22":19,"23":2,"24":1,"25":3,"26":7,"27":10,"28":11,"29":4,"30":1,"10":8,"11":12,"12":17,"13":9,"14":5,"15":14,"16":13,"17":20,"18":10,"19":7,"1":3,"2":13,"3":18,"4":19,"5":20,"6":9,"7":5,"8":12,"9":6,"20":16,"21":15}},{"STARTING PARTITION: ":{"22":12,"23":2,"24":3,"25":8,"26":10,"27":13,"28":12,"29":16,"30":15,"10":4,"11":7,"12":16,"13":11,"14":6,"15":4,"16":12,"17":11,"18":16,"19":2,"1":14,"2":10,"3":15,"4":13,"5":5,"6":13,"7":7,"8":7,"9":13,"20":5,"21":11},"Agents":[null,{"utility":94,"ID":1},{"utility":85,"ID":2},{"utility":0,"ID":3},{"utility":95,"ID":4},{"utility":99,"ID":5},{"utility":63,"ID":6},{"utility":96,"ID":7},{"utility":98,"ID":8},{"utility":95,"ID":9},{"utility":57,"ID":10},{"utility":56,"ID":11},{"utility":0,"ID":12},{"utility":85,"ID":13},{"utility":0,"ID":14},{"utility":0,"ID":15},{"utility":68,"ID":16},{"utility":29,"ID":17},{"utility":95,"ID":18},{"utility":82,"ID":19},{"utility":100,"ID":20},{"utility":0,"ID":21},{"utility":84,"ID":22},{"utility":95,"ID":23},{"utility":49,"ID":24},{"utility":62,"ID":25},{"utility":54,"ID":26},{"utility":0,"ID":27},{"utility":0,"ID":28},{"utility":45,"ID":29},{"utility":0,"ID":30}],"LAST COALITION":[[],[{"utility":0,"ID":12}],[{"utility":82,"ID":19},{"utility":95,"ID":23}],[{"utility":98,"ID":8},{"utility":85,"ID":13}],[{"utility":0,"ID":30}],[{"utility":0,"ID":15}],[{"utility":96,"ID":7},{"utility":54,"ID":26}],[{"utility":100,"ID":20},{"utility":95,"ID":9}],[{"utility":29,"ID":17},{"utility":99,"ID":5}],[{"utility":0,"ID":3}],[{"utility":49,"ID":24},{"utility":57,"ID":10}],[{"utility":0,"ID":21}],[{"utility":0,"ID":28}],[{"utility":0,"ID":27}],[{"utility":0,"ID":14}],[],[{"utility":95,"ID":18},{"utility":45,"ID":29}],[{"utility":68,"ID":16},{"utility":85,"ID":2}],[{"utility":94,"ID":1},{"utility":62,"ID":25}],[{"utility":63,"ID":6},{"utility":56,"ID":11}],[{"utility":95,"ID":4},{"utility":84,"ID":22}],[],[],[],[],[],[],[],[],[],[]],"STARTING COALITION: ":[[null],[],[{"utility":82,"ID":19},{"utility":95,"ID":23}],[{"utility":0,"ID":24}],[{"utility":36,"ID":10},{"utility":76,"ID":15}],[{"utility":65,"ID":5},{"utility":38,"ID":20}],[{"utility":0,"ID":14}],[{"utility":61.5,"ID":7},{"utility":72.5,"ID":8},{"utility":77,"ID":11}],[{"utility":0,"ID":25}],[],[{"utility":12,"ID":2},{"utility":36,"ID":26}],[{"utility":14.5,"ID":13},{"utility":12.5,"ID":17},{"utility":56.5,"ID":21}],[{"utility":48.5,"ID":16},{"utility":64,"ID":22},{"utility":49,"ID":28}],[{"utility":30.666666666666668,"ID":4},{"utility":54.666666666666664,"ID":6},{"utility":34.666666666666664,"ID":9},{"utility":75,"ID":27}],[{"utility":0,"ID":1}],[{"utility":57,"ID":3},{"utility":3,"ID":30}],[{"utility":56,"ID":12},{"utility":53.5,"ID":18},{"utility":25,"ID":29}],[],[],[],[],[],[],[],[],[],[],[],[],[],[]],"CORE :":false,"LAST PARTITION":{"22":20,"23":2,"24":10,"25":18,"26":6,"27":13,"28":12,"29":16,"30":4,"10":10,"11":19,"12":1,"13":3,"14":14,"15":5,"16":17,"17":8,"18":16,"19":2,"1":18,"2":17,"3":9,"4":20,"5":8,"6":19,"7":6,"8":3,"9":7,"20":7,"21":11}},{"STARTING PARTITION: ":{"22":7,"23":9,"24":1,"25":6,"26":11,"27":3,"28":10,"29":14,"30":9,"10":2,"11":9,"12":5,"13":13,"14":16,"15":8,"16":15,"17":16,"18":12,"19":7,"1":12,"2":9,"3":3,"4":9,"5":10,"6":10,"7":15,"8":10,"9":11,"20":12,"21":8},"Agents":[null,{"utility":94,"ID":1},{"utility":85,"ID":2},{"utility":99,"ID":3},{"utility":99,"ID":4},{"utility":95,"ID":5},{"utility":99,"ID":6},{"utility":96,"ID":7},{"utility":7,"ID":8},{"utility":91,"ID":9},{"utility":3,"ID":10},{"utility":0,"ID":11},{"utility":0,"ID":12},{"utility":36,"ID":13},{"utility":87,"ID":14},{"utility":31,"ID":15},{"utility":68,"ID":16},{"utility":60,"ID":17},{"utility":89,"ID":18},{"utility":74,"ID":19},{"utility":92,"ID":20},{"utility":77,"ID":21},{"utility":95,"ID":22},{"utility":80,"ID":23},{"utility":35,"ID":24},{"utility":7,"ID":25},{"utility":54,"ID":26},{"utility":25,"ID":27},{"utility":0,"ID":28},{"utility":0,"ID":29},{"utility":54,"ID":30}],"LAST COALITION":[[],[{"utility":0,"ID":12}],[{"utility":95,"ID":5},{"utility":25,"ID":27}],[{"utility":99,"ID":6},{"utility":36,"ID":13}],[{"utility":99,"ID":4},{"utility":7,"ID":25}],[],[],[{"utility":74,"ID":19},{"utility":95,"ID":22}],[{"utility":31,"ID":15},{"utility":77,"ID":21}],[{"utility":80,"ID":23},{"utility":54,"ID":30}],[{"utility":0,"ID":28}],[{"utility":96,"ID":7},{"utility":54,"ID":26}],[{"utility":89,"ID":18},{"utility":92,"ID":20}],[{"utility":7,"ID":8},{"utility":91,"ID":9}],[{"utility":0,"ID":29}],[{"utility":99,"ID":3},{"utility":35,"ID":24}],[{"utility":87,"ID":14},{"utility":60,"ID":17}],[{"utility":0,"ID":11}],[],[{"utility":94,"ID":1},{"utility":3,"ID":10}],[{"utility":68,"ID":16},{"utility":85,"ID":2}],[],[],[],[],[],[],[],[],[],[]],"STARTING COALITION: ":[[null],[{"utility":0,"ID":24}],[{"utility":0,"ID":10}],[{"utility":3,"ID":3},{"utility":6,"ID":27}],[],[{"utility":0,"ID":12}],[{"utility":0,"ID":25}],[{"utility":74,"ID":19},{"utility":95,"ID":22}],[{"utility":31,"ID":15},{"utility":77,"ID":21}],[{"utility":35.5,"ID":2},{"utility":38.75,"ID":4},{"utility":63.75,"ID":11},{"utility":35.25,"ID":23},{"utility":54.75,"ID":30}],[{"utility":59.333333333333336,"ID":5},{"utility":40.333333333333336,"ID":6},{"utility":73.33333333333333,"ID":8},{"utility":15.666666666666666,"ID":28}],[{"utility":69,"ID":9},{"utility":37,"ID":26}],[{"utility":40,"ID":1},{"utility":57.5,"ID":18},{"utility":58,"ID":20}],[{"utility":0,"ID":13}],[{"utility":0,"ID":29}],[{"utility":43,"ID":7},{"utility":73,"ID":16}],[{"utility":87,"ID":14},{"utility":60,"ID":17}],[],[],[],[],[],[],[],[],[],[],[],[],[],[]],"CORE :":false,"LAST PARTITION":{"22":7,"23":9,"24":15,"25":4,"26":11,"27":2,"28":10,"29":14,"30":9,"10":19,"11":17,"12":1,"13":3,"14":16,"15":8,"16":20,"17":16,"18":12,"19":7,"1":19,"2":20,"3":15,"4":4,"5":2,"6":3,"7":11,"8":13,"9":13,"20":12,"21":8}},{"END OF FILE:" : true}]