[{"STARTING PARTITION: ":{"22":9,"23":5,"24":8,"25":9,"26":15,"27":14,"28":8,"29":4,"30":2,"10":8,"11":15,"12":5,"13":16,"14":13,"15":1,"16":5,"17":7,"18":14,"19":8,"1":10,"2":14,"3":8,"4":7,"5":4,"6":12,"7":7,"8":10,"9":14,"20":9,"21":12},"Agents":[null,{"utility":91,"ID":1},{"utility":99,"ID":2},{"utility":92,"ID":3},{"utility":95,"ID":4},{"utility":87,"ID":5},{"utility":99,"ID":6},{"utility":92,"ID":7},{"utility":0,"ID":8},{"utility":0,"ID":9},{"utility":20.5,"ID":10},{"utility":95,"ID":11},{"utility":79.5,"ID":12},{"utility":43,"ID":13},{"utility":0,"ID":14},{"utility":0,"ID":15},{"utility":13.5,"ID":16},{"utility":64,"ID":17},{"utility":65,"ID":18},{"utility":32.5,"ID":19},{"utility":88,"ID":20},{"utility":53,"ID":21},{"utility":85,"ID":22},{"utility":70,"ID":23},{"utility":75,"ID":24},{"utility":44,"ID":25},{"utility":30,"ID":26},{"utility":0,"ID":27},{"utility":89,"ID":28},{"utility":16,"ID":29},{"utility":0,"ID":30}],"LAST COALITION":[[],[{"utility":64,"ID":17},{"utility":92,"ID":3}],[{"utility":0,"ID":30}],[{"utility":99,"ID":2},{"utility":43,"ID":13}],[{"utility":87,"ID":5},{"utility":16,"ID":29}],[{"utility":79.5,"ID":12},{"utility":13.5,"ID":16},{"utility":70,"ID":23}],[{"utility":88,"ID":20},{"utility":99,"ID":6}],[{"utility":0,"ID":15}],[{"utility":20.5,"ID":10},{"utility":32.5,"ID":19},{"utility":75,"ID":24}],[{"utility":85,"ID":22},{"utility":44,"ID":25}],[{"utility":0,"ID":9}],[],[{"utility":92,"ID":7},{"utility":89,"ID":28}],[{"utility":0,"ID":14}],[{"utility":0,"ID":27}],[{"utility":95,"ID":11},{"utility":30,"ID":26}],[],[{"utility":0,"ID":8}],[{"utility":95,"ID":4},{"utility":53,"ID":21}],[{"utility":91,"ID":1},{"utility":65,"ID":18}],[],[],[],[],[],[],[],[],[],[],[]],"STARTING COALITION: ":[[null],[{"utility":0,"ID":15}],[{"utility":0,"ID":30}],[],[{"utility":87,"ID":5},{"utility":16,"ID":29}],[{"utility":79.5,"ID":12},{"utility":13.5,"ID":16},{"utility":70,"ID":23}],[],[{"utility":86.5,"ID":4},{"utility":76.5,"ID":7},{"utility":45,"ID":17}],[{"utility":38,"ID":3},{"utility":28.75,"ID":10},{"utility":52.75,"ID":19},{"utility":61.5,"ID":24},{"utility":67.5,"ID":28}],[{"utility":32.5,"ID":20},{"utility":61,"ID":22},{"utility":63.5,"ID":25}],[{"utility":75,"ID":1},{"utility":96,"ID":8}],[],[{"utility":97,"ID":6},{"utility":82,"ID":21}],[{"utility":0,"ID":14}],[{"utility":70,"ID":2},{"utility":53,"ID":9},{"utility":65.66666666666667,"ID":18},{"utility":42,"ID":27}],[{"utility":95,"ID":11},{"utility":30,"ID":26}],[{"utility":0,"ID":13}],[],[],[],[],[],[],[],[],[],[],[],[],[],[]],"CORE :":false,"LAST PARTITION":{"22":9,"23":5,"24":8,"25":9,"26":15,"27":14,"28":12,"29":4,"30":2,"10":8,"11":15,"12":5,"13":3,"14":13,"15":7,"16":5,"17":1,"18":19,"19":8,"1":19,"2":3,"3":1,"4":18,"5":4,"6":6,"7":12,"8":17,"9":10,"20":6,"21":18}},{"STARTING PARTITION: ":{"22":8,"23":6,"24":11,"25":6,"26":14,"27":2,"28":12,"29":2,"30":3,"10":13,"11":2,"12":8,"13":4,"14":2,"15":4,"16":15,"17":16,"18":1,"19":7,"1":3,"2":9,"3":13,"4":9,"5":3,"6":2,"7":10,"8":2,"9":13,"20":3,"21":7},"Agents":[null,{"utility":98,"ID":1},{"utility":100,"ID":2},{"utility":0,"ID":3},{"utility":95,"ID":4},{"utility":95,"ID":5},{"utility":94,"ID":6},{"utility":0,"ID":7},{"utility":0,"ID":8},{"utility":0,"ID":9},{"utility":8,"ID":10},{"utility":24,"ID":11},{"utility":0,"ID":12},{"utility":58,"ID":13},{"utility":60.333333333333336,"ID":14},{"utility":62,"ID":15},{"utility":0,"ID":16},{"utility":0,"ID":17},{"utility":0,"ID":18},{"utility":0,"ID":19},{"utility":77,"ID":20},{"utility":53,"ID":21},{"utility":0,"ID":22},{"utility":55,"ID":23},{"utility":0,"ID":24},{"utility":79,"ID":25},{"utility":0,"ID":26},{"utility":31.333333333333332,"ID":27},{"utility":81,"ID":28},{"utility":48,"ID":29},{"utility":59,"ID":30}],"LAST COALITION":[[],[{"utility":100,"ID":2},{"utility":81,"ID":28}],[{"utility":24,"ID":11},{"utility":60.333333333333336,"ID":14},{"utility":31.333333333333332,"ID":27},{"utility":48,"ID":29}],[{"utility":77,"ID":20},{"utility":59,"ID":30}],[{"utility":58,"ID":13},{"utility":62,"ID":15}],[],[{"utility":55,"ID":23},{"utility":79,"ID":25}],[{"utility":0,"ID":19}],[{"utility":0,"ID":22}],[{"utility":95,"ID":4},{"utility":53,"ID":21}],[{"utility":0,"ID":7}],[{"utility":0,"ID":24}],[{"utility":95,"ID":5},{"utility":94,"ID":6}],[{"utility":0,"ID":3}],[{"utility":0,"ID":26}],[{"utility":0,"ID":16}],[{"utility":0,"ID":17}],[{"utility":0,"ID":8}],[{"utility":0,"ID":12}],[{"utility":0,"ID":18}],[{"utility":0,"ID":9}],[{"utility":98,"ID":1},{"utility":8,"ID":10}],[],[],[],[],[],[],[],[],[]],"STARTING COALITION: ":[[null],[{"utility":0,"ID":18}],[{"utility":54.6,"ID":6},{"utility":40.6,"ID":8},{"utility":21.8,"ID":11},{"utility":61.2,"ID":14},{"utility":56.8,"ID":27},{"utility":45.8,"ID":29}],[{"utility":83.66666666666667,"ID":1},{"utility":50,"ID":5},{"utility":57.666666666666664,"ID":20},{"utility":45,"ID":30}],[{"utility":58,"ID":13},{"utility":62,"ID":15}],[],[{"utility":55,"ID":23},{"utility":79,"ID":25}],[{"utility":69,"ID":19},{"utility":29,"ID":21}],[{"utility":36,"ID":12},{"utility":79,"ID":22}],[{"utility":42,"ID":2},{"utility":72,"ID":4}],[{"utility":0,"ID":7}],[{"utility":0,"ID":24}],[{"utility":0,"ID":28}],[{"utility":46.5,"ID":3},{"utility":59.5,"ID":9},{"utility":50,"ID":10}],[{"utility":0,"ID":26}],[{"utility":0,"ID":16}],[{"utility":0,"ID":17}],[],[],[],[],[],[],[],[],[],[],[],[],[],[]],"CORE :":false,"LAST PARTITION":{"22":8,"23":6,"24":11,"25":6,"26":14,"27":2,"28":1,"29":2,"30":3,"10":21,"11":2,"12":18,"13":4,"14":2,"15":4,"16":15,"17":16,"18":19,"19":7,"1":21,"2":1,"3":13,"4":9,"5":12,"6":12,"7":10,"8":17,"9":20,"20":3,"21":9}},{"STARTING PARTITION: ":{"22":16,"23":6,"24":2,"25":15,"26":16,"27":1,"28":13,"29":9,"30":12,"10":14,"11":10,"12":13,"13":3,"14":5,"15":1,"16":4,"17":8,"18":8,"19":14,"1":6,"2":11,"3":11,"4":9,"5":4,"6":4,"7":1,"8":4,"9":3,"20":11,"21":4},"Agents":[null,{"utility":93,"ID":1},{"utility":100,"ID":2},{"utility":0,"ID":3},{"utility":95,"ID":4},{"utility":95,"ID":5},{"utility":94,"ID":6},{"utility":0,"ID":7},{"utility":0,"ID":8},{"utility":0,"ID":9},{"utility":31,"ID":10},{"utility":0,"ID":11},{"utility":0,"ID":12},{"utility":0,"ID":13},{"utility":0,"ID":14},{"utility":14,"ID":15},{"utility":0,"ID":16},{"utility":0,"ID":17},{"utility":0,"ID":18},{"utility":59,"ID":19},{"utility":21,"ID":20},{"utility":53,"ID":21},{"utility":96,"ID":22},{"utility":0,"ID":23},{"utility":0,"ID":24},{"utility":0,"ID":25},{"utility":59,"ID":26},{"utility":62,"ID":27},{"utility":81,"ID":28},{"utility":0,"ID":29},{"utility":0,"ID":30}],"LAST COALITION":[[],[{"utility":14,"ID":15},{"utility":62,"ID":27}],[{"utility":0,"ID":24}],[{"utility":0,"ID":3}],[{"utility":0,"ID":16}],[{"utility":0,"ID":14}],[{"utility":0,"ID":23}],[{"utility":0,"ID":8}],[{"utility":0,"ID":17}],[{"utility":0,"ID":29}],[{"utility":0,"ID":11}],[{"utility":0,"ID":9}],[{"utility":0,"ID":30}],[{"utility":0,"ID":12}],[{"utility":31,"ID":10},{"utility":59,"ID":19}],[{"utility":0,"ID":25}],[{"utility":96,"ID":22},{"utility":59,"ID":26}],[{"utility":0,"ID":13}],[{"utility":95,"ID":5},{"utility":94,"ID":6}],[],[{"utility":100,"ID":2},{"utility":81,"ID":28}],[{"utility":95,"ID":4},{"utility":53,"ID":21}],[{"utility":0,"ID":18}],[{"utility":93,"ID":1},{"utility":21,"ID":20}],[{"utility":0,"ID":7}],[],[],[],[],[],[]],"STARTING COALITION: ":[[null],[{"utility":77,"ID":7},{"utility":24.5,"ID":15},{"utility":68,"ID":27}],[{"utility":0,"ID":24}],[{"utility":10,"ID":9},{"utility":89,"ID":13}],[{"utility":75.5,"ID":5},{"utility":71.25,"ID":6},{"utility":30,"ID":8},{"utility":44.75,"ID":16},{"utility":33,"ID":21}],[{"utility":0,"ID":14}],[{"utility":90,"ID":1},{"utility":50,"ID":23}],[],[{"utility":42,"ID":17},{"utility":15,"ID":18}],[{"utility":75,"ID":4},{"utility":20,"ID":29}],[{"utility":0,"ID":11}],[{"utility":27,"ID":2},{"utility":74,"ID":3},{"utility":15.5,"ID":20}],[{"utility":0,"ID":30}],[{"utility":92,"ID":12},{"utility":23,"ID":28}],[{"utility":31,"ID":10},{"utility":59,"ID":19}],[{"utility":0,"ID":25}],[{"utility":96,"ID":22},{"utility":59,"ID":26}],[],[],[],[],[],[],[],[],[],[],[],[],[],[]],"CORE :":false,"LAST PARTITION":{"22":16,"23":6,"24":2,"25":15,"26":16,"27":1,"28":20,"29":9,"30":12,"10":14,"11":10,"12":13,"13":17,"14":5,"15":1,"16":4,"17":8,"18":22,"19":14,"1":23,"2":20,"3":3,"4":21,"5":18,"6":18,"7":24,"8":7,"9":11,"20":23,"21":21}},{"STARTING PARTITION: ":{"22":9,"23":4,"24":16,"25":15,"26":12,"27":7,"28":9,"29":6,"30":11,"10":13,"11":6,"12":7,"13":5,"14":7,"15":4,"16":16,"17":6,"18":5,"19":16,"1":6,"2":9,"3":14,"4":8,"5":7,"6":5,"7":16,"8":13,"9":3,"20":12,"21":14},"Agents":[null,{"utility":0,"ID":1},{"utility":99,"ID":2},{"utility":92,"ID":3},{"utility":95,"ID":4},{"utility":91,"ID":5},{"utility":99,"ID":6},{"utility":61,"ID":7},{"utility":58,"ID":8},{"utility":0,"ID":9},{"utility":75,"ID":10},{"utility":18,"ID":11},{"utility":22.5,"ID":12},{"utility":43,"ID":13},{"utility":30.5,"ID":14},{"utility":33,"ID":15},{"utility":47,"ID":16},{"utility":64,"ID":17},{"utility":0,"ID":18},{"utility":37,"ID":19},{"utility":88,"ID":20},{"utility":53,"ID":21},{"utility":8,"ID":22},{"utility":83,"ID":23},{"utility":67.5,"ID":24},{"utility":0,"ID":25},{"utility":0,"ID":26},{"utility":62,"ID":27},{"utility":95,"ID":28},{"utility":99,"ID":29},{"utility":0,"ID":30}],"LAST COALITION":[[],[{"utility":0,"ID":1}],[{"utility":99,"ID":2},{"utility":43,"ID":13}],[{"utility":61,"ID":7},{"utility":75,"ID":10}],[{"utility":33,"ID":15},{"utility":83,"ID":23}],[{"utility":0,"ID":18}],[{"utility":18,"ID":11},{"utility":99,"ID":29}],[{"utility":22.5,"ID":12},{"utility":30.5,"ID":14},{"utility":62,"ID":27}],[{"utility":95,"ID":4},{"utility":53,"ID":21}],[{"utility":8,"ID":22},{"utility":95,"ID":28}],[{"utility":91,"ID":5},{"utility":58,"ID":8}],[{"utility":0,"ID":30}],[{"utility":0,"ID":26}],[{"utility":88,"ID":20},{"utility":99,"ID":6}],[{"utility":0,"ID":9}],[{"utility":0,"ID":25}],[{"utility":47,"ID":16},{"utility":37,"ID":19},{"utility":67.5,"ID":24}],[{"utility":64,"ID":17},{"utility":92,"ID":3}],[],[],[],[],[],[],[],[],[],[],[],[],[]],"STARTING COALITION: ":[[null],[],[],[{"utility":0,"ID":9}],[{"utility":33,"ID":15},{"utility":83,"ID":23}],[{"utility":67,"ID":6},{"utility":38,"ID":13},{"utility":40,"ID":18}],[{"utility":52,"ID":1},{"utility":42,"ID":11},{"utility":32,"ID":17},{"utility":51.333333333333336,"ID":29}],[{"utility":39.333333333333336,"ID":5},{"utility":18.333333333333332,"ID":12},{"utility":24,"ID":14},{"utility":74.66666666666667,"ID":27}],[{"utility":0,"ID":4}],[{"utility":95,"ID":2},{"utility":40,"ID":22},{"utility":88,"ID":28}],[],[{"utility":0,"ID":30}],[{"utility":57,"ID":20},{"utility":66,"ID":26}],[{"utility":62,"ID":8},{"utility":69,"ID":10}],[{"utility":77,"ID":3},{"utility":18,"ID":21}],[{"utility":0,"ID":25}],[{"utility":50.333333333333336,"ID":7},{"utility":34.333333333333336,"ID":16},{"utility":31.666666666666668,"ID":19},{"utility":65.33333333333333,"ID":24}],[],[],[],[],[],[],[],[],[],[],[],[],[],[]],"CORE :":false,"LAST PARTITION":{"22":9,"23":4,"24":16,"25":15,"26":12,"27":7,"28":9,"29":6,"30":11,"10":3,"11":6,"12":7,"13":2,"14":7,"15":4,"16":16,"17":17,"18":5,"19":16,"1":1,"2":2,"3":17,"4":8,"5":10,"6":13,"7":3,"8":10,"9":14,"20":13,"21":8}},{"STARTING PARTITION: ":{"22":10,"23":7,"24":3,"25":14,"26":5,"27":4,"28":1,"29":1,"30":12,"10":8,"11":15,"12":16,"13":7,"14":14,"15":4,"16":12,"17":1,"18":6,"19":8,"1":11,"2":12,"3":1,"4":6,"5":15,"6":4,"7":14,"8":3,"9":1,"20":13,"21":7},"Agents":[null,{"utility":0,"ID":1},{"utility":100,"ID":2},{"utility":92,"ID":3},{"utility":87,"ID":4},{"utility":91,"ID":5},{"utility":99,"ID":6},{"utility":0,"ID":7},{"utility":58,"ID":8},{"utility":78,"ID":9},{"utility":31,"ID":10},{"utility":0,"ID":11},{"utility":0,"ID":12},{"utility":74.5,"ID":13},{"utility":35,"ID":14},{"utility":14,"ID":15},{"utility":91,"ID":16},{"utility":64,"ID":17},{"utility":0,"ID":18},{"utility":59,"ID":19},{"utility":88,"ID":20},{"utility":83,"ID":21},{"utility":0,"ID":22},{"utility":48.5,"ID":23},{"utility":0,"ID":24},{"utility":98,"ID":25},{"utility":0,"ID":26},{"utility":62,"ID":27},{"utility":81,"ID":28},{"utility":0,"ID":29},{"utility":26,"ID":30}],"LAST COALITION":[[],[{"utility":0,"ID":29}],[{"utility":91,"ID":5},{"utility":58,"ID":8}],[{"utility":0,"ID":24}],[{"utility":14,"ID":15},{"utility":62,"ID":27}],[{"utility":0,"ID":26}],[{"utility":100,"ID":2},{"utility":81,"ID":28}],[{"utility":74.5,"ID":13},{"utility":83,"ID":21},{"utility":48.5,"ID":23}],[{"utility":31,"ID":10},{"utility":59,"ID":19}],[{"utility":64,"ID":17},{"utility":92,"ID":3}],[{"utility":0,"ID":22}],[{"utility":0,"ID":7}],[{"utility":91,"ID":16},{"utility":26,"ID":30}],[],[{"utility":35,"ID":14},{"utility":98,"ID":25}],[{"utility":0,"ID":11}],[{"utility":0,"ID":12}],[{"utility":0,"ID":18}],[{"utility":0,"ID":1}],[{"utility":87,"ID":4},{"utility":78,"ID":9}],[{"utility":88,"ID":20},{"utility":99,"ID":6}],[],[],[],[],[],[],[],[],[],[]],"STARTING COALITION: ":[[null],[{"utility":77.5,"ID":3},{"utility":57.75,"ID":9},{"utility":51.5,"ID":17},{"utility":76.75,"ID":28},{"utility":40.75,"ID":29}],[],[{"utility":82,"ID":8},{"utility":90,"ID":24}],[{"utility":50,"ID":6},{"utility":26.5,"ID":15},{"utility":77,"ID":27}],[{"utility":0,"ID":26}],[{"utility":66,"ID":4},{"utility":46,"ID":18}],[{"utility":74.5,"ID":13},{"utility":83,"ID":21},{"utility":48.5,"ID":23}],[{"utility":31,"ID":10},{"utility":59,"ID":19}],[],[{"utility":0,"ID":22}],[{"utility":0,"ID":1}],[{"utility":47,"ID":2},{"utility":50,"ID":16},{"utility":34.5,"ID":30}],[{"utility":0,"ID":20}],[{"utility":37.5,"ID":7},{"utility":28,"ID":14},{"utility":90,"ID":25}],[{"utility":86,"ID":5},{"utility":93,"ID":11}],[{"utility":0,"ID":12}],[],[],[],[],[],[],[],[],[],[],[],[],[],[]],"CORE :":false,"LAST PARTITION":{"22":10,"23":7,"24":3,"25":14,"26":5,"27":4,"28":6,"29":1,"30":12,"10":8,"11":15,"12":16,"13":7,"14":14,"15":4,"16":12,"17":9,"18":17,"19":8,"1":18,"2":6,"3":9,"4":19,"5":2,"6":20,"7":11,"8":2,"9":19,"20":20,"21":7}},{"END OF FILE:" : true}]