[{"STARTING PARTITION: ":{"22":16,"23":8,"24":16,"25":13,"26":4,"27":11,"28":12,"29":11,"30":1,"10":6,"11":4,"12":13,"13":12,"14":2,"15":16,"16":4,"17":1,"18":16,"19":10,"1":9,"2":15,"3":15,"4":5,"5":11,"6":8,"7":8,"8":11,"9":13,"20":3,"21":14},"Agents":[null,{"utility":69,"ID":1},{"utility":52,"ID":2},{"utility":74,"ID":3},{"utility":53,"ID":4},{"utility":64,"ID":5},{"utility":32,"ID":6},{"utility":67,"ID":7},{"utility":90,"ID":8},{"utility":26,"ID":9},{"utility":90,"ID":10},{"utility":98,"ID":11},{"utility":0,"ID":12},{"utility":40,"ID":13},{"utility":84,"ID":14},{"utility":99,"ID":15},{"utility":37,"ID":16},{"utility":41,"ID":17},{"utility":28,"ID":18},{"utility":84,"ID":19},{"utility":84,"ID":20},{"utility":73,"ID":21},{"utility":83,"ID":22},{"utility":0,"ID":23},{"utility":80,"ID":24},{"utility":86,"ID":25},{"utility":100,"ID":26},{"utility":96,"ID":27},{"utility":86,"ID":28},{"utility":96,"ID":29},{"utility":72,"ID":30}],"LAST COALITION":[[],[{"utility":90,"ID":8},{"utility":84,"ID":19}],[],[],[{"utility":53,"ID":4},{"utility":40,"ID":13}],[{"utility":0,"ID":12}],[{"utility":52,"ID":2},{"utility":26,"ID":9}],[{"utility":64,"ID":5},{"utility":80,"ID":24}],[{"utility":74,"ID":3},{"utility":84,"ID":14}],[{"utility":32,"ID":6},{"utility":96,"ID":27}],[{"utility":73,"ID":21},{"utility":72,"ID":30}],[{"utility":98,"ID":11},{"utility":86,"ID":28}],[{"utility":37,"ID":16},{"utility":28,"ID":18}],[{"utility":90,"ID":10},{"utility":83,"ID":22}],[{"utility":69,"ID":1},{"utility":96,"ID":29}],[],[{"utility":67,"ID":7},{"utility":84,"ID":20}],[{"utility":41,"ID":17},{"utility":86,"ID":25}],[{"utility":99,"ID":15},{"utility":100,"ID":26}],[{"utility":0,"ID":23}],[],[],[],[],[],[],[],[],[],[],[]],"STARTING COALITION: ":[[null],[{"utility":0,"ID":17},{"utility":0,"ID":30}],[{"utility":0,"ID":14}],[{"utility":0,"ID":20}],[{"utility":38.5,"ID":11},{"utility":76,"ID":16},{"utility":13.5,"ID":26}],[{"utility":0,"ID":4}],[{"utility":0,"ID":10}],[],[{"utility":28.5,"ID":6},{"utility":0,"ID":7},{"utility":0,"ID":23}],[{"utility":0,"ID":1}],[{"utility":0,"ID":19}],[{"utility":50,"ID":5},{"utility":10,"ID":8},{"utility":11,"ID":27},{"utility":61,"ID":29}],[{"utility":84,"ID":13},{"utility":28,"ID":28}],[{"utility":11,"ID":9},{"utility":22.5,"ID":12},{"utility":0,"ID":25}],[{"utility":0,"ID":21}],[{"utility":13,"ID":2},{"utility":48,"ID":3}],[{"utility":22,"ID":15},{"utility":87,"ID":18},{"utility":33.333333333333336,"ID":22},{"utility":8.333333333333334,"ID":24}],[],[],[],[],[],[],[],[],[],[],[],[],[],[]],"CORE :":true,"LAST PARTITION":{"22":13,"23":19,"24":7,"25":17,"26":18,"27":9,"28":11,"29":14,"30":10,"10":13,"11":11,"12":5,"13":4,"14":8,"15":18,"16":12,"17":17,"18":12,"19":1,"1":14,"2":6,"3":8,"4":4,"5":7,"6":9,"7":16,"8":1,"9":6,"20":16,"21":10}},{"STARTING PARTITION: ":{"22":1,"23":5,"24":4,"25":8,"26":8,"27":6,"28":2,"29":5,"30":7,"10":8,"11":15,"12":15,"13":5,"14":6,"15":2,"16":6,"17":2,"18":1,"19":14,"1":7,"2":4,"3":13,"4":5,"5":5,"6":1,"7":7,"8":13,"9":16,"20":16,"21":15},"Agents":[null,{"utility":69,"ID":1},{"utility":52,"ID":2},{"utility":74,"ID":3},{"utility":0,"ID":4},{"utility":64,"ID":5},{"utility":32,"ID":6},{"utility":67,"ID":7},{"utility":90,"ID":8},{"utility":26,"ID":9},{"utility":90,"ID":10},{"utility":98,"ID":11},{"utility":0,"ID":12},{"utility":89,"ID":13},{"utility":84,"ID":14},{"utility":99,"ID":15},{"utility":37,"ID":16},{"utility":41,"ID":17},{"utility":28,"ID":18},{"utility":84,"ID":19},{"utility":84,"ID":20},{"utility":73,"ID":21},{"utility":83,"ID":22},{"utility":0,"ID":23},{"utility":80,"ID":24},{"utility":86,"ID":25},{"utility":100,"ID":26},{"utility":96,"ID":27},{"utility":86,"ID":28},{"utility":96,"ID":29},{"utility":72,"ID":30}],"LAST COALITION":[[],[{"utility":98,"ID":11},{"utility":86,"ID":28}],[{"utility":90,"ID":10},{"utility":83,"ID":22}],[{"utility":67,"ID":7},{"utility":84,"ID":20}],[{"utility":37,"ID":16},{"utility":28,"ID":18}],[{"utility":74,"ID":3},{"utility":84,"ID":14}],[{"utility":32,"ID":6},{"utility":96,"ID":27}],[],[{"utility":73,"ID":21},{"utility":72,"ID":30}],[{"utility":52,"ID":2},{"utility":26,"ID":9}],[],[{"utility":0,"ID":4}],[{"utility":89,"ID":13},{"utility":0,"ID":23}],[{"utility":69,"ID":1},{"utility":96,"ID":29}],[{"utility":64,"ID":5},{"utility":80,"ID":24}],[{"utility":99,"ID":15},{"utility":100,"ID":26}],[{"utility":41,"ID":17},{"utility":86,"ID":25}],[{"utility":0,"ID":12}],[],[{"utility":90,"ID":8},{"utility":84,"ID":19}],[],[],[],[],[],[],[],[],[],[],[]],"STARTING COALITION: ":[[null],[{"utility":33,"ID":6},{"utility":50,"ID":18},{"utility":0,"ID":22}],[{"utility":25.5,"ID":15},{"utility":39,"ID":17},{"utility":31.5,"ID":28}],[],[{"utility":6,"ID":2},{"utility":0,"ID":24}],[{"utility":30.25,"ID":4},{"utility":22,"ID":5},{"utility":35.5,"ID":13},{"utility":40.5,"ID":23},{"utility":24.25,"ID":29}],[{"utility":0,"ID":14},{"utility":31,"ID":16},{"utility":31,"ID":27}],[{"utility":26,"ID":1},{"utility":0,"ID":7},{"utility":29.5,"ID":30}],[{"utility":35.5,"ID":10},{"utility":30.5,"ID":25},{"utility":13,"ID":26}],[],[],[],[],[{"utility":0,"ID":3},{"utility":4,"ID":8}],[{"utility":0,"ID":19}],[{"utility":36.5,"ID":11},{"utility":21.5,"ID":12},{"utility":0,"ID":21}],[{"utility":0,"ID":9},{"utility":70,"ID":20}],[],[],[],[],[],[],[],[],[],[],[],[],[],[]],"CORE :":true,"LAST PARTITION":{"22":2,"23":12,"24":14,"25":16,"26":15,"27":6,"28":1,"29":13,"30":8,"10":2,"11":1,"12":17,"13":12,"14":5,"15":15,"16":4,"17":16,"18":4,"19":19,"1":13,"2":9,"3":5,"4":11,"5":14,"6":6,"7":3,"8":19,"9":9,"20":3,"21":8}},{"STARTING PARTITION: ":{"22":5,"23":8,"24":13,"25":6,"26":4,"27":8,"28":9,"29":14,"30":8,"10":3,"11":9,"12":10,"13":8,"14":1,"15":15,"16":3,"17":15,"18":12,"19":4,"1":15,"2":14,"3":14,"4":10,"5":7,"6":16,"7":4,"8":9,"9":16,"20":7,"21":5},"Agents":[null,{"utility":69,"ID":1},{"utility":52,"ID":2},{"utility":74,"ID":3},{"utility":53,"ID":4},{"utility":64,"ID":5},{"utility":32,"ID":6},{"utility":67,"ID":7},{"utility":90,"ID":8},{"utility":26,"ID":9},{"utility":90,"ID":10},{"utility":98,"ID":11},{"utility":0,"ID":12},{"utility":40,"ID":13},{"utility":84,"ID":14},{"utility":99,"ID":15},{"utility":37,"ID":16},{"utility":41,"ID":17},{"utility":28,"ID":18},{"utility":84,"ID":19},{"utility":84,"ID":20},{"utility":73,"ID":21},{"utility":83,"ID":22},{"utility":0,"ID":23},{"utility":80,"ID":24},{"utility":86,"ID":25},{"utility":100,"ID":26},{"utility":96,"ID":27},{"utility":86,"ID":28},{"utility":96,"ID":29},{"utility":72,"ID":30}],"LAST COALITION":[[],[{"utility":90,"ID":8},{"utility":84,"ID":19}],[{"utility":73,"ID":21},{"utility":72,"ID":30}],[{"utility":41,"ID":17},{"utility":86,"ID":25}],[{"utility":64,"ID":5},{"utility":80,"ID":24}],[{"utility":32,"ID":6},{"utility":96,"ID":27}],[{"utility":69,"ID":1},{"utility":96,"ID":29}],[{"utility":99,"ID":15},{"utility":100,"ID":26}],[{"utility":0,"ID":23}],[{"utility":98,"ID":11},{"utility":86,"ID":28}],[{"utility":52,"ID":2},{"utility":26,"ID":9}],[{"utility":0,"ID":12}],[],[{"utility":67,"ID":7},{"utility":84,"ID":20}],[{"utility":53,"ID":4},{"utility":40,"ID":13}],[{"utility":74,"ID":3},{"utility":84,"ID":14}],[{"utility":90,"ID":10},{"utility":83,"ID":22}],[{"utility":37,"ID":16},{"utility":28,"ID":18}],[],[],[],[],[],[],[],[],[],[],[],[],[]],"STARTING COALITION: ":[[null],[{"utility":0,"ID":14}],[],[{"utility":83,"ID":10},{"utility":86,"ID":16}],[{"utility":28,"ID":7},{"utility":30,"ID":19},{"utility":0,"ID":26}],[{"utility":0,"ID":21},{"utility":0,"ID":22}],[{"utility":0,"ID":25}],[{"utility":97,"ID":5},{"utility":23,"ID":20}],[{"utility":29.666666666666668,"ID":13},{"utility":19,"ID":23},{"utility":53,"ID":27},{"utility":63.333333333333336,"ID":30}],[{"utility":31.5,"ID":8},{"utility":68,"ID":11},{"utility":69.5,"ID":28}],[{"utility":0,"ID":4},{"utility":5,"ID":12}],[],[{"utility":0,"ID":18}],[{"utility":0,"ID":24}],[{"utility":6.5,"ID":2},{"utility":24,"ID":3},{"utility":42.5,"ID":29}],[{"utility":12,"ID":1},{"utility":44,"ID":15},{"utility":46,"ID":17}],[{"utility":27,"ID":6},{"utility":75,"ID":9}],[],[],[],[],[],[],[],[],[],[],[],[],[],[]],"CORE :":true,"LAST PARTITION":{"22":16,"23":8,"24":4,"25":3,"26":7,"27":5,"28":9,"29":6,"30":2,"10":16,"11":9,"12":11,"13":14,"14":15,"15":7,"16":17,"17":3,"18":17,"19":1,"1":6,"2":10,"3":15,"4":14,"5":4,"6":5,"7":13,"8":1,"9":10,"20":13,"21":2}},{"STARTING PARTITION: ":{"22":9,"23":8,"24":14,"25":4,"26":5,"27":1,"28":14,"29":2,"30":7,"10":4,"11":3,"12":12,"13":3,"14":4,"15":8,"16":7,"17":14,"18":6,"19":7,"1":1,"2":12,"3":10,"4":15,"5":5,"6":3,"7":5,"8":14,"9":15,"20":9,"21":1},"Agents":[null,{"utility":69,"ID":1},{"utility":52,"ID":2},{"utility":74,"ID":3},{"utility":53,"ID":4},{"utility":64,"ID":5},{"utility":32,"ID":6},{"utility":67,"ID":7},{"utility":90,"ID":8},{"utility":26,"ID":9},{"utility":90,"ID":10},{"utility":98,"ID":11},{"utility":0,"ID":12},{"utility":40,"ID":13},{"utility":84,"ID":14},{"utility":99,"ID":15},{"utility":37,"ID":16},{"utility":41,"ID":17},{"utility":28,"ID":18},{"utility":84,"ID":19},{"utility":84,"ID":20},{"utility":73,"ID":21},{"utility":83,"ID":22},{"utility":0,"ID":23},{"utility":80,"ID":24},{"utility":86,"ID":25},{"utility":100,"ID":26},{"utility":96,"ID":27},{"utility":86,"ID":28},{"utility":96,"ID":29},{"utility":72,"ID":30}],"LAST COALITION":[[],[{"utility":99,"ID":15},{"utility":100,"ID":26}],[{"utility":32,"ID":6},{"utility":96,"ID":27}],[{"utility":52,"ID":2},{"utility":26,"ID":9}],[],[{"utility":41,"ID":17},{"utility":86,"ID":25}],[{"utility":53,"ID":4},{"utility":40,"ID":13}],[{"utility":67,"ID":7},{"utility":84,"ID":20}],[{"utility":69,"ID":1},{"utility":96,"ID":29}],[{"utility":98,"ID":11},{"utility":86,"ID":28}],[{"utility":74,"ID":3},{"utility":84,"ID":14}],[{"utility":0,"ID":23}],[{"utility":90,"ID":8},{"utility":84,"ID":19}],[{"utility":73,"ID":21},{"utility":72,"ID":30}],[{"utility":64,"ID":5},{"utility":80,"ID":24}],[{"utility":0,"ID":12}],[{"utility":90,"ID":10},{"utility":83,"ID":22}],[{"utility":37,"ID":16},{"utility":28,"ID":18}],[],[],[],[],[],[],[],[],[],[],[],[],[]],"STARTING COALITION: ":[[null],[{"utility":16.5,"ID":1},{"utility":20.5,"ID":21},{"utility":12,"ID":27}],[{"utility":0,"ID":29}],[{"utility":40,"ID":6},{"utility":24.5,"ID":11},{"utility":15,"ID":13}],[{"utility":35.5,"ID":10},{"utility":0,"ID":14},{"utility":30.5,"ID":25}],[{"utility":15.5,"ID":5},{"utility":0,"ID":7},{"utility":0,"ID":26}],[{"utility":0,"ID":18}],[{"utility":28,"ID":16},{"utility":31,"ID":19},{"utility":25,"ID":30}],[{"utility":43,"ID":15},{"utility":0,"ID":23}],[{"utility":0,"ID":20},{"utility":47,"ID":22}],[{"utility":0,"ID":3}],[],[{"utility":37,"ID":2},{"utility":94,"ID":12}],[],[{"utility":9.333333333333334,"ID":8},{"utility":47.333333333333336,"ID":17},{"utility":30,"ID":24},{"utility":30.333333333333332,"ID":28}],[{"utility":0,"ID":4},{"utility":0,"ID":9}],[],[],[],[],[],[],[],[],[],[],[],[],[],[],[]],"CORE :":true,"LAST PARTITION":{"22":16,"23":11,"24":14,"25":5,"26":1,"27":2,"28":9,"29":8,"30":13,"10":16,"11":9,"12":15,"13":6,"14":10,"15":1,"16":17,"17":5,"18":17,"19":12,"1":8,"2":3,"3":10,"4":6,"5":14,"6":2,"7":7,"8":12,"9":3,"20":7,"21":13}},{"STARTING PARTITION: ":{"22":6,"23":4,"24":11,"25":11,"26":12,"27":11,"28":12,"29":3,"30":3,"10":3,"11":10,"12":6,"13":4,"14":3,"15":15,"16":11,"17":4,"18":3,"19":15,"1":4,"2":10,"3":3,"4":3,"5":1,"6":9,"7":7,"8":4,"9":16,"20":14,"21":8},"Agents":[null,{"utility":69,"ID":1},{"utility":52,"ID":2},{"utility":74,"ID":3},{"utility":0,"ID":4},{"utility":64,"ID":5},{"utility":32,"ID":6},{"utility":67,"ID":7},{"utility":90,"ID":8},{"utility":26,"ID":9},{"utility":90,"ID":10},{"utility":98,"ID":11},{"utility":0,"ID":12},{"utility":89,"ID":13},{"utility":84,"ID":14},{"utility":99,"ID":15},{"utility":37,"ID":16},{"utility":41,"ID":17},{"utility":28,"ID":18},{"utility":84,"ID":19},{"utility":84,"ID":20},{"utility":73,"ID":21},{"utility":83,"ID":22},{"utility":0,"ID":23},{"utility":80,"ID":24},{"utility":86,"ID":25},{"utility":100,"ID":26},{"utility":96,"ID":27},{"utility":86,"ID":28},{"utility":96,"ID":29},{"utility":72,"ID":30}],"LAST COALITION":[[],[{"utility":0,"ID":12}],[{"utility":0,"ID":4}],[{"utility":69,"ID":1},{"utility":96,"ID":29}],[{"utility":37,"ID":16},{"utility":28,"ID":18}],[{"utility":67,"ID":7},{"utility":84,"ID":20}],[{"utility":64,"ID":5},{"utility":80,"ID":24}],[],[],[{"utility":99,"ID":15},{"utility":100,"ID":26}],[{"utility":73,"ID":21},{"utility":72,"ID":30}],[{"utility":74,"ID":3},{"utility":84,"ID":14}],[{"utility":90,"ID":10},{"utility":83,"ID":22}],[{"utility":90,"ID":8},{"utility":84,"ID":19}],[{"utility":98,"ID":11},{"utility":86,"ID":28}],[{"utility":41,"ID":17},{"utility":86,"ID":25}],[{"utility":32,"ID":6},{"utility":96,"ID":27}],[{"utility":89,"ID":13},{"utility":0,"ID":23}],[{"utility":52,"ID":2},{"utility":26,"ID":9}],[],[],[],[],[],[],[],[],[],[],[],[]],"STARTING COALITION: ":[[null],[{"utility":0,"ID":5}],[],[{"utility":18.333333333333332,"ID":3},{"utility":33,"ID":4},{"utility":10.833333333333334,"ID":10},{"utility":18.833333333333332,"ID":14},{"utility":40.5,"ID":18},{"utility":8.5,"ID":29},{"utility":9,"ID":30}],[{"utility":0,"ID":1},{"utility":31,"ID":8},{"utility":40,"ID":13},{"utility":35.5,"ID":17},{"utility":11.25,"ID":23}],[],[{"utility":0,"ID":12},{"utility":48,"ID":22}],[{"utility":0,"ID":7}],[{"utility":0,"ID":21}],[{"utility":0,"ID":6}],[{"utility":0,"ID":2},{"utility":45,"ID":11}],[{"utility":40.666666666666664,"ID":16},{"utility":10.666666666666666,"ID":24},{"utility":31.666666666666668,"ID":25},{"utility":15.333333333333334,"ID":27}],[{"utility":54,"ID":26},{"utility":59,"ID":28}],[],[{"utility":0,"ID":20}],[{"utility":24,"ID":15},{"utility":72,"ID":19}],[{"utility":0,"ID":9}],[],[],[],[],[],[],[],[],[],[],[],[],[],[]],"CORE :":true,"LAST PARTITION":{"22":12,"23":17,"24":6,"25":15,"26":9,"27":16,"28":14,"29":3,"30":10,"10":12,"11":14,"12":1,"13":17,"14":11,"15":9,"16":4,"17":15,"18":4,"19":13,"1":3,"2":18,"3":11,"4":2,"5":6,"6":16,"7":5,"8":13,"9":18,"20":5,"21":10}},{"END OF FILE:" : true}]