[{"STARTING PARTITION: ":{"11":9,"12":10,"13":10,"14":3,"15":4,"16":5,"17":9,"18":10,"19":2,"1":2,"2":6,"3":9,"4":2,"5":3,"6":6,"7":7,"8":3,"9":1,"20":10,"10":8},"Agents":[null,{"utility":96,"ID":1},{"utility":86,"ID":2},{"utility":73,"ID":3},{"utility":46,"ID":4},{"utility":97,"ID":5},{"utility":99,"ID":6},{"utility":83,"ID":7},{"utility":82,"ID":8},{"utility":70,"ID":9},{"utility":88,"ID":10},{"utility":76,"ID":11},{"utility":96,"ID":12},{"utility":91,"ID":13},{"utility":54,"ID":14},{"utility":100,"ID":15},{"utility":93,"ID":16},{"utility":97,"ID":17},{"utility":80,"ID":18},{"utility":74,"ID":19},{"utility":86,"ID":20}],"LAST COALITION":[[],[{"utility":96,"ID":1},{"utility":86,"ID":20}],[{"utility":99,"ID":6},{"utility":88,"ID":10}],[],[{"utility":97,"ID":5},{"utility":54,"ID":14}],[],[{"utility":96,"ID":12},{"utility":80,"ID":18}],[{"utility":83,"ID":7},{"utility":74,"ID":19}],[{"utility":86,"ID":2},{"utility":100,"ID":15}],[{"utility":46,"ID":4},{"utility":93,"ID":16}],[{"utility":73,"ID":3},{"utility":76,"ID":11}],[],[{"utility":70,"ID":9},{"utility":91,"ID":13}],[],[{"utility":82,"ID":8},{"utility":97,"ID":17}],[],[],[],[],[],[]],"STARTING COALITION: ":[[null],[{"utility":0,"ID":9}],[{"utility":73,"ID":1},{"utility":58.5,"ID":4},{"utility":67,"ID":19}],[{"utility":85,"ID":5},{"utility":41.5,"ID":8},{"utility":52,"ID":14}],[{"utility":0,"ID":15}],[{"utility":0,"ID":16}],[{"utility":63,"ID":2},{"utility":31,"ID":6}],[{"utility":0,"ID":7}],[{"utility":0,"ID":10}],[{"utility":48.5,"ID":3},{"utility":45.5,"ID":11},{"utility":47.5,"ID":17}],[{"utility":64.66666666666667,"ID":12},{"utility":52.333333333333336,"ID":13},{"utility":62.666666666666664,"ID":18},{"utility":55.333333333333336,"ID":20}],[],[],[],[],[],[],[],[],[],[]],"CORE :":true,"LAST PARTITION":{"11":10,"12":6,"13":12,"14":4,"15":8,"16":9,"17":14,"18":6,"19":7,"1":1,"2":8,"3":10,"4":9,"5":4,"6":2,"7":7,"8":14,"9":12,"20":1,"10":2}},{"STARTING PARTITION: ":{"11":11,"12":5,"13":4,"14":8,"15":5,"16":1,"17":2,"18":4,"19":9,"1":9,"2":7,"3":8,"4":9,"5":3,"6":11,"7":6,"8":5,"9":6,"20":10,"10":10},"Agents":[null,{"utility":96,"ID":1},{"utility":86,"ID":2},{"utility":73,"ID":3},{"utility":46,"ID":4},{"utility":97,"ID":5},{"utility":99,"ID":6},{"utility":83,"ID":7},{"utility":82,"ID":8},{"utility":70,"ID":9},{"utility":88,"ID":10},{"utility":76,"ID":11},{"utility":96,"ID":12},{"utility":91,"ID":13},{"utility":54,"ID":14},{"utility":100,"ID":15},{"utility":93,"ID":16},{"utility":97,"ID":17},{"utility":80,"ID":18},{"utility":74,"ID":19},{"utility":86,"ID":20}],"LAST COALITION":[[],[{"utility":96,"ID":1},{"utility":86,"ID":20}],[{"utility":86,"ID":2},{"utility":100,"ID":15}],[{"utility":97,"ID":5},{"utility":54,"ID":14}],[],[{"utility":83,"ID":7},{"utility":74,"ID":19}],[{"utility":96,"ID":12},{"utility":80,"ID":18}],[{"utility":70,"ID":9},{"utility":91,"ID":13}],[{"utility":82,"ID":8},{"utility":97,"ID":17}],[{"utility":73,"ID":3},{"utility":76,"ID":11}],[{"utility":99,"ID":6},{"utility":88,"ID":10}],[{"utility":46,"ID":4},{"utility":93,"ID":16}],[],[],[],[],[],[],[],[],[]],"STARTING COALITION: ":[[null],[{"utility":0,"ID":16}],[{"utility":0,"ID":17}],[{"utility":0,"ID":5}],[{"utility":50,"ID":13},{"utility":16,"ID":18}],[{"utility":64,"ID":8},{"utility":79,"ID":12},{"utility":38.5,"ID":15}],[{"utility":87,"ID":7},{"utility":52,"ID":9}],[{"utility":0,"ID":2}],[{"utility":23,"ID":3},{"utility":4,"ID":14}],[{"utility":73,"ID":1},{"utility":58.5,"ID":4},{"utility":67,"ID":19}],[{"utility":96,"ID":10},{"utility":7,"ID":20}],[{"utility":41,"ID":6},{"utility":13,"ID":11}],[],[],[],[],[],[],[],[],[]],"CORE :":true,"LAST PARTITION":{"11":9,"12":6,"13":7,"14":3,"15":2,"16":11,"17":8,"18":6,"19":5,"1":1,"2":2,"3":9,"4":11,"5":3,"6":10,"7":5,"8":8,"9":7,"20":1,"10":10}},{"STARTING PARTITION: ":{"11":5,"12":1,"13":5,"14":5,"15":5,"16":6,"17":2,"18":1,"19":2,"1":8,"2":6,"3":1,"4":2,"5":7,"6":5,"7":2,"8":1,"9":9,"20":9,"10":5},"Agents":[null,{"utility":96,"ID":1},{"utility":86,"ID":2},{"utility":73,"ID":3},{"utility":46,"ID":4},{"utility":97,"ID":5},{"utility":99,"ID":6},{"utility":83,"ID":7},{"utility":82,"ID":8},{"utility":70,"ID":9},{"utility":88,"ID":10},{"utility":76,"ID":11},{"utility":96,"ID":12},{"utility":91,"ID":13},{"utility":54,"ID":14},{"utility":100,"ID":15},{"utility":93,"ID":16},{"utility":97,"ID":17},{"utility":80,"ID":18},{"utility":74,"ID":19},{"utility":86,"ID":20}],"LAST COALITION":[[],[{"utility":96,"ID":12},{"utility":80,"ID":18}],[],[{"utility":99,"ID":6},{"utility":88,"ID":10}],[{"utility":96,"ID":1},{"utility":86,"ID":20}],[],[{"utility":86,"ID":2},{"utility":100,"ID":15}],[{"utility":46,"ID":4},{"utility":93,"ID":16}],[{"utility":97,"ID":5},{"utility":54,"ID":14}],[{"utility":83,"ID":7},{"utility":74,"ID":19}],[{"utility":73,"ID":3},{"utility":76,"ID":11}],[{"utility":70,"ID":9},{"utility":91,"ID":13}],[{"utility":82,"ID":8},{"utility":97,"ID":17}],[],[],[],[],[],[],[],[]],"STARTING COALITION: ":[[null],[{"utility":52.666666666666664,"ID":3},{"utility":47.333333333333336,"ID":8},{"utility":84.66666666666667,"ID":12},{"utility":69,"ID":18}],[{"utility":27,"ID":4},{"utility":56.333333333333336,"ID":7},{"utility":42.666666666666664,"ID":17},{"utility":67.33333333333333,"ID":19}],[],[],[{"utility":54.6,"ID":6},{"utility":42.4,"ID":10},{"utility":42.4,"ID":11},{"utility":66,"ID":13},{"utility":29,"ID":14},{"utility":28.6,"ID":15}],[{"utility":50,"ID":2},{"utility":66,"ID":16}],[{"utility":0,"ID":5}],[{"utility":0,"ID":1}],[{"utility":79,"ID":9},{"utility":79,"ID":20}],[],[],[],[],[],[],[],[],[],[],[]],"CORE :":true,"LAST PARTITION":{"11":10,"12":1,"13":11,"14":8,"15":6,"16":7,"17":12,"18":1,"19":9,"1":4,"2":6,"3":10,"4":7,"5":8,"6":3,"7":9,"8":12,"9":11,"20":4,"10":3}},{"STARTING PARTITION: ":{"11":7,"12":2,"13":4,"14":11,"15":10,"16":9,"17":5,"18":4,"19":6,"1":8,"2":2,"3":4,"4":4,"5":6,"6":5,"7":7,"8":4,"9":9,"20":5,"10":3},"Agents":[null,{"utility":96,"ID":1},{"utility":86,"ID":2},{"utility":73,"ID":3},{"utility":46,"ID":4},{"utility":97,"ID":5},{"utility":99,"ID":6},{"utility":83,"ID":7},{"utility":82,"ID":8},{"utility":70,"ID":9},{"utility":88,"ID":10},{"utility":76,"ID":11},{"utility":96,"ID":12},{"utility":91,"ID":13},{"utility":54,"ID":14},{"utility":100,"ID":15},{"utility":93,"ID":16},{"utility":97,"ID":17},{"utility":80,"ID":18},{"utility":74,"ID":19},{"utility":86,"ID":20}],"LAST COALITION":[[],[{"utility":82,"ID":8},{"utility":97,"ID":17}],[],[{"utility":96,"ID":1},{"utility":86,"ID":20}],[{"utility":86,"ID":2},{"utility":100,"ID":15}],[{"utility":99,"ID":6},{"utility":88,"ID":10}],[{"utility":96,"ID":12},{"utility":80,"ID":18}],[{"utility":70,"ID":9},{"utility":91,"ID":13}],[{"utility":83,"ID":7},{"utility":74,"ID":19}],[],[{"utility":73,"ID":3},{"utility":76,"ID":11}],[{"utility":97,"ID":5},{"utility":54,"ID":14}],[{"utility":46,"ID":4},{"utility":93,"ID":16}],[],[],[],[],[],[],[],[]],"STARTING COALITION: ":[[null],[],[{"utility":17,"ID":2},{"utility":28,"ID":12}],[{"utility":0,"ID":10}],[{"utility":51.25,"ID":3},{"utility":26,"ID":4},{"utility":54.75,"ID":8},{"utility":64,"ID":13},{"utility":56.5,"ID":18}],[{"utility":85.5,"ID":6},{"utility":29.5,"ID":17},{"utility":27.5,"ID":20}],[{"utility":58,"ID":5},{"utility":85,"ID":19}],[{"utility":13,"ID":7},{"utility":68,"ID":11}],[{"utility":0,"ID":1}],[{"utility":40,"ID":9},{"utility":41,"ID":16}],[{"utility":0,"ID":15}],[{"utility":0,"ID":14}],[],[],[],[],[],[],[],[],[]],"CORE :":true,"LAST PARTITION":{"11":10,"12":6,"13":7,"14":11,"15":4,"16":12,"17":1,"18":6,"19":8,"1":3,"2":4,"3":10,"4":12,"5":11,"6":5,"7":8,"8":1,"9":7,"20":3,"10":5}},{"STARTING PARTITION: ":{"11":3,"12":3,"13":9,"14":1,"15":9,"16":11,"17":6,"18":10,"19":4,"1":7,"2":6,"3":7,"4":8,"5":4,"6":11,"7":11,"8":4,"9":9,"20":5,"10":10},"Agents":[null,{"utility":96,"ID":1},{"utility":86,"ID":2},{"utility":73,"ID":3},{"utility":46,"ID":4},{"utility":97,"ID":5},{"utility":99,"ID":6},{"utility":83,"ID":7},{"utility":82,"ID":8},{"utility":70,"ID":9},{"utility":88,"ID":10},{"utility":76,"ID":11},{"utility":96,"ID":12},{"utility":91,"ID":13},{"utility":54,"ID":14},{"utility":100,"ID":15},{"utility":93,"ID":16},{"utility":97,"ID":17},{"utility":80,"ID":18},{"utility":74,"ID":19},{"utility":86,"ID":20}],"LAST COALITION":[[],[{"utility":46,"ID":4},{"utility":93,"ID":16}],[{"utility":86,"ID":2},{"utility":100,"ID":15}],[{"utility":96,"ID":1},{"utility":86,"ID":20}],[{"utility":96,"ID":12},{"utility":80,"ID":18}],[{"utility":82,"ID":8},{"utility":97,"ID":17}],[{"utility":97,"ID":5},{"utility":54,"ID":14}],[{"utility":70,"ID":9},{"utility":91,"ID":13}],[{"utility":83,"ID":7},{"utility":74,"ID":19}],[{"utility":73,"ID":3},{"utility":76,"ID":11}],[],[],[{"utility":99,"ID":6},{"utility":88,"ID":10}],[],[],[],[],[],[],[],[]],"STARTING COALITION: ":[[null],[{"utility":0,"ID":14}],[],[{"utility":92,"ID":11},{"utility":20,"ID":12}],[{"utility":65.5,"ID":5},{"utility":63,"ID":8},{"utility":61,"ID":19}],[{"utility":0,"ID":20}],[{"utility":16,"ID":2},{"utility":68,"ID":17}],[{"utility":61,"ID":1},{"utility":78,"ID":3}],[{"utility":0,"ID":4}],[{"utility":55.5,"ID":9},{"utility":84.5,"ID":13},{"utility":66,"ID":15}],[{"utility":20,"ID":10},{"utility":20,"ID":18}],[{"utility":79.5,"ID":6},{"utility":57.5,"ID":7},{"utility":45,"ID":16}],[],[],[],[],[],[],[],[],[]],"CORE :":true,"LAST PARTITION":{"11":9,"12":4,"13":7,"14":6,"15":2,"16":1,"17":5,"18":4,"19":8,"1":3,"2":2,"3":9,"4":1,"5":6,"6":12,"7":8,"8":5,"9":7,"20":3,"10":12}},{"END OF FILE:" : true}]