[{"STARTING PARTITION: ":{"11":4,"12":4,"13":10,"14":5,"15":1,"16":9,"17":1,"18":8,"19":11,"1":5,"2":4,"3":11,"4":9,"5":9,"6":5,"7":10,"8":11,"9":3,"20":4,"10":6},"Agents":[null,{"utility":59,"ID":1},{"utility":49.5,"ID":2},{"utility":84,"ID":3},{"utility":95,"ID":4},{"utility":55,"ID":5},{"utility":62.5,"ID":6},{"utility":84,"ID":7},{"utility":97,"ID":8},{"utility":100,"ID":9},{"utility":47,"ID":10},{"utility":90,"ID":11},{"utility":0,"ID":12},{"utility":97,"ID":13},{"utility":96,"ID":14},{"utility":99,"ID":15},{"utility":77,"ID":16},{"utility":99,"ID":17},{"utility":89,"ID":18},{"utility":88,"ID":19},{"utility":94,"ID":20}],"LAST COALITION":[[],[],[{"utility":47,"ID":10},{"utility":97,"ID":13}],[{"utility":95,"ID":4},{"utility":100,"ID":9}],[{"utility":84,"ID":7},{"utility":99,"ID":17}],[{"utility":0,"ID":12}],[{"utility":90,"ID":11},{"utility":88,"ID":19}],[{"utility":99,"ID":15},{"utility":77,"ID":16}],[{"utility":96,"ID":14},{"utility":94,"ID":20}],[{"utility":49.5,"ID":2},{"utility":55,"ID":5},{"utility":62.5,"ID":6}],[{"utility":59,"ID":1},{"utility":84,"ID":3}],[{"utility":97,"ID":8},{"utility":89,"ID":18}],[],[],[],[],[],[],[],[],[]],"STARTING COALITION: ":[[null],[{"utility":91,"ID":15},{"utility":28,"ID":17}],[],[{"utility":0,"ID":9}],[{"utility":64.33333333333333,"ID":2},{"utility":17,"ID":11},{"utility":30.333333333333332,"ID":12},{"utility":52.666666666666664,"ID":20}],[{"utility":57,"ID":1},{"utility":38,"ID":6},{"utility":71.5,"ID":14}],[{"utility":0,"ID":10}],[],[{"utility":0,"ID":18}],[{"utility":63.5,"ID":4},{"utility":13.5,"ID":5},{"utility":77.5,"ID":16}],[{"utility":17,"ID":7},{"utility":97,"ID":13}],[{"utility":46.5,"ID":3},{"utility":52.5,"ID":8},{"utility":63.5,"ID":19}],[],[],[],[],[],[],[],[],[]],"CORE :":true,"LAST PARTITION":{"11":6,"12":5,"13":2,"14":8,"15":7,"16":7,"17":4,"18":11,"19":6,"1":10,"2":9,"3":10,"4":3,"5":9,"6":9,"7":4,"8":11,"9":3,"20":8,"10":2}},{"STARTING PARTITION: ":{"11":4,"12":3,"13":2,"14":3,"15":10,"16":11,"17":11,"18":9,"19":5,"1":11,"2":10,"3":4,"4":10,"5":7,"6":9,"7":2,"8":1,"9":7,"20":1,"10":1},"Agents":[null,{"utility":59,"ID":1},{"utility":49.5,"ID":2},{"utility":84,"ID":3},{"utility":95,"ID":4},{"utility":55,"ID":5},{"utility":62.5,"ID":6},{"utility":84,"ID":7},{"utility":97,"ID":8},{"utility":100,"ID":9},{"utility":47,"ID":10},{"utility":90,"ID":11},{"utility":0,"ID":12},{"utility":97,"ID":13},{"utility":96,"ID":14},{"utility":99,"ID":15},{"utility":77,"ID":16},{"utility":99,"ID":17},{"utility":89,"ID":18},{"utility":88,"ID":19},{"utility":94,"ID":20}],"LAST COALITION":[[],[{"utility":97,"ID":8},{"utility":89,"ID":18}],[{"utility":95,"ID":4},{"utility":100,"ID":9}],[{"utility":0,"ID":12}],[{"utility":99,"ID":15},{"utility":77,"ID":16}],[],[{"utility":49.5,"ID":2},{"utility":55,"ID":5},{"utility":62.5,"ID":6}],[{"utility":59,"ID":1},{"utility":84,"ID":3}],[{"utility":84,"ID":7},{"utility":99,"ID":17}],[{"utility":47,"ID":10},{"utility":97,"ID":13}],[],[{"utility":96,"ID":14},{"utility":94,"ID":20}],[{"utility":90,"ID":11},{"utility":88,"ID":19}],[],[],[],[],[],[],[],[]],"STARTING COALITION: ":[[null],[{"utility":53.5,"ID":8},{"utility":14.5,"ID":10},{"utility":66,"ID":20}],[{"utility":17,"ID":7},{"utility":97,"ID":13}],[{"utility":37,"ID":12},{"utility":43,"ID":14}],[{"utility":25,"ID":3},{"utility":54,"ID":11}],[{"utility":0,"ID":19}],[],[{"utility":53,"ID":5},{"utility":18,"ID":9}],[],[{"utility":32,"ID":6},{"utility":27,"ID":18}],[{"utility":36,"ID":2},{"utility":47,"ID":4},{"utility":91,"ID":15}],[{"utility":22,"ID":1},{"utility":30.5,"ID":16},{"utility":29,"ID":17}],[],[],[],[],[],[],[],[],[]],"CORE :":true,"LAST PARTITION":{"11":12,"12":3,"13":9,"14":11,"15":4,"16":4,"17":8,"18":1,"19":12,"1":7,"2":6,"3":7,"4":2,"5":6,"6":6,"7":8,"8":1,"9":2,"20":11,"10":9}},{"STARTING PARTITION: ":{"11":1,"12":6,"13":1,"14":10,"15":3,"16":2,"17":10,"18":5,"19":6,"1":3,"2":8,"3":2,"4":2,"5":5,"6":5,"7":7,"8":5,"9":11,"20":3,"10":6},"Agents":[null,{"utility":59,"ID":1},{"utility":49.5,"ID":2},{"utility":84,"ID":3},{"utility":95,"ID":4},{"utility":55,"ID":5},{"utility":62.5,"ID":6},{"utility":84,"ID":7},{"utility":97,"ID":8},{"utility":100,"ID":9},{"utility":47,"ID":10},{"utility":90,"ID":11},{"utility":0,"ID":12},{"utility":97,"ID":13},{"utility":96,"ID":14},{"utility":99,"ID":15},{"utility":77,"ID":16},{"utility":99,"ID":17},{"utility":89,"ID":18},{"utility":88,"ID":19},{"utility":94,"ID":20}],"LAST COALITION":[[],[{"utility":84,"ID":7},{"utility":99,"ID":17}],[{"utility":97,"ID":8},{"utility":89,"ID":18}],[{"utility":59,"ID":1},{"utility":84,"ID":3}],[{"utility":49.5,"ID":2},{"utility":55,"ID":5},{"utility":62.5,"ID":6}],[{"utility":96,"ID":14},{"utility":94,"ID":20}],[{"utility":95,"ID":4},{"utility":100,"ID":9}],[],[{"utility":99,"ID":15},{"utility":77,"ID":16}],[{"utility":0,"ID":12}],[{"utility":47,"ID":10},{"utility":97,"ID":13}],[],[],[{"utility":90,"ID":11},{"utility":88,"ID":19}],[],[],[],[],[],[],[]],"STARTING COALITION: ":[[null],[{"utility":25,"ID":11},{"utility":77,"ID":13}],[{"utility":61.5,"ID":3},{"utility":67,"ID":4},{"utility":56,"ID":16}],[{"utility":36,"ID":1},{"utility":74,"ID":15},{"utility":63.5,"ID":20}],[],[{"utility":61,"ID":5},{"utility":33,"ID":6},{"utility":39.333333333333336,"ID":8},{"utility":68.33333333333333,"ID":18}],[{"utility":51,"ID":10},{"utility":35.5,"ID":12},{"utility":49.5,"ID":19}],[{"utility":0,"ID":7}],[{"utility":0,"ID":2}],[],[{"utility":76,"ID":14},{"utility":96,"ID":17}],[{"utility":0,"ID":9}],[],[],[],[],[],[],[],[],[]],"CORE :":true,"LAST PARTITION":{"11":13,"12":9,"13":10,"14":5,"15":8,"16":8,"17":1,"18":2,"19":13,"1":3,"2":4,"3":3,"4":6,"5":4,"6":4,"7":1,"8":2,"9":6,"20":5,"10":10}},{"STARTING PARTITION: ":{"11":4,"12":10,"13":8,"14":3,"15":5,"16":4,"17":9,"18":9,"19":6,"1":5,"2":2,"3":9,"4":4,"5":8,"6":9,"7":7,"8":6,"9":7,"20":6,"10":9},"Agents":[null,{"utility":59,"ID":1},{"utility":49.5,"ID":2},{"utility":84,"ID":3},{"utility":95,"ID":4},{"utility":55,"ID":5},{"utility":62.5,"ID":6},{"utility":84,"ID":7},{"utility":97,"ID":8},{"utility":100,"ID":9},{"utility":47,"ID":10},{"utility":90,"ID":11},{"utility":0,"ID":12},{"utility":97,"ID":13},{"utility":96,"ID":14},{"utility":99,"ID":15},{"utility":77,"ID":16},{"utility":99,"ID":17},{"utility":89,"ID":18},{"utility":88,"ID":19},{"utility":94,"ID":20}],"LAST COALITION":[[],[{"utility":0,"ID":12}],[{"utility":95,"ID":4},{"utility":100,"ID":9}],[{"utility":97,"ID":8},{"utility":89,"ID":18}],[{"utility":59,"ID":1},{"utility":84,"ID":3}],[{"utility":96,"ID":14},{"utility":94,"ID":20}],[{"utility":99,"ID":15},{"utility":77,"ID":16}],[{"utility":49.5,"ID":2},{"utility":55,"ID":5},{"utility":62.5,"ID":6}],[{"utility":84,"ID":7},{"utility":99,"ID":17}],[],[],[{"utility":90,"ID":11},{"utility":88,"ID":19}],[{"utility":47,"ID":10},{"utility":97,"ID":13}],[],[],[],[],[],[],[],[]],"STARTING COALITION: ":[[null],[],[{"utility":0,"ID":2}],[{"utility":0,"ID":14}],[{"utility":51,"ID":4},{"utility":80,"ID":11},{"utility":76.5,"ID":16}],[{"utility":60,"ID":1},{"utility":49,"ID":15}],[{"utility":24,"ID":8},{"utility":47,"ID":19},{"utility":73,"ID":20}],[{"utility":98,"ID":7},{"utility":14,"ID":9}],[{"utility":14,"ID":5},{"utility":25,"ID":13}],[{"utility":54.75,"ID":3},{"utility":57.75,"ID":6},{"utility":51.5,"ID":10},{"utility":50.75,"ID":17},{"utility":51.25,"ID":18}],[{"utility":0,"ID":12}],[],[],[],[],[],[],[],[],[],[]],"CORE :":true,"LAST PARTITION":{"11":11,"12":1,"13":12,"14":5,"15":6,"16":6,"17":8,"18":3,"19":11,"1":4,"2":7,"3":4,"4":2,"5":7,"6":7,"7":8,"8":3,"9":2,"20":5,"10":12}},{"STARTING PARTITION: ":{"11":4,"12":11,"13":4,"14":6,"15":8,"16":2,"17":8,"18":8,"19":6,"1":6,"2":5,"3":6,"4":11,"5":4,"6":5,"7":4,"8":2,"9":11,"20":2,"10":10},"Agents":[null,{"utility":59,"ID":1},{"utility":49.5,"ID":2},{"utility":84,"ID":3},{"utility":95,"ID":4},{"utility":55,"ID":5},{"utility":62.5,"ID":6},{"utility":84,"ID":7},{"utility":97,"ID":8},{"utility":100,"ID":9},{"utility":47,"ID":10},{"utility":90,"ID":11},{"utility":0,"ID":12},{"utility":97,"ID":13},{"utility":96,"ID":14},{"utility":99,"ID":15},{"utility":77,"ID":16},{"utility":99,"ID":17},{"utility":89,"ID":18},{"utility":88,"ID":19},{"utility":94,"ID":20}],"LAST COALITION":[[],[{"utility":97,"ID":8},{"utility":89,"ID":18}],[{"utility":96,"ID":14},{"utility":94,"ID":20}],[{"utility":90,"ID":11},{"utility":88,"ID":19}],[{"utility":99,"ID":15},{"utility":77,"ID":16}],[],[{"utility":0,"ID":12}],[{"utility":95,"ID":4},{"utility":100,"ID":9}],[{"utility":49.5,"ID":2},{"utility":55,"ID":5},{"utility":62.5,"ID":6}],[{"utility":47,"ID":10},{"utility":97,"ID":13}],[],[{"utility":59,"ID":1},{"utility":84,"ID":3}],[],[{"utility":84,"ID":7},{"utility":99,"ID":17}],[],[],[],[],[],[],[]],"STARTING COALITION: ":[[null],[],[{"utility":58,"ID":8},{"utility":52,"ID":16},{"utility":63.5,"ID":20}],[],[{"utility":59,"ID":5},{"utility":41.333333333333336,"ID":7},{"utility":13.333333333333334,"ID":11},{"utility":66.33333333333333,"ID":13}],[{"utility":28,"ID":2},{"utility":90,"ID":6}],[{"utility":62,"ID":1},{"utility":49,"ID":3},{"utility":51.666666666666664,"ID":14},{"utility":30.666666666666668,"ID":19}],[],[{"utility":91.5,"ID":15},{"utility":46.5,"ID":17},{"utility":74.5,"ID":18}],[],[{"utility":0,"ID":10}],[{"utility":57.5,"ID":4},{"utility":64,"ID":9},{"utility":85.5,"ID":12}],[],[],[],[],[],[],[],[],[]],"CORE :":true,"LAST PARTITION":{"11":3,"12":6,"13":9,"14":2,"15":4,"16":4,"17":13,"18":1,"19":3,"1":11,"2":8,"3":11,"4":7,"5":8,"6":8,"7":13,"8":1,"9":7,"20":2,"10":9}},{"END OF FILE:" : true}]