[{"STARTING PARTITION: ":{"11":4,"12":8,"13":1,"14":2,"15":9,"16":11,"17":1,"18":4,"19":7,"1":11,"2":6,"3":7,"4":11,"5":10,"6":11,"7":3,"8":3,"9":1,"20":7,"10":10},"Agents":[null,{"utility":56,"ID":1},{"utility":59,"ID":2},{"utility":32,"ID":3},{"utility":92,"ID":4},{"utility":85,"ID":5},{"utility":95,"ID":6},{"utility":98,"ID":7},{"utility":99,"ID":8},{"utility":99,"ID":9},{"utility":39,"ID":10},{"utility":91,"ID":11},{"utility":82,"ID":12},{"utility":100,"ID":13},{"utility":83,"ID":14},{"utility":99,"ID":15},{"utility":100,"ID":16},{"utility":80,"ID":17},{"utility":93,"ID":18},{"utility":96,"ID":19},{"utility":56,"ID":20}],"LAST COALITION":[[],[{"utility":98,"ID":7},{"utility":82,"ID":12}],[{"utility":39,"ID":10},{"utility":99,"ID":15}],[{"utility":83,"ID":14},{"utility":80,"ID":17}],[],[{"utility":59,"ID":2},{"utility":96,"ID":19}],[{"utility":32,"ID":3},{"utility":100,"ID":13}],[{"utility":56,"ID":1},{"utility":100,"ID":16}],[{"utility":99,"ID":8},{"utility":56,"ID":20}],[],[{"utility":92,"ID":4},{"utility":99,"ID":9}],[{"utility":95,"ID":6},{"utility":93,"ID":18}],[{"utility":85,"ID":5},{"utility":91,"ID":11}],[],[],[],[],[],[],[],[]],"STARTING COALITION: ":[[null],[{"utility":28.5,"ID":9},{"utility":25,"ID":13},{"utility":70.5,"ID":17}],[{"utility":0,"ID":14}],[{"utility":27,"ID":7},{"utility":56,"ID":8}],[{"utility":69,"ID":11},{"utility":9,"ID":18}],[],[{"utility":0,"ID":2}],[{"utility":32,"ID":3},{"utility":18,"ID":19},{"utility":31,"ID":20}],[{"utility":0,"ID":12}],[{"utility":0,"ID":15}],[{"utility":76,"ID":5},{"utility":19,"ID":10}],[{"utility":24.666666666666668,"ID":1},{"utility":30,"ID":4},{"utility":22.666666666666668,"ID":6},{"utility":59.666666666666664,"ID":16}],[],[],[],[],[],[],[],[],[]],"CORE :":true,"LAST PARTITION":{"11":12,"12":1,"13":6,"14":3,"15":2,"16":7,"17":3,"18":11,"19":5,"1":7,"2":5,"3":6,"4":10,"5":12,"6":11,"7":1,"8":8,"9":10,"20":8,"10":2}},{"STARTING PARTITION: ":{"11":2,"12":2,"13":1,"14":11,"15":5,"16":6,"17":4,"18":6,"19":4,"1":7,"2":7,"3":4,"4":2,"5":4,"6":11,"7":11,"8":7,"9":4,"20":6,"10":10},"Agents":[null,{"utility":56,"ID":1},{"utility":59,"ID":2},{"utility":32,"ID":3},{"utility":92,"ID":4},{"utility":85,"ID":5},{"utility":95,"ID":6},{"utility":98,"ID":7},{"utility":99,"ID":8},{"utility":99,"ID":9},{"utility":39,"ID":10},{"utility":91,"ID":11},{"utility":82,"ID":12},{"utility":100,"ID":13},{"utility":83,"ID":14},{"utility":99,"ID":15},{"utility":100,"ID":16},{"utility":80,"ID":17},{"utility":93,"ID":18},{"utility":96,"ID":19},{"utility":56,"ID":20}],"LAST COALITION":[[],[{"utility":95,"ID":6},{"utility":93,"ID":18}],[{"utility":99,"ID":8},{"utility":56,"ID":20}],[{"utility":32,"ID":3},{"utility":100,"ID":13}],[{"utility":56,"ID":1},{"utility":100,"ID":16}],[{"utility":83,"ID":14},{"utility":80,"ID":17}],[{"utility":59,"ID":2},{"utility":96,"ID":19}],[{"utility":92,"ID":4},{"utility":99,"ID":9}],[{"utility":85,"ID":5},{"utility":91,"ID":11}],[],[],[{"utility":39,"ID":10},{"utility":99,"ID":15}],[],[{"utility":98,"ID":7},{"utility":82,"ID":12}],[],[],[],[],[],[],[]],"STARTING COALITION: ":[[null],[{"utility":0,"ID":13}],[{"utility":92,"ID":4},{"utility":70.5,"ID":11},{"utility":48,"ID":12}],[],[{"utility":52.75,"ID":3},{"utility":54,"ID":5},{"utility":42.25,"ID":9},{"utility":49.5,"ID":17},{"utility":28,"ID":19}],[{"utility":0,"ID":15}],[{"utility":36,"ID":16},{"utility":71.5,"ID":18},{"utility":50.5,"ID":20}],[{"utility":56,"ID":1},{"utility":34.5,"ID":2},{"utility":62.5,"ID":8}],[],[],[{"utility":0,"ID":10}],[{"utility":29,"ID":6},{"utility":86.5,"ID":7},{"utility":99,"ID":14}],[],[],[],[],[],[],[],[],[]],"CORE :":true,"LAST PARTITION":{"11":8,"12":13,"13":3,"14":5,"15":11,"16":4,"17":5,"18":1,"19":6,"1":4,"2":6,"3":3,"4":7,"5":8,"6":1,"7":13,"8":2,"9":7,"20":2,"10":11}},{"STARTING PARTITION: ":{"11":9,"12":11,"13":4,"14":1,"15":2,"16":8,"17":4,"18":8,"19":7,"1":4,"2":4,"3":7,"4":1,"5":11,"6":4,"7":6,"8":7,"9":1,"20":1,"10":8},"Agents":[null,{"utility":56,"ID":1},{"utility":59,"ID":2},{"utility":32,"ID":3},{"utility":92,"ID":4},{"utility":85,"ID":5},{"utility":95,"ID":6},{"utility":98,"ID":7},{"utility":99,"ID":8},{"utility":99,"ID":9},{"utility":39,"ID":10},{"utility":91,"ID":11},{"utility":82,"ID":12},{"utility":100,"ID":13},{"utility":83,"ID":14},{"utility":99,"ID":15},{"utility":100,"ID":16},{"utility":80,"ID":17},{"utility":93,"ID":18},{"utility":96,"ID":19},{"utility":56,"ID":20}],"LAST COALITION":[[],[{"utility":83,"ID":14},{"utility":80,"ID":17}],[{"utility":59,"ID":2},{"utility":96,"ID":19}],[{"utility":39,"ID":10},{"utility":99,"ID":15}],[{"utility":99,"ID":8},{"utility":56,"ID":20}],[],[{"utility":32,"ID":3},{"utility":100,"ID":13}],[],[{"utility":56,"ID":1},{"utility":100,"ID":16}],[],[{"utility":92,"ID":4},{"utility":99,"ID":9}],[{"utility":98,"ID":7},{"utility":82,"ID":12}],[{"utility":85,"ID":5},{"utility":91,"ID":11}],[{"utility":95,"ID":6},{"utility":93,"ID":18}],[],[],[],[],[],[],[]],"STARTING COALITION: ":[[null],[{"utility":76,"ID":4},{"utility":53,"ID":9},{"utility":32.666666666666664,"ID":14},{"utility":42.333333333333336,"ID":20}],[{"utility":0,"ID":15}],[],[{"utility":38.25,"ID":1},{"utility":55.5,"ID":2},{"utility":50,"ID":6},{"utility":42,"ID":13},{"utility":57.25,"ID":17}],[],[{"utility":0,"ID":7}],[{"utility":25.5,"ID":3},{"utility":43.5,"ID":8},{"utility":9.5,"ID":19}],[{"utility":29.5,"ID":10},{"utility":60.5,"ID":16},{"utility":55.5,"ID":18}],[{"utility":0,"ID":11}],[],[{"utility":34,"ID":5},{"utility":79,"ID":12}],[],[],[],[],[],[],[],[],[]],"CORE :":true,"LAST PARTITION":{"11":12,"12":11,"13":6,"14":1,"15":3,"16":8,"17":1,"18":13,"19":2,"1":8,"2":2,"3":6,"4":10,"5":12,"6":13,"7":11,"8":4,"9":10,"20":4,"10":3}},{"STARTING PARTITION: ":{"11":3,"12":10,"13":1,"14":6,"15":11,"16":4,"17":3,"18":10,"19":10,"1":11,"2":5,"3":2,"4":9,"5":7,"6":7,"7":9,"8":10,"9":1,"20":2,"10":9},"Agents":[null,{"utility":0,"ID":1},{"utility":80,"ID":2},{"utility":32,"ID":3},{"utility":98,"ID":4},{"utility":56,"ID":5},{"utility":0,"ID":6},{"utility":85,"ID":7},{"utility":99,"ID":8},{"utility":23,"ID":9},{"utility":94,"ID":10},{"utility":86,"ID":11},{"utility":75,"ID":12},{"utility":100,"ID":13},{"utility":99,"ID":14},{"utility":38,"ID":15},{"utility":27,"ID":16},{"utility":79,"ID":17},{"utility":72,"ID":18},{"utility":95,"ID":19},{"utility":56,"ID":20}],"LAST COALITION":[[],[{"utility":80,"ID":2},{"utility":79,"ID":17}],[{"utility":38,"ID":15},{"utility":27,"ID":16}],[],[{"utility":0,"ID":1}],[{"utility":99,"ID":8},{"utility":56,"ID":20}],[{"utility":98,"ID":4},{"utility":86,"ID":11}],[{"utility":0,"ID":6}],[],[{"utility":94,"ID":10},{"utility":75,"ID":12}],[{"utility":85,"ID":7},{"utility":99,"ID":14}],[{"utility":56,"ID":5},{"utility":23,"ID":9}],[{"utility":32,"ID":3},{"utility":100,"ID":13}],[],[{"utility":72,"ID":18},{"utility":95,"ID":19}],[],[],[],[],[],[]],"STARTING COALITION: ":[[null],[{"utility":38,"ID":9},{"utility":43,"ID":13}],[{"utility":40,"ID":3},{"utility":2,"ID":20}],[{"utility":79,"ID":11},{"utility":48,"ID":17}],[{"utility":0,"ID":16}],[{"utility":0,"ID":2}],[{"utility":0,"ID":14}],[{"utility":85,"ID":5},{"utility":44,"ID":6}],[],[{"utility":83,"ID":4},{"utility":71.5,"ID":7},{"utility":36,"ID":10}],[{"utility":27.333333333333332,"ID":8},{"utility":66.33333333333333,"ID":12},{"utility":81.33333333333333,"ID":18},{"utility":34,"ID":19}],[{"utility":63,"ID":1},{"utility":82,"ID":15}],[],[],[],[],[],[],[],[],[]],"CORE :":false,"LAST PARTITION":{"11":6,"12":9,"13":12,"14":10,"15":2,"16":2,"17":1,"18":14,"19":14,"1":4,"2":1,"3":12,"4":6,"5":11,"6":7,"7":10,"8":5,"9":11,"20":5,"10":9}},{"STARTING PARTITION: ":{"11":9,"12":2,"13":9,"14":5,"15":4,"16":3,"17":5,"18":2,"19":11,"1":2,"2":8,"3":11,"4":9,"5":8,"6":10,"7":2,"8":3,"9":6,"20":9,"10":6},"Agents":[null,{"utility":71,"ID":1},{"utility":79,"ID":2},{"utility":76,"ID":3},{"utility":50,"ID":4},{"utility":85,"ID":5},{"utility":69,"ID":6},{"utility":98,"ID":7},{"utility":23,"ID":8},{"utility":53,"ID":9},{"utility":37,"ID":10},{"utility":91,"ID":11},{"utility":82,"ID":12},{"utility":71,"ID":13},{"utility":37,"ID":14},{"utility":49,"ID":15},{"utility":10,"ID":16},{"utility":75.5,"ID":17},{"utility":81,"ID":18},{"utility":0,"ID":19},{"utility":82,"ID":20}],"LAST COALITION":[[],[{"utility":0,"ID":19}],[{"utility":76,"ID":3},{"utility":37,"ID":14}],[{"utility":23,"ID":8},{"utility":81,"ID":18}],[{"utility":71,"ID":1},{"utility":71,"ID":13}],[],[{"utility":85,"ID":5},{"utility":91,"ID":11}],[],[{"utility":79,"ID":2},{"utility":50,"ID":4}],[{"utility":10,"ID":16},{"utility":82,"ID":20}],[{"utility":53,"ID":9},{"utility":37,"ID":10},{"utility":75.5,"ID":17}],[{"utility":98,"ID":7},{"utility":82,"ID":12}],[{"utility":69,"ID":6},{"utility":49,"ID":15}],[],[],[],[],[],[],[],[]],"STARTING COALITION: ":[[null],[],[{"utility":65,"ID":1},{"utility":78,"ID":7},{"utility":55.333333333333336,"ID":12},{"utility":61.333333333333336,"ID":18}],[{"utility":6,"ID":8},{"utility":39,"ID":16}],[{"utility":0,"ID":15}],[{"utility":83,"ID":14},{"utility":80,"ID":17}],[{"utility":87,"ID":9},{"utility":5,"ID":10}],[],[{"utility":51,"ID":2},{"utility":86,"ID":5}],[{"utility":62.666666666666664,"ID":4},{"utility":78.66666666666667,"ID":11},{"utility":47.333333333333336,"ID":13},{"utility":18.666666666666668,"ID":20}],[{"utility":0,"ID":6}],[{"utility":24,"ID":3},{"utility":15,"ID":19}],[],[],[],[],[],[],[],[],[]],"CORE :":false,"LAST PARTITION":{"11":6,"12":11,"13":4,"14":2,"15":12,"16":9,"17":10,"18":3,"19":1,"1":4,"2":8,"3":2,"4":8,"5":6,"6":12,"7":11,"8":3,"9":10,"20":9,"10":10}},{"END OF FILE:" : true}]