[{"STARTING PARTITION: ":{"1":2,"2":2,"3":2,"4":3,"5":2},"Agents":[null,{"utility":95,"ID":1},{"utility":0,"ID":2},{"utility":45,"ID":3},{"utility":80,"ID":4},{"utility":39,"ID":5}],"LAST COALITION":[[],[{"utility":0,"ID":2}],[{"utility":45,"ID":3},{"utility":39,"ID":5}],[],[{"utility":95,"ID":1},{"utility":80,"ID":4}],[]],"STARTING COALITION: ":[[null],[],[{"utility":60,"ID":1},{"utility":33,"ID":2},{"utility":54.666666666666664,"ID":3},{"utility":44.666666666666664,"ID":5}],[{"utility":0,"ID":4}],[],[]],"CORE :":true,"LAST PARTITION":{"1":4,"2":1,"3":2,"4":4,"5":2}},{"STARTING PARTITION: ":{"1":3,"2":1,"3":2,"4":2,"5":3},"Agents":[null,{"utility":95,"ID":1},{"utility":0,"ID":2},{"utility":45,"ID":3},{"utility":80,"ID":4},{"utility":39,"ID":5}],"LAST COALITION":[[],[{"utility":95,"ID":1},{"utility":80,"ID":4}],[{"utility":0,"ID":2}],[{"utility":45,"ID":3},{"utility":39,"ID":5}],[],[]],"STARTING COALITION: ":[[null],[{"utility":0,"ID":2}],[{"utility":22,"ID":3},{"utility":66,"ID":4}],[{"utility":30,"ID":1},{"utility":67,"ID":5}],[],[]],"CORE :":true,"LAST PARTITION":{"1":1,"2":2,"3":3,"4":1,"5":3}},{"STARTING PARTITION: ":{"1":1,"2":3,"3":2,"4":3,"5":2},"Agents":[null,{"utility":95,"ID":1},{"utility":0,"ID":2},{"utility":45,"ID":3},{"utility":80,"ID":4},{"utility":39,"ID":5}],"LAST COALITION":[[],[{"utility":95,"ID":1},{"utility":80,"ID":4}],[{"utility":45,"ID":3},{"utility":39,"ID":5}],[{"utility":0,"ID":2}],[],[]],"STARTING COALITION: ":[[null],[{"utility":0,"ID":1}],[{"utility":45,"ID":3},{"utility":39,"ID":5}],[{"utility":65,"ID":2},{"utility":8,"ID":4}],[],[]],"CORE :":true,"LAST PARTITION":{"1":1,"2":3,"3":2,"4":1,"5":2}},{"STARTING PARTITION: ":{"1":2,"2":2,"3":1,"4":1,"5":3},"Agents":[null,{"utility":95,"ID":1},{"utility":0,"ID":2},{"utility":45,"ID":3},{"utility":80,"ID":4},{"utility":39,"ID":5}],"LAST COALITION":[[],[{"utility":0,"ID":2}],[{"utility":45,"ID":3},{"utility":39,"ID":5}],[],[{"utility":95,"ID":1},{"utility":80,"ID":4}],[]],"STARTING COALITION: ":[[null],[{"utility":22,"ID":3},{"utility":66,"ID":4}],[{"utility":81,"ID":1},{"utility":36,"ID":2}],[{"utility":0,"ID":5}],[],[]],"CORE :":true,"LAST PARTITION":{"1":4,"2":1,"3":2,"4":4,"5":2}},{"STARTING PARTITION: ":{"1":2,"2":3,"3":1,"4":1,"5":3},"Agents":[null,{"utility":95,"ID":1},{"utility":0,"ID":2},{"utility":45,"ID":3},{"utility":80,"ID":4},{"utility":39,"ID":5}],"LAST COALITION":[[],[{"utility":45,"ID":3},{"utility":39,"ID":5}],[{"utility":95,"ID":1},{"utility":80,"ID":4}],[{"utility":0,"ID":2}],[],[]],"STARTING COALITION: ":[[null],[{"utility":22,"ID":3},{"utility":66,"ID":4}],[{"utility":0,"ID":1}],[{"utility":36,"ID":2},{"utility":28,"ID":5}],[],[]],"CORE :":true,"LAST PARTITION":{"1":2,"2":3,"3":1,"4":2,"5":1}},{"STARTING PARTITION: ":{"1":3,"2":3,"3":1,"4":1,"5":1},"Agents":[null,{"utility":95,"ID":1},{"utility":0,"ID":2},{"utility":45,"ID":3},{"utility":80,"ID":4},{"utility":39,"ID":5}],"LAST COALITION":[[],[{"utility":45,"ID":3},{"utility":39,"ID":5}],[{"utility":95,"ID":1},{"utility":80,"ID":4}],[{"utility":0,"ID":2}],[],[]],"STARTING COALITION: ":[[null],[{"utility":33.5,"ID":3},{"utility":50.5,"ID":4},{"utility":30.5,"ID":5}],[],[{"utility":81,"ID":1},{"utility":36,"ID":2}],[],[]],"CORE :":true,"LAST PARTITION":{"1":2,"2":3,"3":1,"4":2,"5":1}},{"STARTING PARTITION: ":{"1":2,"2":3,"3":2,"4":3,"5":3},"Agents":[null,{"utility":95,"ID":1},{"utility":0,"ID":2},{"utility":45,"ID":3},{"utility":80,"ID":4},{"utility":39,"ID":5}],"LAST COALITION":[[],[{"utility":95,"ID":1},{"utility":80,"ID":4}],[],[{"utility":0,"ID":2}],[{"utility":45,"ID":3},{"utility":39,"ID":5}],[]],"STARTING COALITION: ":[[null],[],[{"utility":69,"ID":1},{"utility":80,"ID":3}],[{"utility":50.5,"ID":2},{"utility":21.5,"ID":4},{"utility":25,"ID":5}],[],[]],"CORE :":true,"LAST PARTITION":{"1":1,"2":3,"3":4,"4":1,"5":4}},{"STARTING PARTITION: ":{"1":3,"2":1,"3":3,"4":3,"5":1},"Agents":[null,{"utility":95,"ID":1},{"utility":0,"ID":2},{"utility":45,"ID":3},{"utility":80,"ID":4},{"utility":39,"ID":5}],"LAST COALITION":[[],[{"utility":0,"ID":2}],[{"utility":95,"ID":1},{"utility":80,"ID":4}],[],[{"utility":45,"ID":3},{"utility":39,"ID":5}],[]],"STARTING COALITION: ":[[null],[{"utility":36,"ID":2},{"utility":28,"ID":5}],[],[{"utility":82,"ID":1},{"utility":51,"ID":3},{"utility":73,"ID":4}],[],[]],"CORE :":true,"LAST PARTITION":{"1":2,"2":1,"3":4,"4":2,"5":4}},{"STARTING PARTITION: ":{"1":1,"2":2,"3":2,"4":3,"5":1},"Agents":[null,{"utility":95,"ID":1},{"utility":0,"ID":2},{"utility":45,"ID":3},{"utility":80,"ID":4},{"utility":39,"ID":5}],"LAST COALITION":[[],[{"utility":45,"ID":3},{"utility":39,"ID":5}],[{"utility":0,"ID":2}],[],[],[{"utility":95,"ID":1},{"utility":80,"ID":4}]],"STARTING COALITION: ":[[null],[{"utility":30,"ID":1},{"utility":67,"ID":5}],[{"utility":27,"ID":2},{"utility":39,"ID":3}],[{"utility":0,"ID":4}],[],[]],"CORE :":true,"LAST PARTITION":{"1":5,"2":2,"3":1,"4":5,"5":1}},{"STARTING PARTITION: ":{"1":2,"2":3,"3":1,"4":2,"5":1},"Agents":[null,{"utility":95,"ID":1},{"utility":0,"ID":2},{"utility":45,"ID":3},{"utility":80,"ID":4},{"utility":39,"ID":5}],"LAST COALITION":[[],[{"utility":45,"ID":3},{"utility":39,"ID":5}],[{"utility":95,"ID":1},{"utility":80,"ID":4}],[{"utility":0,"ID":2}],[],[]],"STARTING COALITION: ":[[null],[{"utility":45,"ID":3},{"utility":39,"ID":5}],[{"utility":95,"ID":1},{"utility":80,"ID":4}],[{"utility":0,"ID":2}],[],[]],"CORE :":true,"LAST PARTITION":{"1":2,"2":3,"3":1,"4":2,"5":1}},{"STARTING PARTITION: ":{"1":2,"2":3,"3":1,"4":3,"5":3},"Agents":[null,{"utility":95,"ID":1},{"utility":0,"ID":2},{"utility":45,"ID":3},{"utility":80,"ID":4},{"utility":39,"ID":5}],"LAST COALITION":[[],[{"utility":95,"ID":1},{"utility":80,"ID":4}],[{"utility":45,"ID":3},{"utility":39,"ID":5}],[{"utility":0,"ID":2}],[],[]],"STARTING COALITION: ":[[null],[{"utility":0,"ID":3}],[{"utility":0,"ID":1}],[{"utility":50.5,"ID":2},{"utility":21.5,"ID":4},{"utility":25,"ID":5}],[],[]],"CORE :":true,"LAST PARTITION":{"1":1,"2":3,"3":2,"4":1,"5":2}},{"STARTING PARTITION: ":{"1":2,"2":3,"3":1,"4":2,"5":2},"Agents":[null,{"utility":95,"ID":1},{"utility":0,"ID":2},{"utility":45,"ID":3},{"utility":80,"ID":4},{"utility":39,"ID":5}],"LAST COALITION":[[],[{"utility":0,"ID":2}],[{"utility":45,"ID":3},{"utility":39,"ID":5}],[{"utility":95,"ID":1},{"utility":80,"ID":4}],[],[]],"STARTING COALITION: ":[[null],[{"utility":0,"ID":3}],[{"utility":62.5,"ID":1},{"utility":57.5,"ID":4},{"utility":44.5,"ID":5}],[{"utility":0,"ID":2}],[],[]],"CORE :":true,"LAST PARTITION":{"1":3,"2":1,"3":2,"4":3,"5":2}},{"STARTING PARTITION: ":{"1":1,"2":3,"3":1,"4":3,"5":2},"Agents":[null,{"utility":95,"ID":1},{"utility":0,"ID":2},{"utility":45,"ID":3},{"utility":80,"ID":4},{"utility":39,"ID":5}],"LAST COALITION":[[],[{"utility":0,"ID":2}],[{"utility":45,"ID":3},{"utility":39,"ID":5}],[],[{"utility":95,"ID":1},{"utility":80,"ID":4}],[]],"STARTING COALITION: ":[[null],[{"utility":69,"ID":1},{"utility":80,"ID":3}],[{"utility":0,"ID":5}],[{"utility":65,"ID":2},{"utility":8,"ID":4}],[],[]],"CORE :":true,"LAST PARTITION":{"1":4,"2":1,"3":2,"4":4,"5":2}},{"STARTING PARTITION: ":{"1":1,"2":2,"3":2,"4":2,"5":3},"Agents":[null,{"utility":95,"ID":1},{"utility":0,"ID":2},{"utility":45,"ID":3},{"utility":80,"ID":4},{"utility":39,"ID":5}],"LAST COALITION":[[],[{"utility":95,"ID":1},{"utility":80,"ID":4}],[{"utility":0,"ID":2}],[{"utility":45,"ID":3},{"utility":39,"ID":5}],[],[]],"STARTING COALITION: ":[[null],[{"utility":0,"ID":1}],[{"utility":46,"ID":2},{"utility":30.5,"ID":3},{"utility":37,"ID":4}],[{"utility":0,"ID":5}],[],[]],"CORE :":true,"LAST PARTITION":{"1":1,"2":2,"3":3,"4":1,"5":3}},{"STARTING PARTITION: ":{"1":1,"2":3,"3":2,"4":2,"5":3},"Agents":[null,{"utility":95,"ID":1},{"utility":0,"ID":2},{"utility":45,"ID":3},{"utility":80,"ID":4},{"utility":39,"ID":5}],"LAST COALITION":[[],[{"utility":95,"ID":1},{"utility":80,"ID":4}],[{"utility":45,"ID":3},{"utility":39,"ID":5}],[{"utility":0,"ID":2}],[],[]],"STARTING COALITION: ":[[null],[{"utility":0,"ID":1}],[{"utility":22,"ID":3},{"utility":66,"ID":4}],[{"utility":36,"ID":2},{"utility":28,"ID":5}],[],[]],"CORE :":true,"LAST PARTITION":{"1":1,"2":3,"3":2,"4":1,"5":2}},{"STARTING PARTITION: ":{"1":3,"2":1,"3":3,"4":2,"5":2},"Agents":[null,{"utility":95,"ID":1},{"utility":0,"ID":2},{"utility":45,"ID":3},{"utility":80,"ID":4},{"utility":39,"ID":5}],"LAST COALITION":[[],[{"utility":95,"ID":1},{"utility":80,"ID":4}],[{"utility":45,"ID":3},{"utility":39,"ID":5}],[{"utility":0,"ID":2}],[],[]],"STARTING COALITION: ":[[null],[{"utility":0,"ID":2}],[{"utility":35,"ID":4},{"utility":22,"ID":5}],[{"utility":69,"ID":1},{"utility":80,"ID":3}],[],[]],"CORE :":true,"LAST PARTITION":{"1":1,"2":3,"3":2,"4":1,"5":2}},{"STARTING PARTITION: ":{"1":2,"2":3,"3":1,"4":2,"5":1},"Agents":[null,{"utility":95,"ID":1},{"utility":0,"ID":2},{"utility":45,"ID":3},{"utility":80,"ID":4},{"utility":39,"ID":5}],"LAST COALITION":[[],[{"utility":45,"ID":3},{"utility":39,"ID":5}],[{"utility":95,"ID":1},{"utility":80,"ID":4}],[{"utility":0,"ID":2}],[],[]],"STARTING COALITION: ":[[null],[{"utility":45,"ID":3},{"utility":39,"ID":5}],[{"utility":95,"ID":1},{"utility":80,"ID":4}],[{"utility":0,"ID":2}],[],[]],"CORE :":true,"LAST PARTITION":{"1":2,"2":3,"3":1,"4":2,"5":1}},{"STARTING PARTITION: ":{"1":1,"2":3,"3":3,"4":3,"5":3},"Agents":[null,{"utility":95,"ID":1},{"utility":0,"ID":2},{"utility":45,"ID":3},{"utility":80,"ID":4},{"utility":39,"ID":5}],"LAST COALITION":[[],[{"utility":95,"ID":1},{"utility":80,"ID":4}],[],[{"utility":0,"ID":2}],[{"utility":45,"ID":3},{"utility":39,"ID":5}],[]],"STARTING COALITION: ":[[null],[{"utility":0,"ID":1}],[],[{"utility":42.666666666666664,"ID":2},{"utility":35.333333333333336,"ID":3},{"utility":36.333333333333336,"ID":4},{"utility":29.666666666666668,"ID":5}],[],[]],"CORE :":true,"LAST PARTITION":{"1":1,"2":3,"3":4,"4":1,"5":4}},{"STARTING PARTITION: ":{"1":1,"2":1,"3":1,"4":2,"5":2},"Agents":[null,{"utility":95,"ID":1},{"utility":0,"ID":2},{"utility":45,"ID":3},{"utility":80,"ID":4},{"utility":39,"ID":5}],"LAST COALITION":[[],[{"utility":0,"ID":2}],[{"utility":45,"ID":3},{"utility":39,"ID":5}],[],[{"utility":95,"ID":1},{"utility":80,"ID":4}],[]],"STARTING COALITION: ":[[null],[{"utility":75,"ID":1},{"utility":31.5,"ID":2},{"utility":59.5,"ID":3}],[{"utility":35,"ID":4},{"utility":22,"ID":5}],[],[],[]],"CORE :":true,"LAST PARTITION":{"1":4,"2":1,"3":2,"4":4,"5":2}},{"STARTING PARTITION: ":{"1":1,"2":2,"3":3,"4":3,"5":1},"Agents":[null,{"utility":95,"ID":1},{"utility":0,"ID":2},{"utility":45,"ID":3},{"utility":80,"ID":4},{"utility":39,"ID":5}],"LAST COALITION":[[],[{"utility":45,"ID":3},{"utility":39,"ID":5}],[{"utility":95,"ID":1},{"utility":80,"ID":4}],[{"utility":0,"ID":2}],[],[]],"STARTING COALITION: ":[[null],[{"utility":30,"ID":1},{"utility":67,"ID":5}],[{"utility":0,"ID":2}],[{"utility":22,"ID":3},{"utility":66,"ID":4}],[],[]],"CORE :":true,"LAST PARTITION":{"1":2,"2":3,"3":1,"4":2,"5":1}},{"END OF FILE:" : true}]