[{"STARTING PARTITION: ":{"1":2,"2":2,"3":2,"4":1,"5":3},"Agents":[null,{"utility":46,"ID":1},{"utility":0,"ID":2},{"utility":41,"ID":3},{"utility":73,"ID":4},{"utility":84,"ID":5}],"LAST COALITION":[[],[{"utility":41,"ID":3},{"utility":73,"ID":4}],[{"utility":0,"ID":2}],[],[],[{"utility":46,"ID":1},{"utility":84,"ID":5}]],"STARTING COALITION: ":[[null],[{"utility":0,"ID":4}],[{"utility":18,"ID":1},{"utility":84,"ID":2},{"utility":58,"ID":3}],[{"utility":0,"ID":5}],[],[]],"CORE :":false,"LAST PARTITION":{"1":5,"2":2,"3":1,"4":1,"5":5}},{"STARTING PARTITION: ":{"1":1,"2":2,"3":2,"4":2,"5":2},"Agents":[null,{"utility":46,"ID":1},{"utility":0,"ID":2},{"utility":41,"ID":3},{"utility":73,"ID":4},{"utility":84,"ID":5}],"LAST COALITION":[[],[{"utility":46,"ID":1},{"utility":84,"ID":5}],[{"utility":41,"ID":3},{"utility":73,"ID":4}],[{"utility":0,"ID":2}],[],[]],"STARTING COALITION: ":[[null],[{"utility":0,"ID":1}],[{"utility":61,"ID":2},{"utility":57.333333333333336,"ID":3},{"utility":51.333333333333336,"ID":4},{"utility":44,"ID":5}],[],[],[]],"CORE :":false,"LAST PARTITION":{"1":1,"2":3,"3":2,"4":2,"5":1}},{"STARTING PARTITION: ":{"1":3,"2":2,"3":2,"4":2,"5":2},"Agents":[null,{"utility":46,"ID":1},{"utility":80,"ID":2},{"utility":0,"ID":3},{"utility":38,"ID":4},{"utility":84,"ID":5}],"LAST COALITION":[[],[{"utility":80,"ID":2},{"utility":38,"ID":4}],[],[{"utility":46,"ID":1},{"utility":84,"ID":5}],[{"utility":0,"ID":3}],[]],"STARTING COALITION: ":[[null],[],[{"utility":61,"ID":2},{"utility":57.333333333333336,"ID":3},{"utility":51.333333333333336,"ID":4},{"utility":44,"ID":5}],[{"utility":0,"ID":1}],[],[]],"CORE :":false,"LAST PARTITION":{"1":3,"2":1,"3":4,"4":1,"5":3}},{"STARTING PARTITION: ":{"1":3,"2":3,"3":1,"4":3,"5":3},"Agents":[null,{"utility":46,"ID":1},{"utility":74,"ID":2},{"utility":50,"ID":3},{"utility":0,"ID":4},{"utility":84,"ID":5}],"LAST COALITION":[[],[],[{"utility":0,"ID":4}],[{"utility":74,"ID":2},{"utility":50,"ID":3}],[{"utility":46,"ID":1},{"utility":84,"ID":5}],[]],"STARTING COALITION: ":[[null],[{"utility":0,"ID":3}],[],[{"utility":28.333333333333332,"ID":1},{"utility":67.66666666666667,"ID":2},{"utility":33,"ID":4},{"utility":44.666666666666664,"ID":5}],[],[]],"CORE :":false,"LAST PARTITION":{"1":4,"2":3,"3":3,"4":2,"5":4}},{"STARTING PARTITION: ":{"1":3,"2":3,"3":2,"4":2,"5":3},"Agents":[null,{"utility":46,"ID":1},{"utility":0,"ID":2},{"utility":41,"ID":3},{"utility":73,"ID":4},{"utility":84,"ID":5}],"LAST COALITION":[[],[{"utility":46,"ID":1},{"utility":84,"ID":5}],[{"utility":41,"ID":3},{"utility":73,"ID":4}],[{"utility":0,"ID":2}],[],[]],"STARTING COALITION: ":[[null],[],[{"utility":41,"ID":3},{"utility":73,"ID":4}],[{"utility":40,"ID":1},{"utility":61.5,"ID":2},{"utility":51,"ID":5}],[],[]],"CORE :":false,"LAST PARTITION":{"1":1,"2":3,"3":2,"4":2,"5":1}},{"STARTING PARTITION: ":{"1":3,"2":1,"3":2,"4":1,"5":2},"Agents":[null,{"utility":46,"ID":1},{"utility":74,"ID":2},{"utility":50,"ID":3},{"utility":0,"ID":4},{"utility":84,"ID":5}],"LAST COALITION":[[],[{"utility":0,"ID":4}],[],[{"utility":46,"ID":1},{"utility":84,"ID":5}],[{"utility":74,"ID":2},{"utility":50,"ID":3}],[]],"STARTING COALITION: ":[[null],[{"utility":80,"ID":2},{"utility":38,"ID":4}],[{"utility":81,"ID":3},{"utility":82,"ID":5}],[{"utility":0,"ID":1}],[],[]],"CORE :":false,"LAST PARTITION":{"1":3,"2":4,"3":4,"4":1,"5":3}},{"STARTING PARTITION: ":{"1":3,"2":2,"3":1,"4":1,"5":1},"Agents":[null,{"utility":46,"ID":1},{"utility":0,"ID":2},{"utility":41,"ID":3},{"utility":73,"ID":4},{"utility":84,"ID":5}],"LAST COALITION":[[],[{"utility":41,"ID":3},{"utility":73,"ID":4}],[{"utility":46,"ID":1},{"utility":84,"ID":5}],[],[{"utility":0,"ID":2}],[]],"STARTING COALITION: ":[[null],[{"utility":61,"ID":3},{"utility":58,"ID":4},{"utility":57,"ID":5}],[{"utility":0,"ID":2}],[{"utility":0,"ID":1}],[],[]],"CORE :":false,"LAST PARTITION":{"1":2,"2":4,"3":1,"4":1,"5":2}},{"STARTING PARTITION: ":{"1":2,"2":3,"3":2,"4":1,"5":1},"Agents":[null,{"utility":46,"ID":1},{"utility":80,"ID":2},{"utility":0,"ID":3},{"utility":38,"ID":4},{"utility":84,"ID":5}],"LAST COALITION":[[],[],[{"utility":80,"ID":2},{"utility":38,"ID":4}],[{"utility":46,"ID":1},{"utility":84,"ID":5}],[{"utility":0,"ID":3}],[]],"STARTING COALITION: ":[[null],[{"utility":43,"ID":4},{"utility":32,"ID":5}],[{"utility":2,"ID":1},{"utility":66,"ID":3}],[{"utility":0,"ID":2}],[],[]],"CORE :":false,"LAST PARTITION":{"1":3,"2":2,"3":4,"4":2,"5":3}},{"STARTING PARTITION: ":{"1":3,"2":1,"3":3,"4":2,"5":3},"Agents":[null,{"utility":46,"ID":1},{"utility":74,"ID":2},{"utility":50,"ID":3},{"utility":0,"ID":4},{"utility":84,"ID":5}],"LAST COALITION":[[],[{"utility":46,"ID":1},{"utility":84,"ID":5}],[{"utility":0,"ID":4}],[],[{"utility":74,"ID":2},{"utility":50,"ID":3}],[]],"STARTING COALITION: ":[[null],[{"utility":0,"ID":2}],[{"utility":0,"ID":4}],[{"utility":24,"ID":1},{"utility":73.5,"ID":3},{"utility":83,"ID":5}],[],[]],"CORE :":false,"LAST PARTITION":{"1":1,"2":4,"3":4,"4":2,"5":1}},{"STARTING PARTITION: ":{"1":2,"2":2,"3":2,"4":3,"5":2},"Agents":[null,{"utility":46,"ID":1},{"utility":80,"ID":2},{"utility":0,"ID":3},{"utility":38,"ID":4},{"utility":84,"ID":5}],"LAST COALITION":[[],[{"utility":80,"ID":2},{"utility":38,"ID":4}],[],[{"utility":0,"ID":3}],[{"utility":46,"ID":1},{"utility":84,"ID":5}],[]],"STARTING COALITION: ":[[null],[],[{"utility":27.333333333333332,"ID":1},{"utility":65.66666666666667,"ID":2},{"utility":65.66666666666667,"ID":3},{"utility":61.333333333333336,"ID":5}],[{"utility":0,"ID":4}],[],[]],"CORE :":false,"LAST PARTITION":{"1":4,"2":1,"3":3,"4":1,"5":4}},{"STARTING PARTITION: ":{"1":1,"2":2,"3":2,"4":1,"5":1},"Agents":[null,{"utility":46,"ID":1},{"utility":80,"ID":2},{"utility":0,"ID":3},{"utility":38,"ID":4},{"utility":84,"ID":5}],"LAST COALITION":[[],[],[{"utility":80,"ID":2},{"utility":38,"ID":4}],[{"utility":0,"ID":3}],[{"utility":46,"ID":1},{"utility":84,"ID":5}],[]],"STARTING COALITION: ":[[null],[{"utility":25.5,"ID":1},{"utility":30.5,"ID":4},{"utility":58,"ID":5}],[{"utility":74,"ID":2},{"utility":50,"ID":3}],[],[],[]],"CORE :":false,"LAST PARTITION":{"1":4,"2":2,"3":3,"4":2,"5":4}},{"STARTING PARTITION: ":{"1":3,"2":2,"3":1,"4":3,"5":1},"Agents":[null,{"utility":46,"ID":1},{"utility":80,"ID":2},{"utility":0,"ID":3},{"utility":38,"ID":4},{"utility":84,"ID":5}],"LAST COALITION":[[],[{"utility":80,"ID":2},{"utility":38,"ID":4}],[{"utility":46,"ID":1},{"utility":84,"ID":5}],[],[{"utility":0,"ID":3}],[]],"STARTING COALITION: ":[[null],[{"utility":81,"ID":3},{"utility":82,"ID":5}],[{"utility":0,"ID":2}],[{"utility":5,"ID":1},{"utility":18,"ID":4}],[],[]],"CORE :":false,"LAST PARTITION":{"1":2,"2":1,"3":4,"4":1,"5":2}},{"STARTING PARTITION: ":{"1":2,"2":1,"3":2,"4":3,"5":1},"Agents":[null,{"utility":46,"ID":1},{"utility":74,"ID":2},{"utility":50,"ID":3},{"utility":0,"ID":4},{"utility":84,"ID":5}],"LAST COALITION":[[],[{"utility":74,"ID":2},{"utility":50,"ID":3}],[],[{"utility":0,"ID":4}],[],[{"utility":46,"ID":1},{"utility":84,"ID":5}]],"STARTING COALITION: ":[[null],[{"utility":29,"ID":2},{"utility":18,"ID":5}],[{"utility":2,"ID":1},{"utility":66,"ID":3}],[{"utility":0,"ID":4}],[],[]],"CORE :":false,"LAST PARTITION":{"1":5,"2":1,"3":1,"4":3,"5":5}},{"STARTING PARTITION: ":{"1":2,"2":3,"3":3,"4":2,"5":3},"Agents":[null,{"utility":46,"ID":1},{"utility":80,"ID":2},{"utility":0,"ID":3},{"utility":38,"ID":4},{"utility":84,"ID":5}],"LAST COALITION":[[],[{"utility":80,"ID":2},{"utility":38,"ID":4}],[],[{"utility":0,"ID":3}],[{"utility":46,"ID":1},{"utility":84,"ID":5}],[]],"STARTING COALITION: ":[[null],[],[{"utility":5,"ID":1},{"utility":18,"ID":4}],[{"utility":51.5,"ID":2},{"utility":65.5,"ID":3},{"utility":50,"ID":5}],[],[]],"CORE :":false,"LAST PARTITION":{"1":4,"2":1,"3":3,"4":1,"5":4}},{"STARTING PARTITION: ":{"1":3,"2":2,"3":2,"4":2,"5":3},"Agents":[null,{"utility":46,"ID":1},{"utility":77,"ID":2},{"utility":45.5,"ID":3},{"utility":55.5,"ID":4},{"utility":84,"ID":5}],"LAST COALITION":[[],[],[{"utility":77,"ID":2},{"utility":45.5,"ID":3},{"utility":55.5,"ID":4}],[{"utility":46,"ID":1},{"utility":84,"ID":5}],[],[]],"STARTING COALITION: ":[[null],[],[{"utility":77,"ID":2},{"utility":45.5,"ID":3},{"utility":55.5,"ID":4}],[{"utility":46,"ID":1},{"utility":84,"ID":5}],[],[]],"CORE :":true,"LAST PARTITION":{"1":3,"2":2,"3":2,"4":2,"5":3}},{"STARTING PARTITION: ":{"1":2,"2":2,"3":2,"4":2,"5":1},"Agents":[null,{"utility":46,"ID":1},{"utility":80,"ID":2},{"utility":0,"ID":3},{"utility":38,"ID":4},{"utility":84,"ID":5}],"LAST COALITION":[[],[{"utility":0,"ID":3}],[],[{"utility":80,"ID":2},{"utility":38,"ID":4}],[{"utility":46,"ID":1},{"utility":84,"ID":5}],[]],"STARTING COALITION: ":[[null],[{"utility":0,"ID":5}],[{"utility":13.666666666666666,"ID":1},{"utility":82.66666666666667,"ID":2},{"utility":52.333333333333336,"ID":3},{"utility":43,"ID":4}],[],[],[]],"CORE :":false,"LAST PARTITION":{"1":4,"2":3,"3":1,"4":3,"5":4}},{"STARTING PARTITION: ":{"1":3,"2":1,"3":3,"4":3,"5":2},"Agents":[null,{"utility":46,"ID":1},{"utility":74,"ID":2},{"utility":50,"ID":3},{"utility":0,"ID":4},{"utility":84,"ID":5}],"LAST COALITION":[[],[{"utility":46,"ID":1},{"utility":84,"ID":5}],[{"utility":74,"ID":2},{"utility":50,"ID":3}],[{"utility":0,"ID":4}],[],[]],"STARTING COALITION: ":[[null],[{"utility":0,"ID":2}],[{"utility":0,"ID":5}],[{"utility":3.5,"ID":1},{"utility":53.5,"ID":3},{"utility":45.5,"ID":4}],[],[]],"CORE :":false,"LAST PARTITION":{"1":1,"2":2,"3":2,"4":3,"5":1}},{"STARTING PARTITION: ":{"1":3,"2":2,"3":3,"4":1,"5":1},"Agents":[null,{"utility":46,"ID":1},{"utility":0,"ID":2},{"utility":41,"ID":3},{"utility":73,"ID":4},{"utility":84,"ID":5}],"LAST COALITION":[[],[{"utility":41,"ID":3},{"utility":73,"ID":4}],[{"utility":46,"ID":1},{"utility":84,"ID":5}],[{"utility":0,"ID":2}],[],[]],"STARTING COALITION: ":[[null],[{"utility":43,"ID":4},{"utility":32,"ID":5}],[{"utility":0,"ID":2}],[{"utility":2,"ID":1},{"utility":66,"ID":3}],[],[]],"CORE :":false,"LAST PARTITION":{"1":2,"2":3,"3":1,"4":1,"5":2}},{"STARTING PARTITION: ":{"1":3,"2":2,"3":3,"4":2,"5":2},"Agents":[null,{"utility":46,"ID":1},{"utility":74,"ID":2},{"utility":50,"ID":3},{"utility":0,"ID":4},{"utility":84,"ID":5}],"LAST COALITION":[[],[],[{"utility":0,"ID":4}],[{"utility":74,"ID":2},{"utility":50,"ID":3}],[{"utility":46,"ID":1},{"utility":84,"ID":5}],[]],"STARTING COALITION: ":[[null],[],[{"utility":54.5,"ID":2},{"utility":40.5,"ID":4},{"utility":25,"ID":5}],[{"utility":2,"ID":1},{"utility":66,"ID":3}],[],[]],"CORE :":false,"LAST PARTITION":{"1":4,"2":3,"3":3,"4":2,"5":4}},{"STARTING PARTITION: ":{"1":2,"2":1,"3":3,"4":1,"5":3},"Agents":[null,{"utility":46,"ID":1},{"utility":0,"ID":2},{"utility":41,"ID":3},{"utility":73,"ID":4},{"utility":84,"ID":5}],"LAST COALITION":[[],[{"utility":41,"ID":3},{"utility":73,"ID":4}],[{"utility":46,"ID":1},{"utility":84,"ID":5}],[{"utility":0,"ID":2}],[],[]],"STARTING COALITION: ":[[null],[{"utility":80,"ID":2},{"utility":38,"ID":4}],[{"utility":0,"ID":1}],[{"utility":81,"ID":3},{"utility":82,"ID":5}],[],[]],"CORE :":false,"LAST PARTITION":{"1":2,"2":3,"3":1,"4":1,"5":2}},{"END OF FILE:" : true}]