[{"STARTING PARTITION: ":{"1":3,"2":1,"3":1,"4":2,"5":1},"Agents":[null,{"utility":92,"ID":1},{"utility":0,"ID":2},{"utility":83,"ID":3},{"utility":94,"ID":4},{"utility":64,"ID":5}],"LAST COALITION":[[],[],[{"utility":94,"ID":4},{"utility":64,"ID":5}],[{"utility":92,"ID":1},{"utility":83,"ID":3}],[],[{"utility":0,"ID":2}]],"STARTING COALITION: ":[[null],[{"utility":55.5,"ID":2},{"utility":20.5,"ID":3},{"utility":56.5,"ID":5}],[{"utility":0,"ID":4}],[{"utility":0,"ID":1}],[],[]],"CORE :":true,"LAST PARTITION":{"1":3,"2":5,"3":3,"4":2,"5":2}},{"STARTING PARTITION: ":{"1":1,"2":3,"3":1,"4":2,"5":2},"Agents":[null,{"utility":92,"ID":1},{"utility":0,"ID":2},{"utility":83,"ID":3},{"utility":94,"ID":4},{"utility":64,"ID":5}],"LAST COALITION":[[],[{"utility":92,"ID":1},{"utility":83,"ID":3}],[{"utility":94,"ID":4},{"utility":64,"ID":5}],[{"utility":0,"ID":2}],[],[]],"STARTING COALITION: ":[[null],[{"utility":92,"ID":1},{"utility":83,"ID":3}],[{"utility":94,"ID":4},{"utility":64,"ID":5}],[{"utility":0,"ID":2}],[],[]],"CORE :":true,"LAST PARTITION":{"1":1,"2":3,"3":1,"4":2,"5":2}},{"STARTING PARTITION: ":{"1":3,"2":3,"3":2,"4":1,"5":3},"Agents":[null,{"utility":92,"ID":1},{"utility":0,"ID":2},{"utility":83,"ID":3},{"utility":94,"ID":4},{"utility":64,"ID":5}],"LAST COALITION":[[],[{"utility":94,"ID":4},{"utility":64,"ID":5}],[{"utility":0,"ID":2}],[],[{"utility":92,"ID":1},{"utility":83,"ID":3}],[]],"STARTING COALITION: ":[[null],[{"utility":0,"ID":4}],[{"utility":0,"ID":3}],[{"utility":56,"ID":1},{"utility":73,"ID":2},{"utility":22.5,"ID":5}],[],[]],"CORE :":true,"LAST PARTITION":{"1":4,"2":2,"3":4,"4":1,"5":1}},{"STARTING PARTITION: ":{"1":1,"2":3,"3":3,"4":1,"5":3},"Agents":[null,{"utility":92,"ID":1},{"utility":0,"ID":2},{"utility":83,"ID":3},{"utility":94,"ID":4},{"utility":64,"ID":5}],"LAST COALITION":[[],[{"utility":94,"ID":4},{"utility":64,"ID":5}],[],[],[{"utility":92,"ID":1},{"utility":83,"ID":3}],[{"utility":0,"ID":2}]],"STARTING COALITION: ":[[null],[{"utility":28,"ID":1},{"utility":30,"ID":4}],[],[{"utility":55.5,"ID":2},{"utility":20.5,"ID":3},{"utility":56.5,"ID":5}],[],[]],"CORE :":true,"LAST PARTITION":{"1":4,"2":5,"3":4,"4":1,"5":1}},{"STARTING PARTITION: ":{"1":1,"2":3,"3":2,"4":2,"5":2},"Agents":[null,{"utility":92,"ID":1},{"utility":0,"ID":2},{"utility":83,"ID":3},{"utility":94,"ID":4},{"utility":64,"ID":5}],"LAST COALITION":[[],[{"utility":92,"ID":1},{"utility":83,"ID":3}],[{"utility":94,"ID":4},{"utility":64,"ID":5}],[],[{"utility":0,"ID":2}],[]],"STARTING COALITION: ":[[null],[{"utility":0,"ID":1}],[{"utility":42.5,"ID":3},{"utility":88,"ID":4},{"utility":70,"ID":5}],[{"utility":0,"ID":2}],[],[]],"CORE :":true,"LAST PARTITION":{"1":1,"2":4,"3":1,"4":2,"5":2}},{"STARTING PARTITION: ":{"1":3,"2":3,"3":3,"4":1,"5":3},"Agents":[null,{"utility":92,"ID":1},{"utility":0,"ID":2},{"utility":83,"ID":3},{"utility":94,"ID":4},{"utility":64,"ID":5}],"LAST COALITION":[[],[{"utility":94,"ID":4},{"utility":64,"ID":5}],[{"utility":92,"ID":1},{"utility":83,"ID":3}],[],[{"utility":0,"ID":2}],[]],"STARTING COALITION: ":[[null],[{"utility":0,"ID":4}],[],[{"utility":68,"ID":1},{"utility":61,"ID":2},{"utility":41.333333333333336,"ID":3},{"utility":40.333333333333336,"ID":5}],[],[]],"CORE :":true,"LAST PARTITION":{"1":2,"2":4,"3":2,"4":1,"5":1}},{"STARTING PARTITION: ":{"1":2,"2":1,"3":3,"4":3,"5":3},"Agents":[null,{"utility":92,"ID":1},{"utility":0,"ID":2},{"utility":83,"ID":3},{"utility":94,"ID":4},{"utility":64,"ID":5}],"LAST COALITION":[[],[{"utility":92,"ID":1},{"utility":83,"ID":3}],[],[{"utility":94,"ID":4},{"utility":64,"ID":5}],[{"utility":0,"ID":2}],[]],"STARTING COALITION: ":[[null],[{"utility":0,"ID":2}],[{"utility":0,"ID":1}],[{"utility":42.5,"ID":3},{"utility":88,"ID":4},{"utility":70,"ID":5}],[],[]],"CORE :":true,"LAST PARTITION":{"1":1,"2":4,"3":1,"4":3,"5":3}},{"STARTING PARTITION: ":{"1":1,"2":2,"3":3,"4":3,"5":3},"Agents":[null,{"utility":92,"ID":1},{"utility":0,"ID":2},{"utility":83,"ID":3},{"utility":94,"ID":4},{"utility":64,"ID":5}],"LAST COALITION":[[],[{"utility":92,"ID":1},{"utility":83,"ID":3}],[],[{"utility":94,"ID":4},{"utility":64,"ID":5}],[{"utility":0,"ID":2}],[]],"STARTING COALITION: ":[[null],[{"utility":0,"ID":1}],[{"utility":0,"ID":2}],[{"utility":42.5,"ID":3},{"utility":88,"ID":4},{"utility":70,"ID":5}],[],[]],"CORE :":true,"LAST PARTITION":{"1":1,"2":4,"3":1,"4":3,"5":3}},{"STARTING PARTITION: ":{"1":3,"2":1,"3":2,"4":1,"5":3},"Agents":[null,{"utility":92,"ID":1},{"utility":0,"ID":2},{"utility":83,"ID":3},{"utility":94,"ID":4},{"utility":64,"ID":5}],"LAST COALITION":[[],[{"utility":0,"ID":2}],[{"utility":94,"ID":4},{"utility":64,"ID":5}],[],[{"utility":92,"ID":1},{"utility":83,"ID":3}],[]],"STARTING COALITION: ":[[null],[{"utility":85,"ID":2},{"utility":59,"ID":4}],[{"utility":0,"ID":3}],[{"utility":62,"ID":1},{"utility":8,"ID":5}],[],[]],"CORE :":true,"LAST PARTITION":{"1":4,"2":1,"3":4,"4":2,"5":2}},{"STARTING PARTITION: ":{"1":3,"2":3,"3":3,"4":3,"5":3},"Agents":[null,{"utility":92,"ID":1},{"utility":0,"ID":2},{"utility":83,"ID":3},{"utility":94,"ID":4},{"utility":64,"ID":5}],"LAST COALITION":[[],[{"utility":92,"ID":1},{"utility":83,"ID":3}],[{"utility":94,"ID":4},{"utility":64,"ID":5}],[{"utility":0,"ID":2}],[],[]],"STARTING COALITION: ":[[null],[],[],[{"utility":58,"ID":1},{"utility":67,"ID":2},{"utility":43.25,"ID":3},{"utility":66.25,"ID":4},{"utility":46.25,"ID":5}],[],[]],"CORE :":true,"LAST PARTITION":{"1":1,"2":3,"3":1,"4":2,"5":2}},{"STARTING PARTITION: ":{"1":1,"2":1,"3":3,"4":1,"5":1},"Agents":[null,{"utility":92,"ID":1},{"utility":0,"ID":2},{"utility":83,"ID":3},{"utility":94,"ID":4},{"utility":64,"ID":5}],"LAST COALITION":[[],[{"utility":0,"ID":2}],[{"utility":92,"ID":1},{"utility":83,"ID":3}],[{"utility":94,"ID":4},{"utility":64,"ID":5}],[],[]],"STARTING COALITION: ":[[null],[{"utility":46.666666666666664,"ID":1},{"utility":77,"ID":2},{"utility":61,"ID":4},{"utility":36.333333333333336,"ID":5}],[],[{"utility":0,"ID":3}],[],[]],"CORE :":true,"LAST PARTITION":{"1":2,"2":1,"3":2,"4":3,"5":3}},{"STARTING PARTITION: ":{"1":1,"2":1,"3":1,"4":1,"5":1},"Agents":[null,{"utility":92,"ID":1},{"utility":0,"ID":2},{"utility":83,"ID":3},{"utility":94,"ID":4},{"utility":64,"ID":5}],"LAST COALITION":[[],[{"utility":0,"ID":2}],[{"utility":92,"ID":1},{"utility":83,"ID":3}],[{"utility":94,"ID":4},{"utility":64,"ID":5}],[],[]],"STARTING COALITION: ":[[null],[{"utility":58,"ID":1},{"utility":67,"ID":2},{"utility":43.25,"ID":3},{"utility":66.25,"ID":4},{"utility":46.25,"ID":5}],[],[],[],[]],"CORE :":true,"LAST PARTITION":{"1":2,"2":1,"3":2,"4":3,"5":3}},{"STARTING PARTITION: ":{"1":2,"2":1,"3":2,"4":1,"5":2},"Agents":[null,{"utility":92,"ID":1},{"utility":0,"ID":2},{"utility":83,"ID":3},{"utility":94,"ID":4},{"utility":64,"ID":5}],"LAST COALITION":[[],[{"utility":0,"ID":2}],[],[{"utility":92,"ID":1},{"utility":83,"ID":3}],[{"utility":94,"ID":4},{"utility":64,"ID":5}],[]],"STARTING COALITION: ":[[null],[{"utility":85,"ID":2},{"utility":59,"ID":4}],[{"utility":77,"ID":1},{"utility":59.5,"ID":3},{"utility":42,"ID":5}],[],[],[]],"CORE :":true,"LAST PARTITION":{"1":3,"2":1,"3":3,"4":4,"5":4}},{"STARTING PARTITION: ":{"1":1,"2":2,"3":3,"4":3,"5":1},"Agents":[null,{"utility":92,"ID":1},{"utility":0,"ID":2},{"utility":83,"ID":3},{"utility":94,"ID":4},{"utility":64,"ID":5}],"LAST COALITION":[[],[],[{"utility":94,"ID":4},{"utility":64,"ID":5}],[],[{"utility":92,"ID":1},{"utility":83,"ID":3}],[{"utility":0,"ID":2}]],"STARTING COALITION: ":[[null],[{"utility":62,"ID":1},{"utility":8,"ID":5}],[{"utility":0,"ID":2}],[{"utility":49,"ID":3},{"utility":82,"ID":4}],[],[]],"CORE :":true,"LAST PARTITION":{"1":4,"2":5,"3":4,"4":2,"5":2}},{"STARTING PARTITION: ":{"1":2,"2":2,"3":3,"4":1,"5":2},"Agents":[null,{"utility":92,"ID":1},{"utility":0,"ID":2},{"utility":83,"ID":3},{"utility":94,"ID":4},{"utility":64,"ID":5}],"LAST COALITION":[[],[{"utility":94,"ID":4},{"utility":64,"ID":5}],[],[{"utility":0,"ID":2}],[{"utility":92,"ID":1},{"utility":83,"ID":3}],[]],"STARTING COALITION: ":[[null],[{"utility":0,"ID":4}],[{"utility":56,"ID":1},{"utility":73,"ID":2},{"utility":22.5,"ID":5}],[{"utility":0,"ID":3}],[],[]],"CORE :":true,"LAST PARTITION":{"1":4,"2":3,"3":4,"4":1,"5":1}},{"STARTING PARTITION: ":{"1":2,"2":3,"3":1,"4":3,"5":2},"Agents":[null,{"utility":92,"ID":1},{"utility":0,"ID":2},{"utility":83,"ID":3},{"utility":94,"ID":4},{"utility":64,"ID":5}],"LAST COALITION":[[],[{"utility":94,"ID":4},{"utility":64,"ID":5}],[],[{"utility":0,"ID":2}],[{"utility":92,"ID":1},{"utility":83,"ID":3}],[]],"STARTING COALITION: ":[[null],[{"utility":0,"ID":3}],[{"utility":62,"ID":1},{"utility":8,"ID":5}],[{"utility":85,"ID":2},{"utility":59,"ID":4}],[],[]],"CORE :":true,"LAST PARTITION":{"1":4,"2":3,"3":4,"4":1,"5":1}},{"STARTING PARTITION: ":{"1":2,"2":3,"3":3,"4":1,"5":3},"Agents":[null,{"utility":92,"ID":1},{"utility":0,"ID":2},{"utility":83,"ID":3},{"utility":94,"ID":4},{"utility":64,"ID":5}],"LAST COALITION":[[],[{"utility":94,"ID":4},{"utility":64,"ID":5}],[{"utility":92,"ID":1},{"utility":83,"ID":3}],[],[],[{"utility":0,"ID":2}]],"STARTING COALITION: ":[[null],[{"utility":0,"ID":4}],[{"utility":0,"ID":1}],[{"utility":55.5,"ID":2},{"utility":20.5,"ID":3},{"utility":56.5,"ID":5}],[],[]],"CORE :":true,"LAST PARTITION":{"1":2,"2":5,"3":2,"4":1,"5":1}},{"STARTING PARTITION: ":{"1":3,"2":3,"3":2,"4":1,"5":3},"Agents":[null,{"utility":92,"ID":1},{"utility":0,"ID":2},{"utility":83,"ID":3},{"utility":94,"ID":4},{"utility":64,"ID":5}],"LAST COALITION":[[],[{"utility":94,"ID":4},{"utility":64,"ID":5}],[{"utility":0,"ID":2}],[],[{"utility":92,"ID":1},{"utility":83,"ID":3}],[]],"STARTING COALITION: ":[[null],[{"utility":0,"ID":4}],[{"utility":0,"ID":3}],[{"utility":56,"ID":1},{"utility":73,"ID":2},{"utility":22.5,"ID":5}],[],[]],"CORE :":true,"LAST PARTITION":{"1":4,"2":2,"3":4,"4":1,"5":1}},{"STARTING PARTITION: ":{"1":2,"2":2,"3":1,"4":1,"5":1},"Agents":[null,{"utility":92,"ID":1},{"utility":0,"ID":2},{"utility":83,"ID":3},{"utility":94,"ID":4},{"utility":64,"ID":5}],"LAST COALITION":[[],[{"utility":94,"ID":4},{"utility":64,"ID":5}],[{"utility":0,"ID":2}],[{"utility":92,"ID":1},{"utility":83,"ID":3}],[],[]],"STARTING COALITION: ":[[null],[{"utility":42.5,"ID":3},{"utility":88,"ID":4},{"utility":70,"ID":5}],[{"utility":50,"ID":1},{"utility":72,"ID":2}],[],[],[]],"CORE :":true,"LAST PARTITION":{"1":3,"2":2,"3":3,"4":1,"5":1}},{"STARTING PARTITION: ":{"1":2,"2":2,"3":1,"4":1,"5":2},"Agents":[null,{"utility":92,"ID":1},{"utility":0,"ID":2},{"utility":83,"ID":3},{"utility":94,"ID":4},{"utility":64,"ID":5}],"LAST COALITION":[[],[{"utility":94,"ID":4},{"utility":64,"ID":5}],[],[{"utility":92,"ID":1},{"utility":83,"ID":3}],[{"utility":0,"ID":2}],[]],"STARTING COALITION: ":[[null],[{"utility":49,"ID":3},{"utility":82,"ID":4}],[{"utility":56,"ID":1},{"utility":73,"ID":2},{"utility":22.5,"ID":5}],[],[],[]],"CORE :":true,"LAST PARTITION":{"1":3,"2":4,"3":3,"4":1,"5":1}},{"END OF FILE:" : true}]