[{"STARTING PARTITION: ":{"1":2,"2":3,"3":3,"4":2,"5":2},"Agents":[null,{"utility":49,"ID":1},{"utility":71,"ID":2},{"utility":0,"ID":3},{"utility":78,"ID":4},{"utility":67,"ID":5}],"LAST COALITION":[[],[{"utility":71,"ID":2},{"utility":78,"ID":4}],[{"utility":49,"ID":1},{"utility":67,"ID":5}],[{"utility":0,"ID":3}],[],[]],"STARTING COALITION: ":[[null],[],[{"utility":49,"ID":1},{"utility":60.5,"ID":4},{"utility":34,"ID":5}],[{"utility":55,"ID":2},{"utility":35,"ID":3}],[],[]],"CORE :":true,"LAST PARTITION":{"1":2,"2":1,"3":3,"4":1,"5":2}},{"STARTING PARTITION: ":{"1":3,"2":1,"3":1,"4":2,"5":1},"Agents":[null,{"utility":0,"ID":1},{"utility":71,"ID":2},{"utility":66,"ID":3},{"utility":78,"ID":4},{"utility":43,"ID":5}],"LAST COALITION":[[],[{"utility":66,"ID":3},{"utility":43,"ID":5}],[{"utility":71,"ID":2},{"utility":78,"ID":4}],[{"utility":0,"ID":1}],[],[]],"STARTING COALITION: ":[[null],[{"utility":57,"ID":2},{"utility":50.5,"ID":3},{"utility":69.5,"ID":5}],[{"utility":0,"ID":4}],[{"utility":0,"ID":1}],[],[]],"CORE :":false,"LAST PARTITION":{"1":3,"2":2,"3":1,"4":2,"5":1}},{"STARTING PARTITION: ":{"1":1,"2":1,"3":2,"4":2,"5":1},"Agents":[null,{"utility":49,"ID":1},{"utility":55,"ID":2},{"utility":35,"ID":3},{"utility":69,"ID":4},{"utility":0,"ID":5}],"LAST COALITION":[[],[{"utility":0,"ID":5}],[{"utility":49,"ID":1},{"utility":69,"ID":4}],[],[{"utility":55,"ID":2},{"utility":35,"ID":3}],[]],"STARTING COALITION: ":[[null],[{"utility":41,"ID":1},{"utility":67.5,"ID":2},{"utility":81.5,"ID":5}],[{"utility":81,"ID":3},{"utility":19,"ID":4}],[],[],[]],"CORE :":false,"LAST PARTITION":{"1":2,"2":4,"3":4,"4":2,"5":1}},{"STARTING PARTITION: ":{"1":2,"2":1,"3":3,"4":3,"5":3},"Agents":[null,{"utility":0,"ID":1},{"utility":71,"ID":2},{"utility":66,"ID":3},{"utility":78,"ID":4},{"utility":43,"ID":5}],"LAST COALITION":[[],[{"utility":0,"ID":1}],[{"utility":71,"ID":2},{"utility":78,"ID":4}],[{"utility":66,"ID":3},{"utility":43,"ID":5}],[],[]],"STARTING COALITION: ":[[null],[{"utility":0,"ID":2}],[{"utility":0,"ID":1}],[{"utility":73.5,"ID":3},{"utility":35.5,"ID":4},{"utility":22,"ID":5}],[],[]],"CORE :":false,"LAST PARTITION":{"1":1,"2":2,"3":3,"4":2,"5":3}},{"STARTING PARTITION: ":{"1":3,"2":3,"3":1,"4":2,"5":2},"Agents":[null,{"utility":49,"ID":1},{"utility":55,"ID":2},{"utility":35,"ID":3},{"utility":69,"ID":4},{"utility":0,"ID":5}],"LAST COALITION":[[],[],[{"utility":0,"ID":5}],[{"utility":55,"ID":2},{"utility":35,"ID":3}],[{"utility":49,"ID":1},{"utility":69,"ID":4}],[]],"STARTING COALITION: ":[[null],[{"utility":0,"ID":3}],[{"utility":52,"ID":4},{"utility":1,"ID":5}],[{"utility":33,"ID":1},{"utility":76,"ID":2}],[],[]],"CORE :":false,"LAST PARTITION":{"1":4,"2":3,"3":3,"4":4,"5":2}},{"STARTING PARTITION: ":{"1":2,"2":1,"3":1,"4":1,"5":1},"Agents":[null,{"utility":0,"ID":1},{"utility":71,"ID":2},{"utility":66,"ID":3},{"utility":78,"ID":4},{"utility":43,"ID":5}],"LAST COALITION":[[],[{"utility":66,"ID":3},{"utility":43,"ID":5}],[{"utility":0,"ID":1}],[],[{"utility":71,"ID":2},{"utility":78,"ID":4}],[]],"STARTING COALITION: ":[[null],[{"utility":61.666666666666664,"ID":2},{"utility":60.666666666666664,"ID":3},{"utility":49.666666666666664,"ID":4},{"utility":46.666666666666664,"ID":5}],[{"utility":0,"ID":1}],[],[],[]],"CORE :":false,"LAST PARTITION":{"1":2,"2":4,"3":1,"4":4,"5":1}},{"STARTING PARTITION: ":{"1":3,"2":3,"3":1,"4":3,"5":1},"Agents":[null,{"utility":49,"ID":1},{"utility":71,"ID":2},{"utility":0,"ID":3},{"utility":78,"ID":4},{"utility":67,"ID":5}],"LAST COALITION":[[],[{"utility":0,"ID":3}],[{"utility":49,"ID":1},{"utility":67,"ID":5}],[{"utility":71,"ID":2},{"utility":78,"ID":4}],[],[]],"STARTING COALITION: ":[[null],[{"utility":66,"ID":3},{"utility":43,"ID":5}],[],[{"utility":41,"ID":1},{"utility":73.5,"ID":2},{"utility":73.5,"ID":4}],[],[]],"CORE :":true,"LAST PARTITION":{"1":2,"2":3,"3":1,"4":3,"5":2}},{"STARTING PARTITION: ":{"1":3,"2":3,"3":1,"4":2,"5":1},"Agents":[null,{"utility":33,"ID":1},{"utility":76,"ID":2},{"utility":66,"ID":3},{"utility":0,"ID":4},{"utility":43,"ID":5}],"LAST COALITION":[[],[{"utility":66,"ID":3},{"utility":43,"ID":5}],[{"utility":0,"ID":4}],[{"utility":33,"ID":1},{"utility":76,"ID":2}],[],[]],"STARTING COALITION: ":[[null],[{"utility":66,"ID":3},{"utility":43,"ID":5}],[{"utility":0,"ID":4}],[{"utility":33,"ID":1},{"utility":76,"ID":2}],[],[]],"CORE :":false,"LAST PARTITION":{"1":3,"2":3,"3":1,"4":2,"5":1}},{"STARTING PARTITION: ":{"1":1,"2":2,"3":1,"4":2,"5":1},"Agents":[null,{"utility":49,"ID":1},{"utility":71,"ID":2},{"utility":0,"ID":3},{"utility":78,"ID":4},{"utility":67,"ID":5}],"LAST COALITION":[[],[{"utility":0,"ID":3}],[{"utility":71,"ID":2},{"utility":78,"ID":4}],[{"utility":49,"ID":1},{"utility":67,"ID":5}],[],[]],"STARTING COALITION: ":[[null],[{"utility":41.5,"ID":1},{"utility":50.5,"ID":3},{"utility":55,"ID":5}],[{"utility":71,"ID":2},{"utility":78,"ID":4}],[],[],[]],"CORE :":true,"LAST PARTITION":{"1":3,"2":2,"3":1,"4":2,"5":3}},{"STARTING PARTITION: ":{"1":1,"2":3,"3":3,"4":3,"5":2},"Agents":[null,{"utility":34,"ID":1},{"utility":0,"ID":2},{"utility":35,"ID":3},{"utility":0,"ID":4},{"utility":0,"ID":5}],"LAST COALITION":[[],[],[{"utility":0,"ID":5}],[{"utility":34,"ID":1},{"utility":35,"ID":3}],[{"utility":0,"ID":4}],[{"utility":0,"ID":2}]],"STARTING COALITION: ":[[null],[{"utility":0,"ID":1}],[{"utility":0,"ID":5}],[{"utility":63,"ID":2},{"utility":58,"ID":3},{"utility":48.5,"ID":4}],[],[]],"CORE :":false,"LAST PARTITION":{"1":3,"2":5,"3":3,"4":4,"5":2}},{"STARTING PARTITION: ":{"1":1,"2":1,"3":2,"4":1,"5":1},"Agents":[null,{"utility":49,"ID":1},{"utility":0,"ID":2},{"utility":0,"ID":3},{"utility":69,"ID":4},{"utility":0,"ID":5}],"LAST COALITION":[[],[{"utility":0,"ID":5}],[],[{"utility":49,"ID":1},{"utility":69,"ID":4}],[{"utility":0,"ID":3}],[{"utility":0,"ID":2}]],"STARTING COALITION: ":[[null],[{"utility":43.666666666666664,"ID":1},{"utility":68.66666666666667,"ID":2},{"utility":66.33333333333333,"ID":4},{"utility":54.666666666666664,"ID":5}],[{"utility":0,"ID":3}],[],[],[]],"CORE :":false,"LAST PARTITION":{"1":3,"2":5,"3":4,"4":3,"5":1}},{"STARTING PARTITION: ":{"1":1,"2":2,"3":2,"4":1,"5":3},"Agents":[null,{"utility":49,"ID":1},{"utility":55,"ID":2},{"utility":35,"ID":3},{"utility":69,"ID":4},{"utility":0,"ID":5}],"LAST COALITION":[[],[],[{"utility":49,"ID":1},{"utility":69,"ID":4}],[{"utility":0,"ID":5}],[{"utility":55,"ID":2},{"utility":35,"ID":3}],[]],"STARTING COALITION: ":[[null],[{"utility":49,"ID":1},{"utility":69,"ID":4}],[{"utility":55,"ID":2},{"utility":35,"ID":3}],[{"utility":0,"ID":5}],[],[]],"CORE :":false,"LAST PARTITION":{"1":2,"2":4,"3":4,"4":2,"5":3}},{"STARTING PARTITION: ":{"1":3,"2":1,"3":1,"4":2,"5":2},"Agents":[null,{"utility":0,"ID":1},{"utility":71,"ID":2},{"utility":0,"ID":3},{"utility":78,"ID":4},{"utility":0,"ID":5}],"LAST COALITION":[[],[{"utility":0,"ID":1}],[{"utility":0,"ID":5}],[{"utility":71,"ID":2},{"utility":78,"ID":4}],[{"utility":0,"ID":3}],[]],"STARTING COALITION: ":[[null],[{"utility":55,"ID":2},{"utility":35,"ID":3}],[{"utility":52,"ID":4},{"utility":1,"ID":5}],[{"utility":0,"ID":1}],[],[]],"CORE :":false,"LAST PARTITION":{"1":1,"2":3,"3":4,"4":3,"5":2}},{"STARTING PARTITION: ":{"1":1,"2":3,"3":3,"4":1,"5":2},"Agents":[null,{"utility":0,"ID":1},{"utility":71,"ID":2},{"utility":0,"ID":3},{"utility":78,"ID":4},{"utility":0,"ID":5}],"LAST COALITION":[[],[{"utility":0,"ID":1}],[{"utility":0,"ID":5}],[{"utility":0,"ID":3}],[{"utility":71,"ID":2},{"utility":78,"ID":4}],[]],"STARTING COALITION: ":[[null],[{"utility":49,"ID":1},{"utility":69,"ID":4}],[{"utility":0,"ID":5}],[{"utility":55,"ID":2},{"utility":35,"ID":3}],[],[]],"CORE :":false,"LAST PARTITION":{"1":1,"2":4,"3":3,"4":4,"5":2}},{"STARTING PARTITION: ":{"1":2,"2":2,"3":3,"4":2,"5":3},"Agents":[null,{"utility":49,"ID":1},{"utility":71,"ID":2},{"utility":0,"ID":3},{"utility":78,"ID":4},{"utility":67,"ID":5}],"LAST COALITION":[[],[{"utility":49,"ID":1},{"utility":67,"ID":5}],[{"utility":71,"ID":2},{"utility":78,"ID":4}],[{"utility":0,"ID":3}],[],[]],"STARTING COALITION: ":[[null],[],[{"utility":41,"ID":1},{"utility":73.5,"ID":2},{"utility":73.5,"ID":4}],[{"utility":66,"ID":3},{"utility":43,"ID":5}],[],[]],"CORE :":true,"LAST PARTITION":{"1":1,"2":2,"3":3,"4":2,"5":1}},{"STARTING PARTITION: ":{"1":2,"2":3,"3":3,"4":3,"5":2},"Agents":[null,{"utility":49,"ID":1},{"utility":71,"ID":2},{"utility":0,"ID":3},{"utility":78,"ID":4},{"utility":67,"ID":5}],"LAST COALITION":[[],[{"utility":71,"ID":2},{"utility":78,"ID":4}],[{"utility":49,"ID":1},{"utility":67,"ID":5}],[{"utility":0,"ID":3}],[],[]],"STARTING COALITION: ":[[null],[],[{"utility":49,"ID":1},{"utility":67,"ID":5}],[{"utility":63,"ID":2},{"utility":58,"ID":3},{"utility":48.5,"ID":4}],[],[]],"CORE :":true,"LAST PARTITION":{"1":2,"2":1,"3":3,"4":1,"5":2}},{"STARTING PARTITION: ":{"1":3,"2":2,"3":2,"4":2,"5":3},"Agents":[null,{"utility":49,"ID":1},{"utility":71,"ID":2},{"utility":0,"ID":3},{"utility":78,"ID":4},{"utility":67,"ID":5}],"LAST COALITION":[[],[{"utility":71,"ID":2},{"utility":78,"ID":4}],[{"utility":0,"ID":3}],[{"utility":49,"ID":1},{"utility":67,"ID":5}],[],[]],"STARTING COALITION: ":[[null],[],[{"utility":63,"ID":2},{"utility":58,"ID":3},{"utility":48.5,"ID":4}],[{"utility":49,"ID":1},{"utility":67,"ID":5}],[],[]],"CORE :":true,"LAST PARTITION":{"1":3,"2":1,"3":2,"4":1,"5":3}},{"STARTING PARTITION: ":{"1":1,"2":3,"3":1,"4":2,"5":2},"Agents":[null,{"utility":0,"ID":1},{"utility":71,"ID":2},{"utility":0,"ID":3},{"utility":78,"ID":4},{"utility":0,"ID":5}],"LAST COALITION":[[],[{"utility":0,"ID":1}],[{"utility":0,"ID":5}],[{"utility":0,"ID":3}],[{"utility":71,"ID":2},{"utility":78,"ID":4}],[]],"STARTING COALITION: ":[[null],[{"utility":34,"ID":1},{"utility":35,"ID":3}],[{"utility":52,"ID":4},{"utility":1,"ID":5}],[{"utility":0,"ID":2}],[],[]],"CORE :":false,"LAST PARTITION":{"1":1,"2":4,"3":3,"4":4,"5":2}},{"STARTING PARTITION: ":{"1":3,"2":1,"3":1,"4":3,"5":3},"Agents":[null,{"utility":49,"ID":1},{"utility":71,"ID":2},{"utility":0,"ID":3},{"utility":78,"ID":4},{"utility":67,"ID":5}],"LAST COALITION":[[],[{"utility":0,"ID":3}],[{"utility":71,"ID":2},{"utility":78,"ID":4}],[{"utility":49,"ID":1},{"utility":67,"ID":5}],[],[]],"STARTING COALITION: ":[[null],[{"utility":55,"ID":2},{"utility":35,"ID":3}],[],[{"utility":49,"ID":1},{"utility":60.5,"ID":4},{"utility":34,"ID":5}],[],[]],"CORE :":true,"LAST PARTITION":{"1":3,"2":2,"3":1,"4":2,"5":3}},{"STARTING PARTITION: ":{"1":2,"2":1,"3":2,"4":2,"5":1},"Agents":[null,{"utility":33,"ID":1},{"utility":76,"ID":2},{"utility":0,"ID":3},{"utility":0,"ID":4},{"utility":0,"ID":5}],"LAST COALITION":[[],[{"utility":0,"ID":5}],[],[{"utility":0,"ID":4}],[{"utility":0,"ID":3}],[{"utility":33,"ID":1},{"utility":76,"ID":2}]],"STARTING COALITION: ":[[null],[{"utility":59,"ID":2},{"utility":96,"ID":5}],[{"utility":41.5,"ID":1},{"utility":58,"ID":3},{"utility":44,"ID":4}],[],[],[]],"CORE :":false,"LAST PARTITION":{"1":5,"2":5,"3":4,"4":3,"5":1}},{"END OF FILE:" : true}]