[{"STARTING PARTITION: ":{"1":3,"2":2,"3":2,"4":3,"5":2},"Agents":[null,{"utility":96,"ID":1},{"utility":0,"ID":2},{"utility":56,"ID":3},{"utility":45,"ID":4},{"utility":55,"ID":5}],"LAST COALITION":[[],[],[{"utility":0,"ID":2}],[{"utility":56,"ID":3},{"utility":45,"ID":4}],[{"utility":96,"ID":1},{"utility":55,"ID":5}],[]],"STARTING COALITION: ":[[null],[],[{"utility":51,"ID":2},{"utility":58.5,"ID":3},{"utility":42.5,"ID":5}],[{"utility":54,"ID":1},{"utility":6,"ID":4}],[],[]],"CORE :":false,"LAST PARTITION":{"1":4,"2":2,"3":3,"4":3,"5":4}},{"STARTING PARTITION: ":{"1":2,"2":3,"3":3,"4":2,"5":3},"Agents":[null,{"utility":97,"ID":1},{"utility":56,"ID":2},{"utility":58,"ID":3},{"utility":0,"ID":4},{"utility":8,"ID":5}],"LAST COALITION":[[],[],[{"utility":58,"ID":3},{"utility":8,"ID":5}],[{"utility":0,"ID":4}],[{"utility":97,"ID":1},{"utility":56,"ID":2}],[]],"STARTING COALITION: ":[[null],[],[{"utility":54,"ID":1},{"utility":6,"ID":4}],[{"utility":51,"ID":2},{"utility":58.5,"ID":3},{"utility":42.5,"ID":5}],[],[]],"CORE :":false,"LAST PARTITION":{"1":4,"2":4,"3":2,"4":3,"5":2}},{"STARTING PARTITION: ":{"1":2,"2":3,"3":2,"4":3,"5":1},"Agents":[null,{"utility":96,"ID":1},{"utility":0,"ID":2},{"utility":56,"ID":3},{"utility":45,"ID":4},{"utility":55,"ID":5}],"LAST COALITION":[[],[{"utility":96,"ID":1},{"utility":55,"ID":5}],[{"utility":56,"ID":3},{"utility":45,"ID":4}],[],[{"utility":0,"ID":2}],[]],"STARTING COALITION: ":[[null],[{"utility":0,"ID":5}],[{"utility":91,"ID":1},{"utility":35,"ID":3}],[{"utility":93,"ID":2},{"utility":17,"ID":4}],[],[]],"CORE :":false,"LAST PARTITION":{"1":1,"2":4,"3":2,"4":2,"5":1}},{"STARTING PARTITION: ":{"1":2,"2":3,"3":2,"4":1,"5":1},"Agents":[null,{"utility":97,"ID":1},{"utility":56,"ID":2},{"utility":0,"ID":3},{"utility":74,"ID":4},{"utility":89,"ID":5}],"LAST COALITION":[[],[{"utility":74,"ID":4},{"utility":89,"ID":5}],[{"utility":0,"ID":3}],[],[{"utility":97,"ID":1},{"utility":56,"ID":2}],[]],"STARTING COALITION: ":[[null],[{"utility":74,"ID":4},{"utility":89,"ID":5}],[{"utility":91,"ID":1},{"utility":35,"ID":3}],[{"utility":0,"ID":2}],[],[]],"CORE :":true,"LAST PARTITION":{"1":4,"2":4,"3":2,"4":1,"5":1}},{"STARTING PARTITION: ":{"1":2,"2":1,"3":3,"4":3,"5":2},"Agents":[null,{"utility":96,"ID":1},{"utility":0,"ID":2},{"utility":56,"ID":3},{"utility":45,"ID":4},{"utility":55,"ID":5}],"LAST COALITION":[[],[{"utility":0,"ID":2}],[{"utility":96,"ID":1},{"utility":55,"ID":5}],[{"utility":56,"ID":3},{"utility":45,"ID":4}],[],[]],"STARTING COALITION: ":[[null],[{"utility":0,"ID":2}],[{"utility":96,"ID":1},{"utility":55,"ID":5}],[{"utility":56,"ID":3},{"utility":45,"ID":4}],[],[]],"CORE :":false,"LAST PARTITION":{"1":2,"2":1,"3":3,"4":3,"5":2}},{"STARTING PARTITION: ":{"1":2,"2":3,"3":3,"4":1,"5":3},"Agents":[null,{"utility":0,"ID":1},{"utility":93,"ID":2},{"utility":58,"ID":3},{"utility":17,"ID":4},{"utility":8,"ID":5}],"LAST COALITION":[[],[{"utility":58,"ID":3},{"utility":8,"ID":5}],[{"utility":0,"ID":1}],[],[{"utility":93,"ID":2},{"utility":17,"ID":4}],[]],"STARTING COALITION: ":[[null],[{"utility":0,"ID":4}],[{"utility":0,"ID":1}],[{"utility":51,"ID":2},{"utility":58.5,"ID":3},{"utility":42.5,"ID":5}],[],[]],"CORE :":false,"LAST PARTITION":{"1":2,"2":4,"3":1,"4":4,"5":1}},{"STARTING PARTITION: ":{"1":1,"2":2,"3":2,"4":3,"5":2},"Agents":[null,{"utility":96,"ID":1},{"utility":93,"ID":2},{"utility":0,"ID":3},{"utility":17,"ID":4},{"utility":55,"ID":5}],"LAST COALITION":[[],[{"utility":93,"ID":2},{"utility":17,"ID":4}],[{"utility":0,"ID":3}],[{"utility":96,"ID":1},{"utility":55,"ID":5}],[],[]],"STARTING COALITION: ":[[null],[{"utility":0,"ID":1}],[{"utility":51,"ID":2},{"utility":58.5,"ID":3},{"utility":42.5,"ID":5}],[{"utility":0,"ID":4}],[],[]],"CORE :":false,"LAST PARTITION":{"1":3,"2":1,"3":2,"4":1,"5":3}},{"STARTING PARTITION: ":{"1":3,"2":2,"3":2,"4":2,"5":3},"Agents":[null,{"utility":97,"ID":1},{"utility":56,"ID":2},{"utility":0,"ID":3},{"utility":74,"ID":4},{"utility":89,"ID":5}],"LAST COALITION":[[],[{"utility":74,"ID":4},{"utility":89,"ID":5}],[{"utility":0,"ID":3}],[],[{"utility":97,"ID":1},{"utility":56,"ID":2}],[]],"STARTING COALITION: ":[[null],[],[{"utility":72.5,"ID":2},{"utility":57.5,"ID":3},{"utility":31,"ID":4}],[{"utility":96,"ID":1},{"utility":55,"ID":5}],[],[]],"CORE :":true,"LAST PARTITION":{"1":4,"2":4,"3":2,"4":1,"5":1}},{"STARTING PARTITION: ":{"1":3,"2":3,"3":1,"4":3,"5":3},"Agents":[null,{"utility":97,"ID":1},{"utility":56,"ID":2},{"utility":0,"ID":3},{"utility":74,"ID":4},{"utility":89,"ID":5}],"LAST COALITION":[[],[{"utility":74,"ID":4},{"utility":89,"ID":5}],[{"utility":0,"ID":3}],[],[{"utility":97,"ID":1},{"utility":56,"ID":2}],[]],"STARTING COALITION: ":[[null],[{"utility":0,"ID":3}],[],[{"utility":82.33333333333333,"ID":1},{"utility":66.33333333333333,"ID":2},{"utility":32.333333333333336,"ID":4},{"utility":73.66666666666667,"ID":5}],[],[]],"CORE :":true,"LAST PARTITION":{"1":4,"2":4,"3":2,"4":1,"5":1}},{"STARTING PARTITION: ":{"1":1,"2":1,"3":2,"4":3,"5":3},"Agents":[null,{"utility":97,"ID":1},{"utility":56,"ID":2},{"utility":0,"ID":3},{"utility":74,"ID":4},{"utility":89,"ID":5}],"LAST COALITION":[[],[{"utility":97,"ID":1},{"utility":56,"ID":2}],[{"utility":0,"ID":3}],[{"utility":74,"ID":4},{"utility":89,"ID":5}],[],[]],"STARTING COALITION: ":[[null],[{"utility":97,"ID":1},{"utility":56,"ID":2}],[{"utility":0,"ID":3}],[{"utility":74,"ID":4},{"utility":89,"ID":5}],[],[]],"CORE :":true,"LAST PARTITION":{"1":1,"2":1,"3":2,"4":3,"5":3}},{"STARTING PARTITION: ":{"1":3,"2":1,"3":1,"4":2,"5":3},"Agents":[null,{"utility":97,"ID":1},{"utility":56,"ID":2},{"utility":56,"ID":3},{"utility":45,"ID":4},{"utility":0,"ID":5}],"LAST COALITION":[[],[{"utility":0,"ID":5}],[{"utility":97,"ID":1},{"utility":56,"ID":2}],[{"utility":56,"ID":3},{"utility":45,"ID":4}],[],[]],"STARTING COALITION: ":[[null],[{"utility":52,"ID":2},{"utility":59,"ID":3}],[{"utility":0,"ID":4}],[{"utility":96,"ID":1},{"utility":55,"ID":5}],[],[]],"CORE :":false,"LAST PARTITION":{"1":2,"2":2,"3":3,"4":3,"5":1}},{"STARTING PARTITION: ":{"1":3,"2":1,"3":3,"4":3,"5":3},"Agents":[null,{"utility":97,"ID":1},{"utility":56,"ID":2},{"utility":0,"ID":3},{"utility":74,"ID":4},{"utility":89,"ID":5}],"LAST COALITION":[[],[{"utility":74,"ID":4},{"utility":89,"ID":5}],[{"utility":97,"ID":1},{"utility":56,"ID":2}],[{"utility":0,"ID":3}],[],[]],"STARTING COALITION: ":[[null],[{"utility":0,"ID":2}],[],[{"utility":80.33333333333333,"ID":1},{"utility":49.666666666666664,"ID":3},{"utility":41.666666666666664,"ID":4},{"utility":50.666666666666664,"ID":5}],[],[]],"CORE :":true,"LAST PARTITION":{"1":2,"2":2,"3":3,"4":1,"5":1}},{"STARTING PARTITION: ":{"1":2,"2":2,"3":3,"4":1,"5":3},"Agents":[null,{"utility":0,"ID":1},{"utility":93,"ID":2},{"utility":58,"ID":3},{"utility":17,"ID":4},{"utility":8,"ID":5}],"LAST COALITION":[[],[{"utility":58,"ID":3},{"utility":8,"ID":5}],[{"utility":93,"ID":2},{"utility":17,"ID":4}],[],[{"utility":0,"ID":1}],[]],"STARTING COALITION: ":[[null],[{"utility":0,"ID":4}],[{"utility":97,"ID":1},{"utility":56,"ID":2}],[{"utility":58,"ID":3},{"utility":8,"ID":5}],[],[]],"CORE :":false,"LAST PARTITION":{"1":4,"2":2,"3":1,"4":2,"5":1}},{"STARTING PARTITION: ":{"1":1,"2":2,"3":3,"4":1,"5":3},"Agents":[null,{"utility":96,"ID":1},{"utility":0,"ID":2},{"utility":56,"ID":3},{"utility":45,"ID":4},{"utility":55,"ID":5}],"LAST COALITION":[[],[],[{"utility":56,"ID":3},{"utility":45,"ID":4}],[{"utility":96,"ID":1},{"utility":55,"ID":5}],[{"utility":0,"ID":2}],[]],"STARTING COALITION: ":[[null],[{"utility":54,"ID":1},{"utility":6,"ID":4}],[{"utility":0,"ID":2}],[{"utility":58,"ID":3},{"utility":8,"ID":5}],[],[]],"CORE :":false,"LAST PARTITION":{"1":3,"2":4,"3":2,"4":2,"5":3}},{"STARTING PARTITION: ":{"1":3,"2":3,"3":1,"4":3,"5":3},"Agents":[null,{"utility":97,"ID":1},{"utility":56,"ID":2},{"utility":0,"ID":3},{"utility":74,"ID":4},{"utility":89,"ID":5}],"LAST COALITION":[[],[{"utility":74,"ID":4},{"utility":89,"ID":5}],[{"utility":0,"ID":3}],[],[{"utility":97,"ID":1},{"utility":56,"ID":2}],[]],"STARTING COALITION: ":[[null],[{"utility":0,"ID":3}],[],[{"utility":82.33333333333333,"ID":1},{"utility":66.33333333333333,"ID":2},{"utility":32.333333333333336,"ID":4},{"utility":73.66666666666667,"ID":5}],[],[]],"CORE :":true,"LAST PARTITION":{"1":4,"2":4,"3":2,"4":1,"5":1}},{"STARTING PARTITION: ":{"1":3,"2":3,"3":1,"4":2,"5":1},"Agents":[null,{"utility":0,"ID":1},{"utility":93,"ID":2},{"utility":58,"ID":3},{"utility":17,"ID":4},{"utility":8,"ID":5}],"LAST COALITION":[[],[{"utility":93,"ID":2},{"utility":17,"ID":4}],[{"utility":0,"ID":1}],[{"utility":58,"ID":3},{"utility":8,"ID":5}],[],[]],"STARTING COALITION: ":[[null],[{"utility":58,"ID":3},{"utility":8,"ID":5}],[{"utility":0,"ID":4}],[{"utility":97,"ID":1},{"utility":56,"ID":2}],[],[]],"CORE :":false,"LAST PARTITION":{"1":2,"2":1,"3":3,"4":1,"5":3}},{"STARTING PARTITION: ":{"1":3,"2":2,"3":3,"4":3,"5":1},"Agents":[null,{"utility":97,"ID":1},{"utility":56,"ID":2},{"utility":58,"ID":3},{"utility":0,"ID":4},{"utility":8,"ID":5}],"LAST COALITION":[[],[{"utility":0,"ID":4}],[],[{"utility":97,"ID":1},{"utility":56,"ID":2}],[{"utility":58,"ID":3},{"utility":8,"ID":5}],[]],"STARTING COALITION: ":[[null],[{"utility":0,"ID":5}],[{"utility":0,"ID":2}],[{"utility":72.5,"ID":1},{"utility":45.5,"ID":3},{"utility":25.5,"ID":4}],[],[]],"CORE :":false,"LAST PARTITION":{"1":3,"2":3,"3":4,"4":1,"5":4}},{"STARTING PARTITION: ":{"1":2,"2":1,"3":3,"4":3,"5":3},"Agents":[null,{"utility":97,"ID":1},{"utility":56,"ID":2},{"utility":0,"ID":3},{"utility":74,"ID":4},{"utility":89,"ID":5}],"LAST COALITION":[[],[{"utility":74,"ID":4},{"utility":89,"ID":5}],[],[{"utility":0,"ID":3}],[{"utility":97,"ID":1},{"utility":56,"ID":2}],[]],"STARTING COALITION: ":[[null],[{"utility":0,"ID":2}],[{"utility":0,"ID":1}],[{"utility":57,"ID":3},{"utility":59.5,"ID":4},{"utility":48.5,"ID":5}],[],[]],"CORE :":true,"LAST PARTITION":{"1":4,"2":4,"3":3,"4":1,"5":1}},{"STARTING PARTITION: ":{"1":1,"2":1,"3":1,"4":2,"5":2},"Agents":[null,{"utility":97,"ID":1},{"utility":56,"ID":2},{"utility":0,"ID":3},{"utility":74,"ID":4},{"utility":89,"ID":5}],"LAST COALITION":[[],[{"utility":0,"ID":3}],[{"utility":74,"ID":4},{"utility":89,"ID":5}],[{"utility":97,"ID":1},{"utility":56,"ID":2}],[],[]],"STARTING COALITION: ":[[null],[{"utility":94,"ID":1},{"utility":54,"ID":2},{"utility":47,"ID":3}],[{"utility":74,"ID":4},{"utility":89,"ID":5}],[],[],[]],"CORE :":true,"LAST PARTITION":{"1":3,"2":3,"3":1,"4":2,"5":2}},{"STARTING PARTITION: ":{"1":2,"2":1,"3":2,"4":2,"5":3},"Agents":[null,{"utility":97,"ID":1},{"utility":56,"ID":2},{"utility":58,"ID":3},{"utility":0,"ID":4},{"utility":8,"ID":5}],"LAST COALITION":[[],[],[{"utility":97,"ID":1},{"utility":56,"ID":2}],[{"utility":0,"ID":4}],[{"utility":58,"ID":3},{"utility":8,"ID":5}],[]],"STARTING COALITION: ":[[null],[{"utility":0,"ID":2}],[{"utility":72.5,"ID":1},{"utility":45.5,"ID":3},{"utility":25.5,"ID":4}],[{"utility":0,"ID":5}],[],[]],"CORE :":false,"LAST PARTITION":{"1":2,"2":2,"3":4,"4":3,"5":4}},{"END OF FILE:" : true}]