[{"STARTING PARTITION: ":{"1":1,"2":3,"3":3,"4":3,"5":2},"Agents":[null,{"utility":96,"ID":1},{"utility":71,"ID":2},{"utility":94,"ID":3},{"utility":0,"ID":4},{"utility":22,"ID":5}],"LAST COALITION":[[],[{"utility":96,"ID":1},{"utility":94,"ID":3}],[],[{"utility":71,"ID":2},{"utility":22,"ID":5}],[],[{"utility":0,"ID":4}]],"STARTING COALITION: ":[[null],[{"utility":0,"ID":1}],[{"utility":0,"ID":5}],[{"utility":73,"ID":2},{"utility":82,"ID":3},{"utility":42,"ID":4}],[],[]],"CORE :":true,"LAST PARTITION":{"1":1,"2":3,"3":1,"4":5,"5":3}},{"STARTING PARTITION: ":{"1":3,"2":1,"3":2,"4":2,"5":3},"Agents":[null,{"utility":96,"ID":1},{"utility":71,"ID":2},{"utility":94,"ID":3},{"utility":0,"ID":4},{"utility":22,"ID":5}],"LAST COALITION":[[],[{"utility":96,"ID":1},{"utility":94,"ID":3}],[{"utility":71,"ID":2},{"utility":22,"ID":5}],[],[],[{"utility":0,"ID":4}]],"STARTING COALITION: ":[[null],[{"utility":0,"ID":2}],[{"utility":82,"ID":3},{"utility":78,"ID":4}],[{"utility":16,"ID":1},{"utility":25,"ID":5}],[],[]],"CORE :":true,"LAST PARTITION":{"1":1,"2":2,"3":1,"4":5,"5":2}},{"STARTING PARTITION: ":{"1":3,"2":2,"3":2,"4":1,"5":1},"Agents":[null,{"utility":96,"ID":1},{"utility":71,"ID":2},{"utility":94,"ID":3},{"utility":0,"ID":4},{"utility":22,"ID":5}],"LAST COALITION":[[],[{"utility":0,"ID":4}],[],[{"utility":71,"ID":2},{"utility":22,"ID":5}],[{"utility":96,"ID":1},{"utility":94,"ID":3}],[]],"STARTING COALITION: ":[[null],[{"utility":23,"ID":4},{"utility":15,"ID":5}],[{"utility":96,"ID":2},{"utility":82,"ID":3}],[{"utility":0,"ID":1}],[],[]],"CORE :":true,"LAST PARTITION":{"1":4,"2":3,"3":4,"4":1,"5":3}},{"STARTING PARTITION: ":{"1":1,"2":2,"3":2,"4":1,"5":3},"Agents":[null,{"utility":96,"ID":1},{"utility":71,"ID":2},{"utility":94,"ID":3},{"utility":0,"ID":4},{"utility":22,"ID":5}],"LAST COALITION":[[],[{"utility":71,"ID":2},{"utility":22,"ID":5}],[],[],[{"utility":96,"ID":1},{"utility":94,"ID":3}],[{"utility":0,"ID":4}]],"STARTING COALITION: ":[[null],[{"utility":61,"ID":1},{"utility":44,"ID":4}],[{"utility":96,"ID":2},{"utility":82,"ID":3}],[{"utility":0,"ID":5}],[],[]],"CORE :":true,"LAST PARTITION":{"1":4,"2":1,"3":4,"4":5,"5":1}},{"STARTING PARTITION: ":{"1":1,"2":1,"3":3,"4":3,"5":1},"Agents":[null,{"utility":96,"ID":1},{"utility":71,"ID":2},{"utility":94,"ID":3},{"utility":0,"ID":4},{"utility":22,"ID":5}],"LAST COALITION":[[],[],[{"utility":71,"ID":2},{"utility":22,"ID":5}],[],[{"utility":96,"ID":1},{"utility":94,"ID":3}],[{"utility":0,"ID":4}]],"STARTING COALITION: ":[[null],[{"utility":38.5,"ID":1},{"utility":75.5,"ID":2},{"utility":23.5,"ID":5}],[],[{"utility":82,"ID":3},{"utility":78,"ID":4}],[],[]],"CORE :":true,"LAST PARTITION":{"1":4,"2":2,"3":4,"4":5,"5":2}},{"STARTING PARTITION: ":{"1":3,"2":1,"3":3,"4":3,"5":3},"Agents":[null,{"utility":96,"ID":1},{"utility":71,"ID":2},{"utility":94,"ID":3},{"utility":0,"ID":4},{"utility":22,"ID":5}],"LAST COALITION":[[],[{"utility":96,"ID":1},{"utility":94,"ID":3}],[],[{"utility":0,"ID":4}],[{"utility":71,"ID":2},{"utility":22,"ID":5}],[]],"STARTING COALITION: ":[[null],[{"utility":0,"ID":2}],[],[{"utility":57.666666666666664,"ID":1},{"utility":83.66666666666667,"ID":3},{"utility":48.333333333333336,"ID":4},{"utility":38,"ID":5}],[],[]],"CORE :":true,"LAST PARTITION":{"1":1,"2":4,"3":1,"4":3,"5":4}},{"STARTING PARTITION: ":{"1":1,"2":2,"3":3,"4":1,"5":1},"Agents":[null,{"utility":96,"ID":1},{"utility":71,"ID":2},{"utility":94,"ID":3},{"utility":0,"ID":4},{"utility":22,"ID":5}],"LAST COALITION":[[],[{"utility":0,"ID":4}],[{"utility":96,"ID":1},{"utility":94,"ID":3}],[{"utility":71,"ID":2},{"utility":22,"ID":5}],[],[]],"STARTING COALITION: ":[[null],[{"utility":38.5,"ID":1},{"utility":33.5,"ID":4},{"utility":20,"ID":5}],[{"utility":0,"ID":2}],[{"utility":0,"ID":3}],[],[]],"CORE :":true,"LAST PARTITION":{"1":2,"2":3,"3":2,"4":1,"5":3}},{"STARTING PARTITION: ":{"1":2,"2":1,"3":3,"4":3,"5":1},"Agents":[null,{"utility":96,"ID":1},{"utility":71,"ID":2},{"utility":94,"ID":3},{"utility":0,"ID":4},{"utility":22,"ID":5}],"LAST COALITION":[[],[],[{"utility":96,"ID":1},{"utility":94,"ID":3}],[{"utility":71,"ID":2},{"utility":22,"ID":5}],[],[{"utility":0,"ID":4}]],"STARTING COALITION: ":[[null],[{"utility":71,"ID":2},{"utility":22,"ID":5}],[{"utility":0,"ID":1}],[{"utility":82,"ID":3},{"utility":78,"ID":4}],[],[]],"CORE :":true,"LAST PARTITION":{"1":2,"2":3,"3":2,"4":5,"5":3}},{"STARTING PARTITION: ":{"1":1,"2":2,"3":1,"4":3,"5":3},"Agents":[null,{"utility":96,"ID":1},{"utility":71,"ID":2},{"utility":94,"ID":3},{"utility":0,"ID":4},{"utility":22,"ID":5}],"LAST COALITION":[[],[{"utility":96,"ID":1},{"utility":94,"ID":3}],[],[{"utility":0,"ID":4}],[{"utility":71,"ID":2},{"utility":22,"ID":5}],[]],"STARTING COALITION: ":[[null],[{"utility":96,"ID":1},{"utility":94,"ID":3}],[{"utility":0,"ID":2}],[{"utility":23,"ID":4},{"utility":15,"ID":5}],[],[]],"CORE :":true,"LAST PARTITION":{"1":1,"2":4,"3":1,"4":3,"5":4}},{"STARTING PARTITION: ":{"1":3,"2":3,"3":1,"4":2,"5":2},"Agents":[null,{"utility":96,"ID":1},{"utility":71,"ID":2},{"utility":94,"ID":3},{"utility":0,"ID":4},{"utility":22,"ID":5}],"LAST COALITION":[[],[{"utility":71,"ID":2},{"utility":22,"ID":5}],[{"utility":0,"ID":4}],[],[{"utility":96,"ID":1},{"utility":94,"ID":3}],[]],"STARTING COALITION: ":[[null],[{"utility":0,"ID":3}],[{"utility":23,"ID":4},{"utility":15,"ID":5}],[{"utility":61,"ID":1},{"utility":80,"ID":2}],[],[]],"CORE :":true,"LAST PARTITION":{"1":4,"2":1,"3":4,"4":2,"5":1}},{"STARTING PARTITION: ":{"1":2,"2":3,"3":3,"4":3,"5":1},"Agents":[null,{"utility":96,"ID":1},{"utility":71,"ID":2},{"utility":94,"ID":3},{"utility":0,"ID":4},{"utility":22,"ID":5}],"LAST COALITION":[[],[],[{"utility":96,"ID":1},{"utility":94,"ID":3}],[{"utility":71,"ID":2},{"utility":22,"ID":5}],[],[{"utility":0,"ID":4}]],"STARTING COALITION: ":[[null],[{"utility":0,"ID":5}],[{"utility":0,"ID":1}],[{"utility":73,"ID":2},{"utility":82,"ID":3},{"utility":42,"ID":4}],[],[]],"CORE :":true,"LAST PARTITION":{"1":2,"2":3,"3":2,"4":5,"5":3}},{"STARTING PARTITION: ":{"1":1,"2":3,"3":1,"4":2,"5":2},"Agents":[null,{"utility":96,"ID":1},{"utility":71,"ID":2},{"utility":94,"ID":3},{"utility":0,"ID":4},{"utility":22,"ID":5}],"LAST COALITION":[[],[{"utility":96,"ID":1},{"utility":94,"ID":3}],[{"utility":0,"ID":4}],[],[{"utility":71,"ID":2},{"utility":22,"ID":5}],[]],"STARTING COALITION: ":[[null],[{"utility":96,"ID":1},{"utility":94,"ID":3}],[{"utility":23,"ID":4},{"utility":15,"ID":5}],[{"utility":0,"ID":2}],[],[]],"CORE :":true,"LAST PARTITION":{"1":1,"2":4,"3":1,"4":2,"5":4}},{"STARTING PARTITION: ":{"1":1,"2":2,"3":3,"4":3,"5":1},"Agents":[null,{"utility":96,"ID":1},{"utility":71,"ID":2},{"utility":94,"ID":3},{"utility":0,"ID":4},{"utility":22,"ID":5}],"LAST COALITION":[[],[],[{"utility":96,"ID":1},{"utility":94,"ID":3}],[{"utility":71,"ID":2},{"utility":22,"ID":5}],[],[{"utility":0,"ID":4}]],"STARTING COALITION: ":[[null],[{"utility":16,"ID":1},{"utility":25,"ID":5}],[{"utility":0,"ID":2}],[{"utility":82,"ID":3},{"utility":78,"ID":4}],[],[]],"CORE :":true,"LAST PARTITION":{"1":2,"2":3,"3":2,"4":5,"5":3}},{"STARTING PARTITION: ":{"1":1,"2":2,"3":3,"4":2,"5":2},"Agents":[null,{"utility":96,"ID":1},{"utility":71,"ID":2},{"utility":94,"ID":3},{"utility":0,"ID":4},{"utility":22,"ID":5}],"LAST COALITION":[[],[{"utility":96,"ID":1},{"utility":94,"ID":3}],[{"utility":0,"ID":4}],[{"utility":71,"ID":2},{"utility":22,"ID":5}],[],[]],"STARTING COALITION: ":[[null],[{"utility":0,"ID":1}],[{"utility":60.5,"ID":2},{"utility":14.5,"ID":4},{"utility":18.5,"ID":5}],[{"utility":0,"ID":3}],[],[]],"CORE :":true,"LAST PARTITION":{"1":1,"2":3,"3":1,"4":2,"5":3}},{"STARTING PARTITION: ":{"1":3,"2":3,"3":1,"4":3,"5":1},"Agents":[null,{"utility":96,"ID":1},{"utility":71,"ID":2},{"utility":94,"ID":3},{"utility":0,"ID":4},{"utility":22,"ID":5}],"LAST COALITION":[[],[],[{"utility":96,"ID":1},{"utility":94,"ID":3}],[{"utility":0,"ID":4}],[{"utility":71,"ID":2},{"utility":22,"ID":5}],[]],"STARTING COALITION: ":[[null],[{"utility":75,"ID":3},{"utility":74,"ID":5}],[],[{"utility":61,"ID":1},{"utility":65,"ID":2},{"utility":25,"ID":4}],[],[]],"CORE :":true,"LAST PARTITION":{"1":2,"2":4,"3":2,"4":3,"5":4}},{"STARTING PARTITION: ":{"1":2,"2":1,"3":3,"4":3,"5":2},"Agents":[null,{"utility":96,"ID":1},{"utility":71,"ID":2},{"utility":94,"ID":3},{"utility":0,"ID":4},{"utility":22,"ID":5}],"LAST COALITION":[[],[{"utility":96,"ID":1},{"utility":94,"ID":3}],[],[{"utility":71,"ID":2},{"utility":22,"ID":5}],[],[{"utility":0,"ID":4}]],"STARTING COALITION: ":[[null],[{"utility":0,"ID":2}],[{"utility":16,"ID":1},{"utility":25,"ID":5}],[{"utility":82,"ID":3},{"utility":78,"ID":4}],[],[]],"CORE :":true,"LAST PARTITION":{"1":1,"2":3,"3":1,"4":5,"5":3}},{"STARTING PARTITION: ":{"1":3,"2":1,"3":2,"4":1,"5":3},"Agents":[null,{"utility":96,"ID":1},{"utility":71,"ID":2},{"utility":94,"ID":3},{"utility":0,"ID":4},{"utility":22,"ID":5}],"LAST COALITION":[[],[{"utility":71,"ID":2},{"utility":22,"ID":5}],[{"utility":0,"ID":4}],[],[],[{"utility":96,"ID":1},{"utility":94,"ID":3}]],"STARTING COALITION: ":[[null],[{"utility":50,"ID":2},{"utility":6,"ID":4}],[{"utility":0,"ID":3}],[{"utility":16,"ID":1},{"utility":25,"ID":5}],[],[]],"CORE :":true,"LAST PARTITION":{"1":5,"2":1,"3":5,"4":2,"5":1}},{"STARTING PARTITION: ":{"1":3,"2":2,"3":3,"4":3,"5":3},"Agents":[null,{"utility":96,"ID":1},{"utility":71,"ID":2},{"utility":94,"ID":3},{"utility":0,"ID":4},{"utility":22,"ID":5}],"LAST COALITION":[[],[],[{"utility":96,"ID":1},{"utility":94,"ID":3}],[{"utility":0,"ID":4}],[{"utility":71,"ID":2},{"utility":22,"ID":5}],[]],"STARTING COALITION: ":[[null],[],[{"utility":0,"ID":2}],[{"utility":57.666666666666664,"ID":1},{"utility":83.66666666666667,"ID":3},{"utility":48.333333333333336,"ID":4},{"utility":38,"ID":5}],[],[]],"CORE :":true,"LAST PARTITION":{"1":2,"2":4,"3":2,"4":3,"5":4}},{"STARTING PARTITION: ":{"1":1,"2":1,"3":1,"4":1,"5":2},"Agents":[null,{"utility":96,"ID":1},{"utility":71,"ID":2},{"utility":94,"ID":3},{"utility":0,"ID":4},{"utility":22,"ID":5}],"LAST COALITION":[[],[{"utility":0,"ID":4}],[],[{"utility":96,"ID":1},{"utility":94,"ID":3}],[{"utility":71,"ID":2},{"utility":22,"ID":5}],[]],"STARTING COALITION: ":[[null],[{"utility":72.66666666666667,"ID":1},{"utility":75.33333333333333,"ID":2},{"utility":86,"ID":3},{"utility":42.666666666666664,"ID":4}],[{"utility":0,"ID":5}],[],[],[]],"CORE :":true,"LAST PARTITION":{"1":3,"2":4,"3":3,"4":1,"5":4}},{"STARTING PARTITION: ":{"1":3,"2":1,"3":3,"4":1,"5":1},"Agents":[null,{"utility":96,"ID":1},{"utility":71,"ID":2},{"utility":94,"ID":3},{"utility":0,"ID":4},{"utility":22,"ID":5}],"LAST COALITION":[[],[{"utility":0,"ID":4}],[{"utility":71,"ID":2},{"utility":22,"ID":5}],[{"utility":96,"ID":1},{"utility":94,"ID":3}],[],[]],"STARTING COALITION: ":[[null],[{"utility":60.5,"ID":2},{"utility":14.5,"ID":4},{"utility":18.5,"ID":5}],[],[{"utility":96,"ID":1},{"utility":94,"ID":3}],[],[]],"CORE :":true,"LAST PARTITION":{"1":3,"2":2,"3":3,"4":1,"5":2}},{"END OF FILE:" : true}]