[{"STARTING PARTITION: ":{"1":3,"2":2,"3":3,"4":3,"5":3},"Agents":[null,{"utility":80,"ID":1},{"utility":63,"ID":2},{"utility":43,"ID":3},{"utility":0,"ID":4},{"utility":55,"ID":5}],"LAST COALITION":[[],[],[{"utility":63,"ID":2},{"utility":55,"ID":5}],[{"utility":0,"ID":4}],[{"utility":80,"ID":1},{"utility":43,"ID":3}],[]],"STARTING COALITION: ":[[null],[],[{"utility":0,"ID":2}],[{"utility":53.333333333333336,"ID":1},{"utility":28,"ID":3},{"utility":45,"ID":4},{"utility":52.333333333333336,"ID":5}],[],[]],"CORE :":true,"LAST PARTITION":{"1":4,"2":2,"3":4,"4":3,"5":2}},{"STARTING PARTITION: ":{"1":1,"2":2,"3":3,"4":1,"5":3},"Agents":[null,{"utility":80,"ID":1},{"utility":63,"ID":2},{"utility":43,"ID":3},{"utility":0,"ID":4},{"utility":55,"ID":5}],"LAST COALITION":[[],[{"utility":80,"ID":1},{"utility":43,"ID":3}],[{"utility":0,"ID":4}],[],[{"utility":63,"ID":2},{"utility":55,"ID":5}],[]],"STARTING COALITION: ":[[null],[{"utility":75,"ID":1},{"utility":36,"ID":4}],[{"utility":0,"ID":2}],[{"utility":17,"ID":3},{"utility":74,"ID":5}],[],[]],"CORE :":true,"LAST PARTITION":{"1":1,"2":4,"3":1,"4":2,"5":4}},{"STARTING PARTITION: ":{"1":2,"2":1,"3":2,"4":1,"5":1},"Agents":[null,{"utility":80,"ID":1},{"utility":63,"ID":2},{"utility":43,"ID":3},{"utility":0,"ID":4},{"utility":55,"ID":5}],"LAST COALITION":[[],[{"utility":0,"ID":4}],[{"utility":80,"ID":1},{"utility":43,"ID":3}],[{"utility":63,"ID":2},{"utility":55,"ID":5}],[],[]],"STARTING COALITION: ":[[null],[{"utility":49.5,"ID":2},{"utility":25.5,"ID":4},{"utility":33.5,"ID":5}],[{"utility":80,"ID":1},{"utility":43,"ID":3}],[],[],[]],"CORE :":true,"LAST PARTITION":{"1":2,"2":3,"3":2,"4":1,"5":3}},{"STARTING PARTITION: ":{"1":3,"2":3,"3":1,"4":1,"5":2},"Agents":[null,{"utility":80,"ID":1},{"utility":63,"ID":2},{"utility":43,"ID":3},{"utility":0,"ID":4},{"utility":55,"ID":5}],"LAST COALITION":[[],[{"utility":0,"ID":4}],[{"utility":80,"ID":1},{"utility":43,"ID":3}],[],[{"utility":63,"ID":2},{"utility":55,"ID":5}],[]],"STARTING COALITION: ":[[null],[{"utility":24,"ID":3},{"utility":53,"ID":4}],[{"utility":0,"ID":5}],[{"utility":96,"ID":1},{"utility":26,"ID":2}],[],[]],"CORE :":true,"LAST PARTITION":{"1":2,"2":4,"3":2,"4":1,"5":4}},{"STARTING PARTITION: ":{"1":2,"2":1,"3":1,"4":1,"5":3},"Agents":[null,{"utility":80,"ID":1},{"utility":63,"ID":2},{"utility":43,"ID":3},{"utility":0,"ID":4},{"utility":55,"ID":5}],"LAST COALITION":[[],[{"utility":0,"ID":4}],[{"utility":63,"ID":2},{"utility":55,"ID":5}],[],[{"utility":80,"ID":1},{"utility":43,"ID":3}],[]],"STARTING COALITION: ":[[null],[{"utility":31,"ID":2},{"utility":31,"ID":3},{"utility":29,"ID":4}],[{"utility":0,"ID":1}],[{"utility":0,"ID":5}],[],[]],"CORE :":true,"LAST PARTITION":{"1":4,"2":2,"3":4,"4":1,"5":2}},{"STARTING PARTITION: ":{"1":2,"2":3,"3":2,"4":3,"5":1},"Agents":[null,{"utility":80,"ID":1},{"utility":63,"ID":2},{"utility":43,"ID":3},{"utility":0,"ID":4},{"utility":55,"ID":5}],"LAST COALITION":[[],[],[{"utility":80,"ID":1},{"utility":43,"ID":3}],[{"utility":0,"ID":4}],[{"utility":63,"ID":2},{"utility":55,"ID":5}],[]],"STARTING COALITION: ":[[null],[{"utility":0,"ID":5}],[{"utility":80,"ID":1},{"utility":43,"ID":3}],[{"utility":36,"ID":2},{"utility":5,"ID":4}],[],[]],"CORE :":true,"LAST PARTITION":{"1":2,"2":4,"3":2,"4":3,"5":4}},{"STARTING PARTITION: ":{"1":2,"2":1,"3":3,"4":1,"5":1},"Agents":[null,{"utility":80,"ID":1},{"utility":63,"ID":2},{"utility":43,"ID":3},{"utility":0,"ID":4},{"utility":55,"ID":5}],"LAST COALITION":[[],[{"utility":0,"ID":4}],[{"utility":63,"ID":2},{"utility":55,"ID":5}],[],[{"utility":80,"ID":1},{"utility":43,"ID":3}],[]],"STARTING COALITION: ":[[null],[{"utility":49.5,"ID":2},{"utility":25.5,"ID":4},{"utility":33.5,"ID":5}],[{"utility":0,"ID":1}],[{"utility":0,"ID":3}],[],[]],"CORE :":true,"LAST PARTITION":{"1":4,"2":2,"3":4,"4":1,"5":2}},{"STARTING PARTITION: ":{"1":2,"2":1,"3":3,"4":1,"5":2},"Agents":[null,{"utility":80,"ID":1},{"utility":63,"ID":2},{"utility":43,"ID":3},{"utility":0,"ID":4},{"utility":55,"ID":5}],"LAST COALITION":[[],[{"utility":0,"ID":4}],[],[{"utility":63,"ID":2},{"utility":55,"ID":5}],[{"utility":80,"ID":1},{"utility":43,"ID":3}],[]],"STARTING COALITION: ":[[null],[{"utility":36,"ID":2},{"utility":5,"ID":4}],[{"utility":5,"ID":1},{"utility":71,"ID":5}],[{"utility":0,"ID":3}],[],[]],"CORE :":true,"LAST PARTITION":{"1":4,"2":3,"3":4,"4":1,"5":3}},{"STARTING PARTITION: ":{"1":2,"2":2,"3":1,"4":2,"5":2},"Agents":[null,{"utility":80,"ID":1},{"utility":63,"ID":2},{"utility":43,"ID":3},{"utility":0,"ID":4},{"utility":55,"ID":5}],"LAST COALITION":[[],[{"utility":63,"ID":2},{"utility":55,"ID":5}],[{"utility":0,"ID":4}],[{"utility":80,"ID":1},{"utility":43,"ID":3}],[],[]],"STARTING COALITION: ":[[null],[{"utility":0,"ID":3}],[{"utility":58.666666666666664,"ID":1},{"utility":41.666666666666664,"ID":2},{"utility":29,"ID":4},{"utility":46,"ID":5}],[],[],[]],"CORE :":true,"LAST PARTITION":{"1":3,"2":1,"3":3,"4":2,"5":1}},{"STARTING PARTITION: ":{"1":2,"2":3,"3":2,"4":1,"5":2},"Agents":[null,{"utility":80,"ID":1},{"utility":63,"ID":2},{"utility":43,"ID":3},{"utility":0,"ID":4},{"utility":55,"ID":5}],"LAST COALITION":[[],[{"utility":80,"ID":1},{"utility":43,"ID":3}],[],[{"utility":0,"ID":4}],[{"utility":63,"ID":2},{"utility":55,"ID":5}],[]],"STARTING COALITION: ":[[null],[{"utility":0,"ID":4}],[{"utility":42.5,"ID":1},{"utility":30,"ID":3},{"utility":72.5,"ID":5}],[{"utility":0,"ID":2}],[],[]],"CORE :":true,"LAST PARTITION":{"1":1,"2":4,"3":1,"4":3,"5":4}},{"STARTING PARTITION: ":{"1":1,"2":1,"3":3,"4":1,"5":2},"Agents":[null,{"utility":80,"ID":1},{"utility":63,"ID":2},{"utility":43,"ID":3},{"utility":0,"ID":4},{"utility":55,"ID":5}],"LAST COALITION":[[],[{"utility":0,"ID":4}],[{"utility":80,"ID":1},{"utility":43,"ID":3}],[],[{"utility":63,"ID":2},{"utility":55,"ID":5}],[]],"STARTING COALITION: ":[[null],[{"utility":85.5,"ID":1},{"utility":31,"ID":2},{"utility":20.5,"ID":4}],[{"utility":0,"ID":5}],[{"utility":0,"ID":3}],[],[]],"CORE :":true,"LAST PARTITION":{"1":2,"2":4,"3":2,"4":1,"5":4}},{"STARTING PARTITION: ":{"1":2,"2":1,"3":2,"4":1,"5":3},"Agents":[null,{"utility":80,"ID":1},{"utility":63,"ID":2},{"utility":43,"ID":3},{"utility":0,"ID":4},{"utility":55,"ID":5}],"LAST COALITION":[[],[{"utility":0,"ID":4}],[{"utility":80,"ID":1},{"utility":43,"ID":3}],[],[{"utility":63,"ID":2},{"utility":55,"ID":5}],[]],"STARTING COALITION: ":[[null],[{"utility":36,"ID":2},{"utility":5,"ID":4}],[{"utility":80,"ID":1},{"utility":43,"ID":3}],[{"utility":0,"ID":5}],[],[]],"CORE :":true,"LAST PARTITION":{"1":2,"2":4,"3":2,"4":1,"5":4}},{"STARTING PARTITION: ":{"1":3,"2":2,"3":1,"4":1,"5":1},"Agents":[null,{"utility":80,"ID":1},{"utility":63,"ID":2},{"utility":43,"ID":3},{"utility":0,"ID":4},{"utility":55,"ID":5}],"LAST COALITION":[[],[{"utility":0,"ID":4}],[{"utility":63,"ID":2},{"utility":55,"ID":5}],[{"utility":80,"ID":1},{"utility":43,"ID":3}],[],[]],"STARTING COALITION: ":[[null],[{"utility":20.5,"ID":3},{"utility":49.5,"ID":4},{"utility":43,"ID":5}],[{"utility":0,"ID":2}],[{"utility":0,"ID":1}],[],[]],"CORE :":true,"LAST PARTITION":{"1":3,"2":2,"3":3,"4":1,"5":2}},{"STARTING PARTITION: ":{"1":3,"2":3,"3":3,"4":2,"5":3},"Agents":[null,{"utility":80,"ID":1},{"utility":63,"ID":2},{"utility":43,"ID":3},{"utility":0,"ID":4},{"utility":55,"ID":5}],"LAST COALITION":[[],[{"utility":80,"ID":1},{"utility":43,"ID":3}],[{"utility":0,"ID":4}],[{"utility":63,"ID":2},{"utility":55,"ID":5}],[],[]],"STARTING COALITION: ":[[null],[],[{"utility":0,"ID":4}],[{"utility":60.333333333333336,"ID":1},{"utility":38.333333333333336,"ID":2},{"utility":32.666666666666664,"ID":3},{"utility":66.66666666666667,"ID":5}],[],[]],"CORE :":true,"LAST PARTITION":{"1":1,"2":3,"3":1,"4":2,"5":3}},{"STARTING PARTITION: ":{"1":1,"2":2,"3":1,"4":2,"5":1},"Agents":[null,{"utility":80,"ID":1},{"utility":63,"ID":2},{"utility":43,"ID":3},{"utility":0,"ID":4},{"utility":55,"ID":5}],"LAST COALITION":[[],[],[{"utility":0,"ID":4}],[{"utility":80,"ID":1},{"utility":43,"ID":3}],[{"utility":63,"ID":2},{"utility":55,"ID":5}],[]],"STARTING COALITION: ":[[null],[{"utility":42.5,"ID":1},{"utility":30,"ID":3},{"utility":72.5,"ID":5}],[{"utility":36,"ID":2},{"utility":5,"ID":4}],[],[],[]],"CORE :":true,"LAST PARTITION":{"1":3,"2":4,"3":3,"4":2,"5":4}},{"STARTING PARTITION: ":{"1":2,"2":1,"3":1,"4":2,"5":2},"Agents":[null,{"utility":80,"ID":1},{"utility":63,"ID":2},{"utility":43,"ID":3},{"utility":0,"ID":4},{"utility":55,"ID":5}],"LAST COALITION":[[],[{"utility":63,"ID":2},{"utility":55,"ID":5}],[{"utility":0,"ID":4}],[],[],[{"utility":80,"ID":1},{"utility":43,"ID":3}]],"STARTING COALITION: ":[[null],[{"utility":26,"ID":2},{"utility":38,"ID":3}],[{"utility":40,"ID":1},{"utility":41,"ID":4},{"utility":41.5,"ID":5}],[],[],[]],"CORE :":true,"LAST PARTITION":{"1":5,"2":1,"3":5,"4":2,"5":1}},{"STARTING PARTITION: ":{"1":1,"2":2,"3":3,"4":1,"5":2},"Agents":[null,{"utility":80,"ID":1},{"utility":63,"ID":2},{"utility":43,"ID":3},{"utility":0,"ID":4},{"utility":55,"ID":5}],"LAST COALITION":[[],[{"utility":0,"ID":4}],[{"utility":63,"ID":2},{"utility":55,"ID":5}],[],[{"utility":80,"ID":1},{"utility":43,"ID":3}],[]],"STARTING COALITION: ":[[null],[{"utility":75,"ID":1},{"utility":36,"ID":4}],[{"utility":63,"ID":2},{"utility":55,"ID":5}],[{"utility":0,"ID":3}],[],[]],"CORE :":true,"LAST PARTITION":{"1":4,"2":2,"3":4,"4":1,"5":2}},{"STARTING PARTITION: ":{"1":2,"2":2,"3":2,"4":2,"5":3},"Agents":[null,{"utility":80,"ID":1},{"utility":63,"ID":2},{"utility":43,"ID":3},{"utility":0,"ID":4},{"utility":55,"ID":5}],"LAST COALITION":[[],[{"utility":63,"ID":2},{"utility":55,"ID":5}],[{"utility":0,"ID":4}],[{"utility":80,"ID":1},{"utility":43,"ID":3}],[],[]],"STARTING COALITION: ":[[null],[],[{"utility":83.66666666666667,"ID":1},{"utility":29.333333333333332,"ID":2},{"utility":35,"ID":3},{"utility":31.333333333333332,"ID":4}],[{"utility":0,"ID":5}],[],[]],"CORE :":true,"LAST PARTITION":{"1":3,"2":1,"3":3,"4":2,"5":1}},{"STARTING PARTITION: ":{"1":2,"2":1,"3":1,"4":2,"5":3},"Agents":[null,{"utility":80,"ID":1},{"utility":63,"ID":2},{"utility":43,"ID":3},{"utility":0,"ID":4},{"utility":55,"ID":5}],"LAST COALITION":[[],[{"utility":0,"ID":4}],[{"utility":80,"ID":1},{"utility":43,"ID":3}],[],[{"utility":63,"ID":2},{"utility":55,"ID":5}],[]],"STARTING COALITION: ":[[null],[{"utility":26,"ID":2},{"utility":38,"ID":3}],[{"utility":75,"ID":1},{"utility":36,"ID":4}],[{"utility":0,"ID":5}],[],[]],"CORE :":true,"LAST PARTITION":{"1":2,"2":4,"3":2,"4":1,"5":4}},{"STARTING PARTITION: ":{"1":1,"2":1,"3":2,"4":3,"5":3},"Agents":[null,{"utility":80,"ID":1},{"utility":63,"ID":2},{"utility":43,"ID":3},{"utility":0,"ID":4},{"utility":55,"ID":5}],"LAST COALITION":[[],[],[],[{"utility":0,"ID":4}],[{"utility":63,"ID":2},{"utility":55,"ID":5}],[{"utility":80,"ID":1},{"utility":43,"ID":3}]],"STARTING COALITION: ":[[null],[{"utility":96,"ID":1},{"utility":26,"ID":2}],[{"utility":0,"ID":3}],[{"utility":46,"ID":4},{"utility":12,"ID":5}],[],[]],"CORE :":true,"LAST PARTITION":{"1":5,"2":4,"3":5,"4":3,"5":4}},{"END OF FILE:" : true}]