[{"STARTING PARTITION: ":{"1":2,"2":3,"3":1,"4":1,"5":3},"Agents":[null,{"utility":67,"ID":1},{"utility":0,"ID":2},{"utility":16,"ID":3},{"utility":29,"ID":4},{"utility":2,"ID":5}],"LAST COALITION":[[],[{"utility":67,"ID":1},{"utility":29,"ID":4}],[],[{"utility":0,"ID":2}],[{"utility":16,"ID":3},{"utility":2,"ID":5}],[]],"STARTING COALITION: ":[[null],[{"utility":93,"ID":3},{"utility":15,"ID":4}],[{"utility":0,"ID":1}],[{"utility":77,"ID":2},{"utility":81,"ID":5}],[],[]],"CORE :":false,"LAST PARTITION":{"1":1,"2":3,"3":4,"4":1,"5":4}},{"STARTING PARTITION: ":{"1":2,"2":1,"3":1,"4":3,"5":2},"Agents":[null,{"utility":67,"ID":1},{"utility":0,"ID":2},{"utility":16,"ID":3},{"utility":29,"ID":4},{"utility":2,"ID":5}],"LAST COALITION":[[],[],[{"utility":67,"ID":1},{"utility":29,"ID":4}],[{"utility":0,"ID":2}],[{"utility":16,"ID":3},{"utility":2,"ID":5}],[]],"STARTING COALITION: ":[[null],[{"utility":86,"ID":2},{"utility":7,"ID":3}],[{"utility":43,"ID":1},{"utility":70,"ID":5}],[{"utility":0,"ID":4}],[],[]],"CORE :":false,"LAST PARTITION":{"1":2,"2":3,"3":4,"4":2,"5":4}},{"STARTING PARTITION: ":{"1":2,"2":3,"3":2,"4":2,"5":3},"Agents":[null,{"utility":0,"ID":1},{"utility":77,"ID":2},{"utility":0,"ID":3},{"utility":0,"ID":4},{"utility":81,"ID":5}],"LAST COALITION":[[],[{"utility":77,"ID":2},{"utility":81,"ID":5}],[{"utility":0,"ID":4}],[{"utility":0,"ID":1}],[{"utility":0,"ID":3}],[]],"STARTING COALITION: ":[[null],[],[{"utility":46.5,"ID":1},{"utility":48,"ID":3},{"utility":22,"ID":4}],[{"utility":77,"ID":2},{"utility":81,"ID":5}],[],[]],"CORE :":false,"LAST PARTITION":{"1":3,"2":1,"3":4,"4":2,"5":1}},{"STARTING PARTITION: ":{"1":2,"2":1,"3":2,"4":3,"5":3},"Agents":[null,{"utility":26,"ID":1},{"utility":77,"ID":2},{"utility":3,"ID":3},{"utility":0,"ID":4},{"utility":81,"ID":5}],"LAST COALITION":[[],[{"utility":0,"ID":4}],[{"utility":77,"ID":2},{"utility":81,"ID":5}],[],[],[{"utility":26,"ID":1},{"utility":3,"ID":3}]],"STARTING COALITION: ":[[null],[{"utility":0,"ID":2}],[{"utility":26,"ID":1},{"utility":3,"ID":3}],[{"utility":64,"ID":4},{"utility":57,"ID":5}],[],[]],"CORE :":false,"LAST PARTITION":{"1":5,"2":2,"3":5,"4":1,"5":2}},{"STARTING PARTITION: ":{"1":1,"2":3,"3":2,"4":3,"5":1},"Agents":[null,{"utility":67,"ID":1},{"utility":77,"ID":2},{"utility":0,"ID":3},{"utility":29,"ID":4},{"utility":81,"ID":5}],"LAST COALITION":[[],[{"utility":67,"ID":1},{"utility":29,"ID":4}],[],[{"utility":77,"ID":2},{"utility":81,"ID":5}],[],[{"utility":0,"ID":3}]],"STARTING COALITION: ":[[null],[{"utility":43,"ID":1},{"utility":70,"ID":5}],[{"utility":0,"ID":3}],[{"utility":2,"ID":2},{"utility":38,"ID":4}],[],[]],"CORE :":false,"LAST PARTITION":{"1":1,"2":3,"3":5,"4":1,"5":3}},{"STARTING PARTITION: ":{"1":3,"2":2,"3":3,"4":3,"5":1},"Agents":[null,{"utility":67,"ID":1},{"utility":77,"ID":2},{"utility":0,"ID":3},{"utility":29,"ID":4},{"utility":81,"ID":5}],"LAST COALITION":[[],[{"utility":67,"ID":1},{"utility":29,"ID":4}],[{"utility":77,"ID":2},{"utility":81,"ID":5}],[],[],[{"utility":0,"ID":3}]],"STARTING COALITION: ":[[null],[{"utility":0,"ID":5}],[{"utility":0,"ID":2}],[{"utility":46.5,"ID":1},{"utility":48,"ID":3},{"utility":22,"ID":4}],[],[]],"CORE :":false,"LAST PARTITION":{"1":1,"2":2,"3":5,"4":1,"5":2}},{"STARTING PARTITION: ":{"1":1,"2":3,"3":3,"4":1,"5":1},"Agents":[null,{"utility":55,"ID":1},{"utility":86,"ID":2},{"utility":7,"ID":3},{"utility":46.5,"ID":4},{"utility":63.5,"ID":5}],"LAST COALITION":[[],[{"utility":55,"ID":1},{"utility":46.5,"ID":4},{"utility":63.5,"ID":5}],[],[{"utility":86,"ID":2},{"utility":7,"ID":3}],[],[]],"STARTING COALITION: ":[[null],[{"utility":55,"ID":1},{"utility":46.5,"ID":4},{"utility":63.5,"ID":5}],[],[{"utility":86,"ID":2},{"utility":7,"ID":3}],[],[]],"CORE :":true,"LAST PARTITION":{"1":1,"2":3,"3":3,"4":1,"5":1}},{"STARTING PARTITION: ":{"1":3,"2":1,"3":1,"4":1,"5":3},"Agents":[null,{"utility":67,"ID":1},{"utility":77,"ID":2},{"utility":0,"ID":3},{"utility":29,"ID":4},{"utility":81,"ID":5}],"LAST COALITION":[[],[{"utility":77,"ID":2},{"utility":81,"ID":5}],[],[{"utility":67,"ID":1},{"utility":29,"ID":4}],[],[{"utility":0,"ID":3}]],"STARTING COALITION: ":[[null],[{"utility":44,"ID":2},{"utility":50,"ID":3},{"utility":26.5,"ID":4}],[],[{"utility":43,"ID":1},{"utility":70,"ID":5}],[],[]],"CORE :":false,"LAST PARTITION":{"1":3,"2":1,"3":5,"4":3,"5":1}},{"STARTING PARTITION: ":{"1":1,"2":2,"3":3,"4":1,"5":2},"Agents":[null,{"utility":67,"ID":1},{"utility":0,"ID":2},{"utility":16,"ID":3},{"utility":29,"ID":4},{"utility":2,"ID":5}],"LAST COALITION":[[],[],[{"utility":0,"ID":2}],[{"utility":67,"ID":1},{"utility":29,"ID":4}],[{"utility":16,"ID":3},{"utility":2,"ID":5}],[]],"STARTING COALITION: ":[[null],[{"utility":67,"ID":1},{"utility":29,"ID":4}],[{"utility":77,"ID":2},{"utility":81,"ID":5}],[{"utility":0,"ID":3}],[],[]],"CORE :":false,"LAST PARTITION":{"1":3,"2":2,"3":4,"4":3,"5":4}},{"STARTING PARTITION: ":{"1":3,"2":1,"3":1,"4":2,"5":2},"Agents":[null,{"utility":67,"ID":1},{"utility":86,"ID":2},{"utility":7,"ID":3},{"utility":29,"ID":4},{"utility":0,"ID":5}],"LAST COALITION":[[],[{"utility":0,"ID":5}],[{"utility":67,"ID":1},{"utility":29,"ID":4}],[{"utility":86,"ID":2},{"utility":7,"ID":3}],[],[]],"STARTING COALITION: ":[[null],[{"utility":86,"ID":2},{"utility":7,"ID":3}],[{"utility":64,"ID":4},{"utility":57,"ID":5}],[{"utility":0,"ID":1}],[],[]],"CORE :":false,"LAST PARTITION":{"1":2,"2":3,"3":3,"4":2,"5":1}},{"STARTING PARTITION: ":{"1":1,"2":2,"3":3,"4":2,"5":1},"Agents":[null,{"utility":26,"ID":1},{"utility":77,"ID":2},{"utility":3,"ID":3},{"utility":0,"ID":4},{"utility":81,"ID":5}],"LAST COALITION":[[],[{"utility":0,"ID":4}],[{"utility":77,"ID":2},{"utility":81,"ID":5}],[],[],[{"utility":26,"ID":1},{"utility":3,"ID":3}]],"STARTING COALITION: ":[[null],[{"utility":43,"ID":1},{"utility":70,"ID":5}],[{"utility":2,"ID":2},{"utility":38,"ID":4}],[{"utility":0,"ID":3}],[],[]],"CORE :":false,"LAST PARTITION":{"1":5,"2":2,"3":5,"4":1,"5":2}},{"STARTING PARTITION: ":{"1":3,"2":2,"3":3,"4":3,"5":3},"Agents":[null,{"utility":67,"ID":1},{"utility":77,"ID":2},{"utility":0,"ID":3},{"utility":29,"ID":4},{"utility":81,"ID":5}],"LAST COALITION":[[],[{"utility":77,"ID":2},{"utility":81,"ID":5}],[{"utility":67,"ID":1},{"utility":29,"ID":4}],[],[],[{"utility":0,"ID":3}]],"STARTING COALITION: ":[[null],[],[{"utility":0,"ID":2}],[{"utility":45.333333333333336,"ID":1},{"utility":37.333333333333336,"ID":3},{"utility":36,"ID":4},{"utility":43,"ID":5}],[],[]],"CORE :":false,"LAST PARTITION":{"1":2,"2":1,"3":5,"4":2,"5":1}},{"STARTING PARTITION: ":{"1":2,"2":2,"3":3,"4":1,"5":3},"Agents":[null,{"utility":67,"ID":1},{"utility":0,"ID":2},{"utility":16,"ID":3},{"utility":29,"ID":4},{"utility":2,"ID":5}],"LAST COALITION":[[],[{"utility":0,"ID":2}],[{"utility":67,"ID":1},{"utility":29,"ID":4}],[],[{"utility":16,"ID":3},{"utility":2,"ID":5}],[]],"STARTING COALITION: ":[[null],[{"utility":0,"ID":4}],[{"utility":74,"ID":1},{"utility":43,"ID":2}],[{"utility":16,"ID":3},{"utility":2,"ID":5}],[],[]],"CORE :":false,"LAST PARTITION":{"1":2,"2":1,"3":4,"4":2,"5":4}},{"STARTING PARTITION: ":{"1":1,"2":1,"3":2,"4":2,"5":1},"Agents":[null,{"utility":67,"ID":1},{"utility":86,"ID":2},{"utility":7,"ID":3},{"utility":29,"ID":4},{"utility":0,"ID":5}],"LAST COALITION":[[],[{"utility":86,"ID":2},{"utility":7,"ID":3}],[{"utility":0,"ID":5}],[{"utility":67,"ID":1},{"utility":29,"ID":4}],[],[]],"STARTING COALITION: ":[[null],[{"utility":58.5,"ID":1},{"utility":60,"ID":2},{"utility":75.5,"ID":5}],[{"utility":93,"ID":3},{"utility":15,"ID":4}],[],[],[]],"CORE :":false,"LAST PARTITION":{"1":3,"2":1,"3":1,"4":3,"5":2}},{"STARTING PARTITION: ":{"1":1,"2":3,"3":3,"4":1,"5":3},"Agents":[null,{"utility":67,"ID":1},{"utility":77,"ID":2},{"utility":0,"ID":3},{"utility":29,"ID":4},{"utility":81,"ID":5}],"LAST COALITION":[[],[],[{"utility":67,"ID":1},{"utility":29,"ID":4}],[{"utility":77,"ID":2},{"utility":81,"ID":5}],[],[{"utility":0,"ID":3}]],"STARTING COALITION: ":[[null],[{"utility":67,"ID":1},{"utility":29,"ID":4}],[],[{"utility":81.5,"ID":2},{"utility":11.5,"ID":3},{"utility":41.5,"ID":5}],[],[]],"CORE :":false,"LAST PARTITION":{"1":2,"2":3,"3":5,"4":2,"5":3}},{"STARTING PARTITION: ":{"1":2,"2":1,"3":2,"4":1,"5":3},"Agents":[null,{"utility":67,"ID":1},{"utility":86,"ID":2},{"utility":7,"ID":3},{"utility":29,"ID":4},{"utility":0,"ID":5}],"LAST COALITION":[[],[{"utility":86,"ID":2},{"utility":7,"ID":3}],[{"utility":0,"ID":5}],[{"utility":67,"ID":1},{"utility":29,"ID":4}],[],[]],"STARTING COALITION: ":[[null],[{"utility":2,"ID":2},{"utility":38,"ID":4}],[{"utility":26,"ID":1},{"utility":3,"ID":3}],[{"utility":0,"ID":5}],[],[]],"CORE :":false,"LAST PARTITION":{"1":3,"2":1,"3":1,"4":3,"5":2}},{"STARTING PARTITION: ":{"1":3,"2":3,"3":3,"4":2,"5":3},"Agents":[null,{"utility":67,"ID":1},{"utility":86,"ID":2},{"utility":7,"ID":3},{"utility":29,"ID":4},{"utility":0,"ID":5}],"LAST COALITION":[[],[{"utility":67,"ID":1},{"utility":29,"ID":4}],[{"utility":0,"ID":5}],[{"utility":86,"ID":2},{"utility":7,"ID":3}],[],[]],"STARTING COALITION: ":[[null],[],[{"utility":0,"ID":4}],[{"utility":47.666666666666664,"ID":1},{"utility":68.66666666666667,"ID":2},{"utility":8.666666666666666,"ID":3},{"utility":51,"ID":5}],[],[]],"CORE :":false,"LAST PARTITION":{"1":1,"2":3,"3":3,"4":1,"5":2}},{"STARTING PARTITION: ":{"1":1,"2":2,"3":3,"4":2,"5":3},"Agents":[null,{"utility":67,"ID":1},{"utility":0,"ID":2},{"utility":16,"ID":3},{"utility":29,"ID":4},{"utility":2,"ID":5}],"LAST COALITION":[[],[{"utility":67,"ID":1},{"utility":29,"ID":4}],[],[{"utility":0,"ID":2}],[{"utility":16,"ID":3},{"utility":2,"ID":5}],[]],"STARTING COALITION: ":[[null],[{"utility":0,"ID":1}],[{"utility":2,"ID":2},{"utility":38,"ID":4}],[{"utility":16,"ID":3},{"utility":2,"ID":5}],[],[]],"CORE :":false,"LAST PARTITION":{"1":1,"2":3,"3":4,"4":1,"5":4}},{"STARTING PARTITION: ":{"1":2,"2":3,"3":1,"4":1,"5":3},"Agents":[null,{"utility":67,"ID":1},{"utility":0,"ID":2},{"utility":16,"ID":3},{"utility":29,"ID":4},{"utility":2,"ID":5}],"LAST COALITION":[[],[{"utility":67,"ID":1},{"utility":29,"ID":4}],[],[{"utility":0,"ID":2}],[{"utility":16,"ID":3},{"utility":2,"ID":5}],[]],"STARTING COALITION: ":[[null],[{"utility":93,"ID":3},{"utility":15,"ID":4}],[{"utility":0,"ID":1}],[{"utility":77,"ID":2},{"utility":81,"ID":5}],[],[]],"CORE :":false,"LAST PARTITION":{"1":1,"2":3,"3":4,"4":1,"5":4}},{"STARTING PARTITION: ":{"1":1,"2":2,"3":1,"4":1,"5":1},"Agents":[null,{"utility":67,"ID":1},{"utility":0,"ID":2},{"utility":16,"ID":3},{"utility":29,"ID":4},{"utility":2,"ID":5}],"LAST COALITION":[[],[],[{"utility":67,"ID":1},{"utility":29,"ID":4}],[{"utility":0,"ID":2}],[{"utility":16,"ID":3},{"utility":2,"ID":5}],[]],"STARTING COALITION: ":[[null],[{"utility":45.333333333333336,"ID":1},{"utility":37.333333333333336,"ID":3},{"utility":36,"ID":4},{"utility":43,"ID":5}],[{"utility":0,"ID":2}],[],[],[]],"CORE :":false,"LAST PARTITION":{"1":2,"2":3,"3":4,"4":2,"5":4}},{"END OF FILE:" : true}]