[{"STARTING PARTITION: ":{"1":1,"2":2,"3":2,"4":1,"5":1},"Agents":[null,{"utility":0,"ID":1},{"utility":78,"ID":2},{"utility":10,"ID":3},{"utility":93,"ID":4},{"utility":74,"ID":5}],"LAST COALITION":[[],[{"utility":78,"ID":2},{"utility":10,"ID":3}],[{"utility":93,"ID":4},{"utility":74,"ID":5}],[],[{"utility":0,"ID":1}],[]],"STARTING COALITION: ":[[null],[{"utility":84.5,"ID":1},{"utility":64,"ID":4},{"utility":55.5,"ID":5}],[{"utility":78,"ID":2},{"utility":10,"ID":3}],[],[],[]],"CORE :":false,"LAST PARTITION":{"1":4,"2":1,"3":1,"4":2,"5":2}},{"STARTING PARTITION: ":{"1":2,"2":2,"3":1,"4":1,"5":1},"Agents":[null,{"utility":58,"ID":1},{"utility":0,"ID":2},{"utility":70,"ID":3},{"utility":93,"ID":4},{"utility":74,"ID":5}],"LAST COALITION":[[],[{"utility":58,"ID":1},{"utility":70,"ID":3}],[],[{"utility":93,"ID":4},{"utility":74,"ID":5}],[{"utility":0,"ID":2}],[]],"STARTING COALITION: ":[[null],[{"utility":66.5,"ID":3},{"utility":89,"ID":4},{"utility":69.5,"ID":5}],[{"utility":89,"ID":1},{"utility":71,"ID":2}],[],[],[]],"CORE :":false,"LAST PARTITION":{"1":1,"2":4,"3":1,"4":3,"5":3}},{"STARTING PARTITION: ":{"1":1,"2":2,"3":3,"4":2,"5":1},"Agents":[null,{"utility":0,"ID":1},{"utility":78,"ID":2},{"utility":10,"ID":3},{"utility":93,"ID":4},{"utility":74,"ID":5}],"LAST COALITION":[[],[{"utility":78,"ID":2},{"utility":10,"ID":3}],[],[{"utility":0,"ID":1}],[{"utility":93,"ID":4},{"utility":74,"ID":5}],[]],"STARTING COALITION: ":[[null],[{"utility":76,"ID":1},{"utility":37,"ID":5}],[{"utility":95,"ID":2},{"utility":4,"ID":4}],[{"utility":0,"ID":3}],[],[]],"CORE :":false,"LAST PARTITION":{"1":3,"2":1,"3":1,"4":4,"5":4}},{"STARTING PARTITION: ":{"1":3,"2":1,"3":1,"4":1,"5":3},"Agents":[null,{"utility":0,"ID":1},{"utility":78,"ID":2},{"utility":10,"ID":3},{"utility":93,"ID":4},{"utility":74,"ID":5}],"LAST COALITION":[[],[{"utility":93,"ID":4},{"utility":74,"ID":5}],[],[{"utility":78,"ID":2},{"utility":10,"ID":3}],[{"utility":0,"ID":1}],[]],"STARTING COALITION: ":[[null],[{"utility":86.5,"ID":2},{"utility":46,"ID":3},{"utility":44.5,"ID":4}],[],[{"utility":76,"ID":1},{"utility":37,"ID":5}],[],[]],"CORE :":false,"LAST PARTITION":{"1":4,"2":3,"3":3,"4":1,"5":1}},{"STARTING PARTITION: ":{"1":3,"2":1,"3":1,"4":1,"5":3},"Agents":[null,{"utility":58,"ID":1},{"utility":0,"ID":2},{"utility":70,"ID":3},{"utility":93,"ID":4},{"utility":74,"ID":5}],"LAST COALITION":[[],[{"utility":93,"ID":4},{"utility":74,"ID":5}],[{"utility":58,"ID":1},{"utility":70,"ID":3}],[{"utility":0,"ID":2}],[],[]],"STARTING COALITION: ":[[null],[{"utility":86.5,"ID":2},{"utility":46,"ID":3},{"utility":44.5,"ID":4}],[],[{"utility":76,"ID":1},{"utility":37,"ID":5}],[],[]],"CORE :":false,"LAST PARTITION":{"1":2,"2":3,"3":2,"4":1,"5":1}},{"STARTING PARTITION: ":{"1":1,"2":3,"3":3,"4":1,"5":2},"Agents":[null,{"utility":58,"ID":1},{"utility":0,"ID":2},{"utility":70,"ID":3},{"utility":93,"ID":4},{"utility":74,"ID":5}],"LAST COALITION":[[],[{"utility":93,"ID":4},{"utility":74,"ID":5}],[{"utility":0,"ID":2}],[{"utility":58,"ID":1},{"utility":70,"ID":3}],[],[]],"STARTING COALITION: ":[[null],[{"utility":93,"ID":1},{"utility":35,"ID":4}],[{"utility":0,"ID":5}],[{"utility":78,"ID":2},{"utility":10,"ID":3}],[],[]],"CORE :":false,"LAST PARTITION":{"1":3,"2":2,"3":3,"4":1,"5":1}},{"STARTING PARTITION: ":{"1":3,"2":3,"3":1,"4":1,"5":3},"Agents":[null,{"utility":58,"ID":1},{"utility":0,"ID":2},{"utility":70,"ID":3},{"utility":93,"ID":4},{"utility":74,"ID":5}],"LAST COALITION":[[],[{"utility":58,"ID":1},{"utility":70,"ID":3}],[],[{"utility":0,"ID":2}],[{"utility":93,"ID":4},{"utility":74,"ID":5}],[]],"STARTING COALITION: ":[[null],[{"utility":82,"ID":3},{"utility":85,"ID":4}],[],[{"utility":82.5,"ID":1},{"utility":65.5,"ID":2},{"utility":27.5,"ID":5}],[],[]],"CORE :":false,"LAST PARTITION":{"1":1,"2":3,"3":1,"4":4,"5":4}},{"STARTING PARTITION: ":{"1":1,"2":3,"3":1,"4":1,"5":1},"Agents":[null,{"utility":89,"ID":1},{"utility":71,"ID":2},{"utility":0,"ID":3},{"utility":93,"ID":4},{"utility":74,"ID":5}],"LAST COALITION":[[],[{"utility":0,"ID":3}],[{"utility":89,"ID":1},{"utility":71,"ID":2}],[{"utility":93,"ID":4},{"utility":74,"ID":5}],[],[]],"STARTING COALITION: ":[[null],[{"utility":75.66666666666667,"ID":1},{"utility":67.66666666666667,"ID":3},{"utility":71,"ID":4},{"utility":58.666666666666664,"ID":5}],[],[{"utility":0,"ID":2}],[],[]],"CORE :":false,"LAST PARTITION":{"1":2,"2":2,"3":1,"4":3,"5":3}},{"STARTING PARTITION: ":{"1":1,"2":1,"3":3,"4":1,"5":3},"Agents":[null,{"utility":89,"ID":1},{"utility":71,"ID":2},{"utility":0,"ID":3},{"utility":93,"ID":4},{"utility":74,"ID":5}],"LAST COALITION":[[],[{"utility":93,"ID":4},{"utility":74,"ID":5}],[],[{"utility":0,"ID":3}],[{"utility":89,"ID":1},{"utility":71,"ID":2}],[]],"STARTING COALITION: ":[[null],[{"utility":91,"ID":1},{"utility":83,"ID":2},{"utility":19.5,"ID":4}],[],[{"utility":51,"ID":3},{"utility":65,"ID":5}],[],[]],"CORE :":false,"LAST PARTITION":{"1":4,"2":4,"3":3,"4":1,"5":1}},{"STARTING PARTITION: ":{"1":3,"2":2,"3":1,"4":2,"5":2},"Agents":[null,{"utility":89,"ID":1},{"utility":71,"ID":2},{"utility":0,"ID":3},{"utility":93,"ID":4},{"utility":74,"ID":5}],"LAST COALITION":[[],[{"utility":0,"ID":3}],[],[{"utility":89,"ID":1},{"utility":71,"ID":2}],[{"utility":93,"ID":4},{"utility":74,"ID":5}],[]],"STARTING COALITION: ":[[null],[{"utility":0,"ID":3}],[{"utility":77.5,"ID":2},{"utility":48.5,"ID":4},{"utility":46,"ID":5}],[{"utility":0,"ID":1}],[],[]],"CORE :":false,"LAST PARTITION":{"1":3,"2":3,"3":1,"4":4,"5":4}},{"STARTING PARTITION: ":{"1":1,"2":2,"3":1,"4":2,"5":1},"Agents":[null,{"utility":58,"ID":1},{"utility":0,"ID":2},{"utility":70,"ID":3},{"utility":93,"ID":4},{"utility":74,"ID":5}],"LAST COALITION":[[],[{"utility":0,"ID":2}],[{"utility":93,"ID":4},{"utility":74,"ID":5}],[{"utility":58,"ID":1},{"utility":70,"ID":3}],[],[]],"STARTING COALITION: ":[[null],[{"utility":67,"ID":1},{"utility":60.5,"ID":3},{"utility":51,"ID":5}],[{"utility":95,"ID":2},{"utility":4,"ID":4}],[],[],[]],"CORE :":false,"LAST PARTITION":{"1":3,"2":1,"3":3,"4":2,"5":2}},{"STARTING PARTITION: ":{"1":1,"2":2,"3":1,"4":1,"5":3},"Agents":[null,{"utility":58,"ID":1},{"utility":0,"ID":2},{"utility":70,"ID":3},{"utility":93,"ID":4},{"utility":74,"ID":5}],"LAST COALITION":[[],[{"utility":58,"ID":1},{"utility":70,"ID":3}],[{"utility":93,"ID":4},{"utility":74,"ID":5}],[{"utility":0,"ID":2}],[],[]],"STARTING COALITION: ":[[null],[{"utility":75.5,"ID":1},{"utility":76,"ID":3},{"utility":60,"ID":4}],[{"utility":0,"ID":2}],[{"utility":0,"ID":5}],[],[]],"CORE :":false,"LAST PARTITION":{"1":1,"2":3,"3":1,"4":2,"5":2}},{"STARTING PARTITION: ":{"1":3,"2":1,"3":1,"4":2,"5":3},"Agents":[null,{"utility":0,"ID":1},{"utility":78,"ID":2},{"utility":10,"ID":3},{"utility":93,"ID":4},{"utility":74,"ID":5}],"LAST COALITION":[[],[{"utility":93,"ID":4},{"utility":74,"ID":5}],[],[{"utility":78,"ID":2},{"utility":10,"ID":3}],[{"utility":0,"ID":1}],[]],"STARTING COALITION: ":[[null],[{"utility":78,"ID":2},{"utility":10,"ID":3}],[{"utility":0,"ID":4}],[{"utility":76,"ID":1},{"utility":37,"ID":5}],[],[]],"CORE :":false,"LAST PARTITION":{"1":4,"2":3,"3":3,"4":1,"5":1}},{"STARTING PARTITION: ":{"1":3,"2":2,"3":2,"4":1,"5":3},"Agents":[null,{"utility":0,"ID":1},{"utility":78,"ID":2},{"utility":10,"ID":3},{"utility":93,"ID":4},{"utility":74,"ID":5}],"LAST COALITION":[[],[],[{"utility":93,"ID":4},{"utility":74,"ID":5}],[{"utility":78,"ID":2},{"utility":10,"ID":3}],[{"utility":0,"ID":1}],[]],"STARTING COALITION: ":[[null],[{"utility":0,"ID":4}],[{"utility":78,"ID":2},{"utility":10,"ID":3}],[{"utility":76,"ID":1},{"utility":37,"ID":5}],[],[]],"CORE :":false,"LAST PARTITION":{"1":4,"2":3,"3":3,"4":2,"5":2}},{"STARTING PARTITION: ":{"1":2,"2":1,"3":1,"4":2,"5":2},"Agents":[null,{"utility":0,"ID":1},{"utility":78,"ID":2},{"utility":10,"ID":3},{"utility":93,"ID":4},{"utility":74,"ID":5}],"LAST COALITION":[[],[{"utility":93,"ID":4},{"utility":74,"ID":5}],[{"utility":78,"ID":2},{"utility":10,"ID":3}],[],[{"utility":0,"ID":1}],[]],"STARTING COALITION: ":[[null],[{"utility":78,"ID":2},{"utility":10,"ID":3}],[{"utility":84.5,"ID":1},{"utility":64,"ID":4},{"utility":55.5,"ID":5}],[],[],[]],"CORE :":false,"LAST PARTITION":{"1":4,"2":2,"3":2,"4":1,"5":1}},{"STARTING PARTITION: ":{"1":1,"2":2,"3":2,"4":2,"5":2},"Agents":[null,{"utility":0,"ID":1},{"utility":78,"ID":2},{"utility":10,"ID":3},{"utility":93,"ID":4},{"utility":74,"ID":5}],"LAST COALITION":[[],[],[{"utility":78,"ID":2},{"utility":10,"ID":3}],[{"utility":93,"ID":4},{"utility":74,"ID":5}],[{"utility":0,"ID":1}],[]],"STARTING COALITION: ":[[null],[{"utility":0,"ID":1}],[{"utility":77.66666666666667,"ID":2},{"utility":47.666666666666664,"ID":3},{"utility":60.666666666666664,"ID":4},{"utility":52.333333333333336,"ID":5}],[],[],[]],"CORE :":false,"LAST PARTITION":{"1":4,"2":2,"3":2,"4":3,"5":3}},{"STARTING PARTITION: ":{"1":2,"2":1,"3":3,"4":2,"5":2},"Agents":[null,{"utility":0,"ID":1},{"utility":78,"ID":2},{"utility":10,"ID":3},{"utility":93,"ID":4},{"utility":74,"ID":5}],"LAST COALITION":[[],[{"utility":78,"ID":2},{"utility":10,"ID":3}],[{"utility":93,"ID":4},{"utility":74,"ID":5}],[],[{"utility":0,"ID":1}],[]],"STARTING COALITION: ":[[null],[{"utility":0,"ID":2}],[{"utility":84.5,"ID":1},{"utility":64,"ID":4},{"utility":55.5,"ID":5}],[{"utility":0,"ID":3}],[],[]],"CORE :":false,"LAST PARTITION":{"1":4,"2":1,"3":1,"4":2,"5":2}},{"STARTING PARTITION: ":{"1":3,"2":3,"3":2,"4":2,"5":2},"Agents":[null,{"utility":58,"ID":1},{"utility":0,"ID":2},{"utility":70,"ID":3},{"utility":93,"ID":4},{"utility":74,"ID":5}],"LAST COALITION":[[],[{"utility":93,"ID":4},{"utility":74,"ID":5}],[{"utility":58,"ID":1},{"utility":70,"ID":3}],[],[{"utility":0,"ID":2}],[]],"STARTING COALITION: ":[[null],[],[{"utility":66.5,"ID":3},{"utility":89,"ID":4},{"utility":69.5,"ID":5}],[{"utility":89,"ID":1},{"utility":71,"ID":2}],[],[]],"CORE :":false,"LAST PARTITION":{"1":2,"2":4,"3":2,"4":1,"5":1}},{"STARTING PARTITION: ":{"1":3,"2":3,"3":3,"4":2,"5":3},"Agents":[null,{"utility":0,"ID":1},{"utility":78,"ID":2},{"utility":10,"ID":3},{"utility":93,"ID":4},{"utility":74,"ID":5}],"LAST COALITION":[[],[{"utility":93,"ID":4},{"utility":74,"ID":5}],[],[{"utility":78,"ID":2},{"utility":10,"ID":3}],[{"utility":0,"ID":1}],[]],"STARTING COALITION: ":[[null],[],[{"utility":0,"ID":4}],[{"utility":74.33333333333333,"ID":1},{"utility":69.66666666666667,"ID":2},{"utility":43.666666666666664,"ID":3},{"utility":40,"ID":5}],[],[]],"CORE :":false,"LAST PARTITION":{"1":4,"2":3,"3":3,"4":1,"5":1}},{"STARTING PARTITION: ":{"1":3,"2":1,"3":1,"4":2,"5":3},"Agents":[null,{"utility":58,"ID":1},{"utility":0,"ID":2},{"utility":70,"ID":3},{"utility":93,"ID":4},{"utility":74,"ID":5}],"LAST COALITION":[[],[{"utility":93,"ID":4},{"utility":74,"ID":5}],[{"utility":58,"ID":1},{"utility":70,"ID":3}],[{"utility":0,"ID":2}],[],[]],"STARTING COALITION: ":[[null],[{"utility":78,"ID":2},{"utility":10,"ID":3}],[{"utility":0,"ID":4}],[{"utility":76,"ID":1},{"utility":37,"ID":5}],[],[]],"CORE :":false,"LAST PARTITION":{"1":2,"2":3,"3":2,"4":1,"5":1}},{"END OF FILE:" : true}]