[{"STARTING PARTITION: ":{"1":2,"2":1,"3":2,"4":1,"5":3},"Agents":[null,{"utility":50,"ID":1},{"utility":0,"ID":2},{"utility":21,"ID":3},{"utility":77,"ID":4},{"utility":87,"ID":5}],"LAST COALITION":[[],[{"utility":0,"ID":2}],[{"utility":21,"ID":3},{"utility":87,"ID":5}],[],[{"utility":50,"ID":1},{"utility":77,"ID":4}],[]],"STARTING COALITION: ":[[null],[{"utility":85,"ID":2},{"utility":12,"ID":4}],[{"utility":3,"ID":1},{"utility":20,"ID":3}],[{"utility":0,"ID":5}],[],[]],"CORE :":false,"LAST PARTITION":{"1":4,"2":1,"3":2,"4":4,"5":2}},{"STARTING PARTITION: ":{"1":1,"2":1,"3":3,"4":2,"5":2},"Agents":[null,{"utility":50,"ID":1},{"utility":43,"ID":2},{"utility":54,"ID":3},{"utility":77,"ID":4},{"utility":0,"ID":5}],"LAST COALITION":[[],[],[{"utility":0,"ID":5}],[{"utility":43,"ID":2},{"utility":54,"ID":3}],[{"utility":50,"ID":1},{"utility":77,"ID":4}],[]],"STARTING COALITION: ":[[null],[{"utility":14,"ID":1},{"utility":57,"ID":2}],[{"utility":58,"ID":4},{"utility":52,"ID":5}],[{"utility":0,"ID":3}],[],[]],"CORE :":false,"LAST PARTITION":{"1":4,"2":3,"3":3,"4":4,"5":2}},{"STARTING PARTITION: ":{"1":2,"2":2,"3":2,"4":2,"5":3},"Agents":[null,{"utility":50,"ID":1},{"utility":43,"ID":2},{"utility":54,"ID":3},{"utility":77,"ID":4},{"utility":0,"ID":5}],"LAST COALITION":[[],[{"utility":50,"ID":1},{"utility":77,"ID":4}],[{"utility":43,"ID":2},{"utility":54,"ID":3}],[{"utility":0,"ID":5}],[],[]],"STARTING COALITION: ":[[null],[],[{"utility":22.333333333333332,"ID":1},{"utility":61.666666666666664,"ID":2},{"utility":37,"ID":3},{"utility":54,"ID":4}],[{"utility":0,"ID":5}],[],[]],"CORE :":false,"LAST PARTITION":{"1":1,"2":2,"3":2,"4":1,"5":3}},{"STARTING PARTITION: ":{"1":2,"2":3,"3":3,"4":3,"5":1},"Agents":[null,{"utility":50,"ID":1},{"utility":0,"ID":2},{"utility":21,"ID":3},{"utility":77,"ID":4},{"utility":87,"ID":5}],"LAST COALITION":[[],[{"utility":21,"ID":3},{"utility":87,"ID":5}],[{"utility":0,"ID":2}],[],[{"utility":50,"ID":1},{"utility":77,"ID":4}],[]],"STARTING COALITION: ":[[null],[{"utility":0,"ID":5}],[{"utility":0,"ID":1}],[{"utility":64,"ID":2},{"utility":45.5,"ID":3},{"utility":42.5,"ID":4}],[],[]],"CORE :":false,"LAST PARTITION":{"1":4,"2":2,"3":1,"4":4,"5":1}},{"STARTING PARTITION: ":{"1":1,"2":1,"3":2,"4":3,"5":3},"Agents":[null,{"utility":50,"ID":1},{"utility":0,"ID":2},{"utility":21,"ID":3},{"utility":77,"ID":4},{"utility":87,"ID":5}],"LAST COALITION":[[],[{"utility":0,"ID":2}],[{"utility":21,"ID":3},{"utility":87,"ID":5}],[],[{"utility":50,"ID":1},{"utility":77,"ID":4}],[]],"STARTING COALITION: ":[[null],[{"utility":14,"ID":1},{"utility":57,"ID":2}],[{"utility":0,"ID":3}],[{"utility":58,"ID":4},{"utility":52,"ID":5}],[],[]],"CORE :":false,"LAST PARTITION":{"1":4,"2":1,"3":2,"4":4,"5":2}},{"STARTING PARTITION: ":{"1":3,"2":2,"3":2,"4":3,"5":3},"Agents":[null,{"utility":50,"ID":1},{"utility":58,"ID":2},{"utility":0,"ID":3},{"utility":77,"ID":4},{"utility":2,"ID":5}],"LAST COALITION":[[],[{"utility":50,"ID":1},{"utility":77,"ID":4}],[{"utility":0,"ID":3}],[],[{"utility":58,"ID":2},{"utility":2,"ID":5}],[]],"STARTING COALITION: ":[[null],[],[{"utility":43,"ID":2},{"utility":54,"ID":3}],[{"utility":43,"ID":1},{"utility":67.5,"ID":4},{"utility":47,"ID":5}],[],[]],"CORE :":false,"LAST PARTITION":{"1":1,"2":4,"3":2,"4":1,"5":4}},{"STARTING PARTITION: ":{"1":1,"2":3,"3":2,"4":3,"5":2},"Agents":[null,{"utility":50,"ID":1},{"utility":0,"ID":2},{"utility":21,"ID":3},{"utility":77,"ID":4},{"utility":87,"ID":5}],"LAST COALITION":[[],[],[{"utility":21,"ID":3},{"utility":87,"ID":5}],[{"utility":0,"ID":2}],[{"utility":50,"ID":1},{"utility":77,"ID":4}],[]],"STARTING COALITION: ":[[null],[{"utility":0,"ID":1}],[{"utility":21,"ID":3},{"utility":87,"ID":5}],[{"utility":85,"ID":2},{"utility":12,"ID":4}],[],[]],"CORE :":false,"LAST PARTITION":{"1":4,"2":3,"3":2,"4":4,"5":2}},{"STARTING PARTITION: ":{"1":1,"2":2,"3":3,"4":3,"5":1},"Agents":[null,{"utility":50,"ID":1},{"utility":58,"ID":2},{"utility":0,"ID":3},{"utility":77,"ID":4},{"utility":2,"ID":5}],"LAST COALITION":[[],[],[{"utility":58,"ID":2},{"utility":2,"ID":5}],[{"utility":0,"ID":3}],[{"utility":50,"ID":1},{"utility":77,"ID":4}],[]],"STARTING COALITION: ":[[null],[{"utility":36,"ID":1},{"utility":42,"ID":5}],[{"utility":0,"ID":2}],[{"utility":37,"ID":3},{"utility":73,"ID":4}],[],[]],"CORE :":false,"LAST PARTITION":{"1":4,"2":2,"3":3,"4":4,"5":2}},{"STARTING PARTITION: ":{"1":1,"2":1,"3":2,"4":1,"5":3},"Agents":[null,{"utility":50,"ID":1},{"utility":0,"ID":2},{"utility":21,"ID":3},{"utility":77,"ID":4},{"utility":87,"ID":5}],"LAST COALITION":[[],[{"utility":0,"ID":2}],[{"utility":21,"ID":3},{"utility":87,"ID":5}],[],[{"utility":50,"ID":1},{"utility":77,"ID":4}],[]],"STARTING COALITION: ":[[null],[{"utility":32,"ID":1},{"utility":71,"ID":2},{"utility":44.5,"ID":4}],[{"utility":0,"ID":3}],[{"utility":0,"ID":5}],[],[]],"CORE :":false,"LAST PARTITION":{"1":4,"2":1,"3":2,"4":4,"5":2}},{"STARTING PARTITION: ":{"1":3,"2":3,"3":3,"4":2,"5":3},"Agents":[null,{"utility":50,"ID":1},{"utility":50.5,"ID":2},{"utility":37.5,"ID":3},{"utility":77,"ID":4},{"utility":44.5,"ID":5}],"LAST COALITION":[[],[{"utility":50,"ID":1},{"utility":77,"ID":4}],[],[{"utility":50.5,"ID":2},{"utility":37.5,"ID":3},{"utility":44.5,"ID":5}],[],[]],"STARTING COALITION: ":[[null],[],[{"utility":0,"ID":4}],[{"utility":17.666666666666668,"ID":1},{"utility":52.666666666666664,"ID":2},{"utility":31.666666666666668,"ID":3},{"utility":43.666666666666664,"ID":5}],[],[]],"CORE :":true,"LAST PARTITION":{"1":1,"2":3,"3":3,"4":1,"5":3}},{"STARTING PARTITION: ":{"1":1,"2":1,"3":1,"4":1,"5":3},"Agents":[null,{"utility":50,"ID":1},{"utility":58,"ID":2},{"utility":0,"ID":3},{"utility":77,"ID":4},{"utility":2,"ID":5}],"LAST COALITION":[[],[{"utility":0,"ID":3}],[{"utility":50,"ID":1},{"utility":77,"ID":4}],[],[{"utility":58,"ID":2},{"utility":2,"ID":5}],[]],"STARTING COALITION: ":[[null],[{"utility":22.333333333333332,"ID":1},{"utility":61.666666666666664,"ID":2},{"utility":37,"ID":3},{"utility":54,"ID":4}],[],[{"utility":0,"ID":5}],[],[]],"CORE :":false,"LAST PARTITION":{"1":2,"2":4,"3":1,"4":2,"5":4}},{"STARTING PARTITION: ":{"1":2,"2":2,"3":1,"4":3,"5":3},"Agents":[null,{"utility":50,"ID":1},{"utility":0,"ID":2},{"utility":21,"ID":3},{"utility":77,"ID":4},{"utility":87,"ID":5}],"LAST COALITION":[[],[{"utility":0,"ID":2}],[{"utility":21,"ID":3},{"utility":87,"ID":5}],[],[{"utility":50,"ID":1},{"utility":77,"ID":4}],[]],"STARTING COALITION: ":[[null],[{"utility":0,"ID":3}],[{"utility":14,"ID":1},{"utility":57,"ID":2}],[{"utility":58,"ID":4},{"utility":52,"ID":5}],[],[]],"CORE :":false,"LAST PARTITION":{"1":4,"2":1,"3":2,"4":4,"5":2}},{"STARTING PARTITION: ":{"1":2,"2":2,"3":3,"4":2,"5":2},"Agents":[null,{"utility":50,"ID":1},{"utility":43,"ID":2},{"utility":54,"ID":3},{"utility":77,"ID":4},{"utility":0,"ID":5}],"LAST COALITION":[[],[{"utility":50,"ID":1},{"utility":77,"ID":4}],[],[{"utility":43,"ID":2},{"utility":54,"ID":3}],[{"utility":0,"ID":5}],[]],"STARTING COALITION: ":[[null],[],[{"utility":33.333333333333336,"ID":1},{"utility":66.66666666666667,"ID":2},{"utility":49,"ID":4},{"utility":32,"ID":5}],[{"utility":0,"ID":3}],[],[]],"CORE :":false,"LAST PARTITION":{"1":1,"2":3,"3":3,"4":1,"5":4}},{"STARTING PARTITION: ":{"1":1,"2":1,"3":2,"4":3,"5":1},"Agents":[null,{"utility":50,"ID":1},{"utility":0,"ID":2},{"utility":21,"ID":3},{"utility":77,"ID":4},{"utility":87,"ID":5}],"LAST COALITION":[[],[{"utility":0,"ID":2}],[],[{"utility":21,"ID":3},{"utility":87,"ID":5}],[{"utility":50,"ID":1},{"utility":77,"ID":4}],[]],"STARTING COALITION: ":[[null],[{"utility":25,"ID":1},{"utility":57.5,"ID":2},{"utility":22,"ID":5}],[{"utility":0,"ID":3}],[{"utility":0,"ID":4}],[],[]],"CORE :":false,"LAST PARTITION":{"1":4,"2":1,"3":3,"4":4,"5":3}},{"STARTING PARTITION: ":{"1":3,"2":2,"3":1,"4":2,"5":3},"Agents":[null,{"utility":50,"ID":1},{"utility":0,"ID":2},{"utility":21,"ID":3},{"utility":77,"ID":4},{"utility":87,"ID":5}],"LAST COALITION":[[],[{"utility":0,"ID":2}],[{"utility":21,"ID":3},{"utility":87,"ID":5}],[],[{"utility":50,"ID":1},{"utility":77,"ID":4}],[]],"STARTING COALITION: ":[[null],[{"utility":0,"ID":3}],[{"utility":85,"ID":2},{"utility":12,"ID":4}],[{"utility":36,"ID":1},{"utility":42,"ID":5}],[],[]],"CORE :":false,"LAST PARTITION":{"1":4,"2":1,"3":2,"4":4,"5":2}},{"STARTING PARTITION: ":{"1":2,"2":1,"3":1,"4":1,"5":2},"Agents":[null,{"utility":50,"ID":1},{"utility":0,"ID":2},{"utility":21,"ID":3},{"utility":77,"ID":4},{"utility":87,"ID":5}],"LAST COALITION":[[],[],[{"utility":21,"ID":3},{"utility":87,"ID":5}],[{"utility":50,"ID":1},{"utility":77,"ID":4}],[{"utility":0,"ID":2}],[]],"STARTING COALITION: ":[[null],[{"utility":64,"ID":2},{"utility":45.5,"ID":3},{"utility":42.5,"ID":4}],[{"utility":36,"ID":1},{"utility":42,"ID":5}],[],[],[]],"CORE :":false,"LAST PARTITION":{"1":3,"2":4,"3":2,"4":3,"5":2}},{"STARTING PARTITION: ":{"1":3,"2":2,"3":3,"4":3,"5":1},"Agents":[null,{"utility":50,"ID":1},{"utility":0,"ID":2},{"utility":21,"ID":3},{"utility":77,"ID":4},{"utility":87,"ID":5}],"LAST COALITION":[[],[{"utility":21,"ID":3},{"utility":87,"ID":5}],[{"utility":0,"ID":2}],[],[{"utility":50,"ID":1},{"utility":77,"ID":4}],[]],"STARTING COALITION: ":[[null],[{"utility":0,"ID":5}],[{"utility":0,"ID":2}],[{"utility":26.5,"ID":1},{"utility":28.5,"ID":3},{"utility":75,"ID":4}],[],[]],"CORE :":false,"LAST PARTITION":{"1":4,"2":2,"3":1,"4":4,"5":1}},{"STARTING PARTITION: ":{"1":1,"2":1,"3":2,"4":2,"5":1},"Agents":[null,{"utility":50,"ID":1},{"utility":0,"ID":2},{"utility":21,"ID":3},{"utility":77,"ID":4},{"utility":87,"ID":5}],"LAST COALITION":[[],[{"utility":0,"ID":2}],[],[{"utility":50,"ID":1},{"utility":77,"ID":4}],[{"utility":21,"ID":3},{"utility":87,"ID":5}],[]],"STARTING COALITION: ":[[null],[{"utility":25,"ID":1},{"utility":57.5,"ID":2},{"utility":22,"ID":5}],[{"utility":37,"ID":3},{"utility":73,"ID":4}],[],[],[]],"CORE :":false,"LAST PARTITION":{"1":3,"2":1,"3":4,"4":3,"5":4}},{"STARTING PARTITION: ":{"1":2,"2":2,"3":1,"4":2,"5":3},"Agents":[null,{"utility":50,"ID":1},{"utility":43,"ID":2},{"utility":54,"ID":3},{"utility":77,"ID":4},{"utility":0,"ID":5}],"LAST COALITION":[[],[],[{"utility":0,"ID":5}],[{"utility":43,"ID":2},{"utility":54,"ID":3}],[{"utility":50,"ID":1},{"utility":77,"ID":4}],[]],"STARTING COALITION: ":[[null],[{"utility":0,"ID":3}],[{"utility":32,"ID":1},{"utility":71,"ID":2},{"utility":44.5,"ID":4}],[{"utility":0,"ID":5}],[],[]],"CORE :":false,"LAST PARTITION":{"1":4,"2":3,"3":3,"4":4,"5":2}},{"STARTING PARTITION: ":{"1":2,"2":2,"3":1,"4":3,"5":2},"Agents":[null,{"utility":50,"ID":1},{"utility":0,"ID":2},{"utility":21,"ID":3},{"utility":77,"ID":4},{"utility":87,"ID":5}],"LAST COALITION":[[],[],[{"utility":0,"ID":2}],[{"utility":21,"ID":3},{"utility":87,"ID":5}],[{"utility":50,"ID":1},{"utility":77,"ID":4}],[]],"STARTING COALITION: ":[[null],[{"utility":0,"ID":3}],[{"utility":25,"ID":1},{"utility":57.5,"ID":2},{"utility":22,"ID":5}],[{"utility":0,"ID":4}],[],[]],"CORE :":false,"LAST PARTITION":{"1":4,"2":2,"3":3,"4":4,"5":3}},{"END OF FILE:" : true}]