[{"STARTING PARTITION: ":{"1":1,"2":3,"3":1,"4":2,"5":1},"Agents":[null,{"utility":0,"ID":1},{"utility":56,"ID":2},{"utility":97,"ID":3},{"utility":91,"ID":4},{"utility":91,"ID":5}],"LAST COALITION":[[],[{"utility":97,"ID":3},{"utility":91,"ID":5}],[],[{"utility":56,"ID":2},{"utility":91,"ID":4}],[{"utility":0,"ID":1}],[]],"STARTING COALITION: ":[[null],[{"utility":74.5,"ID":1},{"utility":79.5,"ID":3},{"utility":87.5,"ID":5}],[{"utility":0,"ID":4}],[{"utility":0,"ID":2}],[],[]],"CORE :":true,"LAST PARTITION":{"1":4,"2":3,"3":1,"4":3,"5":1}},{"STARTING PARTITION: ":{"1":3,"2":1,"3":1,"4":3,"5":3},"Agents":[null,{"utility":0,"ID":1},{"utility":56,"ID":2},{"utility":97,"ID":3},{"utility":91,"ID":4},{"utility":91,"ID":5}],"LAST COALITION":[[],[{"utility":97,"ID":3},{"utility":91,"ID":5}],[],[],[{"utility":56,"ID":2},{"utility":91,"ID":4}],[{"utility":0,"ID":1}]],"STARTING COALITION: ":[[null],[{"utility":20,"ID":2},{"utility":25,"ID":3}],[],[{"utility":63,"ID":1},{"utility":44.5,"ID":4},{"utility":91,"ID":5}],[],[]],"CORE :":true,"LAST PARTITION":{"1":5,"2":4,"3":1,"4":4,"5":1}},{"STARTING PARTITION: ":{"1":2,"2":3,"3":1,"4":2,"5":3},"Agents":[null,{"utility":0,"ID":1},{"utility":56,"ID":2},{"utility":97,"ID":3},{"utility":91,"ID":4},{"utility":91,"ID":5}],"LAST COALITION":[[],[{"utility":56,"ID":2},{"utility":91,"ID":4}],[{"utility":97,"ID":3},{"utility":91,"ID":5}],[],[{"utility":0,"ID":1}],[]],"STARTING COALITION: ":[[null],[{"utility":0,"ID":3}],[{"utility":65,"ID":1},{"utility":70,"ID":4}],[{"utility":49,"ID":2},{"utility":38,"ID":5}],[],[]],"CORE :":true,"LAST PARTITION":{"1":4,"2":1,"3":2,"4":1,"5":2}},{"STARTING PARTITION: ":{"1":3,"2":2,"3":1,"4":2,"5":3},"Agents":[null,{"utility":0,"ID":1},{"utility":56,"ID":2},{"utility":97,"ID":3},{"utility":91,"ID":4},{"utility":91,"ID":5}],"LAST COALITION":[[],[{"utility":97,"ID":3},{"utility":91,"ID":5}],[{"utility":56,"ID":2},{"utility":91,"ID":4}],[],[{"utility":0,"ID":1}],[]],"STARTING COALITION: ":[[null],[{"utility":0,"ID":3}],[{"utility":56,"ID":2},{"utility":91,"ID":4}],[{"utility":61,"ID":1},{"utility":84,"ID":5}],[],[]],"CORE :":true,"LAST PARTITION":{"1":4,"2":2,"3":1,"4":2,"5":1}},{"STARTING PARTITION: ":{"1":1,"2":2,"3":3,"4":1,"5":2},"Agents":[null,{"utility":0,"ID":1},{"utility":56,"ID":2},{"utility":97,"ID":3},{"utility":91,"ID":4},{"utility":91,"ID":5}],"LAST COALITION":[[],[{"utility":97,"ID":3},{"utility":91,"ID":5}],[],[{"utility":56,"ID":2},{"utility":91,"ID":4}],[{"utility":0,"ID":1}],[]],"STARTING COALITION: ":[[null],[{"utility":65,"ID":1},{"utility":70,"ID":4}],[{"utility":49,"ID":2},{"utility":38,"ID":5}],[{"utility":0,"ID":3}],[],[]],"CORE :":true,"LAST PARTITION":{"1":4,"2":3,"3":1,"4":3,"5":1}},{"STARTING PARTITION: ":{"1":1,"2":3,"3":2,"4":3,"5":2},"Agents":[null,{"utility":0,"ID":1},{"utility":56,"ID":2},{"utility":97,"ID":3},{"utility":91,"ID":4},{"utility":91,"ID":5}],"LAST COALITION":[[],[{"utility":0,"ID":1}],[{"utility":97,"ID":3},{"utility":91,"ID":5}],[{"utility":56,"ID":2},{"utility":91,"ID":4}],[],[]],"STARTING COALITION: ":[[null],[{"utility":0,"ID":1}],[{"utility":97,"ID":3},{"utility":91,"ID":5}],[{"utility":56,"ID":2},{"utility":91,"ID":4}],[],[]],"CORE :":true,"LAST PARTITION":{"1":1,"2":3,"3":2,"4":3,"5":2}},{"STARTING PARTITION: ":{"1":1,"2":3,"3":3,"4":1,"5":3},"Agents":[null,{"utility":0,"ID":1},{"utility":56,"ID":2},{"utility":97,"ID":3},{"utility":91,"ID":4},{"utility":91,"ID":5}],"LAST COALITION":[[],[{"utility":97,"ID":3},{"utility":91,"ID":5}],[{"utility":0,"ID":1}],[],[{"utility":56,"ID":2},{"utility":91,"ID":4}],[]],"STARTING COALITION: ":[[null],[{"utility":65,"ID":1},{"utility":70,"ID":4}],[],[{"utility":34.5,"ID":2},{"utility":61,"ID":3},{"utility":64.5,"ID":5}],[],[]],"CORE :":true,"LAST PARTITION":{"1":2,"2":4,"3":1,"4":4,"5":1}},{"STARTING PARTITION: ":{"1":2,"2":1,"3":3,"4":1,"5":2},"Agents":[null,{"utility":0,"ID":1},{"utility":56,"ID":2},{"utility":97,"ID":3},{"utility":91,"ID":4},{"utility":91,"ID":5}],"LAST COALITION":[[],[{"utility":56,"ID":2},{"utility":91,"ID":4}],[],[{"utility":97,"ID":3},{"utility":91,"ID":5}],[{"utility":0,"ID":1}],[]],"STARTING COALITION: ":[[null],[{"utility":56,"ID":2},{"utility":91,"ID":4}],[{"utility":61,"ID":1},{"utility":84,"ID":5}],[{"utility":0,"ID":3}],[],[]],"CORE :":true,"LAST PARTITION":{"1":4,"2":1,"3":3,"4":1,"5":3}},{"STARTING PARTITION: ":{"1":2,"2":1,"3":2,"4":3,"5":2},"Agents":[null,{"utility":0,"ID":1},{"utility":56,"ID":2},{"utility":97,"ID":3},{"utility":91,"ID":4},{"utility":91,"ID":5}],"LAST COALITION":[[],[{"utility":56,"ID":2},{"utility":91,"ID":4}],[{"utility":97,"ID":3},{"utility":91,"ID":5}],[],[{"utility":0,"ID":1}],[]],"STARTING COALITION: ":[[null],[{"utility":0,"ID":2}],[{"utility":74.5,"ID":1},{"utility":79.5,"ID":3},{"utility":87.5,"ID":5}],[{"utility":0,"ID":4}],[],[]],"CORE :":true,"LAST PARTITION":{"1":4,"2":1,"3":2,"4":1,"5":2}},{"STARTING PARTITION: ":{"1":2,"2":2,"3":3,"4":1,"5":1},"Agents":[null,{"utility":0,"ID":1},{"utility":56,"ID":2},{"utility":97,"ID":3},{"utility":91,"ID":4},{"utility":91,"ID":5}],"LAST COALITION":[[],[],[{"utility":97,"ID":3},{"utility":91,"ID":5}],[],[{"utility":56,"ID":2},{"utility":91,"ID":4}],[{"utility":0,"ID":1}]],"STARTING COALITION: ":[[null],[{"utility":19,"ID":4},{"utility":98,"ID":5}],[{"utility":96,"ID":1},{"utility":24,"ID":2}],[{"utility":0,"ID":3}],[],[]],"CORE :":true,"LAST PARTITION":{"1":5,"2":4,"3":2,"4":4,"5":2}},{"STARTING PARTITION: ":{"1":3,"2":3,"3":3,"4":2,"5":3},"Agents":[null,{"utility":0,"ID":1},{"utility":56,"ID":2},{"utility":97,"ID":3},{"utility":91,"ID":4},{"utility":91,"ID":5}],"LAST COALITION":[[],[{"utility":0,"ID":1}],[{"utility":97,"ID":3},{"utility":91,"ID":5}],[],[{"utility":56,"ID":2},{"utility":91,"ID":4}],[]],"STARTING COALITION: ":[[null],[],[{"utility":0,"ID":4}],[{"utility":81.66666666666667,"ID":1},{"utility":31,"ID":2},{"utility":61.333333333333336,"ID":3},{"utility":71,"ID":5}],[],[]],"CORE :":true,"LAST PARTITION":{"1":1,"2":4,"3":2,"4":4,"5":2}},{"STARTING PARTITION: ":{"1":3,"2":2,"3":3,"4":2,"5":2},"Agents":[null,{"utility":0,"ID":1},{"utility":56,"ID":2},{"utility":97,"ID":3},{"utility":91,"ID":4},{"utility":91,"ID":5}],"LAST COALITION":[[],[{"utility":56,"ID":2},{"utility":91,"ID":4}],[],[{"utility":0,"ID":1}],[{"utility":97,"ID":3},{"utility":91,"ID":5}],[]],"STARTING COALITION: ":[[null],[],[{"utility":52.5,"ID":2},{"utility":55,"ID":4},{"utility":68,"ID":5}],[{"utility":88,"ID":1},{"utility":62,"ID":3}],[],[]],"CORE :":true,"LAST PARTITION":{"1":3,"2":1,"3":4,"4":1,"5":4}},{"STARTING PARTITION: ":{"1":1,"2":3,"3":1,"4":2,"5":3},"Agents":[null,{"utility":0,"ID":1},{"utility":56,"ID":2},{"utility":97,"ID":3},{"utility":91,"ID":4},{"utility":91,"ID":5}],"LAST COALITION":[[],[{"utility":0,"ID":1}],[{"utility":97,"ID":3},{"utility":91,"ID":5}],[],[{"utility":56,"ID":2},{"utility":91,"ID":4}],[]],"STARTING COALITION: ":[[null],[{"utility":88,"ID":1},{"utility":62,"ID":3}],[{"utility":0,"ID":4}],[{"utility":49,"ID":2},{"utility":38,"ID":5}],[],[]],"CORE :":true,"LAST PARTITION":{"1":1,"2":4,"3":2,"4":4,"5":2}},{"STARTING PARTITION: ":{"1":2,"2":3,"3":1,"4":3,"5":2},"Agents":[null,{"utility":0,"ID":1},{"utility":56,"ID":2},{"utility":97,"ID":3},{"utility":91,"ID":4},{"utility":91,"ID":5}],"LAST COALITION":[[],[{"utility":97,"ID":3},{"utility":91,"ID":5}],[],[{"utility":56,"ID":2},{"utility":91,"ID":4}],[{"utility":0,"ID":1}],[]],"STARTING COALITION: ":[[null],[{"utility":0,"ID":3}],[{"utility":61,"ID":1},{"utility":84,"ID":5}],[{"utility":56,"ID":2},{"utility":91,"ID":4}],[],[]],"CORE :":true,"LAST PARTITION":{"1":4,"2":3,"3":1,"4":3,"5":1}},{"STARTING PARTITION: ":{"1":2,"2":3,"3":1,"4":2,"5":2},"Agents":[null,{"utility":0,"ID":1},{"utility":56,"ID":2},{"utility":97,"ID":3},{"utility":91,"ID":4},{"utility":91,"ID":5}],"LAST COALITION":[[],[{"utility":97,"ID":3},{"utility":91,"ID":5}],[],[{"utility":56,"ID":2},{"utility":91,"ID":4}],[],[{"utility":0,"ID":1}]],"STARTING COALITION: ":[[null],[{"utility":0,"ID":3}],[{"utility":63,"ID":1},{"utility":44.5,"ID":4},{"utility":91,"ID":5}],[{"utility":0,"ID":2}],[],[]],"CORE :":true,"LAST PARTITION":{"1":5,"2":3,"3":1,"4":3,"5":1}},{"STARTING PARTITION: ":{"1":3,"2":3,"3":1,"4":2,"5":1},"Agents":[null,{"utility":0,"ID":1},{"utility":56,"ID":2},{"utility":97,"ID":3},{"utility":91,"ID":4},{"utility":91,"ID":5}],"LAST COALITION":[[],[{"utility":97,"ID":3},{"utility":91,"ID":5}],[],[{"utility":0,"ID":1}],[{"utility":56,"ID":2},{"utility":91,"ID":4}],[]],"STARTING COALITION: ":[[null],[{"utility":97,"ID":3},{"utility":91,"ID":5}],[{"utility":0,"ID":4}],[{"utility":96,"ID":1},{"utility":24,"ID":2}],[],[]],"CORE :":true,"LAST PARTITION":{"1":3,"2":4,"3":1,"4":4,"5":1}},{"STARTING PARTITION: ":{"1":3,"2":2,"3":3,"4":2,"5":1},"Agents":[null,{"utility":0,"ID":1},{"utility":56,"ID":2},{"utility":97,"ID":3},{"utility":91,"ID":4},{"utility":91,"ID":5}],"LAST COALITION":[[],[],[{"utility":56,"ID":2},{"utility":91,"ID":4}],[{"utility":0,"ID":1}],[{"utility":97,"ID":3},{"utility":91,"ID":5}],[]],"STARTING COALITION: ":[[null],[{"utility":0,"ID":5}],[{"utility":56,"ID":2},{"utility":91,"ID":4}],[{"utility":88,"ID":1},{"utility":62,"ID":3}],[],[]],"CORE :":true,"LAST PARTITION":{"1":3,"2":2,"3":4,"4":2,"5":4}},{"STARTING PARTITION: ":{"1":1,"2":2,"3":3,"4":3,"5":3},"Agents":[null,{"utility":0,"ID":1},{"utility":56,"ID":2},{"utility":97,"ID":3},{"utility":91,"ID":4},{"utility":91,"ID":5}],"LAST COALITION":[[],[{"utility":56,"ID":2},{"utility":91,"ID":4}],[],[{"utility":97,"ID":3},{"utility":91,"ID":5}],[{"utility":0,"ID":1}],[]],"STARTING COALITION: ":[[null],[{"utility":0,"ID":1}],[{"utility":0,"ID":2}],[{"utility":94.5,"ID":3},{"utility":34,"ID":4},{"utility":94.5,"ID":5}],[],[]],"CORE :":true,"LAST PARTITION":{"1":4,"2":1,"3":3,"4":1,"5":3}},{"STARTING PARTITION: ":{"1":1,"2":1,"3":3,"4":1,"5":2},"Agents":[null,{"utility":0,"ID":1},{"utility":56,"ID":2},{"utility":97,"ID":3},{"utility":91,"ID":4},{"utility":91,"ID":5}],"LAST COALITION":[[],[{"utility":56,"ID":2},{"utility":91,"ID":4}],[],[{"utility":97,"ID":3},{"utility":91,"ID":5}],[{"utility":0,"ID":1}],[]],"STARTING COALITION: ":[[null],[{"utility":80.5,"ID":1},{"utility":40,"ID":2},{"utility":80.5,"ID":4}],[{"utility":0,"ID":5}],[{"utility":0,"ID":3}],[],[]],"CORE :":true,"LAST PARTITION":{"1":4,"2":1,"3":3,"4":1,"5":3}},{"STARTING PARTITION: ":{"1":2,"2":3,"3":2,"4":1,"5":3},"Agents":[null,{"utility":0,"ID":1},{"utility":56,"ID":2},{"utility":97,"ID":3},{"utility":91,"ID":4},{"utility":91,"ID":5}],"LAST COALITION":[[],[{"utility":97,"ID":3},{"utility":91,"ID":5}],[{"utility":0,"ID":1}],[],[{"utility":56,"ID":2},{"utility":91,"ID":4}],[]],"STARTING COALITION: ":[[null],[{"utility":0,"ID":4}],[{"utility":88,"ID":1},{"utility":62,"ID":3}],[{"utility":49,"ID":2},{"utility":38,"ID":5}],[],[]],"CORE :":true,"LAST PARTITION":{"1":2,"2":4,"3":1,"4":4,"5":1}},{"END OF FILE:" : true}]